timestamp,frame_number,px0,px1,px2,px3,px4,px5,px6,px7,px8,px9,px10,px11,px12,px13,px14,px15,px16,px17,px18,px19,px20,px21,px22,px23,px24,px25,px26,px27,px28,px29,px30,px31,px32,px33,px34,px35,px36,px37,px38,px39,px40,px41,px42,px43,px44,px45,px46,px47,px48,px49,px50,px51,px52,px53,px54,px55,px56,px57,px58,px59,px60,px61,px62,px63,px64,px65,px66,px67,px68,px69,px70,px71,px72,px73,px74,px75,px76,px77,px78,px79,px80,px81,px82,px83,px84,px85,px86,px87,px88,px89,px90,px91,px92,px93,px94,px95,px96,px97,px98,px99,px100,px101,px102,px103,px104,px105,px106,px107,px108,px109,px110,px111,px112,px113,px114,px115,px116,px117,px118,px119,px120,px121,px122,px123,px124,px125,px126,px127,px128,px129,px130,px131,px132,px133,px134,px135,px136,px137,px138,px139,px140,px141,px142,px143,px144,px145,px146,px147,px148,px149,px150,px151,px152,px153,px154,px155,px156,px157,px158,px159,px160,px161,px162,px163,px164,px165,px166,px167,px168,px169,px170,px171,px172,px173,px174,px175,px176,px177,px178,px179,px180,px181,px182,px183,px184,px185,px186,px187,px188,px189,px190,px191,px192,px193,px194,px195,px196,px197,px198,px199,px200,px201,px202,px203,px204,px205,px206,px207,px208,px209,px210,px211,px212,px213,px214,px215,px216,px217,px218,px219,px220,px221,px222,px223,px224,px225,px226,px227,px228,px229,px230,px231,px232,px233,px234,px235,px236,px237,px238,px239,px240,px241,px242,px243,px244,px245,px246,px247,px248,px249,px250,px251,px252,px253,px254,px255,px256,px257,px258,px259,px260,px261,px262,px263,px264,px265,px266,px267,px268,px269,px270,px271,px272,px273,px274,px275,px276,px277,px278,px279,px280,px281,px282,px283,px284,px285,px286,px287,px288,px289,px290,px291,px292,px293,px294,px295,px296,px297,px298,px299,px300,px301,px302,px303,px304,px305,px306,px307,px308,px309,px310,px311,px312,px313,px314,px315,px316,px317,px318,px319,px320,px321,px322,px323,px324,px325,px326,px327,px328,px329,px330,px331,px332,px333,px334,px335,px336,px337,px338,px339,px340,px341,px342,px343,px344,px345,px346,px347,px348,px349,px350,px351,px352,px353,px354,px355,px356,px357,px358,px359,px360,px361,px362,px363,px364,px365,px366,px367,px368,px369,px370,px371,px372,px373,px374,px375,px376,px377,px378,px379,px380,px381,px382,px383,px384,px385,px386,px387,px388,px389,px390,px391,px392,px393,px394,px395,px396,px397,px398,px399,px400,px401,px402,px403,px404,px405,px406,px407,px408,px409,px410,px411,px412,px413,px414,px415,px416,px417,px418,px419,px420,px421,px422,px423,px424,px425,px426,px427,px428,px429,px430,px431,px432,px433,px434,px435,px436,px437,px438,px439,px440,px441,px442,px443,px444,px445,px446,px447,px448,px449,px450,px451,px452,px453,px454,px455,px456,px457,px458,px459,px460,px461,px462,px463,px464,px465,px466,px467,px468,px469,px470,px471,px472,px473,px474,px475,px476,px477,px478,px479,px480,px481,px482,px483,px484,px485,px486,px487,px488,px489,px490,px491,px492,px493,px494,px495,px496,px497,px498,px499,px500,px501,px502,px503,px504,px505,px506,px507,px508,px509,px510,px511,px512,px513,px514,px515,px516,px517,px518,px519,px520,px521,px522,px523,px524,px525,px526,px527,px528,px529,px530,px531,px532,px533,px534,px535,px536,px537,px538,px539,px540,px541,px542,px543,px544,px545,px546,px547,px548,px549,px550,px551,px552,px553,px554,px555,px556,px557,px558,px559,px560,px561,px562,px563,px564,px565,px566,px567,px568,px569,px570,px571,px572,px573,px574,px575,px576,px577,px578,px579,px580,px581,px582,px583,px584,px585,px586,px587,px588,px589,px590,px591,px592,px593,px594,px595,px596,px597,px598,px599,px600,px601,px602,px603,px604,px605,px606,px607,px608,px609,px610,px611,px612,px613,px614,px615,px616,px617,px618,px619,px620,px621,px622,px623,px624,px625,px626,px627,px628,px629,px630,px631,px632,px633,px634,px635,px636,px637,px638,px639,px640,px641,px642,px643,px644,px645,px646,px647,px648,px649,px650,px651,px652,px653,px654,px655,px656,px657,px658,px659,px660,px661,px662,px663,px664,px665,px666,px667,px668,px669,px670,px671,px672,px673,px674,px675,px676,px677,px678,px679,px680,px681,px682,px683,px684,px685,px686,px687,px688,px689,px690,px691,px692,px693,px694,px695,px696,px697,px698,px699,px700,px701,px702,px703,px704,px705,px706,px707,px708,px709,px710,px711,px712,px713,px714,px715,px716,px717,px718,px719,px720,px721,px722,px723,px724,px725,px726,px727,px728,px729,px730,px731,px732,px733,px734,px735,px736,px737,px738,px739,px740,px741,px742,px743,px744,px745,px746,px747,px748,px749,px750,px751,px752,px753,px754,px755,px756,px757,px758,px759,px760,px761,px762,px763,px764,px765,px766,px767
1785305994.9021862,1748,33.2,33.9,31.3,33.6,32.6,32.9,33.0,32.4,33.5,32.2,33.2,32.3,31.6,32.6,31.8,31.2,33.0,32.8,33.3,31.5,32.6,33.6,33.0,33.8,32.4,33.4,32.4,32.4,33.2,33.0,33.5,33.1,32.5,31.9,33.5,33.2,33.4,32.7,32.4,32.9,33.2,32.1,32.7,32.3,32.1,32.7,32.2,33.1,33.1,32.4,32.4,33.5,32.1,32.7,32.2,33.0,33.7,32.5,32.9,33.0,32.8,32.4,32.5,34.3,33.2,33.1,32.3,32.6,32.6,33.5,33.3,32.8,32.8,34.0,33.0,31.5,32.9,32.5,32.7,32.7,32.9,32.2,32.2,32.4,32.7,32.8,32.8,33.1,32.7,33.9,33.8,32.2,32.2,33.8,32.6,32.4,33.6,32.2,32.4,32.9,32.9,31.5,32.5,33.1,32.8,33.0,32.9,33.6,33.7,32.1,32.4,33.2,32.5,32.7,32.6,33.6,33.2,33.7,33.1,32.9,32.7,33.1,31.6,32.7,33.6,32.6,33.2,33.2,33.1,32.1,33.1,32.6,33.7,33.2,33.4,32.7,33.2,32.9,32.7,33.5,32.1,32.9,32.8,32.0,32.5,32.4,33.3,32.0,33.5,33.2,33.1,32.6,32.9,33.5,33.3,33.2,32.2,33.0,33.0,32.3,34.1,34.1,33.0,33.1,32.9,31.7,32.9,33.6,33.2,32.1,31.9,33.7,32.6,33.1,33.7,33.5,32.8,32.3,33.1,32.6,32.1,33.4,33.1,33.0,33.7,32.4,31.8,33.1,33.5,32.9,33.3,33.8,33.4,33.1,32.4,32.5,31.7,33.3,33.0,32.8,32.9,32.6,32.6,32.5,32.4,32.4,32.9,34.1,32.5,33.0,32.9,32.7,32.8,33.1,33.9,32.2,32.4,33.2,33.6,32.0,33.0,33.8,34.0,32.9,33.1,32.8,33.4,33.1,33.4,33.2,32.9,34.2,33.0,32.5,33.0,33.4,33.0,33.5,34.8,33.5,33.5,32.9,32.0,32.7,33.3,32.7,32.9,33.4,32.7,32.3,32.7,32.8,32.3,31.3,32.8,32.3,32.2,33.9,32.3,33.2,32.9,33.1,32.6,32.8,32.0,32.6,33.0,32.5,32.8,33.9,33.6,34.2,32.8,32.7,33.3,33.0,32.8,32.7,32.6,33.4,33.4,32.9,32.3,32.8,32.5,33.3,32.8,32.3,33.2,33.2,32.3,32.9,33.6,32.5,32.6,33.7,33.6,32.3,32.9,33.3,32.9,32.7,34.4,34.5,32.7,32.9,32.5,33.7,33.0,32.1,32.8,33.0,32.3,32.3,32.6,33.8,32.7,32.2,32.5,34.3,31.8,33.5,33.2,32.4,33.1,33.0,31.8,32.3,32.9,33.2,33.2,32.5,33.8,34.4,34.2,32.9,32.4,33.5,33.9,32.7,33.0,32.6,34.4,32.4,33.5,32.2,33.1,32.5,33.1,33.3,33.5,32.2,33.4,32.8,32.7,33.3,32.7,33.5,32.1,32.9,33.5,32.8,33.0,33.0,34.5,32.6,33.7,34.0,34.5,33.7,32.2,33.7,33.1,32.4,32.4,34.0,32.4,32.1,32.0,33.5,33.0,32.6,31.8,33.1,33.1,34.0,33.1,32.3,32.7,33.2,33.3,32.1,33.6,32.8,33.9,32.7,33.6,33.5,34.6,34.9,34.3,34.4,33.3,32.9,33.0,33.4,33.1,32.4,33.6,32.8,34.2,33.4,32.7,33.3,32.3,32.1,32.4,33.0,33.6,32.8,33.5,32.9,32.9,33.6,33.8,32.8,33.0,33.0,34.5,33.6,33.7,34.6,34.0,32.7,33.1,33.1,33.1,33.4,32.5,33.2,32.9,32.5,33.2,33.6,32.2,32.6,32.0,33.7,32.3,33.4,33.3,33.3,31.9,32.9,34.0,33.3,32.4,33.7,33.4,32.6,34.1,33.6,34.3,33.7,34.3,33.7,32.9,33.2,33.3,33.2,32.8,33.1,33.2,33.3,33.8,32.6,32.6,33.2,33.5,33.5,33.5,32.5,33.0,32.5,32.7,33.0,32.7,33.4,32.7,32.1,32.9,34.3,33.4,33.4,33.4,33.5,34.1,34.2,33.6,33.9,32.4,32.8,32.7,33.2,32.8,32.3,32.7,34.0,33.0,33.0,33.8,32.6,32.3,33.5,32.1,33.7,32.5,32.8,32.8,32.6,33.0,33.7,32.4,32.9,33.6,34.0,35.2,33.3,34.6,34.0,33.8,33.2,33.1,33.2,32.8,33.1,33.3,33.4,33.7,32.7,33.5,32.9,33.3,32.4,33.4,32.4,33.0,32.6,34.1,32.3,32.9,33.9,33.3,33.2,33.3,32.2,32.8,nan,33.4,33.6,34.2,34.1,32.7,33.1,33.2,32.9,32.5,34.1,32.5,33.8,33.6,33.3,34.3,32.0,33.8,34.2,33.2,33.3,33.5,32.9,33.1,33.6,34.2,33.7,32.9,33.0,33.1,32.4,32.7,33.5,32.8,33.3,33.0,34.1,33.1,32.3,32.8,33.3,33.2,32.9,33.2,33.6,33.3,33.9,32.8,33.3,33.5,33.6,33.0,32.7,32.8,33.9,33.2,32.4,32.8,33.1,32.8,32.8,33.2,32.8,32.8,32.8,33.4,33.9,33.8,33.9,33.4,34.5,32.7,32.9,33.3,34.2,32.4,32.9,33.4,34.2,32.4,33.5,33.6,33.3,33.3,34.0,33.1,33.8,32.7,33.0,33.9,32.4,32.9,32.8,32.5,33.6,33.4,33.3,34.1,33.6,33.0,33.9,32.7,33.3,33.2,33.8,34.6,33.6,33.0,34.1,33.2,33.9,33.6,33.2,33.7,33.8,32.9,34.0,33.0,34.1,33.2,33.2,32.9,32.9,33.3,33.3,32.7,33.3,32.9,33.7,33.7,34.3,35.1,33.1,33.3,33.9,33.2,32.7,34.0,33.9,32.9,34.0,32.4,34.4,32.7,33.7,33.1,33.9,33.4,33.2,32.9,34.5,33.5,33.7,33.8,32.7,32.2,33.5,33.0,31.8,32.5,33.6,32.8,33.4,33.2,33.6,34.1,32.7,32.7,33.4,34.3,33.5,33.7,33.7,33.8,32.9,33.5,33.5,34.3,33.9,34.0,32.2,32.8,34.1,33.4,32.8,33.3,34.8,33.2,32.6,32.3,33.4,33.1,32.4,32.9,33.2,33.2,32.9,33.4,32.8,33.7,31.8,33.3,33.9,33.9,33.5,32.0,33.9,32.9,32.3,33.1,34.1
1785305997.4162734,1749,33.8,32.4,32.3,33.2,33.5,33.7,32.5,32.7,32.9,33.3,32.8,31.9,32.9,32.3,32.3,32.4,32.8,33.2,32.9,32.7,32.8,33.4,33.0,32.1,32.6,33.1,32.2,32.8,32.9,33.8,33.5,32.7,32.4,34.6,33.4,32.8,34.0,33.4,31.9,32.5,32.7,32.3,32.6,32.9,32.4,32.9,32.5,33.2,33.1,33.3,33.1,32.6,32.7,31.7,31.9,34.1,32.2,32.1,32.6,33.2,34.3,32.7,33.6,34.8,34.4,33.0,33.2,33.4,32.2,32.5,32.7,32.9,33.0,33.6,31.7,32.0,32.8,32.6,32.3,32.1,32.0,32.8,31.8,33.2,32.4,32.7,32.2,33.0,33.1,34.2,33.2,32.9,33.5,32.7,32.9,33.5,32.7,32.7,31.9,32.9,33.0,32.7,32.9,33.6,33.0,33.0,33.1,32.0,32.1,32.3,32.8,32.8,32.9,33.0,33.1,33.0,33.6,32.7,32.6,33.1,33.8,32.7,33.3,33.1,33.3,33.0,33.8,33.2,34.0,32.4,32.5,33.7,32.9,32.9,32.6,32.8,32.5,32.9,32.8,32.0,33.0,33.3,32.3,33.1,33.4,33.1,33.0,32.3,33.3,32.6,32.9,32.9,33.6,32.8,32.3,32.9,32.2,32.1,32.8,32.8,32.8,32.2,32.9,34.0,32.7,32.7,33.0,31.9,33.2,33.8,33.7,32.8,33.3,32.6,32.6,33.0,32.8,32.6,32.3,32.8,32.5,32.9,33.0,33.7,32.5,32.2,32.5,32.7,33.0,33.1,33.0,33.3,34.0,33.9,33.3,33.6,32.7,33.0,33.2,32.9,32.9,33.2,33.6,33.1,32.7,33.6,34.1,33.0,32.5,32.1,32.6,32.7,33.4,32.8,32.3,32.2,33.0,32.0,33.0,32.4,32.4,32.1,32.9,32.5,32.5,33.3,32.8,33.7,32.5,32.8,33.2,32.8,33.4,33.2,33.3,33.3,33.4,33.8,34.7,33.8,33.1,33.0,32.9,33.5,34.2,32.0,32.6,33.6,33.3,32.8,33.3,33.7,33.7,32.7,32.7,32.3,33.0,33.2,33.1,33.9,33.7,33.0,32.9,33.5,33.7,32.4,32.7,33.4,33.1,33.7,34.2,33.5,33.0,33.2,32.8,32.2,33.4,33.4,32.9,32.3,32.3,33.1,33.2,33.2,32.7,33.5,32.0,31.9,33.3,32.7,34.0,32.7,32.2,33.4,32.2,33.9,33.2,31.9,32.6,34.0,33.7,33.5,33.8,33.5,33.7,32.6,32.6,32.7,33.1,32.9,33.3,33.5,32.7,33.5,32.4,34.0,33.2,32.6,32.0,33.6,33.9,32.8,32.6,32.7,32.8,32.8,32.7,32.7,33.1,33.3,32.7,32.9,34.2,33.9,34.7,33.6,33.6,34.2,33.1,32.3,32.4,33.4,33.2,33.3,33.2,33.7,32.9,32.8,33.1,32.7,33.5,32.3,32.7,33.6,33.0,33.5,32.4,33.1,32.7,33.2,32.6,32.6,33.2,32.9,33.4,33.5,34.0,35.0,34.7,33.7,31.9,33.4,33.0,33.4,33.3,33.7,32.8,33.7,33.8,33.5,33.1,32.6,33.1,32.9,33.4,33.6,32.5,33.5,33.3,32.7,33.5,32.8,33.1,32.0,33.5,33.0,34.4,34.0,33.6,33.9,34.3,33.7,33.3,33.3,34.1,33.9,33.6,33.5,33.1,33.2,33.6,32.7,33.1,33.6,32.7,33.2,34.0,33.0,33.8,32.8,32.9,33.1,33.3,32.4,33.2,32.7,32.9,33.7,34.3,33.9,34.2,34.1,34.1,33.6,32.6,33.2,33.4,33.7,33.2,33.2,33.0,32.8,33.6,33.3,32.3,32.8,32.5,33.3,34.6,34.1,33.8,32.6,32.8,33.3,33.3,33.2,32.9,32.5,33.4,33.5,34.4,34.2,33.8,33.4,33.8,34.0,33.3,32.9,33.3,33.4,33.3,32.5,32.9,32.6,33.5,32.5,33.5,32.3,33.1,32.6,33.2,33.3,34.1,33.1,33.2,32.6,32.6,32.7,32.7,33.3,32.6,32.9,34.0,33.9,33.8,33.9,33.9,34.1,33.5,33.8,32.9,33.8,33.4,34.1,32.7,33.0,33.8,33.6,33.8,33.0,33.5,33.4,33.6,33.2,32.9,32.6,32.5,32.6,34.0,32.5,32.5,32.9,32.8,33.7,33.8,33.7,33.4,33.9,34.1,34.0,33.0,33.4,33.1,33.9,33.3,33.7,34.3,34.2,33.8,32.8,33.3,33.4,34.5,32.9,33.5,33.4,33.3,32.4,32.6,32.8,33.7,33.2,34.2,33.2,32.2,33.7,34.8,nan,33.6,33.4,34.6,34.4,32.6,32.9,33.1,33.4,33.1,33.7,33.6,33.5,33.1,33.1,33.7,33.3,32.9,34.0,33.2,34.3,33.7,33.4,33.4,32.9,34.2,33.9,32.7,33.6,32.4,33.0,32.7,33.4,32.8,33.2,34.0,33.5,33.6,33.0,33.5,34.4,32.9,33.6,32.5,33.4,33.8,34.4,32.8,33.4,33.1,34.2,33.1,32.0,32.9,33.1,32.4,33.2,33.4,33.6,33.6,32.3,32.9,33.0,33.2,33.4,33.1,33.0,33.5,33.8,33.0,33.1,33.1,32.7,33.2,33.3,34.3,33.6,33.3,34.5,33.4,33.7,33.5,32.9,33.3,33.0,32.8,33.5,33.4,32.9,32.6,33.2,32.5,33.9,32.7,33.6,33.3,33.7,33.7,33.2,33.5,33.7,33.4,33.2,32.5,33.4,34.4,33.3,34.1,33.8,34.2,33.8,33.4,33.7,33.9,33.2,33.5,32.2,33.4,33.4,33.5,33.0,33.4,32.8,34.6,33.0,32.9,34.3,33.5,33.2,33.8,33.9,34.3,33.4,33.4,32.9,32.9,33.4,33.7,33.3,33.2,33.1,33.8,34.0,33.8,33.9,33.6,33.6,33.4,33.1,34.0,33.7,33.5,33.0,32.7,33.3,33.3,34.1,33.2,32.9,34.3,33.1,33.5,33.3,32.7,33.1,33.9,32.9,33.2,33.5,33.5,33.9,33.9,34.0,33.6,32.6,33.3,32.8,34.1,34.3,32.7,34.2,33.1,33.7,33.3,31.8,32.6,33.7,33.1,33.0,32.4,33.2,33.8,33.1,33.7,33.4,33.5,34.1,33.3,33.6,33.6,32.7,32.5,33.0,33.6,33.1,33.6,34.5,33.8,32.5,33.2,34.1
1785305999.60503,1750,33.0,32.5,33.3,32.8,32.8,33.1,33.2,32.4,32.7,32.2,32.0,32.5,32.2,33.5,33.8,32.2,32.8,32.6,33.5,32.4,32.8,32.2,33.6,32.8,32.6,32.6,33.9,33.1,33.4,33.9,33.5,33.4,32.8,33.8,32.0,33.5,31.6,33.2,32.2,33.5,33.0,32.7,32.3,33.3,31.6,32.5,32.1,32.5,32.7,31.8,32.2,33.5,32.8,33.0,31.8,33.4,32.9,32.3,32.9,33.0,32.6,31.5,32.0,34.0,33.4,34.1,33.7,32.6,32.2,32.6,32.5,32.6,33.4,33.3,32.2,31.9,32.3,33.8,32.7,32.4,33.1,33.1,32.2,32.8,32.7,33.0,33.2,31.8,33.3,32.4,32.3,34.1,32.9,32.8,34.1,32.7,32.3,33.7,32.0,33.6,32.9,32.5,31.4,34.2,33.2,31.5,33.0,33.1,31.9,31.8,31.9,32.3,32.0,32.5,31.6,32.5,32.5,33.5,32.5,33.7,32.7,32.1,33.2,33.1,32.8,32.6,33.0,32.0,32.8,32.3,33.6,32.8,32.5,32.4,33.4,33.5,32.3,33.2,32.5,33.1,32.6,32.5,33.1,32.0,33.0,32.4,33.1,32.9,32.5,34.6,32.3,32.6,32.9,33.6,33.6,32.8,33.4,32.8,34.1,33.0,32.5,32.0,33.2,34.2,31.5,33.7,32.3,33.2,33.5,33.0,31.6,33.2,32.9,31.9,32.5,33.0,32.6,31.9,31.2,32.8,32.9,32.6,33.0,33.2,33.5,32.2,32.9,33.7,33.5,32.9,32.0,33.3,33.8,32.0,33.3,33.5,32.5,33.5,32.6,32.3,32.7,32.9,33.0,32.5,32.7,32.2,34.4,33.3,33.1,32.8,33.2,32.8,32.4,33.9,32.5,33.2,31.9,32.8,33.6,32.5,33.7,31.8,33.6,33.1,32.8,34.1,32.1,33.1,33.0,33.4,32.4,33.3,32.3,33.2,32.2,33.4,32.4,33.1,34.0,34.3,32.6,32.5,32.5,33.0,33.2,33.0,32.4,33.1,33.2,32.8,33.1,33.4,33.0,32.7,32.8,33.2,32.6,33.9,32.1,31.8,32.9,33.1,32.9,32.8,32.5,32.1,33.2,32.5,32.5,32.8,34.2,33.8,32.5,33.3,33.1,33.3,33.8,32.8,33.4,32.4,33.0,32.4,33.8,32.4,32.8,33.1,33.2,33.3,33.2,34.0,32.3,33.5,32.3,32.3,32.3,33.3,31.5,32.8,32.7,33.6,33.3,33.0,33.5,33.7,32.7,33.2,32.5,32.7,33.2,32.9,32.8,33.3,33.3,32.3,32.5,32.5,32.2,33.3,33.3,33.4,32.0,32.9,33.8,32.0,33.3,32.5,32.7,33.2,33.1,32.9,33.5,33.1,33.4,33.5,34.4,34.1,33.3,33.3,33.1,32.7,33.2,33.1,33.9,32.6,32.8,33.3,33.3,32.7,33.1,32.4,33.9,33.0,33.0,32.6,33.3,34.7,32.5,32.9,32.0,33.4,32.5,32.8,32.6,33.7,33.4,33.7,34.5,34.3,33.4,32.8,32.2,32.8,32.9,33.2,32.6,33.5,33.4,33.0,33.4,32.8,32.8,32.6,33.2,33.3,32.5,32.7,33.7,33.4,32.9,32.1,33.0,33.1,32.9,32.8,33.0,32.9,33.5,33.8,34.6,33.8,34.4,33.0,34.1,33.0,32.8,32.9,33.3,33.1,33.4,32.8,33.5,32.5,32.6,33.5,32.1,32.7,33.0,32.0,32.4,33.6,32.4,33.5,33.6,33.9,32.8,32.7,33.0,34.0,33.3,33.6,33.6,34.6,34.2,33.3,32.7,33.2,33.1,33.2,32.5,33.7,33.6,32.3,33.0,33.3,33.3,33.6,33.0,33.3,32.7,33.1,34.0,32.9,32.8,32.2,33.6,33.5,33.2,33.1,34.3,33.6,34.0,34.1,34.3,33.3,33.4,34.0,33.9,33.5,33.6,31.9,33.6,33.5,32.9,33.1,33.1,32.3,32.8,33.0,33.7,32.9,32.3,33.3,32.2,33.4,32.7,32.8,32.4,33.4,33.2,33.0,34.0,33.7,33.9,34.1,34.2,33.9,32.8,33.8,33.1,33.1,34.0,33.3,32.3,33.6,32.8,33.3,33.0,34.0,33.0,32.7,33.2,33.0,32.7,33.8,33.5,32.3,32.9,32.8,34.4,32.8,33.2,33.4,32.6,32.3,33.1,34.0,33.9,33.5,33.8,33.7,33.1,32.8,33.6,33.8,33.3,33.4,32.7,33.6,33.7,33.8,33.3,33.5,33.3,32.2,32.7,32.6,33.0,33.2,33.6,33.5,32.3,33.2,32.8,32.7,32.3,33.9,33.8,nan,33.4,33.7,33.6,33.9,33.4,33.3,32.4,33.1,33.2,33.0,33.2,33.1,33.2,34.4,33.4,32.8,33.0,34.6,32.6,33.1,33.9,32.3,33.4,32.7,33.3,33.1,32.5,33.4,33.7,33.4,32.8,33.5,34.0,32.6,33.0,33.8,33.6,33.0,32.6,33.3,33.4,33.2,33.0,33.6,33.8,33.7,33.2,33.5,33.8,33.0,32.7,32.9,33.4,32.9,32.7,32.8,32.3,33.3,33.3,33.2,32.5,32.3,32.6,31.8,33.4,34.5,32.8,33.4,32.7,33.8,33.1,32.7,32.7,33.7,33.1,33.4,33.4,33.8,33.3,33.3,33.0,34.5,33.5,34.2,33.1,33.2,32.6,32.6,32.6,32.4,33.4,33.7,33.2,32.7,33.1,33.1,33.9,33.4,34.3,32.9,33.7,33.4,32.9,32.8,34.1,33.4,33.7,34.1,34.6,33.3,34.2,33.2,34.5,32.9,32.5,33.1,33.7,33.6,34.0,32.8,31.4,33.7,32.6,33.3,33.4,33.3,32.9,33.2,32.7,33.6,33.6,33.7,32.7,33.4,32.8,32.8,32.8,33.9,32.9,33.4,32.7,34.0,33.7,33.5,34.0,34.5,32.5,33.7,32.9,33.6,32.1,33.9,33.0,32.8,32.8,33.7,33.4,32.7,33.0,32.8,34.1,33.6,32.8,33.1,33.3,32.2,33.2,33.4,33.7,33.7,33.1,33.3,35.3,32.3,33.1,33.1,34.3,33.5,32.6,32.6,33.3,34.6,33.6,33.8,32.7,33.5,33.9,33.0,31.6,33.9,33.4,33.8,32.9,34.3,33.2,32.9,33.4,33.1,33.4,33.2,33.1,34.5,33.3,33.1,33.6,33.7,33.5,33.8,32.9,34.8
1785306001.7347453,1751,31.5,33.5,33.2,33.4,33.2,32.1,32.2,32.7,32.8,32.8,31.7,32.5,32.4,31.7,33.2,33.2,32.3,32.3,33.0,34.0,32.3,32.1,32.3,33.1,31.6,33.1,32.3,33.8,33.5,31.9,33.9,33.7,32.4,32.3,33.8,31.9,33.7,32.6,32.3,32.4,32.9,31.6,32.4,32.8,32.0,32.4,32.7,32.9,32.4,32.4,34.0,32.2,32.9,31.2,33.6,32.6,32.8,32.4,32.6,32.4,33.6,32.1,31.6,32.1,32.8,33.0,32.9,34.6,32.5,33.5,33.0,33.5,33.1,32.8,32.7,32.9,32.4,32.4,32.2,33.0,33.3,33.0,32.4,33.0,32.3,31.9,32.9,33.3,32.4,32.3,32.4,33.3,32.1,32.2,33.0,32.8,33.9,32.8,33.7,32.6,33.2,31.8,32.9,32.9,32.1,32.3,32.2,31.7,32.5,32.9,32.6,33.1,31.7,32.4,33.0,32.9,32.5,32.9,33.1,32.8,32.5,33.0,32.1,33.0,33.5,31.6,33.1,33.3,33.2,32.4,32.6,33.9,32.4,32.5,32.5,31.8,31.6,32.4,33.1,32.7,32.5,32.4,33.0,33.1,33.1,32.1,32.5,33.4,32.9,33.1,32.4,33.9,32.4,33.2,32.0,32.9,33.1,32.9,32.2,34.8,33.0,32.8,33.5,31.9,32.5,32.4,33.2,32.3,33.2,32.7,32.8,32.7,33.0,32.8,33.3,33.3,32.3,33.2,31.9,32.5,32.6,32.8,32.8,33.3,32.5,32.3,34.5,33.1,32.2,32.8,34.1,34.1,32.8,32.5,32.5,34.0,32.2,32.6,32.1,33.8,32.8,32.8,32.3,33.7,32.3,32.0,34.9,34.1,32.7,32.2,32.1,32.5,32.6,33.3,32.2,33.6,33.0,33.1,33.4,33.0,32.5,32.9,32.2,33.4,33.6,32.7,33.0,32.9,32.9,32.3,33.1,32.5,33.4,33.1,32.7,32.0,32.6,32.5,35.4,34.4,32.1,32.6,32.6,33.1,33.1,32.4,32.8,33.6,32.8,33.3,33.0,33.1,33.1,32.1,34.6,32.8,33.1,32.3,32.6,34.4,32.4,33.0,32.8,34.6,32.6,33.2,32.1,33.1,33.2,33.2,34.3,34.8,33.7,32.7,32.5,33.8,32.3,33.7,32.6,32.4,33.1,33.1,32.9,34.6,32.5,33.2,32.9,32.1,32.2,34.1,32.7,33.0,33.5,32.2,33.4,33.0,32.9,32.8,33.5,32.8,32.3,33.2,34.5,34.0,33.1,33.1,32.9,32.6,32.6,32.5,33.5,32.6,32.3,32.7,33.2,32.8,32.8,33.2,32.0,33.7,32.9,31.9,34.7,33.9,33.4,33.5,32.6,33.4,33.1,31.9,32.9,34.0,34.0,33.5,33.8,33.9,34.0,33.5,32.5,33.4,32.4,32.9,32.4,33.5,32.4,33.0,32.3,33.3,33.0,33.2,32.6,33.7,32.9,32.4,33.4,33.0,32.1,32.8,32.7,33.1,32.9,32.6,32.5,32.9,34.1,33.9,34.5,33.4,33.1,34.4,33.1,32.6,32.3,32.9,32.7,33.2,32.5,32.5,32.9,32.6,33.2,32.5,32.7,33.6,34.1,33.4,31.9,33.5,33.3,32.9,32.0,33.7,32.6,32.5,32.9,33.6,33.2,33.5,33.8,34.7,34.2,33.9,33.0,33.2,31.9,33.4,32.7,33.8,33.4,33.5,33.7,34.0,32.6,33.2,32.4,32.7,33.1,32.9,32.4,32.5,32.5,33.2,32.4,33.3,33.5,31.9,33.7,33.2,33.3,33.6,34.5,34.1,34.5,33.5,33.3,32.2,33.3,33.8,32.7,32.4,33.2,32.4,33.8,34.0,33.6,32.3,33.3,33.8,32.4,33.2,33.1,33.2,31.9,32.4,33.0,33.0,33.1,32.8,33.3,32.7,34.3,34.2,34.2,34.8,33.6,34.2,34.0,33.9,33.2,33.0,33.3,32.7,33.6,33.1,33.0,33.8,32.4,31.7,32.8,34.5,32.8,33.4,33.5,32.4,32.2,33.0,33.3,33.7,32.2,32.2,32.9,33.1,34.3,33.0,34.2,32.7,33.3,34.3,33.4,33.3,33.6,32.5,33.1,33.1,32.8,33.2,32.9,33.7,32.0,33.3,33.6,32.5,32.4,33.2,33.0,34.6,32.9,32.9,32.1,33.4,33.4,33.3,32.6,33.3,33.6,34.5,33.5,34.0,34.1,34.2,34.5,34.5,33.2,32.9,33.3,34.2,33.3,33.5,33.2,32.4,33.4,32.4,32.6,33.1,32.4,32.7,33.6,33.3,33.3,32.9,33.5,32.4,32.2,33.4,33.4,32.7,34.1,nan,33.9,32.8,33.5,34.1,33.6,33.5,32.8,33.3,33.9,33.6,32.9,32.8,33.3,33.5,32.7,33.6,32.6,34.4,34.2,33.6,33.0,34.2,33.0,33.6,33.2,33.5,32.9,32.2,32.1,33.3,32.7,33.5,32.9,33.7,33.4,33.0,33.3,34.2,32.8,33.5,33.1,33.1,33.1,32.7,33.4,33.8,33.1,33.0,33.8,34.1,32.8,31.9,33.1,32.2,33.1,31.8,32.7,33.5,32.5,32.5,32.7,33.0,32.8,32.3,33.3,33.8,33.5,33.2,33.5,33.2,33.3,33.1,32.7,34.1,34.2,33.7,33.3,32.9,31.5,34.2,33.1,34.0,33.3,34.0,32.3,34.1,33.1,32.7,31.7,34.3,33.5,33.2,32.6,33.4,33.5,33.5,33.1,33.7,33.5,33.5,33.1,33.8,33.6,33.5,34.0,33.3,32.9,33.4,34.1,34.0,33.7,32.7,33.5,34.7,33.7,32.5,33.1,32.9,32.1,33.2,34.3,33.2,33.0,32.9,34.0,32.6,33.3,34.1,33.6,33.3,33.4,33.3,33.7,34.3,32.5,33.2,35.0,32.5,32.6,33.5,33.4,33.5,32.0,33.1,33.6,34.4,32.3,33.8,33.9,33.5,33.0,33.2,32.1,33.9,33.0,33.4,32.5,33.6,32.9,33.3,33.8,32.9,32.7,33.1,33.6,33.6,32.4,32.8,33.4,33.5,32.8,33.2,33.8,33.7,32.4,33.8,32.6,33.8,32.4,32.0,34.9,34.0,32.5,32.6,33.2,32.8,33.5,33.0,33.6,33.5,33.5,31.9,34.5,33.8,32.8,33.1,33.4,32.3,32.3,32.4,33.2,33.0,32.3,33.7,34.2,32.7,32.4,33.0,34.6,35.1
1785306003.5407262,1752,32.3,32.4,33.2,33.0,32.7,31.9,33.1,32.9,32.0,32.7,32.5,32.7,32.3,32.8,32.8,32.3,32.8,33.2,32.8,31.9,32.5,31.9,32.3,32.5,33.1,32.3,33.1,31.2,34.0,33.3,32.3,33.2,31.6,31.3,32.4,32.6,33.3,32.8,32.5,32.4,32.9,32.2,32.4,32.8,32.2,32.6,32.7,32.9,33.1,31.9,32.1,32.8,33.3,32.4,32.8,32.6,33.2,33.2,32.8,32.7,32.3,33.0,33.6,33.1,31.8,32.8,32.4,33.4,32.9,32.3,32.6,32.9,32.0,33.2,32.5,31.8,32.2,32.6,31.9,32.8,32.8,33.0,31.7,32.5,32.6,32.3,32.3,33.1,33.0,32.3,32.4,32.3,33.2,32.9,33.0,32.5,31.7,33.1,31.8,33.0,32.4,32.4,32.9,32.7,32.7,32.9,32.4,32.1,32.3,33.4,32.1,32.7,32.4,33.1,33.2,32.6,32.6,32.9,33.1,33.0,34.0,33.5,32.1,33.6,33.1,32.9,33.6,32.2,32.0,32.4,32.4,33.7,32.6,32.3,32.5,32.6,32.9,32.6,32.2,32.7,33.0,32.9,32.5,32.7,32.4,32.5,34.0,32.3,33.2,33.1,32.6,33.2,33.3,32.6,33.0,33.1,33.1,33.3,31.3,33.3,33.7,31.9,33.8,32.1,32.3,33.4,31.9,32.1,32.5,32.1,32.7,32.7,32.5,32.8,32.8,32.5,32.4,32.3,32.5,33.0,32.7,32.3,32.7,32.7,33.0,33.4,32.6,33.2,32.2,32.8,32.6,33.0,32.1,33.4,32.1,33.4,32.0,32.8,32.7,33.3,33.5,32.8,32.2,33.1,33.9,33.3,33.3,34.1,32.7,32.1,32.6,33.0,33.8,33.0,32.4,33.1,33.2,32.7,32.7,33.1,33.1,33.9,34.1,34.5,33.6,33.1,33.0,32.3,32.5,33.3,33.0,32.9,33.4,33.9,32.9,33.2,33.2,32.9,33.9,33.7,32.6,32.6,32.9,34.7,34.2,32.9,32.3,33.3,32.6,32.7,33.3,33.4,33.3,34.3,32.9,33.9,33.4,33.2,33.0,33.5,31.7,33.4,33.0,33.9,33.4,34.4,34.2,32.4,33.3,32.9,34.6,35.1,33.3,32.4,32.7,33.3,33.8,33.5,32.8,32.8,33.4,33.5,33.5,33.0,32.7,33.5,32.3,33.6,33.1,32.8,32.7,31.8,32.4,33.1,33.4,32.9,33.9,33.0,32.6,33.2,32.8,32.8,34.0,34.2,33.9,33.2,33.0,33.0,33.6,33.3,33.0,33.2,33.2,33.0,33.6,33.5,32.6,33.0,32.0,33.9,32.5,33.0,32.9,33.7,32.9,33.1,32.4,32.7,32.5,33.3,33.1,34.0,34.0,33.5,34.1,33.4,34.6,34.0,33.2,34.7,33.1,33.4,32.6,32.8,33.4,33.2,32.8,33.1,33.0,32.8,33.2,32.9,33.3,32.7,33.4,33.0,33.3,33.0,33.6,32.4,33.7,33.2,34.5,33.7,34.7,33.3,34.5,33.9,33.8,34.1,32.9,33.0,33.4,33.4,32.8,33.1,32.3,32.7,32.4,33.0,33.8,33.1,34.4,33.2,32.6,33.0,33.4,32.9,33.0,33.1,32.5,33.4,33.0,33.0,32.4,33.0,34.2,33.4,32.7,34.2,33.9,33.2,32.5,32.9,33.2,32.6,32.8,33.5,34.1,33.0,32.6,33.5,33.7,32.7,32.6,33.2,33.5,32.9,33.2,33.1,32.1,33.2,32.9,32.6,33.4,32.7,32.4,33.1,33.5,33.6,33.6,34.3,33.9,33.2,32.6,33.5,32.1,33.5,33.6,32.3,32.7,33.4,33.6,33.0,32.9,33.3,32.7,32.8,33.3,32.6,32.0,33.7,31.7,32.3,33.0,33.5,32.4,33.1,32.3,33.0,33.5,32.9,33.8,33.9,34.4,32.9,33.0,33.7,34.3,33.2,33.8,32.8,33.3,32.8,33.4,32.7,32.6,32.5,34.2,33.6,32.8,33.6,32.7,32.2,32.6,33.0,33.1,32.6,32.7,32.5,32.9,32.8,32.8,33.5,33.7,33.5,33.0,33.8,33.4,32.9,32.5,33.5,32.7,33.8,32.9,33.0,33.1,33.5,33.1,32.7,33.3,33.1,33.9,33.4,32.6,33.6,32.9,32.2,32.1,32.7,33.6,33.6,33.3,33.8,32.8,32.9,33.7,33.6,33.5,33.7,32.9,33.2,33.5,33.2,33.0,33.1,34.5,33.3,33.7,33.3,33.6,32.4,32.0,33.1,32.2,34.0,32.7,32.9,32.9,33.6,32.8,33.5,33.6,32.6,32.7,32.6,34.0,nan,32.8,34.1,33.5,33.5,33.1,33.3,32.1,33.4,33.4,33.4,33.1,33.4,32.4,33.5,32.4,33.0,33.5,33.4,33.1,32.8,32.6,33.8,33.3,32.7,33.2,35.0,32.7,32.4,33.1,32.6,33.4,33.4,32.5,33.0,33.9,33.7,33.2,33.5,33.3,33.2,32.6,32.9,34.0,33.8,33.7,33.6,33.1,32.4,33.6,34.1,33.5,32.6,33.9,32.2,33.7,34.0,33.4,33.7,32.9,33.6,32.6,33.5,32.7,33.3,33.6,33.6,33.6,34.0,32.8,34.0,32.8,33.1,32.9,33.2,33.0,33.9,32.7,34.6,33.6,33.2,34.1,33.6,32.7,33.0,32.9,33.7,34.3,33.2,32.6,33.7,33.8,32.7,34.0,33.5,34.0,33.5,34.0,34.0,33.9,33.2,32.7,32.8,33.1,33.5,34.2,32.9,33.3,33.2,33.7,33.6,33.7,32.9,33.3,33.2,32.8,34.3,33.1,32.7,33.7,34.0,33.5,33.6,32.7,33.8,33.1,33.7,32.6,33.3,33.3,32.6,33.3,33.3,32.9,32.5,32.9,33.9,32.7,32.3,33.1,33.9,33.8,33.5,32.6,33.3,34.3,33.3,33.3,34.0,32.1,33.5,32.6,33.6,32.3,33.3,33.2,33.4,33.6,33.5,33.8,33.8,33.4,33.7,32.7,32.9,33.1,34.7,32.9,33.0,32.5,33.7,33.6,32.8,33.2,33.4,33.0,33.2,34.2,34.3,32.4,33.2,33.3,34.0,33.5,33.9,32.8,34.3,33.6,33.6,32.9,32.6,33.0,32.8,32.8,33.6,32.6,32.6,33.8,33.7,33.3,32.9,33.2,33.1,33.2,33.9,33.4,33.3,33.8,33.0,32.3,33.6
1785306005.608782,1753,33.7,32.4,32.7,33.5,34.1,31.9,32.6,32.9,32.0,33.3,31.7,33.5,31.7,32.7,33.4,33.0,33.0,32.3,32.8,32.9,33.4,32.3,32.5,33.1,33.1,31.9,33.6,33.4,34.4,32.2,32.6,34.0,34.3,32.6,32.9,33.8,33.3,33.3,32.7,33.2,32.5,33.0,32.6,32.8,32.8,32.2,33.1,32.4,33.7,31.9,32.3,32.1,31.8,32.0,32.3,32.7,31.8,32.2,32.8,33.3,33.8,33.4,33.6,32.9,33.8,33.3,34.1,32.5,33.3,32.9,33.6,32.9,33.3,31.9,32.3,32.4,32.7,31.9,32.9,33.1,33.0,32.5,32.4,32.8,33.3,31.8,33.6,33.0,33.4,32.5,32.4,32.5,32.5,32.7,33.9,33.7,32.5,32.6,33.0,33.0,32.4,32.6,32.9,32.6,32.9,32.7,32.0,32.4,32.8,33.2,32.7,32.7,32.4,33.8,32.9,33.4,32.6,32.4,33.1,33.4,33.3,33.0,33.3,32.2,32.0,32.3,32.9,33.5,32.5,32.0,33.7,33.5,32.2,32.3,32.7,32.8,32.2,32.2,33.6,31.4,32.4,32.8,33.2,32.9,32.8,32.6,32.9,32.9,32.6,33.3,33.3,33.4,33.5,32.8,32.8,33.7,32.5,32.7,33.6,33.7,34.0,32.4,34.6,32.8,34.3,31.6,33.0,32.3,32.7,33.0,33.2,32.6,32.1,32.1,33.6,33.8,33.5,34.0,33.1,32.1,33.0,32.6,32.5,33.1,33.0,33.0,33.8,32.0,32.4,31.8,33.7,33.0,32.3,31.9,32.5,33.6,33.2,33.2,33.3,33.3,33.0,33.0,32.7,33.7,33.6,33.6,34.3,35.3,34.1,34.0,33.4,33.7,33.3,33.0,33.6,33.4,33.0,33.1,32.5,32.8,32.3,33.5,33.7,33.0,32.5,32.5,33.2,31.9,32.3,32.7,32.8,32.7,32.7,32.2,32.6,34.2,33.4,32.4,35.1,34.7,32.1,33.1,34.0,33.7,32.7,33.7,32.6,33.8,32.6,32.1,33.1,33.3,32.9,33.1,33.8,32.6,33.6,33.2,34.0,33.5,33.6,33.0,32.3,32.8,32.6,32.5,33.6,33.9,32.5,32.7,34.8,34.3,33.3,33.9,33.1,33.5,33.0,32.7,33.8,32.5,33.1,32.5,33.3,33.6,32.9,33.5,33.5,32.6,32.6,32.8,32.8,33.4,32.8,32.4,32.0,33.1,31.9,33.0,34.1,33.7,33.2,32.4,33.2,33.9,33.2,33.7,33.4,34.4,32.9,32.6,33.3,34.1,31.7,33.0,32.7,32.6,32.8,32.6,33.0,33.9,33.6,33.0,34.1,34.8,32.9,33.3,32.6,33.6,32.8,31.9,34.6,34.2,33.7,33.7,34.4,33.6,33.8,34.0,34.0,33.1,33.2,33.0,31.9,34.0,32.6,32.7,33.4,32.3,33.0,32.5,33.6,34.1,32.9,32.5,33.4,32.2,32.1,33.2,32.9,33.3,32.6,32.7,32.9,33.9,34.2,34.1,34.0,34.1,33.1,32.8,33.6,33.0,32.2,32.8,32.8,33.4,33.0,32.7,33.3,33.9,32.5,33.3,32.9,32.8,32.8,32.6,33.0,32.7,33.5,33.1,33.0,33.2,33.1,33.3,33.3,32.8,33.4,33.5,33.9,34.5,33.2,33.5,32.8,32.9,33.2,32.8,33.8,33.3,32.9,32.5,33.2,33.8,32.8,33.0,33.8,33.8,33.1,33.7,33.2,33.1,33.2,32.8,33.3,32.8,32.2,31.7,33.0,32.7,32.7,33.8,33.6,33.8,34.1,34.0,33.1,33.0,32.3,32.6,33.9,33.3,33.2,32.6,33.6,33.2,32.5,31.8,33.1,33.4,34.1,33.0,33.5,33.4,32.3,33.2,33.2,32.7,32.4,32.6,33.7,33.5,33.5,32.7,34.3,33.7,33.9,33.2,33.2,34.0,33.0,32.7,33.0,34.2,32.8,33.0,33.9,33.8,32.1,32.7,33.0,33.2,32.8,33.2,33.3,32.6,32.8,32.5,33.1,33.3,32.7,33.5,33.2,32.9,33.1,33.3,33.6,33.2,33.6,33.5,33.7,33.8,33.1,32.8,32.1,33.6,31.7,33.2,32.4,32.8,33.1,32.7,33.9,33.1,33.3,32.2,34.4,33.8,33.1,32.9,32.7,33.7,33.8,32.4,33.5,33.7,33.0,32.9,33.7,34.5,34.3,32.9,33.2,33.4,33.5,32.7,33.2,32.6,32.8,32.3,33.6,33.8,33.6,33.0,34.2,33.1,32.4,32.7,32.7,33.5,32.6,32.5,32.8,32.6,33.4,32.4,32.7,33.1,33.0,nan,33.7,34.4,33.1,33.8,32.6,33.2,32.5,33.1,33.1,33.6,33.2,32.7,33.5,34.4,33.7,33.2,33.3,33.8,32.7,32.8,33.4,34.0,33.1,33.3,33.9,32.6,33.1,33.4,33.5,34.0,32.7,32.2,33.0,33.4,32.7,33.4,33.5,33.5,33.0,32.7,34.3,33.3,34.0,33.3,34.1,32.7,33.1,32.6,33.2,34.6,32.8,32.2,33.3,32.6,33.3,34.0,33.8,33.5,33.2,32.4,33.1,33.0,32.9,33.8,34.3,33.1,32.8,33.8,34.0,33.3,33.0,32.8,33.6,33.2,32.5,33.5,33.8,34.3,32.8,32.3,33.5,33.4,33.4,33.8,33.8,34.2,32.5,33.8,33.0,33.6,33.3,33.6,33.3,33.1,33.0,33.4,34.0,33.5,33.9,33.2,34.1,33.0,32.6,33.9,34.5,32.4,32.9,33.2,34.1,33.4,34.5,32.9,34.0,33.9,32.6,33.4,34.4,34.2,32.9,33.4,33.2,33.4,33.0,32.2,32.9,33.7,32.8,33.3,33.6,32.8,33.6,33.3,33.4,33.1,32.7,32.7,35.1,33.4,32.8,34.1,33.8,32.9,33.4,32.3,33.2,33.5,33.3,33.3,33.5,34.3,33.2,33.8,32.9,33.9,33.2,32.1,33.8,32.9,32.5,32.6,34.3,33.7,33.3,32.1,33.4,33.1,32.9,33.5,34.3,34.3,33.8,33.2,33.8,33.4,33.4,33.2,34.7,35.2,33.8,33.0,34.5,34.2,32.7,33.1,33.2,33.4,32.6,33.2,32.9,33.7,33.3,33.1,33.7,33.3,32.4,33.2,32.7,33.2,33.3,32.9,33.8,34.2,33.2,32.8,34.0,34.9,33.0,34.5,34.6,34.9
1785306007.743464,1754,32.2,32.8,33.4,32.9,32.2,32.0,33.2,32.4,32.9,32.2,32.8,33.1,33.3,32.6,33.3,32.6,33.2,32.5,32.9,32.3,33.5,32.1,32.8,32.7,32.8,33.0,33.1,32.7,33.7,33.5,32.0,33.6,32.6,33.0,33.2,33.8,33.2,32.8,33.5,34.0,32.1,32.9,32.7,31.8,32.9,32.7,33.2,33.6,32.4,32.8,32.1,33.1,33.2,32.7,32.6,32.4,32.3,33.4,32.9,32.6,34.0,32.0,33.5,34.5,33.2,32.9,33.7,32.6,33.1,32.7,33.5,32.8,32.3,33.3,32.8,32.5,32.2,32.7,33.3,32.4,32.4,32.1,32.7,32.2,32.2,32.6,33.4,32.7,33.3,32.0,34.0,33.7,32.0,32.8,33.1,33.9,32.9,34.2,32.9,33.6,32.5,32.4,33.5,32.9,32.1,33.1,33.6,32.2,33.2,32.3,32.6,33.6,32.6,33.4,33.0,32.7,32.9,33.9,32.9,33.3,33.6,32.4,33.5,33.5,33.8,32.7,33.5,34.2,32.6,31.9,32.9,32.8,33.1,33.4,33.4,33.5,33.0,32.5,32.2,32.5,32.2,33.2,33.0,32.4,32.4,32.8,32.8,33.1,33.2,33.2,32.6,33.7,32.8,33.1,33.7,33.8,33.9,32.7,33.3,35.2,32.2,33.0,33.0,34.8,33.5,32.0,33.3,32.8,32.5,31.8,32.8,33.2,33.1,32.8,32.7,33.3,33.2,33.0,32.6,33.5,32.8,33.3,33.7,33.4,32.5,32.8,32.6,33.7,33.4,32.8,34.0,33.4,33.8,32.9,33.3,33.4,32.0,33.0,33.4,33.4,32.2,33.6,33.3,33.7,33.1,33.6,33.1,35.1,32.4,33.2,33.6,33.3,32.8,32.6,33.2,33.1,33.0,33.6,32.9,32.7,33.0,33.0,33.8,33.1,32.9,33.5,33.6,34.3,32.7,32.1,32.9,33.4,33.2,32.7,33.4,33.8,33.8,32.7,34.8,35.3,33.4,33.7,32.2,33.4,33.5,32.2,32.6,33.5,33.1,33.1,32.2,33.8,33.8,32.3,33.7,32.6,31.8,32.0,33.1,33.0,32.6,32.4,33.8,32.6,32.6,33.2,33.6,33.6,33.2,32.7,34.4,35.4,34.0,33.8,33.9,33.5,32.3,33.0,33.1,32.9,33.4,32.9,33.3,33.9,32.1,32.5,33.5,32.7,33.0,33.0,33.5,32.2,33.1,31.8,32.7,32.8,33.2,33.1,33.6,34.3,33.2,32.7,34.0,35.0,33.2,33.4,33.3,34.4,32.4,33.3,33.3,32.9,32.3,32.6,33.2,33.3,33.7,32.4,33.7,32.4,33.5,32.9,33.9,33.8,32.3,32.9,32.7,33.5,33.1,33.3,34.5,33.8,34.0,34.0,34.7,34.2,33.5,34.2,33.5,33.4,32.4,33.0,33.1,32.6,33.4,32.3,32.4,32.4,32.2,32.6,31.9,33.9,33.9,33.4,32.8,33.0,32.8,33.5,32.9,33.3,32.7,33.3,33.5,33.6,34.5,33.9,34.8,34.4,34.4,33.4,32.6,32.8,33.9,32.5,33.5,32.9,34.0,33.0,32.9,33.2,32.7,32.5,33.6,32.9,33.2,33.4,32.9,33.3,32.4,32.5,32.6,33.3,32.9,33.0,33.1,33.3,34.0,33.5,33.7,34.6,33.8,33.2,33.5,32.7,32.4,32.9,34.3,32.5,33.3,33.7,33.7,34.5,34.6,33.0,32.7,33.9,33.0,33.3,32.4,33.4,33.2,32.4,32.9,33.3,33.7,32.7,33.0,33.2,32.6,33.0,34.5,34.6,34.2,34.3,32.9,33.4,32.6,34.1,33.6,33.1,33.3,33.0,33.9,32.9,33.6,32.5,33.4,34.0,33.0,33.0,32.5,34.6,33.0,33.5,33.7,33.7,33.6,32.9,33.5,32.7,33.3,34.3,34.0,34.0,33.6,33.2,33.1,33.5,33.5,33.4,33.6,33.5,33.1,33.3,33.5,33.0,33.2,32.6,34.1,33.1,32.5,32.5,32.3,32.5,32.6,33.0,33.3,33.1,32.7,33.0,32.7,32.9,33.6,33.1,32.9,33.2,33.0,32.8,32.8,33.2,32.9,33.8,32.7,33.1,33.3,32.7,33.8,33.7,32.8,33.4,32.8,34.4,33.4,32.7,33.9,33.7,32.2,33.4,33.2,32.8,34.1,33.1,33.5,34.1,33.6,32.9,34.5,33.9,33.8,33.8,33.3,33.7,33.8,33.0,33.3,33.6,33.5,33.8,33.9,34.0,32.0,32.6,33.3,33.9,32.5,32.2,32.6,33.5,32.7,32.5,32.9,33.4,32.3,32.9,34.9,33.9,33.0,nan,33.4,34.2,34.4,33.6,32.6,33.5,33.1,33.1,32.7,32.7,33.7,33.2,33.4,33.5,32.5,33.2,33.8,33.6,33.7,32.7,33.5,32.3,33.5,33.8,34.2,33.7,32.9,32.7,33.4,33.4,32.4,33.7,33.8,34.0,33.5,33.3,33.6,33.3,33.0,33.7,32.5,32.9,33.6,32.7,33.9,34.5,33.1,32.0,34.6,34.1,32.5,33.4,32.8,33.5,32.9,33.8,33.6,33.1,33.2,33.2,33.6,33.0,33.5,33.0,33.4,33.1,33.6,33.3,33.1,33.8,33.8,33.6,32.2,33.9,33.3,32.8,33.0,34.0,32.6,33.0,33.0,33.7,33.5,32.0,33.5,33.7,32.3,33.2,33.0,33.5,33.1,33.2,33.3,33.2,34.0,33.5,34.5,34.2,33.7,33.8,33.6,32.4,33.1,32.8,33.8,33.2,33.4,32.8,34.0,34.3,33.1,33.4,34.7,34.4,33.6,32.5,33.5,33.7,32.5,34.5,33.3,32.8,32.6,34.1,33.4,33.2,33.3,33.4,33.6,33.3,33.9,33.4,32.9,32.8,33.4,33.7,35.3,34.1,33.3,33.3,34.5,33.4,33.3,32.9,34.2,33.7,33.4,32.1,33.2,34.3,33.6,33.7,32.9,32.9,32.6,33.4,32.7,33.9,33.2,32.9,33.9,33.8,32.9,32.6,32.8,33.3,32.5,33.3,33.5,33.5,32.8,33.9,34.2,33.9,32.7,33.1,34.1,34.6,31.9,33.8,33.3,34.6,33.4,33.6,33.7,33.2,33.2,33.2,32.3,34.0,33.8,32.6,34.3,32.6,34.0,33.7,32.9,33.7,33.2,32.9,33.5,33.4,33.4,33.5,34.0,34.1,34.2,34.4,34.3,35.1
1785306009.9544365,1755,31.6,33.9,34.4,34.1,34.2,31.3,33.2,33.1,32.5,32.4,32.0,33.1,32.9,32.0,32.5,32.9,33.1,32.8,32.7,34.1,34.3,32.4,32.6,33.6,33.4,32.0,32.8,34.2,33.6,33.5,34.7,33.4,32.5,33.8,34.0,33.5,32.3,32.1,33.7,31.9,32.7,33.5,32.7,32.7,32.5,32.4,33.9,33.3,32.5,31.6,33.0,32.7,32.3,32.5,33.9,32.4,31.7,33.5,33.3,33.0,32.9,32.9,34.5,31.8,33.2,33.2,32.8,34.2,32.6,33.1,33.3,32.8,33.0,32.2,33.2,32.8,33.2,32.7,31.5,34.0,33.1,33.5,32.9,32.6,33.1,33.1,33.7,33.1,31.8,32.0,33.0,32.6,33.5,32.1,32.9,33.6,33.1,32.5,32.9,32.7,32.5,33.0,32.9,32.1,33.9,32.8,32.0,32.5,32.3,31.6,33.3,32.3,32.5,32.7,32.5,31.6,32.2,32.7,32.9,32.8,33.4,33.1,33.0,32.7,32.6,31.8,33.7,33.0,32.3,33.0,32.9,34.3,33.9,31.6,33.8,33.5,32.5,32.7,32.8,33.5,32.6,32.4,32.1,33.0,33.0,32.1,32.1,33.6,33.2,32.0,33.3,33.7,33.3,33.3,33.5,34.0,32.9,33.3,32.6,34.5,31.8,32.5,33.2,32.1,33.7,32.3,33.7,32.4,33.5,33.0,32.8,32.5,32.8,33.3,33.2,33.1,32.5,32.6,32.9,32.3,32.3,33.1,33.5,33.2,32.5,33.0,33.5,33.5,32.0,33.8,32.9,33.1,33.4,32.7,32.0,34.2,31.7,32.8,32.3,33.4,33.4,33.1,32.5,32.7,33.6,33.2,33.9,34.2,33.8,32.5,32.4,33.3,32.9,33.1,32.9,33.7,32.3,31.6,32.5,33.1,33.0,32.6,33.6,33.3,33.5,32.6,34.0,32.9,32.5,33.8,34.0,32.1,32.7,32.5,33.9,32.8,34.1,32.7,35.7,34.7,32.7,34.3,32.5,32.2,33.0,33.6,32.8,32.8,32.0,32.6,33.3,32.3,32.1,33.6,33.0,32.9,32.8,34.3,33.7,33.2,33.1,33.0,33.1,33.5,33.0,32.7,32.7,34.7,33.6,32.8,33.6,35.1,34.1,33.8,33.8,34.3,33.5,33.0,32.9,32.8,32.5,32.1,32.2,33.3,32.5,32.2,32.6,33.9,32.8,33.4,32.7,34.1,33.1,32.7,33.0,33.9,32.8,32.9,33.3,34.1,33.4,33.5,34.6,34.7,34.1,34.0,33.8,33.9,32.6,33.6,33.1,33.4,32.3,33.5,33.6,32.4,32.6,32.4,32.3,33.6,33.1,33.3,33.6,33.6,32.6,33.2,32.9,34.2,33.6,33.1,33.5,34.6,35.5,33.3,34.2,35.4,34.0,34.3,33.5,33.4,32.7,32.5,33.4,33.8,33.2,32.3,33.1,33.4,33.0,33.0,32.5,32.6,32.8,32.4,33.3,32.2,32.4,32.9,33.4,32.5,32.2,32.4,34.1,34.2,33.9,34.6,34.5,33.9,33.0,33.4,33.0,32.3,32.0,33.1,33.3,32.8,32.4,34.0,33.1,32.8,33.2,32.8,32.6,32.7,34.0,32.7,32.3,33.1,33.3,32.5,32.3,33.1,33.2,32.9,33.6,33.4,33.3,33.3,34.4,34.9,33.7,33.5,32.8,32.9,33.3,33.7,32.8,34.0,33.2,33.3,32.6,33.4,33.1,33.3,32.7,33.3,32.4,32.6,32.8,32.2,32.1,33.3,33.4,32.7,33.1,32.3,33.3,33.9,32.3,33.1,34.7,34.1,33.2,33.6,32.3,32.8,32.8,33.1,33.2,32.0,33.5,32.7,33.9,33.3,32.6,32.6,33.0,33.9,33.4,33.6,32.3,33.5,33.0,32.6,33.6,33.3,33.2,33.9,32.8,34.0,32.8,33.7,33.6,33.8,32.9,33.7,33.1,33.8,32.6,32.9,33.3,33.1,33.9,32.4,33.9,33.4,33.0,33.4,33.3,34.3,31.9,34.2,34.0,32.5,32.7,33.2,34.0,32.4,32.3,32.5,34.2,32.9,33.1,33.8,33.6,33.1,33.1,33.3,33.2,33.2,33.1,33.8,32.7,33.7,33.2,34.3,33.6,32.9,32.8,33.6,34.0,33.6,33.4,33.1,33.3,34.7,33.4,33.4,32.4,33.5,33.5,33.1,31.6,33.8,32.3,32.7,33.6,34.8,33.6,34.2,33.0,33.7,33.0,32.8,32.9,33.3,32.8,32.7,33.5,32.7,32.4,32.2,32.9,33.5,32.3,32.8,33.2,32.8,33.4,33.0,32.7,32.0,32.8,33.5,33.3,32.9,33.3,nan,34.5,33.3,34.4,33.3,33.5,32.9,33.4,32.9,33.7,32.5,34.2,33.3,33.4,32.9,33.2,33.0,34.8,32.7,33.7,33.3,33.3,33.9,33.5,33.2,32.6,33.9,33.2,33.6,33.2,34.6,32.3,32.8,33.0,34.3,34.0,32.8,33.0,33.7,32.6,33.3,33.2,33.6,34.4,33.0,33.9,33.0,32.8,32.7,33.1,33.7,34.3,33.1,33.2,32.5,32.5,33.0,34.5,33.3,33.5,33.2,33.7,32.5,32.0,32.8,33.7,33.4,33.4,33.6,32.8,34.0,32.6,33.6,33.2,33.7,33.2,32.5,33.9,33.6,33.2,33.3,33.0,32.7,33.3,32.9,32.4,34.3,33.6,32.6,33.7,33.7,33.2,32.5,33.1,33.8,33.3,33.0,35.0,32.8,33.0,33.5,33.4,33.3,33.8,33.3,33.9,33.4,33.0,33.5,33.4,34.5,33.4,32.8,34.1,33.5,32.9,33.7,35.1,33.4,33.2,32.4,32.6,33.3,33.1,33.7,33.6,32.2,33.2,32.9,33.9,33.4,33.4,33.8,33.9,32.7,32.7,33.0,34.6,32.5,32.6,33.1,33.1,34.4,32.7,33.7,34.8,33.6,32.7,33.2,33.4,34.7,34.0,33.1,32.9,33.2,33.4,32.8,32.6,33.6,32.3,33.4,33.9,34.3,32.7,33.6,32.5,34.3,32.8,33.6,33.3,33.5,33.5,33.5,34.4,33.3,33.5,32.4,33.9,34.9,33.3,33.8,34.6,33.1,33.0,34.0,33.1,33.7,32.7,33.5,33.1,32.5,33.8,33.1,34.0,33.6,31.7,33.3,33.4,32.9,32.7,32.3,33.3,33.6,33.2,33.5,33.6,32.9,33.1,33.6,34.2,33.9
1785306012.0197902,1756,33.8,34.5,32.4,32.6,32.6,32.9,32.5,32.0,32.1,33.0,32.2,32.9,31.3,33.7,32.2,32.6,32.8,32.3,33.3,32.4,33.1,33.0,32.4,32.8,33.0,32.4,33.1,32.7,33.6,33.2,31.5,33.4,33.6,33.8,33.0,32.8,33.0,31.6,32.6,31.5,33.3,32.9,32.9,32.2,32.2,32.7,32.8,32.0,32.9,32.0,33.0,31.8,33.8,31.4,32.4,33.0,33.1,33.3,32.5,34.1,33.8,32.4,33.0,34.3,32.7,33.4,33.0,33.5,32.6,33.1,32.5,32.6,33.2,33.5,32.1,32.5,32.3,32.7,32.4,32.7,32.2,33.6,31.5,32.9,32.4,32.4,32.6,33.3,33.3,33.2,32.0,33.1,33.5,32.4,32.9,32.4,33.8,32.3,32.9,32.5,32.9,32.4,33.3,33.1,33.2,33.0,32.0,32.7,33.0,32.5,32.1,30.9,32.6,33.2,32.5,33.2,32.2,32.3,33.1,32.6,33.2,33.1,32.0,33.1,33.2,32.0,33.7,32.5,33.5,32.3,32.3,32.4,32.9,34.0,32.7,32.3,32.7,32.2,32.0,33.0,32.3,32.4,32.1,33.2,32.5,32.6,32.0,32.7,33.5,33.6,32.5,33.2,33.5,33.5,32.3,32.6,33.1,33.3,32.1,33.4,33.6,32.3,32.4,32.1,34.6,33.1,32.2,32.3,32.8,32.6,33.0,32.5,33.1,32.6,32.4,31.8,32.5,32.8,32.8,31.9,33.1,33.1,32.4,32.5,32.8,33.2,33.7,32.5,33.8,33.2,31.8,32.0,32.2,33.6,32.9,32.7,32.3,32.8,31.9,32.7,31.9,33.1,32.1,34.2,32.4,31.9,33.4,33.9,33.3,32.5,33.7,34.0,32.6,32.3,33.0,32.7,33.2,32.9,32.8,31.8,33.4,32.6,32.5,32.9,34.0,32.4,31.7,32.1,32.5,33.0,32.7,32.6,32.2,32.2,33.2,34.6,33.0,32.5,34.6,34.5,33.8,33.4,33.7,33.1,33.0,32.8,32.6,33.1,33.1,33.5,32.5,32.5,32.7,32.3,31.6,32.5,32.2,33.7,32.7,32.8,33.5,32.6,32.4,33.7,33.2,32.7,32.4,33.4,33.3,32.7,34.0,35.1,33.2,32.9,32.0,33.5,32.6,33.3,33.1,32.9,32.4,32.8,33.1,32.8,32.3,32.2,33.0,33.5,34.5,32.3,33.3,32.1,33.3,32.5,32.7,31.8,33.3,32.6,33.4,33.0,32.9,32.7,34.3,33.4,33.8,33.5,33.5,33.1,33.5,33.7,33.0,32.5,33.0,32.8,32.7,33.8,33.7,33.3,32.3,33.0,32.6,33.3,32.9,33.0,32.4,33.1,32.9,33.7,33.1,32.6,32.4,33.5,34.1,34.0,34.1,34.2,34.4,34.0,33.6,32.9,32.9,33.6,33.1,32.6,32.9,33.6,33.1,32.9,33.7,32.2,32.5,34.0,32.6,33.2,32.8,32.2,32.9,32.8,32.5,32.4,31.9,33.0,33.0,33.9,34.4,33.6,33.8,33.4,34.2,32.3,32.9,32.6,33.2,33.7,33.1,32.9,32.9,33.3,33.8,33.1,33.4,33.0,33.0,32.9,32.5,34.2,33.1,33.6,33.3,32.9,32.1,33.5,32.4,32.8,32.9,32.8,32.7,33.5,33.8,34.3,34.2,33.5,33.3,32.3,33.5,32.4,33.3,33.0,32.7,32.1,33.3,33.6,32.8,32.6,32.5,32.3,33.0,32.6,31.4,32.6,32.8,33.5,32.5,31.2,33.2,33.3,32.3,33.4,33.3,33.6,33.3,32.8,32.6,34.2,32.8,32.3,32.6,33.3,32.9,32.7,34.1,32.5,33.2,33.5,32.4,33.0,32.6,32.8,33.0,33.4,32.7,33.1,32.2,32.6,33.7,32.4,33.1,33.1,32.8,32.8,33.2,33.0,33.8,33.8,33.1,33.0,33.0,32.9,33.1,32.5,33.5,33.0,34.1,33.3,33.5,33.4,33.1,33.5,33.5,32.7,34.2,33.3,32.8,32.5,32.7,33.0,33.5,33.1,32.9,32.3,33.2,32.4,33.1,33.8,33.4,34.8,33.9,34.4,32.5,32.0,33.6,33.5,33.4,33.1,33.7,33.7,33.8,33.1,33.2,34.3,32.4,33.0,32.5,33.3,31.3,34.1,32.3,33.4,32.6,32.1,33.2,33.2,32.8,32.4,32.8,33.5,32.3,32.9,34.0,33.8,33.0,32.0,33.0,33.8,32.4,32.6,32.8,32.9,33.9,33.2,31.2,33.7,32.1,32.0,33.0,32.4,32.6,32.7,33.2,33.6,32.7,33.1,33.0,33.0,32.3,32.4,32.8,nan,33.4,33.1,34.2,33.8,33.7,32.6,32.9,32.4,32.5,32.9,34.2,33.3,33.1,32.6,33.8,34.1,33.4,33.8,32.6,33.4,32.3,34.5,32.9,33.2,32.9,33.7,33.0,33.6,32.2,32.9,32.2,32.8,32.7,33.5,33.8,32.8,33.1,32.5,32.6,33.8,32.9,33.9,32.7,33.6,32.8,32.8,33.8,33.1,33.4,34.1,32.3,33.3,32.8,32.3,33.2,33.4,32.8,32.9,32.5,33.5,32.2,33.5,32.8,33.1,33.1,32.7,32.8,33.0,33.4,32.8,33.3,32.9,32.8,33.2,33.5,33.1,31.9,33.5,33.0,33.0,32.6,33.5,33.7,33.3,31.8,33.2,33.6,34.5,33.5,34.1,33.4,33.4,32.7,33.9,32.6,33.3,33.4,33.3,34.0,33.6,32.7,32.6,32.9,33.1,33.2,33.2,33.9,33.2,32.5,33.9,33.4,33.4,32.8,34.0,34.1,32.4,33.3,33.0,33.6,33.8,32.6,32.6,33.9,32.7,32.9,33.0,33.6,32.2,33.4,32.8,33.9,33.4,33.4,33.1,33.0,33.0,33.5,33.0,32.7,33.8,32.6,33.4,33.3,33.5,32.9,34.7,33.2,32.3,32.3,32.9,33.2,32.9,32.7,33.8,32.4,33.9,32.6,33.6,32.9,32.9,33.6,33.4,32.9,33.3,33.2,31.8,33.8,32.7,33.3,33.3,33.3,33.1,33.2,33.7,33.5,33.5,33.0,33.9,33.0,33.6,32.1,31.7,32.8,33.6,34.3,33.3,34.1,33.0,33.2,32.5,32.9,32.9,32.7,33.4,34.1,33.3,33.2,33.1,32.8,32.2,32.8,33.0,33.7,34.8,33.0,32.3,33.8,33.4,32.4,34.8
1785306014.1562421,1757,33.9,33.1,33.5,32.8,33.6,32.7,32.4,32.4,33.0,32.4,31.9,33.4,31.7,32.6,33.4,32.0,33.0,32.6,32.6,33.2,33.6,32.6,33.1,32.2,32.7,33.4,32.7,32.2,32.4,32.5,33.6,33.4,33.1,32.3,34.0,33.6,33.0,32.8,32.6,33.4,32.9,33.4,32.9,32.6,32.0,32.4,32.3,32.6,32.9,32.6,33.0,33.0,33.2,32.6,32.9,32.7,32.3,34.2,33.8,33.3,33.7,32.1,32.8,34.4,33.0,32.9,33.4,33.1,32.3,32.0,32.4,32.6,31.2,32.5,32.5,33.0,32.0,33.1,33.1,32.0,32.8,32.6,32.8,33.8,33.3,32.6,33.3,33.4,33.2,33.0,32.7,33.5,33.4,33.4,33.2,33.1,33.8,33.3,34.7,33.3,32.9,32.0,33.9,33.5,31.8,32.5,31.4,33.3,32.4,32.5,32.9,32.6,32.2,32.8,32.5,33.6,33.0,32.6,33.8,32.1,32.7,32.0,34.0,33.2,31.9,32.1,31.6,33.6,33.2,32.8,33.3,33.2,33.6,32.2,32.7,31.7,32.0,32.5,31.5,32.6,33.0,32.7,31.8,32.9,32.6,32.4,33.2,32.9,33.1,32.7,32.4,33.0,33.2,32.7,33.2,33.6,32.9,32.8,32.5,33.8,32.9,33.0,33.7,33.7,35.0,33.2,32.9,32.5,33.0,32.7,32.8,32.0,32.9,33.1,33.2,33.7,32.8,32.8,32.9,33.3,32.9,33.0,32.4,33.3,32.6,32.9,33.3,32.6,33.0,32.0,32.9,33.9,33.3,32.9,33.0,33.9,31.8,32.2,32.5,33.0,32.3,32.6,33.2,33.2,33.0,32.1,34.1,34.6,32.6,34.0,34.3,33.7,33.2,33.0,32.9,33.9,32.9,32.5,33.8,32.7,32.9,32.6,34.3,33.3,32.6,33.8,33.4,32.1,33.6,32.9,33.8,32.3,32.9,32.4,33.2,34.2,32.5,32.6,35.3,34.4,32.4,33.7,33.7,32.9,33.5,32.5,33.4,33.5,32.9,32.5,33.6,32.5,32.5,32.9,33.3,34.3,32.9,32.2,33.8,33.0,33.2,32.6,32.6,33.1,33.1,32.8,34.6,34.4,32.1,32.7,34.5,35.2,33.2,33.2,33.6,33.8,33.0,32.5,32.8,32.9,32.6,32.7,33.0,33.7,32.6,32.5,32.9,32.5,32.8,32.8,34.1,33.4,32.1,32.6,32.5,32.9,33.7,32.3,33.9,34.0,33.7,32.9,34.6,34.1,34.0,33.1,33.5,34.7,32.6,32.0,32.8,33.2,32.6,32.3,32.3,33.5,32.9,32.3,33.9,33.1,32.9,32.3,32.5,32.2,33.0,33.4,33.1,32.8,32.5,31.7,33.6,34.1,34.8,33.7,34.9,34.2,34.0,32.9,33.5,33.0,32.4,33.0,32.5,32.6,32.7,31.9,32.7,33.8,32.7,32.4,32.4,32.6,33.4,33.1,34.5,32.6,32.6,33.0,33.4,33.1,32.7,33.0,33.1,33.9,33.6,33.1,34.6,33.6,34.0,33.4,32.7,33.3,32.9,33.1,32.6,33.1,32.6,33.1,33.2,33.0,32.5,33.1,33.4,32.2,33.9,33.3,33.2,34.8,32.6,32.3,32.7,33.0,32.1,32.8,32.8,33.4,32.9,33.3,33.9,35.3,34.0,33.0,32.9,33.1,33.1,33.2,32.9,33.5,33.3,33.3,32.3,33.8,33.2,33.2,33.6,33.5,32.8,33.1,32.4,32.3,31.9,31.6,33.4,32.6,32.3,32.9,33.1,33.4,33.3,33.8,34.2,33.3,34.2,33.5,32.8,33.3,32.6,32.3,33.7,33.3,32.4,32.4,33.2,33.2,32.4,32.7,33.0,32.6,33.3,33.6,33.0,31.9,33.6,32.6,32.5,33.0,32.6,32.9,33.0,33.5,33.4,33.3,33.4,33.7,33.7,32.9,33.3,32.9,33.2,32.2,33.5,33.0,32.8,33.1,32.3,32.8,32.8,32.8,33.8,33.5,33.8,33.0,33.2,32.8,33.6,32.5,33.4,33.0,32.0,32.9,32.7,33.8,32.8,32.8,34.5,33.7,33.3,32.5,33.2,32.7,32.9,32.7,33.5,33.6,33.7,33.4,34.1,33.4,32.6,33.1,33.0,32.7,31.8,32.5,34.0,33.3,32.4,33.2,33.0,33.5,34.3,33.6,33.2,32.6,34.3,33.0,33.0,33.5,33.8,33.3,32.7,32.7,32.9,32.0,33.5,33.4,33.5,33.4,33.2,33.8,33.4,32.5,33.4,33.1,33.6,32.1,33.8,32.7,33.6,32.7,32.9,32.0,32.8,32.4,33.5,32.9,32.5,nan,33.2,34.0,33.3,33.7,33.1,33.5,32.4,32.6,33.0,32.8,33.4,33.2,34.1,33.7,33.6,32.9,33.2,33.2,34.0,32.3,33.6,33.9,32.4,33.0,33.7,34.2,32.6,33.0,33.6,33.6,32.7,33.0,33.5,33.5,33.4,33.3,32.8,33.2,32.7,32.7,32.9,33.9,32.4,32.8,32.4,33.2,32.0,33.3,33.4,33.0,33.4,31.9,33.6,32.8,33.6,32.9,33.4,33.7,31.8,33.1,33.0,33.2,32.5,32.7,32.7,33.8,33.4,33.3,34.3,33.4,33.1,31.9,33.4,33.9,33.3,31.9,33.8,34.1,33.0,34.4,33.0,33.4,33.8,33.3,33.6,32.8,33.5,33.0,33.4,32.8,32.8,33.5,32.6,33.6,33.8,33.1,33.1,32.6,33.2,33.1,33.6,33.8,32.8,33.5,33.3,33.4,33.8,33.2,32.9,34.1,33.3,33.2,33.3,33.5,33.6,33.6,33.3,33.3,33.0,33.4,33.7,34.1,33.3,33.2,33.6,33.9,33.2,32.6,35.1,33.0,33.4,33.0,33.9,33.7,33.5,33.3,36.0,33.6,33.1,33.1,33.3,33.5,32.7,32.7,34.0,33.5,32.6,32.3,33.0,33.8,33.2,33.1,33.3,34.4,32.5,33.4,33.3,32.9,32.6,32.5,33.6,32.7,32.6,33.9,32.5,33.1,32.7,32.2,33.2,33.3,33.8,33.1,34.0,33.5,33.6,32.9,33.5,33.7,32.1,33.0,33.2,31.8,33.2,32.9,32.9,33.4,32.7,33.0,34.0,32.1,32.0,32.8,34.1,33.1,32.7,33.7,33.8,33.2,32.7,32.4,33.9,34.0,33.5,33.0,33.4,33.9,33.3,34.1,34.2,34.9
1785306016.3042681,1758,33.2,32.3,33.0,32.8,31.8,32.5,32.4,31.6,32.8,32.8,32.3,33.5,33.2,31.7,32.1,32.6,31.4,32.1,33.2,33.2,32.3,32.6,33.5,33.1,31.9,32.8,33.2,34.0,32.6,32.3,32.4,33.6,32.3,31.6,32.5,33.6,34.1,31.8,33.1,33.3,32.9,32.4,32.0,32.8,32.3,31.3,33.0,32.4,32.2,32.3,33.4,32.7,33.2,32.8,33.0,34.0,32.7,31.6,32.7,31.4,33.1,32.3,33.5,33.9,33.1,33.2,33.2,32.9,32.1,32.7,33.2,33.0,33.1,32.4,32.7,33.0,32.6,32.7,32.1,32.9,32.8,32.8,32.6,32.8,32.1,32.5,33.5,32.9,33.4,32.8,32.5,33.9,33.2,31.9,33.5,33.9,32.1,33.1,32.7,33.7,32.5,33.1,33.3,33.4,31.9,31.8,30.7,32.3,32.6,32.0,32.6,32.7,32.6,32.9,32.5,32.8,31.8,32.6,33.1,32.7,32.9,33.4,33.5,32.8,32.8,32.1,33.5,33.6,33.2,33.7,33.7,33.4,32.6,33.2,33.7,32.9,33.1,33.8,32.6,33.0,31.7,32.6,33.4,34.1,32.6,33.8,33.2,33.1,32.6,31.9,33.2,33.4,32.7,33.7,32.2,33.0,32.2,32.7,32.5,33.6,33.4,32.8,32.2,32.6,32.9,33.0,33.3,32.9,32.7,32.7,33.3,32.9,32.9,32.2,34.1,33.5,33.3,34.2,33.8,34.0,32.6,32.5,33.0,33.1,33.0,32.7,33.0,33.6,33.2,32.9,33.4,33.0,32.6,33.6,33.8,33.2,32.0,33.7,33.5,33.1,32.5,33.3,34.6,34.4,32.0,33.2,34.1,34.3,32.4,32.2,33.1,33.7,33.3,33.5,32.1,32.0,32.7,32.5,32.9,33.5,33.3,32.6,32.9,33.3,32.6,32.7,33.6,33.8,32.3,33.7,32.9,31.8,32.5,32.8,34.2,33.7,33.3,32.7,34.9,33.9,32.8,32.3,33.3,33.8,32.9,32.4,32.4,33.0,32.1,31.6,32.7,33.3,32.7,32.8,34.5,32.9,33.0,32.9,33.0,33.4,31.9,33.2,33.2,33.0,32.6,32.3,33.9,33.7,33.5,32.5,34.0,34.4,33.7,33.5,33.3,33.3,32.4,32.8,33.7,33.4,32.3,33.1,33.3,34.3,32.9,33.1,32.9,33.1,32.4,32.6,33.3,31.6,31.8,33.2,32.1,33.6,32.5,32.3,33.4,33.9,33.8,33.1,34.6,34.4,34.0,33.4,33.7,34.1,32.9,32.3,32.3,33.1,32.8,33.0,33.2,33.7,32.9,31.9,33.5,34.6,32.8,32.3,33.6,33.0,31.6,32.5,32.8,33.5,32.8,33.3,34.1,33.6,33.5,34.0,34.3,34.3,32.9,33.5,32.9,32.2,31.2,32.0,34.1,33.1,33.3,31.9,32.8,33.1,32.5,32.6,33.2,32.4,32.2,33.5,33.6,33.8,33.1,32.8,31.8,32.6,32.6,32.5,33.3,33.1,32.9,33.0,34.2,33.8,33.3,33.3,33.2,32.5,32.6,33.2,32.8,32.9,33.0,31.7,32.9,33.4,33.0,32.2,33.0,33.2,33.3,33.2,32.0,33.9,32.6,33.8,32.9,32.8,33.6,32.8,32.6,32.9,33.4,33.2,33.9,34.3,33.6,33.0,33.0,32.3,31.8,33.2,33.5,33.5,33.7,33.3,33.9,33.6,33.2,32.4,33.2,34.3,33.7,32.5,32.2,33.3,32.5,33.2,33.2,33.2,33.5,32.2,33.3,32.6,32.8,33.4,34.1,34.3,33.1,33.4,32.9,33.3,32.4,33.0,32.9,33.3,33.0,32.8,33.9,33.2,32.6,32.6,33.2,33.6,32.2,32.6,33.8,33.3,32.0,33.5,33.9,32.5,32.6,32.8,33.0,33.5,32.4,33.5,34.4,33.9,33.4,32.4,33.7,33.1,32.7,33.5,34.2,33.0,33.3,33.1,33.4,34.3,32.7,32.8,33.2,33.5,32.9,33.4,32.8,33.7,32.9,32.5,33.5,32.8,33.0,32.1,32.9,33.0,33.6,33.2,33.6,33.4,33.3,32.7,33.3,34.2,33.4,32.2,32.5,34.0,33.2,32.2,33.6,34.1,32.1,33.7,33.8,33.3,32.9,32.9,33.8,33.3,33.3,32.3,32.7,33.3,32.1,33.2,32.8,33.0,32.2,33.8,33.2,33.4,34.0,34.0,33.4,33.7,32.9,33.7,32.8,32.8,32.5,32.6,32.7,32.9,33.2,32.9,33.2,33.1,33.2,33.4,32.6,33.5,33.1,32.7,32.9,33.5,32.3,32.2,31.7,33.3,32.8,nan,33.6,33.7,33.4,33.2,32.9,33.4,33.1,33.1,32.9,33.6,33.9,32.2,34.2,33.6,32.5,32.9,33.6,33.5,32.7,32.7,32.2,33.9,32.8,33.1,32.5,33.7,32.6,32.9,32.8,33.4,32.2,33.0,33.4,33.3,33.2,32.5,33.9,33.2,33.2,33.0,32.9,33.1,32.9,33.8,34.0,34.5,32.4,34.1,33.9,32.8,33.0,32.4,33.4,33.4,33.6,32.2,33.2,32.5,33.0,33.3,32.5,33.2,33.3,32.2,32.9,32.5,33.3,32.9,32.9,33.4,32.8,33.6,33.4,34.7,33.9,32.6,33.0,34.5,32.6,32.1,33.3,34.0,33.4,33.5,33.4,33.7,33.5,33.6,33.2,33.0,32.4,33.7,33.7,33.4,32.7,33.3,33.5,33.5,33.1,33.3,33.5,33.5,33.1,33.1,33.8,33.8,33.1,33.7,33.7,33.7,32.7,32.0,33.1,34.4,34.1,33.0,33.9,34.4,33.0,32.7,33.3,33.6,33.3,32.0,31.7,32.9,33.6,33.3,34.3,33.5,33.8,33.3,32.3,33.2,33.0,33.6,33.7,33.6,33.1,33.0,33.7,33.9,33.3,33.4,34.0,34.4,32.4,32.5,33.3,33.4,33.3,32.9,33.3,32.5,32.7,33.6,33.6,32.9,32.9,33.4,33.5,33.4,33.3,33.1,34.0,33.6,32.4,32.4,33.8,33.7,32.8,33.9,32.7,33.1,33.0,33.1,33.8,35.3,33.1,32.8,33.7,33.8,32.2,33.5,33.3,32.7,32.9,32.9,32.9,33.7,31.9,33.2,33.1,33.0,33.4,32.3,34.1,34.1,33.4,32.4,33.9,33.6,32.4,34.1,34.0,34.0,33.6,33.3,33.4,35.2
1785306018.454287,1759,33.2,32.5,33.3,32.5,33.7,33.3,32.7,33.0,33.4,32.3,31.8,33.0,31.5,33.1,33.0,32.9,32.3,32.3,33.2,33.1,33.4,33.1,31.7,32.2,31.7,32.3,31.9,33.2,34.5,32.9,32.6,33.8,31.7,31.6,32.7,32.7,34.4,32.2,33.4,32.2,32.4,33.2,32.4,31.7,32.6,32.8,33.6,32.2,32.4,31.6,32.9,32.8,32.6,32.8,33.2,32.5,33.0,32.2,32.8,33.4,33.2,32.3,33.2,33.7,33.3,33.8,31.5,33.0,32.5,33.4,32.0,33.1,32.6,33.4,32.3,32.4,31.9,32.6,33.0,32.8,32.3,33.5,33.1,32.5,32.3,32.5,32.7,32.4,32.5,34.0,32.7,32.8,32.8,32.9,32.8,33.3,33.0,33.4,31.9,32.4,33.2,32.9,32.2,32.8,33.1,32.2,32.6,33.5,33.1,33.2,33.2,32.7,32.3,32.6,32.7,32.6,32.9,32.4,32.6,32.9,32.4,32.1,32.3,32.6,32.7,31.9,32.9,33.6,33.0,34.3,32.8,32.3,33.4,33.3,33.1,33.6,32.0,32.4,32.2,32.4,32.7,32.8,33.0,33.3,33.1,32.7,32.4,32.6,33.4,33.1,32.6,32.9,33.4,33.0,32.4,32.9,31.8,33.4,31.8,34.0,32.6,31.2,33.1,32.8,33.2,32.8,33.2,32.7,32.6,32.4,33.4,32.9,32.7,31.8,33.3,32.4,33.0,32.4,33.5,32.3,32.5,33.2,33.2,33.0,32.7,32.5,33.1,33.6,32.5,32.3,32.4,34.3,32.6,33.5,33.0,33.7,32.8,32.9,32.7,32.9,32.3,33.9,34.1,33.9,32.7,32.7,33.8,35.0,32.4,34.0,34.6,34.1,32.9,33.2,32.6,33.8,32.5,32.8,33.8,33.0,32.3,32.5,33.1,33.7,33.4,31.9,32.2,34.0,32.2,33.3,32.6,33.2,32.6,32.6,33.8,34.9,32.3,32.3,34.8,34.6,33.0,32.1,33.6,33.6,33.6,32.1,31.6,33.2,32.5,32.3,32.4,32.7,33.1,32.6,33.8,33.3,32.1,32.8,32.6,33.9,32.5,32.9,32.7,33.4,32.3,33.2,33.9,33.6,32.4,32.6,35.1,35.0,33.1,33.1,33.0,33.4,32.2,33.9,32.7,31.8,32.3,33.0,33.2,33.3,33.0,32.6,32.3,33.6,32.0,32.9,33.0,33.2,32.8,32.1,32.2,33.6,32.7,32.8,32.7,33.4,32.9,32.8,33.7,33.8,33.4,33.3,33.2,33.6,33.3,32.5,32.9,32.4,32.9,32.9,32.6,33.5,32.1,32.1,33.2,33.8,33.2,33.2,33.6,33.9,32.7,33.7,32.1,33.1,33.2,33.1,33.9,33.7,34.0,34.0,34.2,33.9,34.0,33.4,32.9,34.1,32.6,32.7,33.6,33.7,32.4,33.2,33.7,33.2,31.9,33.4,33.0,32.3,32.9,32.7,32.5,32.9,32.8,32.5,32.2,33.3,32.4,33.4,34.2,33.9,33.8,33.6,33.9,34.4,33.2,33.9,33.6,33.0,33.0,32.3,32.2,32.9,32.5,32.9,33.5,33.0,33.1,32.2,32.5,32.4,33.5,32.8,33.8,33.7,33.0,33.7,32.9,33.6,33.0,33.0,33.0,33.2,33.9,33.6,34.4,35.0,33.6,33.7,32.9,32.6,32.9,32.8,32.7,32.7,33.1,32.7,33.8,33.8,33.2,32.5,32.8,33.4,33.2,32.7,33.3,33.7,32.5,32.0,32.4,32.3,32.2,32.9,32.6,32.5,33.0,32.9,34.6,34.2,33.8,33.2,32.7,33.3,33.3,32.4,32.8,33.0,33.5,32.8,33.5,32.5,33.6,32.7,33.5,33.6,32.9,33.9,33.0,33.2,32.0,33.0,33.6,33.4,32.3,33.3,32.2,33.4,33.7,33.1,34.0,33.9,32.6,33.9,33.4,32.5,32.9,33.6,33.2,33.2,32.7,33.0,33.9,33.5,32.5,32.7,33.2,33.4,34.7,33.5,33.1,32.0,32.6,31.6,33.0,32.3,33.1,32.2,33.1,33.0,33.8,33.2,33.5,33.2,34.0,33.4,33.2,33.4,32.6,32.6,33.3,33.5,33.1,32.5,33.0,33.6,32.2,32.4,33.7,32.9,32.2,33.5,33.4,33.2,31.7,33.1,32.9,33.6,33.3,33.6,32.9,32.7,33.5,33.4,33.4,33.6,33.5,33.4,32.2,33.7,33.2,33.7,33.4,32.8,33.0,33.0,33.6,34.1,33.8,33.0,33.2,33.0,33.3,32.7,32.9,32.8,33.3,32.6,33.3,33.0,32.9,33.3,33.8,33.1,32.4,nan,33.9,33.7,34.1,33.7,33.0,33.7,32.8,34.1,33.3,33.6,32.6,32.2,33.3,33.4,33.0,32.5,34.1,33.3,32.7,33.9,33.0,33.4,33.0,33.5,34.1,32.7,32.6,32.9,32.8,33.7,31.9,32.9,33.7,33.9,33.7,33.7,32.9,33.6,33.2,32.6,33.0,33.0,33.1,34.4,33.6,34.0,32.6,33.2,33.9,33.6,32.9,33.7,32.7,33.4,33.3,33.7,32.6,34.1,33.1,32.6,33.6,33.4,32.7,31.5,32.8,33.5,33.4,32.7,32.7,33.4,32.8,32.3,32.4,33.6,32.9,32.1,33.7,33.0,32.7,32.9,32.3,33.6,32.7,33.7,33.6,34.0,33.0,33.1,32.7,33.4,32.8,33.3,33.0,33.7,33.0,33.9,33.8,32.7,33.1,33.4,32.8,33.4,33.0,33.2,34.4,32.6,33.5,34.0,33.2,33.6,32.9,32.3,32.9,33.9,33.1,32.1,32.8,33.2,32.9,33.1,32.8,33.6,32.9,33.1,34.0,33.4,33.5,33.3,33.5,33.2,33.2,32.8,33.3,32.8,32.9,32.9,33.1,33.6,33.7,33.0,33.8,34.3,33.4,32.8,33.0,34.6,32.6,33.8,33.5,33.3,33.3,33.2,33.7,32.0,32.3,32.9,33.3,32.2,33.3,32.8,33.1,34.4,33.3,33.0,33.8,33.5,33.1,32.8,32.9,33.4,33.0,33.0,34.5,34.0,33.0,33.6,33.3,33.8,33.9,33.0,33.4,34.1,33.3,33.1,33.4,33.8,32.4,33.8,32.8,33.0,33.0,33.2,33.2,32.8,32.5,33.4,33.7,33.6,32.6,33.0,32.7,33.1,33.6,32.3,33.5,33.4,33.2,33.0,32.3,34.3
1785306020.6988685,1760,32.0,33.3,31.5,34.2,31.6,33.9,32.4,32.8,32.0,32.5,32.1,33.2,32.1,32.9,31.9,33.4,32.3,32.7,32.1,32.7,31.7,32.7,31.1,33.5,32.1,32.9,32.1,33.2,33.5,33.4,31.9,33.0,34.8,31.6,33.6,34.1,33.8,30.9,34.2,32.6,33.8,32.4,32.4,32.4,33.9,31.5,33.3,32.4,33.2,31.5,32.9,33.0,33.3,32.8,32.7,32.9,33.2,32.4,33.0,32.7,34.1,32.8,33.4,32.7,32.8,33.6,31.3,33.2,33.2,31.9,32.4,32.7,31.6,33.8,31.8,32.0,32.8,32.8,32.6,33.2,32.6,33.0,32.3,32.1,32.1,32.9,32.5,33.0,32.5,32.5,32.5,33.6,32.1,33.3,33.5,34.0,34.0,33.1,34.2,32.4,33.2,32.0,33.0,31.8,33.3,32.2,32.8,33.3,32.9,32.0,33.0,32.7,33.5,32.4,33.3,32.8,33.4,32.9,32.8,32.1,33.9,33.2,32.9,33.2,32.7,32.3,33.8,33.6,32.2,33.6,33.0,33.8,31.4,32.9,32.0,33.0,31.8,32.2,32.0,33.0,32.2,33.0,32.3,33.5,32.4,33.0,32.0,33.3,33.1,33.1,32.1,33.4,33.4,33.6,32.2,33.9,31.7,33.4,32.9,33.1,34.0,32.6,33.4,33.0,33.6,32.4,33.0,32.5,32.9,32.2,31.7,32.4,32.8,31.3,33.1,33.7,33.7,32.0,33.3,32.3,33.4,31.8,32.9,32.8,33.1,32.3,32.9,33.0,32.7,32.0,33.3,32.8,32.1,33.9,33.0,33.3,32.2,32.3,32.9,32.4,33.0,33.0,32.5,33.9,32.2,33.5,33.0,34.8,33.5,32.9,34.3,34.1,32.5,32.9,31.4,33.1,33.1,32.9,32.9,33.2,32.7,33.9,32.4,33.2,33.6,32.5,33.3,33.8,33.5,32.7,34.1,32.9,33.6,31.4,33.6,33.7,32.9,33.7,34.4,34.6,33.8,32.5,35.2,34.6,33.3,32.7,33.8,32.7,33.3,32.8,33.2,32.6,33.7,32.4,33.2,33.3,32.5,33.8,32.2,33.7,32.9,33.4,31.9,33.7,31.6,32.6,32.4,34.6,32.6,33.4,33.4,35.0,32.9,32.9,33.0,33.7,32.4,32.7,32.2,33.0,32.6,32.3,32.1,33.1,32.0,33.2,31.7,33.4,32.3,33.3,33.4,33.0,34.1,31.9,33.6,32.7,32.6,31.8,33.8,33.2,33.3,32.8,32.9,33.6,33.9,33.6,32.8,33.0,33.9,33.1,33.0,33.3,33.7,33.4,32.9,33.0,33.8,33.0,32.8,32.5,31.9,33.0,32.8,33.5,32.7,34.0,32.3,33.8,33.1,33.8,32.3,33.4,32.9,34.5,33.8,34.5,32.6,34.4,33.2,34.1,33.1,32.9,32.8,32.2,32.6,33.4,33.7,32.8,33.2,32.1,33.6,32.5,33.8,32.9,33.3,32.8,33.2,32.3,33.1,33.1,33.6,33.2,32.9,33.4,33.8,33.3,34.4,33.9,33.6,32.8,33.7,33.5,34.1,31.7,32.9,33.2,33.0,32.7,33.3,33.0,33.8,33.1,32.5,32.2,32.6,34.3,32.2,33.2,32.6,32.8,32.7,33.4,32.3,32.4,33.1,33.3,32.4,33.1,33.9,33.9,33.6,33.6,33.0,33.1,32.1,33.4,33.4,33.4,32.8,32.4,33.0,33.1,31.9,32.7,33.4,33.4,33.6,31.9,33.5,32.7,33.1,33.2,33.7,33.2,32.9,32.6,32.9,32.4,33.0,31.6,33.3,33.2,34.1,33.7,33.2,33.3,33.5,32.3,33.0,33.3,33.5,32.9,33.8,33.2,33.8,32.2,33.5,33.0,32.6,32.9,33.4,32.8,32.9,33.4,32.8,33.1,31.8,33.5,32.0,33.9,32.7,33.7,33.6,33.6,33.1,33.9,32.7,32.8,32.9,33.7,33.0,32.9,32.7,33.5,33.2,33.1,32.1,33.1,34.2,31.8,34.1,33.4,32.0,33.4,33.7,32.0,33.7,32.5,33.1,32.4,33.3,32.9,33.8,32.4,33.6,33.4,34.0,32.9,33.2,33.5,34.0,33.5,33.8,33.1,33.7,32.9,33.5,33.4,33.3,32.8,33.5,32.7,32.2,32.8,33.0,33.4,32.0,33.0,33.2,33.8,33.1,33.1,32.0,33.2,32.4,34.5,32.9,33.9,33.2,34.2,33.2,33.9,32.4,34.2,33.3,33.4,32.8,32.8,33.0,33.5,31.5,32.5,32.8,33.0,33.5,32.3,33.5,32.0,34.2,33.5,32.8,33.3,34.1,32.2,32.9,32.3,33.7,nan,33.9,33.2,33.7,33.5,34.4,33.8,33.3,33.1,33.8,34.0,33.1,32.5,33.5,33.4,34.4,33.3,32.9,33.3,32.9,33.0,33.0,34.0,32.6,33.0,32.6,34.1,32.2,32.8,32.6,32.8,32.1,32.9,33.7,33.2,33.1,33.6,32.9,33.7,32.7,32.7,33.6,33.5,33.3,33.3,32.8,33.8,32.8,33.2,33.7,32.7,33.5,32.8,33.3,32.6,34.5,32.0,33.7,33.9,33.4,32.4,33.1,33.1,32.7,32.7,33.5,34.1,34.8,33.4,32.8,33.7,33.7,32.6,33.3,34.0,33.9,33.2,32.7,32.6,33.6,32.5,33.6,33.4,32.9,34.5,33.0,34.0,33.5,33.8,32.8,34.1,32.4,33.1,34.0,33.7,32.1,33.9,33.7,34.1,33.1,33.2,34.0,33.9,32.3,33.2,33.7,32.8,32.7,33.1,33.2,34.2,32.9,33.5,34.0,34.3,33.5,33.2,33.8,32.9,33.1,32.7,33.4,32.8,33.6,32.7,33.5,33.2,33.3,33.3,33.5,33.9,34.2,32.6,34.1,33.3,34.3,33.4,33.6,34.3,33.5,33.0,33.2,33.3,32.6,32.8,33.4,33.8,32.4,32.9,33.5,34.2,32.6,33.6,32.6,33.0,32.3,33.6,31.8,33.1,32.7,33.6,33.8,33.3,32.9,33.2,33.6,34.0,32.4,33.0,33.0,34.5,33.2,33.4,34.1,33.6,32.4,33.6,33.8,33.8,32.9,32.8,33.6,33.2,33.9,32.5,33.4,33.2,33.0,32.5,32.8,33.3,33.9,31.6,34.1,33.3,34.2,33.0,32.4,33.2,33.5,32.8,33.1,33.3,34.6,32.4,34.1,33.8,34.9,33.9,33.9,33.8
1785306022.7137613,1761,33.3,33.4,33.4,33.1,33.3,32.2,32.8,33.1,33.1,33.6,32.3,31.5,33.1,32.6,32.9,32.4,32.6,32.5,33.1,33.0,32.8,32.1,31.6,33.5,32.2,33.0,33.3,33.3,34.3,33.0,33.5,32.9,32.3,32.7,33.3,33.5,32.8,32.1,32.2,31.7,34.1,32.7,33.1,32.6,32.7,32.4,32.8,32.7,33.1,32.6,32.6,33.7,33.4,31.6,33.5,33.0,32.7,33.2,33.4,32.4,33.3,32.9,33.0,32.8,32.7,33.2,32.1,34.0,33.5,32.5,32.9,34.0,32.5,32.4,32.4,32.3,32.3,33.1,32.5,33.3,33.1,33.0,32.4,33.3,33.6,33.2,32.1,32.4,33.3,32.8,33.2,32.9,32.7,31.9,31.5,32.7,32.1,33.2,32.5,33.6,33.3,34.0,32.1,32.9,33.2,32.5,31.3,32.0,32.6,32.7,32.8,32.2,33.4,33.6,33.4,32.7,33.0,32.7,33.3,32.8,33.8,32.7,32.1,33.7,33.9,32.6,33.7,33.7,33.1,33.0,32.5,33.0,33.1,32.4,33.8,33.7,33.4,31.5,32.1,32.8,33.3,33.2,34.2,33.4,32.9,32.9,33.3,33.4,32.9,33.2,32.4,33.2,32.8,32.9,33.3,33.2,33.3,34.1,33.0,33.7,33.0,33.2,33.5,33.6,33.5,32.3,32.2,33.6,32.7,33.0,34.4,32.7,32.6,32.3,33.3,34.0,33.0,33.3,35.4,34.3,32.1,31.9,33.3,32.9,33.7,32.4,33.0,32.7,33.2,33.4,33.4,31.8,33.2,33.4,33.9,33.4,32.1,33.5,33.0,33.4,32.6,33.5,34.7,34.5,33.1,32.8,34.4,35.1,33.0,32.5,33.9,34.7,33.5,33.0,32.9,32.0,33.0,32.9,32.7,33.5,32.6,32.8,33.2,33.3,32.6,31.7,33.0,32.5,31.9,32.5,33.3,33.9,32.9,33.0,34.7,34.0,32.9,32.5,35.1,34.8,32.8,33.4,32.9,34.4,34.0,33.0,33.3,33.5,33.3,33.1,32.7,33.0,32.9,32.3,33.3,32.3,32.6,31.8,32.7,33.2,33.2,33.0,32.8,33.9,32.4,33.2,32.7,33.4,33.5,33.8,34.1,34.4,33.8,33.0,33.3,34.6,33.6,33.8,32.6,33.5,33.2,32.9,32.9,32.1,32.3,33.3,33.1,33.1,33.6,33.0,32.5,33.7,33.5,33.1,33.6,33.7,33.3,32.6,34.1,33.5,34.2,33.2,33.7,34.4,33.7,34.3,34.0,33.1,33.7,33.3,33.3,32.9,32.6,33.0,33.6,33.1,32.8,32.2,33.3,33.3,32.2,33.4,34.1,33.4,33.5,32.5,31.8,33.5,33.3,32.9,33.0,34.3,34.0,34.0,33.0,34.3,34.3,33.7,33.1,32.7,33.0,33.3,33.3,33.8,32.7,33.0,32.4,33.1,32.4,33.2,32.3,33.7,33.2,32.4,32.6,33.0,33.1,33.3,32.5,32.4,33.5,32.3,33.5,33.9,34.1,32.8,34.3,34.7,33.3,32.9,32.9,32.3,32.9,33.1,32.6,32.5,33.0,32.3,33.8,33.0,33.6,32.9,33.2,32.7,32.5,33.4,32.9,33.3,32.4,32.9,33.0,32.3,32.9,32.6,33.1,32.9,33.7,33.7,33.2,34.2,33.7,34.0,33.1,33.1,33.0,33.1,32.5,33.5,34.3,33.0,33.7,33.1,33.0,32.4,32.7,33.3,32.4,32.4,33.4,32.6,33.0,33.7,32.2,32.6,33.2,32.7,33.8,33.1,33.8,33.5,33.7,34.1,34.1,33.3,32.6,33.3,32.3,32.5,33.4,33.6,33.3,33.2,33.8,32.9,32.8,33.2,31.6,32.8,33.2,33.2,32.7,33.5,33.3,32.6,34.0,33.5,32.9,32.8,32.3,33.5,33.0,33.5,34.0,33.9,33.7,34.2,33.0,33.1,33.5,33.2,33.5,33.7,33.3,33.1,33.3,33.9,32.4,33.0,34.1,33.7,33.2,33.8,33.8,32.1,33.1,32.6,33.5,32.4,32.9,32.5,32.9,32.9,33.5,32.5,33.3,32.3,33.1,33.1,33.2,33.5,32.9,33.0,33.9,33.6,33.2,33.3,33.6,33.8,33.2,33.1,32.8,32.2,33.2,34.8,33.9,33.2,32.9,32.9,33.0,34.2,32.5,32.9,32.8,33.3,33.3,33.0,32.8,33.7,33.0,34.0,32.8,33.7,32.5,33.2,32.9,32.8,33.1,33.3,33.1,33.1,33.5,32.9,33.5,34.1,33.0,33.3,33.6,33.2,33.4,34.1,32.9,33.2,33.2,33.2,33.0,33.0,32.8,nan,33.4,33.6,34.4,33.3,33.7,33.0,33.4,33.7,32.7,33.4,33.7,33.3,33.5,33.0,33.6,33.4,33.0,33.6,33.5,32.9,32.5,32.9,33.8,33.6,33.7,33.9,32.9,33.4,33.4,33.8,33.0,33.3,33.7,34.0,34.3,33.8,33.8,34.4,33.0,32.4,33.1,34.1,32.9,33.4,33.3,33.0,32.9,33.1,33.8,32.8,33.6,32.9,33.4,32.9,33.1,33.4,33.2,33.5,33.2,32.7,33.4,33.3,33.7,33.6,33.9,33.6,33.1,34.4,33.8,33.7,33.4,31.9,33.0,33.5,33.2,33.8,33.6,33.3,33.2,32.8,33.5,33.1,34.0,34.0,32.9,34.3,32.3,34.1,33.1,35.0,33.1,33.2,32.4,33.2,33.3,33.5,34.5,34.0,32.3,34.1,33.7,34.0,32.7,33.2,33.4,32.9,32.7,33.8,33.7,34.9,34.8,34.4,34.1,33.8,34.3,33.3,34.5,34.1,33.2,32.6,33.1,33.0,33.5,33.4,32.7,33.5,33.3,32.7,32.9,34.3,33.6,33.6,34.1,32.9,33.6,33.6,34.1,33.4,33.1,33.5,33.2,33.4,34.1,32.9,34.9,34.7,32.9,33.2,32.7,32.7,33.6,33.5,33.6,33.1,32.3,33.7,33.4,33.4,33.4,33.6,33.6,33.3,33.6,33.3,33.7,32.5,33.0,33.1,33.7,34.1,34.3,33.0,33.8,34.3,33.3,33.1,32.5,34.7,33.3,32.2,33.3,33.7,33.2,33.2,33.3,33.7,32.5,33.4,34.2,32.7,33.5,33.5,33.6,32.5,32.9,33.1,34.0,32.9,33.6,32.7,33.5,33.8,33.8,33.7,34.2,32.9,33.6,33.6,34.3,34.8
1785306025.1077673,1762,33.4,32.8,34.0,32.9,31.4,32.7,32.7,32.7,33.0,32.2,32.9,33.5,31.7,32.2,33.0,32.8,32.9,31.7,33.0,32.3,33.4,33.6,32.7,32.5,32.1,33.2,33.0,32.7,33.3,33.2,33.4,33.6,32.3,32.6,33.0,33.2,32.8,32.4,32.2,32.8,34.3,32.4,32.9,32.5,32.9,31.9,33.0,32.6,32.4,32.5,33.2,33.6,32.5,33.5,32.2,32.1,33.1,32.6,32.7,34.0,33.3,31.9,33.5,33.9,32.3,32.9,32.2,33.8,32.3,33.3,33.2,33.4,32.2,32.0,32.5,32.9,32.1,33.1,32.6,32.9,31.6,34.2,32.8,33.1,33.4,33.5,32.9,33.3,32.8,32.6,32.7,32.7,33.6,33.0,33.3,33.6,32.6,31.4,32.5,33.3,34.2,33.3,32.9,32.4,33.6,32.4,30.3,33.5,32.5,31.7,32.8,33.4,32.7,33.1,32.2,33.3,32.4,32.9,32.2,32.9,32.9,32.6,33.9,32.8,33.4,31.9,32.8,33.3,33.0,32.8,32.8,33.0,33.4,33.4,33.5,34.1,31.5,33.2,32.9,31.8,32.9,32.7,33.5,33.6,32.9,31.9,32.9,33.3,33.1,31.9,32.4,33.7,32.5,33.5,34.1,33.8,33.6,32.9,32.7,33.6,33.2,33.3,34.3,33.7,33.1,33.0,32.6,32.2,33.0,32.5,33.0,33.1,33.1,33.8,33.6,34.2,32.7,32.4,33.4,32.2,33.6,33.5,33.0,33.1,32.8,33.2,33.2,33.8,32.2,32.9,33.6,33.2,33.1,33.8,33.2,33.6,32.2,33.3,33.3,32.7,32.1,34.0,33.4,33.7,32.5,33.3,35.3,33.9,33.1,32.4,34.6,35.5,32.5,32.8,32.2,33.8,32.9,32.5,32.9,32.9,32.1,31.8,33.9,33.3,32.6,32.7,33.0,33.6,33.0,33.1,32.0,33.6,33.0,33.3,34.1,34.9,33.4,32.9,35.0,35.0,33.4,32.1,34.6,35.0,33.9,32.6,32.3,32.8,32.4,33.0,32.9,33.1,33.4,33.2,33.5,34.5,33.0,33.7,32.4,33.4,32.5,34.1,33.7,33.0,32.6,33.0,33.3,34.6,33.5,33.3,33.4,34.6,33.5,33.8,33.5,34.4,33.2,32.8,33.5,33.4,32.4,32.9,33.3,32.8,32.2,34.1,33.1,34.2,32.4,32.9,33.1,33.6,32.4,32.6,32.1,33.4,32.7,32.5,34.6,33.5,34.0,33.3,33.7,34.6,33.7,32.8,33.5,33.5,32.8,34.0,33.5,32.9,33.5,33.2,33.6,33.2,33.3,32.3,32.1,34.2,32.8,32.9,32.6,33.4,32.7,32.9,33.0,33.4,33.6,33.3,34.3,33.8,33.4,33.8,34.3,34.3,33.9,32.9,33.2,33.7,33.9,33.7,33.0,33.8,33.3,33.1,33.4,33.6,32.7,33.7,32.8,32.6,32.6,32.5,32.4,33.4,32.4,32.3,31.8,33.3,32.7,33.0,33.8,34.6,33.1,33.1,34.3,33.3,34.4,34.1,33.4,33.6,33.3,33.0,32.0,33.1,33.6,32.7,33.1,33.9,32.8,32.6,32.4,32.8,33.5,32.1,34.4,32.7,33.0,32.9,32.5,32.5,32.5,32.8,33.8,33.8,32.9,33.4,33.7,34.0,33.7,33.5,32.9,33.2,32.6,33.4,33.0,33.1,32.6,33.0,33.4,33.6,32.3,32.3,33.2,34.7,35.1,32.7,32.0,32.5,32.5,32.1,31.8,33.2,34.2,32.9,32.5,33.6,32.6,32.4,33.6,33.7,34.1,33.2,33.3,33.0,32.9,33.2,32.6,33.5,33.3,32.1,33.4,33.5,33.0,32.2,33.8,33.4,33.1,33.6,33.2,34.3,32.5,32.6,33.2,33.9,32.5,32.8,33.4,33.7,32.6,33.7,32.9,33.9,33.8,33.7,32.7,33.1,32.2,32.6,33.9,33.1,32.3,33.5,32.5,32.8,32.9,33.9,33.4,33.1,32.5,34.1,32.7,33.7,33.8,32.7,32.9,33.3,33.2,32.1,33.4,33.3,34.1,33.0,33.4,33.7,34.4,33.5,32.8,33.5,33.4,33.5,32.9,34.0,33.3,32.7,32.7,33.0,33.2,33.9,33.8,33.7,33.1,32.7,33.0,33.0,32.8,32.9,32.5,32.1,32.4,33.6,33.2,33.1,33.5,32.4,33.2,33.9,33.7,33.2,32.7,34.0,33.5,34.0,33.5,34.1,33.2,33.4,33.0,33.1,33.2,33.9,33.0,33.1,34.0,32.9,33.2,32.9,33.6,32.0,32.9,33.3,34.0,32.4,34.0,33.1,33.5,nan,33.7,33.6,33.8,33.7,33.1,33.5,33.4,32.6,32.7,34.0,32.5,34.1,33.3,33.9,34.4,33.1,33.8,33.9,33.3,33.8,33.6,32.7,33.2,33.2,33.2,33.3,32.6,32.7,33.1,32.8,33.2,34.0,33.4,33.0,32.7,33.3,33.7,32.9,32.9,33.4,33.5,33.6,32.9,33.4,34.7,33.2,32.9,33.3,33.9,34.1,32.8,32.8,33.0,33.8,33.3,32.9,33.4,32.8,33.4,32.7,33.2,33.6,33.5,33.0,33.6,34.0,33.8,33.0,33.8,33.4,33.3,32.3,33.4,33.8,33.3,33.4,33.0,33.0,32.8,32.9,32.0,34.4,32.3,32.9,34.4,34.3,32.6,33.0,33.2,33.5,32.4,33.7,32.8,33.9,33.2,33.3,34.0,33.5,33.9,34.3,33.8,33.3,32.5,33.0,32.6,33.2,33.1,33.7,34.5,33.9,33.1,33.8,32.9,33.3,34.3,33.4,34.1,34.4,33.6,33.1,32.8,33.6,32.5,33.6,33.9,32.9,32.9,33.0,33.2,34.2,34.1,32.8,33.2,32.3,33.2,33.6,34.2,33.6,32.8,32.8,33.7,34.3,33.9,33.2,34.6,34.0,32.8,33.0,33.5,32.7,33.7,33.5,33.0,33.6,32.5,34.3,33.8,33.2,33.6,33.4,33.6,34.0,33.1,34.5,33.3,32.9,32.9,33.6,33.8,33.3,33.0,33.7,34.9,33.3,32.8,34.0,34.0,33.5,33.3,32.1,33.3,33.4,33.6,32.9,32.4,33.6,33.2,33.3,33.3,32.1,34.0,33.2,33.3,32.8,33.3,33.5,33.2,33.9,33.0,33.1,33.0,33.1,33.6,33.8,33.4,34.2,33.8,33.3,32.9,34.0
1785306027.1507745,1763,32.4,34.0,32.1,33.9,32.6,32.3,33.0,33.5,32.5,32.8,31.9,32.3,33.2,33.2,32.6,32.4,32.3,32.7,32.8,32.5,33.4,33.6,32.6,32.9,32.6,32.6,32.0,33.4,34.3,32.8,32.2,33.1,32.6,32.8,32.5,32.8,33.5,31.4,32.0,32.1,33.5,31.8,32.2,32.2,32.0,32.0,31.2,32.2,32.8,31.5,32.7,31.9,33.1,32.3,32.0,32.6,31.9,32.6,33.8,33.7,33.1,31.8,33.8,32.3,33.4,33.4,32.3,33.1,33.3,33.3,31.9,32.2,32.1,32.8,31.9,32.1,32.4,31.9,31.9,32.4,32.9,32.8,32.2,32.6,32.6,32.7,33.2,32.6,33.0,32.2,32.2,33.3,32.7,32.8,32.2,32.5,33.4,32.8,32.9,33.4,33.8,31.8,32.7,32.1,33.2,32.5,32.5,32.6,32.3,32.8,32.6,32.2,33.1,32.0,32.5,32.5,33.7,32.5,33.3,32.6,33.1,33.3,31.7,31.9,33.7,32.0,30.9,32.8,33.6,33.1,31.4,32.8,32.1,33.6,31.7,32.7,32.5,33.3,33.1,32.7,32.7,33.1,32.8,33.6,32.9,32.6,32.0,33.3,31.5,32.9,33.3,33.0,32.8,33.0,32.1,33.8,33.3,32.7,31.9,32.8,33.4,32.0,33.3,32.9,31.7,32.2,33.2,32.7,32.3,32.1,32.7,32.5,33.5,33.1,34.1,34.2,33.8,32.3,32.9,32.3,32.8,32.1,33.2,32.5,33.5,32.6,33.2,32.9,33.2,32.4,32.1,32.7,32.5,32.5,32.1,33.0,31.8,33.4,33.6,33.4,32.1,32.8,31.8,32.9,32.6,32.8,34.3,34.9,33.5,33.0,32.3,33.0,33.6,32.0,31.9,33.3,33.0,32.5,32.3,32.2,33.0,33.8,32.1,33.4,34.2,32.9,32.6,33.1,32.9,32.5,33.5,33.0,32.9,32.2,32.4,33.1,32.4,33.3,34.2,34.2,33.4,32.4,32.7,32.4,33.4,32.9,32.6,32.4,32.9,33.1,33.3,31.9,33.5,32.1,31.6,31.7,32.4,32.7,32.1,33.2,33.2,33.2,32.9,33.2,32.6,33.2,33.2,33.2,33.0,33.2,33.5,34.4,34.1,34.3,33.1,32.4,32.7,33.3,32.8,32.6,32.5,33.3,32.9,33.2,32.5,33.3,31.6,32.5,32.6,32.3,33.7,32.6,31.6,32.9,31.8,32.9,33.0,33.1,32.3,33.2,33.4,33.7,34.0,33.7,34.7,33.1,32.9,32.6,33.4,32.3,32.5,32.7,32.7,32.5,33.4,32.9,33.3,32.4,31.7,32.2,32.4,33.6,33.1,32.8,32.6,34.0,32.6,33.9,32.6,32.9,32.1,33.2,33.6,34.3,32.7,33.4,34.1,33.1,32.8,32.4,33.5,33.2,32.9,33.2,32.9,32.8,32.3,33.5,33.2,32.5,31.6,32.0,34.3,32.8,33.0,33.4,33.1,31.7,32.0,33.4,33.6,32.5,32.7,33.1,33.9,33.4,33.4,33.8,34.5,33.1,33.9,32.8,33.4,33.1,32.8,32.5,33.0,33.4,33.3,32.1,33.6,32.1,32.8,33.1,32.8,33.8,32.5,32.7,33.1,33.3,33.5,32.8,32.8,32.8,32.1,33.6,33.2,33.4,33.8,33.9,33.5,33.2,33.6,33.9,32.7,33.2,32.7,32.5,32.9,32.3,32.8,33.3,32.4,33.0,33.9,32.7,33.3,32.0,31.6,33.0,33.0,32.3,32.6,32.1,33.0,32.2,32.7,32.2,33.6,33.3,33.4,34.1,34.5,33.5,34.4,33.8,32.9,33.3,32.9,32.6,32.3,31.9,34.3,31.9,33.2,32.3,31.8,34.0,32.8,33.8,32.7,33.3,32.4,33.1,32.8,33.0,32.3,32.8,33.3,33.3,34.3,33.7,33.8,33.6,33.1,34.0,33.8,33.9,32.2,32.7,33.0,33.7,33.5,32.8,32.6,32.5,32.8,33.6,32.9,32.1,33.0,33.2,33.5,33.3,32.4,32.5,33.1,32.6,33.4,32.3,33.4,33.2,33.9,33.1,33.4,33.2,33.3,33.3,33.9,33.5,33.1,32.7,32.9,33.1,33.5,33.0,33.3,33.3,33.4,33.3,32.4,32.4,31.9,33.4,33.3,33.0,33.3,32.9,32.8,32.1,33.2,32.8,31.8,33.3,33.6,33.0,32.7,33.4,33.7,34.0,34.2,34.8,32.5,33.5,32.3,32.6,33.1,33.1,33.0,33.3,32.6,33.5,32.5,32.9,32.8,31.8,31.4,32.5,33.6,33.0,33.5,33.1,33.4,33.0,33.0,32.4,34.0,nan,33.1,33.1,33.8,33.0,33.9,33.3,33.8,32.6,33.0,33.1,32.5,33.5,32.4,32.8,33.5,32.8,33.6,32.8,32.6,33.8,32.1,33.5,33.3,34.0,33.5,33.2,32.2,32.7,32.6,34.0,32.4,33.7,33.4,33.7,33.0,34.8,33.3,34.2,33.3,33.7,32.2,33.4,32.7,32.9,33.5,33.2,32.7,32.9,32.8,33.9,33.7,33.6,33.4,33.3,32.5,32.7,33.4,33.1,33.9,33.2,33.1,33.4,34.0,33.0,33.1,33.6,34.1,33.5,33.1,33.3,33.0,32.8,33.2,33.0,33.2,33.5,33.6,33.7,32.4,33.4,33.3,33.3,31.7,33.3,33.1,33.1,32.1,33.6,32.2,33.7,31.3,33.2,32.2,33.8,32.9,33.2,32.7,33.3,33.9,33.8,33.2,33.0,34.0,33.2,32.7,32.2,33.2,33.2,34.2,33.4,33.7,33.0,33.3,33.1,33.4,33.8,33.5,33.1,34.0,33.0,33.5,33.3,33.0,33.4,32.7,32.6,34.0,33.1,33.6,33.6,34.5,33.4,33.2,32.9,32.5,34.3,33.5,33.7,33.3,33.1,33.6,33.5,32.3,32.3,33.1,33.7,32.7,33.3,33.6,34.5,33.8,33.7,31.5,32.7,32.6,33.0,32.1,32.9,33.8,33.6,33.8,34.3,33.8,33.1,33.4,33.5,32.7,33.3,32.6,33.0,33.7,33.4,33.0,32.9,33.1,31.4,33.5,33.3,32.6,32.9,32.4,31.5,33.5,32.8,32.6,31.8,33.3,33.0,32.7,33.3,33.1,32.8,33.8,33.3,32.8,33.0,33.8,33.0,33.4,32.4,32.6,32.3,33.2,33.5,33.4,32.5,33.4,33.2,34.1,33.3
1785306029.1611164,1764,32.3,33.6,31.5,33.2,33.2,32.1,32.2,33.4,31.2,32.5,31.8,32.6,31.0,31.9,32.3,33.2,32.0,32.2,32.5,32.0,33.3,32.5,32.1,32.1,33.1,32.7,32.8,33.0,33.6,33.8,32.9,31.5,35.1,31.3,33.4,32.4,32.2,32.9,32.3,31.0,33.4,33.0,33.2,32.7,32.4,31.7,32.7,32.8,33.2,32.5,32.5,32.9,32.7,32.8,32.9,33.1,32.6,32.7,34.3,32.7,33.4,32.6,32.9,32.2,32.8,33.6,31.3,34.1,32.7,33.0,31.8,33.1,32.2,32.1,32.0,32.9,32.6,32.8,33.2,32.5,32.8,32.7,32.8,33.0,32.5,32.7,33.5,32.6,33.2,33.5,32.1,32.8,33.7,31.8,32.1,34.0,32.5,31.7,32.8,33.8,33.2,32.7,33.0,32.8,32.5,33.0,33.0,32.1,32.4,32.7,32.5,33.1,32.6,33.1,33.1,32.6,33.3,33.1,32.1,32.7,32.8,33.2,33.3,33.2,32.5,32.3,32.7,33.1,32.5,33.6,32.6,34.0,32.6,32.5,33.0,33.0,33.1,32.8,32.2,32.7,33.1,33.1,34.4,34.3,32.5,32.3,32.2,33.0,32.8,32.1,32.6,33.4,33.2,32.5,33.0,33.5,33.6,31.5,31.4,32.2,33.3,33.1,34.0,32.4,33.0,32.3,32.8,32.2,32.7,32.4,33.2,32.1,32.7,32.8,34.8,34.7,32.9,32.0,32.7,32.4,32.7,32.3,33.2,33.1,33.2,33.2,32.9,32.8,33.1,33.3,32.8,33.7,33.3,32.6,33.6,33.9,32.6,33.2,32.2,32.8,32.3,33.4,32.0,33.6,32.8,32.8,33.4,34.6,33.9,32.8,32.3,32.6,33.7,32.5,32.4,32.8,33.1,31.7,33.5,33.2,33.3,32.9,33.7,33.4,33.4,33.6,34.1,33.4,32.5,32.6,32.5,32.2,32.4,33.1,32.9,32.7,33.2,32.9,34.2,33.4,33.3,33.1,32.9,32.3,33.1,32.9,32.3,33.5,32.5,33.0,33.2,33.3,33.1,33.2,33.6,33.5,31.9,33.0,32.4,34.5,32.5,32.5,33.2,32.9,33.3,32.4,33.1,33.3,33.4,33.9,33.1,34.2,33.1,32.8,33.0,33.0,32.2,33.1,33.0,32.7,32.8,32.5,33.2,32.5,32.2,32.6,33.0,33.2,33.1,32.9,33.2,33.3,33.2,32.8,33.3,33.3,33.4,33.4,32.7,33.6,33.7,33.8,33.9,33.6,33.9,33.1,33.6,33.8,32.3,33.5,33.2,33.3,32.2,33.4,33.1,33.4,33.0,32.5,32.4,33.6,33.2,32.4,32.2,32.7,32.7,33.3,32.5,33.4,32.0,32.8,33.1,33.5,33.7,33.3,33.5,33.7,32.8,33.3,33.5,33.4,33.4,33.2,32.3,32.9,32.3,33.4,33.4,33.2,32.5,33.2,32.8,31.5,33.1,33.5,33.0,33.3,32.1,31.4,33.3,33.0,33.4,32.9,33.2,33.1,34.3,33.3,34.4,33.6,33.3,32.7,33.3,34.0,32.2,33.3,32.9,32.9,33.0,33.8,32.8,32.9,33.3,33.1,32.5,33.6,32.6,32.8,32.4,33.7,32.6,32.8,32.9,32.9,33.8,32.5,32.5,33.7,34.0,33.6,32.9,34.1,33.8,33.4,32.7,35.2,33.1,33.3,32.9,32.7,33.0,33.2,33.2,32.6,34.1,33.1,33.0,33.0,32.7,33.4,33.3,32.1,32.7,33.2,32.8,33.0,32.9,32.4,33.4,33.3,33.7,33.4,33.0,33.2,33.6,34.3,34.4,33.3,32.0,33.2,33.3,32.6,32.5,32.4,33.6,33.7,32.9,33.5,33.5,32.7,33.3,32.9,32.6,33.8,32.3,32.6,33.2,33.2,32.0,32.0,33.9,33.4,33.4,33.2,32.9,33.4,33.3,33.4,33.2,34.1,33.2,32.8,32.5,33.2,32.8,32.5,33.8,33.3,32.9,32.5,33.4,34.2,33.2,32.8,33.5,32.2,32.8,32.4,34.4,34.4,32.6,33.1,33.8,33.3,34.9,34.0,33.3,33.2,33.5,33.1,34.4,34.2,33.0,33.2,33.1,32.8,32.9,32.7,33.3,33.4,33.1,34.1,32.7,33.1,31.8,32.4,33.0,33.8,33.7,32.8,32.2,33.8,33.1,32.8,33.2,33.7,33.7,33.6,33.2,33.4,33.2,33.4,34.1,35.4,33.5,33.1,33.4,32.7,33.9,33.9,32.9,33.5,31.9,32.3,32.6,33.6,32.2,32.5,32.3,32.0,32.6,31.8,33.3,33.0,32.2,32.1,32.4,32.6,34.6,nan,32.3,33.8,33.8,34.8,33.6,34.0,32.5,33.7,32.2,32.8,32.6,32.7,33.7,33.6,33.3,32.7,33.5,33.3,32.5,33.3,32.0,34.0,32.6,32.8,33.0,33.6,33.1,33.3,32.3,33.3,33.1,33.7,33.4,33.9,34.5,33.2,33.2,33.6,33.7,33.4,33.1,33.0,33.7,33.3,34.0,32.5,33.3,32.8,33.3,34.0,32.4,33.0,34.3,32.6,32.8,32.7,33.5,32.1,33.3,32.9,32.9,33.1,32.7,32.7,34.0,34.0,32.7,33.2,33.2,33.1,33.2,33.5,33.3,34.0,33.2,32.5,33.7,33.6,32.1,33.5,33.6,32.8,32.7,32.6,32.4,32.9,32.2,34.0,31.4,33.2,32.3,33.6,32.8,34.0,33.2,32.5,34.0,33.4,33.4,33.7,33.8,33.0,33.9,33.0,32.2,33.5,32.9,33.1,33.6,33.8,33.9,32.5,34.9,34.1,33.5,33.0,34.6,33.2,33.5,33.5,34.5,32.9,32.5,33.6,33.8,33.1,33.5,33.0,32.8,33.9,33.1,33.2,33.8,33.0,33.3,33.6,34.1,33.5,33.4,33.5,33.0,33.9,32.4,34.8,33.9,34.0,32.8,32.2,32.9,33.9,32.4,34.0,32.2,33.7,33.8,33.3,32.9,33.1,33.8,32.6,33.5,33.2,34.0,33.5,32.4,32.8,32.8,32.5,33.1,32.3,33.0,32.3,33.1,33.2,34.1,34.1,33.8,34.8,32.0,33.9,33.6,33.2,33.5,33.1,32.4,33.6,33.3,33.5,33.3,32.8,32.6,33.0,33.5,33.2,33.3,32.7,33.7,33.7,32.9,33.0,33.4,33.5,33.4,33.8,33.9,34.0,34.5,33.5,33.5,34.7
1785306031.349279,1765,33.3,32.9,34.6,34.8,33.6,32.3,32.8,32.5,31.7,32.8,32.7,32.3,32.4,32.8,33.0,33.2,32.3,32.7,32.2,32.8,33.2,33.4,32.1,33.9,32.6,32.4,32.6,33.4,32.8,32.6,33.5,33.1,33.1,33.3,33.3,34.0,33.9,31.9,32.7,33.0,33.5,32.2,32.9,32.2,34.0,32.2,32.1,33.7,33.5,33.1,33.0,32.4,33.2,32.3,32.8,33.4,32.7,32.6,31.9,33.3,33.1,33.4,32.8,32.5,32.9,33.2,32.1,32.2,33.1,32.9,33.0,33.2,33.7,33.3,32.3,33.1,32.4,32.9,31.9,32.2,32.2,32.6,32.9,33.1,33.0,32.1,34.0,32.4,33.9,34.0,32.2,33.1,33.3,34.1,32.7,32.7,33.8,33.5,32.7,32.3,32.5,32.6,32.5,32.7,32.8,32.1,32.9,32.0,32.5,33.0,33.0,32.5,33.3,33.6,32.7,32.7,33.1,32.5,32.6,32.8,33.6,32.7,32.7,32.9,33.9,32.4,32.6,33.5,33.6,33.1,32.1,32.8,32.1,33.8,33.1,32.2,32.7,33.6,32.9,32.3,32.5,33.1,33.7,32.9,32.9,33.3,33.2,33.3,32.7,32.9,33.5,32.7,32.8,33.1,33.7,32.5,32.1,33.5,33.3,33.9,33.2,32.7,33.3,33.6,34.5,32.9,33.0,33.4,33.0,32.5,32.5,32.2,33.5,32.6,33.1,34.0,33.0,33.0,32.1,33.7,33.5,33.1,32.6,33.4,33.2,33.4,33.4,33.7,34.0,33.0,33.2,32.7,32.5,32.7,33.3,32.8,33.7,33.9,32.7,32.9,33.1,33.7,32.7,32.9,32.3,32.9,34.9,34.9,33.0,33.5,32.9,32.5,34.1,32.5,32.2,32.7,33.9,33.1,31.9,32.4,32.8,33.8,32.8,34.4,34.4,34.6,32.8,32.5,32.9,33.8,32.8,33.4,33.2,33.1,32.6,32.6,33.2,33.5,35.0,34.0,32.8,33.1,32.6,33.4,33.6,32.5,32.4,32.8,32.6,31.9,32.8,31.8,32.9,32.1,33.7,32.8,32.4,33.5,32.3,33.4,33.0,33.5,32.1,33.7,32.7,32.4,32.1,33.2,33.5,32.9,33.7,33.8,33.5,33.5,32.6,34.0,33.2,33.5,32.6,32.6,32.0,33.5,33.3,32.8,32.9,32.9,32.7,33.1,33.2,33.0,33.5,33.0,33.3,32.9,32.7,33.0,32.9,32.3,32.5,33.2,33.1,33.7,34.2,33.6,33.9,33.4,32.4,32.5,33.7,32.3,33.0,32.7,33.0,32.0,33.4,33.5,33.1,32.2,33.2,32.5,33.9,33.0,32.1,33.2,33.0,33.3,33.1,33.2,34.3,33.3,32.1,32.7,34.1,34.2,34.1,33.5,34.3,34.5,33.3,33.6,33.2,32.9,32.3,33.3,32.7,34.0,32.8,33.1,33.3,33.4,33.5,32.9,33.0,32.6,33.2,32.8,33.7,32.6,32.5,33.1,33.7,33.1,33.3,33.1,34.2,34.5,33.4,34.1,34.5,33.1,33.9,33.1,33.1,33.0,32.8,32.4,32.6,33.5,32.7,32.3,32.9,32.5,32.8,32.1,32.3,34.2,32.9,33.5,33.1,32.9,31.8,32.8,32.8,33.3,33.1,33.3,34.2,33.7,33.4,34.3,33.9,34.2,33.3,33.2,33.5,33.6,32.7,33.3,33.4,33.0,33.0,33.4,32.8,33.0,32.3,32.1,34.7,33.1,32.6,32.6,33.4,32.8,32.9,31.9,33.8,33.4,32.3,33.1,34.7,34.6,34.2,34.1,34.1,34.4,34.1,33.9,33.4,32.6,33.2,32.4,33.0,33.2,33.4,33.3,34.3,33.0,33.2,32.4,33.2,33.4,33.1,34.1,33.2,33.7,32.8,32.8,33.4,32.8,33.2,33.2,33.2,34.2,33.2,32.9,33.2,34.0,34.3,33.9,33.0,33.2,33.1,33.7,33.1,33.3,32.3,34.3,33.3,33.2,33.9,32.7,33.2,33.6,32.5,32.7,34.0,33.0,33.3,33.5,33.2,32.0,31.9,32.8,34.1,33.6,33.1,33.2,33.9,33.6,33.4,34.3,33.7,33.0,33.4,33.3,33.9,32.8,33.1,34.0,33.6,33.3,33.0,34.4,33.4,34.0,33.5,33.2,34.0,33.1,33.7,32.7,33.6,33.1,32.3,33.5,33.8,33.0,33.0,33.1,33.8,33.7,33.7,35.0,33.3,33.5,33.1,33.6,32.6,33.3,33.0,32.9,33.7,32.8,32.5,33.5,33.8,33.5,32.8,33.3,34.0,33.0,33.1,32.4,33.7,33.7,33.2,33.1,34.8,nan,33.2,33.5,33.5,33.3,33.9,34.0,33.1,33.3,32.9,33.1,33.9,33.2,32.7,33.3,33.1,33.4,33.6,34.2,34.3,33.2,32.9,33.5,33.7,33.6,32.0,34.2,32.5,32.9,33.1,33.6,33.4,34.3,33.5,33.7,33.2,34.7,33.2,33.7,34.0,33.7,33.1,34.0,33.4,34.3,33.5,33.6,33.5,33.9,34.2,32.9,33.2,33.2,33.4,33.1,34.6,33.8,31.9,33.1,33.2,33.0,33.4,33.5,33.7,33.0,33.3,33.3,34.1,33.7,33.8,33.0,33.8,32.6,32.5,34.1,33.4,32.9,32.5,33.5,33.6,33.2,33.3,32.9,33.3,33.8,32.7,33.3,33.5,32.8,32.4,33.4,33.1,33.6,32.7,33.1,33.0,33.9,32.9,33.5,33.4,33.5,34.3,33.5,33.4,34.4,34.3,32.3,32.5,33.8,34.2,33.4,34.1,33.2,33.5,33.6,33.2,32.9,33.3,32.4,32.9,32.8,32.8,32.6,34.6,34.4,32.7,34.0,34.3,33.6,33.4,34.5,33.8,34.0,33.9,33.0,33.4,32.9,33.2,33.6,33.5,34.0,32.8,34.0,33.9,33.1,32.3,34.8,32.7,34.4,33.2,34.3,33.6,33.3,32.7,32.9,32.7,34.1,33.6,33.3,33.2,33.9,34.3,33.1,33.6,33.3,33.2,33.4,32.9,33.5,33.2,33.3,33.7,33.7,33.6,33.9,32.7,34.0,33.9,33.7,33.5,33.4,33.1,33.3,34.1,33.6,31.8,34.3,34.4,33.6,32.9,33.1,33.7,33.3,32.9,32.6,33.5,33.7,34.0,32.8,33.6,32.9,33.0,33.2,34.3,33.9,33.4,33.1,33.2,33.8,33.8,34.2
1785306033.6023476,1766,32.2,32.6,33.6,33.6,32.9,32.3,33.6,32.9,32.7,32.4,31.9,31.9,33.4,32.3,32.8,32.4,33.5,32.5,32.4,32.5,33.7,33.0,32.8,32.1,33.2,33.3,32.9,32.0,34.6,34.0,31.7,34.2,32.3,34.1,33.3,33.0,33.2,31.7,32.0,33.6,31.9,32.2,31.6,33.5,32.2,32.4,32.7,32.0,32.2,32.9,32.7,32.8,32.9,32.5,31.2,33.4,33.1,32.6,31.9,33.5,32.9,32.7,32.8,33.8,33.2,32.9,32.1,32.7,33.5,33.3,32.7,32.8,32.9,33.0,32.8,31.8,32.7,31.5,32.4,32.0,33.1,32.4,32.6,33.1,32.6,32.1,32.3,32.0,33.3,32.4,31.6,33.5,34.4,32.6,33.6,32.2,33.1,33.0,32.9,33.2,32.3,32.8,32.7,33.3,32.6,32.7,32.2,32.2,32.3,33.2,32.1,32.2,32.2,32.7,32.7,32.9,31.7,33.0,32.2,32.3,32.3,32.5,32.3,33.1,33.2,32.7,32.6,33.9,32.4,31.4,31.8,32.8,33.2,32.6,32.9,32.5,33.2,32.7,32.3,32.5,33.0,33.6,32.6,32.1,33.4,32.6,31.8,33.4,33.4,32.2,32.6,32.3,32.2,32.6,33.1,32.3,33.1,33.7,33.7,32.8,33.0,32.7,32.2,33.8,33.3,32.7,33.2,32.1,32.3,33.0,33.2,32.0,32.1,32.5,32.1,32.8,33.5,33.1,32.6,32.1,33.0,32.4,32.8,32.5,32.1,32.3,32.4,33.1,32.6,33.4,32.3,33.4,33.4,33.2,32.7,33.4,32.9,33.0,34.0,33.8,32.2,33.7,32.8,33.0,33.1,32.1,32.5,32.8,32.6,33.2,32.4,32.5,32.5,32.3,32.4,32.7,32.8,32.4,33.0,32.0,32.6,32.2,33.0,32.7,33.1,32.2,32.6,33.5,32.5,33.6,34.6,34.2,33.1,33.2,32.4,32.8,31.6,33.5,32.1,32.7,32.8,33.2,32.7,33.1,31.7,32.2,33.0,32.6,32.8,32.6,32.0,32.1,32.5,34.0,32.7,32.8,32.2,31.2,32.7,32.4,32.4,33.2,34.0,33.5,33.2,32.0,31.9,32.6,33.0,33.0,31.9,32.5,32.5,33.4,33.3,33.5,33.5,32.9,32.6,32.8,32.5,31.9,32.9,32.8,32.7,32.8,32.9,32.1,32.6,34.2,32.5,33.4,33.3,33.3,33.2,34.8,32.2,32.6,32.6,32.8,32.6,33.1,32.2,32.4,32.3,32.3,32.2,32.9,32.4,32.6,32.8,33.4,32.5,33.0,33.2,33.1,32.2,32.8,33.0,33.7,32.7,32.5,32.5,34.0,33.0,34.2,33.3,33.9,33.9,33.6,32.9,32.9,33.2,33.1,33.1,32.4,33.2,33.5,32.8,32.4,32.9,33.2,32.1,33.0,33.0,33.3,32.6,32.9,32.4,32.6,32.6,33.5,33.7,33.6,32.4,32.8,34.2,33.3,33.6,34.1,33.6,33.8,32.7,32.6,32.3,32.6,32.2,32.0,32.5,32.3,33.1,32.5,32.6,32.8,32.3,32.7,32.5,32.7,33.8,32.6,33.6,32.9,32.0,32.5,33.6,32.8,32.7,32.5,33.3,34.5,34.6,33.2,33.6,32.6,33.4,33.6,32.5,33.1,32.9,33.1,33.4,32.9,32.5,32.9,32.6,32.9,33.3,32.3,32.8,32.0,33.2,33.6,32.8,33.0,31.9,32.9,31.6,32.0,33.4,33.4,32.7,33.7,34.0,34.3,34.5,32.9,32.5,32.6,31.8,32.9,32.3,33.5,33.0,33.3,32.5,33.3,32.9,32.3,34.1,32.4,33.0,32.7,32.7,33.1,32.1,32.5,33.2,34.0,33.6,32.4,33.1,31.8,33.9,33.7,33.9,33.5,33.6,33.5,34.1,32.4,33.2,32.9,33.4,33.1,32.8,32.7,32.5,32.9,32.3,32.9,33.8,31.5,34.3,32.4,33.3,33.4,32.6,33.0,34.1,32.7,31.7,33.6,32.3,34.1,33.3,34.3,33.5,34.2,33.2,33.2,33.4,33.1,32.8,32.8,33.7,32.8,34.7,33.2,33.0,33.5,32.3,32.5,32.2,32.8,33.4,32.8,33.3,33.7,33.4,33.4,34.2,33.4,33.0,33.2,33.3,33.9,34.8,33.1,33.9,33.4,33.6,33.3,33.1,33.3,33.2,32.5,33.0,32.9,33.2,32.9,33.0,33.0,32.8,32.9,33.1,32.8,33.3,32.6,32.8,33.1,33.5,33.7,32.9,33.1,33.2,33.7,32.2,33.3,33.5,34.0,32.6,33.4,33.7,33.9,34.0,33.4,32.8,nan,32.9,33.3,33.0,32.5,33.1,33.6,32.4,32.8,32.7,32.7,33.6,33.0,32.9,32.6,34.6,33.0,35.0,33.2,34.1,33.0,33.5,33.5,35.3,33.8,34.6,33.5,34.1,33.1,34.0,34.7,32.4,34.0,32.9,33.2,32.5,33.4,33.7,32.9,32.7,32.0,33.4,32.2,33.4,33.4,33.5,33.0,32.7,33.1,33.0,33.5,31.9,33.8,32.8,34.1,33.1,33.6,33.6,32.4,33.2,33.7,33.1,32.7,33.2,32.8,32.4,33.1,34.0,33.2,33.1,33.3,33.0,32.8,33.4,33.0,32.7,33.7,33.8,33.5,33.9,33.6,33.7,33.5,33.7,33.1,33.3,32.8,33.3,32.6,34.3,33.9,33.1,34.1,32.9,32.9,32.4,32.7,33.4,33.3,33.2,33.8,33.1,33.8,33.1,33.5,33.8,31.8,33.6,34.1,33.7,33.7,33.3,34.0,33.3,33.8,33.6,33.6,33.1,34.3,33.1,33.4,32.6,32.6,32.8,33.0,34.1,33.2,32.9,33.4,33.9,33.1,33.6,32.4,33.4,33.3,32.4,32.9,33.5,33.4,32.9,33.1,32.4,34.2,32.5,33.1,32.7,35.0,33.4,32.8,33.4,33.4,33.4,34.3,33.7,32.9,33.9,33.4,33.8,31.8,33.2,32.9,33.4,33.1,33.4,34.0,32.5,32.7,33.1,31.9,32.6,32.6,33.9,33.2,34.4,34.3,34.0,34.2,33.9,34.0,32.8,33.1,33.3,33.5,32.8,32.6,33.3,33.5,32.7,33.2,33.3,33.6,33.3,33.3,33.8,32.9,32.8,33.0,32.4,33.7,32.9,33.8,32.6,32.8,33.4,33.5,33.8,33.7,33.2,33.8,34.5,35.1
1785306035.572587,1767,32.6,34.6,32.0,33.2,33.0,33.9,34.2,33.0,32.8,32.9,33.0,32.2,32.7,32.9,33.4,32.1,33.5,32.9,33.8,34.1,33.3,32.4,32.0,33.2,33.1,33.0,33.4,33.0,33.3,33.6,33.9,33.8,33.2,33.7,34.1,32.7,32.5,32.7,33.0,32.4,33.8,32.8,32.9,32.1,32.1,33.2,32.6,32.5,33.6,32.5,32.8,32.9,32.8,33.4,33.1,32.5,33.0,33.1,32.6,32.5,33.9,33.3,32.2,33.7,32.5,33.3,32.9,34.8,33.2,33.4,32.6,32.9,33.2,34.0,32.2,33.2,33.4,32.3,32.8,32.7,32.5,33.1,32.7,32.7,33.4,33.6,33.1,32.8,33.1,33.3,32.1,32.6,33.7,33.1,32.1,34.4,33.9,33.8,32.6,32.8,32.0,32.7,32.8,33.6,32.4,33.5,33.2,32.3,31.9,32.4,32.9,32.1,33.2,33.3,32.6,34.0,32.5,33.0,33.0,32.4,33.4,33.4,32.8,32.2,32.7,33.8,33.1,33.1,33.9,32.5,32.6,33.6,32.5,33.1,33.0,32.6,33.0,33.5,32.4,32.6,33.1,33.0,34.1,33.3,33.0,32.7,32.9,33.0,33.0,33.5,32.9,33.5,33.8,32.5,32.6,33.0,33.8,33.0,32.9,34.0,34.0,32.2,33.2,32.2,33.0,33.0,32.7,32.4,33.5,33.5,32.4,32.3,33.7,33.6,33.9,32.8,31.8,33.3,32.7,33.4,33.3,33.5,33.4,32.5,31.9,32.6,33.3,33.6,32.5,33.1,31.7,31.7,33.5,34.1,33.4,33.5,32.6,33.3,34.6,34.6,33.6,33.1,32.8,33.7,32.9,32.9,32.4,32.7,32.5,33.0,31.9,32.5,32.7,34.1,32.5,32.5,33.6,32.5,31.9,32.7,33.5,33.1,33.7,34.5,34.1,33.2,33.5,32.6,33.5,33.3,34.9,34.7,33.5,33.0,32.7,32.9,33.5,32.3,33.6,33.5,33.2,32.5,32.8,32.4,33.5,33.4,32.7,33.6,32.3,32.9,33.9,31.7,32.4,33.4,33.4,33.7,34.0,33.2,32.4,33.9,33.5,34.2,33.9,34.3,33.0,33.3,31.7,33.0,33.0,32.7,33.0,33.3,33.0,33.0,32.6,32.8,33.3,32.5,32.4,32.7,32.8,32.5,33.0,33.5,32.4,33.0,32.6,32.6,34.6,32.7,33.0,33.7,34.5,34.5,34.7,34.0,34.1,33.2,32.6,33.3,32.9,34.1,33.5,33.5,33.5,33.0,32.8,32.9,32.9,32.6,33.4,33.3,33.1,32.8,32.6,33.2,32.1,33.3,32.4,32.6,33.2,33.5,33.4,34.5,33.7,34.1,34.4,33.8,34.2,35.0,33.2,32.8,33.3,33.3,33.4,33.0,34.1,32.7,32.9,33.3,32.7,34.1,33.0,33.1,33.0,33.4,33.4,33.0,32.9,32.0,34.0,32.6,33.8,34.0,33.9,33.3,33.8,33.4,33.5,32.8,34.3,33.9,33.1,33.3,33.2,33.0,33.2,32.6,33.2,32.7,33.0,32.9,32.7,33.1,33.4,33.0,32.9,32.6,32.7,33.1,32.8,33.3,34.5,33.4,34.1,33.3,33.4,34.4,34.1,34.1,34.3,34.3,34.0,33.9,34.5,33.4,33.0,32.5,33.0,33.0,33.3,32.8,33.6,33.0,33.5,33.3,33.4,32.8,34.7,32.9,33.3,33.2,33.3,32.6,32.8,33.2,33.2,33.6,33.7,32.9,33.8,34.2,33.5,34.1,34.3,33.3,33.6,32.8,33.6,33.1,32.6,33.7,33.4,33.3,33.5,32.4,32.6,33.5,33.5,32.4,32.9,33.5,33.3,32.9,33.1,33.0,33.1,33.5,33.3,34.7,33.4,33.6,33.8,34.8,34.3,34.1,33.9,33.7,33.8,33.6,33.6,33.8,33.1,33.2,34.9,32.2,32.6,33.2,33.3,33.3,33.2,32.4,32.7,32.7,33.3,34.0,33.1,33.3,32.6,33.4,33.7,34.1,33.9,33.4,33.4,34.0,34.1,33.2,32.8,33.3,34.3,33.0,32.6,33.1,34.0,32.6,33.3,32.9,34.0,33.3,33.0,33.7,34.2,33.0,32.6,33.3,33.5,32.9,33.0,33.5,32.9,33.6,34.8,33.5,33.4,34.2,33.9,32.8,33.1,33.1,34.4,34.5,33.6,34.3,33.6,33.5,32.9,34.0,33.3,33.6,33.9,32.8,32.8,34.0,32.6,33.7,33.7,33.9,33.1,33.9,33.6,33.8,34.3,33.4,33.9,33.0,33.7,34.1,34.1,34.6,33.7,32.8,33.8,33.8,33.8,32.8,33.1,nan,33.4,33.9,33.7,33.8,33.4,33.9,33.4,33.4,32.6,33.2,33.2,33.3,33.2,32.7,33.7,34.2,33.7,33.5,34.0,33.5,33.4,34.2,35.3,34.5,33.6,34.3,33.7,34.0,33.7,33.9,33.0,33.1,33.3,34.0,33.8,32.8,33.6,33.8,33.9,33.1,33.0,34.1,34.4,32.8,34.0,34.3,33.9,34.4,34.3,33.4,34.0,33.5,34.4,33.4,34.3,33.9,34.1,34.1,33.8,33.7,32.1,33.6,33.6,32.6,32.5,34.0,32.9,33.6,33.1,33.9,33.2,33.7,32.6,33.5,34.0,33.6,33.5,34.1,32.9,33.9,34.0,33.6,34.7,32.8,33.2,34.0,34.5,35.0,34.4,33.5,34.2,34.0,33.5,33.7,32.7,33.3,34.1,33.1,33.6,33.1,34.2,33.8,33.7,33.1,34.2,33.3,33.5,34.2,33.6,33.3,34.4,34.3,32.3,35.0,34.0,33.9,33.2,33.8,33.6,34.3,34.0,34.9,33.6,33.8,33.4,32.9,33.0,33.2,33.7,33.8,33.5,33.2,34.0,33.4,33.7,33.5,34.2,32.6,32.7,33.4,34.1,33.9,33.2,34.0,33.9,36.0,33.5,34.0,33.3,33.7,32.9,34.0,32.8,34.0,33.9,33.7,33.1,32.3,33.0,33.5,33.9,33.9,33.3,33.4,33.8,33.4,33.9,32.9,33.7,33.6,33.6,33.1,33.7,34.6,33.7,34.1,33.8,34.3,33.6,34.8,33.6,33.2,33.6,32.5,33.3,33.5,33.4,34.0,33.4,33.2,34.3,32.9,33.6,32.7,33.7,33.1,32.8,32.5,33.2,33.4,33.7,33.7,34.4,35.1,33.3,33.8,33.5,33.9,34.2,34.7
1785306037.9987059,1768,33.5,33.1,32.6,33.4,32.8,34.0,33.4,32.2,32.5,32.6,33.4,32.5,33.0,32.2,32.6,33.3,33.5,33.2,32.9,32.5,32.4,32.5,32.6,33.3,32.6,32.8,31.5,33.6,33.4,32.3,32.2,32.9,33.6,33.5,34.2,32.5,32.6,32.3,33.7,32.5,33.5,33.1,32.9,33.1,33.3,32.9,33.4,33.1,32.4,32.6,33.7,32.9,32.7,32.5,32.8,32.8,31.9,32.7,32.7,33.7,33.5,32.9,33.3,32.8,33.4,33.9,32.3,32.6,32.0,32.9,32.9,33.6,33.2,33.1,32.2,32.3,32.2,32.6,32.4,33.1,32.9,33.1,32.7,32.3,32.1,33.2,32.6,32.7,33.1,33.8,32.4,32.9,33.5,33.0,34.1,34.1,33.6,34.4,32.7,31.8,33.1,33.0,34.1,32.1,32.8,33.0,33.1,32.4,32.5,32.3,33.7,32.3,32.6,33.4,33.0,33.6,32.4,32.7,32.9,32.6,32.9,32.5,33.3,32.9,33.2,32.8,32.8,35.3,32.8,33.3,32.7,33.2,32.9,32.2,32.5,32.1,32.9,33.2,32.0,33.7,32.5,33.1,33.1,32.7,33.0,33.1,32.5,32.9,32.7,32.6,32.5,33.0,33.5,33.1,32.5,33.0,33.1,32.9,32.4,33.2,33.9,32.9,34.1,34.2,33.9,32.7,33.3,33.0,32.5,32.6,32.7,33.0,32.3,32.4,33.3,33.5,33.2,33.9,31.9,31.4,32.3,33.1,32.8,33.2,33.4,33.5,33.6,33.3,32.8,33.8,33.6,32.0,32.7,32.7,33.1,33.2,32.5,32.4,33.0,33.2,32.9,33.0,32.3,33.5,32.6,33.4,32.9,34.4,35.1,34.3,32.1,33.0,33.1,32.6,32.5,33.4,32.5,32.0,32.3,32.9,32.6,33.4,32.7,33.8,33.3,32.8,33.2,33.1,33.0,32.6,33.8,32.6,33.4,33.4,33.2,32.8,32.4,32.8,33.0,33.4,35.4,33.2,33.7,32.6,33.4,32.0,33.4,31.9,32.2,33.3,33.1,33.0,32.1,33.6,34.1,32.1,32.8,33.5,31.9,33.4,33.1,32.8,32.4,33.0,32.5,31.8,34.4,33.9,32.7,32.5,32.8,33.8,33.8,34.6,33.1,33.3,32.3,33.0,32.8,33.5,32.7,32.4,32.5,33.7,32.9,33.3,32.6,32.9,32.8,31.9,33.7,33.1,33.1,33.4,33.6,33.0,32.8,32.6,33.3,32.8,32.1,32.9,34.8,34.0,33.7,34.3,33.7,33.6,33.2,32.4,33.3,33.4,32.8,33.0,33.4,32.7,33.5,32.8,33.7,32.4,32.6,33.8,32.5,33.2,32.8,34.0,32.9,33.9,32.1,33.6,32.2,32.8,33.5,33.2,33.6,34.0,34.0,34.0,33.3,33.2,33.4,33.0,32.9,33.0,32.9,33.1,32.4,32.8,33.1,33.5,32.5,33.7,32.4,33.0,33.0,32.8,33.3,32.9,33.4,32.5,33.1,32.3,33.5,32.9,33.0,32.9,34.5,33.6,33.6,33.6,33.4,32.6,33.3,33.1,33.5,32.7,33.0,33.2,33.4,33.0,32.7,32.5,32.8,33.7,32.9,32.5,31.7,33.3,32.9,33.1,33.0,33.0,32.9,32.8,31.6,33.6,33.0,32.6,34.5,33.7,33.7,34.3,33.0,34.0,33.8,32.9,33.3,33.7,33.1,32.8,32.4,33.1,32.8,33.5,32.9,33.5,32.8,32.8,33.6,32.6,31.9,32.6,32.9,32.2,32.3,32.3,33.5,32.9,33.4,33.0,34.2,33.1,34.1,33.9,34.1,33.1,33.4,33.3,34.4,32.9,33.1,33.5,33.2,34.2,32.5,33.6,33.6,32.5,32.7,33.0,33.3,33.1,31.9,32.6,33.3,34.0,32.9,33.3,32.8,33.3,33.3,32.9,34.0,34.3,34.3,33.7,33.8,33.4,34.1,33.0,33.0,33.5,32.8,32.8,33.1,34.1,33.5,32.8,33.7,33.9,32.9,34.2,33.2,33.1,33.3,33.4,33.3,32.9,33.2,33.0,33.1,32.9,33.3,33.0,33.3,33.6,33.6,33.8,33.7,33.6,33.9,33.1,33.6,33.2,33.2,33.5,33.4,32.9,33.2,33.4,33.4,34.0,33.0,32.7,32.7,33.0,32.1,33.1,32.8,32.8,33.0,33.8,32.3,32.8,33.8,33.7,33.5,33.2,32.7,33.1,33.3,34.2,34.6,34.4,32.8,33.8,33.6,32.7,32.6,33.4,32.2,33.5,33.1,33.7,33.8,32.8,33.8,33.0,33.3,32.8,33.4,33.1,33.5,33.7,33.2,33.2,33.3,nan,34.9,33.4,33.3,33.9,33.6,33.4,33.9,34.1,33.2,33.0,32.7,32.3,34.2,34.2,33.1,32.6,33.4,33.4,33.0,33.8,33.3,33.1,32.7,33.1,32.6,33.5,32.7,33.8,32.4,33.4,32.5,33.0,34.3,34.8,33.8,33.8,33.3,34.0,33.1,33.7,32.7,33.8,33.0,33.8,33.9,33.6,33.4,33.5,34.4,34.1,33.9,33.3,32.4,32.5,33.4,33.6,33.8,33.1,33.7,31.8,33.1,33.2,32.3,33.0,32.8,33.7,33.8,34.3,35.3,34.1,32.9,33.7,33.2,33.2,33.4,33.8,33.8,33.6,32.6,33.5,33.7,32.7,33.3,33.6,33.1,34.1,33.2,33.0,32.2,34.6,33.8,33.2,33.2,34.1,32.8,33.2,33.2,32.8,33.3,34.0,33.0,34.3,32.7,33.8,32.5,33.2,33.6,34.3,32.9,32.4,32.8,33.0,32.8,34.4,34.5,33.1,33.1,33.0,32.1,33.2,33.7,33.0,32.5,33.4,33.6,33.5,32.9,33.2,33.6,33.8,33.1,32.7,33.9,32.9,33.4,32.5,34.9,33.2,32.9,33.4,33.5,33.4,33.7,33.9,34.4,34.1,32.9,33.0,32.7,32.5,33.6,34.3,32.3,33.6,32.8,33.4,32.1,34.5,32.3,32.7,33.4,32.7,32.7,32.6,33.5,34.0,33.6,33.1,33.3,33.9,34.3,32.6,33.0,33.3,33.3,34.0,32.8,34.2,33.0,32.9,33.9,33.5,32.8,32.8,33.9,33.7,32.7,32.6,33.8,33.2,33.1,33.3,34.5,32.4,33.4,32.9,33.8,33.8,33.2,32.0,33.2,32.8,33.7,33.5,33.8,33.1,33.1,33.3,33.4,34.1
1785306040.0384307,1769,35.2,33.3,33.9,32.7,33.8,33.7,33.4,33.2,32.8,32.3,34.0,33.6,32.6,33.7,33.5,34.2,32.6,32.4,33.9,32.8,32.6,34.1,32.9,33.0,32.2,33.6,33.9,33.3,34.6,33.4,34.3,32.2,34.6,32.5,33.6,33.5,32.9,32.8,33.0,33.2,33.4,32.8,33.6,33.4,33.9,32.8,33.1,33.7,33.2,33.0,32.6,32.4,34.1,32.4,31.9,33.2,33.1,32.6,33.7,33.7,33.7,33.4,33.4,34.3,33.0,34.0,32.6,33.0,32.2,33.4,34.4,32.5,32.9,33.3,32.3,33.2,33.3,33.2,33.5,32.3,32.8,33.1,32.6,32.9,32.3,32.2,33.8,33.2,32.8,33.5,34.2,34.0,33.3,33.4,33.6,34.0,34.7,32.5,33.3,34.1,33.7,32.2,34.0,33.3,33.5,32.3,31.8,32.4,32.8,33.0,33.1,33.1,33.5,33.3,33.8,33.9,33.9,32.5,33.1,33.9,33.4,33.7,33.0,34.2,34.2,32.7,33.6,34.4,33.8,34.8,32.7,33.4,33.4,32.9,33.5,33.4,33.2,33.2,33.2,33.3,32.9,34.4,33.3,33.2,32.1,33.2,33.9,33.2,33.2,33.2,33.8,33.7,32.8,32.9,33.5,34.1,32.7,33.4,33.7,33.8,34.0,32.3,33.4,34.0,32.2,33.0,32.5,33.6,33.3,33.2,33.1,33.4,33.4,33.0,33.6,33.5,34.4,33.8,33.4,34.7,34.3,33.3,33.5,34.0,33.5,32.1,32.9,33.7,34.3,32.6,33.5,33.8,33.0,33.5,33.1,33.5,31.8,34.6,33.4,33.2,33.6,33.6,32.7,33.3,31.8,33.2,33.6,33.1,34.5,35.1,33.9,33.6,33.6,32.9,33.1,32.7,32.5,32.6,34.0,32.7,32.6,32.8,33.6,33.5,33.0,32.6,33.3,33.1,33.4,32.9,33.3,33.7,33.3,33.2,33.2,33.0,33.8,32.7,32.5,33.4,35.5,34.5,33.8,33.9,33.2,33.7,32.9,34.3,33.6,32.5,33.8,32.3,33.2,33.3,33.8,34.5,34.6,31.9,33.4,32.5,32.4,33.8,33.8,33.6,32.7,32.3,33.2,33.5,32.1,33.5,34.1,33.3,34.0,34.8,33.8,34.1,33.2,32.5,33.5,33.9,32.6,33.8,33.6,33.7,32.7,33.4,34.1,34.1,34.2,33.4,32.8,33.6,33.2,32.7,34.2,33.6,34.3,33.3,33.4,33.8,32.9,32.9,33.9,34.2,33.8,32.9,34.3,34.9,33.2,33.0,33.4,32.9,33.4,33.5,32.8,33.5,34.2,32.8,33.3,33.9,32.7,32.9,32.9,33.9,32.8,33.0,32.4,34.0,33.1,32.9,33.1,33.6,33.0,33.7,34.9,33.5,33.5,34.6,34.6,33.8,33.9,33.6,33.6,32.8,32.9,33.6,32.6,33.8,32.8,32.2,33.6,33.2,33.4,33.0,33.9,33.6,34.3,32.3,33.3,32.8,34.2,33.0,32.6,33.9,33.1,33.3,33.8,34.9,32.9,33.4,34.0,34.6,34.3,33.6,32.6,33.6,33.3,32.7,34.4,34.4,33.7,33.1,33.9,32.9,32.1,33.9,33.3,33.2,33.5,33.6,33.4,33.5,32.4,32.3,32.9,32.4,33.7,34.0,35.0,35.3,34.8,34.4,34.3,34.3,33.4,34.0,34.3,33.4,33.4,34.0,34.2,33.4,32.8,33.7,33.5,33.8,33.8,33.7,33.5,33.2,33.1,32.6,33.2,32.4,34.3,32.9,34.0,33.7,33.1,33.8,34.7,34.8,35.1,34.4,34.7,34.4,33.9,34.6,33.2,34.1,33.3,32.5,34.1,33.5,34.6,33.1,33.5,33.8,34.7,34.5,33.3,33.2,33.0,32.9,34.0,33.8,33.1,33.6,32.8,33.6,33.0,34.1,34.0,34.3,33.7,34.8,34.6,33.2,33.5,33.5,34.2,33.8,33.3,33.9,34.4,33.2,33.0,33.3,34.3,34.0,33.5,33.6,33.0,34.1,33.6,32.7,33.9,34.2,33.5,33.2,33.0,33.7,34.4,32.7,33.9,34.8,33.9,33.6,33.8,34.2,34.5,33.2,33.0,34.5,33.8,33.4,33.7,33.9,33.7,33.4,34.5,34.1,33.0,35.6,33.1,33.9,32.7,33.2,33.4,33.3,33.1,33.4,33.0,33.8,33.5,33.8,34.5,34.1,34.0,33.5,33.4,33.6,34.3,34.5,33.1,33.9,34.0,34.3,34.1,33.8,33.5,33.6,35.0,33.8,33.1,32.4,33.3,33.7,33.4,32.1,33.4,33.3,34.2,33.1,31.3,33.6,33.6,nan,35.0,34.4,34.1,33.3,34.5,34.0,35.0,35.1,33.7,33.8,34.2,33.0,33.2,34.6,33.8,32.1,33.1,34.8,33.3,33.3,33.7,34.3,33.5,33.9,33.1,34.2,32.4,34.2,34.0,33.9,33.4,33.3,34.7,33.8,33.2,34.1,34.7,34.6,33.5,33.5,33.9,34.1,33.6,33.9,33.9,33.5,34.4,33.3,35.0,34.0,33.6,32.5,32.9,34.5,33.4,32.9,33.7,33.3,32.8,33.2,33.7,33.0,33.5,32.5,33.4,33.9,34.2,33.5,33.4,34.5,34.2,33.1,33.2,33.9,33.3,33.1,33.9,35.3,33.9,34.2,34.4,34.2,34.2,33.9,33.9,34.6,33.5,33.1,33.9,33.8,32.7,33.2,33.5,33.4,33.3,33.6,33.8,33.3,33.2,33.9,34.3,33.8,33.5,34.3,34.1,33.7,33.2,34.8,34.6,34.2,33.3,33.3,33.5,34.4,34.2,32.5,34.0,33.7,34.3,33.2,33.3,33.7,33.1,32.3,33.7,33.7,33.9,33.3,33.2,33.8,34.4,33.3,34.0,34.3,34.4,32.9,32.9,33.8,33.6,33.3,34.1,34.6,34.2,33.1,33.5,34.3,33.2,34.1,33.7,33.8,33.4,34.1,33.3,34.5,32.7,33.3,33.8,34.1,32.5,33.0,32.7,33.6,33.4,33.9,33.4,33.7,33.6,33.9,34.5,34.2,33.0,34.0,33.6,33.4,33.6,34.1,34.4,34.8,33.0,32.0,34.5,34.4,34.0,33.8,33.7,35.1,33.4,33.4,33.4,33.8,34.1,32.3,33.2,34.3,34.1,33.3,33.9,34.6,34.4,33.1,33.7,34.7,34.1,34.1,34.9,33.3,32.9,34.2,33.5,35.6
1785306041.9596248,1770,33.0,33.8,33.9,33.0,32.6,32.6,33.6,34.1,33.2,33.7,33.8,32.8,32.4,33.1,33.5,32.5,32.3,33.1,33.3,32.8,33.5,33.0,34.4,33.2,32.8,34.2,34.4,32.4,33.4,32.2,34.3,33.8,31.9,33.6,33.4,33.0,32.5,33.2,31.9,34.2,33.0,32.2,33.2,33.3,32.5,32.9,33.3,33.8,33.4,33.3,33.7,33.1,33.2,32.7,33.7,33.8,32.9,32.8,32.8,32.8,35.0,31.8,33.2,34.1,34.2,34.0,34.0,33.2,33.1,32.8,34.0,33.7,32.9,31.9,32.8,32.6,32.7,33.4,33.1,32.9,32.9,33.3,33.1,32.2,33.1,33.6,33.4,32.3,33.7,33.5,33.8,33.8,33.1,32.9,32.2,34.5,33.0,33.7,32.8,34.3,33.9,33.6,33.2,33.3,34.4,32.9,32.8,33.3,32.8,32.8,32.7,33.4,33.2,33.2,33.1,32.2,32.8,33.0,33.6,33.7,33.7,33.9,32.8,33.6,33.8,32.2,33.6,33.9,32.9,32.9,33.4,34.7,32.1,33.7,34.6,33.0,33.2,33.0,33.4,33.8,33.0,33.2,33.8,32.3,33.4,32.9,32.8,33.6,33.4,33.7,34.5,33.3,33.3,33.6,34.3,33.4,32.7,33.0,32.2,34.4,34.2,32.3,32.7,33.4,32.6,32.8,32.5,33.8,33.2,32.8,33.8,33.6,33.2,32.5,33.2,32.8,33.6,34.0,32.6,33.1,33.6,33.6,33.3,33.8,33.0,33.7,32.9,34.5,33.9,32.6,33.7,34.4,34.1,31.5,34.4,33.5,32.9,33.1,33.6,32.3,33.3,33.2,32.7,33.2,32.5,33.5,33.3,33.7,35.1,35.1,33.9,33.5,32.3,32.9,33.4,33.0,33.0,33.2,32.7,34.0,34.2,33.5,34.7,33.9,34.3,32.4,32.7,34.1,32.0,33.4,33.8,32.8,32.7,32.7,32.3,33.3,33.0,32.4,33.6,34.0,34.3,35.3,33.2,33.4,34.0,33.2,33.1,33.5,33.4,32.6,34.0,33.4,33.9,32.9,33.2,33.2,32.6,33.2,33.1,33.3,33.5,34.0,33.3,34.0,33.4,32.8,32.1,33.8,32.7,33.1,33.2,33.4,34.0,35.1,33.3,34.1,33.0,33.6,33.8,34.2,32.4,33.2,34.2,33.3,32.5,33.1,34.5,33.0,33.8,33.2,33.4,33.6,33.6,32.5,34.0,33.6,33.3,32.8,33.1,33.7,33.5,33.4,34.9,35.3,34.6,34.0,33.6,34.7,33.7,33.6,32.9,33.6,32.9,33.7,34.4,34.2,32.9,32.8,32.7,33.5,33.5,32.9,33.3,33.9,33.4,33.4,33.5,34.0,32.9,33.0,32.9,33.3,32.5,33.6,34.4,34.6,34.6,34.1,33.5,34.0,33.9,34.7,33.4,33.4,32.9,33.6,33.7,33.6,33.7,33.5,33.2,34.4,32.7,33.0,33.3,34.7,33.6,33.0,33.3,33.6,32.7,33.1,33.3,34.5,33.5,32.9,33.8,34.1,35.0,33.6,34.1,33.9,33.7,33.8,33.8,33.7,33.3,33.5,33.2,34.0,34.9,33.1,34.7,33.7,33.0,34.3,34.5,32.8,32.9,33.4,33.7,34.0,33.1,32.4,33.6,33.6,34.5,34.3,34.0,34.8,34.5,33.6,35.1,34.0,33.9,34.0,35.1,33.8,33.6,33.1,34.6,34.6,33.5,34.4,34.5,32.8,33.6,33.1,32.7,33.8,33.1,33.7,33.2,32.8,33.1,33.2,33.6,33.6,33.9,34.6,33.7,34.3,34.2,34.1,34.7,34.9,33.4,34.1,33.7,33.6,33.4,33.4,34.4,34.2,33.7,32.9,33.7,33.6,33.4,34.3,34.5,33.4,33.0,33.4,33.7,33.3,32.9,33.6,33.8,32.8,34.2,34.0,34.5,34.3,33.9,33.8,35.0,35.1,33.6,34.0,34.3,33.9,33.5,33.8,33.5,32.4,33.5,33.9,33.9,35.0,32.9,33.6,33.4,33.3,34.0,32.8,33.2,33.5,33.2,32.7,33.8,33.1,33.3,33.3,35.0,34.9,34.8,33.5,33.5,34.0,34.5,34.3,33.3,34.4,34.0,33.4,34.3,33.2,33.9,33.6,34.7,33.5,33.0,33.7,33.5,33.7,33.8,33.4,33.7,32.4,33.2,33.9,34.1,33.3,33.3,33.0,34.3,35.1,33.7,33.3,34.0,34.1,34.1,34.0,33.8,34.3,33.3,34.6,34.2,32.5,33.7,34.2,33.5,34.6,33.1,33.1,34.1,34.2,33.0,32.7,33.2,33.3,33.1,33.7,32.2,34.2,33.1,nan,33.8,34.3,34.7,33.0,33.5,34.0,33.4,33.9,34.0,33.2,33.9,33.3,33.4,34.1,33.9,34.3,33.5,33.0,34.1,33.7,33.9,34.8,32.7,34.3,33.9,33.6,33.2,34.4,33.4,33.4,33.4,33.5,33.7,34.1,33.4,33.3,34.8,34.5,34.0,33.8,33.2,33.2,33.9,33.5,35.0,34.3,34.2,34.6,34.6,33.6,33.8,34.0,32.9,32.9,33.2,33.4,34.4,33.9,33.9,33.6,33.2,34.0,33.5,33.5,32.9,33.8,33.3,32.8,34.1,34.7,33.7,33.4,33.5,34.1,34.2,32.9,33.4,34.0,34.3,33.4,33.8,33.5,34.2,34.8,32.9,33.8,32.9,33.7,34.8,34.0,32.2,33.3,33.8,33.2,32.9,33.6,33.3,33.4,33.3,33.9,34.5,34.5,34.0,33.8,34.7,33.4,32.5,33.0,34.4,34.8,33.7,34.5,34.5,34.1,34.0,32.9,35.3,35.1,34.0,34.0,34.2,33.7,32.9,33.6,33.9,34.2,34.1,33.3,34.6,34.5,34.1,33.5,33.3,34.3,34.0,34.1,34.0,34.1,33.2,34.2,33.9,34.8,33.2,34.5,35.0,34.5,32.5,33.6,33.9,33.5,34.0,34.0,34.4,34.2,34.5,33.7,34.5,33.2,33.8,33.4,35.0,32.7,33.4,33.0,33.7,34.8,34.0,33.8,33.6,33.6,34.7,34.2,36.0,34.2,34.2,33.9,35.3,34.5,32.7,34.3,34.3,33.7,34.4,33.0,33.1,35.3,32.6,33.6,33.6,34.9,33.8,32.8,33.6,32.7,34.3,33.8,33.2,34.0,34.1,34.0,34.2,34.3,34.3,32.4,33.7,34.7,33.1,33.8,32.8,35.1
1785306044.1125417,1771,33.9,32.2,33.5,33.2,33.2,32.1,33.1,32.8,33.4,32.1,32.4,33.2,33.6,32.6,33.0,33.5,32.4,33.5,33.0,33.9,33.3,33.0,32.9,32.4,32.5,32.6,32.1,33.9,34.9,33.1,32.3,34.8,34.5,32.9,34.6,31.7,33.4,32.9,32.3,33.1,32.4,32.6,32.7,32.9,33.2,33.9,32.6,32.3,32.0,31.9,33.1,33.1,32.6,32.8,31.7,32.9,32.5,33.9,33.3,32.3,32.8,34.4,33.4,33.9,34.5,33.3,32.4,33.5,32.5,33.4,33.6,33.1,33.2,34.0,33.1,32.1,33.2,33.2,32.1,32.9,33.5,33.1,31.8,33.3,32.7,33.3,32.9,34.0,33.2,33.5,32.7,33.2,33.9,32.9,33.0,33.5,32.5,33.8,32.6,34.0,32.6,34.1,32.6,33.0,33.1,33.2,32.5,32.8,33.1,32.9,32.4,32.8,33.7,33.7,32.3,32.6,32.6,33.5,32.9,33.6,33.2,34.1,33.0,33.2,33.8,34.0,33.4,33.1,33.7,33.2,33.0,32.3,34.1,32.7,32.6,32.8,33.1,33.2,32.8,33.6,33.3,32.8,32.7,33.2,33.3,31.9,32.6,33.4,34.5,33.2,33.2,33.5,33.8,34.1,33.0,34.3,34.0,33.2,33.4,34.0,34.0,32.8,33.4,33.3,33.2,33.0,33.4,33.1,32.8,32.9,33.6,32.4,32.9,33.9,33.2,32.4,33.1,33.1,33.6,33.7,34.4,35.0,32.9,32.8,33.0,33.6,32.9,33.0,33.3,33.9,33.1,33.2,34.2,33.0,32.8,33.3,34.3,33.8,32.4,33.7,33.0,33.4,32.7,33.5,33.5,33.7,33.1,32.9,33.1,32.7,32.7,34.8,35.7,34.1,32.6,33.5,32.9,33.7,33.1,34.3,34.8,33.3,34.3,33.7,33.4,34.0,33.5,33.2,32.2,33.1,33.2,31.8,33.7,33.7,32.3,32.1,33.0,33.1,32.5,31.9,32.7,33.3,34.6,33.7,35.3,34.4,33.4,32.7,33.4,33.8,32.7,32.4,33.4,34.3,33.6,33.5,33.8,34.1,32.2,34.1,33.3,33.5,32.2,33.8,33.7,33.5,32.3,33.5,33.4,32.8,32.6,32.8,32.1,33.5,34.0,34.1,34.4,34.4,34.1,34.2,33.5,33.1,33.5,33.7,33.7,32.9,33.8,33.9,32.9,33.7,31.6,33.3,33.2,33.9,33.3,32.6,33.1,33.1,32.7,33.3,33.2,33.3,32.4,33.5,32.7,33.5,34.9,34.6,34.2,34.5,34.3,34.7,33.3,33.3,34.0,32.5,33.6,33.1,33.7,33.4,33.2,33.3,32.6,33.5,33.3,33.0,33.4,33.7,33.7,33.2,33.5,33.4,32.6,33.2,32.1,33.0,34.9,33.8,34.1,34.0,34.7,33.1,33.5,33.8,33.8,33.6,32.7,33.8,33.3,32.6,33.8,33.2,33.6,33.7,33.7,33.7,33.1,33.1,33.2,33.4,33.3,33.9,33.4,33.2,33.1,33.0,32.7,32.6,33.4,34.8,34.0,34.0,33.9,34.2,33.4,34.1,33.1,34.6,33.0,32.9,33.0,33.0,32.1,32.8,33.1,31.6,32.4,33.4,33.2,33.4,33.1,34.0,34.2,32.9,32.3,33.6,32.6,32.7,33.1,33.0,34.7,33.5,33.4,34.2,34.4,35.3,33.4,33.6,34.2,34.0,33.6,34.3,34.2,32.9,32.8,34.0,33.6,33.6,32.3,32.9,32.8,33.8,33.2,33.0,33.0,33.1,33.5,32.5,33.1,33.1,33.4,33.1,34.0,34.2,33.9,34.0,34.8,34.8,34.7,33.5,33.8,35.3,33.5,33.4,33.3,33.9,33.7,33.7,33.5,33.3,33.6,33.4,33.4,32.7,32.7,34.7,33.5,32.9,33.4,33.5,34.2,33.3,33.4,33.3,34.8,34.1,34.7,34.1,33.9,33.2,33.1,34.6,34.4,34.4,33.3,33.1,34.0,34.0,34.6,34.8,33.1,34.1,33.8,33.0,33.1,33.1,33.4,33.6,33.5,33.6,33.3,33.3,32.9,33.1,33.4,33.1,34.5,35.2,34.4,34.6,33.9,33.9,34.7,34.5,34.3,34.8,33.7,33.6,33.7,33.9,33.7,33.5,33.3,33.3,33.2,33.7,33.4,33.0,32.9,32.8,32.8,33.2,32.7,33.3,33.4,33.0,33.1,33.7,34.1,33.2,34.9,34.8,34.2,33.8,34.2,34.3,34.4,33.0,34.3,34.6,35.1,32.9,32.4,34.6,32.7,33.2,33.1,32.0,33.4,33.5,33.2,32.3,33.5,34.5,33.5,33.2,33.6,nan,33.8,32.6,32.9,33.6,34.0,33.7,33.5,33.5,34.5,34.0,32.5,33.6,33.8,34.0,33.8,34.0,33.3,33.9,33.1,33.1,33.8,33.5,33.2,33.2,32.9,33.6,34.0,33.0,32.8,33.4,33.6,33.6,33.3,33.1,32.3,33.1,32.9,33.1,34.2,33.5,33.5,34.1,34.0,33.2,33.8,34.5,33.2,33.4,33.3,34.8,32.9,34.9,34.2,33.6,33.4,33.3,34.4,33.8,33.3,33.5,33.2,34.5,33.9,34.2,33.7,33.7,33.6,33.3,32.6,33.8,34.2,34.0,33.7,34.0,32.8,33.7,33.7,33.6,33.3,33.9,34.4,33.4,35.0,33.7,33.4,34.6,33.0,33.1,32.1,33.6,34.6,33.9,32.7,34.2,33.4,33.3,33.7,33.3,33.3,33.3,33.2,33.3,34.7,33.6,34.6,34.6,34.2,32.8,33.4,34.1,35.3,33.3,34.4,34.3,35.1,33.7,34.5,33.6,33.0,33.9,33.1,32.3,33.5,33.5,33.2,33.3,33.2,33.7,32.8,33.7,33.2,33.7,33.7,33.7,33.3,33.8,34.2,33.5,33.1,33.7,32.3,33.4,33.6,34.2,33.7,33.1,35.1,33.1,33.1,34.0,33.9,32.6,33.2,34.0,33.8,33.3,33.5,33.2,34.4,33.9,33.1,33.2,33.7,33.2,32.9,34.3,34.6,33.9,33.8,34.4,34.0,34.2,33.5,34.8,34.3,32.8,34.2,35.2,33.0,33.2,33.6,33.4,34.0,34.5,33.1,33.4,33.6,34.2,33.0,33.5,33.6,33.6,33.4,33.0,32.7,33.1,33.7,33.2,33.0,33.7,33.1,34.4,33.1,34.0,32.7,33.0,33.5,35.2,33.9,35.2
1785306046.607178,1772,33.4,32.5,31.7,34.2,33.4,32.4,32.4,33.0,32.8,32.9,31.7,33.4,32.1,31.8,32.3,33.4,33.1,32.4,33.4,33.8,33.2,32.2,31.3,34.0,31.7,32.3,31.4,33.7,33.8,33.2,32.6,33.0,33.5,32.1,33.6,32.2,32.9,31.8,33.6,32.6,32.4,32.4,33.0,31.7,32.4,32.3,33.8,32.6,31.6,32.6,33.3,31.9,33.1,32.4,33.8,31.9,33.2,32.0,33.5,31.8,33.2,32.6,33.4,32.7,31.5,34.1,32.7,34.6,32.5,33.0,31.8,33.5,32.4,32.9,32.5,34.0,32.8,33.0,32.6,33.5,32.8,32.7,31.5,33.0,32.1,33.1,32.7,33.4,33.2,33.1,32.7,33.8,33.2,32.9,32.1,34.7,33.0,31.9,33.3,32.8,31.6,33.1,32.8,32.4,32.1,33.3,33.5,33.0,32.7,32.2,32.7,31.5,32.0,32.6,32.2,32.1,32.6,33.1,33.2,32.7,33.3,32.4,32.8,32.6,32.7,32.7,33.6,33.3,32.2,32.7,31.9,34.2,32.4,31.7,32.4,33.6,32.4,32.8,32.4,33.9,32.9,32.3,31.8,32.5,31.9,32.8,31.7,33.7,33.8,33.0,33.0,33.1,34.1,32.3,32.4,34.1,32.4,32.8,32.7,33.8,32.2,32.6,34.5,32.2,33.2,32.6,33.0,31.8,33.5,32.5,33.1,32.4,33.2,32.5,33.2,33.0,33.7,31.9,33.7,32.7,34.5,34.2,33.2,32.2,32.9,32.5,33.5,33.0,33.7,33.1,33.7,32.6,33.7,32.2,31.3,33.5,33.2,32.5,32.6,33.1,32.3,33.2,32.2,33.4,32.7,32.7,32.5,33.4,31.9,32.1,32.5,34.2,35.1,33.7,32.1,33.0,32.2,31.7,32.0,33.2,33.1,33.5,32.4,33.7,32.1,31.8,34.5,32.8,31.4,32.2,34.5,32.3,33.0,32.8,33.8,32.9,32.6,32.2,33.6,32.9,33.0,32.0,33.1,33.0,34.4,33.7,33.7,32.5,32.5,32.3,32.5,33.1,33.5,33.0,33.2,32.6,32.1,32.4,32.0,34.3,32.9,32.9,31.4,33.2,32.4,32.9,33.4,33.6,32.7,31.8,32.6,34.3,32.1,32.5,33.5,34.7,34.0,33.2,33.2,33.7,32.3,32.3,33.7,33.8,32.2,34.0,32.1,33.4,32.7,31.6,33.2,32.2,32.3,33.0,33.3,33.1,32.6,32.5,33.3,32.4,33.0,32.8,33.7,32.8,33.8,32.5,34.4,33.8,33.3,33.9,33.7,32.9,32.7,32.7,33.7,32.8,32.7,32.7,33.8,33.1,33.0,32.0,32.4,33.1,32.7,33.3,31.9,34.3,33.5,32.3,32.3,32.9,33.2,32.3,32.2,33.3,33.9,34.2,33.0,34.4,34.2,32.6,34.1,34.4,32.8,33.2,32.8,33.9,32.7,32.2,33.0,33.6,33.4,32.5,32.7,32.4,32.3,32.5,33.5,32.3,32.8,32.2,33.1,32.5,33.3,32.7,33.9,32.3,32.7,33.5,34.4,33.0,33.5,34.3,33.5,32.9,33.7,33.6,33.9,32.9,33.5,32.6,34.7,32.0,32.4,33.3,31.4,33.8,33.0,32.6,32.5,33.9,33.1,33.2,32.6,33.2,32.7,33.1,32.4,34.7,34.1,32.8,33.2,34.6,33.6,34.4,34.4,33.9,33.6,33.9,33.0,33.9,33.2,33.5,33.0,34.0,33.0,32.1,32.5,31.7,32.9,32.7,33.2,33.0,32.9,32.2,33.2,32.3,32.1,32.2,33.3,32.9,33.2,32.9,33.3,33.0,33.5,33.3,34.1,33.8,33.6,33.6,33.8,31.7,32.7,33.5,33.3,33.2,33.3,32.9,33.4,32.4,33.2,32.7,33.2,34.1,32.6,32.5,33.2,33.4,32.9,33.4,32.6,33.1,33.3,33.4,32.9,34.1,33.5,33.3,33.2,34.6,33.3,33.4,33.6,33.8,33.4,33.1,33.8,34.2,32.8,33.2,33.9,32.0,32.3,32.7,33.9,31.9,33.3,32.2,33.8,32.8,32.4,33.0,33.2,32.7,33.4,33.3,35.1,33.9,33.5,33.4,34.0,33.8,34.3,34.4,33.9,33.4,32.9,33.3,33.9,32.9,31.8,31.6,32.0,34.2,32.6,33.3,32.3,33.8,33.1,32.8,32.8,33.7,32.5,32.3,32.4,33.1,33.2,33.1,33.4,34.9,34.0,34.3,33.7,33.7,33.5,32.8,33.2,34.3,34.0,32.3,32.6,33.4,31.6,32.7,33.1,32.3,32.6,32.9,34.6,32.6,33.1,32.6,33.6,33.4,32.7,nan,33.3,32.7,33.2,32.2,33.8,33.5,33.2,33.3,34.0,33.6,33.8,32.7,33.2,33.0,33.2,33.4,33.5,33.5,33.6,33.1,32.4,34.4,33.9,33.2,33.2,33.8,32.2,32.3,33.3,33.4,32.9,32.7,32.4,33.6,32.6,31.3,33.4,34.4,32.9,33.4,33.3,34.4,32.4,32.8,33.2,35.0,33.1,32.5,32.6,35.4,33.1,32.8,34.3,33.0,32.6,32.5,34.4,33.6,32.6,32.4,33.7,32.4,32.7,32.2,33.3,32.0,32.7,32.2,34.5,33.9,33.5,33.3,34.8,32.9,32.4,32.6,34.4,33.2,32.7,33.1,33.8,33.4,33.6,31.9,33.4,33.8,31.6,31.4,32.7,32.7,32.6,33.6,32.4,34.9,32.8,32.9,32.4,34.4,33.6,30.7,32.8,30.6,33.5,30.1,33.7,32.8,33.3,31.8,33.2,33.8,33.9,32.7,33.3,35.4,nan,32.3,36.1,33.3,35.1,32.9,35.6,32.8,31.8,33.1,33.2,32.9,32.3,34.1,32.3,32.8,34.0,32.8,35.7,33.0,34.5,33.3,36.4,34.0,32.1,33.7,33.5,32.7,32.4,33.6,35.0,34.6,32.8,32.9,33.5,34.8,33.5,33.4,32.8,33.9,32.3,32.5,32.4,33.7,32.4,32.4,33.5,33.2,33.1,32.3,32.4,34.8,33.7,32.5,33.0,34.2,34.2,32.1,33.1,34.2,33.4,33.6,34.0,34.6,33.0,33.2,35.0,33.4,32.9,33.1,33.2,33.2,33.5,33.2,33.7,33.7,33.5,33.9,34.1,32.2,32.6,33.0,33.0,33.4,32.9,32.8,33.8,33.4,33.7,33.8,33.5,32.4,31.8,33.7,34.2,35.0
1785306048.413553,1773,33.5,32.0,35.4,33.1,32.0,32.0,32.8,32.5,32.7,31.8,32.7,33.1,32.8,33.0,33.0,32.8,33.0,33.2,32.4,33.2,32.4,33.4,32.7,32.7,33.2,33.1,33.9,33.8,32.3,32.3,34.5,32.9,31.8,33.3,33.8,33.8,33.9,33.0,33.1,32.8,32.7,31.8,32.0,32.8,32.7,32.9,32.7,33.7,33.5,32.8,33.0,33.3,32.7,32.5,33.0,33.2,31.7,33.0,33.4,34.1,32.2,33.1,33.8,34.3,32.7,33.7,32.8,33.1,32.4,32.9,34.8,32.6,32.5,32.4,33.0,32.7,32.2,32.7,33.4,31.9,31.5,33.3,33.1,32.8,33.7,31.9,33.8,33.1,31.8,32.6,33.2,32.3,32.9,32.4,33.2,34.1,32.9,31.8,32.9,33.4,32.5,32.8,33.1,34.5,32.3,33.3,33.3,33.5,33.2,32.5,32.8,32.5,32.6,32.7,33.0,33.3,33.1,32.9,33.7,33.5,33.3,33.1,33.7,34.2,33.5,33.9,33.0,34.2,34.0,33.8,32.3,34.5,33.6,33.6,34.0,32.7,32.0,32.4,33.1,33.3,33.2,33.1,32.8,33.1,31.9,32.4,32.7,32.4,32.5,33.1,34.9,33.4,33.1,33.0,33.7,34.2,32.5,33.9,34.8,33.9,34.1,33.4,32.2,34.2,32.7,33.1,33.3,33.4,33.2,32.7,32.7,33.9,32.8,33.5,32.4,33.2,33.2,32.8,32.6,32.8,33.8,33.5,33.9,34.1,32.3,33.7,33.4,32.9,34.0,33.2,32.9,33.6,33.9,33.8,33.9,33.6,32.7,32.6,33.4,33.1,33.5,33.1,33.5,33.1,32.6,32.9,32.8,33.3,33.0,32.9,32.9,33.4,34.8,35.9,33.9,32.7,32.5,33.7,33.2,32.9,32.6,32.6,34.2,33.3,32.7,32.4,33.0,33.1,32.7,33.6,33.7,32.5,33.1,32.7,33.7,34.2,33.2,32.7,33.7,33.1,32.8,32.9,33.0,33.6,34.2,34.0,34.0,34.2,32.4,32.3,32.9,34.0,33.6,33.3,33.5,33.6,33.1,33.3,33.4,34.0,31.3,32.8,33.8,33.3,33.1,33.2,33.1,32.6,33.2,32.6,33.3,33.2,32.5,33.4,33.5,33.7,34.0,33.8,34.5,33.8,33.7,32.6,33.3,33.2,33.6,33.1,33.7,33.8,33.2,32.1,33.3,33.6,32.7,32.7,32.7,34.1,33.2,32.5,32.1,33.0,32.4,32.6,33.0,33.2,32.6,33.2,33.5,35.0,34.1,34.1,33.8,33.4,33.8,33.3,33.0,33.8,32.4,33.0,34.4,34.1,32.2,32.5,33.5,33.2,32.5,32.7,33.1,33.0,32.8,32.4,32.9,32.9,33.0,32.7,32.5,32.6,33.2,33.4,35.2,34.4,32.9,34.3,33.6,33.5,33.9,34.2,33.2,32.8,33.5,31.7,33.7,33.3,33.2,33.0,34.2,34.4,33.3,33.0,33.6,33.8,34.4,33.1,33.2,33.6,33.6,33.1,32.9,33.9,33.3,33.3,33.4,33.6,34.4,34.1,33.3,34.4,33.7,32.9,33.3,32.3,33.4,33.6,34.0,33.5,34.5,33.8,34.5,33.5,32.9,32.2,34.4,32.3,32.8,32.8,33.6,33.3,32.9,33.1,32.9,33.7,33.9,33.9,34.1,33.2,34.0,34.2,34.0,34.2,33.8,33.3,33.0,32.5,33.7,33.4,33.1,33.1,33.3,33.3,34.2,34.0,32.3,33.7,34.0,33.6,33.5,32.7,32.5,33.4,33.5,33.0,32.8,33.7,33.0,33.8,33.1,34.9,34.1,34.2,34.9,34.3,33.7,33.7,34.7,34.4,33.6,34.5,33.6,33.2,31.7,32.6,34.5,33.5,32.6,33.0,33.0,33.5,33.4,33.1,33.8,33.2,32.7,33.7,33.4,33.6,33.6,33.2,34.6,33.7,34.0,34.0,35.1,33.8,34.3,34.8,34.1,33.2,32.8,33.2,35.1,34.1,33.2,32.1,33.4,33.9,33.3,32.3,34.0,34.7,33.5,33.4,33.4,33.7,33.0,33.6,33.3,33.7,33.0,33.2,34.5,35.1,34.2,32.8,33.6,34.6,34.0,33.9,33.6,34.2,32.3,33.3,33.8,34.0,32.1,33.0,32.3,33.6,33.5,32.9,33.7,32.5,32.4,33.6,33.6,33.2,33.2,33.0,33.0,32.9,33.5,33.5,33.2,34.0,33.7,33.5,34.2,33.8,34.3,34.3,33.9,34.5,33.5,33.0,34.2,33.9,34.0,33.5,33.4,33.9,33.5,33.0,33.3,32.9,33.0,32.5,33.7,33.6,33.8,nan,33.2,33.6,33.1,33.2,33.7,34.1,33.6,32.9,34.1,34.9,33.1,33.3,33.5,34.2,32.9,33.8,34.0,34.8,33.9,32.3,33.3,33.3,33.5,32.7,33.7,33.5,32.9,32.7,34.8,32.9,31.9,33.3,34.0,33.2,32.9,32.5,33.8,33.0,33.7,32.7,33.4,34.0,32.7,33.4,34.8,34.0,33.1,33.7,34.4,34.5,33.9,33.4,33.0,34.7,33.6,32.3,33.0,34.4,33.0,32.7,33.1,33.4,33.0,32.7,32.9,33.8,33.3,32.8,33.0,33.8,32.5,33.6,34.1,34.6,33.2,33.5,34.0,34.4,33.6,33.0,33.5,34.6,33.5,33.6,33.5,33.9,33.3,32.6,33.2,33.7,32.6,32.5,33.8,32.9,33.6,33.5,34.5,32.8,34.2,33.3,33.8,32.3,32.9,33.7,34.1,34.8,33.8,32.8,33.9,33.4,34.5,33.8,33.9,34.0,31.6,33.8,33.7,34.1,33.8,33.6,32.8,33.9,32.6,33.7,33.3,32.8,33.4,33.1,34.6,33.6,33.3,32.4,33.4,34.0,33.6,34.1,34.6,35.0,33.5,32.9,33.6,33.7,33.5,33.9,33.8,34.8,33.0,33.0,34.3,33.4,33.6,33.1,33.1,32.7,33.8,33.2,33.2,33.4,32.5,32.5,34.3,33.1,33.1,32.4,33.4,33.8,34.5,34.4,33.7,35.0,34.1,32.8,35.0,32.9,33.4,33.3,35.0,34.7,34.0,32.7,33.3,34.8,33.9,33.0,33.3,33.5,32.5,33.4,33.8,33.5,33.1,33.5,33.3,33.8,32.6,32.8,32.9,34.0,32.7,33.6,33.4,34.1,33.4,33.9,33.6,33.9,32.8,33.2,33.8,34.9
1785306050.5118985,1774,32.7,33.4,33.6,33.1,32.9,32.5,33.6,33.3,32.5,32.2,32.3,32.5,32.4,32.3,33.5,32.8,32.3,31.9,33.3,33.2,32.2,31.9,33.4,33.5,32.0,31.2,33.1,32.5,33.2,33.7,33.5,32.4,31.8,33.0,32.5,34.5,33.5,32.8,32.9,33.6,32.7,32.2,32.6,33.0,31.8,33.3,33.0,33.5,32.2,32.9,31.7,33.7,33.6,31.6,32.4,33.6,31.3,32.6,33.1,33.0,32.9,32.2,33.5,33.8,32.7,32.7,33.5,33.1,33.5,32.2,33.8,33.8,32.1,31.8,32.6,32.3,32.4,32.9,33.1,32.8,31.9,32.6,32.9,31.9,32.6,32.8,33.6,33.1,32.6,33.0,33.8,33.1,32.7,31.1,33.4,33.4,32.1,34.2,31.8,34.1,32.1,32.4,32.9,33.1,31.9,32.9,33.1,32.7,32.1,32.3,32.3,32.3,32.7,32.2,32.9,33.1,32.5,32.5,32.4,32.3,31.6,32.5,32.5,34.3,32.0,32.2,32.8,33.9,33.1,31.9,33.6,33.7,32.3,33.4,33.5,32.7,32.9,31.8,32.9,32.3,32.5,32.7,33.0,32.7,32.2,31.6,33.0,32.4,32.9,32.6,34.0,33.0,32.4,33.1,33.1,33.6,32.9,33.9,34.4,34.1,31.8,31.6,33.0,33.4,33.7,32.9,32.4,33.4,33.4,32.7,33.0,32.5,32.6,32.3,32.1,32.3,32.7,31.8,32.4,33.5,33.8,33.9,32.3,33.4,32.3,32.6,33.8,33.7,33.0,33.2,31.4,32.5,32.9,32.5,33.5,33.2,31.0,33.0,33.6,32.0,32.4,32.6,32.8,32.7,32.9,32.4,33.5,32.1,31.9,31.9,33.3,33.4,35.1,34.0,32.9,33.1,32.5,32.5,33.2,32.9,33.0,32.6,34.0,32.9,31.7,32.6,32.2,33.5,31.9,32.1,32.4,33.0,32.4,32.5,32.6,32.6,32.9,32.9,32.1,32.1,33.1,31.9,32.6,33.1,34.5,33.7,33.3,33.1,33.1,32.3,32.7,32.9,34.6,33.5,32.7,33.4,31.8,31.0,32.9,33.0,32.8,31.9,33.1,32.6,32.4,31.7,33.2,32.6,33.0,32.1,32.9,33.3,32.0,32.9,33.1,32.7,33.6,34.0,33.5,33.3,33.4,32.6,32.9,32.5,32.1,32.6,33.5,34.0,33.0,32.6,32.9,33.2,32.0,32.2,32.3,33.4,32.2,32.1,32.6,33.2,32.9,32.8,32.6,32.8,32.6,32.6,33.5,33.9,33.4,33.8,33.5,34.6,33.8,33.5,32.7,33.5,32.2,33.2,32.7,33.7,33.1,31.1,33.9,33.2,32.8,32.5,33.3,33.2,33.6,32.8,32.4,32.5,32.4,32.6,33.0,33.7,33.0,32.8,34.0,34.3,33.5,33.8,34.4,33.0,32.7,33.7,33.3,32.9,33.7,32.6,33.7,33.3,33.5,33.0,32.4,33.0,32.6,33.9,31.8,33.3,32.7,33.0,32.7,33.2,32.8,32.3,32.7,33.6,32.7,33.3,33.1,33.4,33.9,33.3,33.2,34.4,31.4,33.9,33.3,33.3,32.9,33.4,33.2,34.3,32.8,32.3,33.9,33.5,32.8,33.3,33.0,33.2,32.8,33.3,32.4,33.3,32.2,33.5,33.1,32.6,33.1,32.7,33.6,34.5,34.3,34.0,35.0,34.2,32.9,33.2,33.9,33.6,32.4,33.2,34.1,33.7,32.8,32.6,33.2,33.6,32.8,32.8,33.6,33.5,33.0,33.0,32.8,33.2,32.7,33.0,33.6,34.0,33.6,32.4,34.1,35.2,34.1,34.4,34.7,33.9,33.2,32.9,33.8,33.3,33.0,31.7,33.6,33.0,31.9,33.8,33.9,32.7,32.4,32.6,33.8,33.2,32.3,32.6,33.3,33.2,32.9,32.9,33.5,33.2,33.2,32.1,33.5,34.2,34.1,33.5,34.6,34.3,33.6,32.6,33.3,33.0,32.4,32.1,33.3,33.5,32.7,32.5,32.3,33.3,32.9,32.7,33.7,33.5,33.2,32.7,32.9,33.1,32.8,33.1,33.3,33.5,33.5,32.2,34.0,33.8,34.1,34.1,34.6,34.8,33.9,33.3,32.7,33.1,34.3,32.3,34.2,34.2,32.4,34.0,34.1,33.0,33.3,32.2,32.8,32.5,33.2,32.4,32.6,33.0,33.0,32.9,33.2,33.1,33.0,32.4,34.2,34.2,34.5,34.5,33.6,33.5,33.5,32.6,33.7,32.9,32.8,32.8,33.9,33.1,32.3,32.4,32.8,33.3,32.7,32.5,32.4,32.5,33.5,32.7,29.8,34.2,32.8,nan,33.6,32.8,32.8,32.5,33.1,34.5,34.4,34.7,33.5,33.1,32.7,33.2,33.8,33.7,32.5,32.8,33.0,34.0,33.7,32.5,34.5,34.3,32.7,32.9,34.0,34.2,33.2,33.6,32.9,32.9,31.9,32.7,33.5,33.2,32.9,32.9,34.0,34.0,33.7,32.9,33.8,34.0,33.2,32.9,33.0,32.9,33.4,32.9,33.8,34.3,33.0,32.5,33.2,33.1,33.5,33.2,33.6,34.0,33.4,32.2,32.7,32.7,33.0,32.5,32.4,33.3,33.0,33.0,33.5,34.5,33.1,34.3,33.0,35.0,33.5,33.1,33.6,33.3,32.8,33.2,32.8,33.9,33.7,33.1,33.7,33.9,32.3,32.4,34.3,34.1,32.2,33.2,33.8,33.8,32.6,33.9,32.7,33.8,33.3,33.1,33.2,33.5,33.8,33.5,34.1,34.0,33.8,32.5,33.7,34.3,33.9,34.0,34.3,33.1,33.2,33.8,32.7,33.7,33.1,33.4,33.3,33.5,32.3,33.2,32.4,33.2,32.6,33.3,33.6,33.3,33.3,32.6,33.2,34.0,33.4,33.1,33.3,33.7,32.4,33.5,33.6,33.8,32.3,33.1,33.1,34.5,32.3,33.2,33.9,33.0,33.4,33.3,33.7,33.1,32.6,33.4,33.2,33.6,32.3,32.2,33.8,33.5,32.0,32.9,33.4,33.6,32.7,32.4,33.7,34.5,33.7,32.8,34.4,32.7,33.4,33.1,34.6,33.5,32.6,32.9,34.4,34.6,32.4,33.6,32.4,33.7,32.3,32.8,33.6,33.3,32.8,32.1,32.9,34.0,33.1,32.8,33.1,33.3,33.0,33.6,33.9,33.9,33.6,33.3,33.2,34.3,33.2,33.4,33.1,35.3
1785306052.8379996,1775,32.7,32.6,32.4,32.9,32.9,32.5,33.4,32.5,30.7,32.4,33.4,31.9,32.2,32.3,32.6,33.0,32.1,32.1,33.1,32.8,32.4,32.9,31.9,32.7,33.6,33.1,33.3,33.4,31.6,31.9,33.0,32.9,33.4,32.2,33.0,32.1,32.1,31.7,31.8,32.6,32.3,32.9,32.2,32.4,33.3,32.2,32.1,32.5,32.9,32.4,32.5,33.1,33.6,32.3,32.4,33.2,33.5,33.2,32.5,34.3,33.3,32.0,32.8,33.3,33.7,33.2,31.6,32.7,32.0,33.5,33.0,32.8,32.1,32.2,32.4,31.8,32.4,32.6,32.4,32.9,31.7,33.2,32.4,33.5,32.4,32.1,32.1,32.2,32.2,33.0,32.0,32.9,32.3,32.4,32.2,33.2,33.1,32.5,32.2,31.8,33.6,32.8,32.1,32.1,32.8,32.9,32.7,32.6,32.7,31.8,32.3,33.6,32.8,32.0,32.3,32.6,32.7,32.0,32.6,32.4,32.3,32.6,31.7,33.3,32.2,32.0,32.3,33.7,32.1,33.3,32.5,33.5,33.4,33.6,32.7,32.0,32.0,32.7,32.5,32.0,32.3,33.3,32.0,31.7,32.9,32.6,32.8,32.6,34.1,33.3,32.8,32.5,33.0,33.5,33.3,32.9,32.1,32.7,33.9,32.8,33.2,32.7,33.1,33.4,33.3,32.8,32.4,31.9,33.2,32.7,32.7,33.2,33.1,32.0,33.1,32.3,33.2,32.2,31.8,33.8,34.2,33.4,33.4,33.9,33.2,31.9,32.2,33.9,33.6,33.4,32.1,33.1,33.2,33.2,32.7,32.1,32.5,34.5,33.0,32.5,32.2,33.1,32.7,32.0,32.6,32.3,33.0,32.3,32.1,32.7,32.3,32.6,35.1,35.0,32.5,33.1,33.4,32.9,33.6,32.2,32.1,32.6,34.4,32.9,32.2,33.1,33.0,32.5,31.3,32.3,33.7,32.1,33.4,32.9,33.2,32.5,32.7,32.5,32.2,32.9,32.3,31.9,32.4,33.1,35.5,33.7,33.1,33.6,32.9,32.1,33.1,33.1,33.3,33.1,32.5,33.6,33.1,32.7,33.2,33.2,31.3,32.2,32.8,32.4,33.9,32.2,33.6,33.4,33.3,32.2,33.2,33.3,32.4,32.1,33.3,33.3,34.1,34.0,34.5,33.3,31.7,33.1,32.6,31.9,32.3,33.1,33.3,33.4,32.6,31.9,33.3,33.2,32.9,32.0,32.3,33.2,33.5,32.0,32.0,32.8,32.8,33.1,32.3,33.2,32.6,32.4,34.0,34.5,34.1,33.4,33.8,33.4,33.5,33.2,33.4,33.1,32.8,33.4,33.4,33.9,33.7,31.5,32.5,32.4,32.6,32.5,32.9,33.2,32.8,32.8,33.1,32.9,32.7,32.3,32.7,32.3,32.6,33.2,34.8,33.9,33.4,33.2,33.3,33.2,34.1,33.2,32.8,32.2,32.8,32.8,33.0,32.3,33.5,33.4,32.4,33.6,33.0,33.1,32.5,33.1,32.6,32.3,32.8,34.1,32.5,32.3,33.4,32.3,33.0,33.6,33.9,33.9,33.4,33.8,33.0,33.5,33.8,33.7,32.7,31.9,32.3,32.3,33.6,33.1,33.2,32.8,31.7,32.7,32.4,33.1,32.3,32.8,31.8,32.6,32.6,32.8,32.4,32.3,33.1,33.1,33.4,34.5,34.0,33.9,33.9,34.0,34.2,33.5,35.0,33.3,33.5,33.4,32.6,32.6,32.9,33.7,33.1,32.2,32.0,33.8,33.4,32.4,33.1,33.5,32.9,31.7,33.0,32.9,33.0,32.2,32.2,33.5,33.1,32.7,34.4,34.2,33.9,33.8,33.4,34.1,33.3,32.9,33.8,33.7,32.8,32.5,33.2,33.0,33.4,32.8,32.5,33.1,32.5,32.6,32.2,32.7,32.9,33.0,33.2,32.5,33.4,33.2,32.6,33.4,32.5,33.5,33.3,33.7,33.5,34.0,34.7,33.7,34.0,33.5,33.0,33.4,33.3,33.4,33.5,32.7,33.2,31.5,32.5,33.1,32.4,32.3,32.6,32.8,33.5,32.2,32.3,32.6,33.1,32.7,32.1,32.9,33.0,33.5,33.9,33.7,33.4,33.2,33.4,34.1,34.2,33.5,33.4,33.2,34.0,33.3,33.8,32.8,32.6,33.0,33.1,33.8,33.8,32.9,33.2,32.3,32.2,33.3,32.6,32.5,33.3,33.5,32.7,33.4,33.2,34.2,33.3,33.2,33.3,33.4,33.8,34.3,34.1,33.8,34.1,33.8,33.3,33.5,33.5,33.5,34.5,32.2,32.4,32.1,33.8,33.2,33.5,33.6,33.7,32.7,32.5,33.1,32.8,nan,33.1,33.3,33.8,34.0,33.3,33.6,32.9,33.9,33.4,33.6,33.7,33.3,34.0,34.2,33.3,33.4,33.6,33.4,32.2,33.2,33.3,33.5,32.4,33.8,33.3,32.8,33.2,32.7,33.3,33.6,32.4,32.9,33.0,32.9,33.2,33.5,32.5,33.5,33.3,33.4,33.4,34.5,32.5,32.9,33.5,33.4,32.3,34.1,33.4,32.7,33.4,32.5,33.0,32.7,32.9,33.0,33.1,33.3,33.4,32.5,32.4,33.5,33.2,32.2,32.5,32.8,32.8,31.7,32.6,33.0,33.6,32.4,33.6,34.3,33.4,32.8,33.4,33.7,32.8,33.4,33.3,32.7,32.8,34.0,33.7,32.9,33.7,34.0,31.9,33.4,32.6,34.1,32.9,32.4,32.4,33.9,32.6,33.3,33.4,33.2,33.4,33.2,33.3,33.5,32.9,34.0,33.2,33.2,33.3,33.2,33.7,34.0,33.9,34.2,33.2,32.2,33.9,33.1,33.5,33.6,32.8,33.2,34.1,33.2,32.6,33.9,33.6,33.4,32.9,33.5,33.6,32.9,32.5,33.3,33.8,33.2,34.8,33.9,33.3,33.7,33.0,33.6,33.7,32.9,34.4,34.8,32.3,34.2,32.5,33.0,33.4,32.7,32.9,33.5,32.7,33.4,34.1,33.3,32.9,33.3,33.1,33.6,32.9,33.3,32.7,33.5,32.5,32.4,33.7,33.5,33.4,33.0,34.2,34.5,32.7,33.3,34.1,33.5,32.8,32.7,33.7,32.9,33.7,32.0,32.6,32.4,32.7,33.6,33.3,33.3,33.8,33.3,32.6,32.6,33.1,32.8,32.9,33.9,33.2,33.1,33.4,33.4,34.5,33.7,33.2,33.5,33.0,33.4,32.7,34.6
1785306054.8465762,1776,34.4,33.4,32.9,32.9,33.8,32.7,33.0,33.5,32.1,32.6,31.7,33.5,32.8,31.7,32.6,33.2,33.2,33.4,33.3,33.6,33.4,33.2,32.2,32.5,32.8,32.2,32.6,33.3,32.7,32.3,33.8,32.9,34.4,32.8,34.2,33.0,33.2,32.1,32.6,33.2,33.3,31.8,32.0,33.0,32.7,32.7,33.2,32.7,32.2,31.8,33.9,33.1,33.6,32.7,32.6,32.6,32.1,32.6,33.4,33.0,33.1,32.7,33.0,33.0,33.4,32.4,33.0,32.6,31.6,32.9,33.1,32.6,33.1,32.8,32.3,32.9,32.9,32.4,32.9,32.9,31.9,31.9,32.2,33.0,32.2,32.1,32.5,33.5,32.6,33.4,33.2,32.3,33.5,33.9,33.4,32.9,32.4,34.0,32.7,32.7,33.3,33.0,33.9,33.3,33.0,31.9,33.6,32.7,32.6,32.7,32.8,32.7,33.1,32.7,32.5,32.2,32.0,32.2,32.4,32.8,33.6,32.9,33.7,32.9,32.8,33.1,33.5,33.2,32.8,33.5,32.9,32.8,33.4,33.2,32.3,31.8,32.5,32.7,32.9,32.6,33.0,33.1,33.0,32.2,32.7,32.6,33.2,33.4,33.0,32.2,32.6,32.5,32.6,32.8,32.3,32.8,33.9,32.5,33.1,33.4,34.1,33.2,33.0,32.9,32.1,32.7,32.8,33.2,32.1,33.2,33.5,32.0,33.6,32.9,32.7,32.5,33.3,32.6,33.3,33.3,32.8,32.8,32.6,32.5,33.7,33.3,33.0,33.3,32.6,33.0,32.9,31.8,32.9,34.0,32.5,32.5,32.1,32.2,31.7,32.7,33.5,33.3,33.3,33.2,32.4,32.3,33.1,33.1,32.7,32.9,34.1,35.1,34.9,34.1,33.6,33.4,33.2,32.5,32.7,32.5,33.4,32.8,33.0,33.5,32.4,32.8,33.0,32.1,32.7,32.1,32.6,32.6,33.0,33.4,32.9,32.1,31.7,32.8,33.2,32.2,32.3,33.1,33.4,34.2,33.4,32.5,32.6,33.3,33.3,33.0,32.7,32.3,33.6,33.3,32.4,31.7,32.2,33.1,32.9,33.2,33.0,32.8,32.8,33.1,32.9,33.9,31.7,33.2,32.8,32.7,32.5,32.8,32.2,33.0,33.9,34.0,34.3,33.5,33.1,32.8,32.2,32.6,32.4,34.1,33.6,32.6,33.3,32.7,32.8,32.3,32.3,33.2,33.1,32.9,33.2,32.8,33.0,32.3,32.8,32.8,33.4,32.3,33.0,33.2,32.7,33.9,33.8,33.7,34.0,33.9,33.8,33.2,32.0,32.3,33.4,33.3,33.3,33.2,33.7,33.5,32.4,33.4,32.7,32.8,32.8,33.3,32.9,32.8,32.9,33.1,33.1,32.5,33.3,32.3,33.3,33.2,34.0,34.0,33.5,34.0,34.0,33.5,33.3,33.5,33.0,33.1,32.8,32.9,33.0,32.1,33.9,34.1,33.4,32.8,32.6,33.0,33.1,32.8,33.7,33.9,33.4,33.1,32.8,32.9,33.3,32.9,32.9,32.8,34.1,33.4,34.3,33.6,33.3,33.9,33.6,33.9,33.0,33.4,33.1,33.2,33.0,33.2,33.0,33.3,32.7,33.2,32.5,33.1,33.3,33.4,31.9,32.6,33.1,33.1,32.7,32.4,33.0,32.6,32.7,33.7,34.2,33.8,33.8,34.2,33.5,34.4,35.1,34.0,33.3,32.7,33.7,33.8,32.4,32.8,32.9,33.7,34.1,32.2,32.6,32.4,33.2,32.8,33.4,32.9,33.0,32.5,32.8,32.4,33.3,32.4,33.6,33.5,33.4,33.5,34.4,34.9,34.7,33.6,34.1,34.1,33.7,32.9,34.3,34.4,33.0,33.0,33.8,33.4,33.4,33.0,33.5,33.3,32.1,33.7,33.0,34.0,32.8,33.4,33.3,33.3,33.5,32.7,33.0,33.4,33.9,33.4,33.8,34.2,34.3,33.7,34.1,34.0,33.3,32.9,33.7,33.4,33.2,32.8,32.7,32.9,33.1,32.7,32.7,32.3,33.1,33.5,32.9,33.5,33.5,32.8,33.1,33.1,33.0,31.8,32.6,33.3,33.8,33.5,34.7,33.5,33.6,33.2,33.5,33.4,33.8,32.5,34.5,33.5,33.8,34.5,33.4,32.8,32.6,32.9,33.5,33.3,32.4,32.9,33.5,32.8,33.2,33.6,32.6,32.5,33.0,33.0,33.3,33.4,34.6,34.0,33.2,34.0,33.5,33.5,33.6,34.3,34.0,33.1,33.0,32.9,33.7,33.7,33.1,33.9,32.8,32.2,33.2,33.3,33.4,33.2,33.1,32.4,33.7,32.5,32.5,33.1,32.8,nan,32.4,33.1,34.7,33.6,33.6,33.6,34.6,33.8,34.7,33.4,33.7,33.9,33.3,33.2,33.3,33.6,33.2,33.4,33.9,32.9,33.1,33.1,32.9,32.3,32.8,34.2,32.4,32.7,32.9,33.6,32.4,33.3,32.7,33.7,33.7,33.0,33.3,33.5,33.0,34.4,33.1,33.9,33.4,33.6,34.4,34.3,33.6,33.5,34.2,33.9,34.3,33.4,33.2,32.9,33.6,32.5,33.4,33.9,32.7,32.7,33.2,33.4,32.8,32.5,32.3,32.9,33.3,33.6,33.8,32.7,33.9,33.8,34.4,34.3,33.7,33.5,33.4,33.3,33.4,33.4,33.0,33.7,34.0,33.5,33.5,34.1,33.5,32.8,33.3,33.5,33.4,32.5,32.7,34.1,33.6,32.5,33.1,33.0,33.5,33.3,32.9,33.8,33.3,33.0,32.7,33.4,33.4,33.8,33.5,33.5,34.8,33.0,33.9,34.7,34.1,33.1,33.5,34.3,32.5,33.4,33.9,33.2,33.7,33.0,34.3,33.2,33.6,33.3,33.4,33.0,33.4,32.8,33.7,33.6,33.2,32.9,33.5,34.1,33.7,34.2,33.4,33.1,33.3,32.7,34.0,33.9,33.9,34.2,33.4,34.7,33.2,34.1,33.1,33.6,33.0,33.9,33.6,34.3,33.8,32.7,33.2,34.0,32.7,33.4,33.0,33.3,32.3,32.7,33.2,33.1,34.5,33.7,34.0,33.1,33.3,34.2,34.4,34.2,34.2,32.2,33.3,34.2,33.6,32.4,32.7,33.5,32.9,33.4,32.3,33.6,33.1,32.9,33.8,33.1,33.6,32.4,33.6,33.3,33.2,32.4,34.3,34.1,33.7,33.5,33.6,32.7,33.4,32.5,33.8,34.4
1785306057.154968,1777,34.1,32.6,33.1,34.1,33.1,31.8,33.0,32.7,32.5,32.6,31.9,32.3,32.2,32.1,32.4,33.9,31.7,32.8,32.9,32.6,32.8,32.8,32.4,33.3,31.6,32.4,33.3,33.8,31.6,32.3,32.7,32.9,33.6,31.4,31.8,33.7,32.1,31.9,33.1,32.5,33.1,32.9,32.9,33.1,32.9,32.2,33.2,32.9,33.5,32.4,32.5,32.8,32.9,31.8,33.5,31.2,33.3,32.6,33.3,32.6,34.6,33.1,33.3,32.8,31.9,32.9,32.8,34.2,32.2,33.1,31.7,33.0,32.7,32.8,32.1,33.0,32.3,33.3,32.4,33.3,33.1,33.6,32.9,33.0,32.4,33.9,32.6,33.5,32.4,33.2,32.4,33.1,32.2,32.4,32.4,34.1,34.1,33.2,32.9,32.7,32.5,31.7,33.1,32.3,33.0,32.7,33.8,32.9,32.6,31.4,32.3,32.2,33.4,32.5,32.3,32.9,33.0,31.8,33.5,32.4,33.2,33.3,33.3,32.9,33.4,33.1,33.7,33.2,32.4,32.8,32.9,33.2,33.1,32.4,32.9,33.9,32.1,33.2,32.3,31.9,32.7,33.1,33.0,32.7,32.2,32.4,32.3,32.6,33.4,32.7,32.6,32.1,32.9,33.1,32.7,34.4,32.5,33.1,32.8,33.6,33.6,32.0,32.6,32.7,32.1,32.7,33.3,33.0,32.0,32.8,33.2,33.5,32.8,33.3,32.6,32.8,32.8,31.6,33.4,33.3,35.0,33.3,32.6,32.4,32.8,32.6,33.2,33.3,33.2,32.4,32.5,31.8,32.3,32.2,32.3,33.4,33.1,33.5,33.4,34.1,32.4,32.8,31.6,33.2,32.3,33.2,32.3,32.8,32.4,32.7,32.4,33.5,34.1,33.6,33.4,33.8,32.3,32.3,33.0,33.3,32.4,32.2,33.0,32.7,33.3,33.7,32.1,32.7,32.1,32.1,34.0,31.7,33.0,31.8,32.9,32.6,32.9,32.4,33.3,32.7,33.1,32.6,33.0,33.6,34.7,33.8,33.1,32.9,33.1,32.6,33.8,33.2,32.5,33.1,34.3,33.0,33.1,33.1,32.9,34.0,31.8,33.2,32.4,33.1,31.7,33.3,31.9,32.5,31.9,32.9,32.8,33.0,32.5,32.9,32.8,34.4,34.1,33.5,33.8,33.1,32.4,33.3,32.4,34.1,32.9,33.1,33.3,33.5,33.6,32.3,32.5,34.1,32.7,33.1,32.8,32.7,33.8,32.8,31.8,32.5,33.1,32.1,33.2,32.9,32.9,32.9,34.2,33.7,34.0,32.8,34.5,33.7,33.3,32.3,32.9,33.1,35.0,32.4,33.9,33.5,32.9,32.1,32.9,33.8,33.0,32.3,32.4,33.5,32.6,33.3,32.2,33.0,32.5,32.9,32.6,33.2,33.2,33.8,33.8,34.7,33.5,34.5,33.3,34.5,32.5,32.8,32.8,34.2,33.1,33.2,33.1,33.6,33.9,31.6,32.8,32.0,33.3,32.6,32.9,32.6,34.0,32.8,33.3,33.1,32.9,32.6,33.5,32.8,33.9,33.4,33.9,33.6,33.7,32.1,33.6,33.5,33.3,32.7,33.4,32.1,32.8,32.1,33.6,32.3,32.3,32.9,32.7,32.7,32.6,32.3,33.0,32.5,31.7,32.6,32.9,33.6,32.4,33.2,32.6,33.4,33.4,33.2,34.3,34.5,34.0,34.4,33.3,33.8,33.1,32.6,33.9,34.1,32.8,33.4,32.9,33.9,32.6,32.0,33.4,32.6,32.8,31.9,33.4,32.8,33.5,32.0,32.5,34.0,33.3,33.2,33.3,33.6,33.1,33.3,33.4,33.9,33.6,33.6,34.4,33.6,33.3,32.9,33.6,32.4,33.0,33.0,33.8,33.9,33.6,33.4,33.1,33.7,33.2,31.7,33.5,33.2,32.2,33.3,33.3,32.2,33.0,33.4,33.3,33.4,33.4,33.7,34.1,34.0,33.8,33.8,33.8,33.8,33.3,32.8,33.3,33.9,32.6,33.7,33.1,34.1,33.6,32.5,33.0,32.5,32.6,32.5,33.5,32.2,32.5,33.7,32.2,33.4,33.3,32.7,33.4,32.5,33.9,32.8,34.0,33.7,33.7,33.5,33.7,34.1,33.8,33.3,33.4,33.1,33.6,32.9,33.6,32.2,33.0,32.5,33.3,33.9,32.9,33.2,32.6,33.0,32.4,33.1,32.6,33.0,33.5,32.9,33.2,33.2,32.8,33.7,33.5,33.5,33.6,34.2,34.1,34.6,34.1,33.6,32.6,33.1,32.8,33.1,32.7,33.9,33.4,32.4,33.6,32.7,33.1,32.1,32.5,32.9,33.3,32.7,34.5,32.9,33.6,nan,32.6,33.1,33.0,34.0,33.9,34.0,34.6,32.4,35.1,34.3,35.2,33.8,33.8,33.0,33.8,32.2,34.0,34.6,34.3,32.9,33.1,33.5,33.7,33.8,32.0,34.0,33.1,31.7,32.7,33.8,33.3,32.5,32.9,32.8,33.3,33.7,33.1,33.2,33.0,33.0,32.5,34.1,33.0,33.8,34.1,33.8,32.3,33.1,32.5,34.3,33.4,34.2,33.4,32.9,34.0,31.9,34.5,33.3,32.7,32.5,33.4,33.0,32.0,32.8,33.7,32.6,33.3,32.5,34.1,33.8,33.9,33.4,34.2,34.2,33.2,33.1,33.6,33.5,33.0,32.8,33.9,34.1,33.3,34.0,33.9,33.2,32.3,33.0,33.5,34.1,33.1,33.4,32.6,33.6,32.2,33.7,33.9,34.0,32.8,33.1,33.4,34.2,33.6,34.0,34.1,33.4,31.9,32.8,33.1,34.3,34.0,33.6,33.2,35.3,33.2,32.9,33.1,33.3,32.6,32.2,33.1,33.5,32.6,33.5,33.6,33.7,32.7,31.7,32.9,33.1,33.3,31.9,33.5,33.3,33.9,33.9,33.7,34.1,33.8,33.1,34.1,34.0,34.3,33.3,34.2,33.9,32.2,33.0,33.6,32.7,32.5,32.9,33.6,33.4,33.2,33.4,33.0,32.5,32.9,32.3,33.0,33.8,33.2,33.1,32.8,33.8,33.0,33.8,33.9,33.3,33.1,33.7,33.8,32.9,32.9,32.5,34.1,34.2,33.0,33.6,34.4,32.4,32.8,32.6,33.9,33.5,32.9,33.4,33.4,33.8,33.6,32.4,33.6,32.9,33.1,32.8,34.0,33.3,33.6,33.1,34.1,33.6,34.3,33.1,34.0,33.3,33.1,33.4,33.8,33.5
1785306059.1110108,1778,32.5,32.0,33.7,33.1,33.2,32.7,34.2,32.4,33.4,31.8,32.6,32.1,33.1,32.2,32.9,32.6,33.3,33.0,33.4,34.1,33.3,31.9,32.9,33.1,32.7,33.0,33.2,32.9,33.3,32.8,33.9,33.4,32.0,34.2,34.2,32.6,32.3,31.8,33.5,32.8,31.5,33.0,32.3,33.2,31.8,34.1,32.8,32.5,33.3,33.4,33.0,33.4,33.0,31.9,32.8,32.9,33.3,32.9,34.4,33.4,33.5,33.0,33.3,33.1,35.0,33.2,32.2,32.9,33.2,32.2,33.6,33.2,33.2,32.8,32.0,33.0,32.3,32.4,33.0,32.2,32.2,32.3,33.2,32.9,33.4,33.0,33.7,32.7,33.6,33.2,33.3,32.7,33.2,32.4,33.5,33.4,32.8,33.8,34.7,34.0,33.5,33.3,32.9,33.6,32.2,33.5,33.6,32.3,32.3,33.1,32.4,32.6,32.2,33.7,32.8,32.1,32.3,32.1,33.3,33.3,33.6,33.4,33.4,32.6,33.8,34.6,33.9,34.0,32.5,33.3,32.8,33.7,33.7,33.2,33.4,31.9,32.8,32.3,33.0,32.3,33.4,32.9,32.9,32.5,32.3,33.1,33.3,33.4,33.1,32.9,33.2,32.8,33.2,33.1,33.4,33.8,32.6,32.7,33.4,33.2,32.5,33.1,33.5,33.5,33.1,32.6,31.6,32.8,33.7,32.9,33.0,33.5,32.8,32.9,32.2,32.9,32.7,33.1,32.8,34.1,34.5,34.7,32.8,32.6,32.8,32.7,33.2,34.4,33.2,33.1,33.6,33.2,34.2,32.9,32.4,31.9,32.4,32.8,33.0,33.0,32.5,32.8,34.1,33.5,33.4,32.6,33.1,32.5,33.1,33.0,33.5,33.0,34.7,34.6,32.5,32.7,32.9,32.7,33.5,33.3,33.1,32.4,33.3,33.5,31.7,33.6,33.0,34.0,32.7,32.4,32.6,33.1,32.5,34.2,33.2,34.4,33.0,33.8,33.3,33.0,33.2,33.0,33.2,33.2,34.5,33.4,31.9,32.9,32.9,32.6,33.5,32.8,33.8,32.0,33.9,33.7,33.0,32.4,33.2,33.4,33.4,32.0,33.9,32.8,33.2,31.8,33.7,32.7,32.8,32.9,32.8,33.5,33.4,33.4,33.1,33.6,34.7,34.3,34.2,34.3,33.1,32.2,32.5,34.6,33.0,32.2,33.6,34.4,33.0,32.6,33.3,33.5,33.1,32.6,33.0,33.8,32.5,33.1,34.2,33.4,33.1,33.3,33.0,32.9,33.4,32.4,33.3,34.5,33.5,35.0,32.8,34.0,33.1,33.4,34.1,33.2,33.5,32.7,32.7,34.2,32.5,33.3,33.4,33.0,32.7,33.4,32.8,32.7,32.2,33.4,33.3,33.5,33.3,32.9,33.2,33.2,33.5,33.4,34.2,33.7,34.3,34.5,33.9,33.0,34.2,34.1,33.8,33.3,32.7,33.2,33.8,33.6,33.2,32.9,32.6,32.5,31.8,33.4,32.9,33.5,33.4,33.7,33.3,33.3,33.1,33.4,33.4,32.4,34.2,33.5,33.5,34.0,33.6,34.2,34.0,33.1,33.6,33.6,33.9,32.7,33.6,33.3,33.8,33.8,34.8,33.2,32.8,32.7,33.0,32.7,32.4,32.6,33.4,33.1,33.2,32.6,33.0,32.4,33.1,33.7,34.0,33.7,33.2,33.7,33.6,33.7,34.2,34.3,34.9,33.2,33.8,33.4,32.7,33.2,33.2,34.9,31.5,33.4,32.4,33.3,32.1,33.1,33.4,32.9,33.2,33.4,33.2,33.2,32.6,33.6,33.3,33.7,34.2,34.2,34.7,34.2,33.9,34.7,34.4,33.3,34.1,33.5,33.6,33.9,33.7,32.6,33.6,33.5,33.9,33.4,33.4,33.7,33.1,32.7,33.6,33.7,32.5,32.8,33.1,32.8,32.8,33.2,32.8,33.4,33.2,32.7,33.7,34.5,33.7,33.4,33.4,33.0,33.4,32.9,33.8,34.1,34.0,32.6,34.2,33.7,32.3,33.3,32.8,33.4,32.6,32.6,33.5,33.6,32.5,33.4,33.2,33.2,32.6,33.2,34.8,34.2,32.2,32.9,33.8,34.2,32.8,32.8,33.9,34.2,33.7,34.0,33.1,32.9,34.6,33.7,34.4,32.5,32.9,32.9,33.2,33.7,33.2,33.1,34.0,33.3,34.0,33.1,32.6,33.6,33.6,33.2,33.9,32.9,33.8,33.2,32.9,33.8,33.4,34.3,33.4,33.5,33.7,34.0,32.7,33.4,33.6,34.1,33.8,33.5,32.5,34.0,32.6,33.0,33.2,33.3,32.7,32.8,33.0,33.5,34.4,33.3,33.5,nan,32.7,33.5,33.4,33.3,32.7,34.2,34.1,33.4,33.7,34.5,33.2,33.4,34.5,33.1,34.2,32.9,33.4,34.9,33.3,33.6,33.4,32.9,33.4,33.6,33.6,34.2,32.6,32.7,33.2,33.8,33.6,33.2,33.5,33.7,33.8,32.9,32.7,33.8,34.2,33.0,34.2,34.1,33.5,33.8,33.8,34.1,33.9,33.7,34.1,33.9,32.1,34.1,33.2,33.8,32.7,33.9,32.8,34.1,33.0,33.6,33.4,33.3,33.2,33.2,32.9,34.0,33.3,33.3,32.9,33.6,33.9,34.2,33.5,34.2,33.2,33.7,33.2,33.8,33.7,34.0,34.3,34.7,34.1,33.1,33.6,33.2,33.9,32.2,33.3,33.1,33.4,33.2,33.5,33.1,34.2,33.0,33.0,33.8,33.3,33.1,33.7,32.8,33.0,33.7,33.2,33.9,32.4,33.4,34.3,33.2,33.6,34.2,33.8,34.6,32.9,34.3,33.5,33.2,33.2,34.2,33.1,32.3,33.0,33.8,32.9,33.4,32.7,32.8,34.3,33.4,34.1,33.4,33.5,34.2,32.9,33.7,34.0,33.7,32.9,33.4,32.2,34.1,34.1,33.6,33.8,34.9,33.7,33.2,33.1,32.3,33.1,32.3,33.4,33.1,32.9,32.8,33.7,33.4,32.8,31.8,33.0,33.3,32.3,33.3,33.5,33.8,33.0,32.7,33.5,34.3,34.0,33.9,33.3,33.1,33.5,35.0,34.2,34.4,32.1,33.9,33.5,33.6,32.8,34.5,33.1,33.8,33.1,34.9,34.2,33.0,32.6,33.6,34.0,33.4,33.3,32.5,33.6,33.1,33.6,33.4,34.1,33.7,33.4,34.5,33.6,33.8,33.3,34.5,32.9,34.5
1785306061.2922876,1779,35.4,33.1,33.1,31.6,32.6,32.4,33.4,31.8,32.1,32.8,33.0,33.2,30.7,32.4,33.9,32.8,32.8,31.9,33.7,32.6,33.0,32.6,32.8,32.4,32.6,32.4,33.1,33.5,33.2,33.2,32.2,33.4,33.9,33.8,34.0,34.5,33.0,33.0,32.2,34.4,32.9,33.5,32.7,33.3,32.5,32.9,32.8,33.6,32.5,32.6,33.0,32.8,33.4,33.3,32.8,33.0,33.5,33.4,33.5,34.3,34.0,33.6,33.7,34.5,33.4,34.1,33.5,33.1,33.1,33.1,33.5,31.6,33.3,32.7,33.0,32.7,33.4,33.4,33.4,32.0,33.1,31.9,33.1,33.5,33.1,32.6,33.2,32.7,32.9,33.0,33.6,32.8,33.5,32.8,34.3,34.5,32.1,33.2,33.1,34.3,32.1,32.8,33.1,33.3,33.2,32.9,33.2,33.3,33.3,32.5,32.8,32.7,31.9,32.9,32.5,33.2,32.5,33.0,33.8,33.2,32.5,32.9,32.6,34.5,32.8,32.6,33.7,34.4,34.0,32.1,32.9,33.6,33.9,32.8,33.4,33.5,32.5,33.2,32.9,32.8,33.0,32.7,32.8,33.4,32.6,32.9,32.6,32.7,34.0,32.7,33.3,32.8,33.8,32.7,33.1,33.0,33.5,32.9,34.6,33.0,32.5,32.3,33.9,32.9,33.5,33.7,32.2,32.8,32.5,33.0,32.3,33.4,33.1,33.4,33.2,33.5,33.1,32.3,31.6,33.6,34.6,34.6,33.5,33.4,33.0,32.8,33.2,34.4,33.9,34.0,33.1,34.2,33.2,34.2,32.5,34.0,33.5,32.6,33.4,32.7,32.6,33.6,33.5,33.4,33.1,31.8,32.6,32.9,31.7,32.2,32.6,34.0,35.1,34.3,32.4,33.6,33.9,33.0,33.2,32.9,32.8,33.2,33.6,33.3,31.7,32.8,33.0,33.7,32.8,33.6,32.6,33.3,33.2,33.6,33.0,33.1,33.0,33.0,32.8,32.9,32.6,31.8,32.4,33.7,34.5,35.1,32.9,33.1,32.7,32.4,33.1,33.6,33.2,33.6,33.9,34.9,33.1,32.9,32.9,33.6,32.6,33.3,33.6,33.7,33.1,33.2,33.2,33.0,33.3,33.5,32.8,32.5,32.4,32.7,33.8,33.6,34.4,33.8,34.6,33.6,33.5,32.7,33.3,33.7,33.1,32.7,33.9,33.3,32.1,33.0,33.5,33.9,32.1,31.8,31.8,33.7,34.0,32.6,33.3,33.5,32.2,32.9,32.7,33.2,32.7,33.2,34.9,34.8,34.3,34.1,33.8,34.5,32.5,33.7,33.2,33.6,33.1,33.0,32.1,33.1,32.4,33.1,33.9,33.6,32.6,32.5,32.9,33.2,32.8,33.2,33.2,33.0,33.5,32.4,32.8,33.0,32.9,34.1,34.1,33.2,34.8,33.8,34.9,34.5,34.2,32.6,33.7,33.4,33.9,33.0,33.9,33.6,33.6,33.0,33.7,34.3,33.1,33.7,32.7,34.1,32.7,33.0,32.5,33.1,33.6,33.2,32.4,33.7,33.6,33.6,33.5,34.4,33.6,33.4,33.5,33.9,33.5,33.7,32.9,33.5,33.5,33.0,33.0,33.1,33.0,32.7,33.5,33.3,34.0,34.1,33.5,32.8,33.1,32.3,34.4,32.1,33.3,33.3,32.7,33.2,34.5,33.8,34.6,34.7,34.0,34.0,34.1,33.6,33.6,34.2,34.7,34.1,33.7,33.7,33.9,33.9,34.3,32.6,32.6,32.6,33.5,33.1,33.1,33.5,33.6,33.0,32.5,33.1,32.6,33.3,33.2,34.0,33.9,33.9,33.7,34.2,33.7,34.2,34.2,34.2,33.1,33.7,33.9,34.0,34.1,33.2,33.6,34.1,32.8,33.4,33.9,33.1,33.0,32.7,33.3,32.8,33.6,33.6,32.8,32.8,33.3,32.7,34.1,33.8,33.5,32.9,34.0,34.3,33.8,33.0,34.5,33.5,33.6,33.4,34.2,33.9,33.3,33.0,33.7,33.1,32.3,33.1,33.4,34.4,32.7,32.5,33.6,32.8,33.2,33.0,32.9,33.6,32.5,33.6,33.6,34.1,33.1,33.3,33.3,34.5,32.7,33.5,33.4,34.1,32.8,32.5,34.1,33.8,33.0,33.6,34.0,33.4,32.8,32.7,32.9,32.3,33.8,32.7,33.9,33.3,32.5,32.5,32.6,33.1,32.8,33.2,34.5,33.2,32.7,32.9,33.5,34.2,33.0,34.0,34.5,33.1,33.5,33.6,33.9,33.2,33.7,33.3,34.1,33.5,33.0,34.1,32.6,34.0,32.9,33.6,32.7,33.4,33.5,33.0,32.5,34.4,33.3,nan,34.0,33.8,32.9,34.1,33.2,34.8,32.7,33.7,33.5,34.3,33.2,33.2,34.0,34.4,33.4,33.6,33.2,34.8,32.8,33.1,33.9,33.1,33.7,33.2,34.2,34.2,33.1,33.2,34.3,33.4,32.5,32.7,33.0,33.0,33.2,32.8,33.3,34.2,33.6,33.2,34.3,33.9,33.2,34.1,33.7,33.4,33.4,32.9,34.2,33.4,32.7,34.0,32.6,34.1,32.3,33.4,33.2,34.2,32.8,33.9,33.6,33.9,32.8,33.3,34.2,33.7,32.3,33.5,33.1,33.8,33.8,33.8,33.5,34.4,33.2,34.2,33.2,34.2,33.5,33.6,34.3,34.8,34.4,33.1,35.0,34.7,33.1,33.6,32.8,33.9,34.1,33.9,34.3,33.4,33.1,32.3,33.8,32.9,33.5,32.6,33.9,33.6,33.6,33.0,35.0,35.0,32.7,33.5,34.2,33.5,33.4,33.0,34.3,34.0,32.9,33.8,33.9,34.7,34.2,33.6,33.1,34.4,33.0,33.4,33.2,33.7,33.1,33.1,33.4,34.0,32.6,32.6,33.7,35.0,33.9,33.6,33.9,34.4,32.9,34.2,33.5,34.8,32.3,34.7,33.8,34.7,32.7,33.2,34.7,33.8,33.8,32.5,34.4,33.0,33.0,33.5,33.9,33.6,33.2,33.0,33.9,33.2,33.0,32.2,34.1,33.9,34.5,32.4,34.3,33.7,33.9,33.5,34.4,33.1,32.7,33.9,35.9,34.6,34.0,32.9,33.5,33.9,33.4,33.0,33.1,34.3,33.4,33.2,33.6,33.6,33.6,32.9,32.0,33.3,32.4,33.1,32.5,34.7,32.7,33.6,33.9,35.0,34.1,33.7,33.4,34.1,33.5,34.6,34.2,35.1
1785306063.8157656,1780,32.7,32.8,34.6,33.6,34.2,32.7,31.9,33.9,32.9,32.6,33.2,32.5,31.5,32.6,32.7,33.7,32.4,32.6,32.5,33.6,33.7,33.0,32.6,33.1,32.8,33.0,32.4,33.1,33.4,34.2,33.5,33.9,33.4,31.9,34.9,32.8,33.4,32.5,33.5,32.1,33.7,32.7,32.5,33.3,32.2,32.5,33.2,33.6,32.9,33.1,32.6,32.6,33.0,32.5,33.2,33.8,34.1,33.9,33.3,33.2,33.5,32.7,34.2,33.5,33.9,33.4,32.3,34.0,34.3,33.5,33.3,33.8,33.1,32.9,33.3,33.6,32.3,33.1,33.4,32.7,32.6,33.3,32.9,33.0,32.9,32.3,33.2,32.5,34.1,33.8,33.4,33.7,32.7,33.4,33.6,33.1,33.6,33.2,33.1,32.5,32.9,32.8,32.5,32.1,33.6,33.2,33.2,31.8,33.0,32.8,33.7,32.5,34.1,32.5,33.5,32.4,32.9,32.9,32.6,32.8,32.5,34.2,32.8,34.1,34.3,32.6,33.7,33.4,33.1,33.5,32.5,33.2,32.7,32.6,33.6,33.1,33.0,32.7,32.9,33.3,32.7,33.2,32.6,32.9,33.2,33.3,32.6,32.6,33.0,33.7,33.1,33.2,32.6,33.1,33.7,32.8,33.7,32.9,32.8,34.7,33.2,32.3,33.2,32.5,33.3,33.1,33.7,32.5,33.2,33.5,33.2,33.4,32.9,31.6,34.1,34.0,33.3,32.6,33.3,33.5,34.5,34.9,33.9,33.7,33.0,33.0,33.7,34.4,33.2,33.0,32.9,33.6,32.2,33.1,33.1,33.1,32.3,32.8,32.8,33.8,32.9,33.3,33.0,32.9,32.9,33.1,33.1,33.1,33.2,33.0,32.9,33.7,35.4,34.8,32.5,33.1,33.5,32.5,33.2,32.9,33.6,32.2,33.2,33.5,33.3,32.4,34.0,32.7,32.3,32.1,33.1,31.9,33.0,33.0,33.7,34.3,33.2,33.0,33.7,32.9,32.6,32.4,33.2,33.1,34.4,34.3,33.4,32.9,33.6,33.1,33.8,33.2,33.6,33.3,33.9,33.6,33.1,32.9,33.1,33.4,32.4,33.5,32.4,33.3,33.4,33.0,33.0,32.9,32.8,32.1,32.8,33.5,33.0,32.4,33.6,33.5,33.9,33.3,33.8,35.0,32.4,33.3,33.6,33.7,33.8,33.3,33.5,33.9,32.6,32.1,33.5,32.5,33.3,32.9,33.0,32.7,34.3,32.9,32.4,33.0,33.4,32.7,33.3,32.7,32.6,33.1,33.3,34.0,34.8,34.4,34.3,34.5,33.3,33.0,33.9,34.0,33.3,33.5,33.7,32.6,32.0,31.5,33.1,33.4,33.0,33.6,32.7,32.8,33.3,33.2,32.7,33.2,33.0,33.2,33.3,33.8,32.9,33.5,33.6,33.9,34.0,34.0,33.7,33.8,32.9,33.6,33.5,33.8,34.2,33.4,32.9,34.0,33.6,31.8,33.7,32.4,33.1,33.3,33.0,33.4,33.2,33.0,33.6,33.2,32.8,32.0,32.9,32.8,33.6,32.9,34.3,33.7,33.9,34.1,33.3,34.0,34.1,33.7,33.2,33.1,33.4,32.3,33.6,34.1,33.8,33.6,32.7,33.8,33.8,34.0,32.3,33.3,33.4,33.1,33.1,33.6,32.4,33.0,33.4,34.0,34.2,34.2,33.9,33.7,33.8,33.9,34.1,33.8,34.4,34.2,33.7,33.4,34.4,33.0,32.1,34.1,32.8,32.2,34.0,33.6,33.9,32.6,33.6,32.9,33.8,33.5,33.5,33.4,34.1,32.8,33.4,33.0,34.4,33.0,34.2,33.3,34.2,34.5,33.5,33.4,33.8,33.5,33.9,33.3,33.7,33.2,33.6,33.9,33.2,33.4,32.1,32.7,33.3,32.7,32.9,33.8,32.9,32.8,33.3,33.2,33.0,33.2,32.4,33.4,33.7,33.8,34.0,34.2,33.5,33.7,34.0,34.0,33.1,32.8,33.7,35.0,33.3,33.6,33.7,33.9,33.1,33.1,33.4,32.5,32.9,32.6,34.0,33.6,33.2,32.8,33.5,33.4,34.1,32.5,33.2,33.6,34.1,33.0,33.8,33.8,33.9,33.3,32.9,33.6,33.2,33.3,33.6,35.3,33.6,34.0,34.0,34.0,33.6,34.0,32.9,33.5,32.7,32.9,33.0,33.0,33.6,33.9,33.0,33.3,33.1,32.5,34.0,34.5,33.2,33.4,32.8,34.0,34.0,33.7,33.5,33.6,33.3,33.6,33.0,33.1,34.6,33.7,34.7,33.1,33.0,33.3,33.8,33.2,33.4,32.5,33.1,32.5,33.9,33.2,33.7,33.5,33.5,nan,33.6,34.2,33.6,32.5,33.6,33.8,34.1,33.7,34.5,34.9,33.4,33.3,33.8,34.2,34.0,33.2,33.8,34.6,33.7,33.1,32.7,33.5,33.3,32.5,33.8,33.3,33.0,32.9,34.4,32.9,32.7,32.5,33.0,34.5,33.3,32.5,33.8,33.7,33.8,33.5,34.1,35.5,33.4,33.8,33.3,33.6,33.8,33.1,34.4,34.1,34.3,32.5,34.4,33.5,32.3,32.5,33.4,33.7,33.5,33.4,32.9,33.2,32.8,33.0,33.1,33.2,32.8,33.0,32.4,34.1,33.4,33.4,34.6,33.7,32.8,32.9,33.2,33.5,33.2,32.6,35.1,35.0,35.1,34.6,34.3,34.7,32.3,33.0,33.3,33.3,32.7,33.6,32.9,34.5,33.3,33.2,32.7,33.6,33.7,33.5,33.4,33.5,34.3,33.8,34.8,34.8,32.7,33.7,33.3,33.3,34.2,33.8,33.7,34.4,34.5,33.8,32.6,34.3,33.0,34.5,34.0,33.9,33.5,33.2,33.6,33.1,32.9,33.6,34.3,33.1,34.1,33.6,34.4,34.0,32.7,32.9,34.2,33.5,33.3,33.8,33.9,34.0,33.9,33.1,34.2,35.6,33.2,33.9,33.8,35.6,33.2,33.7,32.7,34.0,33.2,33.9,33.2,33.6,33.0,33.8,33.6,33.3,32.3,33.1,33.4,34.7,34.1,33.8,33.5,33.9,34.1,33.0,33.2,34.5,34.0,33.9,33.7,35.1,33.5,33.8,34.6,33.7,33.4,34.0,33.3,32.7,33.2,32.8,33.6,33.6,33.6,33.6,32.9,33.2,33.1,32.4,33.8,34.0,33.6,33.1,33.7,34.7,33.7,33.1,33.4,32.9,32.9,33.8,33.8,35.3
1785306067.80864,1782,34.1,32.8,32.9,32.8,34.0,31.6,33.8,33.3,32.7,33.4,33.0,33.5,33.3,32.4,32.2,33.2,33.2,32.3,33.1,33.4,33.5,32.8,32.6,33.5,32.6,32.4,32.8,33.3,33.6,32.3,33.7,33.1,33.4,32.7,32.8,32.3,32.1,33.0,31.4,32.7,32.5,33.3,32.2,32.0,31.2,33.1,32.6,32.2,32.7,32.9,32.8,32.8,32.5,32.3,32.6,33.2,32.7,33.2,32.9,33.5,34.0,34.0,33.8,33.0,33.2,33.7,34.4,33.3,34.5,33.3,33.1,32.8,33.2,32.6,32.4,32.7,33.2,33.1,32.9,32.2,33.1,32.4,33.8,32.1,33.1,32.8,32.8,32.7,33.5,33.0,33.2,33.1,34.0,32.4,33.6,33.2,33.1,33.0,32.7,33.4,32.5,33.4,32.1,33.1,32.1,33.4,32.7,33.1,31.8,33.0,31.6,31.8,33.1,32.7,31.6,32.9,32.9,33.2,31.6,33.5,33.4,33.5,31.8,34.1,32.6,33.5,32.8,33.5,34.3,32.6,32.7,33.2,33.5,32.6,33.4,32.5,33.0,32.2,33.4,33.2,33.8,31.9,33.3,32.5,32.6,32.9,33.2,32.9,33.0,33.6,32.9,33.2,33.5,32.2,33.7,33.8,33.7,33.7,33.5,33.0,33.2,32.7,32.4,32.9,32.5,33.1,31.6,33.0,32.5,32.8,31.9,32.0,32.3,32.9,32.4,32.1,32.5,33.0,31.9,34.3,34.6,33.9,32.4,33.2,32.8,33.0,33.5,33.1,33.6,33.4,32.5,34.0,32.0,31.6,33.3,33.2,33.7,32.4,34.1,31.8,33.5,33.0,33.0,33.2,32.9,32.8,33.3,33.1,32.9,32.1,33.4,33.5,35.6,34.8,34.0,32.7,33.2,32.9,32.8,32.9,33.4,33.6,34.2,33.5,33.1,32.8,31.7,32.9,32.7,32.8,32.4,33.0,33.2,33.6,32.5,32.5,32.5,32.4,32.2,33.0,32.9,32.9,32.7,33.9,34.5,34.1,32.1,33.5,32.9,32.4,32.4,32.8,33.3,33.3,33.5,33.6,32.6,32.5,33.7,32.4,33.2,32.6,32.4,33.5,33.2,32.2,32.4,32.4,32.8,33.0,32.8,32.0,33.2,32.4,33.1,33.2,34.1,34.6,34.8,33.8,33.5,32.6,32.7,33.0,33.6,32.2,33.7,32.7,31.9,32.7,31.5,32.1,33.6,33.1,33.4,32.3,33.2,33.1,32.4,33.3,32.7,32.7,32.1,32.3,33.2,32.9,33.3,33.9,34.5,34.7,33.8,33.7,33.5,32.8,32.5,34.2,33.3,32.6,33.1,33.5,33.1,32.7,32.7,32.8,32.6,32.7,32.7,32.5,33.6,32.8,32.5,33.3,32.8,33.0,33.3,32.7,33.2,33.1,33.5,33.5,34.5,33.3,33.6,33.6,32.7,33.6,33.3,33.1,32.8,32.8,33.3,32.8,33.2,32.6,33.2,33.7,32.2,32.2,32.5,33.4,32.7,33.6,32.8,32.9,33.7,32.0,32.1,33.6,33.6,32.9,33.1,34.2,34.4,33.4,33.0,33.9,33.0,34.2,33.1,33.1,33.4,32.7,33.2,33.3,32.5,32.5,33.1,32.5,33.1,33.1,32.5,32.1,33.4,32.6,32.9,32.8,33.0,33.0,32.7,32.9,33.7,32.7,33.0,34.0,34.3,34.5,33.8,33.1,34.1,33.3,34.2,33.1,33.7,33.7,33.5,33.7,32.4,33.7,31.4,33.4,33.7,32.8,32.7,32.9,32.5,33.0,32.5,33.0,32.8,33.2,32.3,33.0,34.4,34.7,33.9,34.1,34.1,34.2,33.9,34.1,33.1,33.0,33.2,33.6,32.1,32.5,32.8,33.7,33.4,32.8,32.5,32.9,33.7,32.8,33.3,33.0,32.9,32.9,33.8,32.7,33.0,33.0,33.3,33.2,33.9,33.2,34.3,34.3,34.1,33.4,33.5,34.1,33.6,33.8,34.4,33.7,33.1,33.4,34.3,32.7,33.1,33.1,33.0,33.7,33.6,34.4,34.3,32.8,32.9,32.8,32.6,33.2,33.4,33.1,32.8,33.2,33.1,33.0,32.7,34.1,33.9,33.1,33.7,34.1,34.3,33.5,33.2,34.7,33.4,34.3,33.2,33.2,33.2,32.3,34.1,32.9,33.5,33.2,33.5,32.5,33.4,32.7,32.6,32.6,33.1,33.7,34.0,33.5,33.0,32.1,32.8,33.5,33.8,33.9,34.1,33.5,33.1,32.6,33.0,33.6,33.3,32.7,35.1,32.3,33.2,33.9,32.8,32.7,34.2,33.2,32.9,33.2,33.2,34.4,33.4,33.7,33.1,nan,33.7,33.6,32.6,33.2,32.9,34.1,33.6,34.1,33.0,33.9,32.5,33.0,32.4,33.1,32.3,33.0,33.2,34.0,33.2,32.9,33.3,32.9,32.9,33.2,33.7,34.2,33.4,33.6,33.6,32.9,32.9,33.3,33.7,34.0,33.8,32.4,34.5,34.5,33.8,33.9,34.8,32.9,33.0,32.7,35.0,33.2,32.7,33.9,34.6,33.7,33.9,34.2,34.2,34.5,32.3,32.7,32.7,33.5,33.2,32.7,32.7,33.2,32.3,32.6,32.6,33.7,33.1,33.1,33.1,33.5,33.4,33.6,34.1,34.6,32.8,33.5,32.9,34.4,33.6,33.7,33.9,33.3,33.7,32.9,33.5,33.5,33.4,33.4,33.1,33.5,33.9,33.9,33.1,33.2,33.3,33.0,33.8,32.8,33.0,33.1,33.0,33.1,33.4,33.3,34.5,33.8,33.8,32.8,33.8,33.9,34.8,33.2,34.5,32.7,34.1,34.0,32.9,33.7,32.1,33.2,31.4,34.1,33.7,32.8,32.2,32.8,33.6,33.4,33.8,33.8,33.1,32.9,32.5,34.1,33.2,33.4,34.9,33.5,32.7,33.8,33.7,33.1,32.7,33.9,33.3,34.1,33.9,33.7,34.9,33.8,33.2,32.9,34.0,33.3,33.6,33.0,33.2,34.1,33.4,33.4,33.6,32.2,33.2,32.2,33.5,34.1,34.1,33.8,33.9,33.3,34.1,33.3,34.4,32.9,32.9,33.1,34.6,34.6,33.3,33.8,31.9,34.2,33.4,33.4,32.3,33.3,33.6,33.9,33.3,33.6,34.0,33.8,33.1,33.1,33.1,33.3,33.4,33.3,34.6,33.2,33.0,34.9,34.3,32.9,32.4,33.9,34.0,33.4,33.1,34.6
1785306069.8318012,1783,31.8,33.9,32.3,33.8,32.8,32.8,32.9,33.0,31.8,33.3,32.0,33.8,32.1,32.0,32.5,33.3,32.7,32.4,32.5,32.6,34.0,32.4,32.9,32.8,32.5,33.0,32.3,32.8,32.9,32.3,32.9,34.1,33.0,34.2,33.2,33.7,32.5,32.2,33.4,32.0,32.6,32.4,32.9,33.2,32.6,33.4,33.5,33.7,33.7,32.3,32.2,33.2,32.4,33.0,33.7,33.3,33.3,33.9,33.5,33.8,33.5,34.6,32.5,32.4,32.3,33.3,32.2,33.5,31.2,32.8,32.8,33.1,32.6,33.4,32.7,32.8,32.8,32.3,32.3,33.2,32.3,33.2,32.6,33.1,32.5,32.6,32.2,33.0,33.0,32.9,33.7,32.2,33.2,33.6,33.1,33.8,32.5,33.1,34.2,33.5,32.6,32.9,32.6,31.6,33.3,33.7,33.4,32.1,32.4,31.7,32.4,31.5,33.3,33.5,33.3,33.0,32.8,32.6,32.7,32.7,32.1,33.0,32.4,34.0,34.6,33.6,33.0,33.1,33.0,33.7,32.2,33.2,33.5,32.5,33.5,33.4,32.9,34.1,32.2,32.2,31.9,32.5,32.2,33.0,33.6,32.9,32.4,33.5,33.3,33.2,33.7,32.9,33.4,33.4,33.4,34.9,33.0,32.8,33.8,33.8,33.1,32.4,33.8,32.0,32.4,32.3,33.3,32.2,31.7,33.3,33.3,32.3,32.5,32.8,33.5,33.7,32.6,32.7,33.0,34.2,34.2,34.2,32.7,33.3,32.8,32.7,33.7,32.8,32.7,32.9,33.1,33.3,32.8,33.5,33.2,33.1,33.0,33.3,33.3,33.3,31.8,33.7,31.9,33.1,32.4,33.2,32.7,32.7,32.6,32.8,32.5,34.1,34.7,33.9,33.3,33.9,32.4,33.1,32.9,34.3,33.3,32.9,32.7,34.1,32.8,33.0,33.3,34.0,33.0,32.6,33.1,33.3,33.0,32.8,33.0,33.7,32.6,32.8,32.8,32.5,32.7,32.6,33.0,33.9,34.9,33.4,33.4,32.9,32.2,32.4,32.7,33.1,33.4,33.0,34.0,33.9,33.2,33.0,32.2,33.9,33.1,33.1,32.5,33.6,33.0,32.8,33.3,32.8,32.4,33.6,33.1,33.6,32.4,33.0,33.5,33.9,34.0,33.3,33.5,34.7,31.6,33.0,32.6,33.6,33.0,32.5,33.2,33.9,32.7,32.0,32.0,32.1,33.4,33.5,32.4,33.6,33.4,33.5,33.9,32.6,32.5,31.8,32.3,33.3,33.0,32.7,33.1,34.3,34.1,34.4,35.5,34.0,32.6,33.1,32.4,33.0,32.9,32.9,32.7,34.0,32.6,32.2,33.6,34.1,33.3,33.0,32.3,33.8,32.7,33.3,33.8,33.7,33.2,31.9,33.2,33.9,33.1,33.5,33.9,34.4,33.8,33.1,33.2,34.7,33.1,33.9,32.3,34.6,33.2,32.9,34.0,33.0,32.3,33.1,33.7,33.1,31.8,32.5,33.0,32.6,32.7,33.7,32.9,32.6,33.2,32.8,32.8,31.7,33.5,33.8,34.4,34.8,32.5,33.8,33.4,34.4,32.4,33.9,33.0,34.1,32.8,32.8,33.1,33.6,32.2,33.3,33.2,34.2,33.4,32.5,32.2,32.2,32.8,32.9,32.7,33.0,33.4,32.8,33.1,33.3,32.6,33.9,33.7,34.9,33.8,33.5,33.9,34.7,33.5,33.8,33.6,33.7,33.0,33.1,33.0,34.0,32.3,32.5,33.1,33.5,33.3,33.4,32.1,32.8,33.4,33.6,33.3,33.6,32.6,33.4,32.9,32.6,34.0,33.7,34.0,33.8,33.5,34.5,34.0,33.1,33.6,33.3,33.9,33.0,32.8,32.6,32.7,33.9,33.3,34.3,33.8,33.6,32.2,33.0,33.6,33.6,32.5,32.9,32.7,33.4,33.4,33.1,33.1,33.6,32.0,33.9,33.9,33.6,33.5,34.1,34.7,34.4,33.4,33.0,34.3,33.8,33.2,32.9,32.8,33.2,33.3,33.1,33.6,32.8,33.6,33.3,34.3,32.7,32.6,31.7,33.5,33.6,32.9,33.2,33.3,33.1,33.7,32.7,33.8,34.0,34.0,32.7,34.6,33.5,33.6,33.6,33.9,34.3,33.0,32.4,32.7,32.7,33.5,32.5,32.8,33.9,33.0,32.6,33.1,34.0,31.9,33.2,32.0,33.7,32.9,32.5,34.2,34.6,33.1,33.3,33.1,33.3,32.9,33.8,34.2,33.4,33.0,33.2,32.9,33.7,34.2,34.2,33.6,33.2,33.8,31.7,32.7,32.8,33.2,32.6,33.5,33.2,33.5,32.8,33.1,32.6,34.0,nan,34.5,34.3,33.2,32.6,33.0,33.5,33.5,34.6,34.8,34.3,33.5,32.7,33.6,34.3,33.4,32.9,33.1,34.1,32.5,34.4,33.0,34.8,33.4,33.5,33.6,34.5,33.1,33.0,33.2,33.5,33.3,33.9,32.9,32.9,33.1,33.3,32.7,33.9,33.1,33.3,33.8,34.4,33.1,33.5,33.6,34.3,33.3,33.2,33.7,34.6,32.9,33.1,33.4,33.4,33.9,33.3,33.5,33.8,32.1,32.4,33.7,33.6,32.4,32.7,32.9,33.2,33.6,32.9,33.4,34.1,32.7,34.0,33.8,33.3,33.6,33.4,33.5,33.7,33.5,33.7,33.4,33.2,33.2,33.7,33.4,34.8,33.7,33.1,32.5,33.3,32.8,33.0,32.6,34.2,33.2,33.1,33.2,32.7,33.8,32.9,33.0,33.6,33.9,33.4,33.7,34.2,33.1,33.5,33.9,34.4,33.4,33.1,34.4,34.8,33.1,33.7,33.4,33.2,33.4,32.7,33.3,33.6,32.6,33.5,32.7,32.9,32.8,33.5,32.8,32.9,33.0,33.3,34.2,33.4,33.7,33.8,34.2,33.3,33.2,33.4,33.3,34.5,33.6,33.8,33.9,34.2,32.6,33.6,33.8,34.2,33.1,33.7,33.2,34.0,33.5,33.7,32.6,34.1,32.4,33.0,32.9,33.7,32.4,33.0,32.7,33.4,32.4,33.7,32.7,34.2,33.6,33.1,33.7,34.4,32.2,34.1,34.3,33.9,33.9,34.6,33.9,34.1,33.2,32.7,33.5,33.2,33.0,33.1,33.6,33.2,33.9,33.2,33.6,32.3,33.4,33.0,33.2,33.2,34.8,33.2,34.0,33.7,34.2,33.6,32.9,33.8,32.0,33.7,34.2,34.3
1785306071.905481,1784,33.0,34.5,32.1,32.3,33.1,33.1,32.5,32.2,32.7,33.0,33.2,32.5,32.6,33.0,32.6,32.2,33.3,32.4,32.9,32.3,33.9,32.1,31.1,32.3,32.8,32.4,33.1,32.9,34.3,33.2,34.3,32.1,34.1,31.7,34.0,32.5,33.4,33.0,32.2,31.5,33.1,32.9,31.8,33.0,32.9,32.9,32.6,32.5,33.3,32.6,32.4,33.3,32.1,33.1,31.6,33.0,33.7,33.6,32.1,34.1,33.5,32.7,33.5,32.3,33.2,33.9,32.8,32.6,32.8,32.2,32.3,32.2,32.9,32.6,32.1,33.0,32.5,32.7,32.6,31.5,32.4,32.8,32.0,33.1,32.8,33.3,32.1,32.5,32.8,33.0,33.0,32.9,34.0,33.0,32.7,33.6,33.3,34.2,33.8,32.3,33.5,31.5,33.3,33.1,32.8,33.1,33.4,32.9,32.8,32.7,32.4,32.2,32.9,32.7,33.0,33.2,32.9,33.0,32.0,33.3,33.2,33.9,33.4,32.5,33.4,33.7,33.0,33.7,33.6,31.6,32.7,32.4,33.3,34.2,31.7,32.7,32.1,33.2,33.0,32.6,32.5,33.1,32.8,32.2,32.6,32.8,33.5,33.1,33.2,33.4,33.6,32.3,32.4,32.2,32.7,32.6,33.5,33.9,32.6,33.6,34.8,32.7,31.9,32.9,33.5,32.2,33.5,32.8,33.4,32.3,32.5,33.2,33.4,32.9,32.1,32.5,33.5,32.3,33.3,33.6,33.6,33.9,33.0,33.2,33.3,33.0,33.4,33.1,32.6,33.2,33.1,33.8,33.8,33.6,33.1,32.3,32.1,33.9,32.8,32.3,32.6,33.1,32.5,32.0,33.6,33.1,32.8,33.1,32.1,33.3,33.7,33.7,35.4,34.4,33.5,33.1,32.6,32.5,32.9,33.5,33.8,33.0,33.4,32.5,33.1,32.8,32.8,33.3,32.5,33.2,32.6,33.2,33.4,33.7,32.9,33.0,32.7,33.5,32.8,32.6,33.7,32.7,33.3,34.0,34.8,34.5,32.9,33.8,32.4,33.3,32.4,32.7,32.7,34.4,32.6,33.8,32.2,32.9,32.5,31.8,32.2,32.8,32.8,33.7,34.2,32.5,32.6,33.4,32.5,32.9,32.7,32.5,33.0,33.2,32.8,34.0,34.6,34.0,34.1,33.1,32.0,33.3,34.0,33.7,33.4,32.5,33.7,33.1,33.6,33.8,34.1,32.6,33.6,32.0,32.1,33.9,33.2,32.9,32.1,33.0,32.7,33.4,32.7,32.9,33.7,34.2,33.2,34.2,34.7,34.2,33.8,33.0,32.6,33.7,33.0,34.2,33.1,33.0,32.3,32.2,32.0,32.7,34.1,33.0,33.7,33.2,32.9,33.0,34.6,33.6,32.9,33.2,33.3,33.0,32.8,32.2,32.9,33.7,34.0,33.7,34.0,34.0,33.3,34.1,34.0,34.6,32.8,32.4,32.6,32.8,33.5,33.2,33.6,33.4,32.6,32.8,33.7,31.9,33.6,33.1,33.0,33.0,32.3,33.2,33.3,33.2,32.4,33.4,33.0,33.6,33.0,33.6,33.4,33.9,32.8,34.2,34.1,34.7,33.2,32.6,33.7,33.0,34.4,33.1,32.5,33.4,33.3,33.3,34.4,32.7,33.0,31.8,33.9,33.4,33.2,32.4,33.3,33.0,32.4,32.7,33.5,33.8,32.7,34.3,34.2,34.0,34.1,33.3,34.4,33.2,33.7,33.4,33.3,33.4,32.7,32.7,33.7,34.5,33.6,33.0,33.0,32.1,32.7,32.6,33.0,33.2,32.2,32.1,32.6,33.5,32.8,33.0,33.4,35.0,33.7,33.9,33.6,34.7,33.5,33.1,33.5,34.4,33.4,32.9,33.5,33.2,33.2,34.4,33.8,33.8,33.5,33.3,33.5,32.7,33.8,32.5,33.3,33.4,33.6,32.7,34.0,32.9,33.3,32.4,33.7,34.2,33.5,33.5,34.1,33.5,33.5,33.6,33.3,32.9,34.2,34.1,34.1,34.3,33.9,32.7,34.0,33.4,33.0,32.5,32.4,32.8,34.3,33.5,33.8,33.5,32.7,33.7,33.4,33.1,32.9,33.5,33.9,33.8,33.2,33.8,34.0,33.5,33.2,33.9,33.8,32.6,33.6,34.9,33.7,33.8,33.6,32.8,33.8,34.2,32.5,33.7,33.6,32.9,33.9,33.2,33.1,33.7,33.5,32.8,33.0,32.9,34.8,34.3,33.2,32.9,32.7,33.5,33.8,33.5,33.3,32.9,32.9,33.3,33.7,33.8,33.9,34.3,34.3,33.7,33.0,32.8,32.8,32.5,33.8,33.0,33.1,32.7,32.5,33.5,32.0,33.0,33.8,nan,35.3,36.0,34.1,33.3,33.4,34.8,34.1,33.8,33.5,33.9,34.2,34.0,33.6,33.9,33.1,34.1,33.0,34.4,33.9,33.6,32.7,33.5,33.5,33.2,32.9,33.3,33.8,32.4,32.9,33.8,32.7,33.3,32.7,33.7,33.3,31.9,32.6,33.0,33.8,33.9,34.1,33.8,33.8,33.6,32.4,32.8,34.2,33.9,33.6,33.5,33.2,33.8,33.6,33.5,33.1,33.8,33.0,32.9,33.4,33.5,32.5,33.7,33.8,33.9,32.9,33.4,33.3,33.5,33.3,33.8,34.1,33.1,33.0,34.1,33.5,33.6,33.4,34.0,33.9,33.4,34.5,33.7,34.0,33.8,33.3,33.7,31.5,33.9,31.7,33.9,33.1,33.9,33.6,33.8,33.6,33.8,32.9,33.0,33.0,33.0,33.2,32.6,33.4,33.3,34.3,33.6,33.8,33.9,33.7,33.0,33.3,34.6,34.1,33.8,34.3,34.0,33.1,33.7,33.2,33.2,33.9,33.7,33.3,34.1,33.1,33.9,33.6,33.6,33.9,34.0,33.8,33.8,32.3,34.0,33.9,33.9,33.9,34.4,34.5,33.6,33.5,34.8,33.9,35.1,33.6,33.9,33.9,34.1,33.0,34.3,33.6,33.5,32.7,32.7,32.8,33.5,33.2,33.0,33.8,33.2,33.2,33.6,33.4,33.6,33.9,33.2,34.3,34.0,33.5,34.6,34.5,34.3,34.6,33.7,34.4,33.5,34.4,33.5,34.0,32.7,33.7,34.0,34.4,33.6,32.7,34.1,33.6,32.6,33.6,33.4,33.3,33.6,32.9,33.3,34.0,33.1,32.9,33.7,33.8,33.8,33.3,33.9,34.1,33.7,33.6,33.5,34.2,33.4,33.1,33.7
1785306074.0518272,1785,33.6,32.6,32.7,33.6,34.3,33.6,33.7,33.3,33.6,32.8,33.7,32.5,33.6,32.8,33.2,34.5,34.0,32.6,33.0,33.2,33.6,33.0,33.9,33.0,32.5,33.2,33.4,33.1,34.0,32.5,34.1,34.4,33.1,33.6,33.2,33.8,32.8,34.4,32.8,32.4,32.1,33.2,32.2,33.4,33.1,34.1,33.6,32.6,32.4,32.7,32.3,32.1,33.4,33.0,33.1,33.1,33.7,34.1,32.7,34.0,33.3,33.9,33.0,33.4,32.0,32.9,33.1,32.9,34.6,32.0,33.6,32.4,33.2,32.4,32.2,33.2,32.8,32.9,32.5,32.7,33.5,32.6,33.0,32.9,32.9,32.8,33.1,33.3,34.0,33.0,34.5,33.1,33.8,33.2,35.6,33.4,33.6,34.3,31.8,33.7,32.7,33.9,32.9,33.0,33.2,33.5,33.6,32.7,33.0,33.1,33.3,32.8,32.7,33.2,32.7,33.0,32.9,33.5,33.8,33.8,33.0,34.7,34.2,32.2,32.6,33.8,32.8,33.8,33.7,34.0,33.5,33.4,32.8,33.2,33.3,33.7,32.4,33.0,33.3,33.3,33.3,32.0,33.6,32.5,32.3,32.1,32.1,32.9,33.3,33.4,34.6,33.5,33.8,33.8,33.4,33.6,33.6,32.2,34.3,33.9,32.9,34.6,33.5,33.5,31.9,34.0,32.6,32.9,32.8,33.4,33.3,32.4,32.9,33.9,33.1,33.3,32.6,33.2,33.3,33.7,34.0,34.2,33.0,33.5,33.2,32.5,32.8,34.4,33.6,33.1,33.4,34.1,33.7,32.9,33.0,33.3,32.8,32.8,33.3,33.0,33.5,32.6,32.6,32.3,32.7,33.1,32.4,33.1,33.1,32.7,32.7,34.0,36.6,34.9,33.3,33.2,33.4,33.5,33.3,33.6,33.7,32.8,33.7,33.7,33.3,34.5,34.0,33.4,32.1,33.5,33.3,32.9,32.5,33.1,33.0,32.6,33.2,33.1,33.5,33.0,33.1,33.3,32.7,33.3,35.5,35.0,32.8,33.6,33.3,33.1,33.3,33.3,34.0,33.4,33.5,33.5,32.7,32.9,34.5,33.6,33.1,32.4,33.0,33.8,33.7,32.7,33.2,33.4,33.3,32.5,33.3,32.8,33.3,32.7,33.0,33.3,34.7,34.1,34.0,33.1,33.1,32.9,33.2,33.2,34.1,33.1,33.2,33.3,32.8,33.5,32.5,33.6,33.6,34.1,33.2,33.3,33.3,33.4,33.1,32.9,33.7,33.0,33.2,33.8,33.4,33.8,33.3,34.5,33.9,34.6,33.5,34.5,32.8,33.8,33.6,33.4,32.7,34.0,33.5,32.7,32.5,33.1,34.0,33.8,33.5,33.8,32.8,33.9,33.5,33.7,33.6,33.0,32.8,33.0,32.9,33.4,33.8,33.0,34.2,34.6,34.3,34.0,34.5,33.8,33.3,33.5,32.5,33.3,34.0,33.9,32.8,32.6,32.8,33.5,32.6,33.5,33.6,33.2,33.7,33.3,33.2,34.2,33.1,32.8,32.9,33.2,33.7,33.4,33.4,33.2,34.9,34.3,33.1,33.8,33.0,33.3,33.8,34.0,33.4,33.4,33.2,33.3,31.4,34.0,33.3,34.0,34.0,33.5,33.4,33.2,32.9,33.0,33.9,33.3,34.2,34.2,32.8,32.9,33.1,33.5,33.9,33.5,34.0,34.2,34.1,34.7,35.1,33.8,34.5,34.3,34.0,33.9,33.8,33.2,33.8,34.5,32.0,33.6,31.8,33.1,32.8,33.1,32.4,33.4,33.0,33.3,33.2,33.2,33.1,33.3,32.8,33.1,33.7,34.2,33.9,34.5,33.1,34.3,33.7,35.0,33.5,34.5,34.1,33.0,33.5,33.3,34.2,33.9,34.8,33.6,34.2,34.6,33.3,32.6,33.9,33.8,33.5,33.9,34.2,33.5,34.1,33.5,33.6,33.0,34.1,35.1,33.7,33.9,34.4,34.3,34.1,33.3,33.0,33.3,34.1,34.4,34.3,32.8,33.4,33.3,34.4,34.5,33.8,34.1,32.2,33.8,33.1,32.9,32.7,34.1,32.6,34.0,33.4,34.3,33.1,32.8,33.6,33.9,33.7,33.9,33.9,34.0,34.0,34.0,33.8,33.8,34.7,35.2,34.1,34.4,33.4,32.3,34.4,33.1,33.6,33.7,33.2,32.1,34.1,33.2,33.5,33.1,33.7,33.1,34.0,32.8,34.2,35.4,33.9,32.9,33.8,33.8,33.7,33.8,33.9,33.1,34.7,32.7,34.3,33.2,34.5,33.1,32.8,33.5,33.0,32.7,32.8,33.4,33.4,33.9,33.1,33.2,33.5,34.0,33.4,33.3,32.3,nan,34.8,34.3,33.6,34.1,33.4,33.2,34.4,34.2,34.0,34.7,33.0,33.3,34.2,33.3,33.6,34.4,32.6,33.9,34.0,33.6,33.4,33.5,33.0,33.0,33.6,33.9,33.2,33.0,33.4,33.4,33.9,33.3,33.4,33.7,33.3,33.7,32.7,33.3,33.7,33.7,34.5,34.8,34.5,33.2,33.4,34.1,34.5,34.1,34.1,34.5,33.2,34.5,33.2,32.8,34.0,33.7,33.6,34.1,33.4,33.6,33.7,33.1,33.8,33.7,32.4,33.3,33.6,33.1,33.6,34.2,33.1,34.0,34.0,34.5,34.2,33.6,34.5,33.4,33.4,34.2,33.5,33.6,33.4,33.5,33.0,33.9,33.6,33.4,34.0,33.7,34.1,33.4,34.1,33.6,33.6,33.5,33.7,33.3,33.8,32.8,33.5,33.6,32.8,33.1,34.6,33.9,33.7,32.8,34.3,33.7,35.1,34.0,34.6,34.2,32.9,33.7,33.9,34.2,33.0,34.2,33.3,34.2,33.1,34.0,34.8,32.9,33.4,34.2,33.6,33.9,33.8,33.9,33.4,33.4,33.4,33.8,34.0,34.2,34.2,33.6,33.7,34.1,33.5,33.8,33.5,35.7,34.2,34.4,34.2,34.3,34.7,34.1,33.4,34.0,33.7,32.8,33.8,33.4,32.6,32.7,33.9,33.4,33.1,33.6,34.2,33.2,33.3,34.0,33.5,33.7,35.3,33.5,34.3,33.3,33.2,33.7,33.8,34.9,32.3,34.1,33.5,34.9,33.4,34.9,31.9,34.2,33.6,33.7,33.1,33.9,32.6,33.6,33.1,33.2,32.4,33.2,33.2,34.3,33.6,33.7,33.5,33.7,34.1,34.4,33.2,32.4,33.5,35.4,34.9,35.0
1785306076.233506,1786,33.8,32.7,33.1,33.7,34.0,32.6,32.3,33.2,33.5,31.9,32.6,32.4,33.3,32.5,33.5,33.8,32.3,32.7,32.9,32.7,33.0,32.9,32.6,32.6,33.2,31.9,32.6,33.5,33.9,32.9,33.5,34.3,32.5,33.3,33.4,33.5,32.0,33.2,33.0,33.0,31.4,33.5,33.0,33.0,32.1,33.5,33.5,32.9,32.3,32.6,32.7,34.2,33.3,33.1,32.5,33.8,32.4,33.6,33.5,33.5,32.5,32.2,33.4,33.8,32.4,32.3,33.3,33.9,33.9,31.5,34.0,32.7,33.4,32.7,32.1,32.9,32.7,32.1,32.6,32.6,32.8,32.2,32.2,33.0,33.3,32.3,32.3,33.4,33.7,32.3,32.8,33.0,33.5,32.0,32.7,34.7,31.5,33.2,32.1,32.7,31.8,33.0,33.2,32.5,32.1,33.4,31.0,32.4,32.7,33.0,33.6,32.7,32.1,33.4,33.4,33.1,32.2,32.9,33.5,32.8,32.0,33.9,32.9,32.3,32.5,32.7,33.8,34.6,35.9,33.2,32.9,33.1,32.1,31.9,32.1,33.9,33.2,32.6,33.2,32.5,33.0,32.3,32.6,32.9,32.4,32.7,32.5,33.8,33.5,33.1,33.6,33.3,33.5,32.1,33.3,34.5,32.5,33.4,32.2,34.0,33.3,33.2,32.9,33.6,32.2,32.7,32.1,33.6,33.1,33.3,32.9,33.0,32.5,33.3,33.3,33.5,32.1,33.1,32.3,34.1,32.9,34.4,32.3,33.2,32.4,33.3,33.1,34.1,32.7,34.4,33.5,34.0,33.6,33.0,33.7,32.8,33.1,31.3,32.9,32.0,32.8,32.7,33.0,32.9,33.3,32.2,32.5,32.5,32.7,32.6,32.6,33.1,36.2,34.8,33.9,33.7,33.0,32.1,34.3,33.7,34.0,34.1,34.6,33.4,31.4,33.1,34.3,34.5,31.6,32.7,32.5,33.2,32.4,33.1,32.6,32.8,32.8,33.3,32.8,33.5,31.7,32.7,33.6,33.7,34.4,35.1,33.0,33.6,32.3,33.3,32.4,33.2,32.8,33.7,33.0,34.0,33.9,31.7,33.8,33.7,33.2,31.7,32.6,32.7,33.1,32.6,32.9,33.8,33.5,32.8,33.2,34.0,33.0,32.9,33.6,33.5,34.4,34.0,33.8,34.0,33.2,33.2,32.9,33.1,34.2,33.6,33.1,32.4,31.8,33.8,32.6,32.8,32.4,34.0,32.4,32.8,32.2,33.3,32.8,34.0,32.6,32.7,32.9,33.7,32.5,32.4,33.7,34.8,33.1,33.7,34.8,34.4,32.9,33.5,33.8,33.8,31.7,33.9,32.2,34.3,33.5,32.6,33.7,32.7,33.0,33.3,33.3,33.1,33.3,32.0,33.5,32.9,34.0,32.6,32.6,33.6,33.7,32.8,34.1,34.5,35.0,34.4,33.9,34.4,33.4,33.0,33.3,33.2,32.6,32.9,33.3,33.1,32.3,32.8,32.5,34.1,31.9,32.8,33.8,32.7,32.8,33.3,31.9,34.0,32.2,33.4,33.1,33.4,32.1,33.1,33.7,34.2,33.3,34.4,32.5,33.9,32.2,33.7,33.8,33.7,32.0,32.3,34.5,33.3,34.0,33.5,33.5,33.9,33.3,33.0,33.2,32.4,33.1,31.9,32.4,33.2,33.8,32.6,32.2,33.7,33.4,32.9,34.4,33.1,34.2,32.8,34.3,33.5,33.6,32.7,33.3,33.7,33.7,32.7,33.9,34.0,32.7,32.4,32.3,33.2,32.3,33.2,32.8,33.1,33.1,33.3,33.6,34.2,32.9,32.5,33.8,33.3,33.3,33.8,33.8,34.2,33.1,34.7,33.9,34.1,33.9,33.7,33.8,34.7,33.6,34.0,33.5,34.2,34.0,31.6,32.9,33.0,33.5,32.5,33.0,33.4,32.9,31.8,33.3,33.2,33.5,32.9,33.3,33.3,34.2,32.8,33.6,34.2,34.6,33.3,34.1,33.9,33.8,32.3,34.6,35.1,34.6,33.5,34.5,33.4,32.8,35.0,33.7,33.1,32.1,33.9,33.4,32.8,32.9,32.3,33.1,33.2,33.5,33.5,33.8,33.6,34.3,33.6,33.7,35.1,33.5,34.0,33.4,33.9,33.1,33.2,34.9,36.0,33.3,34.2,34.3,33.2,33.0,32.8,33.1,32.8,33.3,33.1,33.3,33.1,34.1,32.6,32.8,33.4,33.5,32.8,34.0,35.4,32.2,32.8,32.8,33.4,33.6,33.9,33.6,34.2,34.1,33.2,34.1,33.3,34.1,32.8,33.3,34.0,33.5,33.3,32.3,34.2,32.2,33.4,33.5,33.6,32.2,32.9,32.6,33.1,33.0,nan,33.9,34.2,32.4,33.2,33.3,33.6,32.3,33.8,33.1,34.4,32.2,34.0,33.0,34.1,33.7,33.4,35.3,34.8,32.8,33.7,33.7,33.6,33.1,33.1,32.9,33.9,33.4,32.4,33.3,33.0,33.2,33.2,33.2,33.2,33.8,32.3,32.6,33.7,34.6,33.2,33.1,34.0,33.8,32.4,33.9,33.7,33.4,33.0,33.8,34.4,32.7,33.8,33.5,34.3,33.1,33.0,33.7,34.6,32.7,33.5,33.6,34.0,32.4,34.0,32.5,33.2,32.2,33.3,33.8,34.6,33.2,33.4,33.1,34.6,33.2,33.5,34.4,35.1,33.1,33.4,34.0,33.7,34.2,33.9,33.7,34.2,34.2,34.0,32.6,32.7,33.4,32.6,33.8,34.4,33.5,33.1,33.6,33.4,34.2,32.7,33.4,33.9,33.8,33.4,33.4,35.1,34.5,33.5,33.5,34.2,33.7,33.1,33.5,32.8,33.3,34.0,33.2,34.5,31.8,34.5,32.5,34.1,33.6,33.6,33.1,33.9,33.1,33.6,33.0,34.0,33.2,33.4,33.8,33.6,32.4,34.1,35.0,33.9,32.5,34.0,34.6,33.6,32.6,33.7,34.5,35.4,34.3,33.8,33.0,33.9,33.2,32.6,33.3,33.9,33.6,32.7,33.6,33.5,33.6,32.6,33.4,32.5,33.6,32.5,33.4,33.7,33.8,33.5,33.9,34.9,34.7,33.0,33.4,33.0,34.2,33.0,33.5,34.8,33.2,35.4,33.6,34.0,32.5,34.0,32.6,34.3,32.4,33.4,33.0,33.6,32.1,32.9,33.7,33.3,31.7,33.3,32.8,34.9,33.5,33.6,33.6,34.3,33.1,33.1,34.3,33.5,32.8,34.0,33.9,34.4
1785306078.3569298,1787,34.6,32.5,32.8,32.6,33.7,33.6,32.5,33.7,32.9,32.4,32.6,33.4,32.4,32.0,33.8,32.8,32.6,32.8,32.7,33.0,33.5,32.4,33.2,32.4,33.4,32.2,33.5,33.3,34.5,33.0,33.7,33.6,33.9,34.3,33.0,33.5,32.8,32.9,32.8,31.9,32.8,33.1,33.3,33.1,32.5,33.4,33.0,33.2,32.7,33.6,33.9,32.0,32.5,32.5,32.7,33.0,31.9,34.1,34.0,33.7,33.7,32.4,33.5,32.5,34.1,33.6,32.5,34.9,32.8,32.8,33.3,33.6,33.2,32.4,32.6,32.1,32.5,33.4,32.3,32.7,33.6,32.2,32.7,32.8,33.1,33.1,32.4,33.6,33.7,33.0,33.4,33.0,33.9,32.1,32.4,33.6,32.8,33.0,34.0,33.1,32.7,32.7,32.5,33.1,33.2,33.6,33.6,32.9,32.8,33.1,32.9,32.3,33.4,32.7,33.0,33.7,33.2,33.4,33.4,31.7,32.1,32.9,33.0,33.7,33.8,33.5,33.5,33.7,34.2,32.8,32.5,34.3,33.7,33.2,33.6,33.5,32.7,33.2,32.8,33.0,33.6,32.7,32.6,33.9,33.5,31.9,32.1,32.4,34.4,33.0,33.4,34.2,34.2,32.2,33.7,32.8,32.8,33.5,34.1,33.6,34.3,33.4,33.9,33.1,33.1,32.1,33.7,32.4,32.3,33.7,33.0,33.7,32.6,33.2,33.2,32.8,32.6,33.4,32.7,33.3,34.4,34.2,33.5,33.6,33.2,33.5,32.8,33.6,32.6,33.1,33.1,34.0,32.0,33.3,32.2,32.7,33.3,32.7,32.8,33.2,33.3,32.8,33.6,33.2,32.9,32.1,33.9,32.9,33.2,32.0,33.4,34.0,35.5,35.1,32.7,33.7,33.3,33.2,33.2,32.9,34.9,33.2,32.9,34.4,32.6,33.3,33.8,32.4,33.2,32.2,32.5,32.6,32.7,33.2,33.4,32.8,32.2,33.3,33.6,33.2,33.1,32.1,33.8,33.5,34.3,35.2,32.4,32.4,33.2,33.1,33.8,33.0,32.3,35.0,34.3,34.0,33.0,33.3,32.7,34.4,33.9,33.7,33.3,34.0,33.7,32.5,32.9,33.5,33.3,32.8,33.3,32.6,33.5,33.0,32.9,33.8,35.0,34.6,33.3,34.6,33.4,32.9,32.7,32.6,33.4,32.3,33.0,33.3,33.4,33.1,32.9,33.3,33.1,33.8,33.0,33.3,33.3,33.1,33.7,33.0,33.2,33.0,33.5,33.2,32.7,33.5,33.3,33.5,34.5,34.7,33.9,34.2,33.6,34.0,33.4,33.6,32.9,32.4,34.1,33.4,32.4,32.7,32.6,33.4,33.5,33.2,32.7,33.5,32.7,32.9,33.0,33.8,33.3,32.7,32.8,33.0,33.9,32.9,33.6,34.6,34.1,33.6,34.1,34.1,33.5,33.4,32.8,33.6,33.5,33.0,33.9,33.0,34.0,32.8,32.5,32.9,32.9,33.3,32.8,32.5,32.5,33.4,33.1,33.7,34.0,33.1,33.8,32.8,33.9,34.2,34.0,33.1,33.1,34.4,33.8,33.7,33.4,34.0,33.4,33.8,33.5,33.9,34.2,33.1,32.9,33.5,32.9,33.8,32.5,32.7,33.8,33.3,33.2,33.3,32.5,33.6,33.1,32.4,32.9,32.9,34.3,33.5,33.9,34.5,34.0,33.7,34.3,34.0,35.1,34.6,33.3,33.2,34.0,32.6,32.9,34.7,33.7,34.5,32.6,33.4,32.4,32.8,33.2,32.7,33.0,33.3,33.8,32.0,33.4,33.4,33.6,33.0,33.2,34.5,34.2,34.2,33.6,34.4,33.9,34.2,33.8,34.3,35.1,33.8,33.2,33.6,32.4,32.9,33.8,32.9,33.1,32.3,33.1,32.4,32.7,33.5,33.1,32.9,33.6,32.8,33.1,33.3,32.3,33.8,34.2,34.3,33.4,33.8,33.8,33.2,33.9,34.0,34.4,32.6,34.0,35.5,35.5,34.1,34.3,33.7,33.3,33.1,33.0,33.4,32.2,34.2,33.8,34.3,32.0,33.3,33.5,32.5,32.8,33.6,33.5,33.1,34.7,33.4,33.3,34.3,33.2,33.6,34.4,33.9,33.3,33.6,33.9,34.2,34.6,34.1,34.0,33.6,33.6,33.8,33.7,32.9,33.8,32.5,33.0,33.0,33.4,32.2,32.8,33.8,32.9,33.5,35.1,35.4,34.3,32.9,33.3,33.2,33.6,33.8,33.3,33.9,33.9,32.5,33.3,33.8,34.8,33.5,34.7,33.7,33.2,33.4,33.2,33.2,33.2,33.5,33.1,32.5,33.5,33.2,32.2,32.7,32.5,nan,34.8,34.9,32.9,33.4,33.2,33.9,33.9,34.5,34.0,33.2,32.3,34.0,34.0,33.3,34.0,33.5,34.4,33.7,33.2,32.3,33.5,33.5,33.1,33.8,32.9,33.8,33.2,32.9,33.1,33.4,32.8,32.5,33.5,33.1,33.5,32.5,33.8,34.5,34.1,33.5,34.1,33.9,33.4,33.2,34.4,34.3,34.2,33.9,34.4,34.9,33.4,33.1,33.4,33.5,32.3,33.0,33.2,33.6,33.4,33.2,33.5,32.6,33.6,34.1,32.9,33.5,33.6,32.6,33.8,34.1,33.9,33.6,33.7,34.2,33.5,33.4,34.7,33.1,32.8,33.5,33.6,34.3,34.4,33.5,33.0,34.1,32.6,33.9,32.9,33.7,33.4,33.0,33.2,34.3,33.6,34.0,33.4,33.6,33.5,33.3,32.3,34.8,33.9,32.8,34.6,33.2,33.5,33.5,33.2,34.3,33.6,33.0,34.7,35.1,33.8,34.2,34.3,34.5,32.2,34.5,32.9,33.5,33.7,33.5,33.4,34.0,32.7,33.7,33.4,33.3,33.2,33.4,33.7,33.8,33.9,34.7,34.0,33.2,33.4,34.0,34.1,34.7,33.7,34.3,33.7,33.6,33.6,33.7,33.4,34.0,34.8,32.7,33.4,33.4,32.8,33.2,33.4,33.6,33.4,33.0,33.7,33.9,32.7,32.7,32.8,33.9,33.7,32.4,33.9,34.4,34.2,33.3,33.5,34.1,33.3,32.9,34.5,34.2,34.0,35.6,33.5,34.1,34.2,33.8,33.5,32.5,33.4,33.9,33.8,34.1,33.8,33.3,34.0,32.5,33.1,33.6,33.2,33.8,33.0,33.6,34.1,33.9,34.1,34.2,34.4,33.9,32.3,34.2,33.8,33.4
1785306080.575643,1788,33.1,34.8,33.7,34.9,32.3,33.7,33.9,33.2,32.6,33.5,32.6,33.2,31.6,33.1,33.0,32.9,32.2,33.3,32.7,33.5,32.5,32.8,33.3,33.0,31.5,34.6,33.4,33.0,32.6,33.8,32.9,33.5,34.3,33.4,33.4,32.6,33.6,31.8,32.8,32.4,33.4,32.1,32.5,32.1,33.0,32.8,32.4,33.6,32.8,32.1,33.7,32.9,33.7,32.6,33.3,33.9,33.2,32.7,33.5,32.3,34.5,32.6,34.1,33.4,32.5,34.5,33.6,33.4,32.1,33.6,32.6,32.9,32.4,33.8,32.9,32.6,31.6,32.8,31.8,32.5,32.2,33.2,33.0,31.3,32.5,32.9,33.5,33.4,32.1,34.2,34.1,32.6,33.4,34.8,34.2,33.0,34.7,31.2,32.1,33.5,34.3,32.9,33.0,32.8,33.7,32.8,32.6,32.7,33.4,31.2,32.7,33.1,33.7,32.8,32.4,33.2,33.5,32.6,32.5,32.7,33.7,32.6,33.0,35.0,34.2,32.1,33.8,33.6,33.4,35.9,32.8,33.1,31.6,33.9,32.8,33.0,33.0,33.5,32.6,32.6,32.8,33.3,32.6,32.3,32.7,33.4,33.1,33.5,33.0,35.0,31.9,33.5,32.5,34.5,34.7,33.3,33.0,35.0,34.3,33.5,34.2,32.8,31.8,33.0,34.4,32.1,34.2,32.8,33.7,32.7,32.8,33.6,34.4,33.2,32.7,33.1,33.1,32.7,32.9,33.4,34.7,33.2,33.1,33.5,33.5,32.6,33.1,33.8,33.9,33.5,33.3,33.9,32.6,33.9,33.0,33.7,32.8,33.8,33.1,32.4,32.9,33.4,32.7,33.1,32.5,33.0,33.4,33.1,32.3,34.1,32.7,34.1,34.7,34.9,33.3,33.0,32.6,34.2,33.5,33.8,33.5,33.5,33.1,33.4,34.7,31.4,33.1,33.4,33.5,33.1,32.7,32.2,33.3,32.1,32.0,33.1,33.9,32.1,33.0,32.8,33.2,32.0,33.0,33.8,35.6,33.4,33.9,32.4,33.7,32.6,33.9,33.5,33.9,33.2,33.0,32.4,32.1,33.4,32.4,32.9,32.9,34.0,33.0,33.6,33.2,33.0,33.8,33.0,32.8,33.0,32.3,33.6,32.8,33.5,33.5,33.6,34.0,35.0,33.9,33.4,33.0,33.4,33.4,32.7,33.0,33.8,34.6,33.0,33.5,32.4,33.6,32.9,33.9,32.8,32.8,33.1,33.9,32.9,32.6,33.6,32.7,32.0,32.7,33.7,33.5,32.2,33.1,33.8,34.3,33.7,33.7,34.7,33.9,32.2,33.3,33.4,34.5,33.4,32.6,34.0,33.4,33.5,33.2,33.7,33.1,34.3,32.7,32.9,32.5,34.5,33.0,32.8,33.1,33.8,32.7,32.8,32.5,34.0,34.1,34.4,34.3,34.6,33.5,34.4,33.6,33.6,32.7,33.6,33.3,33.3,33.2,34.0,33.8,32.1,31.5,33.1,34.3,32.7,32.6,32.8,33.5,31.7,32.8,32.8,33.2,32.4,33.5,32.4,34.5,33.5,33.3,34.2,34.2,33.8,33.1,35.1,34.4,32.4,33.4,32.6,34.4,32.6,32.5,33.4,32.2,34.1,33.0,34.0,32.7,33.2,32.9,33.3,32.2,33.4,32.8,33.4,33.1,33.1,32.7,33.3,33.2,34.1,33.9,34.0,34.3,34.3,33.6,33.2,34.0,33.8,34.0,33.2,32.7,34.0,33.4,33.8,33.6,31.3,33.1,33.9,34.0,32.5,33.2,33.2,34.3,32.0,33.9,32.7,33.7,32.9,32.7,32.9,33.8,33.6,33.9,34.0,35.0,33.7,34.2,33.3,34.4,33.8,34.0,34.8,34.2,32.6,33.5,33.9,33.1,33.7,33.4,33.6,32.4,33.2,33.2,32.9,32.4,34.0,33.7,32.9,33.6,34.6,33.9,33.3,33.7,33.8,34.1,34.3,32.9,34.1,33.9,33.9,32.9,33.6,34.3,35.4,33.6,33.7,32.6,33.2,34.7,33.3,32.8,33.0,32.9,32.8,33.9,33.6,33.6,32.6,32.5,33.2,34.2,32.8,33.2,34.2,34.7,33.4,33.4,33.6,34.6,33.4,33.5,34.2,33.8,32.9,34.2,36.3,34.4,33.9,34.5,33.5,32.2,34.3,32.6,33.6,32.3,33.5,33.1,33.3,33.7,34.2,32.6,33.2,32.9,34.1,33.9,34.6,33.1,33.6,33.4,34.4,33.9,34.1,34.1,34.1,32.9,34.6,33.1,33.4,33.4,34.6,33.6,33.8,33.7,32.7,32.3,32.6,33.9,32.6,32.5,34.1,34.1,33.1,32.8,33.5,33.6,nan,34.5,34.7,33.4,33.6,33.0,34.1,34.5,33.5,34.0,34.9,34.0,33.3,33.4,33.6,34.5,34.0,33.5,34.1,33.1,33.7,32.8,33.4,33.4,34.1,33.2,34.3,33.0,33.3,33.0,33.5,32.8,33.8,33.3,33.9,32.8,33.1,33.4,33.8,33.3,34.8,33.9,33.3,33.0,34.4,33.6,33.3,33.4,34.9,33.9,33.8,35.3,32.2,33.3,34.4,34.1,32.6,34.4,33.2,33.5,32.8,33.5,33.5,34.3,33.4,33.7,33.4,33.9,33.6,33.4,33.8,34.5,33.5,33.7,34.0,34.2,33.2,33.3,33.4,34.0,33.7,33.8,34.9,33.6,35.0,33.0,34.0,32.2,34.2,34.5,33.3,32.5,35.1,33.2,33.7,32.7,33.9,33.0,33.8,33.3,34.1,33.5,33.9,32.8,33.9,34.4,33.9,33.1,34.0,34.0,34.2,33.2,34.1,35.7,33.9,33.5,33.7,34.7,33.2,33.2,33.3,34.0,33.8,34.3,33.5,32.3,33.6,33.7,33.7,33.5,33.9,33.0,32.7,32.6,34.6,34.4,33.7,34.3,35.3,33.6,33.4,33.3,34.7,34.4,33.6,34.7,34.9,32.1,35.4,33.3,33.7,32.9,33.8,33.2,33.6,32.7,33.7,33.3,33.9,33.3,33.7,33.1,33.0,33.0,34.4,33.1,33.2,32.4,33.7,33.8,34.2,34.2,34.0,33.5,33.6,33.0,34.7,32.9,34.3,33.6,33.2,33.6,34.3,34.2,32.9,33.2,33.8,34.1,32.7,32.6,33.2,34.8,32.3,33.0,33.7,33.7,33.1,33.0,33.9,34.9,33.5,33.6,34.1,35.0,32.7,33.3,33.8,33.5,33.7,32.1,35.2
1785306082.5813766,1789,35.7,33.1,33.4,32.8,34.6,32.2,32.8,33.5,32.9,33.4,32.6,32.5,32.8,33.5,33.1,32.4,32.6,33.7,32.2,33.4,34.1,33.2,33.2,33.5,32.6,33.6,32.8,33.1,34.5,33.7,33.7,34.4,33.1,34.1,33.2,34.0,33.0,33.2,32.6,33.4,32.7,32.7,32.5,32.4,33.1,32.9,32.6,32.5,32.7,32.9,32.8,33.5,34.0,33.1,32.0,32.8,33.7,32.7,33.3,33.2,33.8,33.1,33.3,32.5,34.7,32.9,33.7,32.2,33.5,33.5,32.5,33.2,32.7,33.5,33.2,32.1,33.4,32.5,33.1,32.6,34.1,32.6,32.5,32.6,33.1,33.0,33.4,32.7,32.7,33.4,32.6,33.5,34.2,33.0,33.1,31.7,33.1,33.5,32.7,32.7,32.9,33.2,33.1,33.5,33.9,32.7,32.3,31.6,33.0,32.8,32.4,33.4,33.6,33.4,33.0,32.7,33.4,33.0,32.7,33.0,34.0,34.0,32.4,34.5,32.8,32.4,33.0,33.7,33.8,33.5,32.5,32.8,33.9,33.6,33.2,31.9,33.2,33.1,32.3,32.5,33.3,33.7,32.5,33.2,33.7,32.9,32.6,32.7,33.9,34.2,33.1,33.2,33.1,33.5,32.1,33.2,32.1,33.1,32.6,32.5,33.4,32.9,33.5,33.1,32.9,33.3,32.4,32.8,33.0,33.0,32.1,32.2,33.1,32.3,32.6,33.3,32.2,32.6,33.1,34.8,34.6,34.9,32.4,32.2,33.3,32.3,32.2,33.5,33.8,33.6,32.5,32.5,33.6,32.7,33.1,32.9,33.1,34.1,33.4,33.4,33.1,33.5,32.8,33.7,32.9,32.9,33.8,32.9,33.2,33.2,32.8,33.5,35.4,34.9,32.9,32.9,33.2,33.2,32.8,32.9,33.6,33.6,33.6,33.3,32.6,33.3,33.2,33.7,34.0,33.2,32.6,32.6,33.0,33.4,32.5,33.0,32.9,33.6,32.5,33.2,32.8,33.0,33.0,34.0,34.7,34.1,33.3,33.1,33.1,33.0,33.1,33.8,33.4,32.9,33.3,33.2,32.4,33.3,31.7,32.8,33.1,32.4,32.2,32.8,32.4,31.7,32.4,33.5,32.8,32.7,32.5,32.7,33.3,33.7,32.9,33.6,34.7,33.2,34.3,34.3,33.4,33.3,33.4,34.4,33.6,33.9,32.8,33.5,33.0,32.5,31.9,33.3,33.5,32.9,33.0,33.4,34.0,32.8,32.8,32.8,33.7,33.2,32.5,32.4,33.2,33.1,33.2,34.4,34.2,34.2,33.5,33.9,33.6,33.3,32.5,32.7,32.7,34.3,33.5,34.1,32.4,33.3,32.9,32.2,33.5,32.9,32.5,32.7,33.4,33.6,33.5,34.0,33.5,33.7,32.3,32.9,33.7,33.8,33.5,33.8,33.5,34.3,34.6,34.3,34.0,33.3,33.5,33.1,34.0,33.2,34.3,33.8,33.2,33.0,32.8,33.3,33.5,33.3,32.5,32.4,32.4,33.6,33.2,33.4,33.4,33.7,32.1,33.3,33.1,33.9,33.4,34.2,33.7,34.5,32.6,34.0,34.3,33.3,33.2,32.3,33.4,33.8,32.6,33.7,33.4,32.7,33.1,33.3,33.6,32.3,32.8,33.8,33.7,33.4,33.2,32.8,32.7,33.2,33.3,32.9,33.8,34.3,33.6,34.3,35.9,34.2,34.0,34.3,33.9,33.3,34.0,34.5,33.3,33.5,32.7,33.7,34.1,32.6,32.2,33.4,33.9,33.3,33.4,32.6,34.2,33.2,32.5,32.4,33.6,32.4,32.9,33.8,34.0,34.1,33.4,33.3,33.6,34.4,32.7,33.6,34.1,33.9,33.7,34.4,33.9,33.6,32.8,33.0,34.2,33.6,33.7,33.9,34.2,34.0,33.1,32.6,33.2,33.8,33.6,31.8,33.0,34.1,33.5,33.9,34.2,32.9,33.6,34.3,33.9,34.0,33.6,33.6,33.3,34.0,33.3,33.6,35.7,34.1,34.1,32.9,33.6,34.4,32.3,33.7,32.9,33.2,33.3,33.4,33.4,33.7,33.5,32.7,34.1,33.1,33.9,33.6,33.4,33.6,33.3,34.3,34.5,34.4,32.5,33.8,33.7,33.8,33.8,34.0,33.7,34.3,32.6,33.6,33.2,33.6,34.5,32.9,33.3,33.4,33.7,33.5,33.0,33.1,32.8,33.0,33.9,35.1,33.8,33.4,33.3,32.9,33.3,34.3,33.5,34.3,33.8,33.5,33.6,33.8,34.6,32.7,34.4,34.1,35.1,33.5,34.0,33.7,33.6,31.9,34.0,33.4,32.5,32.9,33.0,33.4,32.7,33.0,33.6,nan,33.2,32.6,32.8,33.0,33.4,33.0,34.1,34.6,33.5,34.4,34.2,33.3,33.1,33.5,34.5,33.7,33.0,34.0,34.3,32.9,35.1,32.9,34.0,32.9,33.5,33.5,34.1,33.1,32.4,34.5,33.0,33.3,33.3,32.5,32.8,33.3,33.0,33.8,33.8,34.2,33.4,33.9,33.6,33.4,32.9,34.1,33.6,33.1,33.6,33.5,33.4,33.8,33.0,32.9,33.3,34.1,32.5,33.8,33.4,34.0,33.1,33.7,34.0,33.3,33.3,33.1,33.3,33.5,32.9,34.3,34.3,33.6,33.0,34.4,34.7,33.5,32.7,34.2,33.0,33.7,33.0,34.8,33.5,34.0,34.3,33.9,33.4,33.2,33.0,33.5,33.4,33.7,32.9,33.2,33.8,33.2,32.5,33.0,33.5,33.0,33.4,33.1,34.3,33.8,34.6,33.6,33.6,33.9,35.0,33.5,34.6,33.4,33.9,33.1,33.2,34.0,33.9,33.5,34.2,33.7,33.1,34.1,32.8,33.9,33.4,34.2,32.7,33.9,32.7,33.1,33.4,33.4,32.8,32.9,33.6,33.9,33.0,34.3,33.3,33.8,33.5,33.2,34.3,33.9,33.8,34.5,33.9,34.2,33.8,34.0,34.0,33.5,33.1,34.2,34.1,34.3,32.6,32.7,33.7,32.7,33.2,33.3,33.9,33.6,32.8,33.6,33.4,34.3,33.5,33.7,34.5,32.6,33.8,32.7,33.7,33.5,33.2,34.9,33.5,34.3,32.4,32.4,33.4,32.8,32.9,33.1,33.4,33.5,34.0,34.3,34.2,33.3,32.9,33.2,34.0,33.6,32.7,33.5,33.2,32.9,32.8,34.3,35.0,34.1,33.0,32.7,34.0,34.0,33.1,35.1
1785306084.8787415,1790,33.0,33.1,33.3,33.3,32.8,31.3,32.5,32.4,32.9,32.4,32.4,33.0,32.6,32.2,33.3,32.4,33.7,32.6,32.2,32.2,33.3,32.4,32.8,32.6,32.2,33.4,32.4,33.5,33.4,33.0,32.5,33.4,33.1,32.5,32.2,33.0,32.3,32.7,33.5,33.8,31.4,33.1,33.9,32.5,32.5,33.4,32.8,32.7,32.4,32.5,33.5,32.2,32.8,31.9,33.5,32.8,32.3,32.1,34.0,33.2,33.1,33.3,33.0,32.0,33.2,33.1,33.0,33.1,33.2,32.0,33.1,32.8,32.5,32.0,33.0,32.5,33.0,32.2,32.4,32.5,32.2,32.9,32.3,32.9,32.9,31.9,33.0,32.3,33.3,32.8,31.3,33.7,32.7,31.7,32.6,35.0,31.6,34.9,34.0,32.9,31.9,33.0,33.5,32.5,32.8,33.0,31.0,32.2,32.1,32.8,33.1,33.4,33.4,33.9,33.0,32.3,32.0,32.8,32.7,33.5,32.3,33.3,33.0,33.1,33.6,33.0,33.7,33.0,33.8,32.6,32.9,33.2,33.3,32.0,33.6,31.9,33.2,32.3,33.6,32.6,33.3,32.9,32.4,32.2,32.2,32.7,33.0,32.9,33.0,33.2,33.6,33.3,33.8,32.2,32.9,33.2,32.4,32.6,32.6,34.7,33.6,33.2,33.0,32.7,33.3,33.3,33.3,33.2,31.9,33.3,32.6,32.0,32.7,32.9,33.1,32.8,32.5,33.4,33.6,33.3,34.3,34.4,33.5,32.3,33.2,33.5,33.1,33.7,32.8,32.7,32.9,33.3,32.9,32.7,32.9,34.2,32.7,33.1,33.2,32.3,34.0,33.4,33.0,33.4,32.6,32.6,33.4,33.1,33.0,31.7,32.9,33.2,35.2,34.6,33.2,33.7,33.7,32.0,32.8,32.5,33.6,33.2,33.4,33.7,32.6,32.4,33.6,32.9,31.7,32.8,33.8,32.8,32.9,32.7,32.7,33.1,32.5,33.5,32.7,31.7,32.9,32.6,32.4,33.0,34.2,34.9,32.4,33.1,32.7,32.8,33.3,33.2,33.0,34.0,33.0,33.8,33.5,33.3,32.3,32.8,32.6,32.9,33.4,33.5,32.5,32.8,33.4,33.2,33.3,32.7,32.3,32.5,32.3,32.1,32.1,32.8,34.1,33.5,33.9,33.6,32.7,31.9,33.1,33.0,33.4,32.9,34.0,33.5,31.0,34.4,33.1,33.5,32.5,32.9,32.6,33.0,32.1,33.8,32.4,33.6,32.1,33.2,32.8,33.4,32.1,32.4,33.7,34.0,33.4,34.0,34.9,33.9,34.5,33.5,33.5,33.1,33.1,33.3,33.1,33.4,32.8,31.7,33.0,31.8,33.2,33.2,32.9,33.0,33.1,33.7,33.2,33.1,33.3,33.0,33.3,33.4,33.6,32.4,34.3,33.8,34.5,34.1,34.9,34.0,33.7,32.8,33.1,33.3,33.7,32.2,33.9,33.0,33.0,33.4,33.1,32.3,32.5,33.5,33.5,33.2,32.5,32.1,33.5,32.7,32.4,32.9,33.3,32.9,32.5,32.9,32.9,34.2,33.4,34.2,34.4,33.7,33.8,33.3,33.4,33.5,33.5,32.6,33.0,33.5,33.4,32.9,32.3,33.6,33.3,32.9,33.1,33.1,33.1,32.6,33.2,32.8,33.0,33.7,33.2,33.4,33.2,33.3,34.6,34.0,34.1,33.5,34.8,34.3,33.4,33.6,34.0,33.4,33.8,33.5,33.5,33.5,31.3,31.8,32.4,32.8,32.8,32.9,32.7,33.4,33.5,33.3,32.8,33.2,32.6,33.6,33.1,33.4,32.4,33.8,33.9,34.0,33.1,33.9,34.7,34.4,33.1,32.8,34.8,34.2,33.4,33.0,33.2,32.5,32.3,32.9,33.5,33.1,32.8,32.7,33.1,33.8,33.1,31.6,33.5,33.3,33.2,33.0,32.8,33.0,33.2,33.0,33.5,33.4,33.9,33.3,34.1,34.5,33.8,33.6,33.7,33.2,34.8,34.4,34.9,33.9,33.5,33.5,33.8,34.0,33.1,33.2,33.4,33.8,32.8,32.6,33.4,32.9,32.3,32.8,33.4,33.8,33.4,33.4,33.2,34.3,33.4,33.0,34.4,34.4,33.7,33.0,33.4,34.2,33.7,34.3,35.2,33.4,33.8,32.9,33.1,34.3,32.1,32.9,33.8,33.3,33.9,33.2,33.4,33.6,32.8,33.3,33.8,35.0,34.0,33.2,33.5,32.8,33.5,33.8,33.6,33.4,35.0,32.7,32.4,32.5,33.3,33.5,34.1,33.7,32.1,33.6,33.0,34.0,33.0,33.4,32.2,33.0,33.7,32.5,33.0,32.7,32.6,nan,35.0,34.4,32.9,33.3,33.7,34.4,33.6,33.2,34.9,34.7,32.8,33.1,33.8,32.8,33.0,33.9,33.8,34.1,32.8,32.3,33.7,33.5,33.5,33.2,33.5,33.5,32.7,32.3,34.1,32.9,33.2,33.8,33.2,33.6,32.3,32.7,32.6,33.7,33.1,33.5,34.6,34.3,33.6,33.7,33.7,34.1,34.0,33.5,34.0,34.1,33.8,32.9,33.2,34.3,33.6,33.6,33.0,33.6,33.2,33.5,33.0,33.1,32.1,33.3,32.7,32.9,32.1,33.0,33.6,33.6,33.1,33.6,33.7,33.9,33.1,34.0,33.2,32.9,33.3,34.3,33.9,33.9,35.3,33.1,33.1,33.9,32.6,33.0,32.7,32.8,33.4,33.0,33.2,33.7,33.3,32.6,33.6,32.8,33.1,32.6,32.5,33.1,34.1,33.6,34.1,33.2,34.3,32.6,33.8,33.3,34.6,33.8,34.1,34.2,33.4,34.6,33.7,33.4,32.0,33.2,33.3,34.6,32.8,33.9,33.2,34.2,32.7,33.1,33.0,33.1,32.7,33.7,33.9,33.9,33.5,33.7,34.0,33.3,32.9,34.2,34.3,33.6,32.1,34.1,34.0,34.7,32.4,32.7,34.3,34.0,33.3,32.9,32.5,33.0,33.5,33.2,34.3,33.7,33.6,33.0,32.3,32.7,33.2,32.9,33.0,33.9,33.9,33.1,33.9,33.7,34.2,33.7,34.5,34.7,33.7,33.5,34.3,34.6,33.0,34.0,33.5,34.1,33.6,33.6,33.3,33.5,33.6,33.3,33.6,33.6,32.7,33.4,32.5,33.4,32.4,32.6,33.2,33.5,33.7,32.5,33.9,33.9,33.2,35.2,34.2,33.1,34.1,32.7,33.8,34.6
1785306086.9617333,1791,33.8,34.2,33.1,33.6,32.9,32.7,33.2,33.5,33.1,33.2,32.8,33.5,33.5,32.8,32.6,32.4,32.6,33.2,32.9,32.6,33.2,32.5,32.8,33.3,32.8,32.8,33.3,34.2,35.0,33.2,35.0,33.9,33.4,33.8,33.7,33.0,32.8,33.4,32.9,33.0,33.1,33.5,32.9,32.6,32.4,33.8,34.1,32.9,32.7,32.4,33.6,33.5,32.7,34.0,33.0,33.6,33.1,34.0,33.8,33.5,33.1,33.6,33.5,33.3,31.9,34.2,32.3,34.9,33.7,34.1,33.1,33.0,32.5,34.1,33.7,32.7,32.5,33.4,33.3,33.1,31.9,33.3,32.7,33.0,33.6,34.7,32.7,32.0,33.5,32.8,32.6,32.9,33.8,32.8,33.4,35.0,33.1,32.5,34.3,34.1,33.3,32.4,32.3,32.9,33.0,33.1,34.3,32.9,33.0,32.5,33.0,32.5,32.6,33.1,33.5,32.9,33.7,34.3,32.7,33.3,33.6,33.3,32.7,33.5,33.6,34.1,33.9,34.2,34.0,34.2,32.9,33.7,33.8,33.4,32.3,33.1,33.9,32.9,32.7,33.7,33.5,33.1,33.2,32.5,33.6,33.3,32.3,33.9,35.6,34.4,33.5,33.4,33.7,33.5,33.5,33.6,33.9,33.9,32.8,33.6,33.6,33.0,33.0,33.6,33.3,32.6,32.6,32.3,32.5,33.0,32.8,33.0,33.4,33.3,32.6,33.3,32.8,33.0,33.4,32.6,35.3,33.6,33.7,33.6,32.3,33.9,32.8,33.3,32.4,33.2,33.6,34.4,33.4,33.4,32.9,32.7,33.9,32.8,33.0,34.7,33.8,33.0,33.2,33.7,32.9,33.2,33.1,33.1,32.2,33.0,33.9,34.3,35.3,34.3,33.4,33.8,32.7,32.7,33.2,33.7,33.0,33.8,33.6,33.5,32.9,32.6,33.2,32.9,33.2,33.2,33.3,34.1,33.0,33.6,32.4,33.6,32.7,32.7,33.7,33.4,32.3,33.1,34.3,33.4,34.4,34.0,34.8,33.6,32.9,33.5,33.5,32.7,33.8,33.3,32.7,33.6,33.3,32.9,33.8,33.8,33.4,33.9,33.5,33.5,34.4,33.7,32.1,32.5,33.7,32.9,33.0,33.6,34.0,33.2,33.3,34.4,34.1,34.1,33.8,34.1,33.9,33.5,32.9,33.4,32.7,34.1,33.3,33.5,33.6,33.4,32.7,33.2,33.1,32.9,33.6,33.2,33.5,33.1,32.9,32.8,33.1,33.2,32.4,32.6,32.9,33.4,34.5,34.2,33.4,34.2,34.3,34.6,34.0,34.0,33.4,33.3,33.9,33.2,32.9,34.1,32.7,32.7,33.1,34.0,33.0,34.2,32.7,34.2,32.9,32.6,32.9,33.2,33.0,33.2,33.1,33.9,33.8,33.7,33.6,33.4,34.0,34.6,34.1,33.8,33.7,34.3,33.5,33.8,33.5,33.9,32.0,33.7,33.4,32.4,33.9,33.6,33.5,33.0,33.6,33.1,34.0,33.3,33.0,32.3,33.9,32.9,32.5,33.7,33.0,33.7,33.4,33.4,34.4,34.2,33.6,34.2,33.1,33.7,34.0,33.5,33.4,33.4,33.4,33.7,33.4,34.0,33.7,33.7,33.8,33.6,32.8,33.3,33.3,32.5,32.2,32.9,33.5,33.2,32.6,32.9,34.3,34.0,34.0,33.2,34.0,33.9,34.1,34.0,33.3,33.0,34.4,34.0,36.2,34.5,33.1,33.3,33.9,34.1,32.8,33.6,33.5,33.0,33.6,33.3,33.5,32.9,33.5,33.2,33.1,32.8,33.7,33.6,34.4,34.1,32.8,34.9,33.4,33.9,33.7,33.4,33.6,33.4,33.8,33.3,35.2,35.2,33.2,33.6,33.4,33.6,33.9,33.3,32.8,33.8,33.7,33.2,33.1,33.1,33.3,33.2,34.0,33.5,34.3,34.7,34.5,32.6,33.6,34.5,34.3,33.5,33.6,34.2,34.6,33.6,33.5,34.1,34.4,33.4,33.5,32.3,34.2,34.4,33.2,33.1,33.1,33.2,34.2,33.8,32.7,33.7,33.9,33.4,33.8,32.8,34.1,35.2,33.0,33.6,34.0,33.3,33.4,34.1,33.7,34.3,33.7,34.0,33.4,33.9,33.0,32.7,34.2,33.4,33.2,34.0,33.1,34.1,33.1,32.9,33.0,33.7,33.7,33.6,32.5,33.8,32.8,32.4,34.1,33.5,33.0,33.4,32.8,34.2,33.6,33.4,34.0,34.6,34.3,33.3,33.9,33.6,33.1,32.9,34.1,34.3,34.5,33.7,34.0,32.5,34.0,33.8,32.7,32.7,33.0,33.2,33.0,33.6,32.3,nan,33.6,33.4,32.8,33.2,33.2,33.6,34.2,34.4,33.5,34.4,33.6,34.4,33.3,33.9,34.0,33.9,34.6,34.2,34.3,34.0,33.3,33.9,32.7,33.8,33.9,34.2,32.9,34.1,33.4,34.1,33.2,32.8,33.2,33.3,33.0,32.7,33.0,33.7,33.8,34.4,33.9,34.1,34.1,32.9,33.7,32.8,33.8,33.1,33.8,33.0,33.6,34.2,32.8,33.7,33.6,34.0,33.2,33.5,34.1,33.2,32.9,33.7,32.7,32.8,32.9,32.6,33.3,32.5,33.8,34.0,34.8,34.3,33.9,33.4,33.5,33.3,32.9,33.3,33.7,33.9,34.3,34.4,34.2,33.8,33.9,33.7,33.8,34.1,33.0,33.3,33.4,33.9,34.0,33.4,32.6,33.5,33.1,33.1,34.4,33.5,33.6,34.3,33.3,33.5,33.4,32.9,33.9,33.2,33.7,33.9,34.4,34.2,34.3,34.2,34.3,33.3,33.9,33.7,33.4,32.8,33.7,34.1,33.5,33.9,34.1,33.3,32.9,33.1,33.2,33.1,33.6,33.1,33.2,32.9,33.7,34.4,33.3,34.3,34.2,34.0,33.7,33.8,33.3,33.7,33.6,33.9,33.6,33.7,33.2,33.8,34.0,32.7,33.3,34.0,33.6,33.9,33.6,33.6,33.2,34.1,32.9,34.1,33.6,33.1,33.0,33.1,34.3,33.5,32.6,34.8,34.8,34.3,34.6,33.5,33.6,34.2,34.4,34.6,34.2,34.3,33.9,33.5,33.6,33.0,33.3,33.7,32.9,32.8,33.8,33.1,33.6,33.5,33.1,33.3,33.1,33.1,33.2,33.1,34.3,33.6,33.3,34.0,33.9,34.3,32.8,33.3,33.8,34.4,32.5,33.9
1785306089.0222008,1792,32.8,34.0,31.9,33.7,32.5,33.0,32.9,33.2,32.8,32.7,32.7,33.2,34.2,33.1,32.5,34.0,32.9,32.9,32.8,33.1,33.4,32.9,33.3,32.2,32.5,33.6,33.6,33.7,33.5,34.0,33.6,34.3,33.2,33.1,33.6,33.1,34.2,32.2,33.0,33.3,33.6,32.0,32.1,32.7,32.1,32.5,33.7,33.4,32.5,32.7,32.7,33.0,32.8,33.5,32.1,32.9,33.4,33.7,32.4,34.4,34.5,33.2,32.1,33.6,33.8,33.0,32.7,34.4,34.6,33.2,33.6,32.9,33.2,33.4,32.0,33.3,33.2,32.7,32.8,33.9,33.5,32.9,33.7,33.9,34.6,34.0,33.5,33.8,33.2,33.9,32.9,33.4,33.2,33.3,33.2,33.7,33.2,32.8,32.6,33.7,33.0,33.1,33.2,33.2,33.1,32.8,33.0,32.5,33.3,32.8,33.8,33.3,32.5,32.8,33.8,34.2,34.7,33.1,33.0,32.7,33.4,33.9,32.6,33.4,34.0,32.3,33.4,33.6,32.7,33.4,32.8,33.1,32.6,32.9,33.7,33.2,33.0,33.3,32.2,33.4,32.8,33.3,32.6,32.1,32.1,32.5,32.2,33.9,34.3,34.4,32.8,32.2,32.7,34.1,33.2,33.5,34.0,33.0,33.8,33.8,32.8,33.3,33.1,33.2,32.6,32.4,33.1,33.9,33.3,32.7,32.9,33.1,32.4,32.9,32.5,32.6,33.6,33.2,33.5,33.1,34.9,34.4,33.6,33.0,33.3,34.3,33.3,34.0,33.1,33.3,32.6,33.7,34.4,33.0,33.0,33.7,32.0,33.3,32.9,33.2,33.0,33.4,33.1,33.3,34.2,33.2,32.7,33.2,32.8,32.8,33.5,33.6,34.2,34.4,33.8,33.5,32.7,32.4,34.2,34.0,32.7,33.5,32.6,33.7,33.6,32.7,32.5,32.2,32.8,33.9,32.7,32.7,32.5,33.8,32.3,33.4,33.0,33.3,32.6,33.0,32.7,33.3,33.8,34.8,35.1,33.8,34.2,33.9,33.2,33.7,33.2,33.9,33.2,34.1,33.2,34.1,33.4,33.8,33.0,33.3,33.3,33.1,33.4,33.8,33.3,33.5,34.6,33.0,32.9,33.4,33.4,33.1,34.4,33.9,33.7,35.0,33.7,34.1,33.7,34.7,33.3,34.1,33.2,34.0,33.7,33.6,33.4,33.6,33.5,32.2,32.2,33.8,33.4,33.4,33.3,34.2,33.3,33.4,33.0,32.9,33.5,32.4,33.0,33.3,33.5,33.3,33.3,34.0,33.3,34.5,34.4,33.6,33.3,34.1,33.5,34.6,32.7,32.9,33.2,32.7,32.1,32.4,32.0,34.1,34.2,34.6,32.1,33.1,32.5,33.4,33.5,33.1,33.6,33.2,33.7,33.6,33.9,34.4,33.7,34.4,34.7,34.2,33.8,33.9,33.0,34.1,33.2,33.6,34.2,32.9,33.2,33.8,32.7,32.3,34.2,34.2,33.4,33.6,33.0,32.1,33.8,33.2,32.8,33.3,33.4,33.0,32.8,32.9,34.3,33.5,33.8,34.0,34.3,34.0,34.2,33.8,33.4,33.6,33.2,33.8,33.9,34.0,33.1,33.8,32.8,33.7,33.6,34.3,32.8,33.0,33.6,34.0,33.7,33.9,33.5,33.7,32.8,33.0,33.0,34.3,34.3,33.8,33.7,33.0,33.9,33.5,33.9,34.4,33.3,33.1,34.5,34.6,34.1,33.8,33.8,33.4,34.2,32.9,33.9,34.1,34.2,32.9,33.4,32.2,33.9,32.8,33.1,32.8,33.5,33.4,33.7,33.6,34.6,33.2,33.4,33.2,33.5,33.4,34.3,32.8,33.4,33.3,34.4,35.2,34.2,34.2,32.5,33.9,33.1,33.5,33.4,33.2,33.4,33.9,33.4,33.3,33.2,32.7,32.6,33.3,33.3,33.9,35.3,34.9,34.4,33.3,33.7,34.0,33.9,33.6,34.7,33.8,33.0,33.6,34.0,32.9,33.6,34.4,33.6,34.2,33.3,33.0,33.1,33.4,33.9,33.5,33.9,33.6,33.0,32.8,33.2,33.0,33.4,32.7,34.5,34.4,32.6,33.1,32.9,34.2,34.2,34.0,34.2,34.2,34.1,33.6,33.3,33.8,33.5,33.7,33.5,32.7,33.5,33.0,32.2,33.3,32.8,33.9,32.5,33.3,33.7,33.2,33.9,34.1,33.4,32.6,33.4,33.5,33.1,33.5,33.1,34.8,33.7,33.1,34.6,34.4,34.6,33.9,33.6,33.0,34.3,33.8,33.4,34.4,33.7,34.0,33.1,33.3,33.4,33.1,33.2,33.0,32.6,32.3,33.5,32.5,33.9,nan,33.2,33.0,32.7,32.8,33.0,33.9,33.5,33.7,34.8,34.7,34.0,33.6,32.8,32.7,33.7,32.9,33.3,33.7,33.6,33.7,33.6,32.8,33.0,33.4,33.6,34.0,33.5,33.3,34.2,34.2,33.1,32.3,33.1,33.4,32.9,33.3,32.9,34.0,35.1,33.5,33.7,34.9,33.5,33.2,32.5,32.8,33.7,33.0,34.5,35.0,34.0,33.2,33.7,33.2,32.8,34.1,33.3,34.3,33.0,33.0,33.0,33.8,32.8,33.9,32.9,34.0,33.6,33.6,33.2,32.9,33.5,32.8,33.8,35.0,33.1,33.7,34.3,33.8,34.4,33.7,34.0,34.4,32.7,34.7,32.5,34.2,34.1,33.3,34.9,33.4,32.6,33.1,32.8,34.6,33.4,33.1,33.5,33.2,33.1,33.6,34.2,33.2,33.5,32.4,34.9,33.9,34.2,32.9,33.8,34.0,33.9,33.3,34.4,33.5,32.4,33.0,34.2,33.1,33.9,33.5,33.4,34.7,33.3,33.6,33.5,33.2,34.2,34.4,33.5,33.6,33.0,32.7,33.3,34.1,33.8,33.3,34.2,33.5,33.6,33.7,33.5,34.5,33.2,34.2,33.5,34.4,34.2,34.0,33.1,34.8,33.7,34.2,33.4,33.6,33.3,34.4,32.9,33.2,33.1,33.3,33.9,33.0,33.7,32.2,33.6,33.5,34.6,33.6,34.0,34.0,35.5,34.4,33.5,34.0,34.1,32.8,33.3,33.4,33.4,34.8,33.8,34.5,33.1,33.7,33.0,33.1,33.2,34.6,33.4,33.0,34.1,33.2,33.7,33.0,33.2,33.6,33.9,33.6,34.2,33.2,33.6,34.2,34.6,33.4,33.5,33.8,33.3,34.1,33.5,35.6
1785306091.2556708,1793,33.7,32.6,34.0,33.1,33.9,32.9,32.6,32.9,33.6,32.0,33.1,32.3,32.3,33.0,32.3,32.6,32.7,31.7,33.0,33.0,33.6,32.3,32.7,32.5,32.5,33.0,33.6,32.9,34.4,33.2,33.4,32.6,32.3,33.2,33.0,34.1,33.2,32.4,33.3,33.5,32.3,32.2,32.5,32.8,33.4,32.8,32.3,33.3,32.5,33.2,33.4,32.8,32.5,33.3,32.0,33.3,33.5,33.2,34.2,33.8,33.1,32.6,34.0,33.4,34.1,32.9,32.7,34.5,33.2,33.5,33.6,32.8,32.6,32.0,32.9,32.7,33.1,32.9,33.0,31.8,32.3,32.3,33.0,33.5,33.2,33.5,33.8,32.0,33.2,33.4,33.7,33.7,33.0,32.8,33.0,32.9,32.1,33.6,33.8,33.1,33.1,32.9,33.1,33.9,33.4,33.3,31.8,32.8,33.7,33.1,32.6,32.4,33.6,33.1,33.7,33.8,34.7,34.1,33.1,32.5,32.7,32.4,33.4,33.4,32.6,33.6,33.0,34.7,33.2,33.5,32.6,32.6,33.6,33.8,33.3,33.9,32.9,32.5,32.4,33.1,32.5,32.2,32.5,32.4,33.4,32.3,32.7,33.8,34.6,34.6,33.5,33.7,33.7,33.1,33.6,33.8,32.8,34.7,33.8,33.2,32.2,32.8,33.0,33.7,34.1,32.6,32.0,33.1,32.8,32.2,32.8,33.8,32.6,32.2,32.4,32.2,32.5,32.2,33.4,33.9,34.6,34.5,33.0,34.0,32.5,33.2,33.7,32.8,33.2,32.9,33.6,34.3,32.6,32.7,32.6,32.9,32.8,33.5,33.6,32.1,33.0,32.8,32.7,32.7,33.1,33.2,33.0,32.9,32.7,32.9,33.9,34.3,34.0,34.3,33.6,33.9,32.9,33.0,33.8,32.5,33.3,33.4,33.9,33.3,33.5,33.2,33.2,33.0,32.3,33.3,32.6,33.1,32.5,32.6,32.0,33.2,32.2,33.1,33.2,32.8,33.2,33.6,34.1,34.4,34.4,34.2,33.6,34.4,32.7,33.2,33.3,33.7,33.4,33.7,33.1,33.5,34.0,32.7,33.6,33.6,33.4,33.3,33.9,33.1,33.6,32.8,33.4,33.4,33.7,33.3,32.9,32.8,33.7,32.4,33.8,33.8,34.0,34.1,33.7,33.4,32.8,33.3,33.5,32.8,33.3,32.9,32.9,33.7,33.4,33.1,33.5,33.8,33.3,32.0,33.2,33.4,33.3,33.5,33.3,32.7,33.4,32.5,33.3,32.6,33.4,32.5,33.8,34.7,33.9,33.1,34.1,34.6,33.6,32.9,33.2,34.2,33.5,33.2,32.3,33.5,32.5,33.6,33.9,33.8,34.2,32.3,33.7,33.2,32.1,32.9,34.1,33.0,32.7,33.4,32.9,33.0,33.2,34.3,34.0,34.3,33.7,34.0,33.3,33.5,33.3,33.6,32.8,32.7,33.2,32.2,33.0,33.4,32.8,33.3,33.5,33.4,32.7,33.0,33.4,33.8,33.4,33.0,33.5,33.6,33.4,32.8,33.8,33.5,34.2,34.1,34.3,33.9,35.1,33.8,34.1,33.9,33.1,33.9,33.9,33.2,32.7,33.5,32.8,33.8,33.7,33.2,34.0,33.1,32.6,33.8,33.6,32.5,33.5,33.6,33.8,33.1,33.2,33.7,33.9,34.3,33.7,32.9,33.8,33.7,33.2,33.5,33.7,33.8,33.1,33.5,34.6,34.5,33.8,33.5,33.4,33.9,33.7,32.9,33.4,33.5,33.7,33.0,32.7,33.5,33.0,33.1,33.2,33.4,32.8,33.5,33.6,35.1,33.6,33.2,32.9,34.6,33.7,33.0,34.5,33.8,33.5,33.1,33.9,35.1,34.6,33.5,33.6,33.2,33.1,33.6,34.7,33.3,32.3,32.6,33.0,33.0,33.1,32.6,33.4,32.8,33.4,32.2,34.2,33.2,33.1,33.0,34.0,32.9,33.4,33.7,34.0,34.0,32.8,32.6,33.6,33.0,33.6,32.6,34.2,32.5,33.8,33.2,33.4,33.4,33.1,32.2,33.5,32.8,32.7,31.9,33.4,32.8,33.0,32.9,33.2,33.4,32.6,32.9,33.8,34.0,33.9,33.5,33.7,34.3,34.0,33.0,33.9,33.6,33.0,34.0,34.4,32.7,32.9,32.3,33.4,33.7,32.8,33.1,33.2,33.0,33.3,33.1,33.2,33.1,34.0,33.0,33.2,33.0,33.1,33.4,34.0,33.7,33.2,33.2,33.5,33.6,33.2,33.6,33.8,33.3,33.0,33.7,34.0,33.5,33.6,32.9,33.0,33.5,33.8,33.5,32.5,33.0,32.7,33.3,33.5,33.3,33.1,nan,33.1,33.0,33.1,33.0,34.0,33.7,34.2,34.5,34.2,33.6,32.9,32.9,33.3,33.9,34.9,33.3,32.8,33.9,34.4,33.6,34.2,33.3,33.4,33.4,34.1,33.7,33.3,33.0,33.1,33.4,33.4,33.2,33.1,32.8,32.7,32.8,33.4,33.7,33.7,33.9,33.3,33.4,33.1,34.3,33.8,33.6,33.1,33.7,33.2,33.5,33.8,33.7,33.4,33.6,32.9,33.5,33.6,33.7,31.8,32.4,33.6,34.1,32.7,33.2,33.4,33.6,32.1,32.4,33.4,33.9,33.3,33.3,32.7,34.5,34.2,32.8,32.3,34.6,33.4,32.3,33.9,34.6,33.6,32.2,33.8,32.8,32.8,32.4,33.6,33.7,33.0,32.7,32.6,33.8,32.1,32.8,34.2,32.8,32.7,32.4,33.5,33.3,33.3,33.1,33.8,33.2,33.8,33.7,34.1,33.0,32.5,33.0,33.8,32.9,35.2,35.0,34.9,34.4,33.6,33.1,33.5,33.0,32.6,33.1,33.1,34.1,32.7,33.3,34.1,33.7,33.3,32.8,33.0,33.5,34.2,33.1,34.8,34.0,33.3,33.2,33.7,33.3,33.3,33.6,32.9,34.4,33.3,33.7,33.5,34.5,32.8,32.7,33.1,32.9,33.1,33.5,33.4,33.0,32.7,34.1,33.5,33.1,32.2,32.9,33.4,33.8,33.8,33.3,34.0,33.5,34.5,33.5,34.3,33.5,33.2,33.7,34.2,35.1,33.7,34.1,34.6,35.1,34.0,32.5,33.1,34.0,33.1,33.6,32.3,33.5,33.8,33.2,33.1,33.1,33.1,33.9,33.1,33.7,34.5,33.1,33.5,34.9,34.3,33.4,33.6,34.2,33.1,33.9,33.8,35.0
1785306093.6103783,1794,33.0,32.0,33.9,33.4,34.0,32.2,33.2,33.5,32.9,33.2,32.3,32.1,32.0,32.8,32.2,33.0,32.8,32.6,32.7,32.8,33.0,33.0,32.2,34.6,33.0,33.5,32.6,33.1,34.3,33.3,32.7,33.1,33.1,33.3,32.0,32.8,32.3,32.3,33.1,32.5,32.7,32.9,32.4,33.9,32.5,32.4,33.0,32.7,31.7,33.3,33.2,32.2,32.9,32.9,32.8,33.8,33.3,32.2,32.9,33.7,34.4,32.7,32.3,33.3,32.4,33.2,32.6,33.1,32.6,33.1,32.7,32.6,32.3,32.2,32.8,33.6,32.2,32.2,31.7,33.1,32.8,33.3,31.5,32.4,34.0,34.7,32.7,33.3,33.0,32.4,33.0,33.5,32.7,33.0,33.4,33.4,32.4,32.8,32.5,33.9,32.9,32.6,32.5,33.3,32.8,32.7,34.5,34.2,32.6,33.4,32.3,32.9,32.1,32.7,32.3,32.5,34.4,34.8,33.5,33.3,33.1,33.1,32.5,33.3,33.0,33.1,33.9,33.2,33.3,33.1,32.7,33.7,32.9,31.4,32.9,32.5,32.0,32.4,32.5,32.6,34.2,33.2,32.6,32.9,33.1,32.4,33.0,33.3,35.1,35.3,33.8,33.4,32.4,32.9,33.5,33.8,32.7,33.9,33.5,33.4,33.4,33.2,32.6,32.9,34.1,32.0,32.4,33.4,32.7,32.8,31.9,32.9,33.6,33.9,32.4,33.2,33.3,32.3,32.8,32.8,34.6,33.9,32.6,33.4,33.0,32.3,33.2,33.7,32.6,33.4,32.9,33.1,32.7,33.4,33.3,32.7,32.7,33.0,33.4,32.3,32.9,33.5,33.2,32.7,33.8,33.4,33.0,33.3,33.2,33.8,33.4,33.0,34.8,33.8,33.9,34.3,33.0,32.9,34.0,33.7,33.6,32.0,33.8,34.2,32.9,32.6,33.6,33.7,32.7,31.9,31.7,32.5,33.2,32.2,32.0,33.6,33.2,32.7,33.4,33.9,33.1,33.4,34.0,34.8,34.4,33.7,34.6,34.5,33.8,32.6,32.9,32.9,33.1,32.7,33.3,33.8,31.8,33.3,32.9,32.2,32.6,33.3,32.2,33.1,32.9,32.9,32.4,32.9,33.0,33.0,33.3,33.3,33.5,33.2,33.0,33.5,33.3,34.3,33.5,33.8,33.6,33.5,33.5,33.7,32.9,32.9,33.3,33.3,32.8,33.0,33.3,33.2,33.7,32.5,33.7,33.6,33.0,31.9,32.9,33.5,32.4,33.1,33.0,33.9,31.9,33.7,33.0,34.7,33.4,33.7,33.2,33.6,33.5,33.7,33.9,32.9,33.5,33.2,32.9,34.1,33.1,33.2,33.7,32.2,33.0,34.2,32.7,33.2,32.6,32.4,33.1,33.0,33.6,32.9,32.5,33.1,32.1,32.9,33.6,33.7,33.2,33.7,33.6,33.2,33.5,33.1,33.8,33.1,32.2,33.0,33.9,34.1,32.2,33.2,32.8,33.2,33.1,33.1,32.0,33.3,32.7,32.8,33.3,33.2,33.3,32.8,32.6,32.5,33.0,33.7,33.5,33.9,33.7,34.4,32.8,34.2,33.3,33.5,33.6,33.0,32.9,33.2,34.2,33.1,32.7,32.8,33.5,32.7,33.1,33.1,33.5,33.7,33.1,33.1,32.8,32.9,33.7,33.1,32.9,33.5,33.5,32.9,33.1,34.2,33.4,34.0,34.0,33.3,33.9,33.8,34.6,34.0,34.4,33.5,32.7,33.5,33.1,32.4,32.6,33.4,32.8,32.6,32.6,32.8,33.2,32.9,32.8,33.4,32.5,33.2,33.1,33.2,32.6,32.5,33.1,33.4,33.6,33.1,33.7,33.6,33.1,33.4,34.8,33.7,34.3,32.3,33.6,33.6,33.2,33.2,33.1,32.4,33.3,32.8,34.2,33.3,32.6,33.1,32.8,32.0,32.5,32.7,33.3,33.5,32.1,32.4,33.1,33.4,32.8,33.2,33.6,33.8,33.6,33.1,34.8,33.7,33.7,33.2,33.7,33.5,33.6,33.2,32.9,34.0,33.1,33.5,32.9,31.9,32.4,32.7,33.1,33.1,33.9,33.1,33.4,32.8,31.9,33.3,33.0,34.3,34.2,33.3,34.6,34.1,33.8,33.2,35.0,34.4,32.8,34.2,33.8,33.6,33.0,33.6,32.7,33.7,33.3,33.6,33.0,32.8,33.6,33.4,32.5,32.6,33.1,33.4,33.0,32.7,32.9,33.2,33.3,33.2,33.3,33.7,34.1,34.3,34.1,33.4,33.3,34.3,33.9,33.1,34.1,34.5,32.8,32.4,32.0,33.8,32.1,32.1,33.3,33.4,33.4,33.2,34.0,33.9,32.7,nan,32.1,33.3,32.6,32.2,33.1,34.0,33.8,33.8,34.4,34.3,33.9,33.3,33.5,33.2,33.6,33.0,34.4,33.8,34.3,32.3,33.7,33.9,33.3,33.6,33.9,33.0,32.5,33.2,33.3,32.6,32.7,33.3,33.7,32.7,33.3,32.7,34.0,33.4,33.3,33.2,33.9,34.1,33.8,33.2,34.1,32.7,33.3,33.3,32.7,34.3,33.6,33.1,33.2,33.7,32.5,32.7,32.7,33.5,33.4,33.0,33.2,33.4,33.2,32.8,32.4,33.2,32.5,32.8,32.4,35.0,33.6,33.9,33.9,33.2,33.0,33.3,34.3,34.0,33.4,33.8,33.9,34.2,34.2,33.8,33.9,33.9,32.7,33.8,32.4,33.3,32.7,31.8,33.4,33.8,33.1,34.0,32.7,33.7,33.3,32.8,33.4,32.8,32.9,33.8,34.5,33.6,33.0,33.9,33.1,33.5,33.7,33.4,33.9,32.7,33.9,32.7,33.3,33.9,32.9,34.3,34.1,34.3,33.2,33.0,33.6,33.5,33.4,33.6,32.9,33.5,32.9,32.3,34.3,33.5,33.4,32.7,34.8,33.6,32.9,33.1,33.0,33.6,33.3,33.9,35.7,34.5,33.6,34.6,35.0,34.9,32.8,33.5,33.5,33.6,32.6,33.6,33.8,33.6,33.2,33.1,32.9,33.1,32.2,32.9,33.2,33.3,34.7,33.1,32.2,33.7,34.8,33.9,34.0,32.7,33.1,34.4,34.4,34.4,33.1,33.1,32.8,34.2,33.2,32.6,32.6,33.9,33.3,33.6,33.6,33.6,33.3,32.9,33.3,33.3,33.3,32.4,33.8,34.2,33.9,33.4,33.4,33.0,33.4,34.6,33.6,33.1,34.2,34.2,34.0,34.6
1785306095.708161,1795,33.6,33.1,33.4,32.1,33.3,32.7,33.2,31.8,32.3,33.0,33.1,33.8,33.0,32.1,33.3,33.0,32.8,32.5,33.0,32.8,33.2,33.0,32.3,32.9,32.6,32.2,33.1,33.1,33.4,33.5,34.0,33.1,32.8,32.5,33.0,33.5,33.9,33.2,32.9,33.0,31.7,32.6,32.2,33.0,32.7,32.8,33.2,33.5,33.1,32.2,32.1,33.7,32.9,31.4,33.5,33.8,33.3,32.4,32.5,33.3,32.9,32.7,33.0,33.1,32.9,32.4,33.5,32.9,33.5,33.1,32.8,32.8,33.7,32.4,33.6,32.3,32.7,33.3,32.4,32.6,33.1,33.5,34.0,32.6,32.8,33.2,33.4,32.9,32.8,32.6,33.0,32.3,32.5,34.3,33.9,33.6,33.3,33.5,32.5,33.2,32.9,32.4,31.7,33.3,33.2,32.0,32.9,32.4,32.1,33.0,32.4,33.1,33.6,32.4,32.7,33.9,34.9,33.2,33.3,33.4,33.6,32.9,33.1,33.2,33.6,33.1,33.3,34.4,34.0,32.6,32.7,32.6,32.2,33.4,33.8,32.1,33.2,32.7,33.6,32.8,32.5,33.7,32.8,32.4,33.4,33.4,35.2,34.9,35.2,34.4,33.8,32.6,32.6,32.8,33.1,31.7,32.3,33.5,32.8,32.3,33.6,32.1,32.4,32.7,32.1,32.0,32.9,32.9,33.4,32.7,33.2,33.1,32.9,33.0,33.1,31.8,34.1,33.8,33.8,34.3,34.5,34.3,33.2,33.4,32.7,32.5,33.2,32.5,33.0,32.4,32.1,32.7,33.2,33.8,33.5,32.3,32.9,33.3,32.7,32.3,32.3,33.6,32.3,32.4,32.5,32.1,32.7,33.0,33.0,34.0,33.8,33.5,35.0,34.3,33.9,33.8,33.0,33.6,32.7,33.1,33.2,33.8,33.2,33.5,32.2,31.3,32.6,32.7,32.7,31.9,32.6,33.4,33.2,32.6,32.9,33.5,33.4,32.5,32.5,32.1,34.0,33.9,34.0,33.6,34.7,33.8,33.6,34.3,33.1,32.1,33.3,33.2,32.7,33.3,32.7,33.8,32.0,32.5,34.8,32.6,32.2,33.7,33.0,33.0,32.6,33.4,32.4,33.4,33.7,33.0,32.9,32.8,33.3,34.0,33.3,32.8,33.2,33.8,34.3,34.1,32.7,33.3,32.7,32.8,34.6,34.1,33.7,34.0,33.6,31.9,32.5,34.2,32.5,32.6,32.7,33.6,32.7,33.0,33.1,32.7,32.4,32.9,32.6,33.4,33.1,32.6,33.2,34.6,33.4,33.4,33.1,34.4,32.8,32.7,33.4,34.4,32.9,32.4,32.9,33.7,32.9,33.8,33.3,33.2,32.3,34.2,32.4,34.1,32.8,33.4,34.1,33.3,32.7,32.9,33.6,33.4,33.1,33.1,34.1,33.4,33.5,34.3,34.1,33.6,34.6,35.0,33.3,33.3,32.6,32.6,32.8,33.0,32.8,32.8,32.4,33.0,33.1,32.6,32.0,33.3,33.1,32.8,32.8,33.1,33.3,33.3,32.6,32.6,32.7,33.7,32.7,33.6,34.8,34.1,33.3,33.7,33.6,33.4,31.8,33.0,33.4,32.7,32.8,33.5,31.9,33.0,33.5,35.0,33.5,33.6,32.7,32.3,33.6,34.4,33.6,31.8,32.7,33.4,33.5,32.6,33.6,33.1,33.5,33.2,33.7,33.9,33.7,33.3,33.4,33.3,33.7,32.3,33.2,33.4,33.5,33.1,33.5,31.8,32.6,32.6,33.0,33.7,32.9,32.3,33.3,32.4,33.0,33.4,33.3,32.4,32.8,32.7,32.9,33.0,32.5,33.5,33.1,33.0,33.9,34.1,33.6,33.4,33.8,34.4,31.7,32.3,33.2,33.6,33.2,33.6,33.5,33.7,32.1,32.9,33.0,32.3,33.3,32.9,34.0,33.0,32.7,33.0,33.5,32.9,33.4,33.0,33.5,33.7,34.0,34.0,35.0,33.3,34.1,35.0,33.5,33.2,32.8,32.6,34.1,32.3,33.8,31.5,32.5,32.1,32.8,32.7,33.6,33.7,32.9,32.9,33.4,33.4,33.3,32.7,32.8,32.9,32.5,32.0,33.5,33.4,34.4,33.5,33.7,34.3,33.5,34.2,33.2,33.3,34.1,32.9,33.6,34.5,33.0,35.0,33.3,33.5,32.9,32.9,33.5,32.8,32.7,32.9,33.5,32.8,33.0,32.5,33.5,33.2,32.5,32.6,33.4,32.5,33.3,34.2,34.5,33.6,32.8,33.4,33.5,32.9,32.6,34.1,34.2,33.1,34.2,31.8,32.8,33.1,33.3,32.9,32.7,33.3,33.4,32.5,32.9,33.7,32.7,nan,32.9,32.8,32.8,32.9,33.2,34.5,33.6,32.9,33.2,33.3,33.4,32.7,32.9,32.8,32.7,32.4,33.2,33.8,33.3,34.4,34.5,33.7,32.2,33.6,33.3,33.7,32.4,33.7,33.3,32.9,31.2,33.5,34.2,33.2,31.7,32.9,33.0,32.9,32.8,33.7,33.6,32.7,32.7,33.4,33.9,33.6,33.6,33.5,33.4,33.5,32.8,32.1,32.8,33.9,32.7,32.5,33.2,32.8,33.7,33.2,33.4,34.1,32.7,32.8,32.6,33.4,32.8,33.3,32.3,33.3,33.1,32.9,32.5,33.2,33.3,33.3,32.9,33.5,33.4,33.6,33.3,34.4,32.6,33.3,33.1,32.6,32.7,33.6,33.2,33.5,33.8,34.1,33.5,33.6,33.5,33.5,32.9,33.0,34.5,33.1,33.2,32.6,34.1,33.3,33.8,34.1,33.1,33.2,33.5,33.7,33.7,33.2,34.1,32.2,33.6,33.1,34.1,33.5,33.0,33.6,33.3,33.4,32.8,33.6,33.2,33.5,33.8,33.3,32.9,33.0,33.4,31.9,34.1,34.2,32.9,33.1,33.2,33.0,33.3,34.2,32.8,33.3,33.3,33.3,33.3,33.5,33.7,34.6,33.7,34.1,32.4,32.5,32.5,33.3,31.6,33.0,33.0,33.2,33.2,32.7,33.8,33.1,32.4,32.9,33.2,33.1,33.3,34.0,35.2,33.5,34.1,33.9,33.6,32.5,34.0,33.7,34.8,33.3,33.8,33.4,33.5,32.9,34.3,33.2,32.7,34.5,32.9,31.9,33.1,33.1,34.2,33.3,33.3,33.8,32.6,31.9,33.4,33.9,34.1,32.7,33.0,33.8,34.7,33.1,33.2,33.7,32.9,33.2,33.1,33.7
1785306097.8081546,1796,33.0,34.2,33.4,33.8,32.0,32.9,32.6,32.9,32.7,32.8,32.7,31.9,33.5,33.0,32.8,33.2,32.8,33.0,32.2,33.4,33.4,32.8,31.9,32.9,31.6,33.0,33.3,33.6,33.4,33.5,34.0,33.1,34.7,33.0,34.5,32.6,33.2,32.8,33.3,33.8,34.3,32.6,33.7,32.6,32.9,33.7,33.0,33.3,33.6,32.6,33.0,32.4,33.4,33.5,33.2,32.2,32.1,33.0,34.0,33.5,33.8,33.4,33.5,32.5,32.2,33.9,32.8,34.0,33.7,32.7,32.8,33.2,32.1,33.3,31.7,33.2,32.5,33.3,32.7,32.9,31.9,32.6,32.4,33.7,33.3,33.5,33.0,33.1,32.8,33.8,32.6,33.5,32.9,33.2,33.2,34.3,33.6,32.5,33.4,33.4,32.7,32.2,33.1,32.5,33.6,32.0,33.1,32.4,33.0,32.3,33.3,32.9,33.3,32.9,33.7,34.3,34.6,33.9,33.8,32.6,33.6,32.9,32.3,33.3,33.7,33.3,32.6,33.7,32.9,31.6,33.2,33.7,34.0,32.2,33.3,32.9,33.2,33.1,32.2,32.3,32.7,32.9,32.5,32.4,33.7,31.8,32.3,33.3,34.6,34.4,33.5,33.4,33.9,32.8,32.3,33.8,32.9,33.7,32.8,33.6,33.7,33.0,33.0,33.6,33.9,32.4,33.3,33.2,33.9,32.7,32.8,32.9,32.6,32.5,33.4,32.0,32.3,32.8,33.3,33.5,34.5,33.6,32.6,33.8,33.2,32.8,33.4,33.3,33.0,33.2,32.9,33.6,32.7,32.9,32.1,33.0,32.4,32.8,33.0,33.1,32.6,33.0,32.1,33.2,32.0,33.6,32.3,32.6,32.9,33.2,32.8,34.2,34.5,34.1,33.1,34.3,32.7,32.9,33.4,34.2,33.2,32.8,33.2,33.6,31.5,32.6,33.2,32.7,32.7,33.4,33.5,33.2,33.1,32.9,33.1,32.6,32.6,32.5,32.7,32.4,33.6,32.9,34.0,33.6,34.4,33.8,33.5,34.0,34.0,32.8,33.5,32.9,33.1,33.3,34.3,33.2,31.8,32.9,32.9,33.2,32.4,33.5,32.4,33.3,32.7,33.0,32.7,33.4,32.9,33.0,32.7,33.3,33.2,33.4,34.4,33.6,34.1,34.1,33.1,34.0,32.6,33.3,33.1,33.2,33.1,33.5,33.5,35.4,33.0,31.9,33.5,32.6,33.7,33.1,33.2,33.0,34.0,32.5,32.1,33.0,33.4,33.2,33.7,32.4,33.4,33.7,35.0,34.1,33.4,33.8,34.5,33.7,33.8,33.7,33.4,32.8,33.7,32.6,32.3,34.1,32.5,33.4,33.3,32.8,33.0,33.8,32.4,33.4,32.6,33.3,33.1,33.3,33.8,33.8,33.5,33.2,32.4,34.0,33.3,34.3,33.2,34.3,33.6,34.2,33.6,33.8,32.8,33.8,33.0,32.8,32.8,33.5,33.9,32.2,33.6,33.2,32.9,32.2,33.2,32.9,33.9,32.6,33.2,33.7,33.0,32.6,33.4,32.6,33.4,33.6,33.5,33.6,33.6,33.9,33.6,33.0,34.0,32.9,34.0,33.2,33.9,32.5,33.8,33.3,33.2,32.8,32.7,34.1,33.8,33.3,32.3,32.5,33.1,32.8,32.6,33.4,32.7,33.1,32.3,33.9,33.5,34.2,32.5,34.4,33.5,33.9,34.2,33.3,33.3,32.8,34.9,34.7,33.3,33.2,33.3,33.5,33.3,32.9,33.0,33.4,33.0,31.9,33.1,33.1,33.8,32.5,33.2,32.7,33.5,32.9,33.7,33.8,33.4,33.0,33.6,32.8,33.3,33.4,33.7,33.3,33.5,32.9,33.9,35.1,33.9,32.7,33.6,33.4,33.4,33.8,32.9,33.5,33.3,32.9,33.5,32.6,32.3,33.0,33.2,33.5,33.7,33.5,34.8,35.3,34.4,32.9,33.2,34.4,34.3,33.7,34.5,33.5,33.0,33.6,33.2,33.7,34.1,33.4,35.3,33.9,33.8,33.0,32.9,32.9,32.9,33.0,34.9,33.5,32.9,32.9,33.9,33.2,33.6,32.3,34.1,34.5,33.0,32.7,33.5,33.7,34.7,33.5,33.7,34.1,33.9,33.2,34.1,33.5,33.8,33.3,33.6,33.6,33.2,33.6,32.3,34.1,33.1,33.6,32.1,34.2,32.7,33.6,32.5,33.1,32.3,33.4,32.5,34.5,32.7,33.4,32.9,33.7,33.3,34.2,34.7,34.3,34.0,32.2,32.6,32.5,30.9,33.7,33.3,32.7,32.8,33.3,33.2,32.5,33.3,33.2,34.0,32.9,33.2,33.4,33.0,33.2,33.0,nan,33.6,33.0,33.1,32.7,33.9,33.5,33.9,34.1,34.2,32.9,33.6,31.8,33.1,33.3,33.1,33.4,33.8,34.8,33.3,33.2,32.9,33.9,32.4,33.6,33.0,33.9,33.4,33.1,33.1,33.3,32.5,32.8,32.2,33.0,33.4,32.9,33.3,33.7,33.0,33.4,33.6,33.8,33.2,34.1,32.8,34.1,33.3,34.3,33.2,33.7,32.8,32.7,34.0,33.1,32.3,33.2,33.6,32.8,33.7,32.9,33.4,33.5,33.2,32.7,33.3,32.4,33.1,33.2,33.8,32.5,33.1,33.3,33.7,34.3,32.8,32.6,32.9,33.1,33.9,33.2,34.7,34.2,33.5,34.0,32.9,34.1,32.5,32.8,33.0,34.1,32.7,32.9,33.1,34.5,33.5,34.5,32.9,33.5,33.7,32.8,34.1,33.7,34.3,32.8,33.1,34.0,34.0,33.9,33.5,33.7,34.3,33.6,33.5,34.4,34.1,33.8,33.7,32.2,33.8,32.6,33.9,33.9,32.1,33.7,33.8,32.8,33.8,33.6,34.3,33.1,33.8,32.1,34.1,33.3,34.3,33.4,35.1,33.7,32.6,34.2,34.1,33.5,33.1,33.3,35.3,33.7,33.7,33.9,32.3,33.6,33.0,34.3,32.5,32.9,33.0,33.6,33.2,33.8,33.4,32.7,33.6,33.8,33.1,32.4,33.2,34.3,32.9,33.6,33.4,34.3,34.3,34.3,34.0,33.5,33.6,32.9,33.5,34.0,33.8,33.4,33.9,33.5,34.3,32.8,32.5,32.6,32.9,33.0,33.4,33.8,34.0,33.3,33.5,33.6,33.6,32.6,33.6,33.7,33.9,32.9,33.4,32.7,34.1,33.0,34.6,33.7,33.4,33.6,34.9,33.3
1785306099.9592183,1797,34.1,33.4,33.4,32.8,33.3,32.0,33.8,33.5,32.3,32.8,32.8,32.9,32.4,32.6,32.6,33.3,33.2,33.0,32.6,33.0,34.1,32.6,32.4,33.2,33.2,32.8,32.4,32.9,33.4,33.0,33.5,34.6,32.8,33.3,33.0,33.7,33.2,33.4,32.6,33.2,33.3,32.7,33.3,32.9,33.1,32.9,31.7,32.5,32.5,32.6,33.2,32.2,33.6,32.1,33.1,33.2,32.9,34.5,33.1,32.8,32.9,32.2,34.0,34.0,33.7,33.2,32.3,34.2,33.0,32.9,32.3,33.8,33.1,33.3,32.8,32.9,33.1,33.1,32.4,32.9,32.2,32.8,33.1,33.1,33.5,33.0,32.6,32.7,33.3,33.6,32.4,32.9,32.9,33.2,32.2,33.4,33.8,33.5,32.4,33.2,32.7,32.8,34.5,32.5,33.0,32.1,32.5,32.4,32.6,32.8,33.1,33.2,32.9,33.7,32.7,33.7,35.3,34.1,32.9,33.1,33.1,33.3,33.4,33.3,32.8,32.4,33.0,33.2,34.3,34.4,32.9,33.2,33.3,32.4,33.6,33.1,33.0,33.9,32.7,33.5,33.5,33.1,33.0,32.4,33.2,33.3,32.5,33.9,34.7,34.4,32.7,33.0,33.5,33.1,33.3,32.6,33.7,32.7,32.8,34.5,33.4,33.2,33.0,32.9,32.5,32.1,32.6,32.6,33.2,32.8,32.6,33.0,33.4,33.1,32.1,32.8,33.1,32.5,32.6,33.5,34.5,34.1,33.1,33.4,33.5,32.8,33.0,32.9,33.4,32.6,32.9,33.1,34.3,32.2,33.3,32.3,33.3,33.0,33.9,33.6,33.5,32.9,32.0,33.5,33.4,33.1,32.8,32.5,33.0,32.4,33.2,33.8,34.6,34.1,32.2,33.9,32.6,33.4,32.7,33.5,32.8,34.2,33.8,33.7,33.1,32.8,32.1,33.1,32.8,32.1,33.3,33.2,33.4,33.6,33.0,33.8,33.0,32.5,33.5,32.6,32.6,32.6,33.7,34.4,34.2,34.5,33.6,33.5,32.7,32.8,33.1,32.5,33.2,32.9,33.3,34.0,32.4,32.4,31.7,33.4,33.2,33.5,32.8,33.3,33.1,31.8,33.1,33.5,33.0,33.7,32.5,33.8,33.5,33.5,34.1,34.0,33.6,33.6,32.9,32.9,32.9,33.3,33.1,33.9,32.5,32.9,32.6,33.5,33.0,32.5,33.1,33.3,33.3,32.5,33.0,32.7,33.5,32.4,32.9,33.6,34.3,32.7,32.5,33.1,33.2,33.5,34.1,34.2,33.1,33.9,34.1,33.9,33.8,33.1,33.2,33.3,32.9,33.3,33.3,32.6,33.5,33.3,32.9,32.6,32.8,33.1,32.6,32.5,32.6,32.4,33.0,33.5,34.0,32.6,32.8,33.5,34.1,33.7,33.5,33.5,34.0,33.8,34.6,34.3,34.9,34.7,33.3,33.3,33.5,33.0,31.1,34.2,33.9,33.2,33.2,32.0,33.3,32.8,33.0,32.6,32.9,32.8,32.7,33.2,33.7,32.4,32.4,31.8,33.3,33.7,33.5,33.9,32.8,34.5,33.5,34.3,33.0,34.5,33.1,32.8,33.2,32.5,31.8,32.9,32.3,33.4,33.1,33.7,33.6,32.9,31.7,32.8,33.1,33.1,32.2,33.3,32.9,32.7,32.9,33.7,34.3,33.5,33.0,34.3,33.7,34.2,33.6,33.6,33.1,33.2,33.9,34.8,33.9,32.6,34.1,33.3,33.5,32.8,32.6,32.8,32.4,32.4,33.4,32.6,33.3,33.0,32.7,32.9,32.8,33.5,32.8,33.8,34.7,33.5,32.8,33.9,33.4,33.1,33.4,33.7,33.6,32.7,33.2,34.9,33.0,32.7,33.2,33.1,32.5,32.8,32.9,33.3,33.7,32.6,33.8,33.2,32.6,33.1,33.1,32.5,33.7,32.9,34.3,35.4,33.9,33.5,33.3,34.0,33.5,34.2,34.5,33.8,33.3,32.4,33.0,34.4,34.1,34.1,33.7,34.3,32.9,33.8,33.4,33.1,32.9,33.0,33.5,32.6,33.2,32.8,33.9,32.7,33.4,32.3,35.0,35.2,33.6,32.8,33.3,33.5,32.7,33.5,34.7,33.6,34.0,32.5,33.9,33.3,33.4,32.9,34.0,33.6,33.4,32.9,32.9,33.7,33.5,33.1,32.8,33.9,33.2,33.1,32.3,32.6,33.6,33.0,33.3,33.2,33.2,33.2,32.8,34.0,34.3,33.8,33.6,33.8,33.3,33.4,34.2,33.1,33.9,33.5,32.5,34.3,33.4,33.7,33.0,31.9,33.2,32.8,33.2,32.3,33.5,32.7,31.8,33.5,33.0,nan,33.2,33.4,33.4,32.3,33.4,32.6,33.4,33.4,34.2,33.1,33.9,33.3,33.3,33.5,33.6,33.0,33.8,34.2,34.3,34.2,33.3,33.7,33.3,32.5,33.1,33.7,32.7,33.2,33.3,33.1,33.8,32.3,33.0,33.2,32.8,32.8,33.0,34.2,34.3,33.5,33.6,33.8,33.4,33.2,32.9,34.5,32.9,33.1,33.6,33.9,32.7,33.1,32.8,33.1,34.6,32.6,33.4,33.3,33.9,32.3,33.7,33.5,33.6,33.0,32.8,33.2,32.8,33.1,33.4,34.5,33.4,32.4,33.0,33.4,33.2,32.4,33.6,33.6,33.9,33.5,34.1,33.9,34.6,34.0,32.6,34.1,33.3,33.2,32.4,33.9,33.4,33.9,33.3,33.2,32.8,33.7,33.9,34.0,32.8,33.5,33.7,33.3,33.9,32.6,34.3,33.9,34.5,33.4,32.9,33.9,32.8,34.4,33.2,33.8,33.4,32.9,32.8,32.4,34.0,32.6,33.1,32.2,33.7,33.5,34.6,33.0,32.6,32.9,33.4,32.8,32.7,32.4,33.5,33.1,33.7,33.4,35.1,33.2,33.1,33.4,33.3,32.7,33.9,33.1,34.2,34.3,33.9,33.7,33.6,34.3,33.4,32.5,32.5,33.2,33.0,33.0,33.2,32.5,33.0,32.3,33.6,34.0,32.7,33.3,32.5,34.7,34.1,32.9,32.8,35.0,34.1,32.9,34.6,32.9,32.9,33.1,34.3,34.4,33.0,33.3,33.7,33.9,33.4,33.6,33.3,34.1,33.6,33.5,33.8,32.5,33.1,32.9,34.0,32.4,33.4,33.8,32.5,33.3,34.8,32.9,34.1,34.3,33.7,33.7,34.2,33.9,33.3,34.2,32.9,34.8
1785306101.832115,1798,31.9,32.6,33.4,32.4,34.0,32.0,32.8,32.9,32.9,32.4,31.7,32.9,32.6,31.5,32.4,33.0,31.9,32.6,31.8,33.6,33.9,32.3,32.1,33.5,33.4,32.8,33.3,32.7,31.6,32.8,35.3,33.7,31.8,32.5,31.8,33.0,31.7,31.9,32.2,33.0,31.9,32.3,32.9,32.6,30.5,32.9,32.1,32.9,31.5,32.6,32.3,32.8,32.3,32.2,33.0,33.2,31.5,33.2,32.9,33.9,32.2,32.2,33.5,33.3,32.2,32.9,33.3,32.9,32.4,33.1,33.6,32.8,32.5,32.8,33.2,32.9,32.4,32.9,32.6,32.8,32.9,32.8,32.9,32.6,34.3,32.8,33.0,32.2,32.6,32.0,33.2,33.3,33.5,32.8,33.4,34.1,31.4,32.5,32.5,33.4,31.5,32.6,33.1,32.9,33.0,32.5,33.4,32.4,32.1,33.0,32.6,33.0,32.1,32.9,32.5,34.3,34.1,33.6,33.3,33.7,33.1,32.7,34.1,33.5,32.8,33.1,32.6,33.7,32.6,32.4,31.4,33.9,32.5,32.4,33.1,32.9,33.2,33.4,33.0,32.6,32.3,32.2,32.3,32.9,32.4,31.8,33.0,34.1,34.6,34.3,32.7,33.4,33.0,32.6,33.7,32.9,32.1,32.7,32.2,33.7,32.0,33.9,32.8,32.9,31.7,32.7,32.6,32.3,32.1,32.3,32.5,33.4,31.9,32.1,33.3,32.3,32.8,33.0,32.4,33.1,34.5,34.4,33.3,33.4,32.7,34.1,32.6,33.5,32.0,33.8,34.5,34.0,33.4,31.1,32.5,33.8,32.0,32.4,33.0,33.1,32.9,32.4,32.8,32.5,32.1,31.9,32.5,33.0,32.2,32.5,33.9,33.8,34.8,34.0,33.6,33.9,32.7,32.0,33.4,33.3,32.0,33.0,33.0,33.8,31.7,31.8,32.4,32.1,32.5,32.7,32.6,33.9,32.9,32.9,32.0,33.3,31.9,32.7,33.2,32.6,32.0,32.7,33.4,34.8,32.7,33.8,33.3,34.5,31.9,32.3,33.5,33.4,34.0,32.7,33.5,33.0,32.6,32.5,32.7,33.2,33.3,31.7,32.8,33.9,32.9,32.3,33.1,33.4,32.7,32.4,32.7,32.8,32.5,32.6,34.3,34.6,34.9,32.9,34.0,33.5,32.9,32.4,32.9,33.2,33.3,32.4,33.3,32.3,32.4,32.6,32.5,33.7,32.4,32.7,33.0,32.9,33.0,32.8,32.6,33.2,33.1,31.9,33.0,33.4,32.1,33.1,33.8,34.4,33.1,33.6,33.8,33.6,33.5,33.7,33.2,33.3,32.6,32.6,33.7,34.5,32.0,32.3,32.5,33.4,32.6,33.1,33.4,33.4,32.9,32.1,32.7,32.7,33.3,32.4,33.0,33.1,33.2,34.2,33.8,34.2,33.7,34.0,34.1,34.0,33.4,34.2,33.3,33.5,32.8,32.6,33.1,33.3,32.8,32.4,32.8,33.2,31.5,32.8,32.2,33.3,32.9,32.5,32.8,33.4,33.1,32.9,33.0,32.3,33.4,33.1,34.2,33.7,32.9,33.6,34.1,34.5,32.8,33.9,33.6,33.2,32.3,33.0,33.0,33.7,32.8,33.4,32.9,33.5,33.3,32.2,32.5,33.0,32.8,32.3,32.6,32.8,33.2,32.3,33.0,33.9,33.7,33.5,34.1,33.4,34.3,33.7,33.8,34.0,33.6,33.0,33.7,34.1,33.3,33.6,32.9,33.5,33.1,32.6,33.6,33.4,32.6,32.4,32.7,32.6,32.7,33.0,32.8,33.4,32.3,32.7,32.5,34.0,33.1,34.1,33.3,34.6,32.3,33.4,33.7,34.4,32.3,32.7,34.7,34.0,33.0,34.0,32.2,33.8,33.8,33.6,33.3,32.7,32.6,32.2,33.1,32.8,31.6,32.8,32.5,33.3,33.3,33.0,34.0,35.3,33.4,33.0,32.5,33.2,33.8,33.5,34.0,33.8,33.5,32.9,33.0,33.9,33.5,32.5,34.1,34.9,33.4,33.6,33.2,33.1,31.3,32.3,33.1,34.0,32.4,32.2,32.9,33.1,32.8,32.7,34.1,34.1,32.7,32.7,33.3,33.7,32.1,34.1,34.7,34.3,33.0,33.2,33.1,33.5,33.2,33.4,34.2,33.6,32.8,32.5,33.9,33.9,32.7,32.9,33.2,33.7,32.9,31.5,32.5,33.1,33.0,31.7,32.8,33.2,32.7,32.9,33.2,34.3,33.5,33.2,33.1,33.5,34.0,32.4,33.5,32.9,33.9,32.9,33.3,33.5,33.4,33.1,32.6,32.9,32.5,32.9,33.3,33.4,32.8,33.4,34.2,33.1,32.5,nan,32.6,33.0,32.6,32.5,33.1,34.3,32.4,33.1,34.2,34.3,32.7,32.1,33.5,33.2,32.9,32.4,33.6,33.4,32.8,33.2,33.7,33.5,32.4,32.7,32.8,34.1,33.1,31.7,33.4,33.8,33.0,33.2,32.9,33.8,31.9,32.5,33.0,33.4,33.3,33.0,33.4,34.1,33.1,33.2,34.3,34.1,33.6,32.9,34.6,34.3,32.3,32.7,33.6,33.9,32.1,33.0,33.8,33.9,32.2,33.4,32.6,33.7,32.2,33.1,32.6,32.8,32.5,32.0,33.1,33.3,32.9,33.1,32.7,34.6,33.0,33.1,32.9,33.3,32.0,32.2,33.9,33.7,35.5,33.3,33.5,35.1,33.3,32.4,32.0,33.5,31.8,32.3,33.3,33.6,32.9,33.0,33.1,33.3,32.3,32.8,32.7,34.2,33.3,33.7,33.4,33.2,32.3,33.4,32.9,33.4,33.3,33.2,32.6,34.2,32.7,34.2,34.3,34.5,33.2,33.2,32.2,33.9,31.7,33.4,32.9,33.2,33.1,33.1,32.2,33.3,33.1,32.6,33.0,34.0,32.9,33.4,30.8,34.1,32.4,32.4,33.0,33.8,33.7,32.9,32.7,35.0,33.9,33.0,33.9,34.3,32.8,31.5,33.9,33.1,33.0,32.3,33.0,32.9,32.5,32.5,32.5,33.6,32.9,32.4,33.4,33.1,32.9,32.9,33.2,33.9,33.3,33.2,33.8,34.1,32.9,34.0,33.9,34.4,33.8,34.5,33.1,33.1,32.4,33.6,33.3,33.7,32.2,33.6,33.3,32.7,32.9,33.6,33.1,33.3,31.9,32.4,33.4,33.9,33.2,33.1,33.4,33.8,32.8,33.7,33.8,33.5,33.2,34.9,34.1,34.6
1785306103.9682846,1799,32.5,34.5,33.1,35.1,32.4,33.8,32.6,34.0,32.4,33.4,32.5,33.9,33.0,33.2,33.0,32.8,33.2,32.9,32.8,32.7,33.7,32.9,32.7,32.9,32.8,32.5,33.5,32.9,34.6,33.3,32.8,33.9,34.2,33.3,34.0,33.3,34.4,33.4,32.2,33.4,32.1,32.2,32.4,32.8,33.3,32.6,33.0,31.6,31.9,32.6,33.8,33.0,33.1,33.3,33.6,33.0,32.8,32.4,33.8,33.3,33.6,32.5,33.1,33.3,33.2,34.7,33.1,34.5,31.6,33.9,32.6,33.4,32.3,33.5,33.4,33.3,32.4,33.3,32.6,33.5,32.3,33.0,33.1,33.2,33.5,33.7,33.0,32.8,32.8,32.8,33.0,33.9,33.1,33.7,34.1,34.6,33.4,32.1,32.7,33.7,32.3,32.6,33.3,33.9,34.0,33.1,33.8,32.6,32.7,32.3,33.2,32.7,33.1,33.4,32.7,34.1,34.8,33.8,32.9,32.5,33.5,32.9,33.5,33.8,33.5,32.9,33.3,33.5,32.2,32.6,33.0,33.7,33.4,33.8,33.5,33.7,32.2,32.9,32.7,33.9,32.9,33.4,32.3,32.2,32.6,32.8,33.2,33.1,35.1,34.9,33.1,33.4,33.0,33.5,32.7,32.9,33.3,33.7,33.7,33.0,33.0,32.3,33.5,33.2,33.5,33.3,33.9,31.7,33.6,32.3,33.2,32.0,33.1,32.5,33.3,33.0,33.0,33.3,32.8,34.2,34.3,33.0,33.5,33.1,34.1,33.0,33.4,33.7,33.2,32.8,33.0,32.9,32.7,33.8,33.1,34.8,32.6,32.2,32.7,33.8,32.1,33.0,32.7,34.1,32.8,33.1,33.0,33.5,32.1,32.6,33.3,34.0,34.0,34.8,33.9,34.5,33.5,33.4,33.8,33.9,32.8,33.8,33.8,34.0,33.6,32.4,33.2,33.7,33.6,33.2,33.5,33.0,33.1,32.6,32.7,33.5,32.9,32.4,33.5,32.9,33.3,32.6,33.7,33.6,34.4,33.8,34.1,34.7,32.3,32.5,33.3,32.9,33.8,33.3,34.1,33.6,32.4,33.1,33.6,34.6,33.2,33.4,33.0,33.3,32.6,33.4,32.9,34.2,32.9,32.2,32.9,32.7,33.5,33.7,33.8,33.8,32.5,33.5,34.0,34.5,33.7,33.0,32.0,33.7,33.6,33.5,32.1,34.0,32.6,32.6,33.7,32.8,33.1,32.7,33.4,33.1,34.4,32.5,32.5,33.5,33.1,32.4,33.4,33.1,32.3,33.6,33.5,34.2,34.4,34.4,33.2,33.4,34.2,33.5,33.8,34.6,33.0,33.9,33.2,33.9,33.3,33.2,33.7,33.8,32.1,33.6,32.6,33.7,33.0,33.4,32.7,33.5,33.3,33.1,33.5,33.4,33.5,33.2,34.6,33.6,33.5,34.5,34.3,34.8,33.9,34.0,32.3,33.3,33.2,33.2,32.8,33.7,33.3,33.0,33.4,33.6,33.3,32.6,33.2,32.8,32.9,34.0,33.2,33.1,33.3,32.3,33.1,32.2,34.1,34.1,33.7,33.3,33.8,34.6,34.3,34.5,33.0,33.7,33.5,33.7,33.1,33.3,33.4,33.7,33.2,33.4,33.7,34.1,33.0,32.4,33.2,33.2,33.0,33.3,32.4,33.8,32.4,33.2,32.9,33.6,32.9,34.0,33.2,34.5,33.9,34.5,33.7,33.2,34.0,32.8,34.8,34.7,32.8,34.1,33.8,33.1,33.9,33.5,34.0,33.6,33.7,33.5,33.8,33.5,32.7,32.4,33.0,32.6,32.8,32.7,33.6,33.8,33.9,33.3,33.6,33.6,33.0,34.1,33.6,33.4,32.7,32.7,34.5,33.9,33.8,33.4,33.4,33.4,32.6,34.8,31.9,33.9,33.0,32.6,33.7,33.5,32.8,33.5,33.2,33.0,33.4,33.2,34.6,35.6,34.4,33.9,32.8,33.6,34.1,33.9,34.0,34.7,32.8,33.8,34.1,33.4,34.5,33.2,34.3,33.9,33.0,32.4,33.7,32.5,34.0,32.7,33.0,33.1,32.9,32.5,33.2,32.8,33.3,33.5,33.6,34.9,34.3,33.3,34.0,34.3,33.4,33.7,34.4,34.0,32.7,33.9,33.4,33.3,34.0,34.4,33.8,33.3,32.2,33.4,33.3,34.7,33.5,33.1,32.5,33.7,33.6,34.3,33.7,33.5,33.7,33.4,33.2,33.6,33.5,33.2,33.2,34.0,34.2,33.5,33.3,34.3,34.3,33.8,33.2,33.1,34.3,33.3,33.2,33.7,33.4,32.0,33.4,33.9,33.5,32.7,34.3,33.3,33.4,33.6,32.9,33.4,32.9,nan,32.6,32.8,33.8,32.7,34.1,33.2,33.6,33.3,34.2,33.8,33.4,33.5,32.6,33.7,33.5,34.0,33.6,33.6,33.3,33.6,32.9,34.0,32.8,33.1,34.1,33.7,32.4,33.3,33.8,33.1,32.9,32.9,32.6,33.7,32.9,33.5,32.7,33.7,33.0,33.4,32.7,33.8,33.6,34.0,33.5,34.9,33.1,33.5,33.8,34.5,33.2,33.6,33.0,33.5,34.4,33.1,34.2,33.7,33.2,32.5,33.6,32.9,33.0,33.0,33.4,33.1,33.2,32.0,33.6,33.7,34.3,34.0,34.3,34.5,33.4,33.1,34.2,33.3,32.8,33.0,33.9,33.6,33.3,33.8,32.5,33.9,32.7,33.4,32.6,33.7,32.2,33.2,32.9,34.0,33.8,33.9,32.8,33.7,32.2,33.8,32.7,34.5,33.8,34.4,33.8,33.8,33.4,33.4,32.9,34.0,33.1,33.4,34.6,33.8,34.3,33.4,34.6,33.1,33.3,33.0,33.7,33.4,33.4,33.2,33.3,33.2,34.3,33.6,33.8,33.3,33.8,32.5,33.1,33.8,33.6,32.7,34.8,34.3,33.5,33.1,33.6,33.9,33.3,33.3,34.0,34.6,32.7,34.4,34.3,33.2,32.8,33.3,32.7,34.2,32.7,34.5,32.9,33.4,31.8,33.4,33.1,33.1,32.5,33.3,33.2,34.9,34.5,33.7,33.2,34.7,33.6,33.6,34.6,33.3,34.0,34.0,34.4,34.4,34.5,33.6,35.1,33.1,34.3,33.2,33.4,33.8,33.8,33.0,33.5,33.5,33.7,32.8,34.4,33.8,33.5,31.6,33.6,34.2,34.5,32.7,34.9,33.8,33.8,33.2,34.4,33.9,33.6,33.6,35.0,34.0
1785306106.1123397,1800,32.5,33.1,33.7,33.8,32.7,32.5,31.9,32.9,32.4,33.2,32.3,32.5,32.1,32.8,33.2,33.5,31.7,33.4,32.4,33.0,33.4,32.7,32.1,33.5,32.6,33.0,33.1,32.5,33.2,31.6,33.8,33.1,32.6,31.2,33.0,32.1,33.2,30.8,32.4,33.2,32.9,31.6,33.5,32.8,32.5,32.6,33.6,33.7,32.0,32.2,32.8,32.8,32.3,31.8,32.8,33.4,33.1,34.2,33.8,33.5,33.1,32.7,33.0,32.6,32.7,33.4,32.4,33.8,32.9,33.1,33.6,33.6,32.1,33.0,32.5,33.1,31.8,33.1,32.6,32.8,32.3,33.3,32.1,32.3,32.3,33.4,32.7,32.5,33.0,33.4,33.2,33.5,33.4,32.8,32.9,34.1,32.9,32.5,33.1,33.0,33.3,32.6,32.7,32.9,33.9,31.6,33.1,31.9,32.5,32.3,32.5,32.5,32.7,32.9,32.0,33.3,33.9,32.7,32.7,31.9,32.9,32.6,33.7,33.4,33.2,33.5,33.5,32.6,32.9,32.1,33.2,33.7,32.6,33.0,33.1,32.7,32.5,32.4,32.7,32.8,32.5,32.9,32.3,32.6,32.6,33.4,33.5,33.6,34.6,34.8,32.2,33.0,32.6,33.3,32.9,33.0,31.9,33.7,33.7,33.4,33.9,31.6,32.6,32.3,33.5,32.0,32.8,32.1,32.9,33.2,32.8,32.6,32.4,32.0,32.6,32.4,33.2,33.2,32.6,33.3,35.1,33.8,33.5,33.4,33.0,32.8,33.6,32.9,33.8,33.0,33.2,33.6,32.3,32.7,33.3,33.2,31.0,32.8,31.8,32.3,31.9,32.3,33.2,32.9,32.3,33.9,32.3,33.5,32.3,32.6,33.1,33.7,34.0,34.5,32.7,33.6,32.2,32.5,33.6,32.6,33.2,33.0,32.8,33.5,32.4,32.2,33.2,32.9,33.4,32.5,33.3,32.3,33.1,32.7,33.1,33.3,32.4,31.9,33.2,33.4,32.5,32.9,33.0,33.8,34.0,34.0,34.5,33.8,32.8,33.5,33.1,33.1,34.0,32.9,32.7,33.0,32.7,32.2,32.8,33.4,32.4,33.2,32.8,34.0,33.1,32.9,33.4,32.9,32.7,34.3,32.6,33.2,32.9,33.8,33.0,33.8,33.7,34.1,34.0,34.5,32.6,33.5,33.3,33.9,32.7,33.1,33.5,33.5,33.4,31.9,32.5,31.6,32.9,32.6,32.9,32.5,32.7,33.2,33.1,32.7,33.1,32.0,33.5,33.3,33.1,32.0,34.3,33.3,34.4,33.3,34.0,34.1,33.3,33.4,33.6,33.0,32.4,32.4,32.9,33.3,31.8,33.6,33.3,34.2,31.5,33.6,31.9,32.7,32.8,33.1,32.1,33.0,31.4,33.1,33.2,32.4,32.6,34.5,33.3,34.5,32.8,34.3,33.5,34.0,33.4,34.2,33.0,33.8,32.8,33.0,34.2,32.6,32.8,31.8,33.6,33.4,33.1,33.0,33.9,32.1,33.2,32.2,33.3,32.9,32.5,32.8,32.7,32.5,33.0,32.8,33.7,33.5,34.1,33.5,33.8,33.9,33.5,34.2,33.8,32.8,33.4,31.8,32.4,33.8,32.4,34.2,32.1,34.3,32.2,33.4,32.0,33.9,32.8,32.8,32.6,33.4,33.5,32.3,33.2,32.9,32.6,34.2,34.1,33.6,33.2,34.8,34.2,33.2,33.6,33.3,34.1,33.1,33.5,33.4,33.6,33.7,34.5,32.3,33.4,32.7,32.8,33.0,33.3,33.8,32.0,31.7,33.3,31.9,33.3,32.7,32.2,33.2,33.0,33.5,32.9,34.1,33.6,33.6,34.2,33.4,32.3,32.4,35.2,33.5,33.2,33.6,33.0,33.2,33.2,34.2,32.9,33.3,32.5,34.0,33.5,33.3,32.6,33.3,32.5,32.8,32.4,33.8,33.1,34.2,34.4,33.9,33.2,34.7,34.2,33.9,34.3,33.5,32.6,33.3,33.4,34.6,34.6,34.5,33.6,33.9,34.0,33.8,33.0,33.1,32.8,32.2,32.9,33.0,33.4,32.4,33.7,33.3,34.1,33.2,33.7,34.2,33.6,32.4,33.2,34.7,32.8,33.2,34.9,33.6,34.0,33.0,33.4,34.1,34.1,34.0,33.6,34.7,32.4,31.9,33.1,33.3,32.2,34.2,32.7,33.4,33.4,32.6,32.2,33.5,32.7,32.9,33.7,34.2,32.6,33.1,33.0,34.5,33.7,33.5,34.0,34.1,33.1,33.8,33.5,33.1,33.2,34.6,34.0,33.5,32.8,31.8,33.6,33.1,33.6,32.7,32.9,32.8,33.4,32.6,33.0,33.3,32.5,nan,32.6,34.1,33.5,32.4,32.9,34.6,33.1,33.8,33.5,33.8,33.9,33.0,33.5,32.3,33.8,32.3,33.8,33.6,33.3,33.6,34.0,33.1,32.6,33.4,33.7,34.2,32.6,32.7,32.8,34.1,33.1,33.0,33.7,33.5,33.0,32.4,33.5,34.4,33.0,33.9,34.6,34.1,32.9,33.9,33.5,33.2,34.2,33.9,33.8,34.5,33.9,33.4,33.2,33.6,32.7,32.3,33.2,33.2,33.0,32.7,33.2,31.8,33.2,32.2,32.8,33.4,34.0,33.5,33.5,33.7,33.3,32.6,33.2,34.5,33.5,33.3,33.4,34.1,33.2,33.0,33.3,32.5,33.3,33.8,33.7,33.7,33.9,32.6,32.8,33.7,32.6,33.4,33.6,34.0,32.5,33.7,33.6,32.6,33.4,33.1,33.6,33.3,32.6,33.8,33.1,33.8,33.4,33.8,33.7,33.9,33.9,32.8,32.8,34.2,33.6,32.9,33.5,33.3,32.7,33.2,33.9,33.0,33.3,33.4,33.4,33.0,33.6,32.9,33.4,33.7,32.9,32.8,33.4,34.0,33.4,33.6,33.3,32.2,32.9,32.2,34.3,34.4,32.9,32.5,33.3,34.1,31.8,33.7,34.1,34.7,33.0,34.3,31.5,33.3,33.0,33.9,32.7,33.6,33.4,32.4,33.6,33.5,32.2,33.1,32.5,33.1,33.8,32.9,33.0,32.8,33.4,33.7,34.2,33.5,32.8,33.3,33.5,34.9,33.3,32.5,34.4,33.5,34.2,32.4,32.3,33.8,33.2,32.1,32.9,33.5,33.3,32.6,33.1,33.5,33.1,32.8,32.7,33.2,34.3,32.9,33.7,33.2,33.4,33.5,34.0,33.1,32.7,33.0,34.5,34.7
1785306108.2652314,1801,32.8,31.8,33.2,32.6,33.7,32.3,33.1,32.5,33.1,33.0,33.0,32.7,32.2,33.6,33.1,33.0,32.0,32.7,33.2,32.5,32.3,32.3,31.4,33.5,32.3,32.9,33.0,32.5,33.5,32.3,34.4,33.1,33.4,32.1,31.8,33.4,33.0,32.4,32.9,33.3,32.3,32.3,32.4,33.1,32.2,33.0,33.0,32.8,33.8,32.5,32.7,32.3,33.1,33.0,32.6,33.3,32.5,33.3,32.3,33.4,33.6,31.0,32.0,32.2,33.1,32.9,34.1,33.1,32.5,32.3,33.1,31.8,33.0,32.4,32.9,33.2,32.7,31.9,32.7,32.8,32.7,33.2,32.7,31.7,32.9,32.1,33.5,33.1,31.9,33.2,33.3,33.1,33.2,33.7,32.8,32.5,32.6,33.4,32.2,31.7,32.7,32.9,32.1,32.2,33.2,33.7,31.1,32.7,32.3,32.8,31.4,32.3,32.4,32.0,32.2,33.0,32.4,32.3,32.8,32.7,32.9,32.5,32.9,33.3,33.9,33.4,33.7,33.4,33.9,32.6,33.5,33.9,33.1,31.8,32.4,32.7,32.3,33.3,32.3,32.1,33.0,33.3,32.9,30.9,32.9,33.3,32.3,32.3,33.7,33.1,32.9,33.0,33.1,33.0,33.0,32.3,32.6,32.9,33.8,34.1,33.0,33.5,32.6,34.3,33.5,32.9,33.2,33.2,32.5,32.9,33.0,33.5,32.3,32.7,32.8,33.3,32.8,32.6,32.6,33.9,34.6,34.2,32.6,33.5,33.4,33.1,32.4,33.8,33.0,33.1,33.4,32.4,32.4,31.1,33.4,33.4,33.4,32.6,32.6,31.8,32.4,33.0,32.8,32.7,33.4,32.6,33.4,32.5,33.3,33.0,32.9,33.4,35.1,34.3,33.0,31.7,32.1,32.7,33.3,32.7,32.4,32.6,33.3,32.5,32.9,33.2,32.8,33.0,33.1,32.6,32.8,33.5,32.5,33.2,31.9,33.1,31.3,32.6,32.6,32.5,32.8,32.4,32.6,33.5,34.2,34.8,32.8,33.6,32.8,33.4,32.9,32.8,32.5,33.8,33.7,32.2,32.5,33.1,32.6,32.4,33.1,33.2,32.4,33.0,32.5,32.5,34.0,32.7,32.5,33.2,32.5,32.5,32.8,32.4,33.7,33.7,34.1,34.2,34.2,34.1,32.7,33.5,33.8,32.3,33.0,33.3,33.0,34.0,31.3,32.0,32.3,32.9,33.5,32.3,31.6,32.6,31.8,32.4,32.6,33.1,32.6,32.2,32.9,33.0,32.9,33.4,33.4,34.2,33.9,33.9,33.8,34.0,32.5,33.8,33.2,33.1,32.2,32.2,32.3,34.2,33.4,32.3,33.0,32.8,32.9,33.8,32.7,33.4,32.1,33.1,32.7,33.3,33.0,32.6,33.6,33.1,33.0,32.9,34.1,33.9,33.2,33.3,33.7,34.2,32.8,33.5,33.4,31.5,32.7,31.9,34.1,33.3,32.8,32.5,32.6,31.9,32.8,32.4,33.1,33.2,33.4,33.3,33.0,33.5,32.3,34.2,32.4,33.1,32.7,33.2,34.2,34.3,33.9,33.4,33.7,34.0,34.2,33.8,33.3,33.3,33.4,33.7,33.6,33.6,33.3,33.2,33.2,32.1,33.1,32.2,33.6,33.0,33.4,32.5,33.0,33.1,32.7,32.7,33.2,33.1,33.5,33.5,34.1,32.9,33.6,34.4,34.6,33.8,33.0,33.7,33.8,32.5,33.1,33.6,33.3,33.1,33.3,33.6,32.8,33.1,32.5,32.6,32.4,32.4,33.0,32.8,32.9,33.5,32.2,32.5,32.3,33.3,34.1,33.6,32.3,34.2,34.2,34.5,34.1,34.5,33.3,33.8,34.1,32.9,32.3,33.3,33.0,33.5,33.3,33.6,33.0,32.9,33.3,34.0,33.1,33.2,33.0,33.0,33.8,33.4,33.3,33.2,33.6,32.9,33.7,33.2,33.3,33.1,33.8,33.4,34.1,33.3,33.2,32.1,35.1,34.5,33.8,33.8,34.4,33.1,33.0,32.4,32.5,33.6,33.0,32.6,32.9,33.4,32.4,33.1,31.8,33.8,33.1,32.8,32.3,34.1,34.3,33.3,33.0,33.8,33.3,33.9,33.6,32.7,32.9,32.8,33.3,34.9,34.5,34.1,33.8,34.6,32.3,32.7,33.2,33.4,32.8,32.2,33.5,33.0,32.7,32.2,33.1,33.2,33.6,33.2,34.9,34.5,33.6,32.6,32.8,33.9,33.3,33.9,33.6,33.3,33.1,33.3,33.5,32.9,33.4,33.5,34.9,33.9,32.3,33.6,33.0,33.4,33.1,32.2,33.6,32.5,32.2,33.2,31.0,33.0,33.7,nan,32.9,34.7,31.7,33.9,33.4,33.9,33.8,34.4,33.9,34.2,32.7,33.5,33.5,33.6,32.1,33.5,32.6,34.9,33.1,32.3,33.2,32.5,33.0,33.4,33.1,33.7,32.8,34.3,32.9,32.6,32.5,33.5,33.5,33.5,32.5,33.2,34.1,33.5,33.6,34.0,33.0,33.8,33.5,32.2,34.0,33.2,32.6,33.7,33.7,33.5,33.2,32.8,33.0,34.4,32.0,32.2,33.2,33.3,33.2,31.8,32.7,33.0,33.2,32.9,32.4,32.9,32.8,32.0,33.1,33.6,32.5,34.2,33.4,34.2,33.4,33.6,33.1,33.4,32.4,33.5,33.5,33.0,33.6,33.8,33.8,33.7,32.4,33.4,33.1,33.0,33.7,33.4,32.5,33.4,33.6,32.8,34.1,32.8,33.5,32.5,33.4,33.7,33.4,33.3,34.1,33.6,32.6,34.1,34.2,32.6,35.0,33.2,33.6,33.6,33.6,33.9,31.8,32.8,33.3,33.3,32.6,34.0,33.4,33.3,31.5,33.6,34.0,32.9,33.3,33.1,32.6,32.9,33.4,34.3,34.3,33.2,33.2,34.2,32.2,33.2,33.4,33.4,33.7,33.2,32.9,35.1,33.5,33.9,33.5,34.3,33.5,32.9,33.8,32.9,32.2,32.8,33.3,32.9,32.5,32.5,32.8,33.5,32.8,33.8,33.0,33.8,33.4,32.4,34.8,33.9,33.5,33.4,33.1,34.1,32.6,33.8,34.9,34.2,33.1,33.9,34.2,33.0,33.9,33.1,32.0,33.1,33.1,32.6,32.7,32.9,32.9,32.2,33.8,32.3,32.9,33.6,33.1,34.0,33.4,33.2,32.8,34.3,33.6,32.7,32.4,33.8,33.2,33.5,33.2,33.4
1785306110.5114977,1802,32.6,33.2,33.2,33.2,32.5,33.0,32.7,32.8,33.5,32.9,32.8,33.0,31.8,32.7,32.7,32.3,32.6,32.6,33.2,33.5,32.1,32.8,32.4,32.6,32.1,32.8,33.4,32.6,33.5,33.8,32.6,33.8,33.5,32.1,32.9,33.6,31.6,32.4,33.6,32.7,32.6,33.0,32.5,33.1,32.7,32.5,32.2,32.5,33.0,32.5,32.4,32.9,33.5,31.9,32.1,33.1,32.6,32.7,32.4,31.8,33.9,32.6,33.4,34.4,32.5,32.8,32.9,32.8,32.3,33.4,32.9,33.1,32.0,32.5,32.2,32.4,32.3,32.1,33.0,33.0,33.0,32.4,33.0,32.9,32.5,32.8,32.4,32.7,32.9,33.5,32.5,34.6,33.2,32.7,32.3,32.6,33.2,32.1,32.6,33.1,32.4,32.1,32.4,32.4,32.9,32.4,32.6,32.9,32.6,32.3,33.1,33.3,32.7,32.5,33.1,32.8,32.1,31.6,32.9,33.3,32.3,33.4,33.0,34.1,32.7,33.0,32.2,34.0,32.2,32.9,32.8,32.5,32.9,32.9,33.0,33.2,33.2,32.3,32.8,33.3,32.6,33.2,31.7,32.3,32.2,32.9,32.4,33.2,33.3,33.4,32.7,33.5,33.4,32.9,33.0,33.6,32.4,34.2,33.4,33.1,33.1,33.1,33.8,33.5,32.6,33.0,32.7,33.3,32.3,32.2,31.7,33.7,32.7,32.6,32.4,31.9,32.5,32.9,33.1,34.3,34.3,34.1,33.6,33.0,33.1,32.7,33.1,32.8,33.9,32.9,33.7,33.5,32.4,32.1,33.6,33.1,33.0,32.9,33.2,33.4,32.9,32.7,32.4,33.5,32.4,33.0,33.2,32.7,32.7,33.5,33.2,34.1,35.0,34.1,33.3,33.4,32.2,33.3,33.3,33.6,33.5,33.7,34.3,33.7,32.5,33.2,32.5,32.6,31.8,31.8,31.8,33.3,32.1,32.0,32.5,33.9,32.7,32.6,32.8,32.8,32.6,32.7,32.3,33.5,34.8,33.5,32.7,32.6,32.4,33.3,32.9,33.2,33.4,33.0,32.1,34.1,32.7,31.9,33.1,32.7,32.5,32.7,32.5,32.4,33.0,32.5,33.2,32.2,32.8,32.2,32.6,32.3,32.3,32.8,32.3,33.3,33.7,33.6,33.9,34.2,32.8,33.2,33.7,33.1,32.8,32.3,33.4,33.0,32.7,32.4,31.6,34.1,33.0,32.3,31.9,32.8,32.5,32.9,33.2,32.9,32.7,32.2,32.5,32.7,32.5,32.7,33.6,34.8,34.0,34.0,35.2,33.5,33.8,33.4,32.6,33.2,32.9,32.5,32.4,34.0,32.3,32.2,32.8,33.5,32.4,32.3,33.0,33.1,33.2,33.4,32.8,33.6,32.6,33.2,32.8,32.9,33.0,33.8,34.2,33.7,34.0,33.3,34.2,33.9,33.0,32.9,32.9,33.2,32.9,32.7,33.5,33.2,34.0,32.1,32.5,34.3,32.5,32.7,32.5,33.0,32.7,32.2,33.6,33.7,33.2,32.9,33.3,33.1,32.8,33.1,33.2,34.2,34.3,34.0,33.4,33.8,33.1,34.0,32.7,33.1,33.3,31.7,32.9,32.8,32.2,33.7,33.4,33.2,32.9,33.0,33.1,32.9,33.4,32.6,32.7,33.2,32.7,33.0,33.3,32.8,34.0,33.6,34.6,34.3,33.5,34.1,34.8,34.1,33.9,33.6,34.2,34.6,33.3,33.5,33.8,33.8,33.0,32.1,32.9,33.1,32.9,33.3,33.4,33.2,33.5,32.6,32.8,33.8,33.4,32.5,33.2,33.1,33.5,34.5,33.5,34.2,34.0,34.8,35.0,33.5,33.3,33.2,33.7,33.6,33.1,33.3,33.3,33.9,32.2,33.1,33.8,34.2,34.2,33.2,32.9,33.3,32.7,31.9,33.6,33.9,32.6,33.5,33.8,32.4,33.2,33.2,33.6,33.7,34.1,33.3,34.4,33.6,32.9,33.4,34.2,34.4,33.1,32.8,33.6,33.2,32.6,33.1,33.6,33.4,33.2,32.9,33.2,33.7,32.7,33.0,33.7,34.0,33.2,33.1,32.7,33.3,35.0,33.7,34.4,34.7,32.9,32.9,34.3,34.6,33.8,33.1,34.4,35.2,35.0,33.0,33.3,33.4,33.1,33.5,34.2,33.7,32.3,33.7,32.9,33.6,32.3,32.9,32.7,33.1,32.4,33.3,34.1,34.3,33.6,33.0,33.1,33.1,33.1,33.5,33.7,34.1,33.1,33.6,33.3,33.2,33.3,33.1,33.4,33.6,33.3,32.3,32.7,33.2,33.6,33.3,33.0,33.0,32.1,32.1,34.3,33.2,33.6,nan,34.2,34.4,33.7,32.8,31.9,33.9,33.5,33.5,33.7,34.0,34.2,32.4,33.6,32.9,32.1,33.3,33.9,33.9,33.6,33.7,34.0,34.0,33.2,33.2,32.9,33.1,32.8,33.7,32.5,34.1,32.6,33.0,33.6,34.0,33.0,32.8,33.1,33.5,32.8,33.6,33.7,34.9,33.3,33.9,34.0,33.5,33.6,33.6,34.7,34.2,32.7,32.0,33.9,33.2,32.6,32.8,32.8,33.1,32.8,33.7,33.0,33.6,32.3,32.9,33.2,33.2,33.3,33.1,33.4,33.1,33.7,33.9,32.8,33.8,32.9,32.3,33.7,32.7,32.3,33.3,33.4,34.7,33.8,33.4,33.6,34.0,33.2,33.5,33.3,33.8,33.0,33.0,32.9,33.4,32.5,34.3,33.5,33.3,32.4,31.9,32.8,34.1,33.6,34.1,35.3,33.9,33.7,33.1,33.8,33.7,33.4,33.7,33.1,33.0,33.3,33.0,33.4,35.0,32.6,32.9,32.9,32.7,33.5,33.8,33.4,33.1,33.2,33.4,33.5,32.9,33.2,33.0,33.0,33.6,33.5,33.3,35.8,34.2,33.2,32.8,34.2,33.4,34.8,33.6,35.4,33.6,32.6,33.6,33.3,34.6,33.9,33.4,33.0,33.8,32.8,32.9,33.7,32.5,32.4,33.5,33.3,33.0,32.8,33.4,33.3,34.4,33.3,32.9,34.0,33.8,34.2,33.6,34.5,32.4,32.6,34.7,35.8,34.8,33.4,33.7,34.1,33.8,34.6,32.5,32.3,33.8,33.4,33.5,32.7,33.9,33.6,32.9,33.0,33.9,33.4,33.2,32.8,33.6,34.6,33.2,33.1,34.2,33.3,33.4,34.3,32.4,32.4,33.1,34.6,34.3
1785306112.5071118,1803,33.4,31.9,32.5,33.3,33.0,32.8,32.0,33.7,33.1,33.0,32.0,33.2,32.5,32.2,31.9,33.3,33.8,33.2,32.3,32.8,33.9,33.2,33.4,32.8,32.5,33.6,33.0,33.3,33.6,33.9,32.6,34.1,34.3,33.1,33.4,31.2,32.3,32.2,33.2,33.7,33.4,32.7,32.9,32.1,32.5,32.5,33.2,32.7,32.2,32.3,34.3,31.6,33.0,32.8,33.1,31.9,32.7,33.3,34.1,33.0,33.7,32.8,34.4,32.7,33.3,34.3,32.5,33.7,33.6,33.2,31.9,32.8,33.2,33.1,32.4,33.2,32.8,32.9,32.5,33.1,33.2,33.1,32.5,33.3,31.5,32.3,32.6,33.1,32.7,34.1,32.3,33.4,34.1,32.5,32.6,34.3,33.0,33.1,34.7,33.3,33.1,31.7,33.6,32.8,33.7,32.6,32.7,33.2,32.4,32.6,32.1,32.5,31.9,32.5,33.9,32.9,33.0,32.3,33.8,31.8,33.6,32.9,33.4,32.1,33.4,33.8,35.0,33.1,33.2,33.7,32.6,33.2,32.9,32.2,32.4,33.1,33.0,32.9,32.1,34.2,32.6,34.2,32.3,32.9,33.9,33.4,32.4,33.4,33.5,32.9,32.7,33.2,32.9,34.4,32.7,33.8,34.0,33.2,33.4,34.0,32.4,32.2,33.8,32.2,33.2,32.7,33.7,32.4,32.8,32.4,33.5,31.6,32.9,33.1,33.2,32.6,32.2,33.3,33.3,33.3,34.5,34.1,33.7,33.0,32.6,32.6,33.7,32.7,32.3,32.9,34.2,33.3,33.5,34.0,32.6,33.7,32.9,33.1,32.8,33.6,32.7,32.6,33.1,33.4,32.3,32.6,32.4,32.9,32.8,32.0,32.7,34.0,34.6,35.4,33.2,33.4,33.0,33.5,32.8,33.6,34.3,33.8,33.7,33.7,32.8,31.9,34.0,32.4,33.0,33.2,33.5,32.4,32.9,32.7,32.2,32.3,32.9,33.6,33.3,31.7,32.6,32.9,33.0,32.6,34.8,34.4,33.8,32.4,32.9,33.4,32.9,32.3,33.8,33.8,33.8,32.9,34.1,33.0,32.5,32.8,32.7,34.0,32.4,33.8,33.5,32.8,32.2,33.5,33.1,33.2,32.8,33.5,32.7,33.7,33.4,34.4,34.9,33.8,33.6,34.3,32.8,33.8,32.5,35.1,33.2,33.5,33.0,33.5,32.7,33.5,34.1,32.3,32.3,32.9,34.6,33.3,33.0,32.2,32.9,32.0,33.1,32.9,34.0,33.5,33.2,33.0,33.7,33.1,34.7,34.5,34.3,33.5,33.3,33.1,34.4,34.3,33.7,32.9,33.1,32.6,32.8,32.9,33.2,34.0,33.5,33.9,31.6,34.2,33.2,33.6,32.0,33.0,33.0,33.2,32.9,33.5,33.3,33.8,33.9,33.4,34.3,33.8,33.1,33.8,32.7,33.5,32.9,34.5,33.8,33.5,32.5,33.6,33.0,32.1,33.3,32.3,33.8,32.7,33.0,32.5,33.2,33.1,33.1,32.7,33.6,32.3,33.2,32.9,33.9,33.2,34.3,33.6,33.7,34.4,34.3,33.0,33.5,33.3,33.8,31.9,33.5,32.8,32.8,32.4,33.1,32.7,32.8,33.8,33.6,33.8,31.5,32.8,32.7,32.9,32.7,33.6,33.0,33.2,32.2,33.5,33.5,33.7,33.3,34.7,33.8,34.2,33.6,34.1,34.7,33.3,33.1,33.6,33.6,32.4,33.1,33.7,34.9,32.8,34.7,32.8,33.3,32.7,33.9,33.2,32.8,32.8,33.0,32.4,32.8,33.4,33.4,33.5,33.9,35.0,33.7,32.9,34.5,34.7,34.5,33.5,34.0,33.8,33.7,32.5,33.3,32.4,33.6,32.5,33.8,33.9,33.2,33.7,33.8,33.3,32.7,34.0,33.2,33.6,33.1,33.2,33.5,33.3,33.2,33.9,34.8,33.7,33.9,33.9,33.6,33.2,33.1,34.5,33.1,34.0,33.7,35.0,33.7,33.2,34.5,33.5,32.0,33.9,34.0,33.0,33.3,34.0,34.5,33.1,32.7,32.8,34.0,32.4,33.1,33.6,33.2,32.8,33.3,33.4,33.3,33.1,33.9,34.2,34.2,34.2,34.0,33.3,34.8,34.9,33.5,33.4,34.0,33.0,32.9,32.7,32.6,34.7,33.8,33.2,32.2,33.3,33.5,33.4,31.1,33.6,32.1,33.3,34.3,34.5,33.8,32.9,33.1,34.3,33.4,33.7,33.6,33.6,33.4,33.8,32.7,34.1,33.6,33.3,33.9,34.3,33.6,32.8,34.0,33.0,34.1,32.4,33.9,32.1,33.2,32.8,33.5,33.7,33.1,nan,33.2,33.7,33.1,33.1,33.7,33.6,33.9,33.9,35.4,34.1,32.7,33.3,33.8,33.6,34.0,33.7,34.4,33.5,33.4,33.5,33.2,34.3,33.4,33.8,32.5,34.9,32.7,32.5,32.9,34.1,32.3,32.8,33.2,34.0,33.1,33.2,32.8,33.8,33.6,35.0,33.4,34.8,33.4,34.1,33.1,33.7,33.6,33.7,32.9,34.0,33.1,33.9,33.8,33.5,33.2,33.7,33.6,33.3,33.4,32.5,33.6,33.5,33.0,33.1,34.2,32.7,32.6,33.8,32.9,33.1,33.9,33.7,34.4,33.9,33.2,33.4,35.0,32.9,33.3,32.7,33.4,33.3,33.4,33.9,32.6,34.9,33.2,33.9,34.2,34.2,33.4,34.2,32.9,33.6,33.4,33.7,32.3,33.8,32.6,33.6,33.5,33.3,33.7,33.8,34.3,33.7,33.2,33.9,33.4,34.3,33.6,34.2,34.9,34.6,34.2,33.3,34.1,33.0,32.8,33.7,33.5,32.9,33.3,34.4,33.9,33.5,33.1,32.5,33.7,32.4,33.8,32.6,34.1,33.9,33.9,33.5,34.7,33.7,33.3,33.6,33.9,33.4,32.7,33.4,35.0,33.1,33.8,33.9,34.0,35.3,33.7,33.7,32.0,33.8,32.6,33.5,33.3,33.6,34.2,33.2,33.7,34.0,33.2,33.1,32.2,33.8,33.5,33.6,33.5,33.9,34.0,33.7,33.5,33.7,33.7,33.7,33.1,34.1,33.2,33.0,33.4,33.0,32.8,33.3,33.7,33.5,33.4,33.0,34.0,33.2,33.6,33.1,33.6,32.3,33.1,33.4,33.8,34.9,33.6,33.7,34.2,33.5,33.7,34.6,34.3,33.2,32.7,34.1,35.3,34.5
1785306114.6863446,1804,33.2,33.0,33.3,33.5,32.3,31.7,33.1,33.8,32.1,31.9,33.4,32.4,33.3,32.9,32.9,32.5,32.6,31.3,31.9,32.7,32.3,32.2,33.0,33.0,31.9,31.9,33.4,31.9,32.9,32.2,33.9,32.5,32.2,30.8,33.7,34.2,32.0,32.3,31.9,32.7,32.4,32.1,32.3,33.6,32.5,32.9,32.9,32.8,32.5,32.0,32.7,33.6,33.1,33.2,31.9,32.9,32.4,32.5,32.0,33.0,33.9,31.9,33.4,33.5,32.4,33.1,33.9,32.3,32.1,31.7,33.9,32.5,31.6,32.3,32.6,33.3,32.6,32.3,32.1,32.8,33.2,31.1,33.2,33.1,32.5,32.2,32.4,33.4,32.1,32.9,32.3,33.0,32.2,32.1,33.5,34.2,31.8,32.7,32.6,32.2,31.6,33.3,33.6,32.8,32.4,31.9,32.1,32.5,32.2,32.9,32.7,32.1,32.0,32.1,32.4,32.6,32.1,33.1,33.6,32.9,32.8,32.8,33.0,33.9,31.7,32.6,33.4,33.4,32.5,32.5,32.0,33.8,31.7,31.3,32.6,32.6,32.1,31.9,33.0,32.9,32.1,32.0,32.9,32.1,32.0,31.3,33.1,33.0,33.5,32.8,33.6,33.5,32.7,32.1,32.6,33.7,33.4,32.2,33.9,33.6,34.0,32.2,32.5,32.7,32.2,32.5,33.8,33.2,32.6,32.6,32.9,32.1,31.8,32.2,33.3,32.9,31.9,32.6,32.8,32.9,34.4,33.0,32.9,33.9,32.6,32.6,32.7,33.6,32.1,32.3,33.9,34.4,33.1,32.8,32.4,32.9,32.3,31.7,32.0,32.6,32.5,32.5,32.6,33.1,32.1,32.2,33.1,32.9,32.3,32.1,33.0,33.6,34.5,33.9,32.3,33.0,32.8,32.6,32.8,33.6,32.4,31.9,33.1,33.5,32.3,32.3,33.1,33.2,31.8,32.2,33.0,32.2,32.8,31.9,32.1,32.9,31.2,32.5,32.6,33.5,32.8,32.0,33.3,33.3,34.4,33.6,32.9,33.1,32.1,32.2,32.8,33.9,32.8,33.0,34.0,34.0,31.7,32.6,32.9,33.7,33.1,32.0,32.2,33.8,32.1,31.9,33.2,33.5,32.3,33.1,33.3,33.2,32.1,31.2,33.4,33.9,34.0,33.3,33.6,34.0,32.3,32.3,32.7,33.6,33.2,33.0,32.8,33.9,31.4,32.5,32.6,32.7,31.7,32.8,33.1,32.8,33.4,32.9,32.9,32.9,33.5,32.7,32.6,33.5,33.6,32.8,33.9,33.3,33.8,33.8,33.7,35.1,31.7,32.9,33.0,32.9,33.4,32.5,33.5,33.4,32.2,31.8,32.6,32.7,32.9,32.4,32.1,34.0,32.0,33.3,32.3,33.1,32.8,32.3,32.7,33.6,32.8,32.0,33.6,33.5,34.1,32.9,33.4,33.4,32.8,33.1,32.4,32.8,34.0,31.8,33.1,34.2,32.3,32.3,33.1,32.1,32.3,32.3,33.1,33.2,32.6,32.6,33.4,33.3,32.9,33.3,32.6,33.2,33.2,32.6,33.3,34.3,32.7,34.2,33.9,33.6,32.9,33.1,33.5,33.3,32.2,32.4,33.1,33.4,32.0,32.0,31.6,34.2,33.2,32.3,33.1,33.6,32.7,31.9,32.3,33.2,32.8,33.4,33.0,32.8,33.1,32.5,34.2,33.3,34.3,33.3,33.7,33.2,34.4,33.4,33.4,33.0,32.3,32.7,33.3,33.2,32.8,32.4,32.9,33.1,32.2,32.2,32.8,33.9,33.4,32.8,33.2,33.0,32.7,32.8,32.7,33.2,32.5,33.2,33.8,33.8,32.9,33.7,34.0,33.3,32.7,32.8,34.0,33.2,33.5,32.8,32.7,33.5,33.3,33.1,33.6,33.4,32.2,31.2,33.8,32.6,32.5,32.4,32.4,33.6,34.2,32.8,33.0,33.8,32.8,33.4,33.2,33.9,33.6,32.5,33.2,33.9,33.2,32.2,33.6,34.4,33.4,32.6,34.4,34.2,32.4,33.3,34.1,32.6,32.5,32.9,33.4,33.0,31.9,32.8,33.0,33.7,32.7,33.1,33.2,33.3,33.8,33.7,33.4,34.2,33.2,33.6,34.0,33.5,32.4,33.4,34.4,34.5,34.0,33.4,33.3,33.8,32.1,32.9,33.0,33.3,32.3,32.8,32.4,32.7,31.6,32.5,32.7,32.7,32.7,32.8,34.2,35.7,32.8,32.0,32.9,33.3,33.2,33.3,33.6,33.9,33.2,32.7,33.6,33.7,35.3,32.1,33.3,33.6,32.9,32.4,32.9,33.2,32.4,31.9,32.8,33.5,32.8,32.3,32.3,33.1,32.6,nan,34.0,33.9,33.0,32.3,33.2,32.9,32.2,33.7,34.3,34.4,32.3,33.6,32.8,33.3,34.1,33.5,32.7,34.7,32.7,32.2,33.0,34.0,33.0,32.6,33.1,34.0,31.9,32.3,32.7,33.2,32.3,32.3,33.9,33.3,32.1,31.3,33.4,32.9,33.3,32.1,34.0,33.9,33.0,32.4,34.4,33.5,33.4,33.2,34.5,33.4,32.2,33.7,33.9,34.4,32.8,33.1,32.2,33.2,32.9,31.9,32.5,33.8,32.9,31.7,32.7,33.5,31.9,32.1,34.2,33.4,33.0,32.7,34.3,34.4,32.7,33.0,33.7,33.8,33.1,33.9,34.2,33.5,32.5,32.6,33.6,34.2,31.8,32.7,32.7,34.0,32.1,31.7,34.4,33.2,32.2,32.9,32.7,33.4,33.1,32.7,33.7,33.9,33.5,32.4,33.9,33.7,33.3,32.4,34.2,33.5,33.0,31.9,36.0,34.8,32.2,33.5,33.4,33.2,34.3,32.5,33.2,32.9,33.4,32.6,34.0,33.1,33.3,32.8,33.7,33.4,31.6,32.5,34.0,34.2,32.8,32.3,34.5,33.3,32.8,33.6,33.3,34.1,32.6,33.4,33.9,34.7,33.8,32.2,33.6,33.3,33.5,32.8,32.0,32.8,33.1,33.1,33.1,33.9,33.2,32.6,33.5,33.5,32.3,31.6,32.9,34.1,33.2,33.0,32.9,33.4,33.5,32.5,33.9,33.4,33.7,33.7,33.8,34.1,32.7,32.6,33.6,34.1,32.3,32.9,32.1,34.2,32.4,33.7,33.9,33.4,32.8,33.0,33.5,33.5,32.1,32.2,33.5,34.1,33.3,32.8,33.1,34.2,33.5,33.6,32.7,33.6,33.3,34.1,33.3,35.0
1785306116.8551967,1805,33.0,32.4,34.2,34.5,31.8,32.8,33.7,33.8,33.4,33.3,31.7,32.4,33.2,32.8,33.3,34.4,32.6,31.7,33.0,33.0,32.2,33.3,32.9,33.4,33.8,33.8,34.0,34.1,33.0,33.2,34.3,34.5,32.2,33.8,33.6,32.8,33.1,32.6,32.6,32.8,31.8,33.3,33.3,33.2,31.9,33.1,33.5,33.3,33.1,33.0,33.0,32.6,31.7,31.8,33.7,33.0,32.3,33.4,33.1,33.3,32.8,32.0,33.2,33.8,34.2,33.6,33.1,33.5,32.9,32.6,32.6,32.5,33.5,32.9,32.1,33.7,32.7,32.3,32.1,32.7,32.6,32.2,32.4,32.9,32.8,32.6,32.7,32.3,33.4,33.1,32.8,33.4,33.6,33.8,33.2,34.0,33.2,33.5,32.6,33.7,33.7,33.4,34.0,33.1,33.1,33.3,31.9,33.3,32.2,33.2,32.9,32.5,33.4,33.3,33.0,32.9,32.8,33.8,33.6,33.5,32.5,33.5,34.0,33.2,33.2,32.9,33.8,33.9,33.3,33.4,33.2,34.2,33.2,33.5,33.5,32.7,32.5,32.5,33.4,33.3,32.5,33.0,33.0,33.9,33.1,32.6,32.7,33.7,34.4,33.5,33.7,34.0,32.8,33.4,33.1,33.8,33.1,33.0,31.7,34.9,32.4,33.0,34.0,34.0,33.2,33.0,34.4,32.5,33.0,33.2,33.3,33.4,32.7,32.6,33.6,34.0,33.1,32.2,33.7,33.8,34.8,35.0,32.8,33.4,33.0,33.4,34.3,32.9,33.1,33.2,33.3,33.6,33.2,33.3,33.5,34.1,32.4,33.1,33.4,32.8,33.1,33.3,33.4,34.2,32.6,32.7,33.1,32.6,31.9,32.5,33.0,33.5,35.0,33.6,33.1,33.9,34.1,33.3,32.9,33.6,33.0,33.2,33.8,34.3,32.8,33.5,33.3,33.9,31.8,32.5,33.1,31.9,31.8,33.2,33.4,33.3,33.3,33.0,34.0,33.9,32.1,32.8,32.8,33.1,33.7,34.2,33.2,32.8,32.7,33.3,34.5,34.5,32.1,33.7,34.4,33.4,31.6,33.9,32.8,33.5,33.7,31.8,33.3,33.8,32.7,31.3,33.4,34.0,32.1,32.7,33.2,33.9,32.6,33.0,34.1,33.3,34.3,34.4,34.3,34.8,33.7,33.1,33.5,32.8,32.9,34.0,33.7,33.7,33.1,33.6,33.0,33.0,32.9,32.4,33.3,32.9,32.6,33.5,33.4,33.2,32.7,33.1,32.8,33.4,32.7,33.7,34.4,34.2,33.7,34.4,34.1,34.4,33.6,33.9,33.3,33.0,33.6,34.1,34.7,35.1,34.0,33.3,32.7,33.7,33.4,33.2,32.8,33.7,33.0,33.1,32.7,33.1,33.0,33.2,32.5,33.3,33.8,32.9,33.2,33.8,34.0,33.5,33.9,34.6,33.7,32.9,32.6,33.1,33.0,32.6,32.8,33.2,32.7,33.0,33.3,34.0,33.4,33.7,33.9,32.8,33.2,33.0,34.1,33.7,32.4,33.7,33.0,32.7,33.7,34.2,34.1,34.2,34.2,34.3,34.6,33.6,33.1,34.6,33.2,33.5,32.6,32.9,34.7,33.3,33.8,32.7,33.1,34.0,33.9,32.5,33.0,33.8,33.3,33.1,33.4,34.2,33.2,32.7,33.5,33.7,32.8,34.0,34.1,34.2,34.0,34.6,34.2,34.6,33.3,33.5,33.9,35.0,33.4,32.9,33.4,33.6,32.3,33.1,33.7,32.7,33.1,33.4,32.3,33.0,33.0,33.7,34.0,33.1,32.1,32.7,33.4,32.7,33.6,34.1,33.7,34.9,33.9,34.4,34.2,33.6,33.3,33.7,34.4,33.9,33.9,33.4,33.9,33.6,33.9,32.9,32.7,34.4,33.7,32.2,33.7,34.0,33.3,33.6,33.5,34.1,33.9,33.3,32.9,34.8,33.7,33.8,33.5,34.3,34.0,32.7,33.8,34.3,34.0,33.3,34.4,35.1,34.5,33.3,33.5,34.2,33.1,33.8,33.8,33.7,33.1,33.2,34.5,32.8,32.3,33.4,33.0,33.1,32.8,32.5,33.7,34.8,33.4,33.3,34.1,34.3,33.9,33.5,34.5,34.1,32.8,34.1,33.9,34.6,33.3,34.0,34.9,33.9,33.9,33.5,33.9,33.3,33.5,32.5,33.5,34.5,33.6,33.7,33.0,34.4,32.8,32.8,33.5,35.0,33.4,33.3,33.7,33.8,34.0,34.0,34.5,34.1,34.0,33.1,34.1,32.9,33.9,33.1,34.4,34.0,32.3,33.7,33.5,33.9,33.2,33.1,33.2,32.9,32.3,32.9,34.2,33.4,33.1,nan,33.5,33.0,33.4,33.7,33.9,34.5,33.6,34.1,34.7,34.3,33.4,33.7,33.8,32.8,34.1,34.2,34.1,33.8,34.6,33.1,33.3,34.1,33.1,33.6,33.3,34.4,32.7,33.2,33.5,33.9,33.1,33.0,32.9,33.1,32.5,32.7,34.2,33.7,33.5,33.8,34.8,34.3,34.3,32.8,34.5,33.2,33.7,33.3,33.6,34.0,32.7,33.6,33.8,33.7,31.9,33.2,33.2,33.5,32.6,32.7,33.9,33.0,32.8,33.3,33.7,33.4,32.5,33.5,33.6,33.5,33.7,33.6,34.0,34.5,33.7,34.0,34.3,33.9,33.5,34.3,34.2,33.8,33.8,33.9,34.2,34.6,32.7,33.9,33.0,33.5,33.5,32.6,33.6,33.7,33.5,33.6,33.3,32.9,33.4,33.1,33.6,34.5,34.0,33.1,34.7,33.9,33.4,33.3,33.3,33.1,34.1,33.1,34.6,33.9,33.1,34.2,33.8,33.1,32.2,33.0,33.5,33.2,33.5,32.9,34.1,33.0,33.2,33.8,34.7,33.7,33.4,33.6,33.2,34.2,33.4,33.2,34.7,33.9,33.8,33.9,33.5,34.4,33.1,34.3,35.8,34.3,33.7,32.9,33.7,33.3,33.4,33.3,34.1,33.8,33.4,33.5,34.3,33.2,34.5,33.5,33.3,34.6,32.4,32.5,32.9,35.5,34.3,33.2,33.0,34.8,34.1,33.9,33.8,33.4,34.0,33.9,34.6,34.1,33.7,34.3,34.1,34.0,33.2,33.4,33.1,33.2,32.8,35.0,33.8,32.9,33.6,33.0,33.8,33.6,32.5,33.0,33.6,33.0,32.8,35.4,33.5,33.6,33.9,33.5,33.7,33.3,33.1,33.4,33.0,34.9
1785306119.0564942,1806,35.2,33.4,32.4,32.1,33.3,32.7,33.2,32.0,33.2,32.8,33.1,32.7,33.6,32.3,33.0,33.2,33.0,33.0,33.5,32.8,33.4,32.7,33.1,33.3,33.0,33.3,32.2,33.4,33.4,32.8,32.3,33.7,32.0,34.6,33.0,33.5,32.8,33.2,32.0,33.0,32.1,33.3,33.3,32.0,32.7,32.4,32.1,32.2,32.8,32.4,32.7,33.3,33.2,32.4,33.8,33.4,32.2,33.8,33.2,33.3,33.8,33.6,32.8,34.1,34.0,34.7,32.8,33.6,33.5,33.1,33.0,32.8,33.1,32.2,32.3,32.5,32.9,32.9,33.1,32.8,34.0,33.7,32.4,32.3,33.1,32.7,32.7,32.7,33.9,33.2,33.0,32.9,35.0,32.8,32.5,33.6,34.1,33.5,32.2,33.4,33.4,33.2,33.7,31.9,32.5,32.7,33.3,32.6,32.8,32.9,32.5,32.0,33.1,33.8,32.9,33.4,32.5,33.6,33.3,31.9,32.2,32.9,32.1,33.6,33.2,33.3,33.5,32.8,33.6,33.5,32.7,34.3,33.0,32.2,33.3,32.9,32.9,32.4,32.5,32.3,33.2,32.9,32.1,32.6,33.2,33.1,32.7,33.1,34.6,34.1,33.5,32.8,33.3,33.0,32.2,32.1,32.7,33.5,31.7,32.8,33.0,33.0,33.5,33.8,33.3,34.1,32.8,33.1,32.7,33.2,32.5,32.7,32.6,33.1,33.6,32.5,32.5,33.2,33.1,34.3,34.7,34.1,33.4,32.9,33.0,33.0,33.4,33.1,33.8,34.0,33.6,32.9,33.9,32.0,32.9,34.2,33.5,32.8,32.9,32.9,33.7,33.3,32.8,31.9,32.8,32.8,32.7,32.5,32.9,32.4,33.6,33.0,35.0,33.8,33.2,33.1,33.7,33.6,32.7,32.4,33.6,32.4,33.2,34.4,32.4,33.1,32.6,32.7,32.5,32.9,33.0,33.6,33.1,33.8,32.9,33.3,32.7,33.0,32.4,33.1,32.8,32.8,33.1,32.6,33.4,34.5,33.5,32.8,33.6,33.5,33.9,32.7,33.5,33.9,33.1,33.8,33.3,33.1,32.1,33.2,33.9,33.2,32.8,32.8,33.9,32.9,32.8,32.6,33.0,32.9,33.0,33.3,33.7,33.2,34.3,33.3,34.6,33.8,33.8,33.5,33.6,32.8,33.7,33.6,32.5,33.9,33.5,32.5,33.2,33.0,32.7,33.6,34.2,33.8,32.5,32.7,33.2,33.0,33.0,33.3,32.8,32.9,33.7,33.4,32.9,33.7,34.5,34.1,33.3,35.0,34.3,33.7,33.0,34.0,33.9,34.0,33.1,33.6,32.5,32.9,34.2,32.5,33.5,32.6,33.9,32.7,32.2,32.3,33.0,33.8,33.1,32.7,33.2,32.8,33.5,32.8,33.7,33.6,33.5,33.7,34.3,33.5,34.3,33.0,33.7,33.0,33.7,33.5,32.8,33.4,32.6,34.1,32.8,33.0,32.6,33.2,33.7,33.5,32.5,32.9,32.9,33.7,33.0,33.7,33.6,34.4,33.5,32.3,33.6,33.9,32.9,33.3,34.1,34.1,33.5,33.6,33.7,34.1,34.1,33.4,33.0,32.7,33.0,33.3,33.4,33.4,33.1,32.9,33.3,33.1,32.3,33.0,34.0,33.0,32.9,32.3,33.2,33.1,32.9,32.6,33.7,33.5,34.3,34.2,34.7,34.1,34.5,34.2,34.3,34.2,34.1,34.7,32.8,32.8,33.7,33.1,32.9,33.3,32.2,33.0,33.0,33.9,33.6,33.3,33.7,33.0,33.2,32.7,33.1,33.2,33.0,32.9,33.9,34.1,33.4,33.5,34.2,34.1,33.7,34.3,33.3,33.4,34.3,33.3,33.2,34.9,33.0,34.2,33.4,34.0,33.5,32.8,32.1,33.0,33.9,32.7,33.3,32.8,32.7,33.0,33.5,33.4,33.2,33.2,33.9,34.8,33.5,33.6,34.1,33.5,33.8,33.5,33.8,33.1,34.6,34.5,34.5,33.9,33.7,32.1,33.0,33.8,33.1,33.7,33.7,33.4,33.7,33.5,32.4,33.5,32.7,32.4,33.5,33.2,33.1,34.6,33.6,34.1,33.4,34.3,34.1,33.3,33.4,34.3,33.4,33.5,34.7,32.3,34.0,34.0,33.4,34.3,33.2,35.3,33.7,34.0,33.5,33.1,33.0,33.4,33.1,32.8,33.0,33.0,33.5,32.9,33.5,34.7,34.0,32.7,33.4,33.2,34.2,34.2,33.8,34.8,34.8,31.9,33.2,32.9,34.6,33.3,34.4,32.5,33.0,32.9,33.6,33.9,33.1,34.3,33.1,33.8,33.7,32.7,31.4,33.1,33.0,nan,33.3,33.5,33.3,33.3,33.7,33.7,33.9,34.8,34.2,33.6,33.4,33.5,33.5,32.8,33.8,33.0,33.0,33.2,33.9,32.7,32.9,33.5,33.3,33.8,33.9,33.3,33.6,33.1,33.3,33.5,33.5,33.5,32.7,33.4,33.0,33.2,33.2,33.4,34.0,33.7,33.1,33.6,33.1,33.8,32.8,32.9,33.8,33.7,33.8,33.9,32.6,34.2,33.4,33.3,32.5,33.1,32.1,33.9,33.4,34.1,33.2,33.0,32.4,33.8,32.6,33.3,32.7,33.2,33.1,33.0,33.0,33.8,33.9,34.6,32.8,34.6,32.9,34.2,33.4,34.3,34.5,32.9,34.4,33.3,33.7,33.7,34.1,33.8,32.8,32.8,33.3,33.4,33.8,33.6,33.8,33.0,33.4,33.0,34.0,32.6,33.1,32.6,33.3,33.2,33.6,34.7,34.0,33.6,33.1,33.6,33.9,33.6,33.9,34.0,32.7,34.4,33.5,33.9,33.4,34.7,33.5,34.6,33.0,33.9,33.4,33.9,34.1,33.6,33.1,33.3,31.7,34.3,33.6,33.3,33.9,34.1,34.1,32.7,33.3,33.5,33.0,33.3,33.5,34.1,33.6,33.5,33.2,33.9,33.7,34.3,34.8,33.3,32.7,32.7,33.2,33.4,33.0,32.9,34.0,33.6,32.7,33.6,34.0,33.1,32.9,33.5,33.4,32.9,33.9,34.5,34.9,34.7,33.8,34.1,34.8,33.3,33.7,34.2,33.5,33.6,33.3,34.2,33.2,33.4,32.4,34.5,34.2,33.9,36.0,34.2,33.8,34.0,34.0,33.1,32.8,32.6,33.4,33.7,33.6,33.6,34.1,34.9,34.7,33.7,34.2,33.5,33.0,35.1,34.5,33.5
1785306121.066363,1807,33.7,31.9,32.5,34.0,33.5,31.9,32.5,33.2,33.3,32.6,33.0,33.2,33.1,32.2,32.9,33.1,32.2,33.3,32.9,32.6,32.5,33.2,31.8,32.4,33.4,33.2,32.8,34.2,33.3,32.5,33.7,34.1,33.8,34.0,33.4,32.7,32.9,32.2,33.4,33.1,32.8,31.7,33.5,32.1,32.9,33.1,32.6,33.2,32.9,32.5,33.7,33.6,32.6,32.7,33.7,32.7,32.7,32.9,33.3,33.2,34.1,33.5,32.9,33.2,33.8,33.8,32.7,34.2,32.8,33.6,33.1,33.4,32.4,32.2,31.5,32.3,32.7,33.4,32.9,32.9,32.6,33.5,32.5,33.1,32.7,33.1,33.5,32.9,32.5,33.5,32.3,33.6,33.5,33.4,32.6,33.3,32.8,32.4,32.8,33.8,32.7,32.9,33.8,32.4,33.9,33.0,32.7,32.7,33.5,33.3,33.1,32.8,32.9,32.5,33.2,33.4,32.7,32.3,32.7,32.9,33.8,32.9,33.2,32.9,34.4,33.0,33.4,33.2,33.5,33.7,33.5,33.6,33.5,32.4,32.6,32.9,32.8,32.7,32.7,33.8,32.8,32.9,32.3,33.2,33.4,32.9,32.8,33.6,34.2,33.7,33.8,33.0,33.1,33.1,34.0,34.6,32.6,32.8,32.5,34.2,33.6,32.9,32.8,33.1,32.6,32.3,32.9,33.6,32.1,32.8,33.7,33.0,32.6,33.1,33.6,32.5,32.8,32.0,33.1,32.8,34.9,34.2,34.5,33.2,33.2,32.8,33.1,34.2,33.5,34.3,35.0,32.8,33.1,33.3,33.0,32.7,32.9,32.7,33.0,32.8,33.1,33.1,33.6,33.2,32.8,33.1,32.8,33.6,32.7,32.5,32.4,33.0,35.6,34.4,32.3,33.1,33.3,32.8,32.6,35.1,33.5,33.2,32.9,33.3,33.7,32.8,33.7,33.6,31.5,32.0,34.0,32.8,33.2,33.5,33.4,33.5,32.4,32.5,32.0,33.2,32.9,32.9,33.7,32.4,34.5,34.0,33.3,33.1,32.4,34.0,32.7,32.8,33.6,33.8,33.8,33.5,32.6,33.5,33.1,33.6,33.5,33.3,32.9,33.5,34.0,33.0,32.7,33.2,32.5,33.3,32.5,32.3,33.5,33.0,33.1,34.1,33.8,34.1,33.8,33.8,33.0,32.9,32.1,33.5,34.1,32.9,33.6,34.3,33.6,32.3,33.2,33.9,32.7,32.5,33.9,34.0,33.0,33.1,32.4,33.0,32.2,33.0,33.5,32.4,33.2,32.6,33.7,32.9,34.0,33.2,35.1,33.7,33.8,32.4,33.0,33.1,33.3,33.7,34.1,33.8,31.7,33.5,32.4,33.0,32.8,33.4,33.1,33.5,33.1,33.2,32.7,33.0,32.7,33.4,32.8,33.0,33.3,33.8,33.8,33.5,34.0,34.0,33.2,34.3,33.5,33.3,33.3,33.1,33.5,33.0,33.3,34.0,34.4,33.0,33.3,33.1,34.0,32.9,32.8,33.7,34.2,33.8,33.3,32.7,34.1,33.2,33.8,33.4,33.4,33.2,34.2,33.4,33.9,33.6,33.8,33.7,34.3,34.5,33.0,33.3,33.2,33.0,33.8,33.7,32.7,33.5,32.2,34.0,33.4,33.4,33.0,33.0,33.9,32.6,33.2,33.3,33.2,32.7,34.0,33.2,32.9,33.2,34.4,34.2,34.9,34.2,34.1,34.0,34.2,33.5,33.6,34.5,34.0,33.1,32.9,33.7,33.6,33.2,33.5,33.2,32.1,32.9,34.1,32.4,33.5,33.7,33.6,33.0,33.6,33.0,33.4,33.1,33.3,33.3,34.2,33.6,33.1,34.7,34.7,35.1,34.0,33.7,33.2,33.1,33.2,33.4,34.1,32.9,32.9,34.6,34.0,34.0,32.9,33.6,33.5,33.5,33.4,33.4,33.5,33.5,33.0,33.3,32.4,33.2,33.4,33.2,34.1,34.8,34.3,33.5,33.9,34.8,33.9,33.8,32.9,33.5,33.7,33.7,33.9,33.3,33.3,34.3,33.6,32.5,33.4,33.0,33.6,33.8,33.0,32.3,34.8,33.0,33.3,33.8,32.9,32.8,32.7,33.8,34.8,33.6,33.4,33.8,33.7,33.9,34.8,33.7,33.6,33.3,33.2,34.1,34.5,34.2,32.9,33.9,33.1,34.3,32.9,33.0,33.1,33.5,33.0,33.1,32.4,33.1,33.1,33.5,32.6,33.2,33.2,32.9,34.1,35.0,33.9,34.2,33.6,33.8,34.6,32.9,32.9,34.0,33.7,33.9,33.7,32.8,34.2,31.5,34.2,32.6,33.0,33.4,33.1,33.6,33.8,33.2,34.2,33.0,33.0,nan,33.5,32.9,33.4,34.1,35.0,33.9,33.7,34.4,34.0,34.4,34.6,34.0,33.6,33.3,34.1,33.3,33.8,34.3,34.0,33.3,33.1,32.9,32.9,33.4,33.5,33.8,33.4,33.0,32.4,34.1,33.0,33.3,33.0,33.0,33.0,32.5,32.6,33.8,33.8,33.8,34.2,33.6,33.4,34.4,33.8,33.9,33.2,34.2,34.1,34.9,34.2,33.3,34.0,33.1,33.2,33.2,33.7,33.1,33.7,33.5,33.6,33.0,33.6,32.9,33.9,34.1,32.8,32.3,33.9,34.5,34.1,34.4,33.4,33.2,33.9,33.6,33.9,33.6,33.9,33.7,34.7,34.3,33.0,33.9,32.8,33.8,32.4,33.5,32.9,34.0,33.6,34.1,32.4,33.4,32.2,33.3,33.2,34.3,33.7,33.1,32.5,33.8,33.4,33.1,34.4,35.2,34.1,33.9,34.0,34.1,33.8,33.8,32.7,35.0,33.3,32.6,34.3,33.6,32.8,32.6,34.2,33.3,33.3,33.7,33.4,33.3,32.7,33.4,33.7,33.3,33.6,32.1,34.1,33.3,34.1,32.5,33.7,34.6,33.1,33.6,33.1,34.0,33.5,33.4,34.6,34.0,34.3,35.0,33.6,34.0,33.7,32.7,31.8,33.2,33.3,33.0,33.0,33.7,33.7,33.4,33.2,33.9,33.7,33.1,33.3,33.9,33.9,34.0,33.3,34.4,33.9,34.2,33.9,33.7,33.9,33.0,32.9,34.6,34.1,33.3,34.8,34.3,33.8,34.0,32.3,33.1,33.2,33.5,33.1,34.1,33.3,32.9,33.4,33.4,33.6,32.4,33.4,33.8,33.4,32.7,33.9,34.5,34.1,33.5,34.7,33.6,32.5,32.7,33.3,34.5
1785306123.1995082,1808,32.2,32.9,32.4,34.4,32.0,33.8,32.6,32.5,32.0,32.6,32.1,33.5,31.7,32.5,32.2,33.4,31.7,33.0,33.2,33.4,31.7,33.2,32.3,33.1,32.4,33.3,33.1,34.5,32.3,32.8,34.5,34.7,32.1,33.0,34.2,33.3,33.3,31.5,33.3,33.2,32.9,32.8,33.0,32.6,32.9,32.4,33.2,32.2,32.9,31.0,32.9,33.0,33.6,32.0,34.1,33.4,33.5,32.6,32.5,33.1,33.6,32.7,33.8,33.3,32.0,34.4,33.5,33.6,31.8,33.7,32.6,33.2,33.5,32.8,32.5,32.9,32.7,32.8,32.9,32.4,32.4,32.8,32.6,34.0,32.1,32.7,32.9,32.4,31.7,33.4,33.0,33.9,32.5,33.0,33.9,34.4,34.1,33.3,32.5,33.4,33.6,32.6,33.3,32.3,33.8,32.2,32.9,32.8,32.5,32.7,33.9,33.1,32.8,32.6,32.5,33.4,32.9,32.4,32.9,33.2,33.8,32.4,33.7,33.4,33.3,33.3,34.2,34.0,32.9,33.1,33.2,34.1,31.8,33.6,33.1,33.3,32.0,33.4,33.1,33.2,33.5,32.9,33.7,33.3,32.3,33.5,32.9,34.1,34.1,33.9,32.1,33.6,32.8,33.0,32.4,33.3,32.9,33.3,32.0,33.4,33.0,32.1,32.2,33.2,32.3,31.4,33.7,33.1,33.2,32.3,32.7,32.4,32.5,32.8,33.8,32.9,32.9,32.0,34.3,34.3,35.2,33.8,33.9,33.6,33.4,32.7,33.8,34.3,33.2,33.2,34.3,33.8,31.8,32.5,32.5,34.4,32.2,33.2,32.7,33.8,32.8,33.5,33.0,33.9,32.5,33.1,32.5,33.1,32.7,33.1,32.8,34.4,35.1,35.0,33.1,33.3,32.2,33.4,32.9,33.1,32.7,34.0,34.1,34.4,33.8,31.8,33.6,33.1,32.5,33.3,33.5,32.0,33.2,32.9,32.1,32.7,33.2,32.4,32.9,33.3,32.8,32.9,33.9,33.6,34.7,33.7,33.8,33.5,32.3,33.3,32.9,33.4,34.4,33.5,34.3,33.9,32.5,34.0,31.7,32.8,32.8,33.4,33.2,34.6,33.6,32.4,32.4,33.6,32.9,33.0,32.2,32.7,32.7,33.7,34.1,34.5,33.8,34.0,33.8,33.8,33.1,32.8,33.1,33.9,33.1,32.4,33.7,33.2,32.8,31.7,33.9,34.0,33.9,32.6,33.2,34.5,33.2,33.5,33.3,33.2,33.4,32.5,33.1,33.8,33.2,32.2,34.5,33.8,34.1,33.6,34.3,33.4,33.8,32.9,32.9,33.7,33.9,32.6,33.2,33.9,31.8,31.9,32.9,32.4,31.7,33.3,32.4,32.7,33.1,33.3,32.9,33.5,32.4,32.9,32.5,33.2,33.2,34.2,33.8,34.4,33.7,35.0,33.6,33.3,32.2,32.8,33.0,33.0,32.5,32.5,33.4,33.7,33.3,32.4,33.0,33.4,33.3,32.8,33.1,33.1,34.1,33.0,33.8,32.6,33.1,32.8,33.4,33.3,33.6,32.7,33.9,33.8,34.6,33.8,34.3,34.1,33.2,33.1,33.3,32.8,33.4,32.5,33.8,33.2,32.4,33.2,32.7,34.3,32.8,33.3,33.6,34.1,32.0,32.8,31.9,33.8,31.9,33.2,32.4,33.4,32.8,34.8,34.8,35.0,33.2,33.7,35.5,35.2,33.5,32.7,33.9,33.6,33.9,33.4,33.8,33.3,33.9,32.7,34.4,33.6,32.8,33.0,34.0,33.8,33.4,33.1,33.9,32.9,32.7,32.4,33.6,32.9,33.6,32.7,34.9,34.1,34.6,34.1,34.7,34.1,34.2,32.9,34.1,33.5,33.9,32.9,33.8,33.8,33.0,33.8,33.7,33.5,32.1,32.8,32.6,33.5,33.1,33.3,33.8,33.9,33.1,33.5,32.6,33.9,32.0,33.9,34.3,34.2,33.8,33.7,34.3,34.3,33.3,32.8,34.1,34.1,33.7,33.2,34.0,34.1,33.6,33.0,34.0,33.3,33.0,32.3,33.1,33.8,32.2,32.9,34.4,33.1,34.0,32.5,33.4,33.0,34.0,32.7,35.3,35.6,33.9,33.7,34.6,34.5,33.4,33.4,33.8,33.5,33.8,33.6,33.6,33.9,32.8,34.2,33.3,33.8,33.1,32.5,32.5,33.6,32.7,32.6,32.7,34.3,32.5,33.7,33.4,34.4,33.0,33.7,33.7,35.0,33.7,34.2,33.7,34.3,33.3,33.5,33.2,32.7,33.5,33.5,33.6,35.1,33.2,33.1,33.0,33.5,33.3,33.3,33.6,32.8,33.4,32.7,33.1,33.1,33.0,nan,33.6,32.7,33.0,33.4,34.7,34.6,33.6,33.8,34.8,34.3,33.4,33.4,34.2,34.6,34.2,33.4,33.8,33.8,32.8,33.0,32.9,34.0,32.4,32.9,32.6,34.1,32.2,33.3,33.5,34.5,32.6,33.0,33.6,34.0,32.9,33.2,33.8,34.4,33.5,34.4,33.6,33.8,33.4,33.4,34.8,34.0,34.0,33.9,35.5,34.3,32.8,33.0,33.9,34.0,32.7,32.1,33.4,33.0,33.6,33.1,34.1,32.5,34.0,32.7,33.0,33.5,33.3,32.5,34.5,33.9,34.5,32.8,34.3,34.3,33.0,32.6,34.9,34.6,33.0,33.4,34.1,34.6,33.8,34.4,33.5,34.9,33.9,33.4,33.6,33.5,33.1,32.9,32.2,34.0,33.0,33.0,34.0,34.0,32.5,33.0,33.1,34.7,32.8,34.7,32.7,34.7,32.5,33.6,33.5,34.3,32.7,34.0,35.2,35.1,33.0,33.2,34.1,34.1,33.5,32.8,33.7,33.4,33.7,32.9,34.0,33.4,32.8,32.8,33.4,33.3,33.1,32.6,33.8,34.2,35.0,33.1,34.8,33.9,32.6,33.9,33.8,33.9,33.9,33.1,34.9,34.6,33.0,33.5,32.3,34.3,32.6,33.3,33.1,33.7,33.2,34.0,33.2,34.2,32.9,33.3,33.6,34.0,32.7,32.4,32.9,34.5,33.6,33.3,33.6,33.5,34.3,32.8,34.0,33.9,32.8,34.2,33.7,35.4,34.5,33.6,34.6,33.1,33.5,32.6,33.4,33.4,33.5,32.9,34.6,33.7,33.1,32.6,33.8,33.1,32.6,33.0,33.6,33.3,34.9,33.3,34.3,34.3,33.2,33.4,34.0,33.9,34.2,33.8,34.1,34.4
1785306125.400065,1809,34.4,35.0,33.9,33.6,34.5,32.3,34.3,33.3,33.8,33.0,33.1,32.9,33.0,32.5,33.3,32.8,32.7,33.2,33.7,32.7,32.8,33.6,32.9,32.5,33.4,32.5,33.3,32.7,33.2,33.5,34.5,34.4,33.1,33.3,34.3,35.7,31.9,32.4,34.0,33.4,32.3,31.6,33.0,33.4,33.5,32.4,32.7,33.3,32.8,32.8,33.4,33.5,33.1,32.6,32.2,33.6,33.0,32.8,33.4,33.7,32.7,32.7,34.0,33.8,34.5,32.7,33.8,33.4,32.0,31.9,34.0,33.8,33.3,32.6,33.0,32.7,32.7,32.6,33.6,33.0,32.4,33.0,32.9,33.3,32.8,33.2,33.4,33.3,33.4,34.0,33.6,33.3,33.4,32.4,33.7,33.7,32.4,33.0,32.3,33.9,33.0,33.4,33.9,34.5,33.4,32.5,33.3,33.0,32.7,32.2,32.7,33.8,32.8,32.9,33.4,33.1,33.6,32.7,33.1,33.9,32.0,33.7,33.3,34.4,33.3,32.7,33.5,34.9,32.9,34.0,33.4,33.1,33.0,32.0,33.5,33.1,33.3,32.9,33.1,33.0,32.4,33.3,33.4,33.1,33.3,32.8,34.9,34.6,32.4,33.6,33.8,33.2,33.3,32.6,33.5,33.5,32.3,32.9,33.7,33.9,31.8,33.2,32.6,33.0,33.3,33.0,33.5,33.3,33.1,33.6,33.0,33.8,32.1,33.5,32.8,34.0,33.0,33.7,33.8,34.8,32.5,32.6,33.4,34.1,33.2,33.2,33.4,33.3,32.4,33.2,32.7,33.4,33.9,33.2,34.0,32.2,32.6,33.0,33.4,33.1,33.8,33.2,33.5,32.9,33.6,32.1,33.0,33.6,32.7,32.1,34.3,34.5,34.0,33.2,32.7,33.8,32.7,33.1,33.6,32.4,33.4,33.2,33.6,34.0,33.1,32.4,33.0,33.9,31.7,33.1,33.2,33.9,32.4,33.1,32.6,33.7,32.6,32.2,32.6,33.4,33.0,32.6,34.2,33.9,33.9,33.2,34.5,32.5,33.1,32.7,33.0,33.8,33.5,33.3,33.1,34.3,34.0,32.3,33.0,32.0,33.2,32.6,33.2,33.5,33.4,32.7,33.4,33.4,32.9,32.4,33.0,34.0,33.8,33.4,34.4,33.7,34.5,33.5,34.8,34.2,33.6,32.3,33.7,32.9,33.1,33.0,33.3,33.6,32.0,31.3,33.3,34.6,32.4,32.9,32.9,33.2,32.9,32.8,33.0,33.0,32.4,32.9,32.4,33.6,32.8,34.2,34.5,34.2,33.7,33.8,34.7,34.7,32.7,32.9,33.2,33.9,32.0,33.0,33.2,34.3,32.9,32.1,33.5,32.4,33.2,32.9,32.9,33.9,33.6,33.1,33.1,33.5,32.9,32.4,32.8,32.9,34.0,33.7,34.8,33.6,33.9,33.8,34.4,33.5,33.9,33.7,32.8,33.0,33.2,33.2,33.0,32.7,31.6,32.4,32.8,33.2,32.4,33.0,33.1,34.0,33.6,32.2,33.4,33.3,32.3,33.3,33.4,33.8,33.6,33.4,33.6,33.9,33.6,33.0,34.0,34.1,32.7,33.4,34.0,33.5,32.9,33.3,33.0,34.4,32.4,33.6,33.1,32.7,33.0,33.3,32.5,33.2,33.6,33.2,33.1,33.0,33.1,32.4,34.2,33.9,33.6,32.6,34.1,33.9,34.0,33.6,34.3,33.2,34.5,33.4,33.9,33.6,34.1,32.7,33.6,33.5,32.9,32.9,33.2,33.1,33.2,33.5,32.8,32.8,32.4,31.7,32.9,33.4,32.8,33.2,33.8,34.1,32.5,33.7,33.9,34.3,33.3,33.5,33.9,34.1,33.3,33.4,33.1,34.2,33.2,34.0,34.0,33.2,33.2,31.8,33.9,33.3,33.6,32.8,33.9,33.4,32.3,31.8,33.5,33.0,33.5,32.7,33.2,34.4,32.9,32.6,34.3,34.2,34.0,33.7,34.7,34.8,34.0,33.0,33.9,33.4,33.4,32.1,33.8,33.7,33.0,33.6,33.7,34.3,33.3,32.7,33.3,33.7,32.4,32.9,32.9,33.6,33.6,32.8,33.3,34.3,33.3,33.7,33.7,34.2,33.8,33.7,34.6,34.5,32.7,34.7,34.9,34.1,33.1,32.7,33.4,33.9,33.9,33.2,33.5,34.0,33.3,32.5,33.0,33.4,34.1,33.3,32.8,32.7,33.3,33.4,34.2,35.2,33.5,33.9,33.2,34.2,34.3,33.7,34.3,34.2,33.1,32.8,34.1,33.1,32.8,33.2,34.4,33.7,32.2,33.1,32.6,34.1,33.7,33.4,33.5,32.9,33.6,33.4,32.2,33.1,32.7,nan,35.2,35.2,33.3,33.4,33.8,35.1,33.6,33.8,34.4,33.6,33.1,34.2,34.0,34.3,32.7,33.8,34.4,34.8,33.9,33.0,34.4,33.0,32.8,33.5,34.1,33.5,33.1,33.4,33.1,33.5,33.2,31.5,32.4,33.9,33.4,32.9,33.5,34.2,33.5,32.2,33.3,33.3,32.7,33.4,33.9,33.2,33.9,33.5,33.6,32.9,31.9,34.5,33.7,33.8,33.3,33.1,33.8,34.2,32.9,32.7,35.0,33.9,32.5,32.8,33.5,33.6,32.8,33.7,33.5,34.2,32.8,33.5,34.3,35.0,32.8,33.9,33.4,34.1,32.4,33.4,33.3,34.6,33.3,33.4,33.7,33.9,33.1,33.2,32.4,33.4,33.5,33.2,33.3,33.6,33.5,33.2,34.0,33.5,33.7,31.8,34.6,34.0,33.8,33.7,34.0,33.6,33.8,33.2,33.7,35.1,33.5,33.9,33.7,34.3,33.7,34.2,35.4,33.9,33.1,33.0,32.4,34.1,32.8,33.2,34.0,33.9,33.3,33.6,34.1,34.3,32.6,33.0,32.9,34.9,33.6,33.3,33.9,34.3,33.3,33.5,33.6,34.4,32.9,33.7,33.8,36.1,33.4,33.3,34.3,33.2,33.8,33.2,32.7,33.5,32.5,33.2,34.1,33.3,33.6,32.9,34.0,33.5,33.4,31.7,34.3,34.2,33.6,33.8,33.6,33.4,34.5,32.8,33.8,32.1,33.0,34.0,35.7,34.2,32.9,33.8,34.6,34.0,33.3,33.8,33.4,34.7,33.1,34.3,33.5,33.1,33.3,32.1,33.1,34.0,33.1,33.0,33.5,33.7,32.3,32.8,33.6,33.8,33.8,33.5,33.4,33.7,31.7,34.5,35.0,36.0
1785306127.8120575,1810,34.2,31.8,34.0,32.4,33.2,33.4,34.0,32.9,32.7,33.0,33.2,33.1,33.1,32.5,33.4,32.2,33.3,31.9,33.8,32.8,33.5,33.4,33.4,32.9,32.3,33.1,34.1,33.1,33.6,31.6,33.1,33.2,31.2,31.8,32.8,34.6,32.4,33.3,32.2,33.1,31.5,33.3,32.8,33.7,32.2,32.1,32.7,33.4,31.9,32.0,33.4,32.9,32.3,32.5,32.6,33.7,33.0,32.7,33.6,34.0,33.6,33.0,33.0,33.9,34.6,32.2,33.4,33.8,33.2,31.8,33.1,32.2,33.6,32.2,33.5,32.5,33.0,32.0,33.4,32.2,32.9,32.3,33.2,33.2,31.9,33.0,33.7,32.8,34.0,32.6,33.3,32.5,34.1,31.5,33.8,31.8,32.6,32.9,32.0,33.5,32.7,33.1,32.7,34.4,32.1,32.3,33.1,32.5,31.8,32.3,32.5,33.5,32.8,32.3,32.5,33.2,31.2,34.2,32.0,32.0,32.0,33.2,32.5,33.9,33.3,32.6,33.5,34.5,34.2,31.7,33.1,33.3,33.5,32.2,33.2,32.0,32.6,32.9,33.4,32.8,32.8,31.4,33.8,32.6,33.2,32.1,32.4,33.1,34.2,32.7,33.4,33.4,32.4,32.4,34.6,32.9,33.0,33.3,33.4,33.4,32.0,33.3,32.8,33.3,33.7,33.7,33.2,33.4,33.1,33.3,32.3,33.2,32.3,33.2,32.9,33.0,32.7,32.6,32.6,34.4,33.3,34.2,33.2,33.5,33.2,33.3,33.0,33.6,31.8,34.1,32.5,34.4,34.9,33.4,33.9,32.6,32.9,32.6,32.4,33.3,33.6,32.3,33.3,32.9,33.2,32.6,32.9,32.3,33.2,32.2,33.4,32.7,34.4,33.5,32.8,33.1,32.8,32.0,34.3,32.8,33.9,33.6,34.4,32.7,32.0,33.2,33.2,33.2,31.4,33.4,32.4,33.5,32.4,32.7,32.9,34.3,32.6,32.3,32.1,33.4,32.2,32.4,32.2,33.2,33.4,33.8,32.8,34.1,32.8,32.2,32.9,33.4,32.1,33.8,33.7,34.0,34.1,32.5,33.5,32.6,33.5,32.3,32.7,33.5,32.7,32.4,34.3,32.1,33.3,32.4,33.1,32.5,33.3,33.1,34.1,33.7,34.2,33.2,34.3,33.5,33.5,32.8,33.8,33.6,33.6,31.4,32.8,33.1,31.5,32.3,32.7,33.1,32.6,33.0,32.7,33.5,33.5,32.9,33.0,34.1,32.0,32.9,33.4,33.2,33.1,34.0,33.5,34.5,33.7,33.9,34.2,34.7,33.8,33.6,33.9,34.0,32.0,33.1,33.4,34.2,32.8,32.1,33.6,33.4,33.5,32.7,33.8,32.5,33.2,32.8,32.7,32.7,33.8,32.3,33.1,33.1,34.9,34.0,33.6,34.4,35.2,34.0,34.9,33.5,34.0,33.5,34.2,33.8,33.8,32.6,33.5,32.9,32.6,32.9,32.4,33.1,32.6,32.7,33.2,33.9,32.3,32.9,32.9,33.7,32.2,32.8,33.1,33.7,33.2,34.0,33.6,34.4,33.1,33.9,34.0,34.3,32.3,35.0,33.3,33.8,32.7,32.6,32.6,33.7,33.9,32.8,33.0,33.1,33.1,32.4,33.8,33.2,33.9,32.0,33.1,33.1,32.7,33.1,32.9,33.9,34.3,32.9,33.3,33.7,34.0,34.5,35.8,34.0,34.4,33.5,34.4,33.6,33.3,32.3,34.1,33.1,32.4,32.6,32.8,33.4,32.5,33.5,33.4,33.4,32.4,32.5,33.5,33.7,32.5,32.7,32.5,33.8,33.1,34.1,34.4,34.7,33.8,34.5,33.7,33.9,34.2,33.2,33.8,34.5,33.2,32.8,34.0,33.7,34.4,32.2,34.4,33.3,33.5,32.2,33.8,33.4,32.9,32.5,33.5,32.9,33.5,32.9,33.3,32.9,34.5,33.1,35.3,34.5,34.6,33.2,34.9,33.8,33.6,32.1,34.0,33.8,33.7,32.9,34.3,33.9,33.0,33.7,32.7,33.8,32.8,33.0,33.3,32.7,32.1,33.1,31.4,33.9,32.2,33.1,33.8,33.5,32.2,33.8,34.0,33.8,33.1,33.3,34.2,33.9,32.5,33.5,33.3,34.2,33.0,33.7,33.4,34.0,33.8,33.2,34.0,32.8,34.1,32.7,33.5,32.3,33.7,32.8,33.4,32.7,33.4,32.1,33.3,32.2,33.5,33.1,34.3,33.9,33.8,32.6,34.8,33.5,34.1,33.1,32.7,32.9,34.8,32.2,34.7,32.5,33.0,33.8,31.8,33.8,33.1,33.4,32.7,33.4,33.0,33.5,32.9,33.9,32.7,nan,33.7,33.9,32.5,32.7,33.3,34.7,33.0,34.2,34.2,33.7,33.2,34.2,33.7,34.4,32.3,33.5,33.2,34.7,34.7,32.5,34.7,33.6,33.4,32.0,33.3,33.5,33.9,32.6,33.7,33.8,33.5,32.4,32.8,32.7,33.3,31.9,33.6,34.4,33.3,33.7,34.2,34.1,34.6,33.1,34.2,34.2,34.0,32.8,33.9,34.1,32.8,33.3,33.4,33.5,32.0,32.8,33.2,33.6,32.4,33.5,33.3,34.2,32.5,32.9,33.1,34.0,32.3,33.8,32.8,34.8,32.8,33.7,33.6,34.2,32.8,33.2,34.2,33.8,32.6,33.9,34.1,33.9,35.2,33.6,34.7,32.6,32.6,31.9,33.7,33.9,34.1,32.9,33.4,34.0,33.2,32.7,33.9,32.1,33.6,32.1,33.7,33.7,34.3,32.8,33.9,34.0,34.4,33.6,34.2,33.4,34.8,32.0,34.9,34.0,33.0,33.9,32.7,34.0,32.7,33.9,31.1,34.2,32.1,33.9,33.3,34.5,32.6,33.2,34.0,34.1,33.3,32.9,32.9,34.8,32.4,34.2,35.3,34.0,32.6,33.4,33.6,34.3,33.1,34.6,33.6,34.9,34.9,33.0,34.7,34.5,34.1,32.5,33.4,33.1,33.9,33.6,33.9,32.2,33.5,32.7,33.7,33.3,33.2,32.8,33.7,33.5,33.2,32.9,33.9,33.9,34.8,33.0,33.9,33.7,33.3,33.3,34.5,33.3,32.1,33.7,33.1,33.9,32.8,32.9,32.8,34.6,32.5,33.9,33.5,34.8,33.3,33.6,33.3,33.7,32.1,33.3,33.4,34.2,33.8,33.2,34.3,35.0,33.4,35.0,32.8,34.6,33.4,33.3,33.4,34.5
1785306129.963278,1811,33.7,33.0,34.0,34.2,32.6,33.1,33.6,32.2,32.9,33.1,33.2,33.4,31.1,32.6,33.6,32.9,32.9,33.0,33.8,33.3,32.9,32.6,33.0,33.2,33.0,32.0,32.8,33.3,33.6,31.3,34.9,32.5,33.5,32.9,33.9,33.2,34.0,32.9,33.6,33.9,33.2,32.9,32.5,33.7,32.7,32.9,33.5,33.1,32.5,32.5,32.6,33.8,33.4,32.5,32.5,33.1,32.1,32.9,32.4,34.1,34.1,33.3,33.7,33.7,33.6,33.1,32.5,33.9,33.0,32.4,34.5,33.8,31.9,32.9,33.5,32.3,32.3,32.7,32.5,32.9,32.0,32.8,33.2,32.6,33.3,32.1,32.6,33.2,32.9,32.8,33.5,33.6,33.7,32.3,33.8,33.3,33.0,33.1,33.5,34.2,33.3,33.1,32.6,34.0,33.5,32.6,31.8,33.1,31.2,32.1,32.4,32.8,33.2,33.0,33.0,33.0,32.8,32.1,32.3,33.5,33.4,32.9,32.6,34.1,33.0,32.6,33.2,33.6,33.9,32.3,33.8,33.0,33.9,32.8,33.6,33.3,33.0,33.4,32.8,32.6,33.0,33.0,33.1,32.0,33.4,31.9,33.0,33.6,33.9,34.1,33.8,33.2,33.3,33.5,33.8,33.4,33.4,32.6,32.5,33.1,33.1,32.0,33.4,34.8,33.6,32.5,32.5,32.4,33.7,33.3,33.1,33.0,32.2,33.1,33.1,33.3,32.6,32.8,33.4,34.1,33.9,34.1,33.3,32.9,32.8,33.1,33.5,33.3,33.1,32.5,32.6,34.2,34.4,34.0,33.0,33.5,32.5,32.4,33.7,33.6,33.1,32.8,33.5,33.4,32.1,33.2,32.6,33.3,32.7,33.3,34.2,34.1,34.3,34.3,32.8,33.4,32.4,32.3,34.1,33.1,33.3,32.4,34.2,33.7,33.5,33.4,33.1,33.4,32.6,33.0,33.3,33.9,32.8,33.7,32.9,33.3,33.0,33.0,32.2,33.9,32.8,32.4,32.5,34.7,34.2,33.8,33.3,33.4,33.2,33.6,33.1,34.3,33.2,33.8,34.5,33.3,31.7,33.0,33.9,33.2,33.9,32.7,34.3,34.2,33.2,32.2,33.0,33.2,33.8,32.2,33.3,33.1,33.5,32.9,34.7,34.1,33.3,34.0,33.8,33.6,32.7,32.9,32.3,33.3,33.0,33.5,34.6,34.3,33.6,32.7,32.2,34.3,32.5,33.2,32.5,32.6,32.5,32.9,32.8,33.1,32.6,32.3,33.3,33.9,33.8,34.0,34.6,34.7,33.5,33.6,34.3,34.7,33.8,33.7,33.9,33.1,32.7,33.9,32.1,33.8,32.8,32.7,34.2,33.0,33.0,32.9,32.2,33.7,33.9,33.4,34.0,32.7,32.5,32.9,33.8,33.8,34.0,34.0,33.9,34.5,33.5,34.0,34.2,33.3,33.0,34.1,33.6,32.9,33.1,33.0,34.3,32.8,33.4,33.0,33.9,33.5,32.9,32.9,33.5,34.3,33.2,33.1,33.1,33.4,32.6,31.7,32.5,33.4,34.4,34.2,34.0,34.2,34.0,33.4,33.5,34.2,33.3,34.3,33.0,34.0,33.7,32.8,32.4,34.1,33.7,32.7,33.6,33.6,32.5,33.4,33.1,33.7,32.7,32.6,33.6,32.8,33.6,33.5,33.5,33.2,34.3,33.0,34.7,34.0,33.8,34.0,34.0,34.1,34.4,33.8,34.0,32.8,34.4,33.3,33.5,33.9,33.4,31.6,33.1,34.5,31.5,33.5,33.4,33.8,32.6,33.2,32.6,33.7,33.3,33.2,33.6,33.5,33.9,33.8,34.4,34.2,33.6,33.6,34.4,34.7,34.0,34.7,33.4,32.7,32.4,32.8,33.0,33.9,33.1,33.1,33.2,34.2,32.8,31.6,34.5,33.5,33.2,32.6,32.6,33.5,32.8,32.7,33.5,33.8,33.9,33.5,34.8,33.7,34.3,32.1,33.4,34.6,32.9,32.9,34.2,33.7,33.3,33.3,34.5,33.9,33.3,33.9,34.2,33.6,33.1,33.7,32.9,34.6,32.5,33.2,33.0,33.2,33.1,33.1,33.1,34.1,32.5,33.6,33.3,34.8,33.6,33.0,34.2,34.8,33.3,33.8,33.6,34.0,33.4,33.0,33.2,34.0,33.8,34.8,33.7,33.3,32.5,32.7,33.1,33.5,32.5,33.6,33.6,33.5,33.6,33.0,33.6,33.7,32.5,33.2,33.5,33.3,34.0,33.8,34.0,34.1,33.4,33.4,34.4,33.6,33.3,32.9,34.3,33.6,33.1,33.2,32.7,33.4,33.2,32.5,33.1,33.9,34.0,33.7,33.4,33.7,33.3,nan,33.1,33.6,32.3,33.1,33.4,34.6,33.1,33.4,33.9,34.6,33.2,33.1,33.4,34.2,34.0,33.3,34.0,34.3,33.6,32.7,33.9,33.3,33.6,33.4,34.4,34.7,33.0,33.6,34.3,34.3,33.3,33.3,33.2,32.8,33.7,32.8,33.6,34.7,33.6,33.8,34.2,34.3,33.9,32.8,34.6,33.2,34.7,33.5,34.1,35.3,33.8,33.9,33.4,34.3,33.2,33.2,33.9,33.3,33.2,33.2,33.4,33.3,33.1,32.6,32.6,33.7,33.1,33.1,33.3,34.1,33.8,33.2,33.0,34.9,33.0,34.0,33.9,33.3,32.9,33.7,33.2,34.3,33.9,33.9,33.4,34.0,32.6,33.1,33.7,33.3,32.9,33.2,33.4,33.7,33.4,33.5,33.6,33.5,33.3,33.6,32.5,33.6,34.3,33.5,34.5,33.6,33.2,33.5,34.0,32.7,34.4,33.0,33.2,34.2,33.1,33.9,34.3,34.7,33.6,33.7,33.7,34.4,33.3,34.4,32.7,33.7,33.6,33.1,34.3,33.6,33.4,32.9,33.2,34.3,33.7,34.2,34.6,34.4,33.1,34.7,34.1,34.0,32.3,33.4,34.1,33.6,33.1,32.9,34.9,34.6,33.9,33.5,33.4,33.0,33.5,33.7,33.2,32.3,33.2,33.2,33.4,33.8,33.4,32.4,34.1,33.4,33.7,33.1,33.9,33.9,33.5,33.7,35.3,34.4,34.1,34.5,33.6,34.1,33.4,34.0,33.4,34.5,32.4,34.0,33.7,34.1,33.2,33.5,32.9,34.5,34.1,34.0,34.3,32.7,33.1,33.5,33.0,35.4,34.1,33.8,33.9,34.3,33.5,32.3,32.3,34.6,33.3,34.0,33.3,35.7
1785306131.8029952,1812,32.8,33.2,32.9,32.9,32.9,32.5,31.9,31.6,33.0,32.0,32.5,32.5,32.4,31.9,32.2,33.6,32.8,31.9,32.4,32.5,32.6,32.1,33.1,32.9,32.6,32.1,32.0,33.2,34.1,33.3,33.3,33.2,34.5,33.8,33.5,33.1,32.6,31.7,32.0,32.6,32.9,32.6,33.2,32.8,32.9,31.5,32.5,32.2,32.6,32.1,33.1,33.0,33.6,31.8,33.0,33.4,32.6,32.8,33.4,33.1,32.9,31.8,32.8,33.3,31.4,33.7,33.5,33.8,31.8,33.3,32.0,34.0,33.1,33.0,31.9,31.8,32.7,32.2,33.1,33.7,32.4,33.2,33.5,32.3,32.6,32.9,32.7,33.7,33.7,31.9,32.2,33.1,34.0,32.6,33.7,33.9,34.4,32.8,33.4,32.3,33.4,32.2,32.3,32.3,33.8,33.3,33.5,32.4,32.3,33.4,32.5,32.5,33.1,32.9,33.9,32.6,33.6,32.2,33.0,33.0,33.7,33.3,32.5,33.0,33.5,32.0,32.8,33.3,32.2,33.6,31.6,33.5,33.2,33.0,32.7,33.9,32.4,32.9,32.7,32.7,33.0,32.1,32.2,32.6,32.4,32.5,32.5,32.4,33.2,34.3,33.5,33.4,32.5,32.8,33.5,32.7,32.9,32.5,34.6,33.7,32.5,31.4,33.3,33.0,33.1,31.8,32.4,32.1,33.1,32.7,32.9,33.2,33.5,32.8,32.5,33.0,33.4,32.8,32.3,32.8,34.3,34.0,33.6,33.6,32.9,33.2,33.4,33.1,34.6,33.4,33.8,33.8,33.0,32.3,33.3,33.6,32.2,32.6,32.9,34.0,32.8,32.5,32.9,33.4,32.6,33.0,32.5,32.7,32.1,33.1,33.1,33.4,34.5,34.2,32.9,33.1,33.4,33.3,33.1,33.7,32.9,32.9,32.2,33.2,33.1,32.4,33.4,32.9,33.1,32.9,33.5,32.5,33.8,32.6,33.3,32.5,32.7,32.4,32.2,32.9,33.3,32.1,32.3,33.9,33.4,34.0,33.3,33.3,33.0,32.0,33.5,32.7,32.9,33.5,32.5,32.4,32.5,34.0,32.2,32.6,32.6,32.6,32.6,33.5,32.8,32.4,31.8,32.9,33.2,32.4,32.9,32.5,33.4,33.7,33.8,33.8,34.3,34.0,34.2,34.2,33.3,33.2,33.3,33.9,34.2,32.2,33.9,34.6,33.5,31.3,32.5,33.6,33.0,32.6,32.5,32.5,33.6,32.5,33.0,33.7,32.6,32.5,32.9,32.6,33.6,32.6,33.7,34.1,34.4,32.8,34.7,33.8,33.9,33.5,33.6,33.2,33.0,32.4,32.6,33.3,32.5,33.6,32.9,33.5,33.9,32.9,32.2,33.2,33.3,33.0,32.6,33.0,33.2,32.6,32.5,33.4,33.7,34.5,34.3,34.7,33.6,33.7,33.5,33.5,33.8,33.2,34.2,33.9,32.6,32.7,33.6,32.7,33.9,32.6,33.2,33.0,33.2,33.2,32.6,32.9,32.9,32.8,32.4,33.6,33.0,32.8,33.2,33.1,33.8,33.5,33.3,33.1,33.5,33.9,34.5,33.4,33.2,34.1,33.5,33.2,32.9,33.1,31.7,33.0,32.8,33.2,31.5,33.9,33.5,32.9,33.0,33.2,32.6,33.2,32.4,33.0,33.1,32.8,32.9,33.6,34.4,33.7,33.3,33.3,33.9,33.8,33.4,34.4,34.1,34.5,33.0,33.1,32.3,32.3,32.8,33.5,33.5,32.5,32.6,32.7,32.5,32.1,32.4,33.3,33.0,31.9,34.0,33.3,32.7,32.7,33.1,32.4,33.8,32.6,34.6,34.0,33.3,34.1,34.4,33.6,34.5,33.7,33.8,34.4,33.4,32.7,34.0,33.6,33.0,32.8,33.1,33.4,32.5,33.5,33.0,33.2,33.1,33.3,33.5,32.7,33.5,33.7,33.1,33.3,33.3,33.6,34.0,34.6,33.5,32.8,34.3,34.7,33.3,33.0,33.0,33.4,33.6,32.3,34.2,33.5,33.4,33.0,32.9,33.3,33.9,32.5,34.7,33.0,33.2,33.4,33.3,32.6,33.5,32.5,33.0,32.9,34.0,32.7,33.2,33.5,33.3,33.2,33.9,33.5,33.2,33.5,33.5,33.4,33.8,31.6,33.6,33.9,32.4,32.6,33.5,33.6,32.8,33.1,33.4,33.7,33.4,32.9,31.8,33.5,32.4,33.2,33.0,33.4,32.9,33.6,33.0,33.4,33.5,33.6,34.0,34.5,33.2,33.0,33.0,33.8,33.0,33.2,34.0,33.5,32.8,33.1,32.8,33.3,32.6,32.0,32.8,32.6,34.1,33.6,33.7,33.3,33.2,nan,33.1,32.7,32.8,33.4,33.0,33.3,33.6,34.3,34.3,32.6,32.9,33.9,32.8,33.7,33.3,33.4,34.1,34.0,33.1,34.0,32.9,34.0,32.0,32.9,33.7,34.1,32.2,33.1,33.1,33.7,32.7,32.5,32.7,33.5,31.9,32.9,33.3,34.1,32.7,33.7,33.1,34.3,34.3,33.1,32.6,33.4,32.9,33.5,34.6,34.5,33.9,31.9,33.3,32.6,32.9,32.9,33.3,33.3,33.9,33.1,33.1,33.2,32.9,32.7,33.0,33.3,33.5,32.5,33.5,34.2,34.0,33.6,33.2,34.5,33.9,32.8,33.5,33.1,33.4,33.0,33.3,33.6,33.1,33.8,33.1,34.5,31.9,33.0,32.4,34.7,32.8,33.8,31.9,34.2,32.1,33.5,33.3,33.7,33.2,32.8,33.4,33.7,33.3,34.1,33.8,33.6,33.3,32.5,33.3,34.4,33.9,32.7,33.9,34.0,33.9,32.7,33.5,33.7,34.2,33.6,33.4,34.5,33.6,32.9,33.5,33.7,33.8,33.1,33.5,33.8,33.6,33.1,33.1,33.8,33.6,33.3,33.4,33.6,33.3,34.0,34.0,33.9,33.4,33.5,33.2,33.9,33.2,33.1,33.0,33.9,33.4,34.0,32.5,33.3,32.5,33.8,32.1,32.9,33.3,33.3,34.0,33.0,33.3,33.0,33.4,33.1,33.8,33.5,33.4,34.5,34.5,33.6,34.0,33.5,33.0,33.4,34.6,34.2,32.6,33.4,33.8,33.5,33.7,32.6,33.4,34.5,34.6,33.6,33.1,33.5,34.6,33.3,33.7,32.2,32.8,32.8,32.9,33.5,34.0,33.5,33.2,33.2,34.2,34.1,34.2,33.5,33.2,33.6,33.2,33.3
1785306133.9369104,1813,33.8,32.3,33.6,32.6,32.9,33.2,33.4,32.7,32.7,32.8,34.0,33.1,32.6,32.1,33.9,33.2,33.0,33.0,32.8,32.5,33.2,33.2,33.2,33.9,32.4,32.9,33.9,33.6,33.9,34.4,32.8,33.9,33.7,32.8,32.8,33.5,33.3,33.4,32.7,32.8,33.5,32.2,32.6,33.3,33.5,32.6,32.5,32.7,33.3,31.5,33.4,32.4,32.3,32.3,33.8,33.2,32.4,32.8,33.6,33.7,33.6,33.4,32.8,34.0,34.4,32.9,33.8,32.9,33.5,33.1,33.6,33.2,32.9,32.8,32.8,33.4,33.1,33.1,32.6,33.3,33.1,31.9,33.3,32.4,33.3,32.5,33.2,32.9,32.4,34.0,33.6,34.1,33.1,33.0,33.2,34.1,32.9,33.0,32.9,33.6,33.2,32.6,33.5,31.9,32.8,33.6,34.0,32.8,32.3,33.2,32.1,33.1,32.9,32.9,33.2,33.6,33.6,33.7,33.5,33.4,32.9,33.7,33.5,33.1,34.5,33.3,33.3,33.5,33.1,32.8,32.5,32.8,33.0,33.0,33.3,32.9,32.7,32.9,33.2,32.5,33.4,32.4,32.8,33.2,32.9,32.5,33.2,33.3,33.9,33.9,33.1,32.7,33.3,33.0,33.5,32.5,33.7,32.9,32.4,34.3,33.2,33.0,32.2,32.3,32.9,32.2,32.8,32.7,32.7,32.5,33.0,33.1,33.3,32.6,32.4,33.0,33.2,32.7,32.6,33.3,34.8,33.3,33.0,33.3,32.9,33.9,33.8,33.5,33.2,32.8,34.0,34.4,33.6,33.2,32.9,33.2,33.3,33.0,33.2,33.4,34.5,33.5,32.5,33.7,32.3,33.3,32.8,32.7,32.9,32.4,32.8,34.2,34.3,33.5,33.7,32.9,33.4,33.6,32.9,33.3,32.6,33.2,33.8,34.6,33.1,32.6,31.5,33.5,32.5,32.9,32.8,33.0,32.9,32.9,32.1,33.5,32.9,33.0,33.4,34.0,32.8,33.1,34.0,34.5,33.1,33.5,33.3,34.0,32.6,32.6,33.7,33.2,32.5,33.7,33.1,32.6,33.3,33.1,33.6,33.8,32.2,33.4,33.0,32.3,33.9,32.9,32.1,32.9,32.7,33.0,32.4,33.5,33.5,33.5,34.1,33.8,33.6,33.4,34.0,32.5,33.1,34.0,33.5,32.7,33.3,33.5,32.9,32.7,33.0,33.8,33.1,33.6,32.7,33.6,33.0,33.6,33.4,32.8,32.8,32.5,32.3,32.9,32.9,33.6,33.2,33.9,33.4,35.0,33.7,33.8,34.2,34.1,33.7,33.5,33.4,34.4,33.1,32.6,33.0,33.1,33.5,33.2,31.9,34.4,32.6,33.3,32.9,32.7,32.4,32.4,33.2,33.0,32.5,33.1,33.2,33.1,33.8,33.4,33.7,34.0,34.0,34.2,33.8,33.3,33.4,33.8,32.6,33.3,34.1,33.0,33.2,33.9,32.8,32.2,32.4,33.6,33.7,32.8,32.9,32.8,33.6,33.0,32.9,34.1,33.3,32.8,33.5,32.8,34.1,33.1,33.6,33.4,33.9,33.4,33.8,33.9,33.3,33.7,33.3,33.5,32.9,33.2,32.6,33.3,34.2,33.6,33.3,34.8,33.7,32.5,33.0,33.4,32.6,33.0,33.3,33.6,33.2,32.6,32.7,33.1,33.2,33.1,34.5,34.8,34.7,34.4,34.3,34.3,34.5,32.7,33.9,33.4,33.7,32.3,33.3,34.1,33.3,33.1,32.8,34.0,33.6,32.8,33.3,33.0,33.7,33.4,32.9,33.2,33.1,32.9,33.3,32.8,33.1,33.5,33.6,33.9,34.1,33.4,33.6,34.1,33.3,33.2,33.2,34.2,32.7,33.0,33.6,33.2,33.6,33.2,33.5,33.1,33.5,32.8,32.8,32.8,33.1,31.8,33.3,33.2,33.4,33.1,33.4,33.1,33.4,34.0,33.5,34.1,33.7,33.4,33.1,34.3,33.3,33.3,33.5,33.6,32.8,33.8,34.1,32.9,34.9,33.4,33.1,33.7,32.4,33.4,33.3,32.8,32.9,33.4,32.6,31.9,33.8,32.7,32.6,33.7,33.6,33.2,33.7,34.5,32.6,34.1,33.6,33.8,33.0,32.7,34.9,33.5,32.7,33.1,33.4,33.6,33.2,33.2,33.1,33.4,32.9,33.3,32.8,32.7,32.6,32.9,33.3,34.2,32.5,33.2,33.5,32.9,32.1,33.2,33.7,34.0,33.5,34.0,32.8,33.7,33.6,33.3,33.5,33.3,33.5,32.2,34.6,32.9,34.3,33.1,32.4,33.7,32.9,32.7,33.5,32.7,33.4,34.4,33.1,33.1,33.5,nan,32.8,33.6,32.5,33.2,33.3,33.3,34.4,34.3,34.2,34.9,33.2,33.9,33.3,33.0,32.9,32.8,34.4,34.0,33.7,33.8,33.3,34.3,33.5,33.1,33.9,34.1,33.6,33.8,33.8,32.1,33.0,32.7,32.7,33.0,33.4,33.4,33.2,33.2,34.0,33.5,33.9,34.0,34.3,33.2,34.4,34.3,32.7,33.3,33.8,33.7,32.8,33.2,34.3,33.7,31.8,33.8,33.4,33.5,32.9,32.7,32.9,33.2,32.9,33.1,32.8,33.9,33.2,33.0,33.5,33.8,33.0,33.4,33.7,35.0,32.8,32.8,33.4,33.7,33.4,33.8,33.7,33.3,33.5,33.8,33.7,34.1,33.3,34.0,33.2,33.4,33.3,33.2,33.5,33.8,33.1,33.2,34.0,33.0,33.4,33.2,32.9,33.8,34.3,32.8,34.5,33.4,34.1,33.8,33.3,33.4,33.3,33.4,33.7,35.1,33.4,33.8,33.7,33.9,32.9,34.0,33.7,33.2,32.8,33.4,33.3,33.3,33.1,32.2,34.1,33.3,33.1,32.6,33.1,34.2,33.4,32.5,33.5,34.8,33.0,33.3,33.4,33.1,34.1,34.1,35.1,35.2,33.2,34.2,34.1,33.2,33.4,33.9,33.1,32.9,33.0,33.9,33.0,33.8,33.4,32.9,34.0,34.0,33.1,32.8,33.2,33.5,33.2,32.9,33.7,34.5,34.7,33.6,34.0,32.3,33.8,32.5,33.9,33.5,32.8,34.0,33.3,34.8,33.3,33.4,33.2,34.1,33.3,33.4,34.9,33.5,33.3,31.9,33.7,33.3,32.6,32.8,32.5,33.5,33.8,33.1,33.0,34.0,33.2,33.7,32.8,33.5,33.2,34.6,33.6,33.9
1785306136.3120139,1814,33.6,32.1,33.2,32.4,33.6,31.2,32.4,32.5,33.4,31.9,33.1,31.2,33.2,32.3,32.4,32.8,32.8,32.3,32.2,31.9,34.3,32.5,32.5,32.5,33.5,31.7,33.1,33.0,34.2,31.4,32.5,32.7,32.9,32.3,32.6,34.0,30.6,32.8,34.0,33.2,31.3,32.4,32.6,32.6,33.7,32.8,32.5,32.6,31.5,33.0,32.5,31.9,31.8,33.9,31.7,32.4,32.4,32.4,32.6,32.9,32.5,33.9,33.6,33.3,34.2,32.7,32.9,32.5,32.9,31.9,34.2,33.5,34.1,32.2,32.3,33.1,33.1,31.7,32.2,32.6,32.8,32.8,32.4,33.0,33.5,32.9,33.8,32.4,33.6,31.9,33.6,33.5,33.6,33.1,33.7,32.7,31.9,32.3,32.7,33.2,32.6,33.2,33.1,31.6,31.7,33.5,31.5,32.8,32.3,32.9,32.8,32.7,33.5,33.3,32.2,33.6,32.1,33.3,32.8,32.5,32.0,33.9,33.3,32.8,33.1,32.9,33.3,33.3,33.4,32.9,32.5,32.6,33.2,32.3,32.7,32.8,34.0,32.2,32.4,32.5,32.7,32.6,32.3,32.8,32.8,32.3,32.4,33.8,35.3,34.1,32.8,33.2,33.7,32.1,33.9,34.3,33.5,32.5,33.3,34.4,32.3,33.0,32.9,31.7,31.7,33.4,33.6,33.5,33.1,33.0,32.5,32.2,32.7,33.3,32.8,32.9,31.9,33.0,32.5,32.5,33.7,33.3,32.7,32.8,33.1,32.7,33.8,33.3,32.6,33.6,33.0,34.0,33.9,32.3,32.3,33.0,33.0,32.6,32.2,32.6,34.0,32.5,33.7,32.6,33.0,32.0,32.8,33.0,33.4,32.8,33.0,33.1,34.0,33.2,32.9,33.5,33.2,34.0,32.3,33.0,33.2,33.7,33.7,33.8,33.6,32.2,32.0,33.3,31.8,32.9,32.6,32.3,32.8,33.1,32.8,32.7,32.3,32.4,33.9,32.6,32.2,33.4,33.4,33.8,33.9,34.5,33.7,33.7,32.6,33.7,32.2,33.1,32.7,34.9,34.4,33.9,33.1,31.6,32.8,33.1,33.4,32.5,32.6,32.8,33.9,32.1,32.3,33.1,33.4,32.6,33.4,33.2,34.3,33.7,33.0,33.7,33.8,32.7,32.7,33.2,33.9,33.8,33.7,34.1,34.0,32.8,32.5,32.8,32.4,33.4,32.1,32.2,33.0,33.7,32.7,33.2,32.7,33.7,32.8,32.5,32.1,33.4,32.4,32.6,32.8,34.1,33.4,33.8,33.3,34.0,33.0,33.1,33.7,34.1,34.5,33.5,32.8,33.4,33.0,35.1,33.3,32.2,34.1,33.9,34.5,32.2,32.8,32.7,33.1,32.5,32.1,32.6,33.4,31.7,33.3,33.9,34.2,33.1,32.9,32.6,34.4,33.2,33.6,33.9,33.6,34.0,33.5,32.8,33.6,31.7,32.8,33.9,31.4,32.0,32.6,32.4,32.6,32.8,32.7,33.0,32.4,34.0,33.4,32.3,33.0,32.7,32.4,33.0,34.1,33.3,33.3,33.6,33.2,33.8,34.0,33.6,32.3,34.2,33.3,33.2,32.7,33.3,33.5,33.6,34.9,32.0,32.0,33.7,34.1,32.9,32.9,32.5,33.6,32.0,32.6,33.2,33.6,31.8,33.3,32.9,34.4,33.4,34.2,33.8,34.2,33.1,34.0,33.5,35.2,32.7,32.7,33.6,34.5,32.1,33.0,33.2,32.0,33.5,32.5,33.3,32.0,33.6,32.6,32.8,32.0,32.7,33.1,32.9,32.5,32.7,32.2,33.5,33.0,34.1,34.4,34.4,32.7,33.5,33.6,33.6,33.0,33.4,33.5,33.2,32.3,34.2,33.7,33.6,34.5,33.0,32.2,33.2,33.9,32.4,32.8,32.7,33.1,32.3,33.0,32.6,33.4,32.1,32.9,32.1,33.6,32.8,33.5,34.4,33.5,33.3,33.9,34.0,33.3,32.5,32.8,32.0,33.4,32.1,33.4,33.6,32.6,33.2,32.9,33.5,32.8,33.1,33.0,33.2,32.1,33.7,33.4,33.6,32.5,33.8,32.7,32.4,33.0,33.5,33.7,34.2,33.1,34.2,34.1,33.8,32.5,33.0,34.0,33.0,32.0,33.3,33.5,33.3,33.3,33.0,33.6,33.6,34.1,32.7,33.0,33.0,33.6,32.4,32.5,33.4,33.8,32.4,32.2,32.8,33.5,31.8,33.1,34.7,33.5,33.2,33.5,33.5,34.0,33.1,33.9,32.6,33.7,32.8,34.2,33.9,31.3,33.9,32.4,33.1,32.4,33.1,32.8,33.1,32.9,34.4,33.8,33.1,33.0,nan,33.4,33.5,32.2,32.4,32.5,33.2,33.1,33.8,33.4,33.5,32.8,34.4,33.7,32.3,33.5,34.2,33.9,33.4,33.5,32.3,34.2,32.8,33.5,32.4,33.5,33.9,33.3,32.6,33.5,33.7,33.6,32.2,33.1,32.7,33.9,32.7,33.5,33.7,34.4,33.4,32.9,34.0,34.3,33.8,33.2,33.8,34.2,32.2,33.6,33.3,31.5,33.8,33.3,32.8,32.6,33.5,32.5,34.3,32.7,33.3,32.9,32.9,33.4,33.2,33.5,33.5,32.9,33.2,33.3,34.0,33.7,32.8,32.4,33.6,32.9,34.2,32.5,33.0,32.7,33.6,34.1,34.4,34.7,34.0,33.5,33.9,33.5,33.2,33.2,33.6,32.9,31.9,33.0,34.0,32.8,33.4,33.1,32.2,33.2,33.2,33.1,33.9,34.7,33.4,34.0,33.5,33.8,34.2,33.1,33.8,33.7,33.7,33.5,33.4,33.0,33.6,32.5,34.6,31.3,34.9,33.4,33.0,32.1,33.8,32.9,33.7,32.3,33.0,32.9,33.7,33.3,33.0,33.6,33.3,33.3,32.8,35.5,32.9,32.8,33.5,33.0,33.1,33.0,33.3,34.5,34.8,34.4,33.1,34.6,34.1,33.6,32.6,32.7,33.3,33.4,33.4,33.1,32.8,33.6,32.9,33.3,32.6,32.6,33.0,32.7,33.7,34.2,32.4,34.0,33.8,35.3,32.4,34.0,32.6,34.8,32.5,34.6,34.5,32.2,34.1,32.9,34.4,31.6,34.4,32.0,33.4,32.6,33.4,33.7,33.3,33.0,33.5,33.0,33.3,32.3,32.5,33.5,33.7,33.3,33.5,33.2,33.8,33.2,34.9,33.4,33.7,33.8,34.1,34.1,34.9
1785306138.1823988,1815,33.0,32.6,32.9,34.4,33.8,32.7,31.5,33.6,33.4,31.7,33.1,33.9,32.3,32.5,33.6,33.4,33.0,32.0,33.5,33.2,32.8,32.7,33.3,32.9,32.5,33.3,33.6,34.1,35.1,33.5,33.8,33.2,33.7,33.6,34.3,31.6,33.9,32.4,32.7,34.0,32.1,32.0,32.6,33.8,31.7,34.1,32.7,32.0,32.2,33.7,32.7,34.8,32.9,32.6,33.6,32.8,32.6,33.8,32.8,32.9,32.7,32.5,32.8,33.8,32.7,33.0,32.6,34.3,33.5,32.5,33.0,33.9,32.9,32.6,32.5,33.3,32.9,33.5,32.8,32.8,33.8,32.5,33.8,32.8,33.0,33.0,33.8,32.6,32.6,32.9,33.4,33.9,32.7,31.8,33.0,33.9,32.9,33.3,33.4,33.0,32.1,32.2,33.3,33.1,32.9,33.5,32.4,33.3,32.5,32.9,32.7,32.9,32.6,32.4,32.4,34.0,33.3,32.9,33.0,33.0,32.7,33.0,32.3,33.8,33.3,33.3,32.1,33.3,33.1,32.9,32.8,33.1,32.2,32.3,33.9,33.5,32.6,32.0,32.4,32.3,32.4,32.3,32.5,32.9,33.4,32.5,32.9,34.0,35.1,34.0,32.8,33.8,33.5,33.4,33.5,33.7,32.1,32.5,33.8,33.5,32.8,32.5,33.1,32.6,32.9,31.8,33.0,32.9,32.2,33.7,33.4,33.1,32.7,33.0,31.9,32.9,32.4,33.7,33.7,33.4,34.2,34.3,33.7,33.1,33.4,33.4,33.2,32.8,33.6,32.8,32.8,33.2,33.0,32.3,34.4,34.0,32.2,33.0,33.1,34.0,33.7,32.7,32.9,33.6,33.0,32.6,32.0,33.0,32.9,32.6,33.0,33.9,34.3,33.4,33.1,33.5,33.4,33.1,32.9,33.5,34.0,32.1,33.2,33.6,33.1,33.3,32.4,33.5,31.9,32.1,33.0,33.2,33.3,33.4,32.8,33.4,32.6,33.1,32.4,32.9,32.3,33.6,33.6,33.4,33.8,33.7,33.0,34.4,33.7,33.5,33.3,33.8,33.5,33.3,32.9,33.4,32.5,32.7,33.0,33.9,32.5,33.4,32.5,34.1,32.6,32.6,32.9,33.4,33.4,32.6,32.9,33.2,33.5,33.1,34.1,33.2,33.4,33.4,33.7,33.5,34.1,33.2,33.9,32.9,34.0,33.5,33.1,33.0,32.6,33.2,33.1,34.0,32.6,33.5,32.9,32.7,32.2,33.2,32.5,32.9,32.8,33.0,32.8,33.6,33.1,34.4,34.2,33.6,33.3,32.8,34.2,33.3,33.0,34.2,34.5,33.7,32.4,34.3,33.4,34.1,32.9,32.2,33.9,33.3,33.0,32.0,31.9,33.8,33.0,32.3,32.9,33.1,32.7,32.8,33.4,33.9,33.7,33.6,34.2,34.5,33.7,32.9,33.6,33.9,33.8,32.8,33.7,33.2,33.8,32.3,32.2,33.3,33.5,32.2,33.8,33.8,31.9,33.5,32.7,33.1,32.9,32.5,32.7,33.4,32.7,34.1,33.4,33.6,33.3,33.9,33.7,33.6,33.3,34.4,33.7,33.4,32.8,33.7,33.1,33.6,32.4,33.6,33.5,33.8,33.2,33.4,33.9,33.9,33.0,32.8,32.5,33.4,33.0,32.0,33.5,33.3,32.6,32.3,33.3,33.1,33.6,33.7,34.5,33.9,34.5,33.4,34.2,35.0,34.2,33.2,33.7,33.6,32.8,32.9,33.2,33.7,33.5,33.9,33.6,34.0,32.1,33.2,32.2,33.3,31.9,32.6,33.7,33.1,32.0,33.2,32.8,32.9,33.2,33.7,34.3,34.0,33.8,33.3,33.9,33.8,33.7,32.9,33.4,33.2,32.1,32.9,33.3,34.0,34.1,33.6,33.5,33.2,33.2,32.8,32.3,34.1,32.8,33.5,32.9,33.7,33.6,32.6,33.1,32.6,33.3,32.9,34.0,33.6,33.9,33.3,33.7,33.5,33.3,32.5,33.8,34.0,33.6,32.9,33.0,33.7,33.0,32.8,33.3,33.3,32.6,32.5,34.4,33.2,32.7,32.7,33.1,33.5,32.5,32.7,32.8,33.2,32.9,33.5,33.9,34.5,33.5,34.2,33.6,33.8,31.9,32.9,33.5,32.5,32.7,33.1,33.2,33.7,33.7,33.2,33.8,34.6,33.3,32.2,32.9,33.8,33.3,33.1,32.8,32.7,32.9,33.1,33.0,33.4,32.6,32.0,33.6,33.7,33.2,33.1,34.0,33.7,33.9,32.8,33.9,34.2,33.9,32.6,33.6,34.1,33.0,33.9,32.4,33.5,32.6,32.7,32.8,32.2,33.1,33.4,33.4,33.3,32.6,nan,33.0,33.7,33.0,32.9,33.5,34.2,33.0,34.0,33.4,34.1,32.8,34.3,34.8,33.4,33.3,33.2,33.9,33.4,32.4,33.2,33.2,33.2,32.8,33.3,32.4,34.3,33.5,33.1,33.7,33.2,32.9,33.4,32.2,33.4,33.6,33.4,33.7,34.1,33.4,32.6,34.0,34.0,34.9,32.9,34.1,34.2,34.2,33.2,33.6,35.2,33.7,33.0,33.7,33.8,33.1,33.8,33.6,33.5,33.3,32.4,33.6,33.6,33.0,33.0,33.1,33.1,32.9,32.9,33.3,34.4,33.0,34.5,34.1,34.5,32.9,33.3,34.6,33.3,32.7,34.0,34.1,34.0,33.3,33.8,33.6,35.2,33.1,33.4,33.0,33.6,33.3,32.2,32.6,33.5,33.3,33.2,33.0,33.2,33.4,32.0,33.8,34.0,33.5,32.9,33.6,33.3,33.6,32.5,34.3,33.8,33.7,33.9,33.7,34.3,33.2,34.5,33.8,33.7,33.9,33.8,34.3,33.9,31.6,33.8,33.1,33.6,33.5,33.5,33.6,34.0,33.8,33.0,33.3,33.3,33.4,34.0,33.7,34.0,33.0,34.6,33.2,33.9,33.0,34.1,33.0,34.8,33.0,32.8,32.1,34.5,34.8,32.6,33.1,33.1,32.7,32.7,33.1,33.6,33.5,33.1,33.5,33.3,32.4,32.8,33.4,34.5,33.5,32.1,34.5,33.4,34.9,33.2,34.0,33.9,34.0,32.9,34.0,33.8,31.7,34.1,33.5,32.9,33.5,32.7,33.2,33.2,32.0,33.4,33.1,33.3,32.6,33.3,32.8,32.8,32.4,33.2,33.3,34.1,33.6,33.3,33.0,34.4,34.4,34.7,32.4,32.9,32.4,33.8,34.3,35.4
1785306140.6129107,1816,33.1,32.1,32.9,33.9,32.7,33.4,33.3,32.5,33.6,33.0,32.7,32.9,31.9,33.0,32.8,33.0,33.2,33.6,33.0,32.7,32.7,31.7,32.3,33.7,32.9,33.5,31.8,34.0,32.6,33.1,32.6,33.7,34.7,33.1,34.0,33.1,33.9,31.7,33.7,31.6,32.9,33.2,32.8,31.7,32.4,32.1,32.5,32.4,33.7,32.1,32.5,32.8,33.6,31.5,32.4,32.1,32.6,32.8,33.0,33.3,33.8,32.7,32.1,32.6,32.5,34.4,32.4,33.1,33.3,33.1,33.0,34.4,31.6,32.6,32.7,32.4,32.1,33.8,33.0,33.5,31.6,32.3,32.3,32.5,32.1,33.2,32.3,33.1,32.6,33.4,32.2,34.1,31.7,33.5,32.0,33.7,34.4,32.8,33.2,33.0,33.6,32.2,33.1,32.2,33.0,32.9,31.5,33.3,32.7,32.7,32.7,32.4,32.4,33.0,31.7,32.8,33.1,32.4,33.0,31.8,33.5,32.6,33.3,33.6,33.7,32.3,33.5,33.5,32.4,32.1,32.3,32.6,32.4,32.6,33.5,33.0,32.0,32.7,32.0,33.4,32.0,33.3,32.0,32.8,32.8,32.3,33.2,32.4,33.1,32.6,32.8,33.0,31.8,33.3,33.7,34.1,34.3,32.5,32.7,33.7,33.9,32.3,33.1,31.9,33.5,32.6,33.0,32.7,33.2,32.0,33.0,31.9,32.0,32.5,33.0,32.6,32.9,32.4,32.1,33.0,33.5,33.5,34.4,32.6,33.2,33.2,33.2,32.8,33.0,33.0,33.6,32.8,33.5,33.6,31.7,33.4,32.0,34.5,32.9,32.9,32.3,32.6,32.7,33.4,32.8,33.0,33.2,33.3,32.6,33.1,33.2,34.2,34.2,34.2,33.1,34.1,33.1,32.6,32.2,32.8,33.5,33.4,32.2,34.4,32.7,31.6,33.4,32.9,31.9,32.2,32.4,32.3,33.1,32.4,32.6,32.5,33.1,32.1,32.6,32.1,32.8,32.5,32.9,32.3,33.1,33.1,33.0,32.8,32.8,32.5,32.8,32.6,33.1,33.7,33.5,33.5,31.8,33.1,32.0,33.4,32.5,33.9,32.8,32.5,32.8,33.6,32.1,33.9,32.9,32.4,32.3,33.0,32.6,33.1,33.7,33.4,34.2,34.3,33.7,34.2,32.8,33.2,33.0,33.6,32.4,32.4,34.7,33.4,33.7,33.0,32.9,33.4,32.4,32.6,33.4,33.3,33.0,32.3,32.3,32.9,32.3,32.0,32.8,33.0,33.3,32.7,34.2,33.8,33.1,34.8,34.3,33.9,34.2,33.9,33.6,33.5,33.2,33.6,33.8,33.1,32.3,33.2,33.5,33.4,33.1,33.1,32.4,32.5,32.5,34.0,32.6,33.2,33.2,33.1,32.9,33.3,33.9,33.1,33.2,34.4,32.8,35.3,32.5,33.7,33.3,33.2,32.7,33.0,32.1,33.6,33.0,33.1,33.7,32.3,32.6,32.4,32.6,33.0,32.6,32.8,33.6,32.2,33.0,32.8,33.1,32.5,32.9,32.2,33.9,33.5,33.6,33.2,33.8,33.5,33.2,33.1,33.0,33.6,33.3,33.0,32.5,32.7,32.9,33.0,32.0,33.6,33.6,34.3,32.8,33.5,33.2,33.0,33.3,33.0,32.6,33.1,32.8,32.9,33.1,33.1,34.2,34.2,33.2,34.4,33.3,34.4,34.4,34.0,34.5,34.4,33.6,33.6,33.0,33.4,32.6,33.1,33.1,32.1,33.4,32.5,33.0,33.2,32.9,32.3,33.9,32.3,32.5,33.1,33.2,33.4,33.8,32.7,33.5,33.7,33.5,34.1,34.7,33.8,34.3,34.0,34.9,33.3,34.0,33.0,33.8,33.3,33.0,33.6,33.3,33.0,33.3,34.3,31.8,32.6,33.0,33.7,32.6,33.3,32.2,33.7,33.2,34.4,33.6,33.3,30.9,33.6,34.4,33.7,33.5,33.6,33.7,34.9,33.2,33.3,33.4,34.3,33.4,33.8,33.8,32.9,34.0,33.0,34.1,33.5,32.8,33.3,33.7,32.1,33.1,33.4,33.3,32.3,32.5,32.7,33.3,33.1,33.0,32.9,33.7,33.2,33.8,32.7,34.3,33.8,33.9,33.4,34.0,33.2,33.6,33.5,32.8,33.1,32.6,33.4,32.2,34.4,33.3,33.7,32.2,33.4,32.9,34.1,31.0,33.0,32.7,33.9,32.9,33.6,32.9,33.2,32.9,34.2,33.0,33.9,33.2,34.0,33.2,33.1,33.0,33.5,33.0,34.3,33.8,34.1,33.4,32.5,32.4,33.9,32.9,32.5,32.9,33.0,33.2,32.6,32.7,33.3,33.0,nan,32.9,33.3,32.8,33.1,33.6,33.4,33.6,33.2,33.9,33.6,33.8,32.0,33.7,32.7,32.9,33.4,32.8,33.6,33.5,34.0,32.8,33.2,32.8,33.7,32.8,33.7,32.2,33.8,33.0,34.0,32.1,32.5,32.1,33.2,32.4,33.2,33.2,33.9,32.9,34.1,33.3,34.2,32.0,34.0,33.9,33.8,32.6,33.7,33.6,33.9,33.0,31.7,33.7,33.8,33.5,32.5,33.6,33.0,33.9,32.7,32.9,32.7,32.5,32.0,32.1,33.1,32.8,32.7,32.6,32.9,34.3,33.3,34.6,34.5,33.2,33.4,34.0,33.2,33.4,33.8,33.3,33.4,32.4,34.5,32.9,34.1,32.0,33.4,33.6,33.4,31.9,33.8,32.6,33.8,33.2,33.2,33.8,34.2,32.9,33.7,32.9,33.7,34.2,33.5,33.1,34.5,32.6,33.6,33.1,34.2,32.7,33.7,32.9,34.0,33.9,31.6,34.0,32.9,32.5,32.3,34.6,33.0,33.4,32.9,33.1,33.4,33.5,33.3,34.0,32.3,33.8,33.0,33.4,33.0,33.9,33.6,34.3,33.8,33.7,33.5,33.8,33.7,33.2,33.4,32.7,33.9,31.8,34.4,34.1,33.2,33.2,33.4,32.2,33.5,32.7,33.8,32.5,33.6,33.1,34.3,33.1,33.7,33.3,32.4,33.1,33.8,34.0,33.5,33.4,34.1,34.7,34.1,33.4,34.5,32.8,33.6,33.7,34.2,33.6,32.5,34.4,33.8,33.7,32.1,33.2,32.6,33.3,32.9,33.1,33.7,33.9,33.3,33.1,32.8,33.0,32.5,32.9,33.0,33.4,33.1,33.6,33.6,34.0,33.9,33.2,33.2,33.4,33.4,34.1,33.3
1785306142.4659314,1817,33.7,32.2,33.5,34.2,33.5,32.6,33.6,32.4,33.1,32.4,32.8,32.6,33.5,33.3,34.0,32.5,32.8,32.2,33.6,32.6,33.9,32.8,33.0,33.6,33.2,32.4,34.1,33.7,34.5,32.7,34.2,33.0,32.7,33.4,34.1,33.7,32.5,33.6,32.8,33.7,33.4,32.9,33.1,34.1,32.9,33.6,32.1,34.2,32.7,33.4,32.8,33.5,33.2,32.9,32.5,33.3,32.9,33.5,33.1,34.3,33.0,34.2,33.7,34.4,33.1,34.3,34.4,33.2,34.3,33.0,32.9,32.6,33.2,32.7,33.3,33.4,33.9,32.5,33.1,33.6,33.4,33.5,33.1,32.8,33.6,32.4,33.2,32.9,33.9,33.0,33.3,33.2,33.5,32.5,34.0,34.0,32.8,34.6,33.1,33.1,32.2,32.7,32.8,33.6,32.6,33.0,31.8,33.1,32.1,33.3,32.4,33.0,32.4,33.6,33.9,32.9,33.0,33.5,32.7,34.6,33.2,32.9,32.6,34.5,32.5,33.2,32.7,33.6,33.7,33.7,34.0,33.6,32.9,33.2,33.8,33.6,32.8,33.4,33.2,32.8,32.8,32.7,33.3,32.5,33.4,33.1,33.5,34.1,34.2,33.6,34.7,33.0,33.1,32.7,33.8,33.6,33.6,32.6,33.4,34.0,31.7,32.9,32.8,33.9,32.4,33.9,32.9,32.8,33.0,32.6,32.3,33.7,32.6,33.1,33.4,33.6,32.6,33.5,33.4,34.6,33.5,34.1,32.2,33.6,33.0,33.3,33.9,33.6,32.7,33.7,33.3,34.4,34.4,33.3,34.3,33.3,33.4,33.1,33.7,33.6,33.4,33.1,33.6,33.0,32.3,32.4,32.8,33.4,33.2,32.4,33.7,35.1,33.9,34.1,33.9,33.2,33.7,31.8,33.4,33.3,34.1,32.8,34.2,33.7,33.0,34.1,33.3,33.4,32.6,33.7,32.9,33.0,32.7,33.9,33.4,33.5,32.9,33.2,33.0,33.5,32.8,33.5,33.3,34.3,33.7,33.5,32.9,33.1,33.6,32.6,33.3,34.1,33.8,32.6,33.6,34.8,32.6,32.8,32.7,32.8,33.5,32.4,33.6,33.8,34.0,32.8,33.9,33.0,33.2,33.5,32.7,32.6,33.3,32.9,33.6,33.5,34.3,34.3,34.4,33.3,33.5,32.9,33.4,33.1,33.8,33.3,34.6,33.1,32.7,33.3,33.0,33.9,32.5,33.2,32.8,33.7,33.3,33.4,32.9,34.3,33.0,32.7,32.5,32.7,33.4,34.0,34.5,34.8,34.2,34.5,34.3,34.2,34.1,33.5,33.4,34.0,33.3,33.9,33.7,34.0,33.9,32.0,33.4,34.1,33.0,32.9,33.8,33.9,33.6,32.6,33.7,33.0,33.6,33.7,33.4,33.8,34.4,33.7,34.7,34.8,34.3,34.0,34.7,33.8,34.5,34.1,34.2,34.0,34.4,32.0,33.1,33.2,32.8,33.2,33.7,33.9,32.5,33.3,32.8,33.7,33.2,33.6,32.5,33.7,32.3,33.2,33.7,34.2,33.9,34.7,34.0,35.0,33.6,34.1,33.1,34.8,33.4,35.0,33.7,34.2,33.2,33.9,34.1,34.3,34.6,33.7,33.8,33.6,33.6,33.9,33.7,33.7,32.9,33.1,34.1,32.8,33.8,32.2,33.2,33.8,34.9,34.5,34.4,34.0,33.7,33.7,34.8,33.6,34.8,33.8,34.5,34.3,34.9,33.1,34.1,33.8,34.0,33.6,33.5,33.6,32.6,34.0,32.7,33.6,33.8,33.0,34.0,34.2,33.1,34.1,33.6,33.1,34.4,35.0,33.9,34.4,33.7,35.2,34.0,34.9,34.1,34.4,33.4,34.0,32.2,34.1,33.4,33.9,34.4,33.9,33.8,32.5,32.6,32.7,34.2,33.5,32.7,32.3,34.3,32.8,33.2,33.2,33.3,32.6,34.3,33.8,34.6,34.7,34.4,33.8,34.6,33.6,33.8,32.4,34.4,33.2,33.3,34.1,34.5,33.0,34.1,33.7,32.8,33.4,33.3,33.5,34.5,34.1,32.5,33.8,33.9,33.9,33.0,34.2,33.2,33.6,33.3,34.4,33.8,34.3,34.0,33.1,33.9,34.1,33.7,33.8,34.1,33.3,31.9,34.5,33.9,34.2,33.4,32.9,33.9,33.9,33.1,32.7,34.0,33.3,33.5,33.6,33.3,33.1,33.1,33.3,34.4,34.5,33.5,33.4,34.1,34.0,34.0,34.7,33.6,34.1,34.5,33.4,34.2,32.7,32.4,33.3,33.7,33.8,32.7,33.6,32.7,33.2,33.2,34.5,33.1,32.7,33.0,33.9,33.8,33.9,33.0,nan,32.4,33.4,33.1,33.6,33.2,34.6,33.4,33.7,33.7,33.4,33.0,33.8,33.6,33.5,34.0,33.3,34.0,34.9,34.3,32.9,33.7,32.5,34.0,32.7,33.6,33.1,33.2,33.4,33.1,32.7,32.0,33.1,32.7,32.8,33.7,32.7,34.8,34.2,34.3,33.3,34.6,33.6,34.4,32.5,34.4,33.4,34.7,33.1,34.3,33.8,34.0,34.4,33.6,34.5,33.2,33.2,33.4,34.5,33.9,33.7,33.0,34.0,32.7,32.8,33.1,32.9,33.6,33.6,33.9,34.5,33.4,33.6,33.7,34.6,33.7,34.0,33.6,33.8,34.1,34.3,32.6,35.5,34.3,33.0,33.2,34.0,33.0,32.4,33.9,34.0,33.8,32.7,34.5,33.0,33.3,33.7,34.1,32.9,33.7,33.3,34.1,33.6,33.2,34.0,35.5,33.4,33.7,34.3,35.3,34.3,34.2,33.8,34.9,34.4,32.9,33.9,33.9,34.2,34.0,33.3,33.7,34.6,33.3,33.0,32.9,34.4,33.4,33.6,33.4,34.0,33.4,33.3,33.9,34.5,33.2,34.1,33.5,34.6,32.7,34.5,33.3,34.7,33.3,34.2,34.8,35.6,34.9,32.2,34.4,33.6,33.9,32.9,34.0,34.2,33.5,33.7,34.1,33.6,33.0,33.0,33.6,33.2,33.7,32.5,34.2,34.5,33.2,33.4,34.8,35.1,34.8,34.2,34.7,33.5,33.7,33.5,35.2,34.1,33.4,34.0,32.8,35.0,33.2,33.2,32.5,33.9,32.7,33.9,34.0,34.3,33.8,33.3,33.6,32.9,33.2,32.8,33.8,34.9,33.2,33.0,33.7,35.4,33.9,33.7,33.5,33.8,33.5,34.4,33.7,35.2
1785306144.707372,1818,33.3,33.2,34.2,33.7,34.3,33.2,33.7,33.1,32.8,33.1,33.3,31.8,33.0,32.5,33.2,32.5,33.6,33.3,33.9,32.5,33.2,31.2,32.1,33.3,31.8,33.9,32.7,34.1,34.4,33.5,33.1,32.7,32.9,33.6,32.6,34.5,32.2,31.9,32.7,34.0,33.7,33.2,32.8,32.8,32.2,32.8,32.7,33.3,32.1,33.2,32.9,33.4,34.2,33.1,33.4,33.6,33.0,33.2,32.6,34.0,32.9,33.9,33.6,33.1,33.5,33.2,33.8,34.3,33.3,32.9,33.2,32.3,33.5,33.0,32.3,31.6,33.5,32.1,32.8,33.5,33.2,32.8,32.6,33.0,32.7,33.4,32.7,33.2,33.6,33.6,33.9,33.1,33.2,32.9,32.7,33.0,33.9,33.1,32.7,33.9,33.0,32.2,33.1,33.3,32.7,33.1,32.0,32.8,33.1,32.9,32.0,32.6,33.3,33.6,32.9,32.8,32.9,32.9,33.2,32.5,32.2,33.0,33.3,33.8,33.1,33.1,32.6,32.6,34.3,32.4,34.3,33.7,34.0,34.4,33.7,32.8,34.0,33.8,32.9,32.7,33.6,33.0,33.4,32.6,33.4,33.3,33.7,34.0,33.9,33.6,32.6,32.4,33.2,33.9,33.2,33.3,33.3,33.7,33.1,33.7,33.0,33.5,31.8,32.8,33.5,33.2,33.4,33.3,32.9,33.6,33.2,32.6,32.3,32.5,31.6,33.4,32.2,32.7,33.7,34.4,33.7,33.7,32.3,33.3,33.1,33.2,32.3,33.2,33.4,33.8,32.3,33.4,32.5,33.9,33.8,33.6,33.4,33.8,33.1,34.2,33.3,33.9,33.4,33.3,32.2,33.0,32.9,32.7,32.8,33.7,33.8,34.2,34.3,33.4,32.4,33.0,32.5,32.9,32.5,33.0,34.2,32.9,33.4,32.3,33.4,33.3,32.8,33.7,33.7,33.6,31.7,33.1,33.6,33.6,32.6,32.7,32.8,34.0,32.4,32.0,33.5,32.3,33.6,33.5,34.4,32.9,33.0,32.7,33.5,33.5,34.3,33.1,33.9,33.5,32.5,33.7,34.2,32.7,32.0,33.1,33.4,32.3,33.0,32.3,32.9,32.7,32.3,32.6,33.4,33.2,32.9,32.6,34.3,34.1,34.5,34.7,34.2,34.2,34.0,33.3,33.3,33.2,33.5,31.8,34.1,33.0,32.3,32.8,32.6,33.7,32.7,33.4,32.6,33.1,32.4,32.7,32.9,34.3,32.0,32.9,33.3,33.3,32.6,33.5,34.1,35.0,34.4,34.1,34.3,33.6,33.9,34.6,33.9,33.4,32.7,32.6,33.6,33.4,32.6,33.9,33.3,33.0,32.9,33.7,33.4,34.0,32.6,33.4,32.8,33.5,32.9,32.1,33.1,33.4,33.0,34.1,33.9,34.5,34.2,34.1,34.2,34.0,33.1,33.4,34.1,34.4,33.0,32.8,34.1,32.9,33.4,33.5,32.2,33.3,32.6,34.2,33.0,32.7,33.6,32.6,32.3,33.9,32.9,33.1,33.3,33.3,33.4,33.6,34.3,34.1,33.6,34.1,33.8,34.3,33.2,33.8,34.5,34.3,32.4,33.2,32.5,33.3,34.3,33.0,33.7,33.6,31.8,32.9,33.3,33.7,33.4,32.7,33.7,32.9,33.3,32.7,32.8,33.7,33.6,34.2,33.9,33.1,33.5,34.4,34.4,34.1,34.0,33.2,34.5,34.2,33.7,33.1,33.7,33.4,34.4,33.4,32.7,32.9,32.1,33.3,32.9,33.9,33.3,33.7,33.2,33.4,33.2,33.3,32.7,32.6,33.3,33.5,33.8,34.6,34.1,35.1,34.3,34.1,34.9,34.0,34.0,33.8,33.6,32.8,33.3,33.8,32.9,32.8,32.6,33.9,33.7,33.2,33.4,33.0,33.5,33.4,32.6,33.3,33.7,32.4,33.2,32.8,32.8,33.1,34.4,34.2,33.9,35.0,33.7,34.2,34.2,34.0,33.5,33.9,33.0,33.1,33.4,33.6,34.2,33.2,32.6,33.0,32.5,33.9,32.1,33.1,33.9,33.3,32.3,33.4,32.3,32.6,33.8,33.4,32.5,33.9,34.3,33.7,34.4,33.7,34.4,33.5,33.4,34.0,34.4,32.9,33.8,32.5,32.9,32.9,33.9,34.1,34.3,33.0,33.4,34.0,33.5,33.3,33.0,33.1,32.6,32.8,33.0,33.0,33.7,33.6,33.9,33.1,33.7,33.4,33.9,33.6,34.0,34.1,33.9,33.5,34.2,33.5,33.7,32.8,33.8,33.9,34.2,32.3,34.9,33.7,32.9,33.9,32.9,34.0,32.8,33.0,33.1,33.8,33.4,33.3,32.9,nan,32.6,33.0,33.0,33.9,33.8,33.7,33.6,34.5,33.4,33.8,33.1,33.2,33.0,33.2,33.1,34.2,33.5,34.2,34.6,33.6,33.6,32.2,33.3,33.5,32.5,32.8,33.1,33.6,33.0,34.7,33.1,33.4,33.4,32.7,33.7,33.2,34.0,34.6,33.5,34.4,33.6,33.0,33.8,32.9,33.6,33.3,34.3,33.4,32.8,32.9,33.9,32.6,32.5,34.2,33.3,33.3,32.4,33.4,33.1,34.1,32.3,33.4,33.4,32.9,32.8,33.5,32.9,32.9,33.0,33.9,34.2,34.1,33.1,33.8,33.4,32.6,32.9,33.7,33.8,33.4,33.7,34.6,33.8,34.0,33.3,33.9,34.1,33.1,33.2,32.7,34.2,33.1,34.0,33.3,33.5,34.4,32.6,33.5,33.7,34.0,34.2,33.7,33.8,33.9,33.5,33.3,33.3,33.6,32.9,32.4,34.5,33.3,34.6,33.8,34.6,33.4,33.8,33.5,33.3,33.2,33.6,33.4,32.5,33.4,35.6,33.4,33.3,33.8,33.3,33.2,33.3,33.2,34.0,33.5,33.1,33.1,34.6,33.8,32.8,34.2,33.2,34.3,33.6,34.1,32.8,33.5,33.0,34.0,33.5,34.8,33.6,33.6,32.5,33.7,33.6,33.8,32.9,33.5,34.0,33.3,33.5,33.0,32.6,33.2,33.1,34.2,33.1,33.0,34.0,34.3,34.0,34.3,33.4,32.8,34.0,33.6,34.0,34.2,33.4,33.9,32.9,34.9,33.5,33.9,33.2,33.4,32.8,33.8,33.9,33.5,32.3,33.7,33.0,33.8,33.9,33.4,33.7,34.4,33.5,33.3,34.2,34.4,34.6,33.9,33.5,34.5,34.0,34.7,33.9,34.7
1785306146.7912915,1819,34.1,33.4,33.4,33.4,32.2,32.7,32.4,32.5,33.2,33.0,33.3,32.5,33.4,32.7,32.2,32.6,33.6,32.5,33.7,33.1,32.6,32.1,32.1,33.3,32.0,32.7,33.8,33.4,33.2,33.3,33.1,34.2,32.9,33.3,34.0,33.1,32.2,32.8,33.3,33.4,33.7,32.8,32.6,32.2,32.8,31.7,32.5,32.6,32.1,32.8,33.1,33.0,32.9,32.6,32.4,32.6,32.8,34.0,33.2,33.7,32.7,32.0,33.6,32.6,34.0,33.7,32.9,32.7,33.1,33.1,33.2,33.5,33.1,32.4,32.3,32.9,32.2,32.8,32.6,32.6,33.3,32.8,32.1,33.0,33.3,32.2,32.7,33.9,33.0,33.0,32.4,32.9,33.6,32.9,33.7,33.2,33.6,33.0,33.9,33.0,33.0,32.0,32.9,32.0,33.0,32.7,32.2,32.2,32.3,32.7,32.7,33.6,31.9,33.6,32.2,33.3,31.9,32.4,32.8,32.7,32.9,32.4,32.5,33.6,33.3,32.3,32.1,33.7,33.1,31.7,33.0,32.2,33.0,33.1,32.9,32.6,32.7,32.4,32.9,32.3,33.9,32.4,32.7,33.1,32.8,32.3,33.2,34.5,33.3,33.6,32.6,32.7,33.5,32.8,33.4,33.7,33.3,32.5,33.5,33.5,34.2,33.5,33.7,32.3,32.9,33.4,32.8,33.3,33.3,32.9,33.4,32.7,32.8,32.8,33.3,33.0,32.5,32.9,33.8,34.4,34.2,33.3,32.3,33.1,33.6,33.2,33.4,33.9,32.2,33.6,32.1,33.6,32.8,33.2,33.4,34.2,31.8,32.3,33.3,32.2,33.5,32.5,32.7,32.6,32.8,33.1,33.2,33.5,32.8,32.4,32.8,34.1,33.8,33.2,32.6,33.8,33.2,32.7,33.5,31.8,32.5,32.9,33.9,33.4,32.5,33.3,32.4,33.3,32.7,32.3,31.7,33.2,31.7,33.3,33.3,33.2,32.8,32.4,32.9,32.9,32.8,32.6,32.9,33.4,33.9,33.4,33.7,33.5,33.1,32.5,33.2,32.7,33.1,32.7,33.7,33.4,33.3,33.1,34.0,32.5,33.2,32.6,34.1,33.5,31.9,32.2,32.8,32.3,33.4,33.4,33.1,33.4,33.5,32.8,33.8,34.2,34.2,33.4,34.0,33.2,33.3,32.8,33.7,33.4,33.3,33.0,33.3,33.2,31.8,32.2,32.1,33.0,31.7,32.6,32.7,33.3,33.2,32.7,32.7,33.4,33.3,33.0,32.6,33.9,32.8,33.1,34.4,35.2,32.6,33.5,34.2,34.1,33.5,33.7,32.5,33.2,32.8,33.6,32.2,33.3,33.6,32.4,33.3,33.5,33.2,33.3,32.4,33.9,32.3,32.5,32.9,33.4,33.7,32.9,34.0,33.3,34.2,33.4,34.6,34.9,34.1,33.5,33.3,34.5,34.3,34.2,33.7,33.2,33.6,32.1,33.4,32.5,32.0,33.1,32.8,33.8,32.3,33.4,32.6,32.4,32.4,33.4,33.0,33.6,32.4,32.8,32.9,34.3,33.8,33.2,32.6,34.3,33.9,34.1,32.7,32.8,34.0,34.4,32.8,33.2,33.1,32.7,33.5,34.4,33.2,32.4,33.9,33.5,33.3,32.8,32.2,33.4,33.5,32.0,32.6,32.8,33.4,32.9,33.1,33.4,33.9,33.4,33.8,33.4,34.5,33.1,34.2,33.7,34.3,34.2,33.9,33.3,33.4,32.9,34.0,33.5,32.5,32.5,33.4,32.9,32.3,32.8,33.5,33.2,33.9,32.1,32.7,32.5,33.5,32.7,32.4,33.0,33.9,32.9,34.0,33.8,33.8,34.1,34.6,34.8,33.9,33.1,33.6,33.0,33.8,33.6,32.5,32.2,33.0,33.2,32.4,33.2,33.4,33.3,33.5,33.0,33.0,33.5,33.5,32.7,33.4,32.4,33.4,33.4,33.1,33.7,34.2,33.9,33.7,33.7,33.7,33.4,33.3,32.3,33.6,33.2,33.4,32.0,33.0,32.9,33.8,33.2,32.5,33.5,33.3,32.2,33.2,32.6,32.6,32.9,32.6,33.1,32.9,32.5,33.1,32.7,32.9,33.8,33.9,35.1,33.8,33.7,33.4,33.7,33.4,32.7,33.5,32.8,33.4,33.5,33.8,33.9,32.6,32.8,33.0,33.4,32.4,32.7,32.9,33.9,33.4,32.4,32.0,32.8,32.9,33.1,33.0,32.8,33.2,32.9,32.9,34.1,34.2,33.9,34.2,33.7,33.2,33.3,33.6,33.7,33.6,33.2,33.8,33.3,33.0,32.5,33.4,32.3,33.3,33.3,32.2,32.9,32.7,33.1,32.9,32.4,32.2,nan,32.5,32.8,32.7,33.2,32.5,33.8,33.0,33.1,33.6,34.0,33.4,34.1,33.1,32.8,31.8,33.6,32.8,34.2,34.4,33.2,33.6,33.6,32.8,33.5,34.1,33.4,32.6,32.6,32.8,33.5,33.2,32.4,33.7,32.7,33.1,32.7,33.4,33.9,34.0,33.4,33.1,34.2,33.1,33.6,33.0,33.8,32.7,33.9,33.8,33.9,33.5,32.8,33.5,33.2,33.5,32.7,32.3,34.3,32.7,32.0,33.1,33.1,32.9,32.7,32.5,32.8,32.2,33.7,32.3,34.2,33.7,33.0,33.1,33.8,33.0,33.7,33.6,33.3,33.0,33.4,33.9,33.0,32.0,33.2,32.5,34.1,32.7,33.2,32.8,33.4,33.1,32.7,33.0,34.2,33.5,32.9,33.8,33.0,33.9,32.5,34.1,33.4,33.1,33.2,34.2,33.8,32.7,33.2,33.9,33.6,33.5,33.9,34.4,35.4,33.2,34.0,33.5,33.7,33.1,32.7,32.8,33.2,32.5,33.4,32.8,33.4,33.3,33.0,33.8,33.7,33.6,32.3,34.3,34.2,33.6,33.8,33.7,33.8,32.8,34.2,34.0,34.1,32.8,33.1,34.5,34.6,33.7,32.1,33.5,33.4,33.0,33.6,32.7,33.1,33.2,32.9,32.9,33.8,33.3,33.5,33.1,34.5,33.5,33.0,34.0,34.4,33.3,33.0,34.5,33.8,34.3,32.4,33.6,33.6,33.6,32.9,33.7,34.5,32.9,33.2,33.1,33.3,33.3,33.3,33.4,33.4,33.1,33.2,33.1,33.8,33.2,33.0,33.1,34.0,32.8,32.5,33.5,34.4,33.3,33.5,33.0,33.8,33.4,33.0,33.4,33.1,33.6,33.6,33.0,34.9
1785306148.8802884,1820,32.0,32.9,31.7,33.9,32.5,32.8,32.8,32.3,32.0,32.5,32.0,33.2,32.1,32.5,32.1,32.9,32.2,32.0,32.6,32.5,33.8,32.7,30.7,33.1,32.3,32.9,32.7,33.0,32.1,33.1,31.8,34.0,33.2,33.4,34.3,32.1,33.3,31.7,32.5,32.0,33.6,32.6,32.6,34.2,31.7,33.4,32.2,33.0,33.0,32.5,32.9,31.9,33.3,31.7,33.4,33.7,31.8,31.8,32.4,32.7,34.3,32.8,35.1,33.4,33.8,33.0,32.0,34.1,32.7,34.2,33.0,33.1,32.8,32.5,32.7,33.7,32.4,33.0,32.1,32.5,32.8,33.0,32.8,32.7,33.2,32.7,33.1,33.0,31.5,33.1,32.5,32.7,32.3,33.3,33.0,33.2,34.2,32.8,32.5,33.3,33.2,32.7,32.4,32.0,33.3,32.0,32.2,31.7,31.8,32.2,32.0,32.8,32.6,33.3,33.1,32.6,32.6,31.7,32.5,31.4,33.2,32.6,33.1,34.2,32.5,32.5,33.3,33.5,32.2,33.6,32.6,32.0,33.4,33.5,32.6,33.8,32.1,33.1,32.1,32.9,32.7,32.5,32.9,32.6,32.3,32.9,32.2,33.5,33.0,33.5,31.8,32.9,32.7,33.2,32.8,32.7,32.8,33.2,33.6,33.5,34.4,31.9,33.3,33.0,32.4,32.0,33.2,32.9,32.9,32.7,33.1,32.6,33.0,32.5,32.7,32.2,32.3,32.1,33.4,33.4,33.1,32.7,32.9,32.6,32.7,33.1,32.5,32.8,32.7,33.5,33.2,32.1,33.5,33.2,32.4,32.6,32.8,32.9,32.4,33.7,32.3,32.5,32.2,33.3,32.7,32.7,32.7,33.5,32.3,32.3,32.4,34.1,34.0,34.0,32.6,32.6,32.7,32.9,32.8,32.4,33.1,32.9,33.5,33.8,34.3,33.2,33.5,32.6,32.4,32.0,32.7,32.7,33.0,32.8,32.5,32.0,32.1,32.4,32.8,32.3,32.7,33.0,33.1,33.3,34.9,33.6,33.4,32.5,32.7,32.9,32.8,33.7,32.6,32.4,34.2,33.7,32.5,33.6,32.6,33.1,32.9,33.1,32.5,33.2,32.5,32.4,32.1,33.3,32.4,32.1,32.1,32.9,32.4,33.3,33.9,33.6,33.9,33.6,33.7,33.9,32.6,33.5,33.4,33.6,33.0,33.2,32.7,34.4,33.3,32.6,33.4,31.6,33.5,31.9,33.5,32.4,33.1,32.4,32.9,33.1,32.3,33.1,32.6,33.0,33.5,32.8,34.7,33.3,33.8,34.2,33.7,34.5,33.9,33.8,34.2,32.7,34.1,33.2,32.6,33.1,33.0,33.4,32.2,33.3,32.5,33.3,31.4,34.1,32.0,32.8,32.6,33.6,32.8,33.3,33.1,34.4,33.9,33.3,33.2,34.1,34.6,34.5,33.7,33.1,33.6,34.2,33.8,33.0,32.3,32.5,32.6,33.5,33.5,32.5,32.3,32.7,32.7,31.8,33.1,33.0,33.6,32.1,33.7,32.8,33.8,32.9,33.3,33.2,34.6,33.5,34.4,34.1,33.5,33.3,33.2,33.3,33.7,34.6,33.7,33.1,33.8,32.4,33.1,33.4,32.8,32.8,32.8,34.1,33.2,33.2,32.4,32.9,32.7,33.0,32.2,33.0,32.6,33.0,32.5,33.5,33.1,32.8,33.7,34.6,34.7,34.4,34.4,34.1,33.9,32.4,33.4,32.4,32.7,33.8,33.2,33.2,32.5,32.1,33.9,33.1,32.2,33.8,33.5,31.6,32.4,32.0,33.4,32.3,33.0,32.3,33.0,32.8,34.0,32.8,33.7,33.7,33.5,33.2,34.6,34.5,33.9,33.3,33.1,33.6,32.9,32.8,33.5,33.1,32.2,32.6,33.0,33.4,32.7,33.6,32.3,32.7,33.0,32.4,32.4,32.8,32.6,33.6,32.3,33.3,33.8,33.0,33.9,34.3,33.6,33.0,33.9,34.7,33.0,33.0,32.5,33.6,33.6,32.4,33.4,33.2,33.2,33.6,33.3,32.8,32.8,32.9,33.4,33.2,32.6,32.6,34.1,32.8,33.1,32.9,33.3,32.8,33.1,32.4,34.4,34.1,32.7,32.6,34.5,33.9,34.1,33.3,33.3,34.1,32.4,33.9,34.5,33.3,32.2,32.6,32.8,33.4,33.2,33.5,33.3,33.3,33.1,33.7,32.4,33.7,32.9,32.9,31.9,33.1,33.3,32.8,33.3,33.4,33.2,33.3,33.4,34.1,33.7,33.2,33.4,33.9,33.8,33.4,32.2,33.6,33.3,32.9,33.5,32.8,33.3,32.4,33.7,33.2,33.1,32.6,33.6,32.1,33.1,nan,33.0,32.1,33.0,32.0,33.6,33.6,33.7,33.5,34.0,33.3,33.5,33.2,33.9,33.1,33.7,33.5,34.1,33.9,31.6,32.8,32.4,34.6,33.0,33.0,32.7,33.2,33.3,33.5,33.0,33.4,32.9,33.9,32.1,33.3,32.8,32.4,32.2,33.8,33.2,33.9,34.0,34.6,33.0,32.4,33.4,34.2,32.4,32.8,33.7,33.8,33.9,32.2,32.9,33.0,33.2,32.9,34.0,32.1,33.5,32.8,33.3,32.9,32.4,32.7,32.8,32.8,33.6,32.4,33.7,34.2,33.7,32.8,33.6,33.6,33.6,33.7,33.7,33.6,34.0,32.7,35.4,33.6,33.8,33.2,32.7,34.6,32.2,33.5,32.9,33.4,33.0,33.8,32.3,34.4,33.2,33.2,32.8,32.9,32.7,32.9,33.5,33.9,33.3,33.2,33.3,32.8,33.8,33.8,33.4,33.4,33.7,32.9,32.9,34.1,33.7,33.2,35.0,33.1,33.3,33.8,32.7,33.4,33.2,32.9,33.9,33.2,33.5,33.0,33.8,33.2,32.8,33.0,33.8,33.5,33.3,33.7,33.8,34.2,33.2,33.5,34.0,32.4,33.8,33.2,35.1,34.8,32.3,33.6,32.8,34.4,33.9,32.6,32.2,32.6,32.4,33.8,33.5,33.7,33.3,33.5,33.7,33.4,32.1,32.7,32.6,34.4,32.6,32.8,33.8,33.8,33.6,33.6,32.7,34.2,33.6,34.3,33.5,34.5,33.8,32.7,34.2,33.2,33.9,33.1,33.4,32.9,33.3,33.1,33.3,33.5,33.7,33.2,34.4,33.2,32.7,33.4,33.7,34.1,34.0,32.6,34.7,34.2,32.9,33.2,33.9,32.8,32.2,33.0,33.9,34.0
1785306151.0577924,1821,35.2,33.5,33.5,31.9,34.1,32.1,32.0,32.7,32.2,32.7,31.9,32.6,33.8,32.7,33.4,33.0,32.7,32.4,33.2,32.9,34.2,32.3,33.3,33.3,32.7,33.5,33.6,33.4,33.7,33.3,32.1,33.0,33.2,33.9,32.3,31.4,32.2,32.6,32.9,32.6,32.6,32.8,32.6,32.6,32.8,33.0,32.4,32.4,32.8,31.6,32.7,32.7,33.1,33.5,33.0,31.9,32.4,33.0,32.4,32.9,33.4,31.6,32.6,32.9,33.3,33.7,34.1,32.0,33.1,32.1,32.8,32.7,32.6,33.2,31.8,33.1,32.1,32.8,32.3,31.8,32.1,32.7,32.3,32.9,33.2,32.4,32.5,33.0,33.0,33.6,32.9,33.2,33.8,33.7,32.8,33.7,32.4,34.3,32.1,33.5,32.4,32.2,33.2,32.6,32.1,33.5,31.3,33.0,32.9,33.1,33.2,32.4,32.8,33.5,32.8,31.9,33.0,33.6,33.9,32.0,33.1,32.6,32.5,33.0,33.3,34.4,31.9,33.5,32.7,32.4,32.8,34.4,33.8,32.9,32.2,33.2,32.8,33.7,32.9,33.6,33.6,33.8,32.9,32.6,32.8,32.3,32.6,32.8,34.5,32.6,32.8,32.7,34.1,33.2,33.0,33.5,33.2,34.4,32.0,33.9,32.8,33.3,32.7,33.4,32.4,32.8,32.3,33.1,32.4,33.8,33.1,32.4,32.9,33.7,33.0,33.1,33.1,32.7,32.7,33.4,33.6,34.2,33.2,33.5,32.6,32.9,33.6,32.8,32.9,32.9,33.2,33.4,33.7,33.0,32.3,32.2,33.6,33.6,32.7,32.2,33.4,32.7,32.2,33.1,33.7,32.2,32.5,33.0,33.4,32.1,32.7,33.8,35.0,34.4,32.4,33.0,33.3,33.3,32.9,33.2,34.0,32.5,32.6,33.6,33.2,32.9,33.1,32.4,32.0,33.7,32.8,32.2,33.6,33.0,32.5,32.7,32.6,32.6,33.1,32.2,33.0,32.8,32.9,33.0,34.6,34.4,33.0,33.9,34.2,33.2,33.0,33.1,33.3,33.5,32.3,33.3,33.4,32.3,33.0,33.5,32.9,32.9,33.2,32.7,32.6,32.4,32.3,33.8,33.1,32.9,32.9,33.6,33.9,33.3,34.2,34.0,34.2,34.1,33.7,33.5,33.0,33.7,33.3,34.7,32.8,33.2,33.7,33.2,33.7,33.7,32.2,33.0,32.2,32.6,33.5,33.3,33.6,33.2,33.0,33.2,32.2,33.5,33.1,33.5,34.6,33.6,34.1,33.8,34.8,34.0,34.4,33.1,33.4,34.1,34.2,33.4,33.0,33.2,33.0,33.3,33.2,32.4,32.1,33.1,33.3,32.4,32.8,32.8,33.7,33.3,32.3,33.2,33.6,32.7,32.9,33.6,34.4,33.1,34.2,34.4,34.2,32.9,34.0,33.9,33.1,33.6,33.0,33.9,34.0,32.7,34.8,32.7,32.9,33.9,33.2,33.6,33.0,33.8,31.9,33.2,33.6,33.0,32.7,33.0,32.6,32.7,33.6,33.7,32.9,32.9,33.9,33.5,33.2,33.5,33.9,32.9,32.7,33.8,33.0,32.4,33.8,33.8,32.9,33.2,33.7,32.8,32.8,33.5,33.6,33.1,33.1,32.5,33.0,33.7,32.0,33.0,33.1,33.1,33.9,32.6,33.9,33.1,33.9,34.3,34.4,34.6,34.2,33.9,34.2,34.3,33.2,33.1,33.4,32.7,33.8,34.0,33.1,32.5,33.5,32.5,33.1,32.9,33.7,32.0,33.7,33.1,33.4,32.6,32.7,32.4,32.9,33.7,33.7,33.9,35.1,33.2,34.6,33.8,34.5,34.3,34.9,34.3,33.8,33.4,32.9,32.0,32.7,34.0,33.5,32.0,32.8,33.0,33.6,33.0,32.5,33.1,33.8,32.9,33.2,34.1,33.6,33.1,32.8,33.3,34.4,34.6,34.4,34.3,34.0,33.3,34.1,33.9,33.9,33.2,33.2,34.0,34.0,32.9,33.0,34.0,32.6,33.8,33.3,34.1,32.1,33.1,33.5,32.7,33.1,32.9,33.8,32.2,33.0,33.2,33.2,33.4,34.0,34.2,33.7,33.6,33.5,33.2,33.8,33.3,33.8,33.6,33.1,33.9,33.3,33.3,33.7,33.3,33.5,33.4,32.0,33.6,32.6,32.4,32.5,32.7,33.3,33.2,32.7,33.4,32.6,32.9,33.1,33.1,33.6,33.3,32.9,33.4,33.6,33.8,33.7,33.4,33.4,32.8,32.5,33.5,34.1,33.6,33.8,33.6,33.3,33.8,32.9,33.9,33.1,32.6,33.9,31.9,33.4,33.5,33.1,33.3,33.2,nan,33.0,33.0,32.6,33.1,33.3,34.4,33.8,34.3,33.3,33.1,33.6,32.9,32.8,33.0,34.1,34.8,33.7,33.3,33.5,33.0,34.0,34.0,33.7,33.3,33.2,32.9,33.1,33.0,33.2,33.7,32.9,33.4,33.3,33.6,33.1,32.9,33.6,33.4,33.7,32.9,34.0,34.0,33.5,32.6,33.8,33.9,32.9,32.4,33.7,34.2,34.1,33.9,33.7,33.2,33.3,33.5,33.3,33.6,33.3,33.3,33.1,33.4,32.4,33.9,33.2,33.0,33.1,32.7,33.9,33.4,34.3,33.8,33.6,34.5,32.7,33.4,33.7,32.4,33.4,32.9,33.3,33.4,34.5,33.0,34.0,34.8,32.4,33.3,33.4,33.0,33.3,33.3,33.2,33.5,32.7,33.4,33.7,33.2,33.8,33.6,33.0,34.2,33.9,33.6,34.0,34.4,32.9,32.9,33.5,34.8,34.3,33.5,33.5,33.0,32.3,33.6,32.7,32.9,33.1,33.8,33.2,33.0,32.9,33.3,33.7,32.9,33.7,33.5,32.8,34.4,33.2,33.2,33.5,33.7,33.8,33.3,34.3,33.1,32.7,33.0,33.4,33.7,33.0,33.2,34.7,33.5,33.5,33.8,33.9,34.4,33.9,32.8,33.2,33.1,33.8,33.6,32.4,33.3,32.6,32.3,32.9,33.0,32.4,32.3,33.1,33.7,33.5,33.0,34.4,33.8,34.7,33.0,33.1,33.6,34.7,33.4,34.2,34.3,33.8,33.4,33.4,33.6,33.7,32.5,32.6,34.0,33.0,33.4,32.8,33.2,33.4,33.5,32.1,32.5,32.5,33.2,33.7,34.3,34.6,33.5,33.1,33.8,33.6,34.0,34.1,33.2,32.0,34.9,34.1,35.2
1785306153.1639419,1822,34.0,33.6,34.0,32.5,34.4,33.1,33.4,31.8,33.1,32.6,33.0,31.9,33.3,32.2,32.9,32.4,32.2,32.4,33.7,32.1,34.1,32.8,33.2,32.0,33.4,32.6,33.9,31.3,33.8,33.4,33.2,32.3,33.3,33.2,32.2,34.6,33.2,32.9,32.4,32.9,33.2,32.9,31.6,32.5,32.9,33.6,31.2,33.6,32.6,34.0,31.9,32.9,33.4,33.6,33.0,32.8,33.5,32.9,32.5,32.3,33.7,32.4,31.7,33.5,34.6,32.9,33.4,32.3,32.8,32.6,32.9,32.4,32.8,33.7,32.4,31.9,33.1,32.7,32.5,32.0,33.6,33.7,32.7,32.1,33.3,33.2,32.8,32.0,33.3,33.2,32.7,32.0,33.1,33.4,33.1,32.6,33.8,33.2,32.2,32.2,33.5,32.1,33.1,33.3,32.6,32.9,32.2,33.4,32.5,33.9,31.6,32.9,32.2,33.6,32.5,33.1,33.0,32.7,33.1,33.0,33.4,33.5,32.2,34.1,33.4,33.5,32.5,33.4,33.2,32.5,34.2,31.7,31.9,32.2,33.2,32.5,33.4,33.2,32.1,32.6,33.5,32.7,34.0,32.4,33.2,32.4,34.3,33.6,33.0,32.7,32.9,32.5,34.0,33.7,32.9,33.4,34.2,33.3,33.7,33.2,32.4,34.3,32.8,33.7,32.7,31.9,33.1,33.2,32.9,33.0,33.0,33.2,32.4,33.8,31.2,33.2,33.0,33.3,34.4,34.5,33.1,33.1,31.9,33.1,33.4,33.3,33.3,33.1,32.6,33.5,32.0,34.2,33.6,33.8,32.2,32.5,33.3,32.9,33.8,32.7,33.3,33.5,32.8,32.4,32.6,33.1,33.1,32.8,33.4,32.9,34.6,33.7,34.0,34.8,32.2,33.1,33.3,33.0,32.7,32.0,33.9,34.0,32.7,32.4,33.3,33.9,32.7,33.9,32.8,33.2,32.0,32.3,33.9,32.5,31.9,33.0,33.0,33.2,32.7,32.1,33.6,32.9,33.7,33.9,34.0,34.2,32.6,33.3,33.1,33.5,32.7,33.4,34.0,33.4,33.0,34.2,33.4,31.3,32.5,33.4,33.7,32.6,32.8,32.8,33.4,33.5,32.9,32.7,33.8,32.7,32.9,33.2,34.0,34.2,34.4,34.0,34.8,34.0,33.8,34.0,33.7,33.1,32.7,31.9,34.4,32.9,34.2,33.1,33.8,33.1,31.4,32.5,33.3,32.7,31.6,33.7,34.3,33.3,31.8,32.2,31.9,33.5,32.1,33.9,34.3,34.3,33.8,33.6,34.5,33.8,33.5,33.9,34.2,34.0,32.7,34.2,33.5,33.1,32.1,33.2,32.2,32.3,34.2,32.6,32.4,33.6,32.9,32.1,33.1,33.1,32.2,32.8,33.6,33.2,33.5,33.1,34.5,33.9,34.1,34.0,35.0,34.0,33.8,32.5,33.4,33.3,32.6,32.6,33.3,33.0,33.5,31.8,32.4,32.6,32.5,32.7,34.6,33.5,32.7,32.9,32.6,33.5,32.8,33.2,33.6,33.6,31.9,33.4,33.0,33.4,34.3,33.4,34.7,35.5,33.0,33.4,32.6,33.7,32.2,32.6,33.0,33.2,32.6,33.3,32.5,32.7,32.9,32.7,33.1,33.2,33.3,33.0,33.8,33.6,33.1,33.3,32.2,32.6,33.5,32.4,33.9,33.4,33.8,34.2,34.3,34.5,34.0,32.8,34.4,34.0,33.3,34.1,34.2,33.2,33.3,33.1,33.9,34.0,32.0,33.2,33.7,33.9,33.4,32.6,33.3,31.9,32.8,33.1,33.5,32.4,32.6,33.0,33.8,34.1,33.1,34.4,34.4,33.9,34.6,33.4,34.0,32.0,32.9,33.3,34.1,33.4,33.0,34.1,34.6,33.6,33.1,32.5,33.3,32.4,33.8,32.3,34.1,32.5,33.2,33.8,33.2,33.4,33.0,32.4,33.2,33.7,34.3,33.4,34.1,34.2,33.5,33.5,33.3,33.8,33.1,33.6,33.0,33.6,33.7,33.3,33.7,33.7,32.8,33.8,32.9,33.5,33.3,33.3,33.4,33.3,32.6,32.9,34.3,33.9,31.8,32.7,33.6,33.5,33.0,34.6,33.6,33.5,32.9,33.1,33.7,34.0,33.2,33.3,33.6,33.2,33.0,34.4,33.4,33.1,33.5,31.7,33.1,33.2,33.3,32.3,32.9,33.4,33.6,33.0,33.2,34.0,32.8,32.4,33.0,32.9,33.3,33.7,33.8,33.5,33.5,33.1,33.8,33.3,33.7,32.7,32.9,34.3,33.5,32.4,32.5,33.0,32.8,32.8,33.6,33.4,32.9,32.9,33.9,32.9,31.7,33.4,33.3,nan,32.4,33.1,33.3,33.2,32.9,34.3,33.9,34.1,32.5,32.7,34.1,33.7,33.1,33.1,34.4,33.4,33.0,33.7,33.4,33.5,33.3,33.1,34.0,33.4,32.4,33.1,33.2,33.7,33.1,33.8,32.7,33.3,32.5,32.2,33.2,32.7,33.8,33.4,34.5,33.9,33.1,33.1,33.2,33.4,33.5,33.2,33.8,33.5,34.4,33.0,32.7,34.0,33.6,33.7,33.4,33.4,31.7,33.1,33.7,33.9,32.7,33.3,33.0,32.3,32.6,33.2,33.0,33.0,32.8,34.7,33.8,34.3,33.0,33.9,34.6,33.3,33.0,33.8,34.5,33.9,33.4,33.1,34.6,35.2,32.8,32.8,32.7,32.4,32.4,32.6,33.8,33.6,34.0,32.5,33.5,34.0,33.2,33.5,33.7,33.1,33.9,34.2,32.9,33.5,34.1,33.6,33.2,33.4,34.2,33.5,35.2,34.0,34.5,33.1,34.9,34.2,34.3,33.0,33.6,34.3,33.3,33.7,33.5,33.5,31.1,34.4,33.6,33.1,33.6,33.8,33.4,33.9,32.7,33.8,32.9,33.7,34.2,33.4,33.3,34.7,33.1,33.2,33.9,33.3,31.1,34.5,34.7,33.2,34.2,33.1,33.1,32.9,33.6,32.9,33.2,33.4,34.1,32.7,33.6,33.4,33.4,32.2,33.2,33.1,33.0,34.0,33.4,32.9,33.7,33.9,33.3,34.1,33.3,32.1,34.3,33.7,33.9,33.0,32.3,34.2,32.8,34.5,33.2,34.0,32.3,34.3,33.6,33.5,33.4,33.6,33.6,33.6,32.7,34.0,33.8,32.8,33.6,33.8,34.8,33.4,33.3,33.9,34.3,34.1,33.0,33.1,33.9,34.4,32.6,35.0
1785306155.3589222,1823,31.8,32.8,33.3,33.5,33.3,32.6,33.4,33.3,33.3,33.0,32.4,32.5,32.2,32.8,32.9,32.8,32.6,33.2,33.1,33.0,33.5,32.4,32.6,32.8,32.0,31.8,33.2,33.5,34.3,32.5,32.9,33.3,33.5,32.4,33.7,32.2,33.4,31.4,33.0,32.1,33.5,32.3,32.2,32.9,32.7,32.4,32.8,33.1,33.1,32.8,33.4,32.9,31.9,32.0,32.4,33.0,32.5,32.9,32.5,32.3,33.3,32.0,33.7,33.0,33.9,32.9,31.8,33.3,32.6,32.8,33.5,32.6,32.7,33.1,33.7,32.7,32.2,32.6,32.2,33.1,31.5,33.0,31.3,32.8,33.1,32.5,33.0,33.6,32.4,32.4,33.0,33.3,32.6,32.8,32.9,32.6,33.5,31.5,33.1,33.4,32.3,33.0,33.9,33.5,32.6,33.6,32.9,32.7,31.8,32.1,32.8,33.0,33.6,33.2,32.5,32.9,33.2,32.3,33.3,33.3,32.7,33.5,33.0,34.3,33.2,32.4,32.3,34.6,32.1,32.5,32.2,34.1,32.9,33.4,33.2,33.7,32.7,32.2,32.9,33.0,33.0,33.2,33.3,32.9,32.9,32.1,33.5,34.4,33.6,33.2,33.8,33.9,32.8,32.8,33.1,33.6,32.9,33.1,32.1,34.0,33.6,32.7,33.9,33.3,33.7,32.9,33.3,33.8,33.4,33.5,34.1,33.7,33.1,32.3,32.2,32.3,32.8,33.0,34.1,34.8,35.3,33.3,34.0,33.9,33.0,32.6,33.5,33.5,33.4,33.4,33.1,33.1,32.4,32.4,33.5,32.7,32.3,31.8,32.3,33.8,32.6,32.6,32.7,33.0,32.1,32.8,34.1,32.8,33.8,33.5,33.4,34.3,34.3,34.3,34.1,33.9,33.7,33.0,33.4,32.5,33.8,32.8,34.0,33.3,33.5,33.2,32.7,32.0,32.5,32.1,33.3,33.0,33.6,33.2,33.2,33.5,32.7,32.2,33.7,33.7,34.0,33.2,33.7,34.2,34.2,34.0,33.8,34.0,32.8,34.0,33.8,33.2,33.2,33.3,34.1,33.6,31.5,32.6,31.9,33.0,31.6,31.5,33.1,32.8,31.7,32.7,32.4,32.4,32.5,32.4,32.9,34.0,33.5,32.9,33.5,34.3,33.8,34.0,34.9,32.8,32.0,32.3,32.5,33.4,32.7,32.9,32.8,33.9,33.4,32.5,32.7,32.9,32.7,30.9,33.6,33.9,33.5,33.5,32.6,33.2,32.8,32.9,33.1,33.6,33.7,33.1,34.0,33.9,34.8,33.6,33.7,33.6,32.7,32.5,32.9,34.2,33.7,33.5,33.3,33.9,32.4,32.5,32.2,33.0,32.8,32.9,32.9,33.7,33.1,33.1,32.9,33.3,32.4,32.3,33.0,33.9,34.3,32.9,34.1,34.0,34.5,34.2,34.4,33.7,32.2,33.3,32.4,32.9,33.0,32.6,32.5,33.2,32.6,31.5,32.6,33.9,32.9,32.2,33.4,32.7,33.9,32.6,32.5,33.4,32.6,32.0,33.4,33.6,32.7,33.4,33.2,34.6,33.1,34.1,33.8,33.4,32.8,32.2,33.8,33.3,32.5,33.2,32.4,32.1,33.8,32.1,33.9,33.1,32.9,32.5,32.8,33.3,32.1,32.0,32.6,32.8,32.9,33.2,32.7,33.6,33.2,33.7,34.0,34.5,33.9,33.6,34.8,33.5,33.6,32.8,33.0,33.4,33.7,33.2,32.9,33.1,32.2,32.8,33.4,34.6,33.5,33.3,33.6,33.1,32.5,32.7,32.8,33.6,32.7,33.3,32.7,32.2,32.5,33.2,34.4,33.6,33.8,34.1,33.9,33.1,33.2,33.0,33.0,31.7,33.6,33.8,33.6,32.5,32.7,32.9,33.1,33.9,33.3,32.4,33.5,33.3,33.6,33.3,33.0,33.0,33.2,33.5,32.9,33.2,32.3,32.3,33.5,33.7,33.3,33.2,34.1,34.0,32.6,33.0,33.0,33.6,34.4,32.8,33.5,33.9,32.7,32.9,33.0,33.1,32.6,32.7,33.6,33.6,32.7,32.0,33.1,32.8,33.8,33.2,32.6,32.7,32.5,32.4,33.5,34.0,33.4,32.8,33.9,33.8,32.8,32.8,33.8,33.3,33.6,32.7,33.4,32.8,33.2,31.9,33.1,34.5,32.9,33.4,32.8,32.8,32.4,33.6,32.8,33.5,32.5,33.0,32.5,32.9,33.0,33.4,33.8,33.5,33.7,34.2,33.0,33.6,33.5,32.6,33.0,33.3,32.6,32.6,32.7,33.3,33.8,32.8,32.8,33.6,33.1,32.1,33.8,33.4,33.5,34.1,32.5,33.1,32.7,nan,32.9,32.3,33.1,32.4,33.9,33.8,33.8,33.3,34.2,32.6,33.6,33.0,33.6,33.7,32.9,33.7,34.4,33.8,32.8,32.7,33.3,33.5,33.8,32.7,33.1,33.3,33.9,32.7,33.1,32.6,33.5,32.7,32.5,32.9,33.5,33.0,33.0,34.5,33.8,33.9,33.9,33.4,32.7,32.7,34.4,33.4,33.6,32.5,33.1,34.3,33.4,33.8,33.6,33.1,32.3,32.5,33.8,33.3,32.9,32.3,32.9,33.2,32.5,32.7,32.8,33.8,32.8,33.0,33.8,35.0,34.0,33.4,33.9,34.3,32.8,34.0,33.4,33.5,33.2,33.2,34.5,34.5,34.4,33.7,33.7,34.3,33.4,33.0,32.8,33.9,32.0,33.7,33.3,33.8,33.1,33.0,33.1,32.6,33.9,32.8,33.8,33.3,33.8,34.2,34.5,34.3,32.9,33.2,33.8,33.7,34.2,32.8,33.9,35.1,32.9,33.5,33.7,32.8,33.0,32.8,33.1,33.3,33.0,33.6,33.9,33.2,34.0,32.8,33.9,33.3,33.9,33.8,33.9,33.5,33.1,33.2,34.2,33.7,33.1,33.3,34.3,34.2,33.5,33.9,34.2,35.6,34.1,33.0,33.1,34.0,33.1,32.1,33.1,33.1,32.5,33.7,33.4,33.2,32.1,32.5,33.4,34.2,32.9,32.2,33.4,34.1,32.7,33.1,33.7,33.9,34.3,33.9,34.0,33.9,33.5,33.5,34.1,34.4,33.0,33.8,34.1,33.0,34.0,34.0,32.7,33.9,32.7,33.9,33.1,33.6,33.6,33.5,33.1,32.7,32.6,33.1,33.4,33.5,33.6,32.7,34.3,33.4,33.7,33.5,34.2,33.7,33.3,34.2,33.6,34.1
1785306157.4520826,1824,32.8,32.9,32.9,32.9,32.7,32.5,33.5,32.7,32.2,32.1,33.3,31.6,31.9,32.1,32.8,33.6,32.7,32.3,31.9,33.3,33.2,33.7,32.5,32.7,32.3,32.9,32.7,32.7,33.3,32.2,32.8,34.0,31.6,32.6,31.6,33.3,31.7,32.2,33.6,32.2,32.1,33.0,32.2,33.6,31.1,33.7,33.1,32.4,31.9,31.9,32.9,32.8,32.9,32.4,31.7,32.9,32.6,33.0,33.0,33.8,32.7,32.8,32.8,33.4,34.5,33.7,32.2,33.6,32.9,32.7,32.8,32.1,33.0,32.6,33.1,32.4,33.0,32.6,33.2,32.8,33.0,32.9,32.5,33.7,32.7,32.2,32.7,32.4,32.1,32.5,33.5,32.5,32.3,33.1,33.2,33.7,32.2,34.0,33.2,33.5,31.7,32.4,33.0,33.2,33.3,32.8,32.6,32.5,32.5,32.0,32.5,32.4,33.2,33.5,32.9,32.4,32.3,32.9,32.6,32.9,32.4,34.9,33.5,34.2,33.3,33.2,32.6,33.3,32.0,32.4,31.9,34.0,33.0,32.7,32.6,32.4,32.2,31.9,32.1,32.7,32.6,33.1,32.4,32.6,32.5,32.7,32.0,33.8,33.5,32.8,33.5,33.4,33.2,32.8,32.2,34.1,32.8,33.3,33.8,33.9,33.9,33.0,33.1,32.8,32.2,33.0,32.8,32.7,33.1,32.4,32.7,32.4,32.3,33.2,32.8,32.4,31.4,33.5,33.2,34.4,34.7,34.5,33.6,32.8,33.1,33.2,33.8,33.8,33.1,34.9,34.1,34.1,33.2,31.6,33.4,33.8,32.4,33.6,32.9,33.5,32.5,33.0,32.2,32.9,32.9,31.5,33.4,33.5,34.4,33.4,34.1,35.2,34.8,34.5,34.0,34.3,34.5,32.9,32.4,33.5,33.3,31.7,32.8,32.8,31.8,33.4,33.9,31.3,32.9,33.9,33.4,33.1,33.1,33.1,33.6,33.2,31.8,32.4,32.9,33.6,34.4,33.6,33.4,34.6,33.8,34.4,33.7,34.4,33.7,33.7,33.0,32.8,32.4,32.4,33.8,34.5,32.5,32.3,31.8,33.5,33.1,33.0,32.8,33.7,33.1,31.9,33.3,33.0,33.4,33.1,32.4,33.4,33.4,33.6,33.2,34.4,33.5,34.1,33.9,33.7,33.8,32.8,33.9,32.9,33.0,33.8,33.1,34.0,31.6,32.8,32.3,33.0,32.4,32.3,33.1,34.9,32.6,32.9,32.5,33.2,32.5,32.2,33.1,32.8,33.1,33.3,34.1,34.5,33.8,34.5,33.1,33.6,32.7,32.4,33.6,33.9,32.1,33.1,32.6,33.3,32.7,32.4,32.7,33.7,32.9,33.3,32.6,34.0,32.8,32.5,32.5,33.4,32.8,33.4,32.7,32.6,33.3,32.7,34.4,33.9,34.2,34.0,34.7,33.4,33.1,32.9,32.5,32.6,33.2,33.1,34.0,33.5,32.7,32.3,32.8,34.6,33.4,33.2,33.6,32.8,32.6,32.4,32.4,32.7,33.0,33.8,32.6,33.5,33.5,33.0,33.6,33.3,33.8,34.1,33.9,34.3,32.4,32.6,33.1,33.1,33.5,32.9,33.5,33.2,31.8,32.8,32.2,33.1,32.6,32.0,32.9,33.1,33.2,32.7,33.3,33.2,33.4,33.7,32.8,32.8,33.5,33.1,33.5,33.5,34.1,33.8,34.2,34.1,34.2,32.9,34.1,33.8,33.2,33.4,33.6,33.0,31.6,33.3,34.0,33.3,32.0,33.8,33.0,33.5,33.2,32.9,32.6,33.5,33.5,33.4,33.2,33.2,32.4,33.7,33.2,34.2,33.3,34.2,34.0,33.5,33.6,33.1,33.1,33.7,32.9,33.1,32.7,33.8,32.4,33.0,34.0,33.6,32.5,33.5,32.3,32.9,33.3,32.9,32.4,33.1,32.9,33.1,33.3,33.6,34.3,32.5,34.2,33.6,32.9,32.9,33.5,33.0,32.9,33.4,33.2,33.1,33.4,31.8,33.4,33.8,31.9,33.2,32.5,32.6,32.8,32.0,34.1,33.2,32.4,33.1,33.6,32.8,32.9,32.9,32.2,33.1,34.3,32.7,34.4,34.4,33.2,33.1,33.8,34.2,32.4,33.6,33.5,33.0,32.9,33.3,34.3,34.1,33.7,33.4,34.0,33.4,33.5,32.6,32.9,32.9,33.5,33.1,32.9,33.2,33.5,33.1,32.9,32.9,34.2,32.8,33.9,34.1,33.9,33.4,34.4,33.7,34.0,33.2,32.9,33.7,34.3,33.0,32.8,34.6,32.8,33.6,32.1,33.7,32.4,32.6,33.2,33.2,33.4,32.8,33.4,33.3,33.5,nan,32.0,32.5,33.0,32.8,33.0,33.4,33.8,33.5,33.3,33.8,32.9,33.4,33.3,34.0,33.1,34.0,33.9,33.5,33.1,33.4,33.8,34.2,33.7,34.1,32.5,34.3,33.0,32.1,32.8,33.3,33.4,32.7,32.8,32.6,33.4,32.6,33.1,33.8,32.6,33.1,34.2,34.2,33.3,32.9,32.7,33.3,33.3,33.0,33.9,33.9,34.1,33.4,33.3,32.8,33.3,33.1,33.5,32.7,32.8,33.6,33.1,33.6,31.6,33.2,32.5,33.3,33.2,32.6,33.3,33.4,34.2,33.3,33.3,34.7,32.9,33.7,32.9,33.2,32.3,34.2,33.1,34.4,33.4,33.4,33.2,33.7,33.5,34.0,32.5,34.0,32.8,32.8,33.2,33.0,33.5,33.1,33.3,33.4,33.2,32.9,33.7,32.9,33.2,33.0,33.9,34.2,33.5,32.5,33.5,33.4,34.7,33.3,34.0,34.3,33.7,34.1,33.6,33.8,32.3,34.2,33.2,33.4,33.4,32.6,33.7,33.2,33.3,33.8,33.0,33.9,33.5,33.2,32.6,32.9,33.5,34.2,33.9,34.5,33.5,33.5,32.7,33.1,33.2,34.6,33.6,35.1,34.0,32.4,33.3,33.5,33.7,32.8,32.8,33.5,32.9,33.8,32.7,32.8,33.3,33.1,33.1,33.5,33.3,32.6,34.0,34.9,33.3,33.0,33.8,33.2,33.4,33.8,34.1,33.6,33.6,33.6,33.3,33.6,32.7,33.2,34.2,34.2,33.1,33.9,34.0,33.8,32.8,33.3,34.1,33.9,34.1,33.7,33.3,33.0,32.6,34.2,33.5,33.4,33.5,33.7,33.8,34.0,33.8,34.2,34.9,34.4,33.8,34.5,32.5,34.7
1785306159.5886338,1825,34.0,33.0,33.1,33.0,34.6,32.4,34.2,32.2,34.1,33.6,32.6,33.4,33.7,32.2,32.7,32.8,32.6,32.6,32.6,33.0,33.7,32.8,33.4,33.0,33.8,32.8,33.5,34.6,33.8,32.7,33.9,34.1,33.3,33.7,32.9,33.7,32.5,33.2,32.8,33.1,32.1,32.7,32.9,33.5,33.1,33.6,33.7,32.9,33.1,32.8,32.3,33.5,32.9,32.3,32.8,33.2,33.1,32.9,34.2,34.1,34.4,34.2,33.0,34.5,34.9,33.6,32.1,32.8,33.5,32.8,32.3,33.2,32.5,33.5,33.0,32.5,33.4,32.4,32.4,33.1,33.1,33.0,32.7,33.3,32.8,33.3,32.8,33.5,33.3,34.1,33.8,33.1,34.1,32.3,33.8,33.6,34.0,34.4,33.1,33.4,32.9,33.2,32.7,33.5,33.7,33.2,31.1,33.3,33.0,32.5,32.8,33.2,33.8,32.9,33.4,33.6,33.2,32.5,33.1,33.5,33.2,32.9,34.0,32.9,34.0,33.9,33.2,33.0,33.7,33.5,33.1,33.6,33.3,33.2,32.9,32.7,33.4,32.7,32.5,33.2,33.7,32.9,32.6,33.4,33.4,32.1,33.2,32.9,34.6,33.2,34.0,33.2,33.8,33.7,33.7,33.8,33.3,33.3,33.5,33.8,33.4,32.7,33.0,33.3,32.7,32.9,33.3,32.8,33.9,32.8,32.1,33.0,33.3,33.0,32.8,33.0,32.5,33.6,33.9,34.7,35.6,34.1,33.5,33.9,33.2,33.7,32.4,33.1,32.4,33.4,33.8,33.8,34.5,33.1,32.9,33.5,33.5,32.8,32.9,32.5,32.8,33.3,33.3,32.9,33.3,32.6,33.0,33.3,33.5,34.3,34.1,35.5,35.9,34.6,33.7,34.1,34.9,33.4,33.6,32.9,34.5,32.8,33.6,33.3,32.8,32.8,32.7,33.3,31.9,33.4,32.8,32.6,34.1,33.4,32.7,33.0,33.2,32.5,33.5,33.1,33.6,34.0,34.2,34.7,34.9,34.8,33.6,33.5,34.5,32.8,33.1,33.0,34.0,33.8,33.0,34.0,32.2,32.9,32.3,33.2,33.0,33.2,32.4,33.7,33.2,33.5,33.2,32.7,34.0,32.9,32.6,33.0,33.7,33.7,33.6,33.8,34.0,32.7,33.3,34.0,33.6,33.5,33.5,33.7,33.4,33.3,33.6,34.1,33.8,33.2,32.3,33.3,32.7,32.9,32.7,32.7,33.2,33.6,33.3,33.0,33.1,33.4,32.6,33.4,33.4,33.3,33.4,33.8,33.7,33.3,33.8,33.4,33.3,32.7,33.4,33.5,33.1,33.2,31.5,34.1,33.1,33.9,33.3,33.8,33.2,34.2,32.9,33.0,33.6,32.3,33.1,34.2,33.0,33.4,33.8,33.6,34.0,32.6,34.3,33.7,34.2,34.5,33.3,32.7,33.0,33.5,34.0,32.9,33.5,33.2,33.7,33.4,33.2,33.6,32.9,33.9,32.8,33.0,32.9,33.3,33.7,33.1,33.3,33.2,33.4,32.5,33.7,32.3,33.2,33.3,33.9,34.2,35.0,34.1,34.0,33.7,33.1,33.7,33.8,32.1,34.1,32.5,33.0,32.5,33.4,32.9,31.5,34.2,33.7,33.6,33.0,33.5,33.6,33.3,33.4,33.0,32.7,33.5,33.5,32.6,33.4,33.2,34.0,34.2,34.3,34.7,34.8,34.3,33.3,32.2,34.0,32.3,34.1,32.8,33.7,34.3,33.2,32.8,33.8,33.0,33.5,33.2,33.1,33.0,33.3,33.5,33.0,33.2,33.9,34.1,33.8,33.0,33.1,33.2,33.1,34.3,33.6,34.3,34.6,34.1,33.5,33.2,33.9,34.0,33.4,32.7,33.4,33.9,34.0,32.9,33.9,33.3,33.2,33.1,32.8,33.5,32.9,33.0,33.5,33.7,33.7,32.7,33.0,32.9,33.9,34.0,33.8,33.6,34.0,32.7,33.7,34.0,34.1,32.8,33.0,33.2,33.9,33.6,33.7,33.9,33.8,34.0,32.6,33.1,33.5,33.2,34.0,34.0,34.0,32.5,32.9,32.6,33.6,33.3,32.9,33.5,33.5,33.5,34.2,33.8,34.1,34.0,34.4,33.6,33.4,33.7,33.1,33.9,34.3,33.2,34.4,33.4,34.4,33.3,32.7,33.1,33.3,32.5,33.5,32.8,33.2,33.8,32.8,33.1,32.5,32.7,33.2,33.1,33.0,32.7,34.0,34.0,33.3,34.2,33.6,33.8,33.3,32.6,33.2,33.6,33.1,33.5,33.5,33.5,32.7,33.4,32.6,33.0,33.4,32.5,33.1,32.9,32.7,33.0,32.4,34.2,32.0,nan,32.3,33.8,33.6,34.0,33.4,33.5,33.6,34.1,33.0,33.1,33.1,33.9,33.1,33.9,32.5,33.7,33.2,34.4,33.2,32.9,32.9,33.7,32.9,33.4,32.8,33.9,33.4,32.7,32.9,34.3,32.7,33.3,33.4,33.0,33.4,32.7,33.8,33.7,34.5,33.7,33.6,33.9,33.4,33.6,33.7,34.0,34.4,32.3,34.6,34.3,33.2,33.5,33.2,34.5,32.7,33.0,33.0,33.1,33.7,33.6,33.2,34.0,32.7,32.3,33.4,33.6,33.3,33.2,33.5,33.8,34.8,33.9,33.7,34.1,32.6,33.8,34.3,33.5,33.5,33.7,33.6,34.1,35.0,34.4,33.9,33.4,33.6,32.4,33.5,33.2,33.8,32.3,33.1,33.4,33.3,33.3,32.4,33.3,34.0,33.1,34.3,34.3,34.5,34.2,33.8,34.3,33.9,33.0,33.5,33.1,35.0,33.8,34.7,34.4,33.8,33.7,33.3,33.7,32.8,32.6,33.7,32.8,33.5,33.7,33.3,34.0,33.3,33.4,33.8,33.6,33.9,33.5,33.7,33.6,33.9,33.8,33.5,33.4,32.9,34.2,33.7,33.4,33.3,34.7,34.8,33.4,33.6,33.4,32.5,33.8,34.2,32.7,33.6,34.4,33.2,33.0,33.0,33.4,33.6,33.2,33.2,32.9,33.8,32.6,33.6,34.5,33.6,33.3,33.9,33.5,34.8,33.0,34.2,34.5,33.3,33.5,33.6,33.9,33.7,33.1,33.7,34.4,33.0,33.6,33.5,34.1,32.0,34.1,33.8,33.4,33.3,33.1,32.9,32.2,33.1,33.1,33.2,34.7,33.9,33.4,33.9,33.8,33.9,34.3,33.2,34.3,33.5,34.8,34.9,34.4
1785306161.7179685,1826,34.2,31.9,34.4,32.8,33.6,33.1,33.3,32.6,32.8,33.0,32.7,32.1,32.1,32.4,33.4,32.8,33.1,31.9,32.1,32.6,32.9,33.4,32.9,32.4,32.5,33.2,33.8,32.6,33.5,33.2,33.3,33.6,31.4,34.1,32.9,33.3,32.5,33.5,32.6,33.0,32.1,33.0,32.9,33.0,32.3,33.0,33.0,33.2,32.4,32.6,32.8,33.2,32.9,32.8,33.3,33.5,31.7,32.4,33.7,33.5,32.8,33.7,33.9,32.4,34.0,32.6,34.0,32.4,32.5,32.6,34.2,32.6,32.4,32.6,32.3,32.7,32.8,32.0,31.7,32.4,32.3,33.7,32.1,32.4,32.5,32.3,33.3,32.5,32.8,33.0,32.4,33.3,33.2,31.7,33.9,32.6,32.5,34.5,31.9,32.8,33.1,32.2,33.7,34.1,32.6,33.7,30.5,33.3,32.5,33.1,32.5,33.3,31.4,33.1,32.7,33.7,32.9,33.6,33.5,33.2,33.6,33.2,33.6,33.4,33.4,32.7,33.2,34.2,34.8,33.9,32.3,32.5,33.6,33.6,32.7,32.9,32.9,32.4,32.6,32.5,32.7,32.1,32.9,32.9,32.3,32.8,33.7,34.3,33.6,34.1,32.8,33.5,32.7,32.9,33.2,33.0,33.9,33.3,33.6,33.2,33.8,32.8,32.8,34.1,32.1,33.0,32.7,32.9,32.5,32.7,34.1,33.6,31.8,33.7,32.1,32.7,32.5,32.9,34.8,35.0,33.3,33.8,33.2,33.3,33.0,33.4,33.5,33.9,32.0,33.4,33.3,34.3,33.5,32.9,33.4,33.3,32.2,32.4,33.7,32.2,33.0,32.1,32.9,32.7,32.5,32.8,32.4,32.6,33.7,34.0,34.5,35.5,35.7,34.3,34.8,34.3,33.9,32.9,33.3,32.4,34.0,33.0,33.7,33.1,32.1,32.5,32.7,33.6,32.1,32.4,32.9,33.8,33.1,33.0,32.9,33.0,32.6,32.9,32.6,32.8,33.6,34.2,33.9,34.6,33.9,34.1,33.3,35.4,33.1,33.6,32.7,34.0,32.5,33.5,34.5,34.3,32.7,32.6,32.8,33.0,32.9,33.0,33.5,33.1,32.5,32.5,33.3,32.4,32.8,32.7,32.8,33.8,34.0,33.7,33.2,34.3,34.0,34.0,33.7,34.1,32.9,34.1,33.5,32.3,34.3,33.3,32.9,32.5,31.2,32.6,33.1,33.0,33.3,33.7,32.9,32.9,32.5,34.0,33.0,33.4,33.4,32.7,32.9,35.2,33.6,32.8,33.0,34.0,34.1,33.8,34.5,34.6,33.8,34.6,33.4,34.1,33.1,32.5,33.3,33.5,33.4,33.1,33.1,33.8,33.1,33.6,33.5,33.5,33.7,33.1,33.1,33.0,32.9,33.4,33.0,33.4,33.7,34.2,34.3,33.4,33.3,34.0,33.8,33.8,32.8,32.8,33.6,33.3,32.3,32.4,32.2,33.0,33.0,32.7,32.9,33.4,32.8,33.6,32.2,32.3,32.7,32.7,33.3,33.5,33.1,32.7,33.5,34.0,32.8,33.5,34.7,34.5,33.4,33.7,33.8,33.6,33.7,33.4,33.6,33.8,32.7,32.7,33.6,34.6,33.7,32.5,34.4,33.5,33.5,33.8,32.9,32.5,33.0,32.5,33.0,33.0,33.6,33.2,32.6,33.7,33.4,33.2,34.8,33.9,34.6,34.2,34.7,33.7,32.7,33.3,33.8,33.6,33.8,33.4,32.4,33.3,33.0,32.5,32.2,33.5,33.0,33.2,32.7,33.5,33.3,32.9,33.5,33.0,32.0,32.8,33.1,33.9,33.1,33.4,34.7,34.3,34.6,33.5,34.7,33.8,33.0,33.3,33.8,34.1,32.3,33.3,33.6,34.2,34.1,34.6,33.6,32.5,32.3,33.1,33.6,33.9,34.0,33.0,33.4,33.0,34.2,33.1,33.6,32.3,33.3,32.7,34.9,33.6,33.7,33.2,33.2,33.8,32.7,33.3,33.8,33.0,33.6,33.2,34.4,32.9,32.3,32.8,33.0,34.5,32.8,32.2,33.5,33.0,33.0,33.1,32.9,33.5,33.8,33.4,32.8,32.9,31.6,32.9,33.5,34.1,32.4,34.0,34.1,34.3,33.5,33.9,33.6,33.9,33.4,33.5,32.6,34.1,33.5,33.3,33.6,32.5,33.5,33.4,33.1,33.4,32.8,32.9,33.0,32.8,32.7,33.5,32.9,32.7,33.2,33.2,33.4,33.4,33.9,33.9,33.9,34.8,33.0,33.8,34.5,33.6,33.4,34.1,33.4,33.5,33.2,33.1,33.0,32.7,33.1,33.5,34.3,33.5,32.7,32.9,33.4,33.1,33.7,nan,33.6,33.5,32.5,32.7,33.1,33.9,33.4,33.7,34.1,34.7,33.1,33.6,34.3,33.9,32.1,34.0,33.8,33.9,33.5,33.5,34.2,33.5,32.8,33.6,32.5,33.5,33.7,33.9,32.3,32.9,32.9,33.2,32.8,33.7,33.1,32.5,33.9,33.9,34.5,33.9,33.1,34.0,33.7,33.8,33.8,33.2,33.5,34.5,34.9,33.6,32.9,34.1,34.0,34.2,33.3,33.1,34.1,34.3,32.3,33.4,33.8,33.1,32.0,32.9,33.6,33.5,32.8,32.6,34.5,34.2,34.1,34.2,33.9,35.0,33.9,33.0,33.4,34.1,33.5,34.8,34.3,33.8,33.6,34.4,34.4,33.0,33.5,33.2,33.2,33.9,33.3,33.6,32.8,33.6,33.0,33.7,33.5,33.8,33.4,33.1,34.3,32.8,33.7,33.7,35.3,33.8,34.0,32.6,33.0,33.1,32.9,33.8,34.4,34.4,33.1,34.9,33.5,34.4,32.8,33.1,33.7,34.7,32.8,33.4,33.3,33.4,33.4,33.5,34.1,33.5,33.1,33.0,33.9,35.4,33.4,32.6,34.2,34.9,33.7,34.1,33.2,33.7,32.9,33.0,33.1,34.4,33.0,33.6,33.5,34.0,33.4,33.1,34.5,33.4,32.9,33.7,33.1,33.4,33.3,33.2,33.5,33.1,32.9,33.3,33.8,34.0,33.8,33.1,34.0,33.7,34.2,33.7,34.3,33.7,34.0,33.5,34.2,34.1,33.9,33.4,33.5,33.4,34.0,32.1,33.5,33.6,32.3,33.4,33.6,33.9,33.5,32.7,33.1,33.2,32.2,33.2,33.6,34.6,34.1,33.5,33.5,34.9,34.7,33.6,33.0,34.6,33.7,34.7,33.8,35.8
1785306163.898271,1827,32.9,33.0,32.5,34.3,33.0,32.9,32.1,34.3,33.3,32.8,31.5,33.0,33.9,33.0,33.1,33.1,32.8,32.1,32.9,33.5,33.0,33.8,32.2,32.4,32.4,32.0,32.4,33.9,31.3,33.0,34.2,34.8,33.8,32.1,32.9,32.7,34.3,31.6,33.9,32.9,32.2,32.7,33.1,33.3,32.3,33.1,33.2,32.9,31.8,31.7,33.7,32.8,33.0,32.5,33.7,33.2,32.9,32.5,33.3,31.9,33.3,33.3,33.4,34.0,33.9,33.6,31.8,33.7,32.2,32.6,33.1,33.2,33.8,32.5,33.5,33.0,33.4,32.5,32.7,33.1,33.3,33.5,32.0,33.5,32.1,33.0,33.0,34.4,32.8,33.0,32.8,34.3,32.4,33.0,33.3,33.8,33.5,33.7,33.8,33.1,31.2,32.1,33.6,33.7,32.8,32.9,32.7,32.9,32.8,32.0,33.1,32.5,32.9,32.9,33.5,32.0,32.3,32.3,33.3,33.2,33.0,33.7,32.8,32.9,32.3,32.8,33.4,33.2,34.7,33.7,32.7,33.6,34.5,32.8,32.7,32.1,33.0,33.8,32.9,33.8,31.7,32.9,31.6,32.5,32.6,31.9,32.2,33.6,34.4,34.1,32.2,33.5,32.4,32.7,33.1,33.4,32.7,32.4,32.3,34.5,33.6,31.8,32.5,32.7,32.3,33.1,34.4,32.3,33.0,32.7,33.3,32.2,32.3,32.6,33.3,32.7,33.0,33.0,33.1,34.0,33.8,34.8,34.5,33.6,33.4,32.5,33.7,33.3,32.9,33.8,34.4,33.3,32.7,32.2,33.3,32.5,32.5,33.1,31.7,32.9,33.6,32.1,32.8,33.2,32.6,32.8,32.8,33.3,33.1,32.5,32.6,33.7,35.4,34.5,33.2,33.6,32.5,32.5,32.5,32.9,33.0,32.0,32.5,33.3,32.4,33.2,34.4,32.3,33.4,33.2,33.3,32.8,32.3,32.7,32.7,33.7,32.1,32.5,33.5,32.6,32.3,32.3,33.4,33.3,34.4,34.8,33.6,32.8,32.4,33.5,33.5,33.0,33.4,33.1,34.5,34.4,33.5,33.9,32.7,33.6,32.2,33.0,32.4,33.1,33.4,32.5,31.9,33.6,32.7,32.5,32.6,33.2,32.7,33.2,33.5,34.6,34.6,33.8,33.6,34.3,32.6,32.8,32.7,34.4,32.5,33.3,34.1,32.7,33.4,34.0,33.7,32.7,32.9,32.7,33.0,33.0,33.3,33.0,34.3,32.7,33.4,33.2,33.2,32.3,33.5,33.1,34.5,34.2,33.6,33.6,34.6,33.7,32.6,33.5,33.4,32.6,32.7,34.1,33.7,32.8,32.6,32.7,32.7,34.2,32.3,32.7,32.7,33.9,34.1,32.4,32.6,34.0,32.9,32.6,32.8,33.1,33.1,33.9,33.2,34.0,33.7,33.3,33.4,33.5,32.9,32.4,32.8,34.0,33.0,32.6,32.5,34.4,32.8,32.6,33.3,33.0,32.9,32.6,33.0,32.4,32.9,32.8,33.2,32.6,33.1,32.6,33.7,32.8,33.3,32.8,34.0,34.6,34.7,33.8,33.8,33.6,33.6,33.7,33.1,33.5,32.1,31.9,32.8,33.7,34.4,33.3,31.9,33.2,33.8,33.1,32.8,33.2,33.1,32.8,32.8,33.9,32.9,33.5,32.1,33.7,33.7,33.1,33.7,33.7,34.0,34.8,34.2,35.0,33.1,33.2,34.0,33.6,33.1,33.0,33.3,35.2,33.2,32.4,33.0,33.4,33.3,33.0,32.5,33.0,33.2,32.5,33.7,33.2,33.0,32.9,32.8,33.0,33.0,33.5,33.9,33.6,34.4,33.9,34.7,33.8,32.6,33.2,34.5,33.5,33.2,33.0,33.2,33.5,33.2,33.8,32.3,33.9,33.3,32.9,32.6,33.3,32.8,32.6,33.5,33.2,33.0,32.9,33.5,34.8,33.7,32.9,34.5,34.5,32.8,32.7,33.5,34.3,33.3,33.3,33.2,33.5,34.6,33.0,33.1,33.3,31.8,33.5,33.6,32.9,32.4,33.0,34.7,33.6,32.5,32.5,32.9,32.1,33.1,32.8,33.6,33.2,33.0,33.0,35.0,34.2,33.1,33.7,33.5,34.3,34.8,33.4,33.6,33.3,33.0,33.1,34.4,34.0,33.2,33.3,32.1,34.3,33.3,32.9,31.9,33.5,33.1,33.7,32.3,33.3,33.3,32.1,32.8,33.2,33.4,32.2,33.2,33.5,34.0,33.7,33.1,33.3,34.2,33.8,33.3,33.8,34.1,32.7,32.9,34.5,33.6,33.7,33.0,33.4,33.2,32.8,33.2,33.1,33.2,33.2,33.5,32.7,33.0,nan,33.4,33.0,32.5,32.7,33.6,33.5,34.1,33.6,33.0,34.1,33.7,34.0,33.6,33.9,34.0,33.0,34.2,33.8,34.3,33.3,32.1,34.1,33.1,32.3,32.9,34.2,33.1,33.4,33.1,34.3,32.2,33.5,32.5,33.5,32.9,32.2,33.3,33.5,34.3,34.2,33.8,34.3,33.6,33.4,33.5,34.7,33.8,33.9,33.8,35.1,32.9,34.0,34.4,33.1,33.6,32.7,33.4,32.8,32.1,32.5,33.4,33.7,33.5,33.3,33.4,32.9,33.3,33.0,34.4,33.7,33.3,34.3,34.4,34.6,33.0,33.5,33.6,33.8,33.5,34.1,33.2,34.7,35.0,34.4,33.5,33.8,33.8,33.2,33.3,34.1,32.7,33.6,33.3,33.8,33.1,33.0,34.3,33.0,33.0,33.5,33.4,33.3,33.4,33.0,33.2,34.5,34.3,33.5,33.7,34.3,33.2,32.8,33.4,34.4,33.1,33.3,32.8,34.5,33.8,33.6,33.5,33.5,32.3,32.9,33.9,33.9,33.1,33.1,34.3,32.8,32.7,32.1,33.9,33.6,33.7,33.6,34.2,34.1,32.9,33.6,34.5,33.6,32.7,33.5,35.0,35.2,32.7,34.1,33.1,34.7,33.6,32.9,32.9,33.6,32.3,33.5,32.5,33.6,33.8,33.0,33.6,34.0,33.9,33.1,33.0,34.3,34.0,33.1,34.1,33.5,34.3,33.7,34.6,33.3,33.1,33.5,33.4,35.0,33.2,32.6,35.0,34.6,32.6,32.8,33.3,34.3,33.0,33.4,34.7,33.1,32.2,33.3,33.6,33.6,32.4,33.0,33.6,34.7,33.6,32.9,34.3,34.1,33.9,33.3,33.4,34.3,33.9,34.2,34.4,34.1
1785306166.3114414,1828,35.2,34.3,32.4,33.7,32.5,33.2,32.8,33.0,34.0,33.7,31.9,33.0,33.2,32.7,32.6,33.1,32.7,33.1,33.4,33.7,32.3,32.9,33.1,32.5,32.9,34.3,33.8,31.9,32.1,33.1,33.8,32.2,34.2,33.1,33.8,33.1,34.2,33.5,33.4,33.2,33.2,33.0,33.6,32.1,32.4,32.8,33.5,33.5,32.6,32.6,32.5,33.6,34.0,33.0,32.9,32.7,32.8,32.4,33.4,32.2,34.1,33.7,33.4,34.1,33.5,34.7,33.6,32.7,33.1,31.7,32.0,33.1,32.4,32.7,33.2,32.9,33.0,33.3,32.3,32.5,33.7,33.0,32.6,33.0,32.3,32.9,32.7,32.8,32.8,32.9,32.7,33.8,32.1,32.9,32.5,34.2,33.9,32.6,33.2,33.5,33.2,32.6,33.8,32.6,33.3,32.8,33.5,32.1,32.5,33.4,32.2,33.3,34.4,32.8,33.5,32.4,33.0,32.4,33.5,32.1,33.0,33.4,33.3,33.6,35.0,34.0,33.6,33.3,33.6,32.9,32.3,32.9,32.8,33.1,32.9,33.6,32.4,33.0,32.9,32.9,32.2,32.8,33.1,32.6,33.3,33.2,32.9,32.8,34.0,33.5,33.3,33.4,33.2,34.3,33.4,33.3,33.7,33.2,33.3,34.6,33.3,33.7,32.9,33.0,32.4,32.4,32.7,32.4,33.5,32.7,32.7,32.8,32.9,33.0,32.7,33.4,33.4,33.2,33.7,33.5,34.2,34.0,33.6,33.3,33.4,33.4,33.1,34.1,33.3,33.4,33.7,34.3,32.8,33.5,32.5,32.4,32.4,33.2,31.6,33.1,32.7,33.6,32.9,32.6,33.2,32.8,32.7,32.2,32.1,33.1,32.3,33.9,35.3,33.7,32.8,33.0,32.7,32.6,32.0,33.4,33.3,33.9,34.3,33.2,33.4,32.9,34.1,33.4,33.9,32.5,33.4,32.2,33.5,33.6,33.5,33.2,33.4,32.8,33.8,33.3,32.8,33.1,33.6,34.0,34.8,33.6,33.5,33.5,33.0,32.7,33.4,33.1,33.0,33.9,33.8,33.5,34.2,31.9,32.6,33.9,31.9,32.9,33.0,33.4,33.3,32.8,32.3,33.1,32.6,32.9,32.9,32.9,32.9,33.3,33.2,34.5,33.9,33.3,33.7,33.5,33.5,32.5,32.4,33.3,33.7,34.0,33.1,33.2,33.1,32.6,32.2,31.8,33.7,33.2,32.9,32.9,33.6,33.4,32.7,33.1,33.3,32.7,32.6,32.7,33.5,33.8,33.4,34.0,34.6,34.3,33.9,33.1,32.7,33.2,33.8,33.7,32.7,33.0,32.6,34.1,32.9,32.6,32.3,33.7,33.8,33.0,33.3,33.8,33.7,33.2,32.6,33.1,33.2,31.9,32.7,33.8,33.4,33.9,34.2,34.3,34.7,33.7,33.8,33.2,33.4,33.0,32.3,33.5,34.0,32.7,32.6,33.7,33.5,32.7,33.2,34.6,32.8,33.2,33.3,32.3,33.5,33.0,33.2,34.1,34.0,32.7,33.1,33.5,33.7,33.8,34.6,33.5,35.2,33.2,34.4,33.4,33.9,33.6,33.7,32.2,33.8,33.1,33.9,32.6,33.0,34.1,33.6,33.7,33.4,33.2,31.8,33.1,32.8,33.4,33.3,32.9,32.8,32.8,32.5,33.1,33.3,33.6,33.2,33.8,34.2,34.6,33.9,34.1,33.5,33.6,33.6,34.0,34.7,32.3,33.0,33.0,33.6,32.9,33.1,33.7,33.8,33.9,33.2,32.1,33.6,32.9,33.6,33.1,33.5,33.1,33.0,33.4,34.3,34.6,34.0,32.4,34.0,34.0,33.8,33.7,34.1,33.1,33.1,32.8,34.2,32.9,34.1,33.0,33.3,33.7,33.6,33.2,32.1,33.6,33.0,33.4,33.3,34.0,33.7,33.4,33.4,33.4,33.4,33.1,34.7,32.8,34.2,33.3,33.5,32.8,34.0,33.6,34.0,33.7,33.1,33.8,34.1,32.9,34.4,32.8,32.8,32.8,33.5,32.6,33.2,33.1,34.6,33.0,33.8,32.7,34.0,33.3,33.2,33.7,33.0,33.1,32.9,34.2,33.6,34.1,33.8,34.0,34.1,34.3,34.4,33.9,33.7,33.9,33.5,33.3,33.3,33.7,33.1,34.5,32.8,33.4,33.2,33.3,32.5,33.8,33.3,33.7,31.0,33.4,33.9,32.9,32.9,32.6,31.9,34.7,33.7,33.4,34.4,34.4,33.5,33.7,34.2,34.9,33.6,33.9,33.4,32.6,33.4,33.4,33.5,32.5,33.7,33.9,33.5,33.5,32.3,32.3,33.6,34.3,32.6,32.6,33.4,nan,32.8,32.5,33.9,34.3,34.0,33.2,33.8,34.0,34.1,33.6,34.3,34.6,34.3,33.4,33.0,34.2,32.7,33.4,33.1,34.1,32.6,34.8,33.9,33.5,33.7,34.3,34.2,33.5,33.5,33.9,32.8,33.7,33.1,33.3,33.6,34.1,33.0,33.4,33.6,34.8,34.0,33.9,32.8,33.5,33.6,33.5,34.6,34.2,33.2,35.2,33.5,33.2,34.7,33.4,33.3,33.5,34.4,33.0,33.5,33.4,34.5,33.4,33.2,33.7,32.8,33.0,33.2,33.4,33.7,33.4,33.5,33.7,34.1,33.8,33.6,33.0,33.7,33.5,33.6,32.9,34.2,34.4,34.5,32.8,33.4,34.4,32.6,34.2,32.9,33.8,33.0,33.6,33.5,33.3,34.2,33.6,32.6,33.0,33.2,33.7,33.8,33.7,33.7,34.3,35.3,33.5,34.0,33.5,34.7,33.6,33.3,33.7,34.4,34.1,33.7,33.6,34.8,34.2,34.3,33.5,33.6,33.2,34.0,32.9,33.7,34.1,33.9,34.2,33.8,32.9,34.4,33.0,34.2,33.9,33.8,34.0,33.6,33.6,33.6,33.9,34.0,33.9,33.4,34.2,34.9,35.3,33.9,33.3,33.7,34.8,33.4,34.2,32.9,33.3,33.4,34.0,32.2,33.3,33.7,33.5,33.1,33.4,33.5,32.5,33.3,34.1,33.8,33.9,34.2,34.5,34.0,34.6,33.9,33.4,33.6,33.8,33.3,34.5,34.3,34.6,33.6,33.6,33.1,32.9,32.8,33.0,33.5,33.6,33.5,33.2,33.7,32.8,33.0,33.5,32.8,32.9,33.9,33.6,33.1,33.3,34.2,34.6,33.6,33.4,34.1,32.8,33.4,34.3,33.9,34.0
1785306168.2671916,1829,32.8,33.2,32.7,33.7,34.1,32.1,34.1,32.9,32.2,32.3,32.1,33.7,32.5,33.3,33.6,33.2,33.1,32.4,32.6,33.3,33.4,32.7,33.3,32.5,32.7,32.5,32.3,34.5,34.0,33.3,33.8,32.7,33.4,36.0,33.3,33.8,33.5,32.2,34.6,33.0,32.8,33.4,33.2,33.0,33.7,32.8,32.7,33.0,32.6,32.7,33.3,33.0,32.9,33.3,32.5,33.1,32.6,33.0,32.8,33.3,34.1,33.9,33.4,34.4,33.3,33.7,32.9,33.6,32.5,32.9,33.4,32.9,32.6,33.8,32.9,33.7,32.4,31.6,32.8,33.0,32.7,33.2,32.5,33.7,33.0,32.4,32.9,33.7,33.0,33.1,33.5,33.6,34.3,32.9,32.8,34.2,33.4,33.1,33.2,33.5,32.4,33.1,33.2,32.6,32.5,34.0,33.0,32.8,31.7,33.6,33.0,33.3,32.1,33.0,32.1,32.3,32.6,32.8,34.1,33.1,33.1,33.6,33.5,33.6,33.1,33.2,33.1,33.5,33.9,32.2,33.9,33.1,33.0,33.1,33.3,33.0,32.9,32.1,32.6,32.9,33.1,32.3,33.2,33.6,32.1,32.8,33.7,33.8,33.8,33.7,33.4,32.9,33.4,33.2,34.1,33.5,33.2,33.0,33.8,34.6,33.0,33.7,33.8,33.4,33.8,33.0,32.6,32.4,33.5,32.5,33.3,32.8,32.8,33.2,32.8,33.6,32.4,32.9,33.3,34.6,33.9,33.5,33.4,33.1,33.3,32.7,34.6,33.2,32.7,33.3,33.9,33.9,33.9,33.4,32.8,34.0,32.0,32.5,33.5,33.0,32.5,33.5,32.9,32.9,32.7,32.2,32.4,32.4,32.8,31.8,33.5,34.7,34.5,33.9,33.3,32.6,33.4,32.9,34.4,33.7,32.3,33.5,33.7,34.1,32.3,32.9,33.3,32.8,32.7,33.5,33.0,33.1,32.8,33.3,32.1,33.1,33.1,32.8,32.4,33.5,32.7,33.0,34.1,34.6,35.1,33.1,32.9,33.5,33.7,33.6,32.6,33.5,33.1,33.0,32.9,33.7,32.5,33.4,33.2,32.7,32.5,32.3,33.2,33.4,33.1,33.1,32.6,33.0,32.9,32.5,32.8,33.2,32.6,33.4,34.3,34.0,34.3,33.7,34.2,33.5,32.8,33.2,33.3,34.2,34.1,32.4,33.3,34.0,31.4,33.0,32.4,33.6,32.4,33.0,32.8,33.3,32.6,33.7,33.4,33.4,33.8,33.0,33.3,33.6,32.8,33.6,34.4,34.1,34.6,34.0,33.6,33.6,32.7,32.4,32.6,34.3,32.3,32.9,33.4,33.8,33.0,33.2,33.3,33.1,33.1,33.3,32.5,33.8,33.2,33.3,32.8,33.1,33.2,32.5,34.0,33.6,33.6,33.8,34.2,34.9,34.2,32.9,34.3,34.1,34.0,33.6,33.6,33.0,33.8,32.5,33.4,33.7,32.7,34.1,33.0,32.8,32.7,32.1,32.9,32.1,33.1,32.4,32.6,33.5,33.0,32.1,32.8,33.8,34.1,34.3,33.1,32.9,34.1,34.6,34.4,33.4,33.4,34.4,33.7,33.9,32.7,32.4,33.5,33.4,32.8,32.6,33.4,33.0,33.0,32.8,32.2,33.4,33.5,32.5,32.8,32.5,33.4,33.1,33.6,34.1,35.2,33.6,33.7,33.6,33.4,34.1,34.4,33.9,34.0,33.4,34.1,32.0,33.8,33.1,33.6,34.2,32.5,33.8,33.1,32.7,32.9,32.9,33.3,32.7,32.9,32.9,32.7,33.3,32.2,32.6,33.0,33.4,33.7,33.9,33.7,34.0,34.3,33.4,34.1,34.7,33.4,34.1,33.8,33.0,33.1,33.1,33.7,33.2,34.3,33.9,33.2,33.0,34.0,33.0,33.6,33.8,33.0,32.9,32.6,32.8,33.4,33.1,34.4,33.0,33.0,32.6,33.6,33.8,33.2,33.1,34.4,34.2,33.0,31.8,34.0,35.2,34.0,34.2,33.0,34.0,32.6,32.8,33.1,33.2,32.3,32.7,33.5,32.0,32.9,33.3,33.5,33.8,32.7,33.7,33.2,33.2,34.5,33.2,34.6,33.7,33.3,34.0,33.6,34.0,33.6,33.9,34.2,35.2,34.6,33.3,34.7,34.1,33.7,32.8,33.6,33.6,33.4,33.1,34.1,33.4,33.0,32.6,33.2,33.7,33.5,33.9,33.9,32.8,33.1,33.4,34.5,33.8,34.2,32.9,33.7,33.4,33.5,32.6,33.2,34.1,34.1,33.4,32.8,34.2,32.6,34.0,31.9,33.3,32.8,32.9,33.7,33.0,33.3,33.8,33.1,32.6,33.1,nan,32.8,32.9,34.0,33.4,33.5,34.2,33.5,33.7,34.1,34.0,32.6,33.4,33.2,33.8,33.3,33.1,34.3,33.5,34.4,33.0,34.0,33.8,32.6,32.8,33.6,33.8,33.0,33.0,33.7,33.5,32.8,33.1,33.3,33.4,33.3,32.3,33.4,34.3,34.1,33.3,33.8,33.7,33.5,33.1,33.8,34.0,34.1,32.8,34.7,34.4,32.8,33.9,33.3,33.6,32.8,33.1,33.7,33.2,32.8,33.1,33.1,33.6,32.6,34.4,32.2,33.8,33.1,33.7,33.0,33.2,33.7,33.7,33.3,34.7,33.3,32.8,34.4,33.9,33.1,33.5,33.5,34.4,34.0,32.7,33.8,34.8,33.3,33.1,33.2,34.0,34.0,32.4,33.0,33.3,33.2,33.4,33.9,33.0,33.9,33.4,34.3,33.2,33.3,33.9,34.4,34.4,33.5,34.0,34.1,33.8,33.1,33.7,33.1,34.3,33.5,34.7,33.6,34.0,33.5,32.9,32.8,32.9,33.2,33.6,32.6,33.4,33.2,32.8,34.0,33.2,33.2,33.2,34.2,34.1,34.2,34.0,34.5,33.8,33.4,34.5,33.4,33.9,33.6,34.6,35.1,33.3,33.7,33.5,33.9,33.7,33.9,33.2,33.2,33.1,33.5,32.7,33.1,34.6,33.5,33.0,33.1,33.2,33.5,33.2,33.8,34.2,33.0,33.7,33.3,34.7,34.4,33.6,34.1,33.4,34.7,34.0,34.0,35.4,32.4,34.1,32.5,32.9,32.5,32.7,32.2,34.0,33.1,33.1,31.3,33.3,33.4,34.2,33.4,33.2,32.5,33.2,32.6,34.3,33.7,33.9,33.6,34.6,33.6,33.0,33.9,33.2,33.6,33.2,34.6,34.7
1785306170.8214629,1830,32.6,31.3,35.1,32.9,33.5,31.9,33.6,32.1,32.1,32.5,32.7,32.2,31.9,32.3,33.1,31.9,33.0,32.6,33.1,34.2,32.6,31.8,33.0,32.8,32.4,32.5,33.5,33.2,32.7,33.3,34.0,33.5,31.9,32.9,33.1,33.2,33.3,32.7,32.9,33.4,32.6,32.3,33.4,33.3,31.0,32.6,32.4,33.5,32.5,33.3,33.3,32.6,32.8,32.4,31.3,33.4,31.4,32.4,33.2,33.9,33.2,33.1,33.4,33.0,33.6,32.5,33.9,31.8,32.8,33.2,32.9,32.5,33.3,33.0,32.6,32.0,33.3,32.5,33.5,32.3,32.8,31.8,33.5,32.0,32.4,32.4,33.4,33.0,32.8,32.5,33.2,32.8,32.7,32.2,33.8,34.0,33.4,33.4,33.2,32.9,31.8,32.8,31.8,33.3,32.3,32.7,35.3,32.6,32.6,33.6,32.7,32.4,32.7,33.3,32.9,33.6,32.8,32.7,32.8,32.6,32.0,33.3,31.5,33.1,33.1,33.3,32.9,33.9,34.9,32.4,34.0,33.3,32.5,32.9,32.7,33.0,33.2,31.7,33.8,32.7,33.7,32.3,32.3,32.1,33.3,31.9,33.0,34.0,34.3,33.3,33.5,32.7,33.0,32.9,33.3,34.1,32.9,32.6,32.4,32.8,31.6,32.9,33.8,33.1,32.4,32.9,33.0,33.4,32.6,33.2,32.9,32.6,32.9,32.3,32.5,33.2,32.3,33.2,33.2,34.2,34.2,34.1,32.2,33.4,32.4,33.5,33.5,34.1,33.5,32.2,33.2,33.8,33.6,33.0,34.5,33.2,32.9,32.5,33.6,32.6,33.7,32.7,32.8,32.6,33.1,32.5,33.0,32.7,32.6,32.0,33.5,33.1,34.0,33.2,33.9,33.5,32.9,32.3,33.6,32.6,33.4,32.9,33.6,33.2,32.7,34.4,32.0,34.1,32.0,32.9,34.1,32.8,31.9,32.9,33.0,33.3,32.3,33.2,32.8,32.9,32.7,32.8,33.4,34.1,34.5,33.2,33.5,33.8,33.2,33.5,33.0,32.9,32.2,33.3,32.7,34.2,32.6,32.8,34.2,33.5,32.6,32.5,33.3,32.5,33.3,32.4,32.6,33.3,33.4,32.0,32.9,33.2,33.5,32.5,33.5,35.0,34.2,33.4,34.3,33.7,33.2,32.0,33.8,34.2,33.3,32.6,34.1,33.6,31.2,33.4,33.6,33.9,32.6,32.0,32.1,33.9,32.1,33.3,32.5,33.4,32.5,32.9,32.8,33.4,32.5,33.4,33.8,34.7,33.8,34.6,33.4,34.6,33.2,34.2,32.8,33.7,32.3,33.5,33.4,32.8,32.6,32.2,34.7,33.7,33.4,32.4,33.1,32.8,33.0,33.5,32.4,33.3,33.0,33.0,32.7,33.0,33.6,33.9,34.2,33.8,33.6,33.7,34.9,33.2,34.4,33.4,33.3,32.7,34.3,32.7,33.9,32.9,32.7,32.8,33.1,34.0,32.1,32.1,32.6,33.3,32.0,33.0,32.3,33.8,32.7,33.0,33.6,33.9,34.0,33.0,33.3,33.9,33.2,34.1,33.4,34.1,33.1,34.1,33.9,33.9,32.9,32.9,33.1,32.9,33.8,33.3,33.3,33.4,33.3,33.0,33.7,32.9,33.1,32.9,33.1,32.5,33.5,33.3,33.9,33.6,34.2,32.7,34.6,33.3,34.4,33.5,34.0,33.9,33.8,32.7,34.2,32.8,34.8,34.0,34.5,33.2,32.1,32.8,32.9,34.0,32.9,33.5,32.3,33.7,33.1,34.0,33.6,34.6,33.9,33.4,34.0,34.0,32.7,33.4,33.5,34.1,33.7,33.8,33.8,33.8,33.1,32.2,33.1,33.5,33.3,34.3,34.9,34.4,33.2,32.6,32.7,33.2,32.8,33.0,34.4,33.3,32.3,32.0,34.8,33.6,33.4,33.1,33.1,32.8,32.6,32.5,33.3,33.6,33.8,33.6,33.5,33.7,33.1,32.5,34.4,33.8,32.6,32.7,34.9,33.8,32.4,33.4,33.3,34.1,32.1,33.2,33.2,33.1,32.1,33.5,34.5,33.6,32.4,33.2,33.5,33.0,33.2,33.0,32.4,33.5,33.3,33.2,33.5,34.0,33.1,34.1,32.6,33.3,32.9,33.8,33.5,34.2,32.5,32.2,33.5,33.4,33.7,32.4,34.1,32.4,33.6,33.3,33.8,33.6,32.7,33.4,33.5,33.1,32.4,33.0,33.9,34.3,33.7,33.5,34.2,33.4,33.1,32.8,33.7,32.8,33.7,32.7,34.5,34.0,32.4,33.3,34.1,34.0,33.3,33.2,33.4,33.5,33.1,33.1,34.6,33.6,32.9,nan,32.3,33.6,32.4,32.9,33.3,34.7,33.0,34.3,33.5,34.1,33.0,33.0,33.7,33.5,32.0,33.2,34.1,34.0,33.0,33.0,33.5,33.4,32.9,32.6,33.1,33.6,33.3,33.3,33.5,32.7,33.1,32.3,32.9,33.3,33.4,32.8,33.7,33.3,32.9,32.4,33.8,33.0,33.4,32.6,34.1,34.4,32.7,33.6,33.8,33.6,32.9,33.1,32.9,34.1,32.4,33.4,33.1,34.4,32.8,33.2,33.7,33.9,31.9,33.2,31.9,33.9,32.7,33.4,34.0,34.2,33.5,33.0,34.0,34.3,32.9,33.3,33.9,34.4,31.9,32.8,32.9,34.1,34.2,32.1,34.3,33.6,33.9,33.1,33.7,33.2,33.5,32.8,33.1,33.3,34.2,33.1,33.6,33.1,33.9,32.6,34.1,33.1,34.7,33.4,34.5,33.7,33.6,33.3,33.3,33.6,33.9,33.1,34.7,33.7,32.1,33.3,33.6,34.1,32.7,33.8,33.2,33.5,33.1,33.8,33.9,33.0,32.5,32.8,33.2,33.2,31.8,33.6,33.3,33.5,33.3,33.4,32.7,33.2,32.5,33.5,32.5,33.6,32.8,33.9,34.5,35.4,33.1,33.1,34.9,33.5,34.6,33.6,33.5,32.8,32.7,32.9,34.0,33.7,33.4,32.3,34.3,33.4,33.4,33.0,33.8,34.9,33.6,33.2,34.5,34.0,34.1,34.6,35.0,33.6,34.0,33.6,35.7,33.6,32.7,33.5,33.8,33.9,31.9,33.6,33.6,33.2,32.6,33.4,33.2,33.8,33.7,33.1,32.8,33.8,32.5,33.3,33.7,34.0,33.5,34.2,33.8,34.1,34.4,33.5,33.7,33.9,32.6,34.2,32.8,35.3
1785306172.5253766,1831,33.7,34.9,34.1,33.5,34.0,34.0,32.7,32.6,32.5,33.4,32.6,33.7,32.6,33.2,33.3,33.2,33.2,33.6,32.4,34.3,33.9,33.8,32.2,33.1,33.4,34.1,32.4,34.4,33.6,33.7,32.2,34.1,35.7,32.7,33.7,33.7,33.6,33.0,33.7,32.1,34.5,33.5,33.1,33.5,33.1,33.3,33.6,32.9,33.3,32.6,33.4,32.2,33.4,33.3,33.9,32.8,33.7,33.4,33.3,34.3,33.5,32.4,33.7,33.2,34.1,34.6,32.5,34.9,33.5,32.2,32.7,33.4,33.3,34.6,32.4,32.0,33.3,32.7,32.6,33.5,32.8,33.2,32.7,34.0,32.6,33.9,32.3,33.3,33.9,33.8,33.0,33.5,34.4,33.7,33.3,33.1,35.2,32.7,33.6,33.1,34.0,34.4,33.5,32.5,32.8,33.1,33.4,32.9,33.4,33.2,33.0,33.4,33.6,33.1,33.7,33.4,33.9,32.7,33.3,33.0,32.9,32.4,32.9,32.9,34.7,33.7,33.5,33.4,35.4,34.2,33.8,34.9,32.5,33.8,32.7,33.1,33.8,33.1,33.4,33.4,33.9,32.8,32.5,32.9,32.8,34.0,32.8,33.8,33.7,33.8,32.2,34.3,34.0,33.5,32.5,34.6,34.1,34.5,34.1,33.4,33.4,32.5,32.6,33.3,33.3,33.5,33.9,33.4,33.1,33.7,33.7,33.4,33.1,33.3,33.5,32.8,32.9,33.3,34.3,34.7,34.8,33.6,33.4,33.3,33.6,33.2,34.1,34.1,33.6,33.8,32.9,33.8,34.3,34.5,33.5,33.6,33.3,34.1,32.5,34.0,33.1,34.2,32.5,33.7,33.3,33.9,32.7,33.5,33.4,32.9,33.4,35.3,34.6,33.7,32.6,32.9,33.5,33.1,32.9,33.1,34.7,33.4,34.2,34.0,32.6,33.5,33.6,34.1,34.0,33.6,32.8,31.9,33.2,32.9,32.9,33.2,33.7,32.9,33.7,32.6,33.4,33.2,34.0,33.6,35.0,34.3,33.6,33.5,34.2,33.7,33.8,32.9,33.6,33.5,34.3,33.2,33.5,34.1,33.5,34.0,33.0,33.7,34.0,33.9,34.4,33.5,32.6,33.6,33.7,33.5,32.4,33.5,32.7,34.0,34.1,34.2,34.3,35.3,33.5,34.5,33.2,33.8,33.3,34.1,33.6,33.7,33.7,34.6,33.4,33.2,33.5,32.6,32.4,32.2,33.9,33.4,33.9,33.1,32.8,33.4,33.6,32.9,33.9,33.3,33.9,33.1,33.9,33.0,34.4,34.1,34.2,33.7,34.0,33.5,34.1,34.6,33.5,33.0,33.5,33.5,34.1,32.7,33.1,33.8,33.9,34.2,33.3,34.1,33.8,33.1,33.6,34.7,34.0,33.2,33.2,34.1,33.7,34.2,34.0,34.4,34.2,34.5,34.3,33.2,33.1,33.8,33.3,34.5,33.2,33.4,33.3,34.1,33.6,32.4,33.4,34.3,33.5,33.1,33.4,32.1,33.7,33.5,33.0,32.6,33.0,32.6,33.7,33.6,34.1,33.4,34.1,33.8,34.3,34.1,34.3,32.9,33.5,34.2,33.4,34.1,33.8,34.0,33.6,33.9,34.0,35.0,32.5,33.5,34.0,34.2,32.7,33.5,34.9,33.6,33.4,33.6,34.2,33.9,35.0,35.5,34.2,33.4,34.0,34.7,33.7,33.7,33.5,34.2,33.8,33.4,33.5,35.0,35.3,33.7,34.3,34.1,34.3,32.6,33.8,33.0,34.1,33.3,33.3,33.1,33.4,33.2,34.2,33.2,34.0,33.7,34.4,34.1,33.1,33.0,34.4,34.1,34.4,34.4,33.9,33.4,33.5,33.6,34.5,33.7,34.7,34.9,34.2,33.4,34.0,34.6,33.1,34.5,33.5,33.5,33.7,34.1,33.8,33.6,33.3,34.4,34.3,33.6,32.6,34.2,33.6,34.0,33.0,33.4,34.3,34.2,33.8,34.5,34.5,33.8,33.7,34.3,33.9,33.4,34.3,34.3,33.4,34.6,34.0,33.7,33.5,33.2,33.5,32.6,33.6,33.0,33.7,32.8,34.5,33.6,33.6,33.7,34.0,33.5,35.0,33.9,34.4,34.1,34.7,33.6,33.2,33.9,34.2,33.7,32.5,33.1,34.2,33.8,34.7,33.6,33.1,34.7,33.5,34.7,33.0,33.2,34.3,33.8,33.3,33.7,32.7,33.1,33.0,33.9,33.8,34.4,32.7,34.4,34.0,33.2,33.3,34.2,33.3,33.3,33.7,33.6,35.9,33.9,33.7,33.1,34.4,33.9,33.6,32.5,34.0,33.4,33.8,33.3,33.4,33.7,33.4,32.9,33.0,nan,33.4,33.1,33.0,32.4,34.2,32.8,33.9,33.9,33.1,34.1,33.8,33.5,33.5,33.7,33.8,33.6,33.0,34.2,34.7,34.0,32.5,33.9,32.7,35.1,32.4,34.4,34.3,32.9,32.6,34.0,33.5,33.5,33.4,33.4,33.7,32.9,33.7,34.7,33.5,33.1,33.6,34.3,33.9,33.6,33.7,33.6,33.1,33.7,33.4,34.5,34.7,34.0,33.4,33.1,33.8,33.2,34.5,33.3,33.1,33.2,34.1,34.1,33.7,34.1,33.0,33.1,34.2,33.8,33.3,33.7,34.3,34.1,33.7,33.6,34.8,34.0,33.1,32.6,33.9,32.0,33.5,34.6,34.2,34.8,33.3,34.9,33.5,34.5,34.3,33.5,33.1,34.1,33.3,33.8,33.3,33.7,33.4,33.8,33.5,32.3,33.8,33.5,34.7,34.2,34.0,34.0,34.7,33.6,34.6,34.5,34.0,33.6,35.6,34.4,35.0,33.3,34.5,33.2,33.1,32.8,34.1,33.7,33.5,33.9,34.1,33.2,33.1,33.3,34.1,32.5,33.8,34.0,34.3,33.7,33.9,34.1,33.9,33.9,33.5,33.8,33.4,34.4,33.7,33.7,34.0,33.2,33.4,34.1,33.2,34.5,34.2,34.3,33.5,34.0,33.6,33.8,33.4,34.3,34.0,33.3,33.2,33.5,33.6,32.8,33.6,34.3,33.8,34.4,33.0,34.8,34.8,33.9,34.6,33.5,34.8,34.2,34.1,34.4,34.9,33.5,34.4,34.1,34.5,34.0,33.5,34.3,33.1,34.3,33.6,33.3,34.0,33.5,33.1,33.5,34.2,33.0,34.3,34.0,34.1,32.6,33.6,33.6,34.1,34.6,33.8,33.5,34.6,34.2,33.3,34.1
1785306174.5320354,1832,33.1,32.4,32.2,34.2,32.5,32.8,32.2,33.2,32.2,33.9,32.7,33.7,32.1,32.9,32.8,32.9,32.5,32.7,32.1,33.8,33.1,33.1,32.7,33.1,32.3,33.1,32.9,33.2,32.6,33.3,32.3,34.0,33.7,32.0,33.1,32.9,34.0,32.2,32.7,32.0,32.8,32.8,32.2,32.6,32.2,32.5,32.9,33.0,33.2,32.1,33.1,32.8,33.3,32.4,32.5,33.1,32.2,32.4,32.4,33.6,34.3,33.4,33.4,33.6,32.3,35.0,31.9,33.4,33.1,33.8,33.2,33.5,32.2,33.6,31.0,32.4,32.2,33.0,32.3,33.5,32.1,33.0,32.3,33.4,32.8,32.5,33.1,33.7,33.0,33.5,31.8,33.8,33.0,34.0,32.8,32.8,32.9,33.1,33.0,32.1,33.0,32.2,32.6,32.8,33.6,32.8,32.2,32.6,32.9,32.7,31.8,32.4,33.5,32.8,32.8,33.3,33.5,32.6,34.1,33.2,33.9,32.6,34.3,33.0,34.3,31.9,32.4,34.2,33.4,33.8,32.6,32.9,32.0,33.1,32.4,33.4,33.1,33.0,32.1,32.9,32.2,33.6,31.7,33.1,32.1,33.2,32.6,34.7,34.5,33.5,31.6,33.4,32.7,33.2,32.6,32.7,32.4,33.2,32.5,33.5,34.2,33.0,35.1,32.4,33.8,32.4,33.0,32.4,32.2,32.2,33.1,32.8,33.5,32.4,33.0,33.2,34.5,33.2,33.7,33.9,34.2,34.2,33.8,32.3,33.3,33.4,32.7,33.6,33.6,33.9,34.5,32.6,32.6,33.2,31.7,32.4,32.0,33.0,32.6,33.0,32.3,33.7,32.7,33.5,32.4,33.3,32.5,33.7,32.9,32.8,32.2,33.9,34.4,33.7,33.1,33.5,32.0,32.9,33.3,32.8,33.1,33.3,33.7,33.0,33.6,31.8,33.3,33.4,32.9,32.7,33.0,32.9,33.3,32.8,32.8,32.2,33.9,32.1,32.6,32.5,32.8,33.1,33.6,34.1,34.4,33.7,33.4,33.7,33.2,32.9,32.5,32.9,34.7,32.4,34.8,33.3,32.9,33.0,32.6,33.7,33.1,33.4,32.3,33.7,32.8,33.8,32.5,33.3,33.2,33.9,32.1,33.1,33.2,33.4,32.9,34.4,33.2,33.9,33.9,33.9,32.6,33.7,32.8,33.1,32.0,33.6,32.7,33.2,33.3,32.8,33.2,32.8,32.2,32.3,32.9,33.3,34.4,33.0,33.0,32.4,33.3,32.2,33.1,33.0,33.8,33.9,33.9,33.0,34.4,33.8,33.4,33.5,33.7,32.9,33.5,33.4,33.8,33.1,33.2,33.8,32.1,34.1,32.7,34.3,32.7,33.3,32.1,32.7,33.2,33.7,32.6,32.6,33.1,32.8,32.7,32.6,33.9,34.2,33.2,34.3,33.3,34.5,33.2,34.2,33.1,34.4,33.2,33.5,33.1,34.0,32.6,32.7,33.1,32.5,33.4,32.7,32.7,32.9,33.1,32.6,33.1,31.9,33.7,32.5,33.8,31.7,32.8,32.2,34.9,34.1,33.6,33.7,34.4,34.0,34.4,33.4,33.5,33.3,33.7,33.1,33.5,32.6,32.1,33.4,32.4,34.1,32.4,33.9,32.1,34.2,32.4,33.4,32.7,33.7,32.2,33.0,32.6,32.8,33.1,33.6,33.5,33.1,32.9,34.0,33.3,33.8,33.4,33.4,32.5,33.1,34.1,35.1,34.9,34.9,32.8,34.2,34.0,33.5,32.9,33.3,33.6,32.7,32.8,33.0,33.7,31.9,32.9,32.3,33.2,32.9,34.0,34.0,33.3,33.2,33.7,32.2,33.8,33.7,34.1,34.0,33.4,32.4,33.5,33.2,33.6,33.5,33.7,33.2,33.7,34.1,31.4,33.2,32.7,33.2,32.5,32.7,32.5,33.5,33.2,33.7,34.4,34.7,33.6,34.1,35.2,34.2,33.1,33.8,33.6,34.1,33.5,33.6,32.5,33.5,33.4,33.8,32.9,33.3,34.0,33.8,33.4,32.6,33.7,33.2,33.9,33.1,33.9,32.7,34.3,32.1,33.0,32.8,35.3,34.0,33.0,32.8,33.2,33.5,32.6,33.7,33.5,33.1,33.3,34.2,32.9,32.4,34.2,32.9,32.4,33.5,34.3,33.1,32.2,33.9,33.4,32.6,32.6,33.0,32.5,34.0,32.4,33.7,33.7,33.9,33.4,33.6,32.4,33.8,32.3,33.1,33.7,33.6,33.9,34.6,33.5,33.7,34.4,33.9,33.4,33.9,33.4,34.5,32.6,34.0,34.7,32.7,33.3,33.3,33.1,32.6,33.3,32.6,33.4,32.6,33.4,33.5,33.6,nan,33.1,32.5,33.5,32.8,33.6,33.5,34.0,34.3,34.1,33.0,33.5,32.9,33.2,33.4,33.9,35.1,33.9,33.9,34.0,33.7,33.8,33.4,32.6,33.3,33.4,33.8,32.3,33.7,32.5,33.3,33.1,33.1,33.3,33.4,33.3,33.3,32.4,34.1,33.1,32.9,33.5,33.1,33.3,34.2,32.8,34.6,32.8,33.6,33.7,33.8,33.7,32.4,32.9,33.0,33.5,33.1,33.5,32.7,33.8,32.6,33.7,33.3,33.2,32.6,33.5,32.5,33.1,32.9,33.7,33.7,34.5,32.8,32.4,33.6,34.0,33.2,33.3,33.9,34.2,33.5,33.8,33.4,33.4,33.4,33.4,34.6,32.2,34.2,33.2,34.3,32.3,33.1,32.5,33.3,33.2,33.9,32.8,34.2,32.9,33.2,33.7,33.6,34.0,33.9,33.3,33.3,32.8,33.5,33.4,33.2,33.9,34.1,33.3,33.4,34.4,34.1,33.4,33.1,33.5,33.7,33.2,32.9,33.8,33.3,33.8,33.4,33.5,33.5,33.3,32.9,33.7,32.5,33.6,33.9,33.8,33.6,34.0,34.0,33.9,34.3,33.2,33.1,34.2,34.4,34.7,33.7,33.3,34.5,32.8,33.9,33.0,34.2,33.5,33.1,33.8,34.2,33.1,32.4,33.3,33.1,33.5,33.5,32.4,32.5,33.1,33.2,33.7,33.2,33.1,33.6,33.2,34.2,33.9,34.2,34.2,34.0,34.0,33.6,33.6,31.3,34.5,33.6,32.9,32.5,32.4,33.8,33.9,33.1,33.2,33.7,33.7,33.4,32.8,31.9,32.1,32.0,33.5,33.0,33.7,33.0,34.0,33.5,34.8,34.0,34.1,32.0,34.1,33.5,33.7,33.6
1785306176.761302,1833,33.5,32.1,32.8,32.7,32.4,32.6,33.0,32.3,33.3,32.7,33.0,32.4,33.2,33.1,33.1,32.3,33.2,31.8,32.9,33.1,32.6,32.0,33.4,32.4,33.0,32.1,32.4,33.4,33.6,31.7,33.7,32.5,32.7,34.5,32.6,33.9,32.7,33.6,32.1,33.6,33.4,33.1,32.1,33.9,32.8,32.2,31.8,33.3,33.0,32.6,32.2,33.5,32.2,34.2,32.3,33.8,32.0,33.2,33.2,33.5,32.1,33.1,31.4,33.5,33.1,33.5,32.5,32.7,33.0,32.5,33.3,32.9,33.6,32.7,32.3,33.3,32.9,32.5,32.9,32.7,31.9,32.4,33.4,32.2,32.6,32.9,33.8,32.3,33.5,32.5,32.8,33.6,33.5,33.1,34.1,33.0,32.9,33.2,32.1,34.5,32.6,31.9,33.0,32.5,32.3,33.1,31.5,33.8,32.9,33.7,32.5,33.1,32.1,33.6,32.9,33.4,32.8,33.4,32.5,33.4,32.8,33.3,32.1,33.7,32.7,32.4,34.0,34.4,32.6,32.0,32.9,32.9,31.7,32.9,32.7,33.4,32.2,32.8,33.8,32.4,32.9,33.0,32.5,32.6,33.4,32.0,32.8,33.2,35.2,34.2,32.8,32.4,33.0,33.0,32.1,32.9,33.3,33.2,31.9,32.9,33.7,33.6,32.5,32.9,34.2,32.7,32.8,32.5,31.9,33.9,31.1,33.4,32.9,32.6,32.7,33.2,32.1,33.8,33.5,33.8,33.9,35.0,32.9,33.8,32.2,33.0,32.9,33.9,33.5,34.6,32.8,33.3,32.9,33.2,33.3,32.8,33.1,33.1,32.5,33.0,33.5,33.2,32.0,32.8,33.1,33.2,32.8,32.9,32.9,32.5,33.1,33.6,34.0,34.0,33.1,33.5,32.8,33.1,33.1,31.9,33.0,33.5,34.4,33.2,31.6,33.0,32.7,33.5,32.4,33.4,33.2,33.7,32.6,32.6,33.5,32.8,33.0,32.7,32.3,33.1,33.5,32.9,32.6,34.6,34.0,33.5,33.2,34.0,33.0,32.8,32.8,33.4,33.3,33.3,32.7,33.4,33.0,33.0,32.5,32.9,32.8,32.9,33.1,33.6,33.4,33.1,33.1,31.8,32.2,32.3,32.7,33.4,32.9,33.6,33.5,33.7,33.2,33.9,33.8,34.0,33.2,32.9,33.5,32.7,32.9,32.6,33.9,33.0,33.5,33.2,32.2,33.5,32.6,33.1,33.1,33.0,33.6,32.5,32.9,33.5,32.3,32.3,32.5,33.6,33.3,33.7,33.4,33.8,33.0,33.9,33.1,35.1,33.7,32.8,32.6,33.7,32.1,33.0,32.4,33.7,31.8,31.4,33.3,34.1,33.2,33.7,31.9,33.3,32.5,33.8,33.7,32.8,32.2,32.5,33.3,32.8,34.5,33.8,34.3,32.3,34.4,33.7,33.6,33.2,33.9,34.7,33.0,33.2,33.5,32.9,33.1,32.7,33.7,33.4,32.3,34.3,32.5,33.3,33.7,32.9,32.8,33.2,32.9,32.8,33.0,33.1,32.6,33.9,33.4,34.5,33.1,33.3,32.6,33.1,32.7,34.1,33.1,33.7,33.2,34.1,33.5,33.6,32.9,33.5,33.2,31.8,33.5,32.8,32.8,33.3,33.7,32.7,33.5,32.2,32.8,33.0,33.2,33.0,33.1,33.8,33.1,32.8,33.8,32.7,33.4,33.2,33.5,33.4,33.1,33.3,35.5,34.0,33.3,33.6,33.5,32.8,33.1,33.3,32.9,33.6,33.1,33.2,32.1,32.8,33.3,33.2,32.3,33.7,32.3,33.4,34.0,33.5,33.0,33.4,33.4,34.6,33.0,34.3,32.8,33.6,32.4,32.9,33.5,34.0,34.6,33.8,32.9,33.8,34.0,32.4,33.7,33.0,33.2,32.5,33.7,33.3,32.8,32.7,32.9,33.1,34.3,35.2,34.7,32.8,33.4,33.0,33.5,32.8,33.7,32.8,34.2,32.7,33.0,33.6,34.1,32.6,33.9,34.0,33.9,33.8,32.8,33.4,32.9,32.9,32.3,33.0,32.7,33.7,32.1,33.4,32.8,33.6,34.5,34.8,32.4,33.7,31.9,33.5,32.9,34.0,33.5,33.7,33.5,34.1,33.1,33.7,33.2,33.7,32.8,32.7,32.9,34.6,33.6,33.5,33.7,33.8,33.7,33.2,33.4,32.4,33.1,32.8,32.7,32.7,33.3,33.4,33.4,32.0,32.6,32.7,33.5,33.9,33.8,33.0,33.5,34.1,33.3,33.4,33.4,33.4,32.8,33.6,32.3,33.4,32.4,32.6,32.9,33.7,32.8,33.4,32.1,33.8,33.3,34.2,31.4,32.7,33.1,nan,32.2,32.7,33.4,33.5,32.7,34.5,33.3,34.0,34.0,33.8,33.0,33.2,32.8,34.1,32.4,33.4,33.5,35.0,34.1,33.7,33.5,34.0,32.9,33.2,34.4,33.1,32.7,33.3,33.5,32.5,32.9,33.6,32.1,33.3,33.4,32.3,33.3,33.9,33.2,33.3,34.3,33.9,33.6,33.1,33.2,32.7,34.2,32.6,33.8,33.4,32.6,33.6,32.7,33.3,33.0,33.6,32.6,33.3,33.1,33.1,33.3,33.6,32.8,32.7,32.7,33.3,32.4,32.4,32.9,34.0,34.4,33.3,33.6,34.5,33.1,33.5,32.9,33.5,33.1,34.3,33.4,33.5,34.2,33.2,33.7,33.3,32.7,33.7,33.3,33.2,32.9,33.3,33.6,34.0,33.5,33.4,33.8,32.0,32.7,32.7,33.6,33.2,33.8,33.1,34.1,33.7,33.1,33.7,34.0,33.8,34.4,33.9,33.7,32.6,32.4,33.1,33.4,34.5,33.9,33.8,32.5,33.4,32.2,34.1,32.8,34.1,32.8,33.3,32.8,33.0,33.9,33.3,33.1,34.2,32.8,33.8,34.1,35.0,32.8,33.1,33.3,33.1,32.4,33.9,34.7,34.3,33.2,32.9,34.3,34.4,33.0,32.6,33.5,33.7,33.2,33.1,33.2,33.9,33.4,33.3,33.4,33.0,33.1,32.8,33.9,34.1,33.4,33.2,33.6,33.6,34.7,33.1,34.0,32.0,34.0,33.0,33.7,34.5,32.9,32.4,33.2,33.5,32.5,33.2,31.9,33.5,33.0,33.9,33.2,34.2,33.6,33.1,32.8,33.3,32.8,32.5,32.8,34.2,33.0,33.3,33.6,34.0,33.1,34.8,32.9,33.7,33.0,33.6,32.3,34.6
1785306178.9066713,1834,34.5,32.5,34.3,33.0,32.8,32.0,33.4,32.6,33.9,31.6,32.6,33.2,32.8,31.7,32.9,33.0,32.1,32.1,32.7,33.0,33.1,32.4,32.4,32.8,32.6,32.4,33.7,32.9,33.6,32.7,32.4,32.5,32.5,32.4,32.4,34.2,33.2,33.4,32.0,33.7,33.3,32.7,32.7,32.6,31.8,33.1,32.6,33.1,32.6,32.2,32.5,32.8,32.8,34.2,33.0,32.2,33.3,33.1,33.5,33.2,34.4,32.9,32.2,35.0,33.6,33.1,34.1,32.1,33.4,34.1,33.9,32.0,32.9,32.7,31.9,33.2,32.2,32.4,33.1,32.4,32.6,32.3,32.5,32.8,32.9,32.8,32.3,32.0,33.7,32.4,33.2,33.9,33.3,32.6,33.6,31.9,32.5,33.2,31.9,32.4,31.8,33.0,32.7,33.6,33.0,33.2,33.6,33.5,32.8,32.7,32.5,33.0,32.4,31.9,33.2,33.4,33.7,33.7,32.9,33.3,33.4,32.9,32.4,33.5,34.4,33.2,33.2,33.2,32.5,31.6,33.3,33.2,32.9,33.2,33.0,33.1,32.9,33.1,33.0,32.8,33.5,32.2,33.2,32.2,32.7,32.1,33.3,33.1,35.1,33.1,32.7,32.1,32.6,32.4,32.9,33.6,33.0,32.8,33.2,33.4,32.4,33.1,31.5,34.2,33.9,34.3,32.4,33.4,32.5,32.6,32.3,32.9,32.3,31.8,32.9,32.7,32.3,32.8,32.9,34.0,34.1,34.8,33.3,33.4,33.0,32.3,32.6,33.1,32.0,33.1,33.5,33.1,32.9,31.5,33.3,34.1,32.7,33.5,32.7,32.1,33.5,32.6,32.5,33.0,33.1,32.4,32.5,33.0,33.4,32.6,33.8,32.7,34.6,34.0,33.0,33.6,33.2,32.5,32.8,33.5,33.4,33.2,32.1,32.2,32.8,32.8,31.9,33.5,32.1,33.4,32.4,33.2,32.7,32.7,32.4,32.8,33.2,32.4,32.5,33.1,32.6,32.4,33.4,33.9,33.6,33.3,33.5,33.3,31.9,33.3,33.1,32.7,34.0,33.4,32.6,33.8,32.2,32.2,32.3,32.0,32.4,32.8,32.4,33.0,32.4,33.0,32.4,33.2,32.9,32.7,32.5,33.5,32.7,32.9,33.9,32.9,33.8,33.0,32.8,32.6,33.1,33.1,33.3,33.4,33.2,33.1,34.0,33.1,32.8,32.1,31.0,33.1,32.3,32.9,32.0,33.7,33.7,33.1,33.0,33.3,32.8,33.1,33.0,32.8,33.6,33.9,32.9,34.2,33.9,33.6,32.7,33.9,33.3,33.2,33.0,34.0,33.1,33.5,31.9,33.4,33.7,31.9,33.4,32.6,33.0,32.9,32.6,33.4,33.4,33.4,32.9,33.7,32.7,33.4,32.5,32.9,33.1,33.4,33.2,32.9,33.4,32.9,33.3,32.8,34.1,33.7,33.3,32.6,33.7,32.4,33.3,33.2,32.6,32.4,32.5,33.1,32.4,33.1,31.8,32.9,33.1,33.5,32.3,32.4,33.1,32.5,33.4,33.4,33.6,33.1,32.9,33.0,33.0,33.1,33.0,34.2,33.6,34.2,32.7,33.5,32.7,33.0,33.6,32.7,32.9,32.7,33.1,32.7,32.7,32.7,33.7,32.5,32.8,32.3,33.4,32.3,33.2,32.9,33.1,33.1,34.5,33.5,33.5,33.7,33.1,33.9,33.8,33.3,33.8,34.0,33.3,34.0,33.1,33.5,34.1,34.1,32.2,33.0,32.2,32.6,32.5,32.4,31.8,32.9,32.8,32.7,32.2,33.2,32.3,33.5,32.8,34.0,33.8,33.0,33.0,33.1,32.8,33.0,32.7,33.9,33.2,33.5,33.8,33.5,34.1,33.2,32.6,33.3,34.0,33.4,33.1,33.7,33.3,32.6,32.2,33.0,33.1,32.3,33.3,32.5,33.4,33.2,34.6,34.4,34.0,33.5,33.5,33.4,32.7,32.7,33.6,32.8,33.3,33.5,34.1,33.9,33.9,32.5,33.1,33.5,32.1,34.6,32.4,33.6,32.4,32.8,32.9,33.1,32.0,31.8,33.6,32.6,32.8,33.3,34.1,34.0,32.8,33.2,33.2,33.2,34.1,33.6,32.4,34.1,33.2,33.3,33.1,33.5,34.3,33.2,33.2,33.6,32.9,32.7,33.5,34.1,33.6,32.5,32.4,33.5,33.7,32.2,33.1,32.6,33.8,33.8,33.7,33.5,33.5,32.9,33.7,34.2,34.3,33.2,33.5,32.3,32.3,32.6,33.7,32.9,33.5,32.9,33.7,34.5,32.3,33.2,32.6,33.0,33.3,32.3,32.9,33.4,33.0,33.0,32.2,34.1,32.4,nan,32.6,32.8,33.1,32.5,33.1,33.5,33.6,33.8,33.4,33.6,33.4,33.7,32.7,32.8,32.3,32.6,33.4,33.1,32.5,33.5,32.9,32.7,31.8,33.4,33.3,32.8,32.9,32.7,33.3,33.3,32.2,33.2,32.7,32.0,33.4,32.5,33.8,33.5,33.8,32.7,33.6,33.9,33.4,32.7,34.2,33.8,33.6,33.9,34.0,33.2,33.2,33.7,33.2,34.5,32.7,33.0,31.6,33.3,32.9,32.3,32.9,33.7,32.8,32.8,33.3,33.6,32.8,32.8,33.0,33.7,33.6,33.1,33.2,34.8,33.7,33.6,32.8,33.3,33.0,34.1,33.4,34.3,33.0,33.5,32.4,33.0,33.2,32.2,33.9,33.1,33.4,32.0,33.4,33.4,34.3,32.5,33.6,33.1,33.7,33.0,32.9,33.1,34.1,33.3,33.9,33.6,34.1,32.8,33.4,33.1,34.4,33.2,33.6,34.4,33.1,33.3,33.0,33.9,32.6,33.4,32.2,33.1,33.0,32.8,32.7,33.0,33.4,32.9,32.6,33.3,32.9,32.3,33.4,33.8,33.9,32.7,34.4,33.7,32.9,33.6,33.1,33.0,34.3,33.1,33.1,33.6,33.6,33.9,33.8,33.1,33.5,32.7,33.2,33.1,32.8,33.6,34.3,32.7,32.5,32.9,32.5,32.9,33.4,32.0,33.9,34.1,33.8,32.9,32.4,34.4,34.1,34.1,32.8,32.9,33.5,33.5,33.2,32.8,33.9,34.4,33.9,34.3,33.4,33.0,32.1,34.5,32.5,33.0,33.8,33.1,33.1,33.5,32.9,32.9,33.3,32.6,33.1,34.0,32.0,32.7,33.2,33.6,33.0,34.6,33.0,34.3,33.1,34.2,34.0,34.6
1785306181.165848,1835,34.0,33.9,33.8,34.8,33.1,31.8,33.2,33.7,32.7,34.0,32.1,33.7,32.0,32.1,32.0,33.9,33.0,31.9,32.8,33.0,33.2,33.2,33.6,33.5,33.2,33.6,34.3,32.7,34.3,33.4,33.7,34.4,34.1,33.7,34.2,32.5,32.5,32.3,32.4,33.1,32.3,32.7,32.2,34.3,33.1,32.6,32.7,32.5,31.5,31.9,33.0,33.5,33.4,32.9,33.0,32.8,32.3,32.8,33.3,34.3,33.1,34.2,34.0,33.7,32.9,33.6,32.3,34.4,33.3,33.5,32.3,33.0,33.1,33.1,31.5,33.6,32.4,32.9,32.9,32.8,32.6,33.2,32.4,33.2,33.5,32.7,33.6,33.5,33.9,33.6,33.2,33.3,33.5,32.8,33.8,33.4,33.1,33.4,33.1,34.3,33.3,33.0,33.9,32.5,32.8,32.5,33.3,33.3,32.5,33.4,33.0,32.2,32.2,32.7,33.4,32.7,32.6,33.4,33.8,33.0,33.1,33.5,32.2,33.3,33.2,33.7,33.9,34.1,34.0,33.0,32.2,33.7,33.1,32.8,33.4,32.9,33.4,33.1,32.9,33.7,32.9,32.6,33.0,33.6,33.6,32.5,32.7,34.3,34.4,34.8,32.6,34.3,34.2,32.6,33.5,33.8,33.7,32.5,33.7,34.1,33.4,33.2,33.2,33.6,32.3,31.8,33.1,32.3,32.9,32.8,32.0,33.2,33.3,33.5,32.6,33.0,32.7,33.2,33.1,33.3,34.8,34.3,32.8,34.3,33.0,33.7,33.2,33.7,33.4,32.8,33.6,32.5,34.0,32.5,33.5,33.6,31.8,33.2,33.2,33.6,33.0,33.0,33.5,33.6,32.5,32.6,32.5,32.8,32.3,32.7,33.3,34.0,35.0,34.2,33.4,33.6,34.1,33.1,32.9,33.5,33.0,32.8,33.6,34.4,31.9,33.0,33.2,34.1,31.7,33.6,33.3,32.7,32.4,33.2,32.9,32.7,32.7,33.7,32.9,33.6,33.0,33.1,34.0,33.8,34.4,34.0,33.3,32.8,32.6,32.5,33.3,32.9,33.6,34.0,34.3,34.4,32.8,33.9,33.1,33.2,33.0,33.9,33.3,33.9,33.6,32.7,32.1,33.4,32.7,32.4,33.0,33.2,33.8,33.2,33.6,33.8,33.2,33.7,33.3,32.5,32.6,33.0,33.3,34.6,32.9,33.1,34.3,32.5,32.6,33.4,33.3,33.5,32.7,32.4,33.8,33.9,33.2,33.3,32.3,33.0,32.6,32.9,33.1,33.1,33.7,33.3,33.5,33.5,33.8,34.1,33.8,33.7,33.3,34.0,33.4,34.0,33.5,33.0,32.7,33.1,33.5,33.3,32.3,33.0,32.8,32.9,32.4,34.1,33.1,33.3,32.7,33.0,32.7,32.9,33.7,32.8,34.3,34.0,33.0,33.6,33.1,33.5,33.9,34.0,33.9,33.3,33.7,32.4,33.3,32.6,34.3,33.2,32.6,32.8,32.8,32.8,32.8,32.6,33.4,32.9,33.6,33.5,33.4,32.9,32.5,33.3,32.4,33.6,34.3,34.9,32.9,33.1,33.3,33.8,32.5,34.4,33.3,33.6,33.8,32.6,33.0,32.5,32.6,33.5,33.2,32.9,32.9,34.4,33.1,33.3,33.4,33.0,34.3,33.0,33.4,33.1,32.7,32.1,33.1,34.1,34.0,32.5,33.3,33.9,33.4,33.1,34.3,33.8,34.0,33.0,33.7,32.7,33.3,33.7,33.1,33.5,33.0,33.2,33.2,33.4,33.4,33.3,33.1,33.3,33.5,32.9,33.4,32.9,31.7,32.7,33.3,33.5,33.3,32.6,33.9,32.7,33.5,33.8,33.4,33.9,34.0,32.7,33.8,33.8,32.7,32.7,33.6,34.0,33.8,32.5,32.9,33.3,33.4,33.1,33.3,33.7,32.8,32.6,31.9,33.4,33.7,34.0,34.0,34.7,33.3,33.2,33.8,33.6,34.0,34.0,34.2,33.8,33.6,32.8,33.5,33.8,33.7,33.4,33.7,34.9,34.0,33.8,33.8,33.7,32.6,33.2,33.7,33.1,32.6,33.0,33.4,33.3,32.7,33.2,34.7,34.3,33.2,33.0,33.7,33.7,33.8,33.3,33.9,34.6,32.9,34.0,34.7,34.6,33.6,32.7,34.0,33.0,35.1,34.4,34.1,33.7,34.2,33.3,33.0,32.7,33.8,33.1,32.5,33.3,33.3,33.2,32.5,32.9,32.7,33.1,33.2,33.5,33.3,33.6,34.0,34.7,34.3,34.0,33.7,33.6,33.5,33.3,33.7,33.5,32.7,33.9,34.4,33.8,32.7,33.0,33.1,33.3,32.9,34.1,33.2,34.4,33.2,nan,32.6,33.5,33.0,34.0,33.4,34.0,33.6,33.9,33.9,34.1,33.2,33.7,33.1,34.2,33.3,33.8,33.8,34.2,33.7,33.6,32.1,33.9,33.9,33.3,32.2,34.1,33.4,32.9,33.1,33.6,32.4,33.2,33.4,34.2,33.0,33.1,33.3,33.7,34.7,33.9,33.4,34.3,33.2,33.4,33.7,34.3,34.2,33.5,34.8,34.5,33.0,33.1,33.4,32.7,33.6,32.5,33.2,33.9,33.1,33.4,33.4,34.4,32.5,32.7,33.3,33.8,33.0,32.4,33.8,33.7,33.8,33.5,34.8,33.9,33.2,33.3,33.2,34.0,32.4,33.8,33.7,33.3,33.0,33.7,33.3,34.1,33.1,34.5,32.8,33.5,33.6,33.2,34.0,33.4,33.5,32.5,33.4,34.0,34.0,33.7,33.8,34.2,34.5,33.0,33.4,34.5,33.8,33.4,34.4,33.7,34.6,33.0,33.0,34.0,33.4,34.0,33.9,34.3,33.1,33.4,33.3,33.2,33.2,33.2,34.1,33.7,33.6,33.1,33.6,33.5,32.8,33.3,33.4,33.3,33.9,34.1,34.4,34.3,33.3,33.8,33.6,34.0,33.3,34.5,34.4,34.5,33.4,33.9,32.3,32.9,33.4,33.1,33.1,33.8,33.6,33.2,33.0,33.6,34.1,34.0,34.1,33.5,33.2,32.9,32.7,34.9,34.1,34.0,34.5,33.7,34.8,32.8,33.6,34.5,33.7,35.0,33.2,34.4,33.0,33.3,34.4,34.4,33.6,34.4,33.7,33.9,33.1,34.7,34.2,33.5,31.9,32.6,33.8,33.6,33.3,32.8,33.4,34.4,33.1,34.2,33.4,33.4,34.0,34.3,33.0,33.7,33.4,34.2,34.7,33.9
1785306183.2126167,1836,33.2,33.9,32.6,33.3,33.5,32.2,33.4,33.1,32.1,32.8,33.1,32.9,31.7,34.1,32.8,32.8,32.1,32.9,33.9,33.2,31.9,31.9,32.7,33.5,32.2,31.8,33.7,34.4,32.5,34.1,33.0,33.3,33.0,33.0,33.2,33.2,33.7,32.3,32.2,31.9,33.3,32.4,32.2,32.8,32.9,32.6,33.4,32.6,32.4,32.8,33.2,33.0,33.1,31.6,33.8,33.4,32.9,32.8,34.0,33.5,34.0,32.2,33.0,33.5,32.1,31.1,32.3,30.0,33.5,31.2,32.6,30.2,32.1,33.5,32.3,35.2,32.7,33.8,32.4,33.5,32.5,33.3,32.6,33.0,32.6,34.6,33.1,32.9,33.2,34.2,33.6,34.7,32.7,33.0,33.1,35.2,914.3,33.5,33.4,33.6,34.2,32.0,33.5,33.3,33.0,33.1,32.9,33.0,33.7,32.2,33.5,32.6,31.0,32.1,35.1,32.9,32.6,32.7,33.9,33.2,33.5,32.6,32.3,34.2,31.8,32.0,32.5,33.2,33.1,32.6,32.9,32.8,31.9,33.2,32.1,33.1,32.0,33.3,32.2,32.3,31.9,32.8,32.7,33.3,31.4,33.0,33.0,33.8,33.6,34.0,34.0,32.9,33.2,32.8,33.3,33.3,33.3,33.3,32.4,33.4,34.3,31.8,32.8,31.4,33.9,33.7,33.2,33.3,33.1,32.5,32.7,32.4,33.8,32.5,33.6,33.2,33.4,32.7,33.8,34.5,35.3,34.0,33.2,32.4,33.0,32.8,33.0,33.5,33.8,32.4,32.7,33.1,32.5,32.0,33.3,33.6,32.2,33.0,32.7,32.4,33.0,33.5,32.2,33.2,32.5,32.6,32.8,32.0,31.8,33.6,32.8,34.5,34.8,35.0,33.1,31.7,31.5,32.7,32.7,32.9,33.8,34.0,33.4,33.3,32.6,32.8,33.0,33.1,33.1,32.5,32.8,32.5,34.1,32.4,32.9,33.5,32.6,32.4,32.9,32.0,32.8,33.0,32.8,33.9,35.4,33.9,33.8,34.2,33.5,32.5,34.4,32.2,32.9,32.7,33.5,33.0,33.3,32.9,32.9,33.2,31.9,32.6,33.2,33.9,32.9,33.4,32.6,33.6,33.2,33.1,32.4,33.2,33.2,32.8,32.8,32.9,33.7,34.5,33.7,33.8,32.6,33.5,32.6,32.5,32.9,33.3,33.9,34.2,33.6,32.3,32.9,33.0,32.9,33.1,33.2,32.9,33.2,32.7,33.0,32.9,33.7,33.3,32.6,33.1,32.5,32.7,33.2,34.0,34.1,32.8,34.2,33.3,33.2,32.7,32.9,34.4,33.7,33.4,33.1,34.5,32.9,33.4,31.3,33.2,33.2,33.5,33.7,33.4,32.8,33.1,32.1,34.2,33.1,33.9,32.2,33.1,32.9,33.1,33.7,34.2,33.1,33.5,34.3,32.7,33.4,33.5,33.0,33.0,33.4,31.7,32.8,33.3,32.2,32.6,33.8,34.8,33.5,32.3,32.6,32.8,33.9,32.9,33.0,33.0,32.8,33.5,33.7,33.5,32.9,32.7,33.9,34.1,33.6,32.8,33.5,33.4,33.7,33.1,32.8,32.7,33.4,32.7,33.0,32.3,32.3,33.2,31.1,32.7,33.5,32.9,32.5,32.7,32.8,33.0,32.6,34.0,32.4,32.5,32.3,32.8,33.6,33.1,33.5,33.8,33.7,33.9,33.9,33.7,33.3,33.4,32.8,33.8,35.5,33.2,33.0,33.7,33.5,32.0,33.6,33.4,33.2,32.1,33.1,32.1,32.7,32.4,32.9,32.9,33.7,32.6,32.8,32.6,34.0,32.7,33.3,34.3,34.9,33.8,33.3,32.6,33.9,32.6,33.6,33.9,33.0,32.7,33.0,33.2,32.3,33.8,34.1,33.7,33.0,33.1,33.5,33.0,32.1,32.8,32.2,33.0,33.1,33.2,32.3,33.4,32.3,32.9,33.7,33.6,33.4,34.5,34.4,34.2,33.5,33.5,32.5,33.9,33.4,33.4,34.1,34.1,33.2,32.8,32.5,33.5,32.8,32.3,33.1,32.6,33.4,31.9,33.3,32.5,33.3,32.9,33.3,32.9,32.6,33.2,33.6,34.7,33.9,34.2,33.9,33.8,33.4,33.0,33.3,33.4,33.4,32.6,33.4,34.1,33.2,32.9,33.5,33.4,32.8,32.7,32.7,33.7,33.1,33.5,31.0,33.3,32.6,33.7,32.6,33.4,32.4,33.1,33.2,33.4,34.3,34.9,34.5,33.8,33.3,33.5,33.6,33.7,32.8,33.3,34.0,33.9,34.2,32.9,32.2,32.7,33.8,32.9,32.2,32.2,32.9,31.9,32.9,32.6,33.7,nan,33.3,33.2,33.5,33.2,33.3,33.7,33.6,34.6,34.3,33.8,33.3,33.2,33.3,33.6,33.7,33.2,34.2,33.6,33.7,32.7,32.5,33.7,32.8,32.7,33.2,34.4,32.1,33.4,33.1,34.0,32.2,32.9,32.4,33.2,32.2,33.2,33.5,34.1,33.4,34.6,33.8,34.7,32.7,34.3,33.7,34.0,32.9,33.3,33.6,33.3,33.6,32.7,33.6,33.5,33.7,32.3,33.1,33.4,33.2,32.2,33.8,32.9,33.0,32.7,33.3,33.3,33.5,31.7,33.8,33.0,34.1,33.8,33.9,34.0,33.7,33.9,34.2,33.7,34.3,33.0,34.3,34.4,33.5,34.2,32.7,33.7,32.9,34.0,31.7,33.5,33.1,33.4,32.6,34.0,32.8,33.9,33.5,33.7,33.0,33.8,34.1,34.0,33.0,33.2,34.2,34.5,33.4,32.5,34.1,32.8,33.5,33.6,34.3,34.0,34.1,32.9,33.7,33.5,33.3,32.6,33.7,33.4,33.7,32.9,32.6,34.1,32.8,32.5,33.8,33.2,33.5,31.8,34.6,34.4,34.5,32.2,34.3,33.2,34.2,34.0,33.0,33.5,33.5,33.1,34.6,34.1,32.0,33.2,33.9,33.0,33.4,33.7,32.9,33.9,32.9,32.9,32.9,33.8,32.2,33.3,34.2,32.8,33.1,33.5,32.9,33.8,33.1,34.2,34.9,34.5,34.5,33.4,34.0,33.9,33.0,33.3,34.1,35.1,33.7,32.4,35.0,32.4,33.2,32.4,32.8,33.2,33.3,32.9,33.3,33.0,34.0,33.3,32.6,32.9,32.4,32.7,33.3,33.4,34.0,32.8,33.9,34.7,33.8,33.9,34.8,33.1,33.6,33.4,34.5,34.2
1785306185.3084228,1837,33.2,31.7,34.1,32.6,33.7,31.8,31.6,32.2,33.7,33.4,31.9,32.9,32.8,33.9,33.3,32.8,32.6,32.3,32.9,33.6,33.7,33.0,32.6,32.5,32.8,33.0,32.8,33.1,33.8,33.0,33.5,33.8,31.7,32.7,34.4,33.2,33.0,32.5,32.2,33.4,33.3,33.5,33.1,34.1,32.0,33.3,32.7,33.5,33.1,32.2,33.8,33.1,33.6,33.5,32.4,32.8,32.5,32.2,32.5,33.0,32.9,32.4,32.5,34.0,34.9,34.1,33.5,33.1,33.3,32.6,32.1,32.4,32.9,33.3,32.6,33.1,33.6,32.4,33.1,32.6,32.8,33.5,32.9,32.3,33.5,33.0,32.8,32.6,33.1,33.2,32.6,33.3,33.7,33.4,34.0,33.8,33.3,33.7,32.2,33.6,34.0,33.2,33.3,33.3,33.2,34.0,33.3,32.6,33.2,33.7,32.6,33.1,32.8,32.2,32.9,32.6,33.4,32.9,32.6,33.5,33.6,33.3,33.3,32.9,32.4,33.1,31.8,33.7,33.3,32.5,32.2,32.6,33.9,33.4,33.4,32.3,33.4,32.7,33.1,32.7,33.4,33.6,32.0,31.7,33.1,32.6,33.4,34.3,34.9,34.1,32.8,33.0,33.3,32.8,32.1,33.4,33.7,34.3,33.5,33.4,34.1,33.4,33.0,32.1,33.1,33.5,33.0,32.9,32.5,33.4,32.5,33.4,32.8,33.1,32.8,33.2,32.2,33.2,33.3,34.7,34.0,34.1,33.9,33.4,33.7,33.4,33.2,33.3,33.0,33.4,33.1,34.0,34.3,32.7,34.3,33.2,32.7,33.2,33.6,32.4,33.3,33.8,33.2,32.2,33.0,33.3,33.3,32.5,33.2,33.7,34.3,34.4,35.0,33.8,32.2,33.4,32.3,33.8,33.6,32.6,33.4,33.4,33.8,32.9,33.5,33.3,33.2,33.5,32.5,33.6,32.6,33.7,33.2,33.4,32.7,33.2,32.7,32.9,32.9,32.1,33.3,33.4,34.4,33.9,34.4,34.5,33.5,33.1,33.1,33.0,32.9,33.4,32.9,34.6,34.1,34.4,32.4,33.3,32.7,33.0,33.0,33.9,32.6,33.5,33.4,32.7,33.3,33.3,33.5,33.1,33.2,32.7,33.7,33.6,33.6,33.2,33.5,33.5,33.7,33.0,32.7,33.3,33.3,32.7,33.3,33.5,33.3,33.3,32.6,33.4,32.9,33.0,33.3,33.5,33.1,33.9,33.7,33.0,32.3,32.9,33.3,33.7,33.5,33.8,33.1,33.3,31.8,33.9,33.6,33.5,33.2,33.2,33.3,33.5,32.3,33.3,34.1,33.4,33.9,33.1,33.1,33.3,34.3,33.0,33.7,33.5,34.3,33.0,33.5,32.8,33.1,33.5,32.2,32.8,33.5,33.7,33.1,33.4,33.4,32.8,34.8,34.8,34.0,33.5,33.2,33.8,33.7,33.1,33.5,32.1,32.7,32.8,33.2,33.2,32.4,34.3,33.0,33.0,33.1,33.5,33.3,32.3,32.5,33.1,32.8,33.0,33.1,33.1,34.1,33.3,33.6,33.9,33.8,34.1,34.2,34.4,33.5,34.1,32.9,33.2,32.5,33.2,32.6,33.5,33.8,33.8,33.5,33.1,33.5,33.8,33.5,32.8,34.1,31.8,33.1,33.3,32.6,32.8,33.2,33.4,33.9,33.7,34.0,34.4,34.5,34.7,33.8,34.0,33.8,33.2,33.9,34.7,33.5,33.6,33.9,33.3,33.9,33.5,32.6,33.2,32.1,33.9,33.6,33.5,33.5,33.9,33.7,32.8,32.8,32.6,33.3,32.9,33.2,34.3,34.6,33.8,34.1,34.9,34.1,33.1,33.3,33.9,34.0,33.3,33.8,33.8,33.2,33.8,34.2,33.2,33.7,32.9,33.7,34.0,33.3,33.7,33.0,33.0,32.9,33.5,33.5,34.2,33.9,32.9,34.1,33.6,33.0,33.4,34.2,33.7,34.2,34.2,34.8,33.5,33.9,32.5,33.5,33.4,33.9,33.1,33.6,34.2,33.4,33.3,32.4,33.6,33.1,33.1,33.4,32.9,34.1,33.1,33.5,33.0,33.1,34.0,33.5,33.8,32.9,33.9,33.8,33.7,33.8,34.5,34.2,34.2,33.6,34.2,33.2,33.3,33.6,33.4,33.6,33.1,32.7,33.3,32.9,34.0,33.2,32.8,32.9,33.6,32.5,32.3,32.9,33.7,33.4,31.9,32.9,32.8,33.0,33.9,33.8,34.4,33.7,33.7,33.5,34.5,34.2,32.6,33.9,33.5,34.7,32.5,33.6,32.8,32.8,33.6,33.1,33.4,33.1,34.0,33.4,33.4,33.4,32.9,33.0,nan,32.5,33.5,33.2,33.5,33.3,34.0,33.8,34.4,33.9,33.4,33.2,33.0,33.1,33.7,33.3,33.8,33.6,34.6,34.5,34.6,32.7,33.3,33.1,32.5,34.1,33.3,33.6,33.1,33.5,33.5,33.1,33.9,33.9,33.0,33.7,33.1,32.8,33.7,33.7,34.1,34.5,34.0,34.3,33.6,33.5,33.6,33.4,33.5,34.2,33.3,33.0,33.6,33.8,34.3,33.3,33.6,33.8,34.4,32.7,33.1,33.3,33.4,32.9,32.7,33.3,33.4,33.7,32.9,33.5,34.0,33.3,33.8,34.3,34.8,32.3,33.5,32.9,33.9,32.8,33.6,32.8,33.5,34.4,34.6,33.7,32.8,34.2,33.2,33.0,33.5,33.4,33.6,34.5,32.9,33.5,33.2,33.5,33.0,34.0,32.7,33.6,34.4,34.3,34.7,34.5,34.3,33.2,33.8,33.3,33.9,33.3,33.8,34.3,34.6,33.2,34.4,34.1,33.5,34.2,33.8,32.6,33.5,34.1,33.7,35.0,33.2,33.3,32.8,33.8,33.7,33.0,33.0,33.8,35.0,35.0,34.3,33.9,33.2,33.5,33.1,33.9,34.0,33.9,33.3,32.2,34.3,34.3,34.1,34.1,33.2,33.6,34.3,33.1,34.2,33.4,32.5,33.8,32.9,32.7,33.6,34.1,33.1,32.5,32.9,33.4,33.5,34.3,33.8,35.0,34.3,33.9,34.1,33.8,34.1,33.8,34.2,33.9,33.9,34.0,32.9,33.9,33.5,33.6,33.2,32.6,33.3,33.3,33.7,32.6,34.0,33.7,34.4,33.1,33.3,32.9,33.3,33.4,33.3,33.4,34.3,33.9,34.3,34.3,34.6,34.0,33.7,33.8,34.4,33.8,34.4
1785306187.3964186,1838,34.8,32.8,34.6,31.8,33.1,32.7,33.2,32.6,33.7,32.2,32.1,32.9,33.0,32.5,33.0,33.0,32.1,33.0,33.3,33.2,33.9,33.0,33.0,32.9,33.2,33.5,34.1,32.9,33.4,33.2,33.0,33.1,33.0,33.2,33.2,33.0,32.8,33.0,32.0,33.6,32.9,33.3,32.0,33.3,32.4,32.8,33.2,34.2,32.0,32.2,33.0,33.0,33.6,32.7,32.8,33.6,32.1,34.4,32.7,33.7,34.2,34.7,33.2,34.0,34.6,32.4,33.7,34.2,33.0,32.9,33.5,32.8,32.5,33.7,32.3,33.3,33.3,32.8,32.8,32.2,32.8,33.7,33.1,32.6,32.3,32.7,33.0,32.4,32.4,34.2,34.2,32.9,32.7,32.8,33.6,33.8,32.8,33.2,33.3,33.6,32.1,32.6,32.7,33.9,33.0,32.7,33.8,32.4,33.0,32.7,32.8,32.4,33.3,32.8,32.5,33.8,32.9,32.4,33.1,33.0,34.0,34.4,32.9,33.9,34.5,34.1,33.5,33.4,34.2,32.3,34.7,33.4,33.4,32.8,33.1,32.3,33.4,32.6,32.9,32.5,33.5,33.8,32.3,32.6,33.8,33.1,33.4,33.1,33.1,33.3,33.1,32.9,33.3,33.0,32.9,34.0,32.5,33.7,32.8,34.1,32.7,32.0,32.6,33.6,31.7,34.5,32.4,33.4,32.7,32.1,32.7,32.4,33.3,32.6,33.1,33.2,32.7,33.3,33.8,33.8,34.2,33.5,33.9,34.5,33.0,33.0,33.6,33.3,33.6,33.0,32.3,34.2,34.3,32.9,33.1,33.4,32.9,33.2,33.2,32.9,33.0,32.8,33.7,32.6,32.8,33.0,33.3,32.0,32.6,33.2,33.6,33.4,34.0,34.2,33.9,32.2,33.4,33.1,33.8,32.2,33.6,33.4,34.4,33.5,33.1,33.0,31.9,33.1,32.3,32.3,33.0,34.1,32.0,32.6,32.6,33.8,32.3,33.1,33.2,32.6,33.3,32.9,31.8,33.9,34.6,32.7,33.3,33.8,33.5,33.3,32.8,32.1,33.7,32.9,34.5,34.9,33.7,32.4,33.7,32.6,32.8,33.2,33.3,33.7,32.9,33.2,32.4,33.1,32.4,32.7,33.5,33.4,33.0,33.6,33.8,34.0,34.2,34.7,34.0,33.7,32.1,33.0,33.3,32.8,33.6,32.9,33.7,33.7,32.4,33.8,32.1,33.4,33.1,32.7,32.9,33.2,33.5,32.0,32.7,32.9,32.5,33.1,32.0,33.8,33.3,33.1,33.1,34.3,34.4,33.8,33.8,33.4,33.4,32.7,33.1,33.9,32.4,33.0,32.1,34.3,32.9,32.7,33.1,33.2,33.4,32.9,32.8,33.1,33.3,32.6,33.6,32.2,33.0,33.3,33.3,33.6,33.2,33.4,33.7,32.6,33.9,34.5,34.1,33.7,33.6,33.0,33.9,33.3,33.7,33.0,34.1,32.4,32.2,33.8,32.2,33.0,33.5,33.0,32.4,32.9,32.1,33.3,32.5,33.3,33.5,32.7,32.9,33.3,32.7,33.6,33.4,33.9,33.5,34.3,33.3,33.9,34.0,33.4,32.7,32.8,32.9,33.4,32.6,35.3,33.0,33.8,33.5,33.5,33.5,32.2,33.5,32.3,32.6,32.3,34.3,32.0,33.4,32.5,32.6,33.1,34.4,33.6,34.5,33.4,33.6,33.8,33.4,33.5,33.3,34.5,34.6,34.0,33.5,33.4,34.3,32.7,32.6,32.8,32.4,32.2,33.0,33.2,32.6,32.8,33.7,32.6,32.0,33.8,33.3,32.9,32.5,33.2,34.3,33.7,33.3,34.1,33.9,33.5,34.3,34.1,32.8,33.9,33.8,34.2,33.6,34.0,33.0,33.6,34.5,34.0,33.9,33.3,33.4,32.1,33.3,33.4,32.8,32.8,32.9,32.0,32.9,32.8,33.4,33.9,34.4,33.9,34.0,34.7,33.4,33.9,34.3,33.4,33.1,32.8,34.6,34.8,33.9,33.8,34.1,33.7,32.9,33.6,32.7,34.4,32.4,33.4,33.0,32.8,33.7,32.4,33.4,33.6,33.7,32.7,33.6,33.8,34.3,33.4,33.7,33.9,34.1,33.5,33.8,34.0,33.9,32.7,33.4,34.1,33.8,33.1,33.2,33.6,33.0,33.8,33.5,33.4,33.1,33.6,33.0,33.6,32.1,33.4,33.2,33.0,32.9,32.3,35.1,34.7,33.7,32.6,33.5,33.6,33.2,34.4,34.5,34.2,33.5,33.5,33.9,34.0,35.2,33.3,35.1,33.1,33.4,33.5,32.6,33.1,33.3,34.0,33.5,33.6,33.0,32.9,31.0,33.6,33.4,nan,34.4,34.5,33.5,32.9,33.8,34.7,33.6,34.1,33.7,34.3,32.6,32.5,34.2,33.9,32.3,33.4,33.2,34.2,33.7,34.0,34.5,33.7,33.9,33.6,34.1,33.4,33.3,33.4,33.6,34.2,32.9,33.0,33.4,34.0,32.1,32.7,33.3,33.7,34.0,34.1,34.1,34.8,34.1,32.9,34.5,34.0,32.3,33.7,34.4,32.4,32.8,33.6,33.8,34.1,33.1,33.4,32.9,33.3,33.2,32.7,32.7,33.2,33.5,33.5,33.1,34.3,32.5,33.4,33.0,34.4,33.6,33.5,34.3,35.5,34.4,33.1,33.4,34.6,33.0,33.4,34.3,33.9,33.3,34.2,33.7,33.9,33.5,33.2,34.3,34.1,33.1,32.5,33.5,33.1,33.7,33.5,33.5,33.2,33.5,33.0,33.8,33.7,32.9,34.4,33.6,34.0,33.4,33.4,33.5,33.0,34.8,33.8,34.1,33.1,33.6,33.8,33.1,34.9,33.3,33.8,33.5,33.9,32.8,33.9,33.3,33.9,33.5,33.6,32.4,33.8,33.1,33.0,32.2,33.8,34.3,33.6,33.7,34.5,33.7,33.7,34.5,33.8,33.9,32.9,34.6,35.0,33.6,33.7,33.4,33.4,33.0,33.3,33.5,33.3,33.2,33.0,33.4,32.7,33.4,33.4,33.6,32.6,33.4,32.1,34.5,34.9,33.1,33.0,34.1,34.8,34.1,33.0,34.0,33.9,34.2,34.2,35.0,34.6,34.2,33.1,32.8,34.4,34.3,33.2,32.9,33.5,33.5,33.4,33.5,33.5,33.3,32.8,33.7,33.5,33.7,33.7,33.1,34.9,34.3,33.3,34.3,34.0,34.3,33.3,33.8,33.5,34.4,34.2,33.8,35.1
1785306189.561528,1839,33.7,33.6,33.6,33.1,32.6,32.5,32.3,33.1,32.9,33.8,32.7,33.9,33.7,32.6,33.1,33.9,32.5,32.9,33.0,32.9,33.6,33.4,34.2,33.9,33.4,33.1,33.1,32.7,33.9,33.5,33.5,32.8,34.1,33.0,33.7,32.8,33.0,33.6,33.9,32.8,33.9,33.3,32.4,32.8,33.3,33.7,33.4,33.1,33.3,33.0,32.9,33.3,33.8,33.1,33.4,32.2,32.5,33.2,32.9,33.3,33.8,33.6,33.2,33.5,33.4,34.6,32.8,34.9,33.3,33.5,33.8,33.2,33.1,33.3,32.3,33.3,32.7,32.6,33.6,33.3,33.0,33.2,33.1,32.8,33.9,33.2,32.9,32.8,33.5,33.0,33.6,33.1,33.7,32.8,34.1,33.6,34.0,34.2,32.2,32.9,32.9,33.0,34.5,33.9,33.4,32.7,32.7,33.7,33.2,33.2,32.0,32.9,33.6,32.9,33.8,33.3,33.3,33.2,33.5,33.7,33.7,34.3,32.7,33.1,33.2,34.8,33.0,34.8,33.1,31.9,32.5,34.1,34.0,33.8,32.9,33.1,32.7,31.7,32.9,33.4,32.9,32.3,33.2,32.4,32.6,32.8,32.7,32.4,34.6,34.1,33.5,33.9,33.7,34.8,33.1,33.8,32.5,33.5,32.8,33.9,34.1,33.9,33.7,34.4,33.5,33.9,33.7,33.8,33.4,33.6,33.9,33.2,33.2,33.3,33.0,33.0,33.2,33.3,33.0,33.0,34.5,35.0,33.7,33.3,33.6,33.9,33.8,33.7,32.8,33.4,32.5,33.3,33.8,33.1,33.5,34.0,33.1,33.0,33.2,33.8,33.5,33.2,33.5,32.6,33.6,32.8,33.8,33.5,33.1,32.6,32.5,33.9,35.3,34.8,33.6,33.3,33.4,32.9,34.0,32.6,34.0,32.4,33.4,33.1,33.7,33.7,33.0,32.9,32.5,34.4,33.0,33.2,32.7,34.1,32.8,33.4,33.1,33.4,32.7,32.9,32.8,33.3,34.2,33.8,34.7,35.0,33.8,33.5,33.3,33.4,32.6,33.8,33.5,33.1,33.7,34.4,32.6,34.4,34.4,34.6,33.4,33.0,33.2,33.5,33.4,33.1,32.4,32.8,33.1,33.4,34.0,33.7,33.7,33.9,33.5,33.5,34.3,33.9,33.7,32.8,33.3,33.7,33.1,33.8,33.6,33.7,33.3,34.4,33.0,33.0,33.3,33.4,32.2,33.1,33.6,33.1,33.6,33.3,32.5,33.7,33.3,33.0,33.2,33.3,32.8,33.3,32.6,33.6,33.9,34.4,34.2,34.8,33.5,32.7,33.3,34.6,33.7,33.6,33.4,33.7,34.6,33.4,33.3,33.0,33.4,33.1,33.3,33.6,32.5,33.1,32.4,33.7,33.8,32.5,32.7,33.6,34.2,33.4,33.8,34.1,34.1,33.5,33.5,33.4,33.2,33.0,33.4,33.3,33.5,32.8,33.2,34.1,32.8,32.2,33.4,32.8,33.3,32.6,33.4,32.6,32.8,33.0,33.2,32.6,33.5,33.8,33.3,33.5,34.0,33.5,34.2,33.6,33.6,33.6,33.7,34.2,34.0,35.2,33.6,34.4,32.9,33.4,32.6,33.9,33.2,33.8,33.9,33.1,33.3,33.3,33.7,32.9,33.6,33.2,33.0,32.7,32.9,32.9,33.9,34.1,33.1,32.5,34.2,34.9,34.5,33.8,34.0,33.4,33.5,33.7,33.4,33.8,35.3,33.6,33.9,34.7,33.7,33.3,33.0,34.4,33.0,33.0,33.8,32.6,32.9,33.1,32.9,33.3,33.8,33.7,33.2,34.0,33.2,33.2,33.5,33.6,34.0,34.6,34.3,32.6,33.7,33.6,34.0,33.5,33.2,33.6,33.8,34.8,34.0,32.1,33.5,34.3,33.0,33.7,33.3,34.6,33.3,32.2,33.4,33.1,33.1,33.3,32.6,33.3,33.6,32.9,34.8,35.4,34.5,34.2,35.0,33.9,34.5,33.2,33.9,34.0,33.7,33.8,33.5,33.3,34.0,33.4,32.9,34.1,32.8,32.3,33.5,32.8,32.7,34.0,34.3,33.4,33.0,33.0,33.5,33.4,33.4,33.7,33.6,34.7,33.8,34.6,33.3,34.1,33.2,33.6,33.8,33.2,33.6,33.5,33.4,34.3,33.2,34.2,33.9,34.7,33.1,32.5,33.2,33.9,33.3,33.1,32.5,33.7,34.0,33.1,32.9,33.9,33.5,33.7,34.0,34.1,33.5,34.2,33.8,33.7,34.7,34.4,34.3,33.5,33.7,32.8,33.5,33.1,32.8,33.9,33.2,33.7,33.3,33.1,32.9,32.9,33.2,33.6,32.9,32.9,33.4,nan,33.1,33.0,33.8,34.2,34.1,33.8,34.0,34.0,33.9,34.8,34.3,34.4,34.0,34.6,33.1,33.6,33.2,33.8,33.7,33.4,34.9,33.7,33.3,33.1,33.2,34.4,34.1,32.9,33.6,32.8,33.4,33.1,33.7,33.7,33.9,33.6,33.0,34.4,33.2,33.6,34.1,34.3,34.7,32.9,33.4,33.6,34.4,33.5,34.4,34.3,33.6,33.4,34.4,34.3,33.7,34.0,33.6,33.7,33.2,33.6,33.4,34.1,32.9,32.9,33.3,33.6,33.5,33.9,33.2,33.9,33.8,34.5,33.6,35.0,32.5,33.9,33.8,34.4,34.0,33.4,33.1,34.8,35.1,34.9,34.3,34.1,33.9,33.6,33.2,34.1,34.0,33.8,32.6,33.6,33.5,33.5,32.8,33.5,34.1,32.8,34.0,33.2,34.0,33.7,34.5,34.2,34.0,33.8,33.9,34.1,34.6,33.8,33.2,34.0,33.2,34.6,33.1,33.9,33.1,33.4,33.7,33.6,33.4,33.9,33.3,34.2,33.5,33.0,33.5,33.5,33.3,32.8,33.2,34.0,34.0,34.3,34.6,34.1,34.4,34.6,34.7,34.2,32.9,33.3,34.0,34.3,33.6,32.3,34.1,33.8,33.6,33.3,34.1,33.5,33.6,34.3,34.0,33.6,33.1,33.4,34.3,34.0,33.8,33.0,33.6,33.8,34.0,33.0,34.5,35.4,34.5,34.3,34.4,33.5,33.8,33.5,35.0,34.9,34.2,33.1,34.4,35.9,33.3,33.0,33.5,33.8,33.3,33.8,32.9,34.2,34.0,33.7,32.6,33.5,32.6,33.7,33.5,33.7,34.2,35.0,33.6,34.2,34.0,35.4,33.4,34.3,33.8,34.9,34.5,34.4
1785306191.7156992,1840,32.7,32.2,33.8,34.1,33.5,33.4,32.3,32.9,33.4,32.4,32.1,33.3,30.7,33.6,32.0,33.6,32.8,33.6,33.0,32.7,33.6,33.2,32.3,33.3,33.0,33.1,32.2,33.3,30.9,32.8,32.7,32.8,33.1,33.2,34.4,33.0,34.1,31.4,33.1,32.8,33.7,32.2,33.3,32.0,32.9,32.2,33.8,32.6,33.0,31.7,34.0,33.0,33.4,32.4,32.8,32.4,34.5,33.2,33.4,33.5,32.9,32.2,33.5,34.0,32.4,32.9,32.8,33.5,32.8,33.7,31.7,33.0,32.1,32.8,31.5,33.1,32.6,33.3,32.1,33.3,32.5,33.2,31.9,33.2,32.6,33.0,32.5,32.8,32.4,34.2,32.4,33.5,34.2,33.0,32.9,33.8,34.0,33.5,34.0,32.9,33.6,31.8,33.7,32.9,32.8,32.7,33.5,31.9,33.0,32.4,33.2,33.4,33.5,32.4,32.7,32.8,32.4,32.7,32.6,32.8,33.3,33.0,33.5,33.6,35.1,33.3,33.7,33.5,33.3,32.6,32.3,32.8,33.6,32.4,32.5,33.7,33.1,33.5,32.6,33.4,32.7,32.6,32.5,33.6,33.1,32.5,32.0,33.6,34.4,34.0,33.5,32.9,32.6,33.7,32.0,33.8,32.9,33.7,32.6,33.6,32.0,31.8,33.3,32.1,33.5,33.2,34.1,32.1,33.6,33.2,33.9,32.1,33.0,32.3,33.1,32.7,33.9,32.4,33.0,32.5,34.2,33.7,33.9,32.9,33.6,33.0,33.4,33.7,34.2,33.4,32.9,33.4,32.7,33.6,31.6,34.6,32.2,32.4,32.9,33.3,33.2,33.9,31.5,33.8,32.5,32.5,32.8,33.2,33.2,32.9,32.8,33.6,34.8,34.5,34.1,33.3,33.2,33.8,32.9,33.5,32.6,34.0,33.4,33.8,32.4,32.0,33.2,32.5,33.1,32.9,33.2,32.3,33.3,31.9,33.1,32.5,32.9,32.4,33.4,32.5,32.3,32.3,33.9,33.0,34.7,33.7,34.0,32.8,33.1,33.2,33.7,32.9,33.5,32.5,34.3,33.0,31.3,32.9,32.5,33.4,32.4,33.2,31.9,33.4,32.4,32.9,32.6,34.6,32.7,33.6,32.1,34.0,32.6,33.3,32.7,34.0,33.0,33.4,33.5,34.3,32.9,33.2,32.9,34.3,33.3,33.3,33.5,33.1,33.2,32.6,33.5,32.2,33.7,32.0,32.7,33.2,33.2,32.7,33.3,33.4,33.8,31.8,33.7,33.6,32.8,32.7,33.6,33.3,33.8,33.6,34.0,34.4,33.2,32.9,33.6,33.0,33.2,32.8,33.4,33.3,32.7,32.7,32.7,33.4,32.8,32.7,33.3,34.1,32.5,33.6,32.3,34.0,31.9,32.5,33.0,33.8,33.3,33.0,32.4,33.3,34.1,33.7,32.5,33.0,33.3,33.2,32.8,33.9,33.7,32.1,33.0,32.7,34.1,32.0,33.4,33.8,33.3,33.0,32.7,33.5,33.6,32.2,33.4,33.4,33.8,32.7,32.8,33.2,33.7,32.7,32.8,32.7,33.8,33.3,34.3,34.1,32.0,33.2,34.0,32.5,33.2,32.9,34.6,33.1,31.9,32.8,32.9,33.9,33.3,33.3,32.7,33.6,32.1,33.0,32.5,34.6,32.4,33.4,33.4,33.9,32.5,33.1,32.7,33.6,34.2,34.2,33.7,33.9,33.6,32.9,32.8,34.2,33.9,33.2,33.0,34.7,35.2,32.4,33.0,33.4,33.2,32.8,33.5,33.7,33.5,31.4,33.2,32.5,33.2,32.6,33.6,32.7,33.6,31.8,33.6,33.0,35.1,33.0,33.8,33.6,33.4,32.7,33.8,33.2,33.6,32.9,33.2,33.4,32.8,33.4,32.9,34.1,32.8,33.3,34.1,34.4,32.8,32.7,32.4,33.7,33.1,33.6,32.8,33.6,32.5,33.4,33.2,33.6,33.5,34.4,34.0,33.9,33.5,33.5,33.6,33.6,33.2,33.6,33.1,34.1,34.0,33.2,33.8,32.9,33.2,32.7,34.0,33.5,33.4,33.2,33.3,33.0,33.5,32.7,32.8,33.1,34.3,32.9,34.2,34.0,34.0,33.2,34.4,34.7,33.4,32.7,32.9,33.9,33.6,33.3,34.4,32.9,33.2,33.4,34.3,34.7,32.9,33.8,33.0,33.7,33.3,33.1,32.3,33.4,32.2,33.1,33.2,33.6,32.6,32.9,31.9,33.9,34.3,33.9,33.5,33.8,33.3,33.3,32.8,33.8,33.9,33.7,32.9,34.5,33.6,31.8,33.8,32.5,33.5,33.4,32.9,33.5,32.9,32.7,33.4,32.9,33.7,nan,33.1,32.5,32.9,32.1,33.1,33.0,34.6,33.3,33.9,34.1,33.8,33.0,33.1,33.2,32.7,33.2,34.0,33.2,33.2,33.8,32.5,33.7,32.8,33.3,33.0,33.7,33.3,34.0,33.8,34.2,33.6,33.1,33.1,33.2,32.4,33.1,32.9,34.4,33.4,33.7,33.5,33.6,33.3,33.1,33.7,33.2,33.7,33.2,33.8,34.1,34.3,32.9,34.2,33.3,32.9,32.9,33.1,33.5,33.4,33.3,33.8,34.3,32.6,32.2,33.0,32.5,33.7,32.2,33.2,33.0,33.3,33.3,33.9,34.0,33.4,32.6,34.4,33.9,34.2,33.0,34.5,34.2,33.7,33.1,33.5,34.5,33.1,33.0,31.3,33.9,32.6,33.8,33.3,34.0,32.6,33.6,32.6,33.0,32.5,33.4,32.6,34.4,33.3,34.2,33.6,33.4,33.6,35.1,33.9,35.1,34.1,33.6,34.1,35.7,33.8,32.9,33.9,33.7,33.1,32.3,34.8,33.0,32.8,33.1,33.5,33.7,33.6,32.8,33.6,33.3,34.7,32.8,33.2,33.0,33.4,33.6,35.3,34.0,33.9,33.1,33.8,34.4,33.9,33.1,34.4,34.5,33.2,33.0,33.0,34.3,33.4,32.9,33.1,34.2,33.0,32.9,32.9,33.5,33.1,32.7,32.9,33.3,32.7,33.0,33.6,34.4,33.4,34.0,34.3,34.5,33.9,32.8,34.2,33.7,34.2,34.6,33.0,34.6,34.0,34.0,34.6,33.7,33.9,33.0,34.5,33.6,33.3,33.2,33.7,33.1,33.5,33.3,33.3,33.1,32.6,32.7,34.2,32.6,33.1,33.5,34.5,34.7,34.2,32.6,35.4,33.1,32.8,34.2,34.3,35.1
1785306193.8620896,1841,34.1,32.8,34.9,34.0,32.9,32.9,32.9,33.5,33.0,33.2,32.4,32.9,33.6,33.7,33.1,33.2,32.4,33.4,33.4,33.6,32.7,32.5,32.4,32.7,32.7,33.7,33.4,34.2,34.4,32.3,33.8,34.3,33.6,33.1,34.4,33.3,33.6,33.1,34.1,33.1,33.9,33.0,32.6,33.5,31.6,32.5,32.5,32.1,32.9,32.7,32.7,32.7,32.5,32.5,32.6,33.3,33.3,33.5,32.7,33.8,34.2,32.5,33.0,33.6,34.0,33.6,31.7,34.0,33.6,33.3,33.2,32.6,33.6,33.3,33.1,33.1,32.5,32.4,33.6,33.3,32.9,33.0,32.5,34.0,32.6,33.0,32.8,33.5,33.8,33.0,32.9,32.7,33.8,32.6,32.3,34.5,34.0,33.8,32.9,33.3,32.3,32.7,32.7,32.4,32.6,32.4,32.4,32.5,33.7,32.6,32.8,32.8,32.8,32.9,33.7,32.9,31.9,32.8,33.3,33.1,32.7,33.2,32.9,32.6,34.5,32.3,32.8,34.7,34.6,33.0,33.0,34.3,33.3,33.0,32.8,32.9,32.8,32.2,33.5,32.5,33.3,32.8,32.8,32.6,32.9,33.1,32.6,33.6,33.5,33.9,33.2,33.0,33.1,32.8,32.6,33.8,33.4,33.9,33.6,34.5,33.8,33.0,34.1,32.4,32.5,31.7,32.8,33.3,32.5,32.6,33.2,33.7,32.6,32.4,33.8,32.5,33.0,32.6,32.6,33.8,35.0,33.9,33.5,33.5,32.9,32.8,33.4,33.4,34.4,33.3,33.6,33.2,33.5,32.5,34.4,34.0,33.2,33.0,32.8,32.7,33.2,32.8,32.6,33.1,33.6,32.8,32.3,33.0,33.7,33.2,33.1,34.0,35.2,34.8,32.8,32.4,33.3,33.2,33.9,32.7,33.7,33.4,34.3,33.7,32.8,33.8,33.4,33.2,31.7,32.6,32.6,33.3,32.4,32.5,32.7,33.3,33.2,33.2,33.4,33.2,33.3,32.2,33.2,33.7,35.2,33.8,33.0,33.3,33.0,33.3,33.3,33.7,34.2,32.4,33.5,33.7,33.4,33.3,32.4,34.4,32.3,33.5,32.7,34.2,33.4,33.4,33.2,33.4,33.3,32.4,33.0,33.3,34.0,34.0,33.4,33.8,34.6,34.7,34.1,34.2,33.5,33.3,33.8,33.2,32.4,33.9,33.6,33.5,32.8,32.9,33.9,33.1,34.0,33.0,33.2,32.1,33.7,32.9,32.5,33.5,32.6,33.4,33.2,32.7,32.9,33.5,33.7,33.7,33.4,33.9,34.3,34.5,33.2,33.3,33.6,33.3,34.3,33.7,33.3,33.2,33.4,33.1,33.2,31.6,32.7,32.6,33.6,33.6,32.9,33.5,33.0,32.9,32.8,34.0,33.0,33.9,33.3,34.2,33.5,34.1,33.8,33.7,33.7,34.3,34.2,33.2,33.3,33.8,33.8,33.6,32.9,33.0,33.2,32.9,33.8,33.1,33.1,33.4,32.5,33.2,33.7,32.3,33.5,32.6,33.2,32.9,33.9,33.1,34.7,32.8,33.4,33.7,33.6,33.7,33.8,34.5,33.3,34.0,34.0,33.3,32.5,33.0,33.6,33.4,33.5,33.8,33.6,33.9,33.6,33.6,33.8,33.7,32.9,33.8,32.9,33.0,33.0,32.8,32.6,33.1,34.0,32.9,33.9,33.9,33.5,34.9,34.5,34.8,34.1,34.0,34.2,34.3,33.5,33.9,35.0,34.1,33.7,33.6,33.8,33.9,33.4,33.1,33.6,33.8,32.9,32.5,32.9,33.5,32.7,33.2,33.5,33.8,34.4,33.9,34.1,33.3,33.6,33.6,34.6,34.7,32.8,32.5,33.8,34.5,32.8,33.0,33.4,34.7,33.5,33.8,34.0,33.7,32.9,32.4,34.0,33.7,33.2,33.6,34.0,32.9,34.5,34.0,33.8,33.9,33.9,33.2,33.5,34.2,33.5,34.2,34.4,33.7,33.4,33.5,34.0,33.9,33.3,33.2,33.6,34.1,33.4,32.6,33.8,34.2,32.4,33.3,32.8,33.8,32.7,33.8,33.6,33.4,34.0,34.9,35.5,34.6,34.3,33.6,33.5,34.3,34.3,34.4,35.1,34.1,33.5,33.5,34.2,34.9,33.0,33.0,34.4,34.7,34.2,33.1,33.4,33.7,34.0,33.3,33.1,33.2,33.7,33.4,32.4,32.7,33.6,34.5,34.3,33.9,32.8,33.7,32.5,33.2,34.9,33.7,33.1,34.3,34.1,32.6,34.2,34.7,34.0,32.8,33.4,34.7,34.0,32.9,33.4,32.2,33.6,33.5,32.7,33.6,32.9,33.2,33.4,33.9,34.0,nan,33.6,32.8,32.4,33.1,34.1,33.6,33.5,34.2,34.1,34.1,33.8,33.6,33.8,33.6,33.8,34.1,33.6,34.3,33.3,32.9,33.2,33.5,33.2,34.2,34.2,34.1,33.2,32.7,32.9,34.2,33.3,32.9,32.8,32.9,32.5,32.6,33.3,33.6,34.3,34.7,33.9,33.6,33.2,34.1,34.0,34.3,33.6,34.1,33.7,33.9,33.8,34.1,34.0,33.0,32.9,33.7,33.8,34.2,32.9,33.5,33.6,33.1,33.4,32.6,32.8,33.9,32.8,34.0,33.6,33.3,34.6,33.6,34.6,34.6,33.7,33.1,34.0,33.0,32.4,33.3,33.5,33.0,33.8,34.2,33.6,34.3,32.6,33.8,33.6,32.8,33.2,33.2,33.2,34.0,33.1,33.5,32.9,33.8,33.8,32.8,33.5,33.8,34.4,34.2,33.9,33.1,33.9,33.2,34.2,34.1,34.2,33.8,34.2,34.0,34.7,32.5,34.5,33.4,33.1,33.7,33.9,32.5,33.5,32.8,32.9,33.6,33.8,33.6,33.8,33.8,33.6,32.9,32.2,33.6,33.3,34.7,34.4,34.8,33.0,33.6,33.7,33.4,33.7,34.0,34.8,34.2,33.7,33.7,32.8,33.6,33.7,33.7,33.6,33.7,33.9,34.1,33.1,33.3,33.9,32.9,32.8,33.6,33.9,32.8,33.7,34.2,34.4,34.2,34.4,34.6,34.4,33.4,34.7,34.3,33.5,34.2,34.0,34.4,32.8,34.1,33.5,33.4,33.4,33.3,32.9,33.8,33.3,33.1,33.5,34.1,34.5,33.2,33.3,32.9,33.8,33.3,33.8,33.4,34.1,34.1,33.9,34.1,34.5,33.6,33.6,34.6,34.8,33.9,34.2,34.5
1785306195.9741364,1842,33.8,32.1,32.8,33.7,32.4,32.8,33.0,33.0,32.1,32.7,32.5,34.9,33.6,32.2,32.8,32.7,32.7,33.3,33.0,33.5,33.0,33.3,33.8,32.8,33.4,32.9,33.1,33.2,33.2,32.9,33.2,34.3,32.9,33.0,32.9,35.4,32.7,32.8,33.4,32.1,31.8,32.8,32.8,33.0,33.2,33.0,33.3,33.5,32.1,32.6,33.1,32.3,32.6,33.8,33.7,34.0,32.6,33.2,32.4,33.3,32.1,32.9,32.6,33.5,34.1,31.8,34.7,33.2,33.3,33.2,32.3,32.5,33.1,32.7,32.8,32.8,33.3,32.5,32.9,33.0,32.8,32.9,33.3,33.1,32.5,33.3,33.2,33.4,33.4,32.7,33.2,34.0,34.0,33.1,33.1,33.5,32.5,33.5,33.3,34.7,33.0,32.4,33.2,33.3,32.5,34.4,33.2,33.1,31.9,32.5,33.4,32.9,32.5,33.4,33.0,32.6,31.8,33.6,33.6,32.8,32.8,33.1,33.0,33.8,33.1,33.5,33.6,35.1,33.1,32.7,33.6,34.0,32.8,32.9,32.7,34.0,32.9,32.5,33.1,33.4,32.9,31.6,32.5,32.8,32.8,32.0,33.0,33.9,33.1,33.0,34.2,34.0,33.7,32.7,33.5,34.1,33.3,33.6,33.9,33.5,32.6,33.2,33.8,32.9,31.6,33.3,33.8,32.9,32.6,32.3,33.5,33.3,32.7,32.8,33.0,33.2,32.8,33.5,33.2,34.2,33.9,33.8,33.6,32.9,32.8,33.4,33.5,33.9,32.7,33.2,34.1,34.0,33.4,31.5,33.1,34.3,32.4,32.3,33.4,33.7,33.0,32.9,33.5,33.0,33.6,32.2,32.5,33.9,32.6,33.0,33.6,35.2,35.3,33.1,32.9,33.2,32.9,32.5,32.5,33.2,33.6,34.1,33.2,33.9,32.1,33.1,33.1,33.3,31.2,32.7,33.8,33.2,32.8,32.6,32.5,33.4,31.7,33.7,32.8,32.8,33.0,33.1,33.9,34.7,33.8,33.2,32.7,33.5,33.2,32.8,32.8,34.0,33.4,33.3,34.0,33.6,32.6,32.8,33.4,32.9,33.2,32.7,32.8,34.5,33.3,32.3,32.9,33.3,32.7,32.5,32.9,33.6,33.4,33.0,33.7,34.1,34.2,34.7,33.5,33.6,33.3,32.7,33.1,35.3,33.3,32.7,32.9,34.3,33.3,33.0,33.2,34.2,32.5,32.9,33.5,32.7,32.9,33.0,33.2,32.9,32.2,33.1,32.7,33.5,33.5,33.0,33.0,34.1,33.0,34.3,34.1,33.8,32.6,34.1,33.9,33.9,32.9,33.9,34.1,33.3,32.7,33.5,32.7,33.3,32.7,32.1,33.0,33.3,33.1,32.4,33.1,33.9,32.6,32.8,33.7,33.2,32.1,33.0,33.9,34.1,33.9,33.3,33.1,34.3,32.6,33.4,33.2,33.0,33.9,32.7,32.8,33.2,32.3,32.2,32.7,33.4,32.1,33.5,32.6,33.1,32.7,33.4,32.9,32.8,33.2,33.0,33.6,33.3,34.0,33.5,34.9,33.0,34.3,34.3,33.6,34.1,33.1,33.4,33.7,34.1,32.4,33.3,33.7,33.3,32.8,32.6,32.9,34.2,33.5,33.0,33.0,33.3,33.1,32.7,33.5,32.9,33.1,32.7,34.2,33.6,34.4,34.1,33.4,33.8,34.4,33.8,33.7,33.8,34.5,32.9,33.9,33.2,33.4,32.9,33.5,34.2,33.2,33.5,32.1,33.4,33.7,33.5,33.0,33.8,32.8,33.2,33.9,33.9,32.8,33.4,34.2,34.3,33.7,32.9,33.7,34.8,33.8,34.1,34.2,34.0,34.1,33.3,34.2,33.7,32.4,33.6,33.3,34.0,33.2,32.7,33.5,33.0,33.0,31.8,33.3,34.0,33.5,32.2,33.0,33.8,33.7,33.9,34.7,34.0,32.8,33.2,33.2,34.9,33.4,32.8,34.4,34.6,34.2,32.9,33.7,34.2,33.7,32.8,33.1,33.2,32.4,34.4,33.5,33.3,33.0,32.5,33.9,33.5,32.5,33.2,33.0,33.5,32.8,32.6,33.5,33.4,31.8,33.4,33.8,34.2,33.8,33.8,34.3,34.0,34.0,33.0,33.3,34.6,32.6,33.6,33.5,33.9,33.0,33.0,33.5,34.0,33.1,33.4,33.7,33.3,32.4,33.0,33.3,33.6,33.4,32.6,33.0,33.0,33.6,32.5,33.4,34.4,33.2,34.0,33.5,33.7,35.2,34.4,34.1,34.6,33.9,33.2,32.9,34.0,33.9,32.6,33.5,33.5,33.4,32.9,33.2,33.8,33.1,33.8,33.3,33.8,32.4,nan,32.2,34.1,33.2,33.2,33.5,33.7,34.0,34.1,33.5,34.1,33.8,34.8,33.7,34.1,32.6,32.6,33.7,33.8,33.9,32.6,33.1,33.2,33.1,33.5,33.5,33.6,33.3,33.5,32.8,33.9,32.6,33.4,33.1,33.8,32.7,32.3,33.2,34.6,34.2,34.0,33.8,33.7,32.7,34.6,33.9,34.3,33.3,32.1,34.8,35.2,34.6,34.0,33.7,33.1,32.8,33.3,32.8,34.3,32.6,33.4,33.0,33.7,31.8,33.0,33.7,33.8,33.1,33.4,33.9,33.7,33.7,34.1,33.3,33.9,33.3,33.3,34.1,34.6,33.9,34.5,34.0,34.0,34.8,33.4,33.3,34.2,33.1,33.9,33.4,34.0,33.1,33.3,33.3,33.9,33.8,33.3,32.6,33.8,34.1,32.7,32.7,33.6,33.7,34.1,34.3,32.8,33.6,32.6,34.1,34.0,33.7,34.5,34.3,35.6,32.8,34.2,34.6,34.3,32.6,33.0,34.0,33.7,32.7,34.1,32.3,33.9,33.5,33.3,33.9,34.2,33.4,33.2,32.6,32.6,34.5,34.3,34.9,34.3,33.4,33.1,34.0,34.0,33.8,33.9,33.7,34.1,33.2,33.8,32.7,33.3,33.2,32.8,33.3,33.4,33.6,33.3,33.8,34.2,34.0,32.8,33.1,33.2,32.9,33.0,33.4,34.1,34.5,33.7,34.5,33.8,33.6,34.0,34.2,34.4,32.5,34.1,34.1,35.4,32.5,32.9,33.8,33.5,33.3,32.4,33.2,34.1,33.4,33.8,33.5,34.0,33.2,33.7,35.0,32.9,32.0,32.8,33.3,33.5,33.5,33.6,33.8,33.6,33.9,34.9,33.3,34.3,33.9,34.4,34.4,35.1
1785306198.1627655,1843,32.8,33.8,32.7,34.0,33.6,32.6,33.1,33.4,32.6,33.5,32.0,33.4,33.3,31.8,31.9,31.6,32.9,32.2,32.7,33.7,33.1,32.8,33.5,33.0,32.5,31.9,32.1,33.0,34.2,32.9,32.3,34.0,33.7,31.8,32.9,32.4,34.0,31.5,32.3,32.6,32.8,32.1,32.7,32.3,32.8,32.5,32.0,33.6,32.3,32.5,32.9,32.7,32.4,33.7,32.9,32.7,33.2,32.9,32.6,32.9,33.2,32.8,33.6,33.9,33.5,33.8,31.7,34.1,33.6,33.8,32.6,32.7,32.8,32.3,32.2,32.1,32.3,32.1,32.0,33.0,32.5,32.5,31.2,31.6,32.9,32.4,33.1,33.6,33.6,32.3,32.9,32.6,31.7,32.7,33.7,33.5,33.5,32.6,32.8,33.7,32.4,32.3,33.0,32.6,32.5,32.2,31.9,32.8,32.6,32.1,32.4,32.8,32.7,33.0,32.8,33.7,33.3,31.9,32.9,32.9,33.0,32.5,32.0,33.2,33.8,32.8,33.1,33.6,33.2,32.9,33.0,33.1,32.2,31.9,32.4,32.3,32.6,32.6,32.1,32.7,33.3,32.5,32.7,32.7,32.3,33.2,32.6,32.9,34.2,33.5,33.0,32.9,33.1,33.6,33.0,33.4,32.8,32.6,33.2,33.5,33.8,32.8,32.5,32.8,32.6,32.8,32.9,32.8,32.1,32.2,32.8,32.6,33.1,32.6,32.7,32.1,32.4,33.6,33.2,33.7,34.4,33.9,32.9,33.9,32.6,33.6,33.5,33.2,33.1,32.5,32.6,32.6,34.2,31.7,32.6,32.9,33.0,32.5,32.0,31.9,32.5,33.2,31.9,33.0,32.6,32.4,32.2,33.1,32.5,33.6,32.9,34.1,34.9,34.6,33.0,33.2,32.9,32.6,33.5,32.8,33.5,33.7,32.7,33.0,34.1,33.0,32.7,33.2,32.6,33.5,33.1,32.7,32.1,33.0,32.7,32.9,32.7,32.8,32.6,33.0,32.6,32.2,33.1,33.8,34.8,33.8,32.2,32.7,32.3,32.9,33.2,33.0,33.6,32.8,32.1,33.7,33.4,32.8,33.2,32.5,32.7,32.5,32.7,33.3,33.5,32.8,32.7,33.2,32.6,33.3,33.3,32.8,32.6,33.2,32.2,32.9,33.4,33.4,33.4,34.1,33.0,32.0,33.2,32.6,33.4,32.7,32.8,33.9,32.5,33.1,32.8,33.5,32.5,32.5,33.0,32.8,32.8,32.7,32.6,33.1,32.5,33.2,33.3,33.3,32.5,32.4,32.7,33.7,33.7,33.9,34.2,34.7,33.4,33.6,33.0,33.6,33.1,32.9,32.4,33.2,33.2,32.6,33.2,33.3,33.5,33.0,33.4,33.3,32.2,32.4,32.8,33.1,33.3,32.7,33.1,32.7,33.9,32.7,33.3,33.2,34.3,33.6,33.4,34.1,33.5,32.6,31.8,33.4,32.7,33.1,33.4,33.0,32.9,32.7,32.5,34.8,33.1,32.3,32.8,33.7,33.2,32.9,32.4,32.9,33.2,32.2,32.7,33.7,32.9,32.6,33.2,33.5,33.4,34.0,33.9,34.1,33.4,32.8,32.1,33.1,32.4,33.1,33.9,33.6,32.6,34.1,32.6,32.6,34.1,32.3,33.1,32.6,32.9,32.2,32.4,32.6,32.6,32.8,33.6,33.6,33.6,32.5,33.7,34.0,34.4,34.3,33.4,33.6,34.2,32.9,34.0,33.3,32.5,32.0,33.2,33.8,33.6,32.5,33.3,32.7,32.0,33.1,32.8,33.1,32.8,33.6,33.6,33.2,32.6,33.3,33.2,32.5,32.1,32.9,33.4,34.0,33.9,33.9,33.8,33.9,34.3,33.1,33.9,33.6,32.8,32.0,32.7,33.5,33.9,34.5,32.8,32.7,33.3,33.0,33.4,33.1,32.7,32.9,33.4,32.8,32.5,32.8,32.5,33.3,35.1,33.5,33.4,33.8,33.4,33.3,34.1,33.9,34.7,34.1,33.4,32.2,32.9,32.9,33.6,33.2,33.0,33.1,33.3,32.8,32.7,32.8,33.0,32.9,32.5,32.4,32.5,32.5,32.9,33.1,32.9,33.3,35.1,33.7,33.5,34.2,32.7,33.9,33.5,34.7,34.0,33.6,32.6,33.2,33.3,33.5,34.3,33.5,32.5,33.1,34.8,33.5,33.8,33.2,32.9,32.7,32.8,33.2,32.2,33.4,32.8,33.3,32.6,33.3,33.0,33.3,32.1,33.3,34.1,34.0,32.7,33.9,35.1,34.3,32.2,34.1,33.8,32.7,33.6,33.0,33.1,33.6,33.7,33.8,33.0,33.1,33.0,32.1,33.0,33.1,32.6,32.7,32.1,nan,33.5,33.4,33.1,32.9,33.0,34.1,34.3,33.9,34.3,33.7,34.0,34.1,33.7,32.5,32.8,33.3,33.7,33.1,33.4,32.0,32.4,33.2,32.5,33.4,33.1,32.9,32.6,32.0,32.9,33.4,32.8,32.5,32.8,33.1,33.3,31.8,33.1,33.6,33.9,33.8,33.0,32.6,33.0,33.3,33.4,32.8,33.7,33.0,34.3,34.0,32.9,32.4,34.1,32.4,32.8,32.4,33.5,34.1,33.5,33.0,33.5,32.9,33.1,32.7,32.5,33.5,32.8,32.6,33.4,34.1,33.1,34.0,33.0,33.8,33.3,32.7,33.7,33.8,33.5,33.7,33.8,32.8,33.8,32.6,33.0,33.4,31.8,32.9,32.3,33.4,33.4,33.1,33.9,33.9,34.6,33.6,32.5,34.3,33.1,32.2,32.8,33.2,33.7,32.9,33.5,34.2,33.5,33.1,34.3,34.2,33.8,32.9,33.1,33.7,34.2,33.0,33.6,34.0,33.0,32.3,33.4,33.6,33.1,33.5,32.5,33.1,33.0,33.0,33.4,33.6,32.5,32.5,33.3,34.1,32.8,34.4,34.0,32.8,33.4,34.3,33.1,33.7,32.6,33.6,33.7,34.4,33.1,32.4,32.0,34.4,33.3,32.8,32.4,33.4,33.7,33.3,32.4,34.1,33.0,33.2,33.5,32.3,32.8,32.7,32.8,34.4,33.7,33.2,34.4,34.2,33.1,32.5,33.7,33.2,33.9,34.1,33.3,33.8,32.9,33.2,34.3,34.7,33.8,32.9,32.9,32.7,33.0,32.7,33.2,33.4,33.6,33.4,33.7,32.8,31.8,33.1,33.5,33.2,33.7,33.4,34.6,34.1,33.9,33.2,33.1,33.4,32.6,33.5,33.9,35.2
1785306200.5181568,1844,33.5,33.9,32.6,32.8,34.2,32.5,32.7,33.5,33.1,33.0,32.3,33.3,33.9,33.2,32.8,33.9,32.3,33.1,32.8,33.1,34.1,31.9,33.0,33.9,32.0,32.2,32.8,33.3,35.0,32.8,33.7,33.9,33.1,33.5,34.0,33.7,33.2,32.5,33.9,33.2,33.5,32.2,33.0,33.0,31.7,32.8,32.7,32.4,33.1,33.3,33.4,33.7,32.9,31.8,33.8,33.0,33.6,33.4,32.9,33.0,32.0,32.4,34.7,32.7,32.9,33.4,33.2,34.2,32.6,34.1,32.5,33.2,33.5,33.2,33.4,33.3,32.7,33.0,32.8,33.5,33.5,32.5,32.4,33.9,33.8,33.7,33.6,32.0,33.9,33.2,32.8,32.9,32.9,33.7,33.4,34.6,33.3,34.6,34.7,33.2,32.1,33.0,33.9,32.5,33.4,33.1,34.0,32.4,32.7,32.0,32.7,32.2,33.1,32.9,34.5,32.6,33.1,33.1,33.5,33.0,33.5,32.9,33.9,33.9,32.8,34.1,35.1,35.0,33.8,33.5,33.8,34.5,32.5,33.8,33.3,32.9,33.4,32.8,33.3,33.4,33.7,33.0,32.5,33.1,32.8,32.5,33.7,34.8,34.3,32.1,32.4,33.4,33.2,32.3,32.3,33.3,33.9,33.1,33.9,34.8,34.1,33.2,34.1,32.9,33.3,32.6,33.7,32.9,32.9,33.7,33.8,32.7,33.2,32.0,33.3,33.0,33.1,33.2,34.3,34.3,32.4,33.6,32.7,33.3,32.2,33.5,33.4,33.1,33.4,32.4,34.9,34.4,34.3,32.9,31.4,34.4,32.7,33.0,32.1,32.9,32.3,32.5,33.0,33.4,33.3,33.6,33.0,33.3,32.9,33.7,33.8,36.0,34.3,34.3,34.1,33.6,33.7,33.3,33.2,32.8,33.2,33.2,33.8,34.2,33.3,33.0,33.2,32.7,32.3,33.0,34.6,32.7,32.8,33.3,33.1,33.0,33.1,32.9,32.9,32.8,33.6,32.5,34.2,34.1,34.3,34.7,34.3,33.2,32.8,33.0,34.6,33.8,32.7,31.9,34.3,33.8,33.1,34.2,33.1,34.6,32.8,32.8,32.6,33.0,33.4,33.1,32.3,33.3,32.9,32.3,32.7,33.5,34.3,33.6,33.5,34.0,34.8,34.0,34.0,34.7,33.3,32.7,32.8,34.5,32.7,33.5,34.1,33.4,32.8,33.2,32.9,33.6,33.3,32.9,33.3,33.6,33.2,32.3,33.0,31.9,33.0,32.6,33.3,33.4,32.7,33.0,33.3,33.9,33.3,33.3,34.2,34.1,34.0,34.2,33.6,34.4,32.6,33.2,34.6,33.7,33.1,32.3,32.7,34.2,34.1,33.7,32.9,33.9,34.0,33.5,33.3,33.7,34.0,32.6,33.3,33.9,33.4,32.2,33.0,34.6,34.2,33.1,33.5,33.9,33.8,34.0,33.3,33.2,33.7,32.3,33.3,33.7,33.5,33.4,34.0,33.8,33.3,33.3,34.3,32.2,33.8,32.5,33.4,32.8,33.0,33.0,33.3,32.0,33.2,33.0,33.6,34.1,34.6,34.6,34.5,33.4,35.2,33.6,33.8,32.7,33.3,33.4,33.4,33.3,33.8,32.1,32.9,33.9,33.5,33.1,33.0,33.6,32.8,32.7,34.0,32.8,33.5,32.6,33.2,34.1,33.6,33.4,34.0,34.7,34.4,34.9,34.3,34.7,34.5,33.4,32.8,33.8,34.1,32.9,32.9,34.3,32.9,32.8,34.2,34.0,32.7,33.2,34.0,33.0,32.9,33.9,33.6,32.6,32.6,32.7,33.5,33.8,34.4,34.8,34.0,34.4,34.1,34.1,34.4,34.1,33.9,33.1,35.0,34.7,34.3,33.8,33.8,32.8,34.9,33.6,33.1,33.3,32.6,33.5,33.7,33.7,33.0,33.0,33.2,33.4,32.9,32.6,34.2,34.2,33.4,33.1,33.4,33.9,34.2,33.9,33.7,33.9,34.5,33.9,33.7,34.0,33.7,33.1,33.7,33.7,34.4,33.3,33.3,32.9,33.3,33.0,33.7,33.1,32.8,33.4,33.8,32.9,33.5,33.2,34.1,33.2,32.2,33.7,34.7,32.9,33.8,34.0,34.3,34.0,33.7,33.2,34.5,34.2,33.3,33.8,33.4,33.6,34.0,33.2,32.5,34.4,32.9,34.0,32.3,34.3,34.1,33.1,31.1,33.7,33.2,32.9,32.2,33.3,32.6,33.1,33.2,33.1,33.7,33.8,33.7,34.4,34.5,34.0,33.9,34.8,34.8,33.0,33.9,35.3,33.6,34.1,34.0,32.5,34.0,33.1,33.7,32.9,33.6,33.2,32.9,33.1,33.7,nan,33.6,32.3,33.8,33.8,34.4,33.3,33.3,33.8,33.9,32.9,33.1,33.7,33.9,33.4,33.5,34.5,34.4,33.4,34.1,33.6,32.9,35.1,33.9,32.9,33.3,34.3,33.6,32.8,33.1,34.2,33.2,33.2,32.6,34.1,33.2,32.6,32.8,34.1,34.7,33.6,33.4,34.2,34.0,33.1,33.7,34.9,34.0,33.4,33.4,33.7,33.7,32.7,33.6,33.1,33.1,33.0,33.6,33.7,32.7,33.7,34.5,33.7,33.2,32.8,34.3,32.9,32.9,33.7,33.8,32.7,34.0,34.1,33.8,33.9,33.2,33.3,34.6,34.0,33.8,34.1,33.9,33.5,33.5,33.1,33.5,35.3,32.1,33.6,31.9,34.5,33.1,33.4,32.8,33.3,33.1,33.4,33.8,34.4,33.9,33.2,32.9,33.9,33.8,33.6,32.5,34.7,33.6,33.8,32.7,34.3,33.5,32.8,33.4,35.7,33.2,33.8,34.1,33.9,32.9,32.2,34.1,33.5,33.0,32.7,33.3,33.2,33.0,33.3,33.8,34.2,33.3,33.3,34.0,32.3,33.6,33.1,34.6,33.4,32.8,33.8,34.2,34.4,33.5,34.9,35.1,34.5,34.5,34.6,32.0,34.1,34.0,33.0,33.1,34.8,33.9,32.9,34.0,34.0,33.4,33.3,33.2,33.7,33.1,33.1,32.7,34.0,33.3,34.2,34.9,34.5,34.9,33.8,33.0,34.9,32.5,33.5,33.4,35.3,32.6,32.8,33.7,33.9,32.9,32.8,33.0,33.0,33.1,33.4,34.6,33.6,34.0,34.0,34.2,33.6,33.9,33.3,33.8,34.2,33.6,33.3,33.9,34.5,34.5,32.8,33.4,33.9,33.6,33.4,35.4,34.6
1785306202.4224286,1845,32.1,34.2,32.6,33.3,32.9,32.7,32.3,33.3,32.8,32.8,33.1,33.7,32.1,32.1,32.0,33.8,32.1,33.1,33.4,33.2,33.2,33.1,33.8,33.7,32.0,33.7,32.2,33.4,33.2,33.3,31.2,33.6,33.6,32.5,33.0,33.3,32.8,32.3,33.3,31.7,32.5,32.0,33.4,32.6,33.3,32.1,33.4,32.8,32.6,32.4,32.9,33.0,33.1,32.0,34.0,33.2,33.4,32.6,33.8,33.5,35.3,32.7,34.7,33.0,33.7,33.2,33.3,32.4,33.1,33.7,33.6,33.0,33.7,33.4,33.2,32.7,32.8,33.1,32.1,31.9,32.6,33.5,33.0,32.7,32.8,33.9,33.3,33.9,32.6,34.0,33.2,34.1,33.6,33.9,35.0,33.6,33.6,32.5,32.7,35.0,33.2,32.6,32.9,32.5,33.2,32.5,32.8,32.6,32.3,32.9,33.2,33.1,33.3,33.3,33.3,33.3,33.5,33.3,33.5,33.0,32.9,32.4,32.7,34.4,35.3,31.6,33.3,33.9,31.9,33.0,33.2,34.3,32.0,34.2,32.5,32.6,32.6,33.5,32.7,32.2,32.0,33.8,33.0,33.1,32.8,32.7,33.2,32.8,34.3,35.0,34.2,33.4,33.0,33.5,33.3,34.1,33.1,33.7,33.5,33.4,33.9,31.6,33.5,33.4,33.7,32.6,33.6,33.3,33.1,33.2,33.2,32.6,33.2,32.7,32.3,32.7,32.7,32.5,33.5,33.0,34.7,34.3,35.5,33.1,33.8,33.4,34.4,33.0,34.6,34.2,33.8,33.6,33.6,33.4,33.1,33.2,31.8,34.1,32.9,33.8,31.9,33.5,33.1,33.8,32.4,33.0,33.0,33.0,32.3,32.5,32.8,33.9,34.3,34.8,34.0,33.3,32.9,33.8,32.5,33.2,33.6,34.4,33.6,34.0,33.1,32.9,33.2,33.7,33.3,32.9,33.7,32.3,33.1,32.9,33.8,32.4,34.2,31.6,33.3,32.3,34.1,33.8,33.6,33.3,33.8,33.1,34.2,34.4,33.2,32.3,34.1,33.3,33.7,32.9,32.3,33.2,33.1,33.5,32.3,33.8,32.3,32.7,33.4,33.2,32.1,33.3,32.0,33.1,33.1,33.9,32.4,33.2,32.4,33.0,32.4,32.7,33.2,33.7,33.9,33.9,33.1,33.9,32.6,32.9,32.4,33.5,32.9,33.6,32.2,33.0,32.7,32.6,33.7,31.7,33.8,33.4,33.4,33.0,33.5,33.6,33.1,32.3,32.9,33.1,33.5,33.1,33.4,34.0,34.3,33.8,34.5,34.0,34.2,33.1,33.4,33.2,33.9,33.0,33.0,33.1,32.5,33.0,32.5,32.8,31.9,33.7,32.6,33.9,32.5,33.8,32.4,33.2,33.2,33.6,33.0,33.3,33.3,33.9,32.9,33.9,33.3,33.9,33.8,34.1,33.4,35.1,32.7,32.8,33.4,33.2,33.8,34.1,34.1,32.2,34.4,33.6,33.0,32.8,32.8,32.8,33.6,32.7,33.1,33.1,32.9,32.4,32.9,32.7,34.0,32.4,33.6,34.1,34.4,32.5,35.0,33.9,34.4,33.9,33.5,33.6,33.1,32.4,33.2,33.8,32.8,34.2,32.9,34.3,33.2,33.7,32.5,33.1,33.5,32.7,32.6,33.3,33.3,32.5,33.0,33.6,34.4,34.2,33.1,34.3,34.1,34.6,34.0,34.2,33.8,33.7,33.6,32.8,32.8,33.0,32.8,33.3,34.1,32.5,33.4,33.1,33.2,33.0,33.1,32.7,33.7,32.3,33.6,33.1,33.0,32.9,33.2,33.4,35.5,34.6,34.1,32.7,34.0,33.8,33.8,34.3,34.4,34.3,33.8,32.6,34.2,32.7,32.9,33.2,33.9,33.8,32.7,33.9,32.3,33.2,33.5,33.2,32.7,33.5,32.4,33.4,33.1,34.1,33.1,33.1,33.9,34.1,32.4,33.9,33.5,33.6,33.4,34.6,33.2,35.4,33.9,34.0,32.8,33.2,33.0,32.9,33.6,33.0,33.7,32.7,33.7,32.7,34.4,33.7,32.8,33.4,33.1,32.8,32.9,32.6,33.0,33.6,34.0,33.2,34.4,34.1,34.3,33.2,34.0,34.2,35.2,33.9,35.1,33.7,33.6,32.0,33.2,32.9,33.2,34.4,32.5,33.8,33.1,33.3,33.2,33.6,33.5,33.0,33.0,33.4,33.9,33.1,32.7,33.8,32.9,33.1,31.9,33.3,33.9,34.3,33.5,33.9,33.7,34.0,34.5,34.0,33.0,33.6,33.4,34.5,32.6,33.1,34.8,33.1,33.5,32.3,33.7,33.1,33.4,33.1,32.6,33.3,33.4,nan,34.1,33.7,33.4,32.7,32.8,33.2,33.7,33.7,34.3,34.0,33.5,33.0,34.0,34.1,33.7,33.4,34.0,34.0,34.6,34.0,34.0,34.6,33.3,33.1,32.6,33.0,33.1,33.1,33.5,33.3,33.4,33.6,33.1,32.7,33.2,33.4,33.0,32.9,33.4,34.4,33.3,34.4,33.1,34.2,33.0,34.6,33.3,33.6,33.6,33.1,33.4,33.4,33.9,33.8,33.9,32.7,33.6,33.7,33.6,32.6,32.8,32.9,34.7,33.2,32.7,34.1,33.2,32.7,33.5,33.6,33.8,34.0,34.3,34.0,33.6,32.8,33.8,33.9,33.6,32.6,34.3,34.0,33.5,34.2,32.9,34.1,32.3,33.4,32.5,33.9,33.0,34.0,33.0,33.7,33.0,33.9,33.8,33.5,33.6,33.5,32.8,33.4,33.8,34.6,34.7,33.1,33.3,33.6,33.7,34.9,33.9,33.9,34.3,34.7,33.0,33.1,33.5,34.5,33.5,32.7,33.6,32.8,32.7,32.2,33.5,33.2,33.0,33.1,33.5,33.5,33.8,33.5,34.1,33.7,34.3,34.1,34.3,33.4,33.5,33.5,34.0,34.6,33.6,32.5,33.8,33.9,32.7,34.6,33.4,33.6,33.0,34.0,31.9,33.9,32.7,33.4,32.9,34.7,33.8,33.8,32.6,33.3,33.5,33.8,32.7,34.0,33.5,33.2,34.0,35.1,34.3,33.8,33.6,33.5,32.1,34.4,34.4,34.2,34.0,33.1,34.2,33.5,33.9,33.8,33.2,33.6,33.3,33.2,33.9,33.7,34.2,33.2,34.0,33.3,32.8,31.4,33.8,33.9,33.5,34.5,34.1,34.0,33.4,33.9,33.8,33.3,33.4,33.4,35.6,33.5
1785306204.7357247,1846,33.2,32.4,32.8,32.9,33.5,32.8,33.6,32.6,32.3,33.7,32.3,32.6,31.5,32.2,32.8,33.5,32.5,33.3,33.2,33.2,32.6,33.5,32.9,32.8,32.0,33.8,33.7,32.4,34.1,32.9,34.5,33.0,32.4,32.4,32.6,33.3,33.6,32.1,31.7,32.6,33.2,33.4,32.3,33.4,33.6,33.3,32.6,32.4,33.3,32.8,33.0,33.2,33.6,33.3,33.3,33.4,34.1,32.6,33.5,32.6,35.2,32.9,33.6,33.5,33.9,33.0,32.8,32.5,33.7,33.0,32.8,32.6,33.1,33.5,32.7,32.8,32.2,33.6,33.3,32.6,33.2,33.1,33.1,32.8,33.2,33.3,32.5,32.7,32.6,33.0,33.2,32.8,33.6,33.8,32.0,34.0,34.4,33.5,33.5,32.5,32.0,33.2,32.8,32.9,33.5,32.4,32.3,33.5,33.2,33.1,32.4,32.2,33.1,33.5,32.7,33.6,33.2,33.4,33.6,32.7,33.6,33.1,33.4,34.4,33.6,32.9,35.0,33.7,33.5,33.2,31.8,33.8,33.4,33.1,33.3,32.5,32.6,32.9,32.2,33.0,32.4,32.9,32.5,32.9,32.3,32.3,31.9,33.3,33.9,35.3,34.4,33.9,32.6,33.5,32.6,33.2,32.9,33.6,33.5,32.7,33.3,32.7,33.4,34.4,32.6,32.8,33.7,33.3,33.0,32.0,32.6,32.7,32.6,32.5,32.6,33.1,32.7,32.4,33.6,33.0,34.8,34.3,34.5,34.5,34.0,33.0,32.9,33.9,32.9,33.4,33.1,33.1,33.2,32.8,33.5,32.9,31.6,33.5,33.3,33.0,33.2,33.8,33.4,33.0,32.8,33.4,32.5,33.1,31.8,33.5,32.5,33.2,33.5,35.1,33.8,33.8,33.4,33.7,33.5,32.9,33.4,34.7,32.8,33.0,34.3,32.2,33.1,33.3,32.8,33.1,33.3,33.4,33.7,32.8,32.5,33.0,33.7,32.9,33.7,33.4,32.6,32.3,32.7,33.3,33.4,33.1,33.6,34.9,32.7,32.9,33.3,33.5,33.6,33.9,34.2,33.0,33.3,32.8,33.0,32.9,33.0,34.0,33.9,33.5,32.6,32.8,33.0,33.6,33.2,33.0,32.4,32.3,32.6,33.7,33.2,33.0,33.4,33.7,33.7,34.0,33.3,33.6,33.3,33.2,32.7,32.7,33.9,34.1,32.1,32.8,33.6,33.0,32.5,32.4,33.2,33.4,33.2,32.7,32.9,33.6,32.9,33.4,32.9,33.5,33.6,33.6,33.2,33.2,33.3,33.8,34.1,33.8,34.2,33.7,33.6,32.6,33.1,33.8,33.1,33.7,33.7,32.7,32.7,33.3,32.5,33.4,32.3,33.2,32.7,31.4,33.1,33.0,32.9,33.7,32.5,32.7,33.6,33.4,33.1,33.4,33.6,34.3,34.1,33.5,33.8,32.8,33.4,33.1,32.8,33.0,33.0,32.8,32.9,33.0,33.1,32.8,32.9,33.0,32.9,33.3,32.4,32.7,32.8,33.0,33.9,33.3,33.9,32.5,33.9,33.2,33.1,33.2,33.8,33.8,33.5,34.4,34.1,33.2,32.7,34.3,33.5,32.7,33.4,34.7,32.5,33.5,32.9,33.8,33.2,33.0,32.9,33.0,33.0,32.3,33.1,33.4,32.9,33.9,32.6,33.4,35.2,34.3,34.0,33.7,33.4,35.0,34.0,34.2,34.3,33.3,33.7,33.2,33.9,33.0,33.0,33.2,33.6,32.7,33.1,33.4,33.0,32.7,32.7,32.7,33.0,32.6,32.3,33.0,33.3,33.2,32.3,33.2,34.6,34.3,33.6,33.3,33.6,34.1,35.7,34.6,34.7,33.1,34.1,33.0,32.4,33.1,33.6,33.4,33.6,33.5,33.5,34.6,32.3,32.4,33.0,33.0,32.5,32.1,33.5,32.8,33.4,33.2,33.1,33.1,34.1,33.5,32.5,33.1,34.0,34.3,34.7,34.0,34.0,33.8,34.5,33.7,32.6,33.2,32.5,33.6,33.3,34.0,33.2,33.7,33.1,32.3,33.5,33.3,31.7,33.2,33.6,33.0,34.0,32.9,32.5,33.2,33.0,33.7,34.2,33.2,33.6,34.5,34.7,34.8,34.4,33.4,33.0,33.5,34.1,33.1,34.3,32.9,33.4,34.9,32.7,33.7,32.4,33.2,33.4,33.5,33.3,33.6,32.3,33.3,32.9,33.4,32.9,33.5,33.4,33.4,32.7,33.2,32.9,34.2,34.2,33.3,34.7,33.3,33.2,32.9,32.8,34.0,32.9,33.4,33.3,33.1,33.9,33.1,33.0,33.3,32.2,33.3,32.8,33.1,32.9,33.9,33.8,nan,33.6,32.9,33.1,32.7,33.4,33.5,33.4,34.3,34.6,34.5,33.4,33.4,33.4,33.7,32.9,33.0,34.4,34.0,33.5,34.5,34.4,33.1,33.9,34.0,32.1,33.7,33.1,32.9,33.3,33.3,32.6,33.2,33.9,32.7,32.4,32.7,33.4,33.7,33.2,35.2,33.3,33.9,33.6,33.4,33.4,33.7,33.5,34.6,33.0,34.0,34.2,33.8,33.4,33.7,33.2,32.9,32.8,33.5,33.2,33.3,32.4,33.8,33.3,33.2,32.9,33.5,33.2,33.1,33.0,33.2,33.6,34.0,33.9,33.8,33.9,33.9,33.2,33.7,34.1,33.8,34.0,34.6,33.3,33.0,34.1,33.6,33.3,33.5,33.6,33.7,33.3,33.4,33.1,34.3,33.5,33.3,33.3,32.6,32.0,34.1,33.5,32.6,33.3,34.5,33.6,34.3,33.5,34.1,34.1,34.1,35.1,34.0,34.1,34.6,34.0,32.5,33.2,34.3,32.8,33.6,33.1,33.9,33.1,32.9,32.0,33.6,33.6,33.0,33.6,33.5,32.6,33.5,33.7,33.3,33.9,33.5,33.9,33.2,33.6,34.2,33.9,34.6,33.5,32.3,33.5,33.7,33.2,34.7,34.1,34.6,33.2,33.7,32.9,33.2,32.9,34.1,32.7,33.4,33.8,33.4,32.7,32.7,33.6,34.0,33.4,33.1,34.2,34.3,34.7,34.6,34.3,34.2,33.2,34.2,34.2,33.7,34.4,34.5,32.9,34.3,34.3,34.6,33.8,34.4,33.3,33.2,32.7,33.8,32.7,33.7,34.0,32.3,33.4,33.7,33.4,31.8,33.6,32.7,34.3,34.2,33.3,35.1,34.7,33.7,34.3,33.7,34.9,34.9,33.7,34.4
1785306206.709109,1847,32.7,33.3,34.1,34.8,33.3,33.6,33.2,34.6,32.8,33.2,33.3,33.7,32.1,33.6,32.8,33.4,32.7,31.6,33.3,33.6,33.8,33.8,34.2,33.3,32.4,33.3,33.9,32.7,32.7,34.2,33.5,33.9,35.4,33.0,35.4,33.2,32.8,32.5,33.7,33.8,33.7,33.0,33.9,33.4,33.3,33.0,34.2,33.7,32.2,33.0,34.0,33.9,32.9,33.3,33.4,33.2,32.6,33.6,34.2,33.7,33.5,32.7,35.0,35.0,32.1,34.4,33.3,34.5,33.5,32.9,34.2,34.2,33.9,33.0,32.5,34.0,32.6,32.2,32.6,33.9,33.5,33.7,32.1,33.4,33.2,32.9,33.6,34.1,33.2,33.8,34.0,34.1,34.2,33.9,33.4,35.3,33.8,32.5,35.0,34.7,33.2,32.2,34.7,32.7,32.9,32.7,34.0,33.5,32.9,33.1,33.2,34.1,34.5,33.8,33.1,34.5,33.8,33.8,34.6,34.3,33.3,33.7,33.7,35.2,33.7,33.5,34.9,34.4,33.3,34.7,33.4,33.9,33.0,33.6,33.9,34.3,32.5,33.5,33.4,33.7,32.4,33.8,33.5,33.8,33.8,32.8,33.2,35.0,33.6,34.1,35.4,34.1,33.5,34.1,33.9,33.5,33.9,33.7,33.5,35.4,33.6,33.4,35.2,34.0,33.5,32.4,33.6,33.3,32.9,32.3,33.6,33.9,32.8,32.7,33.3,33.9,33.1,33.5,33.7,33.2,33.9,34.7,35.0,34.2,32.9,33.2,34.0,33.7,32.2,33.2,34.2,33.4,32.5,34.0,32.5,33.8,33.3,33.2,33.8,33.3,32.5,33.4,33.2,33.1,33.3,33.2,33.2,33.7,32.9,32.9,33.6,33.6,34.3,33.7,34.3,34.0,34.1,33.4,34.5,34.6,33.8,33.4,33.4,34.0,33.1,32.6,34.8,33.3,32.5,33.4,33.7,33.6,32.2,32.4,34.3,33.5,32.6,32.9,33.7,33.3,32.4,32.8,33.3,32.6,33.4,33.6,34.7,35.2,34.2,33.0,33.3,33.4,33.9,34.1,33.9,33.6,33.1,34.2,32.5,34.0,33.4,33.0,33.2,33.9,33.8,33.1,33.8,33.6,32.9,34.0,34.2,33.4,32.6,34.1,33.3,32.9,33.2,33.7,34.7,34.9,32.8,33.5,33.5,33.8,33.5,33.0,33.9,34.6,31.9,33.8,33.5,34.6,32.8,33.1,33.8,33.6,33.4,33.7,33.3,33.4,33.8,33.0,32.8,33.9,33.3,33.0,33.3,34.3,34.1,35.2,34.5,34.6,33.4,33.7,34.7,33.7,33.4,33.9,34.4,34.7,32.9,33.2,33.9,34.4,33.2,33.8,34.4,34.6,33.0,33.0,33.8,33.6,32.7,33.3,33.0,33.8,33.7,33.6,33.9,33.1,34.9,33.6,34.6,34.5,33.1,33.7,33.4,34.2,33.6,33.0,34.3,33.7,33.5,33.0,34.2,35.1,33.2,34.8,33.6,34.5,33.6,33.9,34.5,33.6,33.0,33.8,33.9,33.3,32.9,33.5,34.7,33.2,34.6,34.3,34.7,34.4,33.5,33.6,34.2,33.7,34.2,33.1,33.8,33.7,32.5,33.6,33.9,34.7,33.5,33.3,33.2,33.4,32.6,32.5,32.8,34.0,33.2,32.8,32.9,33.3,34.1,33.4,33.5,34.1,33.7,34.4,34.7,33.7,33.8,34.2,34.3,34.5,34.1,32.7,34.5,33.9,33.7,33.7,34.8,34.2,33.2,33.4,32.8,33.0,33.2,33.4,33.4,33.9,33.0,32.6,33.2,33.2,33.3,32.4,33.5,33.5,33.8,34.3,35.3,34.8,34.2,33.1,34.5,34.9,34.0,33.6,33.8,34.8,32.8,34.2,34.5,34.9,33.9,32.4,33.7,33.6,32.8,33.0,33.5,33.9,33.4,33.9,33.4,33.1,32.8,33.8,34.0,33.8,33.5,33.9,34.9,34.4,34.8,32.8,33.7,33.6,33.0,33.8,34.5,34.5,33.4,35.0,33.3,33.5,33.3,33.2,34.0,34.7,32.3,33.6,33.6,33.6,33.4,33.0,33.5,34.2,33.8,33.8,33.2,34.4,33.5,34.5,34.8,34.8,33.6,34.2,34.2,35.1,33.1,33.1,34.2,35.1,33.2,34.2,35.1,34.0,33.9,33.3,33.7,33.8,33.4,34.1,33.9,34.9,32.2,33.7,33.5,33.4,34.4,33.9,33.4,34.4,33.5,34.4,35.4,34.4,33.3,33.2,34.3,34.9,32.4,34.3,35.0,33.9,33.2,33.1,34.0,34.1,34.2,33.3,33.8,34.0,33.6,32.7,33.1,33.8,32.7,nan,33.8,34.6,34.0,33.1,34.1,33.0,34.1,34.1,35.5,34.3,33.8,34.2,33.7,34.3,34.0,33.6,33.8,35.2,33.5,34.6,33.9,34.2,33.3,34.6,34.1,34.5,34.0,34.7,34.0,34.0,32.3,32.6,33.2,33.7,32.7,33.4,33.2,33.7,34.0,34.3,34.7,34.5,32.9,34.2,35.6,34.6,33.1,33.9,33.2,34.7,34.5,34.0,34.5,34.3,33.7,33.4,34.2,33.9,33.8,33.6,33.6,33.7,33.4,32.9,33.3,33.8,33.5,33.4,33.3,33.7,33.8,34.6,34.6,34.8,34.3,33.7,34.0,34.8,32.8,34.0,34.5,34.2,33.5,34.2,34.1,35.3,34.8,33.0,34.7,34.7,33.1,34.1,32.4,34.0,33.3,34.2,34.8,34.0,33.1,33.4,33.6,34.2,33.0,34.6,35.2,35.2,33.4,34.5,34.5,34.2,34.1,34.4,34.3,34.5,33.9,32.9,34.4,34.1,33.9,33.8,34.3,34.1,32.9,32.9,33.8,32.8,33.3,33.5,35.0,33.5,34.8,32.6,33.8,33.7,34.1,34.3,35.0,35.0,34.4,34.4,35.1,34.8,34.3,34.3,34.6,35.2,33.6,34.8,34.3,35.4,34.0,33.8,33.7,34.4,32.1,34.0,34.0,34.4,32.6,32.9,34.2,33.8,33.1,33.7,33.1,35.4,34.5,34.4,34.7,34.1,34.1,32.6,35.0,33.7,33.0,34.2,34.6,36.0,33.8,34.7,35.3,33.3,33.9,33.4,34.3,34.0,33.8,33.6,34.4,33.7,33.2,33.2,33.7,33.5,33.0,32.8,33.7,33.7,33.5,34.0,34.0,34.5,34.0,33.4,34.6,34.7,33.6,33.4,35.2,36.2
1785306208.9115212,1848,33.2,32.8,32.8,34.0,32.4,32.4,32.8,32.0,32.1,32.6,32.7,32.5,34.5,32.8,34.1,32.8,32.8,31.4,33.9,33.4,33.0,32.7,32.7,32.9,32.8,32.4,32.9,33.3,34.1,33.7,33.5,33.3,33.0,33.2,33.7,33.0,33.0,32.5,32.8,33.4,32.3,32.4,32.7,33.9,32.4,32.8,33.6,32.8,32.4,33.0,33.9,33.2,33.4,33.3,32.6,32.6,32.7,32.8,32.9,33.3,33.5,33.1,34.2,33.5,32.4,34.1,33.7,33.1,32.0,32.2,32.8,32.6,32.9,33.3,31.5,32.5,32.4,32.9,32.8,32.8,32.8,32.6,32.9,33.9,32.5,33.5,33.2,31.8,33.4,32.8,33.4,34.1,34.6,32.6,33.8,33.6,32.8,33.5,34.3,33.2,32.1,32.6,34.1,33.3,33.6,31.8,33.3,33.1,32.3,32.4,32.5,32.6,32.6,32.6,32.4,33.6,33.1,33.8,34.7,33.4,33.3,32.8,33.1,33.2,33.8,33.7,33.2,35.3,32.4,32.3,32.9,33.4,31.7,32.8,33.3,33.1,32.4,33.4,32.9,33.0,32.7,32.8,33.5,32.8,32.8,32.0,33.4,33.8,33.3,33.3,36.1,34.6,33.3,32.8,32.9,32.3,33.9,33.5,34.4,33.2,32.4,33.6,33.2,32.5,33.1,33.5,33.3,33.1,33.1,32.3,33.6,33.3,33.1,32.8,34.3,32.7,33.2,31.9,33.0,33.7,33.5,35.2,35.1,35.2,33.0,32.8,33.6,31.8,33.4,33.4,32.7,33.8,33.2,33.1,33.5,33.6,32.2,32.2,33.4,33.8,33.7,33.2,34.0,33.4,33.0,32.8,33.0,33.2,32.8,33.1,33.1,33.1,33.2,33.3,34.3,33.6,32.9,33.2,34.0,32.9,33.6,33.2,32.8,33.5,31.9,32.4,32.6,32.5,32.5,32.5,34.4,32.7,33.1,33.1,33.4,32.9,33.2,32.9,32.9,33.4,32.8,32.8,33.9,33.0,33.4,33.4,34.5,33.5,33.7,33.4,34.0,33.6,33.1,33.5,33.1,34.0,32.6,33.5,33.4,33.6,32.4,32.6,33.5,32.4,32.6,32.2,33.1,33.3,32.7,32.9,33.1,33.2,32.3,33.1,32.8,33.2,33.4,33.9,34.7,33.7,33.1,33.5,32.9,33.6,33.3,33.3,34.5,32.7,32.3,33.0,32.5,32.4,33.5,33.3,32.5,33.6,33.5,33.2,32.8,32.9,32.6,33.0,33.9,32.8,32.8,33.6,32.7,34.0,33.1,33.6,34.8,34.6,33.7,33.0,33.2,33.5,32.8,34.5,32.3,33.7,32.5,33.1,33.9,33.4,33.6,32.7,33.0,32.5,32.3,32.6,32.8,32.9,32.9,32.6,32.7,32.9,33.7,32.9,33.5,33.1,33.4,33.2,34.0,34.7,33.4,32.8,33.7,33.7,32.5,32.6,34.0,33.9,32.6,32.4,32.4,34.2,32.8,33.5,33.2,33.3,33.1,33.4,34.0,32.6,32.8,33.3,33.7,33.6,33.2,32.7,33.4,32.8,33.8,34.6,33.8,34.2,34.0,34.3,32.7,33.4,33.2,33.6,33.0,33.7,33.2,33.2,34.1,33.5,33.3,32.7,33.2,32.8,33.3,33.3,33.3,33.1,33.6,32.5,33.3,33.7,33.4,32.5,33.0,33.3,32.9,34.1,34.5,34.2,34.1,32.3,34.3,33.8,33.7,32.8,32.6,33.3,32.4,32.9,33.4,32.5,32.5,33.2,33.4,33.7,33.0,33.1,33.7,33.1,32.7,33.1,33.1,32.9,32.4,33.5,33.8,33.2,33.5,33.7,34.4,35.6,33.9,32.9,33.4,34.2,33.4,32.9,33.6,34.2,34.3,32.8,33.5,33.9,33.0,32.4,33.3,32.7,32.1,32.3,33.4,32.9,33.2,33.2,33.2,33.4,32.7,33.1,32.9,32.4,33.4,33.4,34.9,34.4,34.3,32.3,34.1,33.6,34.3,33.6,34.1,34.5,32.1,34.0,33.4,34.1,33.3,32.5,33.5,33.9,32.4,33.6,33.3,32.0,33.5,33.0,33.5,33.4,33.0,33.7,33.5,32.7,33.5,33.5,34.4,35.2,33.4,33.2,33.3,34.1,31.9,34.2,34.4,33.3,33.6,32.5,33.7,33.5,32.6,33.6,33.2,33.4,33.1,32.9,33.8,33.0,32.9,32.4,32.7,33.2,32.7,33.3,32.4,33.6,33.9,33.9,35.0,33.7,34.2,33.3,33.6,33.5,34.3,33.3,33.5,33.5,33.0,31.8,32.8,33.3,32.9,33.1,33.8,32.4,33.4,33.8,34.1,33.4,33.0,nan,33.4,33.5,32.5,33.2,32.0,33.5,33.5,34.3,34.9,34.0,32.6,33.7,33.8,34.1,33.3,33.8,33.8,34.2,32.4,32.9,33.7,34.1,32.9,33.1,32.4,34.1,33.5,33.3,33.5,33.5,32.7,32.0,33.4,33.5,33.6,32.2,33.5,33.1,33.2,34.1,35.0,34.3,33.6,33.1,33.2,34.7,33.8,33.7,34.4,33.9,33.4,32.7,34.0,33.9,32.9,33.3,34.1,34.3,32.9,33.8,33.4,33.6,31.9,32.9,32.8,33.3,32.5,33.0,33.3,33.7,33.8,34.0,33.7,34.5,33.2,34.2,33.4,33.7,32.2,33.0,33.9,34.8,33.3,33.5,33.3,34.1,33.1,32.0,33.9,33.9,32.9,32.5,32.4,33.6,33.3,32.2,33.8,33.7,32.7,32.8,34.1,33.5,33.0,34.2,34.5,34.0,32.9,33.4,33.5,33.2,33.5,33.2,34.8,33.5,33.4,34.0,34.1,33.9,32.7,32.6,33.5,33.0,33.2,33.4,33.8,34.3,32.8,33.0,33.4,33.3,33.3,32.5,32.9,34.0,33.1,33.6,34.1,33.8,33.9,33.9,33.9,34.8,34.1,34.3,33.1,33.9,32.9,34.1,33.6,34.5,32.0,32.7,34.1,33.8,32.7,33.6,33.4,33.1,33.1,32.7,33.6,34.7,32.9,32.4,33.2,33.6,33.3,32.9,34.7,34.5,34.7,33.2,34.4,33.3,33.6,33.7,33.9,34.6,33.9,34.0,34.8,33.5,32.8,32.8,34.1,33.0,33.3,34.7,33.3,33.8,32.8,33.7,34.0,32.2,32.6,32.3,32.7,33.7,33.2,33.7,33.9,34.4,34.5,34.5,34.0,34.1,32.9,34.0,33.6,36.0
1785306210.9633873,1849,35.4,32.8,33.8,34.3,33.5,32.9,33.0,32.9,33.8,32.6,33.2,33.3,32.4,33.6,33.5,33.9,33.2,33.2,33.3,33.2,34.1,32.3,33.6,33.1,33.0,33.5,33.1,33.1,32.9,33.9,33.5,32.8,33.6,33.5,34.2,33.2,33.0,33.6,32.9,33.4,33.5,33.7,33.9,32.6,31.5,32.9,33.4,33.1,34.0,33.3,33.6,33.3,32.9,32.9,33.8,32.8,33.9,34.2,33.8,33.7,34.6,34.5,33.7,34.0,33.1,33.4,33.7,32.8,32.8,32.4,33.5,32.8,33.5,32.4,32.6,32.9,33.6,33.3,32.9,32.4,32.6,32.5,32.6,33.5,33.1,33.2,34.1,32.8,33.9,32.8,33.6,34.1,33.5,33.0,32.6,33.4,33.3,32.5,34.7,33.4,33.1,32.6,32.3,33.3,32.5,33.4,33.5,33.1,33.0,33.0,33.5,32.2,32.8,33.1,34.3,32.7,32.7,33.2,34.7,34.1,33.1,33.5,33.3,33.9,33.6,34.3,34.2,35.3,32.3,33.5,32.3,33.7,32.9,32.6,32.9,32.9,33.4,32.6,32.7,33.0,33.2,32.9,32.7,33.3,32.9,33.3,33.5,32.4,33.4,34.5,35.2,34.3,33.9,33.2,33.3,33.3,33.5,33.9,34.1,35.4,33.2,32.7,33.7,33.8,33.3,34.3,33.2,33.4,33.2,33.7,33.6,33.4,33.8,32.6,32.6,32.7,33.4,33.3,33.1,33.5,32.5,34.0,35.6,33.8,33.0,33.2,33.2,33.5,32.6,33.4,33.6,33.3,34.0,32.5,33.7,33.6,32.9,33.2,33.2,33.6,33.5,33.2,33.0,33.4,33.1,32.5,33.3,33.0,32.9,33.4,32.8,33.6,33.7,34.2,34.3,34.0,33.6,33.6,34.0,33.3,32.8,34.0,34.4,33.3,33.5,33.5,34.2,34.3,33.8,33.6,33.7,33.0,33.1,33.4,32.9,33.8,32.8,33.5,32.9,32.9,33.3,32.1,33.2,33.8,33.3,33.5,34.2,34.7,34.5,33.9,34.0,33.1,33.7,33.5,33.5,34.0,32.8,32.5,32.7,33.0,33.4,32.8,33.7,33.5,33.3,33.6,33.9,33.4,33.0,33.1,33.2,33.5,34.5,33.6,32.7,32.9,33.0,34.5,33.5,33.8,32.9,33.7,33.1,33.6,33.5,33.1,33.9,34.6,33.4,33.6,32.3,34.3,33.7,32.4,33.1,34.5,33.7,33.3,32.8,34.0,33.1,33.6,33.1,33.6,33.9,33.3,33.6,33.5,33.1,33.3,33.9,33.6,33.2,33.4,33.8,34.4,33.2,33.2,32.7,33.7,33.7,31.5,33.7,33.2,33.7,33.3,32.4,33.7,33.6,33.5,32.4,33.4,33.2,32.8,33.8,32.9,33.7,33.6,33.8,33.9,33.3,34.5,34.5,34.2,33.4,33.5,33.5,34.0,32.8,33.2,34.5,34.1,32.6,33.0,33.4,32.8,33.7,32.8,32.7,34.5,32.6,33.3,33.9,33.1,33.5,33.3,33.7,33.6,33.8,33.6,33.4,33.3,33.8,34.0,34.7,33.9,34.2,33.2,33.8,33.5,34.0,33.6,33.4,33.3,33.4,33.6,34.5,33.7,34.0,33.3,32.5,32.7,34.0,33.2,33.5,33.3,33.9,33.3,33.2,34.1,33.3,32.6,34.3,33.6,33.9,34.9,34.2,34.4,34.6,33.9,34.4,33.4,33.9,32.6,32.5,34.1,33.7,33.7,33.6,34.2,33.2,33.4,34.0,33.0,33.2,33.2,33.2,33.1,33.2,33.4,32.8,33.7,33.2,33.5,33.5,33.2,33.6,33.5,34.1,34.1,33.5,34.1,33.6,33.1,33.8,32.7,33.4,33.0,33.8,32.8,33.7,34.1,33.0,34.0,33.5,33.2,33.1,33.8,33.4,34.4,33.7,33.7,34.0,32.8,34.1,33.1,32.7,32.8,33.5,33.9,34.2,33.9,34.3,33.7,33.5,33.2,33.9,34.1,33.3,33.3,34.4,34.2,34.0,33.1,32.1,33.2,34.0,34.4,32.9,33.2,33.4,33.1,33.3,34.1,33.6,33.4,32.2,33.0,33.7,33.7,33.9,34.3,34.4,34.5,34.2,34.6,33.5,34.4,34.3,33.8,33.8,34.6,33.4,33.2,33.7,33.0,33.1,34.0,33.5,33.6,33.9,33.1,33.5,33.8,32.7,33.7,33.0,33.6,33.1,33.1,32.7,33.2,33.8,34.2,35.0,34.9,34.2,33.7,33.2,33.1,33.7,34.1,33.9,33.7,33.4,33.5,34.2,33.5,33.8,33.6,33.5,32.7,32.7,32.7,32.1,33.9,32.7,nan,33.8,32.8,32.4,33.0,33.8,33.7,33.3,34.4,33.7,34.0,33.9,34.2,33.8,34.1,33.3,33.4,34.4,33.8,33.7,33.8,34.1,33.7,33.9,33.1,33.0,34.3,34.3,32.6,33.8,33.3,32.9,33.4,33.7,33.7,33.5,32.2,33.0,33.7,33.0,34.7,34.6,34.0,33.8,33.1,33.5,34.4,33.8,32.9,34.0,34.1,32.8,34.0,33.6,33.7,33.1,33.4,34.2,32.6,32.7,33.2,33.6,33.4,33.0,33.3,33.5,33.1,32.7,33.5,32.7,34.0,33.8,35.0,33.8,33.9,33.7,33.1,34.4,34.0,34.0,34.5,33.9,34.4,33.7,34.2,33.9,34.5,33.9,33.2,33.9,33.4,33.3,32.5,33.6,33.5,34.0,33.0,33.8,33.7,33.4,33.0,33.1,33.5,34.3,34.2,34.0,34.2,33.6,32.7,33.7,33.8,33.5,34.0,33.7,34.6,34.3,33.5,34.5,33.9,32.5,33.6,33.3,33.5,33.2,33.8,33.6,33.4,33.1,34.6,34.1,33.5,33.5,33.6,33.8,33.1,33.8,35.3,34.4,33.9,33.7,34.8,33.6,33.8,33.5,34.3,34.4,34.5,33.6,33.9,33.4,34.3,33.8,33.1,32.7,33.1,33.2,33.4,33.4,34.0,33.8,33.8,33.6,33.3,32.4,33.5,33.8,33.8,34.0,33.5,34.9,33.9,35.0,34.9,34.8,33.7,34.6,32.7,33.9,34.6,34.2,33.6,34.2,34.2,33.9,34.2,33.5,33.9,33.6,33.0,33.8,34.0,33.1,33.3,33.5,32.9,32.8,33.2,33.5,33.9,32.9,33.5,33.6,35.3,33.6,34.3,34.6,33.1,33.8,34.0,34.5,34.4
1785306213.056899,1850,34.3,31.8,33.3,33.7,33.1,31.9,33.4,33.0,33.3,33.1,31.5,32.8,33.4,32.9,33.7,33.2,33.0,32.9,32.8,32.7,33.7,32.5,32.2,33.5,33.6,32.7,32.6,33.4,34.1,33.1,32.7,32.7,32.1,32.9,32.8,33.7,32.2,33.2,31.7,33.2,32.8,32.5,31.7,32.8,32.8,34.2,32.7,33.5,32.5,33.7,32.9,32.6,32.4,32.3,32.9,33.8,34.2,33.4,33.2,33.0,35.2,33.8,34.3,33.2,34.9,34.2,33.0,33.4,33.7,31.9,32.9,31.3,33.6,32.7,32.3,33.0,33.1,32.6,32.0,33.0,33.1,32.9,32.4,32.5,34.0,34.3,33.0,33.0,33.9,34.0,32.0,32.8,34.2,33.8,33.1,34.9,33.7,34.2,34.1,32.5,32.2,33.2,32.4,33.5,33.7,34.5,32.1,33.5,32.6,32.7,33.1,33.4,33.5,32.9,33.5,32.9,33.5,32.9,33.6,32.1,33.3,33.9,33.5,34.1,32.9,33.9,33.8,34.6,33.0,32.7,32.2,33.3,33.9,32.9,32.1,33.0,32.5,32.3,33.2,33.4,32.7,32.0,32.8,33.0,33.8,32.2,32.7,33.2,33.7,33.5,34.4,33.6,33.3,32.3,33.3,34.5,33.1,34.0,33.7,33.5,33.3,32.7,33.6,33.6,33.6,32.9,33.0,32.5,32.6,32.7,32.6,33.2,31.9,33.3,33.2,33.2,32.8,32.8,32.5,33.3,33.6,34.1,33.9,34.8,32.9,33.9,33.5,33.3,33.9,33.6,33.2,33.3,33.8,33.0,32.7,32.6,32.7,33.4,33.4,32.8,33.8,33.0,32.8,33.0,33.0,33.0,32.3,32.9,32.6,33.0,33.5,32.6,34.5,33.9,33.4,33.8,33.5,33.1,33.2,32.4,33.8,33.3,33.8,34.3,33.8,33.0,33.3,33.7,33.3,32.7,33.0,33.6,33.0,33.1,32.6,33.3,32.1,33.4,32.3,33.1,32.9,33.3,32.6,33.1,33.0,32.9,34.9,33.8,33.2,34.0,33.4,33.4,34.1,33.3,33.6,33.8,32.8,32.8,34.1,33.9,32.4,32.3,33.7,33.8,33.1,32.6,32.6,33.6,32.7,32.6,32.7,33.2,33.4,33.1,32.8,32.8,33.8,33.7,33.7,34.2,33.7,33.4,33.6,33.6,34.2,34.0,33.1,33.0,32.9,33.6,32.6,32.8,33.2,32.6,32.4,34.5,33.1,33.1,32.4,33.0,33.5,32.0,32.6,33.1,32.5,33.1,32.8,33.8,33.5,34.7,33.4,33.9,32.9,34.0,33.7,33.3,32.5,33.4,33.2,33.3,34.3,32.8,34.1,34.9,33.2,33.2,32.4,33.3,32.8,33.0,33.1,32.8,33.4,32.8,33.0,33.3,33.9,32.2,32.4,33.1,33.6,33.7,34.1,34.4,34.6,33.1,32.6,32.8,32.6,32.9,33.3,33.7,33.1,33.4,32.9,33.9,33.0,33.5,33.5,33.6,32.8,33.2,32.9,33.8,33.0,32.2,33.4,33.3,32.7,33.8,33.8,33.6,33.7,34.6,34.6,33.4,33.1,33.7,32.8,33.4,33.5,33.2,33.9,33.1,33.2,33.5,32.3,33.6,33.8,32.6,32.0,32.7,33.1,33.0,32.3,33.0,34.0,33.0,33.2,32.8,32.9,32.5,33.2,32.8,33.9,33.2,34.3,34.4,33.5,33.4,33.7,33.0,34.4,33.6,33.7,33.8,33.8,33.9,33.9,32.2,33.3,33.7,32.5,32.8,33.3,33.2,33.4,33.6,33.2,33.2,33.0,33.5,33.2,33.7,33.2,33.3,33.7,34.0,35.1,34.3,34.1,33.7,34.0,34.2,33.5,33.4,34.1,33.8,32.5,34.1,33.9,32.8,33.2,32.7,33.7,33.6,32.8,33.9,32.9,33.6,33.5,33.1,32.6,33.0,33.6,33.8,32.8,33.6,33.8,33.3,34.0,34.1,34.2,33.7,33.9,33.3,33.9,33.1,33.9,33.6,33.2,33.6,33.7,33.3,32.7,33.0,33.6,33.5,32.5,33.2,33.6,32.8,32.9,33.2,33.0,32.7,31.3,32.2,33.9,33.5,34.5,34.0,34.0,34.0,33.6,33.7,33.3,33.3,33.3,34.0,34.5,33.2,34.0,32.2,32.1,33.6,34.6,33.3,33.2,33.6,34.4,33.0,32.8,33.1,33.0,32.6,32.7,32.8,33.2,32.2,33.0,33.4,34.0,33.9,34.3,33.7,33.8,33.9,33.4,33.5,35.4,32.8,33.1,32.8,33.1,33.3,31.7,34.0,33.3,33.0,33.0,33.3,33.3,33.6,32.5,32.7,33.1,nan,32.8,32.3,33.2,33.7,32.7,33.2,33.3,34.9,33.1,34.3,33.6,33.4,33.9,33.4,32.6,34.5,34.1,33.6,34.1,33.5,33.3,33.4,33.3,33.0,32.6,33.8,33.6,34.0,32.9,33.7,32.6,31.9,33.2,33.3,33.9,33.1,33.3,33.1,33.9,34.1,33.3,34.7,34.0,33.3,33.3,33.7,34.0,33.4,34.0,33.6,34.2,33.6,33.7,33.7,33.2,33.6,34.0,33.9,32.8,33.2,33.7,32.9,32.4,33.8,32.9,34.3,33.1,33.7,33.2,34.0,33.4,34.1,33.5,34.1,32.9,33.3,33.1,33.3,34.2,34.1,33.8,34.1,34.8,33.6,33.3,34.0,32.7,32.3,32.0,33.1,33.1,33.3,32.6,33.3,33.8,33.8,33.1,33.2,33.4,32.7,33.3,33.1,34.5,33.8,34.3,33.1,32.9,33.8,33.5,34.0,34.8,33.9,32.8,33.7,34.6,33.3,33.6,34.5,33.3,33.6,33.0,33.9,33.2,33.7,33.5,33.2,33.2,34.0,33.0,32.8,33.5,33.3,33.8,33.1,33.1,34.3,33.6,34.6,33.6,33.5,34.2,34.0,34.2,33.5,34.3,34.5,34.3,33.1,33.2,34.1,34.2,32.4,34.0,34.1,33.4,32.5,33.0,33.7,32.3,33.1,33.8,33.4,33.6,31.8,33.4,33.3,34.7,34.6,34.5,34.3,34.8,33.8,34.4,33.2,34.6,33.8,33.2,35.2,32.2,33.5,35.1,33.5,33.1,33.8,33.6,34.3,33.2,33.7,34.8,33.3,33.4,32.8,33.5,33.5,32.3,33.3,33.2,33.5,33.8,33.3,33.1,34.5,33.8,34.3,34.1,33.1,32.8,34.4,35.0,34.8
1785306215.1494417,1851,33.5,35.5,33.3,32.8,34.0,33.6,34.3,32.2,34.1,33.4,33.0,32.7,33.7,33.4,33.1,32.4,32.8,33.9,33.5,33.0,33.0,34.0,32.8,32.5,33.0,34.1,32.4,33.3,33.2,33.5,33.4,33.3,34.6,34.3,32.7,34.2,35.2,33.4,31.6,32.3,33.9,32.9,32.9,33.1,33.1,33.1,32.1,32.9,33.3,33.1,33.4,32.4,33.4,31.8,32.6,33.2,33.1,33.4,33.3,34.1,34.4,32.4,32.7,34.2,33.9,33.9,33.0,32.8,33.0,33.3,32.9,32.8,33.3,33.7,33.0,33.2,33.3,33.1,32.6,32.2,32.8,33.2,33.3,33.2,33.1,33.2,33.4,33.1,33.1,33.2,33.8,33.5,33.7,33.4,34.5,32.9,34.5,33.4,32.7,33.4,34.2,32.6,33.5,33.9,34.0,33.2,32.9,33.3,33.0,33.0,32.3,32.7,33.8,32.9,33.2,32.9,33.9,33.6,33.1,33.9,34.0,33.7,32.5,35.1,34.1,33.3,33.2,34.1,33.0,35.1,32.9,33.2,33.1,33.0,34.2,32.7,32.9,33.8,32.9,32.3,33.7,33.8,33.0,32.9,32.4,33.3,32.8,32.8,33.9,34.4,35.6,33.0,33.7,33.5,33.3,33.2,33.7,32.9,33.9,32.7,33.2,32.9,33.0,34.6,33.5,34.7,32.2,33.2,33.8,33.7,33.4,32.9,33.1,33.0,33.5,33.3,33.7,32.8,32.3,33.7,34.2,34.6,33.9,33.6,34.6,33.5,32.4,33.5,33.6,34.0,33.1,34.8,32.7,34.0,33.3,33.1,32.1,33.3,34.1,33.1,33.5,33.5,33.0,33.1,32.3,33.6,33.5,33.2,33.2,32.7,33.4,32.9,33.8,34.5,32.9,34.1,33.2,34.1,33.4,32.7,33.8,34.4,34.4,33.3,33.5,33.3,32.6,33.7,33.8,33.6,32.6,32.3,33.4,33.2,32.4,32.3,34.0,33.5,31.9,33.2,33.7,32.3,32.7,33.7,34.1,33.0,33.3,34.7,34.0,33.5,32.4,33.8,35.5,33.5,33.5,34.8,33.0,33.5,33.5,33.2,33.2,33.5,33.1,32.6,32.6,33.5,34.1,33.4,33.7,33.4,33.4,33.2,33.2,34.0,33.0,33.0,33.3,34.2,34.3,33.5,33.4,33.8,33.5,32.7,32.9,33.5,34.3,32.9,33.8,32.5,33.1,34.3,34.8,32.4,32.7,33.2,33.4,33.1,33.3,33.4,32.9,33.6,32.3,32.9,33.6,33.4,33.5,33.6,34.7,34.1,33.7,34.1,34.0,33.7,33.1,33.5,34.2,32.2,33.1,33.7,33.9,34.4,33.1,33.8,33.7,33.5,33.5,33.0,33.9,34.1,33.4,33.4,33.5,33.9,33.0,33.3,33.9,34.5,32.7,33.3,33.7,34.5,34.4,33.8,34.2,35.0,32.8,33.0,33.2,33.7,33.7,32.6,33.2,33.4,32.8,33.6,34.9,33.0,32.9,33.6,33.9,33.0,32.5,33.1,33.0,33.3,32.4,33.3,33.6,34.1,32.9,33.8,33.3,33.6,33.7,34.7,36.2,34.2,33.4,34.2,33.8,32.5,33.8,33.9,32.7,34.4,33.9,34.1,33.7,34.0,33.7,33.2,33.8,34.1,32.9,33.1,33.2,33.7,32.6,32.9,33.4,33.3,34.1,33.3,33.4,34.4,34.5,34.2,35.1,33.5,34.2,33.4,33.5,34.1,33.7,33.5,33.7,32.4,33.0,33.6,34.3,32.8,32.9,33.3,34.7,33.2,32.5,33.1,33.0,32.7,32.2,34.5,33.6,33.5,31.8,32.7,34.4,33.8,33.4,34.3,34.9,33.9,32.7,33.5,33.2,33.4,33.6,34.5,34.2,34.4,34.1,34.1,34.1,33.5,34.2,33.9,33.4,32.6,33.5,33.0,33.7,34.0,34.0,33.4,32.8,34.0,33.8,32.8,33.7,34.0,34.7,34.0,34.1,34.7,33.7,33.4,34.4,33.2,32.9,33.1,34.6,32.9,32.7,33.9,34.0,33.0,33.8,33.3,32.7,33.2,32.8,33.3,34.1,33.2,32.6,33.5,33.8,33.7,33.2,33.7,33.8,33.8,33.7,34.3,35.7,33.5,33.4,34.4,34.1,32.3,32.8,33.2,32.5,33.4,34.3,34.5,33.7,33.8,33.2,33.4,33.8,32.9,33.2,32.7,33.7,33.9,33.2,33.1,33.0,33.6,33.7,33.4,34.3,34.5,34.7,34.2,35.7,33.8,33.3,33.1,35.5,34.3,34.5,33.7,34.4,33.9,33.2,33.8,34.6,32.7,33.1,32.9,33.2,32.7,32.6,33.9,33.5,nan,32.6,33.6,33.5,33.5,33.4,33.8,33.8,34.6,33.4,34.6,35.4,33.7,32.9,34.6,34.9,33.9,33.0,34.2,34.9,34.2,33.9,32.7,34.0,33.3,33.5,34.1,34.5,33.6,33.6,33.8,33.4,32.9,33.0,33.0,33.4,33.4,34.0,32.6,33.8,34.7,34.3,34.5,34.6,34.0,33.3,33.6,34.2,33.9,34.0,34.1,34.9,34.6,33.4,33.3,33.5,33.6,33.4,34.2,34.1,33.6,32.6,34.4,34.3,32.7,32.3,33.6,34.6,33.5,33.3,34.0,34.0,34.6,34.1,34.1,33.9,34.0,32.9,34.0,33.8,33.9,34.9,33.9,34.6,34.2,33.7,34.3,33.6,34.7,33.0,33.4,33.4,33.4,34.0,33.4,33.1,34.4,33.8,33.7,33.7,33.3,33.1,33.0,33.8,34.5,34.8,33.8,34.0,34.1,34.0,34.3,34.2,34.4,33.9,33.3,35.0,34.0,33.3,34.9,34.6,32.8,32.8,33.7,34.1,34.1,33.3,34.0,34.1,34.0,33.3,33.8,33.5,33.6,33.1,33.7,35.0,33.8,35.0,33.7,34.4,34.4,33.0,35.2,33.9,34.3,33.8,34.5,33.4,33.9,34.9,34.3,34.4,33.7,33.3,34.0,33.2,34.1,33.9,34.2,33.6,34.1,33.8,33.1,33.9,32.9,33.7,33.3,33.4,33.8,33.9,33.9,34.3,35.0,34.0,32.5,33.3,33.7,34.1,33.5,34.2,33.3,32.8,34.8,33.2,32.6,33.0,33.7,33.8,33.0,32.9,33.5,33.8,33.5,33.8,32.9,32.9,33.3,32.2,33.5,34.1,33.3,33.9,34.0,34.7,33.5,33.4,34.3,34.0,34.8,35.1,36.2
1785306217.415289,1852,33.9,32.4,33.2,32.9,34.3,31.9,32.4,33.6,32.6,32.9,32.4,34.3,33.1,32.7,33.0,34.0,33.3,33.1,33.0,33.5,32.9,31.8,33.1,32.5,32.7,32.7,31.6,33.4,32.8,33.6,33.1,34.0,33.2,32.9,33.3,34.6,32.2,33.1,32.3,32.4,33.2,32.8,33.4,33.1,32.8,33.0,33.1,32.1,33.0,32.3,33.3,32.9,32.8,32.8,32.9,33.1,32.6,32.7,33.9,32.5,33.0,33.5,33.4,32.9,33.8,33.3,33.1,33.6,33.4,33.4,33.4,33.3,32.6,33.0,33.1,32.9,33.0,32.8,31.9,33.9,33.4,33.2,32.6,32.7,32.5,32.5,33.7,33.0,33.6,33.3,32.9,33.4,33.8,32.7,33.5,33.7,32.2,32.9,32.8,33.3,33.0,32.7,33.6,32.8,34.0,32.2,32.8,32.5,33.4,32.8,32.9,32.6,32.5,33.0,32.9,31.4,33.0,32.8,32.3,34.0,32.2,32.8,32.9,33.8,32.9,33.0,33.1,34.0,34.1,32.4,31.9,32.9,32.8,32.3,31.4,31.8,33.0,33.0,32.6,32.7,32.8,33.0,32.9,33.1,33.2,32.5,32.9,33.3,33.3,32.8,32.8,32.9,33.9,33.2,32.0,33.7,34.0,31.7,32.9,33.5,33.5,32.8,32.0,32.2,33.0,32.3,33.2,32.9,32.8,32.6,33.4,32.4,33.4,32.2,33.5,32.6,32.9,32.4,32.5,33.1,33.6,34.7,34.1,33.2,32.4,32.9,33.2,33.4,32.5,33.1,32.4,32.6,32.8,32.8,33.2,33.2,33.0,33.0,32.8,33.9,32.7,32.7,32.4,32.8,33.0,32.8,31.9,33.5,33.3,33.1,32.4,32.6,33.9,34.9,34.3,34.2,33.3,32.4,34.2,33.0,33.7,32.9,33.7,34.3,32.9,33.6,33.3,33.0,33.1,33.5,33.0,32.6,33.1,32.6,33.1,33.2,32.3,32.6,33.4,33.0,32.8,32.0,33.6,33.8,33.6,35.1,34.9,34.7,31.6,32.7,33.0,33.1,33.0,33.2,33.4,33.9,32.3,32.5,32.2,34.3,33.3,32.3,33.4,33.4,33.2,32.6,33.0,32.8,32.9,33.3,32.0,33.4,32.9,32.6,32.4,32.9,32.4,33.6,34.7,33.9,33.3,32.3,33.2,33.6,33.0,32.4,33.6,33.6,32.9,32.4,32.4,32.9,32.8,33.5,33.1,32.6,32.8,32.5,33.7,32.9,33.5,32.7,32.3,33.2,33.1,33.5,33.4,33.4,33.3,33.8,33.7,33.6,32.9,33.3,34.2,34.1,33.0,34.0,34.0,33.4,33.2,33.4,33.4,34.5,32.5,33.0,32.5,33.4,33.0,32.7,32.6,33.9,33.6,33.0,32.4,32.8,33.6,33.3,33.6,33.5,33.8,32.9,34.2,34.1,33.0,33.4,32.9,33.4,34.0,32.1,32.8,33.7,33.5,32.5,32.4,33.3,32.8,33.6,32.9,33.4,33.3,33.1,33.4,33.2,33.0,32.9,33.1,33.4,32.9,33.0,32.8,33.2,32.9,33.7,33.1,34.0,34.4,34.1,34.2,32.5,32.4,33.3,33.3,34.0,33.7,33.2,34.0,33.7,33.0,33.3,32.4,33.9,33.0,32.0,32.3,33.4,33.6,32.8,32.8,33.5,33.6,32.8,34.2,33.6,34.6,34.3,33.9,35.1,34.5,33.4,34.0,33.5,34.2,32.7,33.0,33.2,33.1,32.1,33.1,32.1,33.8,33.1,34.2,33.0,33.6,32.1,32.9,33.0,33.4,33.1,33.7,33.9,33.2,32.9,33.3,33.2,33.0,34.0,34.8,34.3,34.2,33.3,34.0,32.7,33.3,32.2,32.7,33.9,32.4,32.6,33.0,33.6,32.9,32.8,33.2,33.2,32.9,32.4,33.4,33.6,33.4,33.0,33.8,32.8,32.9,33.4,33.7,33.3,33.7,34.2,34.4,33.9,34.6,33.7,34.0,33.8,33.8,33.3,33.6,33.8,33.0,33.3,33.9,33.2,33.6,33.5,33.4,33.4,33.6,32.9,33.3,33.3,33.7,32.9,33.2,32.8,33.7,33.2,33.3,33.1,34.3,33.7,32.8,33.5,33.6,34.0,33.3,34.0,33.1,33.5,33.1,33.5,32.7,33.2,33.0,33.0,32.8,32.2,31.8,32.9,33.7,32.5,33.1,33.7,33.2,32.8,33.1,33.4,32.3,32.6,32.5,33.1,34.4,33.8,34.6,34.4,34.7,34.0,34.1,34.2,33.6,32.1,32.4,33.4,33.1,32.9,33.1,33.4,33.1,33.3,33.2,33.4,33.1,32.6,33.8,32.6,32.9,nan,33.6,32.7,32.4,33.4,33.2,33.2,34.2,34.5,33.6,34.9,34.3,33.6,34.6,33.8,33.9,34.2,33.7,34.1,33.1,33.9,33.6,34.2,33.0,33.3,32.7,34.3,33.2,32.1,33.4,32.8,33.5,32.6,32.3,32.2,33.3,33.6,33.6,33.1,34.1,34.9,33.5,35.4,34.0,33.8,33.4,33.5,33.2,33.2,34.5,33.5,33.3,32.6,33.5,34.4,33.2,33.3,33.3,34.0,33.5,32.8,33.7,32.8,32.3,33.2,32.7,33.3,34.2,33.6,32.5,33.4,34.0,34.5,34.0,35.0,33.8,34.1,33.9,33.6,33.4,34.0,34.8,33.0,34.7,32.5,32.6,33.7,33.4,33.1,32.3,33.8,33.0,33.1,33.5,33.3,32.3,33.4,33.5,32.9,33.6,32.7,33.3,33.9,33.9,33.6,33.9,33.5,34.6,33.5,33.6,34.2,33.8,33.7,34.0,34.7,34.6,33.2,33.2,34.0,32.5,33.1,32.8,32.7,32.4,33.6,33.7,33.1,33.2,33.9,34.2,33.9,33.8,33.2,33.8,33.6,33.3,34.0,34.7,33.8,32.8,33.9,33.6,33.4,33.2,34.2,34.9,34.4,34.2,33.5,32.8,35.2,33.7,32.6,33.4,33.9,33.1,33.6,33.5,33.5,34.0,32.6,33.5,33.7,34.0,32.5,33.1,32.4,33.3,33.5,34.7,34.3,34.0,33.0,34.7,33.8,34.3,33.0,34.2,34.5,33.6,32.8,33.8,34.3,33.1,33.3,34.2,33.6,32.8,33.3,32.6,33.7,33.7,33.6,33.7,32.7,33.0,32.5,33.3,33.8,33.5,33.2,33.2,33.5,33.8,33.8,33.1,33.4,32.4,34.3,34.8,35.0
1785306219.7749777,1853,33.7,32.5,34.3,34.5,33.5,33.3,32.5,33.3,33.3,32.8,32.2,33.4,33.3,32.2,32.9,33.9,33.5,33.2,32.4,32.8,33.0,32.1,32.6,33.4,32.6,32.8,32.2,34.0,33.6,32.0,32.7,33.3,32.5,32.7,32.4,33.4,32.5,32.7,32.4,32.9,32.1,33.3,32.7,33.3,32.5,33.1,32.3,32.3,32.9,32.8,33.0,32.6,32.7,32.5,33.3,33.2,32.7,32.1,32.9,33.2,33.9,34.2,33.5,34.5,32.6,33.8,32.0,33.0,33.2,33.0,33.3,33.4,33.2,32.0,31.9,32.3,31.4,32.5,32.7,33.8,32.4,33.5,32.7,32.1,33.6,31.7,33.2,33.3,33.1,33.4,33.4,32.8,32.9,33.4,33.3,34.3,34.5,33.4,33.1,32.9,33.3,33.4,32.9,32.3,33.2,33.8,33.4,32.2,32.1,32.3,32.5,33.0,33.6,33.4,32.9,32.9,32.4,33.2,33.1,33.3,33.4,32.3,33.4,32.9,33.8,33.7,33.0,33.4,33.7,33.7,34.2,33.8,33.3,33.8,33.4,32.7,33.2,33.1,32.9,32.8,32.3,32.7,33.3,33.2,33.2,32.9,32.5,33.4,34.6,33.9,33.6,33.9,32.1,33.3,33.1,33.8,32.9,33.3,34.3,34.7,33.6,32.0,33.0,32.9,33.5,33.9,32.4,32.6,33.0,32.8,32.7,33.0,33.3,33.1,33.4,32.7,32.3,32.3,33.1,33.3,34.3,34.8,33.7,33.2,33.9,32.6,33.2,33.7,33.7,34.0,33.5,32.9,32.7,32.9,33.5,33.5,33.3,33.0,33.0,33.1,32.4,32.4,32.8,33.6,33.0,32.1,33.1,32.6,32.9,33.5,32.8,33.2,35.1,35.4,33.6,34.1,33.0,33.2,33.6,33.1,33.0,33.8,33.2,33.7,33.7,33.5,34.0,34.1,32.5,33.4,32.4,32.6,33.7,33.4,33.1,34.2,33.0,33.2,34.0,32.4,32.8,32.4,32.6,33.1,34.4,34.2,33.0,33.1,33.6,32.8,33.3,33.6,33.2,32.7,33.7,33.6,33.0,32.4,33.3,33.4,32.2,32.2,32.9,33.3,32.2,33.5,32.2,32.9,32.9,32.6,32.9,33.3,33.0,31.8,32.6,33.2,34.1,33.8,34.1,33.6,33.6,32.9,32.9,33.7,33.2,33.5,33.2,33.5,33.4,32.5,32.9,33.1,33.1,32.7,34.1,34.1,34.0,33.3,33.4,33.8,33.6,31.8,33.2,32.8,33.1,32.3,32.6,33.3,34.5,33.4,34.1,33.6,33.7,33.7,33.4,34.0,33.5,32.0,33.1,32.6,33.3,32.3,33.0,33.4,33.5,34.0,32.7,33.7,33.1,33.9,32.6,33.5,33.5,32.4,33.2,32.7,33.5,33.6,33.3,33.2,33.7,34.0,33.9,33.5,33.0,32.5,32.8,32.9,33.5,33.0,33.7,33.6,33.0,33.0,34.1,33.3,33.5,32.8,33.4,32.9,33.4,33.0,33.7,33.1,32.8,32.5,33.4,33.1,33.8,33.1,33.6,33.4,34.1,34.2,33.3,33.7,34.0,33.5,33.4,33.3,33.2,32.7,34.6,32.9,33.8,32.7,32.9,32.7,32.7,33.1,33.2,33.7,33.1,32.3,32.8,33.3,32.2,33.5,32.9,33.6,32.6,33.7,33.0,33.3,34.5,33.6,34.3,34.2,34.4,34.5,34.0,34.3,33.1,33.4,33.5,34.3,33.2,33.2,34.0,33.2,32.8,32.1,32.6,33.1,33.8,33.5,32.7,33.6,32.5,33.5,33.1,32.7,32.8,33.3,33.1,34.3,34.6,34.4,34.4,33.6,33.7,33.4,33.0,33.1,33.7,32.8,33.0,33.7,33.4,33.6,33.9,33.5,32.6,33.6,33.5,33.3,32.8,33.3,33.5,33.3,33.2,32.9,33.0,33.4,32.9,33.2,34.0,34.8,34.0,34.0,35.0,34.5,34.0,33.5,33.5,33.7,33.9,33.4,34.1,34.3,34.0,32.5,33.6,33.3,32.4,33.4,33.6,33.1,32.7,32.5,33.1,33.7,33.8,32.0,33.4,33.5,33.8,32.7,34.0,34.6,33.6,34.0,34.7,34.6,33.2,35.1,33.2,33.7,33.4,33.6,34.8,33.6,33.4,33.3,32.7,34.1,32.7,32.1,32.3,33.4,32.4,33.6,33.5,33.0,32.7,33.0,33.7,33.5,32.9,34.7,34.3,33.9,33.2,33.2,33.1,33.6,33.6,34.3,33.0,34.2,33.1,32.4,33.9,33.5,33.2,33.0,33.2,33.2,34.2,33.8,33.1,32.5,33.4,34.1,31.9,33.4,33.2,nan,33.4,33.1,34.7,33.3,34.4,34.0,34.1,34.4,33.5,34.4,33.9,33.7,33.6,33.2,34.4,33.4,34.8,32.5,33.4,33.3,33.9,33.7,32.9,34.0,32.4,33.7,33.2,33.1,32.9,33.6,32.7,33.0,33.5,33.2,32.9,33.5,33.3,33.2,33.2,34.4,34.3,34.1,33.4,33.4,33.7,34.5,34.2,34.4,33.8,33.6,34.5,33.8,32.6,33.3,32.7,32.1,33.2,32.9,32.5,33.6,32.9,33.4,32.8,33.3,33.3,33.6,32.0,32.8,33.8,34.3,34.6,33.8,34.1,34.3,33.4,33.6,33.6,32.9,33.4,33.7,34.1,33.1,34.1,34.2,33.7,33.2,33.2,33.0,33.3,33.5,33.4,33.9,33.1,34.5,33.6,32.8,33.8,33.8,33.0,33.3,33.8,33.8,32.9,34.4,34.3,33.6,33.2,33.2,32.7,34.1,34.0,33.4,33.9,35.1,33.8,34.0,33.7,34.1,33.0,33.7,33.5,33.5,33.5,33.4,32.5,33.3,33.6,33.9,33.4,34.2,32.8,33.3,33.4,34.3,33.9,33.6,34.1,34.1,34.2,34.2,34.7,33.8,33.5,34.5,32.9,35.6,32.2,32.3,34.5,33.8,33.5,33.9,33.3,33.6,33.7,34.5,32.8,33.4,32.9,33.4,34.3,34.0,32.9,33.1,32.8,32.5,33.8,34.0,33.7,34.6,35.4,33.5,34.4,34.3,33.1,33.7,32.7,35.0,33.0,33.3,34.8,33.9,33.6,33.4,33.7,33.1,33.6,33.2,33.4,33.6,33.3,33.6,33.6,33.8,32.6,32.8,32.7,33.7,32.7,33.6,33.2,34.3,33.7,33.9,34.0,33.5,33.1,34.0,33.5,33.9
1785306221.6238623,1854,33.3,33.2,35.4,32.7,33.2,31.4,33.5,33.4,31.8,32.7,32.5,32.4,31.5,32.3,33.0,33.2,31.8,32.5,33.2,32.7,32.3,32.9,33.1,32.9,31.9,31.7,33.4,33.2,32.8,33.8,33.3,32.2,32.9,32.3,32.1,33.1,33.1,31.7,32.9,33.5,33.6,31.8,33.0,32.7,33.5,32.5,32.2,32.4,32.1,32.1,33.5,33.2,32.6,31.7,32.3,33.9,32.6,33.0,33.2,34.0,33.6,32.3,32.6,34.6,33.3,32.5,32.4,33.0,33.6,32.3,32.8,32.1,32.6,32.5,32.3,32.4,32.1,32.3,32.6,33.0,32.3,32.7,32.8,33.0,31.8,32.2,33.5,32.8,32.3,32.7,33.3,33.4,34.0,33.7,34.2,33.9,32.9,32.4,31.2,33.9,31.1,31.4,33.0,33.4,32.3,32.2,32.4,32.5,32.0,32.6,32.5,33.1,33.3,33.1,32.9,32.8,31.9,32.9,31.9,33.4,32.8,33.0,32.5,34.8,33.1,32.3,33.6,34.5,33.2,32.9,34.3,33.3,31.2,33.1,33.7,32.0,32.8,32.8,32.9,32.7,31.6,33.1,33.7,32.5,33.0,33.0,31.9,33.7,32.6,32.5,33.2,33.1,32.9,33.4,34.0,33.7,30.7,33.8,34.0,34.4,33.5,33.7,31.8,32.6,32.8,32.0,34.0,32.9,33.5,32.7,31.8,33.8,32.0,32.4,32.0,32.7,32.4,33.2,33.0,34.6,32.7,32.5,32.5,34.4,32.9,32.2,33.6,33.6,33.3,32.7,33.2,34.5,32.3,32.1,33.6,33.0,33.2,31.9,32.4,32.6,32.1,33.2,32.6,33.1,33.0,32.3,34.0,33.5,32.5,32.5,35.4,34.4,32.9,32.9,32.8,33.0,32.2,33.3,34.0,32.4,33.1,32.5,33.9,33.8,33.6,32.9,32.9,32.8,32.2,33.1,32.7,33.1,32.4,33.0,33.1,33.7,32.8,32.9,33.3,33.3,32.8,32.5,34.2,34.9,33.0,32.9,32.7,33.4,32.3,32.9,32.6,33.7,35.0,31.8,33.4,33.7,33.4,33.0,32.8,32.3,32.1,32.3,33.2,33.0,33.1,32.4,33.1,33.3,32.4,33.3,32.8,32.1,33.6,32.8,33.8,34.5,33.9,33.4,33.4,32.5,32.8,32.7,33.3,33.1,32.0,32.1,32.9,34.0,32.4,32.2,32.8,32.2,32.8,31.3,32.0,33.6,32.6,32.7,32.4,33.4,32.8,33.0,33.0,33.3,32.7,32.2,33.1,34.8,33.0,32.7,33.2,33.8,33.1,32.4,32.9,33.9,34.3,32.7,33.8,34.2,31.9,31.6,33.2,32.7,33.4,32.6,32.6,32.2,33.0,33.3,33.3,33.4,32.9,32.0,33.2,32.7,33.0,33.8,34.2,33.8,32.6,33.6,33.5,32.1,32.9,33.0,32.0,33.7,34.0,33.8,32.8,33.3,33.1,32.5,31.9,33.4,32.8,32.9,32.8,32.6,33.1,32.9,32.6,33.6,32.7,31.9,33.0,33.5,32.4,32.4,34.1,33.5,33.8,34.3,33.1,33.9,32.7,33.4,32.6,33.4,32.7,32.6,33.3,34.4,32.6,32.4,33.0,33.5,32.3,32.6,32.7,33.1,32.7,33.0,33.2,33.8,32.8,33.1,33.6,33.3,33.1,33.1,32.9,33.6,33.0,34.8,34.4,32.9,32.7,32.9,33.2,34.2,33.0,33.4,32.6,32.8,32.3,33.1,32.1,34.1,33.3,32.3,33.5,33.9,32.2,33.3,32.2,33.8,32.9,31.8,32.7,33.9,33.3,32.8,33.7,33.8,32.5,33.7,33.6,33.8,32.9,32.9,33.3,33.6,32.0,33.1,33.3,33.6,33.5,33.5,33.8,33.0,32.5,32.8,33.7,33.6,33.2,33.4,33.6,32.9,33.6,33.6,33.4,33.1,33.5,33.3,33.9,34.1,32.4,33.1,34.2,33.6,33.0,33.4,34.1,32.7,33.4,33.5,33.2,32.8,32.4,32.8,33.9,33.6,32.3,32.2,32.8,33.0,32.9,32.8,33.6,32.8,32.7,32.4,33.3,33.4,32.9,32.8,33.8,34.9,34.1,33.6,33.6,34.5,32.4,33.8,33.1,34.3,32.2,32.8,33.3,33.9,33.5,32.6,33.4,32.4,32.4,33.0,33.1,33.1,33.5,33.7,32.5,32.4,32.9,33.8,33.7,33.1,33.3,34.1,33.6,33.6,32.1,32.6,34.7,34.4,32.3,33.4,33.6,33.3,32.8,33.0,34.0,33.6,32.4,33.3,33.7,33.5,33.9,31.8,33.0,33.3,34.1,32.6,32.4,33.5,32.6,nan,32.8,32.0,34.0,34.4,34.0,34.7,33.7,33.0,32.4,33.5,32.8,33.2,33.4,33.1,32.0,33.5,33.7,33.9,33.8,33.4,33.4,33.8,33.2,32.6,33.8,33.8,32.3,32.3,32.8,33.5,32.1,32.8,32.9,33.9,33.7,33.4,34.6,33.6,33.1,33.9,33.1,33.5,32.1,32.8,33.8,32.9,32.4,33.0,34.7,34.6,32.4,32.4,32.7,34.0,33.7,32.6,32.4,33.6,32.9,32.6,31.8,32.9,32.4,32.4,32.5,34.3,33.1,32.9,33.4,34.1,33.7,33.7,32.9,33.3,32.5,32.5,32.9,34.1,32.9,32.5,33.8,34.6,32.7,33.2,33.6,33.5,33.3,32.5,34.3,33.4,33.9,32.6,33.5,33.3,33.5,33.4,34.0,33.4,33.8,32.5,34.5,34.4,33.2,33.4,34.4,33.8,32.6,33.6,34.5,33.8,33.1,33.1,34.4,33.9,33.5,34.1,34.2,34.0,32.9,32.3,33.2,33.6,33.2,32.9,31.9,34.5,32.8,32.8,33.2,34.2,32.8,32.7,33.5,34.7,33.0,33.0,32.7,33.6,33.6,33.4,32.5,33.1,33.0,33.2,33.9,34.8,34.0,34.2,34.2,33.3,33.0,33.0,34.5,32.4,33.3,33.6,33.8,33.9,33.1,33.3,33.7,33.2,32.2,31.8,33.5,33.9,32.8,33.7,33.8,33.2,32.7,34.9,35.6,33.6,34.0,33.2,33.5,33.4,32.4,33.4,33.8,34.3,32.1,32.3,32.8,33.8,32.0,33.8,33.0,34.2,33.5,32.7,32.5,34.2,32.3,33.4,32.8,34.1,33.7,33.2,34.2,33.7,32.7,33.0,33.5,34.8,33.4,33.9,33.0,34.5
1785306223.7677925,1855,34.3,34.9,34.6,34.0,33.5,33.1,34.1,33.5,33.3,33.4,33.6,32.3,33.4,33.0,33.5,33.1,33.4,33.7,34.1,32.4,33.9,33.2,32.6,34.0,33.2,33.8,33.7,33.7,34.8,34.1,35.0,33.3,33.8,33.2,33.7,34.0,33.4,33.6,32.4,33.6,33.7,32.7,33.1,33.7,33.5,33.3,33.9,34.2,32.9,33.7,33.7,34.1,33.2,32.5,31.8,33.8,32.9,33.4,33.1,33.5,34.2,34.9,33.2,33.8,33.9,35.1,33.2,34.0,34.1,34.5,33.8,32.8,33.8,32.9,32.6,33.2,33.3,33.4,33.3,33.1,34.0,33.5,32.9,32.6,33.3,33.7,33.4,32.5,33.5,33.4,33.2,32.6,34.6,34.1,33.8,34.3,33.8,34.2,33.3,35.0,32.5,33.6,33.3,33.7,33.9,33.4,33.2,33.5,33.5,33.7,33.3,34.3,32.7,33.3,32.0,33.4,33.9,33.1,32.4,33.0,33.6,33.9,33.2,33.1,33.8,33.9,31.3,34.8,33.3,33.5,34.2,34.7,33.8,33.4,34.0,33.5,33.4,33.4,34.1,33.2,34.4,33.6,33.4,33.6,33.9,33.1,33.4,32.9,33.6,33.4,33.7,33.5,34.0,33.3,33.9,35.4,33.1,33.5,34.1,32.9,33.6,33.2,33.7,33.6,33.5,32.2,34.3,33.4,33.7,33.6,33.5,33.8,33.0,32.8,32.9,33.4,33.3,32.8,33.6,34.8,33.8,33.1,33.3,33.8,32.8,33.4,33.7,33.5,33.9,33.4,32.9,34.4,33.6,33.5,34.5,33.3,33.3,33.5,33.6,33.8,33.8,33.3,33.5,33.2,32.8,32.9,32.5,33.6,33.5,33.2,35.5,34.5,34.2,34.3,34.1,33.4,33.9,33.0,33.8,33.8,33.8,34.8,33.6,33.7,34.2,33.1,33.6,33.9,32.8,33.6,34.0,33.7,33.6,33.9,33.2,33.7,34.0,33.4,33.5,34.4,32.6,33.1,33.9,35.5,34.5,33.9,33.0,33.2,32.8,33.7,33.1,33.6,34.9,34.1,33.5,34.7,33.5,33.9,33.3,33.4,33.4,33.9,33.1,33.3,34.4,33.2,33.4,33.1,33.4,32.9,32.9,33.7,33.8,33.4,34.6,33.2,34.5,33.0,34.0,33.1,34.6,33.6,34.0,33.5,34.0,33.1,34.1,33.7,33.4,33.0,33.9,33.9,34.4,33.5,33.7,33.6,33.4,33.3,33.8,33.4,32.9,33.6,33.4,33.4,33.2,33.0,33.4,33.9,34.7,33.3,33.7,33.4,33.7,33.4,33.9,34.0,32.9,34.5,33.3,34.3,33.3,33.5,33.7,33.0,32.8,32.2,33.3,33.5,33.5,33.9,32.9,32.9,33.7,33.9,33.7,34.4,34.6,33.2,34.2,34.8,34.7,34.3,34.0,33.8,33.6,32.8,33.7,33.5,33.4,34.1,33.3,33.4,34.3,33.8,32.9,33.4,34.2,33.9,33.0,33.3,33.7,34.0,32.7,33.3,33.0,33.6,33.7,33.8,34.1,34.1,34.4,33.3,34.7,34.6,34.0,34.1,33.3,33.9,34.0,32.8,33.2,32.9,34.0,33.7,34.0,33.3,33.5,33.8,33.1,34.0,33.0,33.5,34.3,33.8,33.5,33.3,34.0,33.1,33.4,33.6,33.6,33.4,34.2,33.9,34.7,34.1,34.7,32.8,34.1,33.0,34.1,32.7,33.9,33.5,34.5,34.1,32.8,33.3,33.0,34.4,33.4,33.0,33.4,34.3,34.2,33.7,33.7,33.6,33.1,33.8,33.0,34.0,33.1,33.7,34.1,34.4,34.2,34.0,34.7,34.0,34.0,33.1,34.1,33.5,33.4,32.7,33.8,34.4,33.8,33.8,33.7,34.8,34.4,33.7,34.0,34.0,33.0,34.0,33.8,33.8,33.9,33.9,33.9,33.4,34.1,34.0,34.7,34.7,34.6,33.2,34.7,33.8,33.5,33.3,33.5,33.2,34.3,34.1,33.7,33.3,34.4,33.8,33.8,34.1,33.8,32.3,33.3,33.8,32.7,33.0,33.2,32.9,33.8,33.3,33.8,33.0,33.3,34.3,34.2,35.0,34.9,34.5,34.2,34.6,33.7,33.9,34.5,34.4,33.2,33.8,34.4,34.0,33.4,33.5,33.7,33.7,33.7,33.4,32.8,33.4,33.6,33.8,34.3,33.0,34.0,32.7,34.0,33.5,35.1,34.0,34.3,34.0,35.1,34.5,34.2,34.0,33.1,33.8,34.3,33.4,34.3,33.3,33.7,33.1,33.6,33.5,33.4,34.0,34.0,32.3,33.1,33.5,33.7,33.9,34.0,33.9,33.8,nan,32.8,33.2,33.8,34.5,34.1,34.8,34.3,35.4,34.7,34.0,33.9,33.0,33.3,34.6,33.1,33.8,33.8,34.4,33.7,33.3,34.1,33.7,33.5,34.2,33.0,33.9,33.4,32.4,34.3,33.6,33.6,33.0,33.1,33.2,34.2,33.5,34.3,34.5,35.2,34.9,34.0,33.2,35.0,34.1,34.5,33.6,34.2,33.1,35.2,33.2,33.4,34.0,34.0,33.7,34.4,33.4,34.1,34.1,33.4,33.8,33.1,33.2,32.4,33.5,32.9,34.0,33.6,34.2,33.6,34.9,34.3,34.0,33.4,35.2,33.7,33.9,33.0,34.4,33.6,34.0,33.4,33.9,35.1,34.2,34.1,34.1,33.7,33.9,34.8,33.5,33.6,33.7,34.3,34.3,33.3,33.3,34.5,33.3,33.5,33.7,34.1,33.7,34.5,34.4,34.0,33.1,34.0,34.1,34.1,33.7,35.6,33.6,33.7,35.3,33.8,34.9,33.9,34.3,33.4,34.0,32.9,34.8,33.0,33.8,33.8,33.9,34.3,34.6,33.6,33.7,33.4,33.5,33.7,34.3,33.7,33.4,34.6,33.4,32.9,34.6,33.5,34.4,35.1,35.3,34.2,36.0,33.6,35.2,33.8,34.7,33.6,34.5,32.5,33.6,33.8,33.9,34.0,34.3,34.0,33.6,32.5,33.8,33.8,32.6,33.8,33.4,34.3,34.3,34.9,33.7,33.7,34.1,35.6,34.7,34.0,34.3,34.6,34.1,33.5,34.0,33.7,34.4,33.6,32.2,32.9,33.9,33.2,34.5,33.3,33.8,33.6,33.1,34.5,32.6,33.5,34.0,33.4,34.2,33.8,34.9,35.2,34.7,33.6,33.5,33.8,34.7,33.7,34.2,34.2,36.4
1785306225.9348667,1856,33.7,33.3,33.3,33.8,33.7,33.8,32.9,33.7,33.5,33.4,33.0,33.4,33.0,33.2,32.4,33.7,33.2,32.6,33.1,33.4,33.1,33.0,32.8,33.2,32.2,32.8,34.1,34.2,34.5,33.2,32.7,32.8,34.1,34.2,34.1,33.4,32.7,32.1,33.7,32.9,33.4,32.9,34.0,32.7,32.9,32.5,33.7,32.9,32.2,32.9,33.4,33.1,32.8,32.5,33.1,33.9,33.1,33.1,33.7,33.4,32.8,34.0,33.9,33.5,33.4,34.8,34.8,33.0,32.8,33.7,33.3,34.0,32.7,32.2,33.5,33.2,33.8,32.4,32.4,33.1,33.3,32.6,33.1,34.2,32.9,33.0,33.4,33.1,33.1,33.4,33.6,33.9,33.1,33.4,33.3,32.9,34.0,33.9,32.9,33.6,32.3,33.4,32.8,33.5,33.4,32.7,33.8,33.3,32.5,33.0,32.8,32.9,33.1,33.2,33.4,33.2,32.7,33.6,33.5,33.1,33.4,33.7,32.8,32.9,34.0,33.0,33.4,34.6,32.1,33.0,33.1,33.0,32.7,33.4,33.2,33.5,33.4,32.9,32.5,33.8,33.0,32.9,32.5,33.4,33.4,31.9,32.8,34.1,33.6,33.4,32.9,32.8,33.8,32.9,33.5,33.8,34.0,34.3,34.1,33.6,34.0,33.4,33.2,33.8,31.7,33.1,32.7,33.4,33.5,33.7,33.9,32.9,33.3,32.8,33.4,33.3,33.0,33.0,33.8,32.5,33.8,33.6,34.5,32.4,33.5,33.5,33.5,33.1,33.5,33.3,33.8,33.1,33.3,33.3,32.4,33.7,32.5,33.7,33.9,34.7,32.6,33.1,33.5,33.0,33.4,33.3,32.8,33.6,32.7,33.4,32.3,33.7,35.1,35.4,33.9,34.1,33.2,32.5,33.8,33.1,33.8,33.2,33.4,35.0,33.0,33.5,32.3,33.7,33.0,33.9,34.4,33.2,33.9,32.7,33.1,33.6,32.7,33.3,33.7,33.2,32.5,32.4,33.0,33.9,34.7,34.8,34.4,33.0,32.2,33.5,33.8,34.1,33.2,33.8,33.7,34.6,32.8,32.8,33.1,34.0,33.5,32.8,33.3,34.5,33.1,32.7,34.5,33.6,33.0,32.9,33.3,33.2,33.0,32.9,33.8,33.6,34.3,33.8,33.3,32.6,32.9,32.4,33.1,32.6,33.4,33.1,33.4,34.1,32.7,33.1,33.5,33.5,33.3,33.3,33.2,32.7,34.0,32.8,33.6,33.0,33.1,32.3,34.1,33.1,32.4,33.2,33.8,33.9,34.2,34.6,33.8,33.0,32.8,33.7,33.9,34.4,33.5,33.7,32.9,34.0,32.6,33.3,33.4,35.0,33.7,33.1,32.7,33.5,33.4,33.3,33.7,33.3,34.0,32.9,33.5,33.4,34.0,33.5,32.8,34.2,35.0,34.9,33.8,33.5,33.7,33.5,33.3,32.6,33.1,32.4,32.3,33.8,33.2,33.2,34.1,33.3,33.7,32.8,34.1,33.3,33.4,32.3,33.3,33.4,32.8,33.3,33.0,32.3,33.9,35.1,34.3,33.9,33.6,35.0,33.3,33.2,34.3,33.4,33.8,33.5,32.3,33.4,33.0,34.1,32.7,32.7,33.3,33.8,33.1,33.2,33.2,34.2,33.8,32.6,32.8,33.6,33.0,32.6,33.2,34.0,33.1,33.4,34.1,35.0,35.8,33.9,35.5,34.1,34.3,32.8,33.7,32.5,34.4,34.3,34.3,34.1,33.9,33.4,33.0,33.2,33.3,33.3,33.1,33.3,33.5,33.5,33.2,32.6,33.1,33.3,33.1,32.7,33.3,33.3,34.4,34.1,33.3,34.9,34.2,34.3,33.8,33.9,33.4,32.2,33.0,33.0,34.0,33.7,33.6,34.2,33.8,33.9,33.3,33.1,33.7,34.0,32.9,33.3,33.6,33.5,33.8,33.5,33.4,33.9,32.6,33.1,33.6,35.3,34.1,33.2,34.8,33.8,34.6,33.5,34.6,33.5,33.7,33.4,34.1,33.9,34.8,35.0,33.8,32.9,33.3,33.4,34.0,33.3,32.5,32.7,33.4,32.9,33.1,33.6,32.9,32.5,33.5,33.5,33.5,34.8,34.2,34.6,33.9,34.1,35.2,35.0,33.6,34.0,33.7,33.6,35.0,33.4,34.6,33.9,33.3,34.1,33.3,32.7,33.3,32.6,33.7,33.6,31.4,33.3,33.0,33.0,33.3,33.4,32.7,31.9,34.0,34.5,33.8,35.0,33.8,33.8,34.3,32.9,33.5,33.8,34.1,33.3,33.3,34.5,34.0,32.8,33.8,32.6,33.2,32.8,33.2,33.1,33.4,34.1,32.7,33.9,33.2,nan,33.2,32.8,33.0,33.0,33.9,34.1,33.3,33.6,35.2,34.1,33.4,33.5,33.4,34.2,34.5,34.1,34.6,34.2,33.2,33.5,34.7,34.3,33.3,33.2,33.8,34.0,33.6,33.7,33.8,34.1,32.9,32.5,32.7,33.0,33.5,33.0,33.5,33.4,33.8,34.2,35.3,34.5,33.4,33.6,33.5,34.1,33.8,32.9,34.6,33.8,34.5,32.7,33.4,33.7,33.6,33.6,33.2,33.7,33.2,33.4,34.1,34.5,32.7,33.1,33.3,33.8,32.8,33.3,34.3,34.3,34.3,34.3,33.9,34.6,34.2,33.5,33.8,33.8,33.3,34.1,34.9,33.9,33.9,33.7,34.7,34.7,32.9,33.9,32.6,33.1,33.1,33.4,34.0,33.8,34.0,33.3,34.5,33.6,33.5,33.5,33.6,33.5,33.8,33.8,34.5,34.3,33.6,33.9,34.4,34.1,34.4,34.4,35.1,35.5,32.9,32.9,33.9,33.4,34.4,34.7,35.0,33.3,33.3,34.2,32.9,33.9,33.1,33.4,34.3,33.1,33.4,33.6,33.0,33.6,33.6,33.9,34.6,34.8,34.0,34.4,33.7,34.0,32.9,34.1,33.7,35.1,33.6,33.6,33.1,34.7,33.1,34.1,34.2,34.0,33.7,33.9,33.0,34.3,33.0,33.4,33.6,34.1,32.9,33.4,33.5,32.9,33.8,34.9,33.5,35.5,34.1,33.7,34.2,34.7,33.7,33.3,34.5,34.8,32.3,34.9,35.0,33.3,33.6,33.4,33.3,33.5,33.0,33.0,33.1,33.8,34.2,33.5,33.6,33.4,32.4,32.8,33.8,33.3,34.3,34.0,34.8,34.5,33.7,34.2,33.2,34.1,32.9,34.0,34.9,35.7
1785306228.274151,1857,33.6,34.2,33.7,32.1,33.6,33.4,33.7,33.2,33.0,32.9,32.3,33.5,33.6,32.5,32.8,33.1,33.0,33.3,33.6,33.7,33.0,32.9,32.7,33.1,33.9,32.5,34.0,33.6,34.2,33.8,33.1,34.4,33.1,33.9,33.5,33.1,34.0,33.3,31.9,33.2,33.6,33.4,33.6,32.6,34.1,33.2,33.7,32.2,33.2,32.6,32.7,33.6,34.1,33.3,33.3,32.5,32.6,34.8,33.4,32.2,34.0,32.7,33.1,34.1,34.2,33.7,33.3,33.6,33.8,34.0,32.4,32.9,32.5,33.2,32.1,33.1,32.6,33.4,32.8,33.2,32.6,32.7,34.0,33.2,33.0,33.4,33.3,33.9,32.4,33.9,33.9,34.4,34.2,33.5,33.2,34.6,32.9,33.5,32.3,33.5,33.6,32.8,33.2,32.9,33.3,32.6,32.4,33.2,33.1,32.9,33.8,32.4,33.4,33.3,33.8,32.6,32.6,33.1,33.6,33.2,32.6,33.2,32.7,34.4,33.1,33.3,33.3,34.4,33.4,34.5,33.0,33.9,33.2,33.5,33.9,32.8,33.8,33.3,33.5,33.6,33.4,33.0,34.1,33.2,33.8,33.0,33.1,33.4,33.3,34.2,32.6,34.5,33.5,33.8,33.7,33.5,33.9,33.8,32.4,33.7,34.2,33.9,32.4,33.0,31.6,33.2,33.0,32.3,33.0,33.6,33.1,32.6,33.4,32.8,33.2,33.0,33.3,33.2,33.2,33.2,34.4,35.7,34.1,32.8,32.4,32.7,32.9,32.6,33.9,33.8,33.9,33.6,33.7,33.0,33.6,33.0,33.4,33.1,33.3,33.9,33.2,33.8,32.9,33.5,33.3,32.9,33.5,33.2,33.9,33.3,32.7,33.3,35.0,34.7,34.1,33.7,33.2,33.3,34.0,32.8,34.4,33.7,33.7,33.4,33.1,32.9,33.9,32.1,33.5,32.1,33.9,33.6,33.3,33.1,32.3,33.4,32.5,33.2,33.1,32.6,33.7,33.3,33.0,32.5,34.5,34.4,34.4,33.2,33.7,33.9,33.7,33.5,33.5,34.3,33.8,33.7,32.9,34.0,32.8,33.5,33.4,33.1,33.2,32.9,32.8,33.0,33.1,33.5,33.5,32.8,32.6,33.6,33.1,33.3,32.5,33.3,33.5,33.9,33.7,34.1,34.1,34.1,34.2,33.3,34.1,33.8,32.1,32.8,32.6,33.4,32.6,32.2,33.9,32.8,33.3,32.9,33.6,32.7,33.4,32.9,34.1,33.0,32.7,33.6,33.3,34.4,33.6,33.2,33.8,33.6,34.7,34.1,33.8,33.6,33.0,33.2,33.2,33.8,33.6,33.7,33.6,33.8,33.1,33.9,34.0,34.1,32.6,33.8,33.7,33.4,32.9,33.3,33.9,32.5,33.7,32.7,33.4,33.0,33.4,33.5,34.2,33.9,34.5,34.6,34.1,34.4,33.4,34.1,33.9,33.3,32.8,33.5,32.9,33.5,33.1,34.2,33.4,34.4,33.0,32.4,33.2,33.5,32.9,33.3,33.4,32.7,33.6,33.3,32.6,33.8,33.2,33.6,33.4,34.8,34.2,34.1,32.6,34.4,33.7,32.7,33.9,33.3,33.7,33.6,33.7,33.0,33.9,34.3,33.7,33.4,33.2,32.7,34.0,33.9,34.0,33.2,34.0,33.3,32.9,33.3,33.6,33.3,33.0,33.7,34.1,34.3,34.0,34.1,34.3,33.9,33.6,33.9,34.5,32.5,33.8,33.2,33.8,32.7,34.1,33.1,33.3,34.1,32.7,33.3,33.6,32.9,33.8,33.4,33.2,33.8,33.2,32.9,33.1,33.2,33.5,33.3,34.2,33.7,33.8,34.3,34.8,34.3,33.9,33.9,34.2,32.5,33.5,33.6,34.3,33.7,33.3,33.2,33.4,33.6,33.4,33.3,34.0,33.1,34.0,32.5,34.0,33.3,33.1,34.1,34.1,33.0,33.5,34.3,34.3,34.4,34.7,33.9,34.7,34.8,33.4,33.7,33.8,33.7,33.4,34.4,33.0,34.2,33.1,33.5,33.0,33.4,33.7,33.5,33.1,32.7,33.2,33.6,34.1,34.3,33.4,32.2,33.9,33.7,33.3,33.7,34.3,32.7,33.7,34.5,34.3,34.6,34.1,33.7,33.7,33.1,33.9,33.7,33.3,33.4,33.8,33.6,34.3,33.5,33.4,33.1,33.6,33.7,32.3,33.3,33.7,33.1,33.2,33.2,33.6,32.7,35.2,34.8,33.7,34.5,33.9,33.7,34.4,35.1,34.1,34.1,33.6,34.5,34.4,34.2,34.3,32.7,33.7,33.7,34.6,33.5,33.0,33.1,33.5,33.3,33.5,32.8,33.1,nan,32.9,33.2,33.7,32.7,34.2,34.2,34.0,34.1,35.2,34.5,34.7,34.9,33.9,33.7,34.3,34.2,33.9,34.4,34.6,33.9,32.6,33.4,33.0,33.2,33.4,34.2,33.1,33.7,33.0,34.1,33.1,32.3,33.2,33.8,32.9,32.3,32.7,33.8,34.7,35.3,34.0,34.7,33.8,33.9,34.1,33.9,34.1,34.2,33.4,34.0,33.7,34.7,32.7,34.0,33.4,33.5,33.3,33.2,33.7,33.3,33.5,33.4,33.4,32.7,33.9,34.0,32.6,32.6,33.2,33.4,35.0,34.2,34.3,35.0,34.5,33.9,34.6,33.5,34.4,34.0,34.0,33.6,33.6,34.1,33.3,34.6,34.1,33.9,33.6,33.4,32.8,33.5,33.5,33.9,34.0,33.1,33.7,33.8,33.9,33.8,33.6,32.7,34.2,34.8,34.2,34.0,33.6,34.6,34.3,34.6,34.3,33.7,33.5,33.4,34.4,33.2,34.2,34.6,33.1,34.8,33.8,33.4,33.6,33.3,34.7,33.4,33.7,33.8,33.5,33.5,34.7,33.3,33.0,33.9,34.4,34.3,34.0,34.0,34.5,35.0,33.1,34.6,34.0,34.9,34.9,34.4,33.7,34.0,33.7,34.8,34.8,33.6,33.3,33.7,33.6,34.4,33.4,33.2,34.0,33.0,34.5,33.6,33.5,33.2,34.0,34.3,33.6,34.4,34.9,34.4,35.1,34.2,34.6,34.4,33.4,34.7,34.0,34.5,34.0,35.5,34.2,32.3,33.7,34.3,33.4,34.2,33.5,33.6,33.4,34.6,34.5,33.9,33.7,33.1,33.4,33.0,33.5,32.3,33.7,34.7,33.8,33.6,34.8,33.7,33.5,33.9,33.4,34.1,33.7,34.9
1785306230.2011144,1858,31.9,32.6,33.4,32.4,33.6,32.5,33.5,32.5,33.2,33.1,32.7,31.4,33.4,32.5,33.4,32.8,32.8,31.4,33.7,33.1,32.3,32.3,33.5,32.9,32.6,32.7,33.5,32.5,33.2,32.4,34.3,33.2,32.3,33.1,33.3,33.5,33.1,31.9,32.9,33.8,32.1,32.6,33.2,33.0,33.0,33.5,32.3,34.1,32.4,33.0,32.5,33.4,32.4,32.2,32.4,32.6,32.8,33.2,32.3,34.4,33.1,33.2,33.3,33.3,33.2,32.5,33.8,32.9,33.3,32.9,32.8,32.3,33.3,31.9,33.2,32.9,33.1,33.5,33.0,32.6,33.3,32.8,33.7,32.5,32.3,32.5,33.6,32.6,33.2,33.4,32.8,32.3,33.4,33.3,33.9,33.7,33.6,34.0,32.7,33.2,32.1,32.0,32.1,32.3,31.7,33.6,31.7,32.6,32.9,32.9,32.8,33.1,32.3,33.3,32.4,33.6,32.6,32.7,33.2,32.8,33.7,33.9,32.9,33.2,32.9,32.7,31.7,34.0,34.1,32.2,34.3,32.6,33.0,32.3,33.1,31.6,33.4,32.2,31.8,32.9,32.4,32.3,33.4,32.1,33.4,32.7,33.4,32.6,33.4,32.6,34.2,33.9,33.2,34.3,33.1,33.3,33.9,33.1,33.5,33.3,33.5,32.8,32.0,33.8,33.1,32.4,33.9,33.3,32.4,32.9,32.7,33.4,32.5,32.8,32.6,33.7,32.6,32.7,33.0,33.7,32.7,33.6,34.1,34.8,32.9,33.2,32.3,33.7,32.4,32.2,33.2,33.8,35.0,32.8,33.1,32.8,32.2,33.4,33.6,33.1,33.7,32.8,32.7,32.6,33.3,32.8,33.7,32.7,32.9,32.9,32.6,34.1,34.2,33.4,35.3,34.3,32.2,32.4,33.1,32.2,33.2,32.7,34.1,32.3,33.4,33.1,32.0,34.5,33.1,33.3,31.7,33.0,32.6,33.3,32.9,33.9,31.9,33.1,32.9,33.1,31.7,32.8,31.9,33.9,34.1,33.7,34.0,34.7,32.6,33.5,32.6,33.1,33.3,33.9,34.2,33.4,33.5,32.3,33.4,33.7,32.8,33.2,33.2,33.4,33.4,32.2,33.4,32.8,32.7,32.6,33.9,33.2,33.1,33.6,33.5,32.4,32.9,33.7,34.2,33.5,34.1,33.7,33.5,33.8,33.1,31.7,33.1,33.4,33.5,32.6,32.1,34.0,33.0,33.7,32.5,33.8,33.7,33.0,32.5,34.2,33.0,32.9,33.1,32.8,32.6,32.8,31.6,33.6,33.1,34.1,34.2,34.1,33.2,33.5,32.9,33.7,33.4,32.8,31.8,33.7,33.3,32.2,33.3,32.7,33.4,32.4,33.7,33.4,33.3,32.3,33.8,32.4,33.2,32.1,33.3,32.0,33.2,33.0,33.5,32.8,34.5,33.1,34.3,34.5,34.3,33.2,33.9,33.3,34.5,32.5,33.2,32.7,33.3,32.0,31.8,33.0,33.0,33.0,31.5,34.0,33.1,33.7,32.4,33.8,32.4,33.3,33.3,33.5,32.2,33.3,32.5,34.1,34.1,34.0,33.2,33.6,33.9,33.9,33.3,33.7,33.4,33.6,33.7,33.8,33.0,32.4,33.5,32.0,33.2,32.6,32.7,33.0,32.5,32.5,33.1,33.5,32.6,32.0,33.4,32.6,33.9,32.8,33.5,33.1,34.5,34.9,33.7,34.2,34.3,32.5,34.1,32.2,33.2,32.5,34.6,32.9,33.3,33.9,33.0,34.2,32.7,32.5,31.9,34.0,33.2,32.7,32.7,34.1,32.5,33.4,32.0,33.0,32.4,33.2,33.2,34.0,33.8,33.6,34.1,34.3,33.5,34.1,33.1,34.1,33.4,32.9,34.2,33.2,33.0,33.0,33.7,33.7,32.5,32.3,33.7,32.9,32.6,32.3,33.7,32.6,33.4,32.6,33.4,33.1,33.4,32.8,33.4,32.8,33.5,33.9,34.4,33.7,34.8,33.9,33.9,33.1,33.0,33.2,34.4,33.9,32.8,33.6,32.7,34.5,33.3,33.9,33.3,33.5,31.7,33.2,32.3,32.6,32.5,33.3,33.3,32.7,33.2,33.5,32.7,34.3,32.3,34.2,32.8,34.6,33.9,34.7,34.4,33.4,33.1,32.9,33.3,34.7,33.9,32.4,34.0,33.4,33.1,32.4,33.7,32.9,33.1,32.6,33.0,32.7,32.7,33.2,33.0,32.8,33.4,32.9,33.7,33.4,34.0,33.1,34.2,33.3,34.4,33.5,34.1,33.9,33.7,33.7,33.8,32.7,32.0,33.7,32.4,34.7,32.9,33.3,32.4,33.7,32.9,32.9,32.7,33.9,33.4,nan,32.1,33.0,33.2,34.3,33.3,34.8,34.0,34.3,33.8,34.0,32.9,34.1,33.9,34.5,33.7,32.8,33.3,34.4,33.5,32.8,33.2,32.0,33.5,33.7,33.7,34.5,33.6,32.4,33.0,32.1,33.7,31.9,33.6,32.0,33.2,32.6,33.5,32.9,34.7,34.4,35.7,34.5,34.8,33.8,33.6,32.7,33.3,32.8,34.2,32.7,33.0,33.2,33.3,34.7,32.6,33.1,33.4,34.1,32.6,33.1,34.0,33.6,32.6,33.5,33.6,33.3,32.5,33.4,33.5,33.7,33.7,33.8,34.5,33.9,33.8,33.9,33.5,33.9,33.2,33.6,34.3,35.0,33.8,33.2,34.0,33.5,33.7,32.5,33.2,33.6,34.0,33.3,33.0,31.9,33.8,32.9,33.5,32.7,33.7,32.8,34.3,33.5,33.3,34.1,35.8,33.6,34.2,34.5,33.9,33.8,34.5,32.9,34.1,34.1,33.2,34.9,33.5,34.1,33.7,33.8,33.0,34.3,32.9,33.1,34.3,33.9,32.4,33.1,32.8,33.8,33.0,34.0,33.3,34.4,34.1,34.3,34.5,33.8,34.2,33.9,33.0,34.4,32.8,34.1,34.3,34.8,32.5,33.3,33.2,32.4,33.0,32.8,34.1,33.1,33.2,33.4,33.2,33.1,32.7,32.4,34.2,32.3,33.1,32.3,32.9,33.1,34.4,33.3,33.6,34.5,33.4,33.2,34.2,33.4,34.4,32.7,33.9,32.6,33.1,33.8,32.2,33.5,33.5,34.2,33.4,34.7,32.9,33.8,33.5,34.0,33.3,33.1,32.6,33.3,34.2,32.6,33.5,33.7,32.7,34.3,33.8,33.6,33.4,35.2,34.0,33.7,33.4,34.5,33.2,34.4
1785306234.6449823,1860,33.0,32.1,32.4,33.1,32.4,33.4,32.4,33.5,32.8,32.8,31.7,33.3,32.3,32.5,32.4,32.4,32.3,32.3,32.4,32.5,33.2,32.9,32.1,32.7,33.6,32.5,32.7,32.9,34.1,32.8,31.5,32.7,33.9,33.0,33.0,32.3,32.6,32.1,31.6,33.0,32.9,32.6,32.0,31.4,32.9,32.6,31.8,31.8,31.7,32.2,32.5,33.4,32.2,32.9,32.2,32.4,32.2,32.6,33.6,32.6,34.0,32.5,33.1,33.3,33.5,33.7,32.1,33.6,32.5,32.9,31.8,33.1,32.5,32.2,31.7,32.5,32.6,32.4,32.6,32.1,33.0,31.8,32.6,32.5,32.6,31.8,32.1,31.8,32.8,32.3,31.8,33.3,34.0,32.2,32.2,32.5,31.7,31.6,33.2,33.2,33.0,32.8,32.7,32.1,32.3,31.2,32.7,32.1,32.2,32.5,32.1,32.2,32.3,32.4,32.0,32.6,32.7,32.4,33.7,32.5,32.7,32.6,32.7,32.2,33.3,31.6,33.3,32.8,32.6,32.4,33.0,33.9,32.8,32.8,32.3,33.7,32.2,32.6,32.0,33.5,32.5,32.3,32.0,32.9,33.9,33.0,32.9,33.1,32.4,32.8,32.1,32.5,33.3,32.8,32.9,33.3,33.7,32.9,32.9,32.8,33.7,32.5,32.2,33.2,32.7,32.0,32.2,33.3,32.2,32.7,32.5,32.6,33.3,32.3,32.8,33.0,32.5,32.0,33.3,34.0,31.8,32.8,32.7,32.4,32.5,33.0,33.0,33.5,32.2,33.2,33.2,33.2,33.4,33.2,31.9,33.4,32.6,32.4,32.7,32.7,32.6,33.0,32.5,33.2,32.6,32.6,32.5,32.8,32.3,33.5,33.6,34.9,34.3,32.5,32.4,32.6,32.3,32.4,32.9,32.6,33.0,32.9,32.8,33.4,32.9,32.4,33.8,32.7,32.9,31.4,33.9,32.7,33.1,32.6,33.1,32.2,33.4,33.0,32.4,32.6,32.8,32.5,34.2,34.9,33.8,32.4,32.5,32.3,33.1,33.0,33.3,32.3,33.3,31.9,32.5,33.9,33.7,34.0,32.8,32.2,31.3,32.8,31.4,33.5,33.3,33.6,33.3,32.3,33.2,32.9,32.6,32.5,32.4,33.4,32.8,33.4,34.0,33.9,33.2,33.3,32.9,32.5,32.9,33.6,32.9,32.4,31.7,33.6,33.3,33.8,32.7,32.8,33.1,32.2,32.7,32.4,33.0,33.0,32.5,32.0,32.9,32.0,33.4,33.4,33.1,32.3,33.6,33.3,33.8,33.8,32.9,32.7,32.5,33.9,33.1,32.3,32.8,32.3,32.2,32.7,33.1,31.7,33.5,32.9,32.1,32.6,31.5,33.4,32.6,33.6,32.3,32.9,32.9,33.1,31.9,32.6,34.0,32.8,32.7,33.9,33.4,33.7,33.8,33.2,33.8,32.3,33.2,33.7,33.0,32.9,31.8,32.7,33.3,32.6,33.2,33.4,32.8,32.3,32.0,32.9,32.4,32.8,32.9,33.1,32.7,33.6,32.9,32.7,33.3,32.3,33.6,34.4,33.3,33.8,34.5,34.2,33.5,33.6,32.9,32.5,31.8,32.2,33.1,34.0,32.8,32.8,31.3,33.5,33.5,32.0,31.4,33.2,32.8,32.5,32.4,33.1,33.1,32.5,32.4,32.9,32.9,32.3,33.5,33.6,34.4,33.9,34.5,34.0,33.8,32.7,33.2,32.7,32.8,32.3,32.0,34.5,32.7,31.6,33.2,33.4,33.0,32.3,32.9,33.2,32.7,33.1,32.4,33.1,32.5,33.2,32.8,33.7,32.8,33.2,33.3,33.5,33.9,33.8,32.8,33.8,33.5,32.6,32.9,32.6,32.5,32.7,33.8,32.6,32.2,33.6,31.7,33.7,32.8,32.3,32.6,33.2,32.6,32.3,32.4,33.0,33.2,33.4,33.4,33.3,33.4,33.7,33.0,33.6,33.2,33.4,33.2,33.7,33.5,32.3,33.0,33.1,34.3,32.1,33.2,32.3,33.6,32.6,32.7,32.9,32.8,32.9,33.7,32.3,32.4,32.4,32.9,32.6,32.4,32.2,33.5,32.6,33.5,34.1,34.5,33.2,33.6,33.0,33.8,33.5,33.4,33.4,33.1,33.0,33.1,32.2,34.4,32.9,33.0,32.8,31.9,33.6,33.1,32.7,31.8,33.0,33.3,32.4,32.8,32.7,32.4,32.4,33.0,32.9,32.9,32.9,32.7,33.9,32.7,33.6,33.5,34.0,35.0,33.8,33.0,32.9,33.9,33.4,33.0,33.3,32.8,31.6,32.4,32.5,32.9,33.1,32.9,33.1,33.4,32.7,33.1,33.1,32.9,nan,33.3,32.3,33.3,34.5,33.4,33.8,33.3,33.1,33.4,34.0,33.3,33.2,32.2,32.5,33.5,33.4,31.8,34.2,32.6,33.0,32.3,34.2,33.0,32.7,33.7,33.4,33.3,32.4,33.0,33.3,32.1,32.4,32.4,32.5,33.1,32.4,33.3,33.9,34.0,33.2,34.6,33.3,32.2,33.1,33.0,33.3,33.3,34.1,32.6,33.5,34.1,32.8,33.7,33.6,33.3,33.1,34.0,32.4,33.4,32.9,33.8,33.4,33.0,32.7,32.5,33.1,33.7,32.9,33.3,33.4,33.5,33.6,34.4,33.6,33.2,33.1,33.6,33.3,32.5,33.0,33.1,34.0,33.8,32.7,32.7,34.3,31.9,33.2,32.6,33.4,33.1,32.9,32.2,32.8,31.8,32.9,32.8,33.0,33.5,32.7,33.3,33.7,34.5,33.7,34.0,33.8,32.5,32.7,33.3,33.0,33.1,32.5,32.4,33.8,33.9,33.6,32.7,33.3,33.3,32.6,33.0,32.5,32.3,32.5,33.6,33.0,33.6,32.9,34.0,32.8,33.5,32.6,32.5,33.3,33.8,33.9,34.8,33.9,33.5,33.5,32.8,33.3,33.2,33.5,33.6,34.6,32.5,34.2,32.8,33.9,34.0,31.8,32.9,33.7,32.1,33.8,32.7,33.3,32.4,32.9,32.5,33.0,33.4,32.3,32.7,33.7,33.4,33.9,34.3,34.3,33.9,33.0,34.0,33.7,34.4,33.4,33.0,34.7,34.3,33.4,33.3,32.7,33.7,33.4,33.2,32.6,33.3,32.5,33.8,32.9,33.9,33.0,33.0,33.1,32.4,33.0,33.1,33.2,33.4,33.5,33.8,34.9,33.0,33.5,32.4,33.5,34.2,33.6,33.9,33.1
1785306236.666634,1861,34.1,34.3,32.7,32.4,34.0,33.0,34.5,32.7,32.6,32.5,32.3,33.3,32.4,32.5,33.4,33.2,33.4,32.1,33.0,32.5,32.8,31.9,32.3,33.5,32.2,33.7,33.5,32.9,34.1,33.3,33.3,33.7,33.7,32.8,33.8,34.5,32.6,33.5,33.3,33.6,32.7,32.8,32.6,32.6,32.4,33.1,32.1,33.9,32.8,32.1,32.7,32.3,33.3,32.6,33.2,32.2,33.4,33.6,33.6,34.2,33.4,33.6,32.6,33.6,34.0,33.0,33.6,32.5,32.7,33.3,34.2,33.1,33.1,32.6,31.9,32.7,32.0,31.9,33.1,32.4,33.3,33.0,32.8,32.5,33.2,32.1,33.1,32.2,33.7,33.6,32.4,33.7,33.4,31.8,33.2,33.2,32.9,33.8,33.2,33.0,32.8,33.6,33.9,34.1,32.1,33.5,33.5,33.1,32.7,32.5,32.8,32.9,33.5,33.4,32.7,33.1,32.7,33.3,32.4,33.6,32.4,33.7,32.9,33.8,33.9,33.3,33.3,33.5,33.1,32.2,33.2,32.6,33.2,33.2,33.5,33.0,33.4,33.1,34.0,33.2,33.0,32.6,33.7,33.3,33.3,32.5,32.4,33.0,34.3,32.9,34.0,33.2,33.7,33.2,33.1,32.7,34.5,33.1,34.2,33.9,33.5,33.0,33.1,33.0,32.3,33.7,32.8,33.6,32.5,33.7,32.9,32.6,32.3,33.2,33.3,33.0,33.0,33.2,32.8,32.8,34.2,35.1,34.3,34.3,32.7,33.4,33.0,33.5,32.6,32.8,33.4,33.8,33.2,33.2,32.9,33.8,32.8,33.0,33.3,32.7,32.3,33.0,33.2,32.9,32.7,32.6,32.2,33.0,32.4,31.9,32.3,33.6,35.1,35.1,33.3,33.5,33.0,32.9,33.3,33.2,33.2,33.7,32.8,33.2,32.5,32.9,33.0,33.7,32.7,33.6,33.3,33.6,32.9,33.8,32.1,33.0,32.9,33.1,32.7,32.9,32.6,32.6,32.4,33.3,34.9,34.5,32.6,34.2,31.9,32.7,32.6,32.9,33.5,34.3,34.1,34.3,33.3,32.5,31.7,33.7,33.6,33.0,33.0,32.5,33.4,33.1,32.6,33.3,33.4,33.2,32.6,33.2,33.7,33.4,33.5,34.2,34.2,33.7,34.3,34.5,32.6,33.8,33.7,32.5,34.2,33.0,33.5,33.4,31.8,33.6,32.1,33.6,33.1,33.1,33.9,33.8,32.4,33.2,32.8,33.7,33.1,33.1,33.1,33.9,32.6,33.0,33.2,33.3,33.8,34.4,34.3,33.4,33.0,34.4,33.3,34.0,33.7,32.6,33.0,33.7,32.9,32.6,33.3,33.7,32.1,33.3,33.0,33.2,33.1,32.8,33.6,33.0,32.6,32.9,33.7,33.1,32.9,33.4,33.2,34.4,33.4,33.7,34.1,34.0,33.1,33.7,33.5,33.7,34.6,33.0,33.8,33.3,33.9,33.1,33.4,33.8,32.4,33.0,32.9,34.0,33.4,32.7,33.0,33.9,33.5,33.4,32.6,33.5,32.7,33.9,33.6,34.7,34.6,34.1,33.9,34.4,34.0,34.6,33.5,33.7,32.7,32.3,32.5,33.4,32.8,33.2,32.1,32.7,33.3,32.8,32.9,33.0,33.1,32.2,33.3,32.8,33.2,33.4,32.9,33.7,33.4,33.3,34.0,34.2,34.2,35.2,34.7,34.2,34.6,34.0,33.7,33.1,34.6,33.0,33.6,33.5,33.1,33.9,32.1,34.2,33.0,32.8,33.3,33.3,32.9,33.4,33.7,33.6,33.2,33.4,33.2,34.0,32.4,32.9,33.8,34.1,33.5,34.1,34.9,34.5,34.0,33.4,34.0,33.2,33.2,33.4,33.5,33.4,33.7,33.6,34.5,33.6,33.0,33.3,34.8,33.7,34.3,32.7,33.2,33.4,33.4,33.4,34.2,33.4,33.6,33.1,33.8,34.9,34.0,33.2,34.5,34.2,34.2,33.3,33.6,34.0,33.9,33.1,34.0,33.5,32.6,33.8,33.7,33.1,32.8,32.3,33.2,33.5,33.4,32.7,32.9,33.1,33.5,32.5,33.1,33.2,33.7,32.9,34.4,34.5,33.9,33.4,32.8,34.6,34.1,34.1,33.6,33.9,33.8,33.7,32.6,34.3,32.4,32.1,33.2,34.6,32.6,33.3,33.7,33.6,33.4,33.1,32.5,33.3,33.0,32.9,33.0,33.1,33.9,33.7,33.7,33.9,34.0,33.6,34.2,34.7,34.9,34.2,32.7,33.7,33.9,34.3,33.2,34.1,34.5,33.1,33.2,33.1,33.9,33.3,33.3,33.7,33.7,33.6,32.2,33.6,33.5,nan,33.0,33.3,33.8,34.3,33.6,34.8,33.5,34.0,34.3,34.5,33.3,34.1,33.5,33.6,32.9,33.2,33.9,34.0,33.1,33.0,34.2,34.0,34.1,32.9,33.7,33.4,33.3,33.1,33.6,33.1,32.2,32.7,33.2,33.6,33.2,32.9,33.5,33.6,34.4,34.1,34.5,33.3,33.1,33.8,33.7,34.4,33.5,33.9,34.6,33.1,33.7,33.8,33.3,34.0,33.9,33.8,33.4,32.6,33.6,33.6,32.9,33.4,33.2,32.2,32.6,33.8,33.2,32.9,33.8,34.5,33.8,33.6,34.5,34.8,32.9,33.9,35.1,34.4,34.0,33.0,34.3,33.8,35.1,34.0,32.7,34.1,33.7,33.4,34.1,33.2,33.3,34.0,33.8,34.0,34.0,33.2,33.1,32.3,33.0,33.5,34.7,34.2,34.0,33.7,34.9,34.2,33.3,33.6,34.8,34.2,34.3,33.1,34.1,33.6,33.9,34.0,33.1,33.7,33.3,33.2,33.4,33.9,32.9,33.1,33.6,33.2,32.6,34.0,33.3,34.2,33.1,33.0,33.6,33.7,33.8,33.4,35.5,34.1,33.2,33.3,34.2,33.5,33.8,33.3,34.0,34.8,33.5,33.5,33.7,33.2,33.0,33.8,33.3,34.5,34.0,33.6,32.9,34.0,34.3,33.1,33.3,35.1,33.3,33.5,33.8,34.9,34.0,34.2,34.1,34.1,33.9,33.4,33.4,32.6,33.0,33.8,33.5,35.1,33.6,33.8,34.0,33.8,33.1,34.4,33.2,33.8,32.7,33.0,33.7,34.4,33.3,33.2,33.3,33.3,33.7,33.2,33.8,33.5,33.3,33.6,34.1,34.9,33.4,34.7,32.8,33.3,33.4,34.7,32.7,34.2
1785306238.7593577,1862,34.1,32.1,33.4,31.9,33.1,32.3,33.7,32.9,32.8,33.4,33.1,32.1,32.6,32.8,33.2,33.6,32.5,32.1,33.0,32.3,32.6,32.7,33.3,32.7,33.0,32.7,33.1,33.6,33.2,31.9,33.3,33.7,32.9,32.8,33.3,33.3,34.1,32.8,32.7,32.8,32.3,33.0,32.8,33.0,32.9,32.2,33.2,32.4,31.5,33.0,32.9,32.4,33.1,33.1,32.8,31.8,32.8,33.0,32.5,32.0,32.9,32.9,31.8,33.8,33.5,33.0,32.1,32.4,32.7,31.6,33.2,32.8,32.7,32.2,32.5,32.3,32.0,32.0,32.4,33.0,32.3,32.8,32.6,33.2,33.1,32.3,33.6,32.0,32.6,32.6,33.4,32.5,32.5,33.5,32.7,34.1,33.1,32.3,32.3,34.1,32.5,32.6,33.1,33.1,33.0,32.2,34.3,32.9,32.1,32.9,33.3,33.6,32.3,33.6,32.2,33.1,32.0,32.7,32.8,33.0,33.5,32.4,32.1,33.4,32.8,33.1,33.7,33.7,33.3,33.5,32.5,33.3,33.4,31.4,33.3,31.8,33.1,33.6,32.2,33.0,32.7,32.9,33.0,32.4,32.9,32.5,32.5,32.6,33.2,33.9,32.9,32.9,33.0,34.1,32.4,32.3,32.5,33.5,32.6,33.0,33.7,33.0,32.4,31.9,32.3,33.2,33.0,33.1,32.4,32.8,32.3,32.9,32.6,32.3,31.9,31.8,32.5,32.8,32.6,32.3,34.2,33.6,34.1,33.6,32.7,33.5,32.4,32.9,33.4,32.2,33.0,33.8,33.9,32.1,32.3,32.4,32.0,33.2,32.9,33.3,32.6,33.0,32.7,33.2,32.5,32.3,32.8,32.8,33.1,32.7,33.6,32.7,35.3,34.1,34.3,33.1,32.7,31.8,31.8,32.6,33.2,33.2,33.8,32.9,32.9,32.9,33.2,33.9,33.6,33.6,33.1,33.0,31.7,33.6,33.1,33.2,32.6,32.7,33.1,32.4,32.6,32.6,32.9,33.7,34.2,34.0,34.3,33.8,33.5,33.3,32.8,33.4,32.9,33.7,33.7,32.8,32.9,32.7,31.9,33.2,32.6,33.0,33.0,33.2,32.9,32.7,33.7,32.6,33.5,32.1,32.4,32.5,32.2,33.1,33.1,32.2,33.3,33.7,34.0,32.8,34.3,32.6,32.9,33.2,33.3,33.3,32.1,32.7,32.4,33.4,33.5,33.0,32.8,33.1,33.4,33.1,33.2,33.0,32.6,33.5,32.8,32.3,32.9,32.8,32.5,32.5,32.9,33.9,33.4,33.8,33.5,33.1,33.2,33.2,33.2,32.8,33.2,32.4,33.0,33.5,32.9,33.8,33.1,33.0,32.8,32.7,32.8,33.0,32.6,32.3,33.1,32.7,32.9,32.4,32.5,32.9,33.4,33.1,33.2,32.8,34.2,33.8,33.5,33.2,33.6,34.2,32.6,33.3,32.6,32.8,33.0,32.9,33.1,32.4,33.4,33.2,32.4,33.2,33.2,33.6,33.7,33.2,33.5,33.9,33.1,33.0,32.7,33.1,33.2,33.1,33.1,32.0,33.0,34.3,33.3,33.7,33.3,33.0,33.1,33.2,33.4,32.3,33.6,33.3,32.8,32.4,33.5,32.7,32.8,33.1,32.5,32.3,32.6,32.7,33.4,32.8,33.2,32.6,32.9,32.9,33.7,32.8,33.0,32.5,34.2,33.9,33.8,34.5,33.8,32.9,33.5,32.9,33.4,33.2,34.1,33.7,32.0,33.1,32.8,32.3,32.8,33.0,33.1,33.8,33.4,32.4,32.2,32.3,32.2,33.5,32.8,32.4,32.8,33.2,33.1,32.8,34.1,33.5,34.7,33.9,34.0,33.1,34.0,34.2,33.0,32.9,32.6,33.8,33.2,33.8,34.5,33.7,32.8,33.0,33.0,32.1,32.9,32.5,32.8,32.2,33.7,33.9,33.1,33.4,33.6,33.2,33.0,33.3,32.8,33.2,33.7,33.3,34.5,33.5,34.3,33.4,33.9,33.0,33.7,33.5,32.5,32.8,32.3,33.7,32.8,32.9,34.0,32.6,33.4,32.2,32.3,32.8,33.5,33.8,32.6,33.2,33.2,32.7,33.4,33.4,33.1,33.3,32.7,33.8,34.2,33.7,33.8,34.1,33.8,33.1,34.2,33.1,33.0,33.6,33.5,33.6,32.9,32.0,33.0,33.2,33.4,32.9,32.5,33.3,33.8,32.2,33.5,32.7,32.1,31.9,33.5,33.5,33.2,33.1,34.0,34.8,34.3,32.9,33.2,32.6,33.0,32.8,34.0,33.5,33.0,32.2,32.4,33.9,33.1,32.7,32.8,32.7,33.6,34.1,32.6,32.4,32.7,nan,32.9,33.5,33.5,33.5,33.3,33.5,33.0,34.3,33.9,34.1,34.3,33.2,33.8,34.3,32.7,34.0,33.4,34.6,33.7,34.0,32.1,33.2,33.9,32.7,32.8,33.4,33.6,32.9,33.8,33.6,32.6,32.9,32.7,33.2,32.5,32.9,34.0,33.0,33.3,33.6,34.6,34.1,34.1,33.8,34.1,34.7,33.5,33.5,33.6,34.1,32.6,33.0,32.8,34.1,33.1,33.1,33.8,33.0,32.5,33.6,32.9,33.9,32.7,34.1,33.5,32.9,33.2,32.4,33.5,33.2,33.6,33.8,34.3,34.1,33.7,33.9,33.6,33.3,33.0,32.6,32.5,34.2,33.5,34.2,33.1,33.3,33.5,33.0,32.6,34.1,32.9,33.2,32.9,33.3,34.0,32.5,33.3,33.5,34.2,32.8,33.4,33.2,33.3,34.2,34.9,33.6,32.7,34.5,34.1,32.8,33.5,33.4,33.3,34.0,33.9,33.4,32.5,32.7,32.9,33.6,32.8,33.4,32.7,33.2,32.4,33.4,33.5,32.9,32.4,32.5,33.8,33.3,32.9,33.1,34.1,33.3,35.1,33.4,33.1,33.5,33.0,33.1,33.3,33.5,33.6,34.8,32.7,33.5,34.5,33.2,35.0,32.7,31.9,33.3,33.6,33.8,32.9,33.8,32.7,33.4,33.4,32.4,33.4,32.6,32.5,34.2,34.0,33.7,33.8,33.7,34.9,33.4,34.0,34.5,34.0,33.8,33.9,33.3,33.3,33.8,34.4,32.4,33.1,32.2,33.0,33.4,34.0,33.6,34.4,33.3,33.1,32.8,33.1,33.1,32.2,33.5,34.0,33.2,33.2,32.9,34.3,34.3,34.5,34.1,34.2,34.3,32.3,34.9,33.4,34.6
1785306241.0693257,1863,31.6,32.6,33.2,32.9,31.5,32.0,33.0,32.9,32.6,32.2,33.5,32.3,32.1,32.6,32.6,32.4,32.5,32.8,32.8,33.6,33.2,32.3,32.7,32.9,33.0,32.2,33.1,32.9,32.3,32.3,33.0,32.6,32.6,32.3,33.0,33.5,32.6,32.1,32.0,32.8,32.7,32.0,32.8,31.6,32.6,31.7,33.0,33.3,32.6,32.2,32.7,34.1,33.1,31.8,32.4,33.0,33.3,33.2,33.2,34.2,33.8,32.3,33.3,33.8,33.5,32.7,34.0,34.0,32.0,31.8,32.8,33.2,31.7,32.4,31.4,32.5,31.8,32.7,32.8,31.9,32.4,32.5,32.6,33.0,32.8,32.3,33.6,32.9,33.0,33.4,33.4,32.7,34.0,32.2,33.9,32.9,33.1,31.6,33.4,33.9,33.2,32.2,34.7,33.1,33.4,32.7,32.7,32.8,32.1,32.5,32.6,32.5,32.1,31.9,32.7,33.1,32.5,32.5,32.8,33.6,33.1,32.2,33.7,33.8,33.2,32.3,32.6,33.3,33.4,33.8,33.0,33.7,33.6,32.8,33.7,32.7,32.5,32.7,33.6,33.3,33.2,32.4,32.3,31.9,32.8,32.8,33.2,32.1,33.1,33.4,34.5,32.7,32.5,32.2,34.5,32.9,32.1,33.7,34.4,33.0,33.2,32.1,33.7,33.8,32.5,32.4,32.6,32.9,33.2,32.3,33.5,32.6,32.1,32.1,32.9,32.7,33.2,32.3,33.0,33.0,33.5,33.1,34.7,33.4,33.4,31.9,33.6,32.9,33.0,33.2,34.3,34.2,33.7,33.6,33.6,32.3,31.2,32.2,33.1,32.9,33.7,33.1,32.9,32.9,33.5,33.3,32.3,32.2,31.8,32.4,32.3,32.7,33.5,34.1,34.3,33.4,32.7,32.7,33.6,33.7,33.6,33.6,33.8,33.6,32.2,32.7,33.2,33.1,32.1,31.7,33.1,33.4,33.1,32.6,32.6,33.2,32.1,32.2,32.2,33.7,33.1,32.5,32.7,33.1,32.9,33.5,34.1,33.7,32.4,32.3,34.2,33.4,33.1,32.5,33.5,34.3,32.5,33.3,33.4,33.2,33.2,32.8,33.3,33.5,32.4,33.0,33.6,33.2,32.7,32.6,33.2,33.2,32.6,32.3,33.2,32.2,33.2,33.0,34.3,33.8,32.9,34.0,33.1,32.7,32.3,32.8,32.7,34.0,32.2,31.9,33.3,32.6,32.4,32.8,33.4,32.9,33.2,32.5,32.8,33.4,32.8,32.3,32.9,33.3,33.4,32.5,33.0,32.8,33.4,33.1,34.2,34.1,33.2,32.7,33.6,32.8,33.0,33.6,33.6,34.3,33.1,33.0,33.1,33.0,32.5,33.1,32.8,33.0,33.3,33.3,33.1,33.5,32.6,33.1,32.7,32.6,33.4,33.9,33.7,33.6,33.1,34.0,34.5,34.0,33.1,33.0,33.4,33.1,32.5,32.3,34.0,33.1,32.2,33.1,33.4,34.6,33.0,33.2,33.1,33.3,32.2,32.2,33.5,33.3,33.3,31.7,32.6,32.8,33.6,33.1,33.6,33.3,32.2,33.8,32.7,34.7,33.7,33.4,33.6,32.1,32.9,32.2,33.6,32.7,33.0,32.6,33.1,33.7,32.4,32.5,33.2,32.1,32.8,32.6,33.1,32.6,32.7,32.7,33.1,32.9,32.8,33.1,33.2,32.9,33.9,34.2,34.3,34.3,34.8,33.3,34.8,32.9,33.4,32.6,32.8,32.1,32.4,32.3,33.4,33.1,33.2,33.2,32.7,33.3,32.0,33.1,33.2,32.8,33.1,32.2,33.4,33.5,32.7,32.9,32.8,33.6,33.4,34.0,34.1,33.9,34.0,34.1,33.4,34.4,32.7,32.1,32.2,33.4,31.9,33.6,33.5,33.5,32.3,33.0,33.5,33.9,32.5,33.1,33.7,33.0,33.9,33.7,32.9,32.9,32.2,32.4,32.9,33.9,33.2,33.1,33.7,33.7,32.6,33.5,33.9,32.5,33.7,34.5,34.2,32.3,32.7,32.8,32.7,32.4,31.7,32.7,34.0,34.0,32.7,31.5,32.7,32.9,33.1,32.2,32.9,33.0,33.0,32.7,33.7,33.5,33.1,33.2,34.2,34.3,33.7,33.7,33.8,33.9,32.9,34.0,33.2,33.1,32.2,33.0,33.5,33.9,32.8,32.0,32.7,32.3,33.4,33.6,33.2,33.7,33.3,33.7,33.0,32.7,32.9,33.2,33.2,34.2,33.5,34.4,34.3,33.6,33.7,33.8,33.5,31.8,32.6,33.5,34.4,32.3,32.6,32.0,33.6,33.5,33.5,32.0,33.5,32.2,32.7,33.2,32.5,33.3,33.3,nan,33.3,32.8,32.2,32.7,33.1,33.5,34.3,33.1,33.2,33.1,33.7,33.2,33.5,33.7,32.9,32.6,33.8,34.2,32.8,34.0,34.2,32.9,33.0,32.1,33.0,32.2,32.7,32.4,33.5,33.3,32.9,32.2,32.9,32.9,32.7,32.1,32.7,33.9,33.5,33.7,33.6,33.6,33.8,33.8,33.7,33.6,33.5,33.3,34.2,33.7,32.8,33.0,34.0,33.0,32.5,33.6,33.6,33.5,32.7,32.9,32.9,33.9,32.2,32.3,33.8,33.8,32.2,32.4,33.1,33.9,33.1,33.6,34.3,34.8,33.2,33.9,33.1,33.9,33.2,32.4,32.9,34.2,34.0,35.3,34.2,33.7,32.5,32.4,33.7,32.8,32.6,33.2,32.2,32.9,32.6,33.9,34.8,32.5,32.5,33.3,33.8,32.6,33.5,33.9,33.1,33.6,33.6,33.2,33.3,33.4,33.3,34.0,33.5,33.6,33.2,32.3,33.3,33.9,32.7,33.4,33.0,33.6,33.2,32.5,33.3,34.2,33.4,32.4,33.1,33.7,33.8,32.8,33.9,33.2,33.1,33.3,34.4,34.3,33.5,32.6,33.4,34.6,32.5,32.3,34.0,34.8,32.0,33.5,32.5,34.5,32.6,33.5,33.5,33.1,33.8,32.8,33.4,33.8,33.1,33.6,33.8,33.5,32.4,32.4,33.6,33.1,33.1,33.6,34.1,33.5,33.9,32.2,33.2,33.1,33.2,34.4,35.5,33.5,32.6,32.2,34.6,34.0,33.0,33.0,32.9,33.8,33.3,32.1,33.5,33.8,33.7,33.0,33.8,34.0,32.0,31.8,33.4,33.9,33.2,33.3,33.9,34.0,34.5,33.7,33.4,34.3,33.8,33.2,33.8,34.9
1785306243.01518,1864,31.6,33.7,31.6,33.9,33.3,32.3,30.4,32.9,33.0,33.3,31.1,33.1,31.1,32.3,32.2,32.8,33.6,33.1,32.2,33.4,33.6,33.4,31.3,33.1,32.4,33.3,32.7,33.2,32.8,33.3,31.8,34.5,32.3,33.0,33.1,32.6,33.3,31.7,31.8,31.5,32.3,33.0,32.6,32.2,32.2,32.6,32.3,32.0,32.6,33.0,31.8,31.7,33.3,32.4,33.2,32.2,31.6,33.6,33.2,32.6,33.4,31.8,33.1,32.6,33.5,34.9,30.9,33.4,33.1,32.7,31.8,33.1,32.7,33.0,32.5,32.5,32.7,32.6,32.1,31.9,31.4,32.8,31.9,32.7,32.6,33.0,32.9,32.2,32.8,33.6,32.4,33.3,33.6,32.0,32.2,32.7,33.6,33.0,32.7,32.3,32.1,32.6,33.1,31.5,32.1,32.7,32.8,31.5,32.9,32.3,32.5,32.4,34.0,32.2,32.6,32.6,32.9,33.1,32.1,32.5,32.9,33.1,32.5,32.6,32.9,33.1,33.1,32.6,32.6,32.9,31.9,32.6,32.8,33.3,31.5,33.2,31.8,32.6,32.0,33.4,32.2,32.8,32.8,32.3,32.8,33.3,31.8,33.6,32.9,33.8,33.5,33.4,33.3,33.0,33.1,32.9,32.9,33.5,31.1,33.0,32.3,32.8,32.2,31.9,33.9,32.4,32.0,32.5,32.9,32.7,32.2,32.2,33.8,32.6,32.3,31.8,33.2,33.2,32.1,32.2,33.2,33.8,34.1,32.9,33.6,33.2,33.4,32.0,33.2,32.4,32.5,32.7,32.3,31.9,31.7,33.2,33.0,33.0,32.0,31.5,33.0,32.8,32.2,32.6,32.6,32.5,31.7,32.5,32.3,32.1,32.0,32.8,33.3,34.0,34.3,34.3,33.4,32.6,33.3,32.8,32.5,33.1,32.8,33.2,33.1,32.7,33.0,32.3,32.0,32.5,33.0,32.1,33.3,32.1,32.3,31.5,33.4,32.7,32.4,32.6,32.7,32.1,33.1,32.8,32.9,33.2,34.2,33.2,32.8,34.0,33.3,31.8,33.5,34.1,32.3,32.6,32.7,32.7,31.7,32.5,33.2,31.9,31.5,33.2,32.9,32.4,32.4,32.4,32.2,33.5,31.3,33.5,33.2,33.4,32.2,32.7,33.7,34.0,33.2,34.5,33.4,32.0,32.2,32.7,33.1,32.8,32.9,32.3,32.2,32.6,32.1,32.6,33.1,32.9,32.4,32.0,33.4,32.8,32.2,32.2,32.9,32.6,32.8,32.6,32.0,32.6,32.9,32.3,33.0,33.3,34.0,33.1,33.5,33.5,33.4,30.8,32.4,32.1,33.0,32.3,32.9,32.8,31.7,32.9,32.5,32.8,32.1,32.5,32.5,32.8,32.4,32.1,32.2,32.5,32.2,32.8,32.9,33.1,32.1,32.5,33.1,33.9,32.8,33.9,33.7,33.7,32.6,33.5,33.2,32.5,32.4,32.3,32.9,33.1,33.6,32.8,33.5,32.6,32.4,32.4,33.3,32.3,32.9,32.9,32.8,32.5,32.3,32.8,33.5,33.4,32.9,32.7,33.5,33.5,33.4,33.4,33.4,34.4,33.3,32.3,34.0,32.7,33.3,32.5,33.0,32.8,31.3,33.1,32.2,32.8,31.8,33.4,33.8,32.8,32.3,32.7,32.9,32.6,32.3,32.6,33.4,33.1,32.2,32.8,33.7,33.8,32.9,34.2,34.6,34.1,33.0,32.2,33.0,32.5,33.2,33.2,31.4,31.8,33.4,32.1,34.1,32.6,32.6,32.1,32.4,32.7,33.4,32.1,32.4,33.3,33.0,32.1,33.5,33.3,32.7,32.2,33.6,33.9,34.4,34.3,33.5,34.1,33.3,32.4,32.0,33.3,33.5,32.6,33.0,33.6,32.5,33.6,32.1,32.6,32.6,33.4,33.3,32.8,32.7,32.6,33.2,33.1,32.1,33.3,34.4,33.1,31.5,33.4,33.5,34.1,33.2,33.9,34.3,33.3,32.7,33.1,33.9,32.9,33.4,33.4,33.6,33.2,32.7,31.8,33.0,32.7,32.4,32.4,32.7,31.7,33.3,32.4,33.7,33.3,33.0,32.7,34.1,33.2,32.9,32.7,33.8,34.5,33.8,33.8,34.1,33.2,33.7,32.3,32.9,33.8,33.9,32.3,32.4,33.0,32.3,33.2,33.1,32.4,32.7,32.9,33.6,33.5,32.8,32.9,33.0,32.4,33.2,32.9,34.2,32.8,32.6,33.7,33.3,33.7,33.2,34.0,34.5,33.5,32.5,33.1,32.6,33.0,33.6,33.5,33.2,33.5,33.0,32.7,33.1,32.3,32.4,32.9,32.9,33.2,32.4,32.4,33.4,nan,32.5,32.2,33.7,32.9,32.3,32.5,33.6,34.8,33.8,34.0,33.8,34.1,33.0,32.5,33.3,34.0,33.1,34.0,32.8,32.6,32.7,32.8,32.9,33.7,31.1,33.4,33.3,32.9,33.3,32.8,32.4,32.6,31.6,32.7,33.4,32.6,31.7,33.7,33.5,34.4,33.6,34.0,34.1,33.3,33.4,33.8,33.1,33.4,32.2,33.3,32.8,33.0,33.7,32.9,33.1,33.1,33.4,33.5,32.9,32.7,32.9,32.9,33.7,32.5,33.3,31.8,32.4,33.3,32.8,32.4,34.0,33.0,33.4,33.2,33.6,33.1,33.1,33.5,33.4,32.4,33.7,32.7,32.4,34.3,32.3,33.1,33.5,33.2,32.3,32.8,32.6,32.7,31.9,33.3,33.0,33.0,32.8,32.5,32.4,33.0,32.6,32.5,33.6,33.5,34.3,34.7,34.0,33.3,32.9,33.2,33.5,33.1,33.1,33.2,34.1,32.7,32.7,32.5,33.7,34.2,33.0,34.1,33.2,33.4,32.4,32.1,32.1,33.1,32.6,33.2,33.0,32.3,32.7,33.5,33.8,33.9,34.8,32.5,34.4,32.8,32.8,33.3,34.2,34.1,33.2,33.9,34.4,33.3,31.9,33.9,33.8,33.2,32.3,34.1,32.9,32.9,33.6,33.3,33.3,33.6,32.9,33.5,33.6,32.1,32.7,33.0,33.8,33.7,33.0,34.3,34.3,34.1,32.6,33.0,34.4,33.2,33.0,33.5,33.6,32.9,33.3,33.5,34.3,34.0,33.0,32.2,33.1,33.6,33.7,33.6,34.2,33.7,33.0,32.4,33.0,33.0,33.7,33.2,33.8,33.1,33.2,33.8,34.5,33.7,33.2,32.7,32.8,34.5,32.7,33.3
1785306245.4712632,1865,34.0,32.5,33.3,33.7,32.6,33.3,32.5,34.3,32.7,33.7,32.6,32.4,33.1,33.1,33.1,32.7,32.7,32.8,33.4,32.8,33.3,32.6,33.0,33.6,32.1,33.6,32.1,32.4,34.0,32.9,32.7,33.3,34.0,32.9,31.9,32.7,33.2,32.5,32.8,32.5,33.6,33.2,32.7,33.3,32.3,32.1,32.4,32.6,33.4,33.2,32.1,32.9,32.6,32.1,32.4,32.3,32.9,33.1,33.1,33.6,33.9,33.7,32.4,32.5,33.1,34.3,33.0,33.0,33.8,33.0,32.9,33.0,33.0,33.1,32.4,32.8,33.2,33.9,33.0,32.7,32.3,33.6,33.0,32.2,32.2,33.1,33.1,33.6,32.7,32.4,32.9,32.6,34.1,33.2,33.3,32.4,33.0,32.9,32.2,33.1,32.7,32.7,32.4,32.2,33.7,33.2,32.1,32.7,32.4,32.8,32.4,32.4,31.7,33.2,32.5,32.6,33.2,31.9,33.1,32.7,33.6,33.0,33.0,33.1,33.6,33.0,32.7,33.6,33.5,33.9,32.6,33.8,33.1,33.7,32.4,33.1,33.0,34.1,33.5,32.8,32.6,33.6,32.7,32.5,33.2,33.2,32.6,32.2,33.0,33.2,34.3,33.5,33.4,33.6,33.2,33.2,32.6,35.0,32.3,33.4,33.6,33.1,31.9,33.7,33.2,32.9,32.7,32.2,32.5,33.1,33.2,32.4,32.9,32.0,32.2,32.8,33.1,32.7,32.7,33.1,33.1,34.7,34.0,34.4,33.2,32.7,33.1,32.8,33.3,33.3,32.7,33.5,32.9,33.3,33.9,32.5,32.7,32.9,33.3,32.8,33.0,33.1,32.1,33.4,32.9,33.6,32.2,32.9,32.3,33.0,32.7,32.5,33.4,34.3,34.8,33.2,32.6,32.7,32.8,33.1,33.7,34.1,32.9,33.3,32.8,33.7,33.5,33.6,32.8,33.1,32.4,32.6,33.4,33.1,32.7,32.9,32.5,32.6,32.7,32.2,33.4,32.2,32.7,32.7,34.0,34.2,34.4,33.6,32.7,32.2,34.0,32.6,33.2,33.2,33.4,33.7,32.6,33.0,32.5,33.6,32.5,33.7,33.0,33.1,32.8,32.7,32.0,32.7,33.6,32.7,32.6,32.8,32.1,32.6,33.2,32.5,33.9,34.0,33.5,33.9,33.5,33.8,32.5,33.3,32.6,33.3,32.8,32.7,32.9,32.9,32.2,32.7,33.4,33.6,32.3,33.1,33.5,32.7,33.3,32.6,33.5,32.7,32.7,33.2,33.2,31.9,32.2,32.7,33.7,33.8,33.8,34.0,33.8,33.8,33.2,33.6,33.6,32.7,32.7,33.2,33.0,32.7,32.4,34.0,33.3,33.4,33.0,32.8,33.2,32.7,32.3,32.7,32.8,33.0,32.7,33.0,33.7,33.5,32.3,33.8,32.8,33.6,34.0,34.0,34.3,34.0,33.4,32.7,32.5,33.0,33.5,31.8,34.0,32.3,32.1,33.9,33.1,32.9,32.8,32.3,34.0,33.7,32.3,33.8,33.1,33.0,32.9,33.2,34.1,32.6,32.7,32.4,33.4,33.7,33.6,34.1,34.0,33.8,33.6,32.7,33.5,32.6,33.0,33.2,34.2,32.5,32.2,32.8,32.9,33.6,33.4,33.0,32.5,32.8,32.8,33.4,33.8,33.2,32.5,33.5,33.1,33.7,33.2,32.9,33.1,34.0,34.2,33.8,34.2,33.1,32.7,31.6,33.8,34.1,31.5,33.9,33.8,33.4,32.6,32.2,33.5,32.9,32.9,32.9,33.5,33.1,32.8,33.0,33.0,33.2,32.0,33.1,33.4,33.1,32.9,32.6,33.7,34.2,34.0,33.8,35.3,33.8,33.7,33.0,33.5,33.0,33.0,33.5,32.7,33.7,32.4,33.7,32.7,32.4,33.6,33.7,33.3,32.9,32.6,33.6,32.8,32.4,32.3,33.4,32.0,33.2,32.9,33.7,32.9,34.2,33.9,34.6,34.6,34.0,32.7,33.7,33.3,32.8,32.4,33.9,32.5,34.5,33.4,33.2,33.4,32.0,33.3,33.0,32.5,32.9,32.9,33.5,34.2,33.1,33.1,33.1,33.4,32.9,32.8,33.6,33.2,33.1,33.9,33.7,35.5,33.8,33.4,33.8,34.3,33.2,33.8,32.6,32.7,33.7,32.8,32.7,34.1,33.6,32.7,33.1,33.5,33.9,32.6,33.3,34.0,33.2,32.3,32.9,32.1,33.4,33.1,32.7,33.7,33.8,33.1,34.0,33.6,33.6,32.5,34.0,33.4,33.1,32.6,34.0,33.1,32.8,33.6,33.8,33.6,33.1,33.2,32.5,32.8,33.3,32.3,32.3,33.5,nan,33.2,32.2,33.0,33.4,32.1,32.2,33.2,34.0,33.9,34.0,34.7,33.4,33.6,33.3,34.1,33.7,33.6,33.7,33.4,33.3,33.2,33.1,33.2,33.6,32.9,33.7,32.6,32.7,33.5,32.9,32.8,32.8,32.9,33.7,33.3,33.8,33.6,33.3,33.9,33.5,33.5,33.6,34.4,34.6,34.0,33.4,33.7,33.7,33.7,32.8,34.2,32.9,33.4,33.4,33.4,33.3,33.2,33.2,32.8,33.0,33.2,33.3,32.7,33.4,32.6,33.2,33.3,32.3,32.9,33.1,33.9,33.9,33.4,34.2,33.5,33.9,33.2,33.2,33.1,33.3,34.0,35.1,34.3,33.9,33.2,33.4,33.2,34.3,32.7,33.7,33.0,33.5,32.5,33.9,33.6,33.5,33.0,33.8,33.3,33.6,32.8,32.4,33.9,34.3,34.2,34.3,34.4,33.4,33.4,33.7,34.2,34.6,33.6,33.3,34.7,32.6,34.3,33.0,33.4,33.3,33.3,33.1,32.8,33.8,33.1,32.5,33.6,33.0,33.1,32.5,34.1,32.7,32.7,32.5,33.9,34.4,33.9,34.0,33.4,34.7,34.1,33.6,33.5,33.8,33.5,34.7,33.6,35.4,32.9,33.6,33.5,33.9,33.4,34.0,32.8,33.3,33.5,32.9,32.6,33.4,32.3,33.4,33.0,33.8,32.0,32.7,33.3,34.1,34.2,33.7,34.4,34.2,32.9,33.7,33.1,34.3,32.7,33.9,33.0,32.1,33.4,33.4,34.0,32.5,32.9,33.3,34.5,33.3,33.1,31.9,34.0,33.2,33.1,33.7,33.3,33.1,33.4,32.9,35.0,33.7,33.5,33.9,34.5,34.0,32.5,32.6,34.1,34.1,33.5,34.1
1785306247.475984,1866,32.9,32.7,33.0,33.2,33.9,32.8,32.7,33.0,33.1,32.7,33.0,32.6,32.7,32.2,32.5,32.7,33.1,33.0,32.5,33.2,33.1,31.8,32.0,33.4,32.3,32.4,33.0,32.2,34.0,32.7,31.9,33.8,32.4,33.9,33.6,32.7,32.5,32.2,33.0,32.9,32.6,31.7,32.5,31.7,31.6,32.1,32.1,33.2,32.9,32.5,33.2,33.1,32.4,31.9,32.1,33.3,33.3,32.5,32.4,33.6,32.6,32.8,32.4,33.9,34.3,32.8,32.0,32.5,33.0,32.4,33.1,31.5,33.2,32.9,32.9,31.9,32.5,32.7,32.5,32.0,33.2,32.8,32.9,32.6,33.8,32.2,32.2,33.6,32.3,31.8,32.7,32.6,32.6,33.4,32.8,34.0,32.8,33.1,34.2,33.1,32.7,33.5,32.6,33.4,32.8,32.8,32.3,32.7,33.0,34.0,31.7,32.5,33.9,33.7,32.6,33.5,32.8,33.3,33.2,33.1,32.6,33.4,32.0,32.7,33.4,34.1,33.6,32.9,32.7,32.5,31.1,32.9,33.5,32.0,33.0,32.3,32.8,33.0,32.8,32.9,32.8,32.5,32.4,32.9,33.9,31.9,32.8,32.9,34.0,33.7,34.8,33.3,34.0,32.2,32.5,34.0,33.0,33.4,33.2,33.1,32.9,32.9,33.0,33.9,34.2,33.8,32.9,32.8,32.6,33.0,32.3,33.2,32.7,32.9,32.9,32.1,33.3,32.8,31.9,33.1,33.1,34.7,34.5,34.2,33.7,33.3,32.9,33.4,33.5,34.3,32.6,33.7,32.6,32.6,32.8,33.1,32.9,31.4,32.6,32.1,32.9,32.7,32.6,32.0,33.1,31.6,32.1,32.6,33.0,32.2,32.1,32.5,32.9,33.3,34.4,34.2,33.3,32.7,33.5,32.5,32.8,33.0,32.1,33.1,33.2,33.9,32.5,32.8,32.4,33.2,32.5,32.2,32.1,33.7,32.5,33.4,32.5,32.7,33.0,33.5,32.4,33.4,32.4,33.2,32.9,33.6,33.4,34.1,33.1,34.1,32.5,33.4,32.8,33.4,33.4,33.3,32.3,32.4,32.9,32.7,33.3,32.0,33.4,34.3,33.9,32.1,32.7,33.0,32.8,32.4,32.7,33.4,33.1,32.5,32.4,33.3,33.6,33.2,33.1,33.4,33.7,33.4,33.0,33.0,33.4,33.1,33.2,32.0,33.6,32.9,32.8,32.9,33.1,33.2,33.3,34.0,33.3,32.8,32.8,33.1,32.6,33.0,31.6,32.6,32.6,33.5,32.4,32.6,33.1,33.1,33.6,34.2,33.3,34.3,34.1,33.8,33.6,32.7,32.3,32.6,32.6,31.6,34.2,32.8,32.8,32.9,32.3,33.2,32.7,32.1,32.9,32.3,33.1,32.7,33.8,33.2,33.5,33.4,33.0,32.9,33.0,32.5,33.6,33.6,33.9,33.4,33.1,32.7,34.0,32.4,32.7,32.4,32.3,33.8,32.1,33.1,32.9,32.9,32.5,32.7,31.9,32.9,33.1,33.2,33.6,33.2,32.5,32.6,32.5,32.9,33.2,33.2,33.1,33.7,33.0,33.7,33.6,33.8,34.6,32.4,32.4,32.8,33.2,33.1,33.3,31.4,33.0,34.2,32.9,32.3,32.2,33.3,33.6,31.9,33.1,33.4,33.2,32.7,32.1,33.0,33.0,32.6,32.5,33.4,33.0,33.4,34.4,33.8,34.6,33.5,34.0,33.6,32.7,32.8,32.9,33.4,32.8,32.6,32.5,33.7,33.1,32.7,32.5,32.6,33.5,32.7,32.6,32.4,33.3,33.5,31.5,32.8,32.5,33.3,32.4,33.1,32.8,33.2,32.9,33.1,33.1,33.3,33.7,33.1,33.0,33.2,32.6,32.9,32.5,33.1,32.8,33.1,33.3,33.3,33.1,33.6,33.1,32.4,32.8,32.8,33.6,33.2,32.7,33.4,33.4,32.7,32.8,33.8,33.1,32.0,33.4,33.3,34.6,33.6,33.1,33.2,34.4,32.4,32.9,32.6,33.3,34.1,33.2,33.4,31.6,32.6,33.3,33.3,33.0,32.5,33.2,33.0,32.8,33.0,33.4,33.0,32.5,33.3,33.2,34.0,33.2,33.9,32.9,33.7,33.8,34.0,33.7,33.8,33.5,33.2,34.3,33.4,32.7,32.7,32.0,33.1,33.6,32.1,32.9,33.1,33.0,33.0,32.9,31.9,33.4,32.4,32.3,32.5,33.8,33.4,33.1,33.3,33.8,33.7,32.9,34.3,34.4,33.8,33.8,32.7,33.5,33.3,33.1,33.2,33.3,32.4,32.9,33.0,32.8,32.4,32.2,33.0,33.0,33.0,32.5,32.7,32.5,nan,32.1,32.9,33.6,33.1,33.1,33.6,33.2,32.7,33.7,34.4,34.4,33.8,33.2,32.7,33.0,33.9,33.8,34.1,34.5,32.9,33.0,33.1,32.9,33.0,33.5,33.3,32.5,32.9,33.1,32.7,33.2,31.7,32.7,33.0,32.2,32.5,32.3,33.5,33.8,33.7,33.2,34.4,34.2,33.0,33.6,33.2,33.4,33.3,32.9,33.6,32.7,32.6,33.6,32.1,32.3,32.1,32.8,32.9,33.3,33.3,33.5,33.3,32.0,33.1,32.2,33.6,32.6,33.1,33.8,32.6,34.4,34.1,33.3,34.0,33.5,33.4,33.6,33.4,34.1,32.9,32.8,34.3,33.9,33.5,32.6,33.4,33.4,32.8,33.7,32.7,33.6,32.1,32.7,33.6,32.9,33.0,32.9,32.9,32.6,32.3,33.2,33.3,34.1,33.1,33.4,33.0,33.2,34.3,34.0,33.1,33.6,33.4,33.6,33.9,33.8,33.7,33.4,34.4,32.8,34.3,32.5,33.1,32.1,33.5,34.1,32.6,32.7,33.6,34.2,33.1,33.1,33.2,33.2,32.0,32.7,33.5,33.1,33.2,33.4,33.8,32.9,33.2,33.1,34.0,32.4,33.4,34.2,32.9,33.6,34.2,32.9,33.1,32.8,33.0,33.9,33.3,32.8,33.2,34.3,32.5,32.6,32.9,33.2,32.9,33.7,33.0,33.4,34.1,34.1,33.8,34.6,33.5,34.1,33.6,34.3,32.8,33.6,33.2,33.2,34.2,33.6,33.2,33.0,32.9,32.9,33.1,32.8,33.1,33.6,33.0,32.7,33.4,32.5,32.7,32.7,33.4,32.5,33.3,33.7,33.2,33.9,34.8,33.9,34.6,33.3,33.4,32.5,33.9,33.3,33.9
1785306249.4876666,1867,32.5,34.8,32.4,32.9,32.5,31.4,33.5,33.1,33.6,33.0,32.7,33.9,33.0,32.5,32.2,33.0,32.7,32.5,33.0,32.7,32.5,32.5,33.1,32.5,33.5,32.9,32.5,32.9,33.2,33.3,33.6,32.7,34.5,32.3,33.3,32.8,33.9,31.7,33.3,33.4,33.3,32.6,33.4,32.8,32.8,33.5,32.9,33.5,32.1,32.6,33.2,32.1,33.6,31.3,32.2,33.8,32.6,32.2,33.2,34.4,32.9,32.7,33.3,32.8,32.7,33.0,33.6,34.1,33.3,33.1,33.6,32.3,32.3,32.6,31.7,33.1,32.2,33.1,32.8,33.1,32.1,32.8,32.4,33.2,33.0,33.0,33.4,32.6,32.4,33.6,32.8,33.3,33.2,33.3,34.1,34.1,34.4,33.0,34.1,34.1,33.2,31.4,31.9,33.5,33.4,31.6,32.6,33.5,33.2,33.1,32.3,33.1,33.1,32.6,32.2,33.1,32.7,32.7,33.5,33.6,32.6,32.4,33.3,33.4,33.7,32.1,32.6,34.7,32.2,33.3,33.7,32.8,32.4,33.2,32.5,33.0,33.1,33.1,33.3,33.2,32.2,33.4,32.9,32.4,31.9,32.8,32.5,33.3,32.4,32.4,34.6,35.7,33.2,32.4,32.8,33.3,33.5,34.1,33.3,32.6,34.2,32.8,32.4,33.2,33.5,32.6,33.7,32.9,33.9,32.2,33.4,32.7,33.5,32.2,33.5,33.0,33.0,32.0,33.1,32.7,33.0,33.3,34.6,34.8,34.1,33.2,33.2,33.3,33.0,31.4,32.8,34.5,32.3,33.4,32.5,32.6,32.4,32.6,33.1,33.6,32.8,33.3,32.7,32.4,32.7,33.3,33.2,33.2,33.2,33.1,33.3,33.9,33.3,33.5,33.6,34.8,33.2,34.5,33.1,32.6,32.9,33.3,33.9,33.4,33.8,32.5,33.2,34.5,33.3,32.5,33.0,33.9,33.3,32.9,33.1,33.0,32.6,32.4,33.4,32.1,33.1,32.3,32.9,33.8,33.4,32.2,33.8,34.5,34.4,33.0,33.1,34.0,33.1,32.5,34.4,34.3,31.2,34.0,32.2,32.5,32.5,32.6,32.3,33.0,32.1,33.9,32.9,33.1,33.2,32.4,33.1,33.2,33.2,33.2,32.8,32.7,33.4,32.9,34.5,34.2,32.9,34.0,33.9,32.7,33.9,32.6,34.3,33.4,33.3,32.6,31.7,33.4,33.1,32.6,32.9,34.0,33.7,32.2,32.7,33.2,33.3,32.8,33.6,33.3,33.3,33.0,32.7,34.1,33.0,33.5,33.7,33.9,33.7,33.4,34.0,33.2,34.3,32.5,32.8,34.1,32.3,33.8,33.7,32.9,32.3,32.6,32.6,33.6,33.0,32.8,33.6,34.0,32.7,32.6,33.2,33.4,32.5,32.8,33.7,33.1,32.9,33.9,33.5,34.7,33.4,34.7,34.4,33.1,32.8,34.0,34.4,33.3,34.5,32.0,34.0,33.2,32.8,31.9,33.6,33.8,33.4,32.7,33.0,32.5,33.5,32.3,32.9,33.3,34.0,32.0,32.9,32.4,32.8,33.0,34.0,34.7,35.0,34.8,33.5,33.7,34.0,32.5,32.7,33.6,32.6,34.0,33.1,33.3,33.5,33.8,32.9,32.0,32.5,33.0,33.3,32.7,32.1,32.0,33.3,33.7,33.6,33.3,33.2,33.0,32.8,33.1,34.7,33.7,34.3,33.9,33.6,34.0,33.2,33.4,32.8,33.1,33.9,32.1,32.6,33.3,33.6,32.7,33.8,33.0,32.5,32.9,33.4,32.8,33.3,33.8,32.2,33.2,33.3,33.0,33.1,34.0,32.7,33.0,33.9,34.1,35.2,33.3,33.3,33.5,33.1,32.3,33.1,34.0,32.4,34.9,33.1,33.9,33.0,33.7,34.1,32.7,33.5,33.8,32.7,33.2,33.6,33.2,33.6,32.8,33.6,33.1,33.2,33.4,33.5,33.2,34.5,34.2,33.8,34.2,33.9,32.3,32.7,33.4,34.4,33.5,35.7,33.6,33.9,33.9,33.7,32.2,33.7,33.9,32.9,32.4,33.4,33.6,33.7,31.9,32.5,33.5,33.7,32.9,33.5,34.0,33.3,33.4,33.6,34.3,34.2,34.4,33.6,34.6,33.8,33.3,33.2,33.9,33.7,34.2,33.6,33.4,33.7,33.3,33.7,33.0,32.4,32.6,32.2,32.5,34.0,33.6,33.4,33.2,32.7,32.9,32.1,33.4,33.0,34.4,34.4,35.0,34.2,34.2,33.6,34.0,32.6,33.2,33.6,34.3,33.7,32.3,33.0,33.9,33.8,32.3,32.1,32.9,33.4,32.4,32.7,33.1,33.2,nan,32.6,33.3,33.6,33.2,33.3,33.3,33.6,33.5,34.4,35.2,33.8,33.6,34.2,34.3,33.9,33.0,33.2,34.0,34.2,34.5,33.8,34.2,33.0,33.5,32.8,34.1,32.2,32.1,33.8,33.3,32.4,33.5,32.4,33.4,32.9,33.7,33.4,32.9,33.7,34.2,33.5,34.2,34.0,33.6,34.1,34.2,32.9,34.5,33.8,34.5,33.9,32.6,33.9,34.4,33.1,32.7,33.6,33.5,33.6,33.1,32.8,33.7,33.2,32.2,33.0,33.8,32.4,32.7,33.2,33.2,34.5,33.3,32.7,34.5,34.3,33.7,33.1,34.3,33.6,33.4,34.1,33.8,33.3,34.5,34.0,33.9,32.5,33.6,33.6,33.7,32.9,32.9,33.3,35.0,32.5,33.5,32.6,33.7,32.2,32.8,33.3,32.5,34.2,34.1,34.9,33.5,33.3,35.2,33.7,34.5,33.7,34.1,35.0,34.3,35.0,33.8,33.3,34.4,32.9,33.4,33.7,33.2,33.2,33.6,33.8,33.6,33.6,32.6,33.3,33.0,33.8,32.5,33.6,33.9,34.3,33.8,34.3,33.6,34.2,33.5,33.0,33.7,33.6,33.3,33.2,35.2,33.0,33.7,34.8,34.1,32.6,33.2,32.9,32.5,32.9,33.8,34.0,33.5,33.5,34.0,33.5,33.1,33.1,33.0,34.3,33.1,33.3,33.5,34.1,33.4,34.5,33.4,34.4,33.2,33.6,33.4,34.4,34.5,34.7,32.2,33.8,34.4,34.5,32.3,32.6,33.2,33.5,34.5,34.0,34.0,33.5,32.5,33.3,33.5,33.7,33.0,33.8,33.7,35.1,33.7,33.9,33.6,34.2,33.9,33.4,34.9,34.0,32.8,33.6,34.2
1785306251.5259168,1868,32.6,33.3,33.3,31.8,31.4,33.7,33.1,33.0,33.1,33.5,32.6,32.6,31.6,32.6,32.5,33.1,32.6,33.3,33.3,32.4,33.1,33.4,31.8,32.6,32.8,32.4,33.7,33.1,32.0,33.4,32.1,33.0,35.1,32.9,33.6,32.5,34.5,33.4,31.9,32.5,33.2,32.7,32.1,32.7,34.0,33.4,32.1,32.7,32.5,32.4,32.1,33.7,33.2,32.7,31.4,32.6,32.7,32.1,32.9,34.1,33.9,32.2,32.7,33.5,32.3,33.8,32.3,33.3,32.8,33.0,33.5,31.4,33.2,33.7,32.0,33.6,32.7,33.4,33.1,32.5,31.9,33.5,32.0,32.2,33.1,33.8,33.7,32.9,33.1,33.0,32.9,33.6,33.3,32.7,34.0,34.0,34.7,32.2,31.9,33.3,32.7,32.3,33.2,33.4,33.0,32.1,32.7,32.5,32.6,31.9,32.8,33.9,32.5,32.5,32.7,33.2,33.4,32.8,34.0,34.9,33.8,33.1,31.8,33.3,34.4,32.8,32.9,34.1,32.5,32.7,33.1,33.6,31.3,32.6,33.2,32.3,32.1,33.0,32.8,33.1,33.0,33.4,32.6,32.7,32.2,33.1,32.5,33.2,33.4,33.0,34.1,34.0,33.6,33.6,34.0,33.6,33.4,34.2,33.6,33.8,34.3,32.4,33.2,33.3,32.4,32.7,32.1,31.7,33.7,33.2,33.1,32.8,32.9,33.6,32.7,33.3,32.6,31.6,32.4,32.6,32.6,33.3,34.7,34.6,33.9,32.6,32.2,33.5,32.1,32.7,32.4,32.9,32.4,34.4,33.5,33.1,31.9,33.9,32.8,33.0,33.3,33.4,33.1,32.8,32.3,32.6,33.4,32.4,32.5,34.0,32.4,33.2,33.6,33.3,33.4,34.4,33.9,33.7,32.6,32.7,33.5,34.0,34.0,32.8,33.9,32.1,32.9,32.8,33.2,32.4,32.7,32.4,33.7,33.2,32.0,33.8,32.9,31.5,32.4,33.4,33.1,33.4,32.2,33.2,34.2,33.3,33.4,34.8,33.8,32.8,33.3,32.8,33.2,33.8,32.6,33.3,32.4,33.5,33.7,33.8,33.7,33.9,33.3,32.9,32.7,33.2,32.4,31.9,33.8,33.6,32.8,33.5,32.4,33.3,32.9,32.7,33.5,34.1,33.4,33.6,33.5,33.8,33.8,33.3,33.2,33.8,33.6,33.7,33.4,33.1,33.0,33.1,33.6,32.9,33.0,33.0,34.0,33.3,31.8,33.0,33.4,33.2,33.0,33.9,33.5,32.4,32.7,33.9,33.7,34.4,33.5,33.7,34.6,33.0,32.6,34.0,34.0,32.8,32.7,33.8,32.0,33.5,33.2,32.6,33.0,33.6,32.4,32.5,33.1,33.2,32.4,33.8,33.1,33.2,32.6,32.4,32.7,33.2,33.0,32.9,33.7,34.1,33.4,34.1,34.4,34.1,34.3,33.4,34.0,33.1,33.9,32.4,32.8,33.0,33.3,32.9,33.5,32.8,32.5,33.2,34.2,32.6,32.6,32.4,32.9,32.6,33.0,33.1,34.1,33.4,32.9,32.6,34.5,33.6,33.5,34.3,33.6,34.7,34.4,33.7,33.5,33.2,33.0,33.9,33.3,32.9,33.3,34.8,33.3,33.4,32.6,33.0,33.2,32.6,32.2,32.4,32.7,33.3,33.2,32.7,32.2,33.4,33.3,33.1,33.5,34.2,33.8,33.6,34.6,33.8,34.2,32.8,34.2,33.0,34.3,33.9,34.0,33.6,32.4,34.0,34.0,32.8,33.4,33.1,33.1,32.4,33.0,33.7,32.5,32.8,32.3,33.5,33.1,32.5,32.4,33.3,33.7,34.2,33.5,34.4,34.6,33.7,32.8,34.7,33.3,33.0,32.4,34.5,32.3,34.4,32.3,33.7,32.8,32.9,32.9,34.0,33.2,33.3,33.3,32.7,33.7,33.3,33.5,32.9,32.9,33.7,32.8,33.2,33.1,34.5,34.5,33.6,34.9,36.0,34.4,33.0,33.7,33.2,33.5,33.3,33.9,33.7,33.0,32.9,33.6,33.0,33.3,34.0,33.7,33.0,32.9,33.1,34.7,32.2,32.6,33.0,32.8,32.3,33.7,33.8,34.7,33.9,34.4,34.1,34.5,34.3,33.4,34.2,33.9,33.6,32.6,34.0,32.7,33.1,32.3,33.1,33.4,33.4,33.1,32.8,33.2,33.2,32.1,32.8,33.3,33.2,32.0,32.9,31.9,33.2,33.0,32.5,33.1,35.0,34.0,33.9,34.3,34.1,33.5,34.0,31.8,33.3,32.7,33.0,34.0,33.2,33.2,33.4,33.4,33.0,33.1,32.9,33.0,32.9,32.8,33.5,33.1,nan,32.6,33.4,33.4,33.3,32.4,33.8,34.5,34.7,34.4,34.1,34.6,32.8,32.2,34.2,34.5,33.3,33.2,33.5,34.0,33.7,33.5,33.1,32.5,34.3,33.3,34.4,33.2,32.7,32.7,33.2,32.7,32.8,32.8,33.0,33.3,33.5,32.8,33.5,33.3,34.8,33.4,32.9,33.6,34.1,33.5,32.8,32.8,34.4,33.3,33.2,33.8,33.5,33.0,34.1,33.4,31.9,33.7,34.4,33.7,33.4,33.2,33.8,33.3,32.3,33.1,33.6,33.3,33.1,32.4,33.5,33.6,33.7,33.7,34.1,34.6,33.6,33.0,33.6,33.5,33.9,32.8,34.3,32.8,33.5,33.0,32.8,32.8,33.0,33.1,32.6,33.4,33.5,33.4,33.6,32.7,33.1,33.6,33.5,33.0,32.6,33.4,32.9,33.1,34.3,33.7,33.2,33.9,34.4,34.6,32.9,33.8,33.4,34.7,34.2,34.2,33.7,33.4,32.8,33.6,33.2,32.5,34.0,33.0,33.4,33.4,33.3,34.1,33.4,34.3,33.3,33.9,33.1,33.4,32.6,33.9,34.4,33.1,34.8,33.8,33.1,32.9,33.8,33.5,33.7,32.8,34.5,33.1,34.3,34.0,33.6,32.5,33.9,33.0,33.6,32.4,32.4,33.2,33.4,32.8,33.6,33.4,32.9,32.9,33.6,32.8,33.1,33.6,33.6,34.1,34.0,35.0,34.2,34.1,33.5,33.7,33.3,34.5,34.3,33.2,34.0,33.2,32.4,34.0,33.6,33.1,33.3,33.2,33.2,32.9,33.2,33.1,32.9,33.4,32.2,33.4,32.9,32.7,34.0,33.7,34.1,33.9,33.9,34.5,34.0,33.1,34.4,34.1,33.5,32.4,35.7
1785306253.9723465,1869,33.8,33.8,33.9,32.8,33.6,32.6,33.7,33.4,32.8,32.9,33.7,32.4,33.4,31.6,33.0,33.9,32.3,32.8,33.7,33.3,32.6,33.2,33.1,33.0,31.2,34.2,33.7,33.5,33.5,32.9,33.3,32.5,33.0,34.4,33.2,33.5,32.9,31.7,32.6,33.0,33.2,32.0,32.9,32.4,32.3,32.0,32.8,33.7,32.9,31.9,33.0,33.5,33.9,32.6,32.7,34.4,32.3,32.8,33.5,35.9,32.8,32.9,32.4,33.3,33.7,32.8,32.8,33.5,32.7,34.3,33.4,32.8,33.5,33.1,33.0,33.4,32.9,32.2,32.6,33.4,33.1,33.5,33.1,32.9,32.6,32.8,34.2,33.1,32.0,33.7,33.2,34.0,33.6,33.8,34.8,34.0,32.5,33.5,31.7,33.9,33.1,33.0,33.4,33.3,32.8,32.7,31.6,33.5,32.3,32.5,32.2,32.9,32.4,33.1,32.3,33.6,33.2,32.9,33.4,33.7,33.4,33.0,33.6,33.4,34.0,32.0,33.2,34.4,32.4,33.7,33.4,33.0,32.4,33.1,32.5,32.9,33.4,33.2,32.5,32.8,32.4,33.2,32.7,32.9,33.1,33.6,32.5,32.6,32.9,33.9,34.4,34.2,33.0,33.5,33.3,34.2,33.1,34.2,33.1,34.0,32.4,32.3,33.2,33.2,32.6,32.8,32.9,33.8,32.6,32.5,33.5,33.2,33.4,33.1,32.9,32.5,33.3,32.0,33.7,33.5,32.9,34.6,35.4,34.3,33.5,31.8,33.3,33.3,33.5,33.0,32.6,34.0,34.3,32.8,33.3,33.9,32.0,32.2,34.2,32.7,32.6,33.8,32.5,33.2,32.0,33.4,32.8,33.3,32.9,33.2,33.0,33.7,33.0,32.6,35.1,33.9,32.9,33.5,34.0,33.3,33.2,33.8,34.3,34.1,34.6,32.4,32.3,32.9,33.0,32.3,32.7,33.2,32.7,32.4,31.7,32.5,33.2,32.7,33.5,32.9,33.1,32.9,33.0,32.3,33.9,32.9,33.4,34.0,33.4,33.5,33.8,34.2,34.3,32.7,32.8,33.0,32.7,32.8,32.6,32.6,32.4,32.4,33.2,33.5,32.4,33.3,33.1,34.0,33.2,33.0,33.0,32.3,32.7,33.2,32.5,33.6,32.7,33.6,34.5,34.6,33.8,33.4,33.3,34.0,33.1,32.9,34.3,32.9,32.3,32.6,33.0,34.2,34.0,32.8,32.5,33.6,32.7,33.3,32.8,33.7,32.4,32.5,33.2,33.4,34.0,32.8,33.3,33.6,33.5,33.5,34.1,34.4,33.8,33.0,33.4,33.3,32.9,32.8,32.5,33.1,32.3,31.6,33.5,33.2,32.8,33.0,32.9,33.0,32.8,32.9,32.9,32.8,32.5,33.5,33.5,33.7,33.7,34.3,33.2,33.2,33.6,33.6,33.5,34.1,34.1,34.0,33.5,32.9,33.0,33.1,33.4,32.4,33.2,32.8,33.5,33.0,34.4,32.3,32.3,33.8,33.4,32.8,34.0,32.9,33.7,32.8,33.2,33.8,33.6,33.0,33.0,33.6,33.7,33.5,33.9,34.1,35.0,33.7,33.0,32.3,33.4,32.9,33.2,34.2,34.1,33.9,33.1,34.0,32.4,33.6,33.5,32.3,32.6,32.9,33.4,33.4,33.5,32.9,32.9,32.9,33.6,33.4,33.0,33.1,33.1,33.9,33.2,34.0,34.0,34.5,34.3,33.7,33.0,33.1,34.2,33.1,34.0,32.5,33.3,32.9,32.6,31.9,33.2,32.6,33.6,32.1,33.8,32.9,33.3,32.9,32.5,32.1,33.3,33.5,33.4,32.3,33.1,33.1,33.9,33.6,34.1,33.7,33.4,33.2,33.7,32.9,33.2,34.2,32.4,34.8,34.3,33.1,32.7,32.9,34.1,33.8,32.5,33.3,32.7,33.2,33.4,33.7,33.5,32.7,33.4,33.2,33.2,33.4,32.7,33.8,34.0,33.5,34.3,33.8,34.1,33.5,33.4,34.1,34.4,32.6,33.7,32.8,33.6,34.1,32.9,33.2,33.6,33.3,32.3,32.7,32.9,32.1,33.4,33.2,33.7,34.0,33.3,33.5,33.2,33.9,32.7,33.5,33.7,34.1,34.2,34.2,33.2,33.7,34.1,33.1,33.2,33.9,33.5,33.3,33.1,32.7,33.1,33.4,33.7,33.1,32.6,33.6,32.7,32.6,33.0,33.5,33.2,33.4,32.4,33.4,33.5,33.7,33.2,34.0,34.0,34.6,34.0,33.9,33.9,33.4,33.2,33.1,33.8,32.4,33.1,32.7,32.5,32.9,33.2,33.1,33.4,32.9,34.2,32.9,31.2,33.8,33.3,nan,33.4,33.3,32.9,32.4,33.2,33.3,33.7,34.0,33.9,34.5,33.0,33.2,33.8,34.1,33.0,33.2,34.0,33.0,32.8,33.1,32.5,33.5,32.6,32.7,33.7,33.7,32.7,33.5,32.8,33.8,32.4,32.5,33.5,33.3,32.4,32.7,33.0,33.8,33.7,34.2,33.4,34.3,33.1,33.9,34.1,34.3,32.9,33.3,34.0,34.0,34.0,32.8,33.8,34.2,33.4,32.9,33.0,33.7,34.0,32.5,34.1,33.4,33.0,33.3,32.4,33.1,33.3,33.4,33.1,33.5,33.3,33.6,34.6,33.4,33.5,33.9,34.5,33.0,32.9,33.6,34.2,32.9,33.8,33.3,34.2,33.6,32.1,33.3,32.8,33.9,33.1,33.9,33.6,33.7,32.8,33.5,33.8,33.3,32.4,33.6,33.1,34.5,34.2,34.2,33.1,32.3,33.8,34.1,33.9,34.3,32.5,34.4,33.9,34.2,34.5,33.4,33.6,33.9,33.0,32.1,34.0,33.6,33.1,33.8,33.2,34.1,33.9,33.1,32.9,33.7,32.7,32.8,33.9,33.5,33.2,34.3,34.0,33.4,33.6,33.5,33.7,33.3,33.5,32.5,34.4,33.7,33.2,34.5,34.1,34.0,33.6,33.5,33.7,33.6,31.9,34.6,33.6,33.6,33.8,33.6,34.0,34.5,32.6,32.4,33.4,34.3,33.1,33.4,33.8,33.5,33.9,34.6,34.8,33.5,32.6,34.3,34.4,33.4,33.4,32.2,34.1,33.8,33.6,32.4,33.7,33.8,32.9,33.2,33.8,33.7,33.4,33.1,33.1,34.2,32.7,33.0,31.8,33.9,33.6,34.2,33.3,34.4,34.5,33.7,34.3,34.5,33.3,33.8,34.2,35.3
1785306255.8609686,1870,34.1,33.5,32.6,32.5,35.1,32.2,33.9,33.9,33.6,32.9,32.7,33.6,34.1,32.9,33.2,33.3,32.7,32.8,32.6,33.3,34.1,33.5,33.5,32.8,33.4,33.6,33.3,33.3,35.3,33.4,34.0,33.8,33.8,34.1,33.9,34.0,33.4,33.2,32.4,33.4,32.8,33.9,34.0,32.6,32.1,33.1,32.4,33.3,32.5,32.6,32.8,32.8,32.4,33.7,32.9,32.8,32.7,33.6,33.1,33.1,32.6,33.4,33.9,33.1,33.5,33.8,32.6,34.2,33.1,32.8,33.2,32.6,34.2,32.9,31.7,33.0,33.4,33.2,32.6,32.9,33.7,32.8,32.2,34.0,33.3,33.1,33.1,34.0,33.9,32.6,33.4,34.0,35.7,32.7,32.9,34.7,32.5,33.5,33.3,34.8,32.7,34.2,33.6,33.1,32.6,34.7,31.6,32.6,32.4,33.6,33.1,33.2,31.9,34.8,32.6,33.1,32.5,33.6,34.7,33.2,33.4,33.9,33.4,34.2,33.4,34.4,33.2,34.4,34.5,33.2,33.9,32.5,34.4,32.4,32.7,32.9,33.3,32.5,32.7,33.0,33.5,32.4,33.0,33.0,33.6,32.6,32.9,33.2,34.3,33.7,35.6,34.9,34.1,34.2,33.1,33.8,34.3,34.6,33.3,33.6,32.2,34.1,33.4,33.2,34.2,32.8,33.3,32.7,33.2,33.0,33.0,32.7,32.7,33.5,33.6,32.7,32.0,33.0,33.2,32.5,32.8,34.6,35.2,34.3,33.2,33.9,33.9,34.1,33.5,33.6,33.5,34.0,34.8,33.7,32.7,33.1,32.8,32.9,32.9,34.1,33.1,33.1,32.5,33.3,33.3,33.2,32.3,33.6,33.5,33.3,32.8,34.3,34.5,33.3,35.1,34.6,34.3,33.4,33.6,33.6,34.6,33.2,33.4,34.3,31.9,34.0,34.1,33.3,32.0,34.0,33.3,32.5,33.5,33.9,33.0,32.7,31.5,33.0,33.8,33.6,33.2,32.9,33.5,33.1,33.7,33.9,34.6,34.0,33.4,35.0,33.6,33.4,34.0,34.3,34.5,33.6,33.7,33.2,33.4,34.0,34.7,33.3,33.0,34.2,33.1,33.0,33.8,33.4,33.4,32.8,33.2,33.6,33.0,33.7,33.2,34.1,33.8,34.0,33.7,34.4,33.9,33.3,33.7,35.3,34.6,33.5,34.1,34.5,32.1,34.5,32.6,34.0,33.1,34.6,33.3,33.4,33.0,33.8,33.3,33.5,33.2,33.4,33.3,33.4,32.3,34.1,32.8,33.3,33.4,33.5,33.6,34.4,33.8,34.2,34.4,33.9,33.6,33.4,32.1,34.7,34.0,32.9,32.7,33.6,34.8,32.9,32.9,33.5,33.8,33.1,32.6,33.6,33.7,32.9,32.7,33.2,33.7,32.6,33.3,34.3,33.6,33.8,34.0,34.5,35.6,34.0,33.7,33.4,34.1,33.1,33.4,33.8,32.8,34.3,33.1,33.4,32.7,34.2,33.4,33.3,33.5,32.5,33.6,33.6,32.6,33.9,33.5,33.3,32.6,33.6,34.5,34.1,34.2,34.4,34.3,33.9,34.1,34.7,33.4,33.4,33.0,33.6,34.3,32.7,34.1,33.9,33.5,34.0,34.0,33.8,33.9,33.0,34.3,32.8,32.4,33.6,34.0,33.3,33.2,33.8,34.0,32.6,32.9,33.2,33.9,33.5,34.7,35.0,34.8,34.5,33.4,33.7,34.3,32.8,34.0,34.6,32.8,33.3,32.9,33.8,33.5,33.9,33.6,32.5,32.5,33.2,33.0,33.4,32.1,34.1,33.4,33.5,32.8,33.7,33.6,33.5,33.4,34.3,34.8,34.4,34.8,35.1,34.3,32.4,33.5,33.8,33.9,34.2,33.9,32.7,34.3,34.0,33.6,33.8,34.1,33.3,33.1,32.8,33.5,33.5,33.9,32.9,33.2,33.8,33.6,33.5,32.7,32.4,33.5,34.1,34.2,33.1,34.3,33.9,33.6,34.1,33.4,33.3,33.2,33.6,33.1,35.0,32.6,33.7,31.6,33.4,34.0,33.1,33.0,33.0,33.2,33.3,33.3,33.5,33.6,33.7,33.1,33.0,33.3,34.3,33.9,33.8,34.7,33.8,35.2,34.6,33.9,33.5,33.5,33.6,34.3,33.7,34.7,33.5,33.5,33.1,34.0,33.2,33.6,33.0,34.5,33.0,33.5,33.6,33.3,34.1,32.7,33.5,33.7,33.4,32.9,32.8,33.3,33.3,34.2,34.5,34.5,34.3,34.1,34.0,34.3,33.5,34.0,34.0,32.7,35.4,33.5,32.3,33.0,33.6,33.2,32.9,32.6,34.3,34.7,34.4,32.7,nan,33.1,32.7,32.9,33.7,33.4,33.5,33.6,34.3,34.2,34.3,33.9,34.2,34.0,33.7,33.4,34.0,33.8,33.4,33.5,33.5,33.3,33.7,33.7,32.8,33.2,34.6,33.6,32.9,34.0,33.8,33.4,33.1,33.2,33.5,33.2,32.3,33.7,32.8,34.2,33.8,34.0,35.0,34.8,33.9,34.3,33.9,33.9,34.2,33.6,35.3,32.9,34.5,33.8,33.2,32.3,34.2,33.0,32.8,33.0,33.6,33.4,33.6,32.8,33.2,32.6,33.4,33.1,33.0,33.3,33.2,33.8,33.8,33.7,34.3,33.5,34.4,33.4,33.5,33.7,34.9,34.0,33.8,35.1,34.6,34.0,34.6,33.3,33.0,31.9,33.8,33.8,34.2,33.8,34.3,34.2,33.5,33.8,34.3,33.7,33.1,32.7,33.1,34.3,33.8,34.0,33.4,34.3,34.6,34.1,33.9,34.5,33.6,34.1,34.2,32.9,33.6,33.6,33.9,33.2,34.4,33.3,34.3,32.8,34.5,33.9,34.4,33.4,34.1,32.4,34.0,32.7,34.0,33.0,34.2,32.9,34.6,36.1,33.4,33.6,35.0,33.7,33.3,32.9,34.3,32.2,33.9,33.2,33.4,34.1,34.2,35.0,33.9,33.5,34.2,34.1,33.3,33.2,33.7,33.6,32.9,34.5,33.4,33.1,33.4,32.3,33.8,34.3,33.8,33.9,33.8,34.7,34.2,33.8,33.7,33.0,33.9,34.6,35.0,32.3,34.5,34.3,34.2,33.8,34.2,33.3,33.4,34.1,34.9,33.4,34.0,33.4,33.8,33.8,33.5,32.4,33.2,33.4,34.6,33.5,34.5,33.5,34.3,33.7,35.0,33.9,34.3,33.1,34.7,34.2,35.3
1785306257.9697745,1871,33.3,33.7,34.6,33.4,33.8,32.5,33.4,33.1,32.6,32.7,32.5,33.5,33.2,32.3,33.2,33.8,33.4,32.1,33.0,33.1,33.6,32.5,34.0,32.5,33.0,32.5,33.1,33.8,33.5,33.3,33.3,32.9,32.4,33.3,33.3,33.8,33.9,33.7,33.1,33.4,32.7,33.5,32.2,33.4,32.0,33.3,33.8,33.3,32.6,32.2,32.7,33.0,33.1,33.5,33.0,33.4,32.4,34.4,34.5,33.9,32.7,33.4,33.3,32.8,34.5,33.5,32.1,34.1,33.3,33.1,32.6,32.9,33.5,33.0,31.9,33.8,33.1,32.1,32.1,33.3,33.0,32.5,32.4,32.8,33.0,33.2,33.2,33.2,32.8,33.1,32.4,33.5,33.8,32.9,34.1,34.6,32.9,32.8,33.4,34.6,32.6,34.0,33.3,33.7,32.9,33.1,33.1,32.8,32.2,33.7,32.7,32.9,32.8,33.3,32.7,32.9,32.6,34.1,34.2,33.7,33.1,33.3,33.1,34.2,33.7,33.7,33.3,33.9,33.6,32.4,31.2,33.3,33.2,32.7,32.5,33.5,33.4,32.9,34.1,33.4,33.5,33.5,32.8,32.6,32.1,33.5,32.2,33.0,33.9,34.1,35.9,35.0,33.9,33.5,33.1,34.1,33.1,34.1,34.0,33.7,33.2,33.9,32.9,33.2,31.9,33.7,33.6,33.2,33.1,33.4,33.2,32.4,32.5,33.5,33.0,32.7,32.1,32.3,33.3,34.2,32.5,34.1,34.8,35.2,33.2,33.7,33.8,34.1,33.0,34.2,33.6,33.8,33.9,33.0,32.5,34.6,32.9,32.6,32.9,33.1,33.7,32.7,32.8,32.6,33.0,32.8,33.8,33.2,32.9,32.9,33.0,33.6,34.0,32.4,34.9,34.7,33.2,33.3,33.4,33.7,34.6,32.5,33.2,34.5,33.1,33.1,32.8,34.3,32.9,34.0,32.8,33.6,33.3,33.4,33.1,33.5,33.2,32.7,33.1,33.6,33.1,33.1,32.8,33.6,33.6,32.9,34.2,34.7,33.0,34.0,34.2,33.1,32.6,34.3,34.4,33.8,33.3,32.3,31.9,34.1,33.9,32.5,33.0,34.3,33.1,32.2,33.3,33.6,33.0,33.4,32.9,33.7,32.7,32.6,33.0,33.7,33.3,33.1,33.8,34.2,33.7,32.5,32.9,33.1,33.5,32.6,33.5,34.0,33.1,32.8,33.8,34.6,33.2,33.1,33.8,34.1,33.1,33.5,33.2,33.7,33.6,33.4,32.9,33.4,33.0,33.7,33.6,32.2,33.5,33.8,33.9,34.1,33.5,33.2,33.8,33.7,33.0,33.7,33.8,33.7,33.5,32.8,33.9,34.1,33.4,33.7,33.1,33.4,33.5,33.0,32.4,33.4,33.3,33.3,33.7,33.4,34.2,33.1,32.7,33.4,33.9,33.7,33.5,34.4,33.9,34.2,33.3,34.6,34.3,32.9,32.8,33.7,33.1,33.3,33.2,33.6,33.0,33.5,33.3,33.6,32.5,32.8,33.1,33.4,33.3,33.4,32.9,32.7,32.7,33.3,33.3,33.9,33.0,33.6,34.0,34.1,34.0,34.6,33.7,33.7,33.6,34.3,34.2,33.7,33.4,33.2,32.9,33.9,33.5,32.4,33.2,33.2,32.6,33.2,32.3,33.5,32.9,33.4,32.8,33.1,32.9,33.0,32.8,33.3,33.9,33.3,35.2,35.0,34.5,33.9,33.7,34.7,34.6,33.2,34.5,34.4,33.1,32.9,32.9,33.4,33.1,33.2,33.5,34.5,33.1,33.0,33.6,33.4,32.5,33.0,32.2,33.0,33.2,33.3,33.3,33.5,31.5,33.6,34.4,34.8,34.7,34.1,33.8,34.0,33.3,33.6,32.3,34.0,33.6,33.2,33.7,34.5,33.4,33.0,34.0,34.3,32.8,32.5,33.8,33.6,33.9,33.7,33.2,33.4,34.5,33.6,33.3,33.9,33.7,33.4,34.3,34.2,35.3,34.5,33.5,34.0,33.9,32.9,33.5,33.2,33.8,33.8,33.9,32.9,33.0,33.7,33.7,34.4,32.1,33.2,33.4,33.4,32.4,33.6,33.8,33.5,33.8,32.9,33.7,32.9,32.8,34.1,33.9,34.8,34.7,34.1,33.3,33.5,32.9,34.4,33.9,35.1,34.1,33.8,33.3,34.0,32.7,33.5,32.7,33.2,33.1,33.3,33.3,33.9,33.2,33.4,33.2,33.1,33.7,32.6,33.4,33.7,34.8,33.6,33.7,34.7,35.3,33.5,33.9,34.2,33.7,34.3,34.2,33.1,32.8,33.9,32.7,34.1,32.2,34.2,33.3,33.1,32.4,33.6,33.6,33.7,32.9,nan,33.8,33.0,32.7,33.3,33.3,33.3,33.1,33.8,33.8,34.8,33.6,34.7,33.3,33.4,32.9,32.8,34.1,34.6,33.7,33.4,33.9,34.6,33.5,33.7,33.3,33.9,33.6,33.1,33.3,33.5,32.7,32.2,33.4,32.9,33.2,32.4,32.8,33.2,33.5,33.6,34.6,34.2,34.0,33.3,34.5,34.4,33.5,33.6,34.4,34.1,34.1,32.7,34.5,34.3,32.2,33.6,33.3,33.7,33.6,33.6,34.0,33.5,33.1,33.5,33.3,33.9,33.0,33.5,33.7,33.4,33.2,34.8,33.8,34.1,33.8,34.4,33.3,34.4,33.4,34.2,34.4,34.2,33.3,33.6,34.6,34.8,33.3,33.4,33.7,34.3,33.5,32.7,33.6,34.4,33.7,33.9,34.1,33.5,33.9,32.9,33.3,33.4,33.8,33.7,34.0,33.6,33.8,33.4,34.1,34.2,33.9,33.3,33.9,34.3,32.6,34.0,34.4,34.5,32.5,33.8,33.4,33.9,32.9,33.7,34.5,33.9,33.5,34.0,33.6,34.0,33.0,32.6,33.1,33.1,33.8,33.9,34.6,34.3,33.4,34.6,33.8,34.4,33.4,34.3,33.8,35.4,32.7,33.8,32.3,34.8,33.6,32.2,34.5,33.7,33.4,33.6,33.8,34.2,33.1,33.5,32.4,33.5,33.4,32.6,33.8,33.7,34.0,33.5,33.4,34.5,34.5,33.6,34.0,34.2,33.8,34.0,34.6,34.7,32.7,34.3,34.4,33.5,32.9,34.0,32.4,34.1,33.7,33.2,33.5,34.7,33.3,33.3,34.4,34.0,33.0,33.5,33.7,34.2,33.8,33.6,34.1,34.9,33.8,34.5,33.5,33.3,33.2,34.9,33.7,35.3
1785306260.1164315,1872,32.5,34.2,33.4,33.4,32.2,32.7,32.8,33.1,31.7,32.4,32.5,32.5,31.9,32.4,32.4,32.4,32.5,32.3,32.4,33.4,33.2,32.3,32.5,32.7,33.2,32.4,32.5,33.6,33.0,32.6,33.5,32.9,33.9,31.7,34.0,33.5,33.2,32.8,32.2,32.8,32.3,32.2,33.5,32.8,32.2,32.8,32.5,33.3,32.4,32.6,33.0,33.5,32.7,32.2,32.4,32.0,32.5,33.0,32.3,32.6,32.0,32.7,32.8,33.8,32.5,32.9,32.1,34.0,33.1,32.9,33.8,31.8,33.3,32.4,32.5,32.9,32.4,33.1,32.9,33.1,32.6,33.2,33.3,32.4,31.9,32.1,33.6,32.6,33.0,32.8,33.2,32.9,32.7,32.2,33.4,33.2,32.6,31.8,32.9,33.7,32.9,33.0,33.1,32.7,33.0,32.5,31.6,32.4,32.1,32.7,32.5,32.7,32.8,33.3,32.9,32.4,32.2,33.4,32.9,32.8,31.8,32.6,32.5,33.2,32.4,32.7,30.9,33.5,31.4,33.3,33.0,33.5,32.8,33.0,32.9,32.9,33.3,32.5,31.6,32.7,32.4,32.4,32.5,33.2,32.8,32.8,32.5,32.9,33.1,33.1,34.2,33.6,33.2,32.4,33.1,32.5,32.9,33.3,32.6,33.2,32.3,30.7,33.5,32.8,32.7,32.8,32.6,33.4,32.5,32.2,32.7,33.1,33.6,32.3,31.9,32.7,32.0,33.0,32.6,32.8,33.0,33.0,33.7,34.0,33.4,32.8,32.0,34.3,33.0,32.4,32.5,33.2,32.8,33.2,32.3,33.4,32.2,33.0,32.7,32.7,32.4,33.0,33.0,32.0,32.8,32.5,32.5,33.0,32.7,32.6,32.5,33.0,33.0,33.2,34.4,34.3,32.9,32.5,32.7,33.5,33.4,33.0,33.2,32.7,33.1,32.2,33.4,33.1,32.5,32.7,32.4,32.9,32.7,32.7,32.4,32.5,33.2,32.7,33.0,32.6,32.5,32.1,32.7,33.6,33.4,33.0,33.5,34.8,32.1,32.3,32.8,32.9,32.9,33.5,32.9,33.2,31.6,32.5,32.2,32.6,32.3,33.0,33.0,33.0,31.7,31.7,32.3,33.2,31.7,32.4,33.0,32.5,32.7,32.9,32.8,32.9,32.2,33.2,34.3,33.5,33.6,33.5,32.6,32.5,32.5,33.5,33.1,32.1,33.4,32.8,31.7,32.8,32.4,32.6,33.2,33.6,33.2,32.1,32.6,33.2,32.6,31.7,33.2,32.6,33.1,33.0,32.4,32.8,32.8,32.7,33.8,34.6,33.3,33.5,32.7,33.5,33.7,32.4,34.0,33.7,32.9,33.4,33.7,33.8,31.9,32.9,31.9,33.6,33.1,32.8,33.1,33.0,32.2,32.4,32.7,33.1,33.5,32.8,33.3,32.8,32.6,33.3,33.6,34.3,33.2,33.0,33.2,32.9,33.0,32.1,33.2,33.1,32.8,32.0,33.4,32.2,32.6,32.3,32.5,32.6,32.9,33.0,32.2,33.6,33.0,33.1,32.2,32.8,32.7,33.3,33.6,34.1,32.5,32.8,34.2,33.6,33.0,33.2,32.9,33.5,32.9,32.9,33.0,33.2,31.3,33.8,33.7,33.1,33.0,32.9,32.7,32.7,32.6,32.3,31.8,32.8,32.6,33.1,32.3,33.2,32.8,32.4,34.0,33.4,32.9,33.2,33.8,34.3,33.8,33.3,33.2,33.3,33.4,33.2,33.4,33.7,33.5,32.7,32.8,32.3,32.1,32.3,32.9,32.8,33.0,33.2,32.7,33.1,32.5,32.7,33.0,32.5,32.5,33.0,33.4,33.0,32.6,33.6,34.1,33.4,33.8,34.1,34.0,33.7,33.0,34.2,32.0,33.8,32.6,32.4,33.3,33.1,32.1,32.6,33.0,34.0,32.3,32.8,33.2,33.2,33.1,32.6,34.3,33.2,31.8,32.6,33.7,34.0,32.9,33.1,34.3,33.2,33.8,33.5,33.9,33.9,33.4,32.8,34.4,33.9,32.5,33.2,32.5,33.3,32.4,32.9,33.1,32.6,32.5,31.7,32.9,33.4,32.7,33.0,33.7,32.7,32.7,33.2,33.2,33.4,32.6,33.3,33.6,34.1,34.0,34.1,32.4,33.9,33.0,33.8,33.4,33.1,33.2,32.3,32.5,33.2,32.8,32.7,33.2,32.8,31.7,32.8,32.7,33.3,33.0,32.9,33.2,32.1,32.7,32.9,33.4,33.9,32.9,33.2,33.5,33.5,35.0,34.2,33.5,32.9,34.7,33.7,34.0,33.7,33.0,33.7,32.4,32.9,33.6,31.4,32.2,33.1,32.5,33.1,32.2,33.9,32.2,nan,33.1,32.2,32.8,32.6,33.4,33.5,33.3,33.5,33.2,35.0,34.1,34.1,32.8,32.5,33.6,33.2,33.6,34.2,31.8,33.2,34.2,34.5,31.6,32.9,33.7,33.9,32.9,33.2,32.6,32.4,32.7,32.7,33.1,33.4,32.9,33.9,33.2,33.4,33.5,33.2,33.6,34.0,33.3,32.5,33.4,34.0,33.9,33.5,33.6,34.1,32.6,32.5,33.0,33.4,32.5,32.7,33.8,33.3,33.4,32.6,33.4,33.0,32.7,33.0,32.9,33.1,33.2,33.0,32.8,34.0,33.3,33.5,33.9,34.3,33.9,32.6,33.2,33.5,33.4,33.0,33.9,34.0,33.3,33.3,33.7,33.5,33.3,33.2,32.1,33.4,33.3,33.1,33.6,33.1,33.1,32.7,33.6,32.3,32.9,33.0,33.6,33.3,33.8,34.0,34.0,33.2,33.3,33.4,33.7,33.9,33.9,33.4,33.9,34.5,32.3,33.2,32.5,34.3,33.4,32.8,33.0,33.9,32.3,33.9,32.0,34.2,32.1,32.4,33.6,32.6,33.3,32.6,32.9,33.7,33.8,33.1,33.2,34.5,32.6,33.1,33.8,35.0,33.1,33.7,34.0,34.6,33.5,32.8,32.3,33.6,34.0,33.5,32.9,33.3,32.9,32.8,32.3,33.3,33.8,32.9,32.9,32.8,32.7,32.2,32.7,32.7,33.6,32.4,34.5,33.7,33.6,33.9,34.6,33.3,34.2,34.2,34.2,34.0,32.8,32.2,34.6,32.9,33.9,32.8,32.8,33.0,32.7,33.0,33.5,33.7,32.6,32.3,33.1,33.1,32.8,33.0,32.0,33.0,33.2,33.1,33.5,34.2,34.3,33.4,33.0,33.9,33.0,33.6,33.4,34.9
1785306262.2576728,1873,34.2,33.3,33.5,31.7,33.4,33.9,34.2,32.4,33.7,33.5,32.8,32.0,32.9,33.3,33.8,32.9,32.9,33.3,32.5,33.3,33.7,33.3,32.8,32.6,33.1,33.6,33.0,33.7,34.2,33.6,35.4,32.8,34.0,34.2,34.1,35.1,34.7,33.3,33.0,33.5,34.0,32.9,33.1,32.9,32.9,33.0,32.8,33.8,33.9,33.4,33.1,33.4,33.4,32.7,34.1,33.7,32.9,32.9,33.7,34.0,34.1,32.8,32.9,34.9,33.8,34.5,33.6,33.2,33.4,32.8,32.9,33.5,33.2,33.5,33.7,33.0,33.2,34.3,33.0,33.4,33.4,33.6,32.3,32.9,33.2,32.9,33.0,33.1,33.5,33.9,33.7,34.2,33.7,33.8,33.5,32.6,32.5,33.8,33.5,33.5,33.1,33.5,34.0,34.0,33.5,33.2,31.8,33.0,33.3,33.1,32.4,32.5,33.0,33.2,33.2,32.5,32.8,33.3,33.4,33.3,33.9,34.2,32.2,34.5,33.8,33.4,33.4,34.7,34.4,33.6,32.8,33.4,33.1,34.1,33.6,33.8,33.3,33.4,32.6,32.4,33.3,33.2,34.0,33.4,32.0,34.2,32.6,33.4,33.8,33.9,35.0,34.2,33.3,34.0,33.6,33.6,33.6,34.4,33.6,33.8,34.9,33.3,33.4,32.9,33.4,32.7,33.5,33.5,33.9,33.1,32.6,33.3,33.4,33.6,33.1,33.6,33.5,33.8,32.4,32.8,33.9,34.4,34.9,35.6,34.2,33.8,33.3,34.0,33.9,33.7,33.1,33.7,32.8,33.7,33.4,32.9,34.2,34.2,33.0,32.8,33.2,33.4,33.5,33.7,33.1,32.9,33.2,32.9,32.8,33.0,32.7,32.8,34.2,34.3,35.2,34.9,33.1,34.7,33.0,32.9,34.1,33.7,33.7,34.5,33.2,33.4,33.7,33.0,33.9,34.1,33.3,32.8,34.6,32.8,32.9,33.4,32.8,33.8,33.0,32.5,33.2,33.7,33.0,33.0,33.8,33.6,33.9,34.8,34.4,33.6,34.0,34.4,34.1,33.6,33.8,33.7,33.8,34.5,33.5,32.3,34.6,33.5,34.0,32.7,34.0,33.5,33.2,33.4,33.3,33.2,32.5,32.6,33.5,33.3,33.4,33.0,33.8,34.3,34.6,34.8,33.8,34.1,33.2,34.0,33.4,34.0,33.6,34.3,34.8,33.5,33.4,34.1,32.3,33.6,33.2,33.7,33.3,33.6,33.6,34.3,33.4,33.3,33.0,32.7,33.5,34.2,33.0,32.9,34.0,33.4,34.3,34.5,34.3,34.3,33.0,33.6,33.4,34.0,33.7,34.0,33.8,33.3,32.8,33.1,34.2,34.6,33.4,33.8,34.1,33.9,33.5,33.3,33.0,33.2,33.9,33.0,33.5,32.4,33.6,33.0,33.2,33.6,34.2,33.6,33.5,34.0,33.3,33.8,34.0,34.4,33.7,32.8,34.4,33.4,33.3,34.3,33.6,33.8,32.5,33.0,34.2,33.4,33.1,33.4,33.6,33.2,33.3,33.7,34.5,33.7,33.2,34.0,33.6,33.4,33.6,34.2,35.1,34.2,33.0,33.6,33.9,33.9,33.5,34.6,34.6,34.5,33.6,33.6,33.4,34.3,33.6,34.5,33.9,33.3,33.5,33.2,33.3,33.5,32.9,33.8,34.6,34.3,33.1,33.7,33.5,34.3,34.1,34.3,34.1,34.8,34.5,33.6,34.0,33.9,34.1,33.4,34.5,33.2,33.5,34.3,34.2,34.0,34.1,33.2,34.3,32.8,34.0,32.5,33.7,33.3,33.4,33.6,33.9,33.9,33.4,32.8,33.6,34.5,34.3,34.7,34.6,34.5,34.4,33.4,33.9,33.5,34.3,33.9,34.0,33.9,33.8,34.6,34.0,33.4,33.6,34.5,33.4,33.4,33.3,32.3,34.0,33.8,33.3,33.2,34.2,33.8,34.1,33.4,33.3,34.6,34.3,33.3,34.6,34.6,34.2,33.5,32.9,33.3,33.8,33.8,33.5,34.7,34.4,33.8,34.5,33.0,34.0,34.5,34.0,32.8,32.9,33.4,33.7,33.4,32.9,33.9,34.5,33.4,34.3,34.1,34.4,33.6,33.2,34.2,34.6,35.3,33.7,34.2,33.7,33.2,33.9,34.0,33.5,34.5,34.0,33.5,33.6,33.0,33.5,33.5,33.7,33.4,34.1,33.3,33.6,33.0,33.6,33.2,33.1,33.0,33.8,33.0,34.3,34.3,34.1,33.8,34.8,34.8,33.6,33.8,34.4,33.6,34.1,34.6,35.0,34.4,34.1,34.2,33.9,32.8,33.8,33.2,34.0,33.8,31.5,33.7,33.9,nan,32.7,32.9,33.9,34.4,32.4,33.3,34.0,34.4,33.5,34.2,34.9,34.2,32.9,34.0,34.7,32.9,33.7,33.9,34.0,34.1,34.1,34.5,34.2,34.5,32.9,33.6,33.4,33.7,33.9,34.1,33.3,33.0,33.1,33.8,33.5,33.8,34.3,33.0,34.4,35.0,34.7,34.1,34.1,34.6,32.9,34.3,34.5,34.6,34.9,34.6,34.6,33.5,33.6,33.6,33.6,33.9,34.3,34.5,34.2,33.5,34.2,34.7,33.3,33.9,33.4,34.2,33.9,33.8,33.6,33.8,34.9,34.2,33.2,34.4,33.8,34.3,33.2,34.3,33.7,34.6,34.0,34.5,33.4,33.5,33.6,33.8,33.0,33.9,32.7,33.5,33.4,34.2,33.9,33.7,33.8,33.5,33.6,32.9,33.3,33.3,33.0,32.2,34.9,34.5,33.7,33.4,34.1,34.1,34.9,33.1,34.6,33.6,34.9,34.1,35.1,34.8,33.6,33.8,33.0,33.5,34.4,33.5,33.8,33.2,33.7,33.8,34.2,33.6,33.0,32.6,34.9,33.7,33.7,33.2,33.7,33.9,34.5,33.7,34.2,34.7,34.1,34.1,34.4,34.0,33.9,36.0,33.8,34.8,34.2,34.2,33.5,33.7,33.0,34.0,33.9,34.6,33.0,32.3,34.6,33.9,32.8,33.1,33.4,33.4,34.4,33.0,33.9,34.8,33.9,34.4,34.4,34.6,34.9,34.2,34.1,33.5,34.9,34.3,34.6,34.9,33.9,35.6,34.2,33.5,32.9,34.2,33.6,34.4,34.3,33.7,33.4,33.4,34.1,33.2,33.4,33.3,33.2,33.6,33.5,33.4,34.2,34.4,34.8,34.4,33.9,34.8,34.7,33.9,34.2,34.8
1785306264.422947,1874,32.0,33.5,34.0,33.5,31.6,33.3,33.1,34.5,32.5,32.7,33.2,34.0,32.4,32.9,32.5,33.5,32.8,33.3,32.7,33.5,32.5,33.5,33.6,33.6,32.3,33.2,33.4,32.8,32.9,34.1,34.6,33.8,33.2,32.4,34.4,33.4,34.0,32.2,32.8,32.9,33.0,32.3,32.1,33.7,32.1,32.7,32.6,33.4,32.9,32.0,32.8,32.9,33.7,32.3,33.7,33.1,32.9,32.7,33.3,33.4,34.1,32.6,31.7,34.7,34.6,32.6,33.0,31.8,32.6,32.6,32.9,33.9,33.0,32.7,33.3,32.6,32.1,33.7,32.5,33.4,32.9,33.8,33.4,33.4,32.9,33.8,33.3,33.8,31.9,33.5,32.9,34.6,33.7,33.2,33.3,33.5,34.0,32.9,31.7,33.5,31.8,32.9,33.6,33.2,32.8,32.8,32.5,33.1,33.0,32.6,32.8,32.3,33.0,32.9,34.0,33.4,33.5,32.8,32.7,32.8,34.1,32.9,32.8,33.9,34.2,32.8,33.6,34.3,32.3,33.0,33.1,33.4,32.3,33.7,33.0,33.4,32.5,32.8,33.4,33.1,33.3,33.0,32.4,32.5,32.0,33.7,33.1,33.4,32.7,34.7,33.4,33.9,32.2,33.8,33.2,33.0,32.2,33.8,33.9,33.1,33.8,32.6,32.5,33.3,32.6,32.5,32.3,33.6,32.6,33.0,33.0,33.2,33.6,32.1,33.1,33.3,33.3,32.5,32.9,32.8,33.1,33.6,34.9,34.6,33.0,31.9,33.1,33.2,33.3,32.5,33.1,33.7,32.6,33.9,32.8,34.1,32.3,34.0,33.2,33.4,32.2,34.1,32.6,32.7,32.1,33.4,33.9,32.4,32.8,33.0,32.6,33.3,33.9,34.1,34.5,35.1,33.0,33.4,33.4,33.1,33.5,33.4,34.4,34.1,33.4,33.6,33.9,32.6,32.6,33.5,33.1,33.0,33.4,32.7,33.7,33.4,33.3,32.5,33.6,32.4,33.4,32.6,32.5,33.4,34.2,33.6,34.4,34.4,33.4,33.1,33.1,32.1,34.1,34.0,33.8,34.2,32.8,33.4,32.9,33.5,33.5,33.3,32.5,34.5,32.5,33.8,32.7,33.7,32.3,33.6,32.8,33.9,33.0,33.0,32.1,32.8,33.3,33.8,33.9,34.6,33.7,33.6,33.6,33.3,33.0,33.8,33.2,33.1,32.7,33.9,33.2,34.1,33.2,31.9,33.0,32.6,33.3,33.6,33.1,33.3,33.0,33.2,33.5,33.4,33.5,32.6,33.0,34.0,33.7,33.7,34.6,34.4,33.5,33.5,33.4,34.0,33.8,33.1,33.5,33.6,31.7,33.3,32.6,33.5,32.2,33.6,33.2,33.2,32.2,32.9,33.7,33.5,33.0,33.2,32.6,33.2,33.2,34.0,33.3,33.5,33.0,33.6,34.2,34.0,33.5,34.6,32.7,34.1,33.5,34.2,33.9,32.4,33.6,32.1,33.7,33.3,33.8,32.7,32.7,33.2,32.9,32.8,33.5,32.9,33.4,32.6,33.2,32.9,33.7,32.5,32.7,33.2,33.9,33.4,33.6,33.7,34.4,34.5,33.2,33.6,34.1,33.5,33.7,33.1,32.9,32.9,33.6,33.4,33.6,33.7,32.1,33.5,32.6,32.6,32.9,34.1,33.3,33.7,33.7,33.7,33.4,33.0,33.4,33.9,33.3,34.3,34.8,34.0,34.7,34.8,33.6,35.2,33.5,34.2,33.5,34.0,33.8,32.6,33.3,33.7,33.7,32.6,32.7,33.8,34.0,32.5,33.3,33.8,33.6,32.8,32.9,33.1,33.9,32.5,33.7,33.1,34.0,34.5,33.9,32.9,34.6,34.0,33.5,33.1,33.5,33.4,32.8,33.3,33.1,33.5,33.6,33.6,32.8,33.4,33.4,33.3,32.1,34.1,33.8,33.3,32.8,33.5,32.7,33.2,32.9,34.1,33.8,33.4,33.8,34.5,34.3,33.8,33.8,34.3,34.2,33.2,32.6,33.3,33.3,34.8,33.9,34.1,34.0,34.0,33.4,33.7,33.3,33.9,33.0,32.3,33.5,32.9,34.1,32.5,33.1,33.3,33.9,33.6,33.5,33.5,34.5,33.3,34.2,33.7,35.0,33.3,34.3,33.5,33.7,33.2,33.7,33.2,32.5,34.1,33.3,33.7,33.4,34.5,32.9,33.0,32.8,33.2,32.6,33.4,32.8,34.1,32.6,33.5,32.3,33.2,33.5,33.3,33.5,35.1,34.3,34.3,34.4,35.3,34.2,33.9,32.5,34.4,34.1,33.8,34.0,31.1,32.7,33.0,33.9,32.8,33.2,32.7,34.3,33.0,32.2,34.4,33.9,nan,32.7,33.6,33.4,33.5,33.2,33.9,34.9,34.2,34.4,34.1,35.2,32.8,33.6,33.5,32.8,33.5,33.5,33.1,33.4,33.5,33.9,34.3,33.1,34.5,33.1,33.3,32.7,33.4,33.9,34.1,33.5,33.1,33.3,33.1,32.8,33.3,33.3,33.8,34.0,35.2,34.6,34.4,32.1,34.1,34.6,35.0,33.6,34.2,34.5,34.0,33.6,32.9,32.7,33.5,34.1,33.9,33.9,33.6,33.7,32.1,33.9,33.5,33.3,33.1,33.7,33.7,33.3,32.8,33.4,33.5,34.6,34.4,34.2,34.6,34.4,34.7,34.1,34.5,34.1,32.7,34.8,34.3,33.2,34.6,33.4,35.0,32.6,33.5,33.3,34.2,33.0,33.2,33.7,34.8,32.7,33.6,33.0,33.6,33.0,33.8,33.9,34.0,33.9,35.0,34.4,34.3,33.9,34.1,34.0,34.3,33.2,33.8,34.2,33.7,34.4,32.4,33.8,33.8,34.3,32.0,33.3,33.5,33.3,33.3,33.7,33.3,33.6,33.1,33.7,34.1,33.4,32.1,33.7,33.8,34.7,34.1,33.5,34.2,34.7,34.0,34.1,34.5,34.2,33.4,33.1,34.5,33.1,33.6,34.0,34.8,33.5,33.5,33.8,34.2,32.8,33.9,34.3,33.6,32.8,33.2,32.5,33.4,32.8,34.3,33.2,33.6,34.4,35.0,34.1,34.2,33.7,34.6,34.5,33.2,32.9,33.9,33.8,34.8,34.6,34.0,34.1,33.9,34.4,33.2,33.3,33.7,33.6,33.3,33.4,32.9,33.8,33.3,33.9,33.2,33.6,32.2,33.6,33.3,34.6,34.3,33.5,33.0,35.4,33.5,33.3,34.0,34.1,32.9,33.5,34.8
1785306266.670789,1875,33.4,34.4,33.8,32.5,32.1,32.2,33.1,32.6,31.8,32.9,32.0,32.4,33.1,32.8,33.4,32.7,32.8,32.8,33.6,33.5,33.5,33.5,32.8,33.0,33.1,32.6,34.1,32.6,32.9,34.3,33.4,34.1,33.8,33.7,33.4,34.1,34.0,32.0,32.8,32.7,33.8,32.9,33.5,33.1,32.9,32.5,33.0,33.0,33.1,33.3,32.8,33.3,32.6,33.2,32.7,33.5,32.7,33.7,33.1,34.0,33.9,33.0,32.7,33.7,32.8,35.5,34.1,33.3,33.4,32.6,33.3,33.4,33.0,33.6,33.3,33.0,33.2,33.6,33.0,32.0,32.5,32.9,32.9,32.9,32.7,33.5,32.6,33.1,33.1,34.5,32.7,33.2,33.5,33.2,32.6,35.2,34.0,33.6,33.5,32.2,33.5,31.9,32.8,32.2,33.9,34.1,32.7,32.7,33.0,33.1,32.8,32.1,33.4,33.5,33.0,33.7,33.7,33.0,33.3,33.3,34.9,33.4,32.4,34.1,33.8,33.2,34.3,32.7,32.3,32.5,32.9,32.5,34.7,32.8,32.8,33.2,33.7,33.9,32.8,33.1,32.6,33.2,33.1,32.9,33.2,33.2,33.0,32.6,33.0,33.7,33.4,33.3,33.6,33.3,32.9,33.2,32.8,34.0,33.2,33.8,33.8,33.8,33.0,32.2,32.8,32.9,33.7,33.5,33.7,33.3,33.0,32.5,33.6,33.1,33.4,32.3,33.0,33.1,33.2,32.8,34.1,34.2,33.5,33.4,33.0,32.9,32.9,34.2,33.7,33.5,34.0,33.3,32.4,33.5,33.2,33.5,33.2,33.3,34.1,32.7,32.5,33.6,33.8,33.3,33.1,33.2,32.6,33.1,33.0,32.5,32.7,34.3,34.1,34.3,34.2,33.6,33.3,33.2,33.0,34.2,33.1,34.1,32.9,33.7,34.1,34.1,32.7,33.4,32.4,32.6,33.4,32.8,33.4,33.0,33.4,33.3,33.3,32.7,32.8,33.0,32.9,32.7,33.0,33.2,34.5,34.1,34.4,34.1,33.6,32.9,32.3,33.0,33.6,33.8,33.6,33.3,31.7,32.8,32.7,33.4,32.2,34.0,33.6,34.2,33.2,32.5,32.7,33.0,33.1,33.6,32.5,33.0,32.2,33.3,32.9,33.3,33.6,34.3,33.9,34.6,32.8,34.6,33.0,33.1,33.9,33.1,33.8,33.9,33.6,32.9,33.4,32.7,34.0,33.6,33.3,33.9,34.0,32.9,33.6,33.0,33.0,33.4,33.2,33.0,33.4,32.4,33.3,33.1,33.7,33.9,34.8,35.0,34.1,33.8,32.8,32.9,33.3,33.3,34.1,34.2,32.2,33.9,32.8,32.8,33.1,33.2,32.7,33.0,33.2,33.6,32.8,33.5,33.1,33.5,33.8,33.2,32.7,33.7,32.6,33.4,33.3,34.1,33.4,34.5,33.8,34.0,33.8,32.5,33.8,33.9,34.3,33.8,33.8,32.9,33.1,33.5,33.4,33.3,32.5,32.0,33.7,32.8,33.8,33.0,32.9,32.9,33.3,33.4,33.4,32.9,33.8,33.4,34.2,33.4,33.9,34.5,34.1,34.0,33.7,33.6,34.3,32.3,33.4,32.6,32.7,34.1,33.6,33.6,33.2,33.9,32.6,33.5,32.9,33.6,33.4,33.1,32.0,33.2,34.0,33.4,33.8,33.7,32.8,33.7,34.0,34.2,33.9,34.1,35.2,34.6,33.8,33.4,34.0,33.5,32.7,33.9,34.0,32.2,32.9,33.2,33.7,33.8,33.2,33.1,33.8,32.8,33.5,33.2,33.7,33.6,33.4,33.3,33.3,33.0,33.2,33.3,34.5,34.0,34.2,33.9,33.8,33.3,34.3,34.0,34.4,33.0,34.3,34.1,33.5,33.5,32.6,33.1,32.8,33.4,33.4,33.1,32.9,33.1,32.8,34.1,34.0,33.3,32.8,34.0,33.7,34.0,33.6,33.7,34.3,33.8,34.3,33.6,34.4,34.6,33.7,33.7,33.7,33.0,33.5,33.3,33.9,33.5,33.2,33.2,33.3,33.3,33.8,32.9,33.3,33.3,33.2,32.0,34.9,33.1,33.6,33.5,32.6,33.8,33.8,33.8,34.2,33.8,34.4,34.7,35.2,34.0,33.4,34.3,33.9,33.6,34.0,33.8,33.1,34.6,34.0,33.5,32.9,33.0,32.6,32.8,33.5,33.4,32.9,34.0,33.3,33.5,33.6,33.0,32.2,33.2,33.3,33.0,33.4,34.7,33.3,34.1,34.8,34.3,33.5,34.9,33.8,34.6,34.3,33.2,33.8,33.8,33.6,33.4,33.0,32.8,34.3,33.4,33.2,33.0,33.2,34.0,33.0,nan,32.9,32.8,34.1,33.0,33.4,33.8,34.1,34.4,33.5,33.9,35.2,34.7,33.1,33.8,33.4,33.1,33.6,33.5,34.0,34.6,33.2,32.9,33.1,33.8,32.3,33.7,32.3,34.1,32.7,33.8,33.5,33.5,33.5,33.2,32.7,33.7,32.9,33.7,33.8,34.2,33.9,34.1,33.7,35.1,34.2,33.6,35.1,34.8,33.5,33.4,34.0,32.9,33.8,34.1,34.0,33.2,34.1,33.1,33.7,33.3,34.2,33.1,32.7,33.6,33.6,33.2,33.9,33.5,32.3,33.3,34.1,33.9,33.7,33.7,33.8,33.8,33.2,34.5,34.1,33.3,33.6,33.9,33.2,34.1,33.4,34.4,34.0,33.3,32.7,33.9,33.6,33.7,33.0,33.9,32.7,34.3,33.6,33.5,33.6,33.8,33.0,32.9,33.6,34.2,34.8,34.1,34.3,35.0,33.8,33.9,32.8,34.8,33.6,34.2,33.8,33.7,34.3,34.2,33.8,34.5,32.5,34.0,33.1,33.2,33.2,33.3,33.4,33.6,32.7,34.8,33.2,32.4,33.4,33.1,33.7,34.6,33.7,33.7,34.0,34.3,33.5,34.2,34.4,33.0,33.5,33.8,33.6,35.2,34.4,32.7,34.1,33.7,33.0,34.6,33.1,34.3,33.5,33.4,33.2,33.9,33.7,33.9,33.5,32.5,32.6,33.2,34.3,34.0,34.2,33.7,33.7,34.6,33.9,33.7,33.9,33.7,33.4,35.3,35.1,34.2,33.0,34.3,34.8,32.9,32.5,33.7,33.0,34.1,33.8,33.9,34.1,33.2,34.3,33.4,33.2,33.1,33.4,33.3,34.4,34.1,34.8,34.6,34.7,33.8,34.5,35.0,33.7,34.6,34.2,34.8
1785306268.9480782,1876,32.7,33.4,31.9,33.6,32.0,33.2,32.6,33.1,32.2,32.8,32.5,33.9,33.0,33.4,32.8,33.6,33.4,33.0,31.8,34.0,33.8,32.5,33.1,33.5,32.2,33.1,32.0,35.1,32.5,33.0,33.0,34.4,32.1,32.0,33.8,32.1,32.6,32.6,33.1,32.6,32.9,32.8,33.3,31.6,31.8,32.0,32.7,32.6,32.8,32.4,32.9,32.6,33.1,32.9,33.6,32.2,33.9,33.0,33.6,32.6,33.6,33.2,34.0,31.8,34.2,33.7,32.6,34.5,31.8,32.5,33.0,33.0,32.9,32.2,32.3,33.8,34.0,33.3,32.6,33.1,33.1,32.3,32.2,33.9,32.3,32.5,32.9,33.3,33.4,33.6,32.0,33.1,33.8,32.6,32.9,34.4,33.6,32.5,34.1,32.3,33.8,32.4,32.9,32.5,33.0,33.5,32.9,32.4,32.7,32.7,32.8,32.0,32.8,33.8,33.7,32.4,33.1,32.9,33.7,32.3,32.4,33.0,33.9,33.4,32.0,33.3,33.5,32.6,33.6,32.8,31.9,34.1,33.0,33.6,31.9,33.9,32.7,32.7,32.0,33.0,33.2,32.6,32.5,32.9,32.9,32.6,31.7,33.5,32.9,35.3,34.5,35.1,33.0,33.5,31.6,33.7,32.3,32.9,32.4,33.5,33.0,32.3,33.5,33.2,32.3,32.8,34.1,31.4,32.0,33.0,32.7,31.7,32.6,33.0,33.5,31.8,31.4,32.7,32.8,32.7,33.7,33.8,35.5,34.7,33.4,33.2,34.2,33.9,32.4,33.8,32.7,33.2,33.0,33.8,32.1,33.8,32.2,33.7,32.9,32.5,32.1,33.3,32.8,33.6,32.5,32.8,33.2,33.5,32.4,32.7,32.5,33.7,32.8,33.5,33.6,34.3,33.2,33.8,32.9,33.0,33.6,32.9,32.4,33.8,33.1,31.8,32.8,31.9,32.9,32.1,33.3,32.3,32.7,32.9,33.1,32.7,32.6,32.9,32.7,32.4,32.0,31.8,32.4,32.8,32.4,32.7,34.6,34.0,33.7,33.5,33.9,32.2,32.7,32.5,33.9,33.6,32.9,33.1,32.1,34.0,33.6,33.0,32.1,34.8,32.4,33.9,32.4,33.8,32.7,33.4,32.1,33.0,33.7,32.8,31.8,32.5,33.7,34.5,32.8,33.6,34.1,33.3,33.1,33.4,32.9,33.3,32.9,33.8,32.4,33.2,33.3,32.6,33.1,32.8,32.9,32.5,33.0,34.0,33.3,32.4,32.8,32.6,32.4,32.3,33.3,32.6,34.0,33.0,33.1,34.1,34.5,33.6,33.5,33.7,33.8,33.1,32.8,32.8,34.2,33.1,32.9,33.8,32.3,32.2,33.0,33.3,32.9,33.2,33.1,34.0,32.1,33.4,33.4,32.8,32.2,33.6,33.2,32.8,33.2,33.2,34.4,33.2,33.0,34.8,33.4,33.7,32.6,33.8,33.5,32.1,32.8,33.9,33.5,31.8,33.0,32.2,33.0,32.6,33.2,32.6,33.9,32.5,33.7,32.9,33.3,33.6,32.9,32.3,33.5,33.1,33.2,32.3,33.0,34.4,34.0,34.2,33.8,34.2,33.6,32.3,33.4,32.9,34.2,34.0,32.6,33.2,31.5,33.7,33.1,33.1,32.0,33.4,33.0,33.5,31.8,34.0,33.5,33.1,32.9,33.7,32.9,32.9,32.2,33.4,33.6,34.2,33.0,34.5,35.0,34.0,33.4,33.1,33.4,33.6,32.8,32.7,32.7,32.7,33.6,32.1,33.4,33.0,34.7,31.8,33.2,33.2,32.9,32.1,33.8,33.2,33.6,32.1,33.1,32.7,33.1,33.6,33.1,34.1,33.9,33.8,34.5,34.1,34.7,32.8,33.2,32.3,34.2,33.8,33.2,32.0,32.3,33.5,32.8,32.2,31.9,34.6,33.1,33.3,32.5,33.2,33.2,34.0,32.1,34.1,34.2,33.4,32.7,33.1,32.4,32.7,33.5,34.2,33.6,34.7,32.8,34.7,33.7,33.8,33.6,33.7,34.4,34.4,33.1,32.2,34.0,33.8,34.0,32.3,32.9,32.5,33.3,32.6,33.0,33.0,34.2,33.0,32.5,33.5,33.5,32.7,33.8,32.9,33.9,33.8,35.0,34.6,33.8,32.8,33.6,34.0,34.2,33.9,32.2,32.8,32.5,33.6,33.1,33.3,32.7,33.6,33.4,32.4,31.5,33.7,32.5,32.9,32.4,33.1,33.2,32.9,32.4,33.9,33.3,33.4,33.7,34.2,35.0,34.0,33.7,32.8,34.1,33.5,32.5,34.3,32.6,32.9,33.4,32.7,32.7,33.1,34.2,31.7,32.7,32.4,33.6,32.4,32.5,nan,33.1,33.1,33.2,33.5,33.8,32.8,33.3,33.8,33.7,33.4,34.3,34.1,34.2,33.4,32.7,32.3,34.6,32.4,33.5,32.8,32.5,34.2,32.4,33.3,32.1,34.6,32.7,33.1,33.1,33.3,32.6,33.2,31.9,32.9,33.7,33.1,32.2,33.9,33.0,33.4,32.9,35.0,33.1,32.7,32.8,33.6,33.5,33.2,32.6,34.7,33.5,33.8,34.5,32.7,32.2,33.1,34.0,33.0,33.2,32.7,34.3,33.2,31.5,33.0,33.5,32.8,33.0,33.0,33.8,33.4,33.3,33.5,34.8,33.1,32.7,33.7,33.8,33.7,33.4,33.0,33.9,32.9,34.0,34.7,32.7,34.3,33.3,34.0,32.4,34.6,32.6,34.3,32.4,33.1,33.7,33.4,32.8,33.7,33.5,33.3,31.9,33.5,33.6,33.7,33.4,33.6,33.8,33.4,33.3,35.1,34.5,33.9,33.9,33.6,34.8,34.0,34.2,32.2,32.3,33.8,32.6,33.0,33.5,33.2,33.6,33.2,32.9,33.3,34.0,33.7,33.5,33.3,33.4,33.3,33.4,33.6,34.6,32.5,34.0,33.7,32.8,32.5,32.9,33.9,34.5,34.8,32.7,33.5,32.5,34.5,33.2,33.0,31.3,34.4,33.8,34.1,31.8,33.6,33.6,33.8,32.9,34.0,33.1,32.4,32.1,33.8,33.6,33.7,32.8,34.5,34.5,33.6,32.6,33.9,33.8,33.6,33.3,35.1,33.8,33.1,34.0,33.1,33.5,33.0,33.4,33.4,32.7,33.0,33.3,32.6,33.5,33.8,34.5,32.9,33.3,33.0,33.8,33.0,33.6,33.6,34.1,32.3,33.4,34.5,33.2,33.5,33.2,34.9,34.5,35.1
1785306271.1757941,1877,33.3,34.3,31.9,34.0,32.0,33.0,33.4,33.0,32.7,33.1,32.3,33.0,31.9,32.9,32.4,33.3,32.1,32.6,33.3,33.5,33.0,33.9,32.3,33.4,32.4,32.3,32.2,33.2,33.0,34.7,33.8,33.3,34.0,31.7,32.1,33.0,32.9,33.0,33.0,32.3,32.2,33.3,31.3,32.0,33.4,32.2,32.8,32.7,32.9,32.0,33.1,32.6,33.2,32.9,33.1,32.8,33.2,31.8,32.4,32.8,33.7,32.2,33.1,34.0,33.2,33.5,33.5,34.4,32.6,33.8,33.2,33.1,32.3,32.9,33.2,32.8,32.2,33.4,31.9,32.9,31.4,33.1,33.1,33.3,32.6,32.9,32.7,33.0,32.4,34.8,33.2,33.4,34.2,34.2,33.4,35.4,33.2,34.4,34.2,32.5,33.9,32.6,33.6,33.1,31.8,32.5,33.2,32.9,32.2,32.1,33.4,32.5,32.5,32.7,33.0,32.7,33.0,32.5,33.4,31.9,33.9,33.3,33.4,34.8,32.9,32.7,34.1,32.3,32.6,33.9,31.4,33.6,32.8,33.5,32.9,32.5,32.3,33.4,32.2,32.9,32.3,33.2,32.5,32.5,32.2,32.9,32.8,33.4,33.1,34.0,33.3,34.2,33.3,32.7,32.5,33.6,32.5,34.2,33.1,33.8,34.0,31.8,32.9,32.1,32.2,32.2,34.4,32.5,33.5,32.7,32.9,32.5,32.9,32.1,32.7,32.0,33.4,32.7,33.7,32.8,33.6,34.0,35.4,33.1,33.0,32.8,33.5,33.3,33.5,33.6,32.8,33.1,33.4,33.7,32.1,33.5,32.2,33.3,33.0,33.0,32.9,34.1,32.5,33.7,32.8,33.2,32.2,33.7,32.2,32.8,32.0,34.0,33.3,34.2,34.4,34.9,33.2,33.2,32.5,34.1,32.4,32.9,33.6,34.7,33.2,32.6,33.7,33.1,32.8,32.9,34.0,32.7,33.3,32.9,32.7,32.0,33.3,32.0,32.7,32.3,32.6,32.8,33.2,32.9,34.3,32.7,34.6,34.5,33.4,33.7,32.9,32.5,32.8,32.5,33.6,33.2,32.2,33.6,32.3,34.1,32.4,32.9,33.0,33.8,33.2,33.0,32.9,33.8,32.4,33.1,32.1,33.1,32.7,33.5,32.6,33.3,33.0,33.6,33.5,34.2,32.9,33.7,32.9,33.8,32.7,33.8,33.1,33.5,33.3,33.0,31.2,33.4,32.7,33.1,32.8,33.0,33.6,33.1,33.2,33.2,32.9,32.9,33.5,33.4,33.3,32.4,33.3,32.8,33.5,33.3,34.4,33.4,34.6,33.3,33.3,33.3,34.0,32.6,33.1,33.5,31.8,33.5,33.3,32.9,32.1,33.7,32.0,33.8,32.9,33.5,33.1,33.8,32.4,33.3,33.0,33.7,32.4,33.2,33.0,33.2,33.1,33.9,32.6,33.9,33.7,33.8,32.3,33.2,32.6,34.0,32.4,32.2,32.7,32.8,33.1,33.8,32.9,33.0,32.8,32.7,33.7,32.3,33.9,32.8,34.2,32.2,32.8,33.0,34.0,32.6,33.3,33.1,32.9,33.9,34.3,34.2,34.3,34.5,32.7,32.6,33.5,33.2,33.3,32.7,33.4,32.9,32.5,34.4,32.6,33.9,32.5,33.8,33.4,33.1,32.6,34.7,32.4,33.0,33.1,33.3,32.7,33.0,32.7,33.8,33.4,34.0,33.7,35.3,33.6,34.1,33.2,33.2,33.0,33.3,32.7,33.0,33.6,33.5,32.5,33.4,33.1,33.5,33.0,32.4,33.8,32.7,33.5,33.2,33.1,32.5,32.8,33.0,33.5,32.7,32.6,32.5,33.5,33.3,33.2,34.1,33.9,33.6,34.4,32.6,33.3,33.0,33.5,33.4,33.0,33.9,32.5,34.6,32.6,33.9,32.6,34.3,33.1,33.4,32.8,34.4,32.9,34.0,32.1,33.7,32.8,33.0,32.7,33.3,32.3,34.0,33.3,34.3,34.5,34.6,33.2,34.0,32.8,33.9,32.3,34.0,33.5,33.4,33.6,33.5,32.9,32.8,33.6,32.4,32.0,32.9,32.5,33.7,33.9,32.7,33.2,33.2,33.4,33.3,33.6,33.0,32.9,33.6,33.7,33.8,33.1,33.4,33.0,33.3,33.5,31.8,34.7,33.5,32.6,35.4,33.1,34.6,33.1,32.8,33.2,33.1,33.2,34.0,33.1,33.1,32.7,33.8,32.0,34.0,33.0,34.1,32.4,33.8,32.7,34.1,33.8,34.3,34.1,34.4,32.4,34.1,33.5,33.3,33.1,34.6,32.9,32.0,33.1,34.2,33.6,33.0,33.4,32.9,33.8,32.7,35.0,33.2,32.9,nan,33.5,33.3,34.0,33.2,33.4,33.6,33.9,33.1,33.8,33.8,34.9,32.8,34.1,33.0,34.1,33.4,33.5,34.2,33.3,33.1,33.3,33.4,33.1,33.9,32.4,34.0,32.2,33.7,32.4,34.4,31.7,33.6,32.5,33.3,31.9,32.7,33.0,33.8,33.0,33.8,32.7,34.4,33.4,34.4,33.9,34.3,33.5,33.4,33.0,33.8,34.0,32.9,32.9,33.9,33.6,32.7,32.6,33.3,32.8,33.4,33.5,33.5,33.1,32.8,33.5,33.1,32.9,32.3,33.4,33.5,33.6,34.3,34.5,33.6,34.2,33.7,33.2,33.3,33.3,32.8,33.8,34.4,32.2,35.0,33.1,33.8,33.5,33.7,32.8,33.3,32.4,34.0,32.9,34.2,33.6,33.6,33.6,33.6,33.0,33.9,32.9,33.8,32.4,33.8,33.2,32.8,33.8,34.8,34.2,34.4,33.5,33.5,32.8,34.3,33.7,32.5,33.6,34.1,34.1,33.6,32.3,32.2,33.3,33.6,32.8,33.2,33.4,32.4,33.7,33.5,33.7,33.3,33.7,32.8,33.9,32.5,33.5,33.6,33.8,34.2,33.7,33.6,33.6,34.1,33.5,33.5,33.7,33.6,33.0,35.0,33.2,34.2,31.7,33.8,32.7,33.5,33.4,34.4,33.2,33.5,32.5,34.4,33.4,32.3,33.7,33.2,33.2,33.9,33.9,32.9,33.5,33.6,33.2,34.6,32.9,34.3,34.6,35.7,33.2,33.4,34.5,34.4,34.0,33.2,33.6,33.9,33.2,32.5,33.4,33.1,33.2,33.3,33.4,32.6,33.0,33.0,32.8,32.8,33.3,34.1,34.0,33.0,34.4,33.9,34.7,33.7,33.3,34.2,32.8,34.0
1785306273.2286701,1878,34.4,33.3,33.7,33.0,32.7,32.8,32.8,33.6,32.8,32.9,31.9,32.6,33.4,32.4,32.8,32.2,33.0,32.8,32.6,34.3,33.6,32.2,33.1,34.2,33.0,32.6,32.7,32.6,33.2,33.2,34.3,31.7,33.5,33.0,33.4,32.8,33.6,32.6,32.4,33.2,32.6,32.6,33.1,32.4,31.9,32.4,32.1,32.9,33.1,32.2,32.0,33.7,33.6,33.1,32.7,33.2,33.5,33.6,33.1,32.9,35.2,33.4,32.9,34.6,33.2,34.3,34.2,34.2,33.1,33.2,32.6,32.8,32.1,33.6,32.8,32.3,32.6,33.0,32.9,32.5,33.0,33.3,33.1,33.8,33.8,33.5,32.9,33.6,33.4,33.3,32.2,33.0,33.8,33.2,31.5,33.8,34.5,34.5,32.8,34.8,33.1,33.6,32.0,32.5,34.1,33.6,31.4,33.7,33.1,32.5,32.9,33.2,32.4,32.9,32.1,32.9,32.7,33.1,32.7,32.5,33.2,32.8,33.0,33.2,33.6,33.1,32.0,33.5,33.4,32.5,33.6,33.4,33.2,33.3,32.9,33.6,33.6,33.0,32.5,33.3,33.0,33.0,32.2,32.2,33.4,32.9,33.2,33.4,33.7,34.7,34.2,33.3,32.8,33.6,33.1,34.0,33.3,33.4,33.3,34.2,33.8,33.0,32.5,32.8,33.4,31.4,32.9,32.9,32.8,32.5,33.1,33.2,32.9,33.0,32.7,33.4,33.3,33.3,32.6,32.8,34.1,34.8,34.2,34.1,33.0,33.2,32.9,33.3,33.1,33.2,33.7,33.6,31.6,33.1,32.5,33.5,32.9,33.5,32.5,32.5,33.8,33.4,32.0,33.5,33.1,32.7,33.0,33.3,31.9,33.3,32.8,32.5,34.3,34.3,34.1,34.4,33.0,33.5,32.9,32.5,33.2,33.4,33.0,32.8,33.5,32.2,32.3,32.3,31.9,33.2,32.2,33.0,33.5,33.1,32.9,32.7,32.7,32.4,33.2,33.3,33.2,32.0,32.7,33.4,33.5,33.7,33.3,34.0,33.1,33.5,34.0,33.3,32.3,33.1,32.8,33.0,33.1,32.8,33.2,33.2,32.6,33.3,33.1,33.6,32.9,32.7,32.1,33.4,33.0,32.8,32.7,32.8,33.2,33.5,33.0,32.5,33.2,33.6,34.1,34.1,32.7,33.6,33.3,32.6,34.4,33.8,33.9,33.1,33.6,33.0,32.4,33.0,32.9,33.1,32.1,32.7,33.0,32.5,32.4,34.0,32.4,32.8,32.1,32.9,33.4,33.7,33.0,34.4,33.2,33.5,33.5,34.2,33.8,34.0,33.4,33.0,34.2,33.4,34.5,34.1,32.9,32.9,33.5,33.8,33.0,33.4,32.4,33.0,33.1,33.1,33.4,33.1,31.9,32.4,33.2,33.5,34.2,33.5,32.5,32.4,34.0,34.3,33.5,32.1,33.9,34.1,33.5,33.6,33.4,33.0,33.4,33.2,31.9,32.6,32.9,33.6,33.8,33.0,33.0,32.8,32.9,33.0,33.1,32.6,33.4,33.1,33.2,33.3,34.8,32.3,33.0,32.8,33.4,33.9,33.3,34.1,33.8,34.1,33.9,32.5,33.7,33.3,33.2,34.0,34.1,33.5,33.3,33.8,33.1,32.9,33.2,33.8,34.1,32.9,32.4,33.4,33.5,33.7,32.3,32.7,32.9,33.4,33.3,33.4,33.1,34.7,34.0,34.6,33.8,33.6,33.7,33.7,32.8,33.3,32.8,32.6,33.6,32.7,33.1,33.2,33.5,33.2,32.0,33.5,33.1,34.0,32.8,32.4,33.3,32.6,33.3,33.3,32.8,32.9,33.2,33.1,32.8,33.5,34.0,34.4,34.5,33.2,33.9,33.5,34.2,33.1,33.0,34.4,33.2,33.1,32.5,33.6,33.4,33.8,33.3,33.0,32.3,32.8,32.9,33.1,33.0,33.5,33.1,33.4,33.7,32.9,32.8,33.0,33.7,33.8,34.3,33.8,33.6,33.9,33.0,33.9,33.2,33.3,33.6,33.6,33.7,33.6,33.8,33.5,33.1,33.0,32.9,33.8,33.0,33.4,32.5,32.9,33.8,32.5,33.4,33.7,34.1,33.0,33.2,34.0,35.3,34.6,34.2,35.3,34.2,33.7,33.2,33.4,33.7,32.7,33.9,32.9,34.1,33.5,31.9,33.7,32.8,33.2,33.6,33.3,33.1,33.7,33.8,32.1,33.0,33.7,32.9,33.2,32.7,32.9,31.9,33.7,33.5,34.5,33.2,34.1,34.3,33.6,33.7,33.0,33.7,33.5,33.8,33.8,32.9,33.3,33.3,33.3,34.1,34.0,32.9,32.0,33.3,32.9,32.8,32.7,33.3,nan,32.6,32.8,33.3,33.2,33.7,33.3,33.6,34.8,33.5,34.6,33.9,34.1,33.4,34.1,34.0,33.0,33.6,32.8,33.5,33.5,32.9,33.1,32.9,33.4,32.8,33.5,33.4,33.2,32.1,33.2,32.9,33.6,32.6,33.5,32.7,33.7,32.5,33.0,34.0,34.5,33.8,34.6,33.8,34.1,33.2,33.9,33.1,34.2,34.4,33.4,32.7,33.6,33.6,33.5,34.0,33.8,33.4,33.3,34.0,33.1,33.2,33.2,33.3,33.0,32.9,32.8,33.3,33.2,32.6,33.4,33.9,34.0,33.9,34.8,33.8,33.7,32.8,32.6,34.1,33.6,33.0,33.4,33.8,33.9,32.3,33.2,32.3,34.5,33.4,33.7,32.9,32.8,32.8,33.2,33.0,34.0,33.6,34.0,33.2,33.6,32.7,34.0,33.6,33.8,34.3,34.6,33.4,35.2,32.7,33.5,35.1,33.8,33.5,34.2,34.7,33.8,32.8,33.7,33.8,32.8,33.7,33.4,33.5,33.9,33.2,32.8,33.2,33.3,32.5,33.0,33.1,33.5,33.2,33.0,34.1,34.1,34.2,33.8,34.0,34.2,33.3,33.1,33.9,33.1,34.4,33.3,33.7,33.6,32.3,34.6,33.6,33.7,32.5,33.8,33.6,33.0,32.9,33.4,33.3,33.6,32.9,32.9,33.1,33.2,32.9,34.1,33.8,33.6,32.1,33.8,34.1,34.2,33.2,33.5,33.4,34.7,33.0,34.3,33.7,33.8,33.2,34.0,34.2,31.8,33.5,34.1,33.2,33.9,33.2,33.1,33.6,33.0,32.7,33.5,33.4,33.2,33.0,33.9,33.9,34.3,34.1,33.8,34.6,34.5,33.3,34.1,32.3,35.3,33.5,35.6
1785306275.080016,1879,32.3,32.7,32.3,34.0,31.6,32.6,31.8,33.2,32.9,32.3,31.6,32.2,32.0,32.8,33.5,33.1,32.2,31.7,32.1,33.3,32.7,32.0,32.8,32.6,32.1,33.0,33.6,33.5,32.0,33.9,33.4,33.3,33.0,33.4,33.2,32.7,33.6,33.3,32.4,32.9,33.2,32.5,32.9,32.9,32.3,32.3,33.2,32.3,33.1,33.4,32.6,33.3,32.8,33.6,32.7,33.1,33.1,33.9,33.7,34.1,33.2,32.6,32.9,33.4,33.3,32.8,32.5,33.0,32.8,32.2,33.1,33.2,33.0,32.7,33.5,32.8,32.3,33.0,33.2,32.4,32.7,32.9,32.5,32.2,32.9,32.6,33.2,32.7,32.9,33.7,33.3,33.2,33.9,32.7,32.8,34.0,33.0,32.9,33.1,33.1,32.9,32.3,32.4,32.8,33.0,33.0,32.5,32.5,32.4,33.3,33.1,33.3,32.9,32.3,33.2,32.2,32.3,33.0,33.2,32.6,33.4,32.7,32.6,33.1,33.4,33.0,32.5,33.1,32.5,34.1,32.9,31.9,34.1,32.9,31.7,32.9,32.6,33.2,31.8,33.0,32.6,33.5,32.3,32.9,32.2,32.1,33.0,32.0,33.5,34.2,33.2,32.8,32.9,32.9,32.9,33.2,32.0,33.8,33.4,32.9,32.9,33.6,33.6,32.0,32.8,33.3,33.1,32.6,33.2,33.1,32.3,32.1,32.7,32.4,32.9,33.1,32.8,32.5,33.4,32.8,33.9,34.7,34.0,33.6,32.6,34.0,33.5,33.6,32.3,33.9,32.9,33.9,32.9,32.6,33.0,33.1,32.3,33.9,33.0,32.3,32.7,32.9,32.6,33.0,32.3,32.4,32.4,33.1,32.7,33.2,32.4,33.3,33.3,33.9,34.0,33.4,32.6,33.2,33.7,32.3,33.1,32.8,33.1,33.7,32.1,32.6,33.5,32.6,32.4,33.2,33.1,33.3,32.3,33.0,32.9,32.6,32.5,33.2,33.3,32.7,32.7,32.7,32.5,33.4,33.2,33.6,34.6,33.4,33.1,31.9,32.7,33.5,33.0,32.8,32.8,33.1,31.5,32.2,32.3,32.8,32.7,33.1,32.7,34.0,32.9,32.0,32.5,33.4,32.8,32.5,32.3,32.6,33.1,33.2,32.9,33.0,33.6,33.5,33.9,33.8,33.2,33.6,33.4,33.1,32.8,32.7,33.6,32.9,33.2,32.5,32.8,32.7,33.4,32.7,33.2,32.5,33.5,33.9,32.1,32.8,33.7,32.7,31.9,33.1,33.7,32.9,33.0,32.8,32.2,33.1,34.4,32.5,33.3,33.6,33.0,33.6,32.9,33.1,32.3,33.4,32.8,33.3,33.6,33.4,32.9,33.4,32.5,33.2,33.1,33.6,32.9,32.7,33.6,32.4,33.4,32.9,32.9,33.2,33.1,33.5,34.5,33.1,33.9,33.5,33.9,34.3,34.0,32.7,31.6,33.0,34.7,32.6,33.0,34.0,32.7,33.5,34.0,33.3,33.0,33.4,32.5,32.6,33.1,33.0,33.1,32.9,33.0,32.3,33.0,32.3,33.7,32.4,33.2,34.0,33.6,33.8,33.4,33.3,33.4,33.1,33.7,33.0,33.0,34.1,32.9,33.1,32.8,34.0,32.7,33.2,32.6,33.8,32.9,32.9,32.9,33.3,32.4,32.6,33.0,33.0,33.8,33.5,34.1,33.7,32.4,33.2,33.3,34.6,34.2,34.1,33.3,33.2,32.9,33.1,33.1,32.8,33.2,33.0,33.3,33.2,33.9,33.1,32.9,32.4,34.0,32.8,32.8,32.5,33.4,33.6,33.1,33.1,33.3,33.0,33.6,32.9,33.1,33.4,33.9,33.4,33.6,34.4,33.5,32.9,32.8,33.2,33.4,33.1,33.6,31.9,33.4,32.5,32.4,33.4,32.9,33.8,32.4,32.4,32.3,32.7,32.5,32.9,32.7,33.0,33.2,33.3,33.3,32.9,33.1,32.9,32.9,33.6,33.4,33.4,33.1,33.5,33.3,33.9,33.1,33.2,32.9,34.1,33.4,33.4,32.7,32.6,33.4,33.1,32.3,33.3,32.5,33.0,32.9,33.0,32.9,32.5,33.1,33.1,33.2,32.3,33.1,33.6,33.5,33.7,33.7,34.7,33.6,33.6,33.5,33.6,33.5,33.6,32.5,32.0,33.1,32.9,33.2,32.3,32.8,33.5,32.9,33.7,33.1,33.3,32.3,33.0,32.8,32.9,32.7,32.5,33.8,33.5,33.5,33.2,34.1,34.1,34.1,34.1,32.8,33.4,31.6,32.9,33.9,32.8,31.8,34.4,33.3,33.4,33.2,33.0,33.6,33.0,33.2,33.7,33.2,33.5,32.8,nan,33.1,33.1,33.1,32.8,33.4,33.4,32.6,33.4,32.7,34.2,34.5,34.0,33.8,33.3,33.6,33.5,33.4,33.3,33.2,33.5,33.9,33.9,33.1,33.0,33.6,34.4,32.7,33.4,32.7,33.4,33.8,32.8,33.5,33.1,32.3,32.8,33.3,33.0,33.1,33.3,33.7,34.1,33.0,33.9,34.9,33.7,32.4,33.7,33.1,33.8,32.7,33.9,32.5,33.9,33.0,33.2,33.7,32.9,33.3,33.3,33.5,33.7,33.1,33.1,32.9,33.6,32.8,33.3,32.6,34.0,33.7,33.9,33.2,34.0,33.3,33.4,33.6,33.1,33.3,34.1,33.4,33.1,33.0,33.7,33.0,33.0,33.0,33.3,32.7,34.0,33.2,33.7,33.1,33.0,33.8,33.8,33.0,32.9,33.1,32.9,32.5,33.1,33.2,33.5,33.6,33.6,32.8,34.6,33.0,33.7,33.2,33.4,32.5,33.5,33.1,31.9,33.6,33.6,33.0,33.7,33.5,33.8,32.6,34.0,33.4,32.8,32.9,33.1,33.0,33.8,33.1,33.4,33.5,32.9,32.8,33.4,34.0,33.0,33.3,33.8,33.1,33.4,34.1,33.6,33.9,34.0,33.6,34.1,33.8,33.5,33.7,33.1,33.2,33.4,32.6,33.3,33.2,33.2,33.7,34.1,33.7,32.9,32.1,33.2,33.9,33.4,32.8,33.4,34.4,33.5,34.2,33.5,33.3,33.5,33.7,33.9,33.6,33.9,33.0,33.7,34.3,33.4,34.0,33.7,32.5,33.9,33.6,33.1,33.2,33.8,33.1,33.3,33.2,32.5,33.9,32.6,32.7,32.6,33.4,34.5,32.8,33.5,33.5,34.4,34.3,32.4,32.9,34.2,33.5,34.1
1785306277.2648737,1880,33.8,34.0,32.6,32.9,33.3,33.0,32.3,32.7,33.0,32.5,31.7,32.9,33.9,33.2,32.8,32.8,33.5,32.3,32.2,32.9,32.8,32.1,32.5,32.9,32.6,33.5,32.0,33.8,34.8,32.6,33.5,34.5,33.2,32.2,34.5,31.6,32.8,32.6,33.1,32.6,33.1,32.6,33.6,32.0,32.2,32.8,34.0,32.4,33.0,33.1,32.7,32.8,32.5,33.3,32.4,32.6,32.6,32.8,33.0,33.3,34.7,33.4,33.1,33.3,32.9,33.2,31.2,33.2,32.2,34.0,31.5,32.7,32.3,33.4,31.9,32.5,32.9,33.3,32.0,33.2,32.4,33.2,32.4,33.7,33.0,33.6,32.3,32.2,33.5,32.9,32.6,32.7,32.9,33.3,32.2,33.0,33.9,33.0,33.7,32.5,33.0,32.2,34.5,32.9,33.2,33.8,32.9,31.8,32.3,32.3,32.8,31.6,34.3,32.4,32.4,32.9,33.1,33.0,33.0,32.6,33.9,32.9,32.7,33.3,34.1,33.5,33.5,33.0,32.4,33.3,32.5,33.7,33.0,32.7,32.7,33.2,32.5,32.9,32.2,33.4,33.2,33.5,31.8,32.3,32.9,32.1,31.5,32.3,33.4,34.0,33.3,34.1,33.1,32.1,32.7,33.9,33.3,33.3,34.6,33.9,33.5,33.2,33.5,32.5,32.5,33.1,33.0,32.5,33.3,32.7,34.1,31.8,32.7,33.0,32.8,31.3,33.5,32.3,32.8,33.0,33.0,34.5,33.4,32.7,33.2,32.8,34.2,33.3,33.2,34.0,33.6,33.6,32.5,33.6,32.3,32.6,33.5,33.4,32.9,33.1,33.0,33.0,32.7,33.4,32.6,32.5,32.5,33.7,33.0,33.2,32.0,33.7,35.1,35.1,33.1,33.8,33.5,32.4,31.9,33.0,33.2,32.9,32.1,33.6,32.5,32.9,33.6,32.7,33.8,32.5,33.0,31.4,32.7,33.2,33.1,33.2,33.2,32.0,32.9,32.9,32.5,32.3,32.8,32.4,34.7,34.8,33.8,34.3,32.6,32.3,33.0,32.5,33.1,33.7,32.9,33.0,32.4,34.2,31.9,33.5,32.6,32.8,32.2,33.0,32.6,33.4,32.7,32.9,33.2,33.1,32.5,33.0,32.5,33.3,32.5,33.4,34.3,34.7,33.5,34.2,33.4,33.8,33.5,32.9,32.7,32.8,31.8,34.0,33.1,32.1,33.5,32.0,33.0,32.9,33.4,32.7,33.2,33.1,32.7,31.7,33.1,32.8,32.9,32.1,33.0,33.1,33.2,33.6,33.9,33.6,34.0,32.9,34.2,33.0,32.9,32.4,33.7,33.2,33.4,32.7,33.7,33.2,32.5,33.5,32.6,32.8,32.4,32.0,32.9,33.5,32.7,33.1,33.5,32.6,33.0,33.4,33.2,33.9,32.7,32.5,34.2,33.2,32.8,34.5,33.2,33.9,33.0,33.2,33.5,34.0,33.0,33.3,33.1,32.0,33.8,31.8,32.6,32.6,33.8,32.2,33.3,32.3,32.5,33.6,33.3,32.6,33.1,32.8,33.3,33.4,33.3,33.0,33.5,33.6,34.2,34.4,34.2,33.4,34.0,32.6,32.4,32.1,33.5,32.5,33.0,32.8,32.9,33.9,34.0,32.9,32.5,33.2,32.6,33.0,32.8,33.6,32.4,33.1,32.9,32.5,33.1,32.6,32.8,34.1,34.0,33.9,33.3,33.9,33.9,33.4,33.3,33.6,33.0,33.4,32.9,33.9,33.9,32.7,33.0,33.2,34.0,32.6,33.6,31.9,33.4,32.9,33.0,32.9,32.5,32.1,32.7,32.5,33.3,33.5,33.0,33.3,33.6,34.6,34.3,34.1,34.2,33.6,33.8,33.1,32.7,33.0,33.7,33.6,33.6,33.2,32.5,33.2,33.4,32.6,32.8,33.9,32.9,33.0,32.8,33.4,33.4,33.4,33.0,33.3,32.0,33.3,33.3,33.9,34.0,33.1,34.2,33.9,34.6,34.0,32.6,33.3,32.4,33.2,32.7,33.8,33.0,33.6,33.3,33.5,32.6,32.5,33.0,33.1,32.4,32.9,33.6,32.6,32.7,32.8,33.0,32.4,33.5,33.2,33.6,33.8,33.9,33.6,34.1,33.9,34.4,34.0,33.7,33.2,33.3,33.4,33.9,32.8,32.6,31.9,33.3,34.2,33.7,32.7,32.3,32.3,32.6,33.1,32.0,32.9,33.0,32.9,33.0,32.4,33.0,33.1,33.3,33.4,33.0,33.6,33.3,33.7,34.7,34.5,33.0,34.8,33.0,33.2,33.3,34.3,33.0,33.3,32.6,32.5,33.9,32.7,32.1,32.4,33.6,33.2,32.2,32.6,33.4,nan,32.6,32.6,32.8,32.5,33.1,32.8,33.6,34.1,34.3,34.3,35.6,34.2,33.9,32.4,33.3,33.6,34.1,33.0,33.0,33.6,32.5,34.0,32.9,33.9,33.1,34.6,32.9,33.6,32.9,33.7,32.7,32.9,32.2,32.7,31.9,33.2,33.2,33.7,33.5,34.4,32.9,34.9,34.1,33.8,33.9,33.8,33.8,33.4,34.0,33.5,34.8,33.2,33.1,33.7,32.9,33.0,33.1,32.4,33.8,32.9,33.1,33.0,32.9,32.2,33.0,32.9,32.5,33.2,33.5,33.8,34.0,34.1,33.8,33.4,34.5,33.3,34.7,33.7,33.0,33.8,32.9,33.3,32.8,34.0,33.1,33.7,33.3,33.8,32.4,33.8,32.9,34.0,32.9,33.5,33.3,33.0,32.7,33.0,32.8,33.2,32.7,33.9,34.3,34.2,33.6,33.5,34.1,33.4,35.0,33.0,33.7,33.7,32.8,34.5,35.0,34.2,33.6,32.9,33.7,34.0,32.4,32.4,33.4,33.7,33.3,33.2,33.8,33.1,32.9,33.5,33.6,33.5,34.1,33.0,34.3,33.6,33.0,32.7,33.3,32.4,33.8,33.3,33.6,33.5,33.6,33.2,33.7,34.0,32.5,33.7,33.2,33.6,33.3,33.7,32.5,32.9,31.9,33.6,33.8,33.1,33.8,33.8,32.5,32.8,33.2,33.3,34.5,33.9,32.8,33.9,34.5,33.2,33.2,33.8,33.6,32.7,33.2,34.5,33.1,34.3,34.2,33.3,33.5,33.4,33.2,32.4,33.1,33.2,33.7,33.6,33.7,32.8,33.7,31.8,32.6,33.1,32.9,33.7,33.3,33.3,33.4,33.4,34.9,35.2,33.6,33.5,32.6,34.4,34.1,34.4
1785306279.4749193,1881,34.0,32.3,34.0,32.1,34.1,32.3,34.4,33.3,34.7,33.4,32.6,32.3,33.1,33.2,33.6,33.0,33.1,32.5,34.4,33.6,34.2,32.3,33.8,32.3,32.7,33.3,34.3,33.8,34.0,31.4,33.9,34.2,32.9,33.7,32.3,33.9,32.8,33.3,33.7,34.3,31.7,33.1,32.6,32.5,32.4,32.3,32.5,33.2,32.4,32.5,33.6,33.5,32.3,33.0,32.2,33.1,32.6,32.9,32.5,32.8,33.4,34.4,33.3,33.9,34.1,33.7,34.4,32.0,33.8,33.7,33.7,32.4,33.6,33.2,32.9,33.1,32.8,31.7,34.1,32.6,33.2,33.2,33.4,31.9,32.9,32.3,33.3,32.4,34.0,33.2,33.7,33.7,34.1,32.8,34.2,33.4,33.9,32.9,33.2,34.9,33.0,33.7,32.5,34.4,32.8,33.4,32.9,33.6,33.6,33.3,32.8,33.7,32.9,33.5,32.7,32.9,32.4,34.0,32.0,33.1,34.4,33.3,31.9,33.9,33.3,33.0,33.3,33.6,32.8,33.3,34.8,33.9,33.7,33.2,33.8,32.4,33.9,32.7,33.2,33.7,34.0,33.8,33.3,32.9,33.2,32.5,32.8,33.1,33.7,33.4,34.1,33.2,32.7,32.8,33.6,34.6,35.2,33.3,34.1,33.2,33.2,33.6,32.2,34.6,32.1,33.1,32.6,33.7,32.2,33.8,33.0,33.5,32.3,33.6,33.1,33.0,33.0,33.1,32.6,33.6,33.3,34.2,33.7,33.7,33.0,33.3,33.2,34.2,32.4,34.1,32.5,34.8,33.1,33.4,33.9,32.2,33.3,33.2,34.5,34.9,33.4,33.3,33.5,33.4,33.6,32.5,33.4,32.0,33.5,32.7,34.2,32.6,34.7,34.3,33.9,33.1,34.2,32.6,33.4,33.5,33.9,33.1,33.3,33.4,32.7,33.7,33.4,34.4,32.9,33.4,33.2,33.0,33.1,34.0,32.2,33.8,32.7,33.3,33.2,33.4,32.5,33.5,32.9,34.7,33.6,34.6,33.6,34.8,33.7,33.8,33.0,34.1,34.0,33.8,34.3,34.6,33.0,32.3,33.1,32.4,33.7,32.8,33.1,33.5,33.9,32.7,32.7,32.4,33.3,33.2,33.5,32.9,33.1,32.4,33.9,33.8,33.6,34.2,35.2,33.7,33.7,34.3,34.7,33.0,33.8,33.9,33.6,33.6,33.3,34.0,33.3,33.1,32.4,33.4,32.5,34.4,33.5,33.3,32.1,34.0,32.6,33.5,32.4,33.7,32.8,33.4,33.7,33.2,33.9,33.7,34.3,34.7,33.8,33.8,33.4,34.5,32.4,34.2,33.0,34.0,33.4,33.4,34.2,33.8,33.9,33.6,33.6,33.1,34.2,33.3,33.4,32.4,33.5,32.5,33.0,32.6,33.5,32.3,34.1,33.3,33.5,33.5,34.9,34.0,33.7,33.5,33.6,32.8,33.7,33.0,34.3,34.5,32.8,33.4,32.6,33.5,32.4,34.5,32.4,34.1,33.7,33.6,33.4,33.9,32.5,33.7,33.4,33.3,31.9,33.6,33.6,34.5,34.4,34.2,33.7,34.3,33.7,34.7,32.6,34.0,34.0,33.2,32.7,33.7,34.4,33.4,33.8,33.9,34.2,32.7,34.4,32.7,33.6,33.2,33.6,34.0,33.6,32.0,33.7,32.8,33.8,33.7,34.1,33.3,34.8,34.2,35.3,33.7,34.7,34.2,34.2,33.6,34.4,33.2,33.9,33.9,33.1,32.8,32.4,34.5,32.9,33.8,33.5,34.1,32.9,33.3,32.9,34.3,32.5,33.5,33.3,33.8,32.5,34.4,33.9,35.0,33.0,34.5,34.6,34.4,33.7,34.2,34.0,34.2,34.1,33.2,32.3,34.3,34.2,34.0,34.2,33.5,34.0,32.8,34.2,33.0,34.1,33.0,33.5,32.9,33.3,33.1,33.0,32.8,33.9,32.9,33.1,34.7,34.7,33.9,35.1,34.2,34.1,34.0,34.6,33.8,34.2,32.7,34.7,32.9,33.4,34.3,34.1,32.9,33.0,33.3,33.3,34.3,32.6,33.3,33.6,33.2,34.0,33.3,33.1,33.6,33.6,34.1,33.5,34.1,34.1,33.9,33.8,34.6,33.4,34.5,33.3,34.0,33.6,33.9,33.8,33.4,34.2,34.2,33.3,32.6,33.4,33.3,33.7,33.4,34.2,33.3,33.3,33.0,34.1,32.7,34.1,33.7,33.0,32.4,34.9,34.7,34.6,33.7,33.9,33.7,35.6,33.5,34.6,33.5,35.0,33.2,33.7,32.9,32.4,33.6,33.4,34.2,33.3,32.4,32.2,34.6,33.0,33.5,33.4,34.7,33.3,nan,32.9,33.7,32.8,33.6,33.6,35.2,33.5,34.7,33.6,34.7,33.9,34.2,34.2,34.6,33.1,33.9,34.0,34.7,33.6,33.6,34.1,33.0,33.6,32.9,34.2,33.2,33.7,33.3,34.1,33.3,33.8,32.9,33.2,33.7,32.7,32.6,33.8,34.1,35.1,33.7,34.4,34.2,34.1,34.2,34.0,34.2,34.0,33.2,34.3,33.9,33.9,33.5,33.1,34.3,33.7,33.6,33.6,34.5,33.4,33.0,32.1,34.2,33.2,33.4,33.5,33.1,33.3,33.3,32.8,33.8,33.8,34.6,33.9,35.3,33.6,33.6,33.4,33.6,33.0,33.1,34.3,34.7,35.7,32.9,33.9,34.1,33.4,33.0,33.8,33.6,33.6,33.8,33.6,33.5,34.5,33.5,33.9,33.5,34.0,32.8,33.9,32.8,34.1,34.7,34.8,33.8,33.9,33.6,34.0,34.2,33.4,34.5,34.9,34.5,33.4,34.4,33.3,34.7,33.5,33.5,33.0,34.0,32.3,33.0,32.2,33.8,33.3,33.6,32.8,34.1,32.8,33.8,32.9,33.8,33.1,34.2,33.7,34.1,32.6,34.5,33.6,34.5,33.9,34.2,34.2,35.3,34.3,33.7,34.7,33.4,34.7,34.2,33.0,33.1,33.7,33.0,33.7,32.7,33.9,33.1,33.0,33.7,33.7,32.4,33.9,34.2,34.3,33.0,34.1,33.7,35.5,32.6,34.1,33.7,34.5,33.8,35.2,33.5,33.6,33.5,33.3,33.2,33.1,32.8,33.4,34.5,33.1,33.7,32.9,33.9,34.0,33.6,33.1,34.5,32.6,33.6,33.3,33.8,33.3,34.5,32.3,34.8,33.8,34.8,33.0,34.4,32.8,34.2,32.9,35.7
1785306281.4570894,1882,32.7,32.3,33.4,32.9,33.1,32.1,33.2,32.3,31.9,34.2,32.9,32.5,33.4,32.1,34.1,33.0,32.8,33.0,32.4,33.0,32.8,33.2,32.7,33.5,32.4,32.3,32.9,33.4,33.2,32.6,33.5,33.7,33.4,32.8,32.3,32.3,32.4,31.7,31.8,33.2,33.3,32.6,32.8,33.2,31.6,31.9,33.8,32.8,33.5,32.8,33.0,33.5,32.0,32.6,32.8,33.6,32.8,31.8,33.6,32.6,33.4,32.0,32.6,33.6,33.2,33.9,33.3,34.3,32.7,32.7,33.2,33.2,33.1,32.4,33.0,33.3,32.7,32.2,32.9,33.0,33.8,33.5,32.4,32.3,32.3,31.8,33.2,32.6,32.8,33.0,33.6,32.9,33.4,32.8,33.6,34.1,32.6,34.0,33.2,32.8,32.3,33.0,32.1,32.7,33.0,32.2,33.5,32.4,32.7,32.9,32.1,32.5,32.8,32.4,33.2,32.9,33.1,32.5,33.5,32.8,32.5,32.2,33.3,33.6,32.0,33.1,33.5,34.2,33.8,33.3,33.0,32.8,32.0,32.4,32.3,33.1,33.2,31.8,32.9,32.8,33.2,33.6,33.0,32.9,33.9,32.6,32.8,32.8,33.9,33.6,32.9,32.9,32.4,33.3,34.1,34.8,33.3,35.1,34.4,33.9,32.8,33.2,31.8,32.5,32.7,32.8,33.2,32.9,32.5,33.0,32.9,33.4,32.3,33.3,32.8,33.4,32.2,32.2,32.6,33.5,34.7,33.8,33.2,33.6,31.8,32.3,32.4,33.7,33.0,32.6,33.4,33.6,32.7,33.2,32.5,33.0,32.8,31.5,33.1,32.9,32.8,33.2,33.4,33.1,33.1,33.1,33.0,32.8,32.9,33.4,33.4,32.6,34.8,35.4,33.1,33.4,32.3,33.1,32.7,33.5,32.8,32.9,33.0,33.8,32.7,33.1,33.4,32.7,32.7,32.5,32.6,32.8,32.7,33.1,33.3,33.3,33.5,32.9,32.2,32.9,32.8,32.4,32.3,33.4,34.7,34.7,33.5,33.0,33.3,32.3,33.3,33.1,33.5,33.1,32.5,34.7,32.7,32.5,33.0,33.6,32.1,33.0,33.3,32.5,33.6,32.4,33.3,32.7,32.7,33.4,33.5,34.3,33.7,33.2,33.0,33.2,34.3,33.8,33.5,34.2,33.2,33.3,33.1,33.6,33.1,34.1,34.3,34.0,33.5,32.6,32.7,33.2,31.6,32.2,33.8,33.8,32.4,32.6,32.6,32.7,32.4,32.9,32.9,33.3,32.1,32.9,33.9,34.6,34.1,33.9,33.8,34.4,33.7,33.2,33.8,33.1,32.8,32.2,34.0,33.5,32.9,33.4,33.7,33.8,33.2,33.3,32.9,33.4,32.8,33.3,33.2,32.7,33.0,33.6,32.3,32.9,32.7,33.6,33.3,33.2,34.3,33.5,33.1,33.5,33.7,33.5,32.5,33.7,33.9,33.8,33.0,33.5,33.3,32.8,33.6,32.8,32.6,33.3,31.5,32.9,32.4,33.7,33.0,33.3,33.0,33.0,33.6,33.1,33.5,32.5,33.2,33.9,33.4,33.3,33.3,34.4,34.0,33.4,33.6,33.5,33.4,31.8,34.2,33.3,32.6,32.4,31.9,33.5,32.0,32.6,33.0,33.4,32.3,33.5,33.1,33.1,33.2,32.8,33.5,33.7,33.2,33.2,33.8,34.4,34.8,33.4,34.0,34.5,34.3,33.4,33.5,32.9,33.7,33.2,33.8,33.1,30.9,33.3,31.8,34.2,33.0,32.8,33.1,32.5,33.9,32.6,33.0,33.9,33.0,33.2,32.8,32.9,33.8,34.0,34.1,34.1,34.4,33.9,33.8,34.1,33.7,33.6,34.0,34.2,33.2,32.5,34.2,33.8,33.0,33.6,33.7,33.5,32.6,32.8,33.5,32.5,32.3,32.5,33.5,33.4,32.9,32.3,33.1,33.4,33.6,33.1,34.7,34.4,33.3,34.2,34.3,33.3,34.1,33.7,33.9,32.9,32.4,33.6,33.7,34.1,33.2,33.2,33.5,33.3,32.8,32.5,33.0,32.8,32.9,32.9,33.4,32.6,33.3,32.4,33.4,33.2,32.7,32.7,34.5,34.6,33.3,34.3,34.2,34.0,34.5,32.9,34.0,35.0,32.9,33.6,33.8,33.1,31.7,33.0,32.3,33.6,33.3,32.7,33.4,32.5,32.4,33.4,32.5,33.2,31.5,32.4,32.4,33.2,33.5,32.8,35.5,34.2,32.8,33.9,33.7,33.7,35.0,34.5,32.8,33.8,34.1,32.6,32.3,34.1,33.2,32.2,32.4,31.9,32.4,32.9,33.8,32.9,33.4,33.4,31.7,33.4,33.5,nan,33.4,33.6,32.7,32.9,34.1,35.0,33.9,34.3,34.2,33.8,34.8,33.7,34.0,33.5,33.3,32.8,32.8,34.4,32.6,33.8,34.0,33.8,33.1,33.8,33.7,34.1,32.4,33.3,33.6,33.1,32.6,33.4,33.4,32.7,32.2,33.1,33.5,33.7,34.2,33.4,34.0,33.8,33.6,34.0,33.9,34.2,33.1,33.2,34.2,34.7,33.9,33.0,34.1,33.5,33.7,32.9,33.4,34.2,33.2,33.6,33.1,33.2,33.2,32.7,33.0,33.4,33.3,32.5,33.1,34.5,33.5,33.0,32.5,34.1,33.7,33.3,34.2,33.5,33.8,32.4,33.5,35.6,31.9,33.1,33.3,33.7,32.7,33.6,32.2,33.0,33.5,33.6,32.9,34.0,33.1,33.4,34.1,33.2,33.9,33.0,33.8,33.7,33.6,34.2,33.3,33.1,33.6,33.2,33.1,33.8,34.3,34.3,33.1,34.3,33.0,34.2,32.7,33.7,33.5,33.0,33.2,34.3,32.7,32.5,32.8,33.5,32.8,32.1,34.5,33.5,32.8,33.1,33.1,33.1,33.9,32.7,32.7,34.7,33.0,33.1,34.2,33.1,33.1,33.7,35.7,35.4,32.5,33.5,33.9,33.7,33.2,33.0,32.5,33.5,32.9,33.6,33.1,33.4,33.6,33.3,34.3,33.7,32.7,32.4,34.1,34.2,33.4,33.1,33.4,33.7,35.1,33.6,33.8,33.3,32.6,32.7,33.9,34.7,33.8,32.5,34.4,34.8,33.3,34.0,33.0,33.6,32.4,33.0,33.3,33.6,33.5,33.3,33.5,33.5,33.0,32.6,32.2,33.3,34.0,32.7,33.9,34.0,34.7,33.7,33.8,33.5,33.2,34.0,33.4,33.3
1785306283.626221,1883,32.7,32.1,33.1,33.6,33.1,32.3,33.0,34.8,33.8,32.8,32.9,32.9,32.6,32.8,32.8,33.4,32.3,32.5,33.5,32.5,33.7,32.3,33.2,33.9,33.0,32.9,33.5,33.4,32.3,33.0,33.5,33.9,34.4,32.8,34.2,32.6,33.7,31.7,32.9,33.0,32.5,34.3,33.1,32.2,32.7,33.5,32.7,33.9,33.7,32.6,32.5,33.3,33.4,31.8,33.0,33.4,33.0,33.0,33.2,34.1,34.7,32.0,33.8,33.3,34.9,32.9,32.1,34.5,32.4,33.3,31.9,33.4,33.1,33.0,32.3,32.5,32.7,33.8,32.8,32.2,32.4,33.2,33.1,33.3,32.4,33.7,32.3,32.9,33.5,33.6,32.8,33.9,33.6,33.9,33.9,34.1,34.1,33.5,33.2,32.7,33.4,33.6,34.1,32.5,33.4,32.5,32.9,32.6,33.2,33.0,33.9,32.5,32.9,33.1,33.4,33.1,32.4,33.2,33.1,32.3,33.1,33.1,32.9,33.4,32.8,32.9,33.0,33.5,33.1,33.5,33.0,33.7,33.8,33.4,33.3,32.9,33.1,33.6,32.4,33.7,33.4,32.8,32.5,33.2,33.1,33.6,34.4,34.0,33.2,32.7,33.1,34.1,33.2,32.8,33.3,33.8,33.1,32.9,33.3,33.2,34.6,33.0,32.6,32.7,33.5,33.1,33.9,34.0,33.2,33.2,33.5,33.2,33.0,32.8,31.9,32.3,33.3,34.0,35.1,34.5,33.5,33.3,33.0,33.8,32.9,32.6,33.4,32.9,33.2,32.6,34.3,33.2,32.7,33.2,33.3,34.2,33.1,33.2,33.2,32.9,33.0,33.3,33.5,33.2,33.0,33.4,32.7,33.0,33.0,33.0,34.2,34.8,33.5,33.0,33.2,34.6,32.1,32.7,33.2,33.3,33.6,33.0,34.2,34.2,33.8,32.6,32.4,32.9,33.1,33.6,33.0,33.0,33.1,33.4,33.4,32.3,33.5,32.2,33.9,32.4,33.1,32.9,34.3,34.7,33.4,32.5,33.3,32.5,32.6,33.0,33.3,31.4,32.7,33.7,32.9,33.4,32.9,32.7,31.3,33.8,33.4,33.2,31.5,34.4,32.6,33.5,32.9,33.9,33.3,32.7,33.5,33.3,33.8,33.7,34.0,34.5,33.3,33.7,33.5,33.5,32.4,33.0,33.5,33.4,33.5,32.8,33.3,34.6,32.8,33.0,33.7,32.4,32.9,32.9,32.7,33.4,33.7,33.3,32.6,33.0,32.8,32.3,33.2,33.6,34.2,33.4,33.5,33.3,33.6,33.3,33.0,33.9,33.0,32.7,33.9,34.0,33.9,33.2,33.4,33.7,33.5,33.2,32.5,34.0,33.0,33.3,33.3,34.1,32.8,33.1,33.6,33.5,32.7,32.3,33.0,33.6,33.4,34.0,34.0,34.2,32.6,33.7,34.1,34.0,32.9,33.0,33.9,32.4,33.0,33.6,34.9,33.3,33.7,31.4,34.0,33.4,33.1,31.9,33.1,32.9,33.4,33.2,34.2,33.7,33.1,32.8,33.5,33.3,33.5,34.5,34.0,35.0,34.6,33.8,34.7,33.1,33.5,33.0,33.3,32.6,31.6,32.9,33.4,33.3,33.2,33.2,34.1,33.5,32.9,34.2,33.4,32.7,33.6,32.7,33.3,32.8,32.9,32.6,32.7,34.0,33.6,33.7,33.8,35.0,34.2,33.2,33.8,33.2,33.8,33.9,33.7,33.4,33.9,33.2,33.5,31.9,33.5,32.7,34.2,34.4,32.8,33.2,33.8,33.0,33.0,33.4,33.2,33.7,33.3,32.5,32.7,33.2,33.6,33.2,34.9,33.9,33.8,33.1,33.9,33.3,33.7,33.7,34.3,33.3,33.8,33.2,33.6,33.2,33.6,33.2,33.7,33.3,33.5,33.3,33.9,33.9,32.4,32.8,32.5,32.5,33.7,33.5,34.0,33.6,33.6,33.4,33.8,33.6,33.8,34.3,34.0,33.5,32.6,33.0,33.4,33.8,33.2,33.0,33.9,35.1,32.7,32.5,33.8,33.3,33.3,32.7,34.2,33.3,32.2,32.7,34.4,34.4,33.0,32.4,33.6,34.0,34.0,33.8,34.0,34.3,33.8,33.7,33.6,33.3,33.9,33.0,32.9,33.7,34.0,33.6,33.8,34.1,32.6,33.6,33.3,34.3,33.8,34.2,32.8,33.0,32.9,33.4,32.5,34.2,32.8,32.9,33.5,33.7,34.5,34.0,34.0,33.7,33.7,33.9,34.0,34.2,33.5,33.3,33.5,33.6,33.9,33.3,34.2,33.3,33.6,32.0,34.0,32.9,32.2,32.7,34.2,32.6,33.5,33.1,32.9,33.6,33.5,nan,33.6,32.3,34.0,34.0,34.6,33.6,33.8,34.1,33.6,32.9,32.7,33.0,32.8,33.4,33.8,34.0,34.0,34.0,32.8,34.0,32.5,33.7,33.3,34.2,33.0,33.9,32.9,32.9,33.5,34.2,32.9,33.4,33.4,34.0,33.5,34.0,33.7,34.2,32.8,34.5,33.6,34.8,33.2,33.6,33.7,34.2,33.3,33.0,33.8,33.3,33.7,33.4,34.1,33.5,33.3,32.7,34.0,32.6,33.1,33.9,34.1,33.2,32.9,33.0,33.4,33.6,32.5,33.2,34.3,35.0,33.5,33.9,34.1,33.8,33.5,33.1,33.6,33.3,33.0,33.2,33.5,33.6,33.1,33.1,33.5,34.3,33.5,34.5,33.4,33.4,32.6,34.1,33.1,33.4,33.0,33.2,34.5,33.5,33.2,33.7,33.8,34.9,33.8,33.7,34.5,34.1,32.7,34.0,33.9,34.3,34.7,34.0,35.4,34.0,33.2,32.7,34.4,33.9,34.0,33.2,33.7,33.4,33.5,32.9,33.6,33.3,33.5,33.6,34.3,34.0,32.8,33.0,34.8,33.8,33.8,33.1,34.3,33.9,32.6,33.3,34.0,34.2,33.7,33.5,32.9,33.5,33.7,33.7,33.0,33.6,33.2,33.5,31.9,33.7,33.2,33.6,33.0,34.5,32.7,33.3,33.4,34.2,33.6,33.1,33.4,34.0,33.4,33.8,33.7,34.7,33.0,34.3,33.2,34.3,33.2,33.1,34.4,34.2,33.1,33.1,34.6,34.2,33.9,32.0,32.8,33.6,32.7,33.9,34.0,34.0,33.7,32.1,32.9,34.2,32.8,33.8,32.9,34.4,33.4,32.6,33.4,33.6,34.0,33.9,34.4,34.1,34.0,34.0,34.3,34.4
1785306286.2290363,1884,34.6,33.7,32.4,34.1,32.9,33.2,31.7,32.9,32.4,32.4,31.5,32.3,33.4,33.6,31.8,33.4,32.6,33.0,33.0,32.5,32.6,32.5,31.9,33.3,33.4,33.1,32.4,33.8,33.9,33.3,33.8,32.6,33.6,32.8,34.2,32.1,32.8,31.2,32.4,32.4,32.3,31.8,32.2,33.0,33.1,32.4,32.1,32.4,32.9,32.1,32.8,32.6,32.7,32.9,31.6,32.4,32.9,33.0,33.4,33.1,33.1,32.5,33.3,33.6,33.0,33.9,32.4,33.1,32.9,32.5,33.2,32.0,33.3,32.6,31.2,32.9,32.9,32.4,32.6,33.5,33.3,33.0,32.2,32.8,33.5,32.5,32.5,32.6,33.7,33.0,32.6,32.9,33.6,33.3,32.9,32.7,33.4,32.5,32.9,33.0,32.7,33.0,32.9,32.1,33.2,33.4,32.5,32.2,32.3,32.5,32.6,32.2,31.9,33.8,32.3,32.9,32.4,33.1,32.9,33.2,33.1,33.1,32.1,34.4,33.0,33.1,34.0,33.9,33.1,31.9,32.5,32.4,33.8,32.6,32.9,33.1,32.0,33.1,32.2,32.7,32.9,32.9,32.1,32.7,33.2,32.9,33.7,34.5,33.6,33.9,33.3,32.7,33.3,32.8,32.0,33.3,32.9,33.3,33.7,33.7,33.0,32.3,32.6,33.4,32.9,31.8,32.4,32.1,33.4,32.0,32.7,32.7,32.6,32.6,32.3,32.8,32.2,33.0,34.4,33.7,33.3,33.1,32.8,32.4,32.0,32.8,32.8,32.2,33.2,32.6,32.5,33.4,33.2,33.6,32.9,33.0,32.9,33.7,32.7,32.7,32.3,33.0,33.0,33.1,33.0,32.6,32.2,32.8,33.0,33.0,33.4,34.0,34.1,33.2,32.9,32.2,32.7,33.2,32.9,32.9,33.6,33.6,34.0,33.4,33.3,33.1,33.0,33.3,32.9,32.9,33.1,32.5,33.2,32.6,31.5,32.5,32.7,32.9,32.9,32.6,32.6,32.8,33.4,33.7,33.7,33.8,33.3,33.7,32.9,33.2,32.4,32.3,33.8,33.5,33.5,32.4,33.5,34.2,33.0,32.8,32.8,32.8,32.6,33.5,32.9,32.2,32.9,33.1,33.2,33.8,31.7,33.2,33.7,33.2,33.8,34.0,33.7,34.0,34.0,33.8,32.2,33.5,32.4,32.8,33.8,33.1,33.7,33.6,32.8,32.6,32.5,32.6,32.0,32.9,33.0,32.9,33.2,32.8,32.0,32.7,33.2,32.8,31.8,32.8,33.2,33.3,34.0,33.3,33.6,33.6,33.7,33.1,32.8,32.5,33.1,33.5,33.0,33.7,32.8,33.5,32.5,34.0,33.3,32.8,32.8,33.3,32.2,33.2,33.8,33.3,32.6,33.3,32.7,32.3,33.0,33.4,34.0,34.0,33.7,32.6,34.8,33.8,33.8,33.0,33.1,33.2,32.8,33.1,33.5,33.6,33.6,32.5,33.0,32.0,32.6,33.2,32.8,31.9,33.1,33.1,32.6,32.7,33.0,33.3,32.6,32.3,32.7,32.3,33.3,33.4,33.4,33.5,33.3,33.6,33.8,34.1,33.3,33.7,32.6,32.7,32.9,33.2,32.4,33.7,33.6,33.4,32.9,32.9,33.7,33.1,32.1,33.2,33.8,32.5,33.3,33.3,33.4,32.9,31.9,32.9,34.0,32.9,33.0,33.9,34.0,34.4,34.0,33.5,34.0,33.2,32.6,32.7,33.5,32.6,32.0,33.1,31.8,32.7,33.0,32.8,32.8,33.4,32.0,32.4,32.7,32.7,33.3,32.4,32.7,32.7,33.3,33.7,33.8,33.5,33.9,34.3,33.6,34.1,32.7,33.4,33.5,32.6,32.7,33.9,33.2,33.1,33.0,33.6,32.6,34.2,33.3,32.7,33.0,32.8,33.7,33.9,33.1,32.5,32.7,32.7,32.7,33.4,33.4,32.7,34.1,34.7,34.2,34.0,33.8,33.5,33.7,33.5,34.5,34.0,32.3,33.4,32.8,33.0,33.1,33.1,33.0,32.8,33.8,33.3,33.0,32.3,33.7,33.5,32.5,32.4,32.7,32.3,32.5,32.2,33.1,33.0,34.1,34.0,33.9,33.8,32.8,33.8,33.7,33.8,34.5,33.9,33.4,33.5,32.3,33.3,33.8,33.1,32.6,33.6,32.7,33.4,33.5,33.1,32.1,33.5,33.2,33.1,33.8,32.6,33.8,33.4,32.0,32.7,33.5,34.5,34.3,34.0,32.7,34.0,33.3,33.5,34.8,33.5,34.4,32.9,33.5,33.7,34.0,33.7,32.1,33.1,33.0,32.5,33.6,33.8,32.9,32.4,33.7,33.1,32.2,32.7,33.5,nan,32.6,33.0,33.0,34.5,33.7,33.3,33.6,33.4,33.0,33.1,33.7,34.4,33.5,32.3,33.1,33.0,33.4,33.4,32.8,33.2,32.5,33.3,33.9,32.7,34.4,33.0,33.3,33.1,32.8,32.6,33.5,31.9,32.7,33.0,32.2,33.2,33.8,33.9,33.8,33.7,33.8,34.0,33.1,32.5,33.5,33.4,33.5,34.7,33.6,33.7,32.6,32.7,33.4,33.3,33.1,33.1,32.9,33.0,32.9,32.7,33.2,33.2,33.0,32.8,33.3,34.1,32.3,32.4,33.3,34.0,33.1,33.3,32.4,34.3,33.2,33.0,32.9,33.5,33.2,34.2,33.3,34.0,33.1,32.9,32.9,33.3,32.3,32.2,33.7,33.2,33.6,32.7,32.9,33.8,33.0,33.0,33.6,33.3,33.5,33.0,34.1,33.5,33.5,33.3,35.2,33.8,34.1,32.8,33.7,33.6,34.3,33.6,33.5,34.2,33.2,33.8,32.7,33.5,33.8,33.0,33.0,33.5,32.6,32.9,33.8,32.6,32.9,33.6,33.9,33.3,33.4,33.1,33.9,33.3,32.7,33.4,33.7,33.8,33.1,32.9,33.0,33.1,32.9,33.7,33.8,34.1,33.4,34.6,32.5,33.9,33.6,33.1,32.5,33.9,32.7,33.6,33.0,33.3,33.4,33.2,33.2,33.3,33.1,32.9,33.0,34.0,34.0,33.1,33.2,33.9,34.5,33.7,34.4,33.3,33.2,33.3,33.3,35.1,32.8,33.4,34.2,34.0,33.3,32.4,32.6,33.0,32.0,32.8,33.1,33.1,32.9,32.6,33.3,32.6,33.5,32.5,33.3,34.0,33.4,33.3,32.8,33.8,33.8,33.9,33.4,33.9,33.8,33.8,33.2,33.7
1785306287.9456444,1885,33.6,33.0,33.6,33.5,32.9,33.3,33.9,33.6,32.6,32.5,32.3,33.8,33.0,33.1,33.0,32.9,32.1,32.6,32.2,32.8,32.8,32.8,33.6,32.6,34.0,33.2,33.5,34.1,32.5,34.1,32.5,34.0,33.2,33.8,33.6,33.0,33.1,33.4,31.9,32.4,32.4,32.0,34.0,33.5,32.3,32.4,33.9,32.7,33.2,33.1,32.2,32.8,32.8,32.2,33.3,32.8,32.9,33.6,33.5,33.5,33.7,33.2,33.7,34.1,34.0,33.6,34.7,33.9,32.9,33.0,33.6,32.9,32.5,32.9,32.3,32.8,32.2,31.8,32.4,33.4,32.4,33.1,32.9,32.9,31.6,32.9,32.9,33.0,33.3,33.5,32.8,33.6,33.1,32.5,34.3,34.0,33.5,32.5,32.1,32.5,32.6,33.0,31.8,32.9,33.5,33.3,32.7,32.8,32.4,33.2,32.9,32.7,33.7,32.9,32.1,33.6,33.3,32.9,32.9,32.6,33.0,33.3,32.6,34.0,33.4,32.5,33.2,33.9,32.6,33.4,33.2,33.8,33.6,32.3,33.5,33.0,33.4,33.5,32.2,32.6,32.7,32.9,32.7,32.5,32.7,32.7,32.0,33.4,34.6,34.7,33.6,33.5,32.8,32.7,33.1,33.6,31.7,33.4,34.0,34.2,32.9,33.0,32.5,34.0,32.4,33.0,33.3,33.4,32.3,32.8,32.8,32.7,32.9,32.3,31.9,33.2,33.6,33.0,32.1,33.2,34.8,34.6,32.9,33.1,33.3,32.5,32.9,32.7,33.5,33.2,32.4,33.4,32.5,33.5,32.9,32.9,33.3,33.5,33.8,32.6,32.6,33.8,32.8,33.0,32.3,33.2,33.1,32.9,33.2,32.2,32.9,33.2,34.8,34.1,33.2,33.9,33.4,33.2,33.4,33.2,33.2,33.0,32.6,33.5,33.4,32.9,32.5,33.9,32.6,32.7,33.3,32.3,33.7,34.1,32.5,33.0,33.2,32.2,33.2,33.7,33.2,33.2,32.8,33.6,34.2,33.8,33.1,33.5,33.4,33.2,34.0,34.0,33.4,32.7,33.6,34.0,32.0,31.9,33.0,32.7,33.6,33.1,32.2,33.3,32.2,32.8,33.2,33.0,32.9,33.6,32.9,32.6,32.5,33.0,32.8,34.9,33.6,33.8,33.5,33.7,33.2,34.4,33.6,32.4,33.1,33.4,33.3,33.9,33.1,33.4,34.0,32.6,32.7,33.1,33.2,32.5,33.3,32.8,33.6,33.0,32.9,33.2,32.7,33.1,32.6,33.1,34.1,33.6,34.0,33.6,33.9,34.2,33.6,33.9,32.8,33.7,33.3,32.4,32.7,34.3,34.2,32.4,33.1,32.3,32.5,33.7,33.5,33.8,33.4,32.9,32.6,33.0,32.9,33.3,33.2,33.5,33.2,32.9,33.5,34.6,33.7,33.3,33.8,33.9,32.7,33.9,33.3,33.1,33.2,32.2,34.3,32.6,33.6,32.8,32.9,33.6,33.3,33.0,32.7,33.4,32.9,33.0,33.1,33.6,33.9,32.5,33.0,33.0,33.6,33.0,32.9,33.9,33.4,34.2,33.1,33.4,34.4,33.7,33.2,33.0,33.7,34.0,32.6,32.5,33.0,33.5,34.5,33.6,33.1,33.6,33.7,33.5,32.8,33.3,32.8,33.1,32.7,33.0,32.6,33.8,32.9,33.3,34.1,34.8,34.8,33.8,33.3,34.3,33.6,33.1,33.5,33.6,33.9,34.2,33.3,33.4,32.8,32.9,32.3,33.6,33.1,31.9,32.2,33.3,33.1,32.9,32.8,32.6,32.9,32.9,33.1,33.3,33.1,33.5,34.7,33.9,34.2,33.9,33.9,34.1,33.4,33.9,33.5,33.1,34.4,33.8,34.1,34.2,33.6,34.7,33.5,33.4,32.8,33.1,33.5,34.3,32.4,32.7,33.0,32.3,33.0,33.3,32.9,33.5,33.3,34.1,34.3,35.0,33.5,34.5,33.5,34.1,34.8,33.1,34.1,33.3,33.4,33.5,34.1,33.2,34.3,33.0,33.8,33.1,33.1,32.9,33.1,34.2,32.5,32.4,33.2,33.3,33.4,32.5,32.7,32.9,33.6,32.8,34.1,35.0,34.0,33.3,34.2,34.3,34.5,33.7,34.1,33.7,33.5,32.4,34.1,34.5,34.3,33.7,33.5,34.1,33.3,33.0,33.9,33.3,32.7,33.0,33.3,33.3,33.8,33.3,33.3,33.2,33.2,33.0,34.0,35.1,33.8,35.0,33.8,33.9,34.3,33.8,33.9,33.4,33.5,34.2,34.6,33.4,32.7,33.7,33.5,33.7,33.6,33.6,33.6,32.7,33.8,32.7,33.7,33.4,32.8,nan,33.0,33.1,33.1,32.7,33.5,34.1,34.0,33.8,33.2,33.9,33.7,33.9,33.4,34.1,34.1,33.4,32.9,33.6,33.3,32.9,33.1,32.7,32.6,33.4,33.3,34.4,33.9,33.7,32.9,33.1,32.2,33.6,33.0,33.3,33.5,33.5,33.0,32.7,33.7,34.0,33.9,34.4,33.4,33.7,34.1,34.5,33.3,33.5,34.0,33.4,32.7,32.3,33.2,33.9,33.4,34.2,33.5,33.7,32.6,32.7,34.1,34.6,33.5,32.0,32.9,33.6,32.6,33.2,33.6,34.0,33.1,34.1,33.5,34.3,33.5,33.8,33.5,34.0,32.9,32.2,33.8,34.6,34.4,34.1,33.5,33.8,33.3,33.7,33.0,33.5,32.7,34.4,34.5,33.7,32.6,34.0,33.4,33.8,32.8,33.6,33.6,34.0,33.3,34.5,34.3,34.3,33.6,33.7,33.3,33.3,33.3,33.4,33.9,33.7,32.6,33.4,33.2,34.5,33.6,33.2,33.6,33.9,33.5,32.9,34.9,34.2,33.2,33.1,33.4,33.3,33.6,32.4,33.5,34.2,33.9,33.1,34.2,33.9,33.4,33.3,32.9,34.0,33.8,34.5,33.3,34.3,33.4,34.3,33.2,33.3,33.2,34.1,32.9,33.4,33.0,33.7,33.6,33.9,33.4,35.1,33.6,33.8,32.9,33.2,33.9,33.6,33.3,33.6,34.7,33.3,33.9,33.9,33.4,34.0,33.6,33.9,35.3,34.6,33.4,32.9,33.6,33.8,33.8,33.8,32.5,33.7,34.1,34.7,34.3,34.3,33.6,33.7,33.6,33.8,33.2,33.3,33.6,34.4,34.1,33.6,33.3,34.3,33.5,33.5,33.5,34.1,33.9,33.4,33.3,34.6
1785306290.0950303,1886,33.5,32.0,32.4,32.9,32.6,32.5,33.8,32.2,33.5,33.2,32.5,33.5,32.6,32.2,33.9,33.7,33.0,31.5,32.2,33.2,33.2,32.6,33.2,32.1,32.8,32.6,33.9,33.8,33.9,32.8,33.2,32.6,32.8,33.3,32.5,34.0,33.0,31.9,32.6,33.2,31.9,32.3,31.8,34.1,33.1,32.6,32.5,32.9,32.6,32.2,32.8,32.2,33.0,32.7,33.2,33.0,32.1,33.0,31.7,33.5,33.3,34.3,32.8,34.3,33.4,33.2,33.0,33.6,33.1,32.7,32.7,32.2,32.1,32.6,32.6,33.1,32.2,32.2,32.7,32.9,32.9,32.8,33.3,33.0,32.8,32.6,33.2,33.7,33.3,34.1,33.6,33.7,33.3,33.0,33.8,34.1,32.6,33.2,33.4,34.5,32.5,33.4,33.3,33.3,32.1,33.1,35.2,33.3,32.8,33.7,32.1,32.7,32.9,33.6,33.2,33.1,33.4,32.9,33.5,33.2,32.9,33.7,32.5,33.9,33.0,33.5,33.5,33.7,33.3,33.1,33.4,31.9,33.8,33.8,33.3,32.7,33.8,33.2,32.7,33.5,33.0,33.6,31.9,33.6,32.9,32.1,32.7,33.9,34.4,34.8,33.3,33.4,33.3,33.1,32.9,33.6,34.3,33.3,33.5,34.1,32.5,33.2,32.2,33.4,32.5,33.7,32.4,33.0,33.9,33.2,32.8,32.9,32.8,32.8,32.2,33.5,32.3,33.0,33.8,34.1,35.0,34.6,33.7,33.8,33.4,33.0,33.4,32.7,32.8,33.2,32.7,33.8,32.9,32.9,32.1,32.7,33.3,32.2,33.2,33.2,33.3,33.3,33.2,33.2,32.8,32.6,32.5,32.8,33.0,32.7,32.3,34.3,34.8,34.8,33.4,33.6,33.7,33.0,33.8,33.7,32.6,34.2,33.2,33.6,32.2,32.4,31.9,33.5,31.7,34.1,32.8,31.6,32.2,32.7,32.4,33.5,32.9,32.5,33.4,32.9,32.6,32.1,34.2,33.7,34.4,34.3,33.3,33.1,32.4,32.4,32.9,33.8,32.7,34.0,33.3,35.1,32.8,32.2,31.5,34.4,33.3,33.2,32.9,33.1,32.9,32.7,33.1,33.7,33.3,32.4,33.2,32.5,32.8,32.4,33.4,34.3,34.6,34.0,33.6,32.9,33.4,32.9,33.3,32.8,32.9,33.1,32.9,33.1,32.2,33.6,33.5,33.7,33.5,33.5,33.0,32.8,33.2,33.1,32.0,33.7,32.4,33.1,32.9,33.1,32.4,33.4,34.0,34.1,33.6,32.9,34.0,34.0,33.0,33.2,34.3,32.8,32.4,33.7,32.5,33.5,32.7,32.3,33.7,33.8,33.2,33.4,32.9,32.7,33.1,32.3,32.5,32.8,33.0,32.4,33.3,32.6,33.0,33.2,34.3,34.0,33.8,34.5,33.3,34.0,33.7,33.1,33.0,33.5,33.9,32.1,33.9,33.3,32.8,33.4,33.0,34.1,32.8,33.5,33.4,33.8,32.6,32.8,32.8,33.1,33.0,32.5,32.6,32.5,33.1,33.3,34.3,34.2,33.9,34.5,33.1,34.0,34.0,33.5,32.2,33.2,33.6,32.7,32.6,33.7,33.8,33.0,32.9,33.7,33.7,33.4,33.3,33.3,33.9,33.3,32.9,32.6,33.3,33.1,32.9,32.2,34.0,33.8,34.0,33.7,33.8,33.9,34.5,33.3,34.1,32.8,33.9,31.4,33.5,33.2,34.5,33.9,33.1,33.3,33.4,33.0,32.3,32.6,33.3,32.6,33.7,33.0,33.5,32.6,33.0,32.8,32.0,32.7,33.3,33.3,34.6,34.4,33.9,33.8,33.6,33.7,34.0,33.2,33.8,33.8,31.9,33.0,33.4,34.1,33.4,33.4,34.1,33.3,32.8,33.1,33.7,33.3,33.1,33.1,32.7,32.5,33.3,32.9,33.0,32.4,33.2,33.0,34.0,34.5,34.1,32.9,34.0,33.3,34.0,33.8,33.5,33.2,33.7,33.0,33.5,34.1,32.3,33.8,32.5,33.9,32.8,33.7,33.1,33.1,33.2,33.2,31.7,33.4,33.5,32.8,33.6,32.5,33.0,34.4,34.2,34.1,33.6,33.5,33.6,34.3,34.4,34.4,33.4,33.7,33.2,33.6,33.2,33.6,33.4,32.9,33.7,33.7,32.7,33.8,32.3,32.8,33.2,32.4,32.6,32.8,33.1,32.4,33.2,33.7,33.0,34.2,34.3,34.5,34.3,33.9,34.0,33.6,34.6,33.3,33.7,33.6,33.3,33.1,33.7,32.9,33.0,34.1,32.2,32.9,32.7,33.4,32.7,33.4,33.7,32.9,31.2,32.9,33.3,nan,32.4,32.8,33.1,33.5,33.9,33.6,33.3,34.1,34.2,33.2,34.1,34.2,34.2,33.1,32.7,34.1,32.2,34.2,33.7,33.6,34.3,33.7,32.5,33.6,33.1,33.5,32.7,32.9,33.9,33.6,33.4,32.2,33.0,32.5,32.5,32.4,33.5,33.2,33.8,33.9,33.4,34.6,33.6,33.1,33.7,34.3,34.0,33.3,33.8,34.1,33.4,33.4,33.2,33.7,32.7,33.0,32.5,33.1,32.5,33.2,32.5,33.0,32.5,33.6,33.3,33.2,33.1,33.0,33.3,35.0,33.4,34.1,32.9,33.9,33.0,33.5,33.0,34.2,33.4,33.4,33.9,34.1,34.2,33.6,33.9,33.9,33.8,33.2,33.5,33.2,33.2,33.4,34.1,33.8,33.3,33.5,33.1,33.1,33.0,33.1,33.6,33.1,34.1,33.0,34.3,33.4,34.3,33.4,34.0,33.9,34.2,32.6,33.5,33.8,33.9,33.1,33.7,33.3,33.1,34.1,33.5,34.4,33.7,33.2,34.1,34.0,33.1,33.3,32.2,33.6,33.3,33.1,32.7,33.8,33.2,33.7,32.6,34.1,32.8,33.6,33.4,34.2,32.5,33.3,33.6,34.1,33.6,33.7,34.3,34.1,34.0,32.9,32.1,33.6,33.6,33.4,33.6,32.9,33.6,32.9,33.0,33.3,32.7,32.6,33.0,34.1,33.2,33.3,34.1,33.7,33.9,33.3,33.0,33.3,34.2,33.7,33.9,33.7,32.4,33.1,33.7,34.6,33.6,33.2,32.9,33.1,32.9,33.7,34.4,33.4,34.0,33.5,33.1,33.3,32.4,33.3,32.5,34.5,33.8,34.0,33.2,32.6,33.8,33.3,33.8,32.9,32.5,34.0,34.0,34.2
1785306292.2641885,1887,32.3,34.9,34.2,34.4,33.2,33.0,32.7,32.6,33.5,33.3,32.2,33.8,33.1,33.1,32.7,32.7,32.4,32.9,33.0,33.5,33.3,33.7,32.9,33.2,33.3,33.4,32.1,33.0,33.5,33.1,31.6,33.3,33.7,33.4,34.1,33.9,34.0,32.9,33.6,32.0,32.6,33.4,33.0,32.5,33.4,32.5,33.1,32.5,33.2,32.1,33.1,33.4,33.3,32.1,33.1,33.1,33.0,32.5,33.3,32.9,34.8,33.3,32.9,34.2,34.3,33.8,32.5,34.6,33.4,33.2,32.2,33.5,33.6,34.4,32.7,33.0,32.8,33.4,32.0,33.6,34.2,32.9,32.3,32.7,32.9,32.9,33.1,32.5,33.1,34.1,32.7,33.8,33.4,33.6,33.7,33.3,33.5,33.1,33.3,33.5,32.4,33.9,33.2,33.0,33.5,33.7,33.4,32.3,32.9,32.4,32.9,33.5,33.5,33.2,33.0,33.0,32.8,32.8,33.2,32.4,33.4,33.4,33.4,32.6,33.6,32.8,34.1,33.4,33.2,33.9,32.6,33.4,31.6,33.5,33.6,34.0,33.2,32.6,32.8,33.4,32.4,33.3,33.3,33.0,34.2,33.5,33.8,34.6,34.2,34.2,33.7,32.6,33.4,34.0,33.4,33.4,33.0,33.0,33.4,33.1,34.5,32.6,33.8,33.1,33.4,32.7,33.6,32.8,32.8,33.6,32.9,33.7,33.5,32.2,32.5,32.6,33.1,32.9,34.0,34.4,35.4,34.2,34.1,33.5,33.3,32.7,34.4,33.4,33.1,33.9,33.5,33.7,32.8,33.5,32.8,33.9,32.8,33.3,33.1,33.0,33.9,34.3,32.8,33.7,33.4,32.5,32.9,32.4,33.0,33.3,32.6,34.0,35.4,34.2,33.3,33.0,33.3,33.5,33.3,33.2,33.5,34.1,33.9,33.2,33.0,33.2,33.1,33.2,33.2,33.0,33.2,32.8,33.3,33.3,33.2,32.8,32.3,32.6,32.6,33.5,33.5,32.7,33.3,33.8,35.3,34.3,33.2,32.9,33.2,33.1,32.9,33.2,33.9,34.3,33.2,33.7,32.7,33.4,32.0,32.3,32.7,33.8,32.9,33.4,32.5,33.5,32.8,33.2,33.8,33.5,32.6,33.1,33.3,33.8,33.4,33.8,34.1,33.9,34.6,34.1,32.8,33.1,33.2,33.1,32.4,33.6,33.4,33.9,33.3,32.7,34.0,33.5,33.2,33.6,32.1,33.1,33.5,33.7,32.7,33.8,32.7,32.7,33.3,33.3,33.2,34.0,34.1,34.6,34.0,34.0,34.2,34.0,33.9,32.4,33.5,33.9,34.2,33.5,32.9,34.6,32.1,33.5,32.0,33.9,32.6,34.4,32.1,33.1,33.0,33.5,32.5,33.8,33.9,33.5,32.1,33.0,33.5,33.6,34.1,34.0,33.6,33.9,33.4,33.6,33.3,33.2,33.8,33.9,33.4,33.3,34.6,34.2,33.8,33.8,33.5,33.1,33.6,33.2,33.3,33.2,33.7,33.6,33.1,33.2,33.9,32.9,33.0,34.3,34.2,33.4,34.4,34.2,33.7,33.1,32.9,34.1,34.3,33.1,32.8,32.6,34.4,33.2,33.1,33.6,34.6,33.9,32.0,33.6,33.6,33.2,32.9,33.6,33.5,32.9,33.2,34.5,33.1,33.3,33.0,33.2,33.6,34.1,33.9,34.5,34.4,33.8,34.1,33.4,33.4,34.3,33.8,33.5,33.8,34.2,33.4,33.0,33.4,33.2,33.3,33.9,33.7,32.9,32.8,32.7,33.8,32.8,32.6,32.7,33.1,33.0,33.7,32.6,34.0,34.1,34.2,34.0,33.7,33.9,34.3,33.2,33.8,33.8,32.8,33.6,34.2,33.3,33.1,33.9,33.9,34.1,33.4,34.6,33.8,33.9,33.2,33.4,33.0,32.7,32.1,33.6,33.6,33.3,33.1,33.5,33.8,34.1,33.4,34.3,34.1,34.1,33.7,34.8,33.9,34.4,33.6,34.0,34.7,33.5,34.2,33.2,33.7,32.4,33.6,33.6,32.9,33.3,33.9,33.6,33.1,33.0,33.8,32.5,33.4,33.1,33.4,33.1,33.6,34.4,33.6,34.6,34.3,33.4,33.8,34.2,34.3,35.2,33.7,33.8,33.3,34.1,33.3,34.4,33.5,34.1,32.8,34.4,32.5,33.2,32.7,33.8,33.8,33.7,33.6,33.1,33.6,33.3,32.1,33.6,33.9,33.8,34.4,34.4,33.1,33.6,33.1,33.7,34.6,34.3,33.6,33.6,33.3,34.4,33.2,33.4,32.5,33.6,32.7,32.6,34.1,33.3,33.0,33.2,34.1,34.0,32.8,32.8,33.6,nan,33.7,32.7,33.4,33.4,34.6,34.9,33.4,33.5,33.7,33.5,33.0,34.5,34.8,34.0,34.1,32.9,34.3,33.7,34.7,33.9,33.2,34.4,34.0,33.7,32.9,34.5,33.2,33.9,33.2,33.4,33.0,33.8,32.5,33.0,33.6,33.6,33.8,33.8,33.9,33.6,33.3,33.0,33.7,33.0,34.0,33.7,33.4,33.8,33.5,33.8,34.2,33.5,33.3,33.2,34.1,34.1,33.5,33.4,33.5,34.0,33.7,33.0,33.3,33.6,33.5,33.4,33.3,32.9,33.6,33.8,33.7,33.9,33.7,33.5,33.8,33.8,33.3,33.4,33.7,33.1,34.4,34.1,33.4,33.2,33.4,33.8,33.0,34.1,32.5,34.2,33.0,33.0,32.7,33.4,34.3,34.5,33.2,32.9,33.5,33.2,33.3,33.4,33.7,33.4,33.7,34.6,34.2,33.9,34.5,35.2,33.0,34.1,34.4,34.6,33.7,33.2,34.5,33.2,32.6,33.5,33.6,32.9,33.6,33.3,33.7,33.6,33.9,33.9,33.0,33.8,33.5,32.9,33.5,33.6,33.0,33.3,34.2,33.1,34.0,33.8,33.3,33.4,34.4,33.2,34.5,34.2,33.3,33.6,33.5,34.4,34.1,32.6,32.8,34.0,32.8,34.4,34.0,34.2,34.0,33.9,33.3,32.9,32.5,33.4,33.7,33.7,33.3,34.3,32.9,34.7,34.8,33.8,33.7,33.8,33.5,34.3,33.6,35.2,33.9,34.2,33.6,33.2,33.2,32.9,33.1,33.1,33.0,33.1,33.6,33.2,33.8,33.4,33.6,33.0,32.3,32.0,33.4,34.5,34.8,33.2,33.1,33.7,33.5,35.3,33.7,32.4,33.1,33.5,32.8,34.1
1785306294.290375,1888,32.7,32.0,32.4,32.9,33.6,31.6,31.7,32.9,32.3,32.2,32.3,33.3,31.9,32.1,32.4,34.3,33.4,31.6,32.0,33.2,33.0,32.3,31.9,33.1,33.4,32.0,31.6,34.0,33.0,32.8,33.0,33.9,33.4,31.4,33.8,32.3,32.4,33.2,32.9,31.9,32.9,32.6,32.4,31.6,31.3,32.4,33.0,32.2,32.4,31.7,32.3,33.0,33.1,32.7,33.4,33.0,32.9,32.4,32.3,32.8,32.4,33.8,33.8,33.3,33.9,33.7,31.4,34.0,33.3,31.8,32.8,33.6,32.3,33.5,32.1,33.1,32.9,32.4,32.4,32.9,32.1,33.0,31.1,34.0,33.1,33.0,32.7,33.1,33.3,32.6,33.0,33.1,33.8,32.4,33.6,33.2,31.9,32.3,33.2,32.1,33.2,32.6,33.1,32.5,33.2,32.5,33.3,32.0,32.7,32.8,33.2,32.7,32.8,33.6,33.4,32.9,32.7,32.9,33.3,33.0,32.2,32.0,33.1,33.8,33.5,33.5,33.5,32.8,32.6,31.9,31.4,33.7,31.5,33.2,32.9,33.7,33.4,32.4,32.0,33.7,31.8,32.7,31.8,33.1,32.7,31.8,32.5,33.6,33.1,33.4,33.1,33.2,33.3,32.6,32.1,34.0,33.7,33.3,31.9,34.5,32.3,33.2,32.6,31.4,32.9,32.4,33.3,32.5,32.5,32.7,33.5,31.7,32.8,33.8,32.6,31.8,32.7,32.0,33.0,34.0,33.7,34.0,34.1,32.7,32.5,33.0,33.8,33.1,33.0,33.4,34.7,32.9,32.5,32.0,32.3,34.0,32.0,32.8,31.9,33.6,32.4,33.3,32.5,33.1,33.3,32.5,32.0,33.6,32.9,31.6,32.5,34.7,36.4,33.6,32.5,33.8,32.3,32.9,33.4,33.1,32.6,31.7,32.1,35.1,33.1,32.4,33.8,31.5,33.8,31.9,33.9,32.5,32.5,33.2,33.1,32.3,33.4,32.5,33.8,32.7,33.3,33.1,33.2,33.4,34.7,34.2,33.1,31.8,32.8,32.8,33.3,32.9,33.3,33.7,33.7,33.8,32.2,32.5,32.5,34.2,32.6,32.3,32.4,33.5,32.4,32.2,33.7,33.7,32.5,33.0,32.4,33.2,33.3,32.9,32.8,34.8,34.6,32.9,33.6,32.8,31.7,33.3,32.0,33.9,32.9,32.6,33.1,34.0,32.6,32.3,32.7,32.6,32.4,31.4,33.6,32.9,33.2,32.5,32.5,32.7,32.0,32.4,33.2,32.3,32.3,32.8,34.5,33.6,34.2,32.3,34.2,34.1,33.5,33.2,33.6,31.7,32.4,32.2,33.6,33.3,32.2,32.3,32.5,33.8,33.0,33.8,32.7,33.9,32.8,33.6,32.1,34.0,33.2,32.6,32.8,34.0,34.0,33.7,33.2,34.0,33.9,33.5,33.6,33.7,33.2,32.3,32.6,33.7,33.5,32.6,34.1,33.9,32.8,31.6,33.4,32.6,32.4,33.1,33.8,32.9,32.6,32.8,33.0,31.4,32.5,31.7,33.1,33.3,32.8,32.3,34.4,32.6,33.0,33.9,34.0,33.5,32.8,33.7,33.3,33.2,33.2,32.9,34.2,33.5,32.1,33.6,32.3,33.7,32.2,33.1,32.3,33.4,33.4,31.8,32.3,33.8,32.6,32.6,33.1,33.7,33.9,33.1,33.5,34.5,34.2,33.1,34.3,34.5,34.3,32.7,33.5,33.6,33.9,32.5,32.5,32.7,32.0,33.1,33.2,33.2,31.9,33.0,33.3,32.8,32.5,32.5,33.4,32.9,33.0,33.2,32.7,32.8,32.8,33.3,34.6,33.9,33.8,34.1,33.6,34.1,33.8,32.7,33.4,32.4,32.8,33.0,33.2,33.8,32.8,32.6,33.3,33.3,32.3,32.4,33.1,33.9,31.9,32.8,32.5,34.0,33.0,32.7,32.9,33.6,32.1,32.9,34.3,35.2,34.0,32.9,34.0,34.2,34.1,32.6,33.5,33.9,33.0,32.7,33.7,33.5,32.3,32.5,33.3,32.9,33.3,32.5,33.7,32.1,33.1,31.9,32.9,32.8,32.2,32.8,32.6,31.6,33.0,33.5,34.5,33.7,34.4,33.5,33.1,34.3,34.0,34.4,33.1,33.5,32.5,33.6,34.4,33.7,32.8,32.3,32.7,34.1,32.7,32.9,32.1,33.9,32.9,33.3,32.6,33.8,33.8,33.0,32.5,33.1,33.0,33.2,33.8,34.7,33.7,34.2,32.6,34.5,35.5,33.8,33.2,33.8,35.2,33.3,33.3,34.5,32.4,33.1,34.2,33.5,32.5,32.5,32.9,33.1,32.7,33.1,33.6,32.7,32.7,nan,33.4,33.3,33.5,33.5,34.9,33.8,33.3,33.9,33.9,34.6,33.9,33.9,33.8,33.2,33.6,32.4,33.4,33.8,33.9,32.5,32.3,33.7,32.6,33.6,34.1,34.8,33.2,33.1,32.2,33.6,32.7,33.0,32.4,33.2,32.0,33.0,33.5,33.7,33.5,33.2,32.7,34.7,33.4,33.6,33.3,33.6,33.1,33.5,33.0,34.3,33.0,33.2,33.6,33.1,32.1,32.7,33.2,32.6,33.2,32.9,33.1,32.5,32.5,31.7,33.1,33.6,32.5,32.3,34.5,33.0,33.3,33.1,35.1,34.3,32.7,32.8,33.8,34.2,32.4,33.2,33.9,34.6,33.5,33.1,33.1,34.1,32.7,33.0,33.7,34.1,32.9,33.4,33.4,34.1,32.8,32.3,33.4,33.7,33.0,33.3,33.1,33.5,33.4,34.0,34.0,34.0,33.1,33.4,33.9,34.5,34.5,33.2,33.7,34.0,33.2,33.6,34.6,33.1,33.1,33.4,33.7,33.9,33.0,33.0,32.4,33.3,32.2,33.1,33.8,33.3,31.7,32.6,33.7,33.5,32.5,33.1,34.4,32.5,32.8,33.7,33.4,33.7,33.3,33.3,33.6,33.5,33.2,33.3,33.4,34.5,32.2,32.3,32.1,34.0,33.0,33.4,32.9,33.6,32.9,32.9,33.2,33.3,32.2,32.6,32.9,33.6,32.3,32.8,33.7,34.5,33.5,32.8,33.0,33.9,33.8,33.6,33.9,35.1,32.8,34.1,32.9,32.0,33.7,32.8,33.0,33.9,33.1,32.8,34.0,32.0,33.5,33.6,34.4,32.6,33.3,32.8,33.4,33.1,32.5,33.3,34.3,33.4,33.6,34.6,34.0,33.1,32.6,34.2,33.4,33.7
1785306296.4029584,1889,34.6,34.3,33.1,33.2,33.5,32.8,32.5,32.8,32.5,32.9,31.7,33.0,31.7,32.4,32.2,33.3,32.8,32.6,32.4,34.2,32.8,32.4,33.6,33.0,32.4,32.7,32.2,32.3,33.9,32.9,32.7,33.5,31.9,32.5,34.3,33.3,32.9,32.1,32.7,32.3,33.2,32.3,33.0,33.5,32.8,33.6,34.0,32.2,32.8,32.6,33.5,32.8,33.1,32.9,33.3,33.2,32.6,31.9,32.6,32.4,33.0,31.3,33.9,33.5,34.2,33.0,33.0,33.7,33.1,31.9,33.1,33.1,32.9,33.4,33.0,33.0,32.7,32.8,33.3,33.0,31.7,33.4,32.5,33.1,31.9,34.1,33.2,32.8,32.4,33.3,33.6,34.2,33.3,33.6,32.9,34.4,32.2,32.7,33.9,32.9,32.2,33.4,33.4,32.3,32.7,33.4,32.3,32.6,33.1,33.0,32.0,32.5,33.0,33.2,34.0,33.8,33.7,33.6,34.5,32.8,33.2,33.3,33.2,33.7,33.3,32.2,33.6,33.4,33.3,32.5,31.8,32.9,32.9,32.3,32.7,33.8,32.5,32.8,32.5,32.6,33.2,33.8,32.8,32.8,33.2,31.9,32.1,33.2,33.7,34.2,34.3,33.8,33.1,32.3,33.7,33.7,33.1,32.4,32.4,33.5,33.5,33.2,33.4,33.1,31.0,33.7,33.8,32.5,33.0,32.3,33.3,32.3,33.0,33.1,33.4,33.2,32.6,32.5,33.0,33.6,34.7,33.8,34.3,33.9,32.9,32.8,33.5,33.1,33.5,33.4,33.5,33.6,33.4,32.1,33.9,32.8,32.3,32.3,33.0,33.2,32.9,32.2,32.3,32.6,31.8,32.7,32.6,33.2,32.9,33.0,33.4,33.5,34.4,33.9,33.5,34.0,32.6,32.3,32.9,33.0,33.2,33.1,33.2,34.1,32.3,33.3,32.7,32.5,32.4,32.5,33.0,32.6,33.3,32.2,33.5,32.6,32.7,32.5,33.3,32.9,31.8,33.1,32.8,33.1,34.3,32.7,33.2,32.9,33.2,33.3,33.2,33.4,33.6,33.8,33.2,33.2,32.0,33.4,32.1,33.3,33.7,32.2,32.8,33.6,32.5,32.6,33.7,32.5,33.6,33.0,32.2,33.6,33.3,33.0,32.6,34.4,33.9,34.1,33.4,34.7,33.5,34.1,32.7,33.1,33.1,33.2,33.7,33.0,32.5,32.5,32.8,33.9,32.5,32.5,34.0,33.0,32.9,33.1,32.7,33.7,32.2,32.9,33.5,33.1,32.9,33.4,34.3,32.9,34.6,33.7,33.9,33.7,33.4,33.3,34.0,33.5,33.4,33.5,33.6,33.7,33.5,32.2,32.7,32.5,32.8,33.0,32.7,33.5,33.1,32.7,32.9,33.1,33.2,32.8,33.3,33.5,32.7,34.3,32.5,34.4,34.3,33.6,33.8,33.4,33.7,33.6,33.5,33.2,33.5,33.3,33.1,33.8,32.9,33.0,34.1,32.8,33.4,32.9,33.1,33.8,33.3,33.8,32.8,33.1,32.6,33.7,33.5,33.3,33.7,32.3,33.8,33.1,32.6,34.4,33.9,33.4,33.7,33.0,33.5,33.9,32.8,33.6,32.3,31.9,33.4,33.3,32.7,33.8,33.5,33.4,32.3,32.9,33.3,33.2,32.7,32.9,33.0,32.8,33.0,33.8,33.5,33.8,33.5,34.3,33.7,34.5,33.5,34.6,33.9,33.4,33.7,34.2,33.9,33.1,32.3,34.0,32.9,32.6,33.1,32.8,32.4,33.3,33.5,32.9,33.1,31.9,34.1,33.1,32.4,32.4,32.7,33.1,32.7,33.0,34.0,34.4,34.0,33.7,34.5,33.7,34.4,33.0,33.7,33.3,33.5,33.0,33.1,33.0,33.0,33.7,32.1,33.0,32.8,32.7,34.2,32.9,33.1,32.9,33.3,32.8,32.4,33.3,32.9,33.3,32.6,33.2,34.1,34.5,34.0,33.6,33.6,33.6,33.6,33.7,34.8,34.7,33.0,34.0,33.3,34.0,33.3,33.3,33.9,34.0,32.9,33.2,33.4,33.6,33.0,32.7,33.7,32.6,32.9,32.7,33.2,32.2,32.6,33.0,35.2,34.1,33.2,33.1,34.5,33.6,33.3,33.3,35.3,34.6,32.6,32.7,33.5,33.0,32.6,32.8,32.1,34.0,33.5,33.2,33.2,33.3,33.0,33.2,32.8,32.6,33.5,33.0,33.1,33.3,33.0,33.2,34.6,34.8,33.1,33.3,34.1,33.9,34.1,33.9,34.6,34.6,32.8,33.8,33.7,33.4,32.7,30.9,32.5,33.2,34.1,33.2,33.2,32.7,33.6,32.5,34.3,32.7,32.9,nan,33.3,32.6,32.4,33.0,35.0,35.1,34.0,33.4,33.6,33.4,33.5,34.2,35.3,33.7,33.4,33.4,33.5,32.6,33.2,33.7,33.1,33.6,33.7,33.5,33.3,33.8,32.2,33.5,32.2,33.7,33.2,33.3,32.5,33.3,32.7,33.5,34.0,35.1,33.6,33.6,33.4,34.7,34.1,33.3,34.4,34.4,33.6,34.0,33.8,34.4,32.7,34.2,32.9,33.7,32.6,33.4,33.5,33.7,33.5,32.7,33.0,33.0,32.6,32.8,33.5,33.4,33.1,32.7,34.2,33.1,33.5,33.6,33.8,34.6,33.3,34.2,34.1,33.1,33.1,33.9,34.4,33.9,33.9,33.0,33.7,34.2,33.1,33.1,33.0,34.5,32.7,32.8,33.3,33.9,32.6,32.9,34.5,33.4,33.2,32.7,33.9,33.6,33.4,33.9,34.3,33.7,33.9,34.2,33.8,33.7,34.0,33.1,34.1,35.0,33.5,34.0,33.6,32.6,32.8,32.6,32.7,33.7,33.1,32.8,33.5,33.0,33.4,33.2,34.6,33.3,32.9,32.8,33.0,34.5,33.5,33.7,34.2,34.1,33.4,33.5,33.7,33.6,32.6,33.7,34.5,34.1,33.6,33.8,33.0,33.9,33.4,32.4,32.5,33.7,33.6,33.7,33.9,33.3,33.6,33.2,33.0,32.8,33.2,32.9,33.4,33.7,33.2,33.6,33.7,33.8,34.6,33.6,33.0,34.6,32.9,33.6,33.2,35.0,33.6,34.5,33.8,33.9,32.7,32.2,32.3,33.7,33.2,32.4,33.0,32.9,33.6,33.1,34.3,32.5,33.2,32.8,34.1,33.3,33.1,33.1,34.4,33.9,34.0,33.9,34.3,33.5,33.0,33.1,34.6,34.2
1785306298.8293319,1890,33.3,31.8,31.1,32.4,32.0,31.8,32.8,32.0,32.5,31.8,31.9,31.9,33.0,31.7,32.4,33.4,32.8,32.1,32.0,32.5,34.5,32.3,33.0,32.7,32.2,33.3,32.2,32.7,33.0,32.8,33.3,32.9,31.8,31.2,33.3,32.1,33.0,31.7,31.4,31.9,31.9,32.2,32.4,31.2,31.6,32.4,31.7,33.3,32.0,32.6,32.7,32.8,31.9,32.9,32.8,32.2,31.9,33.6,32.5,32.4,32.7,32.0,33.0,33.8,31.9,32.7,32.1,32.4,33.9,32.7,32.6,32.6,32.7,32.0,32.3,32.1,32.0,31.7,32.0,32.4,32.2,32.3,32.0,33.5,34.0,33.7,33.4,32.2,33.0,31.9,31.8,32.9,32.7,32.2,32.0,32.9,32.9,33.2,32.5,33.2,32.1,32.4,32.5,31.1,32.4,32.1,30.5,32.9,33.0,32.0,32.1,32.3,32.2,32.7,33.0,33.6,33.2,33.9,33.1,32.4,32.7,32.9,33.1,32.3,32.8,32.2,33.5,33.5,33.3,32.8,33.0,33.7,32.8,32.0,32.3,32.5,31.4,31.5,32.5,31.8,33.2,32.6,32.5,32.6,31.9,32.4,33.2,33.3,34.2,35.6,32.8,32.1,32.1,32.4,32.5,33.3,33.3,32.7,32.4,32.8,32.5,32.7,32.2,32.1,32.1,32.2,32.6,32.9,32.2,33.0,32.0,32.4,32.5,32.3,31.9,32.8,33.3,31.8,32.6,33.3,34.2,34.0,33.3,32.7,32.8,32.5,32.6,32.5,31.4,33.6,33.4,32.9,33.2,32.5,32.5,32.6,31.8,31.8,32.3,32.5,31.5,33.3,33.5,33.2,32.0,32.0,32.3,32.1,31.9,32.6,33.3,33.7,34.0,33.8,33.1,33.1,33.0,32.9,33.1,33.9,32.8,33.4,32.4,33.6,32.4,32.2,32.8,31.1,32.3,31.9,32.4,32.7,32.2,32.0,33.7,32.5,32.1,32.0,31.7,32.6,32.8,32.4,34.0,32.4,33.4,33.7,33.5,33.8,33.3,32.6,33.1,32.5,32.7,33.7,32.7,32.8,32.6,32.9,31.7,32.2,32.2,32.1,32.1,32.6,32.2,31.8,31.4,33.2,33.0,33.0,32.1,33.2,32.5,33.7,33.1,34.1,33.6,33.5,33.3,33.0,33.7,33.1,33.5,33.4,33.5,32.6,32.9,32.5,32.8,33.4,33.1,33.0,32.2,32.2,32.2,33.0,32.0,33.0,32.5,32.2,32.6,32.3,32.6,32.6,33.6,33.7,33.4,33.0,33.1,33.6,33.7,32.9,32.8,33.0,33.6,32.8,32.6,33.0,31.1,32.2,31.4,31.7,32.7,32.4,33.0,31.5,32.2,32.7,33.1,33.3,31.7,32.7,32.4,33.1,31.8,32.7,32.6,33.9,33.7,33.1,33.1,33.0,33.1,33.2,33.6,33.7,32.6,33.1,33.5,33.2,32.4,32.9,32.2,32.0,32.2,31.8,32.2,32.4,33.8,32.6,31.7,32.8,32.8,32.8,32.3,32.2,32.4,32.0,33.6,32.5,33.1,33.8,33.3,33.9,33.5,33.2,32.1,33.4,32.9,32.5,32.5,31.8,32.8,32.7,31.9,32.3,31.3,32.9,33.3,31.8,32.1,32.7,32.9,31.3,33.1,33.3,32.4,32.1,32.4,33.7,34.0,32.6,33.6,34.2,33.9,33.1,34.5,33.5,33.3,33.7,34.1,33.8,33.9,32.3,32.5,32.1,32.6,33.1,32.6,32.2,32.7,33.5,32.4,32.3,32.8,32.0,32.5,32.6,32.7,32.2,32.8,32.8,33.3,33.6,34.1,33.1,33.9,33.9,33.6,33.6,33.0,32.2,33.6,33.7,32.3,32.3,34.4,33.4,33.2,32.2,33.3,32.7,32.5,31.9,33.1,33.2,33.1,32.1,33.7,32.9,32.9,32.9,32.2,32.1,32.9,32.7,33.7,33.6,33.0,33.9,33.3,33.5,33.5,32.8,33.4,33.8,32.6,33.0,34.1,34.5,32.7,31.9,32.7,31.8,32.4,31.9,32.9,33.1,31.9,31.8,31.9,32.6,33.1,32.7,33.1,33.8,32.7,34.1,32.9,33.5,33.3,33.6,33.9,33.6,33.0,32.3,33.4,33.3,32.7,33.8,34.2,32.6,33.0,32.5,32.3,33.2,32.4,33.1,32.6,33.2,32.6,32.9,32.5,32.8,33.0,33.2,32.3,32.1,32.9,33.2,34.5,33.4,33.7,33.0,33.6,33.3,33.5,34.5,34.4,34.7,33.9,33.1,33.5,33.7,32.3,32.6,32.6,32.3,33.1,33.0,32.7,32.0,32.9,32.5,30.8,33.2,33.2,nan,32.3,32.5,33.3,32.8,33.4,33.3,33.4,33.4,33.4,33.6,34.1,34.7,34.5,33.2,33.8,33.4,32.6,33.4,33.3,33.4,32.7,32.9,32.7,32.9,32.6,33.3,32.7,32.4,32.4,33.6,31.9,32.9,31.7,32.9,32.4,33.0,33.7,33.9,33.7,33.9,33.4,33.8,33.2,33.8,33.5,34.5,34.0,33.3,33.0,33.5,32.3,31.9,32.8,33.3,33.3,32.5,33.0,31.9,32.7,33.4,32.9,32.8,32.8,32.2,32.8,32.9,32.3,32.5,34.1,34.3,33.3,33.6,33.2,34.4,33.9,33.8,33.4,33.9,33.0,33.8,33.1,33.7,34.0,33.3,32.5,33.3,33.5,32.4,33.3,32.6,31.8,32.2,31.9,33.4,33.1,32.0,33.6,33.0,33.4,32.5,32.9,33.5,33.6,34.0,32.9,34.0,33.1,33.0,33.3,33.4,33.9,33.2,33.9,34.2,31.6,33.1,33.1,32.4,33.3,32.2,32.6,32.8,31.9,33.2,33.3,33.3,32.8,32.9,33.1,32.4,32.8,32.4,33.0,33.6,32.9,32.7,33.9,32.9,33.1,34.0,33.0,34.0,32.9,33.3,34.2,33.7,32.3,33.7,32.3,33.4,33.0,32.5,32.7,33.7,33.0,33.0,32.9,33.4,32.9,33.1,33.2,33.1,32.7,32.2,33.2,32.7,33.1,33.6,33.6,33.3,33.5,33.4,33.4,32.9,33.8,32.9,33.0,33.7,33.5,32.7,32.2,34.0,33.4,32.4,33.1,33.0,32.2,32.8,32.7,33.3,33.3,32.8,33.3,32.7,32.4,33.1,33.1,33.1,33.6,32.6,33.5,33.6,32.8,33.5,33.6,31.7,34.0,32.7,33.6,33.3
1785306300.8615353,1891,34.2,34.6,32.5,34.2,33.9,34.2,32.7,32.4,32.1,33.1,31.4,33.2,31.8,34.0,33.6,34.8,32.4,33.7,33.8,35.2,34.2,34.8,33.6,34.4,33.8,33.4,33.0,33.5,33.6,32.9,32.9,34.0,35.3,34.2,34.1,32.7,35.1,32.7,32.8,33.5,33.2,33.3,33.3,32.7,33.8,33.3,33.0,32.3,33.9,33.4,33.9,34.2,35.7,34.7,33.3,32.4,33.1,33.1,32.6,33.6,33.7,33.7,32.9,32.9,34.1,33.5,31.5,33.9,33.4,32.8,32.5,33.3,34.2,33.4,33.1,32.8,32.7,32.7,32.7,33.2,32.2,33.8,32.5,34.1,35.8,34.5,33.4,33.0,33.9,33.5,33.3,33.8,33.7,33.4,32.8,33.5,34.7,34.1,32.6,33.3,33.9,32.9,34.2,33.2,33.1,33.2,32.8,33.2,33.6,32.5,33.8,32.8,33.7,33.6,33.3,34.2,35.6,35.1,32.3,32.6,35.0,32.9,33.4,33.3,34.2,33.0,34.3,32.9,33.0,33.4,32.6,33.8,33.5,33.5,33.4,33.8,32.8,32.8,32.7,33.6,33.7,33.2,33.0,33.7,32.9,33.4,32.8,32.9,34.2,34.4,33.4,33.1,33.8,34.0,32.3,33.4,33.8,34.0,33.6,33.1,33.8,33.1,33.4,33.5,34.6,33.1,33.8,33.2,33.7,32.6,33.7,32.3,33.4,32.8,33.9,31.8,32.5,32.6,33.9,33.3,34.4,34.3,34.2,33.2,34.2,34.0,34.1,33.6,33.7,33.1,33.9,33.7,33.5,33.7,33.0,33.1,33.1,33.1,33.2,33.4,33.3,33.6,33.3,33.5,33.2,32.4,33.1,33.9,33.5,34.6,34.0,34.0,34.6,34.9,33.7,34.4,33.3,34.6,32.8,33.4,34.3,34.1,33.3,33.5,33.7,33.2,34.3,32.2,33.5,33.7,34.0,32.8,33.3,33.2,33.4,33.0,33.3,32.8,33.3,33.5,33.7,33.5,34.1,34.0,34.8,33.5,33.7,33.8,34.1,33.5,33.8,33.6,34.1,33.2,33.6,33.8,32.8,33.2,32.3,33.5,33.1,34.2,33.3,33.6,33.5,34.3,32.7,33.9,32.8,34.3,32.2,33.9,33.0,34.4,32.8,34.6,34.6,33.8,33.9,33.7,33.5,34.6,33.8,33.5,34.0,33.6,34.0,33.9,34.4,33.3,33.2,32.7,33.6,32.9,33.2,33.0,33.8,33.3,33.2,33.0,34.6,32.9,33.3,33.1,34.9,34.3,34.4,33.9,34.2,32.8,33.6,33.5,34.8,35.0,32.8,33.4,33.4,33.3,32.5,33.8,32.8,33.5,33.0,33.5,32.8,33.4,33.2,34.2,33.6,33.4,32.2,33.0,32.8,33.2,33.0,33.3,33.3,33.8,33.9,34.0,34.0,33.9,33.9,33.3,33.5,34.1,33.5,33.8,32.9,33.5,33.7,33.2,34.2,33.0,32.9,32.3,33.3,32.6,33.0,32.5,33.3,33.4,33.6,32.9,34.0,33.1,34.1,33.3,34.5,34.0,33.7,34.1,35.0,33.6,33.9,32.9,34.1,33.5,33.7,32.8,33.5,32.3,32.7,32.5,32.7,33.9,33.6,33.4,32.9,33.4,32.3,33.1,33.2,33.3,32.6,32.9,33.5,33.6,33.8,34.1,34.5,34.1,33.8,34.5,33.7,35.1,34.0,34.1,33.2,33.6,33.8,34.6,33.1,34.0,33.5,33.2,34.2,32.0,33.3,33.2,33.1,33.3,33.0,32.9,33.8,32.7,33.5,33.0,33.3,33.3,33.4,33.9,34.8,33.5,34.0,33.3,35.0,34.9,35.2,33.9,34.5,33.5,35.1,34.0,34.4,32.8,33.1,32.9,33.1,34.7,33.0,33.2,33.3,32.7,33.8,33.5,32.7,34.1,32.8,33.8,33.2,34.3,33.7,34.1,33.7,34.9,34.3,35.0,34.4,34.1,34.1,33.8,33.8,34.4,34.0,34.0,34.0,33.7,33.9,33.8,34.3,33.7,33.0,34.2,33.8,32.6,34.5,33.3,33.5,33.3,33.7,33.7,33.9,33.6,33.2,32.7,34.5,33.5,34.1,34.0,34.4,33.9,34.0,33.6,35.0,34.9,34.4,34.9,33.9,33.6,34.7,33.2,33.6,33.7,33.5,34.6,33.8,33.2,32.4,33.5,32.7,33.2,32.1,32.8,32.8,34.0,33.5,33.7,35.1,35.1,33.5,33.8,33.8,34.1,34.6,34.4,34.5,35.0,34.6,35.5,34.0,33.3,33.5,34.2,33.7,33.8,34.1,32.4,34.3,32.8,33.9,33.0,33.8,33.2,32.8,32.5,34.7,nan,33.9,32.9,35.2,35.1,34.8,33.6,33.9,33.9,34.5,33.7,34.5,33.7,34.5,34.6,35.2,33.5,33.9,33.7,34.3,34.3,33.5,33.7,33.3,33.9,34.4,33.5,32.9,33.9,33.9,33.4,33.5,34.0,33.3,33.1,34.1,34.5,35.1,34.3,34.3,34.5,33.9,35.1,34.3,34.6,34.2,35.2,34.2,34.4,33.5,34.4,34.0,33.3,33.8,33.3,34.7,32.8,33.7,33.6,33.9,33.2,33.0,33.0,34.8,33.8,34.0,33.4,34.2,33.1,34.2,34.3,34.2,34.2,34.0,34.2,35.1,33.8,33.9,34.2,33.7,32.8,34.4,34.3,33.9,33.7,33.7,35.2,33.2,35.4,32.9,33.8,33.6,33.2,32.7,33.7,33.8,33.8,33.4,33.6,33.7,33.8,33.7,34.6,34.4,35.3,34.6,35.1,34.4,35.0,33.6,34.6,34.2,34.5,33.4,34.8,34.4,32.8,34.7,34.9,34.5,32.8,34.6,32.6,34.0,32.7,33.7,33.1,33.9,33.2,34.4,33.4,34.7,33.4,33.5,33.8,34.7,33.7,34.7,33.5,34.1,34.7,34.1,34.2,34.6,33.4,34.6,35.3,34.0,34.5,33.8,35.1,34.5,34.8,32.4,34.2,33.0,34.2,33.0,32.6,33.7,33.9,33.4,33.4,33.9,33.9,34.2,34.5,35.2,34.1,34.1,34.6,35.0,34.0,34.7,34.2,33.3,34.3,33.8,35.0,35.3,33.5,34.1,33.9,35.4,33.2,32.5,33.9,34.1,33.9,33.8,33.6,34.8,33.8,33.8,33.6,33.2,32.9,33.7,34.5,33.7,34.1,33.7,34.5,34.6,34.2,34.1,33.5,34.7,34.4,34.6,34.8
1785306303.1254308,1892,32.2,34.0,32.9,33.4,32.7,31.8,33.2,33.5,33.0,32.2,32.7,32.5,32.8,31.9,32.4,34.1,32.1,31.4,32.8,33.0,33.4,33.1,32.9,33.9,32.2,32.9,32.9,32.7,33.0,32.4,32.8,33.2,33.4,32.0,33.0,32.8,32.6,32.8,32.9,32.6,32.7,32.2,32.6,33.2,32.2,33.0,33.4,32.2,31.9,32.1,33.4,33.9,34.4,34.4,33.2,32.8,32.8,33.4,34.0,32.9,32.9,32.5,33.1,32.6,32.2,33.0,32.4,33.6,32.3,32.3,32.2,33.4,32.3,31.9,33.0,33.4,32.2,32.4,32.4,32.6,32.8,32.3,32.8,33.9,35.8,33.9,32.9,33.3,33.2,32.8,33.0,33.9,33.2,32.6,33.0,34.1,32.6,32.1,33.6,33.2,31.9,33.2,32.9,32.0,32.8,31.8,33.6,32.1,32.8,31.8,33.5,32.9,32.9,32.9,33.7,32.9,34.4,33.4,34.0,32.8,32.7,32.2,32.9,32.8,32.4,32.5,33.3,34.7,31.0,33.3,32.5,33.9,31.0,33.0,32.7,33.3,32.0,32.4,31.7,33.2,32.2,32.4,33.0,32.8,32.4,31.6,32.7,32.8,33.1,34.1,32.8,33.4,33.4,32.2,33.3,34.2,32.5,33.3,32.4,33.7,33.2,30.9,33.5,33.6,33.1,31.4,33.0,31.9,32.4,32.5,32.9,32.7,32.3,32.3,32.8,32.7,32.7,31.9,33.5,33.0,33.5,33.8,33.4,33.6,33.4,32.9,34.0,33.7,32.0,32.8,34.7,33.2,32.1,32.7,32.1,35.0,32.0,32.6,32.7,33.8,32.6,33.7,32.5,33.6,31.5,32.5,32.5,33.2,33.2,32.7,33.8,34.2,33.0,32.8,33.3,34.5,33.4,32.9,32.9,32.8,34.0,31.9,34.1,35.1,32.4,32.2,33.6,33.5,33.5,32.1,33.9,32.2,33.4,33.1,33.3,33.7,31.8,32.1,33.7,32.9,32.6,32.8,32.7,33.9,33.1,33.1,33.3,33.3,33.5,34.0,32.8,33.5,33.1,32.5,33.9,32.6,31.8,32.7,32.8,32.8,32.3,32.6,32.8,33.5,32.6,33.1,32.1,33.6,33.2,32.4,32.4,32.9,32.7,33.6,33.2,34.3,33.0,32.9,32.5,33.8,32.6,32.8,33.1,33.9,32.2,33.3,32.5,34.4,32.6,33.0,32.7,32.2,32.6,31.5,33.1,32.7,32.5,32.8,32.6,33.2,32.8,32.3,32.3,33.1,32.6,33.4,33.4,34.3,32.3,33.8,33.7,33.9,33.3,33.2,34.1,33.7,33.2,32.3,33.6,33.7,31.2,32.8,32.7,33.0,32.3,31.5,33.0,33.1,33.0,33.0,32.8,32.9,32.1,32.3,33.0,34.0,33.1,33.3,33.2,33.6,33.6,32.9,33.1,34.2,32.7,33.2,33.0,34.4,34.1,32.8,34.4,33.5,31.6,31.8,32.2,33.0,32.1,32.3,33.4,33.1,32.3,32.9,32.7,33.4,32.7,32.7,32.7,34.3,33.8,32.5,33.9,33.0,33.1,33.5,34.2,33.9,33.0,33.1,33.8,33.4,33.1,33.3,33.6,34.6,33.4,33.6,32.9,34.1,32.6,32.7,33.0,33.2,33.6,31.7,35.3,33.6,35.1,33.1,33.9,34.4,32.8,32.8,32.9,34.1,32.9,33.3,34.0,34.3,34.2,32.7,33.2,33.6,32.1,33.4,33.4,34.3,32.2,32.3,33.0,33.5,32.1,32.8,33.6,33.3,33.5,33.1,35.2,34.9,34.4,34.1,33.3,33.5,33.1,32.6,34.4,33.0,33.1,33.2,33.9,34.1,33.7,33.1,33.4,33.7,32.1,33.1,33.4,33.8,32.4,33.0,33.3,33.7,32.7,33.1,33.4,34.1,32.6,33.0,33.5,35.5,33.1,33.4,31.8,32.9,32.6,32.8,33.5,33.9,33.8,32.8,33.7,33.9,33.0,33.1,33.9,33.8,33.7,33.2,34.6,33.9,33.4,32.0,33.9,32.0,32.6,32.7,34.6,32.8,31.9,32.9,35.0,33.1,34.3,32.5,33.1,32.2,32.2,32.1,34.2,34.2,32.8,33.2,33.9,34.3,33.2,33.6,33.5,34.1,34.0,32.0,34.2,33.7,33.0,32.1,33.2,33.0,32.6,32.7,32.5,32.8,33.1,33.1,31.5,34.0,32.5,32.4,32.7,33.4,32.9,32.9,33.1,34.5,33.9,33.4,33.3,33.7,33.3,32.6,33.9,33.7,33.2,32.4,33.6,34.1,32.8,32.7,33.4,33.1,32.5,32.5,33.6,31.9,32.7,32.2,33.2,33.4,32.7,nan,33.1,33.2,32.8,32.4,34.2,33.5,33.1,33.5,33.9,34.8,34.3,34.1,33.8,32.5,32.5,33.0,33.2,34.0,33.3,32.8,31.7,33.4,32.0,33.5,32.4,34.3,32.4,32.7,33.0,33.0,32.4,32.7,32.9,33.2,33.1,32.6,33.7,34.4,33.7,32.9,33.6,34.8,33.3,32.7,33.9,33.4,32.9,32.6,34.4,34.5,32.4,31.7,34.7,33.4,33.1,32.5,33.4,33.5,31.8,32.6,33.4,33.4,33.2,32.0,33.9,33.3,33.3,32.7,33.5,33.7,33.6,33.8,33.8,33.8,33.7,33.5,33.6,33.0,33.2,33.6,34.1,33.8,33.8,33.8,33.8,34.3,33.3,34.2,32.1,33.6,31.9,32.5,34.2,34.2,32.6,32.9,32.3,33.9,33.2,32.0,32.9,34.2,31.8,33.7,33.1,34.0,32.5,33.8,34.1,34.5,33.7,33.9,34.2,34.7,32.7,32.7,33.7,33.3,32.5,33.0,33.0,32.5,33.4,32.7,34.3,33.4,32.8,32.8,33.6,32.8,32.8,32.1,33.9,33.3,33.1,34.3,33.4,34.1,33.5,33.3,34.5,33.7,33.1,32.9,34.0,34.1,31.8,33.0,33.0,35.2,33.6,32.3,32.5,34.2,32.5,33.8,32.7,33.6,32.6,32.6,33.6,32.6,32.7,32.6,33.2,34.4,32.7,33.1,32.8,33.9,34.0,33.6,33.4,33.1,34.4,32.9,33.1,34.4,31.9,32.0,33.1,33.6,33.3,32.1,33.7,33.4,32.5,31.9,32.9,33.0,34.2,32.6,34.0,33.1,32.4,32.0,34.3,33.2,33.8,32.9,33.2,34.7,33.8,33.4,33.8,32.9,33.0,32.8,33.8,34.2
1785306304.9696827,1893,34.8,32.2,32.5,33.3,32.3,32.6,33.1,32.6,34.1,32.5,33.2,32.2,32.8,32.2,33.7,32.3,32.8,31.7,33.5,33.9,34.4,32.6,33.4,33.6,33.2,31.7,32.6,32.8,33.6,32.9,33.7,32.0,32.0,34.0,33.7,33.2,32.3,32.5,32.4,32.5,33.4,33.7,32.1,32.7,31.5,32.5,33.5,31.8,33.0,33.1,33.3,33.7,34.8,33.6,32.7,33.9,33.1,32.9,32.9,33.9,33.3,33.1,32.7,32.2,34.1,32.4,33.2,32.6,32.8,32.8,32.3,32.9,32.6,31.2,32.8,32.2,32.3,33.9,32.7,33.2,33.8,33.1,33.8,34.1,34.7,33.5,33.7,33.0,32.5,32.5,33.1,32.4,33.3,33.4,34.0,33.8,32.3,33.4,34.2,33.3,32.7,32.7,32.6,32.7,32.4,32.5,31.4,33.4,32.9,32.8,33.1,33.0,32.8,33.0,33.5,34.1,33.3,34.4,33.0,33.7,33.7,33.3,32.4,33.9,33.6,33.2,32.5,32.5,33.5,33.4,32.4,33.2,33.1,31.9,33.4,33.0,33.4,32.5,31.9,32.7,33.3,33.0,34.1,33.5,32.0,32.9,33.3,33.5,33.9,33.7,34.1,33.1,33.8,33.2,34.4,34.7,33.8,33.6,33.6,34.0,32.2,33.8,32.8,32.9,33.0,32.5,32.3,32.8,33.3,33.0,32.9,32.3,32.9,33.1,34.2,34.0,32.8,32.8,33.4,33.8,33.4,33.8,32.6,33.6,33.3,32.6,34.2,34.6,32.1,33.7,32.6,33.7,33.8,32.6,33.3,33.3,32.5,32.9,33.0,32.8,32.9,32.7,32.5,33.3,32.8,33.5,33.1,32.4,33.5,33.6,33.2,33.8,34.8,33.1,33.7,33.4,33.2,33.0,33.4,33.4,33.9,33.3,33.3,33.7,33.0,33.4,33.3,31.8,32.0,32.8,32.1,33.2,32.3,33.0,33.2,33.0,32.2,33.2,33.0,33.2,33.3,33.8,33.1,33.6,32.7,33.5,34.0,34.1,32.9,34.0,33.4,33.0,33.0,33.4,33.4,34.6,32.8,32.0,33.3,33.7,32.2,32.0,32.9,32.9,33.5,32.6,32.7,33.7,33.3,32.8,34.1,34.2,33.6,33.9,33.9,32.9,32.8,32.1,33.8,33.4,34.4,32.7,34.0,32.9,33.6,32.7,33.0,33.5,32.5,33.5,32.0,33.7,31.9,32.0,32.4,33.4,32.3,32.9,32.0,32.5,33.3,32.4,34.4,33.7,32.7,33.2,33.8,33.7,33.5,33.6,33.4,33.4,33.6,33.0,33.0,32.6,33.6,33.3,33.1,33.0,32.8,32.0,33.2,32.9,33.3,32.8,33.2,33.3,32.4,32.2,32.4,33.3,32.8,32.0,33.5,33.5,33.2,32.2,33.3,33.2,34.3,32.9,33.9,32.9,33.4,33.1,32.8,32.5,33.9,32.6,34.1,33.4,33.2,33.4,32.9,32.5,32.3,33.8,33.0,33.2,32.7,33.3,32.3,32.7,32.7,32.8,32.0,32.8,33.1,32.9,33.3,33.7,33.0,34.9,32.9,34.3,32.9,33.3,33.0,32.4,32.1,32.8,33.1,33.3,33.1,32.5,33.3,33.0,33.6,32.8,33.0,32.9,33.4,32.7,32.6,33.4,33.7,33.0,32.9,33.9,34.0,32.8,33.3,34.0,34.5,33.5,34.0,33.4,33.6,32.8,34.2,33.0,33.5,32.6,32.7,33.2,32.1,33.2,31.9,33.0,32.2,32.8,33.0,31.5,33.1,32.8,32.4,33.4,32.6,33.3,32.9,32.7,33.4,33.2,33.0,33.9,33.0,33.7,34.0,33.6,33.4,33.7,32.4,32.2,33.7,32.8,33.1,33.9,34.0,32.9,32.9,33.4,33.0,32.3,33.3,33.8,32.7,32.2,33.6,32.9,33.5,32.8,32.7,32.7,33.5,32.5,33.1,34.0,34.3,33.6,34.6,33.8,34.1,32.7,33.9,33.7,33.5,32.2,33.3,34.0,32.7,32.9,32.8,34.4,32.3,33.0,34.1,33.3,33.0,32.8,32.5,33.4,32.4,33.1,33.0,32.7,33.4,33.5,33.3,33.5,32.5,34.3,33.8,33.9,32.9,34.7,33.7,33.3,32.8,33.2,33.5,33.4,34.4,33.1,33.1,33.7,32.9,32.8,33.0,32.7,32.9,32.7,34.1,32.6,33.6,32.6,33.8,33.1,33.8,33.0,33.3,33.3,33.5,33.1,33.3,33.6,33.6,33.6,33.3,33.7,34.0,32.7,33.1,32.8,32.5,34.7,33.5,32.8,33.0,33.6,32.7,33.4,33.1,33.2,32.3,33.2,32.9,nan,33.0,33.1,32.4,32.3,33.0,33.6,33.2,33.9,33.0,34.1,33.3,34.9,33.4,33.5,33.7,33.3,33.5,33.7,34.1,33.3,32.9,33.9,33.8,33.0,33.6,33.8,32.7,33.3,33.4,33.2,32.8,32.3,33.2,32.9,33.7,31.8,33.8,34.4,33.5,33.5,34.1,33.5,34.4,33.2,33.5,33.7,33.6,33.4,34.4,34.0,32.9,32.9,33.6,33.1,32.4,32.8,33.9,33.6,32.8,33.0,32.8,32.8,31.9,33.3,32.7,32.6,31.9,32.8,34.4,34.0,33.4,33.9,33.7,34.6,32.7,33.8,33.0,33.6,32.5,33.9,32.6,34.1,33.4,32.6,33.2,34.0,33.4,33.5,32.9,33.8,33.2,32.6,33.6,33.9,32.7,33.1,32.9,33.4,34.0,33.1,33.9,33.6,33.6,33.3,34.1,33.7,33.2,32.9,33.8,33.5,33.6,33.5,33.6,33.7,32.9,33.5,32.8,33.4,32.4,34.1,33.1,32.9,31.7,33.9,33.4,33.3,33.4,33.8,32.7,33.3,33.5,33.4,33.8,33.8,32.8,33.7,32.9,34.6,33.4,34.2,33.7,34.2,33.2,34.7,34.3,34.7,33.6,33.2,33.6,34.6,33.7,33.1,33.2,34.0,33.5,33.1,33.4,33.9,33.2,32.6,32.7,33.4,33.4,33.2,33.7,33.2,34.3,33.2,33.9,33.6,34.8,33.3,33.9,35.0,33.3,32.6,33.8,33.2,33.2,33.7,33.4,32.6,32.5,34.2,32.9,33.3,32.6,33.0,33.4,32.9,33.9,33.8,33.4,33.2,32.3,31.9,33.5,33.8,33.3,33.6,33.1,34.5,33.9,34.6,33.7,33.5,32.3,34.0,32.8,34.1
1785306307.163998,1894,33.3,32.9,32.2,33.4,32.5,32.8,32.8,33.4,33.6,31.5,32.9,32.6,32.7,32.7,33.0,32.3,31.8,32.7,33.7,33.5,33.8,33.7,33.5,33.1,33.3,32.9,32.9,33.6,33.5,32.6,33.8,32.4,31.8,33.3,31.6,33.6,31.7,32.2,32.3,32.8,32.9,32.8,32.8,33.2,32.2,32.6,32.0,32.4,33.2,31.9,32.0,34.1,34.6,34.6,33.8,33.3,33.4,32.8,32.8,33.1,33.2,33.9,34.3,33.9,34.5,32.7,34.3,33.4,32.9,32.5,33.2,32.7,32.4,33.4,32.3,32.9,32.9,32.4,33.1,33.3,32.8,33.5,33.5,32.5,33.5,35.5,35.1,33.4,33.2,32.1,33.3,33.8,33.8,34.2,33.0,34.4,32.2,32.3,33.2,33.5,32.2,32.4,32.6,32.8,33.3,32.9,31.7,31.7,32.5,32.4,32.5,33.4,32.8,32.6,33.1,33.0,33.8,33.8,33.7,34.1,33.5,32.4,33.7,33.8,34.5,33.1,33.3,34.2,33.6,32.6,33.4,33.3,32.8,33.5,33.9,32.6,32.4,33.0,33.1,33.0,32.7,33.1,34.2,34.6,33.3,32.7,32.5,32.5,33.1,33.1,33.0,33.4,33.6,35.0,33.6,34.3,34.3,33.8,33.3,33.9,33.9,32.6,33.3,33.4,33.0,32.6,32.8,33.5,33.1,32.0,31.8,32.6,32.7,32.5,34.5,33.9,32.6,32.5,32.0,32.7,33.4,33.8,33.4,33.7,32.9,33.4,33.2,33.7,32.8,34.0,32.8,33.9,33.2,33.0,33.4,32.0,32.6,32.8,33.3,32.9,32.7,33.5,33.7,32.9,32.3,32.8,33.7,32.9,33.1,33.3,33.6,33.3,33.4,33.2,33.1,33.7,33.8,33.3,34.2,33.5,34.2,34.1,33.7,33.8,32.3,31.8,32.2,33.2,32.9,33.1,33.2,32.9,32.9,33.3,32.4,33.0,32.6,32.4,33.6,34.3,33.3,32.6,33.4,34.6,33.8,33.4,33.3,34.5,33.9,33.4,33.7,33.8,34.5,33.1,33.8,34.1,32.3,33.6,32.8,33.5,33.2,33.6,32.5,32.3,32.6,33.3,32.6,33.5,33.1,33.1,33.2,33.5,33.4,32.8,33.3,33.9,33.9,32.9,33.0,33.7,32.6,32.5,33.0,34.0,34.1,32.8,33.3,33.0,33.3,33.5,32.3,33.4,33.3,32.4,33.4,33.4,32.2,32.3,32.0,33.2,32.5,32.8,33.7,33.5,33.1,33.1,33.4,32.8,33.6,32.4,33.0,33.1,33.5,33.1,33.6,33.7,33.0,32.3,32.8,33.7,33.1,32.6,32.1,32.9,33.6,33.3,33.3,32.7,33.0,32.8,33.1,32.6,32.3,33.3,32.9,33.1,32.8,33.8,32.7,33.4,33.3,34.0,33.8,34.0,33.4,33.5,32.9,33.9,33.0,32.7,34.4,33.1,32.7,33.1,32.6,32.6,32.6,33.0,32.1,33.3,33.3,33.4,32.2,33.0,33.5,33.9,33.3,32.7,34.1,33.8,33.0,33.3,33.8,34.1,34.2,32.9,33.4,33.9,31.5,33.2,33.3,32.6,32.3,33.8,33.7,33.4,32.6,33.5,33.2,32.4,32.0,32.2,32.5,32.2,33.5,32.8,33.1,32.3,32.9,32.8,33.3,32.6,33.4,33.9,33.7,33.9,33.9,33.9,33.0,33.4,33.9,32.0,33.8,33.4,33.2,33.2,33.8,32.3,33.5,33.5,33.4,33.2,32.4,32.7,33.4,32.6,32.4,32.1,32.9,33.1,32.9,33.4,33.3,32.3,33.5,33.3,33.6,33.5,33.6,33.5,34.1,32.6,34.7,33.2,32.9,33.5,32.7,34.0,33.5,32.8,33.0,33.2,32.9,32.6,33.4,32.2,32.8,32.7,33.4,32.9,33.1,33.1,32.9,33.1,33.0,32.5,33.9,33.4,33.5,33.4,33.2,33.5,33.0,33.2,33.9,33.1,34.1,32.7,33.6,34.0,33.0,33.0,33.3,33.3,32.8,32.7,33.4,33.5,33.1,32.4,32.6,33.5,33.7,32.7,33.5,32.9,34.3,33.2,33.9,34.2,33.8,33.2,33.6,33.2,34.9,34.1,33.1,33.6,33.1,32.8,32.5,33.7,32.8,33.4,32.6,33.8,34.1,32.8,32.7,32.3,32.4,32.8,32.9,32.7,31.9,32.3,33.1,32.6,32.3,33.1,34.0,33.7,33.2,33.6,33.5,33.9,33.9,33.3,34.3,33.3,33.6,33.0,33.6,33.2,33.5,34.0,32.5,32.7,32.4,32.9,33.1,33.7,34.3,32.6,31.1,34.4,33.4,nan,32.5,32.5,33.8,33.2,33.6,34.2,34.0,33.3,34.6,35.5,33.8,33.2,32.8,33.8,33.3,33.1,34.1,34.5,32.7,32.6,34.4,33.2,33.0,32.6,33.0,33.0,32.6,33.0,32.8,32.8,32.9,33.7,33.1,32.7,32.8,32.3,34.0,33.9,33.7,34.1,34.5,34.0,32.8,33.5,33.8,33.8,32.7,33.4,34.7,33.3,33.7,33.4,33.5,33.0,32.2,33.3,33.1,33.9,33.1,33.4,33.1,33.6,32.9,32.5,32.2,33.0,32.5,33.9,32.5,33.9,33.3,33.2,33.4,34.1,33.8,33.0,33.8,33.7,32.7,32.7,33.5,33.4,33.4,33.8,32.7,33.1,33.7,32.1,33.6,32.9,32.8,32.9,34.2,33.1,32.8,33.6,33.8,33.2,33.2,32.7,33.6,33.9,33.7,33.6,34.0,34.0,34.2,34.4,34.1,34.0,33.1,34.1,32.9,33.9,34.6,34.1,33.8,33.1,33.5,33.1,33.0,33.2,32.9,32.9,32.6,34.1,32.8,32.5,33.5,32.8,33.3,33.3,32.4,34.0,33.5,33.6,34.7,34.2,33.0,33.2,33.6,33.5,32.6,33.6,34.3,35.0,33.7,32.6,33.7,33.9,32.2,33.6,33.1,32.9,32.7,33.4,32.7,31.7,33.8,34.2,32.9,33.7,33.5,33.3,34.2,33.9,33.1,33.3,33.0,34.3,34.0,34.3,34.0,33.8,33.6,34.7,34.0,33.6,32.4,33.9,33.6,33.4,33.5,32.5,33.4,33.2,33.0,32.7,34.8,33.9,33.0,32.8,33.3,33.1,32.6,33.4,33.1,33.4,33.6,33.7,32.7,33.3,34.2,34.0,34.5,34.4,33.4,33.7,34.6,33.8
1785306309.2797096,1895,34.7,33.4,32.9,33.1,32.7,33.9,33.7,34.0,32.4,33.2,31.7,33.1,31.1,32.5,33.4,32.1,32.5,32.1,33.7,33.2,33.0,32.3,32.5,33.1,32.2,32.3,32.9,33.2,31.9,33.8,32.8,32.9,32.6,32.8,34.3,33.6,33.9,31.7,33.1,32.4,33.3,32.6,33.4,33.2,32.6,32.4,34.0,33.0,32.6,32.8,32.9,32.6,33.6,33.1,34.0,34.0,32.2,32.6,33.4,33.7,32.9,32.0,32.6,33.8,32.7,33.2,33.6,33.8,32.5,32.5,33.4,32.5,33.1,33.0,32.5,32.7,32.4,33.5,33.0,34.0,32.6,33.0,33.6,33.7,34.4,34.3,33.8,33.5,33.0,33.2,33.2,33.1,32.9,33.1,32.7,33.2,33.4,33.0,33.0,33.9,33.2,33.2,32.9,33.1,32.3,32.2,32.8,32.8,33.0,33.1,31.8,33.1,32.6,33.1,33.1,34.0,35.0,34.5,34.1,33.7,33.5,33.3,33.3,34.0,33.5,33.3,33.8,34.0,32.4,32.2,32.5,33.3,33.6,31.7,32.3,33.7,32.0,33.5,33.1,32.9,32.5,32.6,33.4,33.4,32.9,32.8,32.9,32.8,33.8,34.5,32.6,33.1,32.6,33.7,33.9,34.1,33.5,33.1,32.9,33.0,33.2,31.6,33.3,32.8,33.5,32.6,32.6,33.1,32.5,32.3,33.4,33.3,32.5,33.3,33.3,34.5,33.9,32.4,32.6,33.0,33.7,34.1,33.2,33.5,32.9,33.2,34.0,34.1,33.4,33.2,33.6,34.7,33.0,33.0,32.3,34.4,31.8,32.4,32.9,33.1,32.6,32.7,32.9,33.3,33.0,32.6,34.5,34.6,32.9,32.9,33.8,34.0,33.7,32.4,33.1,33.3,32.9,33.3,33.6,34.1,33.4,33.1,33.9,33.6,32.0,32.2,33.0,32.9,32.3,32.3,33.5,32.9,33.3,32.8,32.4,34.0,33.1,32.7,33.7,33.9,33.1,33.6,33.6,33.8,34.1,33.5,33.7,34.2,33.8,33.5,34.4,34.5,34.2,33.5,33.9,33.2,32.2,33.6,32.2,33.3,32.5,33.2,34.0,32.5,33.1,32.7,32.4,34.1,33.2,32.4,33.9,33.8,33.7,33.4,32.8,33.7,32.7,33.7,33.7,32.6,32.4,33.3,33.8,34.3,33.7,33.0,33.5,33.6,33.9,32.2,32.9,33.8,33.7,32.4,33.6,33.6,33.6,32.8,32.5,33.7,32.9,32.9,33.9,34.7,32.8,32.8,33.9,34.3,33.6,32.3,33.5,33.8,33.4,33.0,33.6,34.6,32.8,32.8,33.2,33.9,32.3,33.2,33.3,33.7,32.1,33.5,33.3,32.5,33.0,33.1,33.1,33.0,34.2,33.1,33.2,33.7,34.2,32.9,33.8,33.7,33.4,33.5,33.8,34.0,32.7,32.3,33.2,32.8,32.5,32.7,33.0,32.9,33.3,32.0,33.4,33.2,32.8,32.8,32.9,33.3,33.1,33.5,31.9,33.8,33.3,33.5,33.7,33.5,33.5,33.5,33.9,33.9,33.3,33.3,33.9,34.7,33.0,33.7,32.8,33.4,33.8,32.5,33.7,34.0,32.8,33.8,33.9,32.5,33.7,33.5,33.0,33.4,33.5,33.2,32.1,33.5,32.9,32.5,33.2,33.3,33.1,32.8,33.8,33.3,33.6,33.3,33.4,33.9,33.5,33.5,34.1,33.5,32.5,33.2,33.6,33.7,32.9,32.7,32.5,32.7,33.9,33.2,34.0,32.8,32.9,32.6,34.2,33.1,33.0,32.9,33.0,34.0,33.8,33.5,32.7,33.5,33.8,33.8,33.4,34.0,33.5,32.9,34.0,32.8,33.6,33.4,33.1,34.6,32.4,34.0,33.3,33.4,32.5,32.8,33.4,33.6,32.8,33.0,33.5,32.1,32.2,33.2,33.1,33.4,34.1,33.6,33.2,34.6,33.5,33.4,33.5,33.5,33.3,32.8,33.6,33.6,33.7,32.9,34.0,33.7,32.6,32.6,33.9,33.5,33.0,33.2,33.2,33.9,32.6,33.0,33.4,33.4,33.3,33.0,33.3,33.7,33.3,32.6,33.6,34.2,33.6,33.4,33.8,34.1,33.0,32.9,33.8,34.3,32.9,32.2,34.2,34.3,33.7,32.6,34.0,33.8,33.9,32.9,33.0,32.3,32.9,33.6,32.5,33.7,33.2,33.2,33.2,32.8,33.1,32.9,33.2,33.4,34.2,33.4,34.5,34.2,33.8,33.5,34.1,33.7,33.7,34.1,34.0,34.3,33.2,32.5,33.8,33.7,33.7,33.3,33.1,33.1,32.7,33.4,33.7,33.6,32.9,nan,33.4,33.3,33.3,32.6,34.1,34.3,33.6,34.3,33.6,35.3,33.6,34.1,33.0,34.6,32.6,33.2,34.7,34.2,33.5,33.0,33.4,33.4,32.6,33.1,32.8,33.9,32.8,33.4,33.0,34.0,32.7,33.2,32.6,33.2,33.2,33.1,33.5,33.7,33.5,33.9,33.5,34.3,33.6,34.2,34.1,34.4,34.2,33.7,34.4,33.7,34.1,32.6,34.7,33.8,34.2,32.7,33.1,32.6,33.3,32.9,33.6,33.4,33.2,32.0,33.0,32.8,34.5,33.0,33.7,33.7,33.2,32.6,33.1,33.6,33.9,33.7,33.6,35.2,34.7,33.8,33.3,33.4,32.4,33.2,32.3,33.9,33.3,31.9,33.4,33.6,33.5,32.7,33.5,34.3,33.0,33.0,33.0,33.2,32.9,33.0,33.8,34.0,34.0,33.7,34.0,34.2,33.6,33.4,32.9,34.4,34.3,33.1,35.4,34.1,33.2,33.6,33.3,33.7,34.3,32.3,33.9,32.8,33.2,32.7,33.3,33.2,33.1,32.3,33.6,34.0,34.3,32.6,33.8,34.4,34.0,33.4,34.8,33.8,33.9,34.2,34.6,34.4,33.2,33.3,34.0,34.6,34.2,34.0,33.5,34.1,33.4,32.6,32.9,33.5,32.7,33.1,33.2,33.6,33.8,33.1,33.8,33.8,33.6,33.0,33.1,33.5,33.8,33.1,33.8,34.1,33.9,33.6,34.8,33.9,34.0,33.6,34.2,34.9,32.6,34.1,33.3,34.0,34.7,32.7,32.8,34.3,33.1,33.8,32.8,33.8,33.2,32.3,33.9,32.6,33.1,32.0,33.7,33.4,34.3,32.9,33.6,34.5,34.2,33.6,34.2,34.5,34.0,33.0,33.9,34.2
1785306311.6247349,1896,32.9,33.9,32.0,34.5,33.0,32.2,34.0,34.5,32.3,32.3,33.2,34.0,31.8,32.0,32.5,33.7,32.4,32.2,32.7,33.3,32.3,33.0,31.6,33.6,32.5,33.0,31.9,34.6,34.3,31.8,32.9,33.1,33.0,32.7,34.9,32.2,32.5,30.5,33.4,33.1,32.4,32.5,33.6,31.9,33.0,31.9,33.3,32.7,32.3,32.7,34.2,32.9,33.3,32.5,33.5,32.9,32.7,31.9,33.9,33.4,33.0,31.9,34.4,33.5,33.1,32.4,33.2,33.7,32.3,32.8,33.3,33.9,32.4,32.3,30.1,33.9,32.5,32.7,32.0,33.9,32.3,33.2,33.0,33.4,32.2,32.6,33.1,34.1,32.7,32.9,31.7,35.2,32.6,32.1,33.3,34.0,32.5,32.9,34.0,32.2,32.2,32.5,33.6,32.8,32.4,31.9,33.4,31.9,32.2,32.1,33.4,32.8,33.2,32.1,34.2,33.9,32.5,32.6,33.6,33.5,32.3,32.7,32.8,34.1,33.0,33.0,34.3,33.2,32.3,33.4,32.4,34.5,32.1,32.3,31.6,33.8,32.3,32.6,32.4,33.8,33.1,32.5,33.3,32.7,32.7,32.4,32.6,34.2,34.0,34.0,33.2,33.5,32.9,32.9,33.2,34.7,32.6,33.8,32.5,34.5,32.7,32.0,33.6,32.4,32.6,31.7,34.2,32.0,31.9,32.4,33.5,32.6,32.5,32.4,34.0,32.6,32.8,32.2,33.7,32.7,34.9,33.5,32.6,33.0,32.1,32.2,33.1,33.2,32.1,32.9,34.2,33.5,32.0,33.7,33.0,34.5,32.3,32.9,32.6,34.2,32.2,32.9,32.7,33.0,32.1,33.4,32.4,32.7,32.8,33.0,32.0,34.1,33.9,33.7,32.5,34.2,32.6,33.0,32.4,34.2,33.5,33.0,34.0,34.3,32.1,32.1,34.3,33.0,32.2,31.8,34.1,33.1,32.1,33.3,33.3,32.6,31.3,32.5,33.1,33.3,32.1,32.0,33.3,33.0,34.1,32.4,33.5,33.6,32.5,31.9,33.9,32.2,33.0,32.6,33.4,32.9,32.8,32.2,32.7,33.3,32.0,33.5,32.5,34.1,31.5,33.5,33.3,33.7,33.1,33.1,32.5,33.7,32.6,32.0,33.4,34.5,33.2,33.3,33.2,34.2,31.8,33.0,32.8,35.3,32.4,33.2,33.6,34.1,32.1,32.3,33.6,31.7,33.4,32.7,33.1,33.0,32.6,32.4,33.4,33.1,32.2,32.0,33.8,33.6,31.9,33.2,34.3,33.7,33.5,33.4,34.6,33.8,34.1,32.6,33.9,32.7,32.3,32.3,34.3,33.6,32.6,33.1,32.6,33.5,32.0,33.6,33.2,33.5,33.2,33.5,32.5,33.6,32.4,32.4,32.4,33.6,32.3,33.3,34.5,33.5,32.7,33.3,32.9,34.2,32.6,33.6,32.9,34.3,33.1,32.6,33.9,34.4,32.7,31.3,33.9,33.5,32.5,31.4,34.0,32.3,32.3,32.2,32.4,32.8,32.4,33.2,33.5,32.9,33.2,32.9,34.3,34.0,33.4,33.7,33.9,33.8,32.6,33.3,34.1,33.4,32.2,32.8,35.1,33.2,32.9,32.5,31.6,33.0,32.5,32.3,32.7,34.0,32.9,32.9,32.3,33.4,33.0,32.5,33.3,33.5,33.5,33.8,33.4,34.9,33.6,34.1,33.6,34.4,33.7,33.6,33.1,33.4,32.5,33.3,34.1,33.8,32.1,32.2,34.7,32.6,32.0,33.1,34.1,32.7,32.8,32.5,34.3,33.2,32.4,33.2,33.7,34.2,32.2,33.4,35.0,33.5,33.2,33.2,34.0,34.3,33.6,33.0,33.9,33.0,33.7,31.9,34.5,33.9,31.8,32.7,32.6,34.2,32.9,32.9,32.3,33.8,32.2,32.9,33.4,33.1,33.3,33.0,32.6,32.7,32.4,32.7,33.4,34.1,33.2,33.6,33.9,33.8,33.9,33.2,33.6,33.5,32.5,32.8,33.1,34.0,33.3,32.9,34.5,33.0,32.5,32.2,33.9,32.9,32.8,32.8,33.3,33.2,33.1,33.1,33.3,33.7,32.4,32.8,34.9,33.7,33.0,33.7,34.2,33.9,34.1,33.1,34.2,34.3,33.0,33.0,34.5,33.2,32.7,32.7,32.0,34.1,33.0,32.4,32.6,33.3,32.1,32.8,31.4,34.2,32.9,33.9,32.6,33.6,32.0,33.8,33.1,34.9,33.9,34.3,33.9,34.8,34.6,33.2,33.8,34.5,35.3,32.7,34.1,34.2,32.0,32.4,34.5,34.2,33.6,33.1,34.1,32.8,32.9,33.3,33.6,33.5,32.8,nan,33.5,33.2,32.4,32.4,34.5,34.1,33.4,33.8,34.7,34.4,33.3,33.3,34.1,33.4,32.4,33.7,33.7,34.5,33.0,33.3,33.9,34.7,32.5,32.6,32.5,33.8,32.5,33.0,32.8,34.7,32.1,32.1,33.1,34.1,32.3,32.8,33.9,35.1,33.1,33.6,34.0,34.8,33.0,32.8,33.4,34.4,33.7,33.4,33.9,34.8,32.9,33.1,33.8,33.8,32.2,33.3,33.5,33.4,32.8,33.0,34.5,33.6,32.6,32.2,33.4,33.2,33.2,32.4,34.4,34.1,33.0,33.2,34.0,33.5,32.0,32.9,34.4,33.2,32.7,32.9,34.6,33.3,32.8,33.3,33.4,34.2,32.2,34.3,33.1,33.5,32.1,33.0,33.5,33.9,32.9,33.1,32.5,33.6,32.9,32.4,33.3,34.6,33.2,35.1,34.1,34.4,32.8,33.3,34.0,34.6,32.2,33.8,33.2,34.8,32.2,33.0,35.1,33.8,33.2,33.5,33.4,32.9,32.7,32.3,34.4,32.9,32.8,33.4,33.9,33.2,33.7,32.7,34.0,33.9,33.7,32.8,34.0,34.6,32.7,33.9,34.4,33.4,32.8,33.2,34.4,34.7,32.6,32.9,33.3,34.9,33.3,32.9,33.2,34.7,32.4,33.3,33.0,33.9,32.3,32.8,33.3,34.6,31.9,32.2,32.9,35.0,33.0,33.0,34.2,35.1,33.8,34.8,32.5,34.8,32.5,34.1,32.3,34.8,32.7,32.6,34.8,34.1,33.0,33.5,33.6,33.1,32.6,32.7,33.6,33.7,32.9,33.6,33.7,33.2,32.7,32.7,33.9,33.8,33.9,33.2,34.4,35.0,33.7,33.1,33.7,34.2,33.1,33.1,34.4,33.4
1785306313.6777127,1897,34.2,32.5,33.8,33.3,33.0,32.4,33.6,32.4,33.5,32.6,32.6,33.8,32.8,32.6,32.9,33.1,33.1,33.0,33.8,32.8,32.8,32.6,33.0,32.6,32.4,32.4,33.0,34.2,32.9,32.5,33.2,34.6,33.0,33.7,32.9,33.4,33.2,32.3,33.0,33.5,33.8,32.7,33.7,33.3,33.2,32.5,33.9,33.4,33.3,31.6,33.4,32.9,33.7,33.1,32.9,33.3,32.9,32.7,32.9,33.0,33.3,33.1,32.4,34.2,33.6,33.1,32.7,32.8,33.0,34.5,33.5,33.4,33.2,33.5,32.8,32.5,33.2,33.6,32.7,33.6,33.3,33.3,33.2,32.9,33.1,33.5,33.5,32.7,33.9,33.9,32.5,33.0,33.9,33.0,34.2,33.6,33.0,34.1,33.5,32.2,33.1,32.3,32.2,32.5,33.3,33.2,31.8,32.0,32.6,32.6,33.3,32.8,33.2,33.0,33.2,33.2,33.5,33.0,33.6,33.7,33.6,32.9,33.2,33.7,33.4,32.4,33.0,33.6,33.2,33.0,33.8,34.3,33.3,33.7,33.4,33.5,32.8,33.8,32.0,33.0,33.3,33.6,33.3,33.0,33.2,33.3,33.7,34.1,34.4,33.7,33.1,33.9,34.0,34.2,33.3,33.2,33.2,35.3,32.5,33.1,33.3,33.6,33.4,33.7,34.8,32.1,34.0,33.2,33.2,32.3,33.3,33.0,33.4,32.9,33.1,33.0,33.0,33.3,33.3,34.6,35.3,33.9,33.3,32.7,33.3,33.9,34.1,34.0,33.9,33.3,33.7,33.5,33.8,33.7,33.1,32.5,33.1,32.9,33.4,33.8,34.1,32.9,33.1,32.5,32.8,32.8,32.8,33.0,32.5,33.3,33.7,33.3,34.9,34.9,32.9,33.6,32.5,32.8,33.4,34.2,33.2,34.2,33.3,33.3,34.6,32.8,34.0,33.2,33.0,33.0,33.5,33.5,32.5,33.2,32.9,33.1,34.2,33.0,33.2,33.4,32.8,32.3,33.8,34.2,34.4,34.1,33.1,34.3,33.1,34.2,32.9,33.8,33.8,33.2,33.6,32.9,33.7,33.7,33.3,33.2,33.1,33.1,33.5,34.4,32.5,33.5,32.6,32.9,32.5,33.7,33.0,32.5,33.5,33.4,33.8,34.0,33.6,34.0,33.9,34.6,33.2,33.8,33.4,34.9,33.6,34.2,33.8,33.3,32.9,32.9,33.9,32.9,34.0,33.8,33.4,32.7,33.0,33.3,32.4,32.7,33.4,32.3,33.3,33.1,34.2,33.1,34.2,34.5,34.0,33.1,34.6,34.2,33.1,33.1,34.4,33.3,34.2,32.6,33.1,34.4,34.3,33.3,32.6,33.2,32.8,33.1,32.7,33.4,33.1,33.2,32.9,33.8,33.5,33.2,33.1,32.9,32.9,34.0,33.2,34.2,33.8,33.6,33.4,34.6,34.0,33.8,34.0,33.1,33.7,33.3,33.3,33.4,33.2,33.2,33.1,33.3,33.3,33.7,32.3,33.1,33.9,33.6,32.8,32.9,32.3,33.4,32.5,33.1,33.3,33.9,33.5,33.4,33.4,33.4,34.0,34.5,34.6,33.5,33.8,33.1,32.6,34.1,32.8,33.3,33.8,33.3,33.7,33.2,33.3,33.9,33.8,33.7,32.7,33.8,33.1,33.4,32.4,32.9,32.7,33.0,34.0,33.2,33.0,34.0,34.2,35.0,34.5,34.1,34.3,35.0,33.7,34.6,33.7,33.2,33.7,34.1,33.8,33.4,32.6,34.1,33.2,33.1,33.1,33.1,33.5,32.4,33.0,33.9,33.0,33.3,33.1,33.5,33.9,33.3,34.2,33.9,34.2,33.9,34.0,33.6,34.6,33.7,34.4,34.2,33.7,33.9,34.4,33.1,33.6,34.6,32.5,33.9,33.7,34.7,33.3,33.1,33.6,33.4,33.3,34.3,33.5,33.5,33.7,33.4,32.6,34.0,33.5,34.0,33.5,34.3,34.1,34.0,33.9,34.3,34.4,34.1,33.1,33.4,34.9,33.9,33.5,33.3,33.0,32.9,34.2,33.5,34.0,34.3,33.5,33.2,33.9,34.2,33.6,32.5,33.7,33.3,33.1,33.3,33.7,33.7,34.1,34.1,34.5,33.9,33.7,33.3,33.4,33.1,33.5,32.9,33.4,33.0,33.6,33.9,33.5,33.3,32.0,33.2,33.5,33.7,32.5,33.7,32.6,34.0,32.8,33.5,32.8,33.7,33.7,33.7,33.0,34.5,34.6,34.8,34.1,33.4,34.1,34.1,33.9,33.8,34.0,32.7,33.9,34.1,32.9,33.2,33.6,33.4,34.7,33.6,33.6,33.8,32.7,33.2,32.7,33.4,33.8,nan,33.1,32.8,33.8,33.3,33.6,33.6,34.2,33.7,34.2,34.9,33.9,34.9,33.8,33.7,34.7,33.5,33.6,34.1,32.5,33.9,33.3,33.7,33.3,33.2,34.2,34.0,33.2,33.6,33.9,33.8,32.9,33.3,32.8,33.2,33.3,33.7,33.6,34.5,34.1,34.2,33.6,33.6,33.6,33.2,34.2,34.1,34.4,34.4,34.2,33.6,33.6,32.5,33.8,34.5,34.0,33.6,32.8,34.9,34.4,33.0,32.9,33.9,34.0,33.5,33.4,32.6,32.8,33.3,34.1,34.5,33.3,33.9,34.4,34.4,33.5,33.8,34.3,33.1,34.3,33.9,34.5,33.3,34.6,35.0,33.5,34.0,33.4,34.7,32.9,33.7,33.8,33.0,33.1,34.3,33.6,32.8,33.9,33.6,34.5,33.6,33.9,33.6,33.6,33.7,33.9,34.1,34.3,34.1,33.8,34.5,33.6,34.6,33.8,33.9,34.2,33.5,33.4,33.0,33.4,33.2,33.5,34.6,34.6,33.0,33.9,34.2,33.2,34.3,33.6,33.1,34.3,32.4,34.2,33.8,33.9,33.0,34.9,34.6,33.8,33.8,33.3,34.6,34.1,34.1,33.9,34.7,33.8,34.8,33.8,34.4,33.9,33.9,32.8,34.0,33.2,33.3,33.5,33.8,33.7,33.4,33.6,32.9,33.4,34.3,33.2,33.6,33.9,34.1,33.9,34.2,34.3,34.1,33.9,33.1,34.5,33.3,35.0,35.0,34.1,33.5,32.5,33.2,34.4,34.4,33.1,33.5,34.1,33.9,34.1,33.6,33.3,33.3,33.8,33.1,33.4,33.1,33.4,34.2,33.9,33.1,35.2,33.9,34.5,33.7,34.3,34.3,33.7,34.0,34.2,34.3
1785306315.7191458,1898,33.9,33.7,34.2,33.4,32.2,32.5,33.9,32.7,32.8,31.7,32.3,33.3,31.7,33.2,33.4,32.6,32.5,32.9,33.9,33.1,32.4,33.3,33.7,32.7,32.4,32.5,33.1,32.3,33.5,33.3,33.5,33.2,33.9,34.1,33.5,34.0,33.3,33.0,32.3,32.6,32.5,32.4,33.0,33.4,31.1,33.1,32.5,33.1,32.6,33.0,33.6,33.4,32.9,32.9,33.2,33.4,32.8,32.6,33.0,33.5,33.1,32.3,33.8,34.6,32.7,32.7,33.1,33.4,33.1,33.1,34.0,34.1,32.3,33.0,32.8,32.5,32.6,32.4,32.2,32.3,32.1,33.4,32.2,33.0,32.6,32.5,32.9,33.0,32.4,32.9,33.4,33.7,32.7,31.6,33.4,34.4,32.9,33.0,33.9,33.9,32.6,32.0,32.3,33.5,32.5,32.7,34.2,33.3,32.0,33.1,33.5,33.6,32.3,32.6,32.9,33.6,32.4,33.6,33.2,33.6,32.9,34.3,33.5,32.6,33.9,32.9,34.0,33.5,32.4,31.7,32.8,32.4,32.4,33.1,33.3,31.8,33.1,32.6,32.9,33.0,33.0,33.1,32.9,32.6,32.3,32.3,33.0,32.8,34.6,34.8,33.7,33.8,32.5,33.7,33.9,34.1,33.1,33.1,32.9,33.3,32.1,33.0,33.3,33.0,32.7,32.4,33.0,33.3,32.7,33.2,33.6,33.6,32.0,32.5,33.3,34.0,32.2,31.7,33.0,33.5,34.2,34.0,35.0,34.2,32.5,33.4,34.4,33.5,32.8,33.2,33.2,33.0,33.2,33.6,33.8,33.6,32.6,32.6,33.1,33.8,33.2,33.5,33.9,32.6,33.1,32.6,32.7,33.2,32.4,32.1,33.6,33.2,34.8,33.8,34.3,34.0,32.5,32.9,32.5,32.8,33.4,33.5,34.7,33.2,32.0,32.5,32.4,33.7,32.7,33.1,32.6,32.3,32.4,32.1,32.6,33.0,31.6,31.9,32.7,32.8,32.0,31.8,33.6,33.9,33.3,34.2,33.7,33.8,31.8,32.8,33.5,33.8,32.9,32.9,33.1,34.1,32.7,33.1,33.0,32.5,34.1,32.7,33.9,34.6,33.3,33.2,32.6,33.1,32.4,32.6,33.7,33.2,33.2,33.1,33.8,34.0,33.7,34.0,32.5,33.2,34.1,33.0,33.5,33.8,33.3,33.0,33.5,33.6,33.1,32.0,32.3,32.0,32.4,32.9,32.5,33.6,32.4,33.0,32.5,33.5,32.8,32.5,32.9,33.9,33.1,33.0,34.8,34.1,33.9,33.6,33.7,34.1,34.0,33.2,33.3,33.9,32.2,33.0,32.8,33.7,31.4,32.2,32.9,32.5,32.1,32.8,32.6,33.1,33.0,33.3,33.4,33.1,33.8,32.1,32.7,32.9,33.2,33.4,33.7,33.9,33.1,33.2,33.0,34.5,32.6,33.9,32.8,33.0,33.9,32.7,34.6,33.5,32.0,32.4,33.0,32.4,32.6,33.4,33.1,33.3,32.4,32.2,34.0,33.3,33.0,33.1,33.2,32.5,32.4,33.1,33.6,33.5,33.0,33.1,33.4,33.6,33.0,34.2,33.5,33.2,32.9,32.7,33.1,33.0,33.0,33.4,33.9,33.5,33.7,33.1,32.9,32.7,32.5,32.5,32.8,33.6,33.1,33.1,33.2,32.9,33.4,32.9,33.4,32.3,33.2,34.7,34.7,33.9,33.5,33.9,34.3,34.2,33.0,33.4,32.8,34.1,33.1,32.1,33.6,33.3,33.1,34.1,32.6,33.8,32.9,33.2,33.7,32.8,32.5,33.0,33.8,33.2,33.0,33.0,34.0,33.2,33.0,34.0,34.1,34.6,34.2,33.9,34.2,35.1,32.7,33.1,33.1,33.8,32.6,33.4,33.7,33.4,32.8,32.6,33.5,33.0,32.1,32.7,33.4,33.1,33.2,33.6,33.1,33.3,33.1,33.1,33.9,32.6,33.5,33.3,34.2,33.4,33.7,33.0,33.9,33.6,33.9,32.7,34.2,34.1,33.6,33.0,33.3,34.5,33.0,32.9,34.2,33.2,32.7,32.7,32.9,32.9,32.7,33.2,33.0,33.0,32.5,32.9,33.7,34.0,33.6,33.0,34.1,33.5,33.1,33.4,34.4,34.1,33.4,32.9,33.3,33.7,32.8,33.6,33.8,33.0,32.4,33.1,33.4,33.2,33.1,32.6,32.8,33.7,32.5,33.4,33.0,33.3,33.9,33.1,32.7,34.1,33.5,33.1,33.0,33.7,33.3,33.3,34.8,34.4,34.7,33.6,33.6,33.5,33.4,31.8,33.6,33.7,33.7,33.3,33.3,33.1,31.9,32.9,33.1,34.1,32.6,nan,32.6,33.2,32.5,33.4,33.1,33.8,34.1,33.3,33.6,34.1,33.6,34.2,34.9,34.8,33.3,33.2,33.5,34.0,32.6,33.8,34.0,34.2,32.4,33.5,33.2,33.7,34.0,32.9,33.6,33.5,32.9,32.7,32.9,34.2,33.1,31.8,32.9,34.4,33.9,33.4,32.9,34.0,34.3,33.8,34.1,33.8,33.9,33.4,33.6,34.3,33.0,32.6,33.5,34.2,33.3,32.7,33.3,32.8,33.6,33.4,33.3,33.9,32.9,32.7,33.8,34.0,32.5,33.4,33.5,32.9,33.7,33.1,33.8,34.1,33.6,33.7,34.4,33.9,33.8,33.6,33.7,34.4,33.8,34.7,34.0,33.9,33.5,33.0,33.7,34.1,34.2,32.4,33.7,33.1,33.2,33.0,34.3,34.0,32.9,33.2,33.8,33.7,33.0,35.2,35.6,33.8,33.6,34.0,33.5,34.2,33.7,33.5,34.2,33.8,33.4,33.8,34.0,33.7,33.3,33.2,32.6,33.6,32.7,33.6,33.5,33.7,33.0,34.1,33.8,33.3,33.5,33.7,34.0,33.8,34.1,34.3,33.4,34.0,34.1,34.1,34.6,33.3,32.4,33.7,31.9,35.9,33.7,33.7,33.9,34.8,34.0,32.6,33.1,33.7,32.9,33.6,33.4,33.5,32.7,32.9,34.0,34.0,32.7,33.0,33.8,32.8,34.0,33.7,34.5,33.9,33.9,34.1,33.6,33.9,34.0,34.0,34.2,34.7,33.6,32.2,33.8,34.2,33.3,33.0,32.6,34.0,33.1,33.6,33.7,33.8,33.5,33.0,34.2,33.5,33.1,33.0,34.2,34.1,32.9,32.8,34.0,33.8,34.9,34.1,34.4,34.1,33.0,33.8,33.2,35.1
1785306318.0447402,1899,32.9,32.7,32.8,33.7,33.7,32.2,33.4,34.5,32.5,32.2,32.6,33.2,32.6,31.1,34.0,33.5,32.4,32.2,33.5,33.2,32.8,32.6,32.8,33.8,33.2,32.8,33.2,33.9,32.9,33.4,33.2,33.0,34.6,33.2,33.4,34.9,33.2,32.5,33.9,33.5,33.0,33.7,32.3,33.7,32.1,33.1,33.0,33.5,33.6,32.2,32.8,33.5,32.8,32.0,33.1,33.8,33.1,33.1,33.3,33.2,32.8,32.4,33.4,33.2,33.1,32.6,33.9,34.6,32.8,33.0,34.5,33.4,33.4,32.3,33.5,33.7,33.6,32.7,33.6,33.4,33.6,32.8,32.7,32.6,32.9,33.0,33.6,33.2,34.1,33.3,33.0,33.8,33.5,32.3,33.3,34.2,33.2,32.4,33.1,34.0,32.2,32.1,32.6,32.9,32.6,33.4,33.8,32.6,32.3,32.3,32.9,32.5,31.7,33.6,33.0,33.9,33.2,33.0,33.4,33.9,32.8,33.7,32.6,34.3,33.4,33.5,32.9,34.1,33.7,33.2,32.0,33.8,33.1,33.0,33.4,32.9,32.7,33.6,32.7,33.0,33.2,32.2,32.8,33.2,32.7,32.6,33.0,34.8,34.7,34.6,35.4,34.2,32.8,33.3,33.7,33.8,34.2,33.4,34.1,35.8,33.3,32.4,33.8,33.3,33.4,32.7,33.1,32.6,33.5,33.9,33.0,33.4,32.9,33.6,33.1,33.3,33.3,32.8,33.9,33.6,34.8,34.9,35.7,35.1,32.8,33.7,32.4,33.1,32.7,33.8,33.1,34.4,32.7,33.3,33.5,33.9,32.7,33.3,33.8,34.1,32.1,33.6,33.5,33.2,33.6,31.9,33.0,33.8,33.4,33.2,33.1,34.5,33.6,33.3,34.4,34.8,32.7,32.7,33.8,33.6,33.4,33.6,34.4,33.9,31.9,33.2,33.7,32.0,32.6,32.5,33.8,33.2,33.5,33.2,33.0,34.0,32.4,32.9,32.5,34.0,32.9,33.4,33.3,33.6,33.4,34.2,33.3,34.1,33.1,33.7,33.3,32.9,33.4,32.9,34.0,34.0,33.0,32.6,32.9,33.4,33.3,32.9,33.6,34.4,33.2,32.2,34.1,33.5,33.7,32.9,34.1,33.3,33.7,33.5,33.6,34.6,33.6,33.5,34.5,34.3,33.6,33.1,33.4,33.9,33.4,32.9,33.4,32.2,32.3,33.1,34.5,35.1,32.1,33.1,33.4,33.9,32.7,33.1,33.3,33.8,32.2,33.1,32.7,33.6,32.6,33.4,33.3,33.1,33.4,34.4,34.3,34.2,32.8,34.2,33.4,34.2,32.9,32.8,32.9,34.7,33.7,33.5,34.4,33.8,33.0,32.3,31.8,33.3,33.6,33.2,34.1,33.5,34.1,33.0,33.6,33.7,33.5,33.8,33.0,33.8,34.7,33.5,34.4,33.8,34.1,33.8,33.7,32.9,33.9,33.0,33.9,33.6,32.3,32.6,32.1,33.3,32.2,32.8,33.7,33.4,33.4,33.6,32.6,33.7,32.3,32.6,33.0,33.8,33.6,33.0,32.9,33.8,33.3,33.6,34.0,33.7,32.9,34.0,34.1,35.3,32.6,33.4,33.4,33.1,32.9,32.7,33.5,34.2,33.5,32.5,33.0,33.7,33.1,32.8,33.8,33.9,32.4,33.7,32.6,33.0,33.2,32.6,33.6,34.0,34.8,33.9,34.3,33.8,34.3,33.3,35.1,35.0,33.9,33.3,33.3,34.8,33.6,32.6,33.3,34.2,33.0,33.1,33.7,32.9,33.3,31.9,33.5,34.0,33.3,33.0,33.7,33.3,33.1,33.8,33.9,33.1,32.9,34.7,34.2,34.6,33.5,34.6,34.6,34.9,32.6,33.6,33.0,34.5,33.8,33.1,33.1,33.8,33.9,32.7,33.7,34.4,33.1,32.8,33.7,33.6,33.2,33.0,34.2,33.4,32.8,32.7,33.3,33.2,34.0,33.2,34.1,34.5,33.1,33.6,35.6,34.6,33.9,33.5,34.5,34.2,33.3,33.1,34.6,33.8,32.6,34.2,32.9,34.2,32.7,33.3,33.2,33.6,32.5,33.0,33.9,33.7,33.1,32.8,32.8,33.2,32.7,34.0,34.0,34.9,33.5,33.3,34.3,34.2,32.6,33.1,33.6,34.4,33.6,33.5,33.3,33.7,32.7,33.0,33.5,33.3,34.3,33.1,33.8,33.5,33.5,33.0,32.7,34.0,33.5,32.7,34.3,34.8,34.8,33.2,33.6,34.5,34.8,34.5,34.8,34.3,34.6,32.5,33.7,34.0,34.0,33.4,33.9,33.8,33.2,32.8,33.2,32.7,32.8,34.6,33.7,33.6,33.1,nan,33.2,33.1,33.1,33.8,33.1,33.3,33.4,33.8,34.5,34.4,33.7,33.5,34.9,34.4,34.3,33.4,33.8,34.8,34.7,32.9,32.9,34.3,33.1,32.3,34.0,33.8,33.6,32.9,33.6,34.1,32.5,33.2,33.7,33.7,33.4,32.5,33.8,33.8,33.8,33.5,33.6,34.4,33.2,33.6,34.6,34.1,33.8,33.8,34.0,34.9,33.4,32.9,34.4,34.3,32.5,32.7,33.7,33.8,33.2,33.7,34.1,33.9,32.5,32.5,33.2,33.4,32.5,33.2,33.3,33.7,33.8,34.6,34.2,34.4,34.2,33.6,34.8,34.0,33.9,33.9,34.2,35.1,35.2,34.1,33.0,34.4,33.6,32.8,33.0,34.6,33.4,32.5,33.8,34.1,32.6,33.1,33.8,34.5,33.0,33.1,34.1,34.0,33.8,33.1,34.3,34.1,33.6,33.2,34.2,34.3,33.8,33.2,33.2,35.2,34.0,33.7,33.9,35.5,33.2,33.6,34.2,34.1,33.0,33.9,33.4,34.0,34.1,33.8,33.7,34.0,32.1,33.3,34.1,34.1,33.7,33.9,34.2,35.0,33.8,33.8,35.2,34.0,33.9,33.9,35.0,35.4,33.6,33.6,34.5,34.6,34.8,33.1,33.4,34.2,33.0,33.2,33.2,33.7,33.8,33.7,33.0,33.9,33.4,33.1,33.9,33.8,34.5,33.4,34.1,33.9,33.9,33.1,35.1,34.2,33.1,32.6,35.2,34.8,33.0,34.0,34.1,34.1,33.4,33.4,33.5,34.3,32.7,33.9,33.4,34.8,32.5,34.3,34.3,33.4,32.2,32.3,33.2,33.5,33.0,34.1,33.9,33.9,33.5,33.5,33.9,33.5,33.1,34.6,34.2,35.3
1785306319.9480124,1900,33.3,32.6,32.9,33.1,33.8,32.3,32.6,32.7,33.8,32.1,32.9,33.3,34.3,32.3,33.0,32.1,32.8,32.3,33.5,32.3,34.0,32.5,33.3,32.7,32.6,33.1,32.5,32.9,34.8,33.8,33.8,33.7,34.7,32.8,33.1,32.6,32.4,31.5,32.9,32.2,32.9,32.6,33.0,32.0,33.7,33.0,32.1,32.9,32.6,31.9,32.5,33.4,32.2,32.9,32.6,33.0,32.8,32.4,32.3,33.3,33.6,32.9,33.8,33.6,33.7,33.5,32.4,33.6,33.5,32.5,32.8,32.7,33.1,33.6,32.1,32.7,32.7,32.4,31.9,32.8,32.8,32.8,32.2,32.3,33.9,33.2,33.6,32.6,33.7,33.2,34.0,32.1,34.0,32.6,33.7,33.7,33.6,33.8,32.7,32.8,33.4,32.8,33.7,32.7,32.5,33.1,32.0,31.9,33.0,32.5,32.3,32.7,32.1,32.9,32.9,33.1,33.8,34.1,33.7,32.8,33.7,32.0,33.5,33.8,32.4,31.8,32.1,33.7,33.4,33.1,32.8,33.1,33.2,31.9,33.3,32.8,32.4,32.6,32.2,33.7,32.7,33.1,32.8,32.4,31.9,31.8,32.9,33.3,34.9,35.1,35.2,32.5,33.2,33.0,33.3,32.9,33.3,34.3,33.5,33.5,33.2,32.1,33.1,34.7,33.3,31.8,32.8,33.4,33.4,32.7,32.5,33.6,32.1,32.3,32.5,32.5,32.5,33.2,32.6,33.5,33.5,34.1,34.9,33.6,33.9,32.5,33.0,33.1,32.8,33.4,33.6,32.7,33.2,33.9,32.7,34.2,32.4,32.8,33.3,31.7,33.3,33.2,33.5,32.7,32.5,31.7,32.7,32.7,33.2,33.2,33.1,33.2,34.2,33.3,33.4,33.8,33.7,33.4,34.2,32.4,34.4,34.2,34.1,33.2,33.4,32.2,32.4,31.7,33.1,33.6,32.4,33.0,32.7,32.9,33.1,33.5,32.8,32.9,32.7,32.8,32.8,33.9,33.4,33.6,33.4,33.0,33.2,32.8,32.5,33.7,33.3,32.7,32.7,32.7,32.7,34.3,33.1,32.9,33.4,32.7,31.9,32.8,32.6,33.0,32.4,32.6,32.6,33.3,33.4,32.9,33.0,33.8,33.2,33.2,33.6,32.6,33.3,33.4,33.3,33.3,34.1,34.0,33.3,32.9,33.7,32.2,33.1,33.0,33.9,32.4,33.5,32.0,32.8,32.2,33.1,32.2,32.9,32.3,32.0,33.0,32.9,32.9,33.1,32.5,34.1,32.2,33.6,33.3,33.4,33.8,33.4,34.1,34.0,33.7,34.0,33.5,33.5,33.4,32.8,34.1,32.5,32.4,32.7,32.9,33.4,32.8,32.8,33.8,33.3,33.1,33.4,32.7,33.2,32.5,33.3,32.6,33.9,32.3,34.2,33.4,33.6,33.4,33.8,33.0,34.3,33.2,33.7,33.0,33.2,32.7,33.8,33.3,34.5,32.8,32.8,33.0,32.6,32.3,33.1,32.9,33.3,33.8,32.9,33.4,33.6,32.5,32.6,32.8,33.3,32.5,33.3,33.0,33.6,33.5,33.7,34.2,34.2,33.2,32.9,34.2,32.9,33.4,32.9,33.4,33.8,33.6,32.5,33.7,33.7,33.7,33.2,32.7,33.0,32.5,32.8,33.2,33.4,32.3,32.8,32.9,32.8,32.5,32.9,32.3,33.7,33.1,34.7,33.5,34.0,33.7,33.5,33.3,33.4,33.2,33.4,33.7,31.6,32.3,32.6,33.6,32.9,33.0,33.6,31.9,33.2,32.1,33.5,32.4,31.6,33.2,32.5,32.9,33.2,32.9,33.5,32.5,33.3,34.0,33.9,34.0,33.7,33.9,33.8,34.0,33.6,33.1,33.8,33.8,32.4,33.0,33.7,32.6,32.7,33.0,32.8,33.2,32.5,32.3,32.7,33.0,33.4,32.8,33.5,32.9,34.2,32.6,33.8,33.3,33.0,33.2,33.2,33.9,33.8,33.3,34.3,33.6,32.5,33.4,34.2,33.3,33.2,33.4,32.9,33.5,33.0,32.3,33.7,33.3,32.7,33.4,33.6,33.9,33.5,33.5,32.5,32.9,33.3,33.0,33.2,34.3,33.3,34.0,33.8,34.1,32.4,33.5,34.4,34.6,32.5,33.3,34.2,34.3,33.7,33.2,32.5,32.6,33.1,34.2,33.0,32.1,33.6,32.8,33.0,32.5,33.8,32.7,33.4,32.9,33.7,33.1,33.9,33.6,34.5,33.7,33.5,33.8,34.0,33.1,35.0,34.4,33.0,32.8,33.4,32.9,32.6,32.5,33.6,32.5,33.1,32.5,32.6,32.6,33.2,33.6,33.1,33.4,32.7,nan,33.3,33.5,32.8,33.0,32.8,33.8,33.3,33.5,33.2,33.4,34.6,34.2,34.7,34.8,33.1,33.0,33.5,33.8,34.4,33.0,33.8,34.0,32.8,34.0,33.0,33.6,34.0,32.6,33.3,33.8,32.2,32.9,32.9,33.9,33.4,33.6,33.0,32.7,34.0,34.1,33.3,34.3,33.6,34.5,33.0,34.6,33.3,33.4,33.2,33.7,33.7,32.8,33.3,33.0,33.3,33.3,33.4,33.5,33.8,32.4,32.6,33.4,33.0,32.7,32.8,33.1,32.5,32.7,33.2,33.7,32.7,33.3,33.4,33.8,34.1,33.5,32.7,34.4,32.8,34.0,33.5,33.8,33.8,33.8,34.2,33.9,33.5,33.6,31.9,33.0,33.5,32.9,34.0,33.6,33.8,32.9,32.6,33.4,33.9,32.3,33.1,33.5,33.0,33.5,35.1,32.7,34.0,33.2,33.5,34.0,34.5,32.5,33.9,33.2,33.2,34.2,32.9,33.3,33.7,32.8,33.7,33.7,33.2,32.7,32.8,33.0,33.8,32.4,32.9,33.2,33.8,32.5,33.9,32.6,34.1,33.8,33.7,33.1,33.2,34.0,32.6,33.7,33.6,35.1,33.6,34.4,34.1,33.5,33.4,35.0,33.2,33.4,32.7,33.7,33.0,33.6,34.2,33.8,33.6,32.7,32.5,33.5,33.1,32.6,33.2,32.9,33.3,33.3,33.4,33.9,34.1,33.8,34.0,33.4,34.2,33.2,33.7,34.2,34.0,34.1,32.9,33.6,33.7,32.6,32.6,33.2,32.9,33.2,33.1,33.7,32.6,33.3,32.6,32.8,32.6,32.8,32.6,33.7,33.4,33.6,33.4,34.4,34.0,33.5,33.6,34.1,34.0,33.4,34.1,33.7
1785306326.6774976,1903,32.8,33.2,33.9,34.1,33.6,33.2,33.7,32.5,33.0,32.2,32.5,32.7,33.2,32.5,33.4,33.0,32.8,32.7,33.9,33.4,32.1,31.9,32.9,32.3,32.4,32.5,32.0,31.8,32.1,32.6,33.8,33.4,32.3,33.1,33.3,32.8,33.5,32.1,32.9,33.2,33.1,32.6,33.0,33.8,34.0,32.2,32.5,32.9,32.4,32.2,32.1,32.4,33.4,33.1,32.0,33.8,33.2,32.0,33.0,32.6,34.2,32.3,32.6,33.8,33.5,33.9,34.2,33.6,32.0,33.3,33.0,33.2,33.5,32.8,33.6,33.1,32.7,32.6,31.7,32.8,32.4,32.3,32.8,33.3,32.3,33.2,33.2,32.2,33.0,33.2,32.8,33.7,34.0,33.3,32.7,32.7,33.4,31.8,32.5,33.7,33.0,33.2,33.7,33.3,34.0,32.7,33.5,33.0,32.8,32.2,32.3,33.1,33.5,33.3,32.2,32.8,33.1,32.6,32.8,33.0,33.3,33.0,33.1,32.8,33.1,33.1,32.8,33.5,33.4,33.8,32.5,32.6,32.8,33.0,31.7,33.3,30.9,33.5,32.2,32.3,32.4,32.9,33.7,32.4,32.3,32.8,33.2,33.8,33.6,33.9,33.3,32.7,33.2,33.7,32.8,33.3,33.1,35.1,33.5,34.1,33.9,32.8,32.9,33.0,34.5,32.2,32.4,32.7,33.2,33.4,33.4,33.1,32.8,32.1,33.0,32.7,32.7,32.2,32.6,33.3,34.8,34.3,33.7,33.4,32.7,32.5,33.4,33.9,33.0,33.4,33.6,33.8,33.0,34.1,32.5,32.4,32.0,32.8,33.4,33.3,32.3,33.0,32.3,33.1,32.0,32.6,32.7,32.8,32.6,33.4,33.5,34.0,34.8,35.3,33.6,33.5,32.5,33.1,33.1,33.0,33.0,33.1,33.4,33.2,33.1,33.3,33.4,32.3,33.6,33.1,33.7,33.2,33.4,33.4,32.2,33.3,33.2,32.1,32.9,33.1,33.4,32.8,33.7,33.6,34.4,34.7,33.3,33.3,33.1,32.5,33.1,33.6,33.3,34.1,33.3,34.5,32.5,33.1,33.2,33.6,32.4,33.6,32.8,33.0,32.2,31.9,31.9,33.1,32.7,33.1,33.0,33.3,32.9,33.6,33.6,34.0,32.9,34.0,33.2,33.5,34.1,33.7,32.8,32.7,32.7,34.1,32.1,33.2,33.5,32.2,33.1,34.6,33.3,33.1,33.8,33.8,33.0,33.2,32.6,33.2,33.1,32.9,33.5,33.1,32.9,33.1,33.9,33.6,33.8,34.6,33.3,34.1,33.5,33.4,33.2,33.3,32.8,33.4,32.2,34.1,32.3,33.0,32.7,33.2,32.5,33.3,32.6,33.6,32.5,33.6,32.6,33.9,32.7,32.8,33.5,33.6,33.9,32.9,33.2,33.4,33.1,33.5,34.3,33.5,32.2,34.0,33.0,32.4,32.8,32.3,33.2,32.5,34.5,32.8,33.0,34.0,33.5,32.6,32.7,33.3,33.1,32.8,33.9,33.6,33.0,31.9,33.2,33.6,33.5,33.0,32.9,33.3,34.1,33.6,33.8,34.7,33.8,33.6,33.5,33.4,33.4,32.5,33.2,33.6,31.9,33.4,34.1,33.9,33.1,33.1,32.5,33.5,32.3,33.2,32.1,33.5,32.6,32.3,32.3,33.4,33.1,33.1,34.0,33.3,33.2,34.5,33.9,33.8,34.3,33.7,33.7,33.8,32.4,32.8,32.8,33.1,34.6,33.1,33.2,32.9,32.1,31.6,32.4,31.9,33.0,32.2,33.4,33.1,32.7,33.0,33.1,33.4,33.3,33.5,33.1,33.8,34.1,33.6,34.4,33.1,33.5,33.4,34.0,33.9,33.4,33.1,33.6,34.0,32.8,33.6,33.1,33.0,32.8,33.0,33.5,33.5,32.3,33.1,33.7,33.2,32.1,33.7,33.9,33.4,33.4,33.6,32.9,33.6,33.2,33.6,33.7,34.0,33.7,34.5,34.1,33.6,32.1,32.9,34.2,33.1,33.6,33.2,33.5,33.1,33.3,32.5,33.7,32.6,32.9,32.2,32.8,33.6,33.3,32.4,33.6,33.4,33.3,33.2,33.4,33.7,34.3,33.5,33.6,34.3,34.4,33.2,33.3,34.1,34.5,33.3,33.6,33.7,32.6,33.2,33.1,33.0,32.9,32.4,32.8,33.0,33.4,34.1,32.8,32.7,33.3,32.6,33.4,33.1,32.6,33.7,33.5,33.6,34.2,34.2,34.0,34.2,34.5,33.0,33.9,32.9,32.4,34.1,33.8,33.1,33.4,32.9,33.0,33.7,33.1,32.5,33.3,33.3,33.0,33.1,31.9,33.4,33.7,nan,32.3,33.0,33.3,32.2,33.1,33.5,34.1,33.8,33.7,33.8,33.9,33.4,33.8,33.4,33.3,33.0,33.0,35.2,34.4,33.6,33.4,33.6,33.5,33.8,33.3,33.4,33.3,33.1,33.3,33.8,32.6,33.5,33.1,33.4,32.4,32.1,33.7,33.9,34.0,33.7,34.1,33.5,33.1,33.1,34.1,34.2,33.1,32.6,33.8,34.1,33.5,32.5,31.8,33.4,33.3,33.3,33.3,34.2,33.4,32.7,33.3,33.6,33.7,32.8,32.6,32.4,32.5,32.5,34.0,34.5,33.6,33.5,33.6,34.8,33.6,34.0,33.6,34.4,33.0,33.6,33.7,34.0,32.9,34.0,33.3,33.5,33.5,33.6,32.6,33.7,33.1,33.2,32.6,33.8,32.1,33.2,32.2,33.0,33.7,33.2,33.3,33.5,33.3,33.5,33.3,33.8,32.4,33.8,34.1,34.0,34.9,33.5,35.6,32.7,33.4,32.9,33.1,33.3,32.3,33.4,34.1,33.6,32.7,34.1,33.3,33.7,34.1,33.5,33.1,33.3,33.6,32.8,33.2,33.8,33.8,33.1,34.1,34.3,33.2,33.5,34.2,34.8,32.4,33.9,33.4,33.7,32.8,34.2,34.1,33.9,33.4,34.2,33.5,33.5,32.3,34.1,33.1,33.5,33.3,32.2,33.1,33.0,32.7,33.0,33.1,34.0,33.1,34.2,34.0,33.4,34.1,34.1,33.2,33.5,33.0,32.9,34.4,33.5,34.0,33.6,34.4,33.1,32.9,32.4,33.9,33.6,33.5,32.5,33.7,34.2,32.8,33.1,33.3,32.8,33.0,33.3,33.1,33.2,33.4,34.0,32.5,34.0,33.8,34.1,34.2,33.3,33.4,33.8,33.9,35.6
1785306330.6210113,1905,33.3,33.4,33.6,33.1,34.5,31.6,33.9,33.1,33.4,33.8,32.3,32.9,33.0,32.3,33.7,33.6,32.6,32.7,33.1,32.7,32.8,33.4,32.3,34.5,33.2,32.9,34.0,34.0,34.1,33.7,33.3,32.9,32.6,33.8,33.8,33.3,32.8,32.6,32.2,33.4,32.9,33.0,33.0,33.4,32.6,33.3,32.1,32.2,32.9,33.0,33.8,33.0,32.7,33.1,33.4,32.6,33.0,33.4,32.7,32.8,34.0,33.2,35.0,33.3,32.7,33.7,32.6,32.9,33.7,33.9,32.6,33.4,34.2,33.3,32.6,33.4,32.4,32.9,32.8,33.1,33.6,33.2,32.4,33.2,32.6,33.2,33.8,32.9,31.8,33.0,33.2,32.9,33.8,33.0,33.9,34.4,32.4,33.5,32.9,33.7,32.5,33.4,33.9,33.1,32.1,33.3,32.7,32.6,32.3,33.0,32.5,32.2,32.9,33.1,33.4,32.7,33.1,32.7,33.3,33.5,33.7,33.7,33.7,34.4,32.8,33.3,33.5,33.3,33.3,33.3,33.4,33.5,33.6,33.2,32.7,32.9,33.2,32.7,32.7,33.0,32.7,32.9,33.5,33.3,33.1,32.5,32.7,33.3,33.2,32.1,32.8,33.2,33.5,33.5,33.3,33.1,33.7,33.9,32.4,33.0,32.5,33.4,33.1,32.7,34.3,33.3,33.2,32.9,31.6,33.2,32.5,33.2,32.3,33.0,32.9,32.8,33.5,32.8,32.8,33.3,33.0,33.6,32.8,33.3,33.7,33.4,33.2,33.7,32.6,34.0,33.8,33.8,32.7,33.4,33.5,33.4,33.5,32.6,32.9,33.1,33.1,33.3,33.0,33.4,32.3,32.5,32.7,33.8,33.8,32.4,34.6,34.8,33.2,33.3,33.9,33.3,33.6,33.4,34.0,33.5,33.0,32.3,33.8,34.2,33.1,33.7,33.0,33.1,32.1,33.2,33.0,33.6,33.1,33.8,33.1,33.3,32.4,32.4,33.0,33.6,33.1,32.9,34.2,36.1,32.8,33.2,34.6,34.7,31.9,33.7,32.4,32.5,32.9,34.1,33.3,33.4,33.3,32.7,33.2,33.2,33.7,33.0,33.0,33.7,33.6,32.7,33.2,33.4,32.9,32.4,33.0,34.1,32.9,32.8,33.1,34.2,34.5,34.0,34.1,33.6,32.9,33.1,33.5,33.6,33.5,33.5,33.3,34.0,33.7,33.2,32.7,32.6,32.4,33.1,33.1,33.8,33.0,33.0,32.5,33.5,32.9,33.2,32.9,33.3,32.9,33.1,33.4,34.1,34.2,34.1,35.1,33.1,33.2,33.9,33.4,33.3,33.7,33.6,32.8,33.1,33.1,32.8,33.3,34.0,32.8,33.3,33.1,32.7,33.3,34.3,33.7,33.2,32.4,32.9,34.0,33.9,34.2,33.7,33.7,34.0,33.6,33.8,34.1,33.5,34.1,33.5,33.7,34.0,33.4,32.8,33.2,33.3,32.8,32.4,34.0,33.4,32.8,33.3,33.1,33.5,32.9,33.3,33.2,33.7,32.5,33.4,33.2,34.2,33.8,33.9,33.7,33.1,34.4,34.3,33.0,33.7,33.7,33.9,34.0,33.2,33.8,32.7,33.2,32.9,33.2,33.4,32.9,34.5,32.6,32.9,33.2,33.9,33.0,33.5,33.8,34.0,33.8,33.4,33.1,32.9,33.6,33.6,33.7,34.1,34.7,34.2,33.8,33.7,34.1,33.4,33.7,33.6,33.9,33.2,33.4,33.1,32.9,33.5,32.6,34.0,33.0,33.7,32.8,33.0,33.9,33.2,33.9,33.9,33.6,33.8,33.9,32.7,33.3,33.7,33.8,34.3,34.1,34.1,34.1,33.3,33.5,32.9,33.4,33.0,33.4,33.4,33.4,34.0,34.1,33.6,32.9,33.9,33.5,33.3,33.3,33.2,33.3,32.8,33.2,33.4,33.5,33.4,33.4,33.7,33.1,32.6,34.3,33.7,34.5,33.4,33.8,34.0,33.1,33.1,33.5,33.8,33.7,33.4,33.7,33.1,33.2,34.0,33.3,33.3,32.4,32.7,34.0,33.3,34.1,33.0,32.6,32.8,33.5,32.8,32.8,33.5,34.0,32.7,34.7,33.7,32.6,33.8,33.7,33.6,33.7,33.5,33.3,34.1,33.6,33.5,33.2,33.1,33.9,32.8,34.3,32.8,33.1,33.1,32.7,33.0,33.8,33.1,32.5,33.2,33.2,32.7,33.7,33.2,33.5,33.2,34.0,33.5,33.7,33.7,33.7,33.5,33.5,33.3,33.9,32.6,33.5,33.3,33.8,34.3,33.6,32.9,33.8,33.3,33.1,33.4,34.2,32.7,33.4,33.4,32.9,33.2,33.2,nan,32.8,33.5,32.8,32.7,34.1,34.6,33.9,34.1,33.2,34.1,33.6,33.2,33.3,33.4,34.2,33.4,33.8,34.8,33.9,34.0,33.3,34.7,34.1,32.9,33.7,33.9,33.3,32.9,33.3,34.2,32.7,31.9,33.4,33.2,33.0,33.4,34.2,34.4,33.7,33.9,32.9,33.8,34.1,34.0,34.1,33.2,33.5,34.3,34.0,33.9,33.2,33.4,32.4,33.5,32.5,32.3,34.5,33.2,33.1,33.7,33.8,33.7,33.0,32.5,33.3,33.6,33.0,33.3,34.1,34.0,33.8,33.8,33.2,34.1,33.0,32.8,34.4,33.7,34.2,33.4,34.3,34.0,34.7,34.2,33.9,33.5,33.1,33.4,33.2,34.1,33.1,33.1,33.8,33.6,33.8,33.5,33.6,33.7,33.7,33.2,33.8,33.8,33.6,33.7,33.6,33.6,34.0,33.6,34.3,33.8,34.1,34.0,33.7,33.8,33.9,34.0,33.3,34.3,33.3,34.2,33.5,32.6,33.0,34.3,32.9,34.2,33.5,33.1,34.0,33.1,33.8,33.8,33.4,34.3,33.9,34.3,33.5,33.9,33.5,34.0,33.4,33.1,33.3,33.9,32.3,34.6,33.4,33.7,33.9,33.0,34.8,32.9,32.1,33.1,33.8,33.8,33.2,33.4,33.6,32.9,33.2,34.4,33.3,32.4,34.7,34.3,33.3,32.9,34.3,33.7,34.3,33.7,34.8,34.3,33.8,34.0,34.4,34.7,32.1,32.2,33.5,33.5,33.5,34.4,33.7,33.7,33.6,33.6,33.3,33.6,31.9,33.5,34.4,33.6,33.3,32.8,33.6,34.0,32.5,33.4,33.7,34.0,33.8,33.3,33.6,34.3,33.4,34.7,32.9,35.3
1785306333.0315363,1906,32.7,33.4,33.1,32.4,33.8,33.2,33.2,32.7,32.7,34.0,32.3,33.7,34.8,32.4,32.6,33.2,32.8,32.3,32.6,33.6,33.6,32.5,32.6,32.7,32.6,33.1,31.8,32.7,33.4,32.8,33.8,32.6,33.6,34.3,33.5,32.8,32.1,32.3,32.7,32.8,32.7,32.0,32.6,33.0,33.8,32.9,33.2,33.5,32.6,32.4,32.3,32.8,33.6,33.1,32.2,33.6,32.5,33.6,32.9,33.7,34.2,32.9,32.0,34.0,33.9,33.2,32.8,34.3,32.2,33.3,33.2,33.2,32.7,33.7,32.3,32.9,32.4,32.0,32.0,33.5,32.2,32.5,32.2,32.8,33.7,33.4,33.0,32.9,32.2,33.2,33.2,33.1,34.2,32.6,33.6,34.1,33.6,32.8,33.8,33.6,33.2,32.6,31.9,33.1,33.8,32.1,32.7,33.1,33.2,32.3,32.6,32.5,33.3,33.8,32.7,33.1,33.6,33.4,33.7,32.1,32.9,33.7,32.7,32.1,33.0,32.4,32.8,32.5,34.5,32.6,32.5,32.8,33.0,33.6,33.8,32.9,32.9,33.4,32.5,33.0,33.0,32.9,32.5,32.6,33.6,33.0,32.5,34.0,33.4,33.4,33.1,33.6,32.8,33.0,32.5,33.3,33.5,33.7,33.5,33.4,33.2,32.7,32.6,34.0,32.7,33.3,32.8,33.0,32.3,33.2,33.4,33.4,32.8,33.0,32.4,32.3,33.7,32.2,33.5,33.8,34.0,33.3,33.9,33.2,33.9,33.5,33.2,32.9,33.0,33.6,33.4,34.0,33.9,33.2,33.3,33.0,33.3,33.0,34.1,32.0,33.8,33.5,32.5,32.7,32.0,32.8,32.6,33.3,32.9,32.9,33.4,34.2,34.8,34.6,33.6,33.8,32.7,32.9,33.1,33.9,33.0,33.4,32.8,34.2,32.7,33.5,32.8,32.3,32.9,32.9,33.3,31.8,33.8,32.7,32.4,32.6,33.0,32.9,34.2,32.3,32.6,32.7,33.7,34.5,34.4,34.6,33.6,34.0,32.8,32.5,34.0,33.6,33.1,32.3,32.2,33.8,32.9,32.7,32.7,32.6,33.4,32.1,32.4,32.8,33.6,34.0,32.7,32.7,32.4,32.4,32.7,32.4,32.4,32.3,33.1,33.5,34.1,33.4,34.3,33.6,33.9,34.3,32.6,33.7,33.8,33.5,33.9,32.7,33.2,33.4,33.1,32.0,32.7,32.9,33.7,33.6,34.4,32.8,32.5,32.2,33.6,32.9,32.4,32.8,33.4,32.9,33.5,34.4,34.4,34.2,34.2,34.2,33.7,34.0,33.8,33.3,33.7,33.5,33.0,32.4,33.1,31.9,32.5,33.0,33.4,33.1,33.1,33.2,32.8,33.3,32.7,33.0,32.5,32.9,32.8,32.9,33.7,33.1,34.0,33.9,33.5,34.3,34.1,33.3,32.5,33.0,33.2,33.1,33.2,32.5,31.6,33.7,34.1,32.6,33.4,34.2,33.1,33.7,32.7,32.7,33.1,33.8,33.5,33.6,33.6,32.9,33.5,32.8,34.4,33.4,33.6,33.9,34.5,34.4,33.5,32.9,32.8,33.2,32.6,33.7,33.4,32.5,33.2,33.1,33.2,33.4,32.3,34.3,32.8,32.7,32.7,32.5,33.1,32.8,32.8,33.3,32.9,33.1,33.2,33.4,34.5,33.2,34.0,34.2,33.7,34.1,34.0,33.3,33.6,33.0,33.5,34.2,33.2,33.7,32.3,34.3,33.7,33.3,32.8,33.8,33.4,33.0,32.0,33.6,33.8,33.2,33.2,33.7,33.3,33.6,33.9,33.0,33.4,34.0,33.3,34.4,33.9,33.3,33.7,33.6,33.7,33.2,33.8,33.8,32.7,32.7,33.2,32.8,33.8,33.4,33.9,32.9,33.2,32.8,33.7,33.7,32.4,34.0,32.8,32.5,32.9,32.6,33.2,33.2,33.4,34.0,34.3,33.7,33.8,33.7,33.5,33.7,33.6,34.0,33.2,34.6,33.0,33.2,33.7,33.5,33.2,33.6,33.4,32.3,33.7,33.0,32.9,32.8,33.5,33.2,32.9,32.3,33.0,32.7,32.9,33.5,34.3,33.6,34.5,34.3,34.1,34.3,33.4,33.8,33.9,33.5,32.7,33.9,34.5,33.4,33.2,33.8,33.0,33.6,32.3,33.9,32.5,32.5,33.2,33.2,33.6,33.3,32.3,32.6,32.8,33.0,33.5,32.9,34.3,33.7,33.0,34.4,34.1,34.2,33.5,34.0,33.3,33.6,33.2,33.5,33.9,34.1,32.7,34.3,33.4,33.7,33.2,33.5,33.6,33.2,33.1,32.9,33.4,33.4,32.2,31.9,33.8,nan,33.3,33.0,34.1,34.4,32.9,33.5,33.4,33.8,33.6,33.2,33.6,33.5,32.7,32.8,34.0,32.6,34.2,33.6,32.6,33.4,32.7,34.5,34.2,33.8,33.9,33.7,33.4,33.6,33.3,33.3,33.4,32.9,32.7,32.9,33.4,32.1,33.7,34.5,33.5,33.7,32.9,33.1,34.3,34.0,33.3,34.7,32.9,33.3,34.2,34.3,33.9,33.1,32.4,32.5,33.8,33.4,32.9,33.0,33.0,32.9,34.3,33.4,33.3,32.6,33.1,33.6,33.8,33.5,33.5,34.3,33.8,34.1,32.7,32.7,34.1,34.0,33.1,32.9,33.6,34.1,33.3,34.4,33.3,34.0,32.9,33.7,33.1,33.4,33.0,33.5,33.3,33.6,33.6,33.1,33.1,33.5,32.7,33.3,33.7,33.5,34.3,34.3,34.0,34.5,34.5,32.7,33.2,34.1,33.9,33.8,33.7,33.6,33.3,34.0,33.9,34.2,32.4,32.6,32.7,33.6,33.1,33.2,33.7,33.0,33.4,33.2,32.6,33.9,34.6,32.8,33.8,33.1,33.6,33.3,33.9,34.1,34.2,33.6,33.7,33.7,33.8,33.3,33.5,33.5,33.8,33.7,33.9,34.4,34.1,34.1,34.4,33.9,32.7,33.7,33.2,34.1,33.4,33.4,32.7,33.8,32.5,33.6,33.8,32.8,33.4,33.5,34.7,34.0,34.3,34.6,33.7,34.1,33.2,33.9,33.4,33.5,34.8,34.7,32.6,33.6,33.7,33.5,33.4,33.8,33.1,32.8,33.4,33.4,34.2,33.1,34.0,33.6,32.0,33.6,32.9,33.3,33.6,34.2,33.6,33.1,33.9,34.7,34.0,33.7,33.0,33.9,33.6,34.0,33.6,33.7
1785306335.0796638,1907,33.2,32.7,33.0,33.0,33.3,32.8,32.9,33.0,32.5,33.7,32.4,32.2,32.2,33.3,33.3,33.1,33.2,33.3,33.9,32.8,32.6,33.5,32.2,33.6,32.8,32.8,34.1,33.7,33.8,33.9,33.7,33.8,33.5,33.7,33.4,33.2,33.8,31.6,33.8,33.3,32.8,32.5,34.2,32.4,32.7,32.9,33.5,33.3,32.5,32.4,32.8,32.6,32.1,32.9,32.7,33.0,32.5,32.1,33.9,32.6,32.6,32.6,33.7,33.7,32.6,34.8,32.8,33.5,32.2,33.8,34.3,32.8,32.5,32.9,33.5,33.9,33.1,33.0,32.9,33.1,32.6,34.1,31.8,33.8,32.6,32.4,33.7,32.5,32.7,33.7,33.8,33.2,32.9,33.4,33.8,33.3,34.0,33.2,33.5,33.1,32.0,33.0,32.4,32.1,33.5,33.0,32.7,32.6,33.5,32.5,32.8,32.7,33.7,33.6,33.2,33.6,32.8,33.2,33.4,31.9,33.2,32.9,32.8,33.1,33.8,33.5,33.9,34.3,33.3,33.0,33.6,33.8,32.9,32.6,32.7,33.1,32.0,33.6,32.5,33.6,33.0,33.4,33.1,33.2,32.7,32.7,34.0,33.2,33.2,33.0,32.9,33.1,32.8,33.6,33.1,33.2,33.6,33.8,33.2,34.2,33.6,33.1,34.5,33.3,34.4,33.5,33.3,32.8,34.0,33.9,31.6,32.4,33.6,32.9,33.7,33.7,32.6,32.7,34.4,33.5,33.6,33.1,33.1,32.7,33.9,33.9,33.1,33.7,32.9,33.0,33.9,33.7,32.2,33.5,32.2,32.3,32.5,33.1,33.6,33.0,32.6,34.0,33.0,33.3,32.1,32.6,33.6,33.3,33.5,33.3,34.4,34.6,34.8,34.7,33.0,33.2,32.6,33.4,34.1,33.1,32.6,33.7,33.1,32.8,33.0,31.9,33.9,34.1,33.2,31.5,33.4,33.2,33.4,32.4,33.4,33.1,32.8,32.7,32.8,32.9,32.9,32.4,35.4,35.0,34.8,34.2,33.6,33.8,33.4,32.3,32.7,33.2,32.8,32.1,33.6,34.0,33.0,33.2,32.7,33.1,32.4,32.7,32.9,33.3,32.4,33.5,32.9,33.0,31.9,32.8,32.9,33.1,31.9,33.0,33.8,34.9,33.5,33.6,34.1,33.4,33.2,33.1,33.4,33.7,32.9,33.8,32.8,33.1,33.4,31.9,34.6,33.1,32.3,32.7,33.3,33.0,33.7,33.1,33.7,33.5,33.0,33.1,33.6,33.1,33.0,33.6,34.6,33.4,34.2,33.8,35.1,33.2,33.1,32.7,33.4,33.5,34.2,33.3,33.3,33.9,32.6,32.9,33.6,32.4,32.6,34.1,32.9,33.9,32.9,33.2,32.9,32.8,33.0,33.2,33.6,32.4,33.5,34.6,33.6,34.3,33.7,34.3,33.4,33.6,33.0,33.3,33.5,32.7,32.6,33.9,34.5,33.0,34.0,31.5,33.3,33.7,33.1,32.8,32.5,33.3,32.9,33.1,33.0,33.2,32.5,32.5,33.8,32.3,34.2,32.8,34.3,33.4,34.2,33.8,33.3,33.2,32.9,32.5,32.7,33.5,33.2,31.7,33.2,33.9,33.1,33.5,34.1,33.6,32.6,33.8,33.2,33.3,32.4,33.9,32.8,33.1,32.7,33.7,33.2,33.8,33.5,34.1,34.1,34.7,33.2,34.5,34.5,34.0,32.8,33.0,33.9,33.2,33.9,33.0,33.3,32.8,33.2,33.2,33.1,33.4,32.4,33.1,33.2,32.8,33.8,32.2,34.3,33.4,33.1,32.7,34.0,34.0,34.7,34.1,33.6,34.1,34.7,34.1,33.0,32.8,33.6,32.0,33.4,34.0,33.5,31.9,33.5,33.1,32.9,34.3,33.3,33.5,32.8,33.4,33.3,33.6,33.1,33.3,33.0,34.0,33.0,33.5,33.4,33.5,33.4,33.3,34.5,33.8,33.2,33.5,33.5,33.0,33.8,33.8,34.0,31.7,33.3,32.4,34.1,33.6,34.1,32.5,32.6,33.5,34.0,32.1,33.3,33.8,32.8,32.8,32.9,33.4,32.8,32.3,32.9,33.5,34.2,33.5,33.6,34.2,33.4,33.6,34.0,34.1,33.6,33.3,33.2,33.9,32.6,31.6,34.3,33.4,32.5,33.9,33.5,34.1,32.7,33.2,32.1,33.5,32.7,34.4,33.1,33.1,32.0,33.0,32.8,33.5,34.3,33.4,34.6,34.3,33.8,34.2,33.0,33.3,32.4,33.9,33.5,33.9,33.3,33.7,34.3,33.2,33.5,31.8,34.1,33.2,34.1,32.8,32.7,33.1,33.2,32.9,32.8,32.9,33.3,nan,32.7,33.0,33.9,34.5,33.7,34.6,34.1,34.3,34.2,33.6,33.4,33.5,33.8,33.5,32.8,33.4,34.4,34.0,32.8,34.1,34.7,34.5,32.3,33.8,33.5,33.8,32.9,33.4,33.8,33.4,32.5,33.0,33.0,33.6,32.4,34.3,33.8,33.5,33.8,34.8,33.9,33.6,33.4,33.5,35.0,33.9,33.6,33.5,34.2,33.8,34.0,32.9,34.4,33.7,33.4,32.1,33.7,32.9,32.8,32.7,33.5,33.9,33.5,32.5,32.9,33.1,33.1,32.5,34.9,34.7,34.1,33.6,33.3,33.6,33.7,33.3,33.2,33.8,33.9,32.6,33.6,34.5,32.8,34.1,32.4,35.3,33.2,34.5,33.0,33.5,32.5,32.8,33.4,34.1,32.9,33.5,33.9,33.1,32.8,32.8,33.6,33.6,33.4,34.2,33.1,33.7,33.6,33.9,34.0,34.8,33.2,33.6,33.9,34.8,33.3,32.0,33.9,34.3,33.8,32.6,34.2,33.5,32.9,32.1,33.7,33.5,33.2,32.8,33.9,33.0,32.9,33.3,34.6,33.5,33.7,33.1,34.0,33.6,33.6,33.1,34.3,34.0,33.3,32.3,34.8,34.5,32.9,32.9,33.1,34.4,32.7,34.3,33.1,33.6,33.4,33.9,33.6,33.4,33.0,32.5,32.5,33.9,32.5,33.6,33.9,34.1,32.5,33.6,34.3,34.2,33.3,33.9,34.0,33.4,32.7,33.5,33.4,34.8,33.7,33.1,34.5,35.0,32.8,33.2,33.5,33.7,34.3,34.1,34.1,33.6,33.4,32.8,33.2,33.1,32.5,33.0,34.6,34.0,33.4,32.9,33.9,35.2,33.9,32.4,34.1,33.1,33.5,33.6,34.0,34.6
1785306337.069892,1908,34.0,33.0,32.5,32.8,32.6,33.1,32.5,33.7,33.1,33.6,32.0,32.8,33.7,32.8,33.3,32.0,32.2,32.2,33.5,33.0,33.1,31.7,33.6,33.6,32.8,32.8,33.0,32.6,33.4,32.9,33.7,33.5,33.8,32.4,33.9,32.7,32.5,32.3,32.4,32.1,32.6,32.5,32.9,32.9,32.1,32.7,32.8,32.9,33.1,33.3,33.0,33.3,32.6,32.3,33.1,34.3,33.7,32.7,33.3,33.0,33.7,32.8,33.2,33.7,33.1,33.1,32.0,34.4,32.1,32.6,32.5,32.8,32.1,32.7,33.3,33.0,32.7,32.7,32.4,32.9,32.6,32.9,32.4,33.1,32.8,33.0,32.4,32.1,32.7,32.8,32.9,32.8,33.9,32.5,34.0,32.8,32.3,33.4,32.8,33.3,32.2,32.9,32.8,32.7,33.0,32.7,32.7,32.5,31.9,32.8,33.3,32.7,33.6,33.4,32.3,32.4,32.7,33.4,33.3,33.0,33.0,32.7,32.0,33.1,33.6,33.2,32.3,33.4,33.0,33.7,32.7,34.3,33.7,32.8,33.8,33.3,32.7,32.3,32.7,33.1,32.8,33.0,33.5,32.2,32.9,32.9,33.0,33.6,33.2,33.0,33.3,33.2,32.4,32.0,33.6,32.8,33.2,33.0,33.9,34.0,33.1,31.7,33.0,33.3,33.6,33.3,33.5,32.6,32.7,31.7,32.6,32.9,32.1,32.6,32.9,33.1,32.5,33.3,33.1,33.1,33.1,32.9,32.8,34.1,32.8,33.1,33.7,34.2,33.1,33.7,32.4,34.4,32.6,32.4,33.1,33.9,33.1,33.1,33.9,33.2,32.9,33.3,32.6,33.2,31.8,32.7,32.0,32.9,32.2,32.7,34.4,35.0,34.6,33.5,32.0,32.9,32.5,32.7,34.3,32.5,33.0,34.1,33.6,33.7,33.2,32.8,33.5,32.6,32.2,32.8,32.4,33.2,33.4,33.6,32.4,33.0,33.3,32.8,33.0,32.4,32.6,32.4,34.1,34.5,33.7,33.2,32.9,32.4,33.1,33.3,32.7,33.4,33.4,33.8,32.8,33.8,32.1,33.0,33.7,34.0,33.1,32.6,33.1,34.2,32.7,32.5,32.6,33.5,32.0,32.9,33.2,33.8,32.7,33.5,33.8,33.8,33.9,33.8,33.6,33.6,33.5,33.4,33.2,34.2,33.6,33.3,33.0,32.9,33.6,33.1,32.6,33.7,32.7,32.5,32.8,33.0,32.5,33.4,32.3,33.2,32.9,33.4,33.2,32.8,32.6,32.9,33.5,34.5,34.5,34.5,33.1,33.5,32.8,33.5,33.2,34.0,33.3,33.3,32.3,33.4,32.6,32.7,34.4,33.0,32.6,33.2,32.4,33.3,33.1,33.2,33.2,34.0,32.5,33.4,33.6,33.2,33.3,32.7,33.6,33.7,34.5,33.6,34.1,33.6,33.2,33.1,33.7,33.1,32.9,32.4,32.9,33.8,32.1,33.4,33.5,33.7,33.3,32.6,33.0,33.8,33.5,33.0,32.8,32.9,32.6,32.8,33.2,33.7,33.1,33.7,33.8,34.2,33.1,34.2,33.6,34.8,33.3,33.5,33.6,33.7,33.4,32.5,33.8,32.9,33.5,33.5,33.3,33.8,32.2,33.6,33.5,33.7,33.3,32.6,33.6,33.4,32.7,33.2,33.4,33.5,33.7,33.5,33.9,34.0,34.0,33.9,33.8,34.5,33.9,33.8,33.5,33.8,34.6,32.4,33.5,32.7,32.8,32.2,32.8,33.4,33.5,32.9,34.4,32.1,33.0,33.5,32.0,33.5,32.5,33.3,33.4,33.6,33.3,34.1,33.7,33.4,33.7,34.1,34.0,33.4,34.1,34.2,33.7,34.0,33.9,33.4,33.4,33.1,32.9,33.1,32.7,32.7,32.8,33.4,32.6,33.1,32.7,32.9,33.0,33.3,33.7,33.0,33.8,33.2,32.9,33.0,34.0,34.3,33.5,34.2,34.0,33.3,33.6,33.1,34.2,33.7,33.7,33.2,34.3,32.7,32.9,33.5,34.4,34.2,33.4,33.3,33.3,33.3,32.9,33.3,33.4,32.7,32.6,32.3,33.6,34.3,33.3,33.6,33.8,34.1,33.4,33.0,34.2,34.1,33.0,33.8,34.1,33.7,33.2,33.8,34.9,33.2,32.7,33.3,33.3,33.3,32.9,33.8,32.2,33.7,33.0,33.7,33.0,33.8,33.3,33.5,34.3,33.8,33.3,33.0,33.7,33.7,33.5,34.5,33.8,33.4,34.6,32.5,34.0,33.8,33.5,33.9,34.1,33.2,34.2,33.6,33.6,33.6,33.4,33.6,33.2,32.7,33.0,33.2,32.5,33.0,32.8,nan,33.4,33.6,32.3,33.2,32.6,34.1,34.1,34.1,33.4,33.7,33.0,33.5,33.8,33.0,33.8,33.2,33.0,34.1,33.6,33.1,33.7,33.3,32.7,33.4,32.7,34.2,33.2,33.4,33.9,33.1,33.7,32.7,32.7,33.8,33.2,32.4,33.3,33.3,34.0,33.5,33.4,33.7,33.6,33.4,32.9,33.6,33.4,33.9,34.8,33.6,33.8,33.5,32.4,33.5,33.4,33.0,33.2,34.0,33.4,33.4,33.2,34.0,32.7,33.5,33.4,33.4,33.3,32.8,33.4,34.5,33.9,33.3,33.7,34.4,32.8,34.2,33.2,33.6,33.1,33.5,34.9,34.1,33.9,35.2,33.9,34.4,33.0,33.5,33.3,32.8,33.6,33.5,33.6,33.2,32.9,32.8,33.6,33.3,32.6,32.8,34.3,34.3,33.2,33.1,33.2,34.1,33.4,33.7,34.2,33.9,33.6,34.4,32.5,34.8,33.8,33.3,33.0,33.4,33.0,33.3,33.5,33.7,33.5,33.4,33.2,33.7,32.4,32.2,34.6,33.6,32.6,34.1,33.2,34.0,32.5,33.4,33.7,33.5,32.7,33.6,33.3,33.8,33.3,33.7,35.0,36.0,33.3,33.4,33.3,34.6,32.9,33.1,33.0,32.6,33.5,33.5,33.2,34.1,33.2,33.4,32.5,33.2,33.6,32.9,34.1,33.9,33.6,32.5,33.7,34.4,33.7,33.1,34.1,33.5,34.1,32.8,34.5,33.9,34.4,34.7,34.1,33.9,33.6,33.6,33.7,33.1,34.0,34.3,34.0,33.4,33.4,33.4,32.7,33.6,32.5,32.9,33.9,33.3,33.4,33.6,33.1,33.9,33.5,33.5,33.1,33.7,32.9,33.7,34.6,35.0
1785306339.3735316,1909,32.5,32.4,33.7,33.5,34.0,33.3,33.0,33.4,32.8,33.3,32.9,31.4,32.8,31.6,31.6,32.3,33.6,32.4,32.6,33.0,32.8,32.2,32.7,32.8,33.0,33.4,33.3,33.3,33.5,34.1,33.8,33.5,33.8,32.0,32.4,32.8,32.7,33.2,31.9,32.8,32.8,33.7,32.5,32.2,32.3,32.9,32.6,33.1,32.9,33.0,33.7,33.5,33.2,32.4,33.1,33.4,33.3,32.8,32.0,33.1,33.7,33.2,33.7,33.6,32.2,32.8,32.1,33.7,33.3,33.8,32.6,32.1,32.3,33.3,33.0,32.5,32.9,33.6,31.9,32.7,32.4,33.4,32.6,32.7,33.3,33.1,33.6,32.3,33.0,32.7,34.6,32.4,34.0,33.2,33.2,33.3,35.2,34.0,32.1,33.0,32.6,32.8,33.2,33.1,32.8,33.3,32.5,32.9,32.2,32.7,32.2,32.4,33.6,33.3,33.3,33.3,32.7,33.4,33.1,33.4,33.2,33.7,33.4,32.8,33.4,33.9,33.2,33.5,33.8,32.5,33.4,33.8,34.0,32.7,32.3,32.9,32.9,33.0,32.9,33.5,32.7,32.9,32.5,32.9,33.1,33.1,33.4,33.4,32.2,33.0,33.3,33.1,33.7,32.9,33.1,33.4,32.9,33.6,32.9,33.6,33.6,32.8,32.7,33.4,33.6,32.6,33.1,32.9,32.5,33.5,33.7,33.1,33.1,32.8,33.2,33.5,32.8,33.0,34.2,33.8,32.9,33.3,32.8,32.9,32.4,33.2,32.9,34.1,33.5,32.8,32.2,33.6,33.2,33.1,33.5,32.9,32.9,33.5,33.1,33.2,33.0,33.3,32.7,33.2,32.5,32.6,32.8,32.1,33.2,32.5,34.3,35.1,33.3,32.4,32.6,33.0,32.9,33.5,32.9,32.7,33.0,33.7,33.6,34.3,33.4,32.4,32.5,33.3,33.0,32.9,33.3,33.9,33.2,32.7,32.3,32.8,33.2,33.0,32.7,32.1,32.4,33.1,34.3,35.2,33.5,33.2,33.4,33.0,33.4,32.1,32.5,34.0,33.4,33.5,34.0,32.6,32.9,32.4,33.2,33.1,33.2,33.7,32.4,34.5,33.9,33.0,32.8,33.2,32.9,33.6,33.7,32.0,32.5,33.2,32.8,33.9,33.7,33.8,33.5,33.2,33.4,34.3,33.5,33.1,33.3,32.5,33.5,33.3,33.1,32.6,33.4,33.0,33.4,32.7,32.1,32.9,33.0,33.1,33.2,33.0,32.9,32.9,33.2,33.6,31.9,32.9,33.5,34.2,33.9,33.6,33.8,33.4,32.6,33.2,33.7,33.5,34.0,34.5,32.9,32.7,32.0,33.3,32.9,33.5,32.8,33.0,32.2,33.3,33.5,33.6,33.1,33.3,33.3,33.7,32.7,33.8,33.8,33.7,34.6,33.4,34.3,34.3,32.8,33.1,33.1,32.9,33.3,33.4,33.7,32.6,34.0,32.2,32.5,32.2,32.1,33.8,32.5,33.5,33.5,32.4,33.7,33.2,32.8,33.7,33.1,32.5,32.8,33.3,33.1,33.4,33.8,34.1,33.6,34.4,33.1,33.6,34.1,33.0,33.4,33.5,33.5,33.6,33.7,33.3,33.4,33.5,33.7,33.0,33.7,33.4,32.8,32.8,32.6,32.6,32.3,32.9,33.0,32.9,32.8,33.8,33.2,33.0,33.0,34.0,34.5,35.0,33.7,33.6,33.3,33.3,33.0,32.3,33.2,33.7,33.8,33.2,33.8,33.1,34.1,32.9,33.3,33.4,33.4,33.7,33.5,33.2,33.3,33.7,32.6,32.6,32.9,33.3,33.7,33.7,33.6,34.1,34.0,33.8,33.2,33.6,33.4,33.2,33.9,33.9,33.0,34.2,33.7,33.2,33.9,33.3,33.5,33.4,33.4,33.1,33.2,33.1,32.9,32.8,33.5,34.1,33.4,33.5,33.0,33.0,33.1,33.8,33.5,33.7,33.0,34.0,34.2,33.3,33.0,35.0,35.0,34.2,33.9,33.7,34.1,33.0,33.1,34.0,33.0,33.7,33.8,32.9,33.6,33.3,32.8,32.9,33.4,31.8,32.9,32.7,33.7,33.4,33.6,33.7,33.6,33.8,32.9,33.5,34.0,34.1,33.3,33.9,35.0,34.2,33.7,33.6,33.7,33.9,32.8,32.9,33.3,33.7,32.9,32.8,33.4,32.8,33.4,32.7,32.8,33.3,34.0,33.6,35.3,34.0,33.2,33.7,33.8,34.0,33.7,33.5,33.8,33.9,33.1,33.1,33.2,33.6,33.2,33.3,34.4,33.8,33.3,33.3,33.3,33.9,33.8,33.2,33.8,32.4,33.0,33.1,33.0,32.9,33.3,nan,34.2,34.1,33.4,32.7,33.7,34.3,33.2,33.9,33.3,33.6,34.0,33.9,33.8,33.7,33.9,33.4,33.9,34.0,33.5,33.1,33.3,33.3,33.3,33.6,33.2,33.6,32.7,33.2,32.6,34.4,32.7,32.8,33.2,33.8,33.7,33.2,33.3,33.3,34.0,33.7,33.1,33.2,34.0,34.3,33.7,33.0,33.1,34.0,33.4,33.6,34.6,33.2,34.0,34.1,34.0,32.9,33.2,34.6,33.3,33.6,33.9,33.2,33.5,33.0,33.1,33.8,33.4,32.7,33.4,33.7,34.1,33.3,33.2,33.1,33.8,33.1,33.7,33.5,33.5,33.4,33.6,34.4,34.0,34.1,33.7,33.6,32.9,33.7,32.8,33.3,33.3,33.7,34.0,33.4,33.3,33.8,33.3,33.4,32.9,33.4,34.3,33.8,33.6,32.8,33.8,33.2,33.8,34.4,34.8,34.4,33.5,34.4,33.7,34.1,32.6,33.8,34.3,34.1,32.8,33.8,33.6,34.1,33.5,33.8,33.4,34.2,32.9,33.6,33.2,33.3,33.7,33.0,33.2,33.5,34.0,33.3,33.5,34.5,33.4,33.9,33.3,35.2,33.8,33.5,33.1,35.2,33.2,32.7,33.7,34.2,33.2,32.7,33.7,33.6,33.6,33.9,33.6,33.9,33.1,34.1,33.6,34.3,33.8,33.1,33.4,33.0,32.9,32.3,33.4,33.8,34.1,33.1,33.8,33.8,33.0,33.7,33.9,34.6,33.4,34.3,32.8,33.3,33.4,33.6,32.7,34.5,33.4,33.8,33.4,33.6,32.7,32.8,33.6,32.6,33.6,31.9,33.4,34.6,34.1,34.2,33.3,34.5,34.3,32.6,34.7,33.3,33.1,33.6,34.6,34.4
1785306341.4355447,1910,33.7,33.7,34.0,31.9,33.0,32.1,33.6,33.3,33.1,31.9,32.2,33.1,33.3,32.1,32.9,32.3,32.4,32.1,32.3,33.1,32.6,32.9,33.2,32.9,32.8,33.3,33.4,32.5,33.8,33.5,34.7,32.9,31.8,33.4,33.3,34.1,32.6,32.7,32.9,34.1,32.9,33.3,32.4,32.1,32.0,32.3,32.3,34.4,31.5,32.2,32.7,32.7,32.7,33.0,32.8,33.7,32.6,32.5,33.0,32.1,32.2,31.7,33.1,34.4,32.6,31.5,33.4,33.2,32.4,32.9,33.5,31.1,32.6,32.4,33.1,32.5,31.8,32.1,33.1,32.3,32.4,32.5,33.1,32.3,32.7,32.7,33.7,33.0,33.1,33.8,32.5,33.9,32.8,33.1,32.6,34.2,32.9,34.8,32.0,34.9,32.1,32.3,32.3,33.0,33.1,32.7,32.4,33.4,32.3,33.2,32.1,32.1,32.3,33.6,32.0,32.7,32.1,33.2,32.6,32.9,32.7,32.9,32.9,33.7,32.6,33.2,32.8,34.1,33.0,31.7,33.1,32.2,34.1,32.1,33.4,32.2,33.7,32.2,33.2,32.9,32.5,33.5,33.0,32.1,32.2,32.3,32.6,32.8,33.2,32.9,32.5,33.4,33.3,32.6,32.9,32.3,32.8,32.7,33.4,33.0,33.0,32.4,32.9,33.1,32.3,32.3,32.2,32.6,32.0,32.8,32.5,33.7,31.6,33.1,32.8,33.3,33.0,32.5,32.1,33.3,33.9,33.8,33.7,33.0,31.8,34.0,33.8,33.8,32.8,34.1,32.5,33.9,32.9,32.7,33.3,33.2,31.9,33.2,32.6,33.3,32.9,33.2,32.5,32.7,32.6,32.0,33.8,32.7,33.3,32.1,33.6,33.6,34.8,34.3,33.2,33.8,32.6,33.1,33.6,33.2,32.8,32.5,33.8,32.1,32.0,33.0,33.4,33.2,32.7,33.4,33.0,33.3,32.4,33.0,32.1,33.6,32.4,32.8,32.1,34.0,32.2,32.3,32.9,34.0,34.4,34.6,31.5,32.8,32.6,33.5,32.8,33.4,32.7,34.0,33.3,33.6,32.6,32.5,33.1,32.1,33.1,32.7,32.2,32.7,32.9,32.7,32.4,33.1,32.2,31.8,33.8,33.2,32.8,32.6,33.1,33.4,33.8,32.7,33.3,33.5,32.9,32.8,33.1,32.9,32.7,32.6,33.0,33.2,33.1,33.8,33.1,33.1,31.7,33.1,32.9,33.7,32.9,32.4,33.3,33.3,32.1,32.9,32.9,33.2,32.6,32.6,33.9,34.1,33.8,33.9,33.2,34.0,33.0,33.3,33.4,33.6,32.6,32.8,31.8,33.4,31.7,32.4,32.8,33.1,33.0,32.6,32.7,33.2,32.9,33.0,32.4,32.2,33.5,33.1,33.6,33.1,32.6,34.2,34.3,33.4,33.7,33.5,34.1,33.5,33.0,33.0,32.9,33.0,32.8,32.7,32.9,33.9,31.8,32.8,32.0,33.7,33.0,32.2,32.4,34.3,33.1,33.0,33.4,33.4,33.5,32.8,33.6,33.4,33.5,32.9,33.6,33.6,33.6,33.7,33.5,33.4,32.5,34.0,32.8,34.2,32.4,32.6,33.7,32.7,32.0,32.2,33.3,33.7,33.4,33.5,33.7,32.9,32.9,32.3,33.4,32.7,33.5,32.5,33.7,33.3,34.3,33.1,34.1,33.4,34.0,33.9,34.6,33.4,33.7,33.0,34.0,32.7,33.5,32.9,33.3,33.2,32.9,32.6,32.5,34.0,32.9,33.5,32.4,33.8,32.4,32.5,32.9,33.0,33.2,32.8,32.8,33.3,32.8,34.4,32.8,34.2,33.3,33.9,33.3,33.9,34.0,33.5,32.2,34.0,33.2,32.3,32.9,34.5,32.7,33.0,34.0,33.2,33.1,32.8,33.5,32.7,33.4,32.7,33.8,33.2,33.7,32.9,33.2,32.8,33.1,33.4,34.3,33.3,33.6,32.9,34.0,34.0,33.8,33.2,34.6,33.8,33.1,32.3,34.5,33.2,33.0,32.9,32.9,33.2,32.6,32.3,33.5,33.8,32.2,32.8,33.4,33.4,33.0,32.3,33.8,34.6,32.9,33.5,33.6,34.1,33.0,33.0,34.1,34.3,33.2,33.3,33.8,35.4,33.3,33.6,33.5,32.8,33.6,33.0,33.1,33.6,33.6,32.4,33.5,32.7,33.6,32.1,32.6,32.2,33.6,32.1,35.6,33.9,33.5,32.6,32.7,33.6,33.5,32.9,34.5,33.3,33.4,33.3,33.3,33.7,33.9,33.0,33.9,33.1,32.2,33.4,32.0,34.4,32.2,33.6,33.0,33.8,32.4,34.0,32.6,33.5,32.2,nan,33.6,33.9,31.7,32.8,32.8,34.3,33.3,33.1,33.1,34.1,32.4,33.5,32.6,33.5,32.6,33.2,33.9,34.7,33.4,32.8,33.3,32.8,32.3,32.2,32.6,32.8,33.2,32.4,33.9,32.8,32.8,32.4,32.5,33.1,33.2,31.9,34.5,33.6,33.3,33.6,33.7,34.0,33.4,33.1,33.9,33.6,34.4,33.2,34.4,32.9,33.7,33.9,33.3,34.3,32.2,33.9,32.0,33.6,32.2,33.4,33.3,33.7,32.6,32.8,32.8,33.9,32.5,32.3,33.0,34.5,32.7,32.7,33.9,34.6,33.0,33.4,33.3,34.4,33.4,33.7,32.3,33.7,33.7,33.2,33.0,32.9,33.0,32.9,32.9,33.2,33.9,32.4,33.6,33.1,33.3,33.0,33.6,34.5,32.6,32.0,33.6,32.5,33.6,33.7,34.5,33.5,33.0,32.5,34.0,33.4,34.2,32.5,34.3,34.5,33.0,33.3,32.1,33.8,32.7,33.5,33.0,33.7,32.1,33.0,32.6,34.0,33.3,33.1,32.3,34.0,31.3,33.4,32.7,34.0,33.4,33.6,35.5,33.9,33.5,33.4,33.6,34.0,34.0,33.5,33.2,34.0,32.2,32.4,33.6,32.6,32.9,33.8,33.4,33.3,33.4,32.9,33.7,32.9,33.6,32.4,33.0,33.5,33.2,32.4,33.2,33.3,33.4,32.6,34.1,34.1,33.5,32.6,34.3,33.2,33.1,32.5,33.6,33.6,32.4,33.5,33.8,33.9,32.7,33.4,32.2,34.5,32.2,33.0,33.9,33.8,33.2,33.4,33.5,33.1,31.9,33.5,33.1,34.0,33.8,32.5,33.4,34.5,34.0,32.3,33.2,33.5,32.8,32.7,33.6,35.0
1785306343.5413258,1911,33.4,34.1,32.5,33.5,33.7,32.6,32.7,32.6,33.5,32.0,33.4,33.4,34.2,32.6,32.9,33.5,32.8,32.2,33.1,33.3,33.7,33.2,32.4,32.6,33.1,33.4,33.6,33.7,33.8,32.5,32.4,32.5,34.8,31.8,34.1,33.4,33.4,33.6,34.1,32.9,32.6,32.9,33.1,33.7,32.9,33.4,32.1,32.1,33.2,33.1,33.2,33.1,33.0,32.9,33.1,33.5,32.7,33.3,32.7,32.5,35.2,32.8,32.9,33.9,34.1,34.3,33.2,33.7,33.2,33.2,31.9,33.6,32.6,32.9,32.4,33.0,33.7,33.2,32.5,33.1,33.8,33.3,32.7,32.6,32.9,33.0,33.2,33.1,33.3,32.6,32.1,33.0,33.5,33.6,31.4,34.0,34.0,32.7,31.5,32.0,32.9,32.7,32.0,32.6,33.5,33.4,31.8,32.9,32.6,33.2,32.4,32.7,33.2,33.4,32.5,33.2,33.4,33.5,33.3,32.9,33.6,33.8,33.4,33.1,34.2,33.4,32.9,34.8,33.0,32.5,32.2,33.4,33.3,33.5,33.0,33.4,32.5,33.0,32.3,32.8,32.5,33.4,32.8,32.7,33.0,32.2,33.5,33.4,32.3,33.5,33.2,32.6,33.6,32.0,32.7,34.0,34.2,34.2,33.6,33.8,33.8,32.2,33.6,33.1,33.2,32.3,33.7,33.7,32.6,32.8,33.0,32.8,32.9,32.6,33.2,33.3,33.1,32.6,32.7,33.4,32.8,32.1,33.1,32.7,32.6,33.0,32.9,34.0,34.1,34.3,33.3,33.5,34.7,33.5,32.2,33.1,33.4,33.5,33.4,32.3,33.1,32.8,33.1,32.7,33.6,31.6,33.3,32.8,33.0,33.3,33.7,35.0,34.3,33.4,32.2,32.9,32.8,32.8,32.6,33.3,33.0,33.6,33.7,33.1,32.6,33.4,33.1,33.4,33.0,33.4,33.1,32.1,32.7,33.9,32.7,32.4,33.0,32.5,32.8,33.5,32.1,33.0,34.0,34.7,34.0,33.5,32.9,33.4,32.7,33.1,33.3,33.7,32.6,34.0,32.8,34.2,32.6,33.0,31.8,33.2,33.3,33.5,32.9,33.3,33.5,33.7,31.0,32.9,33.3,33.0,33.5,33.1,33.5,33.7,33.6,34.4,34.4,33.5,33.4,32.7,32.9,32.6,33.4,32.8,33.2,33.8,33.0,33.5,33.6,32.1,32.4,34.3,34.0,33.4,33.7,33.2,33.2,32.6,33.3,32.6,32.7,33.2,32.7,33.1,32.9,32.4,33.8,34.5,34.5,34.4,33.5,33.9,33.3,32.8,33.4,34.2,32.9,33.1,33.1,34.0,33.2,33.3,33.4,33.0,32.6,33.0,32.9,33.2,33.9,33.9,32.7,33.0,33.6,32.2,33.0,32.9,34.3,33.7,33.5,33.4,34.5,33.5,33.2,33.6,32.8,34.1,33.6,31.8,33.7,32.8,33.3,32.6,33.2,33.4,31.5,33.7,34.2,31.8,33.7,33.1,33.7,33.1,32.5,33.7,34.2,32.8,32.9,33.4,34.2,33.2,34.2,34.4,34.0,35.0,33.3,35.2,32.4,33.7,33.6,33.7,33.2,33.4,33.0,33.3,33.3,33.7,33.8,34.4,33.4,32.9,31.9,34.3,33.9,33.4,33.2,32.9,32.8,33.3,33.2,33.7,33.8,33.8,34.3,33.9,34.5,34.2,34.3,33.5,34.1,33.5,33.3,33.0,33.3,33.0,33.5,33.1,33.6,34.2,32.7,33.4,32.6,34.0,33.0,33.1,33.5,33.3,32.5,33.5,33.3,33.1,33.6,33.3,33.4,33.5,34.7,34.4,34.5,35.0,33.9,32.9,34.3,33.0,33.5,34.2,33.3,32.4,33.8,33.3,33.1,34.1,33.2,33.7,33.8,33.3,33.6,33.0,32.4,32.4,33.6,33.3,33.6,33.8,33.5,33.4,33.9,34.0,34.1,33.4,33.9,33.2,33.9,34.1,33.8,34.3,34.2,33.3,34.0,33.2,34.1,32.6,33.7,32.7,33.6,34.4,33.6,33.7,34.1,33.6,33.3,32.7,33.4,33.2,33.6,33.4,33.2,33.9,33.3,33.3,33.2,34.3,33.4,34.1,32.7,32.7,34.5,34.5,34.1,33.8,33.2,33.6,33.6,34.2,32.9,34.8,32.9,33.9,32.9,33.6,33.3,33.7,34.1,32.9,32.9,33.6,33.3,32.8,35.7,34.3,32.8,33.8,34.1,34.2,34.1,33.5,33.9,33.4,33.6,33.8,34.2,34.0,34.4,34.0,33.3,33.4,34.2,33.2,32.9,33.0,33.6,33.4,32.5,33.2,33.7,33.4,33.0,33.5,33.6,nan,34.0,34.1,33.9,33.0,33.2,33.4,33.2,34.4,33.3,34.2,33.9,33.1,33.4,33.7,34.0,33.3,32.7,33.9,34.0,32.7,33.1,33.3,34.9,33.0,34.4,34.2,33.7,33.2,33.7,33.2,33.5,32.8,33.5,33.3,33.0,31.9,33.5,33.7,33.8,33.8,33.0,34.3,34.2,33.9,33.1,33.2,34.9,34.6,33.5,33.4,34.2,33.7,32.8,32.3,32.8,32.6,32.6,33.6,33.2,33.2,33.4,33.5,33.3,32.6,32.9,33.7,32.6,33.8,33.8,34.5,34.4,34.1,33.2,34.4,33.1,34.0,33.0,34.2,33.9,33.9,32.8,34.1,33.4,32.6,33.0,33.2,32.8,33.1,33.3,34.0,32.5,32.7,33.6,33.6,33.3,33.7,33.4,32.9,33.7,32.9,35.1,33.6,33.7,33.6,33.7,33.7,34.1,33.5,34.6,33.7,34.4,32.8,33.6,34.2,34.0,34.1,34.3,32.6,34.2,34.3,33.5,34.2,33.0,34.0,33.4,33.5,34.1,34.2,33.2,33.3,33.4,33.1,33.7,33.6,33.5,33.9,35.1,34.9,33.8,33.4,32.9,34.0,34.1,34.2,34.6,34.7,34.0,34.1,33.8,34.6,33.9,33.7,32.8,33.2,33.9,33.3,33.3,32.8,33.7,33.6,33.0,33.1,33.2,32.7,32.6,33.9,34.1,33.2,34.2,34.2,34.0,32.7,33.5,33.3,34.3,34.5,34.7,34.3,33.0,33.5,33.4,33.9,34.0,33.6,33.3,34.1,33.0,33.1,33.2,34.5,33.8,33.6,33.6,33.6,32.9,32.6,33.6,33.5,33.9,33.0,33.5,33.2,33.3,34.8,33.5,34.8,32.7,33.9,33.3,34.1
1785306345.7257133,1912,33.8,33.2,33.9,34.1,34.2,32.3,33.0,34.0,33.2,33.3,32.7,34.1,31.7,31.4,33.3,33.6,32.8,32.1,31.6,33.1,32.8,33.1,33.1,33.9,32.8,32.5,33.5,32.7,34.4,32.4,33.8,34.0,33.4,32.0,34.0,33.1,33.3,32.8,33.8,33.6,32.5,33.0,32.8,32.8,32.4,33.5,33.1,33.1,33.3,33.1,32.9,32.8,33.8,34.0,32.8,32.8,32.2,33.0,33.0,32.8,33.4,32.7,33.6,34.3,34.2,34.2,31.9,33.2,32.9,33.3,32.6,33.1,32.9,33.2,31.7,32.4,32.4,33.0,32.6,33.3,33.0,33.2,32.6,33.5,32.3,32.0,32.5,33.5,33.0,33.0,33.6,33.1,32.3,31.8,32.0,33.7,32.4,33.3,34.1,33.0,31.7,33.6,32.7,32.9,33.1,33.8,32.8,32.2,33.2,32.9,32.8,33.2,33.1,33.3,33.1,33.1,32.6,32.9,32.8,32.6,33.9,33.1,33.7,32.8,33.3,32.7,33.5,34.2,33.1,32.2,32.7,33.7,34.0,31.7,31.7,33.2,33.1,32.4,32.0,32.7,32.5,33.1,33.2,33.3,33.7,32.7,33.5,34.0,33.4,32.8,32.4,33.2,32.3,33.0,32.7,33.9,34.1,33.1,32.4,33.3,34.4,33.2,33.3,33.2,33.3,33.0,33.0,32.7,33.6,33.9,32.5,32.5,32.5,33.6,32.8,33.2,32.5,32.8,33.2,33.7,32.2,33.5,33.6,32.9,32.5,33.4,34.0,33.5,33.2,34.0,32.8,33.2,34.3,33.4,32.7,32.8,32.9,31.5,32.9,33.3,32.6,34.2,32.0,33.3,32.5,33.0,33.1,32.7,32.7,33.1,33.9,35.2,33.8,32.9,33.1,33.5,32.2,32.9,33.2,32.6,33.6,33.1,33.8,33.6,33.8,33.7,32.8,32.9,32.0,33.2,33.4,33.2,33.4,33.2,32.9,32.7,32.1,33.4,32.3,32.8,32.0,33.1,33.7,34.2,34.2,32.4,32.7,32.1,33.2,32.8,33.5,32.9,32.7,33.5,33.5,33.4,32.9,32.7,31.7,33.9,32.8,32.8,32.8,33.4,34.1,32.7,33.6,33.1,33.8,33.2,33.2,33.5,33.3,32.9,33.3,34.5,33.0,33.5,32.5,32.8,32.7,32.6,33.3,33.2,33.1,33.0,32.1,33.8,32.8,32.4,32.7,33.0,33.1,32.0,33.1,32.9,33.7,32.6,32.3,32.9,32.0,32.1,32.9,34.2,33.1,33.4,34.2,33.6,33.6,33.9,33.7,33.7,32.9,33.0,33.1,31.9,33.2,33.9,33.2,34.5,32.9,33.0,32.5,33.5,32.8,33.3,32.1,33.2,32.8,32.6,33.1,33.2,33.0,32.6,33.3,33.9,33.7,33.9,33.5,33.9,34.2,34.0,33.3,33.5,34.2,33.2,33.5,32.3,33.2,33.2,33.2,33.3,33.5,32.8,33.6,32.2,33.4,33.3,33.6,33.1,32.4,33.0,34.4,33.3,32.7,32.5,33.6,33.8,33.5,34.2,34.7,34.1,34.3,33.9,33.9,34.2,32.7,33.2,32.6,32.3,32.9,32.7,32.7,33.1,33.0,33.6,32.9,33.9,33.0,32.9,33.4,32.9,33.5,32.2,32.8,33.3,33.5,32.3,33.2,34.1,32.9,34.1,34.3,33.3,34.4,34.6,34.5,33.7,34.5,33.6,34.2,33.5,33.5,32.7,33.6,33.6,33.7,32.5,32.9,32.8,32.9,33.0,33.0,31.9,32.7,33.4,33.4,33.2,32.4,32.4,32.7,34.0,33.3,34.0,34.3,33.1,33.8,34.1,33.8,32.8,33.5,34.1,34.2,33.5,34.0,32.9,33.5,33.6,32.6,33.0,32.7,33.7,33.4,32.4,33.2,33.2,33.3,33.0,33.3,33.2,33.0,33.6,34.5,34.5,32.6,32.6,34.5,34.1,33.0,33.6,32.7,34.5,33.6,32.5,34.6,34.5,33.5,32.9,34.3,33.8,34.0,34.8,33.7,32.3,33.0,33.7,33.5,33.7,33.2,33.2,33.6,32.9,33.8,34.1,33.8,33.5,31.9,34.1,33.9,33.5,33.5,33.8,34.1,33.3,33.4,33.2,34.2,34.4,33.8,34.7,33.5,33.9,31.5,33.4,32.9,33.6,33.3,33.5,33.4,33.8,33.4,32.8,31.1,33.4,33.2,33.2,33.7,33.7,33.2,32.5,33.0,33.9,34.6,33.7,34.2,33.9,33.3,32.8,33.9,33.7,34.8,33.8,32.9,34.7,32.6,32.7,32.4,33.3,32.8,33.1,33.3,33.1,33.1,33.1,33.3,32.9,34.0,nan,33.3,32.8,32.7,33.8,33.3,34.1,33.5,33.9,33.8,33.3,33.8,33.7,33.5,33.7,32.9,33.6,34.7,33.6,33.9,33.6,32.7,32.6,33.3,32.0,32.6,34.1,32.9,32.2,32.9,34.3,32.6,31.4,33.2,32.9,33.4,32.6,34.7,33.9,33.8,33.9,34.3,33.8,32.5,32.7,33.9,33.3,33.1,33.0,32.4,34.5,33.3,34.0,33.5,33.5,32.7,33.2,33.6,33.7,33.1,33.6,34.0,33.4,32.6,31.8,34.3,33.3,33.2,33.3,34.3,34.3,32.8,33.6,34.3,34.3,33.4,34.4,33.5,33.7,33.2,32.8,32.9,33.6,34.7,33.8,33.1,34.1,32.9,33.6,31.9,34.1,32.4,34.0,32.9,34.3,33.0,33.2,32.4,33.9,33.5,32.8,33.8,34.2,33.1,33.5,35.0,33.8,33.2,33.3,33.7,33.4,33.9,33.9,34.6,34.5,33.0,32.7,32.9,33.5,32.5,33.0,33.6,33.4,32.9,33.6,33.3,33.5,32.6,33.8,33.8,33.8,33.8,33.3,32.4,32.8,32.9,32.9,34.5,33.8,33.5,33.7,33.2,34.4,33.4,34.1,33.8,33.9,33.9,33.8,33.9,34.1,34.2,33.6,33.5,32.9,33.6,34.0,33.0,34.2,33.6,33.3,32.5,32.8,33.4,33.0,33.8,34.5,34.0,33.3,34.1,34.1,33.7,33.8,34.0,33.2,33.2,33.4,34.2,34.9,32.6,34.5,34.0,34.0,33.5,34.2,34.0,34.1,33.1,33.6,33.1,34.0,33.0,33.5,33.1,33.1,32.3,32.1,34.2,33.7,32.9,33.5,33.8,33.4,34.2,34.5,33.2,34.1,33.0,34.9,34.3,33.5
1785306347.8222353,1913,33.9,33.4,33.8,33.6,33.7,32.9,33.1,33.1,33.5,33.0,32.4,32.9,33.5,33.6,32.5,32.6,33.1,33.6,32.9,33.6,32.9,33.2,32.4,34.1,32.5,33.5,33.8,33.4,34.5,33.7,33.1,33.4,32.9,33.7,33.5,33.4,33.7,32.2,32.2,33.1,33.1,32.7,33.3,32.7,33.5,33.1,32.9,33.2,33.5,33.4,32.3,33.3,33.8,33.4,32.8,34.5,33.6,32.7,32.5,33.8,33.1,33.0,33.5,34.4,33.1,33.9,33.4,34.0,33.4,33.1,33.5,34.0,32.4,33.2,32.8,33.4,32.7,33.6,32.5,33.5,33.1,33.2,32.5,33.0,32.7,33.5,33.5,33.3,32.5,33.4,33.3,32.9,33.0,33.3,33.0,34.1,34.1,34.3,34.1,33.1,33.4,32.9,33.3,32.6,33.6,33.7,32.7,33.1,32.8,32.4,32.8,32.8,32.8,32.9,32.9,33.5,34.1,33.0,33.1,32.9,33.5,32.9,33.3,33.9,33.9,32.6,32.8,34.7,33.5,33.5,33.5,33.5,33.3,33.6,33.4,33.1,33.7,32.9,32.8,33.4,32.8,33.3,33.1,33.6,32.9,33.0,33.3,32.8,33.5,33.3,32.9,33.0,33.3,33.7,33.4,33.5,33.8,33.7,33.8,33.9,34.4,32.2,32.4,33.7,34.5,33.8,33.4,32.8,33.1,32.8,33.6,33.5,33.3,33.1,33.1,33.5,33.3,32.9,33.0,33.4,33.7,33.1,34.1,33.7,33.7,32.9,33.6,34.4,33.2,34.1,33.4,33.5,33.3,33.0,33.0,34.0,33.4,33.7,32.6,32.4,32.9,34.0,33.3,34.2,33.2,33.3,32.6,32.8,32.7,32.9,33.6,35.0,35.2,33.3,32.7,33.6,32.6,33.4,32.8,33.1,33.1,33.4,34.6,34.4,33.6,32.5,32.2,33.0,33.6,32.8,33.2,32.4,32.9,33.4,33.8,33.3,33.2,33.3,33.2,33.5,33.1,33.0,33.2,34.7,33.6,33.3,33.6,33.3,32.4,33.4,33.7,33.5,34.4,33.0,33.7,33.7,32.8,33.8,33.3,32.6,32.7,33.7,33.1,33.3,33.4,33.5,32.9,33.4,33.0,33.8,33.8,34.1,33.1,34.3,34.2,33.3,34.1,33.5,33.8,33.8,33.3,33.7,33.8,33.7,33.2,33.5,33.8,33.2,33.9,32.3,32.7,34.1,34.2,33.8,33.4,33.7,32.7,33.4,33.5,33.3,33.1,32.7,33.2,33.9,33.1,32.9,33.4,34.5,34.4,33.2,33.2,33.9,33.5,34.3,33.6,33.3,33.5,33.1,34.0,34.0,33.4,33.6,33.4,34.4,33.1,33.6,33.0,33.6,32.7,33.9,33.5,33.4,33.3,33.7,33.1,32.9,33.3,33.7,34.1,34.4,34.8,34.3,34.4,33.3,33.8,33.8,33.1,33.3,33.3,33.4,33.1,34.7,32.6,33.4,33.0,33.3,33.3,33.3,32.9,32.7,33.1,33.6,32.2,33.2,33.5,33.4,33.4,33.4,34.4,33.4,34.0,34.2,34.9,35.0,34.5,33.8,34.3,32.8,33.1,33.1,34.1,33.7,32.4,32.8,33.7,33.8,33.0,32.9,33.1,34.0,33.6,32.3,33.2,33.6,33.4,33.5,33.0,33.4,33.5,33.7,34.1,34.5,34.4,33.4,34.5,34.5,33.9,34.2,33.4,33.2,33.8,33.6,33.1,33.6,33.3,33.3,33.5,33.4,33.8,33.9,33.8,33.1,33.6,33.4,33.7,32.7,33.5,33.4,33.6,32.8,33.5,33.1,33.5,33.6,34.4,34.2,34.9,34.4,34.2,32.7,35.2,33.3,34.3,32.9,35.0,32.4,33.8,32.9,33.3,33.8,33.2,32.6,32.8,33.9,32.5,33.7,32.6,33.0,33.4,33.4,33.5,34.7,33.3,32.9,32.6,32.3,33.8,33.4,34.4,34.7,33.4,33.5,33.8,34.0,32.8,33.6,33.5,34.0,33.9,34.1,34.4,34.9,32.9,33.4,34.4,33.3,33.0,33.8,33.4,33.3,32.9,32.7,34.0,32.6,33.0,33.1,33.5,33.6,34.2,34.1,33.6,33.9,34.2,34.7,33.9,33.8,33.1,33.5,34.0,33.9,33.4,33.4,33.6,33.4,33.2,33.4,33.2,32.7,32.6,32.7,33.0,33.6,32.8,33.3,33.0,33.4,33.3,33.4,33.8,33.7,33.5,34.4,33.8,34.0,33.9,33.8,33.9,33.3,33.5,33.1,34.0,34.9,34.5,34.7,34.1,33.2,33.0,34.0,33.1,34.3,32.4,33.2,33.4,33.5,34.6,33.5,33.7,nan,33.3,32.8,33.8,33.5,33.9,33.4,33.9,33.7,33.7,34.2,33.4,33.6,33.7,33.3,33.5,33.5,34.6,34.7,33.4,32.8,33.0,34.7,33.6,33.8,32.7,34.1,33.7,33.9,33.7,34.3,33.0,33.7,33.5,34.0,32.8,34.2,33.3,33.4,33.3,34.9,33.9,33.6,33.7,33.6,34.4,33.4,34.0,35.2,33.5,34.1,33.7,33.9,34.5,33.5,33.7,32.8,32.5,33.8,33.4,33.2,33.1,34.2,34.0,32.6,32.6,33.0,33.2,33.9,33.5,34.0,34.0,33.7,33.9,33.7,34.3,32.7,33.6,33.2,32.8,34.1,34.5,34.5,34.5,34.2,34.3,33.5,32.8,33.8,33.5,34.1,32.9,33.1,33.9,34.1,33.2,33.0,33.6,32.8,33.5,33.2,33.7,33.8,33.9,33.5,34.6,33.6,33.5,34.0,34.0,34.7,34.6,34.4,33.6,34.5,34.3,33.7,33.3,33.8,34.4,32.9,33.2,33.7,33.5,33.9,33.8,32.4,34.1,33.9,33.1,33.8,33.8,33.6,34.3,33.8,33.8,33.0,33.7,32.8,33.7,34.1,33.4,33.6,35.1,33.6,35.3,34.7,34.0,34.2,33.8,34.3,33.3,34.0,33.6,34.1,33.7,34.1,33.7,33.4,33.2,33.8,34.3,32.9,33.0,33.3,33.3,34.5,32.8,34.5,34.8,33.9,34.6,34.7,33.1,33.3,35.3,34.4,32.7,34.4,34.5,34.4,34.2,33.4,33.9,33.7,33.2,34.1,33.5,34.6,34.0,32.5,33.5,33.8,33.1,33.2,33.1,33.4,33.6,33.6,34.3,33.2,33.6,34.8,34.5,34.2,33.6,33.4,33.2,33.9,34.5,34.8
1785306349.8955748,1914,32.2,33.2,33.2,33.9,32.0,32.5,33.2,31.8,32.4,32.4,32.7,33.3,32.8,33.2,33.4,33.2,32.7,32.7,33.3,33.0,32.6,34.0,32.9,32.9,32.8,33.3,33.8,32.9,33.5,32.4,34.3,32.4,32.9,32.5,33.8,33.5,32.6,31.7,33.1,33.8,32.7,32.6,33.2,32.8,32.6,32.2,33.6,32.8,33.0,32.3,32.5,34.1,32.5,31.8,32.8,33.8,33.8,31.8,33.4,32.9,34.2,32.3,32.8,33.1,32.7,31.5,33.8,32.7,31.4,32.7,33.6,32.6,32.9,32.4,32.1,33.1,32.7,33.1,33.6,33.3,32.6,32.5,33.1,33.2,32.8,32.7,32.7,32.2,32.2,33.2,33.4,33.1,33.4,32.8,33.9,33.7,31.9,34.0,33.4,33.9,32.3,32.2,33.3,33.5,32.3,32.2,31.8,33.5,32.5,31.6,32.7,32.4,32.6,32.9,33.8,32.9,31.7,33.2,33.5,33.4,33.5,33.3,32.5,34.0,33.3,32.7,33.3,33.3,33.4,32.6,34.7,33.3,32.4,33.0,33.1,34.1,32.7,32.4,33.3,32.8,32.7,32.6,33.2,33.3,33.3,32.8,32.9,33.6,32.4,33.3,33.3,32.7,32.5,33.3,33.0,34.1,32.9,33.7,33.3,32.8,32.8,32.3,34.6,33.2,32.9,33.0,32.6,34.0,32.4,32.7,33.6,34.1,33.0,33.1,32.8,33.0,32.2,31.5,32.6,34.2,33.2,33.0,34.1,33.6,33.0,32.7,33.4,34.1,33.6,33.0,33.6,33.8,32.1,33.0,33.3,32.8,32.6,31.9,33.6,32.7,32.8,33.0,33.2,32.4,32.7,32.5,34.0,34.3,31.5,33.4,33.9,34.8,34.0,33.2,32.7,33.5,32.7,32.7,32.9,33.0,31.5,32.7,33.6,34.2,32.0,31.6,33.4,32.9,32.7,32.1,33.5,32.9,32.9,32.4,32.8,33.5,32.3,31.9,33.1,32.9,31.7,32.1,34.4,34.7,34.1,33.9,33.1,33.0,32.6,33.4,33.3,32.5,33.9,33.7,32.7,33.0,32.2,32.3,33.0,33.2,33.2,33.0,33.3,34.4,33.8,32.0,32.4,32.8,32.7,32.9,33.5,33.0,33.8,32.4,34.6,34.0,33.7,33.4,33.8,33.7,33.1,33.7,33.3,33.4,32.4,33.0,33.9,33.8,32.0,31.7,33.7,32.4,32.8,32.9,32.9,33.9,32.2,32.0,32.8,33.7,32.6,32.0,32.9,33.4,32.1,32.8,34.5,33.9,34.1,33.5,33.8,34.1,33.4,33.0,33.6,33.9,33.5,32.1,33.6,34.1,32.9,32.6,33.3,34.0,32.7,32.7,32.1,33.8,33.3,34.0,33.4,32.9,33.2,32.6,33.5,34.2,32.9,33.3,35.3,35.2,34.0,34.0,33.1,33.5,32.7,32.7,32.8,33.5,33.0,32.8,33.2,34.3,32.4,32.2,32.4,33.4,32.2,32.5,33.6,33.1,33.3,32.0,33.4,33.9,33.8,32.2,33.9,33.5,33.8,33.5,34.4,34.9,33.1,34.3,33.8,33.6,33.7,32.7,33.3,33.2,32.5,32.9,34.2,33.2,33.4,33.4,33.7,34.5,33.0,33.1,33.6,32.7,33.0,32.2,33.6,33.5,32.7,32.9,33.2,33.1,33.7,33.7,34.5,33.8,34.4,34.1,34.2,33.7,33.5,32.5,33.0,33.3,33.7,33.4,33.6,33.7,32.7,31.9,33.6,33.1,32.3,32.6,32.8,33.3,33.9,32.2,33.5,33.3,32.7,33.0,32.2,33.8,33.0,33.5,33.9,34.3,33.6,33.5,33.8,34.0,33.7,32.6,33.3,33.7,32.1,32.7,33.6,34.4,32.8,33.2,34.3,33.9,32.7,32.3,33.7,33.2,33.1,32.7,32.9,33.0,33.2,32.8,33.7,34.1,33.1,32.3,34.5,34.5,33.7,33.6,34.0,33.9,32.1,33.5,33.6,33.2,32.8,33.0,34.8,33.7,32.3,34.0,33.7,34.1,32.4,32.9,33.5,34.4,32.9,32.7,32.8,34.3,32.8,33.0,33.6,33.5,32.4,32.9,33.9,34.2,33.3,32.9,33.9,34.5,32.2,32.9,33.5,34.1,33.4,32.7,34.8,33.5,32.6,32.3,35.1,33.6,32.9,33.3,33.4,33.7,33.8,32.9,32.8,33.0,32.7,32.7,33.2,34.2,32.4,33.2,34.3,34.4,33.4,34.1,33.8,33.8,33.5,33.1,33.0,34.0,33.4,33.2,34.6,34.3,32.4,32.0,32.0,34.1,33.7,32.2,33.1,33.6,32.9,32.9,31.9,33.8,33.0,nan,33.1,33.6,33.3,31.9,33.3,33.8,33.3,33.5,33.7,34.6,32.9,33.4,33.5,33.9,32.5,32.7,34.4,34.6,33.3,33.4,33.8,33.6,33.3,33.7,34.6,34.3,32.7,32.6,33.8,33.8,33.1,33.9,34.0,33.7,32.7,32.2,34.5,34.1,33.2,32.6,33.6,34.2,33.3,34.0,33.4,33.4,33.1,33.0,33.6,33.5,32.4,32.8,33.9,34.0,31.6,32.3,33.6,33.7,33.4,32.0,33.6,33.9,33.2,32.7,32.8,33.6,33.0,33.0,33.5,34.4,32.3,32.6,34.4,35.0,33.4,33.3,34.4,33.7,33.0,33.2,34.1,33.8,33.5,34.0,33.3,33.1,31.7,32.8,32.6,33.4,32.9,32.0,33.6,33.6,33.3,33.4,33.8,33.2,33.7,33.2,34.1,33.7,33.3,33.2,35.1,33.8,33.3,33.8,34.3,33.4,33.7,33.1,34.1,33.8,33.4,32.3,33.9,33.9,33.3,34.0,32.6,34.3,33.4,32.5,32.8,33.7,32.8,32.4,32.9,34.4,33.3,32.3,33.8,34.2,33.4,32.7,34.4,34.3,33.0,33.5,34.2,34.4,33.3,32.9,33.4,34.6,33.7,33.3,33.7,34.3,32.6,33.2,34.1,32.9,32.9,34.0,34.3,33.8,32.9,33.1,32.9,33.8,32.6,33.3,34.3,34.5,33.3,33.3,34.3,33.7,33.9,33.8,34.8,34.7,33.4,33.6,34.8,35.4,32.9,33.6,33.8,33.8,33.1,32.6,32.6,33.8,32.7,32.7,34.0,33.8,32.6,32.8,32.9,32.8,33.3,32.0,33.8,33.5,33.4,33.8,33.6,34.2,33.6,32.6,35.0,33.7,33.8,33.8,33.6,33.7
1785306352.0130696,1915,33.6,34.5,32.7,32.9,32.2,32.7,33.7,33.1,32.6,32.4,32.1,33.3,31.3,33.8,32.2,33.6,32.7,32.9,32.4,33.4,32.2,33.2,32.3,32.9,32.2,32.0,33.1,33.4,33.2,32.1,33.3,33.9,32.9,33.3,33.5,32.3,31.3,32.8,32.5,32.8,32.9,31.8,32.8,32.8,32.4,33.0,34.0,32.6,32.4,31.9,33.4,32.3,32.1,32.9,32.6,33.0,32.6,32.6,32.5,32.2,31.8,32.3,33.1,33.3,31.4,34.4,31.4,33.1,32.5,32.3,33.4,32.8,31.9,32.6,32.3,32.5,32.2,32.0,32.8,33.0,32.4,32.6,32.2,33.9,32.8,32.7,33.6,33.5,33.4,32.8,33.0,33.5,32.3,32.8,33.7,33.9,33.9,32.1,32.9,33.0,31.9,33.0,33.7,33.3,33.4,32.0,33.5,33.5,32.8,33.0,32.8,33.1,32.4,33.1,32.5,32.2,31.9,32.2,32.8,32.3,32.3,32.2,33.5,33.2,32.4,31.6,33.5,32.8,32.2,33.3,32.8,33.7,32.4,32.4,32.9,32.8,32.5,32.6,33.8,33.0,32.0,33.4,32.7,32.9,33.3,33.0,33.0,33.5,33.7,33.6,32.8,33.2,33.0,33.3,32.8,34.4,32.5,32.9,33.1,33.2,33.9,32.3,33.3,33.0,32.7,33.4,33.0,33.3,32.9,33.0,33.7,32.9,33.0,32.5,33.1,32.5,32.4,32.0,32.8,34.2,32.8,33.8,33.0,32.6,32.5,32.5,33.6,33.5,31.6,33.2,31.9,34.0,33.0,34.3,33.1,33.8,32.8,32.6,33.8,33.6,33.1,32.3,32.7,33.6,32.2,33.0,32.8,33.5,32.3,32.6,33.9,34.8,34.0,33.3,33.9,33.6,32.0,32.2,33.1,33.3,33.2,33.0,32.6,33.6,32.4,32.7,33.2,32.7,32.5,31.9,32.6,31.2,32.2,33.1,32.9,33.3,32.9,31.7,33.2,33.1,32.3,32.5,33.7,34.9,34.1,33.0,32.5,33.2,33.1,32.7,33.9,33.3,33.3,33.3,32.7,33.6,31.4,31.8,32.4,33.6,32.3,33.2,31.9,33.2,32.8,33.4,32.9,33.6,32.6,32.6,32.6,33.2,32.6,33.1,33.8,33.7,33.2,33.7,33.7,32.8,32.4,33.8,32.9,33.6,32.3,33.1,33.5,33.8,32.0,32.4,34.1,32.2,32.8,32.9,33.9,32.7,32.5,32.8,34.0,32.9,32.6,32.6,32.9,32.8,32.0,32.5,34.5,34.4,34.1,33.8,33.8,34.1,33.3,32.7,34.0,33.9,32.8,33.0,34.2,33.1,32.9,33.2,33.1,34.0,32.5,33.8,32.6,33.9,33.3,33.0,32.7,33.0,32.4,32.6,33.5,33.1,32.6,33.7,34.3,34.5,33.6,34.3,34.1,34.3,33.4,33.2,33.5,33.5,33.6,33.0,32.8,34.3,32.8,32.2,34.2,32.6,32.2,32.4,33.2,32.8,33.2,32.7,32.0,32.8,33.0,32.7,33.7,32.3,33.5,33.9,35.0,34.3,34.1,34.3,34.0,34.7,32.5,33.6,33.5,33.2,32.7,32.3,32.1,33.2,32.1,31.7,33.1,33.3,32.6,32.6,32.8,33.5,33.0,32.0,33.1,32.6,32.4,32.9,33.6,33.6,34.0,34.3,34.3,35.0,33.9,33.9,33.8,34.2,33.3,32.5,33.4,34.0,33.2,33.2,33.2,33.7,32.2,32.7,33.4,33.1,32.8,32.6,32.6,33.1,32.9,32.4,32.9,33.1,32.7,32.2,33.8,34.0,33.3,32.1,33.8,33.3,33.3,33.3,34.4,32.8,33.2,32.9,33.6,33.2,33.2,32.5,33.0,33.2,33.2,33.2,33.7,34.3,32.7,33.1,32.8,33.7,32.6,33.1,33.0,32.9,32.6,33.1,33.4,33.4,33.3,33.4,33.7,34.4,32.9,33.4,34.7,33.2,32.8,33.0,33.6,34.1,32.8,33.2,34.9,33.7,32.3,32.4,33.7,32.4,32.1,32.9,33.3,32.8,32.6,33.0,33.1,32.4,33.2,33.0,33.1,32.4,32.8,33.0,34.2,33.9,33.1,33.5,33.4,33.8,32.9,32.7,33.3,34.8,32.5,33.3,33.2,33.9,33.2,32.8,32.7,33.2,32.0,32.5,33.2,33.9,33.1,33.3,32.8,32.5,33.8,32.9,32.5,33.1,33.0,33.2,33.7,34.2,33.7,33.9,34.0,33.7,33.5,33.5,33.5,32.0,33.0,33.2,33.6,33.5,33.2,32.5,33.2,33.3,32.5,31.8,33.5,32.9,32.5,33.1,33.1,32.9,32.0,nan,32.9,32.2,33.0,32.9,33.9,34.0,33.4,34.1,33.1,33.4,31.9,33.7,33.8,32.3,32.9,33.0,34.0,33.4,32.8,32.5,33.3,33.6,33.0,33.3,33.2,34.1,31.9,33.6,34.0,34.2,32.9,33.4,32.7,33.2,33.5,32.7,34.0,33.4,32.9,33.4,33.4,33.8,32.7,33.4,34.1,33.2,32.9,33.9,34.6,33.9,33.4,33.6,33.9,33.2,32.9,33.8,33.4,33.2,32.4,32.5,33.3,33.2,32.9,32.3,33.5,33.4,32.5,33.2,34.1,33.4,32.6,33.5,34.4,33.6,33.0,32.2,33.3,33.9,33.8,33.0,33.5,33.2,33.5,34.0,34.2,33.5,32.9,33.4,32.3,33.5,33.1,32.7,33.6,33.8,33.1,33.9,33.5,33.5,32.4,32.5,33.6,33.2,33.8,33.5,34.2,33.3,32.7,33.0,33.7,34.0,33.3,33.6,32.2,33.8,33.2,33.8,34.2,34.5,33.8,32.8,33.5,34.1,33.2,33.2,33.3,33.4,32.6,33.8,33.6,33.7,32.8,33.1,33.8,34.2,33.6,33.3,33.2,33.8,32.4,32.8,34.0,33.9,33.3,34.3,33.6,33.9,33.0,34.0,34.3,35.2,32.8,33.4,33.5,34.6,33.2,34.0,33.6,34.0,32.9,33.8,33.4,34.0,32.6,32.9,33.9,33.1,32.5,33.3,34.1,33.5,34.1,33.7,34.8,33.3,32.8,33.3,33.9,34.9,33.8,34.1,34.2,33.6,32.9,33.2,33.5,33.6,33.3,33.0,32.6,33.3,33.0,33.3,33.1,33.1,33.1,33.7,33.6,34.1,32.3,32.8,33.9,34.5,33.0,33.2,34.2,33.5,33.2,33.4,33.8,35.3
1785306354.197618,1916,35.2,34.5,33.4,33.1,32.7,33.2,31.7,34.2,33.2,33.2,32.7,33.3,32.4,32.8,31.9,32.4,32.7,32.3,32.0,33.8,33.2,32.9,31.7,33.3,33.4,33.1,32.7,32.7,33.7,33.0,32.5,33.4,33.9,34.1,33.5,33.3,33.0,32.8,33.7,32.0,33.7,32.8,32.6,32.8,33.3,33.5,33.2,32.4,32.6,32.4,33.6,33.7,32.7,31.8,32.8,31.8,32.0,33.4,32.3,32.2,34.2,32.7,32.3,33.1,33.2,33.2,32.1,34.1,32.9,32.9,31.3,33.2,33.1,32.0,32.5,33.1,33.1,32.8,32.8,33.0,33.0,34.2,32.6,32.8,33.3,33.7,33.1,32.8,33.4,33.2,32.4,33.3,33.6,33.1,33.0,34.6,33.1,32.8,33.6,32.5,32.8,32.2,33.7,32.1,33.4,32.4,33.3,31.5,33.2,33.0,32.1,31.5,32.8,32.9,32.7,32.1,33.1,32.9,32.8,32.5,34.0,33.7,32.5,33.2,34.3,33.3,33.5,34.0,33.1,33.3,32.3,33.1,33.2,33.4,32.5,33.7,33.4,33.1,32.7,32.7,33.7,32.6,31.3,33.3,32.3,32.0,32.2,33.0,33.4,33.8,32.2,33.0,33.2,33.5,33.1,33.7,33.9,34.1,31.7,33.2,34.8,33.0,33.5,33.0,33.7,32.6,32.8,32.5,33.6,33.0,33.0,32.6,33.5,32.6,32.4,32.5,33.5,33.2,32.6,32.3,32.8,33.1,33.0,32.7,33.4,33.2,33.8,33.0,33.4,33.2,32.7,33.2,33.9,33.6,32.9,33.0,31.8,33.2,33.1,33.5,33.0,33.7,32.0,32.9,33.5,33.1,32.8,33.2,32.6,33.2,33.0,34.5,34.8,33.7,32.9,32.6,33.0,33.6,33.1,33.0,34.4,33.4,32.8,34.2,33.1,33.3,33.0,31.9,34.0,33.6,33.3,31.6,33.3,33.9,33.6,32.8,33.2,32.4,33.7,33.6,33.0,33.6,33.4,33.4,34.4,33.9,33.0,32.8,33.1,33.7,32.6,34.0,33.5,33.1,32.9,32.8,32.9,34.4,31.7,34.2,33.4,32.8,31.9,33.9,33.1,32.5,32.8,33.3,33.4,33.1,33.2,33.3,33.5,33.9,32.2,33.5,34.0,34.5,32.8,32.8,34.1,33.3,32.4,33.8,34.4,33.0,33.3,34.2,33.5,32.4,32.9,33.4,33.1,32.4,33.2,32.4,33.9,33.0,32.8,33.7,33.1,32.6,33.2,33.1,32.8,33.4,33.9,34.3,34.5,33.6,33.5,33.4,33.5,33.4,34.0,32.4,33.5,33.2,33.6,33.5,33.1,34.4,33.3,33.4,32.1,34.0,31.7,33.1,33.5,33.1,32.6,32.7,33.5,32.8,33.0,33.1,34.0,33.9,33.8,34.2,35.0,34.7,33.5,33.5,34.1,33.5,32.3,33.0,34.1,32.8,32.8,33.9,33.9,33.1,33.2,33.0,32.8,33.0,32.9,33.1,33.7,32.8,33.5,33.4,34.1,32.3,33.4,32.7,33.6,33.1,35.0,34.1,34.2,33.6,33.8,33.6,33.2,33.6,33.6,32.8,33.1,34.2,32.7,33.8,32.6,33.2,32.3,33.3,32.8,33.6,32.3,33.4,34.0,33.0,32.6,33.8,33.5,33.2,32.9,33.7,33.6,34.2,33.5,34.1,35.2,34.7,33.9,34.3,33.1,33.7,33.5,32.9,33.0,34.3,32.4,34.1,33.7,33.1,33.2,32.9,33.4,34.1,33.3,33.3,33.4,32.9,32.9,32.9,33.5,32.7,33.1,33.0,34.1,34.5,34.4,34.3,35.0,34.3,34.7,33.5,34.5,33.1,34.0,32.8,33.6,33.4,32.8,33.4,34.3,35.3,33.5,33.9,33.6,34.0,33.3,33.9,33.8,32.5,33.0,33.5,33.2,33.6,33.2,32.8,33.8,34.2,34.2,34.5,34.0,34.7,33.3,34.0,33.3,33.5,33.4,34.5,33.2,32.9,33.6,32.7,34.0,33.2,33.3,32.0,32.3,33.2,33.3,33.0,34.2,34.0,33.1,32.6,34.3,33.5,32.6,33.0,33.6,33.0,35.3,34.3,34.7,34.5,34.2,33.3,33.9,33.0,33.8,32.3,34.0,32.9,33.8,33.5,32.6,34.0,32.5,34.2,32.4,33.1,32.5,34.1,33.9,34.1,31.6,33.0,33.3,32.9,33.0,32.9,33.2,33.9,33.2,34.5,34.2,34.4,33.2,34.0,34.2,32.8,33.7,33.8,33.9,33.5,32.8,33.7,33.6,33.5,32.6,33.1,34.4,32.9,33.6,31.9,33.6,33.1,33.2,32.9,33.7,nan,33.3,32.0,34.0,32.7,32.9,34.2,33.8,33.8,33.9,34.1,33.1,33.2,33.8,33.2,33.8,34.0,33.4,32.8,35.0,32.8,32.3,32.4,33.9,34.6,32.8,33.9,34.0,33.3,33.8,34.0,33.1,33.5,32.9,33.4,32.4,33.5,32.5,34.2,33.9,34.6,34.1,34.0,34.0,33.3,33.0,34.2,34.0,33.9,33.0,34.7,33.9,33.4,34.7,32.4,32.9,33.4,33.1,33.0,33.1,33.1,33.3,34.1,32.4,33.0,33.0,33.3,34.3,33.8,34.0,32.7,33.5,34.6,32.9,32.9,33.6,33.9,33.6,33.1,34.0,33.2,33.9,33.8,34.4,33.6,31.0,34.7,33.9,34.4,33.7,33.9,32.9,33.9,33.5,33.3,33.7,33.7,32.9,34.0,33.7,33.3,33.3,33.5,33.6,34.6,34.5,34.0,34.2,33.8,33.3,34.0,34.3,33.0,33.1,34.9,33.9,34.7,33.9,33.3,33.7,33.2,33.5,33.4,33.4,33.2,33.3,33.2,33.1,33.5,34.3,33.5,33.6,33.1,33.9,33.2,33.9,33.6,34.4,33.2,33.5,33.7,33.4,34.2,32.9,34.3,34.2,35.0,33.9,33.5,32.6,33.7,34.0,34.5,32.3,34.4,33.8,34.3,34.2,34.5,33.4,33.8,32.4,33.7,33.3,33.8,33.8,34.0,33.3,33.7,33.2,34.1,33.8,33.9,33.6,33.7,34.6,33.8,32.8,34.9,34.2,32.5,34.6,33.3,33.1,33.8,34.1,33.0,34.6,33.2,34.0,34.0,34.7,33.7,33.5,32.1,33.1,33.2,34.0,33.7,33.8,34.2,33.9,33.6,34.2,33.9,33.2,33.3,34.2,34.9,34.1,34.4
1785306356.431015,1917,33.9,32.6,34.5,33.1,32.3,32.1,32.7,33.7,32.1,32.8,32.8,33.5,32.7,32.3,32.3,32.8,32.6,32.5,33.6,33.2,32.2,32.1,32.8,33.1,32.9,33.1,33.4,33.4,33.1,33.5,32.4,33.4,32.6,33.2,33.8,34.1,32.6,32.5,33.1,33.7,32.5,33.3,32.6,31.7,33.1,33.4,33.4,33.1,32.6,32.4,33.8,33.1,32.3,32.3,32.8,32.2,31.8,33.5,33.6,33.4,32.9,32.4,32.8,33.7,32.6,33.2,32.5,32.4,32.3,33.1,32.9,33.4,33.4,33.0,32.9,32.3,31.8,32.6,32.9,33.1,32.7,32.1,33.2,32.3,32.9,33.4,33.0,32.8,33.3,33.0,33.3,33.1,33.7,32.8,33.1,33.9,32.6,33.4,32.9,34.0,32.8,32.7,33.3,33.4,32.1,31.5,32.0,32.7,33.2,33.0,32.8,32.3,32.3,32.5,32.4,33.0,32.6,32.3,33.3,33.3,32.9,33.1,33.7,33.3,32.6,33.2,32.8,33.6,33.5,32.4,33.7,33.3,33.3,32.8,33.4,33.1,33.0,32.2,33.0,32.3,32.3,33.6,33.8,32.8,32.9,32.6,32.8,32.8,32.8,33.3,33.6,33.4,32.9,32.2,33.1,33.5,33.0,33.5,33.2,33.7,33.0,32.4,34.6,33.5,32.7,32.9,33.0,33.2,32.7,33.3,32.7,32.7,32.6,32.4,33.3,33.3,33.2,32.8,33.0,33.4,33.0,33.7,33.0,33.4,33.4,32.4,34.0,34.0,33.6,33.9,33.6,34.4,33.5,33.0,32.6,34.0,33.1,33.6,33.2,33.5,33.4,32.8,32.8,33.6,32.6,33.8,33.1,32.8,32.8,32.9,34.2,33.9,35.2,33.3,33.4,32.6,32.6,32.6,32.8,33.0,33.0,32.3,33.5,32.7,32.4,31.9,33.6,32.8,31.7,32.8,33.5,33.7,32.6,33.5,33.3,33.4,32.3,32.0,32.6,33.2,32.3,32.6,33.7,35.0,34.7,33.5,32.8,33.4,32.4,33.1,33.5,33.4,32.7,33.2,31.8,32.9,32.6,32.3,33.1,33.6,32.9,33.2,32.9,33.2,32.4,32.7,32.5,33.6,32.8,33.1,32.8,33.8,32.5,33.1,33.4,33.8,33.9,33.5,32.8,33.7,32.9,32.8,33.1,33.9,33.2,33.0,33.0,34.2,33.0,33.5,32.5,33.5,31.8,33.8,32.9,33.3,33.4,32.9,32.6,34.0,32.8,33.2,32.7,33.4,32.5,33.2,34.2,34.0,33.6,33.6,33.7,33.7,32.8,33.1,34.1,33.3,32.4,34.0,33.8,33.4,32.8,32.1,33.2,33.4,32.4,33.6,32.3,33.2,33.2,32.3,33.2,33.4,32.2,32.8,32.8,33.6,33.0,33.7,34.4,33.7,34.3,33.7,33.9,34.3,33.2,32.7,33.6,33.0,33.3,33.4,33.3,33.3,33.3,32.5,32.8,34.1,32.6,33.3,32.0,33.2,32.9,32.3,32.9,33.4,33.3,32.1,32.6,33.7,32.8,33.7,34.2,34.4,32.8,33.9,33.7,34.2,33.7,33.3,32.8,33.3,34.1,33.5,33.4,33.5,33.3,33.4,33.4,33.1,34.0,33.3,33.3,32.8,32.7,32.5,33.7,33.5,33.2,32.9,33.5,33.2,33.4,33.1,34.6,34.7,33.7,33.9,34.3,33.3,33.1,32.7,34.0,33.6,33.8,32.3,34.1,33.7,33.3,33.0,32.8,33.0,32.7,33.1,33.3,32.6,32.9,33.2,32.9,33.0,32.4,33.1,33.1,32.5,33.1,33.3,33.5,34.8,34.3,33.1,34.1,34.1,34.0,33.3,34.0,34.3,32.1,33.2,32.4,32.9,33.5,33.2,33.2,33.0,33.8,33.0,34.2,34.6,32.9,32.0,33.3,33.5,33.5,32.6,33.2,33.2,33.7,33.6,34.1,34.4,34.1,34.4,34.3,34.7,33.6,32.5,32.8,33.4,33.8,31.9,33.1,33.7,31.9,33.1,33.3,33.2,32.3,33.0,33.5,33.4,32.9,33.1,33.1,33.7,33.2,33.3,33.0,33.3,33.8,34.2,35.0,34.0,33.0,33.8,35.1,33.6,33.4,34.2,32.9,35.1,33.2,33.8,34.4,33.4,34.0,32.8,34.1,33.8,32.9,33.5,33.3,33.2,33.5,33.1,33.1,33.2,33.8,32.7,33.8,33.4,33.3,33.2,34.1,33.9,33.6,33.2,34.1,33.5,33.6,32.8,33.7,34.0,32.3,33.2,33.1,33.7,32.8,32.4,33.4,33.0,32.2,33.4,33.6,32.7,32.5,33.0,33.7,33.4,32.4,nan,33.4,33.3,32.5,33.1,33.9,34.3,32.8,34.2,34.1,34.2,33.2,33.3,33.5,33.7,32.4,32.6,34.0,34.3,32.7,33.4,33.9,33.8,32.9,32.9,32.9,33.7,33.0,32.2,33.2,34.0,32.2,33.2,33.2,33.2,33.3,33.4,34.0,34.1,33.6,33.2,33.9,33.6,33.2,33.3,34.6,34.4,33.2,33.7,33.5,32.9,33.2,33.9,33.5,34.1,33.1,34.1,33.2,32.7,33.6,33.2,33.1,33.0,32.5,32.5,33.5,32.9,32.0,33.0,33.1,34.0,32.8,33.6,33.9,33.7,32.8,32.2,33.4,33.8,34.0,34.1,33.9,33.9,33.2,34.0,33.0,34.9,33.4,32.8,33.3,33.6,32.9,32.9,33.9,34.3,34.3,32.9,34.1,33.3,32.8,32.3,33.2,33.9,32.9,33.4,34.6,32.9,32.8,34.3,33.8,34.0,33.8,33.4,34.3,34.0,33.0,33.3,33.5,32.6,32.3,33.1,33.3,34.4,31.9,33.0,32.9,34.2,32.6,33.4,32.9,33.6,32.6,33.1,33.2,33.3,33.6,33.2,35.8,33.5,32.8,33.2,34.3,33.6,32.9,33.2,34.7,34.5,32.9,32.8,33.8,34.3,34.3,33.6,33.2,33.9,33.2,32.9,33.3,34.2,33.4,32.7,33.9,33.7,33.7,31.7,33.9,33.3,32.8,33.3,33.7,33.7,33.7,34.1,34.1,33.5,33.1,33.3,34.1,34.4,32.8,32.8,34.4,34.5,33.5,33.1,32.8,34.3,32.7,33.3,32.6,33.8,33.5,33.4,33.3,32.9,33.7,33.1,33.6,34.3,33.3,33.2,33.9,34.5,32.8,33.8,34.2,34.0,33.2,33.7,33.2,35.0
1785306358.5910628,1918,33.6,32.9,32.9,33.4,32.4,32.5,32.4,33.3,32.0,32.8,32.3,32.5,32.1,32.3,33.2,33.2,33.0,32.3,32.6,34.5,32.8,33.4,33.8,33.1,32.2,34.3,33.5,33.2,33.2,32.8,33.3,34.2,33.1,33.3,33.0,32.3,32.8,32.1,32.7,33.4,33.9,34.1,33.0,32.6,33.7,31.5,32.7,32.8,34.2,32.8,32.9,33.9,33.6,32.4,32.6,33.2,33.4,33.0,33.8,33.1,33.1,31.8,32.8,32.3,33.0,33.5,32.4,33.1,32.2,32.7,32.0,32.7,32.3,33.5,32.8,33.6,32.2,33.1,33.3,33.1,33.1,32.8,32.8,32.1,32.8,32.9,32.1,34.1,33.0,33.0,33.0,33.1,32.7,32.4,32.9,34.1,34.4,32.1,32.5,33.2,33.6,32.2,32.7,33.1,33.0,32.7,31.7,32.4,33.4,32.5,32.5,32.7,32.9,33.4,32.7,33.3,33.3,32.4,33.0,33.0,33.3,33.7,33.5,34.4,34.5,32.7,33.3,34.0,33.6,32.6,34.1,33.7,33.4,33.2,33.1,32.8,32.5,32.6,32.7,32.8,32.9,32.9,32.8,32.4,33.6,32.6,32.7,33.6,33.1,33.4,33.1,34.6,32.4,33.2,32.6,32.7,32.7,34.1,32.0,34.8,33.0,31.8,32.2,32.8,31.9,33.4,32.6,32.3,33.6,33.0,33.0,32.6,33.1,32.8,33.0,33.2,32.0,32.5,33.1,33.2,33.5,32.8,33.0,33.6,33.7,33.7,32.4,32.8,32.8,32.0,34.3,32.7,32.8,33.2,33.1,33.4,33.0,34.3,32.7,33.1,32.6,33.0,32.5,32.9,32.6,32.5,32.3,32.5,32.7,32.6,33.3,32.9,33.7,34.3,32.1,33.6,32.7,33.6,32.7,34.1,33.0,33.4,34.1,33.8,33.8,33.3,32.8,32.9,33.5,32.3,32.6,32.7,32.9,32.4,34.1,32.7,33.9,31.9,32.6,32.4,32.5,32.6,32.6,32.3,34.6,34.7,34.7,34.2,33.8,32.7,33.7,32.7,34.1,32.3,33.5,33.6,32.9,33.1,33.4,34.6,32.4,33.2,33.0,33.4,32.1,32.9,33.1,32.8,32.9,32.7,33.2,33.5,32.4,32.8,32.8,32.5,32.9,34.7,33.3,33.5,32.7,33.5,32.9,34.7,33.1,33.7,33.7,33.8,33.3,31.7,33.3,33.8,32.8,32.4,32.9,32.9,33.0,32.0,32.8,33.0,33.6,33.3,33.4,33.8,32.6,33.3,33.9,33.6,33.8,34.1,34.7,33.8,34.2,33.5,34.1,33.3,33.4,33.0,33.0,33.1,32.3,33.2,33.5,34.0,32.3,32.9,33.1,33.4,33.6,34.5,33.3,32.9,33.0,33.2,32.5,33.1,33.5,33.7,34.2,33.9,34.2,34.2,33.6,34.0,33.8,33.9,32.8,33.3,32.6,32.7,33.2,33.1,33.5,33.3,32.8,33.0,33.5,33.3,32.7,33.3,33.7,32.8,32.9,33.1,33.3,33.1,33.2,33.1,34.1,33.1,33.6,33.8,34.3,33.5,34.0,33.4,33.0,32.9,33.1,32.7,34.0,33.3,32.5,33.4,33.4,32.4,33.5,33.9,33.5,33.3,32.7,33.5,33.1,33.3,32.6,33.3,32.4,33.2,33.1,33.7,32.8,32.6,34.0,33.9,33.6,33.9,34.3,34.7,33.8,34.2,33.4,33.5,33.4,33.2,33.2,33.7,34.4,33.3,33.6,33.1,33.6,33.2,33.8,32.8,33.5,32.2,33.4,32.9,33.2,32.4,33.3,32.7,33.5,33.3,33.6,33.6,34.4,33.9,34.3,34.4,34.5,33.4,33.4,33.7,32.9,32.7,33.2,33.4,33.0,34.4,32.9,34.5,32.8,33.3,33.5,33.9,33.3,33.3,33.0,32.9,33.1,33.1,32.7,33.6,33.4,33.9,33.7,34.1,32.7,32.9,33.7,33.5,33.7,33.5,33.4,32.9,33.2,32.7,34.6,33.9,33.0,32.8,33.7,32.9,33.5,32.5,33.3,33.8,33.1,32.2,33.3,33.1,33.8,32.4,33.1,33.2,33.5,32.9,33.0,34.2,34.3,32.4,33.9,33.8,34.4,34.1,33.6,34.2,33.6,33.1,33.6,34.9,33.2,33.4,33.7,33.2,32.8,32.9,32.7,33.0,33.9,32.8,32.7,33.0,33.0,33.4,33.2,33.6,33.0,33.4,33.7,34.0,33.7,33.6,34.0,34.5,34.2,34.0,34.1,32.6,32.6,33.0,33.8,34.1,33.7,32.7,31.8,32.9,33.3,33.1,32.2,32.4,33.4,33.4,33.2,33.8,33.0,nan,32.5,32.8,32.7,32.4,33.4,34.0,33.6,33.3,33.4,33.1,33.8,33.5,33.3,33.2,32.4,33.2,33.0,33.4,33.1,33.2,34.2,33.6,33.1,33.7,32.2,34.6,32.9,33.3,33.3,33.7,32.6,33.4,33.5,33.4,32.4,33.2,33.0,33.9,33.7,34.2,33.6,33.8,33.3,33.1,33.4,33.8,33.3,32.8,33.8,33.7,34.3,33.4,34.3,33.0,34.0,33.8,32.3,33.5,34.3,32.7,34.0,32.9,33.2,33.0,32.6,32.6,33.5,32.9,33.5,33.5,33.8,33.0,34.3,34.1,34.6,34.2,34.2,32.8,34.5,33.6,34.5,33.8,32.9,33.6,33.3,34.7,31.9,33.6,33.2,33.4,32.8,33.8,32.8,33.6,33.3,33.4,32.8,33.2,33.0,33.2,32.7,33.9,33.0,33.7,32.9,33.8,32.7,34.9,34.3,33.2,33.7,33.7,33.9,35.3,35.2,32.7,32.7,33.7,33.3,33.8,32.6,32.8,33.6,33.1,32.9,33.9,33.8,32.8,33.5,33.8,33.3,33.1,33.6,33.0,33.8,34.3,34.3,33.4,32.8,33.5,33.4,34.2,34.9,33.5,33.6,33.9,33.9,34.9,33.7,34.3,32.2,34.6,32.9,33.5,33.0,33.6,32.9,34.7,32.9,33.8,32.4,34.0,31.8,32.8,33.4,34.0,33.4,33.3,34.1,34.9,34.7,33.2,34.4,34.1,34.0,34.0,33.3,34.5,34.0,33.1,34.9,34.2,34.7,32.8,32.8,33.8,33.8,33.0,34.2,33.8,33.5,32.1,33.1,32.4,33.3,33.3,33.5,33.5,34.0,32.8,33.6,34.0,33.2,33.5,33.6,33.7,33.6,34.9,33.9,35.1
1785306360.740597,1919,33.6,34.3,33.7,32.9,33.1,33.4,31.7,33.1,32.6,33.1,32.7,33.1,31.9,33.2,32.8,33.6,33.0,32.3,33.4,33.2,33.2,33.3,31.1,32.9,33.2,32.3,32.7,34.5,33.7,33.8,32.8,33.2,35.0,32.8,34.8,31.6,32.0,33.2,33.3,32.8,32.9,32.6,33.0,32.0,33.0,32.6,33.8,31.6,33.0,32.4,33.6,32.3,32.9,32.6,34.4,33.4,33.6,32.8,33.6,32.2,35.1,32.3,32.3,33.6,32.7,34.4,31.9,34.1,33.1,33.1,31.6,34.3,33.3,33.7,31.6,32.9,32.6,33.0,31.4,33.2,33.0,33.2,32.1,32.7,33.0,33.6,32.1,33.2,33.2,32.7,32.0,32.9,32.9,33.1,32.0,34.4,34.8,33.3,33.2,32.8,33.4,32.6,32.7,32.7,34.0,32.4,33.1,33.1,33.0,32.9,33.0,32.2,33.6,33.4,32.9,32.6,32.9,33.3,33.5,33.2,33.7,32.8,33.5,33.4,33.3,33.3,34.0,33.5,33.1,33.3,31.9,34.2,33.2,33.1,32.5,33.2,32.5,32.8,32.6,33.2,32.0,32.9,32.7,33.4,32.9,32.8,32.7,32.8,32.7,33.6,32.8,33.6,33.0,32.5,32.6,34.1,33.3,33.1,32.6,33.7,34.2,31.8,33.1,33.0,33.9,33.7,33.4,32.3,32.6,32.5,33.4,32.7,32.8,32.8,33.3,32.4,32.7,32.8,32.8,32.5,32.7,32.3,33.4,32.9,33.6,32.8,33.0,33.3,33.8,34.0,34.3,33.0,33.9,34.1,32.3,33.0,32.8,33.2,32.7,33.1,33.0,33.0,31.8,33.3,34.0,32.6,32.3,32.5,32.3,33.6,33.3,34.9,33.0,33.4,32.2,33.5,32.9,33.8,31.8,33.3,32.7,33.9,32.4,33.4,33.6,32.7,33.0,30.9,33.5,33.1,33.0,32.3,33.3,32.2,33.1,33.0,32.6,32.9,33.6,32.1,33.0,33.4,34.7,34.9,32.9,33.2,32.1,32.3,33.3,34.4,33.2,33.6,33.5,32.9,33.5,33.4,32.9,33.8,32.6,32.9,32.8,32.3,32.4,33.7,33.3,32.7,33.3,33.8,32.2,32.9,32.4,33.4,33.4,33.3,34.1,35.0,33.2,34.0,32.3,32.8,32.1,32.6,33.0,33.4,33.3,33.5,32.1,33.8,33.3,33.2,34.2,33.2,33.7,33.1,32.7,33.2,33.7,32.8,33.3,32.9,32.9,32.8,33.6,33.0,33.7,33.4,34.0,33.8,34.4,33.3,33.7,32.9,33.4,32.9,32.9,32.6,33.7,32.3,33.8,33.7,32.7,33.0,33.9,33.9,33.0,33.8,33.3,33.9,33.1,34.0,32.4,34.0,33.7,33.1,33.0,33.4,34.3,33.9,33.7,34.1,34.5,33.5,33.0,32.7,33.1,32.5,32.7,33.2,33.6,33.4,32.2,33.1,33.7,33.3,33.4,33.0,33.5,32.8,33.3,32.9,32.9,33.3,32.7,32.3,32.7,33.1,34.4,32.5,33.6,33.5,33.1,33.9,34.3,33.5,33.2,32.6,34.0,33.4,33.8,32.3,34.3,33.6,33.7,33.4,31.9,33.4,32.3,33.9,33.0,33.3,33.2,32.9,33.1,32.2,33.3,32.8,33.1,33.6,33.2,32.8,34.5,33.3,34.0,33.3,34.2,33.6,32.7,33.0,32.6,33.6,32.8,33.5,33.4,33.4,33.2,32.6,33.7,33.9,33.0,32.5,33.2,32.8,34.0,31.9,33.4,32.6,33.9,32.6,32.7,33.2,33.3,32.6,33.3,34.3,34.1,33.5,34.3,34.1,34.1,34.0,33.9,33.7,33.5,33.2,33.6,32.7,33.7,33.0,34.5,35.3,32.7,33.6,32.7,33.3,32.8,33.4,33.3,33.7,32.9,33.4,34.2,33.6,33.7,34.1,34.4,34.1,33.7,33.9,33.8,33.6,34.0,33.7,33.8,33.3,33.7,33.8,33.0,33.2,33.0,34.2,33.4,33.8,34.3,32.9,33.3,32.3,34.0,32.5,32.8,33.2,32.1,32.9,33.8,33.0,34.1,33.2,33.2,33.5,34.5,34.2,34.1,33.4,34.3,33.8,33.9,33.9,34.2,33.7,33.6,32.7,33.7,32.9,34.1,33.6,33.8,33.6,33.9,32.7,32.7,33.2,33.6,32.8,31.1,34.2,33.0,32.8,32.9,33.7,33.4,34.1,33.1,34.6,32.9,33.4,32.8,34.5,34.3,33.7,33.4,34.0,33.7,33.4,33.4,34.7,34.5,33.1,34.4,33.7,33.3,33.4,33.1,32.4,33.4,33.4,33.1,32.6,33.2,nan,33.8,34.5,33.5,33.4,34.6,34.2,33.8,33.5,33.6,32.9,33.4,33.2,33.5,33.2,34.0,33.0,33.5,32.8,33.7,33.2,31.1,33.4,32.6,33.5,32.8,34.1,33.1,33.6,33.0,33.7,33.1,33.1,32.7,33.4,32.9,32.7,33.4,34.1,34.0,33.9,33.3,33.5,34.0,33.5,34.3,33.8,34.2,34.1,33.2,33.7,33.9,33.0,33.1,32.6,33.7,32.9,33.4,33.2,33.3,33.2,34.3,33.7,32.9,32.3,33.0,32.1,33.0,33.2,33.5,33.5,33.3,33.5,34.5,33.2,33.8,33.1,33.3,33.0,34.0,33.4,33.3,33.4,34.7,33.6,32.9,34.8,33.7,33.8,32.3,34.1,34.5,33.3,32.4,34.5,33.2,33.4,32.1,33.4,32.9,33.2,33.1,33.7,33.8,34.4,34.2,33.6,33.4,33.8,34.3,34.0,34.1,33.1,32.9,34.7,33.7,33.2,33.1,32.5,33.1,33.4,33.2,32.6,33.9,32.7,33.5,33.5,33.7,33.5,33.1,33.3,33.7,33.3,34.1,34.0,33.1,34.8,34.6,33.1,33.3,33.5,33.4,33.9,33.6,34.1,34.3,34.1,34.4,34.7,33.4,33.9,33.4,34.0,32.1,33.7,33.1,34.3,33.1,33.6,33.4,32.8,33.1,33.0,34.0,32.8,32.9,34.4,33.5,34.0,33.8,33.6,33.8,33.8,33.6,33.6,34.4,32.9,34.2,33.1,34.0,32.0,34.4,32.9,32.9,32.8,33.6,32.6,33.7,32.3,34.6,33.1,34.4,33.8,33.3,33.3,32.8,33.3,33.5,34.1,33.1,33.5,33.8,33.8,34.6,33.5,34.0,33.3,32.6,34.0,34.1,33.3
1785306362.73563,1920,32.6,34.1,32.8,34.3,33.0,34.0,33.1,33.2,33.5,35.1,33.6,32.5,33.5,33.5,32.3,34.1,32.2,33.2,32.3,33.2,33.1,33.4,32.4,33.6,33.2,33.2,33.2,34.6,35.2,33.9,33.4,33.8,33.8,32.6,34.1,33.2,34.3,32.0,33.4,33.1,33.2,32.7,34.2,32.5,32.9,32.7,33.9,33.4,33.1,32.2,33.0,32.6,32.5,34.0,33.1,32.8,32.9,33.9,33.1,34.3,33.0,33.5,34.2,33.9,33.6,35.3,32.0,34.2,32.4,34.1,33.5,32.8,32.6,33.5,33.3,33.2,32.3,33.1,32.7,33.1,33.4,33.6,32.0,32.8,32.2,33.0,33.0,32.5,34.0,32.8,33.7,32.8,33.7,34.5,33.1,33.6,33.7,31.9,34.4,32.9,32.9,32.7,33.6,32.3,33.7,33.6,33.4,33.1,33.7,31.9,32.6,32.7,33.1,33.2,33.4,32.5,32.7,33.2,33.6,33.5,34.2,33.3,32.4,33.1,33.4,32.2,33.4,34.1,33.5,35.3,33.3,34.0,33.3,33.4,32.4,33.5,32.3,33.2,33.4,32.8,32.5,32.9,32.3,33.4,33.5,34.3,33.8,33.1,33.4,33.4,33.2,33.3,33.1,33.6,33.6,35.1,33.6,33.4,33.6,34.0,33.8,32.9,34.9,32.7,33.2,32.7,33.7,32.8,34.1,32.4,33.5,32.5,32.9,32.8,33.2,33.6,33.6,33.5,33.4,33.8,34.1,33.3,34.0,32.7,33.5,33.5,33.5,34.4,34.1,33.3,34.0,33.7,33.5,33.1,32.4,33.9,33.8,32.9,33.2,33.9,33.1,34.0,32.6,33.0,34.1,33.2,32.9,33.1,32.7,34.0,33.6,36.4,34.9,33.1,32.2,33.1,33.5,32.5,33.6,33.3,34.3,33.4,32.7,33.5,34.1,33.2,33.8,33.4,33.4,32.4,33.8,33.3,33.9,33.0,33.6,34.3,32.7,32.0,34.0,33.7,32.6,33.2,34.5,34.8,34.0,32.8,33.6,33.4,32.6,33.1,33.6,32.8,33.6,33.2,33.6,33.8,33.6,32.8,32.7,33.2,33.1,34.2,33.1,33.1,33.4,34.3,32.5,33.5,33.2,33.3,33.0,33.6,33.5,33.2,33.6,34.1,34.4,33.8,33.1,33.3,33.4,33.8,34.0,33.3,33.2,33.5,32.8,33.9,33.6,32.5,34.5,33.5,32.9,32.3,33.4,33.9,33.7,33.3,33.6,33.6,33.4,32.7,33.4,33.9,33.1,32.6,33.8,34.5,35.0,34.2,34.1,33.7,33.1,33.0,33.6,34.2,32.9,33.1,33.7,33.6,33.4,33.7,33.2,34.2,33.9,33.1,32.9,33.9,32.2,33.4,32.4,33.7,33.3,33.7,33.6,32.6,33.3,34.0,33.8,33.7,34.0,34.0,34.2,33.5,34.2,33.8,33.5,32.9,34.0,33.5,33.1,32.8,33.2,32.8,34.1,33.9,32.6,33.5,33.7,33.1,33.4,32.6,33.5,32.6,33.7,32.9,33.5,34.5,33.6,33.7,34.7,34.5,34.8,34.1,33.8,34.0,33.8,33.7,34.3,32.8,33.9,33.2,33.0,33.5,32.9,33.5,33.3,34.0,33.4,33.6,32.4,33.5,33.2,33.8,33.6,33.8,33.0,32.7,33.0,33.9,33.5,33.7,34.4,34.2,33.8,35.2,33.8,34.3,33.9,34.2,33.5,34.1,33.3,33.5,34.1,33.9,33.4,32.6,33.7,33.0,34.2,33.3,33.4,33.4,34.0,32.7,33.7,33.2,33.1,33.0,33.6,33.3,34.1,33.6,33.6,34.7,34.2,33.7,34.5,34.4,35.0,34.2,33.9,34.3,34.1,33.6,34.2,32.9,32.9,33.3,33.6,34.4,33.0,33.8,33.1,33.8,33.1,33.3,32.6,33.0,34.3,33.8,32.9,33.5,34.5,34.5,34.6,34.0,34.1,34.5,35.3,34.0,34.1,34.3,34.0,33.9,33.3,33.4,33.9,34.1,33.7,33.1,34.2,33.2,33.1,32.8,34.3,32.9,32.7,32.8,33.5,33.1,33.5,33.3,33.7,34.1,34.1,33.1,33.3,33.8,34.1,34.3,34.4,34.1,33.7,33.7,34.1,34.2,33.9,33.0,34.8,33.8,33.1,32.7,31.9,32.9,32.3,33.8,33.1,33.0,33.4,33.7,32.4,34.0,33.5,33.2,32.8,33.7,33.3,33.7,33.3,33.8,33.1,35.2,34.0,34.0,34.5,35.2,34.4,33.6,34.6,33.7,34.3,34.1,33.4,32.8,34.0,33.6,34.0,32.6,32.7,32.5,33.2,33.5,33.4,33.4,33.2,nan,33.1,33.8,34.2,33.0,33.6,33.8,33.6,33.9,34.7,33.4,34.2,34.7,33.6,33.1,35.1,33.7,34.6,33.9,33.8,34.8,33.3,32.9,33.3,33.8,33.6,34.2,33.9,33.6,33.6,33.8,32.8,32.5,33.2,33.7,34.0,34.2,33.8,33.8,33.6,34.5,34.9,33.4,34.3,33.4,34.4,34.1,33.8,34.4,34.8,35.5,33.8,34.2,34.4,33.3,33.6,33.2,33.0,33.6,33.4,32.5,34.1,33.2,33.3,33.0,33.1,33.6,33.5,33.1,34.3,34.3,34.1,33.6,34.4,34.4,33.9,33.4,33.9,34.4,33.7,33.7,34.0,34.9,35.2,33.5,33.2,34.2,33.2,34.9,33.5,33.9,32.7,33.9,33.6,34.5,33.9,33.3,33.8,34.0,33.3,33.0,33.7,34.0,34.1,33.8,35.0,33.8,33.2,33.9,34.2,34.5,35.0,34.0,34.0,34.4,34.2,34.4,34.9,33.6,34.0,32.8,33.7,33.7,33.5,33.9,33.6,34.0,34.4,32.9,33.2,32.6,34.1,33.6,34.2,33.6,33.9,34.2,34.2,33.0,33.1,34.3,33.5,33.4,34.5,33.4,34.4,34.9,34.0,35.7,33.6,33.8,33.1,34.3,33.8,34.0,33.9,34.4,32.8,33.4,33.2,34.1,33.4,33.8,33.4,33.8,33.9,34.1,33.2,34.1,34.6,33.9,34.4,34.8,33.5,34.5,34.7,34.1,32.9,35.0,34.2,34.2,33.9,33.7,34.4,33.6,32.9,32.5,33.4,33.7,33.8,34.1,35.0,33.4,33.8,33.6,33.3,33.3,33.6,34.5,33.4,33.9,33.9,34.5,34.8,33.9,34.0,34.4,33.9,34.8,35.1,35.2
1785306364.9969075,1921,33.0,33.4,34.7,32.9,32.9,32.7,33.2,33.3,32.4,33.3,32.5,33.9,33.4,32.9,32.2,33.2,32.9,32.9,32.0,33.4,33.0,32.9,34.1,34.3,32.7,33.5,32.2,33.2,35.1,33.3,33.6,33.4,34.7,32.8,34.3,34.0,33.1,33.0,32.5,32.8,33.5,32.6,33.9,32.4,34.2,32.4,33.8,32.6,33.5,32.3,33.8,33.5,32.5,33.1,33.4,34.4,32.8,33.2,32.8,33.7,34.3,32.5,33.8,33.3,34.5,32.7,32.6,33.8,33.3,33.3,33.4,32.5,32.9,33.4,32.5,33.6,32.6,33.3,33.3,32.8,33.0,33.0,33.0,32.5,32.3,33.0,33.6,33.3,32.6,33.2,32.4,33.7,33.8,32.6,33.2,34.6,33.4,34.0,33.4,35.2,33.4,32.2,33.9,33.3,34.0,33.3,32.8,33.3,33.0,32.7,33.9,32.4,33.1,33.5,33.2,32.9,32.8,32.7,33.3,33.0,33.3,33.7,32.9,34.2,34.1,34.4,33.8,34.4,33.1,33.8,34.3,32.9,33.4,33.3,33.5,34.1,33.4,33.3,33.3,32.7,32.9,33.1,33.2,33.9,33.1,32.8,33.4,33.6,33.8,33.3,33.3,33.6,33.2,33.2,34.1,33.7,32.7,33.9,32.9,33.3,33.0,33.2,32.7,33.6,34.1,33.0,33.8,33.5,33.1,32.3,33.2,33.6,33.2,32.5,33.1,33.5,33.0,33.2,33.5,33.7,32.9,32.1,33.0,32.9,32.5,32.7,32.8,34.3,33.6,32.4,33.4,33.6,32.3,33.2,34.2,34.8,32.8,34.1,33.1,33.8,33.7,33.7,32.9,33.4,32.7,32.3,33.5,32.4,33.2,32.9,33.3,33.9,34.0,34.2,33.1,33.0,32.9,33.8,33.5,33.0,33.4,33.3,33.7,33.0,34.0,33.6,33.6,33.5,32.9,32.0,33.4,33.9,33.6,32.6,33.3,33.2,32.9,32.6,33.1,32.8,32.7,33.4,32.8,34.1,34.9,34.2,33.7,33.7,33.7,33.9,33.5,33.6,34.1,33.9,33.7,33.9,32.5,33.8,33.6,33.7,32.1,33.0,33.3,33.7,33.6,32.4,32.4,33.8,32.9,32.3,32.7,32.7,32.7,33.6,32.5,33.4,34.2,33.9,34.3,32.7,33.3,33.8,33.3,33.2,33.5,33.2,33.3,34.2,32.8,32.2,32.9,33.4,33.5,33.0,33.8,33.3,33.7,32.7,33.0,33.4,32.8,32.6,33.2,33.6,33.7,33.3,33.9,35.2,34.1,33.6,34.2,33.9,33.9,33.2,33.8,33.5,33.2,33.2,33.6,33.5,33.3,33.6,34.1,33.5,32.9,32.6,33.3,32.9,33.0,33.1,33.1,33.9,33.4,33.4,33.2,33.4,33.4,33.1,34.6,33.9,34.2,34.5,34.0,34.4,33.9,34.0,33.9,33.9,33.2,32.7,33.8,33.9,34.1,32.9,33.4,33.4,33.0,33.0,32.4,33.0,33.1,32.0,33.7,32.8,33.0,32.5,33.7,33.6,33.3,33.2,34.1,33.2,33.5,33.8,34.5,34.2,33.5,33.6,32.9,33.2,33.4,32.5,33.3,34.2,34.1,33.8,33.7,34.5,33.2,33.5,33.2,33.6,33.3,32.2,33.6,34.0,33.2,32.9,33.7,33.4,34.1,33.3,33.8,33.4,34.2,34.4,33.9,32.7,34.0,33.6,33.2,34.7,33.2,32.9,34.8,33.4,33.5,34.1,33.4,34.0,32.9,33.4,33.6,33.5,33.2,32.4,33.1,33.4,33.3,32.9,33.3,33.4,34.6,34.2,34.6,34.3,33.5,34.1,35.2,33.8,33.5,33.3,33.3,32.8,32.3,33.5,33.5,32.8,34.1,33.2,33.1,33.9,32.8,33.3,33.2,33.9,33.0,33.0,33.4,33.2,33.7,33.6,33.2,33.9,33.3,34.2,34.7,34.6,33.7,33.9,34.7,34.4,33.5,33.0,33.4,33.4,33.2,32.9,34.0,33.6,34.0,32.4,34.7,34.1,33.7,31.4,33.5,34.2,32.6,32.7,34.3,33.1,33.0,33.5,33.8,32.6,34.0,33.5,34.4,34.7,33.6,33.5,35.1,34.8,32.9,33.9,34.0,33.4,32.9,33.5,34.3,34.5,32.8,33.2,34.7,34.4,33.9,32.6,33.0,33.6,34.1,34.0,33.0,33.2,33.2,33.2,33.2,33.7,33.7,33.1,33.2,34.1,33.4,34.2,34.0,33.7,33.8,33.0,33.7,33.7,33.7,33.2,32.4,34.1,33.0,32.7,33.3,33.9,32.9,33.3,33.0,32.6,33.1,34.1,33.4,33.4,33.0,nan,32.8,33.0,32.2,32.9,33.8,34.2,33.8,34.0,34.1,34.6,33.4,32.3,33.5,33.2,34.6,33.8,32.8,33.8,33.1,33.6,33.6,33.2,33.2,32.6,33.5,34.5,33.3,33.3,33.1,33.3,32.2,32.6,33.2,33.2,33.2,32.6,34.4,34.2,33.7,33.9,33.6,34.0,33.1,33.1,34.1,34.0,33.7,33.6,33.8,35.2,33.9,33.0,34.7,34.2,32.6,33.3,33.8,33.7,34.3,33.4,33.8,33.9,32.9,32.4,33.8,34.1,33.7,32.7,34.5,34.0,33.2,34.0,33.1,34.1,34.1,33.2,33.8,33.9,33.4,33.2,34.1,34.0,34.2,34.7,32.9,33.5,33.3,32.1,33.9,32.8,33.1,32.6,33.1,34.3,33.7,32.7,32.8,33.7,33.7,33.5,33.6,33.4,33.8,33.5,33.6,34.2,33.5,34.3,34.1,33.8,34.1,34.3,34.4,34.3,32.1,34.9,34.0,33.5,32.9,33.4,33.0,33.8,33.9,33.8,33.1,33.9,33.0,33.3,34.5,33.9,33.8,33.0,33.4,34.2,34.0,33.4,34.8,34.5,33.3,33.3,33.8,34.8,33.6,33.5,33.4,34.1,34.4,33.8,33.7,34.1,33.0,33.8,33.5,34.1,32.7,33.8,33.4,34.0,33.5,33.3,32.9,34.4,33.1,33.0,34.3,34.4,33.3,33.2,34.1,34.1,34.5,33.4,34.6,34.2,33.4,33.4,34.9,34.0,34.0,33.2,34.0,34.2,33.9,33.5,33.8,34.3,32.8,33.1,34.4,33.3,33.3,33.2,33.3,33.8,33.0,33.0,33.8,34.1,34.0,33.1,34.3,34.0,34.6,33.6,33.6,33.7,33.6,35.1,33.9,34.2
1785306367.0137568,1922,35.4,31.5,32.4,33.1,33.8,31.1,33.4,32.9,34.2,31.8,32.7,31.7,33.9,32.1,32.2,33.4,33.7,32.5,33.3,33.4,32.8,33.0,32.7,33.3,33.2,32.6,33.5,32.5,33.4,32.8,32.5,33.7,32.0,33.3,33.7,33.3,32.4,33.2,32.4,33.0,32.5,32.0,32.0,33.0,32.2,32.8,32.8,32.7,32.9,33.3,32.7,32.2,32.5,32.3,32.0,33.4,32.3,33.4,33.4,33.0,33.3,32.9,32.8,33.3,33.7,33.4,31.9,32.4,33.9,32.7,33.0,33.6,33.3,33.0,33.6,32.9,32.9,33.5,32.7,32.9,32.8,32.3,32.7,32.3,32.3,32.7,31.7,33.5,33.3,32.4,33.4,33.1,33.8,32.6,33.4,34.1,33.8,33.7,33.8,33.9,32.3,32.4,32.9,32.3,32.5,33.8,33.8,32.2,32.1,32.3,33.0,32.9,33.1,33.2,33.0,33.4,31.9,32.9,32.9,31.7,33.3,33.5,32.5,32.7,32.6,33.1,34.0,33.9,33.8,33.5,33.0,34.1,33.8,32.0,33.3,33.1,33.4,32.7,33.4,32.1,32.9,33.1,33.0,32.7,32.9,32.8,33.2,32.1,33.6,31.9,33.1,33.9,32.8,32.2,32.5,34.2,33.5,32.9,32.4,34.1,32.3,33.4,32.8,34.0,32.3,33.3,33.0,32.7,32.2,32.3,33.2,32.9,32.5,33.3,32.4,32.8,33.0,33.5,33.6,32.6,32.3,32.9,33.7,33.4,33.0,32.5,33.9,33.7,31.8,33.2,32.9,33.8,33.9,32.9,32.7,33.0,33.5,32.4,33.1,32.5,33.3,33.3,33.0,33.1,32.6,32.1,32.3,33.3,33.8,34.3,33.4,33.4,33.5,32.2,32.7,33.8,33.2,32.4,32.5,33.7,34.0,33.0,32.8,33.8,32.9,32.9,33.2,33.5,32.7,32.3,33.0,34.1,33.2,32.4,32.7,32.8,31.3,32.4,33.2,32.7,32.6,34.8,33.4,33.6,33.4,33.0,33.1,33.0,33.1,32.8,33.8,33.4,33.1,33.7,33.5,33.0,32.6,33.1,32.7,33.8,33.4,32.1,32.2,33.5,33.6,32.4,32.9,33.4,32.5,31.8,32.1,33.8,33.3,33.2,33.3,33.7,33.8,32.2,33.0,32.4,32.0,32.4,32.9,32.3,33.3,33.5,33.5,33.6,33.7,33.2,33.1,32.6,33.3,33.3,33.4,33.2,33.2,33.6,32.5,33.3,32.1,32.1,33.4,33.4,32.8,33.7,33.7,34.1,33.3,33.4,32.5,32.9,32.5,33.3,32.7,33.3,33.1,33.4,32.5,33.3,32.7,32.5,33.3,34.0,33.0,32.7,31.5,34.1,33.4,31.8,33.4,32.9,34.5,32.3,34.0,34.2,35.1,33.2,34.0,33.7,34.3,34.2,33.1,32.7,33.4,32.5,33.2,32.9,33.4,31.9,33.2,34.3,33.3,33.0,32.6,34.4,32.6,33.9,33.4,34.0,32.9,33.3,32.5,33.2,32.6,33.4,33.1,33.0,32.8,33.9,34.2,33.9,33.3,34.2,34.2,33.4,33.2,33.7,34.1,33.5,33.2,33.2,33.6,33.9,34.5,32.1,33.1,33.5,33.5,33.1,32.8,33.2,32.9,33.1,32.8,33.1,33.2,32.1,33.2,33.6,34.2,33.4,34.0,33.1,33.9,32.9,34.0,32.7,34.8,32.2,32.8,33.1,34.3,32.6,32.3,34.7,33.5,33.5,33.4,32.6,32.8,33.5,33.1,33.1,32.9,33.7,33.0,32.9,32.7,32.9,33.1,34.3,32.8,34.3,34.9,33.9,33.4,33.9,33.7,33.3,32.7,33.6,33.6,33.5,32.1,33.2,34.0,33.4,33.8,33.6,33.1,33.3,33.5,32.8,33.1,33.4,33.6,32.6,32.7,33.7,33.8,32.9,34.2,34.0,33.9,34.2,34.8,34.5,34.5,33.2,33.7,33.3,33.3,32.1,32.5,32.9,34.1,32.3,33.5,33.5,33.0,34.6,33.6,32.3,33.0,33.7,33.7,32.6,31.5,32.9,33.1,33.1,33.1,33.0,33.9,34.0,33.5,34.3,34.0,33.7,33.1,34.6,33.2,33.4,32.0,33.5,33.6,33.5,32.9,33.4,33.6,33.0,33.4,32.5,32.5,33.2,34.0,32.7,32.6,33.5,34.1,33.1,33.3,33.7,34.1,32.7,33.0,33.5,33.7,33.2,34.3,33.4,34.5,33.5,33.3,33.8,33.5,33.3,32.6,34.2,34.5,32.0,33.1,33.9,32.6,32.4,33.8,32.9,32.9,32.7,32.9,32.2,33.5,33.7,33.0,33.7,32.7,nan,33.4,33.8,33.6,34.0,32.8,33.1,33.6,33.6,33.4,32.9,32.7,33.2,33.3,33.2,33.5,33.6,33.4,33.4,34.3,33.2,32.9,33.3,34.2,32.5,33.1,33.9,33.6,33.4,32.4,33.5,32.9,33.2,32.5,33.9,33.7,32.2,33.8,34.2,34.0,33.7,33.4,33.4,35.0,32.5,33.3,32.9,34.4,33.1,33.0,34.1,34.1,32.9,33.8,33.7,33.3,33.4,32.5,33.3,32.7,33.2,33.2,33.5,32.8,32.5,32.9,33.8,33.5,34.1,33.6,34.5,32.5,34.6,33.4,33.9,32.3,33.3,34.2,33.5,33.0,33.6,33.9,33.9,34.0,33.3,33.3,33.1,33.5,32.8,32.8,33.2,32.4,32.2,32.2,34.1,33.0,33.0,33.6,33.2,34.4,32.8,33.4,34.0,34.3,34.0,33.4,33.6,33.2,33.0,34.1,34.1,34.6,34.0,33.0,34.0,33.9,33.6,33.7,33.5,33.6,33.6,33.1,33.5,32.5,33.0,32.9,33.3,33.1,33.1,34.5,32.8,32.6,33.5,33.7,34.0,33.1,34.1,33.7,33.9,32.8,33.7,33.8,33.5,33.7,34.7,32.9,34.3,34.1,33.3,34.1,34.5,32.8,32.9,33.3,33.5,33.2,33.2,33.4,33.6,33.9,32.4,33.1,33.3,33.1,33.1,34.5,34.2,34.1,33.1,33.4,33.7,34.1,33.2,33.0,33.7,34.2,34.2,33.7,33.3,31.9,33.3,34.6,33.7,32.6,34.2,33.3,33.2,32.3,33.9,32.5,33.4,32.8,33.5,33.5,32.9,32.2,33.3,33.8,32.6,32.9,33.6,33.2,33.8,32.4,33.1,34.0,34.3,32.3,33.8,33.1,34.6
1785306369.277299,1923,31.7,33.4,34.2,32.9,32.5,33.2,33.0,33.3,33.0,33.4,33.1,33.9,32.5,31.5,33.0,34.7,32.1,32.5,33.0,33.6,33.2,33.2,33.5,33.5,33.0,33.5,32.7,33.6,32.3,33.5,33.3,33.2,33.7,33.6,33.8,32.3,34.1,32.1,33.1,33.6,32.5,33.4,32.8,32.2,32.6,32.4,33.6,32.4,33.3,33.7,33.0,32.8,32.5,32.4,33.0,33.4,33.4,33.4,34.0,33.7,34.5,33.2,34.8,33.3,33.0,33.7,32.9,34.7,33.1,33.1,33.2,34.2,32.7,33.7,32.3,33.1,32.4,33.1,32.4,33.3,33.0,33.9,32.6,33.3,32.5,32.8,32.7,34.4,32.8,33.0,32.8,34.7,34.6,33.7,33.7,34.8,33.6,33.5,32.5,32.5,33.4,32.4,33.5,33.9,33.2,32.0,33.1,32.1,33.0,32.9,33.2,32.4,32.9,33.4,33.6,33.1,32.9,33.3,34.4,32.3,33.5,33.2,33.9,34.6,33.0,33.7,33.3,33.7,31.7,33.3,33.6,34.1,32.6,33.0,33.5,33.3,32.4,32.9,32.7,34.0,32.5,33.3,33.4,33.3,32.8,33.5,32.4,33.6,32.7,33.1,32.8,33.7,33.5,33.2,33.7,34.0,33.5,33.1,33.1,33.7,34.4,32.5,32.9,33.0,33.3,33.4,33.5,33.8,32.5,32.5,33.2,32.7,32.8,32.5,33.6,32.7,33.7,33.3,33.1,33.3,33.3,33.3,34.9,33.8,33.7,32.5,33.0,34.5,33.0,33.4,33.8,33.6,32.8,34.1,32.1,34.2,33.0,33.6,32.9,33.4,32.1,33.5,32.9,34.4,32.8,32.6,33.3,33.6,32.6,33.2,33.0,33.9,33.0,34.0,33.4,33.8,33.6,33.9,33.1,33.1,33.1,34.6,33.9,32.9,32.7,32.7,33.6,32.7,33.1,32.9,34.1,32.9,32.6,34.1,33.3,33.4,32.4,32.7,33.5,32.8,32.2,32.3,33.9,32.8,33.9,34.4,34.8,34.9,33.1,32.3,33.9,33.6,33.3,33.1,33.1,33.7,31.6,33.3,34.2,34.4,32.3,33.4,33.7,33.5,31.9,33.0,33.3,33.6,33.4,32.9,32.6,33.3,31.9,33.4,34.0,33.7,33.0,33.8,33.2,33.8,33.3,33.3,32.6,33.9,32.9,33.2,33.5,33.2,33.0,32.6,34.1,32.8,32.6,32.9,33.8,33.6,33.7,32.7,33.6,32.9,33.1,32.5,33.5,33.0,33.4,32.3,33.5,33.8,34.1,33.8,34.0,34.3,33.8,34.2,34.3,33.2,34.1,34.1,33.2,32.3,32.7,34.2,32.5,34.0,33.0,32.9,32.1,33.9,33.1,33.5,32.9,34.0,32.9,32.6,32.7,33.9,34.0,32.8,32.9,34.2,33.4,34.3,34.3,34.3,34.1,33.7,33.0,33.7,33.2,32.8,33.2,33.9,32.8,32.9,34.4,32.2,33.0,32.5,33.2,34.0,33.2,32.3,33.0,33.3,33.1,32.5,33.2,33.6,33.3,32.7,33.7,34.1,33.9,34.1,34.2,34.1,34.5,33.6,33.6,33.7,33.2,32.9,34.4,32.4,31.5,33.4,33.7,34.1,32.4,33.6,32.2,33.9,32.3,32.5,32.5,33.5,32.7,33.1,32.6,34.4,33.3,33.2,33.7,34.1,33.1,33.9,33.7,34.3,33.3,33.2,34.4,33.4,33.4,33.4,33.2,33.7,34.3,32.3,34.0,33.5,32.9,33.6,33.6,33.3,33.5,32.6,33.9,33.6,32.7,33.0,33.8,34.0,33.5,33.7,34.3,33.6,34.2,34.9,34.7,34.6,34.0,34.4,34.9,33.7,32.5,33.4,34.4,33.0,33.5,34.2,32.7,33.3,33.2,33.1,33.0,33.4,33.0,33.5,31.7,34.0,33.5,33.7,33.1,33.1,33.8,33.6,33.4,34.2,34.2,33.9,34.3,34.5,34.3,34.9,33.6,33.8,33.6,33.6,34.4,33.7,33.6,33.2,34.1,33.3,33.0,33.1,33.7,33.5,32.9,32.7,33.6,32.8,33.6,32.7,33.8,33.4,34.0,32.9,34.7,34.5,33.9,33.8,33.6,34.3,33.7,33.9,34.2,34.3,32.9,33.8,34.8,34.5,32.8,33.6,33.2,34.4,33.1,33.8,33.2,33.6,32.9,33.1,32.7,33.0,33.7,33.1,33.2,33.2,32.9,33.4,33.2,33.7,33.5,34.0,34.0,34.2,33.7,33.6,33.4,33.5,33.9,32.8,33.0,33.5,33.0,33.3,34.0,32.7,33.3,33.4,33.8,32.9,33.2,33.4,33.4,33.3,33.2,nan,33.1,33.3,33.5,32.7,34.1,33.2,33.8,33.8,34.4,35.0,34.3,33.6,34.4,33.6,32.9,33.0,34.4,33.0,32.6,34.5,33.8,34.5,33.0,33.6,33.7,34.6,32.9,33.8,32.6,34.7,32.9,33.5,32.7,33.7,33.1,33.7,33.4,33.7,33.2,33.6,33.5,34.3,32.9,33.6,34.1,35.3,33.9,33.7,34.4,34.3,32.4,32.8,33.7,32.6,33.9,33.8,33.4,34.1,33.8,33.8,34.1,33.4,33.2,32.4,33.0,32.3,32.8,32.4,33.8,34.5,33.6,34.0,34.6,34.3,33.6,33.9,34.0,34.8,34.5,33.8,35.3,33.4,34.5,33.1,33.1,34.7,32.5,33.0,32.3,34.8,33.3,32.9,32.3,34.2,33.5,34.7,33.5,33.0,33.7,33.0,33.6,34.5,33.1,34.0,34.2,34.2,34.3,33.4,33.5,34.0,33.9,34.1,33.3,35.3,33.7,33.8,34.8,34.6,32.3,33.6,33.5,33.2,32.7,34.5,34.1,33.4,33.6,33.8,34.1,33.7,33.5,33.7,33.6,33.2,34.3,34.1,34.8,34.3,33.7,34.1,34.0,33.5,33.3,33.7,34.2,34.6,32.8,34.0,33.0,34.7,33.4,33.6,32.9,33.5,32.3,33.4,33.6,34.2,33.3,33.6,33.8,34.0,32.0,32.4,33.6,34.0,34.4,33.8,33.4,34.5,34.1,33.9,33.8,34.5,32.8,33.6,34.9,34.7,34.5,33.6,34.4,33.3,33.7,33.1,33.6,34.0,33.5,34.3,33.8,33.8,34.0,33.3,34.4,33.5,33.3,33.4,33.8,33.5,33.3,33.1,34.5,34.2,33.8,34.3,33.4,34.1,33.6,33.8,34.1,35.1
1785306371.4267597,1924,33.0,33.9,33.4,34.6,32.2,33.1,33.0,33.7,32.0,33.8,33.1,33.1,33.4,33.2,33.2,32.6,32.7,33.2,33.2,33.8,32.6,32.3,33.1,33.5,31.2,32.6,33.5,34.0,32.1,32.1,33.5,34.4,33.4,32.3,33.7,33.3,33.5,31.9,33.3,33.4,33.7,33.0,33.5,32.8,33.3,32.4,33.8,33.1,32.4,33.0,33.8,33.9,32.9,31.4,33.2,32.4,32.3,32.6,33.4,34.2,33.6,33.4,34.0,33.6,32.7,34.2,32.4,33.6,32.7,33.5,32.6,33.2,31.4,33.3,33.0,32.9,32.4,32.9,32.9,33.3,32.8,32.6,33.3,33.0,31.9,34.2,32.5,32.9,32.8,32.6,32.8,33.3,32.3,32.8,34.1,34.6,34.8,32.3,32.7,32.8,33.8,32.2,33.5,32.5,33.0,33.3,32.7,32.4,32.7,31.6,32.8,32.4,33.1,32.6,32.7,32.6,33.4,32.2,33.3,32.6,34.2,33.0,33.5,34.2,34.9,32.9,32.3,33.3,32.9,33.3,32.8,33.7,32.2,33.2,32.9,33.3,32.4,33.4,33.4,32.3,31.7,32.9,32.2,33.9,33.1,33.6,33.0,34.1,32.7,32.9,32.1,33.9,32.1,34.0,32.8,34.0,32.3,33.1,33.3,33.7,32.7,31.8,33.9,32.3,34.5,32.6,33.7,33.1,32.7,32.7,33.0,32.9,33.5,32.3,33.3,33.0,34.0,33.0,33.6,33.5,33.8,33.0,32.8,33.6,34.2,32.5,33.6,33.0,33.8,32.0,33.8,33.0,32.8,33.2,32.3,34.0,30.6,33.4,33.8,33.4,32.1,34.0,32.2,33.6,32.3,32.6,33.2,33.5,32.9,32.7,33.9,35.1,33.8,32.8,32.2,32.9,33.2,32.0,32.9,33.9,33.8,32.2,33.2,33.8,33.5,32.9,34.2,33.1,33.2,32.7,33.1,31.8,32.7,32.4,33.7,33.3,33.4,33.0,33.2,32.8,32.8,31.7,35.0,34.9,34.4,31.9,33.8,34.0,33.3,32.8,34.0,34.0,32.9,32.1,34.1,32.8,32.2,33.7,32.6,33.6,31.7,32.8,32.6,33.5,32.8,32.9,33.3,33.7,32.4,33.4,32.4,33.2,32.2,33.2,33.2,34.5,33.5,32.7,32.5,33.1,32.7,34.0,32.9,33.9,32.9,32.0,33.7,34.8,33.4,31.7,33.9,33.0,32.5,32.0,33.0,32.4,33.2,32.2,32.3,32.7,32.4,32.8,33.0,32.6,33.2,33.7,34.2,33.8,34.7,33.1,33.3,32.7,33.0,32.2,33.2,33.7,33.9,32.6,32.9,33.5,33.5,33.2,33.3,34.8,32.3,33.3,33.5,33.6,32.6,32.9,33.4,33.7,33.2,32.9,33.5,32.7,32.8,33.9,33.7,33.9,34.2,34.0,33.6,33.8,32.4,32.5,33.4,32.9,33.0,31.5,33.8,33.5,32.4,31.8,33.2,33.0,32.8,33.5,32.7,32.8,33.6,31.2,33.5,32.8,33.0,32.3,34.3,33.0,33.9,33.5,34.3,34.3,34.1,33.8,33.8,33.6,33.6,32.7,33.3,33.7,34.1,32.5,34.0,33.8,33.0,34.0,32.9,33.5,32.6,33.1,33.2,33.0,32.8,32.1,33.1,33.6,32.6,32.7,33.6,33.7,33.6,33.2,33.3,34.4,33.1,33.7,34.0,33.5,33.5,33.3,33.7,34.3,32.4,32.6,33.8,33.9,32.8,31.6,34.4,33.1,33.4,32.5,32.9,32.6,33.7,32.6,33.7,32.9,33.6,32.4,33.6,34.6,34.2,33.2,34.4,34.3,33.8,33.8,33.7,34.3,34.0,33.2,33.8,33.3,33.2,33.6,32.8,33.6,33.4,34.0,32.7,33.9,32.1,34.4,32.6,34.0,32.6,33.5,32.9,33.8,32.9,33.4,32.9,33.7,32.5,33.4,34.2,34.7,33.5,34.5,34.3,34.2,33.3,33.0,34.1,33.7,33.6,33.9,34.4,33.7,34.2,33.0,34.2,32.7,34.0,33.1,34.0,33.0,32.4,32.0,32.7,33.3,33.0,32.9,33.7,32.6,33.9,34.6,34.7,34.0,33.6,33.3,33.9,34.3,33.5,33.2,34.5,33.2,34.5,33.7,34.0,33.1,32.6,33.2,33.5,33.7,32.6,33.3,32.5,34.6,33.4,33.4,32.5,33.7,32.7,33.2,32.9,34.0,32.7,33.9,33.4,34.2,33.4,34.0,33.3,33.8,33.2,33.1,33.4,33.3,33.4,33.7,34.0,34.3,33.8,32.5,33.6,33.1,33.6,32.5,33.1,32.6,33.4,32.4,32.9,32.4,33.2,nan,32.8,33.5,33.5,32.7,33.4,33.8,33.8,33.8,33.0,32.4,33.4,32.8,33.5,33.9,34.2,32.7,33.2,33.2,33.1,33.6,32.9,33.7,31.6,33.3,32.8,34.1,32.9,33.1,33.5,34.1,32.7,32.5,32.7,33.7,33.1,33.2,33.5,33.7,34.2,34.7,32.8,34.0,33.3,33.8,33.0,33.4,32.3,33.3,34.8,34.7,33.9,32.1,33.8,33.6,33.8,33.4,33.6,33.7,33.4,32.6,32.6,33.2,32.7,32.5,33.8,33.0,33.6,33.2,34.6,33.5,33.9,33.5,33.6,33.8,33.2,32.6,34.5,34.6,33.0,33.6,34.9,33.8,34.0,33.8,32.9,34.3,32.7,32.6,34.3,33.5,32.8,33.2,32.8,34.1,32.8,34.0,33.1,33.7,33.4,33.3,33.8,33.5,33.1,34.7,33.6,34.5,33.1,34.1,35.0,34.1,34.7,33.6,35.4,34.0,33.6,32.7,33.5,34.1,34.2,32.8,34.1,33.4,33.3,32.9,33.8,34.1,34.1,33.3,34.5,33.8,33.3,33.0,34.1,33.8,34.4,33.8,34.8,33.1,34.0,32.8,34.1,34.6,33.7,33.5,35.5,34.8,31.3,34.6,33.7,33.4,33.2,33.3,32.9,33.3,33.4,33.9,32.7,33.8,32.9,32.9,32.9,33.3,33.4,34.0,33.4,34.9,34.7,33.8,33.4,33.3,33.8,33.5,34.2,33.3,33.2,33.1,34.8,34.6,34.0,32.5,33.9,33.1,35.1,33.2,33.7,34.1,33.6,32.9,33.6,33.3,34.4,32.8,33.1,32.6,32.6,32.8,34.3,33.9,35.2,33.5,33.9,33.2,33.9,33.9,34.2,33.3,33.4,33.8,33.4,34.4
1785306373.4803338,1925,34.1,33.7,34.4,33.6,33.1,32.7,33.0,32.9,33.6,33.2,32.9,33.7,33.9,33.2,33.3,33.2,32.6,33.2,33.5,33.6,33.6,33.2,33.3,34.1,33.2,33.3,33.3,33.8,33.5,33.3,34.0,33.2,33.9,33.3,32.8,33.1,33.3,32.8,33.1,32.1,32.9,33.5,33.2,33.4,33.1,33.1,32.7,34.0,33.3,32.1,32.7,33.9,33.1,33.1,32.4,33.4,33.2,33.4,32.8,34.8,33.6,32.7,33.1,34.1,33.2,33.5,32.8,33.8,34.4,33.3,33.2,33.0,33.5,32.0,32.6,33.4,33.8,33.8,33.5,32.8,33.3,31.9,33.1,32.8,33.3,33.4,32.9,33.3,33.7,32.5,32.4,33.7,33.4,32.8,32.9,34.1,32.6,33.5,32.7,33.9,32.5,33.2,33.1,33.5,33.4,33.8,32.4,32.8,33.0,33.6,32.8,33.6,33.6,33.6,33.1,33.4,32.4,33.8,33.1,33.0,33.5,32.8,33.9,34.0,33.5,33.3,33.8,33.7,34.5,33.8,33.0,35.0,34.8,33.0,33.3,33.7,32.9,32.7,34.0,33.5,33.2,33.4,32.8,33.4,33.3,32.6,33.4,32.6,33.4,33.4,33.8,32.7,33.5,33.0,33.3,34.2,34.5,33.3,34.0,33.9,33.5,33.2,32.2,33.4,33.7,32.6,33.0,33.1,32.2,33.9,34.1,33.4,32.5,33.3,32.6,34.0,32.4,32.3,32.8,33.7,33.0,33.0,32.7,33.3,33.2,32.8,34.0,34.3,33.4,34.2,33.2,34.7,33.4,34.3,32.3,33.6,33.3,33.8,32.5,33.3,34.0,32.8,33.2,33.7,33.6,33.0,33.3,33.5,33.4,33.4,33.9,34.2,36.1,33.7,32.6,33.8,33.4,33.4,33.8,34.1,33.8,33.1,34.5,33.4,33.3,33.5,34.4,33.1,33.3,34.2,33.0,33.0,32.2,34.1,33.8,33.3,33.2,33.5,34.0,34.1,32.6,32.6,33.9,35.3,34.6,32.7,33.0,33.7,33.3,34.0,33.0,33.4,33.7,34.8,33.5,34.5,33.3,32.5,33.2,33.2,33.4,33.0,33.1,34.8,33.8,32.9,32.8,33.6,33.2,32.4,32.9,33.7,33.4,32.8,34.0,34.2,33.2,33.5,34.0,33.8,33.9,33.5,32.9,33.2,33.7,32.6,33.7,33.6,33.0,33.4,33.1,32.8,32.8,33.3,33.2,33.9,33.9,33.0,32.3,33.2,32.6,33.1,33.5,33.6,33.6,34.1,34.2,34.9,34.2,33.1,34.3,33.9,32.8,33.0,33.8,34.2,33.5,34.5,32.8,33.1,32.0,33.8,34.3,34.0,33.6,33.3,32.9,33.9,34.1,32.8,33.1,33.2,33.7,32.4,33.5,33.6,34.0,33.7,34.8,34.5,34.7,34.2,34.1,33.9,34.4,32.5,33.3,33.5,33.4,33.8,33.6,33.7,32.8,33.7,33.8,33.4,32.8,33.7,33.1,33.6,33.4,33.8,33.0,33.4,33.3,33.0,33.6,33.5,33.9,33.8,34.5,34.7,33.3,34.4,33.0,33.9,33.7,33.7,32.9,33.0,33.8,33.4,32.1,33.3,33.8,33.4,33.3,34.3,33.5,32.7,33.9,33.4,33.0,33.2,32.9,33.6,33.0,33.1,33.7,34.2,34.4,33.4,34.0,34.5,34.0,33.9,33.0,33.7,33.6,32.7,33.4,33.1,33.7,33.8,33.2,33.5,32.9,34.3,32.6,34.2,33.2,33.5,32.9,32.5,33.5,32.7,33.5,33.9,33.6,33.3,33.1,34.8,33.9,34.1,33.8,34.7,34.3,33.9,33.4,34.1,34.2,34.2,34.1,34.4,33.4,33.2,33.8,33.4,34.5,34.0,33.9,32.6,33.9,33.1,32.8,33.7,33.3,32.7,33.3,33.2,32.7,32.9,34.5,34.4,34.5,33.6,34.0,34.1,34.5,33.7,35.2,33.2,33.8,34.0,34.1,33.4,34.3,33.4,33.7,33.9,33.2,34.4,32.3,34.1,33.5,33.4,33.5,34.0,32.4,32.7,32.8,34.1,33.5,32.8,34.2,34.3,34.9,34.4,35.2,34.6,33.4,34.5,34.6,34.3,33.2,34.1,34.5,32.4,33.1,34.4,33.6,32.7,34.5,31.9,33.9,33.6,32.9,33.8,32.8,33.7,33.9,33.6,33.8,33.2,33.5,32.9,33.5,33.6,34.2,33.7,34.8,34.4,34.3,33.6,34.2,33.5,34.0,33.8,33.9,33.8,33.5,33.0,33.6,33.9,33.9,33.1,33.8,33.5,33.3,33.6,33.8,33.3,33.6,33.4,33.2,34.1,33.5,nan,32.6,32.5,33.5,33.5,33.9,35.1,33.6,33.6,34.3,33.6,33.4,33.5,33.8,33.9,34.4,32.8,33.8,34.8,33.1,33.4,33.3,33.8,33.7,33.3,33.2,33.5,34.8,33.6,33.3,32.8,33.5,32.7,33.2,33.4,32.9,33.1,34.5,34.4,34.5,34.6,34.3,33.5,34.7,34.0,33.5,34.0,33.7,32.8,34.4,34.5,33.7,33.6,33.3,34.3,33.9,33.8,33.4,34.1,34.3,33.6,33.4,33.7,32.5,33.0,32.8,33.3,33.5,32.7,33.6,33.8,34.0,34.0,33.2,34.5,34.6,33.7,33.6,34.4,34.3,34.0,34.1,34.4,35.3,34.2,33.7,34.7,33.5,33.2,33.0,34.5,32.9,34.1,32.9,33.8,33.5,33.0,34.0,33.2,33.5,33.7,34.6,34.7,35.5,33.7,34.2,34.0,33.2,34.1,34.4,34.2,34.7,34.1,34.8,34.0,33.7,33.8,33.5,34.3,32.7,34.2,34.3,33.2,34.1,34.3,33.5,34.2,34.1,34.0,33.8,33.3,32.6,33.5,33.4,34.5,33.9,34.6,34.1,33.9,33.7,33.5,32.8,34.8,33.7,34.1,35.1,35.6,34.8,33.3,33.0,34.5,34.6,34.6,33.1,33.7,33.0,32.7,33.4,33.3,33.8,33.1,34.0,33.1,33.8,33.1,33.6,33.5,34.5,34.2,33.2,34.5,34.3,34.3,34.2,33.5,34.8,34.8,34.6,34.2,34.0,34.5,33.8,34.2,31.8,34.2,34.1,33.8,33.1,34.1,33.7,34.2,33.9,32.8,33.1,34.2,33.1,33.3,33.5,33.3,34.2,34.2,34.3,35.4,33.4,34.1,32.8,33.9,33.0,33.4,33.4,35.1
1785306375.6266572,1926,33.9,33.8,33.0,33.0,33.4,32.8,31.8,33.4,31.6,33.1,33.4,32.4,33.5,33.3,33.1,32.7,33.5,33.1,33.4,32.8,32.9,32.0,32.8,32.6,32.5,33.4,33.0,32.6,33.3,32.7,33.1,34.3,34.8,34.2,33.1,33.6,32.5,32.5,33.0,32.7,33.2,32.9,32.7,33.3,33.0,32.3,32.6,32.7,32.5,32.9,31.9,32.9,33.9,32.3,32.5,33.7,33.7,34.1,33.3,33.4,34.3,34.2,32.7,33.4,33.6,34.0,32.7,33.9,33.4,32.6,32.9,33.3,33.2,32.7,32.0,32.6,32.5,33.0,33.0,32.0,33.1,32.9,32.0,32.4,32.9,32.9,34.1,33.0,33.6,33.1,32.7,32.6,33.7,32.5,32.8,32.8,34.2,33.6,33.1,33.1,33.7,32.9,32.4,33.6,33.1,33.5,35.3,32.7,32.9,33.1,32.8,34.0,32.7,33.5,33.7,34.1,33.5,32.8,32.5,33.5,33.8,33.0,33.6,32.9,34.4,32.6,32.7,32.9,33.0,32.9,32.4,32.7,32.9,32.7,33.4,32.5,33.0,32.7,32.6,32.2,32.3,32.7,33.1,32.0,32.4,33.6,33.5,32.2,33.7,33.7,34.1,32.8,32.9,33.3,32.3,33.4,33.8,33.2,32.5,33.3,32.4,33.1,32.7,33.1,32.8,32.5,32.9,32.0,33.5,33.3,33.1,32.8,32.9,33.2,32.5,32.3,33.5,32.9,32.4,33.4,33.3,33.2,33.1,33.2,33.3,32.6,32.3,32.5,33.5,33.9,33.3,33.7,32.8,33.7,33.2,31.8,33.2,32.5,33.7,32.8,32.7,32.9,32.8,32.3,32.9,32.4,32.6,32.6,33.2,32.8,34.4,33.5,34.9,33.3,33.0,34.2,33.0,33.0,33.7,33.2,33.3,34.5,33.3,32.8,31.9,33.6,31.7,32.6,32.2,33.0,32.2,32.6,33.0,33.9,33.0,33.1,32.5,32.8,32.7,32.5,33.4,33.3,33.2,34.5,34.8,34.3,33.2,33.1,33.6,33.3,33.1,33.9,33.8,33.4,32.2,34.2,33.6,33.2,32.9,31.3,32.9,34.0,32.7,33.6,33.0,32.1,32.4,33.5,33.0,32.8,33.1,32.8,33.1,33.7,33.4,34.1,34.4,33.8,33.9,33.1,33.8,33.2,32.7,33.3,32.8,33.1,33.6,33.3,32.7,33.5,32.2,33.7,32.7,33.2,33.0,33.7,33.1,33.2,32.7,33.3,34.1,32.7,33.0,33.7,33.4,33.4,32.8,34.2,34.3,34.0,32.5,33.7,33.6,33.5,32.8,33.4,33.4,33.8,33.5,32.8,32.6,33.9,33.6,32.1,33.1,33.4,32.5,33.5,33.1,34.1,33.3,33.1,33.0,34.0,33.1,32.9,33.5,34.5,34.1,33.7,34.6,34.3,33.4,32.8,33.2,33.9,32.7,32.7,33.5,33.9,32.5,32.4,33.4,33.4,32.9,33.5,33.6,32.7,33.0,33.7,33.2,33.1,32.6,33.2,33.2,33.1,33.7,33.4,33.9,33.9,33.2,34.0,33.2,33.4,33.8,34.0,32.9,34.3,32.7,32.8,34.2,33.0,32.6,33.9,32.7,33.1,33.4,32.6,32.9,32.5,32.9,32.6,33.4,33.4,32.9,32.6,33.5,33.0,33.5,33.3,33.2,33.7,33.8,34.0,34.1,34.3,34.3,33.1,33.4,33.3,33.1,33.2,33.1,32.8,33.5,34.4,34.0,33.0,32.1,33.9,33.9,33.8,32.9,33.4,34.1,32.5,32.3,32.5,33.6,32.3,33.2,33.9,34.0,34.1,33.4,34.2,34.0,33.9,34.7,34.2,33.8,32.8,33.9,33.6,34.6,33.2,33.3,33.7,33.3,34.1,34.4,32.7,33.1,33.2,33.1,32.9,32.9,33.2,33.3,33.1,33.1,33.0,33.6,32.4,34.5,34.3,34.6,34.3,34.1,33.5,33.8,33.8,33.7,33.9,34.0,33.0,33.6,33.5,34.1,34.6,32.9,34.1,33.2,33.2,32.9,33.7,33.1,33.9,33.0,33.5,32.5,33.4,33.6,32.8,32.9,32.3,33.9,34.5,33.3,34.4,34.2,34.6,32.5,34.2,35.0,33.5,33.6,34.3,32.2,33.2,34.1,33.4,34.2,33.3,33.6,33.1,33.8,33.2,32.0,32.8,33.2,33.4,32.2,32.9,32.9,32.8,33.4,34.2,33.8,35.3,33.6,34.0,33.4,34.0,33.6,34.3,34.3,32.9,33.5,33.0,34.0,33.3,34.7,34.0,32.9,33.6,32.7,33.4,33.4,33.5,33.2,33.6,33.5,33.0,32.3,33.8,34.3,nan,32.5,33.1,34.5,34.4,32.7,33.8,34.0,34.0,34.0,33.5,34.2,33.5,33.6,33.8,32.5,32.9,33.7,34.7,34.0,33.9,33.0,33.9,33.2,32.8,34.0,32.4,33.4,33.0,33.7,33.6,33.5,32.5,32.2,33.6,33.5,33.5,33.8,33.5,33.0,34.5,33.0,34.4,33.9,33.5,33.5,33.7,33.8,33.3,32.9,33.6,33.1,33.9,32.5,33.4,33.6,33.5,33.7,34.5,34.2,33.2,33.4,33.7,33.1,32.9,32.7,33.0,34.1,34.3,33.9,33.5,34.2,34.4,33.7,34.6,33.5,33.1,33.0,34.0,34.1,33.3,33.8,33.0,33.6,33.9,33.2,33.4,32.8,33.5,33.3,34.0,34.1,33.3,32.7,33.0,33.1,33.1,33.7,32.9,33.0,33.3,33.5,33.3,34.1,34.0,33.4,33.9,33.0,33.0,33.4,33.1,34.0,33.2,35.1,33.5,33.8,33.7,34.9,33.8,34.0,34.3,32.0,32.4,33.7,32.8,33.2,34.5,33.9,33.9,33.2,33.8,32.5,32.9,32.3,34.1,34.0,33.9,32.8,34.2,33.4,34.3,33.1,33.8,33.4,34.4,35.6,34.7,34.0,34.1,33.3,34.6,33.5,32.9,33.6,33.0,33.5,33.9,33.9,32.8,33.2,33.2,33.5,33.4,33.2,32.9,33.5,32.7,34.4,33.8,34.0,33.7,33.7,35.2,34.1,33.4,32.9,34.1,33.6,35.5,34.8,33.0,33.4,34.7,34.0,33.7,32.7,33.1,33.8,34.4,31.9,33.4,34.0,33.4,33.4,33.0,32.7,33.1,32.5,34.0,34.4,33.4,34.2,33.7,33.3,34.8,33.1,34.0,34.3,33.5,32.1,34.8
1785306377.8266358,1927,33.8,34.0,32.9,34.6,32.2,33.4,32.3,32.9,32.1,33.0,33.3,33.1,32.6,32.3,33.3,33.2,32.8,32.7,33.1,32.8,33.4,33.0,33.4,32.9,33.4,33.3,32.0,33.4,33.7,32.1,35.3,33.7,33.9,32.8,33.3,32.6,32.6,32.6,33.5,33.6,33.1,32.2,33.3,33.7,32.0,32.2,32.7,32.6,32.9,32.4,32.9,33.7,33.1,33.3,32.2,32.8,32.8,33.4,33.2,33.7,34.2,32.2,33.5,33.3,32.4,33.9,33.3,34.7,32.4,32.7,32.8,34.0,32.5,33.5,32.6,33.8,32.5,32.4,32.6,32.8,32.6,32.6,32.7,33.0,32.3,32.7,33.2,33.1,32.8,33.2,32.8,34.1,32.9,33.5,33.4,34.6,32.6,34.0,34.5,34.8,33.2,32.8,33.5,32.5,33.4,31.8,33.5,32.6,32.3,31.6,32.1,33.1,32.6,33.1,33.2,33.3,33.1,32.2,33.9,33.0,33.1,33.1,32.7,32.1,33.3,33.5,33.7,34.2,33.3,33.8,33.2,33.9,33.6,33.0,32.3,33.3,32.7,32.7,32.5,32.8,31.7,33.3,32.7,32.6,32.7,32.5,32.2,33.1,33.1,32.4,32.4,33.2,32.4,33.1,33.9,32.7,33.5,33.1,33.1,34.3,32.5,32.5,33.3,33.4,33.1,33.1,33.7,32.9,33.1,32.8,34.4,33.1,33.6,33.1,33.3,32.8,33.2,32.5,32.5,33.7,32.8,32.4,33.7,34.0,33.0,33.0,33.4,34.1,33.8,33.8,33.6,33.8,33.4,33.6,33.7,34.2,32.9,33.2,33.8,32.7,33.0,33.3,32.5,33.9,32.6,32.5,33.0,34.6,34.2,33.4,32.9,33.4,33.6,32.3,32.2,34.0,32.8,32.9,32.9,33.5,33.4,34.4,32.6,33.1,33.3,32.9,34.8,33.1,33.8,33.6,33.7,33.2,32.9,33.2,33.8,33.3,33.1,32.7,33.9,33.6,34.8,34.3,33.2,33.3,33.6,32.4,33.3,32.8,33.1,33.3,33.5,33.1,33.1,33.1,34.1,34.3,32.4,33.1,32.8,34.8,33.2,33.9,33.8,33.9,33.4,32.7,33.4,34.1,33.7,33.0,33.2,33.5,34.3,34.3,33.3,33.7,33.5,32.7,33.1,33.1,33.2,32.8,32.9,34.1,33.1,33.9,33.9,34.4,33.9,32.1,33.5,33.0,32.9,32.9,33.9,33.6,33.5,32.6,33.5,32.7,32.9,32.0,33.2,34.2,34.0,34.2,33.7,33.1,33.4,32.8,33.8,33.4,32.5,32.7,34.7,34.4,33.2,33.0,32.2,33.5,33.1,32.8,32.7,32.8,33.6,32.6,33.3,33.4,32.5,33.3,32.9,33.8,33.7,33.5,34.8,34.8,33.8,34.2,34.8,34.0,33.4,33.5,33.4,33.5,33.4,33.3,34.4,33.3,33.0,32.8,32.2,33.9,33.5,31.8,33.6,34.7,33.0,33.0,33.9,33.8,33.4,33.3,33.2,32.9,32.8,32.6,34.3,34.9,34.4,33.7,34.5,33.9,33.3,33.3,32.7,33.6,33.3,34.4,33.3,32.6,33.4,33.2,33.0,34.5,31.9,33.8,33.7,34.3,32.6,34.2,33.5,33.0,33.1,32.8,32.9,33.1,33.7,33.1,32.9,34.2,33.7,32.8,33.7,33.7,33.7,32.9,33.8,33.2,34.3,32.7,33.7,33.4,32.8,33.8,33.9,33.9,33.1,33.1,34.2,34.4,31.9,32.6,33.3,33.0,33.7,33.2,33.2,33.4,32.3,32.7,33.9,34.0,33.5,34.1,33.8,33.9,33.9,32.6,33.9,33.1,33.0,33.7,33.8,35.1,33.4,33.4,34.2,33.8,33.0,33.6,33.3,33.5,33.2,32.1,33.3,34.1,32.9,32.6,34.6,33.7,33.8,33.4,34.0,34.4,33.7,34.3,34.2,34.5,34.3,33.4,33.2,33.5,33.3,33.1,33.5,33.8,33.5,33.2,33.9,33.3,33.8,33.2,33.7,33.7,33.1,32.7,32.8,33.5,32.6,33.0,32.3,33.1,33.2,33.3,34.6,33.8,34.0,34.1,33.9,33.8,33.9,33.5,32.9,33.3,33.7,33.4,33.4,33.3,33.4,32.7,34.2,34.1,32.4,33.2,32.9,34.0,33.3,33.3,33.5,33.9,33.6,32.4,33.5,33.7,33.5,33.0,33.5,33.4,34.2,34.7,34.7,33.9,32.7,32.7,33.0,33.7,33.0,32.9,34.2,33.8,34.3,32.8,33.3,34.7,32.6,32.9,33.0,33.1,33.8,32.1,33.6,33.1,32.9,31.9,33.7,33.1,32.5,nan,33.6,33.6,33.8,34.1,33.9,34.5,32.8,33.1,33.7,33.6,33.4,33.7,33.8,33.4,32.9,33.0,33.8,32.6,33.3,34.0,33.3,34.7,32.9,33.3,34.6,33.7,33.9,33.1,33.4,34.5,32.4,32.7,33.7,33.4,34.5,33.4,33.5,34.0,33.7,33.2,33.4,33.3,32.7,33.6,33.9,33.2,33.8,32.8,34.2,34.5,33.7,32.5,34.7,33.1,33.3,32.9,34.2,33.5,32.7,33.6,33.6,33.5,32.2,32.7,33.8,33.8,34.5,34.0,34.3,34.8,34.1,32.6,33.1,33.7,33.7,32.8,33.6,35.1,33.0,33.2,34.1,33.8,33.1,34.9,33.5,34.5,33.1,32.6,33.4,33.9,32.9,32.7,34.8,34.1,33.5,33.4,32.8,34.4,35.2,33.2,33.6,33.8,33.5,34.4,33.1,34.1,34.0,33.8,34.1,34.7,32.9,34.2,34.6,34.5,32.7,33.1,34.1,34.3,33.3,32.4,34.1,33.7,34.1,32.9,33.4,33.5,33.5,32.9,33.4,34.0,33.8,32.6,34.3,34.5,33.2,32.4,32.8,34.1,33.3,33.7,34.0,33.8,32.7,32.9,35.9,34.3,34.4,33.5,33.2,33.9,33.4,33.5,34.3,34.2,33.2,33.6,33.2,33.6,34.0,33.8,33.4,33.8,33.6,33.3,33.9,34.0,32.7,32.9,33.6,33.7,33.5,33.7,34.0,33.3,33.4,32.7,35.0,35.1,34.0,33.6,34.2,33.3,33.7,33.0,33.9,33.7,33.6,33.8,33.6,33.6,34.0,33.0,33.7,32.9,34.0,32.6,34.0,33.5,33.6,33.4,33.0,33.4,33.8,33.3,33.8,33.3,32.8,34.7,33.8,34.9
1785306379.8358707,1928,30.6,31.9,33.3,34.0,32.8,33.3,32.7,33.4,32.9,33.3,33.0,33.6,31.6,33.1,32.9,33.1,32.9,33.0,33.8,33.0,33.1,31.8,33.8,33.2,31.9,33.4,33.0,34.4,32.4,32.9,33.1,34.0,33.2,31.3,33.9,32.2,32.2,31.8,33.0,32.9,32.4,32.7,33.8,33.1,32.5,32.7,33.0,33.4,32.7,31.4,34.1,33.3,33.4,32.1,32.5,33.9,33.1,31.5,33.7,34.1,35.2,32.8,33.9,33.9,33.1,32.8,32.7,33.7,31.9,33.6,32.7,34.7,31.9,33.3,32.2,33.0,33.0,32.3,32.0,33.1,31.9,32.7,33.4,32.7,32.2,33.8,33.7,33.2,32.1,33.1,33.3,33.8,33.3,33.6,33.1,33.5,33.5,32.2,33.5,32.9,32.2,32.1,33.0,33.0,32.9,31.5,33.6,32.7,32.8,31.9,33.1,33.7,33.4,32.7,33.3,33.6,32.5,32.5,33.1,32.9,33.4,32.9,33.8,33.9,33.6,32.2,34.8,33.8,31.6,32.2,32.2,34.0,32.9,32.9,34.0,33.2,32.5,33.5,32.7,33.1,32.6,33.4,33.5,32.5,33.2,34.1,33.1,33.2,32.7,33.0,33.8,33.7,32.9,32.7,34.4,33.6,32.0,33.6,33.9,34.9,32.6,32.4,34.0,32.7,32.6,32.5,33.3,33.4,32.1,32.3,33.1,33.2,33.2,32.4,33.4,33.3,33.9,34.1,34.1,33.6,32.8,32.2,33.5,33.0,32.4,33.7,33.5,33.4,33.1,33.5,32.6,34.6,33.3,32.8,33.2,34.3,31.9,32.9,32.6,34.4,32.0,33.1,33.1,33.0,31.9,32.1,34.4,33.7,34.0,34.3,32.9,34.5,32.9,32.9,33.0,33.4,32.4,32.3,33.5,32.9,33.7,33.0,34.6,33.7,33.7,31.4,33.9,33.8,32.4,33.0,33.6,33.1,33.0,33.2,34.2,32.6,32.8,33.6,34.0,33.2,32.7,34.0,34.8,34.3,34.0,33.0,33.7,33.4,32.5,32.8,33.8,34.1,33.6,32.8,34.2,34.8,31.9,33.6,32.9,33.7,33.3,33.3,32.7,33.3,32.9,33.0,33.5,33.3,32.2,33.0,33.2,33.8,34.1,34.0,33.9,34.7,33.0,34.1,32.9,33.7,32.8,33.1,33.4,34.9,32.5,32.7,33.0,34.1,33.8,32.3,33.8,33.1,33.0,32.5,33.2,33.7,33.6,32.8,33.9,33.6,33.2,32.2,33.5,33.9,34.6,33.8,33.6,34.5,33.5,32.1,33.8,33.4,33.3,32.1,34.4,33.4,32.9,33.5,33.9,33.2,32.6,33.1,32.6,34.9,33.9,34.5,32.3,33.5,32.6,33.2,33.5,34.4,32.7,32.7,33.6,33.8,33.2,34.3,33.8,34.1,32.9,33.8,34.1,32.9,32.8,33.6,33.5,34.1,33.3,32.9,34.3,33.2,33.2,31.9,34.1,33.3,32.7,32.2,33.9,33.4,31.7,32.3,33.9,33.2,32.9,32.8,34.0,34.5,33.3,33.1,33.0,33.2,33.7,32.9,33.1,33.0,32.9,32.8,33.9,33.3,33.5,31.9,34.3,34.7,32.0,33.5,33.8,34.8,32.9,33.4,33.0,34.3,33.1,32.8,33.4,33.2,32.7,32.9,32.7,34.1,33.7,33.7,34.6,34.6,33.5,32.7,33.6,33.4,32.0,33.1,33.6,33.7,32.9,33.9,34.5,33.8,33.2,32.0,33.3,33.7,32.6,32.0,33.2,33.1,33.1,32.3,33.3,34.0,32.1,32.4,33.6,33.9,33.9,33.6,34.8,34.8,33.9,33.7,33.7,33.6,32.8,32.0,34.1,34.0,32.2,33.2,33.9,33.9,33.5,33.5,33.4,33.8,32.9,33.8,34.2,33.8,32.7,33.6,33.0,33.6,32.5,32.4,33.5,33.5,33.9,33.8,33.8,35.1,33.0,33.7,32.9,33.4,32.7,32.6,33.5,34.0,32.7,32.4,34.1,33.8,32.9,31.8,34.0,34.4,33.1,32.1,33.9,33.8,33.0,32.3,33.7,33.5,32.3,32.3,33.9,33.6,33.7,32.3,33.5,34.0,33.4,33.5,32.7,33.6,33.1,33.0,33.9,34.0,32.4,32.5,34.3,34.2,32.1,33.9,33.5,33.5,31.9,33.2,32.6,34.0,32.5,32.9,33.1,34.3,31.8,32.8,33.9,33.3,33.5,33.7,33.8,34.3,32.5,34.0,32.9,32.7,32.7,33.7,34.4,33.8,34.9,32.5,34.3,34.4,33.1,34.0,33.5,33.8,33.2,32.1,34.1,32.9,33.1,33.5,33.0,34.0,33.0,nan,32.7,33.1,33.3,32.5,34.0,35.1,33.1,32.9,33.5,33.5,33.2,33.5,33.6,34.0,33.4,33.5,34.3,33.9,32.3,33.9,33.5,33.9,32.9,32.1,33.5,33.5,32.8,33.4,33.1,32.7,31.8,32.6,33.2,33.0,33.6,33.3,34.3,34.6,33.3,33.8,32.9,34.1,33.2,33.5,33.8,34.1,32.2,33.4,33.1,33.0,34.2,33.1,33.3,33.7,32.8,32.6,33.2,33.6,33.7,32.3,34.2,34.0,32.6,32.9,33.7,33.1,33.1,32.3,34.4,33.6,33.2,33.2,33.8,34.4,33.3,32.5,35.0,33.6,33.1,32.7,35.0,34.3,32.5,33.5,34.1,33.8,32.6,33.7,31.6,34.4,32.5,32.3,33.9,33.9,33.3,32.8,33.0,33.6,33.1,33.6,34.1,33.8,33.4,34.3,33.0,33.9,33.7,33.3,33.4,33.9,33.0,32.1,33.8,34.3,33.3,33.3,33.8,33.8,34.1,32.9,34.2,32.9,32.9,33.0,33.0,33.1,33.2,32.4,34.4,33.6,33.7,32.9,34.4,34.1,33.7,33.2,33.6,34.8,33.2,33.2,34.3,34.2,34.4,32.8,33.7,35.1,32.9,33.8,33.8,34.8,33.7,32.6,34.0,33.8,32.6,32.8,33.9,33.7,32.7,33.0,33.4,33.9,32.7,33.0,33.0,33.6,32.3,33.8,33.9,34.4,33.3,32.5,34.3,33.4,33.3,33.4,34.9,35.0,32.7,31.4,35.0,34.3,33.2,31.9,34.0,33.3,33.6,33.3,33.2,33.4,33.8,32.7,33.6,33.9,34.1,33.6,34.1,34.0,33.0,33.6,34.4,33.9,32.7,32.5,34.9,33.4,33.1,33.1,34.6,36.1
1785306381.9862742,1929,33.4,32.3,33.8,32.9,33.5,32.7,32.9,32.7,33.9,32.0,33.6,31.7,32.9,31.5,33.3,33.0,32.8,32.7,32.7,33.2,33.3,31.9,32.6,32.9,32.5,32.9,33.2,32.7,33.6,32.6,33.9,34.7,31.5,33.4,34.0,33.4,33.0,32.5,33.3,32.9,32.5,32.5,33.0,33.3,32.6,33.8,32.5,33.4,32.6,32.7,33.0,32.9,33.3,33.4,33.6,33.3,32.6,32.9,34.2,34.0,34.5,35.1,32.6,33.4,33.6,33.4,32.9,33.4,32.6,33.1,34.5,32.8,32.6,32.6,33.7,32.2,32.8,32.4,32.7,33.3,32.5,33.7,32.5,32.6,33.6,33.0,32.8,32.4,33.1,33.2,33.9,33.1,33.7,32.8,31.9,32.9,33.6,33.4,32.0,32.6,33.0,32.5,33.3,33.8,33.0,32.6,32.7,32.7,33.2,33.5,32.8,33.2,32.6,33.2,32.4,33.9,32.2,33.7,33.0,33.5,33.8,33.8,32.7,34.5,33.3,33.2,33.7,34.1,33.9,33.8,33.3,33.9,32.9,33.0,32.0,32.6,33.4,32.6,33.5,33.0,33.1,32.6,33.8,33.3,32.9,32.1,33.3,32.6,33.7,32.9,32.9,33.4,33.4,33.2,33.0,34.2,32.6,33.9,33.6,33.0,32.7,34.0,32.6,32.2,35.1,32.7,33.0,33.4,34.1,33.3,32.1,33.7,32.5,33.4,34.5,33.8,33.4,33.4,32.6,33.1,33.2,33.2,33.4,33.0,33.6,33.3,33.2,33.8,32.8,33.7,32.7,33.7,34.9,33.8,33.7,34.0,32.3,32.8,33.7,33.3,33.4,33.7,32.1,33.9,32.9,33.3,34.7,34.8,33.0,32.9,33.4,33.1,33.6,32.8,33.5,33.3,33.5,32.9,33.2,32.9,33.1,33.2,34.2,34.0,33.6,34.3,32.8,33.8,33.1,33.7,33.3,33.1,33.4,32.8,33.3,33.6,32.7,33.8,34.7,35.3,33.6,33.0,32.7,32.9,33.2,32.3,33.1,33.4,32.6,32.9,33.5,32.6,32.7,33.4,33.5,32.5,33.4,32.5,34.3,32.6,32.9,32.8,32.5,33.3,33.5,33.0,33.4,32.7,33.3,33.2,34.6,34.3,33.8,33.9,33.4,33.2,33.6,32.9,32.9,32.5,33.9,33.3,33.0,33.6,33.4,33.3,34.6,33.8,33.5,32.7,33.3,33.3,32.8,34.0,32.9,33.5,32.5,33.4,32.5,33.5,32.1,33.2,33.4,34.2,34.2,34.2,34.0,34.0,33.6,33.4,33.0,33.0,33.2,33.8,33.6,34.0,33.0,34.0,33.2,34.0,33.0,32.8,34.6,33.8,33.5,33.6,33.2,33.4,33.9,32.6,32.5,32.9,33.6,33.1,34.1,34.0,34.0,33.1,34.3,33.7,34.0,33.2,33.1,33.2,33.3,33.0,32.9,33.5,33.7,32.7,33.1,33.1,33.3,33.6,32.6,32.9,32.4,33.3,33.4,33.2,32.9,33.3,33.2,33.5,33.6,33.2,33.4,33.1,33.3,34.0,33.9,33.7,33.1,33.4,32.3,33.8,32.3,33.5,33.8,33.3,32.3,33.4,33.0,34.3,33.9,32.6,32.8,34.3,33.1,32.6,32.6,33.7,33.1,33.6,33.1,33.3,34.3,33.9,33.5,33.9,34.3,33.6,33.4,33.6,33.7,33.1,33.1,34.0,33.4,33.4,33.5,33.4,33.3,33.6,33.3,33.9,32.7,32.6,34.6,33.2,32.9,33.5,32.4,32.9,33.2,33.8,33.7,33.2,33.2,34.7,34.2,33.9,33.3,34.2,34.1,32.9,32.6,32.8,33.6,33.2,32.5,33.3,34.1,33.4,34.3,33.7,32.6,32.7,33.5,34.2,34.4,33.3,32.8,32.8,34.7,32.7,32.7,33.6,32.6,33.4,33.3,32.9,33.8,33.1,34.8,34.2,33.9,33.9,33.3,32.7,33.8,33.3,33.2,33.5,33.8,33.1,33.3,32.3,33.7,34.1,33.0,34.9,33.3,33.6,33.1,33.9,34.0,33.8,32.7,33.6,32.9,33.4,33.2,33.0,34.4,33.1,34.1,33.9,34.5,33.3,32.6,33.8,33.9,33.4,33.0,34.0,33.8,34.2,33.1,33.8,34.8,34.4,33.8,33.4,34.0,33.8,33.8,32.5,33.1,33.4,34.0,33.1,32.8,32.7,33.0,32.9,33.5,33.2,34.8,34.0,33.8,34.7,33.3,32.9,32.8,33.1,33.9,32.6,34.0,33.8,34.0,33.2,33.7,32.5,32.6,33.4,33.8,33.2,33.3,33.5,32.9,33.6,32.7,33.3,33.7,33.4,33.5,nan,33.4,34.1,34.1,33.8,34.6,34.6,33.1,33.6,33.1,33.2,33.2,33.3,34.2,32.4,34.4,33.9,33.6,33.3,34.7,33.8,33.3,33.8,34.0,33.1,33.3,33.5,33.7,33.8,32.9,33.1,33.5,32.4,33.8,33.7,33.3,33.5,34.6,34.4,33.1,33.2,32.5,32.9,34.1,32.5,33.1,34.4,33.4,33.5,33.9,34.3,34.1,33.1,33.9,33.5,34.2,33.2,33.2,33.3,32.5,34.2,33.3,33.8,33.7,33.3,34.1,34.2,32.8,33.1,33.8,33.8,33.0,33.1,33.4,33.3,33.9,34.0,33.8,33.6,33.2,33.5,34.3,33.5,33.6,33.8,33.6,33.7,32.8,33.4,34.0,33.7,33.7,32.5,34.3,34.5,34.1,33.5,32.9,33.8,34.7,33.3,34.1,34.7,34.1,33.7,33.4,33.1,33.5,33.8,34.0,35.1,34.0,33.2,34.2,33.2,33.9,33.7,33.5,33.4,33.8,33.5,32.2,34.0,33.7,33.5,33.1,34.2,33.8,33.9,34.0,33.9,34.0,33.9,33.9,33.8,33.6,33.5,32.8,32.8,32.4,34.2,32.8,34.0,33.1,33.8,34.4,35.3,32.4,33.7,34.4,34.3,33.7,33.6,33.6,34.1,33.9,33.4,33.5,32.9,33.4,32.4,33.7,33.7,34.8,33.6,33.3,33.3,33.7,32.4,32.9,33.7,34.2,33.0,33.9,32.7,33.9,33.1,33.4,34.7,32.9,33.7,33.3,33.4,33.3,32.9,33.0,33.1,33.8,33.5,33.1,33.9,33.1,33.6,34.2,33.6,32.9,33.8,33.5,34.3,33.6,33.4,33.2,34.1,33.6,33.3,34.0,33.6,32.8,33.3,34.1,35.2
1785306384.1188917,1930,32.3,31.5,34.0,33.9,33.2,32.9,32.7,33.3,32.3,32.6,32.2,33.1,32.7,32.6,32.5,33.0,32.2,32.8,32.3,34.5,32.5,33.6,33.4,33.1,33.5,32.2,33.2,33.8,33.8,32.6,32.6,34.4,33.1,32.3,32.5,32.4,32.8,32.2,33.7,34.3,32.9,32.7,33.0,33.1,32.0,32.5,34.3,34.1,32.4,33.2,33.0,32.9,32.7,32.5,33.8,33.7,32.4,33.7,32.9,34.3,33.3,32.6,32.0,34.4,33.6,32.5,33.9,34.7,33.0,33.7,34.5,33.8,32.8,32.6,32.8,33.4,32.7,31.7,32.7,33.8,31.8,33.0,33.2,33.2,32.4,32.3,32.8,34.0,33.1,33.4,33.3,34.3,33.7,31.7,32.8,35.3,33.6,32.6,32.7,33.5,32.9,32.7,34.1,33.6,33.8,32.8,31.5,33.4,32.5,32.8,32.8,33.3,31.9,33.0,33.2,33.4,32.4,32.8,33.1,33.7,32.9,33.8,32.9,33.7,33.7,33.6,33.3,33.8,33.9,33.3,33.7,33.3,32.5,32.6,32.2,34.1,33.0,32.6,33.2,33.7,33.1,32.4,33.8,32.4,32.7,32.6,33.0,34.1,33.0,32.9,32.9,34.3,32.5,32.8,33.6,34.6,32.2,32.7,33.0,33.7,33.7,31.9,33.3,33.3,32.9,33.5,33.3,33.5,32.0,32.4,33.2,33.3,32.6,33.1,32.8,33.0,33.2,34.3,33.6,33.3,33.8,33.2,34.1,33.2,32.7,31.9,34.7,34.0,32.6,33.5,33.2,33.0,32.8,32.5,33.6,33.4,33.0,33.4,32.6,34.0,32.9,33.0,33.6,33.2,33.1,33.6,33.1,33.0,33.9,35.0,34.4,33.0,33.1,32.0,33.2,33.1,32.8,33.1,33.5,34.4,33.3,33.0,33.7,33.8,33.1,33.0,33.6,34.2,33.1,33.0,34.2,32.4,33.1,32.8,32.7,33.4,31.9,33.0,33.2,33.0,34.2,34.6,34.2,32.9,33.2,32.3,33.3,32.4,32.6,33.6,33.9,32.8,33.7,33.8,34.7,33.5,32.5,33.3,33.1,34.0,32.9,33.2,33.4,33.3,33.5,32.5,33.4,34.1,32.8,33.0,33.3,34.3,34.4,33.7,32.9,34.0,33.8,33.0,33.6,33.0,32.7,33.0,33.6,34.3,33.8,33.0,33.8,32.3,33.4,32.5,33.5,33.5,32.7,33.0,33.6,33.3,32.5,33.7,32.6,33.8,32.4,32.4,33.7,33.2,34.0,34.0,33.4,34.2,33.4,33.7,33.3,33.8,33.2,33.3,33.8,33.6,33.1,32.7,33.0,34.2,32.6,32.8,33.2,33.6,32.6,32.7,33.4,34.3,33.1,32.8,33.2,34.0,32.6,32.6,32.8,33.9,33.2,34.2,35.0,34.2,33.3,33.4,32.7,33.0,33.2,33.0,33.1,32.6,32.9,32.6,33.3,34.7,34.1,32.9,34.0,33.1,33.0,33.3,33.1,34.2,32.2,32.6,33.3,33.5,32.8,33.5,33.5,33.7,34.4,33.2,33.7,34.0,33.6,32.9,33.5,32.8,33.0,33.0,33.1,33.5,32.5,31.9,33.2,33.9,32.9,32.6,33.4,34.7,33.1,32.7,33.6,34.4,32.9,31.7,33.4,33.6,32.8,32.6,33.2,34.4,34.3,33.6,34.6,34.5,33.7,33.7,33.6,34.3,32.7,33.0,33.6,34.0,32.7,33.2,34.3,34.7,33.5,33.4,34.2,33.2,32.7,32.6,32.7,32.9,32.9,32.5,33.2,33.2,32.8,33.4,34.1,33.4,33.3,33.8,34.4,34.2,33.4,33.6,33.7,33.5,33.5,32.5,34.1,33.6,32.3,33.3,33.2,34.7,33.8,33.4,33.6,33.3,33.5,32.8,33.3,34.1,32.7,32.5,33.3,33.4,32.7,33.2,34.6,33.9,33.7,33.4,33.9,34.5,33.3,33.2,33.6,33.0,33.1,33.0,33.7,33.9,33.1,33.6,33.3,33.9,33.8,33.7,34.0,34.0,33.0,33.0,33.1,34.1,31.9,33.1,33.2,32.9,33.8,33.3,33.8,33.9,32.7,33.6,34.5,34.4,34.7,33.1,33.2,33.7,33.5,34.0,34.0,34.0,33.8,32.8,34.4,34.4,33.3,32.8,33.8,33.8,33.4,32.3,34.2,33.0,33.2,32.4,33.1,33.7,33.6,33.2,33.3,33.6,33.5,34.0,33.8,34.7,33.3,33.5,33.4,34.2,33.6,33.3,34.0,34.2,34.2,32.6,33.1,35.3,32.8,33.6,34.2,33.6,32.4,33.3,33.3,33.2,33.0,33.7,32.9,34.0,32.7,nan,33.3,33.2,34.3,33.6,34.2,34.4,33.8,33.9,34.1,32.5,33.2,33.6,33.8,34.0,33.1,33.7,33.0,33.1,32.7,33.2,33.0,35.3,32.9,33.1,33.4,34.3,32.8,33.4,33.4,33.5,32.5,33.2,33.8,33.9,33.6,33.9,33.9,33.7,34.1,33.2,32.8,34.1,32.6,32.2,34.0,34.5,33.6,33.9,33.7,34.5,32.1,32.9,34.9,33.0,33.3,33.9,33.8,33.8,33.2,33.0,33.8,33.8,33.0,32.9,33.4,34.4,34.1,33.9,34.3,34.8,33.6,33.4,33.4,33.7,32.7,33.1,34.7,34.5,33.4,32.5,34.1,34.1,33.0,33.3,34.9,34.3,32.6,32.8,33.3,34.8,33.4,32.2,34.1,34.8,32.7,33.2,34.4,33.3,34.1,33.2,34.2,33.5,33.6,33.7,33.0,34.0,33.4,34.3,34.6,34.1,34.2,34.2,34.0,35.1,33.4,32.1,33.3,34.4,33.3,33.3,32.4,33.8,33.4,32.6,34.5,34.3,33.3,33.4,35.0,33.8,34.3,32.9,33.9,33.6,33.6,33.9,33.9,33.1,32.8,33.4,34.5,33.0,33.1,33.4,34.2,34.9,33.5,32.6,33.3,35.4,33.3,34.1,33.2,34.6,32.6,33.2,33.3,34.0,32.8,33.4,32.5,34.2,34.4,33.1,33.9,34.0,33.4,34.2,32.7,34.1,33.5,33.2,33.7,33.9,33.3,33.5,34.0,35.3,32.8,34.2,34.2,34.1,32.6,32.7,34.3,34.8,33.8,34.0,34.0,33.6,32.9,32.9,33.3,33.0,33.8,34.3,33.4,33.6,34.0,33.7,33.9,33.1,33.2,32.5,34.2,35.6,32.8,33.9,35.2,35.4
1785306386.327485,1931,33.0,33.4,32.6,33.6,33.1,33.8,32.8,31.8,32.1,32.6,31.7,32.5,33.2,32.5,32.8,31.3,32.8,31.9,33.9,32.7,32.2,32.5,33.3,33.3,33.0,33.5,34.0,33.4,33.7,33.3,34.3,32.4,32.3,32.2,32.3,33.1,33.3,32.1,31.8,33.2,31.7,33.7,32.6,32.6,32.9,31.8,32.5,34.0,33.0,32.2,33.2,33.7,32.5,31.8,32.8,32.2,32.8,32.4,33.2,33.5,32.9,33.6,32.8,34.6,33.7,33.2,32.1,32.9,31.6,33.9,34.6,32.9,33.5,33.4,31.9,32.5,32.7,32.8,32.4,32.3,32.1,32.1,32.8,33.2,32.8,33.0,34.1,32.6,32.8,33.2,32.8,34.7,34.0,33.5,32.9,33.2,32.4,32.8,33.4,33.4,32.3,32.8,33.3,32.9,32.9,33.3,32.6,32.8,33.2,32.9,32.0,32.9,32.6,32.2,32.4,33.4,33.4,32.9,32.6,32.8,33.1,32.9,33.3,33.2,32.8,33.3,32.4,33.5,32.6,32.6,32.7,33.3,32.2,32.6,32.9,33.0,33.2,32.7,32.5,33.0,32.2,32.9,32.7,31.9,32.8,34.0,32.5,33.1,32.1,33.4,32.8,33.6,32.4,33.2,33.9,34.3,33.1,32.9,32.6,33.2,33.0,32.8,32.2,33.6,33.1,33.2,32.8,33.4,32.4,33.2,33.0,33.4,33.1,32.6,32.6,33.0,32.9,33.2,32.8,32.8,32.8,32.6,33.2,33.4,33.2,32.5,32.6,33.7,32.6,32.8,33.0,34.5,32.1,33.9,33.5,34.2,33.3,32.6,32.5,32.9,32.3,33.7,32.7,32.7,32.8,32.8,33.1,33.0,34.3,34.7,33.6,33.1,32.8,32.4,33.4,32.8,34.1,32.6,33.6,33.0,33.6,33.3,33.6,33.6,32.7,33.1,33.8,32.3,33.1,32.3,33.0,32.8,32.9,32.4,33.1,32.2,31.9,32.1,33.4,33.2,34.7,33.7,34.4,33.4,33.1,32.9,33.3,33.3,33.0,32.3,33.1,32.7,33.7,33.3,33.5,33.2,32.0,32.9,33.0,33.6,33.4,33.2,32.4,33.2,33.1,33.1,33.1,33.3,32.5,31.9,32.9,33.3,33.3,35.0,33.6,33.5,34.0,33.4,32.8,33.2,32.9,33.2,32.6,33.2,32.9,33.3,33.5,33.4,33.0,32.4,33.3,33.8,32.4,32.6,32.4,33.6,33.2,31.8,32.3,33.7,33.3,32.8,33.2,33.6,34.4,34.0,33.2,33.8,34.1,33.3,33.7,32.9,33.4,33.4,33.1,32.6,33.0,33.0,32.8,33.5,32.5,31.5,32.9,33.3,33.0,33.1,32.9,33.4,32.8,32.5,32.9,32.9,32.7,33.1,33.3,33.9,34.3,33.7,33.3,33.7,33.4,32.9,32.6,32.2,32.2,33.2,33.2,33.5,33.5,33.0,32.6,33.5,33.5,32.8,33.6,33.4,32.8,33.2,33.3,32.6,33.3,33.2,32.9,33.3,33.3,33.3,33.7,33.5,33.8,33.4,34.1,34.4,33.5,33.3,32.5,33.2,34.0,33.6,32.6,33.7,32.9,32.1,32.1,32.5,33.8,34.8,33.1,33.5,32.4,32.4,32.8,33.2,33.5,33.5,32.3,33.3,32.7,32.4,32.9,34.2,34.4,34.2,34.0,33.8,34.0,33.1,33.3,33.2,33.5,33.5,33.2,33.6,32.8,32.5,33.4,33.3,33.3,32.7,33.6,33.4,33.6,32.3,32.8,33.0,33.0,32.6,32.9,32.6,32.5,32.9,32.7,33.7,33.8,33.7,33.5,33.9,34.3,33.3,32.3,32.9,34.2,33.1,32.9,32.8,33.6,33.6,33.3,34.6,33.6,34.0,33.3,33.5,33.5,32.8,33.2,32.9,33.3,32.3,33.0,33.7,32.9,33.6,33.5,34.1,34.4,34.0,33.5,34.2,33.8,33.6,34.0,33.5,33.3,33.5,33.4,33.2,33.4,32.1,33.7,32.7,33.8,33.2,34.6,34.4,33.7,32.3,32.6,33.8,33.4,32.0,32.1,32.6,32.5,31.9,33.8,32.4,34.1,34.3,34.0,34.3,33.9,33.2,32.4,34.1,33.4,34.0,33.8,33.5,33.4,33.5,33.4,34.3,33.2,33.6,32.9,33.4,33.5,33.5,33.5,33.2,32.2,32.9,33.8,33.3,32.8,33.2,33.0,32.4,33.8,34.0,33.5,34.0,33.2,33.7,33.1,33.2,33.8,33.3,32.8,33.1,33.0,34.3,34.4,33.7,34.3,32.7,32.6,33.9,33.5,33.2,32.1,33.5,33.4,32.9,33.7,33.1,32.9,nan,32.8,33.1,33.8,33.7,32.6,34.8,34.1,33.1,32.4,33.1,33.1,33.2,33.1,33.4,33.3,33.2,33.9,33.6,33.3,33.8,33.7,33.4,32.8,33.5,33.2,32.8,32.7,33.8,32.3,33.3,32.7,32.9,33.5,32.7,33.5,33.6,32.8,33.6,33.2,34.6,32.4,32.6,33.3,33.8,33.0,33.3,32.3,33.7,33.2,33.5,34.1,33.4,33.3,32.7,33.1,33.1,33.1,34.1,34.1,33.2,32.9,33.7,32.9,33.0,32.5,33.1,33.5,33.2,32.7,34.0,33.5,33.3,32.7,34.3,34.3,33.1,33.5,33.5,32.8,32.8,33.5,34.6,34.2,33.8,33.9,33.5,33.5,33.0,32.6,33.0,33.6,33.3,33.6,33.8,33.7,34.2,32.8,34.0,33.4,33.7,33.3,33.3,33.6,34.2,33.6,32.7,33.2,34.2,33.7,33.8,33.1,33.1,33.1,33.4,34.6,32.5,34.2,33.7,34.1,31.9,33.5,33.7,33.0,33.0,32.8,33.9,33.6,31.7,33.6,33.0,32.6,34.3,33.4,33.1,33.6,33.2,33.7,33.0,33.3,33.3,32.8,33.5,33.2,32.3,33.4,35.2,33.2,34.7,33.0,34.3,34.0,33.8,34.1,33.7,33.8,33.4,34.1,33.5,33.8,33.4,33.2,33.5,33.3,33.5,33.4,34.0,33.4,34.0,34.1,33.7,33.2,34.1,33.2,33.7,33.4,33.4,34.2,34.7,33.3,33.4,33.3,32.9,33.3,33.2,32.6,33.7,33.5,33.0,33.8,33.5,34.0,33.0,32.6,33.5,33.7,33.3,33.6,32.8,34.2,34.0,32.8,33.6,33.2,33.7,33.6,34.1,33.0,33.8,33.9,35.1
1785306388.434777,1932,33.3,32.9,32.4,33.6,33.3,32.1,32.8,33.6,31.7,32.3,33.1,32.9,32.3,32.1,32.6,33.0,33.0,32.5,32.6,32.7,32.4,32.1,33.1,33.5,32.4,32.9,32.2,33.6,34.6,33.3,33.8,33.7,34.2,31.7,32.6,33.3,33.5,32.1,32.7,33.0,33.1,31.8,33.4,33.6,33.7,32.0,33.1,33.7,33.5,33.0,32.9,32.8,33.5,32.4,32.2,34.0,31.2,32.6,33.2,33.1,34.0,32.7,33.8,34.6,33.0,32.7,32.4,32.5,32.5,32.9,32.2,32.7,32.9,33.0,32.1,33.5,32.6,32.8,31.9,33.3,33.0,32.8,32.8,32.5,32.5,32.9,32.3,32.2,32.2,33.6,33.8,33.3,32.9,33.3,33.9,34.4,32.2,33.0,32.3,33.9,32.8,32.8,32.9,32.5,32.9,32.5,32.8,32.8,31.8,32.3,32.1,32.5,32.1,32.4,32.5,33.4,32.6,32.5,32.4,33.2,32.0,32.2,33.5,33.8,33.3,32.7,33.1,33.0,33.6,33.1,32.5,33.1,33.8,33.4,33.3,33.0,32.5,32.4,32.9,33.2,33.2,32.8,32.3,32.4,32.4,33.8,33.0,33.6,33.2,33.3,32.6,33.2,33.2,33.2,32.9,33.3,32.9,33.9,32.4,33.5,34.2,32.3,32.4,33.6,32.7,32.0,33.7,32.1,34.0,33.2,32.7,33.8,33.2,31.8,32.6,32.5,33.2,32.7,33.1,33.7,32.3,32.8,33.7,33.1,32.5,32.3,33.0,33.5,33.2,34.2,34.1,33.8,33.2,33.9,32.9,33.6,32.4,32.8,33.3,33.3,32.1,33.0,33.5,33.4,32.3,32.6,32.7,33.0,33.9,34.3,34.1,33.1,33.8,32.9,31.7,33.6,32.5,32.9,32.5,33.5,33.0,34.2,34.1,33.2,32.2,32.4,32.8,33.9,33.1,33.3,32.6,32.7,33.6,31.4,33.6,33.3,32.8,32.4,33.4,32.6,33.8,34.0,34.5,34.1,33.6,33.0,33.5,32.1,33.5,32.7,32.4,33.3,32.7,32.5,33.7,33.9,33.3,34.2,32.8,33.5,32.3,32.1,32.6,33.4,31.4,33.1,32.3,32.9,32.9,32.7,33.0,33.4,33.4,33.9,34.3,33.4,32.9,33.7,33.3,32.0,32.2,32.6,33.7,33.9,32.7,32.6,33.1,33.8,32.6,32.8,33.5,33.4,33.0,33.1,33.8,33.4,34.1,33.0,32.0,33.2,32.5,32.0,33.6,32.6,33.3,34.1,33.7,33.9,33.4,33.0,32.9,33.2,32.7,32.9,33.4,33.3,33.0,32.8,33.8,33.3,33.1,33.2,33.5,32.9,32.1,32.9,33.1,33.2,33.5,33.1,32.9,32.7,33.2,33.4,33.3,33.3,34.3,33.7,32.9,34.4,33.9,34.2,32.3,33.0,32.2,32.5,32.3,33.3,33.6,32.5,33.6,33.7,33.3,31.6,33.0,33.4,32.1,32.3,33.8,33.3,33.4,32.5,32.5,33.1,34.0,33.4,33.6,33.1,34.4,33.5,33.6,33.8,33.0,33.6,33.4,33.2,33.3,32.0,34.0,33.5,33.6,33.4,33.6,33.6,31.3,32.8,33.1,32.7,31.3,33.3,32.5,32.3,34.0,33.7,32.8,32.8,33.1,32.5,32.6,34.4,33.6,34.0,34.2,33.4,33.9,33.9,33.0,33.4,33.6,33.0,33.9,33.3,33.2,33.4,32.4,33.5,33.5,32.7,32.8,33.8,34.1,32.8,32.4,33.5,33.5,32.7,33.4,33.1,33.5,32.6,33.5,34.3,33.9,33.7,34.1,33.8,34.3,34.0,33.3,34.1,33.5,32.9,32.5,33.7,32.5,33.4,34.2,33.6,33.7,33.8,33.5,33.7,32.5,32.8,32.8,33.7,33.0,32.5,33.2,34.7,33.5,33.1,33.5,33.7,32.5,34.0,34.3,34.1,33.7,33.7,34.0,33.5,33.1,32.8,33.2,32.9,32.8,32.5,33.0,33.5,34.9,33.0,33.1,33.3,33.0,32.5,33.5,33.3,33.2,32.9,33.4,33.1,33.0,32.7,33.1,33.4,34.8,33.7,34.0,34.7,33.6,33.2,33.6,33.6,33.4,33.0,32.6,34.4,32.9,33.3,33.6,33.5,33.9,33.6,32.7,33.6,32.4,33.1,32.7,32.7,33.8,33.3,32.2,33.7,32.5,32.7,33.4,34.1,33.5,33.7,34.3,34.2,33.4,33.1,32.8,33.2,33.5,32.8,33.9,34.7,33.2,33.2,34.2,33.1,33.0,33.5,32.8,33.1,33.3,32.5,33.5,33.3,33.6,32.9,33.6,32.7,32.7,nan,33.0,33.6,33.2,33.4,33.9,34.2,33.5,34.3,33.1,33.6,33.3,33.4,34.2,32.8,34.2,32.8,33.7,35.0,33.7,33.0,33.1,34.0,32.6,34.2,33.7,33.2,32.9,33.6,33.3,33.7,32.9,32.6,32.9,33.7,33.9,33.4,33.3,34.6,33.4,34.6,33.3,33.3,33.8,33.8,32.6,34.4,33.1,34.3,33.6,33.1,33.9,33.2,33.9,32.5,33.1,32.7,33.3,33.7,33.9,33.8,32.9,33.6,33.5,32.5,33.0,33.6,33.7,34.0,33.3,34.4,33.7,34.3,33.8,32.9,33.0,33.5,33.3,34.6,32.8,33.0,33.7,34.2,34.7,34.0,31.6,34.3,33.5,34.2,33.2,33.7,32.9,32.4,33.1,33.3,33.1,32.7,32.8,33.4,33.2,33.0,32.7,34.2,33.3,34.6,32.7,33.3,33.3,32.3,34.5,33.8,33.9,34.5,34.1,33.8,33.9,32.9,33.1,33.7,32.7,32.6,32.6,34.3,33.2,32.5,33.5,33.9,33.6,33.5,33.6,33.5,34.3,33.3,33.6,33.8,34.1,33.4,33.0,33.8,32.4,33.1,33.2,34.4,33.4,32.9,33.8,34.6,33.0,34.4,34.3,35.4,33.0,34.0,33.7,34.3,33.0,33.6,32.7,33.5,33.4,33.3,33.8,33.7,33.3,33.7,33.2,33.1,34.0,33.5,33.4,32.8,34.1,34.7,34.2,34.5,33.6,34.4,34.6,34.0,33.1,33.6,34.2,33.5,33.7,33.6,32.8,33.2,33.3,33.4,32.4,33.7,33.5,31.9,34.0,34.0,33.1,33.9,33.6,32.5,34.0,34.0,33.8,33.4,33.6,33.7,33.0,34.3,34.4,33.6,33.6,33.7
1785306390.6840317,1933,34.9,33.3,32.1,33.0,34.0,33.3,33.7,32.4,32.8,32.9,32.5,33.4,32.4,32.2,32.6,32.7,33.2,32.6,33.3,32.4,33.2,33.7,32.5,33.4,33.2,33.0,32.9,33.9,34.1,33.4,33.5,32.3,33.8,33.0,32.7,33.1,33.8,33.2,33.0,34.0,33.4,32.6,32.9,34.1,32.7,33.1,32.2,33.5,33.2,32.8,33.5,32.8,32.6,32.9,34.3,33.8,33.1,34.0,32.4,33.5,33.7,34.3,34.7,33.8,34.7,34.5,33.1,33.0,33.1,34.1,33.0,32.0,33.9,32.7,32.3,32.3,32.7,33.0,33.1,32.4,33.1,33.6,32.8,32.6,34.4,33.1,32.9,32.5,33.0,33.0,33.0,33.4,33.6,32.3,32.5,32.8,33.5,33.7,32.8,33.2,32.4,32.6,32.8,33.1,33.7,33.5,32.0,33.3,33.5,33.7,32.9,32.9,33.1,32.9,32.8,33.8,32.0,33.8,32.9,33.4,33.8,34.1,35.0,33.6,33.4,33.5,33.6,32.8,34.8,34.8,32.3,33.0,33.0,33.7,33.9,32.9,33.4,32.9,33.1,32.1,33.2,33.4,32.8,32.2,33.4,33.2,32.5,33.2,33.7,32.4,32.8,33.5,33.0,33.3,32.7,34.2,32.7,34.6,33.5,34.0,33.8,33.2,34.7,33.0,33.6,33.9,32.5,33.3,33.5,32.9,32.4,33.1,33.1,33.8,33.4,33.2,34.0,33.3,33.9,32.8,34.4,33.3,33.7,34.3,34.0,33.9,33.1,33.7,33.1,33.2,33.7,33.6,33.7,32.8,33.3,32.7,33.3,33.3,33.1,32.7,33.1,33.6,33.4,33.3,33.6,33.2,32.5,32.6,32.7,33.5,34.1,34.8,34.0,33.9,32.4,33.0,33.7,33.9,33.3,32.3,33.6,33.9,32.4,33.9,33.0,33.5,33.7,32.9,33.6,33.6,33.3,33.0,32.8,32.9,33.2,33.0,32.5,33.0,32.4,33.6,32.9,33.4,34.6,34.2,34.0,32.6,32.4,32.8,32.7,33.2,32.7,33.1,33.6,33.5,32.6,33.8,33.7,33.5,32.4,33.4,33.2,34.0,32.6,32.6,33.6,32.3,33.1,32.9,33.0,32.5,32.6,33.1,33.0,33.8,33.5,33.9,34.1,34.0,33.8,32.7,33.1,32.4,33.3,33.3,33.3,32.3,33.5,33.1,33.8,32.8,32.4,34.4,32.3,33.7,32.6,33.4,34.3,33.3,33.4,33.9,32.7,32.5,32.9,33.3,33.5,34.5,34.0,34.9,33.5,33.8,32.6,33.4,34.1,33.4,33.7,34.2,33.6,33.9,33.5,33.1,33.7,33.7,33.3,32.2,33.2,33.8,32.4,33.3,33.6,33.6,32.9,33.0,33.2,33.0,33.5,33.7,34.3,34.8,34.5,33.7,33.7,34.6,33.6,33.8,33.1,33.3,33.0,34.0,34.1,33.9,33.8,33.0,34.0,33.1,33.1,34.2,33.1,33.7,33.7,33.6,33.5,33.5,33.0,32.9,32.9,32.8,33.7,33.3,34.8,33.9,34.2,33.8,33.7,33.8,33.1,33.7,33.3,33.9,32.9,33.2,33.4,33.6,33.4,33.8,33.8,32.9,32.3,33.2,33.5,32.9,33.2,33.0,33.5,33.6,32.6,32.6,34.0,33.7,33.4,34.2,34.7,33.4,33.5,34.7,34.0,34.0,33.3,33.5,34.0,33.6,32.8,33.7,33.4,32.8,32.8,33.8,33.2,33.7,32.6,32.9,33.3,33.5,33.4,33.7,33.3,33.9,33.1,33.6,33.1,33.7,32.8,33.7,34.4,34.9,33.6,33.9,33.1,34.1,33.2,34.3,33.5,33.1,33.2,33.5,33.0,33.1,33.2,34.2,34.3,34.6,33.5,32.9,33.5,33.3,33.5,33.0,33.9,33.3,33.7,32.8,33.2,33.5,33.1,33.7,34.4,33.8,34.0,34.0,34.3,34.0,33.3,34.0,34.0,32.9,32.8,33.0,33.9,34.8,33.6,33.0,33.3,34.0,33.6,33.7,33.8,33.6,34.3,33.3,32.8,32.7,33.5,33.6,33.3,33.5,33.2,33.4,34.5,34.3,34.5,34.2,33.9,32.9,33.5,32.8,33.7,33.7,33.9,34.1,33.5,33.5,33.6,33.7,33.9,33.9,32.5,33.3,34.2,33.2,33.7,33.3,34.4,33.4,32.8,32.4,32.7,33.7,33.2,32.5,33.8,34.5,33.5,33.5,34.3,34.3,33.3,33.6,33.8,33.9,33.0,33.8,34.1,33.7,34.6,34.0,33.1,32.7,32.5,33.7,34.0,33.2,33.2,33.1,33.8,34.4,32.3,33.6,33.5,nan,32.7,32.3,33.3,34.1,33.4,34.6,33.6,34.9,32.8,33.3,33.9,33.4,34.0,33.7,34.0,32.8,33.6,34.0,34.1,34.1,33.3,34.3,33.7,33.9,33.9,33.7,33.8,33.4,32.9,33.2,33.5,33.3,33.2,33.5,34.2,33.5,33.7,33.5,34.2,34.5,33.1,32.9,34.0,32.8,33.0,34.8,34.2,33.7,34.2,34.0,34.2,34.0,33.4,33.7,33.6,33.3,33.5,33.3,33.7,33.9,33.0,33.0,33.8,33.0,32.7,33.8,33.9,34.3,33.4,33.5,34.7,33.8,33.7,33.2,33.8,34.2,33.2,33.1,33.5,34.4,33.4,33.4,34.2,33.9,33.7,34.0,33.9,33.1,33.2,33.3,33.3,33.9,33.6,33.9,33.3,33.5,33.3,33.3,33.9,34.6,33.1,33.6,33.6,34.3,33.8,33.7,33.4,34.1,34.3,33.5,34.5,33.8,33.1,34.6,34.5,34.0,34.3,34.1,32.6,33.4,33.8,34.1,33.1,33.1,33.0,33.5,33.6,33.5,34.3,33.8,34.4,33.8,33.9,33.7,34.1,33.4,34.6,33.9,33.1,33.5,33.7,33.9,32.3,33.9,32.6,34.8,33.0,34.8,32.8,33.6,33.6,34.3,33.7,33.6,34.0,34.4,33.6,33.7,32.7,33.7,33.4,33.1,33.3,33.9,33.8,33.2,34.2,33.8,33.6,33.3,34.1,34.2,33.8,33.5,34.2,33.7,33.7,34.1,33.7,34.8,33.9,33.1,33.8,33.6,32.5,33.4,33.2,34.9,32.9,33.1,33.8,33.1,33.2,33.8,34.1,33.9,33.2,34.6,34.6,34.0,33.3,34.0,33.3,33.3,33.7,34.5,33.5,33.8,33.5,34.4
1785306392.6453369,1934,34.7,33.4,33.9,33.6,33.4,32.3,33.9,32.9,32.6,32.8,32.7,32.7,32.3,32.7,33.2,33.2,32.3,32.1,33.7,33.8,32.4,33.1,33.1,32.3,32.6,32.5,33.5,32.9,33.0,33.1,32.3,33.7,31.3,34.1,34.5,34.5,34.1,32.6,32.7,33.2,33.1,33.4,31.8,33.2,31.5,33.1,32.1,34.1,32.8,31.9,32.9,33.5,32.5,33.3,32.6,33.4,32.8,33.2,33.2,33.3,33.6,32.5,32.3,35.3,34.5,32.5,34.0,33.1,32.5,33.1,33.4,33.8,32.5,33.0,33.2,33.1,32.7,33.1,32.9,32.4,32.3,33.5,32.9,33.2,32.6,32.0,33.8,33.9,33.2,33.4,32.6,33.1,33.6,33.3,34.4,32.5,32.4,33.0,33.6,33.2,31.9,33.4,33.1,33.5,33.4,32.2,33.6,34.2,32.5,32.9,32.0,33.1,32.1,32.8,33.1,33.3,32.6,32.6,33.1,33.2,33.5,33.3,33.3,33.6,32.6,31.8,32.8,33.3,34.3,33.1,34.7,32.2,33.2,32.8,33.5,32.9,32.7,32.2,33.1,32.8,33.2,32.6,33.9,32.8,33.4,31.5,33.0,32.1,33.1,33.1,33.8,33.2,32.6,33.5,33.7,32.7,33.3,33.7,33.8,34.3,33.7,31.8,33.1,34.0,33.5,33.0,33.2,33.8,32.7,32.7,32.3,33.9,32.1,32.5,33.8,33.5,32.5,33.8,33.3,33.0,32.3,32.6,33.0,33.4,33.2,32.3,33.2,34.7,32.2,33.0,34.1,34.7,33.4,33.2,33.3,33.8,33.1,32.2,33.3,33.3,31.9,33.5,32.9,33.7,32.5,32.0,33.2,33.3,34.5,33.9,33.0,33.1,33.2,32.2,33.6,33.5,33.0,32.2,32.9,32.6,34.0,33.4,33.0,32.3,31.8,33.1,32.8,33.3,32.9,33.3,32.2,33.6,32.2,32.7,33.1,33.5,32.1,31.7,32.4,34.2,34.7,34.2,32.9,33.8,31.8,32.9,32.8,33.3,32.4,33.4,33.0,33.6,32.3,33.7,32.3,34.9,32.9,32.3,33.0,33.4,33.0,32.3,32.8,33.2,33.6,32.9,33.3,33.1,32.7,32.7,33.5,32.9,33.7,33.1,34.0,33.2,33.0,32.6,33.7,32.8,32.1,32.1,33.3,32.1,33.1,33.0,34.3,32.7,33.5,32.2,32.7,33.4,33.1,32.6,33.2,33.8,32.5,32.7,32.0,33.7,31.8,32.5,33.4,33.8,34.0,33.7,33.1,33.5,33.3,33.0,32.9,33.3,32.5,33.4,33.1,34.2,32.8,32.4,32.8,34.1,33.3,32.6,33.9,33.0,32.1,32.7,34.2,33.2,33.3,32.0,33.1,33.5,33.0,32.4,34.0,33.6,33.2,34.4,35.1,33.7,33.4,33.4,33.5,33.0,32.9,33.0,33.4,33.0,33.0,33.2,34.0,32.7,32.6,32.2,34.2,33.6,32.4,33.5,33.3,33.5,32.9,32.5,33.5,33.9,33.0,32.2,33.7,34.7,33.6,33.5,33.6,34.4,33.0,33.6,32.8,32.9,32.2,33.1,33.1,32.8,31.8,32.7,33.6,33.8,33.4,33.0,33.3,33.1,31.9,32.4,33.6,33.2,33.6,32.8,33.0,33.6,33.5,33.1,33.9,34.0,33.7,32.9,33.8,34.1,33.7,33.4,33.2,32.7,33.5,33.4,33.5,33.8,33.2,32.5,33.6,33.9,32.2,32.1,32.8,33.1,32.3,33.9,32.4,34.2,33.2,33.4,33.5,33.6,32.7,33.2,34.2,34.2,34.4,34.9,34.1,34.9,32.8,32.7,33.1,33.3,32.2,32.1,33.3,34.2,33.8,33.3,33.6,33.8,33.9,33.6,34.1,33.7,33.6,33.3,34.2,32.8,33.0,32.1,33.4,32.7,33.5,33.6,34.0,34.2,33.4,33.4,33.5,33.6,33.0,33.1,33.2,33.7,33.1,33.2,33.4,33.4,33.2,32.9,33.6,32.9,31.3,33.6,33.9,33.7,32.1,33.6,33.7,33.3,33.1,32.7,33.4,32.8,32.2,33.5,33.8,34.3,34.9,34.1,34.7,35.3,33.4,32.9,33.6,33.3,32.5,33.6,33.1,34.3,32.7,32.4,33.2,34.1,32.8,32.3,34.5,33.8,32.6,32.7,33.9,33.6,33.6,33.8,32.3,33.2,34.2,32.6,33.5,34.2,33.2,33.6,33.9,34.2,31.9,33.2,32.6,33.3,33.2,33.3,33.6,32.6,33.0,33.7,34.6,34.1,33.9,33.5,33.4,32.9,33.1,33.3,33.5,33.1,33.2,32.9,32.4,34.4,32.7,nan,33.1,34.1,34.1,33.5,33.1,34.2,33.8,33.1,32.9,34.5,33.9,33.2,34.0,33.7,32.9,33.2,33.6,34.2,33.1,33.2,33.6,34.2,32.8,33.5,34.3,34.1,33.4,32.4,34.3,33.3,32.9,32.7,33.2,34.0,33.1,32.6,34.2,34.2,33.5,33.4,32.6,32.9,32.4,32.9,34.7,33.3,34.0,33.7,34.2,33.5,32.6,33.6,33.5,34.0,32.4,33.3,32.9,34.8,33.1,32.7,33.4,33.6,32.7,32.8,33.5,34.6,33.3,32.9,33.3,34.0,32.8,33.1,33.1,33.8,32.7,33.7,33.8,34.1,34.0,32.8,33.3,35.0,34.2,33.4,33.5,33.9,32.5,32.8,33.7,33.2,33.3,32.7,33.0,33.3,33.3,32.7,34.0,34.0,33.5,32.7,34.0,34.2,33.6,33.0,33.1,33.3,32.9,33.6,34.1,32.8,34.9,32.2,33.1,33.8,35.2,34.5,32.3,34.8,33.3,33.4,32.6,34.3,32.3,32.7,34.1,33.0,32.8,33.5,33.8,33.8,34.0,33.3,33.2,34.5,33.9,33.8,33.2,34.1,33.9,33.5,34.9,34.8,33.1,33.9,34.5,35.7,32.8,33.3,33.5,34.3,33.2,32.8,33.7,33.5,33.1,33.2,33.1,33.8,32.9,33.3,33.8,33.5,34.8,33.3,33.4,33.1,33.8,33.1,34.0,33.6,33.2,33.9,33.8,34.1,33.6,32.5,34.2,34.2,32.9,33.6,34.4,33.8,33.7,32.8,33.0,34.9,32.4,32.5,34.6,33.8,33.7,33.7,33.8,33.5,34.0,33.7,33.5,34.6,34.0,33.8,32.3,34.0,33.8,33.0,33.6,33.3,32.8,34.7,34.3,35.3
1785306395.0051823,1935,34.1,32.3,32.9,33.1,33.3,32.9,32.4,32.9,33.0,32.4,33.1,32.9,32.6,31.7,32.8,33.2,33.0,32.8,33.0,33.2,32.8,32.1,32.9,33.5,33.6,32.2,33.5,34.2,34.8,32.3,33.5,32.6,32.8,33.3,34.2,33.3,32.6,33.2,33.5,31.9,33.3,33.7,32.9,33.9,33.7,33.3,33.4,32.6,32.6,34.0,32.8,33.3,33.1,32.2,32.4,33.6,32.1,33.8,34.0,33.7,32.4,33.6,33.5,34.1,33.5,33.2,31.7,34.3,33.9,33.5,32.8,33.6,33.9,33.3,32.5,33.6,33.4,31.9,33.6,33.5,33.7,32.6,32.9,33.9,33.0,32.8,33.0,32.9,33.7,32.6,33.4,34.5,33.4,32.6,34.3,33.6,32.9,34.7,33.6,32.5,32.5,33.0,33.1,32.5,32.5,32.7,33.6,32.8,33.0,32.9,32.6,33.2,32.9,34.1,33.0,32.7,31.8,33.1,33.1,32.5,32.9,33.9,33.7,33.6,32.8,33.9,32.1,34.4,33.1,32.8,32.5,34.1,33.2,32.6,33.3,33.1,33.1,32.4,33.3,33.3,33.4,32.6,33.3,33.4,33.4,32.8,33.5,33.3,33.2,32.6,33.7,32.8,32.8,32.4,32.9,33.3,33.3,33.3,34.4,34.3,33.7,33.2,32.8,32.7,33.3,32.8,33.3,32.9,33.4,33.7,32.3,33.7,32.5,33.0,33.1,33.8,32.5,33.7,33.3,32.8,33.3,33.3,33.0,32.9,33.2,33.7,33.9,34.7,32.8,34.0,33.6,34.9,33.0,32.7,32.5,33.4,33.3,31.8,33.4,33.3,34.0,33.8,33.4,32.9,33.6,32.8,34.3,35.6,34.0,32.7,33.4,32.9,34.0,32.3,32.7,33.1,34.6,33.2,33.3,33.1,34.0,33.6,34.0,34.2,33.3,33.5,34.2,33.1,32.5,32.3,33.0,33.7,32.4,32.9,33.6,33.8,32.7,33.5,33.8,35.5,34.5,32.8,33.4,32.8,33.6,33.0,33.3,32.8,33.3,33.5,33.5,33.4,33.5,33.1,32.2,34.1,33.5,32.5,33.2,33.2,32.4,33.0,33.3,33.9,34.3,33.7,32.9,33.1,33.4,32.9,33.7,34.9,34.3,34.3,33.0,33.3,33.8,32.7,33.3,33.1,33.4,33.0,32.8,34.8,33.7,32.8,33.7,33.3,32.8,32.6,33.1,34.2,31.8,33.8,33.6,33.6,33.0,33.1,33.1,33.2,32.9,33.6,34.8,33.6,33.2,33.7,34.5,34.2,32.8,33.6,33.2,33.1,32.7,33.5,33.4,34.2,33.0,33.0,32.1,33.9,32.5,31.7,34.3,34.0,33.2,32.5,33.6,33.2,33.6,33.6,33.2,33.7,33.3,33.1,34.8,34.3,33.8,34.3,33.8,34.8,32.9,32.9,32.6,33.2,33.7,32.3,33.2,34.0,33.5,33.2,32.4,34.3,31.6,32.2,34.2,33.4,32.2,33.2,32.9,34.1,33.1,33.0,33.2,33.4,33.4,33.4,33.7,34.6,33.5,33.6,34.7,34.1,32.8,34.1,32.3,33.1,33.0,33.4,33.4,34.1,33.2,33.8,32.8,32.9,32.8,31.9,33.7,33.5,34.0,32.9,32.3,33.9,33.1,32.5,33.4,33.3,33.8,32.4,33.9,34.8,34.5,34.0,33.7,34.4,33.7,32.4,33.0,33.7,34.0,33.0,33.7,33.1,33.9,31.9,33.4,34.3,33.7,33.3,33.0,34.4,33.0,32.5,33.1,33.8,33.2,32.9,32.3,33.4,33.8,34.6,34.4,34.6,33.9,34.4,34.1,33.9,32.6,34.1,34.1,33.6,33.3,33.7,34.0,34.4,33.2,33.8,32.8,34.6,34.1,33.4,33.3,33.3,33.9,32.8,33.5,33.7,33.3,32.5,33.5,33.7,34.2,33.9,33.9,34.2,35.5,33.5,34.7,34.2,34.0,32.9,34.2,34.2,33.8,32.6,34.3,34.8,33.0,33.4,34.1,34.3,33.2,34.4,32.9,33.7,33.1,32.5,33.7,33.7,33.2,33.5,32.7,33.6,33.0,33.2,34.2,34.5,33.8,34.8,33.9,34.5,32.1,33.7,33.6,33.6,34.0,34.1,33.3,33.9,33.0,34.0,34.8,34.1,33.7,34.2,33.7,34.1,33.3,32.5,33.0,33.4,34.1,33.3,33.0,33.0,33.8,33.0,33.8,33.7,34.0,33.7,33.2,34.2,33.7,33.2,34.0,33.1,34.3,32.9,33.9,33.1,34.6,32.8,34.0,34.3,33.2,33.5,33.2,34.1,33.5,33.8,33.6,33.6,33.0,33.7,33.7,33.6,32.7,nan,33.4,33.8,34.4,33.5,33.7,34.5,32.3,34.3,32.0,33.1,32.9,33.7,34.0,33.7,32.7,33.6,33.2,34.0,34.1,32.1,33.9,33.3,33.9,33.4,34.1,33.2,33.4,32.9,33.3,33.8,33.1,32.5,34.0,34.2,34.0,33.2,33.7,34.2,33.5,32.2,33.6,33.8,33.6,33.6,33.9,33.4,34.2,33.7,34.4,33.3,33.0,35.1,33.0,33.9,33.1,33.4,34.0,34.2,33.7,33.2,33.8,34.1,32.7,34.0,33.1,34.3,33.0,34.2,34.0,34.2,33.5,33.8,33.0,33.4,33.0,34.0,34.2,34.2,33.2,33.8,33.9,34.2,34.4,34.0,33.5,33.5,34.8,34.2,33.4,34.1,33.5,33.2,34.3,34.7,33.7,33.4,34.0,33.7,34.7,33.2,34.8,35.4,34.0,32.6,34.2,33.4,33.4,32.8,33.3,34.5,33.7,32.8,34.3,33.1,33.2,34.7,33.7,34.3,32.9,34.5,33.0,34.3,33.9,34.1,33.6,33.5,34.1,34.1,33.3,33.5,33.1,33.8,33.6,33.3,33.4,32.7,33.7,34.6,32.2,33.5,33.4,34.2,33.1,33.9,33.4,35.4,34.4,33.5,33.4,34.7,33.8,32.5,34.1,33.9,33.4,33.4,34.3,33.6,33.3,33.1,34.3,33.3,33.3,33.3,33.9,33.5,34.3,33.1,33.2,33.9,34.5,34.3,34.6,34.1,34.2,33.3,33.7,35.1,33.8,34.7,34.2,33.8,33.4,34.6,32.9,33.9,33.4,34.7,34.4,34.0,33.1,33.5,33.3,33.1,32.4,34.2,34.0,34.4,33.4,34.5,33.0,34.5,33.6,34.8,34.6,33.3,34.0,35.1,33.1,35.3
1785306397.237729,1936,32.8,31.6,33.8,34.0,33.4,33.3,32.9,32.4,32.7,32.5,32.2,34.6,30.6,32.4,32.9,32.7,33.1,32.2,32.3,34.1,32.3,32.2,33.4,33.4,33.1,33.0,32.3,34.4,34.7,34.3,33.1,34.3,33.2,32.1,34.4,33.4,33.4,31.3,33.0,32.0,31.6,32.3,33.1,32.9,32.7,33.0,33.9,33.2,33.8,32.3,33.3,32.9,33.2,33.2,32.5,33.7,32.3,32.5,33.1,33.0,33.0,33.3,32.9,34.7,32.8,34.3,32.5,33.7,32.8,33.8,32.9,33.2,32.2,32.3,32.9,32.5,33.2,33.0,32.3,32.2,33.1,33.3,32.9,32.7,32.9,33.1,32.8,33.4,32.7,34.1,34.3,33.6,32.8,32.7,33.7,33.1,33.7,31.7,32.6,34.2,33.9,32.9,33.2,32.8,33.9,32.8,31.9,32.9,32.8,33.1,33.5,33.3,32.7,32.5,33.2,33.2,33.0,32.1,33.1,33.1,32.3,33.4,31.6,33.7,33.6,32.8,33.6,32.7,33.7,32.5,32.2,32.5,33.1,33.5,33.2,33.1,33.5,33.0,32.3,32.9,32.6,32.9,32.9,32.2,33.2,33.6,31.6,33.2,32.7,32.9,32.3,32.8,33.4,32.5,31.9,32.6,34.2,33.2,31.8,33.1,33.3,32.6,33.2,33.1,33.4,32.5,32.3,33.4,33.2,32.4,33.1,33.2,32.7,33.1,33.9,33.6,32.5,32.3,33.4,33.8,34.4,32.9,33.1,32.5,33.7,32.8,33.3,33.4,33.7,33.5,33.1,33.3,32.6,33.3,32.6,33.3,33.0,32.7,32.6,33.6,33.4,33.6,32.9,32.5,32.4,32.4,33.4,32.8,33.6,33.3,34.2,34.3,34.2,33.4,33.5,33.4,32.1,33.4,33.0,32.9,33.7,33.6,33.1,33.9,33.7,32.1,33.9,32.8,33.4,32.2,33.4,33.1,33.0,32.1,32.9,32.8,33.2,33.5,32.2,33.7,33.1,34.5,35.6,34.6,34.2,32.2,33.1,33.8,33.8,32.1,32.7,33.5,33.0,33.8,33.6,34.6,32.5,33.7,34.3,33.3,32.5,33.1,33.1,33.1,33.0,32.8,31.5,33.4,33.0,33.6,33.3,33.3,33.9,33.5,34.5,34.1,34.1,33.3,34.1,32.6,33.5,34.1,33.2,33.0,33.4,33.6,32.8,33.5,33.4,31.8,32.4,31.7,32.9,33.8,32.8,34.4,33.0,32.6,33.4,32.6,33.2,32.7,33.0,33.5,33.5,33.4,33.6,34.5,33.7,33.7,34.4,33.7,32.4,32.3,33.2,33.2,32.7,33.1,33.5,34.2,32.6,33.3,33.6,33.1,33.3,33.0,33.4,33.0,33.9,32.7,33.0,32.5,33.1,33.3,33.6,33.5,34.1,33.7,33.6,34.3,33.3,33.3,32.9,33.3,33.0,32.9,33.1,32.9,33.6,33.7,33.5,33.8,33.8,32.3,33.5,32.7,33.6,33.8,33.5,32.7,33.7,32.8,32.6,33.4,33.6,32.7,33.2,33.4,33.6,33.9,33.8,33.7,33.4,34.2,33.3,33.8,32.9,33.1,33.0,33.1,33.0,33.2,34.1,33.4,33.7,32.7,33.4,33.6,32.7,33.2,32.6,33.5,33.4,32.8,34.0,33.2,33.3,32.4,33.8,33.8,33.7,33.2,33.8,33.9,34.3,34.0,33.9,32.9,33.6,33.1,33.6,33.7,33.3,32.8,34.2,33.0,33.6,33.2,32.5,33.3,32.8,32.7,33.0,33.1,34.0,32.8,33.3,32.7,32.9,32.8,33.2,34.7,33.9,34.4,33.7,33.9,34.2,34.2,32.7,33.2,32.9,33.0,33.4,33.8,33.0,34.3,34.1,32.9,34.2,34.5,32.4,33.6,33.1,33.1,33.3,34.3,32.9,33.3,32.8,33.6,34.4,32.5,33.0,33.7,32.7,33.8,33.8,34.8,34.3,32.9,33.6,33.8,32.9,33.4,33.3,33.5,33.6,33.2,33.2,33.0,34.1,32.9,34.0,32.8,33.6,31.9,33.6,33.8,32.8,32.5,33.4,33.4,33.1,33.3,33.5,32.8,33.8,33.8,34.0,34.3,33.7,33.6,33.0,33.1,33.3,33.6,33.7,33.6,33.7,33.9,33.3,33.8,34.4,34.3,32.8,33.1,33.0,32.8,33.3,33.1,32.5,33.2,32.1,32.9,33.6,33.3,33.0,32.7,34.6,33.5,33.5,33.8,34.3,34.8,31.7,33.4,34.1,33.4,33.5,33.8,33.6,34.4,34.3,32.6,34.0,33.4,32.3,33.0,34.1,33.3,33.8,32.8,34.2,33.3,33.3,33.8,33.3,nan,33.4,33.4,34.1,33.8,34.0,33.8,33.4,33.9,33.5,33.5,32.5,32.6,33.4,32.9,34.7,34.1,34.0,34.1,33.6,33.7,32.4,33.5,32.7,33.0,32.7,33.5,33.0,33.5,32.9,34.1,33.5,33.6,32.7,33.3,34.0,33.5,33.4,34.0,33.6,34.0,32.7,33.6,33.9,32.5,32.9,33.2,33.8,32.9,34.7,33.8,32.9,33.1,33.0,33.4,32.8,32.6,33.4,33.6,32.8,33.5,33.2,33.7,33.1,32.6,33.6,33.5,33.6,33.8,33.4,33.6,34.2,33.2,33.3,33.5,33.1,34.0,33.7,34.2,34.3,33.5,33.8,33.2,35.0,32.6,31.9,33.6,34.0,32.8,32.7,33.8,33.2,33.2,33.2,33.2,33.6,33.8,33.4,32.8,33.8,33.4,33.4,33.4,34.8,34.5,34.1,34.1,33.4,33.2,34.4,33.7,34.2,33.0,34.0,34.6,32.4,33.5,32.8,34.4,33.6,33.7,33.1,34.0,33.1,33.0,33.4,33.3,33.7,32.9,33.2,33.1,33.9,33.7,33.5,33.1,33.0,34.0,33.1,33.1,33.3,33.8,33.9,33.6,33.3,34.0,34.6,34.2,32.8,33.6,32.6,34.0,34.1,33.1,33.0,33.4,32.8,34.6,34.4,33.7,33.7,33.5,33.9,34.6,33.9,34.1,33.5,33.8,33.2,33.4,33.9,33.8,34.2,33.1,34.3,33.6,33.9,34.1,33.8,34.6,33.7,32.8,33.4,34.1,33.0,32.1,33.3,33.5,33.0,33.1,32.5,33.7,34.1,33.2,33.2,33.2,32.7,33.1,33.0,33.6,33.2,33.9,33.3,34.1,33.3,33.8,33.5,33.8,33.7,33.7,34.0,35.4
1785306399.1222332,1937,33.3,32.2,33.4,31.3,31.3,32.6,33.0,32.6,31.5,33.6,31.1,32.3,32.5,32.8,32.2,32.4,32.1,32.6,33.0,33.4,32.1,33.0,32.5,32.2,32.6,33.0,32.5,31.9,32.8,33.9,33.5,32.8,34.1,32.3,32.7,32.3,32.9,31.9,32.8,32.4,33.0,31.8,31.9,32.2,33.1,32.2,33.4,33.3,32.9,32.3,32.6,32.8,33.2,31.4,32.7,33.2,32.7,32.0,32.9,33.5,34.4,31.6,31.2,33.6,32.5,34.3,34.3,33.0,33.1,33.4,32.4,31.8,32.7,32.9,32.7,32.7,31.7,32.4,32.6,32.4,32.3,32.2,32.8,33.8,31.8,33.5,32.9,32.7,31.5,33.5,32.8,33.2,32.5,33.4,34.1,33.6,32.5,31.8,31.9,33.0,32.0,31.4,32.0,32.5,32.8,31.1,33.0,33.3,33.0,32.2,33.1,32.7,32.4,32.2,32.0,33.1,33.2,31.9,32.4,33.2,33.4,31.6,31.6,34.2,33.4,31.8,31.6,32.8,31.9,33.0,32.5,33.0,33.0,33.0,32.5,32.9,32.2,33.0,32.4,33.0,32.2,32.7,32.8,32.5,32.4,33.1,32.4,32.6,32.6,33.2,32.6,33.0,33.0,32.4,33.5,33.6,33.1,32.6,32.4,33.4,32.4,31.9,32.8,32.8,33.4,31.4,32.5,32.7,32.8,32.7,32.6,32.0,32.6,32.0,32.7,34.4,33.6,32.4,31.9,32.2,33.0,33.3,33.0,33.5,33.3,31.6,32.9,34.1,32.9,31.8,34.2,33.6,32.8,31.7,32.7,34.3,31.8,32.9,33.3,32.1,33.3,32.9,33.2,32.9,31.3,32.8,34.5,33.6,33.1,32.9,32.5,33.0,33.2,33.6,32.6,33.4,32.9,32.0,32.3,32.7,33.4,33.6,33.2,33.7,31.9,32.2,32.7,33.3,32.4,31.9,32.7,33.0,33.0,31.4,32.4,32.7,32.9,31.9,34.0,35.7,34.0,33.9,32.4,33.0,33.2,31.9,32.1,33.8,32.6,32.3,32.2,33.3,32.8,32.9,32.8,33.6,32.0,33.5,32.6,32.8,31.9,33.5,33.9,32.2,31.6,32.5,33.1,33.0,33.5,33.2,34.6,34.3,32.6,32.7,33.8,34.1,32.2,32.7,32.3,33.4,32.2,32.9,32.8,33.5,32.2,32.5,33.9,32.2,33.6,32.8,32.8,33.6,32.0,32.4,32.7,33.6,33.3,32.2,31.4,33.7,33.2,32.8,33.8,34.2,33.5,33.3,34.0,34.6,34.0,32.5,32.6,32.4,32.8,32.3,32.3,33.7,32.7,32.6,32.1,34.3,33.1,32.9,33.3,33.0,32.5,33.6,32.8,33.5,31.8,32.9,33.3,33.6,33.4,34.6,34.0,33.8,33.7,33.5,34.2,33.5,32.0,33.3,32.6,33.0,32.1,34.0,33.2,32.7,32.3,32.8,33.2,33.2,33.8,32.6,32.7,33.8,33.3,33.2,32.0,33.5,33.5,32.5,32.8,33.1,33.4,33.6,33.7,33.8,33.9,32.8,32.9,33.0,33.4,32.7,33.1,33.1,32.8,32.2,32.7,33.7,33.2,32.4,32.6,33.2,32.8,33.1,33.1,31.5,32.8,32.7,32.9,32.5,32.6,32.6,33.8,32.8,33.2,33.8,34.4,34.5,33.4,33.2,33.3,32.8,33.1,33.5,33.7,32.8,33.3,32.3,34.4,32.1,33.0,33.3,32.8,34.1,33.2,33.3,33.5,33.6,32.6,32.3,33.8,33.3,33.3,32.9,32.7,33.6,33.1,33.5,33.4,34.5,33.6,33.5,32.3,33.0,32.9,32.5,32.7,33.3,32.6,32.6,33.4,32.4,33.0,33.1,32.8,33.8,33.9,33.7,33.9,33.3,32.5,33.1,33.0,33.0,31.5,33.8,32.7,33.3,33.4,33.4,34.8,34.0,32.8,33.7,33.9,33.1,32.2,33.0,33.8,32.6,32.6,33.3,33.7,33.0,32.3,32.6,33.4,32.9,34.2,32.6,33.8,32.9,32.2,32.3,33.3,33.5,32.7,32.4,32.7,33.4,33.4,33.5,33.4,33.8,33.5,33.4,32.8,32.9,32.4,33.0,32.5,33.8,32.5,32.5,33.2,34.6,32.8,31.5,33.4,33.3,33.5,33.3,33.2,33.1,32.6,33.2,33.7,32.1,32.9,33.4,32.0,33.5,32.4,33.2,34.0,33.0,33.5,33.7,33.1,33.3,33.4,32.9,33.8,33.3,32.8,34.3,33.2,32.9,32.8,33.1,33.6,32.8,33.1,32.3,32.6,33.3,32.9,32.7,32.5,32.6,33.5,32.9,32.2,33.3,33.5,nan,34.2,34.0,34.4,33.4,32.3,33.8,32.4,34.1,32.8,32.9,33.5,32.5,32.9,33.6,33.2,32.8,34.0,33.6,32.4,33.5,33.6,33.1,33.3,34.3,33.0,34.2,33.3,33.0,32.6,33.4,32.6,34.0,33.6,33.3,33.1,33.0,33.4,33.5,32.2,33.7,33.1,33.4,33.1,33.2,33.7,34.3,32.9,32.9,34.0,33.6,33.8,33.6,33.0,33.8,33.4,32.5,31.9,33.5,32.8,31.9,32.9,32.9,32.3,32.5,33.4,34.3,33.8,32.7,33.6,33.2,33.1,32.3,33.2,33.2,33.7,33.0,33.2,34.4,33.9,32.5,32.8,33.8,32.6,33.7,33.1,33.4,31.4,32.8,33.7,32.8,32.4,34.1,33.3,33.0,33.5,33.0,33.6,34.1,33.6,34.0,33.4,32.9,32.8,32.8,33.5,32.3,32.9,33.4,33.3,33.3,33.1,33.0,32.9,32.6,33.3,32.5,33.2,33.3,33.4,33.0,32.7,33.6,33.1,32.9,32.4,33.5,34.1,33.8,33.6,33.2,33.3,33.1,33.0,33.2,33.4,32.8,33.0,33.2,32.7,32.8,33.3,34.3,33.5,32.9,33.9,33.9,33.2,33.6,33.2,33.3,33.0,33.5,32.9,33.6,32.7,33.2,34.0,32.9,32.9,33.4,34.7,33.3,33.3,33.6,34.3,33.4,32.9,34.5,33.2,32.4,32.8,33.7,34.4,33.7,33.4,32.8,33.5,33.9,33.7,31.8,32.6,33.1,33.2,32.2,33.3,34.0,34.1,32.1,33.6,34.2,33.4,33.0,33.6,34.5,33.3,33.5,33.0,32.5,33.0,32.2,33.1,34.5,33.9,33.0,33.2,33.3,33.3,33.4,33.1,34.0
1785306401.236285,1938,33.6,34.9,33.7,32.5,33.1,31.9,34.3,33.4,32.4,33.3,32.3,33.0,32.8,32.4,33.2,32.9,32.3,32.4,32.4,32.8,33.0,33.4,32.1,33.6,32.4,33.4,33.5,33.0,34.1,32.5,32.8,32.8,34.3,34.1,33.6,32.8,33.6,33.0,32.8,33.8,33.4,32.4,32.7,32.2,32.3,32.0,32.6,33.9,33.1,33.3,32.8,32.8,33.4,32.7,33.1,32.6,33.1,32.8,33.7,33.7,32.8,33.4,32.9,33.1,34.2,33.1,32.6,33.0,32.9,33.0,32.8,32.6,32.7,32.5,32.3,32.1,32.2,32.9,32.2,33.1,32.4,32.9,32.4,33.1,33.0,33.8,32.9,32.7,32.6,33.5,32.8,33.6,33.8,32.9,33.6,34.5,33.7,32.5,32.8,34.8,33.1,33.2,33.2,32.3,32.8,32.7,33.0,33.0,32.1,32.2,32.8,32.7,32.7,32.2,32.6,33.4,32.8,32.9,34.0,32.8,32.8,32.4,33.6,33.8,33.6,32.5,32.5,33.3,33.4,34.1,33.2,34.2,33.0,32.8,32.7,33.4,33.4,33.4,32.2,32.8,31.5,33.0,32.5,33.5,32.9,32.2,32.7,34.1,33.6,33.4,33.0,33.1,33.2,32.9,33.5,32.8,32.9,33.2,32.6,34.7,33.8,32.5,32.5,34.2,33.8,33.9,32.9,33.1,32.6,33.2,32.8,32.7,31.7,33.5,32.7,33.0,33.0,32.3,32.7,33.2,33.3,32.3,33.5,33.1,32.6,34.1,32.5,33.1,33.9,33.6,33.7,34.5,33.0,33.7,33.3,33.5,32.8,33.1,32.9,31.9,32.8,32.9,32.5,33.2,32.6,32.7,34.0,34.2,33.5,33.5,32.6,33.0,33.0,33.4,32.7,33.4,32.7,32.8,33.3,32.9,33.8,35.1,32.8,33.7,33.7,32.9,32.5,33.9,33.2,32.7,34.5,33.2,33.2,33.1,33.4,33.8,32.9,32.7,34.5,34.9,34.8,33.7,32.9,33.3,33.0,33.2,33.4,34.0,32.7,32.0,34.7,32.3,33.6,33.1,34.2,33.8,34.0,32.6,33.6,34.3,32.1,34.2,33.0,33.6,32.2,33.5,33.1,33.0,32.2,33.6,34.2,35.1,33.8,34.0,33.0,34.3,32.0,32.8,33.5,33.3,32.6,33.1,33.3,33.1,32.9,32.9,32.9,34.3,33.6,33.8,34.2,33.0,34.0,33.3,34.0,32.9,32.0,33.2,32.8,33.9,33.7,33.6,33.5,35.0,33.8,33.1,34.1,33.8,33.7,32.8,33.1,33.7,33.3,33.2,33.5,34.4,33.5,33.2,34.1,32.7,32.9,32.5,33.5,33.0,33.6,32.7,32.6,33.7,33.5,33.9,32.8,32.8,33.2,34.3,34.1,33.7,34.0,33.2,34.2,33.4,34.5,32.8,33.0,33.6,33.2,33.4,33.0,33.1,32.8,33.1,33.2,32.2,32.7,33.5,33.5,33.2,33.3,33.3,33.2,33.3,33.2,33.5,32.6,33.1,33.7,34.1,34.6,34.6,34.4,33.3,33.7,33.6,33.7,33.8,32.6,33.9,33.3,33.9,33.0,33.4,32.1,32.7,34.7,32.9,33.4,33.9,32.5,33.4,33.1,33.4,33.9,33.8,33.1,33.9,33.8,33.3,33.7,33.5,33.9,34.6,34.4,34.5,32.4,33.2,32.8,33.4,33.0,32.6,33.6,33.0,33.2,34.6,33.2,33.1,33.8,33.2,33.2,33.1,33.5,33.1,32.2,33.2,33.2,32.3,33.8,33.1,33.0,33.9,34.2,34.0,34.2,34.9,34.2,33.7,34.2,33.5,32.9,33.3,33.9,33.6,33.5,33.1,33.2,33.3,32.8,32.9,33.5,33.8,32.6,32.9,33.7,33.6,33.4,32.7,33.3,33.7,33.0,33.3,33.3,33.5,33.7,34.5,33.9,33.7,33.6,34.3,33.8,33.4,32.7,33.0,33.5,33.1,33.0,32.9,33.6,33.0,33.7,33.3,34.2,33.8,33.3,32.6,33.4,34.1,32.2,32.0,34.1,33.7,33.5,33.2,34.2,33.4,33.9,34.3,34.5,33.4,33.6,34.1,33.3,33.4,33.7,33.0,33.0,33.6,32.8,32.9,33.7,34.2,33.4,32.7,33.7,34.7,33.9,32.7,33.1,33.5,33.3,32.7,32.3,32.4,33.8,33.7,32.8,32.6,33.3,34.0,33.7,33.7,33.2,34.6,33.0,33.7,33.7,33.3,33.5,33.4,34.0,34.1,33.4,33.9,33.2,33.7,33.0,34.0,32.5,33.3,32.7,33.3,33.6,33.6,33.2,32.9,33.5,32.7,33.5,32.9,33.1,nan,34.0,33.6,34.2,34.2,33.7,32.7,33.4,33.6,33.9,33.1,33.5,33.5,32.9,33.2,35.4,33.2,34.6,34.4,33.9,33.9,32.1,33.7,33.1,33.6,33.9,33.7,32.7,33.0,33.3,33.6,32.7,33.3,33.9,34.1,33.9,34.3,33.7,34.3,32.9,33.8,32.1,34.3,33.1,34.3,34.5,33.9,33.5,33.8,33.0,34.2,32.9,32.3,34.4,33.1,32.7,33.4,33.9,34.6,33.2,32.7,33.2,34.1,34.0,33.3,34.1,33.9,33.4,33.7,33.6,33.5,33.6,33.5,33.7,34.1,33.0,33.1,33.6,34.4,32.6,32.8,33.2,34.2,33.8,33.3,33.1,33.6,33.5,34.3,33.7,32.6,33.8,33.5,33.1,33.7,32.6,34.0,34.0,33.6,34.0,33.8,33.6,33.3,33.3,34.2,33.6,33.0,33.6,34.8,33.3,34.1,33.9,34.6,34.4,33.7,32.9,33.4,34.9,34.1,33.0,33.2,32.9,33.4,33.8,32.2,33.4,33.2,33.7,33.3,33.6,33.2,33.9,33.6,34.2,33.7,32.8,33.6,32.8,33.8,34.5,33.7,33.9,33.3,33.9,33.3,34.1,34.8,33.9,34.8,33.9,34.4,32.8,34.1,32.9,33.6,33.2,34.2,32.3,33.9,33.3,33.7,34.3,33.4,33.3,33.1,32.9,33.4,32.9,33.6,33.8,34.2,34.1,33.7,33.8,33.8,33.2,34.5,34.4,35.5,34.1,33.8,33.2,33.8,34.2,33.4,32.9,34.3,33.4,33.8,34.1,32.9,34.3,33.0,33.8,33.3,33.2,32.8,33.7,33.5,34.8,33.1,32.9,33.2,33.0,34.1,33.9,34.3,33.3,34.0,32.4,35.1
1785306403.5866756,1939,33.3,32.6,33.6,33.4,34.5,32.9,31.9,32.7,33.8,31.6,31.5,32.9,32.8,32.5,33.5,32.2,33.6,31.9,32.8,33.0,33.2,31.9,32.3,33.1,33.4,32.7,33.5,32.9,33.4,32.1,33.8,32.9,33.1,34.4,33.0,33.5,33.7,34.5,33.5,33.4,31.9,34.1,32.8,33.2,33.1,33.5,32.7,32.7,32.2,32.6,32.9,32.8,33.4,33.1,32.6,33.6,33.0,33.4,33.0,33.5,32.2,34.1,33.5,33.6,34.0,33.9,33.8,33.4,33.5,32.7,32.8,32.2,32.9,32.6,33.7,33.1,33.3,32.8,32.9,32.8,32.6,32.8,32.2,32.6,32.3,32.7,32.7,32.8,33.4,33.0,34.0,32.5,34.0,32.6,33.6,32.9,32.9,33.5,33.2,33.9,33.0,32.4,32.7,32.1,32.8,33.4,32.9,33.1,32.0,33.2,32.5,32.7,32.8,33.1,32.9,33.1,32.9,33.8,33.1,32.8,33.5,33.5,34.1,34.6,33.3,33.5,33.7,34.4,33.8,33.1,33.6,32.4,33.8,32.8,32.7,33.1,33.1,32.6,32.4,32.8,32.9,32.9,33.3,32.1,32.9,33.1,32.0,33.3,33.6,33.6,32.6,33.2,32.8,32.8,34.3,32.7,33.3,32.5,33.7,33.5,33.4,33.4,33.1,32.5,32.3,33.7,32.8,32.3,33.2,33.2,33.4,32.4,32.5,33.0,32.6,33.0,33.3,32.8,32.3,32.5,33.5,33.5,34.2,33.6,32.7,34.6,33.2,34.9,33.2,34.2,33.2,34.0,34.1,32.1,33.1,32.4,32.7,33.6,33.6,32.9,34.2,33.0,33.3,33.2,33.3,32.8,33.1,33.8,33.4,32.7,32.3,33.2,34.8,34.1,34.7,33.3,32.8,32.4,33.4,32.4,33.6,33.0,33.4,34.0,33.1,32.2,33.8,33.3,32.1,33.0,33.0,32.5,32.9,32.9,33.2,33.5,31.8,33.4,32.9,33.4,32.8,33.1,32.9,32.8,34.1,34.5,35.1,33.8,33.0,33.5,33.9,34.2,32.3,33.7,33.3,34.3,32.7,33.3,33.2,33.0,33.4,31.9,32.8,33.9,33.2,32.7,32.9,34.1,33.0,33.0,33.8,33.8,32.7,33.7,33.5,32.2,34.0,34.3,34.1,34.1,34.2,34.0,34.0,33.7,32.9,32.8,32.3,33.4,33.5,32.8,33.3,32.2,32.9,33.8,32.9,31.4,33.0,33.0,33.6,33.2,32.0,33.1,33.1,33.3,32.8,32.5,33.4,34.4,33.3,34.7,33.8,34.4,34.2,34.2,33.4,33.5,32.8,33.2,33.0,34.3,33.7,33.0,33.7,33.2,33.6,32.2,33.5,32.9,33.0,32.8,33.6,33.5,34.0,33.2,33.2,32.6,33.4,33.4,33.3,34.5,34.2,33.8,34.1,33.7,33.4,33.0,33.7,32.4,33.7,32.8,33.4,33.9,32.4,33.5,32.4,32.8,33.0,33.5,33.1,33.1,33.1,34.0,32.9,33.7,33.5,32.3,32.6,33.6,34.4,33.3,34.0,34.2,34.1,33.9,34.3,34.2,32.3,33.4,33.5,33.9,32.9,33.2,33.2,32.7,34.3,31.7,32.5,32.1,33.3,32.2,33.9,32.3,33.6,33.0,33.1,32.3,33.4,32.9,32.6,33.2,33.4,33.1,34.1,33.9,34.4,34.1,33.8,34.3,33.6,33.4,32.6,33.1,33.5,32.7,33.0,32.3,33.3,33.9,33.8,33.8,33.6,33.7,33.5,34.0,32.9,33.9,33.2,33.7,33.2,33.5,32.8,34.1,32.5,33.2,33.6,33.9,34.2,35.1,34.7,34.3,32.7,33.7,33.1,33.3,32.9,32.9,33.8,33.6,34.1,32.8,33.3,33.1,33.7,32.1,33.3,33.0,33.9,33.0,33.3,33.5,33.4,32.4,34.0,33.2,31.7,32.1,34.0,33.9,33.7,33.2,34.0,34.5,33.6,32.8,33.2,33.0,34.1,33.4,33.3,33.9,33.6,33.8,33.9,33.3,32.6,33.4,32.2,32.8,33.4,33.4,33.4,33.6,32.2,34.0,33.3,34.1,33.0,34.4,33.5,34.2,34.1,34.6,33.7,34.1,33.9,33.0,34.7,33.5,32.7,33.3,33.8,33.7,33.7,32.3,32.7,33.8,33.7,33.8,33.0,33.4,33.6,33.4,32.5,33.7,33.2,32.4,32.8,33.1,33.4,32.9,33.7,33.9,34.6,33.4,34.2,34.5,34.7,32.4,33.0,32.7,33.2,33.2,34.6,32.9,33.0,33.5,32.8,33.9,33.6,34.0,33.3,32.9,33.6,33.7,32.6,33.2,32.0,nan,32.8,33.8,32.3,33.8,32.9,34.0,33.3,34.8,34.4,34.6,33.6,33.7,33.1,33.7,33.5,33.8,34.2,33.8,34.3,34.2,33.7,33.6,33.7,34.0,33.7,33.5,33.4,32.4,33.5,33.5,32.9,32.4,32.7,34.2,33.0,33.2,32.8,33.9,32.8,33.0,32.7,33.8,34.7,33.3,32.8,33.1,33.7,34.1,33.8,33.5,33.0,32.5,32.8,34.5,32.7,33.1,33.4,33.3,32.2,33.4,33.3,33.2,32.4,33.2,33.0,34.1,33.2,32.7,33.6,33.2,33.5,34.3,32.9,34.1,33.6,33.1,33.8,33.5,32.6,34.0,34.3,33.3,33.1,32.7,33.3,34.1,33.5,32.3,32.8,33.5,33.5,33.2,32.9,33.8,34.0,33.0,33.6,33.3,33.9,32.0,32.9,33.0,34.0,33.2,33.8,34.0,33.2,32.9,33.5,33.4,34.3,33.2,32.2,33.6,32.7,34.2,34.4,32.9,32.5,34.2,32.2,33.5,33.4,34.4,32.9,34.8,32.9,34.3,34.5,33.3,32.8,33.3,34.1,33.0,32.7,34.3,33.5,34.3,32.6,34.2,33.0,33.7,33.1,33.9,34.2,34.1,33.9,33.3,34.3,33.9,35.0,33.7,32.9,33.5,33.8,33.6,32.7,33.3,33.8,34.0,34.0,33.8,33.4,33.8,33.0,34.9,34.3,33.3,33.9,33.7,35.8,33.6,33.4,33.9,33.2,33.1,34.4,34.4,31.9,34.1,33.8,34.4,32.6,33.8,32.6,33.4,33.1,34.5,33.8,33.8,33.1,33.3,34.0,33.6,32.9,33.3,33.3,32.8,33.4,34.3,33.0,34.5,34.2,34.7,33.2,33.1,31.3,34.0,33.2,34.6
1785306405.8347745,1940,32.5,32.9,32.4,34.1,33.1,32.9,32.4,33.1,33.0,32.6,32.7,33.3,32.3,32.8,33.0,33.6,32.8,32.5,32.4,33.4,33.4,33.4,30.5,32.9,32.6,31.6,32.7,32.9,32.3,34.2,33.3,33.7,33.9,33.6,34.5,32.8,32.8,32.4,33.3,32.8,33.3,32.2,33.0,31.8,32.6,33.0,33.8,32.8,32.4,32.6,33.2,32.8,33.3,32.4,32.8,32.6,33.9,33.2,33.2,33.1,34.0,33.4,32.6,33.8,33.2,34.2,33.5,34.3,33.9,33.5,32.4,32.8,32.5,32.8,32.1,32.7,32.0,32.8,32.6,33.0,33.0,32.5,32.8,32.1,33.2,32.0,32.3,33.1,32.8,33.8,32.4,33.7,34.2,34.3,33.7,34.1,33.1,33.5,32.7,33.2,34.4,32.6,32.9,32.7,33.6,31.8,33.1,32.1,33.5,32.7,33.3,33.2,32.9,33.4,33.1,32.9,33.1,32.4,33.3,33.2,33.5,33.5,32.3,34.2,33.7,32.7,34.0,34.2,32.9,32.6,32.1,33.0,33.0,32.8,33.3,32.0,32.4,32.4,32.4,33.5,32.7,33.6,31.8,33.3,33.6,32.5,31.5,33.1,32.4,33.3,32.4,33.6,32.8,32.8,32.9,33.7,33.7,33.3,34.0,33.9,34.4,31.6,34.8,33.2,33.5,32.6,33.0,32.9,31.6,32.3,33.2,33.2,33.6,32.5,32.1,32.5,33.7,32.5,32.5,33.5,32.2,33.0,33.5,34.5,33.2,33.7,33.0,32.6,33.8,33.6,33.2,33.2,33.0,33.4,33.1,32.2,33.3,32.8,31.8,32.2,32.8,33.2,32.3,33.2,33.0,32.8,32.8,33.3,33.1,33.4,32.6,33.4,32.7,33.0,33.4,35.3,33.9,34.6,34.4,32.9,32.5,33.4,33.0,33.4,32.2,32.0,32.8,32.7,32.1,32.7,33.7,32.9,33.1,33.1,33.8,32.7,32.7,32.4,33.5,33.1,33.1,32.8,33.1,33.1,32.4,32.7,33.6,34.8,33.8,32.7,34.8,34.4,33.9,34.1,34.7,34.3,33.1,32.9,32.8,33.2,31.9,33.2,32.3,33.2,32.6,32.5,32.8,32.7,32.7,32.7,33.2,33.7,33.0,33.7,31.7,32.5,34.1,32.6,33.8,34.8,33.1,34.0,33.3,35.0,33.8,33.5,34.5,33.8,33.2,32.8,34.3,32.8,32.9,32.4,33.4,32.7,33.0,32.1,33.0,33.4,32.9,33.1,33.2,32.9,32.9,33.1,33.9,33.8,32.9,33.6,33.8,34.3,34.5,34.0,33.8,33.7,34.3,33.9,33.6,33.1,33.3,33.8,32.7,33.0,32.5,33.3,32.6,33.7,32.6,33.8,32.1,33.5,32.9,33.6,33.0,33.4,33.4,32.9,33.4,32.4,32.6,34.2,33.3,34.2,33.6,34.0,33.9,33.8,33.7,33.0,33.4,33.5,33.7,33.7,33.6,33.0,32.8,33.0,33.1,33.6,33.2,31.5,32.7,32.8,33.1,31.9,33.4,33.5,32.8,32.8,32.4,32.7,33.8,33.3,34.5,33.6,34.7,33.4,33.3,33.0,33.6,33.1,33.4,32.5,32.4,35.0,31.9,32.9,32.4,33.5,33.4,33.4,33.6,32.5,33.0,33.1,32.2,32.9,32.4,32.9,32.8,33.1,32.7,33.1,34.0,33.6,34.3,34.5,34.3,34.2,33.5,33.3,34.1,33.2,33.2,32.9,32.4,32.9,33.4,33.2,33.0,33.2,32.8,33.3,33.2,32.9,32.9,33.3,32.7,33.3,33.0,32.4,33.1,33.0,33.6,32.8,33.6,33.6,34.4,33.4,34.9,33.7,33.6,33.2,33.2,34.3,33.8,32.8,33.0,33.8,32.9,34.1,32.5,33.1,33.2,33.7,33.1,33.6,32.5,33.0,33.4,33.4,33.4,33.2,32.6,33.4,33.0,33.6,32.7,33.6,35.2,34.2,34.3,33.7,33.7,33.9,33.7,33.4,33.4,34.1,34.0,32.6,34.0,32.5,33.3,33.2,33.5,33.3,34.4,32.4,32.9,33.1,33.5,32.7,33.9,33.4,33.5,32.9,33.9,34.2,33.6,33.0,34.6,34.0,34.2,33.7,33.5,34.2,34.0,32.9,33.8,33.7,33.0,32.1,32.9,33.4,33.1,32.9,32.7,33.6,32.7,33.1,32.3,33.2,33.8,33.1,33.4,33.4,32.6,33.1,33.2,33.5,32.0,33.1,32.3,34.5,34.7,34.0,33.4,33.7,34.5,33.4,33.6,32.5,33.4,32.7,33.8,32.5,34.4,34.2,33.5,32.0,34.1,33.2,33.9,32.6,33.7,nan,33.1,33.3,33.5,32.2,32.8,33.2,33.0,33.0,33.6,33.8,33.8,33.9,34.4,33.5,33.1,32.5,34.0,33.2,33.9,33.0,31.9,33.8,33.1,32.9,33.7,34.3,33.1,33.8,32.8,33.8,32.7,34.0,32.9,33.5,32.9,32.9,33.5,33.7,33.5,33.1,33.3,33.6,33.1,33.8,33.7,33.4,32.1,34.5,32.6,33.3,34.3,33.2,32.8,33.9,34.4,34.0,33.4,32.3,34.3,32.9,33.4,33.4,33.5,32.8,32.8,33.6,33.3,32.5,34.0,33.9,33.0,33.3,33.7,33.9,33.6,33.5,34.0,33.9,34.5,33.8,33.9,34.2,34.0,34.0,32.7,34.5,32.7,33.0,33.0,33.6,32.6,33.2,33.1,33.3,33.5,33.7,33.1,33.3,33.0,33.2,32.7,32.8,33.1,32.8,34.2,33.8,34.3,34.7,34.1,34.1,33.1,33.8,33.7,34.7,35.0,33.1,34.4,32.7,33.7,33.4,33.5,33.6,33.4,33.8,33.1,33.5,33.3,33.3,33.8,33.7,33.6,33.6,33.2,34.0,34.1,33.3,34.1,34.3,33.7,34.0,34.2,33.9,33.7,33.7,34.0,34.3,33.0,34.4,32.8,34.9,34.0,33.4,32.7,33.5,32.9,34.0,33.1,33.4,33.1,32.9,33.3,33.3,33.4,33.5,32.5,33.1,34.3,34.2,33.8,33.4,33.4,33.6,34.4,34.3,33.0,34.6,33.5,34.0,34.5,32.7,33.7,33.8,34.3,34.6,33.2,34.5,32.9,31.7,33.7,33.3,34.5,33.7,32.9,32.6,34.0,33.7,33.1,33.5,32.9,32.0,34.1,33.0,34.2,33.3,34.8,34.1,34.2,32.8,32.9,34.4
1785306407.6412532,1941,35.3,32.6,33.7,32.4,32.3,32.3,33.1,33.5,32.8,32.8,32.2,32.7,33.5,32.3,33.4,33.4,32.6,31.7,32.7,33.6,33.7,32.1,32.8,32.7,33.9,32.0,34.3,32.7,33.8,32.1,34.4,34.4,33.1,32.3,33.3,32.9,33.5,33.1,34.1,33.9,32.7,33.2,33.3,34.0,31.4,33.0,33.6,34.1,32.2,33.2,31.9,34.0,32.9,33.2,32.8,32.9,32.9,32.7,32.9,34.2,32.9,33.0,34.0,34.9,33.3,34.2,32.7,32.6,33.2,33.7,32.4,33.0,33.4,33.3,32.4,33.6,33.0,32.7,32.7,32.9,32.7,33.0,32.8,32.6,32.2,32.8,32.4,32.5,32.3,33.4,33.5,33.3,32.6,33.2,34.4,33.6,33.3,34.1,32.9,33.3,32.9,33.3,33.3,33.4,33.6,32.2,32.0,32.7,32.1,32.3,31.8,34.0,32.1,33.0,33.7,33.4,31.7,32.8,33.1,33.3,33.1,33.2,32.1,33.0,32.4,33.6,34.2,33.6,33.7,32.4,33.9,33.5,31.8,32.6,33.0,32.5,32.8,33.3,33.3,32.6,33.5,33.4,33.6,32.9,32.3,34.3,33.1,32.6,32.8,32.7,33.6,32.7,33.2,32.4,33.2,33.2,33.4,33.1,32.5,33.4,33.4,33.3,33.9,33.3,33.3,33.2,33.1,32.6,33.4,33.1,32.0,32.6,32.6,33.2,32.4,32.6,32.0,33.1,33.4,33.6,33.1,33.6,33.7,33.2,33.0,33.1,33.4,34.0,33.0,32.7,33.2,33.9,34.2,33.6,33.2,33.2,32.6,33.0,32.8,32.7,33.1,32.8,33.3,33.0,32.9,32.1,33.6,33.1,32.7,32.7,32.4,33.9,34.9,33.5,32.5,33.4,33.5,32.2,32.8,32.6,33.7,33.2,34.1,33.3,32.4,32.7,32.2,32.6,31.9,32.2,32.0,33.1,32.7,33.0,32.4,33.6,32.7,33.3,34.0,34.0,33.1,33.0,34.0,35.1,34.4,34.4,33.6,32.6,32.6,32.6,33.3,33.2,33.5,34.5,33.7,33.9,32.7,33.1,34.7,32.0,33.1,32.2,33.2,33.3,33.7,33.0,32.5,33.4,33.6,31.9,33.0,33.0,32.8,32.1,32.9,33.3,34.4,33.2,34.2,34.0,32.1,33.8,33.2,32.6,32.2,32.9,32.6,33.3,32.6,33.9,33.7,33.9,31.8,32.1,33.0,33.7,32.3,32.9,32.5,33.6,32.9,33.0,32.4,33.8,32.3,32.7,33.4,33.4,33.4,34.7,34.0,33.8,33.2,32.9,33.8,32.2,32.9,32.3,32.9,34.0,33.6,32.5,33.2,33.6,32.7,33.4,33.0,33.9,33.2,33.4,32.8,33.7,33.9,32.9,33.6,33.2,32.7,33.9,34.4,33.5,34.1,33.5,34.7,34.7,33.2,33.1,32.9,33.3,34.0,32.4,33.5,32.2,34.9,32.9,32.6,33.9,32.2,32.9,32.9,32.9,32.7,33.4,33.3,33.5,33.0,32.6,32.6,33.7,32.5,33.5,33.5,34.3,34.2,34.3,34.0,34.5,34.0,33.3,32.4,33.3,32.5,32.6,33.4,33.2,33.9,33.2,33.8,33.1,32.9,32.9,32.8,33.3,32.2,32.5,32.2,33.4,33.3,33.5,33.0,33.2,32.9,33.9,34.2,34.5,34.4,34.2,34.3,34.0,33.7,33.3,34.0,34.1,33.3,32.3,32.8,33.1,33.5,34.0,33.4,33.1,32.8,33.1,32.7,33.4,33.2,32.8,33.7,33.7,33.1,33.0,33.1,34.2,32.6,33.6,33.8,33.7,33.9,34.0,34.7,34.4,33.0,32.6,33.8,33.9,33.0,33.5,33.0,33.3,33.9,33.4,33.8,32.9,33.1,32.2,34.1,32.6,32.9,33.8,33.3,33.2,33.5,32.4,33.5,33.2,33.7,33.7,33.9,34.5,34.1,34.2,33.9,33.3,34.2,34.0,33.6,33.7,33.6,33.0,33.8,33.3,33.4,34.1,33.1,33.6,32.8,33.8,33.5,33.7,33.0,32.8,32.7,33.7,33.0,33.6,33.3,33.3,32.3,33.3,32.7,33.6,33.3,34.7,33.9,34.6,33.5,32.9,33.6,33.1,33.2,33.7,33.8,34.4,33.1,33.4,33.4,33.0,33.2,33.3,33.3,31.9,33.3,33.3,33.7,34.0,33.7,32.9,33.6,32.7,33.0,33.2,33.8,34.0,33.3,34.5,34.1,34.3,33.7,33.3,33.6,33.8,32.9,33.7,33.4,33.1,32.6,33.6,32.4,33.6,33.4,33.9,32.7,34.1,32.5,33.3,33.0,33.5,33.2,nan,32.1,33.4,33.0,33.6,32.8,33.3,34.6,34.2,34.2,34.2,34.2,34.0,33.8,33.3,33.4,34.1,34.2,34.5,34.2,32.7,32.8,34.3,34.2,33.8,34.0,33.3,33.0,33.6,32.3,33.5,32.5,32.8,34.0,33.7,33.0,33.2,33.9,33.9,33.9,33.2,33.7,34.0,33.3,34.1,33.4,33.6,33.0,33.3,34.1,33.9,34.1,33.5,32.8,33.2,33.1,34.3,34.5,33.4,32.5,33.3,33.9,33.5,33.3,32.8,33.4,33.5,33.8,33.3,33.6,33.6,33.9,34.0,33.6,34.7,33.0,33.4,33.8,33.0,33.0,33.3,33.1,33.2,34.1,33.6,34.5,34.1,34.3,33.4,34.0,33.0,33.0,33.2,33.6,33.4,33.1,33.2,34.1,33.8,33.5,34.3,34.6,33.5,33.7,33.5,34.6,34.0,34.1,33.4,33.0,33.6,34.2,33.2,34.2,35.1,32.9,33.9,34.3,34.0,34.4,33.1,33.5,34.2,32.3,33.5,33.1,33.4,33.3,33.5,33.6,32.7,33.4,32.7,33.0,33.4,33.9,33.9,33.9,34.0,32.8,33.6,33.6,34.1,33.3,34.2,33.3,34.4,33.3,33.7,33.7,34.1,34.3,33.3,33.6,33.8,33.1,33.0,32.2,34.0,33.2,33.6,34.1,33.5,32.8,32.8,33.3,33.4,33.0,33.8,33.3,33.1,35.0,34.3,33.9,33.3,33.1,34.0,33.6,35.3,33.3,33.9,34.4,33.4,33.9,34.7,32.9,34.6,32.5,33.3,33.6,33.9,33.3,33.2,33.1,33.5,33.1,33.1,32.3,33.2,33.4,33.0,33.5,34.1,33.9,34.6,34.6,33.6,32.5,34.1,33.6,35.2
1785306409.7824357,1942,33.0,31.5,33.2,33.9,33.4,32.5,32.6,32.5,32.6,33.0,32.3,32.9,33.6,32.1,32.6,33.8,32.3,32.5,33.0,32.7,31.5,32.7,32.7,33.5,32.4,32.3,32.9,33.8,33.7,33.1,34.6,32.7,32.3,32.3,33.3,33.8,30.8,32.6,34.2,33.0,32.5,32.0,33.5,32.8,31.1,32.2,31.6,32.2,32.6,31.9,32.7,32.3,32.9,32.6,33.4,32.8,32.6,31.2,33.2,32.4,33.6,31.8,35.0,33.6,33.5,32.2,33.6,33.8,33.3,32.3,32.6,33.9,32.9,32.1,31.6,33.5,32.9,31.5,33.1,32.8,32.6,32.7,32.4,32.8,33.2,31.8,32.5,33.7,32.6,32.9,33.0,33.5,33.8,33.3,33.0,34.8,32.7,32.8,33.6,33.2,32.1,32.4,33.5,33.1,32.3,32.2,32.0,32.8,31.3,32.0,32.8,32.4,31.8,33.1,33.8,32.9,33.6,32.4,33.5,33.2,32.0,32.6,33.3,32.0,33.3,32.5,33.1,33.7,33.8,31.9,32.5,33.1,32.4,32.5,31.7,33.3,31.7,31.7,32.9,33.9,32.4,32.8,33.0,33.8,31.9,33.0,32.5,33.0,33.1,32.8,32.4,33.1,33.0,32.8,33.1,33.9,33.1,32.5,33.8,34.6,32.3,33.5,33.5,33.0,31.5,31.8,32.8,33.3,32.0,32.0,32.9,32.7,32.3,33.0,33.1,33.2,32.0,32.4,33.0,33.5,33.0,32.6,33.2,34.0,32.7,32.7,33.0,33.5,32.6,33.4,34.5,34.3,32.3,32.5,32.5,33.6,32.4,32.4,32.9,32.2,31.2,32.5,32.9,32.9,32.3,32.8,32.5,33.3,33.1,32.8,32.8,34.2,32.8,34.2,33.8,32.9,32.7,32.9,31.8,33.2,32.9,31.9,33.2,34.9,32.9,33.1,33.0,31.5,31.6,32.3,32.8,33.8,33.1,32.8,33.9,33.2,32.4,32.6,33.1,32.8,32.7,32.1,33.6,33.1,32.8,33.4,34.3,33.7,32.5,32.8,33.5,32.7,32.7,33.5,34.6,34.1,32.9,32.9,33.4,33.7,32.3,32.6,32.3,32.7,32.6,32.9,32.6,33.6,32.7,32.6,33.1,33.0,33.2,32.0,32.8,33.0,32.7,32.7,33.2,34.2,33.3,33.2,33.0,33.9,32.2,32.6,32.7,33.8,32.8,32.4,33.5,33.6,32.0,32.0,33.2,33.1,32.9,32.0,33.3,32.4,32.6,32.9,33.1,32.5,32.3,32.5,32.4,32.8,33.4,33.6,34.3,35.1,34.4,33.7,33.8,33.2,33.7,32.3,33.0,32.9,33.6,32.8,33.5,32.7,31.0,31.7,33.0,33.4,32.6,33.1,31.9,32.9,32.9,32.3,33.3,33.3,32.4,32.2,33.7,33.6,32.9,33.9,33.1,34.4,33.8,34.2,33.0,33.5,32.3,33.0,33.2,33.9,32.9,32.2,33.4,33.8,32.8,32.1,33.1,33.3,33.1,32.0,33.7,33.8,33.6,32.7,34.0,32.7,32.7,32.7,33.3,32.8,33.3,33.5,33.4,33.4,32.7,33.9,34.0,33.2,32.7,32.4,33.5,32.6,31.1,33.0,32.7,33.7,32.4,32.2,32.9,33.6,32.5,32.5,34.1,34.0,32.7,32.0,32.8,33.9,32.0,32.0,33.2,33.8,33.7,33.8,34.0,34.2,33.0,34.2,33.0,33.8,32.6,32.9,33.2,34.3,33.1,33.3,33.6,33.3,32.3,32.5,33.1,33.2,33.0,32.4,32.9,32.4,33.3,32.7,32.4,32.9,33.0,33.2,33.6,33.3,33.8,33.2,34.6,33.6,34.4,33.6,34.0,33.7,33.2,32.3,33.8,33.8,32.4,32.8,32.7,33.4,31.9,33.2,33.7,33.9,33.3,33.5,33.0,34.0,33.2,32.8,33.2,33.9,33.4,32.6,33.2,34.4,32.9,32.8,34.5,34.7,34.0,33.3,34.3,34.9,33.4,33.2,35.2,34.3,32.8,33.2,33.5,33.5,33.0,33.1,34.0,33.2,32.2,33.7,33.3,32.1,33.2,33.0,33.8,33.4,32.5,32.6,34.2,34.2,33.1,33.5,33.9,34.5,33.6,33.2,34.4,33.0,32.5,32.6,34.0,33.7,32.2,33.4,34.2,33.4,33.5,32.6,33.0,32.7,32.9,32.4,32.3,33.4,33.2,32.6,33.0,33.9,33.1,33.3,32.9,33.6,33.0,33.9,33.7,33.3,33.3,33.1,33.2,35.1,32.2,33.4,33.4,34.1,32.6,32.7,33.2,32.9,32.9,32.5,33.3,33.1,32.9,32.6,32.2,32.8,33.4,nan,33.4,33.6,33.8,33.0,33.3,34.2,33.5,34.0,33.6,34.1,34.3,33.9,34.0,33.7,31.6,33.2,33.9,34.8,33.7,32.8,32.1,33.8,32.8,33.7,34.1,34.3,33.1,33.3,33.6,34.7,32.4,32.1,32.7,32.5,31.9,32.7,33.4,33.7,33.0,33.9,34.5,34.2,33.6,33.6,33.7,34.9,33.1,33.2,33.4,34.5,32.8,32.3,34.5,32.6,32.7,32.9,33.3,33.9,32.7,32.6,33.1,33.7,32.2,32.4,34.3,33.5,33.0,32.4,33.8,33.7,33.0,33.3,34.1,33.8,33.6,32.6,33.8,33.7,32.3,32.8,33.9,33.4,32.7,33.8,33.1,33.7,33.3,33.0,33.6,34.3,32.4,34.0,33.7,33.8,33.2,33.5,33.5,33.4,33.4,33.7,32.9,33.5,33.0,33.0,33.1,33.8,32.9,33.6,34.1,33.8,33.3,33.5,34.4,33.4,32.5,32.5,34.2,33.7,32.9,32.5,33.2,33.6,33.6,32.2,33.3,32.7,33.6,33.0,33.8,33.0,32.8,32.6,33.6,33.8,32.9,33.8,33.6,33.1,33.9,33.5,33.4,33.9,32.6,32.7,35.1,33.9,33.2,31.9,33.2,34.5,33.2,32.8,32.7,34.5,32.1,32.9,32.5,34.7,32.4,33.1,33.1,34.2,32.7,33.0,33.4,34.7,32.7,33.1,33.6,34.3,33.6,34.0,33.8,34.1,33.6,33.4,34.2,34.9,32.2,33.2,34.7,33.8,33.3,32.9,33.6,33.8,33.1,33.4,34.2,34.0,33.2,32.5,34.4,32.6,32.6,32.7,34.0,33.2,33.3,33.8,34.0,34.2,33.8,33.9,33.4,34.1,33.6,33.8,34.1,34.7
1785306411.9964755,1943,35.0,32.7,33.5,33.5,33.5,34.2,33.3,33.0,33.1,32.4,32.2,32.8,32.9,32.4,33.3,32.4,33.9,33.0,33.3,33.4,33.3,33.9,32.4,34.0,33.7,33.4,34.1,33.3,34.9,33.6,33.6,32.8,34.6,33.4,34.6,32.7,33.6,32.7,33.4,33.1,32.6,33.1,32.9,31.9,32.7,33.6,34.1,33.6,33.4,33.6,33.5,33.3,32.3,33.2,32.7,33.3,33.3,34.3,33.7,34.5,34.4,33.7,34.9,34.4,33.3,34.8,32.9,35.3,33.6,33.6,33.3,32.2,33.4,32.9,32.6,32.7,32.7,33.8,31.8,32.4,33.4,33.5,32.3,32.9,32.6,33.3,33.7,33.6,34.2,33.3,32.7,33.8,33.9,34.0,34.0,35.2,33.7,35.0,32.8,33.5,33.3,33.5,32.6,31.8,33.0,33.2,33.0,32.7,33.3,33.3,33.1,33.7,33.1,34.4,33.4,33.6,32.5,33.2,33.4,33.1,32.8,33.6,33.4,33.7,33.0,33.6,34.6,32.7,34.2,33.0,33.1,33.8,33.3,33.5,33.0,33.8,33.2,33.0,34.1,33.7,32.8,33.2,33.3,33.4,33.9,32.1,33.3,33.1,32.8,33.4,33.4,34.0,34.2,32.9,32.9,34.8,33.2,33.8,34.1,34.9,33.1,33.1,33.2,32.6,33.2,33.3,33.9,33.2,33.2,33.1,33.5,33.0,32.9,32.7,32.9,33.3,33.3,33.1,33.4,33.3,32.5,34.2,34.2,32.8,33.5,33.3,33.7,33.8,32.7,33.5,33.7,33.7,34.2,34.2,33.2,33.9,32.9,32.9,33.9,34.1,33.8,34.0,33.0,33.4,33.9,33.9,32.8,32.6,33.0,33.0,33.4,33.3,34.3,34.1,34.5,34.6,33.8,33.5,34.5,33.3,33.5,34.0,34.8,34.1,32.4,33.4,34.2,33.0,33.0,32.8,33.1,32.8,33.4,34.4,32.9,33.1,32.5,33.3,33.5,33.5,32.9,33.0,33.0,33.1,33.2,33.3,35.1,34.3,33.1,34.0,33.3,33.7,34.2,34.2,34.7,34.2,32.8,34.1,33.5,33.4,32.7,32.8,32.2,34.0,33.4,32.8,33.2,33.4,33.5,33.8,33.0,33.0,33.0,33.4,32.6,33.5,33.8,33.2,34.1,34.1,33.7,33.6,33.2,33.5,33.0,33.8,33.2,32.7,33.4,33.7,34.3,32.7,32.7,32.1,33.7,33.3,33.3,33.4,32.8,34.1,33.2,33.4,32.5,33.1,32.4,32.9,33.5,32.9,33.4,34.4,34.0,34.2,34.0,34.3,33.2,33.6,33.7,33.3,32.9,32.8,34.5,34.3,33.6,33.2,33.3,33.0,33.6,33.3,33.2,33.1,33.4,33.3,33.8,33.0,33.6,33.7,34.0,33.4,33.3,34.0,34.1,34.8,33.6,34.1,34.2,34.8,33.3,33.8,33.5,33.0,34.1,34.4,33.6,33.8,33.5,32.5,33.1,33.8,33.5,33.0,33.5,34.1,33.3,33.7,33.1,34.2,32.5,33.9,33.6,33.1,33.4,33.2,33.6,34.7,33.6,34.3,34.0,34.8,33.4,34.3,33.4,33.7,32.4,34.7,33.9,32.5,32.8,34.0,33.4,32.7,33.1,34.2,33.4,32.6,33.9,32.6,33.2,33.5,33.7,33.0,34.1,33.2,34.1,34.0,34.5,34.2,34.0,33.8,35.2,33.7,34.9,34.3,34.7,35.0,33.5,33.5,33.0,34.0,33.0,32.6,33.0,33.5,33.1,33.8,33.8,33.2,33.7,32.4,33.0,33.5,33.9,33.0,32.9,33.0,34.4,34.7,33.2,33.9,34.2,34.2,34.1,33.5,33.9,34.9,35.0,34.8,34.7,33.5,34.0,34.2,33.4,33.1,34.2,33.3,33.3,33.1,32.7,33.1,33.0,34.5,34.0,33.2,33.3,33.4,34.5,34.5,33.9,33.5,33.4,33.7,34.9,35.1,34.4,34.0,34.0,33.5,34.9,34.4,34.5,34.3,34.2,33.5,33.6,33.2,33.3,32.4,34.0,34.3,33.2,33.6,33.2,33.2,33.3,33.6,33.1,33.6,34.9,34.4,34.0,34.3,33.6,33.9,34.5,34.7,34.2,34.2,33.2,34.2,33.2,35.0,34.8,34.8,34.2,34.1,34.0,34.7,33.8,33.2,33.8,33.7,33.7,32.5,34.3,33.3,33.8,32.9,33.8,33.0,34.3,34.0,33.3,33.7,33.6,34.2,34.1,34.6,35.0,33.9,33.8,33.6,34.0,34.0,33.1,33.9,34.0,33.8,33.8,34.0,33.2,33.7,33.2,33.2,33.7,34.0,33.5,33.5,33.3,nan,33.7,33.3,33.1,33.3,33.7,32.9,33.4,34.9,33.0,34.2,34.1,34.0,33.6,33.5,33.4,34.1,34.6,34.5,34.5,33.9,33.9,33.9,33.4,33.4,33.5,33.7,33.4,32.7,33.1,33.4,33.0,33.0,32.8,33.5,33.3,34.0,34.1,33.5,33.0,33.8,33.5,34.4,33.5,34.3,34.2,34.7,34.1,33.3,32.9,34.2,32.7,33.9,33.4,34.5,33.4,34.5,33.4,34.2,33.4,33.9,33.4,33.1,33.0,33.8,33.4,33.1,34.1,33.1,32.8,33.6,33.4,33.9,33.7,33.7,33.5,34.5,33.0,34.4,33.5,34.1,33.6,33.7,34.1,34.4,34.3,34.0,33.6,33.5,33.5,33.7,33.7,33.4,33.9,34.4,33.6,34.0,33.7,34.1,33.8,34.1,33.5,34.3,33.7,34.0,34.3,33.6,34.3,33.9,33.4,34.3,34.4,34.0,33.8,34.2,33.6,33.7,34.5,33.8,32.8,34.9,33.5,34.0,32.8,34.0,33.6,33.8,32.7,34.6,33.7,34.3,33.1,33.2,33.4,33.1,33.4,33.7,34.6,34.2,34.0,34.9,33.5,33.4,34.1,34.0,35.2,34.0,34.5,33.4,34.0,35.1,33.7,33.7,34.2,33.8,33.7,34.3,33.2,33.6,34.1,33.0,34.1,34.1,33.5,33.2,33.9,34.5,33.6,34.0,34.4,34.2,33.9,35.0,34.5,34.7,34.1,32.8,34.3,35.0,33.0,34.6,34.6,33.7,34.0,34.3,33.3,34.1,33.2,33.9,32.9,33.0,33.3,33.8,34.1,33.2,32.5,34.0,33.8,34.0,33.7,33.4,33.9,33.2,34.3,34.6,33.2,33.4,33.7,33.9,34.9,34.8
1785306414.0377011,1944,33.1,33.5,32.2,33.7,33.2,32.6,32.9,32.8,32.7,33.7,32.4,33.4,31.6,33.5,32.1,32.5,33.5,32.0,32.3,33.0,33.5,32.8,31.8,32.4,31.7,32.8,31.2,33.0,34.5,32.2,32.9,33.3,34.6,32.3,33.6,32.7,33.4,32.2,33.6,32.7,33.2,32.7,32.3,32.9,32.7,32.0,33.5,32.7,32.9,31.8,33.0,32.3,33.0,32.8,32.3,32.5,33.3,32.9,33.3,33.6,33.2,33.9,32.4,33.9,32.0,32.3,33.2,33.0,32.5,33.4,32.5,33.0,32.8,33.5,33.5,33.2,32.7,32.5,31.1,32.9,33.4,33.1,32.7,31.7,32.9,33.5,31.5,32.3,32.5,33.1,32.5,32.6,33.5,32.9,32.8,34.7,33.2,33.1,32.6,32.4,33.5,32.3,32.4,32.8,32.9,31.9,31.8,31.8,33.3,32.1,33.1,32.6,33.4,32.5,32.1,32.0,33.3,32.3,32.5,33.6,33.2,33.2,33.0,33.1,32.5,33.2,32.5,33.6,32.7,34.3,33.1,32.7,32.9,33.5,32.8,33.2,31.9,32.7,32.1,33.3,33.0,33.0,31.7,33.0,32.5,32.4,33.0,32.7,33.0,33.4,33.2,34.2,33.3,34.0,33.2,32.8,32.6,33.6,32.7,33.3,34.2,33.3,31.9,33.1,32.4,32.3,33.5,31.6,32.6,33.5,33.7,32.3,32.1,31.9,31.9,32.6,33.1,32.6,32.6,31.9,32.8,32.9,33.3,33.4,33.3,32.6,33.5,32.1,34.1,31.9,34.4,33.7,34.2,33.9,32.8,33.3,31.5,33.5,32.4,33.0,32.5,33.6,32.3,33.0,32.7,33.2,32.1,33.3,32.5,33.0,31.4,33.2,32.9,33.6,33.5,33.7,33.5,34.2,32.4,33.1,32.6,33.5,32.5,33.3,33.2,33.6,32.3,31.6,33.2,32.6,33.1,32.8,32.7,32.8,33.4,32.4,33.5,32.3,32.8,32.2,32.9,33.0,32.5,32.7,33.7,32.2,35.4,34.3,33.9,32.8,32.7,33.2,33.4,32.8,33.2,32.3,32.3,33.9,32.2,33.1,32.7,32.9,32.0,34.2,31.8,33.8,32.0,33.0,33.1,34.1,32.7,33.0,32.7,32.5,32.1,33.5,33.3,33.1,34.1,34.1,34.0,33.2,32.5,32.8,32.4,33.8,32.6,33.7,32.7,32.9,32.6,32.5,32.9,31.9,32.8,33.0,33.3,32.2,33.6,32.8,33.0,32.2,32.5,33.0,33.7,32.6,33.5,33.1,34.0,33.2,34.1,34.0,33.9,33.3,32.5,33.4,32.9,33.3,32.7,33.0,33.8,34.7,32.8,33.1,32.2,33.4,32.7,34.0,31.7,33.1,32.5,32.8,33.0,32.9,32.9,34.0,33.5,33.2,33.0,33.4,34.9,34.8,34.0,34.4,33.5,34.1,33.8,32.9,34.0,33.7,33.3,34.8,34.2,33.1,33.7,32.1,32.9,32.5,33.5,33.2,32.7,32.3,33.6,33.7,33.6,33.2,32.5,32.8,32.9,32.9,33.4,32.8,33.9,34.4,33.9,33.0,34.1,33.7,34.3,34.0,32.8,32.8,33.5,33.2,33.3,33.5,33.0,33.6,32.7,32.8,32.6,33.3,33.2,33.3,32.4,32.3,33.0,32.9,33.2,33.7,32.9,33.3,32.5,34.0,34.0,34.3,33.9,33.8,34.9,33.5,34.3,33.6,33.3,33.9,33.3,33.8,33.6,32.8,32.7,32.0,33.0,32.7,32.3,32.2,33.1,32.8,33.5,32.7,33.3,32.8,32.4,33.0,33.9,32.2,33.9,34.0,33.7,33.9,34.2,34.4,35.0,33.7,34.1,34.7,33.7,33.5,33.5,33.1,32.5,33.9,33.0,33.1,32.2,32.9,32.2,33.1,32.7,33.9,32.3,32.8,32.5,33.3,32.8,33.0,32.9,33.2,33.6,34.2,33.3,34.5,33.1,34.3,33.2,34.5,34.0,33.3,34.6,35.3,33.2,33.8,33.7,33.1,32.6,33.2,33.3,33.0,32.7,33.6,32.8,32.5,33.0,32.7,32.6,32.6,33.1,32.8,32.6,33.3,34.1,33.9,34.4,33.6,34.2,34.1,34.6,33.5,33.0,33.3,34.3,35.0,34.1,33.8,32.5,32.9,32.8,34.1,33.4,33.4,32.8,33.3,32.1,33.0,32.6,33.8,32.3,32.7,33.1,33.5,34.9,34.8,33.5,33.0,32.9,33.7,33.8,34.4,34.4,33.4,32.9,33.8,32.3,34.0,33.1,33.8,34.8,31.7,31.9,32.0,34.1,33.2,33.2,33.0,33.8,33.7,33.0,32.0,33.0,nan,32.7,33.4,34.1,34.7,33.7,33.8,32.9,33.2,34.2,33.9,34.5,34.3,33.6,33.5,33.0,33.3,33.9,34.1,32.5,33.7,32.6,32.5,32.5,34.5,32.9,34.2,32.7,33.9,33.7,33.6,32.5,34.0,32.8,33.5,32.3,32.8,32.4,34.0,33.3,33.5,33.4,33.7,33.7,34.1,33.5,33.7,33.8,33.5,32.7,34.2,32.5,33.1,34.4,32.6,33.6,33.0,33.9,32.9,33.5,33.3,32.9,33.3,33.1,33.1,32.7,33.5,33.8,33.4,33.1,32.5,33.1,33.6,34.5,33.5,34.0,33.4,34.1,33.8,33.3,32.9,34.0,32.6,34.8,34.3,32.4,34.2,33.2,34.3,32.9,33.5,33.0,33.7,32.0,32.9,33.9,33.6,33.2,33.8,33.5,33.8,33.4,33.4,32.5,33.5,33.2,33.2,33.3,33.5,33.0,33.7,34.2,34.4,34.0,33.9,35.1,33.5,33.2,32.6,33.2,32.7,33.8,34.2,33.1,32.3,33.4,33.5,33.9,32.5,33.6,33.9,33.7,33.6,32.8,32.7,33.4,34.0,33.3,34.0,34.2,32.5,33.1,33.4,33.3,33.4,34.6,33.4,32.4,34.1,33.5,33.8,33.5,35.2,33.2,34.5,33.1,33.3,33.5,34.1,32.6,33.4,34.1,34.3,32.6,32.9,32.8,33.2,33.7,33.9,34.0,33.3,34.0,34.8,33.7,33.2,34.1,34.1,33.6,34.8,34.4,33.2,33.9,32.6,33.8,33.5,32.9,32.7,34.1,32.8,32.7,33.0,34.0,33.4,33.6,33.4,33.6,32.9,33.2,32.6,33.4,33.0,33.9,33.0,34.3,34.6,34.3,33.0,34.1,33.5,34.2,35.0
1785306416.216769,1945,32.3,31.9,33.5,33.5,33.0,33.5,32.9,33.2,32.5,32.8,33.2,33.0,32.9,32.6,33.8,32.9,32.8,31.9,33.5,33.5,32.6,33.6,32.0,32.2,33.2,33.0,33.4,33.3,32.4,33.2,33.9,33.3,32.7,32.6,32.7,34.1,33.0,32.3,32.8,33.7,33.0,32.5,32.7,33.1,33.4,33.4,32.6,32.9,32.5,32.6,32.6,33.1,32.6,32.3,32.2,33.0,32.7,33.5,33.1,33.4,34.1,34.0,33.2,34.2,34.1,32.8,33.9,32.8,33.6,33.2,33.5,32.0,32.6,32.7,32.2,32.7,33.2,33.4,33.2,32.7,32.9,33.1,33.2,33.5,32.9,32.4,33.0,32.9,33.3,33.3,33.7,33.7,33.5,33.4,34.0,34.0,32.3,34.1,31.9,33.3,33.1,31.9,33.6,33.8,32.4,33.0,33.0,32.9,32.3,32.1,33.1,32.7,33.2,33.2,32.5,33.6,32.3,33.0,32.9,33.3,32.7,32.7,31.8,34.5,34.0,32.8,32.0,33.9,33.5,33.9,32.7,32.5,33.3,33.8,32.6,32.9,32.5,32.9,33.4,33.3,32.8,32.9,33.1,32.7,32.9,31.8,33.3,32.2,33.5,32.5,32.7,33.2,33.1,33.3,32.5,33.6,33.2,33.6,33.6,33.6,33.8,33.8,32.3,33.1,33.0,31.7,33.7,32.6,32.5,32.8,33.0,33.0,32.8,32.8,32.7,33.8,33.1,32.5,32.8,33.5,32.6,32.8,33.8,33.6,32.6,33.3,33.1,34.2,32.6,32.9,32.0,34.4,34.7,33.7,33.9,32.3,32.5,32.9,33.2,32.1,33.3,33.8,33.5,32.7,33.4,33.4,33.8,32.3,32.5,33.5,32.9,32.9,33.6,33.8,34.7,34.6,33.3,32.5,34.3,33.3,33.4,33.8,33.3,34.1,32.1,33.7,33.8,33.4,32.1,33.0,32.6,32.3,33.2,33.4,33.0,34.3,33.5,31.9,34.1,34.0,32.9,31.6,32.9,32.7,32.7,33.3,34.6,34.8,33.8,32.4,33.1,34.1,32.7,34.0,33.4,34.2,32.4,33.3,33.9,32.8,32.6,32.8,32.6,32.9,32.7,33.2,33.0,32.5,32.8,32.7,33.5,33.8,33.3,32.2,32.6,33.8,33.8,34.0,34.8,33.6,33.5,33.8,33.4,33.7,33.2,33.1,33.2,33.7,32.7,33.8,33.7,32.7,32.1,32.7,33.7,33.5,33.8,32.8,33.3,34.0,32.6,32.3,33.3,33.4,33.7,32.4,33.3,33.4,33.7,34.2,33.6,34.4,34.3,34.3,33.2,33.8,33.3,32.4,33.1,33.6,34.1,33.7,33.8,33.6,32.2,32.3,33.6,32.7,32.9,33.4,33.7,33.2,33.0,33.2,34.1,32.4,32.6,32.9,33.6,32.6,33.4,34.6,33.9,33.6,34.4,33.8,33.5,33.1,33.9,33.2,33.5,33.0,33.6,33.2,33.1,33.1,32.9,32.2,33.4,33.8,33.4,32.8,32.8,33.7,32.9,33.4,32.7,33.3,32.8,33.1,32.9,33.4,33.3,34.7,32.5,34.0,34.0,33.9,33.9,34.2,32.8,32.5,33.2,33.9,32.9,33.7,34.0,32.7,32.7,33.2,33.7,33.1,32.6,32.5,33.2,32.3,32.5,33.0,33.4,32.4,33.2,33.5,33.9,32.9,34.6,33.5,34.3,33.8,33.7,34.2,34.9,33.9,33.3,34.1,33.9,33.9,33.9,33.6,33.8,33.4,33.2,33.1,33.2,33.1,32.8,33.2,32.3,33.2,32.6,33.2,32.6,33.6,33.1,32.5,33.4,33.6,33.3,34.5,34.0,33.9,33.6,33.2,33.6,34.2,33.0,33.6,33.6,34.3,32.9,32.9,33.4,32.5,33.5,33.3,34.9,33.7,32.4,33.4,33.0,32.8,32.5,32.9,33.2,33.1,32.8,33.0,34.1,34.5,33.0,34.0,35.1,34.1,33.9,33.6,34.4,33.4,34.2,34.3,35.3,33.3,33.7,32.9,32.8,34.2,32.9,32.3,33.5,34.5,33.5,32.7,32.9,33.2,33.8,33.1,32.6,33.6,33.9,33.3,34.0,34.0,33.2,32.3,34.0,33.6,33.8,34.0,33.8,34.2,34.6,35.4,34.0,33.4,33.4,33.3,33.5,33.3,33.1,34.0,33.7,33.2,33.4,33.4,33.6,33.3,33.1,32.5,33.5,33.2,34.0,33.2,35.1,34.0,33.5,33.8,34.6,33.6,33.8,33.3,34.2,32.5,34.0,34.8,34.9,33.5,33.4,33.2,32.4,32.6,32.5,32.6,34.0,34.3,33.0,32.9,33.2,34.0,33.2,nan,32.4,33.8,33.3,34.4,34.0,34.4,33.3,33.6,33.9,34.9,33.9,33.3,33.1,33.3,33.6,32.8,33.2,35.3,33.8,34.0,34.1,33.5,32.7,34.1,33.8,34.2,33.0,34.1,33.9,32.6,33.3,34.0,33.8,33.0,33.5,34.2,33.5,33.0,33.1,33.2,32.9,34.1,33.7,34.6,34.4,33.8,32.8,33.1,34.4,33.0,33.6,32.5,33.4,33.1,34.0,33.0,33.9,34.4,33.0,34.2,33.6,33.0,33.8,33.3,33.3,34.2,33.5,33.5,32.8,33.8,32.4,33.6,33.7,33.9,33.7,33.8,34.5,34.0,33.3,33.7,34.9,33.3,33.4,34.4,33.5,33.2,33.0,33.5,34.6,33.5,32.7,34.2,33.9,33.8,32.6,33.8,34.3,32.4,33.5,33.6,33.2,33.5,32.7,33.5,34.8,33.0,33.6,33.9,34.4,33.1,33.8,33.8,32.8,34.0,32.2,33.3,33.9,34.9,34.2,33.5,33.7,34.0,34.0,33.0,33.4,33.7,33.9,33.4,33.2,33.8,33.4,33.4,33.2,33.8,32.9,33.9,34.2,34.6,32.7,33.8,33.3,33.8,33.9,34.3,34.8,33.8,32.2,33.9,35.1,32.7,34.1,34.1,33.4,32.8,33.0,33.2,33.9,33.8,33.2,33.6,34.4,33.6,34.3,33.1,34.1,33.4,33.2,33.8,33.9,33.5,33.9,33.9,35.3,32.5,34.5,34.1,34.7,33.9,34.2,33.7,33.2,33.9,33.4,33.0,33.7,34.1,33.2,33.2,32.7,33.4,34.2,33.4,33.4,34.3,33.4,34.3,32.5,33.8,33.6,33.9,33.7,34.5,34.1,34.6,34.2,34.5,33.5,34.4,34.0,35.0
1785306418.3385851,1946,33.8,34.6,32.6,33.7,33.8,34.4,32.6,33.0,32.3,32.9,33.2,33.2,32.6,33.7,33.3,32.2,32.5,33.0,32.6,32.2,32.4,31.8,32.7,32.4,32.4,33.6,33.5,33.9,33.2,34.5,34.3,33.3,33.5,33.8,31.4,33.3,32.0,32.3,32.1,33.0,32.6,32.8,33.6,32.4,33.2,32.9,33.3,32.9,33.2,33.3,32.8,33.5,33.5,31.8,32.5,32.6,33.8,33.0,33.1,32.2,34.1,34.1,32.9,34.3,34.2,33.5,32.8,33.5,33.5,34.0,32.8,31.9,32.9,32.9,33.2,32.6,32.7,32.9,32.2,32.9,32.8,32.9,31.9,32.6,32.3,32.6,32.7,32.7,33.7,33.9,32.8,33.0,34.0,33.6,33.6,33.5,34.0,33.0,32.6,34.5,33.3,32.8,33.2,32.7,32.4,33.4,34.4,32.4,33.3,33.0,32.9,33.2,33.6,32.9,33.2,32.9,32.7,33.7,34.0,31.9,33.9,33.7,32.8,33.2,33.1,33.1,34.1,33.7,33.8,33.4,33.4,33.8,32.4,33.9,33.3,32.5,32.9,33.9,32.7,32.4,33.5,32.4,32.3,32.7,33.6,32.7,33.3,32.7,34.1,34.9,33.8,34.2,33.3,34.0,33.3,33.2,33.3,34.4,33.1,33.8,33.1,33.4,31.9,32.5,36.0,33.0,33.1,32.9,33.2,33.0,32.8,33.4,33.7,33.5,32.9,32.8,33.5,32.7,32.2,32.8,34.3,35.1,34.9,34.6,33.3,32.8,33.1,33.1,34.1,32.8,33.1,33.6,33.4,33.1,32.9,32.9,32.7,32.9,32.5,33.0,32.8,33.1,32.3,32.5,33.1,32.6,33.6,33.4,32.7,32.8,32.9,33.6,34.1,34.1,34.7,33.9,33.5,34.0,33.2,33.6,33.6,33.7,34.5,33.3,34.3,32.2,32.9,33.1,32.2,33.4,33.1,32.5,33.5,33.1,32.2,33.0,33.2,32.7,33.3,31.9,32.3,33.1,33.6,33.9,34.5,34.0,33.9,35.3,34.3,34.2,33.6,33.4,34.3,34.1,32.6,33.8,33.3,33.0,32.5,32.7,33.0,33.1,33.0,32.2,32.9,33.1,32.2,33.9,32.9,33.8,32.5,33.6,32.4,33.3,33.6,34.4,33.0,33.5,33.6,34.6,33.4,33.8,33.6,34.4,33.3,34.2,33.7,33.7,33.8,33.2,33.0,33.2,33.0,32.9,32.5,32.7,33.6,32.5,32.7,33.7,33.5,32.3,32.0,33.4,33.3,32.5,34.1,33.3,34.0,33.9,34.3,33.9,33.6,34.2,33.2,33.0,34.2,32.6,32.5,33.1,33.5,33.1,33.9,32.5,32.8,33.6,32.8,33.5,33.3,33.9,32.2,32.5,33.3,32.9,32.8,32.7,32.9,34.0,33.3,32.5,32.7,34.3,33.9,34.3,33.9,34.3,33.9,33.4,33.5,33.3,33.6,33.8,32.7,33.0,33.3,33.2,32.9,32.4,32.5,33.3,33.3,33.2,32.8,32.9,33.6,33.6,33.8,32.8,34.0,33.0,33.2,32.6,33.7,33.4,33.1,34.2,33.3,34.0,33.7,33.0,33.2,32.5,32.9,33.5,33.4,33.5,33.3,32.4,33.1,33.7,33.2,33.1,33.1,32.3,33.1,33.6,33.2,32.5,33.1,33.0,33.4,33.5,33.0,33.8,33.4,34.3,34.0,33.6,33.8,33.5,33.9,35.3,32.6,33.1,32.9,33.2,33.0,33.3,32.3,33.2,33.3,32.8,32.9,33.1,34.1,33.4,33.0,33.7,32.6,32.5,33.4,33.3,33.2,32.2,34.2,32.8,33.2,33.9,33.9,33.6,33.9,33.4,33.7,34.2,33.7,32.9,33.3,33.8,33.6,33.9,33.5,33.6,33.5,33.6,33.5,33.3,32.9,32.4,33.2,33.8,33.2,33.2,32.6,33.3,33.6,33.0,33.5,33.8,33.3,34.0,33.8,33.9,34.3,34.4,33.2,34.6,33.4,33.7,33.3,34.4,32.2,33.6,33.0,33.3,33.6,32.7,33.2,33.1,33.8,32.9,33.0,33.1,34.2,32.4,33.2,33.2,34.4,32.8,33.5,33.8,33.9,33.0,33.7,33.3,34.3,32.8,33.6,34.6,33.5,33.4,33.7,33.5,33.4,33.5,33.1,33.5,33.7,33.2,33.7,32.9,32.9,33.7,32.6,33.6,33.0,33.2,33.2,33.7,33.4,33.2,33.0,33.5,32.8,34.5,34.3,34.4,34.2,33.9,33.5,33.9,33.2,34.0,32.9,32.6,33.1,33.7,32.5,33.7,34.1,33.0,33.9,33.6,32.8,32.9,32.7,33.1,34.1,nan,33.4,32.5,34.9,33.0,32.7,33.5,33.7,34.6,33.7,33.9,34.2,33.7,33.2,33.3,35.2,33.0,33.7,34.2,33.5,34.1,33.1,33.9,32.6,33.2,33.5,33.6,32.9,33.2,33.4,33.7,32.4,33.5,32.7,33.8,33.0,33.0,32.8,33.3,33.5,33.3,33.8,33.4,33.9,34.1,34.4,34.8,32.7,33.8,32.8,34.2,34.6,34.0,33.1,33.5,33.6,33.8,32.8,33.3,34.0,33.9,32.8,33.7,33.3,32.2,32.6,33.3,34.2,33.2,32.9,33.3,33.2,33.6,33.3,33.6,35.4,33.5,32.8,33.7,34.6,33.4,33.0,34.0,33.7,34.6,33.5,34.6,32.3,33.9,33.9,33.1,33.3,33.0,34.1,33.2,33.5,33.5,33.3,34.1,33.7,33.1,33.2,33.6,34.0,33.6,34.5,33.4,33.6,34.6,33.5,33.7,33.7,33.7,34.3,34.8,32.9,32.7,33.2,33.5,33.8,33.8,32.7,32.8,33.8,33.4,32.0,32.6,33.2,33.1,33.2,34.0,34.6,33.5,33.5,34.2,34.7,33.2,33.3,33.2,33.8,33.7,33.7,33.7,33.0,33.1,34.3,34.3,33.7,33.6,33.9,33.8,34.0,34.3,34.4,33.2,33.6,33.5,32.9,33.4,34.0,34.2,33.4,34.1,32.9,32.9,32.9,33.2,33.4,34.1,33.0,33.8,33.9,33.8,34.4,33.6,33.4,34.1,34.1,35.0,33.7,34.0,33.9,34.6,34.4,33.4,32.9,33.5,32.1,33.7,32.7,34.2,33.4,33.0,33.0,33.8,33.9,33.8,32.8,32.8,34.1,32.7,34.0,33.0,34.3,34.3,34.3,33.7,34.1,34.0,33.9,34.0
1785306420.581107,1947,33.0,32.3,33.4,32.4,33.3,32.7,32.6,32.9,32.6,32.6,33.5,33.5,32.4,33.0,33.0,33.2,32.3,33.0,33.9,32.5,33.8,32.7,32.9,32.1,32.2,31.6,32.9,31.6,33.5,33.0,33.5,32.6,31.8,34.1,32.8,33.5,32.6,33.2,33.5,32.8,31.9,32.0,32.2,33.0,31.4,33.0,32.7,33.9,31.9,32.6,32.7,33.9,32.1,32.4,33.6,32.8,32.1,32.4,32.5,33.3,33.3,34.1,32.0,33.3,34.2,33.9,32.8,32.7,32.7,32.7,32.8,33.2,32.7,32.6,32.8,32.7,32.9,33.5,31.9,31.5,32.8,33.0,32.6,32.3,32.8,33.0,33.1,32.0,32.2,33.6,32.6,33.3,34.0,33.5,33.7,34.3,34.1,33.0,32.7,32.8,32.1,31.8,32.5,33.1,32.5,33.6,32.0,32.4,33.2,32.5,32.5,33.9,31.9,33.1,32.7,33.4,33.2,32.2,32.0,32.6,32.3,33.3,33.3,33.6,32.4,32.7,33.3,34.2,33.1,32.6,32.8,33.3,33.8,32.6,33.3,32.4,32.9,31.8,32.9,32.8,33.0,32.4,32.5,32.7,32.4,32.4,33.2,33.1,33.7,33.1,33.8,33.0,33.9,33.7,33.1,33.6,33.1,32.9,34.0,33.0,32.7,31.4,33.1,33.2,32.7,32.0,32.8,32.5,32.5,32.9,32.3,32.2,32.6,33.1,33.3,33.0,32.2,32.7,33.1,33.8,34.5,35.3,33.5,33.8,32.3,32.8,32.8,32.2,31.4,33.0,33.6,34.2,33.7,32.7,32.5,34.2,32.9,32.4,33.3,33.1,32.3,32.6,32.3,33.4,32.6,32.8,33.2,33.5,32.6,32.9,34.3,32.7,35.3,34.1,34.6,33.3,33.2,32.0,33.1,33.1,32.8,32.8,33.6,33.6,31.5,32.9,33.4,33.7,31.3,32.3,33.0,33.2,33.1,32.6,33.2,32.5,31.9,32.7,33.0,32.8,32.9,33.4,33.9,33.8,34.2,34.0,34.5,35.2,32.6,32.5,33.5,33.3,33.3,33.7,32.5,33.8,34.0,33.3,32.8,32.6,31.9,33.4,33.7,33.7,33.8,33.0,33.6,32.7,33.0,31.9,33.5,32.5,33.2,32.7,33.5,33.5,34.1,33.2,34.0,34.1,33.8,33.1,33.8,33.2,33.1,33.1,34.1,33.1,33.4,33.6,32.5,34.0,32.2,33.3,32.9,33.4,32.5,33.3,33.1,33.7,32.8,32.9,33.0,32.8,33.1,32.3,33.0,33.1,33.4,33.6,33.8,34.4,33.8,33.9,33.6,33.3,33.0,33.2,34.0,33.1,34.2,32.7,33.9,33.0,33.0,32.2,32.6,32.3,33.0,32.6,33.1,32.9,33.5,33.4,33.2,33.2,32.9,32.4,33.0,32.9,34.0,33.8,33.6,34.0,34.1,33.3,34.4,32.9,32.6,32.1,33.6,32.7,33.3,33.1,33.0,33.4,33.1,32.6,33.1,32.9,33.1,32.3,32.5,33.6,32.8,33.3,33.2,33.8,32.7,32.5,32.9,33.3,33.8,33.9,34.0,33.9,33.1,34.4,33.6,34.1,32.5,33.1,33.6,33.4,33.8,33.8,33.1,32.3,32.4,33.4,33.4,32.3,33.1,32.6,32.9,32.8,33.1,32.3,33.9,33.6,32.9,31.8,32.9,33.3,34.0,33.2,34.0,33.5,33.6,33.7,33.4,33.8,33.4,32.5,34.0,33.7,33.5,32.7,32.6,33.2,33.0,32.5,33.1,33.5,32.7,32.4,32.5,32.6,32.3,32.9,33.0,33.3,32.3,33.2,33.4,33.8,33.8,33.8,33.6,33.3,33.7,33.6,33.8,33.5,32.8,32.3,32.6,33.4,33.2,32.6,33.3,32.6,33.4,33.3,33.3,33.0,33.3,33.1,33.3,33.0,33.1,33.2,33.2,32.6,33.3,33.1,33.7,33.7,34.0,33.4,34.0,34.0,33.8,33.1,35.0,32.9,33.2,32.7,34.2,32.5,33.2,32.8,32.3,32.7,32.4,32.7,33.1,33.7,32.5,32.9,33.6,32.9,33.1,33.2,32.8,33.8,33.2,32.4,32.9,33.4,32.6,33.3,33.9,34.8,34.4,33.5,33.4,34.2,33.4,33.8,34.4,34.1,32.8,33.0,32.5,34.1,32.8,32.3,33.0,33.0,33.6,32.4,33.5,33.0,32.9,33.7,32.4,32.6,33.0,33.1,32.9,33.9,32.9,33.5,33.5,33.8,34.7,33.3,33.5,32.7,33.7,33.1,34.4,32.9,32.8,32.5,33.2,32.7,32.7,33.2,33.3,33.3,32.7,33.1,32.7,33.1,33.5,nan,33.3,33.0,32.8,33.0,32.4,33.5,32.9,33.6,33.2,34.3,34.1,33.5,34.5,33.5,33.3,33.4,32.6,33.8,33.1,32.7,33.6,33.3,33.1,33.3,32.8,33.5,32.2,34.3,33.3,32.8,32.6,32.5,33.1,33.2,33.4,32.5,34.2,33.7,33.2,33.5,33.3,33.1,33.1,34.0,34.1,33.0,34.0,32.8,34.2,33.7,33.2,33.2,33.0,33.2,33.3,33.8,32.9,33.7,32.7,32.9,32.7,33.4,32.5,32.8,32.8,33.4,33.2,32.7,32.6,34.4,32.6,33.0,32.7,33.9,33.0,34.2,33.2,34.4,32.8,33.2,33.9,34.2,33.5,34.2,33.1,33.7,32.3,32.6,32.8,33.7,32.9,32.0,33.5,33.6,33.1,33.0,33.3,33.5,33.0,33.8,33.4,33.5,34.2,33.2,34.5,33.1,33.4,33.2,33.9,33.2,33.9,32.6,34.4,32.7,33.2,32.7,33.3,33.3,33.5,33.6,32.6,33.6,32.8,33.6,33.3,33.0,32.9,32.8,32.9,33.8,33.1,33.3,32.7,33.0,32.7,33.8,33.4,33.4,33.7,34.6,32.8,33.7,32.7,33.5,32.9,34.4,33.4,32.6,34.1,33.6,33.0,33.5,33.5,33.7,33.4,32.5,33.2,34.0,34.7,32.7,33.6,33.6,32.7,32.4,33.9,33.1,33.8,33.1,33.8,33.2,34.1,33.0,35.0,33.1,33.8,32.5,34.4,34.2,33.1,34.1,32.4,34.0,32.4,33.0,34.1,33.6,32.5,33.8,32.7,33.1,32.8,33.0,33.6,34.2,31.9,32.8,33.1,33.2,33.4,34.2,33.4,34.0,33.0,34.7,33.8,34.3,31.9,34.5,34.3,33.5
1785306422.6737802,1948,33.3,33.4,32.4,33.4,32.4,32.0,33.4,32.9,33.0,33.2,31.5,32.1,32.4,33.0,32.8,32.6,31.4,33.4,33.1,31.7,33.4,33.6,33.2,33.1,32.8,31.2,34.0,34.0,33.9,33.0,34.0,32.9,33.9,34.4,34.0,33.3,32.4,32.6,32.9,33.4,32.7,32.8,33.5,32.2,32.2,33.1,33.6,32.4,32.2,32.4,32.5,33.3,32.7,32.2,32.8,32.6,32.3,32.8,33.2,32.6,34.0,33.6,33.3,33.1,33.0,34.7,33.3,33.1,32.7,32.7,33.6,33.6,33.1,32.6,32.5,33.2,31.8,31.7,33.1,32.9,32.6,33.0,32.9,32.1,33.7,32.3,31.9,32.6,33.2,33.2,33.0,33.7,34.2,32.6,33.9,33.2,33.8,33.0,32.5,33.9,32.9,32.2,33.9,32.5,33.2,32.9,32.5,32.2,32.5,32.5,31.9,33.4,32.9,32.9,33.6,34.5,32.0,32.2,32.4,32.6,32.9,33.3,32.7,34.0,33.5,33.1,33.0,34.2,31.9,33.3,32.7,33.3,32.2,32.8,32.7,32.7,32.0,32.5,32.9,32.3,32.7,32.9,32.7,33.1,32.4,33.6,32.8,32.9,33.2,32.6,33.1,32.5,33.7,32.1,33.5,32.7,33.3,34.3,34.0,32.3,34.4,31.8,33.3,33.4,33.1,32.6,33.3,32.7,32.7,33.5,32.3,33.6,32.6,32.5,32.8,33.2,32.4,32.7,32.8,33.5,33.8,34.3,33.4,33.8,33.0,34.1,33.2,33.7,33.0,33.0,33.8,34.0,33.2,34.5,33.1,33.2,32.0,32.6,33.2,32.7,32.3,33.0,33.4,33.2,33.3,33.1,33.1,32.5,32.4,32.6,33.8,33.7,34.0,34.6,35.1,33.9,33.4,33.2,32.7,32.4,32.8,33.2,32.4,32.5,32.2,32.7,32.8,32.9,32.9,33.2,33.0,33.0,32.2,32.9,32.6,32.8,32.7,32.5,32.9,32.9,32.8,32.0,33.4,33.7,32.7,33.8,33.8,33.8,34.5,33.5,33.8,33.6,33.1,33.3,32.9,34.5,32.4,33.8,32.3,33.4,32.2,32.1,33.5,33.5,32.7,33.4,33.2,33.4,33.2,32.1,32.9,32.8,33.2,33.9,34.0,32.9,34.6,34.2,33.0,34.1,34.1,33.6,34.2,32.5,33.5,32.9,34.5,33.6,33.0,32.6,33.1,33.0,31.8,32.2,33.0,33.2,32.5,32.6,32.6,32.7,32.3,32.9,32.9,33.6,33.2,33.1,34.3,33.9,33.7,34.6,34.6,34.4,34.0,34.0,33.1,33.9,33.1,33.2,32.3,34.1,33.7,33.2,32.7,32.6,31.9,33.1,33.1,33.4,32.6,33.1,33.2,32.9,32.9,33.4,33.5,32.6,33.8,33.2,33.2,33.7,33.9,34.0,34.4,34.7,33.9,34.2,33.0,33.5,33.2,32.8,32.8,32.0,32.4,32.2,33.0,33.8,32.6,32.6,32.5,32.9,33.4,32.3,33.0,33.7,32.6,33.4,32.9,32.5,33.1,32.0,33.2,33.3,33.6,34.1,34.3,33.7,33.5,33.4,33.8,32.5,32.5,33.4,32.8,33.5,32.1,32.1,32.9,33.5,33.1,32.7,33.7,32.8,32.8,33.3,32.9,32.3,32.4,33.2,33.9,32.7,33.7,32.8,33.2,32.9,33.5,34.1,34.5,34.8,33.8,33.2,33.9,33.4,34.1,32.3,33.4,34.3,32.9,33.5,31.6,33.2,32.3,32.3,33.1,33.3,33.0,32.4,32.7,34.1,33.0,33.0,32.5,32.9,32.8,33.3,33.1,33.5,33.8,33.5,33.9,33.6,34.2,34.1,33.4,34.0,33.0,33.4,32.6,33.6,33.2,33.4,33.1,33.5,33.5,32.6,33.3,33.4,32.1,34.0,33.3,33.7,33.5,32.3,33.5,32.3,33.4,33.4,34.0,32.8,33.8,33.9,34.0,34.5,33.8,33.1,34.3,33.2,33.4,32.8,33.9,33.1,32.5,33.6,33.5,33.7,32.1,32.9,33.7,33.0,32.7,33.0,33.6,32.8,32.2,32.7,32.5,33.0,32.5,33.7,33.4,33.2,33.4,34.5,34.6,34.5,33.9,33.4,33.3,34.9,33.4,33.8,33.8,34.7,33.4,32.5,33.7,33.0,32.7,33.6,33.2,32.5,32.7,33.1,32.8,32.8,33.2,33.5,33.2,32.7,33.0,33.4,33.7,33.2,33.3,33.0,33.8,34.3,33.5,33.8,33.9,34.4,33.3,33.1,34.6,33.5,33.4,33.9,32.2,33.9,33.1,33.2,33.6,33.1,33.5,33.6,33.4,34.1,33.0,nan,33.4,33.3,32.7,32.7,32.9,34.3,33.4,34.1,33.7,34.5,33.7,34.2,33.3,33.0,34.2,34.2,33.6,33.8,33.5,33.8,32.7,33.1,32.8,33.3,33.9,34.1,32.9,33.4,33.5,34.1,32.9,32.2,33.4,32.7,32.7,33.0,33.0,33.0,33.2,33.7,33.8,33.1,33.8,34.1,33.3,33.6,33.3,33.5,34.8,33.1,32.3,33.6,33.2,33.9,32.9,34.0,33.6,33.7,32.9,33.2,31.5,32.7,32.4,33.2,33.6,33.8,32.8,33.0,34.0,33.2,33.5,33.8,32.7,34.6,34.2,33.1,34.0,33.9,33.4,33.6,32.4,34.4,34.0,35.3,35.0,33.3,32.9,33.0,33.0,33.5,32.6,33.2,34.5,33.6,32.8,33.5,33.5,33.5,33.9,32.6,33.1,33.8,33.5,33.2,32.7,33.4,33.8,34.5,34.1,32.4,32.9,33.4,33.3,33.8,33.9,32.9,33.5,34.7,32.5,32.6,33.1,33.0,32.3,33.4,34.0,33.2,33.3,34.1,34.6,33.5,32.4,33.5,32.7,33.3,33.6,33.6,33.7,33.6,33.5,33.9,34.3,33.5,32.9,34.9,34.0,35.2,32.3,34.2,33.0,33.9,34.8,34.1,33.9,32.9,33.0,33.8,33.2,33.3,32.9,33.1,34.0,32.8,33.1,33.6,32.9,33.5,33.3,32.9,34.9,32.8,34.5,34.1,33.8,33.1,33.6,33.1,33.3,33.5,33.5,33.1,34.6,34.8,33.5,34.6,34.3,34.5,33.4,33.0,34.2,34.2,33.3,33.0,33.1,33.5,32.8,33.3,33.3,33.3,33.1,34.2,34.1,34.2,33.6,33.7,33.8,33.7,33.8,35.1,34.1,35.3
1785306424.984325,1949,33.8,32.3,33.6,31.9,33.8,33.8,33.4,33.5,33.0,33.0,32.7,33.3,33.2,33.0,32.8,33.4,31.9,32.3,33.7,34.1,33.0,33.2,32.9,32.9,34.0,33.1,33.1,32.7,33.0,33.3,32.3,33.7,36.0,32.0,33.5,33.3,33.5,32.1,33.5,33.6,32.9,33.1,32.2,33.7,34.2,32.4,33.4,32.6,32.8,31.9,31.9,33.5,33.4,32.5,31.4,33.4,33.3,33.2,32.9,32.6,33.8,33.4,33.8,34.3,32.7,33.7,32.6,33.6,33.1,33.5,33.2,33.0,33.1,32.4,32.8,33.1,32.4,33.1,32.9,33.1,33.5,33.2,33.4,33.0,32.1,33.5,32.5,33.7,32.0,34.2,32.6,32.5,32.3,32.2,32.7,33.9,34.1,31.8,33.2,33.9,33.2,32.0,33.1,33.1,33.6,33.4,33.8,33.5,33.2,32.3,31.9,32.5,34.0,32.6,33.4,32.6,32.5,31.8,32.9,33.5,33.6,32.9,32.3,34.2,34.1,33.5,33.5,33.2,32.9,34.5,33.2,33.5,32.8,32.4,33.5,31.8,31.6,33.1,32.7,32.0,32.9,33.8,33.3,33.1,32.9,34.0,33.2,33.3,33.4,33.8,33.1,33.6,32.8,32.6,32.7,33.1,33.3,33.7,33.7,34.1,34.8,31.8,32.2,33.4,33.9,32.0,32.8,32.7,33.4,31.8,33.2,33.4,32.5,33.1,33.4,34.0,33.5,32.0,33.6,33.3,33.5,33.8,34.2,34.0,33.2,32.1,33.6,33.9,33.0,32.8,33.4,34.4,32.3,33.2,32.7,33.2,33.7,34.3,33.2,33.1,33.0,34.0,33.2,32.7,32.5,32.3,33.6,32.2,33.0,33.2,33.6,34.8,34.8,35.1,34.4,33.8,32.3,33.4,34.0,32.6,33.0,33.8,34.9,34.0,33.8,33.1,33.0,33.1,33.1,32.7,32.8,33.0,32.7,32.9,32.9,33.3,33.2,32.9,32.7,33.1,34.0,32.3,33.2,33.9,33.6,33.7,33.6,33.8,32.9,32.6,33.3,33.6,33.7,33.7,34.5,32.6,33.1,34.4,34.2,32.6,32.8,32.6,33.8,33.9,32.1,33.4,33.4,33.4,32.9,34.0,33.2,33.5,32.7,33.1,32.8,34.3,34.1,33.8,33.5,34.1,33.9,33.3,33.1,33.4,33.1,33.1,32.7,33.8,33.9,33.2,32.5,33.0,33.1,32.7,34.6,33.7,33.0,32.8,33.3,32.8,33.7,32.0,32.9,33.1,32.9,33.4,33.9,33.8,34.5,33.8,33.7,33.9,34.2,33.5,33.1,33.5,34.6,33.0,31.5,33.5,32.0,34.4,32.9,33.4,32.5,32.7,32.0,33.7,32.8,33.8,32.6,33.0,33.0,33.2,33.2,33.6,32.3,33.2,33.7,33.2,34.0,33.5,33.9,34.3,33.1,34.5,33.3,33.8,33.2,32.5,34.3,32.7,33.9,32.8,32.8,33.4,32.6,32.3,32.4,32.8,33.1,32.7,33.2,33.9,33.6,33.3,34.2,32.8,33.6,33.6,33.1,33.9,33.3,33.8,33.7,33.7,33.8,34.2,33.3,32.3,32.7,32.1,33.4,33.1,33.4,34.6,33.5,32.9,33.3,32.7,33.0,32.7,33.8,33.0,32.9,33.0,32.7,33.4,32.9,33.4,33.4,33.1,33.3,33.1,33.5,35.0,34.0,33.8,33.6,33.9,33.9,33.4,34.1,33.0,32.4,33.7,34.3,33.1,34.2,32.5,33.7,32.8,33.3,33.8,34.3,31.9,33.2,33.7,33.0,31.7,32.8,33.0,33.8,32.5,33.8,33.0,33.9,33.6,34.1,34.1,35.0,33.1,34.1,33.7,34.7,32.9,33.0,33.8,33.0,35.2,33.1,33.9,33.0,33.1,32.4,33.4,32.8,32.6,33.2,32.7,32.5,33.2,33.5,32.9,33.1,33.9,33.8,33.2,32.8,34.2,34.3,33.7,33.5,34.2,34.6,33.6,32.8,33.0,33.9,33.3,33.4,33.4,33.3,34.1,33.7,32.1,33.0,33.7,32.9,32.5,32.8,32.9,33.5,33.3,33.4,33.0,32.5,33.0,33.5,33.0,34.2,33.2,33.2,34.3,33.9,33.5,34.9,34.6,34.0,32.9,33.4,33.3,33.6,34.4,33.5,33.6,32.6,33.1,33.2,32.7,32.4,33.4,33.5,34.2,32.8,33.4,33.2,33.4,32.5,33.2,33.0,33.5,32.7,33.9,33.8,34.3,34.2,34.0,33.9,33.6,33.0,34.1,34.4,33.3,33.6,32.9,33.8,34.4,34.0,32.1,34.2,33.6,33.9,33.1,33.7,32.9,33.7,nan,33.6,33.3,32.3,32.5,34.2,33.5,33.9,32.9,34.1,34.1,34.8,33.5,34.5,33.7,33.6,33.2,32.8,33.4,33.3,33.2,33.1,34.1,33.1,34.4,33.5,33.2,32.9,33.6,33.4,32.6,32.9,33.5,32.9,33.4,33.2,33.4,33.3,33.2,32.8,33.2,32.2,34.1,33.8,33.8,33.2,32.9,32.9,33.1,35.0,33.7,34.1,32.5,32.8,33.9,32.9,33.2,32.7,33.7,32.0,32.5,32.6,33.9,34.0,32.5,33.4,33.3,33.3,32.7,33.6,34.0,34.6,33.1,32.9,33.9,33.2,32.9,33.1,32.7,34.1,33.0,34.1,34.0,33.7,34.7,33.7,34.1,32.7,33.4,33.7,33.4,32.4,32.5,33.1,34.0,32.6,33.0,34.3,33.3,33.2,33.5,33.1,32.8,33.6,34.0,33.1,32.9,33.4,34.1,33.5,33.6,33.7,33.6,34.1,33.8,35.4,33.8,33.7,33.7,34.2,33.8,33.2,32.8,33.4,32.9,32.9,33.5,32.8,32.2,34.0,34.0,33.4,33.1,33.2,33.0,33.4,33.6,33.9,32.9,34.4,33.3,34.0,34.6,34.5,33.7,33.1,35.0,33.2,33.3,33.0,33.9,33.4,34.1,33.9,33.3,32.3,34.1,32.3,32.7,33.2,34.1,34.1,34.0,32.7,34.2,33.0,33.1,32.5,33.7,33.6,33.7,33.7,35.4,34.4,33.5,33.0,33.8,34.4,34.0,35.1,33.1,34.2,33.7,34.7,32.6,33.7,33.7,33.3,33.2,33.5,33.6,34.4,33.0,33.1,33.8,32.2,33.5,33.6,33.2,33.6,32.9,33.7,33.4,33.2,34.5,33.4,34.5,32.8,33.2,33.8,36.7
1785306427.0367928,1950,35.0,32.6,33.8,32.1,33.2,33.2,34.2,32.3,33.3,33.4,33.0,31.5,32.7,31.7,33.1,32.6,33.7,33.4,33.6,32.3,33.7,33.1,32.6,32.7,33.7,33.3,35.3,33.2,33.3,33.7,34.6,31.9,33.7,33.4,32.5,34.1,33.3,32.2,32.2,33.7,32.7,32.7,32.2,34.4,32.4,32.5,31.8,34.0,33.3,33.3,32.7,33.6,32.7,34.1,32.6,34.3,32.8,33.3,32.3,34.5,33.6,32.8,32.6,33.7,33.8,33.5,33.6,33.1,33.2,33.7,33.3,32.2,33.0,32.8,33.5,32.5,33.2,33.3,32.9,32.2,33.1,32.8,33.2,32.1,33.6,32.3,33.9,32.6,33.1,32.5,33.9,33.9,33.5,33.7,33.8,33.2,32.2,32.7,32.3,35.3,32.1,33.1,31.9,32.8,33.2,33.4,34.0,33.1,32.1,32.8,31.3,33.0,32.9,33.7,32.5,33.4,32.2,32.8,32.8,34.4,32.9,33.8,31.1,34.1,32.6,33.8,34.2,33.8,34.2,32.8,33.5,32.4,32.9,33.2,33.4,32.2,33.5,33.1,33.2,33.2,32.8,32.6,33.8,31.6,33.5,32.8,33.3,32.8,33.2,32.6,33.6,33.6,33.4,32.4,33.6,33.1,34.4,32.9,34.9,32.3,33.7,33.1,31.8,34.1,30.9,32.5,33.0,33.2,33.1,32.6,32.5,32.7,32.5,33.1,32.6,33.3,33.8,33.1,32.6,33.9,33.0,33.1,33.9,34.9,34.1,34.4,32.4,32.9,33.4,33.9,33.2,33.1,32.9,33.4,34.5,33.2,32.3,32.4,33.4,33.1,33.6,33.2,34.0,33.1,32.9,32.5,33.7,32.3,34.1,32.6,33.4,31.9,33.4,32.3,34.2,34.6,34.2,33.2,34.3,33.5,33.0,34.4,34.4,32.7,34.4,34.1,32.0,33.2,33.3,32.8,32.2,33.3,32.0,32.8,32.6,33.1,33.2,33.5,32.4,34.0,33.0,33.5,32.9,33.7,33.1,33.1,32.5,34.1,32.8,34.1,32.6,34.3,33.5,33.8,32.9,34.4,33.4,32.1,33.9,33.0,33.1,33.6,34.1,32.8,33.2,31.7,32.9,32.2,32.7,32.7,33.3,31.9,32.8,32.8,34.2,32.7,33.4,33.4,34.4,34.2,34.0,34.5,33.9,33.6,33.4,33.0,33.8,33.2,33.3,33.3,32.9,34.3,32.0,33.2,32.9,33.7,32.9,33.1,31.5,34.1,32.6,33.2,33.2,34.0,32.6,32.9,32.4,33.2,32.1,34.5,33.8,35.0,33.7,34.1,33.2,35.2,34.1,33.9,32.0,34.0,33.9,32.3,33.4,32.2,33.5,31.5,34.4,33.1,32.9,32.8,34.2,33.4,33.3,33.7,33.4,33.2,33.2,32.9,33.8,33.1,34.3,34.8,34.5,33.2,34.4,33.7,34.2,33.1,34.6,32.7,33.5,33.5,33.3,32.7,31.8,32.9,33.2,33.1,32.9,33.7,33.1,33.8,33.2,33.0,33.6,34.2,31.9,33.6,33.9,33.2,32.8,33.9,34.1,34.4,34.0,34.8,34.8,34.2,33.5,34.7,33.1,34.1,32.1,33.7,33.7,33.4,33.8,31.7,34.1,32.6,33.6,32.5,33.7,32.7,34.0,33.1,33.6,32.8,34.6,33.2,33.5,32.1,33.3,32.6,33.5,33.7,34.9,34.2,33.6,34.2,34.9,33.3,34.4,33.8,34.5,33.3,33.3,33.6,33.4,33.2,33.4,33.5,33.3,34.6,33.4,33.5,32.0,34.0,33.0,33.3,32.5,33.8,33.1,34.1,32.8,34.1,33.1,34.4,33.9,34.1,34.7,34.8,33.6,35.2,35.4,33.9,33.2,35.5,34.0,34.2,34.0,32.0,33.8,32.4,34.0,32.3,33.4,33.1,33.8,32.9,33.5,32.6,34.1,31.8,33.2,33.4,34.1,33.1,33.9,33.7,34.4,32.8,34.4,33.5,34.0,32.7,34.2,33.4,34.5,33.9,33.2,33.3,33.1,33.6,33.3,33.3,33.0,34.3,32.6,32.8,32.3,33.7,32.7,33.0,33.1,33.6,34.3,32.8,33.4,34.9,33.8,33.4,34.1,34.7,34.5,33.8,33.8,35.1,33.1,34.1,33.2,35.2,34.4,33.8,34.0,32.8,34.1,33.5,34.0,32.5,33.9,34.1,32.9,33.2,33.6,33.2,33.5,33.1,33.5,31.6,33.6,33.1,33.6,33.4,34.8,33.8,34.6,33.8,34.2,32.9,33.6,33.7,34.9,33.3,34.3,34.0,31.8,33.2,34.0,34.1,32.4,32.9,33.7,34.4,33.2,34.0,32.5,nan,32.4,33.7,32.3,34.1,32.5,33.8,33.1,33.7,33.1,33.9,34.6,34.0,33.7,34.0,32.5,33.7,33.0,34.5,33.2,33.0,33.9,32.4,33.6,33.6,34.2,33.2,33.4,32.4,33.2,33.3,32.8,32.5,33.6,33.0,33.2,32.1,33.9,32.9,33.5,33.6,34.2,33.3,34.2,33.6,34.4,33.2,34.0,33.9,35.4,34.1,32.8,33.1,33.1,33.5,33.1,33.4,32.5,34.2,33.4,32.5,32.4,34.0,33.4,32.6,33.0,34.2,34.0,33.1,33.8,34.0,33.6,34.4,33.1,34.7,33.6,33.8,32.9,34.0,33.2,34.3,32.0,35.1,33.6,33.6,34.9,33.9,34.4,33.0,33.5,33.2,32.9,33.1,33.0,33.8,33.4,33.5,34.4,32.7,33.3,33.5,33.5,33.0,34.1,33.7,34.1,33.3,33.9,33.6,34.2,33.4,34.2,33.7,34.0,33.4,32.8,32.8,32.7,34.9,33.9,34.1,32.8,35.1,33.5,33.0,32.8,34.5,33.3,33.4,32.8,34.3,32.6,33.4,33.6,33.9,33.1,34.4,32.8,34.2,33.5,34.3,32.8,34.4,34.1,33.8,32.7,34.2,33.8,34.6,33.8,33.0,33.5,34.2,33.4,32.5,33.1,32.7,33.3,33.4,33.5,33.1,34.6,32.6,34.1,33.5,33.9,33.3,34.4,33.3,34.6,32.2,34.6,34.1,33.9,33.9,34.1,34.2,34.7,33.8,33.3,33.7,32.6,34.1,34.3,34.3,33.2,34.8,32.9,33.1,32.4,34.3,33.3,33.6,33.7,33.4,32.8,33.6,32.4,33.8,34.0,34.1,33.2,34.6,34.0,35.0,34.2,34.2,34.4,33.7,32.5,34.8
1785306429.1215045,1951,33.6,32.6,33.1,33.1,33.8,33.2,31.9,33.3,33.0,33.0,33.1,32.5,34.1,33.2,32.6,33.4,33.4,32.3,33.1,32.9,33.9,33.2,33.1,32.3,33.2,33.5,32.7,32.7,33.9,32.8,33.3,33.7,34.7,32.8,33.5,33.3,33.0,32.6,32.9,33.4,33.3,33.3,32.8,33.0,33.5,32.9,32.3,33.7,33.1,33.1,31.7,33.5,33.3,32.9,32.4,32.4,32.8,32.8,34.0,34.6,34.7,34.1,32.8,34.6,33.5,33.4,33.3,32.9,33.1,33.1,32.4,33.4,33.3,33.0,32.5,33.1,32.2,32.8,32.9,33.3,32.8,32.3,32.8,31.2,33.0,33.0,32.5,32.9,33.4,33.6,33.6,32.9,33.4,31.8,33.2,33.9,32.4,33.5,33.9,33.7,34.0,33.8,32.7,32.5,33.2,32.2,31.8,32.4,33.0,32.9,32.3,32.9,32.4,33.1,33.4,32.9,33.1,33.4,33.7,33.0,33.5,34.1,33.9,33.6,33.5,33.1,33.3,34.2,33.8,33.3,33.0,33.0,32.6,33.0,32.3,33.1,33.6,32.0,32.9,32.8,32.9,33.1,34.0,33.1,32.6,33.1,32.8,32.1,33.4,32.9,33.7,32.9,33.7,32.8,33.1,33.7,31.9,32.9,33.3,33.5,33.4,33.4,33.9,33.4,32.7,33.0,32.8,32.1,32.5,33.0,33.0,32.9,33.1,33.6,32.8,33.2,33.5,32.7,32.5,33.3,33.8,34.5,33.7,33.4,32.9,33.7,32.6,33.3,33.0,32.8,33.4,33.4,33.6,32.5,32.9,33.0,32.8,33.2,33.2,33.3,33.3,33.2,32.8,33.4,33.3,33.0,32.8,32.8,33.0,32.9,33.0,32.7,34.8,35.4,34.2,32.9,33.4,33.2,33.1,32.6,33.6,33.0,33.6,34.4,33.8,32.4,32.8,33.3,32.7,33.2,33.5,32.8,33.4,32.2,33.1,33.3,32.2,32.9,32.6,32.1,31.7,32.3,32.6,33.4,35.2,34.7,33.8,33.5,33.0,33.7,32.6,32.7,33.7,34.1,34.3,34.7,32.2,33.1,32.3,33.4,32.2,33.4,33.9,34.1,33.9,33.0,33.4,33.8,32.5,32.4,32.6,33.3,32.7,32.9,33.1,34.1,34.5,34.3,34.8,34.0,33.7,33.1,33.7,33.4,33.3,33.3,33.5,33.8,33.2,33.6,33.5,31.6,32.6,33.1,32.9,33.8,33.2,33.5,32.8,33.0,33.1,32.6,32.9,33.6,33.6,32.6,33.1,34.6,34.4,34.1,35.0,34.2,33.3,34.0,33.4,32.6,33.0,34.1,33.0,33.9,33.1,34.8,31.9,32.6,32.1,32.7,32.6,34.1,33.5,33.3,32.9,33.5,32.9,32.9,33.5,32.8,32.7,33.4,34.5,34.5,33.4,34.5,34.1,33.3,34.7,34.0,33.5,33.3,32.4,33.9,33.4,33.7,34.9,32.4,34.2,33.6,33.3,32.8,33.1,32.9,33.4,33.2,33.0,34.2,33.0,33.1,33.2,32.7,33.0,33.8,33.6,33.6,34.1,34.9,33.8,33.9,34.8,34.9,34.3,33.2,33.4,33.8,32.6,34.1,33.4,33.6,32.9,32.5,34.2,33.5,33.2,33.2,33.6,33.3,33.1,32.1,33.4,33.1,32.7,33.7,33.6,32.9,33.0,33.6,34.4,34.4,34.0,33.7,34.0,34.0,34.2,34.0,32.6,33.6,32.6,33.1,33.7,34.1,32.4,33.2,32.7,33.5,32.6,33.1,33.2,32.7,33.4,33.2,32.5,32.7,32.3,33.5,33.9,33.2,33.3,33.3,33.8,34.3,34.1,33.9,34.5,34.4,35.0,34.6,33.4,33.4,33.2,33.2,32.8,34.2,33.5,33.5,33.4,33.3,33.7,32.8,32.9,33.3,32.7,33.7,33.9,33.4,32.7,33.9,33.6,32.4,33.3,33.3,33.7,34.0,34.0,34.0,34.0,33.8,33.5,32.5,33.4,33.2,33.9,33.9,33.8,33.4,34.0,32.9,33.3,33.6,33.8,33.5,32.7,33.5,33.7,32.9,33.3,33.6,33.6,32.7,32.8,33.0,33.4,33.4,33.9,34.8,33.7,34.6,34.0,33.9,32.9,33.7,34.0,34.0,34.2,32.9,33.9,33.2,32.7,33.6,32.7,33.5,33.7,33.0,33.3,33.8,34.2,33.5,33.8,33.2,33.0,32.1,33.2,33.7,34.2,33.7,34.2,33.6,33.1,33.7,34.7,33.3,33.9,33.3,31.7,34.5,34.0,33.1,33.4,32.2,33.8,33.3,34.2,33.4,33.3,32.9,33.4,33.2,32.9,33.2,34.0,nan,32.8,33.6,33.8,34.1,32.8,33.3,33.4,34.9,34.1,33.9,33.8,34.1,33.1,33.7,32.9,34.2,34.4,34.2,33.3,33.2,32.1,32.8,32.9,33.5,33.3,33.4,33.4,33.3,33.3,33.3,33.5,33.2,33.0,32.9,32.9,33.7,33.8,33.2,33.8,33.7,33.1,33.6,34.3,33.4,32.8,33.4,33.3,33.2,33.6,32.9,34.5,33.6,34.3,33.5,32.5,33.8,32.9,33.7,33.4,33.2,33.4,33.5,33.2,32.0,33.3,34.3,33.3,33.0,33.5,33.8,33.3,34.3,32.9,34.1,33.9,34.4,33.8,32.9,33.8,34.2,33.3,33.4,34.2,34.2,32.7,33.9,32.3,33.2,33.2,33.4,32.6,34.1,32.8,33.6,33.7,33.5,33.3,33.2,33.2,33.2,33.8,33.8,33.3,33.4,34.0,33.1,33.8,34.1,33.5,33.8,32.9,33.0,34.3,34.3,34.1,34.0,33.7,33.9,33.1,33.4,33.0,33.0,33.5,33.6,33.3,34.6,33.1,32.9,33.8,33.5,33.6,33.6,32.9,34.0,33.9,33.9,33.4,33.4,33.0,34.4,33.8,33.9,33.3,34.1,34.5,34.6,33.4,32.8,34.3,33.4,33.8,34.3,33.3,32.9,33.6,32.9,33.2,32.9,32.9,32.6,34.3,32.9,33.3,33.3,33.2,34.4,33.8,33.8,34.7,33.7,34.5,33.2,34.4,33.7,33.8,34.0,34.2,34.2,33.6,33.8,34.0,34.2,33.7,34.4,32.8,33.2,32.9,34.1,34.0,33.6,34.5,34.2,33.5,34.0,32.8,33.7,33.1,33.7,33.3,34.0,33.9,34.2,33.6,35.6,33.6,33.1,32.6,33.8,33.2,34.7
1785306431.2296617,1952,33.2,32.2,33.0,33.0,32.8,32.2,33.3,32.8,32.6,33.5,32.2,32.8,32.7,32.3,32.9,33.1,31.8,32.9,32.1,34.2,33.8,33.5,32.0,33.4,32.9,32.3,33.0,34.4,33.6,32.9,33.7,32.0,31.9,33.7,33.6,32.7,33.4,33.3,33.0,32.0,32.2,33.4,33.2,31.9,32.6,33.0,33.3,32.4,32.7,32.3,32.4,32.7,33.3,33.2,33.3,33.3,32.6,33.1,33.3,34.0,32.1,33.5,33.7,33.7,33.6,33.3,33.2,34.6,33.0,33.6,33.5,32.9,32.4,32.1,33.4,33.0,33.0,32.8,32.5,32.7,33.5,32.7,32.6,32.3,32.9,32.4,31.8,34.1,32.9,32.7,34.3,33.0,33.2,32.1,32.6,33.1,32.3,33.4,34.0,32.6,32.6,32.9,34.0,31.0,32.7,32.0,33.5,31.9,31.7,33.8,32.9,33.3,33.0,33.1,32.6,32.1,31.9,32.3,33.2,32.3,33.7,34.0,33.0,33.4,32.5,33.8,33.2,33.6,33.2,32.5,33.3,34.9,33.3,32.9,32.8,33.2,33.0,31.9,32.8,32.4,33.1,33.0,32.5,33.3,32.5,32.7,32.6,32.7,33.1,33.3,33.4,32.9,33.2,33.6,32.2,34.7,33.4,33.8,33.4,34.0,34.5,34.2,33.4,33.1,32.6,32.8,32.9,32.4,31.9,33.6,33.1,32.8,32.3,33.0,33.0,32.4,32.4,32.9,33.3,32.2,32.5,33.3,34.6,33.1,32.6,32.7,33.1,33.8,32.7,33.7,34.1,33.7,33.5,32.6,32.2,34.3,33.8,33.1,32.6,32.4,32.5,32.9,33.6,32.9,32.7,33.2,32.9,33.7,32.6,32.1,32.5,33.3,34.4,32.9,34.0,34.0,33.3,32.6,33.3,33.0,33.1,32.7,33.1,33.5,32.5,33.0,33.1,32.6,31.8,32.2,33.6,32.0,31.9,33.1,33.1,32.9,31.3,33.1,33.7,33.1,31.7,32.3,33.1,33.1,33.5,32.3,33.9,34.4,33.0,33.2,33.6,32.8,32.4,33.9,33.8,32.7,33.4,32.4,33.1,33.7,32.3,32.9,32.7,33.4,33.3,33.1,33.1,33.8,32.9,33.3,33.2,33.5,32.6,33.4,33.0,32.9,34.0,33.6,33.4,34.7,34.1,33.5,32.1,34.0,33.4,32.5,32.8,34.1,32.7,33.1,33.4,32.5,32.6,33.4,33.3,32.6,32.8,33.0,32.5,32.7,32.3,33.3,33.6,33.1,33.1,32.7,33.1,33.5,33.3,34.1,34.1,34.6,33.2,33.9,32.4,32.5,32.7,33.4,34.3,32.8,33.2,33.1,33.0,33.3,33.1,32.8,33.2,32.8,33.2,32.3,32.6,33.4,32.9,32.5,33.2,33.3,33.4,32.7,33.5,33.6,34.2,33.4,33.8,34.7,33.8,33.7,34.3,33.0,33.6,32.3,33.3,33.2,32.9,32.3,32.9,33.3,32.5,33.6,33.3,32.1,32.5,32.5,33.6,32.2,33.5,32.8,34.1,33.5,33.2,34.1,32.6,33.8,32.7,34.3,33.7,33.9,33.7,33.9,33.5,33.4,31.7,33.9,33.3,33.8,33.5,32.0,33.2,33.4,33.7,32.6,32.0,33.9,33.0,32.5,33.2,33.0,33.1,32.5,33.1,33.3,33.1,33.1,33.1,33.5,34.6,33.6,34.6,33.6,34.4,33.7,33.8,33.5,32.9,32.5,33.0,32.8,32.5,33.0,33.1,32.7,32.6,33.8,33.3,32.2,32.7,32.3,33.6,33.3,32.1,32.6,32.7,33.7,32.9,33.5,33.2,34.1,33.0,33.8,34.1,34.0,33.6,33.6,33.8,33.9,32.6,33.9,33.5,33.7,34.2,33.1,33.4,34.0,33.1,33.0,33.6,33.2,32.8,32.9,33.2,33.1,32.8,32.5,33.3,33.6,33.6,32.5,34.4,34.4,33.5,32.6,33.9,33.9,33.9,34.2,32.3,33.5,34.5,33.7,34.4,33.8,32.2,33.3,33.2,32.6,32.5,32.9,33.9,33.2,32.4,33.4,32.6,32.5,32.6,33.5,34.0,33.4,32.1,33.2,34.4,33.7,33.3,34.2,34.1,34.0,33.4,33.8,33.2,32.7,33.5,33.9,34.9,33.5,33.1,32.9,33.2,34.0,32.8,33.5,32.9,33.8,33.7,32.8,32.4,33.6,33.2,32.9,32.6,33.0,34.2,33.1,33.2,32.8,33.7,33.4,33.7,33.7,34.6,33.5,33.2,33.0,34.5,33.6,33.8,33.6,31.4,33.2,34.5,33.2,33.5,32.8,32.8,32.5,32.6,33.8,32.9,33.3,32.4,nan,33.0,32.4,32.9,34.2,33.8,33.2,32.5,33.8,34.1,34.0,32.8,33.6,33.7,34.3,33.2,33.8,33.5,33.7,33.2,32.2,32.2,34.0,33.6,33.2,32.5,35.0,33.7,33.7,33.2,33.5,32.3,32.4,33.3,33.8,32.4,32.9,33.4,33.4,33.4,33.3,33.5,33.2,34.0,34.4,34.3,34.1,33.5,32.3,33.9,35.0,32.2,33.3,33.3,32.4,33.0,33.7,33.1,33.9,33.3,33.1,32.8,32.9,33.1,33.2,33.3,33.5,32.6,32.9,32.4,33.7,34.2,33.5,33.3,33.1,32.9,34.4,33.0,34.3,32.9,33.9,34.6,34.1,34.1,33.0,33.0,34.2,33.9,32.5,30.6,32.7,34.0,33.1,32.5,33.7,33.2,33.4,33.2,33.2,33.8,32.2,33.1,33.2,34.0,33.1,32.6,33.9,35.1,33.5,33.4,34.0,34.0,33.7,36.8,35.2,32.9,33.9,33.0,33.2,33.3,33.1,34.0,33.2,32.5,33.5,33.0,33.6,33.2,33.0,34.0,32.9,32.5,33.9,33.6,33.0,32.6,33.1,33.8,33.6,33.4,34.3,33.1,34.3,33.2,34.2,34.5,33.6,33.1,33.8,33.1,34.8,33.3,34.2,33.0,33.7,32.9,32.7,32.7,33.7,33.1,33.0,32.8,32.6,33.5,32.8,32.4,33.2,33.5,33.5,34.4,34.2,35.3,34.4,34.5,33.4,34.7,34.1,34.3,34.1,31.6,35.1,34.1,33.2,32.5,33.7,33.4,33.6,32.1,33.5,32.8,32.6,33.2,33.0,34.4,33.2,32.7,34.1,32.8,33.2,32.6,33.9,34.0,33.3,33.3,34.5,33.7,34.4,32.9,35.2,33.7,33.2
1785306433.5845544,1953,33.0,32.6,32.4,32.6,34.0,32.9,33.0,31.8,32.5,33.8,33.0,33.3,32.8,32.3,32.6,33.2,32.3,32.1,34.6,33.2,33.5,32.5,33.0,33.3,32.6,32.6,33.9,33.1,32.5,32.1,34.3,33.1,32.6,33.8,33.5,34.0,31.9,33.0,32.9,32.8,32.5,32.7,33.3,33.2,32.5,32.9,32.8,32.9,33.5,33.8,32.7,33.3,32.7,32.3,32.4,33.2,32.5,33.0,33.4,34.8,33.1,33.4,34.0,34.5,33.4,32.7,33.1,33.3,32.2,33.3,33.2,33.2,32.9,32.6,32.6,33.2,32.9,32.2,33.3,33.6,33.1,33.8,33.1,33.0,33.0,31.2,33.0,33.1,33.3,32.4,33.4,33.3,34.0,31.7,32.2,33.9,31.9,33.7,31.8,33.9,32.1,31.5,32.5,33.3,32.6,33.1,33.1,32.9,32.3,32.1,33.8,33.2,32.4,32.7,33.4,33.1,31.7,32.5,32.9,33.2,32.5,33.1,33.5,34.1,34.1,33.3,33.7,34.4,33.6,32.6,33.2,32.6,32.6,32.6,32.9,32.7,32.9,32.5,33.1,33.3,33.3,33.1,33.7,32.6,32.6,32.6,32.8,33.9,33.1,33.1,34.2,33.4,32.8,32.4,32.7,33.2,33.7,33.1,33.3,33.2,32.0,32.0,33.3,34.0,33.7,32.9,33.0,33.6,32.5,33.4,33.5,32.9,33.4,32.4,33.1,33.3,32.8,32.5,31.8,33.3,33.5,34.3,34.2,33.9,33.7,32.8,33.6,34.3,32.6,32.8,34.9,33.8,32.7,32.0,33.5,33.8,32.5,33.0,32.5,33.4,32.2,32.6,33.3,33.7,33.1,33.1,33.1,33.0,32.9,32.9,33.4,33.4,33.8,33.6,34.7,33.1,33.7,32.9,33.4,33.1,32.6,32.2,34.7,34.4,32.2,33.7,33.6,32.5,31.5,32.5,33.5,33.9,32.2,32.4,31.9,32.5,32.9,32.5,32.5,32.6,32.1,32.4,32.7,34.0,32.6,34.0,33.1,34.1,32.6,34.0,33.1,33.4,34.2,33.3,33.7,33.6,32.0,34.4,33.6,33.8,33.5,32.6,32.4,34.2,33.6,32.5,32.2,33.1,32.0,32.7,33.2,34.3,33.6,32.3,33.0,33.5,34.0,34.8,33.8,34.3,33.4,33.6,33.6,33.5,32.9,32.9,33.1,33.3,32.8,33.0,33.5,32.8,32.7,32.9,33.0,33.4,32.7,33.6,32.6,34.3,32.1,32.9,33.2,33.7,33.1,32.8,32.9,33.3,34.7,34.4,34.3,33.9,33.5,33.0,33.4,32.8,32.9,33.2,33.8,34.1,32.5,31.9,33.7,33.0,33.4,32.9,33.1,33.2,32.8,32.1,32.4,33.0,32.7,32.3,32.8,32.1,33.0,32.9,32.7,33.7,33.9,32.8,34.3,33.8,33.9,33.0,33.5,32.4,33.9,33.4,33.3,33.5,33.0,33.4,32.6,32.8,32.4,31.1,33.9,32.2,32.7,33.1,33.3,32.4,32.5,32.6,32.9,33.4,33.0,33.0,33.2,33.8,34.4,33.3,33.6,34.0,33.6,34.0,33.8,32.6,32.7,33.0,32.8,33.3,34.7,32.3,33.3,32.9,33.3,32.5,32.8,33.0,33.3,32.8,33.3,33.0,32.5,32.3,33.1,32.9,32.7,32.9,33.3,33.9,34.0,33.9,33.8,34.5,33.9,33.2,33.3,33.6,34.1,33.0,34.5,32.5,33.3,33.1,34.2,34.0,33.0,34.1,33.4,34.2,32.3,33.5,33.3,33.4,32.8,33.0,33.3,33.0,33.0,32.7,34.1,33.6,34.1,35.0,34.1,33.9,34.3,33.0,33.6,34.0,34.5,33.6,33.6,34.0,34.3,33.4,32.5,32.9,33.0,33.3,33.3,34.2,32.3,32.6,33.2,33.5,33.0,32.7,33.8,33.4,33.9,33.1,34.1,34.0,33.6,33.5,34.0,34.0,33.8,33.1,33.3,33.0,34.4,33.8,33.7,32.9,32.5,33.2,33.2,32.9,32.0,33.7,34.0,32.9,32.7,32.3,33.4,33.1,33.6,32.5,33.7,33.5,32.7,34.9,33.8,34.3,33.3,34.0,33.6,34.1,33.9,33.3,33.4,33.7,33.0,34.2,34.2,33.6,32.6,34.0,32.7,33.5,32.4,33.1,33.9,33.7,32.5,33.9,33.1,33.1,33.2,32.4,33.0,32.6,34.6,33.9,33.5,33.0,34.0,33.9,33.6,33.1,34.5,33.3,33.9,33.5,33.5,32.6,34.1,33.5,32.1,32.9,33.8,33.1,32.5,33.4,32.9,33.4,32.7,33.0,32.9,33.6,33.5,nan,32.8,32.6,33.3,32.4,32.8,32.6,33.1,33.8,34.6,33.8,33.6,33.5,33.5,32.6,33.8,33.8,35.4,34.2,32.6,33.2,33.5,33.7,32.7,33.6,33.0,33.0,32.7,33.6,33.1,32.6,32.2,32.7,32.7,33.3,32.9,33.0,33.7,33.7,33.7,33.7,33.6,33.3,33.2,32.5,33.3,34.0,33.1,32.7,34.4,33.5,33.0,32.3,33.0,34.1,33.3,33.4,34.0,33.1,32.3,33.2,33.4,33.5,32.7,33.3,33.4,33.8,33.1,33.2,33.3,33.2,32.4,33.8,33.7,33.7,33.2,34.0,33.4,34.2,32.6,33.4,35.1,34.0,34.6,34.4,32.7,34.3,33.9,34.2,33.3,33.3,33.8,32.7,33.8,33.4,32.9,33.5,32.9,33.1,34.0,32.3,34.5,32.6,34.0,33.2,34.0,33.6,33.9,33.8,34.0,33.6,33.7,33.6,35.0,34.0,33.4,33.1,33.7,34.3,33.8,33.0,33.7,34.4,33.3,33.7,33.6,33.5,33.3,33.1,33.4,32.8,32.9,32.8,33.2,33.1,33.2,33.1,34.1,32.8,33.5,34.0,33.7,34.6,33.1,33.5,34.2,35.0,33.9,34.6,33.0,33.6,33.8,33.1,33.7,33.7,33.4,33.4,33.0,33.6,34.1,32.9,33.6,34.0,33.4,32.6,32.8,34.2,33.1,33.6,33.9,33.7,35.4,34.5,34.2,34.5,33.6,33.1,35.0,34.2,32.6,32.9,33.3,33.5,33.4,33.8,33.9,33.9,33.6,32.5,33.3,33.3,33.3,33.5,33.6,33.4,32.6,32.8,33.1,33.3,33.2,33.8,33.7,33.6,33.0,34.5,34.6,33.9,34.2,34.2,34.7,34.0
1785306435.536277,1954,34.8,31.8,34.0,32.9,33.9,31.8,33.1,32.5,34.5,31.6,32.8,32.3,32.7,32.8,34.2,33.0,32.9,32.1,34.4,33.0,34.2,31.7,32.4,33.3,33.3,32.0,33.4,32.9,33.8,32.8,34.1,33.2,32.3,34.2,33.5,34.1,33.3,32.9,33.3,33.3,32.7,33.5,32.8,33.9,32.4,33.6,33.4,33.4,31.9,32.9,33.6,32.7,32.7,33.4,32.0,33.3,32.8,33.3,32.7,33.8,32.0,33.7,33.1,35.2,34.1,32.2,33.4,32.2,33.6,33.1,33.1,32.8,33.6,31.8,32.6,33.1,34.3,32.8,31.8,32.8,33.6,32.5,33.0,32.5,33.4,32.5,33.3,32.0,33.3,32.4,32.3,33.9,33.5,31.5,34.5,33.9,33.4,33.1,32.7,33.8,32.3,33.9,32.7,33.6,33.0,33.4,30.4,32.9,31.8,32.8,32.3,33.0,31.7,33.9,33.7,33.7,32.9,33.0,33.0,33.3,32.2,32.1,33.5,34.5,34.1,34.7,32.6,34.5,34.2,32.6,33.1,33.3,33.9,32.0,33.8,32.0,32.6,31.8,34.1,32.5,33.6,32.8,33.8,32.6,34.2,32.3,33.6,33.1,32.7,32.4,33.6,33.9,34.0,32.2,33.4,34.4,33.8,33.5,33.0,34.3,33.0,33.8,33.1,33.7,33.3,33.3,33.0,32.2,32.0,33.5,33.2,33.3,32.3,33.4,32.6,33.0,33.0,33.9,33.6,33.3,32.5,33.7,34.2,33.2,33.0,33.7,33.6,33.2,32.8,33.7,32.5,35.2,34.0,32.7,33.7,33.2,33.4,32.2,32.6,33.3,33.6,33.0,33.1,32.9,32.9,32.5,32.8,32.7,33.6,32.1,32.4,32.7,33.9,34.3,34.4,34.0,33.7,32.0,33.7,33.1,33.9,33.0,33.7,33.8,32.4,33.9,33.2,34.2,32.3,33.9,33.5,33.1,32.6,33.0,32.9,34.3,31.6,33.3,32.7,33.2,32.5,32.7,33.2,33.0,32.9,34.4,34.1,34.6,31.7,33.6,33.1,33.5,33.7,33.8,34.1,34.0,33.2,32.3,32.7,33.6,33.5,32.4,33.4,32.8,32.5,32.5,32.7,32.7,33.6,32.1,33.3,33.0,33.3,32.0,33.6,33.2,33.9,33.4,34.1,33.5,34.2,32.1,33.0,33.7,35.1,33.5,33.8,32.7,34.1,34.6,32.3,33.5,31.4,32.7,32.5,32.8,33.0,33.3,32.8,33.6,33.1,33.0,32.1,33.7,32.0,32.9,32.2,33.1,33.3,34.4,34.7,33.9,33.5,33.8,33.1,33.8,33.5,33.5,33.0,34.8,33.2,31.9,34.2,33.0,33.5,32.2,33.0,32.9,34.7,32.8,33.4,33.5,33.8,31.8,32.9,32.8,33.0,33.6,34.1,33.9,34.6,33.5,34.5,34.5,34.4,33.2,33.3,33.8,34.4,32.1,33.7,32.5,33.1,32.5,32.4,33.7,32.8,33.1,32.9,33.7,32.6,33.4,33.0,33.5,32.2,33.1,33.4,33.6,31.9,32.9,33.7,34.2,33.6,34.2,33.7,34.5,33.0,34.2,32.9,33.6,32.9,33.2,33.8,34.1,33.9,32.8,33.8,33.7,34.1,32.6,34.0,33.5,33.6,32.3,33.4,33.1,33.0,32.1,33.7,33.1,33.3,32.6,34.1,33.7,34.5,34.2,33.6,35.0,34.2,34.0,34.2,34.0,33.6,32.5,33.5,32.3,33.7,33.8,33.0,33.4,32.5,33.8,32.8,34.6,32.9,33.3,32.9,33.2,32.2,33.3,33.3,33.6,32.5,32.8,33.1,33.7,33.6,35.2,34.7,35.0,34.3,34.0,34.3,35.0,32.9,33.2,33.8,33.3,34.4,31.5,33.8,33.3,34.4,32.1,33.4,33.2,33.4,32.3,33.4,33.7,33.6,32.7,33.6,33.7,33.5,32.3,34.4,33.7,33.9,33.6,34.1,33.7,34.3,33.7,33.3,34.1,34.6,33.8,34.3,33.1,32.8,33.3,32.7,33.8,32.4,33.5,33.7,34.5,31.9,33.1,32.9,33.2,32.8,33.3,33.3,33.6,32.4,33.8,34.0,34.6,33.1,34.2,33.1,35.1,34.0,33.8,34.0,34.4,34.9,35.6,33.8,34.4,34.0,31.1,33.8,34.2,33.8,32.2,33.1,33.0,33.5,32.6,33.4,33.0,33.9,32.1,33.5,32.2,34.7,34.2,33.8,33.5,33.4,33.2,34.1,33.7,34.4,33.6,34.2,33.5,34.4,32.6,33.1,33.3,32.1,33.2,33.2,33.4,32.5,33.4,33.1,33.4,32.5,33.9,32.4,33.2,32.9,nan,33.6,33.4,33.2,34.3,34.1,33.9,33.0,33.9,34.1,33.7,32.9,34.9,33.3,35.1,32.3,34.5,34.6,35.1,33.6,32.5,33.5,33.4,33.2,32.3,34.5,33.7,33.9,33.1,33.6,33.5,34.0,32.4,33.2,33.0,34.0,32.6,33.6,34.0,34.8,33.4,34.2,35.0,34.8,33.4,34.0,34.2,34.3,33.7,35.4,34.1,32.4,34.8,33.9,33.9,32.7,33.0,33.6,33.8,32.7,33.2,33.1,33.5,32.4,33.6,33.3,34.2,32.5,33.8,33.5,33.5,33.5,34.1,33.6,34.6,34.3,34.0,33.4,34.4,32.1,34.1,33.9,33.9,34.5,33.6,34.5,34.9,34.4,33.0,34.2,34.6,33.0,32.4,33.6,34.0,34.3,32.9,34.3,32.8,33.5,33.0,33.7,33.5,34.1,33.2,34.4,33.3,35.7,33.0,34.4,34.5,34.0,33.2,33.8,34.5,32.5,33.9,35.0,34.2,33.5,33.5,33.7,35.1,33.0,34.0,33.3,34.5,32.9,33.1,32.9,34.1,33.0,33.2,33.2,33.9,32.6,33.5,34.1,33.7,34.2,34.0,33.2,34.5,33.9,34.2,33.2,34.5,34.5,32.8,34.2,34.1,34.5,33.4,34.4,33.3,33.5,31.7,33.9,33.4,33.9,33.1,33.5,33.3,33.7,32.2,33.9,34.5,33.5,33.0,34.2,33.7,34.6,33.6,34.5,32.9,33.9,32.7,33.8,34.2,33.3,34.0,33.3,34.5,33.1,33.9,33.7,34.8,33.3,34.2,33.3,33.8,33.3,33.6,34.2,34.1,33.6,33.8,33.3,33.5,33.4,34.1,34.3,34.1,34.2,34.6,32.0,33.8,33.6,34.8,34.3,35.0
1785306437.6868005,1955,33.1,34.3,32.2,34.0,34.1,33.9,31.1,33.2,33.1,32.1,31.6,34.2,32.1,32.0,32.3,33.8,32.5,32.8,32.7,33.1,33.1,33.7,33.3,33.2,33.1,33.4,32.5,33.7,33.5,33.6,32.6,34.5,34.3,34.4,34.3,32.2,33.8,32.2,32.8,32.7,33.0,33.0,33.2,33.8,33.4,31.8,32.6,33.0,32.9,32.7,32.6,33.2,33.2,32.8,33.3,32.7,33.4,33.5,33.1,33.4,34.6,32.3,33.6,32.1,33.5,34.5,32.9,33.5,33.4,34.2,33.1,32.9,33.4,32.7,32.0,33.0,31.7,33.7,32.5,32.5,33.2,33.8,32.8,32.4,32.0,33.6,32.6,33.6,32.7,33.1,32.9,34.2,33.9,33.6,34.2,33.3,34.4,33.8,32.3,32.6,33.5,32.7,32.6,33.6,32.9,32.4,31.9,33.6,32.2,31.7,32.4,32.6,33.7,33.2,33.0,32.8,33.3,33.7,33.0,32.9,33.4,33.6,32.8,32.2,34.4,32.3,33.8,34.0,33.7,33.6,32.8,33.8,32.0,33.7,32.4,33.4,33.0,33.2,32.6,32.6,32.4,33.4,32.8,32.8,34.2,33.2,32.6,33.5,33.0,33.2,33.0,33.8,32.3,33.8,33.2,33.6,33.0,34.0,33.6,34.0,34.2,32.1,33.2,32.8,33.8,33.2,32.9,31.8,33.1,33.1,32.6,32.6,33.6,33.2,32.9,32.3,33.1,33.1,32.5,33.6,33.4,32.5,33.1,33.3,34.4,32.7,33.3,33.4,33.5,33.7,32.8,33.2,33.3,33.5,32.2,33.5,32.6,33.8,33.0,32.8,32.4,33.4,32.6,33.8,32.7,33.2,31.8,33.9,33.0,33.3,32.7,33.0,34.2,34.6,34.5,33.7,32.9,32.5,33.5,33.0,32.7,33.5,34.3,33.5,33.7,34.5,33.1,33.0,33.5,31.8,33.8,32.6,33.3,32.1,33.2,32.8,32.7,32.8,32.8,32.4,33.4,32.7,34.0,32.5,34.6,34.6,34.7,33.6,33.9,33.4,33.4,32.8,33.9,34.2,34.4,32.4,31.7,34.5,32.8,33.3,33.6,32.5,33.2,32.9,33.3,34.1,32.3,33.7,33.1,33.1,33.1,33.4,33.8,33.5,32.7,33.4,32.6,33.8,34.6,34.1,32.8,34.1,32.8,33.8,33.2,34.5,34.4,33.2,33.8,32.9,33.2,32.7,33.0,32.3,33.7,33.1,33.8,33.1,32.7,33.3,33.5,32.1,32.4,33.4,33.7,32.9,33.1,32.9,34.5,33.9,34.7,34.3,34.8,33.8,33.9,33.2,33.8,33.8,32.0,33.8,32.1,33.9,33.0,33.5,32.4,33.6,33.4,33.5,33.2,34.5,33.0,32.8,32.8,33.3,33.1,33.5,32.5,32.9,33.4,32.9,34.0,35.5,33.0,33.9,34.2,34.3,32.5,33.2,32.9,34.6,32.5,34.2,34.2,34.2,33.9,32.7,32.5,33.4,33.2,32.5,33.5,33.6,33.3,33.2,33.4,33.5,33.2,32.7,34.0,32.9,32.5,32.6,33.9,34.2,34.1,34.0,33.8,33.5,32.8,32.7,34.0,34.1,32.3,33.0,34.3,33.7,32.8,33.4,33.0,33.2,32.4,33.1,33.4,33.2,32.7,33.1,32.7,34.0,32.8,34.0,33.2,33.3,33.3,33.0,34.4,33.8,34.8,34.4,34.7,33.3,34.2,33.4,32.0,33.8,33.0,34.0,33.8,34.0,32.5,32.2,33.7,33.4,33.0,33.7,34.3,32.5,33.0,32.8,33.9,33.1,33.1,32.6,33.5,33.3,34.0,34.2,33.9,33.9,33.8,34.5,34.3,33.3,33.9,33.8,34.4,32.6,33.7,33.7,32.9,34.3,32.8,34.0,33.3,32.9,32.2,33.6,33.0,33.1,34.1,32.1,33.1,34.1,32.7,32.9,33.5,33.0,34.1,34.6,33.6,34.3,34.4,34.6,33.2,34.3,33.5,34.0,35.4,35.1,33.4,34.2,34.3,33.7,33.6,33.0,34.1,32.2,32.7,32.9,33.3,32.5,32.4,33.0,34.2,32.4,33.2,33.1,33.9,32.8,34.4,33.6,34.2,33.6,34.3,33.9,34.3,32.6,33.9,33.4,35.3,34.1,34.5,33.6,33.1,33.1,32.0,33.1,32.8,33.0,33.1,34.2,32.5,34.2,32.7,33.1,33.6,33.8,32.4,33.3,33.4,34.9,33.9,33.8,33.9,34.3,33.6,33.4,34.3,34.4,33.6,33.7,34.0,33.3,34.3,34.2,33.7,34.0,32.7,32.8,33.4,33.5,32.8,32.5,33.5,33.3,32.3,32.7,33.4,nan,33.2,32.9,34.7,34.5,33.0,33.1,33.9,34.5,34.0,33.2,34.4,33.3,32.9,33.1,34.5,34.1,33.5,33.9,33.8,33.7,32.6,33.8,32.8,34.8,33.2,34.2,33.2,33.5,32.9,33.6,33.0,33.8,33.0,33.0,33.1,32.7,33.4,34.0,33.3,33.6,33.0,34.2,33.9,34.2,33.8,34.1,34.1,34.8,33.7,34.0,33.8,31.8,33.5,33.4,33.6,33.0,33.9,33.6,34.4,32.8,33.4,33.8,33.9,32.8,32.9,32.7,33.4,32.9,32.7,34.1,33.9,33.9,33.8,33.7,33.6,34.3,33.5,32.8,33.5,32.5,33.4,33.2,33.2,34.8,33.2,34.4,32.6,33.7,33.3,33.8,33.0,33.7,32.3,33.7,33.7,32.9,33.5,34.1,34.1,33.6,33.2,33.3,33.9,34.8,34.1,33.2,33.9,33.5,33.4,33.3,33.4,34.3,33.8,34.1,34.9,33.2,34.7,32.7,34.3,35.0,34.2,33.5,34.0,33.1,33.2,33.8,33.4,33.5,33.7,33.6,34.2,33.9,33.8,33.7,34.2,33.5,33.5,34.0,32.9,33.8,32.3,34.3,34.0,33.6,34.1,34.0,33.1,35.2,32.9,34.0,33.9,34.2,32.2,34.5,33.5,33.7,32.8,33.7,33.7,33.4,32.3,33.6,33.0,34.2,33.3,34.1,33.0,33.8,32.5,34.0,34.0,33.6,33.7,33.6,33.9,34.3,33.8,34.3,34.6,32.3,33.9,33.2,34.4,33.1,32.9,33.6,33.9,33.7,33.6,33.6,34.5,33.4,33.4,33.0,33.0,32.6,33.5,34.0,34.1,33.9,34.0,33.7,35.5,34.6,34.5,34.8,33.9,33.7,33.3,35.0
1785306439.852891,1956,33.0,33.1,33.1,32.9,33.8,32.7,32.6,32.7,32.5,32.4,32.8,32.5,32.2,32.4,32.0,33.9,32.4,32.3,32.2,33.0,33.2,32.1,32.4,32.1,33.0,32.8,32.9,31.6,32.5,33.5,31.2,33.4,33.6,33.0,33.7,32.6,32.8,31.9,32.0,32.3,33.1,32.5,32.2,32.6,32.4,32.0,32.8,32.2,32.0,32.9,33.2,32.2,34.1,32.0,32.8,33.4,32.9,32.2,33.4,33.7,33.8,32.5,31.3,32.8,33.2,33.4,32.3,32.2,32.4,33.1,32.1,31.8,31.7,33.1,31.3,33.1,32.7,33.1,32.6,32.9,32.1,33.0,32.4,31.7,32.3,32.1,32.8,32.9,33.5,33.4,31.8,32.0,35.4,32.6,32.4,32.0,32.9,33.5,32.7,33.4,32.5,32.0,32.1,33.1,32.6,32.7,32.5,32.4,32.8,32.8,33.0,32.3,32.6,31.9,32.5,32.5,33.4,33.0,32.7,32.1,31.9,32.7,32.1,32.7,33.2,34.3,33.7,33.7,31.7,34.4,32.5,33.5,33.6,33.2,32.9,32.1,32.2,32.7,31.6,32.3,33.0,33.7,32.8,32.9,32.4,33.3,31.8,32.8,32.5,32.4,32.6,33.4,32.8,32.4,31.6,33.0,32.5,32.1,33.5,33.0,34.3,32.5,33.0,32.7,34.1,33.3,32.2,32.5,32.5,32.8,33.4,33.0,32.1,32.8,32.4,33.2,32.8,33.3,32.3,33.1,33.5,33.1,33.2,33.8,32.5,32.5,32.4,34.1,32.6,33.6,32.7,33.6,33.0,33.2,32.1,33.6,32.7,32.0,31.9,32.2,32.1,33.8,31.5,33.2,32.1,32.8,32.0,32.6,31.8,32.9,32.8,33.5,33.6,34.0,34.1,33.1,33.5,33.0,33.4,33.5,32.8,32.4,32.8,32.9,32.6,33.5,33.8,32.9,31.9,33.0,32.9,32.1,32.9,32.7,32.6,33.3,32.4,32.9,31.9,33.2,32.9,32.7,32.4,33.1,33.1,33.5,34.5,33.5,32.8,32.6,32.6,33.2,32.7,33.5,32.9,33.4,32.6,33.3,31.5,32.4,32.0,33.2,32.4,33.1,32.6,33.2,32.1,32.6,32.9,33.0,32.4,32.5,33.0,32.9,32.5,32.7,32.5,34.0,34.0,33.5,33.1,33.3,33.5,32.1,32.7,33.1,31.8,32.7,32.6,32.1,32.9,33.6,33.8,32.4,32.9,33.0,33.5,32.8,31.6,33.0,32.1,32.9,32.6,33.1,33.7,32.4,32.7,32.9,33.9,34.2,33.5,33.9,33.2,33.7,32.7,33.8,32.8,34.1,32.9,32.4,33.5,33.4,32.1,32.8,33.0,33.3,32.2,32.1,33.8,32.6,32.2,32.3,33.2,32.7,33.3,32.1,33.0,32.4,32.4,33.2,33.9,33.5,33.6,34.2,33.6,33.6,32.6,32.6,33.0,32.3,33.3,32.6,33.0,33.0,32.6,32.0,33.3,32.8,32.9,32.0,33.1,32.6,32.3,32.6,32.6,32.8,32.7,31.5,33.3,33.4,32.6,32.8,33.3,33.4,33.3,34.0,33.6,33.7,32.9,33.5,33.9,32.9,32.0,32.7,31.9,32.3,32.1,34.1,33.1,33.3,32.6,33.0,32.4,33.0,32.1,32.5,33.8,32.9,32.7,32.6,33.1,31.8,32.7,33.1,33.7,32.9,32.8,34.2,34.1,33.7,33.2,33.4,33.5,32.8,33.7,32.7,33.1,32.2,31.8,32.6,33.4,32.8,32.6,32.6,32.7,33.5,32.8,32.9,33.6,32.8,32.0,33.5,33.0,32.5,32.6,33.6,33.3,34.1,34.2,34.4,34.0,33.5,33.8,33.3,35.2,32.5,32.8,33.0,34.1,33.2,33.3,32.7,33.2,33.3,33.8,34.0,32.9,33.1,32.7,32.5,33.3,33.2,32.9,33.2,32.3,33.0,33.2,33.7,33.3,33.5,34.0,34.0,33.8,34.2,33.7,33.9,33.7,33.6,32.9,32.9,33.4,32.7,33.2,31.4,33.5,32.1,33.1,33.8,32.5,32.0,33.2,33.4,33.0,33.5,32.5,33.3,33.8,32.7,34.0,34.0,33.3,33.2,33.4,33.1,34.9,33.9,33.1,33.3,35.0,34.7,33.2,33.2,33.0,32.7,31.7,33.2,33.7,33.1,33.0,31.6,32.4,33.2,33.3,32.6,33.2,33.8,32.7,32.9,33.5,34.2,33.3,33.4,33.0,33.7,33.5,33.3,34.1,33.3,33.5,33.1,35.2,33.5,32.5,33.9,31.9,32.9,32.8,32.3,32.9,32.9,33.8,32.9,33.0,32.5,31.5,33.2,32.7,nan,32.7,33.0,33.6,34.0,32.9,33.0,33.3,33.4,33.7,33.8,34.6,33.5,32.7,33.3,33.6,33.4,33.8,32.6,33.0,33.4,31.9,32.7,33.1,33.4,33.3,33.2,32.2,31.9,32.6,32.9,33.4,33.0,32.4,32.7,33.2,32.0,32.8,33.4,33.8,33.9,34.1,33.4,34.6,34.7,32.8,33.2,33.4,33.3,33.0,33.5,32.8,33.2,33.0,33.1,34.2,33.0,32.9,32.6,33.4,33.0,32.4,33.0,32.5,32.5,32.3,32.9,33.6,32.7,32.4,33.8,33.4,33.3,33.0,33.6,33.9,33.7,33.6,33.5,32.8,32.8,34.3,34.4,34.2,33.3,32.9,33.0,33.3,33.0,33.9,33.7,33.1,33.4,33.4,33.9,33.5,33.0,33.4,33.8,32.5,34.1,32.7,33.3,34.0,33.7,34.0,32.9,33.2,34.1,33.3,32.8,33.9,33.6,32.2,33.8,33.2,33.3,32.9,33.3,33.2,34.0,33.5,33.7,32.5,33.0,32.2,33.0,32.7,33.4,33.4,32.6,31.9,33.1,32.7,32.6,33.9,33.6,33.7,33.2,33.1,34.4,33.0,34.2,33.3,33.5,34.0,34.3,32.0,33.7,33.2,33.8,34.0,34.1,33.5,33.3,33.0,33.7,33.6,33.2,32.5,32.9,33.2,33.8,32.9,33.3,33.2,33.4,33.1,33.6,33.4,33.1,34.5,33.9,33.6,32.7,32.7,33.1,33.9,34.6,33.3,32.9,34.4,33.1,34.5,33.4,33.1,33.0,32.7,33.2,33.6,33.4,34.0,33.1,32.7,34.0,33.3,32.3,32.3,33.5,33.0,33.1,33.5,33.6,33.8,33.5,32.8,33.3,33.6,33.2,33.8,33.7
1785306441.8472133,1957,33.7,33.7,34.7,32.9,33.7,32.0,33.1,32.7,32.9,32.4,33.4,31.7,32.7,32.6,34.0,33.2,33.7,32.3,33.2,33.4,32.7,32.7,32.6,32.9,32.5,32.7,32.5,32.7,33.3,32.6,33.4,32.1,31.5,33.1,33.5,34.4,32.8,32.0,32.4,33.1,32.9,32.7,32.8,33.1,32.7,32.5,32.9,33.4,31.7,33.1,31.5,32.2,32.7,31.3,32.8,33.1,32.0,34.1,32.9,33.8,33.1,32.6,32.8,33.9,33.3,32.7,32.2,32.9,33.6,32.9,33.5,32.2,32.0,32.8,32.4,32.9,32.7,32.6,32.5,33.3,32.7,32.3,33.0,32.8,32.5,32.5,33.5,32.6,32.9,33.2,33.7,32.9,33.5,32.0,33.5,32.5,32.6,34.6,34.3,32.9,32.5,33.1,33.3,33.0,31.5,32.3,33.8,33.4,32.3,33.1,32.3,32.5,32.4,33.5,33.2,33.9,32.5,33.3,33.3,32.7,33.3,33.6,33.1,33.3,33.0,33.8,33.3,33.6,33.2,32.1,32.6,32.2,33.5,33.4,31.8,32.5,32.5,32.0,33.0,32.5,32.5,32.4,32.6,32.7,33.0,32.3,33.1,33.4,33.0,32.2,32.7,32.8,33.4,32.2,34.0,32.7,33.2,32.9,33.4,33.0,32.3,34.2,33.1,33.9,33.5,33.4,33.0,32.8,32.0,32.1,33.7,33.3,32.6,32.9,32.9,33.1,31.5,32.9,32.4,33.3,32.7,33.4,33.9,34.2,32.3,32.9,32.8,33.6,33.6,33.3,34.7,33.7,34.2,32.7,34.1,32.8,31.7,33.2,33.5,33.3,33.2,32.5,32.6,32.5,32.2,32.3,32.6,32.6,32.8,32.9,33.4,32.7,32.9,34.5,33.8,34.3,33.5,33.4,32.4,32.6,33.3,32.6,32.9,33.6,32.2,33.8,33.0,34.4,31.3,32.8,32.6,33.1,33.8,33.7,32.6,33.1,32.6,33.0,33.2,33.3,32.1,32.9,32.9,32.9,32.6,34.0,34.6,34.1,32.6,33.4,32.8,34.3,33.3,34.0,34.1,33.5,33.0,33.3,32.7,32.6,33.3,31.9,32.5,33.3,32.7,31.9,33.0,33.4,32.5,32.2,33.0,33.2,33.0,32.3,32.9,33.2,33.1,33.4,34.4,33.5,33.8,33.3,33.4,33.2,33.0,32.9,32.4,32.9,33.0,32.9,33.9,33.1,31.2,33.0,33.4,32.6,33.0,32.9,32.6,33.6,32.9,33.2,33.2,33.5,32.8,34.0,32.9,34.7,33.1,34.0,34.2,34.0,33.8,34.1,33.4,33.2,33.1,33.3,33.0,33.0,33.6,33.4,34.0,32.4,33.7,33.6,33.0,33.0,32.9,33.3,33.5,32.7,33.0,33.2,33.1,32.4,33.5,32.0,33.3,32.8,33.5,34.2,33.2,33.8,33.7,33.5,32.9,33.5,33.1,32.5,34.3,33.9,32.6,33.6,33.2,32.7,33.0,32.5,33.4,33.9,32.2,32.8,33.0,33.7,32.6,32.7,32.7,33.1,33.5,32.9,33.7,33.2,33.4,32.9,33.8,34.0,33.3,34.3,33.1,32.9,32.9,33.9,33.2,33.0,33.9,33.0,33.4,32.3,32.7,32.5,33.3,33.0,32.9,32.3,33.2,33.1,33.8,32.6,32.9,32.7,33.7,32.6,33.4,32.6,34.0,33.9,34.1,34.3,34.7,33.9,34.5,33.8,33.5,33.2,33.1,33.3,32.6,34.0,32.4,33.0,32.7,33.1,32.0,33.1,32.7,32.5,32.7,32.7,32.5,32.7,32.8,32.6,33.0,32.8,33.3,34.2,33.6,34.5,33.9,34.4,33.8,34.0,34.3,33.6,33.9,33.5,34.0,33.7,33.7,33.0,33.8,32.8,33.1,33.0,34.0,32.5,33.2,32.3,33.8,32.9,32.5,32.6,33.3,33.2,33.4,32.9,34.3,34.7,33.8,33.9,32.9,33.5,33.7,33.7,33.6,34.3,34.2,32.8,33.6,33.1,32.1,33.7,33.5,32.8,32.6,33.1,33.1,33.9,32.4,33.5,33.2,33.0,33.6,33.3,32.6,32.3,33.5,33.6,34.0,33.5,32.8,34.1,33.7,34.1,32.7,33.8,33.4,33.6,34.1,33.4,33.4,33.2,32.9,32.7,33.6,33.2,33.8,33.1,33.1,33.0,33.7,33.8,32.2,33.8,33.4,32.6,33.3,32.6,33.8,34.0,34.3,33.2,33.6,33.9,33.8,34.5,34.4,34.2,33.5,33.5,34.2,32.8,34.1,33.9,32.1,33.6,33.4,33.8,32.9,33.7,33.3,33.6,33.2,32.8,32.9,32.5,32.8,nan,32.8,33.1,33.5,33.4,33.1,34.1,32.1,33.6,33.4,34.6,34.4,34.2,32.4,33.6,34.2,34.4,33.0,34.9,32.7,32.5,34.0,33.9,34.4,33.5,34.0,34.1,33.4,32.9,33.4,33.3,33.2,32.5,33.3,33.4,32.8,32.5,33.1,33.7,33.4,33.5,33.4,33.8,33.5,33.6,33.6,33.2,33.8,32.8,33.7,33.1,32.8,33.9,33.2,33.8,32.9,34.6,33.4,33.4,32.2,32.5,33.1,34.2,31.9,32.3,32.6,33.7,33.3,33.6,33.0,33.9,33.0,34.2,32.4,33.9,33.4,33.8,32.9,34.2,33.4,32.7,33.1,33.9,35.0,32.9,33.0,33.9,34.0,32.4,33.1,33.9,33.7,33.2,33.0,34.0,34.1,34.0,33.9,33.3,33.3,33.2,33.9,32.8,33.9,32.5,33.9,33.2,33.3,33.9,34.4,33.4,34.0,33.6,33.8,34.9,32.7,33.5,33.3,33.8,32.5,33.9,33.3,34.0,32.3,33.9,32.7,33.5,32.9,33.4,33.6,34.1,32.4,33.1,32.2,33.8,32.5,33.4,33.7,34.4,33.7,33.8,33.4,33.8,32.9,33.8,33.4,35.3,33.3,33.0,32.4,33.4,33.3,32.9,33.6,33.9,33.7,34.1,33.9,33.3,33.4,32.7,33.4,32.9,33.7,32.9,32.6,32.6,33.2,32.2,34.4,34.1,34.4,33.9,34.5,32.7,33.3,32.9,33.6,33.5,32.6,33.7,33.3,34.3,32.4,33.9,33.3,33.9,32.5,32.9,33.8,34.5,32.9,32.7,33.3,33.4,32.6,32.4,32.9,34.1,32.7,33.4,33.2,34.1,33.6,34.4,33.0,34.4,32.1,33.7,33.6,33.8
1785306444.030751,1958,32.5,32.6,33.6,33.6,33.8,32.9,33.9,33.1,32.7,33.2,32.7,31.9,32.0,32.1,32.8,33.0,32.1,33.0,32.2,33.4,33.4,33.0,32.7,33.1,32.6,32.2,33.1,33.4,33.0,32.6,33.3,34.2,33.4,33.8,32.3,34.0,33.5,32.8,32.2,33.4,32.7,33.1,31.8,32.0,31.3,33.5,32.3,33.1,33.5,32.0,32.3,32.8,33.4,32.7,32.2,33.2,32.7,32.8,32.9,33.1,34.2,34.1,32.8,33.6,34.0,33.2,33.1,33.4,32.4,33.3,33.8,32.8,33.3,32.8,32.8,32.1,32.2,33.1,32.2,33.1,33.3,33.1,32.7,32.4,32.8,33.0,33.0,31.8,31.2,32.8,32.6,32.1,32.3,32.4,33.2,33.2,33.6,33.5,32.7,33.4,33.6,33.2,32.3,32.7,32.5,33.1,32.7,31.9,32.1,32.3,32.6,32.5,33.1,33.6,31.6,33.3,31.7,32.7,32.6,33.5,32.7,32.6,32.1,32.7,32.6,32.0,32.6,33.5,33.8,32.6,32.5,32.6,34.0,33.0,32.5,32.7,32.2,32.2,32.9,32.8,32.5,32.7,32.1,32.6,32.7,32.8,32.8,32.6,32.7,32.7,32.9,32.3,33.0,33.1,32.9,34.0,32.5,32.9,33.1,33.9,33.2,33.4,31.5,33.8,32.1,32.8,32.2,32.5,32.9,32.3,31.8,32.9,32.8,33.0,32.3,32.3,33.2,32.5,32.6,33.0,32.7,32.9,33.9,33.3,33.0,33.2,32.8,33.7,33.6,32.8,32.5,34.2,32.7,33.2,33.5,33.0,32.2,32.4,32.5,32.5,32.8,33.5,32.8,32.2,33.1,32.1,32.3,33.3,32.1,32.4,32.8,32.6,33.5,33.8,34.2,33.1,32.8,33.6,31.9,32.4,32.6,33.2,33.4,33.1,34.0,32.0,32.4,32.7,32.5,32.7,32.2,32.7,32.9,33.2,32.4,33.0,32.4,32.5,33.5,32.6,32.6,32.1,32.1,32.6,33.7,34.0,35.0,34.0,33.5,33.3,32.8,32.5,32.7,33.1,33.1,34.7,32.6,32.7,31.7,32.2,32.4,32.4,33.3,33.0,32.7,32.9,32.4,33.1,32.4,32.4,32.2,33.3,32.9,32.6,33.5,34.3,34.3,34.3,34.6,34.0,33.4,34.2,34.0,33.4,33.3,32.2,33.7,32.5,33.9,33.0,32.7,33.4,32.0,32.7,33.4,32.7,33.4,32.5,32.8,34.2,32.6,33.1,32.7,32.8,33.2,33.4,33.8,34.7,33.9,33.1,34.5,34.7,34.2,33.7,33.6,33.7,33.9,33.2,33.6,33.5,33.3,32.1,32.7,32.8,32.8,32.9,33.6,33.6,32.8,32.8,32.9,32.5,33.5,32.4,33.1,32.6,32.3,32.9,33.3,32.9,33.1,34.0,33.3,33.0,33.9,33.0,33.3,33.3,32.8,31.7,33.7,32.7,33.3,32.2,33.0,34.5,32.6,33.7,31.8,32.8,32.9,33.0,33.8,33.4,33.4,32.8,32.9,32.5,33.5,33.0,32.8,32.8,33.9,33.3,33.0,33.9,33.8,33.4,32.7,33.2,34.3,33.2,32.6,33.5,32.8,33.0,33.1,32.9,32.6,32.7,33.2,32.3,32.4,32.8,33.8,32.6,32.7,32.7,33.1,32.6,32.7,33.2,33.3,33.3,33.4,34.5,34.2,33.7,33.8,33.3,33.7,32.2,32.6,32.5,32.9,32.7,33.7,32.7,32.2,33.2,32.5,32.3,32.7,32.3,32.5,33.0,32.7,32.9,32.3,33.0,33.0,32.8,33.0,32.7,32.3,32.7,33.9,34.3,33.6,34.3,34.0,32.7,33.1,33.8,32.3,33.4,33.2,34.0,33.6,33.6,32.9,32.6,33.0,32.8,33.5,33.4,33.3,33.1,32.7,32.2,33.0,32.1,33.8,32.9,33.1,33.5,32.8,32.9,33.3,33.5,33.7,34.2,33.3,32.8,34.1,33.2,32.8,32.5,34.3,33.3,33.6,32.8,33.1,32.9,33.3,32.1,33.0,32.8,33.0,32.9,32.3,32.4,33.0,33.6,33.4,33.0,33.2,33.2,33.5,33.0,34.4,33.5,32.9,34.3,33.4,33.9,32.9,33.7,33.2,33.1,33.0,33.5,32.8,33.0,33.3,32.8,33.3,32.7,34.4,31.6,33.9,32.4,33.1,32.6,32.5,33.5,33.2,32.4,32.4,32.9,32.9,32.9,33.8,33.7,33.6,33.5,34.3,33.1,33.0,33.5,33.5,33.9,33.5,34.7,33.0,33.1,32.4,33.3,32.5,33.8,32.9,32.6,33.0,33.1,32.0,32.9,33.0,nan,32.4,33.0,33.3,33.2,32.1,32.3,33.6,33.9,33.6,33.9,33.7,33.9,33.8,33.2,34.8,34.0,32.8,33.8,33.5,33.2,32.3,33.5,33.1,33.3,33.5,33.7,33.6,32.7,33.3,33.3,33.2,32.7,33.4,33.2,32.4,32.5,33.0,32.7,33.5,33.9,34.1,33.8,33.9,34.0,33.3,32.9,32.7,33.0,33.6,33.5,33.0,33.6,32.8,34.3,32.3,32.9,31.6,33.9,32.0,33.0,32.4,33.4,33.8,33.0,33.1,32.8,32.8,33.2,33.6,33.3,33.6,32.9,33.2,35.5,34.1,33.7,32.9,33.3,32.8,33.6,33.3,34.0,34.0,34.2,34.1,33.5,32.1,33.6,33.9,32.1,32.6,33.1,32.0,33.6,33.0,33.4,33.6,33.5,32.8,32.6,33.1,33.2,33.3,33.5,33.4,33.2,34.1,33.6,33.5,33.6,33.1,33.0,34.8,34.0,32.7,33.1,31.4,33.3,33.1,34.0,32.8,32.6,33.0,32.3,32.9,33.9,33.6,34.1,33.8,34.2,34.1,32.6,33.0,33.1,33.1,33.8,33.7,33.2,33.7,33.7,32.2,33.5,32.9,33.7,31.6,34.1,33.0,32.8,34.1,33.9,33.4,32.5,32.7,33.7,32.5,33.8,33.6,34.0,33.6,32.2,34.0,33.3,32.4,33.6,33.2,33.3,33.1,33.1,33.0,33.5,33.9,34.7,34.4,32.9,32.5,33.8,33.9,34.4,33.3,33.4,33.7,34.4,34.9,32.8,32.6,33.0,32.7,32.8,33.3,34.0,33.8,33.1,33.3,33.3,34.0,33.5,32.7,33.7,33.6,33.6,33.2,34.7,33.2,34.5,33.2,33.3,33.4,34.0,33.2,34.6
1785306446.1561155,1959,34.4,33.1,32.6,33.9,33.8,32.3,33.2,33.5,33.4,31.8,33.2,33.5,32.6,33.4,33.1,33.6,33.2,33.0,33.3,34.7,33.2,32.7,33.0,33.9,33.4,33.7,33.5,33.4,34.1,33.7,33.8,33.7,33.9,33.3,33.8,33.3,34.1,33.2,32.4,31.9,33.3,33.1,33.7,33.0,32.9,33.3,33.6,33.5,33.1,34.4,33.4,33.7,33.4,33.3,33.6,32.8,32.5,33.2,33.8,32.8,33.1,34.1,33.3,33.6,32.9,33.4,32.1,34.5,33.1,33.1,32.8,33.0,33.5,32.8,32.8,33.8,33.4,32.9,32.0,32.9,33.5,33.5,32.4,33.3,33.3,32.1,32.7,33.7,33.0,33.2,32.2,33.7,33.1,33.5,33.2,33.9,32.9,33.5,32.5,33.2,32.9,33.4,32.9,32.9,33.2,33.3,32.5,32.2,31.8,33.5,33.2,32.9,33.4,32.6,33.0,33.3,32.5,33.2,32.9,33.5,33.1,33.5,33.5,33.4,32.6,34.3,33.7,33.5,33.8,33.3,32.3,33.9,33.8,33.0,33.5,33.1,32.5,32.4,32.5,33.3,33.0,32.4,33.2,33.1,33.4,32.8,32.3,33.3,33.2,32.7,33.6,33.6,34.4,32.8,33.1,34.0,33.7,33.5,32.4,33.4,33.4,33.0,33.3,34.2,33.1,33.5,32.6,33.6,33.0,33.9,34.4,32.7,33.1,32.6,33.1,32.8,34.0,33.3,33.8,33.0,33.2,33.3,34.4,33.4,32.3,32.8,33.8,33.1,33.0,34.0,34.7,33.1,33.9,34.1,33.5,33.4,33.1,33.5,31.9,33.3,32.8,33.5,33.2,33.7,33.1,32.5,33.1,33.5,32.6,32.7,33.1,33.5,34.1,34.3,33.7,33.1,33.9,32.9,32.9,32.4,33.6,33.6,33.4,32.9,34.4,32.9,34.0,33.9,33.2,33.0,33.3,32.7,33.2,33.1,32.9,33.2,33.5,32.2,33.4,33.4,32.5,33.1,33.5,33.7,33.7,33.8,35.0,34.2,33.6,34.4,33.7,32.9,32.7,33.7,35.1,32.6,33.3,34.0,32.5,33.0,33.0,32.8,32.2,34.7,32.9,32.9,33.4,33.7,33.3,32.9,33.2,33.5,33.7,33.5,34.1,34.8,33.5,33.4,33.6,33.6,35.1,34.7,33.3,34.3,33.6,33.3,34.1,33.6,34.1,33.6,33.3,32.6,32.4,33.6,33.0,33.6,33.7,33.3,32.8,33.3,32.8,33.9,32.7,33.3,33.1,32.8,34.5,35.2,33.3,33.9,35.0,34.4,34.3,34.7,35.2,33.8,33.7,34.1,33.4,33.7,33.9,33.6,32.1,34.6,33.4,32.5,33.1,34.4,33.4,32.9,32.4,34.2,33.0,33.5,33.3,34.3,33.4,33.1,33.7,33.7,34.5,33.3,34.6,34.3,34.2,35.0,33.0,34.4,33.7,33.4,33.2,34.1,34.7,33.4,34.0,33.0,32.8,33.0,32.9,33.4,32.2,32.6,33.0,33.1,33.1,34.1,33.1,32.2,33.0,34.8,33.1,33.8,32.6,34.4,33.7,34.4,33.3,34.2,34.0,33.0,33.8,33.1,32.8,32.7,33.4,33.8,32.9,34.6,32.9,32.7,32.1,33.5,33.6,33.5,32.6,33.3,33.2,32.4,33.9,33.7,33.4,33.1,33.0,34.1,33.7,33.4,34.2,33.8,33.9,33.0,33.0,34.0,33.7,32.8,33.7,34.3,33.7,32.9,33.4,33.2,33.4,33.7,33.3,33.6,32.7,32.9,33.7,33.1,33.1,33.3,32.8,34.0,33.0,33.5,33.4,33.8,33.9,34.3,34.7,34.3,33.3,34.1,34.3,33.3,33.4,33.2,34.4,33.8,33.2,33.4,33.1,34.3,32.6,32.8,33.7,33.5,33.8,32.8,33.2,33.5,34.2,33.2,33.8,33.1,33.7,33.4,33.8,34.0,34.0,33.1,33.8,34.3,33.3,33.3,33.5,32.9,33.9,32.7,33.9,33.9,32.7,34.2,33.6,32.5,33.5,32.7,34.5,34.3,32.9,33.4,33.9,33.9,34.0,33.6,34.2,32.9,33.2,33.8,33.5,34.0,33.4,33.8,33.4,34.1,34.0,33.9,34.9,33.5,33.8,34.0,34.4,33.5,34.3,33.6,33.1,34.1,33.5,32.7,33.0,33.5,34.1,32.4,33.1,34.2,33.6,33.0,32.8,33.4,32.7,33.2,32.7,33.7,33.7,34.2,33.1,34.7,33.6,33.3,32.6,33.3,33.7,34.8,33.1,34.1,33.8,34.3,34.0,33.7,32.7,33.6,33.8,33.3,33.7,33.2,33.7,33.7,33.5,nan,33.6,32.8,33.5,33.7,33.6,33.3,32.8,34.3,34.1,33.9,34.1,33.7,33.7,33.7,34.0,34.5,34.4,34.4,33.9,33.4,33.5,34.3,33.5,34.4,33.9,33.5,32.9,33.8,32.9,32.9,33.9,33.5,33.5,33.9,33.5,32.5,32.5,33.7,34.0,33.0,33.6,33.4,35.3,34.1,34.3,34.3,33.3,33.5,34.8,34.1,33.4,33.2,34.0,34.3,33.8,33.8,34.3,33.9,32.9,33.7,34.4,34.4,33.3,33.5,34.4,32.9,33.5,33.7,33.5,33.3,32.8,33.4,34.1,33.4,33.7,34.6,34.7,33.5,33.8,34.1,33.5,34.6,34.2,34.2,32.9,35.1,33.5,33.6,33.5,34.3,33.1,33.4,33.5,34.5,34.3,33.4,33.8,33.2,33.9,33.5,33.2,33.2,32.4,34.7,34.7,34.3,34.3,33.4,33.5,33.9,34.1,34.0,34.6,34.9,33.9,34.0,33.7,33.3,33.5,35.1,33.7,33.7,33.2,34.6,33.3,33.5,32.9,33.1,33.4,34.7,33.1,33.8,34.1,33.6,33.4,33.8,34.8,33.9,33.0,35.3,34.0,34.0,33.1,33.3,34.4,34.1,33.4,33.0,33.9,34.1,34.4,33.5,33.5,34.0,33.8,33.4,32.1,34.1,33.8,33.1,32.2,34.2,33.4,32.9,33.6,33.1,33.8,33.1,33.7,34.1,35.2,33.9,33.6,35.1,34.2,33.1,33.0,34.9,33.8,34.1,34.0,33.5,34.1,33.2,34.1,34.5,32.9,34.3,33.6,33.6,33.7,34.0,34.4,34.0,34.0,33.8,33.3,33.5,33.4,34.1,33.7,34.5,34.5,33.7,33.4,33.7,33.2,33.8,34.3,34.6
1785306448.3324118,1960,32.4,32.9,32.6,32.9,33.3,32.5,31.7,33.1,32.5,33.4,31.9,34.3,33.3,32.4,32.0,33.4,32.4,33.0,32.4,33.8,32.6,33.2,32.6,32.3,32.0,33.1,32.9,32.9,34.3,32.8,31.7,33.2,33.1,33.3,34.0,32.3,32.8,32.5,32.2,31.9,32.9,31.8,32.0,32.4,33.1,32.6,33.2,32.9,32.6,32.4,32.3,32.2,31.8,33.3,32.6,32.4,32.5,32.8,33.4,32.4,33.1,33.6,33.8,32.8,32.9,33.2,33.1,33.1,33.3,33.7,31.9,33.2,33.1,33.0,30.6,32.9,31.8,32.6,32.0,32.4,32.9,33.5,31.7,33.3,33.1,32.7,33.0,33.5,32.6,33.6,33.0,32.9,33.5,32.8,32.4,33.6,32.1,32.8,33.4,33.0,33.8,33.0,32.9,32.1,33.0,32.3,32.9,32.0,32.3,32.8,33.5,32.2,31.7,33.4,33.0,31.7,33.1,33.2,32.8,32.1,32.7,32.9,33.7,32.7,32.8,32.4,33.5,32.8,34.3,32.4,32.1,33.3,33.2,33.2,32.9,32.7,32.7,32.5,32.5,33.3,32.3,32.9,32.3,32.2,33.2,32.3,32.3,32.6,32.4,32.6,33.3,33.7,33.0,33.1,32.1,33.8,32.7,33.3,33.1,33.9,33.2,32.0,33.3,32.1,32.1,32.0,33.3,31.7,33.0,33.0,33.2,32.0,33.1,33.6,32.9,31.8,32.5,32.6,32.4,32.6,33.3,33.1,33.9,32.5,32.3,33.3,32.6,31.9,32.8,33.2,32.3,34.0,33.6,32.9,31.9,33.4,32.5,33.5,32.7,32.7,33.1,33.7,32.0,33.2,32.1,33.3,32.3,33.1,32.7,32.4,32.3,33.5,33.5,34.0,34.1,33.4,33.9,33.1,33.0,32.8,32.0,33.6,34.0,33.8,33.1,34.6,32.8,31.9,33.1,33.6,32.6,32.8,32.5,32.4,32.4,32.5,32.7,33.2,33.0,32.7,32.9,32.7,32.9,33.2,33.2,33.7,35.1,33.8,34.3,33.7,32.9,32.5,33.8,33.7,33.7,33.2,32.6,32.7,32.7,32.4,33.2,32.4,32.8,32.8,32.4,33.0,31.9,33.4,33.2,32.9,32.2,33.5,33.2,32.1,33.8,34.3,33.0,33.2,33.0,35.1,33.2,34.0,33.5,33.2,32.5,32.6,33.7,33.6,33.9,33.4,33.1,33.0,32.6,33.3,33.0,33.2,33.4,33.0,32.5,33.2,32.0,33.4,32.4,31.8,32.9,33.2,33.5,33.1,33.4,34.5,34.3,33.9,33.5,34.4,35.2,34.0,31.7,33.9,33.6,33.5,32.4,33.4,32.1,32.6,31.9,34.0,32.0,33.2,32.8,33.6,33.2,33.0,33.0,32.7,32.5,32.9,32.7,33.2,33.0,33.7,33.8,34.3,33.6,34.2,32.7,34.3,33.0,33.3,33.9,33.4,33.1,31.8,33.7,32.2,33.0,31.6,32.4,32.8,33.1,32.9,32.9,33.6,32.5,32.4,33.0,32.8,33.7,32.6,33.6,33.3,33.1,32.8,33.3,33.8,33.7,33.5,32.6,33.4,32.6,32.3,33.2,33.2,33.4,32.7,33.6,33.6,32.1,32.1,33.3,33.1,33.0,33.7,32.1,33.0,32.1,33.6,32.9,32.6,32.6,33.1,33.1,33.4,32.8,33.4,33.5,33.7,34.0,34.2,34.8,32.7,33.7,32.7,33.7,32.6,33.5,32.3,32.9,32.4,32.4,32.8,32.7,33.7,33.1,32.8,32.8,33.2,33.0,33.6,32.5,33.5,33.1,32.7,33.0,33.0,33.3,33.3,33.4,34.6,34.4,34.6,33.8,33.7,33.6,33.1,32.8,33.6,32.8,32.4,33.0,34.0,31.9,33.1,32.8,32.6,33.0,33.0,33.1,32.5,33.2,33.5,32.9,32.1,32.5,33.9,32.9,33.4,32.5,33.2,34.1,33.7,33.0,34.0,34.0,34.0,33.0,33.4,33.3,33.4,33.5,33.1,33.8,33.6,33.1,32.7,32.1,33.0,33.3,32.9,32.9,32.7,33.4,33.2,33.1,33.1,33.6,32.2,33.6,32.8,33.9,32.9,33.3,33.8,34.2,33.9,34.0,33.3,33.8,33.1,32.1,33.6,33.6,32.8,33.6,34.0,31.7,33.4,32.7,32.3,32.6,33.4,33.1,33.1,33.0,33.0,33.1,33.7,32.3,32.9,32.2,32.6,32.4,33.2,33.6,32.7,33.5,33.5,34.3,34.0,33.5,32.9,33.7,33.5,33.5,33.5,33.6,33.1,32.2,32.9,33.1,33.2,33.5,33.4,32.9,33.9,32.4,33.1,33.7,nan,32.8,33.6,32.7,34.3,33.3,32.8,33.3,34.1,33.2,33.9,33.7,33.7,33.8,33.5,34.2,33.2,33.0,33.0,33.0,33.6,33.3,33.7,33.1,33.4,33.5,33.3,32.9,32.9,33.8,33.3,32.2,32.7,33.2,33.7,33.8,32.5,32.6,33.5,34.2,34.0,33.4,33.6,34.3,32.9,33.0,34.0,32.7,33.3,33.0,34.3,34.1,33.2,33.6,33.1,33.3,33.0,32.7,32.8,33.2,33.2,32.6,32.0,33.5,33.0,32.9,32.9,33.6,32.7,33.6,32.8,33.0,33.9,34.1,34.4,33.5,33.8,33.2,33.8,33.4,32.6,33.7,32.5,32.6,32.7,32.0,32.0,33.7,31.5,32.6,32.8,32.0,33.9,33.6,34.5,32.9,34.7,33.1,33.8,33.2,31.1,32.4,30.4,33.4,31.4,33.4,31.1,34.1,34.0,33.3,33.6,33.1,33.6,33.7,34.7,nan,32.9,36.0,32.6,34.0,34.3,36.3,33.5,32.8,33.4,32.6,33.0,32.1,33.6,32.6,32.8,33.4,33.4,35.8,32.4,34.1,33.4,37.0,32.7,33.9,34.2,32.4,33.1,33.1,33.7,32.7,33.7,32.5,33.9,33.4,33.4,33.2,33.7,32.7,34.0,32.1,33.4,32.7,33.4,33.1,33.6,33.8,33.3,32.7,33.8,33.2,33.1,33.2,33.5,34.3,33.5,33.5,34.5,33.6,33.5,34.0,33.3,32.6,34.4,33.3,34.5,32.9,33.7,32.8,33.2,33.3,34.1,32.9,33.0,33.3,33.1,33.8,33.6,34.2,34.1,32.9,33.1,33.1,33.0,33.2,32.7,33.4,33.0,34.0,34.6,33.2,33.5,32.3,33.6,33.2,33.9
1785306450.5545151,1961,33.5,34.5,34.4,33.1,32.6,31.8,33.0,31.8,32.9,33.2,32.9,33.1,32.8,32.4,32.8,33.4,32.3,32.8,33.3,33.0,33.4,32.1,32.3,33.7,32.8,33.1,32.6,32.5,33.0,32.8,32.8,33.9,33.7,33.6,34.2,33.0,32.1,32.8,33.1,33.4,33.7,32.4,32.9,33.2,32.9,32.8,33.2,34.0,33.3,32.8,33.0,32.8,34.0,32.7,33.8,33.4,32.3,33.0,32.7,33.3,32.4,32.2,33.5,33.1,33.7,33.7,33.5,32.7,33.3,32.9,33.4,32.2,32.7,33.1,32.8,33.2,31.8,32.9,32.4,32.2,31.5,33.7,33.1,32.4,32.3,32.1,32.3,32.7,32.4,33.4,33.6,31.6,33.8,33.0,33.4,32.9,32.9,34.2,32.0,33.4,32.9,33.2,33.3,33.3,33.8,32.5,34.2,33.1,32.1,32.5,33.0,32.9,32.9,32.9,32.9,32.2,32.7,32.5,33.3,33.5,33.1,32.7,33.5,34.0,33.2,32.7,33.7,33.9,33.1,33.8,32.7,33.9,32.8,33.8,33.3,32.9,32.0,33.3,33.2,32.7,32.7,33.2,33.3,33.4,32.9,31.9,33.3,32.2,33.1,33.1,33.6,33.0,33.3,34.8,33.3,33.1,33.1,34.1,33.1,34.3,33.7,32.3,33.5,33.2,34.3,32.4,32.4,32.7,32.5,32.5,33.0,32.2,32.6,32.6,32.9,32.8,32.8,32.5,32.8,34.1,33.3,33.1,33.5,33.4,33.9,33.5,33.2,34.1,33.4,33.6,31.9,34.0,33.4,32.9,33.1,33.0,32.5,33.5,33.2,32.5,32.8,33.1,33.2,32.7,32.3,33.1,32.1,32.5,32.7,32.9,35.4,34.3,33.5,34.5,33.4,34.3,33.4,33.4,33.2,32.8,33.2,33.2,33.0,32.5,33.5,32.6,33.2,32.9,33.1,31.9,32.4,33.4,34.1,32.7,32.7,33.5,32.4,32.2,33.5,33.4,32.5,32.7,34.7,33.4,33.9,33.0,34.6,34.7,32.9,33.3,33.3,32.7,32.9,33.3,33.7,35.1,33.5,33.5,33.4,33.4,32.4,32.4,32.8,33.2,32.6,33.7,33.1,33.1,32.4,32.9,32.9,33.3,32.5,33.7,33.1,32.9,32.2,33.5,34.0,34.1,34.1,34.8,33.5,34.5,32.5,33.1,33.3,34.6,33.4,33.6,32.9,33.6,33.1,31.6,32.2,34.1,33.2,33.1,31.5,32.5,33.1,32.3,33.5,33.1,32.8,33.6,34.0,34.1,35.0,33.3,34.0,33.9,33.7,32.8,34.3,34.2,34.1,32.6,32.6,33.3,33.9,33.2,32.7,32.0,33.0,32.0,33.1,32.3,32.9,33.4,32.2,32.9,33.2,33.7,33.1,32.9,34.1,32.9,33.2,33.4,32.9,33.7,34.6,34.3,33.0,34.3,32.8,32.6,32.8,33.6,32.6,33.3,33.3,33.4,33.6,32.8,32.8,31.9,32.7,33.3,33.6,33.6,32.8,32.9,33.9,32.6,32.7,32.8,33.6,33.3,33.2,34.4,33.6,34.1,33.5,33.7,33.5,33.9,32.6,32.5,33.0,33.2,32.8,33.9,33.0,33.8,32.3,33.7,33.1,33.3,33.5,32.5,33.1,32.8,33.1,32.8,32.7,32.7,32.9,32.6,33.4,34.3,34.1,33.4,34.2,34.0,34.6,34.3,33.8,33.9,33.3,33.4,33.7,33.4,33.5,33.9,33.5,32.9,33.2,33.2,32.8,33.0,32.6,33.0,32.8,32.5,33.0,33.4,32.7,32.7,33.1,33.6,33.3,33.5,33.4,33.1,34.4,34.1,33.6,34.1,34.3,33.4,33.2,33.7,33.6,32.5,33.4,33.6,32.6,34.2,33.1,34.3,33.7,33.5,33.3,32.8,32.8,32.8,32.8,33.0,33.2,33.5,33.2,33.4,32.8,33.2,33.7,34.2,33.5,33.4,34.3,33.7,34.1,33.6,33.3,32.9,33.5,33.0,35.3,33.9,32.7,33.6,33.3,32.5,33.3,33.4,33.1,33.6,32.2,33.7,33.6,33.6,33.6,32.5,33.1,34.9,33.8,33.2,33.0,34.0,34.2,34.1,32.9,34.3,33.7,34.5,33.3,33.7,33.0,32.7,33.8,34.2,33.0,33.0,33.3,33.0,32.9,32.9,33.7,33.2,33.1,33.3,33.5,33.2,32.5,33.5,33.3,33.2,33.5,33.4,32.9,33.0,33.0,33.9,34.8,34.3,33.8,34.2,33.3,33.8,34.1,34.5,33.3,33.7,31.7,33.1,33.2,33.5,32.9,33.6,33.8,34.0,33.4,32.5,32.0,31.9,34.0,nan,33.7,33.4,32.7,32.7,32.4,33.3,33.4,33.4,34.2,34.1,35.1,33.3,33.3,32.8,32.9,33.2,33.8,33.8,33.5,33.2,32.9,33.5,33.5,33.6,33.5,33.9,33.8,33.4,33.3,33.6,32.5,33.0,33.2,33.5,33.0,33.2,32.6,33.2,33.5,33.9,33.1,34.3,33.6,34.0,34.3,32.9,33.1,33.3,32.8,34.3,33.0,32.5,33.6,33.9,33.3,33.2,34.0,33.3,33.0,33.0,33.8,33.5,33.8,32.2,32.5,33.4,33.3,33.0,33.0,32.7,33.3,33.4,33.4,34.4,33.2,34.0,34.0,34.2,34.3,34.0,33.3,33.8,33.3,34.2,34.1,33.9,33.5,33.4,33.5,33.4,33.1,34.6,33.1,34.0,32.8,33.5,33.1,33.2,33.9,32.5,33.4,33.7,33.3,33.0,33.8,32.9,33.6,34.9,33.9,33.9,33.3,33.4,33.9,33.6,33.9,34.0,33.9,34.1,33.5,33.8,33.7,34.6,32.5,32.9,33.3,33.7,32.8,32.9,34.1,33.3,33.4,32.8,32.9,34.0,33.2,34.1,35.8,33.4,33.1,34.0,33.6,33.1,33.5,33.7,34.4,34.5,33.2,33.0,33.4,34.3,32.4,33.7,34.1,34.2,32.7,32.8,32.9,33.6,33.6,33.4,32.9,33.6,32.7,34.0,33.7,33.6,32.5,34.0,33.2,33.9,33.9,33.5,34.0,33.1,34.6,35.0,33.7,34.2,33.5,34.1,34.0,34.4,34.1,32.8,33.7,33.4,32.9,33.7,33.8,32.9,34.0,32.2,34.4,33.6,33.5,33.1,33.3,34.4,33.8,33.1,33.6,33.6,33.2,34.1,34.4,33.5,33.6,33.4,35.4,34.9
1785306452.6316006,1962,32.6,32.5,34.3,34.2,32.3,32.8,32.4,33.2,32.4,32.3,32.9,32.0,32.3,32.0,32.8,32.1,32.5,32.4,32.3,33.5,32.5,32.0,32.1,34.0,33.1,32.3,33.4,32.6,33.8,32.7,33.4,34.1,33.5,31.8,32.7,34.4,33.4,32.2,31.9,33.3,32.0,32.2,32.6,33.0,31.3,31.5,32.6,33.2,31.9,33.0,32.0,32.5,32.6,32.2,33.1,33.1,31.8,32.0,33.0,34.2,32.6,33.0,33.4,33.7,33.6,33.3,32.7,33.0,32.5,32.4,32.8,32.9,33.3,32.3,32.9,33.0,32.8,32.8,32.3,33.2,32.3,32.0,32.8,33.0,31.8,32.5,34.0,33.0,32.7,32.3,32.9,33.2,33.4,33.6,32.3,34.2,33.0,32.4,31.2,34.0,31.8,32.9,32.0,32.6,31.8,32.8,31.3,32.5,33.1,31.5,31.8,33.1,33.5,32.3,32.8,32.6,32.1,32.8,32.1,33.2,33.3,33.0,32.6,34.2,32.1,32.8,32.9,33.8,33.2,32.3,33.7,32.7,33.0,32.5,33.9,33.8,32.4,32.3,33.7,33.2,32.2,32.3,33.0,32.3,32.3,32.3,33.1,33.5,32.6,33.0,32.3,33.4,33.4,32.5,33.0,33.7,33.4,33.6,33.6,34.9,34.0,32.2,32.5,32.8,33.8,31.5,33.0,32.9,32.8,32.9,32.6,32.9,32.5,33.5,33.0,33.1,33.1,31.9,34.0,33.7,32.9,32.7,32.5,33.1,32.7,32.7,32.9,33.4,33.1,33.5,31.3,33.9,32.2,33.1,32.8,33.7,32.8,32.7,33.5,32.1,32.1,32.7,32.7,32.6,32.8,32.7,32.5,33.4,31.8,32.6,34.4,32.9,32.9,33.5,34.6,34.5,32.0,33.5,33.5,33.2,32.3,33.1,32.2,33.0,32.5,32.7,33.9,33.6,32.0,32.4,31.8,33.8,32.4,33.1,32.3,33.4,32.3,33.1,33.6,33.3,32.4,33.1,33.1,33.5,33.0,32.7,33.7,34.4,33.2,32.2,33.7,32.8,33.4,33.0,34.0,33.1,33.0,32.8,33.0,32.9,32.1,32.5,33.4,33.2,32.3,31.6,32.6,33.6,32.1,32.0,32.9,33.1,32.1,33.3,33.5,33.9,32.9,33.2,34.0,33.5,32.1,33.4,33.3,34.0,32.4,33.2,34.0,32.6,32.5,33.9,33.4,33.8,31.7,31.9,32.8,34.3,32.4,32.9,32.5,34.2,33.1,33.3,33.6,33.0,33.0,32.5,33.6,33.2,32.7,33.0,33.7,33.8,33.4,34.1,33.8,34.4,33.0,32.7,32.0,33.2,33.6,32.8,33.2,33.3,32.2,32.3,33.2,33.4,32.5,32.8,33.1,33.1,32.6,32.2,34.0,33.0,33.1,32.8,33.9,33.8,33.3,33.6,34.6,34.2,33.3,33.6,33.2,33.4,32.5,32.3,33.2,33.8,32.1,32.9,32.7,31.7,32.7,32.5,33.0,33.0,32.8,32.9,33.1,32.8,32.5,33.0,33.6,32.5,32.6,31.9,33.1,33.8,33.0,33.5,33.7,34.1,33.9,33.3,33.7,33.4,32.4,32.0,33.1,34.0,31.6,33.1,33.4,31.6,33.0,32.2,32.9,32.0,33.2,32.4,33.3,33.2,33.1,32.6,33.1,33.8,33.1,32.8,32.7,33.8,33.3,33.6,34.5,34.4,34.5,33.6,34.3,32.8,32.5,33.3,34.2,34.0,32.5,31.5,32.3,33.1,32.2,32.3,32.8,33.0,33.2,33.4,33.2,33.1,32.5,33.1,33.0,33.2,32.2,32.7,33.3,32.9,32.8,33.2,34.8,34.1,32.9,33.6,33.5,33.2,30.5,32.7,32.9,33.7,32.7,32.9,32.4,33.6,33.1,33.0,33.6,33.6,32.7,32.5,33.0,32.9,33.1,33.6,32.8,33.6,32.8,32.6,33.4,33.3,33.2,33.1,34.2,33.7,33.0,33.2,32.9,33.1,32.1,32.9,34.0,32.4,32.2,32.6,33.5,33.2,32.5,32.2,33.2,33.2,32.3,32.9,33.0,32.8,32.9,33.2,33.2,33.7,31.9,32.9,33.9,33.6,33.0,33.7,33.1,34.7,32.6,32.9,33.7,33.2,32.2,32.6,34.3,33.3,32.7,32.6,33.6,33.4,33.2,33.2,32.9,32.9,32.6,32.6,32.7,33.5,33.2,31.8,33.4,33.4,33.6,33.3,33.1,32.9,33.2,33.6,34.2,34.2,33.9,33.5,32.7,32.4,33.4,33.6,34.2,33.6,32.2,32.5,33.1,33.5,31.9,31.8,32.6,33.7,32.2,32.6,33.8,32.9,32.6,nan,33.0,33.0,34.0,32.2,32.7,33.0,32.3,33.0,33.6,33.5,32.8,33.6,32.8,33.6,33.3,32.7,33.5,34.1,33.1,33.1,34.0,33.8,32.2,32.8,33.2,33.1,33.0,32.1,32.8,32.8,32.1,32.4,34.1,33.1,32.6,32.6,33.5,33.3,32.1,32.9,33.8,34.0,32.9,34.2,33.6,34.2,33.0,32.8,33.5,33.8,33.1,32.4,33.5,34.6,33.2,32.2,33.1,33.4,32.6,32.2,33.5,33.1,32.6,33.2,32.7,33.1,33.0,32.9,33.5,32.9,33.2,33.3,33.3,33.8,34.0,33.7,33.3,33.4,32.5,32.9,32.5,34.2,33.2,33.2,33.0,34.0,32.4,33.5,33.4,34.3,33.3,33.6,33.9,33.3,33.2,33.1,34.2,33.4,32.7,33.0,33.5,32.7,32.5,34.3,35.4,32.8,32.6,32.9,33.2,32.5,33.5,33.9,33.4,33.0,32.2,32.6,33.2,34.0,32.6,33.7,33.0,32.9,33.2,33.1,32.5,33.4,32.1,33.2,32.6,34.0,32.8,33.5,32.6,33.4,32.6,33.1,33.6,32.7,34.1,33.4,33.1,34.5,32.6,33.2,33.9,35.1,32.8,32.5,33.7,33.7,34.5,32.6,33.4,33.2,32.5,32.9,33.1,33.3,33.1,33.0,32.8,33.5,32.8,32.8,33.8,33.7,32.0,33.4,33.4,34.4,33.8,33.8,33.7,33.8,34.3,34.3,33.8,34.6,32.3,32.5,33.6,34.3,32.9,33.1,33.2,33.4,32.6,32.9,33.0,33.3,32.8,33.2,33.4,33.9,33.0,33.0,33.3,33.7,31.7,33.0,33.8,33.3,33.7,32.8,33.7,33.4,32.8,33.3,33.3,34.1
