timestamp,frame_number,px0,px1,px2,px3,px4,px5,px6,px7,px8,px9,px10,px11,px12,px13,px14,px15,px16,px17,px18,px19,px20,px21,px22,px23,px24,px25,px26,px27,px28,px29,px30,px31,px32,px33,px34,px35,px36,px37,px38,px39,px40,px41,px42,px43,px44,px45,px46,px47,px48,px49,px50,px51,px52,px53,px54,px55,px56,px57,px58,px59,px60,px61,px62,px63,px64,px65,px66,px67,px68,px69,px70,px71,px72,px73,px74,px75,px76,px77,px78,px79,px80,px81,px82,px83,px84,px85,px86,px87,px88,px89,px90,px91,px92,px93,px94,px95,px96,px97,px98,px99,px100,px101,px102,px103,px104,px105,px106,px107,px108,px109,px110,px111,px112,px113,px114,px115,px116,px117,px118,px119,px120,px121,px122,px123,px124,px125,px126,px127,px128,px129,px130,px131,px132,px133,px134,px135,px136,px137,px138,px139,px140,px141,px142,px143,px144,px145,px146,px147,px148,px149,px150,px151,px152,px153,px154,px155,px156,px157,px158,px159,px160,px161,px162,px163,px164,px165,px166,px167,px168,px169,px170,px171,px172,px173,px174,px175,px176,px177,px178,px179,px180,px181,px182,px183,px184,px185,px186,px187,px188,px189,px190,px191,px192,px193,px194,px195,px196,px197,px198,px199,px200,px201,px202,px203,px204,px205,px206,px207,px208,px209,px210,px211,px212,px213,px214,px215,px216,px217,px218,px219,px220,px221,px222,px223,px224,px225,px226,px227,px228,px229,px230,px231,px232,px233,px234,px235,px236,px237,px238,px239,px240,px241,px242,px243,px244,px245,px246,px247,px248,px249,px250,px251,px252,px253,px254,px255,px256,px257,px258,px259,px260,px261,px262,px263,px264,px265,px266,px267,px268,px269,px270,px271,px272,px273,px274,px275,px276,px277,px278,px279,px280,px281,px282,px283,px284,px285,px286,px287,px288,px289,px290,px291,px292,px293,px294,px295,px296,px297,px298,px299,px300,px301,px302,px303,px304,px305,px306,px307,px308,px309,px310,px311,px312,px313,px314,px315,px316,px317,px318,px319,px320,px321,px322,px323,px324,px325,px326,px327,px328,px329,px330,px331,px332,px333,px334,px335,px336,px337,px338,px339,px340,px341,px342,px343,px344,px345,px346,px347,px348,px349,px350,px351,px352,px353,px354,px355,px356,px357,px358,px359,px360,px361,px362,px363,px364,px365,px366,px367,px368,px369,px370,px371,px372,px373,px374,px375,px376,px377,px378,px379,px380,px381,px382,px383,px384,px385,px386,px387,px388,px389,px390,px391,px392,px393,px394,px395,px396,px397,px398,px399,px400,px401,px402,px403,px404,px405,px406,px407,px408,px409,px410,px411,px412,px413,px414,px415,px416,px417,px418,px419,px420,px421,px422,px423,px424,px425,px426,px427,px428,px429,px430,px431,px432,px433,px434,px435,px436,px437,px438,px439,px440,px441,px442,px443,px444,px445,px446,px447,px448,px449,px450,px451,px452,px453,px454,px455,px456,px457,px458,px459,px460,px461,px462,px463,px464,px465,px466,px467,px468,px469,px470,px471,px472,px473,px474,px475,px476,px477,px478,px479,px480,px481,px482,px483,px484,px485,px486,px487,px488,px489,px490,px491,px492,px493,px494,px495,px496,px497,px498,px499,px500,px501,px502,px503,px504,px505,px506,px507,px508,px509,px510,px511,px512,px513,px514,px515,px516,px517,px518,px519,px520,px521,px522,px523,px524,px525,px526,px527,px528,px529,px530,px531,px532,px533,px534,px535,px536,px537,px538,px539,px540,px541,px542,px543,px544,px545,px546,px547,px548,px549,px550,px551,px552,px553,px554,px555,px556,px557,px558,px559,px560,px561,px562,px563,px564,px565,px566,px567,px568,px569,px570,px571,px572,px573,px574,px575,px576,px577,px578,px579,px580,px581,px582,px583,px584,px585,px586,px587,px588,px589,px590,px591,px592,px593,px594,px595,px596,px597,px598,px599,px600,px601,px602,px603,px604,px605,px606,px607,px608,px609,px610,px611,px612,px613,px614,px615,px616,px617,px618,px619,px620,px621,px622,px623,px624,px625,px626,px627,px628,px629,px630,px631,px632,px633,px634,px635,px636,px637,px638,px639,px640,px641,px642,px643,px644,px645,px646,px647,px648,px649,px650,px651,px652,px653,px654,px655,px656,px657,px658,px659,px660,px661,px662,px663,px664,px665,px666,px667,px668,px669,px670,px671,px672,px673,px674,px675,px676,px677,px678,px679,px680,px681,px682,px683,px684,px685,px686,px687,px688,px689,px690,px691,px692,px693,px694,px695,px696,px697,px698,px699,px700,px701,px702,px703,px704,px705,px706,px707,px708,px709,px710,px711,px712,px713,px714,px715,px716,px717,px718,px719,px720,px721,px722,px723,px724,px725,px726,px727,px728,px729,px730,px731,px732,px733,px734,px735,px736,px737,px738,px739,px740,px741,px742,px743,px744,px745,px746,px747,px748,px749,px750,px751,px752,px753,px754,px755,px756,px757,px758,px759,px760,px761,px762,px763,px764,px765,px766,px767
1785306756.3576746,2104,33.0,33.4,33.1,34.1,33.7,32.9,32.7,32.8,32.9,32.6,34.2,32.3,33.7,33.5,33.3,33.9,32.8,32.2,33.3,33.5,33.9,32.4,34.2,32.6,33.2,32.6,33.7,33.3,33.2,32.5,33.5,35.4,32.5,33.5,33.7,33.5,34.1,34.0,32.4,34.0,31.6,34.3,33.3,33.1,32.1,34.0,32.8,33.1,32.3,32.2,32.8,33.7,33.0,33.8,32.9,33.0,31.9,32.9,32.5,34.5,31.7,33.6,33.0,33.3,34.2,32.4,33.2,34.9,33.5,32.2,33.9,33.8,32.3,32.5,32.2,32.7,33.6,32.9,33.4,33.3,33.4,32.8,33.1,33.6,32.6,32.8,33.0,32.7,34.4,32.6,33.2,32.8,33.5,32.8,32.9,33.8,33.3,33.4,33.8,34.0,33.7,33.2,33.8,32.9,32.4,32.7,33.6,32.3,32.6,32.8,33.1,32.5,33.2,33.7,33.7,32.5,32.8,33.2,33.4,33.3,32.5,33.6,33.2,33.3,33.0,33.9,33.2,34.3,33.1,32.1,32.7,33.2,33.3,33.2,32.8,32.9,32.8,32.7,32.5,33.5,33.1,33.4,33.3,33.4,32.2,32.9,33.3,33.1,33.2,33.4,33.2,32.8,33.3,32.5,34.2,33.4,34.0,33.0,34.1,33.2,32.5,34.1,32.6,34.4,33.3,33.5,32.5,33.6,33.3,33.8,33.7,33.2,32.7,32.4,33.6,33.3,33.0,33.4,33.6,33.4,32.9,32.9,33.1,33.4,32.4,33.5,32.8,33.8,32.0,34.7,33.3,32.9,33.6,34.0,32.4,33.7,33.7,32.7,33.7,33.4,33.9,31.9,32.8,32.8,32.7,32.6,33.6,33.1,34.4,32.2,34.0,34.0,33.6,33.4,33.9,33.4,32.4,33.0,33.4,34.4,33.9,32.0,34.0,33.7,33.1,34.3,34.0,33.3,31.9,34.1,34.0,34.6,33.5,34.4,33.5,32.8,33.8,33.1,33.3,33.7,32.6,33.5,32.8,33.2,33.2,34.1,33.1,33.4,32.4,33.6,33.1,32.8,32.5,33.6,33.7,33.2,33.0,32.4,32.1,34.8,32.8,32.6,34.0,34.2,35.0,34.8,32.9,33.2,33.5,33.2,33.6,33.3,33.1,33.0,32.8,33.8,33.6,32.5,33.8,33.8,34.2,32.7,33.2,33.3,33.0,32.3,34.0,34.5,33.2,33.1,33.3,32.9,32.7,33.6,33.7,34.9,35.1,36.1,33.2,33.3,32.4,33.2,33.2,34.0,32.6,34.0,32.8,33.7,33.5,33.4,33.4,33.2,32.8,34.5,34.4,34.0,32.7,33.1,32.7,33.8,34.1,32.9,33.8,33.6,33.5,33.9,33.4,35.2,35.7,34.2,33.7,33.6,33.9,33.5,33.6,32.9,33.5,33.2,34.1,32.7,33.7,33.5,33.7,32.6,33.9,32.6,32.8,33.8,33.7,32.6,34.5,33.2,33.4,34.2,32.9,33.7,33.8,33.6,33.9,34.4,34.8,36.1,34.8,33.5,33.1,32.7,33.7,33.1,32.6,32.8,33.3,33.6,32.9,34.2,32.9,33.2,32.6,33.7,32.9,33.7,32.8,33.4,34.2,33.5,33.8,32.5,32.7,34.4,33.4,33.9,34.7,34.2,33.7,34.1,34.2,35.5,34.0,33.2,33.8,33.3,33.7,33.0,33.8,33.2,34.0,33.2,33.6,33.4,33.4,33.1,32.9,33.7,33.8,33.1,32.9,34.1,33.7,33.6,32.8,33.2,33.3,34.5,34.1,35.3,34.1,34.5,34.1,34.2,32.9,33.4,32.6,33.3,33.1,34.1,33.9,33.2,32.9,33.9,34.0,33.6,33.1,32.8,33.2,32.5,33.5,33.7,34.6,33.5,34.2,33.1,33.5,33.7,34.4,32.9,34.7,35.0,34.4,33.3,34.3,34.1,34.1,33.6,33.0,33.8,33.5,33.8,33.3,33.8,33.9,32.8,33.6,33.5,33.3,32.4,33.8,33.7,33.9,32.2,33.9,33.3,32.7,33.1,33.2,34.2,33.3,33.9,34.0,34.1,32.7,34.3,33.8,33.5,34.5,33.4,33.4,33.9,32.6,33.4,33.6,34.1,32.7,33.4,32.8,33.6,32.3,33.7,33.0,34.0,33.4,34.5,33.6,33.4,33.4,33.7,33.5,33.5,33.1,33.2,34.7,33.9,35.1,34.7,33.3,34.6,34.1,33.0,33.3,34.0,33.3,33.5,34.0,33.5,33.3,33.7,33.4,33.4,34.4,32.7,33.8,33.6,34.2,33.3,34.7,33.9,33.6,34.3,34.2,32.2,33.6,34.1,34.6,34.1,34.9,35.7,34.7,35.0,33.1,nan,32.9,33.4,32.6,34.1,33.5,33.9,33.1,34.2,33.5,33.5,33.2,34.2,33.4,33.3,32.5,33.9,34.4,34.7,34.3,32.5,32.3,33.7,34.2,32.8,34.4,35.8,35.3,33.9,34.4,33.9,34.3,33.1,33.3,33.8,33.3,33.3,34.1,33.5,33.8,33.8,33.9,33.2,33.5,32.5,33.3,33.7,34.2,32.9,34.4,34.5,33.6,34.2,33.4,33.9,33.2,34.1,34.8,35.8,34.7,34.7,34.4,34.9,34.0,34.7,34.5,33.1,32.9,33.6,33.4,33.1,32.4,34.2,33.2,34.2,34.2,33.4,33.7,33.6,33.0,34.9,33.8,34.5,34.1,34.2,34.1,34.7,33.0,32.8,34.4,34.2,34.6,34.2,35.0,35.1,34.1,33.1,33.4,32.8,33.1,33.3,33.7,33.4,33.9,33.6,32.8,32.8,33.0,32.8,33.6,34.3,34.8,33.2,35.4,34.2,33.8,33.5,34.7,34.5,32.6,34.1,34.6,33.5,33.7,34.6,34.8,35.4,34.4,34.4,34.1,33.6,32.2,34.1,33.7,34.3,34.0,33.7,33.7,33.5,33.4,34.5,33.7,34.0,34.1,34.3,34.8,35.8,32.9,33.0,34.0,33.4,34.6,33.5,34.4,34.6,34.4,33.5,34.1,33.6,34.4,33.4,33.4,34.1,33.9,33.2,33.7,34.1,33.6,32.7,33.3,33.5,34.1,32.9,34.5,34.5,34.1,32.9,35.2,34.8,32.3,34.0,33.7,33.9,32.6,34.6,34.3,34.6,34.1,34.6,34.3,33.6,34.3,34.5,33.6,33.0,32.5,34.1,32.7,33.8,32.8,33.4,32.6,34.3,33.5,34.2,34.2,34.1,33.7,34.4,34.0,35.7
1785306758.6545548,2105,33.5,33.6,32.8,33.6,33.1,33.1,32.7,33.5,32.3,32.6,31.4,33.0,33.1,32.0,33.5,33.7,33.1,32.8,32.5,32.6,32.8,32.1,32.8,32.0,32.6,32.4,32.0,34.2,33.6,33.5,35.5,34.1,32.8,33.3,32.2,33.7,32.8,32.3,33.3,33.6,33.4,32.3,33.7,33.7,32.9,32.5,33.4,32.7,33.8,31.3,32.2,33.5,33.2,31.9,33.5,33.5,32.9,32.1,33.3,33.2,33.5,32.9,32.8,34.3,32.7,32.9,33.3,33.5,32.6,34.1,33.7,33.8,33.4,32.2,32.6,33.2,32.9,32.7,32.7,32.5,32.7,32.9,33.2,33.8,32.6,32.8,32.8,34.2,33.5,33.0,33.0,32.8,33.3,31.9,33.4,34.8,33.6,32.0,32.4,34.1,33.1,32.8,33.3,33.6,33.7,32.5,33.2,32.9,33.5,32.6,32.6,33.5,32.9,32.9,33.7,33.6,33.2,33.4,33.1,33.9,33.6,32.9,32.8,33.9,33.6,33.7,33.5,33.2,33.5,32.3,32.7,34.5,33.5,32.6,34.0,32.5,32.7,32.3,33.7,33.5,32.8,32.5,33.1,32.7,33.0,33.2,33.0,32.7,33.2,33.0,33.6,33.5,32.2,32.9,32.7,34.0,31.8,33.7,33.7,33.8,33.9,32.7,33.2,33.6,32.7,32.9,33.3,33.2,33.5,32.4,33.1,33.0,32.6,32.7,33.1,32.6,34.1,32.6,32.7,33.1,33.4,32.2,33.1,33.6,33.2,31.9,33.7,33.7,33.5,31.5,34.0,33.1,33.4,33.3,33.9,33.5,33.1,33.3,32.6,33.4,33.4,33.4,33.0,33.2,33.1,33.1,33.3,33.1,32.4,32.5,33.7,33.7,32.8,32.9,33.0,33.4,32.4,32.5,32.8,33.6,32.8,33.4,33.4,33.5,32.8,32.8,33.6,34.7,32.4,32.6,33.3,33.9,33.7,34.4,32.5,33.3,32.7,32.3,33.3,33.8,32.7,32.4,32.8,33.2,33.4,33.5,32.7,33.8,32.7,33.3,33.1,33.4,34.0,32.7,33.0,33.8,32.8,33.5,32.5,34.8,32.9,33.3,34.0,33.3,35.4,34.5,32.5,33.4,32.8,33.5,33.3,33.3,33.1,33.2,34.4,33.1,32.0,32.7,33.8,32.6,33.0,33.6,32.7,34.1,33.4,33.5,33.8,34.7,33.4,34.2,33.9,33.9,33.6,33.1,34.4,34.2,36.0,34.3,33.1,34.3,32.9,32.7,32.8,34.0,32.4,32.6,32.8,33.6,32.9,32.4,33.8,33.5,33.0,32.4,32.5,33.1,33.1,32.8,32.9,34.7,34.1,32.7,33.8,34.6,33.1,33.8,33.1,33.9,35.5,35.0,33.9,34.1,32.6,33.3,32.9,33.2,32.8,33.2,33.3,34.1,32.7,33.6,32.6,33.8,32.8,32.8,33.6,32.9,33.7,32.6,34.3,34.2,34.0,33.0,34.1,34.3,32.5,32.7,34.8,33.7,35.8,34.6,34.9,34.8,33.4,32.9,33.5,32.8,33.6,32.6,33.0,34.0,32.3,32.6,32.8,34.0,32.9,32.7,33.7,32.6,33.4,32.5,32.6,33.3,33.6,32.7,32.3,33.1,34.3,33.6,34.4,34.5,34.4,34.4,35.0,34.4,32.8,32.7,32.9,33.2,33.0,33.0,33.4,34.3,33.0,33.5,33.8,32.6,33.1,32.8,33.7,32.7,33.7,34.1,34.1,32.7,33.7,32.8,33.0,33.6,34.6,33.5,34.4,34.3,34.6,33.8,34.6,35.3,33.6,33.0,33.4,32.5,33.1,33.1,33.4,33.7,33.2,33.6,33.5,33.6,32.1,32.0,32.7,33.3,32.8,33.2,33.0,33.9,33.6,33.6,35.2,33.7,34.4,33.6,34.2,34.5,33.6,33.6,34.6,33.6,33.6,33.3,32.7,33.7,32.7,33.2,33.8,33.0,33.0,33.0,33.3,33.1,33.1,33.4,34.0,33.0,33.5,33.2,33.1,33.9,33.3,32.5,33.6,32.9,33.6,33.9,34.8,34.3,33.7,32.5,33.5,33.9,34.4,33.0,33.2,33.0,33.7,33.0,33.6,34.0,33.9,32.5,32.7,34.1,34.2,32.6,33.6,33.5,33.0,33.8,33.8,33.0,32.5,33.3,33.5,34.5,34.0,34.3,34.4,34.6,34.4,34.6,33.6,34.6,33.8,33.3,34.1,33.7,33.6,32.7,33.1,33.8,33.6,33.8,33.4,34.8,33.3,32.9,32.6,33.8,33.5,33.7,33.7,33.7,33.6,33.7,33.0,32.6,34.3,34.3,35.2,34.6,34.7,35.5,34.0,35.0,34.4,nan,33.4,34.1,33.6,32.6,33.4,33.4,32.9,33.1,33.0,33.7,32.8,33.0,33.8,34.2,34.3,33.9,32.8,34.8,33.7,33.3,33.1,34.3,33.3,32.3,35.5,35.5,34.2,34.4,34.8,33.8,34.1,34.0,33.2,33.8,33.3,33.3,33.1,34.0,32.6,33.3,33.4,34.6,33.7,33.6,34.4,33.4,33.8,32.9,34.4,34.3,34.0,33.1,34.2,34.1,33.0,33.7,34.5,35.3,34.6,33.2,34.9,34.5,34.1,34.2,33.2,33.9,33.1,33.5,33.8,33.6,34.4,33.9,33.3,33.7,33.5,33.3,34.7,34.2,33.2,32.8,33.9,34.7,33.0,33.5,33.7,33.6,33.0,33.4,33.9,35.1,34.3,34.4,34.6,35.8,33.9,33.5,33.1,33.5,33.8,32.8,34.2,33.6,33.6,33.1,34.3,33.0,32.8,34.5,33.4,34.1,34.4,33.8,33.4,34.6,34.1,33.7,33.5,33.7,33.2,33.7,33.7,34.2,34.2,33.7,34.4,35.1,33.6,33.4,32.7,33.9,33.2,34.1,33.4,33.6,34.2,33.7,34.4,33.5,33.6,33.6,34.1,34.0,33.5,33.5,34.6,34.7,33.6,32.8,33.6,34.2,32.9,33.7,34.8,34.2,34.8,32.6,33.7,34.5,33.6,32.9,33.2,33.1,33.0,33.2,33.4,34.6,32.5,33.1,33.3,33.5,33.5,33.9,34.0,33.3,34.1,34.1,35.2,35.1,33.3,32.4,34.6,34.4,34.2,33.0,34.3,35.0,33.6,34.3,34.0,35.0,34.5,33.4,33.6,34.1,32.9,33.3,34.1,34.2,33.6,33.0,34.1,33.2,33.9,33.1,33.8,33.9,34.2,33.6,34.0,35.3
1785306760.500214,2106,34.3,34.3,34.3,33.7,33.7,33.4,33.6,32.3,32.1,32.5,33.4,33.3,33.5,34.3,33.8,34.2,33.3,34.0,32.9,33.8,33.5,33.5,32.6,33.7,33.2,33.5,33.7,33.6,34.5,34.7,33.0,33.5,34.8,34.0,32.1,33.5,34.0,32.7,33.3,33.3,32.9,32.9,32.2,33.7,33.2,32.5,34.2,32.9,33.7,33.2,33.6,33.1,33.3,33.8,31.5,32.6,33.4,32.9,33.8,33.4,35.8,33.1,33.1,34.2,33.4,35.2,33.7,34.1,33.6,33.8,33.3,33.5,32.8,33.4,33.9,32.9,33.9,34.0,32.2,33.2,33.2,34.2,33.2,33.9,34.3,33.6,33.2,33.9,34.2,34.4,33.1,33.3,32.4,34.4,33.8,33.9,35.3,34.4,33.9,35.8,34.0,33.1,33.7,33.8,34.2,33.4,32.2,34.3,32.4,33.7,32.9,33.0,33.7,33.7,33.6,34.4,34.1,33.5,33.0,34.2,34.2,33.6,33.7,33.9,33.9,33.2,34.2,34.6,35.2,34.5,33.6,33.7,33.1,34.4,33.8,33.4,33.4,33.3,33.9,33.2,33.5,33.8,32.4,34.1,33.5,34.3,32.8,33.7,34.5,33.3,33.9,34.0,33.3,33.6,33.4,34.1,33.4,34.0,33.0,34.2,34.6,33.4,34.2,34.0,35.9,33.1,32.4,32.8,33.3,33.3,33.1,34.2,34.0,34.4,33.3,33.6,33.4,33.3,33.5,33.6,34.0,33.7,32.9,33.0,32.9,33.1,33.2,34.4,33.2,34.3,34.1,33.7,33.3,33.7,34.1,34.0,32.7,34.7,33.9,33.7,33.8,34.0,32.6,33.4,33.2,33.6,33.4,33.8,33.6,33.9,33.4,33.6,33.4,33.5,33.0,33.1,33.5,33.8,33.7,33.5,33.3,34.5,33.8,33.8,33.8,33.9,33.9,34.4,33.7,33.2,34.1,33.1,36.3,34.4,32.8,33.6,33.9,33.1,34.1,34.1,33.1,33.5,33.6,33.5,34.1,33.6,33.2,33.6,33.2,33.1,33.4,33.4,33.7,34.4,34.4,33.6,33.7,33.8,33.1,33.7,33.5,33.8,34.0,34.6,36.0,36.2,32.8,33.3,33.9,33.4,34.1,32.4,33.8,33.1,33.1,32.9,33.1,33.9,33.4,33.3,33.2,33.5,32.9,33.1,33.9,33.6,33.0,33.8,33.7,33.3,33.4,33.5,33.3,32.9,33.3,34.6,36.4,35.4,33.3,33.4,33.4,33.5,33.4,33.5,33.6,32.4,33.6,33.8,33.6,33.7,33.0,33.7,34.4,34.0,33.8,34.5,35.2,34.0,33.8,35.4,34.9,34.5,34.6,33.3,33.1,33.3,32.7,33.8,36.0,36.1,34.2,33.7,33.9,34.5,33.6,34.2,33.1,34.2,33.4,33.6,33.0,33.9,33.0,33.9,33.2,33.4,32.7,33.5,33.3,34.3,32.9,33.9,33.7,34.0,34.6,33.3,33.9,33.8,35.4,35.6,36.4,34.7,34.7,35.6,34.1,33.7,33.4,33.5,33.3,33.2,33.9,33.7,33.6,34.2,33.9,34.3,34.0,33.3,33.1,33.5,34.2,33.0,33.7,33.3,34.2,34.9,33.4,33.7,33.8,34.4,34.9,34.8,35.2,35.0,33.9,35.3,34.1,33.4,33.0,34.2,34.1,34.2,34.2,34.3,33.8,33.6,33.9,33.7,33.4,34.1,34.3,34.2,34.4,34.2,34.3,34.4,34.0,33.6,33.7,33.7,34.1,33.6,35.6,34.8,34.7,34.6,35.2,35.0,34.5,33.0,33.3,33.4,34.0,33.3,33.0,33.2,33.8,33.2,33.5,33.9,33.0,33.3,33.5,34.0,35.1,33.7,34.3,33.7,34.0,33.9,33.0,32.4,33.8,34.9,34.3,35.1,34.0,34.2,33.8,34.7,35.1,34.2,33.0,33.6,33.3,34.4,33.8,32.8,34.1,34.1,32.9,33.7,33.6,34.4,34.2,34.2,32.9,34.5,32.7,34.6,34.7,34.5,33.5,33.6,34.1,34.0,34.9,34.6,34.6,34.0,34.1,35.3,35.6,33.2,33.8,33.8,34.3,33.4,33.1,34.3,33.8,33.6,33.1,34.4,33.2,33.3,33.5,33.8,34.4,33.6,34.5,33.8,34.9,33.6,32.7,33.8,34.0,34.0,35.4,34.5,34.5,35.2,34.4,34.7,34.9,34.5,33.8,33.4,33.8,34.1,33.6,34.4,33.8,33.3,33.2,33.9,32.7,34.7,33.5,33.9,33.8,34.9,34.7,34.4,34.9,33.8,33.5,33.8,34.4,35.3,34.4,35.0,34.4,35.8,34.8,34.5,35.3,nan,34.0,33.7,34.0,33.6,33.5,33.4,33.3,33.9,33.1,33.7,34.1,33.3,32.8,34.4,33.1,34.1,33.9,35.1,33.6,34.1,33.9,33.2,34.0,34.8,34.7,35.2,34.4,35.5,34.2,34.4,34.8,35.0,33.5,33.6,33.9,34.1,34.1,33.8,34.6,34.8,33.7,34.5,33.4,34.5,33.5,35.3,33.4,34.7,33.5,35.8,33.7,34.4,33.7,34.5,34.4,33.7,35.3,36.7,35.3,35.4,35.7,35.8,34.7,33.7,33.8,34.5,34.8,33.4,33.3,34.6,33.7,34.0,33.8,33.9,33.6,34.0,32.9,34.2,33.8,33.7,35.0,34.1,34.4,34.7,33.9,33.7,35.1,34.4,33.3,34.5,34.6,35.5,34.8,35.7,34.1,33.7,33.2,33.5,34.5,34.2,34.0,33.7,34.4,34.6,34.1,32.8,32.6,34.2,34.0,35.5,34.4,34.9,34.5,34.7,33.9,34.8,34.0,34.5,34.7,34.9,34.1,34.7,34.8,34.0,34.7,35.4,35.0,34.6,33.7,33.6,33.7,33.6,34.0,34.3,34.5,33.3,33.1,34.0,34.1,34.1,34.2,34.2,34.2,34.2,36.4,34.7,33.4,35.1,34.0,34.6,33.9,34.0,33.8,34.9,34.4,34.2,34.2,32.8,33.5,33.8,33.2,34.6,33.0,34.7,33.1,33.5,34.1,35.5,33.3,34.7,33.9,34.9,34.3,34.4,33.5,34.4,35.6,34.7,34.7,33.5,34.7,34.1,33.9,34.2,33.2,33.9,34.2,34.1,34.4,34.5,35.6,34.5,34.1,33.7,34.6,32.9,33.5,34.0,33.5,33.2,32.7,34.3,34.0,33.3,35.6,35.0,34.2,35.0,33.9,35.7
1785306762.700345,2107,32.7,34.4,33.8,33.6,31.9,34.9,32.7,33.3,32.7,33.6,33.6,34.0,33.7,33.5,32.9,33.5,32.4,33.7,34.0,33.5,32.5,32.8,33.8,32.8,32.3,35.0,33.7,32.9,33.1,34.1,33.5,33.6,33.1,31.4,33.2,32.5,33.9,32.3,32.2,32.5,33.4,32.5,32.9,33.5,32.9,32.5,33.2,33.4,33.4,32.3,33.0,33.6,33.4,32.5,32.5,33.3,33.1,32.1,33.3,33.6,34.4,32.6,33.7,33.2,32.9,33.6,33.9,33.3,32.6,33.2,32.9,33.4,32.4,34.2,33.7,32.6,32.5,33.0,33.2,33.2,32.9,33.6,33.4,33.4,32.2,33.5,33.3,32.1,32.9,33.3,33.5,33.7,33.1,34.1,32.6,33.6,32.8,33.2,34.5,33.6,33.9,33.1,32.8,33.4,33.9,33.2,33.6,32.5,33.7,32.6,33.1,33.9,33.0,32.5,33.3,34.9,34.0,32.5,33.4,33.1,33.8,33.1,34.0,34.1,34.2,32.6,34.1,34.6,33.0,33.9,32.4,34.9,34.1,34.1,32.6,33.4,32.6,33.4,33.0,33.8,32.4,34.0,33.8,33.4,33.0,33.4,32.6,33.7,32.3,33.2,33.0,33.1,32.7,33.4,33.4,34.2,33.0,33.6,33.0,33.6,33.8,32.9,33.2,33.5,33.8,32.3,33.9,32.2,32.8,32.2,32.6,33.0,33.2,32.1,33.9,33.4,33.8,32.1,33.2,33.4,33.1,33.4,33.1,33.9,33.3,32.4,33.3,34.2,33.5,32.9,33.8,34.2,33.8,34.7,33.3,33.3,33.2,33.9,32.2,33.4,32.7,33.9,33.6,33.0,32.6,33.7,32.4,32.8,32.5,33.1,33.0,33.8,33.6,34.1,33.2,33.9,32.2,33.0,33.9,32.7,33.0,32.6,34.6,33.9,33.9,33.2,33.6,35.0,34.1,32.6,32.4,33.1,34.9,34.0,32.8,32.8,33.6,32.5,33.0,33.5,32.9,32.5,33.2,32.4,34.0,33.1,33.7,33.1,33.6,32.4,33.4,33.4,33.6,33.8,33.9,34.4,33.0,33.9,33.7,34.0,32.5,33.1,33.6,33.6,35.2,35.6,33.0,33.9,33.0,34.3,33.3,32.8,33.0,33.6,33.1,33.0,33.3,33.6,33.4,33.4,33.0,33.8,33.0,33.7,32.8,33.5,33.6,33.9,34.7,32.3,31.8,33.5,34.5,33.0,33.2,34.9,35.3,34.7,33.6,33.4,33.8,32.2,33.6,33.5,32.9,32.5,33.1,33.4,33.2,33.4,33.3,33.3,33.1,32.1,33.2,33.4,33.6,32.0,32.9,33.0,32.8,34.3,34.6,33.8,32.6,33.9,33.9,34.5,35.3,35.7,33.7,34.3,32.0,34.0,33.2,33.3,33.0,33.3,33.1,34.0,32.8,33.8,33.7,32.9,33.3,33.6,32.7,33.1,32.7,33.7,33.3,33.8,33.6,32.6,33.7,33.1,34.0,32.9,34.1,34.6,36.3,34.9,34.3,36.1,34.0,32.7,33.8,33.9,33.7,33.8,33.3,32.7,33.7,32.4,32.9,32.8,33.6,32.5,33.4,33.1,33.9,32.8,33.2,34.3,33.3,33.5,33.4,33.8,33.2,34.8,34.5,34.8,34.9,35.5,33.7,34.7,34.1,33.3,33.0,34.1,32.8,33.2,33.6,33.7,33.0,33.8,32.9,33.8,32.7,33.8,33.8,33.4,33.6,34.1,34.1,33.9,34.1,32.8,33.7,34.3,33.7,33.6,35.1,33.9,34.3,34.4,34.0,35.0,34.5,33.1,33.1,33.4,33.7,33.1,33.4,34.0,33.5,33.2,33.4,33.7,33.3,33.2,33.2,33.8,33.5,32.6,32.4,34.1,32.5,33.5,33.2,33.3,33.5,33.8,35.4,34.2,33.2,34.1,34.1,34.3,34.6,35.1,33.6,33.8,33.0,33.2,33.8,34.0,32.6,33.6,33.9,34.4,32.7,33.8,34.0,34.2,32.6,33.7,34.7,33.9,35.2,33.7,33.6,33.8,34.3,33.7,34.1,35.1,34.3,32.8,33.8,33.5,34.7,32.9,33.1,33.6,33.4,32.9,33.5,33.8,34.0,33.3,33.3,33.5,33.1,32.4,33.9,34.5,33.9,33.6,34.4,34.0,33.6,33.7,33.3,34.5,33.6,34.8,34.0,34.7,34.5,35.5,34.6,34.8,33.4,34.6,33.9,33.3,33.3,33.7,33.6,34.1,32.4,33.5,32.6,34.1,32.9,33.4,33.5,33.2,32.9,34.6,33.9,34.3,33.4,33.0,33.2,33.8,34.7,33.5,34.5,34.4,35.5,34.3,33.8,34.7,34.4,nan,33.2,34.0,33.6,33.6,33.0,33.9,33.7,33.4,33.3,34.2,33.9,33.3,32.3,32.7,33.8,33.1,33.6,34.5,32.8,33.7,32.9,34.5,32.7,34.5,34.9,35.3,33.7,35.4,34.4,34.9,34.1,34.3,34.1,33.0,33.1,33.3,33.9,33.6,33.1,33.3,33.9,34.6,32.8,34.4,34.2,33.2,34.1,34.6,34.6,34.7,33.8,32.5,33.4,33.7,34.5,33.4,35.3,36.1,35.1,34.3,34.4,35.2,35.2,33.7,32.9,34.2,34.2,32.6,32.4,32.9,34.1,33.5,33.9,33.5,33.0,33.1,33.4,34.0,34.5,33.5,33.0,33.5,33.5,34.4,33.4,34.5,33.0,33.5,34.2,34.9,33.9,34.4,33.9,35.5,34.3,33.8,34.2,34.0,33.3,34.3,33.7,33.8,32.5,34.7,33.0,33.5,32.8,33.5,33.6,33.9,33.6,34.2,34.7,34.0,34.7,33.3,34.7,34.2,34.4,33.5,33.5,33.5,35.4,33.3,34.6,34.0,33.9,33.2,33.5,34.1,34.4,33.2,33.9,33.7,33.9,33.0,33.7,33.9,32.9,34.1,33.5,33.8,34.1,33.2,33.5,35.4,32.2,33.9,34.0,35.1,33.3,35.1,33.8,34.2,33.9,34.6,33.5,34.1,34.4,33.5,33.0,33.9,33.4,34.3,34.4,33.6,33.4,33.8,33.7,33.5,33.3,33.5,34.7,34.8,33.1,34.5,34.8,35.5,34.6,34.2,33.2,32.8,35.0,32.6,34.1,34.8,34.5,32.9,33.8,33.7,35.4,33.4,32.9,32.9,34.3,32.0,33.6,34.1,33.9,33.4,32.9,33.5,33.7,33.3,33.8,33.8,34.5,34.2,34.7,35.3
1785306764.7683682,2108,34.8,32.8,32.6,34.3,32.4,33.3,33.1,33.5,33.9,33.6,32.8,32.6,32.2,32.0,32.9,33.3,32.9,32.2,32.9,33.2,32.7,33.0,32.6,33.0,32.8,32.8,33.4,33.7,34.7,33.7,32.7,33.6,33.3,33.5,34.4,34.4,33.4,32.5,33.9,33.1,33.4,32.7,32.3,33.5,32.3,33.2,33.2,33.2,32.5,32.2,33.2,32.9,32.8,31.7,33.3,32.7,33.5,32.1,33.9,33.6,32.8,33.3,34.0,33.0,32.9,32.6,33.0,33.8,33.0,33.0,33.1,34.6,32.4,32.7,33.5,33.0,33.5,33.4,33.2,33.1,32.7,33.1,32.7,33.8,32.2,32.9,33.2,33.4,33.1,33.5,33.1,34.9,34.3,32.3,33.6,34.5,33.1,33.2,34.5,34.3,33.1,33.1,33.6,32.6,32.8,32.8,32.8,32.3,32.6,33.0,33.4,32.3,32.2,32.7,34.2,32.3,32.8,32.8,33.1,32.9,33.6,32.9,33.8,33.3,34.4,33.2,34.1,33.4,34.2,33.5,33.1,34.1,34.3,32.8,32.6,33.3,32.8,33.7,32.5,32.8,33.0,33.5,33.4,33.5,32.8,33.4,33.1,33.2,33.0,33.4,33.9,33.8,32.9,32.7,32.9,34.0,33.0,33.2,33.2,33.6,34.3,32.7,32.8,33.3,32.4,33.1,34.0,32.6,33.2,33.3,33.1,33.0,33.2,33.2,33.7,32.9,34.4,33.1,33.2,32.9,32.1,32.9,33.1,33.0,32.3,33.6,33.3,34.0,33.1,33.3,34.2,34.4,34.2,34.2,33.7,33.9,33.6,33.9,32.4,32.7,33.4,33.9,33.4,33.7,32.4,33.4,32.3,33.4,33.5,33.1,32.9,33.3,33.1,33.1,33.2,33.5,33.1,33.5,33.0,33.4,33.5,33.4,33.8,33.7,34.6,33.2,33.8,33.2,33.0,33.2,34.2,32.1,34.4,33.5,33.7,33.1,33.8,32.3,33.6,33.0,33.2,32.8,32.7,33.5,33.2,33.1,33.2,33.4,32.9,32.7,33.4,32.8,33.2,33.6,33.2,32.9,33.0,33.9,33.1,33.2,33.9,32.9,33.4,34.7,34.9,35.8,33.2,33.7,33.4,33.1,32.8,34.9,33.9,32.5,32.9,32.3,33.6,32.6,32.9,33.2,33.3,32.9,33.6,33.3,33.0,32.1,34.2,34.1,32.5,33.1,34.1,32.9,33.2,32.7,33.2,33.7,35.5,35.7,33.2,32.4,32.9,33.5,33.6,32.9,32.5,33.7,33.5,33.2,33.4,32.2,32.6,34.0,33.8,32.6,33.9,33.6,33.1,33.5,33.5,33.6,33.9,33.1,33.0,34.0,32.9,33.9,33.6,34.5,35.5,35.5,35.0,33.6,33.6,33.3,33.1,33.5,33.8,34.3,33.9,33.7,33.5,33.0,33.5,33.3,33.3,33.3,34.0,33.1,33.6,32.8,33.5,33.6,33.2,33.4,33.1,32.9,32.3,33.8,33.7,34.4,35.5,34.4,33.9,35.4,33.5,33.7,33.6,32.3,33.1,33.2,33.7,33.7,33.1,33.1,33.1,32.7,33.3,32.5,32.9,32.4,33.0,33.0,33.4,33.9,33.8,32.7,33.0,34.2,33.8,33.4,34.9,35.0,35.0,35.2,34.5,34.7,34.7,33.2,33.5,33.7,33.3,33.2,32.8,33.7,33.3,34.0,33.8,33.4,33.7,32.3,33.1,34.6,34.9,33.0,33.3,34.3,33.2,33.6,34.3,33.6,33.1,33.6,34.9,33.9,34.1,33.6,35.4,34.2,33.7,33.1,33.2,32.3,34.0,33.3,33.9,32.9,32.6,33.9,33.7,32.9,32.8,32.8,33.5,33.2,32.4,33.2,34.2,34.1,33.6,33.5,33.8,34.2,33.8,35.0,34.9,35.4,33.5,33.1,33.8,34.1,35.2,33.8,32.8,33.3,33.8,32.5,34.3,33.3,33.1,33.6,33.9,33.6,33.4,33.8,32.4,32.8,33.8,33.3,33.9,33.7,33.5,34.1,34.6,32.1,34.0,33.5,35.0,33.9,34.1,33.1,33.5,33.3,35.6,34.0,33.9,33.0,33.7,33.3,33.8,33.9,33.2,33.4,34.0,33.6,33.0,32.9,33.4,32.9,32.6,33.6,33.8,33.2,33.2,33.5,33.7,33.9,33.6,34.1,34.5,36.1,34.9,34.4,33.2,34.9,34.4,33.1,33.3,33.7,33.6,33.3,32.8,33.8,33.9,33.8,34.1,34.4,34.1,33.1,32.7,34.3,32.0,33.8,33.9,34.7,32.9,33.2,33.8,33.2,33.6,33.2,35.2,34.1,35.2,34.7,34.2,34.0,34.6,nan,33.4,33.2,33.6,33.6,33.7,33.7,33.9,34.2,34.3,33.5,33.7,33.6,34.3,33.8,34.9,33.5,34.2,34.3,34.5,32.7,34.1,34.1,34.0,33.2,34.4,35.4,34.6,33.9,34.2,35.3,33.3,33.6,33.3,34.3,33.8,32.8,33.1,33.5,34.1,34.0,32.8,33.2,32.8,33.5,33.1,33.9,33.4,33.8,34.4,34.7,34.2,33.9,34.2,33.7,33.0,34.1,35.3,35.1,34.7,34.5,34.9,34.8,33.9,33.6,33.7,33.9,34.2,33.1,34.1,34.1,32.6,33.0,33.3,33.3,34.2,33.4,34.3,34.0,33.5,33.7,34.2,33.5,33.0,32.6,33.2,34.5,35.1,33.5,34.4,35.5,34.1,34.4,34.3,35.3,34.6,33.6,32.7,34.1,33.5,32.9,34.0,33.6,33.9,33.6,34.3,33.9,33.5,33.7,34.0,33.3,34.0,33.8,34.3,34.4,33.6,33.7,33.7,33.2,33.2,33.9,32.7,35.1,34.2,34.5,33.6,35.5,34.4,33.9,33.7,33.4,33.9,32.7,34.2,33.4,33.7,33.2,34.9,33.0,32.3,34.3,34.3,33.8,33.7,33.2,35.4,36.0,33.4,33.0,34.0,34.0,34.3,33.9,34.4,34.9,34.6,34.1,33.5,35.0,34.8,33.7,33.2,34.3,34.1,33.1,33.9,33.6,33.4,33.4,33.3,34.8,34.4,33.9,33.7,33.5,33.5,33.5,35.0,35.5,33.5,34.2,34.1,33.5,33.2,33.8,32.9,34.3,33.9,33.3,34.1,33.4,34.8,34.3,33.9,33.6,33.6,33.4,33.4,34.7,33.0,33.6,34.2,34.1,33.7,33.8,34.7,33.8,33.9,34.6,35.3,34.8
1785306766.9130576,2109,34.2,32.1,34.2,33.2,32.9,32.3,33.1,34.0,33.0,32.3,32.7,33.0,32.6,33.1,33.4,34.0,32.1,32.3,32.6,33.1,33.6,33.1,32.5,33.9,33.5,32.5,32.9,33.6,32.6,32.2,32.6,33.7,32.9,32.9,32.8,32.2,32.9,33.3,32.3,32.6,33.3,33.4,33.0,32.6,33.0,33.1,32.7,32.6,32.8,33.2,33.3,31.9,33.3,32.2,32.9,32.7,32.8,32.4,33.2,33.1,32.3,32.8,33.6,33.1,33.0,32.8,33.6,34.3,33.6,32.3,33.8,33.9,33.7,33.6,32.5,33.3,33.1,33.5,32.2,33.0,33.5,33.9,31.9,32.9,33.2,32.9,32.7,32.6,33.6,33.1,32.8,32.9,32.8,32.7,32.5,33.7,32.4,35.5,33.5,33.7,32.4,33.7,33.2,33.1,33.5,32.7,33.1,33.3,33.1,33.2,32.4,32.5,33.7,32.6,32.2,32.2,32.4,32.7,32.6,32.6,32.2,33.5,32.1,33.2,32.7,33.6,34.3,33.1,32.5,34.3,32.4,32.9,34.4,33.7,32.5,32.8,33.1,31.9,32.7,34.1,33.5,32.6,32.7,33.6,33.6,32.7,33.0,33.7,33.4,33.0,33.0,33.4,33.5,32.1,32.8,33.9,33.7,32.9,33.3,33.9,33.0,32.6,32.7,34.1,31.4,32.6,33.2,32.5,32.9,33.6,33.1,32.9,32.5,33.3,32.8,33.7,33.4,32.7,32.7,33.3,33.5,33.3,31.8,32.6,32.7,33.4,32.7,32.6,32.9,33.8,33.2,33.0,33.9,32.3,33.6,33.6,33.5,33.2,33.8,33.9,33.0,33.9,32.7,32.9,32.5,34.3,33.1,34.0,32.9,32.8,33.3,33.6,33.1,32.7,32.9,33.8,32.3,34.0,34.4,33.2,33.1,32.9,32.6,33.6,32.5,33.1,32.8,33.3,32.7,32.7,33.2,33.0,33.5,34.1,33.1,33.3,32.9,33.2,32.9,32.6,32.5,33.6,33.3,32.6,33.5,32.5,33.4,33.1,33.5,33.2,33.2,31.8,33.9,32.3,32.7,33.2,33.4,33.8,32.6,33.1,32.8,32.9,32.6,33.7,35.3,35.6,33.4,33.5,33.3,33.1,32.5,34.3,33.2,33.3,32.2,33.7,32.8,33.9,32.0,33.4,33.1,32.8,32.8,33.6,33.7,33.2,33.1,34.0,33.9,33.5,33.8,33.2,32.8,33.5,32.9,33.4,34.7,35.5,33.0,32.2,32.2,33.2,32.5,33.3,33.0,33.2,33.6,33.0,32.7,33.6,33.9,32.9,33.2,32.8,32.6,32.6,33.4,33.8,33.2,34.1,33.8,33.2,34.1,34.1,32.3,33.7,34.0,34.3,34.8,35.1,33.7,34.7,32.7,33.9,33.2,34.1,33.7,33.8,33.7,33.6,33.5,33.4,33.3,33.9,33.2,33.6,33.2,33.4,32.6,33.1,33.6,33.3,34.4,33.1,33.4,33.6,33.9,34.6,34.0,33.8,35.2,35.9,34.4,34.2,33.3,32.8,33.1,32.8,34.1,33.6,33.1,32.6,33.7,33.1,32.9,33.1,33.0,33.9,33.1,32.7,33.1,34.0,34.1,33.4,33.7,32.4,32.8,33.2,33.5,32.8,34.9,33.9,34.9,34.7,34.3,34.3,34.3,33.1,33.1,33.9,33.7,32.5,33.5,33.5,33.5,32.8,32.8,34.4,32.4,33.4,33.4,33.9,33.7,33.1,32.6,35.4,33.6,32.9,34.8,33.3,33.6,34.1,34.4,35.7,34.2,35.0,34.6,34.7,33.8,33.5,32.7,32.8,33.0,33.2,33.5,33.9,34.0,33.3,33.8,33.9,33.4,33.4,32.9,33.9,33.6,33.3,33.3,33.4,33.0,34.7,32.2,33.2,33.4,33.0,33.9,35.0,33.4,33.7,34.0,34.4,34.0,34.2,33.5,33.5,33.4,33.4,32.7,34.4,33.0,32.8,33.5,34.7,32.6,32.8,33.6,33.1,33.4,32.5,34.0,33.2,32.6,33.6,33.3,33.7,33.9,33.4,34.4,34.2,33.6,33.2,33.6,33.7,33.8,33.5,32.4,33.8,32.7,33.2,33.7,33.5,32.8,33.5,33.6,33.3,33.2,33.7,33.7,33.2,33.5,33.1,34.1,33.3,33.1,34.1,33.4,33.4,32.9,33.3,34.3,34.7,34.3,35.3,33.8,34.9,33.6,32.9,33.5,34.3,33.7,32.8,33.4,34.6,34.2,33.6,33.3,34.0,33.3,33.2,34.1,32.6,33.2,33.8,34.2,34.8,33.9,33.5,33.9,32.7,33.5,34.2,34.7,34.0,34.8,35.4,34.8,33.7,34.0,nan,33.1,33.6,33.7,33.7,33.5,33.0,32.7,33.8,33.1,33.4,33.6,33.5,33.2,32.5,32.2,32.8,34.1,33.6,33.7,32.6,33.2,35.2,32.6,33.9,34.3,35.4,33.8,34.0,33.5,34.7,34.7,34.1,32.7,34.4,32.9,33.3,32.5,33.8,33.3,33.4,32.6,33.7,33.3,32.9,33.6,34.0,33.1,33.4,34.1,34.6,33.7,32.8,32.9,33.0,32.0,34.5,34.4,35.1,34.0,34.6,34.2,34.7,34.1,33.5,33.3,33.1,32.4,33.7,33.9,33.5,33.3,33.8,33.6,33.6,33.6,33.5,34.4,34.3,33.1,34.0,33.3,34.4,34.7,34.1,32.7,33.7,32.9,34.2,33.9,34.3,34.3,33.8,34.2,35.8,34.5,33.7,33.5,33.9,33.2,33.2,33.8,33.9,33.5,33.9,35.0,33.5,33.8,33.5,33.3,34.4,34.1,34.1,34.2,35.0,33.7,34.5,32.5,33.3,32.9,33.4,33.2,34.7,34.1,35.5,33.1,33.5,34.9,32.9,31.6,33.3,33.3,33.6,33.1,32.8,33.0,32.9,32.7,33.2,33.0,32.4,33.4,33.7,33.4,33.7,34.1,34.4,32.8,33.8,33.3,34.4,33.8,32.8,33.7,34.3,34.5,34.4,33.8,34.6,34.5,34.0,33.4,34.4,33.3,33.2,32.9,34.0,32.7,34.4,34.3,33.8,33.9,34.0,33.4,34.2,32.4,33.0,34.0,36.1,33.8,33.2,33.1,34.0,34.9,33.9,34.2,34.0,34.1,33.4,33.7,33.8,34.1,33.5,33.7,33.3,33.2,33.5,32.6,33.9,32.6,32.9,33.2,33.2,33.1,33.2,34.5,33.3,34.3,34.9,34.6,35.2
1785306769.25926,2110,32.3,33.3,33.5,32.6,33.2,32.2,33.3,32.8,33.0,33.2,32.3,32.6,32.8,32.0,33.7,33.9,32.8,32.4,33.5,33.1,33.4,32.2,32.7,34.6,32.4,31.8,33.1,32.6,32.6,32.0,34.6,33.6,32.8,35.0,32.7,31.9,31.9,32.4,32.4,33.0,32.4,32.8,31.2,32.6,32.3,33.3,33.2,33.3,33.0,33.0,32.4,32.8,33.9,32.7,32.0,33.6,32.3,33.0,32.7,34.6,33.0,32.5,32.7,33.6,33.3,32.6,32.2,32.4,32.5,32.8,32.0,33.2,32.3,32.3,32.6,32.8,32.0,31.6,33.5,32.2,32.6,33.6,32.9,31.8,32.8,32.8,33.8,33.6,32.2,32.2,33.2,33.2,34.4,32.3,32.3,34.7,31.8,34.0,32.6,33.0,31.8,32.8,31.6,32.5,32.4,33.1,31.9,32.2,32.9,33.5,32.4,32.9,31.5,32.6,32.3,32.4,32.3,32.5,32.5,32.5,32.8,33.3,33.2,31.8,32.5,33.1,32.3,33.3,33.6,33.2,33.5,33.2,33.2,32.6,33.1,32.5,32.2,32.5,32.0,32.1,33.2,32.2,33.3,32.5,32.9,32.1,32.3,33.2,32.0,32.7,33.1,32.6,32.8,32.4,32.0,32.6,32.9,33.6,33.6,33.6,32.9,32.3,33.2,33.0,35.0,31.8,32.5,33.1,32.8,33.2,32.2,32.7,32.7,33.3,32.9,33.7,32.1,32.8,32.9,33.5,32.9,33.6,32.6,32.4,32.6,32.3,33.3,32.8,32.9,33.0,32.4,33.6,31.9,32.9,32.9,32.1,32.8,32.5,32.9,32.8,34.0,32.7,33.2,32.5,32.6,32.9,32.6,32.7,33.0,32.8,33.3,33.0,32.8,32.6,32.5,32.5,33.5,32.6,31.8,32.5,32.8,32.2,32.8,33.1,32.4,33.1,32.5,32.9,31.9,32.5,32.0,33.4,33.9,33.6,32.3,32.5,32.3,32.9,33.6,33.4,33.3,33.4,32.8,33.4,33.3,32.9,33.1,33.3,32.7,33.0,32.7,32.5,33.4,32.9,32.6,33.2,33.6,32.8,32.4,33.2,32.8,32.7,32.6,33.8,35.9,35.3,32.9,33.7,33.5,33.3,33.5,32.1,33.0,33.5,33.8,33.3,32.3,32.5,33.5,32.2,32.6,32.2,33.5,33.7,32.9,32.5,33.5,33.3,32.5,33.7,32.8,33.6,32.3,33.5,32.8,33.9,35.1,35.0,32.4,33.3,32.4,32.9,32.3,33.6,31.9,31.8,33.0,33.4,32.7,32.8,32.3,33.6,32.4,33.2,32.8,32.4,33.1,33.6,32.5,33.9,33.8,33.3,33.3,33.2,33.0,33.4,33.1,33.1,35.1,35.4,34.1,32.8,33.0,32.5,33.1,33.5,32.2,32.9,33.2,32.7,32.6,33.8,32.9,32.4,32.7,32.7,32.6,32.7,32.6,31.8,31.8,32.6,34.6,32.9,32.3,33.6,33.4,32.8,34.4,34.3,34.3,35.4,33.6,34.8,33.7,32.8,32.8,32.3,32.6,32.8,32.7,33.6,32.7,33.1,32.3,32.7,32.9,33.0,32.7,32.8,32.6,32.9,32.0,32.8,33.7,33.5,33.3,33.8,33.0,33.7,34.4,34.1,34.8,34.1,34.6,34.2,34.3,33.8,33.0,33.3,33.7,33.0,33.2,32.7,33.7,32.7,33.2,32.9,33.3,32.8,32.8,32.6,33.4,33.1,33.4,34.0,32.4,32.5,32.9,33.6,32.6,33.2,34.6,34.7,33.9,33.7,33.8,35.0,33.2,33.0,33.2,33.6,33.7,32.8,32.4,32.6,32.4,33.1,33.7,33.3,32.1,32.7,32.8,33.3,33.9,33.4,33.4,34.2,32.6,32.7,33.5,33.3,33.5,33.6,34.4,34.3,32.8,33.1,34.0,34.1,34.5,33.9,33.7,32.8,33.1,33.2,33.2,33.5,33.0,32.7,32.8,33.1,33.0,32.9,33.4,33.2,33.4,33.3,34.0,33.3,32.7,33.8,32.6,32.7,33.4,33.6,34.7,33.8,33.3,33.2,34.0,33.4,34.0,33.6,31.9,33.2,33.2,33.6,33.0,33.5,33.7,33.2,34.0,32.4,33.1,32.3,33.0,33.9,33.0,34.0,33.4,33.5,33.3,32.9,33.0,33.3,32.6,33.2,34.3,34.0,34.8,33.9,35.0,34.9,33.8,33.6,33.7,33.0,33.3,34.0,33.0,33.5,33.0,33.0,32.6,33.6,33.6,32.3,33.0,32.9,33.4,32.9,33.2,33.4,34.2,32.5,31.9,33.1,33.6,33.8,34.1,33.6,34.2,34.7,33.2,34.9,33.6,nan,32.4,33.8,32.6,32.7,32.7,34.0,33.2,33.4,32.8,33.1,33.2,32.5,32.7,33.4,32.8,33.6,32.3,34.2,34.0,32.2,33.4,32.5,32.4,33.8,34.8,34.4,34.1,34.6,34.1,34.9,33.9,33.4,33.4,33.3,32.7,32.8,33.0,33.5,33.0,33.3,33.4,32.8,33.1,33.7,34.6,34.1,33.9,33.6,33.8,33.8,34.0,33.0,33.2,34.2,32.6,33.1,33.9,34.9,33.8,34.4,34.0,34.7,34.1,34.0,33.0,32.4,32.9,33.3,33.1,33.8,32.6,33.6,33.2,33.6,33.3,32.2,33.5,34.1,33.7,32.4,32.8,35.2,34.0,33.9,33.1,33.2,33.5,33.5,32.4,34.2,34.2,33.5,34.5,34.6,33.8,32.8,33.8,33.3,33.4,32.9,33.2,32.7,33.1,33.8,33.6,33.5,33.2,32.2,33.9,32.9,34.9,33.6,33.7,33.5,32.4,34.3,32.6,33.9,33.2,34.4,33.5,33.9,33.6,34.6,32.5,34.4,33.4,34.6,32.8,33.1,32.5,32.9,32.8,33.1,33.5,33.4,33.1,33.6,32.9,34.0,32.9,34.2,33.3,33.3,33.5,34.8,33.7,34.1,32.6,34.4,32.6,32.3,33.7,33.2,34.5,33.7,32.9,32.7,34.0,33.2,33.1,33.2,32.5,33.0,33.4,33.6,33.1,33.6,33.2,33.1,34.5,32.9,34.0,33.9,33.2,34.3,34.0,34.6,32.3,31.8,33.0,34.0,33.2,32.8,32.5,33.8,34.1,33.6,32.8,33.5,34.5,34.2,33.4,33.3,32.5,33.3,32.5,32.6,32.6,33.6,32.6,33.0,32.0,33.3,32.9,33.7,33.9,34.3,33.5,35.1
1785306771.1444945,2111,32.3,33.6,33.2,33.7,33.6,32.6,33.7,33.8,33.0,33.5,33.7,33.4,30.8,33.4,33.4,33.6,32.7,33.1,33.2,33.6,33.2,32.2,34.1,34.1,32.9,33.3,32.9,33.0,34.2,34.1,33.1,33.0,34.1,33.2,33.1,33.4,34.0,31.5,33.2,33.5,33.2,33.4,33.8,32.3,32.4,32.4,34.0,33.2,33.5,32.8,33.3,32.5,33.3,32.6,32.9,32.7,31.4,33.8,32.4,33.3,32.3,31.9,33.4,33.9,32.3,35.0,33.6,33.7,33.8,33.2,33.4,32.5,33.3,32.7,32.9,33.5,33.1,32.8,32.8,33.4,33.0,33.2,32.6,32.5,33.2,33.1,32.5,33.9,33.6,33.7,33.3,33.2,32.6,32.7,34.0,34.2,33.2,32.1,32.1,33.1,33.4,32.9,32.8,33.4,32.9,32.7,33.0,31.9,32.5,32.5,34.1,32.6,32.1,32.9,32.9,32.8,32.6,33.4,32.6,32.7,33.0,32.6,32.3,33.6,32.9,33.2,33.4,34.7,33.2,33.4,32.4,33.3,33.0,33.5,34.1,33.6,33.1,33.7,32.4,33.6,33.0,33.8,33.0,32.4,33.1,33.2,33.5,32.8,33.6,33.3,33.5,33.3,33.2,32.5,32.6,33.9,32.9,33.0,33.6,34.0,33.5,33.5,33.2,33.9,34.2,33.4,34.0,33.1,32.9,32.7,33.6,33.4,32.8,32.7,33.7,32.5,33.4,32.9,33.2,33.2,32.7,32.3,33.4,32.6,33.6,32.7,34.0,34.1,33.1,33.1,32.6,33.2,33.3,33.7,32.8,33.7,33.2,33.6,33.3,34.0,32.8,32.8,33.2,34.1,32.8,33.8,33.5,33.7,32.7,33.6,33.0,33.6,33.8,32.9,33.3,33.1,32.2,33.3,32.7,32.4,32.7,34.1,33.7,34.5,34.7,33.4,33.5,33.4,32.6,34.2,32.7,32.5,34.3,33.9,33.5,33.5,33.2,33.2,33.4,32.4,32.7,32.5,32.6,32.9,32.9,32.7,34.2,33.5,32.8,33.0,32.8,33.5,32.8,33.5,34.2,34.1,33.6,33.2,33.2,34.3,33.2,33.6,33.5,33.4,35.3,35.9,33.8,33.4,33.4,33.1,33.0,33.0,32.9,33.6,33.0,33.7,33.3,32.9,32.8,33.7,31.7,32.7,33.3,34.1,32.8,33.0,32.9,33.6,33.7,32.4,34.0,33.2,33.7,33.3,33.1,33.6,35.1,36.0,33.5,33.4,33.3,32.9,33.4,33.6,33.1,33.1,33.2,32.8,32.6,33.1,33.5,32.6,32.0,33.4,33.8,33.2,32.5,33.0,33.2,33.5,33.6,33.2,32.9,34.1,33.2,34.2,33.3,34.8,35.1,35.0,34.2,34.5,33.8,32.8,33.0,34.4,33.7,33.0,33.5,32.3,33.1,32.9,33.6,33.7,32.6,32.2,32.8,33.7,32.7,32.5,32.6,33.8,33.3,32.3,34.0,33.4,32.8,33.2,33.5,34.8,36.0,35.2,34.7,34.9,33.0,32.5,33.3,32.8,32.9,33.1,33.4,33.5,33.2,33.5,33.0,33.2,32.9,34.1,33.1,33.2,33.6,33.5,33.5,32.4,32.8,34.3,33.4,33.0,33.3,33.9,34.8,34.8,33.8,34.0,34.6,34.5,34.2,33.4,33.7,32.8,33.1,32.8,32.9,33.8,33.9,33.6,33.0,34.4,33.8,32.9,33.7,33.5,33.4,33.6,33.2,33.2,34.8,32.5,33.3,33.9,33.1,33.4,35.0,34.0,33.6,34.4,34.4,35.0,34.3,33.0,33.6,33.0,33.9,33.0,33.3,32.8,33.1,33.8,34.1,33.5,32.7,33.9,33.3,34.6,33.3,32.4,34.1,33.4,33.3,33.7,33.4,33.8,33.2,34.1,34.1,35.1,34.1,34.0,33.5,33.7,34.3,33.9,32.9,33.9,32.8,32.8,33.4,34.2,33.3,33.3,33.0,32.9,32.3,33.0,33.2,32.9,32.3,33.1,34.2,32.8,33.5,33.6,33.7,32.6,33.2,32.7,34.8,34.2,33.6,34.4,33.6,33.3,34.8,33.7,33.8,33.5,33.5,33.3,33.1,34.3,33.0,33.8,33.8,33.8,32.7,32.5,34.0,33.0,33.3,33.3,34.1,33.7,31.8,33.0,34.8,34.0,33.7,33.7,34.1,34.8,34.1,34.0,33.8,34.5,33.8,33.1,32.7,33.3,33.5,33.7,33.7,33.6,32.9,33.1,32.8,34.0,33.8,33.3,33.4,33.7,33.0,33.6,34.2,34.4,33.3,32.9,32.9,32.7,33.3,34.2,33.9,34.2,34.9,34.3,34.8,35.6,34.2,nan,33.9,33.2,33.3,32.4,33.5,34.3,33.5,33.5,33.8,34.1,32.9,32.9,33.3,32.5,33.9,33.6,34.7,34.9,33.8,32.8,33.6,33.4,32.8,34.1,34.8,35.9,33.6,34.5,34.2,35.2,34.4,33.9,33.6,34.2,33.7,32.3,33.5,34.2,33.5,33.1,32.9,34.2,33.5,34.5,34.1,33.9,33.3,34.2,33.7,34.8,33.3,33.4,34.5,34.0,32.8,34.0,34.2,35.9,34.1,34.3,34.8,34.6,35.3,33.5,34.1,33.5,33.2,33.7,33.5,34.0,33.5,33.0,33.8,34.3,33.1,32.4,34.6,34.5,32.7,34.4,34.2,34.0,33.6,34.7,32.7,35.0,33.9,33.3,33.2,34.3,33.8,33.6,34.0,35.2,33.8,33.6,33.6,33.0,32.9,33.9,33.6,34.4,33.8,33.9,34.2,33.8,34.0,33.8,33.7,33.6,34.7,34.3,33.1,34.3,34.6,33.7,34.6,34.2,33.5,33.4,34.0,33.6,34.8,33.8,33.7,35.3,33.8,33.5,34.9,33.9,32.8,32.5,34.1,33.7,33.1,33.3,34.1,33.4,32.6,33.5,33.4,34.5,33.8,34.0,34.5,34.6,33.1,33.6,33.7,33.3,34.1,33.6,33.5,34.7,34.3,34.0,34.4,34.6,33.8,33.3,34.2,34.2,32.9,33.9,34.1,33.9,33.5,33.7,33.4,33.6,34.0,32.9,33.9,34.6,33.6,34.1,34.0,35.0,33.9,33.7,33.4,34.0,32.3,32.9,33.8,33.8,33.9,33.6,33.2,33.7,34.6,33.7,33.9,33.1,33.2,33.9,33.9,33.9,33.5,32.8,33.4,33.6,33.6,33.2,33.9,34.0,33.3,34.1,34.4,35.0
1785306773.479947,2112,34.9,32.6,33.6,34.3,33.7,33.6,33.6,33.7,32.9,32.6,32.2,33.6,32.6,32.4,33.3,32.8,33.5,32.4,33.3,33.6,34.8,33.2,32.8,33.6,33.6,33.2,33.2,33.5,33.4,33.2,32.5,33.6,34.1,32.5,33.2,32.3,32.8,32.7,33.3,33.5,33.5,33.3,33.5,33.3,33.4,33.1,33.5,32.5,33.3,32.9,33.4,32.5,32.7,32.5,33.0,33.7,32.7,32.9,33.3,33.4,34.2,33.8,33.5,34.0,32.6,34.6,34.2,34.0,33.4,33.1,33.5,33.2,33.2,33.3,33.7,33.9,33.2,33.9,32.0,33.1,33.2,33.3,33.2,33.1,32.4,33.0,33.4,34.2,33.1,33.9,33.6,33.1,33.1,33.0,32.9,34.3,33.6,32.7,33.4,32.7,32.5,32.9,33.3,34.2,33.2,33.2,32.5,31.8,32.3,34.2,32.4,32.8,32.7,33.0,33.9,33.7,33.2,32.5,33.4,34.7,33.2,32.5,33.0,32.7,33.2,32.0,33.5,34.1,34.0,34.2,33.1,34.1,33.9,32.8,33.0,32.9,32.8,32.9,32.3,33.1,33.0,33.0,32.4,33.2,32.5,32.9,33.3,33.7,33.0,33.2,32.9,33.5,33.8,32.7,33.8,33.4,33.8,33.7,33.7,34.3,34.6,32.9,33.7,32.3,32.5,32.9,33.1,33.9,33.9,33.8,33.3,32.0,32.6,33.4,32.7,33.8,33.6,33.3,32.9,33.4,33.5,33.1,32.6,33.4,33.5,32.4,33.9,33.1,33.6,33.5,33.8,34.2,33.8,34.0,34.1,32.9,33.1,32.9,33.2,33.2,33.6,33.3,32.4,33.5,33.7,33.4,33.2,34.2,33.3,34.4,32.4,33.8,33.6,33.6,33.5,33.6,33.3,32.7,33.2,32.9,34.3,32.6,33.8,34.4,33.7,32.6,34.6,32.4,33.2,33.2,34.0,32.8,34.1,34.4,33.2,32.6,32.5,33.5,33.5,33.2,33.1,33.0,33.5,33.2,33.2,33.3,33.3,32.7,32.4,32.6,33.5,33.0,32.3,33.8,33.5,33.1,34.3,32.4,32.7,33.2,32.7,33.5,32.5,33.5,35.4,36.0,32.4,34.4,33.1,33.3,33.1,33.9,34.1,32.4,32.8,33.1,33.6,33.2,33.4,33.1,33.0,33.1,32.9,33.3,33.6,32.7,32.6,33.3,33.6,33.6,33.1,33.9,33.1,32.9,33.4,33.7,35.6,35.4,34.1,32.6,33.2,32.7,34.0,33.7,33.0,33.0,33.5,33.5,32.7,33.1,32.8,33.5,32.8,33.8,32.8,34.0,33.5,32.9,33.3,33.4,33.0,33.8,33.4,33.8,33.9,33.8,32.9,34.2,34.5,36.0,34.3,34.4,32.8,33.0,33.3,33.7,33.8,33.7,33.0,33.8,33.0,33.6,33.4,32.6,33.3,32.6,32.7,33.1,34.4,33.0,34.1,33.4,33.2,33.2,33.1,33.3,34.2,33.3,34.8,34.8,35.8,35.2,35.3,34.5,33.4,32.4,33.2,33.9,33.4,34.0,33.5,33.5,33.2,33.1,34.0,33.3,33.6,33.7,33.4,33.5,32.6,33.4,32.8,34.3,34.4,34.2,33.5,34.0,33.3,33.4,35.6,34.9,34.9,35.1,34.5,35.0,33.9,33.7,33.0,33.7,33.3,33.2,33.9,34.2,32.8,32.7,33.3,33.8,33.4,33.5,33.6,33.4,34.4,32.2,33.5,33.7,33.2,33.6,33.6,32.6,33.7,33.5,35.1,34.1,33.8,33.8,33.8,33.8,34.2,33.3,32.3,33.0,33.2,33.6,33.6,33.4,32.9,34.2,33.7,33.9,33.5,32.3,33.9,33.3,33.5,33.5,33.2,34.1,34.0,33.8,32.7,33.5,32.4,33.3,34.9,35.4,34.9,34.1,34.3,34.3,35.4,34.0,33.5,33.4,33.5,33.2,33.8,34.0,33.9,33.7,33.6,33.5,33.1,33.8,33.3,33.4,33.5,33.4,33.7,33.7,32.5,32.5,34.4,34.2,33.5,33.5,34.5,34.5,34.3,33.8,33.7,33.7,34.1,33.1,33.2,33.1,34.1,33.9,33.5,33.3,33.2,33.0,33.5,33.6,33.7,33.6,33.8,33.8,33.2,34.1,33.6,34.2,32.7,33.3,33.7,33.5,34.0,34.3,33.7,34.2,35.1,33.9,35.4,34.3,35.0,34.6,33.0,33.8,33.1,33.8,32.6,34.2,33.3,34.2,32.9,33.8,34.1,32.7,33.5,32.7,35.5,34.2,35.3,34.1,33.6,33.0,33.8,33.8,33.8,34.5,33.8,34.6,35.0,35.0,34.5,34.7,35.2,nan,33.1,32.9,33.9,33.3,33.9,33.4,33.4,33.6,33.2,33.5,33.2,32.4,33.4,33.3,33.4,34.5,34.0,34.1,34.5,34.2,33.9,33.9,34.0,34.3,35.3,35.5,34.4,34.1,34.6,34.8,34.3,34.1,32.5,33.7,33.8,33.0,33.8,33.5,33.9,34.0,34.7,33.6,33.7,33.2,32.9,33.9,34.0,33.7,35.6,33.5,32.8,32.7,33.4,33.9,33.2,33.7,33.6,34.9,34.9,34.4,34.6,34.7,34.5,33.1,33.4,33.5,32.6,34.3,33.9,33.8,33.3,33.2,33.5,33.2,33.7,33.6,32.5,34.0,33.4,33.9,34.3,34.3,33.2,34.0,33.3,34.1,34.0,33.6,33.9,34.2,34.6,34.2,33.4,35.0,34.6,32.6,34.1,33.8,33.8,32.9,34.1,34.5,33.6,33.6,33.9,33.8,33.5,33.7,34.4,34.3,34.6,33.8,33.0,34.0,34.5,32.6,33.7,33.4,33.4,32.8,34.2,33.1,34.2,34.4,34.6,34.0,34.4,32.9,33.1,33.8,33.4,34.1,33.5,34.3,33.4,33.4,34.9,33.7,34.2,34.0,33.2,34.0,33.9,33.5,34.2,34.9,33.4,33.2,33.2,34.3,34.1,33.9,34.2,34.2,33.9,33.5,34.3,33.8,35.3,33.4,33.5,33.6,34.1,32.7,33.5,33.6,33.6,33.6,33.9,33.9,33.5,34.1,34.3,33.9,35.4,34.4,34.8,35.1,33.5,33.8,34.2,32.6,33.0,34.0,33.9,34.3,34.3,34.2,32.9,33.8,34.7,33.9,32.7,33.6,33.1,33.6,33.8,34.2,33.2,33.4,34.8,33.7,33.7,34.2,34.4,33.3,33.8,34.4,34.9,34.6
1785306775.4179907,2113,31.9,31.6,32.8,34.9,33.3,32.8,33.8,33.8,33.5,32.5,32.8,33.1,32.6,32.5,33.1,33.2,33.3,33.4,33.6,33.6,33.1,32.7,32.6,32.5,33.4,32.5,32.4,33.4,33.2,32.9,33.7,34.3,34.0,31.7,33.8,34.0,33.7,32.5,33.4,32.9,33.9,32.3,33.4,32.5,33.9,32.7,33.1,34.3,32.6,31.6,33.4,33.6,33.3,32.1,32.2,33.9,31.8,32.1,31.7,33.4,33.4,32.0,33.1,34.0,32.9,33.0,32.8,33.4,32.8,31.7,33.7,33.1,32.3,33.2,33.1,34.2,33.7,32.9,33.6,33.0,32.0,33.7,33.9,34.2,32.9,32.1,33.0,33.3,33.9,33.6,33.8,33.8,33.1,32.4,33.6,34.0,33.4,33.2,33.7,32.5,33.2,33.6,34.1,33.6,34.0,32.5,33.3,32.7,32.5,32.8,32.3,33.2,33.3,33.0,32.9,33.7,32.4,31.6,33.3,32.8,33.1,32.3,33.5,34.1,34.3,32.4,34.7,33.9,32.8,34.1,32.7,34.0,34.5,32.9,33.6,33.3,32.7,32.6,32.5,32.8,32.8,33.1,33.5,33.1,33.5,33.5,33.6,33.3,33.3,32.4,33.2,32.7,32.6,32.4,33.6,33.1,32.4,34.2,34.1,33.7,33.7,34.5,33.3,33.5,32.1,33.3,32.4,32.4,32.7,32.8,32.7,33.0,33.0,32.7,33.1,33.1,33.7,32.9,33.1,33.9,33.0,32.4,32.8,33.2,32.9,32.8,32.8,33.5,33.2,32.7,33.9,34.2,33.8,33.4,33.3,33.4,32.3,33.6,33.2,32.7,33.2,33.5,33.5,33.4,32.1,33.4,33.9,33.5,33.1,33.4,33.4,33.0,32.6,33.3,32.7,33.6,32.4,33.6,33.7,32.6,33.0,32.9,32.9,33.8,32.9,31.5,33.0,33.7,32.9,32.6,33.5,33.3,33.8,33.5,33.1,33.1,33.5,32.7,32.6,33.5,32.9,33.3,33.5,34.2,33.6,32.6,33.5,33.3,33.0,32.4,33.1,33.2,33.3,32.7,32.9,33.6,33.7,33.4,33.5,33.1,32.9,33.0,34.0,33.9,35.0,36.2,33.7,33.1,32.6,32.9,32.7,33.7,33.1,33.4,33.4,32.9,33.1,33.0,33.6,33.3,32.3,32.6,33.2,33.6,32.5,33.5,33.2,33.4,33.5,33.6,32.5,33.3,33.1,33.8,33.2,34.4,35.5,35.9,32.8,34.1,32.8,32.9,33.2,33.7,33.4,32.6,33.0,33.1,32.6,32.4,33.3,32.8,33.2,32.4,33.6,34.1,35.2,32.2,32.6,34.7,32.2,33.4,33.2,33.7,31.5,32.8,33.4,35.1,35.2,35.9,34.3,34.3,33.4,33.1,33.9,32.8,33.5,32.6,34.1,33.1,33.2,32.9,33.2,33.5,32.5,33.0,33.1,32.8,32.9,32.5,33.5,33.3,33.3,32.6,34.0,33.7,33.9,33.5,33.9,34.6,35.0,35.4,34.3,35.1,33.4,33.7,33.5,33.4,33.9,32.9,33.4,33.1,33.6,32.6,34.2,34.0,33.5,32.8,33.1,33.3,32.9,33.4,32.9,33.9,33.4,33.0,33.3,33.9,34.2,33.1,34.9,34.9,34.2,34.1,34.4,34.8,33.6,32.4,33.5,32.7,32.2,32.9,33.6,33.3,32.7,33.6,33.3,33.0,32.9,32.2,34.4,34.0,33.5,32.5,33.9,34.2,33.3,32.6,34.2,33.6,33.6,33.5,33.8,35.0,35.3,33.3,34.3,34.5,33.5,32.8,33.9,33.8,33.1,33.0,33.8,33.2,33.6,32.9,33.2,33.4,33.7,32.5,32.9,34.0,35.0,32.8,33.7,34.5,33.8,33.9,33.6,33.4,32.8,33.2,34.9,33.9,34.7,34.3,34.6,34.3,34.0,32.9,34.0,34.0,32.4,33.7,34.3,33.9,33.1,33.2,34.3,33.5,33.6,33.1,34.4,32.9,33.3,32.1,34.3,34.6,34.5,33.3,33.5,34.4,33.9,33.3,35.4,34.3,33.4,34.1,34.5,33.9,34.4,33.1,33.4,33.4,33.2,33.6,33.9,33.8,34.2,33.0,33.1,33.6,33.4,33.6,33.8,34.0,33.6,33.0,33.7,33.6,34.2,33.2,34.5,34.0,32.7,34.4,35.3,35.1,34.9,34.3,34.1,35.2,34.4,34.0,33.3,32.9,33.5,33.5,34.3,33.9,33.3,33.4,33.4,33.8,33.8,33.7,33.5,33.5,33.1,33.4,33.5,34.6,32.6,33.2,34.3,34.2,34.2,33.2,34.2,35.0,33.9,34.7,35.0,34.2,33.7,nan,33.3,33.2,33.6,32.6,33.1,33.1,33.1,32.7,32.7,34.1,32.0,33.5,33.3,33.5,33.1,33.0,33.5,33.9,33.2,33.2,34.1,34.4,32.9,33.8,35.4,35.9,34.4,33.8,34.6,34.0,33.8,33.5,33.1,33.7,33.0,32.7,33.3,34.4,32.8,32.9,33.4,32.9,32.5,33.8,33.8,34.4,34.0,34.1,34.8,33.9,33.5,33.5,34.1,33.7,33.7,32.8,34.2,34.9,33.9,34.2,35.0,34.3,34.3,34.2,34.1,34.0,33.3,33.0,33.6,34.3,34.1,33.7,33.4,34.2,33.6,32.4,34.6,33.8,32.8,33.0,33.1,34.5,33.9,33.8,34.5,34.4,33.6,33.8,34.2,34.8,34.1,33.4,34.4,34.7,33.4,33.0,33.4,33.7,34.0,33.3,33.5,33.8,33.2,32.8,33.9,34.0,32.5,33.2,34.6,33.8,34.8,33.5,34.3,33.9,33.9,32.9,33.6,34.3,33.7,32.6,32.8,33.9,34.4,35.8,34.7,35.2,34.0,33.6,33.6,34.3,33.8,33.4,33.8,33.9,34.4,34.2,32.5,34.1,32.6,33.8,33.4,34.6,33.0,33.3,36.0,34.3,33.6,33.8,34.0,35.0,34.3,33.2,34.2,34.5,34.1,33.4,34.4,33.8,34.4,33.8,33.0,33.3,32.8,33.8,33.5,33.6,34.1,33.1,33.7,33.9,34.6,33.6,34.7,34.5,33.9,33.6,34.5,35.2,33.8,33.3,33.6,34.1,33.9,33.6,33.0,35.0,33.3,33.5,34.2,33.4,33.3,33.3,34.0,33.2,32.6,33.6,33.5,34.0,34.7,33.2,33.8,34.1,33.0,32.9,34.8,34.4,34.4,34.0,34.8,35.3
1785306777.6767123,2114,34.0,32.7,33.6,33.4,34.4,32.8,34.0,34.4,32.9,33.5,32.4,33.5,33.9,31.9,33.1,34.3,32.8,31.9,32.9,32.7,32.7,33.3,32.8,32.5,32.8,32.9,33.7,34.3,34.1,32.2,33.5,33.7,32.9,32.2,33.3,33.7,31.7,32.7,32.9,32.7,32.7,32.9,33.7,33.3,32.4,33.6,32.9,33.6,33.1,33.4,33.0,34.0,32.3,33.2,32.4,33.7,33.0,33.5,32.8,33.2,34.3,32.6,34.8,33.7,32.9,32.5,33.9,33.6,33.2,33.1,34.3,32.5,33.8,32.4,33.5,33.4,32.3,32.4,32.9,32.6,33.6,33.0,32.5,33.5,33.1,31.8,33.7,33.1,33.1,32.3,32.5,33.1,33.9,32.2,33.3,33.7,32.9,33.7,32.5,33.8,32.8,34.0,33.3,34.2,33.0,33.9,34.0,33.4,31.4,33.8,32.8,32.6,32.8,33.4,32.5,33.5,32.9,33.7,33.3,32.2,32.5,33.6,32.5,33.7,33.7,32.4,34.7,33.7,34.2,32.7,33.6,33.5,33.3,32.9,33.6,34.3,33.4,33.5,33.5,33.7,33.1,32.6,33.8,33.4,33.4,32.1,33.3,32.9,33.8,32.9,32.9,34.1,33.3,31.7,32.3,32.7,33.2,33.1,33.0,33.3,33.7,33.4,33.5,33.8,32.7,33.5,33.6,33.2,32.5,33.7,33.2,33.2,32.8,33.1,32.6,33.5,33.2,33.1,33.1,33.3,32.8,32.7,32.8,32.8,33.2,32.8,33.2,34.0,32.2,32.5,33.4,34.8,34.3,33.2,34.1,33.2,33.8,33.6,33.7,33.3,33.6,33.0,32.6,33.9,33.4,32.6,33.2,33.5,33.0,32.4,33.7,33.5,33.9,32.5,33.3,33.3,32.4,32.9,33.4,33.0,33.5,34.0,34.2,33.6,33.4,32.8,33.4,33.9,32.3,33.6,33.9,34.0,33.6,33.7,32.2,33.8,32.1,33.1,33.0,33.3,32.5,33.3,33.4,33.8,32.9,32.6,33.3,32.4,33.1,32.1,33.7,33.0,32.5,33.8,33.7,34.4,33.7,33.2,34.3,33.9,32.9,32.5,33.6,34.6,36.5,34.2,34.3,33.7,33.1,33.2,33.8,34.0,33.0,32.7,33.1,33.7,33.1,32.9,33.1,33.0,32.3,32.1,32.3,32.5,33.0,33.0,33.8,33.6,32.6,32.9,32.7,33.7,32.4,33.8,33.4,34.0,35.3,36.2,33.1,33.1,32.8,33.0,32.9,33.4,33.1,33.7,33.4,33.4,32.8,33.9,33.3,33.2,32.2,33.3,34.3,33.1,32.0,32.6,33.6,32.6,34.1,33.4,33.0,33.1,32.8,32.6,33.9,33.7,35.4,35.6,33.8,34.0,33.6,33.2,33.9,33.2,33.0,32.3,33.1,33.4,33.8,32.2,33.6,33.3,33.3,32.6,34.0,34.0,33.8,32.8,33.9,32.5,33.1,33.0,34.0,33.9,33.0,34.7,33.6,34.8,34.5,36.2,34.7,35.3,33.1,34.0,32.9,33.1,32.7,33.1,32.6,33.4,33.3,32.9,32.7,33.2,32.8,33.5,33.8,33.1,32.9,33.7,33.6,33.7,33.1,32.4,33.3,34.1,33.8,33.3,35.0,34.4,34.9,35.3,35.0,34.6,33.8,33.8,33.6,33.7,33.8,33.1,33.1,33.9,32.8,33.2,33.4,33.5,33.4,31.7,34.0,34.2,34.0,32.8,33.9,33.1,32.5,33.2,33.0,33.2,32.3,33.8,34.8,34.1,34.5,34.1,34.5,34.5,33.9,33.8,33.8,33.3,33.0,33.8,33.9,34.2,32.6,33.4,33.7,33.0,33.0,33.5,32.7,33.4,33.8,32.8,33.5,33.7,33.8,34.5,33.6,34.3,34.2,33.0,35.0,35.3,33.4,33.8,34.9,33.4,34.8,33.5,34.1,33.9,33.0,32.7,33.6,34.2,33.1,32.9,33.8,33.3,33.8,32.1,33.7,33.9,34.2,33.6,33.3,33.5,33.6,34.1,33.5,34.0,33.1,33.3,35.3,34.5,33.4,34.1,33.7,34.3,33.8,34.1,33.6,33.9,33.3,33.4,32.7,33.5,32.6,33.6,33.4,33.7,32.3,33.8,33.3,33.5,33.2,33.2,34.6,33.0,34.0,32.6,33.7,34.0,34.2,32.4,34.5,35.0,35.1,34.8,34.9,34.7,34.7,33.8,33.6,33.1,33.3,33.5,33.5,34.7,33.3,33.4,33.9,34.2,33.9,33.5,33.5,33.7,34.8,33.4,35.5,34.1,33.7,33.0,34.0,34.2,33.5,33.4,34.3,33.9,34.2,34.7,34.1,35.2,32.8,nan,33.1,33.6,32.8,33.4,33.4,33.3,33.1,33.6,33.4,33.7,32.7,32.9,33.7,33.7,33.1,33.5,33.3,34.1,34.7,32.6,33.9,33.8,33.1,32.9,34.5,36.0,34.1,34.3,34.4,35.3,35.3,33.5,33.3,33.5,32.8,33.0,33.1,33.5,33.8,32.9,34.6,35.0,33.0,32.0,33.7,33.4,33.4,32.8,35.0,34.1,33.0,34.0,33.7,33.7,33.1,34.5,34.9,35.8,34.1,35.0,34.4,35.5,34.0,34.9,33.6,33.4,33.5,34.6,34.1,33.5,32.5,33.4,33.7,33.3,32.3,33.3,34.2,33.4,33.2,33.9,34.1,34.1,34.6,34.1,34.1,33.7,33.6,33.0,33.7,34.5,35.3,33.8,34.4,35.5,34.8,33.0,33.2,33.8,33.6,32.5,33.4,34.2,34.6,33.7,34.1,32.5,34.1,33.2,34.2,33.2,34.4,33.5,34.3,34.7,33.2,33.7,34.0,34.3,32.7,34.1,33.9,34.9,34.1,34.0,34.0,34.5,33.3,34.4,31.2,33.9,32.9,33.4,33.9,34.4,32.6,34.0,33.9,33.5,33.0,33.6,33.0,34.4,33.0,34.7,34.3,35.1,33.1,34.2,34.0,34.8,34.3,34.2,33.2,33.7,34.3,33.4,34.1,34.0,34.3,32.7,34.1,33.1,33.5,33.3,34.4,34.2,33.7,32.8,34.6,33.0,33.7,32.0,33.5,34.1,34.5,34.2,34.3,35.6,33.1,34.0,33.3,33.7,32.7,32.6,34.3,33.9,33.8,35.1,35.1,34.3,33.5,34.8,34.0,33.6,33.3,33.6,33.1,34.2,32.2,33.7,33.7,34.1,33.0,33.5,33.8,34.2,33.6,35.0,33.9,35.3
1785306780.2176166,2115,33.4,32.4,34.7,34.0,32.3,33.0,33.7,32.9,31.8,33.3,33.5,33.3,33.0,33.0,32.6,33.4,31.7,32.3,33.0,33.2,32.8,32.5,33.8,33.3,33.3,33.1,34.0,33.0,34.4,32.7,32.6,34.3,33.8,33.4,32.9,33.1,33.3,32.6,34.2,32.6,33.1,32.4,33.0,32.6,32.8,32.9,33.8,31.8,33.0,32.1,33.1,32.8,32.7,32.4,33.4,33.4,32.4,32.2,34.5,33.1,33.6,32.1,33.4,33.9,33.3,33.0,32.7,34.3,32.9,33.6,33.6,33.9,32.7,32.4,33.6,34.2,32.5,32.2,33.1,33.0,33.5,33.5,33.4,32.5,32.6,33.2,33.4,32.6,33.6,33.2,33.8,34.0,32.5,32.5,33.2,34.9,33.0,31.9,33.5,32.6,32.4,32.2,33.1,32.5,32.9,32.9,33.7,33.5,32.5,32.3,33.5,33.2,32.8,33.2,33.2,33.6,32.7,32.7,32.8,32.6,32.6,33.1,33.1,33.0,33.3,32.3,33.8,34.4,33.2,32.7,32.8,34.2,34.0,32.9,33.5,33.5,33.6,32.9,34.0,33.5,33.9,33.4,33.0,33.8,33.4,33.3,33.0,33.8,32.7,32.9,32.9,32.5,34.0,33.9,32.0,33.5,33.7,32.7,33.8,34.2,33.0,32.3,33.1,33.6,33.3,33.0,33.2,32.3,32.7,32.5,33.2,33.6,33.0,33.1,33.1,34.5,33.3,33.0,34.3,32.5,33.2,32.9,33.2,33.4,32.7,33.5,32.5,33.3,33.6,32.8,33.2,34.1,32.3,33.5,33.4,34.4,32.4,32.6,32.9,33.3,32.4,33.5,32.5,32.6,33.1,33.1,33.6,33.3,32.7,33.2,33.3,33.2,33.3,32.3,33.1,33.1,33.2,32.9,32.9,34.1,33.4,33.3,33.0,33.0,32.9,33.3,34.1,33.3,33.3,33.6,33.5,33.7,34.5,33.9,33.4,33.5,33.1,32.5,33.2,33.4,32.8,32.6,32.7,33.1,32.9,32.7,33.5,33.3,33.0,33.2,33.9,33.2,32.7,32.1,33.1,33.9,33.1,34.4,34.8,33.3,32.3,33.2,34.0,34.8,35.7,36.0,33.2,33.1,33.0,33.2,33.2,33.3,32.5,32.4,32.8,34.0,33.8,32.6,33.5,33.7,32.2,32.6,32.9,33.4,33.1,32.6,32.1,33.6,32.7,32.8,33.8,33.6,33.1,33.1,33.9,34.1,36.3,34.8,34.6,33.2,32.9,33.1,33.4,33.1,32.6,33.5,33.9,33.6,33.4,32.6,33.0,33.2,32.8,33.0,33.8,33.7,33.5,32.8,34.2,34.9,32.5,34.5,33.5,33.5,33.0,34.2,32.9,34.1,35.4,35.6,34.2,34.8,33.0,32.9,33.5,33.9,33.2,33.1,33.5,34.0,33.0,33.7,33.1,33.3,32.5,33.3,33.0,32.6,34.3,33.2,33.0,32.1,33.9,32.2,34.0,33.0,33.2,34.6,33.8,34.6,35.0,35.6,34.5,34.5,32.7,32.9,33.5,33.3,33.3,32.8,33.1,33.9,33.4,33.4,33.0,32.9,33.2,33.5,33.8,33.0,32.9,32.3,33.9,33.8,33.2,33.0,33.5,34.1,33.3,33.5,34.1,35.3,34.9,34.3,34.1,35.7,33.8,32.9,34.0,34.4,33.5,33.6,33.3,34.2,33.4,33.1,33.8,33.5,33.3,33.5,33.5,33.6,32.6,33.6,32.8,33.8,32.9,33.3,33.3,33.1,33.6,33.5,35.9,34.3,33.7,34.0,34.4,34.5,33.0,32.4,33.4,33.5,33.4,32.7,33.5,33.1,32.8,33.3,33.3,32.9,33.2,33.0,34.0,34.4,33.6,33.2,33.7,33.4,34.1,32.8,33.5,33.9,34.3,33.5,34.2,34.8,33.8,34.6,33.3,34.8,34.8,33.4,34.1,34.0,33.4,33.4,32.7,33.4,33.3,33.2,34.3,33.3,32.6,33.5,33.4,34.1,32.8,33.6,33.0,34.0,33.2,33.6,33.7,33.5,33.5,33.4,35.4,34.9,33.2,33.5,34.2,33.6,33.6,33.8,33.4,33.2,33.6,33.3,33.4,33.8,33.6,33.3,34.4,33.9,32.7,32.8,33.1,34.1,33.6,33.3,34.5,34.1,32.6,32.6,33.7,34.0,33.5,34.0,34.8,34.3,34.3,34.5,35.0,34.8,33.5,33.4,33.2,33.7,32.5,33.2,33.8,34.0,33.6,33.6,33.8,34.0,33.6,33.1,33.2,33.7,33.5,33.0,35.2,34.6,32.6,33.5,34.1,33.9,33.7,33.4,34.2,33.3,35.1,34.4,34.7,35.2,34.3,nan,33.4,33.4,32.3,32.8,33.4,33.5,33.0,33.9,33.9,32.9,33.2,33.3,34.2,33.7,33.3,32.6,33.1,34.0,33.7,33.4,33.4,34.0,32.9,33.9,34.4,36.1,34.5,34.0,33.3,35.0,33.9,33.7,33.5,33.9,33.7,33.4,33.8,33.7,33.0,33.7,33.6,33.6,32.7,33.3,33.5,34.0,32.9,34.3,33.4,33.7,33.5,33.6,33.7,34.0,33.7,33.4,35.3,34.6,33.8,34.6,34.6,34.9,33.8,33.6,33.0,34.3,33.5,32.3,34.1,33.5,33.6,33.8,32.7,33.4,33.4,33.8,33.6,33.7,32.9,33.0,33.9,33.6,34.5,33.9,33.6,35.6,33.7,34.0,33.2,35.0,33.6,35.2,34.0,35.2,34.7,33.2,33.6,34.0,33.5,32.0,33.1,33.2,33.4,33.0,34.9,33.8,33.8,34.0,33.7,32.4,34.3,33.9,33.5,34.3,34.4,32.3,34.6,34.3,33.7,33.4,33.9,33.7,34.1,34.1,34.2,34.6,34.7,33.3,34.7,32.6,33.6,32.8,34.1,34.0,33.8,34.1,33.9,33.2,33.9,33.3,33.4,33.5,33.4,34.1,33.6,34.6,32.6,32.6,33.2,34.1,32.8,34.2,34.5,34.5,34.7,34.3,35.0,33.8,34.1,33.4,32.9,33.8,32.9,33.1,33.8,34.0,33.1,32.4,33.6,33.6,34.3,34.3,35.4,34.9,34.6,34.2,33.5,35.6,34.8,33.6,34.9,34.9,33.7,32.2,34.2,34.5,34.2,33.9,33.3,33.1,33.7,33.6,34.2,32.7,33.0,33.0,33.3,33.3,33.6,33.8,33.4,33.8,34.0,32.6,32.2,33.7,33.6,34.1,33.9,35.6
1785306781.9637218,2116,34.7,33.5,34.0,34.7,34.3,32.5,33.3,33.1,33.8,32.7,32.5,33.7,33.7,32.3,33.0,33.6,31.2,33.2,33.2,33.0,33.9,31.7,32.9,32.7,33.5,33.5,33.3,32.7,34.2,33.8,33.6,33.2,33.7,33.4,34.6,33.4,34.6,32.8,33.6,33.6,32.9,33.6,33.4,33.2,33.3,33.7,33.6,33.5,33.7,32.6,33.4,33.7,33.1,32.7,32.8,33.8,32.8,32.4,33.4,33.5,33.2,33.9,33.4,33.6,33.5,33.0,33.8,34.1,33.1,34.0,33.0,33.9,32.7,32.6,32.1,32.9,32.9,33.1,33.1,33.8,33.0,33.8,33.3,32.8,33.0,33.2,33.2,33.3,33.7,33.6,33.7,33.1,33.4,33.3,32.5,36.0,32.9,34.3,33.2,33.3,33.8,33.9,32.9,34.3,33.2,33.3,32.4,33.1,33.4,33.4,33.0,32.9,34.5,33.4,33.0,32.9,33.6,33.2,32.8,33.0,33.8,33.7,33.1,33.2,33.3,34.2,33.6,34.0,33.9,33.8,33.0,34.4,32.0,34.2,33.1,32.8,33.8,34.2,34.0,32.8,33.4,32.9,33.2,33.2,33.4,32.8,34.2,34.1,33.2,33.1,33.5,33.9,33.7,32.6,33.1,33.9,33.3,33.5,34.0,34.2,33.3,33.7,33.3,34.1,33.9,33.4,33.2,34.0,34.3,33.2,33.2,32.7,33.1,33.3,33.1,33.7,33.7,32.8,34.5,34.0,33.5,33.0,33.0,33.6,33.4,33.7,32.6,33.2,33.2,34.2,33.9,34.5,33.2,32.6,34.6,34.2,33.3,32.6,33.8,32.7,32.4,33.7,32.3,33.4,32.5,33.3,33.0,33.6,33.4,32.9,32.8,33.2,33.6,33.2,33.2,33.8,33.4,32.7,33.3,33.3,33.8,33.3,33.7,33.6,34.0,33.8,34.9,33.3,32.7,33.4,34.2,33.4,34.1,34.4,33.2,32.7,33.2,33.0,33.2,32.9,33.7,33.2,32.9,33.2,33.4,33.2,33.3,34.2,32.8,33.7,33.7,33.3,33.3,33.1,33.3,33.5,33.8,34.0,34.2,33.9,33.4,33.2,33.1,34.4,35.2,36.0,34.1,33.6,32.7,33.3,33.7,33.3,33.7,33.5,32.8,33.5,33.2,33.2,33.3,32.1,33.4,33.0,34.0,32.5,34.0,33.3,33.7,33.2,33.3,33.5,34.2,33.4,33.5,33.7,33.9,33.2,35.0,35.6,33.3,32.8,32.7,33.9,33.7,33.9,33.7,33.6,33.2,33.7,32.6,33.9,33.5,33.7,32.8,33.2,34.1,34.4,33.5,33.8,33.6,34.3,33.8,34.2,33.3,33.9,33.8,33.1,32.9,34.1,35.2,34.6,34.6,33.8,33.5,32.9,33.6,33.5,33.4,33.5,34.0,33.5,33.4,33.2,33.1,33.5,33.9,33.0,33.0,33.7,34.3,33.4,34.4,32.5,34.1,33.7,33.0,34.0,33.5,34.1,33.9,34.5,35.3,35.6,34.7,34.9,33.8,33.7,33.9,33.6,33.6,32.8,32.6,33.8,33.4,34.2,32.8,33.9,32.8,34.1,32.7,33.9,33.8,33.1,32.9,33.4,33.5,32.8,33.3,34.5,33.5,33.8,33.7,35.7,34.3,34.6,34.9,34.8,34.0,32.6,32.7,34.0,34.2,33.9,33.5,32.9,33.7,33.9,33.7,33.5,33.6,33.0,33.5,33.4,34.6,33.2,33.4,33.1,34.0,33.3,33.4,33.3,33.6,34.4,35.2,34.3,34.3,35.1,35.3,35.3,33.3,33.8,33.1,33.6,33.3,33.8,34.2,33.4,33.7,33.8,33.9,33.3,33.2,33.6,34.3,32.8,33.8,33.3,34.6,33.8,34.7,33.6,33.3,33.5,33.4,34.0,34.4,35.8,34.9,34.1,34.5,34.5,33.5,33.5,33.4,33.5,32.8,33.1,33.5,34.0,33.8,33.4,33.3,33.5,33.3,33.3,33.7,33.4,33.9,32.9,34.4,33.9,34.1,33.2,32.9,33.7,33.3,33.6,33.8,34.0,34.2,34.3,33.2,33.6,33.6,32.8,34.2,32.4,33.9,34.0,33.9,34.9,33.4,33.3,33.6,34.3,33.4,33.4,33.8,34.1,34.0,33.8,34.2,33.7,33.3,33.8,33.2,34.4,33.9,33.5,33.0,33.9,35.1,35.1,34.5,34.5,33.8,33.4,33.5,33.9,33.0,32.6,32.5,33.4,32.8,32.7,33.7,33.5,34.0,34.2,33.7,33.3,34.1,33.2,33.8,33.9,34.3,33.5,33.9,33.1,34.2,34.2,34.3,34.3,36.6,34.9,33.7,34.6,33.5,nan,33.7,34.3,33.6,33.8,33.4,33.3,33.4,33.8,33.9,33.8,34.1,33.7,33.7,33.5,34.2,33.0,34.9,35.0,34.4,33.2,34.0,34.4,34.5,33.1,33.5,34.6,34.1,34.6,34.5,34.0,33.7,33.5,33.5,34.3,33.8,34.0,33.8,33.9,33.3,34.0,34.3,32.6,33.3,32.9,34.8,33.6,33.5,33.2,33.8,33.3,34.1,33.8,33.7,34.4,33.5,33.1,34.2,34.2,34.8,34.9,34.4,34.9,34.3,33.3,34.1,33.8,33.3,34.1,33.0,34.7,34.3,34.1,33.1,33.4,33.2,34.4,33.3,34.6,34.0,33.2,33.3,34.6,34.7,33.4,33.6,34.6,32.7,33.6,33.4,34.1,34.7,34.1,34.0,35.2,34.0,33.7,32.9,33.3,33.7,34.3,33.6,33.5,34.7,33.3,33.6,33.4,33.8,33.4,33.9,34.4,35.1,34.3,35.2,35.2,33.9,34.7,33.3,34.2,34.6,34.4,33.7,34.5,35.1,35.1,33.1,34.6,34.0,34.5,34.3,33.7,33.8,33.8,33.9,34.0,34.1,33.9,34.1,33.2,34.4,33.7,34.5,34.6,33.6,33.3,34.1,35.7,32.6,33.5,32.6,35.0,33.8,33.8,33.1,33.9,34.5,34.0,33.2,35.2,33.4,33.6,34.3,33.1,33.6,32.8,33.4,34.2,34.5,34.0,33.0,33.7,34.5,34.5,33.2,33.7,34.0,34.0,35.1,34.0,33.1,33.7,33.8,34.0,34.1,34.8,33.6,33.6,34.6,34.1,34.2,33.6,35.1,34.4,34.0,33.6,35.0,33.7,33.8,34.2,33.4,33.3,33.6,34.2,33.0,34.5,34.2,33.9,34.0,34.9,34.3,33.8
1785306783.9694474,2117,32.9,32.4,34.1,33.7,32.6,32.1,34.2,33.1,32.9,33.2,33.2,33.9,32.7,33.2,33.4,34.5,32.2,32.8,33.8,33.8,32.7,33.0,32.6,32.5,32.7,32.5,32.8,34.0,33.4,32.4,33.9,33.7,33.7,33.5,32.1,33.2,33.7,32.9,32.9,33.1,32.7,33.3,33.1,33.7,33.6,31.9,32.8,32.8,32.9,32.3,33.6,33.6,32.9,32.5,33.4,33.3,32.8,32.7,33.4,34.1,33.1,32.8,33.6,33.7,34.4,33.0,34.4,33.4,33.4,32.5,33.1,33.2,33.2,32.2,32.7,32.9,33.0,33.1,32.7,32.0,32.9,33.0,33.2,32.4,32.5,33.3,32.8,33.8,33.5,33.0,33.1,34.3,33.3,32.2,33.3,33.9,33.2,32.9,33.2,33.8,32.3,33.1,33.5,32.8,33.0,32.1,33.4,33.8,32.5,32.9,33.0,32.8,32.6,33.0,34.1,33.5,33.0,32.3,33.1,33.5,33.6,33.2,33.3,33.7,33.9,33.4,33.5,34.3,33.3,33.1,33.1,32.8,33.1,33.2,33.6,32.9,33.0,32.9,33.5,33.5,32.8,33.4,33.8,32.9,33.0,32.6,32.9,32.6,32.6,32.7,33.9,33.5,32.4,33.3,34.4,33.1,33.2,32.7,33.7,34.1,32.1,32.7,32.9,34.6,32.9,33.3,33.0,32.6,33.2,32.9,33.5,32.5,32.9,33.4,33.1,32.9,32.8,32.9,33.1,33.2,33.1,33.2,32.6,33.3,32.5,32.2,33.0,33.4,32.6,32.7,32.8,33.9,34.2,33.4,34.3,33.6,32.9,33.0,34.1,33.8,33.6,33.1,33.8,32.9,32.7,32.9,33.1,33.0,33.1,33.8,32.2,33.3,32.9,32.8,32.3,32.9,32.6,33.2,33.7,32.7,32.6,33.6,32.9,34.4,33.6,32.8,34.2,33.8,32.7,33.2,32.6,32.9,34.4,33.5,32.7,33.4,33.7,32.5,33.7,33.2,32.8,33.2,34.0,33.8,32.7,33.3,33.3,33.4,33.1,33.4,33.7,34.1,33.1,33.2,33.1,34.2,32.6,33.8,34.7,33.8,32.9,33.5,32.5,33.3,34.8,34.9,32.8,33.6,32.0,32.9,32.6,33.3,33.4,33.4,32.6,32.5,33.4,32.5,33.1,33.4,33.7,31.7,33.0,33.7,32.8,33.5,33.6,33.0,33.9,33.5,34.1,33.7,34.4,33.4,33.2,33.7,35.8,35.0,33.3,32.4,32.9,33.0,32.5,32.9,34.0,33.8,33.3,33.7,33.4,32.7,33.5,33.0,33.6,31.7,33.0,34.1,33.5,32.7,33.4,33.6,33.0,33.4,34.2,32.6,33.1,32.9,33.9,33.9,35.7,35.1,34.5,34.1,32.6,32.6,34.4,33.8,32.7,32.6,32.9,32.4,32.8,33.0,33.0,33.1,32.5,32.6,33.1,33.3,33.8,33.0,33.7,33.1,32.8,33.0,34.2,33.7,33.3,32.9,33.9,35.6,35.0,34.6,35.0,35.1,34.4,33.0,33.5,34.2,33.6,33.7,33.2,33.2,33.1,33.0,32.5,33.5,32.5,33.0,33.4,33.8,33.4,32.6,33.8,34.5,31.6,33.4,33.2,33.3,33.6,34.2,34.7,35.2,34.5,34.9,35.2,34.7,34.1,33.5,33.0,33.5,33.0,32.4,33.1,33.5,33.5,33.5,33.3,33.0,33.5,32.3,32.7,34.3,32.5,32.6,33.5,34.5,33.7,32.6,34.0,32.6,33.6,34.7,34.8,34.9,34.3,34.4,34.5,34.9,34.2,34.2,34.4,34.1,33.4,33.3,33.3,33.4,34.0,33.0,33.5,33.7,32.8,32.3,33.8,33.6,32.8,33.2,33.0,34.3,33.8,34.2,33.4,33.1,33.8,33.8,34.3,34.5,33.9,33.9,34.6,34.0,33.6,34.3,34.4,32.9,32.9,33.8,33.4,34.3,32.6,33.0,33.6,33.3,33.6,33.1,34.2,33.2,32.5,32.7,33.7,34.3,33.8,32.7,34.4,33.8,34.0,34.5,34.4,34.1,33.5,33.6,33.7,34.0,33.3,33.1,35.5,34.2,33.1,33.2,34.8,33.9,33.2,33.1,33.9,34.0,33.8,33.3,33.8,34.2,32.9,32.8,34.2,34.2,33.6,33.2,33.6,32.4,33.4,33.6,33.3,33.4,34.5,34.6,34.9,34.3,33.1,33.5,34.9,34.3,33.0,32.4,33.8,33.5,32.9,32.7,33.4,33.8,33.1,33.1,32.9,32.7,34.6,33.3,33.5,34.1,33.6,33.2,33.0,34.4,34.4,33.5,33.6,34.1,34.5,35.0,34.2,34.0,33.6,nan,33.4,34.3,33.3,33.6,32.7,33.9,33.1,33.4,33.7,34.0,33.4,32.6,34.2,34.2,34.4,32.9,34.4,34.7,33.2,33.0,33.9,34.1,33.2,33.4,33.6,33.5,34.6,34.1,34.6,34.8,32.6,32.8,33.5,33.8,34.1,33.5,33.7,34.2,33.9,33.4,33.7,34.3,33.0,33.1,33.3,33.6,33.9,33.3,34.3,34.5,33.0,32.9,33.4,33.5,33.6,33.0,33.6,34.1,33.9,34.7,34.4,34.3,33.0,32.9,33.6,33.9,33.3,32.1,33.8,33.3,33.4,32.7,33.5,33.7,33.0,32.9,33.4,33.4,33.2,32.7,33.9,33.9,34.6,34.2,34.5,34.7,33.2,34.0,33.6,34.3,33.5,34.3,33.9,35.0,34.9,33.2,34.1,34.2,33.8,33.5,33.7,33.6,33.9,33.3,34.6,33.1,32.6,33.9,34.0,34.1,33.6,34.6,33.8,35.1,33.9,32.6,34.6,33.6,33.5,33.5,33.1,34.4,34.2,34.4,33.6,34.1,34.3,33.5,33.9,33.6,33.4,33.0,34.2,33.7,33.6,33.2,31.9,34.0,33.5,33.4,33.2,34.1,33.3,33.4,33.8,35.3,34.0,34.7,34.5,33.2,33.5,33.3,34.2,33.7,33.9,34.7,34.1,34.1,34.2,33.6,34.2,34.8,33.3,34.1,33.1,33.4,33.2,33.1,34.4,34.3,33.3,33.5,33.9,33.7,34.1,33.4,34.5,34.7,33.6,33.1,34.6,34.5,32.2,34.1,33.7,34.6,34.3,33.7,33.8,35.0,34.7,34.3,34.5,33.2,33.3,32.7,34.3,34.7,33.2,33.7,34.3,33.9,33.6,33.1,34.6,33.6,33.8,33.1,33.9,34.3
1785306786.122043,2118,34.2,34.3,33.7,32.4,32.9,33.4,33.0,33.4,32.6,33.7,32.3,32.6,33.2,32.7,32.6,33.8,33.2,32.3,33.7,33.6,33.0,32.5,31.7,33.5,33.7,32.7,33.8,32.8,32.8,32.6,32.6,33.0,34.2,33.4,33.3,33.8,32.9,34.3,32.1,33.0,33.3,33.0,32.4,33.0,33.9,33.3,32.7,33.1,33.2,32.8,33.1,33.9,33.8,32.9,33.8,33.4,33.0,34.0,33.8,33.5,33.4,32.3,32.9,34.4,33.5,33.7,34.1,33.2,33.5,32.5,33.0,33.1,32.7,33.8,31.9,32.4,32.5,33.0,32.2,32.6,32.8,33.2,32.6,33.0,33.5,33.9,33.0,33.5,33.0,34.2,31.8,33.4,33.4,32.2,33.5,33.7,35.1,33.6,33.0,33.0,33.2,34.1,33.0,33.3,33.3,33.6,32.6,33.1,32.9,33.4,32.3,33.6,33.0,33.6,33.8,33.4,33.8,32.5,33.9,33.2,33.5,32.6,31.3,32.6,33.9,33.1,33.6,33.5,33.4,33.8,33.2,33.1,34.4,33.1,33.5,32.4,32.5,33.1,32.9,33.0,33.0,33.6,33.3,33.3,33.6,33.7,32.3,33.8,33.1,33.0,32.2,33.1,32.8,32.3,33.3,33.5,32.9,33.1,34.0,34.6,32.6,33.5,32.9,33.0,35.5,32.4,32.6,33.3,33.3,33.4,32.5,32.5,32.7,33.0,33.3,33.0,33.2,33.8,33.5,33.5,33.0,33.4,32.2,33.1,33.4,32.8,33.0,33.7,33.4,32.4,33.2,33.6,34.1,32.5,33.2,33.8,32.6,34.0,33.1,32.8,33.5,33.2,32.0,33.6,32.6,33.6,32.6,33.2,33.0,32.4,32.8,32.6,33.8,32.9,32.5,33.0,33.7,33.3,33.4,32.8,33.2,33.9,32.2,31.7,32.5,34.9,32.2,34.3,33.7,32.7,33.2,32.8,34.3,34.1,33.0,33.0,33.1,32.9,32.8,33.7,33.3,32.9,32.9,32.8,33.6,32.2,32.7,33.8,33.2,32.6,33.2,32.7,33.3,33.5,33.6,33.2,33.6,33.6,33.2,32.5,33.0,32.5,32.8,34.3,35.9,35.9,33.6,33.1,33.0,32.6,32.7,33.9,33.2,33.7,33.8,32.4,33.5,32.8,34.1,32.8,33.2,33.2,33.1,32.9,33.7,33.6,33.3,33.6,34.3,34.3,34.4,33.0,34.1,33.7,33.4,33.6,35.9,36.1,32.7,33.5,33.6,32.6,33.4,33.9,33.1,33.4,33.7,33.6,33.9,33.1,33.5,34.1,34.2,33.5,33.3,33.3,33.6,33.2,33.4,34.3,33.1,33.6,33.1,33.1,33.2,33.7,33.5,33.4,35.6,35.1,33.9,34.0,33.3,33.9,32.7,33.4,33.0,33.9,33.5,33.3,33.5,33.6,33.4,33.1,32.9,33.9,33.2,32.6,32.8,32.9,33.4,33.1,33.7,33.3,32.4,33.6,34.3,33.9,34.0,34.6,35.9,35.8,34.4,35.0,34.0,33.1,33.3,32.9,33.7,33.6,33.4,32.9,34.0,33.4,33.7,33.2,33.0,33.5,33.3,33.3,32.6,32.7,32.7,33.6,33.0,33.6,33.5,33.1,33.7,32.8,35.3,35.1,35.3,35.6,34.6,34.2,35.4,34.1,33.0,33.4,32.6,33.1,32.8,32.5,33.5,33.0,33.0,33.4,33.4,33.6,33.2,33.8,33.0,33.6,33.0,33.8,33.5,32.9,32.9,33.2,33.6,34.1,34.4,34.2,35.5,34.3,34.6,34.8,34.6,34.3,33.6,33.6,33.3,33.0,33.7,32.6,33.5,33.0,34.0,33.8,33.5,33.4,32.8,33.3,33.8,33.4,34.1,34.2,33.0,34.1,33.7,34.5,33.7,34.9,34.6,34.4,34.4,34.7,34.1,33.2,33.3,34.4,34.9,34.4,33.6,33.4,33.0,33.9,33.6,33.3,33.3,33.4,33.6,33.0,33.2,32.9,32.6,33.3,34.8,34.2,32.8,33.8,33.5,33.5,35.1,34.3,33.2,34.2,33.9,33.8,34.1,33.1,33.8,34.1,34.1,34.0,34.0,33.3,33.6,34.3,33.0,33.3,33.5,33.4,33.6,33.4,33.7,33.3,34.2,34.2,34.1,33.3,33.7,33.6,33.2,33.4,34.4,33.5,33.2,34.1,35.4,34.7,34.8,34.5,33.3,33.4,33.6,34.1,34.0,33.9,33.0,33.9,33.6,32.9,32.8,33.5,33.3,33.9,33.4,33.0,33.5,34.3,33.8,34.2,32.8,32.9,33.7,34.1,35.3,33.4,34.2,33.6,35.3,35.6,33.1,34.7,33.4,nan,33.0,34.1,34.0,33.6,32.7,34.6,33.7,32.9,33.3,33.2,33.8,32.5,34.2,33.5,33.9,33.2,33.7,33.8,33.1,34.1,34.0,33.0,34.3,33.9,33.2,34.5,34.8,34.8,34.0,33.9,33.7,33.4,33.5,33.1,32.9,33.4,33.3,32.8,33.5,34.1,33.4,34.0,33.2,34.2,33.2,34.4,34.4,34.1,34.6,33.5,33.5,34.0,33.5,34.4,33.3,33.2,33.5,34.4,35.3,35.1,34.8,35.1,34.1,33.6,33.5,32.6,33.5,33.5,33.2,33.3,33.7,33.6,32.8,34.6,35.0,34.0,33.9,33.9,33.8,33.0,34.0,34.8,33.3,34.1,32.5,33.9,34.3,33.8,35.0,34.3,33.8,35.0,34.5,34.7,34.5,34.1,33.3,33.0,34.0,33.2,32.4,33.0,33.6,33.9,33.8,32.9,33.6,34.0,33.1,33.4,33.7,33.7,34.6,34.7,34.2,33.6,33.4,32.5,34.1,33.6,33.8,34.1,34.8,35.1,34.0,34.6,34.5,34.1,33.7,33.5,34.0,33.4,34.3,33.6,34.3,33.8,35.5,32.7,33.9,33.9,33.6,33.9,34.4,33.7,33.6,35.9,34.4,34.2,33.7,33.7,33.4,33.4,33.3,34.3,34.1,35.1,34.1,33.7,34.0,33.7,33.8,33.5,32.9,33.5,33.6,33.0,33.8,32.8,33.2,34.0,33.9,32.7,33.4,34.0,33.6,34.4,34.2,34.7,35.2,34.1,33.4,33.4,34.9,32.8,33.2,34.1,34.8,35.0,33.9,34.3,33.9,34.7,33.5,33.5,34.0,33.3,33.7,33.7,33.7,33.6,32.7,34.0,33.6,34.1,32.9,34.3,33.6,34.3,33.0,34.7
1785306788.253919,2119,35.0,34.3,34.0,33.2,33.6,33.0,33.9,32.1,33.0,32.4,33.7,32.1,33.9,33.0,33.3,32.4,33.2,32.7,33.5,33.0,34.1,33.8,33.1,32.7,33.7,33.3,33.6,33.8,34.4,31.9,33.3,33.5,34.0,33.9,33.3,33.6,33.3,33.7,32.5,33.0,34.3,32.8,32.4,33.4,33.1,32.8,32.7,33.9,32.7,32.4,33.0,33.5,33.2,32.7,32.2,33.8,33.2,33.8,32.8,33.3,34.0,34.1,34.6,33.6,34.3,34.2,34.1,33.2,32.3,33.7,32.8,32.8,33.9,33.2,32.1,33.8,33.3,33.3,33.3,33.3,32.8,33.3,34.0,33.0,34.0,32.8,33.4,33.5,33.0,34.7,33.8,33.1,34.2,32.8,32.8,33.5,33.4,32.8,31.8,32.8,32.5,33.8,32.7,33.5,33.4,33.3,32.9,32.6,33.7,32.5,33.5,33.4,32.9,33.6,33.2,33.3,32.5,33.2,33.3,33.0,33.1,33.9,33.9,34.0,33.9,34.0,33.3,33.8,33.6,34.5,33.7,34.1,33.4,33.2,33.1,32.7,32.0,32.2,32.4,32.5,33.0,33.6,32.8,33.6,33.2,32.4,33.3,33.6,33.4,33.1,33.3,33.4,33.5,33.0,33.1,33.1,33.9,33.7,32.9,32.6,33.7,33.0,32.2,32.3,33.3,33.5,33.3,33.8,33.7,33.2,33.2,33.0,33.3,33.1,33.3,33.2,32.5,33.5,33.3,32.8,33.1,32.9,31.9,33.6,32.8,34.6,32.6,33.5,33.0,33.2,34.1,33.2,34.1,34.5,32.3,33.8,33.9,33.5,32.9,34.1,33.0,34.2,32.8,33.2,33.6,33.1,33.1,33.8,33.2,33.5,33.3,33.2,34.1,33.0,33.7,32.7,34.2,33.2,33.1,32.6,33.6,33.6,33.0,32.7,33.1,33.8,33.2,34.1,33.8,33.6,33.5,33.4,34.6,34.6,32.9,33.5,33.3,33.7,33.2,33.5,32.8,34.2,32.5,33.2,33.2,33.3,32.8,33.3,33.6,32.8,33.1,32.3,32.9,33.1,32.7,33.2,33.1,33.4,33.4,32.6,33.0,33.5,33.7,33.9,35.9,35.8,33.6,33.7,34.0,32.4,33.5,33.0,33.6,34.0,33.4,33.0,34.3,33.6,32.5,32.4,32.9,32.9,32.6,33.4,32.9,33.3,33.1,34.0,33.0,33.7,33.5,34.0,33.5,33.7,33.6,34.4,35.2,36.4,32.9,33.7,33.4,33.7,32.9,33.4,33.5,33.4,33.2,33.7,33.4,32.9,32.6,33.9,32.6,33.7,33.2,34.6,33.1,32.8,33.0,33.5,34.2,34.0,33.7,33.4,33.2,34.2,33.8,33.9,35.1,35.9,34.5,34.0,33.5,33.4,34.3,33.7,33.7,33.2,33.2,32.9,33.4,33.5,33.3,33.8,34.4,32.6,33.2,32.6,34.8,33.2,32.8,33.1,34.3,33.5,32.8,33.6,34.2,33.7,34.1,35.2,34.8,34.6,34.1,35.0,33.6,33.6,33.0,33.3,33.7,33.1,33.0,33.3,33.6,33.4,32.5,33.2,33.1,33.5,32.9,33.5,33.6,33.1,34.4,34.0,33.4,33.4,32.9,32.9,34.8,34.2,34.7,34.2,34.6,34.3,34.3,34.9,34.6,34.5,32.9,33.8,34.0,33.0,33.3,33.2,33.5,34.0,33.0,33.1,34.1,33.0,33.5,33.4,33.3,33.2,33.8,33.3,34.1,33.7,33.4,33.4,33.2,34.2,34.5,33.8,34.5,34.8,34.5,34.7,34.1,34.4,33.4,33.8,33.3,33.6,33.1,33.6,32.9,33.0,33.2,33.8,33.1,32.9,34.1,34.9,33.0,34.3,33.4,34.0,33.0,34.4,32.7,33.9,35.1,34.4,34.0,33.9,34.3,34.3,33.8,33.8,34.0,34.1,35.1,33.7,34.0,34.0,33.6,33.7,33.8,32.4,33.3,33.1,33.8,32.9,33.5,33.0,33.7,32.7,34.4,34.1,33.2,34.0,32.9,33.7,34.9,35.0,34.0,33.8,33.7,34.2,33.2,33.7,33.3,33.6,34.4,34.3,32.3,33.6,33.0,33.8,33.7,33.6,33.2,33.6,33.7,34.0,34.0,34.2,33.6,33.6,34.4,34.3,33.9,33.4,33.6,33.6,34.6,34.5,34.1,33.7,34.6,35.1,34.5,34.0,33.8,33.0,34.8,33.2,34.3,32.9,34.3,32.5,34.1,34.2,33.1,33.6,33.6,33.8,33.5,33.6,33.7,33.1,34.0,34.1,32.8,33.9,32.8,34.3,34.2,34.1,34.1,33.8,35.4,35.4,33.9,35.2,33.1,nan,32.7,34.6,33.9,33.5,33.6,33.8,33.2,33.8,33.4,33.6,33.7,33.2,33.1,34.1,33.6,34.3,32.6,33.6,34.8,33.6,33.8,33.6,33.9,33.3,33.5,34.6,34.3,34.6,33.8,34.6,33.0,33.0,33.5,33.5,33.8,33.0,33.8,33.5,34.3,33.4,34.3,32.4,33.6,32.7,34.6,34.3,34.8,34.1,33.4,33.9,33.7,33.4,33.7,33.8,33.6,34.2,34.5,34.6,33.9,34.7,34.3,34.9,33.6,33.1,33.1,34.1,33.9,33.5,32.3,33.8,33.4,33.8,33.2,33.6,33.9,33.5,33.2,33.7,33.6,34.7,33.9,34.4,34.0,34.2,33.1,34.3,33.9,33.2,33.0,34.3,34.3,33.7,34.7,35.5,34.0,34.2,34.5,33.1,34.5,33.8,33.9,33.3,33.4,33.5,34.0,33.1,34.3,34.5,34.3,33.6,33.7,33.2,34.4,34.0,34.3,34.7,34.6,34.3,32.9,34.4,34.1,34.3,33.9,34.1,33.4,34.7,34.4,34.8,33.9,34.5,32.2,33.3,33.7,33.6,34.4,33.6,33.9,34.3,32.9,34.0,33.6,33.5,33.1,33.7,34.2,34.8,33.7,33.5,33.5,33.2,34.6,32.5,33.9,34.2,34.9,35.0,34.3,33.6,34.7,34.6,33.8,33.6,33.4,33.6,33.9,33.4,34.0,33.6,33.8,33.2,33.9,33.7,35.0,33.1,34.2,34.2,34.9,34.7,34.0,33.9,33.5,34.7,34.1,33.8,33.7,35.1,34.9,34.1,33.4,34.5,34.9,34.7,33.6,33.1,33.6,33.5,33.4,33.7,34.3,33.4,32.6,34.0,32.6,33.2,33.6,34.5,33.8,34.3,34.5,35.1
1785306790.468468,2120,34.6,32.5,32.8,33.6,33.3,32.7,32.9,33.5,32.5,33.9,32.6,33.2,32.2,32.6,33.3,33.1,33.1,31.7,32.5,33.5,33.9,31.8,32.8,34.2,33.8,33.4,33.2,33.3,32.7,32.5,32.4,33.4,33.6,33.2,33.2,33.2,33.4,32.7,33.2,32.9,33.0,32.9,31.7,32.7,32.1,32.3,32.2,32.3,32.9,32.2,32.2,32.7,33.9,31.5,33.5,32.9,32.7,32.7,32.7,32.3,33.5,33.5,33.0,33.7,33.9,33.1,32.8,33.1,33.2,32.6,32.1,33.4,32.8,32.9,31.8,33.0,32.8,33.2,32.3,33.1,32.5,32.7,33.2,32.9,32.7,33.3,33.1,32.7,32.5,33.5,32.1,33.6,33.5,33.6,31.7,34.8,34.3,32.5,32.9,32.0,33.1,32.1,34.0,33.0,32.8,33.4,33.2,32.9,32.4,33.5,32.4,33.2,33.4,33.3,33.5,32.5,33.0,32.5,33.2,32.7,33.2,33.2,33.0,33.3,32.6,34.3,34.4,33.2,33.0,32.5,33.8,33.2,34.1,34.1,32.8,33.4,32.8,32.7,32.8,33.3,32.8,33.4,33.4,33.0,32.8,33.1,32.8,33.2,32.8,33.7,33.0,33.1,32.9,32.7,33.8,33.2,33.4,33.4,31.6,33.8,33.4,33.4,34.1,32.7,33.4,32.5,33.1,33.2,32.8,32.4,33.1,32.3,32.7,33.4,33.9,33.3,32.8,32.8,33.2,32.6,33.8,33.5,33.1,32.8,32.3,33.3,33.3,33.0,33.1,32.5,32.2,33.1,33.3,33.8,33.3,33.9,32.9,33.3,32.8,33.0,33.7,34.8,32.8,33.7,32.2,32.6,32.4,33.1,32.3,33.1,33.2,33.5,33.9,32.6,33.0,32.7,33.6,33.0,32.1,32.9,33.5,33.4,33.5,33.3,32.2,33.2,35.0,32.0,33.2,32.8,33.1,32.4,34.0,34.4,35.5,33.7,32.5,32.5,33.0,33.2,33.3,33.2,33.6,32.4,33.8,33.0,32.9,32.9,33.6,32.7,33.6,32.6,33.6,32.2,33.2,33.3,31.9,34.1,32.3,34.6,33.3,33.1,32.7,34.0,34.0,35.5,35.6,34.0,32.6,33.1,32.8,32.9,32.9,33.2,32.2,32.5,32.6,32.3,32.6,32.7,33.3,32.4,32.9,33.1,31.9,33.5,32.4,33.5,34.4,32.9,33.5,32.5,32.7,32.7,34.2,33.1,33.8,33.7,34.9,33.9,33.5,33.5,33.3,32.5,33.5,34.0,33.1,33.5,33.4,32.6,33.4,32.6,33.1,33.8,34.1,32.7,33.5,34.0,33.3,32.8,33.2,33.5,33.2,33.6,32.6,32.8,32.1,34.0,34.5,34.7,35.0,35.1,34.4,33.8,32.8,32.7,33.6,33.2,33.4,33.8,33.6,34.1,32.2,33.3,32.8,32.6,32.7,33.1,33.3,33.5,32.5,34.4,33.2,33.0,33.3,31.7,33.6,33.8,33.7,33.9,34.5,35.7,35.2,34.8,35.1,34.0,32.8,32.7,33.2,33.5,33.7,32.6,33.4,33.2,32.9,33.1,32.9,32.8,33.0,32.7,33.7,33.2,34.0,33.5,33.5,33.9,32.2,33.2,33.1,33.7,33.6,34.7,34.9,33.9,34.4,34.2,34.9,33.9,33.0,33.8,33.3,33.5,32.9,34.1,33.5,32.9,33.4,33.4,32.3,32.8,33.6,34.1,33.3,33.1,33.5,34.4,33.6,33.2,34.3,31.8,33.9,33.8,33.6,34.6,34.3,33.6,35.1,33.7,33.7,34.4,33.5,33.9,33.9,33.4,33.4,33.2,33.7,33.4,33.8,33.0,32.9,33.0,33.9,32.9,33.7,32.8,33.4,32.9,34.2,34.2,32.6,33.3,33.5,33.2,33.8,34.8,33.5,33.9,33.7,33.3,33.8,34.7,33.9,33.2,34.3,33.0,33.1,33.7,33.9,33.0,32.9,33.4,33.6,32.2,32.2,33.7,33.3,33.0,33.3,34.1,33.5,33.5,34.4,33.6,33.3,33.0,34.8,34.1,33.8,33.9,32.4,33.0,33.4,33.7,34.2,33.1,33.3,33.3,33.5,32.8,33.5,33.7,32.2,32.2,33.6,33.6,33.7,32.5,33.3,33.6,34.2,34.2,32.7,32.1,33.8,32.7,32.8,33.0,34.9,34.0,33.9,33.9,33.2,34.9,33.4,33.8,34.1,33.8,33.6,33.6,33.4,33.3,33.4,33.1,32.2,33.6,33.9,32.9,32.4,33.4,33.6,32.9,33.3,33.2,33.4,32.6,33.8,33.2,32.7,34.4,34.5,33.7,34.3,33.7,33.7,33.3,34.2,nan,34.2,33.4,32.6,33.7,33.2,33.4,32.6,33.2,34.2,32.3,32.8,33.8,34.1,32.7,33.0,33.5,33.8,33.7,33.6,32.9,33.1,34.3,33.6,35.0,34.2,34.5,34.4,34.6,33.2,33.7,32.5,34.1,33.6,34.5,33.6,32.7,33.1,33.3,33.4,33.1,33.2,33.7,33.7,33.4,32.9,33.7,33.9,33.7,34.3,33.8,33.6,33.7,33.4,32.9,33.2,32.6,34.4,34.5,33.9,33.7,34.4,34.0,33.9,33.9,33.7,33.7,33.7,33.3,33.4,32.6,32.9,33.7,32.5,33.1,32.4,33.1,34.8,32.9,33.9,34.1,34.3,33.5,33.4,33.5,32.8,32.8,33.4,33.5,33.3,34.2,34.1,34.9,34.4,33.6,33.9,34.5,33.0,33.3,34.0,32.8,33.2,32.9,34.1,33.6,32.5,33.4,33.3,33.3,33.6,34.1,34.2,33.4,34.0,34.0,33.8,33.1,33.0,33.2,33.4,33.5,32.2,34.2,34.4,34.4,33.7,33.1,34.6,35.0,33.9,33.1,34.2,32.9,33.5,33.1,32.8,33.7,33.1,33.0,32.5,34.1,32.9,33.4,33.5,34.0,35.0,33.8,33.6,33.4,32.0,34.4,33.9,33.3,33.4,34.2,33.3,34.4,33.5,33.9,34.1,34.1,33.3,33.4,33.9,33.6,32.4,33.4,32.8,33.2,33.7,33.8,33.8,32.2,34.5,34.3,35.1,33.1,33.9,35.5,33.9,34.2,35.7,33.0,33.4,33.5,33.9,33.9,34.3,34.2,33.4,33.6,34.3,33.4,33.9,33.2,32.9,34.5,32.8,33.6,33.4,32.5,35.5,33.7,33.3,34.8,33.2,32.8,33.3,34.2,33.8,34.8
1785306792.6532075,2121,32.8,31.6,33.2,32.4,32.5,32.3,34.1,32.3,33.4,32.0,32.9,32.9,33.2,32.5,33.2,33.6,33.0,31.9,31.5,32.5,33.6,32.5,33.7,32.7,32.8,32.7,32.3,33.0,32.1,32.4,34.1,32.2,33.5,34.2,34.1,32.6,31.5,32.8,32.9,32.8,33.5,33.4,31.4,33.7,32.6,33.1,32.9,32.4,32.4,33.0,33.0,32.8,33.4,33.5,32.8,33.2,32.8,32.0,32.1,32.7,34.1,33.0,32.9,33.4,32.8,33.0,32.9,33.6,32.7,32.1,33.2,32.9,32.7,32.6,32.1,32.5,32.4,33.1,33.1,32.2,32.9,33.0,32.7,33.2,32.3,32.8,32.7,33.9,32.2,32.8,32.4,33.1,33.2,32.0,34.2,35.1,33.4,34.0,31.6,33.7,32.8,32.4,32.9,33.3,32.5,32.3,32.4,32.6,32.5,32.8,31.9,32.9,32.4,33.1,32.0,32.7,32.7,32.7,32.8,33.0,32.7,32.4,32.3,34.0,32.6,32.3,32.6,34.2,33.2,31.5,32.8,33.7,33.2,32.5,32.5,32.6,32.5,32.4,32.4,32.7,33.5,32.9,33.5,32.6,33.2,32.3,32.7,33.3,33.1,32.7,32.9,32.5,33.5,33.1,32.7,33.1,32.7,33.5,33.1,32.8,32.8,32.8,32.9,32.6,33.5,33.0,32.8,34.0,32.9,32.3,32.8,33.0,33.6,32.1,33.8,33.5,33.2,33.8,33.3,33.0,33.6,33.1,33.0,32.2,33.0,32.6,33.4,33.7,32.4,32.8,33.2,33.8,33.5,33.0,33.1,33.0,33.3,32.8,32.9,32.5,33.5,33.7,34.0,33.4,33.1,31.9,32.1,32.8,33.0,31.9,32.8,32.9,34.0,32.7,32.5,33.1,32.7,32.9,32.9,32.9,33.6,31.7,33.4,33.2,32.7,33.1,33.0,33.9,32.3,33.4,33.1,33.2,34.1,35.3,35.4,34.0,33.0,32.4,33.2,33.2,32.9,33.1,32.4,33.1,33.6,32.0,32.6,32.8,32.8,33.0,33.5,32.3,33.3,32.9,32.9,33.6,32.5,32.5,33.0,31.8,33.6,32.4,32.8,32.8,34.4,35.2,34.1,34.4,32.8,32.2,32.9,33.0,32.8,32.4,31.8,33.3,33.0,32.7,33.1,33.0,32.0,32.8,33.3,32.3,32.7,32.8,33.3,34.0,32.0,33.4,33.9,33.6,32.4,33.1,32.2,32.9,33.4,34.3,34.8,33.8,33.2,33.2,33.5,33.4,32.6,32.3,33.0,33.3,32.3,32.5,32.7,33.2,32.1,33.2,32.7,32.8,32.6,32.8,33.0,33.3,33.3,32.4,33.5,33.8,33.0,32.4,32.6,34.1,35.2,35.4,35.0,34.3,33.6,32.4,32.8,33.5,33.2,32.6,33.2,33.4,32.4,33.0,33.6,33.3,32.4,31.8,33.0,32.9,31.9,32.5,32.8,33.5,33.1,33.1,32.6,33.4,34.1,33.9,33.9,34.3,34.9,34.8,34.3,35.2,34.7,34.0,32.2,32.8,33.1,32.8,33.5,33.1,33.1,32.5,33.2,33.0,33.0,33.2,32.0,31.8,32.9,32.9,33.4,32.5,33.6,32.6,33.9,33.3,32.8,33.3,34.1,35.2,33.9,32.8,34.9,33.9,34.1,34.2,33.7,33.1,33.2,32.6,33.5,33.1,32.9,32.7,33.0,32.6,32.9,32.3,32.8,32.2,33.0,33.6,32.8,33.3,33.9,33.7,31.6,33.1,32.5,33.7,34.5,34.3,33.2,34.2,33.5,33.7,33.9,34.4,33.0,32.7,32.6,33.0,32.5,33.0,33.7,33.1,33.4,34.4,31.8,33.2,33.2,33.5,33.6,32.7,31.9,32.8,33.5,33.0,32.9,33.3,33.9,33.3,34.4,34.4,33.6,34.3,33.3,33.2,34.1,34.5,32.9,32.6,33.4,33.7,32.8,33.7,33.8,32.6,33.1,32.8,32.9,32.4,33.4,32.3,33.5,31.7,33.4,34.3,33.2,33.8,33.7,32.7,32.6,34.3,34.5,34.7,33.5,33.3,33.2,33.9,33.5,33.8,33.3,32.7,32.5,33.6,33.8,33.7,33.1,33.0,32.9,33.4,33.5,32.7,32.9,33.5,33.0,33.1,32.8,33.1,32.6,33.2,32.9,33.2,33.5,32.7,33.9,34.4,33.7,33.6,33.3,34.0,34.3,33.0,34.1,33.4,33.3,33.2,32.8,34.2,33.2,33.4,32.6,33.0,33.5,32.9,33.2,32.7,34.5,33.0,33.0,33.1,33.5,32.5,33.2,33.3,34.2,33.6,33.5,34.2,33.5,34.7,33.9,35.0,33.5,nan,34.2,33.6,33.0,32.7,32.4,34.0,33.4,32.9,32.5,32.9,33.1,33.0,33.5,33.0,33.3,32.8,33.7,33.4,34.4,31.9,33.4,33.2,33.1,32.7,34.6,34.4,34.6,34.1,33.6,33.8,33.2,33.5,34.0,33.0,33.0,33.0,33.0,33.7,33.7,31.5,31.7,33.1,32.5,32.9,33.3,32.9,32.7,32.6,34.4,34.1,33.7,33.2,33.3,32.8,33.7,34.2,33.8,34.4,33.9,33.7,34.8,34.0,33.8,33.5,34.1,33.9,33.5,33.2,33.6,34.6,32.6,32.6,32.3,34.1,33.4,32.9,33.1,33.1,33.8,34.2,32.9,34.0,34.5,33.2,34.2,34.1,32.9,33.2,33.4,34.6,33.4,33.8,32.7,34.3,34.8,34.4,33.6,33.3,33.3,33.3,32.9,33.7,33.1,33.5,33.6,33.1,32.7,32.9,34.3,32.8,33.9,31.8,33.3,33.4,33.2,33.6,32.9,33.7,33.9,33.6,33.5,33.7,33.7,34.6,33.3,34.0,35.0,34.8,33.9,34.0,34.4,33.1,33.6,33.6,33.8,33.4,34.4,33.0,33.3,34.4,32.0,34.2,33.3,33.9,33.8,34.8,33.9,34.0,33.9,32.8,32.6,33.4,33.3,33.5,33.8,34.3,34.0,33.3,33.4,33.8,33.8,34.0,33.8,32.8,32.5,33.1,32.9,32.8,32.6,33.5,34.5,31.8,33.0,32.7,33.0,33.2,34.6,34.0,32.9,33.4,33.1,32.9,33.3,33.8,33.2,34.3,34.0,34.7,33.1,32.9,34.0,34.2,33.3,34.1,33.5,33.7,33.8,33.7,33.4,32.4,32.4,32.7,33.6,33.7,34.0,34.3,32.8,33.6,33.7,33.8
1785306794.6727498,2122,34.3,33.0,33.6,33.5,33.5,31.9,33.6,32.7,33.3,33.3,33.6,33.1,32.9,33.2,32.4,33.0,33.3,33.6,33.1,32.1,34.1,32.7,32.8,32.3,32.6,32.3,33.7,31.9,32.9,32.9,33.0,33.0,33.0,33.5,33.9,33.7,32.7,33.0,31.9,33.3,32.7,33.5,33.0,31.8,31.7,32.9,32.9,33.3,32.6,33.5,32.3,33.3,32.9,32.3,32.5,33.6,32.2,33.7,33.2,33.7,32.7,33.6,33.6,35.3,34.2,33.0,34.0,33.4,33.9,32.7,33.1,32.1,33.6,33.0,33.0,32.4,33.2,32.1,32.9,32.8,32.6,32.0,32.3,32.5,33.1,32.5,32.6,33.2,33.1,32.9,32.6,33.6,34.6,32.7,32.9,33.0,33.0,34.9,32.1,33.8,32.6,34.4,32.8,33.5,33.3,33.4,33.1,32.5,32.7,33.3,32.3,32.0,32.8,33.0,32.7,33.6,32.2,33.0,32.8,33.1,32.9,33.3,32.3,35.3,32.5,33.7,32.7,34.6,33.5,31.8,33.6,32.9,33.7,33.1,33.0,32.2,32.8,32.6,32.3,31.8,33.1,33.1,33.1,32.3,34.0,31.8,33.6,32.4,33.7,32.8,33.3,33.1,33.5,33.5,32.5,32.3,33.4,31.9,33.9,33.3,33.1,33.2,32.5,32.1,33.0,33.9,32.6,32.4,32.5,33.1,33.0,32.7,32.6,33.3,32.8,33.6,32.7,32.8,32.3,33.6,33.2,33.9,32.3,33.0,32.9,33.1,32.1,33.7,32.5,31.9,33.5,33.3,34.0,32.1,32.5,33.4,34.4,33.4,33.4,32.8,33.8,33.9,34.5,33.2,32.4,32.3,32.9,33.2,33.3,33.2,33.7,33.4,33.6,33.0,33.0,32.6,32.5,32.0,33.7,32.8,34.1,31.7,33.4,33.6,33.4,33.7,32.4,34.1,31.6,33.9,32.8,33.2,33.1,35.4,34.1,35.1,32.1,34.0,32.4,33.5,32.8,32.7,32.1,32.9,33.1,32.7,32.3,34.1,33.3,33.8,32.8,34.3,33.1,33.6,33.1,33.8,33.3,32.8,33.9,33.1,33.5,32.5,33.4,33.0,34.7,35.1,35.2,33.6,33.6,32.7,32.8,33.3,33.6,32.6,33.6,33.2,32.8,32.7,33.1,32.6,33.5,32.6,33.8,32.2,34.0,32.8,33.4,32.8,33.9,34.8,32.2,33.5,32.4,32.9,34.0,33.0,33.0,34.6,34.6,34.0,33.1,33.7,32.3,32.9,33.2,33.4,33.5,33.2,32.3,33.7,32.4,33.4,32.3,33.5,32.5,33.3,33.4,33.1,32.6,33.7,34.5,31.8,33.8,33.3,32.8,33.5,32.9,33.9,35.5,35.3,35.2,34.5,34.4,33.9,33.4,32.9,33.6,33.7,33.3,32.3,32.9,33.0,32.6,32.7,33.4,32.3,33.5,33.0,33.7,33.0,33.9,33.7,33.3,32.8,33.2,33.9,32.4,34.2,32.6,34.6,34.2,34.9,34.4,34.0,34.2,33.7,32.9,34.0,33.6,32.6,33.1,33.4,33.3,32.6,31.5,33.7,34.2,33.7,32.8,33.3,32.5,34.1,33.1,33.3,35.0,32.8,32.7,32.0,34.0,33.5,34.2,34.8,34.2,34.0,33.6,34.0,34.9,34.5,33.5,33.4,33.8,32.6,33.0,33.4,33.7,33.1,34.0,33.7,33.6,33.2,33.5,32.6,33.3,33.2,33.3,33.4,32.7,33.4,33.1,33.6,33.2,34.6,33.8,34.3,33.7,34.0,33.7,33.9,33.5,34.4,33.8,33.1,32.3,33.3,32.6,33.4,33.4,34.1,32.4,33.1,32.8,33.5,33.8,33.6,32.5,33.4,32.9,33.9,34.2,33.0,32.9,33.6,34.2,32.6,35.1,34.1,34.9,32.7,34.4,33.2,34.1,33.7,34.1,33.4,33.7,32.8,32.8,33.1,33.8,33.1,33.3,33.7,33.3,32.1,33.9,33.1,32.8,32.9,33.7,33.2,33.0,33.7,31.9,34.0,33.5,32.8,33.0,34.6,33.1,34.1,33.6,33.5,33.8,34.9,34.2,33.8,33.8,34.2,32.9,34.1,33.0,33.1,32.6,34.2,33.0,33.5,33.1,33.8,32.3,33.2,32.1,34.0,33.8,32.8,33.5,32.0,35.4,32.9,34.2,34.5,35.1,34.1,33.6,33.7,34.7,33.7,34.1,33.2,34.0,32.9,33.6,33.2,33.5,32.9,33.9,32.3,32.7,32.3,33.8,32.0,33.7,33.9,33.7,32.8,33.7,34.3,32.3,32.8,33.5,33.6,33.7,34.6,33.9,35.2,32.7,33.7,33.8,nan,33.6,33.3,32.0,33.9,32.8,33.6,32.8,33.4,32.9,33.4,33.9,33.3,33.3,33.0,32.2,33.0,33.9,34.0,33.0,32.8,34.1,33.6,33.3,33.1,34.2,34.1,34.6,33.8,34.6,34.3,34.3,33.7,33.8,33.4,33.5,34.2,33.1,34.1,34.0,33.2,33.9,32.8,33.9,32.7,33.3,32.0,34.2,33.0,34.0,33.8,32.2,33.8,33.3,33.3,32.9,32.8,33.6,35.3,34.3,35.4,34.1,34.4,33.5,34.7,33.6,32.9,32.4,33.5,33.3,34.1,32.5,34.4,32.4,34.2,32.7,34.0,33.5,33.8,32.7,33.9,34.0,34.5,35.1,32.8,33.1,34.4,34.6,33.3,33.7,34.5,35.0,34.0,34.8,33.1,34.5,33.5,34.4,32.8,34.0,33.0,33.2,33.0,34.1,33.4,33.0,32.7,34.1,33.6,33.6,33.2,32.8,33.5,34.7,34.3,32.8,32.4,33.4,33.9,32.7,33.4,33.4,33.5,34.1,35.3,33.6,34.7,33.6,34.8,33.1,34.3,34.0,33.9,33.3,33.6,32.6,33.7,35.0,33.4,33.7,33.3,32.7,34.2,33.6,33.3,34.3,34.5,33.9,33.3,34.1,33.3,34.0,33.0,33.6,33.5,34.1,34.9,33.7,32.9,34.6,34.0,34.1,33.7,33.4,33.0,33.4,33.5,33.4,33.2,32.8,32.8,33.5,33.2,35.0,33.8,33.3,33.2,33.9,33.6,33.2,33.8,32.7,34.1,33.3,33.6,33.0,34.1,35.1,33.5,32.6,34.3,33.7,34.1,34.2,34.3,33.3,34.3,33.1,34.2,33.1,32.9,34.1,34.7,33.8,34.6,33.9,34.3,34.1,34.8,34.4,35.5
1785306797.4205735,2123,33.6,33.3,31.9,33.0,32.9,33.5,33.0,33.0,33.4,34.3,32.1,33.3,33.0,34.0,33.1,33.6,33.4,33.1,32.4,33.8,33.7,34.0,33.6,33.5,32.4,32.3,31.6,33.0,33.7,33.6,31.8,33.8,33.5,33.4,33.6,33.8,33.1,32.6,33.0,32.8,32.6,31.8,31.7,32.2,33.5,32.4,33.8,31.6,32.8,32.4,33.1,32.8,32.9,32.7,33.2,33.8,32.8,33.0,34.3,33.1,34.1,33.6,33.2,32.9,34.3,33.3,31.7,33.4,33.7,33.2,32.6,32.9,33.3,32.8,32.6,32.9,33.8,32.8,32.9,32.5,33.6,33.9,32.0,33.0,32.6,33.2,33.2,32.6,33.0,32.7,32.4,33.6,33.4,32.3,32.3,33.0,33.2,32.8,32.8,33.5,33.2,32.6,33.6,31.9,32.3,31.4,32.2,32.0,32.3,32.1,32.7,33.0,34.1,33.1,31.9,32.4,32.7,32.5,33.2,32.1,32.8,32.6,32.9,32.8,32.9,31.6,32.9,33.3,32.9,33.2,32.5,33.1,34.4,33.5,32.5,32.6,32.7,32.9,32.5,32.9,32.7,33.3,32.1,33.6,33.4,33.0,32.7,33.0,33.6,33.8,32.4,33.2,32.8,33.0,33.1,33.3,33.5,34.2,32.7,33.5,33.8,33.0,32.7,32.6,34.0,33.2,32.4,33.2,33.4,32.8,32.7,32.9,32.3,33.3,33.3,32.8,33.7,33.1,32.8,32.8,32.8,31.9,33.2,33.2,32.2,32.3,32.5,33.1,33.4,33.8,32.6,32.5,33.0,33.9,33.4,33.9,33.3,33.6,33.6,32.8,33.3,34.5,33.0,33.3,33.4,33.1,32.5,33.0,32.7,32.4,33.4,33.4,33.6,33.2,32.5,32.8,32.3,32.2,32.1,33.4,33.0,33.3,33.0,32.6,33.9,32.5,32.4,34.1,32.9,33.6,32.5,33.2,33.4,34.2,34.6,34.0,32.4,32.2,33.1,32.4,33.0,32.9,32.6,33.2,33.7,32.8,32.8,33.0,32.5,31.8,33.3,32.3,33.5,32.3,33.6,32.4,32.7,34.0,32.4,33.5,32.6,33.8,32.4,34.3,34.6,35.6,35.5,33.6,33.0,32.9,32.7,34.0,32.7,33.4,32.6,33.2,33.3,33.7,32.1,34.0,32.7,33.8,32.6,33.8,31.8,33.9,32.1,32.8,34.6,32.8,34.4,33.4,33.2,32.6,33.1,32.7,34.7,33.8,34.5,34.0,32.6,32.3,32.4,33.7,32.9,33.2,33.2,33.1,33.8,32.5,32.9,33.4,32.7,32.5,32.9,32.0,33.4,32.8,32.6,32.5,33.3,33.0,33.3,33.7,33.6,34.0,33.8,34.3,35.4,36.1,33.9,34.2,34.0,33.7,32.8,32.8,33.2,33.1,33.5,33.3,33.2,33.4,32.4,32.7,32.7,33.2,32.4,33.9,32.8,32.5,32.4,33.7,35.0,32.2,33.8,33.0,33.2,32.8,33.6,33.4,34.7,33.8,35.2,34.7,34.7,33.2,33.4,32.3,33.0,33.2,33.3,33.6,33.3,33.6,32.7,33.2,33.3,32.5,32.4,32.5,33.8,32.3,32.7,34.1,32.1,34.1,32.9,33.7,32.2,33.5,34.4,34.4,34.8,34.6,32.9,34.5,33.8,33.7,32.9,33.4,32.7,33.2,32.5,32.8,32.9,33.4,33.2,33.7,33.6,33.2,32.8,33.7,34.6,33.2,32.6,34.0,33.4,32.3,33.1,32.5,34.1,33.7,33.3,34.0,34.2,33.0,34.2,34.0,34.7,34.2,33.5,33.0,33.0,33.0,33.0,32.9,33.0,33.1,32.3,32.6,34.2,33.5,32.9,33.3,34.0,32.9,32.7,33.8,33.2,33.7,32.5,33.8,33.4,33.7,33.7,34.1,33.8,34.3,33.5,33.2,33.8,34.7,33.2,33.1,32.3,33.1,33.3,33.3,33.5,33.2,33.3,33.4,33.3,33.2,33.4,32.9,33.2,32.9,33.2,33.6,33.2,33.2,33.7,32.0,33.2,32.8,34.1,34.2,33.9,32.8,34.2,32.9,33.8,33.3,33.6,33.0,33.8,32.8,33.9,33.3,34.1,32.8,33.3,33.6,32.9,33.3,32.8,32.4,33.4,33.1,33.7,33.7,32.4,33.9,33.5,33.4,32.9,33.9,33.7,34.5,34.1,35.0,34.1,34.0,34.1,34.8,33.3,32.8,33.2,34.0,33.2,34.2,32.2,33.7,33.3,33.0,33.3,33.7,33.3,33.3,33.2,33.6,33.0,33.6,34.1,33.1,32.7,32.5,34.4,33.8,33.7,33.8,34.3,34.2,34.4,33.4,34.2,nan,34.1,32.6,33.8,32.5,32.6,33.6,33.3,33.6,33.2,32.9,33.3,32.5,33.3,31.9,33.5,32.4,33.5,33.8,33.9,33.0,32.7,33.6,33.9,32.6,34.4,33.7,34.1,34.3,33.3,34.0,33.8,34.4,34.0,33.4,33.8,32.9,34.0,33.1,33.2,33.9,32.7,33.1,33.1,33.8,33.3,34.2,33.7,34.7,33.0,34.4,33.3,33.4,32.9,32.9,33.9,33.4,33.8,34.0,35.0,33.9,34.1,33.9,33.5,33.8,34.3,33.6,34.5,32.3,34.0,33.0,33.3,33.8,32.6,32.7,33.4,33.3,33.7,32.9,34.2,33.4,32.9,33.4,33.1,33.0,32.5,34.0,33.9,33.5,33.5,33.8,34.0,35.0,34.1,34.7,34.0,34.2,32.6,33.7,32.5,33.7,32.9,33.4,34.1,34.2,33.2,33.6,32.7,33.6,33.1,34.0,34.7,34.3,32.6,33.4,33.3,33.2,34.0,34.5,33.3,32.2,33.9,33.9,33.4,35.1,33.5,33.5,34.7,33.3,32.6,33.0,33.0,32.6,33.6,32.9,34.1,32.7,33.8,32.7,32.8,32.7,32.9,33.5,33.6,32.5,34.1,33.5,32.5,34.0,32.8,33.7,33.0,33.8,33.1,33.1,33.6,35.3,33.2,34.0,33.9,34.0,32.9,34.0,33.4,33.3,32.7,33.1,32.7,33.2,32.8,33.0,33.2,33.4,34.2,33.4,34.0,34.5,34.9,35.0,33.2,32.7,33.6,33.8,33.5,32.0,33.8,33.0,33.9,34.7,33.7,33.6,34.0,33.3,33.7,32.9,32.8,33.0,32.9,33.0,33.5,33.3,34.2,33.6,34.0,33.0,33.3,33.1,33.4,33.8,33.5,33.8
1785306798.9650135,2124,33.5,33.1,33.6,33.8,32.4,32.9,33.2,33.5,32.5,33.2,33.6,33.8,34.8,33.0,32.4,34.1,34.1,33.5,33.7,33.9,33.5,33.7,31.4,33.8,33.6,33.2,32.8,33.3,33.4,33.7,34.5,34.1,34.1,32.7,35.4,33.0,33.9,32.7,33.9,32.3,33.6,31.5,33.5,33.3,33.4,33.3,33.2,33.3,33.8,32.5,32.6,32.4,33.2,32.7,33.9,32.2,32.5,32.9,33.8,32.6,33.7,32.2,34.0,33.3,33.7,33.4,32.1,34.7,32.4,33.3,32.1,34.0,33.2,33.3,32.8,33.6,33.7,33.4,32.7,33.4,33.6,33.8,32.2,32.8,33.3,33.1,32.3,33.3,32.5,33.7,32.1,32.6,33.9,33.2,32.6,34.1,33.1,34.2,34.0,32.7,32.9,31.7,34.2,33.4,33.0,33.6,32.9,32.9,33.3,33.3,33.5,32.1,33.9,33.9,33.9,32.9,33.2,33.4,32.9,32.9,33.4,33.3,33.0,33.3,32.6,33.3,33.9,33.9,34.2,33.7,31.8,34.3,33.3,33.6,33.6,33.3,33.2,33.6,32.1,34.5,33.5,32.9,33.5,33.4,33.5,33.2,32.8,33.6,32.2,33.7,31.8,33.5,33.3,32.7,33.1,34.0,33.0,33.1,34.6,33.0,35.2,33.4,33.7,33.6,33.3,33.1,32.7,32.6,33.7,33.0,33.0,32.7,32.7,32.6,33.6,33.3,33.5,33.3,33.4,33.6,32.8,33.1,34.2,33.2,32.8,32.6,33.5,33.8,33.9,34.2,34.0,32.9,34.0,33.6,32.9,34.1,32.5,33.3,33.0,34.1,33.4,34.6,33.0,33.7,32.3,33.6,33.3,33.9,33.2,33.2,33.4,33.5,33.3,32.9,32.8,32.4,33.5,32.1,32.8,34.2,33.4,33.6,32.7,33.3,34.6,32.8,33.4,33.3,33.2,32.6,33.1,33.1,34.7,34.7,35.5,33.8,32.8,33.3,32.8,32.7,33.4,33.2,32.7,33.0,32.5,33.1,33.4,33.1,33.8,33.3,33.6,32.6,34.2,32.7,33.5,32.7,33.0,33.3,33.3,33.2,33.1,32.9,32.0,35.1,34.0,35.0,34.5,34.4,33.5,33.3,33.0,34.6,34.3,33.0,33.3,33.6,33.4,33.0,32.8,32.6,33.4,33.4,32.9,33.7,33.8,32.3,32.2,34.5,34.0,32.3,33.3,33.5,34.2,32.5,32.6,33.5,35.1,35.6,35.2,33.5,33.0,33.0,33.2,33.5,33.0,32.6,33.5,32.9,33.4,32.8,33.5,32.7,33.6,33.8,33.4,32.9,33.5,33.9,34.3,33.8,33.7,33.7,31.8,35.2,33.9,33.9,32.0,33.5,35.0,35.2,34.3,35.1,33.9,33.8,32.8,33.5,33.5,33.0,33.9,33.4,33.7,33.8,32.9,34.1,33.9,32.8,32.8,34.3,33.5,33.5,34.7,33.6,33.2,32.8,34.5,33.1,33.5,33.1,33.5,34.3,35.1,35.4,35.3,34.7,34.8,33.4,33.3,32.9,32.9,32.8,33.7,32.8,33.2,33.9,32.8,33.0,33.1,33.3,32.3,32.6,33.5,33.6,33.4,33.3,33.6,33.8,33.1,34.4,34.2,34.7,33.8,35.2,35.6,34.7,34.9,35.4,34.8,34.3,33.2,34.0,33.5,32.5,32.6,33.7,33.0,33.8,32.8,33.3,33.2,32.6,33.3,35.2,33.5,33.9,33.1,33.7,34.1,33.4,33.0,32.8,33.9,33.7,34.8,34.3,35.4,34.0,34.5,33.5,33.6,34.5,33.7,32.0,32.9,33.3,33.9,32.3,33.4,33.9,33.7,32.2,32.9,34.4,33.9,32.7,33.2,33.2,33.4,33.9,34.0,33.8,32.7,34.2,33.3,33.4,33.6,35.4,34.1,34.2,33.9,33.6,34.6,34.9,33.6,33.7,34.2,34.6,33.3,34.8,33.8,32.7,33.6,34.5,33.3,33.9,33.3,34.2,34.4,33.0,34.9,33.5,33.5,33.3,33.2,33.4,32.7,33.7,34.7,35.2,33.8,34.5,33.7,33.2,34.5,34.5,34.8,33.9,32.8,33.1,33.8,33.6,33.4,33.3,32.9,33.1,33.3,33.1,33.9,33.5,32.6,33.0,34.8,33.6,32.5,32.9,33.9,33.3,33.8,33.6,33.3,34.6,35.4,34.6,34.4,34.9,34.4,33.8,33.8,34.6,33.5,33.3,33.1,33.3,34.4,33.7,32.8,33.9,33.3,33.2,33.5,33.8,34.4,33.9,33.5,34.1,33.4,33.7,33.6,33.0,33.4,33.6,34.6,33.4,34.7,34.5,34.7,33.4,34.3,nan,33.9,32.9,33.1,33.8,33.5,33.8,33.1,32.9,33.2,33.4,33.0,33.8,33.8,33.7,34.5,33.7,34.4,34.4,34.1,34.4,33.5,34.3,32.9,33.6,34.0,35.8,34.8,34.2,34.1,34.9,33.5,34.1,35.0,34.0,33.6,33.2,33.4,33.7,33.3,33.3,32.7,33.7,34.6,33.4,33.3,34.1,33.6,33.3,34.4,34.7,34.0,33.1,33.2,33.7,33.6,33.6,34.5,34.7,35.4,34.4,34.4,34.7,34.4,34.9,34.1,34.1,33.8,33.1,33.4,33.3,33.9,32.6,34.0,32.8,32.4,33.4,33.8,33.6,33.2,34.1,34.5,33.5,35.0,34.6,33.3,33.2,35.3,32.8,31.3,34.6,34.3,34.6,35.1,34.6,35.5,35.0,32.7,34.1,34.3,32.8,33.5,33.5,34.3,33.8,33.4,33.0,34.1,33.5,32.7,34.1,35.2,33.8,34.3,34.8,33.6,33.1,35.6,33.0,34.0,33.9,33.1,34.4,34.9,34.4,33.4,33.8,34.9,34.4,34.2,33.6,33.4,33.6,34.2,33.6,34.1,33.5,33.8,33.2,33.3,33.6,33.9,34.8,33.5,33.7,35.7,33.4,34.8,33.4,34.9,35.1,33.3,33.1,33.0,33.2,33.7,34.8,33.2,33.7,34.4,33.9,33.2,33.6,32.8,33.4,32.4,34.5,34.5,34.0,32.6,33.3,34.1,33.5,34.0,33.5,34.3,33.1,35.0,36.0,35.1,33.3,34.6,34.4,33.2,34.6,34.5,33.3,34.0,34.4,34.0,33.4,34.3,33.4,34.5,32.3,33.4,33.5,33.0,33.5,33.7,33.9,33.9,32.0,34.1,33.5,33.6,33.9,35.0,34.8,35.1,35.0
1785306801.3121486,2125,34.1,33.4,33.4,32.6,34.2,33.6,33.0,33.3,34.3,33.4,33.8,32.7,32.8,33.1,33.1,33.1,33.3,33.5,33.8,33.4,33.5,33.2,33.2,33.6,33.0,32.4,33.5,32.7,34.3,33.0,35.0,33.1,33.9,32.5,32.0,34.7,33.6,33.6,33.3,32.7,34.0,32.7,33.1,32.2,33.8,32.7,32.8,32.9,33.8,32.9,33.2,32.7,32.8,33.6,32.9,33.6,33.5,32.9,33.3,33.0,32.8,34.0,33.3,32.8,34.7,33.9,33.0,32.2,33.9,32.4,32.7,32.8,33.4,32.7,32.2,33.2,33.2,33.4,33.4,33.1,33.6,33.5,32.4,33.6,33.3,33.3,33.2,32.5,33.1,33.9,33.6,33.3,33.5,33.2,33.1,32.9,33.3,34.7,33.1,33.8,32.9,33.4,33.3,33.8,33.0,33.4,32.1,33.4,34.0,32.5,33.5,33.4,33.7,34.2,33.2,33.4,34.2,34.1,32.7,32.2,33.4,33.7,32.4,33.5,34.2,33.5,33.0,33.7,34.0,34.6,33.8,33.4,33.5,33.0,33.8,32.9,33.7,33.4,33.0,33.1,32.8,33.4,33.3,33.2,33.0,33.7,32.5,33.1,33.4,33.6,32.4,33.3,33.8,33.1,33.7,32.2,33.3,34.3,32.8,33.0,34.1,34.1,33.5,34.2,31.9,33.3,33.1,34.3,32.8,33.3,33.5,33.2,33.6,32.9,33.4,33.3,33.6,32.8,32.7,33.6,33.3,33.1,33.5,33.2,33.9,33.7,33.0,33.3,33.9,33.6,33.8,33.3,33.4,33.8,34.3,33.5,32.7,33.5,33.7,33.2,33.8,34.5,34.2,33.7,32.1,33.7,33.1,33.1,32.7,32.7,33.4,33.2,33.3,33.6,33.0,33.1,32.8,32.5,33.8,32.3,32.8,33.2,33.6,33.3,33.5,33.9,33.6,32.9,33.2,34.1,32.6,33.9,35.1,35.7,35.5,34.1,33.0,32.5,33.8,33.5,33.7,33.0,33.2,33.1,33.8,33.0,32.6,33.3,32.7,32.4,32.9,33.4,33.6,33.4,34.1,34.0,33.7,34.6,33.1,34.6,34.6,33.7,34.3,32.9,34.2,36.5,34.7,33.7,33.5,33.2,33.3,33.0,33.5,33.7,33.1,33.6,34.1,33.0,33.1,33.6,33.7,33.1,33.4,32.8,33.2,32.9,33.0,32.7,33.0,33.6,34.1,33.9,33.3,32.3,33.5,33.7,34.2,34.8,34.6,34.1,33.7,33.2,33.0,33.5,33.5,33.5,33.7,34.2,33.1,33.4,32.6,32.9,33.8,33.0,32.1,33.6,33.7,34.1,32.3,34.3,34.1,33.5,33.6,33.8,33.3,34.3,33.2,33.9,35.1,35.7,34.4,35.1,34.3,34.1,33.4,33.7,33.6,34.0,33.5,33.5,34.0,33.1,33.1,32.6,33.2,33.6,33.1,33.3,33.9,33.5,33.5,32.6,33.4,34.2,32.9,33.1,33.8,32.9,33.2,34.6,35.8,35.6,35.3,35.0,34.5,34.2,33.0,34.5,33.3,34.0,33.4,33.6,33.9,33.6,33.0,33.0,32.6,33.3,33.9,33.5,34.6,34.1,33.0,33.5,34.6,33.8,34.3,33.6,33.3,32.5,34.9,33.3,34.9,34.1,34.6,34.4,34.9,35.1,33.3,33.5,34.0,33.2,33.8,32.2,34.5,33.4,33.6,33.8,33.6,33.0,33.8,33.4,33.7,33.3,34.1,34.3,33.0,33.2,34.0,33.6,33.9,33.1,33.9,34.3,34.0,34.8,34.5,33.9,34.9,34.5,33.1,32.8,33.7,33.1,33.2,33.7,33.4,33.6,33.0,33.4,32.8,33.0,33.6,33.5,33.7,33.0,34.0,34.1,35.1,32.5,34.4,33.7,33.0,32.7,34.7,35.2,34.4,34.4,33.6,34.1,34.0,34.9,33.6,33.2,33.1,33.7,33.1,33.4,33.3,33.0,33.1,33.1,33.8,33.6,33.0,32.1,34.8,32.6,33.7,33.5,34.0,34.2,33.4,32.7,33.5,33.7,34.7,35.5,33.8,34.0,34.2,33.2,34.2,34.7,33.2,33.9,34.4,33.4,32.7,34.3,33.4,33.8,33.5,33.6,33.5,33.3,32.5,33.8,33.9,34.0,33.8,33.6,33.0,32.9,33.5,33.5,34.4,33.8,33.9,34.2,34.7,35.7,34.9,33.8,34.1,34.3,34.0,33.7,32.8,32.9,34.0,33.2,33.5,33.2,33.8,33.1,33.4,33.9,33.9,33.4,34.6,33.5,33.3,34.3,34.0,33.0,33.2,34.0,33.8,34.1,33.6,34.7,35.5,34.9,35.3,34.9,34.3,nan,33.9,33.7,33.9,33.6,33.5,33.4,33.9,33.6,33.5,33.2,33.4,33.7,33.8,33.7,34.3,33.9,33.4,33.8,35.0,33.6,32.7,33.5,33.1,33.8,33.3,34.7,35.3,34.7,34.1,33.6,33.5,34.3,34.1,33.5,32.8,33.5,33.3,33.5,33.3,33.8,33.7,32.7,32.9,33.7,33.3,33.2,34.2,33.7,35.0,34.1,33.8,34.0,34.6,33.5,33.8,34.9,34.5,35.6,35.2,34.4,35.3,34.4,34.4,33.9,33.4,32.7,34.3,33.3,33.4,33.6,34.2,33.1,33.7,33.7,33.9,33.4,34.7,33.8,34.5,34.5,34.5,34.5,34.2,33.3,33.7,33.9,33.1,34.1,32.9,34.0,33.4,34.9,34.8,34.3,35.3,34.5,34.1,33.5,33.8,33.8,33.9,32.9,33.6,33.8,33.4,33.7,33.0,34.3,34.2,33.9,34.2,34.6,34.7,34.2,34.7,34.2,34.1,34.1,33.6,33.4,33.7,34.4,35.1,34.6,34.6,33.8,34.9,34.6,32.9,33.1,33.6,32.4,33.9,34.0,33.7,34.4,35.1,33.2,33.6,34.4,33.9,34.2,34.5,34.7,35.7,34.7,33.2,34.4,34.7,33.8,33.4,34.1,33.1,33.8,35.0,34.8,33.6,33.6,34.3,34.1,34.1,34.5,34.4,33.6,33.4,33.9,33.9,33.3,33.9,33.3,34.6,34.3,33.4,34.1,33.5,33.9,34.3,35.1,33.5,34.2,33.0,35.7,33.2,34.0,33.9,33.1,33.6,34.4,33.6,34.1,34.1,34.8,34.5,33.9,33.6,34.3,33.9,33.6,34.3,33.8,33.5,33.6,34.3,34.4,34.0,34.3,34.8,34.4,33.1,35.1
1785306803.2620366,2126,34.1,33.4,32.6,33.6,33.7,33.1,33.4,33.1,32.9,33.0,32.8,32.7,32.4,32.4,32.5,32.8,33.0,33.2,33.3,33.0,32.8,32.8,33.4,32.2,32.4,33.0,32.8,32.4,34.1,33.5,33.7,33.6,31.7,33.3,32.5,33.7,31.9,32.5,32.2,33.4,32.3,33.1,31.4,33.5,31.2,33.4,31.9,33.1,32.7,32.9,32.6,34.2,32.5,32.3,32.8,33.4,32.9,33.3,32.9,33.2,32.8,32.9,34.0,34.3,32.2,34.1,32.8,32.6,32.8,33.3,32.7,32.8,32.9,34.0,33.1,33.0,33.2,32.3,33.2,32.7,33.1,33.3,33.6,33.3,32.4,33.7,32.8,33.6,33.5,33.9,33.0,32.4,33.9,33.2,33.8,33.8,33.3,33.0,31.7,33.2,32.3,34.2,32.1,33.5,33.2,33.6,33.2,32.7,32.8,32.8,32.3,32.7,32.2,32.7,32.3,32.9,32.7,33.7,33.1,33.5,33.2,33.7,32.8,33.9,33.8,32.2,32.8,34.1,33.3,35.1,33.8,33.9,33.5,32.8,32.3,32.5,33.0,33.2,33.4,33.3,33.0,33.2,33.3,32.7,33.4,33.9,33.0,32.7,33.0,33.2,33.4,33.2,33.1,32.7,32.5,33.0,33.6,33.9,33.7,33.4,32.2,32.9,32.4,32.9,36.8,32.3,32.2,33.8,32.8,32.3,32.3,33.2,32.4,33.4,32.9,33.8,33.6,33.8,33.1,33.6,33.1,34.3,33.0,32.9,33.0,32.3,33.0,33.5,33.5,34.6,32.3,33.3,33.4,32.9,33.7,33.1,32.5,32.2,33.4,32.7,33.8,34.3,33.5,34.2,33.4,33.4,33.4,32.8,33.6,33.3,32.6,32.5,32.8,33.0,32.9,33.2,33.3,33.2,32.5,32.7,33.2,32.8,33.8,33.5,33.7,33.9,33.2,32.5,32.8,33.2,32.7,33.5,34.1,35.7,35.0,33.6,32.0,33.5,33.2,33.4,33.2,33.0,32.5,32.7,33.0,32.8,32.6,34.1,32.7,33.8,32.2,33.6,33.0,33.1,32.8,33.8,33.5,33.9,33.7,33.6,33.3,33.9,32.7,32.8,35.0,35.2,35.3,33.5,32.3,33.5,32.5,33.0,33.0,33.5,33.6,33.0,33.3,32.5,33.1,33.8,33.7,33.8,33.4,32.8,33.6,32.7,31.8,32.9,33.8,33.4,33.3,33.7,34.2,33.3,32.7,33.7,33.3,34.4,34.1,34.6,32.6,33.2,32.7,33.9,32.7,33.7,32.8,33.6,32.6,33.2,32.3,34.2,32.1,33.3,33.4,33.1,33.1,34.1,32.9,34.9,33.3,33.1,33.4,32.6,33.9,34.1,33.2,33.7,34.7,35.7,34.8,34.6,34.6,33.2,33.1,32.9,33.0,33.8,33.9,32.9,32.9,34.1,33.1,33.1,33.5,32.6,32.9,32.7,33.7,33.0,33.7,33.4,32.2,33.6,33.1,32.9,33.6,32.9,34.6,34.4,34.0,35.1,34.3,34.5,35.1,34.5,33.3,32.9,33.7,33.7,32.4,33.7,32.6,33.2,32.6,33.5,32.8,33.3,33.2,32.3,34.1,32.8,32.8,33.1,33.8,33.1,33.5,32.5,33.6,33.9,33.7,35.5,35.2,33.9,35.0,34.1,34.1,34.3,34.0,33.4,33.7,33.2,33.8,33.2,33.5,33.4,33.3,33.1,33.2,33.5,33.1,32.5,34.4,33.3,32.9,32.7,33.7,33.4,33.2,33.8,33.3,33.3,34.4,35.1,34.1,35.8,34.1,34.5,33.4,35.3,32.5,33.0,32.9,33.3,32.9,33.4,33.6,33.7,33.0,33.1,33.1,33.2,33.4,34.3,32.8,33.9,33.0,34.1,33.4,34.2,34.0,33.9,33.1,32.6,34.0,34.3,33.9,34.4,34.1,33.8,34.4,34.4,33.8,33.5,33.5,32.7,34.0,33.7,33.8,33.5,33.6,33.8,33.6,32.6,34.2,33.2,33.7,33.5,33.9,33.9,34.0,33.5,32.8,32.5,32.9,33.3,33.8,34.5,33.3,33.5,33.2,33.4,34.7,34.7,33.4,34.6,34.2,33.4,33.6,33.6,33.5,33.3,33.4,33.9,33.3,33.8,33.0,34.2,33.2,33.4,33.6,34.2,33.8,33.1,33.1,33.7,34.2,34.1,34.2,34.4,34.6,34.7,33.8,33.3,35.2,34.0,34.4,32.5,33.2,33.3,33.5,33.8,33.0,33.5,33.1,33.1,33.9,33.6,33.0,32.7,33.9,33.9,33.7,34.1,33.2,33.2,32.0,34.6,33.8,33.4,34.1,34.3,34.2,34.0,32.5,34.7,34.6,nan,33.4,33.9,33.4,33.0,33.9,33.8,33.9,34.1,33.2,33.6,32.3,33.5,32.0,34.4,32.9,33.0,33.8,34.6,34.7,32.9,33.9,33.3,33.1,33.6,34.4,35.1,35.1,33.9,34.6,33.8,33.5,34.3,34.1,34.1,33.2,33.3,33.1,33.5,33.6,33.2,33.7,33.0,33.4,32.8,34.0,34.3,34.2,33.1,35.0,33.7,34.0,34.2,33.8,34.1,33.6,33.4,33.9,35.1,34.4,34.2,33.9,34.4,34.0,34.6,33.1,33.7,33.6,33.1,33.4,34.1,33.3,33.7,32.1,33.7,32.8,33.8,34.1,33.6,33.5,33.5,33.4,33.7,34.4,32.4,33.5,32.8,33.8,34.1,33.7,34.2,34.3,34.2,34.5,33.6,34.5,34.5,33.9,33.8,34.5,32.9,33.9,34.1,33.8,34.5,34.5,32.1,34.3,33.2,33.8,33.1,33.6,33.6,34.5,34.0,32.7,34.2,33.5,34.1,33.6,33.6,34.2,33.3,34.2,35.1,33.6,34.2,34.3,34.8,32.4,33.6,34.6,33.1,33.2,34.1,33.0,34.1,32.2,33.7,33.5,33.4,33.5,34.4,34.1,33.7,34.6,35.2,34.1,34.1,33.4,33.8,34.0,34.1,33.4,32.7,34.5,35.0,34.5,33.4,34.6,33.4,34.8,34.1,32.7,32.7,33.4,34.8,33.9,32.9,34.1,33.7,34.1,32.9,34.2,33.7,33.9,33.7,34.8,34.9,34.0,33.8,32.4,33.5,32.8,33.8,33.3,33.9,34.5,35.2,34.5,33.6,34.0,34.3,33.3,33.2,33.1,34.7,33.6,34.4,33.9,33.6,33.3,33.6,33.2,34.4,34.2,32.7,34.0,34.6,32.9,34.8
1785306805.468729,2127,33.2,34.2,33.6,34.6,32.1,33.6,32.9,33.1,32.9,32.4,32.6,32.8,31.0,32.8,32.0,34.3,32.2,32.8,32.5,33.9,32.9,33.2,33.8,33.2,32.0,33.4,31.7,32.6,34.3,33.5,34.5,32.6,34.7,33.2,34.0,32.5,34.1,32.5,34.1,33.7,33.6,32.5,32.7,33.3,33.2,32.7,33.2,32.9,33.2,32.5,33.4,33.3,33.7,32.3,33.7,32.8,32.5,33.3,32.7,32.8,34.2,33.5,34.0,33.0,33.4,33.9,32.1,34.2,32.8,33.3,32.9,34.0,32.6,33.1,33.1,34.1,33.2,33.2,32.7,33.4,33.6,33.3,33.2,32.8,32.0,33.3,33.4,33.6,32.9,32.8,33.0,33.5,34.1,32.1,33.3,34.5,33.3,32.7,33.1,33.4,32.1,33.8,34.2,33.0,33.7,32.8,33.0,31.8,32.8,32.3,32.6,32.3,33.2,32.5,32.8,33.5,32.8,32.6,33.3,32.4,33.2,33.4,33.2,33.5,34.7,33.2,32.8,34.1,31.1,33.0,33.6,33.4,32.3,32.8,33.4,32.5,33.5,33.2,32.1,33.3,32.8,33.5,32.3,34.4,32.9,33.2,32.3,32.9,33.0,33.0,33.8,32.6,32.7,33.5,32.1,33.4,32.4,32.8,33.2,33.4,32.7,33.1,32.6,32.9,33.8,32.1,32.7,32.6,32.8,32.6,32.6,33.9,33.2,33.1,33.7,33.0,34.1,33.1,33.1,32.9,33.8,32.7,33.3,33.2,33.9,33.7,33.3,32.9,33.0,32.9,33.1,32.7,33.8,32.2,33.1,33.7,32.3,33.9,32.4,33.9,33.1,35.0,33.5,33.8,33.1,33.5,33.2,32.6,32.7,33.5,33.1,33.7,33.4,32.3,33.3,33.4,32.8,33.2,33.4,33.4,32.6,33.2,32.9,32.9,33.9,33.7,34.2,33.2,33.2,33.2,33.8,33.1,34.9,34.4,35.0,33.8,33.3,32.8,34.0,33.0,33.2,32.5,34.0,32.9,33.5,32.6,32.6,32.7,33.6,34.0,33.3,32.8,34.5,32.1,33.0,32.3,33.5,33.5,32.5,33.6,32.7,32.9,32.9,34.0,34.4,35.0,35.6,34.0,33.5,33.3,33.1,33.3,33.3,34.0,33.1,33.1,33.6,33.6,32.7,32.6,32.5,32.7,33.2,33.5,33.0,33.3,33.6,33.7,33.2,34.2,33.9,33.5,32.9,33.2,34.4,33.2,34.1,34.7,34.1,34.0,33.5,33.0,32.7,33.2,33.5,32.9,33.8,33.7,34.0,32.9,32.8,33.5,32.1,33.1,32.5,33.1,32.9,33.1,32.5,34.2,33.5,33.7,33.0,33.4,33.1,33.9,33.1,34.2,35.2,35.7,35.0,34.8,34.4,33.5,32.8,32.5,33.2,33.2,33.6,32.9,32.7,33.8,33.6,33.0,33.2,32.8,32.7,33.8,34.4,33.0,32.5,33.4,33.6,33.4,33.3,32.7,33.5,33.1,34.1,34.1,34.8,34.9,34.8,34.5,35.0,33.7,33.7,33.2,33.1,32.9,32.7,33.2,32.9,33.1,32.4,32.8,33.4,33.1,33.0,32.6,33.5,33.0,33.2,33.1,32.5,33.1,33.1,34.0,34.0,33.6,33.0,35.5,34.9,34.2,34.4,35.0,34.6,35.1,33.2,33.7,33.7,33.0,34.1,34.2,34.0,33.0,33.6,33.1,32.4,33.1,33.5,33.6,34.2,33.5,33.5,33.3,33.9,32.8,33.6,32.8,34.1,33.5,34.6,33.9,35.1,34.0,33.8,33.5,34.7,34.2,33.2,33.6,33.7,33.0,33.4,33.4,33.4,33.2,33.2,33.2,33.1,33.2,33.9,32.0,33.5,33.4,33.6,33.5,33.4,34.0,33.4,33.5,33.8,34.2,34.5,34.0,34.2,33.6,33.9,34.1,34.1,34.0,34.3,33.5,33.7,33.5,32.9,32.9,33.8,33.3,33.6,33.6,33.4,33.6,32.8,33.7,32.7,33.0,33.7,33.7,34.2,33.3,33.8,33.2,33.1,33.9,34.3,34.1,33.3,33.5,32.9,33.7,33.4,34.7,33.4,32.6,33.7,33.4,33.6,34.6,33.4,32.8,33.4,33.9,33.1,33.0,33.2,33.3,33.7,33.2,33.4,33.6,33.8,34.2,33.1,33.9,33.1,33.4,34.4,34.9,34.6,34.4,33.9,34.6,34.6,34.0,34.6,33.5,32.7,33.3,33.0,33.7,34.3,33.5,32.9,33.8,33.9,33.2,33.5,33.2,33.5,33.7,33.7,34.5,33.4,32.8,33.6,33.2,33.8,32.8,33.6,33.6,34.9,34.5,34.8,34.5,34.2,nan,34.2,33.2,33.6,33.1,33.2,33.9,33.7,33.5,33.0,32.7,33.5,32.8,33.2,32.6,34.3,34.5,33.8,33.7,33.9,32.9,33.1,33.3,33.1,33.8,33.6,35.1,34.4,34.6,33.9,33.9,34.0,34.0,34.1,34.5,33.8,33.3,33.4,33.8,33.0,34.0,32.7,33.9,33.7,32.8,34.6,32.8,33.4,33.9,33.1,34.1,33.2,32.7,34.4,33.5,33.4,32.8,34.3,35.4,34.7,33.3,34.4,33.7,34.3,33.7,34.7,33.4,33.6,33.6,33.9,33.3,33.6,33.6,32.8,33.2,34.0,33.8,33.2,32.9,33.9,33.3,33.2,33.3,34.1,33.5,33.3,34.5,33.0,33.5,32.7,34.2,34.1,35.6,33.7,34.3,35.0,34.7,33.6,34.0,33.8,33.4,33.9,34.1,33.6,34.5,33.4,33.4,33.0,33.5,33.8,34.1,35.0,33.4,34.7,34.0,33.8,32.9,34.7,34.5,34.0,33.9,33.7,34.0,34.4,34.6,33.9,33.5,34.9,34.4,33.9,33.6,34.2,32.9,32.7,33.4,33.0,33.2,34.0,33.3,32.7,34.2,33.3,34.0,33.3,33.7,34.8,34.3,32.7,34.6,32.7,34.2,33.3,33.7,33.6,34.2,33.9,35.0,33.9,33.4,34.8,34.6,33.7,34.3,33.5,33.8,34.2,33.6,33.6,34.1,33.7,32.9,33.5,33.5,33.5,33.7,33.5,34.8,34.8,34.8,34.2,32.8,33.2,32.8,33.8,32.8,33.1,34.1,34.3,34.8,34.0,33.4,33.6,33.6,34.5,33.4,33.8,32.9,33.4,34.0,34.1,33.4,34.2,33.5,34.3,34.2,34.8,33.4,33.3,33.3,33.3,35.3
1785306807.4987826,2128,33.5,33.4,33.8,33.8,34.2,33.8,33.2,33.0,32.1,32.8,33.2,33.0,32.9,32.6,33.5,33.3,34.0,31.9,33.5,33.9,33.5,33.7,33.0,32.8,32.8,33.6,34.1,33.3,34.1,32.8,33.5,34.1,34.7,33.0,33.9,33.9,34.1,32.3,33.7,32.9,34.0,32.7,33.3,32.5,32.9,32.3,33.5,33.4,33.1,32.7,33.3,32.7,33.4,33.0,33.7,33.7,32.9,33.1,32.7,33.2,33.1,34.0,34.2,34.5,33.6,34.1,33.0,33.3,33.0,33.7,34.1,33.8,33.4,33.1,33.3,32.5,32.8,33.0,33.0,32.7,33.1,33.8,33.2,33.8,32.9,33.0,32.8,32.9,33.9,32.8,33.6,33.9,33.1,33.4,33.6,34.5,35.0,34.6,32.9,33.6,32.5,33.1,32.9,33.4,33.3,33.4,33.0,32.9,33.1,32.4,33.6,33.5,32.9,33.0,32.8,32.5,33.4,32.8,33.8,33.3,33.2,33.1,33.2,33.1,33.4,33.7,33.0,33.0,33.3,34.2,32.7,34.5,31.7,33.2,33.2,32.7,32.6,33.9,32.3,33.3,33.1,33.4,32.9,33.0,33.2,33.1,33.5,33.9,33.5,32.5,32.9,33.5,33.1,33.8,33.3,33.0,34.2,32.4,33.5,34.3,33.2,33.6,33.9,33.7,34.4,32.7,32.9,32.8,33.3,32.6,33.0,33.5,34.2,33.6,33.2,33.1,33.8,33.6,33.1,34.6,32.9,32.9,34.2,33.5,33.7,32.9,32.8,33.3,33.1,33.7,33.6,34.0,33.8,32.9,34.1,33.5,32.5,34.1,33.4,33.2,33.2,33.6,33.8,34.5,33.1,33.9,32.9,33.4,33.6,33.2,32.9,34.0,32.4,32.6,32.8,33.6,33.7,32.8,33.5,34.0,32.8,33.2,34.4,33.3,32.8,33.9,33.6,34.1,33.2,34.1,33.3,33.3,34.4,34.2,34.9,34.3,32.8,33.6,33.6,32.9,33.4,33.0,33.5,32.9,33.7,33.1,32.6,32.9,33.6,32.6,33.4,32.8,33.2,33.8,32.4,33.8,32.8,34.8,31.9,34.6,32.9,33.3,33.6,34.3,34.0,34.2,35.0,35.0,32.8,33.9,32.8,33.3,33.6,33.5,33.4,32.8,32.6,32.8,33.2,33.4,33.7,32.9,33.0,32.8,33.6,32.7,32.8,34.1,34.2,33.1,33.3,33.3,34.2,32.5,34.0,33.5,33.6,34.7,34.9,34.1,32.5,32.5,33.5,33.4,34.4,33.3,33.2,33.1,33.4,33.7,33.3,33.2,32.4,34.0,33.0,33.8,32.9,32.6,32.7,33.0,33.5,33.3,33.4,34.2,33.1,34.3,32.5,33.5,34.0,34.9,35.6,35.2,34.7,34.1,33.4,33.3,33.3,32.7,33.6,33.8,33.2,34.1,33.5,32.8,33.0,33.9,32.9,34.0,33.7,33.3,34.7,33.6,33.8,33.8,33.7,33.9,33.6,32.9,33.7,33.9,35.5,34.7,35.4,35.1,34.0,34.8,33.8,32.9,32.9,33.7,33.7,33.4,32.7,33.5,33.1,32.7,33.1,34.3,33.2,32.9,33.9,32.6,32.8,32.3,34.2,34.4,32.7,34.4,32.9,33.9,33.6,34.8,33.9,34.7,34.0,35.4,35.1,35.1,33.6,33.7,33.7,33.6,34.1,34.0,34.1,32.5,33.8,34.1,32.7,31.9,34.2,34.1,33.8,32.8,33.9,33.9,34.1,33.0,33.2,33.6,32.8,34.0,34.4,34.3,35.3,34.1,34.9,34.2,33.2,33.9,33.5,33.8,33.4,34.1,33.6,32.6,33.2,34.0,33.5,33.4,34.1,32.7,33.5,33.8,34.4,33.9,34.4,32.9,34.2,33.6,35.0,33.5,33.5,33.3,35.6,35.5,33.7,34.6,34.6,33.8,33.9,34.9,34.6,33.3,33.2,33.6,33.8,33.3,33.1,32.8,34.1,32.8,33.1,32.6,33.1,33.5,33.5,33.5,33.7,33.7,34.2,33.9,34.2,33.6,33.3,33.7,34.1,35.0,34.6,34.1,33.8,34.3,33.6,34.1,34.5,33.9,33.6,34.4,33.8,33.5,34.0,33.9,33.2,33.4,33.0,33.1,33.4,34.2,33.4,33.2,33.8,33.6,33.8,35.2,32.9,33.5,33.6,34.3,35.1,34.0,34.2,35.1,33.9,35.3,34.4,34.8,34.7,34.0,32.8,33.7,33.3,34.8,33.8,32.7,33.3,33.4,34.4,33.4,33.3,34.0,34.4,34.2,32.7,34.3,35.3,33.6,33.6,34.0,34.0,33.0,34.6,32.9,34.0,35.0,34.3,34.5,34.1,nan,34.2,33.4,34.1,33.6,32.7,33.8,33.1,33.2,33.7,33.0,33.2,32.4,32.5,33.5,33.2,33.5,33.8,34.9,33.6,33.8,33.5,33.9,33.1,33.6,34.2,34.9,33.7,34.4,34.2,34.3,33.6,34.1,35.4,34.3,33.0,33.0,33.9,33.8,33.6,33.3,33.4,33.7,34.1,33.5,33.3,34.1,33.4,34.0,34.8,34.1,33.8,33.5,34.2,33.7,34.5,33.5,34.3,33.6,34.9,34.0,34.1,34.2,33.9,33.3,33.9,34.2,33.3,33.3,32.7,33.4,33.4,34.1,34.4,33.9,33.7,33.4,33.7,33.8,33.9,35.0,33.4,33.9,34.4,34.0,33.5,34.1,33.4,32.6,32.7,33.9,33.9,34.7,33.6,34.8,33.9,34.3,34.1,34.0,34.1,33.1,32.8,34.1,32.9,33.5,31.9,33.0,33.5,33.9,34.0,34.3,33.8,34.2,34.1,34.4,34.7,34.4,34.3,33.8,33.4,33.1,33.8,34.4,35.1,34.7,33.9,33.6,35.3,34.2,33.9,33.4,33.6,33.7,33.3,34.4,33.2,33.7,33.8,33.2,33.6,34.0,33.5,32.8,34.5,35.0,34.0,35.1,32.9,34.4,33.6,34.7,33.9,34.1,33.0,34.0,34.2,35.0,34.1,33.6,33.2,34.4,33.0,33.6,33.4,33.4,34.1,34.5,33.0,33.2,34.2,33.3,34.4,33.5,34.3,34.3,33.3,33.3,33.6,34.4,33.3,34.2,34.4,33.5,34.8,33.8,32.9,33.9,34.3,34.6,34.0,33.4,34.1,33.6,34.1,33.9,33.4,33.8,33.8,33.1,34.1,33.4,33.7,33.5,34.7,34.6,33.6,33.6,33.9,34.6,34.7,35.0
1785306809.7157557,2129,33.9,33.5,33.5,34.7,33.8,31.7,33.1,33.2,33.4,33.5,33.1,33.2,33.0,32.3,33.0,33.6,33.6,32.4,32.6,32.3,33.6,33.1,31.3,32.7,33.3,32.7,32.7,33.4,34.2,32.9,32.6,33.2,32.7,32.9,33.3,33.4,33.3,32.4,33.2,33.8,32.6,33.0,32.8,33.4,32.4,32.6,32.4,33.5,32.5,32.8,34.0,32.6,33.1,33.1,32.9,33.4,33.4,32.4,33.0,32.9,34.3,33.4,33.1,32.4,34.5,33.7,33.6,33.4,33.8,34.0,33.6,32.3,33.3,32.8,31.9,32.4,32.6,33.0,33.1,32.7,33.0,32.9,32.8,33.6,33.0,33.2,33.1,33.7,33.4,33.5,31.6,34.0,33.2,33.3,32.8,34.7,33.7,33.6,32.5,32.6,33.4,33.3,33.2,32.7,32.3,32.7,33.5,33.0,32.0,33.2,33.2,31.8,32.6,32.7,32.2,33.4,33.3,32.0,32.5,32.5,32.8,32.8,32.9,32.2,33.1,32.3,32.9,33.8,34.1,33.4,32.6,33.8,33.4,32.7,32.9,32.4,32.5,33.5,32.5,32.2,33.4,33.1,31.8,32.5,33.4,32.7,33.0,32.8,33.6,33.5,33.3,33.3,31.7,32.8,31.8,32.5,33.1,33.0,32.7,34.4,33.3,33.5,31.6,33.2,31.8,33.0,32.8,32.3,32.8,33.2,34.1,32.6,33.9,33.3,33.0,34.3,32.7,32.8,33.0,33.2,33.4,33.5,32.9,33.3,33.3,33.0,33.1,32.8,33.9,33.0,33.2,33.2,32.6,33.9,33.4,34.1,33.5,32.7,32.9,33.1,33.5,34.1,34.4,34.0,33.5,32.4,32.7,32.5,32.9,33.1,33.3,33.4,33.6,32.6,32.0,32.8,32.2,32.4,33.3,33.6,33.2,33.1,33.7,33.2,33.8,32.9,33.5,32.3,32.0,32.7,32.8,33.2,33.6,33.9,35.5,33.3,32.8,33.4,32.3,32.3,33.0,31.5,33.6,32.4,33.5,33.2,32.4,33.0,33.5,32.7,32.8,32.2,33.2,32.2,32.5,33.7,33.8,34.4,32.0,33.9,32.5,34.0,33.3,33.4,34.1,34.6,34.9,33.8,33.3,32.6,33.4,33.1,33.8,33.3,33.1,32.8,33.3,33.9,32.5,33.4,32.7,33.5,32.2,32.7,33.5,33.2,32.3,33.2,33.7,33.7,34.0,32.8,32.8,33.1,32.8,33.9,33.3,34.3,33.8,34.2,32.5,32.8,33.0,33.3,33.0,33.7,33.1,33.0,32.5,32.2,32.9,32.4,33.4,33.0,32.4,33.0,33.8,32.3,32.6,33.5,33.2,34.1,32.9,33.5,33.4,33.5,32.8,33.5,35.3,35.5,34.6,34.2,34.5,33.9,32.3,33.3,33.1,33.1,32.5,33.1,33.1,33.4,32.5,33.1,32.7,33.6,32.8,33.2,34.3,33.1,33.4,32.5,32.5,33.1,33.1,33.6,33.0,32.6,33.5,33.8,35.1,34.8,34.6,35.0,34.3,34.4,33.6,32.5,32.9,32.6,33.3,33.4,33.3,33.8,32.9,32.4,32.7,33.4,32.1,33.0,34.2,32.7,34.1,33.4,34.5,32.8,33.0,33.4,34.4,33.2,34.8,34.1,33.3,34.8,34.3,34.5,34.3,34.7,32.9,33.3,33.6,32.8,32.5,32.7,32.9,33.1,32.8,33.2,32.8,32.9,32.6,34.2,33.4,32.9,33.8,33.4,33.4,32.9,33.9,32.9,32.9,33.4,34.0,34.3,34.1,34.0,34.2,33.9,33.7,34.0,33.2,32.2,33.7,32.2,33.5,33.1,33.7,32.6,33.5,33.4,33.1,33.4,33.8,33.5,33.5,32.5,33.3,33.4,33.5,33.3,34.3,33.6,33.4,32.7,33.7,34.3,33.6,33.9,33.7,34.1,34.2,34.4,33.2,33.5,33.6,33.4,32.7,32.8,33.3,33.9,33.5,33.6,33.0,33.9,33.6,33.5,33.6,33.3,34.2,33.4,33.9,33.4,33.1,33.5,33.7,33.0,33.7,34.5,33.9,33.4,33.3,33.3,34.2,35.1,33.7,33.0,33.5,32.8,32.8,34.0,34.0,33.0,32.6,33.6,32.4,32.9,32.6,32.8,33.5,33.5,33.5,34.5,33.1,34.1,33.4,33.4,34.2,33.3,33.9,34.7,34.6,35.2,34.0,35.1,35.3,34.1,33.8,33.3,33.2,33.3,33.0,33.4,33.2,33.6,32.6,33.9,32.6,33.2,32.8,32.6,33.2,33.0,32.4,33.6,33.7,33.3,33.7,33.3,33.9,32.9,33.0,33.6,34.3,34.1,35.1,34.6,34.5,nan,34.1,34.1,34.0,33.0,33.5,33.8,33.8,33.1,33.3,32.9,33.3,32.8,32.6,33.0,33.9,33.2,33.3,34.2,32.9,33.7,33.0,32.8,34.1,33.5,33.5,35.2,34.5,34.3,34.1,33.4,33.5,34.1,34.5,34.3,33.2,33.3,33.0,34.1,33.3,33.8,32.7,33.5,33.8,33.1,33.0,33.1,33.9,33.8,34.3,33.8,34.6,33.2,34.1,34.0,33.0,33.1,34.0,34.1,35.0,33.4,33.0,34.2,33.4,33.6,34.5,33.8,33.2,32.8,33.0,32.7,34.3,33.8,34.0,33.9,33.6,33.5,32.2,33.1,33.1,33.2,34.0,33.2,34.3,34.1,34.0,34.0,33.3,33.3,33.2,32.9,34.9,34.7,33.5,34.7,34.3,34.4,32.9,33.9,32.9,33.4,33.8,33.2,33.8,33.8,33.1,33.3,33.6,34.2,33.1,33.8,33.3,32.9,33.7,33.9,34.6,34.3,33.2,34.4,32.9,33.8,34.0,33.2,33.6,34.3,33.5,33.2,34.5,34.6,33.5,34.0,33.9,33.8,33.1,33.3,33.8,33.8,33.6,33.2,33.0,33.1,34.0,33.9,34.0,34.5,33.6,34.0,34.0,33.3,33.3,33.7,33.8,33.0,32.5,33.7,34.0,34.6,32.9,33.0,34.1,34.7,33.6,33.4,34.1,33.0,34.0,34.4,33.8,33.4,34.3,33.4,33.6,33.8,32.8,34.6,34.2,33.8,33.5,34.5,33.4,33.0,34.3,33.1,33.7,32.9,33.2,33.4,33.9,33.4,33.4,33.6,34.3,34.0,34.4,33.5,32.8,32.8,33.3,33.5,33.7,33.5,33.3,33.2,33.3,34.7,34.1,32.7,33.2,33.9,33.9,33.8
1785306811.961315,2130,33.7,33.8,33.2,32.7,33.4,33.4,33.3,32.7,33.0,32.1,33.5,33.3,33.0,32.7,33.0,33.4,32.8,33.1,32.0,33.6,32.5,33.6,31.7,33.7,32.7,33.5,33.1,33.2,32.8,34.5,33.1,33.5,33.0,33.4,33.1,32.6,32.4,32.2,32.9,33.4,33.5,31.8,31.8,32.6,32.2,33.5,33.1,33.9,32.6,32.3,33.2,33.4,32.7,32.4,32.6,33.6,33.6,32.6,33.0,33.8,33.8,32.1,33.4,33.9,33.5,32.8,32.0,33.2,32.7,32.9,32.6,33.5,32.3,32.6,31.9,33.1,31.8,32.8,32.8,33.0,32.3,33.5,32.9,32.3,32.8,32.9,32.3,34.1,33.0,32.7,31.6,33.1,33.8,34.4,32.8,33.7,32.0,32.4,33.2,33.5,32.2,33.3,34.1,33.7,32.9,33.3,33.5,32.6,32.5,32.2,33.5,32.9,31.9,32.8,33.4,33.1,32.0,32.2,33.0,32.8,32.7,33.2,32.5,34.4,33.7,33.1,33.6,33.3,33.2,34.1,33.7,34.4,32.6,32.7,32.9,33.5,32.5,33.3,32.6,33.0,33.5,32.6,32.5,33.4,33.7,32.8,32.7,33.0,33.6,32.8,33.0,33.8,32.5,33.0,32.4,33.7,33.3,34.6,32.7,34.2,32.6,32.8,34.0,33.0,32.7,33.2,33.4,32.9,32.7,32.7,32.7,32.2,33.0,32.1,32.9,33.2,33.0,32.8,32.3,32.8,33.7,33.5,32.5,33.1,33.2,33.6,33.4,33.9,33.0,33.0,32.8,33.4,32.8,33.5,32.8,33.4,33.0,33.2,33.3,33.1,32.8,33.2,32.5,33.1,34.1,33.3,33.8,33.5,32.9,32.9,33.6,33.4,33.0,33.0,32.4,32.6,32.3,32.9,33.3,33.5,32.9,34.1,32.4,33.8,34.7,33.1,32.8,33.3,32.1,33.1,32.1,33.0,32.9,33.8,33.4,34.2,34.5,34.0,32.9,32.8,33.1,32.6,33.4,33.3,33.4,32.1,33.0,34.0,33.3,33.0,33.0,32.5,31.8,33.7,33.1,33.0,33.4,32.7,33.2,33.3,32.3,33.6,32.8,33.4,32.4,32.7,34.1,34.1,35.6,35.1,34.0,33.8,33.3,33.5,32.3,33.3,32.5,33.0,33.3,33.1,32.1,32.8,32.2,34.1,33.3,33.5,32.7,33.0,33.3,33.5,33.4,33.0,33.0,32.6,33.9,33.9,32.9,33.6,33.0,34.7,35.9,35.4,33.5,33.4,33.6,32.9,33.4,33.4,32.6,33.0,33.5,31.9,33.3,33.7,34.1,33.2,34.1,33.6,33.4,32.9,32.5,33.4,33.3,34.3,32.9,33.1,32.6,33.9,33.9,34.3,34.9,35.6,34.8,34.8,33.0,33.4,33.2,31.5,33.7,32.8,33.1,33.0,33.1,33.5,33.2,32.7,33.2,33.5,33.6,31.9,32.8,34.1,33.3,34.1,33.8,33.4,32.4,33.2,33.6,32.8,34.2,34.5,35.3,35.0,35.0,34.1,34.3,33.6,32.5,33.4,33.2,33.8,33.0,33.0,32.8,33.2,33.0,33.2,33.5,32.7,32.5,32.9,33.5,33.4,34.3,33.2,32.0,33.9,33.1,33.7,32.7,33.7,34.3,35.3,34.3,34.0,34.8,34.3,35.0,33.4,33.2,33.4,33.5,33.3,33.1,33.1,32.5,33.2,32.8,33.2,33.0,33.6,33.6,33.2,34.6,34.0,33.1,33.1,33.3,33.3,33.0,33.2,33.6,33.8,34.0,33.7,34.7,33.6,34.3,34.7,34.4,34.3,33.0,32.9,33.9,32.5,33.3,33.1,33.7,33.1,33.3,32.9,33.3,33.2,32.5,32.3,33.3,32.8,33.3,33.5,33.3,33.4,33.7,33.7,33.7,34.4,34.1,34.0,34.2,34.2,33.4,33.2,33.8,35.8,32.9,34.0,33.3,32.1,32.5,33.1,34.2,33.0,32.1,33.3,33.4,33.4,33.7,33.2,34.4,34.2,34.3,33.6,33.7,33.9,33.3,33.6,34.4,33.5,34.4,33.9,34.4,33.3,34.0,33.6,35.0,35.3,33.3,33.2,33.4,33.4,33.1,33.3,33.4,33.3,32.0,33.0,34.5,32.6,32.7,32.7,33.9,33.3,33.1,34.1,33.6,33.8,33.3,33.1,33.0,34.1,34.4,34.1,34.5,34.7,33.8,33.7,33.7,35.0,32.7,32.9,33.7,34.9,33.0,33.6,33.0,33.7,33.1,33.0,32.7,34.2,33.4,33.0,32.6,33.8,33.9,33.3,33.5,32.9,33.1,33.4,33.5,33.1,34.2,33.4,32.1,34.4,34.3,nan,33.7,33.8,34.3,32.5,33.1,33.5,32.8,33.3,33.1,33.4,33.8,32.1,34.2,33.4,33.3,33.0,34.5,33.0,32.9,32.4,33.6,34.4,32.6,34.0,34.1,34.6,34.5,34.6,34.0,35.3,33.9,33.0,34.4,34.2,34.0,33.0,33.5,33.5,32.5,33.1,32.1,34.2,33.1,32.9,34.7,34.2,33.3,33.9,33.8,34.4,32.8,33.2,33.5,33.2,33.3,33.3,33.6,33.9,33.6,33.7,34.6,34.7,34.5,33.5,33.9,33.6,33.8,33.3,33.5,33.8,33.3,33.3,33.4,33.2,33.2,33.9,34.4,34.3,33.8,33.6,33.5,34.2,34.9,34.1,32.1,35.0,33.3,34.4,33.0,33.9,33.1,34.0,34.2,35.9,33.7,34.5,34.7,34.2,34.0,33.5,33.8,34.2,33.8,34.0,33.3,34.3,33.6,34.0,33.7,34.6,33.5,34.9,34.2,35.4,33.7,33.6,33.4,33.7,33.5,34.4,32.6,33.0,33.2,34.5,34.8,34.4,34.1,34.5,33.4,34.3,34.0,32.5,33.1,33.3,33.4,32.9,31.2,32.9,33.2,33.7,33.4,33.9,33.2,33.4,34.7,35.5,32.8,33.6,32.8,34.4,32.6,33.2,33.1,33.3,33.6,33.8,34.5,35.1,33.6,34.1,34.9,33.7,32.7,33.8,32.9,33.8,33.3,33.3,33.6,33.4,32.2,33.0,33.6,34.7,33.4,33.6,34.7,36.1,33.6,33.4,32.7,33.8,32.9,33.9,33.6,33.6,33.8,33.2,34.0,34.4,33.7,33.0,34.2,33.6,32.1,34.4,33.8,33.2,33.4,33.1,33.6,32.9,33.8,33.7,34.4,33.5,33.8,34.3,33.9,34.7
1785306813.9380157,2131,35.0,33.0,32.7,33.7,33.8,31.7,33.3,33.8,33.4,33.9,34.4,33.2,33.0,31.9,32.8,33.4,33.4,33.1,33.4,33.1,33.6,32.9,32.7,33.3,33.1,33.5,33.4,34.1,34.0,33.4,34.4,33.5,33.5,34.4,33.6,34.1,34.0,33.3,32.3,33.4,33.6,33.0,33.8,33.2,33.0,32.4,33.5,33.3,32.8,33.2,33.1,33.0,34.0,33.1,33.2,33.8,33.0,33.0,33.5,32.5,34.3,33.7,32.7,34.4,32.8,33.8,32.9,33.2,33.1,34.6,33.4,33.9,33.3,33.6,33.4,33.1,32.9,33.1,33.5,33.5,32.8,32.5,33.5,33.0,32.6,32.9,33.4,33.0,33.0,33.6,33.0,33.2,33.0,32.5,33.5,33.5,33.7,34.3,32.3,33.7,32.8,33.5,33.2,32.5,33.1,33.3,32.8,33.3,32.3,33.2,33.4,33.1,33.1,33.6,33.6,33.1,32.6,32.9,32.3,33.0,33.3,33.3,32.9,32.0,33.5,33.1,34.1,32.8,33.4,32.9,33.2,33.6,34.0,32.1,33.5,33.4,32.9,32.8,32.9,33.0,32.9,33.1,33.2,33.6,33.4,32.3,33.7,32.5,33.6,34.0,34.0,33.6,33.5,32.5,33.3,33.7,33.5,33.2,34.9,33.5,34.0,33.3,32.5,33.9,32.8,34.1,33.6,32.1,33.8,33.4,33.4,32.7,33.3,34.0,33.3,33.3,33.4,33.0,33.2,33.2,33.4,33.5,32.9,33.4,33.4,33.6,32.9,33.7,33.3,33.2,32.6,33.8,33.2,33.0,33.8,32.8,34.3,33.6,32.7,33.3,33.7,33.5,33.2,34.4,34.7,34.3,32.8,33.3,33.0,33.4,32.9,33.9,33.8,33.7,34.1,33.3,33.4,32.9,32.9,32.6,33.6,33.1,33.5,33.9,33.2,33.6,33.7,32.5,32.7,32.3,32.8,33.0,33.4,33.6,33.8,34.2,35.8,35.4,33.6,33.6,33.0,32.6,33.6,33.1,33.8,33.0,32.8,33.3,32.6,33.5,32.8,32.3,32.6,33.7,34.0,33.2,32.3,33.2,33.0,34.5,33.4,32.7,33.3,32.8,33.6,33.1,33.6,33.9,35.9,35.0,34.5,33.8,33.2,32.6,33.3,33.4,33.5,32.7,33.3,33.7,32.6,32.8,33.1,32.9,33.7,33.0,34.7,33.6,33.3,33.7,33.6,33.0,33.2,33.3,33.8,33.8,33.6,33.1,34.0,35.0,35.2,35.3,32.6,33.6,33.1,34.2,33.7,33.4,33.1,32.8,33.7,33.1,32.5,33.2,32.9,33.9,33.2,33.9,34.8,33.3,33.6,32.6,34.3,32.5,33.0,33.1,33.3,32.9,34.1,34.3,35.1,34.7,34.3,34.2,34.6,34.1,33.4,32.6,33.3,33.1,33.2,33.5,33.6,33.5,33.1,33.0,33.2,33.3,33.0,33.2,34.0,33.9,34.4,33.7,33.4,33.8,33.2,33.7,33.3,32.6,34.4,34.6,35.0,36.0,34.9,35.1,34.2,33.4,34.6,33.0,32.8,33.9,33.0,32.3,32.9,33.7,32.8,33.4,32.8,33.4,33.5,32.7,32.3,33.8,34.3,33.3,33.2,33.5,33.0,33.9,33.9,32.9,33.8,34.6,34.4,34.5,34.6,34.2,35.1,33.6,33.5,33.4,33.8,33.1,34.0,33.1,33.5,33.4,33.6,32.9,34.4,33.3,33.5,33.6,34.2,34.0,34.0,33.3,32.9,33.6,34.1,33.9,34.0,34.5,33.9,35.5,35.0,33.6,35.1,33.8,34.6,34.1,33.6,33.2,32.8,32.8,33.1,33.3,33.6,33.8,33.0,33.6,33.3,33.9,33.6,34.7,34.3,34.0,33.3,33.9,33.7,33.8,33.6,33.2,34.8,34.3,34.1,34.3,35.4,34.5,34.5,33.7,34.5,33.9,33.6,33.1,34.2,33.1,33.7,32.6,33.8,32.7,33.1,33.7,33.2,33.6,33.7,32.9,33.8,33.8,34.1,32.8,33.9,32.9,33.4,32.7,33.7,33.7,33.6,35.0,33.9,34.6,33.7,33.9,34.6,34.3,33.2,33.6,33.9,33.4,33.6,34.1,33.1,33.8,33.2,33.7,32.8,33.9,33.5,33.8,33.7,33.9,33.5,33.9,34.0,33.0,33.1,33.3,32.3,33.6,34.6,33.8,33.8,34.7,34.9,34.4,35.4,34.1,34.0,33.4,33.8,33.6,33.3,32.9,33.5,33.5,33.3,32.3,32.8,33.3,34.5,33.0,34.4,33.4,34.3,34.0,33.3,33.5,33.5,33.6,33.1,33.5,33.8,35.1,34.3,35.1,34.5,nan,33.9,34.6,33.3,34.0,33.8,33.8,33.1,34.3,33.6,34.1,33.1,33.9,33.7,34.3,33.9,34.2,33.9,34.6,33.5,32.4,33.2,34.0,33.9,33.7,34.1,33.4,33.8,33.8,35.3,34.7,33.9,34.2,33.4,34.4,34.3,33.1,34.0,33.4,33.8,32.9,33.8,33.7,33.6,32.9,32.8,33.3,33.9,33.6,35.1,33.6,34.2,33.4,34.5,33.8,33.3,33.8,33.8,33.3,33.8,34.3,35.2,35.2,33.4,34.3,33.5,34.6,33.2,34.1,33.7,34.7,33.3,34.4,33.4,33.2,33.2,33.9,32.7,33.9,34.0,33.8,33.6,35.0,34.7,33.7,35.0,35.0,33.3,33.8,32.8,33.0,34.0,33.1,34.3,35.7,34.2,34.2,34.8,34.9,34.0,32.9,33.4,33.7,33.3,32.7,33.8,33.7,33.6,33.1,34.1,32.5,33.9,32.9,34.8,34.3,33.7,33.6,33.8,33.7,33.1,33.4,33.8,35.0,33.6,34.1,34.3,34.8,34.8,34.8,33.6,34.3,33.8,34.0,32.9,33.8,34.5,34.1,33.2,33.4,32.8,34.2,33.4,34.6,34.2,34.7,34.5,34.2,34.4,33.8,34.1,33.9,34.0,33.4,34.3,33.0,33.8,34.0,33.2,34.9,34.0,33.5,35.0,33.5,32.7,33.3,34.1,33.7,34.2,33.5,33.8,32.7,33.9,33.2,35.0,32.6,34.0,33.2,35.3,34.8,32.5,33.2,34.9,33.8,32.9,33.3,33.2,34.1,33.5,35.2,34.9,34.3,33.9,34.5,34.6,33.5,33.7,33.7,34.0,33.3,34.7,34.0,33.4,33.6,33.4,34.7,33.5,34.9,34.1,35.1,34.2,36.3
1785306816.0836546,2132,32.7,33.4,33.1,32.8,32.1,33.8,32.5,33.3,32.7,32.2,32.0,33.2,32.4,33.1,33.6,32.8,32.6,32.4,32.7,33.7,33.9,33.2,33.4,33.0,32.6,33.2,33.2,33.1,32.9,33.7,34.0,34.4,33.1,32.7,33.5,33.0,33.2,32.5,32.8,33.5,34.0,33.1,34.0,32.3,33.4,32.7,33.4,33.6,33.8,33.1,34.1,32.9,32.8,32.7,33.3,33.1,32.7,33.7,32.5,33.2,34.0,32.6,34.0,33.5,32.9,34.4,32.1,32.8,33.4,33.7,32.9,33.2,32.8,33.5,32.4,33.0,32.0,33.2,31.8,33.4,31.7,32.8,31.8,33.3,32.4,32.8,31.7,33.6,32.7,33.4,32.3,33.9,32.6,32.8,32.2,34.8,33.3,32.0,32.2,34.3,33.5,32.9,33.3,32.8,33.4,32.3,33.4,32.9,32.6,32.8,33.1,33.2,33.1,32.5,33.7,32.9,32.5,32.6,32.7,32.9,34.1,34.0,34.0,33.7,33.4,32.6,33.7,33.7,33.0,33.7,33.3,32.8,31.3,33.4,32.8,32.3,31.4,33.4,33.0,33.3,31.9,34.4,33.6,33.5,34.0,33.6,33.0,32.9,33.3,32.5,33.2,33.0,32.4,33.6,32.9,33.0,33.4,32.6,32.8,34.3,33.6,32.7,33.7,32.7,32.9,32.9,33.7,32.8,34.1,32.8,33.7,33.2,32.9,32.9,33.7,34.1,33.6,32.6,33.7,32.8,33.6,33.1,33.3,33.0,33.2,33.1,31.8,32.7,32.8,31.9,32.5,33.7,34.5,34.0,33.7,33.9,31.9,33.3,32.4,33.6,32.4,33.8,33.3,34.5,33.9,33.9,32.9,33.3,32.5,33.3,32.7,33.5,33.6,33.1,31.8,33.0,32.4,33.2,33.2,33.3,32.2,34.0,32.7,33.1,33.5,32.6,33.8,33.9,33.6,31.9,33.8,33.1,33.9,32.5,33.7,34.1,36.7,33.9,33.2,32.4,33.1,32.5,33.5,32.9,32.9,33.3,33.4,33.8,33.1,32.4,33.4,32.3,33.6,32.3,33.7,32.9,33.0,33.1,32.9,34.0,33.1,33.5,32.4,33.6,32.9,33.0,34.0,35.4,35.0,35.1,33.0,33.1,32.2,33.0,33.4,33.3,32.9,33.5,32.9,32.4,32.3,32.4,33.2,32.8,32.7,33.5,32.4,32.7,33.2,33.1,33.7,32.9,32.9,32.3,33.0,33.5,33.5,32.6,33.2,34.9,34.8,34.0,33.5,32.4,33.0,33.8,33.6,32.6,33.4,33.4,33.8,33.5,33.0,33.6,33.9,33.4,33.3,32.6,33.9,33.8,32.8,33.5,32.0,33.8,33.0,34.1,32.2,33.5,33.2,34.2,34.0,35.2,34.7,34.6,33.9,32.9,33.6,33.7,32.8,33.5,32.8,33.6,32.6,33.1,32.3,33.6,32.7,34.0,33.7,32.6,34.9,32.6,32.8,32.8,33.3,32.9,33.5,32.6,34.1,33.7,34.2,33.9,34.6,34.6,34.7,34.0,33.7,32.9,33.4,32.1,33.2,33.2,32.9,33.1,33.6,33.7,32.8,33.7,33.2,32.6,33.7,33.2,34.4,33.1,33.6,34.0,33.3,33.8,33.6,33.4,33.1,33.5,33.7,34.2,34.0,34.7,32.8,34.1,33.8,33.7,33.2,33.3,33.4,33.8,32.5,33.7,32.4,32.4,33.4,33.5,33.1,33.6,34.9,33.5,32.5,33.5,34.3,32.8,34.3,33.2,33.3,33.5,34.1,33.8,35.1,34.3,34.8,34.2,34.2,34.7,34.8,33.3,33.4,32.8,33.1,32.6,33.5,32.7,33.9,33.9,34.0,32.8,33.9,33.6,33.7,33.7,33.0,33.9,32.9,33.6,32.9,32.9,32.0,34.2,33.8,34.2,33.7,35.2,33.9,34.5,33.0,33.5,34.4,34.3,33.2,34.0,33.3,34.0,32.8,33.2,33.3,33.0,33.6,33.9,33.1,33.0,33.7,33.2,33.3,34.3,33.1,33.3,34.8,33.2,33.1,33.0,34.3,34.1,33.7,34.8,34.5,34.2,34.5,33.7,34.0,34.9,33.0,33.1,33.5,33.5,34.2,33.4,33.4,33.7,33.8,33.5,33.9,33.3,33.5,33.8,33.8,34.0,32.5,34.4,33.3,33.7,33.6,33.2,32.8,33.7,32.7,34.7,34.9,34.3,34.2,34.3,33.9,34.5,32.5,34.0,33.1,33.2,32.3,33.5,32.6,34.6,32.7,33.4,33.7,33.4,33.5,34.2,33.5,33.9,33.4,32.4,33.2,32.6,34.0,33.4,33.2,33.2,34.5,33.7,35.2,33.7,34.4,nan,33.5,34.2,33.6,33.0,32.4,33.3,33.4,33.4,32.8,32.7,33.5,32.8,34.0,32.6,32.9,32.0,33.6,33.3,34.9,33.6,32.7,34.1,32.5,34.3,32.9,33.8,33.0,33.7,34.2,35.1,33.2,34.3,34.6,35.0,33.3,33.6,33.4,33.8,33.3,34.2,32.9,33.9,33.0,34.3,33.1,33.9,33.0,33.3,32.9,33.9,33.8,33.1,33.8,33.3,33.6,33.7,33.4,33.8,33.5,33.3,35.6,33.8,34.1,34.1,33.6,34.0,34.4,33.4,34.1,33.0,33.2,32.9,33.2,34.0,33.3,34.3,33.4,33.8,33.9,32.9,34.1,33.7,33.5,34.2,33.7,34.1,32.6,33.7,33.5,34.8,33.2,33.5,33.9,35.0,34.3,34.7,34.2,34.0,33.1,33.8,33.4,33.3,33.2,33.8,35.0,33.6,33.7,33.5,33.0,34.5,32.8,34.2,33.9,35.1,34.1,33.1,32.8,33.2,32.4,32.2,34.6,33.1,33.3,33.3,33.9,34.3,33.9,35.1,36.8,33.4,33.7,33.4,33.0,34.8,34.2,33.4,34.2,32.8,32.5,32.5,33.7,33.2,34.5,32.4,34.0,34.7,33.8,34.6,32.5,34.5,32.5,34.7,33.2,33.8,32.4,33.7,34.1,34.6,32.6,33.9,33.5,34.3,33.4,33.1,32.6,34.3,33.9,34.1,34.1,33.5,33.7,33.5,34.3,33.9,33.9,34.1,34.8,34.4,33.7,33.5,34.8,34.1,33.4,33.0,33.3,33.9,33.4,33.0,34.9,34.8,33.3,33.6,34.3,33.6,33.6,33.6,33.8,33.6,33.0,33.2,34.1,33.7,33.0,33.3,34.4,33.3,33.7,34.2,34.7,34.8
1785306818.232355,2133,34.0,32.3,34.6,32.8,33.7,32.2,34.5,32.8,33.3,32.6,34.0,32.6,32.0,32.6,33.5,33.1,32.9,33.2,33.6,32.6,33.7,32.4,33.6,32.2,33.2,33.0,34.1,33.5,33.6,32.8,34.5,32.6,33.3,33.8,33.7,32.7,33.6,33.2,33.0,34.0,34.4,32.9,32.9,33.5,32.5,33.6,33.2,34.0,32.9,32.4,32.6,34.0,32.8,33.4,32.2,33.7,32.5,33.9,33.7,34.1,32.8,32.9,32.5,33.5,34.1,33.9,33.9,32.8,34.3,33.2,32.7,33.6,33.8,32.9,33.1,33.2,33.0,33.0,33.4,33.1,33.8,33.8,33.2,33.5,33.4,33.3,33.2,32.1,32.5,33.3,33.2,32.2,33.3,33.4,33.8,33.6,34.3,33.9,32.7,32.9,33.1,34.2,32.0,33.0,33.0,33.4,33.4,33.4,31.9,33.0,32.8,33.3,33.9,33.2,32.8,33.7,32.5,33.2,33.4,33.5,32.8,33.4,32.2,32.7,32.8,33.2,33.2,33.4,34.5,33.0,33.6,33.4,33.7,32.6,34.4,33.1,32.5,32.5,33.5,32.9,32.6,32.7,33.6,32.5,33.4,32.9,32.6,32.9,33.5,33.2,33.8,33.0,33.6,33.1,33.8,32.6,33.0,34.1,34.3,33.6,33.4,33.1,33.2,32.9,33.6,33.3,34.0,32.8,33.2,33.0,32.6,33.2,33.2,33.2,33.2,33.5,33.3,33.1,34.2,33.3,33.1,32.6,33.7,33.7,33.7,33.5,32.6,33.1,32.9,34.1,32.5,33.7,34.3,33.8,34.5,34.7,33.1,33.9,33.5,33.0,33.4,34.0,33.3,33.7,36.0,33.9,33.4,34.2,32.2,33.8,33.9,34.1,33.4,32.6,33.5,32.7,33.8,32.7,32.8,32.5,33.2,33.0,33.6,33.3,33.3,33.0,33.4,33.7,32.8,33.4,33.6,33.5,33.0,33.2,33.2,34.3,35.7,35.5,33.5,34.1,33.2,33.3,33.2,33.5,33.2,33.0,33.2,32.7,33.9,33.6,33.4,34.1,33.8,33.4,33.0,32.5,33.7,34.1,34.3,33.4,33.1,33.5,33.1,34.0,33.7,32.6,34.0,33.7,35.8,34.6,33.6,32.8,33.1,32.8,33.9,33.6,33.4,32.8,34.1,32.9,32.3,33.2,32.5,32.4,33.6,33.3,34.0,33.3,33.6,33.4,33.1,33.5,33.1,34.1,33.2,33.5,33.8,33.6,33.6,34.6,35.6,34.9,33.8,32.7,33.0,33.4,33.0,34.0,33.7,33.9,33.3,33.3,32.3,32.6,33.5,33.3,33.8,32.7,33.5,33.4,33.7,33.5,34.2,34.0,32.6,34.1,33.1,32.8,33.4,34.2,34.8,35.1,35.0,34.6,34.1,33.0,33.5,33.5,34.6,33.2,33.6,33.8,33.4,33.3,32.5,31.9,32.7,32.7,32.9,33.3,32.9,33.6,33.0,32.6,34.1,33.1,32.9,33.1,33.5,33.4,34.3,34.7,35.1,34.6,35.9,34.2,34.8,34.0,34.0,33.7,33.0,33.9,33.9,33.1,32.9,33.5,33.1,33.1,33.0,32.6,33.2,33.2,33.6,32.7,33.8,34.4,33.8,32.8,33.8,33.6,33.8,33.6,35.0,33.6,35.4,35.0,34.1,33.6,34.9,33.3,33.3,32.9,33.3,33.7,33.2,32.9,33.1,33.1,33.2,33.1,34.5,32.8,33.5,33.1,35.5,34.3,34.5,32.8,33.2,33.8,33.9,33.5,32.9,33.9,34.1,34.9,34.0,34.3,33.4,34.2,34.3,35.0,32.4,33.4,33.6,33.4,32.9,33.2,33.7,33.2,34.0,33.0,32.6,33.6,33.0,33.7,32.4,33.9,34.0,33.3,34.0,33.5,33.7,33.1,34.5,33.8,34.4,35.1,34.4,33.5,33.1,34.1,34.7,34.5,33.8,33.0,33.8,33.3,33.1,33.6,33.8,33.1,34.3,32.6,33.7,34.6,32.6,33.2,34.7,33.9,33.5,33.7,33.8,33.2,33.3,33.5,33.6,33.8,34.3,35.1,34.0,34.3,34.2,33.7,34.2,34.7,33.9,33.0,34.0,33.3,33.2,33.4,33.3,34.1,33.6,33.5,33.0,33.3,33.9,32.8,33.6,34.6,33.2,33.3,35.1,33.9,34.5,34.5,33.7,33.7,33.7,34.6,34.9,34.6,34.4,33.5,34.7,34.6,33.6,32.5,33.8,33.6,33.6,33.8,34.1,33.3,33.2,33.9,33.8,34.3,34.0,34.4,34.5,33.3,34.0,33.4,32.8,33.0,33.4,34.3,34.5,33.2,34.2,34.5,34.5,35.5,35.0,nan,34.5,34.2,33.4,33.0,33.4,33.8,33.4,32.9,33.7,33.9,33.5,34.0,33.8,33.8,33.2,33.7,34.0,34.9,34.3,33.5,34.1,33.7,33.8,34.0,34.7,34.6,33.9,33.7,35.8,35.1,34.6,34.3,34.6,34.6,33.6,32.7,33.8,33.2,33.4,34.2,34.2,34.4,33.0,33.4,33.8,33.7,33.8,34.0,35.0,34.3,34.0,34.0,34.0,33.7,33.2,34.8,33.4,34.2,33.7,34.9,35.2,35.5,34.1,34.1,33.6,34.9,34.1,33.3,33.9,33.6,33.2,33.4,34.0,33.2,33.8,33.4,32.3,34.2,33.3,33.1,34.1,34.3,34.4,33.5,33.9,33.4,32.6,33.2,33.7,33.9,33.6,34.4,35.6,34.4,34.6,35.2,35.1,35.0,33.3,33.6,34.4,33.3,33.9,32.4,33.9,33.6,33.4,34.1,33.0,33.1,34.4,33.2,34.7,33.8,33.6,34.6,34.1,33.6,33.8,33.9,33.7,33.8,33.3,34.9,33.9,35.6,34.1,34.7,35.3,35.3,33.4,32.7,34.4,34.6,34.0,33.7,32.9,33.3,34.2,33.8,33.3,34.0,34.1,34.1,35.0,36.0,32.7,33.4,34.3,33.6,33.1,34.1,33.2,34.2,33.7,35.0,34.6,33.9,35.1,33.4,34.3,33.9,34.6,33.2,33.5,34.5,34.4,34.3,33.7,33.3,33.5,34.1,33.9,33.5,34.9,34.3,34.8,34.4,33.3,34.2,33.9,33.9,33.2,33.8,33.3,34.6,33.8,33.3,35.0,33.9,34.3,33.2,34.1,34.4,33.1,33.1,33.2,34.0,33.7,34.3,34.2,34.8,33.7,34.0,34.0,34.2,33.9,33.8,34.7,35.5
1785306820.3584585,2134,33.5,33.3,31.8,33.2,33.1,32.3,33.6,33.4,33.1,32.1,33.6,32.9,33.3,32.5,32.9,32.6,33.3,32.9,33.3,32.5,33.5,33.3,32.6,32.7,33.8,31.7,32.6,33.0,33.4,32.4,34.5,33.5,34.0,33.5,32.9,33.7,33.5,32.7,32.9,33.1,32.5,33.5,32.4,31.8,33.1,33.8,32.3,33.1,33.0,33.3,33.1,32.9,32.7,34.5,33.4,32.4,33.0,33.5,33.0,34.1,32.1,32.9,32.4,33.3,34.7,33.0,32.5,34.1,33.5,31.9,33.7,33.1,34.0,32.4,33.3,33.3,33.6,33.5,32.7,33.0,33.4,32.8,32.7,32.8,33.8,33.0,33.9,33.1,32.9,32.9,33.8,32.1,33.9,32.9,33.4,34.0,32.7,33.7,32.3,34.5,33.6,33.2,33.3,32.9,32.1,33.8,33.1,33.1,32.5,32.6,32.3,33.2,31.9,33.4,32.9,33.7,32.9,33.5,33.3,33.3,33.1,33.5,32.7,33.3,32.5,33.7,32.6,33.7,33.5,32.4,34.0,33.1,32.1,32.7,34.0,33.3,32.8,32.4,32.5,33.4,33.3,33.4,33.1,32.1,33.0,33.0,33.5,34.0,32.7,32.8,33.4,33.0,33.6,32.4,32.9,34.6,33.8,32.9,33.5,34.8,32.1,33.2,32.7,32.9,33.5,33.3,33.2,32.8,33.6,32.8,32.9,33.0,33.3,32.7,32.8,33.5,33.5,32.6,32.8,32.9,32.5,32.1,31.2,33.4,32.9,33.0,31.7,33.1,32.6,33.4,32.6,33.3,34.0,33.4,34.1,33.4,33.8,32.8,33.6,33.1,33.3,33.0,33.5,33.1,35.0,33.8,33.6,33.3,33.2,32.7,33.4,33.5,33.1,32.7,32.7,32.4,33.5,33.2,32.5,33.0,34.1,32.7,32.9,34.0,32.9,34.1,33.5,33.9,30.6,32.8,32.6,32.4,32.7,33.9,33.2,33.9,35.1,34.6,32.4,33.2,33.4,32.9,32.4,32.4,33.1,33.5,32.8,33.4,33.1,33.3,32.2,32.8,33.3,34.2,34.2,33.6,33.7,33.6,33.3,33.9,34.2,32.8,33.1,33.7,33.9,33.2,33.5,34.2,36.1,34.3,33.9,32.8,34.2,33.2,33.6,33.2,34.1,33.5,33.3,32.6,32.7,32.8,33.6,32.5,33.6,33.7,33.4,33.6,33.1,33.4,32.3,33.9,32.2,33.2,32.9,34.1,33.4,33.3,33.6,34.6,34.7,34.0,32.9,33.4,33.2,33.4,33.0,33.2,32.4,33.2,33.3,33.5,33.5,33.0,34.1,33.3,33.4,33.1,32.2,33.0,33.5,33.0,33.6,32.5,33.7,32.2,33.1,33.4,33.9,34.1,35.5,35.0,36.6,34.8,34.2,34.0,33.0,32.6,33.4,33.2,34.1,33.7,33.6,32.5,34.0,32.3,32.6,33.3,33.5,32.3,34.5,33.7,34.3,34.0,33.0,34.1,32.8,35.1,32.7,33.2,33.9,33.9,34.2,34.3,34.9,34.2,33.9,34.0,32.7,33.5,33.1,33.4,33.3,33.6,32.5,33.5,32.8,33.3,33.5,33.3,34.0,32.8,33.9,34.7,32.7,32.8,33.9,32.2,34.5,33.6,32.8,33.5,34.4,34.3,34.7,33.8,35.1,34.0,34.8,33.9,33.8,32.8,33.3,33.1,33.5,33.4,33.3,32.8,32.4,32.8,33.3,34.2,33.1,33.4,33.7,33.8,33.8,33.8,33.6,34.2,32.9,34.0,33.3,32.9,34.3,34.1,34.7,33.5,33.9,34.4,34.1,34.2,33.3,33.4,33.3,33.2,33.4,33.7,33.9,33.2,33.2,33.2,33.4,33.1,32.5,33.9,33.1,33.3,33.2,32.0,33.3,33.6,33.5,32.6,34.3,32.8,33.9,34.6,34.9,34.3,34.1,34.3,34.4,34.7,33.5,33.1,33.9,33.1,33.1,33.7,33.4,33.3,33.1,33.1,33.7,32.9,33.7,32.9,34.9,33.2,33.0,34.4,33.1,33.3,32.6,33.9,33.3,33.4,32.9,34.8,34.5,33.7,33.8,33.9,33.9,34.7,33.5,33.3,33.5,33.5,33.4,33.0,32.7,33.2,33.4,33.5,33.3,33.5,33.2,32.7,33.9,33.6,34.2,32.0,33.7,34.4,33.4,33.7,33.7,33.6,34.0,34.3,33.6,35.5,34.7,34.8,34.9,34.0,33.5,32.9,33.5,34.2,33.6,33.2,32.9,34.0,34.3,33.5,33.7,33.8,35.1,32.4,33.7,34.4,33.0,33.0,32.9,33.2,33.1,33.6,32.6,33.4,32.9,34.4,35.0,35.0,34.5,nan,34.1,33.7,32.8,34.2,33.1,32.8,32.9,34.4,33.1,33.0,32.4,33.1,33.1,32.9,33.3,33.5,32.9,34.0,33.7,32.6,33.3,33.6,32.7,33.1,33.5,34.1,34.1,33.6,35.1,35.7,34.5,34.0,33.2,33.9,34.5,33.5,34.8,33.5,34.0,33.4,33.9,34.0,33.4,32.4,34.0,34.4,34.4,33.9,35.0,35.0,34.4,33.5,33.1,32.9,33.1,33.2,33.1,33.8,33.9,34.4,35.0,34.5,34.2,34.4,34.4,34.4,33.3,33.3,33.5,33.8,33.1,34.1,33.1,33.4,32.8,33.6,33.1,33.4,33.8,33.9,33.7,33.5,34.4,34.5,34.1,33.1,33.6,33.4,34.6,33.2,33.8,33.1,34.6,34.5,33.3,34.7,35.5,34.2,33.3,33.3,33.2,33.0,33.9,34.4,34.5,33.3,33.9,33.8,34.2,34.0,35.0,33.9,33.7,34.7,33.0,34.4,33.4,34.5,32.3,33.5,33.5,34.6,32.8,34.6,34.5,35.2,34.1,34.7,32.8,33.3,34.1,34.2,32.5,34.3,33.3,33.7,32.8,32.8,32.6,33.8,33.0,33.8,34.4,34.5,34.3,34.3,33.2,33.3,33.8,33.9,33.3,32.8,33.4,33.5,33.7,33.6,34.4,33.8,33.7,33.1,34.1,34.4,33.4,32.8,33.7,33.3,34.6,33.5,34.4,34.9,33.7,34.3,33.8,33.6,33.7,34.4,34.6,34.7,34.3,33.3,32.5,33.5,33.3,34.0,33.6,33.7,32.6,34.1,33.7,34.6,34.7,34.3,33.3,33.2,34.0,34.3,33.6,33.8,33.6,34.1,33.6,33.5,34.7,33.9,33.6,34.5,34.6,34.6,35.0,35.3
1785306822.5079012,2135,32.8,34.1,33.5,33.4,32.0,32.8,33.5,32.5,32.2,33.1,32.5,32.5,31.1,33.2,33.3,33.8,32.1,33.0,33.0,31.9,33.0,33.4,31.9,32.5,32.4,34.3,33.1,33.6,32.6,33.8,32.3,35.3,32.9,31.8,35.0,31.7,33.1,32.4,34.2,33.0,33.5,32.2,33.0,32.2,31.8,32.8,33.4,32.9,32.9,32.1,33.2,32.4,33.3,31.2,33.0,33.6,33.2,33.2,33.2,33.1,34.1,32.5,32.6,33.1,33.0,34.5,32.7,34.1,31.8,34.2,32.2,32.9,33.3,33.2,31.7,34.0,32.7,32.6,32.9,33.0,33.3,32.8,32.8,33.5,32.4,33.5,33.1,32.8,33.7,33.4,32.2,33.9,34.0,32.6,33.0,32.8,33.2,32.1,33.7,33.3,33.4,32.6,34.3,32.9,33.2,33.6,33.3,32.8,34.1,32.3,33.2,33.1,32.8,33.1,32.2,32.7,32.9,32.0,33.3,32.5,33.3,32.8,33.5,32.6,33.5,32.3,34.9,34.7,33.2,34.3,32.1,34.6,33.8,32.9,32.9,33.5,33.1,33.1,32.9,33.2,33.0,32.9,33.3,32.9,32.7,33.5,32.7,32.9,33.2,33.6,33.1,33.9,32.6,33.2,33.5,34.3,33.3,33.7,32.2,33.9,35.8,31.6,34.4,33.0,34.3,32.6,33.7,33.4,34.5,33.2,33.2,32.9,33.5,32.1,34.3,32.3,33.3,33.2,33.3,32.5,33.3,32.8,34.1,32.9,33.0,31.9,32.8,33.5,33.4,32.8,34.5,33.2,33.5,34.3,33.2,34.2,32.2,33.8,32.7,33.6,32.1,32.8,32.5,34.4,34.9,33.8,33.8,34.0,32.7,33.4,31.8,33.5,33.3,32.8,33.1,32.8,33.0,32.7,32.7,32.8,32.5,33.5,32.8,33.0,33.4,31.6,33.6,32.9,33.1,33.1,33.3,33.2,32.7,32.4,33.7,34.3,35.1,34.2,33.8,33.2,33.1,32.7,33.2,32.4,33.1,32.4,34.1,33.0,33.5,32.1,33.5,33.3,34.1,32.3,32.9,32.4,32.5,34.4,33.2,33.3,31.9,33.0,32.6,33.3,32.6,33.7,33.9,35.4,35.6,34.3,32.2,34.3,32.5,33.2,33.3,33.7,32.7,33.3,32.6,33.3,33.4,33.3,32.4,33.6,32.2,33.3,32.5,33.6,33.1,32.4,33.5,34.0,33.1,33.3,33.8,33.6,33.7,32.3,33.6,34.8,35.0,33.9,32.7,33.7,33.7,32.3,33.0,33.6,32.1,32.5,33.2,32.0,33.5,33.0,34.0,33.3,33.3,33.2,33.2,33.5,33.1,33.8,32.7,34.2,32.7,34.4,33.6,34.1,33.6,33.8,34.1,35.4,34.6,34.8,33.1,33.5,32.7,33.4,32.8,34.0,32.7,32.9,32.6,33.2,32.0,33.3,33.0,33.7,33.0,32.8,33.0,33.7,34.1,32.4,33.6,32.4,33.0,32.6,33.2,33.1,34.1,33.8,35.5,33.9,35.0,34.2,34.8,33.3,33.3,33.7,33.4,32.5,33.4,32.5,33.7,32.9,32.5,32.5,32.2,32.8,33.2,32.3,33.6,32.8,34.1,34.3,32.7,33.3,34.0,33.5,34.2,34.2,33.9,34.4,34.1,35.2,33.8,34.5,34.0,34.3,33.5,33.5,33.2,33.7,34.0,33.2,33.7,33.7,32.9,33.3,33.9,33.4,33.5,32.8,33.6,33.5,33.5,32.9,33.8,32.7,33.9,33.5,34.1,33.1,34.0,34.7,34.0,33.7,34.7,32.8,34.4,33.6,33.0,32.7,33.3,33.8,33.1,33.1,32.9,34.4,33.3,32.2,34.3,32.4,33.0,33.1,34.0,34.2,32.2,33.9,32.7,34.3,33.5,33.1,32.4,34.1,33.8,34.1,34.3,34.3,33.2,34.3,34.5,34.2,33.4,33.5,33.7,33.6,33.5,33.9,33.1,33.3,32.4,33.0,33.5,33.9,33.2,33.4,33.4,33.9,33.6,33.6,34.4,32.6,33.7,32.5,33.3,33.1,34.2,34.2,34.4,32.8,33.8,33.1,34.9,34.5,33.6,33.3,34.0,33.3,33.6,32.5,33.6,33.3,34.0,32.7,34.0,32.8,33.2,32.2,34.6,33.5,32.6,33.2,34.2,33.6,32.4,33.8,33.5,32.7,33.9,34.8,34.1,34.5,34.0,34.6,33.5,34.0,33.0,32.3,33.0,34.0,32.7,32.7,32.3,33.0,33.3,33.5,32.3,33.8,33.4,33.4,34.2,33.5,33.7,32.5,33.2,32.1,33.5,33.4,33.6,33.1,34.2,33.7,34.5,34.9,33.8,nan,34.2,33.9,33.3,32.4,33.9,32.6,33.6,33.9,34.1,33.1,33.7,32.8,33.3,33.4,33.7,33.0,33.5,33.6,32.7,33.8,33.8,33.8,32.8,33.5,33.5,35.0,33.1,33.8,35.0,35.8,32.5,33.3,34.0,34.5,33.8,33.7,34.3,33.0,32.3,33.5,33.6,33.4,32.9,33.6,33.9,33.8,33.9,33.7,33.8,34.3,32.8,32.1,34.1,32.8,33.7,33.1,33.8,33.5,34.3,33.6,35.1,33.9,33.3,33.0,34.7,34.8,33.3,33.0,34.0,33.5,33.8,33.1,33.4,33.7,33.7,32.1,34.4,33.3,33.8,33.2,33.9,33.6,34.0,34.5,33.3,33.9,32.7,34.2,33.9,33.9,32.4,33.6,33.5,34.8,34.7,34.2,35.0,34.5,32.3,33.3,33.1,33.7,33.1,34.5,34.5,34.0,33.6,34.1,33.1,34.0,34.1,34.7,32.7,34.7,34.4,32.7,33.5,33.9,32.9,33.0,34.6,33.7,33.2,32.3,34.5,35.3,34.0,33.4,34.3,33.5,33.4,33.3,33.7,33.0,33.6,33.2,33.4,33.8,32.6,33.1,34.0,33.7,33.6,33.3,33.8,35.0,33.7,34.0,32.8,34.6,33.4,33.6,33.5,34.3,33.2,33.4,33.6,35.0,32.7,33.4,34.3,34.7,33.4,32.9,33.4,34.0,34.0,33.3,33.2,33.6,33.2,34.1,34.2,33.7,33.4,33.8,33.3,35.4,33.6,34.1,33.6,33.1,33.1,33.6,33.9,33.8,33.5,32.7,34.4,34.2,33.1,32.4,34.2,33.5,33.3,33.2,33.8,33.2,33.1,33.1,34.3,33.8,34.2,32.8,33.6,34.3,33.8,33.2,34.6,34.5
1785306824.6225452,2136,32.7,33.4,33.3,35.0,33.9,33.5,33.2,34.9,32.9,32.8,33.2,33.4,33.1,33.5,32.9,34.1,32.6,32.6,33.1,34.6,33.7,33.9,34.0,33.0,32.6,33.0,32.4,34.2,34.7,32.7,34.0,34.9,33.1,32.7,34.4,33.7,34.3,33.2,32.8,33.9,34.4,32.9,33.1,33.7,32.7,33.1,33.3,33.6,33.2,32.4,34.1,33.5,33.2,33.6,34.1,33.7,33.5,32.9,34.4,33.9,33.9,33.8,35.4,33.7,33.6,33.9,33.5,34.2,32.6,33.9,32.9,33.2,33.8,33.3,32.6,33.2,33.6,33.4,33.2,33.1,33.9,33.4,33.6,33.3,32.9,33.1,33.0,33.8,33.3,33.5,32.5,34.1,34.1,33.0,33.3,34.1,33.5,34.6,34.0,33.8,34.7,32.9,33.8,34.2,33.5,33.7,32.8,33.2,32.6,32.1,32.8,34.2,33.7,33.4,33.8,33.5,33.2,33.5,33.2,32.9,33.0,32.3,33.8,34.1,33.8,32.4,35.5,34.6,34.0,33.7,33.3,33.8,32.3,33.6,33.4,34.4,32.8,34.1,32.8,33.5,33.3,33.5,33.4,33.9,34.2,32.9,33.3,33.7,33.3,33.7,33.9,33.8,33.8,33.4,32.1,34.0,33.6,34.0,33.2,33.6,33.8,33.4,34.9,33.8,34.0,33.3,35.0,33.4,33.7,33.7,33.5,34.0,34.7,32.4,33.9,33.9,33.6,33.1,33.9,33.6,32.8,33.1,33.3,33.5,33.1,33.1,33.1,34.2,33.7,33.7,33.8,34.0,33.1,34.2,33.7,34.3,33.5,33.9,32.8,33.6,33.1,33.6,33.8,35.0,35.0,33.9,32.8,33.7,32.8,34.1,33.1,33.5,34.6,32.4,33.7,33.2,33.0,32.8,33.7,32.9,34.5,33.6,34.0,34.1,34.4,32.8,34.0,33.9,33.2,32.8,33.3,33.7,33.7,33.4,34.7,34.3,34.9,34.3,33.6,33.7,33.7,33.7,34.0,33.8,33.7,33.6,33.9,33.3,32.9,32.9,33.4,32.8,33.2,35.1,33.4,32.9,33.7,33.5,33.5,33.6,33.1,33.3,33.4,34.5,34.5,33.1,32.7,35.0,35.7,34.4,33.3,33.4,34.1,33.2,34.1,33.3,33.1,33.8,33.1,33.9,33.2,32.7,33.8,33.9,33.4,33.8,33.4,34.3,34.7,32.7,34.5,33.9,33.6,33.6,33.5,34.2,33.3,33.7,33.7,35.4,35.7,34.6,33.3,33.8,33.8,33.4,33.6,34.0,33.5,33.9,33.3,33.5,32.9,33.1,33.7,34.0,33.3,33.9,32.7,33.8,33.9,33.3,33.8,33.2,33.1,34.3,32.7,33.8,33.2,34.2,35.2,35.7,35.0,34.9,34.1,33.7,33.6,33.6,33.4,33.5,32.8,33.1,33.5,32.9,32.3,32.9,33.3,33.1,34.0,33.5,34.3,33.2,34.9,34.2,34.5,32.7,33.3,33.8,33.5,33.0,33.5,33.6,35.3,34.3,35.4,34.9,34.3,34.3,33.7,33.7,33.8,33.7,32.9,33.2,33.9,34.0,32.6,33.5,34.1,33.5,33.0,33.2,34.0,33.7,34.4,33.7,32.9,34.6,34.2,34.1,34.2,34.0,34.2,34.1,34.0,35.0,34.1,34.3,34.7,34.6,33.0,33.3,33.3,34.0,33.8,33.7,33.3,33.8,34.2,32.9,33.5,33.9,34.9,33.5,33.5,34.5,34.5,33.2,33.3,33.4,33.7,33.5,34.6,33.4,34.3,34.6,35.1,34.5,34.5,34.5,34.8,33.9,34.2,33.3,33.4,33.7,33.5,33.7,33.5,33.7,33.9,31.8,33.5,33.6,34.1,34.6,33.4,34.9,33.6,34.6,32.9,34.2,33.7,34.0,34.3,34.8,34.0,35.1,34.6,34.3,34.3,34.4,34.1,35.4,34.6,33.0,34.4,34.3,35.2,33.8,33.8,33.6,32.9,32.7,34.4,33.0,33.7,33.5,33.9,34.5,34.0,33.9,34.0,32.9,34.5,33.7,34.1,33.6,33.7,34.3,34.8,34.3,33.7,33.9,34.8,34.7,33.7,34.5,33.0,33.9,33.2,33.9,33.3,32.4,32.4,32.6,33.9,33.5,33.9,33.4,33.8,33.6,33.2,34.2,33.9,34.9,33.4,33.8,33.1,34.2,34.2,34.5,34.9,35.4,34.1,34.1,34.4,34.5,33.1,32.8,34.3,34.0,34.6,33.8,33.9,33.9,32.9,34.1,33.7,33.8,33.1,34.2,33.3,33.2,34.0,32.4,34.4,33.8,34.5,33.9,33.9,34.6,33.8,35.4,34.3,34.8,34.2,nan,33.8,34.2,34.2,33.0,34.0,34.1,33.2,34.4,34.0,33.5,33.5,33.6,34.1,33.8,34.5,33.7,33.8,34.3,33.2,34.8,33.5,35.3,32.9,33.8,32.9,34.2,33.7,33.9,35.3,34.9,34.3,34.4,34.6,35.6,33.6,34.1,33.8,34.3,33.6,33.8,33.7,34.4,34.1,33.7,33.8,33.9,34.0,34.6,34.0,34.0,33.8,33.3,34.8,33.5,33.2,32.8,34.1,34.5,34.2,34.0,36.1,34.0,34.3,34.1,34.5,34.4,34.4,33.1,33.9,34.4,34.1,32.9,33.3,33.3,34.0,32.9,34.5,34.4,32.9,34.1,35.3,34.7,34.6,33.5,34.7,33.8,33.0,33.9,33.5,34.2,33.6,34.0,34.8,35.3,33.8,35.1,34.1,34.3,34.0,33.4,34.1,33.6,34.4,34.0,33.0,33.9,33.4,33.7,34.0,35.4,35.0,34.2,34.7,35.1,34.0,32.6,33.9,33.6,33.2,33.7,33.6,34.0,33.5,34.0,34.8,35.2,34.7,34.4,34.7,33.8,33.9,33.1,33.5,34.1,33.4,33.5,34.2,34.6,32.9,33.2,33.9,34.0,33.9,34.3,34.4,34.5,33.6,34.6,34.3,35.1,33.9,33.1,33.2,33.4,33.5,34.1,34.4,35.7,34.4,34.1,34.1,34.5,33.4,33.7,34.4,34.8,34.1,34.3,34.2,34.2,34.6,34.4,33.5,33.7,33.5,33.3,35.2,34.8,33.9,33.1,33.5,31.9,34.0,33.8,34.1,33.9,34.1,34.2,35.2,34.1,33.8,34.3,34.7,33.7,33.4,33.1,35.2,34.0,33.5,33.6,33.3,33.5,33.9,33.7,34.5,33.8,32.9,34.2,34.9,35.0
1785306826.9120736,2137,33.2,32.7,34.1,33.9,33.9,33.7,33.8,33.8,33.9,31.9,33.2,33.1,32.7,31.9,32.9,33.4,32.2,32.1,33.6,33.6,33.9,33.3,33.8,33.3,32.8,33.5,33.2,33.9,32.9,33.1,33.0,35.3,32.2,32.7,34.3,36.3,32.9,32.7,34.4,33.7,32.7,33.7,33.9,33.3,32.6,33.2,32.7,33.6,32.8,33.4,34.1,33.6,33.6,32.5,32.6,32.6,32.8,32.7,34.5,34.5,34.1,32.2,33.4,34.7,34.1,34.5,33.7,33.6,33.2,34.4,34.3,33.1,32.3,32.6,32.9,32.9,33.4,33.5,33.0,32.4,32.9,33.7,33.0,32.8,32.7,33.2,33.7,33.3,32.3,33.4,33.6,35.0,33.1,33.3,33.8,34.9,34.4,33.2,34.6,34.9,32.8,33.4,33.7,33.4,33.6,33.6,34.2,33.1,32.5,33.3,33.9,33.5,33.4,33.9,34.1,32.5,33.4,33.0,32.8,32.8,33.1,33.1,32.5,32.9,33.1,32.6,34.9,33.7,34.0,32.9,33.8,34.2,33.7,32.9,33.4,33.7,33.2,31.7,33.9,33.4,32.6,33.1,34.0,33.9,33.3,33.1,33.6,32.9,33.2,33.4,33.2,34.3,33.1,32.8,33.1,34.3,33.6,33.5,34.1,35.5,34.0,33.4,33.3,34.0,34.5,33.9,33.4,32.8,32.2,33.0,32.7,32.7,32.8,32.9,34.1,33.6,33.3,33.1,33.1,33.8,33.0,32.9,32.7,33.0,33.9,33.3,33.0,34.0,33.0,33.1,33.0,33.7,33.6,33.0,34.3,34.4,32.7,33.4,33.2,33.1,33.9,33.2,33.1,35.2,35.0,34.1,32.9,33.0,33.0,33.2,32.1,34.8,33.6,32.3,33.2,33.4,32.4,32.9,33.7,33.7,33.7,32.3,33.4,33.8,32.9,33.2,34.1,33.5,32.3,33.5,34.1,33.0,33.4,33.4,34.1,34.4,34.7,35.2,33.8,34.0,33.4,33.0,33.0,32.7,32.9,32.6,33.5,33.1,33.1,33.1,33.5,33.2,32.5,34.2,34.4,34.6,33.0,33.2,34.9,34.8,34.0,33.4,33.6,33.7,33.5,34.0,33.7,35.7,36.0,34.9,32.8,34.4,33.1,33.4,32.4,34.0,33.9,33.3,32.9,34.5,32.7,33.7,33.9,34.5,33.6,33.3,33.0,33.6,33.9,34.2,35.0,34.5,32.9,33.6,33.4,34.4,33.9,33.2,34.8,35.3,35.0,35.2,33.5,33.5,32.6,32.6,33.4,33.5,33.6,33.2,33.2,33.3,32.3,33.6,33.4,33.6,33.2,32.9,33.8,34.0,34.7,33.0,33.6,34.8,34.6,33.3,33.0,34.8,33.6,33.9,35.3,35.6,35.7,34.3,34.1,34.3,32.5,32.3,33.9,34.3,33.3,33.3,33.1,33.8,33.5,33.2,33.3,34.0,33.3,33.0,33.5,34.3,33.1,32.8,34.0,33.9,34.4,32.9,33.2,34.2,33.6,34.6,34.7,34.2,34.9,34.6,34.7,35.0,33.6,33.1,33.4,34.0,33.1,33.1,33.5,34.0,33.0,33.5,33.6,33.5,33.1,33.7,34.2,33.9,33.8,33.4,33.8,34.5,32.2,33.3,33.6,34.0,34.4,34.3,35.0,34.9,34.4,33.8,34.9,35.3,33.3,33.5,33.9,34.2,33.5,33.2,33.6,33.7,33.2,33.0,34.0,33.6,33.7,33.0,33.9,34.7,33.8,34.0,33.6,33.8,33.0,32.9,33.6,33.6,34.3,34.1,35.8,34.2,34.1,34.1,34.4,34.7,33.3,32.8,33.6,33.6,33.4,33.9,33.4,33.0,32.8,32.8,33.6,33.6,33.8,32.8,34.2,33.7,33.8,32.8,33.6,33.9,33.1,33.9,35.0,34.2,33.9,34.3,35.2,34.8,33.6,33.1,33.5,35.8,34.0,32.9,33.9,34.4,33.6,33.2,33.1,34.2,33.1,33.1,33.7,34.5,34.0,32.5,34.7,34.2,33.0,32.9,34.1,33.6,33.1,32.8,34.4,34.1,34.2,33.8,35.2,33.7,33.6,33.3,35.0,34.2,33.6,33.3,34.2,33.6,33.9,34.2,33.6,33.7,33.2,33.3,34.3,33.8,34.2,32.3,34.8,34.4,33.4,33.4,33.5,34.6,33.4,33.1,33.8,33.7,33.4,33.8,34.6,35.3,34.7,33.7,34.4,34.2,33.3,32.6,33.8,34.8,32.9,33.2,33.6,33.7,33.8,33.3,33.8,34.2,33.8,33.6,34.5,33.7,32.8,32.6,33.7,33.2,33.7,33.4,34.0,33.0,33.2,33.5,34.7,34.2,34.5,nan,34.7,34.4,33.8,33.8,34.4,34.1,33.8,33.2,33.2,34.7,34.3,33.1,33.7,33.8,34.8,33.5,34.3,33.9,32.8,34.1,35.1,33.6,33.6,33.7,33.8,35.5,33.2,34.5,34.7,34.2,34.6,33.5,34.9,35.7,34.3,33.0,32.8,34.4,32.9,33.7,33.4,34.0,33.0,33.6,34.8,34.2,34.7,33.7,35.2,35.8,33.7,34.4,34.3,33.7,32.7,33.7,33.8,33.8,33.4,33.0,35.6,35.7,34.0,33.4,33.8,35.0,33.5,33.9,34.6,33.0,34.0,33.6,34.1,33.0,33.2,33.3,34.2,33.2,34.0,33.0,34.4,34.7,35.3,33.8,33.9,35.2,33.2,34.2,33.8,35.2,34.3,33.8,34.3,35.7,34.8,34.4,34.6,35.2,34.3,33.7,33.4,34.0,33.2,33.3,33.4,34.0,32.6,33.6,34.4,34.7,34.4,33.3,34.9,35.4,32.6,32.4,33.1,32.4,32.9,33.3,34.3,33.1,32.8,33.9,34.3,35.0,34.6,33.9,34.1,34.1,34.1,33.4,33.8,34.8,33.2,33.5,33.6,34.6,33.3,33.8,34.6,33.8,34.7,34.7,34.7,34.1,34.3,33.3,33.6,35.0,33.1,32.6,34.2,34.6,33.0,33.0,34.4,34.7,33.9,34.0,34.8,35.0,33.7,33.5,34.1,35.1,33.6,34.2,34.1,33.9,33.7,33.4,34.3,34.9,34.3,33.8,35.0,36.3,34.1,34.5,33.8,34.1,32.9,32.8,33.6,34.6,33.1,33.7,35.1,34.5,33.7,33.8,34.2,33.9,33.3,33.1,34.5,33.5,33.6,33.4,34.1,33.4,34.9,33.8,34.6,34.2,33.8,34.4,35.5,35.5
1785306828.941882,2138,32.9,33.2,33.1,33.7,33.3,33.4,33.6,32.9,32.5,32.6,33.0,33.1,32.9,32.8,32.7,33.0,32.6,31.0,33.4,32.8,33.9,32.9,33.0,32.9,32.7,31.8,33.4,33.4,34.7,32.6,33.2,33.0,32.7,33.0,33.1,34.7,32.4,32.7,34.0,32.7,33.3,33.1,33.0,32.7,33.8,32.5,32.1,32.9,33.3,33.2,33.0,33.1,33.2,32.7,33.4,34.5,32.6,33.5,33.4,34.1,32.0,34.0,33.4,33.2,32.9,31.3,32.5,33.2,32.8,33.5,33.3,32.4,32.8,32.2,32.0,32.5,32.7,32.9,32.3,33.3,32.0,33.5,32.8,32.1,33.4,32.8,33.2,33.9,32.9,32.4,32.5,33.7,33.3,33.1,33.6,33.0,32.2,33.2,30.9,34.0,33.0,32.3,32.7,34.2,32.6,33.4,30.5,33.0,32.8,32.4,33.2,32.3,32.7,33.3,33.7,33.5,32.7,33.2,33.5,33.8,33.1,32.7,31.9,33.3,32.0,32.8,33.8,34.5,33.7,32.6,33.1,32.4,32.9,32.0,33.2,32.0,33.0,31.8,33.5,33.3,33.1,32.7,33.4,32.7,33.3,32.6,33.3,33.4,33.2,32.9,33.6,33.5,33.1,32.2,33.4,33.9,33.2,32.9,34.5,33.7,33.2,33.1,33.3,33.7,32.1,33.5,33.0,33.4,32.3,34.2,32.5,32.3,32.9,33.1,33.4,32.9,32.8,34.4,33.3,32.9,33.1,33.0,33.0,33.5,32.0,32.6,33.0,33.0,33.2,33.9,33.0,34.4,34.7,33.4,33.0,34.0,32.3,32.2,32.8,32.7,33.2,32.6,33.6,33.5,34.5,34.2,33.1,33.1,32.8,32.7,32.2,33.2,32.9,32.5,33.0,33.3,32.9,32.5,33.7,32.2,33.5,34.6,32.9,33.8,31.6,34.1,32.8,32.6,31.5,33.0,32.6,34.2,32.7,33.5,33.6,34.3,34.6,35.4,32.9,33.0,32.3,33.5,32.5,33.5,33.4,32.8,32.9,33.2,32.1,33.6,33.5,33.4,34.0,33.2,32.5,34.2,32.8,32.7,34.1,32.8,33.1,32.6,32.4,32.4,33.8,32.3,33.5,35.1,35.7,35.4,33.3,34.0,33.3,33.4,33.1,33.0,32.9,33.3,32.1,32.9,32.1,32.4,32.9,33.0,33.2,32.4,33.2,33.4,32.6,33.5,32.9,33.3,32.6,33.6,33.4,33.7,33.2,33.6,33.3,35.4,35.1,34.3,33.3,34.6,33.5,33.0,33.0,34.0,33.4,33.2,33.3,33.5,32.0,33.3,33.2,32.9,32.8,32.9,32.8,33.8,33.5,33.4,33.8,34.2,33.5,32.9,33.4,32.5,33.7,34.4,34.0,34.8,34.9,34.0,33.2,33.2,33.8,32.1,32.9,33.2,33.3,33.3,33.0,33.2,32.8,32.1,33.3,33.1,33.8,32.3,33.3,33.3,32.4,34.0,33.4,33.5,33.7,32.9,33.2,34.4,33.4,34.4,34.8,35.1,34.5,34.6,34.3,33.5,33.4,34.0,32.4,33.4,33.4,33.4,34.0,33.5,33.3,34.0,32.9,33.5,33.6,33.0,32.6,33.7,33.3,33.0,32.4,33.5,33.4,33.3,32.6,33.3,34.0,33.9,34.2,33.6,33.6,33.7,34.6,33.7,33.5,32.6,33.7,33.6,33.3,34.0,32.4,33.0,33.0,32.7,33.6,32.2,33.5,33.9,32.3,34.1,34.8,33.6,32.8,33.4,33.6,33.3,33.6,34.1,33.5,34.4,34.2,33.7,33.1,34.4,34.5,34.4,33.1,33.7,32.6,33.5,32.4,33.4,33.2,33.7,32.1,32.1,33.1,33.1,33.8,33.7,34.2,33.3,33.4,33.4,33.0,33.5,33.5,33.0,33.8,33.9,34.7,33.9,34.2,33.8,33.3,33.0,34.9,34.5,33.3,33.5,33.3,33.5,33.7,32.9,33.2,33.0,33.4,33.0,33.5,33.9,33.6,32.8,33.7,32.5,33.2,34.5,33.3,33.0,33.5,33.5,34.2,33.6,32.9,34.4,33.5,33.5,33.8,33.6,35.0,34.9,33.9,33.3,33.7,33.6,32.9,33.7,33.6,32.9,33.0,32.8,33.8,32.9,33.0,32.5,34.2,34.0,33.1,32.4,34.3,34.2,33.8,33.6,33.6,32.7,34.4,33.9,34.4,34.5,33.6,33.8,34.7,34.3,33.3,33.2,33.0,32.9,32.9,33.9,33.6,33.3,33.6,33.3,34.0,33.5,33.6,33.5,33.1,34.1,32.4,32.6,33.0,34.0,33.3,33.3,33.1,33.9,34.0,33.7,33.4,34.5,34.0,nan,33.2,33.5,33.3,33.3,33.6,33.6,33.1,34.0,33.7,32.7,33.4,33.3,32.7,32.5,33.5,33.9,34.2,33.7,33.0,33.6,33.9,33.2,33.2,33.1,33.4,33.9,33.0,33.2,34.4,34.3,33.5,33.3,34.0,34.3,33.5,33.5,34.3,33.4,32.9,33.2,32.8,33.1,33.2,32.5,33.8,34.0,33.4,33.0,33.9,34.5,32.8,33.5,33.7,33.7,33.1,34.6,33.0,33.6,33.7,32.8,35.3,35.5,33.5,33.7,34.4,34.5,33.5,33.3,33.3,33.8,33.6,33.5,32.9,34.0,33.2,33.8,34.3,33.6,33.4,33.7,33.7,33.9,33.4,33.4,33.4,33.7,33.2,33.4,33.6,33.7,33.2,33.6,33.4,35.5,34.4,33.8,34.1,33.5,33.8,33.0,33.0,33.5,33.6,33.5,33.5,33.1,32.6,33.4,33.6,33.0,34.2,33.7,34.5,33.4,33.7,33.5,32.9,34.7,33.5,33.5,33.0,32.7,32.6,33.3,34.1,33.8,33.9,33.9,33.8,33.9,32.9,33.6,33.7,34.1,33.6,32.8,33.0,33.0,32.6,34.0,33.0,34.5,33.9,33.6,33.6,34.5,33.6,33.3,33.4,33.9,33.5,32.4,33.8,33.7,33.3,33.4,33.7,34.1,34.6,33.4,33.7,33.6,33.3,32.9,34.2,34.2,33.9,33.8,33.1,33.5,33.8,33.2,34.3,34.7,33.7,33.1,35.0,34.2,33.6,34.0,34.0,34.5,34.5,32.7,32.6,33.7,32.2,33.9,34.7,34.1,33.3,32.9,34.3,34.1,32.9,33.2,33.1,33.6,32.9,33.4,33.7,33.3,34.0,33.4,33.6,34.6,33.2,34.4,33.9,34.8
1785306831.1864898,2139,32.6,34.3,31.9,34.7,33.4,33.9,33.0,34.2,33.0,33.2,33.3,33.5,32.8,33.7,33.5,33.4,33.2,33.4,31.8,33.2,33.2,33.6,32.5,33.3,32.2,33.3,32.5,33.2,34.4,32.6,32.3,34.2,34.5,33.1,34.5,32.6,32.6,32.2,33.5,32.6,32.5,33.5,32.4,32.4,32.7,33.7,32.9,32.9,32.8,33.3,33.4,33.5,33.1,31.8,34.3,32.8,33.6,33.0,33.0,33.1,33.4,32.7,32.6,33.1,33.5,34.0,31.7,33.9,33.3,33.7,32.6,33.8,32.5,33.5,32.3,33.1,32.4,33.6,31.5,34.2,33.3,33.5,32.2,33.0,32.1,32.6,32.7,34.0,32.4,33.2,33.2,33.1,32.9,33.3,33.2,33.2,33.7,33.8,33.4,33.7,33.0,32.6,34.7,32.1,33.8,32.7,34.3,31.3,32.8,32.8,32.3,32.9,33.1,33.2,32.9,32.0,33.0,33.2,33.5,31.5,32.5,33.1,32.5,33.2,32.8,33.3,34.0,33.3,33.6,33.6,30.8,33.5,35.4,33.4,32.3,33.7,32.9,33.3,33.2,33.7,32.8,33.7,32.6,33.7,32.6,33.6,32.8,33.1,32.7,33.6,33.1,32.7,32.4,33.9,33.1,33.9,33.3,33.3,34.4,33.3,34.9,33.0,33.1,33.0,34.1,33.2,32.8,32.7,33.7,33.2,33.7,32.5,32.8,32.9,33.9,33.2,33.8,33.0,33.4,32.3,33.5,33.6,32.5,33.1,32.3,32.8,33.8,33.1,33.0,33.2,32.8,33.2,33.2,34.5,32.5,34.2,31.6,32.6,33.2,34.3,32.6,33.0,32.7,34.4,34.2,34.9,33.3,33.6,34.0,33.8,32.6,33.8,33.3,33.1,32.2,32.7,33.0,33.0,34.0,32.9,33.6,33.2,33.6,34.9,33.6,34.0,34.0,33.3,33.6,33.4,33.3,32.8,33.4,33.7,33.4,34.3,35.1,34.9,33.3,33.1,33.2,33.4,32.9,32.3,33.2,32.8,32.9,32.6,33.1,34.0,31.7,32.9,33.5,33.3,33.5,33.4,33.1,34.0,33.2,33.4,33.9,33.4,32.4,34.6,33.9,34.0,32.7,34.6,36.3,34.4,32.7,33.5,33.6,34.1,32.3,33.3,32.8,33.2,33.1,33.3,33.2,33.6,32.2,33.2,32.5,33.1,32.9,34.4,34.1,33.0,33.5,32.8,32.7,33.1,33.7,33.0,33.2,33.5,34.1,34.7,35.7,34.5,34.0,32.4,32.6,32.6,33.3,33.3,33.6,33.6,33.6,33.4,33.1,33.0,32.9,33.3,33.3,32.2,33.4,33.5,33.1,33.4,32.7,34.4,33.2,34.3,31.1,33.9,33.4,34.4,34.2,35.1,35.5,35.7,33.1,34.0,33.2,33.8,34.1,33.7,32.9,33.3,33.3,32.5,33.0,33.0,32.1,32.9,33.5,33.2,32.8,34.1,33.3,33.7,33.8,32.4,33.5,32.4,32.5,33.3,33.7,33.1,35.0,34.5,35.2,34.2,34.3,32.9,33.9,33.6,32.9,32.9,32.9,32.8,32.5,33.2,33.8,33.2,33.6,32.8,33.9,33.4,33.8,32.8,33.9,34.0,33.1,33.9,33.3,34.0,33.0,33.2,33.6,34.3,33.8,34.9,34.9,34.0,34.1,34.6,33.4,33.0,33.1,33.7,32.7,33.7,33.3,33.3,33.3,32.8,31.7,33.6,33.7,32.8,34.0,34.3,34.4,32.5,32.8,33.2,34.1,33.3,33.8,32.8,34.2,34.8,33.8,34.7,34.7,33.6,33.7,33.0,33.6,32.8,32.9,32.5,32.1,33.3,33.4,33.1,34.0,33.0,33.2,33.1,33.4,33.1,33.6,32.6,33.9,34.7,32.3,33.3,33.9,33.3,33.5,33.7,33.9,35.4,33.5,33.5,33.3,34.1,33.8,34.3,33.5,33.2,33.6,34.5,32.8,33.2,33.3,33.5,32.8,33.5,32.3,33.2,32.6,33.6,34.4,32.7,33.2,34.0,33.3,33.1,34.5,33.6,34.2,33.1,33.9,34.0,34.4,33.9,34.2,33.3,34.2,34.0,33.8,33.9,33.3,33.8,34.1,33.6,33.4,33.1,33.5,33.9,33.4,33.7,34.1,33.3,34.0,33.9,34.3,33.0,33.3,33.4,33.5,33.6,32.8,33.5,33.6,35.3,34.1,35.1,34.1,34.1,34.5,34.3,33.5,33.7,33.5,34.2,33.6,33.5,33.3,34.1,33.6,33.1,32.8,33.5,33.5,33.7,33.4,33.7,33.9,33.1,34.0,31.9,33.1,33.8,33.4,32.4,33.7,33.4,34.9,34.1,34.3,nan,33.6,34.1,33.6,33.0,33.4,32.8,33.6,33.6,33.2,32.6,32.7,33.2,33.8,32.6,33.1,33.8,33.4,33.4,33.5,33.4,32.9,33.8,33.3,33.1,32.6,34.2,32.9,34.4,34.5,35.3,34.3,35.0,34.2,34.3,33.8,34.2,33.6,34.0,32.7,33.4,33.2,34.1,33.8,34.3,33.7,34.2,34.0,33.9,34.2,34.3,33.7,34.0,33.7,33.0,32.7,32.1,33.2,33.3,33.0,34.1,34.3,34.6,34.5,33.6,35.1,34.1,34.3,33.6,33.3,33.5,33.3,33.8,33.4,33.2,32.5,34.0,32.9,33.3,34.5,33.6,33.9,33.4,34.0,35.3,33.1,34.5,33.5,34.0,32.2,34.1,32.6,33.2,33.1,35.5,34.3,34.5,33.6,35.0,34.7,33.3,33.6,33.8,33.8,34.2,33.8,33.8,33.1,33.2,34.1,33.6,34.5,33.7,33.7,35.1,34.1,33.4,34.6,33.5,33.5,33.2,33.9,33.4,33.0,33.7,33.8,34.7,34.8,33.6,35.0,33.0,34.6,32.9,33.7,32.8,33.6,32.9,33.0,33.2,33.5,34.4,33.0,33.5,33.7,33.1,33.4,35.5,33.0,34.2,32.6,34.8,32.8,33.8,32.7,33.3,33.4,33.6,33.4,34.0,33.2,33.6,34.0,34.9,33.1,33.8,33.6,33.4,33.6,33.8,33.2,34.3,33.2,33.9,34.2,34.5,34.4,34.8,33.7,36.1,33.6,33.6,34.2,33.4,34.3,33.4,33.9,33.4,34.5,33.6,34.2,34.3,34.4,32.8,34.7,33.3,34.3,33.8,34.1,33.1,34.3,33.6,34.1,33.0,34.0,34.3,34.4,33.3,34.8,34.1,35.0,34.7
1785306833.3532953,2140,33.0,32.8,32.8,33.8,32.8,32.7,32.7,31.8,32.3,33.6,31.2,33.2,33.7,33.3,32.9,33.1,32.9,33.0,32.3,32.8,33.5,33.0,33.0,32.6,32.2,33.0,32.6,32.6,32.9,33.2,32.2,33.6,33.9,32.5,33.0,32.5,32.8,32.7,33.5,32.5,33.4,31.9,32.5,32.7,33.6,33.2,33.0,33.6,32.7,32.5,33.9,32.4,32.4,32.7,32.9,33.1,33.3,33.3,32.5,32.8,33.3,32.9,33.0,34.0,32.9,33.1,33.2,33.5,32.8,32.6,32.7,33.0,33.0,32.9,32.2,32.5,31.9,32.9,32.5,32.9,33.2,33.1,32.3,32.6,32.6,32.8,32.8,32.9,32.3,33.5,33.8,32.2,33.1,33.2,32.9,33.8,34.0,32.7,33.3,33.1,33.7,32.9,32.0,32.7,32.8,32.6,33.4,32.0,32.6,32.6,33.3,33.3,33.9,33.2,32.6,33.0,33.7,32.5,32.2,32.2,32.8,33.1,32.8,34.1,32.1,33.0,33.0,33.2,33.0,33.5,32.0,33.4,32.5,32.2,32.4,33.4,32.1,33.2,31.8,32.6,32.5,33.0,32.3,32.7,32.5,32.9,32.8,32.7,33.0,33.2,32.3,33.5,32.4,33.6,32.5,32.8,33.8,33.2,31.9,34.1,33.8,33.6,34.1,33.3,32.8,32.7,32.9,32.0,33.9,33.0,33.1,32.7,33.1,32.7,31.9,32.8,33.9,33.4,33.1,33.1,32.9,32.9,32.9,33.4,33.5,32.4,32.8,33.5,33.3,33.1,34.8,33.3,33.4,33.1,33.1,32.1,32.7,33.3,32.4,33.6,33.4,32.9,32.8,33.7,34.2,34.3,33.1,33.9,32.3,33.1,32.2,33.3,33.6,33.4,32.5,32.9,32.8,33.5,33.2,32.5,33.2,33.2,32.5,32.9,32.6,33.5,33.8,32.8,32.4,32.2,32.9,32.6,33.9,33.2,33.7,33.8,35.6,34.7,33.6,33.0,33.0,32.4,32.7,32.9,33.2,33.0,32.9,32.7,33.4,32.9,34.0,33.4,33.4,33.6,32.6,32.9,31.5,34.5,32.5,33.2,33.3,33.9,32.5,33.1,32.7,33.3,33.2,34.8,35.5,35.2,32.5,33.9,32.5,33.0,33.2,33.1,32.9,33.3,33.1,32.9,33.0,33.4,33.6,33.1,33.4,32.9,33.0,32.7,34.2,32.5,33.3,32.9,33.6,32.9,33.5,33.5,33.5,32.7,33.9,34.9,35.4,34.0,32.2,32.1,32.5,33.2,32.7,33.2,33.0,33.5,32.8,33.2,33.3,32.9,33.5,33.1,34.2,32.6,32.9,32.6,33.5,34.6,33.4,33.6,32.2,34.1,32.3,33.7,33.6,34.7,34.7,34.9,33.8,35.2,33.4,32.7,32.8,34.0,32.0,33.0,33.5,33.0,31.7,32.4,32.3,33.4,32.2,33.6,33.3,33.7,32.9,32.8,34.0,33.0,33.3,32.5,33.4,33.1,33.5,33.2,34.0,34.6,34.9,34.6,34.7,34.0,33.6,33.4,33.6,32.7,33.3,32.9,33.1,33.7,32.8,32.2,31.9,33.3,33.0,33.1,33.5,33.4,33.8,34.1,32.9,33.3,32.3,34.0,33.4,34.5,32.6,33.5,33.2,34.4,34.5,33.7,33.9,34.3,33.5,33.3,33.0,32.9,33.4,33.8,33.3,32.9,31.6,32.8,32.7,33.3,32.7,32.8,33.1,33.0,33.5,33.9,34.3,33.2,33.0,33.2,34.0,32.9,33.6,32.6,34.5,34.8,34.3,34.5,33.9,33.7,34.2,34.2,33.9,32.6,32.6,32.3,33.4,32.4,33.0,32.7,33.6,34.2,33.5,33.4,33.7,33.5,33.0,32.9,34.0,34.6,32.7,32.7,31.9,33.3,32.0,34.2,33.4,34.7,33.6,33.6,34.1,34.3,34.1,34.1,33.2,33.3,33.8,33.2,33.4,33.3,33.4,33.3,32.6,32.9,33.5,33.5,33.1,33.9,33.3,33.3,34.6,32.3,33.0,32.9,33.6,33.2,34.0,34.1,33.8,34.1,33.5,33.7,34.4,33.4,34.0,34.1,34.2,33.7,33.3,33.8,33.5,33.3,33.7,33.2,33.1,33.6,32.8,33.5,34.3,33.9,33.4,32.2,32.3,33.7,33.3,34.7,33.6,34.5,33.7,33.3,33.2,33.7,33.8,34.4,33.3,34.4,33.9,33.8,31.8,33.3,33.6,33.1,33.4,33.7,32.7,33.3,34.1,33.1,33.3,33.6,34.0,34.0,32.9,32.8,33.2,32.8,33.2,32.6,34.0,33.7,32.5,33.2,33.5,34.2,34.3,34.3,34.7,nan,34.0,33.7,34.0,33.8,33.9,32.6,34.0,34.0,32.8,32.7,33.2,32.9,33.4,33.1,33.0,33.1,34.8,34.3,33.6,33.8,32.5,34.1,33.4,34.7,32.5,33.8,33.9,34.6,33.6,35.1,33.5,33.8,33.3,34.1,34.1,33.3,33.4,34.0,33.1,33.3,32.5,33.6,34.1,33.0,33.7,33.4,33.6,34.0,34.4,34.3,33.2,33.1,33.4,33.1,33.4,32.3,33.2,33.5,33.9,33.7,34.9,35.5,34.3,32.9,33.6,34.0,34.2,33.0,33.6,33.6,33.6,33.7,32.8,32.8,34.0,32.9,33.4,33.1,33.7,34.3,33.8,33.5,32.6,34.0,32.6,34.1,33.0,34.1,31.6,33.3,33.6,33.0,32.9,34.8,34.1,33.3,33.0,33.8,33.8,33.6,33.4,33.8,33.4,34.1,33.9,33.6,33.2,33.3,33.6,34.1,34.0,33.6,34.3,34.2,34.5,32.2,32.8,33.8,33.0,33.5,34.2,33.5,33.7,33.7,33.7,34.5,34.4,34.6,35.4,33.1,34.6,33.1,33.3,32.7,33.7,33.0,33.3,33.5,33.1,32.3,33.5,33.4,33.9,34.1,34.4,34.1,32.9,34.8,33.2,34.0,32.7,33.7,32.4,33.8,32.2,34.4,33.9,33.9,34.4,33.4,33.5,34.3,32.7,33.9,34.1,33.0,34.1,33.2,33.3,33.7,34.1,34.8,34.5,33.3,33.5,33.5,33.6,34.2,33.3,34.0,34.1,33.5,34.0,33.6,34.1,34.1,33.8,33.7,33.4,33.8,33.6,33.2,33.8,33.7,33.6,33.1,32.9,33.5,33.4,32.0,33.9,33.2,33.5,33.1,34.2,33.5,34.6,34.2,33.3,34.6
1785306835.5104187,2141,34.2,34.4,34.0,33.1,32.5,33.1,33.7,33.5,32.8,32.6,32.9,33.0,32.8,33.1,33.0,34.2,33.4,33.9,32.0,33.7,33.0,33.9,31.9,34.4,32.5,33.4,31.8,34.2,33.3,34.1,33.4,34.6,34.9,33.7,33.0,34.3,33.4,32.0,33.2,33.0,32.6,33.6,33.5,33.2,34.1,33.1,33.3,31.8,33.4,33.0,33.5,32.6,33.6,32.2,33.3,33.6,33.3,32.8,32.7,34.2,35.1,32.5,34.0,33.1,34.8,33.6,33.1,33.3,33.3,34.5,33.4,33.6,33.9,33.8,33.4,33.7,32.6,33.2,32.4,33.8,33.0,34.3,33.3,32.7,32.4,32.6,33.8,33.1,33.0,34.1,33.2,34.1,32.8,32.8,31.8,34.5,33.6,33.3,34.7,34.4,32.5,33.7,33.8,33.1,33.2,33.1,33.2,33.0,33.5,33.2,33.3,32.2,33.9,33.4,33.2,34.0,33.5,32.7,33.6,32.5,33.6,32.6,33.0,33.2,33.0,32.3,32.5,34.0,33.4,33.2,33.2,34.3,32.6,33.9,32.7,34.2,32.7,33.4,31.6,33.6,32.7,33.5,32.0,33.4,33.1,33.4,32.7,33.1,32.7,32.9,32.4,33.1,32.6,33.5,33.2,33.8,32.9,34.1,33.3,33.6,34.3,33.0,33.2,33.0,34.2,32.8,33.7,33.5,33.7,33.7,32.8,32.9,32.9,34.1,33.6,33.2,33.8,32.8,33.1,33.7,33.8,33.1,32.8,32.7,33.1,33.0,33.5,33.7,33.1,33.0,34.2,34.1,32.1,33.1,33.0,34.5,33.2,33.5,32.7,33.6,33.3,34.1,32.5,33.5,34.7,34.8,33.5,33.2,32.9,33.0,33.3,33.6,34.1,33.4,32.7,32.9,32.7,33.2,33.4,33.8,33.8,34.5,33.2,33.9,34.2,32.3,32.5,33.7,33.8,32.7,33.4,32.7,33.9,32.7,33.4,34.2,35.4,35.0,34.1,33.2,33.4,33.1,32.7,32.8,32.9,33.0,33.1,33.5,32.9,33.0,33.8,33.1,33.0,32.9,33.2,33.5,33.6,34.7,33.2,34.2,34.3,33.7,32.6,33.6,33.4,33.7,33.2,34.4,36.3,35.7,33.2,34.7,32.9,34.0,32.0,33.1,32.2,34.3,33.5,33.8,32.4,33.2,33.3,33.1,32.7,34.0,33.5,33.9,33.4,34.1,34.7,34.0,34.0,31.8,33.9,33.2,34.3,32.8,33.4,34.3,36.0,35.0,33.3,33.7,33.3,32.9,33.0,33.0,34.0,33.4,31.9,33.4,33.6,32.3,33.5,33.0,34.0,33.4,33.1,33.9,34.2,33.9,32.9,34.2,33.0,33.9,33.1,33.3,33.1,34.5,34.7,35.4,34.0,35.1,33.6,34.3,33.2,32.9,33.5,33.7,33.1,33.5,33.6,33.1,32.7,33.3,32.3,34.0,33.0,33.9,33.0,33.2,34.2,32.7,33.3,33.4,33.1,33.3,33.2,33.6,33.8,34.1,35.4,35.7,34.7,34.5,35.7,33.3,33.9,32.5,32.9,33.6,33.5,33.0,33.4,32.7,33.8,33.0,33.6,32.8,33.4,31.8,34.9,33.2,32.2,32.1,33.5,34.2,33.7,33.9,33.5,34.5,34.3,34.2,35.1,34.2,33.8,34.6,33.8,33.8,33.4,33.2,33.3,33.5,33.7,32.7,33.0,33.4,33.4,33.3,33.7,33.4,34.1,32.8,33.4,33.7,33.9,32.7,33.9,33.3,33.5,33.2,34.8,33.0,35.3,33.7,35.3,34.7,34.2,33.6,33.7,33.3,33.1,32.9,32.6,34.1,33.7,33.6,33.5,33.8,34.8,32.4,34.1,33.5,33.7,33.6,34.6,34.0,32.2,33.6,34.5,34.4,33.4,33.8,33.2,35.0,33.9,34.2,34.3,34.4,33.8,34.3,34.3,34.3,33.4,34.0,33.5,34.0,34.0,33.6,33.5,33.6,32.8,33.6,33.6,32.8,33.6,34.4,33.2,34.1,34.2,33.0,34.4,32.8,33.6,32.3,34.5,33.5,34.2,32.9,35.1,34.6,34.1,32.7,33.5,33.7,34.7,33.6,33.8,33.2,33.7,33.2,34.2,33.8,33.5,33.2,33.9,33.9,33.9,33.3,33.0,33.5,33.9,34.2,33.2,33.9,33.3,33.6,32.3,33.3,33.8,34.2,34.8,34.8,34.9,34.0,34.6,35.1,33.5,33.3,32.9,33.5,33.5,33.8,32.6,33.9,33.6,33.1,33.0,34.1,32.6,33.7,33.8,35.5,33.8,32.3,33.6,34.1,34.0,33.3,33.6,33.1,33.7,33.9,33.8,34.9,33.9,nan,34.7,34.6,34.5,33.0,34.0,33.6,34.2,33.1,34.0,33.6,34.0,32.8,32.3,33.4,34.5,33.0,34.8,35.0,33.1,33.8,33.4,34.5,33.5,34.3,33.5,33.8,33.1,34.4,34.1,34.3,33.9,34.8,34.2,35.3,33.5,33.0,32.8,34.1,34.0,34.2,33.3,34.4,32.9,33.9,33.9,33.0,34.1,33.9,34.0,33.6,33.6,33.4,33.0,33.8,32.3,32.7,33.9,33.7,34.0,33.2,35.2,34.9,34.4,34.3,34.5,34.9,34.2,33.3,34.1,33.3,33.2,33.1,33.9,33.9,33.7,33.7,32.8,33.9,33.7,34.0,33.6,34.0,34.3,34.8,32.9,34.9,33.3,34.3,33.9,34.8,32.6,34.2,34.5,35.6,33.8,34.3,34.0,34.5,33.0,33.8,33.3,33.8,32.9,34.0,34.0,34.8,33.6,34.4,33.5,33.1,33.3,34.4,34.2,33.8,33.1,33.0,33.5,34.4,33.8,34.0,34.0,34.1,34.0,34.4,33.7,35.3,35.3,34.5,35.4,34.2,33.9,33.1,33.9,34.3,33.0,32.6,33.0,33.6,34.0,33.5,33.5,33.3,34.3,34.0,34.2,34.8,33.7,34.1,33.9,34.5,33.6,35.1,33.1,32.8,33.0,34.8,33.2,34.8,34.3,33.2,34.3,34.6,33.1,34.1,33.8,34.1,33.4,34.3,34.1,34.0,34.7,33.1,34.0,34.7,33.8,34.1,34.0,34.6,34.0,33.9,33.0,33.8,33.6,33.3,33.1,34.2,34.1,33.6,34.7,35.2,34.7,33.8,34.1,34.2,34.3,33.0,34.1,33.9,33.2,33.5,33.7,34.5,34.3,33.2,34.8,33.9,34.4,34.9,34.9,35.8
1785306837.6642048,2142,33.2,32.4,33.6,33.9,32.8,32.8,32.9,31.9,32.9,32.8,32.6,33.9,32.9,32.6,33.1,33.7,32.7,32.3,33.3,32.9,33.1,33.2,33.0,31.9,31.7,33.1,32.8,33.6,34.5,33.3,32.9,34.8,32.4,34.5,33.1,33.5,32.2,33.8,32.7,32.9,32.7,32.9,34.3,32.5,31.5,32.7,33.4,33.4,33.1,33.8,33.0,33.3,33.1,32.1,32.2,32.9,33.0,34.3,32.8,33.6,33.4,33.1,34.3,34.2,33.6,33.0,32.3,33.2,33.4,32.3,33.3,33.5,32.8,33.9,32.2,33.1,33.4,33.3,32.1,32.4,33.0,32.8,32.5,32.6,32.9,33.4,33.3,32.8,33.7,33.0,31.9,32.7,34.8,32.6,32.4,33.9,32.0,34.6,32.5,34.0,32.6,32.7,33.1,33.4,33.8,33.4,33.4,32.5,31.9,33.0,32.6,33.0,32.6,33.3,32.9,33.2,32.0,33.0,33.1,32.4,33.3,33.6,33.5,32.7,32.6,33.6,33.8,33.6,34.0,32.2,32.7,32.6,33.7,31.9,32.4,33.5,33.5,33.4,33.0,32.6,33.8,32.7,33.1,33.1,33.2,33.4,33.1,33.1,33.5,33.4,33.8,32.8,33.1,33.0,32.3,34.1,33.4,33.1,33.4,33.7,32.8,33.1,33.5,33.1,32.9,33.3,33.4,32.6,32.5,34.2,33.2,32.8,32.3,33.2,33.3,33.4,33.0,33.4,33.3,33.4,32.6,33.4,32.6,33.4,32.8,33.3,33.4,33.2,32.4,32.9,33.6,33.1,34.2,32.3,33.0,34.2,34.0,33.7,33.9,32.7,33.2,33.0,33.1,33.2,35.5,34.1,34.2,33.8,33.1,32.7,33.8,33.2,32.9,32.8,32.1,33.6,32.4,33.1,33.2,32.9,34.5,31.9,34.2,33.2,33.6,33.5,32.6,34.0,33.1,33.5,33.9,32.6,32.7,33.5,32.9,32.9,35.6,36.5,33.2,33.5,33.4,33.5,32.4,32.9,32.9,32.8,32.8,33.2,32.6,33.4,32.9,33.2,32.9,33.6,33.9,33.8,34.9,33.4,33.3,33.8,32.5,32.3,32.7,32.8,33.5,33.7,33.5,33.2,36.1,35.1,32.8,33.2,33.4,33.0,33.9,33.3,33.6,32.7,32.6,33.0,33.7,32.6,32.5,33.6,33.9,33.3,32.2,33.6,32.4,33.3,33.5,33.7,32.9,32.7,33.2,34.0,33.2,33.2,33.9,35.4,34.6,34.0,34.1,32.5,33.1,33.5,34.2,33.7,32.8,33.7,33.5,32.5,32.3,32.4,33.4,33.8,33.3,32.5,33.4,33.6,33.7,33.6,33.4,33.4,34.2,32.4,32.9,33.7,34.5,33.9,34.5,34.5,35.5,34.3,33.1,32.4,33.8,33.5,33.4,33.2,33.6,33.0,32.9,32.5,33.7,33.8,34.1,33.8,33.8,33.6,33.3,33.9,33.7,33.8,33.4,32.5,32.2,33.3,32.7,33.0,32.9,34.6,34.5,34.9,34.4,34.8,33.7,33.2,33.6,33.5,33.4,33.4,32.3,33.4,33.6,33.3,33.1,32.8,33.1,33.3,33.8,33.4,34.4,33.9,33.5,34.2,33.8,34.1,34.0,33.5,32.8,33.0,33.4,33.8,34.4,35.7,34.1,34.0,33.9,34.5,33.8,33.2,33.1,33.6,33.1,33.5,33.6,33.0,34.0,33.2,33.3,32.4,32.9,33.6,33.5,33.5,32.9,33.0,33.6,33.5,33.0,34.0,33.3,34.3,34.0,34.3,34.0,35.3,33.1,34.5,34.1,34.2,32.8,34.2,34.1,32.9,32.9,33.4,32.9,33.4,32.8,33.0,33.6,33.4,32.9,33.7,33.2,33.5,34.8,33.4,33.4,33.5,33.6,33.0,33.8,33.9,34.0,34.1,34.6,34.5,34.1,33.7,33.6,34.0,34.9,34.0,33.4,33.2,33.3,31.9,33.2,33.0,34.1,33.3,32.9,33.4,34.0,33.2,33.7,33.7,33.2,33.9,33.9,33.8,32.8,34.6,34.0,33.6,32.7,33.9,33.9,34.0,33.9,33.7,33.9,34.2,33.5,33.9,33.3,33.3,33.4,34.1,33.4,33.5,33.2,32.8,33.6,34.2,34.0,33.6,33.8,33.4,33.6,31.7,33.7,33.0,34.1,33.3,34.2,33.9,34.0,34.1,34.2,34.5,34.5,33.7,34.1,34.3,33.9,32.6,32.8,33.4,33.7,32.5,33.7,33.3,34.1,33.5,32.6,33.5,33.3,33.5,33.7,34.9,33.7,33.2,33.0,32.8,33.1,33.7,33.1,33.2,33.0,33.5,34.5,34.3,34.3,nan,33.4,33.4,33.3,33.9,33.4,34.1,33.1,33.9,33.5,33.5,33.1,34.0,33.8,33.8,33.6,32.8,33.6,33.9,34.3,33.4,33.7,34.0,33.2,33.1,32.7,33.3,33.5,33.1,34.7,35.5,34.4,33.7,33.9,35.2,34.1,32.4,33.9,33.5,33.8,33.2,33.7,33.6,34.4,32.9,34.0,34.0,33.8,33.3,33.1,34.5,33.5,34.4,33.3,33.3,33.1,34.5,33.4,32.7,33.0,33.7,34.3,35.8,34.5,34.5,33.6,33.9,33.1,33.1,34.1,33.4,32.9,33.9,33.6,33.3,33.2,33.1,34.9,33.4,33.2,34.3,33.9,33.7,35.0,34.0,33.9,33.3,34.2,33.4,33.3,33.9,33.5,33.9,33.9,35.5,34.9,33.7,33.7,34.5,34.5,34.0,33.5,33.8,33.6,33.3,31.9,33.1,33.7,34.7,34.0,34.2,34.8,34.5,33.8,34.9,33.0,34.6,34.0,33.8,33.9,34.3,33.9,34.4,33.4,34.0,34.1,34.2,33.4,34.2,34.3,33.8,33.9,33.6,33.4,33.6,33.7,34.2,36.4,34.2,33.1,33.8,33.8,34.0,33.3,34.0,35.3,34.9,33.6,34.5,33.6,34.3,33.1,34.0,33.0,33.3,33.1,33.2,34.1,35.0,34.8,33.1,34.6,34.0,33.5,33.5,33.7,33.8,33.7,33.6,34.0,33.9,34.4,34.1,34.1,34.5,33.9,34.0,34.7,35.8,33.1,34.9,33.1,33.0,33.3,33.7,33.6,32.9,32.9,32.9,34.4,34.3,33.1,34.3,33.8,33.9,33.6,34.3,34.0,34.3,33.8,33.2,34.1,35.0,33.8,33.3,34.0,33.8,33.2,33.3,34.8,34.8
1785306839.5919487,2143,32.6,33.0,33.2,33.2,33.6,33.0,33.5,33.1,33.6,33.2,33.7,32.9,32.6,32.1,32.8,32.4,32.6,32.3,33.3,32.9,33.0,32.9,32.1,32.1,32.0,33.3,33.3,33.2,33.5,34.5,33.3,33.2,33.5,33.4,32.6,34.1,33.1,32.8,32.3,33.2,33.1,32.8,31.8,33.8,32.7,32.0,31.9,32.9,32.0,32.1,32.7,33.3,32.9,33.5,32.8,33.6,33.4,33.2,33.6,34.0,32.9,32.3,32.9,33.6,34.0,32.8,33.8,33.9,33.1,32.7,33.0,33.5,32.3,33.2,32.7,32.5,32.9,32.9,33.1,32.4,33.0,33.5,33.3,32.6,32.6,33.2,33.4,32.6,33.2,33.2,33.0,33.1,32.7,33.5,33.0,33.2,32.9,33.1,32.3,34.1,33.2,33.2,31.9,34.1,34.2,32.5,32.9,32.9,32.5,32.9,32.6,32.9,33.4,32.4,33.0,32.4,32.2,33.6,32.0,33.0,32.9,31.8,32.1,33.8,33.5,32.3,31.5,35.1,32.2,33.6,33.0,32.7,33.6,34.2,33.1,32.0,32.7,32.7,33.2,32.0,32.8,33.4,33.5,32.4,33.4,32.8,33.2,32.6,33.1,32.6,32.9,32.9,33.0,33.0,33.5,32.5,33.5,33.3,32.7,32.6,34.2,32.8,31.6,34.3,32.9,33.0,33.4,34.0,32.7,33.2,32.8,33.4,32.6,32.8,32.4,33.8,33.2,33.3,32.8,33.8,33.0,33.5,33.5,33.1,32.9,33.0,32.6,34.3,32.4,33.4,32.8,34.5,33.7,33.2,33.4,33.2,32.8,33.4,34.2,32.4,33.5,32.5,33.3,33.7,35.2,34.6,34.1,33.1,32.7,33.5,32.8,32.9,32.8,33.3,33.7,32.7,33.4,32.4,33.3,32.6,33.6,33.5,33.7,33.2,33.2,33.3,32.6,33.3,34.0,33.4,32.8,33.6,32.9,32.4,32.4,34.3,35.4,35.6,32.5,33.7,33.4,32.7,32.9,33.1,32.9,32.2,32.6,33.6,32.6,32.6,33.3,33.3,33.5,32.9,33.1,34.5,33.1,33.2,34.6,33.3,33.2,33.6,33.7,33.0,33.1,33.4,34.4,33.2,36.0,35.6,33.0,33.3,33.3,33.4,33.6,32.5,33.0,32.5,33.8,32.1,32.4,33.0,33.3,32.7,34.0,32.8,33.5,33.4,33.3,34.1,33.9,33.2,32.9,34.0,32.9,33.4,33.5,33.3,33.0,34.2,35.1,34.6,32.6,34.0,32.9,32.9,33.0,33.4,33.2,33.3,33.0,32.5,32.3,33.2,32.7,34.6,33.0,33.2,31.8,34.3,33.6,32.8,33.7,33.5,32.8,33.8,32.6,33.0,33.8,34.6,34.7,34.3,34.8,34.8,35.1,33.2,33.5,32.9,33.3,32.3,33.5,33.3,33.9,33.0,32.9,33.5,33.5,31.9,33.4,32.7,33.8,32.3,32.7,32.9,32.8,33.6,32.8,33.3,32.7,33.3,33.6,35.1,35.0,34.8,34.7,33.7,33.2,33.7,33.1,32.9,32.7,33.4,33.6,33.1,32.8,32.9,33.0,33.7,31.9,33.4,32.5,33.1,34.0,34.0,32.8,34.0,32.3,32.7,33.1,33.3,33.0,32.0,33.9,34.1,35.1,34.1,34.3,33.1,34.3,34.7,33.2,32.4,34.0,32.4,32.7,33.7,33.5,32.3,32.6,33.3,33.2,33.3,33.0,32.7,33.0,32.7,33.5,34.1,33.0,33.1,32.7,33.0,33.3,33.3,33.8,34.5,34.5,34.4,34.6,33.8,33.9,34.3,33.6,32.7,33.1,33.9,32.8,32.8,33.1,33.6,32.3,33.0,32.9,33.3,34.1,32.3,33.5,34.0,32.4,34.5,33.9,32.8,33.9,33.1,34.0,34.1,33.6,34.3,33.7,33.2,33.3,33.5,34.0,34.3,32.8,33.2,33.5,33.2,33.0,33.4,34.2,33.2,32.3,33.5,33.7,33.8,33.4,32.7,33.4,33.3,34.3,33.8,33.5,34.1,33.7,33.2,33.5,34.0,33.4,34.0,33.6,34.6,33.8,33.3,33.9,34.6,33.5,34.1,32.9,34.0,33.4,33.8,32.4,33.6,33.4,33.7,32.9,34.2,32.5,33.5,32.4,32.9,33.5,34.9,34.5,34.0,33.3,34.2,33.0,33.0,33.8,33.6,34.5,34.0,34.4,33.5,34.5,34.4,33.3,33.5,34.2,33.7,33.3,33.7,33.6,32.4,34.3,32.9,33.9,32.4,33.9,33.9,33.2,33.9,34.1,33.1,33.0,33.9,33.7,32.7,33.8,33.6,33.4,34.2,34.0,35.1,33.5,nan,33.6,34.7,34.9,34.1,33.9,33.5,33.1,33.8,32.4,33.6,33.7,33.9,33.1,34.3,33.8,33.8,33.5,34.2,32.9,33.4,33.6,33.6,32.8,33.1,33.5,34.1,33.8,34.1,34.5,34.5,33.7,33.3,33.7,33.5,33.8,33.4,34.0,33.2,33.5,34.0,33.1,32.2,33.4,33.6,33.7,32.9,33.3,33.2,34.7,33.7,33.5,33.8,33.9,33.8,32.9,32.3,32.3,34.1,34.4,33.0,35.3,35.4,34.2,32.6,33.9,34.3,34.1,33.5,33.0,34.3,33.5,32.8,32.2,33.7,32.8,32.6,33.8,34.1,33.6,33.4,33.5,34.8,34.0,34.1,32.9,34.3,34.7,33.4,33.2,33.0,33.1,33.8,35.4,33.6,34.5,34.2,35.3,33.5,32.8,33.7,33.8,34.0,33.3,33.9,33.3,33.1,33.2,33.0,33.5,33.6,33.5,34.1,34.6,33.8,34.8,33.8,33.3,33.7,32.7,34.0,32.8,34.3,33.5,33.0,33.3,34.4,33.6,34.1,34.8,34.0,33.6,33.3,33.4,34.3,32.7,34.4,33.0,33.4,33.5,33.1,33.4,34.8,33.8,33.7,33.8,35.5,34.4,33.1,33.7,33.2,34.0,33.6,33.1,32.9,33.0,34.0,34.5,34.0,35.2,32.9,34.3,34.0,33.6,33.5,33.0,33.1,32.7,33.3,33.8,32.4,33.7,33.4,34.0,33.9,33.4,34.2,34.9,33.8,32.7,33.7,33.3,34.0,32.5,33.8,33.0,34.1,32.5,34.1,33.3,34.2,33.8,33.8,34.0,34.3,33.3,33.5,32.4,34.0,32.9,34.2,33.6,33.6,32.7,33.5,32.2,34.7,33.8,33.4,33.9,35.4
1785306841.7418935,2144,33.9,32.2,32.2,33.0,33.8,33.7,32.4,32.9,33.8,33.3,33.1,33.3,33.6,33.2,32.6,33.0,33.0,32.3,32.4,33.2,33.0,32.3,32.9,32.9,33.4,32.5,33.1,34.1,33.7,32.4,32.6,34.0,31.9,33.1,32.9,31.9,32.4,33.9,33.6,32.0,32.7,32.4,32.6,32.8,32.4,33.1,32.3,33.1,32.1,33.0,32.9,32.8,33.1,32.2,32.6,32.2,33.0,33.4,33.4,32.0,34.1,32.7,33.1,33.4,33.5,34.0,33.1,33.7,33.1,32.3,33.0,32.3,33.9,33.0,31.7,32.4,31.8,32.8,32.9,33.7,33.8,33.2,33.3,32.5,33.3,32.5,33.4,33.0,32.8,32.7,32.8,32.1,32.9,32.5,33.9,33.0,33.7,34.5,32.6,33.7,32.8,33.2,33.7,32.1,33.4,32.5,32.2,32.6,33.2,32.5,32.1,32.5,31.7,32.6,32.9,33.1,32.9,32.0,32.4,33.0,32.2,33.7,33.3,32.4,33.5,32.9,32.2,33.5,33.9,32.4,33.0,33.8,32.0,32.5,32.3,33.2,33.1,32.6,32.5,34.1,32.8,32.8,32.6,33.3,33.2,32.8,32.8,33.1,33.4,33.1,32.8,33.6,32.8,32.6,32.9,34.5,34.3,33.8,32.0,34.0,33.5,33.0,33.8,33.8,33.1,33.0,34.1,32.9,32.4,32.8,33.0,31.3,32.8,33.1,33.3,32.7,32.5,32.8,33.1,33.1,34.3,32.6,32.0,32.2,32.0,32.8,33.6,34.3,32.8,33.4,33.0,33.4,33.2,33.2,32.3,34.6,33.3,33.2,32.7,33.1,32.4,33.5,33.2,33.4,35.2,34.3,31.1,33.2,33.3,32.9,32.9,32.9,33.1,32.8,32.4,33.1,33.0,32.2,33.1,33.2,33.8,32.9,33.2,33.8,32.1,33.8,33.3,32.9,32.5,33.2,32.4,32.1,33.1,33.6,33.3,33.5,35.3,34.0,33.0,32.9,32.8,32.4,32.6,32.9,32.9,32.7,31.8,32.4,32.6,33.7,33.2,32.5,32.4,33.1,34.0,33.4,33.8,33.2,31.9,34.5,32.8,33.9,33.7,33.4,33.6,32.0,32.9,34.6,36.0,35.3,33.7,33.7,32.8,32.6,32.8,33.5,33.1,32.9,32.5,32.8,33.4,33.1,32.7,33.9,33.6,32.8,32.9,33.8,33.1,32.8,33.0,32.6,32.2,33.3,32.7,33.6,32.5,32.5,34.1,33.5,35.5,34.5,33.5,32.9,32.6,33.2,33.4,32.6,33.4,33.4,33.0,32.7,32.7,33.2,32.9,33.1,33.2,33.9,33.6,32.5,33.3,32.4,32.5,32.9,32.6,33.3,32.4,33.6,33.4,34.0,34.7,35.5,35.9,34.6,33.3,32.8,33.2,32.6,32.7,33.9,33.0,32.5,33.4,32.7,33.2,32.3,32.8,33.1,33.9,32.7,33.4,32.9,32.9,32.8,34.0,33.2,32.6,33.3,33.1,33.3,34.2,34.6,34.8,33.9,34.6,35.1,34.0,33.1,33.0,34.2,33.9,32.8,33.6,32.8,33.5,32.7,31.6,33.4,32.8,32.6,33.1,33.2,33.9,33.3,33.6,33.2,31.9,32.4,33.7,33.3,32.7,33.2,34.1,34.3,34.1,34.4,34.6,33.7,33.8,32.8,33.4,32.0,32.8,32.6,33.4,33.7,32.8,32.5,33.9,32.9,32.6,33.3,33.0,33.4,33.0,33.0,34.0,32.9,32.9,33.8,33.9,33.0,33.1,32.4,33.2,33.8,35.0,33.7,33.6,33.8,33.6,33.0,32.7,32.7,32.8,32.6,33.1,33.1,33.9,33.4,32.7,33.0,33.6,33.1,32.9,34.0,33.7,32.0,34.1,33.2,33.1,33.2,33.4,33.5,33.1,33.7,33.3,34.1,34.1,33.9,34.3,33.9,34.3,34.2,32.9,33.1,32.7,32.9,33.6,32.3,33.5,33.0,34.1,32.8,32.5,33.4,33.2,33.1,33.0,34.0,32.6,33.6,33.3,32.7,33.0,33.4,33.5,32.8,34.4,33.0,34.1,33.9,34.0,33.6,34.4,33.6,33.0,33.5,34.2,33.5,33.4,33.3,32.7,33.9,32.9,32.7,33.3,33.1,32.9,33.1,34.1,33.5,33.2,33.2,34.1,33.4,32.7,32.7,33.4,33.4,32.9,34.1,34.6,35.0,34.1,34.2,33.5,34.9,33.7,33.1,32.7,33.5,32.7,33.2,33.1,33.3,33.5,31.9,31.9,33.8,33.7,33.0,34.2,34.4,33.5,32.5,34.1,31.7,33.5,34.0,33.3,33.1,33.2,33.5,33.4,34.6,33.8,nan,33.8,33.4,33.0,33.0,32.9,33.5,33.0,33.4,32.7,33.1,32.6,33.0,33.9,32.3,32.9,32.8,34.7,33.4,33.7,32.4,33.6,33.0,32.7,33.3,33.7,33.9,33.4,33.1,34.1,35.0,34.0,34.3,33.4,34.9,34.3,33.5,33.5,33.9,33.5,32.9,32.0,34.3,33.4,33.3,33.0,33.3,33.7,33.9,33.8,34.4,33.9,33.2,32.5,32.7,32.4,33.2,33.3,33.3,32.7,34.1,35.0,34.9,33.5,33.9,34.1,34.1,33.7,33.1,33.6,32.8,32.6,33.3,33.8,33.0,33.7,34.2,32.7,33.7,32.9,32.4,33.7,34.2,34.2,34.1,33.8,33.5,34.4,32.9,33.2,33.6,34.0,32.6,34.0,34.9,35.0,33.7,33.4,34.5,33.3,32.8,33.4,33.5,34.0,33.4,34.5,33.3,33.8,33.2,33.3,33.6,33.9,33.9,33.7,34.5,33.5,34.7,34.0,32.7,33.7,33.8,33.6,32.6,33.2,34.3,33.3,33.7,34.7,34.8,34.5,34.3,34.3,33.4,33.6,33.5,33.6,33.6,33.0,32.8,32.4,34.0,32.6,32.9,33.2,33.9,32.8,34.4,32.3,32.6,31.2,35.0,33.4,33.8,33.3,33.5,34.1,33.8,33.8,33.6,33.8,33.8,33.2,34.2,33.4,33.1,33.2,32.8,33.8,32.8,32.6,33.8,34.3,33.0,33.6,34.2,34.8,33.4,35.5,35.0,33.1,34.1,33.1,33.1,32.9,32.8,33.4,33.4,32.9,33.4,34.0,34.2,33.5,33.6,33.5,34.0,33.1,34.0,33.3,34.6,33.6,33.6,32.8,33.4,33.4,34.1,32.9,33.7,33.6,34.7,34.4,35.1
1785306843.904463,2145,35.9,33.4,33.6,33.3,33.7,33.3,32.9,33.9,34.1,32.6,33.0,33.6,33.5,32.9,33.1,33.5,32.4,33.9,33.6,32.8,33.7,32.8,32.6,34.0,33.8,33.2,32.8,33.1,34.5,33.0,33.5,34.1,34.4,34.5,33.5,34.7,33.6,33.1,33.2,34.3,33.2,33.5,33.3,34.4,32.7,33.4,33.3,33.4,33.4,33.2,33.3,33.3,33.4,34.1,33.3,33.3,33.3,34.3,32.9,33.2,34.4,34.2,32.2,34.2,33.9,33.6,32.8,32.8,33.0,33.7,33.7,33.6,33.4,32.9,33.5,33.9,34.1,32.7,33.4,32.5,33.1,33.6,32.5,32.7,33.4,33.1,33.5,33.4,33.7,33.5,33.7,32.2,33.1,33.6,33.6,35.0,34.0,33.9,34.0,33.8,33.5,32.9,33.4,33.4,33.7,33.4,32.7,32.7,33.8,33.3,33.1,32.6,33.0,33.5,32.6,33.7,33.3,33.5,33.6,33.3,33.2,34.0,32.4,33.5,33.4,33.4,33.4,34.8,34.7,33.0,35.1,33.2,33.7,32.8,33.8,33.6,32.5,32.8,32.6,32.6,34.0,33.7,32.4,33.2,32.3,33.2,33.4,33.9,33.5,32.5,33.8,33.3,32.9,33.4,32.7,33.0,32.8,34.0,34.1,33.4,33.1,34.5,34.7,34.2,35.2,33.5,33.1,33.4,33.0,33.8,33.8,33.5,33.4,34.1,33.2,33.8,33.3,34.4,33.7,33.6,33.3,33.2,32.9,34.4,33.0,33.5,33.5,33.6,33.9,33.5,34.4,35.2,34.0,33.1,33.9,33.9,33.4,33.7,33.5,33.2,33.9,33.4,32.8,34.2,34.3,33.7,33.6,33.9,34.2,33.9,32.6,33.1,33.6,33.1,33.3,33.5,33.1,33.7,33.9,32.9,33.5,33.4,33.8,33.5,33.3,33.7,33.3,33.6,33.7,33.2,33.6,32.9,33.5,33.7,33.7,34.6,35.5,35.4,33.9,33.2,32.7,33.3,33.5,33.7,34.2,33.3,33.1,33.4,32.4,34.3,34.0,33.5,33.2,34.4,34.1,34.8,33.7,33.7,33.3,33.2,33.5,33.3,34.1,33.3,33.3,33.8,33.7,35.2,35.8,35.5,33.1,33.4,33.1,33.6,33.4,33.8,32.9,32.8,33.1,33.4,33.3,33.1,33.0,34.9,33.9,34.0,33.4,33.9,34.2,34.6,33.9,34.7,32.7,33.6,32.3,34.4,33.3,34.2,33.6,35.7,34.8,34.0,33.9,34.3,33.2,33.7,33.6,35.0,32.9,33.5,33.3,34.0,33.6,34.1,32.5,33.4,33.6,33.7,34.1,34.4,34.3,33.1,33.2,34.2,33.5,33.8,33.7,33.7,33.5,34.9,34.0,35.1,35.7,34.4,33.6,33.8,33.6,33.0,32.9,33.0,33.5,33.0,33.0,33.3,33.2,33.6,32.6,33.1,34.0,32.9,33.7,34.6,33.0,33.4,34.1,34.1,33.4,33.8,32.8,33.5,33.7,34.4,34.6,35.1,34.5,35.1,34.4,34.3,33.6,33.8,33.7,33.9,32.3,34.2,34.1,32.8,33.9,33.5,33.7,32.9,33.5,34.1,33.4,33.5,33.8,34.1,33.2,33.6,34.0,34.1,33.1,33.8,34.0,34.4,34.4,34.4,34.4,34.6,35.0,34.8,34.0,33.2,33.6,33.7,33.8,33.8,33.3,33.1,32.9,33.1,33.8,34.4,33.6,33.7,33.5,33.7,33.6,34.2,33.5,34.1,33.1,33.1,33.6,34.1,35.3,34.3,34.3,34.8,33.9,35.3,34.5,33.6,34.0,33.3,33.9,34.0,32.7,33.4,33.8,33.0,33.6,33.8,32.8,34.1,32.8,33.7,34.0,34.1,34.6,34.8,34.0,33.3,33.8,34.0,34.0,33.3,34.2,34.1,34.1,34.3,34.6,34.1,34.1,34.0,33.2,33.8,33.8,34.5,33.1,33.6,33.4,34.1,34.2,33.4,34.2,33.9,33.3,33.7,34.5,33.5,33.5,33.7,33.2,34.2,32.9,33.7,33.1,34.3,33.3,34.1,35.1,34.2,34.4,33.4,34.8,34.7,32.5,33.3,34.1,34.2,33.4,33.3,33.8,33.7,33.8,34.0,34.1,34.9,34.4,33.6,33.8,35.2,33.6,32.9,34.5,34.1,33.8,33.2,34.2,34.0,34.2,35.0,33.7,35.1,36.1,35.1,33.9,34.9,34.4,33.5,33.9,33.6,34.4,33.8,33.4,33.4,33.9,33.1,33.5,32.5,34.0,34.0,33.9,34.1,34.4,33.2,32.8,34.2,33.0,34.3,34.1,34.1,33.0,33.8,34.0,35.0,34.2,nan,33.8,33.9,33.6,32.9,33.4,34.2,33.0,34.2,32.8,34.0,33.0,34.0,34.5,33.1,34.7,33.7,34.4,34.5,35.3,35.2,34.7,33.5,34.4,34.5,34.2,34.2,33.2,33.7,35.7,35.4,34.8,34.9,34.3,35.8,33.9,33.5,34.8,33.8,34.4,33.6,33.4,34.4,33.9,33.9,34.2,33.4,34.9,34.4,33.7,33.4,34.0,33.7,33.6,34.1,34.0,33.5,33.9,34.5,33.7,34.2,34.9,35.3,34.3,34.2,32.9,35.2,34.2,33.9,34.4,34.1,33.9,33.9,33.0,33.7,33.8,34.3,33.6,34.3,33.9,34.3,34.9,34.7,34.1,34.8,33.9,35.1,33.4,34.1,33.7,34.0,33.2,34.2,34.1,34.8,34.9,34.5,34.9,34.3,33.8,34.1,34.4,33.3,34.2,33.8,33.9,33.4,33.7,34.4,34.0,33.7,34.4,34.8,33.8,34.4,34.5,34.4,34.5,34.7,34.9,33.9,33.6,33.7,33.6,34.7,33.6,34.5,34.7,34.4,34.7,34.8,34.7,32.9,33.9,34.1,33.5,34.5,33.3,33.9,33.1,32.7,33.7,34.5,33.7,34.0,33.7,35.6,34.0,34.1,34.5,33.1,34.5,34.1,33.8,34.2,34.1,34.2,35.3,35.0,33.9,33.0,34.4,35.0,33.4,32.9,34.4,34.3,33.9,33.8,33.7,33.8,33.7,34.0,34.9,33.7,34.5,34.8,34.1,34.8,33.5,35.3,34.3,34.5,33.8,33.9,34.1,34.1,34.1,33.9,33.9,34.8,34.1,32.9,34.1,33.4,33.2,33.8,33.9,34.3,33.4,34.3,33.9,34.6,33.7,33.8,34.1,35.2,33.9,34.4,34.4,35.5
1785306845.9884355,2146,35.3,33.2,34.9,33.9,32.9,31.9,33.5,33.1,33.0,33.4,32.9,33.9,33.9,32.5,33.1,34.1,32.8,33.2,33.1,33.4,33.4,32.7,32.5,33.5,32.6,32.3,33.3,33.4,34.4,33.8,32.8,35.2,32.9,31.8,33.3,34.3,32.4,32.6,33.3,33.8,33.3,33.7,34.5,33.0,33.1,33.5,33.2,32.7,32.6,32.8,32.5,32.0,32.3,33.1,33.6,32.4,32.8,34.0,34.2,32.9,33.2,33.6,34.6,33.6,34.8,32.0,33.6,34.1,33.1,33.1,33.2,34.0,34.0,33.3,32.3,33.1,32.2,32.7,32.4,32.2,33.3,33.1,31.5,33.0,33.0,33.2,32.3,32.9,34.1,33.2,33.4,33.9,34.2,32.2,33.2,33.9,32.9,33.8,34.3,34.6,33.4,33.0,34.1,33.3,33.2,33.2,34.2,32.9,33.2,33.7,32.8,33.9,33.9,33.6,33.2,33.1,32.7,33.2,33.5,33.0,34.4,32.6,33.1,33.6,34.1,33.9,34.5,34.0,33.9,33.1,33.2,33.7,33.2,33.4,33.7,33.7,32.5,33.6,32.5,33.7,32.7,32.7,32.8,33.6,33.1,33.6,32.7,32.4,33.5,32.6,32.8,33.2,34.0,33.1,32.9,33.9,33.1,32.9,32.9,34.6,31.8,32.8,32.9,32.8,34.9,33.1,33.0,32.9,32.5,33.5,32.8,33.2,32.6,33.4,33.6,33.2,33.8,32.8,33.1,33.3,32.8,33.3,33.2,32.2,33.2,32.3,33.2,33.1,33.4,33.4,33.9,33.2,33.9,33.9,32.9,34.0,33.7,33.6,32.9,33.4,33.6,33.0,32.5,33.5,35.4,34.6,33.3,32.5,32.9,33.3,33.6,33.5,33.3,33.5,32.5,32.6,33.7,34.3,33.2,33.1,33.6,33.4,32.4,33.8,32.5,33.5,33.4,34.1,32.5,33.8,33.0,33.0,32.9,33.7,33.1,33.0,35.4,36.1,34.3,33.2,32.9,32.4,32.7,32.6,33.7,33.3,34.4,33.1,33.1,32.8,33.1,33.1,33.1,32.9,33.3,33.6,33.3,34.0,33.8,33.6,33.9,33.7,32.8,32.6,33.7,33.0,33.1,34.1,36.0,35.1,33.2,33.3,33.8,33.4,33.1,33.6,33.8,32.8,32.5,33.5,33.0,32.3,32.2,34.1,31.8,32.2,33.7,33.4,33.3,34.7,33.5,33.2,32.7,33.3,32.9,33.0,33.8,33.9,33.1,34.2,35.6,35.6,33.7,32.9,33.2,33.9,33.5,33.2,32.4,32.3,33.3,32.9,33.0,32.6,33.4,34.0,32.8,33.0,33.6,33.5,34.8,33.0,32.9,33.0,32.8,33.3,32.9,33.6,32.9,34.1,34.7,34.8,35.5,34.9,33.8,33.1,34.0,34.2,32.5,33.7,33.0,33.2,32.9,33.5,32.7,32.8,33.0,33.6,33.7,32.6,33.2,32.7,33.7,33.3,32.6,33.8,33.3,32.6,33.1,33.4,33.5,34.0,34.5,34.2,35.2,34.7,34.2,33.7,32.8,32.6,32.9,32.5,32.9,33.1,32.8,32.9,33.6,33.5,33.1,33.0,33.0,32.9,33.8,33.1,33.6,34.6,33.3,34.5,33.7,33.1,34.0,33.3,32.8,33.9,34.1,35.1,34.5,33.5,34.0,33.7,32.7,32.9,33.1,33.4,33.2,33.4,32.5,32.8,33.3,33.2,33.0,33.4,33.9,32.6,33.8,33.7,33.3,32.9,34.4,32.5,34.5,33.5,34.0,32.9,34.2,34.0,34.2,34.0,34.1,34.4,33.6,34.1,32.9,32.8,33.6,33.6,32.8,33.3,34.7,33.4,34.0,32.4,33.8,32.4,32.8,34.0,33.2,33.4,34.3,33.6,33.5,34.1,34.8,33.7,33.7,33.5,33.9,33.9,34.1,34.6,34.1,34.2,34.5,34.7,33.5,33.5,33.5,33.2,33.6,33.0,33.5,34.2,33.6,33.5,33.2,33.6,33.0,34.1,34.3,33.3,34.2,33.4,33.1,32.7,33.5,32.7,34.4,33.6,33.4,33.8,34.8,32.6,33.9,33.1,34.2,34.0,32.8,33.3,33.2,34.0,33.6,33.0,33.0,33.1,33.7,33.7,33.6,33.3,33.4,33.4,34.6,32.9,32.0,33.4,32.9,33.2,33.3,33.1,31.7,34.3,33.9,33.6,34.1,34.5,34.1,33.8,34.6,34.5,33.3,33.4,33.0,33.8,33.3,33.4,33.8,33.8,33.5,33.5,33.0,33.8,34.1,33.7,33.2,34.9,33.7,33.3,33.0,32.5,33.8,33.0,33.6,33.6,34.2,33.9,32.9,35.2,34.3,nan,34.2,33.8,33.6,33.3,33.4,33.6,32.8,33.7,33.7,34.6,33.6,33.3,32.9,33.7,33.8,33.6,33.2,33.8,33.3,33.4,33.3,34.0,32.7,33.6,33.9,33.5,33.2,33.6,34.8,34.8,34.7,33.2,33.5,34.3,33.3,33.0,33.3,34.5,33.3,32.9,33.9,34.1,33.8,33.8,33.5,33.2,33.8,33.7,33.4,34.1,33.9,33.4,33.3,33.1,33.3,32.9,33.0,33.7,32.9,33.4,35.4,34.4,34.0,34.1,34.1,34.7,33.6,33.1,33.4,33.8,32.3,32.2,33.4,33.4,32.8,33.5,34.3,33.5,33.6,33.2,33.7,33.8,34.0,33.2,33.7,34.5,33.7,33.6,32.8,34.3,33.3,34.1,33.6,35.3,34.3,34.2,34.1,33.7,33.8,33.3,33.4,33.7,33.1,34.4,33.4,33.6,34.3,33.0,33.3,33.8,34.7,33.2,33.3,34.3,32.8,34.0,33.7,33.7,33.6,33.8,32.8,33.3,33.3,34.4,35.2,34.4,34.3,34.6,34.6,34.0,33.1,33.8,32.7,33.6,33.1,33.2,34.6,33.4,32.2,34.0,34.0,33.3,33.9,33.7,34.5,34.1,34.2,33.8,33.5,35.0,34.4,34.4,32.7,34.1,32.5,33.2,33.6,35.0,33.9,33.6,34.3,34.2,33.4,32.6,33.6,34.0,33.6,34.0,33.7,33.9,33.7,33.9,33.4,34.1,33.6,32.9,35.3,35.6,32.2,34.1,34.2,32.9,33.5,34.2,32.8,33.0,32.9,34.1,33.5,34.5,33.5,33.3,34.5,33.1,33.8,33.5,33.6,33.7,33.4,32.7,33.5,33.8,33.6,34.3,33.8,34.1,33.4,34.5,34.8,34.7
1785306848.2116966,2147,33.0,33.6,32.8,34.1,34.0,34.2,33.4,34.3,33.9,34.0,33.2,32.6,33.7,32.9,33.1,34.1,32.8,33.3,33.3,33.5,33.7,33.0,31.8,33.8,33.6,33.2,31.5,34.0,33.8,33.4,34.0,33.6,34.4,32.7,34.4,33.7,33.6,32.7,33.9,32.9,33.4,31.9,32.9,33.1,31.9,34.3,33.9,33.4,33.4,32.0,33.0,33.3,34.5,32.3,32.9,32.4,33.5,32.1,33.7,33.7,33.9,32.9,33.0,33.8,33.4,33.6,34.4,34.4,34.3,34.3,32.7,33.8,33.4,33.3,33.9,32.8,33.4,33.2,32.3,33.6,32.7,34.6,33.4,33.1,33.6,33.8,32.4,34.0,33.7,32.8,33.4,33.4,33.7,31.9,32.4,33.6,34.8,32.2,33.8,32.7,33.7,32.1,33.6,33.4,33.9,33.0,32.3,33.2,33.1,33.3,32.4,33.0,33.4,32.5,34.0,33.5,33.3,32.5,33.8,32.9,33.4,33.1,33.0,33.3,33.6,33.7,33.4,33.7,34.5,33.0,33.1,34.3,33.3,33.4,33.0,32.5,33.0,32.7,33.4,33.5,33.0,33.4,33.1,32.3,33.2,32.9,33.5,33.0,34.3,33.2,33.6,33.1,33.1,32.2,32.9,33.6,33.2,33.6,33.5,33.6,35.0,32.9,32.6,33.3,33.6,32.5,34.0,33.6,33.2,33.1,34.0,33.0,33.6,32.7,33.2,33.8,33.3,33.4,33.6,32.9,33.9,33.2,33.5,32.7,33.0,32.8,34.1,34.2,34.1,33.3,33.5,33.7,33.4,33.8,34.9,34.1,33.3,33.5,33.7,33.6,33.8,34.1,32.4,33.5,35.3,34.5,33.4,33.6,33.0,34.1,33.1,33.5,33.9,33.8,32.0,33.7,33.8,33.3,33.0,33.3,34.1,33.0,32.9,33.7,34.6,33.9,33.8,32.4,32.6,33.0,33.4,32.8,33.5,32.8,33.4,33.6,36.2,34.4,33.3,33.0,33.2,32.7,33.5,34.2,34.0,33.3,32.9,33.3,33.2,32.9,33.2,33.2,33.2,33.4,33.4,33.6,34.1,34.3,33.3,34.0,33.3,34.2,33.8,33.5,33.4,32.6,33.7,34.5,36.3,35.2,33.0,33.3,33.1,33.3,32.8,33.6,34.2,32.6,32.7,33.1,32.5,33.6,32.1,33.7,33.0,33.6,34.0,33.5,34.7,33.4,33.7,32.9,34.0,33.2,33.7,33.5,34.0,33.7,33.6,34.0,35.7,34.8,32.8,32.7,33.8,32.7,33.1,33.2,33.5,34.2,33.4,33.2,33.6,32.6,34.1,33.6,34.2,32.0,33.7,34.2,33.3,33.5,33.0,34.2,33.3,33.6,33.6,33.2,34.7,34.0,34.3,35.4,35.7,34.7,34.7,33.8,33.9,34.4,33.8,33.0,34.0,33.9,33.7,33.4,32.5,32.9,33.5,33.2,33.5,33.9,33.7,33.0,34.5,33.8,33.9,33.5,33.8,33.6,33.9,33.7,34.6,34.3,35.9,35.1,35.4,33.8,34.8,34.3,34.0,33.7,33.2,33.7,33.1,32.3,33.3,33.8,32.6,32.8,32.9,32.9,32.6,33.2,32.8,33.3,33.1,33.7,34.0,33.8,33.3,34.6,34.0,33.6,33.9,34.4,34.7,34.5,33.3,34.6,33.6,34.1,33.7,33.6,33.6,33.4,33.6,34.0,33.6,33.1,33.2,32.8,33.3,33.2,34.4,33.5,33.3,33.7,34.1,33.8,32.8,34.0,34.2,34.4,34.1,32.9,33.8,34.0,34.8,34.3,34.4,33.4,34.0,33.8,34.0,33.3,33.9,32.8,33.5,33.4,33.2,33.5,34.1,33.3,33.9,34.2,34.6,33.5,33.6,34.3,33.4,33.3,33.4,33.5,33.5,33.8,33.8,33.6,33.2,34.7,33.6,34.9,34.8,34.4,34.1,34.5,33.7,33.0,33.9,33.8,33.8,33.8,32.9,33.4,33.1,33.2,33.3,33.5,33.8,33.3,35.1,33.7,34.4,33.3,33.6,33.4,34.1,32.6,33.2,34.5,33.7,33.8,34.6,34.7,33.9,34.1,34.0,34.6,33.9,33.6,34.1,34.3,32.4,33.0,33.5,34.1,34.0,33.3,34.3,34.4,34.1,33.4,35.0,34.0,34.7,33.3,33.1,33.9,34.3,34.1,32.9,33.8,33.0,33.9,34.1,33.8,34.9,34.8,34.4,34.1,33.8,33.3,33.6,33.8,33.8,34.3,33.6,33.8,33.6,33.2,33.3,33.4,33.7,32.7,33.1,33.7,34.4,32.8,33.6,34.0,33.2,34.1,33.4,32.7,33.8,34.2,34.7,35.0,35.0,nan,33.7,33.9,33.9,33.1,33.9,33.8,34.2,33.6,32.6,33.9,34.7,32.9,34.7,33.8,33.8,34.7,34.8,34.1,33.2,33.7,33.3,33.5,33.4,34.1,34.4,34.7,33.4,33.7,34.1,35.6,34.0,34.3,34.1,34.0,34.0,34.3,33.6,34.3,33.9,33.5,33.5,32.0,33.5,33.2,34.2,34.1,34.2,33.9,33.7,33.6,34.9,32.7,34.4,33.1,34.2,33.2,33.7,33.8,34.0,33.2,34.2,35.7,34.6,33.6,35.0,34.0,33.9,33.9,33.6,33.5,33.7,33.4,33.9,34.2,33.5,33.3,33.9,33.6,34.5,33.9,33.8,33.9,34.1,35.2,33.5,34.3,34.0,34.7,32.9,33.8,33.9,33.2,33.4,35.3,34.4,34.3,34.2,34.5,34.5,33.8,34.1,32.9,33.7,34.0,34.8,33.5,32.8,34.6,33.8,34.3,34.6,34.4,34.1,35.5,34.0,33.1,34.5,34.7,33.4,33.3,33.7,33.8,33.5,33.5,33.4,34.7,34.6,34.7,35.1,35.0,34.7,33.4,33.3,33.9,33.9,33.2,34.4,34.1,33.6,33.6,33.5,33.8,34.3,34.1,34.4,34.7,33.6,33.7,33.2,34.5,33.7,32.7,34.4,33.4,33.2,34.4,34.4,34.3,34.4,33.7,35.0,33.9,34.4,33.4,33.3,33.2,33.9,33.9,34.1,33.9,34.4,34.1,34.1,33.7,34.1,34.3,34.1,35.3,34.6,34.5,34.1,33.0,34.4,33.2,33.9,33.7,33.6,33.3,34.5,33.9,35.2,33.2,34.3,33.6,33.4,34.1,33.2,34.3,34.1,33.4,33.7,33.7,34.6,33.7,33.8,34.1,34.5,34.2,34.0,34.8
1785306850.3670628,2148,32.8,33.5,32.7,33.9,33.8,31.9,33.5,33.1,32.2,32.4,32.5,32.9,33.7,33.6,33.0,32.6,32.6,32.1,32.6,33.4,33.9,32.5,32.7,33.1,33.0,32.9,33.1,33.0,33.3,32.2,33.3,34.2,33.7,31.5,32.6,32.6,33.5,32.8,32.9,32.4,33.1,33.9,33.3,32.4,31.4,32.2,34.0,33.3,32.2,31.9,32.8,32.0,33.1,33.6,31.8,32.6,32.6,32.6,34.0,32.0,34.0,33.0,33.1,32.9,33.8,33.3,32.6,33.6,32.9,33.3,32.8,33.4,33.3,32.2,32.1,32.9,32.4,32.7,32.2,33.3,32.9,33.1,32.9,33.0,31.4,32.8,34.1,33.3,33.4,33.0,32.6,33.3,32.7,32.2,32.5,34.2,33.2,33.1,33.0,33.0,32.6,32.6,32.5,32.7,33.2,32.9,33.3,32.2,32.1,31.8,32.8,32.2,33.4,32.5,33.2,33.1,32.7,31.6,33.5,32.8,32.2,33.5,33.3,33.6,33.5,32.7,33.3,32.8,33.1,32.2,32.3,34.4,32.2,33.0,32.7,33.1,31.8,32.9,32.9,33.0,32.7,33.6,33.0,32.6,32.1,32.9,33.0,33.8,32.4,32.6,33.5,32.7,32.8,33.3,33.3,34.2,32.9,33.7,32.7,33.7,34.2,31.9,33.3,32.6,33.7,33.2,33.0,33.2,32.7,33.0,33.7,32.5,32.6,33.3,33.8,33.0,33.0,33.3,32.9,32.8,33.0,32.9,33.3,33.1,33.4,32.8,33.2,32.9,33.2,33.8,33.4,33.0,32.8,34.5,32.7,33.6,32.4,33.0,32.5,32.5,32.6,33.1,33.0,33.2,33.9,33.1,32.6,33.4,32.4,33.0,33.1,33.8,33.0,32.3,32.7,32.9,33.9,32.2,33.1,32.6,33.8,33.2,32.8,33.4,34.2,33.1,33.0,32.3,32.9,32.9,33.7,33.2,32.7,32.9,33.6,34.6,35.9,34.6,33.5,33.2,32.8,32.7,33.4,33.1,32.9,33.2,33.3,33.6,32.8,33.0,32.9,32.9,32.7,34.1,33.7,32.6,32.7,32.9,32.6,32.6,32.2,32.8,32.2,33.5,33.4,33.4,34.2,35.1,35.5,34.9,33.2,33.1,33.0,33.2,33.0,33.0,32.8,32.0,33.1,33.5,32.7,31.2,32.4,32.8,32.5,33.3,31.9,33.6,33.3,34.3,32.3,33.2,32.9,32.4,32.9,33.4,32.7,33.1,33.3,33.8,35.4,34.5,33.7,32.6,32.9,33.2,33.2,34.0,33.6,32.8,33.0,32.9,32.5,33.5,33.4,33.7,32.8,33.2,33.2,33.7,34.0,33.6,33.7,33.0,32.6,33.6,32.0,33.4,33.3,34.1,34.0,34.6,35.7,33.8,33.8,33.7,32.7,33.1,33.0,33.1,33.7,33.2,33.3,33.3,33.0,32.3,32.6,32.9,33.9,32.5,33.2,33.5,33.7,32.8,33.4,34.6,33.5,33.1,32.5,32.7,32.9,34.5,34.6,34.7,34.1,33.9,33.7,32.8,33.4,33.7,33.2,33.6,32.5,32.4,33.0,32.9,32.3,33.4,33.3,33.2,32.9,33.2,33.6,33.3,33.6,33.0,32.3,32.7,32.4,32.9,32.8,33.3,32.9,34.3,34.6,34.6,34.0,33.8,33.2,34.0,33.0,33.0,32.7,32.9,32.5,33.2,32.5,32.6,33.6,32.7,34.2,33.4,33.0,33.2,33.6,34.1,34.2,31.6,32.8,33.2,33.7,33.9,33.6,33.5,32.8,34.2,34.3,33.9,33.6,34.6,33.7,33.9,33.4,33.3,33.6,33.3,32.6,32.8,32.9,33.2,32.6,32.7,33.2,33.5,32.5,32.9,33.8,33.4,33.2,33.6,32.9,33.9,32.3,33.3,33.1,33.9,33.9,33.8,34.5,33.7,33.5,32.6,33.8,34.7,33.1,33.2,33.1,33.5,32.3,33.4,33.0,32.8,32.8,33.0,33.3,33.2,33.2,33.0,33.6,34.3,32.6,32.6,33.7,32.9,33.8,32.7,34.4,33.5,33.4,33.3,34.0,32.9,34.1,33.6,34.0,34.0,32.7,33.3,32.8,33.2,32.4,33.1,33.4,32.4,32.7,33.5,34.0,33.9,32.9,33.6,35.0,33.5,33.0,32.1,32.1,34.0,33.3,33.1,33.0,33.2,33.2,34.1,34.6,35.1,33.0,34.2,34.3,34.2,34.1,33.4,32.8,34.2,33.0,33.2,33.3,33.6,32.8,32.6,32.3,33.3,34.5,33.0,33.6,33.9,32.6,32.3,33.8,33.3,33.5,33.0,34.3,32.5,33.7,34.4,33.7,34.0,33.6,nan,33.7,34.6,33.4,33.6,33.2,32.3,33.3,33.1,33.4,33.4,32.7,33.2,33.1,33.0,33.8,33.2,33.8,34.4,33.3,32.6,33.1,33.2,33.1,33.8,33.3,34.1,33.4,33.8,34.3,34.0,32.9,33.7,33.3,34.5,33.8,32.9,32.8,33.0,33.2,33.4,32.2,34.1,33.9,32.9,33.5,33.8,33.6,32.4,33.8,33.7,33.3,33.0,33.5,32.5,33.5,33.0,33.8,33.5,33.4,33.7,34.9,34.5,34.1,33.3,33.8,33.6,33.8,33.0,33.3,33.8,33.3,33.6,33.7,34.1,32.8,32.8,33.6,32.9,33.4,33.6,34.9,34.2,33.6,33.8,33.1,33.1,33.1,33.0,32.6,33.5,33.4,33.2,33.3,34.7,34.0,34.2,32.7,33.8,33.3,32.1,33.1,33.1,33.4,34.2,34.0,32.9,33.4,33.2,33.5,33.4,34.3,33.5,32.6,33.6,33.7,33.8,34.4,33.1,33.1,33.8,34.6,33.5,33.3,33.2,34.5,34.6,33.6,33.6,35.1,34.0,33.4,32.9,33.9,33.6,33.1,33.4,33.9,33.4,32.6,32.9,33.8,34.0,33.9,33.7,33.6,34.4,33.9,32.8,32.8,34.1,33.6,33.0,33.3,33.7,33.9,33.2,33.8,33.3,33.4,33.1,33.8,33.8,33.6,33.1,33.9,33.6,33.6,34.0,33.0,33.2,33.4,32.6,33.0,34.5,33.6,34.6,33.5,34.5,32.4,34.1,34.0,33.3,33.1,33.2,33.5,33.2,33.4,33.0,34.5,33.8,33.6,33.6,34.9,34.1,32.4,33.3,33.6,33.5,33.2,32.4,34.1,33.8,32.8,33.3,33.6,33.9,33.0,34.2,34.1,35.6
1785306852.4201076,2149,33.4,32.7,34.9,32.4,33.8,31.6,34.1,33.1,33.8,32.4,33.3,33.1,32.8,32.1,34.1,33.4,32.6,33.0,33.3,33.0,32.8,33.4,33.1,32.9,33.2,32.7,33.3,33.2,33.0,32.6,34.1,33.5,32.9,33.9,33.6,32.6,33.5,32.4,33.1,34.0,33.1,33.0,33.1,33.4,32.0,31.7,32.5,33.5,32.4,31.7,33.0,32.8,32.7,32.7,32.8,34.2,32.8,33.0,34.4,34.4,33.4,32.5,34.1,35.6,32.0,33.0,32.6,32.9,33.3,32.9,32.6,33.4,34.0,33.1,33.5,33.1,33.4,32.2,33.1,33.5,32.2,33.3,33.8,32.3,32.6,32.5,33.8,33.7,32.8,34.5,33.0,33.9,32.9,32.2,33.9,33.0,33.4,32.8,34.1,33.5,32.5,33.0,32.7,32.9,33.2,32.1,32.4,33.6,32.8,33.7,33.1,32.9,33.1,32.2,32.7,34.4,32.7,32.7,33.1,33.7,32.7,32.7,33.5,33.6,33.7,32.7,33.1,34.2,33.9,33.8,33.2,33.5,32.8,33.0,33.1,33.1,32.9,32.2,33.4,32.8,33.3,33.4,33.3,32.4,33.7,33.4,33.2,33.1,33.5,32.7,32.9,33.2,34.0,32.8,33.5,32.7,33.1,33.3,32.4,32.8,33.2,34.2,34.0,34.0,32.9,33.5,33.9,33.8,31.8,33.2,33.4,33.0,32.6,32.8,33.2,33.2,33.1,32.8,33.1,33.8,32.5,32.6,33.7,33.4,33.5,33.0,33.6,33.1,31.4,33.4,34.3,34.3,34.3,33.9,33.1,34.4,32.9,33.5,33.8,32.9,33.3,33.0,32.8,33.2,34.2,33.1,34.1,33.6,32.9,33.2,33.2,33.5,33.8,32.6,33.0,33.2,33.0,32.9,33.2,32.6,33.6,32.6,32.8,32.9,32.0,34.0,32.0,34.3,33.1,32.9,33.7,33.4,33.2,33.4,33.2,33.5,35.1,35.4,32.7,33.7,33.4,33.2,33.3,33.4,33.4,33.0,33.3,33.3,32.2,33.5,33.3,34.0,32.9,32.5,34.3,32.8,34.4,33.3,35.0,33.8,33.0,33.5,33.7,34.2,33.2,33.5,33.7,34.5,36.8,35.4,33.3,34.1,33.5,32.4,32.6,33.5,33.0,33.2,33.1,33.6,32.4,33.8,34.0,33.2,33.1,32.9,32.9,33.8,32.6,33.4,33.9,33.4,33.1,33.3,33.0,34.1,33.5,33.8,32.6,34.1,35.6,33.7,33.5,33.7,33.5,32.7,33.0,33.2,33.2,33.1,33.3,33.4,32.6,32.5,33.6,33.5,33.0,32.6,33.8,33.3,33.1,33.0,32.7,34.0,33.6,32.9,33.3,34.4,32.6,34.4,34.9,34.3,35.4,35.2,33.8,33.2,33.0,34.1,33.0,33.7,32.1,33.3,33.4,32.8,33.2,33.5,33.1,33.1,33.2,32.8,33.8,33.5,33.7,33.7,33.4,33.4,33.9,33.1,33.6,33.4,33.4,34.3,35.0,34.0,34.7,35.3,33.8,33.6,33.1,32.9,33.7,33.4,32.0,33.6,33.3,32.5,33.5,33.0,32.5,32.6,33.6,32.7,33.6,33.9,34.1,33.4,34.1,33.9,33.1,32.9,33.2,32.8,33.9,34.7,34.9,35.4,34.0,33.8,34.8,33.5,32.1,33.2,33.1,33.4,33.8,33.7,33.8,33.1,33.3,33.2,33.9,32.2,33.2,33.0,34.1,33.5,33.9,33.5,33.0,32.8,32.6,33.5,33.8,33.5,33.0,34.8,34.5,33.9,33.9,33.5,33.9,34.1,32.6,33.3,33.2,33.6,33.4,33.3,33.2,33.1,33.6,32.5,33.6,33.5,33.7,34.0,33.6,34.0,33.9,33.2,34.5,32.2,33.3,33.1,34.4,33.9,33.6,34.1,34.3,34.1,32.8,33.2,35.1,34.0,33.5,32.5,33.0,33.2,33.3,32.7,34.0,33.0,32.9,33.1,32.4,32.8,32.6,32.7,33.9,33.3,32.5,33.6,33.1,33.9,33.1,32.8,33.5,33.5,32.7,34.2,34.2,34.5,33.9,33.0,34.5,34.9,33.9,33.0,34.2,33.3,32.7,33.0,33.4,33.6,32.5,32.5,33.4,33.3,33.2,33.6,33.8,34.5,33.7,33.6,33.5,34.0,32.5,33.3,34.2,33.2,33.2,34.2,35.3,33.8,34.4,33.2,34.6,34.7,33.2,33.5,33.2,33.5,33.5,33.5,33.3,33.1,33.8,32.7,33.5,33.4,33.9,33.9,34.4,33.7,32.6,33.5,33.8,34.1,34.0,32.5,33.1,33.4,33.5,33.2,34.4,35.2,33.5,nan,34.5,35.0,33.4,33.1,33.7,33.9,33.4,33.6,33.2,33.2,33.2,33.2,32.6,33.5,33.1,33.0,34.0,34.2,33.9,33.6,34.0,33.9,32.4,33.1,34.2,33.9,33.8,32.9,35.3,35.5,33.5,33.2,34.0,34.5,33.3,32.7,34.0,33.7,32.1,32.2,33.4,33.6,33.9,33.0,34.1,34.2,34.6,33.7,34.8,34.7,33.5,33.6,33.2,32.7,33.5,33.2,33.4,33.9,32.9,32.5,35.1,36.1,33.8,33.6,34.2,35.2,33.5,33.3,33.9,33.3,32.9,32.2,32.7,33.6,33.2,33.3,34.5,34.0,32.2,33.2,33.5,34.4,34.2,33.4,34.4,34.1,33.7,33.4,33.5,34.3,33.6,33.7,34.1,34.1,34.1,33.5,34.1,34.3,34.0,32.8,34.6,33.3,33.1,33.7,33.8,33.8,32.5,33.6,33.3,33.2,33.3,33.2,33.9,34.7,34.3,32.7,34.6,33.7,32.3,33.6,32.8,33.7,33.2,34.2,34.3,34.2,33.8,33.8,34.4,33.8,33.3,32.4,33.6,33.6,33.4,33.2,33.7,33.7,31.8,32.9,33.4,34.0,32.7,33.3,34.0,33.7,33.5,34.2,33.7,34.1,33.6,33.9,33.3,33.5,33.4,33.6,34.8,34.0,33.8,33.6,35.2,34.1,33.9,33.3,33.9,33.1,34.3,33.3,34.8,33.5,33.7,33.4,33.4,34.1,34.0,33.6,34.9,34.0,34.0,32.9,33.3,34.0,33.3,33.8,33.0,33.9,33.1,33.0,34.3,34.9,33.8,33.6,34.9,34.3,33.8,32.3,33.1,35.1,33.4,33.4,34.1,33.0,32.6,33.5,34.0,34.1,32.3,33.2,33.2,35.8
1785306854.5766966,2150,33.5,32.0,33.3,33.1,32.6,32.0,32.5,33.5,32.9,32.6,32.0,32.5,33.3,31.8,32.9,32.9,32.6,32.8,33.6,33.0,33.7,33.4,32.8,31.6,32.8,32.8,31.7,33.5,33.4,33.4,34.2,33.4,33.3,33.8,33.0,33.0,32.3,32.7,32.8,33.5,32.2,32.7,31.9,33.9,31.2,33.1,33.0,34.3,33.6,33.4,33.3,33.1,31.7,33.6,32.2,33.0,32.9,33.3,32.5,33.7,34.0,33.6,33.2,33.5,33.2,33.4,33.7,32.4,32.4,32.8,34.1,32.6,33.4,32.7,32.6,33.0,33.2,32.5,32.9,33.2,33.2,33.3,32.5,33.8,32.4,32.4,33.4,33.6,32.3,32.2,33.0,32.8,33.7,33.6,33.8,33.8,33.3,32.5,32.2,33.6,32.7,33.4,33.4,31.9,32.4,32.7,34.3,32.5,33.0,32.5,33.5,32.8,32.9,32.9,32.8,33.4,32.8,33.0,32.2,32.9,32.8,32.3,32.8,34.1,32.6,33.3,34.1,34.1,33.5,32.1,33.1,33.2,33.5,32.4,34.0,32.7,33.2,33.0,33.7,33.3,33.0,32.5,32.9,32.5,32.4,32.9,32.8,33.2,32.7,33.2,33.6,32.8,32.9,32.9,34.0,33.6,33.0,31.8,33.7,33.4,33.4,32.9,32.6,32.9,32.5,32.5,32.3,33.2,33.3,33.3,33.1,32.7,32.6,33.4,32.9,33.3,33.0,32.6,33.6,33.3,32.6,33.1,33.1,33.0,33.1,33.1,33.1,33.7,34.1,33.3,33.1,34.6,33.1,32.4,33.3,34.1,32.7,33.1,33.4,33.4,33.8,32.4,33.1,33.3,33.9,34.0,33.4,33.1,33.0,32.8,31.9,33.3,32.8,32.3,33.2,33.2,33.1,32.5,32.6,33.3,33.4,33.6,33.4,32.7,33.5,35.4,32.7,33.7,32.8,33.4,33.5,33.7,33.9,33.2,32.7,33.9,35.4,34.8,33.6,32.7,32.7,32.7,33.5,32.7,32.9,32.7,32.6,32.7,33.1,33.1,33.1,33.4,33.8,32.7,34.1,34.0,33.7,33.3,33.5,34.0,32.9,33.3,32.9,32.9,32.9,33.3,33.5,34.5,36.0,35.5,32.8,33.0,33.3,33.2,33.4,33.0,32.6,32.8,33.1,32.4,32.7,32.7,31.8,33.3,32.5,33.3,34.0,33.5,32.8,33.4,33.5,33.7,33.1,33.6,32.6,33.0,33.6,33.3,34.2,34.1,35.7,34.9,33.0,32.9,33.0,32.7,33.0,33.4,33.5,33.4,33.1,33.0,32.6,33.6,33.2,34.0,32.7,32.9,33.5,33.6,33.3,33.3,33.4,33.0,33.1,33.6,32.9,33.2,33.2,33.7,35.0,35.1,34.9,34.7,34.2,33.2,33.3,31.8,32.6,33.7,33.2,33.5,33.2,32.4,33.3,33.3,31.9,33.4,34.2,32.8,34.3,32.6,33.6,33.2,32.5,32.9,32.4,33.5,32.8,33.0,34.2,34.6,34.4,35.6,34.8,34.2,34.3,33.4,32.8,33.2,33.0,32.9,32.7,32.4,32.3,33.5,33.1,34.0,33.2,33.5,33.4,33.0,33.6,33.7,34.4,33.5,32.9,33.4,34.2,32.7,33.0,34.2,34.1,34.1,34.7,34.1,33.9,34.1,34.7,34.5,33.3,33.2,33.9,34.0,33.5,32.7,33.3,33.6,32.9,32.8,33.3,33.4,33.1,33.3,33.7,33.5,34.1,33.0,32.2,33.8,32.4,33.5,32.9,33.4,33.3,34.0,34.3,34.5,33.7,34.1,34.3,34.2,33.1,33.4,32.7,32.4,33.2,33.1,34.0,33.2,33.1,32.8,33.9,34.3,32.8,33.2,33.2,32.7,34.4,34.2,32.7,33.1,32.2,32.5,33.6,33.1,33.7,34.1,34.6,33.8,33.5,33.2,34.3,34.5,33.4,33.0,33.4,33.3,33.0,32.8,33.3,33.4,33.9,34.1,33.5,33.2,32.9,33.0,34.3,33.7,32.7,33.3,34.2,33.8,33.1,32.1,32.4,34.8,33.8,33.0,34.7,33.9,32.8,34.5,34.5,34.3,32.8,33.4,33.1,33.5,33.7,33.6,33.5,33.4,33.0,32.4,32.7,33.6,33.7,34.1,34.2,33.8,34.7,33.5,33.5,32.9,32.9,33.6,33.5,33.3,33.0,33.9,35.4,35.1,34.1,33.8,34.3,34.5,33.1,32.5,34.0,33.0,33.8,33.2,33.6,32.4,34.1,32.7,33.5,33.0,33.9,32.7,33.9,33.5,34.0,32.6,32.2,33.8,33.6,33.4,33.2,32.9,33.1,33.7,33.8,34.8,32.8,nan,33.4,34.1,34.1,33.6,32.9,33.8,33.5,34.0,32.8,32.7,32.5,33.1,32.5,32.6,33.4,33.9,34.4,34.0,32.6,33.3,33.9,32.7,33.8,32.7,33.5,33.3,33.7,33.0,34.4,34.1,34.6,33.0,34.9,34.3,34.1,32.8,33.6,33.7,32.8,33.3,33.2,33.0,32.8,33.5,33.1,34.3,33.2,33.1,34.8,33.8,32.7,34.0,32.6,33.9,32.9,33.6,33.4,34.7,33.5,33.5,35.4,35.2,34.3,34.2,33.9,34.5,33.8,33.1,33.2,34.0,33.2,33.6,32.8,34.4,32.8,33.8,33.7,33.4,32.8,33.7,33.2,33.1,33.5,33.1,33.1,33.2,32.6,33.5,33.1,32.4,33.6,32.8,34.3,34.6,34.8,33.6,34.4,34.1,33.5,33.4,33.7,32.2,33.2,32.9,33.7,32.8,33.2,33.5,33.2,33.5,34.0,33.6,34.3,34.0,33.1,33.1,33.7,33.2,32.8,33.9,34.0,33.3,32.8,33.7,33.9,33.8,34.2,34.4,34.1,33.9,33.4,33.1,33.3,34.1,33.7,33.5,32.4,33.3,32.9,33.1,33.1,34.2,34.3,33.9,34.0,35.4,33.8,33.4,33.8,34.2,33.5,33.3,34.0,33.6,33.3,33.3,35.2,33.4,34.6,33.5,33.7,34.1,33.7,33.9,33.5,34.3,32.8,32.9,34.1,33.3,34.1,33.7,33.6,34.1,34.1,34.3,35.7,34.8,33.5,33.6,33.0,33.5,33.4,33.0,33.1,33.9,31.9,33.7,33.4,35.7,34.1,33.8,35.7,34.8,32.5,32.9,33.7,33.8,34.4,33.0,33.1,33.7,32.8,33.5,33.6,34.1,34.1,34.6,33.6,35.7
1785306856.657233,2151,32.7,34.1,33.3,34.3,33.7,32.6,32.5,33.4,33.1,33.3,33.4,32.6,32.4,32.9,33.4,33.1,33.1,33.3,32.9,32.6,33.5,33.3,32.2,33.6,32.7,33.6,32.4,33.7,33.6,33.2,33.2,33.3,34.1,32.7,33.2,34.2,34.3,32.9,33.2,33.7,33.6,32.7,32.5,33.1,33.2,32.7,32.4,33.8,33.7,32.7,32.8,33.1,34.4,32.8,32.9,33.9,33.7,32.1,33.1,32.8,33.9,32.4,33.7,33.5,32.4,33.8,32.0,33.0,33.2,32.4,33.1,32.5,33.6,33.6,32.6,33.0,33.9,32.8,32.5,33.4,33.4,33.2,32.3,32.7,33.2,32.2,33.3,32.3,32.9,34.3,32.5,31.8,33.3,32.7,33.1,32.6,33.8,33.9,34.0,33.1,33.3,32.7,33.2,32.2,33.3,33.0,33.2,32.9,32.8,32.8,32.6,32.1,33.0,33.2,32.6,33.4,33.1,32.3,33.8,33.6,32.4,32.5,32.2,33.5,33.6,33.0,33.6,33.2,33.5,33.9,33.5,33.6,33.3,32.9,32.2,33.0,33.0,31.8,32.5,33.4,32.9,33.0,33.8,32.5,33.5,33.7,33.4,33.2,33.2,33.3,32.7,32.8,33.1,33.1,33.0,33.0,34.6,32.6,33.0,33.4,34.0,32.4,34.3,32.0,33.6,32.9,32.7,33.4,32.1,32.4,32.4,33.0,33.7,32.4,33.2,33.3,33.3,32.8,33.0,33.2,33.1,32.7,34.0,32.8,32.6,32.8,31.2,33.8,32.5,32.7,32.9,33.3,33.1,32.6,33.7,33.7,32.3,32.9,33.2,32.8,33.2,32.9,32.9,32.6,33.9,34.0,33.4,33.1,33.1,32.8,32.4,33.0,33.1,33.6,32.6,33.4,33.3,33.0,33.7,33.4,33.5,33.3,33.1,33.5,32.8,33.4,34.1,33.4,32.6,33.0,32.3,32.6,33.5,32.8,33.0,34.6,35.5,34.9,33.8,33.5,33.2,32.5,32.5,33.5,33.5,33.1,33.5,33.1,32.9,32.6,33.4,33.5,33.6,32.6,33.0,34.0,31.9,33.7,33.3,33.1,33.3,32.9,33.2,33.4,33.0,33.5,33.0,34.8,35.8,35.6,32.6,33.4,32.8,33.3,32.4,32.6,34.1,33.6,32.4,33.4,32.8,33.0,32.3,33.3,33.2,34.2,32.0,33.9,33.4,33.5,32.4,33.5,33.0,33.0,33.3,33.5,32.8,32.2,34.0,35.1,35.1,34.3,32.8,33.5,33.3,32.2,33.6,33.4,33.5,33.0,33.7,33.8,32.7,32.6,32.6,32.9,34.0,33.1,32.9,33.8,33.0,33.7,33.0,33.5,33.1,32.6,33.2,33.5,33.7,33.9,34.2,34.6,35.3,34.4,32.9,33.0,33.8,33.8,33.4,33.0,34.1,34.2,32.5,33.1,32.0,33.7,33.3,32.9,33.6,33.3,33.1,33.4,33.4,33.0,33.9,33.1,34.1,32.5,33.7,33.2,34.0,34.2,33.9,34.8,33.7,34.5,33.5,33.4,32.6,33.0,32.7,32.4,33.0,33.0,33.2,33.3,32.9,32.6,33.5,33.6,33.5,32.8,32.8,34.5,32.7,33.1,32.0,33.6,33.4,33.9,33.1,33.8,33.5,35.0,34.2,33.5,33.8,34.4,34.1,33.8,33.3,33.5,33.1,33.7,32.8,33.0,33.8,33.4,33.5,33.6,34.2,33.2,33.1,33.3,32.3,34.2,33.8,32.6,33.5,33.5,33.5,32.4,32.3,33.7,33.9,33.6,33.9,34.5,33.4,34.2,33.8,33.6,33.0,34.0,33.4,33.4,33.7,33.5,33.2,33.4,33.4,32.5,33.3,33.6,33.3,33.3,33.9,34.3,34.6,34.5,33.2,34.0,32.9,33.8,33.8,33.1,33.5,34.5,34.1,34.3,34.3,33.3,34.6,33.2,33.0,33.6,33.8,34.0,34.2,33.8,34.1,33.1,33.2,33.4,33.3,33.7,33.3,33.3,33.9,33.6,33.1,33.3,33.8,33.6,33.4,33.1,33.2,33.8,33.6,34.3,34.3,34.8,33.9,32.9,34.0,34.4,33.4,32.6,33.4,33.9,33.2,33.3,33.7,33.9,33.8,33.1,33.4,33.4,33.9,33.0,33.5,34.4,33.4,33.3,33.7,33.3,33.8,32.8,33.1,32.6,34.0,33.9,33.4,33.7,34.4,33.9,33.9,33.6,34.1,34.1,33.6,33.5,33.7,33.6,33.2,33.2,34.2,33.6,33.5,32.7,33.8,33.6,33.9,32.8,32.9,33.2,33.1,33.6,34.3,33.0,32.5,32.7,33.6,34.2,35.5,34.8,33.7,nan,34.1,33.9,34.0,33.1,33.0,34.2,32.5,33.4,33.0,33.9,33.3,32.8,33.4,33.6,34.1,33.1,33.7,34.3,33.2,34.4,33.3,33.1,33.0,33.4,33.1,34.2,33.3,33.3,33.9,34.6,33.6,34.6,33.9,34.3,34.3,33.0,33.6,33.3,33.6,33.6,32.8,34.1,33.9,33.7,32.9,33.9,33.6,33.3,34.5,34.4,33.8,32.5,34.0,33.3,33.2,34.5,33.1,34.2,33.7,33.3,34.7,34.7,34.1,33.4,34.7,34.7,33.9,33.7,33.5,34.1,32.9,33.0,33.0,34.0,33.3,32.7,33.0,34.3,34.4,34.3,33.8,34.1,33.0,34.4,32.4,33.4,32.8,33.7,32.9,33.6,33.2,34.2,34.4,34.4,34.6,33.8,34.7,33.2,34.1,33.7,33.9,32.7,33.7,33.9,33.0,33.9,33.9,33.0,33.0,32.9,33.8,34.6,33.8,34.2,33.8,34.2,33.6,33.4,33.0,34.3,32.5,33.3,33.3,32.8,33.9,34.5,35.2,33.4,34.6,34.6,33.9,32.5,34.4,33.2,33.3,33.5,33.3,33.7,32.7,33.0,32.9,34.2,33.6,34.4,33.9,36.0,32.9,34.5,34.2,33.3,33.9,34.3,34.0,33.0,33.0,34.2,34.1,35.1,34.1,33.7,34.2,34.3,33.7,33.0,33.1,32.8,33.5,33.4,33.5,32.5,34.2,32.1,34.7,33.4,33.9,33.7,34.7,33.9,34.1,32.8,33.9,34.3,33.6,33.5,33.5,33.9,32.6,33.3,33.7,34.4,33.9,33.8,33.4,34.3,33.9,32.7,33.5,33.4,33.2,32.8,33.5,33.5,33.7,32.9,34.1,34.0,34.1,33.1,33.5,35.5
1785306859.3731606,2152,31.8,33.6,32.1,33.8,32.4,32.4,32.3,32.4,33.1,32.6,32.6,33.0,30.1,33.3,33.1,32.5,32.6,33.0,33.1,32.8,32.7,33.7,31.2,32.8,32.5,31.8,33.0,34.0,32.9,33.4,32.4,33.8,33.8,31.9,33.4,32.7,32.3,32.9,33.0,32.3,34.0,32.3,33.6,32.5,33.6,33.0,33.3,33.2,32.7,33.2,33.5,32.0,32.8,33.0,32.3,32.5,33.1,32.3,32.9,33.4,33.7,32.4,33.0,33.5,33.4,32.6,31.3,33.3,32.6,32.2,33.1,33.0,33.2,34.4,32.4,33.0,32.5,33.2,33.2,33.9,32.7,32.9,32.5,32.0,33.1,32.8,32.8,33.0,33.7,32.9,32.1,32.8,33.7,33.0,34.3,33.8,34.0,32.5,33.3,33.8,32.0,31.9,33.0,33.0,33.3,33.2,32.3,32.7,33.3,32.6,33.3,32.8,33.2,33.0,32.8,33.0,32.1,32.5,32.5,32.9,33.4,32.5,32.4,33.5,33.4,32.0,32.5,33.9,32.6,33.9,33.3,33.8,32.1,33.1,32.8,32.5,32.3,33.2,32.1,32.6,33.1,32.8,32.6,33.3,32.5,33.0,33.8,32.7,33.8,33.5,31.8,33.0,33.6,32.7,32.7,32.4,34.0,33.0,32.6,33.2,33.1,32.9,33.0,32.5,32.4,33.1,32.7,33.0,32.8,32.9,33.5,33.2,33.2,33.1,32.2,33.1,32.6,33.6,34.2,33.2,33.6,32.7,32.9,32.7,32.6,33.3,33.3,33.4,32.5,32.3,30.7,33.1,31.8,34.0,33.0,34.3,31.9,32.5,32.8,32.8,32.9,33.6,32.1,33.2,33.4,33.2,32.6,32.7,33.3,33.3,32.6,33.3,33.7,32.8,31.6,32.5,32.4,32.3,33.0,32.5,33.7,33.6,32.7,33.1,33.5,32.8,33.1,33.0,32.4,32.8,32.3,32.8,33.2,33.0,33.2,32.9,33.6,33.9,34.3,33.3,33.5,32.8,33.0,33.0,33.0,33.3,32.7,32.0,32.7,33.3,33.1,32.6,32.6,32.8,33.4,32.7,35.2,33.7,33.1,32.8,33.7,33.5,32.9,34.0,33.5,33.1,33.2,32.5,35.3,34.9,34.2,33.9,33.0,32.4,32.9,33.4,33.3,33.1,32.2,33.2,32.8,32.7,33.4,33.8,33.0,33.1,32.2,34.7,34.0,33.3,33.6,33.7,32.9,33.2,33.0,33.1,34.1,32.9,32.9,33.9,35.2,36.5,33.9,33.2,33.2,32.9,33.5,33.4,33.0,32.6,33.1,32.8,32.6,33.1,32.8,33.8,32.7,32.9,31.9,33.4,33.7,32.3,32.6,33.0,33.5,33.6,33.0,32.8,32.7,33.0,34.2,34.6,34.7,35.0,32.9,33.0,33.6,33.3,32.9,32.2,33.6,32.8,32.7,33.1,33.0,32.7,32.7,33.6,33.6,32.2,33.7,32.8,33.8,33.6,32.5,32.7,33.3,34.2,32.5,33.0,34.1,34.1,34.8,34.8,34.2,34.5,33.6,32.6,32.6,32.9,32.8,32.3,33.8,32.9,33.4,33.3,32.9,33.5,32.3,32.9,32.6,33.2,33.4,33.9,32.9,33.7,32.3,33.8,32.5,33.4,32.2,32.2,33.9,33.6,34.5,35.3,33.8,34.1,33.6,33.0,33.8,33.9,32.6,32.7,33.2,33.3,33.4,32.9,33.2,32.6,32.9,33.9,32.4,33.1,33.7,33.6,33.6,32.2,32.7,33.2,33.5,33.1,33.4,33.7,33.8,34.3,34.6,34.0,33.7,34.5,33.4,34.2,33.4,33.4,33.0,32.6,33.5,33.2,33.2,32.5,32.9,32.6,33.0,33.8,32.6,33.2,33.4,33.7,33.6,33.5,33.0,34.2,32.7,32.5,33.1,34.8,33.5,33.9,34.7,34.3,34.4,33.6,34.1,33.2,34.1,32.8,33.4,33.2,33.4,32.0,33.9,33.1,33.1,32.4,32.7,33.1,33.8,33.3,32.9,34.2,33.3,33.1,34.4,33.0,33.6,32.4,34.5,32.7,34.1,33.1,33.5,34.2,33.6,34.0,34.0,33.6,34.0,32.9,34.1,33.9,32.9,33.1,33.7,34.0,33.5,33.3,32.6,33.1,32.1,34.3,33.5,34.2,33.6,33.5,32.7,34.3,33.4,33.7,32.8,33.3,33.5,33.2,34.9,34.9,34.4,33.6,33.6,34.1,33.0,33.3,32.6,33.0,32.9,33.8,32.7,33.2,33.9,32.9,32.9,33.8,32.9,33.3,34.5,33.6,33.8,33.0,32.7,33.4,33.0,32.4,32.9,33.7,33.3,33.3,34.1,34.3,33.9,nan,33.5,34.0,34.0,32.9,34.0,33.1,33.7,33.9,33.1,33.2,32.6,32.6,33.8,32.9,34.3,33.5,34.8,34.1,33.2,32.7,32.0,33.3,32.3,33.0,32.5,34.4,33.2,33.2,33.9,35.3,34.0,34.6,34.1,34.6,33.0,33.1,33.1,33.3,33.9,34.0,33.2,32.5,32.8,33.5,33.3,34.6,34.5,33.3,33.3,34.2,32.9,33.7,33.2,32.7,33.4,33.5,33.5,33.6,33.3,33.8,34.4,34.2,33.8,33.6,34.2,34.0,33.4,33.3,33.9,33.9,32.6,33.7,33.0,32.6,32.9,33.4,33.0,34.0,34.3,33.1,33.6,33.3,33.5,33.3,33.4,34.0,32.8,32.9,32.7,33.7,33.0,33.3,33.0,34.2,34.1,34.0,33.5,34.4,33.5,33.3,33.7,33.9,34.2,33.6,31.6,33.7,32.8,33.7,33.4,33.7,33.8,34.0,33.4,34.4,33.8,34.4,34.1,33.6,32.2,33.1,33.1,34.0,33.1,33.8,35.3,35.0,33.9,34.2,34.6,33.2,33.5,32.4,33.0,33.4,32.7,33.5,32.8,33.0,33.1,33.8,33.1,34.0,32.7,34.8,33.9,34.9,32.2,33.2,32.7,33.8,33.9,33.7,32.8,32.6,33.3,32.8,33.7,33.7,34.6,33.4,33.9,33.6,33.3,33.2,33.1,32.7,33.7,33.8,32.6,33.3,33.1,32.9,33.9,33.7,33.7,34.1,34.1,35.3,34.2,34.7,32.8,32.4,33.8,34.5,32.3,33.7,33.2,33.9,34.1,34.3,33.8,33.9,33.8,34.1,32.7,32.4,34.3,34.3,32.6,33.7,33.1,33.3,33.3,34.0,33.1,33.6,33.5,35.2,34.2,34.3
1785306861.147447,2153,33.9,33.0,33.0,33.9,32.5,31.4,32.8,31.4,33.0,33.4,32.5,32.7,32.1,32.4,32.6,32.2,32.6,33.0,33.7,32.7,33.2,33.0,33.3,32.5,32.2,31.8,34.2,33.6,33.0,32.4,33.1,33.0,34.0,32.6,32.3,33.1,32.4,31.3,32.3,33.6,31.3,32.6,33.7,33.4,32.7,33.1,33.0,33.8,31.8,33.1,32.5,33.5,32.5,32.9,32.8,34.4,31.6,33.4,33.2,33.3,33.6,33.4,32.4,34.4,34.3,33.5,33.3,33.2,33.1,32.9,33.4,32.0,31.5,33.0,33.0,32.1,32.7,32.9,32.7,32.4,31.5,33.3,33.6,32.8,32.3,33.2,33.2,32.4,32.2,32.4,32.4,33.1,33.6,33.5,33.0,33.7,32.7,33.8,31.4,33.7,32.3,33.6,31.9,32.5,33.6,32.0,32.7,33.5,32.1,32.0,33.3,32.9,32.4,33.2,32.0,33.8,32.5,32.3,32.2,32.3,32.5,33.3,32.3,33.8,32.6,33.3,32.6,34.0,34.1,32.9,33.0,32.6,33.0,33.2,33.1,33.7,32.2,33.1,33.1,32.3,32.3,31.9,33.3,33.1,32.9,32.6,32.0,32.7,32.2,32.7,33.8,33.5,32.8,33.0,32.4,32.9,32.1,32.1,34.0,32.8,32.3,33.2,32.7,33.0,34.7,32.0,32.4,33.4,32.9,34.0,32.1,32.2,32.8,31.9,33.4,34.0,33.8,32.8,32.8,32.8,32.6,33.1,31.9,32.7,33.2,32.3,32.4,34.3,32.2,33.4,32.3,33.2,32.5,33.6,33.8,33.2,32.4,33.5,34.1,32.5,32.8,33.0,32.8,33.7,33.3,34.1,33.6,33.4,32.9,32.5,33.1,32.9,32.6,33.3,32.2,33.1,32.7,32.3,33.1,32.6,32.1,32.3,33.6,33.6,32.9,33.3,32.8,32.7,32.3,33.2,32.8,33.9,32.2,33.6,32.6,32.8,35.1,34.6,33.8,33.5,32.0,32.2,32.5,33.2,33.7,33.0,32.1,33.0,32.1,32.6,32.0,32.7,32.5,33.7,32.7,33.9,33.5,32.9,34.0,32.6,33.0,32.6,33.1,33.3,33.6,32.9,33.2,33.9,35.4,34.6,33.2,32.3,32.8,32.7,32.8,32.5,32.7,33.2,33.3,32.8,32.5,32.9,32.9,33.4,33.5,32.2,33.5,33.8,32.4,32.6,32.9,34.2,32.2,33.5,33.2,33.2,33.7,33.1,33.4,34.6,36.0,34.8,33.2,32.4,33.1,32.7,32.2,33.2,32.7,32.8,32.5,33.4,32.1,32.6,33.2,33.8,32.6,32.8,32.0,33.7,34.2,33.0,32.9,35.0,32.5,32.7,33.3,32.7,33.1,33.3,34.5,34.3,34.6,34.0,33.8,33.5,32.9,33.2,33.1,32.7,33.2,32.8,33.9,32.3,32.7,32.5,32.8,33.1,33.0,32.3,33.4,33.7,32.4,33.1,32.0,33.8,31.1,32.4,32.7,34.3,33.5,33.3,34.6,35.3,33.9,34.5,32.9,32.8,32.5,32.1,32.7,33.4,32.5,33.1,32.1,33.0,32.6,33.4,32.4,33.9,32.5,33.6,33.2,33.5,32.6,33.0,33.1,32.3,32.8,32.7,33.5,34.0,32.4,33.8,34.6,35.2,33.8,32.7,34.3,33.5,32.7,32.9,33.9,32.7,32.4,33.7,33.8,32.5,33.1,31.8,33.0,32.7,33.7,32.5,33.8,33.5,33.3,33.5,33.4,34.0,32.5,32.6,32.6,32.9,33.7,33.8,34.0,34.5,33.0,33.6,33.4,33.1,32.3,32.4,32.1,32.9,32.9,32.9,32.7,33.7,32.3,32.5,32.9,33.5,33.6,32.5,32.6,33.0,33.2,33.0,33.1,33.3,33.2,33.5,33.5,33.5,33.3,33.4,35.3,33.8,33.8,33.3,34.1,33.2,33.4,32.9,34.6,33.2,33.0,32.7,33.8,32.3,33.4,32.6,33.2,32.9,33.5,33.4,34.3,33.1,32.8,34.0,33.1,32.9,33.3,33.0,32.8,32.9,33.2,33.5,33.9,33.6,33.4,32.2,34.0,34.1,33.0,33.0,32.3,34.1,33.6,32.5,33.2,33.3,32.7,33.2,32.9,33.1,33.2,33.4,33.4,34.1,32.8,32.3,33.7,33.4,33.3,33.4,33.9,32.6,33.2,33.2,33.8,34.3,34.6,33.3,34.3,34.5,32.2,33.4,32.8,33.0,33.3,32.9,33.3,33.5,32.6,32.9,33.3,32.9,33.2,32.8,33.0,33.5,33.2,32.9,33.2,33.9,33.4,33.4,33.4,33.6,32.8,33.4,35.0,33.7,34.4,nan,32.7,33.9,33.3,33.0,32.6,33.1,32.3,32.8,32.9,32.9,32.7,33.0,33.3,32.8,33.3,32.8,33.8,33.6,32.9,33.2,32.9,33.6,32.6,32.5,33.3,33.3,33.4,33.4,34.3,34.5,33.3,33.3,34.0,34.8,32.8,33.5,34.0,34.0,33.0,33.4,32.7,33.1,32.0,32.7,34.1,33.4,32.9,32.8,34.6,33.5,33.7,33.0,32.8,33.7,32.5,32.9,32.3,33.3,32.9,32.9,34.4,35.1,33.6,34.3,33.1,34.6,33.3,33.3,32.8,33.5,33.3,32.9,33.2,33.7,33.4,33.3,32.5,34.0,33.0,33.2,33.5,35.2,33.3,32.9,33.3,33.1,32.7,32.8,33.5,33.4,33.3,33.4,33.6,34.5,34.7,33.7,34.8,33.7,33.3,33.3,33.8,33.5,32.7,33.2,34.3,33.1,33.2,33.2,32.7,34.3,34.3,33.6,34.6,34.0,33.7,33.4,33.7,33.3,34.0,33.6,33.7,33.7,32.5,33.4,33.4,35.1,34.1,34.1,33.4,34.1,33.1,33.6,32.9,33.5,33.4,33.1,33.5,33.6,31.7,32.7,33.0,33.7,33.1,33.3,33.0,34.6,31.8,33.5,33.7,33.7,32.4,33.2,32.7,32.7,32.1,33.8,34.1,33.8,34.3,33.1,33.6,34.2,33.4,32.7,33.6,33.1,32.7,32.6,34.3,32.6,33.9,33.4,33.8,33.9,33.6,33.1,34.0,33.8,32.2,33.4,32.9,33.6,33.5,32.8,33.2,33.4,32.9,33.0,32.7,33.8,33.6,34.2,33.6,34.3,32.4,33.3,33.1,33.0,34.3,32.9,31.5,33.8,32.3,33.5,32.6,33.7,34.2,34.5,34.1,34.2
1785306863.0800576,2154,33.9,32.8,32.0,31.8,34.3,33.5,33.3,32.0,33.6,32.6,32.3,33.0,33.4,33.1,32.8,32.9,33.2,32.4,32.8,33.3,33.2,32.4,32.5,34.0,33.5,33.4,33.3,33.5,34.2,33.0,33.3,32.6,32.0,32.9,31.5,33.8,32.3,33.9,32.2,34.0,32.6,33.4,32.9,33.2,31.6,33.5,32.6,33.7,33.1,33.0,32.4,33.9,32.4,33.8,32.4,33.8,32.9,33.8,33.3,33.8,33.5,32.5,33.7,33.4,34.3,32.6,34.3,33.3,35.2,33.5,33.6,32.8,33.7,33.7,33.4,33.0,32.6,32.5,33.5,32.4,33.8,33.4,32.4,32.7,34.0,33.1,32.9,31.9,33.4,33.0,31.6,32.6,34.2,33.0,32.8,34.1,33.1,35.0,32.2,34.1,32.5,33.9,32.6,33.5,33.0,33.8,33.9,32.8,32.6,33.7,31.9,33.9,33.2,33.4,32.8,33.6,32.1,33.4,32.5,33.7,33.0,33.1,31.6,33.4,32.8,34.0,32.3,33.5,33.9,32.5,33.0,33.4,34.6,32.6,33.1,32.3,33.4,32.8,33.1,32.8,34.0,32.7,33.0,32.5,32.9,33.7,33.0,34.1,33.2,32.9,32.4,33.0,33.2,33.3,32.8,33.2,32.7,33.6,32.9,33.4,33.1,34.6,32.3,33.4,34.2,33.9,32.3,32.1,32.8,33.0,32.4,33.4,33.4,33.1,32.2,33.7,32.8,32.8,33.2,33.3,32.9,33.5,31.5,33.4,33.3,33.0,32.6,33.3,33.5,33.6,34.0,33.8,34.4,33.3,33.2,34.3,33.5,32.5,32.7,32.8,33.7,33.4,33.0,32.8,34.9,33.0,33.0,32.4,33.5,32.8,32.4,32.8,33.1,32.3,32.2,32.9,33.9,32.7,32.7,32.5,33.8,33.4,33.9,33.5,32.2,34.2,33.1,32.9,31.9,33.6,32.7,32.8,32.5,32.9,33.4,34.0,34.6,34.5,32.7,33.2,32.2,33.5,33.2,33.7,32.8,33.3,33.4,33.5,32.9,33.5,33.1,33.3,32.8,34.5,33.2,33.0,34.8,32.8,33.4,33.6,33.4,33.3,33.1,33.1,34.4,33.1,33.9,34.2,35.9,34.7,33.0,33.8,33.8,33.5,33.1,33.9,33.3,33.6,33.0,32.7,32.7,32.9,32.4,32.6,33.7,34.0,33.3,32.3,33.0,33.9,32.9,33.6,32.5,33.8,32.6,33.9,33.1,33.8,32.7,34.3,34.9,34.8,33.2,33.6,32.4,33.7,33.6,33.3,32.4,33.6,32.8,32.9,32.3,33.9,33.5,32.6,33.3,33.7,32.9,33.9,34.2,32.9,33.5,32.6,33.6,33.0,32.9,33.0,34.3,32.9,34.5,35.2,34.9,34.0,33.3,33.2,34.0,33.5,33.2,33.2,33.1,33.1,32.8,32.3,33.7,32.8,33.2,32.9,33.5,33.3,32.6,33.0,33.0,34.7,32.3,33.6,33.1,33.3,33.0,32.9,32.5,34.3,34.1,35.2,32.9,34.7,33.5,33.9,32.3,34.2,33.5,32.8,32.6,33.4,32.4,32.9,31.7,33.2,32.3,34.1,32.8,33.4,32.4,34.0,35.1,34.4,33.3,34.0,33.9,33.8,33.5,34.2,34.3,33.4,33.9,34.5,34.6,34.3,33.7,33.3,33.5,33.6,33.5,34.0,33.5,33.0,33.3,33.8,33.8,32.8,33.7,33.2,33.9,33.9,33.4,33.3,33.4,33.3,31.8,33.1,32.8,34.1,32.2,33.8,34.1,34.7,33.8,34.7,33.4,33.8,33.1,33.5,33.4,33.5,33.4,33.6,32.9,34.1,33.2,33.1,32.3,33.9,33.4,33.9,31.7,34.2,33.2,33.8,34.9,32.9,32.7,32.9,33.7,33.3,33.2,34.2,33.9,33.4,34.1,34.0,33.3,33.2,33.2,34.9,34.0,33.0,33.7,33.3,34.1,33.5,33.6,31.8,33.6,33.4,33.5,32.3,33.2,33.2,33.2,33.7,34.2,33.6,32.8,33.3,32.4,34.3,33.4,33.7,33.2,34.0,33.8,34.6,33.4,34.3,33.9,33.7,32.9,33.5,33.5,34.1,33.0,33.6,33.0,33.1,33.1,33.4,33.4,33.3,33.0,32.9,34.0,33.9,34.1,34.4,34.3,33.9,34.4,32.8,32.5,33.0,34.1,33.5,34.6,33.8,34.4,33.5,33.7,34.0,33.7,33.2,33.3,33.3,33.3,33.6,33.1,32.6,33.6,32.9,33.7,33.0,33.7,33.1,34.2,33.5,32.9,33.9,33.2,33.7,33.6,35.1,33.4,33.6,33.0,34.2,33.2,35.1,33.3,nan,34.0,34.6,32.8,34.1,33.2,33.8,31.9,33.9,32.6,33.6,32.7,34.6,33.2,33.4,33.6,33.8,33.4,33.4,34.0,33.5,33.2,33.9,34.1,33.6,32.6,33.3,32.9,33.0,34.6,34.1,33.7,33.6,34.2,33.5,33.4,33.8,33.5,34.5,34.2,33.2,33.4,33.4,33.6,32.6,33.5,33.2,34.2,33.7,33.6,34.0,32.3,34.3,32.4,33.8,32.7,33.6,33.5,33.9,32.6,33.2,34.6,35.4,33.8,34.3,34.0,34.7,33.4,34.3,32.7,33.2,33.1,33.9,33.2,34.3,31.7,33.5,33.7,33.3,32.6,34.2,32.8,34.2,34.7,33.5,32.7,34.0,33.7,33.5,33.0,33.3,33.5,33.9,34.0,34.3,35.0,33.8,33.6,34.3,34.7,32.4,33.9,32.8,33.1,34.3,33.6,33.7,33.4,33.3,32.9,33.9,34.7,33.8,34.4,34.0,34.5,33.6,33.5,33.5,33.4,33.6,31.2,34.1,33.1,33.9,33.7,34.7,33.4,34.3,34.4,34.2,33.4,33.8,32.8,33.3,34.2,33.9,33.1,32.9,33.4,34.8,32.5,33.3,32.9,34.5,33.1,34.8,34.4,33.9,31.9,34.0,34.0,33.7,32.9,34.0,34.0,33.7,33.4,33.7,34.5,33.2,33.6,33.8,34.1,33.4,33.8,33.9,34.5,33.6,33.6,33.1,35.1,33.9,35.0,33.3,34.4,33.5,35.1,33.7,33.7,33.0,32.8,34.0,32.6,33.8,33.3,33.6,33.2,34.7,33.6,34.2,34.1,34.0,34.3,34.0,32.9,33.7,33.0,34.7,34.1,33.4,33.5,33.4,33.1,34.3,32.6,34.5,33.1,34.5,34.5,35.8
1785306865.3130314,2155,33.2,33.9,34.1,34.1,33.3,33.1,33.1,33.1,32.5,32.6,33.6,33.4,32.9,32.6,33.8,32.8,32.6,33.2,33.4,32.4,32.4,32.4,33.2,32.8,32.1,32.8,33.2,33.5,34.7,35.5,33.5,33.1,33.6,32.7,33.7,33.2,33.9,33.4,33.9,34.1,32.4,32.9,32.9,33.7,32.9,32.3,32.4,33.6,32.7,33.2,32.8,33.6,32.3,34.1,32.0,32.9,32.5,32.7,32.7,33.9,34.0,33.1,33.3,35.2,33.6,33.6,33.5,34.2,33.9,33.3,32.9,32.8,32.8,33.7,32.9,32.3,32.3,32.3,32.9,32.9,33.2,32.6,32.9,33.5,33.4,33.7,32.6,32.3,33.1,32.4,33.5,33.7,33.7,32.6,34.0,33.8,34.0,32.5,32.7,33.6,34.1,33.3,32.9,33.4,33.0,33.2,33.0,32.7,33.0,33.3,32.4,33.5,33.4,33.0,33.7,32.7,32.7,33.0,33.8,34.0,33.8,32.7,32.6,33.3,34.0,32.8,33.2,34.8,33.0,33.9,33.6,34.5,33.7,32.8,33.6,33.1,33.2,33.7,33.7,33.0,33.3,33.5,33.6,33.2,33.2,33.6,32.9,33.1,32.5,32.9,34.1,33.3,33.3,33.3,32.9,33.2,32.2,34.5,34.1,33.2,34.5,33.1,33.5,34.0,34.0,32.3,34.4,32.8,34.1,32.4,32.8,33.3,33.2,33.4,33.6,33.4,33.1,34.1,32.9,33.9,33.9,33.1,32.8,33.2,33.3,33.1,33.1,33.2,34.3,32.1,33.3,33.5,34.7,34.7,34.1,33.1,32.5,33.7,33.2,33.0,33.4,33.3,33.4,33.7,34.0,34.4,33.7,33.1,33.5,33.0,32.4,33.3,32.9,33.4,32.8,33.4,33.3,33.2,32.6,32.3,33.3,34.0,34.2,33.1,33.3,33.2,33.2,33.4,33.2,33.0,33.5,33.3,33.4,32.5,33.9,34.3,34.9,34.7,32.8,33.0,33.2,32.4,32.7,33.0,33.4,32.5,32.4,32.7,33.1,32.7,33.4,33.7,33.6,33.4,34.5,34.2,33.2,34.3,33.5,33.4,32.9,34.2,34.1,32.8,33.3,33.7,32.2,34.4,35.5,35.4,33.0,34.1,32.8,33.8,33.1,33.1,32.6,33.8,33.9,33.8,32.7,33.1,33.8,33.2,33.2,33.3,32.6,34.1,34.7,33.1,33.1,33.3,33.4,33.6,33.2,33.2,33.3,32.7,33.6,35.3,35.6,34.4,32.7,32.7,32.9,33.7,33.8,34.0,33.8,33.1,33.1,32.1,32.8,33.6,33.4,33.4,33.3,33.5,32.9,33.4,33.2,33.7,34.2,33.0,32.8,34.1,32.7,34.4,33.7,34.2,35.1,35.6,35.0,34.0,32.9,33.3,33.3,34.1,33.1,33.5,32.7,34.4,33.9,34.0,33.0,33.4,34.1,32.7,33.3,33.7,33.5,32.8,33.6,34.0,33.3,34.1,33.1,32.9,32.8,33.4,33.8,34.2,34.8,35.3,34.8,34.5,34.9,34.3,33.7,32.9,33.0,34.0,33.2,32.9,33.6,32.7,32.3,33.1,32.9,33.3,34.1,33.5,32.4,33.5,32.5,33.3,33.4,34.4,33.4,33.4,33.6,33.3,33.0,34.1,34.4,34.9,34.3,33.5,33.6,34.1,33.0,32.9,33.4,33.2,32.8,33.8,33.9,32.8,34.1,33.5,33.5,33.8,32.7,33.7,33.7,34.1,34.1,33.0,34.3,33.2,33.9,33.6,33.9,33.8,34.5,34.3,34.5,35.0,34.1,34.1,34.7,33.4,32.9,33.3,33.4,33.5,33.4,33.2,33.0,33.4,32.9,32.8,33.7,33.8,34.1,32.8,32.8,34.7,32.9,33.8,33.6,33.9,33.3,33.6,33.6,34.5,33.4,33.9,34.7,33.8,34.4,34.0,33.9,33.5,33.7,33.8,33.1,33.5,32.9,33.2,33.8,33.3,32.9,33.3,33.8,33.0,33.3,33.5,33.7,33.1,33.8,33.3,33.8,33.8,33.8,33.5,33.6,33.4,34.2,32.8,35.1,33.7,34.1,33.6,34.0,33.6,33.3,33.4,33.0,34.1,33.5,32.8,34.0,33.4,34.0,33.8,33.6,33.8,32.8,34.1,34.0,33.6,33.2,34.0,33.9,33.7,33.4,33.6,32.9,34.0,33.9,33.4,35.9,34.9,33.9,34.1,34.1,33.8,33.0,33.3,33.8,33.0,33.3,34.5,33.2,33.8,33.6,32.0,34.2,33.8,33.8,33.3,34.7,33.9,33.8,32.8,33.0,33.0,33.6,33.0,34.1,32.8,33.7,34.2,34.7,35.2,33.9,nan,33.5,33.9,33.6,33.1,33.0,33.1,33.1,33.7,32.7,33.9,33.0,31.9,33.2,32.7,33.0,33.9,33.8,34.1,33.6,33.8,33.7,34.1,32.7,34.0,33.8,34.0,33.2,33.9,35.4,35.6,33.8,34.4,34.4,34.6,34.4,33.5,33.8,33.8,32.8,34.2,33.4,33.7,32.3,34.1,33.5,33.9,33.4,33.5,34.1,33.2,33.2,33.1,34.6,33.5,33.6,33.0,33.4,34.2,32.8,33.7,35.6,35.0,33.8,34.4,35.0,35.2,34.3,33.4,33.8,33.4,33.6,33.2,33.3,33.9,33.5,34.0,33.2,34.0,33.3,33.5,33.4,33.5,34.4,35.7,33.7,33.9,33.2,33.9,33.5,33.5,33.7,33.4,34.1,33.7,34.1,34.7,34.8,35.3,34.0,33.1,33.4,32.9,34.6,33.5,34.1,33.0,33.4,33.9,33.8,33.7,34.4,34.2,34.7,34.6,34.7,33.7,34.1,34.0,34.0,32.9,32.9,33.1,33.5,34.2,34.3,34.5,34.9,34.2,35.3,34.4,34.1,33.9,33.4,34.3,34.6,34.0,33.5,32.8,33.4,34.1,34.1,34.5,34.1,32.6,33.8,35.1,33.6,34.4,34.5,32.9,33.1,34.5,34.0,33.4,32.8,34.3,35.1,34.5,34.2,34.4,34.8,34.8,33.0,33.4,33.9,33.9,32.5,33.6,33.7,33.5,34.0,34.4,34.7,33.9,33.1,33.5,34.1,35.1,33.7,34.0,33.7,34.1,34.2,33.8,33.7,34.1,32.9,33.3,34.9,35.0,34.3,34.1,34.3,33.7,33.4,33.1,33.4,33.8,34.3,33.0,34.1,33.7,33.7,34.0,34.2,33.2,34.4,34.4,33.3,35.7
1785306867.4591887,2156,32.7,33.4,33.6,34.3,34.4,32.9,33.4,32.2,34.1,33.8,33.8,33.0,31.8,33.0,33.3,32.4,32.9,33.5,33.8,33.7,33.1,33.4,33.2,32.8,33.6,33.2,33.2,34.2,33.6,33.0,33.5,34.4,33.9,33.2,34.2,33.5,33.0,32.1,32.8,32.3,33.0,33.7,33.5,32.9,32.9,34.1,32.8,32.7,33.1,33.8,33.3,33.5,33.4,33.0,32.4,33.3,33.5,33.3,33.7,33.9,33.7,33.8,33.5,33.5,33.4,33.6,32.8,34.2,33.9,33.0,33.7,34.0,33.6,33.7,33.5,32.6,33.6,32.9,32.7,33.2,33.1,33.6,33.6,31.9,34.0,33.1,32.4,32.5,33.9,33.0,32.5,32.8,33.7,33.4,33.3,33.4,33.3,32.2,33.1,34.0,34.1,33.2,32.8,32.5,33.5,33.0,32.5,32.9,32.6,32.8,32.9,33.2,33.7,33.5,33.5,33.2,32.8,32.8,33.2,32.2,34.0,33.3,32.2,34.3,34.0,32.0,33.9,33.7,33.8,32.8,33.8,32.3,33.7,33.4,32.6,32.1,33.0,33.4,32.8,33.8,32.8,33.9,32.8,32.9,34.3,33.7,33.1,33.1,33.3,33.9,33.9,33.0,33.3,33.3,32.7,32.0,33.8,33.7,34.1,33.8,34.1,33.1,33.7,34.2,33.1,33.1,33.9,32.6,33.0,32.1,33.8,33.2,33.2,33.2,33.6,33.5,33.8,33.8,32.9,32.9,33.8,33.1,33.3,33.5,33.5,32.9,33.3,33.6,33.9,32.7,32.7,34.2,33.6,33.3,34.1,33.7,32.9,33.9,33.0,32.5,33.6,34.0,34.3,34.3,33.9,33.1,33.2,33.1,32.8,33.8,32.6,33.6,34.1,33.3,32.7,32.7,34.4,33.0,33.4,33.8,33.9,33.2,32.9,34.2,34.2,34.6,33.8,33.5,33.8,33.7,33.4,32.6,33.2,33.7,35.7,35.6,33.8,32.8,33.6,32.7,34.0,33.7,33.0,33.5,34.6,32.5,33.7,33.3,34.1,33.8,33.3,33.7,34.0,33.8,33.7,34.2,33.5,33.7,34.1,34.0,33.7,32.9,33.6,33.8,34.5,33.7,34.8,36.3,34.6,33.9,33.3,33.0,33.4,34.0,33.7,33.0,33.8,33.8,33.9,33.2,33.0,33.8,33.9,33.0,33.2,33.5,33.4,32.9,34.5,33.4,32.4,34.1,33.4,32.9,34.0,34.2,34.0,33.4,34.4,35.9,33.5,33.7,33.5,34.2,34.8,32.7,33.3,33.5,33.7,33.7,33.3,33.2,34.1,33.8,33.2,33.4,33.8,32.6,33.3,32.8,34.3,32.7,34.6,34.2,33.0,33.8,32.9,33.5,33.6,34.2,35.0,35.6,35.8,34.9,34.7,33.7,33.0,32.7,32.8,32.5,34.3,32.8,32.4,33.4,33.7,33.3,32.4,33.1,34.0,34.6,34.7,33.2,33.6,32.8,34.1,34.1,33.3,34.0,33.4,33.4,34.3,33.3,35.6,34.6,35.3,34.6,34.6,35.0,33.4,32.3,32.9,33.1,34.3,33.5,33.6,34.0,33.6,33.5,33.2,32.2,34.1,33.6,33.8,33.1,35.2,34.4,33.7,33.6,34.2,33.4,32.6,33.5,34.4,35.4,34.5,34.4,33.9,34.4,34.7,34.9,34.4,33.0,33.8,33.8,33.8,33.3,34.3,32.9,33.0,33.5,33.3,33.7,33.3,33.5,33.7,34.9,34.7,32.0,33.4,32.8,33.5,33.7,33.6,33.2,34.6,34.8,34.5,34.2,33.6,33.7,33.9,34.2,33.7,33.7,33.2,32.9,33.5,34.0,32.9,33.5,33.6,33.8,33.9,33.6,32.6,33.7,33.6,33.7,34.0,34.8,33.4,33.5,32.8,34.0,33.6,33.8,34.2,34.4,33.8,34.0,33.8,33.8,35.2,34.6,33.4,32.8,33.9,33.5,33.9,33.3,32.9,33.1,33.7,33.1,34.0,33.5,34.2,32.8,34.5,34.1,33.3,33.7,33.2,33.6,33.6,33.7,34.0,33.9,35.0,34.3,34.3,34.2,33.7,33.4,34.2,34.6,33.4,33.7,33.6,34.1,33.9,33.1,33.5,34.1,35.1,33.5,33.9,34.2,34.4,33.8,34.4,34.2,33.8,34.2,33.5,33.7,33.4,33.8,33.1,33.1,34.6,33.9,33.3,33.8,34.4,34.1,34.9,34.6,34.3,33.8,33.0,34.0,32.8,33.8,34.1,32.9,34.4,32.9,33.7,33.2,34.2,34.2,34.5,33.9,34.2,33.6,33.8,33.4,33.8,34.5,34.5,34.1,35.2,33.7,33.8,34.0,34.7,nan,33.9,33.6,33.9,33.9,33.4,33.9,33.7,33.1,33.5,33.5,33.2,33.3,33.8,32.8,34.0,35.0,34.2,34.9,34.1,34.4,33.9,34.1,33.6,34.0,33.6,34.7,34.4,34.4,34.9,34.8,33.6,34.0,34.5,34.8,34.0,33.5,34.4,34.0,33.9,33.3,34.1,32.9,33.2,33.4,34.6,32.4,34.2,34.0,35.6,34.1,33.6,32.7,34.0,33.7,34.0,34.3,33.5,34.2,35.4,34.9,34.6,34.5,34.3,33.1,34.9,34.9,34.2,34.6,34.2,33.5,34.4,34.4,33.2,33.9,33.3,33.6,34.3,33.6,33.9,34.5,33.8,34.3,34.4,34.2,33.7,34.1,33.4,33.0,32.2,34.4,34.1,34.6,34.6,35.5,34.6,33.8,34.8,34.8,33.5,33.8,34.1,33.8,34.4,34.5,34.4,32.8,33.0,33.2,34.8,33.5,33.8,33.4,34.5,34.2,35.4,34.2,34.3,33.8,33.6,33.0,32.5,33.8,33.3,34.4,33.7,35.2,34.1,34.2,34.8,34.6,34.1,32.9,34.4,33.8,34.4,33.7,34.0,33.0,33.1,34.0,34.9,33.8,34.7,33.9,34.0,35.2,34.5,33.4,33.2,34.2,33.9,33.3,33.4,34.0,32.6,34.4,34.4,34.8,33.7,34.1,34.4,34.5,34.6,34.8,34.1,34.1,34.3,33.6,34.2,33.3,33.9,34.2,34.9,34.5,33.7,34.3,34.3,35.3,34.6,33.8,33.7,33.7,33.6,33.4,33.9,33.3,33.8,33.9,34.1,34.6,34.8,33.6,34.1,33.9,34.3,34.3,33.2,34.2,33.5,34.4,33.7,33.4,34.3,34.6,34.0,34.8,34.3,34.2,33.8,34.4
1785306869.7241838,2157,33.6,32.5,33.0,33.1,32.9,33.1,33.7,33.7,33.6,33.2,33.1,33.0,32.6,32.9,33.2,34.0,32.8,33.1,32.8,33.2,33.4,32.2,32.9,33.6,33.7,33.6,33.3,34.2,32.8,33.0,33.6,33.1,34.1,33.6,33.7,34.8,33.8,33.5,33.0,33.0,33.6,33.4,31.3,33.2,31.9,32.0,33.3,32.9,33.1,32.6,32.8,33.2,33.7,32.5,32.1,33.4,33.3,32.6,32.7,32.4,32.4,32.7,34.2,33.6,33.8,33.9,33.4,34.4,34.6,34.3,33.2,33.2,32.9,33.1,33.2,33.4,32.7,33.2,33.1,33.4,32.4,33.4,33.1,33.1,33.0,32.8,33.6,33.1,33.2,33.5,32.8,33.4,32.3,31.9,33.5,33.3,33.0,34.3,32.2,33.7,32.5,32.8,33.4,33.1,32.4,33.1,33.4,32.2,33.6,33.5,32.9,32.9,33.7,33.9,33.5,33.1,33.9,32.2,33.6,32.8,33.0,32.4,33.2,33.2,33.0,33.1,34.6,33.1,34.1,33.5,33.4,32.8,32.8,33.4,33.3,32.5,32.9,32.5,33.1,32.8,32.5,33.5,33.8,33.0,32.7,33.6,33.5,33.4,33.2,33.0,32.9,33.1,33.5,32.7,33.1,33.6,33.9,33.6,34.0,34.7,34.1,33.3,33.6,33.4,31.8,32.6,33.5,32.1,32.8,33.9,33.1,33.4,33.6,33.8,33.5,32.8,32.9,33.3,33.1,34.0,33.1,33.1,34.0,32.9,33.3,33.2,33.5,32.9,33.7,33.4,32.9,32.7,32.8,34.0,33.6,33.5,33.5,33.3,33.6,32.5,32.8,33.4,33.5,33.8,34.2,34.3,33.6,33.9,33.0,33.5,32.4,33.0,33.6,32.9,32.9,32.5,32.7,32.5,33.3,33.2,33.4,33.6,33.2,33.5,33.9,33.3,32.3,32.3,32.6,33.1,33.4,33.7,33.3,32.7,33.8,34.8,35.1,34.1,33.3,32.9,32.7,32.7,33.6,33.2,33.7,33.5,32.6,33.8,33.7,32.8,34.3,33.4,33.2,32.9,33.6,33.7,33.1,33.5,33.6,34.7,33.4,32.6,32.1,33.6,33.2,33.5,33.6,34.5,35.7,35.5,33.8,33.3,33.0,33.0,33.1,33.3,33.5,33.0,32.8,33.2,32.7,33.2,32.4,33.7,33.3,33.1,33.7,33.5,32.7,33.9,33.7,32.6,32.9,32.9,33.2,33.4,33.6,33.6,34.2,33.7,35.4,35.0,33.9,33.6,33.8,33.9,33.6,33.7,33.0,32.9,33.1,32.5,32.8,33.2,34.4,33.5,32.9,34.3,34.3,32.5,34.2,34.1,34.3,32.6,33.6,33.7,31.7,34.2,32.9,33.5,33.4,34.6,34.8,34.7,34.4,35.4,33.5,33.8,33.2,33.7,33.2,33.1,32.3,32.9,32.9,33.6,33.3,33.1,33.4,32.9,33.0,33.4,33.6,33.7,34.1,33.2,33.6,32.8,33.2,32.6,33.5,34.0,33.9,34.8,35.1,34.5,34.6,34.5,34.5,33.4,33.3,32.8,33.4,33.1,33.3,33.4,32.9,33.4,33.2,32.8,33.2,33.4,33.2,33.6,34.9,33.1,33.1,34.4,33.5,33.0,33.5,32.4,33.4,33.6,34.8,34.4,34.3,33.9,34.5,35.6,34.8,33.0,33.6,34.3,33.4,33.0,33.8,33.6,33.4,32.8,34.2,33.7,32.6,33.3,34.4,33.6,33.4,34.1,33.9,32.7,33.9,34.1,32.3,33.1,33.0,33.4,34.3,34.4,34.2,34.6,33.5,34.0,34.0,33.5,32.9,33.6,33.9,32.8,33.2,33.4,33.1,32.0,33.2,33.5,33.7,33.6,33.9,33.6,33.7,33.1,33.9,33.8,32.6,34.1,33.2,34.5,33.1,33.4,33.8,33.9,34.0,33.5,33.2,34.3,33.9,33.6,33.5,33.5,33.6,32.8,33.3,33.4,32.8,33.2,33.2,33.5,33.7,33.5,34.2,33.9,33.5,33.8,33.0,32.9,32.9,33.6,33.9,33.5,32.8,33.8,34.3,35.0,32.9,33.3,33.4,34.1,34.7,33.2,34.0,33.0,34.2,32.8,33.2,32.9,33.5,33.0,33.6,33.0,33.5,33.3,33.8,34.5,33.7,33.1,32.8,34.1,33.9,33.4,33.2,33.8,33.4,33.4,34.6,34.4,33.3,33.3,33.3,34.5,34.9,33.5,33.5,34.3,34.0,33.6,33.8,33.9,33.6,32.9,33.5,33.2,34.3,34.4,34.0,33.8,33.1,33.7,32.5,32.9,33.8,33.1,33.4,32.2,33.1,33.7,33.2,34.6,34.4,nan,33.5,33.8,35.2,34.1,33.4,33.5,33.7,33.4,34.2,33.8,33.0,33.2,33.4,33.7,33.0,33.8,34.4,34.8,33.9,34.2,33.2,34.7,33.1,34.1,33.3,34.5,32.6,33.4,33.3,34.4,34.0,33.1,33.4,34.8,35.0,33.1,34.5,33.6,33.8,33.0,33.3,34.1,34.1,33.2,33.4,34.1,33.9,33.5,34.2,34.2,33.4,33.6,34.2,33.6,33.8,33.2,33.2,33.7,33.3,32.9,34.4,34.4,33.1,34.0,34.7,34.4,34.6,33.5,33.7,33.7,32.9,33.6,33.2,35.0,33.7,33.3,33.5,32.9,33.7,33.6,33.4,34.6,34.5,33.1,34.0,34.5,34.1,33.1,33.2,34.0,33.4,33.7,34.3,34.4,34.5,34.5,34.6,34.5,34.2,32.9,33.6,33.4,32.9,33.4,33.1,33.9,33.6,33.5,33.3,34.1,34.3,33.8,34.4,34.2,31.7,34.5,33.4,34.3,32.0,33.4,33.8,33.9,33.6,34.3,33.5,33.5,35.1,35.0,33.9,34.2,34.7,33.8,33.0,33.1,33.7,34.1,32.6,33.8,32.5,33.8,33.5,34.6,33.7,33.5,33.5,35.0,34.2,33.0,34.4,32.7,33.2,33.3,33.1,34.6,33.2,33.0,33.4,34.1,34.0,34.4,33.8,34.8,33.8,33.2,33.0,34.5,33.6,33.2,33.6,34.2,33.2,33.7,34.4,34.4,34.8,34.3,33.3,35.0,31.8,32.7,34.1,33.8,32.6,33.4,33.5,33.0,32.6,33.9,33.6,33.3,33.8,34.0,34.5,33.1,34.3,35.2,33.2,33.9,33.0,33.3,32.9,33.4,33.5,33.7,33.9,34.1,33.3,34.9,35.3,35.4
1785306871.6705842,2158,34.6,31.3,34.1,33.7,34.2,32.3,33.8,32.9,33.5,33.1,33.0,32.7,33.1,32.5,32.9,32.8,33.9,32.5,33.6,33.6,33.1,33.1,33.6,33.1,32.6,33.5,34.1,33.9,33.6,32.4,35.2,34.0,32.7,33.2,33.4,33.5,33.7,33.8,32.9,33.7,32.3,32.7,32.4,32.5,32.6,33.8,32.3,33.4,32.8,33.6,33.2,34.2,33.3,33.2,32.4,33.0,32.4,32.9,33.2,34.3,33.8,33.1,34.1,34.7,34.1,33.5,33.9,33.0,34.1,33.6,33.7,32.7,33.6,32.4,32.4,33.5,33.7,32.9,33.2,33.1,32.9,33.2,32.7,32.3,33.6,32.0,32.4,32.8,33.9,33.2,33.0,33.1,33.9,32.2,33.3,34.4,33.9,34.6,33.0,33.4,32.8,33.0,33.7,33.4,33.2,32.6,33.1,32.9,33.0,33.5,33.0,33.2,32.8,33.2,32.7,33.5,32.4,33.7,33.0,32.9,33.8,33.1,33.3,34.5,33.5,33.0,34.3,33.7,34.5,33.4,34.2,32.7,33.7,33.1,33.2,32.2,32.8,32.2,32.8,33.0,34.1,33.3,34.0,32.9,34.0,33.8,32.6,33.1,33.8,32.1,33.4,33.4,33.8,32.8,32.9,33.1,34.2,34.4,33.7,32.6,33.5,33.8,34.2,33.1,32.7,33.5,32.8,33.8,33.1,32.8,32.9,33.2,32.8,33.2,33.8,33.3,33.5,33.6,33.5,33.3,33.5,33.4,33.4,33.9,33.0,33.1,32.5,33.5,33.2,33.9,33.7,34.0,35.2,33.0,34.1,33.4,33.5,32.8,33.5,32.9,33.1,32.8,33.6,34.6,34.5,33.4,34.4,33.6,33.1,32.4,32.9,33.5,34.2,32.5,33.0,33.1,32.3,33.1,33.4,33.3,33.2,33.5,34.4,33.6,34.1,34.1,33.0,33.5,32.3,33.2,33.2,33.5,32.9,34.0,33.2,35.6,34.8,34.6,33.7,33.5,33.4,33.5,34.0,33.7,33.2,33.1,33.5,33.9,32.8,33.4,34.2,33.4,32.9,34.2,33.3,34.4,33.2,32.7,33.5,32.9,33.1,32.1,33.3,34.2,34.2,33.0,33.7,33.7,36.5,35.4,33.8,33.7,33.4,33.5,33.7,34.0,33.1,32.5,33.3,33.5,33.3,33.1,32.9,32.9,34.1,32.6,33.8,33.6,33.3,33.6,33.8,33.3,32.8,33.4,33.4,33.5,33.9,33.4,34.0,35.1,34.7,34.8,33.8,33.5,32.8,33.5,33.0,34.3,32.6,33.6,32.5,33.2,33.2,33.3,33.2,33.3,32.8,33.5,32.6,32.6,34.7,33.6,33.2,33.3,33.7,33.3,33.1,33.2,33.7,33.6,33.8,35.0,35.8,35.1,35.2,35.0,33.0,33.2,33.8,32.6,34.1,33.0,33.7,32.8,33.3,32.8,32.6,33.1,34.9,32.7,33.3,33.7,32.0,33.4,33.4,32.9,33.2,33.5,32.6,32.7,33.1,34.1,34.3,35.3,33.9,34.6,35.0,35.8,34.4,33.7,33.1,33.2,33.4,34.0,32.8,34.2,33.3,33.5,32.8,34.3,33.8,33.6,32.3,33.7,34.0,33.0,33.5,33.7,34.3,33.5,34.3,33.7,33.4,33.6,34.2,34.1,34.3,33.9,34.6,35.1,35.7,33.1,33.8,33.7,34.0,32.9,33.6,32.5,34.2,32.7,34.0,33.8,35.5,33.2,33.5,33.6,33.8,34.0,33.2,33.6,32.7,34.2,33.3,33.8,34.5,33.5,34.2,34.6,33.8,34.2,33.6,34.7,34.4,33.9,33.3,34.2,32.8,33.1,32.9,33.2,32.5,33.2,33.6,33.8,33.1,34.3,34.4,33.7,32.9,32.6,33.6,34.1,34.2,33.7,33.5,34.1,33.7,33.1,34.9,34.2,34.1,33.7,34.3,34.2,34.9,33.7,33.9,34.5,34.2,33.1,33.6,33.3,33.7,32.6,34.4,32.9,34.0,32.9,33.9,33.6,33.6,34.8,33.7,34.4,33.3,33.2,33.9,33.9,32.9,34.5,33.7,34.3,33.8,33.7,33.9,34.7,34.1,33.9,33.2,33.6,33.4,33.9,33.2,33.9,32.9,33.5,32.6,34.0,34.0,34.7,33.9,34.2,34.4,32.6,33.5,34.0,33.4,32.9,33.3,33.4,33.5,33.4,34.3,34.3,34.6,34.0,34.1,34.5,34.4,32.7,33.6,34.0,33.9,32.6,32.9,34.3,33.6,32.6,34.0,33.7,34.4,33.2,33.9,33.5,33.9,33.6,32.9,34.0,33.8,33.7,32.6,33.8,33.6,34.0,33.1,33.9,34.5,nan,33.7,34.2,34.6,35.0,33.7,33.8,33.3,34.0,33.1,33.5,32.7,33.8,33.5,34.2,32.9,33.7,33.5,34.3,33.2,33.2,33.9,34.2,33.6,33.7,33.8,33.4,33.5,32.6,34.9,34.3,34.1,33.0,34.5,34.5,34.6,33.7,33.9,33.2,32.8,33.2,33.5,34.8,32.5,33.3,33.7,33.8,33.8,34.3,34.2,33.5,33.5,34.8,32.7,34.5,33.3,33.4,33.6,33.5,33.6,33.3,33.3,35.4,33.2,33.9,34.1,34.5,33.8,33.9,33.3,34.4,33.1,33.6,32.4,33.7,33.4,33.8,33.8,33.4,33.6,34.5,33.7,34.1,34.1,33.2,34.1,34.4,33.6,33.4,34.0,33.0,35.0,32.7,33.9,34.8,34.6,33.9,34.9,34.7,35.2,34.2,33.7,33.3,34.3,33.2,35.2,34.0,34.1,33.8,33.8,34.9,34.2,33.3,34.3,34.1,33.3,34.6,34.2,34.5,32.5,33.2,32.6,34.4,33.0,33.2,34.7,34.9,34.6,34.7,33.6,35.6,33.3,33.9,33.6,33.1,33.3,34.4,35.0,33.3,33.2,34.2,34.4,33.8,34.4,33.5,34.9,35.4,33.1,34.2,33.2,33.5,33.1,33.4,34.4,33.9,33.9,33.4,33.7,32.7,33.9,33.3,34.6,33.7,35.1,33.5,33.7,33.8,34.5,33.1,34.2,33.4,35.7,33.8,34.9,33.4,34.5,34.0,34.5,34.0,33.1,34.5,33.8,34.6,33.3,33.6,32.8,35.0,33.7,34.1,33.7,33.9,33.8,34.8,34.5,33.8,34.7,34.5,33.5,34.0,33.8,32.5,34.7,34.3,33.6,33.9,33.4,33.3,33.4,34.8,34.1,35.7
1785306873.8989244,2159,34.5,33.5,34.0,33.7,34.1,32.5,33.3,32.3,33.8,34.0,32.7,32.7,32.8,33.0,33.5,33.4,32.8,32.1,33.5,32.7,34.3,33.3,33.5,33.3,33.3,33.3,33.6,33.2,34.0,33.1,33.8,34.0,34.3,33.1,33.6,33.6,34.4,33.0,32.5,32.8,33.7,33.4,33.0,33.4,33.5,32.9,33.1,33.1,32.6,32.4,32.9,34.8,33.6,33.1,33.2,33.4,33.4,34.2,33.4,34.0,33.4,32.3,33.9,34.1,33.0,34.0,34.1,33.4,33.5,33.3,33.6,34.3,32.5,33.0,34.3,32.9,32.7,33.3,33.1,32.8,33.3,33.0,33.3,33.7,32.8,33.0,32.1,33.7,32.8,34.2,33.4,33.1,32.3,33.3,33.2,33.2,33.9,32.8,33.0,33.7,32.8,33.0,32.7,32.5,33.6,33.4,33.3,33.1,33.7,33.0,33.2,33.7,32.8,33.8,33.1,32.7,31.7,33.1,32.6,32.8,34.0,31.8,32.5,33.6,33.3,33.3,32.9,34.0,33.2,33.1,32.6,34.2,34.2,32.9,32.7,33.7,33.6,33.8,33.2,32.7,33.2,34.3,32.7,33.2,33.7,33.0,33.9,33.8,32.9,33.1,34.0,32.9,33.2,33.0,34.7,32.9,33.3,33.1,34.2,33.3,33.7,33.5,33.8,33.6,34.1,32.4,33.0,33.3,33.6,33.4,32.7,33.9,34.1,33.0,33.4,33.8,33.0,32.8,32.4,33.5,33.0,33.4,32.8,33.6,32.1,33.4,33.2,33.9,32.2,32.2,33.7,33.4,33.9,33.9,33.4,34.4,32.8,33.8,33.8,32.9,33.6,33.7,33.3,34.2,35.2,34.7,32.8,33.1,33.8,34.2,32.9,33.5,34.0,32.8,32.9,33.8,32.8,31.3,34.0,32.4,32.8,32.9,33.2,33.6,34.0,33.1,33.4,34.9,33.1,33.1,32.4,33.4,33.1,33.6,33.4,35.5,34.8,34.0,34.2,33.2,33.1,33.1,33.2,34.4,33.9,33.7,33.5,34.7,33.0,33.2,33.0,34.2,34.1,33.1,33.5,34.5,33.8,33.4,33.8,33.7,34.1,33.9,33.1,33.0,33.4,33.5,33.7,34.4,35.4,34.8,34.1,33.6,33.3,32.9,33.3,33.2,33.6,32.2,33.3,33.5,33.6,33.5,33.5,33.4,32.7,33.0,33.5,33.6,33.5,33.7,32.7,33.6,33.5,32.6,32.9,34.4,33.5,33.3,33.5,33.8,35.4,35.3,34.5,34.5,33.7,34.0,33.5,33.3,32.9,33.7,32.7,34.6,33.2,33.2,33.2,33.0,34.1,33.4,31.2,33.3,33.4,33.2,33.5,33.9,33.4,34.2,33.5,32.9,33.3,34.1,33.7,34.2,35.2,34.9,34.9,35.3,33.8,33.4,33.8,33.1,33.5,33.3,32.8,33.0,32.7,33.3,33.5,33.5,32.4,33.2,34.9,32.7,33.5,32.4,33.4,33.4,33.9,33.0,33.4,34.5,34.2,33.0,34.5,35.6,35.2,35.3,34.2,35.3,34.2,34.4,33.2,33.7,33.4,33.1,32.2,34.2,33.3,33.2,33.5,33.9,33.4,33.8,33.1,33.6,34.1,32.8,33.5,33.7,33.5,33.6,33.5,33.0,33.4,33.8,34.6,34.8,34.3,33.7,34.3,34.8,34.5,34.0,33.6,33.7,33.9,33.4,33.7,34.0,33.4,32.7,34.1,33.4,33.4,33.0,33.2,32.5,33.7,33.5,34.6,34.0,33.0,33.0,34.0,32.8,33.8,33.5,34.5,35.0,34.7,34.1,33.6,34.6,35.2,33.8,33.3,34.2,32.9,33.8,33.1,33.8,33.2,32.4,33.8,34.2,33.2,32.9,34.0,34.6,33.2,33.9,33.5,33.2,33.7,33.7,34.4,34.4,33.1,33.6,34.8,34.2,33.7,33.7,33.8,33.7,34.2,34.2,34.3,33.1,32.8,33.1,33.5,32.8,33.6,33.8,34.3,32.9,33.7,33.6,34.0,33.9,34.3,34.2,33.3,34.1,33.9,33.2,33.3,34.0,33.5,33.2,33.9,34.4,34.1,34.3,33.3,34.6,34.9,34.3,34.5,34.1,33.9,33.5,33.4,33.3,33.5,33.0,33.5,34.8,33.4,34.2,33.1,33.7,32.8,33.6,34.3,34.6,33.7,34.6,33.2,33.4,33.1,34.1,33.1,34.8,34.0,33.8,34.3,34.2,35.1,33.9,33.2,34.0,32.8,34.4,33.1,33.3,33.1,33.8,33.7,33.3,34.3,33.6,35.0,34.3,34.1,33.5,33.9,34.3,32.9,33.1,33.3,33.8,33.7,33.7,33.9,35.2,33.5,nan,33.4,33.4,34.3,34.6,33.1,34.0,33.8,34.3,32.7,33.1,32.7,33.2,33.5,33.9,33.3,34.7,34.7,34.8,32.4,33.4,34.2,34.4,33.3,33.1,33.9,33.9,33.6,33.6,34.1,33.8,33.5,34.5,33.5,34.4,35.0,34.2,33.7,33.7,33.7,34.0,34.1,33.4,32.5,33.6,33.7,33.8,33.9,34.5,34.9,34.3,34.4,33.6,34.7,34.0,33.7,34.5,34.0,34.4,33.4,33.4,34.1,35.6,34.3,33.6,33.8,35.7,34.3,33.6,33.3,34.5,33.8,32.9,32.7,34.3,33.6,33.7,33.1,34.6,33.8,33.6,33.7,35.0,33.6,34.3,34.0,33.1,33.1,34.4,32.8,33.7,33.3,33.2,33.6,34.3,33.6,34.5,34.8,35.0,33.9,33.8,33.6,33.3,34.5,33.2,34.5,34.0,32.9,33.8,35.6,34.4,33.5,33.9,34.4,34.7,34.6,34.5,34.6,34.3,33.7,33.6,32.8,33.7,33.7,33.0,34.5,33.7,34.8,34.4,33.6,34.8,34.5,33.8,33.2,33.5,33.4,33.6,34.3,33.8,33.3,33.5,33.4,33.7,34.0,34.9,34.1,34.6,33.0,34.5,33.5,33.7,33.0,33.8,33.3,33.5,32.3,33.8,33.0,33.8,34.5,34.1,34.0,34.4,33.6,32.9,33.6,34.4,34.2,34.0,34.7,33.0,33.4,33.6,34.2,33.2,34.2,34.6,34.9,34.3,33.4,33.9,35.1,34.2,34.1,33.6,33.2,33.8,33.5,34.1,33.3,33.1,34.0,34.0,33.7,34.3,34.2,33.8,32.6,33.0,34.5,33.6,33.8,34.0,33.2,34.1,33.6,35.5,35.2,35.3,33.0,34.7
1785306875.921743,2160,32.3,34.1,31.7,32.7,34.1,32.1,32.2,32.5,33.6,32.9,32.5,34.1,33.8,32.1,33.2,32.3,33.6,33.2,33.4,33.1,33.6,31.9,32.9,32.7,32.7,32.3,33.4,33.0,34.0,32.6,33.4,33.0,33.2,32.1,33.8,32.4,33.1,32.6,32.5,33.4,32.3,32.6,33.4,32.6,32.8,33.3,33.1,33.1,31.9,32.6,32.5,33.0,32.9,32.2,33.2,33.6,32.6,33.2,33.4,32.7,34.1,33.2,33.6,33.4,32.8,33.5,32.9,32.3,32.9,32.9,33.4,31.9,32.3,32.8,33.0,33.1,32.2,32.4,32.6,33.0,33.0,33.5,32.1,32.1,32.8,33.2,33.8,32.8,33.0,32.5,32.4,32.9,34.5,32.0,33.5,33.7,33.7,33.1,33.5,33.7,32.6,32.4,32.9,33.1,33.1,32.5,32.6,33.0,32.7,33.0,32.3,32.9,32.9,33.4,32.9,33.4,31.7,34.3,33.0,33.0,33.1,33.0,34.1,32.8,33.3,33.1,33.6,35.1,33.4,33.4,34.1,32.9,32.6,33.1,32.3,33.0,32.7,32.9,33.3,33.2,33.0,32.8,32.5,32.6,33.4,32.8,33.2,32.6,33.6,33.1,33.7,32.5,32.3,32.8,33.0,32.7,32.7,32.9,32.2,33.7,33.3,33.0,32.5,33.4,32.6,32.6,32.6,33.5,32.7,33.9,32.2,33.1,33.0,32.8,33.3,33.4,33.0,32.7,32.6,33.0,33.2,34.0,33.0,33.1,32.7,33.2,32.7,34.7,32.4,33.0,31.7,34.7,34.4,32.8,33.4,33.6,33.0,32.4,32.7,32.9,33.0,33.7,33.7,33.9,34.1,34.4,33.6,33.6,32.7,32.2,33.1,32.7,33.2,33.2,31.7,33.5,32.7,32.7,32.9,32.4,33.8,32.7,34.7,34.3,33.2,32.9,32.2,33.1,32.5,33.4,32.4,32.5,33.3,32.9,33.4,34.3,34.5,34.3,33.4,33.2,32.9,33.1,32.9,32.8,33.2,33.0,32.6,32.8,31.7,33.2,31.7,32.7,32.5,32.7,33.3,34.7,32.5,33.2,32.0,33.9,33.8,33.8,32.8,33.7,33.6,33.4,33.1,33.8,35.9,34.9,33.0,32.7,33.7,32.7,32.7,32.7,33.5,32.2,31.8,32.6,32.7,33.0,33.0,32.9,32.9,32.4,32.3,33.2,33.1,31.1,33.2,34.0,33.3,33.5,33.2,32.9,33.4,33.3,32.5,34.3,35.5,35.1,33.5,33.6,33.1,32.9,33.2,33.0,33.1,32.8,32.5,31.9,32.3,33.2,33.1,32.1,32.6,32.6,32.2,33.3,32.1,33.6,33.7,32.5,33.0,32.9,31.7,33.6,33.1,33.5,33.2,33.8,35.7,35.3,34.3,34.5,34.0,33.7,33.2,33.4,33.4,32.4,32.5,32.3,33.1,32.7,31.9,32.8,33.4,32.9,33.0,33.9,33.9,33.3,33.2,32.8,32.6,33.4,33.4,33.3,32.4,33.3,34.0,35.5,35.8,34.7,34.5,34.6,34.2,32.8,33.2,33.4,32.5,33.0,33.8,32.6,32.7,32.9,33.1,33.2,32.3,32.9,33.1,33.2,33.7,33.9,33.4,32.2,33.5,33.5,33.7,33.5,34.3,33.0,34.3,34.4,34.0,33.4,33.9,34.7,34.5,32.6,33.5,32.9,34.0,33.7,33.8,33.7,33.8,32.3,33.5,32.2,34.6,32.7,34.6,33.4,33.3,33.1,32.5,33.7,32.9,32.8,33.6,32.8,32.9,33.5,33.5,35.4,34.3,34.0,33.3,34.1,33.6,34.0,33.3,33.1,32.8,32.8,33.1,32.6,33.8,32.7,33.3,33.5,34.0,33.4,33.1,33.6,33.7,34.5,33.7,33.2,33.4,32.6,33.3,33.2,33.3,33.5,33.7,34.5,33.7,33.7,33.7,33.7,34.2,33.5,33.7,33.2,34.3,33.4,33.5,33.0,33.6,33.5,33.0,33.4,33.9,32.5,34.2,33.4,33.6,33.4,33.5,32.6,33.2,33.4,34.2,33.3,32.9,33.2,33.7,34.2,33.3,33.3,33.8,33.2,34.3,34.0,33.0,33.8,33.4,33.5,32.9,33.1,33.4,33.2,33.8,33.5,33.3,33.5,33.5,33.7,35.0,34.1,33.4,34.0,33.1,32.0,33.9,32.5,32.7,34.3,33.7,34.2,34.3,33.1,33.8,33.7,33.5,33.7,34.0,33.2,33.5,33.4,33.5,34.0,33.7,32.4,33.4,32.9,33.7,33.0,33.6,32.7,32.2,34.2,33.5,33.5,33.3,32.9,33.1,32.8,33.4,33.7,33.6,34.7,34.1,nan,33.1,34.1,34.7,34.5,34.4,34.1,33.3,33.3,33.2,32.9,33.4,32.8,33.5,33.9,33.5,33.2,34.3,33.8,33.1,32.6,33.8,34.4,32.8,32.9,34.3,34.3,32.7,32.7,32.8,34.2,34.0,33.4,33.4,34.4,35.3,32.4,33.5,33.0,33.2,33.1,32.8,32.9,33.3,33.3,33.2,32.7,34.6,32.8,34.1,34.6,33.1,33.4,33.3,33.2,32.9,33.4,33.4,33.3,33.2,33.2,34.1,34.2,32.7,34.5,33.8,34.8,33.5,33.3,31.6,33.3,32.6,32.8,33.1,33.6,33.6,32.8,33.8,34.1,33.6,33.4,33.3,34.0,33.4,34.3,34.0,33.7,33.9,33.4,34.5,34.1,32.0,33.4,33.5,34.0,34.3,33.5,35.0,34.5,34.2,33.5,34.0,33.3,33.5,33.0,34.0,33.3,32.9,33.4,33.3,33.2,35.1,33.7,34.2,33.6,33.9,33.2,34.0,33.7,33.3,34.0,33.4,32.6,32.8,33.8,33.1,33.5,33.8,34.3,35.0,34.3,33.5,33.0,33.1,33.8,32.6,33.8,34.1,33.2,33.2,33.3,33.2,33.9,33.8,33.4,34.1,34.4,32.8,33.1,33.5,34.1,33.6,33.6,32.7,33.7,32.9,33.1,33.2,33.5,33.4,33.1,34.2,34.0,34.0,33.5,33.8,34.7,33.6,33.3,33.4,33.6,35.1,33.8,34.0,34.0,33.0,33.8,33.8,34.5,33.4,33.9,33.4,32.9,33.3,33.7,33.0,33.8,33.3,33.6,33.7,34.0,34.4,34.5,33.8,32.9,33.5,34.5,33.3,33.5,33.6,33.3,33.2,34.0,33.8,33.2,34.1,33.7,33.6,33.9,34.1,33.8
1785306878.1419556,2161,34.3,33.6,33.1,32.8,32.4,33.3,33.3,34.1,32.4,32.1,31.8,33.6,32.7,33.8,32.8,34.0,32.9,33.3,32.5,34.1,33.1,32.6,32.2,33.2,33.1,33.4,32.6,33.5,33.6,35.2,32.7,33.8,34.4,33.5,33.2,33.0,33.4,33.8,32.8,33.5,34.4,32.8,33.3,32.5,33.0,32.3,33.5,32.8,33.0,32.6,34.0,32.7,33.5,32.0,32.5,33.7,33.5,33.5,33.1,32.7,35.5,33.1,32.7,32.7,33.4,33.4,32.1,34.4,34.0,33.2,33.5,33.0,32.4,34.0,33.1,33.9,33.1,33.5,31.4,33.6,32.6,33.6,32.6,32.4,32.3,33.3,33.1,32.5,32.9,34.1,33.1,34.2,33.5,32.7,31.2,33.1,33.5,33.7,33.3,33.8,34.3,32.5,33.8,32.8,32.7,32.4,33.9,32.8,32.9,32.7,32.9,32.0,33.2,33.1,34.3,33.0,33.2,32.9,33.2,32.1,33.7,33.0,32.4,33.7,34.4,32.8,34.8,34.5,34.2,33.7,33.1,34.0,33.7,33.3,33.5,33.4,32.4,34.1,32.8,33.1,33.2,34.2,32.4,33.0,33.4,33.7,33.1,33.7,33.3,34.0,32.8,34.4,33.0,34.0,32.6,34.0,33.2,33.4,33.2,33.6,35.2,34.0,33.0,32.0,32.6,33.0,32.5,32.7,33.5,33.6,33.1,32.4,32.7,32.0,33.7,32.5,33.9,32.4,34.2,33.2,34.2,32.3,32.4,32.1,33.5,31.8,32.7,33.0,33.7,32.7,33.5,33.1,34.5,33.1,33.2,33.1,32.8,33.3,32.9,33.5,33.2,33.9,33.0,34.8,33.6,33.0,32.5,32.9,32.7,33.3,33.5,33.9,33.5,33.7,32.1,32.8,32.9,33.3,32.4,33.4,33.3,33.3,32.9,33.1,34.3,33.4,33.7,33.4,34.7,33.3,33.4,32.2,34.4,33.1,33.8,35.5,35.1,34.2,34.1,32.6,33.2,32.8,33.8,32.8,33.5,32.7,33.0,32.7,33.2,33.0,32.9,32.6,33.9,33.0,33.0,33.1,33.2,33.7,32.9,34.5,32.9,34.0,33.2,33.6,32.8,34.1,33.6,35.3,36.1,35.2,32.2,33.7,32.9,33.1,33.0,33.6,33.3,33.4,33.2,33.9,32.4,33.7,33.0,34.4,33.7,32.9,33.0,34.1,33.8,32.9,33.2,32.9,34.1,33.9,32.4,33.3,33.8,33.3,34.8,34.2,36.2,34.2,33.6,32.6,33.9,32.6,33.0,32.8,34.0,33.0,33.4,33.1,34.3,33.2,33.9,33.0,33.4,32.7,33.5,32.6,33.2,33.5,34.0,33.3,33.8,34.3,32.1,33.8,33.6,34.4,33.6,34.6,35.6,35.3,33.7,35.4,32.8,33.5,32.4,33.8,32.6,33.8,33.0,33.1,33.8,33.8,32.7,33.4,33.4,32.7,32.1,33.6,34.4,33.1,33.3,32.7,33.2,32.7,34.4,33.0,34.1,32.7,34.4,34.4,35.3,34.1,35.2,35.0,34.8,32.7,33.3,32.7,33.5,33.3,32.7,32.7,33.4,33.1,33.0,33.0,34.4,33.5,34.5,32.8,34.2,34.7,32.4,33.0,33.0,33.9,32.5,33.4,33.5,32.7,34.0,34.4,33.9,34.1,34.2,34.7,34.5,33.8,33.5,32.9,32.9,33.6,33.0,33.2,32.8,32.8,33.6,33.7,33.4,33.8,32.8,33.8,33.0,34.0,33.5,32.5,34.0,33.0,33.4,33.5,34.6,32.7,34.3,33.6,34.5,32.9,35.1,34.0,34.5,33.2,33.7,32.7,33.4,33.0,34.3,32.5,33.9,31.9,34.4,33.9,33.7,32.7,33.1,32.9,33.5,34.6,33.0,34.0,32.3,34.1,33.4,33.6,33.1,33.4,33.9,34.4,33.9,33.9,32.9,34.9,35.0,33.8,33.0,34.0,33.8,33.3,34.0,33.3,33.7,34.1,33.6,33.5,34.1,33.3,34.2,33.8,32.9,32.9,33.4,33.4,33.8,33.8,34.1,32.6,33.6,33.9,34.8,34.1,34.4,32.7,33.5,34.0,35.1,33.8,34.6,33.9,34.3,32.9,34.0,32.6,34.1,33.2,34.4,32.8,33.5,34.0,33.7,33.1,33.3,33.9,33.6,34.3,32.6,34.1,33.2,32.9,32.9,33.7,33.7,35.7,34.2,34.3,33.4,34.8,34.2,33.6,32.4,34.4,33.0,34.1,32.2,33.7,33.5,33.7,32.7,33.6,33.8,33.8,33.9,34.2,33.5,33.0,33.3,33.2,33.7,33.8,33.9,32.6,35.2,33.4,33.6,33.6,34.9,nan,34.5,33.6,35.5,34.2,33.2,33.3,33.0,32.6,33.1,33.3,34.0,33.7,34.1,33.4,33.7,33.5,33.3,33.9,33.4,34.4,33.6,34.8,33.2,33.7,32.8,34.2,33.6,33.0,34.8,35.3,33.9,34.1,33.4,34.6,34.8,33.6,33.0,33.5,33.4,32.8,33.1,33.7,32.9,34.6,33.2,34.8,33.5,33.1,33.3,35.5,34.4,32.4,33.2,33.2,33.2,33.9,33.9,33.2,34.4,33.1,34.9,34.3,34.2,34.0,34.3,34.8,35.0,33.8,34.4,33.9,33.7,33.1,33.7,34.0,34.2,33.4,34.5,33.2,34.2,33.7,34.0,33.4,34.3,34.4,33.0,33.4,32.8,32.9,32.7,33.8,32.6,33.8,33.2,34.1,34.0,34.8,34.7,34.6,33.9,34.1,33.5,33.6,33.0,33.6,32.0,33.2,32.8,34.6,33.4,32.9,33.2,33.4,34.0,33.9,33.6,33.0,34.3,33.8,34.7,33.5,34.0,33.4,33.8,33.3,33.5,33.4,35.2,33.8,34.2,34.4,34.7,33.3,33.8,34.0,34.2,33.6,32.9,33.3,34.3,32.6,33.5,33.3,34.6,34.2,35.4,34.5,33.8,33.4,33.1,34.4,33.5,33.1,33.4,34.3,33.1,33.5,32.9,33.4,34.2,34.2,34.0,34.3,34.0,33.9,33.8,33.6,33.7,34.3,33.3,34.6,33.4,33.5,33.7,34.2,33.9,34.5,35.2,34.8,33.9,33.3,34.8,32.8,34.2,32.7,33.5,34.4,34.5,33.1,33.0,33.7,34.8,34.2,34.4,33.7,34.6,33.2,33.4,33.4,34.8,32.4,33.3,33.1,34.4,32.8,33.5,33.2,33.3,33.9,34.2,34.1
1785306880.2497334,2162,33.1,32.0,32.7,33.5,33.6,33.3,32.8,33.7,33.4,32.3,32.3,33.0,33.9,32.9,33.1,32.9,33.0,31.8,33.1,33.9,32.6,33.7,32.1,32.0,33.4,33.0,33.3,33.1,33.5,32.0,34.1,34.1,32.2,33.9,33.7,32.4,32.5,32.6,33.4,32.4,31.6,32.6,33.6,32.8,32.7,33.8,33.3,32.7,32.9,32.6,33.0,33.3,32.4,32.2,32.9,34.4,32.7,33.6,32.2,32.0,33.7,31.6,32.5,33.4,33.0,33.9,32.4,34.2,32.9,33.9,33.0,32.8,33.3,32.0,32.6,33.2,33.1,32.5,33.4,32.3,33.5,32.9,32.7,33.8,34.5,32.2,33.8,33.6,33.0,32.2,32.4,32.8,33.8,32.5,32.5,33.8,32.8,33.8,31.9,33.2,32.0,33.0,32.4,33.1,32.9,33.1,32.3,32.6,31.9,33.2,32.9,33.0,32.9,33.4,33.0,32.9,32.6,33.0,33.6,32.1,32.8,33.9,32.6,32.2,33.2,32.5,33.0,32.6,32.9,33.5,33.0,33.6,33.0,32.9,32.9,32.1,33.1,32.8,32.9,33.1,32.7,32.7,33.0,32.5,33.4,32.9,32.8,34.0,33.5,32.3,31.9,33.5,33.0,33.1,33.3,33.8,32.9,33.4,32.7,33.1,33.1,33.2,33.0,33.0,31.4,33.2,32.7,33.1,34.0,32.7,32.1,32.7,33.2,33.1,33.0,32.7,32.1,32.5,33.0,33.6,32.9,33.4,33.8,33.6,32.6,33.4,33.1,33.3,33.5,33.2,33.5,34.0,33.9,32.0,33.6,32.3,33.5,33.8,32.9,32.6,33.6,33.1,33.3,33.7,34.6,33.0,33.1,32.7,32.7,32.2,32.1,33.1,33.8,33.2,32.9,33.4,32.8,32.5,32.9,32.3,33.0,34.1,32.0,32.4,32.1,34.4,33.5,34.3,32.6,32.7,32.7,33.2,32.6,33.1,34.2,34.5,34.3,33.5,33.0,33.9,33.2,33.0,32.3,33.5,33.3,33.0,33.2,32.4,32.7,33.1,33.2,31.6,32.2,33.3,33.4,34.1,33.3,32.4,32.1,33.4,33.2,33.3,33.3,34.7,33.6,32.6,33.2,34.3,35.9,35.0,33.3,32.9,32.5,33.8,32.8,32.8,33.5,32.6,33.1,32.9,33.2,32.0,33.1,32.6,33.1,32.3,32.7,33.5,32.9,32.2,33.2,34.6,33.4,32.9,33.5,32.7,33.3,33.1,32.9,33.7,35.4,34.5,33.6,33.2,33.0,32.9,33.1,32.8,33.0,33.4,32.9,33.0,32.8,33.5,33.3,32.8,32.9,33.7,33.3,32.7,33.1,32.7,32.5,33.4,31.9,32.8,32.7,32.8,33.3,32.9,33.9,34.4,35.2,34.7,35.4,34.4,34.3,32.2,33.0,32.8,33.8,33.0,32.6,33.1,33.5,32.7,32.4,33.9,33.3,32.9,34.2,34.4,32.5,33.5,33.1,32.4,33.8,33.7,33.2,33.3,32.0,34.0,33.8,34.0,34.0,35.1,34.9,35.0,34.5,33.4,33.2,33.3,32.6,32.8,32.9,33.0,33.6,32.3,33.2,33.2,32.2,33.2,33.7,32.3,33.6,33.9,33.5,33.4,34.6,33.6,33.0,33.3,33.4,32.4,33.9,34.2,33.8,32.8,34.0,34.8,35.4,33.8,33.0,34.1,33.4,33.2,33.3,33.6,33.6,32.6,34.0,33.2,33.0,33.5,33.6,33.2,32.8,32.9,32.7,33.4,32.9,33.9,32.8,32.4,33.8,34.0,33.1,33.7,34.2,33.5,33.1,33.9,34.3,33.9,33.5,33.6,32.9,32.6,32.5,33.1,32.9,33.0,34.1,32.9,33.1,33.4,34.1,33.6,34.1,33.3,33.7,33.8,33.5,32.5,34.0,32.9,32.9,34.2,34.0,34.1,34.3,32.8,33.2,34.1,34.5,33.9,33.3,33.0,33.3,33.0,33.0,34.1,32.9,32.5,33.7,33.7,33.3,33.1,33.3,34.2,32.0,34.0,33.6,33.7,32.9,33.7,32.5,34.2,32.3,33.3,33.7,33.9,33.1,33.0,34.2,33.6,34.7,33.9,33.0,33.2,32.5,33.0,33.2,32.9,33.1,33.5,33.2,32.6,33.7,34.2,33.3,33.9,34.5,33.9,34.3,34.3,33.5,32.8,32.8,33.5,33.1,32.7,33.1,34.9,33.8,34.6,34.1,34.4,35.6,33.8,33.0,33.3,33.8,33.1,32.3,33.6,33.6,32.9,33.0,33.9,33.3,33.5,33.4,33.6,32.5,33.9,32.5,33.1,32.8,33.0,32.5,32.7,33.0,33.5,33.1,33.7,33.6,nan,33.8,33.6,34.8,33.8,33.5,33.6,33.7,33.4,34.0,34.1,34.2,32.5,34.6,33.3,33.6,34.0,34.2,34.0,33.3,32.0,33.1,33.3,32.6,33.4,33.7,33.1,33.1,33.5,34.1,34.4,33.8,33.9,33.3,34.4,34.3,34.1,33.5,33.5,32.8,33.1,33.1,34.1,33.4,33.0,32.8,33.9,33.3,33.6,35.2,34.4,33.6,33.0,33.2,33.7,32.6,33.2,33.7,33.3,32.4,32.7,34.0,34.0,33.6,33.9,33.9,34.6,34.4,34.1,33.7,32.0,33.4,33.3,31.9,32.9,32.8,33.5,33.7,33.9,33.3,33.6,34.9,32.9,34.5,32.6,33.1,34.2,34.4,33.3,32.8,34.0,32.5,33.3,34.0,34.2,34.1,34.0,34.8,34.4,34.2,33.9,33.6,33.3,33.1,33.4,34.8,33.4,33.0,32.8,33.7,33.7,34.3,33.6,34.4,34.4,34.0,33.2,32.8,32.7,33.0,33.6,33.6,33.3,32.4,33.7,33.4,33.3,33.2,33.9,33.5,34.8,34.7,33.9,33.5,33.6,33.3,33.4,33.5,31.8,33.4,33.3,33.1,33.5,33.8,33.7,33.1,33.5,33.2,33.0,33.5,34.2,33.4,33.5,33.7,32.8,32.7,33.1,33.6,33.4,34.3,33.4,32.7,33.4,33.2,32.9,33.9,33.6,33.1,33.4,33.6,34.0,34.5,33.7,33.0,33.4,33.4,33.9,33.7,34.1,33.5,33.9,33.4,32.5,32.8,33.8,32.5,33.7,33.0,33.2,33.2,32.9,33.4,34.7,34.3,32.9,34.1,33.8,33.2,32.4,32.1,32.5,34.0,33.2,33.3,33.1,34.1,33.1,33.9,32.8,33.8,34.2
1785306882.7351637,2163,34.3,33.9,33.8,33.6,33.0,33.6,32.7,32.6,33.3,32.2,31.8,32.6,33.1,33.1,34.0,32.2,33.1,33.5,32.9,32.8,32.9,33.0,33.0,33.0,32.1,34.4,32.8,33.8,34.5,32.8,33.7,34.4,34.4,34.5,33.2,32.7,33.4,32.5,33.3,32.7,32.8,33.5,32.9,32.3,33.2,33.4,33.5,33.0,32.7,32.5,33.3,32.2,33.2,32.3,33.7,33.3,33.5,32.9,33.3,33.0,33.1,33.5,34.0,32.2,32.9,33.6,32.5,33.3,32.1,34.1,33.7,32.8,32.6,33.8,32.2,33.9,33.0,33.6,32.5,33.4,32.9,33.8,32.3,32.4,33.6,33.3,33.5,33.1,32.9,33.0,33.5,32.8,33.5,32.8,33.1,33.8,34.0,32.7,32.4,32.7,33.1,33.3,32.7,32.8,32.8,32.4,33.4,32.9,33.3,33.3,33.8,32.4,32.9,33.3,32.8,32.7,32.5,33.1,33.8,33.5,33.0,33.0,32.8,32.9,32.8,32.2,33.7,34.5,34.2,33.0,32.4,33.6,34.5,32.6,32.6,33.6,33.5,33.0,33.2,32.8,33.8,32.7,32.6,34.0,33.3,32.7,33.8,32.7,32.6,32.7,32.5,33.0,33.1,32.5,32.9,33.2,33.0,33.0,32.5,35.2,33.6,32.7,33.2,32.9,33.4,32.5,33.5,32.6,32.6,33.6,33.5,32.3,32.1,32.5,33.1,33.6,33.0,32.6,33.2,33.2,32.8,33.0,33.1,33.2,33.8,33.3,32.9,34.0,32.4,33.3,34.4,34.1,33.1,33.6,32.6,33.5,33.0,34.2,33.7,33.9,32.0,33.8,33.9,34.0,33.7,33.5,32.7,33.3,33.0,33.2,32.9,33.2,32.9,32.8,32.1,33.0,32.9,32.1,32.4,33.4,33.7,33.2,32.3,33.5,33.3,32.8,33.8,33.8,33.0,33.7,32.9,32.4,32.5,33.2,33.4,35.7,34.3,33.0,33.3,33.0,33.8,32.2,32.8,32.7,33.3,33.8,33.1,33.1,32.7,32.7,33.4,33.3,32.5,32.2,34.1,33.3,32.1,33.7,33.3,34.2,34.2,33.5,32.9,34.2,33.0,33.5,34.2,35.5,35.0,35.2,33.8,34.1,33.1,33.3,33.2,33.8,32.4,33.1,33.2,33.4,32.5,33.2,32.7,33.9,33.8,33.6,33.2,33.9,32.8,34.0,34.1,33.3,33.4,32.7,34.4,33.1,33.0,33.7,33.1,34.4,35.4,35.2,33.8,32.4,33.2,33.5,34.1,33.4,33.7,33.2,32.3,33.0,33.4,33.8,33.4,33.2,33.1,33.3,33.1,33.0,33.4,33.5,34.0,34.6,32.6,33.2,32.5,33.5,33.7,32.7,33.8,33.9,35.3,35.4,34.7,34.1,33.3,33.3,33.3,34.0,33.3,33.5,33.4,32.8,33.7,32.6,32.9,32.5,33.5,33.9,33.1,33.0,33.8,33.2,33.9,33.1,32.9,33.6,33.9,32.5,32.9,32.6,33.8,34.0,34.8,33.8,34.4,35.0,34.5,33.2,33.5,32.7,33.1,32.6,33.1,33.1,33.9,32.8,32.9,33.4,31.9,33.2,34.4,32.8,33.7,34.6,32.8,33.6,33.4,33.0,33.1,33.8,33.7,33.3,34.0,35.0,34.6,34.4,33.5,34.5,35.5,33.5,32.9,33.0,32.8,32.9,34.1,32.8,33.0,33.1,33.8,33.6,33.4,33.5,33.5,34.1,33.0,33.2,32.8,33.3,33.9,33.1,34.4,33.7,33.5,33.6,35.1,33.8,33.9,34.5,34.0,34.4,34.8,34.2,33.2,33.9,33.2,33.0,33.4,32.5,33.1,33.0,33.7,33.2,32.6,33.0,34.4,33.9,33.8,33.8,32.6,32.9,33.1,33.6,33.1,34.3,33.2,32.7,34.4,34.1,34.1,33.8,33.4,34.3,34.3,34.0,33.4,33.7,32.9,33.3,32.7,32.9,33.6,33.3,33.3,33.0,33.3,33.3,33.5,33.9,33.8,32.5,33.8,33.4,34.0,32.4,34.0,33.2,33.8,32.3,35.0,34.2,33.3,34.2,34.0,33.9,34.8,33.6,32.6,34.1,33.0,32.6,33.8,33.5,33.6,32.9,33.2,32.9,33.2,33.0,33.6,33.0,32.5,33.5,32.4,33.1,33.2,33.6,32.7,33.3,33.3,34.4,33.9,34.9,34.1,33.8,34.7,33.5,34.2,34.3,32.9,33.6,33.6,34.0,33.1,33.9,32.5,33.8,33.8,33.8,33.5,33.1,34.1,33.9,32.5,32.1,33.6,34.0,34.0,32.6,34.8,32.5,33.5,33.7,33.8,34.0,33.4,nan,33.7,33.9,34.2,34.2,33.5,33.2,33.7,34.0,33.8,32.8,32.8,33.6,33.6,32.7,32.8,32.7,34.4,33.1,33.2,33.8,33.5,34.5,32.5,33.4,33.1,33.5,33.2,34.4,34.1,34.1,33.1,33.6,33.5,34.3,33.9,34.0,33.4,33.5,33.1,33.8,32.8,33.2,32.6,33.7,32.7,33.9,33.2,33.7,35.2,34.9,33.4,33.9,33.0,33.9,33.8,33.5,33.0,33.8,32.8,33.1,33.7,35.0,33.0,34.2,33.9,34.0,34.9,33.9,33.2,33.8,33.4,33.9,33.3,34.2,32.4,33.4,33.2,34.1,33.0,33.9,34.3,33.5,35.2,34.6,33.4,34.1,33.0,33.9,32.7,33.7,32.8,33.7,33.2,34.8,34.4,35.1,35.1,34.6,33.6,33.1,33.5,34.0,33.2,33.5,32.1,33.7,33.3,33.5,33.6,32.9,33.4,33.4,32.5,34.6,33.1,33.7,33.9,33.6,33.8,32.9,33.5,33.3,34.0,32.8,33.7,32.7,33.6,33.7,34.9,34.9,34.2,33.5,34.0,33.2,33.9,33.8,34.0,33.8,33.4,33.9,34.1,34.0,33.5,33.6,33.5,34.2,33.6,34.6,34.9,33.6,33.1,33.7,32.6,34.0,33.7,34.4,33.5,34.3,33.5,34.9,34.1,33.8,33.5,33.6,33.0,33.2,33.5,33.2,33.1,34.2,32.9,33.5,33.7,33.9,34.3,33.3,33.8,33.7,33.5,33.5,34.4,33.9,33.6,33.3,33.3,33.7,33.2,33.1,34.5,33.4,33.1,34.4,34.1,34.2,33.1,33.9,33.0,33.1,33.4,33.9,33.1,34.6,33.7,33.8,33.8,33.6,33.5,34.4,34.0,35.7
1785306884.564631,2164,34.0,33.3,34.3,33.3,33.0,32.9,33.1,32.8,33.1,33.5,32.0,32.8,32.0,33.1,32.1,33.7,32.4,32.4,33.6,33.5,33.3,33.5,33.2,32.8,32.9,33.0,33.7,33.1,32.0,32.5,32.9,34.1,34.1,32.4,32.9,32.2,33.6,31.6,32.4,32.5,33.6,32.5,32.5,33.1,32.5,32.0,33.7,33.0,32.5,32.3,33.3,32.0,33.5,32.5,33.9,33.5,32.7,33.5,32.0,32.8,33.7,32.4,33.0,33.2,32.4,33.8,31.8,34.4,32.1,33.8,33.3,33.2,32.6,33.4,33.5,33.0,32.8,33.2,32.5,33.0,33.4,33.2,33.5,34.0,32.2,32.8,33.1,33.4,33.1,33.1,32.7,32.4,33.5,33.0,31.7,32.6,34.7,32.5,33.3,32.2,33.5,33.1,34.2,33.2,33.5,32.4,33.0,32.9,32.4,32.6,32.2,33.0,33.4,33.5,32.4,32.1,32.6,32.5,33.9,32.6,32.3,33.2,32.8,31.7,33.8,32.6,33.2,34.1,32.5,34.4,33.1,33.6,33.7,33.1,32.6,33.2,32.3,33.0,33.5,32.2,33.1,32.8,32.6,33.5,33.8,33.0,33.4,32.7,32.6,32.7,33.4,32.9,33.1,33.6,34.2,33.0,34.0,32.6,31.7,33.4,33.6,32.7,32.5,33.1,33.2,32.1,33.3,33.2,33.5,32.8,32.9,32.3,32.4,32.4,33.5,33.3,32.8,33.4,33.5,34.1,33.7,32.7,33.5,33.4,33.3,33.5,33.5,32.9,33.1,32.3,33.1,31.8,33.3,33.3,32.4,33.3,31.9,33.3,33.2,33.9,32.9,33.2,33.6,33.7,33.2,33.5,32.9,32.9,33.3,33.3,33.0,33.3,33.4,34.2,32.5,32.8,32.6,33.8,32.2,32.3,33.3,32.6,32.9,32.8,33.7,33.9,34.1,32.8,33.2,31.8,33.4,32.9,33.3,33.7,34.2,34.9,34.6,33.0,33.1,32.2,32.9,33.2,32.5,33.5,33.2,32.1,32.7,32.7,32.7,33.6,33.6,32.8,34.0,33.4,33.6,33.1,32.4,33.0,32.7,33.0,33.1,34.0,32.5,34.1,33.0,33.1,34.3,35.5,36.1,34.2,33.4,34.2,33.7,33.9,33.2,32.6,33.2,32.6,33.1,33.2,33.2,32.9,32.9,33.8,33.9,33.1,33.4,34.1,34.0,32.7,34.2,32.5,33.2,32.8,34.0,33.7,33.9,32.9,33.9,34.8,36.8,35.4,33.1,33.5,33.2,32.9,33.3,33.4,33.2,32.7,33.7,32.8,31.9,32.8,33.7,33.2,34.0,33.1,33.5,32.8,33.2,33.7,32.8,32.6,33.3,34.8,33.2,33.3,33.2,33.5,33.7,33.8,35.8,35.2,34.7,35.1,34.2,33.5,32.5,34.1,32.8,33.4,32.9,32.9,33.1,34.1,33.6,32.7,33.1,33.3,33.5,33.6,33.4,32.5,33.1,33.1,34.1,32.7,33.2,32.3,33.3,33.1,34.3,34.0,35.4,34.4,35.2,35.3,34.3,33.2,33.6,33.2,33.7,33.7,33.3,33.5,32.4,32.3,33.2,32.9,33.3,33.7,34.1,33.3,32.7,33.5,32.4,34.2,33.2,33.6,33.1,32.8,33.5,33.2,34.0,34.8,34.4,34.1,34.1,34.1,35.2,33.5,33.6,32.9,33.8,33.6,33.4,33.1,33.4,33.3,33.4,33.4,33.1,32.2,32.9,33.6,34.5,32.6,32.9,32.0,33.8,32.7,33.2,33.4,33.9,32.5,34.6,34.3,34.0,34.4,33.7,33.4,35.1,33.9,32.9,33.9,33.0,33.5,33.2,33.2,33.9,32.6,34.1,32.9,32.2,33.3,33.0,33.3,33.8,33.5,33.2,33.6,32.9,34.1,33.4,33.6,33.4,33.6,33.9,33.6,34.1,33.9,33.1,33.8,34.0,34.6,33.3,33.8,33.7,33.5,33.2,33.1,33.2,33.7,34.4,33.7,33.3,34.2,33.3,33.8,33.7,33.9,33.0,33.0,33.2,33.5,33.9,33.1,34.3,32.9,33.8,32.7,34.7,33.7,33.2,34.2,35.0,34.0,34.1,34.6,34.0,33.4,33.8,33.4,33.8,33.5,34.3,33.1,33.3,33.4,34.5,33.0,32.5,33.9,34.0,33.5,32.8,33.6,33.3,33.6,34.0,34.7,34.6,33.6,33.9,33.9,33.9,34.0,34.6,35.5,33.1,33.3,33.6,34.0,33.4,33.7,33.7,33.4,32.2,33.4,33.8,33.8,34.1,33.2,33.8,32.6,32.7,33.0,33.4,32.6,33.9,32.7,34.5,33.8,33.6,33.7,33.6,nan,33.8,33.5,34.5,34.9,32.9,33.9,33.7,33.5,33.5,32.7,32.8,32.6,34.3,33.6,34.5,33.9,34.8,34.3,33.6,33.7,33.1,34.1,33.2,34.1,33.1,33.8,34.6,34.2,32.5,34.1,34.1,33.4,34.3,34.1,34.6,34.4,35.1,34.0,33.9,33.6,32.8,33.2,33.9,33.9,33.5,34.1,33.8,34.0,34.3,34.0,33.8,33.5,34.4,32.3,33.2,33.3,33.3,32.9,34.4,33.7,34.0,33.3,34.4,33.6,35.3,34.2,34.4,34.2,33.6,33.1,34.2,33.0,33.1,33.1,33.6,33.1,33.4,32.9,33.1,33.3,33.6,32.8,34.1,33.3,33.4,33.4,33.4,33.5,34.4,34.0,33.2,33.9,33.6,33.7,34.1,33.8,34.1,34.6,33.6,33.9,33.3,32.7,33.7,33.6,33.2,33.5,34.1,34.1,33.6,33.9,33.4,34.4,34.3,33.9,33.3,34.2,33.4,33.0,34.0,32.9,33.6,32.5,33.3,32.8,33.7,33.8,33.7,34.7,35.4,34.6,34.5,33.2,33.5,33.9,33.0,33.3,34.0,32.8,33.4,33.2,32.1,33.8,33.6,33.8,34.1,35.1,33.8,33.6,33.1,33.8,34.1,33.3,33.2,33.8,33.9,33.9,32.8,33.9,33.3,33.5,33.9,33.9,33.7,34.6,33.3,33.7,34.2,34.3,33.9,34.4,34.0,33.5,33.7,33.0,34.3,34.7,34.1,34.6,33.2,34.4,34.8,33.2,33.2,32.7,33.3,33.5,33.7,33.3,33.4,33.0,34.3,33.9,34.1,34.3,34.4,34.5,33.9,33.8,34.1,32.3,33.7,33.1,34.1,33.1,33.5,34.0,33.7,34.2,35.3,34.3
1785306886.8221214,2165,33.4,32.7,33.7,32.7,32.9,32.5,33.2,32.9,32.8,33.4,32.7,33.3,33.0,32.3,33.3,33.7,32.8,32.3,33.5,33.0,32.6,31.7,32.9,33.1,32.4,32.9,32.5,32.7,33.0,32.2,33.3,35.0,33.2,32.8,33.3,32.9,33.3,32.8,32.5,33.2,32.1,33.0,33.0,33.7,32.9,32.4,32.3,33.3,32.7,32.8,33.2,32.6,31.9,32.2,33.4,33.8,32.4,33.4,33.6,33.1,32.5,32.7,33.1,33.9,34.5,33.5,33.8,33.4,33.7,32.7,33.2,32.6,33.3,32.2,32.8,32.5,33.1,32.6,32.2,33.8,32.6,32.6,33.8,32.8,32.8,32.3,32.8,33.7,32.4,32.1,32.6,33.7,34.4,32.4,34.1,34.4,31.9,34.0,33.2,33.0,31.5,33.2,34.1,32.9,32.6,32.9,34.3,31.7,32.3,32.5,32.8,32.5,32.9,33.7,33.0,33.8,32.5,33.0,32.9,33.9,32.0,33.7,33.3,32.8,33.5,32.3,33.1,33.3,32.4,32.4,32.8,34.1,32.2,33.4,32.7,33.1,32.0,32.4,32.7,32.5,33.3,32.2,33.7,32.2,32.6,32.3,33.2,33.3,32.9,32.4,33.8,33.4,33.3,33.0,32.9,33.1,32.1,32.5,32.9,32.6,32.3,32.3,32.2,33.0,30.9,32.8,32.4,32.7,32.3,33.0,32.3,32.7,33.3,33.1,33.4,32.5,32.7,32.3,32.6,33.3,32.3,32.4,33.9,32.7,32.7,33.7,33.0,33.1,31.8,33.4,34.3,33.0,33.0,31.9,34.2,34.0,33.1,33.4,33.2,32.9,33.1,32.8,33.7,34.4,34.1,31.9,33.1,33.9,32.5,32.2,33.2,33.0,32.8,33.1,32.5,33.1,31.8,32.0,33.2,33.5,33.0,33.4,32.8,34.2,32.2,32.0,32.6,33.1,33.2,33.2,33.3,31.9,33.0,33.4,33.2,34.0,34.6,33.7,32.5,34.0,33.2,33.4,32.2,33.7,31.9,33.3,33.3,33.5,32.2,32.8,33.5,33.6,33.3,33.5,32.7,33.2,32.7,32.7,33.2,33.8,32.2,32.6,33.8,33.9,32.9,32.0,33.1,35.7,35.4,34.4,33.0,34.3,33.0,32.2,33.1,32.0,33.3,32.4,32.9,32.8,32.7,32.8,32.9,33.9,33.5,32.9,32.7,34.0,33.0,32.4,33.1,32.6,33.1,33.5,32.7,33.4,32.8,33.4,32.8,34.3,35.3,34.9,33.8,33.2,32.9,32.9,32.7,33.4,33.1,32.9,33.3,33.0,31.6,33.0,33.0,33.8,32.6,32.6,33.2,33.9,32.7,32.1,33.1,33.6,33.6,33.1,33.6,33.9,33.6,33.6,33.0,33.8,34.6,34.5,34.9,35.1,33.2,32.1,33.5,33.7,33.0,33.2,33.3,33.0,32.5,33.3,32.6,32.9,33.2,32.5,34.3,33.3,33.3,33.5,33.4,33.4,33.0,33.1,33.6,32.7,33.2,33.1,34.0,34.0,34.8,34.5,34.5,35.5,33.7,33.9,33.4,33.4,32.1,33.3,32.5,32.0,32.6,33.2,33.3,33.2,33.2,32.9,32.8,33.7,33.0,33.2,33.5,33.7,33.8,32.5,33.2,33.2,32.3,32.8,34.7,34.7,34.1,33.2,34.0,35.0,34.2,32.9,32.3,33.2,33.2,33.1,33.0,32.8,33.8,32.3,32.6,32.9,33.3,33.0,34.1,33.9,32.9,32.5,32.2,33.0,33.0,33.3,33.4,32.8,32.7,33.3,35.1,35.0,33.9,34.2,33.4,33.8,34.4,33.1,33.4,33.7,32.9,33.9,32.7,32.9,32.3,32.2,33.2,33.3,32.7,32.3,34.0,33.6,33.0,34.0,33.7,33.1,33.0,32.8,33.1,33.5,32.8,33.4,34.4,34.0,34.5,32.4,34.0,34.0,34.2,34.3,33.6,33.4,33.6,33.7,33.3,33.6,33.3,32.9,32.6,33.2,32.8,31.7,33.3,32.7,33.4,33.4,32.9,33.3,32.6,33.4,32.9,33.5,32.5,32.8,33.5,33.6,34.1,33.0,33.9,33.8,33.9,34.7,33.5,33.5,33.4,33.6,33.2,33.1,33.0,32.5,33.2,33.7,32.7,33.4,33.8,33.5,32.4,32.6,33.3,33.8,33.7,32.2,33.3,33.2,33.1,34.4,33.8,34.8,34.3,34.0,33.8,34.2,33.6,33.4,33.2,34.2,32.6,33.0,33.0,33.3,34.0,32.4,34.1,32.7,33.3,33.0,33.8,33.5,32.4,32.9,33.2,33.3,33.3,33.0,32.6,33.6,32.7,34.9,34.4,34.2,33.0,nan,33.4,33.6,33.4,34.7,33.6,34.4,32.8,33.6,32.5,33.4,33.0,33.0,32.7,33.7,32.9,33.4,33.2,33.2,33.7,32.3,33.5,33.8,33.7,34.2,33.5,33.9,33.4,33.9,33.9,32.9,33.8,33.5,33.5,34.2,35.4,35.0,33.8,34.2,32.7,32.7,33.2,33.4,33.2,32.0,33.5,33.2,32.5,33.5,33.6,34.5,33.5,33.0,32.4,32.9,32.5,32.9,33.4,33.1,33.4,34.4,33.9,32.8,33.2,33.8,33.7,34.4,34.3,34.6,33.9,33.3,33.6,33.4,32.2,33.4,32.3,33.7,33.8,34.0,32.8,32.8,34.3,34.6,33.1,33.4,32.7,33.7,32.7,33.4,33.3,33.9,34.0,33.0,33.3,34.1,34.6,33.8,34.1,34.7,33.8,33.0,33.8,33.5,33.8,33.3,33.8,33.1,33.4,32.7,34.2,33.2,34.5,33.8,32.9,34.7,33.5,33.4,33.3,33.1,32.5,34.2,33.3,33.7,33.0,33.4,32.9,34.0,33.8,34.1,34.1,35.2,34.1,33.6,33.9,33.8,34.1,34.3,35.3,33.4,32.4,33.8,32.6,34.0,33.5,34.3,35.3,34.1,33.9,33.3,33.5,33.7,33.4,33.0,33.7,34.0,32.3,33.4,33.4,34.3,33.2,33.2,33.8,34.7,34.1,33.1,34.3,33.6,33.1,32.8,33.2,33.0,33.4,33.5,33.6,33.3,35.2,34.4,34.0,35.4,32.9,34.3,33.8,34.0,33.9,33.6,33.5,33.0,32.3,33.4,32.9,33.4,33.5,33.5,34.7,33.3,33.3,33.7,33.8,33.3,33.8,34.5,34.1,34.1,33.0,32.6,34.2,33.1,33.8,34.9,34.1,34.9
1785306888.8702397,2166,34.6,32.8,35.1,32.1,33.9,32.9,33.6,32.4,33.7,32.0,31.8,31.8,32.9,32.8,33.1,32.5,33.5,32.6,32.9,33.2,33.3,33.2,33.4,32.4,33.6,32.8,33.5,32.9,33.8,33.9,34.0,33.3,32.8,33.5,32.5,34.4,33.4,33.2,31.1,33.3,33.2,31.9,32.3,33.1,32.3,33.2,32.2,33.2,33.4,32.9,32.8,33.1,33.2,32.5,32.9,33.3,32.5,32.5,31.6,33.4,31.7,33.1,32.7,33.0,33.1,32.1,33.9,33.1,33.0,33.4,33.5,33.0,32.8,33.3,32.4,32.6,33.2,33.4,32.7,33.1,32.0,32.0,33.0,32.7,33.1,33.8,33.2,33.6,33.3,33.1,33.1,33.0,33.9,33.0,34.3,33.6,33.1,35.1,31.5,32.9,32.5,33.6,31.6,33.2,33.0,33.4,32.1,32.9,32.9,33.8,32.8,32.8,33.0,33.5,33.2,32.7,32.8,33.5,33.2,33.5,32.8,32.1,32.6,33.3,33.2,33.4,33.0,33.4,32.8,32.1,34.0,32.3,33.5,33.0,31.9,32.7,33.2,33.0,33.0,32.2,33.0,33.4,32.9,32.3,32.8,33.7,32.9,33.0,33.3,33.2,33.8,32.8,32.7,33.3,33.1,33.0,33.2,33.8,33.4,32.9,34.5,34.5,31.7,33.3,34.2,33.9,32.7,33.0,32.8,33.1,32.3,33.0,32.9,33.7,32.2,33.3,32.6,32.9,32.7,33.4,33.4,32.4,31.7,33.0,33.3,32.9,33.1,33.3,33.1,32.9,33.3,34.6,33.1,33.1,32.6,33.3,33.4,33.7,32.6,32.3,32.5,33.1,33.4,33.2,34.5,34.2,33.6,32.7,33.5,33.9,32.6,33.3,33.6,33.3,32.3,32.5,32.8,32.5,32.6,32.5,33.5,33.6,33.8,32.9,33.0,34.1,32.5,33.6,32.4,33.5,33.3,33.5,33.9,33.2,32.0,33.4,35.5,35.7,32.7,32.8,33.7,32.4,32.2,33.3,32.8,33.3,32.4,32.9,33.2,32.9,32.1,32.4,33.2,33.2,33.2,34.0,33.0,33.7,33.7,33.0,33.1,32.6,33.4,32.9,33.5,33.3,32.7,33.7,35.7,35.2,33.3,33.1,33.1,33.0,33.7,32.5,33.6,32.8,33.7,33.2,32.8,33.4,33.0,32.6,33.6,32.3,32.6,33.3,32.7,33.1,32.0,35.5,32.9,34.3,33.2,33.9,33.1,32.6,32.9,34.1,34.9,35.5,33.8,33.0,33.0,33.5,33.0,34.2,33.0,33.2,32.6,32.5,33.1,32.9,32.8,32.9,32.3,33.1,32.5,33.4,33.9,32.9,34.6,33.2,33.3,34.1,33.7,32.8,33.4,33.9,34.0,34.3,35.8,36.0,35.3,34.6,34.1,32.7,32.5,33.2,34.4,32.0,34.0,32.6,33.3,33.6,32.6,33.4,32.6,32.9,33.9,33.0,33.6,33.6,32.7,34.1,33.3,32.9,32.1,33.2,33.7,33.1,32.5,34.2,35.4,35.1,34.1,35.7,34.5,33.8,32.9,33.2,33.7,33.4,32.4,33.7,32.7,33.0,32.5,33.5,33.5,32.1,31.6,32.9,34.8,32.5,34.2,33.4,33.4,33.7,33.3,32.8,33.4,33.7,34.4,33.9,34.3,34.3,34.1,35.2,34.3,34.1,33.4,33.5,33.5,33.0,32.9,33.1,33.4,32.9,32.7,32.8,33.6,33.5,34.1,33.1,33.4,34.0,31.8,33.7,33.7,32.6,33.4,33.9,33.3,33.5,34.8,34.0,34.2,34.2,32.6,34.5,34.8,33.6,33.7,32.9,33.9,33.4,33.7,32.9,33.8,32.8,33.0,32.9,33.9,32.4,31.6,33.1,34.2,34.0,34.0,32.9,33.5,33.2,33.6,33.6,33.2,33.4,34.4,33.5,34.3,33.5,33.1,33.0,35.1,34.4,33.4,32.9,33.1,33.0,33.8,32.4,34.1,32.7,32.9,32.4,34.2,33.7,34.5,33.5,33.1,34.3,32.4,33.4,32.9,33.7,32.7,33.6,33.5,32.8,34.2,34.3,33.7,33.3,32.9,33.9,34.5,34.8,33.1,33.8,34.0,33.6,33.3,32.9,33.1,33.5,32.8,33.6,32.8,33.6,34.2,33.8,32.9,32.9,33.5,32.9,33.0,33.0,33.1,33.1,34.0,34.0,33.4,33.1,34.9,34.1,34.6,34.0,34.7,34.8,33.9,32.5,33.4,34.1,33.6,31.7,33.4,32.0,34.2,32.9,34.6,33.3,33.7,33.2,32.5,33.8,31.9,33.6,33.2,33.4,33.0,33.6,33.5,34.2,33.5,33.7,33.9,nan,33.7,34.2,35.2,34.2,32.9,33.7,33.0,33.9,33.2,33.7,34.2,33.3,32.1,33.1,34.7,32.9,33.6,33.5,34.1,33.7,34.5,32.5,34.2,34.1,32.7,33.3,33.5,33.5,34.1,34.4,33.6,34.4,34.3,34.1,34.8,34.3,33.6,34.0,33.4,33.1,32.8,32.7,33.0,33.0,33.6,34.1,33.4,33.5,34.8,34.2,32.3,33.7,33.2,33.7,33.2,33.4,32.4,33.8,34.0,34.2,33.0,33.5,34.1,33.7,33.7,34.5,34.7,34.1,33.4,34.3,33.7,32.9,32.8,33.9,33.7,33.8,33.4,33.4,34.1,34.1,33.0,34.1,34.4,34.4,33.7,34.9,33.4,32.6,34.2,33.3,34.1,33.9,32.5,33.6,33.9,34.1,33.9,33.8,34.1,34.4,33.7,32.7,34.2,33.4,34.6,33.2,33.7,33.0,33.4,33.7,33.0,33.8,34.3,34.0,33.4,33.3,33.2,33.6,32.8,33.9,32.7,34.0,32.8,34.0,33.2,33.8,34.4,34.1,34.4,35.1,34.6,33.7,33.2,33.8,33.2,33.3,34.0,34.2,34.1,34.0,34.1,33.6,34.3,33.8,32.0,35.8,33.6,34.3,34.7,34.0,34.1,34.3,33.6,33.4,32.4,33.1,33.5,32.7,34.2,34.4,33.9,33.2,34.1,34.1,34.4,33.2,33.9,33.2,33.9,32.7,33.9,33.7,33.5,33.5,34.3,33.9,35.2,34.4,33.0,33.3,32.3,33.9,32.4,33.2,32.7,33.9,32.8,33.3,32.7,32.9,33.1,32.5,33.2,33.9,34.3,34.6,33.6,33.4,34.1,32.8,33.5,33.2,33.9,34.2,33.3,33.0,33.7,34.0,33.1,34.8
1785306891.0297146,2167,32.5,32.1,32.9,33.4,33.1,31.8,32.8,33.1,32.6,33.2,33.1,32.9,34.3,33.0,34.3,33.0,32.8,33.4,32.4,33.8,32.2,32.7,33.2,33.3,32.0,33.3,33.5,33.4,33.5,33.5,33.1,33.7,33.2,33.4,33.6,32.1,33.3,32.4,33.3,33.2,33.9,32.2,31.8,32.8,32.7,33.1,33.4,34.0,32.9,32.2,32.8,32.2,33.1,32.5,32.8,33.2,33.1,32.0,32.8,32.9,33.4,32.7,33.1,34.1,33.0,33.7,32.6,33.4,32.2,33.7,33.6,33.0,32.5,33.7,31.9,33.4,32.2,32.9,32.4,33.3,32.9,33.0,32.0,32.1,32.4,32.8,32.8,32.4,33.5,33.2,31.4,33.9,33.6,32.6,33.2,34.9,33.2,32.3,33.2,33.7,33.2,33.2,33.3,33.3,33.2,32.7,32.9,32.6,32.6,32.3,32.8,32.9,34.6,33.6,33.2,33.1,33.0,32.2,32.2,33.0,33.3,33.5,32.7,32.8,33.5,31.8,34.0,33.7,32.9,33.1,33.2,33.5,32.2,32.8,32.5,32.9,33.0,33.1,32.5,33.0,32.3,33.2,33.5,33.9,32.4,32.9,33.2,33.1,33.0,33.2,33.3,33.0,32.4,32.4,33.1,32.9,32.7,32.5,32.4,32.6,34.4,33.2,34.2,32.8,33.3,33.9,32.8,32.9,32.9,32.8,33.0,33.0,32.9,32.6,33.4,32.6,33.6,33.1,32.4,32.8,33.0,33.4,33.2,32.9,32.5,32.8,33.4,32.3,32.8,32.4,32.3,33.0,32.8,34.1,32.9,34.2,32.0,33.4,32.5,33.2,32.9,33.5,33.7,33.5,34.2,34.1,32.6,33.4,32.7,33.0,32.9,34.2,33.0,32.6,32.2,32.7,33.0,33.0,32.3,33.3,33.0,33.0,32.8,34.2,33.8,34.4,33.6,34.5,32.9,32.7,32.9,32.8,32.9,33.2,33.2,33.3,35.6,34.3,33.8,33.2,32.9,32.7,33.3,33.4,33.7,32.7,33.6,33.5,32.2,32.4,34.0,32.1,32.7,32.1,33.7,32.6,33.3,33.1,32.6,32.8,32.4,32.2,33.5,33.3,32.4,33.3,32.1,34.5,34.9,34.3,32.8,33.9,32.8,32.9,33.6,33.3,33.1,33.2,32.6,33.3,31.9,32.8,32.7,33.4,32.7,32.9,32.7,33.6,33.3,32.2,33.7,33.2,34.0,32.9,33.0,32.9,33.2,32.6,33.8,33.8,35.7,35.7,33.8,34.3,33.0,33.2,33.0,33.2,32.9,33.4,33.1,33.5,32.6,33.0,33.6,33.7,33.1,32.8,32.8,33.5,32.1,33.6,33.9,33.6,32.6,34.2,32.7,33.5,33.3,33.1,33.4,34.5,34.7,35.2,35.1,35.4,34.1,33.0,32.8,33.0,32.7,33.8,32.8,33.1,32.7,32.8,31.9,33.6,33.2,33.4,33.6,33.7,34.3,33.1,34.2,32.2,33.3,32.8,33.9,33.4,33.4,32.5,33.8,34.0,34.7,34.2,35.0,34.5,35.0,33.2,32.9,33.6,32.4,32.8,33.1,33.4,33.0,32.8,33.4,32.8,33.6,33.6,33.8,33.3,31.9,34.2,32.9,34.1,32.2,33.4,33.2,33.7,33.6,33.1,33.7,34.7,34.1,33.3,34.6,34.3,33.5,33.4,33.5,33.7,32.5,33.5,33.1,33.0,33.1,32.1,33.7,33.6,33.2,33.6,33.7,34.1,34.1,33.7,33.2,32.5,33.2,32.8,33.6,33.6,33.2,33.0,34.0,35.2,33.6,33.5,33.9,34.6,34.5,33.6,33.7,32.9,32.8,33.3,32.7,33.2,33.8,32.9,33.0,33.1,33.0,32.9,34.2,33.4,34.1,34.8,32.7,33.7,33.0,33.1,33.5,34.0,32.9,32.8,33.8,34.3,34.3,33.3,33.0,34.0,35.0,34.1,32.8,33.9,33.1,32.7,33.1,33.0,32.6,33.5,33.3,33.6,33.3,33.9,33.7,32.7,33.4,32.6,33.7,33.1,32.8,32.8,33.1,33.5,32.5,33.0,33.7,33.9,34.4,33.4,33.9,34.7,34.1,33.6,33.7,34.0,33.1,33.1,33.2,33.4,32.8,33.0,34.0,33.5,33.0,32.9,33.4,33.1,32.6,33.6,33.1,33.6,33.5,33.6,33.7,32.6,33.4,33.6,33.8,34.0,33.9,33.8,34.0,34.2,33.5,33.5,33.0,34.0,33.1,34.2,32.9,33.8,33.1,33.3,33.2,33.6,33.0,33.1,32.5,33.7,33.6,32.5,34.0,33.5,32.2,33.6,33.8,33.1,32.8,33.5,33.4,34.4,33.8,nan,33.9,34.1,34.2,33.3,33.9,32.8,33.7,33.7,33.5,32.5,33.0,32.8,33.5,33.3,33.3,34.0,33.0,33.2,33.9,32.6,34.2,34.3,32.9,33.1,33.1,34.6,32.4,33.4,34.3,34.6,33.3,33.8,34.8,34.2,34.0,32.8,33.1,33.3,33.1,34.0,32.9,33.6,32.7,32.5,33.9,33.8,32.9,33.1,33.8,34.1,34.1,32.5,34.3,33.7,33.5,32.9,34.1,33.5,33.4,32.7,33.7,34.0,33.2,33.1,33.9,34.7,34.8,34.4,34.1,33.8,33.8,33.3,32.9,33.2,32.6,32.4,34.0,34.0,34.3,33.4,34.7,33.4,33.8,34.0,33.7,34.3,33.1,33.0,33.0,33.3,32.7,33.7,34.0,34.3,34.6,34.2,34.6,35.7,33.8,33.8,32.9,34.0,33.1,33.8,33.8,33.4,33.9,33.6,34.1,33.4,34.1,32.6,33.5,35.1,34.1,33.2,34.4,33.5,33.8,34.2,34.4,34.3,33.0,33.0,33.6,34.0,33.6,34.3,33.9,34.3,34.4,32.4,33.7,34.0,33.4,33.6,34.4,33.9,32.9,33.3,33.2,33.8,33.7,34.3,34.9,33.9,34.4,34.2,34.8,33.9,33.2,33.5,32.9,34.6,32.7,33.9,32.1,34.0,33.6,34.3,33.8,34.3,33.2,33.4,33.2,34.1,33.6,33.5,33.0,33.7,32.8,32.8,33.4,34.7,34.0,33.4,34.2,34.7,33.8,34.3,33.8,32.9,33.5,33.8,33.9,33.4,33.3,32.8,34.0,33.4,33.3,33.8,34.0,33.4,34.1,34.3,33.1,33.1,32.9,33.8,33.4,33.8,33.8,32.8,34.8,33.1,34.8,34.2,33.4,35.1
1785306893.472605,2168,33.1,33.5,31.9,34.9,33.1,33.0,32.8,32.3,31.9,33.0,33.1,33.9,30.7,32.4,32.2,33.4,32.4,32.1,33.0,33.6,32.4,32.1,32.5,33.1,33.4,32.7,32.5,33.2,33.2,33.1,34.1,33.7,33.5,32.8,32.8,33.1,33.1,32.6,34.0,32.4,31.9,33.0,33.9,32.8,32.9,32.2,32.1,32.0,32.2,32.0,32.7,32.8,33.1,32.7,31.8,33.6,33.4,33.2,33.4,32.6,33.4,31.6,32.1,33.9,32.5,33.0,33.3,34.8,32.5,33.1,32.2,33.4,32.9,32.6,32.1,33.2,31.6,31.7,32.7,32.9,33.8,33.0,32.2,32.6,33.5,32.5,33.4,32.4,32.4,33.4,33.0,33.9,34.0,32.4,33.9,34.2,32.9,32.8,33.9,32.6,33.2,32.0,33.5,32.3,32.8,32.3,33.4,32.4,33.0,32.3,32.8,32.9,32.4,32.9,32.5,32.7,32.9,32.3,32.9,32.8,32.5,32.9,33.5,33.6,33.1,33.5,32.8,34.4,33.4,32.4,32.8,32.8,32.0,32.2,32.3,33.7,32.2,33.3,32.9,33.2,33.2,32.4,33.1,32.9,32.9,32.6,32.3,33.3,32.2,33.1,32.4,33.9,33.5,32.2,32.7,32.5,33.3,32.9,32.0,33.5,33.7,32.3,32.2,32.1,32.5,33.0,33.0,32.1,32.9,33.3,33.2,32.3,32.6,33.3,34.3,32.8,32.8,33.6,33.8,32.5,32.5,33.3,33.3,33.2,31.6,32.6,33.4,32.2,32.8,34.2,33.2,33.0,31.9,33.0,32.5,33.4,32.4,33.2,32.5,33.2,32.8,32.3,33.3,33.0,34.2,34.2,32.9,33.0,32.7,33.0,32.8,33.8,33.8,32.5,32.2,33.1,32.7,32.7,32.3,33.7,32.1,32.8,33.6,32.7,33.1,32.5,34.0,31.9,32.5,33.4,33.3,32.8,33.7,32.7,33.4,33.1,35.3,34.9,33.8,33.2,33.1,33.4,32.5,32.7,33.5,32.5,32.9,32.6,32.1,33.0,33.5,33.2,32.9,32.1,33.9,33.0,31.6,32.9,31.9,34.0,32.8,33.5,32.4,33.7,32.7,33.2,32.2,34.2,35.7,34.1,33.2,33.6,32.8,33.2,33.1,32.8,32.3,32.7,33.3,34.1,33.0,32.8,32.7,33.7,33.8,31.8,33.5,33.0,33.0,33.0,33.5,33.0,33.5,32.9,33.9,33.9,32.7,32.8,33.8,33.0,35.0,35.1,34.4,33.2,33.2,32.4,33.5,33.1,32.6,32.3,33.0,32.4,32.1,34.0,32.7,33.5,32.6,33.2,33.8,32.5,32.3,33.4,33.3,33.8,33.0,33.3,33.1,33.2,33.3,33.6,33.7,34.8,34.9,35.5,35.4,35.7,33.2,33.8,33.0,33.2,32.1,32.2,32.4,32.3,32.7,33.3,33.3,33.8,33.0,33.0,32.2,33.7,33.3,32.6,33.6,33.0,34.2,32.8,32.5,33.1,32.9,33.3,34.3,34.5,35.5,34.5,35.3,34.2,34.1,34.0,33.7,33.3,33.4,33.7,33.0,33.2,32.3,33.0,33.1,33.0,32.9,33.4,31.6,33.7,33.0,33.6,33.3,33.7,32.9,33.4,32.3,33.7,33.1,32.3,33.9,34.9,34.8,33.7,33.0,35.1,34.0,32.6,33.1,32.4,33.7,33.4,33.8,33.1,33.1,33.0,33.0,34.3,35.7,33.4,33.2,33.7,32.0,33.1,33.2,33.0,33.4,32.4,33.6,33.1,33.2,32.8,33.3,32.9,33.6,33.9,33.7,35.4,33.9,33.8,33.1,33.1,33.6,32.6,33.4,32.6,32.8,32.5,33.0,33.7,33.4,32.9,32.6,34.0,33.4,33.4,32.9,33.1,33.0,33.3,32.6,34.0,33.3,33.1,34.1,34.3,34.8,33.2,33.2,33.9,33.2,33.4,33.3,33.9,33.8,32.4,33.5,33.1,32.9,33.1,32.6,33.2,33.7,31.9,34.3,33.9,33.0,33.8,33.8,32.5,32.6,33.2,33.3,32.8,33.0,32.7,34.4,34.0,33.0,33.6,34.0,34.3,34.4,34.1,33.3,33.2,33.9,33.3,34.4,33.8,33.7,33.0,33.6,33.3,33.4,33.3,33.4,33.1,31.3,33.0,33.3,33.2,32.4,33.1,32.6,34.1,33.1,32.9,34.6,34.1,34.7,34.0,34.0,34.5,33.6,34.3,33.2,33.0,33.1,32.4,33.5,32.9,33.3,32.9,32.8,33.5,35.0,33.3,33.4,33.5,33.2,32.0,34.0,33.3,32.9,32.1,33.4,32.9,32.7,33.9,34.9,33.5,33.5,nan,33.2,33.8,34.9,33.1,33.2,33.3,33.7,33.4,33.7,32.7,32.5,33.7,33.3,33.0,33.3,33.2,34.4,34.2,33.7,32.6,33.5,33.4,33.5,33.6,32.0,33.9,33.2,32.7,34.1,34.6,33.0,33.3,34.2,34.3,35.6,34.5,33.3,33.2,33.0,33.2,33.4,33.1,32.5,33.1,33.7,33.2,34.4,33.3,35.5,34.7,33.2,33.0,33.0,33.9,32.5,32.5,32.7,33.3,32.9,33.2,35.1,34.2,34.5,33.4,34.2,34.4,33.8,33.5,34.4,34.3,33.1,32.7,33.4,33.6,32.3,33.8,33.4,33.3,32.8,33.4,34.3,33.3,34.7,32.5,32.5,34.3,32.9,33.2,33.5,33.7,33.1,32.3,32.9,33.6,34.0,33.0,34.8,34.2,34.2,32.6,33.9,34.5,33.6,33.5,34.3,33.8,33.0,32.7,33.1,33.8,33.9,33.8,34.6,33.6,33.2,33.8,33.7,33.7,31.7,33.2,33.3,33.3,32.8,32.1,33.9,33.3,33.9,34.1,35.1,33.8,34.1,33.3,34.2,33.3,33.0,33.6,33.9,33.0,32.6,33.5,34.0,33.5,33.3,33.9,34.5,35.0,33.2,33.3,34.1,34.3,33.6,33.7,33.7,32.7,33.4,33.4,33.2,34.1,33.2,33.6,35.0,34.0,33.4,33.3,33.7,34.3,33.6,32.9,33.7,33.7,34.1,33.0,33.0,33.3,33.8,32.9,34.9,35.4,33.3,33.6,33.3,32.9,33.1,33.6,32.8,33.5,33.4,33.2,32.7,33.1,32.6,34.2,34.0,33.3,33.6,33.3,34.0,33.1,32.9,33.2,33.9,33.6,33.6,33.9,34.2,33.3,33.0,34.5,33.9,34.0
1785306895.6282785,2169,33.4,32.1,32.9,33.4,33.6,33.0,33.5,33.5,33.0,33.0,32.3,33.3,33.7,33.0,32.4,33.6,33.2,31.7,33.0,32.8,32.8,33.0,32.3,32.9,32.8,32.5,31.6,33.8,33.5,32.2,33.1,34.0,31.6,33.4,33.6,32.6,33.1,32.8,32.9,33.0,32.3,33.1,33.0,32.6,32.2,32.9,33.0,32.9,31.8,32.4,33.2,33.5,32.1,32.9,33.0,32.4,33.0,31.8,33.4,33.1,32.9,32.3,33.8,32.9,33.5,32.0,33.3,33.2,32.7,32.7,33.2,33.2,32.3,32.8,31.9,33.8,33.2,33.1,32.4,33.8,32.8,33.5,33.1,33.5,32.6,32.8,33.0,33.1,32.8,32.8,31.8,32.5,33.8,33.1,32.0,33.2,33.2,35.2,32.7,33.5,32.8,33.0,34.1,33.9,32.6,32.5,32.0,32.0,32.1,32.7,32.6,32.2,33.6,32.4,33.2,32.5,32.5,32.5,32.8,32.8,33.5,32.6,32.9,33.2,33.9,31.8,33.3,33.1,34.1,32.6,33.4,33.5,33.6,31.4,32.5,33.5,32.2,32.0,32.0,33.7,32.7,32.4,32.6,32.7,33.2,33.4,32.8,33.1,32.5,32.0,33.3,32.7,33.1,32.2,32.9,32.3,32.5,34.3,33.5,34.6,33.7,33.7,32.7,33.2,33.3,33.0,32.8,32.1,32.7,32.6,33.4,31.8,33.3,32.9,33.9,33.3,33.6,33.1,33.1,33.0,32.8,32.6,33.3,33.1,33.2,32.8,32.2,32.9,32.0,33.4,32.8,32.7,33.2,33.0,32.5,33.0,32.7,32.4,33.4,33.1,32.4,32.6,32.1,33.7,33.6,34.1,32.6,34.3,33.3,33.2,32.8,33.3,33.6,32.3,33.0,34.3,32.8,32.0,33.1,33.3,33.4,32.9,32.4,33.4,33.1,33.1,33.8,33.5,32.1,32.5,32.8,33.0,33.2,33.9,33.1,32.8,35.3,34.3,32.5,33.2,32.9,32.7,32.9,32.7,33.5,32.8,32.8,32.1,33.1,31.9,32.8,32.3,33.5,32.9,33.3,32.6,33.5,34.2,33.6,33.6,33.4,33.2,32.6,33.5,33.7,32.7,32.2,33.6,35.4,35.7,33.5,34.3,33.0,33.2,32.8,33.6,33.5,33.0,32.8,33.6,32.4,32.8,32.7,33.2,33.8,33.1,33.5,34.0,33.0,33.4,34.1,33.8,33.5,32.9,33.9,33.4,33.8,32.9,33.6,33.2,34.5,34.9,33.8,34.7,33.5,32.6,33.7,32.3,32.4,32.9,33.0,32.7,33.0,33.0,32.9,33.7,32.8,33.2,32.8,33.5,32.9,33.0,33.7,34.6,32.3,33.3,33.3,33.5,33.9,33.1,33.5,35.4,35.1,35.4,34.7,35.0,33.7,33.1,32.8,32.9,32.9,32.3,33.1,33.5,33.2,33.6,32.3,33.6,33.0,33.2,32.0,33.9,32.9,33.1,32.6,32.8,34.2,33.0,32.9,32.9,33.5,33.5,34.5,34.2,35.0,34.3,35.0,34.5,33.9,33.7,31.6,32.8,32.8,32.6,32.6,32.5,32.8,33.0,33.3,33.2,33.0,33.0,34.0,33.9,34.7,33.2,32.9,33.5,34.0,33.3,32.6,33.5,33.9,33.6,34.4,34.7,33.8,34.1,34.0,35.0,34.9,33.7,32.5,32.9,33.8,33.4,32.3,33.1,33.8,32.1,33.7,33.1,34.8,32.6,32.6,32.3,33.5,33.5,33.4,33.2,33.4,32.8,33.3,33.1,34.0,34.5,34.5,34.0,33.9,34.7,33.3,34.7,35.8,34.7,33.7,33.4,33.1,33.4,33.1,33.7,33.1,33.2,32.7,33.8,33.8,33.0,33.4,33.6,33.2,34.0,33.5,34.3,32.8,32.4,33.5,33.7,33.4,33.6,33.8,34.5,33.7,33.7,33.7,33.5,34.2,34.3,33.3,33.4,32.8,32.7,33.3,33.1,33.1,33.3,33.0,33.4,33.5,33.0,33.7,34.3,34.0,33.8,33.7,33.5,33.1,33.0,33.3,33.3,33.4,32.8,33.9,34.5,34.2,33.8,33.9,34.4,34.1,34.3,33.5,33.5,33.4,33.0,34.4,33.3,33.2,31.6,34.1,33.1,32.9,32.9,34.4,33.3,33.5,33.8,33.5,33.8,33.5,33.1,33.2,33.4,33.6,33.6,34.1,34.5,34.3,34.1,34.0,34.2,33.6,33.8,32.8,33.5,33.5,33.4,32.8,33.3,33.8,33.1,33.7,33.3,33.2,33.0,33.6,34.1,32.6,32.9,32.8,33.7,33.3,32.9,33.4,33.3,32.8,33.7,33.4,33.4,33.6,nan,34.0,33.8,33.8,34.7,33.2,34.0,33.4,34.1,33.2,32.9,33.7,33.2,34.0,33.2,33.6,33.6,35.2,34.8,32.9,33.2,32.5,33.8,33.1,33.1,33.0,33.9,33.1,33.1,33.8,34.3,33.7,34.1,33.3,34.5,34.0,34.0,33.8,34.2,33.6,33.0,33.2,34.3,32.2,32.5,33.2,34.7,33.1,32.8,34.4,32.9,34.1,33.8,34.3,33.1,33.8,32.5,33.8,33.5,33.0,33.2,34.8,34.2,33.3,34.8,33.9,34.6,34.9,34.8,33.8,33.0,33.8,33.1,33.4,33.7,33.5,32.2,34.7,33.1,32.8,33.2,34.5,33.6,33.6,33.8,33.5,33.3,32.7,33.0,33.5,33.7,32.9,34.3,32.9,34.7,34.3,35.0,34.6,35.0,34.5,34.1,33.6,34.2,32.6,33.0,33.4,33.8,33.4,33.9,34.4,33.6,33.7,33.6,33.7,34.0,32.8,33.8,34.0,33.1,33.5,33.8,34.3,34.1,33.5,33.9,34.3,34.2,33.8,33.9,34.4,34.5,34.4,32.8,33.7,33.8,32.4,33.1,33.2,32.5,32.9,32.6,33.0,33.5,33.1,33.9,33.8,33.7,34.4,34.4,33.7,34.3,34.0,32.1,31.9,34.4,33.0,33.0,33.0,34.1,35.2,33.1,33.4,34.3,33.9,33.6,33.4,34.3,33.2,33.3,33.6,33.5,33.4,33.4,34.0,34.9,33.8,33.8,34.9,34.7,33.3,32.9,34.0,33.3,32.4,32.6,33.5,33.4,33.3,33.2,33.1,33.4,35.2,33.8,34.0,33.8,32.6,34.2,34.3,33.5,33.6,33.6,32.2,33.0,33.0,34.3,33.8,34.1,33.8,34.5,33.6,35.4
1785306897.2950134,2170,34.7,33.5,32.7,32.2,33.8,32.5,32.6,32.9,33.6,33.8,33.3,33.1,33.0,33.0,32.8,33.0,34.1,32.7,33.0,33.8,33.7,32.9,31.7,32.3,34.8,33.5,31.6,33.4,33.9,33.1,33.3,32.2,34.0,32.1,33.1,33.8,33.3,33.0,31.2,32.8,33.5,32.6,32.2,33.4,31.8,32.9,32.5,32.6,32.9,32.6,33.4,33.3,33.1,32.0,33.8,33.0,33.0,32.8,33.4,34.4,33.8,33.0,33.6,34.1,34.0,35.2,32.9,32.9,33.7,32.9,33.0,33.3,32.5,33.7,32.8,32.7,34.1,33.4,32.9,33.3,32.6,32.8,32.2,33.3,33.3,33.5,32.3,32.9,33.9,33.4,33.6,33.5,33.2,33.3,32.7,33.7,33.9,34.0,31.8,33.9,33.0,33.2,33.7,32.5,33.6,33.3,32.9,33.1,33.4,32.8,32.5,32.9,33.1,33.2,32.7,34.1,33.1,32.4,31.8,32.8,33.1,32.9,32.5,34.6,32.6,32.1,33.3,33.8,34.3,34.3,31.0,33.5,33.2,32.8,33.1,32.9,33.2,33.3,32.9,32.5,33.3,32.4,33.2,32.6,32.7,33.3,33.3,33.6,33.2,33.8,33.6,33.4,33.9,33.5,33.5,33.1,33.9,33.5,33.3,33.5,33.5,33.9,33.1,33.6,32.3,32.4,33.4,33.1,32.9,33.5,32.8,32.9,33.4,34.3,33.1,32.8,33.2,33.5,33.1,33.8,33.3,33.4,32.3,33.8,33.4,33.4,33.4,34.5,33.6,33.4,32.8,33.6,35.0,33.7,32.7,33.6,33.7,33.9,32.9,33.6,33.6,33.5,33.0,33.2,34.7,34.4,33.0,33.1,32.9,33.3,32.3,32.0,33.1,33.3,32.4,32.9,33.0,33.4,33.1,32.4,34.2,32.5,32.4,33.6,33.6,34.4,32.8,33.7,32.3,33.6,33.0,32.3,33.2,33.4,33.1,33.5,35.3,35.7,33.0,33.9,33.1,33.5,33.0,33.6,33.5,32.0,33.1,33.3,33.3,33.7,33.3,33.2,34.4,32.1,33.5,33.7,34.4,33.8,33.6,33.4,33.9,34.3,32.2,33.3,33.1,33.2,32.4,33.2,36.5,35.9,33.6,33.6,33.5,33.5,32.8,33.5,33.6,34.0,33.0,32.8,33.6,32.8,33.1,33.7,33.3,34.3,32.1,32.5,33.9,34.1,33.3,33.4,32.7,33.5,32.2,34.4,33.7,33.5,33.8,33.2,35.3,35.1,33.0,33.6,33.7,33.2,32.7,33.4,32.8,32.5,34.0,33.6,32.3,32.8,32.5,33.7,33.9,34.1,32.0,34.3,33.8,33.6,33.5,33.0,33.7,33.8,32.4,33.4,33.6,33.8,34.5,34.3,35.9,35.7,34.6,34.3,33.8,33.5,33.3,33.5,33.4,33.2,33.4,33.0,33.7,33.0,32.6,33.6,33.5,32.6,33.6,33.7,33.3,33.3,32.6,33.4,33.1,33.0,33.6,33.8,33.5,34.0,34.6,34.7,36.1,35.1,34.5,34.8,33.6,33.6,32.6,33.3,33.7,33.1,33.1,32.4,32.8,33.2,32.9,33.2,34.5,32.9,33.4,32.7,36.0,33.4,32.3,33.7,34.4,34.0,33.4,33.2,33.3,33.9,35.4,34.1,34.9,34.5,34.5,34.7,34.9,34.3,32.7,33.9,33.5,33.7,33.2,33.0,34.6,34.0,32.4,33.3,34.1,33.7,32.6,34.1,33.5,33.1,33.4,34.2,33.6,34.1,33.4,32.6,33.7,33.5,34.5,33.7,33.6,33.9,33.9,33.3,34.4,33.8,33.3,32.6,32.9,33.1,34.1,32.9,33.7,33.5,32.7,33.5,34.1,32.9,33.4,32.4,34.3,34.0,33.9,33.5,34.1,33.8,34.0,33.5,34.1,33.0,34.1,34.6,33.7,33.8,33.3,34.3,35.4,33.8,33.0,33.7,33.6,34.2,33.3,33.0,33.6,33.6,33.4,33.4,34.1,33.8,33.2,34.3,33.4,34.2,33.9,34.3,33.0,33.4,33.8,33.8,33.2,33.0,34.2,34.1,34.4,33.9,33.6,33.8,35.3,34.3,33.3,33.7,34.1,33.9,33.2,33.9,34.0,32.7,34.3,34.2,32.9,32.3,33.6,34.7,33.7,34.2,32.3,33.6,34.8,32.5,34.1,34.3,34.1,34.3,35.0,33.8,33.6,33.7,34.9,34.0,34.3,34.8,33.5,33.4,34.1,33.7,32.8,33.6,33.6,34.8,33.0,33.5,34.3,34.7,33.6,33.1,33.0,33.3,32.2,32.3,33.8,32.9,33.3,33.3,33.9,33.9,32.9,34.7,34.9,nan,33.6,33.4,34.2,34.6,33.7,34.0,33.4,32.9,33.2,33.4,32.5,34.0,33.6,32.6,34.2,33.0,33.6,32.8,35.0,33.2,32.9,32.8,33.7,33.8,32.8,34.2,33.6,33.2,34.0,35.0,33.7,33.3,34.2,33.8,34.5,34.8,33.1,33.7,34.0,33.4,33.4,32.9,33.4,34.3,33.0,33.1,34.2,33.9,33.8,33.9,34.6,33.8,33.5,33.0,33.3,33.2,33.4,34.0,33.2,33.4,34.8,34.2,34.0,35.1,33.9,33.9,34.3,34.8,33.8,34.6,33.4,34.3,33.9,33.7,32.8,33.7,32.9,32.8,33.8,33.0,33.5,34.2,34.0,33.2,32.9,34.5,34.3,34.4,33.5,33.4,33.4,33.6,33.6,35.0,35.0,34.7,34.3,35.2,34.9,33.5,33.9,33.7,34.0,33.8,33.4,34.1,33.4,34.0,33.9,34.0,34.5,33.9,34.2,34.3,33.7,34.7,34.4,34.8,32.9,33.8,32.6,34.3,33.5,33.2,34.0,33.9,34.8,34.1,34.1,34.5,34.9,33.8,33.9,33.5,33.4,33.6,31.7,33.4,33.0,33.7,34.2,34.0,33.9,34.3,34.9,34.4,33.5,33.3,32.4,34.1,33.2,33.6,33.7,33.5,34.1,33.8,33.6,32.7,34.5,33.9,33.2,33.3,34.6,33.5,33.0,33.5,34.0,34.4,33.6,33.0,34.5,33.9,33.8,33.9,34.0,34.0,34.2,34.3,33.6,33.9,34.0,34.2,33.5,33.6,33.2,33.6,34.4,33.2,32.9,34.2,34.4,34.5,34.5,33.8,34.9,33.5,34.3,33.7,34.0,33.8,32.8,33.6,34.3,34.3,34.0,33.9,33.4,34.5,33.4,35.8
1785306901.6700282,2172,33.6,33.8,33.0,33.0,32.5,33.0,31.9,33.4,32.6,33.4,32.1,32.7,32.4,32.3,32.2,32.6,32.5,33.4,32.4,33.2,33.0,32.9,32.3,32.7,32.6,32.9,32.2,32.3,34.6,32.2,31.6,32.7,32.7,32.6,34.3,32.1,33.1,32.4,32.1,32.4,32.7,33.0,31.8,32.0,32.8,31.8,32.3,32.4,32.8,32.8,33.4,33.0,32.0,32.5,32.8,32.6,33.4,33.8,32.6,33.7,33.4,33.0,33.9,32.1,32.8,34.5,32.6,33.6,33.1,33.1,32.0,33.1,33.5,33.9,31.5,33.4,32.0,32.6,31.5,32.1,32.2,32.6,31.3,33.2,33.0,31.6,33.2,32.4,33.2,33.0,31.6,33.7,33.2,32.2,31.8,33.5,33.2,32.8,31.8,32.6,32.1,30.5,32.3,32.5,33.6,32.3,32.7,31.3,33.0,32.7,32.1,32.5,32.8,31.7,32.7,31.7,32.5,33.0,32.2,31.9,33.1,33.1,32.7,33.0,32.7,32.0,32.2,33.7,33.6,32.7,32.1,33.5,33.0,33.6,31.7,32.2,32.7,32.6,32.3,33.5,33.2,33.1,32.0,32.9,33.2,33.1,32.7,33.4,32.9,32.7,32.6,33.2,33.7,33.0,33.1,33.3,33.1,33.1,32.2,32.6,34.0,32.8,32.2,32.1,32.7,32.6,32.0,32.5,33.6,33.2,32.3,33.4,33.1,32.3,32.6,32.8,33.8,33.8,32.3,32.6,31.8,33.1,32.3,32.7,33.2,32.5,32.4,32.7,32.4,32.8,32.3,32.5,33.0,33.2,31.5,33.6,33.1,33.2,32.7,32.9,33.1,33.3,33.2,34.9,34.4,33.4,32.6,32.5,33.5,32.7,32.8,33.7,33.1,32.3,31.7,32.2,33.5,32.4,33.2,31.6,33.2,32.3,33.2,33.0,33.4,33.3,32.6,32.9,32.9,33.2,32.6,32.8,32.0,33.2,34.2,34.8,34.6,34.1,33.4,32.2,32.8,31.8,32.2,32.6,33.6,33.2,33.0,32.6,31.7,32.1,32.2,32.9,33.7,32.5,33.1,31.1,32.9,33.4,32.4,33.5,32.8,33.0,32.1,33.9,31.5,33.9,34.5,34.9,35.4,34.0,32.7,33.2,33.3,33.5,32.1,33.0,33.0,32.9,32.1,32.6,32.9,32.8,32.4,32.8,33.6,33.0,32.9,33.8,33.5,33.4,32.7,32.8,33.3,32.7,32.5,32.7,34.7,32.6,33.8,34.3,34.3,35.1,33.4,32.9,32.9,33.2,32.5,32.8,33.2,33.1,32.7,32.9,32.5,33.0,32.2,32.0,32.8,33.5,31.2,33.3,33.3,32.6,32.3,34.2,33.9,33.5,31.3,33.0,33.1,34.3,33.9,35.1,34.9,34.6,34.7,34.3,33.0,32.9,33.0,33.4,33.8,32.2,32.1,32.5,33.7,32.8,32.1,31.9,32.6,32.3,33.8,33.7,32.9,32.4,33.0,32.0,33.3,33.0,33.4,32.7,32.4,34.5,34.3,33.2,34.7,33.7,34.5,33.9,33.1,33.1,33.1,32.6,32.3,32.4,32.0,34.0,33.0,33.4,32.6,33.0,33.2,33.6,32.7,32.7,34.1,33.2,32.1,32.9,33.3,32.2,31.8,33.5,33.6,34.6,33.9,35.1,34.5,33.7,33.0,34.2,34.0,33.2,32.8,32.9,33.2,32.7,32.8,32.0,33.8,33.2,32.6,32.7,33.7,33.6,32.4,33.3,34.0,32.7,31.9,32.5,33.0,33.0,33.1,33.1,33.8,34.0,33.8,32.7,33.8,33.6,33.6,34.3,33.1,32.8,32.6,33.1,33.1,32.9,32.9,32.7,32.3,33.0,32.7,32.8,32.7,32.9,32.9,32.6,33.4,32.8,33.3,33.4,33.0,33.1,33.7,33.2,34.6,34.6,32.7,33.2,34.5,33.4,33.2,34.5,34.0,33.2,32.8,32.6,33.8,33.4,33.0,32.8,33.6,32.6,33.7,32.7,33.7,33.4,32.5,33.3,33.0,32.8,34.1,33.5,33.0,32.7,33.1,33.1,34.4,33.8,33.9,32.9,33.8,33.3,33.7,33.8,34.3,34.3,33.5,33.6,32.9,32.7,31.9,32.4,33.0,32.8,32.7,32.6,32.9,33.6,32.4,32.7,33.0,31.9,32.3,33.0,34.0,32.4,32.8,33.0,34.8,34.3,32.8,34.0,34.6,34.3,33.2,33.5,34.6,33.9,32.8,33.5,33.6,33.0,33.0,32.1,33.3,33.3,32.8,32.4,33.2,33.0,34.0,33.7,32.4,33.1,33.2,32.3,33.7,33.8,32.6,32.9,34.1,34.2,32.9,33.0,34.1,nan,33.2,32.6,34.1,34.1,32.9,32.5,33.3,33.1,32.9,32.7,33.1,33.3,33.7,32.2,33.3,33.2,33.1,34.0,33.9,32.4,33.1,34.0,33.1,33.1,34.2,34.1,33.6,33.9,33.6,34.1,34.0,33.3,33.2,35.0,34.8,33.8,33.6,33.0,33.2,33.4,33.4,33.6,32.7,32.5,34.4,34.0,33.1,34.7,34.4,32.7,33.0,32.5,33.3,33.1,33.3,32.5,33.1,32.4,34.3,34.2,33.6,32.8,33.5,34.1,33.4,32.9,34.5,33.3,33.1,33.0,32.5,33.4,32.9,32.9,32.8,33.3,33.1,33.1,34.3,33.6,33.3,33.4,33.8,33.8,33.3,33.1,32.5,32.3,32.4,33.4,32.9,33.9,33.1,34.0,34.3,33.5,33.1,35.4,34.0,33.0,33.4,33.5,33.1,34.4,31.3,33.1,32.1,33.8,32.7,34.2,32.9,33.1,32.6,33.2,33.0,33.2,34.0,33.3,32.7,33.0,32.6,33.0,33.2,33.2,33.1,33.9,33.6,34.1,33.8,34.0,33.8,33.1,33.1,33.3,33.1,33.1,33.4,33.2,33.1,33.3,32.2,33.7,34.1,33.5,33.0,34.6,33.2,32.9,32.3,34.3,33.4,33.2,32.3,33.1,33.0,33.4,33.0,34.0,34.1,32.2,32.2,34.3,34.1,34.0,33.6,32.9,33.8,32.8,32.6,32.8,34.1,32.6,33.0,32.8,33.8,34.2,34.2,32.6,32.2,32.9,34.0,33.1,32.9,32.8,33.0,33.5,33.6,33.7,33.7,33.6,33.8,33.5,33.3,33.4,33.1,34.7,32.9,33.1,33.4,33.1,33.6,32.8,34.0,33.5,32.8,32.9,32.8,33.8,33.4,33.5
1785306903.7242875,2173,33.6,33.1,34.0,33.8,32.5,33.3,33.2,32.8,32.8,33.3,33.1,32.6,32.2,32.6,33.3,33.3,33.0,32.6,32.6,33.3,33.7,34.1,33.6,33.4,33.0,33.6,33.3,32.8,33.3,33.4,33.6,34.9,33.6,32.9,33.7,33.8,33.4,32.2,33.0,33.2,33.8,32.8,32.9,33.5,33.2,32.9,33.3,33.7,33.0,33.5,34.1,33.0,32.8,32.2,33.1,33.4,32.9,32.0,32.2,34.2,32.8,32.1,33.5,34.4,33.8,33.4,32.6,32.8,33.1,34.1,33.8,32.4,33.5,34.0,33.2,33.0,32.7,33.0,32.6,33.2,33.5,33.6,32.9,33.3,32.6,33.5,33.6,32.1,33.2,33.3,32.6,33.0,32.7,33.2,34.6,32.9,34.3,33.3,33.1,34.6,33.3,32.6,33.4,33.1,32.9,32.9,33.4,32.2,33.3,32.5,34.0,33.7,32.7,32.7,33.3,32.9,33.0,31.8,33.4,32.1,33.6,33.3,32.4,33.4,33.8,33.1,32.7,34.0,32.7,34.1,32.6,33.6,33.2,33.9,32.5,33.0,32.5,33.5,33.2,33.1,32.8,33.3,33.2,33.2,33.2,33.4,33.7,32.9,32.7,33.3,32.0,33.5,33.1,33.4,32.5,34.0,33.3,33.6,32.7,34.0,34.1,32.8,33.4,33.4,31.6,33.3,34.2,32.9,33.1,32.8,34.0,32.9,33.4,34.3,33.7,33.5,33.6,32.3,33.5,32.3,33.2,32.9,32.6,33.1,32.8,33.7,32.9,32.6,33.5,33.0,32.9,33.4,33.5,34.0,33.3,33.1,32.9,33.7,33.4,33.9,32.6,33.8,33.7,34.3,35.2,35.8,33.3,32.4,33.0,33.3,32.9,33.9,33.0,32.9,32.7,33.4,32.7,33.7,32.5,32.9,34.0,33.2,33.4,33.3,34.6,32.7,33.1,33.7,33.4,34.0,33.1,33.9,33.2,33.1,33.7,33.6,36.3,35.4,33.1,32.9,33.3,33.1,33.0,33.2,33.2,32.5,34.1,33.1,32.9,32.8,33.4,32.7,32.4,32.5,33.8,33.4,33.3,33.7,33.6,33.2,32.6,33.8,33.5,34.0,33.9,33.6,33.4,33.2,35.7,34.7,33.5,34.1,33.0,33.9,33.1,32.9,32.8,33.3,32.8,32.7,31.9,33.4,33.6,33.8,33.1,33.6,33.1,33.3,33.8,32.0,33.6,33.2,34.0,32.7,33.1,33.6,34.1,32.4,34.2,34.0,35.8,35.3,34.2,34.5,33.0,33.1,33.9,33.1,32.9,33.4,32.9,33.0,33.3,33.2,32.6,33.3,33.6,33.4,34.5,33.1,33.6,33.9,32.7,34.1,33.4,34.1,33.3,33.1,33.4,33.7,34.5,34.7,35.2,35.2,34.4,34.4,33.8,34.9,33.3,33.6,33.2,33.3,32.8,32.4,32.4,33.1,32.6,32.7,32.4,33.7,33.0,33.4,34.0,33.1,35.1,33.8,33.6,32.4,32.8,33.6,34.1,32.8,35.1,34.5,34.5,34.7,34.4,35.2,34.5,34.0,34.0,32.9,32.9,32.4,33.4,34.0,32.9,32.9,34.1,33.2,33.3,32.9,33.7,32.7,33.4,33.9,33.1,34.0,32.4,33.2,33.3,33.1,33.8,33.6,34.6,33.5,34.0,35.2,33.5,34.9,34.6,34.1,33.8,33.2,32.4,33.8,34.0,32.8,33.3,33.6,34.4,33.7,33.5,33.7,33.4,33.0,34.1,32.7,32.5,33.8,33.5,33.7,33.4,34.0,33.4,33.0,34.8,34.4,33.9,34.2,34.2,33.3,34.9,33.3,33.4,34.1,33.5,32.8,33.0,33.1,34.3,33.0,33.0,33.1,33.3,32.9,32.6,34.4,34.5,33.5,34.7,32.3,33.4,34.1,34.6,33.8,33.3,34.2,34.6,34.4,34.3,33.6,33.5,33.3,34.0,35.7,33.1,34.1,33.1,33.9,34.1,33.3,32.6,32.9,33.2,33.3,33.4,33.3,33.6,33.2,33.5,34.0,33.6,33.5,33.4,32.8,33.1,33.8,34.3,34.7,35.0,34.2,34.2,33.1,33.4,33.5,34.7,34.4,34.4,33.5,33.0,33.8,34.0,33.4,34.3,33.0,33.9,33.5,33.7,33.8,34.5,33.7,33.9,33.9,32.9,34.5,32.7,33.6,33.9,34.4,34.1,34.5,34.5,34.7,33.9,35.2,34.6,34.4,34.0,34.7,34.0,33.1,33.3,34.0,33.5,33.6,32.9,33.0,32.8,33.6,34.1,34.4,33.0,33.2,33.6,33.9,34.3,33.7,34.3,33.4,33.2,33.4,34.1,33.0,33.3,34.2,33.7,nan,34.5,34.1,34.5,34.3,33.8,34.9,33.5,34.2,33.7,34.1,33.5,33.0,33.0,33.5,33.8,33.8,33.4,33.8,34.4,33.5,34.0,33.5,32.9,34.7,33.1,34.4,33.6,34.0,34.5,34.7,33.5,34.3,34.0,34.3,34.2,35.2,33.8,34.1,33.3,33.6,33.6,33.5,33.2,34.1,33.5,33.9,33.5,34.4,35.1,34.0,34.0,33.4,33.8,34.1,33.0,33.2,34.1,34.2,33.7,33.4,34.7,35.2,34.7,33.0,34.4,34.2,34.5,34.3,33.9,33.5,33.9,33.1,32.8,33.4,33.6,33.1,33.4,33.5,34.1,32.4,33.4,34.2,33.3,34.4,33.8,34.0,33.3,32.9,32.8,34.2,33.1,34.0,33.6,34.9,33.6,34.5,34.3,34.1,34.9,34.3,33.6,34.4,33.3,33.1,33.6,33.0,33.1,33.5,34.1,34.3,34.7,34.2,34.8,33.5,34.5,32.7,34.1,33.9,32.2,33.8,33.1,33.4,32.8,34.4,34.6,34.6,34.6,33.4,33.9,34.8,34.2,33.3,34.0,33.6,34.4,33.9,33.5,33.7,33.8,34.2,32.9,33.9,33.3,33.9,33.9,34.8,32.5,33.6,33.9,33.3,33.4,34.1,33.5,32.8,32.8,34.4,33.4,33.7,34.3,34.6,34.1,34.3,33.8,34.8,33.7,34.1,33.8,34.1,34.5,33.3,33.5,34.2,33.6,33.8,34.0,33.7,35.1,35.0,34.4,33.6,34.1,34.4,33.6,33.4,33.3,33.2,33.2,32.7,34.1,34.3,34.1,34.7,33.8,33.4,33.9,34.2,33.5,34.0,34.1,32.6,34.4,34.5,33.9,33.9,34.1,34.5,34.3,33.8,33.5,34.9
1785306905.9210749,2174,34.4,32.4,33.4,33.7,33.8,31.6,33.0,33.3,32.3,32.8,31.5,33.5,34.5,32.2,33.1,33.3,34.1,32.8,33.1,32.6,32.2,32.5,31.9,33.1,32.6,32.6,33.5,33.4,33.5,32.8,32.8,33.2,32.9,34.7,33.5,32.4,33.3,33.2,33.3,33.6,32.5,33.5,33.3,32.6,32.7,33.1,33.2,32.9,32.9,33.8,33.0,32.9,33.2,32.9,32.8,33.8,32.9,32.6,33.2,33.7,33.1,32.9,33.3,33.3,33.0,32.2,32.4,33.4,32.9,32.9,33.6,33.8,32.7,32.2,33.0,32.7,33.9,32.4,33.1,32.7,33.1,32.2,33.2,32.4,34.0,32.3,33.0,34.0,33.7,33.4,32.8,33.7,34.6,32.6,33.2,34.1,33.1,34.5,32.3,33.4,32.5,33.8,32.7,32.5,33.0,33.4,31.4,32.2,33.2,33.0,33.3,33.4,32.9,34.6,33.0,33.4,32.5,33.0,33.3,32.4,33.2,33.3,32.5,33.8,33.9,32.0,33.3,34.4,34.8,32.4,32.3,33.5,33.8,32.6,32.3,33.5,33.9,33.1,32.5,33.7,32.6,32.7,32.8,32.7,33.5,32.6,32.8,34.3,33.0,33.4,32.9,33.0,33.7,33.1,32.9,33.6,33.1,33.7,32.2,35.2,32.5,35.3,33.9,33.4,35.5,33.3,32.0,32.5,33.2,33.7,33.3,32.7,33.4,32.9,33.6,33.3,32.1,33.3,33.2,33.5,32.1,34.4,33.7,33.6,32.5,33.3,32.8,33.5,32.2,33.6,33.4,33.6,33.7,32.7,33.1,33.8,33.5,32.8,33.6,32.5,33.6,33.1,33.5,33.4,36.1,35.0,33.1,33.4,33.9,33.2,33.2,33.8,33.6,34.1,32.9,34.3,33.2,32.9,33.0,33.1,33.0,33.4,33.4,34.2,32.0,34.4,33.8,34.3,32.1,32.8,32.8,33.2,33.2,33.5,33.2,34.0,35.7,35.7,34.0,33.7,33.4,33.7,33.5,32.7,33.4,34.0,33.4,33.1,32.6,33.5,32.9,33.6,32.9,32.9,33.7,34.0,34.2,33.1,33.4,34.0,33.2,33.3,33.1,33.1,34.2,33.0,33.0,33.4,36.5,36.0,33.8,33.6,33.6,32.7,33.6,33.3,33.4,33.5,33.4,33.3,32.9,33.3,33.6,33.0,34.0,32.9,33.1,33.1,33.2,34.5,34.1,32.6,33.1,33.4,32.7,33.7,33.2,33.9,32.9,33.8,34.6,35.6,34.0,34.0,33.7,33.4,33.5,33.2,32.6,33.6,34.4,32.7,32.5,34.2,33.0,32.9,32.8,32.6,32.3,33.7,33.5,32.1,34.3,32.4,33.9,33.2,32.7,33.9,33.1,34.2,34.8,34.8,35.7,34.8,34.6,34.6,33.6,32.2,33.6,33.2,34.0,32.0,32.1,33.3,33.5,32.8,32.6,33.1,32.6,33.5,33.0,34.3,33.5,33.7,34.2,34.1,33.5,32.9,31.6,33.2,33.5,34.6,34.6,33.7,35.3,35.9,34.9,33.9,33.6,33.5,33.5,33.4,33.1,33.9,33.3,33.3,34.3,33.8,32.9,33.0,33.0,33.9,34.0,32.1,34.5,32.6,32.7,34.1,34.2,33.1,33.2,33.3,33.7,33.8,34.9,34.6,34.9,33.7,33.8,33.8,35.6,33.3,33.4,32.7,33.8,33.7,32.5,33.5,33.2,33.0,33.9,33.8,33.0,32.8,32.1,34.1,34.5,35.1,32.4,34.2,32.6,33.3,33.1,33.3,33.8,33.7,34.5,34.3,33.6,33.4,33.2,34.7,34.7,34.9,33.2,32.8,32.9,33.7,33.9,33.2,34.0,33.4,33.4,34.0,33.9,33.9,34.0,33.8,34.3,33.6,34.3,33.5,33.5,33.5,34.5,33.5,34.4,34.1,34.4,33.5,34.4,34.0,33.2,33.2,34.5,33.5,33.1,34.2,34.1,32.5,33.1,33.0,33.6,32.8,34.0,34.1,33.7,33.4,33.9,34.1,33.0,34.8,33.2,33.9,32.7,33.9,34.2,34.0,33.7,35.0,34.5,33.4,34.2,34.9,33.2,33.9,34.2,35.0,33.6,33.8,32.9,33.0,33.9,33.2,33.1,33.7,32.7,32.6,33.4,33.6,34.0,33.4,34.3,34.2,33.5,33.5,34.0,32.7,33.0,33.2,33.9,32.9,33.9,34.6,34.4,33.3,33.6,34.3,34.1,34.6,33.6,34.5,33.8,33.7,32.8,33.3,34.3,32.9,33.0,33.3,34.3,33.3,33.7,33.7,32.8,33.3,33.6,32.7,33.2,34.8,32.7,34.3,32.6,33.9,33.5,34.7,34.7,nan,33.2,33.1,34.1,34.6,33.0,33.3,32.7,33.4,34.4,33.0,33.5,33.3,33.3,32.8,33.8,33.6,33.6,34.8,34.3,33.8,33.1,34.3,33.7,33.4,33.1,33.9,34.6,33.7,33.9,34.5,34.3,33.6,34.1,34.1,34.8,34.8,33.5,33.3,34.0,33.5,32.7,33.6,33.7,33.9,33.5,34.1,34.2,34.5,34.0,33.9,34.5,34.4,33.4,33.7,32.7,34.1,32.7,34.4,33.5,34.2,34.4,34.5,34.1,34.1,33.6,33.9,34.4,35.2,34.7,34.0,33.6,33.2,34.0,34.4,33.9,33.5,33.8,33.5,33.7,34.5,34.1,34.0,34.2,33.1,33.9,33.1,32.7,33.6,33.5,33.5,33.6,33.4,34.1,35.0,35.0,34.2,33.8,34.6,34.5,33.6,33.2,33.8,34.4,33.0,32.9,33.6,33.9,33.2,32.9,34.1,34.6,33.2,34.8,34.7,33.2,34.9,34.8,33.7,32.7,34.7,32.6,33.5,33.1,34.4,33.1,34.4,34.1,34.1,34.4,35.1,33.7,34.6,33.2,34.0,32.3,34.4,32.4,32.8,32.6,34.0,33.0,33.6,33.3,34.1,35.3,35.0,33.9,33.7,33.9,33.2,33.8,32.9,33.1,33.6,33.7,34.1,33.7,33.9,35.0,33.7,33.4,33.8,34.1,33.2,33.4,34.5,33.6,32.0,34.1,33.3,33.3,33.3,34.0,32.9,33.8,34.2,34.4,35.6,31.4,33.6,33.3,34.0,32.4,34.4,33.3,33.9,33.4,34.1,35.0,33.4,33.6,34.1,34.1,33.6,33.8,34.3,33.8,34.0,33.0,34.1,33.7,34.7,33.9,34.4,34.4,34.1,33.4,34.4,35.0,34.9
1785306908.01045,2175,34.2,33.5,33.5,34.2,33.4,33.0,33.2,33.7,33.6,31.6,32.1,33.7,33.7,32.1,32.8,33.0,33.2,32.3,32.0,33.6,33.0,32.6,32.5,33.3,32.4,33.7,33.3,33.6,33.9,32.6,33.1,33.7,32.9,33.1,33.8,33.3,33.9,32.6,33.1,33.0,33.1,33.1,32.6,33.5,31.8,33.1,33.2,33.3,32.4,32.4,33.4,33.0,32.9,31.8,32.0,33.2,32.7,32.6,32.7,33.3,34.5,32.5,32.3,32.6,31.7,32.0,33.1,33.6,33.9,33.5,32.4,33.4,32.5,32.2,32.6,33.6,33.1,33.1,31.7,33.3,32.2,33.0,32.6,33.1,32.6,32.5,33.4,33.7,33.3,32.2,33.0,33.7,33.8,32.0,34.1,34.1,33.2,31.9,33.2,32.8,32.7,32.4,31.7,33.3,33.2,33.2,33.1,32.9,31.7,32.7,33.1,32.0,33.2,32.5,33.5,32.7,31.8,33.0,32.9,32.8,33.1,32.7,33.1,33.0,33.0,32.7,32.8,33.7,33.1,34.3,33.4,34.6,32.0,32.0,32.5,33.3,32.9,32.5,33.2,33.5,33.2,32.5,33.7,33.2,32.7,32.9,33.0,33.1,33.2,33.4,33.1,33.5,33.1,33.1,33.9,33.2,33.1,32.9,32.4,33.9,33.2,31.9,33.3,32.5,33.3,32.4,33.9,33.1,33.0,32.8,32.6,33.2,33.8,32.8,33.4,32.7,33.3,33.6,32.1,33.1,32.8,32.1,33.3,32.9,33.2,32.5,33.4,32.4,32.4,33.2,33.4,33.6,32.3,33.2,33.3,34.6,32.2,33.9,31.8,33.2,33.1,32.3,33.2,33.9,35.2,34.9,33.6,33.4,32.9,33.2,33.4,33.7,33.1,32.1,32.5,34.1,33.0,33.0,33.8,32.9,32.3,34.2,33.2,33.6,32.7,32.9,34.4,33.1,32.7,32.5,32.9,31.7,33.4,33.4,33.5,34.1,34.8,35.6,34.6,34.7,32.4,32.7,33.8,32.9,33.7,32.8,32.6,32.9,32.6,32.8,34.4,33.1,33.6,32.3,33.5,34.3,33.5,34.2,33.2,34.4,32.6,33.3,32.9,33.7,33.6,33.0,32.4,33.7,35.4,35.2,33.8,33.8,32.8,33.2,32.6,32.8,32.3,34.0,32.9,33.4,32.9,32.8,33.3,33.0,32.3,33.3,32.9,33.4,32.8,32.4,34.1,33.4,33.5,33.3,32.7,33.7,34.0,32.9,33.7,33.5,34.8,35.7,34.3,34.3,33.5,32.4,33.2,33.4,32.7,33.4,33.1,32.9,33.0,32.8,32.5,33.3,33.1,32.8,32.8,33.5,33.1,34.0,33.3,34.4,32.8,33.1,32.7,33.5,33.3,32.7,34.4,34.8,35.4,34.6,34.6,34.6,33.6,32.9,33.5,32.6,33.4,33.8,33.1,33.5,32.4,33.3,33.0,33.6,32.4,32.4,32.4,33.1,33.7,32.8,33.4,33.6,33.5,34.0,33.4,32.6,33.2,33.5,34.6,34.2,34.0,34.5,34.6,34.5,34.2,32.9,33.7,32.6,33.1,33.3,32.3,33.9,32.8,32.8,33.1,33.5,33.4,33.4,33.6,33.7,33.2,33.4,32.1,33.5,33.8,34.0,33.7,33.2,33.4,33.3,34.2,35.2,34.0,33.5,34.3,35.1,34.8,34.0,33.3,33.5,32.5,33.4,33.1,34.5,33.3,32.5,33.3,34.1,33.2,33.0,32.4,33.9,34.3,33.5,33.2,32.5,32.8,33.3,33.1,33.3,33.6,33.0,33.8,34.4,34.1,33.8,34.2,33.1,33.9,33.9,33.9,33.6,33.4,33.3,33.2,32.7,33.6,33.0,34.3,33.1,33.0,33.8,34.0,33.2,33.7,33.4,33.3,34.7,32.3,32.9,33.7,34.4,33.1,32.8,34.0,34.0,33.2,33.8,33.8,33.4,34.3,35.2,33.5,33.7,33.3,32.9,33.6,33.5,33.4,32.9,33.2,33.7,33.7,32.5,33.9,33.9,33.6,32.4,33.6,33.5,32.4,32.5,33.5,33.5,32.8,32.8,33.9,33.1,34.2,33.6,33.5,34.3,34.5,33.8,33.8,33.6,33.1,32.7,33.9,32.6,33.2,32.5,34.0,34.0,33.9,33.8,34.0,33.7,33.9,33.4,32.7,33.6,34.0,32.9,31.9,33.0,33.7,34.2,34.5,34.5,34.6,34.6,34.4,34.2,33.8,34.5,33.5,33.5,33.0,33.7,33.5,32.6,32.9,32.6,33.5,33.1,33.9,32.6,33.0,33.9,33.6,33.7,33.4,33.9,32.7,33.6,33.6,33.3,33.5,33.4,33.7,34.9,34.1,nan,33.5,33.4,34.4,34.1,33.5,34.6,33.6,33.7,33.0,32.9,32.7,31.8,33.1,33.2,32.7,34.0,34.2,34.6,34.1,33.6,32.9,33.9,32.4,33.6,33.1,34.0,33.4,33.7,34.4,35.0,34.0,33.3,33.7,34.5,34.0,34.8,33.6,34.3,32.8,33.3,33.8,33.4,32.7,32.9,33.7,34.0,33.8,34.1,34.4,33.3,34.3,31.9,33.8,32.7,32.7,33.4,33.4,34.2,34.1,33.5,35.1,34.7,34.0,33.8,34.5,34.2,34.7,34.4,34.4,34.1,33.4,32.9,33.4,33.6,33.3,33.7,33.6,34.0,33.9,33.4,33.5,34.8,33.6,34.5,33.1,34.1,33.3,32.8,33.3,34.2,32.7,33.9,33.3,34.3,34.5,34.8,34.6,34.7,33.8,33.1,33.8,33.5,32.9,33.0,34.0,33.4,32.9,32.5,33.1,33.6,33.1,34.2,33.3,34.7,34.3,34.3,33.3,33.9,33.1,32.8,33.1,32.8,34.0,32.3,34.6,34.4,34.6,33.6,34.3,35.0,34.4,33.8,33.7,34.3,33.9,33.9,34.8,33.0,34.0,32.9,33.0,33.5,34.5,33.9,33.4,35.4,33.2,32.8,32.1,33.9,33.0,34.1,32.3,33.8,32.8,32.3,32.7,33.8,34.3,34.4,33.2,34.0,33.2,33.1,33.2,34.5,32.7,33.4,33.6,33.9,32.8,34.1,33.8,33.9,34.2,33.8,33.7,34.9,32.9,33.9,33.8,34.0,32.8,32.6,33.3,34.5,33.2,32.6,34.3,33.6,34.2,33.3,33.3,34.1,33.6,34.5,33.6,33.8,33.9,32.7,33.0,33.4,32.8,33.7,32.8,33.3,33.6,34.5,32.9,35.4
1785306910.3694184,2176,34.0,34.4,32.8,32.8,31.9,34.2,34.4,32.2,32.5,33.9,33.0,32.0,32.9,33.3,32.7,32.7,32.5,33.3,32.7,33.7,32.9,32.4,32.2,32.4,31.9,34.0,32.3,33.3,33.1,33.4,34.2,33.3,35.1,33.7,33.4,33.7,33.6,32.0,34.3,32.7,34.6,32.7,32.3,32.7,33.6,32.7,33.7,32.6,33.7,33.0,33.7,32.9,33.7,33.0,32.9,32.3,32.7,33.1,33.1,33.0,34.1,33.7,33.2,33.0,32.3,35.3,32.7,33.9,31.0,33.4,33.1,32.3,32.0,33.4,32.9,33.5,32.3,33.4,32.5,32.3,32.9,33.8,32.8,33.1,32.7,33.6,33.7,33.6,32.5,33.3,32.9,32.6,32.4,32.7,32.4,34.5,34.7,32.9,32.8,32.9,33.3,32.1,33.0,32.8,33.9,33.2,33.4,32.5,33.8,32.9,32.7,32.6,33.9,33.2,33.6,33.5,33.3,32.4,33.0,32.2,33.7,32.5,32.2,33.9,33.4,32.8,33.2,33.4,33.5,34.1,31.7,33.2,31.0,34.1,32.8,32.6,33.0,33.2,32.1,33.1,32.4,33.7,33.2,33.0,32.5,33.5,33.9,33.0,32.6,34.0,33.2,33.6,33.2,34.0,33.0,33.2,32.6,34.2,33.6,33.3,34.0,32.2,32.7,33.7,34.0,33.2,33.1,33.5,34.4,32.0,33.8,33.5,33.5,32.4,33.9,32.4,33.6,32.1,33.2,33.1,33.7,32.2,33.8,33.5,32.9,33.1,32.9,33.2,34.5,33.9,32.9,33.1,32.6,34.4,33.0,33.5,32.8,33.8,33.3,33.3,33.0,33.7,34.1,33.1,32.4,33.3,33.0,33.0,31.8,33.1,33.0,33.8,33.2,33.7,33.3,33.0,32.9,33.3,33.3,32.5,33.1,34.5,34.4,33.5,34.6,33.0,34.5,33.2,32.6,33.9,32.9,32.9,33.8,33.5,33.7,33.7,33.3,32.9,33.4,33.1,33.0,33.3,33.4,33.2,33.5,33.4,32.9,32.9,33.5,33.1,33.2,33.7,34.5,33.0,33.2,33.7,33.2,33.9,33.1,33.7,33.1,34.4,32.9,34.0,32.5,33.1,35.8,35.0,33.6,33.4,32.6,32.7,33.1,33.8,32.9,33.4,33.6,33.3,32.4,32.9,32.5,33.9,33.4,32.7,32.8,34.0,33.2,33.3,34.2,34.4,33.8,32.7,34.1,32.8,34.0,33.5,33.4,32.5,35.2,36.5,34.6,34.1,33.4,32.8,33.9,32.8,33.1,33.3,33.3,32.9,33.1,33.6,34.2,33.1,33.0,34.6,33.8,33.3,33.5,33.4,33.4,33.9,33.2,33.5,33.1,33.2,33.4,33.3,32.7,34.5,35.9,35.7,35.2,35.2,33.9,33.3,33.3,33.3,33.1,33.0,33.1,33.7,33.8,32.9,33.1,33.1,33.2,33.2,33.4,33.8,33.3,33.8,34.4,32.3,33.9,33.3,34.1,33.1,33.3,33.7,34.6,34.1,35.2,35.6,35.6,35.1,34.9,34.0,33.8,33.0,33.9,33.5,34.8,32.9,32.9,32.1,33.9,33.3,32.6,33.6,33.9,32.4,33.1,33.2,32.7,33.5,33.8,33.4,33.0,33.7,32.7,33.6,34.0,35.0,33.8,34.2,34.5,34.9,34.1,34.1,33.6,33.9,33.1,33.8,33.1,34.6,33.7,33.1,33.0,33.4,32.9,33.7,33.6,34.0,33.5,33.8,34.2,33.2,33.1,33.7,34.4,34.0,33.7,33.2,34.9,34.1,34.4,33.8,35.1,34.3,34.5,35.1,34.3,34.2,33.5,33.5,33.0,34.0,33.6,33.5,34.1,32.8,33.5,32.0,34.0,33.5,34.5,32.9,32.7,33.9,33.0,33.4,32.5,34.1,33.9,34.1,33.3,34.5,33.7,33.9,33.7,34.6,34.7,34.9,33.5,34.1,33.7,33.6,32.7,34.1,34.2,32.7,33.2,33.0,33.1,33.3,33.6,33.1,34.2,32.8,34.3,33.5,32.6,33.8,34.6,32.6,33.9,33.4,33.9,34.1,33.5,33.0,34.5,33.7,33.8,34.4,34.0,33.1,33.3,33.7,34.5,33.2,34.0,34.2,33.8,33.6,33.0,33.8,33.1,32.8,34.9,33.4,32.5,33.3,33.2,34.4,32.6,34.4,33.1,33.3,34.2,34.5,33.2,33.2,34.2,34.1,33.1,34.9,33.7,34.1,33.3,33.8,32.1,33.4,32.7,33.4,33.0,34.1,34.0,33.5,32.3,33.4,34.1,34.0,34.0,32.6,32.5,33.2,33.0,33.0,33.0,33.2,35.0,33.8,33.5,34.3,34.0,nan,33.3,34.2,34.8,34.0,33.7,34.2,33.8,33.8,33.5,34.5,35.5,32.9,33.7,32.9,33.9,33.5,33.5,34.5,33.4,34.3,33.2,34.6,33.0,34.1,34.1,33.6,33.3,34.5,33.7,34.7,33.3,34.2,33.6,34.1,34.2,34.1,33.6,33.6,33.1,33.8,32.8,33.7,33.7,34.4,34.0,33.7,33.7,34.0,34.5,33.8,34.0,32.6,34.8,33.0,33.9,33.1,33.3,34.1,34.9,34.2,33.8,34.0,35.5,33.4,33.8,35.2,34.9,32.7,34.0,33.4,33.5,33.0,32.3,33.7,34.3,33.6,33.7,33.9,34.4,33.5,33.6,35.1,33.2,34.8,33.6,35.0,34.5,34.5,33.6,33.3,33.4,34.4,33.5,34.7,34.4,34.1,34.7,34.6,33.1,33.9,34.5,33.9,33.4,33.9,34.0,33.0,33.0,33.7,34.0,34.0,34.2,34.3,34.2,34.6,34.4,33.5,34.0,34.2,34.1,33.1,33.6,34.4,33.4,32.6,32.8,34.7,35.4,34.5,35.2,34.9,34.2,33.0,33.8,34.2,34.3,33.8,33.4,33.8,33.6,33.8,33.3,34.5,34.2,34.0,34.6,35.5,33.6,34.3,34.7,34.6,33.1,33.8,33.4,33.4,33.8,34.2,33.7,34.1,33.7,34.4,34.2,33.4,33.9,34.2,32.9,33.5,33.9,33.6,33.6,33.4,34.2,33.1,34.3,34.2,32.4,34.7,34.1,35.5,33.2,33.3,33.4,33.7,34.6,33.1,33.3,34.2,33.4,33.5,33.2,33.5,36.0,33.2,32.8,33.2,33.5,34.3,34.6,33.2,34.4,33.3,34.2,33.3,33.9,33.4,34.5,33.8,34.1,34.6,34.0,35.7
1785306912.6219342,2177,33.1,33.2,32.9,31.7,32.7,33.4,32.6,32.0,33.6,32.4,32.6,33.1,32.6,33.0,33.7,33.0,32.1,32.8,32.7,32.8,34.1,32.6,32.4,32.7,33.2,33.7,33.3,32.5,33.2,32.8,32.8,32.9,34.5,32.3,32.8,32.3,33.0,33.2,32.7,33.2,32.9,33.3,32.5,32.6,34.5,32.7,32.5,32.9,32.4,33.1,32.8,33.3,33.4,33.6,31.8,33.0,33.7,33.0,31.5,33.1,33.8,32.9,32.6,33.8,34.2,33.7,32.6,32.7,32.2,33.5,33.6,32.0,32.3,32.9,32.8,31.8,32.9,33.4,32.7,33.1,33.4,33.3,32.9,32.2,33.1,33.9,32.6,31.6,32.2,33.6,33.0,32.7,32.7,32.8,31.3,33.2,33.6,32.3,31.8,33.2,32.5,32.6,32.7,32.7,33.9,33.4,31.8,32.4,31.9,33.0,32.3,32.8,32.9,33.7,31.8,32.9,32.0,33.4,32.2,32.6,32.7,32.9,33.1,32.7,34.3,33.5,33.1,33.9,32.6,33.8,33.2,32.4,33.2,33.2,32.7,32.0,33.2,33.2,33.2,31.7,33.7,33.2,33.0,32.4,33.4,32.7,33.0,33.1,32.7,32.7,31.8,32.6,33.8,33.5,32.7,33.0,31.5,33.7,34.0,32.3,33.9,33.0,32.4,33.0,33.3,33.1,31.8,32.7,33.4,34.0,33.2,33.0,33.1,33.7,32.9,33.3,33.3,33.3,32.9,32.9,33.6,33.4,32.8,33.0,33.7,32.4,32.4,32.5,33.8,32.8,32.5,32.5,33.7,34.1,33.7,32.6,32.5,33.7,33.2,31.2,32.9,33.8,32.3,32.8,32.9,33.9,33.7,33.1,33.1,33.2,32.6,32.7,33.6,33.3,32.8,32.5,33.3,33.2,33.6,33.1,34.0,34.2,33.0,31.8,34.0,33.3,33.2,33.1,32.1,33.0,32.7,33.0,33.0,32.7,32.9,33.3,33.2,34.1,33.5,33.0,33.2,33.0,32.7,32.7,33.8,32.2,32.4,33.4,32.7,33.5,32.4,32.5,34.4,33.3,32.7,32.6,33.3,32.9,32.3,32.8,32.8,33.0,33.1,33.3,33.9,32.5,33.0,32.9,34.6,35.8,34.7,33.1,33.3,33.6,32.9,33.4,33.6,32.5,33.4,32.6,32.9,32.7,33.4,32.8,32.3,33.1,33.1,33.3,33.9,34.0,32.1,33.5,33.5,33.4,32.8,32.7,33.5,32.9,32.4,33.0,34.0,34.9,33.9,33.7,33.3,33.5,31.9,33.9,32.9,33.6,32.1,32.5,33.3,33.1,32.7,33.6,33.1,33.1,32.7,32.9,33.1,33.6,32.5,32.6,33.5,33.6,33.1,32.5,32.4,33.6,33.4,33.6,34.7,36.0,34.6,34.1,33.2,33.7,32.8,32.2,33.8,32.6,33.1,33.0,33.5,32.8,32.9,32.6,34.0,33.2,33.9,31.8,33.9,33.9,32.0,33.4,33.7,33.7,32.5,33.1,34.3,33.4,33.3,34.2,35.1,35.1,34.8,34.7,33.9,32.9,32.2,33.1,33.1,33.6,32.5,33.7,33.9,33.0,32.3,32.8,32.8,32.8,32.8,32.5,34.7,34.2,33.1,32.9,33.3,33.4,33.8,33.0,33.1,33.9,34.2,34.7,34.4,35.1,33.6,33.0,34.3,33.8,32.3,32.4,33.0,33.8,33.1,32.6,33.6,32.5,32.9,33.2,33.9,33.3,32.5,32.3,33.9,33.7,32.2,33.0,33.7,33.7,31.8,33.6,34.1,33.3,32.8,34.0,33.7,33.9,34.5,33.9,34.2,34.2,32.7,33.6,32.4,33.1,33.2,32.7,33.1,32.8,32.1,33.3,33.9,33.4,31.2,33.6,32.6,34.2,33.3,33.1,33.3,33.8,32.9,33.5,33.4,33.8,34.1,34.5,33.5,34.1,33.6,32.5,34.5,34.3,33.4,33.0,33.6,34.1,33.1,32.3,33.8,33.8,33.0,33.0,33.9,33.0,34.3,32.5,33.6,33.8,33.0,32.9,33.6,33.2,33.1,34.0,32.5,33.1,34.2,33.5,33.9,33.9,33.4,33.3,35.2,34.2,32.6,33.0,34.0,33.3,32.5,32.6,33.0,33.1,32.3,33.7,33.7,33.4,33.2,33.4,33.6,33.0,32.7,33.1,34.5,34.3,33.5,33.7,33.4,33.6,33.8,32.4,34.4,34.4,34.4,33.5,34.4,35.1,33.5,33.2,33.0,33.7,33.1,32.2,32.7,33.1,33.5,31.4,33.5,33.7,33.5,34.1,32.8,32.9,32.4,33.3,33.4,33.9,32.7,32.9,33.7,33.3,33.2,34.0,33.9,nan,33.5,33.6,34.2,33.8,32.6,33.1,33.9,33.4,32.3,32.9,34.0,33.0,32.4,33.0,34.2,33.0,33.0,33.4,33.9,33.0,34.3,33.1,33.7,33.6,33.7,32.8,32.2,34.6,33.6,34.3,33.5,33.8,33.6,33.5,34.6,33.6,33.8,33.0,33.1,33.8,33.4,32.5,33.2,32.9,33.1,33.8,33.4,33.7,34.8,33.7,33.2,33.8,33.2,33.1,33.6,33.4,32.5,33.5,34.4,33.3,33.4,34.9,33.8,33.8,33.6,34.0,34.2,34.4,32.7,34.1,33.6,34.1,32.1,33.7,33.7,32.9,31.9,33.3,33.7,33.6,34.3,34.4,34.4,34.0,33.1,34.7,33.1,33.4,32.0,33.0,33.4,33.7,33.4,32.9,33.8,34.8,33.7,34.1,34.8,33.1,34.1,33.1,33.1,33.6,33.4,32.5,32.7,33.6,33.3,32.6,33.8,33.6,34.1,33.8,33.2,33.1,33.3,33.7,33.4,33.4,33.3,34.1,33.0,33.4,31.6,34.2,34.8,34.6,32.5,32.9,34.1,34.1,33.5,32.7,33.0,34.2,32.1,33.9,32.4,32.9,33.0,32.7,33.7,34.1,32.9,35.0,32.7,34.9,33.0,33.6,33.4,33.3,33.1,33.1,33.2,33.2,33.0,32.9,33.7,33.9,32.8,33.6,34.3,33.1,33.2,33.8,33.4,33.6,33.5,32.9,33.1,33.5,34.0,33.3,34.2,34.4,35.1,34.7,32.6,34.3,32.9,33.3,32.4,33.2,32.0,33.3,33.4,33.9,33.4,33.9,34.8,33.6,33.6,34.1,33.9,33.8,33.4,33.6,33.6,34.1,32.8,33.2,33.6,33.9,33.2,33.9,33.2,33.8,33.6,34.9
1785306914.8858747,2178,33.9,33.2,32.4,33.7,32.7,31.8,33.0,32.3,32.6,33.2,31.9,32.5,33.2,32.2,31.8,33.2,33.0,32.6,32.6,33.8,33.7,32.5,32.5,33.5,33.0,31.6,32.9,33.2,33.0,32.8,32.6,34.0,33.4,31.2,33.5,32.6,32.2,31.9,32.2,33.2,32.7,33.3,32.7,33.0,32.2,32.0,33.4,31.8,32.0,32.6,32.5,33.3,32.5,32.7,32.8,32.8,33.3,32.2,33.2,33.3,33.6,31.6,33.6,34.6,34.5,33.0,32.4,32.2,31.6,32.5,33.0,33.2,33.1,32.4,32.1,32.7,32.3,32.5,32.9,33.6,32.4,33.3,32.5,33.6,33.1,31.7,32.7,32.7,33.3,32.2,32.4,33.7,33.1,32.8,33.0,33.2,33.4,33.8,33.0,33.0,33.6,33.0,33.3,31.7,32.6,32.9,32.2,32.6,32.8,32.5,31.6,32.1,32.4,32.9,33.7,32.4,32.2,33.0,33.5,33.7,32.7,33.5,32.9,33.4,33.0,32.5,33.3,32.6,33.8,33.1,32.8,32.6,34.4,32.4,31.9,32.5,32.5,31.3,33.6,32.8,33.2,32.5,32.8,33.0,33.7,32.9,32.8,33.6,32.9,32.7,32.9,32.8,33.5,32.9,32.7,32.5,32.3,32.7,33.1,34.1,32.8,33.2,33.1,33.4,31.1,33.1,33.3,33.0,32.5,32.8,33.2,32.5,31.9,32.1,32.9,32.8,33.0,32.5,32.1,32.8,33.3,32.6,32.1,32.0,32.5,32.6,32.2,32.7,32.2,32.8,33.0,32.9,33.2,32.3,33.1,33.2,33.1,32.4,32.3,32.1,33.1,33.1,32.3,32.2,32.9,32.4,32.8,32.6,32.8,33.2,33.1,32.5,33.3,32.6,33.2,32.7,33.3,32.2,32.9,33.7,33.2,31.2,32.8,33.1,32.9,32.9,33.6,34.3,32.3,33.2,32.9,32.6,33.2,32.9,33.2,33.0,34.6,34.3,33.3,32.1,33.2,32.7,33.0,32.7,33.0,34.0,33.4,32.6,33.3,32.3,33.3,33.2,33.3,33.7,32.9,33.2,32.5,33.1,32.5,33.0,33.2,32.2,32.0,33.8,32.0,32.5,33.9,33.2,36.0,34.7,33.5,33.1,32.7,32.5,32.6,33.6,33.1,32.5,33.8,33.3,33.2,32.6,32.7,33.9,31.8,32.2,32.9,33.1,32.2,32.4,33.1,34.0,34.0,32.7,32.5,33.0,32.8,32.8,32.8,33.3,34.8,34.8,33.6,33.9,31.8,33.4,32.7,32.8,32.6,32.9,33.6,32.7,32.1,32.6,33.7,32.8,32.8,32.6,33.2,32.9,33.7,32.8,33.3,33.4,33.5,32.5,33.1,32.8,33.2,32.9,33.9,34.0,35.5,34.4,33.9,34.3,34.3,33.0,33.3,32.5,33.0,33.0,32.2,32.8,33.4,33.1,32.4,32.9,32.4,33.0,32.6,33.9,32.8,32.6,33.0,33.2,33.5,33.7,32.3,32.6,33.0,33.3,34.5,34.3,34.7,34.8,34.1,33.7,33.3,32.9,33.3,32.8,32.3,33.1,32.8,33.0,33.4,33.5,32.2,33.1,32.7,32.5,33.0,33.9,33.2,33.8,33.3,33.3,33.6,33.1,33.0,32.8,34.1,32.6,34.2,34.1,34.1,33.6,34.1,35.4,34.0,33.2,33.4,32.6,33.2,32.5,33.6,33.6,32.2,32.6,32.8,33.0,33.7,33.5,32.7,33.1,32.2,33.3,33.4,33.2,33.5,33.3,33.2,33.1,33.8,33.0,34.8,33.9,33.1,33.8,33.6,33.9,34.0,33.0,33.6,32.8,33.4,33.1,33.7,32.6,33.6,32.2,33.2,33.1,32.3,33.2,32.8,33.0,33.0,32.8,32.5,35.0,33.2,32.4,34.2,33.8,32.6,32.9,34.4,33.6,33.8,33.3,33.3,33.2,34.2,33.5,33.5,33.4,33.5,32.9,33.8,33.3,33.3,31.9,33.0,34.1,33.0,32.5,33.5,33.7,33.2,32.8,32.9,33.7,33.3,32.8,32.7,32.6,32.3,32.7,34.5,34.5,33.4,33.3,32.4,32.8,34.5,34.6,33.0,33.3,33.5,33.4,33.4,33.4,32.0,32.5,33.4,32.6,33.0,33.2,33.6,32.9,33.7,32.5,32.1,33.2,33.3,32.1,33.7,32.4,33.0,32.7,34.3,34.0,34.4,32.3,33.6,33.8,34.1,33.3,33.5,32.8,33.6,32.5,32.4,33.1,33.6,32.2,33.7,33.3,33.5,33.3,34.0,33.7,33.2,32.9,32.6,32.7,33.8,32.8,33.2,32.5,32.6,33.2,33.8,33.9,33.1,nan,33.9,33.1,34.4,33.9,34.2,32.9,33.6,33.7,33.4,32.7,32.2,33.1,33.3,32.6,33.2,33.9,33.2,34.2,33.7,32.1,33.1,34.3,34.2,33.1,32.6,33.9,33.0,32.7,34.1,35.0,33.2,34.5,33.2,33.6,34.0,34.1,33.3,33.7,33.8,33.2,33.2,33.4,32.7,32.9,33.7,33.4,32.7,33.5,33.4,34.5,33.4,33.4,33.0,33.7,32.9,33.2,33.4,33.3,33.0,32.7,35.4,34.5,33.8,34.1,33.9,34.6,33.4,32.5,33.1,34.1,33.4,33.6,33.0,33.0,32.3,32.9,34.0,33.5,33.2,33.2,33.7,34.8,34.0,32.7,33.3,33.7,31.7,33.2,33.2,32.6,32.5,32.1,33.6,33.8,34.8,34.7,33.9,34.1,34.2,33.5,33.6,32.9,33.3,33.1,33.2,32.0,32.7,33.0,33.7,33.4,33.7,33.8,33.9,34.5,32.8,33.8,33.3,33.9,32.3,32.2,33.3,34.2,32.3,33.5,33.6,33.8,34.1,34.3,36.1,34.1,33.4,33.3,33.2,33.6,31.8,32.9,33.5,33.4,32.9,33.3,33.6,33.6,32.9,33.1,33.8,34.1,32.8,32.6,33.2,33.6,34.0,33.9,32.9,33.5,33.7,33.0,33.0,33.8,34.5,33.4,33.4,33.4,33.6,32.6,33.9,33.8,32.5,32.9,33.0,33.3,33.3,33.1,34.0,33.1,34.4,33.3,34.8,33.1,32.9,32.7,33.8,33.5,31.6,32.8,33.3,33.4,33.2,32.3,34.0,32.7,32.9,33.1,34.0,33.6,32.6,33.1,32.9,33.7,32.5,33.8,33.2,34.1,33.4,33.1,33.8,34.3,33.6,34.0,33.4,35.6
1785306916.8327322,2179,33.6,34.5,33.7,33.2,33.6,32.0,31.9,33.7,33.7,32.4,33.0,33.1,34.2,33.3,33.3,32.8,33.5,32.1,32.7,32.3,34.1,32.1,32.0,33.3,33.0,32.6,33.1,33.1,33.2,32.1,32.3,32.9,33.7,32.5,33.0,32.1,33.0,33.4,31.6,33.6,31.9,33.5,32.9,32.7,32.9,33.1,32.8,32.9,32.5,33.8,32.4,33.1,33.2,31.9,33.0,32.8,32.7,34.0,32.3,32.4,33.1,32.0,33.3,33.3,34.7,33.0,31.7,33.8,33.7,32.0,32.3,32.8,33.2,33.9,32.4,33.2,33.0,33.2,33.1,32.2,33.4,33.1,31.6,33.3,32.4,32.8,32.4,32.7,33.7,33.4,33.0,33.9,33.5,32.6,32.7,33.2,32.7,33.8,32.9,32.7,34.2,33.8,33.3,32.9,33.4,32.1,32.7,32.7,33.0,32.6,31.9,32.3,33.1,33.4,32.5,32.9,32.7,33.7,33.4,33.0,33.6,33.3,33.1,33.5,34.1,32.9,33.7,32.3,32.4,33.3,33.0,33.9,34.0,32.6,32.3,32.1,33.2,33.0,33.0,33.3,32.6,32.5,32.4,32.9,33.0,32.9,32.1,32.7,34.4,32.7,32.9,33.0,33.1,33.5,33.1,32.6,33.3,33.3,32.2,33.2,32.5,32.8,33.9,33.2,33.5,32.5,32.4,33.0,33.0,34.4,32.6,32.8,33.1,32.9,33.2,33.5,33.3,33.4,32.6,32.9,33.4,33.1,32.8,33.4,34.0,32.6,33.0,33.7,32.6,33.8,33.0,33.1,33.0,33.4,33.1,33.6,31.8,33.9,33.4,32.9,32.7,32.2,32.1,34.5,33.6,33.5,32.9,33.7,33.1,33.2,32.6,32.8,33.1,32.6,31.3,32.0,33.3,33.2,32.3,32.9,33.6,33.4,32.1,34.0,33.3,33.1,33.6,33.1,32.7,33.2,33.5,32.8,33.2,33.0,33.5,33.8,34.6,34.4,33.5,33.0,32.9,33.2,33.3,33.0,33.8,33.0,32.4,33.1,32.7,32.6,32.9,33.0,33.4,32.9,33.7,33.4,33.5,33.7,33.5,33.0,33.7,33.3,32.9,33.1,32.7,32.7,32.9,33.5,35.4,34.9,32.6,32.8,33.8,33.0,33.6,33.3,33.6,33.6,32.7,33.9,33.2,32.7,33.2,33.0,33.4,32.5,33.1,32.3,33.7,33.4,33.1,32.9,33.3,33.2,33.0,34.4,33.6,33.4,34.1,33.3,34.9,35.2,32.7,32.9,33.5,32.7,33.2,33.1,33.2,33.1,33.0,32.7,32.1,33.0,33.6,33.3,33.7,32.4,32.5,33.3,32.9,32.5,32.9,33.4,33.0,33.4,32.9,33.3,33.7,33.9,33.2,33.6,34.4,35.4,34.9,34.5,34.4,33.2,32.8,32.4,34.3,33.6,33.1,32.6,33.0,32.6,32.9,33.1,33.7,32.2,31.7,33.3,33.5,33.6,33.2,33.5,33.1,33.6,32.8,33.2,33.4,33.8,34.8,34.2,35.6,34.9,34.8,35.4,33.1,33.7,33.0,33.1,33.5,33.1,31.6,32.8,32.6,33.3,32.3,32.9,33.0,32.8,32.2,33.5,35.1,33.0,32.3,33.7,33.6,33.1,33.8,33.0,34.1,33.4,34.0,34.5,34.3,33.6,33.3,34.3,34.0,33.0,33.3,33.5,33.3,33.4,32.4,33.1,33.4,32.8,32.9,33.2,34.2,33.5,32.7,32.7,34.3,33.1,33.2,33.4,33.2,34.0,33.7,33.1,34.0,33.1,34.1,34.5,33.7,34.7,33.4,33.8,34.0,33.3,32.9,33.6,33.1,33.4,33.5,33.0,33.1,32.7,33.6,33.8,33.7,33.7,32.6,34.1,34.5,33.8,32.5,33.3,33.9,34.0,32.4,33.1,33.2,33.4,34.1,34.1,33.8,34.1,33.6,33.2,34.3,33.0,32.9,33.8,32.6,32.8,32.8,32.8,33.9,32.9,33.7,32.6,32.9,32.8,34.1,32.5,33.6,33.8,33.0,32.9,32.9,33.9,34.0,33.8,32.7,34.1,34.0,34.0,33.7,33.3,33.5,33.4,34.4,33.9,33.1,33.6,33.2,33.7,32.8,33.6,32.6,34.0,33.6,33.8,33.9,33.6,33.0,34.2,33.6,33.0,33.3,33.1,33.1,33.2,32.8,32.6,33.7,33.4,33.8,34.1,34.1,34.0,33.4,33.8,35.2,33.2,33.3,33.2,33.4,33.2,32.2,33.9,33.8,34.1,33.7,32.9,33.9,33.3,33.5,34.3,32.8,32.8,33.0,32.9,34.0,33.6,33.2,33.4,33.0,34.5,33.7,34.2,33.4,nan,34.5,33.4,33.7,35.0,33.7,33.6,33.7,33.7,32.8,32.2,33.4,33.6,33.8,33.3,34.0,33.0,34.0,34.0,34.1,33.6,32.1,33.9,32.5,31.7,34.2,33.1,33.5,32.5,33.7,34.8,34.8,34.0,34.3,33.6,35.1,33.6,33.1,33.0,34.3,34.0,32.7,34.1,33.9,33.2,32.7,33.6,34.7,34.1,33.2,34.5,33.4,33.8,34.0,33.5,33.2,34.3,33.7,33.5,33.7,34.2,35.2,34.5,33.1,33.7,34.2,34.7,34.7,33.8,33.2,33.6,33.6,33.7,32.7,33.7,33.3,34.2,32.5,33.8,33.2,33.9,33.1,34.6,33.5,34.0,33.1,33.9,33.6,33.6,32.9,33.1,33.2,32.7,32.9,34.6,35.0,33.5,33.9,35.5,34.6,32.6,33.5,33.8,33.9,34.2,34.1,33.6,33.0,33.9,33.6,33.9,34.4,33.2,33.5,34.0,33.4,32.9,34.1,32.8,32.5,33.0,33.3,33.5,33.1,34.0,33.6,33.1,34.8,34.1,34.4,33.6,33.6,33.9,33.7,33.4,33.2,33.9,34.4,33.2,32.4,32.9,33.3,34.2,34.3,33.9,33.6,34.8,33.4,33.0,33.6,33.9,34.2,32.9,32.9,33.4,33.7,33.7,33.7,33.4,34.4,33.0,32.8,34.3,33.5,33.1,33.9,32.9,34.5,33.3,33.9,33.7,34.3,33.3,34.4,33.9,33.8,33.1,34.4,34.9,32.6,33.8,33.7,33.5,34.2,32.4,33.5,33.5,33.0,33.9,34.0,33.8,34.5,33.1,33.8,33.6,33.9,33.8,33.4,34.2,33.0,33.2,33.5,33.9,33.5,34.8,33.0,33.5,34.0,34.0,34.1,34.9
1785306918.868547,2180,31.5,33.9,33.8,33.8,33.5,32.8,33.3,32.4,32.2,34.1,33.0,33.8,32.1,33.1,33.6,33.1,31.8,33.1,33.4,33.3,33.1,32.8,32.4,34.2,32.1,33.4,33.8,32.8,33.8,32.7,33.4,33.3,34.9,31.9,33.7,33.7,32.9,31.8,33.6,32.5,32.8,33.2,31.9,33.4,33.6,32.1,32.9,32.8,33.6,32.7,33.5,33.4,33.7,31.9,32.7,32.3,32.7,32.7,32.9,33.2,34.8,31.9,33.0,33.5,32.8,35.0,33.9,32.6,32.8,33.0,33.1,32.7,31.6,33.6,33.1,32.4,33.2,33.4,32.1,32.9,32.3,33.4,31.9,33.2,33.0,32.9,32.6,33.4,33.6,33.9,33.1,32.8,32.8,32.3,33.1,33.8,33.8,32.9,34.4,32.4,32.6,32.9,33.6,33.4,33.7,32.0,33.0,33.0,33.6,32.6,33.4,32.6,33.7,33.5,33.5,33.3,33.7,32.8,33.0,32.5,34.1,32.8,32.6,33.3,34.2,32.8,33.6,32.9,33.0,34.1,33.5,33.2,34.1,33.5,33.6,32.5,33.0,33.2,32.2,32.6,33.3,33.5,33.2,32.1,33.0,34.2,33.4,33.3,32.8,33.5,32.7,32.9,33.0,33.9,32.8,34.3,33.0,34.0,32.5,33.3,33.6,33.3,33.8,33.3,33.0,32.7,33.3,32.6,33.3,32.7,33.4,33.1,33.9,33.0,33.2,33.2,33.9,32.7,34.0,33.6,33.4,33.7,32.9,33.7,33.6,32.7,33.1,33.8,33.7,34.3,32.9,34.1,34.2,33.7,33.6,33.9,33.4,33.1,33.3,32.4,32.7,32.9,33.8,33.0,32.5,33.8,33.8,32.7,32.6,33.1,33.0,33.4,32.9,33.1,32.6,33.2,32.2,33.8,33.0,33.4,33.7,33.5,33.5,32.0,32.6,32.1,33.5,32.4,33.3,33.3,33.4,32.9,33.8,33.0,32.1,34.1,34.1,34.7,33.9,33.1,33.2,32.8,32.3,32.8,34.3,32.6,33.0,33.7,33.7,32.7,33.2,33.0,33.6,32.2,33.4,33.1,32.1,30.7,34.1,30.7,32.9,31.4,33.2,31.3,32.8,34.3,33.6,34.1,35.0,34.1,33.1,33.9,33.2,33.6,33.2,32.9,33.1,35.8,32.5,32.9,32.1,34.9,32.5,33.5,33.2,33.8,33.4,34.9,33.1,32.5,33.8,33.1,33.9,33.0,34.2,33.3,33.6,33.5,33.0,32.9,32.8,34.9,33.0,32.7,32.5,33.8,35.0,33.7,32.7,32.2,36.3,33.6,33.7,32.9,33.0,33.2,33.8,32.9,32.5,34.6,33.8,34.1,33.0,33.7,32.9,33.4,32.3,33.1,33.2,33.8,32.6,34.1,34.8,36.1,34.2,34.1,33.0,32.7,33.2,33.8,32.5,33.4,33.0,33.4,33.3,33.7,33.1,32.8,33.4,32.9,32.7,33.6,33.4,32.5,33.1,32.7,34.1,33.2,33.0,32.8,33.3,33.2,34.9,35.2,35.1,34.4,34.7,35.1,34.5,32.9,32.2,32.5,33.2,33.2,33.6,33.0,33.1,32.8,33.0,32.7,32.8,33.9,33.1,33.0,32.9,33.5,33.0,33.4,33.2,33.5,33.3,33.4,33.8,33.7,34.7,34.8,34.5,34.7,33.9,35.5,33.8,34.1,33.1,33.0,33.4,33.6,32.9,32.1,33.3,33.3,32.9,33.3,32.7,33.5,34.0,33.0,34.0,33.2,33.5,33.7,34.2,33.1,33.5,34.1,34.6,33.9,34.6,35.2,34.3,34.2,34.0,34.0,34.0,32.8,33.2,33.0,33.2,34.5,33.5,32.8,33.2,31.9,33.9,33.2,33.3,32.8,33.7,33.7,33.1,33.3,33.2,33.8,32.5,33.6,33.9,34.3,32.8,34.0,34.7,34.1,33.9,34.6,33.1,34.3,33.3,34.2,33.2,33.3,32.7,33.4,33.9,33.6,32.5,33.4,33.3,33.5,33.1,33.7,33.6,34.6,34.1,32.4,34.1,33.2,32.9,32.2,34.3,33.2,32.3,33.3,34.8,34.6,33.7,33.7,33.7,32.9,35.3,34.0,33.1,33.6,34.0,34.0,33.8,33.5,33.4,33.1,33.9,34.1,32.9,33.5,33.9,34.0,32.9,33.7,33.6,34.0,33.9,33.9,33.3,32.6,33.1,33.2,34.7,34.2,34.8,33.8,34.2,33.8,34.5,35.0,33.6,33.6,33.1,33.3,33.2,32.9,32.9,34.4,33.3,33.9,34.5,33.6,33.4,33.2,33.5,33.2,33.7,32.4,34.6,33.1,33.2,32.6,33.8,33.6,33.8,34.3,33.6,nan,34.9,34.2,34.8,33.6,33.6,32.7,34.2,33.8,33.1,32.8,34.0,32.9,33.9,33.4,33.5,33.7,33.3,34.3,33.2,34.8,32.6,34.4,33.2,33.4,33.6,34.0,32.3,33.8,34.7,34.9,34.3,34.4,34.4,34.3,34.2,33.3,34.1,32.9,32.9,33.4,32.8,33.7,34.0,34.2,34.5,33.1,33.0,34.6,33.5,33.2,34.4,32.0,33.8,33.2,33.2,33.3,34.4,33.4,33.5,33.1,34.0,35.6,34.1,33.5,34.0,34.7,34.7,33.2,34.0,33.1,33.7,33.2,33.3,33.5,33.8,32.3,33.1,33.6,33.5,32.1,34.2,35.1,32.3,34.6,33.6,35.0,31.2,33.5,33.4,33.3,32.6,34.4,33.9,34.0,34.6,35.3,34.2,33.9,34.6,33.4,34.4,33.4,32.3,33.8,34.6,33.9,33.0,34.0,33.6,34.0,33.8,34.3,33.4,34.6,33.5,34.3,32.8,33.8,34.3,33.7,33.2,33.1,33.4,33.3,33.9,33.8,34.5,34.5,34.2,34.7,33.7,33.2,33.5,32.9,34.0,33.5,34.2,32.9,32.7,33.9,33.3,33.7,33.4,34.6,35.6,33.8,32.4,33.9,33.1,34.0,33.1,34.8,33.8,33.4,32.6,33.8,34.4,34.8,34.4,33.7,33.7,34.4,32.8,34.1,33.8,34.6,33.9,34.3,34.2,34.0,34.0,34.0,34.3,33.6,33.5,33.2,35.2,34.6,33.4,34.0,34.1,33.0,34.2,31.9,34.0,34.2,34.6,32.9,33.4,33.4,34.6,33.7,33.9,34.6,33.0,33.6,33.9,34.1,33.5,32.8,34.2,33.9,34.8,33.0,33.1,33.6,34.7,33.5,34.4,34.5
1785306920.824651,2181,35.5,33.7,32.9,33.9,34.0,32.5,33.0,32.9,33.1,33.4,31.6,33.1,34.6,33.1,33.1,33.7,33.3,32.6,33.1,33.0,33.1,33.0,33.0,33.0,33.2,33.2,32.8,33.8,33.9,33.5,32.8,32.9,32.3,33.3,33.5,33.3,33.7,32.5,33.1,32.5,32.3,32.7,32.3,33.5,33.2,32.9,33.4,33.4,33.1,33.3,33.7,32.9,33.9,33.0,32.4,33.2,33.1,33.5,32.3,33.5,34.4,33.1,33.8,32.6,34.0,34.2,33.5,33.8,33.3,33.3,32.9,32.2,33.8,32.9,32.4,32.5,33.7,33.6,32.7,32.4,33.2,33.6,33.2,32.6,33.2,32.8,33.2,32.7,33.1,33.7,32.6,33.1,33.7,32.8,32.4,32.7,33.1,35.4,32.9,33.4,32.9,33.4,33.3,33.3,33.0,34.3,32.7,32.7,32.8,33.3,33.5,33.3,33.2,33.7,33.3,33.4,32.7,33.3,33.6,32.9,33.4,33.4,33.2,32.7,33.4,33.7,34.2,33.9,34.3,34.2,33.8,33.9,32.5,34.0,33.2,32.3,33.0,33.2,31.9,32.8,32.8,34.2,33.4,32.8,33.5,32.6,32.6,33.7,33.2,33.7,32.2,33.3,33.3,32.9,32.9,33.2,33.4,33.1,33.0,34.3,34.4,33.6,32.4,32.9,33.1,34.1,33.5,32.6,33.2,33.6,32.8,32.3,33.7,33.1,34.1,33.3,33.3,33.7,33.1,33.1,33.3,33.6,33.6,32.8,33.0,33.1,33.7,32.5,33.4,32.7,32.5,32.9,35.2,34.5,33.3,33.4,33.5,33.5,32.8,33.2,33.6,32.9,32.9,34.0,34.0,33.4,33.6,33.1,33.3,33.5,33.2,33.1,33.7,33.9,32.8,32.5,32.8,33.3,32.4,32.7,34.3,34.2,33.4,33.3,33.5,33.7,33.8,33.1,32.8,33.7,34.0,32.6,33.5,34.2,32.7,32.9,34.6,34.7,33.8,32.8,33.0,33.2,34.1,33.2,33.3,33.1,33.7,32.9,32.5,33.9,33.3,33.5,33.0,33.2,34.3,33.8,33.1,33.9,32.3,33.6,33.5,33.3,32.7,32.4,33.8,33.8,33.2,33.7,35.5,36.3,33.1,33.4,32.8,34.1,33.1,32.6,33.2,32.8,32.4,32.7,33.5,33.4,33.4,32.4,33.4,33.5,33.2,33.1,32.8,34.6,34.1,33.7,33.1,33.6,33.5,33.0,33.1,33.6,32.6,33.3,35.4,36.0,34.2,33.0,33.5,33.5,33.1,33.8,33.2,33.2,32.8,33.3,32.6,33.6,33.0,33.2,33.7,33.1,33.1,33.4,34.3,34.4,33.0,34.0,34.6,33.0,33.0,33.7,33.7,34.5,33.2,33.4,36.0,34.7,33.9,34.4,33.9,33.2,32.4,33.0,33.5,33.3,32.7,32.4,34.2,32.9,33.3,33.4,33.8,33.9,33.1,33.4,33.0,34.2,33.7,32.9,33.5,33.5,33.7,33.4,33.7,33.4,33.3,34.5,35.4,35.2,35.1,34.5,33.4,33.2,33.3,32.9,33.0,33.8,33.4,33.5,33.1,33.3,33.4,32.8,33.7,33.5,33.2,32.5,34.0,33.2,32.7,33.3,33.2,33.0,33.6,33.5,34.2,33.6,34.9,34.9,34.2,34.4,34.3,34.8,34.9,33.0,33.1,34.0,33.6,33.8,32.3,32.4,33.9,33.5,33.6,32.8,34.0,33.3,33.1,31.7,32.8,34.7,32.4,34.0,32.8,34.0,34.1,32.7,34.3,34.6,35.3,34.8,33.1,34.3,34.6,34.2,34.2,33.7,33.2,33.2,34.0,32.9,33.2,33.2,33.3,33.0,33.4,33.2,33.0,33.4,33.4,34.3,33.8,33.8,33.3,33.1,33.5,33.6,33.4,34.0,32.7,33.7,33.9,34.4,34.3,33.9,33.3,33.6,34.9,33.8,33.1,33.3,33.3,32.7,33.1,32.6,33.1,33.1,33.1,33.3,33.5,33.9,33.7,33.9,34.4,33.7,33.8,33.6,32.9,34.0,33.8,33.4,33.3,34.1,35.1,33.7,33.4,34.8,33.8,33.1,34.5,34.5,33.6,34.2,32.5,33.7,34.2,34.2,32.8,33.5,33.4,33.1,33.5,34.7,33.2,33.2,34.7,33.4,33.7,33.7,33.6,33.4,32.9,33.0,34.9,34.0,34.2,34.6,34.5,34.9,33.8,34.3,34.6,34.1,33.8,34.0,33.3,32.6,33.4,33.8,33.6,33.6,32.9,33.2,34.2,33.5,32.5,34.3,33.8,33.7,33.2,33.2,32.5,33.4,33.2,33.9,33.7,33.5,34.3,34.0,34.2,nan,33.8,33.7,34.8,34.7,33.2,32.7,33.2,33.5,33.0,33.7,32.5,33.8,33.6,33.3,32.5,33.9,34.2,33.1,34.7,32.9,33.5,33.5,34.0,33.6,34.0,32.7,33.7,33.2,35.2,35.1,34.0,33.8,33.8,34.1,35.1,35.2,33.6,32.6,33.1,34.0,33.7,33.0,33.4,33.0,32.9,33.7,33.8,34.1,33.3,34.1,34.1,34.4,34.0,33.1,33.4,33.9,32.4,33.4,33.5,34.5,34.9,34.2,33.9,34.5,34.7,33.9,34.1,34.2,33.7,33.4,33.6,33.4,33.3,33.5,33.1,34.0,34.5,34.0,33.9,33.7,34.5,33.5,35.1,34.9,34.3,33.5,33.4,33.7,32.4,33.1,34.4,33.9,33.0,34.6,34.9,34.0,33.9,34.8,35.0,33.6,33.2,33.6,34.1,34.5,34.1,32.8,32.8,33.7,33.6,33.1,33.8,34.2,34.1,35.7,33.9,33.3,34.3,33.2,32.4,33.7,33.8,32.9,33.8,33.5,33.7,33.1,33.9,35.4,34.4,34.4,34.4,33.0,33.5,33.4,33.0,34.0,34.2,33.5,33.6,33.6,33.3,33.4,33.5,35.1,35.1,34.7,34.1,34.4,34.3,33.4,34.4,34.1,32.8,33.4,33.3,33.3,33.7,33.6,34.8,33.5,33.4,33.1,34.2,34.1,32.8,33.4,33.5,33.1,34.1,32.9,33.7,34.3,33.8,32.9,34.8,33.7,35.0,34.2,33.5,33.6,33.9,33.3,34.0,33.8,32.3,33.1,33.6,34.4,33.4,33.6,35.0,34.4,33.4,33.7,33.2,34.5,33.9,34.1,32.6,33.7,34.1,33.0,33.7,34.2,34.2,35.0,33.1,34.0,33.8,35.1
1785306923.0979874,2182,32.1,33.7,32.8,34.4,33.5,32.3,33.3,32.7,32.4,32.6,33.0,33.9,33.1,33.2,33.4,33.7,33.3,32.8,34.2,34.1,33.3,31.9,33.5,33.5,32.3,33.5,32.3,34.7,33.8,32.1,32.9,34.2,31.8,32.9,33.8,34.9,33.3,32.7,31.6,32.5,31.5,33.0,33.3,33.1,33.8,33.0,33.2,34.1,32.5,32.7,33.6,33.1,32.3,33.2,33.5,33.1,32.5,33.9,33.8,33.0,33.4,32.8,33.3,34.0,32.9,33.0,33.0,32.7,32.8,33.7,32.9,33.4,33.2,33.1,31.8,33.6,33.3,33.1,32.8,33.3,33.4,33.1,33.2,33.6,32.9,32.8,33.1,33.5,33.1,32.6,32.3,32.9,34.5,33.3,33.3,33.9,32.4,34.1,32.5,34.0,31.3,32.9,33.5,33.4,32.2,33.2,33.1,33.0,32.4,32.6,32.4,34.0,33.4,32.5,33.0,34.4,33.0,32.8,33.1,32.9,32.1,34.0,32.5,32.9,33.2,34.5,33.3,34.8,33.7,33.1,33.1,33.3,33.1,31.6,33.7,32.5,33.3,32.5,32.4,33.1,32.9,33.7,33.1,32.7,33.3,33.6,33.4,33.7,33.1,33.2,33.2,33.2,32.7,32.4,33.2,33.8,33.4,33.1,33.4,33.9,33.0,32.9,33.5,33.7,34.9,34.0,33.5,33.1,32.5,32.6,32.5,33.5,33.1,32.7,33.4,33.6,32.6,33.7,33.6,33.7,31.9,32.9,33.3,33.9,32.6,32.7,33.0,33.6,33.4,32.3,33.8,33.1,33.8,32.7,33.0,33.2,33.6,33.0,32.6,33.4,32.9,32.4,33.2,32.7,33.2,33.1,34.3,32.9,33.9,33.2,32.7,33.5,32.2,32.6,32.5,33.6,32.6,32.7,33.5,33.3,33.1,34.0,32.5,33.6,31.8,33.9,32.4,33.6,33.0,33.1,33.1,32.4,33.0,33.8,33.4,32.9,34.0,34.4,33.8,33.3,32.6,32.7,33.2,33.5,34.0,32.6,33.1,33.2,32.7,33.4,33.3,33.5,33.1,33.0,34.1,33.9,32.6,32.7,32.9,33.6,34.2,33.3,33.4,33.1,33.5,32.8,32.1,34.0,35.3,35.8,33.4,32.8,33.6,33.5,32.9,33.6,32.6,34.1,32.9,33.9,32.6,33.6,32.8,33.7,32.8,32.7,33.0,33.6,33.0,33.3,34.5,33.7,33.5,33.9,32.7,33.3,33.2,33.4,34.2,34.2,35.1,36.1,33.5,34.3,33.8,33.0,33.3,34.3,32.9,32.9,33.0,33.3,33.0,33.1,33.2,33.4,34.0,33.6,32.7,34.0,33.6,33.2,33.0,33.6,33.3,33.6,33.0,34.0,33.3,33.6,33.3,34.6,35.5,34.9,33.9,35.2,33.7,34.0,33.2,33.7,33.3,32.8,33.0,33.1,33.1,32.6,33.8,33.3,33.3,33.0,34.0,33.7,33.5,33.1,33.0,34.8,32.7,33.6,33.7,33.7,34.0,33.9,34.1,34.9,35.4,34.7,35.1,34.9,33.9,33.0,32.7,33.3,33.2,33.0,32.3,33.5,33.4,32.8,33.4,33.3,33.4,32.0,33.4,33.4,34.2,33.2,33.0,32.7,32.8,33.4,33.6,33.0,33.7,33.4,35.0,34.9,34.4,33.8,34.1,34.9,33.5,33.7,33.5,32.6,33.0,33.2,33.6,33.5,34.0,32.3,34.5,34.3,33.6,32.6,33.6,33.9,33.1,32.8,32.6,34.5,33.0,33.6,33.4,32.7,34.1,32.6,35.0,34.6,34.2,34.6,33.7,35.0,34.2,34.8,33.6,33.5,33.1,33.2,33.4,32.7,33.6,33.8,33.9,33.4,33.0,33.7,34.8,33.7,34.0,33.8,34.0,33.5,34.2,33.1,32.9,33.7,33.7,33.4,34.4,33.5,34.4,34.3,33.7,33.7,34.7,33.2,34.2,34.5,33.9,33.5,34.1,33.1,33.4,34.0,32.9,34.1,33.6,33.0,34.6,33.9,32.3,34.1,33.6,33.6,32.6,33.8,33.8,34.4,33.3,33.1,34.2,34.6,34.4,33.9,33.2,34.7,35.3,34.3,34.1,34.4,32.7,32.6,33.2,33.7,33.3,33.3,33.8,33.4,33.0,33.9,34.0,34.2,32.0,33.8,33.6,33.5,33.6,33.6,33.3,33.5,33.5,33.4,34.5,34.0,34.0,34.6,34.9,34.2,34.4,34.0,33.1,33.8,33.4,33.5,33.9,33.4,33.4,32.9,32.5,33.3,33.2,33.5,33.7,34.1,33.4,33.8,32.8,33.4,32.5,33.3,32.7,33.0,33.2,34.0,32.7,34.1,33.9,nan,34.3,34.3,34.4,34.4,33.4,33.4,33.1,33.3,34.0,34.2,32.9,33.1,33.3,33.3,32.9,33.7,33.6,34.3,33.4,33.4,33.2,33.9,33.4,32.3,33.4,33.9,32.8,33.4,34.7,34.6,33.9,33.8,33.6,33.5,35.4,34.1,33.1,35.1,33.1,33.5,32.3,34.1,33.1,33.4,33.4,33.6,33.0,33.3,34.7,35.1,33.4,33.7,33.6,34.6,32.9,33.7,33.4,33.4,33.5,32.6,34.4,34.8,33.8,33.4,34.2,34.2,33.8,33.2,33.1,34.1,33.2,33.7,33.2,33.5,32.6,33.4,34.9,33.8,33.2,34.1,33.7,35.1,33.7,34.4,32.8,33.9,33.2,33.4,33.4,33.5,33.7,32.7,34.0,34.5,35.4,34.0,35.1,34.8,33.4,33.8,33.8,34.3,33.7,33.8,33.0,34.3,33.9,33.6,33.8,33.0,33.8,34.6,33.4,34.7,32.7,33.3,34.6,34.4,32.7,33.7,32.4,33.1,33.7,33.5,32.7,34.8,34.4,34.2,33.6,34.1,34.4,33.0,33.9,33.7,34.1,34.0,33.5,33.3,33.3,32.8,33.6,33.9,33.3,34.2,35.9,35.5,33.1,33.7,33.6,33.6,33.9,32.9,33.0,33.3,33.3,33.9,33.5,34.8,33.7,33.2,34.2,33.8,34.7,33.8,33.3,34.3,33.9,33.1,34.6,33.7,34.6,33.9,33.9,33.7,34.3,34.6,34.3,34.7,32.4,34.0,33.5,34.3,34.3,33.5,32.4,32.1,32.9,33.8,32.9,34.1,33.3,33.2,34.5,33.5,33.4,33.7,33.6,34.6,32.3,34.4,33.5,33.1,33.2,33.6,34.6,34.4,33.6,34.1,35.0,35.0
1785306925.1606476,2183,34.2,34.3,32.2,33.4,33.3,34.3,33.7,33.1,33.4,33.8,33.4,33.1,32.4,33.2,33.5,33.9,32.2,32.3,33.9,33.4,33.0,33.0,32.1,33.3,33.4,33.7,33.5,32.9,35.0,33.7,33.1,34.0,32.9,34.4,35.0,33.8,33.0,32.8,33.5,33.4,32.5,33.5,32.7,33.3,32.9,32.7,33.2,34.2,32.7,33.1,33.4,32.6,33.9,32.5,33.5,33.6,33.3,33.0,33.4,33.5,33.8,34.1,33.1,33.8,33.5,33.5,32.6,33.4,32.9,33.7,33.6,33.6,33.5,32.9,32.4,33.2,32.7,33.2,33.1,32.7,31.9,33.5,32.5,33.5,32.9,33.0,33.2,32.9,33.3,34.1,34.0,33.3,34.2,33.9,33.9,33.4,34.1,34.7,33.6,33.9,32.9,33.2,33.5,32.9,33.6,32.5,33.4,32.7,33.7,33.5,33.1,32.7,32.9,33.4,33.0,33.9,33.4,33.0,33.3,32.4,32.9,32.7,33.5,34.7,33.9,34.1,33.7,34.9,33.4,33.3,33.9,33.7,33.0,33.4,33.1,33.9,33.0,33.8,33.7,33.5,33.8,33.5,33.5,32.9,32.9,33.7,32.5,33.2,33.2,33.5,33.3,33.5,33.1,33.3,32.9,33.8,33.5,33.7,33.7,33.9,33.7,33.2,33.5,33.0,33.3,33.5,32.9,33.2,33.4,33.0,33.9,32.8,33.1,33.3,33.7,32.8,33.4,33.8,33.2,33.3,33.4,33.6,33.1,33.2,33.3,33.2,33.2,33.7,33.8,33.2,33.2,33.4,33.9,34.3,33.3,34.8,33.5,33.1,33.9,33.9,33.1,33.8,33.6,33.9,34.1,34.4,33.9,34.4,33.0,33.1,33.1,33.3,33.6,33.8,32.9,32.5,34.2,33.2,33.4,33.1,33.6,33.6,33.8,33.8,33.8,32.9,34.2,31.7,33.8,33.4,33.6,33.2,33.7,33.5,34.2,33.5,34.8,35.4,33.1,33.8,33.0,33.5,33.5,33.9,33.3,33.0,33.9,33.3,33.9,33.8,32.5,33.4,33.4,32.5,34.3,33.2,33.1,34.4,34.0,33.8,32.0,33.7,32.9,33.8,33.7,33.7,34.2,33.5,36.6,36.0,33.3,33.9,33.3,33.0,33.6,33.3,33.6,33.8,33.8,32.9,32.7,32.9,33.1,33.5,33.2,33.5,33.7,32.3,34.7,33.4,34.1,33.2,33.5,33.4,33.2,34.9,33.1,33.4,33.1,33.0,36.2,36.3,33.8,32.9,32.7,33.5,33.2,33.5,33.5,33.1,33.8,34.0,33.4,33.0,33.0,33.6,34.0,33.9,33.5,33.5,34.2,33.6,33.9,34.0,32.8,33.4,32.5,33.2,33.9,33.7,34.2,35.2,36.1,35.2,34.6,34.6,33.6,34.9,33.1,34.0,34.1,33.8,33.2,32.1,33.2,32.4,33.3,33.3,33.3,33.2,33.5,33.5,34.3,33.9,33.2,33.4,34.2,33.3,32.7,33.2,33.8,33.6,35.1,34.8,35.7,35.3,34.8,34.7,34.6,33.5,32.5,33.2,33.5,33.9,34.6,33.3,33.6,33.3,33.9,34.0,33.2,33.4,34.2,33.7,35.3,33.2,33.7,33.9,33.6,33.4,33.7,34.0,33.7,34.7,35.4,35.2,35.2,34.3,34.9,34.9,34.5,33.5,33.3,34.3,33.5,33.8,33.8,34.0,32.9,33.0,34.0,33.0,34.2,34.1,33.5,34.3,35.2,33.3,33.2,32.8,32.8,33.9,33.4,33.3,33.6,34.0,35.3,35.8,33.9,33.6,33.9,33.6,33.7,34.2,33.7,34.4,33.4,33.2,34.2,33.4,33.3,33.7,33.4,33.3,33.2,34.1,33.6,33.8,35.1,33.6,33.5,33.9,33.3,35.0,33.3,34.0,33.2,34.6,34.9,34.4,33.8,34.4,33.0,33.8,34.6,34.3,33.9,34.2,32.6,33.6,33.3,33.5,33.9,33.4,34.6,33.2,33.5,33.7,33.9,33.5,34.2,33.6,33.8,34.2,34.0,33.5,33.4,34.0,33.2,33.1,34.5,34.7,34.4,34.2,34.2,34.3,34.4,33.9,33.6,34.6,33.7,34.1,33.4,33.6,34.5,33.1,34.1,33.8,33.9,33.6,33.8,33.4,33.4,34.2,33.7,33.9,33.5,33.6,33.2,34.0,32.3,33.9,34.6,34.1,34.2,34.1,33.6,34.0,34.1,34.3,33.1,33.8,33.6,33.8,33.1,34.1,33.4,32.9,34.0,33.4,33.5,34.4,35.0,34.5,33.4,33.7,33.8,34.2,33.2,32.8,33.4,33.2,33.7,34.4,34.3,34.5,34.2,nan,34.0,33.9,34.7,34.1,34.0,33.1,33.9,33.7,33.0,34.1,33.2,34.4,33.4,34.2,34.4,34.3,34.8,35.0,34.6,33.4,34.1,33.5,33.5,34.2,33.3,33.7,34.3,34.6,34.4,34.9,33.7,34.9,34.0,34.3,34.6,34.3,33.3,34.6,33.8,33.3,33.6,33.4,33.0,33.6,32.9,33.6,34.0,33.3,33.8,34.7,34.3,33.2,33.0,34.1,33.2,33.9,33.6,33.3,34.6,33.0,35.2,34.0,33.6,34.6,34.2,34.4,34.6,34.4,33.7,33.6,33.9,33.9,33.2,32.8,33.5,33.5,33.4,34.4,33.9,34.1,34.3,34.0,34.2,34.7,34.1,36.1,33.5,33.8,32.6,34.2,33.6,33.7,34.5,35.1,34.6,34.0,34.8,35.1,34.3,33.9,34.4,34.0,33.8,33.8,34.8,34.3,32.8,33.7,33.5,34.5,33.9,34.4,34.3,34.7,33.4,32.5,35.0,33.5,33.8,33.4,33.7,33.5,33.0,34.2,33.2,33.5,34.8,34.2,34.2,35.1,33.9,33.1,34.1,33.9,33.7,33.9,34.2,34.1,33.5,33.6,34.1,33.8,34.1,33.1,33.8,35.2,33.9,34.0,33.2,34.5,34.0,33.7,33.7,32.9,33.0,34.3,33.6,34.1,33.6,34.1,33.6,34.1,33.7,34.1,34.8,33.8,34.1,34.3,33.9,32.9,34.1,33.7,34.0,33.5,34.0,34.6,34.8,34.7,33.1,34.1,34.0,34.8,34.7,33.2,33.7,34.5,33.6,34.1,33.8,34.3,35.2,34.1,33.6,34.6,33.9,34.7,33.6,33.8,33.6,33.6,33.7,33.2,34.3,34.1,33.0,34.1,35.4,34.6,34.7,34.2
1785306927.2737856,2184,33.2,32.7,33.0,34.5,32.8,33.5,32.9,33.2,33.0,33.7,32.9,33.2,31.0,32.5,33.2,32.5,32.5,32.9,33.4,33.5,33.1,33.1,32.3,33.0,33.7,32.3,32.5,33.7,34.7,32.9,33.9,34.3,33.5,33.7,35.6,33.6,33.3,33.1,32.7,32.2,33.6,32.6,33.6,32.7,32.8,33.2,33.8,33.2,32.3,32.8,32.9,33.2,32.2,32.4,33.4,34.1,33.2,32.7,33.7,34.4,34.8,33.0,33.4,34.2,33.3,32.8,33.4,34.1,33.4,33.6,33.0,33.7,33.3,33.6,32.9,32.4,31.9,33.2,33.7,33.0,31.8,32.2,33.7,33.2,32.5,32.3,33.3,33.9,33.6,33.1,32.5,33.8,33.6,32.0,32.8,33.7,32.5,32.6,33.0,32.6,31.8,32.7,33.0,32.6,32.9,32.8,32.8,33.5,33.2,32.0,32.5,33.3,33.5,33.1,33.4,32.8,32.9,33.1,34.4,33.6,33.7,34.1,33.5,33.4,33.1,32.1,33.4,34.0,32.5,32.5,32.6,32.5,33.5,33.1,32.6,32.8,32.0,32.8,33.7,33.6,33.2,33.0,32.7,33.6,32.3,33.7,32.4,33.0,33.3,33.0,33.4,32.9,33.7,33.0,33.2,33.9,32.6,33.4,33.2,33.5,35.1,33.1,33.4,33.5,33.2,32.4,33.2,33.1,34.0,33.2,32.7,32.4,33.3,32.5,33.0,32.4,32.9,32.7,33.2,33.7,32.9,33.0,33.6,33.0,32.7,33.8,33.6,33.2,32.9,32.9,34.1,34.5,32.8,34.1,33.6,34.1,32.6,32.9,33.7,34.0,32.7,33.9,32.2,32.9,33.2,34.4,34.2,33.5,32.3,32.6,33.6,34.4,33.4,34.0,32.9,33.8,33.1,32.9,33.1,32.6,33.5,33.3,33.9,33.9,34.1,32.1,33.1,33.6,33.5,33.1,32.3,33.3,32.8,32.8,33.8,33.0,35.2,34.4,34.0,33.0,33.0,32.3,33.2,33.1,33.4,32.9,33.5,33.4,33.7,32.7,32.8,33.9,33.7,33.7,32.5,33.3,32.5,32.6,33.2,33.7,32.7,33.2,32.5,33.6,33.3,32.6,34.3,33.3,34.5,35.4,33.5,33.7,33.5,32.9,33.3,33.7,33.9,32.7,33.2,33.7,32.9,33.7,33.3,34.3,33.3,32.8,32.8,33.0,34.2,33.7,33.6,33.0,33.4,33.3,33.1,33.1,33.6,33.2,33.5,33.6,34.4,35.3,34.2,33.6,32.3,33.0,34.0,34.0,33.8,33.0,33.5,33.3,32.0,32.7,34.2,33.9,33.8,32.7,33.4,34.2,32.8,33.2,33.8,33.5,33.4,33.5,32.5,33.4,32.7,33.1,33.9,35.3,35.9,35.1,34.5,34.9,34.5,33.3,32.7,33.1,33.6,33.1,34.0,33.4,32.4,33.4,32.9,33.5,33.6,33.4,34.4,33.1,34.0,33.3,33.4,32.5,33.7,32.7,33.1,33.2,33.9,32.7,34.0,34.1,35.2,34.6,34.5,36.0,33.5,33.3,33.4,33.8,33.3,33.6,32.9,33.1,33.5,32.9,33.3,33.2,32.7,32.0,34.3,33.8,33.3,33.5,33.6,33.9,32.3,32.6,32.9,33.1,34.5,33.7,35.1,35.3,33.6,34.7,34.4,34.9,34.7,34.1,34.0,33.3,32.9,33.4,33.4,33.0,33.5,32.4,33.6,33.7,33.6,33.6,33.6,34.2,33.4,33.2,33.5,33.3,33.4,33.2,33.5,34.0,33.1,33.2,34.7,34.4,33.2,33.1,34.4,33.2,33.8,33.7,34.0,32.7,33.6,32.7,33.6,33.1,32.7,33.1,34.4,34.3,32.4,33.1,33.5,34.6,32.9,34.1,32.6,34.5,32.7,32.8,33.6,33.7,32.7,33.2,33.7,34.9,34.4,33.6,33.2,33.6,34.1,34.2,33.0,33.9,33.5,33.1,33.5,33.5,32.7,33.0,33.2,33.8,33.1,33.5,33.2,33.6,33.5,33.5,34.3,33.7,33.2,32.6,33.7,33.5,33.6,33.6,34.3,34.6,34.3,33.4,34.1,34.3,33.8,34.8,33.2,33.2,33.1,33.5,33.1,33.7,33.9,33.1,34.0,33.9,33.6,33.1,34.3,33.3,33.5,34.3,33.2,33.8,33.5,33.0,32.7,34.3,33.8,33.6,33.0,34.4,34.0,33.9,34.4,33.9,33.1,34.7,34.4,34.4,33.2,33.6,33.0,33.7,33.2,33.3,32.7,34.2,33.8,34.2,33.6,33.6,32.9,32.9,32.9,33.5,33.5,33.1,33.7,33.9,33.9,33.6,32.6,33.4,34.5,nan,33.9,34.3,33.3,33.7,33.9,33.9,32.8,33.6,33.4,33.5,33.8,32.9,33.3,33.6,34.8,33.5,34.3,33.9,34.0,34.1,33.6,35.0,32.4,34.1,32.5,33.9,33.3,32.9,33.7,35.0,32.9,33.9,33.6,34.6,33.2,33.9,34.4,33.7,33.6,33.8,33.7,33.8,32.8,32.8,33.6,33.7,34.1,34.0,34.9,34.2,32.4,34.1,33.7,32.8,33.0,33.3,33.7,33.4,33.6,33.3,34.1,34.1,33.4,34.7,34.8,34.6,34.0,33.2,34.2,34.0,32.7,34.0,33.4,33.4,32.9,32.6,33.7,33.2,33.3,32.9,34.2,34.0,33.6,34.1,33.0,34.2,33.2,32.7,35.2,34.5,32.4,32.8,32.5,34.4,34.4,35.1,35.6,34.7,33.4,33.2,33.1,33.5,33.5,33.9,33.5,34.4,34.0,33.3,33.4,34.4,34.1,33.9,34.2,34.3,33.7,33.9,34.2,33.2,32.9,33.8,33.8,33.8,32.9,33.3,33.7,32.7,34.2,34.3,35.4,34.5,34.0,33.8,34.3,34.2,32.6,33.6,33.0,33.3,33.7,33.7,33.4,33.5,34.0,34.0,34.1,34.2,32.4,33.1,34.0,34.4,33.1,33.2,33.7,34.5,33.1,32.9,34.4,33.7,34.2,34.2,32.4,33.3,33.8,32.8,32.9,34.7,33.3,33.9,33.8,34.3,33.8,34.4,34.1,34.6,34.1,34.3,33.6,34.3,33.9,33.7,34.9,34.1,33.1,32.7,33.8,34.6,32.2,33.8,34.2,33.9,34.2,34.1,35.1,33.3,34.4,34.7,34.2,33.2,33.5,33.0,33.0,34.2,33.1,33.2,33.9,34.0,33.7,33.7,34.2,35.9
1785306929.5238686,2185,34.1,32.9,33.4,33.6,33.8,32.3,33.6,34.1,32.7,33.2,32.6,32.7,32.6,33.3,32.5,33.5,33.0,32.6,33.5,33.2,33.7,33.8,32.4,32.3,33.6,33.4,32.9,32.5,32.8,33.7,33.3,33.4,32.9,32.8,32.1,33.5,32.1,33.2,32.2,33.2,32.7,32.1,32.3,33.1,32.1,33.1,32.3,32.7,33.4,32.7,32.6,33.3,33.2,32.3,33.1,33.2,33.1,32.7,33.4,32.6,34.2,33.4,33.8,33.3,33.0,33.0,31.4,33.4,32.4,32.4,32.9,32.2,33.0,32.4,32.4,33.2,32.8,33.4,32.3,32.4,32.5,32.4,32.7,32.9,32.7,33.0,33.4,33.1,33.5,32.8,32.2,33.7,33.1,33.2,32.5,33.6,32.6,32.8,32.2,34.3,32.9,33.4,32.3,33.5,33.4,32.7,32.1,33.8,33.7,33.0,32.2,32.6,33.6,33.4,32.8,33.0,32.8,32.6,33.6,32.4,34.0,33.3,33.4,32.5,32.6,33.1,32.8,33.9,33.8,33.1,33.6,34.5,32.7,34.4,33.0,32.3,33.4,33.0,33.2,33.3,32.8,33.0,32.9,33.5,34.2,32.6,31.9,32.7,32.8,32.9,32.9,33.5,32.7,32.4,33.1,33.4,33.1,34.1,33.1,33.9,33.9,33.0,33.3,32.9,33.3,32.3,32.6,32.8,32.6,33.1,32.6,33.0,33.2,32.9,32.9,33.3,32.8,33.3,32.6,32.8,33.8,33.1,32.9,33.2,33.5,33.1,33.0,32.5,33.2,32.8,32.9,34.2,33.6,34.5,32.7,33.4,33.3,32.6,33.9,33.2,33.4,33.1,32.8,33.3,34.7,34.3,33.6,33.4,33.6,32.5,32.7,33.3,33.2,33.1,32.5,32.2,32.8,33.2,33.2,32.5,33.4,34.0,34.0,33.1,32.7,32.2,33.0,33.3,33.6,33.2,32.0,32.6,33.7,33.7,33.7,33.3,34.9,34.6,33.5,33.5,33.5,32.7,33.1,33.0,33.7,33.1,32.4,33.4,32.7,32.4,33.1,32.6,32.9,34.6,33.7,32.8,33.1,33.3,33.3,33.6,32.6,33.9,32.7,34.0,33.7,33.1,33.0,33.2,35.7,36.1,33.8,33.7,33.4,33.8,32.9,32.0,33.3,32.5,32.9,32.7,32.2,33.8,32.3,33.2,33.6,32.5,33.3,34.2,33.9,33.8,32.1,34.1,33.3,32.9,33.0,33.3,33.6,33.4,32.7,33.1,34.4,35.2,33.5,34.0,33.3,33.0,33.0,32.9,33.7,33.2,32.9,33.0,32.8,32.8,33.0,33.3,34.4,33.9,31.9,32.6,33.1,32.9,33.5,33.4,34.1,33.4,32.7,33.7,33.4,33.9,33.8,34.6,34.5,35.5,35.0,35.2,35.0,34.1,32.9,33.8,33.3,33.4,32.9,33.6,32.3,32.8,32.9,32.7,33.8,32.4,33.3,33.2,33.2,32.4,33.5,32.6,32.0,32.7,32.5,33.0,32.5,33.6,35.1,34.3,34.5,34.9,34.1,34.5,34.5,33.2,33.3,33.7,32.9,33.7,32.8,33.0,32.9,33.5,32.5,33.3,33.5,31.9,32.8,32.9,32.7,33.2,32.9,32.9,33.6,34.1,34.0,33.0,32.7,32.9,34.5,34.9,35.0,33.9,33.6,34.4,34.6,34.0,32.9,34.3,32.3,33.2,32.9,33.3,33.2,32.8,33.5,33.2,33.8,33.2,32.1,34.5,33.3,34.1,31.8,33.0,33.5,33.5,33.2,33.1,34.0,34.0,34.4,34.6,34.3,34.0,32.9,33.6,34.8,34.0,32.7,33.2,34.0,33.5,32.8,33.4,32.8,32.0,33.4,33.3,33.9,33.7,33.0,33.5,33.4,35.0,33.9,33.3,33.1,33.1,34.7,34.3,33.5,34.2,33.9,34.3,34.1,33.0,33.3,34.1,34.0,34.3,34.1,33.7,32.8,33.3,33.1,32.4,33.1,33.1,33.1,33.9,33.3,33.0,33.3,33.3,33.1,33.1,33.4,32.7,33.6,34.0,34.0,33.8,33.0,33.9,34.5,33.5,33.1,33.6,33.7,34.2,34.5,34.0,33.3,33.6,32.5,32.5,33.0,32.9,33.1,33.5,33.2,32.9,33.5,34.7,33.6,34.8,32.3,34.8,32.5,33.9,33.4,32.9,33.1,34.0,33.9,34.2,33.1,33.4,33.7,34.6,34.2,34.1,33.4,34.3,33.8,34.1,33.6,32.8,32.4,33.4,32.4,33.2,32.8,32.7,33.1,34.2,32.3,34.1,33.2,33.5,33.2,34.0,33.0,33.4,32.9,32.3,33.8,34.3,32.8,33.2,33.6,nan,34.2,33.5,33.7,33.3,34.0,34.6,34.4,33.7,33.0,32.7,32.8,34.2,33.6,33.1,34.0,33.5,33.0,34.0,33.2,33.6,32.5,33.5,33.6,33.2,33.1,33.7,34.1,34.9,33.6,34.1,33.5,33.6,33.0,34.3,33.5,33.0,34.6,35.5,33.1,33.0,33.4,33.6,33.2,33.2,32.7,34.3,33.4,32.5,34.6,34.3,34.1,33.4,33.2,32.9,33.0,33.6,33.2,32.9,34.5,33.7,33.2,33.8,34.3,33.2,33.7,34.7,34.7,33.8,34.6,34.3,33.2,33.0,34.2,32.1,33.5,33.3,32.5,33.3,33.3,33.5,34.1,33.9,34.0,35.1,32.7,33.9,33.4,33.6,33.3,33.9,34.1,32.7,33.6,34.3,34.1,35.1,34.1,34.0,34.3,34.1,34.2,33.6,33.9,33.8,32.3,33.7,33.7,33.7,33.3,32.9,34.8,33.8,34.1,34.7,31.6,33.3,33.7,34.1,33.8,32.4,33.8,34.0,33.5,32.8,33.6,33.8,34.1,35.1,35.3,34.1,33.7,33.1,33.7,33.8,32.3,33.2,33.8,33.7,33.3,33.4,33.7,34.4,34.3,34.3,34.0,33.7,33.9,32.3,33.2,34.7,33.6,33.1,32.7,33.4,33.0,33.3,33.2,33.7,34.6,34.1,33.5,33.6,34.4,34.1,32.8,33.4,34.1,33.2,32.8,33.1,34.1,34.3,33.8,34.5,34.0,34.0,33.9,35.1,34.7,32.9,34.0,33.9,33.8,32.6,33.5,34.1,33.9,33.9,33.0,33.8,33.8,33.1,33.4,33.7,34.5,33.3,33.4,33.8,32.8,33.4,34.1,33.5,33.9,34.0,34.6,33.3,33.3,34.0,34.1,33.7
1785306931.571296,2186,34.0,33.8,33.1,32.3,33.2,32.4,33.3,32.4,33.8,33.1,32.7,32.2,32.8,32.7,33.0,33.3,33.9,33.6,32.6,32.7,32.8,32.4,32.5,32.6,32.7,33.2,32.7,33.5,34.0,32.9,32.9,33.5,32.2,33.5,32.4,32.5,33.6,33.3,33.2,32.6,32.4,32.8,33.0,32.8,33.0,33.9,32.9,33.3,32.8,32.4,33.3,32.8,32.9,32.9,34.2,31.9,33.6,33.4,32.8,32.7,34.1,32.4,34.7,33.5,34.1,33.3,31.5,33.2,32.7,33.0,33.8,32.3,33.7,33.0,33.2,33.7,32.9,33.0,33.1,32.7,32.3,33.7,32.1,33.7,33.0,32.9,33.4,32.6,32.1,33.9,32.7,34.2,33.6,33.1,31.9,33.5,32.5,32.9,32.1,33.1,32.8,32.7,32.2,32.0,32.9,32.7,33.0,32.6,32.4,33.2,33.2,32.7,33.8,33.4,32.9,33.3,32.6,32.0,33.2,32.8,32.2,33.2,32.6,33.6,33.1,32.1,34.3,33.1,33.9,33.0,33.9,32.9,33.6,33.7,33.7,32.2,33.3,33.9,33.6,32.9,32.3,33.6,32.8,32.6,33.7,32.7,33.7,33.2,32.6,33.0,32.6,32.9,33.0,32.7,32.8,32.9,32.6,33.0,31.2,33.1,32.9,32.2,33.8,33.0,34.0,32.6,32.9,32.3,32.9,32.7,33.1,32.4,33.8,32.8,32.5,33.2,33.4,32.8,33.7,33.0,33.2,33.3,32.5,33.1,33.8,33.6,32.5,32.6,34.3,33.3,33.3,33.7,34.0,34.4,32.2,33.1,33.7,33.2,33.8,33.1,33.8,33.4,33.4,33.4,34.4,34.8,34.3,33.4,32.9,33.4,33.1,33.3,33.3,33.2,33.6,33.5,33.0,34.0,33.8,33.6,33.6,33.1,33.3,33.9,34.1,33.2,32.3,33.4,32.9,33.3,32.5,33.0,34.3,32.4,33.5,32.8,35.2,35.1,32.9,32.2,33.5,33.4,32.6,32.1,34.3,32.2,32.3,33.5,33.5,33.3,33.7,32.9,33.9,32.6,33.2,33.3,33.2,33.6,32.6,32.7,34.0,32.9,32.4,33.9,33.2,32.8,32.9,32.3,35.4,36.1,33.3,33.1,32.4,33.7,33.3,33.2,32.8,33.2,33.0,33.4,33.9,33.7,33.0,33.6,33.1,33.6,32.9,32.8,33.1,33.1,32.8,32.8,33.2,33.5,32.9,33.8,33.1,33.0,32.2,33.7,35.2,34.8,33.3,33.4,33.6,32.8,32.8,33.7,34.1,33.4,32.9,32.9,32.4,33.0,33.1,34.2,32.8,32.6,33.0,32.7,33.8,33.5,32.7,32.7,32.5,33.7,32.9,33.6,33.3,33.7,33.7,35.0,35.1,34.8,34.8,34.7,34.1,33.6,33.3,33.9,33.7,32.4,31.9,32.2,32.7,33.4,33.5,33.0,33.2,33.6,33.6,33.2,33.4,32.9,32.3,32.8,33.2,32.6,32.8,32.1,33.8,32.8,35.8,34.4,34.3,34.8,34.9,34.5,34.7,33.7,33.6,33.1,32.7,33.1,33.5,33.2,33.4,33.0,32.8,32.7,32.9,34.0,33.7,33.4,33.7,33.3,32.8,33.0,33.2,33.5,33.0,33.6,33.8,33.2,34.6,34.8,33.8,33.9,33.7,35.0,34.6,34.1,33.2,34.3,33.2,33.6,33.2,33.6,33.4,32.6,33.4,33.1,33.4,33.6,33.2,34.4,34.4,33.3,33.5,32.7,34.0,33.2,33.0,33.0,33.6,33.7,33.7,34.7,34.8,32.7,33.8,33.8,35.1,34.3,33.7,32.5,33.2,33.1,33.0,32.9,34.2,32.7,33.1,32.8,34.4,33.4,33.3,33.2,34.4,33.1,33.8,33.0,33.2,33.4,32.5,33.9,32.8,33.4,34.3,34.7,33.7,33.9,33.7,33.6,34.3,34.5,33.5,33.5,33.6,33.3,32.6,31.7,33.3,33.5,32.5,33.1,32.1,33.8,34.2,34.2,33.7,33.4,32.8,32.8,33.0,32.5,34.1,33.0,32.9,33.5,34.8,32.9,34.0,33.9,33.0,33.8,34.8,34.3,33.6,32.7,32.8,32.5,32.6,32.8,33.6,32.5,33.1,33.0,33.8,32.9,32.9,33.1,32.2,33.5,34.4,33.3,33.3,33.5,33.2,32.7,33.4,34.5,33.1,33.7,33.6,34.5,34.0,34.1,33.8,34.1,33.5,33.6,33.8,33.8,33.1,32.7,34.3,33.5,33.2,33.5,33.0,33.8,33.0,34.0,33.7,32.9,32.7,33.1,34.3,33.6,32.8,32.4,34.3,33.9,33.9,33.7,34.0,nan,33.3,32.8,34.0,33.8,34.0,34.0,33.8,34.3,32.9,33.3,33.5,33.0,32.6,32.6,34.1,32.7,33.9,32.8,34.0,33.5,33.6,32.8,32.2,33.5,32.6,33.2,33.6,33.8,33.3,34.0,33.4,34.1,34.2,33.9,34.2,34.2,34.7,34.1,34.0,33.6,33.4,33.7,33.3,33.1,32.6,33.3,33.3,33.4,32.8,34.4,32.9,33.0,32.3,33.4,33.7,33.1,33.3,34.6,33.3,35.3,33.7,33.5,34.9,33.6,34.0,34.1,34.7,33.5,35.0,33.7,33.0,33.6,33.3,33.8,33.8,33.1,33.7,33.1,33.5,32.9,33.4,33.8,32.3,33.0,33.2,33.6,32.7,33.3,32.6,33.8,32.8,34.3,33.5,34.6,33.8,34.4,34.7,35.4,34.2,33.7,33.4,33.7,34.0,33.7,34.2,33.1,33.6,33.7,33.5,33.1,33.7,33.9,33.6,34.6,34.7,33.4,33.6,34.0,33.3,33.8,33.4,33.7,33.4,33.9,34.2,32.8,34.4,34.5,34.7,35.2,34.5,33.5,33.5,33.3,34.2,33.2,34.1,32.5,32.5,33.0,32.9,34.1,33.8,34.0,36.2,34.9,33.5,33.8,33.3,34.0,33.7,33.4,33.7,33.9,34.1,33.8,33.8,33.1,35.2,34.0,34.5,34.2,34.0,33.9,33.4,33.9,33.6,33.7,33.0,34.5,34.5,33.4,33.5,33.4,34.5,34.3,33.6,35.5,32.7,33.7,34.3,33.8,33.3,32.9,33.2,33.6,33.7,33.0,32.8,34.2,34.8,33.8,33.9,32.9,34.2,34.4,33.5,33.7,33.3,33.1,32.9,33.2,33.5,34.1,34.7,32.8,34.3,34.7,33.7,35.0
1785306934.0237122,2187,33.0,34.0,32.9,33.9,32.6,31.6,33.2,32.4,33.3,32.8,32.0,34.2,31.1,32.2,33.5,34.1,32.9,32.8,34.2,33.2,33.3,32.6,32.6,33.2,31.6,32.6,33.5,32.9,33.9,32.6,33.5,33.9,33.4,32.0,32.8,34.2,33.0,31.4,33.1,32.7,33.5,32.5,32.5,33.7,32.7,32.0,33.9,33.1,33.1,32.7,33.5,32.4,32.3,33.4,32.8,33.5,32.5,33.3,33.6,33.0,33.5,32.2,33.8,33.1,34.0,33.5,32.6,33.1,32.8,32.7,33.5,33.2,32.1,33.3,32.2,33.7,32.1,33.0,32.7,33.1,32.7,33.3,32.9,33.8,32.5,32.6,33.2,33.4,32.5,32.6,33.4,34.1,33.5,31.9,33.2,33.6,34.1,33.0,32.9,32.0,32.3,32.8,32.7,32.9,32.8,31.7,32.3,32.0,33.3,31.7,32.4,32.8,33.2,33.7,33.2,33.0,34.0,32.8,33.3,32.6,32.7,32.9,33.0,33.9,33.6,33.7,34.2,33.7,32.4,32.6,31.8,33.7,31.7,33.0,33.6,33.5,33.0,33.6,33.0,33.1,32.4,33.2,32.9,32.8,33.2,32.9,32.4,33.0,32.7,32.2,32.3,33.3,31.8,32.7,32.9,33.4,34.0,32.2,33.9,33.4,34.4,32.3,32.4,34.0,32.9,32.5,32.9,32.8,33.2,32.8,33.0,33.0,33.4,32.7,33.4,33.3,33.8,32.8,33.1,33.1,32.8,33.0,32.2,33.0,33.5,33.1,32.6,32.7,33.6,32.1,33.2,33.6,33.6,33.2,32.9,34.0,32.1,33.9,33.0,33.6,32.5,34.3,32.3,33.7,33.7,35.1,33.4,33.2,33.1,33.1,33.8,33.5,32.9,32.4,32.5,32.9,33.1,32.3,33.2,32.5,32.6,33.0,33.2,34.8,33.5,32.2,33.2,33.3,32.3,32.8,33.3,33.3,33.7,33.2,33.2,33.3,34.4,35.4,34.3,33.3,33.6,33.0,33.6,32.7,33.5,32.5,33.1,33.2,32.4,33.6,33.8,32.8,32.7,33.0,33.9,34.6,33.3,33.1,32.9,34.2,33.1,33.5,33.1,33.5,32.7,33.3,33.5,33.2,34.9,36.0,33.4,33.9,33.1,33.1,33.6,32.8,32.9,33.3,32.4,32.9,32.5,32.9,33.6,33.1,32.7,33.5,32.6,33.3,33.0,32.7,33.9,33.5,32.9,33.4,33.7,33.5,33.0,32.9,33.4,33.3,35.1,35.8,33.9,33.2,33.5,33.5,33.3,33.8,33.5,33.2,33.3,32.3,32.4,33.6,32.1,33.1,33.3,32.7,32.7,33.6,32.9,33.6,33.4,33.6,33.3,33.6,33.0,33.3,33.4,32.9,33.7,34.9,35.2,35.0,34.4,35.4,33.4,33.8,33.7,32.8,33.1,33.0,33.5,33.1,33.3,33.4,32.2,33.8,33.5,32.6,33.7,32.8,34.3,32.2,32.4,32.9,34.2,32.4,32.3,33.0,33.8,32.9,33.6,34.5,35.0,34.9,34.8,34.0,34.2,32.6,33.8,32.6,33.0,34.2,33.1,33.5,31.7,33.3,32.7,32.6,32.4,33.5,34.4,33.1,34.0,34.2,31.7,34.0,32.7,33.6,32.9,33.3,33.2,33.6,34.5,34.7,34.2,33.9,34.6,34.3,34.7,33.6,33.4,34.0,33.5,33.5,33.8,33.8,33.7,32.6,33.1,34.1,32.2,32.4,32.7,32.9,33.9,33.9,33.0,33.6,33.7,33.3,34.1,32.5,34.4,33.3,34.8,34.5,33.7,34.0,33.8,33.9,34.2,33.4,33.7,33.7,33.4,32.7,33.5,33.2,33.1,32.6,33.4,31.8,33.0,33.0,33.0,33.5,33.2,34.0,33.1,33.9,33.5,33.1,33.8,33.8,33.4,32.7,34.6,33.9,34.2,33.1,33.6,34.1,33.3,33.6,33.4,33.5,33.1,33.0,33.6,31.9,32.9,33.2,33.3,33.5,33.3,33.7,33.5,33.5,34.2,32.9,33.4,33.1,33.6,33.9,33.1,32.7,33.8,32.9,34.0,34.3,34.0,33.2,33.7,33.7,34.0,34.2,33.8,34.4,34.2,33.4,33.3,33.4,33.8,32.3,34.3,33.1,33.5,32.8,34.0,33.8,32.3,32.3,32.9,32.9,33.4,33.4,33.3,33.1,32.8,34.0,33.1,34.3,33.9,33.8,33.9,34.1,32.8,34.3,33.9,34.3,32.9,33.1,33.4,33.6,33.6,32.7,34.0,34.3,33.1,33.1,33.7,33.7,33.0,33.2,33.4,32.8,33.8,33.2,33.9,33.0,34.0,34.0,32.7,33.5,33.9,nan,33.8,33.2,33.6,33.7,34.3,33.7,33.5,32.7,33.5,33.4,32.7,33.5,33.8,33.5,33.0,33.0,33.0,33.1,33.2,32.7,33.9,34.7,33.3,32.8,32.7,33.8,33.4,33.7,34.2,34.4,33.8,34.1,33.1,34.3,33.8,34.0,34.7,34.5,32.9,33.3,33.4,33.7,33.0,33.0,34.0,33.7,33.0,33.1,34.2,33.9,33.6,32.5,34.2,33.5,33.4,32.6,33.5,34.2,34.0,34.3,33.2,33.6,34.1,33.6,34.2,34.8,33.9,33.6,34.4,33.4,34.1,33.0,33.2,34.2,34.2,32.9,34.1,33.4,33.2,33.5,33.9,33.1,33.5,33.1,34.3,33.5,33.2,33.0,33.3,34.0,33.4,33.4,33.9,34.1,34.3,33.6,34.1,34.6,33.3,33.8,33.5,34.3,33.4,34.0,35.0,32.8,33.0,34.4,33.8,33.5,35.0,33.8,33.7,34.0,33.6,31.6,33.3,33.4,33.2,33.5,32.5,33.3,33.5,33.3,33.4,33.3,34.2,33.7,33.9,34.8,34.2,33.7,34.2,33.1,33.4,33.2,33.5,34.2,33.6,33.6,33.3,34.2,33.7,33.9,34.0,34.3,33.2,33.3,33.4,34.9,33.3,33.7,33.4,34.6,33.2,33.5,33.5,34.4,33.7,33.7,32.8,33.9,33.4,33.7,33.7,34.1,33.2,33.4,32.8,33.5,33.3,32.4,34.4,33.3,32.9,33.7,34.8,35.1,34.0,34.0,34.4,33.5,34.2,33.4,33.3,34.5,33.2,32.6,33.8,33.9,34.7,33.8,33.8,34.1,33.8,33.6,33.2,32.7,33.4,33.4,33.3,33.9,33.3,33.5,33.6,33.7,34.0,34.4,33.8,35.1
1785306935.8754203,2188,32.8,31.6,33.4,33.4,33.5,31.8,32.5,33.3,32.3,33.8,32.8,32.9,35.0,31.7,32.7,33.3,32.6,33.2,33.1,32.4,33.7,32.8,32.6,33.5,32.8,32.8,32.8,32.7,33.4,32.8,32.8,32.4,32.6,32.0,33.1,33.0,31.9,32.8,32.9,32.5,32.3,32.9,32.0,32.9,33.1,32.7,32.8,33.6,33.4,32.5,32.1,33.8,33.4,32.9,33.0,33.2,32.5,32.1,33.4,32.8,32.4,31.5,32.6,32.1,33.5,33.0,31.9,33.6,33.7,33.1,33.7,32.6,31.9,33.1,31.5,32.5,33.0,32.5,32.2,32.2,32.9,32.2,33.2,32.8,33.2,32.6,32.8,32.9,32.2,32.4,32.8,32.5,34.0,32.8,32.9,33.2,33.6,31.6,33.4,33.0,32.9,33.0,33.9,32.9,33.4,33.4,32.5,30.9,33.5,32.3,31.9,33.3,32.2,33.4,33.0,33.0,31.5,33.0,33.1,32.8,32.5,33.3,32.3,33.5,33.7,33.1,32.1,32.3,32.1,32.1,33.2,33.3,31.5,32.6,32.8,33.1,33.2,32.3,32.5,33.3,32.8,32.0,32.8,32.2,33.3,32.7,32.3,32.5,33.0,33.2,33.1,32.6,32.9,32.6,32.7,33.2,33.8,32.5,31.7,33.0,33.4,32.5,33.7,32.7,32.5,32.1,33.1,32.6,32.1,33.3,33.0,33.0,33.7,32.9,32.9,32.8,32.6,33.1,32.9,32.9,33.1,33.2,31.4,32.8,32.4,32.9,32.4,33.5,32.6,33.6,33.4,33.8,32.0,33.2,31.8,33.4,32.5,32.8,32.4,32.1,32.5,32.9,32.6,33.2,34.2,33.4,32.9,33.2,32.5,33.9,32.5,32.7,32.7,33.4,32.8,32.5,33.0,32.1,32.5,32.5,33.4,32.8,32.5,32.1,33.5,32.8,31.7,33.3,32.5,32.6,31.8,32.6,32.8,33.3,32.2,34.1,33.8,34.4,33.1,33.2,32.4,32.8,32.5,33.0,33.2,33.6,33.2,33.2,32.4,33.3,33.1,32.4,32.5,33.0,33.9,33.2,32.6,34.0,33.1,33.4,33.1,32.6,32.5,33.8,32.2,32.0,31.5,33.2,35.0,35.2,33.1,33.6,32.5,33.2,32.2,33.1,33.7,32.8,32.7,32.7,32.7,33.1,32.9,33.7,33.4,33.1,32.8,32.9,33.2,33.0,32.5,33.1,33.1,32.5,33.0,32.8,33.8,32.7,32.4,33.1,35.4,35.7,34.4,33.3,32.9,33.2,32.3,34.2,33.2,32.4,32.1,33.8,32.4,32.8,33.5,33.3,32.7,33.5,33.9,32.6,32.6,32.5,33.2,32.8,33.0,32.5,33.6,32.8,33.0,33.6,34.2,34.6,35.3,34.6,34.7,34.8,33.4,33.2,32.9,33.7,34.1,32.3,33.9,33.3,33.0,32.4,32.2,32.7,32.9,32.6,32.5,32.6,31.8,33.4,33.0,33.3,34.2,32.7,33.2,33.4,33.0,33.1,34.9,34.9,35.4,34.9,34.1,34.8,33.9,33.7,34.1,33.4,32.7,33.4,32.4,33.3,33.3,33.5,31.8,32.2,32.8,33.4,32.0,32.3,32.5,33.6,32.5,34.0,33.1,33.0,32.9,33.3,33.9,33.9,34.0,34.4,34.4,33.8,33.6,34.6,34.1,34.0,33.9,32.7,33.0,32.4,32.9,32.6,33.7,33.0,33.3,32.9,34.2,33.2,32.7,31.9,33.3,31.8,32.0,32.8,33.0,31.8,32.9,32.7,33.1,33.1,34.0,34.5,33.4,34.0,33.5,32.9,34.2,34.0,33.2,33.5,32.9,33.0,33.5,33.0,32.9,33.3,33.4,34.0,33.5,32.3,33.6,33.7,33.0,32.6,32.5,33.3,33.5,33.1,33.4,33.1,34.2,33.7,32.9,34.0,34.1,33.6,33.3,34.0,34.1,33.6,34.6,33.0,33.4,32.2,32.7,33.1,32.5,32.0,32.9,33.5,32.6,33.0,33.3,33.1,33.2,32.9,33.0,33.6,33.6,33.5,33.1,33.1,33.5,34.3,33.5,33.5,32.8,33.6,32.7,33.6,33.4,32.6,33.5,34.6,33.2,33.6,32.5,34.0,32.8,34.1,32.9,33.8,32.8,33.6,33.8,32.6,33.2,33.6,33.5,32.9,33.4,33.4,32.9,33.3,33.5,33.5,32.4,33.8,34.5,33.8,33.6,34.1,33.3,32.8,33.4,33.6,33.1,33.3,32.9,33.9,33.9,32.5,33.5,33.4,33.3,32.5,33.3,33.5,33.4,32.4,32.6,33.2,32.9,32.6,32.5,33.9,34.5,33.7,32.8,33.3,33.8,nan,33.2,33.1,33.6,32.8,34.0,33.9,33.9,33.9,33.2,33.2,33.4,32.8,32.9,32.9,33.8,34.3,33.4,33.6,33.7,31.9,34.3,33.3,32.5,32.5,34.4,34.2,33.0,33.9,33.0,33.8,33.8,33.1,33.9,34.0,33.9,33.1,33.3,35.0,33.8,33.7,33.0,33.4,33.7,33.2,33.8,33.8,34.2,33.1,34.4,33.7,33.0,32.3,32.8,33.3,33.1,34.1,33.0,33.8,34.0,33.0,33.2,32.8,33.8,34.4,33.7,33.5,33.8,33.6,32.2,33.6,33.2,32.9,33.7,33.5,33.3,33.1,33.0,33.2,32.8,33.5,33.5,33.3,34.0,34.4,33.7,33.9,33.0,33.0,32.7,33.3,32.9,33.9,34.1,33.6,35.1,34.1,34.9,33.3,33.3,33.3,34.1,33.3,34.4,33.1,32.5,32.5,33.0,32.4,33.2,33.0,33.8,32.6,33.0,34.2,33.9,34.2,33.5,33.0,32.1,33.2,32.7,33.3,32.8,33.8,32.9,33.6,34.2,34.2,33.7,33.9,34.1,33.7,33.4,33.6,33.9,33.5,32.8,33.3,33.5,34.7,33.0,34.4,33.3,34.1,35.1,35.2,32.5,33.0,33.4,32.8,33.1,33.5,32.7,34.2,31.9,33.7,33.9,33.0,34.4,33.9,33.7,33.4,33.9,33.6,33.2,33.1,33.4,33.4,33.9,33.3,34.1,32.6,32.4,34.1,33.3,34.0,34.4,34.2,32.9,34.3,32.9,33.5,33.4,33.2,32.5,33.1,31.8,33.3,32.5,34.3,34.0,33.2,33.4,34.1,33.6,32.7,33.0,33.4,33.7,33.4,33.3,33.3,33.5,34.0,33.4,34.1,33.6,35.5,33.8,34.9
1785306937.9332416,2189,32.8,32.6,33.4,33.6,33.8,31.8,32.3,33.1,33.1,32.2,33.2,33.8,32.7,32.6,32.5,33.1,32.4,33.0,33.8,33.9,33.7,31.9,33.8,33.2,32.6,33.8,32.4,33.6,33.4,32.8,33.3,32.6,33.9,35.4,31.8,33.3,32.3,33.0,32.6,33.8,32.0,34.3,32.7,34.1,31.9,33.4,33.7,33.1,32.3,32.7,32.4,33.1,32.6,33.2,33.1,33.5,32.7,32.7,33.3,33.9,33.3,32.9,33.5,34.1,33.0,33.7,33.8,32.9,33.3,33.1,32.5,33.0,32.8,32.3,33.1,33.7,33.4,32.7,32.3,32.7,33.1,32.9,31.8,32.9,32.9,33.1,33.2,32.7,33.3,33.0,32.4,33.5,33.3,33.9,32.9,33.4,33.6,33.7,33.6,34.1,33.3,33.8,32.7,33.1,32.6,34.3,32.8,33.4,32.6,32.3,33.1,33.5,33.7,32.8,32.8,33.2,33.2,32.3,33.6,33.1,33.0,32.9,32.4,33.3,32.4,32.2,33.3,33.0,32.1,32.4,32.0,33.9,33.5,32.4,32.8,32.3,32.8,33.4,33.0,32.9,32.6,32.7,32.9,33.5,32.7,32.7,32.6,32.5,33.7,32.5,33.6,33.0,32.9,32.9,32.3,34.2,33.2,32.9,33.7,33.2,33.9,33.0,31.9,33.6,33.7,33.3,33.1,33.6,32.8,33.6,33.0,33.3,32.9,32.7,33.4,33.4,33.3,32.9,33.2,33.2,32.1,32.7,33.1,33.5,33.0,33.3,32.9,33.8,33.1,33.6,33.6,33.6,33.6,33.8,33.3,33.5,32.7,33.5,32.6,32.7,33.6,33.4,32.8,33.3,34.2,34.5,33.7,33.6,32.6,32.8,33.4,33.5,33.9,32.6,32.5,32.3,33.3,32.1,33.7,32.3,33.2,33.0,32.5,33.3,33.5,32.4,33.2,33.3,32.6,33.0,33.1,33.1,33.3,33.5,33.5,33.1,34.9,35.8,33.6,32.5,32.9,33.5,33.8,34.5,33.5,33.6,33.2,33.2,33.2,32.7,33.1,32.8,31.9,32.8,33.5,32.7,32.0,32.4,33.5,34.2,32.6,32.6,33.2,34.0,34.2,33.1,32.7,34.2,35.3,35.5,33.3,32.3,33.3,34.1,35.0,34.4,33.4,32.8,32.4,33.4,32.3,32.7,32.7,32.4,33.0,32.7,33.2,33.5,33.0,33.0,34.1,34.1,32.5,33.0,33.3,33.9,33.0,33.4,32.4,33.3,35.5,35.5,33.4,33.7,32.7,34.3,34.6,33.8,32.9,33.8,33.3,32.8,33.1,33.6,33.0,33.1,34.2,32.7,33.7,33.0,34.5,32.3,33.2,33.0,32.8,33.6,33.6,34.9,33.9,34.0,33.7,34.7,35.0,36.1,34.7,34.1,34.5,33.6,33.3,34.3,32.8,33.1,33.4,32.8,32.6,33.6,32.6,32.7,34.0,33.5,32.7,34.0,32.8,33.0,34.3,33.3,33.1,32.7,33.2,34.2,34.1,33.6,35.6,35.4,34.6,34.3,34.1,33.8,34.5,34.4,34.0,33.2,34.1,33.2,33.4,33.1,32.9,34.0,33.2,33.5,33.2,33.0,34.4,32.1,32.7,33.4,32.7,33.8,33.6,33.8,33.3,34.1,34.7,34.2,34.2,34.5,33.6,34.2,34.6,34.0,34.3,33.8,33.9,34.0,33.6,34.0,33.1,33.3,32.9,32.6,33.3,32.5,33.3,33.7,33.1,32.9,33.5,34.1,34.3,32.8,33.0,33.3,33.7,33.1,33.6,34.1,33.6,33.6,33.5,34.2,34.1,34.5,33.4,33.9,32.7,34.0,34.0,34.3,33.8,34.2,32.9,32.8,32.8,34.3,33.3,32.6,33.0,33.1,33.2,33.8,34.0,33.7,33.5,33.6,33.6,34.7,34.0,33.9,33.9,33.6,34.2,33.9,33.8,33.3,34.0,33.5,34.1,34.0,32.8,32.7,33.7,33.3,33.6,33.2,32.6,33.2,33.3,33.2,34.5,34.7,33.3,33.5,34.2,32.9,32.9,33.1,34.1,34.3,32.6,33.3,34.0,33.5,34.2,34.2,34.0,33.3,33.7,33.1,33.0,34.1,32.4,34.0,33.2,32.5,33.1,32.8,33.2,33.6,33.5,33.4,33.8,33.6,33.8,33.8,34.1,34.1,34.0,33.0,32.6,32.2,32.8,33.2,33.2,34.1,34.0,34.4,34.6,34.4,33.4,32.7,32.9,33.1,33.3,32.8,32.7,33.4,32.9,33.4,33.1,33.4,33.5,33.1,34.3,32.4,32.1,33.2,33.2,34.6,33.0,33.2,33.0,32.3,33.1,33.8,32.6,33.5,33.7,nan,34.0,33.7,33.7,33.7,33.2,33.7,33.2,33.5,32.8,33.2,32.3,33.5,32.9,33.5,33.0,34.1,34.4,33.9,34.5,34.0,33.1,33.9,32.5,33.4,32.7,33.3,33.0,33.0,32.9,33.6,33.0,33.3,33.8,34.3,33.4,33.0,32.6,34.0,33.1,33.6,32.8,33.4,33.5,32.6,33.3,34.5,32.8,32.9,33.3,33.9,32.8,33.8,33.2,33.1,33.0,32.6,33.0,33.1,33.2,32.6,33.2,33.8,33.9,33.2,34.0,34.8,34.4,33.3,33.6,34.6,33.7,33.4,33.8,33.7,33.5,33.4,32.8,33.6,33.1,33.1,33.4,34.5,34.2,34.4,33.1,34.7,33.0,33.4,32.4,33.7,32.5,33.0,33.4,33.7,33.6,33.8,34.9,34.1,34.0,32.7,33.9,34.1,32.7,34.0,34.1,33.7,32.6,33.2,33.2,33.7,34.0,33.6,33.4,34.0,33.6,33.1,34.1,33.7,32.6,33.3,32.3,33.8,33.3,33.1,33.5,34.0,33.9,34.5,35.2,34.6,33.9,33.5,34.2,33.4,33.2,33.3,33.8,32.6,32.5,33.4,33.1,34.2,33.3,33.9,35.3,34.7,33.6,34.2,34.5,33.6,34.2,34.5,34.0,33.4,33.2,33.1,33.2,33.4,34.4,34.4,33.9,34.1,33.2,33.7,33.2,33.6,33.0,32.7,33.9,34.0,32.9,33.3,34.4,33.5,34.3,32.7,33.9,34.4,33.7,33.8,34.4,34.1,32.4,33.4,33.1,32.9,33.2,33.0,34.5,33.6,35.2,33.6,33.8,33.6,34.3,33.6,33.0,34.1,32.6,33.2,33.7,33.7,34.3,33.3,33.8,34.2,32.9,34.2,34.7,36.0
1785306940.115835,2190,33.3,32.6,32.9,32.9,32.7,32.5,32.3,32.9,32.3,33.0,32.4,32.5,33.5,33.0,32.4,33.1,32.2,32.1,32.2,33.2,32.4,33.2,31.4,32.2,32.6,32.4,32.4,32.9,32.8,33.3,32.3,33.2,33.4,32.8,33.0,33.1,32.1,33.0,32.6,32.3,33.1,32.3,32.5,31.6,33.2,32.3,33.4,32.0,32.5,32.2,33.4,32.9,32.5,32.7,33.1,32.8,32.9,32.5,32.5,32.6,33.8,32.5,33.8,32.8,33.7,33.5,32.4,33.6,33.9,32.4,32.9,33.6,32.9,33.7,32.2,32.7,33.4,32.3,32.3,32.9,32.7,32.6,32.7,31.9,33.3,32.2,33.0,33.6,32.9,32.4,32.2,33.7,32.9,32.8,31.8,33.9,32.1,32.8,32.2,33.4,33.3,32.6,33.5,32.3,33.2,33.0,33.6,32.7,32.4,31.9,32.8,31.6,33.2,32.7,33.9,33.0,32.7,33.5,33.3,32.4,32.7,32.0,33.6,32.9,32.8,31.6,33.0,33.5,32.9,33.1,31.8,34.5,33.5,31.8,31.7,32.9,33.0,31.8,32.1,32.4,33.1,31.7,32.1,33.0,32.2,33.2,33.0,33.6,32.2,32.2,32.2,33.2,33.1,32.9,31.9,33.0,32.7,33.3,32.8,34.3,32.7,33.0,33.3,32.7,32.5,33.5,32.7,31.9,33.2,32.4,33.3,32.1,32.9,32.9,33.4,32.9,33.4,32.6,33.6,32.4,33.4,33.4,32.6,32.5,33.7,32.1,33.7,32.1,33.4,32.6,33.4,32.7,34.1,31.4,32.5,32.7,32.3,32.8,32.5,32.8,32.6,32.7,32.1,33.8,33.4,33.9,33.9,33.2,32.7,32.8,32.9,33.1,33.1,32.6,31.5,33.0,33.0,32.8,31.9,32.7,32.8,33.4,33.8,33.3,31.3,33.1,32.8,33.5,31.9,32.6,32.9,32.4,32.1,32.7,33.9,33.6,35.5,35.1,33.3,32.5,33.3,33.2,34.3,32.4,34.0,32.5,33.1,31.7,32.2,32.9,32.9,32.5,32.9,32.7,33.9,32.3,33.5,32.2,32.5,32.8,32.2,32.4,32.9,33.5,34.0,32.5,32.9,33.4,35.4,35.5,33.4,32.6,33.4,33.6,34.2,34.2,32.3,32.8,32.7,33.1,32.2,33.1,32.5,33.9,32.9,32.7,31.8,33.3,33.0,32.8,33.5,32.9,32.9,32.7,33.9,33.2,34.3,32.7,32.6,33.3,34.4,35.1,32.8,32.9,32.9,33.7,34.6,33.4,32.4,32.6,32.8,32.8,32.8,33.0,33.7,32.5,33.3,32.8,32.3,32.4,32.2,33.1,32.7,32.6,32.2,32.9,33.4,34.7,33.9,33.7,34.0,34.6,35.0,35.0,34.9,34.9,34.1,34.0,32.8,33.5,33.0,33.3,32.0,32.8,32.1,32.8,32.6,32.9,33.5,32.4,31.9,33.0,32.6,32.8,32.6,33.3,32.7,33.3,33.4,33.4,33.2,33.4,34.6,34.6,35.0,34.1,34.9,34.3,34.3,34.1,34.3,32.9,33.1,32.6,32.6,31.7,32.6,31.8,33.6,32.6,32.6,33.0,33.2,33.5,33.6,32.5,33.9,33.6,33.3,33.4,33.0,33.1,34.6,34.1,33.5,34.7,34.1,33.2,34.1,33.8,33.6,33.2,33.4,33.2,33.2,33.0,33.3,33.1,32.5,32.3,32.8,33.7,33.5,32.6,31.7,34.1,33.3,32.8,33.4,33.8,32.6,33.7,33.2,32.7,33.8,33.6,33.6,33.0,34.2,33.6,34.6,33.4,33.2,33.7,33.7,32.7,33.2,33.4,33.8,31.5,32.6,33.3,33.7,32.9,33.0,32.6,34.2,33.7,33.6,32.8,32.7,33.3,33.8,33.1,32.7,33.5,33.5,32.6,33.1,34.4,33.8,33.8,33.5,33.2,33.7,32.7,33.3,33.3,33.4,33.2,32.4,32.8,33.2,33.8,32.0,33.7,31.7,33.4,34.1,34.3,32.9,32.5,33.6,32.1,33.1,33.0,34.1,33.1,32.8,32.0,33.2,33.2,33.6,33.1,33.7,33.0,33.7,32.6,33.3,33.8,32.5,32.8,34.2,32.7,33.5,32.3,33.7,32.6,32.8,33.6,33.8,32.8,33.6,33.2,33.9,33.3,32.5,32.7,33.0,33.1,33.5,33.7,33.1,34.4,34.1,33.8,32.8,34.0,32.8,32.2,32.6,33.3,33.1,33.6,33.8,33.3,33.6,33.4,32.9,33.4,33.5,33.1,32.1,34.5,33.8,32.6,33.2,32.8,33.2,34.5,33.6,32.0,33.1,33.3,34.7,32.7,32.8,nan,33.8,33.4,32.6,32.8,32.7,33.9,33.9,33.4,33.5,32.3,32.7,32.6,33.1,32.8,32.9,32.6,34.2,33.2,32.6,32.9,32.7,33.3,34.0,32.7,33.5,33.3,32.9,33.0,32.7,33.6,33.6,33.1,33.6,34.5,33.8,32.6,32.6,34.1,33.3,33.0,32.5,33.9,32.7,32.8,32.4,33.6,33.6,32.9,33.2,34.5,32.5,33.8,34.0,32.7,32.1,32.5,33.0,32.2,32.8,33.3,33.0,33.7,33.6,32.9,34.2,34.0,33.4,33.4,33.7,33.8,32.6,33.2,33.3,32.6,33.1,32.2,34.3,32.7,33.7,33.0,34.3,33.7,33.3,34.2,32.7,32.8,32.7,32.8,32.8,32.8,32.5,34.2,32.9,34.1,34.4,33.6,33.2,35.3,34.5,32.9,32.7,33.3,33.7,33.8,32.8,33.2,33.2,32.4,32.7,33.9,33.0,33.6,33.5,34.9,33.2,32.2,33.9,32.8,31.9,32.4,32.7,32.2,33.1,33.0,33.6,32.8,33.9,33.2,36.8,33.3,34.4,33.9,33.9,33.1,32.7,33.4,32.8,33.2,31.8,33.1,33.5,33.2,34.3,33.5,34.2,34.1,33.0,33.3,33.2,34.5,32.5,32.7,32.5,33.4,33.0,34.3,31.9,33.6,34.1,33.4,33.7,34.6,33.2,33.6,32.1,33.6,33.2,33.2,33.5,33.3,33.3,33.9,33.4,33.5,33.6,33.7,33.9,34.4,31.7,34.0,33.3,32.9,33.2,33.6,32.7,32.9,33.2,33.3,35.4,32.9,34.0,33.4,33.6,32.9,33.9,33.8,34.1,32.9,33.2,33.4,33.7,33.2,33.7,33.1,34.4,32.5,33.5,33.6,35.2,35.3
1785306942.5235856,2191,33.1,34.3,32.2,33.4,32.4,33.0,32.3,32.7,32.5,33.4,32.3,32.9,33.7,32.4,33.3,33.2,32.2,33.4,33.5,33.4,32.8,32.3,33.4,34.1,33.0,33.3,33.3,33.8,33.0,32.4,33.3,33.7,34.2,32.3,33.8,32.1,32.8,32.3,32.9,32.8,33.5,32.3,32.6,33.9,33.5,32.2,32.7,33.3,33.1,33.6,33.0,33.7,33.4,31.9,32.6,32.8,32.4,32.4,32.3,33.3,32.9,32.5,33.1,33.6,33.5,33.5,33.3,34.3,31.6,34.4,33.5,33.2,33.2,33.1,32.4,32.7,32.7,32.9,32.2,33.1,32.7,33.5,33.1,33.7,32.7,32.3,33.0,33.3,33.1,33.0,32.8,32.9,33.1,33.3,32.7,33.4,33.9,33.3,32.7,33.4,32.7,31.7,33.7,32.5,33.4,32.3,32.7,33.4,33.5,32.3,33.5,33.2,32.2,33.2,33.4,33.0,32.3,32.5,32.6,33.3,33.6,32.9,31.7,32.9,32.6,32.9,34.0,33.5,33.4,32.9,33.2,33.7,31.7,33.4,32.5,33.7,33.2,32.9,32.8,33.0,33.6,33.1,32.8,32.7,33.4,32.8,32.6,32.9,32.8,32.5,32.7,33.7,33.5,32.8,32.5,33.6,32.3,33.3,33.5,33.5,33.0,32.3,33.1,32.7,32.7,34.3,32.6,32.5,33.0,33.7,31.8,33.3,33.4,33.7,33.4,33.8,33.1,32.6,32.9,33.3,32.8,32.2,33.7,33.2,33.5,33.5,33.2,33.3,34.0,32.6,32.8,33.6,33.4,33.4,31.9,33.6,31.9,33.4,33.6,33.1,32.6,32.6,32.3,33.5,33.6,34.9,32.4,33.4,32.5,33.3,33.4,33.2,33.3,33.3,32.5,32.9,33.3,32.7,33.6,33.7,33.4,32.4,33.0,34.6,32.0,33.1,32.8,34.5,32.9,32.6,33.5,33.3,33.2,33.7,33.9,33.1,35.4,34.9,34.5,33.3,33.5,33.2,33.2,33.5,34.2,33.3,32.6,32.4,32.7,32.8,33.7,32.7,32.9,33.1,32.1,33.2,33.5,33.3,32.7,33.2,33.0,32.8,33.8,34.0,33.2,33.3,33.5,33.7,36.3,36.2,33.5,33.0,33.4,33.8,35.0,33.6,33.1,32.8,32.9,33.9,32.3,33.3,32.5,33.0,33.8,32.9,33.3,32.9,33.5,33.0,34.3,32.9,33.7,32.2,33.7,34.8,34.5,33.1,33.4,33.5,35.7,35.2,33.0,33.4,33.5,33.8,34.3,33.2,33.2,32.7,33.3,33.7,32.6,33.3,32.7,33.4,33.3,31.4,33.0,32.6,32.7,33.6,33.9,33.6,32.8,34.3,33.4,34.9,34.2,33.9,33.7,34.0,35.7,35.4,34.9,34.6,33.6,33.8,33.3,33.0,33.2,32.7,33.1,33.5,32.7,33.0,33.3,32.9,33.1,33.5,32.3,33.3,33.5,33.2,32.8,33.9,34.6,32.6,33.9,34.1,34.2,33.8,34.5,35.4,35.0,34.0,34.6,34.7,34.5,34.0,33.8,33.7,34.2,33.1,33.5,33.3,33.5,33.7,32.5,33.3,32.8,33.0,33.6,33.7,34.2,34.8,33.3,33.1,33.6,33.4,33.3,33.0,33.9,34.9,34.2,34.4,34.4,34.4,34.7,34.0,33.2,34.1,33.4,33.5,33.3,33.2,33.4,32.8,33.9,32.8,32.9,33.4,33.1,32.8,33.3,33.1,33.5,33.1,33.0,33.2,33.2,33.1,33.6,33.8,33.8,33.5,33.3,34.2,34.1,33.3,34.0,34.2,32.8,32.8,33.7,33.4,33.1,33.4,33.2,33.7,33.0,32.8,34.1,32.7,33.4,32.6,33.6,33.4,33.8,34.0,33.9,34.1,33.9,33.6,33.6,34.2,32.2,33.8,33.3,34.3,33.9,34.3,33.9,34.3,32.9,33.0,33.1,33.4,33.6,33.5,32.6,33.8,33.2,33.5,33.5,33.4,33.5,33.4,33.9,34.1,34.0,32.5,33.6,32.7,33.7,33.0,33.5,33.3,33.5,32.6,33.7,33.9,34.2,33.3,33.4,33.9,33.4,33.1,33.2,33.0,32.4,32.5,34.0,34.1,33.7,33.8,33.8,34.5,33.0,32.9,34.2,33.8,33.9,33.6,32.3,33.8,33.4,34.5,33.0,34.1,33.5,33.6,33.8,34.0,34.6,34.0,33.9,33.8,33.3,33.4,33.5,32.8,33.1,33.8,33.1,33.6,33.3,32.9,33.5,32.9,33.1,32.8,33.5,33.9,33.4,33.3,33.4,33.2,33.8,33.2,34.1,33.2,33.3,33.3,33.0,34.7,34.9,nan,33.9,33.7,33.6,33.0,32.9,32.9,33.4,33.2,32.7,33.4,33.4,33.1,33.3,33.1,34.0,33.0,34.6,34.0,33.3,34.0,33.7,33.1,34.2,33.3,33.1,32.8,32.9,33.2,33.9,34.0,33.3,33.5,34.5,34.0,33.6,33.5,32.9,32.7,33.0,33.7,32.9,33.2,33.7,32.9,34.6,33.6,32.9,33.5,34.2,33.9,33.2,33.4,33.4,34.1,33.8,33.4,33.2,33.3,33.2,32.0,33.6,33.1,33.8,32.9,33.9,33.9,33.8,33.9,33.3,33.9,33.4,33.6,33.4,33.5,33.5,32.7,33.6,33.5,33.4,33.7,33.3,34.6,32.4,33.4,33.1,34.5,32.5,33.2,32.8,33.7,32.9,33.4,33.8,34.6,34.3,34.5,35.3,35.2,33.8,33.6,32.7,33.3,33.4,33.0,32.7,34.1,33.4,32.8,34.0,33.7,33.2,34.0,34.3,34.3,33.2,33.3,33.9,34.3,32.9,33.2,33.9,33.7,32.6,33.2,32.9,34.4,35.0,33.7,34.1,34.4,34.6,33.7,33.5,33.9,32.9,33.7,33.7,33.7,32.8,34.2,33.4,33.6,34.1,33.5,34.7,35.4,34.8,33.7,33.0,34.3,33.4,32.9,33.4,34.0,33.0,33.6,33.5,34.1,34.3,34.1,32.5,34.0,32.5,32.9,33.7,33.3,33.2,33.5,33.3,34.1,33.7,32.6,34.4,33.9,34.0,33.4,34.8,35.1,32.9,32.7,34.2,33.7,33.9,34.6,33.0,34.3,33.1,32.6,34.2,33.6,34.3,34.3,34.7,33.0,33.4,33.4,33.4,33.8,34.3,32.9,33.9,34.1,33.8,33.1,32.8,33.7,33.2,35.1,34.1,34.2
1785306944.3827982,2192,33.2,34.7,32.5,34.2,33.2,33.9,31.6,34.0,33.5,33.1,33.7,33.4,32.7,32.7,32.3,32.9,31.4,33.5,32.7,33.5,32.7,32.2,32.8,33.2,32.7,33.2,33.6,33.7,33.6,33.2,31.6,33.3,33.5,31.9,34.1,33.0,34.2,33.3,33.6,33.3,34.0,33.0,33.2,33.4,33.2,33.0,33.3,31.9,33.4,33.0,32.9,33.1,33.1,32.8,34.4,32.9,33.2,32.3,33.3,33.4,34.1,33.1,33.4,33.0,31.3,34.1,31.8,33.0,32.8,33.4,33.5,33.9,33.4,33.0,32.2,33.0,32.4,33.9,32.1,32.5,32.3,33.2,32.5,33.6,33.0,32.7,32.4,32.8,32.9,34.0,33.5,33.0,32.0,33.6,33.1,34.2,34.0,32.2,33.5,34.0,33.9,32.7,33.8,33.4,33.8,32.2,33.5,32.1,33.6,32.8,32.9,32.4,32.5,32.6,33.6,33.2,33.1,32.8,33.9,32.9,32.6,32.1,33.6,33.1,33.8,32.6,33.4,32.9,32.5,33.7,33.3,33.4,33.1,33.3,32.6,32.4,32.8,33.5,33.0,32.2,33.4,33.1,33.1,33.5,32.3,32.3,32.1,33.8,33.3,33.5,32.5,33.8,33.4,33.8,33.0,33.5,34.0,34.0,33.4,33.3,34.2,33.1,33.8,34.3,33.8,32.3,32.5,32.8,33.8,32.6,33.3,32.6,33.5,33.2,33.2,32.9,33.7,32.4,34.2,32.9,34.0,33.5,33.4,33.2,32.4,32.9,33.3,33.0,33.7,32.3,32.6,33.3,33.1,33.9,33.9,34.3,32.6,32.9,33.1,33.3,33.9,33.0,32.7,33.5,34.3,33.5,33.0,33.2,33.6,33.1,32.7,33.4,33.0,32.7,31.9,33.5,33.4,32.9,32.6,33.2,32.7,33.3,33.7,33.9,34.3,32.8,34.1,33.4,33.7,32.0,33.2,33.1,33.8,32.1,32.8,33.4,35.7,34.5,33.6,33.0,33.6,32.2,33.1,32.8,33.8,32.9,32.7,33.4,33.7,32.5,33.7,33.3,33.7,31.4,34.0,33.3,31.9,34.1,32.0,33.7,33.3,34.0,32.7,33.9,32.8,33.4,32.5,33.6,34.7,35.5,33.7,33.4,32.6,33.4,33.0,33.9,33.4,33.7,33.2,33.2,32.6,33.4,32.8,33.4,33.7,33.8,32.0,34.1,34.4,33.3,34.0,32.9,33.4,33.2,32.9,33.1,33.6,33.2,33.0,33.6,35.2,35.2,33.9,33.0,33.3,32.8,34.1,34.0,33.3,32.5,33.9,32.3,32.9,32.6,33.8,33.9,33.8,32.7,32.0,33.4,33.4,34.1,33.4,35.1,32.5,33.9,33.0,34.3,33.0,34.5,33.8,34.9,35.8,35.5,34.2,34.2,32.8,33.6,32.6,33.1,33.1,33.2,32.7,33.1,32.4,33.6,33.1,33.2,32.7,33.5,33.9,33.4,35.0,33.8,33.3,33.7,33.6,32.2,33.1,32.8,34.3,32.7,34.4,34.6,35.1,34.0,34.7,35.1,34.3,33.3,34.1,32.7,34.1,32.9,33.1,33.6,33.0,32.9,33.9,33.8,33.5,31.7,34.5,33.6,32.9,33.5,32.4,34.0,33.2,34.2,34.0,33.6,34.0,33.4,34.5,34.5,33.7,34.5,34.7,34.6,34.4,34.4,32.6,33.5,32.8,33.9,33.1,32.9,33.2,33.7,32.9,33.0,32.9,33.5,33.3,34.4,34.2,32.8,33.9,33.7,34.0,32.7,33.5,32.9,33.1,33.3,33.9,33.8,34.8,33.2,34.1,34.0,34.6,33.7,33.7,33.5,34.0,32.7,32.6,32.7,33.6,32.4,34.4,33.6,34.0,33.5,34.1,33.3,32.7,34.3,32.4,33.2,33.4,33.6,33.2,34.8,33.8,34.5,34.4,33.6,34.4,34.5,33.6,34.2,33.9,35.0,33.1,33.6,33.9,33.9,33.6,33.4,33.7,32.7,33.1,33.5,32.3,33.1,32.8,34.0,33.3,33.1,34.1,33.4,33.9,32.2,34.6,33.7,34.1,33.9,34.6,33.5,34.0,32.9,34.0,32.9,34.9,33.9,34.1,32.8,33.2,33.1,33.5,33.4,33.4,32.9,33.3,32.5,34.2,32.8,34.7,33.4,33.6,33.9,32.4,33.8,32.6,33.5,33.3,32.9,33.5,34.0,32.4,34.4,34.0,34.9,34.2,34.2,34.1,35.0,34.1,34.1,33.9,33.9,33.2,33.5,33.0,33.7,32.7,33.2,33.4,34.4,33.3,34.0,34.6,32.1,34.3,33.0,33.9,32.6,33.5,33.5,34.6,33.6,33.4,33.5,34.7,nan,33.6,33.5,34.8,33.4,34.0,33.2,33.8,33.7,34.0,33.2,33.3,34.0,33.5,33.3,33.9,32.9,34.1,34.5,34.2,33.5,33.0,34.2,33.0,33.9,33.2,33.6,33.2,34.5,33.7,35.1,34.7,34.5,32.8,34.1,33.4,33.7,32.9,34.4,33.2,33.9,33.2,33.3,34.4,33.8,32.9,35.0,33.4,33.6,34.1,35.0,33.1,33.3,33.9,33.4,33.9,32.4,32.4,34.0,33.1,33.6,34.2,35.1,33.7,33.4,34.6,34.2,34.3,33.1,33.9,33.1,33.2,33.2,33.8,33.7,33.3,33.2,34.1,33.2,33.8,33.1,34.6,33.9,34.6,34.5,32.8,33.4,33.4,34.2,33.1,34.2,32.8,34.2,33.5,34.4,33.5,34.4,34.0,34.7,33.8,33.7,33.3,32.7,33.5,33.2,34.6,33.3,32.8,34.2,33.2,33.6,33.6,34.7,34.0,34.8,34.0,34.6,33.6,33.2,34.1,33.3,33.2,33.4,33.6,33.5,33.5,34.1,35.4,34.2,34.7,34.4,33.7,33.7,33.8,33.4,33.5,33.7,32.7,32.6,34.1,33.4,35.2,32.8,33.0,33.6,35.6,34.2,33.8,34.3,33.1,34.4,33.7,33.8,33.0,34.3,33.5,33.1,32.6,33.5,34.2,34.7,34.0,33.9,33.7,33.0,33.8,35.3,33.5,34.2,33.5,32.9,32.9,34.4,33.9,35.0,33.7,33.9,34.5,33.9,34.3,34.0,33.9,32.8,33.8,32.9,33.4,33.7,34.1,33.1,33.9,33.2,34.4,33.7,32.8,34.1,34.4,33.2,33.0,33.6,33.7,33.0,33.8,34.2,34.8,32.9,33.7,33.8,34.5,33.1,34.8,34.3
1785306946.5194046,2193,33.8,32.9,33.3,33.4,32.3,32.7,32.7,33.1,32.2,32.6,32.5,32.3,32.5,33.9,33.4,33.5,32.7,32.6,32.1,33.6,33.4,32.3,32.9,33.9,33.1,33.3,32.5,34.0,33.1,32.8,32.7,34.7,32.4,32.2,34.3,33.7,32.8,32.2,32.4,32.9,32.9,32.2,31.8,33.0,32.3,32.1,31.7,33.0,31.8,32.6,32.4,32.3,33.9,32.6,32.0,33.7,32.1,32.6,33.4,32.7,33.3,33.3,33.1,33.2,32.9,33.0,32.5,33.6,33.2,33.1,32.8,33.8,32.2,32.7,31.4,33.2,32.8,32.9,32.6,32.2,31.9,33.1,32.8,32.9,33.2,33.1,32.2,32.5,32.5,33.4,32.5,33.1,33.0,32.8,32.6,33.2,33.1,33.4,32.9,34.0,32.9,33.5,32.9,33.0,33.0,32.6,32.7,31.7,33.0,32.4,32.1,32.5,33.2,32.8,33.5,32.9,32.7,32.2,31.8,32.7,32.3,33.2,32.3,33.2,33.0,32.3,33.5,33.4,32.5,33.3,32.0,32.6,32.6,32.2,32.4,33.5,32.9,32.7,31.7,34.0,32.0,33.0,32.5,33.2,32.9,33.2,32.9,33.1,32.9,32.9,33.1,33.7,32.3,33.5,32.6,32.8,31.4,33.3,33.0,33.2,34.1,31.7,33.3,33.5,35.6,32.2,32.9,33.5,33.9,32.3,33.0,33.1,33.1,32.5,33.1,32.7,33.6,32.7,32.7,32.8,32.3,32.8,33.3,32.9,31.4,32.7,33.0,33.4,33.0,31.9,32.3,33.2,32.9,33.6,33.0,33.6,31.8,32.8,33.3,32.7,33.7,32.8,31.8,32.7,34.4,34.4,33.0,32.8,32.6,32.7,32.3,33.8,33.3,32.8,31.7,33.6,32.9,32.8,32.9,33.8,32.7,32.8,32.9,33.8,33.3,33.0,32.4,32.2,32.7,33.8,32.9,32.7,33.4,33.1,33.0,33.3,35.1,35.4,34.3,32.9,33.4,33.5,33.3,33.4,32.2,32.4,32.9,32.1,33.4,32.7,33.3,32.9,33.6,33.5,34.5,33.3,32.8,33.5,33.9,33.8,31.7,33.7,32.3,34.5,32.6,32.8,32.8,32.9,35.9,35.8,33.0,33.3,32.9,33.5,31.8,33.8,32.2,32.8,32.5,33.3,32.9,33.1,32.2,34.6,32.0,32.7,32.5,34.0,33.0,32.7,32.7,33.0,33.5,33.1,32.8,33.6,33.8,32.3,33.1,33.3,34.8,35.4,33.8,33.7,33.0,33.4,33.5,33.4,33.4,32.3,32.5,32.6,32.8,33.2,33.4,33.5,32.9,32.5,33.7,32.9,33.0,33.8,33.2,33.4,33.1,33.6,31.7,33.9,32.8,34.1,34.4,35.1,35.9,35.7,34.9,35.1,33.4,34.0,32.4,32.7,32.4,33.3,33.1,32.8,32.6,33.1,32.5,34.1,32.8,32.4,34.2,33.3,33.0,33.1,33.2,32.9,33.6,33.4,32.3,32.8,33.8,33.3,34.3,34.2,35.0,34.5,34.0,34.5,33.6,32.2,33.7,33.3,32.7,33.0,32.4,32.2,32.6,32.5,33.2,32.5,33.0,32.9,34.0,32.0,33.1,33.4,33.2,33.9,32.6,33.6,33.2,33.7,33.1,32.8,33.6,34.4,33.7,34.4,34.3,34.1,33.5,33.0,33.2,32.7,33.4,33.3,32.8,33.4,32.8,33.0,33.0,32.3,33.2,33.9,32.6,33.7,32.6,31.7,33.4,32.5,33.9,32.5,33.6,33.3,32.8,34.0,34.6,33.6,33.9,33.5,33.5,34.0,33.9,32.8,33.2,33.4,32.7,33.4,33.7,32.9,33.5,33.1,33.7,32.6,33.0,33.5,33.2,33.4,32.7,33.6,33.0,33.9,33.0,33.1,32.6,33.3,32.3,33.4,34.0,34.9,32.9,34.0,32.6,33.8,34.4,34.6,32.2,34.3,33.3,32.7,33.0,33.8,32.5,33.1,33.0,33.2,32.7,33.4,33.4,34.7,32.9,32.6,33.2,32.2,32.7,33.6,34.0,33.2,33.0,32.5,34.5,33.4,34.1,33.3,33.9,32.7,35.3,33.5,33.1,33.3,33.5,33.5,33.5,33.0,32.6,32.5,33.6,33.2,33.4,33.3,33.8,33.3,32.5,33.6,33.0,33.7,33.2,34.0,32.5,33.3,33.1,33.9,33.5,34.8,34.1,33.6,33.2,34.0,33.7,35.1,32.9,33.5,32.7,33.0,33.0,32.9,32.5,32.4,33.7,32.7,32.5,33.3,33.2,33.9,33.4,32.5,33.8,32.4,33.1,33.3,32.2,32.8,33.5,32.9,33.5,34.1,33.6,nan,34.3,33.3,33.7,33.8,33.0,33.0,33.2,32.4,33.0,33.6,34.0,32.5,32.2,32.8,34.0,32.3,34.2,34.3,33.6,34.0,34.0,34.9,32.0,34.2,33.0,34.2,32.6,32.5,34.8,34.9,33.4,33.6,34.2,34.3,34.2,34.3,33.5,33.7,32.3,33.7,33.3,33.2,33.1,33.2,33.8,32.8,33.3,33.9,33.7,33.5,33.4,31.5,33.2,33.6,33.2,31.8,33.2,32.6,34.2,32.7,34.2,34.6,33.9,33.6,34.4,34.9,34.6,33.0,32.9,33.2,33.4,31.9,31.6,33.6,33.0,33.0,33.4,33.5,33.5,32.5,34.3,33.8,33.0,35.3,33.4,34.7,33.0,33.2,32.8,34.1,33.1,33.2,34.0,33.9,34.2,33.8,33.6,34.8,33.9,33.4,33.3,33.3,32.8,33.8,33.8,33.7,32.2,34.6,33.5,34.1,33.9,34.0,32.7,35.5,33.4,32.6,32.9,34.8,34.0,33.1,33.1,34.5,32.2,32.7,32.5,33.9,34.4,34.3,34.8,34.7,33.2,34.1,33.5,34.3,33.2,33.4,35.3,33.1,33.1,33.7,33.2,32.9,33.1,33.2,34.2,34.2,32.9,33.5,33.3,34.7,32.4,33.9,32.6,34.2,32.3,33.2,32.9,33.2,34.5,34.1,32.9,33.1,34.0,34.8,32.9,33.9,32.9,33.3,34.0,33.7,33.2,34.3,32.7,33.3,33.0,34.4,33.1,34.7,34.0,32.8,33.7,33.4,33.6,33.1,33.3,33.8,32.9,32.5,33.4,33.8,34.5,34.2,33.8,33.3,33.8,33.3,32.5,32.6,34.5,32.6,33.5,32.5,33.2,33.2,34.2,33.6,33.8,33.9,33.2,34.5
1785306948.774213,2194,33.1,32.9,33.4,33.6,32.4,32.7,33.9,32.5,33.3,33.2,33.4,33.8,33.7,32.6,33.1,32.6,32.4,32.3,32.7,33.2,33.3,32.8,33.2,32.7,33.2,32.6,32.6,33.1,32.5,33.5,34.5,33.7,34.5,33.9,33.8,34.3,33.2,32.1,33.7,33.2,32.9,32.9,32.2,33.1,32.9,32.9,33.0,33.3,32.5,33.1,32.4,34.0,33.0,32.9,32.6,33.0,33.9,33.4,33.6,34.1,34.7,31.8,33.3,33.6,34.0,33.5,33.5,33.1,33.7,33.3,32.9,32.2,33.0,33.5,32.8,32.5,32.9,33.2,32.9,33.3,32.9,33.1,32.7,32.8,32.2,32.8,33.2,33.5,33.1,32.6,32.8,33.3,33.1,32.2,32.7,33.7,32.9,33.8,33.9,33.4,33.1,33.4,32.9,32.9,33.0,33.0,33.6,33.4,33.3,32.6,32.6,33.4,33.6,33.0,33.0,32.7,32.5,32.7,32.5,32.8,33.2,32.5,33.5,33.7,34.1,33.5,33.3,33.5,32.9,33.5,32.5,33.7,33.5,32.0,33.4,31.7,32.8,32.0,33.4,32.6,32.8,33.2,34.1,33.2,32.9,32.6,33.1,33.7,33.0,32.2,32.7,33.9,32.6,33.8,32.9,34.0,33.9,33.7,32.8,33.2,34.6,32.3,33.5,34.4,32.3,33.5,33.9,33.8,32.6,32.6,32.3,33.3,32.7,32.1,32.5,33.4,32.6,32.3,32.9,33.3,33.8,33.6,33.5,34.1,33.5,33.1,33.3,33.5,32.6,32.6,32.9,35.3,33.4,33.8,33.3,33.6,33.9,32.6,33.4,32.5,32.7,33.6,32.1,33.2,34.0,34.8,33.1,32.8,32.3,33.3,33.2,33.0,33.9,33.1,33.2,31.7,32.8,32.3,33.4,33.3,33.6,33.8,34.0,32.1,32.7,32.6,34.4,33.9,32.5,33.0,32.6,32.6,33.4,32.8,32.5,33.8,34.8,35.7,34.4,33.0,33.2,32.5,33.2,33.2,32.7,32.6,32.7,32.6,32.7,32.8,32.0,33.4,33.6,32.9,33.3,32.8,33.9,33.7,33.3,32.6,32.6,34.1,33.1,33.3,32.5,33.2,34.0,33.2,34.9,35.2,34.4,34.1,33.3,33.5,33.7,32.3,32.6,32.8,32.9,33.4,32.0,33.3,32.5,33.2,32.7,32.5,33.5,33.5,31.7,33.2,33.5,33.3,33.1,33.1,33.0,34.2,33.0,33.2,33.9,33.6,35.1,35.2,33.0,34.2,32.1,32.9,32.7,34.2,32.7,33.4,33.3,33.2,32.9,32.4,33.4,33.6,33.5,31.8,32.7,33.5,33.3,32.9,32.9,33.4,33.5,33.8,32.5,32.6,33.2,33.4,34.3,34.3,36.0,35.0,35.2,33.7,33.5,32.9,34.1,33.7,34.0,34.1,33.1,32.9,33.2,33.1,33.1,33.3,33.5,33.7,34.5,34.3,32.8,33.8,32.8,33.7,33.1,33.5,33.4,32.9,32.7,32.8,34.8,34.3,35.1,34.6,34.4,35.0,33.9,33.2,33.3,33.4,33.4,32.6,33.3,33.3,33.1,32.3,33.6,33.1,32.6,33.2,33.4,32.9,33.2,33.4,34.5,32.9,33.4,33.4,33.7,34.0,32.9,33.6,34.4,33.2,34.1,34.3,34.3,34.9,34.6,33.0,32.9,33.5,33.3,34.5,33.3,33.4,33.4,32.8,33.5,34.1,34.2,32.8,34.5,33.3,33.1,32.6,34.2,33.4,33.0,33.5,34.8,33.2,33.8,33.0,33.8,34.3,33.1,34.0,33.9,33.9,34.8,34.1,33.2,34.0,34.0,32.9,33.4,32.4,33.1,32.3,33.6,34.0,34.3,32.8,33.8,33.2,33.8,33.2,33.1,33.7,32.8,33.8,33.5,34.3,33.2,33.2,34.2,34.1,33.1,34.0,33.5,33.8,34.3,34.9,33.4,33.3,32.3,32.0,33.9,33.1,32.7,33.8,33.8,33.5,32.9,32.8,33.7,32.9,33.4,32.9,33.0,33.6,33.1,32.8,32.4,33.9,33.7,32.6,33.2,34.8,34.2,33.1,33.2,33.6,34.0,34.4,33.8,33.6,33.9,33.1,33.8,33.6,33.5,32.6,33.8,33.6,33.5,33.4,34.2,33.4,33.2,31.9,33.5,33.7,34.0,33.0,33.8,32.6,33.5,33.2,34.6,34.3,33.3,33.6,34.1,34.1,34.2,34.4,33.8,33.5,33.6,34.5,33.4,32.7,34.4,32.5,34.2,32.9,33.5,33.3,34.3,33.5,31.9,32.6,33.0,33.0,33.0,33.4,33.8,34.1,33.5,33.8,32.5,35.0,33.4,nan,34.0,34.4,33.7,33.1,33.7,34.2,33.1,33.5,32.5,32.9,33.4,33.3,32.9,32.9,33.4,33.7,34.6,34.6,33.5,33.4,33.7,33.3,33.5,34.5,34.2,33.3,33.2,33.5,34.9,34.9,33.6,33.5,34.6,34.3,34.0,34.3,33.9,33.5,33.3,32.8,32.9,33.6,33.2,33.9,33.9,33.0,33.4,33.3,34.4,34.3,33.0,32.5,32.6,33.5,32.9,33.0,32.6,34.5,33.2,34.0,34.7,34.8,33.9,33.4,34.4,34.4,33.8,33.9,33.2,33.4,33.7,32.9,33.5,34.6,33.8,32.9,33.2,33.8,33.4,33.9,32.4,34.4,34.0,33.3,33.7,33.7,32.9,33.8,33.1,33.3,32.7,33.0,33.7,34.3,35.3,34.0,35.1,35.0,33.8,34.6,33.4,34.3,33.1,32.9,34.3,33.6,33.2,34.1,33.3,33.1,33.2,33.6,33.3,34.2,32.7,33.3,33.3,33.5,33.6,33.2,32.4,33.7,33.1,32.6,33.7,34.2,34.4,34.4,33.4,34.1,33.7,33.9,33.0,33.6,34.4,32.7,34.2,33.3,32.7,33.4,33.3,34.9,34.1,33.7,34.0,35.4,33.7,32.6,33.2,33.4,33.8,32.9,33.3,33.4,32.8,33.4,33.5,33.6,34.6,33.9,33.7,33.6,33.7,34.4,33.9,33.9,33.4,34.0,34.1,33.5,33.1,33.1,34.6,33.3,34.0,32.5,34.8,35.1,33.3,32.9,33.5,34.2,33.4,33.0,32.3,34.5,33.6,32.8,32.9,34.5,34.1,33.4,33.6,33.0,34.1,33.4,33.6,34.7,33.0,33.2,33.9,33.9,33.9,33.9,34.2,33.9,34.2,34.0,34.3,35.3
1785306950.7826533,2195,34.4,33.2,32.4,33.7,34.5,32.7,33.2,34.4,33.0,32.8,32.5,33.3,33.0,31.9,32.4,33.7,32.6,31.5,33.5,33.4,33.9,32.6,32.1,33.7,32.4,32.8,32.7,34.0,32.1,33.3,33.1,33.2,34.0,33.4,34.5,31.6,33.3,32.8,33.5,31.9,32.7,33.3,32.9,32.8,32.5,33.8,33.4,32.9,32.5,32.7,33.2,32.8,33.0,33.3,33.3,33.8,32.3,32.4,32.5,33.1,32.7,33.4,34.1,33.3,34.0,34.4,32.4,32.9,33.1,33.5,33.2,33.8,33.3,32.9,33.0,33.2,34.3,32.4,32.7,32.4,32.6,32.6,32.7,34.3,32.1,32.8,32.1,32.7,33.3,33.0,31.6,33.3,32.5,34.3,32.2,33.4,33.1,34.0,33.2,32.8,32.3,33.4,32.7,31.9,33.2,32.1,33.6,32.5,33.1,32.3,32.6,32.3,33.1,33.7,34.0,32.3,32.5,33.4,33.5,32.2,33.1,34.4,32.7,33.1,33.0,33.1,33.1,33.0,32.4,34.0,32.3,34.3,33.8,32.8,31.9,34.2,32.5,33.2,31.8,33.0,33.7,32.7,31.6,33.5,33.2,33.6,33.0,33.9,33.5,33.2,33.1,33.2,32.8,33.5,32.9,34.6,33.1,32.9,33.5,35.0,32.5,33.2,33.5,33.6,34.3,32.7,33.1,32.8,33.4,33.0,33.2,32.7,33.1,33.1,33.7,32.5,33.1,32.6,32.9,32.6,33.4,33.4,32.8,32.5,32.8,33.0,33.7,33.1,33.4,33.0,32.1,33.4,33.0,32.7,32.9,34.0,32.1,33.9,33.2,33.9,33.4,32.4,33.1,33.3,34.4,34.4,32.3,33.4,33.0,33.5,32.9,34.3,34.4,32.4,31.8,32.4,32.6,33.0,32.7,32.2,33.8,32.6,33.4,33.6,34.0,33.1,32.6,32.7,33.2,33.4,33.6,32.4,33.0,33.5,32.9,33.3,35.2,35.1,33.5,34.0,32.4,32.5,33.0,32.9,33.8,32.8,32.7,33.3,32.9,33.5,33.6,32.3,33.1,33.5,34.5,32.1,33.3,34.2,32.5,33.4,33.2,33.0,32.4,34.4,33.0,33.7,32.4,34.7,36.1,35.5,33.0,34.1,33.9,34.0,32.9,34.6,33.3,33.1,32.1,33.1,33.2,32.6,32.4,33.7,34.2,33.3,31.8,33.8,33.7,33.2,33.7,32.4,33.1,33.4,34.2,33.2,32.8,33.9,33.4,33.6,35.2,35.4,33.8,33.0,33.0,33.2,33.3,32.7,32.7,33.1,32.8,32.7,32.9,32.8,34.1,33.6,33.1,32.4,32.9,34.1,33.5,34.0,33.5,35.0,33.4,34.0,32.5,34.7,33.2,33.6,34.0,35.1,35.5,35.5,33.8,35.6,33.2,33.8,33.1,33.8,33.2,32.8,32.9,33.3,32.7,32.8,31.7,34.0,33.5,32.6,32.6,33.1,33.9,33.9,33.4,32.6,33.3,33.5,33.9,32.9,33.8,32.8,34.9,35.0,35.4,34.5,34.8,34.8,34.2,33.4,33.7,34.2,33.4,33.2,32.8,32.5,32.8,33.5,32.0,33.5,33.0,32.3,33.6,33.3,33.2,33.6,32.3,33.7,33.3,32.5,32.8,33.1,34.2,34.1,34.1,34.4,33.9,34.3,34.0,33.8,35.1,33.3,33.4,33.8,33.8,33.7,33.0,34.1,33.2,32.3,33.5,33.8,34.2,33.3,32.5,33.1,34.3,32.9,33.6,32.6,33.5,33.9,33.6,33.3,34.3,33.2,34.9,34.2,34.8,34.4,34.5,33.9,33.9,33.8,33.7,33.1,32.9,34.5,33.5,32.7,32.9,33.0,33.4,33.3,33.9,33.0,34.4,32.4,33.6,33.6,32.7,34.3,33.9,33.8,33.1,34.0,34.1,33.4,33.6,34.1,33.6,34.1,33.8,33.5,34.8,34.8,34.1,33.5,33.0,33.5,33.6,33.1,33.6,32.9,33.3,34.4,34.6,33.5,33.5,35.1,33.4,34.4,34.8,33.5,33.1,33.5,33.8,33.1,33.2,33.0,34.8,34.0,35.0,34.5,33.2,33.8,34.5,34.9,34.1,32.8,33.7,33.6,34.2,33.4,33.5,33.8,33.8,32.9,33.0,33.2,33.8,33.6,34.1,33.6,33.1,34.7,34.0,34.9,32.3,34.2,32.9,33.2,33.8,34.6,34.2,34.4,34.4,34.5,33.8,34.6,33.5,33.5,34.6,32.3,33.1,32.8,33.9,32.7,33.5,33.1,34.6,33.3,33.9,33.7,33.2,32.7,33.6,32.3,33.1,34.1,33.4,33.1,33.7,33.9,34.2,34.2,34.4,nan,34.0,33.7,33.9,34.2,34.2,33.8,33.1,33.9,32.8,33.0,33.5,33.3,33.8,33.1,33.8,33.2,34.0,33.0,33.1,33.4,32.9,33.7,33.3,34.9,32.9,34.2,33.4,32.3,34.3,34.4,34.5,34.0,33.5,34.3,34.6,34.6,33.8,35.1,33.5,33.5,32.7,33.4,33.0,33.2,33.1,33.8,33.2,34.3,33.2,33.3,33.7,34.4,34.4,34.1,33.6,33.2,33.6,33.7,33.2,34.0,35.4,34.0,34.1,33.6,34.9,35.0,33.8,34.6,33.9,33.0,33.2,33.6,33.5,33.4,33.0,33.8,33.2,32.9,33.5,33.4,34.7,33.1,33.8,34.9,33.1,34.3,33.1,32.6,33.0,33.7,33.1,32.7,33.6,34.8,34.8,34.2,33.2,34.3,34.5,33.8,33.2,34.0,34.1,32.8,33.4,33.9,33.4,33.2,33.5,34.7,34.0,34.0,33.1,34.7,33.7,34.0,33.5,32.0,34.0,33.0,33.5,34.4,34.0,33.4,33.7,33.1,34.3,34.9,34.6,34.6,33.7,33.8,34.1,33.1,33.2,33.9,34.7,32.8,33.1,33.6,34.7,34.0,33.5,34.3,33.8,35.9,33.7,34.0,33.2,33.6,33.0,33.3,32.5,34.4,33.6,33.5,32.6,33.4,35.5,33.9,33.0,35.2,34.3,33.9,33.2,34.1,32.5,33.6,33.2,33.1,34.5,32.6,33.6,34.3,34.0,34.0,34.2,34.9,33.3,34.3,34.6,33.5,34.3,32.6,33.7,33.2,33.6,33.4,34.1,33.4,34.7,34.3,33.6,33.6,33.8,33.8,34.1,32.6,34.1,33.1,34.1,33.0,33.0,33.9,33.6,34.1,34.0,34.4,35.2,34.4
1785306953.3777158,2196,31.9,33.7,33.3,33.6,32.3,33.5,31.8,34.1,32.8,32.9,32.7,32.6,31.4,32.3,33.2,33.1,32.3,32.5,32.3,33.7,31.9,33.1,33.3,33.0,31.9,33.4,32.8,34.2,32.7,33.2,33.0,33.6,33.6,31.4,34.2,32.5,32.7,31.1,32.8,32.9,32.0,31.9,32.7,32.5,33.4,32.3,33.3,33.2,32.5,31.6,33.8,33.2,32.4,33.0,32.9,33.3,31.6,32.5,32.9,33.2,33.5,32.8,33.7,33.7,33.1,33.6,33.2,34.9,32.3,33.0,32.2,34.1,32.8,33.0,33.1,33.1,31.9,33.0,33.0,33.0,32.1,33.4,31.9,33.2,32.3,33.4,32.4,33.6,32.5,32.9,32.7,34.2,33.0,33.6,32.6,33.8,33.3,33.4,31.9,33.3,33.3,31.0,32.6,32.4,33.5,33.5,33.1,32.6,32.5,31.7,32.7,32.4,33.3,32.9,33.3,32.9,32.9,32.6,33.5,32.9,33.5,32.2,33.0,31.8,33.6,32.6,33.4,33.8,33.5,34.2,33.3,33.0,34.7,33.3,33.0,33.2,32.4,32.1,32.8,33.0,32.4,32.6,32.7,33.4,33.1,32.8,33.5,32.1,32.6,32.6,33.0,32.9,33.0,32.7,32.8,33.7,32.2,33.4,32.5,33.1,34.1,31.5,32.5,32.6,33.4,32.8,32.7,32.4,33.1,32.7,33.2,31.5,33.8,33.0,33.5,33.2,33.0,33.2,33.2,32.7,32.7,32.8,33.4,32.8,32.5,33.2,33.5,33.2,33.3,32.9,33.1,32.0,32.6,32.6,31.8,32.9,32.0,33.2,32.4,32.6,33.0,33.2,31.8,34.1,34.4,33.8,33.0,33.5,32.7,33.1,32.5,32.9,33.2,33.5,32.9,33.5,31.8,32.8,33.8,33.6,32.5,32.7,32.0,34.3,32.8,32.8,33.3,32.0,33.3,32.7,33.2,31.6,34.1,32.9,32.6,33.2,35.0,34.7,34.2,33.4,33.3,32.0,33.1,32.3,33.8,32.7,32.5,33.3,32.1,32.3,32.5,32.2,33.0,33.2,33.6,32.2,32.1,33.9,33.3,33.9,32.5,33.2,32.5,33.2,32.8,32.9,32.6,34.1,34.9,36.4,32.4,33.7,32.2,33.7,33.3,33.7,32.4,32.7,33.0,32.8,32.6,32.7,32.8,32.9,33.1,32.6,33.0,32.4,34.8,33.5,34.0,32.5,33.2,33.2,33.3,32.9,33.1,32.0,34.0,33.2,35.5,35.0,33.2,32.6,32.8,33.7,33.2,33.4,33.3,32.5,33.0,32.2,33.0,32.5,33.3,33.7,32.7,33.0,33.3,33.6,32.6,33.3,32.8,34.3,32.1,33.7,32.4,33.8,32.0,33.0,33.6,34.8,35.6,35.1,34.6,35.2,33.8,33.6,33.5,33.3,32.3,33.4,32.6,33.4,32.4,33.5,33.0,32.6,32.3,33.4,33.4,34.0,32.3,32.9,34.3,33.3,33.4,32.3,33.1,32.6,34.1,33.0,34.4,33.9,34.7,34.4,34.7,33.9,33.8,33.1,33.6,32.7,33.1,32.8,33.4,32.7,33.4,32.4,32.6,32.1,33.1,32.7,33.9,32.6,32.9,33.9,33.2,33.8,33.9,33.3,32.0,34.4,33.6,33.2,34.1,35.1,33.2,34.0,34.3,34.7,34.7,33.6,33.0,33.1,33.2,33.9,33.5,33.0,32.8,32.9,33.0,33.9,34.3,33.8,33.2,32.4,34.0,32.6,33.9,32.9,33.3,32.9,33.8,32.5,33.5,32.6,35.5,34.4,34.0,33.8,34.2,33.5,34.1,33.3,33.6,32.0,33.9,32.2,32.9,33.1,32.9,33.2,33.8,33.2,33.5,32.7,33.5,32.5,32.9,33.1,33.0,33.8,33.0,33.2,33.2,33.7,32.3,33.8,34.0,34.4,34.0,33.6,33.4,34.4,34.4,34.0,33.5,33.7,32.7,33.1,32.7,34.0,32.8,33.4,33.4,33.6,33.6,33.1,33.8,34.2,33.1,33.7,33.7,32.0,32.8,32.0,33.5,32.5,32.6,32.9,33.6,33.8,34.1,33.6,33.3,34.0,34.0,33.7,34.4,33.5,33.3,32.5,33.8,33.1,32.7,33.6,33.1,33.4,32.4,32.2,33.9,33.3,33.5,33.7,33.4,33.1,32.4,33.5,33.8,33.1,33.3,33.5,34.2,33.5,34.0,33.7,34.2,34.7,33.5,33.6,33.4,33.4,32.5,33.7,33.2,33.0,33.3,34.0,32.9,33.7,33.0,33.2,34.0,33.6,33.3,31.9,32.9,33.5,33.2,33.5,33.2,33.5,33.9,32.7,34.6,33.6,33.8,nan,34.1,34.1,33.3,34.1,33.6,33.0,33.0,33.6,33.3,33.5,32.6,33.4,33.2,32.7,34.1,33.5,34.5,33.7,32.9,34.1,32.4,34.0,31.7,33.0,32.6,34.5,32.9,33.5,34.0,35.4,33.7,33.9,33.9,33.7,33.2,33.7,32.8,34.2,33.2,33.2,32.9,34.7,32.6,32.9,33.4,33.7,33.0,33.4,33.5,34.0,32.7,32.8,33.1,33.2,32.6,33.1,32.9,33.7,33.3,32.9,34.1,33.9,33.9,33.5,34.5,33.6,33.8,33.5,33.3,33.5,33.5,32.3,33.3,33.4,32.9,32.8,34.0,32.4,33.8,33.1,33.6,32.8,32.3,33.5,32.4,34.0,33.0,33.1,32.5,33.4,32.4,33.6,33.8,34.4,33.8,34.9,34.7,34.2,33.9,32.9,33.8,33.9,32.6,34.2,35.1,33.3,33.3,33.3,32.2,32.9,32.8,33.9,34.0,35.2,32.9,33.0,34.0,33.4,33.1,33.5,33.8,32.9,33.2,32.2,32.8,33.9,34.7,33.8,34.0,33.5,34.0,33.5,33.8,33.2,33.6,33.4,33.9,33.1,32.8,32.8,33.6,33.9,33.8,33.6,35.0,34.5,33.6,33.0,32.0,35.3,33.5,33.2,32.8,33.9,33.1,33.8,33.5,33.8,34.3,34.5,32.9,33.5,33.1,33.8,32.5,34.0,32.8,33.7,33.4,33.6,33.0,34.4,33.3,33.8,33.1,33.9,33.2,35.0,33.0,32.8,34.3,33.0,32.9,33.3,33.8,33.2,33.3,33.1,33.2,33.5,33.9,33.7,33.2,33.7,33.0,33.5,34.0,33.0,33.3,32.1,33.1,32.3,33.5,34.0,34.1,34.4,33.5,34.3,34.4,33.9
1785306955.425365,2197,35.3,32.9,32.7,33.4,33.6,31.8,32.1,32.9,33.4,32.4,32.3,32.3,31.9,33.0,32.2,32.6,32.4,32.8,32.4,33.4,33.5,32.5,33.6,32.3,32.6,32.7,33.1,32.5,33.9,32.8,32.3,33.2,34.2,34.4,32.6,33.6,32.2,32.8,32.9,33.0,32.3,33.3,32.6,33.0,32.0,32.0,31.2,33.3,32.7,33.5,32.3,32.8,32.3,33.5,31.6,33.2,32.0,33.4,33.4,33.7,32.7,33.2,32.1,34.1,32.8,33.2,31.7,33.6,32.9,33.3,32.0,32.4,33.3,31.1,32.6,32.1,32.0,32.4,32.0,32.4,32.6,33.0,32.6,32.2,32.1,33.0,33.0,32.4,33.0,32.0,33.2,33.3,33.4,32.8,33.7,33.0,32.9,33.3,32.3,33.7,33.0,33.0,32.9,31.5,33.4,32.5,33.3,33.1,32.1,32.7,31.9,32.9,32.9,33.2,33.2,33.2,32.7,33.4,32.4,32.8,32.9,33.5,33.3,33.2,32.8,32.7,31.4,34.7,32.9,33.3,32.3,34.1,33.4,32.4,33.3,31.8,32.0,33.4,32.2,33.0,32.8,32.2,32.5,32.4,33.1,32.8,33.2,32.9,33.0,33.2,33.3,32.5,32.8,32.2,33.5,31.9,33.1,32.3,32.4,32.8,31.8,33.9,32.4,32.5,31.3,33.3,32.4,32.9,32.3,33.3,32.6,33.0,33.3,33.3,32.4,33.1,33.3,33.3,32.1,33.8,33.0,33.6,32.5,32.5,32.1,32.6,33.4,32.3,32.6,32.8,31.9,33.6,33.9,31.8,32.5,32.8,32.5,33.2,33.6,32.7,32.9,32.4,32.6,33.5,34.2,32.9,32.5,32.6,32.7,32.7,32.4,32.9,33.8,32.8,33.2,32.7,32.8,32.5,33.0,32.9,34.2,32.6,33.0,33.2,32.5,33.5,33.2,33.1,32.3,33.6,33.1,33.4,33.0,33.4,32.5,34.3,34.9,35.2,33.5,33.7,32.6,32.7,33.2,32.7,33.2,32.2,32.8,33.1,32.6,32.8,33.1,32.9,32.9,33.1,33.1,32.8,33.5,32.7,32.6,32.8,33.5,33.2,32.8,33.0,33.7,32.0,32.9,33.9,35.9,35.4,32.8,32.5,33.0,32.4,32.5,32.5,33.3,32.7,32.8,32.9,32.7,32.8,32.2,32.8,32.5,33.1,33.7,32.3,33.7,33.2,32.5,33.8,32.5,32.7,32.7,33.4,33.5,33.4,32.9,33.6,35.1,34.6,32.7,32.4,32.6,33.7,33.3,32.8,32.4,33.7,32.8,32.5,33.3,33.3,33.4,33.1,32.6,33.4,33.0,32.5,33.1,33.8,33.5,33.6,32.4,33.3,32.9,33.2,32.6,33.9,33.4,34.0,35.7,35.7,34.4,34.9,33.6,32.3,33.5,33.2,33.7,32.5,32.1,32.3,32.9,33.1,33.0,32.2,33.0,33.2,33.2,33.5,32.6,33.0,33.8,32.8,32.6,32.4,32.2,32.4,33.2,33.1,34.5,34.5,34.7,34.8,34.1,35.1,34.0,33.2,33.0,33.6,33.2,33.2,32.1,33.4,32.6,33.2,31.8,32.4,32.5,33.6,33.6,33.1,34.3,33.2,32.7,33.1,32.6,33.8,33.3,33.5,33.4,32.8,34.2,34.1,34.3,34.6,34.5,34.3,34.6,33.2,33.3,32.9,32.7,33.9,32.6,32.6,33.1,32.5,33.0,33.1,33.5,32.1,33.7,33.7,33.5,33.1,33.8,32.8,33.4,33.0,33.4,32.6,33.0,33.7,35.1,34.5,33.1,33.5,33.9,33.9,34.0,34.2,32.8,33.1,32.6,32.6,32.7,33.2,32.1,33.4,32.5,32.9,32.1,32.5,32.4,33.0,32.4,33.6,33.1,32.0,32.6,33.1,33.7,33.9,33.6,33.1,34.8,33.5,34.8,33.2,33.5,33.7,35.0,34.1,33.1,32.2,33.6,32.4,33.1,33.5,32.6,32.8,33.2,33.7,33.0,33.4,33.5,32.9,32.5,33.2,33.3,32.1,33.3,33.0,33.1,33.1,33.0,32.2,34.4,33.5,33.8,34.2,33.1,34.7,34.7,34.2,33.7,32.7,33.1,33.1,32.4,33.3,33.0,32.6,33.4,32.6,32.5,32.7,33.4,33.5,32.8,33.2,32.9,33.8,33.1,32.9,32.3,33.0,33.2,32.7,34.1,34.3,33.9,33.8,33.8,33.8,34.6,34.5,33.0,33.2,32.6,33.7,32.9,32.9,33.5,33.1,33.2,33.3,33.7,32.0,33.2,33.5,32.6,33.7,32.2,33.5,32.5,32.5,32.5,33.4,33.0,33.5,34.5,33.4,33.6,nan,33.7,33.7,33.3,33.6,32.1,33.5,33.1,32.7,32.7,33.4,32.9,33.7,32.9,32.8,33.6,33.4,33.4,33.8,33.5,33.2,32.3,33.1,33.5,33.3,33.1,33.3,33.2,33.4,35.6,33.8,34.2,34.0,34.5,34.2,34.0,33.7,34.0,32.8,33.5,32.7,33.2,33.1,33.8,33.0,33.5,34.1,33.6,33.9,32.8,33.3,32.1,32.5,33.6,32.5,32.9,33.6,33.0,33.9,32.5,33.5,33.7,34.7,33.5,33.6,33.7,34.1,33.9,34.4,33.1,34.1,32.8,32.7,33.5,33.4,32.1,33.1,33.0,33.8,33.4,34.3,33.7,34.2,32.9,33.6,33.1,33.1,34.6,33.2,32.8,33.5,33.4,33.2,33.4,33.9,34.8,34.2,33.3,34.3,34.0,33.5,33.2,33.1,33.8,32.3,34.5,33.6,33.2,33.0,34.1,33.7,33.9,33.0,33.9,33.6,33.0,33.2,33.9,33.7,33.3,33.8,34.1,33.5,32.6,34.6,33.6,34.4,34.1,33.9,32.0,34.3,33.4,34.1,34.1,32.9,32.7,33.7,33.3,33.2,32.6,33.3,33.4,33.3,33.9,33.3,34.5,34.6,34.2,33.5,33.7,33.0,32.8,32.7,32.9,32.7,32.8,33.6,32.5,33.6,34.6,34.1,33.8,33.1,34.5,33.4,33.4,33.6,33.6,32.4,33.0,34.6,33.0,33.3,34.2,33.9,33.8,34.2,33.5,34.0,32.4,34.3,33.1,33.1,33.9,32.8,33.1,33.2,32.3,32.5,33.3,33.4,33.8,33.6,34.3,33.3,33.6,33.6,33.6,33.5,33.8,34.0,33.2,33.2,34.1,33.1,33.2,32.9,33.8,33.6,34.3,34.7
1785306957.5820408,2198,33.6,32.4,32.9,32.4,33.6,32.7,33.9,32.3,33.4,33.2,33.2,33.1,33.3,32.4,32.9,32.6,32.8,32.3,33.3,33.0,33.4,32.8,33.0,32.7,33.0,33.3,34.4,32.3,32.6,32.6,32.3,32.4,33.7,32.8,32.1,33.1,33.1,31.9,33.3,33.2,33.1,34.1,32.2,33.0,30.9,33.8,32.3,32.7,32.4,32.6,33.4,33.1,33.6,33.1,32.6,34.4,33.3,32.8,33.0,33.7,33.4,33.2,31.9,33.4,34.3,33.5,33.3,32.7,33.7,33.9,33.4,33.0,33.1,33.3,33.4,32.5,32.9,32.5,32.6,33.5,33.3,32.4,32.4,32.8,32.8,32.1,33.4,32.4,33.0,33.2,32.4,33.7,33.8,32.4,33.2,34.6,33.9,34.0,33.4,34.1,31.7,32.6,32.9,34.1,32.8,32.5,33.1,33.3,32.6,32.7,31.9,33.2,32.6,33.4,33.2,32.7,32.5,33.4,33.1,33.0,32.9,33.1,32.7,33.0,32.8,32.7,34.0,34.7,35.5,32.9,34.1,33.7,32.8,33.6,32.9,31.6,33.4,33.2,33.4,32.6,33.7,33.1,32.5,32.4,33.5,33.1,33.0,33.1,32.9,33.6,33.1,33.4,33.8,32.6,32.9,33.1,34.7,33.3,33.1,33.2,32.8,33.2,33.9,33.4,32.1,33.1,33.0,33.0,32.8,33.5,32.6,33.7,32.4,32.4,33.1,34.0,33.5,33.3,33.3,33.5,32.3,32.4,32.1,33.2,33.0,32.8,33.2,32.9,33.0,33.2,33.2,33.4,34.1,33.6,33.3,31.9,33.1,31.6,32.5,31.8,33.8,32.4,32.6,33.0,33.7,33.6,32.6,32.6,33.3,33.5,33.7,32.7,32.9,32.1,32.7,32.7,33.7,32.3,32.9,33.1,33.2,32.2,33.4,32.9,33.6,34.0,34.0,33.5,33.2,34.1,32.6,34.1,32.3,34.1,32.2,33.8,35.4,35.1,33.5,33.5,32.6,33.5,32.5,34.0,33.4,33.2,33.1,32.8,32.9,33.0,32.9,33.6,32.5,33.1,33.3,32.8,33.3,32.9,33.2,32.8,33.7,32.8,33.1,32.4,33.7,32.2,33.7,33.7,36.5,35.7,34.1,33.1,33.0,32.9,32.4,33.3,32.8,33.2,33.4,32.4,33.2,32.8,33.8,32.8,33.8,33.1,32.5,34.0,31.7,34.0,32.3,33.6,32.4,33.5,33.0,33.4,33.5,32.8,32.9,33.8,35.4,34.9,33.3,33.7,33.2,33.5,32.8,34.0,32.7,33.1,33.0,32.7,33.3,32.8,32.9,33.5,34.1,33.9,33.6,33.5,34.0,33.4,35.3,33.0,33.2,33.4,33.8,33.9,33.4,32.6,34.2,33.8,35.7,34.9,34.6,34.3,33.8,32.9,33.3,32.6,33.0,33.0,32.7,32.8,33.0,32.1,33.5,32.0,33.9,33.2,33.4,32.7,33.9,32.2,33.6,33.8,33.5,33.7,32.2,33.6,33.4,33.1,34.3,35.0,34.4,35.1,34.5,34.0,33.1,34.2,34.5,32.9,32.9,33.4,33.5,33.2,33.0,33.2,33.6,32.6,33.6,33.2,33.2,33.7,33.4,32.8,32.7,33.7,34.2,32.9,33.2,33.0,33.7,32.8,34.9,34.4,35.2,34.0,33.7,34.3,35.1,33.2,33.5,33.2,34.0,32.9,33.3,32.8,33.4,32.0,33.7,34.1,34.6,34.3,34.1,32.7,32.7,33.3,33.0,33.0,33.2,33.3,33.2,33.8,33.8,33.7,34.8,33.9,33.6,33.9,34.2,34.1,34.5,33.9,33.4,32.9,33.4,33.3,34.0,33.6,33.0,33.4,33.6,32.8,33.9,33.0,33.6,33.8,34.3,33.4,34.5,33.5,33.7,32.2,33.7,33.7,33.7,34.1,34.6,34.1,34.9,33.5,33.0,33.5,34.9,33.0,33.5,33.4,33.6,32.4,33.1,33.1,33.6,33.3,33.5,32.8,33.9,33.0,33.9,32.7,32.3,33.8,32.7,33.3,33.1,33.4,33.1,32.9,33.0,34.5,34.5,34.0,34.6,34.1,33.2,33.8,34.4,35.0,33.7,34.0,34.0,33.8,33.7,33.3,33.2,33.7,32.7,34.2,33.4,33.8,34.4,33.1,34.3,33.0,33.3,32.8,33.5,32.9,32.6,33.2,33.4,33.4,34.8,34.1,34.6,34.0,34.3,33.8,34.0,34.3,33.5,33.5,33.0,33.5,33.3,33.3,33.3,32.9,34.6,32.9,33.7,33.1,33.3,34.1,33.0,34.3,33.8,33.9,33.8,33.2,33.4,33.4,33.3,34.2,32.4,35.0,34.1,nan,33.7,33.9,34.1,34.6,33.1,33.9,33.4,33.2,32.8,32.9,33.0,33.0,33.1,32.8,32.9,34.1,34.6,33.6,33.1,33.2,32.7,34.1,32.9,32.7,33.9,33.9,33.2,33.1,35.5,33.9,34.3,33.5,35.1,34.5,34.8,34.3,34.6,33.5,33.5,33.5,33.2,32.9,33.9,33.4,33.9,34.0,33.4,32.8,33.8,33.9,32.1,33.8,34.7,33.9,33.3,33.8,33.8,33.8,33.7,33.7,34.8,34.2,33.1,33.6,33.7,34.7,33.6,34.3,33.1,33.3,32.8,33.9,33.0,34.2,33.2,33.8,33.6,33.8,33.4,33.2,33.9,33.8,34.7,34.0,31.8,35.1,33.5,33.2,32.8,33.5,34.0,33.9,33.6,33.8,35.0,34.0,34.1,34.2,34.0,33.5,33.6,33.0,33.4,33.1,33.8,33.6,33.4,32.7,33.9,33.6,34.8,32.2,33.7,34.5,33.2,33.8,34.4,33.5,33.3,33.4,31.5,33.5,33.9,33.9,32.5,34.4,34.1,33.9,33.4,35.6,33.2,33.6,33.4,32.9,33.0,33.7,34.4,34.1,33.3,33.6,33.0,34.0,34.5,34.5,35.1,35.7,34.2,33.1,32.3,33.2,34.0,32.9,32.9,33.7,33.7,31.9,32.8,34.0,35.0,33.9,32.9,33.8,34.6,33.3,33.6,34.0,33.8,33.6,33.5,33.3,33.7,32.6,33.8,33.7,34.6,33.1,34.6,34.2,33.8,33.2,33.8,33.5,32.2,33.0,32.8,33.4,32.7,34.3,34.2,33.6,34.3,33.6,33.6,34.0,33.6,33.8,33.6,33.8,33.9,33.8,33.4,33.9,33.6,33.9,34.2,35.1,33.2,33.8,33.9,35.6
1785306959.5272582,2199,32.1,34.4,32.0,33.0,34.2,33.5,33.4,32.4,32.7,33.3,32.8,32.4,33.1,33.1,32.7,33.1,33.1,32.0,33.1,32.2,32.9,33.0,33.6,32.4,33.5,33.2,33.4,32.6,33.4,33.4,33.4,33.3,34.6,34.0,33.4,32.5,33.8,34.0,32.2,33.3,33.6,32.7,32.1,32.9,32.8,32.5,32.6,34.1,33.8,32.7,33.7,32.2,34.3,33.4,32.3,32.7,33.5,33.1,32.9,33.6,33.9,33.5,31.5,34.5,34.4,34.3,31.8,34.2,34.1,33.2,32.9,33.0,34.0,34.0,32.7,32.8,32.8,33.2,32.8,31.8,32.7,34.3,32.5,32.5,32.9,32.8,33.1,33.0,33.3,33.9,33.5,33.2,34.3,33.8,33.3,33.3,34.0,32.9,32.4,33.3,33.5,33.5,32.6,32.0,33.5,33.7,33.2,32.3,34.2,32.6,32.6,33.1,33.0,33.3,32.8,33.2,33.0,33.0,32.0,33.1,33.6,33.2,32.2,33.1,33.0,33.0,32.7,33.4,34.0,33.5,34.2,33.2,33.1,34.1,33.0,33.0,33.2,34.1,32.3,32.9,33.3,34.2,32.6,32.5,33.3,33.4,32.9,33.4,32.8,33.7,32.9,32.9,33.8,33.2,33.2,33.4,32.8,33.2,32.3,32.3,34.1,33.6,32.8,33.1,33.8,33.6,33.1,32.8,33.8,33.3,31.9,33.1,33.0,33.9,33.4,33.3,33.3,33.9,33.4,32.6,33.4,33.0,32.7,33.2,33.8,33.5,32.2,33.4,33.1,33.5,33.1,33.7,33.8,33.8,33.9,33.9,32.9,33.7,33.7,32.8,32.5,32.9,32.8,32.8,33.9,33.7,32.7,33.1,32.8,33.4,32.5,33.6,32.7,33.2,32.5,32.7,34.0,33.0,31.7,33.4,32.9,33.7,34.0,33.9,33.9,33.7,32.9,33.6,33.2,33.7,32.3,32.2,33.5,32.8,32.8,32.6,35.2,35.8,33.3,33.5,33.5,32.7,33.3,33.0,33.3,33.1,32.4,33.4,33.6,33.1,33.0,33.3,32.8,34.0,33.6,32.5,33.0,34.3,32.7,32.9,33.3,33.6,33.8,33.3,33.5,32.5,32.2,33.5,36.1,35.6,33.7,34.1,33.6,33.3,33.4,32.6,33.4,33.6,32.9,32.5,33.2,33.7,32.7,32.9,33.4,33.1,33.4,33.5,33.2,32.9,34.2,33.1,32.9,33.9,32.6,33.5,34.1,32.9,32.7,33.9,35.5,35.1,33.4,32.7,33.6,33.8,33.3,33.0,33.0,33.2,33.4,32.5,33.6,32.6,32.8,33.6,33.3,32.9,33.3,33.2,33.7,32.7,33.4,32.6,33.3,33.9,32.9,32.8,33.9,33.2,33.8,34.9,35.6,36.0,34.7,34.1,33.6,33.5,33.1,33.8,32.8,33.3,33.0,32.8,33.3,32.9,32.9,33.2,34.2,33.1,33.7,33.6,33.8,32.5,32.3,32.9,32.5,33.4,32.6,33.5,33.8,32.7,34.6,34.9,35.9,35.7,35.2,34.2,33.7,33.8,32.8,33.2,33.5,33.8,31.6,34.0,33.1,33.1,33.4,33.1,33.5,33.0,33.0,33.3,33.7,32.9,33.0,33.4,33.6,33.9,33.8,32.8,33.4,34.0,34.2,34.7,34.2,34.1,33.9,34.6,34.4,33.6,34.4,33.2,33.8,34.0,33.8,32.4,32.7,32.8,33.4,33.2,32.9,33.9,33.9,32.2,33.6,33.4,32.5,32.8,33.3,33.4,33.4,33.6,34.1,33.4,34.6,34.9,34.2,33.7,34.2,33.9,34.0,33.9,32.7,33.9,33.7,33.4,33.0,33.2,33.9,32.8,33.2,33.6,33.1,33.9,33.2,33.5,34.4,33.9,32.8,33.6,33.6,33.4,33.8,33.5,32.7,33.9,34.4,34.4,34.7,34.6,33.3,33.2,34.9,34.6,33.4,34.0,33.6,33.8,33.4,32.6,33.9,32.5,32.9,32.6,32.9,33.9,33.3,34.0,33.5,33.3,33.6,33.6,33.9,33.7,32.9,33.4,33.5,33.1,34.3,33.8,34.8,34.0,33.2,33.9,35.3,34.8,32.8,33.8,33.7,33.4,33.2,33.4,33.8,33.4,33.7,34.1,33.1,34.3,33.5,34.8,33.6,33.5,33.6,33.1,33.9,34.1,32.9,33.3,33.3,33.0,34.6,33.9,34.4,34.3,34.2,34.1,33.8,34.0,33.1,33.8,33.6,34.6,33.6,33.7,33.2,33.4,33.3,32.8,33.8,34.4,33.5,33.4,33.1,34.7,33.5,34.0,34.3,33.7,33.4,32.5,34.7,33.7,33.5,34.0,34.1,nan,33.2,33.7,34.2,34.4,33.2,33.4,33.9,33.7,32.6,32.8,33.5,33.3,33.8,32.7,33.8,34.1,34.0,34.1,34.0,34.4,33.9,33.3,33.2,33.4,33.1,34.4,33.2,33.3,34.2,34.4,34.3,34.7,33.0,34.1,34.7,34.8,33.9,34.0,34.3,33.8,33.2,33.2,33.3,32.8,34.2,33.3,33.9,33.3,33.9,35.1,34.4,33.3,32.3,32.9,33.4,32.4,33.2,33.2,33.7,33.0,34.7,34.7,34.2,33.9,33.0,34.5,34.5,34.4,33.7,33.1,33.4,33.5,32.6,33.8,33.8,33.8,33.5,33.6,34.1,34.3,34.0,34.1,33.7,34.8,32.8,34.0,33.6,33.9,33.1,34.2,33.0,33.9,33.7,34.2,34.6,34.5,34.9,34.3,34.1,33.4,33.3,34.3,33.4,33.3,35.3,33.0,34.4,34.1,33.8,33.5,35.2,34.2,33.8,34.2,34.2,34.1,33.9,34.0,33.2,33.7,33.3,33.6,33.3,33.1,33.7,33.3,34.6,35.4,34.2,34.9,34.2,33.9,33.3,33.4,33.8,33.8,33.6,33.0,34.3,34.3,33.3,34.1,33.1,33.8,33.3,33.4,32.4,33.4,34.5,33.6,33.3,33.9,33.8,33.8,33.5,34.2,34.4,33.0,34.6,34.4,33.7,34.3,33.7,33.6,33.3,34.1,33.9,34.3,34.0,34.0,32.9,33.3,33.3,34.0,33.1,35.2,35.4,35.0,33.5,33.3,33.7,33.4,33.8,34.5,33.3,34.6,33.9,34.2,34.1,33.7,34.3,33.9,33.7,33.5,34.3,33.9,33.4,34.1,33.7,34.1,33.7,33.5,33.9,34.0,33.5,33.6,34.5,33.7,34.0,35.2
1785306961.5612144,2200,33.4,32.9,32.7,34.2,32.9,32.7,32.4,33.5,33.8,32.2,32.1,33.1,34.1,32.3,32.0,33.4,32.3,32.6,32.4,33.2,33.0,31.9,33.7,32.9,32.4,32.5,32.5,33.6,33.0,33.3,33.1,34.2,32.7,31.8,33.1,32.1,32.2,32.2,34.0,32.8,33.1,32.2,33.1,33.2,32.5,32.8,32.5,33.5,32.4,33.0,33.6,32.4,32.5,32.7,33.0,33.8,33.1,32.8,33.2,33.3,33.4,33.2,34.3,34.9,33.0,34.0,31.7,33.8,33.3,32.5,33.2,33.8,33.5,32.6,31.2,33.1,32.9,33.1,32.7,32.4,32.6,32.8,32.6,32.8,32.4,32.6,32.7,32.0,33.2,32.6,31.8,33.5,34.0,31.8,31.8,34.6,32.4,31.4,34.3,33.0,33.0,31.4,33.3,33.1,32.4,32.0,33.3,33.7,31.9,32.7,33.1,32.2,31.9,32.7,33.7,33.6,32.5,31.8,33.5,33.2,32.7,32.9,33.5,33.8,32.6,32.5,32.8,33.1,33.6,31.9,31.9,33.5,33.2,32.4,32.5,33.7,32.3,32.0,32.2,33.3,32.7,33.2,32.8,33.5,32.6,32.9,32.3,32.7,32.5,32.2,32.9,33.0,31.7,32.6,32.8,33.6,32.3,32.3,33.1,34.3,33.7,32.3,32.9,32.8,33.3,32.4,32.2,32.5,32.1,32.7,33.3,33.2,32.4,33.0,33.6,33.0,33.5,33.3,32.8,33.1,33.3,32.8,33.5,33.3,32.8,32.6,32.2,32.6,33.4,33.8,33.2,33.4,33.5,33.2,32.1,33.6,32.8,32.8,32.0,32.9,33.1,33.3,32.3,33.7,33.3,33.6,33.4,33.8,32.5,32.5,33.3,33.3,33.0,32.6,32.9,33.6,32.8,32.7,32.9,33.5,32.5,33.0,33.4,34.0,33.3,32.5,33.8,32.1,33.2,32.7,32.9,31.8,32.7,32.9,33.0,32.8,34.6,34.9,33.7,32.7,31.8,32.9,33.3,34.0,32.5,33.0,33.8,32.5,33.1,32.6,32.6,33.8,32.3,33.9,33.1,33.4,32.9,33.1,33.2,34.0,32.6,33.0,32.4,34.2,33.2,32.7,32.7,33.5,35.2,34.9,33.2,33.8,32.5,32.9,33.0,33.0,34.0,33.3,31.6,32.9,32.4,32.2,32.6,33.5,33.7,32.6,33.7,32.7,33.0,32.4,33.7,32.8,33.1,33.5,33.7,32.3,33.7,33.3,33.4,33.7,34.8,34.8,33.5,34.0,32.9,32.3,33.2,33.1,32.2,32.3,33.1,32.9,32.6,33.3,33.7,33.0,32.2,32.8,33.4,33.7,33.1,33.4,33.9,33.0,33.2,33.4,31.7,33.4,32.6,33.1,33.7,35.3,35.5,35.2,34.6,34.3,33.3,33.2,32.8,33.2,33.5,32.0,32.8,33.1,32.9,33.3,33.7,32.7,33.0,32.3,32.6,35.3,32.8,33.3,33.2,33.4,33.7,33.3,32.7,32.7,33.7,33.1,35.6,34.7,34.8,34.5,34.6,35.2,33.7,32.3,33.4,33.7,33.2,32.8,33.0,32.9,32.6,32.7,33.1,33.9,32.7,32.5,32.8,33.0,33.0,32.8,31.9,34.3,33.0,33.6,33.7,32.5,33.8,33.3,34.3,35.4,33.8,33.0,34.0,34.0,34.2,33.0,32.7,33.2,33.7,32.7,33.0,34.0,33.8,32.6,32.8,34.0,33.4,32.6,33.4,34.3,33.3,33.1,33.2,33.3,33.0,31.7,33.8,33.3,33.3,33.4,34.8,34.0,33.9,33.5,34.2,33.5,33.9,33.0,32.9,32.3,32.8,33.0,33.7,33.1,32.5,31.9,33.6,33.7,32.3,33.2,33.0,34.4,33.5,33.4,33.9,34.1,32.8,33.3,33.5,35.1,32.6,32.8,34.1,34.3,34.0,34.6,33.7,33.7,35.0,34.0,32.8,33.0,33.6,32.9,33.3,33.5,33.3,33.3,33.4,33.7,33.0,33.4,34.0,33.7,33.8,34.0,33.6,32.5,32.4,32.3,33.8,33.5,32.2,33.0,34.5,34.1,34.2,33.9,33.9,33.6,34.4,33.5,34.3,33.0,33.1,33.2,34.2,32.8,32.8,33.2,32.9,33.3,31.7,33.1,34.2,33.3,33.5,32.1,33.2,34.1,32.6,32.7,33.5,33.4,32.9,33.7,34.8,34.8,33.8,34.5,34.0,35.0,34.5,33.8,32.7,34.3,33.5,32.8,33.5,33.3,33.0,32.6,33.2,33.4,33.9,32.4,33.4,35.3,31.7,32.7,33.0,32.9,33.1,32.9,32.4,32.6,32.8,32.7,33.2,33.9,33.5,nan,33.7,33.3,33.9,34.3,34.0,32.6,32.1,33.3,33.4,32.7,32.7,33.5,34.0,32.8,32.9,34.2,33.4,33.4,33.7,33.4,32.7,33.9,32.6,33.4,33.0,34.1,32.9,32.5,34.8,34.8,33.2,33.3,33.4,33.7,33.3,33.7,33.3,33.5,33.3,33.3,33.3,32.4,32.2,33.6,33.5,34.9,33.3,32.9,33.8,34.1,33.5,32.8,33.4,33.4,31.9,32.5,34.1,33.9,32.8,32.9,33.9,34.6,33.0,33.5,33.7,33.8,33.4,34.3,33.8,33.2,33.8,32.4,33.4,33.6,32.6,32.6,34.2,33.3,32.8,33.8,34.1,34.8,33.6,33.6,32.7,34.5,32.7,32.6,31.9,33.7,32.6,33.4,33.8,34.1,33.8,33.7,34.0,35.2,34.4,32.6,33.4,33.8,33.1,32.8,34.5,33.4,33.4,32.8,33.5,33.6,32.9,33.2,35.2,34.3,33.9,32.5,33.5,32.7,33.1,33.0,33.9,33.7,33.3,33.7,33.4,33.7,34.1,33.1,33.6,34.0,34.3,32.6,33.5,33.6,33.4,33.9,33.0,33.8,32.0,32.8,33.0,33.5,33.7,34.3,33.6,33.9,32.8,32.4,33.3,34.3,33.6,33.5,33.3,34.6,32.7,33.2,32.9,34.3,33.4,34.5,33.1,34.8,33.8,32.9,32.1,34.0,32.2,32.2,33.6,33.3,33.4,33.5,33.4,33.1,32.6,32.9,33.3,35.1,32.4,32.7,34.2,33.4,33.7,32.8,33.3,33.4,32.7,33.4,33.6,33.5,33.6,34.0,32.9,33.1,33.4,33.1,34.3,33.0,33.4,33.3,34.5,33.8,32.8,33.5,33.8,33.7,32.6,33.8,34.8,34.9
1785306963.7203763,2201,32.7,33.1,32.3,33.0,33.5,32.6,33.1,33.2,33.3,31.7,33.3,33.2,33.1,32.7,33.2,33.9,32.7,32.8,32.5,33.9,33.6,33.7,32.6,33.6,32.3,33.2,32.6,33.7,33.4,33.7,32.5,32.8,33.0,32.7,33.4,34.4,33.0,31.6,32.8,32.9,33.4,32.5,34.6,33.1,32.7,33.5,33.0,33.6,32.9,32.7,34.1,32.1,33.4,32.4,33.7,32.5,33.7,32.5,32.7,33.0,33.5,33.1,33.7,34.5,34.6,33.1,33.7,34.4,34.1,33.6,32.5,33.0,34.1,33.3,33.4,33.5,32.2,33.4,32.8,33.2,33.0,33.3,32.8,33.1,32.8,33.5,32.6,33.2,33.4,34.1,32.3,34.0,32.4,32.1,34.0,34.5,33.8,33.4,33.1,33.1,32.2,33.7,33.2,32.6,33.5,33.5,33.4,33.0,32.4,32.2,32.6,32.2,33.2,33.0,33.0,33.0,33.3,33.5,32.5,32.3,32.3,33.4,32.6,32.9,33.6,33.0,32.5,33.6,34.0,33.9,32.7,32.3,32.9,33.5,33.2,32.9,32.0,33.0,32.4,32.6,33.1,33.2,32.9,33.0,32.8,34.0,32.9,33.7,32.8,33.2,32.6,33.1,32.9,33.2,32.6,34.0,32.0,33.2,32.8,33.4,32.9,32.7,32.5,33.3,32.2,34.0,33.1,32.8,33.3,32.5,33.8,31.9,32.9,32.8,33.7,33.0,32.6,33.4,32.7,33.2,32.9,33.0,33.1,32.4,34.0,32.3,32.9,34.0,33.3,33.1,33.7,33.3,34.5,33.5,33.2,33.5,32.3,33.3,32.8,33.2,33.0,32.9,33.4,33.8,34.6,34.2,33.2,32.2,33.5,33.0,33.8,33.5,33.3,33.4,32.1,32.8,32.9,32.5,31.8,32.7,33.1,33.0,33.7,32.6,34.1,32.8,32.9,33.4,33.4,33.3,33.1,32.9,33.7,32.9,33.5,33.4,35.1,34.8,33.8,32.8,33.3,33.1,33.6,32.5,33.0,32.9,32.2,33.7,33.4,32.7,33.4,32.8,33.4,32.6,32.8,33.1,32.4,34.5,33.1,32.1,33.3,33.8,33.0,34.0,34.3,33.0,32.8,33.5,35.9,35.3,33.4,32.3,33.2,33.1,33.3,33.6,32.9,32.6,32.5,32.7,32.8,33.2,32.3,33.3,33.0,34.2,33.0,34.3,33.4,33.9,33.2,32.7,33.0,33.9,34.0,32.4,33.6,33.0,33.2,33.4,34.9,35.2,33.6,33.4,32.8,33.4,32.5,33.8,34.1,32.3,33.3,32.9,32.6,33.0,32.8,33.9,34.2,32.7,32.3,33.2,33.2,33.3,33.6,34.1,33.1,33.4,32.6,33.3,33.8,33.4,34.3,34.7,35.6,35.5,34.5,34.1,33.5,34.1,33.5,33.3,33.7,33.6,32.3,32.3,32.6,33.2,32.3,32.9,32.1,33.1,32.5,33.0,31.7,33.6,33.1,33.7,32.9,33.2,33.0,33.5,34.3,33.7,34.4,34.9,34.8,34.2,34.3,34.3,34.3,32.3,33.2,32.5,33.7,32.7,33.3,33.9,33.1,32.4,33.4,31.8,33.5,32.8,33.5,33.4,34.2,32.9,33.4,34.8,33.2,33.9,33.6,33.6,33.5,33.7,34.3,35.0,35.0,34.6,34.5,34.3,33.9,33.2,33.0,33.2,33.1,33.5,33.0,33.4,33.1,33.1,32.7,33.4,34.5,33.5,32.5,33.0,33.6,33.2,32.7,33.7,34.2,33.4,33.9,33.0,33.8,33.2,34.8,34.4,33.7,33.8,34.2,33.4,34.8,33.7,34.0,33.0,32.1,33.3,34.0,32.5,33.4,32.6,33.5,33.6,33.0,32.4,33.2,33.5,33.6,33.5,33.0,34.4,33.6,33.6,34.1,33.5,33.6,33.9,35.2,33.9,34.2,33.9,33.2,34.0,34.5,34.4,33.4,33.7,32.9,33.0,33.7,32.4,32.3,33.7,33.4,33.0,32.9,34.4,33.4,35.2,33.7,32.9,34.2,32.8,33.6,32.7,33.2,33.7,32.6,33.2,34.1,33.4,35.2,34.0,33.5,33.2,34.8,35.1,33.6,33.1,34.0,33.0,33.8,33.2,32.6,32.9,33.7,33.0,33.5,33.3,34.7,32.5,33.1,33.1,33.0,33.1,33.9,33.7,33.4,33.3,32.9,33.7,33.4,33.8,34.6,35.2,33.9,33.5,34.3,34.7,33.2,33.1,33.9,33.3,34.0,33.6,33.7,34.3,32.9,33.2,34.3,34.2,33.5,34.2,33.1,33.8,32.5,33.6,33.0,32.6,33.9,33.5,33.6,33.8,34.6,33.9,34.4,nan,33.3,34.1,34.7,34.2,33.3,32.7,32.9,33.5,33.1,33.0,32.5,33.9,34.5,32.9,32.6,32.9,34.4,34.5,33.4,32.9,33.6,33.9,32.3,33.6,33.4,33.3,33.3,33.7,34.7,34.6,33.1,33.4,34.5,34.4,34.0,34.3,33.9,33.6,33.0,34.0,33.1,33.5,32.8,33.3,33.6,33.3,34.3,34.2,33.7,34.4,33.6,33.5,33.8,33.6,33.0,33.3,34.3,33.2,34.0,33.3,35.2,35.3,33.8,33.5,33.4,34.5,35.0,34.0,33.4,32.7,33.5,33.3,32.8,33.3,33.6,33.0,33.4,33.2,33.7,32.7,35.1,33.2,33.9,35.2,33.8,34.7,32.8,34.1,33.1,33.6,32.6,33.3,33.5,34.4,34.5,34.6,33.7,35.3,33.4,33.6,33.1,33.9,33.8,33.1,33.0,33.4,33.5,34.2,33.0,33.9,33.8,33.6,33.8,34.2,34.2,33.0,33.9,33.8,34.9,33.7,32.7,33.4,32.8,32.6,33.5,32.3,34.7,33.8,34.4,34.0,35.4,33.7,33.5,33.0,33.5,33.5,33.3,33.4,34.3,34.1,33.1,33.9,34.4,33.4,34.1,35.3,32.4,34.1,34.2,34.0,32.3,33.5,32.2,34.0,33.3,32.8,33.5,33.5,33.8,34.6,34.0,33.6,33.7,34.8,33.5,34.6,32.8,34.3,33.6,33.3,33.2,34.0,33.1,33.8,34.3,35.0,34.1,35.5,33.0,33.1,34.1,33.7,33.2,32.7,32.7,33.8,34.1,33.8,32.8,33.9,34.1,35.1,34.5,34.2,34.1,34.6,33.5,34.4,33.7,32.8,34.2,33.8,33.1,34.0,33.7,34.2,34.3,33.7,35.1,34.3
1785306966.3080418,2202,32.1,33.0,33.8,33.2,33.9,31.6,34.0,32.3,33.1,33.2,32.8,33.3,31.8,32.5,32.3,33.0,32.8,33.4,32.9,33.6,32.9,32.5,32.8,33.7,33.6,31.4,33.5,33.6,33.8,33.3,32.7,34.0,32.9,33.8,33.3,33.2,33.5,33.6,33.5,33.5,32.5,34.0,32.4,34.6,32.7,33.1,32.7,33.0,32.8,33.8,33.2,33.1,34.0,33.6,32.6,33.7,33.2,33.5,33.8,33.9,34.7,32.9,33.9,34.7,34.1,33.5,33.7,32.9,33.2,32.9,34.1,32.3,33.6,34.5,32.8,32.3,33.4,33.3,33.7,32.6,33.2,33.1,32.5,32.1,32.2,33.0,33.3,32.2,34.0,32.6,32.9,32.7,33.5,33.1,33.6,33.0,33.4,33.4,34.1,34.3,32.8,33.4,33.1,33.0,33.0,33.0,32.7,33.8,32.7,33.5,32.6,32.6,31.9,33.2,33.0,32.3,33.4,32.8,32.9,32.7,31.4,33.3,32.5,34.3,33.3,33.0,33.6,34.3,33.0,32.2,33.1,33.9,33.1,32.4,33.4,32.0,32.8,32.2,34.1,32.7,33.0,33.6,33.4,32.7,33.3,32.8,33.6,33.3,33.3,33.2,32.3,33.9,32.7,33.0,33.4,32.9,33.0,33.1,33.0,32.8,32.6,33.1,33.3,34.2,32.1,32.5,32.0,34.1,32.7,33.5,33.4,32.8,33.3,33.7,32.4,32.9,32.8,33.6,32.8,33.9,32.8,33.4,31.9,33.4,33.4,32.9,33.0,33.8,33.4,32.9,33.4,33.5,34.5,33.9,33.7,33.0,33.6,33.4,33.4,32.5,33.9,32.8,33.6,33.0,34.5,33.7,33.4,33.3,33.9,32.9,33.5,33.0,34.1,33.3,34.0,32.9,33.5,31.8,33.0,32.4,34.5,33.2,33.8,34.2,33.6,33.9,32.6,34.2,31.7,34.1,33.0,33.5,32.5,33.2,32.6,33.1,35.3,35.1,33.0,34.3,32.9,33.0,32.1,33.5,33.7,33.0,33.5,33.6,33.3,33.1,33.1,33.7,33.5,33.4,33.5,33.4,34.3,33.6,34.3,32.6,32.9,33.0,33.3,32.6,33.4,32.7,33.0,33.2,35.7,35.6,33.6,32.8,33.8,32.9,32.4,32.8,32.8,33.5,33.1,34.5,33.7,32.4,32.3,33.4,32.6,33.1,33.2,32.3,33.7,33.6,33.7,33.5,32.6,33.2,32.9,34.2,32.7,33.7,33.8,33.6,35.1,34.9,33.7,34.2,32.1,33.0,33.5,32.9,33.4,32.9,32.8,33.5,32.6,33.8,32.7,34.1,32.6,32.4,33.6,34.0,34.7,33.0,33.0,33.1,32.6,32.7,33.9,33.6,33.4,33.3,34.0,34.6,36.0,35.1,34.9,34.5,33.6,33.2,34.1,33.1,33.2,33.3,33.5,32.2,32.7,33.1,33.1,33.3,33.5,33.0,34.7,33.1,32.4,34.2,33.0,33.5,32.4,33.5,32.0,33.7,33.1,33.6,35.0,35.4,34.4,35.7,34.8,34.5,32.8,34.0,33.7,33.9,32.1,34.3,32.5,33.0,32.6,33.8,32.4,33.8,32.9,33.7,33.0,34.7,33.8,34.2,33.8,33.3,34.3,33.5,32.8,32.8,34.0,33.9,34.7,35.4,34.3,33.8,34.4,34.2,34.4,33.2,33.1,33.2,33.8,34.0,33.3,33.3,33.7,33.2,33.8,32.4,34.0,33.4,33.3,33.3,31.6,33.6,32.2,33.9,32.7,33.6,32.6,33.8,33.8,33.3,35.1,35.3,34.2,35.0,33.6,34.1,33.4,35.0,32.9,33.7,32.9,33.7,33.9,33.4,33.0,33.8,33.4,34.1,32.7,32.8,34.0,34.3,34.0,33.8,33.2,33.3,34.0,32.8,33.4,34.4,33.4,33.1,34.6,34.3,34.4,33.4,33.9,33.9,34.5,34.5,33.8,34.2,33.1,34.0,34.3,33.3,33.6,32.8,33.8,33.4,34.0,33.2,33.7,34.3,33.0,34.3,34.1,32.7,32.6,33.7,33.5,34.1,32.9,33.0,33.7,34.5,33.6,33.4,33.7,34.9,34.2,34.7,34.0,33.6,33.3,33.7,33.4,33.1,33.3,33.6,33.6,32.9,33.4,33.8,33.0,33.8,33.4,32.6,33.7,33.8,33.6,32.5,32.9,33.0,34.5,33.9,34.6,34.8,35.3,34.0,34.7,33.7,34.3,34.0,33.6,33.7,33.6,33.0,33.9,34.0,33.8,32.8,34.2,32.9,32.9,32.8,34.7,33.5,33.9,32.6,33.6,34.2,32.7,34.4,32.7,33.4,32.8,34.3,34.5,34.0,33.3,nan,33.9,34.7,33.3,34.4,32.9,34.1,33.1,34.2,33.2,33.9,33.2,33.5,34.0,33.6,33.5,33.3,34.5,34.7,34.3,34.5,34.3,34.2,32.9,33.5,34.0,33.5,33.5,33.6,34.6,35.3,33.8,33.8,33.8,34.2,35.2,33.7,33.9,33.7,33.8,33.5,33.7,33.3,33.5,32.9,33.3,33.4,34.0,33.9,33.7,34.3,34.1,34.2,33.7,34.1,32.3,34.1,33.4,34.2,32.2,32.8,35.5,35.7,33.3,34.6,33.9,35.0,33.6,34.2,33.6,33.9,33.8,34.5,32.7,33.9,33.5,33.1,33.8,33.4,33.4,33.1,32.7,33.7,33.7,34.0,34.1,33.9,33.6,32.5,32.4,33.5,33.6,33.9,33.2,34.1,34.1,34.2,34.1,34.0,34.6,33.5,33.0,33.1,33.9,33.3,35.1,33.6,33.4,33.2,34.6,33.6,34.2,33.1,34.7,34.1,33.5,32.6,32.9,34.5,34.2,33.9,33.9,34.0,33.0,33.5,33.4,34.3,35.1,34.7,31.9,34.9,34.3,33.7,33.6,34.4,33.4,33.5,33.2,34.0,32.6,33.6,33.0,34.7,33.9,34.1,34.3,35.1,33.1,33.8,32.9,33.7,34.1,33.0,33.8,33.7,33.3,33.0,34.1,33.4,35.0,33.6,33.5,33.8,34.1,34.3,32.8,33.5,33.9,34.4,34.6,33.0,35.2,34.3,34.1,33.9,33.9,33.8,34.1,34.3,32.2,33.8,33.1,34.6,32.5,33.4,34.3,34.3,32.5,33.7,33.5,33.8,34.4,33.8,34.7,32.2,33.5,34.0,33.8,34.5,33.2,33.0,32.8,33.5,33.2,34.0,33.8,33.1,33.8,35.0,33.9,35.3
1785306967.9235525,2203,33.4,33.8,33.7,34.7,32.5,32.8,32.4,32.5,32.4,33.5,33.3,32.9,31.9,33.0,33.5,33.2,32.1,32.9,33.5,33.2,32.1,33.1,33.1,33.3,32.9,32.3,33.1,32.8,32.6,33.1,34.4,34.3,34.3,32.9,34.6,35.0,33.8,32.4,33.4,33.2,33.3,32.2,33.4,32.0,32.2,31.9,32.7,32.6,32.8,32.1,32.9,34.1,33.1,33.3,32.1,33.0,34.2,31.6,33.9,32.9,34.5,32.8,32.9,33.6,32.3,33.3,34.1,33.4,32.5,33.8,33.4,33.7,32.3,33.0,32.5,32.9,32.7,33.1,33.3,33.0,32.3,33.3,32.9,32.6,32.4,32.9,33.1,32.6,32.6,33.2,32.2,33.1,33.8,32.7,33.5,34.9,34.2,32.6,31.9,33.3,32.4,32.2,33.1,32.5,32.9,33.5,32.9,32.8,33.6,32.5,33.2,33.2,33.6,32.6,33.2,33.3,32.2,32.9,32.2,33.0,33.5,32.4,33.3,33.4,33.9,32.1,33.3,33.8,32.5,32.7,33.0,33.3,33.0,32.9,32.9,32.8,32.0,33.1,32.9,33.0,32.0,33.4,33.3,33.3,32.1,32.8,32.8,33.3,32.6,33.3,32.9,33.4,33.0,34.1,33.0,32.3,32.3,33.5,33.3,33.5,34.2,31.9,33.6,33.6,33.5,32.6,33.2,32.9,33.2,32.5,32.9,33.4,33.3,32.6,32.8,33.7,33.2,32.5,33.5,32.8,32.8,32.4,33.2,34.0,33.7,32.5,33.4,33.0,33.2,32.8,32.8,34.1,32.8,34.3,33.8,34.0,33.1,32.6,32.7,33.1,32.6,33.8,32.8,33.4,34.2,34.1,33.6,33.3,33.2,33.8,33.6,33.9,32.8,33.2,33.1,32.9,33.2,33.2,33.4,33.3,31.9,33.7,34.3,32.8,33.2,32.7,32.6,32.9,32.7,33.1,33.2,32.8,33.1,32.6,33.1,33.7,35.0,35.3,33.7,33.6,32.9,32.3,32.9,33.4,33.1,33.0,32.6,33.5,33.8,32.8,32.4,33.8,34.1,32.3,33.3,33.7,31.8,33.8,33.4,33.5,32.6,32.5,33.0,33.0,32.9,33.6,33.7,33.8,35.2,36.0,34.1,33.2,32.2,33.1,33.3,33.5,33.5,32.2,33.6,33.1,31.7,33.1,32.8,33.9,32.9,33.2,32.9,33.6,32.7,33.2,32.8,34.0,33.1,32.2,33.2,33.1,33.7,32.3,32.8,33.8,35.1,35.0,33.2,33.9,33.6,32.8,33.4,33.1,33.4,32.6,33.0,33.1,33.3,32.8,33.6,33.1,32.6,33.4,32.8,33.9,32.3,33.4,33.3,33.7,32.1,33.5,32.4,34.6,32.4,33.8,34.1,34.5,34.8,35.6,34.8,35.5,33.7,33.7,33.2,33.1,32.1,33.4,33.1,33.5,32.0,33.2,33.3,32.8,32.8,32.5,33.6,33.9,33.9,32.7,33.6,33.4,33.0,32.8,32.9,32.4,33.7,33.2,34.0,34.9,35.3,33.9,35.1,34.7,33.1,33.1,32.9,34.1,32.8,32.1,33.0,33.9,32.8,31.8,32.9,32.7,32.9,32.5,33.3,33.8,33.7,34.5,33.7,34.5,31.7,34.4,33.5,34.2,33.8,34.0,34.3,34.9,34.0,33.5,34.5,34.0,33.9,33.9,33.0,32.9,33.4,33.4,33.3,33.7,32.6,33.2,33.2,33.8,32.8,33.4,33.0,34.2,33.8,32.9,32.5,34.0,32.5,32.8,33.3,32.8,32.7,33.5,34.5,35.0,33.6,33.6,34.2,34.6,33.6,33.0,33.3,33.9,33.8,32.6,32.4,33.3,33.7,32.4,33.6,33.0,33.4,32.9,33.9,33.2,33.7,34.3,33.5,33.6,33.0,33.5,33.3,34.1,32.4,33.8,34.1,34.3,33.4,34.2,34.2,33.7,34.0,34.5,33.5,33.7,32.2,33.5,33.0,33.8,32.3,33.1,33.4,32.5,32.8,34.2,33.2,33.2,33.0,33.0,34.1,32.7,33.2,33.0,34.4,33.7,32.7,32.5,34.4,33.9,34.1,33.1,33.6,34.1,35.0,33.8,33.2,33.3,33.3,33.0,32.7,32.9,33.9,33.5,33.1,34.1,32.7,33.8,33.7,34.1,32.2,32.8,34.2,34.4,32.6,33.7,33.5,33.7,33.4,33.9,35.0,35.0,33.5,34.8,34.0,34.7,34.6,34.8,33.3,33.5,33.2,33.9,33.1,32.5,33.0,33.7,32.8,33.5,32.4,34.1,33.2,33.6,33.7,32.7,33.1,33.1,34.2,33.1,33.1,33.3,32.9,32.2,34.6,34.6,34.8,nan,33.4,34.1,33.8,34.0,33.6,34.5,33.3,33.1,33.9,33.6,33.2,33.4,34.2,33.0,33.9,32.7,32.9,34.4,33.7,33.9,35.0,33.6,33.0,33.8,33.7,34.3,32.9,33.8,34.3,35.0,34.5,33.5,34.7,33.7,34.2,34.0,33.8,33.2,32.3,34.1,32.9,33.8,32.7,33.8,33.4,33.5,33.5,34.7,34.0,33.9,34.1,32.8,32.7,33.4,33.5,32.7,33.4,34.6,33.1,33.1,35.0,34.7,33.8,32.8,34.8,33.9,35.0,33.8,34.0,33.8,33.5,33.4,33.2,32.9,33.4,33.1,33.6,34.1,34.0,33.2,33.5,34.2,32.5,33.6,34.6,34.4,32.3,33.2,33.2,33.7,32.6,33.3,32.4,33.8,33.6,33.9,33.3,35.4,34.0,34.2,33.4,33.0,33.1,33.9,32.2,33.8,33.3,33.4,33.3,33.2,33.1,34.3,33.1,33.6,33.9,32.3,33.6,33.5,33.1,33.4,34.1,34.1,33.9,32.9,34.2,33.5,35.0,34.6,34.1,35.0,34.5,33.3,33.8,34.0,33.6,32.4,32.7,35.0,33.3,33.5,33.8,32.9,34.2,34.1,34.3,36.3,32.1,34.9,33.0,33.7,33.4,33.6,32.7,33.3,32.1,33.6,33.6,33.1,33.6,33.8,34.3,33.8,33.6,33.1,33.6,33.5,34.0,33.7,34.3,33.9,31.9,33.4,33.8,34.6,33.2,34.2,34.9,34.5,33.6,33.0,34.5,33.4,34.1,33.7,33.8,33.4,33.5,33.0,34.0,33.8,34.4,33.5,33.7,33.1,34.4,32.1,33.8,34.6,34.2,33.3,33.4,33.8,34.5,32.6,33.3,34.5,33.6,34.7,34.1,34.5
1785306970.0696058,2204,33.1,34.3,32.9,34.9,32.7,32.5,32.6,33.1,33.6,32.8,33.4,33.7,32.6,31.9,32.6,34.1,33.4,31.9,32.2,34.5,32.6,32.7,32.3,33.9,31.8,33.1,32.7,35.2,33.7,32.6,32.3,33.7,34.5,32.3,34.1,33.1,32.8,31.7,33.8,32.6,32.5,32.6,33.3,32.0,33.1,33.8,33.6,31.8,32.9,32.0,34.1,31.9,33.4,33.6,32.6,33.2,32.6,33.6,31.9,32.9,33.4,33.2,34.3,34.1,32.8,33.7,33.1,34.3,33.1,32.9,33.4,34.6,33.7,33.5,31.7,34.2,32.7,32.9,33.1,34.0,32.9,33.3,33.3,33.5,34.3,32.1,33.8,33.9,32.8,32.8,32.2,33.1,33.4,33.7,32.5,33.9,32.9,32.8,34.4,33.7,33.0,32.8,33.1,32.5,33.8,32.7,32.5,33.8,33.0,31.8,33.2,33.0,32.7,33.2,33.9,33.6,33.1,32.7,33.5,33.2,32.7,32.6,32.9,33.0,32.4,32.7,34.2,33.3,32.7,33.1,33.2,34.2,33.2,33.2,30.9,33.9,33.9,33.3,32.9,33.9,33.3,31.7,33.3,33.9,33.0,33.1,32.8,34.4,33.4,33.4,32.0,33.2,33.1,32.2,32.5,33.5,32.9,32.9,32.9,33.9,33.5,32.1,35.5,32.1,32.5,33.3,33.7,31.9,33.7,33.2,33.2,33.0,33.3,32.9,33.8,33.5,33.2,33.0,34.1,32.4,33.3,32.2,33.3,33.6,33.0,32.6,33.8,32.7,33.2,33.0,33.4,32.9,34.6,32.8,32.5,36.2,32.9,33.0,32.5,33.6,32.6,33.8,32.3,34.1,33.4,34.2,33.3,33.0,33.5,32.1,32.3,33.8,33.3,32.8,34.2,32.7,32.8,33.1,32.5,33.5,33.6,32.7,32.8,34.2,32.7,33.8,33.8,33.3,32.7,33.4,33.5,33.9,33.7,32.9,33.1,33.5,35.1,35.6,34.3,32.6,32.6,32.4,34.0,33.1,34.0,32.8,32.9,33.3,33.3,33.1,34.2,33.4,33.1,33.3,33.7,33.0,32.9,32.3,32.6,33.8,33.5,32.3,33.3,34.0,33.6,32.7,32.2,33.9,35.4,35.7,33.2,33.3,33.6,33.8,32.8,34.0,33.5,31.9,33.1,34.5,32.9,32.6,32.4,32.8,33.8,32.4,32.7,34.0,34.1,34.0,33.5,32.8,32.6,32.9,33.4,33.2,33.2,32.9,33.8,32.7,35.4,35.4,34.0,34.0,32.9,33.8,33.4,33.1,32.9,33.1,33.6,32.7,33.0,33.0,33.8,33.1,32.8,33.0,34.2,33.1,32.7,33.8,33.3,33.8,33.0,33.5,32.0,34.2,32.6,33.1,34.0,35.3,34.9,35.2,34.1,34.5,34.4,33.8,33.0,33.4,33.3,33.8,32.7,33.0,33.0,32.6,32.8,33.7,33.7,32.8,33.8,33.7,34.1,33.0,33.6,33.2,32.6,33.7,32.9,33.1,33.7,33.6,35.0,34.7,35.2,34.8,35.6,34.8,33.4,33.4,33.9,33.9,32.9,34.1,34.5,33.0,33.0,32.2,33.3,33.3,33.8,33.0,33.8,32.3,33.2,34.2,32.9,34.9,32.6,33.3,33.3,34.4,33.9,33.5,35.2,34.7,34.6,34.0,33.8,34.3,33.5,33.7,33.5,33.6,33.8,32.9,33.3,33.7,33.2,32.8,33.0,34.0,34.8,32.8,33.2,34.5,33.3,32.7,34.2,34.4,32.5,33.0,34.6,33.5,32.7,33.3,35.5,34.5,33.9,33.6,34.5,33.9,33.7,33.6,33.7,33.3,32.6,32.8,34.1,33.4,33.5,33.7,33.6,32.8,33.2,32.5,33.6,33.4,33.4,33.2,33.1,35.3,33.0,33.7,32.6,33.9,33.4,32.6,34.0,35.5,34.6,33.8,33.5,34.0,34.0,34.3,32.8,34.0,33.6,33.2,32.8,33.8,32.8,33.0,33.2,34.5,33.5,32.1,33.1,33.7,33.4,33.0,34.8,33.1,33.3,32.8,34.4,32.9,32.7,32.7,35.3,33.4,34.1,33.6,34.5,33.9,34.4,35.3,33.8,32.8,33.6,34.3,33.9,33.6,32.8,33.7,33.3,33.0,33.4,33.3,34.6,33.7,32.8,33.8,32.5,34.2,33.5,32.4,32.8,34.6,32.5,33.4,33.6,35.1,33.8,33.3,34.0,34.7,34.9,34.8,32.5,34.5,34.3,32.9,33.1,34.1,33.6,32.9,33.5,33.3,31.6,33.2,33.4,33.9,33.2,32.7,34.2,33.1,34.2,32.5,34.2,33.1,33.5,33.4,35.2,34.5,34.0,nan,34.9,33.7,34.6,34.1,33.4,34.3,33.9,33.9,33.7,33.2,32.5,32.5,34.5,34.4,33.1,33.9,34.9,34.8,32.6,33.2,32.9,34.0,34.2,33.6,33.1,34.8,33.2,33.2,34.6,34.8,33.7,34.2,33.5,34.2,34.3,34.3,33.3,34.5,33.5,33.0,33.4,34.1,34.1,32.9,33.7,33.8,34.0,33.0,33.4,34.7,33.5,34.2,35.1,33.7,33.8,33.2,34.1,32.9,33.2,33.4,34.4,34.7,34.0,33.9,34.9,34.4,32.8,34.1,34.1,33.8,33.8,33.6,33.7,33.9,33.4,33.1,34.2,33.7,33.4,33.2,34.1,33.8,33.5,34.3,32.7,35.0,32.1,33.8,33.5,34.5,33.4,32.9,33.3,34.3,34.6,34.5,34.5,34.8,34.5,33.3,33.0,34.7,33.3,33.0,33.4,34.1,33.0,33.4,33.7,34.0,33.5,33.1,32.4,34.3,32.8,33.8,34.0,34.3,33.3,33.6,34.6,33.0,33.4,34.1,34.0,33.9,33.6,34.3,34.6,34.1,33.3,34.1,33.9,34.6,34.3,33.6,33.9,33.0,32.0,34.6,33.8,33.6,32.6,34.1,35.3,34.6,32.5,34.0,33.7,34.8,33.6,33.8,33.1,34.1,33.0,32.8,34.1,33.3,34.1,34.3,34.6,35.2,34.5,33.5,33.0,34.9,33.4,33.6,33.7,34.1,33.5,33.7,33.4,34.3,34.6,32.9,33.7,35.4,33.4,32.9,34.7,32.7,33.7,33.6,33.9,33.5,33.1,33.4,34.2,33.6,34.5,34.1,34.9,33.3,34.0,33.1,34.7,33.5,34.0,34.0,33.9,33.2,34.3,32.8,34.6,33.3,33.8,34.5,34.8,35.3
1785306972.271064,2205,33.7,32.9,33.1,33.9,33.5,33.4,33.6,32.7,33.3,32.0,33.0,33.5,32.3,33.0,33.2,32.8,32.9,32.3,32.5,32.8,33.5,34.2,32.6,32.7,32.9,32.7,33.0,33.6,34.0,33.8,34.9,32.2,32.9,32.7,33.6,34.6,33.9,32.9,32.7,33.7,32.5,32.5,32.2,33.8,33.3,32.1,32.8,32.8,33.8,32.9,32.3,33.8,33.0,32.1,33.2,32.7,32.8,32.3,34.0,34.1,33.1,32.8,32.1,32.7,33.6,33.7,33.0,33.2,32.6,32.5,33.3,32.8,33.6,33.3,32.9,33.8,33.0,33.1,33.2,33.1,32.9,33.0,32.3,33.0,33.4,32.6,32.8,33.3,33.1,33.4,32.5,33.7,32.8,32.6,32.6,33.7,33.4,33.2,32.7,34.2,33.2,32.1,33.1,33.8,33.6,32.8,33.6,33.2,32.8,33.5,33.1,32.4,33.4,32.0,32.7,33.3,33.2,32.8,33.5,32.4,32.7,32.9,33.3,33.1,34.3,32.8,32.8,33.9,34.0,32.6,33.3,31.5,33.1,33.2,33.6,33.1,33.3,32.9,32.6,32.1,33.3,33.4,33.1,33.7,33.0,32.9,33.3,33.1,34.3,32.5,32.5,32.5,32.7,32.9,33.2,34.4,33.6,33.3,33.9,34.8,33.2,33.3,34.0,33.5,34.9,33.1,34.3,33.3,32.5,33.5,33.2,33.5,32.8,33.2,32.9,33.6,33.5,33.4,33.4,33.2,33.8,33.2,33.0,33.2,33.4,32.6,32.8,32.7,34.0,33.3,33.2,33.5,33.6,33.4,34.3,34.8,32.5,32.4,32.6,33.8,33.9,33.0,33.4,33.2,34.0,33.6,33.1,33.3,33.8,32.5,33.0,33.2,33.1,33.3,32.5,34.3,32.1,32.9,32.8,32.9,32.7,33.2,33.3,33.8,34.2,33.7,33.8,34.2,32.5,33.7,32.4,33.3,33.2,33.0,32.2,33.9,35.1,34.7,34.1,33.3,32.6,32.7,33.7,32.7,33.4,33.3,32.6,33.4,32.6,32.2,32.0,32.8,33.1,33.2,33.3,33.3,33.9,32.3,33.5,34.6,32.5,33.5,33.4,33.5,33.8,33.0,33.2,33.4,36.3,36.2,33.6,33.6,33.4,33.2,32.7,32.8,32.9,32.7,32.7,33.4,33.0,33.3,32.7,32.6,32.6,34.1,32.8,34.0,33.5,32.5,34.3,34.5,33.1,32.7,32.9,33.7,34.5,33.6,33.1,33.4,35.4,34.4,33.8,34.4,33.4,32.5,33.7,33.7,33.2,32.4,33.6,32.8,33.3,32.9,33.0,34.3,32.8,33.1,33.6,34.2,33.4,32.6,33.6,34.2,33.7,33.4,33.4,33.7,33.2,33.4,33.8,34.6,35.6,36.2,35.3,33.8,33.3,33.0,33.1,33.0,33.1,33.0,33.2,33.1,33.1,33.8,33.3,33.1,32.5,33.2,33.9,33.1,32.8,33.6,33.2,33.7,33.1,34.0,33.2,33.5,33.7,33.9,34.5,34.3,34.8,34.3,34.3,34.2,33.9,32.7,33.5,33.8,33.4,32.5,32.0,32.3,33.1,33.1,32.9,33.1,33.0,33.2,32.6,34.3,33.7,32.8,34.2,33.5,33.0,33.6,33.6,33.5,34.2,33.4,35.0,35.1,34.9,34.3,34.7,34.6,34.1,34.0,33.9,32.9,33.1,33.2,33.4,33.1,32.9,32.5,33.6,32.9,33.8,33.7,33.5,34.3,33.1,34.2,34.0,33.9,33.4,33.1,33.4,33.4,33.8,33.3,34.6,34.9,33.9,34.3,33.9,34.8,34.8,34.3,34.2,34.0,33.6,33.0,33.2,33.2,34.1,33.1,33.2,33.2,33.4,33.0,33.6,33.7,34.2,34.4,34.0,34.5,33.8,33.3,32.9,34.0,33.0,33.4,34.4,34.6,34.6,33.5,33.8,34.3,34.3,34.5,33.6,34.2,33.6,32.9,33.2,34.0,33.4,33.5,33.6,33.0,33.6,33.0,33.9,34.1,33.8,32.7,34.2,33.6,34.0,32.8,33.3,33.4,33.0,33.4,34.2,34.1,33.3,34.0,33.7,33.7,34.2,34.5,33.7,33.1,32.7,33.6,33.5,33.7,34.0,33.4,33.4,33.8,32.8,33.9,34.4,34.2,33.8,33.6,33.6,33.4,33.8,32.5,33.5,33.5,33.0,32.9,34.6,34.8,34.2,33.8,34.1,34.7,34.5,33.7,34.2,33.5,32.9,33.8,33.4,32.9,34.1,33.6,33.6,33.3,33.3,33.7,34.3,33.9,34.1,34.0,34.0,33.2,32.9,33.1,33.1,33.2,33.5,34.0,34.2,34.5,34.4,nan,33.7,33.9,33.4,33.6,33.2,33.1,33.4,32.9,32.9,33.2,32.5,33.6,33.5,34.2,34.0,32.7,34.4,33.9,33.0,33.0,34.5,34.7,33.8,32.9,34.0,34.4,33.3,33.1,34.6,35.0,34.1,34.1,33.4,34.5,33.6,34.6,34.1,33.5,33.8,33.5,33.2,33.6,32.8,33.4,34.2,34.0,33.4,34.1,34.5,33.7,33.7,33.7,33.7,34.0,33.5,33.7,32.5,34.1,33.4,33.0,33.9,34.8,34.5,33.1,33.9,34.2,35.1,34.5,34.1,34.3,33.9,33.4,32.7,33.5,33.2,33.8,34.2,34.3,34.3,33.9,34.1,33.9,33.7,34.0,34.1,33.7,33.6,33.4,33.6,33.9,32.8,33.4,33.4,34.6,34.8,34.5,34.6,35.0,34.3,34.5,34.4,33.8,32.9,33.7,34.2,33.9,33.7,34.1,34.4,33.4,34.0,33.6,33.6,33.6,33.4,33.3,33.9,33.8,34.4,33.3,33.3,34.0,33.7,33.0,33.4,34.0,34.6,34.0,33.6,34.2,34.1,33.4,33.2,34.1,33.7,33.7,34.4,33.3,33.3,33.2,33.4,34.1,33.7,33.4,34.5,34.7,33.3,33.3,34.9,34.5,33.5,33.9,33.0,33.5,32.8,33.2,33.1,33.6,33.9,34.1,34.4,34.1,32.8,33.3,33.5,34.5,33.2,33.5,31.8,33.5,34.2,33.4,34.1,33.9,34.3,34.2,35.2,34.7,32.9,33.7,34.2,34.3,32.8,34.3,33.3,34.4,33.1,33.7,34.5,33.5,34.5,32.9,33.5,33.9,34.1,33.4,33.8,33.2,33.6,32.7,33.5,34.1,33.2,33.4,34.0,33.2,32.8,33.9,35.2,35.0
1785306974.2748294,2206,34.5,34.1,32.0,33.7,33.2,33.2,32.8,32.9,32.2,33.0,32.9,33.3,31.7,32.8,33.7,33.6,33.2,33.2,33.5,33.8,32.8,32.3,33.3,32.1,32.2,33.7,32.9,33.6,32.6,33.6,33.3,33.5,32.4,32.9,34.6,32.9,33.1,32.2,33.6,32.8,32.5,33.4,33.0,32.4,32.6,32.9,33.4,33.3,31.9,32.6,33.0,33.0,32.0,34.0,33.0,33.8,32.8,33.8,33.0,32.9,32.7,33.4,33.9,34.1,33.0,32.5,31.9,34.1,32.7,32.3,33.0,32.5,34.1,32.8,32.6,32.5,33.3,32.7,32.9,33.7,33.1,32.8,33.6,33.5,31.6,32.7,32.7,33.7,33.7,32.6,32.8,32.7,33.0,33.3,33.2,34.2,32.9,33.6,33.2,33.5,31.9,33.2,33.1,33.3,33.2,33.3,32.6,32.4,32.7,32.9,32.6,32.9,34.3,33.8,33.4,32.9,33.1,33.1,32.8,32.1,33.7,33.7,33.3,33.4,33.9,33.3,32.9,34.0,33.2,33.4,32.3,32.9,32.6,33.2,32.9,32.9,33.6,33.4,32.9,33.2,32.8,33.6,32.5,33.2,33.2,33.3,33.0,33.4,33.1,33.4,33.6,33.0,33.0,33.7,33.3,33.7,32.9,32.7,33.1,33.5,32.1,32.6,32.7,34.3,35.1,32.4,33.6,32.9,33.6,33.0,33.2,33.1,32.6,32.6,32.6,33.3,33.5,32.5,32.9,33.5,33.0,32.9,33.4,33.4,33.2,33.4,33.0,33.3,33.0,33.2,34.5,33.4,34.8,33.7,34.0,34.0,32.4,33.7,33.2,33.3,33.5,33.1,33.3,33.7,33.9,34.7,33.0,33.1,33.8,33.5,33.4,33.7,33.1,33.6,32.2,33.1,32.7,32.7,32.7,33.3,33.0,33.1,33.7,33.8,32.7,33.3,33.4,33.7,33.1,34.0,33.0,33.2,33.1,32.9,32.6,33.1,34.5,34.3,33.2,32.6,32.3,32.7,32.6,33.2,32.9,32.2,32.6,33.1,33.1,32.6,34.0,33.2,32.9,33.7,33.1,32.6,32.9,34.0,32.8,32.3,33.0,33.7,33.0,34.0,33.2,33.4,33.1,33.1,35.1,35.4,33.0,34.3,32.8,33.4,32.1,33.2,32.2,32.4,33.1,33.8,32.2,33.3,32.9,33.2,32.9,33.0,32.3,32.6,33.5,33.2,33.1,33.8,33.1,32.7,33.0,33.0,33.4,32.6,33.1,33.7,35.1,34.6,34.0,33.7,33.2,32.8,33.7,33.7,33.1,33.4,33.2,32.7,33.0,32.5,34.5,33.5,34.1,33.2,32.8,33.7,34.0,33.2,32.9,32.9,32.5,33.3,32.9,33.7,33.1,33.4,33.9,35.0,35.2,35.4,35.7,34.3,33.8,33.4,33.0,33.4,32.2,33.3,32.1,33.3,32.0,32.8,33.0,33.5,32.8,32.1,32.8,33.9,33.3,32.9,33.4,33.2,32.4,33.7,33.6,34.1,33.6,33.1,33.7,35.0,34.1,34.8,34.5,35.2,33.3,33.1,32.7,33.3,33.1,34.4,33.2,33.4,33.0,32.9,33.1,33.0,33.6,32.5,32.5,34.0,34.3,33.0,33.5,33.5,32.6,33.1,33.4,32.7,33.6,33.5,34.3,35.2,33.3,34.8,33.8,34.3,34.6,33.8,33.0,33.7,33.2,33.6,33.8,33.5,32.6,32.3,33.3,32.9,33.5,33.4,33.6,33.1,33.1,32.9,33.6,32.9,33.0,32.8,33.4,34.0,33.2,32.9,34.7,34.4,33.4,33.6,33.7,33.6,33.7,33.8,33.1,33.9,32.6,33.0,33.9,33.6,33.0,32.5,34.1,33.5,33.4,32.9,33.6,33.4,33.9,33.2,32.5,33.0,33.7,33.3,34.7,34.2,33.8,33.5,34.5,34.7,34.3,34.3,33.8,34.2,35.1,33.8,32.7,33.2,33.3,32.7,32.5,33.3,33.1,33.0,33.4,34.1,33.0,32.5,34.0,33.3,32.8,34.0,33.7,32.9,32.8,32.9,33.7,33.0,32.4,33.0,35.0,34.2,33.8,33.8,33.7,33.8,34.4,34.6,34.0,34.0,31.9,33.2,33.6,33.8,32.5,32.8,34.2,33.5,33.2,33.8,34.0,33.7,33.5,32.6,34.3,32.8,32.4,34.0,33.9,32.5,33.6,33.4,33.6,34.0,34.1,34.2,33.5,34.3,34.3,34.5,33.0,33.9,32.2,33.4,33.8,33.5,32.8,33.8,33.5,33.3,33.0,33.9,33.2,33.7,33.2,33.5,33.0,33.3,33.3,33.4,33.5,33.6,33.2,33.0,33.4,34.4,34.1,nan,33.2,34.4,33.8,33.6,33.9,33.5,33.3,33.6,32.4,33.1,33.1,33.5,33.7,33.0,33.5,32.8,33.3,34.0,34.4,33.4,32.5,33.8,32.8,33.3,33.3,33.9,32.9,33.1,34.5,34.0,33.9,33.2,34.5,33.5,34.3,34.7,33.5,33.2,32.3,33.5,33.4,33.4,33.4,33.6,34.1,34.0,33.7,34.1,34.9,33.9,33.9,33.0,34.1,32.8,32.2,34.0,33.6,33.3,32.3,33.2,34.3,35.4,33.8,34.0,34.1,34.4,34.3,34.0,34.3,33.8,33.4,33.1,33.0,32.9,33.5,34.0,33.3,34.8,34.0,33.0,33.9,34.2,33.8,34.5,33.3,34.8,34.3,33.6,33.4,34.1,32.7,34.1,34.7,34.7,33.5,34.5,34.1,34.7,34.0,33.3,33.8,34.0,33.4,33.9,32.5,33.3,33.8,33.0,33.1,33.2,33.3,34.1,34.4,34.3,33.5,33.0,34.2,33.9,32.7,33.6,33.4,33.4,32.8,33.9,32.6,33.7,33.8,34.4,33.1,34.3,33.9,33.5,33.7,34.0,33.8,34.1,34.4,33.2,32.2,33.1,33.8,33.9,33.4,33.5,36.0,35.7,33.7,33.5,33.7,33.5,34.2,33.6,33.9,32.9,33.0,32.9,33.4,33.3,34.1,33.4,34.0,34.3,33.9,34.0,33.2,33.5,32.9,33.3,33.0,34.5,33.0,33.6,34.8,33.0,33.8,34.6,33.8,35.2,32.9,33.7,34.5,34.4,33.1,32.8,33.4,33.6,33.1,33.2,33.3,33.3,34.5,34.3,33.5,33.5,33.5,33.7,34.0,33.5,33.6,32.6,33.0,33.4,34.0,33.5,33.0,33.1,33.8,33.8,34.6,35.1
1785306976.521021,2207,33.6,35.1,34.2,33.4,32.9,32.5,33.9,34.0,33.0,32.6,33.4,33.5,32.8,31.5,32.9,34.5,32.8,32.5,32.8,33.9,33.2,31.5,33.8,34.5,32.8,32.9,33.3,33.2,32.3,32.8,34.1,34.2,32.9,32.6,34.0,33.3,33.3,32.1,33.1,33.0,31.7,33.7,33.7,33.0,32.5,32.9,33.2,33.5,33.5,32.4,33.6,33.3,32.3,32.5,32.8,33.2,32.5,31.4,32.7,33.5,33.1,32.9,33.6,33.1,32.2,33.2,33.3,33.8,33.1,32.9,33.8,33.6,34.0,33.5,32.4,32.3,31.6,32.9,32.9,32.9,33.4,33.1,32.5,33.0,32.9,31.6,32.8,32.5,33.0,33.0,32.8,33.3,32.9,31.5,33.0,33.2,32.4,33.1,34.1,34.1,32.5,33.8,32.9,32.5,33.2,32.7,33.1,32.7,33.0,33.0,33.1,33.4,33.1,32.7,33.7,33.1,32.3,32.9,33.6,32.8,33.1,32.5,32.3,34.4,32.2,31.8,32.6,33.7,32.7,32.6,33.4,34.4,32.8,33.6,33.3,33.7,33.2,34.1,32.9,33.8,32.7,33.2,32.6,32.9,33.0,32.8,32.8,33.6,33.2,33.2,33.3,33.5,34.0,32.6,33.7,33.4,33.3,34.1,33.8,34.1,34.2,32.5,33.3,33.8,33.1,32.9,34.1,32.7,32.5,34.2,32.8,32.9,32.9,33.1,33.4,33.8,33.1,33.0,32.8,33.3,33.1,32.9,33.0,34.1,33.0,33.3,33.2,33.5,32.6,33.8,33.6,34.2,33.4,33.0,33.3,34.0,32.2,33.2,33.4,32.9,33.1,32.4,33.5,33.2,33.9,32.4,33.3,34.1,33.0,33.2,33.7,33.2,32.6,33.1,32.4,32.5,32.6,32.3,33.4,33.3,33.6,32.4,33.8,34.0,32.9,33.1,33.2,34.1,32.9,32.5,33.1,33.2,33.0,33.6,33.7,33.3,33.5,34.3,35.3,34.5,32.3,32.1,33.5,34.2,33.2,33.5,33.4,34.5,32.0,32.6,32.7,33.4,33.6,33.5,32.3,34.0,33.3,33.8,33.0,33.8,33.4,33.2,33.6,33.8,33.2,33.0,32.9,33.2,34.3,34.1,35.4,34.3,33.9,33.3,33.1,33.6,33.9,32.8,32.3,33.4,33.2,32.9,32.4,33.2,32.7,32.7,33.1,33.6,33.0,33.2,33.7,34.0,33.1,33.1,32.5,34.6,33.2,33.3,33.1,33.3,34.0,34.6,35.1,34.7,32.6,33.5,33.5,33.7,32.3,32.6,33.6,34.2,32.3,33.3,33.2,33.8,32.9,33.5,33.4,33.1,33.5,33.8,34.3,33.6,32.6,32.9,33.3,34.4,32.9,33.2,33.4,33.8,33.1,34.4,34.9,35.1,34.0,33.7,34.1,33.4,32.7,33.5,33.6,33.1,32.2,32.6,34.0,34.0,33.7,33.0,32.8,33.9,33.1,32.8,34.2,33.2,32.6,33.0,33.7,33.6,33.0,32.8,33.8,33.4,34.2,34.6,35.4,35.1,34.7,35.1,34.2,33.6,33.2,33.1,32.6,33.8,32.3,32.7,33.9,33.3,33.0,32.7,34.4,33.1,34.0,33.6,33.7,34.1,34.0,33.1,33.3,32.8,33.1,32.6,33.6,33.9,34.4,34.3,33.8,35.1,34.5,33.8,33.0,33.5,33.5,33.7,33.3,33.5,33.4,32.1,33.3,33.4,34.1,33.4,33.7,33.1,33.5,32.9,34.4,33.8,33.0,33.1,33.1,33.4,34.6,33.5,34.0,34.7,34.2,34.1,34.3,34.1,33.9,34.5,34.2,33.6,33.4,33.7,33.0,33.4,33.0,32.9,34.3,33.6,33.0,33.6,33.8,34.0,32.6,33.6,33.7,33.9,32.8,33.3,33.5,34.0,33.6,33.3,33.5,34.3,33.6,33.8,33.3,34.5,34.3,34.1,34.8,34.5,33.8,32.9,33.5,33.3,33.1,33.3,34.4,33.9,33.2,33.2,34.1,33.5,33.0,34.0,34.4,34.1,33.1,33.2,34.0,33.5,32.9,34.0,33.5,33.9,33.4,33.9,33.9,33.3,33.6,33.9,35.0,34.9,33.7,33.8,33.9,33.9,33.0,32.1,33.4,33.3,33.2,34.2,34.0,34.0,33.7,31.9,33.3,33.8,32.9,32.9,33.7,33.5,33.6,33.6,33.8,34.8,33.8,33.5,34.0,34.0,34.0,34.2,34.3,34.8,33.0,33.2,34.0,32.8,33.4,32.9,34.0,33.3,34.1,32.8,35.6,34.1,32.6,32.4,34.0,33.3,32.9,32.5,33.4,33.2,33.3,33.4,34.2,33.5,33.0,nan,34.0,35.0,33.4,33.8,34.2,34.9,32.9,33.6,33.7,33.2,32.7,33.0,33.5,33.3,34.0,33.6,34.8,34.0,32.8,33.6,33.7,33.5,32.7,33.1,34.2,33.3,32.5,33.1,32.9,34.5,34.3,33.2,34.0,34.2,34.1,34.5,34.5,34.7,33.1,33.3,34.3,33.6,33.7,32.5,34.4,33.8,34.0,34.1,34.0,33.9,34.1,33.2,33.8,33.9,32.7,32.8,33.8,33.3,32.7,32.8,33.4,34.5,33.5,34.9,34.6,33.7,33.6,33.9,33.9,34.5,33.9,34.1,33.7,34.1,33.3,33.6,34.0,33.8,33.2,33.6,33.9,34.6,33.3,33.6,32.9,34.5,33.1,33.0,33.3,33.3,33.8,33.4,34.5,33.8,33.6,34.0,35.0,34.0,34.3,34.3,33.2,34.0,33.4,33.8,33.6,33.6,34.3,33.8,34.0,34.1,33.7,33.6,35.0,33.8,32.8,33.4,33.3,34.3,32.9,33.8,34.2,33.0,33.0,34.1,33.4,33.5,33.9,33.6,34.9,35.0,34.1,34.9,33.7,33.6,33.7,33.7,33.9,33.5,33.3,32.7,33.2,34.2,33.1,34.7,35.3,34.1,33.2,34.0,34.1,34.5,33.8,33.5,33.5,33.8,33.0,32.8,33.0,34.1,34.3,34.5,34.8,34.3,32.9,33.3,33.9,34.7,33.6,32.9,34.1,32.6,33.7,33.2,34.4,33.9,34.2,34.4,35.5,35.6,33.3,34.1,34.2,32.9,33.0,33.6,33.1,33.9,33.2,33.7,33.6,34.1,34.2,33.8,34.5,33.1,34.0,34.3,33.6,33.5,32.3,33.9,33.9,33.4,33.4,33.9,34.6,35.3,33.8,33.2,33.9,35.6
1785306978.6919267,2208,32.0,33.5,32.2,33.2,32.9,32.8,31.7,32.1,32.6,32.2,32.7,33.7,31.3,32.5,32.6,33.4,32.5,31.9,32.8,33.0,32.8,33.4,32.3,32.5,32.6,32.9,31.8,32.7,33.3,33.1,33.8,32.7,35.0,32.3,33.8,31.4,33.3,32.4,33.3,33.2,32.7,32.2,32.2,32.6,33.3,32.4,33.0,32.4,32.9,32.1,32.8,32.4,33.4,32.2,32.8,32.6,33.6,33.4,32.1,32.9,34.0,32.3,33.8,32.6,31.8,34.2,32.7,32.9,32.3,33.7,33.0,31.6,32.7,33.2,32.6,32.9,32.5,32.7,32.0,32.4,33.1,32.3,33.1,33.0,32.1,32.5,32.5,32.0,32.0,32.6,33.2,32.3,32.1,32.6,33.0,32.5,33.4,32.1,33.9,33.2,33.6,31.6,33.3,31.9,32.5,31.8,32.0,32.8,32.3,32.3,32.5,32.5,32.1,33.2,33.0,33.4,33.4,32.7,33.1,32.1,32.5,32.8,32.7,33.4,33.7,32.3,33.8,32.6,33.2,32.9,32.1,34.2,32.6,33.4,31.9,32.7,33.1,32.9,32.5,32.5,32.5,32.7,32.0,33.1,32.9,32.3,33.2,33.1,33.2,33.8,33.1,32.7,33.2,32.8,32.9,32.7,32.9,33.3,32.2,32.6,34.2,33.3,33.3,33.0,32.7,32.6,31.8,32.5,33.2,32.7,32.7,31.8,33.3,32.3,33.3,33.2,32.8,33.3,32.6,33.1,33.1,32.6,32.8,32.7,32.7,32.5,33.0,32.6,33.8,32.2,33.9,33.2,33.2,33.2,32.5,33.8,32.6,32.6,32.3,33.4,33.0,32.4,31.8,32.9,32.6,33.3,34.1,33.3,33.5,33.3,32.3,33.0,33.0,32.5,32.5,32.7,32.0,32.7,32.5,32.4,32.7,32.5,33.4,32.7,33.4,32.3,33.2,33.1,32.7,32.1,33.0,33.2,32.7,32.7,32.0,32.6,34.2,34.3,35.1,35.2,33.1,32.6,32.9,32.6,33.5,33.3,32.4,33.1,33.1,32.5,32.9,32.3,33.5,33.1,32.3,33.0,33.1,33.8,33.0,32.4,33.4,33.0,32.4,33.0,32.2,32.9,33.1,32.4,32.7,34.4,35.2,34.6,31.9,33.4,32.5,32.8,32.3,34.0,33.0,32.9,32.6,32.8,33.1,33.4,32.2,32.8,32.9,32.8,32.4,32.8,33.5,34.2,33.9,32.7,32.9,32.7,33.3,32.3,32.5,32.8,33.4,33.5,34.4,35.5,32.6,32.1,33.3,32.8,33.1,32.3,33.2,33.2,33.7,32.5,32.3,33.0,33.5,32.8,32.0,33.7,32.9,33.4,31.7,32.5,33.2,33.1,31.3,33.0,32.6,33.6,32.6,33.3,32.8,34.0,35.6,35.3,34.8,34.6,33.2,33.4,31.9,33.0,31.6,32.0,33.4,33.1,32.3,33.3,32.6,32.8,33.4,32.5,33.1,32.2,33.4,32.8,33.9,33.3,33.1,33.6,33.1,33.1,33.2,33.4,34.8,34.4,34.6,34.5,34.4,34.2,33.4,33.1,33.1,32.9,32.6,33.2,33.1,33.7,33.3,33.3,33.6,32.9,33.8,33.4,32.6,33.0,32.3,33.5,33.1,32.5,32.7,32.8,33.1,32.6,32.8,33.9,34.0,34.9,34.3,33.9,33.4,33.8,34.3,33.7,32.4,33.4,33.0,32.6,32.6,33.3,33.0,33.6,33.2,33.9,33.8,33.5,33.1,32.1,33.4,33.3,32.1,33.2,33.6,33.1,32.5,33.4,33.2,34.5,34.9,33.3,34.2,33.5,34.1,33.3,33.9,33.3,33.6,32.6,32.9,32.6,33.0,33.0,32.9,33.1,33.0,32.9,33.8,33.2,33.0,33.6,32.9,33.5,33.7,32.6,33.5,33.9,32.3,32.1,33.8,33.5,34.3,34.0,33.8,33.2,34.0,34.5,34.6,33.2,33.6,33.0,32.1,33.0,32.6,32.1,33.5,33.2,32.3,33.0,34.4,33.1,33.6,33.4,32.9,33.1,33.3,31.6,34.0,33.3,33.2,31.3,33.1,33.4,33.9,33.3,33.4,33.2,33.8,33.3,34.5,33.3,33.6,32.8,32.9,33.4,32.8,32.5,32.5,33.2,33.6,32.7,33.6,34.1,32.4,34.0,33.4,33.6,32.6,33.1,31.9,33.7,32.6,33.1,32.1,33.6,34.0,33.5,34.8,34.2,33.8,34.5,34.5,34.2,32.8,33.0,32.8,33.5,32.4,33.3,33.0,32.7,32.2,32.4,33.4,32.9,33.2,31.6,32.8,33.5,34.6,32.7,32.9,31.8,32.5,33.0,33.9,34.2,34.0,nan,34.2,33.4,33.9,33.5,33.6,33.8,33.3,33.1,33.2,32.9,33.4,33.2,32.4,32.8,33.8,32.8,33.4,34.0,32.9,33.4,33.4,33.8,32.6,33.3,33.0,34.2,32.4,33.4,34.1,34.1,34.0,34.0,33.5,33.2,34.0,34.8,33.7,34.7,33.3,33.7,32.4,32.7,32.9,32.9,32.8,32.5,33.9,33.7,34.2,35.2,33.9,31.9,33.1,33.8,33.8,33.1,33.2,33.5,33.6,32.7,33.1,32.8,34.8,33.3,33.8,34.4,34.6,33.8,33.3,33.7,33.3,33.1,32.9,33.9,33.2,33.0,32.5,33.7,34.3,34.0,33.3,33.4,32.7,33.8,33.3,33.5,32.9,33.0,32.6,33.9,32.7,33.1,33.3,33.3,33.6,34.9,33.1,34.2,33.5,34.3,33.6,33.0,32.8,33.5,31.1,32.5,33.2,33.2,34.6,33.8,33.9,34.3,33.7,34.9,32.3,33.0,33.7,33.9,32.9,32.5,32.8,32.4,33.0,32.3,33.6,32.8,33.9,33.4,34.6,33.5,33.9,34.0,34.4,34.0,33.6,33.1,32.8,32.1,32.9,33.1,33.8,33.1,33.7,33.7,34.3,34.4,32.8,32.6,33.5,33.9,33.0,33.4,33.3,33.7,32.5,33.4,32.7,32.5,34.1,34.1,33.4,34.5,33.8,33.3,33.6,33.6,33.4,33.8,33.2,33.7,32.6,34.1,33.8,33.7,33.2,34.4,33.8,35.8,33.8,33.0,33.6,34.0,33.7,32.4,31.8,32.8,32.9,33.0,33.1,33.8,34.2,33.7,33.3,33.1,33.5,34.0,33.8,33.9,34.3,33.8,32.6,33.8,33.6,32.4,33.6,34.1,33.0,34.1,33.7,34.5
1785306980.7245114,2209,33.5,33.8,33.8,32.7,32.4,32.3,34.0,33.1,33.1,32.6,32.0,32.7,33.2,33.0,32.8,31.7,32.5,32.8,33.0,32.8,32.7,32.7,32.9,32.9,32.7,32.3,34.3,32.7,33.4,33.5,31.7,33.5,32.9,34.3,32.1,33.2,32.2,32.5,32.3,33.3,32.9,32.6,33.0,33.6,34.0,33.2,33.2,33.4,32.9,32.7,33.0,33.8,32.9,33.2,32.0,34.1,32.6,32.9,33.2,33.0,33.2,33.5,32.4,34.2,34.9,32.3,33.0,33.2,34.0,32.9,33.1,32.0,33.2,32.6,32.3,32.3,32.6,32.0,33.0,33.1,33.2,32.4,32.6,33.1,33.2,33.2,32.7,33.1,32.1,32.6,32.7,32.5,33.3,32.2,34.3,32.5,33.2,33.4,32.3,33.3,33.0,33.7,32.5,32.6,32.1,33.3,32.2,33.0,32.5,32.6,31.9,33.3,33.3,33.8,32.5,32.6,33.4,32.6,32.8,33.2,32.3,33.0,31.9,33.5,33.7,33.4,32.4,33.2,34.2,32.4,32.7,33.3,33.5,32.2,33.0,32.4,33.3,33.1,32.8,32.1,32.9,33.4,32.5,33.2,33.8,33.1,32.5,32.9,33.1,32.7,32.3,32.7,33.7,33.3,33.2,31.9,34.0,33.7,32.5,33.5,33.5,32.4,33.5,33.9,33.7,33.0,32.0,32.6,32.9,33.4,32.3,32.8,33.4,32.7,33.1,34.0,33.3,32.5,32.4,33.2,33.1,33.0,33.2,32.6,33.0,32.7,32.2,33.0,32.4,33.3,32.5,32.8,33.1,32.3,33.4,33.0,33.0,32.6,32.8,34.0,33.0,32.6,32.5,33.2,32.8,33.2,34.0,33.0,33.7,33.5,32.6,33.0,33.7,32.5,33.1,33.1,33.2,32.7,32.6,31.8,33.7,33.2,32.9,33.4,32.7,33.7,32.8,33.6,32.3,33.3,33.0,33.1,32.4,33.3,32.7,33.2,33.7,34.5,34.8,34.1,32.0,33.3,33.2,33.6,33.4,32.2,33.3,33.3,33.1,33.2,32.4,34.2,33.5,33.0,33.1,34.6,33.9,33.4,33.7,33.4,33.1,33.9,32.1,33.0,33.6,33.0,33.6,33.1,33.4,34.6,35.7,33.8,33.5,32.6,32.5,33.0,33.3,33.5,32.5,32.6,33.1,32.3,32.8,32.3,33.5,33.5,32.8,33.0,32.4,32.7,32.1,33.9,32.6,33.2,32.2,33.3,33.3,33.2,32.8,33.7,33.4,34.4,34.6,34.7,33.1,33.3,33.0,33.5,32.6,33.0,32.8,33.4,32.8,33.9,32.7,33.4,32.0,33.4,32.0,33.6,33.2,32.4,33.6,32.6,33.6,33.1,32.5,33.9,33.6,33.4,32.9,33.3,34.2,33.7,35.1,35.1,34.5,33.5,33.0,32.9,33.1,33.5,32.8,32.6,33.9,32.3,33.4,33.3,33.6,32.5,34.2,32.9,33.3,33.6,32.0,33.1,33.1,33.6,32.9,32.8,32.7,33.3,32.3,33.6,34.5,34.7,35.0,35.5,35.4,34.7,33.4,32.7,32.6,32.7,32.6,32.9,32.8,33.2,32.4,33.2,31.6,33.3,33.0,33.2,32.9,33.2,33.2,32.9,33.6,33.1,32.9,33.5,33.0,33.1,32.6,34.4,34.8,34.1,33.7,34.2,34.7,33.5,33.8,33.2,34.2,33.1,33.9,33.0,34.0,32.5,33.4,32.9,33.0,33.2,32.8,34.1,33.1,33.4,33.4,34.1,33.0,34.3,33.3,33.7,33.2,33.7,32.8,34.4,33.9,34.1,33.4,34.5,33.6,34.3,33.9,33.3,32.3,33.1,32.9,33.3,33.1,32.9,32.7,33.7,33.2,32.9,33.0,33.7,34.0,33.2,34.0,33.1,33.9,33.1,33.2,32.8,33.3,33.6,33.5,34.0,34.2,33.8,33.7,33.7,33.3,33.0,35.2,34.0,33.7,33.5,32.3,33.3,33.7,32.6,32.9,33.6,33.4,33.4,33.6,32.5,33.4,33.9,32.5,33.4,32.9,34.1,33.5,33.3,33.4,33.4,33.5,33.6,33.4,33.3,34.0,33.5,33.0,33.8,35.0,33.9,33.1,33.5,32.4,33.0,32.8,33.9,32.7,33.6,33.0,33.1,33.0,33.1,33.6,33.4,34.4,34.0,33.4,32.7,33.6,32.3,33.5,32.9,33.5,33.6,34.0,32.7,33.4,33.5,34.3,33.8,33.7,34.2,33.5,34.2,33.5,33.0,33.0,33.1,33.0,33.5,33.0,33.5,33.4,33.9,33.4,33.6,32.8,33.9,33.8,32.6,33.1,33.1,33.4,33.6,32.5,33.1,33.5,nan,33.4,33.6,33.6,34.6,34.0,34.2,32.4,33.3,33.4,33.3,33.7,32.9,32.9,33.2,34.0,34.4,32.8,34.3,35.1,32.1,33.2,33.0,33.8,33.1,33.8,32.8,33.6,33.2,33.3,33.3,34.5,33.8,34.4,33.7,34.2,33.7,33.9,35.0,33.9,33.0,33.6,32.9,32.9,31.8,33.8,34.3,33.3,32.6,33.9,33.9,33.5,32.9,32.0,33.6,33.3,33.5,33.6,33.6,32.9,33.1,32.9,33.4,34.0,33.7,33.9,34.3,34.4,34.2,33.4,33.7,32.9,33.0,32.7,33.6,33.9,32.8,34.0,34.1,33.4,32.9,32.9,33.4,32.5,33.6,32.8,34.1,34.1,33.6,33.8,33.2,33.3,32.9,33.7,33.6,33.9,34.2,33.5,33.5,34.7,33.8,34.7,33.5,34.0,33.0,34.0,32.2,33.1,33.0,33.8,33.6,34.0,33.5,34.7,34.7,33.0,34.1,32.5,34.0,33.5,32.9,33.2,34.0,33.0,33.8,32.9,34.1,32.9,34.0,34.5,34.2,34.1,33.7,34.1,33.3,33.9,33.6,34.8,33.6,32.4,33.5,32.8,34.5,33.7,34.2,33.2,35.1,34.3,33.8,33.6,33.0,34.1,33.6,33.6,32.7,34.4,33.0,32.9,33.4,33.8,34.3,34.7,33.6,33.5,33.8,34.5,33.1,33.7,33.3,34.4,33.7,34.0,33.7,33.9,33.9,33.7,34.2,33.8,34.3,33.1,33.3,33.6,33.4,33.3,33.7,32.2,34.2,33.1,34.0,33.6,34.2,34.7,34.7,33.1,33.0,34.0,33.9,32.5,33.2,33.2,33.5,33.0,32.9,33.2,33.8,33.0,33.6,33.0,34.6,33.7,34.3
1785306982.8696196,2210,33.4,32.4,32.7,31.9,32.2,31.4,33.2,31.6,32.6,32.8,32.5,32.1,33.5,33.4,33.3,32.2,32.1,32.1,32.9,32.5,32.8,32.5,32.3,32.5,33.0,32.5,32.9,32.5,33.0,33.3,33.6,31.9,33.2,34.4,33.3,33.1,33.3,31.9,32.3,33.6,32.1,33.5,32.4,33.4,32.2,32.6,32.5,32.5,32.7,33.3,32.7,33.0,32.9,32.2,32.8,33.8,32.4,33.4,32.5,32.6,31.8,32.5,32.4,33.6,33.0,33.0,32.9,33.4,32.5,33.7,32.8,33.0,32.9,32.4,32.4,32.1,32.7,33.3,33.1,32.8,33.6,32.4,33.6,33.1,32.9,33.2,32.5,32.9,33.2,32.2,32.8,32.5,33.2,33.1,33.9,33.9,31.7,33.1,32.5,32.3,30.6,33.6,33.3,33.3,31.5,32.5,31.3,32.4,32.1,32.7,32.6,32.3,32.0,33.2,32.7,32.2,31.7,33.2,32.7,33.7,32.9,32.9,32.5,33.4,32.0,32.3,32.6,33.1,34.3,32.9,31.9,32.6,33.4,32.6,32.9,32.5,32.7,32.4,32.5,32.5,32.8,32.6,33.1,33.4,32.9,33.1,33.2,32.4,33.5,33.1,32.7,32.5,33.1,31.5,32.5,32.1,32.7,33.7,32.0,32.8,32.5,34.8,34.0,33.4,35.3,33.0,33.3,33.6,32.3,33.0,31.9,32.9,32.3,33.9,33.4,33.0,33.0,32.3,32.4,33.1,32.3,33.1,32.6,32.7,32.3,32.8,32.0,33.7,32.4,33.0,33.0,33.6,33.7,32.7,32.7,32.2,32.7,32.6,33.8,32.2,32.9,33.5,33.0,33.0,32.8,33.1,34.9,33.6,33.0,31.9,32.8,32.9,33.8,32.3,32.4,32.6,32.8,32.9,32.9,33.5,32.6,34.4,33.4,33.4,33.4,32.7,33.2,33.3,32.1,33.0,32.6,33.2,32.4,33.7,32.0,33.5,32.7,34.0,34.0,34.2,32.6,32.7,32.5,33.2,32.7,33.0,32.6,33.1,32.2,33.1,32.4,32.3,33.5,33.5,32.1,32.2,33.5,33.1,32.6,33.0,33.7,32.1,33.5,33.3,34.1,32.5,33.4,33.2,32.8,33.6,35.1,34.3,33.6,32.2,32.8,32.3,33.3,32.5,33.3,32.9,33.2,33.3,32.6,32.5,32.7,32.2,33.3,32.7,32.8,33.0,33.3,32.8,32.7,32.9,33.4,33.9,32.2,32.6,32.9,33.6,32.2,33.0,35.5,35.1,32.7,32.9,33.2,34.0,32.1,32.8,32.8,33.0,32.8,33.3,32.5,33.1,32.2,33.5,32.8,34.3,33.3,33.6,33.1,33.8,33.6,32.4,33.1,32.8,32.9,33.6,34.0,33.2,34.1,34.6,35.4,34.2,34.6,33.7,33.6,33.0,32.4,33.0,32.8,32.8,33.4,32.3,32.4,32.6,33.5,33.6,33.0,32.3,32.2,32.8,32.8,33.6,32.6,33.7,32.7,33.8,32.7,33.0,32.7,33.2,34.5,35.0,35.1,34.8,34.7,34.3,33.8,33.3,32.8,33.4,32.6,32.9,32.3,32.8,32.9,32.4,32.7,33.0,33.4,32.9,33.0,33.2,33.1,32.3,33.3,32.9,33.2,33.0,33.1,32.5,32.6,33.4,34.1,34.4,34.0,34.3,34.8,34.0,33.9,33.1,32.9,33.5,32.8,32.8,33.3,32.8,33.1,32.9,33.7,33.0,33.2,33.7,32.4,32.7,33.2,32.6,32.8,33.5,33.4,33.3,33.3,33.3,32.7,33.9,33.9,33.8,34.4,33.3,33.6,34.6,33.7,33.7,33.1,33.1,32.9,33.4,31.9,33.0,32.9,33.5,33.2,33.4,32.8,34.8,34.1,33.0,33.3,33.1,34.8,32.8,33.3,33.0,33.4,32.9,33.0,33.5,34.0,32.9,33.7,33.7,32.7,34.1,34.1,33.7,33.0,32.7,33.8,32.5,33.1,32.8,33.3,33.6,32.8,33.8,33.3,32.1,32.8,33.8,33.5,33.3,32.4,33.5,34.0,34.0,31.9,32.7,33.0,33.7,33.3,33.6,33.7,33.8,33.1,33.3,34.0,34.3,33.4,33.9,32.5,33.8,32.8,33.2,33.4,33.3,32.5,32.7,33.2,33.5,32.6,33.6,33.1,32.0,33.1,33.1,33.7,33.2,33.2,33.1,32.6,33.6,33.1,33.3,34.9,34.0,34.1,34.0,34.0,33.8,33.8,33.3,32.6,33.1,33.1,32.4,33.2,32.7,33.9,33.3,33.6,34.1,32.6,32.0,32.6,33.7,32.7,33.6,33.1,33.6,32.8,33.7,34.0,33.5,33.5,nan,33.7,34.6,33.8,33.8,33.7,35.1,33.1,33.2,33.0,33.4,33.0,34.4,33.3,33.0,33.3,34.1,34.2,33.8,33.3,32.8,32.7,32.8,33.7,33.6,33.0,33.7,33.6,32.9,33.4,33.4,33.8,33.6,34.0,33.8,34.1,34.3,34.6,34.3,32.1,32.3,33.1,33.1,33.0,33.4,34.3,32.9,33.8,32.8,34.6,33.3,32.1,34.2,33.0,33.5,32.9,33.2,32.7,33.5,32.2,32.7,32.7,34.0,34.8,34.1,33.4,34.6,34.1,33.8,33.3,34.8,32.6,33.2,33.5,33.7,32.8,32.9,32.1,33.1,32.6,34.0,33.5,34.2,33.8,34.0,32.5,33.9,33.9,33.4,34.4,32.8,32.5,33.2,33.1,33.2,33.8,34.0,33.9,34.0,33.7,33.8,33.8,33.0,33.6,33.0,34.5,32.9,33.6,33.4,33.5,33.4,34.8,34.4,34.4,34.7,33.0,33.8,33.1,34.1,33.3,33.2,32.8,33.2,33.0,33.5,34.1,34.2,33.3,34.8,34.6,34.5,33.6,34.1,33.7,34.1,32.7,34.1,31.4,33.7,32.8,33.1,33.0,34.2,33.1,34.7,33.8,34.1,32.5,32.8,33.7,33.9,33.8,33.1,33.3,33.7,32.8,32.6,33.2,33.1,33.9,33.4,33.4,33.6,34.6,34.1,33.6,34.0,33.6,32.4,33.6,32.6,34.7,33.4,34.2,32.5,34.2,34.2,34.6,33.8,31.7,33.9,33.8,34.9,33.5,32.2,32.6,34.3,32.5,32.6,32.4,33.8,33.3,34.3,33.5,33.1,33.1,34.3,33.1,34.0,33.0,33.3,32.4,34.0,32.1,32.6,32.6,32.9,33.0,34.2,33.9,34.7
1785306985.0423224,2211,33.1,34.1,33.5,34.9,31.8,33.4,33.2,33.6,33.0,33.0,32.3,33.5,33.7,33.2,33.5,32.8,32.8,32.5,32.2,32.9,33.6,33.8,32.7,33.3,33.4,33.3,33.3,33.2,31.6,32.9,32.8,33.7,34.0,33.4,34.1,32.4,33.5,31.9,33.8,33.2,33.1,33.5,32.0,32.4,33.7,33.3,32.7,33.1,33.3,32.6,33.8,33.0,33.8,32.9,32.6,33.0,33.8,32.8,33.0,32.6,33.2,32.5,33.1,32.4,33.0,34.2,33.3,34.3,32.7,33.3,34.0,33.9,33.3,33.2,32.5,32.7,32.9,33.3,32.9,32.4,33.3,33.7,33.4,32.8,32.6,32.8,33.4,33.5,33.2,32.3,32.4,33.9,32.3,32.4,33.7,33.5,33.7,32.6,32.8,33.5,32.8,32.8,32.1,34.3,34.2,32.9,32.7,32.9,32.7,33.2,32.6,33.4,33.4,33.7,32.7,33.2,33.6,33.4,32.6,33.2,33.1,32.9,32.5,34.4,33.3,32.3,32.4,34.7,33.9,33.1,34.1,34.2,35.2,32.9,33.5,33.7,32.7,33.6,33.2,32.7,33.8,32.7,33.2,32.7,32.2,32.9,33.0,33.6,33.4,33.1,33.8,33.2,33.5,33.5,33.3,33.7,33.5,33.1,32.7,34.2,34.0,32.3,34.4,33.6,33.5,32.6,33.4,32.3,33.4,32.8,32.7,32.0,33.0,32.9,33.6,33.3,33.5,33.0,32.4,33.3,33.7,32.8,32.5,32.7,33.2,32.3,33.2,34.1,33.6,32.0,32.6,32.5,33.2,34.1,32.9,34.2,33.1,34.1,33.0,34.0,32.4,34.0,32.8,33.6,33.3,32.6,33.3,33.1,32.7,33.0,33.6,32.7,33.1,33.5,32.4,32.6,33.0,32.9,32.9,33.3,33.0,33.3,33.0,33.2,34.0,33.6,33.6,33.5,32.5,32.7,33.0,32.8,33.1,33.2,32.6,33.5,32.7,34.3,34.3,34.0,32.9,33.0,32.9,33.5,33.1,32.0,33.3,33.5,32.9,32.1,33.1,32.9,33.1,33.5,32.7,34.1,32.2,33.4,33.2,33.3,32.8,33.6,32.2,34.2,32.9,32.5,32.9,32.9,33.3,34.1,34.7,35.4,33.0,33.5,32.6,33.8,33.1,33.2,34.4,34.0,33.2,32.6,33.1,33.4,33.5,33.7,33.1,34.6,33.3,33.6,33.7,33.6,33.1,33.1,33.4,33.6,33.7,32.8,32.6,32.8,33.1,33.8,35.6,34.8,33.4,33.1,33.8,32.9,33.7,32.4,32.8,33.0,33.3,32.8,33.8,33.8,34.1,33.5,34.2,33.9,33.3,32.8,33.5,33.3,33.2,33.6,32.9,33.6,32.9,33.9,33.0,33.3,33.3,35.3,35.7,35.1,33.7,34.5,33.3,34.0,33.2,33.5,32.8,33.0,32.7,32.8,33.1,33.0,32.6,33.6,33.4,33.3,34.3,33.1,33.8,32.4,32.4,33.5,33.2,33.3,33.6,32.6,33.8,33.4,35.5,34.0,35.3,35.0,35.3,35.0,33.7,32.9,32.9,32.9,33.3,33.0,33.7,33.2,32.7,33.7,33.8,32.9,33.5,33.1,34.3,33.2,33.5,33.5,32.6,33.5,32.5,33.7,33.3,33.3,33.6,34.3,34.1,34.8,34.9,34.7,34.6,34.8,34.1,34.0,32.9,33.6,33.5,33.2,33.6,32.5,33.2,33.6,33.7,33.9,32.8,33.3,34.4,32.9,32.8,33.6,34.5,33.2,33.8,32.4,33.8,33.7,33.8,34.5,34.4,34.1,33.9,34.7,34.4,34.6,34.4,33.9,32.9,33.6,33.7,32.7,33.2,32.7,33.6,33.3,33.4,32.7,33.5,33.8,33.0,33.2,32.5,33.4,32.8,33.7,33.7,33.4,32.9,33.3,32.7,33.7,35.4,34.2,34.0,33.5,32.7,34.3,34.5,35.0,32.7,33.4,33.5,33.2,33.3,33.5,33.5,33.2,33.9,34.3,33.7,32.9,34.1,34.2,33.1,32.7,33.5,33.0,33.8,34.0,33.0,32.5,33.6,33.2,34.6,33.9,33.1,34.3,33.6,33.3,35.3,34.1,33.9,33.3,33.4,33.4,33.0,33.7,33.3,32.4,33.1,34.0,33.0,33.5,33.9,33.2,33.3,34.0,33.3,33.8,33.5,33.0,33.4,33.9,35.3,34.5,34.7,33.2,34.5,34.8,34.0,34.8,34.0,34.7,34.0,33.2,33.3,33.1,33.8,33.3,34.1,32.7,33.0,33.2,34.0,34.1,33.2,33.5,33.2,32.7,34.4,33.0,34.0,32.9,33.9,33.2,33.6,32.9,34.1,nan,33.7,33.3,34.3,33.6,34.2,34.4,34.1,33.6,32.2,32.9,33.1,33.0,33.1,33.9,34.6,34.0,33.7,34.2,32.4,33.6,32.7,34.4,32.9,33.8,33.1,34.1,31.8,34.1,33.6,34.7,34.3,33.5,34.2,33.7,34.0,33.5,34.5,35.0,34.1,33.5,32.4,32.9,34.6,34.1,33.9,34.0,34.2,33.9,34.0,33.7,33.7,33.8,34.5,33.1,33.5,33.2,33.2,33.7,33.1,33.4,33.4,33.0,33.8,34.1,33.3,33.6,34.6,34.0,35.1,35.1,33.5,32.7,33.4,33.2,33.5,32.9,33.8,33.5,33.4,33.2,35.0,33.1,34.5,34.7,33.5,33.7,33.1,34.0,33.2,33.7,32.7,33.2,33.4,34.5,33.5,35.0,36.0,34.2,33.8,35.3,33.6,34.2,33.6,34.0,33.6,33.1,33.2,33.4,33.5,33.6,34.5,33.9,33.9,35.4,33.7,32.9,32.9,33.1,33.1,32.8,33.9,33.2,33.5,34.1,33.4,33.3,34.0,33.8,35.1,33.1,35.3,34.3,34.1,33.8,33.6,33.7,33.4,33.6,33.7,34.0,33.0,32.3,33.8,33.5,34.5,34.8,33.7,34.0,33.7,34.3,32.8,33.6,33.3,33.9,33.4,33.8,33.4,33.1,33.2,34.7,33.4,33.3,33.8,34.3,34.3,33.8,34.0,33.8,34.1,34.1,33.2,33.0,34.2,33.9,34.8,35.3,34.6,33.8,33.6,33.9,34.5,33.8,34.3,34.0,32.8,33.4,33.1,32.8,33.7,34.0,34.7,34.7,33.5,33.8,34.2,33.8,33.6,34.0,33.1,33.8,33.8,34.3,33.8,34.1,33.8,33.7,34.6,33.8,34.8,35.1
1785306987.179559,2212,33.4,34.3,32.2,31.9,34.0,33.6,31.9,32.1,33.6,33.2,32.9,33.1,33.9,33.7,32.4,33.2,33.0,32.8,32.0,33.2,32.0,33.2,32.3,32.9,32.0,33.5,32.5,33.4,33.5,33.8,34.6,33.5,33.7,32.3,33.6,33.3,33.3,33.2,34.2,32.4,33.1,32.9,32.6,32.0,32.9,31.8,32.8,33.1,33.1,32.2,33.2,32.6,33.4,33.4,33.2,33.4,33.7,32.6,33.2,33.5,32.7,32.5,32.9,33.3,32.7,35.0,33.6,34.1,33.5,33.3,32.8,33.0,32.9,33.1,31.3,33.4,32.0,33.1,32.9,33.5,32.8,33.1,32.9,32.1,31.9,33.7,33.4,33.7,33.0,32.8,33.4,33.1,33.8,33.5,33.0,34.2,33.7,33.3,33.4,33.0,34.6,32.6,33.9,33.5,33.6,32.5,32.9,32.7,33.7,33.2,33.0,32.9,32.7,33.2,33.7,32.0,32.9,33.5,34.2,33.3,33.3,32.7,33.7,32.5,32.6,32.5,32.9,33.0,33.6,33.1,33.2,33.5,32.6,32.8,33.1,33.7,33.0,33.4,32.0,33.2,32.1,32.6,32.5,33.1,32.9,32.9,33.2,32.9,32.7,33.7,33.3,33.4,32.8,32.6,32.5,33.8,33.3,33.3,32.0,33.3,33.7,31.6,34.2,32.8,32.7,32.8,32.8,33.2,33.2,32.1,32.7,32.7,33.8,32.3,33.3,32.6,33.0,33.1,33.3,33.1,33.3,33.1,32.8,33.2,33.2,32.6,33.0,33.1,33.6,33.0,33.2,33.4,33.0,33.9,33.8,33.6,31.0,33.4,33.0,32.7,32.8,33.5,32.8,33.9,32.4,33.9,34.2,34.1,32.8,34.0,32.6,33.3,33.6,33.6,32.9,33.6,33.3,32.3,32.7,33.1,33.6,33.0,33.0,34.0,33.4,33.1,34.6,32.9,33.2,32.7,33.5,31.6,33.2,32.9,33.7,33.1,34.1,33.8,35.3,33.8,32.9,32.7,33.0,33.1,34.0,32.5,33.8,33.3,33.4,32.1,33.7,32.3,33.5,33.1,32.5,33.4,31.4,33.3,33.6,34.4,33.4,33.4,33.3,33.1,32.7,32.8,33.4,33.6,32.8,34.6,36.0,35.5,33.3,32.9,32.3,33.3,33.0,32.8,32.4,32.9,32.7,32.9,32.7,33.4,32.7,33.7,33.1,33.0,33.9,33.6,34.1,32.8,33.1,32.9,32.9,32.3,34.2,32.8,33.4,33.1,33.4,33.5,36.2,34.8,33.2,33.1,33.3,33.4,33.1,33.7,33.8,32.9,33.5,33.0,33.4,33.5,33.3,33.2,33.2,33.1,33.5,33.2,33.9,33.8,32.4,34.2,33.1,34.4,33.4,34.1,32.9,33.8,34.1,34.6,35.2,35.4,35.5,35.4,33.0,33.8,32.7,33.5,32.2,32.8,33.0,33.1,32.4,33.1,31.9,32.8,33.4,33.3,33.9,32.2,34.4,33.4,33.3,32.4,33.2,32.6,33.9,32.5,34.0,33.4,33.9,33.5,35.3,35.1,34.5,33.7,33.5,33.2,32.8,32.3,33.6,32.5,33.6,32.8,33.3,33.3,32.5,32.3,33.2,32.5,34.1,34.2,32.7,33.5,33.3,34.2,32.6,34.2,33.7,34.1,33.6,34.4,34.0,34.9,34.0,35.0,33.5,35.1,33.8,33.7,33.0,33.2,33.0,33.6,34.6,32.5,33.5,33.6,32.8,33.2,33.5,33.9,33.9,33.1,33.4,33.0,33.2,33.5,33.6,33.3,33.8,32.3,33.7,33.7,34.2,33.9,35.0,33.8,33.9,34.2,34.1,33.7,33.6,32.6,33.2,33.1,33.1,32.3,33.4,32.9,33.9,32.7,33.4,34.0,32.8,33.2,33.1,34.1,33.7,33.5,32.8,34.2,32.6,34.1,33.8,34.3,34.0,34.0,34.0,33.8,32.7,33.8,34.8,34.3,32.5,32.7,33.3,33.1,32.1,33.8,33.0,33.4,32.8,33.2,34.1,33.3,35.3,33.2,32.3,31.9,33.1,32.8,33.6,33.5,32.7,33.2,34.4,34.7,35.2,33.9,34.5,33.9,34.1,33.9,35.1,33.8,33.6,33.0,33.0,33.6,34.3,33.5,33.4,33.0,33.4,33.4,33.8,33.2,32.2,32.8,34.1,34.1,32.9,32.5,32.1,33.5,32.5,33.9,30.6,34.0,33.8,34.3,34.1,34.8,33.8,34.0,34.0,34.2,32.5,33.2,32.8,33.6,33.3,33.4,33.0,33.8,33.7,33.7,33.3,33.9,33.6,32.9,33.4,33.1,33.6,33.2,33.3,32.5,34.4,33.4,33.2,34.4,34.6,nan,34.5,33.9,34.4,33.5,34.8,34.8,33.4,33.6,33.7,32.7,33.2,33.5,33.1,33.5,33.8,33.0,34.8,33.8,32.8,33.2,33.3,34.0,33.5,33.1,32.8,34.2,33.2,33.4,33.1,34.0,33.5,34.0,33.3,34.3,33.5,33.5,34.6,35.3,33.8,34.5,33.2,33.8,33.4,33.4,33.5,33.4,33.1,33.7,33.8,33.9,34.3,33.2,33.9,33.7,32.7,33.2,33.2,33.8,33.7,33.5,33.1,33.3,35.1,34.1,33.6,33.9,34.1,34.4,34.4,34.1,33.8,33.6,33.2,33.2,33.4,33.3,34.0,33.5,33.8,33.4,34.9,34.4,33.3,35.1,32.9,34.3,32.5,33.2,33.7,33.7,32.5,33.4,33.4,33.9,33.1,34.5,34.3,34.7,34.2,34.5,33.9,33.3,33.4,33.7,33.4,33.6,32.7,33.9,34.6,33.2,33.5,33.8,33.7,34.9,33.0,32.7,34.0,33.5,33.5,32.8,34.1,33.0,33.3,33.7,32.9,33.1,34.1,34.3,35.1,34.3,33.9,34.3,33.9,33.1,33.4,34.2,33.7,33.4,33.1,33.3,33.8,33.3,33.7,33.5,35.3,34.3,32.1,35.8,32.6,34.5,33.0,34.1,33.7,33.9,33.2,34.3,33.7,33.6,33.2,33.9,33.6,34.2,34.6,34.5,33.4,34.0,33.4,33.3,33.2,33.5,34.3,33.9,33.6,34.7,33.2,34.2,34.2,34.5,33.3,32.5,34.4,33.1,32.9,33.0,33.3,33.0,33.8,33.7,33.8,34.1,33.8,34.5,34.3,33.4,34.3,34.3,33.4,33.7,33.9,33.6,33.9,33.4,34.1,33.3,34.4,34.5,34.2,34.9,34.5,35.3
1785306989.3214405,2213,32.8,33.8,33.7,33.9,32.2,33.0,33.9,33.6,32.4,32.6,33.5,34.3,32.2,32.6,34.1,33.7,32.6,33.4,33.1,33.2,33.6,32.3,32.9,33.9,32.8,33.9,34.2,33.4,33.0,32.9,33.6,33.2,34.3,32.3,33.3,34.3,32.4,32.2,33.8,33.0,32.7,32.4,33.2,34.5,33.7,32.6,32.7,34.0,32.9,31.9,33.6,32.4,34.2,32.2,32.8,33.4,33.8,33.4,33.6,33.5,33.8,32.7,32.6,34.4,33.8,33.5,33.8,34.1,33.1,32.9,33.6,34.0,33.3,33.7,32.8,32.7,32.5,33.3,32.9,32.9,33.1,33.5,33.1,33.7,32.8,33.2,33.2,33.7,32.0,33.6,33.6,33.7,32.7,33.1,33.2,34.2,33.2,33.1,34.1,34.4,33.0,32.6,33.7,34.5,32.8,32.5,32.4,33.5,32.3,32.5,33.7,33.9,33.1,32.0,32.9,34.1,33.1,32.2,32.8,33.2,33.6,32.9,32.7,33.6,33.1,32.3,32.9,33.7,33.6,33.1,32.3,34.8,32.4,33.0,33.3,34.3,32.3,32.9,33.4,33.3,33.5,33.1,33.3,34.1,34.1,33.9,33.7,33.8,32.7,33.9,32.8,34.6,33.7,32.4,33.5,34.0,32.9,33.5,34.2,34.8,32.6,33.2,33.1,34.0,33.5,31.6,32.8,33.6,33.0,33.5,33.2,33.0,33.1,33.1,33.1,33.3,33.5,32.6,32.8,33.1,33.1,32.6,33.3,33.9,33.9,33.9,34.0,33.5,33.4,32.4,33.6,34.3,34.6,33.7,34.8,33.6,32.4,33.7,33.2,33.6,33.3,33.1,33.8,33.2,33.1,32.3,33.6,34.3,33.0,33.2,33.3,34.7,34.1,33.1,32.7,32.9,32.3,33.4,34.0,33.9,32.5,33.8,34.1,33.0,33.4,33.1,32.8,34.5,33.1,33.2,33.0,34.1,33.7,33.4,33.4,34.0,33.4,33.0,34.5,34.0,32.9,33.2,32.7,33.2,33.2,32.2,33.3,33.0,33.1,32.8,33.7,32.7,33.5,32.9,34.1,34.7,33.3,34.6,32.8,33.8,33.7,33.9,33.5,33.9,33.1,33.5,33.4,33.6,33.5,35.5,36.0,35.2,33.6,32.9,33.1,33.6,33.8,34.0,33.9,34.3,33.6,33.1,32.9,33.6,33.5,33.7,33.7,34.6,33.3,33.2,34.1,34.0,33.5,33.1,33.6,33.6,33.8,32.6,34.3,34.8,33.1,33.7,36.2,35.5,33.7,33.2,33.0,33.7,33.2,33.4,32.7,33.5,32.8,33.3,34.3,34.5,33.0,33.0,33.4,33.9,32.7,33.4,34.3,33.8,32.8,33.5,33.6,33.7,33.6,32.9,33.7,33.3,33.6,34.5,35.9,35.9,35.1,34.0,33.6,33.7,33.5,34.0,33.8,33.5,33.7,34.2,32.8,34.0,32.8,33.0,34.5,34.3,32.9,32.2,33.2,34.4,33.5,32.1,32.7,33.3,32.9,33.0,34.0,34.4,34.7,34.3,35.0,36.1,34.1,34.3,33.4,33.3,33.1,33.3,33.1,33.2,32.8,33.7,33.4,33.7,33.8,32.9,32.5,34.7,32.8,33.2,33.3,33.5,32.4,34.0,33.9,34.5,33.9,33.3,34.4,33.9,34.5,34.5,34.1,34.5,33.8,34.8,34.1,34.0,32.9,33.4,34.0,33.5,32.9,33.7,33.9,32.7,33.3,33.0,33.2,34.3,32.3,33.5,33.8,33.8,33.6,33.2,33.4,32.6,33.8,33.3,34.2,34.2,34.7,34.7,34.2,34.7,34.2,34.6,34.7,34.7,33.4,33.7,33.7,33.4,33.5,33.2,34.1,34.2,32.8,33.2,33.8,33.2,32.8,34.2,33.7,33.2,33.7,33.3,34.9,34.4,32.9,32.8,34.0,34.3,34.1,33.7,34.3,35.0,33.7,33.5,35.3,34.8,33.0,33.8,34.1,33.3,33.3,33.8,32.4,34.8,33.9,33.6,33.6,33.7,34.0,34.2,33.5,34.1,32.1,34.4,34.0,34.5,33.0,32.7,33.9,34.5,34.6,34.1,33.9,33.6,33.0,33.8,35.6,34.6,33.2,33.0,33.6,33.9,32.7,33.5,34.2,33.7,33.8,32.9,34.8,33.1,33.5,33.8,33.5,34.7,33.1,32.9,33.7,34.1,32.9,33.6,33.5,34.1,34.1,34.3,34.6,35.1,34.5,34.6,34.8,35.3,33.6,34.3,33.6,33.5,34.5,33.5,33.5,34.4,33.5,34.7,33.8,34.5,33.4,33.1,34.0,33.9,33.3,33.0,33.1,33.4,33.5,33.0,33.2,34.5,34.0,nan,34.2,34.6,33.6,33.0,33.6,35.3,33.7,33.8,33.4,34.3,32.9,33.9,33.3,33.7,34.2,32.8,33.0,34.4,33.3,33.4,33.3,34.0,33.1,34.7,33.9,34.4,33.1,33.1,33.8,34.3,33.8,34.0,34.7,34.8,34.0,34.2,34.5,35.8,33.5,33.0,33.2,34.1,33.2,33.2,33.7,34.5,33.5,34.1,34.8,33.9,34.1,33.2,34.3,34.1,33.8,32.1,34.1,33.9,32.7,32.2,34.1,34.4,35.3,33.8,34.2,33.7,34.0,34.0,34.9,34.5,34.1,33.4,33.6,34.1,33.0,33.3,34.5,34.4,33.6,33.4,34.7,34.6,34.2,33.8,33.8,35.8,33.5,33.2,33.0,33.9,33.8,33.9,34.7,35.0,34.3,34.9,35.5,34.7,34.4,35.8,33.6,35.0,32.9,34.2,33.6,33.8,33.2,34.0,34.1,34.0,34.7,34.1,33.9,35.6,35.0,33.6,34.4,34.1,32.7,32.8,34.6,33.7,33.0,33.4,32.9,34.0,34.6,33.9,34.3,34.1,34.9,33.9,34.3,34.0,32.7,34.1,33.5,34.1,33.5,32.6,33.6,33.7,33.9,33.9,33.4,35.5,32.8,33.8,34.6,34.1,34.0,33.2,34.1,35.0,33.4,33.0,33.4,34.0,33.9,34.6,34.5,33.6,34.1,34.8,33.2,33.5,32.7,34.5,33.0,33.7,34.1,34.1,34.6,34.1,33.8,33.4,35.3,34.9,33.8,33.9,33.6,33.8,33.9,33.0,33.4,33.9,32.7,32.8,33.6,34.2,33.8,33.3,34.9,34.7,34.3,33.5,35.0,33.8,33.8,33.4,33.9,33.6,33.2,33.9,35.0,34.1,33.0,33.2,33.7,35.8
1785306991.39221,2214,36.1,33.0,34.0,33.3,34.8,34.2,32.9,33.6,33.5,34.1,33.1,33.6,34.2,33.1,33.6,32.9,34.5,32.2,33.0,32.9,33.5,33.3,33.9,33.0,33.5,33.8,33.2,33.0,35.4,33.9,33.7,33.3,35.1,34.5,32.4,33.7,34.2,34.0,33.2,33.1,34.2,34.0,33.4,33.6,34.1,33.0,33.7,34.3,33.2,34.1,33.5,33.1,34.4,33.9,32.7,33.7,33.8,33.3,32.6,33.8,34.8,32.8,32.5,34.7,34.3,34.1,33.4,33.5,35.3,32.4,33.5,33.7,34.9,33.6,32.7,32.4,33.5,33.4,33.0,33.4,33.9,33.4,32.8,32.7,33.7,33.3,32.9,33.0,35.5,33.7,33.7,33.0,35.6,33.8,32.8,33.8,33.8,33.6,33.8,33.8,33.1,34.9,33.2,33.8,33.5,33.2,32.5,33.4,32.7,33.8,32.9,33.8,33.5,34.2,33.3,32.6,33.6,33.5,32.7,33.8,33.4,34.1,32.2,33.7,34.6,33.4,33.2,33.4,35.3,33.9,32.6,32.7,35.1,33.1,33.2,33.2,34.2,33.0,33.1,33.2,33.6,34.0,33.2,33.0,33.3,33.2,32.9,34.0,33.8,33.8,33.0,33.1,33.4,33.4,33.2,33.0,34.2,34.4,34.3,33.8,33.8,33.8,33.8,32.9,36.1,34.4,33.2,33.3,33.1,33.8,33.3,33.0,33.5,33.9,33.3,32.9,32.4,33.4,32.9,33.6,33.9,33.7,33.6,33.2,33.3,33.3,33.1,33.8,34.1,34.5,33.5,33.3,35.3,32.6,32.4,33.3,33.6,32.9,33.0,33.0,33.4,33.6,33.1,33.8,33.8,34.5,33.7,33.5,35.0,33.3,32.8,33.8,34.5,33.1,32.8,33.5,34.0,34.2,33.5,33.8,33.7,33.7,33.7,33.7,33.0,33.9,33.1,33.0,33.0,33.5,33.0,32.9,34.3,34.2,33.5,33.4,34.2,35.0,34.6,34.4,33.5,33.8,32.8,33.5,33.5,32.4,32.9,33.7,34.6,33.4,33.0,33.3,33.7,34.7,33.8,33.9,34.1,34.9,33.5,33.7,33.8,32.9,33.0,32.9,33.5,33.4,32.6,33.1,34.8,35.9,35.1,33.7,33.6,33.9,33.2,33.1,33.9,33.9,32.9,33.0,34.0,33.0,32.8,33.8,34.3,34.2,33.0,33.3,34.4,34.4,34.2,32.9,33.2,33.6,32.9,32.9,33.8,33.5,33.4,33.7,33.3,35.5,34.7,34.0,34.1,34.1,32.8,33.3,33.3,33.7,33.2,33.8,34.4,33.2,33.7,33.7,35.1,33.8,34.1,34.4,35.3,33.5,33.6,33.5,34.2,33.5,33.4,34.5,33.7,33.8,33.1,34.7,35.9,36.1,34.8,34.3,35.4,33.9,33.1,33.3,34.2,34.1,33.0,33.4,34.5,34.1,32.9,33.0,34.7,33.6,34.4,33.0,33.6,34.2,31.9,35.0,33.9,34.7,33.7,33.9,34.6,34.4,33.7,34.3,35.7,35.2,34.9,34.9,35.4,35.0,33.0,33.8,33.7,33.7,33.1,33.6,33.7,33.8,33.7,33.8,33.8,33.7,33.7,32.4,34.4,33.3,33.8,33.2,33.7,33.5,34.3,33.6,34.3,33.5,35.3,35.5,34.2,33.3,33.8,34.1,35.7,34.4,33.5,33.3,34.2,34.4,32.7,32.9,33.8,33.3,33.2,33.0,34.3,33.3,33.8,34.2,34.0,33.2,33.9,33.7,32.6,33.8,33.7,33.9,34.1,34.6,34.2,33.6,34.9,35.4,35.1,34.2,35.2,34.6,33.5,33.8,33.5,33.3,32.8,33.2,34.6,33.5,33.9,33.9,33.8,34.4,33.7,34.1,34.4,33.3,33.4,33.4,34.0,33.0,33.4,33.4,33.8,34.0,33.9,34.2,34.9,34.2,34.9,33.9,34.9,34.2,33.4,33.6,35.0,33.8,33.7,32.7,33.7,33.4,34.0,34.0,34.2,34.2,33.8,32.2,33.5,33.5,32.8,32.6,33.8,33.6,33.2,33.2,34.3,34.2,34.3,34.9,35.0,34.8,33.7,33.1,35.0,34.5,34.7,33.7,34.0,33.5,34.0,34.2,33.9,34.1,33.5,33.6,34.0,33.3,33.7,33.8,33.5,34.1,34.6,33.9,34.3,34.1,33.4,33.6,33.5,33.0,33.9,34.7,35.0,35.5,34.4,34.6,34.7,35.2,34.4,34.4,34.4,34.1,33.7,33.6,34.6,34.2,33.4,33.9,34.2,34.6,33.4,34.4,34.4,33.2,33.3,33.6,33.0,34.0,33.4,33.0,33.4,33.8,34.8,34.0,34.4,nan,34.1,34.0,34.5,34.4,34.3,33.9,33.3,33.5,33.1,33.5,34.0,33.9,33.9,33.2,33.5,34.0,33.7,34.5,34.9,33.5,34.6,33.2,33.4,34.1,34.0,33.6,34.2,33.2,34.5,34.0,34.7,33.9,34.4,33.9,34.6,34.9,34.6,33.6,34.1,34.4,33.5,32.8,33.5,33.7,34.3,33.5,34.7,34.9,34.5,35.0,34.6,33.7,33.5,32.6,34.5,33.3,32.8,33.6,33.5,33.5,34.3,35.3,33.9,34.0,35.0,34.5,35.0,35.5,34.5,34.1,33.4,33.8,33.1,34.3,34.3,33.9,33.9,34.3,34.0,34.4,34.0,33.9,35.0,35.2,33.8,34.6,34.3,33.7,32.7,33.6,33.5,33.1,33.9,34.2,35.2,34.9,33.5,34.3,34.6,33.6,33.1,33.4,34.5,34.3,34.4,33.5,33.3,33.9,34.1,33.7,35.9,34.5,35.5,35.2,33.8,33.5,34.5,33.8,34.1,34.1,33.2,33.4,34.0,34.3,32.6,33.9,35.2,34.2,32.3,34.1,35.4,34.9,34.2,33.5,33.5,34.0,34.0,33.5,33.8,34.8,33.7,33.6,33.8,34.6,33.9,35.3,35.2,33.4,34.4,33.5,34.7,35.0,32.8,33.6,33.8,34.2,33.5,34.4,35.8,34.4,33.7,33.2,34.5,34.6,34.0,33.7,35.1,33.7,33.3,34.0,34.9,34.8,33.9,33.6,34.3,34.9,34.0,34.1,34.6,34.4,33.4,33.4,34.8,34.7,33.1,34.0,33.2,34.6,33.2,33.7,35.1,34.8,34.3,33.7,33.2,34.6,33.3,34.1,34.7,34.4,33.5,33.5,34.8,34.9,34.9,34.2,33.9,35.0,34.9,35.9
1785306993.7028863,2215,33.3,32.4,32.9,33.7,33.6,33.2,32.8,33.3,33.0,32.8,32.7,33.1,33.0,32.1,33.3,33.2,31.7,33.0,32.9,33.4,33.5,33.4,32.4,32.3,32.4,33.1,32.4,33.8,33.9,32.6,33.3,32.4,32.9,31.8,32.6,32.4,32.6,33.2,32.9,32.8,32.5,33.1,32.9,32.2,33.1,32.5,32.6,33.3,32.7,32.6,33.2,32.6,32.9,32.0,33.2,32.6,32.3,32.4,33.0,33.1,33.8,33.6,33.6,33.8,33.0,34.2,33.3,33.8,33.5,33.3,33.6,33.8,32.5,32.2,31.5,33.0,33.4,32.5,32.4,32.6,32.2,33.1,33.1,32.4,32.8,32.6,32.8,33.8,33.1,32.4,33.0,33.3,32.5,33.7,33.9,34.4,32.9,33.3,33.6,33.0,33.4,32.4,33.9,32.5,32.6,33.0,33.1,32.7,31.4,33.5,32.6,33.2,31.9,32.7,32.5,33.4,32.5,33.2,32.7,33.1,32.5,33.3,32.5,34.2,32.6,33.3,32.4,34.4,34.1,33.3,33.4,33.1,33.2,32.8,33.3,32.9,32.5,33.1,33.4,33.7,33.2,33.1,32.8,33.2,33.9,32.2,33.5,32.7,33.0,32.4,33.6,33.4,33.1,32.8,33.5,33.6,30.9,33.1,33.3,33.7,33.7,33.5,33.1,33.4,33.3,32.6,32.8,32.7,33.5,32.6,33.5,33.0,32.4,33.1,32.9,32.8,33.3,32.5,32.6,33.1,32.8,32.6,33.7,33.6,32.3,32.6,33.7,33.1,34.0,33.6,32.5,33.6,33.0,33.2,32.5,33.6,32.5,33.3,33.0,34.0,33.8,32.6,33.1,33.2,33.7,34.7,33.7,32.9,32.5,32.8,33.1,33.7,33.3,32.3,32.0,32.4,32.5,32.9,32.5,33.5,32.4,33.2,33.6,33.6,33.8,32.7,33.2,32.7,32.1,33.0,33.7,32.1,32.5,33.4,33.2,33.6,34.0,35.1,33.6,33.8,32.7,32.7,33.0,33.4,33.5,32.8,32.9,32.8,32.9,31.9,33.5,33.4,32.7,33.7,34.5,32.1,33.7,33.5,34.4,33.4,33.0,33.0,32.8,33.3,33.7,32.8,32.7,33.2,35.4,35.1,33.9,33.1,33.0,33.2,33.1,33.5,33.8,33.2,33.1,32.4,32.9,32.1,33.1,33.0,33.2,31.4,33.3,32.5,33.5,32.8,33.5,34.1,33.1,33.6,33.5,32.8,32.7,32.6,33.1,33.5,34.0,34.6,34.9,33.4,33.2,32.6,34.0,33.2,33.1,33.4,33.0,33.5,32.3,32.3,33.7,33.6,33.5,33.2,32.5,33.1,32.9,33.4,34.5,33.4,33.2,33.4,32.4,34.6,33.6,32.9,34.2,34.3,35.5,34.9,34.7,35.1,33.2,32.7,33.3,33.2,33.7,33.1,33.6,33.6,32.2,32.9,33.0,33.3,32.6,32.3,33.3,33.5,32.8,33.7,34.0,33.0,33.1,32.9,33.6,32.4,33.4,32.8,34.6,34.8,34.4,34.8,34.5,34.7,34.5,34.2,33.5,32.8,32.9,33.7,33.3,33.2,33.1,33.2,32.9,33.3,33.4,33.0,33.4,33.1,33.2,32.8,32.3,33.7,33.6,33.6,33.5,34.4,33.9,33.6,34.2,35.0,34.1,33.7,34.1,34.0,34.5,33.5,33.4,33.7,33.3,32.4,33.0,32.8,32.6,32.6,33.7,33.2,33.1,33.0,33.5,34.1,32.9,33.1,33.8,32.6,31.9,32.8,32.9,32.6,33.0,33.0,34.6,34.3,33.7,33.9,35.0,33.8,34.7,33.3,33.9,32.8,32.6,32.6,33.7,33.6,33.0,32.7,33.0,32.7,32.6,32.5,34.4,33.4,33.0,33.6,32.7,33.7,33.1,32.9,33.5,34.2,33.1,33.8,35.2,34.5,33.8,34.1,33.8,34.0,34.5,34.1,33.5,32.5,32.6,32.9,33.9,33.0,33.3,33.3,33.7,32.8,33.3,31.9,33.5,33.3,33.2,34.8,33.8,33.5,31.8,33.0,34.0,33.8,32.5,32.3,34.3,34.4,33.4,33.6,34.3,33.9,34.4,34.4,33.8,33.0,33.1,33.3,33.4,33.6,33.2,33.0,33.8,33.3,32.8,34.0,34.0,35.2,32.4,33.8,33.3,33.9,33.1,32.9,33.5,33.2,33.4,33.4,33.1,34.3,34.4,34.1,33.8,34.2,33.3,33.5,33.6,34.2,33.8,32.0,33.3,32.6,33.4,33.1,33.5,33.1,32.9,33.1,34.1,33.9,34.1,32.7,33.6,32.1,33.4,33.6,33.3,33.6,33.0,33.7,34.0,34.0,33.5,nan,33.7,33.4,33.9,33.9,33.2,33.9,32.9,33.2,33.5,33.4,33.0,33.8,33.6,34.0,32.9,32.8,33.8,33.8,34.1,33.2,33.7,34.5,32.7,32.9,33.5,34.6,33.0,32.0,33.9,34.5,32.8,33.6,33.7,33.8,34.6,34.8,33.1,33.3,33.6,32.5,32.7,34.1,33.0,33.0,33.1,34.0,34.2,32.9,33.8,33.5,33.0,33.4,34.2,33.3,33.1,33.8,33.6,33.8,33.0,33.4,35.1,34.7,34.0,33.6,33.7,34.4,33.8,33.6,33.8,33.5,33.6,33.2,33.0,33.4,33.5,33.1,33.6,33.7,32.4,34.1,33.9,33.8,34.7,34.0,32.9,34.1,32.3,33.8,33.9,33.5,33.2,33.0,33.6,34.5,34.5,33.5,34.8,35.0,34.5,33.8,34.1,32.8,33.1,33.7,33.0,33.8,33.0,33.4,33.5,33.5,34.1,32.6,33.3,33.8,32.5,32.3,33.7,33.5,34.0,33.8,33.7,33.7,32.6,33.4,33.6,33.7,34.1,34.1,34.8,33.8,33.2,34.4,34.1,33.3,32.7,32.9,33.0,33.5,32.6,33.1,32.4,34.0,33.1,33.3,33.8,34.3,34.4,33.5,33.4,34.5,33.8,32.9,33.5,33.7,33.7,32.6,33.6,33.9,34.6,33.4,34.1,34.1,33.9,34.1,34.1,34.1,33.2,32.9,32.8,34.3,33.1,33.5,34.6,33.9,33.2,32.9,33.7,34.0,32.9,33.6,33.8,32.9,33.9,33.4,33.1,34.5,32.5,32.4,33.3,33.4,34.2,34.0,33.4,33.4,33.1,33.8,33.6,33.7,33.8,32.9,34.1,32.6,33.7,33.9,33.6,34.1,33.2,33.6,34.5,34.2
1785306995.7008686,2216,32.8,33.7,33.2,32.9,33.1,32.3,31.7,32.7,31.5,32.0,32.9,33.1,32.6,33.5,32.0,33.0,32.4,33.2,33.1,33.8,34.7,33.0,33.4,33.1,31.8,33.3,32.9,33.8,33.9,32.1,33.6,34.2,32.6,33.1,34.3,31.9,32.8,32.4,32.9,33.0,33.5,32.6,33.1,32.4,31.6,33.5,33.7,33.7,32.7,32.8,33.6,34.0,32.3,33.1,32.6,32.2,31.9,33.2,33.2,33.3,32.5,33.0,33.1,32.9,33.3,33.0,32.2,33.6,31.2,32.7,32.4,33.6,32.1,33.1,32.4,33.0,32.0,32.4,32.6,33.4,33.8,32.9,33.4,33.6,32.9,32.6,33.2,32.9,32.8,32.8,32.6,32.3,33.1,31.7,31.8,33.2,33.6,32.8,33.0,33.2,32.5,33.2,32.9,33.3,33.9,33.1,32.5,33.1,32.4,32.3,32.4,32.7,33.1,33.1,33.5,32.9,32.3,32.5,32.7,32.8,33.1,32.7,32.9,32.1,33.0,32.9,33.5,33.7,32.2,32.9,33.6,32.8,33.8,33.0,33.5,34.2,32.3,32.9,32.3,32.6,32.8,32.9,33.0,32.4,31.7,33.2,32.5,32.9,32.4,33.2,33.3,32.8,32.8,31.8,33.7,33.8,32.1,32.3,33.1,35.0,32.3,33.5,32.0,33.2,32.3,32.8,33.7,32.1,32.8,33.0,33.0,32.9,32.6,32.8,33.4,33.1,33.1,33.6,32.9,33.5,32.9,32.9,33.0,33.2,32.5,33.0,32.0,34.1,32.6,32.2,33.4,32.5,32.8,33.6,33.8,33.4,32.9,32.4,32.3,33.6,32.9,32.4,32.6,32.8,33.9,32.9,33.6,32.9,32.2,33.3,33.1,33.0,32.9,33.3,32.9,33.4,32.5,33.4,32.7,33.3,33.4,33.0,34.0,34.0,34.2,33.8,33.6,32.7,32.5,31.9,33.1,33.4,33.4,32.7,32.7,33.0,34.6,35.2,34.8,32.6,32.4,32.7,32.4,32.6,33.2,32.0,33.4,33.3,33.3,32.6,34.2,33.2,32.7,33.5,34.3,33.4,32.9,32.7,32.8,33.2,32.0,32.6,32.9,32.8,32.5,33.2,32.7,33.0,34.3,36.0,34.7,33.8,32.7,33.2,32.9,33.6,33.1,32.3,32.8,32.6,31.8,33.3,32.4,33.3,32.1,32.9,33.1,32.9,33.5,32.8,33.5,33.6,31.8,32.4,34.4,34.4,33.1,32.9,33.1,32.8,33.8,35.1,34.7,33.2,33.2,32.9,33.5,32.8,33.2,32.9,33.9,32.9,32.8,33.2,33.0,33.3,33.7,32.8,32.7,32.9,32.3,33.6,33.3,34.0,33.5,33.6,32.0,33.7,32.3,33.1,33.0,34.6,35.4,35.4,34.9,35.2,33.5,33.3,32.7,32.1,32.9,32.5,32.9,32.8,33.2,33.6,33.7,33.1,33.0,32.8,33.4,33.7,32.6,33.5,33.2,33.8,32.9,32.8,33.4,33.4,33.0,32.6,34.3,34.0,34.8,34.8,34.6,35.0,33.6,34.8,33.0,33.2,32.9,33.1,33.0,32.4,32.8,34.0,33.4,32.8,33.0,33.6,33.8,32.9,33.2,32.8,32.7,33.7,32.9,33.2,33.7,33.7,33.6,33.1,33.4,34.1,33.8,34.6,34.1,34.5,34.8,33.3,33.8,33.4,33.8,33.0,33.5,33.0,32.1,33.5,34.2,33.8,32.8,32.8,32.8,33.7,33.3,32.7,32.6,33.2,33.5,32.4,32.7,32.8,33.5,33.3,34.1,34.3,34.5,33.0,33.9,34.3,34.0,34.1,33.4,33.1,32.7,33.3,33.2,32.9,33.3,33.2,34.6,33.1,33.5,33.0,33.4,33.4,32.6,34.0,34.1,34.1,33.3,33.6,33.1,33.3,32.4,33.1,33.1,34.8,34.1,34.3,34.6,34.5,32.6,34.1,33.5,33.8,32.8,32.7,33.8,33.0,33.1,33.6,32.8,33.0,33.5,32.5,33.1,34.5,32.7,33.4,33.8,33.1,33.3,33.2,33.6,32.8,32.0,33.2,33.7,33.2,33.7,33.6,33.9,33.6,33.9,34.4,34.6,33.0,33.2,33.6,33.4,33.3,33.7,32.6,33.2,33.7,33.4,33.6,34.4,33.9,32.0,32.3,33.7,33.3,33.1,33.8,33.9,33.5,33.2,32.2,31.6,34.1,33.9,34.4,34.4,33.8,32.8,34.5,33.0,34.0,33.3,33.2,33.6,33.1,33.8,33.1,33.5,33.6,33.5,33.1,34.2,33.7,33.6,32.9,33.2,33.3,33.4,32.9,33.6,32.7,33.0,33.4,32.5,34.2,34.6,nan,33.5,34.1,33.9,34.4,33.9,34.3,33.4,33.7,33.0,33.9,33.2,32.8,33.4,33.2,33.6,33.4,34.4,34.2,32.8,33.0,33.5,33.3,33.3,32.5,33.0,34.6,32.7,32.9,32.6,33.9,33.7,34.1,35.1,34.3,32.7,33.5,33.5,33.8,32.1,33.5,32.5,33.8,32.9,32.7,33.7,33.0,33.3,32.9,34.4,33.1,33.0,32.3,33.8,33.5,33.1,32.7,34.1,33.5,33.9,32.7,33.7,34.4,33.5,34.4,34.1,35.1,33.4,33.9,33.8,33.5,33.1,32.6,33.0,32.8,33.2,32.7,33.4,33.5,33.0,33.6,34.1,33.8,33.6,34.4,34.0,33.3,32.3,33.4,33.0,33.7,32.4,33.4,33.6,34.5,34.1,34.3,34.5,35.2,34.5,33.8,33.4,33.8,33.9,33.6,34.5,32.9,32.7,33.7,33.7,34.3,34.3,33.4,33.5,33.8,33.0,33.4,33.9,33.3,32.1,34.3,33.1,33.0,31.7,33.5,34.8,33.7,34.1,34.3,34.8,34.0,34.1,32.9,32.7,34.0,33.0,33.7,33.9,33.7,32.7,33.3,33.4,32.5,32.5,34.1,33.8,34.8,33.0,32.8,33.2,35.2,32.6,33.1,33.5,33.5,33.0,33.2,32.8,34.5,33.8,33.9,33.4,34.3,33.6,33.1,33.9,34.3,33.1,33.8,33.7,33.9,34.3,33.1,34.0,34.1,33.8,33.6,34.2,35.8,32.9,32.7,33.8,34.2,33.9,33.0,33.7,33.7,32.9,31.9,32.9,33.3,34.7,33.8,34.0,32.7,33.3,34.3,33.9,34.2,33.0,33.8,33.0,33.8,33.9,33.9,34.4,33.3,32.7,33.4,33.6,34.7
1785306997.8319085,2217,34.4,32.1,33.2,33.2,34.0,32.3,33.0,33.5,33.6,33.8,32.9,32.7,33.3,32.8,32.9,33.2,33.2,33.4,33.5,33.6,33.7,32.7,32.6,32.9,33.2,32.7,33.1,33.6,33.2,33.5,33.8,34.0,33.2,32.3,33.8,33.1,32.6,31.9,33.1,32.6,32.9,33.1,32.6,33.0,32.7,32.7,32.3,33.1,32.9,33.3,32.6,32.2,32.7,33.3,32.8,32.6,33.3,32.4,33.8,33.5,33.4,33.4,33.1,32.6,33.5,32.7,33.1,34.1,33.1,32.7,32.1,32.4,32.7,33.3,33.5,32.5,34.3,32.4,33.2,33.5,33.1,32.3,32.7,33.5,33.1,32.8,32.8,33.5,32.6,32.4,33.4,32.9,34.2,32.2,33.0,34.4,33.4,34.2,32.5,32.8,33.0,32.8,33.1,33.5,33.2,33.2,32.2,32.9,32.8,32.8,32.1,33.4,32.9,33.0,32.8,32.7,32.7,33.4,33.1,32.2,33.4,32.9,32.7,32.9,33.3,32.7,34.9,33.7,32.9,32.9,33.6,32.8,33.4,32.8,33.6,33.9,33.9,33.8,32.3,33.3,33.2,32.5,33.1,32.9,33.5,32.8,32.8,32.9,32.9,33.7,33.3,33.4,32.8,31.8,32.5,34.8,32.7,33.9,34.4,33.0,33.0,33.5,33.5,33.2,33.1,32.2,33.1,33.2,33.2,33.3,33.2,33.4,32.8,34.1,34.1,33.3,33.3,33.1,33.4,33.1,32.1,32.7,32.4,32.9,33.0,33.5,33.2,33.1,33.4,33.6,33.4,33.2,35.0,33.4,33.3,32.8,33.5,33.7,33.0,33.4,33.4,32.8,32.5,33.9,33.2,33.2,34.4,34.1,33.6,33.3,31.8,33.3,33.4,33.4,32.3,33.7,32.3,32.3,33.0,32.9,34.5,34.0,32.8,34.0,32.9,33.8,33.4,32.9,33.2,32.7,33.5,32.6,32.9,32.5,34.0,33.6,33.0,34.4,34.8,34.5,32.3,32.9,33.3,33.0,33.9,33.0,32.8,32.6,33.1,33.3,33.1,32.7,32.9,33.5,33.7,34.3,32.7,32.7,34.0,33.4,33.9,32.6,33.6,33.5,34.6,33.7,33.5,34.4,34.1,34.7,35.7,34.7,32.7,33.7,33.3,33.5,32.8,32.3,32.4,33.6,33.0,32.9,32.9,34.4,32.9,33.3,33.5,32.9,32.6,32.8,32.9,33.4,32.4,33.3,32.1,33.7,33.2,33.3,33.1,32.8,33.7,34.5,34.7,34.0,33.2,33.5,34.0,33.6,33.1,33.6,34.1,33.7,32.6,33.5,33.6,33.1,32.6,33.5,32.3,33.5,34.4,33.2,33.3,33.2,33.2,33.1,32.7,33.7,32.9,33.2,33.2,35.1,34.9,35.2,35.0,35.4,34.1,33.0,33.6,33.4,33.0,33.3,33.2,32.8,32.9,33.0,33.1,33.1,33.9,33.0,33.0,33.7,33.1,33.5,34.5,33.4,33.8,33.1,33.4,32.9,33.9,33.8,34.0,34.3,34.5,34.8,34.6,34.7,34.2,34.0,33.4,33.1,32.6,33.4,32.6,33.2,32.9,34.0,33.6,33.1,33.6,33.6,33.8,33.5,32.8,33.4,33.5,33.3,32.7,33.1,32.8,33.5,33.7,32.8,33.9,34.4,34.6,34.6,34.3,34.2,34.6,35.1,33.8,33.9,33.3,33.0,33.1,33.1,33.7,32.8,33.3,33.1,33.1,33.7,33.7,33.7,33.9,34.1,33.4,33.2,32.8,34.0,32.7,33.6,33.6,33.2,33.8,34.5,34.4,34.1,34.0,33.5,34.2,34.5,33.4,33.4,33.4,33.9,33.9,32.6,33.5,32.5,32.9,32.7,33.0,33.9,32.8,32.8,34.7,33.8,34.5,34.7,33.3,33.6,34.0,33.2,33.7,33.6,33.9,34.3,34.4,34.3,34.1,33.7,35.3,34.5,33.5,34.0,33.3,33.5,33.8,33.0,33.6,33.3,34.0,33.2,33.5,33.4,33.5,33.5,32.8,33.4,33.4,33.7,32.0,33.2,33.8,33.8,32.7,32.7,35.0,34.2,34.1,33.6,34.0,33.8,33.9,34.4,33.3,34.0,33.2,33.3,33.5,32.9,32.6,32.5,33.6,33.7,33.6,33.4,34.0,33.0,33.4,33.4,33.3,33.6,33.5,33.6,33.5,33.7,32.9,33.6,34.4,34.3,34.2,34.3,34.1,34.2,33.5,34.0,34.0,33.2,32.6,33.0,33.8,32.8,34.0,32.4,34.0,34.2,33.3,34.6,33.3,34.5,32.1,33.9,33.4,33.5,32.7,33.2,33.4,32.5,33.2,33.9,33.4,35.2,33.3,nan,34.2,33.6,33.7,34.1,33.9,33.9,32.7,34.2,32.3,33.2,32.5,33.1,33.1,33.3,33.6,33.9,34.2,34.4,34.8,34.0,33.9,34.1,32.7,33.4,33.5,32.4,33.6,33.7,34.4,34.8,33.8,34.0,34.5,34.0,33.8,33.8,34.0,34.0,33.6,33.8,33.1,33.8,33.4,33.4,33.9,34.7,34.0,33.5,35.2,34.1,34.1,33.8,34.2,32.9,32.7,32.8,32.7,33.8,33.2,33.9,34.1,34.0,34.8,33.3,34.2,34.1,34.3,34.3,33.8,34.5,33.3,33.1,32.8,33.5,33.3,33.8,33.4,33.5,33.4,33.9,34.3,34.0,34.0,34.2,33.1,33.3,33.8,33.0,33.1,33.5,32.9,32.5,34.1,34.1,34.8,34.5,33.9,33.6,34.0,33.5,33.2,34.0,33.2,33.5,34.3,33.9,33.8,33.7,33.5,33.0,34.2,33.8,33.7,34.5,33.9,33.6,32.9,33.7,32.5,33.4,33.5,33.5,33.7,33.5,33.4,32.8,34.3,34.4,36.0,33.4,34.3,33.8,33.0,34.0,33.6,34.4,33.5,33.2,32.0,33.5,33.4,33.8,33.7,34.1,35.1,34.3,33.9,33.3,34.1,33.9,33.8,33.5,33.3,33.7,33.6,32.8,33.7,33.9,34.1,33.6,34.3,33.8,34.6,33.1,33.2,34.0,33.9,34.2,33.4,34.1,34.7,33.5,33.8,34.7,34.2,34.4,34.8,34.5,32.9,34.1,33.1,33.8,33.0,33.0,32.4,33.9,33.4,34.3,34.7,32.2,33.6,34.5,33.1,32.9,34.1,34.8,34.5,34.0,34.1,33.6,33.5,33.2,33.0,34.6,33.4,34.3,34.4,34.9,34.1,33.7
1785307000.0837853,2218,34.0,34.3,32.8,33.4,34.1,32.3,33.3,33.1,32.6,33.6,32.5,33.3,33.6,32.2,32.8,33.7,32.3,33.2,33.6,33.4,33.6,33.0,32.3,33.1,32.7,32.6,33.8,33.2,32.9,33.1,32.7,34.5,34.0,32.2,33.3,32.7,32.4,32.7,33.1,32.7,32.7,31.6,32.6,32.5,33.1,33.7,32.8,33.0,32.7,33.2,33.9,33.6,32.8,32.2,33.4,32.9,33.9,33.7,33.0,33.2,33.8,32.8,32.3,34.0,33.6,32.5,33.2,33.8,33.6,33.1,33.0,33.2,32.6,33.3,32.5,31.9,32.9,32.9,32.8,33.1,32.5,33.1,33.8,32.6,32.8,33.5,32.7,33.8,32.8,33.2,32.3,32.1,33.7,32.6,34.0,32.3,32.7,32.7,34.5,33.1,32.9,32.5,33.5,33.4,32.8,32.4,33.4,32.3,32.3,32.5,33.0,32.7,33.2,32.9,32.8,32.2,33.9,32.2,33.5,32.9,32.7,32.2,32.7,33.8,33.9,32.8,34.2,34.1,33.3,32.9,32.6,33.5,32.8,32.4,32.4,32.3,32.6,32.3,33.1,33.3,33.0,33.0,32.8,33.0,33.1,32.9,32.5,32.7,32.6,32.7,32.6,33.0,32.3,32.9,32.8,34.0,32.8,34.1,33.2,34.3,32.5,34.2,33.9,33.9,29.5,32.4,33.7,33.1,34.1,32.3,33.2,32.7,33.2,33.1,33.2,33.5,34.1,32.8,33.9,33.0,33.3,32.8,33.8,32.9,33.3,32.5,32.6,33.0,33.0,32.7,33.0,33.9,33.8,33.4,32.8,33.0,32.2,33.3,32.7,33.0,32.6,33.8,32.9,33.2,33.9,34.7,34.3,33.4,33.4,33.3,33.3,33.2,32.2,33.1,32.2,32.9,33.2,33.2,32.4,32.9,32.9,33.2,33.3,32.7,33.6,33.4,34.0,32.2,32.1,32.9,33.7,33.4,32.5,33.6,33.4,33.3,34.8,35.6,34.1,33.4,32.9,33.2,33.3,33.7,33.4,32.5,33.1,33.5,33.3,33.2,32.2,32.9,33.1,32.8,32.7,32.9,33.8,33.1,32.4,33.6,34.0,33.3,33.0,34.2,32.4,33.7,32.6,33.4,35.6,35.8,34.1,33.9,32.5,33.3,33.3,33.6,32.8,33.5,33.1,32.9,32.9,33.3,33.1,32.4,33.5,33.1,33.6,33.6,33.0,33.5,33.7,33.2,33.5,32.2,33.5,33.4,33.2,32.3,33.2,33.2,34.9,36.1,33.5,33.6,32.9,33.4,32.5,33.4,33.0,33.8,33.8,32.9,32.6,32.9,33.0,33.3,34.4,33.2,32.3,32.7,34.0,32.3,32.8,33.4,32.5,33.2,33.7,33.0,34.3,32.7,33.6,34.6,35.1,35.4,35.1,34.5,33.7,33.5,32.5,33.0,33.4,33.1,32.8,33.5,32.4,32.8,32.1,32.9,32.8,32.4,33.2,33.9,33.7,33.1,34.0,33.6,33.1,32.7,32.5,33.6,33.7,33.5,34.8,34.7,34.8,34.2,33.5,34.9,34.0,33.4,33.3,33.1,33.9,33.1,33.5,33.7,33.6,32.9,32.5,32.1,33.2,32.9,33.8,34.2,33.7,34.0,32.2,33.9,34.4,32.9,33.7,33.5,33.0,32.9,35.1,34.9,34.6,33.8,34.3,34.6,34.0,33.3,33.2,33.4,33.7,33.2,33.0,33.3,32.4,33.3,32.5,33.2,33.8,32.8,33.2,33.1,33.7,33.2,34.4,33.3,33.4,33.9,33.2,34.4,33.8,33.4,35.0,34.2,33.7,34.1,34.0,34.4,33.9,34.1,33.1,33.0,33.1,33.6,33.7,33.3,33.3,33.1,33.7,33.9,33.4,33.3,33.6,33.6,33.7,33.8,32.6,33.1,33.0,34.2,33.7,33.8,33.3,33.8,34.0,33.8,32.7,34.1,34.2,33.2,34.4,34.3,34.0,33.7,33.3,33.0,33.5,33.1,33.5,33.1,33.9,32.8,32.3,33.6,33.8,33.1,33.2,34.7,33.1,32.6,33.8,33.4,34.2,33.8,32.8,33.0,34.3,34.2,32.9,33.6,33.7,34.0,34.4,34.6,33.6,33.5,32.6,32.4,32.4,33.3,32.8,33.9,33.1,33.4,33.2,32.4,33.6,32.7,32.9,33.0,32.6,33.9,32.8,33.4,33.8,32.3,33.3,33.6,34.8,34.4,34.1,34.3,34.0,34.5,33.5,34.8,33.8,34.3,33.3,34.3,33.3,33.1,33.5,33.4,32.8,33.3,33.4,33.9,34.4,33.7,33.2,33.2,33.0,33.3,33.8,33.3,32.7,33.3,35.0,33.9,32.7,33.9,34.4,nan,34.0,33.8,34.2,34.3,33.4,33.8,33.2,33.4,33.5,33.6,33.4,32.9,33.1,33.6,34.4,33.6,34.4,33.7,33.8,32.3,33.8,33.3,33.9,33.2,32.5,33.5,33.5,33.6,35.3,34.3,33.2,33.5,33.5,34.0,34.3,34.1,33.5,33.5,32.9,32.3,33.3,33.2,32.4,33.0,33.0,33.0,33.1,33.9,34.7,33.3,34.3,33.1,33.8,33.8,33.8,33.7,33.8,33.5,33.2,33.2,33.6,34.6,33.1,33.6,33.7,34.4,34.3,33.8,33.9,33.2,33.6,34.0,33.7,33.6,33.0,34.4,33.6,33.2,33.7,33.8,33.9,34.0,33.4,34.0,34.2,34.3,32.8,32.4,33.6,33.5,33.5,34.2,34.0,35.5,33.3,33.7,34.5,34.8,33.5,33.3,32.9,32.8,33.6,32.8,34.5,33.9,33.1,34.8,33.7,33.5,33.1,34.6,33.8,33.8,33.2,33.9,33.3,34.0,33.6,33.5,32.9,33.0,33.0,33.1,34.8,33.6,34.3,34.1,33.6,35.0,34.9,32.6,33.5,33.2,32.9,33.9,32.6,33.1,32.9,33.5,34.5,33.3,34.1,34.8,35.1,34.0,34.0,34.2,34.7,33.2,33.3,33.3,33.4,32.1,33.4,33.9,33.3,34.1,33.5,34.1,32.0,34.1,33.4,33.6,33.1,34.5,33.1,34.0,34.2,33.1,34.0,33.3,34.9,34.5,33.9,33.1,34.7,36.0,34.5,33.7,33.5,33.0,32.4,33.9,33.1,33.6,32.9,32.9,33.6,34.7,34.2,33.2,34.0,34.0,33.3,33.2,33.2,33.7,33.7,32.8,33.9,34.2,32.8,32.8,33.8,35.0,34.6,33.7,34.5,35.0
1785307002.2021742,2219,33.9,34.8,32.4,33.7,33.1,34.5,32.8,34.2,33.0,32.8,31.5,32.5,33.5,33.4,32.2,32.6,32.8,33.2,32.4,33.6,33.2,32.8,32.1,34.3,33.0,32.9,31.8,33.6,33.0,32.8,33.3,34.0,33.7,32.8,33.1,33.6,33.7,31.7,32.7,32.4,33.5,33.9,33.9,32.6,32.2,32.6,32.8,32.7,33.1,32.9,32.8,33.0,32.5,32.7,33.0,33.8,32.9,32.4,32.1,33.5,34.2,32.7,32.6,32.9,32.7,33.7,32.6,33.4,34.1,34.1,32.8,33.0,33.3,33.5,32.4,33.4,33.1,33.4,33.3,32.7,33.4,32.2,31.8,33.8,33.1,32.6,32.8,32.9,33.3,33.2,33.2,33.7,33.6,33.3,32.0,34.1,33.9,33.3,33.2,32.8,33.2,33.4,32.7,33.5,33.2,32.9,32.2,32.4,32.8,33.9,31.9,33.0,33.4,33.0,32.3,33.1,33.7,33.4,32.2,32.6,32.1,32.5,33.7,33.0,33.5,32.3,32.6,33.7,33.8,34.5,32.1,33.3,34.2,33.0,32.5,33.1,33.4,33.1,32.7,33.0,33.0,33.0,33.0,32.4,32.5,33.7,32.8,32.9,32.4,33.9,32.2,32.6,33.5,33.1,32.5,33.0,33.7,33.7,34.0,34.6,33.0,32.8,33.5,32.5,32.9,32.9,32.8,32.3,33.0,32.5,32.8,32.5,33.1,32.3,33.2,32.6,33.5,32.8,33.1,33.3,32.4,33.3,32.4,32.9,33.0,32.6,33.2,31.8,32.8,32.4,32.1,33.2,33.4,33.8,33.3,33.8,33.7,33.5,32.7,33.2,33.8,34.0,33.1,33.2,33.9,33.4,32.6,33.4,33.3,32.8,32.7,33.0,33.8,32.9,32.7,32.9,33.3,33.2,32.9,32.5,34.0,34.0,33.0,33.6,32.9,33.1,33.4,33.9,33.2,32.7,33.1,32.1,33.4,33.4,33.7,32.3,33.5,34.0,33.0,32.5,33.2,32.9,33.6,32.9,33.4,33.6,32.4,32.8,33.8,32.4,32.5,33.8,32.3,33.7,32.7,34.3,33.5,34.0,33.2,33.4,34.3,32.8,32.4,33.8,33.2,33.2,34.5,34.7,36.3,35.5,32.8,33.3,33.0,33.6,32.8,33.6,33.6,32.7,32.8,33.8,33.0,33.3,32.0,32.3,33.8,32.5,32.3,33.1,33.0,33.4,33.1,33.0,33.1,33.6,33.2,32.7,33.2,32.6,33.6,33.0,35.4,35.4,33.6,34.0,32.7,32.7,33.2,33.2,33.2,33.2,33.1,32.2,33.0,33.0,33.2,33.6,34.0,32.2,33.2,32.5,33.5,34.0,33.9,33.6,32.6,32.5,32.6,33.2,33.4,33.9,33.0,32.8,35.2,35.7,34.2,34.9,34.0,33.2,33.5,33.2,33.2,33.3,32.4,32.6,32.9,34.0,32.8,33.1,33.2,33.2,33.0,34.1,34.5,33.2,33.0,33.0,34.0,33.3,33.4,32.2,33.5,33.3,33.5,35.3,35.0,35.6,34.8,35.1,33.9,33.9,34.0,32.9,32.9,33.1,33.5,33.4,32.9,33.7,32.7,33.0,33.0,32.9,33.0,32.7,33.4,33.6,32.7,34.4,34.4,33.2,33.0,32.6,34.4,33.6,34.1,35.2,34.3,34.3,34.1,34.8,34.6,34.1,33.4,32.6,33.3,33.4,33.5,33.1,32.9,32.8,33.1,33.4,34.1,34.3,33.1,33.7,33.7,33.1,33.8,33.0,32.8,33.7,32.9,32.6,33.5,32.7,35.0,34.2,33.6,33.6,33.4,33.9,34.0,33.8,33.2,33.3,33.5,33.2,33.4,33.1,33.3,32.9,32.9,33.1,33.0,33.9,33.2,33.0,34.5,33.8,33.3,33.9,33.2,34.2,32.6,33.5,32.4,34.1,34.8,34.3,34.1,34.9,33.6,33.2,34.9,34.6,33.5,33.0,33.1,33.8,32.6,33.1,33.6,33.1,32.8,33.0,34.1,32.6,33.3,33.7,33.6,34.2,33.1,32.9,33.3,33.5,34.0,32.8,32.5,33.2,34.3,32.9,34.5,33.6,34.2,33.8,34.8,34.1,33.2,33.2,33.5,33.3,33.9,33.2,33.3,33.7,32.7,33.5,32.7,32.9,33.4,33.1,33.4,33.2,33.1,33.7,32.9,33.8,33.7,34.0,33.4,33.9,33.4,34.0,34.6,33.8,33.6,33.7,33.8,34.3,33.6,33.5,33.1,34.0,33.1,33.1,33.8,33.1,32.8,34.2,33.3,33.3,34.6,33.3,33.6,33.7,34.2,33.3,33.4,33.4,33.2,32.5,34.2,33.7,34.2,33.5,34.7,nan,34.7,33.6,33.4,33.5,33.2,33.4,33.2,34.2,32.5,33.1,33.4,32.8,32.9,33.3,33.4,33.9,34.0,33.6,33.7,33.8,32.5,34.5,33.3,34.3,33.5,33.7,33.6,33.2,33.8,34.3,34.3,34.0,33.8,33.3,34.0,35.3,33.1,33.5,33.8,33.5,33.6,33.9,33.2,33.6,32.6,33.6,33.4,34.8,34.4,33.1,33.4,33.2,33.0,32.3,33.3,33.0,33.2,32.9,33.4,33.5,35.9,34.7,33.6,34.1,34.1,34.1,34.6,33.6,33.6,33.8,34.4,33.2,33.4,33.7,33.2,33.1,33.2,34.0,33.9,33.8,33.7,33.1,34.0,33.6,33.7,33.9,33.1,33.8,32.8,34.2,33.6,33.2,33.3,33.6,34.0,34.3,35.0,34.5,34.5,33.8,33.6,33.1,33.9,33.5,34.3,32.9,33.4,33.9,32.7,34.1,34.8,34.0,34.6,34.2,33.2,34.2,33.9,33.5,33.4,34.0,33.3,33.7,32.4,33.9,33.2,34.0,34.4,34.6,34.6,33.5,34.6,34.4,33.9,33.8,33.9,33.0,33.7,33.2,33.1,33.5,33.9,33.3,34.1,33.3,34.2,34.4,33.7,34.4,33.0,33.9,33.2,34.5,32.9,33.5,32.8,33.7,33.0,33.6,35.7,33.9,33.6,33.3,34.3,33.8,33.6,32.9,33.6,33.8,33.9,33.9,33.7,33.5,33.8,33.7,33.8,34.4,34.2,34.0,33.8,32.9,33.3,33.8,33.9,32.4,33.7,34.1,33.2,34.1,33.3,33.8,34.3,33.5,32.7,34.0,34.0,33.8,32.9,33.5,33.6,34.0,34.1,33.0,33.4,33.9,33.4,32.9,34.2,34.7,35.4,33.5
1785307004.1998162,2220,33.1,33.0,34.2,32.7,31.8,33.4,32.6,33.3,33.0,33.0,32.9,32.9,33.2,33.2,33.2,32.6,32.5,32.5,32.2,32.8,33.6,32.3,32.1,32.9,31.8,33.7,32.7,33.0,32.6,34.2,33.6,32.7,33.2,32.3,32.3,32.4,33.9,32.2,32.3,32.4,33.1,32.4,33.3,32.4,33.8,32.2,32.8,32.0,33.6,32.8,33.2,33.0,33.6,32.0,31.4,33.2,32.6,32.6,31.9,33.7,33.1,32.5,32.6,32.1,31.8,33.3,33.4,34.1,32.0,32.5,31.6,33.8,32.7,33.5,32.5,32.9,32.5,34.0,31.9,32.9,32.6,33.5,32.7,32.6,33.1,32.1,32.7,32.2,32.0,32.4,33.8,31.9,32.5,33.1,32.5,32.3,32.7,31.6,32.3,32.8,33.4,32.4,32.5,32.7,32.3,32.0,32.7,33.7,32.8,32.0,32.6,33.1,33.9,32.6,31.8,33.4,32.9,32.4,32.4,33.0,33.1,32.4,32.5,33.2,32.4,31.9,33.3,34.4,33.2,32.6,32.6,32.6,33.6,33.6,32.3,31.8,32.3,33.4,32.5,32.3,32.3,33.1,33.2,32.0,33.2,33.9,32.8,32.7,32.2,32.7,32.6,32.5,33.0,33.0,32.2,33.8,33.7,33.3,33.1,34.4,33.2,31.9,32.9,32.3,33.5,31.8,33.2,32.9,34.4,33.2,32.7,32.9,33.4,32.6,33.3,32.5,33.5,32.3,32.4,33.3,33.0,33.1,33.7,33.1,33.7,31.2,32.6,33.3,32.6,33.8,33.0,33.2,33.2,34.1,33.2,32.8,32.6,33.7,33.1,32.5,32.8,34.0,32.1,32.0,32.1,32.9,33.0,33.3,32.1,32.9,33.9,33.2,34.0,32.3,32.4,32.9,32.7,33.0,33.4,31.6,31.9,33.2,33.4,32.5,33.8,32.0,33.0,32.7,32.3,32.5,32.8,33.2,32.7,32.2,33.1,33.3,33.2,32.9,32.9,33.7,32.7,33.1,32.0,32.8,33.5,32.9,32.6,32.5,32.1,32.3,32.0,32.5,32.9,32.7,33.3,33.9,32.5,34.2,33.8,33.8,33.0,33.0,32.1,33.1,33.4,32.7,32.9,33.6,34.9,34.3,33.3,33.0,33.0,33.2,33.6,33.0,32.3,32.8,32.3,31.9,32.2,33.5,32.6,33.4,33.1,33.7,32.5,32.8,32.8,33.4,32.3,33.4,33.5,32.9,33.0,33.0,33.8,32.1,33.4,34.3,35.6,33.1,33.7,33.7,33.7,32.4,32.9,32.9,32.7,32.3,32.6,32.7,33.3,32.8,32.0,32.2,34.1,32.1,33.2,32.5,33.8,33.8,32.7,33.2,32.8,33.8,32.6,32.0,32.6,33.3,33.9,33.6,33.8,33.0,34.8,33.4,33.2,33.0,33.0,32.9,33.0,33.2,32.9,32.8,32.7,33.5,31.6,33.1,32.6,31.7,32.0,33.7,33.9,31.6,32.8,32.2,33.3,33.5,32.9,33.4,33.5,33.3,34.0,34.4,33.9,32.3,33.7,33.4,33.9,33.4,32.6,32.9,32.6,33.3,32.6,33.4,33.0,33.0,33.4,32.3,33.4,31.8,33.0,33.8,32.8,33.2,32.3,33.5,33.1,33.6,32.1,33.3,34.3,34.1,33.4,33.9,33.8,33.5,33.5,34.2,33.4,33.7,33.5,32.7,32.1,33.2,32.8,32.1,33.4,33.0,34.1,33.2,35.3,32.8,33.0,33.1,34.4,33.3,31.6,32.5,33.9,33.5,33.4,33.6,33.7,33.7,33.5,33.9,33.3,33.8,33.7,33.6,34.5,33.3,33.1,33.1,32.9,32.8,32.7,32.8,33.8,32.5,33.6,33.5,33.2,32.5,34.6,33.2,32.4,34.0,33.5,32.6,33.0,33.7,32.8,33.5,32.9,34.1,33.3,34.6,33.2,34.0,34.1,33.5,33.9,34.5,33.2,33.4,32.5,32.7,33.5,32.5,32.3,34.0,33.4,33.0,32.4,33.0,33.0,32.7,34.2,32.4,33.3,33.7,34.0,32.7,34.0,32.4,33.9,33.5,33.2,33.7,34.1,34.1,34.2,34.4,34.4,33.9,34.2,33.7,33.4,32.8,33.0,33.4,33.5,32.7,32.7,33.9,33.0,32.9,33.2,33.9,30.7,32.6,33.4,33.0,32.9,33.1,33.4,32.6,33.4,33.2,32.5,33.8,33.8,33.7,33.8,33.7,33.3,33.5,34.2,33.2,32.7,33.0,33.0,32.3,32.4,34.0,33.0,32.4,33.5,34.1,33.8,33.5,33.7,32.5,33.2,33.3,33.5,32.5,32.7,32.0,33.7,33.4,33.4,33.9,33.8,nan,34.4,33.4,33.9,32.8,33.6,33.8,32.3,33.9,33.0,32.9,33.2,33.9,33.1,33.0,33.1,33.0,33.2,34.0,32.2,33.4,34.4,32.6,33.1,34.6,33.5,34.1,32.9,34.4,34.0,33.8,32.9,33.8,34.2,33.8,33.7,34.8,33.8,33.4,33.2,32.9,32.4,33.8,32.7,33.1,33.9,33.2,32.9,34.1,33.4,33.7,33.9,32.4,33.5,32.2,33.3,32.1,33.2,32.8,33.9,33.7,34.4,33.7,34.0,33.6,33.7,34.6,33.8,33.0,33.8,33.2,33.1,33.4,32.2,33.4,33.5,33.3,33.8,32.9,33.8,33.0,33.1,33.0,32.4,34.3,32.9,34.3,32.3,33.4,32.8,33.7,31.8,33.4,34.1,34.0,33.1,34.3,33.3,33.7,33.2,33.5,34.1,32.4,32.6,33.3,35.2,33.4,32.3,33.9,33.5,32.6,32.5,33.9,32.4,33.8,33.2,33.2,33.8,33.3,32.5,32.5,33.0,34.1,33.9,33.4,32.7,33.7,33.3,33.6,34.1,33.5,33.6,33.1,33.7,33.0,34.1,32.5,33.2,33.8,32.8,33.3,33.0,33.5,32.9,32.5,33.2,34.4,34.2,34.0,33.0,32.8,32.0,34.0,32.1,33.5,33.4,32.8,34.3,34.5,32.4,33.4,34.3,32.9,33.2,34.5,33.8,34.0,33.1,33.3,33.9,32.4,33.2,33.5,33.4,32.9,33.2,33.6,34.0,33.8,33.8,32.5,33.6,33.8,33.7,32.0,32.8,33.2,32.5,33.4,33.6,33.6,34.2,32.3,34.5,32.7,32.9,33.5,33.8,33.7,34.3,33.1,33.2,33.4,32.6,33.9,32.8,33.1,33.8,33.4,33.9,35.1
1785307006.3544755,2221,32.0,33.2,32.7,33.7,32.5,32.8,32.6,33.6,32.2,33.2,33.1,33.3,32.8,32.6,33.3,33.2,32.6,32.5,33.1,33.6,31.9,31.7,33.3,32.1,32.2,32.5,34.2,34.3,31.9,32.6,33.1,33.7,32.1,33.9,33.8,33.8,32.8,31.0,34.0,32.8,32.5,32.0,34.1,33.4,32.9,32.8,33.6,33.1,33.5,32.9,33.2,33.0,33.2,32.2,33.2,33.6,32.2,32.4,34.2,33.1,34.5,31.8,33.4,33.1,31.0,34.0,33.6,34.3,32.9,32.3,33.2,32.6,31.7,32.6,33.0,33.4,32.2,31.8,33.1,32.2,32.2,32.4,33.1,31.9,31.7,32.1,33.6,33.3,32.8,33.0,33.2,33.1,31.4,32.0,33.2,34.2,32.9,31.1,33.0,33.2,31.5,32.2,33.9,32.5,32.8,32.7,33.4,32.8,32.8,32.1,33.2,33.6,32.4,33.1,33.2,32.9,32.7,33.0,33.1,33.0,33.1,31.6,33.7,34.2,32.8,31.2,31.9,34.2,31.5,32.2,33.4,34.4,32.2,33.2,33.9,32.2,32.2,32.5,33.4,32.8,32.2,33.6,32.8,32.4,31.9,32.4,33.2,33.1,32.4,32.4,33.1,33.4,32.4,32.8,33.7,33.5,32.9,33.9,34.9,33.9,33.0,32.1,32.9,32.8,32.9,33.0,32.8,33.8,32.2,32.3,33.0,33.6,32.9,33.3,32.8,33.3,33.0,32.5,33.3,33.3,33.3,32.4,34.4,33.4,32.5,32.6,32.8,34.1,32.8,33.4,33.4,34.3,32.5,33.0,34.4,33.2,32.6,33.2,32.5,32.7,33.6,33.3,32.5,33.0,32.4,32.6,33.4,33.3,32.4,33.3,33.4,32.9,33.0,33.0,32.9,33.1,31.8,32.5,33.1,33.1,32.5,32.7,32.6,33.8,32.2,32.9,33.0,33.3,32.5,33.2,32.8,32.8,32.9,32.7,33.1,33.5,33.0,32.5,33.7,33.7,32.6,33.0,33.0,33.4,33.4,32.2,32.8,32.6,32.8,31.9,33.3,34.0,33.1,31.9,33.1,33.9,32.9,32.5,33.8,33.4,31.5,32.6,33.1,34.7,33.1,32.5,33.4,33.7,34.1,33.7,32.5,33.5,32.8,32.7,32.8,33.5,32.3,32.4,33.1,33.1,33.0,33.1,33.5,32.8,32.9,33.0,32.5,33.6,33.5,32.2,32.3,33.4,32.2,32.9,32.5,33.0,32.8,32.4,33.4,34.3,34.0,34.0,34.0,33.9,33.2,33.1,33.7,32.6,33.1,32.8,33.8,32.4,32.1,32.0,33.4,33.3,34.3,31.5,32.6,32.5,32.5,31.9,33.5,33.2,32.6,33.3,32.9,34.1,32.1,33.3,34.4,34.5,33.5,34.0,33.5,34.3,32.2,33.2,33.1,33.5,32.9,33.3,33.9,33.0,31.8,32.6,33.3,33.8,32.6,32.8,34.2,34.1,32.9,32.0,33.6,33.0,33.1,31.7,32.9,33.8,32.6,34.0,33.8,34.2,33.1,33.4,33.4,34.1,32.5,33.1,32.6,33.1,33.4,32.8,33.3,33.0,32.6,32.2,32.2,33.2,32.1,33.2,33.6,32.7,32.4,32.8,33.9,33.3,33.1,32.4,34.0,33.7,32.6,33.4,33.7,33.8,33.7,33.4,33.4,33.4,33.5,32.7,33.9,32.9,32.4,33.1,34.1,33.6,32.2,32.7,33.5,33.2,33.0,32.8,34.1,34.1,33.1,32.7,32.0,33.8,32.7,32.6,33.4,32.9,32.8,33.2,33.5,33.9,33.4,33.0,33.3,33.9,34.2,33.1,32.8,33.7,32.8,33.1,33.6,33.2,33.7,33.7,33.2,33.7,33.2,32.9,33.0,33.6,33.0,33.2,33.9,34.5,32.4,32.4,34.0,33.7,32.8,34.1,33.3,34.5,33.5,34.3,34.1,33.9,33.7,34.3,33.0,33.7,32.2,33.0,33.5,33.7,31.7,32.4,33.5,33.2,32.2,33.2,33.2,33.9,33.4,32.2,33.5,32.9,32.4,33.7,34.2,34.5,33.4,33.3,33.2,33.2,33.9,33.8,34.2,33.6,33.3,34.3,33.8,33.8,32.3,32.7,33.4,32.8,32.8,32.5,32.9,33.9,33.0,32.3,34.0,32.9,32.4,32.6,33.1,33.8,32.7,32.5,32.8,33.2,33.4,34.4,33.6,34.3,33.5,34.1,33.3,34.2,33.0,33.8,33.7,34.2,32.0,33.5,34.0,34.0,32.6,33.3,33.0,33.5,32.8,33.7,34.2,34.5,31.9,31.2,32.8,33.7,33.5,31.4,32.7,33.4,33.7,33.7,33.2,33.9,33.6,nan,33.4,34.1,33.3,34.3,32.9,33.6,33.1,33.3,33.0,33.7,33.4,32.3,33.5,33.0,33.3,32.3,32.6,34.0,32.6,33.4,33.6,33.8,33.1,32.1,33.1,34.2,32.9,34.8,33.1,34.1,33.2,33.5,34.0,34.2,33.0,33.8,33.6,34.0,32.8,33.7,33.4,33.3,33.2,32.9,33.5,34.0,32.3,33.3,34.0,33.9,32.6,33.4,33.9,33.1,32.9,32.7,33.0,33.9,33.2,34.1,32.7,33.7,33.5,33.9,33.7,34.2,33.5,33.6,33.8,34.8,33.8,32.4,32.5,33.7,33.0,32.6,33.4,33.5,33.4,32.8,34.3,34.4,33.1,32.7,31.9,33.7,32.3,34.2,33.3,34.3,32.6,34.3,34.1,34.5,32.4,33.2,34.1,34.3,32.7,34.3,33.8,33.3,32.7,33.3,33.1,33.8,32.7,33.8,33.7,33.4,33.7,33.5,33.3,34.1,33.5,33.6,33.5,33.9,32.9,33.4,32.8,34.1,33.5,32.3,34.1,34.0,33.6,33.6,35.0,34.3,33.4,33.1,33.2,33.5,33.1,32.5,34.6,32.7,32.2,32.9,33.6,33.8,33.1,33.7,34.7,34.8,32.8,32.4,33.9,34.5,33.0,33.4,32.9,34.1,32.1,34.1,33.4,33.4,33.1,33.1,34.8,34.5,32.7,33.1,33.7,34.5,33.2,33.5,33.4,34.3,33.4,33.0,34.6,33.5,32.6,33.2,34.9,34.2,32.4,33.4,34.2,34.2,33.1,32.6,33.7,33.9,32.7,32.3,32.9,33.3,34.2,32.8,34.0,33.6,33.1,32.6,34.0,33.5,33.4,32.5,32.8,33.2,33.2,32.6,33.6,34.5,33.4,34.0,34.5,35.6
1785307008.5721815,2222,33.6,33.2,32.9,33.9,33.4,32.7,33.7,32.9,33.0,31.4,31.7,33.5,33.7,33.4,33.7,33.5,32.4,31.5,33.1,34.1,33.2,33.2,32.3,33.7,33.4,32.9,33.7,33.8,34.1,31.4,34.3,33.7,32.9,33.9,32.1,34.0,31.9,32.4,32.9,32.8,31.7,32.7,32.8,33.5,32.7,32.4,32.7,33.3,32.9,32.6,32.6,32.4,32.7,32.7,32.8,32.0,31.5,33.0,33.6,33.5,33.4,32.7,32.3,32.6,34.5,32.7,33.1,33.6,33.3,33.1,32.8,33.2,32.9,33.0,32.4,34.0,33.2,32.5,32.4,32.9,32.4,33.1,32.9,33.0,33.8,32.6,32.5,32.9,32.8,33.2,31.8,33.3,34.0,32.6,31.8,34.1,33.4,33.1,32.7,32.5,32.5,31.8,33.3,33.1,31.9,32.7,32.9,33.1,32.6,33.0,32.4,32.7,32.9,32.5,32.8,33.2,32.3,33.2,32.0,32.4,33.4,33.1,32.3,32.7,32.6,32.2,32.4,33.5,33.6,32.6,31.6,33.5,33.6,33.0,33.1,33.3,32.3,32.7,32.3,33.1,33.7,32.4,33.0,32.7,32.7,32.3,32.5,32.9,32.9,32.2,33.1,33.5,33.8,34.2,32.7,33.8,32.9,33.3,32.9,33.9,33.5,33.2,33.1,32.3,33.1,32.4,33.3,33.4,32.1,33.3,32.6,32.5,31.9,32.3,32.2,33.1,32.3,33.3,32.9,33.5,32.8,33.1,33.2,32.3,33.4,33.2,34.1,32.7,33.0,33.2,33.2,32.7,33.2,33.9,32.5,33.4,33.7,32.6,32.7,33.1,33.4,32.3,32.6,33.9,33.7,32.4,32.4,33.8,32.8,32.8,32.3,33.7,34.1,32.3,32.9,33.4,32.6,32.5,32.5,33.1,34.0,32.8,33.6,34.4,32.5,33.8,33.6,33.7,32.1,32.1,32.9,32.3,32.0,33.4,33.5,32.8,33.7,32.8,33.5,33.4,32.4,33.0,33.2,33.4,33.5,32.8,33.1,33.1,33.1,32.3,32.9,32.5,32.3,32.7,34.1,33.4,34.0,32.3,32.5,33.2,33.3,33.2,32.4,33.1,33.7,32.3,33.2,34.0,35.4,34.0,32.7,33.6,33.0,32.4,32.3,33.3,33.3,32.8,32.1,33.3,33.0,32.6,33.1,34.4,32.9,33.3,33.1,33.8,33.5,33.0,34.1,33.4,32.5,33.1,33.4,32.7,33.2,33.1,33.8,35.0,33.8,34.3,33.5,33.4,32.9,33.0,33.5,32.6,32.9,33.1,33.3,33.9,32.0,32.5,33.7,33.5,31.8,33.2,33.2,32.7,32.9,32.8,33.7,32.2,33.9,33.8,32.9,33.2,33.1,33.2,32.7,33.8,34.7,33.5,33.8,34.0,34.0,33.8,33.5,34.0,33.8,33.0,32.6,32.5,33.0,33.1,32.8,33.5,33.0,32.6,33.7,33.1,33.5,33.7,34.6,32.8,33.7,33.5,32.2,32.5,33.2,33.3,33.8,33.5,33.9,33.1,34.0,33.7,33.1,33.4,32.4,33.6,32.8,33.4,32.6,32.7,32.6,33.5,32.7,33.0,32.7,33.0,33.8,31.3,33.4,33.0,33.3,33.9,33.3,32.7,33.3,33.3,34.4,33.3,33.7,33.4,34.3,33.5,34.1,33.8,34.5,33.3,33.0,33.9,33.0,32.6,33.5,33.5,33.2,32.8,33.9,32.5,33.7,33.0,32.7,34.7,32.7,34.3,33.6,34.0,33.2,33.3,34.3,33.3,33.5,33.7,34.6,34.3,32.1,33.1,33.4,33.6,33.7,35.0,33.6,33.4,33.2,33.2,33.0,32.9,33.3,32.7,33.6,32.6,33.4,32.8,34.0,33.6,34.1,32.4,33.3,33.7,33.9,33.1,32.9,33.7,33.7,33.4,33.9,34.0,33.8,33.3,33.0,34.5,34.9,32.5,33.6,34.5,33.6,32.7,32.6,33.1,33.1,32.6,33.3,33.9,33.2,32.5,33.3,33.7,32.5,33.4,33.4,32.7,33.3,33.2,34.2,32.9,33.5,34.0,33.7,33.7,33.9,34.1,34.3,33.6,33.4,34.2,34.1,33.3,33.2,33.4,33.5,33.2,33.3,33.0,33.6,33.1,33.2,33.1,34.0,32.4,33.7,35.1,32.9,33.2,33.1,32.5,32.4,32.6,34.7,33.4,33.4,35.0,34.6,33.8,33.8,34.0,33.8,34.0,32.7,34.2,33.9,33.3,33.1,33.1,34.3,33.1,32.1,33.6,32.8,33.1,33.3,33.7,32.6,33.9,32.6,33.7,32.3,33.6,33.6,32.7,34.0,35.0,31.3,34.4,33.0,nan,34.2,33.6,32.3,34.1,33.7,33.6,33.4,33.6,33.4,33.0,32.5,33.0,33.8,32.8,32.7,33.2,34.4,33.0,33.9,32.5,32.9,33.7,33.5,33.6,32.8,33.7,34.3,34.4,33.8,34.1,34.3,33.1,34.1,34.0,33.8,34.6,33.0,33.2,33.5,33.7,34.1,33.1,33.4,32.0,33.0,34.1,34.2,33.1,33.8,33.7,33.5,33.4,33.8,33.5,32.5,33.2,33.0,32.8,33.2,34.7,34.1,33.5,34.0,35.1,33.6,34.2,33.8,33.8,33.9,34.0,33.6,33.4,33.0,33.7,32.6,33.6,34.1,33.3,33.4,33.0,35.1,33.8,32.6,33.8,33.1,33.7,33.1,32.6,33.3,34.8,33.2,33.7,33.6,34.1,34.1,34.5,33.8,34.1,34.0,33.6,33.6,33.6,33.3,32.8,33.0,32.9,33.4,33.2,34.6,34.1,34.1,32.6,33.1,33.8,33.7,34.0,33.5,32.7,33.2,33.2,33.1,33.3,32.8,34.2,34.6,34.2,34.1,32.9,34.6,34.5,33.2,33.4,33.5,34.1,33.6,33.9,34.8,32.3,32.2,33.6,33.4,33.4,33.1,33.5,34.7,33.9,34.1,34.0,34.1,34.7,34.2,32.7,32.5,33.3,33.0,33.6,32.5,33.9,33.6,33.0,32.9,33.8,33.7,32.0,33.2,33.6,33.4,33.6,33.5,33.1,34.5,33.0,34.2,33.1,34.4,34.0,35.3,34.2,32.2,34.1,32.6,33.8,33.5,33.8,33.3,33.5,33.1,33.0,34.2,33.6,32.7,33.1,33.6,33.1,33.3,33.6,34.0,34.0,32.7,33.4,33.5,33.8,33.2,33.7,34.2,34.1,33.6,34.0,34.1,34.0
1785307010.7574313,2223,32.0,32.9,34.0,33.9,32.7,33.2,32.4,34.4,32.4,33.6,31.9,32.1,30.9,33.2,32.6,34.1,32.1,32.6,33.0,33.2,33.4,32.7,33.1,33.3,32.2,34.3,32.5,33.6,31.9,33.5,33.8,32.7,32.7,32.9,33.1,34.3,33.0,32.2,33.3,33.2,32.7,33.4,33.5,33.6,33.1,32.6,33.9,33.5,32.7,31.9,33.7,32.4,32.5,32.2,33.6,33.0,32.3,32.6,32.7,33.1,33.6,32.7,32.8,33.4,32.8,33.5,32.9,34.3,33.1,32.5,33.2,34.0,31.7,33.3,33.2,33.4,32.2,32.9,33.3,33.8,32.1,33.3,32.0,33.8,32.1,33.0,32.3,33.1,32.8,32.8,32.8,33.5,33.6,32.8,33.0,34.4,33.6,32.4,33.0,33.9,33.4,32.6,33.7,33.3,32.3,32.2,33.8,32.8,32.8,33.0,33.8,32.2,32.9,32.9,33.2,33.2,32.3,32.0,33.6,32.4,32.9,33.3,33.3,34.6,32.4,32.1,34.0,33.3,32.2,33.6,33.2,34.1,32.8,33.0,32.1,33.1,32.7,32.7,32.5,33.1,33.3,33.4,32.6,33.0,32.7,33.7,32.7,34.1,33.2,32.5,33.3,33.4,31.7,32.8,33.1,33.1,32.3,33.3,32.2,34.1,34.2,32.1,34.4,33.4,34.1,33.4,33.3,32.9,33.4,31.8,33.0,33.4,33.1,32.6,33.2,33.3,33.1,32.6,34.1,33.0,33.1,32.6,34.0,32.5,32.8,32.5,33.9,32.6,32.4,33.6,33.4,34.3,33.0,33.0,33.1,33.6,32.4,33.2,33.1,32.9,32.6,33.8,32.7,33.0,33.6,32.9,32.6,34.1,32.9,33.2,33.1,33.7,32.8,32.6,32.9,34.1,33.2,32.9,33.1,33.5,32.8,32.6,32.8,32.9,33.1,32.9,33.8,33.7,32.9,31.9,33.7,33.2,32.9,33.2,33.7,33.0,33.3,32.4,33.8,33.4,33.2,31.9,33.2,32.4,33.2,32.2,32.9,32.4,33.3,32.8,33.1,32.7,33.3,31.5,33.3,34.1,34.4,34.2,32.2,33.8,32.6,34.6,32.2,33.7,32.9,33.7,33.6,34.9,34.6,34.0,32.4,33.8,32.8,34.0,32.8,33.8,32.7,32.8,32.8,33.1,32.7,33.4,32.6,33.5,33.6,33.1,32.9,33.8,33.0,33.2,33.5,33.2,33.8,32.7,33.7,33.2,32.8,33.0,33.8,34.0,34.5,34.3,34.0,33.9,32.4,32.8,33.0,33.7,32.9,33.3,33.6,33.4,32.8,33.0,33.7,32.8,32.8,33.2,34.4,33.9,31.6,33.4,33.3,34.2,33.2,34.9,33.6,34.1,31.4,33.9,34.0,34.8,33.5,33.7,33.5,34.0,33.5,33.7,32.7,33.8,32.7,33.5,32.9,34.0,32.5,33.1,33.3,33.8,33.5,33.5,33.0,33.5,33.7,33.1,34.7,33.4,32.8,32.8,33.2,33.4,33.4,33.3,34.1,34.2,33.9,33.1,33.8,33.6,33.4,33.3,33.4,33.4,33.9,33.4,33.0,32.4,33.1,32.5,33.4,33.0,33.2,32.1,34.6,33.6,32.6,33.4,32.3,35.0,33.1,34.2,32.7,33.2,32.8,33.9,33.1,34.6,32.5,34.3,32.9,34.6,34.2,34.0,33.8,33.9,32.9,32.7,33.3,33.3,31.9,32.8,33.0,34.0,32.2,32.8,34.0,34.7,33.9,31.4,33.4,33.4,34.6,32.6,33.8,33.6,34.6,33.7,34.6,34.2,33.9,33.5,33.6,33.2,34.2,33.6,33.7,33.4,32.6,33.4,32.9,33.1,33.6,32.4,34.1,34.2,34.6,33.1,33.2,33.6,32.6,33.6,32.1,34.9,32.8,33.5,33.1,34.0,33.1,34.6,34.0,34.0,33.2,34.1,34.1,33.8,33.4,34.5,34.1,34.0,33.5,32.9,33.3,33.3,33.5,32.6,32.8,33.7,32.8,33.2,31.7,34.1,32.5,33.0,34.2,33.5,33.5,31.6,33.8,33.0,32.4,34.7,33.9,34.4,32.5,33.3,34.8,33.6,33.7,33.5,34.5,34.0,33.2,32.8,33.4,33.1,33.2,33.3,34.3,33.3,32.8,32.7,33.4,34.1,33.0,34.2,33.9,34.1,32.7,33.6,33.4,33.9,33.4,33.9,33.5,35.0,33.6,34.5,33.8,34.5,32.0,34.0,34.1,34.3,33.8,33.5,33.0,33.8,34.0,32.7,32.4,33.1,33.3,33.1,34.0,34.9,33.2,33.3,34.2,33.3,33.4,33.1,32.4,33.1,33.5,33.6,33.2,34.2,34.4,nan,34.7,34.6,32.6,33.3,34.0,33.6,33.6,33.4,33.5,32.7,32.9,33.5,34.0,34.1,32.5,33.8,34.4,34.2,33.5,34.0,32.9,34.5,32.2,33.3,33.3,34.6,33.2,34.4,32.8,34.5,33.5,34.6,34.0,34.5,32.7,33.5,33.1,33.5,32.8,33.0,32.9,34.3,32.4,33.0,33.5,34.1,31.7,33.9,32.8,35.5,33.9,31.9,33.8,33.4,33.3,32.5,33.6,33.9,33.9,34.4,33.9,33.5,34.1,34.0,34.1,34.2,33.8,33.0,33.4,34.2,32.6,33.8,33.7,33.9,33.7,33.5,33.6,34.0,33.9,32.6,34.5,33.8,34.0,34.5,33.1,34.9,33.7,33.0,32.2,34.3,32.9,34.1,33.6,35.0,32.9,33.3,34.0,34.1,32.7,34.1,33.1,33.6,33.1,33.3,33.4,33.6,33.6,33.6,32.7,33.7,32.3,33.6,32.9,34.9,33.2,33.8,34.1,34.3,34.2,32.4,34.2,34.6,34.7,33.0,35.1,33.7,33.6,33.9,33.8,33.6,34.1,33.3,34.1,33.6,34.4,32.5,33.9,33.2,33.5,33.1,33.6,33.7,33.1,33.3,35.1,34.8,32.1,34.2,33.2,33.9,34.2,34.3,34.1,34.2,32.5,34.3,32.5,33.8,32.2,33.1,33.8,34.7,32.0,33.4,33.2,33.6,33.1,33.8,33.4,34.5,33.2,33.5,33.8,33.9,33.8,35.2,33.5,35.4,34.0,32.7,33.5,32.9,33.9,33.6,34.5,34.5,33.2,33.4,33.6,35.0,33.8,32.9,34.0,32.4,32.9,33.1,34.0,33.5,33.6,32.4,34.3,33.8,33.6,33.9,33.6,34.1,32.8,33.6,33.9,35.1
1785307012.7750237,2224,33.2,33.6,32.3,33.5,32.1,32.4,32.5,32.4,31.7,33.5,32.8,32.8,32.9,32.0,33.1,32.9,32.6,32.6,32.9,33.5,33.3,33.5,32.8,33.4,33.8,32.6,33.7,33.1,32.9,33.4,33.4,33.3,33.3,33.0,33.2,33.2,32.7,31.8,33.4,32.9,32.4,32.9,32.5,33.3,32.1,31.6,33.0,33.0,32.7,32.3,33.3,32.9,32.1,32.3,32.9,32.1,32.9,31.5,32.0,32.5,33.5,33.3,32.5,35.0,32.4,33.4,33.0,32.8,33.0,33.0,32.1,32.8,31.8,32.7,32.7,32.4,31.8,33.0,32.3,32.5,32.0,32.6,33.0,32.9,33.2,32.6,33.1,32.9,33.1,33.1,33.9,33.0,33.5,33.2,33.3,33.8,33.0,32.5,33.1,33.6,32.7,32.1,32.4,33.2,32.0,32.1,33.4,32.9,32.6,32.3,32.7,32.8,33.2,33.2,33.0,33.7,32.6,32.6,33.8,32.9,32.4,32.1,32.8,33.7,33.2,33.2,32.5,34.3,33.5,32.5,32.4,32.7,32.5,32.4,33.2,33.6,32.1,32.7,32.6,32.9,33.1,32.8,33.3,32.0,33.2,33.0,33.1,33.0,32.6,32.8,33.7,32.9,32.0,32.7,33.0,33.4,32.8,33.6,32.8,32.7,32.7,32.4,33.0,32.9,31.6,31.7,33.1,32.2,32.4,32.6,32.6,32.8,33.0,32.7,32.7,33.4,33.1,32.4,32.7,32.9,33.2,32.9,33.1,32.6,33.1,32.2,33.5,34.4,32.9,32.7,33.3,33.3,34.0,33.3,34.3,34.1,32.9,32.9,33.3,33.0,32.5,32.0,32.9,32.6,31.9,32.7,33.1,33.6,33.0,32.3,33.0,34.3,33.1,33.1,33.2,33.9,32.4,32.5,33.2,32.9,33.7,33.5,33.3,33.3,32.4,32.3,32.7,33.8,32.4,32.8,33.1,32.8,32.6,33.0,32.5,32.7,33.6,33.3,32.8,33.5,32.4,32.8,33.0,33.2,33.5,32.8,32.4,32.0,32.9,32.7,33.2,32.2,33.4,32.8,32.8,33.3,32.8,32.8,32.9,32.3,32.7,32.7,33.8,32.9,33.3,33.0,33.5,34.3,34.5,34.9,32.8,32.8,33.1,32.7,33.2,33.4,31.8,33.3,32.2,33.1,33.0,32.0,33.6,32.8,33.2,33.4,33.0,33.1,33.8,32.7,33.4,32.7,33.2,33.0,33.0,33.7,33.1,33.2,33.7,34.1,34.1,34.1,33.4,32.5,33.0,32.9,33.6,33.2,32.2,31.7,33.7,32.8,32.8,33.4,33.3,32.7,33.4,32.7,32.9,33.2,33.0,33.1,33.2,33.2,32.4,32.8,32.9,34.0,33.5,33.9,34.0,33.4,33.9,33.5,35.0,34.1,33.1,33.2,32.9,32.7,33.0,32.3,32.9,33.1,32.5,32.7,32.7,33.6,33.1,32.6,33.9,32.8,33.6,33.0,33.3,33.7,33.1,32.7,33.0,32.8,33.3,33.1,33.4,34.6,34.2,33.0,33.6,34.0,32.9,31.9,33.5,33.2,34.0,33.0,32.9,33.3,32.4,32.3,33.5,32.7,34.0,32.8,33.0,33.3,32.7,33.3,33.0,33.2,32.0,32.8,33.3,33.6,33.9,34.4,33.7,33.4,33.4,33.5,33.8,34.3,33.9,33.0,33.6,32.7,32.3,33.0,33.1,33.4,33.5,32.8,32.7,33.9,34.7,33.3,33.5,33.4,32.4,33.2,32.5,34.1,32.8,32.7,33.5,32.5,34.4,33.5,34.4,33.5,33.2,33.3,33.4,34.4,33.7,33.3,32.4,33.7,32.1,32.6,32.5,33.5,33.4,32.8,33.2,32.3,33.3,33.5,33.1,33.9,34.4,33.1,32.8,33.1,32.6,32.9,32.9,33.5,33.4,33.9,34.4,33.4,33.0,33.3,33.8,33.6,33.7,33.8,33.7,33.3,32.6,32.8,33.1,32.9,33.2,32.9,33.1,33.3,33.6,32.6,33.9,33.2,33.7,32.1,32.8,33.0,32.5,33.0,33.9,33.9,33.0,33.9,34.1,33.8,33.7,33.1,33.4,34.2,33.2,33.6,33.3,33.8,33.0,32.4,33.2,33.0,33.4,32.9,33.5,34.2,33.1,33.2,33.5,33.6,32.9,33.3,33.8,34.1,33.2,33.6,32.6,33.5,33.8,34.4,33.7,33.6,33.6,33.5,33.7,34.3,34.2,34.3,33.1,33.6,32.9,33.0,33.6,32.9,33.6,33.6,33.5,32.7,33.1,32.9,34.1,33.6,33.1,32.4,31.9,33.4,33.4,33.2,33.4,33.4,33.8,33.3,33.5,34.7,33.6,nan,33.5,34.0,33.9,34.1,34.2,34.2,32.9,33.2,33.3,33.3,33.2,33.6,33.6,33.6,33.8,32.7,33.1,33.7,33.4,33.1,32.8,34.3,32.9,33.4,33.6,34.5,32.8,33.9,34.2,34.2,33.5,32.8,34.3,33.8,33.6,33.8,33.6,33.5,33.4,33.6,33.0,33.2,33.0,33.0,34.2,33.5,34.5,33.4,34.5,33.6,32.3,33.1,33.6,34.5,33.6,33.7,33.9,34.0,33.8,35.0,33.7,34.5,32.6,33.1,33.7,33.9,34.5,33.6,33.7,34.4,32.9,33.5,33.5,33.7,33.5,32.7,33.4,34.5,32.9,32.5,33.8,34.5,34.1,32.8,33.0,34.0,32.8,31.8,34.4,33.1,33.0,33.3,34.2,34.8,33.9,32.8,34.1,32.9,33.8,33.7,32.5,33.1,33.7,33.8,34.1,33.9,33.5,32.8,33.8,32.5,33.2,33.2,34.9,34.2,33.8,32.4,33.2,33.4,34.0,31.4,32.5,33.5,33.1,33.3,32.5,34.8,33.2,33.0,34.2,33.9,33.7,32.7,33.3,33.9,32.6,33.2,33.1,33.3,32.5,33.2,33.7,33.4,32.5,33.6,33.3,33.6,33.3,34.3,33.1,34.6,33.5,33.3,33.4,33.8,33.1,34.4,33.7,34.2,33.0,32.6,33.5,33.9,32.8,33.6,33.7,33.2,33.9,33.0,32.9,33.3,33.5,33.5,33.9,33.8,33.9,33.3,34.3,34.6,32.8,32.8,34.3,33.9,33.8,32.5,33.7,33.9,33.4,33.3,33.9,33.7,33.9,32.7,34.1,33.2,33.9,33.2,33.7,33.4,33.0,32.7,33.7,33.5,33.1,33.1,32.7,34.0,33.5,34.2,34.2,34.1
1785307015.0670106,2225,34.0,33.1,34.3,34.1,34.2,32.7,34.0,33.3,33.5,33.4,33.4,33.2,32.4,33.5,32.7,33.5,33.1,33.0,33.5,33.5,33.9,33.4,33.8,33.2,33.2,32.0,33.0,33.7,33.6,33.9,33.2,33.6,33.6,33.8,33.5,34.4,33.0,34.0,33.2,34.0,33.2,32.9,32.5,34.2,33.4,33.4,33.0,33.8,33.2,33.6,32.8,32.9,32.8,32.5,32.9,33.7,32.5,33.7,33.7,33.2,33.7,33.6,32.7,34.0,34.1,34.4,33.9,33.8,33.9,33.9,33.5,33.8,33.0,33.1,32.9,33.7,32.7,33.4,33.2,33.2,32.7,32.0,33.4,32.9,32.9,33.0,33.5,34.0,33.1,32.8,33.6,33.4,33.7,33.2,34.7,34.8,33.3,33.7,32.0,34.0,33.5,33.0,33.2,32.9,34.1,32.8,33.4,33.1,32.4,33.7,32.4,33.5,32.4,33.0,33.0,33.4,32.8,33.5,33.2,32.6,33.0,33.8,33.0,32.9,33.4,33.5,34.1,34.1,33.8,33.2,34.2,33.8,33.7,33.2,34.6,33.3,32.1,33.4,33.9,33.5,33.6,33.7,34.0,33.4,33.2,33.1,34.5,33.6,33.5,32.9,33.2,33.9,34.0,32.9,32.5,32.8,33.6,33.4,33.2,34.1,32.7,33.6,32.8,32.9,32.6,33.1,33.9,33.2,33.5,33.5,32.3,33.3,33.2,33.1,33.9,33.5,34.1,33.3,32.6,33.8,33.6,33.2,32.9,34.8,33.1,33.0,32.4,33.8,33.7,32.9,33.3,34.2,33.8,33.8,33.1,33.1,34.2,33.5,34.1,33.4,33.4,32.9,33.3,33.5,32.6,33.4,33.7,33.1,33.0,32.3,34.0,33.6,33.4,33.1,33.5,33.9,32.8,33.2,32.8,33.4,33.4,33.0,33.8,33.1,33.0,33.5,32.7,33.5,33.0,33.2,33.1,33.7,32.7,33.2,32.7,32.9,32.5,33.3,34.4,33.0,34.1,33.3,32.8,33.8,33.8,33.5,32.7,32.9,32.9,33.3,33.1,33.6,32.5,33.8,32.6,34.2,33.0,33.3,34.1,33.2,33.9,32.9,33.8,33.8,33.5,33.0,34.5,33.0,33.0,33.9,35.0,34.6,33.9,33.2,32.8,33.6,33.4,32.5,33.4,33.1,32.5,32.2,34.5,32.1,32.8,34.0,33.0,32.5,33.4,33.4,33.3,33.7,34.0,33.8,32.8,33.9,33.1,32.6,32.7,33.3,33.8,34.0,34.7,34.8,33.3,34.0,33.3,34.0,33.5,33.1,32.9,33.5,32.6,33.0,33.2,33.4,33.6,34.1,32.9,33.8,33.9,33.9,33.8,34.0,33.3,33.4,33.8,34.0,32.4,33.7,33.5,33.9,33.3,33.6,34.5,34.4,34.1,34.6,34.2,33.7,33.3,33.1,32.7,33.1,33.0,33.1,33.8,33.2,32.8,33.1,34.1,34.0,33.0,32.6,33.5,33.7,32.7,33.6,33.4,32.7,33.8,33.8,33.1,33.8,35.0,34.6,33.8,33.7,34.5,34.6,34.5,34.5,32.9,33.1,32.9,34.0,32.9,33.3,32.5,33.6,33.2,33.0,32.8,34.1,34.0,33.7,34.2,34.0,33.6,34.3,34.2,33.5,33.1,33.9,33.5,34.4,33.8,32.5,33.3,33.5,33.7,34.0,34.7,33.5,34.1,34.3,33.6,33.8,33.4,33.0,34.4,33.0,33.8,33.0,33.9,32.3,33.9,33.8,31.6,34.0,32.8,33.7,33.4,34.3,34.0,33.5,34.1,34.3,34.4,33.7,34.2,33.6,32.8,34.2,33.9,34.5,33.7,34.0,33.2,33.7,33.1,33.2,32.8,34.3,34.2,33.6,34.0,34.1,33.8,34.4,33.8,34.0,34.4,32.9,34.7,33.8,33.2,33.4,34.1,34.6,33.9,34.1,34.6,33.8,34.0,34.3,34.4,34.9,33.1,33.0,34.1,33.6,33.4,33.6,34.0,34.1,34.0,33.5,34.7,34.5,34.0,34.1,32.8,34.6,32.9,33.7,32.7,33.1,33.3,33.0,32.7,33.9,33.9,33.9,34.0,33.8,34.2,34.1,34.6,34.9,33.4,33.3,33.3,33.1,32.8,33.5,33.0,34.0,32.3,32.8,33.6,34.6,34.4,33.5,34.5,33.7,33.4,33.8,34.4,33.8,33.5,33.4,34.9,34.3,35.0,34.0,34.6,34.8,33.8,34.6,34.3,34.6,34.1,33.3,33.8,33.8,33.4,33.9,34.0,32.1,34.6,34.4,34.3,34.9,33.6,34.1,32.6,34.2,33.0,34.3,33.6,33.4,33.1,34.4,33.2,35.0,34.2,nan,34.0,34.2,33.6,34.2,34.2,34.2,33.5,33.6,33.5,33.7,33.9,33.6,33.8,33.8,34.1,33.5,34.2,34.6,34.1,33.3,33.7,34.1,33.8,33.4,33.3,34.4,33.5,34.0,34.2,33.7,34.6,34.8,34.5,35.0,33.8,33.8,34.8,34.3,34.3,33.8,35.3,34.1,33.9,33.9,34.4,34.1,33.2,33.5,34.6,34.7,33.6,32.9,33.6,33.9,33.6,34.3,33.0,33.6,33.0,32.7,34.2,34.3,33.6,34.6,33.9,34.5,34.1,33.8,33.6,34.3,33.1,32.9,32.3,34.7,34.4,33.6,33.7,34.5,33.3,33.9,33.4,34.1,34.4,33.5,33.0,34.3,34.2,33.5,33.7,34.2,33.0,33.4,33.2,33.9,33.8,33.8,34.3,33.1,34.1,34.3,34.1,34.0,34.6,34.7,33.7,33.4,32.8,33.3,34.0,34.1,35.0,33.8,35.1,35.1,32.9,33.7,33.9,33.0,33.4,33.9,33.8,34.0,33.5,33.9,33.7,34.9,33.9,34.1,33.2,33.6,34.9,33.4,34.7,34.3,33.4,33.7,32.9,33.9,33.1,33.8,33.3,34.6,33.3,35.5,35.0,35.2,34.5,33.0,34.3,34.5,33.9,33.1,33.8,33.0,34.1,33.3,33.5,33.9,33.7,33.4,34.3,33.6,33.9,33.4,33.9,33.8,33.0,33.6,34.4,33.5,35.0,33.5,33.7,33.5,34.5,33.3,35.2,35.5,33.7,34.2,33.7,34.8,33.0,33.8,33.5,34.5,33.6,33.2,33.8,34.1,34.0,34.1,33.4,34.1,33.6,34.0,33.4,34.3,33.0,33.8,33.1,34.1,34.1,34.0,32.6,34.8,34.1,34.6,34.0,35.7
1785307017.1170278,2226,34.7,33.9,34.2,33.3,34.0,32.4,33.7,32.4,32.8,33.5,33.5,32.8,32.6,33.1,33.5,33.5,32.8,31.7,33.1,33.0,33.2,33.0,31.5,31.6,32.2,33.4,33.3,32.8,32.8,32.5,33.6,33.6,33.3,33.6,33.0,33.6,33.6,32.6,32.2,34.6,33.2,32.4,32.1,33.6,33.8,33.1,32.8,33.1,33.4,32.8,31.7,32.2,33.4,32.5,33.7,32.4,32.3,32.8,32.9,34.8,34.4,33.2,33.0,33.9,33.3,33.9,32.6,32.8,32.5,33.4,32.0,33.8,33.1,33.3,33.2,32.3,33.4,33.0,31.5,33.1,31.9,33.3,32.9,32.4,33.5,32.8,33.8,32.3,33.9,34.3,33.4,33.6,33.4,33.8,33.7,32.6,33.8,33.8,32.6,34.1,32.9,33.0,32.4,32.5,33.1,32.9,32.5,32.4,32.8,33.0,32.2,33.6,32.9,33.2,32.6,33.2,31.8,32.9,32.9,33.2,33.6,32.8,33.2,33.2,34.0,33.3,33.7,34.2,34.6,33.0,33.9,33.2,33.6,32.4,33.1,32.9,32.7,32.8,32.5,32.9,32.8,32.7,33.2,33.3,33.6,33.0,32.8,32.9,33.9,33.4,33.6,33.3,33.5,32.5,33.3,33.4,33.7,33.4,33.5,32.7,33.6,33.7,33.2,33.8,32.8,33.3,33.3,33.8,33.0,33.4,32.6,32.4,32.9,32.9,33.7,32.7,33.4,32.1,32.5,33.1,33.6,33.3,33.6,33.2,33.7,32.3,33.9,33.1,33.7,33.8,33.1,33.4,33.7,33.3,34.0,33.5,33.1,32.5,33.4,32.8,33.6,32.7,33.2,33.0,34.1,34.3,35.4,33.9,32.7,33.1,32.9,33.1,33.5,33.2,32.9,33.2,33.5,33.3,33.1,31.9,33.8,33.6,32.8,32.4,33.0,33.6,32.3,34.3,33.4,33.2,33.4,33.9,33.0,33.6,33.3,32.8,32.8,33.5,34.1,34.2,33.2,32.7,32.5,33.4,33.7,33.0,32.6,32.8,33.6,33.3,32.3,32.9,33.8,32.9,33.2,33.4,34.4,33.3,33.2,33.8,32.4,33.1,32.8,32.4,33.9,32.6,33.2,33.7,33.5,33.1,34.6,34.5,34.0,33.6,33.1,32.9,33.1,33.3,32.8,33.4,33.2,33.4,33.8,33.1,33.1,34.4,33.5,33.3,33.0,32.4,32.8,34.0,32.3,33.1,33.5,33.2,33.3,33.3,31.7,34.5,33.8,33.7,34.9,34.8,34.1,33.7,33.1,33.6,33.2,33.3,32.9,33.4,32.9,33.2,33.2,33.3,34.0,34.3,31.5,33.7,33.8,32.5,32.7,33.8,33.2,33.2,32.6,33.8,34.4,33.9,32.2,33.8,33.6,34.1,34.7,34.3,33.7,34.9,34.4,32.8,32.9,32.8,32.9,33.4,33.0,33.6,33.7,33.1,33.5,33.7,33.6,32.6,33.2,33.1,33.5,34.4,31.6,33.0,32.1,33.8,32.2,34.1,33.4,33.7,35.1,34.0,34.0,33.9,34.2,34.3,33.6,33.9,34.3,33.7,33.3,33.2,32.9,33.5,33.2,34.0,33.5,32.9,32.6,33.9,34.1,34.1,32.9,33.4,33.8,34.3,33.9,33.3,33.6,33.1,33.6,33.5,34.1,34.3,34.8,34.6,34.2,33.9,34.8,34.3,33.8,33.7,33.0,33.4,33.8,33.4,33.7,33.5,33.7,33.1,32.8,33.2,32.6,33.5,32.4,32.5,33.5,33.3,33.7,33.3,33.1,34.3,33.4,34.0,33.9,33.6,33.5,34.4,33.5,34.3,33.9,33.7,33.8,33.1,33.7,33.6,33.1,32.7,33.2,32.9,32.4,34.0,33.7,33.8,33.9,32.1,33.1,32.5,34.1,33.8,33.9,32.9,33.6,32.7,33.6,34.6,35.1,34.4,33.8,34.0,34.0,33.8,34.6,34.1,34.3,33.6,34.1,33.3,33.3,32.7,33.2,33.0,33.7,32.8,33.6,33.4,33.9,33.6,32.8,32.9,33.8,33.7,34.3,33.3,33.3,34.2,33.5,33.9,34.7,33.6,33.7,34.0,34.7,33.6,34.4,34.3,33.4,32.8,32.8,32.9,33.1,33.5,33.5,33.2,33.7,34.4,33.6,34.3,34.3,33.7,33.9,33.1,34.0,34.3,33.0,33.7,34.4,33.5,33.0,33.6,34.1,33.8,34.0,34.5,33.8,33.6,34.8,34.9,34.5,33.6,33.3,33.4,32.9,32.2,33.2,33.4,34.3,33.3,34.4,33.8,33.1,32.9,32.1,34.4,32.8,32.7,33.0,34.0,33.5,33.4,33.2,34.4,33.9,nan,33.5,34.1,34.2,33.8,34.6,35.6,33.0,34.6,32.8,33.6,33.2,34.2,33.4,33.3,34.1,33.0,33.4,34.4,33.7,33.5,34.4,32.9,33.9,34.1,34.2,33.6,33.1,33.4,33.9,34.2,34.3,33.8,35.0,34.0,34.6,33.9,34.5,35.0,32.8,33.1,33.1,33.4,32.5,33.4,33.7,32.4,33.5,33.8,34.2,33.4,33.6,33.2,34.0,33.5,33.8,33.2,33.0,33.9,33.5,33.2,33.5,34.7,34.1,34.3,33.7,35.4,33.9,34.0,34.2,34.6,34.2,34.4,33.2,34.3,33.8,33.5,33.5,33.3,32.7,34.0,33.8,33.6,34.9,32.8,33.3,34.2,33.1,32.8,33.5,33.3,33.3,33.2,34.1,33.4,33.3,34.3,34.6,33.6,34.4,33.8,34.5,33.8,33.8,33.8,33.1,33.5,33.2,33.9,33.3,32.5,34.1,34.6,35.0,34.0,32.7,34.0,33.4,33.1,33.0,34.9,32.9,34.1,32.9,33.0,32.5,34.2,33.0,33.9,33.9,33.1,34.4,33.3,34.0,34.3,33.3,33.4,32.4,33.7,32.7,34.4,33.3,35.0,33.7,34.1,34.8,34.8,33.7,33.2,33.0,34.0,33.4,33.7,33.7,33.0,34.5,33.1,33.8,33.2,33.9,33.5,34.0,33.9,34.1,34.1,33.4,33.7,34.5,33.8,33.9,33.8,34.1,34.6,34.6,33.7,34.0,34.5,34.2,34.4,32.8,34.6,33.2,34.9,33.4,34.0,33.3,33.9,33.4,33.6,34.3,34.0,33.1,33.6,33.0,33.8,32.9,34.3,33.7,34.0,34.2,33.3,33.1,33.8,33.9,34.1,33.9,34.7,33.3,33.8,34.4,35.1
1785307019.1492765,2227,32.8,33.2,32.7,33.9,32.7,33.0,32.8,33.4,32.8,32.9,32.5,32.7,32.2,33.0,32.4,32.8,32.6,32.7,32.8,32.1,33.6,33.1,32.3,32.5,32.0,33.1,32.7,33.0,33.7,31.9,33.1,34.0,32.4,33.4,34.1,32.9,33.7,32.8,33.6,33.2,33.7,32.8,33.0,32.4,33.7,33.7,32.7,32.9,33.1,33.1,32.5,32.6,33.8,32.9,32.8,32.4,32.2,32.8,32.6,32.4,33.4,33.6,32.9,34.4,33.5,34.2,32.2,34.6,32.5,32.9,33.0,33.5,33.3,33.0,33.2,32.7,33.4,33.3,32.2,33.8,32.6,33.2,32.6,33.2,32.1,32.8,32.5,33.5,33.5,33.2,32.0,32.9,33.6,33.3,33.9,35.3,34.4,33.6,33.2,32.3,33.2,33.6,33.5,33.1,33.2,32.0,33.5,31.7,32.8,32.8,32.3,32.9,32.9,33.4,33.2,32.9,32.5,33.0,32.8,32.6,32.9,33.3,31.7,33.4,34.5,32.7,33.3,34.0,34.3,32.7,32.6,33.5,32.8,33.0,32.5,33.5,33.1,32.9,32.4,33.0,32.5,33.1,33.3,33.7,33.9,33.1,33.3,32.9,32.5,33.1,32.2,34.4,34.2,32.8,32.7,32.7,33.3,32.9,32.7,33.9,33.5,33.3,33.1,33.6,33.1,32.0,33.4,32.1,32.9,33.4,33.5,32.7,32.6,32.9,33.4,33.2,33.3,33.6,33.6,33.5,33.3,32.8,32.8,33.4,32.9,33.4,33.2,33.3,33.2,34.0,33.7,33.2,33.2,33.0,32.7,32.8,32.6,33.8,32.0,32.5,33.5,33.3,31.6,32.7,32.8,33.8,34.1,33.6,32.7,33.2,32.3,32.7,33.5,32.7,32.2,32.9,32.5,32.9,32.9,32.8,34.4,33.3,33.0,33.4,34.3,33.6,33.9,32.9,32.9,33.8,33.7,33.7,34.1,32.7,32.9,33.3,33.0,34.0,35.0,33.9,33.7,32.3,32.4,33.6,33.2,32.7,33.3,33.3,32.8,33.8,32.6,33.1,33.1,33.9,33.3,33.2,33.5,33.8,33.4,32.5,34.1,32.8,33.1,33.2,34.2,33.7,33.9,33.2,34.3,33.7,34.0,34.3,32.4,33.5,32.8,32.7,33.5,32.5,32.5,33.0,32.9,33.0,32.9,33.6,34.0,33.7,33.7,33.8,32.4,33.4,32.7,31.6,33.5,34.4,33.2,32.5,33.9,33.0,32.6,33.3,32.7,33.2,34.8,34.0,33.7,33.5,33.0,33.4,33.6,33.9,33.0,33.4,34.2,33.3,32.9,34.2,34.4,33.9,32.8,33.3,33.6,34.4,32.9,33.3,33.8,33.6,32.6,33.0,32.9,33.3,32.9,33.7,34.3,34.0,33.8,33.2,34.4,34.2,32.8,33.1,33.2,32.9,31.8,33.2,33.4,34.0,33.0,33.0,32.6,32.7,32.4,32.7,32.7,33.9,32.6,33.4,33.3,34.0,32.9,33.3,33.9,34.0,33.0,33.7,33.9,33.2,34.2,33.7,32.7,34.5,33.7,33.9,33.4,32.8,32.8,33.2,33.1,33.4,33.1,33.2,33.4,33.4,33.1,33.2,34.3,34.5,33.5,32.9,33.7,33.5,33.0,33.7,32.8,33.6,33.8,34.1,34.5,33.8,33.4,33.1,34.5,33.2,33.3,33.9,33.7,33.6,32.7,32.8,33.3,32.5,34.1,32.2,33.3,32.8,33.8,33.3,34.4,33.9,32.3,33.8,33.4,33.3,33.3,32.4,34.3,33.2,32.7,33.4,34.9,33.9,33.4,33.3,33.4,33.9,34.7,33.3,33.4,33.3,33.6,32.6,33.7,32.9,33.1,33.1,33.8,33.4,33.5,33.8,32.8,33.6,33.7,33.7,32.3,34.4,33.5,33.2,33.4,32.5,33.6,34.5,33.7,33.4,34.3,33.7,34.2,33.9,34.0,34.0,32.7,32.9,33.6,33.0,33.5,32.4,32.5,32.9,33.0,32.7,33.4,33.5,33.0,33.8,33.7,33.1,33.0,32.8,33.5,33.1,33.4,33.7,33.4,33.6,34.4,33.8,34.4,34.1,34.3,34.1,34.7,34.1,33.4,33.0,33.7,33.6,32.7,33.7,33.1,33.5,33.2,33.3,34.0,33.7,32.8,33.0,32.7,32.6,33.5,33.5,32.6,32.8,34.1,32.8,33.6,33.7,33.8,33.7,34.3,33.2,34.3,34.2,34.0,32.9,34.0,33.7,33.3,32.3,33.0,33.6,33.7,32.9,33.2,33.4,33.2,33.3,33.5,33.5,32.6,32.5,34.0,33.1,33.6,31.8,33.5,33.7,33.9,33.2,34.4,nan,33.7,33.6,33.9,34.4,33.4,33.6,32.9,34.4,33.0,33.8,33.1,33.2,33.7,32.6,33.7,34.5,34.1,34.6,34.2,33.6,32.9,33.8,33.3,32.7,32.8,34.3,32.9,32.6,33.6,34.7,33.5,33.5,33.2,34.2,33.7,33.4,34.1,34.5,33.0,33.4,33.1,33.1,33.9,32.9,33.9,33.8,32.9,33.4,34.4,33.1,33.9,33.0,33.1,33.4,32.7,33.6,33.2,33.5,33.2,32.5,33.1,34.0,34.0,33.8,33.4,34.4,34.9,33.6,34.0,34.3,33.5,33.3,32.7,33.0,33.5,34.0,33.4,33.1,33.0,33.4,33.7,34.0,34.5,33.4,32.7,33.7,33.5,34.0,32.4,33.6,33.4,33.9,32.7,33.3,33.6,34.0,33.3,34.0,34.0,33.8,33.2,33.2,34.3,33.9,34.3,32.2,33.8,33.4,33.3,33.2,34.7,33.9,33.5,33.8,33.2,33.6,34.0,32.7,33.3,33.2,33.4,32.8,33.0,34.3,32.9,34.0,33.6,33.6,33.6,33.0,34.1,32.8,33.6,32.9,33.4,33.9,33.7,32.1,33.9,34.2,32.8,33.7,33.6,33.7,34.5,34.8,33.9,33.3,33.0,34.1,33.6,33.8,32.9,33.1,32.8,33.6,32.1,32.4,33.4,33.4,33.4,33.1,32.9,33.5,33.9,33.6,33.4,33.3,33.9,33.4,33.7,33.8,34.2,32.8,33.8,34.6,34.0,34.3,32.9,34.3,32.2,34.0,34.1,33.4,33.4,33.6,33.6,33.9,33.5,33.6,33.7,33.5,32.9,32.9,34.0,33.5,34.0,33.7,34.0,33.4,33.8,34.0,33.6,33.2,34.0,33.3,34.0,34.5,34.1,34.2
1785307021.4747956,2228,32.0,33.0,33.5,34.7,33.4,32.8,32.8,32.3,33.2,32.8,32.9,33.7,32.6,32.3,33.3,33.7,32.8,32.1,33.1,33.6,33.4,33.0,33.1,33.5,33.0,32.3,33.1,32.5,33.5,33.1,33.6,32.2,32.7,32.1,32.8,34.3,32.6,32.6,32.5,33.2,33.1,32.8,32.4,32.6,32.6,32.9,32.7,32.6,33.5,32.8,33.8,33.2,32.7,32.5,33.2,33.4,33.0,33.4,31.5,32.9,34.0,34.1,33.6,34.4,32.3,35.0,32.9,34.1,33.1,32.9,32.6,33.1,32.7,31.5,33.2,33.2,33.4,32.4,32.9,33.3,32.4,32.6,32.4,32.4,33.3,33.5,33.0,33.3,33.0,32.4,33.4,32.3,33.8,32.0,33.2,32.8,32.7,32.3,33.0,33.0,31.7,33.0,34.1,32.9,33.2,32.5,33.3,32.4,33.2,32.7,32.5,33.0,32.6,33.4,33.4,33.4,31.7,32.3,33.1,31.9,33.1,33.1,33.3,34.0,34.3,33.1,33.3,33.3,33.4,33.1,33.2,32.9,33.0,33.0,32.7,32.9,32.9,32.4,33.4,32.8,32.7,32.7,33.0,32.6,32.6,32.6,33.0,33.3,33.4,33.2,32.6,33.2,33.1,32.8,32.9,34.2,33.9,33.5,32.0,34.1,33.3,32.8,33.1,34.1,33.9,33.5,33.7,33.8,33.2,32.3,32.8,32.7,33.1,32.9,32.8,33.8,33.5,32.8,32.8,33.5,33.0,33.4,33.0,33.8,32.8,32.8,32.6,33.5,32.2,33.8,32.8,33.2,33.5,33.9,32.5,33.4,33.5,33.9,33.1,33.4,32.9,33.0,32.3,32.5,32.4,32.9,34.3,33.8,33.0,33.5,32.9,33.2,32.6,33.3,33.2,33.3,33.0,31.7,32.7,32.4,33.0,33.1,33.6,33.0,33.6,33.6,33.6,33.1,33.6,32.7,32.6,33.4,33.1,34.4,33.1,33.6,33.4,33.2,34.8,33.7,33.4,33.1,33.0,32.9,32.6,32.5,33.3,32.8,33.1,34.3,32.9,33.8,32.1,31.3,32.9,33.2,32.9,33.6,33.4,34.0,33.2,34.3,33.1,33.7,33.2,33.2,33.2,32.7,32.7,34.0,34.1,34.8,33.2,33.5,32.1,33.0,33.3,32.8,33.5,32.3,32.2,33.3,32.7,33.0,32.9,33.0,33.1,33.8,32.8,33.6,32.9,34.0,32.0,33.5,33.4,33.4,32.8,33.3,33.1,33.5,32.9,33.4,33.8,34.7,33.8,33.7,33.5,32.9,33.4,34.1,32.2,32.5,32.8,32.8,33.9,33.8,33.9,33.0,33.2,33.9,32.1,34.2,33.1,33.0,32.5,33.3,32.9,33.2,33.6,33.9,33.4,33.2,34.4,33.8,34.4,33.9,33.0,34.3,33.3,33.5,32.6,33.3,33.1,32.3,33.0,32.6,33.3,33.6,33.4,33.0,32.8,32.7,32.6,33.1,33.6,33.2,33.0,33.0,32.5,33.8,33.4,33.3,33.2,34.0,34.1,34.5,33.8,33.6,34.7,33.6,34.3,33.3,32.9,33.7,33.0,33.9,32.6,31.5,32.9,32.5,32.9,33.8,34.0,34.0,32.6,33.2,32.9,33.5,34.0,32.7,32.5,33.2,33.1,33.5,33.3,34.4,33.8,33.7,33.0,33.4,33.8,34.3,34.1,34.2,32.6,33.2,32.7,33.7,33.8,33.3,33.3,32.7,34.4,34.3,33.4,33.1,33.3,33.3,34.4,32.9,33.6,33.7,33.6,33.6,33.3,33.5,33.5,33.5,33.8,33.2,34.1,33.3,33.6,32.8,34.5,34.1,33.1,33.1,32.7,33.1,33.5,33.5,34.0,33.1,32.1,33.1,33.2,33.8,33.7,33.2,33.1,33.7,32.8,33.3,33.3,34.4,33.4,33.3,34.1,33.5,34.3,34.2,33.7,33.9,34.0,34.0,34.6,33.5,32.7,33.2,33.1,33.5,33.5,33.1,33.4,32.5,32.6,33.2,34.0,32.9,33.4,32.4,32.5,33.5,33.0,33.4,34.4,33.5,32.5,33.0,33.1,33.6,33.8,34.1,33.7,33.5,33.8,33.9,34.7,34.5,33.6,33.8,33.7,33.9,33.0,32.8,32.9,32.6,32.3,33.1,33.6,34.3,33.3,33.8,32.3,33.6,32.9,33.6,33.5,33.4,32.4,33.3,33.1,33.5,33.6,33.7,33.8,33.7,33.5,34.0,33.8,34.5,33.6,33.4,33.0,33.3,32.9,32.9,33.3,33.1,33.9,33.0,33.6,34.7,32.6,33.3,33.0,34.1,32.7,33.8,33.1,33.1,33.0,33.2,34.2,34.1,33.5,nan,34.4,34.6,33.8,33.3,34.7,34.6,33.7,33.4,32.2,32.7,33.1,33.5,33.3,33.2,33.3,34.0,33.4,33.8,33.9,32.3,32.1,32.8,32.4,33.3,33.0,33.7,32.9,33.1,33.1,34.3,34.2,33.5,33.3,33.7,34.2,33.2,33.8,35.5,33.5,33.0,32.4,33.4,32.7,34.0,33.9,33.8,34.6,32.8,34.6,33.9,32.8,32.1,34.1,32.3,33.1,33.8,32.9,33.3,33.2,33.4,33.2,33.7,34.6,33.5,34.1,33.2,34.4,34.0,33.8,34.6,32.8,33.1,33.2,33.2,32.8,33.7,33.6,33.7,32.6,32.8,33.7,34.4,32.9,33.4,32.9,34.1,32.9,33.2,35.5,33.9,33.4,32.9,33.8,33.3,34.1,34.2,32.0,33.7,34.0,33.6,34.6,33.1,33.1,33.3,35.6,33.4,33.1,34.0,33.9,33.2,33.9,34.3,35.0,34.5,33.2,33.4,34.6,34.1,32.9,34.4,34.3,33.4,32.6,33.6,33.4,32.8,33.3,33.6,32.9,33.8,33.4,33.3,33.9,33.3,33.7,33.1,33.7,33.0,32.4,34.0,33.4,34.2,33.1,34.1,35.1,35.0,32.8,32.8,32.6,33.5,33.0,33.4,33.5,32.5,33.0,34.1,33.4,32.9,33.1,33.9,33.4,33.1,32.9,33.8,33.4,33.8,33.4,33.6,33.6,33.4,32.8,33.6,34.0,33.3,33.2,33.4,34.2,33.6,33.6,33.9,34.4,32.2,32.9,34.0,33.6,34.1,33.6,32.6,32.9,33.5,34.0,33.5,33.3,33.1,33.5,34.2,33.4,33.9,33.6,33.4,33.0,34.1,32.6,33.3,34.2,33.9,32.6,34.0,35.0,35.1
1785307023.7273085,2229,34.3,34.0,34.6,32.7,33.0,33.2,34.2,33.1,33.7,33.4,33.6,33.1,33.1,33.4,32.5,33.2,32.0,33.4,33.1,33.4,32.9,32.5,32.8,32.5,32.3,33.3,33.2,33.8,34.3,33.3,32.7,33.0,32.9,33.0,31.9,33.5,33.7,32.9,31.6,33.9,32.7,32.7,33.9,33.1,32.4,32.3,32.7,33.8,34.0,32.7,33.8,33.6,33.4,33.2,33.4,33.5,32.4,33.1,33.8,33.4,34.5,33.1,34.6,33.2,32.6,32.5,33.5,33.9,33.9,33.5,33.3,32.3,33.8,33.3,33.1,33.8,32.5,32.7,32.7,32.2,32.5,33.7,33.2,33.9,33.1,32.5,32.8,33.5,32.5,33.2,32.7,33.1,34.1,33.5,34.5,33.2,34.2,33.4,33.7,33.1,33.6,33.1,33.3,33.0,34.3,33.2,34.5,32.7,33.4,33.0,32.6,33.5,33.8,32.7,33.2,33.0,32.9,32.8,33.1,32.7,33.3,32.9,33.5,32.9,32.9,32.6,33.8,33.6,34.7,32.9,33.8,33.3,33.7,32.8,34.0,33.5,33.0,32.4,33.2,33.2,33.3,33.4,33.6,33.6,33.5,33.3,32.9,33.8,34.2,34.3,33.8,33.7,32.7,33.3,33.4,32.9,33.0,32.7,33.9,33.7,34.9,32.7,33.1,33.3,34.7,33.8,33.0,33.4,33.9,32.6,32.7,33.3,33.3,32.9,33.1,33.9,33.2,33.6,33.8,33.4,33.0,33.4,33.9,34.4,33.0,32.8,33.0,32.9,32.6,33.7,33.9,34.2,34.0,33.7,34.1,33.2,33.4,33.6,34.1,33.8,33.2,33.3,32.8,32.7,32.7,33.6,34.4,34.6,33.1,33.7,33.0,33.7,33.7,32.8,33.5,33.6,33.5,33.2,33.0,33.7,34.1,33.6,33.5,34.0,34.0,33.5,33.6,34.0,33.1,32.8,33.3,33.7,33.4,33.3,33.7,33.4,32.4,34.1,35.4,34.8,32.8,33.8,32.9,33.5,33.7,32.1,33.1,34.1,32.6,32.9,33.7,32.6,33.7,33.4,32.7,34.6,34.7,33.8,32.9,34.4,34.0,33.9,33.2,33.7,33.7,32.7,33.2,32.9,33.3,33.7,35.0,34.9,33.6,33.2,33.9,33.3,33.4,32.8,33.2,33.5,33.5,33.1,33.6,33.2,33.6,33.3,34.2,33.4,34.1,33.5,33.7,33.1,32.9,33.0,32.9,33.7,33.5,33.6,33.4,33.3,33.9,34.0,34.9,34.9,34.0,33.8,33.4,34.0,33.2,33.5,33.3,33.7,32.5,33.3,33.9,33.2,33.7,32.9,33.0,34.4,35.1,33.6,34.2,33.2,34.2,34.0,33.4,33.0,33.9,33.9,33.0,32.8,33.9,34.5,34.4,34.0,34.5,34.8,33.9,33.7,33.9,33.0,34.0,33.8,34.5,33.0,33.6,33.5,33.6,33.0,33.9,34.1,33.7,33.4,33.4,34.5,33.5,33.4,32.9,33.5,33.4,33.1,33.3,34.5,35.0,33.5,34.2,34.2,33.6,34.0,34.0,33.5,33.3,33.7,33.3,33.3,33.5,32.8,33.6,33.5,33.6,32.8,33.8,33.9,34.4,33.6,34.4,33.1,33.4,33.5,34.3,34.2,33.2,33.6,33.4,34.1,33.9,34.3,33.8,34.3,34.6,32.6,34.7,34.5,33.3,33.7,33.6,33.7,33.0,32.8,34.0,33.1,33.8,33.9,34.7,34.1,33.9,34.0,33.2,33.6,33.9,33.6,32.6,33.6,33.7,32.5,34.3,34.1,34.1,34.2,33.9,33.6,33.7,34.4,34.1,33.7,33.4,34.2,33.2,34.0,34.0,33.7,34.1,34.1,33.9,33.9,34.4,33.7,34.2,33.4,34.2,33.7,33.1,33.3,33.8,34.6,33.0,33.6,33.9,35.6,34.6,34.3,33.1,33.4,34.1,33.8,35.6,34.7,33.7,33.8,33.6,32.8,33.6,34.3,33.1,33.8,33.1,33.4,34.9,33.7,33.6,33.5,33.1,33.4,33.7,33.5,32.8,33.8,33.4,33.3,33.1,35.1,33.4,33.7,34.5,33.1,34.2,33.9,34.3,34.6,33.7,33.7,33.6,34.2,33.3,32.8,33.1,33.4,33.4,34.1,33.8,33.6,34.0,33.6,33.7,34.4,33.6,33.5,34.0,33.5,33.9,33.8,33.7,34.0,33.9,33.8,33.9,34.3,33.0,34.5,34.9,34.7,33.3,33.2,33.6,33.6,33.7,33.6,32.7,33.6,33.6,32.8,33.9,34.1,34.5,34.0,34.2,34.2,33.6,32.8,33.3,33.7,33.2,33.2,35.0,34.3,33.8,nan,35.0,34.0,34.7,34.1,34.1,35.5,33.7,33.7,33.2,33.7,32.9,33.6,34.0,33.3,34.2,33.7,34.0,34.5,34.5,33.8,33.9,33.8,33.6,33.1,33.8,34.1,33.2,33.2,33.9,34.0,34.6,34.0,35.1,34.7,34.6,33.4,34.6,35.2,33.3,33.7,34.4,33.1,33.2,33.4,34.2,34.0,34.3,32.4,33.3,35.2,33.9,33.5,34.5,34.7,33.3,33.2,33.6,33.6,33.6,33.8,33.8,34.2,35.1,34.1,34.1,34.5,33.1,34.4,34.8,34.4,33.6,33.0,32.7,34.2,33.0,33.4,33.1,33.6,33.4,33.9,34.1,33.7,34.6,34.0,33.2,33.7,33.2,33.6,32.7,33.7,33.4,33.4,34.1,34.3,33.4,33.7,34.2,34.0,34.3,33.6,34.2,33.0,34.1,33.5,34.1,34.1,34.1,32.9,34.4,33.4,33.6,33.9,34.5,34.7,33.7,33.5,34.2,33.0,34.2,33.3,34.1,33.7,33.7,33.3,34.0,34.2,33.6,34.2,34.3,35.1,34.3,32.9,34.1,33.7,34.4,33.0,34.6,34.6,33.7,33.4,33.6,34.0,34.1,32.8,34.9,35.4,33.8,34.2,34.9,34.1,33.1,33.8,32.8,34.6,33.3,33.8,33.7,33.8,34.1,33.4,33.9,33.8,33.2,33.8,34.4,34.3,33.4,33.5,33.1,33.7,33.5,33.7,34.7,33.5,34.3,34.2,34.8,34.5,33.6,33.8,34.4,34.3,34.3,33.8,33.4,34.4,34.0,33.3,33.5,33.7,33.5,34.1,34.4,33.4,32.9,33.8,33.8,34.7,34.8,33.4,33.6,34.4,34.7,33.6,33.6,33.8,34.4,34.4,35.2,34.3
1785307025.6707506,2230,33.7,32.6,32.5,34.0,34.4,32.2,33.8,33.6,33.1,32.7,32.6,32.8,32.5,32.5,32.3,32.9,33.5,32.9,32.7,34.2,33.1,33.5,32.6,33.0,33.1,32.5,32.6,33.9,33.6,33.4,33.9,33.3,32.0,33.5,33.9,33.2,32.3,32.7,33.2,32.7,32.6,32.7,32.8,33.5,34.8,33.6,32.9,33.4,32.1,33.2,33.5,33.6,32.2,33.0,33.3,32.7,32.2,33.7,33.5,34.3,34.1,32.4,34.0,34.2,32.3,32.1,32.0,33.0,33.8,33.6,33.5,32.3,32.8,32.1,33.3,33.5,32.8,33.1,32.7,32.8,33.0,32.1,32.1,33.0,33.0,32.3,32.8,32.8,32.5,32.7,32.3,33.2,33.7,33.2,32.8,34.3,33.0,33.6,32.4,34.0,32.6,33.1,33.0,32.4,33.5,32.6,34.0,33.7,32.0,33.6,32.3,33.5,32.8,33.2,32.4,33.3,32.4,33.0,33.0,33.4,33.3,32.5,33.2,34.1,32.9,33.2,33.4,34.8,33.2,33.9,33.1,33.4,33.7,32.7,33.4,32.4,33.0,32.4,33.5,33.4,32.3,32.4,32.9,33.3,33.3,32.8,33.1,33.5,33.0,32.9,33.7,32.9,33.8,33.4,33.4,33.1,34.2,34.4,33.4,32.0,33.1,32.4,33.2,34.1,31.8,32.7,32.8,33.0,32.9,33.1,33.2,32.3,32.6,32.4,33.5,32.9,33.0,33.1,33.0,33.7,32.8,32.9,33.2,33.2,32.7,32.2,32.3,34.0,33.5,33.3,33.7,33.7,33.3,32.9,33.6,33.3,32.7,32.5,33.1,32.8,33.6,33.4,33.1,32.9,32.9,33.3,34.7,35.3,34.4,33.4,33.2,33.9,32.7,32.8,32.8,32.4,33.6,31.9,33.1,33.7,33.5,32.7,33.5,33.0,32.3,33.4,32.5,33.6,32.7,34.1,32.5,32.9,32.8,33.3,32.1,33.9,32.4,33.4,35.3,35.2,33.9,33.5,33.4,33.3,33.1,33.4,33.3,32.7,33.2,32.5,33.5,33.1,33.0,34.2,33.8,34.6,33.0,33.2,32.7,33.5,33.6,33.4,32.2,34.1,33.5,32.7,33.2,33.4,33.4,32.7,35.5,36.1,33.7,32.3,32.7,33.8,33.2,32.1,33.4,33.5,32.6,32.6,33.0,33.4,33.4,34.0,33.6,33.7,32.1,33.5,33.4,34.3,32.6,33.0,33.6,33.1,32.9,33.0,32.8,33.4,33.6,33.5,35.9,35.4,33.4,32.8,33.5,33.8,33.1,32.9,33.2,33.6,32.7,32.6,33.3,33.4,33.4,33.1,33.0,33.6,32.8,33.5,34.0,33.5,32.9,32.8,32.1,33.6,33.4,33.5,33.1,34.0,34.7,34.8,35.3,34.2,33.7,33.6,34.0,33.2,33.1,32.6,33.5,32.7,32.5,32.7,33.1,33.3,33.3,32.5,32.7,32.7,33.4,32.9,32.7,34.5,33.0,33.4,33.1,33.5,32.9,33.4,33.2,33.5,34.2,34.1,34.7,35.1,34.1,33.0,32.8,33.2,33.4,32.9,32.9,33.1,33.2,32.6,33.1,32.5,33.6,33.3,33.3,33.4,33.7,33.5,33.8,33.8,33.6,33.0,32.9,32.7,33.7,33.3,32.7,34.0,34.2,34.5,33.9,34.4,34.4,33.6,33.6,33.9,33.5,32.6,33.2,33.4,32.8,32.9,33.1,34.6,33.6,32.1,33.8,33.8,32.5,33.4,31.5,33.1,33.1,34.3,34.5,32.7,33.5,33.1,32.9,33.5,33.8,35.0,33.5,33.7,33.8,33.1,32.5,32.9,33.4,33.5,32.8,33.8,33.0,32.6,33.3,33.2,34.9,33.0,33.5,33.9,34.4,34.1,33.6,33.2,33.4,33.4,33.4,33.9,33.0,33.5,33.9,34.2,33.8,34.3,34.6,33.4,34.6,33.1,34.1,33.6,32.9,32.6,33.9,32.5,33.5,32.8,32.9,33.1,33.6,33.8,33.6,32.8,31.6,33.7,33.1,33.2,33.4,33.5,33.5,33.7,32.9,34.1,33.1,33.2,33.6,35.3,33.9,33.7,33.3,33.1,33.7,33.6,32.8,33.6,33.9,33.9,33.0,32.9,33.5,32.9,32.7,33.5,33.5,33.4,34.6,33.7,33.4,32.9,33.8,33.5,33.1,33.2,33.7,32.8,33.6,33.9,33.6,33.7,34.5,34.2,33.9,34.0,33.1,33.7,33.6,32.9,33.7,33.3,33.6,32.6,33.6,34.2,34.0,33.6,32.8,33.6,32.2,34.4,32.9,33.4,32.6,34.0,33.7,33.2,33.2,33.1,31.6,32.8,33.2,nan,33.9,35.3,33.6,33.9,34.6,33.6,32.8,32.7,33.1,33.0,33.3,32.2,33.2,33.3,33.9,33.5,34.1,34.9,33.2,32.9,33.4,33.6,34.3,33.5,33.8,34.3,33.7,33.6,33.2,33.8,33.4,33.5,34.1,34.4,33.8,32.6,34.9,34.1,33.4,33.6,32.1,32.9,34.6,33.1,34.4,33.8,33.2,34.0,34.5,34.6,34.0,33.7,33.5,33.2,32.8,33.7,33.3,33.4,32.7,33.1,33.1,33.6,32.9,33.7,34.8,35.0,33.7,34.1,34.2,33.7,33.8,32.5,33.6,33.8,34.1,33.6,33.5,32.8,31.7,33.7,34.4,34.5,34.1,33.7,32.8,34.2,33.0,33.3,32.7,33.6,33.5,33.6,33.0,34.0,34.4,34.2,34.2,34.7,34.9,34.0,33.5,34.0,33.0,33.7,33.2,33.5,33.5,33.3,33.2,34.2,34.4,33.1,33.4,33.7,33.3,33.9,34.7,32.8,33.1,34.3,33.8,33.3,33.0,34.3,32.2,33.4,33.1,33.9,34.0,33.9,33.6,34.2,34.1,33.9,32.8,33.0,33.4,33.3,33.0,34.1,33.8,33.6,33.2,34.2,32.8,34.9,34.0,33.4,32.7,34.2,34.1,33.2,33.0,33.3,32.0,34.0,32.6,32.9,33.1,33.5,33.0,34.6,33.7,34.0,33.8,33.3,33.7,33.3,32.3,32.8,33.3,33.6,33.9,34.8,34.7,33.7,34.1,35.9,33.9,34.0,34.3,33.9,32.9,32.9,33.2,34.6,32.2,33.1,32.8,34.2,32.8,32.5,33.5,34.2,33.8,34.6,32.4,35.0,32.4,33.7,33.8,34.2,34.0,33.8,35.1,34.6,32.8,34.1,34.4,35.0
1785307027.7287078,2231,34.2,33.5,32.9,34.2,33.4,32.5,33.0,33.3,32.8,33.0,32.5,33.5,32.4,33.9,33.5,33.5,32.3,32.8,33.5,32.5,33.7,33.2,33.2,32.5,32.6,33.1,34.2,32.7,32.6,33.8,33.6,34.0,35.0,32.6,34.3,32.6,33.9,33.5,32.9,34.6,33.3,33.5,32.4,33.9,33.5,32.6,33.6,34.7,34.0,32.2,33.0,33.3,33.4,32.7,32.8,33.0,33.1,33.0,32.8,33.5,33.8,33.2,33.8,34.4,33.3,33.2,33.1,33.4,31.6,34.4,32.8,34.0,32.7,34.1,32.3,32.5,32.3,34.1,32.2,33.1,33.3,34.0,33.6,33.5,33.1,33.3,32.3,32.9,33.2,32.8,34.0,33.9,33.4,33.1,33.0,34.4,33.7,34.0,33.7,33.9,32.8,34.0,33.3,33.5,34.0,33.1,33.1,33.1,34.2,32.1,33.0,32.0,33.1,32.9,33.0,32.9,33.2,33.6,32.6,33.2,33.1,33.7,33.1,33.4,33.3,32.9,33.5,33.5,33.1,34.7,34.5,33.9,34.2,32.6,32.9,32.9,31.8,33.1,32.3,31.9,33.3,33.4,32.5,33.4,33.2,32.8,33.7,32.9,32.5,32.4,33.1,32.7,32.9,33.1,32.1,33.8,33.7,33.5,33.8,33.2,33.7,33.7,32.6,33.4,33.3,32.2,33.3,33.0,33.6,33.2,32.5,33.4,33.1,32.4,33.1,33.3,34.1,32.5,33.3,33.1,33.3,33.1,33.3,33.6,32.8,33.2,33.0,33.7,33.6,33.2,32.5,34.7,33.0,34.5,32.9,35.0,32.5,33.7,33.0,33.6,32.6,33.3,33.1,33.4,33.7,34.9,32.9,33.1,32.5,33.0,33.6,34.3,32.8,33.3,32.2,33.9,32.6,32.9,33.2,32.7,33.6,33.8,32.6,33.4,33.8,34.6,33.6,33.5,34.0,33.6,33.3,33.2,32.9,32.5,32.9,34.3,35.3,35.4,33.7,33.0,33.5,32.9,32.7,34.2,33.7,32.7,32.6,34.1,33.8,32.6,33.5,33.0,33.3,34.2,32.9,33.6,33.3,34.6,33.6,33.8,32.8,32.6,33.1,34.2,33.4,33.2,32.9,32.5,36.0,34.9,33.2,32.8,33.1,34.0,32.9,33.8,33.0,32.8,32.6,32.9,33.0,33.3,32.7,33.7,33.6,33.5,33.3,33.2,33.5,33.6,33.1,34.0,33.7,33.3,34.3,34.1,33.7,33.3,33.6,34.0,35.3,35.1,33.5,33.5,33.5,32.9,33.5,33.1,32.6,33.2,33.5,33.4,33.3,34.0,33.2,33.5,32.6,33.0,32.6,33.7,34.4,33.4,33.3,33.8,33.5,33.8,32.9,34.1,32.6,34.2,34.4,34.6,35.2,35.7,35.0,34.8,34.0,33.0,32.5,33.4,33.8,33.3,32.7,33.5,33.0,33.3,33.3,34.0,33.2,33.6,34.7,33.3,33.9,33.3,33.4,34.2,32.6,34.2,32.9,33.4,33.4,33.3,34.8,35.0,34.7,35.1,34.5,35.1,33.6,33.4,33.5,32.9,33.2,33.1,32.8,33.5,32.5,33.3,33.6,31.9,33.8,33.0,33.0,33.1,32.6,33.4,33.3,33.3,33.5,34.7,33.3,33.5,33.1,33.8,34.6,34.1,34.0,33.8,34.4,35.3,34.5,34.6,33.1,33.7,33.5,33.7,33.8,33.8,32.7,32.3,34.0,33.2,34.8,33.2,32.9,33.3,33.9,33.3,33.4,33.6,34.3,33.0,33.9,33.6,33.5,33.3,34.6,34.8,34.1,33.8,34.2,32.8,34.7,34.9,32.6,33.7,33.6,32.8,33.5,33.4,33.1,33.4,32.7,33.8,33.4,32.3,34.0,33.4,33.7,34.0,33.3,34.7,33.2,32.6,34.5,33.9,32.2,34.4,33.8,33.8,33.5,33.5,34.1,34.0,33.4,34.3,34.1,33.7,33.1,33.2,33.3,33.5,33.8,34.3,33.0,33.7,33.0,33.0,34.7,34.1,34.5,32.1,33.1,33.3,33.5,33.4,34.2,34.0,33.2,34.0,33.5,33.9,34.6,33.6,34.0,33.8,33.9,34.1,33.7,34.4,33.6,32.6,33.7,34.3,33.5,33.3,33.6,33.9,33.9,33.6,34.0,35.0,33.2,33.8,33.5,33.8,32.9,34.0,34.1,33.7,33.6,34.3,34.0,34.3,34.1,33.5,34.3,33.7,33.2,34.8,32.8,33.5,33.0,33.4,33.6,33.8,33.6,33.4,34.1,32.7,33.3,34.1,34.2,33.7,33.2,33.3,32.8,32.7,33.8,33.2,33.4,32.9,33.9,33.5,33.9,34.0,34.4,nan,34.0,33.7,34.6,34.9,33.9,34.3,34.2,33.1,33.2,33.9,32.5,33.5,34.4,33.2,34.0,33.9,33.6,34.6,32.8,33.8,33.5,34.5,33.5,33.1,33.5,33.5,33.7,33.6,34.8,34.6,34.2,34.3,33.8,34.5,34.9,34.0,33.6,33.8,33.3,33.9,33.2,33.4,33.4,33.6,33.5,34.3,34.2,33.1,33.4,34.3,34.3,33.2,33.5,33.5,33.1,33.6,34.0,33.1,33.0,33.5,34.8,35.0,33.6,33.9,33.7,34.6,34.4,34.4,33.4,34.6,33.8,32.9,32.9,34.1,33.3,34.0,32.9,34.0,33.9,33.6,33.5,34.0,33.8,34.5,33.9,32.9,32.3,34.0,33.0,34.6,32.0,33.7,34.0,34.5,34.3,35.2,33.9,34.7,34.5,35.0,33.4,33.1,33.8,33.1,33.4,33.2,33.2,34.1,33.7,33.4,33.5,33.2,34.8,33.6,33.9,32.9,33.5,33.9,33.6,33.4,33.3,34.3,33.0,32.7,33.4,34.2,34.4,33.8,33.6,35.6,34.8,33.4,33.6,34.0,33.7,33.4,33.7,34.3,32.9,34.2,32.6,34.8,33.9,34.5,34.2,34.6,34.4,33.3,33.9,33.4,33.0,33.1,32.5,32.5,33.7,34.1,33.6,33.8,33.6,33.4,33.2,33.8,34.8,33.4,33.7,34.1,33.2,33.5,34.3,34.1,33.9,33.7,34.4,35.1,33.2,34.8,34.4,33.8,33.3,33.9,34.2,34.6,33.9,33.6,33.3,33.9,34.0,33.6,34.0,33.8,35.4,34.3,33.6,34.0,34.1,33.5,33.2,33.3,33.8,34.1,33.5,33.9,33.4,34.1,33.8,34.9,32.8,35.1,34.5,35.6
1785307029.917175,2232,33.4,33.5,32.5,33.4,33.4,33.4,33.3,33.9,33.0,33.6,33.3,33.3,32.4,32.4,33.3,33.5,32.8,32.8,33.3,33.0,33.9,32.6,33.1,32.7,33.4,33.9,33.1,33.8,33.5,33.5,33.3,34.7,31.8,32.1,35.0,34.1,34.4,31.7,32.7,33.6,32.7,33.2,32.9,32.6,32.2,32.8,33.2,32.2,33.6,33.3,32.6,33.5,33.0,32.4,33.2,33.2,32.5,33.8,33.0,34.0,33.8,33.0,33.1,34.1,32.0,34.2,32.2,34.5,32.9,33.1,32.6,33.2,32.7,33.3,33.0,33.2,32.7,34.5,32.9,33.5,34.1,33.6,33.6,32.9,32.6,33.0,33.2,33.5,33.5,34.1,34.8,33.3,32.9,33.3,33.5,34.1,32.9,33.3,32.7,33.0,33.2,32.6,33.7,32.5,33.6,33.6,33.2,33.3,33.2,32.7,32.4,31.6,33.9,33.1,33.2,32.9,34.1,32.9,34.0,33.4,33.1,32.8,33.1,33.2,32.4,32.5,32.8,34.0,33.4,33.8,33.2,33.3,32.8,33.0,33.1,32.9,33.1,32.7,32.7,33.8,32.7,33.6,33.5,33.2,33.9,33.4,33.2,33.1,33.0,33.6,33.8,33.2,33.3,33.1,33.5,33.2,33.5,34.7,34.2,34.6,33.7,33.9,32.9,33.4,34.1,33.2,33.9,33.1,33.2,32.8,31.9,33.0,33.3,33.9,33.7,33.8,33.3,33.3,33.6,33.3,33.8,33.1,33.8,33.2,33.0,32.8,33.6,32.9,33.0,33.0,34.3,34.0,32.8,34.1,32.3,35.2,31.8,33.7,33.2,33.4,33.5,34.1,33.3,33.2,34.7,35.0,33.1,34.1,33.2,33.2,32.9,33.8,34.1,32.8,33.2,33.2,33.2,32.9,32.7,33.5,33.2,33.8,34.3,33.6,33.6,33.8,33.2,34.1,33.6,33.4,33.1,32.8,33.4,32.5,33.9,33.0,35.7,36.1,34.3,33.7,33.1,33.7,34.0,33.2,32.7,33.2,32.9,33.1,33.8,32.8,32.7,32.9,33.6,33.5,33.1,33.2,33.1,32.9,32.8,33.4,33.2,34.4,32.6,34.2,33.7,33.2,33.2,33.7,35.4,35.7,33.2,33.8,33.8,32.9,33.3,33.3,33.6,33.3,33.1,32.8,32.5,33.8,33.1,33.2,33.3,34.4,33.5,32.7,33.2,33.0,32.9,34.0,33.5,33.7,32.7,33.9,33.7,33.3,33.7,34.2,34.9,35.0,33.3,33.9,33.2,32.9,32.8,33.7,33.7,32.9,33.3,33.0,33.3,33.2,33.9,32.8,33.1,33.0,32.9,33.7,34.0,34.4,33.3,34.0,32.5,33.4,33.8,33.0,33.8,34.2,33.9,35.1,36.3,35.2,35.1,35.3,34.0,33.3,33.6,33.8,33.8,33.3,33.8,33.5,32.9,33.6,32.6,33.1,33.5,33.2,34.4,33.5,33.9,33.1,34.2,33.2,33.5,33.2,33.6,32.9,33.9,33.5,35.6,35.3,35.8,35.6,34.6,34.7,34.0,34.0,33.2,34.1,32.8,32.6,33.3,34.5,34.0,33.7,33.1,32.8,33.6,32.9,34.4,34.5,33.4,34.4,34.1,34.1,33.8,33.8,32.6,33.3,34.4,33.6,35.1,34.7,34.3,34.0,33.5,34.5,34.2,33.7,32.8,33.7,34.0,33.2,33.6,33.6,33.6,33.5,33.2,33.6,33.9,33.7,33.8,33.9,34.3,34.3,33.6,33.2,32.3,33.0,32.5,33.3,33.6,33.5,34.1,35.0,35.0,34.1,34.3,34.0,35.1,32.8,33.4,33.4,33.1,33.1,33.4,33.6,33.1,34.0,34.1,34.2,34.1,33.1,33.6,33.4,33.2,34.0,33.1,34.7,33.7,33.1,33.0,33.3,33.6,33.6,34.8,33.6,34.0,34.6,33.3,33.7,34.2,34.8,33.5,34.3,34.3,33.8,33.6,33.0,32.6,33.1,33.5,33.9,33.9,34.1,33.6,33.5,33.8,33.8,33.8,32.7,33.5,33.6,33.6,33.8,33.8,32.8,34.5,34.7,34.1,34.4,34.2,33.8,34.5,34.3,33.8,34.0,32.6,33.1,33.9,32.9,33.7,33.0,33.8,34.0,33.7,33.3,33.2,33.7,31.7,33.0,33.7,33.7,33.5,33.6,32.8,32.4,33.4,34.6,34.3,33.8,34.7,34.3,33.8,34.2,33.8,34.1,32.8,33.7,33.5,33.0,33.0,33.1,34.1,33.1,33.2,34.5,33.7,33.3,33.4,34.1,34.7,33.7,33.6,33.7,34.3,33.2,32.7,33.6,32.6,34.2,34.5,34.2,34.6,nan,34.5,34.2,33.6,34.6,33.2,34.4,33.1,33.1,32.7,32.7,34.4,33.2,33.4,34.2,33.2,33.0,35.0,33.6,34.6,34.2,33.1,33.7,33.1,34.4,34.4,34.2,32.9,33.9,35.0,34.8,33.4,34.1,33.7,35.0,34.0,34.3,33.5,33.3,33.7,33.2,33.1,34.1,34.1,34.3,33.3,34.1,33.3,33.9,33.0,34.9,33.2,32.3,33.8,33.9,33.8,32.3,33.0,33.5,33.2,34.1,34.1,35.1,34.4,34.1,34.4,34.6,34.6,33.8,34.1,34.3,33.6,33.6,33.2,33.9,32.8,32.9,32.5,33.9,34.7,33.4,34.1,33.8,33.8,34.4,32.7,33.9,34.4,34.7,32.6,33.9,34.3,33.7,33.6,34.5,34.1,33.8,34.1,34.5,34.4,34.1,34.1,33.5,34.0,33.6,32.7,33.9,33.4,34.5,33.5,34.1,34.5,33.8,35.2,34.2,33.7,33.6,34.1,33.3,33.4,33.8,33.5,32.6,33.7,33.0,33.9,34.2,34.6,34.4,33.9,34.7,34.8,33.6,33.0,33.3,33.5,33.9,34.4,34.1,32.6,33.7,33.6,34.0,34.3,34.3,34.9,35.5,33.7,34.7,33.5,34.5,34.0,34.1,32.5,34.6,33.2,33.6,33.0,34.5,34.5,34.3,33.1,34.7,34.3,34.6,33.9,34.3,33.2,34.0,32.6,34.3,34.1,33.7,34.8,34.1,34.0,34.2,34.9,35.6,34.7,33.4,34.8,33.3,34.1,32.8,33.5,34.5,33.8,32.8,33.4,33.8,34.9,34.7,34.1,33.3,33.6,33.5,33.4,34.4,33.6,32.7,33.2,33.8,33.6,33.3,34.4,33.5,34.4,34.3,34.1,34.2
1785307032.0089204,2233,34.2,33.2,33.4,33.2,34.2,33.2,33.7,32.5,32.7,33.4,33.0,32.9,33.3,33.7,32.6,33.7,34.2,33.4,32.6,33.6,33.9,33.2,33.0,34.3,33.4,33.3,33.5,34.5,34.4,32.8,32.5,34.7,33.2,33.9,33.1,32.3,33.0,34.1,33.7,34.0,33.5,33.7,33.3,32.0,32.5,33.5,32.8,33.3,32.7,33.1,33.0,33.1,34.1,33.3,33.7,33.2,33.3,33.0,33.2,33.3,33.1,34.3,32.8,33.3,35.0,33.0,32.6,34.5,33.5,33.5,32.7,32.6,33.8,32.6,32.1,33.0,33.8,33.4,32.4,33.3,33.6,33.8,32.7,33.5,33.3,32.6,33.0,33.6,33.1,33.2,33.0,33.3,34.4,33.5,33.7,34.6,32.4,34.2,32.7,33.9,32.7,33.0,33.5,33.7,33.0,34.0,32.3,33.1,32.6,33.0,33.8,33.2,33.4,34.2,33.0,33.2,32.9,32.8,33.5,33.0,33.2,33.5,32.9,33.3,33.5,33.1,33.1,34.9,33.1,33.8,33.0,33.9,34.2,33.2,33.3,32.9,33.7,33.1,32.7,33.5,33.0,32.9,33.1,33.2,32.4,33.2,32.1,33.9,33.2,33.9,33.8,33.0,34.0,32.8,32.7,33.2,33.1,33.1,33.1,34.8,33.7,33.0,32.6,33.6,32.9,34.5,32.2,33.6,32.7,33.8,33.0,33.0,32.9,33.6,32.6,32.6,33.5,34.4,33.6,33.8,33.4,33.7,33.5,33.2,33.0,33.5,33.9,34.1,32.8,33.6,32.3,33.8,34.3,34.3,33.5,33.2,33.9,33.3,33.4,33.8,33.4,34.1,33.1,33.4,35.0,34.7,32.8,33.4,33.5,33.6,33.4,33.3,33.3,33.1,32.5,33.6,33.5,32.8,32.8,33.1,33.2,33.8,32.4,33.4,34.0,34.2,34.4,33.5,32.7,33.6,32.9,33.2,33.5,33.2,32.7,33.4,35.6,36.5,33.3,32.7,33.2,33.5,33.0,32.9,33.5,33.8,33.8,33.1,32.4,34.3,33.5,33.2,32.9,33.6,34.3,33.2,34.2,32.9,33.4,33.2,34.3,33.7,32.9,32.6,33.7,33.3,33.0,33.7,35.7,35.4,32.7,33.8,33.1,33.3,32.8,32.8,33.4,33.0,33.3,32.6,33.0,33.6,34.0,33.0,33.8,33.5,33.1,32.7,33.2,34.4,33.7,33.5,32.9,33.6,32.7,33.5,33.0,33.9,32.6,33.6,34.6,36.2,33.9,34.0,33.5,33.7,34.0,33.5,33.2,33.9,32.6,32.8,33.6,33.8,32.8,33.3,33.1,34.1,34.2,33.3,33.9,33.6,33.3,34.0,33.7,33.8,32.7,33.9,34.1,33.9,34.3,35.1,35.8,35.1,35.2,35.1,34.3,34.1,33.6,33.2,34.0,32.7,33.4,33.1,33.9,32.8,33.5,33.4,34.4,34.1,32.9,34.3,33.5,34.3,33.2,33.6,34.0,33.8,32.9,33.4,33.4,33.8,34.6,34.7,35.6,35.1,34.8,34.8,33.9,33.7,33.7,33.1,32.7,33.4,33.1,33.0,32.3,33.3,33.6,33.1,33.6,33.4,34.0,34.1,35.3,34.2,33.1,33.9,33.6,33.8,33.8,33.5,33.4,34.6,35.0,34.4,34.4,34.1,34.1,34.8,35.4,34.4,33.4,34.0,33.7,33.5,33.5,33.6,33.6,32.1,34.2,33.4,34.8,33.0,34.1,33.7,34.5,33.7,32.6,33.0,33.3,33.1,33.9,33.6,33.6,33.8,34.6,34.7,34.5,34.4,32.8,33.8,34.3,33.9,33.2,33.4,33.1,34.2,33.9,32.5,33.3,33.2,34.3,33.3,33.7,33.2,33.6,33.8,34.7,34.0,32.7,33.7,33.9,33.8,33.1,33.3,33.9,33.1,33.8,34.5,34.4,34.3,33.2,34.1,34.8,34.4,33.6,33.4,33.6,33.3,32.9,33.6,33.9,33.3,32.2,33.5,33.9,33.0,34.1,34.9,33.0,33.2,32.5,33.5,34.0,34.2,33.3,33.4,33.7,34.0,34.7,34.7,33.7,33.7,33.9,34.3,35.6,35.5,33.3,34.4,33.1,33.3,34.0,32.4,32.6,33.8,34.7,33.8,33.0,34.1,34.0,33.4,34.1,33.6,33.1,33.7,34.2,32.9,34.4,33.0,34.2,33.6,33.6,33.9,33.6,34.4,33.9,35.3,34.7,34.0,33.1,34.3,33.9,33.5,33.4,33.6,33.4,33.1,33.5,33.1,33.7,33.9,34.1,34.1,34.5,33.9,32.8,32.9,33.6,33.6,33.8,32.3,33.7,34.0,33.5,33.9,33.9,nan,33.0,34.2,34.2,34.4,33.9,33.8,32.7,34.1,33.9,33.0,33.4,34.7,33.3,33.5,34.4,33.4,33.4,34.6,35.2,34.0,33.1,34.1,34.4,33.8,34.4,34.6,33.2,33.7,34.1,34.3,33.2,34.6,34.3,34.0,34.3,35.1,34.6,33.8,33.5,33.7,33.7,32.9,33.4,33.9,33.9,33.6,34.0,33.7,32.8,34.3,33.7,34.6,34.0,33.3,33.3,34.1,32.7,33.1,33.0,33.2,34.6,34.9,33.6,34.2,34.4,34.7,34.7,35.1,33.6,34.0,34.2,33.7,33.0,33.9,33.2,34.2,33.4,33.5,33.2,35.1,34.1,33.9,35.3,34.7,33.9,34.1,33.6,33.0,33.5,33.7,33.4,33.5,34.5,34.3,33.9,34.5,34.6,34.5,34.8,34.1,33.2,33.1,34.4,33.8,33.9,33.6,34.1,32.8,33.8,33.2,34.4,34.2,33.9,34.5,33.2,34.0,33.7,33.3,33.4,33.8,34.2,33.0,33.5,33.0,33.0,34.4,34.3,35.1,33.9,34.6,35.1,34.4,33.9,33.9,33.7,33.0,34.2,34.1,32.9,34.4,33.5,35.1,33.7,34.3,34.0,34.6,33.7,33.5,33.4,34.3,35.0,34.1,33.7,33.5,32.4,34.1,33.6,35.0,35.7,33.9,33.6,34.1,33.6,33.6,33.9,34.1,33.9,34.0,33.2,33.5,34.3,33.9,34.2,34.7,34.0,34.2,34.6,35.1,33.8,34.1,34.2,34.2,33.8,34.4,33.7,34.1,34.0,34.3,33.6,33.9,34.3,34.0,33.6,34.3,34.5,34.5,34.5,34.2,33.4,33.4,33.2,33.9,34.7,34.8,33.6,32.9,33.8,35.3,34.1,35.1
1785307034.134635,2234,34.2,33.5,32.7,33.6,33.1,32.9,33.4,33.1,32.5,31.4,32.6,31.7,33.7,33.2,32.7,32.8,33.0,33.0,33.7,33.7,32.6,31.9,32.8,33.5,32.4,32.4,33.1,33.4,33.0,33.7,32.8,32.4,33.4,33.6,32.8,33.5,32.8,33.2,32.2,33.0,31.7,31.7,32.4,33.9,32.9,33.3,32.1,33.4,33.6,32.2,32.8,34.0,33.9,32.9,33.0,33.8,33.3,32.6,32.3,33.7,34.9,32.5,33.6,33.3,33.2,33.5,33.5,32.4,33.1,32.7,33.3,32.4,32.9,32.0,32.4,32.7,32.1,33.9,33.2,33.4,33.1,33.1,32.3,32.2,33.1,33.1,33.6,32.3,32.9,32.6,33.4,32.7,34.2,33.0,33.2,33.4,34.4,33.0,31.8,33.9,33.8,32.4,32.5,32.7,33.6,32.3,33.9,32.9,32.6,32.1,32.1,33.4,33.2,33.2,32.5,33.2,32.5,32.5,32.7,33.0,32.5,32.0,32.5,33.1,33.2,32.7,33.5,33.5,34.1,33.1,32.7,32.6,33.8,34.2,33.1,33.1,33.6,33.2,32.7,31.7,32.8,33.2,32.3,32.9,32.7,33.1,31.9,33.4,33.5,32.9,32.5,32.8,33.6,32.9,32.5,32.8,33.7,33.1,32.6,33.2,33.4,33.2,33.7,32.5,33.5,32.7,31.8,32.8,33.0,33.3,33.2,33.2,33.9,32.9,32.4,32.8,33.0,32.1,33.2,33.6,32.6,32.6,32.6,32.7,33.3,32.1,32.4,33.1,32.6,32.8,32.1,34.0,33.4,33.6,33.1,33.2,32.9,33.1,31.9,33.4,33.4,32.1,32.8,33.0,34.2,34.0,32.6,33.3,33.0,32.0,33.1,33.8,33.1,33.8,32.3,32.7,32.8,32.3,32.3,32.0,32.0,32.4,33.2,33.1,33.3,32.6,33.0,34.1,31.9,33.8,32.7,33.2,33.5,32.3,33.4,33.6,36.0,34.7,33.8,33.8,33.5,32.9,33.2,33.5,33.3,32.6,32.1,33.4,32.7,32.8,32.5,32.8,32.7,32.7,33.3,33.4,32.2,33.3,32.9,33.4,33.0,32.8,33.1,33.3,32.7,33.5,32.9,34.0,35.7,35.8,33.1,33.9,31.8,33.5,32.9,32.8,33.4,32.6,32.9,32.4,32.8,32.7,32.3,32.6,32.5,33.1,33.3,33.5,33.2,33.4,33.1,33.3,33.1,33.4,33.0,33.4,33.6,33.3,32.1,33.0,35.2,34.9,33.3,34.0,33.3,33.5,32.8,33.7,33.0,33.1,33.1,33.0,33.1,33.0,33.4,33.1,34.0,33.5,31.3,33.5,32.7,32.3,33.1,32.8,33.7,34.0,32.7,33.2,32.6,33.7,34.5,34.3,35.0,35.2,33.6,34.0,33.5,33.7,33.3,33.0,33.0,33.9,33.6,32.6,32.2,33.3,32.2,33.1,33.1,33.3,33.7,33.3,32.8,32.8,33.4,33.4,33.1,32.2,32.7,33.2,33.3,33.4,34.6,34.5,35.0,34.3,34.1,34.8,34.2,33.2,33.3,33.5,32.9,32.7,32.4,33.7,32.9,32.8,32.7,33.0,33.5,32.3,32.6,33.7,34.0,33.6,32.7,33.1,33.1,33.4,33.1,33.3,34.2,32.8,34.7,34.4,34.3,33.5,34.0,34.5,34.6,34.6,33.4,33.5,33.8,33.7,33.1,33.4,33.7,33.1,33.1,33.8,33.3,33.5,32.3,34.7,34.3,32.0,31.8,33.6,33.2,32.9,33.2,32.9,34.3,32.8,33.8,34.0,33.7,33.7,33.4,34.2,35.0,33.7,33.1,34.0,34.0,33.4,32.7,33.0,32.9,33.0,32.7,32.9,33.0,32.3,34.0,33.6,33.8,33.0,33.5,33.1,32.8,32.4,33.3,33.1,33.2,33.6,35.2,34.4,34.9,34.3,33.8,33.3,34.3,33.8,33.8,33.0,33.9,33.0,33.1,32.9,32.9,33.4,33.0,33.4,34.2,32.8,33.5,33.7,33.6,33.4,33.8,34.0,32.9,33.2,33.6,34.1,33.7,33.5,33.7,33.9,34.2,33.4,32.7,33.6,34.2,35.3,34.0,34.1,31.9,33.6,33.3,33.2,32.6,32.6,33.6,34.7,33.6,32.9,33.0,34.6,32.6,34.0,33.5,33.1,33.1,33.4,33.3,32.8,32.9,33.6,34.8,33.8,33.9,34.3,33.9,34.1,33.9,34.3,33.3,33.2,33.8,33.8,32.6,33.4,33.4,33.1,33.9,33.4,32.9,33.3,34.3,33.9,33.2,32.2,33.2,33.6,33.2,33.0,33.4,33.4,33.5,33.7,34.0,34.2,34.1,nan,32.7,33.6,33.9,34.4,33.4,33.4,34.0,33.6,33.5,33.4,32.5,33.3,33.4,33.7,33.2,33.5,33.0,34.4,33.7,32.1,33.7,33.1,33.3,33.2,33.7,33.7,33.2,33.5,34.4,33.9,33.8,33.6,33.1,34.1,34.3,34.6,33.3,33.7,33.1,33.5,33.2,32.9,32.7,33.0,33.9,33.4,34.0,33.7,33.8,33.3,33.0,33.2,33.2,33.7,33.4,32.8,33.4,34.0,33.3,32.8,33.0,34.0,34.4,34.4,33.7,34.2,34.2,33.6,33.4,34.0,33.4,32.7,32.1,33.9,33.3,33.1,33.2,32.7,33.5,33.2,33.5,33.3,33.3,33.1,33.7,33.1,32.7,34.1,32.9,33.0,33.0,32.7,33.6,34.1,34.8,34.7,33.6,34.6,34.5,33.8,34.1,33.3,33.6,33.8,33.4,33.7,33.6,33.9,33.1,33.3,33.8,34.4,33.7,32.9,33.4,32.9,32.9,34.1,33.4,32.8,32.0,33.3,34.0,33.3,33.2,33.7,34.8,34.1,32.5,34.3,34.6,33.2,32.8,34.1,33.9,32.8,33.1,32.8,33.3,34.5,33.0,34.2,33.5,33.1,33.8,34.8,32.3,33.3,33.4,34.3,33.2,33.3,33.5,33.3,32.8,33.7,33.7,33.4,34.3,33.7,33.9,33.9,33.7,33.9,33.7,33.6,33.4,32.5,33.7,32.6,33.7,33.5,35.4,33.1,33.4,33.1,34.2,33.1,33.3,32.7,34.0,34.8,33.0,33.2,33.7,33.7,33.0,33.5,33.4,32.7,34.1,33.6,33.1,33.2,34.3,33.4,34.3,34.0,33.6,33.8,33.0,33.9,34.3,33.7,33.8,33.3,34.0,33.6,33.2,36.5
1785307036.4256017,2235,32.5,31.8,32.6,33.6,33.1,32.5,32.5,33.3,33.1,31.8,31.8,33.4,32.2,31.8,32.5,33.1,32.8,33.2,32.7,32.8,33.5,32.6,33.6,32.4,32.8,32.8,32.0,33.6,32.5,33.0,33.3,33.2,33.1,33.3,34.2,32.3,32.6,32.1,32.4,32.5,32.7,33.1,32.5,33.3,32.1,32.2,32.8,33.4,32.5,33.6,33.0,32.7,31.9,32.9,32.4,32.6,32.7,33.3,33.1,33.0,33.8,32.5,34.0,33.6,33.2,32.7,31.9,33.8,31.6,32.4,32.9,32.8,33.6,33.1,33.3,32.8,33.4,32.5,32.3,33.2,32.0,32.7,32.3,34.0,33.1,32.9,32.4,33.1,33.1,32.4,32.2,33.5,34.2,31.5,33.2,33.2,32.4,32.3,32.7,32.5,32.9,32.8,32.9,31.5,33.4,32.8,32.7,32.0,32.1,33.1,33.1,31.8,32.9,33.0,33.0,32.5,32.5,32.3,32.9,32.0,32.1,32.9,32.4,32.3,32.0,32.4,34.0,32.8,32.9,32.4,32.9,33.5,32.5,32.6,32.5,31.9,33.0,32.1,32.7,32.2,33.1,32.2,32.9,32.8,32.8,33.1,31.9,33.4,32.8,32.7,32.2,33.5,33.1,32.7,32.3,33.0,33.3,33.5,31.9,33.9,33.0,32.0,33.3,32.1,32.9,32.5,32.4,32.4,33.3,33.1,33.0,32.1,32.7,32.4,33.5,33.6,32.6,32.8,32.0,33.1,32.8,32.4,31.7,32.5,33.0,32.2,33.1,32.9,33.2,31.9,32.5,33.8,33.4,32.9,32.7,32.9,31.7,33.3,32.8,33.2,32.9,33.4,33.1,34.0,34.2,34.5,33.2,33.2,32.0,32.5,32.6,33.3,32.9,33.1,31.8,33.5,33.1,32.8,32.6,32.5,33.9,33.0,33.2,33.5,32.2,32.6,33.6,33.1,33.4,32.8,33.1,32.1,32.5,33.0,33.8,32.6,34.9,34.4,33.1,33.3,32.7,33.0,32.2,32.7,33.0,33.3,32.9,33.1,32.5,32.1,32.5,32.1,33.0,32.5,33.9,33.4,33.3,33.7,32.1,33.8,32.6,33.3,32.7,33.8,33.0,32.6,32.2,34.3,35.5,35.0,32.6,33.9,32.5,33.0,32.6,33.7,32.9,33.1,33.1,33.2,33.0,32.4,32.7,34.0,33.2,32.3,32.6,33.9,33.4,33.0,32.9,33.9,33.2,33.1,33.7,33.0,33.0,32.9,32.7,33.3,35.1,35.1,32.8,32.5,32.7,32.7,33.0,33.7,32.7,32.1,32.8,32.7,32.8,34.1,32.8,33.3,32.5,32.6,32.3,33.0,33.3,32.7,32.0,34.0,32.8,32.7,31.8,33.5,33.0,33.0,33.2,34.7,35.2,34.9,34.4,34.9,34.1,33.0,33.1,34.0,33.9,33.1,33.5,32.9,32.3,33.3,32.6,33.1,33.1,33.0,33.1,32.6,32.8,33.2,32.7,32.3,33.4,32.6,32.7,32.3,33.0,33.2,34.3,34.8,34.5,34.6,34.1,34.6,33.9,33.4,33.2,32.2,32.2,32.6,33.6,33.1,32.4,33.3,32.7,32.6,33.0,33.0,33.0,33.1,32.7,34.0,32.1,33.6,32.9,32.5,32.9,33.6,33.5,33.6,34.7,34.4,33.4,34.7,34.1,34.1,34.3,32.7,33.3,32.7,33.1,32.7,31.9,32.9,33.9,32.1,32.7,34.1,32.7,33.7,33.7,32.7,33.5,33.9,32.6,33.6,33.9,33.1,32.5,32.9,32.8,33.8,34.6,33.5,33.7,33.9,33.4,33.3,33.7,32.8,33.5,33.1,31.9,32.4,33.0,32.5,32.6,33.3,33.2,32.9,32.2,32.4,33.2,33.3,33.2,34.0,32.7,34.4,32.4,33.1,32.6,33.3,33.0,32.7,33.4,34.4,34.3,33.6,33.5,33.2,33.5,33.1,32.4,33.0,32.6,33.3,33.1,33.1,32.7,32.2,32.8,34.4,33.5,33.5,32.9,33.9,33.4,33.7,33.6,32.9,32.5,33.3,33.4,32.5,32.6,33.1,34.3,33.0,34.2,34.0,33.5,32.3,33.9,34.7,32.8,33.4,32.0,33.7,32.8,32.7,31.9,32.8,33.4,32.4,32.6,33.9,32.6,33.4,34.3,34.0,32.7,33.9,32.9,33.4,33.1,33.8,33.2,33.4,33.1,34.9,33.4,33.3,33.8,34.3,34.2,34.1,32.5,34.1,32.9,33.3,32.7,32.9,32.4,32.5,33.5,33.6,34.2,33.9,33.7,33.9,33.6,32.4,32.4,32.4,33.2,33.0,32.9,31.4,33.1,33.5,33.3,34.3,33.9,nan,33.3,32.7,34.0,34.5,32.9,33.2,32.9,33.5,32.3,32.5,32.8,33.3,33.1,32.9,32.5,33.1,33.0,33.6,33.2,32.7,32.1,34.1,32.5,32.8,32.5,34.2,33.9,34.2,33.7,34.6,33.5,33.3,33.0,33.6,33.9,33.6,34.3,34.3,33.3,33.1,32.8,31.8,33.0,32.8,33.1,34.1,33.8,32.9,33.4,32.4,33.2,33.6,32.4,32.9,32.7,33.7,33.2,33.1,32.5,34.2,35.1,33.6,33.9,33.6,32.9,33.2,32.9,34.6,33.7,32.9,33.4,33.0,33.3,32.6,33.1,33.1,33.7,32.7,32.4,32.8,32.6,33.1,33.1,33.1,32.6,33.9,32.3,33.5,32.4,33.5,31.8,33.2,33.2,34.3,34.4,34.5,33.2,34.6,34.3,34.1,33.0,34.1,32.7,34.0,32.8,33.5,33.5,33.2,34.6,32.4,34.0,33.8,33.9,35.1,34.5,33.3,32.4,32.8,33.0,33.3,32.9,32.9,32.6,33.0,33.0,34.0,34.6,33.9,33.4,33.4,33.9,33.9,34.2,33.2,33.0,34.2,33.1,32.4,32.7,32.5,32.6,33.8,33.1,33.1,34.2,34.3,32.0,33.7,32.5,33.2,32.7,34.1,33.4,33.8,33.2,32.8,32.8,33.4,34.2,33.5,33.2,33.9,33.7,33.4,33.5,34.1,33.5,32.9,33.3,33.5,33.3,33.5,33.0,32.9,33.7,32.2,33.7,36.2,33.1,33.8,33.0,32.4,33.0,31.8,33.7,32.9,33.0,33.5,33.4,32.7,33.6,33.4,32.9,33.6,34.1,33.8,32.5,33.4,33.4,33.2,32.9,33.0,34.1,33.7,32.8,34.3,33.7,33.8,33.6,35.1
1785307038.5754297,2236,34.2,34.0,31.7,33.4,32.0,32.3,33.4,33.7,33.8,32.8,31.3,33.1,30.9,33.2,32.0,33.3,32.8,32.8,32.2,32.8,33.2,33.0,32.0,31.7,32.0,33.5,31.8,33.8,33.2,34.0,33.1,33.7,33.4,32.3,32.8,32.1,34.8,32.1,33.1,31.9,33.1,32.9,31.8,32.0,33.1,32.9,33.4,32.9,33.3,31.8,33.9,33.1,34.1,31.6,33.0,32.6,32.9,31.5,33.2,32.6,34.0,32.7,32.6,33.6,32.2,34.2,31.7,33.8,32.2,33.9,31.9,33.4,33.4,32.2,31.7,33.0,32.3,33.4,31.5,32.9,31.9,33.1,32.7,32.2,32.6,32.6,32.1,33.5,32.9,32.8,32.0,34.1,33.1,33.3,32.5,33.9,35.1,34.2,33.6,32.8,33.4,32.2,33.1,31.7,33.4,32.3,31.8,32.7,33.0,33.0,32.4,32.5,32.2,32.4,33.0,32.9,33.9,32.8,33.5,31.9,33.2,32.2,33.1,32.7,34.1,33.3,33.3,33.0,32.9,33.8,32.5,32.8,33.8,33.0,32.3,32.5,32.1,33.0,31.8,32.8,32.1,33.0,32.6,33.2,32.4,33.9,31.6,33.1,32.7,33.4,33.3,32.6,32.6,33.3,31.9,31.7,32.7,33.7,32.0,34.1,33.5,33.0,34.4,32.3,33.9,31.8,32.9,32.5,32.8,32.4,33.5,32.7,33.4,32.7,33.1,33.1,33.1,32.4,32.9,32.9,34.1,32.6,33.3,32.3,32.8,32.8,32.8,32.9,33.0,33.2,32.3,33.1,32.5,33.8,32.3,33.6,32.0,33.9,31.9,33.0,32.9,32.2,31.9,33.7,34.5,34.5,32.6,34.2,32.8,32.8,32.9,33.2,33.6,32.6,32.3,33.7,32.6,31.8,32.1,32.0,34.0,33.4,31.5,33.8,34.2,32.4,33.4,32.1,33.6,32.3,32.9,32.6,33.7,31.8,32.4,32.8,35.1,35.1,33.0,32.5,33.2,32.4,33.3,32.7,33.0,32.8,32.1,31.9,33.3,32.4,32.7,32.3,34.0,32.5,33.1,32.8,31.8,34.0,32.3,34.0,33.3,33.1,32.6,34.2,33.5,33.3,31.5,34.0,35.0,36.3,33.5,33.6,33.6,33.2,32.9,33.1,32.3,33.6,32.6,32.2,33.0,33.3,32.5,33.3,33.1,32.7,32.5,34.0,33.7,33.0,32.7,32.4,33.6,32.2,33.0,33.0,33.6,32.1,33.4,32.5,34.9,34.1,33.8,33.7,33.0,32.4,32.7,32.4,33.7,32.7,32.8,32.7,32.6,33.0,33.0,32.9,33.5,33.0,33.1,33.5,32.9,34.0,33.1,33.4,33.3,33.4,32.7,33.7,33.6,33.6,33.4,34.1,35.0,35.4,34.7,35.9,33.0,32.9,32.6,32.7,33.0,33.5,32.1,33.0,32.5,32.6,32.4,33.6,32.4,33.7,32.7,32.9,33.5,32.6,34.0,32.6,33.7,33.5,33.2,32.4,33.7,32.8,35.1,34.2,35.3,34.2,34.6,34.2,33.2,32.0,33.2,32.3,33.5,33.4,32.3,32.7,33.3,32.8,33.6,32.8,33.2,33.2,33.4,32.7,34.2,33.0,33.3,34.2,32.2,33.4,32.8,33.3,33.7,33.4,33.4,34.7,35.2,34.7,32.8,34.3,33.3,34.4,33.4,33.4,32.5,34.2,32.3,34.1,33.6,32.8,33.1,33.6,33.1,33.5,33.3,34.1,33.7,32.0,32.6,32.2,33.7,33.1,33.1,32.2,34.6,33.0,35.0,33.8,34.4,33.6,33.5,33.9,35.0,33.3,32.7,33.2,32.7,33.1,34.0,33.4,33.6,32.3,33.2,33.5,33.9,32.7,33.4,33.6,33.8,33.8,33.3,34.3,33.3,34.3,32.0,34.2,33.1,32.8,34.3,34.3,34.4,34.0,33.3,33.8,34.9,34.4,33.4,33.8,33.8,33.5,32.9,33.0,32.1,33.3,33.0,32.8,33.1,33.5,33.5,34.3,33.4,32.9,33.6,33.1,33.5,33.0,34.2,32.6,33.5,33.5,34.8,33.4,34.4,33.4,32.9,33.6,34.8,34.4,33.1,33.1,33.4,32.6,33.7,33.6,33.5,33.0,33.4,33.5,32.8,32.7,33.4,34.2,32.8,33.8,32.5,35.1,32.2,33.8,32.2,33.3,33.2,33.7,34.1,33.9,34.4,34.3,33.6,33.7,33.9,34.1,33.5,33.5,34.3,33.3,32.8,33.3,32.7,33.1,32.6,34.1,34.1,33.5,32.5,33.9,33.4,32.6,33.8,32.9,34.3,32.3,32.9,32.2,34.2,33.0,34.0,33.9,34.1,nan,33.7,33.4,34.8,33.9,33.5,33.8,32.9,33.2,33.2,33.2,33.0,32.8,33.6,32.9,32.7,32.6,34.6,33.8,33.7,33.8,32.3,34.3,33.7,34.2,32.6,34.0,32.7,33.6,34.3,34.1,33.0,34.0,33.3,34.1,34.8,34.8,32.9,33.5,33.5,32.7,32.0,33.9,33.0,33.0,33.3,32.6,33.2,33.7,33.6,34.1,34.3,32.9,33.4,33.5,34.6,33.2,33.2,32.4,32.8,32.5,35.2,34.2,34.8,33.4,34.5,33.2,34.6,34.4,34.2,33.5,34.2,32.4,33.4,32.3,33.7,32.9,33.6,32.7,33.4,33.2,33.3,33.5,33.5,33.8,32.5,34.7,31.9,33.6,34.1,32.8,32.7,33.7,32.4,33.9,34.5,35.0,34.3,34.5,34.2,33.6,32.9,33.5,33.8,33.6,33.2,33.9,32.8,33.6,33.1,32.6,33.6,34.2,34.5,35.3,34.6,34.0,33.9,33.7,33.6,32.8,33.7,33.3,33.5,33.5,32.5,32.6,34.4,32.9,34.1,34.5,34.4,33.7,33.4,33.9,33.2,33.5,33.1,32.5,32.9,33.4,33.7,32.7,34.9,33.1,34.2,34.1,33.4,33.3,31.9,33.4,34.0,33.1,32.7,34.4,33.2,33.9,32.8,34.5,34.6,33.4,32.5,34.3,33.6,33.9,33.5,33.8,33.0,33.6,32.8,32.9,33.5,33.1,33.0,32.9,33.4,34.2,34.2,34.0,34.2,33.4,33.5,32.7,33.9,33.0,32.7,32.4,33.2,32.2,33.1,34.3,34.3,32.4,34.0,33.2,34.1,33.6,33.9,32.6,33.4,33.9,33.2,32.2,34.1,34.2,32.6,32.7,34.8,33.6,35.2,33.5
1785307040.55023,2237,34.4,31.3,34.4,33.2,33.4,31.6,33.2,32.5,33.2,32.6,33.2,32.3,33.7,32.1,32.9,32.4,32.8,32.3,33.5,33.4,33.2,32.6,32.4,32.1,32.8,33.1,32.9,32.7,32.8,32.4,33.6,31.9,32.9,33.1,32.8,35.0,33.0,31.9,32.7,33.8,32.1,33.3,32.9,32.8,32.3,33.1,33.0,33.3,32.2,32.7,32.6,32.9,32.3,32.0,33.9,33.2,32.5,33.4,33.4,33.5,32.9,32.7,33.1,33.3,33.7,33.2,32.9,33.4,33.3,32.5,33.0,32.8,32.1,32.0,32.8,32.9,32.7,32.4,33.8,32.2,32.7,32.4,32.7,32.4,32.4,33.3,32.5,33.8,33.5,32.4,32.8,33.3,33.8,31.7,32.7,33.2,32.7,33.0,31.6,33.4,32.5,32.8,33.5,32.7,32.6,32.3,32.2,32.9,32.5,32.5,32.1,33.0,32.7,33.0,33.4,33.7,32.9,32.8,33.3,33.1,32.9,32.5,32.7,33.3,32.4,34.3,32.8,33.5,34.3,31.9,33.2,33.5,33.2,33.0,33.3,32.7,33.0,31.6,32.3,32.8,33.2,32.5,32.1,32.2,33.0,32.1,32.5,32.7,33.2,32.9,33.3,32.8,33.1,32.4,32.5,32.3,33.3,32.5,32.6,32.3,32.8,33.9,33.3,33.0,32.7,33.5,32.2,33.0,31.8,32.6,32.6,32.8,32.2,32.9,33.4,33.1,33.3,32.3,32.7,33.6,33.1,32.7,33.3,33.7,32.6,33.2,33.0,33.7,32.6,33.0,33.0,34.2,33.9,33.4,32.9,32.8,32.3,32.6,33.6,33.2,32.9,32.9,32.3,32.2,34.7,33.6,34.2,33.1,32.5,32.0,33.6,34.0,33.6,32.5,32.9,31.8,32.6,32.0,34.1,32.9,32.6,31.4,33.0,33.1,31.8,33.5,33.8,33.9,31.9,33.0,32.9,33.2,31.8,32.5,32.5,33.5,34.1,35.4,34.3,33.7,33.4,33.0,32.2,33.4,32.4,32.7,32.9,33.4,32.4,33.0,33.1,32.8,32.3,33.5,34.1,33.6,33.1,32.9,33.8,32.8,33.5,32.8,33.1,32.2,32.7,32.7,33.2,32.7,35.0,35.5,33.9,33.4,32.7,32.9,33.4,33.1,32.5,32.5,33.4,31.9,32.9,32.6,33.3,33.2,32.5,32.0,33.7,33.1,32.0,33.6,33.1,32.6,32.7,33.6,33.2,32.8,32.8,33.6,32.1,34.0,34.5,35.7,34.1,33.7,32.9,33.2,34.1,34.0,31.9,33.4,32.8,32.9,32.8,32.8,32.8,34.2,33.3,33.3,32.7,33.1,33.5,32.5,34.3,33.2,33.4,32.9,33.6,33.4,33.2,32.7,34.8,35.6,33.8,34.4,35.4,35.7,33.0,32.1,33.8,32.7,33.0,33.1,33.4,32.5,32.7,32.1,33.5,32.9,33.7,33.4,34.3,33.5,33.5,32.4,33.4,33.8,32.7,32.6,33.2,33.4,32.5,32.6,34.6,34.8,34.5,34.3,34.3,34.8,33.4,33.4,32.9,33.1,33.1,33.7,33.1,33.2,32.9,32.5,32.7,32.6,32.8,32.8,32.8,33.7,33.2,33.0,33.1,33.1,33.8,32.2,33.5,33.1,33.6,33.4,34.9,35.2,34.3,33.5,34.6,33.5,34.6,33.3,33.8,33.5,33.0,32.4,33.6,33.3,33.1,31.6,32.8,32.3,33.1,33.0,32.9,34.3,32.6,33.3,32.6,32.8,33.2,34.0,33.2,33.1,32.8,34.1,34.1,34.2,33.4,33.9,33.4,34.2,34.0,33.6,33.1,33.4,32.4,33.9,33.0,33.2,31.9,33.4,33.0,34.0,33.2,33.8,33.8,34.2,33.9,32.2,33.7,32.2,32.4,33.5,34.2,32.6,33.6,32.3,33.8,33.8,34.8,33.3,33.3,33.0,33.4,34.0,33.6,33.7,33.6,31.6,33.3,33.0,33.3,33.3,34.0,32.1,34.4,32.5,35.1,33.1,33.2,33.4,33.2,32.5,33.1,33.4,33.8,32.7,32.8,32.8,34.2,33.9,34.4,34.2,33.9,33.8,33.7,34.4,33.3,33.3,31.9,34.1,32.5,33.7,32.6,33.0,33.4,33.5,32.3,33.1,33.6,34.2,32.6,32.3,33.5,33.2,33.6,33.4,33.9,33.0,33.2,33.7,34.1,34.0,34.2,33.2,34.6,33.8,34.4,33.7,33.8,32.8,33.1,32.7,33.1,32.4,33.9,33.1,32.6,33.3,34.2,32.8,33.9,33.1,32.1,33.3,34.0,33.6,32.9,33.8,33.4,33.8,32.8,34.0,33.7,33.5,33.1,nan,33.9,34.1,33.4,34.2,33.4,33.9,32.6,33.4,33.0,32.9,32.2,33.1,32.7,32.6,33.1,33.0,32.8,34.4,33.7,31.9,33.5,33.5,33.1,32.3,32.8,33.7,33.4,33.2,34.9,34.8,33.8,33.3,34.0,33.8,33.5,34.0,33.3,33.8,34.0,32.8,33.6,33.2,33.0,32.7,33.7,33.6,33.2,32.9,34.0,33.5,33.7,33.6,33.2,33.3,32.1,33.2,33.0,33.7,32.7,34.0,34.9,35.4,33.8,33.9,34.4,34.1,33.4,34.6,32.9,34.0,32.2,33.4,33.9,33.9,33.0,33.8,32.7,34.2,32.6,33.4,33.7,34.4,33.1,32.9,33.5,34.1,33.7,34.0,33.7,33.7,33.2,32.5,32.9,33.8,34.8,34.2,34.4,35.3,33.7,32.9,33.2,32.8,32.9,32.3,33.9,33.2,33.0,32.8,34.4,33.2,35.0,31.8,33.5,33.6,33.4,34.0,33.3,33.5,32.7,33.2,32.4,34.1,32.8,33.9,33.2,34.0,33.9,34.4,33.7,34.0,33.6,33.8,33.2,33.9,33.4,34.1,33.2,33.2,32.0,33.5,33.4,34.0,32.9,34.3,32.9,34.6,33.2,32.8,33.4,32.3,32.6,32.7,33.7,33.1,33.6,33.6,33.2,33.9,34.6,33.2,33.4,33.1,33.6,32.7,34.6,33.8,32.9,33.1,33.3,33.3,33.7,32.2,34.0,32.9,34.2,32.9,35.3,34.0,31.9,33.8,34.0,33.3,32.6,32.6,32.6,33.9,33.8,33.5,32.5,34.0,32.6,34.0,33.8,33.2,34.0,33.8,32.5,34.2,32.8,33.2,33.5,33.4,33.2,34.4,35.2,33.7,32.3,34.4,33.2,36.0
1785307042.688105,2238,33.2,34.6,32.5,31.9,33.0,32.7,32.5,32.1,32.7,33.0,33.2,32.3,32.2,32.3,32.5,32.4,32.6,32.5,31.9,32.6,32.9,33.4,31.4,31.3,32.3,32.3,31.9,31.6,33.6,33.8,33.4,32.7,31.0,31.6,32.3,33.0,33.3,31.8,32.9,33.3,33.3,32.3,31.8,31.9,32.9,32.1,33.0,33.0,32.7,32.1,32.7,33.1,32.3,32.1,32.0,32.5,32.8,32.9,33.2,33.0,33.1,32.6,33.6,33.0,33.6,33.0,32.5,31.1,32.6,33.1,33.1,32.6,33.2,33.3,32.2,32.0,32.8,32.9,32.7,33.3,33.6,32.4,33.2,32.4,32.9,33.0,33.3,32.7,32.9,33.2,32.5,32.5,33.5,33.5,32.8,33.0,33.7,32.4,32.7,33.3,33.2,31.5,31.7,32.4,32.8,33.2,32.9,33.0,32.8,32.6,32.6,32.6,32.7,32.3,32.3,33.3,32.5,32.4,31.3,32.4,33.8,32.1,32.3,31.6,32.0,32.8,32.8,32.2,33.5,32.9,32.4,32.2,33.3,31.8,33.0,32.4,32.6,32.2,32.8,32.1,32.8,33.2,32.6,32.9,32.5,33.1,32.2,32.4,33.5,33.1,33.0,32.5,33.1,33.3,32.5,32.3,33.4,32.7,33.4,32.4,32.5,32.0,32.6,33.3,34.5,33.3,32.4,32.8,32.5,33.1,32.6,32.6,31.4,32.4,33.2,32.9,33.8,33.2,32.9,33.4,34.0,33.2,33.2,32.6,32.8,32.6,32.8,33.2,32.0,33.1,33.4,32.8,32.9,32.5,32.2,32.6,32.5,32.2,32.8,32.2,33.0,33.5,32.7,33.0,34.8,33.9,33.7,32.9,32.8,33.0,32.7,32.9,33.6,33.5,31.6,32.7,32.4,32.3,32.2,32.2,32.9,32.3,32.9,32.7,32.5,32.8,32.2,33.4,33.6,32.6,33.3,32.9,32.4,33.0,32.4,33.2,35.3,35.0,33.0,32.8,32.6,33.9,32.0,33.2,32.5,33.4,32.3,33.4,34.1,33.4,32.4,33.3,32.5,32.8,32.7,32.9,33.6,33.3,34.1,32.8,34.0,32.6,32.2,33.0,33.3,32.3,33.0,32.7,35.5,35.7,33.1,32.5,33.4,33.2,33.2,32.8,32.3,32.7,32.7,32.9,32.8,32.6,32.3,33.2,32.8,33.1,32.8,32.5,33.7,32.5,32.9,33.1,32.9,33.2,32.1,32.8,32.7,33.2,33.3,32.9,35.7,35.0,33.6,33.8,32.4,34.3,32.0,33.4,32.6,32.6,33.1,34.1,32.8,32.6,32.7,33.6,33.3,33.5,33.2,32.6,33.9,32.6,32.8,33.4,32.2,34.3,32.7,32.7,32.7,34.4,33.1,34.8,34.7,34.6,34.7,34.0,33.0,32.4,32.8,32.6,33.9,33.0,32.5,33.1,33.3,32.6,31.8,32.7,33.3,32.8,33.5,32.7,32.8,33.6,32.6,34.1,32.9,33.2,33.0,33.2,32.9,33.1,34.1,34.8,34.0,34.6,34.2,34.9,33.7,33.2,33.8,33.5,32.9,33.2,32.3,33.1,32.8,32.8,32.7,32.7,32.8,32.8,31.4,33.2,33.1,33.4,32.6,32.9,35.0,32.9,33.1,34.2,33.5,33.4,34.0,33.8,34.4,33.2,34.6,33.8,35.0,34.0,32.1,33.1,32.6,32.9,32.4,32.8,33.4,32.1,33.4,32.9,32.9,32.4,33.1,33.3,33.7,33.2,32.0,32.2,33.2,32.9,32.7,33.2,33.7,32.6,34.3,34.5,33.4,33.7,33.4,33.9,34.0,33.7,32.8,32.9,32.3,33.4,32.9,32.7,32.6,33.0,32.5,34.1,32.5,33.1,33.6,33.1,33.1,33.2,33.2,32.9,33.6,32.6,33.6,32.8,32.9,33.1,33.9,33.8,34.2,33.3,33.4,32.6,34.7,34.5,33.4,33.2,33.1,32.7,32.9,33.1,33.5,32.8,32.7,33.7,32.9,33.0,34.1,33.9,32.5,33.3,32.9,33.0,32.6,32.4,33.1,34.6,33.0,33.6,33.7,33.7,33.6,33.4,34.2,33.6,33.4,34.4,33.3,33.6,32.3,32.8,34.4,33.4,33.2,33.3,33.1,32.9,33.6,33.2,32.8,33.8,32.7,33.0,33.0,33.2,33.0,33.6,33.8,33.7,34.0,33.7,33.9,34.1,33.6,34.6,33.2,33.4,34.1,34.0,32.3,33.0,34.2,34.2,32.9,32.6,32.9,31.9,33.1,32.5,33.3,33.1,31.8,33.7,32.8,33.4,32.6,33.8,32.7,33.9,32.7,33.2,32.7,33.5,33.5,33.8,34.3,nan,33.5,33.5,34.2,34.4,34.2,32.9,33.2,33.8,33.4,33.7,33.2,32.7,32.9,32.7,33.3,33.5,33.4,33.9,34.3,32.1,33.9,33.7,33.8,32.9,32.7,33.3,33.2,33.2,34.9,33.8,33.4,33.3,33.9,33.8,34.6,34.3,33.6,33.5,32.8,32.8,33.2,32.4,32.4,33.0,34.0,32.9,33.0,33.9,33.7,33.1,32.4,33.1,33.4,32.8,33.6,34.1,31.7,33.4,32.9,33.8,34.1,34.6,34.0,33.4,32.8,34.3,34.8,34.2,33.6,33.3,33.9,33.7,33.5,34.5,33.0,32.0,33.0,33.4,33.8,32.7,34.1,33.5,33.7,34.0,32.6,33.3,33.2,33.0,32.5,32.6,33.2,32.9,32.7,33.8,34.1,33.7,33.9,33.8,35.5,33.5,33.2,33.5,33.4,33.7,32.8,32.7,33.0,33.2,34.4,33.7,34.2,34.4,32.5,33.8,33.4,33.9,33.7,33.0,32.7,33.1,32.4,33.8,33.7,33.3,33.8,33.8,34.3,33.9,34.4,34.8,33.6,33.9,33.4,33.0,33.2,33.0,35.1,33.7,33.1,33.4,33.4,33.2,33.5,33.8,33.8,33.8,33.1,33.5,32.9,33.4,33.9,32.3,33.4,32.9,32.6,33.2,32.4,32.9,34.2,33.2,34.2,33.1,33.5,33.3,32.9,32.9,33.2,33.6,33.3,32.4,33.8,33.3,33.9,33.7,34.7,33.1,33.4,34.5,33.3,32.6,33.1,33.2,32.6,32.7,33.0,33.8,32.9,33.1,32.9,32.8,34.0,33.7,33.1,33.5,34.8,33.8,32.7,33.8,33.9,32.5,33.9,33.7,32.8,33.2,32.8,34.0,32.8,34.6,34.1,33.6
1785307044.8225656,2239,32.5,32.9,33.2,33.9,32.9,33.2,33.7,32.9,33.4,33.0,32.3,34.1,32.2,33.0,32.8,34.1,31.9,32.8,33.1,33.8,32.6,31.9,33.3,33.3,32.8,33.7,33.3,33.4,34.8,34.2,32.6,33.7,34.0,33.1,34.0,33.8,33.5,31.7,32.9,32.2,33.3,32.8,33.9,33.5,32.4,32.0,33.8,33.5,33.1,32.8,33.0,33.7,33.6,32.5,32.8,33.2,33.1,33.0,33.6,34.4,33.1,32.3,33.8,34.4,32.5,33.2,33.1,32.7,32.7,33.1,32.8,33.2,33.5,32.4,31.9,33.6,32.7,32.9,33.1,33.8,32.9,32.6,32.4,33.8,32.2,33.2,33.0,33.1,32.6,32.4,32.8,33.7,32.3,34.1,33.0,33.9,33.2,33.8,33.9,33.2,33.2,33.2,32.7,33.9,33.8,33.1,33.1,32.9,32.8,32.0,32.3,33.2,33.1,32.7,32.8,33.4,32.7,33.0,34.0,33.2,32.5,33.1,32.9,34.0,32.8,33.3,34.0,33.3,33.6,32.2,31.7,33.7,33.6,32.8,32.9,32.7,33.8,32.7,32.7,33.8,32.3,32.7,32.8,33.4,33.1,33.1,33.2,33.8,33.5,33.1,32.4,33.7,33.0,32.2,32.5,34.0,32.3,32.3,33.1,33.7,34.2,33.2,33.9,33.2,33.3,33.0,33.5,33.2,32.7,33.9,33.3,33.2,33.3,33.1,33.8,32.8,31.5,33.1,33.1,33.1,33.3,32.3,33.2,33.6,32.3,32.3,33.6,33.9,31.8,34.2,33.4,33.0,32.3,33.6,34.4,34.0,32.4,32.2,33.4,32.9,33.1,33.3,33.5,34.2,33.3,33.4,33.1,33.6,33.5,34.0,32.8,33.2,32.8,33.5,32.0,33.1,33.2,32.2,33.6,33.5,32.8,33.4,34.5,33.8,32.5,32.9,33.6,34.7,32.3,32.1,32.6,33.9,33.0,33.9,34.2,34.8,35.4,34.1,33.2,33.5,32.7,32.7,32.5,33.4,33.7,33.3,32.8,33.1,33.6,32.3,32.4,32.7,32.9,33.5,33.5,33.4,32.9,33.8,34.0,34.4,33.0,32.8,33.5,33.7,33.1,33.2,33.2,34.2,35.1,34.7,34.0,33.6,32.5,32.7,33.1,33.5,33.1,33.5,32.8,33.4,32.2,33.8,33.1,33.4,32.9,32.8,33.7,33.2,33.5,33.0,33.7,32.6,33.8,32.6,34.1,33.6,34.0,32.3,33.6,34.0,35.4,34.8,34.3,33.5,32.7,33.4,33.3,32.9,33.4,33.4,33.5,32.9,32.6,32.8,33.6,33.1,33.3,31.9,33.4,33.1,32.9,34.2,33.1,34.8,33.0,33.3,33.1,33.5,32.9,32.6,34.5,35.4,35.8,34.6,34.4,34.3,33.8,33.2,33.9,33.7,33.5,33.0,33.4,32.5,32.4,33.3,33.1,33.5,33.0,32.6,33.0,33.9,33.7,33.5,33.4,33.2,33.7,33.5,33.4,33.1,33.5,33.8,35.0,33.9,35.0,35.6,34.6,35.2,33.9,32.9,33.8,33.6,33.6,33.4,33.0,32.9,31.9,32.8,33.6,33.0,33.4,33.4,33.6,33.3,33.6,33.8,32.9,34.3,32.9,33.3,34.0,33.0,32.9,32.9,34.7,35.4,34.4,34.0,33.8,34.5,33.5,33.8,33.0,33.4,32.7,34.3,33.3,33.0,32.9,33.7,33.2,33.2,33.5,33.0,33.2,33.5,34.3,33.7,33.8,33.8,33.5,33.2,33.9,34.1,33.5,33.3,34.8,34.5,32.6,34.2,34.7,34.1,33.9,33.6,33.1,33.6,32.3,33.1,33.5,32.9,33.1,33.2,33.6,33.5,32.7,33.2,34.2,33.8,32.6,33.4,34.1,35.0,32.8,32.9,34.0,34.4,33.6,33.4,34.3,34.3,33.7,34.0,33.8,34.0,33.7,33.7,33.5,34.3,33.1,33.5,33.6,34.0,32.6,32.4,33.7,33.2,33.9,34.1,34.3,33.9,34.7,32.8,34.0,33.1,32.8,33.7,34.2,34.2,33.0,33.5,34.8,34.7,34.4,33.6,34.2,33.8,34.2,34.4,33.7,33.6,34.0,32.3,33.7,33.6,33.0,32.8,33.4,33.7,32.8,32.9,34.2,34.5,32.4,33.4,34.3,33.2,32.6,33.6,32.6,34.2,32.9,33.1,33.5,34.6,34.9,33.7,33.8,34.5,34.6,34.6,33.7,34.3,33.1,33.5,34.1,33.3,33.5,33.8,33.5,34.3,34.3,33.5,34.6,33.3,34.1,33.1,33.8,33.3,33.3,33.6,33.6,34.0,34.0,33.7,34.4,34.0,33.8,nan,34.0,33.9,34.4,34.3,33.9,34.3,33.7,34.1,34.0,33.2,33.0,33.5,33.1,33.3,32.9,33.8,34.8,35.0,33.7,33.0,33.5,33.9,33.3,34.4,33.0,33.7,32.9,33.7,34.6,34.5,33.3,33.8,33.5,34.2,34.5,34.5,33.3,34.2,32.8,33.5,33.8,33.2,33.2,32.9,33.3,32.5,33.8,33.9,34.6,34.5,33.7,32.8,33.2,33.5,33.8,33.2,33.6,33.7,33.2,33.0,34.6,35.1,34.0,33.8,34.2,34.4,34.9,34.1,33.8,33.2,32.8,33.4,33.0,33.7,32.8,34.0,33.2,33.3,33.9,34.3,34.7,34.2,33.8,33.4,34.2,34.5,32.3,33.6,32.0,33.3,33.4,34.4,33.4,34.8,33.5,34.2,34.5,35.5,33.5,33.0,34.3,34.3,33.8,33.5,33.8,33.9,33.8,33.8,33.7,33.8,33.9,33.0,34.8,35.1,33.9,33.2,33.3,33.9,33.3,34.0,33.5,34.1,32.6,33.2,33.9,33.7,33.2,33.8,35.0,33.8,34.4,33.6,34.1,33.8,33.9,32.7,33.7,33.9,32.6,32.6,33.4,33.5,33.3,33.3,35.1,34.6,33.0,33.1,34.3,34.7,33.6,32.7,33.3,33.9,33.6,33.0,34.1,34.3,33.6,33.6,33.4,33.1,33.9,33.8,33.9,34.3,34.0,33.5,33.2,34.3,33.2,33.0,34.2,34.1,33.8,34.6,34.0,35.4,33.6,33.9,34.0,34.2,33.1,34.0,33.1,33.4,34.0,32.8,33.8,34.0,33.6,33.3,34.5,33.4,34.5,33.8,34.0,33.8,33.6,32.9,33.5,33.6,32.6,33.5,33.6,33.7,33.8,34.0,34.8,35.6
1785307047.284225,2240,34.4,34.3,33.2,34.7,34.0,32.7,33.0,33.8,33.2,33.4,34.0,34.1,33.0,33.7,32.7,33.7,33.0,32.5,33.3,33.2,34.3,33.6,33.4,33.5,32.8,33.3,33.3,32.7,33.5,34.0,33.1,34.2,33.2,32.3,32.8,33.6,34.4,32.4,33.5,32.6,33.7,33.5,32.6,32.8,33.1,32.2,33.6,32.9,32.4,32.7,32.3,33.5,33.4,33.8,33.4,32.8,33.5,32.4,32.8,33.1,34.7,33.4,33.3,33.6,35.0,34.2,33.3,33.2,33.9,32.9,32.3,33.0,33.6,33.9,33.3,32.7,32.9,32.6,32.4,33.5,32.7,33.8,32.9,34.2,32.9,32.5,33.2,32.6,32.8,33.4,32.8,33.1,33.1,33.1,33.2,32.7,33.2,33.0,33.4,33.9,33.4,32.4,32.9,32.9,33.0,31.9,34.2,33.3,33.0,33.3,33.0,33.0,33.1,33.7,33.4,32.7,33.0,32.1,32.9,32.4,32.9,33.5,33.1,33.3,33.1,32.9,32.6,34.4,33.4,34.0,33.6,33.9,33.8,33.6,33.3,33.3,33.4,33.2,33.0,33.0,33.7,33.9,33.1,32.5,33.9,32.9,32.6,33.6,34.2,33.2,34.0,33.2,33.8,33.0,33.1,32.7,33.7,32.9,33.1,34.1,34.4,32.8,34.6,32.7,32.9,33.1,33.0,33.2,33.0,32.5,33.0,33.2,33.1,33.3,33.1,33.5,32.5,33.3,33.6,34.1,33.3,33.4,33.9,33.9,33.2,33.7,32.4,34.3,32.6,33.2,33.4,33.6,35.2,33.6,33.5,33.8,33.9,33.5,33.8,32.5,34.0,34.2,33.3,34.2,35.0,34.4,32.6,32.6,34.1,33.7,33.6,32.9,33.6,33.5,32.0,33.9,33.5,33.6,33.6,33.1,33.4,33.2,32.8,32.5,33.8,33.8,33.0,33.3,33.8,33.0,33.9,33.7,33.6,32.5,33.4,33.8,35.3,34.9,33.2,33.0,33.2,33.0,33.5,33.2,33.2,33.1,32.3,32.6,32.9,33.6,32.9,32.8,33.5,33.3,34.3,34.3,33.9,33.8,31.7,33.8,33.5,34.3,33.3,33.5,34.5,33.9,34.2,34.7,36.3,35.7,33.8,32.7,33.3,33.4,33.4,33.0,33.1,33.3,33.8,32.8,33.7,33.8,33.8,33.4,33.2,33.5,33.7,33.2,33.5,34.0,34.5,33.6,33.3,32.7,33.0,33.2,33.3,33.4,33.1,33.6,36.2,35.2,33.0,33.4,33.5,33.8,34.5,33.5,33.2,33.4,33.1,33.7,33.0,33.3,33.6,33.8,33.3,34.3,33.2,33.5,34.8,34.0,33.9,33.0,32.6,33.3,32.7,33.4,33.4,33.9,35.2,35.3,35.5,35.9,34.9,34.8,33.8,34.0,33.3,33.5,34.3,33.0,32.7,32.8,33.2,33.0,33.5,33.8,33.7,32.5,34.9,33.7,34.5,33.0,33.8,33.6,34.2,34.0,33.4,33.9,33.2,34.1,34.8,35.0,35.0,34.8,34.6,35.0,34.5,34.3,32.6,33.7,33.9,33.7,32.8,33.3,32.8,32.1,33.3,33.3,33.6,32.3,32.8,33.9,34.9,33.6,33.7,34.1,32.9,34.0,32.8,32.5,33.9,33.0,34.6,34.7,34.6,34.8,34.9,34.0,34.6,34.0,33.6,34.2,33.5,33.2,33.3,33.6,32.9,33.3,34.0,33.4,33.5,33.2,33.3,34.3,33.9,32.0,33.4,32.6,33.9,33.9,33.4,33.8,33.0,34.1,34.8,35.1,33.8,34.2,33.9,34.2,33.7,34.2,33.9,33.6,32.8,32.9,32.4,34.1,34.2,32.8,33.6,33.8,33.7,33.9,33.2,32.8,33.9,34.9,33.3,32.8,33.0,33.8,33.1,34.7,33.6,33.9,34.6,35.0,34.8,34.6,34.3,33.0,34.9,34.9,34.1,34.2,33.3,33.0,33.6,32.8,33.1,33.5,33.5,33.9,33.3,33.6,33.9,34.7,33.4,32.3,33.7,34.0,33.3,34.1,34.2,33.8,33.5,33.3,34.8,33.4,34.7,33.9,33.4,33.8,34.9,35.2,33.8,34.3,33.4,33.6,33.5,33.1,32.7,33.5,33.4,33.8,33.0,32.5,32.8,34.8,33.9,34.4,32.9,34.3,33.8,33.4,32.8,33.4,33.7,34.3,34.3,34.3,34.4,33.8,33.6,34.2,34.7,34.6,33.3,33.7,33.3,33.7,32.8,32.9,33.9,34.3,33.5,33.5,33.1,34.3,34.3,33.7,34.5,33.5,33.6,33.5,34.9,32.7,32.6,32.9,33.4,33.7,33.9,34.9,34.6,nan,34.4,33.7,33.9,34.4,34.5,33.3,33.4,33.4,33.5,34.4,32.9,33.5,32.9,33.1,34.0,33.4,33.6,34.2,33.9,33.2,32.5,33.8,33.8,33.4,33.3,33.5,33.9,33.4,34.9,35.0,34.0,34.5,33.8,34.5,34.3,35.4,34.3,33.3,33.6,33.5,34.1,33.9,33.7,35.0,33.5,33.8,34.6,33.3,33.8,34.3,33.0,33.0,34.1,33.9,34.0,33.0,33.8,33.3,33.7,33.2,35.4,34.0,35.1,34.1,34.4,34.5,34.8,34.6,34.6,33.0,32.6,33.4,33.4,34.1,33.5,33.6,33.2,33.6,33.6,33.0,33.5,34.0,33.5,34.2,33.7,34.1,33.7,33.4,33.3,34.4,33.9,34.6,33.6,34.5,34.3,34.8,34.4,34.5,34.5,34.0,33.7,33.8,33.9,34.0,34.6,34.1,33.6,33.9,34.0,33.0,33.5,34.0,36.2,35.1,34.6,33.1,35.0,32.0,33.6,34.1,32.8,33.3,33.9,33.9,33.2,34.4,34.1,34.6,33.8,33.4,34.4,33.8,33.4,33.4,33.4,33.7,34.2,34.4,33.7,33.6,34.3,34.0,34.3,33.9,34.5,36.1,33.4,34.4,34.1,34.3,35.2,33.9,33.7,34.0,33.9,33.6,33.4,34.1,34.5,34.1,34.3,34.5,34.1,34.3,33.9,33.3,33.4,32.9,34.1,33.7,34.5,33.0,35.2,33.9,34.2,34.0,35.5,34.7,33.8,32.7,33.8,34.4,33.7,33.8,33.2,33.7,33.8,33.5,33.8,33.2,34.2,33.8,34.0,33.2,34.1,34.8,33.2,33.3,33.4,34.3,33.4,34.5,34.7,34.4,32.8,34.5,34.8,34.4,34.8,36.0
1785307049.26806,2241,35.0,32.7,33.5,33.4,33.8,32.7,33.0,33.5,32.8,33.2,32.3,33.3,33.4,33.7,33.3,33.2,32.6,34.7,33.1,32.6,32.4,33.6,32.1,33.3,33.4,32.9,32.7,32.1,33.2,33.8,32.1,33.7,34.5,33.1,34.3,34.1,34.4,33.0,33.1,33.2,33.9,33.3,32.6,32.4,32.9,32.7,32.5,32.7,33.6,32.8,33.2,32.6,33.4,34.0,33.0,33.6,33.3,33.8,32.1,33.5,33.6,32.7,32.6,33.4,34.0,34.5,33.3,33.6,34.4,32.7,33.4,32.8,33.1,33.0,32.8,32.7,33.8,32.6,33.1,32.6,33.1,33.0,32.5,32.4,32.8,33.2,33.4,32.9,33.5,33.0,32.8,33.1,34.0,32.0,32.5,33.7,34.9,33.3,33.7,34.8,32.5,32.6,32.7,32.5,33.6,32.5,32.7,32.2,33.3,33.0,32.1,32.2,34.1,32.4,33.0,33.1,33.0,33.2,32.7,32.8,33.4,33.7,33.7,33.6,33.3,33.3,33.3,33.1,34.6,33.3,34.8,33.9,34.2,32.4,33.1,32.4,32.9,33.6,31.6,33.8,34.0,33.9,33.0,33.4,32.9,32.1,32.8,33.1,33.7,32.9,33.3,33.7,33.7,33.1,32.7,32.7,33.1,32.9,33.3,33.7,33.2,33.0,33.3,33.6,34.3,34.1,32.6,32.1,33.9,33.3,32.6,32.3,34.1,32.9,32.7,33.0,33.6,33.3,33.1,33.8,34.8,33.6,33.7,32.7,33.7,33.7,32.8,33.3,33.6,34.6,33.4,33.6,33.7,34.5,33.8,34.4,33.1,33.9,32.9,33.2,32.6,33.3,33.7,34.0,33.9,34.5,33.3,32.8,33.0,33.7,33.6,33.0,33.3,33.0,32.5,32.9,32.6,32.9,33.0,32.4,33.4,34.8,34.3,32.9,33.1,33.3,32.8,33.3,34.2,32.5,33.1,33.2,34.4,33.2,33.9,33.8,36.2,35.4,33.5,33.5,33.7,31.8,32.9,32.7,33.5,33.3,32.6,33.6,33.8,33.5,33.3,33.8,34.0,33.7,32.1,33.4,33.3,34.0,33.6,33.0,33.0,34.1,33.3,33.0,33.4,33.7,33.5,34.4,35.7,35.4,33.3,33.1,32.5,33.7,33.1,32.8,32.8,33.6,33.6,33.6,33.7,33.5,32.7,33.0,33.6,33.3,32.5,32.7,34.3,33.0,33.1,33.8,33.3,33.8,33.6,33.4,33.3,34.1,32.6,33.3,36.3,35.7,33.8,34.0,34.1,33.2,33.2,33.2,33.7,33.2,33.0,32.7,33.3,33.5,33.7,33.3,33.0,32.2,33.2,33.7,34.6,33.6,33.5,33.4,34.1,33.8,32.9,33.4,32.9,34.1,35.3,34.8,35.7,36.3,35.1,35.7,34.0,33.8,33.1,33.7,33.7,34.1,32.4,33.0,33.2,32.4,32.8,32.2,33.9,33.0,34.0,33.7,33.3,33.1,33.8,33.2,34.2,33.9,33.4,33.6,34.0,33.1,34.3,35.1,35.9,34.3,34.0,34.0,34.2,32.8,32.7,33.9,34.0,33.4,33.3,32.7,34.0,33.4,33.1,33.2,33.4,32.9,33.0,33.3,34.1,34.6,32.9,33.9,33.8,33.6,34.0,33.2,33.9,33.3,35.1,34.7,34.9,34.4,34.5,34.6,34.9,33.8,33.3,32.9,34.2,34.0,33.0,32.5,34.1,32.6,33.5,32.7,34.1,33.2,33.2,32.7,33.5,33.3,33.8,32.3,33.7,33.9,34.1,32.9,33.8,33.7,35.0,34.3,34.9,34.4,33.7,33.5,35.4,33.6,33.9,32.3,34.7,33.6,32.4,32.7,33.8,33.5,33.9,34.5,33.0,33.2,33.4,33.6,34.1,33.8,32.7,33.7,33.5,33.1,33.7,33.5,32.9,33.6,34.1,34.0,33.8,34.6,33.2,33.2,34.3,34.3,33.6,33.4,33.6,33.3,34.3,33.3,32.6,33.3,33.0,34.1,33.7,33.4,33.5,34.3,33.8,33.4,34.6,32.7,33.5,33.4,34.2,32.9,34.2,33.0,34.4,34.0,33.9,33.9,33.9,34.4,35.6,34.2,34.3,33.6,33.2,33.6,33.5,33.8,33.3,33.2,33.8,33.0,34.7,34.2,34.2,33.3,33.5,34.9,33.1,34.3,34.6,33.6,33.0,33.4,33.2,33.6,34.0,34.3,34.7,34.3,33.8,34.7,35.4,34.0,33.5,33.7,32.8,33.3,31.9,32.8,34.5,34.1,33.3,34.2,33.7,33.9,34.0,33.7,34.3,33.5,33.4,32.7,33.6,34.1,33.1,33.1,33.9,33.5,33.4,34.5,34.1,nan,33.4,33.1,35.5,33.8,34.5,33.6,33.9,33.9,33.5,33.1,34.1,34.2,33.5,33.5,34.4,32.4,33.4,34.0,32.6,33.8,33.5,33.8,33.5,34.0,32.8,33.9,33.8,34.6,34.1,34.6,34.5,33.5,33.2,33.2,34.5,34.6,34.1,33.5,34.1,34.4,33.2,33.1,33.4,33.2,32.8,34.0,34.0,34.7,33.4,33.9,36.2,34.0,33.5,33.1,33.5,33.6,33.4,33.1,34.8,33.7,35.4,34.5,34.0,33.9,33.4,33.6,34.3,34.8,33.3,33.5,33.6,33.1,33.5,33.9,33.5,33.8,33.6,32.9,34.7,34.0,33.5,33.4,34.7,35.1,33.5,34.7,32.7,33.8,34.3,33.9,32.7,34.3,34.0,34.1,34.0,34.0,33.6,34.2,34.3,34.3,34.3,32.8,33.4,34.2,33.4,33.6,33.6,34.1,34.1,33.6,33.7,34.8,34.6,33.4,33.4,32.9,34.6,33.3,34.2,34.3,33.9,33.2,34.4,34.1,33.6,33.3,34.3,34.4,34.8,34.8,34.6,34.6,33.4,32.8,34.4,33.6,33.9,33.6,34.0,33.7,33.6,34.2,34.7,33.7,34.2,34.1,34.2,34.7,33.5,34.7,33.4,32.9,32.7,33.7,32.7,34.1,33.2,32.7,33.4,34.1,34.1,34.1,33.9,34.0,32.5,34.0,33.6,33.6,33.7,34.3,33.7,34.3,33.8,32.9,34.2,34.6,33.5,33.8,34.0,32.7,34.4,35.7,34.1,33.6,33.3,33.6,34.7,33.9,33.4,33.4,34.2,33.8,33.8,33.8,34.5,34.3,33.6,33.3,33.8,34.0,33.7,33.8,34.1,33.9,32.8,33.9,34.2,34.7,34.5,34.2
1785307051.3145275,2242,32.9,31.9,32.6,33.4,33.9,32.8,34.0,32.9,33.7,32.4,34.1,32.9,32.2,32.1,33.3,33.4,32.4,32.8,33.2,33.2,33.3,32.3,34.5,32.1,32.5,31.8,33.7,33.4,33.1,33.3,34.4,34.2,33.2,33.0,33.3,33.7,32.0,33.6,32.5,33.1,32.5,32.5,33.0,32.1,32.4,33.4,31.7,32.9,31.5,33.4,32.8,33.1,32.1,33.0,32.2,32.2,31.6,32.7,33.4,33.0,32.9,32.6,34.1,34.0,33.1,33.7,33.7,33.6,34.5,32.1,32.9,33.2,32.6,32.6,33.3,32.7,32.6,32.2,33.5,32.6,32.9,32.4,34.1,32.1,32.5,32.3,33.3,33.3,33.6,32.6,33.7,33.5,32.8,32.2,33.8,33.7,32.4,32.2,33.2,32.9,31.1,33.3,32.7,33.8,32.1,33.2,33.1,33.2,31.8,33.0,32.1,32.6,32.9,33.7,32.5,32.3,31.8,33.0,33.3,33.5,32.0,33.2,32.9,33.3,32.4,33.2,33.1,33.6,33.5,32.2,33.8,33.7,32.9,32.8,34.1,32.0,32.8,33.1,32.3,33.0,33.4,31.7,33.3,33.1,33.5,31.8,32.8,32.9,33.3,32.6,33.6,33.4,33.6,31.7,34.2,32.9,33.2,32.3,32.8,34.1,31.8,33.1,32.7,33.5,33.1,31.7,32.6,32.8,32.0,32.8,33.4,33.5,33.4,32.9,32.9,33.3,33.3,33.9,32.8,33.2,32.6,32.5,33.5,32.8,32.7,33.6,33.2,34.0,31.8,33.1,32.8,34.2,32.9,33.6,34.5,33.6,33.6,32.6,33.0,32.9,33.0,32.8,33.8,34.0,33.9,33.2,33.5,32.6,33.1,32.4,33.2,33.3,33.2,32.8,32.8,33.4,32.6,32.0,33.7,32.8,33.5,31.9,33.8,33.6,32.5,31.9,33.0,33.0,32.1,33.0,33.7,33.1,32.9,32.6,33.4,34.2,35.7,35.0,34.0,34.3,32.9,33.0,33.0,33.0,33.2,33.6,32.8,33.2,32.9,33.3,33.3,33.4,32.9,32.8,33.5,34.2,33.9,32.9,32.9,33.4,33.8,33.5,32.7,33.3,33.2,32.2,33.3,33.7,35.8,34.8,33.7,32.3,33.1,32.6,32.9,32.3,33.6,32.0,33.7,32.4,33.5,32.4,34.1,33.4,33.0,31.8,32.4,33.6,31.8,34.2,33.3,33.9,32.2,33.6,33.0,33.3,33.3,33.1,32.6,34.6,35.3,35.5,33.5,33.5,32.7,32.9,32.9,34.3,33.1,32.9,32.8,33.0,32.0,33.3,33.9,33.4,32.8,32.9,32.0,33.8,32.8,32.6,33.2,33.6,33.1,32.9,32.9,33.4,34.0,32.8,34.0,34.8,35.6,35.4,34.8,35.7,33.9,34.0,33.4,33.2,33.0,32.5,33.7,33.1,33.0,32.8,33.3,33.1,32.9,32.8,33.3,33.3,31.8,33.2,32.6,33.5,33.0,32.9,32.9,33.4,32.4,32.9,35.1,34.9,34.2,35.4,35.3,34.8,33.0,33.8,33.2,33.7,32.8,33.0,32.8,33.5,32.5,32.3,32.7,33.6,33.0,32.1,33.2,32.9,34.0,33.8,33.0,32.7,33.4,33.1,34.3,33.0,32.9,32.8,34.5,34.1,34.1,33.2,34.7,34.3,34.6,33.2,33.7,33.4,33.3,33.2,33.6,32.0,33.0,32.0,33.8,34.1,34.5,32.8,33.9,33.5,32.7,32.6,33.4,34.3,32.1,33.6,33.6,33.9,32.3,33.3,34.5,35.1,33.8,34.2,34.2,33.9,34.0,33.4,33.4,33.7,32.4,33.1,32.7,34.4,32.5,32.5,33.6,33.4,32.5,33.0,33.0,34.3,33.4,32.8,34.0,33.1,33.8,32.8,33.4,33.3,33.9,32.9,34.4,33.2,34.6,33.2,34.6,33.7,34.4,34.0,34.4,33.4,33.9,32.5,34.2,33.5,34.1,32.3,34.0,33.2,34.2,31.7,34.5,32.9,33.4,33.3,33.5,34.0,32.2,33.1,34.0,33.4,32.9,33.1,34.0,33.8,33.8,33.1,33.9,34.1,34.4,34.7,33.5,33.6,31.8,33.4,33.0,33.5,32.5,33.1,32.2,32.4,32.7,33.2,33.8,34.0,33.1,32.8,33.5,32.8,33.4,32.3,33.8,33.2,33.0,32.4,34.4,34.6,35.5,34.3,33.9,34.5,34.1,33.8,33.9,33.5,33.4,33.0,32.7,33.1,33.2,33.6,34.2,33.5,33.6,32.4,34.1,33.1,32.6,33.2,33.4,33.2,32.7,33.5,32.9,33.4,32.5,34.0,35.5,33.8,34.3,nan,33.2,33.5,33.8,34.1,32.9,33.9,32.4,33.7,32.7,33.3,32.9,33.1,33.6,32.9,33.1,33.9,33.2,34.3,33.8,33.6,34.1,34.2,33.8,33.4,33.6,33.9,33.2,33.2,34.7,34.3,33.5,33.0,34.4,33.5,33.8,34.6,33.6,34.0,33.6,32.5,32.8,34.1,32.8,32.5,33.5,33.6,34.5,33.3,34.1,34.5,33.0,33.1,33.1,33.7,33.7,34.1,33.8,34.0,33.9,33.5,34.8,35.7,33.2,34.1,34.2,34.8,33.3,34.4,33.9,34.4,32.9,33.7,33.9,33.7,33.4,33.1,34.7,34.3,33.0,33.3,33.9,33.3,33.7,33.6,34.3,33.1,33.2,32.6,33.6,34.1,33.7,33.4,33.9,34.1,33.9,33.8,34.1,34.3,33.3,34.1,34.6,33.0,33.9,32.5,33.9,33.6,33.9,32.7,34.6,33.8,34.4,33.7,33.8,34.9,32.8,33.5,33.3,34.0,32.3,32.6,33.9,33.5,32.8,34.9,32.9,34.7,34.5,34.4,33.4,34.9,33.1,34.1,34.3,32.9,32.4,33.0,34.9,34.2,33.1,33.8,32.8,34.3,32.7,33.8,34.3,34.7,33.6,33.3,33.4,34.8,33.7,32.2,33.6,34.1,32.8,32.3,34.2,33.4,34.4,33.8,33.7,34.0,33.9,32.8,34.0,34.0,33.4,33.8,34.4,33.4,32.9,34.1,33.5,33.7,33.1,34.8,34.8,34.5,32.2,33.3,34.2,34.8,32.3,34.0,33.7,34.2,32.3,33.9,34.4,33.9,33.8,33.1,33.5,33.9,34.0,33.9,32.9,33.8,33.2,33.0,33.7,33.5,34.3,33.3,33.2,34.6,34.6,34.8,33.9,35.0
1785307053.4641802,2243,32.6,34.9,33.3,33.5,32.8,33.7,32.9,33.4,33.7,33.1,32.8,32.8,34.0,33.1,33.2,33.3,33.4,32.6,32.7,33.3,34.0,32.9,34.3,32.8,32.5,33.4,33.6,33.0,33.8,32.9,33.4,32.8,34.1,34.2,32.7,33.7,33.6,32.5,32.8,33.1,32.4,32.8,33.0,33.1,32.5,32.7,32.6,33.9,32.7,32.7,32.4,32.7,33.9,32.8,32.7,32.9,33.4,32.7,33.1,33.0,33.7,32.1,34.4,34.4,34.1,33.6,33.4,33.9,33.0,33.0,32.7,32.5,32.8,32.9,32.2,33.1,33.0,33.9,33.2,32.7,32.0,33.2,32.8,32.7,33.4,33.6,34.4,32.8,32.9,33.1,33.3,33.0,32.6,33.6,33.1,33.3,32.8,34.3,33.5,33.8,32.2,32.9,33.0,33.4,32.9,33.3,32.4,32.5,33.4,32.9,32.5,32.8,34.2,32.8,32.4,33.0,33.5,33.1,32.5,33.3,33.7,32.5,33.2,33.3,33.6,33.2,32.7,34.5,32.8,33.4,32.4,33.8,33.1,34.1,33.4,33.8,33.0,33.5,32.2,33.4,33.1,34.0,33.1,33.3,33.0,33.5,33.1,34.4,33.1,32.5,33.4,33.8,33.4,32.9,32.8,32.6,33.0,33.4,33.4,33.6,33.6,32.6,33.8,32.9,33.0,31.3,33.1,32.0,33.3,32.4,33.6,33.3,32.9,32.9,33.0,34.1,33.1,32.6,34.0,32.9,33.2,32.8,33.4,33.7,33.1,33.4,33.1,33.8,33.3,32.9,33.5,33.7,32.2,34.6,33.4,33.3,33.4,33.4,33.9,33.0,32.8,33.4,33.1,33.0,33.5,34.1,34.5,33.4,33.4,33.3,32.8,33.6,33.5,33.4,32.8,33.2,33.1,32.8,33.1,32.3,33.9,32.1,34.1,33.7,33.4,33.4,32.9,34.0,33.5,33.5,33.0,33.3,32.4,32.4,33.1,33.1,34.4,34.2,35.0,34.7,32.8,32.7,32.3,33.0,33.3,32.6,33.2,32.4,33.5,32.9,33.2,32.8,33.0,32.8,33.6,33.1,33.8,33.6,33.3,33.3,32.7,32.7,32.3,33.9,33.0,33.6,32.5,33.5,33.6,35.6,35.9,34.7,33.1,33.8,33.5,33.4,32.7,33.4,33.9,32.5,32.5,33.7,34.1,32.9,33.4,33.2,32.8,32.8,34.8,33.3,32.4,34.4,32.8,32.5,33.3,32.6,33.4,33.5,32.4,32.4,33.3,34.9,36.2,34.6,33.3,33.0,33.1,34.0,32.5,33.0,33.1,33.1,32.9,32.6,33.7,34.1,33.8,34.2,33.3,33.6,33.8,33.5,33.6,33.1,33.3,33.7,33.0,34.0,33.2,33.8,34.1,34.2,35.3,35.6,35.1,35.2,35.1,34.4,33.2,33.8,34.6,33.6,33.0,32.4,33.0,33.7,32.5,33.0,34.2,33.8,33.8,33.2,34.0,33.1,33.3,32.5,34.1,34.1,33.1,34.4,33.5,33.0,33.9,34.6,34.6,34.7,34.2,35.1,35.2,35.4,33.1,33.7,32.9,33.3,32.6,33.8,33.0,32.8,33.2,33.4,32.6,33.5,33.7,33.6,33.7,33.9,32.4,34.2,34.1,33.5,32.7,33.6,33.7,33.5,34.3,35.3,34.2,34.5,34.4,34.3,34.7,35.0,33.7,33.2,34.1,33.6,32.6,33.4,32.7,33.1,33.4,33.5,34.5,32.5,33.8,33.4,32.1,32.8,33.9,33.3,34.4,33.4,33.5,33.4,33.4,33.1,34.4,35.1,33.7,34.5,34.3,34.2,34.4,33.7,33.8,33.7,33.3,33.8,33.6,32.8,32.2,32.8,33.1,33.2,33.1,33.1,34.1,34.3,35.0,33.9,33.2,33.2,33.3,33.2,33.8,34.8,33.2,33.7,34.2,34.9,34.1,33.8,33.7,33.9,33.8,34.7,34.9,33.9,34.2,33.3,33.6,33.1,32.9,33.7,33.8,32.2,34.3,33.7,33.8,34.2,32.6,32.9,33.0,33.2,32.9,33.8,33.6,34.1,33.4,33.1,33.1,33.6,34.3,33.2,34.1,34.2,33.2,33.2,33.9,34.7,33.0,33.9,33.3,33.3,32.9,33.4,32.8,33.2,33.1,33.5,33.5,34.5,33.1,32.4,34.4,33.5,34.1,33.3,33.1,33.4,33.8,33.3,33.9,34.4,33.9,33.3,34.7,33.9,34.1,33.6,35.0,33.9,34.0,33.4,33.0,33.4,33.9,33.0,33.2,33.2,34.7,34.6,33.8,33.4,33.5,33.6,33.5,33.4,33.5,33.7,34.1,33.5,33.1,33.5,33.6,34.1,33.7,nan,33.8,34.0,34.3,33.9,34.3,35.0,33.2,33.7,32.6,33.8,33.6,33.4,33.4,33.6,33.0,34.2,33.7,34.5,33.6,34.3,33.4,34.0,33.8,33.7,32.5,34.0,34.2,33.3,33.3,34.9,33.6,34.1,34.4,33.9,33.6,33.1,34.7,34.1,33.9,33.1,33.8,33.5,32.8,34.6,32.7,32.6,33.4,34.0,34.3,34.0,33.6,32.4,34.4,33.2,33.2,33.3,34.2,33.4,34.5,33.1,33.3,34.6,33.7,34.0,33.2,34.5,33.9,34.2,33.5,33.6,34.2,33.5,33.1,33.5,33.4,33.7,33.5,32.8,33.9,34.2,33.2,34.1,33.0,33.2,33.2,34.4,33.0,33.5,33.2,33.6,32.8,34.0,33.7,34.6,34.6,35.1,36.2,34.2,34.8,34.2,34.2,33.9,34.0,34.6,34.6,33.7,33.7,33.3,33.4,33.7,34.3,33.5,33.4,34.6,33.3,33.7,33.8,34.2,33.0,34.2,32.9,33.4,32.9,34.3,33.2,33.9,34.0,33.3,34.5,34.4,33.5,34.2,34.3,34.1,33.8,33.5,33.6,34.0,33.9,33.7,33.7,33.7,33.2,33.6,33.5,34.7,33.3,33.4,34.0,33.5,33.9,32.6,33.4,33.8,33.3,33.7,33.8,33.5,34.0,34.5,34.7,34.6,34.0,34.6,34.5,34.1,33.9,33.5,33.8,32.9,33.1,33.8,33.3,34.0,33.9,34.1,34.9,34.8,33.2,34.2,34.1,34.9,34.0,33.9,32.3,33.1,34.3,33.6,33.0,33.0,33.2,34.4,34.3,34.4,33.5,33.7,33.5,34.1,33.3,33.3,32.9,33.1,34.0,33.6,32.9,34.8,34.1,34.3,33.3,35.2
1785307055.8869853,2244,32.0,32.7,32.7,32.7,32.9,33.2,32.6,32.9,31.7,31.8,32.5,33.3,30.7,32.8,33.0,33.0,32.4,32.6,32.4,33.2,33.0,31.7,31.7,31.9,33.4,33.3,33.8,33.8,32.8,32.4,33.3,31.1,35.3,32.3,33.3,33.3,33.7,31.5,32.5,33.0,32.5,32.2,32.4,32.8,32.0,32.9,31.9,33.1,32.5,32.6,32.3,33.5,33.2,31.2,32.8,32.4,32.9,33.2,33.0,32.6,33.1,33.0,31.6,32.1,33.0,34.2,31.2,32.9,31.2,33.1,32.2,33.6,33.3,33.1,32.1,32.9,32.2,32.5,32.9,32.6,32.4,32.9,33.1,32.8,32.4,33.0,32.1,33.3,32.8,34.0,32.4,32.9,32.7,33.0,32.3,33.4,34.4,32.8,32.3,32.1,32.7,32.6,32.7,33.1,33.2,32.9,33.2,32.9,32.1,33.2,32.6,33.0,32.5,32.9,32.7,32.5,32.9,31.8,33.1,33.0,32.1,32.0,33.5,33.4,33.2,33.3,32.6,33.7,32.7,31.7,32.8,32.8,33.0,32.4,32.9,32.5,32.3,32.5,32.5,32.8,31.8,32.7,33.5,33.2,32.5,32.2,32.3,33.4,33.0,32.2,33.1,32.8,32.8,32.8,33.5,32.7,33.1,33.3,32.6,34.1,33.7,32.5,33.1,32.8,32.5,32.4,33.1,32.7,32.3,32.3,33.9,32.7,33.2,32.3,33.7,32.8,33.1,32.5,33.7,33.0,33.8,32.6,33.1,32.5,33.0,32.6,33.2,32.2,32.8,32.6,33.6,32.9,32.3,33.0,33.1,33.8,33.3,33.9,32.7,32.9,32.1,32.8,32.3,32.5,31.8,32.6,34.1,35.2,34.1,33.2,32.1,33.0,33.3,33.3,33.2,33.4,32.6,32.3,33.0,32.7,32.6,32.8,32.8,34.2,33.3,32.4,33.6,33.5,33.2,32.9,32.8,31.7,33.5,32.0,32.9,32.6,32.7,33.2,34.6,35.3,34.1,32.7,32.8,33.1,33.7,32.7,31.9,32.9,32.7,32.3,33.5,33.4,33.4,31.3,32.5,33.6,32.7,33.3,32.6,33.4,32.2,32.6,32.2,33.1,32.4,33.8,33.5,33.4,32.8,33.0,34.7,35.0,33.6,33.0,32.6,32.6,32.2,32.8,33.4,33.3,32.2,33.1,32.9,33.4,33.6,32.9,32.7,33.8,33.0,32.2,33.1,34.0,33.1,32.4,33.0,32.3,32.7,32.9,32.8,32.8,32.7,32.7,34.4,35.8,34.0,32.9,33.5,32.4,32.7,32.4,33.1,32.5,32.8,32.1,32.3,32.8,33.5,32.6,32.7,33.7,33.8,33.4,32.9,33.2,32.6,33.6,32.0,33.9,32.9,33.2,32.7,32.5,33.0,34.6,34.9,35.7,34.3,34.9,34.1,33.5,31.4,33.0,33.2,33.5,32.5,32.4,32.6,32.9,33.7,33.7,32.6,34.1,33.9,32.4,32.8,33.0,32.7,32.6,33.4,32.7,33.0,32.8,33.8,33.1,34.7,34.0,34.9,34.4,33.9,34.2,33.8,34.2,33.2,33.4,33.3,32.9,32.4,32.2,33.2,33.3,32.8,33.4,33.8,33.1,32.6,33.4,33.1,33.5,33.5,32.9,32.6,32.5,32.4,32.9,32.9,32.6,34.4,34.7,34.1,34.0,33.5,32.2,33.9,34.6,33.2,32.7,33.6,32.6,33.2,32.8,33.0,33.6,33.5,32.2,33.2,33.9,33.5,33.1,33.6,33.0,32.6,33.0,33.4,31.4,33.3,32.3,32.8,33.2,34.1,33.5,34.0,34.7,34.2,33.6,34.0,34.1,32.6,32.8,33.4,33.7,33.5,32.9,33.4,33.1,32.8,32.9,32.4,33.0,33.9,32.8,32.1,33.3,32.3,33.5,32.8,33.1,32.6,33.4,32.3,33.3,34.1,34.3,34.1,34.6,33.7,33.2,34.0,34.8,33.6,33.3,32.8,33.1,32.6,32.9,33.7,33.0,33.3,33.2,33.1,33.3,33.0,33.2,34.0,32.9,33.5,32.8,33.6,33.5,33.7,32.2,33.4,32.2,34.4,33.4,34.3,33.8,33.9,33.9,34.0,34.3,33.7,32.6,32.4,32.4,33.7,32.5,33.9,33.5,32.5,32.9,34.0,33.5,33.0,34.2,33.5,33.5,32.7,32.7,32.4,33.7,32.9,33.2,32.6,33.8,34.1,34.1,33.5,34.3,33.5,33.5,33.5,34.0,32.6,33.7,32.8,32.8,32.8,33.4,32.4,33.6,33.9,32.9,33.6,34.3,33.2,32.9,33.8,31.9,33.1,33.6,33.1,32.5,33.2,32.3,32.0,33.2,34.4,nan,34.3,34.7,35.2,33.8,33.5,34.4,32.9,33.4,33.0,33.1,33.9,32.6,34.7,31.9,33.8,33.0,32.6,34.4,32.8,33.8,32.1,32.7,33.5,33.1,33.1,33.1,33.2,34.2,33.1,33.8,33.7,33.8,33.8,34.3,33.8,33.0,34.5,34.5,33.1,32.8,33.2,33.6,32.3,33.0,33.0,33.6,33.3,32.7,33.8,33.5,33.4,33.0,33.6,32.9,33.1,33.0,33.4,33.5,33.4,32.0,33.0,34.5,34.3,34.6,34.1,34.9,34.3,33.8,34.1,33.0,33.4,33.1,33.0,33.0,32.8,31.8,32.9,32.9,33.9,32.8,32.9,34.0,34.2,34.4,33.1,33.7,34.4,33.2,33.5,32.4,33.1,33.2,33.8,33.4,33.1,33.7,33.4,34.3,33.5,34.0,34.6,34.5,33.1,33.5,33.9,33.6,32.5,33.6,33.5,33.5,33.7,32.4,34.4,34.5,33.4,33.2,32.7,34.3,32.9,32.2,34.8,33.7,33.1,33.5,34.1,33.3,32.9,32.7,34.1,34.3,34.1,34.1,34.7,34.0,34.1,33.2,34.0,33.4,32.7,33.8,33.2,33.8,33.7,33.3,33.6,35.0,32.1,33.3,32.8,34.1,31.5,33.1,33.1,33.6,32.1,33.4,33.2,33.0,32.9,33.4,33.9,33.8,32.7,33.4,33.4,33.8,32.9,32.7,33.7,33.9,33.2,33.3,34.2,34.1,34.2,34.6,33.7,35.1,33.8,32.7,33.8,34.0,33.4,32.4,33.5,33.9,34.2,33.2,33.4,33.3,32.9,32.9,35.0,32.9,34.5,33.1,33.8,34.0,33.2,32.9,33.3,33.6,33.9,33.3,34.0,33.1,34.0,34.9,34.1,34.0
1785307057.7768667,2245,33.4,32.7,34.7,33.9,33.4,31.4,33.9,33.3,32.3,32.8,32.1,33.5,31.5,32.4,33.3,33.5,32.3,32.1,32.6,32.8,33.0,32.1,33.0,33.1,32.2,32.7,32.7,34.5,32.8,32.4,32.8,33.7,32.9,31.2,33.3,32.4,33.3,33.0,32.7,33.0,32.9,32.4,32.8,33.3,32.7,32.4,33.0,33.1,32.0,32.0,32.5,33.9,32.7,32.2,32.4,32.4,32.3,32.8,32.5,32.4,31.8,33.2,32.6,32.9,32.7,32.7,32.9,32.9,33.5,33.3,33.0,33.0,33.3,32.0,32.1,33.4,32.5,32.0,33.1,32.9,31.5,32.4,32.7,33.0,33.5,33.0,32.7,32.0,33.1,32.4,33.0,33.5,33.6,33.1,32.7,34.6,32.9,34.5,32.3,33.0,32.5,32.4,33.3,32.5,32.4,32.7,32.5,33.1,32.8,32.3,31.7,32.7,33.9,32.7,33.0,33.9,32.7,32.3,33.3,31.9,32.3,32.9,32.7,33.2,33.0,31.4,32.4,33.7,32.4,32.4,33.9,33.3,33.8,33.0,32.5,33.9,32.9,32.0,33.4,33.7,32.7,33.4,32.6,33.4,32.5,33.6,33.2,32.6,32.7,33.4,32.6,32.8,32.1,32.9,33.1,33.1,34.1,32.3,32.6,33.0,32.5,31.9,33.3,34.5,33.7,32.6,33.3,32.7,32.7,32.6,33.2,32.5,32.1,32.1,32.9,33.1,32.3,33.1,33.4,33.0,32.8,32.4,34.0,33.2,32.6,31.9,32.4,33.3,31.8,33.2,33.0,33.6,33.4,32.7,34.2,33.6,32.7,32.4,33.2,32.9,33.3,33.6,33.0,33.2,32.3,33.2,35.4,35.2,33.3,33.0,32.3,33.8,32.8,32.5,32.5,33.6,33.0,33.2,33.8,33.1,32.4,33.2,33.6,33.6,32.9,33.3,33.2,32.9,32.7,31.9,33.1,33.2,32.5,33.0,33.2,33.0,32.4,33.0,36.0,35.8,33.2,33.2,33.3,32.6,33.4,32.0,32.9,32.8,33.1,32.8,32.7,32.5,32.7,32.5,34.1,33.6,33.5,34.4,32.3,34.0,32.8,33.0,33.1,33.0,33.4,32.8,32.5,33.2,33.8,32.5,35.7,35.4,33.6,33.7,33.9,34.1,32.8,33.3,32.4,32.8,32.7,32.8,32.4,33.7,32.9,32.6,33.1,32.7,33.2,32.4,32.7,33.2,33.5,33.3,32.5,33.7,33.5,32.8,33.4,33.0,32.9,32.6,34.4,36.5,33.7,33.2,32.8,33.6,32.6,32.4,33.3,33.5,32.5,32.3,33.4,33.6,32.6,33.0,32.8,33.7,34.0,32.5,33.7,34.6,32.4,32.9,32.0,33.4,33.9,32.4,33.2,33.5,33.6,33.7,34.9,35.4,34.4,33.5,33.6,33.7,32.7,33.5,33.1,33.1,32.5,32.6,32.8,32.9,32.6,33.4,33.0,33.7,33.1,32.6,33.4,33.2,32.6,33.0,32.5,33.2,32.4,33.1,33.3,33.2,34.2,33.4,34.1,34.7,34.4,33.5,34.5,33.9,32.4,32.3,33.1,32.7,32.4,33.3,33.2,33.7,33.2,32.5,32.4,33.7,33.8,33.2,33.1,33.7,32.9,33.1,32.8,33.5,33.1,33.6,33.6,33.1,34.1,34.3,33.7,34.9,33.5,33.7,34.7,33.9,32.7,33.7,33.1,33.3,33.4,32.6,33.7,33.2,33.1,32.1,34.1,33.5,32.9,32.3,32.8,33.2,32.5,33.3,33.4,33.6,32.0,32.5,33.5,32.7,34.7,33.6,33.7,34.7,33.9,33.3,34.8,34.4,32.6,32.8,33.0,33.6,32.3,32.5,33.6,33.1,32.3,32.3,32.8,34.0,32.8,32.8,33.5,32.6,32.4,33.3,33.5,34.2,32.2,33.1,33.6,34.0,34.3,34.0,33.8,35.1,33.5,33.0,34.8,35.3,33.5,32.9,33.5,34.0,32.9,33.5,33.0,33.4,33.3,32.1,33.5,32.9,33.2,33.8,33.8,34.2,32.9,33.2,33.3,33.8,33.3,33.3,32.9,33.7,33.9,33.6,33.9,34.3,34.2,33.0,34.5,34.8,32.6,32.6,32.9,33.4,32.5,33.3,33.1,33.7,32.3,33.4,33.6,32.9,33.2,33.6,33.5,33.8,33.5,32.7,32.6,33.3,33.0,33.2,32.8,34.3,34.6,34.1,34.3,33.8,34.0,33.0,33.6,34.8,33.1,33.5,33.6,33.8,33.1,32.6,33.2,33.4,32.8,33.7,32.7,33.3,32.4,33.1,33.0,33.9,33.6,32.5,33.1,32.5,32.8,33.2,32.7,33.2,33.9,nan,34.2,33.3,33.3,32.8,33.7,33.9,32.9,33.1,32.8,32.7,33.2,32.4,33.6,33.5,33.3,33.0,33.6,34.2,33.5,33.2,32.7,32.9,32.5,33.1,32.9,34.2,33.0,32.4,33.6,34.1,33.8,33.8,34.0,34.6,33.5,34.5,33.5,35.3,34.6,33.5,33.9,34.1,33.2,33.0,33.3,34.3,33.8,33.1,34.2,34.3,34.5,33.2,33.0,33.3,31.9,32.3,32.3,33.7,32.8,32.7,33.4,33.5,33.6,34.1,34.1,34.1,33.4,33.9,34.3,34.0,33.3,33.1,33.5,33.4,33.0,32.7,33.4,33.7,33.0,33.0,33.7,33.6,33.8,33.8,32.5,33.5,32.9,33.4,32.4,33.3,32.4,32.9,33.3,34.1,33.3,33.3,33.9,33.6,33.3,33.1,34.1,34.5,33.8,33.7,34.7,32.9,33.4,33.0,32.7,34.3,33.5,33.4,34.6,34.5,34.1,33.6,33.5,33.5,33.2,34.0,33.5,33.3,33.2,32.5,33.1,34.0,33.2,33.2,35.8,34.1,33.2,33.6,34.1,34.8,32.3,33.4,33.3,33.7,32.0,32.9,32.4,34.2,33.5,33.1,34.7,34.4,33.5,33.5,33.4,34.3,34.2,33.5,32.3,33.5,33.0,33.7,33.2,33.2,32.7,32.9,34.8,33.6,32.9,33.8,33.7,33.6,33.4,33.3,33.7,33.7,33.3,34.1,34.8,34.3,34.4,33.6,33.7,35.1,33.3,33.4,34.0,34.2,32.6,32.8,33.9,33.9,32.7,33.2,33.4,33.4,32.9,32.8,34.3,34.0,33.4,33.3,34.3,34.0,33.6,33.1,33.4,33.4,32.8,32.4,34.0,33.9,32.1,33.6,35.0,34.7
1785307059.7954416,2246,35.2,31.7,33.7,32.8,32.9,32.4,33.4,32.4,33.8,32.1,33.4,32.0,33.9,32.2,33.5,31.8,33.2,32.6,32.9,32.9,32.8,32.4,33.0,33.0,33.4,33.4,32.7,33.3,33.0,33.9,33.1,32.3,32.8,33.1,32.9,33.6,32.5,33.4,31.5,33.0,33.0,33.3,33.0,33.3,32.1,32.9,32.8,33.5,33.6,33.3,33.1,33.7,32.8,32.9,32.9,34.0,32.7,32.6,32.2,32.8,33.5,33.2,33.7,34.8,33.7,32.9,32.6,32.6,33.7,32.4,33.6,33.5,32.9,32.9,32.8,33.0,33.8,33.2,32.7,33.4,33.4,33.6,32.7,33.8,33.5,32.9,33.6,32.8,32.2,32.5,33.8,34.2,33.1,32.9,32.7,34.5,31.8,33.3,32.4,33.9,32.2,33.0,33.6,33.9,32.7,33.0,32.5,33.8,32.0,32.6,33.1,32.5,32.5,33.6,33.0,33.6,32.6,33.2,33.0,33.0,33.7,32.9,32.6,32.7,32.7,32.5,34.1,34.4,33.4,33.4,32.1,32.7,33.0,31.9,32.5,32.5,32.3,32.8,33.2,33.1,32.8,32.8,33.5,33.3,32.9,32.5,33.0,33.4,33.4,33.2,32.2,32.8,32.6,33.4,33.3,32.6,32.7,32.4,33.1,33.3,33.8,33.0,33.4,33.6,33.6,32.9,32.3,33.2,33.0,33.5,32.6,33.7,33.4,33.1,33.7,33.8,32.9,33.1,33.7,33.1,33.1,32.6,33.1,33.4,32.0,33.0,32.9,33.3,32.3,33.6,33.5,32.7,34.8,33.1,33.3,33.5,32.2,33.3,33.8,32.6,33.8,33.7,33.5,33.6,32.6,32.9,35.5,35.3,33.5,33.1,33.9,33.0,33.3,33.6,32.2,33.2,32.3,32.1,34.5,32.7,33.4,32.0,33.2,33.0,32.8,33.7,33.1,32.7,32.2,33.0,32.9,33.9,32.3,33.2,33.1,33.3,32.3,33.0,34.9,35.6,33.6,32.9,32.8,33.0,33.1,33.3,33.0,32.8,32.9,32.8,33.2,33.8,33.6,33.1,32.8,32.8,33.9,32.4,33.2,33.3,33.0,32.7,33.8,32.5,32.4,33.1,34.0,33.3,33.6,32.6,35.5,35.9,34.1,33.1,33.3,32.4,33.3,33.3,33.4,32.9,33.4,32.9,34.5,33.1,33.4,32.9,32.5,33.1,33.1,32.8,32.6,34.1,32.5,33.6,31.9,33.7,33.6,33.6,32.5,33.5,32.7,32.7,34.5,36.2,34.4,34.2,33.3,33.1,32.7,33.6,33.6,34.0,32.1,32.8,32.2,34.7,33.4,33.7,33.1,34.3,33.9,33.3,34.1,33.5,33.2,33.5,32.9,33.8,32.9,32.7,33.2,33.1,34.1,34.2,35.2,35.0,35.3,35.3,34.9,33.3,33.3,32.8,33.4,32.6,33.5,32.5,33.0,32.9,32.8,32.9,33.3,32.2,34.0,33.0,33.3,33.8,33.0,33.3,32.6,33.9,33.3,33.1,33.1,33.2,34.6,34.5,35.2,34.7,35.1,34.9,34.7,34.0,33.2,33.4,33.1,33.3,32.4,33.7,32.3,34.2,33.3,33.0,33.3,33.5,33.0,33.3,33.9,33.8,33.5,33.0,32.8,33.3,33.4,32.6,34.1,32.5,33.8,34.2,34.0,34.4,33.8,33.9,35.2,35.1,33.7,32.7,34.0,33.7,33.7,32.4,34.0,33.9,33.9,32.7,32.5,33.2,34.2,33.1,34.1,33.8,32.7,34.0,33.5,34.3,33.8,33.5,33.8,33.5,34.5,34.1,34.1,34.6,34.5,34.2,34.0,34.5,33.5,33.2,33.0,32.9,32.7,34.0,33.3,34.5,33.5,33.4,33.7,34.7,34.5,32.5,33.9,34.6,33.3,32.7,34.4,34.0,33.4,33.0,33.3,33.1,34.9,34.1,34.4,33.5,34.0,33.6,34.6,35.1,33.4,32.5,33.8,33.2,32.8,32.3,33.5,33.1,33.3,33.3,34.3,32.8,33.5,34.0,33.6,33.9,32.9,32.3,33.2,33.6,32.8,33.3,33.3,33.2,35.3,34.4,33.8,34.1,33.4,33.8,33.9,34.4,33.0,33.8,32.6,34.2,33.6,33.5,33.3,33.3,33.1,33.1,33.9,33.6,33.9,33.1,33.5,34.1,33.8,33.0,33.2,33.1,33.2,33.8,33.3,33.2,34.2,33.8,34.3,34.3,34.9,34.1,33.8,34.4,34.4,33.3,32.9,33.6,33.8,32.7,33.3,33.0,33.3,33.1,33.9,32.4,33.5,33.7,32.7,33.3,32.8,33.0,32.3,33.9,32.6,33.4,33.0,34.0,33.9,nan,33.8,34.1,33.9,33.6,33.5,34.1,33.8,33.7,33.1,32.9,32.8,33.1,33.4,33.3,33.0,33.6,33.9,34.8,33.3,32.9,33.5,34.0,34.4,32.6,34.4,33.6,34.1,32.6,33.6,33.2,34.3,33.3,33.3,33.9,33.8,33.9,34.1,34.4,34.0,33.1,32.9,32.6,32.7,32.8,34.2,33.7,33.6,34.0,34.6,34.0,33.3,33.4,33.6,34.3,33.7,33.9,32.8,33.3,32.6,33.0,33.7,34.2,35.0,34.6,33.8,35.5,34.4,34.4,34.2,34.5,33.4,33.6,32.3,33.9,33.3,32.7,34.8,33.6,32.9,32.4,33.0,33.7,33.8,33.0,33.3,33.6,34.2,33.1,32.6,33.1,33.4,32.8,33.8,33.0,34.5,33.6,35.0,33.9,34.0,33.9,35.1,33.1,33.4,34.3,34.8,33.0,33.4,33.1,33.8,34.4,33.9,33.9,33.7,34.1,33.1,33.6,33.4,35.1,32.6,33.4,33.4,32.6,32.4,33.5,33.0,33.7,33.2,32.5,34.9,35.3,33.0,33.9,34.7,34.5,33.3,33.9,35.4,33.4,33.0,33.5,33.5,34.4,33.2,34.1,33.9,34.8,33.7,34.3,33.9,34.0,34.2,32.4,34.0,33.8,33.2,33.8,33.6,33.0,33.0,33.2,34.1,34.8,34.1,33.2,34.6,34.4,33.6,32.3,33.0,33.3,33.1,33.1,35.2,33.0,32.9,33.7,34.4,34.6,32.5,34.3,33.6,35.0,33.0,32.4,33.4,34.3,33.2,33.5,34.3,33.4,33.2,34.3,33.6,33.8,33.2,33.6,33.2,34.5,33.0,34.3,33.3,33.6,33.7,33.9,34.1,33.3,34.1,33.8,34.6,35.1
1785307062.1217966,2247,34.4,33.2,33.2,33.9,32.9,33.4,33.4,33.3,32.1,32.0,33.0,33.5,33.1,33.2,32.7,32.8,33.2,33.4,33.1,33.0,33.5,32.5,33.4,33.1,33.2,33.1,32.7,33.1,33.5,33.3,33.3,34.2,33.4,32.3,34.0,33.1,32.8,31.7,33.1,32.1,32.5,32.9,32.9,32.0,32.9,32.2,33.0,33.5,32.9,32.0,33.0,33.7,33.4,32.5,32.6,33.0,32.7,33.4,33.8,32.6,33.8,31.8,32.6,33.6,33.5,33.5,32.9,34.1,34.3,34.7,32.3,34.0,33.8,33.7,33.3,32.5,33.6,33.2,32.9,33.6,32.6,32.4,32.7,33.6,32.9,32.3,33.4,32.5,34.1,32.8,31.8,34.3,34.0,33.0,33.4,34.4,32.7,33.5,34.5,32.3,32.7,32.4,32.9,32.1,32.4,33.0,32.5,31.8,32.6,33.0,33.0,32.8,33.2,33.0,33.5,33.0,33.0,32.8,34.0,32.2,33.4,32.7,33.3,32.5,34.1,32.5,34.2,34.0,34.5,33.1,32.3,33.9,32.1,32.8,33.8,33.7,32.3,32.9,32.9,33.5,33.7,33.4,33.0,33.5,33.2,32.2,33.3,33.1,34.0,33.4,33.3,33.7,33.3,32.7,32.9,34.2,32.9,33.3,33.3,33.9,32.5,33.0,32.8,33.2,32.7,32.9,32.8,32.5,33.4,33.5,33.3,32.7,32.9,33.3,33.6,33.1,32.6,33.6,33.7,32.6,33.1,32.6,33.1,33.6,32.5,33.0,33.4,33.3,33.0,32.2,33.4,34.0,35.0,33.6,32.7,34.0,33.3,33.5,33.2,33.4,33.3,33.1,33.6,35.4,34.4,32.7,33.1,34.2,33.3,32.5,33.1,34.5,33.3,32.6,32.5,33.2,33.0,32.3,33.4,33.1,33.6,33.2,33.6,34.2,32.9,32.7,34.2,32.7,32.3,33.8,33.7,33.0,33.7,33.5,35.9,35.3,34.0,33.3,34.0,32.7,32.7,32.5,32.5,33.4,33.4,32.8,33.4,32.9,32.7,33.1,33.5,32.8,34.2,32.5,32.5,32.3,33.7,32.5,33.2,33.6,33.0,33.9,33.3,33.3,33.9,33.2,34.2,36.2,34.6,33.3,32.5,33.1,32.2,33.5,33.1,33.9,33.6,32.3,32.6,32.4,32.5,33.3,32.7,33.2,33.6,32.9,32.7,33.3,33.2,34.2,33.5,33.2,33.3,33.3,33.7,34.2,34.0,32.8,34.6,35.8,34.9,33.8,32.2,33.5,33.2,33.0,33.3,32.9,33.0,33.2,33.9,33.7,33.1,32.8,33.2,32.9,33.3,33.3,33.1,32.7,34.4,33.4,33.1,33.0,33.9,33.8,32.4,33.3,34.2,34.4,34.2,36.0,36.1,34.7,33.9,34.3,33.5,33.5,33.1,33.5,33.2,33.6,32.7,33.6,33.4,33.5,32.9,33.4,33.0,33.5,33.1,33.5,34.1,33.2,33.0,33.2,32.4,33.7,33.2,33.2,34.2,34.9,35.4,35.1,34.7,34.3,34.5,33.1,32.9,32.9,33.2,32.9,33.2,33.6,33.1,33.0,33.1,33.2,33.9,32.3,33.7,32.8,34.0,33.3,34.9,33.2,32.9,33.5,34.0,33.8,33.8,34.7,34.6,34.9,35.0,34.7,34.1,34.3,34.1,34.6,34.3,33.8,33.1,33.7,33.3,34.0,33.1,33.5,34.2,32.6,33.3,33.6,33.5,33.0,33.7,34.3,34.3,32.7,33.6,33.0,33.2,33.3,34.8,33.3,34.3,34.0,34.1,34.2,33.7,33.4,34.2,34.7,33.1,33.1,33.6,33.1,33.4,33.6,33.5,33.7,32.8,33.0,33.4,33.5,33.0,33.4,33.8,33.2,34.3,34.6,33.1,34.1,33.5,33.3,33.5,34.5,35.2,33.9,34.3,34.3,34.3,33.6,33.5,35.3,33.0,34.0,33.6,33.8,33.4,33.8,33.6,33.8,33.1,33.3,34.2,33.4,34.4,33.4,34.5,34.1,33.8,33.8,33.6,32.3,33.1,33.0,34.3,34.0,34.7,34.1,34.2,33.7,33.7,33.4,34.3,34.1,33.4,33.3,34.5,33.9,33.7,33.4,34.2,33.9,34.2,33.1,33.6,33.1,32.5,33.1,34.6,33.2,34.3,33.2,33.5,33.1,32.9,34.0,33.7,33.5,35.1,34.9,33.8,33.9,34.1,33.8,33.6,34.3,33.1,32.9,32.5,34.6,33.3,33.8,33.4,34.1,33.4,33.4,33.7,33.6,33.5,33.5,33.7,34.7,32.8,34.1,33.8,33.1,33.8,33.6,33.1,33.2,34.5,34.4,34.2,33.5,34.1,nan,33.5,33.9,33.4,33.4,34.0,33.4,33.2,33.9,33.2,32.0,33.4,33.1,34.7,33.0,34.5,33.9,34.4,34.8,34.3,33.0,32.1,33.3,34.4,33.8,32.9,34.2,34.6,34.4,34.3,34.6,33.7,34.0,34.0,34.5,33.8,32.3,33.8,33.2,33.1,33.5,33.2,34.1,33.4,33.7,34.1,32.8,34.9,34.1,33.8,33.9,33.0,33.6,34.2,33.9,32.9,32.5,34.5,33.7,35.6,34.0,34.2,34.0,34.8,33.4,34.4,34.7,34.1,33.8,33.4,33.5,32.9,33.6,33.7,33.5,33.3,33.5,33.4,33.3,33.0,33.9,34.1,33.7,32.9,34.4,32.5,33.7,34.2,33.2,33.3,34.2,33.9,33.2,33.8,35.0,33.6,34.0,34.1,35.3,34.0,32.6,33.4,33.6,34.3,34.8,33.6,34.5,33.6,33.4,33.3,33.9,33.8,34.8,34.3,34.9,34.3,33.8,34.3,32.6,33.8,33.8,32.9,34.2,33.0,34.4,34.8,34.4,33.7,34.9,35.3,34.8,33.6,33.2,34.1,33.1,33.0,33.5,33.3,33.0,33.1,34.4,34.1,33.2,34.1,34.3,34.2,34.8,34.1,33.7,33.9,34.3,34.4,34.7,33.3,33.3,33.7,34.1,34.3,35.7,34.3,33.4,34.6,35.2,33.6,33.2,33.0,33.2,33.4,33.8,33.9,34.1,34.8,33.0,34.2,35.3,34.8,34.0,34.2,34.7,33.1,33.6,34.0,32.9,33.6,33.4,33.1,33.5,33.2,33.5,35.4,34.0,34.3,33.3,35.0,34.5,33.6,33.5,33.8,33.1,33.7,32.9,33.9,33.6,34.1,33.9,33.8,33.3,34.0,34.9,35.4,35.6
1785307064.12002,2248,33.3,33.2,33.9,33.9,33.6,33.4,33.4,33.3,32.9,33.4,31.5,33.7,32.6,33.0,32.7,33.9,32.2,32.8,33.3,33.6,33.9,32.6,33.8,32.5,32.8,33.5,32.9,33.6,33.4,33.7,32.3,35.2,35.8,32.3,34.5,33.3,33.5,33.2,34.2,33.2,33.1,32.3,33.3,32.9,32.7,32.3,32.6,32.5,32.4,32.4,33.6,33.3,33.2,31.9,32.8,33.8,32.5,32.7,34.0,32.4,33.8,31.8,32.6,33.8,33.7,34.2,32.8,33.8,33.5,31.8,33.1,33.8,32.3,32.9,33.3,32.9,33.4,32.7,32.3,33.3,32.0,32.8,32.9,34.5,32.7,33.2,32.6,33.6,34.4,33.4,33.6,34.5,34.0,33.0,33.4,34.4,33.4,33.5,33.6,33.0,33.8,32.6,33.9,32.7,33.6,33.4,32.9,33.6,34.0,32.8,34.2,33.2,32.5,33.0,33.0,33.4,33.2,33.2,33.5,32.8,32.7,32.7,33.1,32.9,33.0,34.1,33.8,33.5,33.6,33.3,32.7,33.7,33.1,33.6,33.6,34.1,32.8,33.6,31.8,32.6,33.5,32.5,32.8,32.9,33.2,33.4,32.1,33.4,33.0,33.2,33.4,33.3,33.1,33.1,32.5,32.9,34.3,33.7,33.3,34.1,33.7,33.0,33.1,32.1,33.7,32.9,33.5,32.6,33.0,31.9,33.3,32.3,33.3,32.9,33.2,32.9,33.3,33.4,33.2,32.6,34.1,33.1,33.0,32.5,32.8,32.6,33.4,33.9,33.2,34.0,32.7,33.6,33.0,33.4,34.1,35.0,33.1,33.9,33.7,34.3,33.9,34.7,33.3,33.5,32.7,33.7,33.1,32.6,31.9,33.0,33.4,34.1,33.9,33.1,33.3,33.6,33.0,32.5,32.5,34.4,33.6,32.6,33.0,33.8,33.8,32.6,33.6,33.7,32.5,33.6,33.5,34.0,35.4,35.2,33.9,33.3,33.3,32.8,33.3,32.8,33.0,33.3,34.3,33.0,33.7,32.8,32.2,33.1,32.9,32.2,33.6,33.9,33.6,33.4,33.3,33.0,33.5,33.5,33.3,34.2,32.6,33.5,33.1,33.7,35.7,35.3,33.7,33.0,33.0,32.7,32.6,33.4,33.1,33.2,33.4,33.1,32.9,33.0,33.4,33.3,33.5,32.8,33.1,33.9,33.2,33.5,33.5,32.7,33.7,33.4,32.7,33.7,33.3,33.4,33.2,33.9,35.6,35.6,33.6,33.6,32.9,32.9,33.5,32.7,33.3,32.9,33.6,32.7,33.5,33.5,34.4,33.2,32.6,32.6,33.0,33.4,33.7,32.8,33.6,33.3,33.3,34.0,33.9,33.6,33.2,34.3,33.1,34.9,35.5,35.9,34.2,34.3,33.0,33.5,33.7,33.5,33.5,33.5,33.8,34.1,33.3,33.5,33.9,34.1,32.7,32.9,32.9,32.9,33.3,32.6,34.9,33.9,33.3,32.2,34.3,33.0,33.1,32.9,34.8,34.4,35.5,34.9,34.8,35.1,33.6,33.4,33.3,32.7,33.6,33.2,34.0,33.4,33.2,33.7,33.3,33.2,33.4,33.3,32.9,32.9,33.7,33.7,33.4,33.3,33.0,34.0,32.7,34.2,33.6,33.4,34.4,34.4,34.7,34.4,33.7,35.2,34.7,33.5,33.5,33.0,33.2,33.2,32.9,33.7,33.0,33.8,32.8,33.1,33.1,33.0,33.1,33.8,32.6,33.9,32.1,33.9,34.1,32.6,32.8,33.4,33.0,33.8,34.8,34.4,34.6,33.8,34.0,33.7,34.8,33.1,33.4,33.3,33.6,33.4,33.7,32.7,32.7,33.1,32.0,33.5,33.3,33.0,32.9,32.9,33.0,32.5,33.2,33.5,33.2,33.8,33.5,33.5,33.7,34.0,33.6,34.9,34.0,34.1,33.1,33.6,34.9,34.1,33.0,33.7,34.3,34.1,33.9,33.8,33.3,33.3,33.1,34.0,33.1,33.4,33.1,33.5,33.9,33.9,34.1,34.5,33.8,34.6,34.2,32.9,33.6,33.3,35.4,33.8,33.8,33.1,33.5,33.8,35.8,34.0,33.7,33.8,33.4,33.3,33.8,33.1,34.4,33.6,33.2,34.1,33.3,32.6,33.6,33.6,34.1,33.6,33.0,33.0,34.3,34.2,33.3,35.1,33.1,34.2,34.0,34.4,34.6,34.4,33.3,34.8,34.9,34.1,32.9,33.0,33.0,33.7,33.9,33.2,33.8,33.8,33.3,33.4,33.6,33.3,32.0,34.3,33.5,33.1,33.7,34.1,34.3,32.2,33.6,32.7,33.1,33.0,35.0,33.6,34.4,34.7,34.7,34.7,34.2,nan,33.2,33.7,34.1,33.8,34.0,33.6,33.6,33.9,33.5,33.7,33.4,33.3,34.2,33.3,33.8,33.2,33.8,34.2,33.2,34.9,33.5,35.1,33.6,34.5,33.5,34.4,33.4,33.9,32.9,34.5,34.0,34.5,34.0,33.8,33.3,33.7,33.4,34.2,33.3,33.7,33.5,33.6,33.2,32.5,34.6,34.1,33.4,33.9,33.2,34.7,34.3,33.1,34.2,33.5,33.8,33.7,34.1,34.2,34.9,34.2,35.3,34.2,34.4,33.6,33.4,34.2,33.4,33.3,34.3,33.8,33.1,34.1,33.9,33.7,33.5,33.3,34.5,32.9,33.4,33.2,34.3,34.3,34.9,34.2,32.9,34.1,34.2,33.0,32.0,34.2,33.9,34.2,34.3,34.5,34.6,33.8,34.6,33.5,33.1,33.3,33.7,33.8,33.4,33.8,33.2,33.0,34.1,34.7,34.2,33.4,34.4,33.4,33.7,35.8,33.9,33.8,33.7,33.7,34.2,33.4,33.5,33.9,33.9,34.6,35.1,34.5,34.3,33.9,33.1,33.9,34.1,33.4,33.7,33.8,32.9,33.4,34.0,33.5,32.7,34.0,33.9,33.6,33.7,33.5,34.4,35.2,33.7,32.6,32.5,34.9,34.6,33.5,33.4,34.0,34.1,33.9,34.1,34.3,34.8,33.9,33.7,33.8,33.9,32.9,33.5,34.1,33.6,33.1,33.9,33.7,34.6,34.3,33.4,33.7,34.6,33.5,33.9,34.9,34.0,33.4,34.2,33.1,34.1,33.0,33.9,33.1,33.6,35.0,33.8,33.8,34.0,34.1,34.0,33.0,34.1,33.1,33.4,33.5,34.1,33.6,34.3,33.0,33.6,32.9,34.8,34.5,34.0,35.0,35.2,35.8
1785307066.5367231,2249,33.5,33.5,32.5,33.9,34.1,33.4,33.1,32.0,33.5,32.8,32.8,32.3,33.3,32.8,33.4,33.7,32.2,32.5,33.4,33.6,32.7,32.5,32.9,32.7,31.9,32.2,33.0,33.4,33.6,33.3,33.4,33.7,32.6,32.7,32.6,33.9,33.7,32.5,32.5,33.1,33.3,32.5,32.2,33.6,32.9,32.7,32.3,34.7,32.4,33.0,32.8,34.3,33.4,33.0,32.8,33.7,33.9,33.5,31.9,33.8,33.8,32.6,33.3,34.0,33.6,33.5,33.7,33.6,32.8,31.8,33.7,33.0,33.6,33.1,33.3,33.4,33.0,32.9,33.2,33.4,32.8,33.3,33.3,32.6,31.5,33.5,33.3,32.0,33.8,34.5,32.9,32.3,33.2,33.3,32.8,33.7,34.4,33.2,32.3,33.8,33.2,33.9,31.9,34.0,32.6,33.5,32.5,33.6,33.3,32.8,32.3,32.6,33.2,32.5,32.3,33.8,33.5,33.6,33.5,33.8,33.8,33.4,32.9,33.9,33.0,33.6,32.6,34.1,33.7,34.0,33.5,32.4,33.3,33.0,32.6,32.1,33.3,32.9,33.1,32.6,32.7,33.5,33.7,32.7,33.6,33.2,33.8,33.4,33.5,33.6,33.0,32.8,32.7,33.5,32.8,32.9,32.6,33.9,33.2,33.0,34.4,33.6,32.8,33.9,32.1,32.5,33.3,33.1,33.4,33.4,32.1,34.1,33.4,32.9,32.2,33.6,33.3,33.4,32.4,33.6,32.8,32.5,32.4,33.5,33.7,32.5,32.8,33.2,33.0,32.3,33.6,33.9,33.3,33.4,33.2,32.6,33.2,33.0,33.5,32.5,33.0,34.3,33.2,33.0,33.7,33.4,33.7,32.6,32.3,32.8,33.5,33.0,32.9,33.9,33.5,32.4,32.4,32.5,33.3,32.4,32.9,33.0,32.7,33.4,33.3,33.0,32.2,34.4,32.5,33.5,32.2,33.4,34.1,34.5,34.9,34.9,32.7,32.9,33.3,33.9,33.2,32.7,32.7,33.3,33.2,32.8,31.9,34.2,32.0,33.6,33.3,32.2,34.0,32.6,32.3,34.4,32.5,34.2,33.1,32.6,33.4,33.0,33.6,33.3,34.2,35.0,35.3,33.7,33.4,33.2,33.4,32.8,33.7,32.7,32.7,32.8,33.5,33.0,32.7,32.9,33.0,32.4,33.2,33.2,33.2,33.5,33.8,32.3,33.5,32.7,33.3,34.2,34.2,33.6,32.7,34.0,34.6,34.5,34.4,34.4,32.9,33.5,31.9,34.0,33.3,33.0,32.7,34.3,32.4,33.0,32.6,33.5,33.5,33.4,32.1,34.1,33.5,33.4,32.3,33.4,33.2,32.5,33.4,32.8,33.1,33.6,33.4,34.4,35.5,35.4,35.9,34.8,33.6,32.7,33.4,33.3,33.7,33.8,33.2,33.3,33.0,33.3,33.5,32.0,32.8,33.5,33.1,33.4,32.7,33.0,34.0,33.1,34.7,33.3,33.4,33.5,32.9,33.8,33.9,35.2,35.0,35.4,35.1,35.4,35.0,34.3,32.7,34.0,33.1,33.6,33.5,33.7,33.2,33.3,32.5,34.1,33.9,32.3,32.9,33.6,33.7,32.6,32.4,34.4,33.9,33.8,33.4,33.5,33.9,33.2,33.6,34.2,34.2,34.6,35.5,34.1,34.9,34.3,33.9,33.0,33.4,33.5,33.5,33.0,33.0,33.0,33.1,31.9,32.8,32.6,34.1,33.4,33.6,33.2,33.2,33.1,34.1,33.0,33.8,33.1,33.7,33.1,34.8,34.6,34.3,33.4,33.8,34.4,34.4,34.6,32.6,33.9,32.8,33.2,33.1,34.3,34.3,33.5,32.9,34.2,33.3,32.8,32.8,34.5,34.4,32.8,33.0,33.9,34.6,34.4,33.4,32.9,33.6,34.2,33.9,33.7,33.7,34.2,34.4,33.3,33.9,34.9,34.1,33.0,33.9,33.8,33.1,34.3,34.2,33.3,34.1,33.3,33.4,33.8,33.1,33.9,33.1,33.4,34.2,33.1,33.2,34.1,33.0,34.2,32.7,33.3,34.3,35.6,33.8,33.7,34.5,34.6,34.2,35.6,33.4,33.7,32.3,33.2,32.8,34.4,33.5,32.7,33.9,33.7,32.8,34.3,32.9,33.6,33.7,33.2,32.8,33.8,32.3,33.8,33.0,33.2,33.2,32.9,34.3,33.9,34.2,34.6,32.9,34.4,33.7,33.8,33.9,32.7,33.9,33.7,33.4,33.5,33.7,33.5,32.7,33.1,33.4,33.8,33.8,34.0,33.6,33.3,34.1,33.1,32.4,32.8,32.8,33.6,33.1,33.7,34.0,34.6,34.5,34.8,33.2,34.0,33.4,nan,32.7,33.8,32.8,33.4,33.0,33.9,33.4,33.3,32.7,33.8,33.4,33.2,33.3,33.6,32.9,33.1,34.4,34.9,33.8,32.7,32.6,33.3,33.4,33.4,34.3,35.3,34.4,33.7,34.0,34.1,33.6,34.6,34.4,34.1,33.1,33.5,33.6,33.2,33.2,33.3,33.0,33.2,32.8,33.7,33.2,33.2,33.2,33.1,34.3,33.9,33.0,33.1,32.2,33.4,33.3,33.3,33.8,35.6,34.9,34.5,33.9,35.0,34.0,34.4,33.1,34.5,33.6,34.0,33.6,34.4,33.2,33.5,32.5,34.3,33.0,33.6,32.5,34.1,33.6,33.9,33.1,34.5,32.7,32.7,33.6,33.9,34.0,33.8,32.9,33.3,33.7,33.7,34.0,33.9,34.2,34.7,33.9,33.6,33.4,34.0,33.3,32.8,33.9,33.3,34.0,32.9,33.9,33.6,33.8,33.2,34.0,33.8,33.8,35.1,33.2,34.3,33.5,33.8,33.4,33.3,32.2,34.0,34.4,34.5,34.1,35.0,34.4,34.4,34.8,33.7,33.7,33.7,33.0,34.1,33.7,33.0,33.9,33.6,33.6,34.1,32.8,34.5,34.3,33.6,34.4,35.1,33.6,33.5,34.0,33.9,32.9,33.5,34.0,34.0,34.2,34.5,33.3,34.1,34.2,33.0,33.9,33.3,33.3,33.2,34.0,33.1,33.9,34.0,33.3,33.1,33.6,33.7,33.1,33.9,33.7,34.4,34.7,33.5,33.6,33.5,33.1,33.2,34.1,33.7,32.5,34.0,34.1,34.2,32.5,33.7,34.9,34.4,33.8,33.7,34.5,33.9,33.0,34.3,33.6,33.7,33.0,33.9,33.9,33.2,34.6,33.6,34.8,34.1,33.2,35.4
1785307070.529898,2251,33.0,32.3,32.9,33.9,32.7,32.7,34.1,33.1,33.2,33.2,32.7,32.9,34.7,32.1,32.4,33.8,32.7,32.9,33.3,34.7,33.2,32.5,32.3,33.3,32.6,32.7,33.3,33.2,33.9,33.3,32.8,33.4,34.7,33.8,34.0,33.3,33.0,32.4,33.1,32.6,32.7,33.7,33.0,32.8,33.1,32.6,32.7,33.1,32.6,32.3,32.7,33.0,33.8,34.4,32.6,32.4,33.7,33.0,32.7,34.2,33.1,32.3,33.1,33.8,31.7,33.9,32.4,34.7,32.7,33.7,33.0,32.8,32.7,33.0,32.7,33.6,32.7,33.3,32.8,33.8,33.7,33.3,32.9,33.5,32.6,33.2,33.8,32.8,33.4,33.6,31.6,32.7,32.7,33.3,33.4,33.4,32.9,32.3,33.4,33.7,32.5,32.2,33.3,33.7,33.2,33.3,32.7,33.0,32.7,33.4,33.3,33.2,34.6,33.1,32.7,32.8,32.4,33.8,32.4,33.0,33.5,33.5,32.9,34.4,33.3,33.5,33.5,33.3,34.3,32.8,33.4,34.1,32.4,33.6,33.5,33.1,33.6,32.6,33.3,33.5,33.4,33.8,33.9,34.1,33.4,33.0,32.7,34.5,33.6,33.6,33.1,33.7,32.3,32.8,32.8,32.7,33.5,33.3,32.9,35.0,34.8,31.6,32.6,34.7,32.7,33.2,33.4,34.2,33.6,33.7,33.2,33.1,33.0,33.3,33.6,33.2,34.3,33.8,33.1,33.3,33.2,32.8,33.7,33.5,32.7,33.6,34.5,33.3,32.2,32.6,33.2,33.0,34.6,33.6,32.1,33.4,33.9,33.9,33.3,32.7,33.8,33.7,33.0,34.2,32.7,33.4,32.7,33.6,34.0,32.9,33.8,33.9,34.2,33.7,32.4,33.1,33.2,31.7,33.1,33.1,33.0,32.5,34.1,33.2,32.9,33.3,33.8,33.3,33.6,34.0,33.9,33.0,35.5,35.5,33.8,33.3,33.4,33.1,32.9,33.6,32.8,33.7,32.3,33.4,34.2,33.5,32.5,33.2,32.1,33.0,33.0,33.1,32.9,33.5,33.7,34.3,33.5,34.2,32.6,34.0,33.9,33.2,33.7,33.7,34.9,35.9,33.8,33.8,33.2,32.7,32.9,34.5,33.5,33.2,33.2,34.2,33.5,33.4,32.5,32.6,33.1,33.1,32.4,33.4,33.3,33.7,33.9,33.6,32.8,33.2,33.5,34.2,33.1,33.9,33.9,34.1,35.0,36.8,34.5,33.7,33.4,32.9,32.4,33.8,33.4,34.1,32.9,33.1,32.9,32.8,32.7,32.7,33.0,34.4,33.2,33.0,32.4,33.0,32.4,33.9,34.6,33.0,34.1,34.8,33.2,33.1,33.1,33.9,34.8,35.9,35.4,34.5,34.3,33.1,32.7,33.4,34.2,33.3,32.5,33.7,33.1,33.5,32.5,33.5,33.4,33.0,32.8,33.7,33.9,33.4,34.2,33.5,33.5,33.1,33.4,33.6,34.6,34.1,33.9,34.5,34.4,35.2,35.5,35.0,34.3,33.0,33.4,33.3,33.5,33.0,33.1,33.0,33.1,33.1,32.7,33.6,33.3,34.2,33.3,32.3,33.2,33.4,33.2,33.6,33.6,33.0,32.5,33.5,33.9,33.5,34.2,36.1,35.0,34.5,34.6,34.6,35.0,33.9,33.2,33.2,33.9,33.2,33.7,33.7,33.7,33.6,33.5,32.8,34.0,33.2,33.5,34.3,33.2,33.2,33.8,33.7,33.5,34.5,34.6,33.6,33.0,33.4,35.2,35.2,34.5,35.5,35.2,34.9,34.9,34.3,33.3,34.0,32.8,33.4,33.3,33.3,33.8,33.5,33.3,33.0,33.3,32.9,34.0,33.9,33.2,33.6,32.8,33.8,33.7,34.0,33.7,34.1,33.6,33.9,34.4,34.4,34.5,35.0,34.7,34.2,34.7,32.9,33.9,34.2,33.1,34.3,33.5,33.9,33.8,33.1,32.8,33.7,33.7,33.0,34.3,33.2,34.5,33.0,33.4,34.5,34.0,34.6,34.0,33.5,33.1,33.2,33.7,33.7,34.1,34.5,33.9,33.9,34.1,33.8,33.3,33.8,33.5,33.8,33.7,33.7,33.8,34.2,34.1,33.6,35.0,33.2,33.6,33.2,33.2,34.0,33.4,34.3,33.2,33.6,33.3,34.0,34.2,34.2,33.6,33.7,34.8,35.3,34.0,35.0,33.7,33.7,33.8,33.7,33.4,33.2,33.7,33.9,34.0,33.7,32.8,32.6,33.8,34.2,34.1,34.2,34.5,33.5,33.4,33.9,33.2,33.5,32.4,33.9,34.2,33.1,33.5,33.5,35.1,34.8,34.2,34.8,34.0,nan,33.6,33.0,32.7,33.0,33.8,33.7,33.5,34.1,33.4,34.1,33.2,33.2,33.3,34.1,33.7,33.8,33.8,34.0,33.3,34.2,33.6,34.2,33.5,34.2,33.5,33.7,34.7,34.6,34.0,34.3,33.4,33.9,33.6,33.2,33.7,33.4,33.0,33.9,33.0,33.2,33.6,33.6,33.4,33.6,33.2,33.6,34.8,33.5,34.0,34.9,33.9,34.5,33.5,33.8,33.1,32.9,34.7,34.4,34.3,33.8,35.0,33.7,34.3,33.8,33.6,33.8,33.3,33.5,33.6,34.5,33.3,33.6,33.1,34.3,33.4,34.2,33.3,34.3,33.8,33.6,34.3,35.0,34.4,33.6,33.5,33.7,33.3,34.0,33.4,34.5,34.3,33.8,33.3,35.5,35.2,34.2,33.8,33.5,33.2,33.0,34.1,33.5,34.0,33.2,32.6,33.8,32.7,33.4,33.5,35.1,34.5,34.8,35.2,34.5,33.9,34.9,33.7,34.3,33.5,33.6,33.9,34.3,34.1,35.0,34.0,34.1,34.1,34.1,34.5,33.7,34.6,34.0,34.3,34.0,33.4,34.6,33.0,34.5,33.3,33.5,33.8,33.5,33.7,33.5,33.6,34.4,33.9,34.0,33.4,35.2,33.8,34.5,33.1,34.4,33.6,34.3,33.4,34.2,34.0,33.6,32.9,33.7,33.8,32.9,33.4,33.8,33.3,33.5,32.3,33.2,33.9,33.0,33.4,33.5,34.2,34.6,34.0,34.4,33.6,35.0,34.0,33.8,33.3,34.2,33.6,34.5,33.6,35.0,32.4,34.7,34.6,33.7,34.0,34.2,34.0,33.9,33.5,33.9,33.4,34.0,34.1,33.8,33.4,33.7,35.0,32.9,33.6,34.0,34.3,36.0
1785307072.7053921,2252,33.9,33.8,32.4,33.9,32.2,31.6,31.5,33.7,32.6,33.8,33.5,33.1,31.5,33.0,33.5,35.0,32.6,32.3,33.1,32.8,32.6,34.0,32.3,33.7,31.6,32.2,33.3,34.3,33.5,33.1,32.6,33.7,33.7,33.1,33.1,32.9,33.0,31.5,33.5,32.4,33.3,33.0,33.1,32.2,32.7,31.5,33.2,32.6,33.3,32.6,33.9,33.0,32.5,31.6,33.4,33.6,33.5,32.6,33.6,33.7,32.9,32.3,33.6,33.1,32.8,33.2,32.2,34.1,32.7,32.7,33.2,33.6,33.3,33.0,33.4,32.3,32.4,33.1,32.4,33.6,32.2,33.0,32.9,32.6,32.4,32.8,32.7,32.9,33.2,33.2,32.4,33.9,32.9,32.0,32.7,33.9,33.9,31.6,33.4,34.4,33.0,32.6,34.1,32.9,33.2,32.1,33.4,32.6,32.6,32.1,33.5,32.7,33.1,32.7,33.2,32.7,32.3,32.5,33.6,32.8,33.8,33.5,33.1,33.4,32.6,32.3,33.8,33.5,31.7,33.3,32.5,34.3,34.4,33.0,33.5,33.9,32.3,32.2,32.3,33.5,32.7,32.4,32.1,34.2,32.7,33.9,32.7,34.1,32.5,32.5,33.1,33.4,32.1,32.6,33.1,33.6,33.3,33.1,32.9,34.3,32.8,32.1,33.9,33.8,33.1,32.4,33.0,32.3,32.8,31.8,33.7,32.2,32.4,32.8,33.2,33.0,33.3,32.8,32.9,33.3,33.5,33.3,33.0,33.1,33.0,33.0,33.0,32.7,32.8,33.6,33.8,33.8,33.7,33.0,32.7,33.8,32.0,33.0,32.3,33.2,32.9,34.5,32.8,34.0,32.9,32.7,33.3,33.1,32.7,33.3,33.2,33.0,33.6,32.5,33.4,33.4,33.0,32.7,32.9,33.8,33.4,33.2,33.2,32.7,33.3,32.7,33.2,32.7,33.4,33.0,33.3,32.8,34.4,33.7,34.4,33.5,32.7,32.0,33.5,33.5,34.2,32.7,33.8,33.1,32.7,32.2,32.9,33.0,32.0,33.1,33.5,32.9,32.9,32.7,33.5,33.2,31.8,33.5,33.4,33.6,32.4,34.1,33.8,34.2,35.2,35.2,33.6,34.2,33.0,33.0,32.2,33.9,31.7,32.7,32.3,33.0,32.7,32.5,32.9,33.6,32.7,32.9,34.0,33.5,31.8,32.7,33.1,34.0,33.2,32.8,34.1,33.0,32.7,32.9,33.7,33.4,35.0,35.6,34.4,33.2,32.6,33.2,33.2,33.2,33.4,32.7,32.8,33.1,32.9,32.3,33.0,33.2,32.5,32.1,33.7,33.5,32.9,32.6,32.1,32.9,31.6,34.0,32.3,34.6,32.3,34.2,33.8,35.3,34.7,34.6,34.9,34.8,33.9,33.3,32.8,33.5,32.9,33.5,33.6,32.9,33.0,33.0,32.8,32.8,32.5,32.4,32.8,33.3,33.0,33.4,32.0,34.3,32.2,31.2,34.0,33.4,33.1,32.2,33.7,35.1,35.5,34.6,34.8,34.5,34.0,33.6,33.7,32.9,33.4,34.3,33.5,33.1,33.7,33.6,33.8,33.0,32.8,33.2,33.4,32.8,32.1,32.9,34.2,33.3,33.2,33.6,32.1,33.3,34.0,32.7,33.2,35.2,34.6,33.4,34.6,34.2,34.0,33.5,34.1,33.0,33.0,32.9,33.3,33.9,32.9,33.2,33.1,34.0,32.4,33.1,33.3,34.1,33.2,33.0,34.3,34.5,33.7,32.3,34.2,32.3,33.5,32.3,34.6,34.5,34.6,34.3,34.8,34.4,34.2,33.3,33.1,32.5,32.6,32.4,33.4,32.8,33.1,32.6,33.9,32.7,33.6,33.0,33.2,32.4,33.4,32.5,33.0,33.8,32.4,33.6,33.3,33.1,32.1,32.9,32.8,34.9,33.9,34.6,34.3,35.3,33.5,33.3,33.5,34.0,33.7,33.7,33.5,34.3,33.0,32.4,32.5,33.0,32.6,33.4,34.1,33.6,33.3,32.6,34.7,34.1,33.4,32.6,34.0,32.3,33.1,32.5,33.3,33.8,34.0,33.7,34.8,33.7,33.1,33.4,32.9,32.7,32.3,32.0,34.0,34.1,33.2,33.6,33.9,32.9,33.0,32.1,33.4,33.3,32.7,32.9,34.2,34.1,32.0,33.6,32.5,34.5,33.5,32.9,32.6,34.2,33.7,34.9,34.3,34.8,33.3,32.5,33.0,33.8,32.5,33.0,32.3,34.0,33.5,33.2,33.0,33.6,34.1,32.7,34.1,32.7,33.5,34.1,33.2,34.7,33.2,32.5,34.4,32.5,34.0,32.3,34.5,34.0,34.0,33.7,34.7,34.4,34.1,nan,32.9,33.3,32.9,33.0,33.4,33.5,33.7,32.9,33.5,33.9,33.4,32.3,33.4,33.2,34.0,33.2,34.4,34.8,33.3,33.4,32.5,34.1,32.6,33.4,33.3,35.3,33.9,34.1,34.1,35.0,32.9,33.6,32.9,33.5,32.5,33.0,34.1,33.3,32.7,33.0,33.4,33.2,32.7,33.2,33.0,33.4,33.3,33.1,33.4,34.5,32.4,31.9,33.8,33.3,32.5,32.1,33.6,34.2,33.9,33.4,34.6,34.4,34.0,33.5,33.9,32.9,32.8,31.8,33.3,33.3,33.4,33.3,33.0,33.9,33.7,32.6,33.0,33.7,32.6,34.3,34.9,34.0,32.9,33.1,33.3,33.5,32.3,33.2,33.7,34.1,33.4,33.7,34.3,33.9,34.3,34.0,33.3,34.3,33.3,32.8,32.5,33.3,33.4,33.5,33.8,33.0,33.8,33.7,33.3,33.2,34.1,34.0,36.3,34.5,34.3,33.4,33.3,34.1,32.9,33.4,32.9,33.7,34.7,34.1,35.0,35.1,33.8,33.6,34.4,33.5,33.6,31.9,33.9,33.3,33.4,33.6,34.0,33.2,32.7,32.4,33.9,33.7,33.1,33.9,34.9,35.0,32.1,34.2,33.7,32.8,32.6,32.9,32.3,33.7,33.0,34.5,33.4,33.6,33.6,34.1,33.6,33.8,33.4,33.4,33.9,34.5,33.1,32.9,33.7,34.8,34.1,33.7,34.4,33.3,33.4,34.2,35.3,35.6,32.9,32.7,35.1,32.5,33.0,33.4,34.1,32.4,34.0,34.1,34.0,34.0,33.6,33.5,34.9,33.4,33.4,32.4,33.9,32.6,33.4,33.3,32.4,34.0,33.2,33.7,34.4,33.7,33.4,33.6,35.0,34.7
1785307074.7559528,2253,34.4,32.5,33.7,32.8,33.4,32.4,33.0,33.4,33.2,32.9,33.2,34.0,32.2,33.1,34.2,32.5,33.5,33.1,33.5,32.9,33.2,32.2,32.8,32.8,33.0,33.4,33.7,33.7,33.5,33.2,32.1,33.8,34.4,33.4,33.7,34.0,33.6,31.5,32.8,33.2,32.6,32.6,33.6,32.4,33.2,33.3,33.5,32.7,33.4,32.6,33.1,32.4,33.2,32.9,33.7,32.6,31.9,33.2,32.9,32.9,32.8,31.8,33.5,33.6,33.7,33.1,32.4,33.7,32.7,33.2,33.6,32.9,32.1,31.9,32.6,33.3,33.2,32.5,32.5,33.4,32.9,33.2,32.2,33.2,33.6,33.1,32.3,33.0,33.5,33.1,33.2,33.2,32.9,33.6,33.9,34.5,32.8,33.8,33.5,33.4,33.5,33.8,33.0,32.1,32.7,33.1,34.3,32.6,32.9,32.7,32.9,33.0,33.5,33.4,33.3,33.4,32.5,32.5,33.2,32.2,32.6,32.5,33.2,32.7,32.9,33.1,34.1,34.6,32.4,33.4,33.2,34.7,33.0,33.1,33.1,33.2,33.2,33.3,32.1,33.3,32.3,33.3,33.0,32.6,32.5,33.4,33.0,33.5,32.9,33.2,32.4,33.1,33.8,32.9,33.3,33.0,33.7,33.4,33.5,35.1,33.6,33.9,34.1,33.4,32.8,33.1,33.3,33.4,33.0,33.9,33.5,34.0,32.4,32.8,33.5,32.8,33.2,32.8,33.7,33.3,33.6,33.1,33.6,32.0,31.9,32.4,33.3,32.9,33.7,33.8,32.9,33.2,33.2,33.5,33.5,32.5,33.9,33.5,33.0,33.5,34.0,34.4,33.8,33.1,32.8,33.2,33.3,33.2,33.8,33.3,32.4,34.4,32.9,32.6,32.2,33.7,32.6,32.6,32.9,33.8,33.6,32.9,33.4,34.1,34.3,32.9,33.1,32.9,33.2,32.3,33.4,32.6,34.0,35.1,33.8,33.5,33.3,32.8,33.4,32.4,33.8,33.2,33.9,33.1,32.8,33.2,33.4,32.8,32.7,33.3,33.2,33.2,33.8,32.5,33.8,33.6,33.1,33.5,33.2,33.7,33.2,32.9,33.5,33.4,35.1,35.9,33.9,34.2,33.0,32.9,32.7,33.2,33.1,33.4,33.6,33.6,33.3,32.5,33.3,33.2,32.7,33.4,32.7,32.6,32.7,33.6,32.9,32.4,34.2,33.6,33.8,32.8,34.1,33.6,34.4,34.1,35.1,35.3,34.4,33.1,33.1,33.2,33.4,33.2,32.8,32.3,33.6,32.4,33.5,33.4,32.7,33.4,33.2,34.3,33.9,33.3,32.9,33.7,33.7,33.7,33.3,33.7,33.3,33.7,33.5,33.9,32.4,34.3,34.4,35.5,35.0,35.2,33.1,33.6,33.1,33.3,34.3,32.8,33.3,33.5,32.7,33.1,33.1,33.7,32.7,32.9,33.3,32.7,33.2,33.5,33.2,33.4,32.5,33.9,33.9,32.6,32.9,33.8,33.1,33.9,34.5,34.9,35.4,34.7,35.1,33.7,33.6,32.8,32.9,33.1,33.0,33.2,33.3,33.4,33.1,33.0,32.7,32.3,33.2,33.0,33.5,33.2,33.1,33.7,32.8,33.5,33.5,33.4,34.0,34.6,33.5,34.5,34.9,34.0,33.7,35.0,34.6,33.6,34.1,34.3,33.2,33.6,33.1,34.8,33.3,33.0,33.1,33.6,33.4,32.9,33.0,33.9,33.9,33.5,34.1,34.4,34.0,33.5,34.3,34.4,33.7,33.5,34.7,34.8,35.1,34.0,34.9,34.2,35.0,33.8,33.5,32.6,33.4,34.1,33.7,33.3,33.5,32.8,33.5,33.2,33.4,33.4,33.3,34.4,33.1,33.0,33.7,34.0,34.9,34.7,32.9,34.2,33.7,33.0,34.2,35.3,35.7,34.0,35.4,35.1,33.3,33.6,33.0,33.3,33.8,33.1,33.8,34.1,33.0,32.3,33.1,33.7,33.4,32.9,33.7,33.5,34.4,34.2,33.1,35.0,33.5,34.0,33.9,33.5,32.9,33.7,34.8,34.5,34.1,33.2,34.1,32.9,33.7,33.4,33.0,32.8,33.7,33.8,34.1,34.0,32.9,32.8,33.8,33.6,33.1,33.0,34.1,33.3,33.5,33.1,34.3,33.4,33.4,34.1,33.3,34.4,34.0,33.4,32.8,34.0,34.4,34.4,34.8,35.2,34.1,32.8,33.6,34.1,33.2,33.3,33.8,33.9,33.6,34.3,34.0,33.0,33.4,33.5,33.3,33.7,33.9,33.8,33.3,34.4,33.8,31.8,33.9,34.0,33.9,34.1,33.7,33.4,35.5,34.5,33.8,34.4,33.7,nan,32.8,33.9,34.0,33.0,33.0,33.6,33.2,33.7,33.5,33.1,34.2,32.3,34.3,33.1,34.1,33.2,34.3,33.8,32.6,34.4,33.1,33.7,33.3,33.0,33.7,34.3,33.9,34.7,33.8,34.7,33.5,33.8,32.7,34.6,33.5,33.6,33.1,33.9,33.8,32.6,32.9,34.0,34.4,33.2,33.5,34.3,33.8,34.0,34.6,34.0,34.4,33.6,33.4,33.3,33.4,34.5,33.5,33.7,34.2,34.0,34.2,34.4,33.3,33.6,33.5,33.9,34.2,33.5,33.7,33.3,33.9,33.9,33.1,32.8,33.3,32.9,33.7,33.7,34.2,33.6,34.0,33.3,34.2,33.7,33.9,34.0,33.5,32.7,33.3,34.0,34.6,34.4,34.5,34.9,34.8,34.6,33.1,33.4,33.2,33.9,33.7,33.6,32.9,33.6,33.2,34.1,33.6,33.3,34.0,33.3,34.8,33.5,32.6,34.8,34.5,34.0,33.0,32.4,34.7,33.8,33.4,34.2,34.5,34.8,34.0,34.2,34.9,34.4,33.7,34.0,33.5,32.1,33.5,33.4,33.5,33.9,34.0,33.4,33.8,34.2,32.9,33.6,34.4,32.9,33.7,34.8,32.3,34.3,33.4,34.0,33.6,32.9,32.7,33.4,34.3,34.8,34.7,33.7,35.0,34.0,33.4,33.7,33.9,34.2,33.2,33.5,34.3,34.1,33.7,34.0,33.7,33.6,33.4,34.4,35.2,33.2,34.2,34.6,33.2,34.3,33.7,33.3,33.4,33.2,34.2,34.1,34.3,34.3,34.3,34.1,34.3,33.8,33.7,33.2,33.9,33.6,33.2,33.8,33.5,33.2,33.6,33.2,34.1,33.9,34.5,34.1,33.5,34.4,35.5,34.0
1785307076.970588,2254,33.1,33.0,33.2,32.3,33.6,33.5,32.6,33.2,32.9,32.7,32.3,32.0,33.5,32.7,32.9,32.9,32.6,33.5,32.9,33.1,33.5,32.4,33.0,33.0,33.2,33.4,33.1,33.0,33.5,34.1,32.8,32.8,33.5,33.3,33.7,33.8,33.4,32.6,33.2,31.7,33.4,32.3,33.0,32.6,33.9,32.4,33.3,32.3,33.0,32.4,33.3,32.8,33.3,33.2,32.9,32.0,32.8,32.6,33.3,33.9,35.2,33.4,32.4,33.8,34.2,34.8,31.4,33.0,32.9,33.2,32.1,33.1,33.3,34.0,32.8,32.8,32.7,33.7,32.7,32.7,33.1,33.4,32.2,33.2,32.4,33.3,32.5,32.8,32.8,33.1,32.2,32.6,33.8,33.6,33.2,32.8,34.0,34.0,33.5,34.6,33.3,33.4,33.2,33.1,33.7,32.7,30.8,33.3,33.3,33.2,32.0,32.8,33.7,32.9,33.5,32.3,32.8,33.4,33.2,32.4,33.5,33.5,33.0,33.3,32.3,32.4,32.2,33.5,34.1,34.1,32.3,33.2,33.2,33.7,32.9,32.4,33.0,32.6,32.1,32.9,33.1,33.3,32.8,33.1,33.9,34.0,32.8,33.2,33.2,33.0,32.9,33.1,33.1,33.0,33.1,33.4,32.9,33.6,34.4,32.0,35.2,32.1,33.2,33.6,34.6,32.2,33.2,33.2,33.8,33.8,32.9,32.8,33.4,33.2,33.0,32.5,33.4,32.8,32.7,32.6,33.6,32.9,33.4,33.0,34.0,32.4,32.3,32.3,33.1,32.0,33.1,33.1,34.1,34.0,33.5,32.9,33.3,33.1,32.8,32.8,34.0,34.4,32.5,32.3,31.8,32.8,34.2,32.7,33.5,32.9,33.7,32.8,33.4,33.5,33.5,32.6,34.0,33.5,32.7,32.7,33.8,33.9,33.4,33.7,34.6,33.3,32.5,33.7,32.6,33.6,33.2,33.5,35.5,35.6,33.8,32.6,32.1,32.5,32.8,33.5,32.7,33.5,33.1,32.6,33.5,34.0,33.0,32.6,33.2,31.7,32.7,32.7,33.7,33.1,33.4,33.6,33.1,34.1,34.0,32.5,33.0,33.6,32.9,33.6,34.7,35.9,34.2,32.5,33.0,33.6,33.3,33.4,33.8,33.4,32.8,32.9,33.1,33.1,31.7,33.4,32.9,34.4,33.4,32.4,33.8,32.8,33.7,33.9,33.3,32.8,33.0,33.9,32.1,32.7,32.8,32.8,35.2,35.2,33.4,33.5,32.7,33.2,32.3,33.4,33.8,32.4,32.6,33.2,33.8,32.9,33.2,32.7,32.9,32.8,32.8,33.3,34.2,32.6,32.4,33.3,33.3,32.4,33.3,33.3,33.2,33.0,33.6,33.6,35.5,35.6,34.8,34.1,33.3,33.4,33.4,33.5,33.0,32.7,33.3,34.3,33.6,32.4,32.7,32.6,32.7,33.7,33.3,32.7,32.8,33.3,33.9,32.6,33.8,33.2,32.7,33.0,33.9,32.6,33.8,34.8,35.6,34.6,33.6,34.3,34.3,33.1,32.5,32.7,33.2,33.1,32.8,33.7,33.2,33.2,33.1,34.2,34.1,33.7,32.6,32.6,33.8,31.7,32.9,33.5,32.3,33.3,33.3,33.6,33.3,33.3,34.0,34.8,34.6,34.5,35.7,35.0,34.7,33.6,32.7,33.0,33.2,33.0,33.6,34.1,33.2,33.6,33.9,33.1,32.9,33.2,32.9,33.0,34.2,33.6,33.1,33.4,33.8,32.9,33.7,32.6,33.1,33.1,33.5,34.5,35.6,33.6,33.9,35.1,34.6,33.6,33.5,33.1,33.5,33.0,33.2,34.2,33.5,34.0,33.1,32.5,34.1,33.0,33.0,33.6,34.6,32.8,33.1,33.4,33.8,33.5,33.5,34.0,33.5,34.1,34.2,34.3,34.5,34.7,34.7,35.2,33.3,34.2,33.0,33.0,32.6,33.0,34.3,33.5,32.3,33.4,32.8,33.1,33.6,33.5,33.5,32.4,32.4,34.0,33.9,32.8,33.9,33.8,33.0,32.5,33.6,33.5,33.9,33.3,33.9,34.8,34.1,34.0,33.5,33.4,33.3,32.6,34.2,32.6,33.9,33.8,34.8,33.4,33.0,33.6,34.1,33.3,33.5,33.3,33.1,33.4,33.7,33.4,33.6,34.1,33.5,33.5,33.6,33.9,33.3,33.6,34.7,34.8,33.8,34.2,33.1,33.3,33.1,32.6,32.8,33.8,33.6,33.8,33.3,33.8,33.3,33.0,34.4,33.5,33.9,32.5,33.7,33.8,33.1,33.4,33.5,32.2,33.1,32.5,33.0,33.2,33.9,33.1,34.3,34.4,33.8,34.2,32.9,nan,33.6,32.4,33.8,33.4,32.5,33.3,34.0,33.4,33.3,33.2,33.5,33.0,33.4,33.0,34.7,33.2,32.7,33.6,34.1,33.3,33.7,34.0,33.3,33.3,32.6,34.0,33.9,34.9,33.4,34.2,33.2,34.1,33.0,33.1,33.8,32.6,33.4,33.6,33.3,33.3,32.7,32.6,33.9,33.7,33.7,33.1,33.6,33.4,33.0,33.6,34.2,33.6,32.7,34.3,33.9,33.2,33.7,33.8,34.2,34.0,33.7,34.2,33.9,33.4,33.0,33.5,33.2,33.1,33.5,33.5,33.7,32.9,33.1,33.4,33.3,34.3,33.1,33.8,34.8,34.1,33.6,34.4,34.4,33.5,32.9,32.8,33.6,34.1,33.3,33.6,33.9,34.0,35.3,33.7,35.0,34.6,33.1,33.1,33.1,33.4,33.6,32.5,32.7,34.8,33.9,33.1,33.4,33.5,33.5,33.3,33.1,33.5,33.7,33.9,34.7,33.8,33.0,34.3,33.9,33.8,32.5,33.5,34.3,35.4,34.0,34.2,34.2,33.4,34.4,33.8,33.5,33.1,32.8,33.6,33.1,34.1,32.9,34.1,33.4,33.8,33.3,33.4,34.4,34.1,34.8,34.5,33.0,34.5,34.3,33.5,33.4,32.8,33.6,33.6,34.1,35.1,33.9,33.2,34.1,34.2,33.2,33.5,33.9,33.2,34.8,32.5,34.8,34.1,33.7,34.0,33.9,33.8,34.0,34.0,34.0,34.5,34.6,34.6,33.2,33.6,32.1,33.3,33.8,34.0,33.2,34.3,34.1,33.5,33.7,33.1,33.7,34.3,33.0,33.6,34.4,33.5,32.8,33.6,33.3,32.5,33.3,33.7,33.5,32.4,33.1,33.9,34.9,34.6,33.3,35.8
1785307079.0693135,2255,32.0,31.8,32.9,33.7,31.8,32.1,32.6,32.7,32.4,31.6,32.3,32.9,31.7,32.8,33.7,32.8,33.2,31.7,33.7,33.2,32.8,32.1,32.1,33.3,32.4,32.2,33.1,33.4,32.8,32.8,33.8,34.0,32.9,33.4,32.6,33.6,33.0,31.7,32.0,33.8,32.5,32.2,33.1,32.4,31.8,32.6,32.5,31.8,32.2,32.0,33.2,33.0,33.0,32.3,32.4,33.6,32.5,33.0,32.5,33.9,32.2,32.5,32.8,34.4,33.0,32.5,33.3,33.1,33.5,32.9,32.8,33.0,32.5,32.0,32.3,32.7,32.2,33.4,31.8,33.4,32.8,33.1,33.1,32.2,32.8,32.6,33.9,32.0,32.6,32.4,32.6,33.7,32.9,32.2,33.2,33.9,33.4,33.1,33.0,33.0,32.1,32.4,33.1,31.9,33.2,33.2,32.7,32.9,32.3,32.3,32.3,32.9,32.7,33.2,32.7,32.9,33.4,32.5,32.9,33.3,32.3,32.5,32.9,34.4,33.0,33.3,34.0,33.5,32.4,32.2,33.2,33.5,33.8,32.4,32.5,33.3,32.3,32.2,32.0,33.3,32.7,32.7,32.3,33.2,32.4,32.6,33.7,33.6,32.4,31.7,33.4,33.5,33.5,33.1,32.5,33.2,32.5,32.7,32.4,33.5,34.1,33.2,33.5,33.0,33.1,33.1,33.1,32.1,32.7,33.3,33.5,32.5,32.7,32.1,33.4,31.8,33.0,32.5,32.7,32.8,32.4,32.6,33.1,32.9,32.8,32.6,33.2,33.5,33.2,33.6,31.6,34.0,33.4,32.7,32.9,33.4,32.7,33.1,32.3,32.5,34.3,33.5,33.1,33.0,32.8,32.6,32.8,33.1,33.0,32.8,33.4,33.3,33.4,32.5,32.7,32.5,32.5,32.0,33.2,33.3,32.8,32.2,33.4,33.8,32.2,32.9,33.4,33.9,33.4,31.9,33.3,33.0,34.2,34.9,34.0,32.6,32.4,33.2,33.0,33.2,32.9,32.9,33.2,33.9,33.0,32.8,32.7,33.1,32.0,33.6,33.5,33.2,32.7,32.5,33.3,33.6,32.2,32.7,32.6,33.4,33.0,33.5,33.1,33.3,34.6,35.3,34.4,33.4,33.0,32.5,32.7,33.6,33.0,33.6,33.1,33.5,32.3,33.0,33.8,34.3,33.2,31.7,32.7,33.2,33.1,33.1,32.7,33.3,32.4,33.8,33.5,33.8,32.7,33.5,33.0,34.1,34.1,35.9,33.2,33.3,32.9,31.8,33.5,33.7,32.6,32.9,33.3,33.6,32.4,33.7,32.8,33.4,32.6,32.6,33.2,33.1,33.3,32.2,32.5,32.7,33.7,33.2,32.9,33.8,33.2,32.9,32.7,34.0,34.9,35.5,34.7,35.4,33.6,33.5,33.4,32.5,33.0,32.6,33.0,33.8,33.2,33.1,33.1,33.3,33.2,32.8,33.3,33.4,33.2,33.5,33.2,33.3,33.0,32.0,33.0,33.6,33.5,33.1,33.9,34.8,34.8,35.1,34.6,34.8,34.3,33.2,33.0,33.4,32.8,33.1,33.0,33.1,33.9,33.7,33.0,33.4,32.6,32.5,32.3,33.1,32.7,33.6,32.8,32.5,33.2,33.4,31.7,33.7,32.9,33.6,33.7,35.0,34.4,34.1,34.2,34.4,34.1,32.7,33.5,33.5,32.9,32.2,33.1,33.8,33.5,32.9,33.6,33.3,33.8,31.8,33.3,32.9,33.3,32.4,32.4,32.9,33.1,32.9,32.6,32.8,33.2,33.3,34.3,34.3,34.6,34.8,34.5,34.7,34.2,33.6,33.2,33.8,32.6,33.0,32.4,33.3,32.9,33.1,33.5,32.9,32.3,32.7,33.2,33.5,32.5,32.5,33.0,33.8,33.2,33.0,33.7,33.5,33.9,32.2,33.8,34.4,34.9,34.2,34.6,34.1,33.6,33.3,33.0,33.0,33.5,33.5,33.5,34.0,33.0,33.0,34.1,33.5,32.8,32.4,33.2,33.7,32.6,33.4,33.3,33.3,32.3,33.6,34.2,32.9,32.7,33.0,34.5,33.8,34.0,33.8,34.3,33.2,33.1,33.3,34.0,33.1,32.9,32.2,33.1,34.1,32.9,33.9,33.7,32.9,32.8,32.8,33.2,33.7,33.0,33.6,32.6,33.1,33.0,32.7,33.1,34.1,32.7,33.2,33.3,33.3,34.1,34.7,34.0,34.1,33.9,32.2,33.0,32.4,33.3,32.4,33.6,33.2,33.3,32.8,33.5,33.8,32.9,32.9,33.0,32.7,33.9,33.1,33.8,32.7,32.6,33.1,33.4,33.1,32.7,32.9,33.1,33.3,34.7,34.5,34.5,33.7,33.8,nan,33.7,33.1,32.8,33.0,33.4,33.6,32.7,33.4,33.2,33.2,33.5,33.3,33.8,33.0,33.2,32.2,33.8,34.2,33.9,33.6,34.6,34.3,33.7,33.4,33.9,33.7,34.4,33.6,34.9,33.4,33.5,33.0,32.8,33.6,32.7,32.2,34.1,34.3,32.8,33.0,33.1,33.4,32.9,32.3,33.3,33.8,34.6,33.1,33.8,33.9,34.1,32.8,33.6,34.3,32.1,32.1,34.1,34.2,33.9,33.2,34.6,33.9,34.1,33.1,33.2,32.7,32.9,33.0,33.4,33.3,33.1,32.9,32.5,34.2,33.2,33.3,33.2,34.2,33.4,33.8,33.7,34.4,32.4,33.1,33.5,33.5,32.9,33.0,34.1,33.7,33.1,33.7,33.6,34.6,33.4,33.1,33.9,33.8,33.3,32.1,32.9,34.1,32.9,32.6,34.1,32.9,32.9,33.7,32.9,33.4,33.7,34.0,33.1,34.5,33.0,34.7,33.3,33.3,33.4,33.8,33.3,33.7,34.0,33.4,34.6,33.7,34.6,33.1,33.7,33.1,33.4,33.4,32.8,33.8,33.2,33.9,33.1,33.4,32.4,32.7,32.4,33.6,33.9,33.1,34.0,34.1,33.2,33.3,32.3,34.5,34.4,33.5,33.5,32.7,33.7,34.1,33.4,33.6,33.6,32.9,34.1,33.8,31.6,31.9,33.2,34.1,33.6,32.2,34.1,32.8,33.3,32.8,34.2,33.9,34.4,32.5,34.0,34.9,32.2,32.9,32.9,32.7,33.0,32.4,32.9,34.5,33.2,33.7,33.4,33.8,33.1,33.1,33.6,33.1,33.6,33.0,33.4,33.1,33.7,32.9,33.7,33.4,32.8,33.5,33.6,33.9,33.0,34.0,33.8,35.3
1785307081.2800379,2256,33.9,33.8,32.7,32.9,32.5,32.3,32.6,32.7,33.0,32.2,31.9,33.1,32.8,32.2,33.3,33.0,33.5,33.0,32.8,32.8,32.8,33.4,31.9,32.7,32.8,33.5,33.1,33.4,32.6,33.5,32.8,34.0,34.0,32.8,34.0,33.1,33.5,32.8,32.7,33.4,33.7,32.6,32.6,32.4,32.2,32.4,32.6,33.1,33.6,32.6,33.6,32.8,32.9,33.3,33.0,32.2,32.7,33.6,32.5,32.4,32.5,32.1,32.8,33.6,32.3,34.0,32.4,34.1,33.3,33.3,33.2,33.0,32.5,32.2,33.0,32.9,32.9,32.9,31.5,32.4,31.9,33.5,32.9,32.4,32.6,33.3,32.9,33.7,32.4,32.8,33.0,33.5,33.6,33.9,31.1,34.1,33.6,33.1,32.5,32.3,33.4,32.4,33.1,32.3,33.0,33.3,33.4,32.4,32.8,32.8,33.0,32.3,33.4,32.9,32.7,33.2,32.7,33.0,33.6,32.4,33.6,32.9,33.3,32.8,33.9,33.3,33.3,33.5,32.9,32.9,31.7,33.1,33.4,33.4,33.1,34.1,32.9,32.9,32.3,33.1,32.0,33.4,33.0,32.5,33.1,32.4,32.8,32.9,33.0,33.4,33.1,33.0,33.0,32.9,32.4,33.2,32.9,33.3,33.3,33.5,34.2,33.5,34.4,33.0,33.3,33.3,33.7,33.4,33.0,32.8,33.7,32.0,32.4,32.9,33.6,32.3,33.3,34.0,33.3,33.5,33.0,32.6,33.3,32.9,33.2,32.6,33.4,33.7,33.8,33.8,34.0,32.7,33.0,33.6,32.3,34.4,32.4,32.8,32.7,33.6,32.9,33.6,32.3,33.9,33.3,32.6,33.6,32.6,32.7,33.6,32.9,33.2,33.1,33.9,33.0,33.7,32.3,33.0,33.1,33.1,33.2,33.2,32.4,32.9,33.3,34.0,33.2,31.9,32.5,33.6,32.6,32.1,35.6,35.3,33.9,33.1,32.4,32.2,32.8,32.9,32.9,32.4,33.0,33.1,33.0,33.5,32.9,31.9,32.9,32.6,32.9,33.2,33.4,33.5,32.0,32.8,33.3,32.7,32.8,33.6,32.6,33.0,32.6,33.3,34.7,35.7,33.9,33.0,32.8,33.0,32.7,33.1,33.0,33.0,33.4,33.6,32.8,32.3,33.3,32.9,33.0,33.6,33.8,33.2,33.1,33.7,32.5,32.9,33.0,32.6,33.5,32.6,32.2,32.9,33.9,33.9,35.0,35.1,34.4,34.1,33.0,32.3,33.3,32.6,33.2,32.9,33.2,33.6,33.4,32.3,33.5,33.4,33.5,33.2,33.0,33.3,34.0,32.6,32.3,33.7,33.8,34.2,33.5,33.6,32.8,33.1,33.1,34.0,35.2,36.2,34.9,34.1,33.5,33.3,33.0,33.0,31.9,32.6,32.5,33.5,32.9,33.0,32.6,32.3,32.4,32.8,32.6,33.1,33.0,32.6,32.8,33.1,33.5,31.8,32.8,32.6,32.8,33.7,34.1,34.1,35.6,35.1,34.1,34.5,33.9,33.9,33.2,33.4,33.1,32.3,33.2,33.3,32.8,32.8,33.0,33.4,33.5,33.2,33.1,32.8,32.5,33.1,33.6,34.3,32.8,33.4,33.1,32.9,33.8,33.8,33.3,34.5,35.1,34.9,33.9,35.4,33.2,33.2,33.2,34.3,33.5,32.5,33.1,32.9,33.0,32.9,32.8,33.3,32.6,32.3,33.7,33.8,32.8,33.4,33.4,33.7,32.9,32.9,33.6,34.0,33.5,33.0,33.1,34.3,35.0,33.8,34.8,34.4,35.0,33.0,32.6,33.0,34.0,33.1,32.9,32.9,33.2,33.4,33.4,32.9,33.3,33.0,34.3,32.8,32.8,33.8,34.0,33.8,34.1,33.6,32.1,33.5,33.7,32.8,33.5,34.5,34.2,34.3,34.4,34.8,33.8,33.8,33.2,33.0,33.4,33.2,32.8,33.2,32.8,33.2,33.3,33.0,33.3,32.9,32.3,34.1,32.4,33.0,33.8,32.9,34.2,33.0,33.8,33.5,33.6,33.2,33.6,33.5,35.0,34.0,34.5,33.2,32.9,33.1,33.2,33.0,33.4,33.5,33.7,33.0,34.5,33.8,33.0,32.8,33.3,31.8,33.4,32.6,32.8,33.6,33.0,33.5,32.8,33.0,33.5,33.9,32.7,32.9,33.0,33.5,34.8,34.6,33.5,34.8,33.5,32.8,33.0,33.8,33.2,33.0,34.0,33.8,33.5,33.7,32.3,33.3,33.8,32.4,33.9,34.2,34.5,32.4,32.3,33.9,33.0,32.7,32.6,34.1,33.4,33.4,33.3,32.7,34.7,35.2,33.3,34.0,33.1,nan,33.2,33.3,33.9,33.3,32.6,33.5,33.9,33.3,33.0,33.9,33.5,33.3,32.7,33.2,33.8,33.8,34.8,34.2,33.7,32.5,33.8,33.7,33.1,34.0,33.5,34.2,34.1,33.9,33.6,34.3,33.5,33.5,33.7,33.3,32.4,33.3,32.6,34.2,32.8,33.7,33.1,34.5,33.1,32.5,33.7,33.8,33.5,32.7,33.8,33.9,34.1,32.8,33.0,33.5,32.9,33.2,33.2,33.5,33.7,33.2,34.2,34.5,34.3,33.1,33.1,33.6,33.6,33.0,33.6,33.2,33.7,33.9,33.4,34.1,33.2,33.5,34.5,34.2,33.7,34.0,33.7,33.4,35.3,33.8,33.1,34.3,33.7,33.4,33.0,33.5,33.6,34.3,32.6,34.8,34.0,34.0,32.6,33.8,32.5,33.5,33.6,33.3,33.1,32.3,33.1,33.2,33.1,33.6,33.5,33.7,34.3,33.0,31.8,34.2,33.0,34.0,33.9,33.7,33.2,32.6,33.7,33.9,34.0,33.9,34.3,34.2,33.8,33.3,33.1,34.1,33.2,32.8,33.0,33.6,33.7,33.1,34.6,32.7,33.5,33.8,33.4,33.5,33.9,33.3,34.4,33.9,33.5,33.7,32.8,34.1,35.0,33.3,33.7,33.5,34.8,34.1,33.6,33.9,33.6,34.1,33.4,33.1,33.2,33.3,33.6,33.6,32.5,33.4,33.6,33.3,33.7,33.3,34.4,34.1,33.4,34.4,35.1,34.9,33.6,32.9,33.7,34.0,33.7,32.8,32.4,33.0,34.0,34.5,33.3,32.9,34.0,33.5,33.3,33.3,33.6,33.0,33.9,33.5,33.4,34.0,33.7,32.7,33.2,35.0,34.6,34.1,33.0,34.0,34.3,34.7
1785307083.3713388,2257,34.0,33.2,32.8,33.4,32.8,33.6,32.2,33.1,33.3,33.0,32.8,33.1,32.5,33.9,33.0,32.8,32.7,32.5,33.2,33.2,32.5,32.8,32.6,33.1,32.3,32.2,33.6,33.2,33.6,33.5,33.2,33.2,33.4,34.0,32.6,33.2,32.8,33.3,32.0,33.5,33.5,32.3,32.9,33.6,33.1,32.3,33.0,33.0,33.1,32.5,32.5,33.1,33.2,33.4,32.0,32.7,33.3,32.7,33.6,33.6,33.1,33.7,33.1,33.7,33.1,33.7,33.0,33.2,33.8,33.3,32.9,32.2,33.0,33.0,32.0,33.4,33.3,34.0,33.4,33.3,33.2,33.3,32.6,33.1,32.5,32.6,33.3,33.1,33.3,33.4,33.3,33.5,33.0,33.3,32.4,33.2,33.6,32.9,33.0,33.3,32.3,32.7,32.7,32.0,34.9,33.0,32.5,32.5,31.6,32.2,32.4,33.3,33.4,32.8,33.5,33.2,33.7,33.3,32.4,32.7,33.3,33.0,33.5,33.5,34.5,32.1,32.1,33.2,32.5,33.8,32.6,34.1,32.3,32.6,33.2,32.9,32.4,32.7,33.0,32.5,32.9,32.5,32.7,32.5,32.6,33.1,33.3,33.9,33.6,33.6,32.8,33.5,33.1,33.7,32.8,33.4,32.4,34.3,33.2,33.0,34.8,34.2,32.9,32.6,32.5,33.2,32.6,32.4,33.2,33.3,33.5,32.3,33.9,32.5,33.1,32.6,33.6,34.0,32.4,32.9,33.0,33.0,33.0,33.7,32.1,31.8,32.4,32.8,32.4,32.3,32.1,32.4,33.3,33.2,33.2,33.2,32.8,32.4,33.7,32.5,33.9,33.6,33.9,33.2,33.7,33.1,32.6,32.4,33.1,33.8,33.7,33.2,33.5,33.0,33.0,33.9,32.7,33.2,33.1,32.7,33.5,33.2,33.7,33.6,33.3,33.9,32.6,33.0,33.2,33.3,32.9,32.7,34.1,34.8,33.5,34.1,32.5,32.9,32.8,33.3,33.7,32.8,32.5,32.7,33.0,32.4,32.3,32.7,33.4,32.5,32.9,32.4,34.2,33.0,32.3,33.3,32.6,34.0,33.1,33.2,32.5,33.3,33.4,34.2,35.7,35.3,34.1,33.9,32.8,33.5,32.9,32.8,33.4,33.7,33.7,32.8,33.2,32.5,34.2,33.9,33.6,32.8,33.2,32.6,33.2,32.9,33.4,32.7,33.9,32.9,32.9,33.9,32.7,33.7,33.4,33.7,34.2,36.0,34.2,33.4,32.9,33.1,32.9,34.0,33.5,33.3,32.2,33.8,34.0,32.9,32.0,33.3,34.0,33.4,33.2,32.0,32.6,32.7,32.8,33.0,32.8,33.8,32.4,33.0,32.7,34.3,31.9,33.9,36.0,35.5,35.8,34.9,33.6,33.2,33.5,33.5,33.9,32.4,33.6,33.8,33.3,33.3,32.3,32.6,33.5,32.6,33.6,32.7,33.4,33.5,33.5,33.3,34.1,33.1,32.0,33.1,32.4,33.4,33.4,35.1,35.0,34.7,34.5,34.6,34.5,34.0,33.2,32.2,33.1,33.7,32.7,33.3,33.9,33.2,33.0,33.1,32.8,33.3,33.2,33.1,33.0,32.4,33.0,32.8,33.9,34.0,33.0,32.9,33.9,33.8,35.2,33.8,35.8,34.7,34.7,34.9,34.5,34.8,33.6,33.0,33.1,33.3,32.4,33.4,33.1,34.2,33.1,33.6,33.5,33.0,33.8,34.5,33.6,33.0,33.4,34.1,33.7,33.4,33.4,33.3,34.8,34.0,33.8,33.9,35.9,34.9,33.8,35.1,35.0,34.3,32.9,33.9,33.6,32.3,32.9,33.4,33.1,33.0,32.9,33.0,32.1,33.5,33.6,33.4,33.9,33.5,33.0,34.1,34.2,34.2,33.6,34.5,33.8,33.5,34.3,34.4,34.8,34.6,34.1,34.1,33.9,33.2,34.2,33.0,33.3,33.3,33.2,33.5,33.7,33.2,32.5,32.6,33.2,33.8,32.9,34.3,33.6,33.2,33.6,33.3,33.2,33.9,33.6,33.6,32.8,32.9,33.8,33.4,34.0,35.1,33.4,33.6,32.9,33.4,32.9,33.1,33.3,33.9,33.5,33.9,33.2,33.4,32.9,33.2,33.0,33.4,32.5,33.4,33.4,34.3,33.2,32.8,33.3,33.4,33.4,33.8,33.9,32.7,33.8,33.2,34.2,34.2,33.7,34.0,33.4,33.2,33.4,32.9,33.7,33.4,33.9,33.8,33.4,33.7,33.2,33.6,33.0,33.4,33.1,33.1,32.7,32.9,34.3,33.5,33.0,33.6,32.8,33.2,33.1,33.3,32.7,32.6,35.0,34.1,35.5,34.5,33.3,nan,33.1,33.2,32.8,33.4,33.2,33.1,33.9,33.3,33.4,34.0,33.0,32.9,32.2,33.1,33.8,32.9,33.6,33.9,33.8,33.6,33.8,32.9,34.0,33.1,34.0,33.5,34.9,34.4,34.2,34.5,33.6,33.8,32.9,33.0,34.1,33.2,33.7,33.2,33.7,32.8,33.0,32.5,32.8,33.4,34.0,33.6,33.2,33.3,33.5,34.1,33.7,33.9,32.6,33.4,33.8,33.1,32.5,34.1,34.2,34.7,34.8,34.3,34.1,33.4,32.7,33.7,34.1,33.2,33.6,33.7,33.8,32.8,32.7,33.5,33.3,33.6,32.9,33.0,33.4,32.7,33.9,33.2,34.5,34.0,34.0,33.7,33.0,33.4,33.8,34.1,34.6,33.7,34.6,35.0,34.6,34.7,33.2,33.5,33.1,33.8,34.0,33.5,33.9,33.5,34.4,34.3,33.3,33.6,33.8,32.4,33.6,33.2,34.7,33.6,33.0,33.3,33.5,34.4,32.3,34.1,33.1,35.1,34.7,34.7,35.0,33.6,34.1,34.2,32.2,33.2,33.6,33.4,32.7,34.1,34.2,34.0,32.4,33.8,32.4,33.7,33.6,33.4,34.7,34.4,33.8,34.0,33.8,34.7,34.0,33.2,33.3,33.9,32.8,33.1,34.0,34.1,33.5,33.9,33.9,33.6,33.7,33.3,33.5,33.4,34.4,33.3,33.9,33.8,34.4,33.1,34.2,33.2,33.7,33.7,34.9,33.8,33.4,35.6,33.8,33.3,34.0,32.3,33.5,33.3,32.6,32.7,33.6,34.2,34.7,32.6,35.0,34.6,34.0,33.0,33.4,33.4,34.0,33.8,33.8,33.2,33.0,34.0,33.8,33.4,33.0,34.2,33.8,35.0,33.6,35.2
1785307085.5741742,2258,34.7,33.2,35.5,32.2,33.6,33.6,33.5,32.3,33.2,33.2,33.5,32.9,32.1,32.3,33.5,33.7,32.6,32.8,33.5,33.6,33.2,33.8,33.3,33.3,33.6,32.9,34.4,33.2,33.7,32.9,34.1,33.5,32.7,33.6,33.6,33.3,33.9,32.2,32.7,33.2,33.3,33.4,32.0,33.4,32.0,32.9,32.7,34.6,32.9,32.8,33.0,33.0,33.2,32.5,33.0,33.6,32.0,33.2,32.8,34.4,33.2,33.2,33.4,34.1,33.5,34.0,33.6,32.9,33.5,32.9,33.2,32.7,33.3,33.0,33.2,31.8,32.9,33.3,33.1,32.9,33.5,33.1,32.9,32.4,32.8,33.5,33.6,33.3,32.6,33.4,33.6,32.5,33.6,32.9,33.0,33.2,33.2,33.3,31.6,32.8,33.0,32.8,33.1,34.1,33.2,33.3,33.4,33.5,31.6,32.3,32.5,32.7,32.7,33.6,32.9,33.6,32.2,32.2,33.1,32.8,32.5,32.9,31.9,32.8,32.4,32.3,32.9,33.5,33.9,32.0,33.2,34.2,31.8,32.3,33.5,32.2,33.2,32.4,33.2,32.8,33.5,33.1,34.0,32.9,33.1,33.3,33.2,32.6,33.4,32.6,33.8,32.8,33.1,33.9,33.3,32.3,33.1,34.1,31.8,33.9,32.8,32.8,33.5,34.3,33.5,33.0,32.4,33.4,32.5,32.5,32.7,33.0,33.4,32.1,33.1,33.0,32.8,32.3,32.8,33.0,33.6,32.9,33.0,32.4,33.2,32.8,33.4,33.1,33.2,33.2,33.9,33.2,33.5,33.2,33.4,33.2,32.0,33.2,33.1,33.6,33.3,34.0,33.2,33.2,33.8,32.6,33.1,32.3,32.9,33.7,32.8,33.0,33.0,32.6,33.0,32.9,32.7,33.2,34.2,32.8,33.6,32.9,33.9,33.4,32.9,33.6,33.2,33.7,31.9,33.1,33.1,34.1,33.9,35.1,33.4,33.0,33.4,33.2,33.0,34.0,33.1,32.4,32.2,32.9,32.9,32.5,33.3,33.3,33.1,32.8,32.6,32.9,33.5,33.1,32.7,33.2,33.3,33.6,33.6,34.6,33.6,32.8,33.7,33.9,35.1,35.5,34.7,33.4,33.3,33.0,33.6,33.3,33.5,32.9,33.3,33.5,33.9,33.2,33.1,33.3,32.2,32.1,33.1,32.8,33.6,32.8,33.5,34.0,32.8,33.4,33.3,34.0,33.5,33.5,32.7,33.9,34.7,35.1,33.9,33.7,32.7,32.9,33.3,33.6,33.1,32.9,32.5,32.9,33.2,32.9,32.8,33.6,32.6,33.2,32.9,34.4,33.0,32.2,33.2,34.3,33.6,33.2,33.7,33.1,32.8,33.3,32.7,33.2,34.9,35.2,35.0,34.5,33.8,32.9,33.1,33.2,32.6,33.5,33.0,32.9,31.8,33.3,33.4,32.3,31.8,33.1,33.5,34.4,33.7,33.0,33.4,32.5,32.9,32.4,32.0,33.8,32.8,33.2,32.7,34.3,34.7,35.3,34.3,35.0,35.0,33.7,33.0,33.7,32.3,33.3,32.7,32.9,32.9,33.9,32.8,33.0,33.1,34.5,32.6,33.9,33.2,32.0,33.2,33.6,32.8,33.4,33.5,33.3,33.1,33.5,34.4,34.9,34.3,33.9,35.2,34.7,34.8,33.5,33.8,32.9,33.8,33.8,33.1,33.6,33.5,32.9,33.0,34.0,33.1,32.8,33.7,33.4,33.9,32.8,33.0,33.5,33.5,33.3,32.8,34.2,33.0,33.5,33.4,35.3,34.5,35.0,34.8,35.2,33.6,33.5,33.7,33.5,32.8,33.2,33.1,33.1,33.3,33.6,33.4,33.1,33.3,33.2,32.7,33.5,32.3,32.9,32.8,34.4,33.2,33.2,33.5,32.4,33.5,33.1,34.0,34.7,34.7,34.1,34.5,34.3,33.8,33.0,34.3,32.9,33.7,32.9,33.5,33.5,33.1,32.7,34.1,33.8,33.1,33.0,33.9,32.7,34.3,32.9,34.0,33.7,33.6,33.0,32.3,32.9,33.0,33.6,33.8,34.0,34.0,34.3,34.0,34.1,33.1,33.3,32.6,33.5,33.5,33.8,33.0,33.5,32.9,33.8,32.7,34.3,32.5,32.7,33.6,33.0,34.0,33.1,33.4,34.1,32.6,33.2,33.9,33.0,33.5,33.5,34.4,32.8,34.6,33.8,34.3,34.6,34.1,32.9,33.0,32.9,32.8,33.7,33.2,33.5,33.6,34.0,33.1,32.4,33.3,33.3,33.5,33.8,33.5,33.7,34.4,33.7,33.7,33.7,32.4,34.1,33.8,33.6,32.7,34.2,34.2,34.2,32.5,35.2,34.0,nan,32.9,33.4,33.3,33.5,32.9,33.1,33.1,33.3,33.0,33.6,33.7,33.3,32.9,32.8,33.3,32.4,33.6,34.6,34.8,33.4,34.0,33.2,33.1,32.9,34.1,34.1,33.6,34.9,33.4,33.8,33.5,33.5,32.9,32.8,32.9,33.0,33.5,33.4,33.5,33.5,33.9,33.1,33.6,34.1,33.3,33.6,33.3,34.1,34.0,32.7,33.7,32.3,33.1,33.8,34.0,33.4,32.9,34.4,34.3,33.6,33.9,33.9,33.3,33.0,33.3,34.1,33.1,33.6,33.5,33.7,32.9,34.3,33.4,34.1,33.9,33.5,33.8,33.1,34.0,33.4,34.3,34.2,33.3,33.8,33.8,33.5,32.3,33.6,33.0,33.5,34.1,33.8,34.8,34.7,33.8,33.5,33.6,33.5,33.5,32.8,33.4,33.3,33.6,33.2,33.6,33.6,33.4,33.6,34.3,33.0,33.5,33.5,34.2,33.4,34.6,33.8,32.9,33.7,33.5,33.8,33.5,34.3,33.4,34.8,33.3,34.9,33.6,33.8,33.1,34.3,33.8,33.4,33.2,33.1,33.2,34.1,33.7,33.9,32.0,33.5,32.2,33.1,33.3,34.7,34.0,35.7,33.0,34.2,35.2,33.7,34.6,33.4,33.3,33.7,33.4,34.3,34.3,33.4,33.2,33.6,34.0,32.6,32.9,32.8,33.2,34.2,32.7,33.8,33.9,32.2,33.7,32.8,34.6,33.5,33.0,34.0,34.4,33.6,32.4,33.2,33.6,32.9,34.3,33.2,33.2,33.2,33.5,33.2,33.5,33.8,33.7,33.6,33.1,33.1,33.5,33.7,32.5,34.0,32.7,33.8,33.4,34.7,34.1,34.3,34.0,34.5,33.4,33.8,33.4,34.9
1785307087.725012,2259,32.9,34.4,32.3,34.0,33.5,32.4,33.1,32.2,34.5,32.9,33.0,32.2,33.1,32.7,33.3,33.5,33.8,32.2,32.7,33.5,33.5,32.8,32.8,32.8,33.5,32.4,32.6,33.9,34.0,33.4,33.2,33.6,34.1,34.3,34.6,32.7,33.4,32.7,33.2,33.7,32.6,32.7,33.2,33.3,33.2,33.4,33.5,33.2,33.9,32.2,33.1,32.9,32.6,31.9,33.1,33.1,33.5,32.5,33.3,33.8,33.9,31.9,33.9,34.5,33.1,33.4,32.3,34.4,32.8,33.4,33.3,32.9,32.8,32.9,32.7,32.1,32.5,33.4,32.7,33.4,32.9,32.9,32.8,32.9,33.8,32.7,33.0,33.0,32.9,34.1,33.5,32.8,33.7,32.7,32.8,33.3,34.2,33.7,34.4,33.1,33.7,32.3,32.8,32.2,33.1,33.4,32.5,32.1,32.7,33.6,33.4,33.7,32.8,33.9,33.7,33.0,32.5,33.1,33.0,33.1,33.0,33.4,33.4,34.1,32.7,32.8,33.4,34.1,33.3,32.7,32.9,33.4,33.7,33.1,33.4,32.8,33.2,33.4,33.2,33.6,32.4,33.2,34.1,33.0,33.7,33.7,33.1,33.7,33.0,32.8,32.9,32.8,32.7,33.4,33.2,33.2,33.6,33.4,34.1,33.1,33.6,32.4,34.3,33.5,33.2,33.3,33.1,33.2,33.7,32.8,32.1,32.1,33.0,32.9,33.5,33.3,33.1,33.7,33.9,32.6,33.1,33.5,32.9,33.5,31.9,32.9,32.7,33.8,33.3,33.5,31.6,33.5,34.5,33.3,32.6,33.5,33.0,33.3,33.3,33.0,33.2,34.1,33.3,33.8,32.7,33.3,32.7,32.9,33.6,33.1,33.0,33.1,33.4,32.7,32.8,33.0,33.8,32.8,33.3,33.0,33.3,33.3,33.1,33.7,33.2,33.9,33.7,33.4,33.0,33.2,33.2,33.6,34.0,34.7,33.5,33.4,32.3,32.1,33.3,33.5,33.0,33.6,32.8,33.3,32.7,33.4,32.7,33.1,32.9,33.1,33.0,33.3,33.2,34.2,33.6,34.2,33.0,33.7,33.5,32.7,32.7,33.6,33.2,33.6,36.2,35.9,33.5,33.8,32.9,33.0,34.1,33.2,33.1,32.8,33.9,32.8,33.4,32.9,33.1,33.2,33.2,33.4,33.2,33.1,34.3,32.7,33.0,32.9,33.2,33.1,33.2,33.9,33.2,33.4,32.8,34.5,35.4,35.4,34.4,34.1,33.2,32.7,33.6,34.3,33.5,32.9,32.8,33.5,33.0,32.7,33.2,33.5,32.4,33.1,33.5,34.7,32.9,32.5,33.1,33.6,32.8,33.1,33.8,34.1,32.7,33.4,32.7,34.9,35.7,35.8,35.9,35.0,33.4,33.1,33.7,33.3,33.0,33.8,33.9,33.5,33.8,34.1,33.4,32.6,33.5,33.9,33.1,32.1,34.5,32.7,34.7,33.0,34.0,33.6,32.5,34.1,33.4,33.6,33.9,35.4,35.6,35.7,34.7,35.1,34.2,33.7,33.5,33.5,33.4,31.9,33.3,33.0,32.2,33.2,32.4,33.0,32.6,33.5,32.7,33.4,32.8,32.8,32.0,33.5,34.2,33.9,33.6,34.0,32.7,33.9,34.3,34.3,34.5,33.6,34.2,35.3,34.6,34.1,32.8,33.8,33.0,33.1,33.1,32.5,33.3,33.2,33.9,33.6,34.0,33.4,33.6,33.2,33.1,33.3,33.9,33.4,33.4,33.6,33.5,33.3,33.3,34.0,34.9,34.9,34.6,34.4,34.9,35.4,34.2,33.6,34.0,33.4,32.2,33.3,32.9,33.1,32.9,33.4,33.7,33.5,33.4,33.3,33.2,33.6,33.3,33.0,32.7,34.1,34.0,34.1,33.8,33.2,33.3,33.8,34.7,34.1,34.7,34.7,34.2,35.1,34.1,34.2,34.9,33.3,33.5,34.1,34.2,33.5,34.1,33.0,33.2,33.4,33.2,32.9,33.5,33.0,34.2,32.2,34.1,34.0,33.3,33.7,33.8,33.2,33.4,32.8,34.6,34.8,34.1,34.4,34.1,34.0,33.1,33.6,34.6,35.2,33.5,32.8,33.4,33.9,33.0,33.6,32.5,33.7,32.6,32.9,33.4,33.6,33.5,33.0,32.9,34.0,32.9,33.5,34.4,33.9,33.6,33.4,34.0,33.6,34.9,35.0,34.4,34.2,33.9,33.1,34.4,34.1,33.4,33.1,33.8,33.8,34.1,34.1,33.2,34.1,33.7,33.7,33.1,33.0,33.4,33.8,33.9,33.4,33.3,32.4,34.3,33.4,33.6,34.1,33.0,32.8,33.6,34.0,33.8,34.7,34.2,nan,33.2,34.2,33.7,31.8,33.7,34.1,33.7,33.9,33.3,33.2,32.3,33.3,33.6,32.9,33.9,33.5,33.7,34.7,33.6,33.7,33.3,33.9,33.8,35.2,33.1,34.3,33.7,33.3,34.4,35.2,33.3,33.6,33.8,33.9,33.3,33.4,32.7,33.3,33.1,33.5,33.3,33.2,34.4,33.5,33.6,33.3,33.0,32.7,33.5,33.2,33.1,32.9,33.8,34.4,33.0,34.3,34.1,33.8,34.0,33.7,35.0,34.8,33.6,34.7,33.2,34.3,32.7,33.4,33.7,33.9,33.4,32.9,33.5,34.4,33.3,33.0,33.0,34.1,33.5,33.9,34.4,34.3,33.7,34.6,32.8,34.0,33.2,33.3,33.3,33.1,33.9,35.1,34.1,35.1,34.2,33.4,34.7,33.8,34.0,32.1,33.3,33.4,33.5,33.4,34.4,33.5,33.7,33.7,33.8,33.9,34.6,33.6,34.5,34.4,34.0,33.3,33.8,33.8,33.4,34.1,33.1,34.4,35.4,34.2,33.9,34.7,35.1,33.7,33.9,33.7,32.3,33.5,32.8,33.7,33.2,34.0,34.0,34.0,33.6,34.3,32.9,34.3,33.8,33.8,34.1,35.3,33.1,33.6,34.2,34.9,34.1,33.7,33.2,34.2,34.0,34.6,34.1,33.9,33.7,33.2,33.7,33.9,33.9,32.5,33.3,33.2,33.0,33.4,34.2,32.9,33.1,33.7,34.5,33.2,33.7,33.7,35.0,34.8,33.0,33.5,33.0,35.0,34.2,32.7,33.8,34.2,33.7,34.0,33.2,34.3,33.6,33.6,33.4,33.4,32.5,32.6,33.4,33.6,33.9,34.2,33.7,33.7,34.2,33.6,34.7,34.0,32.9,33.9,34.0,35.5
1785307089.7671485,2260,33.4,32.4,32.2,32.7,32.2,33.0,32.6,32.1,33.0,33.0,32.3,33.1,34.1,32.5,32.8,33.4,32.3,32.3,32.6,32.8,33.6,32.3,32.5,32.7,32.6,33.1,33.1,33.4,33.0,31.9,32.6,33.7,33.2,34.4,33.6,32.4,32.4,33.0,33.3,33.2,32.7,32.8,33.1,32.0,32.6,33.8,32.9,32.0,31.9,32.8,31.9,32.0,32.3,32.9,33.6,32.8,32.8,33.0,33.2,32.9,32.0,33.6,34.1,33.1,33.3,32.8,32.4,34.1,33.7,33.3,33.0,32.0,32.9,32.6,32.3,33.4,33.1,32.6,32.7,32.2,32.6,32.6,31.8,33.1,32.4,33.0,33.4,33.1,33.0,32.4,32.8,33.7,32.9,32.9,32.5,33.5,32.4,34.3,32.8,32.8,32.1,32.2,32.9,32.5,33.0,32.9,32.2,32.7,32.5,32.5,32.8,33.4,32.6,33.2,32.7,32.7,33.2,32.9,32.9,32.3,32.2,32.9,32.5,33.0,32.6,32.9,32.4,32.8,34.1,33.6,32.1,33.5,31.3,33.0,32.9,32.0,33.4,32.7,31.4,32.5,32.8,32.6,32.6,33.1,33.7,33.3,32.3,32.9,33.4,32.9,31.9,33.0,33.8,32.4,32.9,33.1,33.5,32.9,32.9,33.7,33.0,32.1,33.7,33.2,33.1,33.0,32.8,32.7,33.2,32.8,32.5,32.3,32.1,32.4,33.1,33.3,32.7,33.1,33.3,32.8,31.6,33.4,32.8,32.0,32.1,32.3,32.6,32.3,33.4,33.4,33.9,32.1,33.7,32.8,32.5,33.8,32.4,32.8,32.7,32.0,34.0,33.7,33.3,33.0,33.3,32.6,32.1,33.1,33.3,32.5,33.1,32.7,33.3,33.1,31.5,33.8,33.2,32.0,32.3,33.5,32.8,32.7,32.4,32.5,32.2,33.1,33.2,32.7,32.7,32.9,33.5,32.6,33.6,34.6,34.2,33.3,31.9,32.7,33.2,32.6,33.1,33.2,33.7,32.9,33.4,32.7,32.8,32.6,32.9,33.5,32.6,32.3,32.7,33.7,32.9,33.2,31.8,33.1,33.0,33.6,33.7,32.4,32.4,33.7,33.9,35.2,34.4,34.1,32.8,32.4,33.2,33.5,32.8,33.2,33.3,33.3,33.3,32.0,32.4,32.9,33.0,32.8,32.4,32.7,33.5,32.0,31.7,32.5,33.1,33.0,33.7,33.2,32.6,33.1,32.9,33.0,32.3,35.4,34.6,32.3,32.4,32.9,32.4,33.4,33.1,32.9,33.5,33.4,33.9,32.8,32.8,33.0,32.5,32.8,32.5,31.5,32.6,32.6,32.6,33.1,33.1,32.8,32.9,33.4,33.2,33.6,32.9,34.2,35.1,34.6,35.0,34.9,34.6,33.0,33.1,33.5,33.8,32.1,32.7,33.4,33.0,32.8,32.4,33.5,33.2,32.3,32.1,33.3,33.7,32.5,32.6,33.7,33.9,32.8,33.2,32.2,33.3,32.6,33.6,34.1,34.4,34.9,34.8,34.5,34.1,33.5,34.0,31.3,32.3,32.6,32.6,33.1,32.3,32.6,32.8,32.0,32.8,33.7,32.7,33.0,33.0,32.5,33.0,32.5,33.4,33.4,32.3,33.7,33.7,32.9,33.5,34.7,34.6,34.4,34.1,33.8,34.6,34.1,33.0,33.2,33.2,31.9,33.6,33.4,32.2,33.2,34.0,33.3,33.4,32.7,32.8,33.1,33.2,32.6,32.8,33.3,33.5,32.7,33.4,32.1,33.2,33.3,34.8,34.8,34.3,34.5,33.8,34.4,34.1,34.9,32.6,33.0,32.9,32.8,32.4,32.9,32.3,33.7,33.1,32.7,32.5,33.2,33.8,33.7,34.1,33.4,33.4,32.8,32.8,33.4,32.5,33.3,33.9,33.5,34.0,33.7,34.6,34.4,34.1,33.7,33.8,34.5,33.3,33.5,33.7,32.4,33.5,33.9,32.8,32.9,33.6,33.5,33.4,33.0,33.2,32.9,33.2,33.2,33.7,33.3,32.8,33.4,32.5,32.0,33.7,33.0,34.7,34.0,33.7,34.2,34.0,33.9,33.3,34.1,34.5,33.8,33.1,33.1,33.5,33.5,32.6,33.1,33.7,32.9,33.0,32.6,32.7,33.5,32.3,32.7,33.0,33.1,33.0,33.2,32.7,34.0,33.5,34.4,33.5,32.8,34.2,33.2,34.0,34.3,33.0,32.7,33.8,34.5,33.0,32.6,32.2,33.2,33.6,33.2,33.6,33.3,33.6,33.1,33.2,33.1,34.1,33.2,33.6,33.3,33.0,32.0,32.4,33.5,33.3,32.5,33.3,32.9,33.9,34.0,33.5,33.2,33.6,nan,32.9,32.9,32.8,32.5,32.6,33.3,33.4,33.2,33.4,33.1,32.9,32.8,33.5,33.2,34.2,33.0,34.2,33.4,33.3,33.0,31.7,33.6,33.9,34.0,33.3,34.4,33.6,33.9,33.8,33.8,32.8,32.8,34.0,34.0,33.3,33.2,32.6,33.4,33.1,32.9,33.1,32.5,32.7,32.0,33.7,33.4,33.6,33.3,33.2,33.7,33.0,33.0,34.3,33.1,33.7,34.3,33.6,34.0,33.9,34.1,34.4,34.2,33.7,33.1,33.9,34.2,32.8,33.3,32.6,33.6,33.4,33.3,33.7,32.9,33.4,34.0,33.2,32.6,32.4,33.0,33.5,32.7,33.3,32.9,32.7,33.1,34.8,33.4,33.0,34.5,33.6,33.9,33.6,35.2,34.5,33.7,33.8,33.8,33.8,33.3,32.9,33.8,34.1,33.3,34.5,32.9,32.5,32.7,34.1,33.8,33.5,33.9,35.2,33.8,32.8,32.9,33.5,33.1,33.7,32.4,33.2,32.6,33.0,34.6,33.9,33.7,34.8,33.6,32.6,32.9,32.9,33.3,33.2,33.1,32.5,33.7,32.6,32.5,32.8,32.9,33.0,32.9,32.9,32.9,33.6,33.9,32.8,33.8,31.9,33.7,33.6,33.4,32.5,34.6,33.8,33.9,33.2,33.8,33.9,33.8,33.0,33.5,33.8,32.6,32.8,33.8,32.5,33.3,33.4,33.2,33.5,33.0,33.6,33.5,33.4,33.4,32.6,35.2,32.7,32.7,34.7,31.8,32.5,33.0,33.0,33.4,33.8,34.3,33.8,33.3,33.1,33.1,33.8,32.9,33.3,32.8,32.4,33.3,32.5,33.6,32.8,33.2,34.0,32.8,33.6,33.9,33.0,34.0,34.3,33.8
1785307091.8479931,2261,34.0,33.5,33.1,32.7,32.4,32.8,33.1,33.8,33.9,32.8,32.0,31.9,32.9,32.6,33.1,33.4,33.3,32.8,32.7,32.1,32.5,32.9,33.0,32.5,33.2,33.9,32.8,32.5,32.9,33.5,33.5,32.7,33.2,35.3,32.6,33.2,33.5,33.4,32.5,31.6,33.5,33.5,32.6,32.5,32.9,33.2,33.2,31.7,32.2,32.7,33.4,32.7,33.6,33.0,32.8,33.3,32.6,33.3,33.4,33.2,33.2,31.9,32.9,34.2,33.9,34.0,33.9,33.6,32.4,33.1,32.9,33.0,34.0,33.0,32.9,32.5,33.4,33.4,31.6,31.3,33.2,33.1,31.8,33.0,33.1,32.5,33.3,32.2,34.4,33.2,32.7,32.5,33.3,32.0,34.3,32.8,33.4,35.3,32.8,33.8,32.3,33.1,32.7,32.6,33.0,33.4,33.6,33.0,32.3,32.4,32.1,33.2,33.1,33.5,33.7,32.0,32.5,32.8,32.6,32.9,32.9,33.1,31.5,33.7,34.3,33.0,32.9,33.9,32.8,33.1,33.8,32.9,33.7,33.0,32.8,32.7,33.2,33.1,32.1,32.6,32.6,32.9,33.4,32.4,33.5,33.3,33.3,32.1,33.7,32.4,33.0,32.3,32.4,33.1,33.4,32.9,34.0,34.3,32.8,33.3,34.4,33.4,32.7,32.5,33.5,33.8,32.8,33.5,33.0,32.4,33.0,32.6,32.9,33.2,32.8,33.8,32.5,32.8,32.8,32.7,33.1,33.0,33.0,33.2,32.7,34.0,32.8,33.2,32.6,33.9,33.2,32.6,34.5,33.2,33.7,32.2,33.4,33.4,32.8,33.1,33.7,33.7,33.4,32.9,32.6,32.3,32.6,33.3,33.1,33.0,32.7,33.0,33.6,32.6,32.5,32.4,32.8,32.9,32.2,32.4,33.3,32.9,32.7,33.2,33.1,32.4,33.2,32.8,31.9,33.0,32.8,33.5,33.4,34.9,34.7,32.6,32.5,32.8,33.3,33.5,32.6,33.8,32.2,33.0,32.6,32.1,32.4,33.2,33.3,33.1,33.1,33.7,31.9,33.0,34.1,33.3,33.7,33.1,32.5,32.6,34.0,33.0,33.4,33.0,34.7,35.7,35.0,33.9,33.6,32.4,33.0,32.5,33.4,33.4,32.9,32.5,34.1,33.0,32.9,33.3,33.2,32.4,33.4,31.7,33.0,33.3,33.0,33.4,32.4,33.3,33.1,33.7,32.9,32.9,33.4,33.9,34.5,35.5,34.7,33.8,33.1,33.5,33.2,33.2,33.5,33.0,32.9,33.0,33.1,33.5,33.1,32.8,32.6,33.1,33.0,32.5,32.8,32.0,32.4,32.8,34.7,32.4,33.4,32.2,33.3,33.6,33.0,33.6,34.7,35.9,34.6,34.6,33.6,33.7,33.2,33.2,34.4,33.2,33.4,32.9,32.3,32.8,32.4,32.7,32.8,32.8,32.2,32.4,33.1,32.8,32.5,32.7,32.4,33.6,32.6,33.1,32.0,33.1,33.2,34.6,34.8,35.9,35.0,34.5,34.7,34.0,32.5,33.2,33.6,33.5,33.2,34.2,33.1,33.7,33.3,32.8,32.3,32.8,33.4,32.0,33.4,33.7,33.2,33.1,34.2,33.0,32.3,32.9,33.8,33.8,34.0,33.9,34.9,33.9,34.5,33.6,34.9,34.1,33.3,32.9,33.8,32.7,33.1,32.9,33.6,33.9,32.8,32.5,33.4,32.5,34.2,32.7,33.8,32.8,33.7,33.7,34.4,33.0,31.8,32.4,33.6,34.2,33.8,34.9,34.3,33.8,34.5,34.5,34.4,35.8,33.6,33.3,32.6,33.6,33.4,33.5,33.3,33.5,32.9,33.2,32.6,33.2,32.9,33.4,33.0,33.5,33.2,32.9,34.0,34.7,33.4,33.3,33.6,33.3,33.8,34.4,34.4,33.8,34.1,34.3,33.4,33.7,33.6,32.9,33.3,33.8,32.9,33.4,33.4,33.2,33.4,33.0,33.4,33.0,32.7,32.9,33.3,32.7,33.7,32.5,34.2,33.3,33.1,33.4,33.5,33.5,35.1,33.6,33.7,34.1,33.2,33.0,32.5,33.6,34.8,32.8,32.7,33.3,33.0,33.4,32.3,32.9,33.4,34.0,33.2,32.9,32.9,34.0,32.9,33.9,33.8,33.0,35.1,33.0,33.7,33.6,33.4,34.0,33.3,32.7,34.0,34.4,33.7,34.1,34.5,33.7,34.4,34.5,34.7,33.8,32.6,33.7,33.1,33.4,33.6,33.0,33.7,33.6,32.7,33.1,34.4,33.3,34.1,33.1,32.6,34.0,32.6,34.2,33.6,33.9,33.4,32.8,35.1,34.3,33.5,34.5,33.5,nan,34.0,33.7,32.6,33.4,33.2,33.4,32.8,33.9,33.5,33.2,33.7,33.5,33.8,34.2,33.1,34.3,33.0,33.7,34.9,33.4,32.9,33.4,33.6,33.8,33.1,33.3,34.7,33.1,34.1,33.1,34.1,33.5,33.3,34.0,33.5,33.0,33.4,32.7,33.9,34.2,33.5,32.2,34.2,33.8,33.6,33.0,33.4,33.7,32.7,34.3,34.3,34.6,32.8,33.3,34.2,33.2,33.2,33.1,34.4,34.2,34.3,34.5,34.0,34.4,33.9,35.3,33.0,33.9,33.8,33.9,33.6,33.7,33.6,33.3,33.4,33.6,33.2,34.0,33.2,33.5,33.3,34.1,34.4,32.9,33.0,33.3,34.2,32.6,33.3,33.5,34.1,33.9,33.6,34.3,34.8,34.0,33.9,32.8,33.1,32.8,33.2,33.0,32.9,34.2,33.2,32.5,33.3,33.9,33.4,33.4,34.8,34.3,33.8,34.3,33.9,33.7,33.7,34.0,33.5,33.5,33.2,33.1,34.2,34.5,33.8,33.8,34.3,34.2,33.8,33.1,33.9,33.9,33.7,33.9,32.0,33.7,33.9,32.8,32.9,34.1,33.8,33.8,32.1,34.0,33.2,34.5,32.9,34.0,32.9,32.4,33.5,33.0,32.8,33.7,33.3,35.2,34.1,32.7,34.9,34.1,32.6,33.5,33.3,33.1,33.3,33.4,33.0,33.1,34.0,33.0,33.7,33.6,33.9,33.1,33.5,34.0,34.3,33.8,32.4,34.4,33.6,34.1,33.5,33.8,33.2,33.9,34.0,33.7,32.9,32.9,33.6,33.9,33.3,32.5,33.8,33.3,33.3,34.0,33.1,33.9,32.4,33.0,33.0,34.6,33.6,33.8,34.4,34.0,33.4,34.1
1785307094.0759525,2262,34.3,33.3,34.1,34.0,34.2,33.1,33.6,33.0,33.7,33.3,33.6,32.8,33.7,32.8,32.5,32.7,32.0,33.0,33.3,33.3,33.7,32.2,31.6,33.0,33.2,32.8,33.0,33.1,33.8,33.0,34.0,33.1,32.5,33.8,33.9,32.7,32.7,33.6,32.8,33.7,32.4,33.3,32.5,33.3,31.6,33.1,32.8,33.0,33.2,33.2,33.3,33.4,31.9,33.4,33.5,32.9,33.5,32.7,33.3,33.2,33.7,33.1,33.0,34.7,34.6,33.1,33.7,32.4,33.0,33.4,32.9,32.4,32.8,33.1,34.2,32.4,33.7,32.5,33.2,32.9,32.7,33.1,32.0,33.4,33.1,33.3,33.3,33.6,34.0,32.9,33.3,33.2,32.8,33.8,34.5,34.0,33.5,34.1,34.5,34.0,32.9,33.1,33.0,32.0,32.8,32.4,31.9,32.7,32.4,33.1,33.1,32.8,32.2,32.8,33.1,33.4,32.5,33.5,33.2,33.3,32.8,33.8,33.2,33.9,32.5,33.2,33.2,32.9,34.0,33.7,31.8,33.6,32.9,32.4,32.6,33.6,33.5,32.1,32.3,32.6,33.5,33.2,33.3,32.7,34.2,32.7,33.4,32.9,33.5,32.8,33.9,33.3,32.5,32.7,32.9,33.4,33.8,33.0,32.8,33.6,33.8,33.1,32.3,32.7,31.8,32.7,33.5,34.1,32.8,33.5,33.5,32.8,33.1,32.9,33.9,33.9,33.6,32.8,32.9,33.3,34.1,32.9,32.0,33.7,33.3,32.8,33.7,32.9,33.1,33.9,33.1,32.4,33.1,33.3,32.4,33.1,33.4,33.1,33.5,32.6,33.9,34.1,33.3,33.0,33.4,33.5,33.1,32.3,33.3,33.3,33.7,33.3,33.9,32.9,33.3,32.3,33.5,32.5,33.5,33.4,33.3,33.4,33.1,33.3,33.0,33.2,33.5,33.2,32.8,32.4,33.3,33.5,34.5,35.7,34.7,33.9,33.6,32.1,33.5,33.5,32.2,33.2,33.3,34.0,32.5,32.6,33.1,34.1,33.6,33.6,33.6,33.7,33.0,32.6,33.2,33.3,32.6,33.3,33.3,34.4,33.9,32.4,32.4,32.9,34.4,35.6,34.8,33.7,33.6,32.8,33.1,33.3,33.3,33.5,33.2,33.4,33.7,33.3,33.6,32.9,32.8,32.7,33.4,34.0,33.4,33.6,33.4,33.9,32.3,32.9,33.6,33.5,33.4,33.0,33.0,33.0,34.1,35.2,34.4,33.6,33.2,33.3,33.1,33.3,33.5,33.0,33.1,33.4,32.7,32.7,32.8,32.8,32.6,32.3,32.4,33.2,34.2,33.1,33.5,33.0,33.0,33.7,33.4,34.0,33.3,34.3,33.0,34.2,34.9,35.7,35.0,34.7,34.2,33.3,33.2,33.6,33.3,34.0,33.3,34.3,33.8,32.3,33.5,32.8,32.8,33.6,33.1,33.9,34.2,33.1,33.9,33.2,32.8,32.8,33.1,32.7,33.6,33.1,34.9,34.4,35.1,35.4,34.4,34.6,34.0,33.5,32.3,33.5,33.1,33.8,32.4,33.5,33.8,33.2,33.9,32.8,33.3,33.3,33.2,33.5,33.7,32.8,32.8,33.9,34.8,33.5,32.5,33.8,33.6,34.1,33.6,34.1,34.0,34.4,34.9,34.4,34.4,34.3,33.5,33.6,33.5,33.0,32.4,33.5,33.3,34.0,33.6,32.8,33.5,33.8,33.6,33.4,34.0,32.9,33.7,33.6,33.4,33.6,33.3,33.4,33.1,33.1,34.2,34.8,35.3,35.6,33.8,34.1,34.5,34.2,33.4,33.7,33.1,33.7,33.9,33.5,34.0,34.0,32.8,32.9,34.4,33.5,33.2,33.2,31.3,33.7,33.9,32.9,34.4,33.3,33.6,33.8,33.8,33.2,34.7,35.5,35.0,34.1,34.4,33.9,34.9,34.9,33.8,33.3,33.2,33.0,33.6,33.2,33.7,33.6,33.2,33.8,33.2,33.1,33.5,33.0,34.4,32.8,34.7,33.0,34.4,33.7,33.6,33.6,33.8,34.4,35.0,34.6,33.5,33.5,34.8,33.3,34.7,34.7,34.2,34.4,33.7,33.3,33.0,33.6,34.2,33.1,33.2,33.9,34.1,34.1,33.5,33.3,34.1,33.4,34.1,32.8,33.8,33.5,32.7,33.3,33.4,33.4,34.0,33.8,34.2,34.9,33.9,34.9,33.6,34.9,34.2,33.8,34.1,33.5,33.6,33.1,33.8,34.3,33.2,33.4,32.4,33.2,32.7,33.4,33.3,33.3,34.7,33.6,33.8,33.2,33.3,33.2,32.8,33.7,35.1,34.3,34.5,34.5,33.7,34.8,34.2,nan,34.2,33.2,33.7,33.7,34.0,32.9,33.4,33.9,33.0,33.4,32.8,34.0,33.6,33.8,33.8,33.9,33.6,34.7,33.8,33.3,34.5,33.7,34.2,33.4,34.0,35.3,35.6,34.0,34.2,34.2,34.1,33.6,33.6,33.5,33.1,33.3,33.1,34.1,33.9,33.5,33.2,33.7,33.5,33.5,33.1,33.9,33.0,33.6,34.6,34.0,33.8,32.5,34.4,33.9,33.0,32.6,33.3,34.9,33.7,34.0,35.2,34.0,34.4,34.4,34.5,33.7,32.9,33.8,32.7,34.3,32.9,33.0,32.6,33.3,33.7,33.6,34.5,33.4,33.1,32.7,33.6,33.1,33.7,33.3,32.4,33.6,33.0,32.6,34.0,33.5,34.4,34.6,33.7,34.6,34.1,34.1,34.8,33.9,33.5,34.1,33.5,33.1,34.2,33.6,34.3,33.9,33.2,33.1,33.8,33.5,34.4,33.2,33.6,34.4,32.7,33.3,33.4,34.7,33.0,34.7,33.8,34.2,34.5,35.2,33.0,34.7,35.1,34.6,34.9,33.2,34.7,33.6,34.2,33.4,33.5,33.9,34.7,33.7,32.7,32.9,33.5,33.8,33.3,34.0,33.1,35.6,33.6,33.6,34.0,34.7,34.5,33.3,33.2,33.6,35.1,34.2,33.9,33.9,34.4,34.1,33.5,33.7,34.2,33.0,33.9,34.1,33.0,33.9,34.0,34.0,34.0,33.3,34.3,33.7,33.7,33.7,34.1,34.8,33.5,33.8,33.9,33.9,34.2,33.9,33.7,34.4,33.7,34.8,34.5,33.9,33.8,33.6,34.1,33.7,34.1,34.5,34.3,33.6,32.3,33.7,34.2,33.3,32.8,33.5,34.1,33.8,34.1,34.4,34.7,34.3
1785307096.6075764,2263,33.4,33.5,32.5,34.4,33.6,33.6,32.4,33.1,32.8,32.6,32.9,33.3,34.3,33.2,32.8,33.5,33.0,32.3,33.0,32.5,33.8,32.7,33.1,33.3,32.6,33.3,32.5,33.2,34.0,32.8,33.3,33.2,33.5,32.9,34.5,33.1,32.6,33.0,33.5,32.6,33.1,32.8,33.5,32.0,32.5,32.2,32.5,32.9,32.4,33.3,33.6,32.4,32.3,33.1,33.4,32.8,33.0,33.2,33.6,32.2,33.1,33.4,33.6,33.6,33.8,33.2,31.7,34.5,32.7,33.7,33.0,32.8,33.1,32.4,32.5,32.9,33.4,32.7,32.4,32.6,32.8,32.4,32.2,32.6,32.8,32.8,32.1,32.6,33.2,33.4,32.4,32.9,33.2,32.8,32.8,33.7,33.9,34.3,33.0,32.3,33.0,32.2,32.7,33.7,33.6,32.7,32.4,31.7,33.0,33.4,32.5,32.9,32.9,33.2,33.0,32.9,32.9,32.5,32.9,32.1,32.5,34.3,32.5,32.6,34.5,32.7,33.8,33.1,32.7,32.4,33.2,32.4,34.0,33.0,33.1,32.7,33.2,32.9,33.1,33.3,33.4,32.2,33.2,33.1,33.2,32.8,33.0,32.6,32.9,32.2,32.4,32.8,33.7,33.5,32.8,33.8,32.9,32.9,32.7,33.5,33.0,32.3,32.9,31.5,32.7,33.9,32.6,32.1,33.0,32.8,33.0,32.5,32.6,32.6,33.4,32.2,33.3,32.7,32.6,32.3,33.1,32.6,32.5,32.9,32.8,33.0,33.9,32.6,32.6,32.6,32.5,31.9,33.9,32.7,31.9,32.8,32.2,33.7,32.7,32.2,34.0,34.3,33.2,32.9,32.8,33.1,33.6,33.1,33.8,32.9,33.1,33.7,33.5,33.3,31.9,32.4,33.4,31.8,32.0,32.6,33.0,33.2,32.8,32.9,32.5,33.8,32.8,32.9,32.9,33.2,33.1,32.3,34.6,35.1,34.1,34.0,33.2,32.4,33.5,32.3,32.7,32.6,33.0,32.8,33.4,33.5,33.4,32.6,32.6,32.8,32.9,32.3,32.7,34.1,32.9,33.0,32.7,33.3,33.0,32.8,34.3,33.5,32.6,33.1,34.8,35.5,33.2,34.2,33.2,32.9,32.4,33.6,32.7,32.7,32.8,33.1,33.3,32.4,32.1,32.9,33.4,31.7,32.9,33.0,33.5,32.9,32.5,32.7,34.3,33.9,33.5,32.6,34.0,34.0,33.9,33.2,34.7,34.8,34.6,33.5,33.2,33.5,33.2,33.4,33.0,33.1,32.9,33.7,33.2,33.1,32.5,33.4,32.8,33.3,33.0,32.6,32.8,33.2,32.8,32.9,33.1,33.2,32.7,33.8,33.2,33.8,32.9,34.2,34.1,35.6,35.0,34.9,34.1,33.4,32.7,33.0,33.5,33.2,33.8,33.0,33.4,33.0,32.9,33.3,32.9,33.3,32.8,33.3,34.1,33.2,32.8,33.3,33.5,33.5,34.0,33.4,33.3,32.8,34.3,34.1,35.2,35.0,34.3,34.5,33.9,33.1,33.5,32.6,33.4,33.1,32.4,32.8,33.6,33.4,33.5,32.2,32.6,33.0,32.9,32.8,32.9,32.3,32.8,33.2,33.0,33.2,31.7,34.3,33.3,34.5,32.8,34.2,34.9,34.3,34.4,34.9,34.0,34.3,33.1,33.7,33.5,32.7,33.3,32.1,32.9,33.9,33.3,33.5,33.1,32.5,34.1,32.9,34.4,33.0,32.6,33.1,33.7,33.5,33.0,32.5,33.7,32.6,34.1,34.8,34.8,34.0,33.7,33.7,34.4,34.6,32.5,32.8,33.4,33.6,33.3,33.6,33.2,33.8,33.5,33.1,33.1,32.5,33.9,33.7,34.1,33.4,33.4,34.0,33.7,34.6,33.5,33.5,33.4,33.5,34.2,34.7,34.6,33.9,33.8,34.1,35.3,34.9,32.9,32.9,33.2,33.0,33.5,33.0,33.6,33.4,33.8,33.6,33.0,33.6,32.5,33.6,33.5,33.2,33.2,33.1,34.0,33.6,33.1,32.5,34.4,33.6,34.2,34.0,34.2,33.5,34.2,33.7,34.2,33.9,33.6,33.5,33.3,33.5,33.7,33.5,32.7,32.5,32.7,32.6,33.3,33.0,33.6,33.7,33.0,33.6,34.4,32.5,33.7,33.4,33.0,33.8,33.5,33.8,34.3,34.4,33.9,33.6,32.6,34.6,33.5,33.8,33.8,33.0,33.2,33.0,32.2,33.2,33.0,32.7,33.3,33.6,33.5,32.7,32.6,33.6,33.9,33.1,34.4,34.3,33.4,33.3,33.0,33.7,33.4,34.0,34.0,34.7,34.0,34.7,34.2,33.1,33.9,nan,34.2,32.0,32.8,33.3,33.9,34.1,33.1,33.8,33.4,32.9,33.6,33.5,33.5,32.3,33.8,33.8,34.2,34.0,33.7,32.8,33.6,34.5,33.5,34.0,33.7,34.1,35.2,34.3,34.1,34.0,33.5,33.7,34.0,34.3,33.0,33.0,32.8,33.5,33.5,33.9,32.0,33.1,33.8,33.8,32.2,33.6,33.7,33.1,33.6,34.3,33.9,33.0,33.9,33.4,34.4,33.2,34.1,34.1,34.4,34.2,34.9,33.4,33.8,34.0,34.7,34.1,34.3,33.8,33.3,33.8,33.8,32.9,33.2,33.6,33.0,33.0,33.8,34.4,34.1,33.0,34.5,33.0,33.6,33.8,33.1,32.9,32.3,33.6,32.4,34.4,34.7,34.3,32.8,34.6,34.7,34.0,33.1,33.0,34.4,33.0,33.4,33.5,34.3,33.3,32.0,34.1,34.5,33.4,32.9,33.9,34.5,34.0,34.0,34.7,33.4,33.2,34.2,33.1,34.2,33.4,33.5,33.0,34.4,34.6,34.5,33.7,34.8,34.3,33.4,33.3,33.6,33.8,33.2,33.0,33.2,33.9,32.8,33.4,33.8,33.5,33.0,33.5,34.1,33.5,32.7,34.8,33.9,33.5,33.5,34.1,33.8,32.7,32.1,33.7,33.8,34.5,33.8,33.6,35.2,33.6,33.6,33.4,34.1,32.9,33.0,33.6,33.4,33.6,33.9,33.3,34.1,32.2,34.0,33.3,34.6,32.9,34.2,34.7,34.0,34.1,33.5,33.6,33.5,33.0,33.1,34.5,34.3,33.9,34.3,33.5,34.2,34.3,34.2,31.7,32.6,33.5,33.8,33.5,33.8,33.8,33.7,33.0,33.2,33.9,33.2,34.1,33.0,35.1,35.0,34.5
1785307098.2902775,2264,34.8,35.8,34.1,33.3,34.6,33.8,34.9,33.7,33.7,32.6,33.2,33.2,31.8,32.6,34.0,33.5,32.4,33.3,33.4,33.5,32.7,33.2,33.2,33.0,32.4,32.2,34.3,33.8,33.8,33.7,33.7,33.6,32.5,34.0,33.0,34.2,33.9,32.5,33.9,33.3,34.4,33.1,33.1,32.3,33.2,32.9,33.7,32.9,33.8,32.9,34.3,32.5,33.2,32.5,32.9,33.1,33.1,33.3,34.2,33.4,33.1,32.9,34.0,34.2,32.4,33.1,32.8,34.4,33.4,34.5,34.1,33.0,34.0,33.7,33.5,33.9,32.8,34.3,33.0,33.4,32.7,32.9,33.6,33.5,32.4,33.5,33.5,33.1,32.9,33.5,35.0,33.2,33.7,33.2,34.0,33.6,33.8,33.2,33.6,34.0,32.7,33.1,33.6,33.4,34.1,33.0,33.0,33.1,32.6,32.1,33.5,33.3,32.9,33.0,33.5,33.4,33.7,32.6,33.6,34.6,33.4,33.2,32.6,34.1,32.6,33.0,33.7,34.6,32.6,33.2,33.3,33.2,33.5,33.4,32.6,33.3,33.5,33.7,33.4,34.0,32.6,32.5,33.6,34.4,33.5,33.4,33.8,33.9,33.7,32.5,33.2,33.7,32.7,33.1,33.6,34.8,33.2,33.7,33.7,34.9,33.4,32.5,34.3,33.7,34.4,32.1,33.1,33.0,33.3,33.3,32.6,33.3,33.1,33.2,33.2,33.3,32.8,32.8,33.4,34.1,33.4,33.4,34.0,33.9,33.0,32.9,33.3,33.1,34.3,33.5,33.8,33.5,33.4,35.5,33.9,34.1,33.3,33.9,33.2,33.2,34.1,34.3,34.1,34.2,32.4,33.2,33.4,33.3,32.5,32.8,33.4,33.2,32.9,34.1,33.2,33.0,32.8,33.0,34.1,33.6,33.5,33.8,35.0,34.2,34.4,32.8,34.4,33.6,33.0,32.4,33.6,33.7,34.4,34.4,35.4,34.8,33.5,33.5,33.6,33.3,33.4,33.0,33.6,33.0,32.9,33.0,33.2,33.6,33.6,33.1,33.3,33.4,34.0,33.2,34.3,33.1,33.2,34.5,34.1,33.6,32.2,33.1,33.1,33.8,33.4,34.5,35.6,35.0,33.3,33.0,33.3,33.4,33.4,33.6,32.9,33.9,33.3,33.0,33.4,33.4,32.8,33.6,34.1,34.0,33.8,33.5,34.0,34.3,33.2,33.1,33.5,34.1,33.6,33.6,34.0,33.0,34.6,35.4,34.9,34.1,33.5,33.3,33.3,34.2,33.7,32.4,34.0,32.4,33.5,32.6,32.9,34.2,32.6,33.6,32.5,34.0,33.8,32.7,33.3,34.6,33.9,32.7,34.0,33.6,33.3,33.2,33.9,34.2,35.0,36.5,34.7,35.7,34.7,33.6,33.7,33.3,33.5,33.5,33.4,33.3,33.2,33.8,33.4,33.1,33.3,33.8,34.0,34.5,34.2,33.5,33.7,33.4,34.7,33.8,33.7,34.1,34.0,33.6,33.2,34.9,35.1,35.2,35.7,35.1,36.2,34.1,33.2,33.2,33.2,34.3,34.0,33.9,34.7,33.9,33.8,34.1,33.3,32.6,33.6,34.0,33.9,32.8,35.5,33.1,34.2,34.0,34.2,33.6,33.4,33.6,33.5,35.0,35.0,34.1,35.2,35.0,33.6,34.4,33.2,33.5,34.6,32.9,33.6,32.9,34.4,33.5,34.1,33.8,32.7,33.5,34.7,33.9,33.6,33.5,34.5,33.7,33.4,34.4,33.7,34.5,33.7,33.6,34.4,34.6,34.5,34.6,34.8,33.7,34.8,33.9,33.9,33.4,34.2,33.3,33.7,33.6,34.2,33.1,34.2,33.0,33.6,33.2,33.4,33.8,34.6,33.2,33.6,33.9,33.6,34.2,33.4,34.4,33.3,33.4,34.3,34.7,33.5,33.4,34.2,34.4,34.7,35.1,34.4,33.7,34.1,33.6,34.3,33.2,33.1,33.7,33.8,33.4,33.2,33.8,33.5,33.0,33.7,34.1,34.1,34.1,34.4,34.1,34.4,33.6,33.6,33.1,35.5,34.5,34.0,34.0,34.0,33.8,34.5,34.8,34.5,34.4,33.7,33.4,34.0,34.4,34.2,33.9,33.7,33.7,32.8,33.3,33.2,34.5,33.7,33.9,33.0,34.6,32.9,34.6,33.9,33.7,33.0,34.3,34.7,34.6,34.4,34.2,32.7,34.8,34.9,34.6,34.4,33.7,33.0,33.0,32.5,33.5,33.8,34.0,33.1,34.1,33.6,33.4,33.6,34.0,33.7,33.1,34.1,34.7,34.8,34.1,33.4,33.4,33.8,34.1,33.9,35.3,34.0,34.3,34.7,34.5,33.9,nan,35.0,33.7,33.6,33.1,34.0,33.7,33.6,34.2,33.5,32.8,34.0,32.4,34.5,33.8,35.1,33.9,34.6,34.3,32.1,33.3,34.7,33.9,32.9,33.8,34.0,34.7,33.9,34.6,34.7,34.4,33.1,34.3,35.1,34.5,32.6,33.8,33.9,34.3,33.1,33.3,34.4,33.9,33.2,33.4,34.2,32.8,32.4,33.1,35.0,34.7,34.3,32.7,34.2,33.9,33.6,34.1,33.9,35.1,34.9,34.2,34.9,35.2,34.8,33.6,35.0,36.0,33.4,33.6,34.4,33.8,33.7,33.0,33.3,33.9,33.5,34.1,33.7,34.3,33.7,33.9,34.1,34.3,34.1,33.7,33.5,34.3,33.2,33.5,32.2,35.1,33.9,34.1,34.3,35.3,34.9,35.3,34.4,34.5,34.8,33.3,33.4,33.8,33.4,33.5,33.5,33.9,32.8,33.7,33.4,34.7,34.8,34.2,34.7,35.1,33.6,34.2,34.5,34.7,33.4,34.1,34.8,35.3,33.8,34.4,34.9,34.5,35.1,34.4,34.1,34.3,34.2,33.7,33.7,35.1,33.9,34.0,34.2,34.2,33.6,34.1,32.9,34.4,33.7,34.4,35.5,35.4,33.1,35.0,33.8,34.5,33.5,34.1,34.0,33.6,33.3,34.4,34.8,33.9,33.5,34.1,34.1,34.5,32.5,33.2,34.4,34.3,33.2,33.6,34.1,34.0,34.2,33.9,34.7,33.5,34.9,33.9,35.2,35.7,33.7,34.9,34.1,34.6,33.8,32.8,34.8,34.3,34.9,34.6,35.0,34.3,34.7,34.3,34.3,33.9,33.6,33.4,33.6,34.7,33.9,34.1,33.9,33.7,33.7,34.4,33.6,34.6,33.5,34.0,34.9,34.8
1785307100.5294344,2265,33.2,31.3,35.1,33.2,34.2,33.9,33.8,33.2,32.9,33.3,33.4,33.9,32.2,32.5,33.7,32.3,32.0,33.2,34.0,33.8,33.1,32.1,33.8,32.5,32.4,33.7,34.7,33.2,33.8,32.2,34.2,34.0,32.4,33.8,33.4,34.0,31.8,32.3,32.9,33.8,32.9,32.3,33.2,33.3,33.3,33.1,32.3,33.4,33.0,32.2,33.1,33.6,34.0,31.9,33.4,33.2,33.8,32.5,33.9,35.2,34.7,32.0,32.6,35.7,32.6,32.5,33.7,33.7,33.7,33.6,34.1,32.5,31.9,33.4,32.8,32.7,32.3,32.4,33.2,32.8,33.1,33.5,33.2,33.0,32.7,32.9,33.4,32.2,33.5,34.2,34.2,33.4,32.2,34.0,34.5,33.7,32.5,33.2,33.5,33.6,33.2,34.4,32.7,33.4,32.3,32.3,32.6,33.6,31.3,32.3,33.4,34.2,33.1,33.2,33.2,33.6,32.0,33.0,33.5,34.0,32.6,32.5,32.9,34.3,33.1,32.6,33.6,34.3,33.5,33.4,33.8,33.3,33.1,33.3,33.8,32.6,32.3,32.9,33.7,33.0,32.6,32.8,34.0,32.9,32.7,32.8,33.6,33.3,32.8,32.4,32.9,33.0,32.7,32.8,33.8,32.9,32.2,33.5,34.8,32.8,32.6,34.1,34.0,34.0,33.7,33.3,33.0,33.4,32.5,33.5,32.7,34.0,32.8,31.9,33.6,34.9,32.7,33.1,33.6,33.4,33.0,33.1,33.2,34.2,32.3,33.3,32.8,34.2,32.4,32.5,33.2,34.6,33.8,34.1,34.3,33.2,32.7,31.9,34.1,32.7,33.9,34.5,34.1,33.7,32.3,32.8,33.9,32.5,33.1,33.7,34.0,33.7,32.9,33.5,34.0,32.4,32.6,33.4,33.6,32.6,32.8,33.3,34.4,32.8,33.8,32.6,34.3,34.1,33.1,34.1,33.7,34.4,34.3,35.6,34.6,34.1,32.6,32.3,33.4,34.3,32.8,32.4,33.1,33.7,32.6,33.1,33.1,33.4,32.4,33.3,33.3,33.7,33.3,32.7,33.1,34.0,31.5,33.2,34.3,33.3,32.8,32.6,34.1,33.4,33.7,35.2,35.6,33.6,32.0,32.9,33.8,33.7,33.6,33.1,34.2,33.7,33.4,33.5,33.7,33.1,32.7,33.0,34.1,32.5,33.2,34.3,34.2,33.2,33.1,33.1,33.6,34.7,32.4,32.9,34.3,33.5,34.2,34.9,35.3,33.8,32.4,32.2,32.7,34.0,32.9,34.0,33.2,34.8,32.8,33.1,33.8,33.5,32.2,33.3,33.8,33.8,33.2,32.6,33.2,35.1,32.2,33.8,33.8,33.9,32.8,34.6,34.1,33.4,35.5,35.7,35.6,35.1,33.4,33.5,34.2,33.7,33.8,32.9,33.6,33.7,32.2,33.0,32.7,32.5,33.3,34.2,34.0,33.7,34.0,33.0,34.1,33.1,33.1,32.6,33.4,34.7,33.5,32.7,34.0,34.8,34.7,35.1,35.0,34.8,33.8,34.2,33.4,34.3,32.7,33.2,33.2,33.1,32.3,32.6,32.8,33.0,33.0,33.7,32.9,33.5,32.5,34.1,33.7,34.7,33.4,33.6,33.1,33.5,32.5,33.5,34.9,33.9,34.2,34.6,34.7,34.8,34.4,34.0,33.2,33.1,33.7,33.2,34.1,33.6,33.0,33.1,33.9,33.8,32.5,33.0,34.5,33.8,33.3,33.6,33.9,33.6,34.2,32.8,32.9,33.8,33.2,33.5,34.2,35.6,34.2,33.5,34.4,35.3,33.6,34.5,33.3,33.8,33.1,32.8,32.8,33.9,33.4,32.9,33.9,33.7,33.2,32.0,33.6,34.7,32.9,33.2,33.5,34.7,34.0,33.5,33.8,33.8,32.8,33.9,35.2,34.1,34.2,34.1,34.7,33.2,34.3,34.8,34.1,33.6,32.6,33.5,34.8,33.9,33.3,33.2,33.4,32.7,33.1,33.7,33.5,33.2,33.1,32.9,34.5,33.4,34.5,33.1,34.5,34.6,33.9,33.5,34.2,35.7,33.9,33.6,33.9,34.3,34.4,34.5,33.4,33.5,33.2,33.6,33.4,34.6,32.6,32.8,33.9,33.6,33.0,34.5,33.1,34.4,32.5,33.0,34.3,34.0,32.7,33.2,34.3,32.6,34.0,32.9,35.6,34.3,34.2,33.3,34.4,34.3,33.8,33.9,34.7,33.9,33.6,33.1,34.3,33.4,33.6,33.7,33.9,32.1,33.3,33.5,34.0,33.3,33.3,33.9,34.7,33.6,33.3,32.8,33.1,34.0,34.0,33.0,34.5,34.6,33.2,33.9,34.4,35.5,34.3,nan,33.4,34.4,34.3,33.3,33.6,34.4,33.0,33.4,33.6,34.7,33.2,33.5,33.1,33.8,33.9,33.3,34.1,35.3,34.7,32.6,34.7,33.8,32.7,33.8,35.6,34.3,33.7,34.0,34.6,34.2,32.8,33.8,35.3,33.4,33.0,33.5,33.4,32.7,33.1,33.2,34.4,33.8,33.2,32.7,34.4,34.0,33.2,34.3,35.2,33.9,34.4,32.9,33.5,34.9,33.5,33.4,34.2,35.4,34.6,33.2,33.1,34.9,33.5,33.9,34.3,33.9,33.2,32.8,33.5,35.6,33.6,33.1,32.5,34.0,32.7,32.5,33.5,34.5,34.2,33.0,33.9,35.1,33.0,33.8,35.3,33.7,33.2,33.1,35.1,33.9,33.9,34.6,34.4,34.7,34.1,34.9,34.9,33.0,32.5,32.3,35.1,33.9,33.1,33.2,34.4,33.3,33.4,32.9,35.0,32.6,33.4,33.5,34.3,34.1,33.5,33.5,32.3,35.9,33.3,33.0,33.9,34.8,33.4,33.9,33.8,34.9,34.7,33.7,34.0,34.8,33.0,33.1,33.1,33.9,33.4,33.7,34.6,33.7,33.3,34.2,33.6,34.6,33.6,32.9,34.9,36.7,32.5,34.7,33.8,34.8,33.3,33.6,34.2,33.9,33.3,34.1,35.3,32.7,34.4,34.5,34.3,33.7,33.0,33.0,34.4,34.0,33.0,33.1,34.8,34.1,33.7,34.0,34.9,34.0,34.1,34.7,36.5,33.6,33.8,33.3,33.6,35.2,33.7,34.0,33.0,35.0,32.9,33.2,34.6,34.6,34.2,33.6,34.0,34.1,33.8,33.5,32.9,35.0,33.6,33.4,33.6,33.9,34.2,34.4,33.3,34.6,34.0,34.6,34.4,36.2
1785307102.58768,2266,35.5,33.6,33.4,33.3,34.3,35.1,32.8,32.4,33.0,34.3,32.3,33.6,33.0,33.5,33.6,33.7,33.6,33.7,33.2,32.8,33.8,33.5,32.7,33.2,33.3,33.8,33.4,33.5,32.8,34.1,34.6,33.9,34.4,34.4,32.7,35.5,34.1,32.6,32.6,34.1,33.8,33.2,33.5,34.0,33.2,33.4,32.8,33.7,32.7,33.4,32.4,33.6,34.3,32.6,32.9,33.6,33.3,32.6,35.0,33.1,34.4,33.9,33.7,34.6,33.3,35.3,33.1,33.5,34.0,34.5,32.8,33.0,33.5,34.8,33.4,32.8,32.8,33.2,32.8,33.1,33.2,33.6,32.4,32.9,33.4,33.1,32.5,33.6,33.2,33.5,32.9,32.4,34.2,33.8,33.0,33.6,34.0,33.8,34.2,34.1,33.7,33.5,33.8,33.9,34.8,33.1,33.2,32.4,33.7,32.6,32.6,33.3,33.2,33.5,33.3,33.3,33.5,32.6,32.7,33.0,34.3,34.3,32.4,33.2,35.5,32.9,34.8,34.9,33.4,33.5,33.5,32.5,33.6,33.4,34.1,33.8,32.4,33.6,32.8,33.1,32.7,33.5,33.2,33.7,33.0,33.9,32.9,33.9,32.9,33.7,32.8,33.0,33.4,33.8,32.8,34.9,33.9,35.3,33.1,34.3,34.5,33.3,32.1,33.9,30.6,33.6,33.5,32.7,33.7,32.9,33.0,33.1,33.9,33.2,33.2,34.1,34.4,33.2,33.7,34.0,34.4,33.3,33.3,33.5,34.0,32.9,32.9,33.6,34.1,33.6,33.1,34.5,33.9,34.0,33.0,33.7,33.6,33.5,33.3,33.2,33.5,34.3,33.4,33.2,32.8,33.9,33.3,32.9,33.2,33.3,33.0,33.2,33.0,33.4,33.3,33.6,33.2,34.0,33.7,33.6,33.1,34.9,33.9,33.1,34.4,33.4,34.2,34.4,34.3,33.3,32.7,33.1,35.7,35.7,33.9,34.0,33.8,33.2,33.8,33.4,33.5,33.0,33.0,33.3,33.7,33.2,32.1,33.7,34.1,33.0,33.4,34.2,33.8,33.0,33.9,34.3,34.6,33.9,34.0,34.0,32.7,34.0,33.2,33.3,35.1,36.1,35.1,33.5,33.6,33.3,32.9,33.8,33.2,33.8,33.0,33.1,33.9,34.1,32.7,33.6,32.8,33.9,33.2,33.5,33.1,34.4,33.1,33.5,33.8,33.9,33.9,34.2,35.1,33.7,34.7,34.1,35.9,35.2,35.0,33.9,33.0,33.0,32.5,33.1,32.9,33.3,33.5,33.2,33.5,33.3,32.8,34.0,34.3,33.2,32.3,34.1,34.7,33.0,33.7,33.9,34.6,35.2,34.1,32.6,33.1,34.3,33.5,34.0,35.5,36.3,34.4,34.9,34.5,34.7,33.8,33.2,33.6,32.4,34.0,33.7,33.6,33.9,33.3,32.9,32.8,33.6,33.0,33.1,33.4,33.5,33.4,32.6,35.3,33.7,33.1,33.4,34.4,33.4,33.4,34.7,36.1,35.3,35.6,34.9,35.6,33.0,33.3,33.8,34.6,33.2,33.2,34.4,34.2,33.3,33.1,34.1,33.1,33.1,33.9,33.2,34.4,32.4,33.6,33.6,34.3,33.7,33.4,33.2,34.3,34.1,33.6,34.5,34.7,35.2,35.3,35.2,34.7,34.4,32.9,33.3,33.8,33.5,33.9,33.8,33.4,34.2,33.7,32.8,34.2,33.1,33.6,34.3,34.3,33.9,34.8,33.7,34.3,33.1,33.4,32.7,34.4,34.3,33.9,34.9,35.6,34.2,34.5,35.1,35.1,34.9,33.2,34.5,33.9,33.1,33.9,33.8,34.3,33.2,33.7,34.0,34.6,33.4,33.7,33.4,34.2,32.7,33.8,34.2,35.0,34.8,33.0,33.5,33.6,33.8,33.7,34.7,34.1,34.9,33.4,33.8,34.4,36.0,33.9,32.5,34.4,34.3,33.4,34.3,33.7,34.0,32.9,33.6,33.5,33.9,33.4,33.7,34.3,33.9,33.0,34.3,35.0,33.6,33.4,33.7,33.6,32.7,34.8,35.1,34.0,34.1,34.0,34.0,35.2,33.7,33.7,33.6,34.2,33.9,33.5,33.7,34.3,32.7,34.0,33.7,34.3,33.4,33.9,33.7,34.6,33.5,33.8,34.3,33.9,33.5,33.6,34.7,33.0,33.9,34.6,35.1,34.5,34.4,32.9,34.3,34.0,34.6,34.5,34.5,33.2,33.8,33.4,34.5,33.9,34.3,33.9,33.6,33.7,33.8,32.9,32.9,33.8,35.0,33.6,34.5,34.6,33.1,32.8,33.5,34.1,34.6,34.3,35.1,34.5,33.6,35.0,33.8,34.9,nan,34.3,34.3,34.0,34.3,34.2,35.0,34.2,33.3,33.3,34.2,34.7,32.9,33.2,33.9,34.3,34.4,33.2,34.3,34.8,34.6,33.6,33.5,34.3,34.3,34.1,34.7,34.7,35.4,33.5,35.1,34.1,34.6,34.6,33.6,33.6,33.8,32.9,33.8,32.4,34.7,33.1,34.1,33.3,33.7,34.1,33.6,35.0,34.6,34.1,34.7,34.7,34.3,33.0,33.8,34.9,33.7,34.3,35.9,35.6,34.0,34.2,34.1,36.0,34.0,34.4,33.8,34.7,33.7,33.9,33.7,33.7,33.7,33.7,33.4,34.9,33.5,32.8,33.9,34.1,33.6,34.0,34.8,34.5,34.8,34.0,34.3,33.7,34.3,33.0,33.7,33.7,34.6,35.1,34.4,34.7,34.5,33.0,33.6,33.7,33.8,33.6,33.8,33.7,35.2,33.3,33.4,33.8,33.9,33.7,33.9,34.3,34.8,34.0,35.5,35.2,33.0,33.9,33.8,34.7,33.6,33.7,34.1,35.2,35.0,34.9,35.0,35.6,34.7,34.4,33.9,34.4,34.0,33.7,33.9,34.4,34.0,33.1,34.3,34.3,34.1,34.5,34.1,35.4,34.4,34.0,35.5,33.7,35.5,33.7,33.6,34.5,34.5,33.1,34.2,34.7,35.0,33.8,33.4,33.5,34.6,33.7,33.8,34.5,33.9,32.5,34.3,34.0,33.8,33.8,33.5,34.2,35.0,33.7,33.9,34.6,34.6,34.7,35.5,34.6,33.9,34.6,34.5,35.2,33.9,32.9,35.3,34.1,34.4,34.3,34.2,35.2,34.6,33.1,34.0,33.8,33.9,33.7,34.4,34.6,33.0,33.3,33.8,35.2,33.6,34.9,34.4,34.8,33.4,33.6,36.5
1785307104.8228312,2267,33.1,33.2,32.7,32.9,33.1,31.6,33.9,33.3,32.6,32.4,32.7,32.9,33.4,32.8,32.4,33.0,32.1,32.8,32.8,32.8,33.2,32.5,33.1,32.5,32.4,32.5,33.1,33.0,32.3,32.2,33.1,32.7,34.0,31.8,33.3,33.3,33.1,32.4,32.9,32.4,32.1,32.4,33.9,33.2,32.7,32.7,33.8,33.1,33.1,33.1,33.6,33.5,32.5,32.7,31.8,32.4,32.4,32.6,32.8,33.7,34.5,30.4,33.6,34.3,32.8,33.3,33.8,34.8,32.2,34.2,33.6,33.3,32.3,32.8,32.1,32.2,32.0,33.4,32.6,32.6,32.4,33.5,32.7,33.1,33.1,33.2,32.5,32.2,32.2,33.6,33.0,33.3,32.9,32.6,33.0,32.8,33.4,33.3,33.0,33.5,33.2,33.0,32.3,33.1,32.7,32.3,32.5,33.3,33.4,32.5,32.3,33.0,32.7,33.2,32.3,32.4,33.4,32.3,32.4,33.3,32.5,32.9,33.1,33.4,33.1,31.4,31.7,33.7,33.4,33.8,34.5,33.3,33.2,32.6,33.3,33.7,32.0,33.3,33.1,32.6,33.0,32.7,32.5,32.9,32.6,33.9,33.0,32.9,32.9,33.6,33.1,32.8,32.6,33.0,33.9,34.0,32.7,33.1,33.3,33.5,32.6,32.8,33.1,33.8,32.3,32.4,32.8,33.6,32.9,33.3,33.5,33.0,33.1,33.3,33.3,33.5,33.0,32.0,32.9,33.1,32.8,33.3,33.5,32.9,32.3,33.0,31.7,33.7,33.2,32.4,33.2,33.6,33.4,33.2,32.7,33.6,32.4,32.2,33.0,33.3,32.6,34.0,33.7,33.4,31.8,33.4,33.1,33.3,33.0,32.9,33.2,33.5,31.8,32.8,32.7,33.3,31.8,32.2,33.0,33.5,32.3,33.4,33.6,32.5,33.8,32.2,32.6,33.1,32.1,32.3,33.5,32.8,34.4,34.9,33.9,34.1,33.0,32.8,33.5,33.7,32.9,31.9,33.4,32.4,33.7,32.3,32.9,33.6,32.2,32.8,32.8,33.2,32.9,33.5,33.7,34.3,32.5,33.1,33.4,32.8,32.8,33.2,33.5,32.6,33.7,35.5,34.7,33.7,32.8,33.7,34.1,33.1,32.3,33.8,32.9,32.3,32.2,32.7,34.1,32.1,32.0,33.0,32.9,33.6,33.1,33.1,33.1,31.7,33.7,32.2,33.5,34.2,32.9,32.4,32.7,33.2,34.5,34.3,34.6,34.0,32.9,32.7,33.8,32.4,33.7,32.1,33.4,33.1,33.1,33.2,32.8,33.4,32.1,32.1,32.5,33.3,34.3,32.6,31.6,34.1,32.3,31.9,32.9,33.4,33.2,33.3,33.6,33.2,34.9,35.6,35.7,34.3,33.1,34.3,33.3,33.2,32.7,33.5,32.7,33.5,32.6,33.3,32.2,33.2,32.2,33.3,33.0,32.6,33.7,32.6,32.6,33.5,33.9,32.4,33.4,33.4,33.3,33.3,33.1,34.3,35.8,34.0,34.6,35.1,34.8,33.9,33.0,33.7,32.6,32.8,32.6,32.6,33.3,33.1,32.3,33.0,33.6,32.2,32.4,33.7,32.9,32.3,32.5,32.9,33.4,32.8,32.9,33.7,32.4,33.6,33.5,35.2,33.6,33.0,34.1,33.8,33.3,33.5,32.4,33.9,33.8,32.4,33.3,32.4,32.9,33.4,34.0,32.8,33.1,32.7,33.7,33.1,32.8,32.6,33.0,33.9,33.3,32.3,32.6,33.8,34.1,33.2,34.5,34.3,34.8,34.2,33.7,34.0,34.2,33.5,32.9,33.3,32.8,33.6,33.1,33.1,32.9,32.8,33.2,33.9,33.2,32.9,32.9,32.6,32.3,33.2,32.6,34.2,31.9,33.8,33.1,33.0,33.3,33.1,34.0,34.2,32.9,33.6,33.8,34.2,33.5,34.5,34.0,33.9,33.5,32.9,33.5,33.7,33.3,33.0,33.3,33.7,32.6,33.3,33.7,33.8,32.6,32.7,32.5,33.5,33.8,32.3,33.5,33.5,33.1,33.0,34.0,34.8,33.7,32.7,32.2,32.7,33.9,33.8,34.0,33.3,33.5,33.0,33.2,33.0,32.9,33.0,33.7,32.8,33.3,32.8,33.4,33.3,34.3,33.2,32.6,33.7,31.7,33.6,32.9,34.2,32.9,33.6,33.7,34.3,33.4,34.3,33.8,34.1,33.0,34.3,33.6,33.2,33.6,33.4,33.0,33.0,33.8,33.4,32.9,33.6,32.9,32.2,33.7,33.8,33.0,33.5,33.6,34.5,33.4,32.7,33.0,34.2,34.2,32.9,34.0,33.6,33.9,33.2,34.0,34.0,33.8,nan,33.6,34.1,34.6,32.3,33.4,34.3,33.6,32.6,33.0,33.9,33.2,33.2,33.1,33.2,32.9,32.8,32.4,34.0,32.8,33.6,34.4,33.6,32.9,34.0,34.2,35.9,33.4,34.6,33.9,34.3,33.5,34.0,34.2,33.5,33.3,32.5,33.5,34.5,33.6,33.2,33.2,34.5,33.2,33.6,33.3,33.6,32.5,34.3,33.2,33.9,34.6,32.5,33.1,33.5,33.7,32.3,35.4,34.4,34.4,33.2,34.1,35.0,33.8,33.6,33.8,34.2,33.0,32.3,33.1,34.1,33.3,33.4,33.0,33.5,32.8,32.7,33.6,33.7,32.4,32.8,34.7,34.2,33.3,33.6,32.9,34.5,33.3,32.6,33.7,34.1,34.0,34.6,35.2,34.5,34.3,34.7,33.9,33.3,32.8,33.5,33.6,33.5,33.8,33.0,34.7,33.8,33.4,34.0,34.4,33.8,33.3,34.1,34.1,34.1,34.1,33.1,34.0,33.9,33.3,32.8,33.2,33.2,34.6,33.4,33.3,33.9,34.8,33.8,33.9,33.6,33.1,33.8,33.4,34.5,33.2,32.4,33.4,33.6,33.1,33.1,33.8,34.2,33.3,33.3,34.7,34.3,32.8,34.7,33.4,34.5,34.4,33.2,32.7,34.8,33.7,34.5,34.1,33.1,33.9,33.8,33.6,33.3,32.5,33.3,33.2,34.2,32.9,33.1,33.9,33.9,32.8,33.9,34.0,32.7,33.4,34.2,35.3,34.9,33.4,33.2,34.0,34.0,34.7,33.0,32.6,33.7,33.1,33.2,34.2,33.8,34.9,33.6,33.8,33.6,33.1,32.4,33.6,33.3,33.4,33.4,33.7,33.8,33.6,32.0,33.2,33.7,33.8,34.0,34.1,34.4
1785307107.089295,2268,33.9,33.5,33.2,34.2,32.3,32.5,33.3,33.3,33.0,33.4,32.5,33.3,31.7,32.8,32.4,32.2,32.7,32.8,32.6,34.0,33.0,32.7,32.1,33.5,32.0,33.3,33.6,34.0,32.4,34.0,32.8,35.0,34.0,32.3,33.8,33.1,33.7,30.6,33.1,32.4,31.9,31.8,33.1,31.8,32.7,32.0,32.8,32.6,32.4,32.6,33.6,32.6,32.9,32.9,32.4,33.0,33.7,32.4,33.0,33.1,34.0,33.2,34.1,33.6,32.5,33.5,32.9,33.2,32.1,32.7,32.2,33.2,32.3,33.3,32.7,33.8,32.4,32.4,32.8,32.6,32.6,33.7,32.9,33.3,33.0,33.3,33.4,32.7,33.0,33.2,32.2,32.9,33.4,32.8,32.5,33.4,34.1,33.6,34.3,33.7,33.4,33.0,33.9,32.3,33.0,33.5,32.5,32.2,32.3,32.3,33.0,32.4,32.6,33.3,33.0,32.7,32.4,32.4,33.3,32.6,32.7,32.6,32.3,33.2,33.3,32.7,33.8,33.3,32.7,32.4,32.6,34.4,31.8,34.0,32.9,33.7,33.4,32.9,32.9,33.2,33.0,33.1,32.5,32.7,32.4,32.3,32.0,33.4,33.4,32.9,32.8,32.8,32.8,33.1,33.1,33.3,32.5,33.9,32.9,34.4,33.2,32.3,33.1,33.0,33.1,32.8,33.5,33.1,34.1,33.4,33.0,32.2,33.8,32.6,33.1,32.7,33.5,32.2,33.4,33.2,33.0,33.1,33.9,33.1,33.7,32.8,33.4,33.5,32.2,33.0,34.3,32.3,31.9,33.9,32.1,33.2,32.2,32.6,32.0,33.8,33.1,33.6,31.6,33.4,32.6,31.9,33.0,33.9,32.2,33.5,32.9,33.3,34.0,32.5,32.4,32.9,32.9,33.9,33.1,33.9,32.9,33.4,32.8,33.4,33.1,31.8,33.8,32.5,33.4,32.5,33.1,33.4,34.4,35.6,34.2,31.8,33.3,32.9,33.3,32.7,32.3,32.6,33.7,33.6,33.4,32.9,33.9,32.6,32.8,32.8,32.8,32.7,33.7,32.9,33.1,33.5,33.8,33.1,33.2,32.8,33.9,33.5,33.1,34.0,34.9,35.7,32.9,33.4,33.0,32.9,32.9,33.0,31.9,34.0,32.5,33.6,33.2,33.0,32.1,32.6,32.4,33.1,33.1,33.5,33.3,32.8,31.7,32.5,32.6,32.6,33.3,33.0,32.6,32.9,33.6,32.7,35.3,35.8,35.4,33.2,32.9,32.8,33.2,34.0,32.9,32.6,33.0,32.5,33.4,33.1,32.8,33.1,32.1,32.0,33.4,33.0,33.5,32.8,33.0,33.3,32.3,34.2,33.3,33.8,33.2,33.8,32.9,33.9,35.1,35.4,34.2,34.5,34.1,32.7,32.7,33.5,32.1,32.9,33.5,33.0,32.1,33.2,33.4,32.8,33.1,33.0,33.3,33.5,32.8,33.7,33.6,33.3,34.1,32.9,33.6,32.6,33.3,33.7,34.4,34.0,36.0,35.5,35.0,34.5,34.7,32.5,33.5,32.8,33.6,33.1,34.2,32.6,33.7,33.1,33.0,33.1,32.1,32.2,32.9,32.6,32.3,33.4,33.8,33.6,34.5,33.8,31.6,34.8,33.9,32.9,34.2,34.7,34.6,34.4,34.9,34.1,34.2,34.0,32.9,33.0,33.1,32.7,32.7,32.7,32.7,32.7,33.5,33.8,33.3,33.0,32.5,33.1,34.3,32.3,33.4,33.3,34.1,32.7,32.4,32.3,33.7,33.2,34.1,34.5,35.1,34.0,33.8,33.9,33.8,33.2,34.0,33.0,33.1,34.0,33.6,33.1,32.4,33.3,34.0,32.4,33.1,32.9,33.2,32.6,32.7,32.7,33.8,31.8,32.6,33.8,33.1,32.9,33.0,34.0,34.2,35.4,33.8,33.4,33.7,34.0,33.0,34.8,33.5,32.7,32.8,33.8,33.7,34.0,31.7,32.5,32.8,33.6,33.3,33.3,32.6,33.4,33.0,33.6,33.2,33.1,33.2,33.4,33.7,32.9,33.8,33.2,34.4,33.8,33.7,33.8,34.0,33.9,34.6,35.1,34.2,32.7,32.8,33.3,34.3,33.3,33.6,33.3,33.2,33.6,33.5,33.9,34.3,33.5,33.4,33.3,33.2,33.1,32.0,32.6,32.8,33.8,33.5,33.8,34.6,34.2,33.9,33.9,33.1,34.3,34.1,33.3,33.2,33.2,33.2,33.4,32.9,33.0,33.5,32.9,32.3,32.9,33.0,33.3,32.8,33.8,33.0,33.7,34.2,34.3,34.1,33.3,33.8,33.1,33.3,33.2,34.3,34.5,33.7,34.2,34.7,34.4,33.9,nan,32.9,33.5,33.4,33.2,33.9,34.1,33.4,32.3,33.5,32.4,33.2,32.8,33.1,32.5,32.5,33.0,33.2,33.6,34.0,33.8,32.5,34.0,32.8,32.9,33.5,35.1,33.8,34.1,34.0,33.6,33.9,33.7,34.0,34.7,33.8,32.5,33.0,33.7,33.7,33.2,33.1,33.8,32.9,33.1,33.4,34.5,33.7,34.1,33.4,34.5,34.1,33.0,33.7,32.8,33.5,33.4,33.8,35.0,34.6,33.6,33.9,32.9,34.0,34.1,33.9,32.9,33.8,33.7,34.1,33.5,32.8,33.4,33.2,33.6,32.6,33.1,33.8,33.1,33.6,33.8,33.9,34.4,33.1,33.4,34.4,34.3,33.5,34.0,32.8,34.3,33.6,33.9,33.6,35.3,33.8,33.5,32.6,33.8,34.7,33.3,33.4,34.3,33.5,33.7,32.5,33.8,33.1,33.9,33.9,33.2,33.3,33.2,34.2,35.1,33.9,34.1,34.6,33.3,32.1,34.2,33.5,32.4,33.9,34.6,34.5,34.4,34.3,34.5,33.8,33.1,34.1,33.8,32.7,33.3,33.4,33.2,33.0,33.4,32.9,33.9,34.1,33.9,34.3,34.5,34.2,33.7,32.8,33.3,33.3,33.4,32.8,34.1,32.7,33.7,33.6,33.9,34.1,34.7,34.0,33.8,33.4,33.1,33.4,33.1,33.8,34.1,34.0,33.1,33.8,33.3,33.9,33.2,34.0,32.9,34.0,33.8,33.3,35.1,33.8,33.9,34.2,33.4,33.9,33.2,33.7,34.1,33.4,32.8,34.0,33.6,35.0,33.1,34.2,34.0,33.1,33.3,33.4,33.9,33.0,33.5,33.9,33.4,33.6,33.0,33.4,34.3,33.2,34.5,34.5,34.2
1785307109.144639,2269,33.9,33.0,33.5,33.7,33.6,32.5,33.7,32.9,32.8,32.8,33.1,32.5,32.2,31.9,32.8,32.8,32.5,32.5,32.6,32.7,33.2,32.5,32.5,32.9,32.8,33.1,33.1,34.5,32.3,33.3,34.3,32.5,33.2,33.6,34.1,33.1,32.8,32.2,32.7,32.4,32.9,33.2,33.0,33.0,32.6,33.1,33.4,34.0,32.8,33.0,32.8,33.0,32.1,32.2,34.0,34.4,33.2,33.6,33.0,33.5,32.7,33.0,33.8,32.9,33.5,33.3,34.3,33.6,33.7,33.5,34.0,33.6,33.3,33.2,32.6,32.3,33.1,32.9,33.1,32.2,34.1,33.0,32.7,32.3,32.3,32.8,33.0,33.1,33.0,33.2,33.4,33.3,33.8,32.4,32.3,33.9,33.9,33.1,32.5,34.6,32.6,33.6,33.5,33.7,33.2,34.0,32.9,32.9,32.5,33.2,32.1,33.7,32.4,33.4,33.2,33.2,32.2,32.7,33.3,33.4,33.1,33.9,33.5,33.4,32.0,32.5,32.4,34.0,34.8,32.9,33.9,33.9,33.2,32.6,33.9,33.9,33.1,32.4,33.4,32.6,32.5,32.7,33.5,32.7,34.1,32.4,34.2,32.9,32.9,32.7,34.2,32.8,33.9,32.1,32.4,33.9,32.9,31.9,33.5,34.4,33.5,33.7,34.4,34.1,32.5,32.6,33.4,33.4,31.6,32.3,32.5,32.4,32.3,33.8,33.3,33.3,33.2,33.0,33.6,32.6,32.6,33.1,33.2,33.2,32.5,32.1,32.2,32.9,32.6,34.0,32.8,33.0,33.7,34.1,33.4,34.0,33.9,32.4,33.2,33.4,33.6,34.0,32.5,32.7,32.0,32.6,33.0,33.0,32.5,32.9,33.6,33.5,34.1,32.8,33.6,32.9,33.5,32.4,33.2,33.7,33.2,32.7,33.0,33.8,33.1,35.3,33.0,33.9,33.1,32.9,33.3,35.1,34.8,35.4,33.1,33.1,32.1,32.7,33.2,33.7,33.4,33.2,34.2,32.9,32.9,33.0,32.8,34.0,33.5,33.0,33.1,33.6,32.7,32.5,32.9,34.3,32.0,32.9,34.0,33.2,33.9,32.8,32.2,34.6,35.9,35.4,33.6,33.7,33.6,32.7,33.3,33.3,33.5,32.7,33.1,33.6,33.3,32.4,32.8,33.3,33.4,33.1,32.6,33.0,32.5,32.4,33.1,33.6,32.6,33.9,32.7,32.6,32.7,33.1,33.6,33.9,35.0,34.9,33.4,33.5,32.4,32.9,33.3,33.1,33.1,33.1,34.2,33.3,32.6,33.3,33.5,34.1,33.8,32.3,33.2,33.0,32.8,33.6,33.4,32.9,33.8,33.4,33.3,32.3,33.2,33.3,34.2,35.1,35.9,35.7,34.2,34.5,33.3,32.4,33.1,33.5,33.7,32.4,33.2,33.1,33.4,33.5,32.9,33.3,32.7,32.5,33.0,34.0,33.0,32.3,33.6,32.7,32.9,33.1,33.6,33.6,32.4,33.7,34.3,35.7,35.2,35.1,35.3,34.8,33.3,32.9,33.4,32.5,33.0,33.3,33.4,32.8,33.3,32.8,33.1,33.5,32.8,33.2,33.8,33.5,33.0,34.0,33.4,32.7,34.1,33.8,33.5,33.3,34.4,34.2,34.4,34.2,34.9,33.8,34.7,34.6,33.5,32.6,33.4,33.5,33.4,32.3,34.0,33.4,33.2,32.4,34.0,33.0,33.4,33.5,34.4,33.6,34.3,33.6,33.2,33.9,32.7,32.7,33.4,34.0,32.7,34.1,34.3,34.1,34.2,35.3,34.5,34.8,33.8,34.1,33.4,33.5,32.6,33.6,33.4,33.8,32.8,33.3,34.1,33.9,32.3,32.9,33.4,34.4,33.9,32.3,32.6,33.8,33.5,33.6,33.1,32.8,33.9,33.1,34.6,34.7,34.7,34.8,34.3,34.8,34.6,33.7,34.0,32.9,33.4,33.2,33.6,33.2,33.0,32.6,33.1,33.5,33.6,32.4,32.8,33.4,33.7,33.0,33.8,33.5,32.8,32.8,33.7,33.9,33.3,33.7,34.9,34.8,32.9,33.5,33.7,34.7,34.7,34.1,33.7,33.8,32.3,33.3,33.8,34.1,33.1,33.5,33.6,33.1,33.2,33.0,33.3,33.7,33.6,34.0,33.8,33.5,33.3,32.6,33.5,33.2,33.3,34.0,34.2,33.7,34.1,34.4,34.1,34.3,35.4,33.5,33.5,33.0,33.8,32.9,32.8,33.2,33.3,33.4,34.0,32.6,33.3,32.8,33.2,33.5,33.5,33.3,34.0,33.1,33.9,34.6,33.0,33.5,33.6,33.8,34.3,34.2,33.5,34.7,33.5,34.6,33.1,nan,33.1,32.8,32.5,33.8,33.2,33.8,32.8,34.1,33.2,33.4,33.0,32.8,34.0,34.1,34.0,34.0,33.8,35.0,33.5,33.0,34.2,33.2,33.7,33.6,35.0,34.2,33.8,33.9,34.5,34.3,34.2,33.7,33.7,33.5,33.3,32.5,33.6,34.4,33.0,33.2,32.9,33.6,32.9,33.2,33.9,34.3,33.5,32.4,34.4,33.9,33.7,33.6,32.9,34.7,32.7,33.4,35.4,34.9,33.7,33.9,33.8,34.0,34.3,33.8,33.8,34.1,33.1,33.0,32.3,33.8,33.3,33.3,33.4,34.4,32.1,33.5,33.2,34.6,32.2,33.6,34.5,33.2,34.0,33.2,32.5,34.7,33.9,34.0,33.4,34.3,34.7,35.0,35.3,35.2,33.3,33.0,33.3,33.1,34.2,33.6,33.8,34.2,33.3,33.5,34.0,34.5,33.6,33.6,33.9,34.0,33.9,33.3,33.9,34.3,34.1,34.9,33.5,34.5,32.9,34.0,34.3,35.4,34.4,34.1,34.1,35.8,33.1,33.6,33.4,33.3,33.6,33.6,34.3,32.9,32.9,33.1,33.0,33.9,32.4,33.5,33.8,34.2,33.1,34.5,33.0,35.2,33.2,34.2,32.8,33.5,34.2,33.8,33.3,33.9,35.0,34.5,34.1,33.8,33.9,33.8,34.1,33.8,33.8,33.3,33.4,33.6,32.9,34.2,33.7,33.4,33.7,33.6,33.2,32.5,34.2,33.8,33.7,34.9,32.7,32.7,33.3,34.4,33.9,33.2,32.8,34.7,32.3,33.9,34.4,34.2,34.2,34.5,34.0,34.3,33.6,33.1,33.6,34.4,33.4,34.0,33.2,33.6,33.4,33.9,33.0,34.5,33.2,34.5,35.7,35.6
1785307111.383014,2270,33.6,33.5,33.2,33.4,32.2,32.5,34.8,33.3,33.4,33.4,32.9,33.3,33.2,32.1,33.5,33.2,32.8,32.5,33.7,33.8,32.8,32.3,31.7,33.7,31.4,32.9,32.9,33.6,33.3,33.1,32.1,33.7,32.4,33.1,32.3,33.8,31.3,32.2,33.5,32.8,32.9,31.8,32.6,33.4,32.7,32.8,33.2,31.6,32.2,33.0,33.0,33.5,33.4,31.6,32.4,32.2,32.4,32.6,33.4,33.5,33.4,32.7,33.4,34.1,32.0,33.7,33.8,33.4,32.5,32.5,32.8,33.1,33.3,32.4,32.5,33.2,33.4,33.1,32.6,32.9,32.6,33.5,33.6,32.6,31.9,32.3,32.9,32.4,33.4,33.2,33.2,33.1,33.4,32.4,32.7,33.9,32.7,32.8,32.8,33.0,32.6,32.0,33.3,33.1,32.3,33.3,33.1,33.5,32.8,32.8,33.2,32.3,32.6,33.8,33.2,33.1,32.4,32.3,32.8,32.8,32.9,33.3,32.5,33.2,33.5,33.5,33.8,33.5,33.2,32.7,33.4,33.9,32.8,32.6,33.1,32.4,32.3,32.7,32.2,32.0,33.0,32.7,33.3,33.4,33.2,31.8,33.0,33.9,32.4,33.1,32.4,32.5,33.0,32.6,32.9,33.9,32.5,32.7,31.8,33.5,32.6,32.6,34.0,34.1,33.3,32.4,33.0,32.9,32.2,33.4,32.5,31.7,32.9,32.8,33.3,33.5,31.7,32.5,32.9,32.6,33.1,32.6,33.5,32.5,32.0,33.0,34.0,33.3,33.0,32.8,33.6,32.5,33.5,33.2,33.6,33.4,32.4,33.7,33.6,34.0,33.1,33.7,32.7,33.2,32.9,32.8,33.4,32.1,33.7,33.0,31.8,33.7,32.8,32.3,32.9,32.9,33.5,32.2,33.2,32.2,32.5,34.0,33.2,32.1,32.9,32.9,33.6,33.5,32.3,33.4,33.9,34.3,34.9,33.9,33.7,32.8,32.4,32.8,31.9,32.4,33.2,32.4,33.2,33.6,32.9,32.8,33.6,32.3,32.4,32.5,33.1,33.2,33.7,33.3,33.5,32.2,32.0,33.6,31.7,34.0,32.8,32.1,33.8,35.6,35.7,34.2,32.9,32.6,32.5,32.2,33.0,34.0,32.4,33.4,32.6,32.8,32.7,33.2,33.3,33.1,31.7,32.8,32.9,33.2,32.9,33.7,33.3,33.4,32.4,33.9,32.7,33.8,32.9,32.4,33.7,34.8,34.7,34.3,32.9,34.3,32.9,32.7,33.3,32.6,32.3,33.2,33.5,33.7,32.8,33.4,34.1,33.0,32.1,33.2,32.5,33.5,33.1,32.6,32.8,32.7,32.9,32.8,33.9,33.4,33.6,33.3,34.0,35.8,35.2,35.4,34.9,33.3,33.5,32.9,32.8,33.7,32.7,33.8,33.0,33.5,33.0,32.5,32.6,33.8,33.0,33.7,32.6,32.8,33.0,33.7,33.0,32.7,33.7,33.7,33.2,33.6,32.0,34.6,35.5,34.6,34.7,34.6,34.8,34.5,32.5,32.3,33.4,33.3,33.1,32.6,33.5,33.4,33.1,33.3,33.5,32.9,32.6,33.2,32.9,32.1,33.4,33.2,33.2,33.1,32.6,33.8,33.5,32.3,34.2,33.5,34.7,34.4,34.6,33.9,34.3,33.4,33.2,33.2,33.4,33.1,34.0,33.1,32.7,32.9,32.9,34.2,33.7,33.3,33.3,32.0,33.2,33.4,32.8,33.0,33.4,33.3,33.1,33.5,34.4,33.8,33.4,34.4,34.3,34.2,34.5,33.5,34.3,33.9,32.8,32.5,33.3,32.8,33.1,32.5,33.9,32.5,33.1,33.3,33.7,33.4,33.3,33.0,34.0,33.1,33.9,32.5,32.8,34.2,33.5,32.8,33.7,33.7,33.9,33.8,34.4,34.2,33.8,34.1,34.6,34.5,33.3,33.2,32.5,34.0,33.4,33.2,33.5,34.5,33.3,33.2,33.6,33.3,33.1,32.6,33.2,33.2,33.0,32.5,34.4,34.1,33.0,32.6,33.5,33.1,33.3,34.4,34.0,33.5,33.9,33.3,33.6,34.4,33.6,32.7,32.8,33.2,33.8,33.5,32.7,34.1,33.2,33.6,33.4,32.8,33.2,33.0,32.9,32.4,33.2,33.6,34.0,33.5,32.6,34.2,33.5,33.6,34.0,33.8,33.7,33.5,33.6,34.3,33.6,33.5,34.1,33.5,33.3,34.0,33.0,33.5,33.3,34.3,33.5,33.2,34.0,34.0,33.6,33.3,33.4,32.2,33.3,33.0,34.8,33.7,32.8,32.7,33.4,33.1,33.5,34.3,34.2,34.2,33.2,34.7,34.0,34.1,34.1,nan,33.7,33.4,33.0,33.2,33.4,33.3,33.9,34.1,33.0,33.2,33.9,33.2,33.6,33.3,34.8,33.6,35.0,32.6,33.5,33.2,33.6,33.4,33.9,34.2,33.3,34.6,33.9,34.3,33.9,34.0,34.5,33.7,32.9,32.8,32.7,33.7,33.6,33.4,33.2,32.5,33.2,33.6,33.2,32.7,33.5,35.1,33.5,33.2,33.8,33.3,32.4,33.8,33.1,34.3,33.3,34.9,34.5,35.5,34.4,34.4,34.4,34.2,34.0,33.6,33.9,33.6,32.6,32.7,33.3,33.7,33.1,33.1,34.1,33.2,33.7,32.9,34.4,34.0,33.4,33.0,34.1,34.4,33.3,34.7,33.3,34.5,33.5,33.8,33.2,33.9,34.0,34.3,34.8,35.5,33.1,33.2,33.8,33.3,33.3,34.1,33.1,32.8,32.1,33.5,33.8,33.2,32.1,33.2,33.3,33.0,33.3,33.1,34.4,34.5,33.0,32.5,34.6,34.5,33.5,32.6,35.0,34.6,33.5,35.3,34.5,34.6,33.9,33.6,33.4,33.3,34.4,32.8,34.4,33.8,33.4,33.7,33.9,32.8,32.9,33.5,33.4,32.7,33.1,33.7,33.4,35.0,33.5,33.8,33.5,34.3,33.4,33.0,33.5,34.4,34.3,33.4,33.9,33.4,33.1,33.9,33.4,34.5,32.9,33.1,34.1,34.5,33.4,33.8,33.6,33.5,32.8,32.8,34.0,33.9,33.4,34.0,35.1,34.7,31.9,32.9,34.7,33.3,33.3,33.0,33.9,34.3,34.9,34.1,34.7,33.4,33.5,32.1,33.8,32.7,33.5,33.1,33.4,33.5,34.3,32.7,33.7,33.0,33.0,33.7,33.2,33.3,33.2,34.0,34.8,34.0
1785307113.2369823,2271,32.0,33.8,31.2,32.7,31.1,33.2,32.9,33.0,32.0,33.1,32.9,32.9,32.8,33.8,32.4,34.0,31.8,32.9,32.1,33.4,32.5,31.9,32.5,32.9,31.5,33.3,33.6,33.4,32.2,33.8,33.1,33.3,34.0,33.9,33.6,32.4,33.1,32.4,32.7,33.2,33.3,32.8,33.4,33.0,33.0,30.8,33.6,32.6,32.4,31.7,33.1,32.8,32.4,32.0,32.1,32.9,33.0,32.2,33.2,33.3,33.0,32.8,33.4,32.9,31.8,33.5,32.7,33.4,31.9,33.4,33.0,32.9,31.2,33.4,33.4,33.1,32.4,33.0,33.0,33.3,32.8,33.2,33.0,32.5,32.8,32.7,31.6,33.9,32.6,33.1,32.5,32.5,33.2,34.0,33.0,34.2,31.5,33.6,33.5,34.2,33.6,31.8,33.7,32.6,33.2,33.3,32.9,33.2,32.5,32.0,31.6,33.1,32.6,32.3,33.6,33.3,32.0,31.5,33.0,32.9,33.5,33.2,32.5,34.8,33.3,32.1,33.1,32.4,32.7,33.4,33.9,33.8,32.4,34.2,32.6,33.2,31.1,32.4,32.9,33.0,31.7,33.1,33.0,32.8,32.8,33.3,32.4,33.5,31.7,32.9,33.2,32.9,32.5,32.6,33.0,33.1,32.3,33.1,33.4,34.0,34.2,32.6,33.1,34.7,33.5,32.8,33.6,33.1,33.2,32.7,33.0,33.1,33.1,32.5,33.1,33.4,32.5,32.4,33.6,33.2,34.0,33.1,32.3,33.8,32.9,33.0,33.4,32.6,33.2,32.2,33.5,33.9,32.8,33.7,33.6,34.0,32.0,33.6,33.5,33.6,33.2,33.2,33.4,33.7,32.8,33.4,33.8,33.0,32.4,33.2,33.5,33.5,33.5,32.2,32.1,33.5,31.8,32.7,33.1,33.3,33.1,33.5,32.8,33.4,33.0,32.5,33.5,33.8,32.9,33.1,33.2,34.5,34.8,33.1,33.4,33.2,32.7,32.6,33.4,33.7,33.3,33.3,32.9,33.6,33.4,32.9,32.8,33.3,32.6,33.5,33.7,32.5,32.9,31.6,33.1,33.9,31.9,33.0,32.8,33.7,32.7,33.0,34.1,35.5,35.6,35.2,33.1,33.8,33.2,32.4,32.6,33.5,32.7,32.8,33.5,33.0,32.5,33.4,32.3,32.3,32.8,33.0,33.0,33.2,31.8,33.0,31.7,33.2,33.3,33.1,32.8,33.0,32.8,32.6,34.3,33.3,36.2,35.8,33.3,32.4,33.1,33.1,33.1,33.0,33.2,32.8,33.2,33.8,33.7,32.7,32.0,32.6,32.7,31.8,32.2,33.5,33.4,32.3,33.6,32.9,33.2,33.2,33.3,34.3,32.9,34.2,34.4,34.3,35.3,34.9,33.4,34.5,33.2,33.1,32.7,32.8,32.6,33.4,33.2,33.2,32.3,33.5,33.3,33.4,32.4,33.5,33.4,32.1,32.8,33.2,33.6,32.7,33.3,31.6,34.2,33.8,33.0,33.2,35.2,35.4,36.0,35.5,34.2,34.7,33.3,32.8,33.7,33.8,33.3,32.5,33.4,33.3,33.0,32.5,32.7,33.1,33.5,32.4,32.8,33.4,33.3,32.9,32.5,32.8,33.3,34.9,33.8,34.7,32.6,34.2,34.4,34.9,34.3,33.6,34.6,34.8,33.1,32.4,33.4,33.1,32.5,33.4,33.3,32.6,32.8,32.6,32.9,33.3,32.3,32.9,32.8,32.9,33.0,32.9,33.2,33.2,33.1,32.5,33.5,33.7,32.9,33.6,35.0,34.7,34.5,32.9,33.7,34.2,34.3,32.4,33.0,33.2,33.6,33.0,33.8,33.0,33.0,33.0,33.4,32.6,32.7,32.9,33.3,32.6,33.8,33.1,34.5,33.8,33.1,33.7,33.2,33.9,33.4,33.9,34.8,35.1,33.5,34.1,34.3,33.7,33.2,34.0,33.7,33.4,33.0,33.2,33.7,33.7,32.2,33.4,33.2,33.4,32.5,33.0,33.0,33.4,33.2,33.1,34.6,34.6,33.0,33.6,33.5,32.6,33.5,32.9,35.1,34.2,33.4,33.2,33.7,34.4,33.8,32.7,33.8,32.9,32.8,32.7,33.2,32.9,33.3,32.9,34.2,33.3,33.7,33.2,33.1,33.7,34.0,32.9,34.5,33.1,32.9,32.8,33.6,34.0,33.3,33.8,34.1,34.3,32.9,34.1,33.2,34.0,34.2,34.0,33.9,33.1,32.6,33.7,33.4,34.4,32.5,33.9,33.9,34.0,32.5,32.8,33.7,33.1,33.0,35.1,32.6,34.2,33.7,33.6,33.5,32.5,33.3,32.5,34.7,33.5,33.9,33.9,33.9,34.4,33.8,nan,32.9,33.2,33.2,33.5,32.8,33.2,32.8,33.0,33.2,33.3,32.9,33.0,34.4,33.6,32.4,33.1,34.1,33.6,31.6,33.9,33.0,34.4,33.0,34.2,35.0,34.1,33.3,34.1,33.5,34.5,33.2,34.3,33.2,33.7,32.6,32.9,33.9,33.7,32.4,33.7,33.3,34.2,32.9,32.7,33.4,34.6,33.3,33.9,33.7,34.0,33.1,33.7,33.3,33.6,33.1,32.9,34.2,34.6,34.3,33.9,34.6,34.3,33.4,33.7,32.8,33.3,33.2,33.8,33.6,33.7,32.8,33.1,33.8,33.4,34.3,31.5,34.0,34.3,33.4,33.1,33.7,34.2,32.5,33.9,33.6,34.4,32.6,33.8,34.3,34.1,33.3,34.5,34.7,34.7,33.7,33.7,33.1,34.0,32.9,34.2,33.8,34.7,33.3,33.4,33.8,33.6,32.7,33.6,33.1,33.2,33.7,32.9,32.7,34.1,34.4,32.5,34.2,33.5,32.5,33.1,34.1,33.6,34.4,33.6,34.7,35.1,33.5,32.8,34.5,32.8,33.1,32.5,33.6,33.5,33.1,33.6,34.5,33.4,33.5,33.7,33.2,34.1,34.4,32.8,34.1,34.8,32.6,34.9,34.4,34.6,32.6,34.0,33.1,33.1,33.4,34.9,34.0,34.5,34.0,33.6,33.3,33.5,33.3,33.7,33.3,33.8,32.6,34.0,34.7,33.2,32.6,33.0,33.1,33.2,33.4,34.2,33.8,34.5,33.8,32.7,33.6,34.0,33.1,32.7,32.8,34.6,33.8,34.7,32.9,33.7,33.5,32.3,34.4,33.0,33.7,32.8,34.0,34.1,33.1,33.5,32.5,34.2,34.2,33.0,35.0,34.0,33.4,32.8,35.0,34.5
1785307115.5819325,2272,34.5,31.9,32.2,33.5,33.2,32.1,32.9,33.4,33.2,32.7,32.7,32.5,31.5,32.3,32.6,33.0,32.5,32.9,32.8,32.9,34.5,32.9,33.9,32.1,31.9,32.5,33.8,33.2,33.1,32.7,33.1,33.0,33.0,32.6,33.4,33.2,32.4,32.9,32.5,33.5,32.7,32.0,33.4,33.8,32.4,32.6,32.1,32.8,32.6,32.3,33.1,32.7,32.9,33.3,33.6,33.1,31.8,33.0,32.8,33.6,32.5,32.8,33.4,33.9,33.1,32.8,32.7,33.9,32.9,32.1,31.6,33.1,32.6,32.3,32.3,32.2,32.2,32.4,33.0,32.4,32.5,32.8,33.0,31.8,32.7,32.3,33.3,32.4,33.2,33.1,32.1,33.4,33.0,33.1,32.8,32.3,32.5,32.6,33.9,32.4,33.0,32.5,33.3,33.4,31.9,33.1,33.7,33.3,31.4,31.7,32.3,33.8,32.4,33.5,32.7,32.8,33.1,32.6,33.5,32.1,32.9,32.2,31.9,33.4,32.9,33.2,32.2,33.3,33.0,32.7,32.4,33.3,32.8,32.9,33.5,33.2,32.8,32.0,32.8,33.0,32.4,32.9,33.0,32.6,32.8,33.1,32.5,33.3,33.1,31.9,33.0,32.3,33.0,33.5,32.0,33.7,33.0,32.7,33.6,33.1,34.0,32.6,32.7,34.1,33.5,33.2,33.4,33.7,32.4,33.2,33.0,32.2,32.8,32.3,33.5,33.5,32.5,33.5,33.6,33.5,33.2,32.3,32.3,33.1,32.5,32.9,33.0,33.4,33.2,32.9,31.9,34.7,32.4,32.8,33.0,34.0,32.8,31.1,33.3,33.3,32.5,33.3,33.6,33.1,33.6,32.3,33.2,32.2,32.6,31.9,33.1,33.4,33.0,32.5,33.3,33.3,31.5,32.0,33.5,32.2,32.5,32.5,33.7,32.3,32.1,33.8,34.3,33.2,32.0,32.5,33.0,32.7,34.1,33.8,34.4,32.5,32.9,33.2,33.7,32.6,31.7,33.3,33.2,33.6,32.9,32.6,33.1,33.9,33.0,33.2,33.0,32.4,32.9,33.0,33.8,33.7,33.2,32.1,33.4,33.1,32.1,33.0,33.2,33.7,35.4,35.7,35.1,33.3,31.9,32.9,33.4,32.2,32.6,33.1,33.0,33.2,32.7,32.9,32.5,32.8,32.8,32.1,33.3,33.4,32.2,32.0,33.1,32.8,32.4,32.9,33.6,32.8,32.6,32.6,32.9,32.9,34.4,35.6,34.3,33.4,33.1,32.6,33.5,33.3,32.5,32.6,33.1,33.5,32.3,32.5,33.7,34.1,32.5,33.6,33.1,34.1,33.0,33.4,33.2,33.6,33.2,32.2,33.9,33.9,32.7,33.5,32.8,35.0,35.0,35.3,33.9,34.3,33.8,33.2,33.3,33.4,32.6,32.8,33.5,32.9,32.1,32.1,33.1,33.5,32.1,32.5,33.9,32.4,32.9,33.4,34.0,32.7,33.5,33.1,33.6,33.0,33.4,33.7,34.1,35.0,35.4,34.8,35.0,35.5,33.6,32.8,32.9,33.8,33.2,34.6,32.8,33.2,32.3,32.7,32.8,33.9,32.7,33.2,33.6,31.8,32.2,32.6,32.9,32.8,33.7,33.0,32.4,33.5,32.8,32.8,33.9,34.2,34.3,33.8,34.1,33.5,33.7,32.1,32.6,33.6,33.1,32.4,33.0,32.8,32.4,32.9,32.7,33.5,33.3,31.8,33.9,32.7,32.3,32.3,32.4,33.4,33.6,33.4,33.5,33.7,32.7,32.7,34.5,34.5,34.5,33.7,34.5,34.6,32.8,33.2,34.2,32.7,33.5,32.9,33.8,32.2,33.0,33.5,33.8,33.5,32.8,33.1,33.8,34.4,32.5,33.1,32.5,33.6,33.3,33.3,31.8,33.4,33.4,33.5,34.8,33.9,33.6,33.8,33.9,34.4,33.9,33.5,33.1,32.8,33.1,32.9,33.2,33.4,33.5,33.7,33.0,33.0,33.2,33.0,33.8,33.1,32.9,32.7,34.0,32.8,33.6,33.2,33.5,32.4,32.8,34.0,34.6,34.0,33.4,34.0,33.7,34.6,33.0,33.8,33.3,33.0,32.8,32.7,33.4,33.7,32.3,34.0,33.2,33.8,32.2,33.1,33.6,33.0,32.7,32.8,33.7,33.9,32.7,31.5,33.6,33.0,33.5,33.1,33.8,33.9,33.3,34.3,32.7,33.5,34.0,33.4,33.4,32.9,32.9,32.6,32.9,33.1,33.7,33.6,34.2,32.5,33.9,33.0,32.5,32.8,32.5,32.6,32.8,33.6,32.4,32.9,33.7,33.5,33.5,33.8,34.5,33.0,34.1,33.9,33.4,34.8,33.8,nan,32.9,32.8,32.2,33.0,33.8,32.7,33.5,33.1,33.7,32.8,32.9,33.0,33.9,33.2,33.5,32.9,34.1,33.9,33.1,32.6,33.8,33.2,33.4,32.6,33.7,34.6,33.6,33.8,34.2,33.8,33.6,34.3,33.1,33.7,33.1,32.7,32.7,33.2,32.9,33.1,33.3,33.8,33.3,31.8,34.0,33.3,32.6,32.4,34.1,32.9,32.4,33.5,33.7,34.0,32.9,34.0,33.4,34.5,33.9,33.8,34.3,34.1,33.5,34.5,33.6,33.8,32.8,33.7,33.5,33.2,33.1,33.3,33.6,34.1,33.0,33.9,33.8,33.9,33.4,33.8,33.7,34.2,33.2,34.1,33.4,34.2,32.2,33.6,33.6,33.8,33.1,33.3,34.7,35.4,33.9,33.4,33.7,33.0,33.6,33.0,33.6,33.9,33.5,33.4,34.0,33.1,32.6,33.3,34.1,32.6,33.9,33.3,33.1,33.4,33.7,33.2,33.6,34.0,33.1,32.9,33.6,34.0,34.3,33.8,33.8,35.0,34.1,34.5,33.8,33.7,33.3,32.0,33.4,34.0,33.6,33.5,35.0,33.6,32.8,33.3,33.2,33.1,32.6,33.6,34.3,34.6,33.3,33.1,33.3,33.5,32.4,33.2,33.3,33.3,34.4,34.5,33.3,33.3,33.6,33.1,33.3,34.0,33.8,33.8,33.4,34.0,33.3,33.1,33.1,33.0,32.8,32.6,34.1,33.4,33.9,34.0,35.4,33.8,32.4,33.9,33.8,33.6,33.9,33.9,34.0,34.6,33.7,34.0,33.8,34.7,33.7,33.5,32.2,33.7,32.8,33.0,34.0,33.4,33.1,33.3,33.4,33.6,32.7,32.8,33.5,34.6,33.0,34.5,35.2,35.4
1785307117.63495,2273,34.6,31.9,32.8,33.0,33.7,33.2,32.3,33.2,33.5,34.1,33.0,33.5,34.1,32.5,33.3,33.2,32.8,32.3,33.7,33.1,33.9,32.3,33.0,32.9,33.8,33.1,34.1,32.1,32.9,33.3,32.2,32.2,33.2,33.3,33.8,33.7,33.5,32.7,32.5,32.9,32.9,33.5,33.0,33.1,31.8,33.8,33.1,33.1,32.2,33.5,33.1,32.6,33.5,32.9,32.3,31.8,33.0,33.5,32.6,34.1,33.6,32.7,32.1,34.5,34.7,33.5,32.8,33.4,34.1,33.4,32.3,33.1,33.2,33.4,31.9,33.3,32.3,32.8,33.2,33.5,33.9,33.5,32.7,33.0,32.6,33.7,32.1,33.7,33.9,34.2,33.6,32.7,33.5,31.8,33.1,33.0,32.5,34.9,32.5,33.4,32.4,33.4,31.9,32.5,32.9,33.4,32.9,32.9,32.5,32.8,33.0,33.2,34.0,33.5,33.2,33.0,33.3,33.4,33.3,33.7,33.7,34.2,32.5,32.9,31.8,33.0,33.8,33.9,33.8,32.7,33.1,32.7,33.5,32.7,33.4,33.2,33.6,32.8,32.7,32.3,33.1,32.9,33.3,33.6,33.4,32.8,33.3,33.0,33.4,32.8,32.0,32.2,34.0,33.0,32.3,32.3,33.8,33.8,32.8,34.8,34.0,34.3,31.6,34.2,33.7,32.9,32.8,32.4,33.1,32.8,32.7,32.7,33.3,32.9,32.4,33.1,34.3,33.3,32.3,32.6,33.2,33.4,33.2,32.7,32.5,33.3,33.8,33.5,33.4,34.4,33.4,33.5,33.4,34.8,33.1,33.2,33.8,33.2,32.8,33.8,33.6,33.0,32.1,33.1,32.9,33.1,33.1,32.8,33.5,33.1,33.1,33.1,33.4,32.7,32.3,33.1,33.7,33.1,33.6,34.1,33.4,32.9,33.4,32.8,32.5,33.9,33.9,33.9,33.3,33.2,34.1,35.1,33.8,33.9,33.1,32.9,32.2,32.5,33.1,32.9,32.6,33.7,33.7,34.3,32.9,32.8,33.1,33.1,32.1,33.8,33.5,33.4,34.6,32.1,33.3,34.2,33.3,33.8,33.3,33.7,33.7,33.4,33.1,34.8,35.7,35.1,32.9,32.9,33.8,32.4,33.6,32.9,32.7,33.1,32.8,32.9,33.8,32.9,32.4,33.0,32.3,32.3,33.1,32.5,34.5,33.4,33.2,33.4,34.1,33.2,33.2,34.1,32.8,34.3,34.3,33.9,35.0,35.6,32.5,33.0,32.8,33.0,33.5,33.9,33.2,33.4,33.5,33.2,32.6,33.1,33.5,33.0,32.7,33.1,33.4,33.1,33.4,33.7,32.0,34.0,33.5,33.6,34.4,33.3,33.3,33.1,32.5,34.1,35.5,34.9,34.8,34.3,33.1,33.2,32.8,32.8,32.4,33.2,32.5,32.8,34.1,33.4,32.9,33.0,32.7,32.7,32.2,33.0,33.7,32.5,33.3,33.5,34.8,33.4,34.4,33.1,32.6,34.4,34.5,34.8,35.2,34.9,34.2,34.7,33.3,33.2,33.7,32.1,33.6,33.1,33.1,32.9,33.0,33.4,32.8,32.5,32.8,33.7,32.2,32.8,33.1,33.0,32.7,33.9,33.8,33.9,32.9,32.9,33.6,34.4,34.4,34.6,34.2,34.5,34.7,34.5,33.6,33.1,32.5,32.6,33.8,32.6,33.8,33.1,34.0,33.4,32.3,33.3,34.2,33.7,32.9,32.7,34.2,33.4,33.5,33.4,34.0,33.6,32.3,33.0,33.6,33.8,35.0,33.9,34.5,34.9,33.9,35.3,34.1,33.6,33.0,32.6,33.6,33.1,34.6,33.7,33.9,33.4,32.1,32.9,33.5,33.5,34.5,33.3,34.0,33.0,32.9,33.9,34.4,33.5,33.7,33.4,33.9,33.3,35.1,34.9,33.9,34.5,34.6,33.5,34.6,33.7,32.5,33.1,33.1,33.6,34.0,33.7,33.8,33.4,33.1,32.7,34.3,33.8,33.3,33.2,33.3,34.3,33.3,32.1,32.8,34.1,33.7,32.5,33.2,34.2,34.6,34.6,32.7,34.5,34.2,34.0,34.6,33.1,33.0,33.9,33.0,33.9,33.4,33.3,33.9,33.8,33.1,33.7,33.4,33.1,33.8,32.4,33.6,33.0,33.9,34.0,34.2,32.6,32.9,34.4,33.3,34.2,34.0,34.1,34.7,34.6,33.1,34.8,34.1,34.0,33.0,33.1,34.0,32.9,33.6,33.9,33.3,33.6,32.1,33.2,34.5,33.5,32.9,33.1,32.9,33.8,33.9,34.0,32.6,33.9,32.9,33.4,33.7,33.2,33.5,34.8,34.8,34.5,34.9,34.2,34.1,nan,32.3,33.3,33.8,33.6,33.1,33.8,33.4,33.7,34.1,33.6,32.7,34.3,33.5,33.3,32.7,33.2,33.7,34.0,35.4,33.4,33.3,34.0,34.6,33.7,33.7,34.5,33.7,34.3,33.4,34.0,35.0,33.7,33.8,33.2,33.8,32.9,33.8,32.9,33.6,33.2,33.2,33.6,32.7,34.3,33.5,33.4,33.8,33.6,33.6,34.6,33.5,34.6,33.3,34.3,32.4,34.3,34.4,34.4,34.5,34.7,34.6,34.3,34.2,34.7,33.9,33.6,32.5,33.3,33.1,34.1,33.6,34.4,33.1,34.1,33.6,34.2,34.0,33.8,33.4,33.9,33.9,34.3,33.9,33.2,34.1,33.7,33.6,33.6,33.7,33.8,34.6,34.1,33.8,34.5,34.6,34.4,33.2,33.7,33.5,32.8,34.1,33.7,34.6,33.5,32.9,32.9,34.6,34.5,33.2,33.2,34.8,33.7,34.3,33.6,33.7,33.5,33.6,34.5,33.1,33.3,33.4,33.9,33.9,33.5,35.0,35.4,33.6,33.2,34.0,33.4,32.6,34.4,33.1,33.9,32.2,33.4,33.2,33.5,33.2,33.2,32.8,33.0,34.0,34.5,34.5,34.5,33.6,33.1,33.6,34.1,34.6,34.0,34.0,33.9,35.2,35.2,33.7,34.2,34.3,33.6,33.0,33.7,33.7,32.6,33.7,34.0,33.2,33.7,34.8,33.9,33.5,32.4,33.2,34.2,34.1,34.4,34.6,35.2,32.4,35.1,33.8,33.3,33.5,35.0,33.6,34.5,33.3,33.7,33.3,34.6,33.9,34.6,33.8,33.4,34.4,34.3,32.7,34.2,33.6,33.6,33.6,33.9,33.8,33.5,34.4,34.3,32.6,34.8,35.0,33.7
1785307119.7347896,2274,32.9,33.4,33.2,33.3,33.4,34.0,32.6,32.6,32.8,32.4,33.3,32.1,32.8,32.6,32.2,33.7,33.4,33.5,33.2,32.8,32.3,32.4,32.9,33.4,32.7,33.2,33.4,32.9,33.3,33.2,31.8,32.3,34.1,34.2,31.3,34.3,34.1,33.9,31.8,32.8,33.7,33.4,32.0,33.0,33.1,33.0,33.2,33.7,33.4,33.0,32.6,33.0,33.4,32.6,32.2,32.5,34.3,33.4,32.5,32.9,34.2,32.8,33.7,33.4,33.5,33.9,32.4,33.3,32.3,32.6,32.2,33.0,32.7,33.7,32.1,32.5,33.3,33.8,33.0,33.3,32.3,33.3,32.4,32.1,32.5,32.4,32.7,33.4,33.0,33.2,32.2,32.9,33.6,33.0,32.8,33.4,33.8,34.1,32.9,33.5,33.1,33.3,32.9,32.6,33.4,33.1,31.4,32.4,33.5,32.2,32.4,32.9,33.2,33.3,32.5,33.3,33.0,32.9,32.9,32.8,32.7,33.0,32.4,33.2,33.2,31.9,33.9,33.6,33.7,33.5,32.4,33.9,33.2,33.6,33.7,32.9,32.6,33.2,32.6,33.0,32.5,33.7,32.5,32.9,32.8,33.2,31.2,33.1,32.7,32.9,31.9,33.2,32.5,32.9,33.0,34.0,32.5,33.3,33.1,33.2,34.1,32.6,32.6,33.7,32.1,32.2,32.7,32.3,32.8,32.2,32.8,32.9,32.9,32.6,33.7,33.2,33.8,33.0,32.9,33.7,33.6,33.5,32.6,32.9,34.0,32.3,32.4,32.4,33.4,33.2,33.6,33.2,33.5,34.5,33.0,32.5,33.4,33.5,32.7,33.4,33.2,33.8,32.2,33.4,33.3,32.4,32.7,32.8,33.2,32.4,32.5,33.7,33.5,33.3,33.2,33.1,32.2,32.8,32.5,33.5,33.3,33.4,32.0,33.5,34.2,32.3,32.5,33.6,33.0,33.5,33.8,34.3,35.2,34.1,33.2,33.0,32.8,32.6,33.8,33.4,33.5,32.8,33.2,32.3,34.3,32.7,31.9,33.8,32.7,32.8,33.4,33.1,34.0,33.9,33.0,33.0,34.0,33.9,32.8,33.8,33.4,34.1,33.5,35.8,35.1,34.7,31.9,34.2,32.2,33.3,32.2,33.5,33.4,33.0,34.0,33.5,33.2,33.6,32.0,33.3,33.1,33.1,33.1,32.8,33.3,34.4,31.7,33.3,33.2,33.9,33.1,33.4,33.4,32.4,34.1,35.0,36.5,33.8,33.3,32.9,33.4,33.2,33.0,32.6,32.9,33.6,32.8,33.4,33.1,32.8,33.1,33.4,32.5,33.5,32.8,33.0,33.1,32.3,33.1,33.9,34.0,33.7,33.5,33.6,32.5,33.8,33.7,35.8,35.3,34.9,34.2,33.5,33.3,33.8,33.2,33.2,33.5,32.4,33.0,33.5,33.9,33.3,32.6,33.0,33.2,33.3,33.2,33.6,33.4,33.2,34.0,34.0,33.2,32.9,32.9,33.2,34.2,33.0,34.4,35.0,35.2,35.1,34.1,34.4,34.2,32.8,33.0,33.3,33.6,33.6,33.2,32.8,33.1,32.5,33.0,33.2,33.4,33.4,32.7,33.5,33.7,33.8,33.4,32.8,33.0,33.1,33.2,32.7,33.2,34.3,34.3,35.0,34.3,34.4,33.9,35.0,32.6,32.5,32.6,33.4,33.4,33.5,33.2,32.7,33.1,33.9,33.4,33.5,32.6,33.1,33.4,33.4,33.9,33.5,33.6,33.9,33.7,32.7,32.0,33.1,33.3,34.4,33.9,34.4,35.1,33.9,34.8,34.9,33.7,33.0,32.9,32.5,33.2,32.9,32.6,32.3,33.4,33.3,33.5,32.9,34.0,32.7,32.7,33.0,32.8,33.3,33.4,33.6,32.6,34.6,33.4,34.1,33.2,34.0,33.9,34.0,34.1,34.4,34.2,35.3,34.3,34.5,33.1,33.0,34.1,33.8,32.8,33.7,33.7,33.0,34.2,33.8,34.0,34.5,32.5,33.7,33.2,33.5,33.2,33.5,33.3,33.2,33.2,33.3,33.8,33.6,34.5,34.4,33.8,33.4,34.3,34.2,34.4,33.3,33.4,33.2,33.4,33.2,33.2,34.0,33.7,33.7,32.9,33.1,33.5,33.7,33.8,33.0,33.6,33.5,33.2,33.1,33.5,32.5,33.4,34.5,33.7,34.1,33.9,35.1,34.1,34.4,34.5,34.5,33.5,33.3,32.9,33.7,33.4,33.2,32.9,33.0,33.5,33.7,33.0,33.4,33.8,33.4,33.0,33.6,33.9,35.2,34.2,33.9,33.4,33.3,34.2,32.5,33.6,33.8,34.1,34.0,33.7,34.3,37.0,33.8,34.3,nan,33.2,33.3,32.9,33.3,33.7,33.7,33.4,33.5,33.3,33.4,34.2,33.2,33.4,33.9,33.2,33.4,33.8,33.8,33.3,34.0,33.0,34.3,33.7,34.1,33.4,34.0,34.0,34.1,34.0,35.1,33.7,33.8,32.9,34.3,33.7,34.3,33.2,34.2,33.5,33.5,33.1,33.6,32.7,33.2,33.0,33.6,33.3,35.2,33.9,34.3,33.8,33.0,32.4,33.2,33.8,34.6,35.2,34.1,34.4,33.6,34.9,35.3,34.6,33.3,33.7,34.4,34.1,33.5,34.3,34.0,33.4,33.1,32.8,33.4,34.6,32.4,33.9,33.7,33.5,34.0,34.5,33.0,34.3,34.6,33.6,34.3,33.9,33.4,33.0,34.8,34.5,35.5,34.0,34.6,33.1,33.7,33.3,33.5,33.4,32.9,33.6,33.6,34.5,34.0,33.8,33.4,34.2,33.5,34.1,32.8,33.3,33.6,34.0,35.1,34.1,33.9,33.9,34.0,32.8,34.2,33.3,34.3,34.2,34.6,34.4,34.1,33.4,33.3,33.7,33.5,34.4,32.8,32.7,33.8,33.5,33.6,33.0,32.9,32.7,34.1,33.1,33.3,33.5,34.2,34.8,35.3,34.4,34.4,32.8,34.3,33.6,34.5,33.3,34.2,34.3,35.5,34.2,35.0,33.3,34.6,33.3,33.6,32.7,33.2,33.2,34.3,32.9,32.9,33.0,33.5,34.0,34.4,33.2,34.1,33.4,34.4,33.8,34.9,33.3,34.4,33.3,32.9,34.0,33.9,32.5,34.0,34.3,33.8,34.1,33.1,34.0,32.6,33.3,32.8,33.8,33.7,33.8,33.0,34.3,34.0,32.8,33.4,33.4,33.4,34.4,33.0,33.5,34.3,34.0,34.5
1785307122.045953,2275,32.5,35.1,34.2,34.2,33.2,33.9,34.1,34.0,32.8,33.5,33.9,34.3,32.9,33.5,33.4,33.6,34.0,33.1,33.2,33.3,33.4,32.8,34.3,33.4,32.9,34.0,32.9,34.3,32.8,34.3,33.8,34.5,34.5,33.4,33.4,33.4,34.0,33.3,32.8,34.3,33.6,32.6,32.5,33.2,33.4,33.4,33.9,33.0,33.6,32.3,32.9,32.9,33.5,33.0,34.0,32.9,33.6,34.0,32.2,33.6,33.4,33.4,33.9,34.1,32.5,33.5,32.7,33.4,34.0,34.2,33.6,32.7,33.1,33.0,33.3,33.5,32.3,32.5,32.6,33.2,32.8,33.9,33.5,33.6,33.6,33.4,33.3,33.4,32.8,33.3,32.7,32.6,32.8,33.8,33.7,34.0,33.5,32.1,33.5,33.9,34.3,33.1,33.8,34.1,34.0,33.3,33.4,33.0,32.9,32.4,32.7,33.3,34.4,34.0,33.1,32.6,33.1,33.5,32.7,33.2,33.0,32.6,32.8,33.8,32.7,32.5,34.3,32.9,33.6,34.8,33.9,33.8,33.2,32.5,34.5,33.2,32.9,33.5,33.1,33.4,33.3,33.0,32.9,33.2,32.6,33.7,33.8,32.9,33.5,33.7,33.4,33.3,32.9,32.9,32.4,34.1,33.0,33.0,33.8,34.9,35.1,33.5,33.4,33.7,34.0,33.4,34.6,32.9,33.5,33.6,33.6,32.3,33.5,32.7,33.5,32.6,33.6,33.1,33.5,33.2,33.6,33.0,33.8,34.2,33.5,33.8,33.8,34.3,34.5,33.3,33.7,33.0,34.2,33.9,34.2,33.1,33.4,33.3,33.5,33.3,32.8,34.8,33.7,34.0,32.7,33.7,33.4,32.4,33.6,33.4,33.0,34.1,34.0,32.7,33.8,34.0,33.1,33.0,34.0,33.2,33.3,34.3,33.5,33.2,34.7,34.2,34.5,32.8,34.1,33.1,33.9,34.7,35.5,34.3,34.0,33.6,33.8,32.6,32.8,34.0,33.3,33.0,33.1,34.0,34.0,32.9,32.2,32.9,33.4,33.6,34.1,33.5,33.9,32.4,33.0,33.7,33.6,32.8,33.0,34.3,33.2,33.3,34.1,35.5,36.3,34.8,32.6,34.3,32.4,33.0,32.9,33.9,33.4,33.8,32.7,33.1,33.4,33.6,33.2,33.0,32.1,33.7,33.4,33.5,33.9,33.8,34.2,33.6,34.2,34.3,33.2,33.8,33.2,34.3,33.7,34.7,36.7,34.2,32.4,34.2,33.6,33.0,33.5,33.5,34.1,33.2,33.9,33.7,33.5,32.4,33.1,32.8,32.9,32.7,33.3,33.6,32.9,34.2,33.2,34.4,33.6,33.5,34.3,33.5,34.4,34.6,34.4,35.5,36.8,35.3,35.1,35.2,33.2,33.8,32.6,33.8,33.3,33.5,33.6,34.0,32.0,33.1,32.2,33.4,32.8,33.1,33.2,33.0,33.2,33.3,34.2,33.4,35.2,33.1,34.3,34.0,34.1,34.1,34.9,34.4,35.1,34.9,34.1,34.1,33.7,33.5,33.8,33.5,33.1,32.7,34.1,33.8,33.5,33.5,33.4,34.1,33.7,33.3,33.2,33.6,33.5,33.7,34.5,33.8,34.1,33.5,33.4,34.2,33.6,35.5,34.3,35.0,34.3,33.9,34.7,35.3,33.9,34.3,34.1,33.3,33.6,33.8,33.4,34.5,33.6,33.8,33.6,33.8,34.0,33.6,34.3,34.2,34.5,33.8,33.2,34.4,34.8,33.1,33.3,32.9,33.6,34.7,34.9,34.1,34.4,34.4,34.8,35.6,34.2,33.4,33.7,33.4,33.4,33.6,34.5,32.9,33.5,33.5,33.8,34.2,32.9,33.8,33.7,32.8,33.3,32.9,33.9,34.4,33.9,34.7,33.4,34.4,33.8,34.3,34.3,34.5,34.2,35.0,34.4,34.7,34.4,33.0,34.4,33.6,33.0,34.4,34.6,34.1,33.4,33.0,33.7,33.9,33.0,34.1,33.1,33.5,33.4,34.6,33.8,34.6,33.9,34.1,34.1,33.9,33.8,33.8,34.6,35.1,34.8,33.8,33.7,34.3,34.8,33.2,33.8,33.7,34.3,33.4,33.8,34.7,33.8,33.6,33.7,34.2,33.8,33.6,34.1,34.3,33.5,33.9,34.1,34.3,33.5,32.8,34.0,34.0,33.4,34.1,34.7,34.7,35.0,35.2,34.0,34.9,34.4,33.8,33.7,33.8,33.4,34.3,33.7,34.1,33.2,33.6,33.7,34.2,33.5,34.1,33.4,32.3,33.4,34.4,34.6,34.2,33.1,33.1,33.1,33.3,33.9,33.7,33.9,34.4,34.3,34.0,34.5,35.0,35.0,nan,33.7,32.9,34.8,33.2,33.0,33.9,33.7,32.7,34.0,33.0,34.0,33.9,33.6,34.1,33.9,34.2,34.5,34.9,33.3,33.5,35.0,34.2,33.6,33.4,34.1,35.8,34.7,33.8,34.9,34.7,33.8,34.4,33.3,33.3,32.8,33.8,34.1,34.1,33.4,34.1,33.3,34.0,34.4,34.2,33.2,33.7,33.1,34.8,34.3,35.0,33.5,33.0,33.1,34.2,34.3,34.0,35.1,35.5,34.0,34.7,34.4,35.5,34.6,34.8,32.9,34.2,33.7,33.7,34.2,33.6,34.2,32.3,34.2,34.3,33.5,33.4,33.7,34.5,33.9,33.3,33.6,33.8,33.1,35.8,33.6,35.4,34.5,33.9,34.9,35.3,34.2,34.9,35.2,35.6,33.9,33.4,33.0,34.3,34.1,33.1,34.2,33.2,33.9,34.5,34.4,34.2,34.0,33.3,33.9,33.5,34.5,34.5,33.3,35.2,34.6,33.4,34.7,34.4,33.9,33.5,34.7,34.0,34.3,34.3,34.2,35.3,34.0,33.3,34.2,34.6,34.7,34.4,33.3,34.6,33.3,33.8,34.7,33.8,33.6,33.0,34.0,34.3,34.2,33.6,34.5,35.5,34.4,32.7,32.4,34.2,34.1,34.0,34.7,34.9,35.1,34.6,34.2,35.3,34.4,33.9,33.7,34.6,33.5,33.7,33.8,33.7,34.6,33.2,34.0,34.0,33.4,33.4,35.3,35.0,33.4,34.3,34.9,34.8,33.6,33.7,35.2,34.5,34.6,32.7,33.6,34.6,35.4,34.0,32.6,34.4,35.2,33.2,34.1,33.5,33.2,33.7,33.0,34.1,34.4,33.0,33.8,33.7,34.2,33.4,33.7,33.8,33.9,35.4,34.8,35.2
1785307123.9884427,2276,33.5,33.1,32.9,33.6,32.6,32.0,33.4,33.3,32.3,32.8,33.2,33.8,33.5,32.6,33.1,32.8,32.4,32.8,33.5,34.7,32.6,33.6,32.6,31.8,32.8,33.6,33.3,32.6,33.9,32.8,33.2,33.6,34.4,32.5,32.7,32.8,33.2,31.9,34.1,33.6,32.6,32.7,32.9,33.7,32.1,33.6,32.6,32.7,32.7,32.9,32.8,33.3,32.8,32.0,33.5,33.2,32.5,32.8,33.7,34.3,32.8,32.5,33.0,32.5,32.7,33.1,32.3,33.5,32.4,33.3,32.7,33.2,32.7,33.1,34.3,32.7,32.2,33.2,33.3,34.1,32.9,32.9,32.7,33.1,32.4,32.6,33.0,33.8,33.7,32.0,32.6,33.7,32.9,32.8,33.8,33.4,33.3,33.7,32.9,32.5,33.7,31.9,32.7,33.3,33.0,32.7,32.3,33.1,32.8,33.3,33.5,33.2,32.4,32.5,33.2,32.9,32.5,33.9,33.1,33.7,32.9,32.5,33.2,34.1,33.4,33.1,33.7,33.2,33.3,33.3,33.2,32.6,34.1,34.2,32.5,33.6,33.6,33.0,32.9,33.8,32.0,32.9,33.3,33.0,32.2,32.9,33.3,33.6,33.4,32.7,33.3,33.3,33.1,32.4,32.3,33.6,33.1,33.0,32.8,33.8,33.4,33.2,33.4,33.1,33.7,33.5,32.5,33.4,33.0,33.5,32.8,33.7,33.1,32.6,33.2,33.1,33.1,33.0,32.9,32.8,32.6,32.2,32.4,33.9,32.3,32.8,33.1,33.3,33.1,32.4,33.6,34.4,32.3,33.1,32.9,34.1,33.1,33.7,32.8,33.7,33.1,33.4,32.6,32.8,32.8,34.4,32.8,33.7,33.2,33.0,33.1,33.2,32.8,32.8,32.0,33.6,33.3,33.4,33.6,32.9,33.0,32.6,33.4,33.7,32.4,33.1,32.7,33.5,32.4,32.1,33.5,33.7,34.4,35.2,34.2,32.3,33.0,32.5,33.3,33.1,32.7,32.4,33.2,33.9,33.4,31.7,33.2,32.9,32.9,33.0,33.1,33.6,32.7,33.6,34.5,33.4,33.1,32.6,32.9,34.2,32.6,33.1,32.6,34.5,35.7,35.0,33.4,33.9,32.0,32.5,32.8,33.1,33.3,32.9,33.6,33.1,33.1,33.3,32.8,33.3,32.7,32.7,32.9,33.9,32.9,32.7,33.7,33.5,33.2,32.5,33.5,34.1,33.6,32.9,33.3,34.1,34.8,34.8,33.2,33.3,33.2,32.7,33.2,33.2,32.9,33.4,33.5,33.9,32.6,33.1,33.1,33.5,32.4,32.8,32.5,33.1,33.1,32.8,33.3,33.7,33.1,32.5,33.7,33.6,33.4,33.8,33.6,35.2,34.9,35.0,33.4,33.3,32.7,33.0,33.3,33.7,33.5,33.2,32.7,33.5,32.6,33.3,32.9,33.1,33.2,34.0,32.2,33.3,34.1,33.1,33.3,33.4,33.8,33.0,32.9,33.9,33.6,34.0,35.1,34.6,35.6,34.1,34.5,33.9,33.2,32.3,33.0,33.6,33.1,33.4,33.3,33.9,33.7,33.6,32.4,33.2,33.1,33.2,32.7,32.4,33.2,33.6,34.9,33.3,33.0,33.1,34.1,33.6,33.5,34.1,34.9,34.5,34.6,34.9,34.7,34.7,33.2,33.8,33.2,34.0,33.8,33.0,33.8,33.7,33.2,32.9,34.0,33.8,34.1,32.1,33.3,33.4,32.8,33.5,33.7,33.5,33.7,32.8,33.2,33.4,34.2,33.0,33.9,35.0,35.0,34.6,35.4,34.8,33.1,32.4,32.8,33.5,33.1,33.6,33.6,34.1,32.9,34.1,33.9,33.1,32.8,32.5,34.1,34.4,32.6,32.7,34.0,33.8,34.0,34.6,34.1,34.4,33.7,34.5,33.8,35.0,34.9,34.1,34.1,34.6,34.1,33.6,34.0,34.0,34.3,33.0,33.3,33.7,33.1,32.9,33.6,33.0,32.4,33.1,33.3,33.5,33.7,32.2,33.9,33.5,34.4,34.0,33.6,33.3,32.9,33.9,35.2,34.8,33.8,33.0,34.5,34.4,33.6,33.9,33.2,33.3,32.8,33.6,33.3,34.0,32.6,34.3,33.2,32.9,32.6,33.0,33.4,33.8,33.5,33.4,33.6,34.8,33.8,34.2,33.1,34.3,34.4,34.7,34.2,34.6,34.7,33.4,34.0,34.9,34.3,32.7,32.8,33.0,33.3,33.5,33.5,34.3,33.3,33.5,32.9,33.3,34.3,32.9,33.3,33.8,32.4,33.1,34.5,33.9,33.4,32.6,33.4,33.8,33.6,33.8,33.4,35.2,34.5,34.4,33.3,34.5,34.4,nan,33.4,33.3,33.6,34.1,33.9,34.4,32.9,33.3,33.9,33.1,33.0,33.5,32.7,34.2,33.4,33.6,33.8,34.6,33.5,34.2,33.7,33.1,33.5,34.0,33.1,34.6,34.3,33.7,33.6,34.3,33.8,34.1,33.3,33.5,33.7,33.3,33.1,34.0,33.8,33.2,33.1,34.3,33.0,33.7,34.1,32.8,33.6,32.7,34.6,34.5,33.8,33.6,33.6,33.9,34.0,34.3,34.6,34.2,34.6,33.7,34.4,34.9,33.8,33.8,33.7,33.7,32.5,33.1,33.3,34.0,33.7,32.4,33.0,34.4,33.7,34.0,33.4,33.3,33.5,33.6,34.5,33.9,33.1,34.4,34.3,34.1,34.4,34.1,33.7,33.9,34.5,33.9,36.5,35.1,33.4,34.5,33.1,33.8,34.0,33.8,33.6,33.6,33.3,34.0,34.5,32.8,33.2,33.5,33.8,33.5,33.8,33.6,33.7,34.4,33.8,33.1,33.3,34.3,34.0,33.6,34.0,33.3,34.4,33.9,34.4,35.2,33.4,33.2,33.0,33.8,33.7,33.3,33.3,33.3,33.4,33.2,33.5,33.9,33.1,33.6,33.1,33.6,34.1,34.1,33.5,35.2,33.6,33.7,33.6,33.8,33.4,33.1,33.3,34.0,34.1,34.4,33.6,34.6,33.2,33.6,33.6,33.8,32.2,34.3,33.2,33.8,33.9,32.9,33.9,33.7,33.9,33.3,34.4,34.5,34.4,33.3,35.2,34.8,33.3,33.8,34.4,34.2,32.8,33.2,32.7,35.2,33.9,33.4,34.1,33.6,34.3,33.5,33.1,34.1,33.4,33.3,33.6,33.8,33.9,33.8,32.9,34.1,33.0,34.6,34.2,34.9,32.7,34.4,33.6,35.3
1785307126.073893,2277,32.6,32.7,32.7,34.5,33.2,33.2,32.9,32.1,33.2,32.9,33.3,32.9,32.5,34.0,33.2,32.7,32.1,32.7,32.6,32.5,32.8,31.8,31.7,33.9,31.7,33.5,32.9,33.0,33.7,32.9,33.9,34.0,33.8,35.0,33.1,33.6,33.1,32.9,32.1,32.2,32.8,33.4,32.2,33.6,33.1,32.6,32.5,33.9,33.7,32.4,33.4,33.6,33.5,32.6,32.8,33.1,33.0,33.2,32.0,32.7,33.9,31.6,32.4,33.7,33.0,33.0,32.4,33.4,33.4,33.2,33.0,32.7,32.2,33.4,32.9,32.2,32.2,32.2,32.8,32.6,32.3,33.2,32.8,33.4,32.8,32.2,32.0,32.6,32.8,33.3,32.9,34.0,34.3,32.5,32.5,32.6,33.9,33.3,32.6,33.9,32.6,32.4,32.8,33.7,33.6,32.9,32.4,33.3,32.3,32.2,32.3,33.1,33.3,31.9,32.7,34.0,32.7,32.4,33.3,33.0,32.2,32.2,32.7,33.4,33.9,32.7,32.7,33.3,33.9,34.1,34.1,32.2,33.2,32.1,32.5,32.8,32.2,33.3,33.1,32.2,33.5,33.9,33.2,32.8,32.9,33.1,32.9,33.0,32.6,33.1,34.0,32.9,33.0,34.1,33.0,32.7,32.5,32.5,32.7,34.0,32.8,32.6,34.0,34.1,34.7,32.2,32.8,32.5,33.4,32.3,32.2,33.6,33.0,32.6,33.6,33.5,33.7,33.3,33.0,32.7,33.2,33.0,33.0,32.8,33.4,33.6,32.7,33.9,32.3,32.4,33.2,33.2,32.6,34.1,33.4,34.3,32.4,32.5,33.5,33.8,34.2,34.5,32.9,32.9,33.0,32.5,32.5,31.7,33.1,31.9,33.5,33.9,33.2,33.0,33.1,33.3,32.5,33.1,33.5,32.4,33.3,33.9,32.6,33.4,33.2,33.6,32.9,34.6,33.9,32.7,32.8,33.2,35.0,34.6,32.4,33.2,32.7,32.7,33.2,32.6,33.1,32.6,33.4,32.9,33.6,32.9,33.7,33.3,33.0,32.1,33.7,33.3,33.3,32.9,33.4,33.7,31.6,33.6,33.0,33.1,32.8,33.0,33.5,34.6,35.8,35.6,32.8,33.8,32.2,33.4,33.0,33.2,33.0,33.2,32.7,33.5,32.2,33.2,33.0,32.8,32.6,33.3,32.8,33.4,32.9,32.6,32.5,33.4,33.1,34.3,32.6,34.0,33.0,32.8,33.3,34.1,36.2,35.1,32.8,34.0,32.5,32.9,33.1,33.1,34.7,32.8,32.4,33.1,33.0,33.1,33.0,33.8,33.4,33.0,33.3,34.2,33.0,33.0,32.4,33.9,32.5,33.0,33.3,33.9,32.5,34.4,34.2,34.8,35.8,35.3,34.7,33.9,33.0,32.3,32.7,33.3,33.8,32.8,32.5,32.9,32.8,32.9,32.8,32.5,33.1,33.0,33.4,33.2,33.2,32.5,32.4,33.5,33.5,33.1,32.8,33.2,33.2,33.4,34.3,35.3,35.2,34.5,33.7,34.4,32.2,33.0,33.1,33.6,33.9,32.5,32.8,33.3,33.1,32.0,33.2,33.1,33.2,33.1,32.6,33.2,33.1,32.9,33.1,32.8,33.0,33.5,33.6,34.1,32.6,34.2,34.4,35.3,34.3,33.8,34.4,34.6,32.9,32.6,33.1,33.4,32.9,33.1,32.9,33.1,33.6,32.9,33.5,33.9,33.5,33.4,32.3,33.5,32.6,33.2,33.0,33.6,33.4,32.3,33.9,32.7,34.0,33.7,33.5,34.0,34.9,34.0,33.9,34.4,34.0,32.9,33.3,33.5,33.6,33.0,33.5,33.1,33.3,33.0,32.8,33.4,33.0,33.1,33.5,32.6,33.8,32.5,33.1,32.8,32.2,33.3,33.5,33.4,33.0,34.4,34.6,34.6,34.0,34.6,33.8,34.4,33.2,33.7,33.5,33.9,33.6,33.4,33.5,33.1,33.3,33.4,33.3,33.2,33.1,33.0,33.4,34.0,33.0,32.5,33.6,33.4,34.3,33.6,32.9,33.5,34.2,34.5,33.3,34.0,34.1,33.9,34.7,33.4,34.0,33.5,33.3,33.7,34.4,32.9,33.1,34.0,33.0,32.7,33.1,33.5,32.5,33.4,33.3,33.0,33.8,33.5,33.1,33.1,33.3,33.0,34.2,33.8,34.1,34.2,33.7,33.9,34.5,34.5,33.5,34.8,33.5,33.9,34.0,32.9,33.5,32.8,32.7,32.7,33.7,33.6,32.7,34.2,32.8,33.7,32.8,33.5,33.4,34.1,33.2,33.4,32.8,33.8,32.7,34.9,34.2,34.4,34.2,33.8,33.7,33.4,33.2,34.6,34.3,nan,33.3,34.4,33.6,32.7,33.1,33.8,32.8,33.0,33.4,33.1,32.6,32.9,32.8,33.4,33.5,34.2,33.1,34.2,33.5,32.6,34.4,33.2,33.2,34.6,34.8,34.6,33.1,33.8,34.5,34.7,33.4,34.4,32.2,33.2,32.4,33.2,33.2,34.1,32.5,32.9,32.2,33.8,34.1,33.1,33.6,33.1,32.4,34.0,34.9,33.8,34.2,32.8,33.1,33.8,32.9,33.1,33.6,34.8,33.8,33.6,34.8,34.8,34.3,34.0,33.0,33.8,34.0,33.2,33.8,33.9,33.0,32.8,32.6,33.8,33.2,33.7,33.8,33.3,33.4,34.4,33.8,34.4,33.6,33.4,33.6,34.2,33.5,33.3,33.0,33.8,34.5,34.7,34.7,35.2,33.8,33.5,33.8,34.4,33.4,33.2,33.3,34.0,32.8,33.7,32.9,33.6,33.6,34.2,33.5,33.0,32.9,34.1,32.7,34.3,33.3,33.9,33.6,34.2,32.1,32.9,33.6,35.2,34.6,34.3,34.7,34.4,33.8,33.5,33.1,33.3,32.8,32.6,34.1,34.3,33.8,33.1,34.3,32.9,33.2,33.5,33.6,34.3,33.0,34.0,33.9,35.1,33.3,33.8,33.7,33.5,33.8,33.0,33.5,34.7,33.8,34.2,34.2,34.0,34.3,32.9,33.3,33.0,32.2,33.0,33.4,33.8,32.6,32.8,33.4,33.4,33.2,34.3,34.0,33.2,33.4,33.6,34.2,34.7,33.2,33.9,34.7,34.5,33.7,32.9,33.2,34.4,34.2,34.3,34.2,34.2,33.7,33.2,33.0,33.7,33.8,32.8,33.7,33.7,33.8,33.3,32.9,34.5,34.4,32.6,33.1,34.7,33.4,34.3,34.6,34.5
1785307128.3867006,2278,33.8,32.5,34.1,33.2,34.2,32.8,33.2,33.2,33.3,32.3,32.6,32.0,33.9,32.3,32.6,32.9,33.0,32.9,33.7,33.3,32.6,32.7,31.8,32.9,33.4,31.9,33.5,32.6,33.4,32.7,33.5,33.0,32.5,32.5,31.9,33.8,32.2,33.4,33.2,33.6,32.6,33.3,32.6,33.3,32.2,33.6,32.9,33.3,32.8,33.5,32.5,33.3,32.4,32.3,31.3,33.2,32.4,33.0,32.2,32.8,33.2,33.6,32.2,34.3,34.2,32.6,33.0,33.7,33.9,32.8,32.7,33.7,33.3,31.9,32.4,32.8,32.3,31.9,32.0,33.0,33.4,32.5,32.7,33.2,33.6,31.6,33.2,33.5,33.7,33.1,32.4,33.0,33.7,32.7,32.7,34.4,33.0,34.2,32.1,33.2,32.8,33.0,33.2,32.7,33.1,33.6,33.3,33.6,32.0,32.7,32.7,32.9,32.5,32.9,32.7,33.2,32.4,33.7,32.8,32.8,31.6,32.7,32.9,33.1,32.5,33.1,32.7,33.9,33.8,32.5,32.3,34.0,34.4,32.1,33.2,33.0,33.0,32.1,33.6,33.2,33.2,33.1,32.5,32.9,33.2,32.7,32.0,33.7,32.9,32.3,32.9,33.2,33.7,33.2,32.7,33.9,33.5,32.6,32.2,33.5,33.5,33.0,32.7,33.6,33.6,32.9,32.6,33.2,32.7,33.5,33.6,33.7,32.7,33.8,31.8,33.3,33.0,34.0,32.7,34.0,33.4,33.1,32.9,33.8,32.4,33.3,33.4,33.7,33.1,33.6,33.0,34.2,33.8,32.8,33.1,33.9,33.7,33.2,32.7,33.5,34.8,33.5,33.5,33.6,33.1,32.3,32.5,33.7,33.3,32.8,33.1,32.6,34.0,32.2,33.0,33.1,33.3,32.9,32.9,33.2,32.8,32.7,32.8,32.6,31.9,33.7,33.5,34.7,32.0,33.6,33.7,33.0,34.5,35.1,32.1,33.5,32.4,34.0,32.9,33.4,32.5,33.4,32.8,33.2,33.3,33.5,32.5,32.6,32.1,33.7,32.8,33.0,33.1,33.8,33.4,34.0,33.5,33.6,33.5,33.7,33.9,33.6,33.5,33.9,35.9,35.4,33.2,32.1,34.0,33.1,32.4,34.0,33.0,32.8,32.6,34.0,32.7,32.9,32.6,33.3,33.2,32.3,33.1,32.7,33.8,33.6,32.7,32.8,33.5,33.6,33.0,33.7,33.5,34.0,33.1,33.2,35.4,34.6,33.0,33.2,32.6,33.9,33.2,33.2,32.5,33.1,33.6,33.3,33.0,33.7,33.2,33.0,32.7,33.7,33.8,34.2,33.8,33.9,31.8,34.5,33.1,32.8,34.1,33.3,33.5,33.1,33.6,34.6,36.0,35.1,33.4,34.0,33.5,32.0,32.8,33.6,33.5,32.6,33.6,33.3,32.9,32.4,33.6,33.0,33.0,31.8,33.0,32.8,33.9,32.3,33.9,32.9,33.3,32.6,33.8,32.8,32.8,34.6,33.3,35.8,35.7,35.6,34.4,34.4,33.0,33.6,32.3,32.9,32.5,33.4,32.8,33.4,33.5,33.7,32.5,33.4,33.2,33.9,33.1,33.2,33.3,33.2,31.9,33.5,34.4,33.0,34.5,33.6,34.4,33.7,34.9,33.9,34.6,33.5,33.7,35.3,33.7,33.4,33.2,33.9,33.5,33.1,33.6,32.5,33.5,33.6,33.1,31.8,33.8,32.7,33.0,32.9,33.9,33.1,33.5,33.6,33.6,34.1,33.1,33.8,32.9,35.5,34.0,33.5,34.2,34.5,34.4,34.4,32.0,33.2,32.5,33.5,32.7,35.2,33.0,33.4,32.8,33.4,33.1,32.9,32.5,33.4,33.5,32.6,33.1,33.9,32.9,34.5,33.4,33.7,33.9,33.8,32.8,33.0,33.8,34.1,34.7,33.3,33.3,34.9,34.6,32.6,33.8,32.8,33.7,32.8,33.0,32.9,33.5,33.1,33.0,33.2,33.3,32.8,33.7,34.0,32.6,32.2,32.9,32.8,32.2,33.6,33.3,33.3,33.9,34.6,34.2,34.3,33.3,33.5,34.3,34.4,34.3,34.4,33.5,33.3,33.2,34.6,33.7,34.0,32.6,34.0,33.4,34.1,33.9,33.7,32.9,33.5,32.9,33.4,34.1,33.8,33.8,32.2,34.7,33.4,33.8,34.4,33.0,33.6,34.6,33.3,34.1,34.5,35.7,33.4,33.5,32.9,33.3,33.3,33.7,33.6,33.6,33.1,33.0,33.7,33.5,33.3,33.7,33.3,34.1,33.4,34.3,33.8,32.9,33.3,32.1,33.5,33.9,35.2,32.4,34.0,33.6,34.6,33.8,34.1,33.4,nan,33.1,33.9,33.2,34.0,32.6,34.3,32.8,34.1,33.1,33.9,34.0,33.0,32.4,33.5,34.6,34.3,32.9,34.2,33.9,33.7,33.7,34.0,35.2,34.8,34.2,34.5,35.3,34.0,33.6,35.2,33.7,34.0,34.2,33.4,33.7,32.6,34.6,33.9,34.0,32.9,33.4,33.3,33.9,33.3,33.1,33.5,33.8,32.0,33.8,33.6,32.9,34.0,34.1,34.1,34.5,34.3,33.5,34.6,32.7,35.1,33.5,34.9,34.4,33.9,34.0,34.4,33.4,33.3,33.2,34.0,33.5,33.4,32.7,33.9,33.2,34.0,33.5,33.7,33.8,33.9,32.9,33.9,35.1,33.7,33.7,34.4,34.0,33.3,34.1,33.8,33.3,34.0,35.2,35.6,33.8,33.1,33.3,33.5,34.0,32.7,33.9,33.7,33.1,33.6,33.9,33.7,33.4,33.8,32.5,34.6,34.6,32.3,33.9,35.0,33.7,34.0,33.4,33.9,32.3,33.2,34.1,34.4,33.6,34.9,33.7,34.9,33.8,33.1,34.2,34.1,33.0,33.8,33.6,34.1,33.6,33.7,32.7,34.1,33.2,33.6,33.4,33.8,33.6,33.7,36.0,35.2,33.9,33.4,32.5,33.1,34.0,33.2,32.7,33.9,33.7,34.0,34.3,34.2,33.9,32.4,33.2,33.2,33.8,32.6,33.4,33.7,34.3,33.2,33.4,34.5,34.1,33.8,33.4,34.6,33.8,34.7,34.8,34.8,33.2,34.0,33.4,34.2,33.3,35.2,33.8,34.9,33.7,33.9,34.9,34.3,33.2,33.8,32.8,33.4,33.3,33.3,32.6,33.7,33.3,34.3,32.7,34.1,33.6,33.9,33.3,34.1,32.6,33.8,34.6,35.3
1785307130.373923,2279,34.5,33.0,33.8,33.7,33.7,33.2,33.5,34.4,33.4,32.9,32.3,32.7,33.0,33.2,33.8,34.1,33.2,32.3,33.2,33.3,33.2,33.5,33.7,34.1,32.3,32.9,33.4,33.4,33.1,33.8,33.4,32.7,34.3,32.9,33.6,32.7,33.8,33.1,33.6,33.5,32.5,32.4,32.8,33.8,33.0,33.0,33.3,33.7,32.2,32.5,34.3,32.8,33.5,33.5,33.0,32.5,33.0,32.8,33.2,33.8,33.9,33.0,31.9,33.9,32.8,33.5,33.9,33.9,34.6,34.4,33.8,34.5,32.8,33.4,32.7,32.5,33.5,33.7,33.1,33.5,33.2,32.8,33.3,33.7,33.2,32.3,32.7,33.5,32.3,33.1,33.3,34.0,33.2,33.1,34.2,34.9,33.0,33.1,33.2,33.7,32.6,32.9,33.3,33.4,33.1,32.8,33.1,32.4,33.7,32.9,33.0,33.6,31.6,33.1,33.6,34.3,32.4,33.8,33.9,32.5,33.5,33.4,34.3,34.2,33.1,32.7,32.7,34.0,33.2,32.7,32.4,33.3,33.0,33.5,33.3,33.2,32.4,33.3,33.1,34.1,33.1,33.6,33.4,33.1,32.6,33.1,32.9,34.6,32.6,34.1,33.3,33.8,33.0,33.5,33.4,34.1,33.8,33.1,34.9,33.7,34.0,34.2,33.6,33.7,33.1,33.2,34.5,33.3,32.5,32.9,34.3,33.1,33.0,32.8,33.0,34.2,32.4,32.9,34.0,33.2,32.7,33.7,32.5,33.3,33.0,33.2,32.8,33.0,33.4,33.3,33.7,34.7,34.2,33.2,33.2,33.8,32.8,33.0,34.7,33.8,33.7,32.8,33.0,33.2,32.5,33.3,34.5,33.0,32.6,32.7,33.0,33.2,32.5,34.0,33.8,33.3,31.8,32.0,33.5,33.2,33.5,32.9,33.7,33.6,33.6,32.3,33.3,34.4,32.5,33.8,34.1,34.3,34.8,34.1,33.4,32.9,32.2,33.4,33.5,33.9,33.7,33.4,33.4,32.6,34.6,33.4,33.3,33.7,33.7,32.5,34.2,33.1,32.9,33.9,34.6,34.5,33.8,33.0,33.6,34.1,33.4,33.2,34.6,35.8,34.8,33.9,33.8,33.9,33.2,33.5,33.1,33.7,32.4,32.8,32.5,33.8,33.7,33.2,33.2,33.7,32.9,33.3,33.0,34.7,33.1,33.0,34.2,33.0,33.1,33.9,34.2,33.8,32.8,33.2,34.5,35.7,35.7,34.5,33.1,33.9,32.4,33.3,34.0,33.1,32.3,33.1,32.7,34.1,34.7,33.6,33.3,32.9,32.3,32.5,34.0,34.1,32.8,33.2,33.4,33.8,33.2,33.8,33.0,34.5,33.1,34.0,35.1,35.3,35.4,34.6,33.9,34.3,33.4,32.9,34.2,32.9,33.2,33.4,33.7,33.7,33.6,33.7,33.5,33.5,33.8,33.0,33.4,33.5,32.7,32.9,34.0,33.9,31.6,33.1,34.4,33.6,33.4,33.6,35.0,34.7,35.5,35.0,34.8,34.3,33.3,32.7,33.7,34.0,32.8,33.8,33.7,32.8,33.4,33.2,33.5,33.3,33.2,33.2,33.3,33.4,33.6,33.3,33.5,33.2,33.7,33.2,34.0,34.1,34.1,34.2,34.4,36.1,34.5,33.3,34.6,34.6,33.7,32.9,33.4,33.7,33.3,33.4,33.4,33.4,33.7,32.8,33.4,34.3,33.7,32.3,33.9,33.8,32.7,33.4,34.0,34.6,33.8,33.6,33.3,33.1,34.1,33.8,35.5,34.5,33.9,33.2,34.2,35.2,33.5,32.7,33.3,33.5,33.6,33.0,33.3,33.6,33.1,33.6,34.1,34.0,32.8,32.9,33.6,32.1,33.1,32.9,34.5,34.0,32.7,32.8,33.4,33.2,33.0,33.7,34.4,33.9,34.3,34.8,34.5,34.7,33.9,33.4,32.8,34.2,32.8,32.8,33.9,34.2,33.4,33.7,33.7,33.3,33.2,32.8,33.2,33.6,33.4,33.2,34.4,34.6,33.4,33.4,34.5,33.4,33.2,34.5,34.6,34.0,34.1,33.2,34.2,34.3,34.1,33.0,33.3,33.5,33.2,33.2,34.5,33.9,33.1,33.5,33.2,33.8,32.7,33.7,33.8,34.5,32.7,33.7,34.3,33.9,33.1,33.4,34.6,34.4,33.7,33.8,34.6,34.5,34.5,34.1,34.2,34.5,33.8,32.6,33.4,34.2,33.2,33.1,33.4,33.7,33.7,32.9,32.8,33.2,33.5,33.5,34.7,33.3,33.6,33.8,32.8,34.6,34.3,33.2,33.3,34.1,33.9,34.0,34.5,34.2,34.1,33.8,34.9,34.4,34.1,nan,33.9,33.5,33.2,33.8,33.8,34.2,32.8,34.0,33.2,33.5,32.7,33.6,33.7,34.1,33.1,33.3,34.9,35.3,33.3,33.7,33.6,34.4,33.2,34.4,34.7,34.6,33.8,34.6,34.0,34.3,34.2,34.7,34.5,33.4,32.9,34.2,33.9,34.2,32.9,33.6,34.0,33.6,33.3,32.9,34.5,34.2,34.3,33.6,34.5,35.2,33.7,33.7,34.9,34.2,34.2,34.0,34.0,34.6,34.1,34.1,35.1,34.3,34.3,33.7,33.8,34.1,33.5,33.0,33.5,33.9,33.1,33.5,33.2,34.1,33.0,33.4,33.5,33.7,32.5,33.4,34.4,33.6,33.6,34.5,33.6,34.4,33.7,33.8,34.9,34.7,33.8,34.3,34.5,35.4,33.3,33.7,33.5,33.7,33.4,33.5,34.3,34.2,33.7,34.7,33.7,33.6,33.3,33.6,33.9,33.0,33.9,33.7,34.2,34.3,33.3,33.7,34.4,34.8,33.5,33.5,34.7,35.2,34.8,33.6,35.4,35.0,33.8,34.3,33.5,34.2,34.1,33.2,34.5,33.7,34.5,34.1,34.3,33.8,32.6,33.5,33.8,33.9,33.6,34.6,35.8,35.5,33.3,32.4,34.4,34.6,33.5,33.6,34.5,35.4,34.5,34.3,34.7,34.5,33.3,33.6,32.9,34.5,33.5,33.8,33.6,32.9,34.0,32.4,34.4,33.8,34.4,33.6,34.5,34.2,34.3,33.8,36.2,35.6,34.8,34.4,34.7,33.6,33.5,32.9,34.0,34.0,34.4,34.2,33.7,34.4,34.0,34.4,33.7,33.5,33.3,33.7,33.8,34.6,34.9,33.0,34.0,33.8,34.4,33.4,34.2,33.8,33.6,34.1,34.3,34.7
1785307132.6139028,2280,32.3,32.2,32.5,33.5,33.9,33.0,31.8,31.7,33.4,32.5,32.1,33.3,32.5,32.1,32.6,33.8,32.9,31.4,32.8,33.8,32.7,32.0,31.9,32.7,32.7,32.5,32.3,32.6,32.8,32.7,32.1,33.5,33.8,33.2,33.1,32.7,32.2,32.2,32.7,32.4,33.0,32.8,33.2,32.4,33.2,33.7,32.2,33.2,33.9,32.6,32.2,32.1,32.7,32.8,32.7,32.3,32.2,33.2,32.0,33.3,34.3,33.9,33.2,34.2,33.8,33.8,32.9,33.7,32.9,32.3,33.0,33.1,32.9,32.6,32.1,32.4,32.6,32.1,33.0,32.1,33.7,32.8,32.8,32.7,32.6,32.5,32.3,33.4,33.4,33.6,32.0,32.5,33.0,32.5,31.6,33.3,34.0,34.5,31.9,33.3,32.6,32.0,32.4,33.2,32.7,32.9,31.7,31.7,31.6,33.1,32.2,32.4,33.0,32.9,32.0,31.7,32.6,33.1,33.2,31.8,32.2,32.4,33.3,32.2,33.3,32.7,33.1,33.1,32.5,32.2,31.9,34.0,33.6,33.1,32.0,32.6,33.1,32.1,31.7,33.2,32.9,32.8,32.9,33.1,32.6,32.0,31.5,33.0,33.1,32.8,31.7,32.9,32.5,32.8,32.0,33.7,33.5,32.8,33.4,33.7,32.8,33.3,33.8,31.9,33.0,32.6,33.6,32.5,33.6,33.0,33.1,33.1,32.3,32.7,33.1,32.7,33.4,33.2,32.5,32.8,33.5,32.8,32.7,33.1,32.5,33.0,32.5,32.6,32.5,33.2,33.7,33.4,33.7,33.9,32.8,33.7,32.6,32.5,32.7,32.8,34.0,33.5,32.9,32.8,32.3,32.3,32.5,33.2,33.1,32.9,32.6,32.6,33.0,33.4,32.4,33.1,32.4,32.8,33.1,33.5,33.8,31.7,33.1,32.8,33.6,33.2,33.1,33.0,32.7,32.5,33.6,33.8,35.2,34.1,32.9,32.7,32.8,32.2,32.4,32.1,33.1,32.3,33.1,32.3,33.1,32.7,32.7,32.8,32.8,33.0,33.4,32.4,33.1,33.3,33.8,31.8,31.6,33.4,32.4,33.7,32.8,32.9,33.2,35.0,35.9,33.6,32.3,33.3,32.9,32.9,32.2,33.0,32.4,33.1,32.3,32.6,33.0,33.2,32.3,33.2,33.3,32.1,32.6,33.2,33.5,33.0,31.7,33.6,33.3,32.6,33.4,32.8,32.1,33.0,33.4,34.1,35.4,34.5,31.8,32.9,32.5,33.3,32.8,32.3,32.5,32.6,33.2,33.6,32.5,33.0,32.5,32.9,32.2,33.2,33.1,33.3,32.5,32.8,33.6,32.9,32.3,33.0,31.9,32.9,32.9,33.7,32.8,35.8,35.0,34.8,33.4,32.7,32.9,32.9,32.5,32.6,33.5,33.3,32.7,33.1,32.9,32.9,32.0,32.4,32.6,33.2,31.9,33.0,33.9,32.5,33.8,32.5,33.7,32.3,32.8,33.4,32.6,33.0,35.0,33.8,34.1,34.8,34.4,34.1,33.2,32.3,34.2,32.5,33.2,33.3,33.4,32.7,33.1,32.3,32.9,33.2,32.2,33.2,33.1,32.0,33.3,33.5,32.7,33.6,33.9,33.5,33.4,33.5,33.9,34.0,33.7,34.3,34.6,34.0,33.6,34.8,32.3,32.5,31.6,33.3,33.9,32.8,31.9,33.0,32.9,32.8,33.0,33.0,34.0,32.4,31.8,32.9,33.6,32.9,33.8,34.0,32.5,33.3,32.5,32.3,33.1,33.6,34.5,33.7,34.9,33.7,34.2,33.9,32.7,32.2,33.2,32.9,32.8,33.5,32.7,33.6,33.1,32.7,32.6,33.1,33.2,32.4,32.7,31.0,32.9,32.4,33.1,32.2,33.9,33.3,33.0,33.4,33.6,33.7,33.5,34.1,34.3,34.0,32.0,34.7,34.2,33.1,32.1,32.8,33.6,33.3,32.5,34.1,33.2,32.9,33.0,33.0,33.7,32.0,32.7,32.7,33.4,33.3,33.2,33.2,33.7,32.8,33.7,33.0,33.7,34.1,33.9,33.2,33.4,33.5,34.1,33.8,33.5,33.3,32.3,32.1,33.0,32.9,33.2,33.4,32.5,33.0,33.1,33.0,33.1,33.7,32.8,34.1,33.1,34.2,34.3,32.3,33.3,33.7,32.6,33.2,33.7,34.2,33.4,33.6,33.8,33.6,32.2,34.0,33.8,32.6,33.0,33.1,33.2,33.7,32.7,32.6,33.5,32.9,33.0,34.0,32.8,32.1,32.8,32.4,34.5,33.4,32.8,33.6,33.1,33.8,32.9,32.5,33.3,33.8,33.7,33.5,34.8,33.8,33.4,33.4,33.7,nan,33.3,33.2,33.3,32.4,33.0,33.2,33.3,33.1,32.7,33.3,33.1,33.2,33.2,32.8,33.1,33.2,34.1,33.8,34.2,32.6,32.8,33.6,33.5,34.2,32.6,35.0,34.0,33.8,32.6,34.9,34.4,33.9,32.2,34.2,33.9,32.1,33.4,32.7,33.7,32.6,32.4,33.1,33.8,32.8,32.3,34.0,33.7,33.4,33.4,33.3,32.4,33.7,33.9,34.4,33.0,33.8,33.6,34.3,35.0,33.4,34.0,33.6,34.2,34.6,33.5,33.5,33.4,33.5,33.7,33.2,32.8,32.5,32.7,33.3,32.7,33.3,33.5,32.6,32.7,34.4,33.6,33.0,33.4,33.4,33.8,32.7,33.1,33.1,33.8,34.5,34.7,34.0,33.8,34.7,33.5,33.0,33.0,33.2,33.2,33.0,32.2,33.2,33.7,34.2,32.6,34.0,33.3,32.9,33.7,33.8,33.1,33.5,33.6,34.5,32.8,33.6,33.0,33.1,33.9,33.1,33.2,33.8,34.8,34.3,34.0,33.6,33.3,33.5,33.8,33.2,32.5,33.0,33.1,32.6,33.5,33.8,33.9,32.7,32.8,33.3,33.6,32.2,33.8,33.2,35.2,34.6,32.6,32.4,33.1,34.6,33.4,33.6,32.9,34.7,33.4,34.0,33.6,34.4,33.8,33.6,34.0,33.3,33.5,33.2,33.1,34.0,33.5,33.0,33.6,34.1,34.3,32.7,34.1,33.4,33.6,34.0,34.0,34.8,32.9,33.2,33.6,32.7,33.5,32.9,33.8,33.0,33.5,33.6,34.4,33.1,34.2,32.6,34.2,32.2,32.6,33.2,32.6,33.5,32.6,33.5,32.9,33.1,33.6,33.4,32.5,33.6,33.2,34.5,33.0,34.9
1785307134.73157,2281,32.4,32.3,32.4,32.6,32.6,33.1,31.7,33.7,32.5,33.0,32.8,32.1,33.2,33.5,32.9,33.3,31.7,33.7,32.9,33.8,32.4,33.0,33.6,33.5,33.4,33.2,33.7,32.7,33.4,34.2,32.0,33.1,33.6,32.5,33.5,33.3,33.2,33.0,33.5,34.0,32.5,32.9,32.2,33.0,32.7,33.6,33.2,33.1,32.2,32.4,32.5,33.1,33.2,32.5,33.2,33.4,32.9,32.8,32.9,33.0,34.0,32.5,32.5,34.0,32.7,33.2,33.7,32.6,33.3,33.5,33.7,32.8,33.6,32.8,33.5,33.8,31.8,33.1,33.8,33.5,32.8,33.3,33.1,33.0,32.9,33.5,33.2,33.5,32.9,32.6,33.6,33.9,33.1,31.7,34.3,34.1,33.1,34.4,33.1,34.1,33.5,32.2,32.5,33.5,33.0,32.7,34.0,32.9,32.6,32.8,33.5,33.9,33.2,32.7,33.2,33.2,34.2,33.4,32.2,31.9,33.1,33.9,31.4,32.9,33.4,32.6,33.0,33.9,33.1,33.3,33.8,33.2,33.8,33.8,33.4,32.7,33.6,32.7,33.2,33.2,33.3,33.7,33.3,32.7,32.9,32.9,32.7,32.1,33.0,33.7,33.4,32.6,32.9,32.6,32.5,32.3,32.9,32.5,33.7,33.9,33.6,33.0,33.0,32.9,31.9,33.3,32.2,33.0,33.4,32.8,33.2,32.9,33.3,33.1,32.9,33.3,33.3,32.3,33.3,33.1,33.6,33.8,33.0,32.9,33.5,32.4,33.0,32.9,32.4,33.6,33.1,33.6,33.8,33.8,33.9,32.9,33.5,33.1,33.9,33.4,32.6,33.1,32.6,33.7,33.3,32.8,33.4,33.4,32.5,33.7,33.3,33.2,33.5,32.5,33.7,32.9,32.8,33.0,33.2,33.7,33.4,34.0,33.4,34.0,33.3,34.2,33.6,33.7,32.5,32.5,32.4,33.5,34.9,32.7,33.2,33.1,32.7,32.8,33.0,32.6,33.9,32.4,32.5,33.2,34.0,32.4,32.4,33.5,33.6,33.0,32.9,33.0,33.8,32.3,33.5,33.4,33.1,34.2,32.5,33.8,32.6,33.0,34.5,35.9,35.4,33.7,32.6,33.2,33.5,33.3,32.8,34.4,33.3,33.7,33.3,34.0,33.6,33.2,33.4,33.4,32.4,34.0,32.5,32.3,33.6,32.7,33.7,32.9,33.6,32.5,33.3,33.0,32.7,32.7,34.6,35.0,36.1,34.8,33.3,34.0,33.7,32.3,33.5,33.6,32.6,32.9,33.0,33.9,33.1,33.6,33.0,33.4,33.1,32.6,33.2,34.2,34.2,33.7,33.7,33.7,32.9,34.0,34.3,34.0,32.8,34.0,33.8,35.4,34.7,34.9,33.9,33.8,32.3,34.0,33.5,33.5,32.9,33.1,33.6,33.5,33.4,33.7,32.8,33.0,33.4,33.8,32.6,32.9,33.7,33.4,33.9,32.8,34.5,33.0,33.2,33.9,32.9,33.1,34.6,34.5,35.3,34.6,35.6,34.4,33.7,32.3,33.0,33.4,34.4,32.8,33.2,33.6,33.3,32.9,32.6,33.5,33.1,32.8,32.0,33.2,33.4,33.6,32.8,33.5,33.0,34.4,33.9,32.9,33.5,34.9,35.8,34.7,33.8,33.4,33.4,33.9,33.5,32.9,32.7,33.0,33.8,32.9,34.0,33.6,33.2,33.9,33.0,33.1,33.1,32.5,33.5,33.2,33.5,33.0,34.3,32.9,32.6,32.2,33.4,32.8,34.6,33.1,35.0,34.5,34.5,32.9,33.7,34.5,33.4,33.2,33.1,32.8,33.4,33.3,32.6,34.1,33.4,32.8,33.1,33.1,33.6,33.5,33.8,33.8,33.7,33.6,33.2,34.0,33.6,34.8,34.3,34.5,33.5,33.1,33.8,34.5,34.1,33.6,34.0,34.2,33.8,32.9,33.7,34.0,32.8,32.7,33.0,34.5,33.3,32.6,32.8,33.5,32.9,32.6,32.6,31.9,34.2,33.4,33.5,33.7,32.5,33.1,33.0,33.7,33.1,33.4,34.5,35.2,33.7,33.2,33.7,33.9,34.6,33.0,33.2,33.8,33.8,33.0,33.8,34.0,33.9,33.3,33.4,34.3,33.3,33.7,33.2,33.3,32.8,33.1,33.8,34.0,33.4,34.2,33.9,33.5,32.9,34.3,34.2,34.2,34.8,33.9,34.5,34.6,33.6,34.8,33.3,34.0,33.0,33.8,33.5,33.5,33.0,33.0,32.8,34.0,32.3,33.3,32.4,33.8,33.3,34.3,35.1,33.7,33.4,32.4,33.2,33.6,34.7,33.0,34.0,34.8,34.0,33.7,33.9,34.0,34.4,nan,32.6,33.3,34.1,33.5,33.1,34.6,33.9,33.6,33.2,32.7,33.4,33.0,33.3,34.0,33.3,33.4,35.6,33.8,33.9,32.9,33.7,33.1,32.5,34.0,35.3,34.0,33.8,34.1,33.9,34.6,34.7,33.8,33.7,33.5,33.2,33.5,34.1,33.8,33.0,33.5,33.8,34.1,33.4,33.2,33.5,33.2,33.6,33.7,34.0,33.7,33.0,32.7,33.0,34.1,34.0,33.6,33.8,34.4,34.6,34.2,34.1,34.9,34.3,33.6,33.3,33.6,33.8,32.8,32.9,33.8,33.4,32.9,33.4,33.9,33.9,32.0,33.8,34.8,33.2,33.6,32.2,34.4,34.0,33.8,34.5,33.5,34.0,33.0,34.1,35.9,34.0,34.3,34.0,35.2,32.8,33.7,34.1,33.6,33.2,34.0,34.4,33.8,33.1,33.3,34.5,33.6,32.5,34.3,33.7,34.1,32.9,33.8,34.1,34.7,34.1,33.8,32.4,34.5,33.2,33.2,33.1,35.9,34.2,33.5,33.9,34.6,33.6,33.3,32.9,33.1,33.3,33.8,33.4,33.6,33.0,33.2,34.4,34.6,33.1,32.9,33.9,34.4,33.7,32.3,34.4,35.4,32.9,33.7,32.7,34.3,33.2,33.9,33.8,34.2,33.2,34.8,34.7,34.5,33.6,34.1,33.4,34.0,33.2,34.5,34.1,33.8,33.9,33.6,33.4,34.1,34.1,34.3,34.6,33.5,33.6,34.2,33.9,35.3,33.3,32.7,34.6,33.7,33.0,33.2,33.9,34.9,34.0,33.9,33.6,34.3,35.2,33.5,33.6,34.3,33.3,33.3,34.5,33.7,33.0,32.5,32.6,33.6,34.1,33.5,33.8,32.9,32.7,33.8,34.0,34.9
1785307136.9910302,2282,34.6,33.4,33.6,32.6,32.8,31.6,32.7,32.9,33.7,31.8,33.2,32.3,33.0,32.0,33.1,33.0,32.1,31.7,32.5,33.6,33.1,32.8,32.6,33.1,33.6,32.6,33.7,34.0,33.9,32.8,34.2,33.4,33.1,32.5,33.5,33.5,32.6,32.7,32.4,33.1,32.7,33.7,32.9,32.7,32.3,33.1,32.6,33.1,32.5,33.5,32.6,32.9,33.0,33.6,32.8,33.0,31.7,33.9,32.5,33.5,33.3,33.8,33.3,33.3,34.4,32.9,31.4,33.3,33.9,31.6,33.9,34.6,33.0,32.9,32.8,33.4,33.2,33.2,32.4,32.9,33.1,32.4,33.2,33.5,33.1,32.8,32.3,33.5,33.7,33.2,32.6,33.5,33.3,32.4,33.8,33.9,32.8,33.0,32.7,33.2,32.1,34.0,32.7,33.1,32.8,33.2,33.4,32.7,33.3,33.7,32.3,33.4,33.1,32.9,32.7,33.9,33.0,33.9,32.6,32.4,33.2,33.1,32.0,33.5,32.6,33.7,32.6,33.9,34.2,31.9,32.9,33.7,33.1,32.8,33.6,33.3,33.2,31.8,33.4,32.6,33.8,32.9,32.8,33.0,33.2,32.4,33.1,33.9,33.5,33.2,32.5,33.2,34.2,32.8,33.5,33.8,33.7,32.9,33.0,33.9,33.2,33.2,33.0,34.2,33.3,33.9,32.4,33.2,32.7,33.5,33.7,33.0,32.4,33.3,33.1,33.0,32.7,33.5,32.2,33.3,32.6,32.9,33.1,33.4,32.3,32.6,32.4,33.1,32.8,33.4,34.0,33.3,34.7,32.9,33.5,34.0,33.1,33.0,33.8,33.4,33.6,32.8,33.3,32.7,32.9,32.3,32.8,32.8,33.0,32.2,33.6,34.2,33.4,32.1,33.4,33.1,33.3,32.3,33.2,33.5,33.6,31.8,34.2,33.8,32.9,34.8,33.8,33.5,32.7,33.4,32.9,34.9,34.1,34.1,31.9,33.3,31.7,33.3,34.0,33.4,32.4,32.6,32.5,32.6,32.5,33.0,32.8,33.1,32.6,32.6,32.5,33.8,32.5,33.6,31.8,34.0,33.9,32.4,33.3,33.6,33.9,32.8,34.2,34.5,36.2,34.2,33.0,33.2,32.5,32.4,32.2,33.0,33.3,32.6,32.5,32.7,32.6,31.9,33.1,33.4,31.8,32.9,32.5,32.4,33.4,32.7,32.8,33.9,33.8,33.6,33.1,34.1,32.5,33.4,33.5,35.5,35.6,34.6,32.4,33.3,32.7,33.5,32.7,33.4,32.6,32.9,33.2,33.6,32.6,32.8,33.8,31.8,32.6,33.5,33.2,32.9,33.7,33.0,33.1,33.5,33.5,32.3,33.1,32.2,33.9,33.8,34.0,35.9,35.7,33.7,34.0,33.6,33.3,31.8,33.9,32.9,33.8,33.7,32.8,32.7,34.0,31.9,33.2,33.5,32.7,32.6,32.9,33.3,33.0,32.1,32.9,33.4,32.8,32.6,32.4,33.7,32.2,34.4,33.9,35.3,35.5,35.6,35.0,34.7,33.3,33.6,34.0,33.4,33.1,33.6,32.6,33.6,32.6,32.8,33.1,33.8,33.1,33.5,33.2,33.1,33.7,33.6,32.4,33.5,33.4,32.1,33.1,34.0,33.6,33.8,33.5,34.2,34.1,32.9,34.4,35.4,33.5,32.6,34.0,32.2,33.7,32.7,33.5,32.7,32.5,32.6,34.0,32.8,32.9,32.5,33.5,34.3,32.8,32.1,32.9,34.1,32.6,33.2,33.6,33.0,33.0,34.7,34.8,34.6,34.2,35.1,34.0,34.5,33.0,33.1,32.6,32.7,33.4,32.8,33.6,33.7,32.6,33.6,33.7,33.6,32.6,33.2,33.2,33.5,33.2,32.8,33.8,34.5,33.2,33.0,32.3,34.3,33.3,33.6,34.0,34.5,34.2,33.1,34.0,34.1,33.7,33.0,33.5,33.5,33.5,33.2,33.6,34.2,33.8,33.2,32.9,33.0,32.4,33.5,33.7,33.6,33.0,32.5,33.9,34.3,33.8,33.8,32.6,33.5,32.9,33.5,34.2,35.0,33.0,34.3,33.9,34.0,34.1,33.4,33.4,33.5,33.6,33.8,33.0,33.8,34.2,33.6,33.4,33.3,33.0,33.8,33.4,33.5,33.2,33.8,34.4,34.0,33.0,33.6,33.7,32.2,33.6,33.4,33.9,34.4,34.1,33.9,34.3,34.1,34.4,32.7,33.6,32.9,32.8,33.7,33.0,34.2,33.5,33.2,32.9,33.5,33.8,32.4,33.9,33.1,34.2,32.9,33.3,33.5,32.8,33.0,33.4,33.2,33.2,34.7,34.1,34.1,34.5,35.0,33.5,34.4,34.4,nan,33.4,33.1,33.4,33.8,34.0,33.9,33.2,33.9,33.2,33.4,32.5,33.3,33.6,34.0,33.2,33.2,32.8,33.8,34.1,32.7,34.3,33.7,33.3,34.0,34.9,34.9,34.9,33.0,33.4,35.5,34.8,33.5,33.5,34.3,32.7,32.5,34.6,33.5,32.6,34.0,33.0,33.1,33.4,33.0,34.0,33.9,34.4,32.3,34.2,34.5,33.0,33.8,33.2,34.1,33.4,34.5,34.5,34.7,34.1,34.0,33.6,35.0,34.3,34.1,33.4,33.4,33.1,34.4,33.4,33.1,33.6,33.9,32.3,34.1,32.8,33.6,33.0,34.0,33.4,33.4,34.5,34.1,33.5,32.7,33.7,34.3,34.8,34.1,34.4,34.4,34.8,34.3,33.8,35.0,34.0,34.0,32.7,34.2,33.8,33.5,33.7,33.5,33.8,33.7,33.4,34.3,33.4,33.6,34.0,33.9,33.6,33.2,35.2,34.4,33.2,33.3,33.3,33.5,33.0,33.7,32.4,35.3,33.9,34.6,33.9,34.7,34.4,34.3,32.7,33.4,33.8,33.9,32.8,33.6,33.2,33.9,34.6,33.9,32.6,34.2,34.3,34.0,32.5,35.5,32.7,35.0,33.2,33.7,34.1,33.0,34.2,33.1,33.4,34.0,33.2,33.7,32.8,34.8,33.7,33.4,33.6,33.6,34.1,33.4,33.0,33.3,34.1,34.0,33.7,34.3,33.9,33.0,34.2,34.7,33.7,32.9,34.6,34.4,34.0,34.0,33.3,34.4,33.0,33.2,33.9,34.7,33.4,34.4,33.8,33.8,33.8,34.0,33.4,33.6,33.1,34.2,33.2,34.5,33.4,33.4,33.5,34.1,33.6,34.2,34.2,33.5,32.9,34.2,34.0,34.4
1785307138.99959,2283,32.7,35.0,32.1,34.1,33.5,34.2,33.6,32.9,33.5,34.0,33.8,33.6,31.2,33.3,33.1,32.8,32.0,33.7,33.7,33.4,33.3,32.8,32.8,34.4,33.0,34.3,32.6,34.0,32.9,33.9,32.7,33.9,34.1,33.8,34.0,33.7,34.1,33.2,34.3,33.1,33.5,33.3,33.5,33.7,33.4,32.5,33.7,33.4,34.2,32.2,33.4,33.3,33.8,32.3,33.3,33.5,32.7,32.9,33.1,34.3,34.4,33.6,34.0,33.5,32.9,34.4,33.5,34.0,34.1,32.6,32.9,32.4,32.8,34.2,33.1,33.8,33.9,33.1,33.1,34.2,33.1,33.8,32.7,33.3,32.7,33.3,33.4,33.1,33.7,34.1,33.2,33.5,33.1,33.0,32.4,34.6,34.3,33.4,33.8,33.4,34.0,33.0,33.7,33.2,33.4,32.8,33.1,33.4,33.0,32.5,32.8,34.0,33.7,32.9,32.8,33.0,33.5,33.9,34.0,33.3,34.2,33.3,32.0,33.3,33.4,33.0,33.2,34.1,33.8,34.9,33.6,33.7,33.3,34.0,33.4,33.5,32.8,34.1,33.5,32.8,32.8,33.7,33.3,33.2,32.9,33.4,34.0,33.2,33.2,33.7,33.6,33.7,33.1,33.5,32.7,33.6,33.0,33.5,33.9,34.7,34.6,32.9,33.5,33.8,34.3,33.3,32.6,33.8,33.4,34.0,33.2,33.0,33.6,33.1,33.6,34.1,33.8,32.6,34.4,33.8,34.0,33.2,33.5,33.2,34.2,32.2,33.2,32.3,33.4,32.9,33.1,33.3,33.1,34.5,33.5,34.0,33.1,33.5,33.2,34.1,33.8,34.5,33.5,33.4,33.6,33.4,33.3,33.9,33.0,33.8,32.9,33.7,33.1,33.3,33.4,33.9,33.0,32.3,33.7,33.3,34.1,34.0,34.2,33.5,34.6,33.3,33.8,34.1,34.0,33.7,33.7,34.6,35.4,33.2,32.5,33.3,33.3,32.7,32.5,33.7,33.5,33.5,33.8,32.7,33.0,33.3,33.4,33.8,33.8,33.3,33.5,33.2,34.2,33.2,33.3,32.3,32.8,34.1,33.3,34.4,32.9,34.4,35.0,36.5,34.7,34.8,34.0,33.5,33.0,33.2,32.7,33.9,33.0,34.5,33.1,33.6,33.4,33.6,33.4,33.4,32.7,33.6,33.2,33.5,33.2,33.9,34.4,32.9,34.5,34.2,34.3,33.3,33.5,34.1,34.2,34.9,36.1,34.1,33.6,33.0,33.4,33.5,34.0,33.4,32.9,33.4,33.7,33.1,33.1,33.1,33.0,33.3,33.5,32.8,33.4,32.9,34.4,32.4,33.5,34.0,33.3,34.4,33.8,33.6,33.0,34.1,34.3,35.8,34.7,35.5,34.2,34.3,33.3,33.7,33.1,33.4,33.6,34.1,32.8,33.2,33.2,34.3,33.2,33.5,32.7,33.5,33.8,33.4,33.5,33.0,33.5,33.6,33.4,33.2,34.1,33.9,33.8,33.3,35.5,35.4,35.5,35.2,35.6,34.7,34.2,32.7,33.2,33.7,34.2,32.4,34.0,33.6,33.6,32.9,34.0,32.3,33.8,32.1,33.8,33.3,33.6,33.0,33.6,34.1,33.4,34.0,32.9,34.4,32.9,34.9,34.4,34.4,34.1,34.1,34.7,34.7,33.6,33.4,34.0,33.7,33.7,33.8,33.6,33.5,33.3,34.3,33.1,33.5,33.4,34.0,32.9,33.8,33.3,34.6,33.3,34.3,34.9,33.8,33.2,34.2,33.7,33.8,34.1,34.6,35.6,34.0,34.8,34.8,34.4,33.6,33.1,33.8,33.4,32.8,34.4,33.6,33.4,33.4,33.7,33.4,33.6,33.5,33.7,35.2,33.7,33.2,34.0,33.5,33.2,33.4,33.5,33.7,34.4,34.3,35.0,34.2,34.2,34.9,33.8,34.0,34.1,34.3,33.5,33.4,34.0,32.9,34.6,34.2,33.6,33.2,32.9,33.5,33.3,33.3,33.8,34.3,33.9,33.0,33.9,34.1,34.8,33.7,34.6,33.6,34.2,33.7,34.2,34.1,34.5,33.3,34.0,35.2,35.0,33.9,33.4,33.1,34.4,33.0,34.2,33.6,33.4,33.0,33.4,32.9,33.7,32.8,33.2,33.6,34.5,33.0,34.4,33.8,33.6,33.6,34.3,34.1,33.8,34.3,34.6,34.4,34.6,34.7,34.4,34.8,35.0,34.6,33.3,33.5,33.9,34.2,33.5,33.8,34.4,34.5,33.4,33.4,33.1,34.1,33.8,33.6,34.6,34.3,34.7,34.1,34.4,34.3,32.8,33.8,34.3,34.5,33.8,33.4,35.7,33.7,34.0,34.4,34.3,nan,33.4,32.8,33.6,33.4,33.2,33.8,34.4,33.4,34.0,33.5,33.5,33.5,34.3,33.3,34.4,33.7,34.0,34.5,33.4,35.5,33.9,34.9,34.2,33.6,33.6,36.0,34.4,35.1,33.7,33.9,34.1,34.8,33.3,33.8,33.8,33.5,33.6,33.7,33.1,33.8,33.4,34.1,33.2,33.2,34.8,33.9,33.6,33.9,34.6,34.1,34.7,34.2,34.4,33.3,34.0,33.7,34.8,35.1,34.4,34.5,34.2,35.0,34.5,33.3,33.7,33.9,34.4,33.4,33.4,33.1,33.6,33.7,32.8,33.9,33.7,34.5,34.3,34.2,34.7,33.7,33.9,34.1,33.2,35.1,33.3,34.3,34.8,34.1,33.7,35.1,34.5,34.8,34.3,35.8,33.6,33.7,33.4,34.3,33.6,33.8,33.4,32.6,33.6,33.3,35.0,34.1,33.7,33.9,34.0,34.7,33.4,34.6,34.9,34.6,34.7,34.0,34.7,34.5,34.2,33.2,34.0,35.7,35.3,34.0,34.3,34.9,34.8,33.1,33.9,33.9,34.4,33.4,33.9,33.3,34.2,33.0,34.8,33.9,33.8,34.5,34.1,33.6,34.9,34.7,34.8,33.8,34.1,34.4,33.4,35.3,33.5,34.7,33.8,34.2,35.0,34.6,34.8,35.2,34.3,34.1,33.0,33.4,33.0,33.8,33.7,34.5,34.8,34.0,35.4,33.7,33.3,34.5,34.5,34.3,35.0,35.0,35.0,34.6,34.7,32.4,34.8,34.1,34.4,34.2,34.1,33.7,34.3,33.9,34.2,33.6,35.2,33.3,33.3,33.6,33.4,32.9,33.2,34.2,34.6,33.7,34.6,34.5,34.3,33.5,33.6,33.9,34.8,33.8,35.6,35.3
1785307141.088268,2284,34.6,32.8,33.4,33.8,32.2,32.4,32.7,33.5,33.3,32.6,33.2,32.8,32.0,32.6,33.1,32.4,33.0,32.4,32.0,33.5,33.1,33.6,31.8,33.2,32.6,32.6,32.2,33.1,34.3,33.2,33.7,33.1,33.9,31.9,33.5,33.0,32.3,32.7,32.4,33.1,33.2,32.3,32.7,32.9,31.8,33.1,32.6,33.4,32.5,32.9,33.7,33.7,32.6,33.8,33.3,32.8,33.1,33.1,32.9,34.1,33.5,33.8,33.2,33.3,33.2,34.6,32.6,33.5,33.0,32.6,32.7,33.0,32.9,33.7,31.9,32.1,32.7,32.5,32.0,33.3,32.7,33.1,33.4,31.3,32.4,32.3,32.6,33.4,32.7,33.5,31.7,32.8,33.3,33.6,32.2,32.9,33.1,33.7,32.7,32.7,33.9,32.1,32.7,32.7,33.0,32.5,32.1,33.6,33.3,32.8,32.4,32.7,33.6,33.2,33.5,32.5,32.0,33.9,32.4,33.7,32.9,33.6,32.8,33.1,32.8,32.8,33.7,34.4,32.1,33.5,32.7,32.8,34.9,32.8,32.1,33.5,32.7,33.2,32.1,32.8,32.6,32.4,33.0,32.5,32.7,33.2,32.6,33.2,33.4,32.5,32.9,33.0,32.8,32.6,33.1,32.8,33.5,33.3,33.5,34.1,32.9,32.2,33.4,32.5,33.7,31.7,33.1,32.8,32.8,33.2,32.3,32.7,32.2,32.6,33.1,32.3,33.0,32.8,33.2,33.5,33.6,32.7,32.4,33.4,33.5,33.1,32.4,33.5,32.6,32.5,32.9,33.1,33.1,33.3,33.1,33.3,33.1,33.1,33.7,33.9,33.8,33.3,32.1,32.5,33.9,32.4,32.6,33.3,33.2,33.0,33.1,32.8,32.8,32.5,32.3,32.5,33.3,32.8,33.2,32.3,32.6,33.6,33.6,33.7,33.7,33.0,34.4,33.9,32.8,32.8,33.3,33.9,35.2,33.4,32.4,33.8,32.7,32.7,33.0,33.4,33.7,33.2,33.0,33.2,32.5,32.7,32.7,33.6,32.0,32.8,32.7,32.8,33.8,32.7,33.0,32.9,33.0,32.2,32.7,33.0,33.1,33.3,33.1,34.9,35.5,33.8,32.5,33.2,32.5,33.3,32.7,32.8,32.3,31.9,33.1,33.1,32.8,32.7,33.1,32.2,32.2,32.7,33.4,33.2,32.7,32.9,31.8,33.7,33.4,33.6,32.3,33.7,32.9,33.4,33.4,34.2,34.8,34.3,32.6,33.3,32.7,32.9,33.5,33.2,32.6,32.7,33.0,33.4,33.7,32.9,33.1,33.5,33.1,32.6,33.5,34.0,33.1,32.8,32.3,33.6,33.1,32.5,33.2,33.2,33.5,32.7,33.2,34.7,35.7,35.0,34.5,34.1,32.3,33.2,32.8,34.5,33.5,32.9,32.7,33.4,32.7,34.0,32.7,32.8,33.0,33.1,32.6,32.4,33.0,33.0,33.9,32.8,33.0,33.4,32.1,33.9,33.1,32.6,34.8,34.8,35.8,34.1,34.5,34.3,32.9,32.6,32.8,33.4,32.9,32.0,33.5,33.4,32.8,32.9,33.1,33.3,32.6,32.8,33.2,33.1,33.4,33.0,33.2,33.3,33.8,33.1,32.3,32.9,33.6,33.8,34.4,34.0,34.7,34.7,34.2,34.4,33.6,32.7,33.2,34.0,33.2,33.2,33.0,32.7,33.0,32.9,33.3,32.9,33.6,33.0,32.8,33.2,33.9,32.8,33.7,34.3,34.1,32.8,32.2,33.6,33.0,33.8,33.9,33.3,34.0,34.0,33.8,33.9,33.6,33.1,32.6,33.1,32.9,32.2,33.4,33.9,33.4,33.4,32.9,33.1,33.6,33.2,32.7,33.1,33.0,32.6,32.8,33.5,33.8,33.8,33.5,33.9,34.0,34.0,34.7,34.0,34.1,33.8,33.5,34.5,33.6,33.3,33.0,33.4,33.5,34.1,33.3,33.8,33.5,33.8,32.9,33.6,33.1,33.4,33.1,33.0,34.2,33.0,34.3,33.5,33.5,32.7,34.2,33.6,33.8,33.9,34.3,34.1,33.3,34.0,33.7,34.5,33.3,34.1,33.2,33.3,33.0,33.0,33.5,33.6,33.1,32.8,33.2,33.1,33.5,33.7,32.9,33.5,33.7,33.2,34.0,34.4,33.4,32.9,33.3,33.7,33.4,33.8,33.9,33.9,33.5,33.2,34.4,34.4,33.6,33.0,33.1,32.9,33.0,33.2,32.7,32.8,33.0,33.5,32.8,33.9,33.3,33.2,32.6,32.7,34.4,33.1,33.7,34.5,32.7,33.7,33.6,33.0,32.7,32.6,33.4,34.1,33.8,33.4,33.0,34.0,33.4,nan,33.4,33.7,33.9,32.7,33.4,34.1,32.7,33.9,32.7,33.4,33.0,33.8,33.6,33.3,33.8,32.2,33.8,34.6,33.4,33.3,33.1,33.9,33.1,33.2,34.7,33.8,33.6,34.1,34.3,32.9,33.3,33.1,33.3,33.5,32.5,34.0,34.0,33.8,32.5,33.8,33.0,33.2,32.9,32.5,33.5,34.3,33.8,33.7,34.6,34.3,33.0,32.9,33.8,33.5,32.9,33.4,34.1,34.5,34.2,33.7,33.9,34.5,34.1,34.1,33.6,32.9,33.1,33.3,33.6,32.5,32.7,32.9,32.8,33.5,32.4,32.9,33.6,33.1,32.8,33.2,33.4,33.5,34.4,33.3,33.5,33.6,33.2,33.9,32.6,34.2,33.4,34.1,34.3,34.3,33.6,34.2,33.6,33.6,33.3,33.9,33.0,33.8,33.4,33.8,32.5,33.0,32.8,33.2,33.4,33.9,33.6,34.4,33.4,34.4,32.7,34.6,33.0,32.6,33.4,33.9,34.2,34.4,34.4,33.4,33.2,34.4,33.2,33.6,33.9,33.6,33.4,32.7,33.5,33.9,33.7,33.5,33.5,33.9,33.6,33.6,33.1,33.2,33.3,33.5,33.3,34.7,32.7,32.7,34.9,34.0,33.8,32.5,33.2,34.2,34.6,33.9,34.1,33.6,33.0,33.2,32.1,33.8,33.6,33.4,33.2,33.6,33.4,33.1,33.3,33.1,33.1,34.1,34.0,33.9,32.9,33.9,34.6,34.6,32.8,32.6,32.8,33.3,33.6,33.0,32.5,34.5,33.6,33.5,32.9,34.7,34.7,33.4,33.2,33.6,33.1,33.3,33.0,34.0,34.1,33.9,32.9,33.9,34.3,33.3,34.2,34.3,34.1,34.2,32.9,34.1
1785307143.5377667,2285,33.5,33.4,33.6,33.8,32.6,33.6,33.2,33.9,32.9,33.4,33.4,33.0,32.4,33.3,33.3,33.7,33.3,33.3,32.9,33.5,33.3,32.4,32.0,32.8,32.6,34.0,32.8,33.3,32.7,33.2,32.7,34.6,34.1,34.6,33.7,33.7,33.2,32.5,33.0,33.7,32.8,32.5,32.5,33.1,34.3,33.4,33.7,33.6,33.4,33.1,33.2,32.5,33.6,32.9,33.3,33.0,33.1,33.1,33.7,33.4,34.8,32.9,33.5,34.0,33.9,33.1,33.5,34.2,33.2,34.5,33.3,33.2,34.6,33.8,33.0,33.4,32.7,33.2,32.7,32.9,32.9,34.5,32.7,34.0,33.6,33.5,32.4,32.9,34.2,33.7,33.2,33.9,32.9,34.1,33.1,34.8,33.6,33.7,34.0,32.5,33.1,33.4,32.8,32.7,33.2,32.5,33.6,32.9,33.0,32.1,32.9,33.2,33.6,33.2,33.0,32.3,33.7,33.5,33.1,31.8,32.8,33.6,32.6,32.7,33.6,32.2,34.8,33.9,34.2,33.7,32.9,33.2,34.1,33.6,32.3,33.1,32.7,33.4,32.7,33.1,32.5,33.2,32.4,33.5,32.5,33.6,33.3,33.2,33.0,33.9,32.4,33.7,33.3,33.1,32.1,34.8,32.8,33.4,33.2,34.1,33.1,32.5,33.7,34.0,34.8,33.1,33.7,32.6,33.3,33.8,32.6,32.0,33.2,33.1,32.9,33.0,33.0,32.9,33.9,33.3,32.8,33.2,33.5,32.7,34.0,33.5,34.1,33.1,34.1,32.9,33.6,33.7,34.5,33.6,33.1,35.0,33.5,32.9,33.0,33.9,33.6,34.0,32.3,33.8,33.1,33.1,32.8,32.9,34.1,34.0,32.9,33.2,34.1,33.6,32.8,32.5,32.4,33.7,33.2,32.5,33.7,33.0,32.3,34.2,33.7,33.7,34.0,33.5,33.0,33.4,34.5,34.9,34.6,33.0,33.2,32.6,33.0,32.7,34.4,33.2,33.7,33.3,33.8,33.7,33.4,32.5,33.1,32.4,33.6,32.9,33.4,31.9,33.0,33.0,34.7,33.4,33.5,33.5,33.7,34.2,33.9,33.7,34.1,35.7,36.2,34.3,33.7,33.0,33.3,33.9,33.1,33.9,33.6,33.6,32.8,33.0,34.1,33.3,33.4,33.9,32.8,33.6,32.7,33.9,33.2,33.7,33.6,34.1,34.0,33.8,34.1,33.3,33.6,33.6,34.7,35.3,35.6,34.6,32.9,33.5,33.5,33.0,33.3,32.9,32.6,32.6,33.5,32.9,33.4,33.4,33.4,33.0,32.9,34.0,33.5,32.5,33.5,33.3,32.7,34.4,33.0,34.6,33.2,33.4,33.5,33.6,33.4,35.1,36.3,34.9,33.4,34.4,33.8,33.5,33.8,34.1,33.5,33.0,33.9,33.0,33.7,33.6,32.4,33.0,33.3,33.6,32.6,34.0,33.1,33.3,33.3,33.6,33.6,33.4,33.9,33.9,33.8,33.5,35.1,34.9,35.1,35.6,35.6,34.7,34.3,32.9,34.0,33.2,31.8,33.9,34.3,32.4,33.1,33.9,32.6,33.2,33.9,34.5,32.9,32.8,33.9,33.6,33.2,32.5,34.4,34.4,32.5,33.2,33.6,34.7,34.5,33.6,34.2,34.7,33.6,35.0,33.1,33.5,32.9,34.1,33.2,33.0,33.1,34.8,33.7,33.0,33.0,34.1,33.2,33.3,33.5,33.7,34.0,33.9,33.9,34.3,33.7,33.8,32.6,33.0,33.1,34.0,34.8,34.3,35.1,33.8,34.9,34.7,33.7,33.3,34.2,33.1,33.7,33.9,33.2,33.6,33.4,34.4,33.5,32.7,33.5,32.2,33.2,32.5,33.5,33.9,34.0,33.9,32.9,34.2,33.1,34.6,33.7,33.6,34.0,34.2,33.9,34.1,34.1,34.3,34.4,33.3,32.7,34.0,33.4,33.8,33.3,34.3,33.4,33.2,33.6,34.3,33.6,33.4,32.6,33.3,33.1,33.0,34.7,34.3,33.3,33.9,34.6,33.4,33.4,34.2,34.8,34.1,34.2,33.8,33.5,34.5,35.0,32.8,33.7,33.9,34.5,33.4,33.3,33.6,34.4,33.6,34.2,33.4,33.5,33.5,33.9,32.9,32.6,33.2,34.8,34.0,33.8,34.4,33.1,33.7,33.6,35.0,33.7,32.8,34.0,34.1,33.4,34.1,34.4,34.0,33.1,33.5,33.5,33.8,33.0,33.8,33.3,33.5,33.4,33.4,34.1,34.3,33.1,33.2,33.7,33.3,32.9,35.7,33.6,32.8,33.4,32.8,34.3,34.8,33.8,33.2,34.5,35.4,34.2,33.0,34.2,nan,33.4,32.6,33.7,33.3,33.4,33.6,33.6,33.6,33.3,33.9,33.4,33.3,33.2,33.8,34.5,33.5,34.0,33.9,34.1,34.6,33.3,34.3,33.6,33.8,34.0,34.7,34.2,34.4,34.8,34.3,34.3,33.6,32.8,34.1,33.6,33.8,33.6,33.5,32.6,34.0,33.2,33.9,32.5,33.6,32.7,34.7,33.0,33.7,33.7,35.7,34.9,33.1,33.2,34.5,34.3,34.8,34.6,34.2,34.6,33.9,34.1,34.5,34.8,34.7,33.6,33.0,33.1,33.4,33.2,33.8,33.6,33.7,33.0,33.3,33.8,33.1,33.2,33.6,34.1,34.3,34.9,33.3,34.1,33.7,33.5,34.7,33.6,33.9,34.4,35.5,35.1,34.9,34.3,35.1,34.1,33.5,33.2,34.6,33.1,33.4,34.4,33.1,33.6,34.1,32.5,34.3,34.1,34.1,33.2,34.5,34.2,34.4,33.4,35.3,34.0,33.3,33.9,34.1,34.4,33.9,33.1,33.8,33.5,34.7,34.6,34.0,34.1,34.1,32.7,34.1,33.6,33.6,33.7,33.9,34.4,33.7,32.8,32.8,33.4,34.0,32.9,33.6,34.1,33.9,33.7,33.4,34.5,35.3,33.6,33.4,33.9,33.7,33.4,34.8,34.4,34.6,33.5,35.2,33.7,33.4,33.0,34.1,34.4,33.6,33.2,34.1,33.7,34.1,33.7,33.7,33.7,34.1,34.1,34.3,33.5,33.7,34.1,34.8,33.0,33.1,35.2,33.5,33.8,34.0,33.1,34.1,34.3,33.9,34.7,33.6,34.3,33.4,34.3,33.2,33.4,34.0,33.6,33.4,34.3,33.7,33.3,32.4,34.1,34.0,34.0,32.7,34.5,34.4,34.7,35.9
1785307145.4906163,2286,34.2,32.1,32.7,33.7,33.8,32.8,32.8,34.0,33.4,32.8,32.9,33.3,33.0,32.6,33.3,33.2,32.5,33.0,32.8,32.9,33.2,32.1,33.1,33.3,32.0,33.1,32.0,33.6,34.2,32.4,33.3,34.5,32.1,32.9,33.6,33.4,32.2,33.3,33.3,33.2,32.7,32.0,32.4,32.6,32.0,33.7,32.1,32.0,32.9,32.8,33.2,32.8,33.4,32.7,34.0,32.8,32.8,33.2,33.4,33.3,32.3,32.7,33.4,33.9,33.0,32.8,33.1,33.9,32.0,33.5,33.0,32.3,32.5,32.8,32.8,32.9,32.9,31.9,33.5,32.6,32.4,33.0,32.4,32.6,32.3,32.8,32.7,33.5,33.4,32.5,32.8,33.3,33.2,31.8,33.5,33.7,32.2,33.6,32.5,32.3,31.9,33.4,33.1,32.9,32.5,32.9,33.8,33.5,32.3,32.5,32.6,32.7,33.3,32.9,32.3,32.4,32.9,33.1,32.6,33.4,33.5,32.4,32.1,33.4,32.4,31.6,32.4,33.5,33.9,32.7,33.5,33.3,33.8,31.9,32.7,32.4,33.1,32.9,31.5,32.8,32.9,32.2,32.7,32.7,33.2,32.6,33.0,33.1,34.1,32.6,33.5,33.4,32.6,32.6,32.0,32.9,32.7,31.5,33.1,34.1,33.3,34.4,32.4,33.2,33.9,33.0,33.5,32.1,32.7,32.5,33.0,32.2,32.5,32.1,32.9,33.5,32.5,32.7,32.9,32.6,33.0,31.9,33.2,32.2,32.3,33.2,32.8,33.9,32.4,33.4,31.9,33.0,33.2,33.2,33.4,34.4,33.3,33.2,33.6,34.3,33.5,33.1,33.0,32.9,33.0,32.6,33.0,33.3,33.0,32.7,32.8,33.2,34.3,32.8,33.1,32.9,33.0,31.8,32.7,33.1,33.2,33.3,32.8,33.0,32.7,33.3,33.0,32.5,32.7,33.1,33.5,34.3,34.3,34.1,33.6,32.3,33.0,32.4,34.0,33.6,33.6,33.9,32.6,32.1,32.6,33.3,32.6,33.0,32.4,33.2,32.2,32.5,33.3,33.3,33.1,33.0,33.1,32.9,33.2,33.9,32.8,33.2,34.4,35.5,35.7,34.2,33.1,32.7,32.5,32.2,32.9,32.7,33.7,32.4,31.7,33.3,33.3,32.5,33.5,33.5,32.9,32.6,33.1,32.7,32.9,32.8,32.9,33.2,32.2,33.0,33.9,32.6,33.1,34.4,33.2,34.1,34.7,34.6,33.3,33.8,33.1,33.2,31.8,32.9,32.4,32.6,33.0,33.1,32.4,32.6,33.3,33.1,32.7,32.7,32.7,33.0,32.8,32.8,32.0,32.7,33.1,32.6,33.3,32.9,33.0,32.6,34.0,34.8,35.7,35.4,33.7,34.2,32.7,33.4,33.0,33.2,33.8,33.9,33.2,33.4,33.1,33.0,34.1,33.0,32.2,33.3,32.1,33.1,33.7,32.5,33.8,33.3,33.1,33.7,31.4,34.0,33.3,34.1,35.0,35.2,35.2,35.9,34.3,34.2,33.4,32.3,33.7,32.8,33.3,33.1,33.1,32.8,32.3,33.3,32.7,32.7,33.5,33.7,31.9,33.2,32.9,32.3,33.6,33.6,34.3,33.0,32.9,34.9,33.3,34.0,33.5,35.1,34.8,34.3,34.9,35.2,33.4,32.4,32.9,33.5,32.7,32.4,33.5,33.1,32.9,32.9,32.2,33.2,33.3,33.0,33.5,32.9,33.9,32.8,32.6,33.3,33.3,32.5,33.2,34.0,33.6,33.7,34.5,34.5,34.3,33.7,34.0,33.7,32.5,32.7,33.0,33.3,33.0,33.0,33.4,33.3,33.1,33.6,32.7,33.3,32.7,33.4,33.8,33.5,32.5,32.7,33.4,33.6,34.1,33.2,33.3,35.1,34.4,33.9,34.6,33.9,34.1,33.8,34.0,33.8,34.3,32.1,33.5,33.2,33.6,33.2,34.0,33.4,33.5,32.2,33.0,33.2,33.1,33.0,33.0,34.1,33.0,31.0,33.6,32.9,33.4,34.6,34.1,34.3,33.0,33.4,33.8,35.0,33.9,34.0,33.6,33.4,33.9,34.1,33.3,33.7,33.6,33.2,33.8,33.7,32.8,34.0,33.6,33.3,32.8,33.0,33.1,32.8,33.2,33.6,33.4,34.1,33.5,31.5,34.2,34.4,33.1,34.4,32.8,34.1,34.4,34.1,34.0,34.2,34.3,32.7,34.3,33.1,33.8,32.9,33.3,33.4,33.3,32.7,33.5,33.1,33.0,33.6,32.6,33.1,33.2,33.2,33.2,33.5,33.7,32.7,33.4,32.5,33.6,33.6,34.0,34.3,33.9,33.9,33.2,33.9,33.6,nan,33.1,33.3,32.8,33.2,33.4,33.5,33.3,33.8,32.5,33.6,32.0,33.0,32.8,33.2,32.7,33.2,33.4,33.8,34.0,33.4,34.0,33.2,33.7,33.6,34.1,34.6,33.4,33.4,33.4,34.7,33.9,33.5,32.5,33.2,33.7,33.0,33.2,33.9,34.0,33.2,33.3,32.6,33.4,33.4,33.7,34.0,32.9,33.7,33.0,33.7,33.5,33.2,33.9,33.0,33.7,33.4,33.2,33.5,33.7,33.9,33.8,33.9,34.0,34.0,32.1,32.8,32.5,33.3,32.8,34.0,33.4,33.4,33.4,33.6,32.7,33.7,33.6,33.9,34.2,33.8,33.9,33.8,34.0,33.2,33.3,33.9,32.3,33.0,33.2,34.3,34.5,33.6,34.5,35.4,34.5,33.5,33.4,33.5,33.4,32.3,33.4,33.0,33.5,33.7,34.2,33.6,34.1,32.5,33.1,33.4,35.1,33.7,33.7,34.3,32.3,34.5,34.4,33.9,33.8,33.4,33.5,34.3,33.4,35.0,34.8,34.7,33.8,33.9,32.4,33.0,33.1,33.6,32.7,32.1,33.1,33.8,33.5,32.3,31.9,33.5,33.2,33.1,33.1,33.3,34.9,34.2,33.5,33.5,33.2,33.2,34.4,33.4,32.9,34.1,34.3,34.3,33.2,34.0,33.6,33.1,33.4,32.9,32.9,33.6,34.3,33.8,33.6,32.9,32.5,32.8,32.8,33.4,34.0,33.7,34.0,34.2,34.0,34.5,32.9,32.9,32.2,34.2,32.9,33.8,33.4,34.5,33.6,33.9,34.5,33.6,33.7,33.5,33.3,32.9,32.9,33.1,34.3,34.2,34.3,33.6,34.1,32.7,33.8,33.5,34.0,33.9,33.8,35.3,33.9,35.6
1785307147.5144997,2287,34.3,34.5,34.4,33.1,33.3,33.1,32.7,32.6,33.9,33.2,34.0,33.2,34.2,32.0,33.3,32.6,33.7,32.6,33.7,33.6,33.9,33.2,32.6,33.8,32.8,32.6,33.0,33.5,34.3,33.0,34.0,33.6,33.6,34.6,34.0,33.7,34.1,33.6,34.1,33.1,33.7,33.1,33.9,33.5,32.3,33.6,33.2,33.8,33.1,33.1,33.2,33.1,32.8,33.1,33.0,33.0,32.9,33.3,32.9,33.7,33.1,32.9,32.0,34.5,34.7,33.4,33.5,33.5,34.9,33.7,33.1,33.6,33.0,33.7,32.4,31.9,32.9,32.7,33.6,33.6,33.6,33.8,32.9,33.5,33.3,33.0,32.6,33.6,33.9,33.0,33.0,33.7,34.2,33.0,33.1,34.5,32.8,33.5,32.9,33.2,32.7,32.6,32.7,32.7,33.2,32.9,33.6,32.7,32.8,33.3,32.8,33.5,33.6,34.1,32.5,33.4,32.7,32.7,33.1,33.5,32.9,33.7,32.8,34.1,32.8,33.1,33.5,34.6,34.0,34.0,32.5,33.7,33.9,32.8,32.7,33.8,33.0,33.0,32.3,32.8,33.8,33.4,33.5,33.0,33.0,32.9,32.6,32.6,33.4,33.0,34.0,33.3,32.9,33.5,32.3,33.2,34.2,34.1,31.9,33.4,32.7,32.9,33.0,32.5,33.9,33.3,33.5,33.4,33.4,33.3,32.8,32.7,32.8,33.9,33.4,33.0,33.5,32.8,33.6,33.1,33.0,33.9,32.8,33.9,33.2,33.0,33.7,33.7,33.2,33.8,32.5,34.4,34.1,34.0,33.9,32.9,33.1,33.7,33.4,32.7,34.1,33.6,33.1,32.5,32.9,32.6,33.3,33.4,33.3,33.3,33.1,33.5,33.9,33.3,32.7,32.9,33.3,33.7,32.8,32.9,34.1,34.0,33.4,34.2,33.3,33.7,33.8,33.7,32.5,33.8,34.2,34.6,34.6,34.4,33.4,33.0,32.7,33.8,34.0,33.5,32.9,33.8,33.5,33.4,32.9,33.2,33.3,34.1,32.4,31.7,32.9,33.4,32.5,33.4,33.7,34.0,33.9,33.1,34.7,33.8,32.8,34.2,33.8,35.8,36.2,34.8,32.4,33.0,33.1,32.8,33.2,33.3,33.5,33.0,33.1,33.5,33.4,33.0,33.1,32.9,33.9,32.8,33.8,33.7,33.8,32.9,33.0,33.7,34.1,34.8,32.9,34.3,33.4,34.5,33.9,34.8,35.8,35.4,32.9,34.1,32.7,32.9,33.3,34.0,33.2,33.5,33.5,34.2,33.2,33.2,33.8,32.9,32.1,33.7,33.9,33.6,34.0,32.8,32.9,33.5,33.3,34.4,33.2,34.0,32.6,33.6,34.5,34.7,35.7,35.1,34.8,34.1,32.5,33.3,33.1,33.0,33.3,32.9,33.5,33.2,33.3,33.6,33.4,32.8,33.5,33.3,32.8,33.8,33.7,32.8,33.9,34.0,32.8,33.4,32.9,34.3,33.3,34.0,34.8,35.1,35.5,34.9,33.8,34.8,33.3,33.5,33.0,33.4,33.0,34.5,33.2,33.4,33.7,33.7,33.5,33.2,33.8,33.0,33.9,33.7,33.2,32.7,33.8,33.1,34.2,33.8,32.5,34.0,33.8,32.9,34.9,34.9,34.4,33.8,33.6,34.9,33.6,33.0,33.7,32.4,33.4,32.9,32.8,33.5,33.2,33.0,33.5,32.5,33.1,33.1,33.7,33.0,33.5,33.3,33.3,34.1,33.9,33.4,33.6,34.0,33.5,34.4,34.1,34.5,34.6,34.6,33.8,35.2,33.6,33.5,33.7,33.5,32.9,33.6,34.1,33.1,33.6,33.6,33.2,33.1,32.4,32.8,33.4,34.9,34.1,33.4,33.6,34.3,34.0,34.6,33.9,33.9,34.0,34.2,34.4,34.4,34.7,34.6,35.1,34.1,34.4,33.5,33.3,33.7,33.1,33.3,33.5,33.7,33.8,33.5,33.5,33.0,33.8,33.4,32.8,33.0,34.6,33.2,33.9,33.3,33.8,33.5,33.8,33.1,33.5,34.4,34.3,34.5,33.2,33.8,33.5,34.8,34.7,33.9,33.1,34.4,33.4,33.5,33.3,34.1,33.4,33.9,34.0,34.1,33.0,33.7,33.6,33.5,32.5,34.5,34.4,33.8,34.3,34.0,34.1,33.9,33.6,34.1,33.7,33.2,34.1,34.1,33.3,35.0,35.1,33.8,33.3,33.7,33.3,32.9,33.0,33.3,33.5,33.5,33.4,33.8,34.5,33.3,33.3,33.1,33.3,33.1,34.3,33.5,33.6,33.9,34.2,33.6,34.3,35.2,33.6,34.5,33.8,34.5,33.9,34.7,34.3,nan,33.1,33.9,33.6,33.6,33.2,33.3,32.9,33.7,34.0,34.1,33.5,33.3,33.4,33.5,33.8,33.0,33.8,34.8,33.9,35.0,33.5,34.1,34.8,33.8,33.5,34.4,34.6,33.4,34.3,33.9,34.6,33.8,33.3,33.5,33.3,33.0,34.0,34.0,34.0,33.7,33.6,32.9,33.6,34.1,33.7,33.8,33.2,33.5,32.7,33.7,33.8,34.4,35.0,34.5,34.7,33.6,33.6,34.2,33.9,34.7,34.1,35.2,34.9,34.6,33.9,33.9,33.8,33.5,33.8,33.6,33.1,34.6,33.2,33.7,33.7,34.0,33.8,33.6,34.3,33.0,33.2,33.9,34.2,33.1,33.7,33.7,34.0,33.9,34.2,33.7,33.9,33.9,34.3,35.1,34.6,34.2,33.6,33.3,34.0,32.8,33.4,33.5,34.1,33.3,33.8,33.0,33.4,33.7,33.4,33.9,33.2,33.6,35.4,33.1,33.6,34.2,33.3,34.9,33.4,34.3,33.3,34.2,34.7,34.6,34.6,35.1,34.6,33.4,33.9,33.3,33.6,33.8,34.2,33.8,33.5,34.1,33.7,33.9,33.6,34.0,33.7,34.4,32.9,34.1,34.2,35.0,34.3,33.0,33.8,33.2,33.4,33.5,33.8,34.2,34.1,33.9,33.2,33.9,34.6,33.6,33.0,34.1,34.1,33.8,33.7,34.0,33.9,33.8,35.2,33.7,33.9,33.1,33.2,34.5,34.4,35.0,35.7,35.5,34.0,34.5,33.9,34.4,34.8,33.2,33.7,35.2,33.8,34.6,33.4,34.7,33.6,33.6,34.5,33.8,33.1,33.8,33.8,33.5,34.1,33.6,33.9,34.1,33.9,34.2,33.6,33.7,34.4,34.8,34.9,35.3
1785307149.6718593,2288,34.4,33.4,34.4,34.1,32.0,33.4,32.4,33.7,33.0,32.8,32.1,33.1,31.9,32.8,33.7,33.3,33.4,33.4,32.8,33.2,33.7,32.4,33.8,32.8,33.4,32.8,33.5,33.6,32.8,32.5,33.5,34.6,31.8,33.0,33.5,34.0,33.4,31.7,32.8,33.6,33.1,33.5,33.1,33.9,33.3,32.0,32.6,33.1,32.2,33.1,32.3,32.8,33.6,33.8,32.4,32.6,33.3,34.0,33.3,33.1,32.6,32.9,33.5,34.3,32.2,33.7,33.3,33.6,33.3,32.9,32.4,33.6,33.7,33.7,32.8,32.9,33.3,32.9,32.4,32.7,32.3,33.1,32.7,33.5,33.7,32.4,33.8,33.3,33.0,33.4,32.6,33.7,32.5,32.4,33.6,33.1,33.1,32.8,34.0,34.1,33.5,32.6,34.1,33.3,32.6,32.5,33.2,33.7,32.8,33.6,33.1,32.4,33.2,33.3,32.7,34.0,32.5,33.4,32.0,32.8,34.0,32.2,32.4,33.8,34.7,31.8,33.2,34.6,33.1,33.0,33.6,33.2,32.2,31.8,34.4,33.5,32.5,33.8,33.4,33.1,33.4,33.1,34.2,33.0,31.7,33.1,33.2,32.2,33.1,33.6,32.6,33.2,33.0,32.8,32.7,33.2,34.3,33.5,33.7,33.6,33.2,32.8,33.0,33.4,33.5,32.8,33.5,33.2,33.0,33.5,33.9,33.2,32.9,32.6,33.2,33.3,33.3,32.8,33.4,33.7,33.3,33.1,33.7,34.3,33.9,32.8,32.4,33.5,33.6,32.4,32.5,33.6,33.6,33.4,34.4,32.9,32.8,33.5,33.8,33.4,33.7,33.6,32.7,33.7,33.0,31.9,33.3,33.8,33.0,32.7,33.1,33.2,33.2,33.6,32.7,32.5,33.7,33.2,33.4,32.9,33.6,33.8,33.6,33.1,33.1,34.2,34.2,34.1,33.6,32.5,33.3,34.6,35.3,34.6,32.9,33.0,32.5,32.5,32.7,33.6,32.8,33.2,33.8,33.4,33.4,33.2,32.9,33.3,32.6,33.0,32.9,34.7,33.6,33.7,32.6,33.4,34.0,33.7,33.4,32.6,33.4,33.5,33.5,35.1,35.9,35.5,32.4,33.9,33.3,32.4,32.9,33.1,33.3,32.9,34.0,33.0,33.5,33.3,33.5,32.8,33.1,32.2,33.3,34.1,33.3,32.9,32.7,32.3,32.8,33.2,33.5,33.4,32.9,34.2,33.4,35.7,35.6,34.3,32.6,33.4,33.2,32.9,32.9,32.9,33.2,33.6,32.9,33.6,33.2,33.6,32.8,34.1,32.3,32.8,33.4,34.4,32.0,33.2,32.9,34.3,32.9,33.3,33.5,33.8,33.9,33.8,34.2,35.1,36.4,35.7,33.9,34.3,33.8,33.4,34.0,34.2,34.2,33.8,33.0,34.0,34.0,33.2,33.1,33.0,32.4,33.5,33.5,34.2,32.8,33.7,33.8,33.0,34.3,33.3,32.8,34.2,33.8,33.9,34.1,34.8,35.2,34.8,34.5,35.0,34.0,33.6,33.2,32.7,33.6,33.3,33.5,33.9,32.9,33.1,32.8,32.4,32.4,32.7,33.1,33.5,33.0,32.7,33.8,34.5,33.6,33.8,33.7,33.3,33.9,33.4,34.9,35.0,34.8,35.1,35.1,35.2,33.7,33.5,33.4,33.4,34.3,33.0,33.5,33.2,33.2,33.7,34.0,33.5,32.8,32.0,33.0,32.7,33.7,32.8,33.8,33.3,32.6,32.7,32.6,33.8,34.2,33.9,34.5,34.0,34.6,34.5,33.3,34.5,33.8,33.0,33.3,33.8,33.3,34.0,32.9,33.1,33.4,33.1,33.4,33.3,33.0,33.2,33.4,33.7,33.2,33.1,33.8,34.6,33.4,33.8,33.9,34.3,32.8,33.6,34.0,34.7,33.8,33.8,34.3,33.8,35.1,32.9,34.3,33.4,33.7,33.0,33.8,33.4,33.2,32.7,33.5,33.1,33.6,33.1,33.4,34.3,32.8,33.0,33.7,34.7,33.6,33.2,32.0,32.7,33.3,33.6,34.3,34.4,33.7,33.2,33.7,34.7,34.4,33.3,33.1,33.5,33.6,33.5,33.3,34.3,33.4,33.5,33.2,33.8,33.2,33.5,33.4,34.1,34.1,32.5,33.4,34.9,32.6,33.4,33.5,33.5,33.7,34.9,35.1,34.0,33.6,34.2,34.3,34.6,34.5,34.0,33.7,33.2,34.3,33.7,32.7,34.0,33.2,33.5,33.7,33.4,34.0,32.7,33.9,32.9,34.1,32.7,33.8,33.5,33.8,33.7,33.6,33.9,33.8,34.2,34.1,33.5,34.7,34.4,34.4,35.2,34.7,nan,33.1,33.3,32.1,33.7,34.0,34.6,33.6,33.9,33.2,33.8,32.7,33.2,33.1,33.9,33.8,34.2,33.8,34.6,32.6,33.6,33.5,33.9,33.5,34.2,34.2,35.1,34.3,34.1,33.5,33.9,34.2,34.1,33.2,34.0,33.5,33.5,33.3,34.0,33.2,33.2,33.6,34.1,33.4,33.9,33.5,33.9,33.1,34.1,34.4,34.5,34.3,33.6,34.4,33.5,34.2,33.4,34.8,34.6,33.9,34.1,32.7,34.7,34.3,33.3,34.2,34.3,34.3,33.3,33.6,34.5,33.9,33.1,33.0,34.3,33.5,33.5,33.8,33.7,33.0,34.9,33.5,34.8,34.2,33.8,33.7,33.7,33.1,34.1,33.7,34.6,34.7,33.7,34.3,35.2,34.3,33.7,34.5,33.6,34.9,34.0,34.1,34.2,33.3,33.8,32.4,32.9,33.4,33.4,34.4,33.7,34.1,33.4,33.9,34.6,33.8,33.2,33.9,34.1,33.2,34.7,34.8,34.6,34.4,34.4,34.4,35.3,33.9,33.6,32.7,34.3,33.8,33.3,33.2,34.3,32.0,34.1,32.8,34.6,32.9,34.0,34.3,34.6,34.3,34.3,34.0,35.7,33.2,33.2,34.5,34.3,33.4,33.7,34.8,34.4,34.0,34.1,33.8,33.9,33.8,33.7,33.8,33.6,33.3,32.9,34.3,34.3,33.3,33.3,34.7,34.1,33.6,32.6,34.4,34.1,34.6,34.4,35.7,35.3,33.7,33.2,33.3,34.2,33.6,33.4,33.5,34.3,33.6,33.8,33.6,33.5,34.0,33.5,33.6,33.1,33.3,33.2,33.8,34.2,33.6,33.5,33.9,34.7,33.9,34.1,34.0,35.1,33.1,34.7,34.3,36.5
1785307151.775208,2289,33.7,31.6,33.5,33.2,33.4,31.7,33.1,32.8,34.0,32.9,33.3,32.6,34.2,32.3,33.8,33.4,33.2,32.2,34.1,32.7,33.4,33.3,32.9,33.3,33.5,32.9,33.6,34.3,35.1,33.8,33.4,32.5,32.2,33.7,32.4,32.9,33.3,34.2,32.7,34.1,33.0,33.2,33.0,33.0,32.4,33.0,32.9,33.5,32.4,33.2,32.7,33.7,32.4,33.7,33.4,34.2,33.6,33.8,33.7,33.1,33.2,33.7,33.2,34.2,35.1,33.6,33.2,34.1,34.0,32.3,33.8,32.1,34.1,31.9,32.7,33.3,33.7,32.6,33.1,33.3,33.2,32.7,32.8,34.3,33.0,33.2,32.7,33.5,33.4,33.5,32.5,32.6,33.6,32.5,34.4,32.8,33.5,34.3,33.5,34.4,32.0,33.1,33.2,33.4,33.3,32.9,32.4,33.7,32.7,33.4,33.4,33.4,33.3,33.3,33.4,33.1,31.9,33.8,32.3,33.6,32.8,33.0,32.9,32.6,32.7,33.4,33.8,34.3,33.7,32.5,33.9,33.6,32.8,33.3,33.1,33.2,34.0,32.4,33.3,33.2,33.6,32.6,32.9,32.4,33.6,33.0,33.0,33.7,33.6,32.4,34.0,33.6,33.0,33.2,33.8,34.5,33.6,32.6,33.6,33.8,33.8,34.4,33.4,32.8,31.0,33.6,33.6,33.7,32.6,33.6,32.7,33.4,33.3,33.0,33.5,33.7,32.6,33.8,32.8,33.7,32.5,34.0,33.2,33.5,32.7,33.6,32.7,33.8,33.3,33.3,32.6,33.2,33.5,32.6,33.8,33.0,33.4,33.2,34.4,33.3,33.7,33.5,32.7,33.3,33.8,32.2,33.3,33.5,33.2,32.6,32.7,32.8,34.0,33.2,32.4,32.6,33.2,32.8,32.6,32.8,34.4,33.9,34.1,34.5,32.7,34.0,34.1,33.8,33.1,34.0,34.1,33.9,34.5,34.5,33.4,33.4,31.8,33.2,33.1,33.8,32.5,33.7,32.6,33.3,32.9,33.1,33.8,33.3,33.0,33.9,33.4,33.7,33.5,33.7,33.6,33.9,34.0,32.8,33.2,34.7,34.7,34.5,34.2,35.3,36.6,34.6,33.3,33.6,34.3,32.6,33.1,33.7,33.5,33.3,32.7,33.7,34.2,32.9,33.5,33.8,33.4,33.0,34.0,33.1,33.7,32.6,33.3,33.8,33.1,34.7,33.6,34.4,32.6,34.2,33.8,34.7,36.2,34.8,33.8,33.7,32.8,33.1,32.6,33.9,32.8,33.9,32.9,33.1,32.6,34.1,32.4,32.8,32.2,33.4,33.1,34.1,33.4,33.6,33.2,33.1,34.0,33.5,34.7,33.5,34.5,33.7,33.9,34.8,36.4,35.1,33.9,34.8,33.5,33.1,34.0,33.4,33.9,33.1,32.6,33.6,33.6,33.1,34.0,33.2,34.3,32.5,33.6,33.9,33.8,32.5,33.6,34.1,33.1,33.7,33.8,34.0,32.5,33.9,35.7,35.7,34.1,36.1,34.9,34.6,33.2,33.0,33.2,33.8,32.2,33.5,32.9,33.8,32.3,33.3,33.5,33.3,32.0,33.9,33.3,33.4,32.7,32.7,34.1,33.2,34.3,33.7,34.2,34.5,34.1,33.7,34.3,34.9,35.0,34.3,34.1,34.3,33.9,33.4,32.9,34.4,33.7,32.8,34.0,33.8,33.9,32.8,33.2,33.4,33.1,32.2,34.3,33.5,35.2,32.7,33.6,33.8,32.1,33.6,34.3,32.9,33.6,34.3,34.4,33.7,34.2,34.0,34.5,35.4,33.2,32.9,33.8,33.0,33.2,33.7,32.5,33.6,32.7,33.6,33.9,33.6,32.4,34.1,33.1,34.1,33.4,33.5,33.5,34.6,33.9,33.7,34.0,33.2,34.3,34.1,34.4,35.1,34.6,33.0,34.2,34.4,35.0,33.1,33.6,34.1,33.9,32.5,34.0,33.8,34.3,32.4,34.7,32.7,34.0,32.5,33.4,33.6,33.8,33.3,33.4,34.2,32.4,34.1,33.7,34.3,33.2,33.6,35.1,35.1,33.3,34.0,33.4,33.9,34.3,33.7,34.1,34.2,32.9,34.3,33.9,33.7,32.8,33.2,33.4,34.0,33.2,34.1,33.1,34.4,32.9,33.5,34.7,33.7,33.9,32.6,34.6,33.4,33.7,34.0,34.1,33.4,34.8,33.3,33.2,33.9,35.4,33.4,33.7,33.3,33.4,32.9,33.4,34.4,33.2,33.7,33.3,33.7,34.2,32.8,33.6,33.0,34.3,32.4,34.2,33.8,33.3,34.2,33.1,33.9,33.1,34.7,34.2,34.4,33.6,34.9,34.6,34.3,33.7,nan,33.8,33.3,32.7,33.7,33.9,33.7,33.1,34.1,33.8,33.1,33.1,33.2,32.6,33.8,33.0,34.4,33.9,34.1,34.2,32.8,33.2,34.0,33.7,33.7,34.1,35.0,33.6,33.6,33.5,34.4,34.7,34.0,32.7,33.6,33.2,32.6,33.7,33.9,33.5,33.4,33.1,33.0,33.5,32.6,33.9,33.7,33.9,33.0,34.1,34.0,32.6,34.1,34.1,34.2,33.1,34.0,34.9,34.5,34.0,34.3,34.8,35.3,34.8,34.6,33.0,34.5,32.9,33.8,33.5,32.9,32.2,34.1,34.1,34.1,32.7,34.1,33.5,33.2,32.9,34.2,34.6,34.6,35.0,33.0,33.6,34.0,34.1,33.3,34.3,34.5,34.4,34.1,35.0,34.9,34.4,33.4,33.8,33.5,34.1,33.2,32.8,33.5,34.0,32.9,33.7,33.7,32.9,32.3,33.9,33.6,35.1,33.5,32.3,34.8,33.3,33.4,35.5,34.4,33.5,33.6,33.4,34.5,33.9,34.5,33.8,35.1,33.1,33.6,34.8,34.4,32.8,33.2,34.3,34.0,33.3,34.8,33.2,34.3,31.7,33.9,33.2,34.8,33.8,35.2,34.1,34.8,34.2,32.7,34.4,34.6,35.7,32.6,33.7,34.5,35.4,34.2,34.7,34.7,34.7,32.9,34.2,33.7,34.2,32.8,34.0,33.7,34.2,32.3,34.7,33.4,34.2,33.8,33.9,35.0,34.3,33.4,35.1,35.7,33.6,34.8,34.5,34.0,34.1,34.7,33.6,34.0,33.7,34.5,34.6,34.0,34.1,33.9,33.9,33.7,32.8,33.5,33.7,33.7,32.4,33.3,33.8,34.9,33.3,34.1,34.3,34.4,33.0,33.9,34.4,35.4
1785307153.9261603,2290,33.8,33.5,32.8,32.5,34.9,32.1,33.0,32.5,33.5,32.3,31.5,31.8,32.8,32.7,33.3,32.5,32.8,31.8,33.1,33.4,33.5,32.5,32.6,31.5,33.0,32.1,32.4,33.0,32.0,32.4,33.0,33.8,31.4,33.3,33.9,33.2,32.4,32.7,33.4,32.7,33.1,33.3,32.2,32.4,34.2,32.4,33.3,32.1,32.3,32.7,32.9,33.3,31.8,32.7,31.5,33.2,33.4,32.9,32.2,32.6,33.0,33.3,33.9,33.0,33.9,33.0,33.3,32.3,33.3,33.0,33.1,32.1,34.0,31.9,33.0,33.1,32.7,33.1,32.9,32.8,33.1,32.5,32.9,32.8,33.3,32.9,32.4,33.3,32.6,32.3,33.6,32.9,33.5,32.0,32.7,34.9,32.5,33.7,32.6,32.9,32.4,33.6,32.6,32.5,32.5,32.5,32.4,32.5,32.0,32.5,32.3,32.5,31.6,33.2,33.2,33.2,31.5,32.8,33.3,31.7,33.3,33.5,32.1,32.9,32.7,32.6,33.1,33.4,33.1,33.4,32.7,33.3,33.7,31.7,32.8,32.8,32.8,32.9,32.5,32.9,32.6,32.1,33.5,32.6,33.0,32.3,33.0,33.1,33.7,32.6,32.4,32.5,33.3,32.3,32.3,33.5,32.9,31.9,32.1,33.5,33.8,31.8,32.9,32.7,33.2,32.5,33.6,32.8,32.4,33.5,33.2,32.5,32.0,32.9,32.8,33.1,32.2,32.3,32.8,32.9,32.7,32.9,33.6,32.7,32.2,32.6,32.7,33.5,32.5,33.0,31.7,33.3,34.9,32.1,33.1,34.1,32.3,32.3,33.2,33.7,33.1,32.7,33.1,32.1,33.4,31.8,33.1,33.2,33.0,31.8,32.4,32.2,34.1,32.2,32.3,32.4,32.3,31.7,33.2,33.0,32.0,32.7,34.6,32.8,32.7,33.0,33.3,32.5,32.0,33.4,32.8,33.3,33.6,34.2,33.8,32.6,32.7,32.8,32.4,32.6,32.2,32.6,33.1,32.9,32.6,33.0,33.0,32.9,32.5,33.5,32.4,33.0,32.6,33.4,32.7,33.2,33.0,32.3,33.1,33.5,32.8,32.7,34.0,34.3,35.7,35.4,33.2,32.9,32.8,32.7,32.2,32.7,33.9,32.3,32.9,32.5,33.3,32.6,32.8,32.8,32.7,33.3,32.0,34.3,33.6,33.0,33.0,32.6,33.7,33.8,32.4,33.1,33.2,32.5,32.9,34.2,35.5,35.6,33.1,32.8,32.3,32.4,33.5,32.9,32.3,33.1,33.2,33.2,33.6,33.2,32.5,32.3,32.5,33.0,32.9,32.7,33.2,33.1,32.0,32.8,33.5,33.0,33.6,33.3,33.2,33.1,33.4,33.8,35.5,35.1,34.7,33.7,33.3,32.1,32.6,33.3,33.6,33.3,32.7,31.3,32.9,33.2,32.9,33.9,33.5,32.7,32.8,32.8,33.9,32.7,32.1,33.7,32.3,33.6,33.2,33.3,32.8,34.5,34.0,34.6,34.9,35.1,34.2,34.0,33.6,32.8,32.3,33.1,33.0,32.9,33.7,33.7,31.7,32.9,32.9,31.8,32.3,33.5,32.6,33.1,32.7,32.5,32.3,32.3,32.9,32.2,33.1,33.0,33.3,32.6,34.0,34.8,34.6,35.1,34.2,33.1,34.0,32.4,32.9,34.7,34.0,33.2,32.8,33.6,34.2,32.9,32.8,33.2,33.7,32.7,33.1,33.7,32.9,32.9,32.7,34.0,31.9,32.8,32.3,33.0,33.4,33.1,35.4,33.4,34.2,34.1,34.0,34.8,33.3,34.4,33.0,33.1,32.5,32.7,33.1,33.1,32.3,32.9,33.3,32.6,33.5,33.0,33.3,33.1,33.4,33.2,33.1,33.9,33.8,33.7,33.1,33.2,33.7,33.3,34.5,34.4,33.9,33.5,33.0,33.9,34.5,33.2,32.7,32.6,33.2,32.4,33.0,34.4,33.5,32.9,32.6,32.7,34.1,32.8,33.1,33.8,33.1,32.5,33.5,34.4,33.0,33.7,33.7,33.5,32.6,33.5,34.6,35.3,32.7,33.2,33.4,33.4,34.1,33.6,33.0,33.5,32.5,33.8,33.5,33.5,32.6,32.8,33.3,32.4,31.9,32.3,33.1,33.8,33.6,34.0,33.1,33.4,34.2,32.6,32.5,34.0,33.8,32.8,33.9,34.1,34.7,33.3,33.8,34.7,33.8,31.8,33.1,33.2,33.6,33.1,33.2,33.9,32.8,33.6,31.9,33.0,32.4,32.8,33.0,33.1,33.7,33.9,33.7,34.4,33.1,32.8,32.9,33.4,32.6,33.6,33.8,33.4,34.1,34.0,33.2,34.0,34.3,nan,33.3,33.1,33.0,33.5,32.1,33.6,32.5,34.2,33.6,33.6,32.9,33.0,33.3,32.8,32.4,33.2,34.1,33.6,33.9,32.2,33.3,32.8,33.1,32.8,32.7,35.4,35.1,34.1,33.8,35.0,33.7,32.5,33.0,32.9,33.2,31.9,33.0,33.6,33.5,32.9,32.7,33.1,33.4,32.4,33.3,33.5,33.2,33.2,34.2,33.7,33.3,32.9,33.7,33.3,32.8,33.4,33.8,33.7,34.1,34.5,34.5,35.2,32.4,32.9,32.8,33.1,33.2,32.8,33.2,34.1,32.5,32.9,33.4,33.7,33.6,32.9,33.5,33.6,32.5,33.7,33.1,33.9,33.9,32.1,32.4,34.0,33.4,32.1,32.9,34.1,34.5,33.8,33.9,33.8,34.1,32.7,33.9,33.2,33.8,32.8,32.9,33.7,33.6,33.0,33.8,33.1,32.8,32.3,33.1,32.1,34.0,33.3,34.9,34.3,33.0,33.1,33.6,33.4,32.5,33.5,34.5,33.9,33.7,33.7,32.9,34.9,34.0,33.4,32.2,34.3,33.5,34.1,33.4,33.6,32.6,33.7,34.6,32.6,33.0,33.6,33.4,33.2,33.0,33.7,34.7,34.5,33.4,32.9,33.4,33.9,33.6,33.2,32.3,34.3,34.1,34.3,34.1,34.4,32.8,32.8,33.2,32.1,33.4,33.0,32.5,33.1,33.9,33.5,32.0,33.9,34.4,33.2,33.6,33.2,33.1,33.8,33.9,35.0,32.9,33.6,34.0,33.7,32.9,33.2,32.6,34.3,33.3,33.2,34.0,33.8,33.9,32.9,32.8,32.0,33.1,32.9,32.8,33.8,32.9,33.1,32.8,33.2,33.2,32.9,33.3,34.1,33.4,34.4,35.0,35.1
1785307156.1334558,2291,32.4,33.6,34.4,33.6,33.8,32.9,33.4,32.2,31.9,32.8,34.2,32.9,32.0,33.9,32.7,33.1,32.4,32.8,32.7,33.6,33.3,33.2,33.0,32.8,33.4,33.8,34.1,33.3,34.1,33.0,33.7,33.4,34.4,33.8,33.7,33.3,33.0,32.5,32.2,32.5,33.7,33.1,33.1,34.5,32.9,34.2,32.8,33.8,33.1,32.9,33.9,32.9,33.4,32.9,32.8,33.4,31.9,32.3,32.9,34.8,34.2,33.4,33.0,34.8,34.7,33.9,33.5,34.2,32.4,33.1,34.3,33.8,32.7,33.1,34.3,32.7,32.3,32.9,33.4,32.7,32.4,33.3,33.1,32.6,33.1,33.1,33.2,32.7,33.3,33.2,34.4,33.3,33.7,33.4,33.6,34.5,34.5,32.7,34.3,34.5,33.5,33.8,33.1,34.0,33.2,33.0,32.3,34.0,32.8,33.5,32.3,34.4,32.7,33.2,32.5,33.6,33.0,32.7,32.4,33.7,34.0,33.5,32.8,33.5,33.8,33.1,33.5,34.6,34.3,34.0,34.3,33.6,33.5,33.0,34.0,32.5,33.2,33.2,32.9,33.5,32.7,33.0,33.0,34.4,33.2,32.7,33.5,33.1,33.2,33.7,33.6,32.6,33.3,33.3,33.1,33.8,33.5,33.7,34.6,34.3,33.9,33.9,34.3,34.2,33.3,33.1,31.8,33.6,33.5,33.7,33.7,33.2,32.8,32.3,32.9,33.1,33.5,33.5,32.7,33.6,33.5,33.3,33.5,33.7,33.5,33.0,33.7,33.9,33.4,33.0,32.0,34.0,32.5,33.8,33.9,33.3,33.3,33.9,33.2,33.8,32.4,33.8,33.7,32.8,33.6,32.7,33.9,33.9,33.6,34.1,33.4,33.5,33.6,32.6,33.2,33.4,33.5,32.1,33.4,32.9,34.1,33.0,33.8,33.5,33.3,33.3,33.4,34.7,34.0,33.0,34.4,34.2,33.0,32.9,33.5,33.8,33.0,33.3,33.3,34.3,33.8,33.2,32.8,34.0,33.7,32.8,32.9,34.0,32.7,33.5,32.7,33.6,33.6,32.7,33.0,33.2,33.5,34.3,34.5,34.2,35.0,35.3,33.5,33.3,32.9,32.5,33.5,33.2,32.5,33.2,33.6,33.0,33.0,33.5,34.2,33.0,33.0,33.3,33.6,32.8,32.5,33.3,33.4,33.3,33.6,32.7,33.5,33.1,32.8,33.4,33.9,34.9,35.5,35.8,33.2,33.5,33.5,33.8,33.9,33.8,33.4,33.7,34.0,34.0,32.9,33.7,33.7,33.6,33.4,33.1,32.6,34.5,32.5,33.3,34.3,32.9,33.5,33.5,33.7,33.7,33.5,33.7,34.6,34.6,34.8,35.4,34.7,34.7,32.9,34.1,33.0,33.6,33.1,33.2,33.4,32.9,33.7,34.1,33.6,33.2,34.0,33.8,33.4,33.3,32.9,32.4,33.3,32.9,33.1,33.0,34.1,32.8,33.0,33.6,33.1,36.3,35.4,35.1,34.9,35.0,34.3,33.5,33.6,34.4,33.9,32.1,33.5,33.6,32.5,33.1,33.4,33.4,33.4,33.1,33.0,33.9,32.9,33.2,32.9,33.3,33.9,33.0,33.0,34.3,32.7,34.6,33.9,35.2,34.4,35.4,34.9,34.5,34.2,33.8,33.4,33.7,32.8,32.9,33.5,33.2,33.4,33.8,33.6,33.4,33.4,32.9,33.6,33.8,32.4,32.1,34.0,33.9,33.0,32.4,34.3,34.5,34.5,33.7,33.6,35.1,34.2,34.9,33.1,34.6,34.5,34.0,32.8,35.2,33.6,32.7,32.5,33.3,33.2,33.8,33.9,33.3,33.7,33.4,33.0,33.7,33.5,33.2,32.8,35.2,33.7,33.9,33.0,33.7,33.4,33.6,35.0,33.7,34.0,33.8,35.1,34.4,35.1,34.3,33.6,33.6,33.8,33.8,33.5,33.5,33.1,33.3,34.1,34.2,33.3,33.5,33.6,33.0,32.8,33.8,33.5,33.4,33.3,32.8,35.1,33.5,34.4,33.1,34.2,34.4,34.3,34.9,34.2,34.7,34.2,34.6,33.9,33.2,32.9,33.4,33.1,33.3,33.3,33.1,33.5,34.6,33.7,33.0,33.5,33.9,34.0,33.7,33.0,34.4,33.2,33.4,34.2,33.8,34.5,33.3,34.3,34.5,33.4,33.0,34.0,34.4,34.6,34.9,34.3,33.5,33.8,33.2,33.8,33.5,33.2,33.7,33.8,34.5,32.8,33.3,34.3,32.9,33.3,33.1,34.6,33.6,33.7,33.5,34.3,33.3,33.4,33.9,33.2,34.0,34.3,35.0,33.4,34.1,35.0,34.4,33.3,34.2,33.0,nan,33.2,33.9,33.7,34.1,32.9,33.9,33.4,33.4,32.8,34.1,33.0,34.0,33.6,33.7,32.9,33.0,33.8,34.8,33.7,34.4,35.3,34.9,34.0,34.3,35.7,34.6,34.3,34.6,33.2,33.3,32.8,32.7,34.0,33.3,33.8,33.0,34.3,34.0,33.8,33.7,32.9,33.8,33.2,33.6,34.4,34.3,33.4,34.4,34.6,34.1,34.3,32.9,34.2,34.5,34.7,33.9,33.4,35.6,34.7,33.7,33.0,34.0,33.3,32.5,32.7,34.6,33.8,33.3,33.3,33.1,33.9,33.9,33.4,34.2,34.2,33.5,33.8,34.2,33.3,33.7,34.7,33.7,33.9,34.8,34.9,33.7,35.0,34.9,34.1,34.6,33.9,34.6,33.3,34.4,33.8,34.5,33.2,33.1,34.5,32.9,33.6,32.4,33.6,33.8,33.9,32.1,33.9,34.1,34.6,33.1,34.6,33.6,36.4,34.6,34.7,33.5,34.1,35.1,34.2,34.5,35.7,35.1,35.1,33.5,32.3,33.5,33.8,32.9,32.9,34.8,33.6,33.6,33.0,34.1,33.4,32.9,33.7,34.3,33.5,33.1,33.1,34.2,33.5,33.5,33.8,35.4,32.9,33.7,34.5,33.6,34.4,34.5,35.8,34.2,34.5,34.1,34.3,33.6,32.9,33.9,33.9,33.6,33.4,34.5,34.3,32.7,33.0,33.3,34.5,33.7,33.7,33.5,34.4,32.9,33.3,34.6,35.2,34.6,34.7,32.9,33.3,34.8,33.4,33.0,33.1,34.9,34.1,34.5,33.4,34.1,33.8,33.5,33.6,34.1,33.4,33.6,34.1,34.9,33.4,33.2,32.6,33.7,34.1,34.1,33.0,34.7,34.2,34.6,34.2,35.5
1785307158.1864743,2292,33.4,33.3,31.2,33.2,33.6,33.5,33.5,32.3,33.0,31.9,31.9,33.0,33.8,32.7,32.6,32.5,33.0,33.1,32.8,32.7,32.5,32.5,31.1,32.3,33.1,33.5,32.5,33.9,34.0,32.7,33.9,34.0,33.2,33.7,34.3,33.4,34.2,32.4,33.8,32.4,32.6,32.4,33.4,32.1,32.8,32.3,32.9,33.3,33.7,32.1,32.7,33.4,33.7,33.0,32.9,32.3,33.8,33.2,33.2,33.1,33.9,32.8,33.6,33.2,33.8,34.0,33.9,34.1,32.7,33.2,32.8,32.9,33.5,33.0,32.7,31.5,32.6,33.1,32.3,32.6,33.0,34.1,31.9,33.4,32.6,33.0,33.1,33.4,31.7,33.1,32.5,32.8,32.8,32.3,32.6,33.7,34.0,33.4,33.0,32.6,32.6,33.5,33.0,32.8,33.4,33.5,33.5,32.4,32.5,33.4,32.9,32.2,33.3,33.5,33.1,32.9,32.4,33.4,33.3,32.3,32.4,32.8,32.9,32.8,34.2,32.7,33.1,33.1,32.5,33.2,32.8,34.0,32.0,33.3,33.5,32.8,32.0,33.7,33.1,32.5,32.9,32.9,32.2,33.4,33.6,33.0,32.4,33.1,34.4,33.6,32.6,33.4,32.5,32.5,33.9,32.3,33.1,33.4,32.7,34.0,33.1,33.3,33.8,33.5,33.8,33.4,32.8,32.9,33.1,33.2,32.7,31.7,33.2,33.2,33.5,33.5,33.2,33.0,33.5,33.0,33.5,32.6,33.6,33.3,33.4,32.5,33.1,33.6,32.1,33.7,33.9,33.2,33.9,33.7,33.0,32.8,32.8,34.0,33.1,33.1,33.3,33.2,33.0,33.8,32.2,32.3,33.5,33.3,33.2,32.6,32.6,32.9,33.5,32.9,32.2,33.1,32.5,33.6,33.5,32.2,33.3,33.5,32.4,33.2,33.2,32.7,33.5,32.1,33.5,34.0,34.3,33.4,33.4,33.1,32.9,32.3,32.1,33.2,32.4,32.9,33.0,33.1,33.4,33.3,33.3,33.5,33.0,33.2,33.2,33.5,32.6,32.5,33.5,32.6,32.5,33.1,32.5,33.2,33.0,33.7,33.8,34.5,35.3,35.1,33.3,32.9,33.3,33.8,32.1,33.5,32.7,33.4,32.6,32.8,32.8,33.2,32.9,32.6,32.5,32.5,33.4,32.7,33.0,33.6,32.0,32.4,31.9,34.0,33.1,33.9,33.6,33.4,33.7,34.4,35.7,33.1,34.1,32.7,33.0,33.5,32.8,32.1,33.4,33.1,32.0,32.6,33.4,34.1,32.8,33.1,33.7,33.3,33.4,32.5,33.1,31.9,33.6,32.8,33.4,32.5,33.6,34.1,33.3,34.1,34.0,34.4,33.8,34.8,33.1,33.3,33.1,32.9,32.1,33.6,33.5,32.8,33.7,33.7,33.2,32.8,32.9,32.7,33.6,33.9,33.3,33.4,32.5,33.7,34.5,32.7,32.8,33.1,34.2,34.5,34.0,33.8,34.6,34.6,33.8,33.8,33.9,33.7,32.5,32.8,33.0,32.8,33.6,33.5,33.5,34.2,33.3,33.9,33.3,34.1,32.2,33.9,33.7,33.1,32.6,32.9,33.5,32.9,33.5,32.2,32.2,33.3,33.8,35.3,34.1,34.6,34.1,34.6,34.3,34.2,32.5,33.2,33.2,33.2,33.4,33.1,32.8,32.6,33.5,34.2,33.4,33.8,32.4,32.7,33.3,33.4,32.8,32.0,33.9,33.1,32.4,33.6,33.4,34.0,33.7,34.4,34.3,34.1,34.2,33.5,35.2,33.6,33.5,33.4,32.5,32.9,33.0,32.9,33.1,33.8,33.6,33.3,33.5,33.1,33.1,32.4,33.4,31.9,33.3,33.9,33.3,32.9,34.1,33.4,32.6,33.9,33.6,34.7,33.9,33.7,33.4,34.1,34.6,34.2,33.2,32.9,33.2,32.6,32.9,33.3,34.2,33.2,33.0,32.6,34.2,31.9,33.5,32.5,33.2,32.3,33.9,33.3,33.2,33.6,33.8,33.2,34.3,33.4,32.9,34.5,33.9,33.1,34.4,34.7,33.6,34.4,33.6,33.4,33.7,32.4,33.3,31.9,34.3,32.9,33.2,32.9,33.8,33.3,32.9,33.5,33.4,32.9,33.3,33.6,33.3,32.6,33.5,33.3,33.5,35.5,33.6,34.6,33.9,33.9,34.8,34.1,34.3,35.1,33.3,34.4,33.5,32.3,33.0,32.8,33.4,33.4,32.4,34.2,33.2,33.1,33.5,33.5,33.0,33.8,33.6,34.2,34.1,34.0,33.8,34.0,33.3,33.8,33.9,33.3,34.6,33.3,34.6,33.1,34.8,33.6,33.9,33.3,33.4,nan,33.1,33.2,33.0,33.4,32.8,33.2,33.5,33.5,33.9,33.1,33.1,33.2,33.7,33.4,33.5,33.6,33.7,34.1,33.6,34.3,33.4,35.4,33.9,33.7,34.5,35.0,34.8,34.8,32.6,34.7,32.6,33.7,32.9,33.6,32.9,32.9,33.7,33.6,32.7,33.2,33.1,33.1,33.5,32.7,33.6,33.5,33.9,33.0,34.5,33.8,33.3,33.9,33.9,33.6,33.9,34.0,34.6,34.1,34.5,34.1,34.0,32.7,33.9,32.7,33.3,33.0,33.5,33.0,34.2,33.7,33.8,33.5,33.1,34.0,32.9,34.1,33.5,34.1,33.1,33.8,34.0,34.8,33.6,34.1,33.2,34.8,33.5,35.9,34.7,35.4,34.0,35.0,33.8,32.9,34.2,32.9,32.3,33.5,33.2,33.2,32.9,34.4,33.7,33.5,31.1,32.8,33.3,33.8,33.3,34.2,33.7,33.1,34.6,34.1,33.3,33.4,34.8,34.4,34.5,34.0,33.8,33.4,34.4,33.8,33.5,33.2,33.0,33.1,33.5,33.7,33.3,33.5,33.8,33.7,33.4,34.0,33.6,33.1,33.2,32.8,34.0,33.7,32.8,33.8,34.9,34.0,34.0,32.9,34.2,33.7,33.9,34.0,33.1,33.9,34.2,34.5,34.0,32.6,33.6,33.5,33.3,34.0,33.5,33.5,32.9,34.6,33.6,33.2,33.6,33.4,33.2,33.6,34.3,33.4,34.9,33.6,34.9,34.5,33.4,33.7,33.4,33.8,34.9,34.5,33.2,34.2,34.6,34.3,33.9,32.6,33.5,33.5,33.2,35.2,34.2,33.2,33.8,34.2,34.2,33.1,33.6,34.4,33.4,33.2,33.5,33.2,33.0,34.5,32.8,35.4
1785307160.2755961,2293,35.1,33.6,32.6,32.8,33.1,33.6,33.8,31.8,32.5,33.2,32.6,32.3,32.2,32.4,32.0,33.9,33.0,32.1,33.1,33.0,33.1,32.0,32.8,33.0,32.4,31.8,33.5,32.9,33.4,33.0,34.5,31.8,32.0,33.0,33.2,33.5,32.5,33.2,32.6,32.5,33.8,33.5,32.7,32.9,32.1,32.3,34.1,33.2,31.6,33.1,33.0,32.2,33.0,31.9,33.1,33.2,33.5,33.9,33.5,32.8,34.2,34.5,34.5,34.3,34.9,32.6,33.7,32.6,33.2,33.0,33.1,32.8,34.4,33.5,32.6,32.3,32.9,33.2,32.0,33.3,33.2,33.3,33.4,33.1,33.1,32.4,33.0,33.3,33.5,32.2,33.0,33.7,33.1,33.8,33.1,34.8,33.6,34.2,33.1,33.4,33.1,33.6,32.7,33.1,33.2,33.4,32.5,32.9,32.1,33.2,32.9,32.3,32.9,32.7,33.9,33.0,32.3,33.0,32.7,32.8,32.8,32.9,33.4,34.3,33.4,32.8,33.5,33.0,33.3,32.8,34.2,32.6,33.9,33.4,33.2,33.1,33.2,32.3,32.7,32.8,33.0,32.2,33.3,33.0,33.7,33.2,32.8,33.2,32.7,33.5,33.4,33.0,33.3,32.4,32.3,32.6,33.0,33.2,32.8,34.1,34.1,33.2,33.0,33.1,32.3,32.7,32.9,33.4,32.1,32.8,33.0,33.2,32.9,32.7,33.1,33.3,33.1,33.6,33.7,32.9,32.3,33.6,33.1,33.0,33.3,32.6,33.1,32.7,32.8,32.7,33.3,33.1,33.4,32.2,33.3,33.9,33.3,32.4,33.0,33.7,33.8,34.3,32.8,33.2,32.9,32.6,33.3,32.3,33.2,33.5,33.1,34.0,33.4,33.3,32.5,33.6,32.8,32.7,32.1,32.9,33.2,32.4,32.5,33.5,33.9,32.4,33.8,33.5,32.6,33.7,33.6,32.8,32.7,32.7,34.2,33.1,33.3,32.3,34.3,32.7,33.4,33.5,33.8,33.5,33.8,32.3,32.6,32.4,32.2,34.0,33.8,33.0,33.4,33.4,33.5,33.2,32.8,34.1,33.1,33.8,34.6,36.0,34.5,33.6,33.2,32.8,33.0,33.9,33.0,33.6,33.6,33.6,33.0,33.3,33.3,32.5,33.8,33.8,33.6,32.9,32.8,33.1,32.5,33.3,33.0,33.1,32.8,33.7,33.6,32.7,33.3,33.3,34.7,34.9,34.0,34.0,33.1,33.4,33.2,32.8,32.9,33.3,33.0,32.4,33.2,33.0,33.2,32.3,33.8,33.6,33.4,32.5,33.3,32.8,33.2,32.7,32.7,32.9,33.1,33.2,34.1,33.9,32.8,33.6,33.9,36.1,34.1,34.5,32.9,33.4,33.5,33.3,33.8,33.2,33.6,33.3,33.3,33.3,32.8,33.0,32.4,32.3,32.7,33.5,33.5,34.0,33.3,33.1,33.1,32.4,33.3,33.0,33.0,33.8,33.3,33.9,35.1,34.7,35.4,34.8,34.3,34.6,33.8,33.4,32.8,33.2,33.2,32.9,34.0,33.2,32.4,33.2,33.5,34.0,33.1,32.3,32.6,32.8,32.7,33.1,32.6,33.2,33.8,32.7,33.8,35.0,33.7,34.8,34.2,34.8,34.2,34.8,34.4,33.4,33.2,33.6,33.2,33.5,32.9,33.0,33.7,32.7,33.1,33.2,32.7,33.4,32.5,33.3,33.6,33.0,32.6,33.0,32.9,33.0,33.9,33.7,33.4,32.6,35.1,33.8,34.4,33.3,34.6,34.5,34.8,34.0,34.3,33.4,32.3,32.8,33.2,33.6,33.4,33.4,33.2,33.2,32.6,33.6,34.2,33.2,33.1,33.7,33.9,32.7,33.3,33.7,33.8,33.5,33.2,34.2,34.0,34.4,33.3,34.0,34.3,34.7,34.7,33.7,33.6,33.1,33.8,33.3,33.2,33.5,33.0,33.7,33.1,33.5,32.5,32.7,33.3,33.3,33.9,33.1,33.7,34.1,34.2,32.2,32.9,33.9,34.0,33.3,34.2,33.6,34.2,34.2,34.1,33.9,34.2,33.5,33.4,33.5,32.8,33.7,33.4,34.1,34.5,34.2,34.1,33.3,33.7,33.0,33.0,32.9,34.0,33.3,33.6,33.3,33.4,33.0,33.4,33.6,33.2,32.9,33.9,35.5,34.2,33.2,33.5,34.0,34.7,34.1,32.6,33.3,33.4,33.2,32.8,32.7,33.5,33.0,34.1,33.5,33.4,33.5,32.9,33.3,32.9,32.9,32.6,33.4,33.7,33.5,34.1,34.3,34.0,32.8,34.2,34.4,34.0,34.6,33.8,33.6,33.8,34.4,33.5,33.7,33.1,nan,33.2,32.8,33.9,34.1,33.7,33.6,32.9,33.9,32.8,33.5,33.5,34.2,34.0,32.6,34.3,33.3,34.2,33.3,34.5,34.2,33.5,35.3,33.4,33.2,34.4,34.7,34.1,33.7,33.2,33.2,33.0,32.6,32.8,33.6,33.0,32.7,33.8,33.2,33.1,34.5,32.9,33.7,32.8,33.6,33.7,33.7,34.9,33.7,34.4,34.9,33.0,34.2,33.6,34.1,34.2,34.8,34.3,33.6,34.0,34.4,34.1,33.7,33.3,33.1,33.9,32.9,33.8,33.9,33.4,34.0,34.1,33.6,33.7,34.0,34.0,33.6,33.2,33.4,33.3,34.3,34.1,33.9,33.7,33.5,34.9,34.3,34.6,34.7,33.3,34.2,35.1,34.4,33.1,33.7,33.4,33.0,33.2,34.1,34.0,33.3,33.5,33.4,33.2,34.0,33.6,32.8,34.1,33.7,33.1,33.3,33.4,33.6,33.6,34.2,33.1,33.3,33.7,33.4,33.8,34.3,34.2,34.4,34.5,34.0,33.6,32.6,33.7,33.4,34.4,33.8,33.4,33.6,32.6,32.7,33.9,34.1,32.4,32.4,33.6,33.6,34.1,33.6,34.3,34.5,34.2,34.3,33.1,33.9,34.0,34.9,33.7,35.1,34.4,34.2,34.3,33.9,32.8,33.4,33.7,33.6,33.9,33.8,34.2,33.4,33.2,33.9,32.8,33.4,33.5,33.9,33.9,32.9,33.6,33.5,32.5,33.5,34.1,34.8,33.9,33.8,34.8,32.8,33.8,35.0,34.3,33.1,33.9,33.9,32.9,32.9,33.4,34.0,32.9,33.8,33.2,33.6,34.1,34.3,34.1,33.2,32.9,33.5,33.2,33.9,34.2,33.9,32.9,34.0,34.2,35.0
1785307162.5282264,2294,34.5,32.7,32.7,33.2,33.4,31.9,33.5,31.2,34.0,32.3,33.3,32.7,32.5,32.9,33.0,33.6,33.2,31.6,33.5,32.3,33.4,33.1,33.1,31.9,33.1,32.7,32.7,33.2,33.5,33.1,32.6,31.2,33.0,32.1,32.1,33.6,33.3,32.6,31.6,33.0,32.3,33.2,32.4,33.0,31.5,33.0,32.5,33.5,32.2,32.8,32.5,32.8,33.5,32.9,33.0,32.7,32.0,33.4,32.6,34.0,33.8,33.0,32.4,33.9,34.0,33.3,34.1,33.0,32.5,33.1,32.8,31.9,33.5,32.2,33.2,32.7,32.9,32.2,32.6,31.9,33.3,33.2,32.1,31.9,33.0,32.9,33.6,31.3,33.8,32.9,33.1,32.7,34.0,32.9,33.2,32.3,33.4,33.3,33.5,32.1,32.4,32.8,31.7,32.9,31.3,33.5,32.6,32.8,32.2,32.9,32.7,32.7,32.8,34.1,32.5,32.9,32.9,33.2,32.8,33.9,32.4,33.3,33.7,33.2,33.1,34.2,32.7,34.2,33.7,33.4,32.8,33.1,33.4,31.5,32.9,32.8,33.3,32.8,32.0,33.0,33.4,32.3,33.7,32.1,33.6,33.1,33.2,33.1,34.1,33.3,32.4,32.0,33.3,32.8,32.4,33.5,33.5,32.1,32.9,33.3,33.0,33.3,32.2,33.2,30.5,32.8,32.1,32.7,32.2,33.7,32.7,32.6,33.1,33.3,33.1,33.2,33.8,33.7,32.1,33.2,32.8,33.0,32.7,32.9,32.9,33.2,32.7,33.7,33.2,33.0,33.2,33.2,35.3,32.3,33.4,32.2,33.2,33.4,32.7,32.4,33.8,33.3,32.0,33.1,33.6,32.1,33.3,33.1,33.5,32.7,32.5,32.7,33.3,32.3,33.1,32.6,33.4,32.4,33.3,31.7,32.9,32.1,32.2,31.7,33.2,33.1,33.7,32.1,33.7,35.1,33.7,32.7,32.4,33.9,32.8,33.3,33.1,32.7,33.5,33.1,32.6,33.2,32.2,33.7,33.6,33.5,32.1,32.8,33.0,33.0,31.5,32.3,33.5,33.5,33.6,32.4,33.8,33.6,33.0,33.3,35.6,35.2,33.9,33.7,33.6,34.1,34.2,32.8,32.9,32.6,32.6,33.2,34.6,32.9,33.0,32.5,33.0,33.0,32.8,33.1,32.4,33.3,33.1,32.9,33.7,33.0,33.1,32.6,34.1,34.5,34.0,34.0,34.8,36.5,33.9,33.1,34.5,35.3,33.0,33.8,32.6,33.6,33.5,33.6,32.8,33.3,32.9,34.2,32.3,33.0,32.2,32.7,32.5,33.4,33.3,33.2,33.2,32.8,32.8,32.9,34.0,33.4,34.5,33.9,35.4,35.1,34.4,33.6,34.3,33.5,33.7,33.7,32.5,32.6,33.0,33.1,34.0,32.5,32.9,32.9,33.2,32.4,32.8,33.5,32.6,32.5,33.4,32.8,33.7,33.4,34.0,32.9,33.5,33.5,34.6,34.6,34.4,35.1,34.3,33.3,34.4,34.3,33.2,33.4,33.1,33.4,32.6,32.0,32.4,34.1,32.4,33.3,33.3,33.8,32.8,33.2,32.3,33.6,32.1,33.5,33.4,32.9,32.7,32.2,34.5,33.2,34.3,34.5,35.1,34.7,34.4,34.2,34.8,34.0,34.4,32.6,33.4,32.3,33.2,33.9,34.0,33.1,33.5,33.3,33.9,33.2,33.2,32.5,33.3,33.2,32.6,33.6,32.8,33.0,34.2,32.4,33.1,34.1,33.6,33.8,34.1,35.0,34.3,34.0,33.9,33.2,33.9,33.7,32.5,33.5,33.1,33.0,33.3,33.3,33.1,32.8,33.6,33.5,33.4,33.1,33.3,32.9,33.6,33.5,33.6,33.1,34.6,33.8,33.9,33.9,34.1,33.2,33.7,33.9,34.9,33.0,34.1,33.1,33.2,32.2,33.4,33.1,33.5,32.9,33.7,32.1,33.0,32.3,33.0,33.5,33.0,34.0,32.8,33.2,33.0,33.4,33.9,32.3,34.6,32.2,33.2,34.0,32.9,34.1,34.0,33.9,34.4,34.2,33.1,33.2,33.1,32.4,32.3,33.5,32.6,33.0,32.8,33.5,33.2,34.0,33.4,34.1,33.4,33.3,33.4,32.9,33.1,33.7,32.9,33.1,32.7,34.1,32.8,33.0,34.0,32.8,33.3,33.7,34.3,33.0,34.4,32.6,32.7,32.3,33.7,32.7,34.3,32.6,34.0,32.6,33.4,33.2,33.5,33.6,33.3,33.0,33.7,32.3,33.0,33.1,33.6,33.0,32.6,33.6,32.4,33.3,31.9,33.7,35.1,34.3,33.1,33.8,34.2,33.9,31.7,33.4,32.5,nan,32.3,33.3,32.5,33.8,32.9,33.3,33.0,33.4,32.9,32.9,33.8,33.4,32.4,33.9,33.3,34.0,33.9,33.8,33.7,33.7,33.6,33.2,34.1,33.3,34.3,35.0,34.1,33.3,34.1,33.5,32.9,32.5,33.4,33.0,33.0,32.2,34.2,32.4,33.2,33.2,32.9,32.4,32.9,32.9,33.7,33.3,33.5,33.4,34.5,33.5,32.6,34.3,33.5,33.2,34.1,34.9,34.2,34.8,33.8,33.7,33.3,33.6,33.5,33.2,32.8,33.4,33.5,34.1,32.3,33.3,33.0,33.8,31.8,33.2,33.0,33.5,33.8,33.9,33.6,33.8,33.1,33.4,33.8,34.1,34.2,33.3,34.3,34.2,34.3,34.7,34.0,33.8,33.6,32.6,33.3,32.3,33.5,32.8,33.4,33.5,34.0,34.2,32.9,33.4,32.6,32.9,33.4,32.9,34.1,33.0,33.9,33.7,34.6,34.5,32.6,33.2,32.7,33.9,32.9,33.8,34.1,34.1,33.0,34.3,32.4,33.7,32.9,32.9,32.4,33.7,33.3,33.1,33.2,33.7,33.1,33.9,34.6,33.2,33.0,34.2,33.2,33.9,33.6,34.2,34.3,33.3,34.4,34.0,33.5,32.8,34.2,33.4,33.3,33.7,34.1,34.3,32.9,32.7,33.6,33.1,33.3,33.7,33.6,33.5,34.3,32.9,33.4,33.0,34.5,33.6,34.5,33.4,33.6,32.4,33.4,34.2,34.0,34.7,33.1,34.3,33.1,34.0,33.7,33.7,32.8,32.8,33.7,34.0,32.9,34.0,32.8,32.8,33.5,33.3,33.5,33.5,32.4,33.2,33.4,34.2,33.0,34.5,34.0,33.2,33.9,33.3,33.4,34.1,34.6,34.7
1785307164.6318996,2295,34.1,33.9,34.3,34.3,33.1,33.1,32.5,32.8,33.3,33.2,32.0,33.0,32.9,32.8,33.1,32.7,33.3,32.6,32.3,33.5,33.9,33.2,32.8,32.6,32.8,33.2,33.0,33.5,33.2,33.4,33.2,33.3,32.8,33.8,33.9,34.2,33.4,33.2,33.0,32.5,33.0,33.1,32.9,33.3,33.6,32.2,34.4,33.1,32.7,33.3,33.0,33.7,32.3,33.2,33.1,33.4,32.9,33.3,32.5,34.7,33.3,33.1,33.7,33.3,32.2,33.9,33.3,33.7,33.0,32.6,33.1,32.6,33.6,32.1,33.9,32.5,33.0,33.2,33.1,32.5,33.3,33.3,32.7,32.6,33.6,33.1,33.2,32.3,32.7,33.3,32.8,32.8,33.3,33.2,33.4,33.6,33.8,33.7,33.1,32.7,33.9,32.6,34.4,32.7,33.5,33.2,32.7,32.7,32.8,33.0,32.2,33.5,32.5,33.4,33.3,33.0,32.5,32.8,33.4,33.5,32.1,33.3,32.8,32.9,32.5,32.2,32.7,34.1,34.5,34.4,34.5,34.5,34.3,32.2,32.5,32.7,33.2,33.2,33.0,33.8,32.5,33.2,33.0,33.7,34.0,33.2,33.5,33.7,33.0,33.2,33.1,33.8,33.1,32.5,32.3,33.2,33.2,32.2,33.2,33.6,33.4,32.9,33.6,34.0,33.0,31.7,32.7,33.8,32.6,31.9,33.1,33.0,32.2,33.6,33.2,33.3,32.3,32.9,33.2,33.8,32.9,32.6,33.6,33.2,32.8,33.0,33.3,33.3,33.1,33.6,34.2,32.9,33.6,32.7,33.3,34.3,33.5,33.3,33.2,33.2,34.0,33.4,32.8,33.8,32.6,32.7,32.9,33.6,33.3,32.7,33.2,33.6,33.8,33.3,32.5,32.5,33.8,32.3,33.4,32.9,32.4,32.4,34.0,33.3,33.0,33.7,32.9,34.3,33.4,34.3,34.9,33.3,33.2,33.2,34.2,32.9,32.7,33.5,33.6,33.0,32.2,32.6,32.8,33.0,33.7,32.8,33.1,32.4,32.5,33.1,34.1,33.6,34.2,33.6,33.4,33.4,33.7,33.9,33.1,34.0,33.5,35.8,33.6,33.8,33.7,34.6,34.4,33.5,32.2,32.7,32.7,33.7,33.0,32.7,32.8,33.3,32.5,33.9,32.8,33.2,32.2,33.6,32.9,33.0,32.9,33.1,32.0,33.1,33.6,34.4,34.3,33.5,34.3,36.1,34.7,33.4,33.1,34.4,33.9,33.1,32.7,33.5,33.8,33.7,33.5,32.4,33.3,33.4,33.2,32.6,32.9,33.2,32.6,33.0,33.7,33.5,32.7,32.6,33.3,33.6,34.5,34.3,34.0,34.4,34.2,35.4,35.2,35.4,33.6,34.0,33.4,33.1,33.0,32.7,33.9,33.5,33.3,33.2,33.0,33.5,32.2,33.3,33.2,33.1,33.2,33.4,33.1,33.2,33.1,32.2,33.7,33.0,34.0,33.8,34.3,34.9,35.4,34.5,34.6,34.3,34.5,34.9,34.3,34.0,33.1,32.8,33.5,33.7,34.0,32.9,33.0,34.2,34.0,33.4,33.1,33.5,33.1,33.2,33.6,32.8,33.2,33.7,34.5,33.1,34.2,34.4,34.1,35.7,35.1,33.9,34.5,33.8,34.4,34.1,34.2,33.9,33.0,32.2,32.7,33.2,33.8,32.7,33.1,34.3,33.0,33.2,33.0,33.4,33.6,33.8,33.7,33.9,33.8,33.3,33.3,32.4,33.8,33.4,34.7,34.4,35.1,34.0,34.8,34.6,34.3,33.3,33.8,33.8,32.3,33.1,33.7,33.1,33.2,33.3,33.9,33.9,32.7,33.2,33.8,33.7,33.4,33.2,33.9,32.7,33.7,33.9,33.2,33.5,33.0,33.1,33.1,34.0,33.5,34.7,34.9,35.4,33.2,32.7,33.1,33.6,32.8,33.3,34.0,33.8,32.9,33.2,34.3,33.3,33.4,33.2,33.8,33.1,33.4,33.2,33.5,33.7,34.8,33.0,34.3,34.0,33.1,34.4,35.1,34.0,33.8,34.1,34.5,34.0,33.3,33.6,33.0,33.2,33.2,33.8,34.2,34.1,32.6,33.1,33.5,33.5,32.7,34.6,34.2,33.4,32.8,33.5,33.0,33.7,32.1,33.0,34.0,33.2,32.3,33.5,34.1,34.3,33.8,34.8,33.9,34.4,34.1,33.7,33.8,32.9,33.6,32.7,33.6,33.3,33.6,33.5,34.3,34.3,33.0,33.6,33.3,33.1,32.7,32.9,33.7,33.6,33.1,33.1,33.7,34.0,32.7,33.7,33.5,33.2,34.3,35.5,35.3,33.4,33.3,32.5,33.5,34.0,33.1,nan,32.4,33.7,34.4,33.3,34.0,33.6,33.7,33.6,33.8,33.9,33.8,32.6,33.6,33.5,33.4,32.6,34.0,33.6,34.3,33.1,33.1,33.3,34.6,34.7,34.0,35.4,33.7,32.8,33.2,33.4,32.8,33.6,33.2,33.6,33.2,33.0,34.0,33.5,33.8,34.1,32.7,33.9,34.1,33.9,33.3,34.6,34.0,34.2,34.4,34.4,32.7,32.5,34.2,34.1,33.4,34.3,35.2,34.5,33.5,34.2,33.2,33.2,32.5,32.9,32.2,33.7,33.3,33.5,33.4,33.3,34.1,32.7,33.7,33.2,33.7,33.3,33.5,33.6,33.7,34.5,34.4,34.3,34.2,34.6,33.7,33.8,34.6,34.7,33.9,34.7,33.8,33.3,33.8,33.9,33.3,32.6,33.4,33.4,34.0,33.3,34.8,33.4,33.2,33.8,34.5,33.5,33.2,33.2,33.8,33.5,33.8,33.6,34.1,34.0,32.9,32.9,34.1,33.9,33.6,35.4,34.4,34.0,34.3,34.4,33.9,34.0,32.3,32.7,33.4,33.6,33.9,33.6,33.7,34.8,33.5,33.5,34.2,33.0,33.2,33.3,34.3,34.2,33.9,35.1,34.4,34.9,33.6,33.9,33.6,34.7,32.9,35.3,34.2,33.8,34.1,33.7,33.4,33.0,33.2,32.7,33.4,33.9,32.7,32.5,33.0,34.3,33.4,33.8,33.7,32.9,33.1,33.5,34.4,34.0,34.3,34.1,34.8,34.8,33.9,33.6,33.9,34.6,34.0,34.2,34.6,34.3,33.9,34.3,33.8,33.2,33.1,33.3,33.2,33.8,33.9,34.0,34.6,34.2,32.8,33.2,34.0,33.0,32.8,33.9,33.1,33.3,33.3,34.0,34.9,34.1
1785307166.787269,2296,33.9,34.3,33.0,33.7,33.6,33.5,31.3,32.7,32.4,33.3,32.3,33.3,31.7,33.2,32.0,33.8,32.8,33.2,32.6,32.9,33.6,32.1,31.9,33.1,32.5,32.9,32.0,33.4,33.3,33.6,34.6,32.0,34.5,33.9,33.6,33.4,33.3,31.9,32.5,32.2,33.3,33.8,33.2,32.4,33.0,33.5,32.9,32.2,33.3,32.4,32.9,32.6,32.9,33.3,32.6,31.9,32.0,32.4,31.7,33.8,33.2,33.7,33.1,33.9,31.3,33.8,32.2,32.7,31.6,33.4,32.6,33.9,32.3,32.8,32.7,32.4,33.1,33.5,33.1,33.2,32.8,33.3,32.8,34.1,32.6,33.2,32.3,32.0,33.9,32.3,31.8,33.4,33.2,33.3,32.8,34.0,33.4,32.8,32.3,32.8,34.9,34.3,32.3,32.9,32.9,32.5,32.6,32.4,33.4,32.5,32.8,32.2,32.9,33.1,32.5,33.1,33.4,32.9,33.5,32.5,32.9,33.1,33.1,32.6,33.5,33.1,33.1,33.3,33.2,33.4,32.8,32.9,31.6,34.0,32.7,33.4,32.9,32.4,32.2,32.0,32.3,32.6,32.5,33.6,33.4,33.1,33.2,32.6,33.6,32.4,33.7,32.7,33.5,33.0,31.8,33.5,33.1,33.6,32.5,33.7,33.3,33.7,32.7,31.7,33.2,32.6,33.0,32.7,33.8,33.5,32.9,32.2,33.5,32.5,32.6,33.7,33.5,32.7,33.6,32.3,33.0,32.6,32.9,32.4,34.3,33.0,32.5,33.0,33.4,33.0,33.0,33.4,33.0,33.7,32.5,35.1,32.8,33.8,32.9,32.7,33.1,33.3,32.5,32.9,32.3,32.8,32.5,32.3,33.4,32.7,33.3,33.5,34.0,32.8,32.7,32.8,33.2,32.7,32.7,33.2,33.0,32.7,33.0,32.8,32.5,33.6,32.8,32.1,33.8,33.6,33.9,32.3,33.3,32.4,33.6,33.0,33.4,31.6,33.5,33.6,33.3,33.5,32.6,32.8,33.9,33.0,32.8,32.5,33.1,32.5,32.2,32.7,33.9,34.1,32.5,33.4,32.9,33.6,33.0,34.1,33.6,35.6,34.0,33.5,32.7,34.6,32.9,32.8,33.2,33.0,33.3,33.5,33.2,33.5,32.6,33.8,33.0,33.5,32.8,33.7,33.2,33.3,32.2,33.4,33.1,33.4,32.3,33.0,34.4,34.1,34.2,33.0,33.7,35.6,34.8,34.6,34.5,33.0,34.3,33.0,32.8,32.8,32.6,33.6,32.8,33.6,33.1,33.3,33.1,33.3,33.2,32.6,33.3,33.5,32.4,32.4,33.0,33.6,32.8,33.5,34.6,34.3,33.3,33.5,34.9,36.3,33.5,34.4,33.6,34.3,34.4,33.4,33.0,33.2,33.3,33.7,33.2,34.2,33.2,33.4,33.7,33.2,32.4,33.4,32.7,32.8,32.1,33.0,32.8,33.2,32.8,33.7,33.3,34.1,33.8,33.8,35.7,35.1,34.3,34.5,34.4,34.0,34.0,33.7,33.6,33.3,33.4,33.0,32.8,33.6,32.4,32.8,33.3,33.4,32.7,31.9,33.2,33.9,32.9,32.8,32.9,32.2,33.1,33.0,33.4,34.1,32.7,34.7,34.8,34.2,34.1,35.1,33.9,33.8,33.1,33.6,33.5,33.4,31.9,32.8,33.5,33.2,32.8,33.1,34.0,33.4,33.7,33.2,32.9,33.5,33.5,34.0,33.5,32.7,33.0,33.0,33.3,33.7,33.8,33.3,34.3,34.3,34.3,34.2,34.0,33.0,33.5,33.6,33.6,32.5,33.3,32.7,33.5,33.6,33.1,33.6,32.5,33.6,32.6,32.3,32.8,33.4,33.4,32.8,32.9,33.1,32.7,32.8,33.0,34.1,33.5,33.6,34.1,33.7,34.0,34.8,33.3,33.0,33.0,33.4,34.0,34.0,34.0,33.2,33.9,33.7,33.3,33.3,33.3,33.9,33.0,33.0,33.0,33.0,33.2,33.1,34.3,33.2,33.8,32.6,34.5,33.2,33.1,32.4,34.2,33.6,35.1,33.7,33.6,32.2,33.4,33.1,33.6,33.0,32.5,32.4,33.3,33.2,33.4,33.2,33.3,33.2,32.7,32.8,33.5,33.5,32.9,33.3,33.8,33.1,33.7,33.7,33.3,34.1,33.4,34.2,34.0,34.6,33.4,34.8,33.8,33.1,32.0,32.5,33.5,33.2,32.8,32.4,33.0,32.9,33.7,34.0,33.3,33.2,33.5,33.3,33.8,32.1,33.2,32.4,34.7,33.8,32.6,34.2,34.1,33.1,34.1,33.7,34.4,34.2,34.5,34.2,33.9,32.9,33.4,33.2,33.3,nan,32.9,32.8,33.2,33.5,33.6,33.3,33.0,33.1,32.6,32.7,33.4,33.7,32.8,33.5,32.9,33.6,33.7,33.2,33.1,33.4,33.2,34.4,33.9,35.1,33.9,33.6,34.6,34.0,32.2,33.3,32.7,32.9,32.5,32.9,33.4,32.7,33.3,33.4,33.7,33.2,32.6,34.3,33.4,32.9,32.4,33.6,34.8,33.4,33.4,34.4,33.3,33.6,32.9,32.6,33.7,34.0,33.8,34.6,34.3,33.0,32.4,32.7,32.4,33.8,33.5,33.4,33.3,33.2,33.0,32.7,33.3,33.6,32.4,33.2,33.0,32.8,33.6,33.3,33.6,33.6,33.5,34.2,33.6,33.0,32.5,34.0,35.0,33.8,33.2,34.1,34.0,34.1,32.9,33.5,32.4,33.0,33.5,33.5,33.4,33.2,33.1,33.3,33.5,33.2,32.2,34.0,34.3,33.6,34.3,32.8,34.1,32.5,35.7,33.9,33.5,33.6,33.4,33.7,33.7,34.4,33.2,33.5,34.3,34.4,33.3,33.2,31.4,33.3,33.3,34.0,34.0,33.3,33.4,33.5,33.9,33.2,33.2,32.9,33.0,34.2,33.2,33.7,34.2,33.5,34.3,34.6,33.3,34.3,34.1,34.8,34.4,35.4,34.3,34.3,34.1,33.6,32.7,34.2,33.8,32.9,31.8,33.1,33.1,33.8,33.8,34.4,34.5,33.5,33.4,33.2,33.4,33.6,33.6,32.8,33.2,33.2,34.2,34.5,34.1,33.6,33.1,32.7,34.5,34.0,34.9,33.2,34.2,33.6,34.0,33.1,33.5,32.4,33.0,32.7,33.3,32.8,33.1,33.5,32.9,33.4,33.4,33.6,34.0,33.7,33.9,33.7,34.7,34.3,33.2,34.9
1785307168.933375,2297,34.3,33.6,32.1,33.6,33.5,32.9,32.3,33.0,31.5,33.0,31.6,32.8,32.9,32.8,33.5,33.1,33.0,33.9,32.5,34.3,32.7,33.0,32.8,32.8,32.8,32.4,33.7,34.2,33.6,34.1,33.2,34.9,32.5,34.0,32.0,33.0,33.9,32.3,32.0,32.3,33.2,31.7,33.1,32.7,33.1,32.3,32.2,34.2,33.4,32.5,32.8,33.1,33.0,31.6,32.0,33.5,32.9,32.9,33.7,33.0,34.8,33.1,32.7,32.5,34.1,33.6,33.0,34.2,33.0,32.8,32.3,32.8,32.8,33.7,32.6,33.6,32.3,32.9,33.0,33.1,32.9,32.6,32.5,33.1,32.0,33.5,33.4,32.9,32.9,33.2,33.2,33.2,33.5,33.2,32.6,34.5,33.8,33.4,32.7,33.8,33.3,32.9,34.4,32.5,32.8,33.0,33.2,32.9,33.7,32.1,33.6,33.0,33.7,33.2,33.2,33.7,32.7,32.1,32.9,32.2,33.4,32.5,32.6,33.1,34.2,32.2,33.5,32.7,33.3,33.7,32.9,33.2,33.7,33.4,33.4,33.6,33.2,32.9,33.4,33.3,33.1,32.4,33.3,33.4,32.5,33.2,33.1,32.7,33.2,33.7,32.0,33.9,33.6,33.1,32.5,34.2,33.2,33.0,33.5,34.5,34.1,33.8,32.4,33.5,34.4,32.9,32.9,32.8,33.3,32.6,33.7,32.3,33.2,32.9,33.4,33.6,33.5,32.9,33.4,33.3,33.8,32.9,33.3,33.4,32.8,32.1,32.8,33.3,32.6,32.9,32.7,33.7,33.6,34.0,33.9,33.9,33.5,34.2,33.4,33.6,33.2,34.5,32.6,33.5,32.6,32.2,32.6,33.1,33.8,33.5,32.6,33.8,33.8,33.8,32.5,33.0,34.0,33.0,33.0,33.6,33.5,32.6,33.1,32.7,33.7,33.5,34.4,33.9,34.3,34.5,34.4,33.1,33.5,32.8,33.4,33.3,33.8,33.3,33.0,33.0,33.0,33.2,34.1,33.0,33.5,32.6,32.7,33.8,33.2,33.1,33.6,32.6,34.0,33.6,33.9,34.4,32.8,33.7,33.7,33.0,34.2,35.5,34.8,34.9,32.7,33.7,32.7,33.4,33.5,32.8,33.1,33.9,32.2,33.3,32.9,32.8,33.3,32.7,32.8,33.9,33.0,32.9,32.2,34.0,33.2,32.9,32.6,34.3,33.8,33.4,32.9,34.1,34.5,35.4,35.3,33.7,33.8,32.2,33.4,33.5,32.9,32.7,33.6,33.2,34.0,33.0,33.3,34.3,33.5,32.4,32.9,34.7,33.3,33.0,33.0,33.4,32.2,32.4,31.9,33.2,33.5,34.1,33.6,34.0,34.1,35.5,35.2,34.5,34.5,32.9,32.8,34.4,33.3,33.3,32.9,34.1,33.2,33.7,33.6,33.2,32.7,33.5,33.1,33.5,32.7,33.4,32.9,33.1,32.4,32.8,33.3,33.6,34.2,32.8,34.3,34.5,36.0,35.2,34.4,34.3,35.0,33.3,33.8,33.4,33.1,32.6,33.7,32.8,33.4,33.2,33.0,33.4,34.0,33.7,32.6,32.5,33.8,33.0,33.6,32.4,33.4,32.8,34.4,34.1,32.3,34.6,34.0,34.4,34.7,34.5,34.7,34.3,35.4,33.9,32.9,33.6,33.3,32.9,32.8,33.2,33.3,33.2,33.4,33.8,33.3,33.0,32.6,32.8,33.2,33.6,34.0,34.5,33.3,33.1,34.3,33.7,33.7,32.8,33.6,34.9,34.8,33.3,34.8,34.3,35.4,34.1,33.3,33.8,34.0,32.8,33.1,33.3,33.6,33.3,33.6,33.9,33.9,33.4,32.9,33.0,32.4,32.8,33.2,32.4,33.0,32.8,33.6,33.1,33.6,34.0,34.0,34.4,34.2,34.0,34.0,35.5,33.7,33.7,33.4,33.1,33.5,33.2,33.8,33.0,33.0,33.5,33.8,34.2,33.1,34.3,33.3,33.3,33.6,33.3,33.7,33.9,33.1,33.3,33.7,33.9,34.0,33.7,34.4,34.2,33.1,34.4,34.7,34.5,34.2,34.0,33.2,33.7,34.1,33.3,33.1,33.1,33.7,33.8,33.1,33.5,33.4,32.8,34.2,32.9,33.3,33.0,33.4,34.0,33.5,33.4,34.6,33.8,33.6,34.6,33.7,35.1,33.6,34.5,33.7,34.6,33.7,34.4,32.9,33.1,33.1,33.6,33.4,34.0,33.5,33.2,32.8,33.8,33.8,33.5,33.4,33.3,34.1,33.6,33.3,33.8,33.8,32.9,34.3,33.7,34.0,32.8,32.4,32.6,34.3,34.5,34.3,34.3,34.9,34.5,32.3,34.0,33.4,nan,33.7,33.1,33.7,33.4,33.4,34.6,33.4,33.4,34.2,33.0,33.5,32.9,32.9,33.1,34.3,33.7,34.4,34.3,33.9,33.1,34.7,34.3,34.2,34.9,35.1,34.2,33.9,34.1,33.7,33.4,33.3,32.6,32.8,33.8,34.0,33.8,33.8,33.3,33.1,34.2,33.4,33.7,33.7,33.4,32.4,33.2,32.6,34.2,33.5,34.3,34.0,34.2,34.0,34.3,34.5,32.8,33.5,35.1,34.9,33.5,33.5,32.8,32.8,33.1,33.1,33.7,33.6,33.1,33.6,33.6,32.9,34.1,33.3,33.2,33.7,33.1,32.8,34.2,33.9,33.5,34.5,34.3,34.1,33.3,33.3,33.6,33.2,34.5,34.2,33.5,34.3,34.4,33.4,33.4,32.9,33.5,33.9,34.1,33.3,32.9,33.0,33.4,33.9,33.3,33.6,32.5,34.1,33.7,33.4,32.7,34.2,33.2,34.5,34.8,34.0,33.7,33.9,33.2,34.0,34.5,33.5,33.5,35.2,33.5,32.3,33.5,33.4,33.2,33.4,32.6,33.9,33.6,32.6,33.9,34.2,33.5,32.8,34.1,33.1,33.6,33.3,33.8,33.7,34.3,34.8,35.2,33.6,34.1,34.5,34.9,33.7,35.3,33.8,34.4,33.9,34.4,33.9,33.4,33.2,33.2,32.6,33.9,33.7,33.2,33.9,33.8,32.7,33.2,33.5,34.4,33.9,33.5,35.3,33.3,33.7,33.9,35.0,33.9,33.3,33.1,33.7,34.3,33.8,34.2,32.9,34.3,33.0,33.9,33.8,34.3,34.1,33.8,34.0,32.9,33.6,33.8,33.6,33.6,34.1,33.2,33.7,33.9,33.3,33.1,34.6,33.9,33.5,34.2,34.0,35.0
1785307171.1190772,2298,34.0,32.4,32.6,32.7,34.2,32.3,33.2,32.3,32.5,32.5,32.4,32.9,32.4,32.1,33.1,33.2,32.8,32.3,33.3,31.9,32.0,32.5,32.2,33.1,32.8,33.3,33.0,33.2,32.9,33.1,33.7,31.9,31.9,33.2,33.8,33.7,33.1,32.5,33.1,32.9,32.3,32.1,32.4,32.3,33.1,33.1,32.5,32.9,32.9,32.5,32.5,33.6,33.1,32.1,33.0,33.3,32.8,33.1,33.2,32.8,32.9,32.4,31.6,34.0,33.1,34.0,31.8,33.2,32.6,32.9,32.3,32.1,32.4,32.6,32.4,32.2,33.0,32.0,32.3,32.1,32.4,32.1,32.5,32.8,32.6,32.7,31.9,32.2,33.3,32.7,33.4,32.9,33.3,32.2,33.3,33.2,32.7,31.7,31.8,33.6,31.9,31.9,33.3,33.0,33.4,33.2,32.4,32.9,32.1,32.8,33.0,33.3,33.3,32.7,33.0,32.0,32.2,32.5,32.8,32.6,33.1,33.8,32.1,32.7,33.5,32.6,32.9,33.7,33.8,32.9,32.9,33.3,32.1,32.3,33.6,33.9,33.0,32.0,32.3,32.1,32.6,31.9,32.9,32.9,33.7,31.6,33.0,31.9,33.3,31.9,33.1,33.0,32.7,33.0,32.5,33.1,32.8,31.7,33.2,33.5,33.5,32.5,33.1,33.5,31.9,32.9,32.4,32.4,32.5,32.6,33.4,32.8,31.6,32.6,32.8,32.9,32.3,32.9,32.8,33.9,32.5,32.2,33.5,32.7,33.4,32.9,34.2,31.9,33.4,32.3,34.3,31.8,32.9,32.8,33.9,33.0,32.5,33.2,33.0,33.4,33.2,32.1,31.9,32.7,33.2,32.0,32.4,32.6,32.2,33.4,32.9,33.2,32.9,32.3,32.3,33.3,32.8,32.0,33.0,33.9,31.4,32.9,32.3,33.4,32.5,33.7,32.2,33.0,33.3,33.9,33.7,33.0,32.5,33.0,33.1,32.8,32.6,32.6,33.0,33.0,32.3,32.5,32.7,32.2,32.9,33.0,32.6,32.6,32.3,33.1,33.0,32.4,32.9,32.3,33.1,33.4,33.0,32.9,33.3,33.9,33.9,35.2,35.0,33.9,33.0,32.7,32.2,32.4,33.1,32.1,33.3,33.5,33.1,32.6,32.8,32.8,33.3,32.4,33.4,33.0,32.2,32.3,33.9,33.4,33.2,32.8,33.6,33.0,33.3,32.9,33.3,33.5,32.8,35.6,34.8,33.7,33.4,32.4,32.6,33.3,32.4,33.2,31.9,33.5,32.6,32.7,33.4,32.9,32.8,32.7,32.7,33.3,32.0,32.6,33.4,33.1,33.0,32.7,32.2,33.2,33.7,33.2,33.4,33.9,32.6,35.2,34.6,33.9,33.4,32.8,33.2,33.2,33.1,33.4,32.8,33.1,32.2,32.4,33.4,32.9,33.0,31.9,33.1,32.7,32.8,31.4,32.6,33.5,32.9,32.7,33.9,33.7,33.9,33.4,34.0,33.5,33.7,35.1,34.6,34.4,34.4,33.6,32.7,33.2,32.5,32.6,33.0,32.9,33.0,33.1,33.4,32.4,32.3,33.1,32.7,32.8,32.1,33.7,32.2,32.2,33.2,32.4,32.9,33.7,33.8,32.4,33.7,34.3,34.2,34.2,34.2,34.7,34.6,32.8,33.5,33.6,33.3,32.3,33.3,32.6,33.3,32.6,33.4,33.6,33.0,33.6,33.1,33.5,33.0,32.8,33.1,31.6,34.4,33.0,33.7,33.7,33.5,33.0,34.0,34.1,33.7,34.7,34.8,33.8,33.7,34.1,32.8,33.2,32.5,32.8,32.6,33.1,32.6,33.3,33.4,33.4,31.5,33.4,32.9,33.0,31.8,32.7,34.0,33.8,31.0,32.8,33.4,33.1,34.6,33.4,33.1,34.9,33.1,34.0,34.0,35.1,33.7,33.6,33.1,32.4,34.6,32.6,33.9,33.1,33.5,31.8,33.8,33.6,33.4,32.4,33.4,33.2,34.1,32.6,33.5,33.0,32.7,33.0,33.3,33.3,33.4,33.1,33.5,34.4,33.3,33.9,34.2,33.8,33.4,34.1,33.1,32.5,32.8,32.6,32.6,33.4,32.5,33.1,33.0,33.8,33.1,32.8,33.7,33.1,32.5,33.1,33.6,33.6,32.3,33.0,33.6,32.6,33.8,32.8,34.5,34.9,34.2,33.3,34.9,33.7,33.7,33.4,32.8,33.3,33.3,32.2,33.6,32.7,33.6,33.4,32.6,33.2,33.1,32.4,32.9,33.3,33.2,33.1,33.3,33.1,32.9,33.5,33.5,33.5,32.6,33.4,34.4,33.2,33.8,33.5,34.9,33.9,34.2,34.8,31.4,32.2,32.5,nan,33.2,32.6,32.6,33.3,32.4,33.6,32.4,33.2,33.2,33.0,33.1,33.1,33.5,32.7,32.2,33.9,34.1,34.3,34.1,33.0,33.7,34.4,33.6,33.3,33.8,34.1,33.7,33.9,33.0,33.1,33.6,32.5,33.0,33.4,32.6,32.5,33.3,34.2,33.4,32.9,33.7,32.9,32.5,32.7,33.7,34.9,33.4,32.2,34.4,33.9,33.3,33.1,33.1,33.5,34.2,34.8,34.2,33.6,33.7,34.4,34.1,33.1,33.3,32.1,33.1,33.7,33.0,33.4,33.8,33.3,33.0,33.6,34.4,33.5,32.3,33.8,34.2,33.1,32.8,33.1,33.5,34.1,34.1,33.0,33.7,33.7,34.8,33.6,33.5,34.3,34.1,33.8,33.4,32.2,33.1,32.7,34.1,32.6,33.0,32.6,33.5,33.8,33.7,33.2,33.7,33.6,33.2,32.7,33.8,33.6,34.2,33.1,33.6,35.4,33.2,33.3,34.6,34.5,33.9,34.7,34.1,34.2,33.4,34.4,33.8,33.5,32.4,32.5,33.8,32.7,33.1,32.7,33.2,33.6,32.4,32.8,32.3,32.8,32.6,34.3,33.0,33.4,33.7,33.9,34.5,33.8,33.1,33.3,34.0,33.7,32.7,33.8,33.0,34.3,33.2,33.6,32.6,32.9,32.8,32.5,33.2,32.8,33.2,32.6,33.5,34.2,33.2,32.6,33.3,33.5,33.3,32.8,34.1,33.3,33.7,34.0,34.5,34.0,32.2,32.6,33.6,33.5,33.5,34.0,32.8,34.1,33.5,33.5,32.6,32.9,32.4,32.7,32.8,32.5,33.8,32.0,32.7,33.6,33.8,32.9,33.0,33.0,33.6,32.9,33.6,33.8,33.4,34.0,33.4,34.1
1785307173.1186748,2299,34.0,34.4,33.8,31.8,34.0,33.6,33.2,34.3,33.5,34.0,33.6,31.7,31.2,33.7,32.7,32.7,33.3,33.2,32.7,33.0,33.9,33.6,33.4,33.6,33.8,33.2,33.5,33.8,35.0,33.2,34.0,32.8,34.1,33.0,33.7,34.2,33.9,33.2,32.4,33.1,33.4,33.1,32.7,33.5,32.9,34.3,33.7,34.2,32.5,33.8,33.2,32.7,34.5,33.0,32.7,33.7,33.1,32.9,33.5,34.7,34.4,33.1,34.0,33.3,34.2,33.1,33.0,34.0,34.1,33.7,32.5,33.0,33.2,34.0,33.5,33.0,33.2,33.6,32.2,33.1,33.4,32.9,32.5,32.6,32.7,33.8,33.0,33.3,33.9,33.5,33.2,32.8,34.4,33.2,33.4,33.4,33.3,34.2,34.0,33.6,33.5,33.0,33.6,33.6,33.9,32.7,33.2,33.1,33.7,32.6,32.9,32.7,33.6,33.2,33.0,33.6,32.8,34.2,33.3,32.9,33.2,33.3,33.4,33.9,33.4,33.3,33.5,33.9,33.0,33.7,32.7,34.3,33.3,33.6,33.2,33.6,33.4,33.7,32.8,33.1,32.6,34.2,33.1,32.7,34.0,32.9,33.5,33.7,33.3,33.9,33.1,33.0,33.3,33.6,33.3,33.8,34.4,33.7,33.9,34.1,33.9,33.2,33.9,33.1,33.5,33.9,32.9,33.4,32.8,33.0,32.6,33.2,33.9,32.9,33.2,33.5,33.1,34.3,33.7,33.1,33.9,33.4,32.2,33.6,33.9,32.6,33.5,33.1,34.3,34.1,34.2,33.1,33.4,33.6,33.5,32.7,32.9,34.2,33.9,32.7,32.7,34.0,33.3,33.0,32.9,33.7,33.3,33.3,34.3,34.0,32.7,33.5,34.1,33.9,33.5,32.9,33.5,33.0,33.6,32.5,33.7,34.0,33.4,32.9,33.7,34.1,33.8,33.5,34.0,34.1,34.2,32.4,33.0,32.7,33.4,32.8,33.3,33.8,32.8,33.7,33.0,33.0,33.2,33.8,33.8,32.7,33.6,32.6,34.3,32.8,32.7,34.1,32.7,33.2,32.8,33.2,33.2,34.1,33.9,32.6,33.7,35.3,34.1,33.3,33.2,32.3,34.3,33.0,32.5,33.3,33.3,33.0,33.6,33.0,32.4,32.8,33.6,33.8,32.1,33.3,34.0,33.4,34.1,33.2,33.6,33.3,33.0,33.7,33.6,33.8,33.3,33.9,35.4,35.9,35.1,33.7,33.8,33.1,34.4,33.1,33.8,32.7,33.5,33.0,33.2,32.7,33.5,33.9,32.2,33.6,33.1,33.3,32.9,33.3,33.4,33.4,33.7,33.9,32.9,34.2,34.3,33.5,34.4,34.6,35.3,35.4,35.5,34.5,34.4,34.1,33.8,33.3,33.4,33.3,33.9,33.2,34.3,33.8,33.4,33.0,33.5,33.5,32.4,32.8,33.9,33.6,32.6,32.7,34.2,34.4,34.5,33.0,34.7,32.8,33.5,33.1,35.3,35.6,36.3,34.4,34.5,33.6,33.1,33.8,33.4,33.4,32.7,33.4,33.4,33.9,34.0,33.4,33.2,33.4,32.4,33.8,33.4,34.3,33.6,33.7,33.7,33.2,33.0,33.1,33.6,34.6,34.8,35.2,34.2,34.5,34.7,34.2,35.2,33.6,33.9,32.9,33.3,33.6,33.8,33.2,33.8,34.1,32.6,34.3,34.3,33.5,33.1,32.9,33.7,33.1,33.5,33.0,34.0,33.3,32.9,34.1,34.3,33.6,34.1,34.3,34.9,34.5,34.6,35.3,34.3,33.6,33.3,34.3,33.4,32.8,33.7,33.1,33.4,34.4,33.2,33.1,34.2,33.9,33.7,32.7,33.3,33.7,33.4,34.0,35.1,34.3,33.6,34.3,33.8,34.6,33.6,35.4,34.4,34.5,35.0,34.9,35.0,34.6,33.3,33.3,33.3,33.6,33.6,33.5,34.2,33.2,33.8,33.4,33.8,32.8,33.3,33.3,33.8,33.3,33.8,33.4,33.5,33.3,33.7,34.1,33.5,34.3,34.0,34.2,33.4,33.5,34.8,33.9,34.8,34.6,33.2,33.7,33.7,34.1,33.9,34.3,34.5,34.5,33.5,33.1,33.5,33.8,33.7,33.6,34.2,33.3,33.2,33.5,33.7,33.6,33.6,34.8,33.0,33.8,33.5,35.8,34.2,34.5,34.2,34.6,34.0,35.4,33.6,33.9,32.9,33.5,34.3,33.7,33.3,34.0,33.0,33.3,33.3,34.2,33.6,34.1,34.1,33.4,33.7,33.2,35.3,33.5,33.9,33.5,33.6,33.2,34.6,33.6,34.9,34.3,34.3,34.1,34.3,34.9,33.2,33.2,33.3,nan,32.9,33.4,34.1,33.6,34.0,33.9,33.6,34.2,34.0,33.4,33.7,34.0,33.1,34.4,33.8,34.3,35.2,33.5,33.9,34.4,34.5,34.5,35.1,35.1,34.6,34.7,34.2,33.9,33.9,34.1,33.5,33.6,33.6,33.5,34.1,33.2,33.9,33.5,34.0,33.7,33.9,33.2,33.2,34.1,32.9,33.2,33.8,33.7,32.9,33.9,34.0,33.8,34.2,34.5,34.0,34.7,34.3,35.1,34.4,34.7,33.9,34.2,33.6,33.4,32.7,34.0,34.3,33.6,33.1,33.3,33.4,34.1,33.9,33.5,33.5,34.1,33.6,33.3,34.3,34.7,34.1,34.5,33.9,34.4,35.1,35.5,34.8,34.7,33.5,33.9,35.0,34.2,33.6,34.1,33.6,33.5,33.0,33.3,33.6,34.3,34.4,32.9,33.4,34.5,33.7,33.7,33.7,33.5,33.1,34.1,33.6,33.8,34.7,34.2,34.7,34.4,33.7,33.9,33.6,34.9,33.7,33.5,34.7,34.9,33.4,34.7,33.9,34.1,33.2,33.8,33.7,33.7,33.4,33.4,34.1,33.5,33.8,33.7,33.6,34.0,33.1,34.0,33.9,35.8,33.7,36.0,34.8,35.0,34.3,34.5,34.6,35.1,33.0,34.6,34.4,34.4,33.9,33.4,34.3,33.2,33.9,33.6,34.1,33.8,33.7,34.8,34.1,34.0,33.7,33.3,34.4,32.5,34.1,34.1,33.7,35.0,34.3,34.8,34.0,34.9,33.7,34.3,35.0,33.8,34.1,33.7,34.1,33.9,33.8,34.1,34.0,34.1,34.1,33.2,33.2,33.3,33.6,34.2,34.3,33.4,34.1,33.9,33.9,34.2,33.4,33.9,34.6,34.4,34.5,35.7
1785307175.2620468,2300,32.9,33.9,32.6,33.6,33.9,32.4,31.6,33.5,33.3,33.6,32.6,32.8,31.6,32.4,33.1,33.1,32.2,32.4,32.5,32.8,33.7,31.7,32.2,33.4,33.0,33.4,33.0,33.1,33.4,32.8,31.9,33.6,33.9,32.2,33.9,33.0,33.4,32.3,32.8,32.9,32.8,33.1,33.1,32.9,32.1,32.5,33.0,32.3,32.9,31.6,32.6,33.4,33.0,32.3,33.1,33.1,32.7,33.5,33.3,33.0,32.2,33.8,34.0,33.5,32.6,33.1,32.3,33.5,32.4,32.8,33.1,33.4,32.4,33.1,33.7,33.4,32.5,32.5,33.0,33.6,31.7,32.8,32.7,33.3,32.7,32.6,33.2,32.7,33.5,32.8,31.9,32.4,33.3,32.6,32.9,33.8,32.6,33.7,32.7,34.0,32.5,32.7,32.6,33.0,33.0,33.2,33.9,32.7,34.0,33.0,33.1,32.5,33.0,32.7,33.0,33.0,33.2,33.0,32.3,33.5,32.1,34.0,32.6,33.1,33.8,33.0,33.9,33.2,33.0,33.0,32.7,33.9,32.7,32.6,32.8,32.9,32.6,33.6,32.3,34.2,32.4,33.0,33.6,32.5,32.0,34.1,32.9,33.6,32.7,32.7,32.3,32.4,32.5,32.9,32.5,32.8,34.0,33.9,32.8,34.3,33.6,31.7,34.1,32.0,33.1,33.3,32.7,32.8,32.8,32.9,33.0,32.1,33.2,32.7,33.4,32.8,33.6,33.4,34.1,33.1,32.6,32.2,33.1,32.8,33.0,32.4,32.9,32.5,32.4,32.9,33.3,32.2,34.0,33.1,32.6,33.1,32.5,33.5,32.6,33.4,32.7,32.9,32.4,33.2,32.6,33.1,33.1,33.1,33.0,33.0,32.7,33.2,33.2,32.6,33.7,32.9,32.9,32.7,32.8,33.6,33.3,33.6,33.8,33.7,32.6,32.4,33.6,33.6,32.8,33.9,33.6,33.3,33.0,33.3,33.2,32.9,32.7,32.5,33.6,32.7,32.6,32.8,32.5,32.5,33.2,32.8,33.1,32.7,32.7,33.1,33.6,32.6,33.0,33.0,33.4,33.3,33.2,34.1,32.5,34.0,33.3,35.3,34.5,33.3,32.8,32.6,33.2,33.0,33.3,32.5,33.3,34.4,33.7,34.0,32.6,33.3,33.1,33.0,32.1,32.9,32.8,32.0,32.0,32.4,33.0,33.6,32.4,33.3,32.8,32.9,33.1,32.9,34.3,36.5,35.3,32.8,33.1,33.2,33.1,33.1,32.5,32.7,33.5,33.0,33.2,33.0,32.8,32.7,33.4,33.7,33.1,32.5,33.4,32.8,32.8,33.4,32.7,33.1,32.7,32.2,33.5,33.3,34.2,33.8,34.0,35.7,34.3,34.5,32.4,33.4,32.5,32.6,32.8,33.3,33.2,33.5,33.1,32.9,32.1,33.3,33.6,33.6,32.7,33.3,32.0,33.4,32.6,32.5,32.9,32.6,33.7,34.0,33.8,31.7,34.1,33.7,35.3,34.9,34.1,34.2,33.8,33.4,32.3,32.9,33.1,32.6,33.2,32.1,33.1,32.3,33.5,33.1,32.7,33.2,32.8,32.8,32.4,33.0,33.7,32.7,32.3,32.8,33.0,33.3,32.5,32.9,33.6,35.7,34.1,34.7,33.5,34.8,34.2,33.7,32.5,33.6,33.0,33.2,33.1,33.7,33.5,33.0,32.9,33.5,33.8,33.2,33.1,33.1,33.2,32.8,33.8,32.3,32.5,33.9,32.7,34.1,32.8,33.4,33.2,33.9,33.7,34.2,35.1,34.1,34.1,33.9,33.6,34.0,32.3,32.8,33.5,32.6,32.6,33.6,33.7,32.6,32.6,33.4,33.8,33.2,32.6,33.0,33.0,33.1,33.7,33.0,33.4,32.9,33.1,33.6,34.0,33.9,33.8,33.8,34.1,34.3,34.4,34.6,32.9,33.1,32.8,33.5,33.6,33.7,32.7,32.7,32.8,33.3,32.4,33.3,33.4,33.4,32.9,33.3,33.1,33.3,32.7,33.7,32.9,33.5,34.6,33.7,33.8,34.2,33.8,33.8,35.0,33.6,34.2,33.8,33.7,33.5,32.8,33.1,33.9,33.3,32.9,32.9,34.1,33.6,33.0,33.4,33.8,33.4,33.5,32.9,33.0,32.5,32.3,32.8,34.0,33.2,33.6,33.7,34.1,33.9,34.0,33.9,33.1,34.0,34.4,34.1,33.1,34.1,33.6,32.5,32.8,33.7,32.5,32.9,33.1,32.7,32.8,33.8,32.7,32.9,33.6,33.1,33.1,33.2,33.3,34.0,32.9,33.9,33.8,33.4,33.4,34.8,33.8,33.5,34.5,33.7,34.0,34.0,33.5,33.7,33.0,nan,33.9,32.6,33.2,34.1,33.9,33.6,33.4,32.7,32.5,33.4,32.8,33.6,33.1,33.6,33.2,32.6,34.0,34.1,32.5,33.1,33.7,35.7,33.6,33.4,33.4,34.9,33.7,34.6,32.3,33.6,32.5,33.3,32.6,33.3,33.1,33.0,32.8,33.2,33.1,33.3,32.3,33.9,33.5,33.5,32.5,33.9,33.0,33.5,34.3,33.8,33.0,32.9,34.0,35.0,34.0,34.6,33.9,34.5,34.2,33.8,34.4,32.6,33.6,33.1,33.9,33.2,33.1,32.8,33.1,34.4,33.6,33.9,33.2,33.5,33.3,33.4,33.7,32.5,34.1,33.3,34.3,34.1,34.1,34.4,33.4,35.5,34.0,33.5,32.4,35.1,33.9,33.7,33.6,33.4,32.7,33.1,33.4,33.6,33.1,33.1,33.2,33.3,33.4,32.8,32.6,33.2,33.0,33.7,32.8,33.1,34.0,34.6,34.5,34.4,33.4,34.8,34.1,33.6,34.2,35.0,34.8,33.3,34.0,33.7,33.4,33.3,34.2,33.4,34.1,34.3,33.4,33.2,33.7,32.4,32.3,33.5,34.0,33.0,32.9,33.4,33.7,32.6,32.7,34.2,34.4,35.1,33.6,33.9,33.8,34.5,34.1,34.7,33.2,33.6,33.7,34.6,33.1,34.6,33.7,33.2,32.8,33.2,33.3,32.9,32.6,33.6,33.7,33.2,32.6,33.3,33.8,33.1,33.7,33.7,34.1,34.6,34.7,35.1,32.8,33.7,33.5,34.1,33.8,33.7,34.1,33.9,33.6,34.0,33.2,33.7,33.4,34.1,33.6,32.7,33.4,33.3,33.7,33.4,32.6,33.4,33.9,33.3,33.7,33.3,32.4,34.0,34.6,34.4,34.0,34.6
1785307177.5401752,2301,34.6,32.5,33.6,33.1,34.8,33.1,32.7,34.1,34.3,33.2,33.0,34.6,32.9,32.6,33.5,32.9,33.1,33.3,32.7,33.5,33.3,33.5,33.0,33.4,33.2,33.4,33.2,33.5,33.6,34.4,33.7,34.9,32.0,33.8,33.9,35.6,34.1,34.9,33.0,33.5,32.8,32.9,33.1,32.5,33.4,33.4,32.6,33.6,33.4,33.3,33.0,32.5,33.2,32.7,33.1,33.9,32.7,33.1,33.7,33.0,35.1,32.2,34.0,34.0,33.6,33.1,32.3,35.1,34.3,33.2,33.7,33.6,33.2,32.3,32.8,32.6,32.7,32.0,33.0,33.8,33.6,33.1,31.8,33.6,33.6,32.8,32.4,34.0,33.3,33.3,33.4,33.2,33.1,33.0,32.6,34.8,32.6,34.9,33.8,33.6,32.9,33.4,33.6,33.6,33.0,32.6,32.7,32.5,32.2,33.8,32.9,32.8,33.4,34.0,34.0,32.7,32.5,33.5,33.4,32.6,34.0,33.6,32.2,33.1,33.6,33.0,32.5,33.2,34.0,34.2,33.8,33.8,33.7,33.4,33.0,33.6,33.5,32.7,32.5,33.6,33.8,33.9,32.9,33.9,32.5,33.4,32.3,33.6,33.5,32.7,32.7,33.9,32.7,32.9,33.1,33.8,33.8,34.1,32.8,33.6,32.9,32.9,33.2,32.7,34.2,33.9,33.9,33.6,33.2,33.1,32.4,33.0,32.9,32.7,34.1,33.8,33.3,33.6,33.6,33.8,33.4,33.4,33.6,33.7,32.6,32.2,33.5,33.6,32.7,33.1,33.1,32.9,34.0,33.8,34.1,33.9,33.6,33.1,33.0,34.5,33.4,33.1,33.1,33.7,33.1,32.2,33.6,33.6,33.9,32.3,33.4,33.6,34.2,33.1,32.5,34.4,33.5,33.7,33.2,33.3,32.6,33.2,34.6,34.1,33.5,33.2,35.0,34.1,33.4,34.7,33.8,33.5,33.5,34.4,34.0,33.6,32.8,33.6,33.5,32.9,32.7,33.5,33.3,33.7,33.0,33.8,33.2,33.9,32.4,33.1,33.4,32.5,33.4,35.0,33.0,33.8,33.0,32.6,33.1,35.0,35.0,35.5,34.0,34.2,33.4,33.1,33.2,33.2,33.3,33.1,33.3,33.4,32.8,32.7,33.2,33.8,33.4,33.1,32.6,33.1,33.9,33.1,32.9,32.8,32.5,33.3,33.6,34.7,33.4,34.6,34.5,33.1,34.3,36.3,35.1,34.2,33.6,34.2,33.4,34.0,32.7,33.3,33.2,33.7,33.7,33.7,33.2,33.7,33.5,33.7,32.8,33.5,33.3,32.6,33.7,34.1,33.1,33.1,32.7,33.0,33.9,33.7,33.8,34.6,34.4,35.0,33.9,34.5,32.7,33.9,33.5,33.8,33.8,32.7,33.3,32.9,33.5,33.0,33.4,33.2,33.2,33.1,32.9,33.6,33.5,32.2,32.7,33.2,33.7,33.0,33.7,34.0,33.2,33.4,33.9,33.9,35.2,35.9,35.8,34.9,33.3,34.6,33.8,33.5,32.9,33.8,34.0,33.4,33.2,33.8,33.7,33.7,34.2,33.7,33.3,32.7,32.9,33.8,33.2,33.8,34.6,34.3,33.8,33.5,34.6,33.3,33.9,35.6,34.2,35.9,34.7,34.2,34.6,33.6,33.4,33.9,33.3,32.7,33.3,33.7,34.4,32.7,33.8,34.5,34.0,33.7,32.9,33.6,34.2,32.6,33.1,34.6,33.3,33.1,32.9,33.7,33.4,34.2,33.9,34.7,33.9,34.4,34.4,35.0,34.6,34.5,33.5,33.8,33.4,33.0,33.4,33.1,33.2,33.8,33.4,33.2,33.5,33.7,32.5,33.4,32.8,33.7,33.5,34.2,33.2,33.5,33.8,33.3,34.6,32.5,34.2,34.8,34.4,34.0,34.3,35.2,34.7,33.9,33.8,34.3,33.8,33.3,33.3,33.3,33.8,33.3,33.1,33.3,33.8,33.2,33.1,33.1,34.6,32.9,32.9,33.3,33.7,33.5,33.9,32.9,34.6,34.3,34.6,34.2,32.9,34.2,34.3,33.3,34.0,34.6,32.7,33.2,33.6,33.1,33.1,33.3,32.6,33.6,34.1,34.6,33.0,33.4,34.5,33.1,33.5,33.6,34.3,32.9,33.7,33.6,34.4,33.8,33.8,33.3,33.9,35.8,34.7,34.1,34.0,34.6,34.7,33.7,33.6,33.4,33.1,33.3,33.1,32.8,33.5,33.8,32.6,33.8,33.3,32.8,32.6,33.3,33.9,32.9,33.5,34.1,34.8,32.7,34.3,32.6,34.8,34.7,34.2,34.6,33.8,34.6,34.8,33.7,34.3,34.2,34.8,33.0,33.9,nan,33.7,33.2,33.6,33.3,33.5,33.3,33.2,33.6,33.5,32.7,33.0,33.3,33.4,33.8,34.0,34.1,33.8,34.1,33.6,33.8,33.5,34.5,34.2,34.1,33.6,34.9,33.9,34.2,34.2,34.3,32.8,33.0,33.1,33.8,34.0,33.0,33.3,33.5,34.1,33.5,33.4,34.4,34.1,32.6,33.7,33.0,34.3,34.8,34.0,34.9,32.7,34.8,34.2,34.5,33.8,35.2,35.9,34.5,34.5,34.7,34.7,33.8,32.8,33.1,33.5,33.4,33.6,33.9,34.7,33.5,33.7,33.7,33.7,33.3,33.1,33.6,35.0,33.6,33.3,33.3,35.1,33.5,35.0,33.5,34.5,35.9,34.4,33.3,34.2,34.2,34.3,35.3,33.6,34.1,33.2,33.8,32.7,33.6,34.5,33.8,33.7,34.3,34.3,33.8,33.9,34.4,33.2,33.5,33.6,34.3,34.4,34.0,35.3,35.3,34.0,34.0,34.1,35.1,34.2,34.3,34.4,33.8,34.4,34.7,33.9,33.6,33.2,33.2,34.1,32.7,34.1,33.2,34.0,33.6,33.5,33.4,36.1,33.7,32.9,34.2,33.1,33.2,33.7,33.7,34.6,34.3,33.4,32.7,34.3,34.9,34.7,34.5,34.6,34.4,34.4,34.6,33.9,34.4,33.7,32.8,33.5,33.8,33.0,33.2,32.4,34.8,34.1,32.9,33.9,34.2,34.8,34.4,34.9,33.5,34.3,34.5,34.1,35.3,34.4,34.0,33.9,35.0,34.8,34.6,33.7,34.1,33.0,33.9,33.2,33.6,33.6,33.1,34.5,32.9,33.6,34.1,33.4,33.3,34.6,33.6,32.9,33.5,33.1,34.2,34.3,34.1,34.5,34.6,34.7,34.8
1785307179.7009704,2302,33.7,31.9,33.5,32.4,33.8,31.4,33.0,32.9,32.4,33.0,32.3,32.3,33.7,32.1,32.4,32.8,32.7,31.9,32.6,33.6,32.3,31.9,33.3,32.9,32.7,32.3,33.3,33.4,32.8,32.4,33.1,32.7,31.3,33.1,32.8,32.9,32.2,31.5,31.8,33.0,30.9,33.0,33.4,33.0,32.9,33.3,32.5,31.8,31.9,31.9,32.3,32.2,32.7,32.4,33.2,33.0,32.8,33.8,32.1,33.5,34.3,32.3,34.1,33.6,34.0,33.0,33.4,33.4,31.8,32.3,33.2,32.1,33.3,32.0,32.7,32.5,32.9,31.9,32.9,32.2,32.8,32.5,32.6,33.2,34.0,32.1,32.7,33.3,33.0,33.6,32.4,32.7,33.4,32.0,33.2,33.2,31.7,32.6,33.2,31.9,32.1,33.0,32.7,33.9,33.0,34.0,32.2,33.1,32.1,32.9,32.8,32.4,32.4,33.4,32.9,32.7,32.7,33.6,32.6,32.3,32.7,33.5,32.7,32.6,32.9,32.9,33.3,33.8,34.1,31.5,33.0,33.1,34.2,32.9,32.1,33.3,33.4,32.2,32.7,32.3,32.2,32.1,32.7,33.6,32.6,32.6,33.4,33.1,33.9,32.4,33.3,32.7,33.0,32.8,31.8,33.1,33.3,32.5,33.6,34.1,33.5,33.0,33.3,32.4,30.3,32.6,32.8,33.3,33.2,33.2,33.0,32.7,31.9,32.1,32.9,33.2,32.2,32.8,32.8,32.8,32.5,33.1,32.3,32.9,33.0,32.3,33.2,32.6,32.2,32.6,33.2,33.4,33.5,32.3,32.7,33.4,33.9,32.6,33.4,33.3,33.1,31.9,32.8,32.9,33.8,32.3,32.6,33.0,33.4,32.4,32.5,32.9,33.5,32.0,32.4,32.7,33.4,33.1,33.3,33.1,33.4,32.3,33.0,34.7,31.6,33.6,32.8,32.5,32.3,33.6,33.7,32.1,31.9,33.2,32.4,32.8,32.4,33.2,32.7,33.1,32.1,32.4,32.9,32.8,32.6,33.8,31.6,33.3,33.5,33.2,33.7,33.4,32.0,33.9,33.9,33.0,33.8,32.3,33.4,33.3,34.7,34.7,34.4,33.7,33.1,32.2,32.6,33.1,32.9,32.7,33.5,33.2,33.7,33.4,32.5,34.1,32.8,32.2,33.6,33.0,32.9,31.9,32.8,33.2,33.1,32.6,33.3,32.3,32.4,32.2,33.1,33.6,34.0,34.9,34.3,33.9,33.2,32.8,33.6,32.5,32.7,33.1,32.6,33.9,31.8,32.9,33.2,33.1,32.1,33.1,32.7,33.4,32.8,33.5,34.1,33.9,33.0,32.1,32.6,33.1,33.4,32.2,34.3,34.2,34.1,34.4,34.0,34.4,33.3,32.4,33.7,33.3,33.8,32.4,33.5,33.5,33.2,32.8,33.0,33.5,33.1,32.7,32.1,32.8,32.9,32.6,33.0,32.8,33.9,32.7,32.4,33.3,32.0,32.9,33.2,33.2,34.4,34.9,33.9,34.5,33.6,34.0,33.0,34.1,32.2,33.1,32.9,32.2,32.8,32.8,33.7,32.8,32.9,33.0,32.5,33.1,32.8,33.4,33.1,32.5,32.9,32.7,32.5,32.8,34.3,33.0,33.3,34.9,34.2,33.6,33.7,34.2,34.4,33.3,32.6,33.3,33.5,32.6,33.1,33.5,33.4,32.6,33.3,33.4,32.7,32.6,32.2,34.0,32.9,32.0,32.8,32.7,33.0,33.0,33.4,34.3,33.5,33.3,33.4,34.6,33.2,34.4,34.0,33.8,34.2,33.4,34.2,33.7,32.7,32.7,32.3,33.0,33.3,33.3,33.3,33.3,32.3,33.6,33.1,33.4,32.1,32.4,32.9,32.8,32.9,33.8,31.9,33.0,33.0,33.6,34.5,34.7,34.3,33.5,33.9,34.9,34.3,34.5,32.7,33.0,32.9,33.7,33.7,33.4,32.9,33.2,33.3,33.1,33.0,31.9,33.3,32.8,33.0,32.4,33.2,32.3,33.2,32.3,33.8,34.1,32.4,33.4,33.7,34.5,33.0,33.7,35.1,34.0,33.0,34.7,33.7,32.1,33.5,33.3,33.7,33.2,33.1,33.6,33.2,34.0,32.1,33.2,32.4,32.8,32.5,32.3,33.6,32.4,32.5,32.9,32.6,33.9,32.8,33.0,33.4,33.8,34.2,34.0,33.5,34.6,34.1,34.3,33.6,33.7,33.0,32.2,33.3,33.2,32.9,32.4,32.5,33.2,33.2,33.2,33.1,33.6,34.0,32.4,33.0,32.9,34.3,33.4,34.0,33.7,32.4,33.5,33.6,34.1,34.2,33.2,34.3,33.5,33.7,34.9,33.5,33.1,33.2,nan,32.9,33.1,33.3,33.3,32.4,32.3,33.1,33.6,33.7,33.9,32.7,33.7,32.4,32.3,32.5,33.2,33.7,33.6,34.0,32.8,32.8,34.0,34.6,32.9,34.3,34.8,34.6,34.1,33.5,33.8,33.2,32.8,32.7,34.2,32.9,32.5,33.5,33.0,33.3,32.0,32.7,33.4,33.1,33.8,33.4,33.2,33.5,33.7,34.7,33.7,33.3,34.1,32.9,34.6,32.5,34.5,34.2,34.8,33.4,34.1,34.3,33.5,32.0,33.1,32.9,33.3,32.8,33.8,33.3,32.5,32.6,33.6,33.6,33.0,33.5,32.8,33.4,33.5,33.4,33.0,32.5,34.0,34.0,33.2,33.3,35.4,33.5,34.6,33.6,33.4,34.2,33.2,33.6,33.6,33.1,32.3,33.8,34.2,32.7,33.2,33.3,33.8,33.5,33.2,33.8,33.4,33.2,32.5,33.3,34.2,33.5,34.3,34.2,33.8,32.6,33.6,33.5,33.3,32.5,34.6,33.0,34.5,33.0,34.4,33.8,34.1,33.4,33.1,33.1,34.0,33.6,33.1,33.0,33.3,33.6,33.6,30.3,32.5,32.4,33.5,33.8,34.1,33.7,34.7,32.3,34.4,33.3,32.6,33.0,33.5,33.6,33.0,33.7,34.1,34.0,34.3,32.7,33.1,33.4,32.7,32.7,32.9,33.1,32.4,32.1,34.3,33.6,33.5,33.8,33.7,34.5,33.9,33.4,34.7,33.8,33.4,33.8,35.6,33.8,33.9,33.6,33.8,32.5,32.8,33.7,33.8,32.7,34.1,33.8,33.6,33.5,34.3,33.1,33.3,33.5,33.7,33.3,33.0,33.6,32.6,33.2,33.8,33.6,32.6,33.2,33.5,33.6,34.9,33.9,34.7
1785307182.0409217,2303,32.0,33.2,32.7,33.2,33.4,32.1,32.2,33.8,32.6,33.0,33.3,32.9,32.1,32.6,32.8,32.8,32.3,33.2,33.5,33.2,32.8,33.6,33.1,32.5,31.8,32.3,33.1,34.3,33.3,33.5,33.1,34.2,34.8,33.9,34.8,33.6,33.7,31.5,32.5,33.4,32.9,33.0,33.7,33.2,33.5,32.9,32.9,32.7,33.7,33.5,33.0,33.7,32.7,33.1,33.0,32.4,33.2,32.8,32.3,34.2,33.6,33.9,33.4,33.9,33.5,34.5,32.4,34.1,33.3,33.1,32.8,33.4,33.5,32.6,32.6,33.2,32.7,33.1,32.7,32.9,33.5,33.7,31.9,33.1,32.3,32.8,33.2,33.1,32.8,33.0,33.0,33.5,33.8,32.9,32.7,34.4,32.9,32.4,34.1,33.5,33.8,32.8,33.5,32.9,33.4,33.1,32.9,33.1,33.0,31.8,32.6,32.7,33.8,32.7,33.7,33.1,32.7,32.7,33.3,32.3,33.5,33.1,32.5,33.0,33.5,32.9,33.3,33.8,32.9,33.8,32.6,33.9,32.6,33.0,33.3,33.7,32.9,33.3,33.4,33.3,33.0,34.1,33.3,33.7,33.2,33.3,32.2,33.6,33.6,33.2,32.6,33.9,33.5,33.3,32.8,33.9,33.1,33.3,33.1,33.3,34.4,33.0,33.1,32.8,33.3,33.4,33.5,32.9,32.7,32.5,33.7,33.6,32.8,32.8,33.8,33.3,33.3,33.0,33.1,34.1,33.1,33.1,33.0,33.2,33.7,32.6,32.8,32.4,33.6,33.6,32.6,34.1,33.2,33.6,33.6,33.4,32.8,33.4,32.5,33.3,33.5,32.8,32.7,33.4,33.4,33.1,33.0,33.5,32.9,32.7,33.1,33.5,33.5,33.8,33.9,33.3,32.1,33.2,32.3,33.9,32.3,32.7,33.7,34.0,33.4,33.6,34.5,32.9,34.0,33.4,33.0,32.8,32.0,32.9,33.4,33.0,32.4,32.4,33.3,33.5,32.4,33.7,33.4,32.9,33.2,32.9,34.0,34.0,32.8,32.6,33.5,32.9,33.3,33.3,33.3,33.9,32.0,33.4,32.0,34.4,34.1,35.4,33.3,33.2,33.9,32.9,33.1,33.1,33.3,33.0,32.9,33.8,33.3,33.2,33.0,33.5,32.8,32.8,33.1,34.0,32.5,33.0,32.9,33.2,33.7,33.5,32.7,34.4,34.1,32.8,33.7,34.6,34.6,34.9,35.1,34.1,33.3,32.3,33.4,33.2,33.1,32.3,32.9,33.6,33.4,32.6,32.7,33.4,33.1,32.8,33.5,33.7,32.8,33.0,33.8,33.7,33.1,33.2,33.2,33.3,34.2,33.6,33.9,34.2,33.9,35.2,34.0,34.1,33.6,33.1,33.7,33.2,32.4,33.5,32.7,33.2,33.0,33.5,33.5,33.7,33.7,33.5,33.3,33.5,33.0,33.0,33.3,32.8,33.5,33.4,33.6,33.3,33.3,33.1,33.6,33.8,34.8,35.8,34.8,34.1,34.2,33.8,33.5,32.6,32.9,32.3,33.5,33.4,33.6,33.7,33.7,32.9,32.6,33.1,33.3,33.0,32.8,33.0,32.9,33.5,32.5,32.9,32.8,32.5,33.4,34.2,33.1,36.0,34.4,35.4,34.4,35.4,34.3,33.6,33.3,33.4,33.2,33.7,33.0,33.2,33.1,33.4,33.6,33.4,33.0,33.4,34.2,33.0,32.8,32.8,33.3,33.4,33.5,32.6,33.4,34.1,33.5,33.3,33.0,34.2,34.6,34.4,34.8,34.0,34.7,34.2,33.5,33.4,32.6,33.3,33.6,33.3,33.4,33.3,33.4,33.3,33.7,33.3,33.6,33.4,33.5,32.9,33.6,33.3,33.0,33.2,33.0,34.6,32.8,33.4,33.5,35.3,34.4,33.7,33.9,34.6,33.8,34.3,33.8,33.5,32.9,33.2,33.2,33.7,32.6,33.7,34.6,33.7,33.8,33.4,32.8,33.5,33.1,33.3,33.2,33.9,33.5,34.3,33.8,33.1,33.8,34.0,34.8,35.0,34.2,34.3,34.5,34.7,33.4,34.2,33.7,33.6,33.4,33.1,33.9,33.8,33.1,33.5,34.0,33.7,33.9,33.5,33.1,32.9,33.7,33.0,33.1,34.2,33.8,33.1,33.6,33.3,33.5,32.6,33.1,34.7,33.9,34.9,34.4,33.4,34.3,34.1,33.0,33.8,32.7,33.8,33.0,33.2,32.9,32.9,33.3,34.2,33.0,33.9,33.5,33.3,33.6,33.6,33.9,34.0,33.9,33.0,34.4,34.5,33.2,32.3,33.6,33.9,34.2,34.9,33.8,34.3,33.4,34.2,33.2,33.2,33.2,nan,33.2,33.3,33.8,33.0,33.1,33.6,33.1,33.6,33.4,32.9,33.2,33.3,33.6,33.2,33.6,33.8,33.8,34.6,34.8,33.6,32.7,34.2,33.7,34.0,34.8,34.8,34.5,34.4,33.1,33.5,31.9,32.5,33.4,33.2,31.9,33.8,32.8,34.0,34.2,32.7,33.1,33.1,33.1,32.7,34.8,34.5,33.5,33.7,33.6,33.3,33.5,34.3,34.7,34.9,33.8,34.5,34.1,34.8,33.7,34.6,34.6,33.5,32.8,32.8,32.9,33.3,33.3,33.0,33.9,34.0,33.4,33.6,32.7,34.3,32.5,33.1,33.4,34.4,33.0,33.2,34.3,32.9,33.3,34.0,33.1,35.0,34.8,34.4,34.1,34.8,34.0,34.8,33.4,33.1,33.6,32.8,34.3,33.8,33.0,34.0,32.5,33.7,33.1,33.5,33.4,33.6,32.5,33.8,32.7,34.0,34.1,34.1,34.2,34.3,34.8,34.5,34.0,33.9,34.6,33.8,34.3,35.4,33.7,33.6,32.7,33.9,33.1,32.2,34.1,33.1,33.6,33.1,33.9,33.1,34.1,34.1,34.1,33.7,32.6,34.2,33.8,33.5,32.9,33.7,33.8,35.2,33.2,32.6,32.6,34.3,34.2,34.9,33.3,34.1,32.7,33.0,33.6,34.0,33.1,33.2,32.5,33.1,33.9,32.9,33.4,34.7,33.2,33.3,33.4,34.1,34.1,33.6,35.2,34.9,34.2,34.0,33.7,35.6,33.6,33.4,34.9,34.6,33.7,33.8,33.7,33.2,33.4,33.0,34.0,34.3,32.6,34.0,33.3,32.6,33.8,32.6,33.8,33.5,33.2,32.4,33.0,34.3,34.5,33.9,33.4,33.9,33.6,34.0,33.2,34.7
1785307183.815665,2304,32.3,32.7,32.2,33.0,31.6,34.8,33.5,33.8,32.2,32.3,33.3,32.3,32.1,32.3,34.1,32.6,32.8,33.2,32.4,33.6,32.6,33.4,33.1,33.1,32.0,32.9,33.1,33.2,33.5,32.4,34.6,32.5,33.7,32.1,33.3,33.4,33.1,33.1,33.8,33.8,33.3,32.6,33.0,32.2,32.9,32.4,31.9,32.4,32.4,32.6,32.9,33.4,33.3,32.0,33.2,32.8,32.4,33.8,32.8,33.1,34.3,33.0,33.1,33.6,33.3,34.0,33.4,32.3,33.3,33.3,32.2,33.3,31.8,33.2,33.8,31.8,32.4,32.9,32.6,33.0,33.0,33.3,32.6,32.8,32.6,32.7,33.2,32.9,33.4,33.8,32.8,32.7,33.6,32.9,33.2,33.9,33.7,32.4,32.1,33.5,33.0,31.6,33.9,32.7,33.6,32.3,33.3,32.2,32.3,32.7,33.0,31.8,32.1,32.4,33.2,32.7,33.7,32.2,33.0,32.3,32.5,33.1,33.1,33.6,33.9,32.7,34.0,33.8,32.7,33.6,31.2,33.3,31.8,32.5,32.7,32.6,32.5,33.1,32.5,33.2,31.8,32.1,32.5,33.6,32.9,32.8,33.2,33.1,32.7,32.7,33.5,33.0,32.6,32.2,33.3,33.9,33.3,33.9,33.8,33.9,33.7,32.3,33.5,32.1,32.9,32.8,32.2,33.1,33.2,33.2,33.0,31.9,33.0,32.1,33.1,33.2,33.5,33.0,33.0,33.7,33.3,33.1,32.1,33.8,33.9,33.0,32.6,33.0,32.6,33.0,33.4,32.5,33.7,34.3,33.0,34.2,32.2,33.9,33.3,32.4,32.4,33.3,32.0,33.1,32.5,33.6,32.3,32.5,32.7,33.7,32.8,33.4,32.8,34.1,32.7,33.1,33.4,32.7,33.8,32.6,32.3,32.9,33.5,32.5,33.4,32.0,34.1,33.9,33.1,34.2,33.7,33.2,33.6,33.2,33.9,32.5,33.5,32.7,33.8,33.2,32.6,33.1,32.9,33.2,33.2,32.5,32.8,32.6,33.1,32.8,32.8,33.4,33.7,32.5,33.3,33.2,32.7,33.6,33.6,33.3,33.8,35.0,34.2,33.7,32.7,33.0,33.1,32.9,31.6,33.4,33.2,32.5,32.5,32.9,33.0,33.5,33.3,32.7,33.5,32.5,31.7,32.6,33.7,33.6,32.5,32.6,32.9,32.8,33.5,32.2,33.5,34.0,34.6,34.9,34.1,33.6,33.2,32.0,32.5,32.3,33.1,32.6,33.0,32.9,34.0,32.3,33.5,33.6,32.8,33.8,33.3,33.6,32.8,32.7,33.2,33.3,32.8,33.8,33.2,32.9,33.4,33.4,34.1,33.5,33.8,35.3,34.2,34.3,33.4,33.9,33.2,34.0,33.0,33.2,33.0,32.9,33.0,33.4,32.7,33.4,32.4,32.5,33.1,33.3,32.5,33.3,33.2,33.1,33.7,33.2,33.0,33.7,33.9,33.3,33.4,33.6,35.7,34.9,35.3,33.6,33.7,33.5,33.8,32.9,33.8,32.6,32.7,33.4,33.1,33.6,33.1,33.8,32.0,33.3,32.8,33.7,33.5,32.9,32.2,33.0,33.2,33.1,33.1,33.2,33.0,33.8,34.9,34.7,34.9,35.1,33.7,34.4,34.3,34.0,33.6,33.0,32.2,32.9,33.5,33.1,33.2,33.2,33.6,32.8,33.7,33.4,33.3,32.8,32.8,32.7,34.4,33.4,34.1,32.8,33.6,33.3,34.0,32.9,33.8,34.2,34.5,33.5,34.1,34.7,34.5,34.0,33.0,33.4,32.8,33.0,33.0,33.8,33.3,33.5,33.3,34.1,33.3,33.0,32.7,33.8,33.5,33.1,32.9,33.7,33.4,31.6,32.9,34.2,33.5,34.3,34.5,33.0,32.3,33.5,33.3,34.6,33.6,34.0,33.0,32.9,32.9,33.5,34.0,33.2,33.2,33.2,33.2,33.4,33.2,33.1,32.8,33.2,32.3,32.3,33.2,32.7,33.2,33.6,34.2,33.3,34.3,33.8,33.9,33.1,34.4,33.2,33.5,33.7,33.7,34.2,33.6,33.6,33.1,32.2,33.7,33.5,33.6,32.5,34.2,32.7,33.1,33.0,33.1,33.1,32.8,33.7,32.9,32.8,32.3,32.9,33.6,33.9,32.8,33.8,32.8,34.4,32.8,33.8,34.1,34.6,33.8,34.4,33.5,33.5,32.7,33.0,33.0,34.0,33.3,33.4,33.3,33.0,32.7,33.2,32.8,33.3,32.5,32.1,33.2,33.1,34.1,32.6,34.2,33.9,34.1,32.9,33.2,34.9,34.6,33.4,34.0,35.0,34.6,34.2,33.9,33.7,33.0,nan,32.9,33.3,33.3,33.3,32.9,34.0,33.4,33.6,33.4,32.9,33.6,33.2,33.7,33.0,33.8,32.8,34.5,34.0,32.7,33.0,33.2,34.4,33.7,34.6,33.7,33.5,34.0,33.8,34.0,33.6,33.0,32.9,32.7,33.5,32.7,32.7,33.7,33.2,32.8,33.9,33.8,33.1,33.1,33.4,34.3,34.0,32.9,33.7,34.0,34.3,33.7,34.1,33.9,35.5,34.4,34.7,34.9,33.3,33.4,34.2,34.8,34.1,32.7,33.0,33.6,33.3,33.5,33.5,33.8,33.3,33.3,32.3,32.5,34.1,33.7,33.3,33.6,32.8,33.4,33.4,34.1,34.2,33.4,34.3,33.8,35.2,33.7,34.4,33.2,35.2,34.5,34.5,34.7,32.7,32.8,32.7,34.1,33.3,33.7,32.6,33.8,34.2,34.3,33.2,32.9,34.0,33.6,33.8,34.1,33.4,33.9,33.3,33.1,33.8,33.2,32.5,34.4,33.9,34.2,34.8,33.2,34.1,34.8,33.6,33.1,33.0,33.8,33.8,34.1,33.1,33.1,33.6,33.2,33.3,33.9,32.2,33.9,33.6,33.7,33.3,34.2,33.5,33.9,33.9,33.8,34.4,34.4,33.3,33.0,34.3,35.2,33.8,34.5,34.4,34.3,34.1,33.4,32.7,33.1,32.6,33.3,33.1,32.9,32.1,33.9,34.2,33.1,33.5,33.0,34.1,33.8,33.6,33.6,33.9,33.2,33.6,33.5,34.9,34.1,33.4,34.4,33.8,34.1,33.7,33.9,34.0,34.2,33.9,33.3,33.3,33.3,33.3,33.3,32.9,32.9,33.0,33.8,32.8,33.2,32.9,33.2,33.4,33.8,34.5,34.6,34.7,33.8,34.1,35.0,36.5
1785307186.1853638,2305,33.8,31.8,32.8,32.6,33.9,32.4,33.2,33.0,34.5,32.7,32.8,33.4,33.1,32.7,32.5,33.5,33.5,32.0,32.7,33.1,32.9,31.6,33.0,33.4,33.2,31.9,32.8,33.3,34.1,32.5,33.5,34.4,33.9,33.8,34.4,33.0,33.0,31.8,33.7,33.1,32.8,33.9,32.5,33.5,33.0,32.3,33.1,33.0,32.3,32.5,33.3,33.6,31.8,33.4,33.5,32.9,31.3,32.7,34.1,32.8,32.6,33.3,35.2,34.0,33.4,33.6,33.7,33.8,32.4,32.4,32.3,32.9,33.2,32.5,32.4,32.6,32.7,32.1,33.0,32.7,33.4,32.5,33.4,32.3,32.2,32.7,34.1,33.2,34.2,32.7,33.1,33.6,32.8,32.3,34.0,33.8,34.3,33.2,32.6,33.6,31.4,32.7,34.2,32.8,32.5,33.2,33.7,33.2,32.0,32.8,32.4,32.6,32.6,33.0,32.4,32.8,32.4,33.7,33.0,33.3,31.7,33.4,32.6,33.5,33.2,33.4,33.2,33.6,34.0,32.3,32.7,33.2,33.5,31.7,33.4,32.8,33.4,32.6,32.3,33.6,33.5,32.3,34.0,33.0,32.7,32.3,33.5,32.8,33.3,31.9,33.8,34.2,33.3,32.7,32.5,33.2,32.8,33.0,33.9,34.0,32.2,34.7,33.6,34.4,33.4,33.1,33.4,33.4,31.9,33.6,32.6,32.5,32.5,33.2,33.3,32.9,33.1,33.6,33.2,33.4,32.5,33.6,33.1,33.4,32.9,32.8,33.1,34.2,32.5,33.1,32.7,33.3,33.3,32.4,33.3,33.1,33.3,32.7,33.5,33.0,33.2,33.2,34.0,33.6,33.4,32.5,32.7,33.3,33.6,32.9,33.9,32.8,33.4,32.0,32.1,33.3,32.6,32.4,32.6,33.6,32.8,32.9,33.3,33.5,32.4,33.7,34.1,33.2,33.5,34.1,34.1,32.9,31.7,33.9,33.0,34.1,32.1,33.1,33.2,33.7,32.2,33.5,33.4,33.0,33.4,32.8,32.5,32.6,32.7,33.4,32.8,33.0,32.8,32.8,33.2,33.1,33.0,32.8,33.1,34.3,34.0,35.8,35.9,33.6,33.5,33.4,33.3,33.0,32.8,32.8,33.1,33.5,34.4,31.3,32.7,33.4,33.1,32.4,32.9,32.7,33.0,32.2,33.4,32.9,33.8,32.7,33.2,33.3,32.9,34.6,34.2,34.7,33.2,35.2,34.3,33.9,33.4,33.2,32.3,33.8,32.6,33.2,33.2,33.3,32.3,33.0,32.9,33.4,33.6,32.6,33.2,33.0,33.0,33.1,33.1,34.0,32.3,33.9,34.1,33.4,33.0,33.3,34.4,33.5,35.1,35.1,35.3,34.7,32.7,32.7,33.7,32.9,33.3,32.5,33.1,32.9,33.6,32.5,32.6,33.3,33.6,32.4,33.0,32.9,32.7,33.0,32.6,33.4,33.5,31.4,33.3,32.8,33.6,32.8,34.3,34.1,34.5,35.6,35.6,35.1,33.4,33.1,33.2,33.2,33.0,32.6,33.1,33.5,32.9,33.8,33.3,33.1,33.2,32.9,33.0,34.3,32.0,33.3,33.3,32.9,32.9,33.4,33.9,33.7,33.8,33.3,33.1,33.8,34.1,33.3,35.0,33.9,34.5,32.4,33.5,32.2,33.0,33.3,33.2,32.8,33.3,32.8,33.7,33.5,34.0,33.6,33.4,33.0,33.5,32.4,33.6,32.8,33.5,32.9,33.7,33.4,33.6,33.2,34.3,34.3,34.2,34.7,34.0,34.6,33.7,34.6,33.1,33.3,32.5,33.0,32.5,33.3,32.4,34.1,33.6,33.1,32.5,33.4,33.9,33.0,32.7,32.8,34.6,34.0,31.5,33.9,33.1,33.3,34.4,33.9,34.2,34.4,34.4,33.4,35.2,33.9,33.9,34.3,34.1,33.4,33.5,33.4,33.9,33.6,33.2,32.6,33.9,33.6,33.1,32.9,32.9,33.9,33.4,32.0,33.8,32.9,33.8,32.7,34.3,34.2,33.7,33.5,34.5,35.7,32.7,33.1,34.3,34.3,33.4,34.9,33.9,33.2,32.0,33.2,33.8,33.9,33.0,33.4,33.6,33.4,33.0,33.4,34.3,32.5,32.7,33.3,33.0,33.6,33.5,33.7,33.5,34.0,33.4,32.7,33.9,35.6,35.1,33.9,33.8,34.5,35.6,34.5,33.6,33.2,32.8,32.9,33.4,33.6,33.0,32.9,33.6,34.1,33.9,33.6,33.1,33.4,33.2,32.8,33.5,32.8,34.0,32.3,33.5,34.4,34.0,33.6,33.9,34.2,34.4,34.4,33.9,34.4,33.9,34.3,34.6,33.8,33.2,nan,33.3,33.7,32.9,32.8,33.9,33.7,32.3,33.7,33.8,33.7,33.1,34.0,33.9,32.9,33.2,33.7,34.9,35.1,33.8,32.5,34.5,34.4,33.6,34.6,34.5,34.0,34.1,33.3,34.1,32.8,33.5,32.1,33.1,33.4,33.5,32.8,34.1,34.4,33.1,33.1,33.5,34.9,33.5,33.5,34.0,33.3,32.4,33.6,34.6,35.9,32.5,32.9,34.2,34.3,33.7,34.1,34.6,34.5,33.6,34.5,34.5,33.5,32.1,32.6,33.5,33.7,32.2,33.9,34.2,34.4,32.8,33.9,34.1,33.5,32.5,33.4,33.0,33.4,33.3,33.5,34.8,34.7,33.9,33.9,34.1,35.3,34.6,34.3,33.3,34.5,34.8,33.8,33.4,32.8,33.4,32.4,33.4,34.1,33.6,32.2,33.9,33.2,33.9,32.9,34.3,34.0,33.5,33.3,34.0,33.7,34.4,33.3,33.8,34.2,32.4,34.6,33.6,34.5,33.3,34.3,33.8,34.9,34.3,34.0,33.0,34.0,33.2,33.5,33.7,33.8,32.5,33.2,33.8,33.6,32.9,33.3,33.1,33.0,33.4,34.5,33.7,34.2,33.2,33.2,34.6,35.6,34.3,33.2,33.1,34.4,34.5,32.4,33.6,34.3,34.4,33.3,33.3,32.6,33.2,32.8,34.6,33.5,33.7,33.0,33.7,33.5,33.9,32.7,34.0,33.4,33.9,32.7,34.1,34.0,33.7,34.1,35.0,34.8,32.5,33.8,35.0,34.1,32.7,34.3,34.0,33.3,32.8,34.2,33.5,33.0,32.8,33.4,33.7,32.7,33.0,33.6,33.9,33.6,32.6,33.4,32.9,34.4,32.9,33.3,34.3,33.6,32.5,35.2,34.7,35.9
1785307188.3741913,2306,34.6,34.4,33.6,33.6,33.3,32.4,34.0,32.8,34.1,33.6,32.8,33.0,32.6,33.0,32.3,32.9,33.3,33.0,33.1,32.6,33.1,33.2,32.8,33.4,33.0,33.2,32.8,33.5,34.1,33.7,32.7,33.9,32.3,33.0,33.0,33.0,32.5,33.2,31.8,33.1,33.4,33.3,33.1,33.3,34.1,33.2,32.8,33.4,32.5,33.1,32.8,32.2,33.6,34.0,32.0,33.3,33.5,32.5,32.9,33.4,32.8,34.2,33.2,33.0,34.4,33.1,32.3,33.1,32.8,32.2,33.3,32.4,34.0,33.7,32.8,32.7,33.0,33.1,32.3,33.1,33.8,33.3,32.3,32.8,33.4,33.3,33.0,32.5,32.9,33.2,32.3,32.8,34.6,33.2,31.7,33.6,33.6,34.6,32.9,33.4,32.7,33.4,32.9,32.7,32.6,33.8,31.8,32.2,32.6,32.3,32.6,32.5,33.2,33.4,32.8,33.2,32.7,33.2,32.3,32.6,32.7,33.8,32.8,32.1,33.6,33.2,34.4,34.3,34.2,33.0,33.6,33.2,33.5,33.0,32.6,32.9,33.9,33.6,32.3,33.3,33.3,32.9,33.1,33.0,33.9,33.1,33.3,32.4,33.3,33.5,33.1,33.5,32.7,32.7,32.5,33.4,34.2,33.9,32.6,33.2,32.0,34.5,33.4,33.1,32.9,32.3,33.9,33.0,32.3,33.5,33.1,33.7,33.4,33.4,32.5,33.3,33.5,32.6,33.7,33.8,33.3,32.9,32.8,33.0,33.0,33.1,33.9,33.1,32.4,33.3,34.0,32.9,33.8,34.0,33.3,32.9,33.1,33.7,33.4,32.8,33.8,33.4,32.8,33.0,33.4,33.2,33.7,33.7,33.5,32.2,32.9,33.7,33.1,32.8,32.5,33.6,33.8,32.7,33.4,33.4,33.4,33.6,33.1,33.3,33.1,33.9,32.7,32.6,33.4,35.2,33.1,33.0,32.7,33.2,33.4,33.6,32.5,33.5,33.3,32.5,33.0,32.7,32.8,33.0,33.0,32.8,33.2,32.1,33.4,33.8,33.1,32.6,34.0,32.8,33.2,32.7,33.5,33.9,32.3,33.6,34.6,34.6,35.5,33.6,33.9,33.8,32.9,33.7,33.5,33.8,33.0,33.8,33.4,32.4,32.8,32.8,33.6,32.8,32.9,32.2,33.5,32.0,33.1,32.8,33.6,32.7,33.0,32.5,33.0,34.4,33.1,33.7,34.2,35.6,35.8,34.9,32.1,33.1,32.1,32.3,33.0,32.9,32.8,33.4,33.0,33.2,33.2,33.2,32.6,33.1,33.6,33.2,32.9,34.0,33.2,33.8,33.5,33.9,33.1,33.2,33.3,33.9,33.2,34.2,35.3,34.8,34.5,34.4,33.6,33.6,33.3,33.0,33.0,33.2,33.6,33.3,33.6,32.6,33.3,33.5,33.2,33.9,32.7,32.6,32.8,33.3,32.2,32.9,34.4,32.8,32.9,33.2,33.8,33.8,33.3,34.7,34.0,35.1,34.2,35.3,34.3,34.3,33.3,33.4,31.6,33.4,33.0,32.4,33.6,33.4,33.0,33.4,32.9,33.2,32.6,32.8,33.3,33.3,33.2,32.9,33.2,33.2,33.4,33.5,34.6,33.8,34.1,34.4,35.2,34.7,34.9,33.8,34.9,33.4,31.9,33.2,33.1,33.5,33.8,33.2,34.3,33.2,33.6,34.2,34.0,33.5,32.8,33.3,34.2,33.1,33.3,32.8,33.1,34.1,33.3,33.7,33.4,33.4,33.6,34.5,34.8,35.1,34.1,33.8,34.6,34.9,32.6,32.7,32.8,32.8,33.4,33.4,33.4,33.0,32.7,33.6,32.1,34.0,33.5,32.4,33.1,33.3,33.2,33.4,34.6,33.9,34.0,34.5,35.1,33.6,33.8,34.6,34.4,33.8,34.3,34.3,34.7,34.7,33.0,33.0,33.5,33.3,33.3,32.9,33.5,33.7,33.6,33.7,34.3,32.8,33.4,34.5,34.1,32.7,33.5,33.2,33.7,33.2,32.7,33.3,32.9,34.6,34.8,33.8,34.7,34.2,33.4,33.9,34.5,34.0,34.3,33.2,33.4,33.6,33.2,32.5,33.3,33.1,33.5,32.8,32.9,33.9,33.9,33.2,32.6,33.6,33.9,34.0,34.4,33.4,34.4,34.2,33.0,33.8,34.1,34.3,34.7,34.7,33.5,33.5,34.9,34.9,33.1,33.6,33.1,33.3,33.4,33.2,33.9,33.5,34.1,33.7,34.3,33.7,33.1,32.6,33.4,33.8,33.3,33.1,34.2,33.7,33.9,33.9,34.2,34.1,33.4,33.0,34.5,34.6,33.8,34.1,34.0,34.5,33.0,33.0,32.8,nan,33.9,33.6,33.1,34.4,32.6,33.4,33.6,34.5,32.8,33.0,32.8,32.9,33.4,33.7,33.4,34.3,34.0,34.7,34.1,33.8,34.1,34.3,34.9,34.3,34.4,34.4,34.8,34.4,33.2,33.8,32.7,32.1,33.0,33.5,33.8,33.5,34.8,34.5,33.8,33.7,33.0,33.6,32.8,34.1,33.5,33.6,33.6,34.4,34.4,33.6,33.6,33.3,33.6,34.1,34.4,35.2,33.7,34.4,34.0,34.9,33.9,34.5,32.8,33.3,33.2,33.9,33.4,33.4,32.9,34.0,33.9,32.5,32.5,34.7,34.0,33.3,34.3,34.2,33.5,34.1,34.5,33.7,33.2,34.6,33.7,34.7,34.8,34.9,34.2,34.9,34.8,35.1,33.2,34.4,33.2,33.5,33.6,32.9,34.3,33.3,32.8,32.9,34.8,34.2,32.8,33.6,33.5,34.4,34.4,32.7,35.0,33.6,33.9,34.6,34.5,34.8,33.9,34.1,34.2,34.9,33.1,34.4,35.1,34.2,33.7,33.1,33.4,32.7,33.7,31.9,33.2,32.7,34.0,33.6,33.7,33.9,34.2,34.2,33.3,34.2,33.1,33.6,33.5,34.5,35.2,35.2,34.3,33.9,34.3,34.2,34.6,34.7,32.5,34.0,34.4,34.1,33.0,33.6,33.9,33.6,33.2,33.4,33.9,33.4,33.5,33.6,34.8,33.2,32.8,33.9,34.8,34.1,33.5,34.3,34.5,33.9,34.5,36.2,34.0,33.8,33.9,33.7,33.6,34.6,33.3,34.1,34.1,35.0,33.4,32.9,32.9,33.4,33.1,32.7,33.9,32.4,33.6,33.5,33.7,34.3,34.4,33.7,33.7,33.8,34.6,34.1,32.9,35.2,33.8,34.4
1785307190.310289,2307,34.2,33.0,33.0,33.0,32.3,33.7,33.1,32.3,33.0,32.1,32.7,32.6,32.6,31.9,32.6,32.8,33.6,32.5,31.9,32.5,33.4,33.5,32.7,33.1,32.9,33.1,32.3,33.2,34.0,32.4,33.6,32.0,33.0,33.4,34.1,33.1,32.9,33.3,33.4,32.4,32.7,33.6,32.0,32.8,33.0,32.6,32.7,32.6,33.0,32.6,32.7,33.4,33.8,32.4,32.7,32.1,32.8,32.4,32.6,32.5,33.6,32.5,32.9,33.9,34.8,33.0,32.4,33.4,34.0,31.9,33.0,33.5,33.7,33.2,32.5,32.4,33.3,32.4,32.2,33.0,33.0,32.8,32.4,32.8,32.6,33.6,32.3,33.5,33.8,33.1,32.4,33.2,33.0,33.1,32.3,34.0,33.2,33.6,33.5,33.0,33.2,33.3,33.4,32.0,33.3,33.5,32.6,34.2,32.0,33.4,33.2,32.2,33.0,33.9,33.6,33.4,32.9,33.9,32.8,32.8,32.9,33.9,32.7,33.6,32.9,33.4,32.4,33.6,33.7,32.0,32.1,33.5,32.6,33.3,33.1,33.0,33.1,32.4,32.2,32.7,33.4,33.3,33.0,33.4,34.1,32.8,32.7,32.6,33.1,32.6,32.4,33.1,32.5,33.0,33.0,32.3,31.7,32.3,33.4,33.7,34.0,33.3,32.5,33.4,32.6,33.4,32.4,32.9,33.1,33.0,33.1,33.2,33.0,33.3,33.1,33.0,32.5,33.2,33.8,32.5,33.0,33.3,32.9,32.9,32.7,33.6,33.2,32.8,33.1,34.2,31.9,33.4,34.4,33.0,33.6,33.6,32.8,33.6,33.4,33.3,33.1,33.3,32.7,33.1,33.1,33.0,32.0,33.7,32.9,33.2,33.6,33.2,33.2,32.5,32.4,33.6,33.2,32.2,33.3,32.0,34.6,33.1,33.7,34.1,32.5,32.7,33.7,32.7,32.9,33.8,34.6,33.2,33.4,33.1,32.4,33.5,32.3,33.0,33.2,32.9,32.6,33.6,33.1,33.4,32.8,32.7,32.8,33.3,32.6,34.2,33.3,33.6,32.9,33.3,32.5,33.0,33.8,33.2,33.0,34.1,33.0,34.0,34.7,34.1,34.3,32.9,33.6,32.9,33.5,32.4,33.2,32.9,33.2,32.4,33.0,33.8,32.8,31.9,33.2,32.8,32.7,32.5,33.1,33.6,34.0,32.6,32.5,33.6,33.7,33.7,33.0,33.4,34.1,34.8,35.3,33.6,33.2,33.5,32.3,32.4,32.3,33.1,33.4,33.4,33.3,32.8,33.1,33.0,33.3,33.3,31.7,32.4,32.5,33.0,33.1,33.2,32.8,33.8,33.0,33.5,33.6,32.8,33.3,34.7,33.6,34.9,34.7,34.8,33.6,32.8,33.1,32.9,32.4,32.9,32.5,33.6,32.6,32.8,33.0,32.9,33.2,32.2,33.0,32.9,33.6,32.5,33.0,33.2,34.1,31.9,33.2,33.5,33.9,33.1,33.6,34.8,34.3,35.1,34.5,33.8,33.4,33.8,33.4,33.4,33.3,33.0,32.1,32.7,32.4,33.8,32.4,33.4,33.1,34.3,32.7,32.4,32.7,33.4,33.3,32.7,33.4,33.5,33.7,33.2,32.6,33.0,33.6,35.3,34.4,33.8,34.6,35.3,35.4,33.2,32.9,33.0,33.2,31.8,32.9,33.9,33.2,32.3,32.7,33.6,33.6,32.9,33.3,33.5,33.0,33.2,33.7,33.5,33.9,33.1,33.0,33.2,33.3,33.7,33.9,35.2,34.0,34.1,34.5,34.5,34.0,33.9,33.4,33.4,33.3,33.7,33.5,32.5,32.5,33.7,33.1,33.6,33.1,34.1,32.8,33.3,33.0,33.1,34.3,32.6,32.5,34.2,33.1,34.0,34.3,32.8,33.7,34.5,33.7,33.5,34.8,34.8,34.6,33.8,33.8,33.5,33.9,33.2,32.9,33.4,32.9,33.1,33.7,33.6,33.7,33.1,33.2,32.7,34.3,32.3,33.6,32.7,33.0,32.9,34.0,33.4,34.1,32.8,34.3,33.5,33.9,34.5,34.2,33.8,34.4,34.7,33.6,32.9,33.8,32.4,33.8,33.2,33.6,33.7,33.4,34.2,33.0,33.5,33.3,33.3,33.6,33.0,33.1,33.0,32.7,33.7,33.9,33.9,33.3,33.7,34.8,34.8,33.7,33.9,34.4,33.6,34.6,33.8,32.3,32.5,33.3,32.6,33.5,33.2,34.2,32.6,33.2,32.4,34.2,33.2,34.0,32.8,33.5,33.3,33.0,33.5,33.9,33.6,33.6,33.6,33.3,34.2,34.1,33.5,33.5,34.0,34.4,34.5,34.3,34.6,33.4,33.2,32.7,nan,33.1,33.5,32.5,32.7,33.1,33.2,33.0,33.0,32.9,33.6,32.1,32.5,33.3,33.6,33.7,33.4,33.5,33.4,34.4,32.8,34.0,35.4,34.1,34.2,34.1,34.6,34.0,33.6,34.1,33.0,33.5,32.9,32.9,33.0,34.0,32.9,32.8,33.9,34.2,33.4,33.4,33.3,34.0,33.5,32.6,32.9,34.2,33.6,34.1,34.2,34.4,33.2,34.3,34.8,34.4,34.0,34.7,33.9,34.5,34.4,34.6,33.7,32.4,32.5,34.0,34.3,32.4,33.5,33.5,34.5,33.5,34.1,32.9,33.6,32.3,33.9,33.7,33.7,33.2,33.6,33.8,34.0,34.5,32.5,33.6,34.6,34.9,34.6,33.9,33.9,34.9,33.6,33.0,34.0,33.5,33.2,33.1,33.0,33.5,32.8,33.3,33.0,33.6,33.2,33.1,33.1,33.4,32.9,33.9,33.6,33.9,32.9,32.9,34.1,33.9,33.0,35.0,34.0,34.3,34.8,34.7,34.3,34.6,34.3,32.9,33.4,33.6,34.3,33.6,34.2,33.1,34.0,33.4,33.1,33.8,33.8,33.2,32.9,33.3,33.1,33.8,33.1,33.6,34.6,34.3,34.8,34.2,33.6,33.9,34.6,34.4,34.4,34.3,34.7,34.7,33.6,33.6,34.0,33.6,32.4,33.1,33.7,33.3,33.7,34.1,33.3,32.7,32.4,34.5,33.8,34.1,32.6,33.4,34.8,34.2,33.2,34.4,35.4,33.6,34.6,34.3,33.8,34.3,34.7,33.6,34.2,34.0,34.3,33.0,33.1,33.2,33.1,34.7,32.4,33.0,33.5,33.5,33.5,33.8,33.8,33.8,33.6,33.1,34.3,33.9,34.9,33.6,34.7,33.7,33.6
1785307192.4637675,2308,32.1,33.9,33.1,33.6,32.8,33.1,34.0,33.5,32.7,33.4,31.7,33.4,33.7,32.8,32.2,33.5,32.4,32.4,33.3,32.4,33.3,31.9,31.6,32.4,33.2,32.8,33.1,32.7,32.7,33.2,32.5,32.1,34.9,32.5,33.2,32.8,33.7,32.7,32.4,32.7,31.7,32.3,32.5,32.6,33.3,32.7,32.3,33.1,31.3,31.8,33.4,32.8,33.2,32.5,32.4,33.4,32.1,33.1,33.1,32.6,33.1,32.9,33.0,34.8,31.9,33.4,31.9,33.3,33.5,33.3,33.1,32.2,31.3,33.3,33.2,33.0,32.7,32.5,33.1,32.2,32.7,33.6,33.2,32.8,32.6,32.6,33.0,32.0,32.6,34.1,33.0,32.7,32.9,32.4,33.8,33.4,32.8,32.3,32.9,32.9,33.1,32.8,33.3,32.7,32.6,32.7,33.2,32.9,33.0,32.6,32.6,32.3,32.6,31.7,32.7,32.7,32.7,32.5,32.4,33.3,33.4,32.5,33.0,32.7,33.2,32.8,32.3,33.9,33.3,32.3,31.8,33.2,33.1,33.4,32.7,33.1,32.8,33.1,32.7,33.0,32.5,33.2,33.3,32.5,33.2,32.6,32.3,33.1,32.2,33.4,33.6,32.8,32.4,32.4,33.7,33.2,32.3,33.5,33.7,33.4,33.9,32.5,33.7,33.3,31.9,32.5,33.1,33.2,32.5,32.3,32.8,32.7,32.1,33.1,33.2,33.0,32.7,32.5,32.2,33.5,33.1,32.6,32.6,32.7,32.8,32.6,33.0,33.7,33.8,33.4,33.6,34.2,32.2,34.0,33.1,33.6,32.5,32.2,34.1,32.3,32.7,33.3,33.1,32.2,32.9,32.7,32.3,32.9,32.5,33.0,33.1,33.2,33.1,32.5,33.4,32.9,33.2,32.9,32.8,32.5,33.8,33.2,34.0,33.8,33.1,32.8,33.6,33.1,33.2,33.6,33.5,34.0,33.4,33.4,32.4,33.3,32.5,32.7,33.0,33.4,33.1,32.4,32.4,32.7,33.0,33.3,32.3,32.6,32.0,32.8,32.5,32.7,32.9,31.9,32.6,34.2,33.3,33.7,32.9,33.8,33.7,35.2,34.9,34.9,34.4,32.8,32.9,32.9,32.7,32.8,33.6,33.3,33.3,33.5,32.8,32.7,32.6,33.0,32.9,32.1,33.0,33.4,33.4,33.3,33.6,31.6,33.0,33.7,33.2,33.2,34.3,32.9,33.1,36.0,34.2,34.4,33.7,32.9,32.6,32.6,32.2,33.5,32.5,33.4,32.9,32.7,33.2,33.1,32.4,32.6,33.5,32.9,33.0,33.0,32.5,32.6,32.6,32.4,33.1,34.7,32.4,33.8,33.4,33.4,34.4,36.3,34.1,34.0,33.9,33.4,33.2,33.3,33.5,33.7,33.4,32.9,33.2,33.5,33.1,33.7,33.3,32.8,32.9,32.1,32.8,33.3,33.3,33.3,33.1,33.9,34.1,34.2,32.6,33.2,33.0,34.9,34.9,35.3,34.8,35.0,33.7,33.1,33.6,33.7,33.1,33.5,32.4,33.7,33.7,32.8,33.2,34.0,33.2,33.2,32.0,32.9,33.0,32.7,33.1,33.3,32.8,33.6,32.8,33.5,33.6,33.6,33.5,34.4,34.9,34.5,34.2,35.2,34.4,33.8,33.6,33.1,33.5,33.0,33.7,33.5,33.5,32.7,34.1,34.2,33.5,33.4,33.8,33.1,33.2,33.5,32.9,33.6,33.1,32.8,34.1,33.7,34.5,32.4,34.9,35.3,34.2,34.4,34.3,33.4,34.8,34.0,32.8,33.2,33.6,33.5,32.5,33.0,32.9,33.9,32.9,33.3,32.3,32.8,33.2,33.4,33.5,32.3,33.4,33.5,33.0,33.6,33.0,33.9,32.3,33.8,34.8,34.3,33.0,34.7,33.8,33.7,34.1,34.4,34.0,33.2,32.8,33.5,33.6,33.4,33.1,33.0,33.5,33.7,32.6,32.9,33.5,33.1,33.6,32.8,33.5,33.0,33.9,33.6,34.5,33.3,33.4,33.5,32.6,34.2,34.0,33.4,33.8,34.7,33.4,33.8,32.7,33.5,33.9,33.0,32.9,33.0,32.3,33.5,32.8,33.8,33.9,33.9,33.4,33.6,32.8,33.0,32.5,34.4,33.2,32.7,33.4,34.8,33.6,31.9,34.1,34.5,33.6,34.1,34.4,33.3,33.7,34.6,33.4,33.0,33.1,33.7,32.6,33.2,32.3,33.4,33.5,32.8,32.3,33.3,34.0,33.3,33.6,33.1,33.5,33.3,34.2,32.4,33.5,34.3,32.5,33.7,34.4,34.2,34.9,34.7,34.0,33.4,34.5,33.4,32.7,34.0,33.1,nan,33.2,33.4,33.8,33.8,33.4,33.1,32.9,33.2,33.7,33.4,33.4,33.0,33.6,33.1,33.6,34.1,34.0,34.6,33.2,32.9,34.3,34.5,33.1,34.7,35.1,35.5,33.7,34.2,34.1,33.8,33.3,32.8,33.5,33.3,32.3,32.8,33.5,34.3,32.0,32.3,33.6,34.1,33.9,33.2,33.7,32.8,33.8,33.5,35.0,33.7,33.6,33.3,34.2,34.3,34.6,33.9,33.8,34.0,34.1,34.6,34.1,33.8,33.0,32.6,33.7,33.4,33.8,33.3,32.1,33.6,32.8,34.1,32.3,33.5,32.4,33.5,33.0,34.0,33.0,33.5,33.7,35.2,33.7,34.2,33.5,34.1,33.2,34.3,34.2,34.1,34.3,34.4,34.1,33.2,33.6,32.8,32.5,33.8,33.2,33.1,33.6,33.5,32.9,33.1,34.8,33.2,34.1,33.2,33.1,32.8,33.8,33.6,35.4,34.6,33.6,34.4,33.3,34.3,33.6,34.3,33.9,35.1,34.6,33.7,32.5,33.8,33.1,33.6,32.7,33.4,33.1,33.8,32.7,34.0,33.2,33.0,32.6,33.0,32.6,33.8,33.3,35.3,33.1,33.1,34.0,35.6,33.9,33.7,35.6,34.9,34.4,33.9,34.4,33.4,34.6,34.1,33.7,33.2,33.4,33.2,33.4,33.3,33.7,33.1,32.8,33.4,33.0,33.6,33.7,33.5,33.9,34.3,34.8,33.5,34.2,33.7,35.5,33.9,33.5,32.4,33.3,34.6,33.8,34.4,33.5,34.5,33.6,32.6,33.1,34.3,32.6,32.0,32.9,33.4,33.3,33.6,32.9,34.2,33.6,33.1,33.0,34.9,33.5,33.3,32.6,34.1,33.6,33.8,32.9,35.1
1785307194.6488338,2309,33.8,32.6,33.1,33.1,33.7,33.6,34.3,32.6,33.5,32.8,33.6,33.2,32.0,32.4,34.4,33.9,33.3,32.6,34.6,34.1,33.9,33.0,33.2,33.0,33.0,33.6,34.1,34.0,32.5,32.8,35.0,33.4,33.3,33.3,34.4,34.0,33.4,32.3,33.3,34.2,33.1,32.7,32.9,33.1,32.7,32.2,32.8,33.6,33.4,32.4,33.2,34.2,32.3,33.1,31.6,33.9,32.3,32.3,33.3,34.5,33.7,32.4,33.5,35.0,33.9,34.1,34.2,33.3,32.2,33.5,32.9,33.0,34.2,33.9,34.2,33.9,32.5,32.5,33.6,33.3,32.9,33.1,33.4,32.9,32.6,33.0,33.5,32.9,33.3,33.9,33.0,31.2,33.9,34.1,34.8,34.3,33.1,33.0,33.3,34.3,33.3,31.9,33.5,33.1,32.8,32.5,32.9,32.5,33.0,33.2,32.4,32.3,33.1,32.4,32.8,34.3,33.0,33.4,32.9,33.3,33.8,33.1,33.0,33.7,33.2,32.8,32.5,35.7,33.3,33.3,34.0,33.6,33.5,33.4,32.8,33.7,32.8,33.4,33.0,33.1,32.8,32.7,33.3,34.2,32.7,33.2,33.6,33.6,33.0,32.9,34.1,33.7,32.9,33.3,33.9,34.4,33.2,33.1,33.9,34.5,34.5,32.9,34.5,33.6,33.9,33.1,33.3,33.4,33.0,32.6,33.0,33.2,32.6,32.9,33.1,33.1,33.0,32.1,33.1,34.1,33.4,33.6,33.8,33.4,33.3,32.2,33.7,33.7,33.5,32.7,33.1,35.3,33.6,33.3,33.7,32.5,32.7,34.4,34.3,32.7,33.4,34.0,33.3,33.5,32.8,33.2,33.3,34.2,33.6,33.0,32.9,33.5,33.8,33.1,33.5,33.6,33.0,32.5,34.1,34.0,33.9,33.6,34.2,33.1,33.3,33.5,33.2,34.7,33.0,34.3,33.6,33.5,33.2,33.4,33.0,34.0,33.7,32.7,34.0,33.5,32.4,33.0,33.5,33.4,33.7,32.3,33.3,33.8,32.6,33.3,32.7,34.1,33.8,33.2,32.6,33.6,33.3,33.1,34.5,33.6,34.2,35.3,35.2,34.2,33.4,34.3,34.2,34.0,33.6,33.6,33.3,32.8,32.8,33.0,32.6,33.0,33.1,33.5,34.3,33.3,32.3,32.6,33.2,33.7,33.2,34.2,33.6,33.7,34.0,34.0,33.9,34.3,34.0,35.1,36.0,34.6,34.3,32.8,33.6,34.1,33.7,32.9,34.0,34.3,33.4,33.2,33.2,33.7,32.7,32.4,33.1,33.5,33.3,33.1,33.5,33.8,33.3,32.0,34.1,34.3,32.4,32.7,35.0,33.8,35.0,34.5,35.0,34.7,33.7,32.9,33.9,33.3,33.1,33.2,33.4,33.7,33.3,32.7,33.9,33.0,33.2,33.1,34.6,33.8,32.7,34.1,33.6,34.0,32.9,33.2,34.1,33.4,32.8,34.2,34.1,34.3,35.3,35.2,34.9,35.3,33.7,32.9,33.5,33.7,34.5,32.6,33.5,33.6,33.4,32.8,33.4,32.6,33.4,32.8,33.0,33.8,33.1,33.0,33.6,33.8,34.1,33.4,34.2,33.5,34.6,34.2,35.6,35.4,34.7,34.7,34.7,34.0,34.2,33.9,34.4,33.9,32.7,33.0,33.3,33.8,34.0,32.7,34.1,33.5,33.7,33.2,34.1,33.5,33.2,33.3,33.1,32.9,33.5,32.6,34.1,33.5,34.3,33.4,33.2,35.1,34.4,33.8,33.6,34.3,34.8,33.3,34.0,34.2,32.5,33.1,33.6,34.1,33.9,32.2,33.2,33.3,33.2,33.2,34.4,33.7,33.5,32.2,33.4,33.6,32.6,33.0,34.2,34.1,33.2,35.0,35.4,33.9,33.7,34.0,35.4,34.3,34.1,34.3,33.8,33.1,33.5,33.3,33.8,34.2,33.1,34.0,33.8,33.2,33.5,33.3,32.9,33.0,33.4,33.8,33.9,33.9,32.9,33.2,33.9,34.1,32.5,33.9,34.0,34.2,34.5,32.5,34.9,34.6,33.8,34.5,33.2,33.7,33.7,33.4,33.5,34.3,33.1,33.6,33.6,34.1,33.7,33.6,33.9,34.1,33.7,33.1,32.9,33.7,33.4,34.0,34.2,34.0,33.4,33.1,33.9,34.9,33.8,34.5,34.6,34.2,33.7,35.7,33.9,34.1,32.8,32.7,33.9,34.0,33.0,33.8,33.8,32.8,33.0,34.0,33.3,34.6,33.6,33.1,33.3,34.0,33.9,33.5,34.5,34.5,32.1,33.0,34.4,34.2,34.5,33.7,33.8,33.9,34.5,33.9,33.3,33.5,33.1,nan,32.4,34.1,33.3,33.1,33.2,34.6,33.7,32.9,33.3,34.4,32.7,31.9,33.2,33.7,34.2,33.2,34.6,35.0,34.1,33.6,34.9,33.9,33.6,33.8,34.9,34.4,34.6,34.4,34.9,34.3,32.5,33.8,33.8,33.8,34.0,32.5,33.8,34.2,33.1,33.5,34.4,33.4,34.3,32.8,33.9,33.9,32.8,33.3,34.6,34.1,33.8,33.5,34.0,34.9,33.6,35.2,34.3,35.3,34.6,34.0,34.9,34.7,33.0,33.6,33.6,34.4,33.8,32.5,33.9,34.3,33.1,33.1,33.7,34.6,33.9,33.3,33.2,34.0,33.0,34.5,34.7,34.5,33.9,34.8,34.9,35.5,34.0,34.1,34.8,35.0,34.5,34.1,33.9,33.9,33.4,33.3,33.9,34.0,32.6,33.1,34.1,33.5,34.1,34.0,34.6,33.6,32.8,33.2,33.1,34.1,34.2,33.8,34.7,35.1,32.5,34.0,34.5,35.1,33.4,33.9,34.4,35.0,34.5,33.9,32.5,33.7,33.7,33.1,33.7,34.3,33.7,33.2,33.2,33.9,33.4,33.2,34.4,33.5,33.5,33.4,33.7,33.8,33.7,34.1,34.6,34.9,32.7,34.1,33.8,34.0,33.8,34.5,34.2,33.8,32.8,34.1,34.1,33.7,33.7,34.1,33.2,33.4,33.2,34.8,34.2,34.5,33.0,32.9,34.3,33.5,33.7,33.7,35.1,33.7,33.7,33.5,34.8,36.2,34.9,32.6,33.7,34.6,33.4,33.4,34.1,34.7,34.5,33.9,34.5,33.9,34.0,33.4,33.6,33.6,33.1,33.1,34.1,33.5,34.4,32.7,33.3,35.0,33.5,33.9,33.0,34.5,34.6,34.4,35.1,36.0
1785307196.7299502,2310,32.9,34.4,33.8,34.1,33.0,34.0,33.8,34.1,33.3,32.6,32.6,32.3,33.1,32.2,33.3,33.9,32.6,32.8,33.3,34.8,33.1,33.0,33.8,33.8,33.4,33.6,33.5,34.0,34.3,33.4,34.2,35.1,32.5,34.3,33.2,32.7,32.3,33.2,33.5,33.1,33.8,32.9,34.4,32.1,32.3,32.7,33.0,33.2,32.9,33.1,34.4,33.8,33.4,32.7,33.1,33.5,32.7,32.7,33.3,33.4,33.3,33.8,34.0,33.2,35.1,33.1,33.2,33.8,33.7,33.0,32.1,32.6,33.6,33.1,33.3,33.9,33.2,33.9,32.3,33.6,32.7,33.4,32.7,33.4,32.9,33.5,33.2,33.6,33.3,34.1,33.2,33.7,32.9,33.0,33.6,34.1,33.5,33.7,32.9,34.3,32.7,33.1,33.6,33.4,33.3,33.0,33.4,33.4,32.8,32.8,32.8,32.5,32.5,32.5,33.9,33.2,32.7,32.5,34.1,32.0,33.4,32.7,33.8,33.1,33.6,32.8,34.6,34.1,33.5,32.3,32.9,33.0,33.7,34.7,33.6,33.3,33.4,33.4,32.3,34.2,33.5,33.5,33.4,33.4,32.9,32.9,33.6,34.2,33.3,32.3,33.8,33.9,33.3,32.5,34.2,34.2,33.6,34.1,34.1,34.9,35.0,33.1,33.4,33.5,33.8,32.9,32.9,32.4,33.0,33.1,33.8,33.5,34.1,32.9,33.7,33.9,32.8,34.1,34.2,32.8,33.1,33.6,33.6,32.5,33.5,33.3,33.3,33.1,33.7,32.7,33.6,34.4,34.0,33.1,33.9,32.7,33.3,33.9,33.7,33.7,32.7,33.4,33.1,33.2,33.6,33.1,33.1,33.4,33.1,33.5,32.7,34.5,33.7,34.1,32.5,33.2,32.3,32.7,33.0,33.8,33.0,33.4,33.4,33.9,33.5,33.5,33.3,34.5,33.4,33.9,34.0,32.6,33.2,33.9,33.5,32.6,32.5,33.1,33.0,33.5,32.9,34.0,33.6,33.5,34.0,32.8,33.1,32.4,32.7,32.6,33.1,32.8,33.6,32.8,34.1,34.0,33.5,34.8,33.7,35.0,34.2,35.7,34.8,34.0,33.7,33.0,33.7,33.9,32.8,32.5,33.1,33.4,33.3,34.0,32.8,33.6,33.8,33.5,33.1,33.9,32.8,33.8,33.4,34.2,33.8,32.9,33.4,33.5,34.2,32.5,34.5,34.3,34.3,35.6,35.6,34.6,33.8,32.7,33.1,33.5,33.0,33.0,33.0,33.5,33.5,33.3,33.3,33.5,33.4,33.1,33.1,33.3,33.3,32.8,33.2,34.0,33.3,34.2,33.5,33.6,33.3,33.1,34.4,33.8,34.1,35.0,35.3,35.2,33.7,33.2,33.7,33.6,33.0,32.5,33.1,33.0,33.5,33.3,33.3,34.0,32.7,33.5,33.5,33.3,32.7,33.8,32.9,34.1,32.6,33.1,34.3,34.0,34.5,33.2,33.3,34.1,34.7,34.3,35.1,34.6,34.3,33.6,33.6,34.0,34.5,32.9,33.6,32.7,33.7,33.1,34.5,34.0,33.4,33.5,33.8,33.3,32.9,34.0,32.9,33.5,33.0,33.4,32.4,33.7,34.6,34.0,34.2,35.2,34.5,34.7,34.0,34.2,35.0,34.7,33.7,34.2,33.0,33.6,34.0,33.7,33.5,34.3,34.4,34.0,33.2,33.5,33.6,33.1,32.9,33.1,33.1,33.0,33.1,33.0,33.5,34.3,32.8,33.4,33.4,34.3,34.2,35.1,35.3,34.4,35.1,34.4,33.5,34.0,33.2,33.4,32.8,33.3,32.8,33.3,33.2,34.5,33.2,33.2,33.4,33.0,35.1,33.3,33.5,34.5,34.1,32.6,33.6,34.1,33.1,34.0,34.6,34.8,34.2,34.9,34.2,34.9,34.0,35.2,33.3,34.6,33.6,33.6,33.3,34.1,32.9,33.2,33.6,34.2,34.2,33.0,34.3,33.8,33.6,33.1,33.3,34.1,34.0,32.8,34.1,33.7,34.8,32.5,34.2,34.8,34.7,33.5,34.5,34.1,34.2,34.3,34.0,33.7,34.2,32.8,33.1,33.3,33.4,33.7,34.5,33.6,33.4,33.1,34.2,33.6,32.5,33.6,32.8,33.3,34.1,33.9,34.0,34.4,34.0,33.3,34.1,34.7,34.7,34.3,33.8,34.7,34.9,34.6,33.9,34.1,32.9,32.7,33.6,34.1,33.8,33.0,33.8,34.3,33.9,34.1,33.8,33.9,32.2,33.9,32.9,33.6,33.7,34.2,34.7,33.7,33.6,33.8,34.4,35.7,33.8,34.1,34.5,33.6,33.8,34.2,34.8,33.5,32.8,nan,33.9,33.2,33.7,33.3,33.7,34.2,33.5,33.4,33.3,33.4,33.9,32.4,32.9,32.2,34.3,33.9,34.0,34.5,33.8,33.3,34.5,34.9,33.2,33.9,34.4,34.9,33.5,34.4,33.2,34.3,33.6,33.3,33.1,34.6,32.6,33.3,32.9,33.5,33.6,33.8,33.9,33.7,33.2,33.9,33.5,33.2,34.2,34.0,33.9,35.5,33.2,34.2,34.4,34.7,34.0,34.1,34.8,34.9,35.1,34.9,34.1,33.6,32.6,32.9,34.0,34.0,33.4,33.3,34.9,33.9,34.2,34.0,33.5,33.7,33.1,32.9,33.0,34.2,33.5,34.1,33.0,33.9,32.6,34.2,34.5,34.9,33.8,35.6,34.8,34.2,35.0,35.3,33.7,34.4,33.6,33.5,33.6,33.6,34.0,33.8,33.9,33.8,33.2,34.1,33.7,34.1,33.4,33.5,33.8,33.9,33.0,35.2,34.1,35.7,34.3,33.7,34.1,34.7,35.1,34.7,35.5,34.6,34.0,34.4,34.4,33.5,33.7,32.9,32.2,34.4,33.6,32.6,33.7,33.4,34.2,34.0,33.3,33.0,33.3,33.0,33.3,32.8,33.5,32.6,34.4,34.5,34.3,34.1,33.4,34.7,34.3,34.3,34.6,34.6,34.2,35.2,34.1,33.9,32.5,33.9,34.6,33.8,32.8,33.6,34.1,33.6,33.9,33.6,33.7,35.0,34.0,33.1,33.9,33.9,34.5,34.8,35.6,36.4,34.2,32.8,34.1,34.3,33.4,33.4,34.8,34.6,33.9,33.5,33.6,34.3,33.8,33.2,33.9,33.2,32.5,33.3,33.9,34.5,33.9,33.2,33.5,33.3,33.9,33.6,33.4,33.2,34.5,34.8,34.7,35.0
1785307198.8725352,2311,32.4,32.8,33.6,33.6,32.4,33.3,33.6,32.6,33.1,33.0,33.8,32.5,32.2,33.2,33.3,33.3,32.6,32.4,33.5,33.2,33.3,33.8,34.6,32.8,32.2,32.8,33.7,33.3,34.3,33.7,33.5,34.9,34.1,33.5,33.0,33.2,34.1,32.5,32.4,34.0,33.5,32.9,32.3,33.3,33.2,33.1,32.6,33.1,33.4,32.6,32.3,33.3,33.9,33.6,32.0,33.9,33.3,33.9,32.9,34.1,33.7,33.3,32.5,33.5,33.7,34.1,34.6,33.5,33.7,32.8,32.9,32.8,32.3,33.7,32.4,33.0,32.0,32.7,32.9,32.7,32.6,32.9,32.9,32.9,32.6,33.0,33.0,33.4,32.5,33.2,34.0,32.9,33.3,32.1,33.1,33.6,33.8,33.5,33.1,34.3,32.3,32.3,32.5,34.6,34.5,33.2,32.5,32.9,33.1,32.1,33.1,33.2,33.1,33.2,33.7,32.5,33.2,33.0,33.4,33.7,33.0,33.5,33.8,33.3,33.0,32.6,33.2,34.6,33.8,33.0,33.8,33.7,32.1,33.0,33.4,32.7,32.7,33.6,33.7,32.3,33.3,33.2,33.5,32.9,33.9,32.4,33.0,32.4,33.0,32.9,33.2,32.3,32.6,32.7,33.8,33.6,33.2,33.3,32.6,33.6,33.9,33.6,32.6,33.8,33.3,32.3,32.7,33.6,34.1,33.1,33.3,33.0,33.3,33.4,32.9,33.0,33.8,32.6,33.4,33.3,33.1,33.4,32.8,33.6,33.3,32.2,32.8,31.7,33.7,34.0,34.0,34.2,33.8,33.1,33.5,34.2,33.3,33.9,33.7,32.9,33.4,33.5,33.5,32.5,33.1,33.6,33.3,33.4,33.0,33.3,32.4,33.0,33.9,33.3,34.0,33.4,32.6,32.5,33.4,32.7,34.1,33.8,34.2,32.9,33.3,32.6,32.8,33.7,32.5,33.4,33.6,33.9,33.5,33.4,32.9,33.3,33.5,33.0,32.7,33.4,33.2,33.5,33.2,34.0,33.7,33.6,32.2,32.8,33.3,33.5,32.7,33.0,33.2,33.0,33.3,32.9,33.3,33.7,33.1,34.4,33.7,34.6,35.0,34.2,33.5,32.8,32.2,32.5,33.3,33.3,33.3,32.8,33.1,32.9,33.1,33.1,33.0,33.6,32.9,33.1,33.2,33.4,34.1,32.3,33.2,33.5,33.4,32.7,34.0,34.4,32.7,34.3,34.0,35.6,34.6,34.2,34.0,33.3,33.1,34.0,33.0,32.4,33.2,33.7,33.2,33.8,32.8,34.2,33.2,32.9,32.8,33.4,32.8,33.0,32.3,32.9,33.8,32.6,32.1,34.1,34.1,33.3,34.6,33.6,34.4,35.7,34.6,33.5,33.2,33.4,33.7,33.5,33.3,32.9,32.8,32.9,32.9,33.7,33.1,33.4,33.2,33.5,33.6,32.5,33.2,33.5,34.0,32.4,32.9,33.3,33.9,32.8,34.1,33.6,33.5,33.7,34.5,35.1,34.8,35.3,33.9,33.6,32.6,33.5,33.7,33.7,33.3,32.8,32.9,32.9,33.4,34.0,33.2,33.2,33.0,32.8,33.1,33.2,32.3,32.4,32.5,33.2,33.6,33.1,35.9,33.6,32.7,34.8,35.1,35.6,34.4,34.2,34.2,34.7,33.4,33.1,34.0,33.3,33.7,33.7,33.8,33.0,33.9,32.6,33.7,33.4,34.3,33.6,33.4,33.0,33.8,33.8,34.4,32.6,33.5,32.9,33.7,32.4,34.4,35.1,35.1,35.1,33.6,35.0,34.8,34.6,33.3,32.9,33.1,33.0,32.5,33.5,33.1,33.0,33.2,34.0,33.9,33.2,33.2,33.6,34.1,33.2,33.0,34.0,33.2,33.7,32.8,32.9,34.0,33.6,34.4,35.2,34.0,34.3,35.2,33.8,33.6,33.8,34.3,33.0,33.8,33.5,33.8,33.0,34.0,33.8,33.5,33.7,33.4,32.2,33.8,33.5,33.4,32.6,33.7,32.8,33.3,33.5,34.5,34.1,33.8,34.6,34.0,35.5,34.3,34.9,33.6,34.8,33.8,35.1,33.0,33.2,33.8,32.8,32.6,33.5,33.9,34.1,33.8,34.3,33.7,33.4,33.2,33.6,33.2,33.0,33.4,34.2,33.4,34.1,32.6,33.8,33.8,33.1,33.1,34.5,33.4,34.0,34.2,33.5,33.9,34.4,33.6,34.0,32.8,33.0,33.8,32.5,33.3,33.0,33.0,34.0,32.8,34.0,32.8,33.3,33.8,34.5,32.8,33.1,34.0,33.7,33.5,34.5,34.0,33.5,34.6,34.8,34.2,34.5,34.5,34.5,33.7,34.5,33.2,34.0,33.0,nan,32.7,33.6,34.1,33.9,32.9,34.1,34.1,32.6,32.7,33.6,33.0,33.5,33.6,34.7,34.3,33.9,33.6,34.4,33.7,33.6,35.1,35.5,34.6,33.6,34.7,34.4,33.4,34.1,34.1,33.4,32.8,33.6,33.5,33.7,32.8,33.8,34.4,33.5,34.0,33.8,34.4,33.9,34.3,33.6,34.8,32.6,33.8,34.6,34.2,34.5,33.6,33.8,33.2,34.5,34.4,35.0,33.4,33.5,34.6,34.0,33.9,34.0,33.5,33.3,32.2,33.4,33.6,32.5,32.8,33.5,33.6,33.4,33.0,32.8,32.8,34.0,32.8,33.8,33.2,33.3,34.1,34.1,34.2,34.6,33.7,34.9,33.8,34.7,35.0,34.2,33.4,34.1,33.9,34.1,33.6,33.3,33.6,33.8,33.8,32.9,33.9,33.1,33.1,34.0,33.7,33.0,34.1,33.7,34.2,33.5,34.2,34.2,34.7,34.6,33.8,33.8,34.9,34.9,34.2,35.1,33.9,34.0,35.1,34.2,32.7,33.8,33.2,33.1,33.6,34.5,33.9,33.2,33.2,33.3,33.2,33.5,33.9,33.9,32.9,34.4,32.8,35.1,34.5,34.7,33.8,35.4,32.2,34.4,34.1,34.5,34.0,34.7,33.8,34.2,34.8,34.1,33.5,33.4,32.7,33.6,33.0,33.4,33.4,32.9,33.9,33.6,34.1,32.7,33.3,33.7,33.1,34.3,34.8,33.3,34.1,33.9,34.8,34.2,33.7,33.3,32.8,33.7,33.6,34.4,33.7,34.3,34.1,34.4,33.1,34.3,33.6,32.9,32.9,33.6,32.7,32.8,34.3,34.5,33.6,33.6,33.5,34.8,34.7,33.5,34.2,33.7,33.1,34.0,33.1,35.7
1785307201.08711,2312,34.8,33.1,32.3,35.0,33.9,33.8,32.9,33.7,33.3,32.8,31.8,34.4,32.4,33.1,31.8,34.3,32.9,33.5,33.4,33.4,32.9,33.8,34.0,33.8,32.8,33.6,32.4,33.5,33.4,33.5,33.5,33.6,33.9,33.0,34.9,32.7,32.3,33.1,33.3,33.3,33.1,33.3,32.5,31.9,32.5,32.7,32.6,32.5,32.0,32.7,33.5,31.6,34.3,31.3,33.1,33.1,33.3,33.7,33.8,33.2,34.0,34.0,33.3,33.0,33.1,34.1,32.1,33.8,32.4,33.3,33.1,32.8,32.6,33.1,33.3,32.5,32.5,33.9,33.6,33.3,33.2,33.5,32.7,32.8,33.8,32.8,33.2,32.3,33.8,33.5,32.1,33.3,33.5,31.9,33.3,34.8,33.3,32.2,33.8,33.8,32.3,32.1,33.1,33.0,31.8,34.3,32.9,33.0,32.4,32.6,33.3,33.7,33.1,32.7,32.7,32.3,32.5,32.6,33.4,32.6,33.2,32.3,33.4,33.5,33.2,33.2,33.5,34.1,33.7,33.5,32.0,33.0,33.3,33.0,32.4,33.5,33.5,32.9,32.8,33.7,32.8,33.5,33.1,33.0,33.8,33.6,32.9,33.6,33.7,33.7,33.4,33.3,33.6,33.1,32.7,34.0,33.0,33.3,33.0,35.2,33.6,32.9,33.2,33.1,32.5,33.8,32.9,31.1,32.8,33.5,33.7,33.5,33.4,32.7,32.7,33.3,32.8,33.1,33.4,34.1,33.1,32.7,33.3,32.8,34.0,32.6,33.5,32.9,32.6,33.3,33.6,33.5,33.3,33.8,32.4,34.0,33.2,34.3,33.5,33.4,33.9,33.1,32.3,33.4,33.1,32.9,32.9,33.1,32.8,33.0,33.0,32.8,32.7,33.1,32.7,33.4,32.8,33.4,31.7,32.5,33.7,33.0,33.5,33.7,34.2,33.5,33.0,32.0,33.2,32.6,33.5,32.8,32.9,33.3,33.2,32.6,32.8,33.8,33.2,33.2,32.7,33.2,33.2,33.5,32.9,32.8,32.1,33.9,33.1,32.4,32.9,33.4,34.4,33.6,32.8,34.4,34.3,34.3,31.9,35.0,34.8,35.1,34.7,34.4,33.0,33.5,33.7,33.4,32.8,32.7,32.5,33.6,33.6,33.0,32.4,33.1,33.4,34.1,33.1,33.9,32.5,33.3,33.0,33.3,33.4,32.3,33.4,33.7,33.0,33.1,32.5,33.3,33.8,34.3,34.6,34.2,32.3,32.9,32.6,32.8,32.7,33.2,33.5,33.2,32.6,33.2,34.0,34.2,33.2,33.4,32.6,33.8,32.6,33.4,32.7,32.5,32.7,32.7,33.7,33.0,33.5,32.9,33.4,32.8,34.2,34.7,33.6,35.2,34.4,33.4,32.5,33.5,33.3,33.5,33.1,32.9,33.0,32.9,33.3,32.9,33.0,34.0,32.9,32.8,33.3,32.4,32.7,33.1,32.7,33.9,32.7,34.2,33.0,34.4,33.5,33.5,33.8,35.2,34.8,34.4,34.5,32.7,33.1,33.5,33.1,32.1,32.5,32.7,33.6,32.4,33.4,33.2,33.2,33.0,32.0,33.3,32.8,33.3,33.9,32.6,32.8,33.4,34.0,32.7,34.0,34.6,34.0,35.4,35.2,34.1,34.2,35.4,34.0,34.7,32.5,33.6,32.6,33.5,33.3,33.8,33.8,33.2,32.8,33.2,34.3,33.4,33.3,33.1,33.4,32.8,33.8,33.6,33.6,32.4,32.9,34.3,34.3,33.8,33.2,34.7,34.4,34.2,34.4,34.3,34.1,33.6,34.3,32.8,32.9,33.3,32.3,32.9,33.4,33.6,33.2,33.1,33.1,33.7,34.0,33.4,33.1,33.0,33.9,33.6,32.8,33.9,33.0,34.1,34.0,33.6,33.4,35.0,34.4,33.8,33.4,34.7,33.4,34.3,33.6,33.3,33.6,33.2,33.3,33.5,33.7,34.0,33.4,33.4,34.1,33.7,32.9,33.6,33.1,33.1,32.9,34.4,34.0,33.0,32.9,34.3,34.4,33.5,33.4,34.4,33.8,34.0,33.3,34.3,33.0,33.8,33.0,33.2,32.9,32.9,32.9,33.4,33.0,33.6,33.6,33.8,33.6,32.9,33.7,33.5,33.8,33.5,33.4,32.9,33.6,33.9,34.2,33.4,34.4,35.2,33.7,34.7,34.5,33.8,34.0,33.7,33.9,35.2,32.4,33.8,32.8,33.0,32.6,32.7,32.5,33.7,32.6,34.3,33.4,33.2,33.4,33.1,33.1,32.9,32.7,33.8,34.0,34.1,33.7,33.1,32.5,33.6,34.4,34.6,33.8,34.3,34.1,33.9,34.0,35.0,33.0,33.2,33.1,nan,33.0,33.4,33.7,33.3,33.7,32.9,33.9,34.4,33.0,33.7,33.2,33.8,33.6,33.5,33.6,34.1,34.0,33.7,34.1,33.6,33.5,34.5,34.0,34.3,34.7,33.8,34.0,33.9,33.9,34.4,33.0,33.5,32.6,33.8,33.3,32.7,32.9,34.2,33.4,33.7,33.4,33.0,33.0,33.9,33.3,33.2,33.8,33.3,34.3,33.4,33.6,33.5,33.8,33.9,33.6,33.9,33.4,33.4,34.6,34.9,34.1,32.8,32.8,32.7,33.4,34.0,33.6,33.6,33.9,33.4,33.3,34.0,33.7,33.9,33.5,32.7,32.3,33.0,34.1,34.1,33.7,33.7,34.1,34.6,33.0,35.5,33.4,33.9,34.0,34.4,34.6,34.6,33.7,34.1,33.2,33.0,33.0,33.8,33.1,33.3,33.0,34.3,33.7,34.3,33.7,33.7,33.7,34.5,33.4,34.1,34.6,33.8,34.3,35.3,34.7,33.9,35.1,35.3,34.2,33.7,32.7,33.6,33.7,34.7,33.4,33.4,32.9,33.0,34.6,33.8,33.6,33.0,32.8,34.1,33.4,33.9,34.6,33.7,33.5,33.2,33.1,33.2,33.5,34.2,35.5,35.8,34.3,34.1,33.6,35.8,33.7,34.7,33.0,33.8,33.7,33.9,32.2,33.6,33.0,33.9,33.7,34.0,33.5,33.2,33.7,33.1,33.4,34.1,33.5,33.3,34.0,33.5,34.1,34.5,34.5,34.1,33.4,35.3,33.7,33.8,34.8,34.3,34.0,33.9,33.7,34.4,33.6,33.9,33.1,33.4,33.8,33.8,33.3,33.0,33.8,33.1,33.4,34.0,33.0,33.0,34.3,33.7,33.9,33.1,33.0,34.4,34.0,34.4,33.6,34.6
1785307203.239874,2313,34.5,33.6,33.5,33.3,33.0,32.9,32.2,34.3,33.0,33.2,33.3,33.6,32.6,33.1,33.5,32.4,33.2,33.5,32.2,33.0,33.6,33.6,32.7,33.0,32.9,33.4,33.1,33.8,34.2,33.2,32.9,34.9,33.1,33.1,33.7,34.6,34.3,32.6,32.0,32.8,33.4,33.4,32.7,32.6,34.2,33.9,32.1,33.7,33.3,32.6,33.7,33.2,33.6,32.6,33.3,33.4,33.7,33.2,33.3,33.3,34.0,32.3,33.5,33.4,33.5,33.4,33.4,34.2,33.1,33.9,32.0,33.2,33.5,32.7,32.7,32.8,32.0,33.2,32.9,32.9,33.3,33.5,32.2,33.1,32.8,33.1,33.3,33.3,34.1,33.0,31.6,33.9,34.5,32.8,34.2,33.4,34.5,34.3,33.1,33.5,32.9,33.9,33.7,33.7,33.0,34.0,32.3,32.4,33.5,33.2,32.8,32.4,32.9,33.9,33.5,33.8,33.0,33.2,32.7,32.8,34.0,34.1,32.4,33.2,33.6,32.3,33.0,33.8,33.7,34.9,33.5,32.8,33.2,33.6,32.9,32.7,33.6,32.7,32.4,32.6,32.7,33.0,33.2,32.9,33.3,33.1,32.9,32.7,33.6,33.0,33.7,32.6,33.9,32.6,34.1,34.0,33.5,33.9,32.5,33.6,33.4,33.0,32.8,33.2,34.2,33.0,32.5,32.3,33.4,33.6,33.2,33.1,33.2,33.0,33.4,33.2,34.1,32.8,32.7,33.7,33.8,32.8,33.7,33.1,33.2,33.9,33.0,34.1,33.2,33.2,33.1,33.9,33.9,34.0,33.0,33.9,33.5,33.5,34.0,32.3,33.8,33.8,33.0,32.8,33.3,32.6,33.5,32.8,34.0,33.8,33.4,33.0,33.3,33.4,32.9,32.7,32.3,33.0,32.5,32.9,33.8,33.6,34.9,33.5,33.9,33.6,33.2,33.8,33.6,33.8,32.9,32.7,33.4,33.8,33.7,33.2,33.7,32.4,33.5,33.7,33.2,33.1,33.0,33.3,33.8,33.0,33.3,33.3,32.6,33.3,32.0,32.9,33.0,33.9,33.7,34.1,33.6,33.1,34.4,33.8,34.3,36.0,34.4,33.1,33.6,34.0,32.9,33.4,33.5,33.0,32.9,33.3,33.3,33.2,32.7,33.1,33.2,33.1,32.5,32.6,33.1,33.4,33.1,33.9,33.5,33.3,33.3,34.1,34.0,33.5,33.1,32.8,34.9,35.5,34.6,34.3,33.7,33.1,33.4,32.7,33.0,33.2,33.5,33.6,33.2,32.9,33.2,33.4,33.7,33.1,33.0,31.9,33.6,33.0,33.9,32.6,34.4,33.6,32.3,33.9,33.4,34.6,34.1,33.8,34.7,35.5,34.5,34.7,33.8,33.1,33.7,33.6,33.3,33.0,33.3,33.3,34.2,33.7,33.0,33.4,33.2,33.5,32.5,33.3,32.7,32.1,32.8,32.9,34.1,33.0,34.0,33.4,34.3,33.7,33.3,33.8,35.8,36.0,34.8,35.2,34.2,33.0,33.1,33.6,32.9,32.6,32.9,32.8,34.0,33.4,33.2,33.6,33.6,33.3,33.6,33.1,32.9,33.4,32.9,32.5,33.9,33.6,32.8,33.2,34.3,34.2,34.1,35.2,34.8,34.3,34.2,34.3,34.3,33.9,33.8,33.4,33.2,32.5,33.9,33.2,33.4,33.5,32.8,33.8,33.7,34.0,32.7,33.8,33.1,32.8,33.0,33.4,33.6,33.7,32.8,33.1,33.9,33.9,34.1,34.4,34.9,34.4,35.0,34.0,34.8,33.9,32.8,32.9,33.1,33.3,32.6,34.0,33.7,33.6,34.0,33.5,33.4,33.1,33.5,33.3,33.8,32.9,33.0,33.2,34.1,32.7,33.4,33.4,33.7,33.4,34.1,34.8,34.6,34.0,34.1,34.0,34.1,34.1,33.2,33.6,33.5,33.8,34.0,34.0,33.7,33.5,33.2,34.2,34.1,33.3,32.5,32.6,33.5,33.1,33.2,33.5,33.4,34.1,33.8,33.7,33.8,33.8,34.0,34.7,34.0,33.8,34.0,33.3,34.5,34.5,33.7,33.4,33.7,33.2,32.9,33.5,33.3,33.5,33.3,34.3,33.5,33.7,33.5,33.3,34.0,33.2,34.1,33.0,33.4,33.8,33.8,33.3,33.7,34.6,34.4,34.9,34.2,34.1,33.9,34.2,34.3,34.6,33.7,33.3,33.7,32.7,33.3,33.2,33.0,33.8,33.7,34.0,34.2,33.5,33.2,34.3,33.8,33.4,33.0,33.8,34.1,34.6,33.8,35.1,34.4,34.0,32.8,34.1,34.3,34.2,33.8,34.4,34.0,33.9,34.8,33.6,33.6,nan,33.2,33.5,33.9,34.1,33.4,33.3,33.4,33.1,33.2,33.8,32.8,33.0,33.3,33.4,34.5,33.6,34.6,34.4,32.9,33.6,34.4,34.9,34.3,34.5,33.4,34.6,34.1,34.9,34.0,34.8,33.0,33.1,33.0,33.3,33.7,33.3,33.3,32.8,34.0,33.7,33.4,33.4,33.8,33.2,33.9,34.7,33.3,32.9,34.1,33.7,34.9,34.7,34.4,34.0,34.5,34.6,34.5,34.1,34.0,34.4,34.4,33.6,33.0,33.3,33.4,34.3,34.1,34.0,32.8,33.5,33.7,34.1,33.2,32.4,33.9,33.3,33.9,33.0,33.7,32.8,34.3,33.8,33.6,33.5,33.8,35.3,34.3,34.7,34.5,34.6,34.2,34.6,34.0,34.3,33.1,33.3,33.6,33.3,34.7,32.8,33.4,34.0,33.8,33.0,33.8,32.5,33.3,33.5,33.5,33.5,33.9,33.4,34.6,34.2,33.6,33.6,34.3,34.0,34.2,34.9,34.2,34.1,35.4,34.3,33.0,33.4,33.2,33.5,33.2,33.8,34.4,33.3,33.0,34.0,33.9,33.8,33.5,33.2,34.0,33.5,33.1,33.9,34.1,33.8,34.0,35.0,35.6,34.1,32.6,34.5,34.4,34.5,33.7,34.2,33.8,34.6,34.0,33.9,32.5,33.4,32.7,33.4,33.3,33.6,33.4,34.1,34.7,34.0,33.8,33.3,34.3,35.0,33.0,33.9,33.8,35.6,35.3,35.8,33.7,33.4,33.5,34.2,34.8,33.3,33.5,33.8,33.6,35.2,32.7,32.9,33.8,33.0,32.9,33.5,32.7,33.2,32.9,33.9,34.5,33.1,33.7,33.4,34.1,33.4,35.0,34.1,33.3,34.1,34.5,34.9
1785307205.2522328,2314,34.6,32.5,32.6,33.3,33.0,32.2,33.4,32.4,33.3,32.4,32.6,33.2,33.9,32.6,33.1,33.3,32.4,32.6,32.9,33.2,32.7,31.8,32.4,32.4,33.2,33.2,32.8,33.3,32.7,33.2,33.0,33.9,32.8,32.7,33.7,33.2,33.0,31.8,32.6,33.3,33.6,33.5,32.9,32.7,32.5,32.9,31.9,33.4,32.9,32.9,32.2,34.0,32.3,33.0,32.9,33.3,32.1,33.1,32.3,33.0,32.8,33.3,33.7,33.2,33.4,33.4,32.3,34.7,33.4,31.4,33.5,32.6,32.8,32.2,32.6,33.2,33.9,32.5,32.9,33.8,33.1,32.7,32.7,32.7,33.6,33.0,33.2,33.4,32.9,32.8,32.7,32.6,33.7,32.3,33.6,34.5,33.3,33.9,31.7,32.7,31.8,33.2,33.0,33.0,33.0,32.8,33.9,32.0,32.4,32.4,32.4,33.2,32.9,33.0,32.1,33.0,33.0,32.3,32.7,33.3,33.2,33.1,32.6,33.3,32.1,32.0,32.5,33.7,33.5,33.2,33.3,33.2,33.9,33.6,32.6,33.1,34.1,33.0,33.4,32.9,33.0,33.0,34.5,33.0,33.7,32.9,32.8,32.9,32.7,32.9,33.4,32.3,32.9,32.5,32.1,34.0,34.2,33.6,33.2,32.5,33.4,32.9,32.6,33.1,32.5,32.9,33.1,33.6,32.6,32.8,32.3,32.7,33.2,32.7,33.4,33.9,32.0,32.9,32.9,33.6,33.3,32.7,32.4,33.0,33.3,32.6,33.5,32.9,32.7,33.1,32.0,33.7,34.5,33.1,33.1,33.7,33.5,33.3,33.5,32.8,33.4,32.6,32.3,32.8,33.2,32.6,33.2,33.4,33.5,33.6,32.7,33.0,34.2,33.6,32.7,32.9,33.7,32.0,33.0,33.4,33.3,33.0,34.0,32.9,33.3,34.1,32.1,33.4,32.4,33.2,33.6,33.5,31.8,33.0,32.8,32.4,32.2,32.3,33.1,32.9,32.6,32.5,32.7,33.0,33.0,33.5,33.2,34.3,32.7,33.6,32.9,32.8,32.6,32.6,32.4,33.1,33.0,33.3,33.9,32.4,33.7,34.9,33.8,32.9,33.9,33.5,33.0,33.2,32.6,32.5,33.0,33.6,32.8,32.4,32.8,33.6,33.1,32.0,32.9,33.2,33.8,32.7,33.8,32.8,33.4,33.5,33.0,33.1,33.4,34.0,32.2,34.3,34.0,35.6,34.6,34.0,33.6,33.4,33.2,32.8,33.7,33.3,33.2,33.7,34.1,32.9,32.8,33.4,32.7,32.7,32.6,33.2,33.1,32.9,33.2,33.3,32.5,33.3,33.1,32.8,34.7,33.1,32.6,33.0,34.4,34.7,34.8,34.4,33.6,32.9,33.8,33.1,33.3,32.7,32.6,33.3,33.5,32.7,33.9,33.7,33.2,33.6,32.9,33.1,33.0,33.3,32.9,33.1,32.9,32.6,32.9,32.6,31.7,33.8,32.9,33.7,34.4,35.8,34.4,34.4,34.3,33.3,33.1,33.4,32.8,33.2,33.2,34.0,33.2,33.4,33.0,33.1,32.3,33.5,32.9,33.5,32.4,33.0,32.9,32.2,33.2,33.0,33.2,33.1,33.8,34.0,34.0,34.2,34.3,34.3,35.0,35.3,35.0,33.4,33.0,32.6,33.3,32.7,33.0,33.0,33.3,32.5,33.1,33.0,32.4,32.4,33.9,33.4,33.6,32.4,33.8,32.8,33.8,33.3,32.7,33.1,33.2,33.8,33.5,35.3,33.3,34.5,34.3,34.4,34.6,34.0,33.0,33.8,33.2,33.9,33.7,33.3,33.1,34.1,33.1,33.7,33.4,34.0,33.4,33.0,33.1,32.7,33.0,33.8,33.2,33.2,32.4,32.7,33.6,33.8,33.8,33.7,34.7,33.3,34.9,33.6,34.0,34.6,33.4,33.6,34.6,33.2,33.1,33.7,33.0,32.4,33.9,33.2,33.4,32.4,32.8,33.4,33.7,33.8,33.7,32.4,34.7,32.6,33.7,33.9,32.5,34.1,33.4,34.2,33.3,34.0,33.8,34.3,33.8,33.5,32.7,33.5,33.1,33.7,33.4,34.2,33.3,33.3,33.1,34.1,33.0,33.9,33.8,33.7,33.0,33.3,33.2,32.4,33.2,33.4,34.8,34.0,34.0,33.1,34.1,34.1,34.0,33.8,33.8,34.9,35.6,33.2,33.6,33.8,33.8,33.0,33.8,32.7,34.1,33.8,34.1,33.5,32.5,33.3,32.9,33.4,34.1,33.1,33.7,32.9,32.7,33.7,34.3,34.9,33.8,34.1,33.4,34.0,33.6,33.0,33.6,34.5,34.2,33.8,34.5,33.3,33.0,nan,33.0,33.6,32.6,32.6,32.9,32.9,32.9,34.0,33.0,33.5,33.0,33.1,32.3,32.9,33.8,33.0,33.8,34.1,33.9,32.9,33.9,34.3,34.0,33.2,34.2,34.2,33.7,33.4,34.7,32.4,33.5,32.8,33.5,32.6,32.8,33.0,33.8,33.5,33.6,33.0,33.4,33.0,33.5,33.4,34.0,32.8,33.6,33.3,33.7,33.8,33.6,33.7,33.2,34.7,33.8,34.1,32.4,34.4,34.5,33.7,34.7,33.7,33.3,33.4,32.9,33.5,33.4,33.3,32.6,33.6,33.6,34.6,33.0,34.4,33.0,32.9,31.7,33.1,33.5,33.7,33.8,33.5,33.7,34.6,34.3,34.0,33.6,33.7,33.7,34.4,34.1,35.1,33.7,33.2,33.9,32.1,33.0,33.6,33.6,33.4,34.2,34.5,34.3,32.8,33.9,32.3,34.3,33.3,33.0,32.9,34.6,33.4,34.5,34.4,34.9,34.0,33.2,34.5,34.6,34.3,32.4,34.0,33.1,33.9,32.9,34.2,32.5,33.2,33.4,32.9,34.1,32.4,33.3,33.2,33.4,33.7,33.1,33.3,32.5,34.5,33.5,33.8,33.1,34.3,33.3,34.7,34.1,32.5,33.6,34.0,34.5,34.3,33.2,34.0,34.2,33.7,33.2,33.4,33.5,32.5,32.5,32.9,33.7,33.2,33.5,33.6,33.9,33.6,33.3,32.9,34.8,32.4,33.5,33.7,33.9,34.3,34.3,34.4,33.5,34.2,32.6,33.9,33.4,34.8,33.3,34.1,33.2,34.2,33.6,33.6,33.2,33.2,33.2,33.2,33.6,33.1,33.0,33.3,32.5,33.4,32.8,32.8,33.0,33.7,33.2,34.2,34.1,34.2,34.9,34.6
1785307207.6412282,2315,33.9,33.8,34.0,33.0,33.2,32.8,33.3,33.1,33.0,33.0,32.5,32.5,32.1,33.0,32.8,33.2,33.6,33.2,33.3,32.5,34.1,33.2,35.0,33.3,33.7,34.1,33.3,33.6,34.6,34.0,33.3,33.5,33.2,33.6,32.4,33.1,34.0,33.0,32.1,33.4,33.1,33.7,32.8,33.6,33.5,32.2,32.5,33.7,33.3,32.6,32.7,32.2,32.7,32.7,33.2,33.2,33.4,34.4,33.2,32.4,33.2,33.7,32.1,34.1,33.5,33.8,34.0,33.6,32.5,32.7,34.4,32.5,33.1,33.2,33.7,32.9,33.4,32.6,33.1,33.0,32.1,32.8,33.1,33.2,33.7,33.5,34.0,32.2,33.7,33.4,33.0,33.1,34.2,32.4,33.7,33.5,34.4,33.1,33.5,33.9,33.6,33.6,32.3,33.7,32.8,32.9,32.6,33.7,33.4,33.0,32.5,32.2,32.4,33.9,32.7,33.4,33.4,33.7,33.1,32.3,32.9,33.9,33.3,34.0,33.3,32.9,32.2,34.0,34.6,34.7,32.6,32.9,33.4,32.8,33.7,33.7,33.4,33.4,33.1,33.5,33.2,33.4,33.7,33.1,33.4,33.6,32.8,33.3,33.4,34.3,34.2,32.3,33.1,33.2,33.1,32.1,33.1,34.1,33.1,33.3,34.0,33.7,33.5,32.1,32.1,32.8,33.4,33.6,34.1,33.0,32.8,33.0,32.9,33.4,32.8,34.5,33.0,34.0,33.3,33.6,32.8,33.6,33.0,33.2,33.2,33.2,33.4,33.5,32.6,34.0,32.3,33.4,34.6,33.7,33.6,33.6,32.9,33.6,32.5,32.7,32.6,32.6,32.5,32.9,32.6,32.8,32.5,33.1,32.9,32.9,33.1,33.5,33.5,33.0,33.4,33.6,33.0,33.2,32.9,33.0,34.2,32.5,34.9,32.5,34.5,32.7,33.6,33.5,33.3,34.0,33.1,34.6,33.9,33.1,33.1,32.5,32.6,33.2,33.4,33.4,33.2,32.7,33.0,33.4,33.7,32.2,32.8,33.1,32.9,33.5,33.3,34.2,32.5,33.1,32.7,33.2,32.7,34.8,34.0,34.6,33.2,34.8,35.6,34.4,33.4,33.5,32.7,34.2,32.5,33.7,33.5,33.3,33.2,32.6,33.0,32.7,33.8,32.7,33.3,33.3,32.4,33.1,33.3,33.9,34.2,33.7,34.1,33.8,33.3,33.9,33.7,34.2,34.2,35.6,36.2,33.9,34.0,33.8,33.0,33.8,33.2,33.1,33.0,33.6,33.5,33.4,33.7,32.8,33.9,33.4,32.0,33.2,33.2,33.2,33.4,33.8,33.2,33.7,34.0,33.5,34.0,33.4,34.3,32.9,34.5,35.1,34.0,34.9,33.9,33.1,32.9,33.7,33.5,33.8,33.8,32.9,33.8,33.7,34.0,33.7,33.5,33.3,33.3,33.8,32.5,33.3,33.5,33.1,34.4,33.9,33.4,33.3,33.1,33.5,34.0,34.6,34.8,35.8,34.8,33.8,34.7,33.6,33.5,33.6,33.6,33.1,32.6,33.4,33.3,33.3,33.7,33.7,32.9,33.9,32.7,33.4,33.5,33.7,33.1,33.3,33.1,32.9,32.3,33.6,33.0,34.9,33.9,34.5,34.2,34.0,34.6,34.6,34.8,34.3,32.8,33.6,33.7,33.2,32.6,33.4,33.5,34.2,33.5,33.1,34.2,33.2,34.3,33.0,34.4,32.8,33.2,33.8,33.9,33.0,33.8,33.5,33.1,33.7,33.8,34.8,33.7,34.2,35.0,35.5,34.8,34.0,34.2,33.7,32.8,33.2,32.8,33.8,33.6,33.9,33.3,33.6,33.4,32.9,32.7,34.1,33.3,32.7,33.2,33.8,33.9,33.6,33.6,33.4,33.7,34.1,34.5,34.1,33.9,34.2,34.0,34.7,34.9,34.6,33.5,33.0,33.5,34.2,33.3,32.7,33.2,33.4,32.7,33.7,32.7,33.0,34.1,33.2,34.1,33.6,33.7,33.4,34.3,33.6,34.2,34.3,34.3,33.4,34.4,34.5,33.7,34.4,34.0,33.8,33.4,35.1,33.2,33.1,33.8,33.6,33.1,34.1,33.8,33.6,33.8,34.1,33.6,33.8,32.9,33.6,33.7,33.5,33.3,34.2,33.6,33.6,33.8,34.1,33.0,33.6,34.1,34.9,34.0,34.5,33.5,33.9,34.4,34.3,33.8,33.8,33.1,33.4,33.8,33.4,32.7,33.7,33.5,33.0,33.0,33.2,33.3,34.0,33.0,33.3,33.5,32.9,34.5,33.2,34.6,34.1,34.3,33.1,33.6,33.3,33.7,34.7,34.2,34.2,34.9,34.6,34.0,34.2,33.3,nan,33.7,34.2,33.5,33.8,32.9,34.0,33.1,34.6,32.5,33.2,33.6,34.0,32.6,34.2,34.4,33.6,34.3,34.6,33.7,33.8,34.6,34.0,34.3,34.7,34.8,34.8,33.8,33.9,34.3,34.1,32.9,33.5,33.7,33.4,33.8,32.5,34.3,34.0,33.5,33.7,33.6,33.4,33.4,33.6,33.3,33.8,33.5,33.2,34.0,34.8,35.2,34.0,33.9,33.6,34.8,34.3,34.0,34.2,34.4,34.9,34.4,33.7,33.5,33.3,33.1,33.6,33.1,33.8,34.5,34.3,34.8,33.1,33.4,34.6,33.4,33.7,33.8,33.5,33.2,35.1,34.8,35.4,34.7,34.9,33.1,34.3,34.6,35.7,33.4,33.6,34.1,34.8,33.4,35.0,33.6,33.2,32.7,34.0,33.2,33.3,35.1,34.2,33.8,34.2,33.1,33.3,33.8,33.8,33.5,34.3,34.7,33.9,34.8,33.9,33.2,34.0,32.7,34.8,33.7,35.3,34.1,34.3,34.8,34.4,33.3,33.7,33.3,33.8,34.3,34.0,33.6,32.6,33.7,34.0,33.8,33.9,32.8,34.3,33.0,33.8,34.9,33.3,33.6,34.9,34.7,35.5,33.9,33.5,33.9,34.1,33.6,34.4,34.5,33.5,33.9,33.4,33.6,33.1,34.0,33.4,33.1,33.3,34.1,33.1,33.8,33.6,34.5,33.8,34.1,33.6,33.6,33.2,35.4,32.8,34.2,34.4,34.4,34.7,32.9,34.1,33.3,34.2,34.3,34.0,34.0,34.3,32.7,34.8,32.9,33.5,33.3,33.6,34.2,34.5,33.8,34.0,33.3,34.0,34.0,33.4,33.8,34.7,33.8,34.1,34.0,33.7,35.0,33.8,34.3,35.6
1785307209.7911425,2316,33.4,33.0,33.5,33.7,32.5,32.3,32.2,33.1,31.1,32.9,31.5,32.5,32.2,32.5,31.4,33.6,32.3,32.9,32.6,33.0,32.6,33.1,32.3,33.5,32.6,32.9,32.5,33.2,33.0,32.6,32.1,34.3,32.2,32.3,33.8,33.3,33.3,31.0,33.8,32.6,32.5,32.2,32.6,31.6,31.8,32.7,32.9,32.5,33.1,32.4,32.5,32.4,32.0,31.6,32.4,33.2,32.8,32.4,33.8,32.6,31.8,31.8,32.6,33.9,32.5,33.5,31.7,33.2,33.3,32.5,32.0,33.1,32.5,33.0,31.3,33.1,32.0,32.6,31.5,32.6,32.2,32.3,31.7,33.3,32.9,32.5,33.0,33.3,32.4,33.4,32.8,32.9,31.4,33.3,32.7,32.5,33.7,31.6,33.5,33.9,32.6,33.0,32.5,33.3,33.2,32.5,33.6,32.2,32.3,32.8,32.1,32.7,32.8,32.5,33.2,33.4,32.4,33.2,32.4,33.3,32.4,32.9,32.3,32.6,32.7,31.6,32.6,32.6,32.4,33.1,32.8,33.5,31.3,33.2,32.1,33.0,32.0,32.7,32.5,33.0,32.7,32.6,31.6,32.9,32.7,33.0,32.8,33.1,33.4,32.4,33.1,33.4,33.5,33.7,32.2,32.3,32.7,32.9,32.7,34.6,35.1,32.8,32.2,33.4,33.1,32.4,33.9,32.5,32.3,32.1,32.9,32.9,32.0,32.8,32.8,33.3,32.7,32.0,33.3,33.6,32.5,32.1,33.9,33.1,32.7,32.6,33.2,32.5,33.0,32.4,33.4,32.7,33.0,32.8,32.5,33.8,32.0,32.8,33.0,33.3,32.6,32.6,32.0,32.5,32.3,33.1,32.1,33.1,33.0,33.7,32.8,33.5,33.8,32.0,31.8,32.2,32.0,33.2,32.7,32.8,33.0,32.9,32.8,33.0,32.9,32.0,33.4,32.9,33.6,33.8,33.7,32.5,32.7,32.5,33.6,33.0,33.0,33.0,32.5,32.7,33.4,31.6,32.7,32.7,32.9,32.8,32.8,32.8,32.8,32.8,33.3,32.1,34.2,32.5,32.7,32.8,31.2,32.7,32.4,33.9,32.8,34.5,34.7,33.9,33.4,33.2,32.7,34.2,32.3,33.5,33.2,33.2,32.5,33.1,32.8,33.2,32.8,33.0,32.8,32.1,32.4,32.6,33.1,32.9,33.3,33.2,33.1,33.2,33.3,33.4,33.1,33.2,32.9,34.0,34.6,32.9,32.9,32.9,33.3,33.5,32.4,32.3,32.7,33.4,33.4,32.3,33.8,32.9,33.1,33.1,33.3,32.0,34.0,32.1,33.4,32.9,33.5,33.4,34.2,33.3,32.1,33.0,32.9,33.3,33.4,34.7,33.4,34.8,33.3,33.4,33.2,33.0,32.3,33.1,32.5,32.9,33.3,33.1,32.8,32.3,33.4,32.9,32.8,33.3,32.7,32.6,32.8,33.7,32.6,33.2,32.6,33.1,32.9,33.7,34.0,32.6,34.6,35.1,35.0,34.8,34.2,32.6,33.2,33.4,32.6,31.6,33.9,33.3,32.7,32.8,33.5,32.6,34.1,32.6,33.2,34.0,33.5,32.3,32.7,32.8,33.4,32.7,32.7,32.5,33.0,32.8,32.9,34.3,33.7,35.1,34.0,34.6,34.4,34.3,33.2,33.0,33.5,32.7,32.4,34.0,33.4,32.6,33.5,33.1,33.0,33.9,32.1,34.0,32.7,32.5,33.0,33.6,33.9,33.0,33.2,32.5,33.1,32.9,33.8,34.8,34.3,32.8,33.8,33.1,34.2,33.0,33.3,33.4,32.8,32.5,32.8,33.1,33.6,33.1,33.1,33.3,33.3,32.9,34.1,32.4,32.7,31.8,33.8,32.8,33.0,32.5,33.5,34.4,33.4,33.9,33.1,34.1,33.0,33.5,33.5,34.2,33.1,34.6,32.8,33.2,32.7,33.4,33.7,33.4,31.8,33.1,32.6,33.2,32.8,33.1,32.5,32.8,32.8,32.6,33.7,32.9,33.3,32.9,33.1,32.9,33.2,33.0,34.3,34.4,33.3,33.2,34.2,32.8,33.4,34.0,33.7,33.1,32.7,32.3,33.3,32.3,33.9,32.8,33.9,33.2,33.6,32.7,33.1,32.9,32.9,33.3,33.8,32.8,33.1,32.5,33.9,33.1,33.0,34.3,33.3,34.9,33.3,34.4,34.1,33.7,33.4,33.8,31.6,33.8,32.6,33.0,33.0,33.4,32.2,32.3,32.8,33.7,33.6,32.7,33.1,33.3,32.8,33.5,33.2,32.4,33.7,33.0,33.2,33.7,33.9,32.9,32.6,33.9,33.5,32.7,34.0,33.1,33.2,34.0,32.9,33.5,33.0,nan,33.4,33.3,33.3,32.5,33.9,33.8,33.1,33.1,32.5,33.6,33.2,33.0,33.3,33.2,33.7,32.6,34.3,34.8,33.7,33.6,33.3,35.2,33.3,34.0,33.1,34.4,34.6,33.9,33.1,33.6,32.9,33.0,33.5,33.2,32.8,32.9,33.5,33.0,33.0,33.4,32.7,33.6,32.7,33.6,33.0,32.9,33.3,33.7,33.4,35.2,34.1,33.2,34.3,33.5,34.2,33.6,34.0,35.1,34.6,33.7,33.6,33.9,33.0,32.0,33.9,33.6,32.8,32.5,34.0,33.5,32.8,32.9,33.6,33.6,33.7,32.8,33.6,33.3,32.6,32.8,33.7,33.6,33.8,33.4,33.5,34.4,34.1,33.8,33.0,34.8,33.6,35.2,32.6,33.3,33.3,32.8,33.1,33.7,33.2,33.3,33.2,33.0,33.3,33.5,32.5,33.1,32.7,33.8,32.5,32.8,33.3,34.1,32.6,34.9,33.2,33.4,35.0,34.1,33.9,33.2,34.8,33.5,33.9,33.7,33.6,33.0,33.3,32.4,32.7,33.1,33.1,33.3,33.9,33.8,32.9,33.0,34.1,32.7,33.1,32.0,33.8,33.6,34.9,32.9,34.1,34.1,32.3,33.1,33.9,35.4,32.6,33.6,33.3,33.7,33.4,33.2,33.0,33.1,32.3,32.6,33.0,33.5,32.5,33.3,32.8,33.6,33.4,33.3,33.9,33.6,33.4,33.2,33.8,34.3,33.2,33.4,34.9,34.5,34.3,32.0,34.2,34.0,33.1,33.2,34.3,33.7,33.6,33.9,34.0,33.3,31.9,32.9,34.4,32.9,32.9,33.0,33.3,33.8,33.3,33.1,33.4,33.8,34.0,33.1,33.6,33.3,33.0,33.4,34.8,33.3
1785307211.674966,2317,33.6,31.7,31.9,32.8,32.9,32.9,33.0,32.6,32.8,31.7,33.3,32.8,33.7,32.6,33.0,33.1,32.6,32.4,33.0,33.9,33.9,32.6,31.5,33.2,32.8,32.8,32.5,34.2,32.6,33.0,32.1,31.8,33.0,33.4,32.7,33.6,33.0,32.4,33.2,32.4,32.6,33.1,32.1,32.8,32.3,33.5,32.8,32.9,32.7,32.8,32.8,31.7,32.4,32.7,32.7,33.0,32.7,33.8,32.7,33.1,33.5,33.0,33.0,33.6,34.0,33.1,32.2,33.7,32.5,32.4,32.6,33.2,33.3,32.9,31.9,33.0,32.7,32.7,32.0,32.3,32.4,33.4,32.2,33.6,32.4,31.3,32.9,32.7,33.4,33.1,32.2,33.0,33.2,33.0,33.0,32.9,32.8,34.0,33.1,33.2,33.3,33.8,33.4,32.9,33.1,33.3,32.7,34.2,33.6,32.5,32.2,32.9,32.0,33.4,33.7,33.6,33.2,33.4,32.5,32.6,32.1,33.5,33.4,32.4,32.5,32.9,34.3,32.4,33.4,32.8,31.9,33.4,33.6,32.0,33.1,32.9,33.6,32.7,32.5,33.1,33.8,33.3,33.0,32.7,32.7,33.0,32.3,33.2,33.2,33.3,32.9,33.7,32.6,32.9,32.5,32.6,33.3,33.8,32.9,33.1,33.1,34.2,33.2,33.0,30.8,33.3,32.9,32.5,32.1,32.5,32.8,33.2,32.5,32.1,33.4,32.3,33.3,32.8,33.7,32.8,32.6,32.4,33.1,32.5,32.9,33.2,32.9,32.7,33.3,33.2,32.9,32.5,33.4,34.2,32.5,33.7,33.1,32.9,32.3,32.8,33.3,32.9,32.5,32.6,33.3,32.7,32.6,32.7,33.3,33.0,33.1,33.5,33.5,32.9,31.8,33.2,33.2,33.0,32.7,32.7,33.2,32.8,32.2,33.1,33.0,33.3,33.5,33.1,34.3,34.0,33.8,33.0,32.6,33.9,32.5,32.6,32.8,33.2,33.8,32.4,33.0,32.6,33.1,33.2,32.2,33.0,32.0,32.4,33.4,32.8,34.0,32.7,33.6,33.1,33.6,33.2,34.4,32.4,33.2,34.1,34.3,34.7,34.4,34.1,32.7,33.5,32.4,33.7,33.0,32.8,32.0,33.7,33.0,32.7,33.1,33.6,33.1,32.6,32.4,33.6,33.0,32.7,32.6,33.7,34.0,33.6,33.3,33.5,32.1,32.8,33.2,33.0,34.1,35.1,34.9,33.0,33.6,33.3,32.7,32.5,33.3,32.3,33.6,33.4,33.5,33.1,33.3,33.6,33.0,33.4,33.8,32.7,33.3,32.6,32.8,33.7,33.8,32.4,33.7,33.1,33.3,32.9,32.5,34.1,34.5,35.5,34.1,34.3,33.6,33.5,33.0,32.9,33.3,33.0,33.5,33.8,34.4,32.8,33.0,32.8,33.4,32.3,32.8,33.1,33.4,32.9,33.1,33.0,33.2,32.7,32.6,32.6,32.8,34.7,34.1,32.2,35.6,35.5,35.2,34.8,34.1,33.8,33.1,33.5,32.9,34.2,33.1,33.1,33.2,33.7,33.3,33.3,33.0,32.9,32.9,32.9,33.6,33.0,33.9,33.9,33.0,33.2,34.3,32.1,34.3,33.9,32.9,34.8,34.6,34.8,33.7,33.6,34.3,34.0,32.6,33.4,33.3,32.4,32.9,33.3,33.7,33.6,33.1,32.5,33.7,33.7,33.3,32.7,33.6,32.4,33.7,33.0,34.2,32.7,32.4,33.4,34.3,33.9,34.1,33.8,34.0,34.6,34.2,34.3,33.9,34.0,32.9,33.4,33.2,33.0,33.2,32.0,33.2,33.6,33.7,32.6,34.0,33.1,33.3,32.9,31.9,33.0,33.2,33.1,33.7,33.6,33.0,34.0,33.9,34.4,33.5,35.5,33.9,33.8,33.1,33.6,33.6,34.4,33.6,33.8,32.8,33.5,33.2,32.8,33.5,32.7,33.0,33.3,33.8,33.3,31.9,33.4,33.1,33.2,32.8,33.3,33.9,32.4,33.3,33.0,33.9,34.6,33.2,33.5,33.4,33.2,34.5,34.0,33.8,34.3,32.8,32.6,34.0,32.5,33.4,33.6,33.2,33.6,33.6,33.2,33.7,33.0,33.2,32.6,34.0,33.2,33.7,33.0,32.6,33.8,33.1,34.1,34.1,33.7,33.7,34.8,34.0,34.3,33.5,34.0,34.1,34.2,33.3,33.9,33.6,33.3,33.8,32.3,33.0,33.8,33.0,33.5,33.3,33.3,33.3,33.6,33.5,33.2,33.0,31.7,33.2,33.8,32.7,32.4,33.3,34.3,33.7,33.7,32.8,34.1,34.3,33.8,34.0,33.4,34.8,32.5,33.1,nan,33.7,33.3,33.2,33.3,33.3,34.0,32.7,33.4,33.7,32.7,32.6,33.3,32.7,33.3,33.9,32.6,33.5,34.6,34.8,34.4,34.0,33.9,33.9,34.7,34.6,34.5,34.1,33.5,33.4,33.7,33.7,33.1,33.5,33.3,33.2,33.0,32.6,33.5,32.5,33.6,32.9,33.4,33.2,33.2,33.0,34.1,34.4,33.4,33.6,34.6,33.8,33.8,34.4,34.9,33.4,34.3,34.6,34.6,34.0,34.4,34.0,33.2,32.1,33.3,32.7,32.7,33.1,32.8,33.1,33.8,33.0,33.4,33.7,34.3,33.1,32.8,32.8,33.1,33.3,34.2,33.6,34.0,34.9,33.7,33.3,34.2,34.1,33.9,33.5,33.8,34.5,33.2,33.3,34.1,33.1,33.3,33.4,32.6,34.3,33.2,33.1,33.6,34.5,34.0,33.4,32.8,32.7,33.9,32.5,33.5,34.1,33.0,32.6,33.5,32.9,33.8,33.2,34.3,33.6,34.3,34.5,34.1,32.9,34.2,32.8,32.8,33.5,33.8,33.2,33.5,33.0,33.3,34.2,33.1,32.8,33.6,35.4,32.5,33.1,33.7,33.9,32.9,33.5,34.1,34.8,33.9,33.5,34.1,33.7,33.1,33.6,34.7,33.5,33.2,33.8,33.9,32.3,33.0,34.1,32.6,33.2,32.9,33.8,33.4,32.7,33.0,34.0,32.9,33.6,34.2,34.3,33.1,32.6,33.6,33.4,34.3,33.3,34.1,33.5,34.1,34.1,34.2,34.2,35.2,32.9,33.0,33.4,34.1,32.5,33.3,33.0,34.0,33.6,33.4,33.7,33.7,33.7,34.4,33.5,33.4,33.7,33.4,33.3,33.3,33.7,33.3,33.9,34.9,33.5,34.4
1785307213.8880336,2318,33.5,32.1,34.6,33.2,33.7,32.1,33.4,33.8,33.1,32.6,32.8,34.1,32.4,33.7,33.3,34.3,31.6,31.9,32.1,33.2,33.7,32.1,32.0,33.5,32.8,32.7,33.4,33.2,33.6,33.3,33.5,34.7,32.4,34.0,32.8,32.3,32.8,32.3,32.9,33.1,32.7,33.5,33.3,32.7,31.8,32.1,33.4,33.0,32.4,33.2,32.3,31.8,33.3,31.9,31.8,33.3,32.6,32.9,33.4,33.0,32.9,32.6,33.4,33.2,32.9,33.0,33.0,33.6,32.8,32.9,33.7,33.1,33.4,32.8,33.1,33.6,33.0,32.2,32.3,32.9,32.0,33.0,32.3,33.3,32.5,33.5,33.0,32.8,32.1,33.2,32.7,33.5,33.7,32.9,32.6,33.7,31.7,32.7,33.7,32.7,31.7,34.0,33.1,32.8,32.8,33.6,31.8,31.8,32.1,32.6,31.8,32.6,33.4,33.4,32.9,32.7,32.0,32.5,33.7,32.0,33.5,33.1,33.1,33.7,33.1,32.0,32.9,33.4,34.2,33.4,32.2,33.9,32.1,32.4,33.6,34.1,32.8,32.7,31.7,33.2,32.4,32.4,32.9,32.9,32.5,32.8,31.8,33.4,33.2,33.6,32.2,33.4,33.3,32.4,33.1,33.9,32.6,33.9,32.8,34.1,32.8,32.4,31.8,33.5,31.9,34.0,32.8,33.7,33.4,33.1,33.2,32.8,33.4,33.6,32.6,32.9,32.7,32.8,32.6,32.7,33.8,33.2,34.1,33.2,32.7,32.6,33.8,33.6,33.4,33.1,33.4,32.6,33.1,33.4,33.1,33.4,31.9,32.6,32.8,32.5,32.4,32.3,34.1,33.2,32.7,32.4,32.9,32.8,32.3,33.0,32.6,33.2,32.7,32.8,33.2,33.1,32.3,33.1,32.3,33.7,33.1,33.2,32.9,33.6,33.1,32.4,33.8,33.6,32.5,34.8,32.4,32.4,32.4,33.5,32.2,32.4,32.4,32.3,33.2,33.8,32.4,33.2,33.2,32.2,33.2,33.1,33.3,32.6,32.8,32.6,32.6,31.7,33.5,32.6,33.1,33.8,33.0,33.1,34.3,34.6,34.8,35.2,34.5,33.7,33.3,32.7,31.8,33.9,32.1,32.5,32.3,32.7,32.6,32.2,32.6,33.6,32.3,32.9,32.2,32.6,31.6,32.6,32.9,33.0,33.0,32.4,32.8,34.2,32.8,32.7,33.3,33.3,35.0,35.4,34.8,33.0,32.7,33.2,33.3,32.3,32.7,32.9,32.4,32.9,32.6,33.0,33.8,33.5,33.2,32.1,33.0,32.5,32.8,32.6,33.6,33.6,32.6,33.1,33.2,33.2,33.2,34.2,33.8,34.0,33.5,34.7,34.8,34.2,33.2,33.1,32.5,34.1,32.6,32.7,33.1,33.2,32.2,31.9,32.6,33.2,33.3,32.7,33.0,33.5,33.3,33.7,33.1,33.7,33.5,33.0,32.5,33.1,33.9,32.6,33.4,33.1,34.2,35.2,34.1,34.1,33.6,32.8,33.3,33.2,33.4,32.9,32.9,33.2,32.8,32.7,32.9,32.6,32.0,33.2,33.5,33.0,33.3,32.3,33.4,32.8,33.0,32.8,34.0,33.7,34.0,32.6,34.2,34.1,34.0,33.6,33.8,34.9,33.9,33.8,32.5,32.9,32.8,32.7,32.8,33.4,33.5,33.1,33.4,33.7,33.5,33.1,33.6,33.7,33.2,32.7,33.3,31.8,33.8,32.3,32.7,34.1,33.5,34.0,33.4,35.1,34.3,34.2,34.6,34.3,34.8,33.6,34.0,33.3,33.3,32.3,33.1,33.6,32.8,33.3,33.4,33.4,33.3,33.7,32.7,34.2,33.0,33.3,34.1,31.6,33.4,33.0,32.7,32.9,34.4,33.4,33.2,34.7,33.6,33.8,34.0,33.9,33.9,33.8,33.1,34.5,33.5,32.9,33.0,34.2,33.0,33.2,33.3,34.0,34.1,33.4,33.4,33.5,33.4,33.1,33.1,33.2,33.1,33.6,34.9,34.1,33.6,33.9,34.4,34.2,34.0,33.5,34.7,34.1,33.7,33.8,33.6,32.7,33.3,32.9,33.3,34.2,32.8,32.9,34.2,33.6,33.6,33.9,32.9,33.2,33.5,33.3,33.8,32.2,33.0,33.4,34.2,33.4,31.9,32.4,33.7,35.7,32.9,32.9,33.3,34.1,33.9,34.1,33.7,33.6,32.3,32.2,32.3,32.7,33.1,32.6,33.1,33.4,32.8,33.0,32.9,32.8,32.9,32.6,33.5,33.6,33.8,34.1,34.3,34.9,33.2,33.2,34.2,34.2,34.2,34.1,34.5,33.6,33.9,34.2,33.4,34.2,32.8,nan,34.2,32.9,33.8,32.3,33.2,33.7,32.8,33.0,32.5,33.0,33.1,33.5,32.9,32.9,33.5,33.9,33.4,34.5,33.4,31.7,33.7,34.8,34.7,33.1,34.0,34.6,33.5,34.3,33.7,34.3,31.5,33.0,33.5,34.0,32.6,32.4,33.4,33.5,33.3,33.4,33.2,33.8,33.5,34.0,34.4,33.6,33.8,33.9,33.5,34.3,34.1,33.7,33.5,34.3,33.7,34.1,34.1,34.5,33.7,32.6,34.6,33.3,32.8,32.9,32.1,33.4,33.0,32.8,33.5,33.8,32.9,33.5,32.5,33.5,33.2,33.6,34.4,33.6,32.1,33.3,34.7,33.3,33.7,33.4,32.8,35.0,33.8,34.4,33.3,34.6,33.4,33.6,34.3,33.6,32.9,32.3,33.4,33.1,33.5,33.1,32.8,33.3,32.5,34.2,33.7,34.1,33.2,32.3,33.4,34.0,34.2,34.1,34.1,34.3,33.5,33.3,33.7,33.4,34.2,33.7,33.3,34.4,34.2,34.5,33.4,33.1,33.1,33.0,32.9,34.1,33.1,32.7,32.3,33.1,33.2,33.5,36.4,33.1,33.1,32.9,34.2,33.8,33.1,33.6,32.7,35.4,32.7,34.2,33.1,35.6,33.5,34.4,33.8,34.6,34.4,34.1,32.8,33.1,33.0,32.9,33.7,33.3,32.6,32.1,32.8,33.8,33.4,33.6,33.3,33.7,33.5,33.9,33.5,33.7,34.3,33.8,34.3,34.7,33.1,34.4,34.0,35.0,33.7,33.4,34.5,33.1,33.6,34.6,33.5,33.2,32.8,33.4,34.5,32.7,33.6,32.7,34.2,33.8,33.1,33.0,33.6,33.2,33.4,33.8,34.0,33.4,34.6,33.3,35.2,34.3
1785307216.0425484,2319,33.9,33.0,34.2,32.5,32.0,33.7,33.3,32.5,32.4,33.1,32.3,33.3,32.8,32.8,32.6,32.6,31.9,33.6,32.6,32.1,32.6,33.4,32.5,32.7,32.0,32.9,33.1,33.2,32.6,33.8,34.1,33.0,34.0,32.0,32.9,31.9,33.5,32.4,32.9,33.0,33.3,33.0,33.2,34.3,32.9,33.1,32.3,32.9,32.9,31.5,33.0,32.6,33.4,33.3,33.2,33.8,33.2,32.0,33.6,33.5,33.6,32.7,33.1,33.1,33.0,35.0,32.2,33.9,32.9,34.4,34.0,33.7,31.9,33.4,32.6,32.2,33.1,32.8,32.4,32.6,31.9,33.3,32.4,33.0,32.6,33.2,32.3,32.2,31.8,33.2,33.8,32.9,32.5,32.7,33.9,32.3,32.9,34.3,33.2,32.1,32.8,31.8,32.7,32.1,33.8,32.5,32.2,32.2,33.0,33.0,32.1,32.9,33.1,33.1,32.5,32.5,32.2,32.5,32.2,32.4,32.0,33.1,33.1,34.0,33.3,32.7,33.3,33.5,32.9,33.8,33.0,32.7,32.6,33.4,32.1,32.6,32.3,34.0,32.5,33.2,33.0,33.1,32.6,33.2,32.1,33.3,32.7,32.3,33.0,31.9,33.5,32.7,33.0,33.0,33.3,33.3,32.5,32.9,32.9,34.6,34.0,32.3,32.0,33.8,32.5,32.8,32.4,32.1,33.6,32.7,32.1,33.0,32.5,32.9,33.1,33.0,32.5,32.6,32.4,33.5,33.2,32.6,32.7,33.4,32.9,32.1,32.6,33.1,32.4,32.8,32.6,32.3,33.0,34.5,33.4,33.2,32.2,33.2,32.9,32.5,32.8,33.8,32.5,32.9,32.6,32.9,33.3,32.0,33.5,32.9,33.3,32.7,33.3,33.2,33.0,33.1,32.3,32.9,33.4,32.8,32.1,33.7,34.1,33.0,34.7,32.7,33.0,33.5,34.0,34.3,33.7,32.1,33.9,33.1,32.9,33.5,33.2,32.4,33.0,33.1,33.4,32.9,33.0,32.7,33.4,32.7,33.1,33.0,33.1,32.6,32.4,33.1,33.5,31.7,31.9,32.6,33.5,34.6,33.2,33.5,33.9,35.9,35.1,34.1,32.4,33.4,33.6,34.1,32.8,33.4,33.5,32.2,33.0,33.1,32.6,33.8,33.1,32.9,32.8,31.8,31.5,33.3,33.5,32.5,32.5,33.5,32.9,33.8,33.5,32.4,32.9,33.8,34.1,35.6,34.8,33.7,33.4,31.8,33.8,33.2,33.2,32.6,32.9,33.6,33.7,32.6,33.2,32.8,33.1,32.5,32.7,33.5,33.5,33.0,33.1,33.3,34.3,32.8,33.0,33.5,33.8,33.0,32.9,33.1,33.6,35.4,33.8,34.4,33.6,33.4,32.6,32.9,32.3,33.5,33.3,32.4,33.7,33.2,33.2,32.7,33.2,33.3,33.3,33.0,32.2,33.2,33.7,33.1,33.0,33.6,33.0,33.1,33.5,32.0,33.4,33.6,34.8,34.0,34.3,35.7,34.1,33.1,34.0,32.7,33.4,32.3,32.4,33.1,33.9,33.9,32.7,32.6,33.1,33.4,32.2,33.7,33.7,32.3,32.7,33.2,32.3,32.9,33.7,32.1,33.4,33.4,33.9,34.9,33.8,34.9,34.7,33.0,34.6,34.3,33.9,32.8,32.4,33.5,33.2,33.7,33.1,33.7,32.8,33.1,32.7,33.4,33.5,33.5,33.3,32.3,34.4,33.3,31.9,33.6,34.5,33.3,35.6,32.9,34.0,33.6,34.3,34.2,34.3,34.1,34.8,33.0,32.9,33.1,32.8,33.0,32.6,33.1,33.0,32.5,33.1,33.0,33.1,32.6,32.2,32.7,32.8,32.7,33.1,32.9,33.0,33.6,32.9,33.0,34.7,34.5,34.1,34.1,33.7,33.7,33.7,33.7,33.8,34.1,33.5,33.8,32.7,33.5,33.2,33.4,32.9,33.7,33.0,33.4,32.8,33.2,33.0,33.0,32.9,33.0,33.2,33.2,32.8,33.0,34.0,33.4,34.5,32.8,33.9,34.6,34.4,32.8,34.0,33.5,34.0,34.8,33.4,33.6,33.1,32.5,33.1,33.3,33.0,32.8,33.0,33.7,33.6,32.3,32.4,33.4,34.2,33.0,32.7,33.0,32.9,33.1,33.1,33.5,33.2,32.8,33.5,35.3,33.1,34.2,33.5,34.1,33.4,33.9,33.6,34.0,32.5,32.9,32.7,33.2,32.8,32.7,33.2,34.0,33.0,33.2,32.8,33.3,32.4,34.0,33.2,34.4,34.1,32.8,34.2,33.3,33.7,33.9,33.3,34.1,34.0,33.8,33.3,34.0,34.1,34.2,34.2,33.7,33.2,nan,33.2,32.9,33.6,33.2,33.3,33.1,33.3,32.8,32.9,33.1,33.6,32.6,33.8,33.7,33.5,33.2,33.1,34.0,33.3,33.9,33.1,34.2,33.5,34.6,34.8,33.5,33.6,33.9,33.4,33.5,32.7,33.8,32.5,32.5,33.7,33.2,33.1,33.2,33.0,33.2,32.4,32.7,33.6,33.6,33.7,32.3,33.7,32.6,33.8,34.8,32.4,31.7,34.3,33.3,34.6,34.9,34.7,34.2,33.7,33.4,34.6,33.4,32.8,32.6,33.1,33.4,33.0,32.8,33.6,33.3,34.0,32.9,33.1,33.6,33.2,32.9,33.3,32.7,33.2,32.6,32.7,32.9,34.2,34.7,33.3,34.4,34.4,34.6,34.6,33.7,33.6,33.4,33.8,34.1,32.8,34.2,32.4,33.3,33.2,33.2,33.8,33.0,33.1,34.7,32.7,33.4,33.1,33.4,32.5,33.4,33.1,33.7,33.5,33.4,34.4,33.2,33.6,33.1,35.2,34.5,34.1,33.2,34.9,34.3,34.0,33.2,33.8,32.7,32.6,33.0,32.8,32.8,33.6,33.8,34.8,33.2,33.9,33.6,33.3,32.6,33.4,33.5,33.6,32.9,34.7,35.0,32.1,34.2,33.7,34.1,34.6,34.8,33.3,33.3,34.1,33.4,33.4,33.4,32.9,32.9,34.1,33.1,32.4,34.0,32.7,32.9,33.2,33.8,33.9,33.7,33.4,33.0,33.6,32.8,33.4,34.4,34.9,34.7,34.3,32.7,34.5,33.1,34.3,33.8,34.0,33.4,33.8,33.6,33.1,32.7,33.8,32.9,33.7,33.6,32.9,32.1,34.3,33.0,33.8,32.7,33.9,33.8,33.8,33.7,33.4,33.7,34.4,32.8,32.8,35.4
1785307218.1000946,2320,33.2,33.4,32.8,33.1,32.1,33.3,31.4,33.9,32.1,33.0,33.2,33.8,34.0,32.6,33.1,33.5,32.4,33.2,32.5,33.2,32.4,32.6,32.6,32.8,33.0,33.8,32.8,33.1,32.5,32.8,33.2,33.9,33.6,33.2,33.5,33.0,33.4,32.3,32.6,32.3,33.1,33.1,32.3,32.5,32.7,32.0,33.2,32.7,33.1,32.3,33.2,32.9,32.6,32.7,32.2,32.8,33.7,32.1,33.1,32.8,34.4,32.4,33.0,33.0,33.1,33.1,33.0,33.8,33.0,32.6,32.9,33.4,32.8,34.0,32.6,34.1,31.9,33.2,32.5,33.4,32.2,33.8,32.9,33.3,32.6,33.5,33.0,33.1,32.9,33.2,33.1,32.8,33.3,33.0,33.1,34.1,33.3,32.5,32.7,32.2,33.5,33.6,33.3,32.6,33.7,32.8,33.0,32.0,33.1,33.1,32.4,33.2,33.6,32.7,32.8,33.0,33.2,32.5,33.1,32.2,34.0,32.1,32.6,33.3,33.8,32.8,33.7,33.4,32.3,33.3,32.7,32.6,33.3,32.8,32.6,33.5,32.1,32.7,32.1,33.1,32.5,32.5,32.8,33.2,33.2,33.2,32.9,33.2,33.5,33.5,33.8,33.2,32.9,33.5,32.5,33.6,32.4,33.5,33.2,33.4,34.5,33.4,33.5,33.5,33.5,32.5,32.9,31.9,33.4,33.1,33.7,32.8,33.2,31.9,33.4,31.6,33.1,33.4,33.2,32.6,32.8,33.4,33.0,32.7,33.0,32.0,32.8,33.6,32.6,33.3,33.3,32.6,33.1,33.6,32.6,33.3,33.1,33.3,33.0,33.0,32.4,33.6,32.4,33.5,32.4,33.2,32.6,34.1,32.8,33.2,33.4,33.5,33.1,33.6,32.1,33.7,32.8,32.7,33.5,33.5,33.7,32.6,32.7,34.0,33.3,32.8,34.6,32.0,32.8,33.9,33.6,32.6,33.2,32.5,33.7,33.1,32.5,33.3,33.3,33.0,33.5,32.4,32.8,32.7,33.7,32.6,33.6,33.4,33.6,32.6,32.9,32.8,34.4,33.2,34.1,32.9,32.4,34.6,33.5,34.6,34.2,35.5,34.3,33.6,32.2,32.7,32.7,33.9,32.5,33.5,32.2,33.9,33.1,33.2,33.1,33.0,32.1,32.8,32.4,34.1,32.5,33.4,32.9,33.9,33.4,34.2,31.6,34.8,33.6,32.3,33.3,33.5,34.7,35.0,35.4,33.7,33.2,32.7,32.6,33.3,33.0,32.4,33.6,33.0,33.5,32.7,33.3,32.9,33.9,32.9,33.5,33.3,33.6,32.4,33.2,33.6,33.5,32.7,33.3,33.0,33.3,33.1,33.4,34.6,34.2,35.2,34.1,34.7,33.1,33.2,33.3,33.8,33.6,33.7,32.8,33.2,33.1,32.9,33.4,33.4,33.2,34.1,32.9,33.5,32.3,32.9,32.7,32.7,33.7,33.3,33.5,33.0,34.5,33.4,34.5,33.5,34.0,35.4,34.8,34.4,34.2,32.6,33.6,33.5,33.4,33.2,33.3,32.4,32.6,33.7,33.2,32.4,34.0,32.2,33.0,32.8,33.8,33.3,33.0,32.9,33.5,33.2,33.2,32.7,32.7,34.4,32.3,35.2,34.0,34.5,34.5,34.9,34.5,34.1,32.7,34.2,32.7,33.2,33.8,33.2,32.7,33.7,33.6,34.0,33.3,33.5,32.8,33.6,33.6,33.1,33.3,33.9,32.7,33.5,33.7,33.5,34.5,33.2,34.0,33.8,34.8,33.5,34.8,33.6,35.4,34.4,33.3,32.5,32.8,33.1,34.3,32.5,33.4,32.6,33.6,32.4,33.7,32.6,33.2,32.9,34.0,32.8,32.8,33.8,33.5,33.5,34.0,33.5,33.1,35.0,32.9,34.8,33.1,34.9,33.3,34.0,34.5,34.9,33.3,33.5,32.8,32.9,32.2,32.9,33.2,33.5,32.9,33.0,32.8,33.3,32.6,32.3,32.9,34.6,33.3,33.9,32.4,33.7,33.3,33.9,34.0,32.7,33.6,33.8,34.0,33.9,34.7,33.4,34.3,33.6,34.0,33.4,32.8,32.1,33.1,33.1,33.4,33.3,32.8,33.5,33.5,33.1,33.9,33.2,33.0,33.5,34.6,32.9,33.5,32.7,33.4,33.4,32.5,34.0,32.9,34.5,33.8,34.3,34.4,34.6,34.2,34.7,32.6,34.4,32.4,33.2,32.9,33.0,33.3,33.7,33.3,34.3,32.8,32.8,33.1,33.9,32.7,33.4,33.3,33.2,33.3,33.7,32.9,34.1,34.9,33.4,34.2,34.4,35.1,33.2,33.9,33.9,33.8,33.7,33.8,33.8,32.6,nan,33.0,32.9,33.3,33.1,33.4,33.6,33.2,32.9,33.7,33.0,33.9,34.2,34.5,32.4,33.6,33.3,34.2,33.5,33.4,35.2,33.9,33.7,33.1,34.5,34.0,34.7,33.4,33.7,33.7,33.8,32.3,32.8,32.3,33.0,33.3,33.7,33.1,34.3,33.3,33.7,32.8,33.4,33.5,32.7,33.3,33.9,33.2,34.1,32.9,34.7,33.0,33.7,34.4,33.5,34.5,33.7,34.5,33.8,34.4,34.0,34.4,33.1,33.1,32.8,33.2,33.4,33.8,32.5,33.3,32.8,33.7,33.7,32.7,33.0,34.0,32.9,33.9,33.2,34.5,33.1,34.5,33.3,33.0,34.2,32.4,35.1,33.6,34.5,33.7,34.0,32.7,34.6,33.4,33.2,32.9,33.5,34.1,33.6,33.5,32.9,32.8,33.8,34.1,33.8,33.0,33.6,33.4,33.9,33.8,34.5,33.8,34.0,34.3,34.2,35.2,33.7,35.1,34.5,34.4,34.7,33.9,33.8,34.9,33.9,33.0,33.1,33.6,33.4,33.2,32.7,33.7,33.7,33.4,33.1,32.9,33.5,34.2,32.8,33.6,33.1,33.1,33.0,33.3,33.6,34.6,34.7,33.1,34.1,33.8,34.7,34.1,34.7,33.8,34.8,33.2,34.6,32.8,33.0,33.0,33.4,33.4,33.6,32.8,33.8,33.3,34.1,34.1,33.6,33.5,33.9,33.3,33.7,33.3,34.1,33.5,34.1,33.6,35.3,33.5,33.3,35.0,33.9,33.4,34.0,34.3,33.3,34.1,33.0,33.6,33.0,34.5,33.8,33.8,33.2,33.4,33.4,33.0,33.3,33.6,32.9,32.4,34.3,34.1,33.1,34.6,32.6,34.4,33.5,34.5,35.0
1785307220.2994995,2321,32.9,32.7,32.7,32.2,33.0,33.4,33.5,32.1,33.2,32.5,33.1,32.2,32.1,33.4,33.2,32.5,32.3,32.0,33.9,33.1,31.7,33.1,32.3,32.3,32.9,32.9,32.3,33.6,33.1,32.4,33.9,34.0,33.5,33.4,32.9,33.4,32.4,32.2,33.4,33.6,32.1,33.6,32.4,32.6,33.9,33.1,32.1,33.3,33.7,32.1,32.9,33.2,32.7,31.3,33.0,32.9,32.6,31.8,32.4,32.5,33.8,33.2,33.4,33.4,31.8,33.5,32.7,31.8,32.5,32.9,33.2,33.1,34.1,33.4,33.4,32.2,32.6,32.2,32.6,33.1,32.8,33.3,32.9,32.8,31.6,32.9,33.6,33.0,32.8,33.0,33.9,32.5,33.4,33.1,32.8,33.2,32.0,33.1,32.3,34.4,32.8,33.3,33.5,32.4,33.2,31.2,32.2,31.9,33.0,33.0,32.8,33.1,32.9,33.1,32.9,33.1,32.2,32.6,32.6,33.6,32.9,33.2,32.7,34.4,33.9,32.5,32.4,33.1,34.1,33.8,33.3,33.1,33.2,33.5,33.1,33.0,32.4,33.6,33.4,32.8,32.2,32.8,32.2,32.8,33.1,33.0,33.2,32.6,32.2,33.3,32.6,32.9,33.4,33.2,33.7,33.5,32.1,32.3,32.2,34.2,33.5,31.7,32.5,33.4,33.5,32.8,33.4,32.7,32.9,33.2,32.9,32.6,32.8,34.0,33.1,33.2,33.7,32.5,32.3,32.0,33.8,31.9,32.5,33.1,33.4,32.7,32.7,32.4,32.2,33.0,33.0,34.3,34.2,33.9,32.1,33.4,32.6,33.6,33.5,32.0,33.2,33.2,32.3,32.2,33.1,32.6,32.8,33.3,32.6,33.7,33.3,32.9,33.2,33.0,32.7,32.6,32.5,33.1,33.3,33.0,32.7,32.7,33.5,33.0,34.1,32.7,33.0,33.6,33.5,33.6,33.7,33.4,33.1,32.6,33.3,33.0,32.2,32.9,32.6,32.6,33.6,32.6,33.1,32.8,33.4,33.0,32.8,33.2,33.7,32.7,32.4,32.9,33.3,32.5,32.9,33.0,33.6,33.2,33.2,33.1,34.5,34.7,34.7,33.0,32.4,33.2,32.1,32.4,32.9,32.9,33.2,32.2,34.0,33.7,33.5,33.3,32.4,32.9,32.3,32.8,33.4,33.0,32.1,32.9,33.5,32.8,32.5,32.8,33.1,33.7,33.2,33.0,35.0,35.1,33.9,33.8,33.7,32.0,32.3,33.7,33.7,32.6,31.6,33.9,33.1,32.6,33.7,33.8,33.1,32.5,33.8,32.7,33.2,33.0,32.5,33.3,33.9,32.5,32.8,33.3,33.4,32.8,33.9,33.1,33.4,35.8,34.7,32.7,33.6,33.8,32.8,32.9,32.7,32.9,33.2,32.6,32.6,33.1,33.2,33.2,33.4,33.8,32.6,33.2,32.7,33.7,32.1,33.1,32.8,33.2,33.2,33.1,33.7,33.1,32.8,33.8,34.8,35.0,34.3,34.8,33.9,33.2,33.4,33.7,33.0,32.5,32.9,33.5,33.3,33.0,32.4,32.8,33.4,33.1,32.3,33.4,32.1,32.7,33.6,33.0,33.1,32.4,33.1,33.2,34.3,33.0,33.2,33.7,34.4,34.0,34.6,33.0,34.1,34.8,33.3,33.5,33.0,33.9,32.8,33.2,32.8,32.9,33.3,32.9,33.2,33.3,33.5,33.5,33.5,33.9,33.4,32.9,32.1,33.4,33.6,33.6,33.8,33.7,34.6,34.2,34.7,33.9,33.8,35.2,34.7,33.9,33.5,33.1,32.8,32.4,33.6,33.0,33.3,33.2,33.3,33.8,32.5,33.3,34.1,33.3,33.5,32.1,33.4,34.1,32.7,32.5,33.3,33.4,33.3,33.5,34.3,34.3,33.9,34.0,33.9,34.1,33.3,34.1,33.8,33.2,33.4,32.7,32.9,32.4,33.1,33.5,33.3,33.1,32.4,33.2,34.0,32.3,32.5,33.0,32.8,33.6,32.5,33.4,33.6,33.4,33.2,33.8,33.9,33.1,34.6,33.4,34.2,34.4,33.2,33.5,33.9,33.3,33.0,32.7,33.6,32.9,33.2,33.0,33.7,33.8,33.8,33.3,32.9,33.0,33.4,32.3,32.4,33.4,33.1,31.8,33.1,33.9,33.3,34.1,33.8,34.8,33.7,34.6,34.1,33.4,33.3,35.1,33.0,33.7,32.8,32.9,33.3,32.9,33.0,33.4,33.0,33.4,33.0,34.0,32.8,32.8,33.0,32.3,33.4,33.5,33.6,33.9,33.6,33.8,33.5,31.9,33.5,33.1,34.2,33.4,33.7,34.0,34.1,34.3,35.1,33.4,32.9,nan,32.9,32.8,32.7,32.5,32.6,33.3,32.8,32.5,32.0,33.8,32.4,32.8,33.1,32.3,34.2,33.6,33.5,34.6,33.5,33.4,33.2,34.2,33.5,34.6,33.7,34.1,33.1,34.1,34.3,33.7,32.1,33.0,32.9,32.7,33.2,33.4,32.3,33.5,32.5,33.9,33.4,32.0,34.0,33.8,33.0,33.1,33.9,34.3,33.4,33.7,32.6,33.9,33.7,34.2,33.7,33.3,33.8,34.1,33.8,33.8,34.5,33.2,33.0,31.8,33.0,33.9,34.1,32.5,32.6,33.5,33.0,33.3,33.4,33.9,32.9,31.9,33.6,33.1,32.8,32.7,32.3,33.4,34.3,34.1,34.0,33.9,33.7,34.2,34.3,33.7,34.2,34.3,33.3,32.8,32.8,33.7,33.6,33.5,33.7,33.7,33.1,33.5,33.5,34.2,33.1,33.8,33.1,34.5,33.3,33.6,32.3,33.7,34.2,34.1,34.4,33.2,34.2,33.1,33.9,34.8,33.7,35.4,34.6,33.6,32.9,33.4,33.6,32.8,32.8,33.2,33.5,33.1,33.6,33.3,33.1,32.7,32.1,32.9,33.7,33.3,33.2,33.3,33.8,34.0,33.8,35.5,33.0,34.7,33.9,33.5,33.4,35.0,33.5,33.7,33.2,34.2,33.3,32.4,32.2,33.1,32.7,32.2,32.4,34.3,34.3,32.4,33.3,33.5,33.0,33.2,32.8,34.5,33.8,32.8,33.2,33.6,34.4,34.5,33.8,33.0,33.4,34.5,35.1,33.9,33.4,33.6,34.2,33.2,34.2,33.3,33.3,31.9,32.6,33.3,33.7,32.3,33.6,32.8,33.4,33.6,33.2,33.8,33.8,33.2,33.6,33.6,33.8,33.7,33.4,35.2
1785307222.3226483,2322,33.1,31.7,33.0,33.3,33.2,32.0,34.4,32.2,33.6,32.8,32.7,32.7,32.1,32.6,32.6,33.9,32.1,32.8,33.9,33.0,33.4,32.5,33.7,33.5,32.9,32.8,32.5,33.6,33.5,33.7,33.4,33.1,33.1,32.6,34.2,33.6,32.8,33.5,32.9,33.5,32.5,32.4,32.5,33.0,32.3,33.2,32.3,33.2,32.2,32.6,31.9,32.7,31.7,33.1,32.8,33.7,33.9,32.8,32.9,33.4,33.8,33.7,32.3,33.4,33.6,32.4,33.6,32.6,33.8,32.9,34.0,32.2,32.8,32.4,32.9,32.3,32.4,32.0,32.8,32.6,32.3,33.1,32.4,33.3,33.4,32.8,33.5,32.9,32.3,33.0,33.5,34.1,33.0,32.8,33.7,32.9,32.8,32.4,32.2,33.7,33.1,33.1,33.5,32.6,32.6,32.6,32.3,33.0,32.6,32.9,32.8,32.6,32.7,32.1,33.4,33.8,33.0,33.1,32.4,32.9,32.9,32.2,32.7,33.4,33.0,32.7,33.3,32.6,32.7,32.8,34.2,33.2,33.4,32.6,34.1,33.9,32.2,32.3,34.0,32.8,33.9,33.1,33.4,32.7,32.1,32.8,33.0,32.7,32.9,33.2,33.2,33.2,33.5,33.5,33.0,33.4,33.6,32.9,34.0,34.1,31.8,32.4,33.9,33.9,32.5,33.2,32.8,33.7,32.5,33.9,33.0,32.2,33.1,32.7,33.8,32.9,32.8,33.0,32.4,33.0,33.3,32.8,32.6,33.8,33.0,33.2,33.4,33.4,33.0,32.7,32.3,33.9,33.5,33.4,33.8,33.2,32.2,32.6,33.8,33.4,32.6,33.0,33.0,32.2,32.8,32.9,34.0,33.3,32.4,32.9,33.3,33.0,32.7,32.3,32.8,33.2,32.9,32.0,33.3,32.9,32.7,32.6,33.9,33.1,32.4,33.6,32.6,34.4,32.8,34.2,33.5,33.4,32.9,32.9,32.9,33.4,32.7,32.1,33.3,33.9,32.4,32.9,32.2,32.8,33.4,32.4,32.1,33.3,33.1,32.5,33.6,32.9,33.6,33.1,34.5,33.7,31.9,33.1,32.6,34.2,33.4,36.2,35.3,33.3,33.8,33.0,33.3,32.4,33.4,32.5,33.7,32.8,32.7,33.2,33.3,33.8,33.4,32.8,33.2,33.1,32.3,32.1,32.8,33.5,33.3,33.5,33.8,33.7,32.4,33.9,32.9,33.4,34.2,36.2,34.6,33.6,32.3,32.3,33.4,33.0,32.7,32.8,32.7,33.8,33.5,32.8,33.7,33.8,33.4,32.5,33.1,33.4,32.8,33.6,32.7,34.2,34.0,32.9,32.9,34.2,33.2,32.7,34.5,34.4,34.0,34.3,35.2,34.9,34.0,33.3,33.3,34.0,32.9,33.0,33.0,33.8,32.9,31.6,34.2,33.5,32.3,34.0,32.8,33.0,32.8,33.6,32.8,33.6,32.9,33.5,33.8,33.7,32.2,33.3,33.6,33.6,34.6,35.5,34.3,35.5,34.7,33.2,33.2,32.8,33.3,32.0,32.7,33.8,33.6,32.4,32.6,33.0,32.9,32.7,33.1,33.1,32.5,32.9,33.1,32.7,32.5,32.7,32.8,34.2,33.9,32.5,33.6,34.0,34.6,34.5,35.0,34.0,34.0,33.4,33.5,33.6,33.4,32.9,33.4,33.7,32.6,32.7,32.9,33.1,32.9,33.4,33.9,32.0,33.0,33.0,34.3,33.6,32.5,34.3,33.4,33.1,33.3,32.9,33.2,34.6,34.6,33.9,34.8,34.0,34.5,33.6,34.2,32.9,33.3,33.0,32.1,33.7,33.1,32.6,32.8,33.2,32.9,32.5,33.2,33.1,33.6,33.1,33.2,33.9,32.5,32.9,32.8,34.0,33.9,33.4,34.7,34.5,34.1,34.2,35.3,33.5,33.5,33.9,32.4,34.3,33.1,33.7,33.2,33.4,33.1,32.4,33.4,33.1,32.7,33.2,34.2,32.6,33.0,33.6,33.0,33.2,34.1,32.5,34.4,33.7,33.1,33.6,33.8,34.9,32.9,34.1,34.0,33.9,34.5,33.6,33.5,33.8,33.3,32.5,32.1,32.9,33.1,33.7,32.7,33.4,32.9,32.7,33.4,32.8,33.0,33.1,33.1,34.3,33.7,33.5,33.4,34.3,32.9,33.8,34.8,34.1,33.3,33.6,33.4,33.2,33.5,33.7,33.5,33.5,33.7,33.0,33.5,32.9,32.9,32.9,33.2,33.8,32.2,34.2,33.2,34.5,33.5,32.6,33.9,34.7,33.6,33.1,34.2,34.1,34.7,33.1,33.8,35.7,34.2,33.5,34.5,34.6,34.2,34.3,33.0,33.4,33.3,nan,33.1,34.3,33.6,33.5,33.9,33.8,33.7,32.8,32.7,34.1,33.9,32.3,33.3,34.5,32.9,33.1,33.4,35.7,33.3,33.8,34.4,33.7,33.7,33.8,35.0,35.1,33.1,34.4,34.5,34.5,33.2,33.5,33.2,33.8,33.4,33.0,33.7,33.2,32.5,33.4,33.1,33.2,33.6,33.4,34.1,33.4,31.8,33.9,34.5,34.3,34.3,33.0,33.8,34.0,34.4,34.4,34.3,34.6,34.2,33.3,34.3,34.3,33.0,32.4,32.8,34.5,32.8,33.2,34.3,33.5,33.8,33.8,33.9,34.3,33.7,33.3,34.1,34.3,33.4,32.3,34.5,34.9,34.1,33.8,34.6,34.5,33.5,33.6,34.5,33.7,34.0,34.3,33.7,33.1,33.0,34.0,33.7,33.3,33.9,34.3,34.0,33.6,33.3,33.1,34.5,33.8,33.3,33.6,34.1,32.8,34.3,32.8,36.1,33.8,34.1,32.3,34.1,34.0,33.4,33.6,33.5,34.7,34.9,34.5,33.2,33.4,33.8,33.5,33.6,33.9,34.1,32.6,33.4,33.5,33.9,33.6,34.0,33.1,33.3,33.7,33.2,33.7,33.5,33.8,34.4,34.9,33.8,34.2,34.4,33.4,33.7,34.1,33.7,34.2,33.6,34.1,33.8,32.5,34.2,33.4,33.6,33.8,33.5,33.1,33.4,34.3,32.4,32.9,33.4,32.9,33.8,33.5,33.7,33.7,33.8,34.4,34.9,35.5,33.3,32.1,33.3,34.5,34.9,34.5,33.9,34.6,33.8,33.1,32.5,33.1,33.5,32.3,34.3,33.3,32.9,32.5,33.2,34.3,33.9,32.4,33.5,34.4,33.2,34.5,34.0,34.0,33.6,33.9,33.8,34.5
1785307224.4821496,2323,34.4,33.1,32.1,33.3,33.1,32.2,33.6,33.1,32.7,33.8,32.5,33.8,32.8,33.7,32.2,33.9,32.2,32.5,33.7,33.7,33.2,33.0,33.2,33.1,32.6,32.8,33.5,33.1,32.3,33.5,32.7,34.4,32.6,33.3,33.2,34.5,33.7,32.3,32.4,33.8,33.7,32.9,33.3,34.3,32.5,32.2,32.6,32.5,32.7,33.7,33.0,33.3,32.5,33.1,33.2,33.0,32.3,33.0,33.6,33.7,34.0,32.5,34.5,33.3,32.9,32.7,34.0,33.3,32.6,33.1,32.3,33.2,34.0,33.7,32.8,33.0,32.5,32.9,33.6,32.2,33.3,33.6,32.9,32.9,33.3,32.8,33.0,32.7,33.3,33.0,33.2,33.1,33.7,31.9,32.4,34.8,34.1,34.4,33.6,34.3,32.9,33.2,33.3,33.5,32.6,32.9,32.5,33.5,33.0,33.0,32.6,33.2,32.4,32.7,33.0,33.4,32.9,33.7,34.0,33.2,33.4,33.1,33.0,33.9,33.6,32.7,34.2,33.5,32.8,33.3,33.4,34.1,31.1,33.4,32.9,32.7,32.5,32.7,33.2,33.3,32.7,32.7,33.8,33.2,32.7,32.8,32.5,32.2,33.2,32.4,32.9,33.5,33.1,32.2,33.1,34.0,33.3,33.7,33.9,33.6,33.9,33.2,33.5,34.0,33.9,33.5,32.8,33.0,33.0,34.2,33.2,34.1,33.1,33.6,33.4,33.3,32.5,33.8,33.3,33.8,32.5,33.1,32.6,34.1,33.0,33.0,33.2,34.1,33.0,32.6,33.1,33.8,32.0,33.1,33.3,35.0,32.9,33.7,33.9,32.7,33.6,32.8,33.5,33.9,33.4,32.9,33.3,33.3,33.7,33.5,33.4,33.0,33.6,32.5,33.0,33.6,33.3,32.7,32.9,32.7,33.4,33.2,33.8,33.1,33.5,33.7,32.3,34.1,32.8,34.1,33.8,33.5,33.6,32.4,32.9,33.8,33.7,33.2,33.2,33.4,32.0,33.1,33.8,33.1,33.0,33.0,32.8,33.0,32.6,33.1,32.7,33.2,32.9,32.9,34.7,34.2,32.6,33.1,33.7,34.4,33.9,34.2,35.9,33.3,33.2,33.5,33.2,33.4,33.0,32.2,32.7,33.6,32.8,33.4,33.6,32.7,33.8,33.5,32.8,33.6,33.0,32.9,33.8,33.2,33.6,32.4,33.1,32.5,33.6,33.6,34.1,34.5,34.4,35.8,34.9,34.8,33.7,33.3,32.8,33.8,32.2,32.4,32.9,32.9,33.1,33.4,33.3,32.9,32.6,33.3,33.1,33.0,33.3,33.3,33.9,34.4,32.7,32.8,32.9,33.9,32.9,33.1,34.8,32.8,34.1,34.1,35.0,34.4,33.6,33.2,33.4,33.3,33.6,32.7,32.8,33.0,33.7,33.5,33.5,33.0,33.5,32.8,33.9,32.5,32.7,32.4,32.6,32.4,33.2,32.1,34.3,31.8,33.6,33.2,34.1,33.9,35.1,35.3,34.4,34.8,33.9,34.1,33.3,32.6,33.4,33.2,33.2,33.3,33.1,33.3,33.4,33.6,33.1,33.1,33.3,33.2,32.4,33.2,33.1,33.2,33.2,33.2,33.4,34.5,33.8,34.0,34.1,34.8,34.7,35.0,34.4,34.7,35.4,34.4,33.1,32.9,32.7,33.0,33.2,32.9,32.6,32.7,33.3,34.0,33.4,33.2,33.8,33.1,32.7,32.6,34.0,33.4,34.4,33.2,34.1,32.3,33.5,34.3,33.6,34.8,33.4,34.4,34.6,33.6,34.0,34.0,33.3,33.2,32.5,32.4,33.9,33.2,33.7,33.0,32.9,33.9,32.6,33.3,33.5,34.7,33.0,32.9,33.7,33.7,33.4,32.9,33.2,34.2,33.6,33.4,34.3,34.3,33.5,33.5,34.7,34.0,34.2,34.3,33.6,33.5,33.0,33.2,34.0,33.9,34.0,32.7,33.8,32.6,33.3,33.4,34.3,33.3,33.3,33.8,34.4,33.4,33.5,32.3,34.7,33.7,33.8,33.2,34.6,33.9,33.8,34.4,34.2,35.0,33.5,34.3,33.7,33.2,33.0,33.5,33.4,33.0,33.6,33.3,34.0,34.5,33.6,33.0,32.4,33.9,33.5,33.7,33.9,34.0,33.4,33.2,34.4,34.2,33.6,33.6,33.5,34.5,33.5,33.6,34.4,34.2,33.9,34.6,33.8,32.6,32.7,33.2,33.6,33.4,32.4,33.8,34.1,33.7,33.0,33.2,33.0,33.6,33.8,33.3,33.5,33.3,33.7,33.1,33.3,33.9,33.4,33.5,34.2,35.6,34.2,33.9,34.0,34.0,34.2,34.4,34.4,34.1,33.5,nan,33.2,33.4,33.1,33.6,34.0,34.4,33.6,33.9,33.0,33.2,32.9,33.3,33.1,33.7,33.6,33.6,33.8,33.8,34.1,33.1,34.3,33.5,33.9,34.0,34.9,34.4,33.9,33.1,35.0,32.9,33.0,32.8,33.3,33.5,32.8,33.0,33.8,33.3,33.7,34.0,33.9,33.2,32.9,33.2,34.1,33.4,33.8,33.5,35.6,33.9,34.5,32.3,34.2,34.7,34.2,34.7,33.9,34.7,33.7,34.6,33.2,33.5,33.0,32.6,33.9,33.9,33.3,33.0,33.8,34.3,32.6,34.1,34.1,34.1,33.0,33.1,34.7,34.2,33.7,34.1,33.9,34.2,33.5,34.0,35.0,33.9,34.6,34.3,33.9,34.4,33.8,33.9,34.5,33.6,33.8,33.0,33.4,34.3,33.3,32.8,33.4,33.8,33.3,33.0,33.6,32.7,33.8,33.0,33.7,33.3,33.5,33.4,33.0,33.8,33.2,33.6,35.0,33.5,34.4,34.1,34.2,34.8,34.9,34.8,33.8,33.9,33.4,32.7,34.4,33.5,33.9,34.4,34.1,33.5,32.9,33.4,33.5,33.6,32.6,33.3,33.7,33.8,34.3,34.3,34.6,35.2,34.3,33.7,34.5,34.7,33.8,34.5,33.7,34.6,33.9,34.3,34.5,32.3,33.4,33.0,33.8,34.3,33.6,33.1,33.6,33.8,33.9,33.1,33.9,34.3,33.7,33.3,34.4,33.9,32.9,34.2,35.3,36.2,32.4,33.1,33.5,34.0,34.0,34.4,33.7,33.3,33.2,33.9,33.1,35.0,32.9,32.9,34.2,33.3,32.6,34.0,33.8,34.2,34.1,33.1,33.9,34.5,33.4,33.7,33.8,34.5,34.0,34.9,34.3,34.4
1785307226.6079335,2324,33.1,34.4,31.7,33.5,33.0,33.7,32.9,32.8,32.8,32.3,32.3,33.2,31.7,32.3,32.6,32.3,32.3,32.3,33.4,32.9,33.2,32.5,31.5,32.9,32.5,32.9,32.7,33.4,34.2,33.1,33.9,32.2,33.3,32.1,34.1,33.4,34.0,32.2,33.0,32.4,33.4,32.6,32.8,31.7,33.2,33.3,32.5,32.2,33.0,32.4,32.5,31.5,33.1,31.8,33.6,33.1,32.6,33.0,32.4,32.9,33.7,32.8,32.9,33.2,33.1,35.3,32.4,33.7,33.4,33.2,33.2,33.1,33.1,33.4,32.3,32.9,32.2,33.5,32.4,32.3,33.0,33.7,32.2,32.7,32.8,33.2,32.9,33.0,33.0,32.7,32.7,33.6,33.4,33.8,33.0,33.7,33.2,32.6,33.0,33.3,33.9,32.0,33.2,33.1,34.0,33.3,32.4,32.8,33.1,31.8,33.4,32.9,32.5,32.4,31.5,32.4,34.1,32.6,32.4,33.4,33.5,33.4,33.1,33.2,35.0,32.7,33.4,33.6,32.7,33.9,33.0,33.3,33.8,33.1,33.1,33.6,32.9,33.5,32.2,32.9,32.0,33.5,32.7,33.9,33.6,32.8,33.2,33.7,32.9,31.9,33.1,33.1,33.7,32.3,33.0,33.5,33.5,33.2,32.9,32.9,33.5,32.8,32.3,33.7,34.4,32.0,33.8,32.3,33.6,33.2,32.7,32.9,33.7,33.0,33.3,32.2,32.9,33.5,32.5,33.3,32.9,32.1,32.5,33.6,33.8,32.7,33.2,32.6,32.7,33.0,33.5,33.0,32.6,34.6,33.0,34.1,32.6,32.8,33.5,33.3,32.5,33.0,33.2,32.9,33.0,32.6,32.8,32.5,32.9,33.7,32.8,33.2,33.0,32.4,32.4,33.1,32.5,33.1,33.3,33.0,32.3,34.1,34.1,33.9,33.9,32.7,33.9,34.2,33.9,34.0,34.6,32.9,34.1,33.6,33.1,32.0,33.6,32.9,33.2,32.8,33.4,32.8,33.4,32.8,33.1,32.2,33.2,31.8,33.3,33.2,33.4,32.7,33.5,32.9,33.2,32.6,33.2,33.6,33.4,34.1,34.7,35.6,34.9,33.4,32.6,34.1,32.6,32.4,32.1,33.7,32.9,33.0,33.0,33.7,32.5,33.2,32.5,33.2,32.3,32.5,32.2,32.8,32.8,33.8,32.7,34.5,33.7,33.2,33.5,32.4,33.2,32.8,35.0,35.1,34.7,34.1,34.7,33.2,33.2,33.5,32.5,32.3,33.7,32.6,33.3,32.3,32.6,33.0,33.4,32.7,33.0,33.4,33.7,32.5,33.1,32.6,34.1,33.8,32.8,31.7,33.4,33.9,34.1,34.1,33.0,35.3,34.2,34.8,33.3,33.5,32.9,33.1,33.4,33.3,33.0,33.4,32.9,33.9,33.2,33.3,32.8,33.2,33.3,32.2,33.4,33.9,34.2,33.2,33.2,33.1,33.8,32.5,34.4,32.3,33.0,33.6,35.0,34.4,34.7,34.5,34.6,32.7,33.7,33.4,32.8,33.4,33.2,33.1,32.9,32.8,33.3,33.8,33.5,33.1,32.9,32.6,33.7,32.7,32.4,33.2,32.2,31.8,33.1,32.6,32.6,33.7,33.2,33.7,34.2,35.1,34.3,34.6,34.3,34.0,32.8,33.8,33.1,32.8,33.2,33.4,34.0,32.6,33.0,33.3,33.2,33.3,33.0,33.2,33.3,33.2,33.6,34.0,32.8,33.8,33.6,34.0,34.6,33.9,33.7,33.3,35.4,34.5,34.4,34.0,35.2,33.9,33.7,32.9,34.0,33.5,33.3,33.0,33.5,32.6,32.7,33.0,34.1,33.3,32.6,33.3,33.2,31.7,34.0,33.2,33.3,32.9,32.9,33.6,34.3,33.7,33.7,34.4,32.7,34.1,33.2,34.3,33.5,34.3,33.8,34.4,32.7,33.6,33.5,33.1,32.6,33.4,34.0,34.1,34.2,34.2,33.3,32.7,33.2,33.3,32.8,33.1,33.8,32.5,32.8,33.4,33.9,31.8,34.9,33.9,33.9,33.9,34.2,34.0,34.4,34.9,33.1,32.3,33.5,32.5,33.1,32.7,33.5,33.5,34.2,34.7,33.9,33.5,34.1,32.5,33.6,33.2,33.1,32.5,33.5,33.1,33.3,33.9,32.9,32.4,33.6,34.4,32.6,34.2,34.1,33.1,34.3,35.5,33.3,33.5,32.5,32.7,33.0,33.3,33.4,33.3,33.4,33.4,33.7,34.2,32.5,33.3,34.7,32.5,33.2,33.5,33.4,33.6,32.4,33.4,33.1,33.1,33.5,34.5,34.2,33.4,33.7,33.7,34.6,33.9,33.1,33.6,33.7,nan,33.0,32.5,33.8,32.9,32.5,33.8,34.3,33.1,33.4,33.3,33.4,32.9,33.7,33.4,34.1,32.1,34.3,33.8,33.3,33.0,33.8,34.0,34.3,35.3,33.9,34.5,32.9,35.0,32.8,33.8,32.6,34.4,33.1,33.7,33.2,34.2,33.5,33.6,32.7,34.2,33.1,33.5,34.0,33.1,34.3,34.2,34.1,33.4,33.4,33.8,35.5,33.2,33.3,33.8,34.6,34.0,33.5,33.9,35.3,33.9,34.1,33.7,34.0,33.2,33.6,33.6,34.2,32.7,33.7,33.4,33.5,33.6,33.4,33.2,33.2,33.0,33.3,33.5,34.8,33.0,34.8,33.2,34.5,35.6,33.4,35.0,33.5,34.6,33.0,35.0,34.5,34.5,33.0,33.3,32.6,33.2,33.5,33.4,33.7,33.2,32.7,33.2,33.3,34.2,34.4,32.8,34.2,33.6,33.5,33.2,33.9,33.9,33.1,34.1,34.9,33.2,33.4,34.2,33.7,33.4,34.1,33.6,34.3,33.8,34.0,33.4,33.5,32.6,33.5,33.3,33.8,33.0,34.5,31.8,33.3,33.3,34.5,33.2,33.7,33.0,32.9,34.1,33.4,33.4,33.4,34.4,33.0,34.7,33.5,34.4,33.4,34.4,33.9,33.1,34.5,34.0,32.7,33.7,33.1,32.8,32.9,33.5,34.2,33.5,33.1,33.1,33.6,33.5,33.4,34.0,33.8,34.5,33.7,34.0,34.0,34.3,34.0,34.3,33.6,34.1,34.3,34.0,34.1,33.7,33.8,34.2,32.8,33.4,32.8,33.1,33.7,33.3,34.2,33.1,32.8,33.2,33.8,33.2,34.5,32.6,33.6,33.1,34.8,33.4,33.9,33.2,34.1,34.7,34.4,35.2
1785307228.8425114,2325,33.8,34.5,33.4,33.3,32.6,33.3,33.6,34.1,33.3,33.2,33.8,33.1,32.6,33.5,32.9,33.5,32.4,33.0,33.5,33.6,32.4,34.1,33.2,33.0,32.6,33.4,32.8,33.3,32.5,33.0,34.2,34.9,34.4,33.5,33.2,34.0,33.4,32.3,33.7,33.3,34.2,32.9,33.5,32.7,33.8,33.1,33.5,33.6,34.2,33.1,32.3,33.5,33.6,31.9,32.4,33.2,32.7,32.5,33.3,32.6,35.1,33.1,32.5,33.3,32.9,35.3,34.0,33.8,32.8,34.3,32.7,34.0,32.9,33.1,32.6,33.2,32.7,33.1,32.9,33.3,33.3,33.8,33.1,33.8,32.4,33.1,33.4,33.5,32.2,33.9,34.6,34.1,33.1,34.3,33.1,34.5,35.0,33.9,34.3,32.9,33.3,33.0,33.9,32.7,34.3,32.8,32.9,32.7,33.7,33.2,32.6,32.0,33.4,33.2,32.5,33.2,33.7,32.7,33.3,33.3,33.4,32.9,33.8,33.7,34.5,32.6,33.9,34.6,34.2,33.5,34.0,34.9,33.1,33.4,33.6,34.0,32.8,33.9,33.4,33.0,32.5,34.2,34.0,33.2,32.0,34.9,33.1,32.9,32.3,33.9,32.9,33.9,33.1,32.9,32.9,34.0,33.3,34.1,35.0,33.4,35.0,33.8,33.7,33.8,34.1,32.9,34.3,33.8,33.2,33.0,33.9,32.7,34.4,32.6,33.1,33.0,33.5,33.4,33.4,33.6,34.1,32.9,34.2,34.4,33.5,32.6,33.2,33.7,33.6,33.2,33.4,33.5,33.1,34.0,34.3,34.2,32.7,34.3,33.2,33.2,32.9,33.6,33.8,34.0,33.7,33.2,33.3,33.8,32.8,33.3,33.2,33.5,33.4,33.6,33.0,33.7,32.3,33.5,33.0,33.3,32.4,34.2,32.5,34.4,34.4,32.6,34.4,33.9,34.2,33.8,33.6,32.6,34.1,33.2,33.9,32.8,32.9,31.8,33.0,33.2,33.5,32.9,33.2,33.5,34.0,33.5,33.4,33.6,33.3,33.5,32.7,33.8,33.6,31.9,33.1,33.6,33.7,33.7,33.7,34.2,34.4,35.7,34.9,34.9,32.7,33.8,33.5,33.2,32.5,33.3,33.3,33.8,32.7,34.0,33.6,33.5,33.8,33.6,32.6,33.1,33.0,33.4,32.3,33.5,33.6,33.9,33.4,32.9,33.2,33.2,33.9,33.9,34.7,35.2,35.4,34.4,33.7,33.3,33.9,33.5,33.7,33.4,33.8,33.9,33.4,32.7,33.8,33.2,33.7,33.2,34.0,33.5,33.0,33.3,33.0,33.3,33.5,33.1,32.9,33.4,33.5,35.0,33.4,33.0,34.1,35.7,34.1,34.7,33.9,34.1,33.9,33.6,32.8,33.7,33.1,33.5,33.3,34.5,33.6,34.0,32.4,34.1,33.9,32.8,33.5,33.8,32.6,33.3,33.3,33.9,33.7,33.8,34.5,32.8,33.9,34.3,36.3,34.7,35.1,34.6,34.3,33.8,33.6,32.2,33.9,32.8,34.0,33.1,33.4,32.9,33.4,33.2,33.7,32.8,32.8,33.2,33.8,33.2,34.3,32.8,33.4,34.1,33.4,33.7,32.5,34.8,35.0,35.2,34.2,35.2,34.0,35.5,34.7,33.9,33.9,34.4,32.4,33.7,33.5,34.0,33.0,33.7,34.4,33.5,33.0,34.2,33.6,33.3,33.4,33.8,33.1,34.5,33.3,33.9,33.9,34.9,34.5,33.2,34.4,35.5,34.6,33.8,35.0,34.8,35.3,33.7,33.1,33.9,33.9,32.5,33.6,33.3,34.2,32.5,34.2,33.6,33.7,33.4,33.9,33.6,34.1,32.5,34.5,34.2,34.6,32.8,34.2,34.3,32.7,34.8,34.0,35.2,33.3,34.2,34.9,35.0,34.2,35.1,33.5,33.8,32.8,33.8,33.8,34.2,32.4,34.6,34.1,33.5,33.8,33.7,33.8,33.1,32.6,34.1,34.0,33.7,33.1,33.9,34.1,33.5,33.8,33.7,34.6,34.2,35.2,34.2,35.4,34.5,33.8,34.1,33.4,33.2,33.9,33.1,32.9,33.6,34.4,32.6,33.2,34.1,34.0,33.5,33.5,33.1,34.0,33.1,33.4,33.1,33.4,33.2,33.8,34.2,33.2,33.6,33.9,35.1,33.3,35.0,33.9,34.4,34.2,35.1,34.1,34.1,33.3,34.6,33.1,34.0,33.2,34.5,33.3,34.0,33.1,35.3,34.0,33.4,33.8,33.6,33.1,34.5,33.7,34.4,34.5,33.5,34.2,33.2,34.8,34.4,34.2,33.9,34.5,33.8,34.5,34.2,33.7,33.5,34.1,nan,33.4,33.1,34.1,33.6,34.0,33.3,34.4,33.2,33.4,33.4,33.5,33.3,34.3,33.9,34.9,33.4,35.0,34.2,33.7,34.4,34.7,35.5,34.6,35.3,35.3,35.1,34.6,34.6,34.4,33.6,31.7,33.3,33.3,33.8,32.7,34.0,33.0,33.7,33.8,34.2,33.6,33.8,33.6,34.8,34.2,34.5,33.0,35.2,34.8,36.1,33.8,32.5,34.0,34.7,34.2,33.4,34.5,35.1,34.6,33.9,34.8,34.7,34.0,32.3,34.6,34.1,35.1,33.1,33.8,33.8,33.6,34.1,33.7,34.1,34.7,32.5,33.6,34.2,35.2,33.3,34.5,33.9,34.6,35.1,35.1,34.9,34.6,34.7,34.8,34.6,33.9,34.2,34.3,34.8,32.6,33.7,33.1,33.8,33.3,33.3,33.6,34.0,33.2,33.6,33.9,33.4,33.4,34.1,33.4,34.3,33.6,34.4,34.5,35.1,34.5,34.0,34.5,35.5,34.0,34.5,34.2,34.8,35.2,34.6,33.2,33.3,33.9,33.4,34.3,34.3,34.9,33.2,33.0,33.4,33.9,34.1,34.0,33.9,33.1,33.4,34.3,33.4,34.5,32.3,34.8,33.9,34.3,35.3,35.4,35.5,34.2,35.3,34.8,34.2,33.9,34.8,33.0,33.4,33.2,33.7,33.6,34.5,32.9,33.6,33.9,33.6,34.5,34.3,33.1,34.2,33.9,35.4,33.6,33.1,34.1,34.1,33.4,34.9,33.7,32.6,33.7,34.6,34.4,34.2,34.3,33.5,34.5,34.1,34.3,33.9,33.4,32.7,33.8,33.2,34.5,32.2,33.9,33.1,34.1,32.9,34.8,34.1,33.5,33.1,34.6,34.5,34.6,33.3,33.8,35.3
1785307230.9312654,2326,33.7,33.5,34.5,33.0,33.9,33.2,32.6,32.7,32.8,32.3,33.7,32.2,34.1,32.5,33.6,33.4,32.7,32.5,33.7,33.1,33.2,33.8,32.9,32.3,33.7,33.5,33.2,33.0,34.4,32.4,35.4,34.0,33.5,33.7,33.4,32.2,33.1,32.2,34.2,33.9,32.5,33.6,32.6,33.6,33.0,33.3,33.4,33.0,31.7,33.2,32.5,32.8,32.0,33.5,32.8,33.8,32.6,32.6,32.6,33.3,32.5,33.7,33.6,33.9,33.8,34.7,33.4,33.2,33.4,32.5,32.4,32.3,32.9,33.2,34.0,32.4,33.3,32.6,32.8,32.6,33.7,33.5,33.8,34.2,33.0,33.2,33.6,33.7,33.8,33.8,33.1,32.7,33.6,32.7,32.8,33.7,32.5,34.3,32.6,32.4,31.7,32.6,33.7,33.5,33.6,32.9,33.1,32.4,32.7,32.7,32.5,33.1,32.4,33.8,33.2,32.8,32.4,33.4,33.0,32.7,33.5,33.2,33.1,33.0,32.7,33.6,33.6,34.0,35.3,33.1,32.1,33.5,33.2,33.1,32.9,32.8,31.8,32.6,33.1,32.9,32.5,33.3,33.7,32.8,33.3,33.3,33.9,33.1,33.1,32.9,33.7,32.7,32.8,32.4,33.0,34.5,33.5,32.5,33.1,34.2,33.5,33.3,34.4,33.2,32.8,33.2,33.2,32.1,32.5,32.9,33.2,33.1,33.0,33.6,33.1,33.2,33.5,33.7,33.0,34.2,33.7,33.0,33.6,33.3,32.9,32.9,33.6,32.2,32.8,33.6,33.9,33.9,34.2,33.5,33.2,34.2,33.2,32.1,33.8,32.4,33.0,32.8,32.7,33.6,33.3,33.4,34.0,32.8,33.8,32.9,33.1,33.5,33.2,33.3,33.1,33.3,33.6,32.9,33.1,33.0,33.3,33.1,33.1,33.4,33.4,32.3,33.5,33.4,32.3,34.4,33.9,32.7,32.7,32.9,33.8,33.3,32.6,33.7,33.7,33.3,32.5,32.8,33.9,33.6,33.4,32.7,33.0,32.8,32.4,33.7,32.6,33.6,32.7,33.9,33.6,34.3,32.5,33.0,33.4,33.7,33.2,34.7,35.1,35.3,32.8,32.7,32.9,33.4,33.0,33.1,33.0,34.8,33.2,32.9,33.5,33.0,32.9,33.4,32.8,33.3,33.8,33.2,33.5,33.6,34.1,33.4,33.1,33.6,33.9,33.9,33.6,33.6,34.1,34.8,35.7,35.0,33.5,33.2,32.5,33.7,32.9,33.4,33.4,33.6,32.5,32.8,32.9,33.6,32.9,33.5,33.3,32.9,32.7,33.7,33.4,33.3,32.6,32.5,32.4,33.1,34.0,33.6,33.7,33.1,34.0,34.9,35.6,34.4,33.5,33.6,32.9,32.7,32.2,33.2,33.7,33.2,33.1,34.3,33.0,32.0,33.2,32.7,33.1,33.0,33.1,32.8,33.5,32.8,33.2,33.4,34.2,32.5,33.5,33.5,33.2,34.0,35.0,35.5,34.7,35.3,33.6,33.3,33.2,33.9,32.7,33.4,33.1,33.6,34.2,33.9,33.6,33.8,33.3,33.3,33.0,33.1,32.7,33.4,33.3,33.5,32.9,33.5,33.5,33.8,33.9,33.9,33.2,35.1,34.8,35.1,34.9,34.4,35.1,33.5,33.6,33.8,33.2,32.3,33.5,33.2,33.1,33.2,33.3,33.3,33.4,32.6,33.4,33.5,34.3,32.9,34.3,32.6,33.6,33.6,33.6,33.6,33.3,33.3,34.4,35.0,33.6,33.7,34.7,34.9,34.7,34.2,34.4,33.4,32.8,33.3,33.1,34.5,32.8,33.8,33.8,33.9,33.3,33.5,33.3,33.9,32.8,33.7,33.6,33.5,31.8,34.2,33.9,34.0,33.7,33.9,34.1,34.3,33.9,33.7,33.9,34.8,34.8,34.5,33.3,33.7,33.5,33.1,33.1,33.7,33.4,32.6,33.7,34.1,33.2,32.9,33.3,32.7,33.1,33.2,34.3,33.2,32.8,32.9,34.8,32.4,34.1,33.6,34.5,34.7,33.9,33.9,34.7,34.0,32.9,34.7,34.1,33.3,33.2,32.7,34.1,33.4,33.0,33.3,33.9,34.2,33.3,33.3,34.6,33.6,33.2,33.0,34.4,34.1,33.6,33.7,33.7,34.5,33.1,32.6,34.2,35.0,34.1,34.6,34.6,34.6,34.3,34.6,33.0,33.7,33.0,33.2,32.9,33.6,33.2,32.8,33.0,33.2,34.3,32.7,33.0,34.0,33.7,33.5,34.3,33.7,33.2,33.9,34.0,34.8,33.5,34.2,33.9,35.4,33.9,33.6,34.2,34.5,34.1,34.8,33.2,33.6,32.7,nan,33.1,33.5,33.8,33.0,33.8,34.3,32.5,33.3,33.2,32.9,32.7,33.0,34.2,33.7,34.0,34.4,33.3,34.0,34.8,33.0,33.8,33.6,34.5,33.7,33.9,33.9,33.6,33.8,33.1,33.3,32.7,32.9,33.4,32.9,33.0,33.7,34.0,33.1,33.2,33.6,33.5,33.3,33.8,33.6,34.8,34.0,33.5,33.9,34.7,33.9,33.9,33.6,33.9,34.4,34.8,33.6,34.9,34.6,34.6,34.4,34.3,34.1,33.4,33.5,33.1,33.3,32.8,33.5,34.0,34.0,33.1,34.0,32.9,33.9,33.2,34.0,34.6,33.3,33.8,34.2,34.4,34.6,33.8,33.2,33.8,35.8,34.1,34.4,34.3,33.9,34.9,34.6,33.5,33.8,33.7,33.5,33.1,33.2,34.2,33.5,34.7,33.2,33.6,33.5,34.7,33.1,33.6,33.6,33.7,34.0,34.5,32.5,32.9,33.9,33.9,33.9,32.9,33.3,34.3,34.4,34.5,34.8,33.9,34.8,33.6,33.2,33.5,33.6,34.3,33.8,33.6,33.3,34.6,33.7,33.4,33.4,35.7,33.1,32.8,33.9,33.8,34.3,33.6,33.8,34.3,35.3,33.7,33.1,33.3,33.7,34.7,34.6,33.7,34.5,34.2,34.0,32.9,33.5,33.3,32.2,34.0,33.3,33.1,32.8,34.1,34.0,33.5,34.2,34.1,33.8,34.3,33.2,34.2,33.6,33.8,35.1,34.4,34.3,32.4,33.7,33.8,33.8,34.7,35.0,34.3,34.2,33.7,34.0,34.0,34.0,32.3,33.7,33.7,33.6,33.0,34.0,33.5,34.9,33.6,33.5,34.0,33.6,33.4,33.9,33.9,34.5,33.2,34.9,34.4,35.8
1785307232.997064,2327,31.7,33.0,33.5,33.0,32.3,32.8,32.8,33.4,32.6,33.3,32.1,33.1,33.6,33.4,32.8,32.3,32.5,31.6,31.9,32.5,33.4,32.7,31.3,32.5,31.9,32.3,32.5,33.0,33.5,32.9,32.6,34.3,32.7,33.7,34.1,32.4,31.8,33.5,32.5,32.2,32.6,34.0,32.4,32.6,32.2,33.5,33.4,33.0,32.8,33.7,33.8,32.8,32.4,33.3,33.2,32.5,31.8,33.0,33.2,32.5,33.0,33.0,32.7,32.9,34.3,33.5,33.1,33.2,32.7,32.7,33.8,33.1,32.9,34.1,32.7,32.4,32.7,32.8,32.6,33.2,33.1,32.7,32.2,32.8,33.2,32.3,32.9,34.1,32.8,32.5,32.6,32.5,34.0,32.7,33.9,34.2,33.0,34.1,32.8,32.1,32.6,32.2,33.4,32.4,32.9,33.3,33.1,32.8,32.2,32.2,32.5,32.2,31.8,33.4,33.2,33.4,33.1,33.2,33.3,31.7,32.6,32.6,33.5,33.8,33.7,32.7,33.4,33.5,32.9,32.9,32.6,32.9,32.8,33.7,32.9,33.2,33.1,32.8,33.1,32.9,32.9,32.9,32.5,32.3,33.1,32.8,32.9,33.3,33.1,33.5,32.4,33.4,33.0,32.3,32.6,32.3,33.3,32.7,34.0,34.2,33.5,32.8,32.7,33.4,32.6,32.8,33.2,32.9,32.2,32.7,32.5,32.6,32.5,33.8,33.1,31.7,32.2,32.5,33.5,33.7,33.2,33.5,32.3,33.1,33.1,33.4,33.0,33.0,33.1,33.4,32.6,33.9,34.2,33.5,34.0,33.0,33.5,33.2,32.3,32.6,32.8,32.7,32.3,33.8,32.5,32.8,33.0,33.0,32.9,33.2,33.3,33.2,33.7,32.4,32.4,33.3,33.0,33.3,32.7,33.0,32.7,32.9,32.6,33.8,33.6,33.4,33.7,32.9,31.8,33.5,33.4,32.9,33.8,33.3,32.6,33.2,32.7,32.1,33.1,33.2,33.3,33.7,33.7,32.9,32.3,32.9,32.6,32.1,31.6,33.2,33.0,32.4,33.3,33.3,32.9,33.3,32.7,33.0,33.6,33.3,34.1,34.0,34.7,33.9,32.6,33.2,33.1,33.8,32.2,33.1,33.4,33.7,33.0,33.2,32.2,33.5,32.9,32.9,32.1,32.3,32.7,33.0,33.0,32.9,32.9,32.6,32.7,32.8,32.9,33.0,32.6,32.8,33.7,34.2,34.5,34.3,33.6,33.0,33.8,32.2,32.5,32.8,33.5,32.1,32.8,32.3,33.6,33.1,33.0,33.9,33.4,33.6,33.2,33.4,33.3,32.6,32.6,33.4,33.6,34.1,33.4,32.4,33.5,34.3,33.8,34.7,34.5,34.3,32.3,33.5,32.9,33.2,32.9,33.1,32.2,32.3,33.4,32.8,33.5,33.1,33.6,33.0,32.5,32.5,32.9,33.2,32.5,33.5,33.0,34.0,32.4,33.7,33.5,33.3,34.2,33.8,34.8,35.1,35.0,33.8,33.9,33.2,33.0,33.3,32.5,33.3,33.2,32.7,33.0,33.1,33.4,33.0,32.3,34.3,33.0,32.9,32.3,32.7,33.1,33.0,32.9,33.6,32.3,32.6,33.9,33.2,33.2,34.5,35.1,34.0,33.2,34.6,34.6,32.8,32.9,33.3,33.2,32.9,33.7,33.1,33.1,33.1,32.0,33.3,33.9,33.4,33.2,33.4,33.6,33.0,33.0,32.9,32.5,32.9,33.4,33.8,32.7,32.9,33.5,34.4,33.4,34.1,35.2,33.0,34.0,33.9,33.0,33.2,32.8,33.3,33.0,33.3,33.1,34.0,32.8,32.8,32.2,33.0,33.3,33.4,32.7,33.4,34.0,33.2,32.5,33.1,32.7,33.4,33.3,33.7,33.7,34.3,33.4,34.4,34.1,34.6,34.0,34.3,32.2,33.2,32.1,33.2,32.4,33.7,32.8,32.8,33.5,33.7,33.3,33.6,33.8,32.7,32.5,33.3,33.7,33.1,33.2,32.5,32.4,33.0,33.0,35.1,33.3,33.1,33.3,32.7,34.6,33.5,33.6,34.0,33.4,33.1,32.7,32.5,32.6,32.7,33.5,33.3,33.5,33.5,33.0,33.2,33.3,33.3,32.9,33.4,33.1,32.6,32.9,33.3,33.9,32.5,33.3,32.6,33.8,33.6,34.1,34.2,34.4,33.9,34.3,34.5,32.8,33.2,32.5,32.1,33.5,33.6,32.4,33.1,32.2,33.9,33.5,33.2,32.5,33.3,34.2,33.0,34.1,33.7,33.2,33.2,33.4,33.2,33.7,33.3,33.5,33.9,32.8,33.6,34.7,33.8,34.1,34.6,32.9,33.7,32.2,nan,32.5,32.5,32.8,32.9,33.1,33.2,32.8,33.8,33.6,33.3,32.7,33.0,33.0,32.8,32.8,33.2,32.7,33.6,32.9,33.2,33.4,34.2,33.5,34.0,34.1,34.5,34.1,32.9,33.3,33.5,32.2,32.5,33.1,34.4,33.4,32.6,33.2,34.4,33.0,33.9,32.9,33.5,33.3,33.1,33.9,32.7,32.7,33.0,33.4,33.8,35.0,33.6,34.7,33.6,33.9,34.7,33.8,33.9,33.4,34.6,34.1,33.4,32.4,33.7,33.5,33.4,33.3,34.3,32.7,33.0,33.3,33.8,32.7,33.8,32.7,33.0,32.5,32.8,33.8,33.4,34.4,33.2,33.4,33.9,33.4,34.4,33.1,34.2,35.0,34.3,34.2,33.6,34.2,33.1,33.5,33.0,33.1,33.2,32.9,33.2,32.4,33.2,32.4,33.2,32.6,33.8,32.5,33.3,32.8,33.6,33.5,33.5,33.5,34.1,33.0,32.5,34.2,34.0,33.3,34.2,33.4,33.9,35.1,35.0,33.6,33.2,33.5,32.6,33.5,33.2,33.0,32.6,33.8,33.7,32.2,33.4,33.0,32.7,32.8,33.1,33.4,31.8,33.4,34.8,34.3,35.0,34.2,32.7,34.4,34.6,33.8,34.2,33.9,32.8,34.3,34.5,33.1,32.9,33.6,32.9,32.7,33.0,34.1,34.5,32.9,33.0,32.7,33.7,32.8,33.6,33.8,32.1,34.2,33.2,34.2,34.3,34.2,33.4,34.1,33.2,33.6,34.9,33.3,33.5,33.6,33.6,32.6,33.6,33.3,33.5,32.4,33.5,33.0,33.5,33.0,34.2,32.4,33.5,32.9,33.5,32.5,33.2,34.2,33.4,32.5,33.7,33.0,34.5,33.7,34.7
1785307235.375896,2328,33.2,32.3,33.6,32.6,33.1,32.2,33.2,32.6,33.3,32.2,32.2,33.2,31.8,32.6,33.1,33.5,32.0,33.2,31.2,32.8,32.4,33.2,33.2,33.4,32.4,33.4,33.2,33.3,32.9,33.2,32.5,34.1,33.6,32.4,33.0,33.5,33.6,31.6,33.9,33.1,32.8,32.5,33.1,32.1,32.3,32.0,32.8,31.9,32.9,32.5,33.2,32.7,33.6,32.7,32.7,33.1,32.9,32.3,32.7,33.9,34.2,33.8,32.5,33.2,33.6,34.4,32.8,33.5,32.0,33.0,31.7,33.6,32.5,33.3,33.0,32.6,32.7,32.7,32.7,33.2,32.4,32.6,32.3,34.0,32.4,33.0,31.3,32.9,32.7,32.8,33.4,32.0,32.0,33.2,33.3,33.6,33.1,33.9,33.8,33.4,32.1,32.5,33.4,32.9,32.6,32.6,33.0,32.5,32.6,32.3,32.8,31.6,33.6,33.7,32.5,32.5,33.2,33.3,33.4,32.9,33.4,32.5,33.2,32.7,34.4,33.0,33.4,34.6,33.0,33.7,33.3,34.1,33.1,33.8,33.0,33.1,32.7,32.5,31.9,33.1,32.6,33.5,32.8,33.0,32.9,32.4,32.8,32.7,32.8,32.7,32.9,33.1,32.2,33.5,33.6,32.6,32.8,33.0,33.9,33.6,33.8,32.2,33.2,33.3,33.6,32.7,33.5,33.6,33.5,33.0,33.3,33.2,33.4,33.4,33.1,33.8,32.6,31.9,32.9,32.8,33.4,32.6,33.1,33.0,33.0,33.1,33.3,33.6,33.7,33.3,33.6,33.1,32.7,32.7,33.3,33.9,32.1,33.5,32.6,32.8,32.9,33.4,32.8,33.0,32.2,32.7,32.9,33.3,33.3,33.6,32.6,33.8,32.9,31.8,33.2,33.7,33.3,33.0,32.8,32.3,33.2,33.2,32.9,32.7,33.0,32.8,33.8,32.6,33.2,33.2,34.2,33.7,33.4,32.8,32.9,33.6,33.0,32.3,32.7,33.2,33.0,32.7,33.0,33.0,34.2,33.0,32.6,32.7,32.7,32.2,32.9,32.6,33.2,33.0,33.0,32.9,33.9,34.1,32.5,33.0,33.1,35.3,34.8,34.7,32.2,32.8,33.5,33.5,32.5,33.1,32.7,33.4,32.8,33.0,32.3,33.4,33.1,33.0,32.1,33.1,32.8,33.1,33.6,33.5,33.4,32.7,32.4,33.5,33.8,33.6,33.3,32.7,33.8,35.0,34.9,34.9,33.5,33.7,32.7,33.3,33.0,32.5,33.3,33.4,32.9,33.2,32.8,32.3,33.5,31.6,33.1,32.7,33.4,33.8,33.0,34.0,32.3,32.9,32.9,32.8,32.6,33.1,33.0,34.4,34.8,35.0,34.1,35.2,33.1,32.7,33.8,33.0,33.4,33.3,32.9,33.3,33.0,32.7,33.0,33.2,32.9,33.1,32.6,32.8,33.0,33.1,32.4,33.4,33.7,33.0,33.7,33.2,32.6,33.4,34.5,34.5,35.8,35.1,34.7,35.3,34.3,33.4,32.6,32.9,32.9,32.9,32.8,32.1,32.6,33.5,32.9,33.1,32.7,34.0,32.1,32.0,32.4,33.2,32.0,33.1,33.5,32.5,33.2,33.1,33.3,33.5,33.7,34.8,33.4,34.7,34.5,34.3,33.7,33.4,33.5,33.4,33.5,32.7,32.4,32.9,33.2,33.3,32.8,33.4,32.8,33.8,33.1,32.4,33.2,32.1,33.6,33.4,33.8,33.3,33.1,33.5,33.9,32.4,33.5,34.9,34.2,34.4,34.1,34.1,33.6,33.3,33.3,34.3,33.1,32.3,32.1,34.1,34.3,33.4,33.6,32.3,33.5,33.9,32.5,33.9,32.3,32.2,33.4,33.6,33.2,32.6,32.6,33.9,32.9,33.3,33.6,34.6,33.3,33.1,33.3,34.7,33.9,34.6,32.8,33.3,34.3,33.2,33.1,33.0,34.0,33.6,33.1,33.8,33.3,33.8,31.9,33.6,32.4,33.6,33.1,33.3,32.8,33.0,33.9,33.3,33.1,33.9,33.8,34.6,34.0,33.7,34.0,34.3,33.7,34.3,33.5,33.0,33.4,32.5,32.4,33.0,32.9,33.3,33.1,33.8,32.9,33.3,33.5,33.6,33.3,33.5,33.0,33.6,34.1,33.4,33.8,34.2,33.4,33.5,33.3,34.5,33.6,34.5,33.8,34.7,34.2,33.7,33.8,33.4,33.8,33.5,33.6,33.2,33.5,33.3,33.8,33.5,32.5,33.2,33.4,33.1,33.1,33.2,33.1,33.2,32.9,33.7,33.3,33.7,33.6,33.9,35.0,33.6,34.5,33.0,33.8,32.7,34.5,34.0,34.3,33.2,33.4,nan,32.9,33.2,33.1,33.0,32.7,33.6,32.2,33.1,32.8,33.4,33.5,33.5,33.6,33.1,33.2,34.1,33.6,34.1,32.6,33.1,33.7,34.7,32.9,34.7,33.8,34.2,33.5,34.4,34.6,33.6,33.2,32.3,32.8,33.8,32.8,33.2,33.1,33.5,32.8,34.0,33.5,33.2,33.0,32.8,32.7,33.9,33.6,33.5,35.0,33.6,33.8,33.7,33.8,33.7,33.8,34.3,33.9,34.5,34.0,33.0,34.1,33.7,33.8,31.8,33.2,33.0,33.3,33.3,32.7,33.6,33.6,34.1,33.7,33.3,32.2,34.0,33.6,32.7,34.3,32.8,34.3,33.1,33.7,34.2,33.5,34.7,33.2,34.5,34.0,34.6,33.0,33.5,33.4,33.2,33.6,33.6,32.3,34.1,33.5,32.8,33.0,32.8,33.9,33.8,35.0,33.4,32.5,33.5,33.6,34.5,33.6,34.2,32.3,34.0,34.5,32.9,35.1,33.6,34.0,34.1,33.7,33.3,34.4,34.2,33.2,34.0,32.5,34.1,33.2,34.1,33.4,33.4,33.3,33.2,33.5,33.7,33.7,33.5,32.5,33.1,33.5,34.2,32.9,33.5,35.0,34.9,33.6,33.2,33.6,33.8,34.3,34.1,33.6,33.6,34.4,34.6,33.0,32.8,31.9,33.2,33.7,33.9,32.5,33.7,33.7,32.5,33.6,33.2,33.5,33.5,33.1,34.1,32.9,33.9,33.9,33.7,33.9,35.3,33.9,33.3,34.1,33.7,33.6,33.8,32.9,33.1,33.8,33.7,33.4,33.8,33.4,32.7,32.9,33.9,33.1,33.8,33.7,34.2,33.4,33.0,33.1,33.9,33.0,33.1,33.1,34.0,33.1,33.3,34.0,34.8
1785307237.3913262,2329,33.5,32.8,33.6,33.8,33.7,33.8,33.2,33.1,33.1,33.4,33.2,33.1,32.4,33.3,33.1,34.3,33.5,31.7,32.9,33.2,32.4,32.8,33.4,33.6,32.4,33.4,32.4,33.8,33.9,32.3,33.0,34.1,32.8,34.3,34.0,33.5,32.1,32.5,33.1,33.6,32.9,32.7,32.5,32.7,33.3,32.9,33.0,32.5,33.3,32.6,33.2,32.4,32.5,33.4,33.0,32.6,33.5,32.9,33.8,33.7,34.2,33.6,33.8,33.0,34.2,32.7,33.3,32.9,32.8,33.5,33.5,33.2,33.0,33.3,33.0,33.2,33.4,32.5,33.6,34.0,33.3,33.6,32.5,33.5,32.4,32.1,33.4,33.6,32.2,33.7,33.2,34.1,32.9,32.8,33.1,33.6,33.3,33.2,34.0,32.0,32.7,32.3,34.3,33.1,33.4,33.0,34.3,33.1,32.3,32.5,33.3,33.5,33.9,33.4,33.7,32.9,33.7,32.7,33.5,33.1,34.2,32.9,33.4,33.9,33.0,33.3,33.9,35.3,33.8,32.1,33.4,33.9,32.7,33.4,33.0,34.4,32.8,32.2,32.7,32.8,32.6,33.1,33.6,33.4,33.2,33.3,33.7,32.4,33.4,33.0,33.3,33.7,32.4,33.5,33.5,34.2,32.3,32.9,33.3,34.3,33.4,33.8,33.5,33.6,33.1,33.1,33.5,33.2,32.8,34.0,33.5,33.2,33.6,33.9,33.6,33.5,33.5,33.3,33.6,33.6,33.1,33.4,32.1,33.6,33.3,33.7,33.0,33.5,33.2,32.8,33.4,33.8,33.4,32.7,34.1,33.1,33.3,33.1,33.7,33.2,31.9,33.6,33.3,32.5,32.6,33.6,33.4,33.4,32.2,33.0,32.7,33.0,32.9,33.6,33.0,34.1,32.8,32.0,33.4,34.2,33.4,33.6,33.4,32.9,33.7,33.5,32.5,33.7,32.6,33.8,33.5,33.0,32.7,33.5,33.4,32.8,32.4,32.3,33.7,32.9,33.2,31.8,33.3,33.5,33.2,32.5,33.9,33.6,32.6,34.1,32.9,32.5,32.7,32.9,34.1,33.2,32.6,34.6,32.9,34.0,34.1,35.0,35.6,35.1,33.2,33.2,33.2,32.9,33.5,32.5,33.2,33.3,33.3,32.9,32.1,33.3,33.4,33.3,33.3,33.1,33.7,32.6,33.4,33.9,33.8,33.5,33.2,33.1,32.8,34.4,33.3,34.3,34.0,34.9,35.1,34.4,33.0,33.3,33.1,33.8,32.4,33.2,33.5,33.9,33.5,33.2,32.5,34.2,33.1,33.4,32.8,32.5,32.0,32.8,33.4,33.5,33.3,32.9,32.7,33.0,33.1,32.9,33.6,33.8,34.3,35.0,35.3,34.9,33.7,33.7,33.0,33.1,33.0,32.6,33.0,33.7,33.8,33.4,33.3,32.6,33.7,33.6,33.2,33.6,32.2,33.5,32.8,34.1,32.4,32.8,33.7,33.2,32.6,33.2,33.9,34.3,35.1,34.9,35.3,34.9,33.9,33.9,32.6,33.2,32.9,32.6,34.0,33.2,33.6,33.4,32.7,33.2,33.2,32.9,33.0,33.0,32.1,33.5,33.6,33.0,34.1,32.1,33.4,33.7,34.2,33.1,33.7,33.8,34.0,34.5,34.5,35.0,34.9,34.4,32.9,33.9,32.7,32.7,33.3,34.0,33.7,33.4,33.0,34.3,33.2,33.4,34.0,33.8,32.9,32.3,33.5,33.2,34.0,33.7,33.5,34.5,33.7,32.8,33.8,34.5,34.4,34.6,34.1,34.5,34.3,35.1,33.6,34.0,32.8,32.5,33.4,33.0,33.3,32.8,33.7,32.9,33.9,33.3,33.9,33.7,33.0,32.3,33.4,34.2,34.1,33.0,34.2,34.1,33.8,33.4,34.0,35.4,33.9,34.5,35.1,34.2,34.6,34.3,34.1,34.0,34.0,33.5,33.3,32.9,33.5,33.5,32.6,34.0,33.5,32.9,33.5,33.6,33.3,32.6,33.5,34.4,33.3,33.4,33.9,34.1,33.6,33.3,35.0,34.2,33.5,34.2,34.0,34.8,33.5,34.0,33.7,33.4,32.9,33.9,32.8,33.5,34.2,33.8,34.0,33.3,32.9,33.3,34.2,32.6,33.5,32.8,33.6,33.3,33.6,32.7,34.6,33.0,32.8,34.8,34.1,35.9,33.3,33.2,34.4,34.4,33.7,34.9,33.4,34.0,33.1,32.7,34.0,33.8,33.5,33.2,34.0,34.0,33.9,33.0,33.3,33.4,33.6,32.9,33.7,34.1,33.1,33.3,32.7,34.5,32.7,34.1,34.0,33.8,33.8,34.1,33.6,33.8,33.9,34.7,33.7,34.4,33.8,nan,33.5,32.8,33.6,32.8,33.4,34.1,33.6,32.9,33.7,32.7,33.0,33.7,33.8,33.7,33.6,33.5,33.8,34.8,34.1,33.1,34.3,35.3,33.8,34.7,34.4,34.0,34.3,33.4,34.3,33.4,32.7,32.8,32.8,34.0,33.3,32.7,33.0,33.8,33.0,33.5,33.6,33.4,33.7,33.9,33.1,34.9,34.2,33.7,34.4,33.7,33.2,33.5,34.8,34.3,34.4,34.5,33.6,35.1,33.9,34.4,34.8,33.7,32.3,33.1,32.6,34.1,32.8,33.5,33.4,33.6,33.3,33.4,33.5,34.1,33.3,33.6,33.6,33.5,32.8,33.7,34.3,34.1,32.6,33.3,33.9,34.3,34.8,34.3,33.9,34.6,35.0,34.4,33.9,34.1,33.4,33.1,33.4,34.1,34.2,33.0,33.2,34.0,33.6,33.1,33.6,33.2,33.6,33.7,33.8,34.3,33.2,33.2,33.4,34.4,33.8,34.0,34.3,32.8,33.4,34.1,34.0,34.0,35.1,34.1,32.4,34.4,33.4,34.1,33.1,33.8,32.7,33.6,33.4,33.6,32.3,33.9,35.8,33.5,33.1,34.0,33.7,34.4,33.5,33.3,34.4,34.7,33.9,33.5,34.9,33.4,33.3,34.3,32.9,33.8,34.1,34.6,32.6,34.3,33.9,32.3,33.7,33.3,33.7,33.4,34.3,35.0,33.6,34.0,34.1,33.9,33.9,34.1,34.0,34.1,34.1,34.4,35.2,35.5,32.8,34.2,33.9,34.6,33.8,34.0,34.7,34.1,33.6,34.6,34.3,33.4,33.6,33.3,33.8,33.6,32.4,32.9,33.8,34.7,32.8,33.9,33.9,34.1,33.0,34.0,33.6,34.5,33.5,34.8,34.5,36.0
1785307239.692924,2330,33.2,32.6,33.1,33.1,32.8,32.9,31.4,32.2,33.1,32.8,31.6,32.5,32.8,33.3,33.7,33.3,32.8,32.6,32.5,32.8,32.9,32.6,32.6,31.6,33.0,33.8,32.0,32.4,32.7,32.8,32.7,32.8,33.6,33.8,32.5,33.7,33.0,31.9,33.0,32.1,32.5,34.1,33.9,33.5,33.1,32.3,31.7,32.3,32.9,32.9,33.0,32.7,33.8,32.1,33.5,33.2,33.3,32.7,32.7,32.6,33.7,31.7,33.0,33.3,33.4,33.6,33.0,31.7,32.8,33.5,32.9,33.2,32.3,32.7,33.1,32.7,32.7,32.2,32.9,31.7,33.1,33.5,32.3,32.4,33.6,33.1,32.3,33.4,32.9,34.1,33.6,32.8,32.2,33.2,33.4,31.9,34.0,33.9,33.8,34.5,32.3,33.6,32.9,33.8,33.0,32.3,31.2,32.7,32.8,33.3,32.1,32.5,33.6,33.5,32.7,33.2,32.7,32.7,32.9,33.5,33.0,32.9,31.8,33.5,33.8,33.0,32.5,34.3,34.2,32.1,33.1,32.8,33.9,33.2,32.5,33.3,32.8,32.7,32.7,31.2,32.1,32.7,33.5,33.4,33.0,33.2,32.5,32.0,33.2,32.9,32.9,32.6,32.9,33.6,32.7,33.2,33.2,34.1,31.5,32.5,33.2,32.5,33.0,32.5,33.9,32.5,32.2,32.1,32.8,33.0,32.6,32.2,32.6,32.2,32.0,33.3,33.3,33.0,33.4,32.6,33.6,33.6,32.8,33.0,33.5,32.4,32.4,33.3,33.5,33.8,33.1,32.9,33.8,34.5,33.5,32.5,34.2,33.3,33.0,32.3,32.9,32.9,32.6,32.5,33.6,33.4,33.3,32.6,33.3,32.5,32.6,33.2,33.4,33.4,33.7,33.1,32.5,33.4,32.8,32.0,33.2,33.8,32.9,32.5,33.5,32.6,31.1,33.5,32.8,33.2,33.5,33.5,32.9,33.4,32.4,33.3,32.5,32.8,32.8,33.2,33.5,33.7,32.7,33.1,33.5,33.3,32.6,33.1,32.2,32.6,32.7,32.8,32.9,33.2,32.6,32.7,33.7,33.5,33.9,32.2,35.4,35.7,34.2,32.8,33.2,32.5,32.5,32.7,33.5,33.3,32.8,32.5,33.1,33.8,32.9,32.3,33.1,32.2,33.1,32.8,32.5,33.1,33.6,32.3,33.4,32.2,31.8,33.1,33.0,32.7,32.9,33.7,34.0,34.5,33.5,33.5,32.7,33.4,32.4,33.1,32.4,33.8,32.9,33.2,33.0,32.9,32.5,33.6,33.2,33.1,33.5,33.0,32.8,33.3,33.4,32.7,33.7,34.1,32.9,33.4,33.7,33.1,34.2,33.6,34.6,35.2,33.9,33.3,33.9,33.9,33.5,32.7,32.3,33.2,33.0,32.7,32.4,33.2,33.6,32.2,34.0,34.0,32.7,33.6,33.2,33.1,32.4,32.7,33.3,33.3,32.9,32.2,32.4,32.4,34.1,34.3,34.7,34.7,35.1,34.4,34.0,32.9,33.3,32.6,33.2,32.4,32.9,32.8,33.4,33.5,33.0,32.9,33.7,33.6,32.6,33.5,32.6,33.2,32.7,32.1,32.3,33.2,34.0,32.3,34.4,32.7,33.5,34.0,34.4,34.7,34.4,33.5,34.4,34.4,33.1,32.8,32.8,31.9,32.9,33.2,33.2,32.7,33.3,33.2,33.8,33.2,32.6,32.8,33.6,32.5,33.3,31.9,33.7,33.0,34.1,32.7,32.6,33.0,33.4,34.5,33.9,33.5,34.3,35.0,35.0,34.6,33.3,32.7,33.3,33.3,33.2,33.1,33.7,33.8,32.9,33.3,33.9,33.7,33.5,32.7,33.0,32.3,33.2,32.7,33.0,33.2,33.6,34.1,33.8,33.6,33.7,34.4,33.9,33.3,34.4,33.3,33.4,34.7,33.9,33.1,33.3,32.9,33.2,32.4,34.0,32.7,32.8,32.6,33.3,33.0,33.6,33.3,33.3,33.1,33.0,32.8,33.1,33.2,34.1,32.5,32.9,34.2,33.2,33.4,34.0,33.9,33.8,33.1,34.3,34.6,33.4,33.5,33.1,33.6,33.1,32.3,33.9,33.4,33.5,32.8,33.1,32.8,33.5,32.9,33.3,33.3,33.0,33.3,33.6,32.9,33.2,33.0,33.6,33.8,33.5,34.7,34.0,33.2,33.3,33.2,34.2,34.4,32.3,33.3,33.6,33.0,33.0,32.5,33.2,32.7,33.6,33.3,33.5,34.0,33.3,32.8,33.6,33.1,32.8,32.3,33.3,33.9,33.7,33.1,33.6,33.0,32.6,33.4,34.1,34.3,33.2,33.4,33.8,34.9,34.3,32.2,33.5,nan,32.6,32.4,32.8,33.0,32.9,33.8,33.7,33.9,32.5,33.0,33.9,33.0,33.3,32.4,34.0,33.5,33.8,34.6,33.9,33.3,34.1,34.1,34.0,34.7,33.8,34.0,33.4,34.1,33.2,32.9,32.5,33.5,33.5,31.8,33.2,33.2,32.4,33.8,33.3,33.2,33.0,33.4,32.5,32.8,32.9,34.7,32.8,34.2,32.5,33.6,32.7,33.8,34.4,35.7,34.4,34.3,33.4,34.4,34.6,34.5,34.4,32.8,33.1,32.4,32.6,32.9,33.8,33.3,33.1,33.1,32.4,33.4,33.4,33.7,34.0,34.2,33.0,33.6,33.0,33.5,34.1,33.7,33.0,33.3,33.7,34.7,34.4,34.5,33.7,33.5,34.3,34.8,33.1,33.4,34.1,33.0,32.0,32.4,33.8,33.1,33.6,33.1,33.9,34.0,33.9,32.8,34.5,33.9,33.3,33.7,33.4,33.6,34.1,33.5,33.4,32.9,33.0,34.1,33.0,36.2,34.2,33.5,34.4,33.5,32.5,32.9,33.2,33.4,32.7,33.3,32.7,33.6,33.4,33.1,33.7,32.9,34.2,33.3,34.4,33.3,32.8,34.8,33.7,33.9,33.5,34.1,33.8,33.7,33.6,33.6,33.3,33.5,33.6,33.2,33.7,34.1,32.8,33.0,33.0,33.4,33.2,33.2,33.7,33.4,33.7,33.2,34.1,33.3,33.1,33.1,33.9,34.4,33.4,33.5,34.8,33.7,34.1,34.4,34.0,34.0,33.9,33.7,34.6,33.0,32.7,33.7,34.1,35.0,33.1,32.9,33.3,33.1,32.7,33.4,33.8,34.0,33.2,33.3,32.8,33.8,33.0,33.2,33.7,32.9,33.4,33.5,34.2,35.2,34.2,33.9
1785307241.5815728,2331,33.4,33.8,34.0,33.7,33.4,33.2,33.3,32.7,32.8,32.9,32.9,33.7,32.8,32.8,31.9,33.0,32.7,31.9,32.6,32.7,33.8,32.7,34.5,33.1,34.1,32.7,34.2,33.6,34.4,32.2,33.4,32.7,34.3,32.4,32.9,31.9,32.6,33.9,33.8,33.0,33.1,32.8,32.2,31.9,32.8,32.8,32.5,32.8,32.6,33.2,32.9,33.0,33.5,32.4,32.8,33.1,32.4,33.4,34.1,32.7,32.7,33.5,32.4,33.9,34.0,33.8,32.2,33.7,33.1,33.4,33.0,33.9,34.8,34.3,32.7,33.5,32.8,33.3,32.4,32.8,33.5,33.2,33.1,32.8,32.5,32.5,33.8,32.6,33.8,32.9,32.7,32.9,33.8,32.4,33.5,34.0,33.9,33.3,33.7,33.3,33.4,32.4,33.5,32.8,33.6,32.4,33.1,33.0,33.6,32.7,32.7,32.2,32.1,33.3,33.2,32.9,32.4,33.6,33.1,32.8,32.7,33.7,33.3,32.4,33.5,33.4,33.6,33.8,34.6,33.6,32.8,33.1,32.4,32.1,32.5,33.5,32.9,33.6,33.4,34.4,33.7,33.8,32.2,34.3,33.8,32.5,32.7,33.1,33.4,32.9,32.6,32.9,33.0,32.8,33.9,33.3,33.9,33.7,33.1,33.7,33.0,32.8,33.1,33.2,33.1,32.6,33.2,32.9,32.5,33.0,32.3,32.9,32.8,33.3,32.4,33.2,33.3,33.8,32.8,33.7,33.0,33.8,33.2,33.5,32.2,33.7,33.8,33.4,33.6,33.6,34.1,33.9,33.0,33.7,32.6,35.2,34.1,34.1,32.5,33.3,33.5,33.2,33.7,33.1,31.8,32.5,32.7,32.7,33.1,33.0,33.1,33.1,33.5,32.7,33.4,33.1,33.9,33.2,32.7,33.3,33.8,34.4,33.1,33.6,33.4,32.7,33.9,33.0,33.1,34.6,33.5,33.4,32.9,33.6,33.3,33.3,32.4,33.2,33.5,32.8,33.3,33.2,33.1,33.3,33.4,32.4,33.1,32.3,32.3,32.8,33.3,32.2,32.2,33.3,32.5,33.0,34.2,33.2,33.0,34.3,33.6,35.7,34.4,34.1,33.3,33.0,33.6,33.4,33.4,33.2,33.2,33.0,33.8,33.2,32.7,33.2,33.5,33.0,33.3,32.6,33.4,32.6,32.8,33.9,33.5,33.9,33.7,32.4,32.4,32.8,34.4,34.0,34.2,35.3,35.7,33.4,33.4,33.3,33.5,33.5,33.1,32.9,33.2,33.1,32.9,33.4,34.2,33.4,32.0,33.1,32.3,33.1,32.7,32.9,33.1,33.0,33.0,33.0,33.6,32.9,33.0,33.2,33.3,33.5,34.5,34.6,34.7,34.3,34.9,33.6,33.1,33.5,33.7,33.2,32.4,33.2,33.7,33.1,33.0,32.9,33.4,33.7,33.1,32.8,32.6,32.5,32.3,33.5,33.6,33.4,33.4,33.1,33.7,33.3,34.4,33.4,35.0,35.3,34.6,34.5,33.7,34.0,34.0,33.1,33.1,33.4,33.2,32.7,33.3,33.4,34.2,33.5,32.6,33.6,32.8,33.9,32.5,33.7,33.5,32.8,32.3,33.3,33.1,33.2,34.9,33.8,34.5,34.5,34.4,34.7,34.8,34.2,34.5,33.8,33.0,33.5,32.9,33.2,32.9,33.1,33.7,32.9,33.2,33.1,34.2,33.9,32.7,33.2,32.6,32.7,33.2,33.5,33.4,33.2,33.8,33.6,34.2,33.5,34.2,34.2,33.8,33.9,34.7,34.5,34.5,33.5,33.4,33.4,32.7,33.7,33.4,33.0,33.0,32.9,33.8,33.0,32.5,33.3,32.6,33.4,33.5,33.2,33.3,32.6,32.3,33.5,34.1,33.0,33.5,34.3,33.9,35.3,34.6,33.9,34.8,34.8,34.3,33.6,33.3,34.2,33.7,33.9,33.5,33.2,32.8,32.6,33.3,33.1,33.8,33.1,33.2,32.8,33.5,33.0,33.0,33.4,33.6,33.2,33.6,34.2,33.6,34.5,34.7,33.3,32.6,33.1,34.0,34.4,33.9,35.0,33.6,32.6,32.5,33.0,33.4,32.9,32.8,33.3,34.4,33.4,34.1,33.5,33.2,32.6,33.4,32.9,33.8,33.7,32.9,32.9,32.7,33.7,33.7,34.7,34.4,34.8,34.2,33.5,34.6,34.1,34.5,34.3,33.0,34.0,32.7,32.6,33.2,33.2,33.4,33.9,33.4,34.0,34.2,33.9,33.7,33.5,34.2,33.7,33.6,33.3,33.9,33.9,33.6,34.4,34.7,33.8,35.2,34.5,34.6,34.2,34.9,34.2,33.6,34.9,34.7,33.6,33.5,nan,33.3,33.6,32.7,34.0,33.8,33.2,33.0,33.5,32.9,33.1,32.9,33.5,33.5,33.7,33.7,33.6,33.7,35.0,34.6,33.6,33.6,35.4,34.1,35.3,33.9,35.2,34.1,34.1,34.2,33.3,32.7,32.5,33.1,35.0,33.7,33.7,32.8,34.2,33.5,34.1,33.6,33.6,33.1,32.5,33.6,33.8,34.3,33.7,34.5,34.4,32.6,34.3,34.3,33.8,34.4,35.1,34.3,33.9,34.6,34.4,34.1,33.7,33.4,32.8,32.3,32.9,33.8,33.3,33.1,33.7,33.1,33.6,33.4,33.1,33.2,32.3,33.6,33.5,33.4,34.2,34.4,34.0,34.3,34.3,33.2,34.8,33.5,33.8,33.8,34.3,33.8,34.3,34.0,33.8,33.8,33.2,34.2,33.2,33.7,33.0,34.0,33.5,33.6,33.9,34.2,33.4,33.3,34.5,33.1,33.4,34.3,33.5,34.0,34.3,33.7,33.2,34.6,34.4,33.7,34.6,34.1,34.1,33.7,35.1,34.5,34.2,32.8,33.5,34.0,33.3,33.8,33.1,32.9,33.5,33.6,33.4,34.4,33.4,33.0,33.7,35.1,33.3,33.2,33.8,34.3,34.4,34.4,33.8,32.2,34.6,34.9,34.4,33.1,34.3,34.5,33.8,32.9,33.1,33.4,33.8,32.9,33.1,34.0,33.1,33.1,34.2,34.0,33.5,33.6,34.7,33.8,33.0,34.2,34.2,33.8,34.9,34.0,35.6,32.7,33.4,34.2,34.0,33.7,33.5,33.0,33.8,33.8,34.3,33.3,33.1,32.6,33.0,33.0,33.1,33.0,33.9,33.5,33.0,34.0,33.3,33.9,32.9,33.6,33.9,33.6,34.3,32.8,34.7,35.0,34.3
1785307244.1012821,2332,33.1,34.4,32.0,32.3,32.7,33.3,32.4,32.3,32.8,33.1,30.6,33.2,33.2,32.9,33.2,32.9,32.5,31.4,32.3,32.2,32.9,32.0,31.5,32.8,33.3,32.9,32.5,33.0,34.0,31.8,33.1,32.5,33.0,34.2,32.9,32.2,33.8,32.4,32.5,32.2,32.6,32.2,32.8,32.6,32.8,33.2,33.1,32.4,33.0,32.3,33.1,32.1,32.8,32.6,32.7,32.5,33.6,33.0,32.0,31.8,33.0,32.3,33.2,32.2,31.8,34.0,32.7,34.1,32.7,33.0,32.6,32.7,33.0,33.0,31.4,32.6,33.3,32.6,32.3,33.2,32.8,33.0,31.9,33.0,33.2,32.0,32.7,32.1,32.5,33.8,32.1,32.1,32.8,32.7,31.8,33.8,34.0,33.4,31.7,32.6,33.4,32.7,32.6,31.8,33.5,32.6,32.8,32.1,33.1,32.5,32.3,32.2,33.1,33.8,32.4,32.2,32.9,33.6,32.5,32.1,32.2,32.6,32.8,32.8,33.1,32.3,31.5,31.7,32.0,33.6,32.4,32.9,33.2,33.1,32.0,32.4,32.2,33.3,31.5,32.4,32.4,32.6,31.8,32.4,33.4,33.0,32.5,33.2,32.4,32.8,32.6,32.2,32.3,33.2,32.8,33.3,32.8,33.6,33.8,34.0,34.0,32.6,32.9,33.5,34.0,32.4,32.5,32.5,33.1,32.9,33.1,32.4,33.3,33.0,32.6,32.4,33.2,33.4,32.8,32.2,32.7,32.6,33.2,32.4,32.9,33.6,32.3,32.4,32.5,33.7,31.5,32.1,34.0,32.4,32.1,32.4,32.8,33.6,32.6,32.4,32.3,32.0,32.4,31.9,33.0,33.0,32.2,32.9,32.9,33.2,31.8,32.8,33.8,33.2,31.6,32.6,32.4,32.1,32.6,32.4,32.9,32.5,32.6,32.4,32.8,33.4,32.3,33.8,32.9,34.0,33.4,33.1,32.9,33.4,33.0,32.9,33.1,32.4,32.6,32.6,32.8,33.1,32.3,33.0,32.9,32.4,32.2,32.0,33.0,33.2,32.6,32.6,33.0,31.8,32.5,33.5,33.8,32.8,32.2,33.3,34.0,34.5,34.1,33.4,33.1,33.1,32.4,32.4,32.6,33.1,32.1,34.0,32.7,33.6,33.0,32.2,33.7,32.6,31.8,32.7,32.6,33.0,32.6,32.2,33.9,33.0,32.3,32.8,32.7,32.8,33.2,32.4,33.9,35.1,35.0,34.0,33.7,33.0,32.7,32.7,32.6,32.5,33.2,33.1,32.5,33.0,33.1,32.2,33.3,33.3,32.5,32.4,33.0,32.9,31.3,32.6,33.2,33.8,31.4,33.5,33.4,33.7,32.8,33.5,32.7,34.4,34.6,33.8,33.0,33.5,32.8,32.4,33.0,32.8,32.5,33.1,32.8,32.8,32.7,32.3,32.9,33.9,32.3,31.7,33.1,33.5,32.3,33.4,32.5,33.6,32.6,32.7,33.1,32.9,33.7,32.4,34.3,34.3,35.0,33.1,34.3,33.0,33.6,33.1,32.7,32.8,33.4,31.7,32.4,33.3,32.6,31.9,32.2,33.6,32.7,32.4,32.2,34.1,32.4,32.5,33.3,33.3,33.9,33.0,33.3,33.5,32.4,33.9,33.9,34.2,34.4,33.9,34.6,34.3,31.8,31.8,33.2,33.3,32.3,33.8,33.6,33.3,32.9,33.0,33.4,33.1,32.4,32.2,33.1,32.9,33.2,32.4,33.2,32.1,33.6,33.8,33.4,32.5,33.5,33.7,34.5,33.9,34.5,33.3,34.9,34.0,33.6,33.4,32.9,32.7,32.8,32.1,34.1,33.4,33.3,32.7,33.8,33.6,32.3,32.8,33.7,33.1,32.9,33.9,33.3,32.5,33.3,33.0,33.3,33.9,33.8,33.6,34.3,33.2,32.8,33.4,33.3,34.5,32.9,32.7,32.9,32.9,32.3,32.9,34.1,32.6,32.7,32.6,32.9,32.9,33.4,33.2,33.7,32.7,32.1,33.3,33.6,33.3,33.2,33.0,32.8,33.0,34.1,32.8,33.7,33.2,33.4,33.5,34.9,34.2,32.6,32.6,34.3,33.7,32.7,33.0,33.3,33.5,32.6,32.6,33.3,33.0,32.9,33.5,33.2,32.4,32.6,32.8,33.5,34.0,32.7,33.1,33.5,33.7,32.4,33.8,33.2,33.5,34.1,33.2,34.6,34.5,32.7,33.2,32.9,32.6,32.5,32.8,33.2,32.8,32.7,33.7,33.5,33.3,33.5,33.9,33.2,32.8,33.6,31.5,32.8,32.6,32.4,34.0,33.5,32.9,32.3,33.7,33.0,33.5,33.3,33.5,35.1,34.9,33.4,32.6,33.4,nan,31.8,32.7,33.2,33.5,32.5,32.8,33.2,33.1,33.3,32.3,34.1,33.0,33.0,32.3,32.8,33.1,32.7,33.9,34.8,33.7,33.2,34.0,34.3,35.2,34.5,33.6,33.8,34.2,33.5,33.3,32.9,33.6,32.7,32.9,33.1,33.4,33.0,33.7,33.4,33.6,32.6,33.3,33.8,32.8,31.9,32.6,33.5,34.4,33.7,32.9,33.8,32.8,33.1,34.2,33.9,33.5,33.5,34.1,34.1,34.3,33.8,33.2,33.1,31.7,32.3,33.3,33.2,33.5,32.5,33.0,33.2,32.5,32.4,32.7,32.9,33.2,32.2,32.2,34.2,33.8,32.5,33.0,33.8,34.1,33.8,33.6,33.9,33.9,32.3,34.0,34.2,34.9,33.0,33.8,33.5,32.4,31.7,34.1,33.6,33.9,32.9,33.0,34.0,33.7,33.8,32.2,32.7,34.6,32.6,33.4,33.9,33.9,33.6,33.0,33.1,34.1,34.2,32.9,33.7,34.4,33.8,33.2,34.3,34.3,33.5,32.5,33.7,33.8,33.5,33.0,34.0,32.6,32.8,33.0,33.3,33.4,33.1,33.3,33.4,33.0,32.3,33.5,33.0,33.0,32.6,33.3,32.6,34.3,32.8,34.0,33.9,33.8,33.1,33.3,34.5,34.2,33.5,32.6,33.5,32.6,32.7,32.6,32.8,33.2,32.9,32.6,32.9,33.9,32.5,33.0,33.2,34.0,33.3,33.2,34.5,33.9,33.8,35.7,34.6,32.8,33.4,34.3,33.7,34.3,33.4,33.4,34.6,34.7,32.6,33.0,33.9,32.8,32.5,32.6,33.7,33.7,33.9,32.8,33.3,33.3,33.4,33.4,33.5,33.4,32.7,32.8,33.3,35.1,33.3,34.7
1785307245.9340718,2333,33.7,32.2,33.5,33.5,34.5,33.0,32.6,34.0,33.0,33.1,32.3,33.7,33.4,33.4,32.3,33.4,33.1,33.1,33.2,33.6,33.4,32.9,32.3,34.9,32.5,32.3,33.2,33.7,34.0,33.4,34.6,33.5,33.0,33.4,33.6,33.6,34.2,34.0,33.4,33.5,32.6,33.6,33.8,31.3,32.8,33.2,33.1,33.7,33.2,32.8,33.3,33.9,33.7,32.6,32.1,33.3,33.4,33.8,33.0,33.4,33.6,32.6,33.4,33.4,32.6,33.5,33.4,33.9,33.4,33.6,33.2,34.3,32.9,32.8,33.1,33.5,32.6,33.3,32.3,33.5,33.7,33.2,32.8,33.5,33.5,32.7,32.9,33.2,32.8,32.9,32.7,33.0,33.6,32.5,32.8,33.5,34.7,34.8,33.7,34.4,33.0,33.9,33.4,33.9,33.3,33.1,34.2,32.8,33.1,32.9,32.7,33.3,33.5,33.1,32.0,33.8,33.4,33.3,32.8,32.5,33.1,33.9,33.7,32.8,32.1,33.4,32.4,34.9,33.2,33.6,32.8,34.4,34.4,33.9,32.7,33.9,32.9,33.3,32.6,33.0,33.1,34.0,32.7,33.6,32.9,33.3,32.5,33.5,33.3,32.6,33.0,34.3,33.7,33.0,32.8,33.1,33.7,34.2,33.4,34.0,34.2,34.0,33.8,32.8,34.0,32.4,33.6,33.1,33.3,33.4,34.3,32.2,33.3,33.2,33.1,33.4,33.0,32.0,32.6,32.7,33.2,33.3,33.7,32.8,33.2,33.2,33.6,33.4,33.6,33.7,33.5,33.7,33.5,33.5,33.4,34.3,33.6,33.0,33.1,33.8,33.3,33.5,32.2,33.8,33.0,33.3,33.2,33.8,34.0,33.1,32.0,33.7,34.0,33.5,32.8,33.3,33.4,32.4,33.1,33.9,34.2,33.7,33.5,34.3,33.6,33.6,33.5,33.2,32.4,34.4,33.9,33.9,33.3,33.4,34.6,33.0,33.2,32.4,33.2,32.9,32.5,32.6,33.1,31.8,33.4,33.5,33.2,32.7,32.6,33.0,33.0,33.8,33.5,34.5,33.4,33.7,33.8,33.8,32.6,34.9,34.2,35.8,34.4,34.8,34.5,32.9,33.1,33.8,32.4,33.4,32.9,34.5,32.2,33.4,32.8,33.5,32.9,33.2,32.7,33.3,33.3,32.7,32.2,33.2,33.5,32.6,32.5,33.0,34.0,33.1,34.0,34.6,34.1,35.9,34.5,35.0,33.1,33.5,33.3,32.9,33.1,33.3,33.1,33.8,33.3,33.3,33.2,33.0,32.6,32.3,32.9,33.8,32.9,33.9,32.9,33.4,32.6,34.2,33.0,33.5,33.2,34.7,33.7,34.3,34.0,36.0,35.1,34.1,34.0,33.5,33.3,34.5,33.0,33.3,33.0,33.6,33.7,32.9,33.4,34.1,33.4,33.2,32.3,33.2,32.9,33.4,33.7,33.0,33.6,33.2,33.4,33.7,34.0,35.0,34.0,33.6,34.6,35.3,35.2,35.0,34.7,34.0,33.7,32.5,32.5,33.3,33.4,33.3,33.2,34.2,33.1,33.6,33.5,33.8,33.0,33.2,32.7,33.4,33.1,32.7,32.5,33.3,33.3,33.4,34.5,34.1,33.4,34.3,34.8,34.6,34.4,34.6,34.0,34.3,32.5,33.5,33.5,33.1,32.4,33.9,33.9,34.0,33.0,34.6,33.7,33.6,33.2,34.2,34.0,33.7,33.7,33.8,34.1,34.0,32.4,34.4,33.1,34.0,33.9,34.3,33.6,34.1,34.5,33.5,34.9,35.0,33.2,33.3,32.5,33.4,33.3,32.6,33.5,33.5,33.3,33.2,33.5,34.1,33.4,33.3,32.7,33.6,33.6,33.7,32.9,33.5,33.7,33.6,32.9,34.1,34.7,34.9,33.6,33.7,35.0,34.8,34.0,34.8,33.0,33.7,34.0,32.9,33.1,33.4,33.6,34.0,33.7,33.4,33.7,32.6,33.7,33.7,33.3,33.3,32.5,33.8,33.8,34.4,34.0,34.8,32.8,34.7,34.7,33.7,33.9,33.8,34.1,34.4,34.4,34.9,33.9,33.1,33.8,33.0,33.3,33.2,33.5,33.0,34.0,33.2,33.1,33.5,33.3,33.6,33.2,33.2,33.5,33.2,33.1,34.0,34.3,34.7,33.5,34.3,34.4,34.6,34.4,34.2,33.8,35.4,34.3,35.1,34.5,34.0,33.0,33.1,33.4,32.9,33.2,33.3,33.5,34.1,33.5,33.2,33.5,34.4,33.8,33.5,33.2,33.5,33.9,33.2,33.4,33.2,33.5,34.4,34.5,34.1,34.8,33.8,34.9,33.5,35.3,34.6,34.9,33.8,32.7,nan,33.3,33.2,33.2,33.8,33.3,33.8,32.3,33.3,34.1,33.1,31.9,33.9,33.5,33.8,33.9,33.6,34.9,33.9,34.8,34.1,33.8,34.8,34.1,35.2,34.1,35.4,33.8,34.0,33.8,34.2,32.6,34.0,33.2,34.9,33.1,32.9,33.4,33.9,33.5,33.9,34.0,33.8,33.6,32.9,33.4,33.7,34.5,34.2,34.3,34.2,33.5,34.1,34.5,34.6,34.8,34.2,34.6,34.4,33.8,34.1,34.5,33.9,33.2,33.2,33.1,33.3,33.5,33.8,33.8,33.4,33.3,34.5,34.3,33.3,33.1,33.7,34.0,33.7,32.9,33.2,34.4,34.4,34.3,33.9,34.4,35.4,33.9,34.6,34.1,34.9,33.8,34.8,33.5,34.7,32.6,33.4,32.8,34.2,33.4,33.9,32.9,33.9,33.8,33.9,33.7,33.8,32.9,34.0,33.7,34.8,33.9,34.1,34.4,34.1,32.6,34.3,34.6,34.2,34.3,33.8,33.4,34.1,34.1,34.0,33.3,33.6,32.6,33.3,32.8,33.5,33.7,32.8,33.8,33.2,33.4,34.1,33.6,33.6,33.5,34.1,33.8,33.3,33.6,34.4,35.4,34.4,33.3,34.7,33.3,34.2,35.5,34.2,33.3,34.3,34.3,34.4,32.7,33.8,33.5,33.3,33.6,34.7,33.6,33.7,33.1,34.7,34.0,33.3,33.2,34.9,34.7,33.2,34.1,34.8,33.6,34.9,34.5,35.9,32.9,35.7,34.0,33.6,33.9,35.3,34.8,33.2,34.0,34.0,33.7,33.0,34.0,33.2,34.0,33.7,33.3,33.5,33.8,33.4,33.3,33.1,33.6,33.4,33.8,33.9,34.7,34.2,33.9,34.3,34.4,34.9
1785307248.4031281,2334,33.7,31.9,33.5,33.5,33.2,33.0,33.5,33.0,32.0,33.3,33.5,32.6,33.4,32.7,33.6,33.1,33.0,33.1,33.6,33.3,34.2,33.1,33.5,32.8,33.3,33.1,33.2,33.0,34.2,32.9,33.1,33.2,32.9,33.2,33.8,33.6,33.3,33.5,32.5,33.0,34.0,32.2,33.4,32.4,32.6,33.2,34.2,32.8,33.7,33.2,33.1,32.5,33.1,32.8,34.2,33.8,33.4,33.4,32.6,33.6,31.8,33.0,33.6,34.2,33.6,33.5,32.7,32.0,32.1,32.8,34.2,32.9,32.6,32.7,33.0,33.0,32.8,33.0,32.8,33.2,32.8,32.5,33.3,32.9,33.0,33.4,33.3,33.2,32.8,32.7,33.7,33.2,34.5,32.9,33.3,33.0,33.2,34.1,33.2,34.4,32.2,32.9,31.2,33.5,33.1,33.7,32.6,33.0,33.1,33.1,32.9,32.6,32.5,33.6,32.1,33.8,33.1,33.1,33.4,33.2,33.0,32.2,32.4,33.4,34.2,32.7,33.4,34.2,33.7,32.2,33.7,32.7,32.4,33.1,32.9,32.4,32.6,33.7,34.2,33.1,32.9,33.5,33.4,33.5,32.6,32.5,33.4,32.8,33.1,33.2,33.3,33.5,33.0,33.2,33.2,33.5,33.7,33.6,33.4,33.3,33.1,34.2,32.7,33.7,33.4,33.4,33.0,33.7,33.5,33.4,32.8,33.1,33.4,33.3,32.3,33.9,32.8,33.3,33.7,33.7,33.1,32.8,32.7,33.8,33.1,33.0,33.1,33.4,33.3,33.1,33.0,33.2,34.4,33.2,34.4,33.3,33.4,33.4,32.9,33.2,33.5,32.9,32.5,33.1,33.5,33.4,32.3,32.6,32.9,33.0,33.3,33.3,33.3,33.9,33.3,33.2,32.9,32.6,33.5,33.2,33.3,33.3,33.7,33.0,34.1,34.0,33.5,34.4,33.5,34.0,33.6,33.6,33.3,33.4,32.8,33.2,32.5,32.7,32.8,33.6,32.5,33.1,33.3,33.6,33.8,33.2,33.4,33.0,33.7,33.4,32.5,32.4,33.7,33.5,33.6,32.6,33.6,33.0,32.6,33.5,34.0,34.9,34.8,34.1,33.1,34.0,33.6,33.3,32.6,33.1,34.0,32.9,34.0,33.8,33.6,33.1,33.3,33.6,33.8,33.2,33.3,33.4,33.0,32.7,33.3,33.0,32.9,33.9,33.3,33.1,34.6,33.6,35.0,34.8,34.4,34.1,32.4,33.2,32.4,33.0,33.3,32.8,33.4,33.8,33.0,33.3,32.5,33.6,34.1,33.1,33.1,33.4,33.2,31.7,33.1,33.7,33.6,32.8,32.8,33.5,33.6,33.5,34.1,33.7,34.2,35.3,34.2,34.0,33.0,32.9,33.3,32.6,33.2,33.5,33.2,33.2,33.4,33.2,33.8,34.0,33.2,33.1,32.8,33.1,33.4,32.7,33.5,33.4,33.9,32.5,34.2,33.8,33.5,33.5,34.4,34.0,35.0,35.1,34.4,34.8,33.8,33.2,32.8,33.4,33.7,33.0,33.1,33.3,33.7,32.8,32.7,33.0,33.2,33.3,32.6,32.6,33.2,32.9,33.4,32.9,33.3,33.5,33.7,33.6,33.0,33.9,33.8,34.0,35.0,34.4,35.0,34.5,34.3,34.0,33.8,33.5,33.5,33.3,33.4,34.0,33.7,32.8,33.0,33.5,32.8,33.6,33.5,33.1,33.0,32.4,33.9,33.3,33.7,33.3,33.4,33.8,34.2,32.9,33.5,35.6,34.4,34.1,34.7,34.0,35.2,34.9,33.6,33.3,33.1,32.9,32.7,34.3,33.7,33.5,33.4,33.3,33.4,32.8,33.5,33.1,33.9,33.1,33.0,34.1,34.6,33.3,32.9,33.2,34.3,33.3,33.0,35.1,33.2,35.0,35.1,34.1,34.8,34.0,33.4,32.8,33.5,33.6,33.1,32.8,32.8,33.6,34.7,33.3,33.0,33.5,34.3,33.1,33.2,33.6,34.5,34.0,33.6,34.2,34.4,33.4,33.5,33.6,34.3,34.7,35.0,33.6,34.8,34.4,33.8,33.4,33.0,33.4,34.0,33.0,33.8,32.6,32.9,33.7,33.4,34.0,32.9,33.5,33.0,34.1,33.8,32.9,33.0,33.6,33.7,34.0,33.5,33.7,32.9,35.1,35.0,34.2,33.9,34.1,34.3,32.7,34.3,34.0,33.0,33.4,33.3,33.8,33.2,33.1,33.1,33.3,33.4,33.9,33.8,33.6,33.0,32.9,33.3,33.0,33.0,33.4,33.9,33.0,34.4,34.2,33.5,34.2,33.9,34.5,34.3,33.6,34.2,34.0,34.0,33.8,33.8,34.1,33.7,nan,32.0,32.7,33.5,33.4,33.3,33.7,33.8,34.1,33.6,33.3,32.8,32.5,32.7,34.6,33.4,33.2,33.5,33.7,34.8,33.9,34.0,34.6,34.1,34.8,34.5,34.2,33.3,34.0,34.0,33.7,32.7,33.1,32.7,32.8,33.9,33.5,33.7,33.3,33.5,33.8,33.5,33.7,33.1,34.2,33.9,33.5,33.3,33.8,34.5,34.2,32.9,33.2,34.1,35.4,34.1,33.6,34.0,34.8,34.7,34.6,34.7,34.1,32.9,32.3,33.4,33.3,33.4,32.7,33.9,33.9,33.7,33.0,32.8,34.3,34.5,33.2,34.4,33.9,34.0,32.9,33.2,33.2,34.1,34.5,34.0,35.0,34.9,33.3,34.1,34.5,34.0,35.4,33.7,33.5,32.6,33.8,33.8,33.4,32.9,34.1,34.0,32.9,33.5,33.3,33.8,33.5,33.1,33.9,33.9,33.5,34.5,33.7,34.2,34.1,34.2,34.1,33.4,34.0,34.3,34.2,34.0,34.8,33.6,34.3,33.5,34.1,34.0,33.1,33.3,33.7,33.0,33.0,33.1,33.7,33.3,33.4,33.6,33.4,33.6,33.3,34.4,33.9,34.4,34.2,34.7,34.8,33.7,33.6,33.5,34.6,33.4,34.4,33.9,33.4,33.4,33.8,34.2,33.7,32.7,33.2,33.5,34.2,32.9,32.8,33.4,33.4,34.4,33.4,34.5,32.9,34.0,33.3,34.5,34.2,33.4,34.5,33.8,34.8,33.4,35.5,33.4,34.3,34.0,33.5,32.9,33.6,33.2,33.4,33.2,34.7,33.6,34.0,33.2,34.0,32.7,33.9,33.5,34.2,34.2,33.5,32.5,34.7,33.9,34.5,34.1,34.2,34.5,34.7,33.7,35.2
1785307250.1377182,2335,33.1,31.9,33.0,33.7,32.5,32.1,32.2,32.7,33.0,32.9,31.9,33.5,33.8,32.7,32.8,33.2,33.0,31.9,33.6,32.7,33.8,32.5,33.7,33.7,33.1,32.7,31.8,32.5,32.4,33.1,32.6,34.5,33.2,32.6,32.6,33.6,32.2,32.8,32.9,32.4,32.9,32.6,32.8,32.4,32.6,33.3,32.7,32.2,31.7,32.6,32.3,33.2,32.7,31.8,32.8,32.9,32.4,32.6,31.9,33.1,33.2,32.3,32.4,34.1,33.8,33.3,32.4,33.7,32.9,32.7,33.2,32.9,32.9,32.8,31.4,33.3,32.2,32.6,32.6,32.4,33.0,32.3,32.6,32.8,32.8,33.6,32.9,33.0,33.4,32.9,33.5,32.5,33.0,32.9,33.5,34.7,32.2,32.9,33.0,32.4,32.2,32.2,32.9,33.7,33.6,31.8,33.3,32.4,32.1,32.5,33.4,33.6,32.8,33.3,33.2,32.8,32.6,32.9,31.5,31.9,32.6,33.0,32.5,33.6,33.7,32.3,32.9,33.3,33.7,32.9,33.7,33.3,32.0,33.5,32.7,33.0,33.8,32.9,32.9,33.2,31.9,32.9,33.4,33.4,32.9,33.1,32.5,33.6,33.1,33.1,33.0,32.0,32.5,32.4,33.9,33.7,31.9,32.5,32.7,33.9,33.7,33.3,33.8,33.0,32.9,31.8,33.9,32.3,32.7,31.6,32.7,32.4,32.8,33.0,32.3,33.7,31.7,32.3,32.8,33.5,33.2,33.1,32.5,33.6,33.2,32.9,32.8,33.2,33.0,32.2,31.7,33.0,31.9,32.8,33.2,33.8,32.0,32.8,33.8,33.6,32.8,33.0,31.7,33.2,33.1,32.3,33.3,33.3,32.6,31.9,33.5,33.5,32.8,32.8,32.4,32.2,32.5,31.7,33.5,33.2,32.3,32.7,32.6,33.0,33.4,32.9,33.5,33.2,34.0,34.4,33.3,33.0,32.6,33.3,34.4,33.8,31.8,32.9,33.2,34.2,32.3,32.8,32.7,33.9,32.6,33.7,32.6,33.5,32.3,32.0,32.2,33.3,33.3,33.1,32.9,33.5,32.3,32.5,33.2,32.7,33.4,34.7,34.9,33.7,33.6,32.2,33.3,33.3,33.0,33.7,32.7,32.7,32.4,32.4,32.5,32.9,32.7,32.7,33.5,33.1,32.1,32.5,33.5,33.6,32.9,33.0,33.1,33.8,33.7,33.3,34.0,34.4,34.1,34.6,34.8,33.6,33.2,33.3,32.6,33.9,32.8,32.5,32.9,33.6,32.9,32.3,33.5,33.4,32.5,33.0,32.8,32.6,32.7,32.7,32.5,33.7,33.4,32.7,33.0,32.9,32.1,33.4,32.7,34.5,34.0,34.9,34.5,34.6,32.6,33.0,32.9,33.7,33.2,32.4,33.2,32.9,31.8,33.1,33.2,32.3,32.6,32.4,32.6,33.2,32.6,33.0,33.5,33.0,32.7,32.1,33.8,33.3,33.1,32.7,32.8,33.2,34.6,33.9,35.7,34.8,33.2,32.7,32.9,33.3,33.9,32.3,33.2,33.5,32.5,32.3,33.1,32.8,32.3,32.8,32.5,33.1,33.0,32.7,32.2,33.4,32.7,32.9,33.3,33.6,33.3,34.1,34.5,34.3,35.1,33.7,34.8,33.7,34.0,33.5,33.5,33.8,32.2,32.0,33.6,33.1,33.2,32.8,32.7,33.9,33.4,32.3,33.0,33.3,32.8,32.3,32.5,33.8,33.6,32.7,33.6,33.8,33.3,32.3,34.6,35.0,33.6,33.4,34.3,34.4,34.7,33.1,33.5,32.8,32.8,32.4,33.4,34.0,33.4,32.7,33.1,32.5,33.1,34.4,33.1,32.9,32.7,32.1,32.9,33.7,32.7,32.5,32.5,33.6,32.4,34.1,33.9,34.9,33.6,32.8,34.4,33.2,33.5,33.5,33.2,32.5,32.7,32.1,33.4,33.4,32.9,32.7,33.0,33.2,32.9,32.1,33.7,33.5,32.8,33.1,33.0,33.4,32.5,33.6,33.4,33.6,32.8,32.6,33.9,33.1,33.5,33.4,34.4,34.9,33.4,34.2,33.2,33.3,33.0,32.4,32.0,32.7,33.0,32.9,33.7,33.2,33.9,32.7,33.2,33.0,33.0,32.5,32.9,32.6,33.2,32.9,32.9,34.3,32.2,34.1,33.2,34.8,33.7,34.0,32.5,34.1,33.3,34.3,34.5,33.5,33.3,32.7,32.9,33.2,33.4,33.6,33.4,33.4,32.9,33.4,32.7,32.6,32.3,32.1,32.3,32.2,33.0,32.8,34.6,32.7,33.0,32.9,34.3,33.5,34.2,32.9,34.0,34.9,34.4,34.4,33.4,33.4,32.5,nan,33.1,32.8,32.8,33.0,32.9,33.8,33.4,33.5,33.7,33.4,33.1,33.2,33.5,33.9,33.5,33.4,33.1,35.0,33.8,34.3,32.8,34.0,33.2,33.7,33.7,34.6,33.5,32.2,33.6,33.0,31.9,33.0,33.4,33.0,32.9,32.6,33.5,33.5,33.7,33.4,33.1,32.7,34.0,33.1,33.0,33.4,32.5,33.6,33.9,33.9,33.3,34.1,34.1,33.8,33.7,34.7,34.5,34.1,34.3,34.3,35.0,32.7,33.2,31.8,32.6,33.1,32.3,33.0,33.3,34.2,33.0,33.3,33.6,33.6,32.0,32.3,33.5,33.9,33.2,33.8,33.9,34.8,33.4,33.6,33.8,35.0,32.5,34.8,33.2,34.5,34.2,34.5,33.5,33.5,32.5,33.0,33.1,33.3,32.5,32.3,32.6,33.2,33.3,33.2,32.9,33.1,32.5,33.1,33.1,33.4,33.9,33.3,34.4,34.1,33.7,34.1,34.6,34.2,32.9,33.2,34.3,33.8,33.5,34.3,33.4,33.5,34.3,32.8,32.9,33.5,33.1,33.1,32.5,32.6,32.7,33.3,33.9,33.6,32.6,33.1,34.0,33.7,33.0,33.4,34.5,35.3,33.3,33.6,33.9,34.3,34.3,34.6,34.5,33.7,33.6,33.6,33.6,33.5,32.9,32.9,33.5,33.8,33.1,33.0,32.9,34.0,34.7,33.0,33.8,33.2,33.2,32.8,33.9,34.5,33.8,33.2,34.7,34.7,33.4,33.7,34.2,34.7,34.1,32.9,33.8,33.4,33.7,33.8,32.8,33.1,33.0,32.6,33.8,32.9,32.6,32.5,32.6,33.9,33.1,32.4,33.2,33.4,32.1,33.2,34.8,32.8,32.8,33.9,33.2,34.9
1785307252.2706735,2336,32.6,34.4,33.2,33.2,32.3,32.8,32.9,32.5,32.8,33.1,32.5,32.2,32.3,33.6,33.0,34.0,31.9,32.9,33.6,33.6,32.7,33.3,34.7,32.9,32.5,33.3,32.9,33.2,34.2,33.6,34.1,32.7,34.8,32.4,33.6,33.6,33.3,32.0,32.3,31.8,33.0,33.0,32.4,32.6,33.0,33.2,33.1,33.0,33.9,32.6,32.9,32.8,33.5,32.8,32.7,33.3,32.8,31.8,32.6,34.6,33.4,31.9,33.9,33.7,32.0,34.0,32.4,34.1,33.6,33.8,32.8,33.1,33.3,32.8,33.4,32.7,32.8,32.6,33.1,33.7,32.6,34.0,32.8,33.5,33.2,33.2,32.5,33.0,33.2,33.1,32.5,32.7,32.8,32.9,33.3,34.4,34.2,32.6,31.9,33.1,33.0,31.8,33.4,32.4,33.8,32.4,32.8,32.6,34.1,32.0,32.5,32.4,33.3,32.4,32.9,32.6,33.9,32.6,33.2,32.5,32.8,33.4,32.5,33.0,32.3,32.7,34.0,33.8,33.0,33.4,31.7,33.8,34.2,33.3,33.5,32.8,32.2,33.7,32.9,33.0,32.9,33.3,33.0,33.3,33.3,33.3,33.0,32.8,33.4,32.8,33.9,33.2,33.0,34.3,32.8,33.1,32.1,33.4,33.1,34.0,34.2,32.8,32.7,32.6,33.2,32.8,32.4,33.3,33.1,32.0,32.9,32.6,33.8,32.5,33.1,32.9,33.7,32.8,32.6,32.5,33.0,32.5,32.7,32.2,32.9,32.9,33.2,33.2,33.6,33.7,32.8,33.7,33.3,32.6,33.0,33.6,31.6,33.0,33.1,33.3,33.0,33.9,33.0,32.9,32.2,33.0,32.2,33.2,33.1,33.5,33.0,33.7,32.5,32.5,32.2,33.6,32.4,33.1,33.3,32.8,33.3,34.8,32.4,33.6,34.5,32.9,33.5,33.0,34.2,33.1,34.1,32.9,32.8,32.6,32.9,32.5,32.3,32.7,33.2,32.9,33.3,32.6,32.9,33.3,33.9,33.2,33.2,32.7,33.0,32.5,32.4,33.3,32.2,32.9,33.8,33.3,32.5,34.2,33.8,33.5,34.5,35.6,33.9,33.7,33.1,32.6,33.3,33.4,33.5,33.2,32.7,33.2,32.9,32.3,33.2,32.9,33.2,33.2,33.0,33.0,33.4,32.6,32.8,33.6,32.2,33.0,32.3,33.2,33.7,33.5,33.2,32.4,34.4,35.5,34.8,32.7,33.2,32.7,33.2,32.7,33.3,32.9,34.5,33.6,33.3,32.8,32.7,33.0,33.6,33.5,33.5,32.7,33.0,33.2,33.3,33.7,33.6,32.8,33.8,33.5,33.6,33.4,33.3,34.1,32.7,35.6,34.7,33.6,34.1,34.3,33.1,32.9,32.9,33.1,33.7,33.7,32.4,33.3,32.5,33.1,33.4,33.5,32.3,33.0,33.1,33.2,32.5,33.7,32.8,34.2,33.0,33.1,33.7,32.5,33.2,33.2,35.2,35.5,35.2,34.7,34.2,32.7,34.4,32.8,33.6,33.3,33.2,33.3,33.6,33.0,32.9,33.1,33.8,33.1,33.0,33.4,33.7,33.2,33.1,33.0,33.3,33.1,32.9,32.0,33.9,31.2,32.6,31.2,34.1,30.8,34.1,30.4,33.8,34.5,33.3,34.8,32.4,35.1,33.6,34.7,33.2,34.5,33.5,33.0,33.1,33.1,33.4,32.5,33.0,33.9,33.6,34.4,33.0,34.5,33.2,35.4,854.8,32.9,35.0,34.1,34.5,33.4,34.3,34.4,32.7,33.7,33.5,33.4,34.3,33.5,34.1,32.2,32.3,33.0,35.2,32.8,33.3,33.0,34.9,31.9,33.9,32.7,34.0,33.0,34.0,33.8,33.1,33.6,32.2,34.1,32.8,34.0,32.1,34.4,33.9,34.9,34.0,34.2,32.7,33.4,33.1,33.4,33.2,34.4,32.3,32.9,33.5,33.6,32.5,33.9,32.5,33.4,33.3,32.8,33.4,34.3,32.5,33.1,32.4,34.4,33.4,33.2,33.7,33.9,33.7,34.0,34.6,33.7,34.4,34.4,33.3,33.6,33.8,33.0,33.4,32.6,33.6,33.2,33.7,33.0,33.5,32.9,33.3,33.1,33.7,32.2,33.8,33.5,33.6,33.1,33.7,33.5,33.1,33.9,33.8,36.1,33.3,33.3,34.6,34.6,34.1,34.0,33.3,34.4,33.0,32.9,33.2,32.8,33.4,33.2,33.2,33.2,33.7,34.2,33.0,33.3,33.5,33.1,33.7,33.0,33.0,33.6,32.8,34.0,33.3,33.3,33.3,34.1,34.2,33.1,35.2,33.3,34.6,33.4,32.9,33.8,33.8,nan,33.8,33.0,34.0,33.4,33.4,33.3,33.5,33.5,33.4,33.1,33.3,33.2,33.5,33.2,32.8,33.2,33.9,33.4,33.3,34.7,33.2,34.0,33.9,34.2,34.6,34.1,33.5,34.3,32.8,33.5,32.6,33.9,32.4,33.7,33.7,32.9,32.7,33.6,33.0,33.9,32.8,34.0,32.6,33.3,33.9,33.3,34.3,33.2,34.3,34.4,33.3,33.4,34.7,34.2,33.9,33.5,34.5,34.1,33.1,33.6,34.0,32.9,34.2,33.3,33.3,34.0,33.8,32.9,33.0,34.4,33.3,32.8,33.3,32.7,34.1,33.2,33.1,33.9,33.2,32.3,34.2,32.1,33.4,34.9,34.0,34.6,33.3,35.0,33.4,33.9,33.8,35.0,33.3,33.1,33.3,34.6,32.8,33.4,32.2,33.2,33.5,34.4,33.7,33.4,35.4,33.3,33.3,33.3,33.7,34.0,32.3,34.1,34.2,34.3,33.3,33.0,33.8,34.0,34.1,33.4,34.7,35.0,34.3,34.1,32.4,33.2,33.8,32.8,33.5,33.0,32.8,33.3,33.4,33.3,33.6,33.3,32.3,32.5,33.2,33.5,33.8,34.3,33.4,33.6,34.7,33.7,33.7,35.2,31.7,33.3,33.4,34.4,34.1,34.9,33.3,34.3,33.1,33.5,32.7,34.0,32.6,34.4,33.3,32.8,33.4,32.6,32.9,33.9,33.0,34.3,34.2,33.0,33.5,33.4,33.8,34.3,34.2,35.2,33.6,33.7,34.3,33.2,34.1,32.7,34.2,33.8,33.9,33.6,33.5,33.3,33.7,33.3,33.7,32.4,33.3,33.2,33.8,33.9,34.3,32.6,34.5,33.1,33.2,32.8,33.3,33.8,33.2,32.8,35.0,35.4
