timestamp,frame_number,px0,px1,px2,px3,px4,px5,px6,px7,px8,px9,px10,px11,px12,px13,px14,px15,px16,px17,px18,px19,px20,px21,px22,px23,px24,px25,px26,px27,px28,px29,px30,px31,px32,px33,px34,px35,px36,px37,px38,px39,px40,px41,px42,px43,px44,px45,px46,px47,px48,px49,px50,px51,px52,px53,px54,px55,px56,px57,px58,px59,px60,px61,px62,px63,px64,px65,px66,px67,px68,px69,px70,px71,px72,px73,px74,px75,px76,px77,px78,px79,px80,px81,px82,px83,px84,px85,px86,px87,px88,px89,px90,px91,px92,px93,px94,px95,px96,px97,px98,px99,px100,px101,px102,px103,px104,px105,px106,px107,px108,px109,px110,px111,px112,px113,px114,px115,px116,px117,px118,px119,px120,px121,px122,px123,px124,px125,px126,px127,px128,px129,px130,px131,px132,px133,px134,px135,px136,px137,px138,px139,px140,px141,px142,px143,px144,px145,px146,px147,px148,px149,px150,px151,px152,px153,px154,px155,px156,px157,px158,px159,px160,px161,px162,px163,px164,px165,px166,px167,px168,px169,px170,px171,px172,px173,px174,px175,px176,px177,px178,px179,px180,px181,px182,px183,px184,px185,px186,px187,px188,px189,px190,px191,px192,px193,px194,px195,px196,px197,px198,px199,px200,px201,px202,px203,px204,px205,px206,px207,px208,px209,px210,px211,px212,px213,px214,px215,px216,px217,px218,px219,px220,px221,px222,px223,px224,px225,px226,px227,px228,px229,px230,px231,px232,px233,px234,px235,px236,px237,px238,px239,px240,px241,px242,px243,px244,px245,px246,px247,px248,px249,px250,px251,px252,px253,px254,px255,px256,px257,px258,px259,px260,px261,px262,px263,px264,px265,px266,px267,px268,px269,px270,px271,px272,px273,px274,px275,px276,px277,px278,px279,px280,px281,px282,px283,px284,px285,px286,px287,px288,px289,px290,px291,px292,px293,px294,px295,px296,px297,px298,px299,px300,px301,px302,px303,px304,px305,px306,px307,px308,px309,px310,px311,px312,px313,px314,px315,px316,px317,px318,px319,px320,px321,px322,px323,px324,px325,px326,px327,px328,px329,px330,px331,px332,px333,px334,px335,px336,px337,px338,px339,px340,px341,px342,px343,px344,px345,px346,px347,px348,px349,px350,px351,px352,px353,px354,px355,px356,px357,px358,px359,px360,px361,px362,px363,px364,px365,px366,px367,px368,px369,px370,px371,px372,px373,px374,px375,px376,px377,px378,px379,px380,px381,px382,px383,px384,px385,px386,px387,px388,px389,px390,px391,px392,px393,px394,px395,px396,px397,px398,px399,px400,px401,px402,px403,px404,px405,px406,px407,px408,px409,px410,px411,px412,px413,px414,px415,px416,px417,px418,px419,px420,px421,px422,px423,px424,px425,px426,px427,px428,px429,px430,px431,px432,px433,px434,px435,px436,px437,px438,px439,px440,px441,px442,px443,px444,px445,px446,px447,px448,px449,px450,px451,px452,px453,px454,px455,px456,px457,px458,px459,px460,px461,px462,px463,px464,px465,px466,px467,px468,px469,px470,px471,px472,px473,px474,px475,px476,px477,px478,px479,px480,px481,px482,px483,px484,px485,px486,px487,px488,px489,px490,px491,px492,px493,px494,px495,px496,px497,px498,px499,px500,px501,px502,px503,px504,px505,px506,px507,px508,px509,px510,px511,px512,px513,px514,px515,px516,px517,px518,px519,px520,px521,px522,px523,px524,px525,px526,px527,px528,px529,px530,px531,px532,px533,px534,px535,px536,px537,px538,px539,px540,px541,px542,px543,px544,px545,px546,px547,px548,px549,px550,px551,px552,px553,px554,px555,px556,px557,px558,px559,px560,px561,px562,px563,px564,px565,px566,px567,px568,px569,px570,px571,px572,px573,px574,px575,px576,px577,px578,px579,px580,px581,px582,px583,px584,px585,px586,px587,px588,px589,px590,px591,px592,px593,px594,px595,px596,px597,px598,px599,px600,px601,px602,px603,px604,px605,px606,px607,px608,px609,px610,px611,px612,px613,px614,px615,px616,px617,px618,px619,px620,px621,px622,px623,px624,px625,px626,px627,px628,px629,px630,px631,px632,px633,px634,px635,px636,px637,px638,px639,px640,px641,px642,px643,px644,px645,px646,px647,px648,px649,px650,px651,px652,px653,px654,px655,px656,px657,px658,px659,px660,px661,px662,px663,px664,px665,px666,px667,px668,px669,px670,px671,px672,px673,px674,px675,px676,px677,px678,px679,px680,px681,px682,px683,px684,px685,px686,px687,px688,px689,px690,px691,px692,px693,px694,px695,px696,px697,px698,px699,px700,px701,px702,px703,px704,px705,px706,px707,px708,px709,px710,px711,px712,px713,px714,px715,px716,px717,px718,px719,px720,px721,px722,px723,px724,px725,px726,px727,px728,px729,px730,px731,px732,px733,px734,px735,px736,px737,px738,px739,px740,px741,px742,px743,px744,px745,px746,px747,px748,px749,px750,px751,px752,px753,px754,px755,px756,px757,px758,px759,px760,px761,px762,px763,px764,px765,px766,px767
1785303023.4270048,361,32.2,31.6,32.5,33.3,33.3,33.3,32.9,32.1,33.5,32.4,32.6,32.8,33.5,31.7,33.0,33.4,32.8,31.5,33.2,33.6,32.4,32.3,31.8,33.2,32.6,33.0,34.6,33.3,33.4,33.2,32.9,34.3,33.4,32.8,33.8,32.6,33.1,31.1,32.9,32.6,31.6,32.1,33.0,33.4,32.9,32.2,32.8,32.5,31.2,32.2,33.2,32.9,32.8,33.1,32.7,32.1,33.0,32.3,32.8,33.3,32.8,32.6,34.1,32.7,32.8,32.6,32.1,33.6,32.5,31.9,33.3,32.8,33.1,33.2,32.2,32.8,32.5,32.5,32.1,32.0,32.3,33.0,33.0,31.5,32.2,32.6,32.5,32.7,33.6,33.2,31.7,33.7,33.4,32.4,32.5,33.4,32.2,32.8,32.7,33.1,32.1,32.4,33.8,32.4,33.0,32.3,33.2,32.2,32.2,32.7,32.5,32.6,32.1,33.1,32.9,33.3,32.2,32.9,33.1,32.9,33.2,32.8,33.0,33.9,32.2,32.7,33.7,33.9,31.5,31.4,32.0,33.6,32.5,32.3,33.5,32.8,31.9,32.1,32.5,32.5,32.5,32.4,32.8,32.6,32.5,32.6,32.0,32.6,33.2,31.9,33.4,34.0,33.1,33.3,32.8,34.9,31.8,32.2,32.5,34.2,32.3,31.8,33.6,32.8,33.4,33.4,32.8,32.7,32.2,32.2,33.1,32.9,32.9,32.3,32.9,32.6,32.3,32.9,33.3,32.3,32.4,33.4,33.8,32.8,32.4,32.6,33.4,33.7,33.1,32.1,33.7,33.6,33.6,30.8,32.9,33.2,32.6,32.2,33.2,33.6,33.2,33.0,32.0,32.9,32.4,32.7,31.8,33.2,32.6,32.9,32.7,33.5,33.9,33.8,33.9,33.3,33.6,33.3,33.0,33.1,33.1,32.1,33.6,33.6,31.4,32.3,33.4,32.2,32.7,32.5,33.6,32.6,33.1,32.2,32.6,32.3,33.0,31.7,33.0,33.0,32.5,32.3,33.1,31.7,34.8,34.7,33.9,33.6,31.9,33.0,32.4,33.2,32.5,32.6,33.5,31.9,32.5,32.7,32.5,33.0,31.7,32.8,33.0,32.0,32.6,32.5,33.2,32.9,32.0,32.1,32.6,32.6,32.3,32.8,32.4,32.9,34.8,34.2,34.6,34.1,32.6,31.9,33.2,32.8,32.9,33.9,32.2,32.9,31.4,31.1,34.3,33.1,33.1,32.9,33.5,32.9,32.7,32.8,33.4,32.6,32.6,32.8,32.9,32.8,32.6,33.1,33.1,33.0,34.3,34.0,34.3,34.4,32.1,33.7,33.7,33.4,32.9,33.0,32.9,33.6,32.5,32.8,34.4,33.0,33.4,32.9,32.5,33.1,33.1,32.9,32.5,32.6,32.6,31.8,32.6,32.7,32.9,32.5,33.1,33.5,33.6,33.4,33.2,34.1,34.6,34.2,33.6,33.4,34.2,31.3,33.1,33.0,32.4,31.8,33.5,32.3,32.5,32.7,33.1,32.4,32.8,32.1,32.6,32.8,32.4,32.4,33.8,32.1,31.6,32.7,34.1,34.6,33.0,33.7,34.3,34.2,33.6,32.9,33.7,33.2,33.0,32.1,34.3,32.4,34.1,32.3,33.4,34.0,32.4,32.5,33.2,33.4,32.8,32.6,33.1,32.9,32.1,32.2,32.9,33.6,33.6,32.8,32.8,33.8,33.4,33.2,33.5,33.8,32.8,32.7,33.8,34.6,33.5,32.4,32.7,32.4,34.1,32.9,32.9,33.3,32.0,32.4,33.1,32.8,32.8,32.5,33.6,32.7,32.7,33.0,33.0,32.7,32.7,33.2,33.7,34.3,33.8,33.5,35.0,33.7,33.1,33.4,35.1,33.9,32.8,33.0,33.3,33.7,32.8,32.2,33.4,33.6,32.6,32.9,33.1,33.7,31.6,32.3,33.3,32.0,33.9,32.6,32.1,32.2,32.7,32.8,33.8,33.6,33.6,33.6,34.3,35.0,34.6,33.2,33.3,34.0,32.8,33.2,33.1,33.8,33.2,32.7,32.8,32.8,32.5,33.5,33.2,33.0,32.7,32.8,32.9,32.5,33.0,32.7,32.4,33.4,33.0,33.7,34.6,34.2,33.7,34.0,35.3,35.2,33.5,33.7,33.7,32.5,32.6,32.3,32.9,32.7,32.6,31.9,33.1,33.8,32.7,32.1,33.5,32.6,32.6,32.4,32.3,32.8,31.6,33.1,32.8,33.5,33.3,33.1,33.3,34.6,33.4,34.0,33.8,34.0,34.3,33.7,33.1,33.0,32.4,33.0,32.5,31.8,32.6,33.7,32.3,32.4,32.7,33.0,33.4,32.6,33.0,33.2,33.5,32.2,32.1,nan,32.9,33.1,33.4,32.8,33.7,34.4,34.8,33.6,34.2,34.3,32.4,33.9,33.7,33.3,32.9,33.2,32.4,33.9,32.5,34.1,33.7,33.5,32.0,33.2,32.2,33.6,32.6,31.9,32.6,33.5,32.3,33.0,33.5,33.2,33.0,33.0,33.5,35.8,34.0,34.7,34.5,34.5,34.0,33.5,34.4,35.0,33.3,32.4,32.7,33.5,33.1,32.6,32.6,33.8,32.3,32.7,33.7,33.1,33.1,33.4,33.3,33.2,33.3,31.9,33.5,32.9,33.6,33.7,34.6,34.1,33.2,34.7,34.8,35.5,33.9,34.3,35.0,34.0,33.6,32.7,33.2,33.3,33.4,33.7,33.1,34.1,31.8,32.7,33.0,33.3,33.0,33.5,31.9,34.4,33.5,33.2,33.6,32.7,33.3,34.3,34.3,34.4,33.8,34.2,34.2,34.2,33.9,34.4,34.7,34.7,34.0,33.0,33.7,35.0,33.3,33.7,33.3,32.6,32.7,32.9,33.5,34.0,33.2,32.0,34.3,33.4,33.6,32.8,34.3,32.8,33.4,34.6,34.8,34.3,32.9,33.8,32.9,34.0,33.6,34.7,34.7,34.6,32.6,32.8,34.5,32.7,32.0,33.2,32.7,34.2,32.9,33.3,33.2,32.6,33.4,33.0,32.8,33.0,32.8,33.1,32.8,33.9,32.3,32.8,33.1,33.7,33.5,32.8,32.6,33.5,34.1,32.8,34.5,33.8,33.5,32.9,33.2,34.8,31.4,33.3,34.3,32.7,32.4,33.1,33.2,33.2,32.8,33.2,33.7,34.1,32.6,33.0,34.2,32.3,32.8,33.9,34.9,34.1,33.1,32.8,33.3,33.0,33.2,32.8,34.1,34.2,32.7,34.2,34.0,33.9
1785303025.7948892,362,32.8,32.2,30.8,32.9,33.3,32.3,32.2,32.8,31.9,33.4,33.5,32.9,33.0,32.5,33.1,32.7,32.8,32.0,32.8,33.5,33.0,33.0,32.6,32.9,32.4,32.5,32.3,32.9,33.4,33.3,32.4,33.2,32.9,32.5,31.8,32.4,31.9,32.2,32.8,32.8,32.9,32.6,32.9,32.8,31.1,32.7,33.1,33.3,31.9,32.2,32.2,32.4,33.3,33.3,32.2,32.1,32.8,33.5,31.8,32.9,33.6,32.4,33.3,33.9,33.1,33.4,32.1,34.6,33.3,33.6,33.3,33.1,32.6,33.1,33.0,33.7,32.8,32.6,33.2,32.3,32.5,33.5,31.9,34.2,33.0,32.8,32.5,33.4,33.4,32.0,33.0,33.4,33.6,32.3,32.7,34.4,33.0,32.8,33.0,32.0,32.6,33.2,32.9,33.0,31.8,33.2,32.6,32.1,32.6,32.7,33.3,32.6,32.7,33.6,32.8,32.2,32.7,32.8,31.5,32.9,33.5,32.7,32.5,32.9,33.1,33.1,32.0,33.4,32.2,32.0,32.2,34.1,32.7,33.0,32.8,33.7,32.3,32.9,33.3,32.8,33.0,33.2,32.3,33.2,33.2,32.9,32.2,32.4,32.9,32.7,34.1,34.1,32.9,33.4,33.2,33.0,33.4,33.2,32.7,34.5,32.8,32.5,32.0,33.4,33.3,32.1,33.5,32.1,32.9,32.9,33.2,33.1,32.7,31.8,32.7,33.1,32.7,32.3,32.7,32.8,33.7,33.3,33.3,33.0,32.3,33.1,33.1,33.7,33.4,33.1,33.4,33.2,32.2,32.7,34.4,33.3,32.4,32.5,33.2,32.8,32.8,32.9,32.5,32.8,32.4,32.2,32.6,32.7,32.1,32.2,33.0,33.2,33.9,34.0,33.4,33.0,32.4,33.5,33.0,32.1,33.4,32.6,34.0,33.3,33.1,32.5,32.5,33.4,32.8,32.1,32.5,32.7,32.8,32.6,32.3,33.5,31.9,33.3,32.9,33.3,33.2,33.0,32.7,33.3,34.4,33.9,34.2,33.0,32.9,33.0,32.6,33.0,32.6,34.5,33.0,33.4,32.5,32.4,32.7,33.1,32.1,33.3,33.2,33.3,33.1,33.0,33.0,32.8,32.9,32.9,32.4,33.5,32.3,32.3,32.1,33.5,34.8,34.8,34.4,32.6,33.6,33.1,33.4,33.2,33.3,33.1,33.2,33.6,33.6,32.4,32.4,32.5,32.5,33.1,33.4,32.9,31.8,32.4,32.9,33.5,31.8,32.8,32.1,33.0,32.3,32.5,33.1,33.6,34.4,34.4,33.6,33.4,32.2,33.0,33.6,32.9,32.9,33.3,32.0,32.0,33.4,33.5,32.8,33.9,33.2,32.1,33.9,33.7,33.1,32.8,33.0,33.9,33.2,32.6,32.9,33.2,34.2,32.3,32.9,33.7,33.9,32.9,33.9,34.2,33.6,33.3,32.5,33.3,33.6,32.9,33.3,33.3,32.5,34.1,31.0,33.3,32.6,33.6,33.1,33.0,33.4,32.6,32.1,33.6,32.8,32.7,32.6,32.4,33.6,32.7,34.0,33.8,34.2,33.8,33.6,34.3,34.7,34.2,32.4,32.2,31.6,33.0,33.2,31.8,32.8,32.7,32.4,33.3,32.7,32.2,32.2,32.6,32.7,31.7,32.9,32.7,33.1,32.4,32.5,33.4,32.8,32.9,34.4,34.5,34.2,33.1,32.6,34.6,34.8,34.1,33.8,34.2,33.7,32.5,33.4,32.7,32.8,32.4,31.2,32.5,32.9,32.0,33.2,32.8,31.9,33.3,31.9,32.5,32.2,33.3,32.8,32.9,33.6,32.9,33.9,33.8,33.4,33.5,33.3,34.5,34.1,34.4,33.6,33.2,33.4,33.0,33.0,32.7,32.8,33.9,32.8,32.5,32.7,32.4,33.2,34.0,32.7,33.4,33.3,32.7,32.8,33.1,33.3,33.2,33.1,33.2,34.4,34.2,33.9,34.0,34.0,34.4,34.1,33.6,34.2,33.2,33.1,33.6,33.3,33.1,33.5,32.1,33.3,32.6,33.1,32.9,33.1,32.1,32.4,32.7,32.5,32.5,34.1,33.4,32.5,32.6,33.4,33.7,34.7,33.9,33.1,34.3,34.1,33.6,34.6,34.6,33.5,34.5,33.4,33.8,33.6,33.7,33.1,33.1,32.3,33.6,33.1,33.3,32.7,33.6,33.1,34.2,32.8,32.6,32.9,32.4,33.3,32.9,33.7,33.6,35.2,35.4,34.9,33.9,34.0,34.6,33.3,34.5,33.6,33.7,33.9,32.7,33.1,32.7,32.7,31.6,33.3,32.2,32.6,32.6,33.5,33.3,32.5,33.4,33.0,32.2,32.7,nan,32.1,32.6,32.7,32.9,34.4,34.9,34.1,34.4,34.5,34.9,35.0,34.8,34.0,33.6,33.3,33.6,33.9,33.7,33.3,33.5,32.3,33.2,33.3,32.4,32.4,33.8,32.6,33.0,33.6,34.3,33.0,32.4,32.5,33.9,33.0,32.9,34.8,34.3,34.4,34.9,35.5,34.8,34.7,35.0,34.4,34.4,33.3,33.3,34.0,33.6,32.9,33.2,33.3,33.4,33.0,32.8,33.5,33.4,33.2,32.7,33.0,33.4,32.4,33.2,32.5,33.6,33.5,33.6,34.5,34.8,34.8,34.7,34.4,34.5,34.6,34.1,34.6,35.1,32.9,33.2,32.5,32.5,33.0,33.6,33.1,33.0,32.8,32.6,34.2,34.1,32.5,32.7,33.0,34.5,33.0,32.1,34.0,33.1,34.2,33.4,34.7,34.0,34.2,33.1,33.7,34.2,34.0,34.4,34.3,34.5,33.6,33.1,32.9,33.8,33.0,33.2,32.8,34.3,32.8,32.9,33.6,32.9,33.5,34.0,32.5,33.6,33.2,33.3,33.4,33.3,34.2,34.6,35.1,33.5,33.7,33.8,33.7,33.3,33.3,35.2,34.7,33.9,33.7,33.0,34.2,34.4,32.7,33.6,34.2,34.3,33.1,32.6,32.8,32.7,33.7,33.3,32.4,33.1,33.0,33.4,33.2,33.1,33.8,33.4,34.7,34.7,33.2,32.9,32.8,33.5,34.3,32.7,35.1,34.7,33.9,33.3,33.4,34.3,32.2,33.1,33.1,33.8,33.7,32.7,32.0,32.6,32.9,33.7,33.0,33.2,33.1,33.0,32.9,33.8,32.7,33.9,34.3,34.3,32.5,33.5,32.7,33.7,33.8,34.1,34.2,33.8,33.4,33.6,33.0,33.2
1785303027.8262727,363,31.8,33.0,31.1,32.9,33.6,32.5,31.9,32.4,32.6,32.5,31.9,32.3,34.0,32.4,31.8,32.2,32.7,32.9,32.1,32.4,32.2,32.4,32.8,32.9,32.1,33.1,31.7,32.9,33.5,33.3,31.7,32.9,34.0,31.8,31.5,33.0,33.3,31.9,32.6,32.2,33.5,32.0,33.1,32.0,31.9,32.1,31.5,31.5,32.6,32.3,32.9,31.7,33.3,32.8,32.0,32.2,33.0,33.6,32.7,32.4,32.5,32.7,33.3,32.8,32.9,33.4,32.0,33.2,33.0,33.2,32.2,32.5,32.3,33.1,32.2,31.7,32.4,32.8,32.4,32.8,32.4,33.8,32.2,32.3,32.2,32.5,31.8,32.6,33.5,33.9,32.5,32.4,33.5,32.8,32.6,33.3,33.8,31.7,32.8,33.2,32.4,32.3,32.3,32.3,32.8,32.4,32.6,31.3,33.0,32.0,33.0,32.2,33.5,33.0,33.4,32.7,33.2,33.4,32.1,32.3,33.5,32.7,32.1,32.6,32.5,32.4,32.2,33.1,31.8,31.8,31.6,32.8,31.8,33.2,31.9,33.1,32.6,33.3,32.0,33.1,32.4,32.3,32.6,32.8,32.3,31.9,32.8,33.2,32.8,32.7,33.1,32.7,33.2,34.1,32.9,33.2,31.9,33.2,33.3,32.8,33.3,32.3,32.6,32.2,32.5,32.5,32.4,32.0,32.5,32.3,32.0,33.2,33.2,33.0,32.7,32.1,33.0,33.5,31.9,32.4,33.5,32.7,33.0,32.9,33.9,32.3,33.0,32.7,32.4,32.6,33.1,33.1,33.0,33.0,31.8,31.8,32.5,33.3,32.0,32.4,33.1,32.8,32.4,32.7,31.7,33.8,32.8,32.9,32.2,32.6,32.2,33.4,34.5,34.3,34.0,34.6,32.8,33.4,32.2,32.8,32.4,32.6,32.5,33.1,32.4,31.3,31.7,33.3,32.4,33.5,32.5,32.5,33.9,32.2,32.5,32.7,31.9,32.6,32.9,32.8,33.1,31.6,32.4,33.1,34.2,34.3,33.7,34.7,33.4,32.6,31.7,32.4,32.4,32.3,32.6,32.9,32.4,32.4,31.6,32.7,32.0,33.1,32.1,33.7,31.8,32.1,31.5,32.8,32.4,32.7,31.7,32.5,31.1,33.1,32.0,32.1,34.5,35.0,33.7,33.4,33.7,33.1,32.8,32.5,33.0,33.1,31.5,33.6,32.5,32.9,32.0,32.8,33.0,32.3,31.8,32.9,32.8,32.2,32.7,33.2,32.4,32.1,32.6,32.4,33.5,33.1,33.1,31.8,34.7,34.4,33.1,32.8,33.7,33.9,32.7,33.3,33.8,32.3,32.6,32.7,33.0,32.6,32.9,33.5,32.7,33.1,31.7,32.3,32.7,33.8,32.8,32.2,32.7,32.7,32.5,33.2,31.9,32.1,32.4,33.7,33.7,33.9,33.8,33.7,33.5,34.1,32.8,32.6,33.0,32.9,32.0,31.3,33.0,33.5,32.4,32.2,33.0,32.1,32.7,32.4,32.3,32.9,32.4,32.9,32.6,32.6,32.8,33.1,33.1,32.5,34.3,33.1,33.6,34.1,33.4,33.9,34.2,34.1,34.1,32.6,33.3,32.6,32.2,31.7,32.3,32.9,31.7,32.3,32.8,32.8,31.8,32.8,32.2,33.2,32.0,32.5,33.0,33.2,32.6,32.4,33.1,33.2,33.3,33.1,34.2,33.6,32.7,33.1,34.7,33.3,33.4,33.5,33.8,32.7,33.4,32.3,33.0,32.3,32.6,33.0,32.9,32.8,32.2,32.4,32.4,32.1,32.6,32.3,32.8,33.1,32.5,32.2,32.6,33.0,33.5,33.3,33.7,33.9,33.8,33.0,33.9,33.1,33.1,32.4,33.4,33.1,32.6,33.6,32.7,34.5,32.7,32.9,33.4,32.6,33.0,32.6,32.7,33.2,32.1,32.4,33.7,32.7,33.0,33.4,33.4,33.9,33.9,34.4,33.2,33.6,34.1,33.7,34.4,33.1,32.7,32.5,32.9,34.0,32.6,31.7,33.5,33.4,31.9,32.1,32.8,32.9,32.1,31.9,33.4,32.1,32.8,32.3,33.6,32.5,33.0,33.0,33.4,33.3,33.6,33.8,34.1,33.6,33.1,33.7,33.1,33.3,32.7,33.3,32.4,32.8,32.4,33.2,32.1,32.5,32.0,33.4,31.7,33.1,32.5,32.3,33.2,33.2,32.4,32.6,33.5,33.1,32.6,33.1,32.6,33.6,33.9,33.9,33.4,33.1,33.1,33.3,34.1,33.4,33.6,33.1,32.5,33.5,32.8,31.9,34.4,32.1,32.7,32.9,31.9,31.3,32.9,31.8,33.1,32.6,32.6,32.6,33.2,nan,32.6,32.2,33.5,33.8,33.8,34.3,34.0,34.5,33.8,33.0,33.8,34.4,33.5,32.1,32.6,32.7,32.7,33.0,32.8,33.9,32.8,32.8,32.1,33.0,32.7,33.4,33.0,32.9,33.0,33.1,32.3,33.1,32.3,32.4,32.7,32.6,33.9,32.6,34.7,34.6,34.2,33.1,33.6,34.1,34.1,33.5,32.8,32.5,33.7,33.6,33.2,31.2,32.7,32.7,33.7,32.0,31.8,31.7,33.5,33.3,32.5,32.5,32.9,33.3,32.2,32.5,33.0,34.0,34.5,32.7,33.8,34.8,34.2,33.9,33.9,33.8,33.5,34.8,33.1,32.8,32.5,32.4,32.0,33.3,32.4,33.4,33.1,32.8,31.8,32.7,32.7,33.7,32.4,32.7,32.6,32.8,33.4,32.2,33.3,33.7,33.7,33.3,34.3,34.3,32.7,33.4,34.3,34.4,33.8,34.3,32.9,33.3,34.3,32.5,33.2,33.3,33.4,33.6,32.2,32.0,32.3,33.4,32.6,32.8,32.4,33.0,33.5,32.3,32.9,33.2,34.4,32.9,34.4,33.2,33.5,32.5,33.7,32.9,33.5,33.9,33.3,33.6,32.9,33.5,33.7,33.4,31.9,33.1,34.1,33.6,33.2,32.8,32.7,32.5,32.0,33.4,33.3,32.7,32.5,32.9,32.7,32.8,32.9,33.3,33.4,33.1,32.5,33.8,32.9,33.1,33.8,33.5,34.8,33.9,33.8,33.9,32.4,34.0,33.6,33.2,32.6,33.2,33.5,32.8,32.7,31.9,32.9,33.1,33.3,33.3,33.3,33.1,32.9,33.1,32.9,33.6,33.5,33.1,34.3,32.9,33.1,32.9,34.0,34.0,33.4,32.7,34.0,32.9,32.7,33.3
1785303029.838243,364,35.3,32.8,32.4,32.6,32.0,33.0,32.1,33.2,32.2,32.5,32.3,33.1,34.4,32.9,32.7,33.7,31.8,32.0,32.7,33.5,32.0,32.2,33.4,33.3,33.3,32.3,33.0,33.1,33.0,32.0,32.5,34.2,31.6,32.9,33.0,32.7,34.1,32.3,33.2,32.7,32.1,33.5,32.3,32.4,33.5,32.6,33.8,32.4,31.3,32.1,32.9,32.8,33.1,33.0,32.6,33.0,32.6,32.4,33.9,33.4,32.7,32.5,33.7,33.5,33.2,32.9,32.0,34.1,32.4,32.6,32.8,32.3,32.5,32.9,31.8,33.8,32.6,32.1,32.9,33.0,32.7,32.6,32.0,33.5,32.4,32.8,33.1,32.8,33.1,33.5,32.0,34.2,33.1,31.9,32.3,33.5,32.8,32.5,33.0,33.9,32.0,32.1,32.9,32.3,32.6,34.1,32.6,32.4,32.1,32.5,32.8,32.7,33.9,33.4,33.0,33.4,32.7,32.5,33.9,33.0,32.6,33.2,33.5,33.8,32.9,33.4,33.3,33.7,32.7,32.2,32.7,33.4,32.6,31.9,33.2,32.9,31.5,32.2,32.4,32.6,32.9,31.8,32.4,33.2,32.3,32.4,32.8,34.0,32.8,33.4,33.5,34.1,32.8,32.8,33.3,33.2,32.7,33.2,33.1,34.5,33.1,31.2,33.3,32.0,33.5,32.0,32.7,32.0,33.2,32.5,33.2,32.8,33.4,32.4,32.5,32.9,33.0,32.6,33.2,33.6,33.1,32.9,33.7,33.2,32.7,32.7,33.9,33.5,33.0,33.4,33.4,33.7,32.8,32.3,32.8,33.5,33.5,32.9,33.7,33.7,32.9,32.4,32.6,33.0,33.2,31.8,32.0,32.7,32.4,32.6,32.0,33.6,33.7,34.3,34.7,34.7,33.7,32.9,32.4,33.4,32.6,33.4,32.9,33.7,33.1,33.1,33.1,33.3,32.8,33.0,33.2,32.5,33.0,33.2,32.7,32.2,32.6,32.9,32.9,32.8,32.0,32.3,33.1,33.4,33.7,35.5,35.0,34.8,33.6,32.9,34.1,33.3,32.6,33.8,33.4,33.3,32.8,33.3,33.0,34.3,32.0,33.3,32.6,33.5,33.2,32.6,31.6,33.3,33.0,32.1,32.7,33.3,32.5,32.7,32.8,33.4,35.6,34.2,34.2,33.4,34.2,33.1,33.5,34.3,33.7,32.1,32.5,33.6,33.2,32.5,33.0,33.0,32.8,33.0,33.4,33.7,33.4,32.7,32.4,33.7,32.6,32.9,32.3,33.1,32.3,32.3,33.4,33.4,33.1,34.9,32.9,34.1,33.4,34.1,34.1,34.4,33.2,33.5,32.4,33.7,33.0,32.6,33.9,34.2,32.7,33.3,32.1,33.7,31.8,33.0,32.6,32.4,32.4,32.9,31.9,33.1,34.9,32.7,33.8,33.2,33.5,34.2,33.8,33.1,35.2,34.6,32.8,33.3,31.9,32.5,32.6,32.7,34.0,32.9,33.6,33.2,32.5,32.8,33.4,33.6,33.1,31.9,33.6,32.9,32.8,32.5,33.2,33.6,33.1,32.6,33.9,33.9,33.7,33.9,34.2,34.1,34.2,34.3,34.6,33.5,33.1,33.1,33.8,32.7,33.3,32.9,31.7,33.5,33.0,31.7,32.6,32.8,32.2,32.9,32.0,33.5,32.7,32.1,32.9,33.2,33.5,32.6,33.3,34.5,33.9,33.4,32.9,33.1,34.4,32.9,33.0,32.9,33.4,32.7,33.4,33.1,33.6,34.0,33.0,33.6,33.1,32.8,33.2,32.9,32.2,32.9,32.8,32.6,32.8,32.8,33.6,33.0,33.3,33.6,33.5,33.4,33.6,34.1,33.3,33.7,33.2,33.1,34.0,33.7,32.5,33.3,33.2,33.2,32.7,32.7,32.3,33.3,32.5,33.0,33.2,33.5,32.2,33.0,32.7,33.1,33.9,33.4,33.2,33.1,33.2,32.9,34.7,34.5,33.4,33.7,34.2,33.4,34.7,32.4,32.7,33.2,32.9,32.2,32.8,32.7,33.1,33.2,33.4,32.3,32.4,32.9,33.8,32.6,32.9,32.4,33.0,32.3,33.8,33.3,33.1,33.5,33.0,34.1,33.7,34.6,34.2,34.0,33.6,33.5,34.4,34.0,33.6,33.3,33.8,33.9,32.6,33.2,33.4,32.5,32.2,33.0,32.4,32.2,33.0,33.4,33.9,33.4,32.6,33.4,33.8,32.7,32.1,33.1,33.4,32.9,33.9,35.0,34.2,33.9,32.9,33.6,33.7,33.6,33.4,32.8,32.9,33.6,33.2,32.9,32.9,32.1,33.5,33.3,32.8,32.2,33.8,32.2,33.6,33.8,32.6,33.3,33.6,nan,32.6,32.8,33.6,32.8,34.1,34.8,34.9,34.5,33.3,34.0,34.0,34.7,34.2,33.4,32.8,33.3,33.9,33.8,33.4,32.3,33.4,33.2,33.2,32.8,32.7,33.0,33.0,33.0,33.0,33.9,31.9,32.2,33.1,33.8,32.9,32.4,33.9,35.1,34.9,34.4,34.8,35.2,34.5,33.8,34.3,34.6,32.4,33.7,33.0,32.9,33.8,33.1,32.9,33.1,32.1,32.4,33.1,33.0,33.5,33.0,33.4,33.0,32.7,33.2,33.3,33.5,34.0,33.5,34.2,34.4,34.2,35.0,35.0,34.6,33.3,34.4,34.1,34.1,32.7,33.1,33.6,33.8,33.5,33.3,32.4,33.4,32.1,33.5,32.1,33.1,33.6,33.6,32.9,33.6,33.4,32.9,33.2,32.6,34.4,33.4,33.4,35.3,33.6,33.3,34.1,34.9,34.3,34.2,34.4,34.1,32.9,33.7,33.4,33.5,33.6,33.3,33.4,34.4,33.2,33.3,33.0,33.4,32.3,33.4,32.9,33.2,33.7,32.5,33.6,33.9,33.0,33.4,34.9,34.2,33.5,34.0,34.4,33.7,33.9,35.0,33.7,34.7,32.3,34.5,33.7,34.5,33.5,34.2,32.5,33.6,32.4,32.2,32.1,33.2,32.5,33.1,34.0,34.7,33.1,32.5,33.1,33.1,34.3,33.6,34.0,34.2,32.9,33.3,33.1,32.3,33.8,33.5,33.0,34.3,34.1,32.8,33.0,34.0,33.8,33.2,34.2,34.3,33.5,33.6,33.1,33.9,32.4,32.7,33.8,33.3,33.6,32.7,34.2,33.3,32.6,33.4,33.8,33.3,33.8,33.1,33.4,33.1,33.7,33.6,34.4,34.7,34.0,33.7,33.9,34.4
1785303031.9670725,365,31.7,31.3,32.0,35.2,32.6,31.3,32.2,32.5,33.9,32.7,32.3,33.2,31.5,31.3,32.4,33.6,32.4,31.1,32.8,33.2,32.4,33.0,32.0,33.0,31.7,32.6,32.5,34.3,32.5,30.9,32.4,34.0,31.5,32.2,32.9,32.4,33.1,32.2,32.7,31.7,33.6,32.2,33.2,32.0,32.3,31.6,32.4,31.8,32.1,32.3,33.0,32.0,33.0,32.1,34.0,32.1,32.2,33.1,33.0,32.9,32.1,32.2,32.9,33.1,33.1,33.8,33.0,33.5,32.5,32.5,32.3,32.9,31.8,32.2,32.4,33.2,31.9,31.9,31.6,32.8,33.0,32.8,33.0,32.5,32.8,31.7,32.3,32.3,32.2,32.7,32.7,34.1,32.1,31.6,33.6,33.4,32.2,32.6,32.7,32.9,32.1,32.1,33.0,32.0,32.5,32.3,32.5,32.3,32.2,32.0,34.1,33.1,31.9,32.1,32.6,32.8,31.9,32.6,31.8,32.9,33.0,33.1,32.2,32.1,31.3,33.1,33.9,33.9,33.3,32.4,31.3,33.5,31.5,31.3,33.1,32.8,32.6,32.3,32.1,33.0,31.3,32.4,32.5,33.2,32.4,32.6,32.0,32.6,33.2,33.1,32.3,33.4,32.9,32.0,33.0,33.5,32.0,32.8,31.2,34.8,31.8,31.5,33.4,33.0,32.8,31.7,33.5,31.9,32.4,31.5,33.2,32.5,32.2,32.4,33.4,32.5,32.1,31.8,32.1,31.8,33.4,32.9,33.6,33.5,33.1,32.7,32.5,33.0,33.5,31.9,33.2,32.3,33.6,33.1,33.5,32.9,32.8,32.6,32.5,33.5,32.5,32.8,32.8,32.7,31.9,32.2,32.7,32.9,32.4,33.2,32.9,33.4,34.4,33.7,32.5,33.1,32.4,31.2,32.8,32.9,32.7,33.1,32.6,32.9,32.8,31.6,33.6,32.8,31.7,32.7,33.4,31.5,32.7,32.0,32.9,32.9,32.3,32.5,33.1,32.5,32.2,32.5,32.8,33.5,34.8,34.2,32.9,32.3,31.9,33.5,32.3,33.0,33.3,33.3,33.7,33.8,31.6,31.4,31.9,33.3,32.4,31.9,31.8,33.1,32.7,32.8,33.0,33.0,33.1,32.8,32.3,33.4,32.9,32.5,33.0,33.7,34.3,34.7,33.2,32.9,33.2,32.4,33.2,33.6,32.1,31.2,32.4,33.7,32.6,32.4,32.8,33.3,32.0,32.3,32.9,33.6,32.3,32.3,33.4,32.6,32.9,33.0,32.5,33.8,31.7,32.5,33.1,33.0,34.2,34.7,33.6,32.7,31.9,32.6,32.9,31.9,32.9,32.4,34.1,32.2,31.9,32.3,32.6,33.5,31.5,33.0,32.3,33.1,31.7,32.4,33.0,33.3,32.3,32.0,32.7,33.1,33.4,32.3,33.2,33.3,33.4,33.4,33.2,33.6,33.5,33.1,32.3,32.8,32.5,31.7,32.8,33.8,33.2,33.0,33.1,32.1,32.5,32.2,32.4,32.9,32.5,31.4,33.0,32.2,32.8,32.8,33.8,31.9,32.7,32.8,33.4,33.9,33.0,33.6,33.8,33.8,33.8,33.3,33.7,32.9,33.0,31.7,33.3,32.0,32.6,32.5,32.6,32.8,32.1,33.0,32.3,33.5,31.9,32.6,31.5,32.7,32.0,33.1,32.8,33.6,32.6,32.0,33.5,34.2,33.1,33.6,32.8,34.3,34.1,33.0,32.9,32.6,33.8,33.5,33.0,33.0,32.0,31.8,32.7,32.5,32.9,32.4,33.1,31.9,32.8,32.1,33.0,32.5,32.2,32.5,33.6,32.2,33.3,33.7,34.1,33.3,33.0,33.2,33.5,33.0,33.3,33.8,34.6,34.3,33.3,33.4,32.3,33.6,31.5,32.8,32.2,33.2,31.8,32.1,33.0,33.2,32.4,32.3,32.4,32.5,32.0,33.4,33.2,33.8,33.0,32.8,34.1,33.9,33.6,33.0,33.6,34.0,33.3,33.5,34.5,33.8,32.4,31.7,34.0,33.0,32.9,32.7,33.1,32.4,31.8,32.4,33.7,32.8,31.7,33.0,32.8,33.0,33.3,32.9,33.3,33.1,32.9,33.7,35.1,33.5,34.0,33.2,33.3,33.6,33.8,34.4,34.8,33.4,33.5,32.3,32.9,32.7,32.4,31.9,32.0,33.4,32.3,32.1,32.5,33.1,33.1,32.7,31.6,33.3,32.1,32.0,33.3,32.8,32.8,33.3,33.6,34.4,33.4,33.8,34.1,34.6,33.1,33.0,33.3,33.7,33.1,32.0,32.9,33.8,32.8,31.8,33.7,31.6,32.8,32.3,32.1,32.4,32.8,32.7,32.7,33.0,32.6,nan,33.2,33.2,32.5,32.7,33.8,33.9,34.0,34.3,35.5,33.7,33.5,34.1,34.3,33.1,31.7,31.9,34.3,32.7,32.2,31.7,31.6,33.3,32.2,33.4,32.7,33.1,32.1,32.4,32.4,33.8,32.8,32.6,32.6,32.3,32.6,33.3,34.1,34.5,34.1,35.5,33.8,35.2,33.1,34.4,34.9,32.8,33.5,32.2,31.9,33.0,33.0,32.5,33.2,32.4,32.1,33.2,33.5,32.7,32.0,33.0,32.4,33.0,31.1,32.2,33.5,32.2,33.1,32.9,34.9,33.3,34.4,33.9,34.1,35.0,34.3,33.9,35.4,33.6,32.0,32.8,33.2,32.0,33.2,33.0,31.6,33.0,31.4,32.7,32.6,33.3,32.1,32.6,33.1,33.1,32.6,32.6,32.6,33.1,33.8,33.0,33.6,33.7,33.6,33.8,34.2,33.5,33.1,33.7,34.3,33.8,32.0,31.9,32.4,34.1,33.1,33.4,34.1,33.0,32.3,31.9,32.9,32.5,31.8,33.4,32.8,32.7,32.7,32.7,34.1,32.9,33.9,32.7,34.3,34.1,32.9,33.9,33.6,33.1,33.0,33.6,34.2,33.8,33.2,33.6,33.6,32.4,32.9,32.5,33.1,33.3,31.7,32.3,33.3,34.3,31.9,32.0,32.4,33.0,32.2,32.1,33.3,33.9,32.9,33.5,33.5,33.7,32.3,32.6,32.2,33.5,33.9,33.9,33.7,34.0,33.1,32.3,33.6,34.6,32.0,32.8,35.3,32.9,32.7,31.7,33.4,31.8,32.1,33.1,32.8,32.8,33.3,32.8,33.7,32.8,33.1,33.5,34.0,33.0,33.3,32.1,34.0,32.4,33.0,33.3,33.9,33.4,33.3,33.2,33.5,33.6
1785303034.1795676,366,35.1,34.3,32.9,33.7,34.1,32.9,34.1,32.7,33.2,32.6,32.7,34.1,33.3,33.5,32.9,33.4,32.9,31.9,33.4,33.6,32.7,32.3,33.3,33.0,32.5,33.4,33.9,34.1,33.1,34.1,33.5,33.1,33.1,32.1,33.4,32.0,32.7,33.0,33.4,33.1,32.4,32.0,32.4,32.2,32.7,32.8,33.7,33.2,33.6,32.6,32.5,32.9,33.4,33.0,34.6,33.4,33.8,32.8,33.4,32.6,33.2,32.7,32.9,34.3,32.5,32.3,32.5,32.4,32.2,33.1,34.4,33.6,32.9,32.2,33.1,33.2,32.2,32.8,32.9,32.3,32.4,33.4,32.2,32.9,33.0,33.4,33.1,32.7,33.1,32.3,33.3,33.7,33.3,33.1,32.8,34.1,34.2,33.7,32.9,34.1,33.4,32.9,32.6,32.7,33.0,31.3,33.0,32.6,32.4,32.1,32.2,32.2,32.8,32.5,32.6,33.2,32.6,33.6,32.9,33.8,33.6,32.5,33.0,33.0,32.8,32.8,33.9,33.3,32.3,32.8,32.5,34.4,33.0,33.1,32.9,32.4,33.3,33.0,32.9,32.7,31.8,33.4,33.0,33.6,32.8,33.1,33.3,32.8,33.2,32.6,33.7,33.3,32.5,32.9,33.3,33.1,33.3,34.3,33.1,33.1,33.0,31.2,33.2,33.3,33.0,32.4,33.8,33.2,32.9,32.8,32.6,32.5,32.3,32.4,32.8,33.7,33.3,32.1,32.8,33.2,33.5,33.7,33.8,33.1,32.6,32.9,33.6,34.0,33.3,33.2,32.2,34.2,33.7,33.1,33.0,32.5,32.7,32.8,33.1,33.2,32.8,34.2,31.6,32.7,32.7,32.9,33.2,33.4,32.1,32.8,33.6,34.4,34.7,34.6,33.7,33.6,32.8,33.3,33.3,33.5,33.0,33.1,32.5,33.2,32.6,32.7,32.2,33.2,32.9,32.6,33.5,33.7,32.6,33.2,32.9,33.2,32.6,33.5,33.8,33.1,33.0,32.6,33.1,33.4,35.1,34.4,33.4,34.3,33.0,33.6,33.3,32.6,33.7,33.3,34.5,33.1,33.5,32.1,32.6,33.6,33.1,32.2,32.8,32.9,32.7,32.4,33.3,32.7,32.4,33.3,33.2,32.8,32.5,32.5,33.3,34.5,34.3,35.0,33.7,33.3,32.3,32.5,32.3,33.7,33.7,33.9,33.9,32.7,32.6,31.9,33.3,34.6,33.5,33.2,32.6,33.8,31.0,32.4,32.9,33.2,33.1,31.5,32.0,32.9,33.0,32.5,32.8,33.9,34.6,33.9,34.3,33.1,33.1,33.3,33.0,34.2,33.3,33.1,33.1,33.7,32.8,33.2,33.1,34.1,33.6,32.9,32.1,33.6,32.9,32.4,32.5,33.0,32.7,32.8,32.9,32.7,33.2,32.6,33.3,33.0,33.2,34.2,33.8,34.1,33.0,33.2,33.0,33.4,33.0,32.8,32.8,33.2,33.3,32.1,33.7,33.2,32.7,33.2,33.0,31.9,33.7,32.6,33.3,33.4,33.0,33.1,32.7,33.3,33.3,33.4,33.6,33.9,34.1,33.5,34.3,33.9,33.3,33.5,33.0,32.5,31.7,31.3,32.5,32.8,33.1,33.4,32.2,32.8,33.0,32.9,32.1,32.7,33.4,32.9,33.2,33.2,32.6,32.9,33.1,32.7,33.5,33.6,33.5,33.9,34.2,33.3,34.1,34.5,34.4,33.5,33.6,34.1,32.5,32.8,33.2,33.2,33.1,32.6,32.7,33.0,32.4,32.5,32.5,33.4,31.8,31.8,33.5,32.5,32.6,33.2,33.2,33.5,33.2,33.0,33.5,34.1,34.0,33.9,34.3,34.3,34.3,34.5,33.7,33.9,33.2,32.0,32.5,33.4,32.5,33.4,33.1,33.4,32.1,32.2,33.2,32.7,32.2,32.4,33.4,33.8,33.4,33.7,34.0,33.3,33.2,33.0,35.0,34.8,33.5,33.3,34.2,32.6,34.4,34.7,34.5,34.2,33.2,33.2,34.4,32.2,33.0,33.1,33.0,33.3,32.1,31.6,32.3,32.1,33.2,32.4,33.7,32.6,34.0,32.5,33.2,33.7,33.0,32.8,34.6,34.2,33.7,33.5,34.2,34.7,34.5,33.8,34.1,34.4,32.4,32.6,33.1,33.5,33.4,33.4,32.8,33.8,33.6,32.9,32.7,32.6,31.8,33.3,33.2,33.3,33.2,32.8,33.1,33.5,33.4,33.6,35.0,34.6,34.0,34.5,34.8,35.0,33.9,35.1,34.1,32.9,32.9,33.5,34.2,33.0,32.8,33.2,33.2,33.3,33.4,32.9,32.8,33.6,33.0,32.7,32.5,33.5,32.6,nan,33.2,33.0,33.2,33.3,33.8,35.6,34.2,34.8,34.9,35.4,33.2,34.2,32.3,32.7,33.2,33.0,34.8,33.6,33.4,33.4,32.8,34.3,32.7,33.3,33.0,33.7,32.4,32.4,33.9,34.0,32.4,32.8,33.1,33.5,33.7,33.6,34.2,34.7,34.6,35.0,34.8,35.4,34.3,33.9,34.7,33.8,32.7,33.2,33.1,33.9,33.7,32.5,34.6,32.6,33.3,33.3,32.5,33.2,33.3,32.5,32.8,33.7,32.8,33.2,33.1,33.7,32.3,32.7,34.4,34.2,34.5,33.9,35.1,34.6,34.5,34.4,35.2,34.8,34.1,33.2,33.0,33.2,32.4,33.2,33.8,33.3,32.7,33.4,32.5,34.8,32.6,32.2,32.6,33.0,33.6,33.0,33.8,33.5,33.1,34.3,34.3,34.2,33.8,33.9,34.7,33.3,33.6,34.3,34.8,33.8,33.7,33.8,33.6,34.3,33.3,34.0,34.1,33.0,32.1,33.4,32.8,33.8,32.5,32.9,32.8,34.2,32.3,32.7,34.0,34.4,34.3,33.2,34.6,34.8,33.1,33.4,34.5,34.3,33.1,33.7,34.9,34.9,32.8,33.9,33.6,33.7,33.3,33.7,34.1,33.3,33.5,32.9,33.7,33.5,32.4,32.8,33.6,33.4,33.4,32.4,33.5,33.7,32.7,33.7,34.1,34.2,32.9,33.4,33.8,33.9,34.2,34.7,35.4,34.4,34.3,32.5,34.6,34.6,32.3,33.0,33.0,33.3,33.6,33.2,33.6,33.5,32.7,32.9,33.2,34.0,32.8,32.9,33.4,33.4,34.0,33.3,33.7,33.7,32.8,33.8,33.2,33.3,33.0,33.6,34.5,34.3,33.1,33.5,34.6,34.7
1785303036.5313194,367,32.4,32.9,33.7,32.0,30.7,31.8,33.0,31.5,32.2,31.6,33.6,32.6,31.6,32.6,32.7,32.1,32.5,32.7,32.9,33.4,32.0,32.1,33.2,32.8,32.3,31.6,33.3,33.5,32.2,32.3,33.1,32.1,32.3,31.1,32.2,33.0,32.9,30.8,32.7,32.7,32.0,32.0,33.2,32.2,33.4,32.4,31.9,32.4,32.2,31.4,32.1,33.0,32.5,31.3,32.7,33.2,32.5,32.2,31.7,33.9,31.7,31.6,31.7,33.1,33.7,32.1,33.0,33.3,31.1,32.1,32.8,31.6,31.7,32.1,31.0,32.1,31.5,32.5,33.2,32.0,32.0,32.5,32.7,32.5,31.7,32.4,32.2,31.6,31.4,32.5,33.3,32.3,32.9,33.1,33.1,32.7,32.5,31.8,31.1,33.3,31.1,32.1,32.4,32.1,32.1,31.3,31.8,32.2,32.4,31.6,32.5,32.8,32.4,31.5,31.9,33.0,32.8,32.0,32.4,33.4,33.4,32.5,32.4,34.2,32.6,31.7,32.1,33.5,32.6,32.2,32.3,32.5,32.2,32.4,31.7,31.9,31.8,32.3,32.5,31.7,32.1,32.7,31.7,31.6,31.9,32.4,33.1,32.1,32.1,32.9,33.3,32.8,31.5,32.2,31.9,32.8,32.3,33.3,32.9,32.5,31.6,32.2,32.5,33.3,32.2,31.8,31.9,33.9,32.8,32.1,31.9,33.1,32.4,33.7,31.6,32.4,32.1,31.5,32.3,32.5,33.3,32.3,32.9,33.2,32.7,31.9,32.7,33.3,32.7,31.4,32.6,33.5,32.1,32.2,33.2,31.9,31.7,32.6,33.1,32.5,32.6,32.7,32.2,31.5,31.8,33.7,32.5,32.6,31.9,32.6,32.5,33.8,33.7,33.6,32.6,32.4,32.8,32.9,32.6,33.1,32.6,31.8,32.5,31.9,32.6,31.3,32.2,32.9,32.9,31.8,32.4,32.8,33.3,32.5,31.7,32.5,32.3,31.6,31.4,33.2,32.7,31.9,32.7,33.5,34.6,34.0,32.3,33.4,33.0,32.2,32.7,32.5,32.5,32.1,31.4,32.3,30.7,31.9,33.0,32.8,32.3,32.6,32.6,33.8,32.1,32.2,32.8,32.7,31.5,32.0,32.8,32.5,32.2,32.5,32.2,32.8,34.6,35.2,34.8,33.3,32.1,33.0,33.7,32.8,31.5,32.4,32.1,32.5,32.4,30.8,32.5,33.8,32.4,32.2,32.1,32.8,32.8,31.7,31.0,32.0,32.5,32.1,31.7,32.6,33.4,32.4,31.8,33.1,34.3,33.6,33.0,33.1,33.1,31.5,32.8,32.2,33.3,31.8,31.9,32.3,32.6,33.2,33.5,32.6,32.9,32.5,32.4,33.1,32.0,32.6,32.4,32.5,32.7,33.6,32.8,31.9,32.8,32.7,32.8,33.0,32.9,34.1,32.8,33.8,32.8,33.5,33.3,33.2,31.7,32.6,32.6,31.8,32.4,31.7,32.5,32.8,32.4,32.5,31.6,32.7,32.2,31.9,32.3,32.6,32.1,31.8,31.9,31.8,33.8,32.4,33.6,33.4,33.3,32.9,33.0,34.2,32.6,33.1,32.1,31.9,32.8,31.8,32.5,32.7,32.7,33.2,33.7,32.8,32.6,33.2,32.3,32.5,32.7,32.6,32.8,32.4,31.6,33.1,33.2,32.8,32.5,33.4,33.1,33.3,33.5,34.4,34.2,33.8,32.8,33.5,33.5,32.5,32.6,32.4,32.4,31.8,32.3,33.0,32.1,33.0,33.3,31.6,32.5,32.7,33.2,32.4,32.0,32.6,32.1,31.7,32.1,32.8,33.6,33.1,32.9,33.6,33.3,33.1,33.9,33.0,32.8,33.4,33.0,33.3,32.3,32.0,32.0,33.6,32.9,33.6,32.1,32.1,31.0,32.4,33.3,32.4,31.1,32.3,31.7,32.0,32.5,33.6,33.2,33.0,33.3,33.3,34.2,34.3,33.0,32.8,33.9,33.2,32.8,33.7,33.9,33.5,33.2,33.7,33.8,32.0,32.4,32.0,33.2,32.3,32.7,31.8,32.0,33.9,33.2,31.7,32.2,32.3,33.5,32.3,32.1,32.3,32.7,32.6,33.7,34.4,33.5,32.8,33.0,34.3,33.8,33.3,32.8,33.1,32.6,32.0,33.8,32.4,31.7,32.8,32.6,32.9,32.1,32.0,33.0,32.4,31.8,33.6,32.9,32.3,33.1,32.7,32.5,32.4,32.7,33.9,33.7,34.0,33.5,33.7,32.9,33.7,33.2,34.5,33.7,33.2,33.4,33.7,33.0,33.9,32.8,31.7,32.2,32.9,31.8,31.4,32.0,33.4,32.5,32.1,32.0,32.4,32.8,nan,31.7,32.6,33.4,33.4,32.9,33.3,33.9,33.1,32.7,33.1,34.6,33.1,34.3,33.9,33.6,32.4,32.8,33.0,33.2,33.2,33.4,32.1,31.5,33.3,33.4,33.3,31.8,32.8,32.7,33.7,31.6,33.3,32.2,32.5,32.7,34.1,34.0,34.2,33.4,34.2,33.2,33.7,33.7,34.6,35.4,33.6,32.8,32.0,31.8,32.6,33.3,32.0,32.0,33.9,32.7,31.8,32.7,32.4,32.9,32.1,32.4,32.9,32.5,31.8,32.6,33.6,34.5,34.3,34.4,34.5,33.9,32.8,33.3,34.4,34.6,34.0,34.1,33.9,32.7,32.4,32.8,32.8,32.9,32.8,32.0,33.1,32.7,32.5,32.5,33.0,31.8,33.1,34.1,33.3,32.2,33.0,33.0,33.2,33.6,34.3,34.6,33.7,33.2,34.1,33.4,33.0,33.4,34.8,33.8,34.6,32.3,33.8,33.0,33.2,33.1,32.0,32.1,33.2,33.1,32.6,31.8,33.7,32.9,31.6,31.7,33.3,32.8,31.8,32.4,33.4,33.8,33.7,33.3,33.5,33.6,32.6,33.6,33.5,33.8,33.0,34.2,34.5,34.6,32.9,33.0,33.7,32.4,33.5,33.2,32.7,32.2,32.3,32.3,32.8,32.2,32.4,32.5,32.1,32.0,32.5,33.8,33.4,33.6,33.3,34.3,34.1,32.2,32.5,33.4,33.0,32.7,34.9,34.2,33.4,32.0,34.0,33.7,34.4,32.8,32.8,32.1,33.0,32.4,32.0,32.2,32.3,32.8,32.5,32.7,32.7,32.8,32.4,32.8,32.4,33.3,32.7,33.2,33.5,33.9,32.0,32.1,32.9,33.8,33.4,33.7,35.1,32.7,32.4,32.6,34.5
1785303038.5836036,368,34.8,32.6,33.1,33.0,32.3,33.5,32.8,33.1,32.0,34.1,32.9,32.6,31.4,32.4,32.7,32.3,33.3,32.6,32.1,33.2,33.5,32.1,32.7,32.6,32.5,33.2,33.1,33.0,34.0,33.0,32.8,32.3,32.0,32.1,31.9,32.0,32.9,31.5,32.1,32.5,32.0,32.9,31.3,32.9,32.1,33.4,31.9,33.6,32.0,32.3,32.5,33.0,32.8,32.4,32.1,32.6,32.8,33.8,33.2,33.7,33.7,33.2,31.7,34.0,32.7,32.8,32.5,32.4,33.4,32.7,33.2,32.4,32.3,32.6,31.8,32.7,32.2,32.3,32.4,33.6,32.4,33.2,32.1,32.4,33.0,33.1,32.6,32.2,32.5,33.4,33.1,32.7,33.5,32.7,32.1,33.9,32.0,32.7,32.4,32.3,32.7,32.7,32.4,32.7,32.7,32.2,32.8,33.2,32.9,32.3,32.0,32.2,32.2,34.0,32.9,33.2,32.4,31.8,31.4,33.4,32.7,33.8,32.2,33.4,33.2,33.2,34.1,34.0,33.0,32.6,32.3,31.8,32.6,31.8,32.5,32.6,32.9,32.8,32.0,31.8,33.0,31.7,33.3,32.7,33.0,32.4,32.8,33.6,33.8,32.9,32.8,32.9,33.3,34.0,33.1,31.6,33.5,32.4,32.8,33.1,33.4,31.7,33.2,33.7,33.2,33.5,31.7,33.4,32.4,32.7,32.9,32.8,32.6,33.4,32.3,32.9,32.1,32.7,33.1,33.1,33.3,33.0,33.1,33.8,32.7,32.9,33.0,33.7,32.9,33.0,33.0,34.0,34.8,32.6,32.8,33.2,33.5,32.4,33.3,32.8,33.5,32.8,32.6,32.9,32.2,32.2,32.7,32.9,32.2,32.5,32.2,33.5,35.0,33.6,33.2,33.1,33.3,32.8,33.0,31.4,32.8,32.3,32.3,32.7,31.9,33.1,31.8,32.4,32.9,33.7,32.4,33.4,32.4,33.5,32.7,33.1,32.6,32.7,32.3,32.1,32.8,32.8,33.4,33.6,34.6,35.2,33.1,33.4,32.6,33.3,32.3,32.9,32.3,34.0,32.7,32.9,31.5,33.2,32.6,32.6,33.1,33.3,32.8,32.9,32.5,31.9,31.7,32.6,32.9,32.5,32.4,32.6,33.0,33.4,32.5,33.7,34.5,35.7,32.9,33.0,32.3,32.6,32.4,33.5,33.6,33.3,32.5,32.5,32.6,32.5,32.5,33.4,32.9,32.6,32.8,32.2,32.8,33.2,31.4,32.9,32.5,33.1,31.8,33.3,32.2,33.7,32.0,33.8,33.8,34.6,33.1,33.1,32.6,33.1,32.4,33.7,32.9,33.6,32.5,33.1,32.2,32.3,32.7,32.8,33.5,32.9,32.6,32.6,33.3,32.7,32.5,33.3,33.5,32.2,33.0,31.8,33.2,32.6,33.0,32.5,34.0,34.7,33.5,33.5,33.7,33.7,32.8,31.9,32.1,32.4,33.4,32.0,32.6,32.9,32.7,34.4,32.4,33.4,32.8,32.2,32.7,34.4,31.8,33.0,32.7,33.4,32.3,32.6,32.2,33.9,32.5,33.8,33.5,33.9,32.8,33.8,32.5,33.8,32.6,32.8,32.6,32.9,32.7,32.6,32.5,32.6,31.9,32.6,32.8,31.4,32.5,31.8,33.5,33.1,32.7,32.3,32.9,32.8,33.2,33.1,33.5,33.3,33.7,34.3,34.2,33.3,32.9,33.3,34.2,32.0,33.7,33.4,33.6,33.0,32.2,33.6,33.3,33.4,33.9,33.6,33.5,33.2,32.6,32.6,31.8,33.4,31.5,32.5,32.7,32.8,32.1,33.0,32.8,34.1,33.8,33.9,33.6,34.1,34.2,33.2,33.0,34.0,33.5,33.7,32.4,33.5,31.1,33.0,33.4,32.6,32.9,33.8,32.5,32.9,32.8,32.4,32.4,33.6,33.2,32.8,33.4,33.3,33.1,32.7,33.7,33.3,33.7,33.3,34.2,33.3,33.7,33.6,33.9,33.5,33.6,32.8,33.0,33.3,32.6,33.2,33.8,32.4,32.4,32.5,32.5,33.1,33.0,31.9,32.2,33.3,32.0,33.1,30.9,32.7,32.4,32.7,33.5,33.6,32.8,34.0,34.0,34.0,34.7,33.7,33.5,34.5,34.2,34.2,32.1,32.6,33.7,32.7,32.5,34.0,32.0,33.6,33.6,33.0,32.7,32.9,33.5,32.9,33.2,33.5,33.8,32.5,33.1,33.5,33.7,32.6,35.0,34.8,33.2,33.8,34.9,33.8,35.6,33.3,33.7,33.4,34.5,32.6,34.0,32.6,32.2,32.2,32.9,32.7,33.0,32.6,32.7,32.4,32.5,33.0,33.0,32.6,32.6,nan,32.5,31.9,32.4,33.3,33.8,33.8,33.4,35.1,34.1,34.2,34.2,33.7,33.6,33.6,34.0,33.3,32.1,32.4,32.8,33.0,32.2,33.1,32.3,33.6,32.5,32.0,32.5,33.6,33.1,33.0,32.8,33.0,31.8,33.7,32.9,32.8,33.9,34.5,34.2,33.7,34.9,34.5,34.1,33.5,34.9,33.4,32.3,33.4,33.9,33.9,32.6,33.3,32.6,31.8,32.9,33.5,32.5,33.4,32.9,33.3,32.1,33.7,32.1,32.7,32.1,34.0,33.6,34.0,33.1,33.2,33.9,35.0,33.9,34.9,34.1,34.7,34.1,33.6,33.2,33.3,34.3,32.6,32.4,32.6,32.4,33.9,33.1,32.1,32.5,33.3,31.9,32.8,32.9,33.3,33.6,33.5,33.6,32.7,33.5,34.5,33.6,34.2,33.8,34.0,34.0,34.1,34.5,33.4,34.4,34.4,34.1,32.4,33.4,33.9,32.4,32.9,32.9,32.3,31.9,33.2,32.4,32.7,33.2,32.9,33.3,33.0,32.9,33.4,32.1,33.1,33.9,33.4,34.8,34.4,33.8,34.7,33.1,33.2,32.9,34.4,34.6,34.4,32.4,34.7,32.6,33.4,32.1,32.5,32.5,33.7,33.5,31.9,33.1,33.1,33.1,33.0,32.6,33.2,34.1,32.8,32.9,32.5,34.5,33.3,34.3,34.6,34.0,32.7,32.5,32.4,33.7,33.6,34.4,34.2,34.3,34.0,33.5,33.0,33.0,33.0,32.9,33.0,32.0,32.8,32.4,34.4,33.0,32.3,32.7,33.8,33.4,33.6,33.5,32.9,33.3,33.8,34.1,33.5,33.1,33.3,32.2,33.3,33.0,33.4,32.9,33.9,32.9,33.5,33.5,34.0
1785303040.7273922,369,33.2,31.4,33.4,32.2,32.7,31.6,32.8,32.6,33.4,31.6,32.3,33.1,31.0,32.0,32.3,32.5,32.5,32.3,33.4,33.1,33.1,32.4,31.7,33.1,32.5,30.7,33.3,32.9,33.3,31.5,33.0,32.9,31.9,32.1,34.2,32.5,31.5,32.4,32.4,31.6,31.1,32.1,32.5,32.7,32.8,32.2,32.4,31.3,32.4,33.1,32.7,33.2,32.9,32.0,32.9,33.0,31.9,31.8,33.7,33.4,32.7,33.9,33.5,32.5,32.7,32.9,31.1,33.2,33.0,31.8,31.6,33.5,32.3,31.9,32.1,32.6,32.7,32.7,32.0,32.0,33.8,32.2,32.7,32.6,32.7,31.4,32.0,33.0,33.1,32.6,33.3,32.5,33.1,31.5,32.1,33.5,31.4,32.7,32.8,33.0,31.4,32.1,31.9,32.9,32.2,32.4,32.0,31.7,31.9,33.0,32.4,32.7,32.5,32.7,33.3,32.8,30.9,32.7,34.0,33.0,32.2,33.6,33.3,33.0,32.1,33.6,32.4,32.8,32.8,31.1,32.3,33.0,33.8,32.2,32.5,32.3,33.1,32.4,32.5,32.9,32.7,32.5,31.7,32.5,33.3,32.0,31.6,32.3,32.8,32.5,33.5,32.8,33.0,31.7,32.3,33.8,32.5,32.1,32.6,33.2,31.9,33.1,32.6,33.5,31.5,31.6,32.5,32.2,32.1,32.6,32.6,32.3,31.3,32.8,33.2,32.4,32.2,33.0,33.0,33.0,32.5,32.5,33.1,33.2,32.1,32.5,33.1,33.1,31.2,33.6,32.7,32.7,32.6,32.1,33.2,33.9,33.1,31.0,33.1,32.0,33.6,32.2,31.7,32.8,32.1,32.0,32.3,32.3,32.8,31.4,32.5,32.7,34.8,34.5,32.4,33.0,33.1,31.6,32.0,32.6,33.3,31.4,33.7,33.3,31.6,32.0,32.5,32.3,31.6,32.2,33.3,32.6,31.1,32.8,33.5,32.5,32.4,32.2,32.2,32.9,31.6,32.5,33.3,33.2,34.2,34.5,34.0,32.9,31.6,33.1,33.0,32.9,32.8,32.8,32.1,32.3,32.6,32.0,32.4,34.0,32.5,31.6,31.5,33.0,32.5,31.9,31.6,32.6,32.7,32.4,31.4,32.2,33.4,32.2,31.8,32.8,34.6,34.4,33.3,33.2,33.1,32.2,32.8,33.0,32.4,32.8,32.3,34.9,31.9,33.3,33.2,33.4,30.9,32.6,33.0,33.0,31.2,32.3,31.7,32.7,32.5,32.1,32.5,32.4,31.1,32.9,33.5,32.1,32.9,34.7,33.7,33.1,32.5,32.7,32.9,32.2,32.3,33.1,33.4,32.7,32.2,32.2,32.9,33.1,33.4,31.5,32.2,32.3,32.1,31.6,32.4,32.4,32.8,32.7,32.0,32.4,32.8,32.5,33.3,32.9,34.1,33.6,33.8,34.0,33.0,32.5,33.7,33.1,33.9,31.8,33.0,32.9,32.3,32.9,33.4,32.8,33.2,32.1,33.9,32.5,31.6,32.5,33.0,32.3,31.9,32.7,32.4,32.9,32.3,32.9,33.3,34.0,33.4,33.6,33.2,33.4,34.2,33.9,32.2,32.6,32.5,32.9,33.2,32.7,33.8,31.4,31.7,32.3,32.8,31.7,31.6,32.1,32.3,31.0,32.3,32.2,32.7,31.6,32.2,32.1,33.2,32.2,33.6,34.0,33.7,33.0,34.2,33.5,33.2,32.9,32.6,33.6,33.0,32.5,33.0,32.3,31.1,33.0,33.6,33.0,31.2,33.7,33.2,32.2,32.2,32.9,32.5,32.4,32.3,32.9,32.3,32.6,32.3,33.6,33.7,33.4,32.7,33.7,34.7,33.5,32.9,33.8,34.1,33.1,31.2,31.6,31.8,33.2,32.7,32.7,32.9,33.7,32.6,32.1,33.3,33.3,33.3,31.3,32.8,33.4,33.0,33.0,31.7,32.9,33.2,33.2,33.5,34.0,33.5,32.5,33.2,34.0,34.5,33.6,32.8,33.9,33.0,31.6,33.0,33.1,31.4,33.0,33.0,33.8,32.2,32.8,33.8,33.6,31.7,32.2,33.1,32.1,31.6,33.1,32.9,33.0,32.4,33.4,34.2,34.1,33.1,32.8,33.9,33.3,32.6,34.5,34.0,33.7,32.7,33.7,34.2,33.2,32.9,31.8,31.3,34.1,32.2,32.4,32.5,33.2,32.1,32.0,31.8,33.0,33.0,32.7,32.8,32.6,33.2,32.9,34.0,34.8,34.3,32.7,33.2,33.9,34.4,32.4,33.2,32.6,33.0,32.3,33.0,33.5,31.6,32.1,32.6,32.9,31.3,33.3,32.4,32.4,32.6,32.6,32.6,33.1,32.2,nan,33.4,32.5,31.6,32.8,34.4,34.4,33.3,34.6,34.5,34.7,33.5,34.8,33.3,34.2,32.9,33.1,32.8,33.0,33.4,31.8,33.6,33.6,32.6,32.6,32.5,33.5,32.7,32.3,32.8,32.7,33.4,32.4,32.2,32.7,33.2,32.1,33.9,34.5,35.2,34.4,34.2,34.8,35.1,33.4,34.1,33.8,33.2,31.7,32.6,33.3,32.1,33.1,34.1,33.3,32.2,32.2,33.1,33.3,31.7,32.8,33.3,32.9,31.8,32.2,32.6,32.3,32.5,33.5,34.3,33.7,33.5,34.6,34.0,34.2,33.8,34.4,34.9,33.9,31.8,33.1,33.7,33.4,32.4,33.1,32.6,33.2,32.8,31.6,31.7,33.0,32.9,31.4,32.5,32.9,33.7,32.9,32.3,33.1,34.2,33.0,33.9,34.4,33.9,33.1,33.4,33.4,34.1,33.2,34.0,33.5,33.5,31.8,33.0,33.5,32.1,33.5,33.4,33.8,32.4,32.7,33.7,32.1,32.1,33.0,32.8,32.6,32.0,32.5,33.2,33.2,33.3,33.0,33.2,33.4,32.5,33.5,32.4,32.8,33.3,34.8,34.8,33.8,33.5,33.5,33.3,34.1,33.1,33.1,32.3,33.4,32.8,32.8,32.5,34.0,32.3,32.1,32.3,33.8,33.0,31.4,32.7,32.9,33.7,32.9,33.6,33.4,33.6,32.0,33.1,33.6,33.4,33.1,34.8,34.7,35.3,31.8,32.8,33.8,32.6,33.7,34.2,32.8,31.8,32.4,33.5,32.9,32.7,33.2,32.7,33.1,32.0,32.7,32.7,33.2,32.9,33.2,33.6,33.5,32.5,32.3,33.2,33.3,32.1,33.2,34.4,34.1,31.8,33.9,32.7,34.0
1785303042.7110493,370,32.5,31.6,33.6,34.0,32.6,32.0,32.7,33.1,32.5,32.3,32.6,33.8,31.7,31.9,33.2,31.9,32.6,32.6,32.4,34.0,32.8,31.2,31.4,33.4,33.4,32.4,33.6,33.7,32.7,32.1,33.2,33.6,32.3,31.7,33.1,33.1,32.5,32.3,32.7,32.6,32.6,31.7,33.7,32.3,31.2,31.6,32.6,33.8,32.1,31.5,33.2,33.3,33.4,31.8,33.4,32.3,32.0,32.3,33.0,33.1,33.0,32.0,33.4,32.9,32.6,33.8,31.7,33.1,32.3,31.6,33.1,33.8,33.0,31.8,32.4,32.8,32.1,32.7,32.7,33.4,32.1,32.2,32.3,32.9,32.5,32.0,33.2,33.5,32.8,32.3,33.6,33.1,33.0,32.6,33.4,34.1,32.9,31.4,31.8,33.4,32.9,32.0,32.2,32.6,31.7,32.9,33.4,32.2,31.5,31.9,32.9,32.8,32.2,32.8,32.2,32.8,31.7,32.8,32.5,33.7,32.3,32.6,32.8,33.1,32.8,31.9,34.1,33.0,31.2,31.7,33.1,34.4,32.5,32.1,34.7,32.8,32.3,32.1,32.8,33.2,32.9,31.5,33.0,31.9,32.1,32.1,33.4,32.9,32.9,33.4,32.7,33.5,33.1,33.4,32.8,33.5,32.8,32.2,33.4,32.4,32.2,31.1,32.3,33.2,33.2,31.9,32.4,33.5,32.6,32.0,32.0,32.7,32.3,32.5,33.1,32.7,31.8,32.0,32.8,33.6,33.4,33.1,33.6,33.8,32.7,32.6,33.0,33.2,31.5,33.7,32.8,33.4,33.4,32.9,32.5,31.9,31.9,32.4,32.9,33.0,32.7,32.8,33.4,33.2,32.4,32.6,33.4,33.1,32.1,32.0,32.1,33.8,34.6,33.9,33.6,33.3,32.6,32.9,33.9,33.3,33.6,32.3,32.8,33.4,31.9,31.7,32.6,32.7,31.7,32.7,32.2,31.7,32.7,31.6,32.9,32.6,32.3,32.6,32.5,33.2,32.3,32.7,32.3,33.0,33.8,34.9,33.4,33.2,32.6,32.3,33.1,33.0,33.1,32.2,32.7,32.4,31.4,31.0,32.3,32.4,32.6,33.3,33.1,32.9,32.7,32.9,32.7,33.4,31.8,32.0,32.5,32.9,33.1,31.7,32.4,32.4,34.4,35.0,33.3,33.6,31.6,32.8,33.4,32.4,33.5,32.2,33.4,32.7,32.6,32.4,32.7,32.7,32.2,32.7,31.9,33.5,32.3,31.8,31.6,32.3,32.0,33.0,32.8,33.2,32.2,32.2,32.5,33.2,34.3,33.7,33.1,32.5,32.3,32.0,32.8,33.1,32.0,32.6,32.5,33.8,32.7,32.5,34.4,32.6,32.3,32.1,32.7,33.9,33.1,32.6,33.2,33.4,33.7,31.8,33.1,33.3,32.9,32.3,34.2,33.0,33.3,33.1,33.7,33.8,33.1,32.5,32.0,33.5,32.6,32.2,32.7,33.0,32.8,31.2,32.7,33.7,32.0,32.7,32.6,32.5,32.5,32.1,32.5,32.7,32.0,32.2,32.8,32.9,32.4,33.0,34.2,33.8,33.3,33.7,33.6,34.3,32.8,32.9,33.1,33.6,32.4,31.7,32.5,33.5,32.6,31.9,32.6,33.2,32.7,32.7,33.3,33.2,32.3,32.4,32.6,32.6,32.6,32.5,33.3,33.0,32.8,32.5,33.1,34.4,33.9,33.3,32.1,33.8,34.3,33.3,33.6,32.3,33.1,31.9,33.1,32.0,32.5,31.6,33.5,32.7,32.8,32.2,32.8,33.0,32.0,32.2,32.3,33.3,31.7,32.3,33.5,33.1,32.8,33.1,33.8,34.5,32.8,32.6,33.0,33.7,33.1,32.9,33.9,33.8,32.8,32.3,32.3,32.1,33.7,31.7,33.4,32.2,32.6,32.0,32.9,32.9,32.3,31.9,33.1,33.3,33.3,32.5,33.3,33.1,32.8,33.1,34.3,33.9,32.9,33.6,34.0,34.5,34.1,34.5,34.2,34.0,33.9,32.2,33.7,34.2,32.7,32.1,32.9,33.3,32.5,32.1,32.7,33.9,32.2,32.2,33.0,32.5,32.9,32.4,33.5,32.6,33.0,32.9,34.3,34.7,32.7,33.4,34.5,35.1,33.7,33.7,34.8,34.0,33.0,33.0,33.5,33.2,31.8,33.0,32.7,33.3,32.0,32.3,32.8,33.5,32.4,32.9,32.6,32.8,32.8,32.1,33.4,33.5,32.5,33.3,33.6,34.3,33.8,33.2,32.8,33.1,34.5,32.5,34.5,34.8,31.9,33.3,33.3,32.2,32.1,32.5,31.9,32.6,32.5,32.3,33.4,33.2,32.9,32.7,32.2,32.6,32.9,nan,32.2,32.7,33.0,32.9,34.0,34.6,33.4,33.9,33.5,34.1,33.4,33.8,34.8,33.6,31.9,32.5,32.7,34.3,32.3,32.4,32.7,32.9,32.4,32.3,33.7,32.9,32.4,32.6,33.1,33.6,32.5,32.5,33.3,33.0,33.1,34.1,35.4,34.8,34.1,33.3,34.5,34.2,33.8,34.2,35.5,34.9,32.9,33.2,33.0,32.6,32.8,31.9,33.6,33.5,31.8,32.5,33.2,33.4,32.2,32.7,32.7,33.6,32.3,32.1,33.1,33.4,34.0,34.2,34.6,34.8,32.2,33.6,34.9,34.0,33.8,34.3,34.5,36.6,32.8,32.9,32.8,32.9,32.3,32.8,32.5,33.3,32.0,32.1,33.2,32.6,33.9,32.6,33.0,33.3,33.2,32.0,34.3,33.3,33.5,33.6,34.9,33.5,32.5,33.5,33.9,33.5,33.9,33.3,34.5,34.2,34.0,32.7,34.0,33.7,31.9,32.4,33.3,33.7,32.1,33.4,32.9,32.2,32.2,32.1,33.3,33.2,32.6,31.9,34.5,32.6,33.4,34.4,33.6,34.0,33.6,33.4,33.6,33.7,32.9,33.6,34.7,35.0,32.6,33.3,33.0,34.4,32.9,32.5,33.1,33.9,31.7,32.3,32.8,33.7,33.2,33.3,32.8,34.1,33.5,31.7,33.9,33.2,32.6,33.5,34.4,34.1,32.1,32.1,33.2,32.8,33.4,33.4,34.1,34.0,33.8,33.6,33.8,34.1,32.3,32.4,33.4,33.2,32.2,31.3,32.2,32.4,32.5,33.2,32.8,33.4,33.0,32.8,34.8,33.7,33.0,33.4,33.9,33.9,32.8,32.6,33.1,33.6,33.0,33.2,34.3,35.0,32.7,33.8,32.8,34.1
1785303045.1384122,371,34.0,32.7,32.1,34.3,32.0,32.7,31.7,32.6,31.2,33.0,31.7,33.7,31.4,31.2,32.5,32.5,32.0,32.7,32.3,33.1,32.4,32.4,32.3,33.3,32.3,33.1,33.5,33.4,34.4,31.7,33.8,32.6,32.1,30.7,33.0,32.5,32.8,31.5,32.8,32.3,32.5,32.2,32.3,32.0,31.7,31.7,32.6,33.6,31.3,32.1,32.2,33.2,32.8,32.8,33.1,33.0,32.9,32.4,32.9,33.0,33.1,32.3,31.5,32.3,31.9,32.2,31.8,33.9,31.5,31.7,32.8,33.9,32.7,33.3,32.2,33.1,33.1,32.0,32.6,33.5,32.6,33.1,32.4,33.0,33.0,32.1,32.8,33.2,32.7,32.2,32.7,33.0,33.3,31.9,33.7,33.7,31.1,32.7,32.8,32.8,32.2,32.9,32.1,32.7,32.4,32.6,33.1,32.1,31.9,32.0,32.3,32.3,32.5,32.5,32.5,33.1,32.2,32.7,32.8,31.8,32.6,33.8,32.5,32.8,33.1,32.8,33.8,32.4,32.3,31.5,31.9,33.9,32.2,33.0,32.7,32.5,32.2,32.6,32.6,32.3,33.3,32.5,32.6,33.2,32.0,32.5,33.3,33.5,32.8,33.2,32.6,33.0,33.2,33.0,32.7,34.4,32.7,33.2,32.4,33.9,32.8,31.7,32.4,32.7,31.3,33.1,33.7,31.9,32.0,33.0,33.0,32.7,32.4,31.7,32.9,32.4,32.5,32.9,33.2,33.1,32.5,33.0,33.5,33.2,33.0,33.4,33.3,33.1,31.8,32.4,33.6,33.3,32.1,33.2,32.2,33.3,31.6,32.0,32.4,33.5,32.1,32.2,32.3,33.3,32.7,33.1,32.8,32.4,32.9,32.2,33.0,33.9,33.9,33.5,31.6,33.4,32.7,32.7,33.3,33.4,32.4,32.0,32.5,32.8,33.3,32.6,31.9,33.2,32.0,32.6,33.0,32.0,32.7,32.2,32.3,32.6,32.4,31.8,32.6,32.1,32.3,31.8,33.9,34.5,34.6,34.5,32.9,32.9,32.2,33.1,33.4,32.7,32.8,32.5,33.8,32.0,32.0,32.6,33.0,33.9,32.2,32.3,33.5,33.9,33.2,32.1,32.3,33.2,32.1,32.2,32.4,33.8,32.7,32.7,33.3,35.1,35.2,34.0,33.2,33.4,31.8,32.4,32.1,33.0,32.2,32.9,32.5,32.6,31.9,31.9,33.2,33.0,31.3,32.4,33.0,32.7,32.9,32.0,32.5,32.9,32.1,33.4,33.2,32.8,31.9,32.6,33.4,34.4,34.5,34.2,33.5,32.6,32.2,32.1,32.2,33.0,32.8,32.2,33.2,33.3,32.2,32.8,32.9,32.7,32.4,32.2,32.4,33.4,32.4,32.5,32.3,32.6,32.2,32.1,32.5,32.6,33.0,32.6,32.9,33.9,33.5,33.4,33.7,33.4,32.1,33.1,32.6,32.6,32.5,31.2,33.2,32.9,32.5,31.7,32.4,33.2,32.5,32.5,32.2,32.5,33.1,32.4,34.2,32.6,32.8,32.5,32.7,32.8,32.2,32.5,33.5,33.6,33.4,33.3,33.7,34.9,32.6,33.8,32.5,32.8,32.9,32.6,33.8,32.2,31.8,33.1,31.9,33.9,32.6,32.6,32.5,32.6,32.2,32.2,33.0,33.2,33.2,32.3,32.4,33.4,33.4,33.4,33.3,33.9,33.4,32.8,34.0,33.7,33.9,32.8,33.7,33.3,32.5,32.7,32.0,33.7,33.0,32.1,33.0,32.6,31.6,32.5,33.2,31.7,32.6,32.3,33.2,32.8,32.5,32.5,32.8,33.3,33.3,33.6,33.8,33.4,33.1,33.8,33.6,33.3,33.6,33.5,33.6,31.7,32.3,32.6,32.4,33.2,32.7,33.1,32.1,34.1,32.3,33.0,33.9,33.7,31.9,32.9,32.9,32.9,33.2,33.0,32.7,33.2,32.8,34.0,33.7,34.2,33.4,33.2,32.7,34.6,33.7,33.8,33.2,33.1,32.5,32.2,34.2,33.7,31.8,31.6,33.0,32.9,33.1,32.2,32.9,32.8,32.8,31.9,31.8,33.1,32.2,32.8,32.8,32.4,32.5,33.5,33.7,34.6,33.4,33.2,33.6,33.5,33.1,33.1,32.9,34.2,32.4,32.6,34.2,32.9,31.7,31.8,32.8,33.7,32.8,30.9,33.6,32.8,33.2,32.7,32.9,33.6,32.7,31.6,32.1,33.2,33.5,33.9,34.3,33.6,33.9,33.4,34.1,34.6,33.4,34.6,33.0,32.0,32.9,32.7,34.0,33.1,32.0,31.7,33.0,32.3,33.1,32.2,33.3,31.9,32.4,32.5,32.3,33.0,32.7,nan,32.3,32.3,34.3,33.2,34.2,35.1,33.1,33.7,33.7,34.0,33.8,34.4,32.6,33.0,32.6,32.4,33.7,32.8,32.8,31.8,33.0,33.6,31.7,32.1,33.0,33.9,32.9,32.3,32.5,33.6,32.6,32.1,31.8,33.4,33.7,35.0,33.9,34.6,33.2,33.4,33.7,34.5,35.7,34.3,34.0,33.7,33.0,33.1,33.5,34.6,33.6,32.0,33.5,32.5,32.8,31.3,33.3,32.6,32.3,32.3,32.8,32.6,32.2,32.2,33.2,33.3,33.8,35.1,35.0,34.7,33.0,33.7,34.4,34.2,34.7,34.4,34.0,33.7,32.7,32.4,33.5,33.2,33.5,33.5,32.2,34.0,33.1,32.8,32.0,32.7,32.9,32.3,32.6,34.1,33.6,32.6,33.1,33.8,34.6,35.4,33.9,34.0,34.3,33.6,32.6,34.0,33.8,35.1,34.0,34.1,34.1,32.9,33.6,33.1,33.2,33.3,33.0,32.7,33.6,32.0,32.8,33.2,33.0,32.7,33.4,33.2,32.5,33.2,33.4,33.6,34.7,34.5,34.9,33.9,33.3,32.5,33.2,32.9,33.7,33.7,34.1,34.5,32.9,33.1,32.9,34.3,31.9,33.1,33.2,34.0,33.9,32.8,32.5,34.2,32.4,32.3,33.1,33.8,32.5,32.9,33.8,34.1,33.1,33.4,33.8,34.7,32.9,33.1,33.3,33.1,33.8,33.3,34.0,34.1,33.4,33.2,33.0,33.8,32.4,32.3,32.6,32.6,33.1,31.8,32.7,32.3,32.7,32.9,33.8,33.5,33.1,32.8,32.8,33.6,33.1,33.3,33.8,33.5,32.5,32.7,32.5,33.5,32.1,34.0,35.2,35.1,33.0,33.1,33.6,33.3
1785303047.1861281,372,33.0,32.6,32.3,34.2,33.0,31.5,31.6,32.3,32.5,32.3,32.9,33.6,31.9,32.1,31.8,33.0,31.7,32.3,33.1,33.4,32.4,33.0,31.0,32.6,31.8,32.6,33.1,32.6,34.3,34.1,32.1,32.8,33.4,32.5,32.9,31.9,32.3,32.2,33.1,33.4,32.4,30.9,32.8,33.0,33.1,32.2,32.6,32.3,32.0,32.2,33.0,32.6,32.7,31.8,33.6,32.1,32.2,32.7,33.4,32.9,33.0,32.8,34.1,32.6,31.1,32.5,30.9,34.0,31.6,33.5,31.9,33.7,32.6,33.0,32.2,32.7,31.9,33.0,31.8,32.7,32.3,32.8,32.1,32.7,32.3,32.7,32.5,32.7,32.6,33.2,31.5,33.5,32.1,32.4,32.7,32.9,33.9,32.4,32.4,32.0,32.3,31.3,33.6,32.0,33.6,32.5,32.5,32.0,33.1,31.9,33.2,32.2,31.9,33.1,33.2,31.5,32.9,32.4,32.2,32.6,33.1,32.4,32.6,32.5,34.1,31.8,33.2,33.6,32.9,32.8,32.2,33.1,32.5,32.9,32.4,33.5,31.9,32.8,32.8,32.5,32.7,32.9,31.8,32.6,32.7,32.9,31.0,33.6,33.2,33.2,32.3,33.3,32.5,32.7,32.0,33.1,32.8,33.2,32.5,33.5,32.7,32.7,32.3,32.4,32.2,32.6,33.6,32.1,32.4,31.8,33.2,32.4,32.4,32.6,32.9,31.8,32.4,31.9,33.3,33.1,31.9,32.4,33.1,32.8,33.6,32.4,33.6,32.6,32.9,33.1,33.0,32.5,31.1,32.4,30.6,32.7,32.0,32.2,32.5,32.8,32.5,33.5,32.0,32.9,32.2,32.9,31.9,32.4,32.6,32.9,32.5,33.0,32.9,33.7,32.4,34.5,33.8,33.8,33.2,33.5,32.5,33.5,32.2,33.8,32.1,32.1,32.8,31.8,31.9,31.7,32.5,32.6,32.6,33.2,32.7,32.5,32.6,32.1,33.1,32.3,32.2,32.2,32.8,32.0,33.6,32.0,33.1,34.0,35.3,33.7,32.7,33.4,32.9,33.1,33.9,32.6,32.7,33.4,32.1,32.4,32.1,32.2,32.7,33.2,32.7,32.3,31.9,33.9,32.1,33.6,32.3,32.9,32.3,32.8,31.6,33.4,31.9,32.5,32.3,34.0,35.0,33.8,32.0,33.8,32.3,32.4,32.6,33.7,32.8,31.7,32.9,33.1,33.8,31.0,32.9,32.2,31.6,32.3,32.6,33.1,33.1,32.0,32.6,33.3,32.9,32.7,32.3,32.7,32.5,32.5,33.3,33.9,33.3,33.0,33.3,33.9,32.9,32.4,32.5,33.0,31.2,31.5,31.4,33.3,31.9,33.6,31.6,33.4,32.1,33.6,31.2,32.5,32.4,33.1,32.3,32.8,33.1,33.3,32.1,32.8,32.3,31.8,32.7,33.3,33.0,34.0,33.6,33.9,33.5,33.1,32.9,32.2,32.4,32.6,33.7,32.7,33.4,32.2,33.5,31.9,32.7,32.1,33.9,32.5,33.3,33.6,33.1,33.2,33.5,32.0,33.8,32.0,32.4,34.5,33.9,33.8,33.1,33.5,33.7,32.7,33.3,32.8,32.3,33.0,31.9,33.4,32.2,33.2,32.5,32.8,32.7,32.7,32.1,31.9,32.1,32.9,31.8,32.9,32.1,32.5,33.1,32.3,32.3,33.1,33.3,32.0,32.8,34.3,34.1,32.5,33.6,34.1,33.6,33.1,32.1,34.0,32.4,32.2,33.1,33.5,33.3,32.7,33.0,32.3,32.5,32.3,34.3,32.5,33.2,32.2,32.5,32.4,32.7,32.2,32.7,32.7,34.1,33.0,34.2,33.4,33.8,33.4,33.1,34.6,34.0,32.5,32.3,33.1,32.0,32.1,32.0,31.5,32.0,32.3,31.3,33.6,32.1,33.4,32.3,32.6,32.5,33.1,32.5,33.0,32.2,32.6,32.3,33.3,32.9,33.3,33.6,34.0,32.9,34.5,33.8,34.7,33.1,33.7,33.3,33.6,33.0,32.9,33.1,32.4,32.8,32.8,33.0,33.2,32.2,32.1,33.2,32.9,32.9,32.2,32.5,32.6,32.9,33.0,32.6,32.6,33.5,33.2,34.0,33.9,34.0,33.5,33.7,33.9,33.3,34.1,33.5,33.3,32.6,32.6,31.8,34.2,32.0,31.8,32.4,33.1,32.6,33.1,31.6,33.1,32.6,33.1,32.4,32.5,32.8,33.0,32.0,33.0,33.3,34.1,34.3,34.0,33.6,33.7,33.6,33.6,32.9,33.5,33.3,33.0,33.4,31.8,32.1,32.4,33.0,32.4,33.4,31.9,32.9,33.2,32.8,33.2,32.2,nan,32.7,31.9,33.0,32.7,33.8,32.9,34.5,34.2,34.7,34.3,31.7,32.7,34.1,33.8,35.2,34.9,32.9,32.7,33.3,33.0,30.8,33.7,32.6,33.4,31.8,34.0,31.7,33.1,31.7,32.3,31.8,33.0,32.1,32.5,32.5,32.5,32.3,33.5,33.6,34.5,34.3,34.0,33.5,33.9,33.5,33.8,34.6,35.1,32.9,34.5,33.0,32.5,33.8,32.2,33.6,32.3,33.0,33.8,33.2,32.7,32.6,33.0,32.8,32.3,33.2,33.5,33.2,33.1,33.7,32.6,34.0,33.7,34.4,33.6,34.5,33.7,34.7,34.2,33.9,34.4,34.9,32.7,33.9,32.8,31.8,33.7,32.6,33.2,31.8,32.9,31.9,32.4,32.3,34.4,32.6,33.7,32.3,33.2,33.5,33.3,32.4,33.5,33.3,34.7,33.0,35.1,33.5,33.7,33.3,34.0,33.0,34.1,32.4,34.9,33.1,32.8,33.7,31.8,33.5,33.2,32.6,33.3,32.5,31.5,33.3,32.9,33.8,32.6,33.6,32.3,33.2,32.8,32.2,32.6,33.6,32.7,33.8,33.3,33.6,32.5,33.2,32.9,33.0,33.8,34.7,33.7,32.5,32.8,31.8,33.7,32.9,33.5,31.6,33.1,30.8,33.2,32.4,32.6,32.3,32.8,32.1,33.2,32.8,33.0,32.6,34.1,34.4,33.9,33.2,33.7,32.6,33.2,35.3,33.4,33.1,34.2,33.8,34.1,31.8,32.6,33.2,33.4,32.6,31.9,32.8,33.2,32.8,33.3,33.0,33.5,32.5,31.8,33.9,32.3,32.8,32.1,32.8,32.7,33.5,34.0,33.5,34.5,33.2,33.0,33.9,34.0,33.5,33.8,34.8,35.0
1785303049.4393618,373,32.5,32.9,33.0,31.8,32.2,32.2,31.1,31.7,31.9,32.3,31.6,32.0,31.5,31.3,31.7,32.6,32.2,32.1,33.0,32.7,32.1,32.7,32.6,32.4,33.8,32.6,32.5,33.7,33.9,32.3,32.7,33.3,32.8,32.2,32.4,30.9,32.7,33.3,31.2,32.2,32.8,31.5,31.5,32.8,30.7,32.4,32.1,31.8,32.5,32.9,32.5,31.8,32.8,31.8,32.3,33.5,33.2,33.3,32.1,32.5,34.1,31.3,33.4,32.2,32.8,33.5,31.9,32.9,32.9,32.1,31.3,32.2,32.0,32.0,31.9,32.1,33.0,32.5,31.9,32.5,33.0,33.5,31.4,32.0,32.9,32.7,32.3,31.8,32.6,32.3,31.8,32.9,32.8,32.4,31.8,32.2,33.2,32.6,31.3,32.5,32.5,33.6,32.0,30.8,32.6,32.0,32.5,31.4,32.5,32.0,32.0,32.6,32.9,33.1,31.9,31.6,32.9,32.6,32.5,31.9,33.1,32.8,31.6,32.5,33.7,32.7,31.4,33.2,33.6,32.6,32.4,33.3,32.7,31.9,32.0,32.4,32.3,32.6,32.5,32.7,32.5,32.6,32.3,32.1,32.0,32.7,32.3,31.7,32.6,32.6,32.1,31.5,33.4,31.8,33.0,33.1,33.4,33.7,33.0,32.7,33.4,32.7,31.8,32.2,32.0,32.8,31.5,32.1,32.6,32.2,32.0,31.9,32.7,32.3,32.9,32.1,32.3,32.5,31.1,32.8,32.4,32.9,32.0,32.6,33.3,33.8,32.7,33.0,32.5,33.3,31.7,33.4,33.1,32.6,32.7,31.9,33.4,32.8,32.3,31.8,33.7,32.3,31.1,32.9,32.7,33.0,32.6,32.3,32.9,32.6,32.4,32.0,33.4,32.3,32.6,33.6,34.1,34.1,32.1,31.8,33.4,32.5,33.0,32.3,32.6,32.5,31.3,32.2,31.7,31.6,32.0,32.2,32.2,32.2,32.7,32.0,32.8,32.8,32.5,32.8,32.8,31.9,32.2,31.9,32.8,33.1,32.9,33.5,34.8,34.2,33.3,32.6,33.3,33.0,32.7,31.9,32.1,33.2,32.3,31.8,32.3,31.7,31.8,32.7,32.6,32.0,31.9,32.6,32.6,33.6,31.3,32.4,32.3,32.8,31.6,32.6,32.4,32.3,32.6,33.3,34.2,33.6,32.3,32.2,33.4,32.8,31.8,33.5,33.1,32.2,32.0,32.1,32.2,32.7,31.5,32.6,33.3,31.8,31.9,32.1,32.5,32.5,31.8,32.8,32.2,33.8,32.6,32.5,31.9,32.5,32.8,32.4,34.4,34.0,32.6,32.9,32.9,32.6,31.9,33.0,32.3,31.9,31.6,32.4,33.0,32.5,32.5,33.4,32.7,32.9,32.7,32.0,33.7,32.9,32.3,32.8,34.0,33.4,32.0,32.3,32.8,33.7,32.7,33.3,33.7,34.5,33.1,32.7,32.6,32.2,33.1,32.6,32.0,33.2,31.9,32.1,32.7,33.4,31.9,32.6,32.8,31.8,31.8,33.0,32.5,33.0,32.3,32.2,33.1,32.5,31.4,32.4,32.7,32.9,32.8,33.3,33.8,34.0,33.1,33.2,34.0,33.0,32.7,33.1,33.0,33.4,31.6,32.0,32.4,32.8,33.4,31.8,32.6,32.6,31.6,32.1,32.9,31.7,32.5,32.3,33.4,32.9,32.4,32.7,33.3,33.9,33.1,33.0,33.3,32.5,33.3,33.2,34.7,34.1,32.3,33.0,33.1,32.9,31.5,30.8,32.4,33.1,31.2,31.6,32.3,32.3,32.3,32.0,32.4,32.6,32.0,31.6,32.2,32.7,32.9,32.6,33.3,32.9,33.5,32.9,33.6,33.9,33.7,32.9,33.7,33.2,32.3,32.5,32.6,33.6,32.2,32.8,32.4,32.7,32.4,32.2,32.9,32.8,32.0,32.1,32.1,33.1,32.5,31.4,32.3,32.3,32.5,32.2,33.6,33.4,33.0,33.3,34.1,34.0,33.3,33.3,34.4,34.6,32.9,32.8,33.2,33.4,33.1,32.0,32.1,33.0,32.7,32.8,32.0,32.8,32.2,32.9,32.7,32.3,32.5,32.3,32.9,33.2,32.8,32.8,33.7,32.7,32.5,33.6,34.0,34.1,34.2,33.6,34.8,34.7,32.5,33.2,33.9,32.3,32.1,32.1,32.7,32.5,31.9,32.4,32.4,33.1,31.1,33.1,32.4,32.0,32.5,32.7,32.6,33.4,32.0,32.7,33.3,34.0,33.3,33.3,33.1,34.0,33.1,33.6,35.2,33.0,32.5,32.8,32.6,32.7,32.1,32.6,33.2,33.0,32.6,32.7,32.3,32.9,31.8,32.4,32.4,nan,31.7,32.6,33.3,32.4,31.9,32.1,33.7,35.0,33.5,32.9,32.4,33.4,33.6,33.3,35.1,34.7,33.4,32.7,33.3,32.8,32.1,31.7,32.9,33.1,32.0,32.9,33.3,33.1,32.3,32.1,32.8,32.5,31.8,33.5,33.1,32.3,32.3,33.0,34.6,34.7,33.8,33.5,33.8,34.2,33.1,33.8,35.9,33.5,33.6,34.1,32.0,33.0,32.6,32.6,32.5,32.3,33.2,32.7,32.9,32.6,32.4,32.5,32.9,31.8,32.7,32.6,33.4,33.3,32.6,33.3,35.0,33.9,33.7,33.8,34.3,34.5,33.2,33.6,34.7,34.2,32.8,32.3,33.9,33.2,32.9,33.1,32.2,33.2,32.0,32.9,32.6,33.1,31.8,32.4,33.8,32.5,31.8,33.0,33.2,33.6,34.3,32.5,34.0,35.0,33.2,33.7,33.5,32.6,31.8,32.8,34.0,34.9,34.8,34.1,33.5,32.1,33.5,32.8,32.5,33.1,32.0,32.8,32.9,32.0,32.6,32.4,33.3,32.6,33.6,33.0,32.1,32.3,32.7,32.6,33.1,34.1,33.4,33.5,33.0,34.3,32.6,33.3,33.6,34.0,33.4,34.4,32.9,33.2,31.8,32.6,32.5,32.9,32.2,33.3,32.4,33.0,32.1,32.8,32.4,33.5,32.1,32.3,33.3,33.8,32.8,33.0,33.5,33.9,33.0,33.2,33.6,32.2,31.3,32.4,33.8,33.6,33.2,33.2,33.2,33.3,32.5,32.5,33.4,32.1,31.2,32.2,31.5,31.9,32.8,32.8,32.1,32.8,32.8,32.6,32.3,32.5,31.5,33.7,33.1,34.2,33.0,32.8,32.8,33.9,33.1,33.2,33.7,34.2,32.8,33.9
1785303051.3807573,374,32.8,32.9,31.0,32.8,32.6,31.7,32.7,32.7,32.9,32.5,32.0,32.4,32.2,33.2,32.8,32.8,31.5,31.9,32.2,32.5,33.0,32.5,32.2,32.6,32.0,32.4,32.9,32.4,32.7,32.3,32.6,32.3,33.6,33.3,33.8,33.3,33.4,31.4,31.4,31.7,32.0,32.6,32.8,32.4,31.8,32.0,33.0,32.3,32.9,32.5,32.6,32.4,32.3,31.6,31.1,33.5,32.6,32.5,31.9,32.9,32.6,31.5,33.4,33.4,32.6,32.3,31.9,33.6,31.8,32.1,32.1,31.2,32.2,31.7,31.3,32.8,31.9,31.9,31.6,32.3,32.0,33.0,32.6,33.0,32.1,32.5,33.4,32.5,32.2,33.2,32.8,32.9,34.2,32.7,32.9,32.7,32.2,32.8,32.7,33.1,32.3,32.8,31.4,33.0,32.3,32.9,32.1,32.1,31.3,32.4,32.2,32.8,32.1,32.6,31.9,32.6,32.2,31.9,33.8,32.8,32.7,32.4,32.4,32.9,33.7,33.1,32.5,32.9,32.9,31.7,32.6,33.3,32.3,32.5,32.4,32.4,32.5,31.4,32.6,32.0,33.0,31.5,32.2,32.7,32.9,32.6,32.2,32.8,32.0,32.2,32.5,32.9,32.9,33.3,33.2,33.9,32.8,33.5,32.7,33.3,32.5,32.0,32.5,32.8,32.6,32.6,33.2,32.1,32.6,32.9,33.6,31.9,31.9,33.6,32.1,32.5,32.6,32.4,32.6,32.5,32.4,32.1,32.7,33.8,33.6,33.1,32.8,33.3,31.9,32.5,33.0,32.3,33.1,33.1,33.1,32.3,32.2,31.7,32.1,32.5,32.3,33.0,31.8,33.0,32.7,31.9,32.3,32.6,32.9,32.5,32.4,33.3,33.1,32.4,33.9,33.1,33.6,33.8,32.7,32.5,32.5,33.1,32.8,33.8,32.8,32.3,33.0,32.2,31.9,32.7,32.9,31.5,33.4,32.6,32.2,32.6,32.3,32.8,32.6,32.3,32.3,31.5,32.8,33.2,33.3,31.8,33.3,34.7,33.6,34.2,33.4,32.5,32.7,32.6,32.9,34.2,32.1,32.5,31.7,33.4,31.9,32.4,32.3,32.4,32.9,32.0,32.5,32.6,32.4,32.6,31.8,32.8,32.3,31.8,32.7,32.9,32.8,32.9,32.9,33.5,33.9,33.0,32.7,32.9,32.9,32.9,33.4,32.9,33.1,31.5,32.9,32.1,33.1,32.3,33.5,32.4,34.0,32.8,32.8,33.6,32.6,32.5,32.5,33.2,33.1,32.2,32.5,32.7,32.8,32.9,32.6,34.0,33.6,33.2,33.3,32.5,33.5,33.3,32.3,32.6,32.5,33.2,31.6,32.2,31.9,32.5,32.1,33.3,32.4,31.9,32.2,32.8,31.5,32.9,31.6,33.1,32.8,32.6,33.1,32.5,32.2,33.1,32.9,33.3,32.2,33.1,34.5,32.8,33.1,33.0,32.5,32.2,33.1,32.6,33.3,32.9,32.9,32.7,32.2,32.8,32.5,32.8,32.5,32.2,32.7,32.5,32.8,32.4,32.7,32.5,32.0,32.4,32.7,33.2,34.3,33.5,32.6,33.4,34.2,32.7,34.4,32.5,33.1,33.4,31.9,33.2,32.2,32.2,32.0,33.6,31.7,33.6,32.9,31.4,32.2,33.1,32.6,32.9,32.5,32.6,32.3,32.9,32.8,32.5,33.1,32.7,33.6,33.3,33.6,32.8,33.6,33.9,34.0,33.7,32.9,33.8,33.9,33.0,32.3,31.1,33.5,32.6,32.3,32.6,32.5,31.8,32.6,32.5,32.2,31.8,32.5,33.1,33.3,31.8,32.4,32.4,33.3,34.0,33.8,33.1,34.0,33.7,32.6,33.2,33.7,33.5,33.3,32.9,32.8,33.2,32.2,33.6,32.4,32.5,33.1,33.1,33.4,32.3,32.1,32.5,32.1,32.6,32.3,33.0,33.1,32.3,32.3,32.7,33.7,33.6,33.6,33.8,33.8,33.8,32.9,34.2,33.8,33.5,33.3,34.4,32.3,33.5,33.5,32.9,32.1,31.5,33.5,32.5,32.7,32.2,32.5,31.9,33.0,32.7,33.5,32.6,33.7,33.0,33.1,32.6,33.3,32.7,33.2,33.4,33.2,33.4,33.3,34.3,34.2,33.4,33.3,33.1,33.7,33.2,32.3,32.5,32.5,32.7,32.6,32.7,32.9,32.1,32.8,32.3,31.8,32.1,32.0,32.7,32.8,33.3,32.6,33.0,33.8,34.3,33.5,33.8,34.1,33.5,33.6,33.4,34.2,34.8,33.7,33.4,32.2,32.7,31.7,32.0,32.8,32.6,32.8,32.5,33.0,33.0,31.7,32.4,32.7,nan,32.2,32.1,33.2,33.1,32.5,33.6,33.2,34.4,33.2,34.3,34.1,33.2,33.7,33.3,34.9,33.6,34.2,33.3,34.0,32.1,32.7,32.7,32.4,32.5,31.8,32.9,31.7,32.4,32.3,33.0,32.7,32.1,32.5,32.2,33.1,32.3,32.8,32.8,34.3,34.3,33.3,34.4,34.0,33.7,33.5,34.1,34.0,35.4,33.8,33.9,33.0,33.2,33.6,33.0,32.7,33.2,33.5,33.2,33.2,32.2,32.9,33.0,33.1,32.1,32.9,33.6,32.1,31.4,33.1,33.3,34.5,34.6,34.3,33.4,33.8,34.3,33.6,34.4,34.7,34.2,32.8,33.9,33.2,33.0,32.9,32.6,30.6,33.4,32.0,32.2,31.4,32.4,32.8,33.1,33.3,33.5,32.6,33.2,32.0,32.5,33.3,33.2,34.2,34.5,34.0,33.7,33.0,33.9,33.5,34.2,34.3,34.1,33.3,33.7,32.4,33.2,32.5,33.0,32.3,33.2,32.9,32.7,32.2,32.9,32.8,32.5,32.2,32.9,32.8,33.3,32.2,32.6,32.9,33.5,33.6,33.4,34.0,32.9,32.9,33.1,32.5,32.9,33.4,33.6,33.6,33.1,32.9,32.5,32.7,33.3,32.3,32.5,31.4,33.3,32.2,32.2,31.9,33.5,31.4,33.1,32.4,32.8,33.5,32.8,32.2,32.3,33.5,32.8,33.3,33.2,33.4,33.2,32.3,33.4,33.7,34.2,34.5,34.1,33.5,32.6,32.7,32.7,33.4,31.7,33.2,33.2,31.7,33.3,33.2,32.1,32.6,32.8,32.3,33.1,33.8,32.1,33.3,33.4,33.8,33.1,32.8,32.6,32.4,32.6,31.9,33.2,33.7,34.4,34.4,34.8
1785303053.6254656,375,33.3,32.1,32.0,32.5,32.6,31.5,32.2,32.7,33.1,32.4,32.0,32.8,30.5,32.8,32.0,32.6,32.1,32.8,32.4,33.0,33.0,33.0,31.6,32.6,33.0,32.2,32.7,32.4,32.5,33.2,33.1,33.0,32.3,33.0,32.6,31.2,32.7,32.0,32.9,32.3,32.6,32.6,33.0,32.4,32.3,32.5,32.6,32.3,32.5,32.3,32.6,31.3,32.3,32.0,33.0,32.7,32.1,32.7,32.4,33.5,33.7,32.2,32.9,33.6,32.8,32.1,31.9,33.1,32.7,32.7,31.7,32.6,32.8,32.6,31.7,33.0,32.8,32.3,31.1,32.5,31.8,32.5,32.6,33.2,32.0,33.1,32.8,32.2,33.0,33.2,32.8,33.5,33.4,32.7,32.7,33.4,32.0,32.1,32.2,33.4,31.7,31.5,32.8,32.6,31.5,33.4,32.5,31.8,31.8,32.2,32.7,31.5,32.6,32.1,32.7,32.1,31.9,32.7,33.6,31.8,32.7,33.3,32.4,33.3,32.6,32.9,34.1,32.7,32.4,32.4,31.8,32.5,31.3,32.5,31.6,32.4,32.4,32.5,32.4,33.0,32.2,32.2,31.0,32.2,32.7,32.3,32.2,31.9,31.9,32.6,32.3,34.0,33.4,33.3,32.8,33.5,33.4,32.8,33.0,34.0,31.3,32.2,34.4,32.1,31.8,32.8,32.6,32.3,31.9,32.0,33.4,31.7,31.9,32.3,33.4,33.0,32.3,32.6,32.8,32.6,32.1,32.4,32.5,33.1,33.4,32.7,32.9,32.0,32.1,32.9,32.8,33.2,33.1,32.9,31.5,32.1,32.6,32.2,32.8,32.5,33.5,32.7,32.0,31.7,32.7,32.6,31.9,31.9,32.6,31.8,32.2,32.6,32.6,32.9,33.4,33.8,34.4,34.0,33.4,33.1,34.2,33.5,32.2,33.0,32.3,33.2,32.2,31.0,32.1,32.3,33.4,31.1,32.7,31.9,32.4,33.0,31.5,32.9,33.0,33.1,32.3,33.3,32.6,33.2,32.5,32.6,33.8,34.0,35.2,34.0,33.8,33.5,32.3,32.8,33.5,32.4,32.3,31.5,31.9,32.8,32.2,32.2,32.3,33.9,33.1,32.9,33.2,33.6,31.8,32.1,31.6,32.4,32.1,32.2,31.6,33.4,32.4,32.9,33.1,34.3,34.4,34.0,32.3,33.3,33.3,32.8,32.6,32.7,33.3,32.6,32.5,31.7,32.0,31.4,32.6,33.1,32.8,32.6,33.6,33.3,33.0,32.8,32.6,32.3,32.6,33.1,33.4,32.0,32.7,31.9,33.5,33.5,33.3,34.0,34.0,33.7,33.8,33.7,33.3,32.0,32.9,31.7,32.4,32.8,33.7,32.5,31.6,32.6,32.1,32.9,32.5,32.6,32.1,33.1,32.6,32.3,32.1,32.8,32.4,32.8,31.8,33.3,32.7,33.5,33.4,33.8,32.7,33.4,33.1,33.3,31.9,32.6,32.8,31.6,32.7,32.3,32.5,32.0,32.9,32.3,32.0,32.6,32.5,32.3,32.0,32.2,32.6,32.5,32.4,32.5,32.5,31.9,32.8,32.9,34.3,33.0,33.0,33.7,34.0,33.6,32.4,31.9,32.1,32.0,32.4,32.6,32.4,34.0,33.1,31.9,32.0,33.2,32.4,32.4,32.2,32.8,32.6,33.3,32.3,32.5,32.6,32.6,32.3,33.5,32.8,33.3,33.8,33.1,34.4,32.5,33.8,33.9,34.0,32.4,32.7,34.2,33.3,32.4,33.1,31.9,32.4,33.1,32.6,32.3,33.0,32.3,32.8,32.5,31.9,32.4,32.8,31.6,32.0,32.7,33.2,32.1,32.8,34.6,34.7,33.5,33.0,33.7,35.1,34.3,33.1,33.2,31.9,33.1,32.8,33.2,32.4,33.0,33.5,33.2,31.8,32.7,32.6,32.4,32.8,33.6,33.1,31.8,32.9,32.7,32.8,32.5,32.3,32.8,33.3,33.4,33.5,33.8,33.3,34.2,32.9,34.0,34.6,34.1,33.1,33.0,33.0,33.1,33.9,32.6,32.9,33.5,32.8,32.3,32.5,32.0,33.2,32.5,33.0,33.2,32.9,32.6,32.2,33.0,32.8,33.4,33.3,33.1,34.7,33.9,33.5,33.7,33.7,33.8,34.2,34.3,34.3,33.5,33.0,32.6,32.6,33.3,33.4,32.5,33.1,32.9,33.6,32.2,33.1,32.8,33.1,32.5,32.1,33.1,32.3,32.8,32.8,33.3,33.3,34.0,33.1,34.3,34.0,34.2,32.7,33.9,33.7,33.5,32.5,33.6,33.6,32.0,32.1,32.2,33.4,32.8,33.0,31.6,32.3,32.0,32.0,31.7,32.3,nan,32.9,32.4,33.2,32.3,32.7,33.4,32.5,34.7,34.4,33.6,34.1,33.6,34.4,33.8,35.2,34.1,34.2,33.5,33.8,31.3,32.5,33.5,32.0,32.9,31.4,33.1,32.4,32.6,32.9,32.8,32.7,31.6,32.0,33.2,33.0,31.8,31.8,32.7,34.3,34.5,32.9,33.8,33.7,34.2,33.5,33.8,35.0,34.9,33.6,33.7,32.4,33.0,32.8,33.0,32.9,33.2,33.4,32.0,33.2,33.1,32.7,33.0,32.3,32.7,33.1,32.6,32.3,32.4,34.1,32.3,34.4,35.4,34.4,34.1,33.6,33.6,33.8,35.3,34.7,34.2,33.7,33.7,32.7,33.2,31.8,34.3,32.9,33.3,32.4,33.3,31.9,32.2,32.8,32.8,32.1,33.0,32.4,33.3,32.2,32.8,32.9,33.3,33.8,33.9,34.0,34.1,32.4,33.5,33.5,34.4,34.7,34.5,32.7,34.5,32.9,32.8,32.9,33.0,33.3,33.0,33.1,32.6,32.5,32.6,32.8,32.9,32.8,32.4,32.9,33.0,33.8,32.4,33.4,33.0,33.2,32.9,34.5,33.6,32.5,34.5,32.8,32.9,34.2,34.0,35.3,34.0,33.4,32.3,33.5,32.6,31.7,32.1,32.4,33.1,33.0,32.4,32.6,33.0,32.6,32.4,32.6,33.5,32.4,32.8,32.6,34.1,34.2,33.4,33.0,33.3,33.7,33.0,32.7,34.2,33.1,33.8,33.8,35.3,32.8,32.6,32.9,32.9,33.0,33.3,33.2,32.4,32.8,32.6,33.4,32.5,33.2,32.3,33.2,32.3,32.8,33.0,32.6,32.7,33.5,33.7,33.7,33.7,32.8,32.6,32.9,32.8,33.7,33.4,34.0,34.3
1785303055.726449,376,32.6,32.4,32.9,33.2,32.5,31.7,32.5,32.3,33.2,32.7,32.5,31.8,32.7,31.7,32.7,32.4,33.4,31.1,32.9,32.5,32.9,32.3,32.5,32.2,32.9,32.4,33.0,32.1,33.5,32.1,33.5,31.8,30.4,32.3,33.6,34.4,31.1,32.6,31.9,32.9,32.2,32.5,32.8,32.3,31.6,33.5,32.3,33.2,32.8,33.0,32.8,32.8,32.6,32.6,33.0,32.6,32.0,33.6,31.9,32.8,32.8,33.2,33.1,33.5,32.7,31.6,32.5,34.0,33.8,32.1,32.6,32.0,32.8,32.2,32.9,32.6,32.4,31.6,32.4,32.7,32.7,32.3,32.9,32.7,32.8,32.2,32.9,32.9,32.7,32.5,32.9,32.8,33.3,32.4,33.0,32.9,33.4,33.4,32.0,32.8,33.1,32.5,31.8,31.9,32.3,32.0,32.7,32.1,32.5,33.0,32.3,32.8,32.9,32.7,32.7,32.7,32.2,32.5,32.7,32.1,33.4,33.6,33.4,33.6,32.6,32.6,31.4,32.8,33.0,31.9,32.3,32.9,33.0,32.3,32.8,32.4,32.4,32.1,32.5,32.9,33.3,31.7,32.3,32.5,32.8,32.9,32.8,31.7,32.5,32.6,32.8,33.4,33.9,32.5,32.1,33.1,32.5,32.8,32.4,33.3,32.0,33.0,32.5,32.5,31.4,33.9,33.2,32.8,32.2,32.3,33.1,32.8,32.6,32.4,32.7,33.1,32.6,33.2,31.6,32.2,32.4,33.5,34.3,33.9,32.4,33.4,33.6,33.4,32.3,33.6,32.1,32.4,33.4,32.6,33.0,32.5,32.7,32.4,32.9,32.5,32.4,32.1,32.6,32.9,32.5,32.1,32.2,32.4,33.0,32.0,33.1,33.3,32.7,31.8,33.6,33.6,34.4,33.3,34.0,32.5,33.5,32.1,33.5,33.6,32.5,33.1,32.8,32.5,32.3,32.0,33.1,32.8,32.6,33.5,32.9,32.9,32.0,33.2,32.9,32.4,31.7,32.1,32.5,32.4,33.0,32.6,33.9,33.6,35.0,34.1,33.2,34.0,31.8,33.2,32.2,33.3,32.6,32.7,32.6,32.7,32.7,32.0,32.4,32.3,33.3,33.0,32.1,32.5,32.7,32.3,33.0,32.3,32.4,33.6,32.8,32.9,33.2,32.3,33.5,34.3,34.1,33.3,33.1,33.1,33.2,32.4,33.1,32.9,32.6,31.6,32.4,32.6,32.1,32.4,32.0,33.0,32.0,33.2,31.6,33.1,33.1,32.6,33.2,32.6,32.5,33.2,32.1,33.4,32.6,32.3,32.6,34.0,33.3,33.3,33.5,34.2,33.1,32.9,32.1,33.5,32.2,32.9,32.9,33.1,33.1,33.2,32.6,33.1,32.3,32.1,33.0,33.3,32.5,32.3,32.8,33.4,32.1,32.1,33.5,32.6,32.4,33.1,33.7,33.8,33.1,32.6,34.4,32.8,33.4,33.3,33.3,32.4,31.8,32.7,33.5,32.6,32.7,33.0,32.4,32.7,32.0,32.9,32.5,32.4,32.7,32.6,32.0,32.8,32.8,32.9,32.3,32.3,32.8,34.2,33.6,33.8,34.4,33.8,33.0,33.7,33.7,33.5,32.9,33.3,32.5,32.1,32.1,33.6,32.1,31.7,32.6,33.2,33.0,32.2,31.8,33.2,32.1,31.8,32.9,32.8,33.0,31.8,32.5,32.8,33.7,34.1,33.4,33.1,33.7,32.0,34.4,32.8,33.9,33.7,32.9,34.0,32.0,32.7,32.1,33.4,33.3,33.2,32.4,33.4,32.3,33.1,32.6,32.8,32.0,32.8,32.0,32.8,33.3,33.3,32.8,33.0,33.3,33.6,34.5,33.0,34.0,34.1,33.7,34.4,33.7,34.0,32.9,33.9,33.1,32.8,32.9,33.0,33.2,31.8,33.3,33.2,32.3,32.6,32.5,32.0,33.2,32.1,33.0,31.8,32.7,32.1,33.4,33.3,33.2,33.3,34.4,33.8,33.7,33.5,34.4,34.0,34.5,33.5,33.5,32.6,32.3,33.8,31.8,33.2,31.6,32.9,32.5,32.6,32.0,33.2,32.3,33.0,32.5,33.6,32.7,33.3,32.1,33.5,32.8,32.7,33.0,33.6,34.2,34.7,33.8,34.5,33.7,34.6,33.5,33.1,33.1,33.8,33.4,32.1,32.9,33.4,32.1,32.1,33.0,32.9,32.7,32.7,33.2,33.3,33.3,32.3,32.7,32.8,33.0,32.6,33.2,33.3,33.8,33.8,33.1,33.8,34.2,32.8,33.5,33.9,34.9,34.1,33.8,33.6,32.6,33.0,32.7,33.0,32.5,32.9,32.3,32.9,32.7,32.6,33.2,33.3,32.6,nan,32.4,33.6,32.9,33.0,32.8,32.7,33.8,34.0,34.2,34.2,33.4,34.9,33.4,34.6,34.7,34.4,34.3,34.0,34.3,32.8,33.6,32.1,33.0,32.3,33.6,32.9,32.2,32.9,33.9,33.6,32.9,32.6,32.9,33.3,33.4,32.5,33.5,33.3,33.7,34.3,34.1,34.0,33.4,33.3,34.1,33.6,35.4,34.5,34.9,34.1,33.3,33.1,32.6,32.7,33.4,33.7,32.8,32.4,32.4,32.6,33.8,33.3,31.6,32.5,33.0,33.1,32.9,32.5,32.9,33.7,34.4,34.8,33.9,34.4,33.7,34.2,33.9,34.1,34.1,35.2,33.4,33.8,34.2,31.9,32.8,32.2,32.7,32.3,33.8,32.9,33.1,32.6,33.2,33.7,33.2,33.0,33.0,33.2,32.9,32.3,33.0,32.8,34.6,34.0,33.8,34.2,33.4,33.3,33.2,33.4,35.0,34.1,34.3,34.1,32.8,34.0,32.9,33.8,32.7,33.1,33.5,33.7,33.1,33.0,33.3,33.1,33.1,33.0,33.3,33.6,32.2,32.7,33.6,33.2,32.9,34.9,34.0,33.9,33.4,34.2,33.0,33.4,32.4,33.7,34.7,34.9,32.6,32.7,32.8,33.5,33.6,32.9,33.4,33.1,31.8,31.7,32.4,32.6,33.4,32.2,33.4,32.3,33.0,32.4,33.1,33.2,34.2,33.9,33.8,34.4,34.2,33.0,33.6,33.2,34.2,32.5,35.0,34.8,32.3,33.2,33.6,33.9,33.6,32.8,32.6,33.1,32.4,32.0,31.6,31.7,32.1,33.4,33.7,32.7,32.1,32.6,33.2,33.3,33.3,34.1,33.1,33.6,33.2,32.7,32.7,32.9,33.1,35.4,34.2,33.7
1785303058.2414582,377,33.3,31.6,33.8,33.5,33.5,31.1,32.7,31.7,32.3,31.0,32.6,32.4,32.6,31.7,32.6,33.2,32.2,31.9,33.0,32.7,33.8,31.7,31.6,32.2,32.8,32.2,32.9,32.6,33.6,33.2,34.2,32.3,33.1,32.2,32.4,31.9,32.3,32.7,32.5,32.4,33.0,32.8,31.9,33.2,33.1,32.2,32.6,32.9,32.9,32.7,32.3,33.3,32.7,32.0,33.8,32.7,33.0,32.5,34.2,33.1,33.9,33.3,32.4,34.6,32.8,33.0,33.1,33.1,32.1,31.9,32.9,33.0,32.8,32.6,32.4,32.7,33.0,32.8,32.1,32.0,32.8,33.0,33.0,32.9,32.9,32.4,32.1,33.1,32.4,33.8,33.6,32.9,32.5,32.9,31.5,33.6,31.5,32.1,31.1,33.8,31.7,32.8,32.2,32.0,31.1,33.1,31.6,33.8,32.2,33.4,32.2,32.9,32.4,32.8,31.9,34.0,33.1,32.1,33.1,33.7,32.5,32.9,33.8,34.1,33.7,31.6,33.0,33.4,32.9,32.1,33.3,34.0,32.3,32.3,33.5,32.0,32.1,33.0,32.5,32.7,32.7,32.7,32.8,32.9,31.9,32.8,32.7,33.1,32.4,33.3,33.4,33.3,34.1,32.0,32.8,33.5,32.8,32.9,33.4,33.8,31.3,32.0,32.7,32.8,32.6,32.3,32.3,32.1,31.5,32.7,33.1,32.6,31.9,32.6,32.1,33.1,32.0,33.8,31.9,33.0,32.6,33.1,32.2,33.8,34.0,33.8,33.8,32.4,32.3,33.1,33.0,33.6,32.7,33.1,32.3,33.2,32.4,32.2,32.8,33.0,32.3,32.3,33.0,32.2,31.8,31.9,33.4,31.9,32.3,31.8,32.7,32.8,31.8,32.3,33.9,34.0,33.8,33.4,33.4,33.3,33.3,33.3,33.2,34.2,32.3,32.1,32.6,32.8,31.9,32.7,32.9,32.6,32.4,32.9,31.4,32.8,33.6,31.8,33.1,33.5,32.6,32.2,32.2,33.2,32.3,32.8,33.8,34.8,33.7,34.9,32.9,33.7,32.7,33.9,33.9,33.6,32.3,31.9,32.7,33.0,32.6,32.2,32.5,33.2,33.1,32.5,32.9,33.7,33.7,32.1,32.4,32.0,32.6,32.6,32.9,32.5,32.3,32.8,33.3,34.5,34.1,33.8,33.0,33.1,32.9,33.3,33.4,33.1,32.2,32.6,31.6,33.5,32.4,32.2,32.1,33.6,32.7,32.4,32.9,33.0,32.5,33.1,33.1,33.0,32.2,32.2,32.2,33.2,32.3,32.7,32.3,34.0,33.8,33.3,34.4,33.6,32.6,32.2,32.7,34.0,33.6,31.1,33.8,33.0,32.6,32.0,32.5,33.1,33.1,32.9,31.7,33.0,32.4,32.5,33.2,33.3,32.8,32.3,32.4,32.5,33.6,32.1,33.7,33.6,32.9,33.0,33.8,33.5,32.8,32.6,34.2,32.8,33.1,32.4,31.9,33.1,33.4,32.7,32.8,32.8,32.7,32.5,32.5,33.7,32.2,32.5,32.7,32.5,33.5,32.7,33.1,33.0,31.9,32.9,33.0,33.3,33.8,33.4,33.3,33.4,33.3,33.4,31.9,31.8,32.0,32.8,32.8,33.6,32.4,32.7,33.1,32.9,32.9,32.4,32.7,32.8,32.9,32.5,32.9,33.0,33.3,32.8,33.2,33.0,33.1,33.6,33.9,34.0,33.3,34.0,34.0,33.0,33.7,33.2,32.3,33.4,32.2,33.3,33.7,33.5,32.0,32.7,32.6,32.5,33.1,33.3,33.1,31.9,33.0,32.6,32.1,33.1,32.8,32.7,32.7,32.7,32.7,33.8,34.0,34.2,33.8,32.0,33.3,33.6,33.3,33.2,32.7,32.9,33.5,32.2,33.6,32.6,32.7,32.0,33.1,33.2,32.4,32.3,33.1,32.5,33.8,32.5,32.9,32.8,33.0,32.6,32.5,32.7,33.7,33.6,33.3,33.0,33.8,33.0,33.6,33.5,34.6,34.1,33.9,33.6,31.9,32.5,32.2,34.3,31.8,32.6,32.1,33.3,32.5,32.7,32.7,33.7,33.2,32.6,31.7,33.1,33.5,32.9,33.3,32.9,33.7,33.2,32.5,34.6,33.8,33.9,34.1,34.5,32.3,33.8,34.1,33.5,32.0,32.1,32.7,33.3,32.9,32.1,32.9,33.1,33.8,31.9,33.0,33.0,32.6,32.3,32.5,33.0,33.1,32.5,33.3,33.6,33.8,34.3,33.8,33.7,33.5,33.2,32.9,32.8,34.8,33.5,34.1,33.4,33.6,32.5,32.4,33.7,32.3,32.5,33.0,33.2,33.0,32.5,32.0,33.4,33.1,nan,33.2,32.9,32.2,32.9,32.7,33.6,33.8,33.9,34.1,33.8,33.2,33.6,34.1,34.0,35.2,35.1,34.6,34.3,33.5,32.2,32.9,32.7,32.4,32.9,33.3,33.8,33.0,32.8,32.8,32.8,32.8,32.6,33.0,32.3,34.3,33.1,32.5,33.3,34.9,35.0,34.5,33.7,34.0,33.9,34.2,33.4,35.2,34.7,34.6,33.5,32.0,32.1,32.2,33.4,32.3,32.8,33.6,34.3,32.6,33.2,32.9,33.0,33.3,32.3,32.7,33.4,32.4,33.3,32.9,33.0,34.4,34.9,33.9,35.0,33.2,34.3,33.0,34.9,34.7,34.4,33.7,34.5,33.7,33.4,33.7,33.7,33.2,33.3,33.3,33.5,32.6,32.2,33.5,32.6,33.3,32.7,33.1,32.3,31.8,33.1,32.9,33.3,34.8,34.4,34.6,33.9,34.2,34.3,33.3,34.2,35.1,34.3,35.0,34.1,32.2,32.1,32.7,33.5,31.9,33.4,33.7,33.8,32.5,32.9,32.4,33.6,33.3,32.9,33.8,33.3,32.4,32.1,32.4,33.1,33.6,33.9,34.0,33.7,32.7,32.7,33.6,33.1,33.8,33.8,34.5,34.8,33.4,32.8,33.3,32.4,33.5,32.3,32.2,33.5,31.9,33.3,32.1,33.5,33.0,33.1,33.3,32.3,33.3,32.6,33.3,33.2,33.7,32.7,33.4,33.0,33.7,32.0,33.9,33.4,34.4,34.0,35.8,34.4,33.0,34.5,33.8,34.2,33.2,32.7,32.0,32.8,32.5,33.2,33.2,34.1,33.2,32.1,32.3,32.3,32.8,32.3,32.6,33.6,34.0,33.3,34.1,33.9,33.4,33.0,32.7,33.8,32.5,35.1,34.0,35.7
1785303060.295199,378,33.4,32.1,32.1,32.5,31.8,31.7,34.0,31.7,33.8,32.1,32.7,31.8,32.0,31.9,32.5,33.0,33.1,31.9,32.7,32.5,33.3,32.1,33.0,31.8,32.7,32.6,33.5,33.2,33.7,33.0,34.0,32.3,32.8,31.8,31.9,32.2,32.0,31.7,32.1,33.1,33.6,33.3,32.4,32.5,31.4,32.4,33.7,33.4,32.8,32.3,32.8,33.2,32.3,33.0,33.0,34.0,32.4,32.8,33.2,33.2,33.7,33.4,32.4,32.5,33.2,32.3,32.5,33.1,32.0,32.5,32.2,32.4,32.7,32.4,33.3,32.7,33.1,31.9,32.6,32.8,32.7,33.2,33.8,32.9,33.3,32.7,32.4,32.9,33.1,32.5,32.7,32.8,33.3,32.2,34.0,33.6,32.9,32.2,33.1,32.8,32.3,32.7,33.0,32.9,31.5,33.3,32.5,32.8,33.1,33.0,31.6,32.7,32.7,32.5,32.4,33.7,32.2,33.0,32.2,32.5,31.9,32.7,33.0,33.0,34.3,33.4,34.1,31.9,33.2,32.4,33.4,33.5,32.0,32.3,33.4,33.0,32.7,33.2,32.4,33.0,33.1,32.2,33.1,32.0,32.6,32.6,33.1,32.8,32.6,32.4,33.5,33.3,34.7,33.8,33.7,33.1,33.9,33.0,33.1,33.5,33.2,34.2,32.1,33.1,31.8,32.4,32.6,32.2,32.4,32.8,32.4,32.8,33.2,32.7,32.9,32.7,32.8,32.9,32.4,33.2,32.9,32.4,32.5,33.2,33.4,33.9,34.3,33.5,32.5,33.2,33.5,33.7,33.0,32.6,34.0,32.9,32.5,33.5,33.1,32.6,33.3,33.2,33.3,32.7,32.7,32.7,32.2,33.2,33.2,32.3,33.3,32.6,33.8,32.9,32.5,33.4,34.4,34.3,34.6,33.8,35.2,32.5,32.9,33.4,31.7,32.9,32.2,33.1,31.5,32.8,32.5,33.2,32.9,32.7,33.1,32.7,32.5,32.7,33.8,32.4,32.6,32.3,32.8,32.6,32.8,32.4,32.8,32.9,34.5,34.6,34.5,33.5,31.9,33.1,34.3,32.5,31.5,32.1,33.6,32.4,32.7,33.0,33.1,32.9,32.5,32.2,33.3,33.4,33.5,32.1,32.2,32.6,32.9,32.5,33.0,32.4,32.7,32.1,33.4,33.3,34.2,33.6,34.2,34.0,32.8,34.1,32.7,32.7,33.5,32.3,32.6,32.2,32.3,32.3,32.9,33.6,31.6,32.9,33.1,32.9,32.5,32.8,33.4,33.6,32.2,32.8,32.3,31.8,33.0,32.3,32.3,33.6,33.8,34.8,34.7,34.2,33.3,32.7,34.3,33.3,33.9,32.1,32.7,33.3,33.6,33.4,33.5,33.8,33.7,32.4,33.5,32.5,32.9,32.3,33.0,32.6,32.4,32.8,33.3,32.8,33.4,33.7,33.7,33.5,34.2,33.5,34.6,34.1,35.0,32.8,33.4,33.2,32.8,34.4,33.3,33.2,33.1,33.2,32.1,33.4,33.3,32.7,33.0,33.3,33.0,32.5,33.3,32.8,32.0,32.5,33.1,33.0,32.8,33.3,33.4,33.9,33.4,34.5,33.8,33.5,33.7,33.7,33.7,33.0,33.5,33.4,33.1,33.2,32.1,32.5,32.8,32.5,33.7,31.9,33.8,32.4,33.0,32.9,32.4,32.8,33.7,31.8,33.0,33.1,33.5,33.6,33.4,34.8,33.9,33.5,33.7,34.9,34.3,33.0,33.0,33.8,32.9,32.1,32.3,33.2,32.6,32.7,31.6,33.8,33.3,32.8,33.3,33.1,32.2,33.0,32.8,33.5,33.1,33.1,32.7,33.3,33.2,33.1,33.2,33.5,32.6,33.5,34.6,33.7,33.3,33.3,33.1,33.8,34.2,33.4,33.3,32.8,33.0,32.5,32.6,33.6,32.5,32.6,32.5,33.3,33.8,32.6,32.6,32.5,33.2,32.6,33.4,32.8,33.5,33.4,34.2,33.1,33.5,33.5,33.7,33.8,33.8,33.3,33.2,34.0,33.4,32.2,33.1,32.9,33.0,33.2,33.4,33.4,32.0,33.7,33.0,33.6,32.4,33.0,33.3,32.4,33.5,32.7,32.6,33.2,34.1,34.1,34.2,34.2,33.2,34.3,33.9,34.4,34.8,34.4,34.5,34.0,32.3,32.5,32.6,32.5,32.8,32.5,33.0,32.7,33.4,32.4,33.1,32.6,32.8,32.9,33.4,33.0,32.4,32.6,32.4,33.8,32.9,34.0,33.9,34.5,34.1,33.3,33.7,34.1,34.9,33.7,33.8,33.2,33.0,32.8,32.9,32.1,32.3,32.2,32.5,32.9,32.2,33.0,32.8,32.8,32.2,nan,33.0,33.6,33.7,33.0,33.0,33.0,33.3,34.6,34.0,34.5,32.2,33.3,34.3,34.3,34.0,34.8,33.5,33.8,33.2,33.4,33.2,32.9,33.8,32.9,33.4,32.6,32.9,32.2,33.2,33.1,32.4,33.6,33.1,33.3,33.2,32.0,34.4,34.5,34.2,33.3,34.9,34.9,34.8,34.2,35.2,35.4,35.1,34.3,34.3,33.2,33.7,32.7,33.6,33.5,32.9,33.1,32.6,32.6,33.2,32.3,33.1,33.6,32.8,32.7,33.2,33.3,33.2,33.5,34.7,34.7,34.4,33.8,34.8,35.1,33.8,35.3,35.0,34.3,34.7,33.7,34.3,33.2,34.4,32.6,33.8,33.7,32.9,32.9,33.2,33.8,32.7,32.4,33.4,33.5,33.2,32.1,33.7,33.2,34.1,34.0,33.0,34.2,33.6,33.0,35.0,34.4,33.8,34.2,34.4,33.8,34.6,34.3,34.3,34.1,33.3,33.5,33.9,32.7,33.1,33.3,32.7,33.2,32.2,33.7,31.5,33.0,33.6,33.2,33.1,32.7,33.2,33.5,33.4,33.9,34.1,33.0,34.8,34.3,34.1,33.4,33.2,33.4,34.8,33.7,33.8,34.7,33.0,33.0,33.0,33.7,33.8,33.3,32.9,33.5,32.7,33.7,33.6,32.6,33.1,32.1,32.5,34.4,34.1,34.0,33.1,34.7,33.8,33.4,34.0,33.7,33.1,33.0,33.4,33.4,34.5,34.0,34.6,34.1,32.8,32.3,33.2,33.9,33.6,32.4,32.6,33.1,32.6,31.8,33.0,32.9,32.1,32.9,32.5,32.9,32.6,33.6,33.9,34.2,33.5,33.1,33.3,33.3,33.0,34.4,32.5,32.9,32.7,35.6,34.8,34.4
1785303062.1777484,379,31.5,33.0,33.4,32.8,32.5,33.0,33.8,32.2,32.2,33.4,32.7,32.1,34.0,33.1,33.3,33.1,32.3,32.5,33.4,33.3,32.9,33.3,32.5,32.9,32.5,33.1,33.3,32.9,33.7,32.9,32.8,31.9,32.9,32.1,33.9,33.9,33.2,32.1,32.4,32.9,32.7,32.4,31.9,33.5,31.9,32.3,32.4,32.8,32.8,31.7,32.0,33.0,32.9,31.5,32.6,33.0,32.3,34.0,33.1,32.1,33.1,32.7,31.3,33.3,32.7,34.4,31.5,33.7,32.2,33.8,33.6,32.1,31.9,32.9,33.3,31.7,32.4,33.3,32.0,32.6,32.9,32.9,32.6,31.7,32.4,33.2,33.7,32.4,33.7,33.5,32.3,32.3,33.5,32.7,32.1,33.0,32.5,32.0,31.9,33.0,32.8,33.1,33.1,33.5,33.1,32.8,32.9,32.4,32.6,31.6,31.7,32.9,32.9,33.2,32.8,32.7,32.7,33.2,33.2,33.0,32.2,32.9,32.5,32.4,33.5,33.4,32.6,33.5,32.5,33.4,33.2,32.4,31.6,32.4,32.5,32.5,32.2,32.7,33.4,32.3,31.9,33.0,32.8,32.3,33.5,32.8,33.8,32.5,33.2,33.7,33.7,32.8,34.0,34.1,34.1,33.0,32.7,33.5,32.0,33.9,32.8,32.4,32.4,32.7,32.3,32.6,32.3,33.2,32.7,31.6,32.8,32.5,32.7,32.9,32.3,33.2,33.0,32.6,32.4,32.6,32.9,33.0,33.3,33.8,33.4,33.9,32.0,33.3,32.4,34.2,31.8,34.0,32.8,32.5,32.4,32.0,32.5,33.1,33.1,32.9,32.1,32.8,32.3,32.3,32.5,33.5,33.8,32.7,32.7,32.6,32.3,32.3,33.2,33.8,33.5,33.7,34.7,34.1,32.9,32.1,32.8,34.0,33.7,33.9,32.7,33.3,31.8,32.7,32.2,32.0,32.3,32.7,33.0,31.7,32.5,33.1,32.6,32.2,32.6,32.8,32.9,32.6,32.1,33.1,32.9,32.6,32.4,34.3,33.6,34.5,34.1,32.7,32.6,33.6,33.4,33.3,33.5,33.7,33.2,32.3,32.2,33.2,33.1,31.9,34.8,32.8,34.0,32.5,32.7,32.4,33.2,32.4,32.5,33.4,33.2,32.2,32.9,32.7,33.7,34.2,35.3,34.6,34.4,33.2,33.7,33.4,33.1,32.6,32.9,33.5,32.8,34.0,32.4,32.4,32.0,33.6,33.4,33.0,33.0,33.7,32.4,32.4,33.0,33.7,32.9,32.6,32.4,32.6,33.1,33.0,33.9,34.5,34.4,33.8,33.9,33.8,33.8,32.7,33.8,33.9,32.2,32.0,32.9,33.1,33.1,32.8,32.1,32.8,33.5,33.2,32.5,32.6,33.5,32.6,33.0,32.6,32.6,32.9,33.5,32.7,31.9,33.8,33.7,34.2,33.5,34.9,33.3,33.3,33.4,32.3,33.0,32.5,34.2,32.5,32.6,33.2,33.7,33.0,33.4,33.4,33.1,33.6,32.1,32.8,32.9,32.5,32.1,33.1,33.9,33.1,32.3,33.0,32.8,33.0,33.2,34.4,33.7,34.8,33.6,33.9,35.0,33.1,32.4,33.2,32.9,34.3,31.9,32.7,32.8,33.1,32.5,32.5,32.5,33.3,32.7,33.2,32.9,33.2,32.3,32.3,32.9,33.0,32.9,33.4,32.7,34.2,34.5,33.7,34.4,33.8,32.8,34.2,33.8,34.3,34.3,32.9,34.0,33.4,32.8,32.6,32.7,32.5,32.5,32.6,32.6,32.8,33.1,32.9,32.6,32.2,32.1,33.2,33.2,32.7,32.3,33.1,32.8,33.6,33.3,33.8,33.9,34.3,33.6,34.4,33.6,33.5,32.8,34.4,33.1,34.1,33.1,33.5,32.8,32.8,33.9,32.5,33.3,31.9,32.9,32.6,33.1,33.5,33.1,33.2,32.8,32.9,33.1,33.4,33.2,34.3,34.2,34.1,33.7,34.9,34.3,34.5,34.1,33.4,34.2,32.9,32.0,33.2,33.2,33.6,32.2,32.9,32.9,32.2,33.1,32.1,33.6,32.8,32.2,32.4,32.9,32.2,32.3,32.8,32.9,33.2,33.9,33.8,32.8,33.8,32.9,34.5,34.2,34.6,33.8,33.7,33.4,33.3,32.9,33.3,31.6,32.6,33.2,32.6,33.2,31.9,33.5,33.7,32.2,32.6,33.0,33.2,32.6,32.6,32.9,32.9,32.7,32.8,32.9,34.1,34.6,33.7,33.7,34.3,34.4,33.8,34.2,32.7,33.4,32.5,33.9,31.5,33.0,32.9,33.7,32.9,32.9,32.7,34.0,33.3,32.4,32.0,31.9,nan,33.0,32.8,33.4,32.5,32.6,33.7,33.1,33.7,34.3,34.5,33.8,34.2,33.5,34.4,33.7,34.2,33.9,33.6,32.8,34.4,32.6,33.2,32.5,33.9,33.8,33.9,32.7,33.0,32.4,32.9,32.6,33.5,32.3,32.2,32.7,32.7,34.2,34.6,34.1,34.4,33.9,32.5,33.2,33.8,34.0,33.9,34.0,33.3,32.8,33.8,34.4,33.1,33.5,33.9,33.4,33.1,32.0,34.2,33.5,33.7,32.8,33.3,31.7,33.2,32.7,33.3,33.2,32.7,33.7,34.9,33.7,33.8,33.7,33.4,33.0,33.3,33.9,33.7,32.5,33.1,33.3,34.0,33.5,33.8,32.8,33.2,32.3,33.2,33.1,33.0,32.6,32.9,32.7,33.6,32.7,33.3,33.8,32.7,33.1,33.2,34.4,33.1,34.6,34.3,34.9,33.1,33.1,34.0,34.2,33.5,33.5,34.0,33.4,32.2,32.5,33.3,33.8,32.5,32.2,32.8,32.3,31.9,32.6,32.8,33.0,32.8,32.3,32.4,33.0,33.6,32.5,33.0,32.7,33.9,34.4,34.0,33.7,33.8,32.8,32.8,32.9,32.8,33.3,32.9,33.9,33.6,32.8,34.0,33.7,32.7,34.1,33.2,33.1,33.0,32.2,33.4,32.4,32.7,33.4,32.4,33.1,32.6,32.7,33.2,34.1,33.3,33.8,34.0,34.2,32.9,33.8,33.5,34.0,33.3,32.4,33.7,33.0,33.8,33.3,32.5,32.8,33.7,32.9,32.4,33.7,34.1,33.5,31.6,32.0,34.3,32.7,32.8,32.9,33.4,32.5,32.6,32.7,33.5,34.1,34.0,32.9,34.4,33.5,32.9,32.6,32.7,32.8,33.1,32.9,34.4
1785303064.3906496,380,31.7,33.2,32.8,32.7,32.2,32.6,32.4,32.3,32.1,32.9,32.7,32.8,32.1,33.0,33.0,33.7,32.6,32.6,32.8,32.5,32.4,32.9,33.5,33.0,32.8,33.0,32.7,32.8,33.8,34.1,32.6,33.5,32.8,32.0,33.6,32.1,32.5,31.8,33.3,33.2,32.8,31.1,32.6,32.8,32.9,32.9,32.6,32.5,32.0,33.1,33.0,32.6,33.2,32.3,33.0,32.3,32.4,32.3,34.2,32.3,32.3,34.4,32.4,32.9,31.6,33.3,31.9,33.8,32.9,33.5,32.7,33.4,33.7,33.0,32.2,32.1,33.4,32.3,32.8,32.9,32.0,32.2,31.9,32.5,32.0,32.7,33.2,32.2,33.4,32.1,33.2,34.1,33.4,32.6,32.5,33.6,33.4,32.4,32.9,33.6,31.1,32.0,33.0,32.6,34.0,32.1,33.2,33.0,33.1,32.4,32.9,32.8,32.9,32.6,33.2,33.1,32.6,32.9,33.4,33.8,32.3,32.9,33.2,34.3,33.0,33.9,33.9,34.1,32.4,32.4,31.5,32.3,32.3,32.7,32.9,33.7,32.3,33.2,32.5,32.9,32.5,32.4,31.8,32.6,32.7,32.9,32.5,32.6,33.1,32.6,32.7,33.4,32.9,33.6,33.8,33.5,32.6,32.4,32.1,33.3,32.2,32.0,32.7,33.0,33.0,33.0,33.6,32.7,32.6,32.6,32.5,32.9,33.1,31.6,33.6,33.1,32.8,32.6,33.1,32.6,32.4,31.9,32.9,34.3,34.8,34.0,33.2,33.5,32.9,33.7,33.5,32.8,32.2,33.5,31.9,33.3,32.2,33.2,32.8,33.5,33.0,33.3,32.7,32.9,32.2,33.2,32.6,32.9,32.6,33.1,32.7,33.0,32.9,32.9,34.1,35.5,33.2,34.3,33.0,33.7,33.1,32.9,33.6,33.8,33.9,31.9,32.6,32.4,32.9,31.7,34.0,32.4,32.4,32.7,32.9,32.0,32.1,32.3,32.6,33.5,32.3,32.3,33.1,33.5,32.8,32.8,34.4,34.5,35.0,34.5,33.4,33.2,32.9,32.6,34.1,33.4,32.3,33.1,32.3,33.4,31.3,32.4,32.3,32.9,33.2,33.2,32.0,33.4,32.1,32.9,32.0,33.2,32.1,32.3,32.4,33.7,32.4,32.5,34.6,35.0,34.4,34.5,33.2,33.3,34.0,33.5,33.4,33.5,32.6,32.8,33.7,32.1,33.1,32.0,33.5,32.9,33.0,31.8,32.4,33.1,32.8,32.7,33.3,32.8,32.9,32.3,33.4,32.8,32.5,32.2,33.9,34.5,34.1,33.9,34.4,33.6,33.8,32.4,33.1,34.0,32.1,33.2,33.6,33.5,32.4,33.4,32.1,32.9,32.4,34.1,32.2,32.6,32.1,32.6,32.9,33.6,33.7,32.9,32.9,32.2,32.3,33.7,32.2,34.0,33.9,33.1,34.6,35.1,33.3,31.7,33.5,33.6,32.2,32.6,33.5,33.5,32.2,32.5,32.8,32.4,32.7,32.3,33.1,33.0,33.6,32.5,33.1,32.5,32.4,33.0,32.8,32.2,32.0,32.4,33.4,34.3,32.8,33.9,33.8,33.9,32.8,33.0,33.9,32.6,32.6,32.3,33.6,33.0,32.5,33.7,32.5,33.6,34.2,31.8,32.2,33.6,33.4,32.9,32.6,33.3,33.1,32.3,32.9,33.9,33.9,33.9,33.9,33.8,32.9,34.2,34.5,34.6,33.1,33.3,32.5,33.4,33.9,31.8,32.5,33.1,32.9,32.6,33.7,32.5,33.3,32.0,33.0,32.8,32.7,32.6,33.6,32.6,32.7,33.2,33.5,33.2,33.3,34.6,33.3,33.2,33.6,33.7,33.7,34.3,33.1,32.8,33.3,33.5,32.2,32.6,32.4,33.4,32.6,32.7,32.5,33.4,32.7,32.1,32.5,33.5,33.1,33.4,32.6,32.5,32.0,33.6,33.3,33.1,33.9,33.9,32.6,32.5,34.3,34.3,34.3,34.0,33.5,34.2,32.9,33.8,32.5,32.3,32.4,33.0,32.1,32.6,33.5,32.8,32.2,31.8,32.8,33.0,34.3,32.2,33.6,34.0,32.7,33.4,33.5,33.9,33.3,33.5,33.2,34.1,33.7,33.9,34.4,34.5,33.7,33.8,33.1,33.5,32.8,32.8,32.5,33.6,32.2,33.8,31.7,33.8,32.4,33.4,33.1,33.0,32.4,32.1,32.8,32.8,32.5,33.1,33.8,33.8,32.8,33.5,33.8,34.7,34.3,34.4,34.9,33.6,34.2,33.9,33.3,34.8,32.4,31.6,33.1,33.3,32.1,32.1,33.0,32.8,32.9,32.4,32.7,33.2,32.7,nan,32.9,32.9,33.3,33.1,33.7,33.1,32.9,33.7,34.2,34.3,33.7,33.6,34.6,34.2,34.1,33.2,34.2,34.5,33.1,33.6,33.5,32.5,33.5,34.0,33.3,33.3,32.8,33.1,32.9,34.2,33.0,32.5,32.2,33.1,32.8,32.8,33.8,33.5,34.0,33.8,34.0,34.9,34.0,34.0,35.0,34.3,33.5,33.5,34.4,33.9,33.7,32.3,33.0,33.4,32.9,32.3,33.4,34.1,32.9,33.1,32.9,32.2,33.3,32.8,32.4,33.2,32.9,32.6,33.6,34.6,34.4,34.7,35.1,34.8,34.3,34.5,33.4,33.3,33.2,32.8,34.1,32.9,33.0,33.0,32.9,34.5,32.2,33.8,32.4,33.3,32.6,33.3,32.6,33.7,33.3,33.2,33.0,33.5,33.0,33.3,32.4,34.2,34.8,35.4,34.8,33.9,33.0,33.5,32.9,34.5,34.5,33.3,34.6,34.9,32.4,32.8,33.7,32.6,32.9,33.6,33.8,32.7,33.1,31.7,33.3,32.9,33.1,32.4,34.0,32.8,32.7,32.6,33.4,34.8,35.6,34.6,34.5,33.6,33.4,33.1,34.0,33.9,33.2,33.2,34.5,33.5,32.7,33.7,32.9,32.4,32.9,32.9,32.2,32.9,32.6,33.0,33.0,32.3,32.4,33.0,32.3,33.2,32.8,33.1,33.9,33.9,33.5,34.2,33.7,32.6,33.4,33.4,33.3,33.8,33.3,33.6,33.2,33.9,33.9,33.3,33.6,33.8,32.8,32.9,33.4,33.6,32.6,33.3,32.5,32.8,32.8,32.8,33.0,33.2,33.0,32.5,33.7,33.6,34.2,33.5,34.6,35.4,33.5,32.6,33.7,33.0,33.5,33.4,34.0,34.8
1785303066.4438403,381,34.4,31.5,32.5,32.2,32.4,32.0,32.9,33.8,31.7,31.9,32.6,32.6,32.6,32.6,32.8,32.6,32.2,32.3,33.1,33.9,33.6,33.0,32.7,32.0,32.8,32.4,32.7,33.2,35.0,32.8,33.1,33.0,33.3,31.4,31.4,32.9,32.7,32.5,32.7,33.2,31.4,30.9,31.7,32.3,32.0,33.4,32.8,33.1,32.7,32.3,32.6,32.4,31.4,32.5,32.1,33.3,32.2,32.3,32.3,33.8,32.6,32.8,33.1,34.1,34.1,32.0,32.4,32.2,32.9,31.8,31.9,32.6,32.9,33.1,31.5,33.0,32.3,32.3,31.4,31.8,33.2,32.7,32.5,32.3,32.3,32.4,33.4,32.5,33.0,33.2,33.4,33.3,33.8,33.1,32.5,33.4,32.7,31.6,33.1,33.6,31.5,32.4,32.6,32.6,33.0,32.1,32.8,33.0,32.4,32.6,31.6,32.2,32.7,33.1,32.6,32.9,32.2,31.9,32.5,32.4,33.2,33.5,32.2,33.3,33.4,33.9,32.8,32.7,32.4,31.9,31.3,33.1,32.5,31.7,32.2,31.8,32.3,32.8,32.3,32.2,32.5,32.6,32.3,32.4,32.9,32.9,33.2,32.9,32.9,32.9,32.7,33.6,33.1,32.7,32.8,32.3,31.8,32.4,32.7,33.8,31.8,32.2,32.3,32.1,31.8,32.4,33.0,32.3,32.7,32.5,33.8,32.4,32.6,32.3,31.9,33.3,33.1,33.4,31.9,32.8,32.3,33.6,33.4,34.7,33.8,33.5,32.6,33.0,32.7,32.7,33.0,33.8,32.4,33.5,32.5,32.5,32.6,32.4,32.1,33.0,32.8,33.5,32.8,32.4,32.2,32.7,34.0,33.1,32.6,32.1,32.5,32.8,33.1,32.8,34.1,33.6,34.4,33.8,33.2,32.9,32.7,33.3,34.0,32.9,33.0,31.7,32.2,32.0,31.2,33.4,32.5,32.4,32.9,32.6,32.7,33.6,32.5,32.5,32.1,33.0,32.2,31.8,32.5,31.9,33.3,33.0,32.9,34.5,34.0,34.4,33.1,33.2,32.3,33.0,33.9,32.4,32.1,32.1,33.1,32.8,32.1,32.2,33.7,32.5,33.2,32.5,32.5,32.9,32.8,32.4,33.1,33.6,34.0,32.8,32.9,32.8,32.7,32.6,32.8,34.1,34.4,33.8,33.7,33.6,32.5,32.7,33.2,32.9,32.0,32.4,32.2,33.7,33.4,32.7,32.4,34.3,34.0,32.3,32.6,33.1,32.3,32.2,31.3,32.3,32.9,32.5,32.5,32.8,32.7,32.9,33.1,32.7,33.6,34.3,33.7,34.6,33.3,33.3,33.3,32.8,33.8,32.1,32.8,33.3,32.6,33.2,33.0,33.6,32.4,33.2,32.5,32.3,32.4,32.5,32.7,32.3,33.2,33.3,33.2,32.6,32.9,32.4,32.2,33.0,32.7,33.6,34.5,33.5,33.8,32.6,33.4,32.0,32.2,32.8,32.9,32.5,33.1,32.5,31.9,33.3,32.8,32.5,32.6,33.2,32.4,32.7,32.8,32.2,33.3,32.4,32.0,32.5,32.2,32.4,32.6,34.0,33.3,33.9,33.7,33.7,32.8,33.2,32.7,33.0,32.8,32.5,33.2,32.8,33.2,31.9,32.7,32.0,32.9,32.1,31.9,33.2,32.6,33.2,33.1,32.2,33.6,32.6,33.1,31.7,32.3,33.3,33.4,33.3,34.9,33.8,34.0,33.9,35.1,33.3,33.8,33.4,33.1,33.1,32.3,32.7,33.1,31.8,33.1,32.8,33.5,32.6,33.1,33.2,32.1,32.9,32.0,32.7,32.8,32.6,32.4,32.7,33.3,32.1,33.0,33.7,33.8,33.4,33.7,33.9,33.9,33.9,31.7,32.9,33.3,32.3,33.6,32.8,32.7,31.4,32.9,33.6,33.1,32.8,33.4,32.6,32.1,32.1,33.6,33.1,33.1,32.8,33.4,32.7,32.4,32.5,33.1,33.3,33.4,33.3,34.2,34.5,34.2,33.3,33.1,33.6,33.2,31.7,33.1,33.1,31.8,32.9,33.0,31.6,33.0,32.5,32.3,32.9,33.0,32.9,32.0,32.6,33.6,32.9,33.0,33.4,33.0,32.7,33.7,34.7,33.7,34.4,34.2,34.5,33.1,33.6,32.9,34.1,32.6,32.3,32.9,33.4,32.0,32.8,32.9,32.0,32.9,32.4,32.9,32.4,34.0,33.1,32.6,32.8,32.8,33.1,33.3,33.0,34.2,34.1,33.5,34.0,33.6,34.3,34.2,33.9,34.2,33.1,33.5,33.8,32.8,32.2,31.9,33.5,33.0,32.3,32.1,32.5,33.0,33.5,31.5,33.5,32.6,nan,32.4,33.0,33.3,33.1,32.7,34.1,33.2,33.7,34.4,34.4,32.9,34.2,33.4,33.8,34.1,33.0,33.5,34.9,32.7,32.8,33.1,32.3,32.7,32.7,33.3,32.4,33.5,32.1,32.9,33.1,32.8,31.8,33.5,33.1,33.1,32.6,34.3,34.8,34.6,34.3,34.0,34.5,35.0,33.8,33.7,34.3,34.2,33.3,33.1,32.2,32.8,33.8,32.6,32.6,33.1,33.4,32.3,32.9,32.9,32.9,32.6,33.4,32.8,32.6,33.2,32.9,32.4,32.9,33.9,34.8,35.2,34.7,34.1,34.0,33.2,34.3,33.2,35.6,33.9,33.2,32.2,33.7,33.6,33.2,32.9,32.6,32.8,33.6,32.4,33.1,33.2,32.9,33.0,33.3,33.0,32.3,32.4,33.8,32.8,33.3,34.2,34.7,34.5,34.4,34.4,33.7,34.2,33.9,34.1,33.8,34.5,33.9,35.0,34.1,32.2,33.6,32.7,33.5,32.9,33.4,32.0,34.0,32.5,32.0,32.4,33.6,32.7,32.9,33.3,33.0,32.6,33.3,33.1,33.5,34.4,33.8,34.1,33.8,32.9,33.4,33.4,33.7,33.2,32.0,33.0,34.6,32.9,33.7,32.7,32.6,33.1,32.7,33.2,32.9,32.8,33.0,33.2,33.0,33.1,33.1,32.8,32.1,33.1,33.0,34.6,33.3,33.5,34.4,34.6,33.5,32.8,33.2,34.9,33.4,34.1,33.3,34.7,33.4,31.8,33.1,33.4,32.5,32.5,32.5,33.0,33.2,32.8,33.1,32.6,32.8,33.0,32.8,32.8,32.6,33.0,33.3,33.3,33.9,33.7,34.0,33.1,33.5,33.5,33.3,32.5,33.0,33.7,33.6,32.8,34.1
1785303068.5918489,382,33.6,32.1,32.5,32.2,33.3,32.4,32.9,32.5,32.5,32.5,31.6,32.0,33.5,32.2,32.8,32.2,33.1,32.1,31.8,32.4,32.2,32.5,31.8,32.2,32.1,32.2,32.5,32.6,33.8,33.2,31.9,31.7,32.8,31.7,31.9,33.3,33.1,32.0,31.2,32.7,31.6,32.4,31.1,32.2,32.8,33.0,32.8,32.5,32.7,32.3,32.1,32.7,32.8,32.5,33.0,32.3,33.0,32.7,32.3,33.1,33.9,32.8,32.9,30.4,33.8,32.3,32.1,33.5,31.2,31.6,32.3,31.7,31.6,32.6,32.4,32.3,31.7,32.3,31.7,32.1,31.4,32.3,32.3,32.5,33.3,32.2,32.3,31.6,32.4,33.0,32.1,31.6,32.7,32.2,33.8,31.7,32.7,32.3,32.4,32.4,31.7,32.3,32.0,32.2,32.6,32.7,32.1,31.8,32.3,32.2,31.6,32.4,32.6,32.9,33.2,31.7,31.8,32.4,32.7,32.7,32.3,32.5,33.2,32.3,33.2,33.7,33.0,32.5,32.2,30.9,32.6,33.1,32.3,33.1,32.4,32.6,32.3,32.4,32.3,32.3,32.2,32.2,32.1,31.9,31.9,32.2,32.5,32.2,32.4,32.5,32.7,34.0,33.6,33.2,33.2,33.5,33.0,32.6,33.6,32.6,32.9,33.1,32.3,32.6,31.8,32.0,32.6,32.3,32.0,32.4,31.8,32.2,32.9,32.6,32.6,32.0,31.6,31.8,31.9,31.9,32.4,33.1,33.4,34.7,34.1,33.8,32.8,33.5,32.5,32.5,32.6,33.2,32.7,31.9,32.5,32.1,32.2,33.0,32.5,32.3,32.5,32.3,32.0,32.7,32.1,31.5,32.2,32.7,33.2,32.4,32.5,33.1,32.4,33.4,32.7,33.1,34.1,34.1,33.6,32.7,33.2,32.3,33.2,32.5,32.5,33.4,32.8,31.6,33.2,31.7,32.0,32.2,31.9,32.9,32.5,32.9,32.0,32.9,32.8,32.0,32.5,31.8,32.6,32.3,33.0,32.1,33.2,34.3,34.6,34.8,33.8,33.7,32.7,33.5,32.2,32.8,31.8,32.7,32.1,31.1,32.8,32.6,32.0,32.7,32.5,32.7,32.0,32.2,32.7,31.9,32.4,32.9,32.4,32.4,32.6,32.1,32.3,32.6,32.7,34.1,33.7,33.6,33.6,33.5,32.7,32.5,31.8,33.5,31.7,31.9,32.4,32.5,32.9,32.3,32.7,33.4,33.1,31.9,32.4,32.1,32.6,32.6,31.6,33.6,30.9,33.0,32.8,32.0,32.0,32.7,33.1,33.2,33.1,33.7,33.5,32.3,32.9,32.6,31.6,32.8,32.3,31.9,32.2,32.1,32.6,33.7,32.1,33.1,32.4,32.4,32.2,33.2,32.9,32.9,32.1,32.8,31.8,32.0,32.9,31.8,32.9,31.3,30.7,32.3,33.2,33.6,32.7,33.5,33.6,32.2,33.0,32.6,32.6,32.0,31.9,32.5,32.0,33.1,32.6,32.2,32.6,32.4,31.9,33.0,32.5,32.8,32.8,32.0,33.1,32.8,32.6,33.0,32.3,32.0,32.1,33.0,33.3,33.7,33.3,32.7,34.2,33.9,32.1,32.2,32.6,33.1,32.2,32.8,32.7,32.5,32.5,32.2,32.4,32.9,32.9,32.1,32.0,31.5,32.8,32.5,32.8,32.4,32.3,33.1,32.9,33.0,32.6,33.4,34.1,33.5,33.1,33.3,32.9,32.0,32.6,32.6,32.2,31.8,32.7,32.1,31.5,33.3,33.1,33.5,32.1,31.8,32.0,33.0,32.5,32.4,32.3,33.4,32.5,32.2,32.8,33.3,32.7,32.4,34.5,33.7,32.9,33.3,33.8,33.6,33.7,33.9,32.7,33.2,32.6,32.7,32.4,32.8,33.1,31.1,32.0,33.0,32.2,32.6,32.4,32.9,31.5,32.9,31.8,32.0,31.7,32.6,32.3,32.6,32.6,32.8,32.6,33.3,33.9,33.1,34.1,34.0,33.6,33.7,33.6,32.8,30.6,34.1,32.1,32.6,32.3,32.4,33.2,32.1,32.1,32.6,32.7,32.5,34.6,32.9,32.7,32.9,31.9,32.1,33.6,33.1,31.2,32.6,32.7,33.7,33.3,33.2,33.5,34.3,33.7,33.2,32.7,33.3,32.8,32.3,32.8,32.4,32.1,32.1,31.5,32.4,33.6,31.7,31.3,32.8,32.7,32.3,32.3,32.0,33.4,32.6,32.6,32.6,33.9,33.5,33.5,34.0,33.8,33.6,33.6,33.4,33.1,34.1,32.9,33.2,32.1,32.4,33.3,32.4,32.3,32.1,32.4,32.4,32.3,32.7,32.3,33.7,32.4,nan,32.5,32.9,32.5,32.6,33.0,32.7,33.7,33.7,33.0,34.1,33.7,34.2,33.7,32.9,33.0,33.0,33.1,33.5,33.1,32.8,32.5,32.8,32.5,32.3,32.9,33.3,32.4,32.9,32.2,33.3,32.5,32.1,32.8,32.6,33.1,32.1,32.9,34.1,34.4,34.8,33.8,35.0,34.3,33.8,33.1,33.7,34.4,33.0,34.4,33.4,32.8,31.7,32.8,33.4,32.3,32.6,32.4,32.9,32.2,32.0,34.2,32.7,32.7,32.1,31.9,32.2,32.6,32.6,34.2,34.3,33.9,34.2,34.6,34.6,33.2,34.4,33.4,33.6,32.4,33.0,32.8,32.9,32.5,32.5,32.0,33.9,31.6,33.2,33.5,32.9,31.7,32.6,31.7,33.3,33.1,33.0,32.8,31.4,33.2,32.6,33.3,33.1,34.3,33.7,34.7,34.0,33.9,33.9,33.5,34.1,34.1,33.7,33.7,34.1,32.6,32.8,33.7,33.9,32.5,34.0,31.4,32.9,32.3,33.4,32.2,32.5,32.9,32.4,32.7,32.4,33.2,33.4,33.6,33.6,33.6,34.4,33.9,33.6,33.4,33.2,32.8,34.6,32.6,33.4,33.0,33.5,32.9,33.6,32.9,33.3,33.3,32.2,32.0,32.9,32.2,32.0,32.1,32.8,32.2,32.2,32.8,33.0,32.4,32.8,33.1,33.3,33.0,33.9,33.5,34.1,33.2,32.2,34.5,33.0,33.9,34.0,32.5,34.1,31.8,31.7,31.6,33.1,32.7,33.3,32.6,31.8,32.2,32.2,32.3,33.0,32.6,32.6,33.5,33.5,32.6,33.0,33.1,33.4,32.4,33.5,34.0,34.3,33.0,33.1,32.5,32.4,33.5,33.4,33.7,33.6
1785303071.0388687,383,32.2,32.4,32.5,33.7,32.4,32.2,32.7,32.7,32.1,32.1,32.4,32.4,32.6,31.7,33.9,32.4,32.1,31.7,32.6,32.5,32.3,32.3,31.8,31.6,32.2,31.6,31.9,32.1,33.2,32.1,32.9,32.5,32.3,31.4,32.6,32.9,32.5,31.6,32.1,33.0,31.8,31.3,32.6,32.3,32.1,32.2,31.9,33.5,30.9,32.4,32.5,33.3,33.0,31.8,32.7,32.7,32.1,31.9,32.8,33.8,32.1,31.9,32.2,34.1,32.6,32.8,32.4,33.1,31.6,31.4,33.3,31.8,32.2,33.7,32.8,33.0,32.1,32.7,31.8,31.6,32.3,32.9,32.6,32.9,32.5,31.3,32.6,32.5,32.4,32.3,33.2,33.3,32.5,32.4,33.2,33.2,32.2,34.0,32.4,33.1,32.1,31.8,32.6,31.8,33.0,32.3,32.3,31.6,31.8,32.2,32.7,32.6,32.6,32.6,32.7,33.1,32.0,32.4,32.7,33.7,32.1,32.4,32.6,33.7,32.4,32.9,33.2,33.2,32.6,31.4,32.0,32.0,32.1,31.0,32.8,32.6,32.6,33.0,32.3,32.7,31.7,32.6,32.3,32.6,32.4,32.1,33.2,31.9,32.0,32.4,33.4,33.3,33.4,32.7,32.8,33.1,31.8,33.7,33.6,34.0,33.2,31.3,32.5,32.1,32.4,31.9,33.2,33.8,32.2,32.4,32.9,33.2,33.7,31.8,32.4,32.6,32.3,31.8,32.3,31.8,32.9,32.4,32.9,33.0,33.8,34.2,33.2,33.4,32.7,32.9,33.0,33.6,32.9,32.0,33.5,32.3,33.2,31.7,33.0,32.5,33.2,32.5,32.7,33.7,32.2,32.2,33.7,32.8,32.3,31.8,32.4,33.5,32.1,32.3,32.4,33.5,33.6,33.3,35.4,33.8,33.6,32.9,33.6,33.0,32.1,31.9,32.2,33.0,32.5,31.9,32.2,32.6,32.9,32.6,32.2,32.6,32.0,33.4,33.3,33.5,32.8,32.5,33.0,33.2,33.5,32.1,31.8,33.3,34.0,34.5,34.2,34.1,32.7,33.0,32.4,33.6,32.5,32.9,31.9,32.4,32.4,31.3,32.3,33.2,30.5,31.8,32.2,32.6,32.9,32.5,32.1,32.4,32.8,32.0,32.6,32.4,32.8,32.0,32.9,33.0,33.9,33.3,34.5,34.2,31.8,33.3,33.2,32.9,32.8,32.6,33.1,32.9,32.5,32.2,33.3,33.1,32.1,31.4,33.2,32.8,32.6,32.2,33.1,32.8,33.0,32.8,33.4,33.2,32.3,32.2,33.3,33.7,33.3,33.3,34.0,33.9,32.4,33.2,32.7,33.0,32.3,33.6,32.0,33.2,33.2,32.8,32.7,32.6,32.6,33.4,32.4,33.4,33.2,32.5,32.3,32.5,32.3,32.5,32.4,32.8,32.2,32.3,33.1,32.5,32.4,32.1,33.1,33.4,33.3,33.5,32.9,32.4,32.4,31.4,32.9,33.7,32.7,32.2,32.6,33.0,32.8,32.6,32.1,32.8,32.2,32.4,33.1,33.0,32.5,32.0,32.7,32.2,32.2,33.3,32.0,32.2,33.1,32.7,33.0,33.6,34.0,33.2,32.3,33.4,32.8,33.0,31.4,33.0,32.2,32.7,32.4,32.7,32.9,32.3,32.2,32.4,32.3,32.9,33.1,33.1,33.3,33.4,32.8,32.8,33.4,32.2,32.8,32.8,34.3,33.3,34.3,33.5,32.9,33.1,33.1,33.6,32.9,32.4,32.7,32.3,32.2,32.7,32.8,32.8,33.5,31.7,32.6,33.3,32.4,31.3,32.7,32.3,32.4,33.2,33.2,33.0,31.6,32.4,33.8,33.2,33.6,33.2,33.9,34.3,33.3,32.1,33.1,32.9,33.3,33.2,32.8,33.8,33.1,32.2,32.5,32.5,33.1,32.4,33.4,33.0,33.1,32.6,32.8,33.0,32.5,32.8,32.8,33.0,32.4,32.5,33.5,33.8,33.1,34.3,34.0,33.7,33.8,33.5,34.1,33.2,33.0,32.1,32.7,33.0,32.3,32.1,32.8,33.7,31.8,32.2,31.7,33.3,31.7,32.4,32.4,33.1,31.8,32.6,33.1,33.4,33.3,32.1,33.0,33.7,33.2,33.9,33.7,34.8,33.7,33.4,32.1,34.3,33.1,32.6,32.9,33.3,32.2,32.3,33.8,33.3,33.4,32.7,32.5,32.8,32.1,33.1,32.9,32.8,33.4,32.8,33.1,32.7,32.8,33.2,33.3,34.3,34.0,33.5,34.3,34.3,34.6,34.7,33.5,33.8,32.1,33.5,32.3,33.0,32.7,31.7,33.0,32.3,32.3,32.7,32.5,32.4,33.7,nan,32.9,33.0,32.9,33.1,32.5,33.4,33.8,34.4,34.2,34.9,34.7,35.3,33.7,34.7,33.4,33.0,33.8,32.7,32.9,32.8,32.9,33.7,32.6,32.7,34.4,33.1,32.3,32.9,32.9,32.3,32.0,32.5,33.0,32.7,32.1,33.8,33.5,33.5,34.8,33.5,34.7,34.2,35.0,34.4,35.0,33.8,32.3,33.9,33.8,34.3,32.6,32.3,33.4,32.8,32.9,32.3,33.5,33.2,32.9,32.5,32.1,33.4,32.1,32.3,33.4,33.2,32.4,31.8,33.1,33.8,34.1,34.1,35.1,36.2,33.8,34.1,35.0,34.2,34.0,33.6,33.4,32.9,33.7,33.4,32.1,33.7,32.0,31.9,32.6,32.9,31.9,32.8,31.0,33.7,32.6,32.7,33.3,33.0,33.2,33.1,33.3,33.5,33.3,34.0,35.5,34.9,33.2,32.6,32.9,33.0,34.1,32.3,33.5,33.4,32.4,32.6,32.9,33.7,32.7,32.1,33.7,33.7,32.0,32.7,32.6,33.9,31.4,32.2,33.3,33.6,32.7,31.9,32.7,34.1,32.9,32.6,34.5,34.9,33.2,33.6,33.2,33.3,33.0,33.2,33.4,33.7,31.3,33.0,32.9,32.2,33.3,32.9,33.2,33.1,32.4,32.1,32.8,33.5,32.3,33.7,32.6,33.2,33.5,32.5,33.3,34.1,33.0,34.1,34.6,33.9,33.9,33.2,32.7,33.6,32.9,33.8,32.9,33.7,33.9,32.6,33.6,34.2,32.6,33.3,32.2,34.3,33.2,32.4,33.0,33.2,31.6,32.5,32.6,33.1,31.9,33.0,34.2,33.2,33.7,32.8,34.2,34.1,33.2,33.1,33.7,33.2,32.3,32.8,32.2,35.2
1785303072.9167428,384,33.3,32.9,34.0,33.5,31.7,32.8,32.0,33.1,31.1,33.3,32.6,32.0,34.1,33.2,32.8,33.6,31.9,32.4,33.1,32.8,31.7,32.3,34.3,33.2,31.3,32.2,33.6,32.1,32.7,33.4,32.4,32.8,32.3,31.2,32.1,32.9,32.5,31.6,32.5,33.4,32.8,31.5,33.0,33.2,32.5,32.0,33.2,33.8,32.8,31.4,33.2,32.7,33.0,32.0,32.3,33.3,32.8,31.5,32.3,33.5,34.8,32.9,32.4,32.9,31.8,34.2,33.3,34.2,31.6,32.7,32.3,32.4,31.8,32.6,32.1,32.6,31.7,33.0,32.8,33.4,33.5,32.7,33.0,33.0,32.3,32.9,33.0,33.3,31.5,33.8,32.4,33.5,31.9,32.4,32.7,33.1,31.7,32.1,33.1,33.4,32.3,30.9,32.4,33.4,33.0,31.6,32.5,32.7,32.4,32.4,32.3,32.2,32.4,32.2,32.9,32.4,32.7,31.7,32.3,32.6,33.2,32.0,32.6,33.9,33.6,32.9,33.2,33.2,32.6,32.4,33.1,33.3,32.3,32.9,32.8,32.2,31.6,32.6,33.2,32.3,32.0,32.9,31.3,32.4,33.0,32.6,33.2,32.6,32.5,32.6,32.3,32.4,33.1,33.6,34.3,33.5,32.4,33.2,33.2,33.5,33.4,32.7,33.4,32.8,32.4,31.3,32.6,33.4,33.3,31.7,32.7,32.4,32.7,31.6,33.2,33.1,32.6,32.6,31.9,32.8,33.1,31.6,33.2,33.6,33.9,34.0,34.0,34.3,33.5,32.1,32.4,33.0,32.0,33.5,32.7,33.3,31.6,32.2,32.6,32.8,32.1,33.3,33.2,33.4,31.7,32.9,32.6,32.6,31.0,32.3,32.7,33.3,32.8,31.9,32.7,33.4,33.8,33.4,35.2,33.8,32.5,34.1,33.4,33.2,33.0,31.0,32.8,33.0,32.5,31.7,33.4,32.6,33.2,32.1,32.2,32.5,32.6,32.1,32.6,32.8,32.6,32.5,33.1,32.7,33.8,31.7,31.9,33.0,34.5,34.2,34.1,34.1,33.3,32.4,32.9,34.2,31.6,34.0,32.3,33.1,30.7,33.3,33.4,33.6,32.4,32.3,32.7,33.2,32.3,32.9,32.8,32.9,31.8,33.3,33.1,32.3,31.6,32.1,32.4,33.1,33.2,34.6,34.6,33.3,33.1,32.9,33.6,33.7,33.0,31.5,32.2,33.1,32.9,31.8,32.4,32.4,33.8,32.1,32.6,33.3,33.0,32.2,32.8,33.1,32.8,32.0,32.6,32.8,32.3,32.1,32.8,32.9,33.3,33.2,33.5,34.4,34.4,32.6,33.5,34.4,31.9,33.6,32.8,33.1,32.3,32.8,33.0,32.9,31.7,33.1,32.9,33.3,33.1,32.6,32.4,33.3,32.4,33.1,32.9,33.3,33.1,32.8,32.6,33.0,32.5,34.0,34.1,33.9,32.7,34.2,33.3,33.2,32.8,31.4,32.1,32.1,33.3,32.4,33.1,32.6,32.5,31.6,33.3,33.0,33.9,31.9,33.1,32.8,34.1,32.4,33.3,32.8,33.5,32.4,32.3,32.8,32.8,33.2,33.8,33.6,33.9,33.0,33.9,33.4,32.2,33.0,33.6,32.6,31.8,33.0,33.2,32.9,33.1,32.9,33.4,32.7,32.8,32.5,33.3,32.8,32.3,33.1,33.4,32.5,32.2,33.3,32.8,32.8,34.1,33.8,34.3,33.7,32.9,33.9,33.2,32.8,33.3,31.2,32.7,32.5,32.8,31.7,33.5,33.0,33.5,32.6,32.6,33.2,32.2,32.1,32.5,32.7,32.7,31.6,33.7,33.3,32.2,32.2,34.6,33.4,34.1,33.2,34.4,34.8,34.2,33.0,33.7,33.7,31.8,33.4,33.0,33.6,31.8,33.0,32.5,33.0,32.2,33.6,33.8,33.1,32.9,32.3,33.4,32.6,32.8,32.9,33.1,33.0,32.8,33.3,33.0,33.8,33.9,33.3,34.5,33.7,33.3,34.4,34.6,34.0,32.7,32.7,32.5,33.7,33.6,32.4,32.3,32.0,31.2,31.2,32.0,32.7,33.4,31.9,33.0,33.2,33.6,32.7,33.6,33.1,33.5,31.9,33.8,33.7,34.2,33.7,33.7,34.7,34.6,34.1,33.9,32.9,32.2,33.0,32.7,32.9,31.8,32.9,32.9,32.4,31.9,33.1,33.1,33.1,32.1,32.3,33.1,33.0,32.1,33.4,32.8,33.6,32.4,34.0,33.8,35.0,33.8,33.8,33.8,35.3,34.6,34.3,34.1,33.4,33.0,32.0,32.5,31.6,32.8,31.7,33.2,32.5,33.0,32.2,32.7,33.2,32.4,nan,33.2,32.6,32.5,32.4,33.3,33.9,33.8,32.9,34.2,33.8,33.4,34.3,34.8,34.5,34.1,33.0,33.5,33.9,31.4,33.6,31.9,33.3,31.8,34.3,33.6,33.1,32.4,32.6,34.1,33.6,31.2,32.5,33.0,32.6,32.5,32.5,32.6,34.5,34.6,34.7,34.1,35.9,34.0,34.0,34.0,34.3,32.9,34.5,33.8,34.1,33.7,31.7,33.2,33.6,33.6,32.1,33.5,33.2,33.6,32.9,32.9,33.0,32.3,31.8,32.9,33.4,32.2,31.9,34.2,33.9,34.2,33.7,34.3,35.8,33.8,34.1,33.4,34.9,34.5,33.6,33.4,33.5,33.7,33.6,34.1,33.1,32.2,33.8,32.8,32.2,31.6,33.6,33.5,32.8,32.5,33.8,33.1,32.6,32.8,33.6,33.3,33.3,33.8,34.4,34.2,34.7,33.3,34.1,33.7,34.0,33.2,33.5,33.1,33.6,34.4,32.3,33.3,33.3,33.1,32.3,34.0,33.7,31.8,31.2,33.5,32.9,32.6,32.4,33.8,32.8,33.1,32.6,33.6,33.8,33.1,33.4,34.8,34.2,33.6,33.8,32.8,33.7,33.2,32.4,33.8,34.2,31.8,33.2,33.8,33.3,32.5,33.1,32.2,32.9,32.8,33.0,33.3,33.0,31.9,33.5,33.0,33.7,32.1,33.0,33.3,33.9,32.6,34.4,33.9,34.4,33.2,34.7,34.7,33.8,32.3,34.0,34.3,34.1,33.4,31.7,33.8,33.1,33.8,33.7,32.2,33.4,32.8,31.5,32.3,32.6,32.6,33.7,33.5,33.1,33.3,32.8,33.3,33.9,33.8,33.0,34.8,34.1,34.8,33.1,33.7,34.2,33.1,32.1,33.5,35.5
1785303075.1980438,385,33.9,32.4,32.5,34.5,33.7,32.6,32.0,32.1,32.7,33.7,32.7,33.0,32.0,33.0,32.4,32.8,32.6,32.8,32.0,33.6,33.0,32.7,33.3,32.4,33.0,33.6,32.3,33.0,34.1,31.1,33.1,34.0,33.6,33.5,33.6,33.6,31.8,32.9,32.3,32.8,32.2,32.2,32.2,33.8,31.8,32.9,32.3,33.4,32.8,32.5,32.6,32.2,34.3,33.4,32.3,33.5,32.4,33.5,33.4,33.3,33.2,32.8,32.1,34.4,33.1,32.3,32.1,32.9,33.3,32.3,32.5,33.5,33.7,33.0,32.8,32.5,32.8,33.3,32.6,32.8,32.5,33.0,32.8,32.3,32.5,33.2,32.6,33.4,32.4,33.8,32.7,33.5,33.4,33.9,32.2,33.8,31.5,33.8,32.4,32.7,32.1,32.1,32.2,32.0,32.8,32.5,32.5,32.9,32.3,33.1,32.3,32.9,31.7,32.6,33.4,33.6,32.5,33.4,32.9,32.6,32.5,32.7,32.8,34.1,33.2,33.7,33.9,32.7,33.1,33.3,33.1,33.7,32.7,32.5,32.5,33.0,33.0,32.3,32.6,32.7,32.8,32.7,32.7,32.2,32.9,32.7,32.3,32.7,32.9,33.2,32.7,33.1,32.7,32.9,33.4,33.7,34.2,34.0,32.5,34.0,32.5,33.4,31.8,34.0,32.8,32.6,32.6,32.3,33.3,32.2,33.4,33.1,32.7,31.8,33.1,33.1,32.4,32.4,32.9,33.3,32.6,32.3,33.2,32.8,33.6,32.7,33.6,34.1,32.9,33.9,34.1,33.2,34.9,32.4,33.3,33.1,32.4,32.8,31.9,32.8,32.5,32.5,32.5,33.2,32.7,32.2,33.5,33.1,32.4,32.4,32.2,33.4,32.7,33.1,32.4,32.6,32.9,33.2,34.1,33.5,35.5,35.0,33.2,33.8,32.5,34.0,32.6,33.0,33.0,32.1,32.5,32.0,32.9,32.2,33.0,33.4,32.1,32.8,33.7,32.5,33.1,33.7,32.9,33.1,32.8,32.3,32.8,32.8,32.9,32.8,34.3,34.6,33.8,35.0,35.3,33.8,33.8,34.4,33.3,32.7,32.6,32.6,32.8,32.3,33.5,32.7,33.0,33.2,33.1,32.3,32.4,32.7,32.6,32.8,32.4,32.9,33.4,32.0,32.4,33.1,32.4,32.6,33.4,35.1,34.5,33.7,33.4,34.3,33.2,33.4,32.8,34.0,33.6,33.6,32.4,33.6,34.3,32.6,33.6,33.9,33.1,33.1,32.6,33.5,33.2,32.8,32.9,32.8,32.8,32.8,32.9,33.2,32.4,33.8,33.5,34.3,34.2,33.5,34.5,34.0,32.7,32.9,32.8,33.7,32.4,33.0,32.8,32.7,32.9,32.9,32.4,33.1,32.9,32.1,32.6,32.9,33.1,32.9,32.9,32.8,32.0,32.8,32.9,32.4,32.2,32.6,33.0,33.0,33.6,33.5,34.2,34.8,32.6,32.4,33.5,33.3,32.9,32.4,33.1,33.1,32.7,33.1,33.4,33.5,32.5,33.1,33.4,32.7,32.3,32.3,32.5,33.3,32.5,33.5,32.3,32.8,32.3,32.7,32.1,33.6,32.8,33.9,33.9,35.0,33.0,34.6,33.2,32.6,33.8,32.5,32.9,32.9,32.7,33.1,33.1,33.5,32.6,32.6,32.8,33.0,33.3,33.1,32.9,33.1,33.4,33.1,32.4,33.1,32.9,32.6,32.5,34.0,35.1,34.0,33.0,34.8,32.6,33.0,32.9,32.1,32.9,33.1,32.3,33.0,33.1,32.3,32.8,33.0,32.7,32.9,33.1,32.9,33.0,33.5,33.3,33.0,33.0,33.2,32.7,33.2,32.8,33.7,34.5,33.9,34.0,34.3,33.1,33.5,32.8,33.8,32.6,33.0,32.4,32.1,33.6,33.0,32.4,33.2,32.8,32.9,34.4,32.9,33.1,32.5,33.3,32.5,32.9,33.1,32.6,33.6,32.6,33.8,32.9,32.3,34.5,34.7,34.4,34.2,34.0,35.4,31.9,32.1,32.5,32.7,32.1,32.4,33.4,33.5,33.0,33.5,32.2,33.5,32.4,32.2,33.6,32.6,32.8,33.5,32.8,34.2,33.2,33.4,32.8,33.2,32.5,33.0,33.9,34.6,34.8,33.6,34.9,35.5,32.8,32.5,33.2,33.8,32.5,32.8,32.5,32.2,32.6,32.6,32.9,32.6,33.9,32.6,32.6,33.1,33.4,33.1,32.8,32.6,33.6,33.8,32.4,33.3,34.3,34.2,34.0,33.7,34.8,34.4,34.3,34.2,32.3,34.1,33.3,33.5,32.5,32.6,32.3,32.5,33.0,33.0,33.0,32.4,33.2,nan,33.3,33.2,33.0,33.5,32.5,33.1,32.7,32.7,33.0,33.6,35.7,33.4,35.5,34.3,33.9,34.1,34.3,35.1,33.5,33.8,32.7,33.6,32.7,33.6,32.7,34.5,33.6,33.3,33.8,33.3,33.0,32.1,33.1,32.8,32.8,33.4,32.8,33.0,32.3,32.5,35.1,34.3,34.5,35.2,34.9,35.4,35.1,34.1,33.7,34.3,32.2,32.8,34.6,32.6,32.9,32.6,32.4,33.1,34.4,32.9,32.2,32.9,33.2,32.9,32.4,33.7,32.4,33.1,32.2,33.4,33.2,34.1,34.6,34.5,34.3,35.3,34.5,34.0,33.7,34.0,34.0,35.1,33.0,33.4,32.9,33.5,33.3,32.9,32.6,32.7,33.8,33.1,33.1,33.0,32.3,33.0,32.4,33.1,33.2,33.9,32.8,33.0,32.6,33.2,34.4,34.2,33.1,34.8,33.7,34.5,34.3,34.1,33.3,34.3,33.7,32.8,33.3,34.1,33.1,33.4,33.1,33.1,32.3,33.4,34.0,32.9,32.6,32.4,33.8,32.6,33.2,32.9,33.4,32.4,33.6,33.4,34.5,34.3,33.7,34.7,34.9,34.0,33.2,34.0,34.0,34.0,33.4,33.7,32.6,35.0,33.1,32.8,33.9,34.1,33.5,33.9,32.6,33.9,33.1,32.4,32.6,33.3,33.1,33.3,33.8,33.5,33.2,33.7,33.2,34.4,34.1,34.8,34.9,34.0,33.3,34.2,34.3,33.4,32.8,33.5,34.3,33.1,33.6,34.3,33.6,33.9,33.0,33.5,33.4,33.2,32.3,31.9,33.9,33.1,34.0,32.1,32.4,32.8,32.6,33.0,34.6,34.1,33.7,33.7,34.7,33.4,33.7,33.8,33.5,34.5
1785303077.2341096,386,33.3,31.8,33.8,32.8,33.3,31.7,33.5,31.4,32.3,32.2,32.7,32.2,31.9,32.4,32.2,33.4,32.2,33.4,32.2,32.7,33.2,33.0,31.8,33.0,32.2,33.2,33.6,33.7,32.9,34.1,31.9,32.3,31.8,33.3,32.9,33.3,33.1,32.2,32.9,32.8,32.0,31.9,32.6,32.3,32.7,31.8,32.6,33.3,32.7,32.0,32.3,32.4,31.9,31.4,32.1,32.7,32.8,32.7,33.6,32.7,34.3,33.5,32.9,33.9,33.1,32.1,32.1,32.2,32.1,32.7,32.3,32.6,32.4,32.2,32.2,32.1,31.9,32.8,32.3,32.5,32.1,32.7,32.3,32.2,33.0,33.1,32.3,32.2,32.8,32.9,34.0,33.5,32.8,33.1,33.2,32.7,32.0,33.3,33.8,33.1,33.2,32.0,32.4,32.8,32.8,31.6,32.3,32.2,32.9,31.3,31.3,33.4,32.6,32.9,32.4,31.7,33.2,33.6,33.2,32.0,32.3,33.1,33.4,32.7,33.4,33.3,33.0,33.9,32.6,32.8,33.8,33.6,32.5,31.9,33.1,31.8,32.3,33.2,32.6,33.2,33.2,32.7,32.8,32.9,32.5,31.6,32.2,32.6,32.4,31.9,32.1,32.4,33.1,32.7,32.2,32.7,34.2,33.1,32.7,33.3,33.4,33.2,32.9,33.0,32.6,32.4,31.7,32.3,32.8,32.9,33.6,32.9,33.2,31.6,33.3,33.3,33.1,32.9,33.1,32.5,33.3,31.6,32.0,33.8,32.4,32.2,33.4,33.7,33.5,32.9,32.6,34.5,33.1,31.7,33.3,32.5,31.8,31.5,32.3,32.3,32.8,33.0,32.5,32.9,32.6,32.9,32.3,32.9,33.4,32.8,32.7,32.2,33.4,32.8,32.2,32.8,32.9,32.8,33.0,33.7,34.6,34.8,33.2,33.8,33.2,31.9,32.4,31.8,32.1,32.5,32.2,32.4,32.2,32.4,32.4,33.1,32.5,32.5,33.0,32.7,32.6,32.7,32.2,33.2,32.5,32.1,32.8,32.8,32.1,33.7,34.3,33.7,35.3,33.3,33.3,33.4,33.8,32.9,33.5,32.2,31.7,32.4,32.9,32.9,32.6,32.2,33.7,32.7,32.4,32.8,33.1,32.4,32.1,33.6,32.6,32.9,32.6,32.1,32.9,32.6,33.1,32.8,33.4,34.4,34.9,34.6,33.8,32.5,32.8,32.2,32.0,33.1,31.2,32.2,31.9,32.9,32.3,32.4,33.4,33.1,32.8,32.2,32.9,32.5,32.2,32.8,32.3,32.5,32.5,32.7,32.6,31.2,32.0,31.8,33.5,33.7,34.0,33.7,34.3,34.0,32.3,33.0,33.4,32.8,32.1,33.0,32.0,33.4,33.2,33.2,32.7,32.5,32.8,32.5,32.8,32.3,32.9,32.8,32.4,32.5,32.5,32.9,32.4,33.3,32.7,33.5,33.1,33.9,34.0,33.7,33.8,34.6,32.6,32.4,33.1,33.5,32.9,32.7,32.8,32.6,32.2,32.3,33.6,32.7,33.0,33.1,33.5,32.2,34.2,32.7,32.8,32.1,32.4,32.9,32.5,33.2,33.3,33.4,32.6,32.7,33.5,33.6,33.1,34.0,33.2,32.6,31.4,33.6,32.5,31.6,31.7,32.9,32.9,32.3,32.4,33.4,32.8,32.3,32.5,33.1,32.3,32.3,32.6,32.8,32.6,33.0,33.1,32.5,32.9,33.0,33.8,33.7,34.9,34.1,33.3,33.6,33.5,33.3,32.7,31.9,32.0,33.1,33.1,32.8,32.0,33.3,32.8,32.8,32.4,32.7,32.1,33.1,32.5,32.7,32.9,33.5,32.5,32.7,33.7,32.7,32.5,32.5,33.5,33.8,34.0,33.0,34.5,33.7,33.0,33.6,33.0,33.2,32.4,32.3,32.9,32.4,32.4,33.8,32.5,33.3,34.1,33.4,32.6,32.5,31.7,32.3,33.3,33.2,33.1,33.0,33.0,32.8,32.8,33.2,34.0,34.0,33.5,33.9,34.3,34.4,32.5,33.5,32.8,33.0,32.5,32.2,32.3,33.3,32.8,32.5,32.5,32.7,34.5,32.4,33.0,32.9,32.7,32.9,33.6,33.7,32.9,32.7,32.5,32.4,32.8,33.0,33.4,34.7,33.7,33.2,35.1,34.9,32.8,33.6,32.9,32.7,33.1,33.4,32.7,32.6,33.8,33.6,32.3,32.1,33.1,32.5,31.8,32.8,32.5,32.6,33.0,33.5,32.9,33.0,33.3,33.7,33.8,33.5,33.1,33.2,34.6,33.9,33.7,34.6,33.2,32.5,31.9,32.8,33.2,32.1,33.2,32.6,33.2,32.9,32.7,33.0,33.7,nan,33.2,32.6,32.7,32.9,33.2,33.1,32.5,33.1,33.2,34.3,34.2,34.6,34.3,34.3,35.8,33.8,33.0,34.3,33.3,32.8,32.9,33.1,33.5,32.7,32.7,34.0,33.5,33.3,32.8,32.6,32.7,32.8,32.8,33.0,32.0,33.0,32.3,32.7,33.1,32.8,34.7,34.2,34.5,34.2,34.4,34.5,35.2,34.1,34.6,33.9,33.7,33.6,32.6,32.0,32.7,32.5,32.3,33.2,33.2,32.4,32.2,33.0,32.9,32.9,32.9,32.7,32.7,32.8,33.3,33.4,33.4,33.6,33.6,34.5,34.1,35.2,32.8,34.6,34.9,33.0,33.9,33.7,33.2,34.1,31.4,32.4,31.6,33.6,32.4,33.7,33.2,32.6,32.5,33.7,33.5,33.2,33.6,32.7,32.7,31.6,33.5,33.2,33.1,32.8,34.4,34.1,33.9,34.6,33.7,34.5,34.1,33.8,34.4,34.1,33.8,33.7,33.3,33.9,34.8,31.7,34.0,33.7,33.4,32.6,32.4,32.7,32.6,33.3,32.8,33.1,33.2,33.4,32.7,33.3,33.4,33.1,34.0,34.0,33.9,34.7,34.0,33.5,33.2,33.4,34.1,34.8,33.2,33.2,33.1,32.4,33.7,32.9,32.0,33.5,33.4,33.2,33.5,33.0,32.8,32.6,33.0,32.8,32.8,32.3,33.0,33.2,34.1,32.5,33.9,34.5,35.0,33.9,34.3,34.0,34.4,33.6,32.5,35.0,32.5,33.3,32.1,33.1,32.6,32.5,33.2,33.6,32.3,32.4,33.0,33.0,32.8,32.5,33.9,32.8,32.8,33.3,32.8,33.7,33.1,33.7,33.7,33.9,33.9,33.7,33.5,34.8,32.9,33.8,34.0,34.6
1785303079.4034438,387,33.3,32.4,32.8,32.3,31.7,32.4,33.3,32.9,31.7,32.8,32.4,32.8,33.5,32.3,32.2,32.1,31.9,31.7,32.4,32.9,32.1,32.1,32.8,32.6,32.4,32.0,32.5,33.5,34.3,33.7,32.1,32.0,33.9,32.8,32.4,32.4,32.0,32.2,32.7,32.8,32.2,31.9,31.7,33.0,31.8,31.4,32.5,32.2,32.7,33.3,32.7,32.6,33.0,33.4,32.7,31.9,33.4,31.7,32.4,34.0,32.8,33.1,32.2,33.4,32.6,32.8,32.1,33.1,32.5,32.3,32.3,31.6,32.9,32.6,33.0,31.8,32.1,32.0,31.8,32.2,32.0,33.4,32.3,32.7,32.3,32.6,32.3,31.8,32.1,33.6,32.6,32.5,32.3,32.4,34.3,33.4,32.2,32.6,33.6,32.5,30.9,31.8,32.0,32.0,31.7,31.9,32.9,32.3,32.0,32.4,32.2,32.6,31.9,32.4,32.7,32.8,32.6,32.8,31.4,32.2,32.9,31.4,32.6,32.3,32.6,32.7,32.8,32.3,33.1,32.8,32.7,32.9,32.3,31.6,32.8,32.0,31.9,31.8,31.6,32.4,32.7,32.2,32.2,32.4,32.5,32.3,32.3,32.4,33.4,32.8,32.3,32.9,32.3,32.4,32.6,33.9,33.6,33.1,32.7,32.9,32.5,31.8,32.5,33.2,33.2,32.3,32.6,32.1,31.9,32.6,33.3,32.6,32.4,32.3,32.8,32.5,31.1,32.5,31.3,33.0,32.8,32.8,33.2,32.4,32.2,32.7,33.4,33.9,33.3,33.1,34.1,34.5,33.4,33.1,32.5,33.2,31.3,32.4,32.1,31.9,32.0,32.2,33.9,32.9,32.6,33.0,32.6,32.9,32.6,33.1,32.9,32.2,32.8,32.3,32.2,33.1,33.2,32.1,33.0,33.1,34.4,34.3,33.6,33.4,33.2,34.1,32.4,33.2,33.3,33.2,32.0,31.9,31.4,31.9,31.7,33.0,32.0,32.5,33.0,33.0,32.0,32.0,32.6,32.7,32.8,32.1,32.8,32.6,31.6,32.5,32.9,33.7,33.3,34.5,32.9,34.7,32.5,33.0,33.1,33.2,32.1,32.1,32.0,32.0,31.5,32.2,32.7,32.7,31.5,32.6,32.1,32.4,31.8,33.0,32.9,32.1,32.4,32.0,33.3,32.5,31.7,32.5,32.7,33.1,33.8,33.7,33.6,33.5,32.2,32.4,32.7,32.7,32.5,32.2,32.4,32.2,32.3,32.9,32.3,33.3,33.1,32.7,31.5,32.5,32.3,32.3,32.0,33.6,32.5,32.1,32.5,32.2,32.6,33.3,33.0,33.7,33.9,33.7,33.1,33.8,32.9,31.9,32.8,33.6,32.1,32.7,32.1,32.7,32.1,32.7,32.7,32.5,32.6,32.6,32.3,32.8,32.5,32.2,32.6,32.7,32.2,32.5,32.6,32.6,31.9,32.8,32.7,33.7,33.1,32.4,33.8,34.2,33.7,32.6,32.1,33.1,32.0,32.4,32.3,32.3,31.9,32.6,32.6,33.3,32.7,32.8,32.8,32.9,31.6,32.7,33.0,32.7,33.8,31.6,33.1,32.3,32.6,33.0,32.8,32.3,32.4,32.5,33.7,33.8,32.4,32.6,32.6,32.4,32.7,32.7,32.5,32.9,32.8,32.3,31.9,32.6,32.5,32.2,32.3,32.7,32.6,32.5,32.4,32.8,32.6,32.3,32.0,33.1,33.6,31.3,32.4,33.2,33.5,33.2,34.0,32.8,32.3,32.4,32.7,32.7,32.6,31.8,32.6,33.2,32.2,31.8,32.7,32.5,32.9,31.8,32.9,33.2,32.7,32.6,32.2,32.7,32.4,32.9,32.5,33.2,34.0,33.5,33.0,34.3,32.8,33.0,33.7,33.7,33.0,33.4,32.4,32.6,32.2,31.6,33.1,32.4,32.9,32.6,32.9,32.8,33.4,32.6,32.5,32.7,32.5,32.2,33.0,33.2,32.6,32.8,33.3,33.0,32.1,32.5,33.5,33.9,34.0,33.5,34.1,33.8,33.0,32.9,32.8,33.9,31.6,32.1,32.9,33.2,31.8,33.0,32.7,32.5,33.2,32.7,32.2,32.8,32.7,32.3,32.8,32.8,32.9,32.7,32.9,33.4,33.2,32.2,33.0,34.0,33.2,34.3,34.5,33.9,32.2,32.1,33.1,33.6,32.2,32.7,32.7,33.3,32.7,31.6,32.1,32.5,33.2,32.0,32.6,33.2,32.5,32.2,32.8,33.5,32.6,33.3,33.1,32.8,32.5,34.0,34.5,34.3,33.1,33.9,34.1,35.2,32.8,31.8,31.1,32.6,32.1,32.3,33.0,33.2,33.0,33.4,31.9,33.7,32.1,nan,33.0,32.4,32.7,32.4,32.7,32.8,32.9,33.1,32.5,34.1,33.9,33.7,34.8,34.9,35.1,34.5,35.0,33.7,32.5,32.2,32.7,34.1,31.8,33.6,32.4,32.9,33.1,32.1,32.8,32.5,32.3,31.8,32.5,33.2,32.1,32.3,32.3,33.0,32.3,33.0,35.0,33.7,34.5,34.0,34.4,34.7,33.7,33.4,34.6,34.5,32.0,31.7,33.0,33.6,32.1,32.8,33.0,32.5,32.6,33.2,32.9,33.0,32.1,32.9,33.2,33.4,32.1,33.1,32.8,33.0,33.1,32.2,33.2,34.1,34.1,34.5,34.3,34.2,34.1,34.7,34.3,34.9,31.9,32.6,32.9,32.4,33.5,32.3,32.6,34.0,31.7,32.4,32.5,34.0,32.5,32.7,32.8,32.5,33.0,33.0,32.8,33.3,33.0,33.2,34.0,33.2,33.7,33.9,34.5,34.2,33.4,34.0,33.1,34.1,32.4,32.1,32.0,33.1,33.3,32.9,32.9,33.5,32.4,33.4,31.6,32.9,32.9,32.4,32.6,31.9,32.8,32.3,33.3,33.5,32.9,33.6,33.4,33.6,33.4,33.6,33.8,34.8,34.2,33.2,33.4,33.8,32.9,33.2,33.3,34.2,31.7,33.1,32.2,33.1,32.4,32.6,33.4,33.2,31.9,32.4,32.1,33.7,32.3,32.3,32.6,33.5,32.3,32.7,33.5,34.5,33.5,32.2,33.3,33.6,32.7,33.6,34.1,33.9,33.0,32.6,32.3,33.4,32.8,32.1,33.0,33.2,32.1,33.0,32.8,32.6,32.8,32.3,33.5,33.2,31.9,32.7,33.7,33.2,33.9,32.6,33.5,33.9,33.0,33.9,32.9,34.4,32.9,33.8,33.1,34.6
1785303081.6894875,388,34.4,32.8,32.8,32.6,32.8,31.9,32.4,31.1,31.9,32.4,31.6,32.1,32.6,32.1,33.2,32.1,33.0,32.7,31.8,32.4,32.4,31.8,32.2,32.5,32.4,32.3,32.5,32.3,33.6,33.1,32.1,33.2,31.9,32.5,33.0,32.4,32.8,32.2,30.7,32.4,33.3,32.1,32.5,32.8,31.9,32.2,32.7,32.9,31.9,31.4,32.5,32.9,32.7,32.7,31.8,31.7,31.7,33.3,33.3,32.7,33.8,32.4,32.5,34.4,33.8,33.9,32.4,32.3,32.1,32.6,31.7,31.9,32.2,31.2,32.4,32.6,32.5,31.8,31.8,31.9,32.7,31.7,32.3,32.2,32.3,32.8,33.6,32.2,32.8,32.4,31.7,32.7,33.6,32.8,33.4,33.0,33.8,33.3,31.6,33.4,32.8,32.8,32.7,32.2,32.2,31.9,32.0,32.9,32.8,32.4,32.8,32.6,32.0,32.4,32.3,32.4,33.1,32.1,32.8,32.2,32.8,33.1,32.3,33.3,31.7,32.7,32.7,33.4,34.1,32.5,33.5,33.7,32.7,33.2,32.6,31.7,33.3,31.1,32.5,31.9,32.7,32.6,32.7,31.9,33.4,32.6,32.8,33.5,32.9,33.0,32.3,33.5,33.4,32.4,32.4,33.0,33.4,33.7,34.1,33.7,33.5,33.2,33.0,32.1,32.5,33.4,31.8,32.1,31.4,33.1,31.9,32.4,32.6,32.9,32.3,32.6,32.3,32.1,31.8,32.6,32.7,32.1,32.8,32.8,31.7,32.0,32.6,34.1,32.8,33.3,33.4,34.3,33.6,33.9,32.9,31.6,32.8,32.7,32.8,31.3,32.5,32.0,32.5,32.8,32.7,32.1,32.1,32.5,33.2,32.2,33.0,32.5,33.6,32.5,32.2,32.8,32.5,33.0,32.7,32.1,34.2,34.4,34.9,33.7,33.8,32.5,31.6,32.8,32.4,32.9,32.1,32.0,31.9,31.7,32.1,33.3,32.8,32.1,32.2,33.5,31.9,31.7,31.9,32.5,32.9,32.0,33.2,32.3,32.0,31.8,33.3,32.8,33.6,34.9,35.0,34.7,33.4,31.8,33.3,32.9,33.4,32.1,33.2,31.9,32.1,32.8,32.2,32.9,32.6,31.7,32.4,32.8,32.8,32.4,32.6,33.1,32.6,32.7,32.3,33.2,32.7,31.3,32.0,33.0,33.4,32.7,34.2,35.5,32.3,32.0,32.9,33.5,31.9,32.2,32.5,32.9,33.2,32.4,31.5,32.6,33.2,32.2,33.0,32.7,32.1,32.3,32.2,32.5,32.6,32.2,32.8,32.5,33.0,32.7,32.0,32.9,33.6,33.5,34.0,34.6,34.0,32.4,33.0,33.4,32.3,32.7,33.2,32.8,33.2,32.8,32.7,33.0,32.6,32.5,32.6,32.9,34.0,32.2,32.8,33.0,33.1,31.9,31.9,31.9,33.2,33.4,32.4,32.7,32.9,32.3,32.7,33.7,33.2,33.0,32.8,32.7,33.0,32.0,32.8,32.8,32.6,32.6,31.7,33.3,32.1,33.1,33.3,32.5,32.7,32.7,33.0,32.5,32.6,32.5,32.7,32.5,33.0,33.2,31.5,32.7,32.9,33.0,33.2,34.6,32.4,32.9,32.4,33.1,31.6,33.5,31.5,32.9,33.4,32.6,32.2,32.6,32.9,32.2,32.8,32.9,32.8,32.5,32.6,33.2,33.0,32.9,32.1,32.4,34.6,32.4,33.3,34.1,34.7,34.1,33.3,33.3,33.2,32.9,33.6,32.5,33.9,33.6,32.0,32.6,33.4,33.0,32.5,32.7,33.1,32.9,33.1,32.7,32.3,32.7,32.1,32.4,32.4,32.7,32.1,33.2,32.7,32.5,33.4,33.0,33.4,33.4,33.4,33.9,33.0,32.7,33.2,33.3,32.4,32.4,32.5,31.9,33.1,33.2,32.3,32.9,33.6,32.7,33.1,32.9,33.6,32.2,32.9,32.6,32.9,32.2,33.3,33.2,33.3,33.0,32.9,33.6,34.4,33.4,34.1,33.5,33.1,32.5,33.0,32.8,31.8,32.8,33.3,32.0,32.9,32.5,33.2,33.5,32.1,32.6,33.1,33.1,32.1,33.4,32.7,33.1,32.7,32.9,32.6,33.2,32.6,32.2,33.1,33.4,33.6,33.6,34.2,33.9,33.5,32.9,32.5,32.8,32.7,32.4,32.9,32.6,33.1,33.0,32.5,32.9,34.0,32.5,31.8,32.7,32.6,32.4,32.5,33.0,32.1,32.7,32.3,32.9,33.1,33.2,33.3,33.8,34.4,33.6,35.1,34.1,32.5,32.0,32.8,32.2,32.7,33.0,31.8,33.2,32.1,32.4,32.4,32.7,32.5,nan,32.7,32.9,32.8,32.6,33.4,33.4,32.3,33.2,31.9,33.2,34.1,34.4,34.3,34.5,34.6,34.9,34.4,34.1,33.8,33.3,33.3,32.8,33.5,33.0,33.3,33.2,33.1,32.8,32.8,33.0,33.1,32.0,33.1,33.0,33.5,32.2,32.1,32.4,32.8,33.1,33.1,33.6,34.5,34.3,35.3,35.1,35.2,34.4,33.4,34.6,34.0,32.8,32.7,34.0,33.0,32.7,33.1,32.3,32.8,33.1,32.5,33.5,33.2,32.3,33.1,32.7,33.9,32.9,32.8,33.1,32.8,31.9,33.3,33.4,34.0,33.8,34.6,33.3,34.2,34.7,33.5,34.1,34.1,33.3,32.9,32.7,33.7,32.4,32.4,32.8,33.3,32.8,32.1,33.9,33.5,33.1,32.6,33.1,34.2,33.0,32.6,31.9,33.8,32.9,33.5,32.7,33.7,33.8,33.9,33.7,34.3,33.4,34.8,34.2,32.3,33.2,33.4,33.7,32.0,33.0,32.1,32.9,32.6,34.0,33.0,32.9,31.4,32.6,32.5,33.0,32.3,32.9,32.3,33.5,33.3,33.1,31.9,33.3,33.7,34.7,33.5,34.4,34.1,33.8,34.2,33.5,32.9,34.0,32.2,33.6,33.1,32.2,32.8,33.8,33.7,33.6,32.8,33.4,32.6,32.3,32.6,32.2,34.2,31.8,32.8,32.4,34.4,32.2,32.6,32.9,34.5,34.0,34.7,33.9,34.4,33.2,33.8,34.3,33.1,33.3,33.1,33.1,33.1,32.9,32.7,32.6,32.7,32.4,32.9,33.9,33.2,32.6,32.5,32.4,32.0,31.6,32.9,33.2,31.6,33.2,32.7,33.4,34.0,33.5,34.8,33.0,32.8,33.8,33.9,34.6
1785303083.7227418,389,33.9,32.9,32.8,33.7,32.4,32.2,32.0,31.9,32.3,31.2,32.0,33.2,32.8,31.7,32.4,32.8,31.7,32.8,32.2,32.7,33.0,31.7,32.6,31.8,31.8,32.8,31.9,32.6,33.8,32.3,32.6,33.8,33.4,31.7,34.1,33.1,33.4,32.9,33.2,32.1,31.4,32.4,33.0,32.4,32.5,32.0,32.7,31.6,31.8,31.8,31.5,32.0,32.3,32.0,32.1,33.3,31.1,32.9,33.6,33.1,32.6,32.8,33.4,31.6,31.1,33.1,32.1,34.5,32.3,32.5,32.7,33.8,32.8,32.4,32.4,33.6,32.6,32.5,32.8,32.5,33.0,32.7,31.8,33.4,31.6,32.0,32.1,33.5,32.6,34.2,32.6,32.9,33.0,33.1,32.9,34.3,32.7,32.8,32.9,32.0,32.3,31.5,33.6,31.8,32.3,31.0,31.8,32.0,31.5,32.4,32.2,32.9,32.4,32.8,32.7,32.6,33.1,31.7,32.5,32.6,33.3,32.2,32.2,33.9,32.6,32.9,33.7,32.7,33.1,33.1,31.5,34.6,32.5,33.3,31.4,32.8,31.9,31.9,31.6,33.0,32.7,33.1,32.5,32.9,32.0,33.6,32.2,32.3,33.1,32.2,32.1,32.8,32.7,33.3,32.2,33.7,33.4,32.9,33.4,34.0,33.6,33.2,34.0,32.1,32.4,32.6,33.0,31.7,33.1,32.7,32.9,32.2,32.3,32.3,32.6,33.5,32.1,32.8,32.4,33.0,32.8,33.1,32.7,32.6,32.6,31.5,32.5,32.2,33.1,33.3,33.7,34.1,34.2,34.6,33.1,33.2,32.2,32.8,32.7,31.9,32.1,32.5,32.0,33.1,32.2,33.0,31.9,32.3,31.8,32.9,31.6,33.0,33.1,32.3,31.4,32.8,33.1,33.6,32.8,33.8,33.8,34.1,34.7,35.1,33.4,32.7,33.6,32.4,32.3,32.3,32.6,31.9,31.7,32.2,32.2,33.0,33.1,32.6,32.8,32.3,32.7,31.9,32.5,32.5,32.7,32.8,33.4,32.0,33.3,32.7,32.4,32.8,32.9,33.0,34.5,34.2,31.9,33.4,32.7,32.8,33.0,32.1,31.8,32.7,31.2,31.9,33.5,32.6,32.9,32.6,32.8,32.9,32.3,32.3,32.7,32.5,32.3,33.1,31.4,33.8,32.6,32.8,31.6,32.4,33.1,33.5,34.0,34.6,32.6,33.4,33.3,32.7,32.4,31.8,32.2,32.1,32.7,31.8,32.1,33.1,33.3,32.2,33.1,33.3,32.6,32.5,32.3,32.9,32.3,32.1,33.6,31.9,32.3,32.8,33.1,33.2,32.6,33.5,33.9,34.4,32.7,32.5,32.0,33.2,32.3,32.5,32.3,31.9,32.6,32.4,32.9,33.1,32.4,32.9,31.6,32.8,33.4,32.2,32.8,32.7,32.8,32.5,32.4,33.1,32.7,32.3,32.9,33.2,32.9,32.6,32.1,34.0,33.1,33.0,32.7,32.9,32.9,32.0,33.1,32.6,33.5,32.5,32.8,33.5,33.8,33.3,33.0,32.7,32.8,32.7,32.8,32.7,32.2,32.1,32.6,32.0,33.5,32.3,33.0,32.5,33.9,33.2,33.3,33.2,32.0,33.2,33.2,33.6,32.9,32.3,31.3,32.4,32.8,33.6,32.9,33.1,32.9,32.9,32.6,32.7,32.5,32.3,32.3,33.3,33.1,33.0,33.1,32.8,33.1,32.8,32.7,33.0,33.7,33.5,33.6,34.0,32.9,31.2,32.3,31.7,31.3,32.7,32.6,32.5,32.8,32.3,32.5,33.3,31.9,32.6,33.6,32.6,32.4,32.4,32.5,31.9,32.2,32.9,32.4,32.6,33.8,32.9,33.5,32.9,32.6,33.0,33.9,35.0,32.8,32.8,32.4,33.0,32.4,32.2,32.4,33.2,33.1,32.6,32.1,33.0,33.1,33.1,32.8,32.5,32.7,32.6,32.1,32.2,33.1,32.3,33.3,33.0,32.9,33.0,32.7,33.1,34.4,32.4,34.6,34.0,32.8,32.3,33.5,32.4,32.7,32.6,33.4,32.6,32.3,33.1,32.7,32.7,32.6,32.7,32.9,32.3,32.2,32.9,32.5,32.0,32.4,33.4,32.7,32.9,32.3,32.3,34.1,33.4,34.4,33.6,33.9,34.9,32.6,32.1,32.3,33.8,31.6,32.3,32.7,33.3,32.1,31.7,31.8,32.6,32.7,32.8,32.0,33.3,32.6,32.0,32.5,33.3,32.5,33.3,33.6,33.2,32.8,32.6,34.5,33.6,33.5,34.5,33.7,34.2,33.0,32.7,32.8,32.6,32.1,31.5,33.2,32.3,32.7,32.7,33.2,32.5,32.3,nan,32.9,32.1,32.7,31.8,33.4,32.8,32.5,33.5,33.2,32.4,33.9,33.7,34.8,33.1,34.0,34.1,35.2,34.5,33.8,32.6,32.5,33.1,32.6,32.9,32.6,33.8,33.5,31.9,33.0,33.0,31.8,32.3,32.2,32.7,33.3,33.0,32.8,33.2,33.0,32.8,32.6,32.8,34.7,33.3,35.0,35.4,35.2,33.6,34.0,34.9,33.3,33.6,32.8,32.2,32.9,33.0,33.7,33.4,32.2,33.1,33.1,33.4,33.1,32.9,33.4,32.4,32.6,32.1,33.4,33.1,33.4,32.9,32.6,33.1,33.6,33.6,35.0,34.9,34.9,33.8,34.5,33.7,32.1,33.9,32.1,34.7,33.3,33.4,33.3,33.1,32.5,33.1,32.8,33.9,33.0,32.3,33.3,32.8,31.8,32.6,32.4,32.8,32.8,32.5,32.8,33.2,34.4,33.9,33.3,34.4,34.5,33.4,33.3,34.7,33.1,32.3,34.3,33.0,32.5,32.7,33.1,32.6,32.9,32.6,33.1,32.7,33.1,33.3,33.6,33.3,32.4,33.1,32.9,32.1,32.4,32.7,33.3,32.9,33.6,33.6,34.2,33.3,33.6,33.8,34.3,34.4,33.4,33.7,32.7,33.5,32.9,32.5,32.8,32.9,32.8,33.0,32.4,33.2,32.4,33.1,32.3,33.5,32.4,32.3,32.8,33.7,32.6,32.1,33.2,33.2,34.3,33.7,32.7,34.4,33.1,34.0,33.6,34.6,33.5,33.3,33.6,33.4,34.0,32.9,33.8,33.2,32.8,32.6,32.8,33.5,32.7,33.5,33.7,32.6,33.0,31.8,32.3,32.8,32.4,31.9,32.8,33.5,33.9,34.1,34.3,33.8,33.1,34.2,34.2,33.4
1785303085.9931448,390,32.8,33.4,32.8,34.2,32.4,33.1,32.6,33.1,31.5,33.1,32.0,32.6,30.5,32.1,32.6,33.0,32.8,32.3,32.6,33.6,32.6,32.3,31.8,33.4,32.2,32.0,32.3,33.4,32.5,31.1,32.1,33.3,32.8,33.0,33.8,32.6,32.0,31.6,33.8,31.5,32.2,31.8,33.2,32.4,31.4,31.8,33.2,32.9,31.9,31.4,33.2,32.5,32.1,31.0,33.0,33.1,32.2,32.1,33.2,32.2,33.0,32.6,33.4,32.9,31.6,33.8,30.7,34.0,32.9,32.9,32.3,33.5,32.4,32.4,31.9,31.9,31.4,32.3,33.0,33.4,32.3,33.0,31.0,32.7,32.1,32.5,32.6,32.9,32.2,32.8,33.0,33.2,33.6,32.6,32.7,33.1,33.4,32.1,32.0,33.3,32.1,30.9,33.0,32.4,33.2,31.9,31.6,32.3,31.3,32.0,32.7,32.0,32.2,31.7,32.0,32.1,32.0,32.6,32.9,32.4,32.7,32.6,32.4,32.7,32.6,30.8,33.2,33.6,33.1,32.8,34.0,34.6,32.1,34.1,32.4,33.5,31.0,31.0,31.5,33.4,32.7,32.9,32.3,32.2,32.0,32.7,33.2,33.4,32.4,32.2,32.3,33.1,32.5,33.8,33.4,33.1,31.8,32.6,33.2,34.4,31.8,33.2,34.6,34.3,33.6,31.5,33.4,32.7,31.9,32.4,33.1,32.2,32.1,31.8,33.7,33.0,31.9,32.3,33.1,32.8,33.1,32.8,32.9,33.3,32.5,32.9,33.2,33.0,32.7,34.1,35.2,34.9,32.4,32.4,33.5,33.5,32.4,33.4,33.6,33.5,32.5,31.4,32.5,33.0,30.8,32.9,33.5,33.2,31.3,32.4,32.1,33.0,32.6,32.9,32.5,33.9,32.4,33.1,32.6,33.3,32.7,32.5,34.4,36.1,33.0,32.5,32.4,33.0,32.5,31.7,32.3,32.6,32.2,31.9,32.5,32.8,32.1,31.5,32.9,33.3,32.5,32.3,32.9,32.5,32.8,32.3,32.9,32.6,31.6,31.6,32.9,32.8,32.7,31.2,34.5,35.3,32.5,33.8,32.3,34.3,32.2,32.2,32.9,33.2,32.7,31.8,30.7,33.5,31.8,32.4,32.8,33.1,32.6,32.9,32.4,33.2,32.1,32.3,32.4,32.9,31.7,32.6,33.0,33.8,32.5,32.6,33.0,33.9,33.0,31.9,34.2,33.3,32.9,32.1,33.1,32.6,33.1,31.8,33.1,32.6,32.1,32.3,32.9,32.8,32.1,32.2,32.9,32.5,32.2,32.8,33.4,32.9,31.9,32.1,32.9,34.1,32.7,31.8,33.1,33.6,32.9,31.9,33.0,33.1,32.6,32.7,32.5,33.1,32.7,32.1,32.7,33.1,32.4,32.9,32.4,33.3,31.0,32.8,33.5,32.3,32.3,32.1,33.1,33.4,32.2,34.3,32.9,33.2,33.1,32.8,33.0,33.2,32.2,32.4,33.7,33.1,32.7,31.6,33.3,32.9,32.5,32.1,33.0,33.0,33.3,32.7,33.9,32.7,33.0,32.3,32.8,32.4,32.5,31.7,32.8,32.8,31.8,32.5,33.3,32.5,33.1,32.6,34.1,32.8,32.6,32.9,33.2,34.1,32.5,32.3,32.5,33.9,33.1,32.2,32.6,33.5,32.0,32.3,33.1,33.8,33.1,32.0,32.9,33.1,32.3,33.0,34.3,33.5,32.7,31.3,33.1,33.5,32.6,32.9,34.0,34.4,32.9,32.0,33.1,32.9,33.3,32.7,32.6,31.8,32.8,32.3,33.0,32.5,32.7,32.1,32.7,32.7,33.5,32.7,33.8,33.5,32.7,32.9,33.0,33.2,32.8,32.0,32.4,32.7,32.6,33.2,33.7,34.2,31.5,33.8,32.8,33.6,32.7,32.7,32.9,33.4,31.7,33.4,32.9,33.4,32.5,32.9,33.1,33.8,32.5,32.9,32.9,33.1,32.3,32.1,32.9,33.1,32.6,32.8,33.8,32.6,33.1,33.9,33.6,34.2,33.4,32.7,32.0,33.1,32.3,31.9,34.2,32.6,32.7,32.5,32.7,32.7,33.3,32.2,33.0,32.6,31.6,32.4,33.1,32.9,33.0,33.2,33.7,33.4,32.8,33.0,33.5,33.2,33.0,32.8,34.7,33.5,31.5,33.0,33.0,33.0,32.9,32.5,32.6,34.0,32.2,32.6,33.1,33.3,32.2,32.1,32.6,33.0,33.1,32.9,32.1,33.8,32.9,33.0,32.3,33.1,33.6,33.0,32.5,33.7,34.2,33.9,34.5,35.2,32.8,31.8,33.9,32.2,33.0,31.9,32.8,33.0,32.3,32.7,33.5,32.7,32.7,nan,32.7,32.7,32.9,32.4,33.3,32.9,32.7,33.0,33.9,32.9,33.2,33.4,33.7,34.7,34.9,33.9,35.7,34.9,31.8,33.6,34.7,33.8,32.9,32.3,32.7,34.0,31.5,33.1,32.4,33.5,32.2,32.8,32.5,33.1,32.6,32.6,33.3,33.8,32.6,33.2,32.9,33.3,32.9,33.7,34.4,34.8,34.0,33.9,34.6,35.3,31.5,33.4,34.6,32.8,33.8,33.0,33.9,33.8,32.9,32.4,33.7,33.2,32.3,32.9,33.7,33.4,32.1,32.9,32.7,32.6,33.0,33.1,32.5,33.3,33.7,32.5,33.9,35.1,33.2,33.2,34.7,34.1,32.3,34.3,33.9,33.9,31.8,32.5,31.6,33.5,33.3,32.7,34.0,34.0,31.9,33.2,33.8,33.1,32.3,32.4,32.6,33.3,32.8,33.7,32.8,32.4,33.7,32.6,34.3,34.0,33.0,33.7,33.7,34.7,32.4,32.5,33.7,33.4,33.7,32.5,34.0,32.2,33.6,33.1,33.4,33.4,33.4,32.6,33.6,33.3,32.0,32.2,32.9,33.3,32.9,32.4,33.9,34.0,32.7,32.3,34.5,33.5,33.0,33.4,34.9,34.2,32.9,33.2,32.9,33.7,32.9,33.0,32.0,33.3,32.1,32.6,34.2,34.0,32.2,33.3,32.1,34.0,32.9,32.4,33.1,33.3,31.9,32.1,33.3,32.8,32.6,33.5,35.5,34.6,33.3,34.2,34.0,35.3,33.2,33.3,34.3,33.3,33.0,32.1,34.5,34.5,32.3,32.6,33.9,33.7,33.5,32.5,33.3,33.3,32.6,32.8,33.3,33.4,32.4,31.9,33.3,33.4,32.8,32.4,34.9,33.2,32.9,33.6,35.3,33.9
1785303088.0027432,391,34.0,33.6,32.4,33.6,33.2,33.2,32.3,31.3,33.0,33.0,32.9,31.9,32.4,33.1,32.1,32.4,32.7,31.8,33.1,32.8,32.4,33.7,31.5,33.7,32.7,32.5,32.6,32.0,32.8,32.4,32.0,34.2,32.7,33.7,33.0,32.0,34.1,32.4,33.9,33.1,31.9,32.0,32.0,32.0,33.9,31.5,32.9,32.5,32.8,33.4,33.7,32.7,33.3,32.1,31.6,32.8,33.7,33.4,33.1,33.4,33.1,32.1,33.5,32.3,33.9,33.6,32.9,33.2,32.6,33.6,33.2,33.1,32.7,32.7,32.4,32.0,32.8,32.8,31.7,32.4,32.8,33.8,32.4,33.3,33.3,32.5,33.3,32.5,34.4,33.2,32.1,33.6,33.1,33.2,33.3,33.5,32.8,33.7,33.2,33.0,33.0,31.9,32.3,33.3,32.9,32.6,31.7,31.4,32.6,32.5,32.8,32.5,33.0,33.0,32.8,32.4,32.5,32.9,33.3,32.0,33.0,33.4,32.7,32.6,33.3,32.8,33.6,34.9,33.5,34.5,32.5,32.8,32.6,32.8,32.7,32.3,32.7,32.2,31.3,33.0,32.8,32.8,32.1,32.7,32.5,32.7,33.1,32.5,32.8,32.5,32.1,32.8,33.3,33.4,33.1,32.5,32.7,32.9,33.3,33.9,34.0,32.8,35.2,34.6,32.1,33.3,33.3,31.9,32.5,32.5,32.5,32.8,32.4,33.0,33.4,32.1,33.0,32.2,32.7,32.9,32.9,33.5,33.2,32.9,32.8,32.1,32.6,32.1,32.8,33.6,34.0,34.2,33.7,33.8,33.9,33.5,33.5,32.3,32.6,32.9,32.6,32.6,32.3,33.3,32.7,32.5,33.5,32.2,33.2,33.0,32.5,33.1,32.7,32.5,32.3,32.0,32.1,33.4,32.6,32.7,33.6,32.6,33.3,34.5,33.5,32.9,32.9,33.4,32.8,33.9,32.5,32.3,33.2,32.5,32.7,31.7,32.2,32.4,33.1,32.9,32.3,32.9,32.6,32.6,33.1,33.1,32.4,31.7,32.7,32.8,32.4,32.4,32.8,32.3,33.2,34.2,33.3,33.3,32.8,32.5,33.3,32.7,33.1,33.0,32.5,32.6,32.5,32.7,32.6,32.9,32.4,33.5,32.1,32.7,32.4,32.5,32.9,33.0,32.9,33.2,32.2,32.4,32.6,32.7,34.3,32.9,32.1,33.8,32.9,32.9,33.4,33.2,33.0,32.6,32.0,33.4,33.6,32.1,32.9,33.1,32.9,33.1,32.4,33.7,32.6,32.9,32.9,33.6,33.6,32.5,32.7,33.0,32.4,32.4,32.9,33.1,33.8,32.2,34.0,33.9,32.6,33.3,31.9,33.5,33.5,32.2,32.1,33.5,33.0,33.7,32.1,31.9,33.5,32.9,32.5,33.7,34.3,32.7,32.4,32.6,32.3,33.0,32.4,32.6,32.7,32.6,33.3,32.8,33.4,33.3,32.2,34.7,32.7,33.6,32.8,34.0,33.9,33.0,32.2,32.4,32.4,33.4,32.9,32.6,32.8,32.6,32.7,32.8,33.9,33.3,32.9,32.6,32.6,32.7,32.7,32.6,32.9,33.1,32.2,32.8,34.0,33.1,32.6,33.6,34.6,32.9,32.5,32.9,33.2,33.1,31.9,32.1,33.0,32.7,33.3,32.5,32.4,32.2,32.3,33.1,33.1,32.4,32.9,32.9,33.2,33.2,33.6,33.1,33.7,33.1,32.8,33.1,33.2,33.4,34.0,33.7,33.0,34.0,33.2,32.6,32.9,32.7,32.2,33.6,34.1,32.3,33.2,32.6,33.6,33.0,33.7,32.2,32.6,32.8,33.0,33.0,32.5,33.3,32.6,33.0,32.1,32.5,32.9,33.7,33.1,32.8,33.2,33.6,33.8,33.5,33.5,32.5,32.3,33.3,33.2,32.8,33.0,33.0,32.7,32.7,33.9,33.4,32.6,32.1,32.4,32.9,33.1,32.8,32.7,33.2,33.1,32.1,32.7,33.1,32.8,32.9,32.9,33.3,35.1,34.1,33.5,33.3,33.8,32.5,33.0,32.5,33.8,32.9,33.4,32.8,32.5,32.8,33.8,33.2,32.6,32.5,34.1,32.0,33.1,33.5,33.8,32.9,33.6,33.4,32.9,33.3,32.9,32.1,34.2,33.3,34.0,34.8,33.2,33.5,32.6,33.0,32.3,32.6,33.4,32.8,34.2,33.4,31.4,32.7,33.8,32.9,32.6,33.6,33.4,32.9,32.4,32.8,33.2,34.1,33.1,32.2,33.6,32.9,33.0,33.5,34.7,34.0,34.6,34.7,32.9,32.6,33.1,32.7,34.0,32.9,32.9,32.8,32.3,33.0,32.5,32.8,33.5,nan,33.6,32.5,32.5,32.5,32.6,33.4,33.0,32.5,33.0,33.2,33.7,33.0,35.1,34.4,34.3,32.9,34.3,35.4,33.4,33.9,32.8,33.6,33.4,33.5,32.3,33.7,33.2,33.4,33.2,32.2,32.8,33.2,32.9,33.1,32.4,32.9,32.7,32.6,32.7,34.3,32.2,32.9,33.2,34.0,35.1,34.6,34.3,35.3,35.1,34.8,33.2,32.9,33.7,33.0,33.4,32.4,32.7,33.2,33.0,32.3,32.8,32.6,33.2,33.2,33.2,32.8,33.2,33.2,33.9,33.2,33.8,33.2,33.5,33.0,32.5,33.2,33.1,34.1,34.4,34.3,35.2,34.7,32.6,34.2,32.8,34.4,32.9,33.0,32.5,33.4,32.9,33.0,32.6,33.8,33.6,33.1,33.2,32.6,33.1,32.6,32.5,32.1,32.9,33.8,33.8,31.8,33.1,33.5,33.6,33.7,35.0,34.6,34.7,32.9,33.0,34.0,33.4,32.3,32.8,33.0,32.3,32.9,33.3,33.2,33.1,33.3,32.9,32.9,33.9,32.7,33.4,32.2,32.7,32.9,32.5,32.2,33.4,32.9,33.3,33.2,33.7,34.0,33.7,34.3,34.6,34.7,33.3,33.3,33.0,33.6,32.8,34.0,32.3,33.2,32.4,32.9,33.1,32.7,33.6,32.7,33.4,32.6,33.4,33.4,33.6,33.3,33.3,33.8,33.3,33.1,33.5,33.7,33.8,33.7,33.0,33.9,34.8,34.9,33.6,33.4,33.7,34.1,33.9,34.6,33.1,33.1,32.9,33.5,33.3,32.8,32.9,32.9,34.2,32.0,33.3,32.9,33.3,33.1,33.2,32.7,32.1,32.7,32.3,32.7,35.4,33.5,33.0,34.3,33.6,34.7
1785303090.1340444,392,32.5,32.4,32.0,33.2,31.5,32.4,32.4,32.3,31.5,33.3,32.7,33.2,32.4,32.2,33.0,33.4,32.6,32.8,32.8,33.2,31.3,31.9,31.6,33.2,31.5,32.2,31.9,33.5,32.7,32.8,32.9,33.0,32.6,31.2,33.8,32.4,33.1,30.7,31.9,31.7,31.6,32.6,33.0,31.9,33.6,32.2,33.4,32.0,32.1,32.3,33.0,32.2,33.6,32.0,33.2,32.5,32.4,30.5,33.0,32.9,33.9,31.3,32.9,31.9,31.3,33.0,31.2,33.6,30.8,32.5,32.3,32.2,31.6,33.1,31.7,32.8,31.4,33.5,31.6,32.9,31.9,33.2,32.3,32.5,32.0,31.8,32.6,32.3,32.2,33.2,32.3,33.5,31.7,33.1,31.7,32.2,32.9,31.9,34.0,32.2,31.5,31.3,33.0,32.2,33.6,31.6,33.4,32.0,32.4,32.2,32.3,32.4,33.1,32.6,32.6,32.1,32.9,31.9,32.2,32.6,33.2,32.4,32.8,32.7,33.2,31.6,32.8,33.9,32.2,33.5,32.6,33.3,31.9,32.1,32.2,33.5,31.7,32.1,32.3,32.9,31.3,33.1,31.8,32.7,30.9,32.1,31.7,32.9,32.0,32.4,32.1,33.4,32.7,33.3,32.2,33.3,31.4,33.4,32.7,32.0,33.2,32.0,32.7,32.6,33.6,30.3,31.9,32.9,32.2,31.7,32.7,32.7,32.9,31.6,32.4,32.3,32.3,31.8,33.1,32.8,32.8,32.1,32.5,33.5,33.6,32.7,34.4,33.3,33.3,32.3,32.4,33.4,32.0,32.4,31.2,32.3,31.4,32.1,32.6,33.5,32.5,32.7,31.6,33.5,31.9,33.7,31.6,32.3,31.6,33.4,32.4,33.6,32.3,33.4,32.4,32.9,33.6,34.5,33.6,33.3,31.7,33.9,33.0,33.8,33.0,31.6,31.7,32.4,32.7,31.0,32.4,32.7,32.6,32.1,33.4,33.5,32.3,30.8,32.8,33.3,32.3,32.2,33.0,32.3,32.8,31.2,32.8,32.6,34.2,34.0,34.0,32.8,33.7,32.2,33.7,33.6,32.1,33.1,32.3,33.4,31.3,33.1,33.2,33.6,32.9,31.5,32.7,32.9,31.6,32.4,31.8,33.2,31.9,33.3,32.4,32.8,32.6,32.3,32.1,32.9,33.6,34.8,33.7,34.0,31.4,33.7,32.2,32.7,33.7,32.0,32.9,32.1,32.9,31.8,32.9,33.6,33.3,32.4,32.7,32.6,33.4,31.4,32.6,32.5,32.9,31.7,33.0,32.4,33.5,31.7,32.8,33.2,33.6,34.2,34.5,33.6,33.7,32.4,32.9,32.2,31.9,32.3,32.6,33.0,31.3,33.7,32.5,32.6,31.4,33.2,32.7,32.8,31.6,32.3,32.9,32.8,32.4,33.9,32.3,32.8,31.8,33.7,32.6,33.0,33.0,33.5,32.5,33.7,33.5,33.9,33.2,33.2,33.3,31.6,32.9,32.1,33.1,31.6,32.8,33.1,34.1,31.9,32.8,32.2,33.2,32.0,33.3,32.4,33.9,32.0,32.6,31.9,33.6,31.9,32.8,32.8,32.8,33.0,33.8,33.7,34.2,32.6,33.1,33.6,31.3,33.2,31.4,33.0,31.6,32.7,31.7,32.9,33.2,33.2,33.1,33.4,32.3,32.5,32.3,33.4,32.5,33.1,32.4,33.6,32.0,33.3,32.8,32.8,32.8,33.8,34.0,33.5,32.6,33.3,33.6,34.0,32.7,31.2,32.9,33.1,32.6,32.6,32.8,33.3,34.0,31.5,32.6,32.7,33.0,32.1,32.7,33.1,33.6,31.8,32.5,33.0,33.3,31.2,32.5,32.2,33.6,32.4,34.6,34.4,34.2,31.5,33.3,32.5,31.3,33.6,32.4,33.4,31.7,32.7,32.3,33.2,31.2,32.6,32.4,33.5,32.5,32.8,32.6,32.8,32.6,32.8,32.6,33.5,31.6,32.3,33.0,33.3,32.8,34.0,33.3,34.2,33.1,33.5,33.1,33.4,33.6,32.5,32.6,32.6,33.2,30.8,33.5,31.9,33.3,31.5,33.3,31.5,33.7,31.8,32.7,32.1,32.7,31.9,33.1,32.9,33.0,31.8,32.9,33.4,34.2,32.7,34.4,33.8,34.2,32.8,33.3,32.5,32.4,32.8,32.8,32.1,31.4,33.4,32.7,33.1,32.7,33.8,31.9,33.5,32.2,32.3,32.1,33.3,31.8,32.6,32.6,34.0,31.6,33.5,33.0,34.7,33.3,33.1,33.8,35.0,32.9,34.5,32.7,33.6,33.6,31.6,33.3,33.3,33.2,31.5,33.5,32.6,32.9,32.2,33.2,33.4,33.9,nan,32.9,32.7,33.2,32.4,33.3,33.6,33.2,33.5,34.1,33.4,34.4,33.7,34.1,33.4,34.0,33.2,34.0,32.9,32.0,33.4,32.1,33.9,32.4,33.1,32.5,33.8,31.5,33.6,32.9,33.1,32.2,33.6,32.8,32.6,33.3,33.1,32.8,33.0,33.6,35.0,33.6,34.2,34.5,34.7,34.8,33.9,32.0,33.5,32.9,34.5,33.7,31.7,32.4,33.2,33.1,31.2,33.4,32.9,32.9,32.2,32.7,32.9,32.9,31.3,33.2,33.2,33.1,32.3,33.6,34.3,34.2,34.2,34.6,35.0,34.6,33.4,33.9,33.6,34.9,32.6,33.4,32.5,32.7,33.0,32.1,34.5,32.6,32.9,33.1,32.8,31.6,33.5,32.1,33.0,31.9,33.3,33.3,33.5,32.7,33.1,32.8,33.3,33.6,35.0,34.9,35.1,32.1,34.1,33.5,33.4,33.2,34.1,32.9,33.9,32.9,32.3,33.1,33.5,32.9,31.7,33.7,33.3,33.1,32.4,33.5,32.5,33.9,32.7,32.9,33.5,33.2,31.4,33.1,32.8,34.1,33.4,34.1,34.2,33.9,33.1,33.4,34.2,34.0,32.4,33.2,32.4,32.5,34.4,33.1,34.6,32.7,32.7,33.1,33.5,31.5,33.5,31.9,33.0,31.7,33.3,33.3,33.7,31.9,33.1,32.1,33.0,32.6,33.0,33.2,33.7,33.7,33.5,33.3,33.4,31.9,34.4,33.8,34.6,33.9,32.8,32.9,33.6,33.0,32.3,33.4,33.2,32.6,31.1,33.6,32.5,32.6,31.4,32.5,32.6,33.1,32.3,32.6,33.2,33.3,33.0,34.2,33.9,33.9,31.6,34.7,34.0,33.9,33.2,33.3,35.7
1785303092.4455044,393,32.9,31.7,33.4,32.6,32.5,33.2,33.2,33.7,32.0,32.0,33.0,33.3,32.9,31.4,32.3,33.1,33.1,31.8,33.8,31.4,32.7,31.2,32.1,33.1,32.9,32.5,33.5,34.2,32.8,33.6,34.5,33.2,32.5,32.6,33.5,33.0,31.9,31.9,32.0,33.3,31.7,33.5,32.1,32.0,30.2,31.5,32.2,32.6,32.6,32.3,32.0,33.2,32.2,32.8,32.2,32.8,31.7,32.2,33.9,33.9,33.1,32.7,32.3,32.8,31.4,32.7,34.1,33.7,32.0,32.0,32.8,33.2,32.5,33.2,33.3,32.7,32.2,32.5,33.1,32.6,31.5,32.7,33.5,32.8,32.1,32.4,33.3,32.1,32.3,33.1,33.1,32.7,33.5,32.3,31.9,33.5,31.6,32.2,33.2,33.9,31.4,33.1,32.3,33.3,32.2,31.9,32.6,32.4,31.7,31.4,32.2,32.5,31.8,32.9,32.3,34.3,32.1,32.7,33.0,33.2,33.3,32.9,33.1,33.6,33.1,33.0,33.1,33.1,32.8,32.7,32.8,32.8,32.2,31.8,32.9,32.7,32.4,32.4,33.3,32.6,31.9,33.3,33.1,32.3,31.5,32.0,32.8,32.8,32.7,32.3,33.0,32.8,32.5,32.6,33.7,33.6,32.1,33.1,32.6,32.8,33.3,32.1,33.3,31.8,31.1,32.0,32.5,33.2,32.1,32.7,33.1,32.7,32.5,33.2,32.8,32.6,31.7,32.7,33.8,32.7,32.0,31.7,32.8,32.7,33.0,33.7,34.1,32.9,32.8,32.6,32.9,33.1,32.6,32.5,32.2,33.2,32.3,32.5,33.1,32.4,33.3,32.7,32.6,32.3,32.3,32.4,33.0,32.5,32.9,33.3,32.5,33.2,32.0,33.0,31.8,32.7,33.0,34.0,34.4,33.0,33.0,32.2,33.5,33.3,33.1,32.4,32.1,33.2,32.6,32.8,33.7,32.5,32.3,32.3,31.6,32.7,32.7,32.7,33.0,33.1,33.0,32.3,32.9,33.3,33.4,33.1,32.7,32.7,34.2,33.6,35.8,33.7,34.3,32.9,33.6,33.9,32.4,32.2,32.4,33.1,32.7,32.3,32.3,33.0,32.0,32.7,33.0,33.1,32.4,33.0,32.6,32.3,32.5,32.5,32.7,32.8,32.2,32.3,32.9,33.3,32.7,33.5,34.4,34.6,33.4,32.6,33.5,33.2,31.4,32.7,32.5,32.6,31.7,32.8,32.5,33.0,32.4,32.1,31.7,33.1,32.4,32.4,31.9,33.1,32.8,33.1,32.2,32.5,31.7,33.0,32.8,32.6,33.2,34.0,35.0,35.1,33.2,33.3,31.8,33.7,32.6,32.4,33.5,32.5,33.3,32.7,33.5,33.0,33.0,33.1,34.1,32.4,32.2,32.8,33.5,32.5,32.7,33.2,33.2,33.3,32.1,33.2,32.0,31.9,32.7,34.0,33.5,34.1,32.9,34.0,33.2,33.1,32.5,33.5,32.8,33.2,33.7,33.0,32.3,33.2,32.6,32.6,32.7,32.6,32.9,32.8,32.1,32.3,33.0,32.2,33.0,32.6,32.4,32.5,33.2,33.1,33.0,34.6,34.3,33.2,33.8,32.9,33.2,34.3,33.1,32.4,33.1,31.9,32.8,32.7,32.6,32.8,32.9,31.8,32.0,32.8,32.7,33.1,33.2,33.7,32.7,32.2,33.0,32.7,33.4,32.2,32.4,33.0,33.9,33.5,33.9,34.1,33.6,33.6,34.0,33.5,32.3,32.1,33.0,33.0,32.8,32.8,32.3,32.6,33.2,33.2,32.5,33.6,32.6,32.7,32.9,32.7,32.1,32.5,33.1,32.7,32.1,32.7,31.9,33.7,34.2,33.3,33.9,32.8,34.1,33.3,34.4,34.6,32.3,32.7,33.1,32.7,32.5,32.2,33.3,32.6,32.7,33.0,32.9,32.0,32.4,32.4,33.1,32.9,32.4,33.5,33.9,33.4,32.6,32.0,33.6,34.4,33.7,33.7,34.1,33.7,34.7,33.4,34.0,33.9,33.5,33.2,32.6,33.1,32.2,33.1,32.9,33.1,32.6,32.9,32.1,32.3,33.1,32.5,32.6,33.3,32.8,32.4,33.9,32.9,32.9,32.7,33.3,34.2,33.2,34.0,34.0,33.9,34.1,33.7,33.8,34.2,32.1,32.7,33.6,33.9,32.1,32.8,32.5,32.6,32.5,32.6,32.7,33.2,32.2,32.8,33.5,32.4,33.4,33.3,33.9,34.2,33.7,33.7,33.9,33.4,34.3,33.9,34.1,34.2,33.8,34.0,34.2,34.7,33.1,32.4,31.8,32.9,32.7,31.8,33.4,32.4,32.9,32.1,33.2,33.3,32.5,nan,32.6,32.8,32.9,32.4,33.2,33.5,33.2,33.3,32.9,33.4,34.5,33.0,33.4,33.6,33.9,33.7,34.4,33.8,33.4,32.7,33.4,33.2,32.1,32.4,33.9,34.3,32.0,33.0,32.5,33.2,31.8,32.5,33.2,32.5,33.1,32.7,33.7,34.4,33.9,33.6,34.9,35.1,34.1,34.6,34.3,34.0,34.0,33.6,35.1,34.8,32.5,32.7,32.9,32.4,32.0,32.0,32.5,33.2,32.6,32.8,32.8,32.8,32.3,32.4,32.1,33.0,32.0,32.5,33.6,34.5,34.4,33.0,34.3,35.3,34.2,33.5,33.8,33.2,34.6,35.2,33.9,33.8,33.5,32.7,33.6,34.0,33.1,32.6,33.4,33.4,32.7,31.8,32.4,33.0,32.6,32.6,33.9,33.2,32.9,33.0,34.4,33.2,33.6,33.9,34.7,33.8,33.8,32.9,34.4,32.9,34.3,33.8,33.6,34.4,34.3,33.3,33.8,33.8,33.4,32.8,32.4,33.2,31.5,32.7,32.7,33.9,32.8,33.7,32.6,33.4,33.1,32.2,33.3,33.6,33.1,34.0,34.9,34.3,33.6,33.2,33.5,33.4,33.1,33.5,33.7,35.4,32.6,33.3,33.2,33.4,32.6,33.4,33.3,32.4,32.4,32.7,33.1,32.5,32.9,33.2,33.1,33.6,32.9,32.3,33.1,33.2,33.1,34.1,35.7,34.0,33.1,32.9,33.2,32.9,32.8,33.5,34.4,34.0,31.9,33.0,33.0,33.7,32.7,32.8,32.3,33.9,32.5,33.3,33.3,32.6,32.2,32.4,33.8,32.7,32.5,32.6,33.2,33.3,34.4,33.6,34.1,33.3,33.8,33.4,33.8,33.5,30.9,33.1,33.4,33.1
1785303094.4098017,394,34.0,33.8,32.6,33.1,33.6,32.3,32.8,32.2,33.0,32.9,33.0,32.5,31.8,32.9,32.7,31.8,32.5,32.9,33.1,33.3,33.3,32.6,33.4,31.7,33.1,33.5,33.9,32.0,33.7,31.7,32.0,32.9,34.0,32.1,31.8,33.5,31.7,31.7,32.2,33.1,34.3,32.9,32.2,33.1,31.7,33.0,31.8,33.0,33.9,32.5,31.6,33.6,32.6,32.4,32.6,33.2,33.7,32.4,32.7,32.8,34.0,32.5,31.5,33.5,33.2,33.6,32.7,32.5,32.0,33.8,32.0,32.5,32.3,33.3,32.4,31.9,32.2,32.4,32.1,33.0,32.4,33.8,32.6,31.9,32.8,32.3,32.9,32.6,33.5,33.2,33.7,32.6,32.4,32.8,32.8,33.0,33.0,34.1,31.6,32.6,32.0,32.5,32.1,32.5,32.8,32.6,33.1,33.2,32.8,32.1,31.8,33.0,32.9,33.0,33.0,32.5,33.7,32.2,33.3,33.4,32.6,32.9,33.3,34.0,32.7,32.4,32.9,34.7,32.8,32.9,33.4,31.1,33.0,32.6,33.4,32.5,33.1,33.3,32.6,32.3,32.3,32.3,33.1,32.0,33.3,32.2,32.6,32.5,33.7,32.3,32.8,33.2,33.9,33.4,33.5,32.5,33.5,33.6,33.3,32.8,33.1,31.9,31.7,32.5,32.9,31.2,30.8,32.6,32.2,32.1,32.7,32.7,33.4,33.0,33.0,33.2,32.6,32.9,32.7,33.2,32.9,32.2,32.3,32.9,33.7,33.2,33.3,33.1,34.0,32.6,31.6,34.0,33.7,33.0,32.0,32.4,31.4,32.9,33.5,31.7,32.8,33.6,32.6,32.5,32.2,33.0,33.0,32.4,33.0,33.0,32.5,33.2,33.2,32.5,32.7,33.4,34.0,34.4,33.7,32.1,33.4,34.2,32.9,32.2,33.3,32.6,31.7,32.1,33.2,31.8,31.7,32.3,33.2,32.2,32.8,33.9,31.9,32.6,32.3,32.4,33.1,32.3,32.4,32.5,32.9,32.7,33.2,34.3,35.0,35.0,34.1,33.8,33.6,32.3,32.6,33.7,31.8,33.3,32.2,32.5,32.7,33.1,32.8,33.2,32.5,32.8,32.6,33.3,32.7,32.4,33.2,32.4,32.1,32.4,32.5,32.1,33.7,33.0,32.2,32.6,34.2,34.3,34.2,33.4,33.6,33.6,33.1,32.6,33.0,32.9,31.3,32.4,31.9,32.6,32.3,31.8,33.3,31.9,32.0,33.4,32.9,32.4,32.1,32.9,33.2,32.6,32.9,32.2,33.4,33.3,31.4,33.0,34.1,33.3,32.5,33.7,34.1,33.1,33.2,32.3,33.0,32.6,33.3,32.7,32.9,33.0,32.9,32.8,33.0,33.3,32.8,32.2,32.5,32.9,33.5,32.0,33.0,33.5,32.5,32.6,32.6,33.9,34.0,33.4,34.2,33.6,33.2,32.4,33.9,33.8,33.6,32.5,33.6,31.9,32.6,33.0,33.4,32.8,32.9,33.1,33.1,32.4,31.9,32.1,33.4,32.0,31.8,31.7,33.4,33.2,32.6,33.0,31.8,33.0,32.9,34.4,35.1,33.6,34.1,33.7,34.7,33.7,33.8,33.8,32.5,33.1,32.5,32.3,32.5,32.4,33.2,32.6,32.7,33.0,33.2,32.5,33.4,32.7,32.7,32.3,32.9,32.6,33.3,33.3,32.3,34.4,33.9,33.9,34.4,33.6,33.9,34.2,34.1,34.0,34.3,32.7,33.0,33.4,32.2,33.4,32.7,32.8,31.5,32.6,33.6,32.9,31.8,32.5,32.7,33.1,32.2,33.0,33.7,32.8,32.8,32.2,33.8,33.1,33.3,33.5,34.4,34.5,33.8,33.3,34.2,33.8,32.8,33.6,33.1,34.1,32.3,32.3,33.6,32.1,33.5,32.6,33.7,32.7,33.0,32.6,32.2,32.9,33.1,31.5,33.4,33.4,33.7,32.6,33.4,34.0,34.1,33.3,33.4,34.1,34.6,33.1,34.1,33.3,34.2,33.1,33.1,32.8,31.9,33.4,33.3,32.3,33.1,33.4,32.8,32.1,32.8,33.1,32.5,32.2,32.3,32.5,33.9,32.4,32.8,32.9,33.4,33.6,33.8,33.3,34.4,34.2,34.0,34.2,33.6,33.3,34.4,34.4,32.7,32.0,33.6,33.0,33.2,33.2,32.3,32.3,32.7,33.4,32.1,32.4,32.4,32.4,32.7,32.4,33.2,33.4,33.9,32.9,34.2,34.6,33.4,33.3,33.7,34.8,34.1,33.1,33.4,33.8,34.2,33.3,34.2,31.3,32.1,33.3,33.3,32.0,32.4,32.4,32.6,33.0,32.1,33.1,33.2,nan,32.3,32.8,32.8,32.9,33.0,33.5,34.6,33.7,33.8,34.7,34.3,34.0,33.3,33.7,34.1,33.7,32.7,34.0,33.0,33.3,33.0,33.4,33.0,32.8,33.2,32.7,33.1,32.7,33.6,31.9,32.6,33.4,32.9,32.4,33.4,33.6,33.2,32.6,34.9,33.8,35.1,34.6,33.9,34.7,34.0,34.2,34.3,34.2,35.1,34.0,32.5,34.1,33.1,33.3,33.6,32.4,32.4,33.0,33.4,32.5,32.3,32.8,33.2,32.5,32.0,33.3,33.0,32.7,32.4,33.4,34.3,33.3,33.2,34.9,34.0,33.7,33.7,35.0,35.5,34.3,33.8,34.6,33.8,33.5,33.6,33.2,32.5,32.8,32.9,31.4,32.2,32.5,33.6,32.4,33.4,33.3,33.2,32.1,32.8,32.6,33.4,32.4,33.2,33.3,33.1,33.1,34.2,33.8,34.4,33.5,34.1,33.9,34.9,33.8,33.0,32.7,33.4,33.4,33.6,33.0,33.0,33.2,32.5,33.4,31.8,33.5,33.7,32.4,32.7,32.7,33.7,32.9,32.8,32.9,32.8,33.4,34.4,34.3,33.2,33.7,32.6,34.0,34.1,33.9,33.3,34.9,33.3,33.8,33.0,33.8,32.6,32.8,33.3,33.8,33.3,33.1,32.4,32.9,32.2,33.6,34.0,32.0,32.9,32.6,32.9,33.1,33.5,33.3,34.2,33.1,33.3,33.8,33.8,32.1,34.1,33.7,34.8,32.9,34.7,32.7,33.5,34.1,33.7,32.0,32.7,33.9,32.8,32.9,32.4,33.1,33.6,33.1,32.9,32.4,33.6,32.9,32.7,33.0,33.1,32.6,34.0,34.8,34.4,33.3,32.6,33.3,33.4,33.7,32.9,33.8
1785303096.642639,395,33.4,31.6,33.1,33.2,33.6,31.5,32.1,32.3,33.6,32.3,31.9,32.0,32.3,32.6,32.5,32.3,32.5,31.9,32.1,32.3,32.5,31.7,32.1,31.6,33.3,32.8,32.4,32.4,33.0,32.8,33.0,33.0,31.8,32.1,32.4,33.5,32.7,32.6,31.4,32.7,32.4,32.5,31.9,31.6,32.5,33.0,32.1,33.6,32.3,31.2,32.1,32.3,31.9,32.4,33.4,33.2,32.2,32.8,31.9,33.0,33.2,33.2,33.4,32.8,32.9,33.5,32.2,32.4,31.7,32.5,32.4,32.6,31.9,31.3,31.6,32.1,33.1,32.6,32.4,32.0,33.6,33.4,32.2,31.8,32.3,32.0,32.0,32.4,33.7,32.5,32.5,33.1,32.6,32.2,32.6,32.4,31.5,33.2,30.6,32.6,33.2,31.6,32.0,32.5,32.8,32.0,32.1,32.6,32.9,32.3,32.2,32.3,32.4,33.4,32.2,32.5,32.6,32.5,32.3,33.0,32.3,32.9,31.6,33.4,32.8,32.8,31.8,33.3,33.5,32.4,31.2,33.3,33.2,31.0,31.9,32.0,32.6,32.6,32.7,32.0,31.4,31.9,32.3,32.1,33.1,32.7,31.9,32.3,32.6,31.9,33.7,32.6,34.4,33.1,33.3,32.9,33.3,33.5,33.3,32.4,33.2,31.7,32.1,32.9,32.8,31.6,32.4,32.4,33.1,32.8,32.4,33.2,31.9,32.0,32.2,32.7,32.3,31.7,32.8,32.7,32.8,32.7,33.1,32.4,32.9,34.1,33.4,33.6,32.3,34.0,33.2,32.9,34.1,32.6,32.0,31.3,33.3,32.1,32.4,33.0,33.3,32.5,32.3,33.0,32.5,31.7,32.2,31.4,32.9,32.0,31.7,32.8,33.4,32.9,32.3,33.5,33.7,34.3,32.0,32.5,32.8,32.1,33.1,33.0,31.2,30.7,32.2,32.9,31.4,33.0,32.4,33.2,32.6,32.7,31.9,32.6,32.1,32.7,33.1,32.9,32.0,32.4,32.2,32.8,33.1,32.2,33.1,33.2,34.0,34.3,33.1,32.6,33.1,32.1,32.9,33.5,32.6,32.7,32.2,31.8,33.3,32.2,32.1,32.4,33.2,31.8,32.5,32.9,32.7,32.0,31.7,32.8,33.2,32.3,32.5,31.8,33.2,32.5,31.9,33.3,35.3,34.5,33.8,33.7,34.3,32.4,32.9,32.3,33.1,32.1,33.1,32.4,32.2,32.1,32.4,32.2,32.8,33.0,32.8,32.9,33.3,32.4,32.0,32.9,31.7,33.4,31.7,32.6,33.0,33.0,32.3,33.6,34.4,34.5,33.0,34.0,32.9,33.1,30.9,33.3,33.2,32.1,31.9,32.2,32.5,32.5,31.5,32.7,32.7,32.4,32.3,32.1,33.3,32.3,32.5,32.5,32.6,32.3,32.5,32.5,33.2,32.8,33.5,32.3,33.8,33.5,33.9,33.5,33.4,32.2,32.8,33.0,32.0,31.9,33.1,31.4,32.2,32.5,32.4,33.1,32.7,32.4,31.6,32.5,33.5,32.5,32.3,33.7,33.1,33.1,32.0,31.8,33.3,34.1,33.9,33.1,33.0,34.0,33.0,33.8,32.4,33.5,32.1,33.0,33.1,32.5,32.3,32.8,33.0,33.7,32.3,31.8,32.9,32.8,32.2,32.1,32.2,32.1,32.7,32.5,33.1,32.5,32.4,32.2,33.7,33.1,34.0,33.0,33.7,33.3,33.7,33.5,32.8,32.4,32.6,33.4,32.5,32.3,33.1,32.8,32.0,33.2,32.6,32.9,32.8,32.4,32.8,32.1,32.2,32.5,33.2,32.8,33.1,32.8,32.7,32.2,32.8,33.6,34.3,33.8,33.5,34.5,33.1,34.7,33.1,34.2,33.5,33.6,33.1,32.8,32.3,32.0,32.7,32.5,33.2,32.4,32.8,32.9,32.6,32.6,33.1,32.8,32.6,32.3,32.6,32.2,32.9,32.5,33.5,33.1,33.6,33.3,34.2,32.5,33.4,33.8,33.8,33.2,33.6,32.4,31.9,32.0,31.8,32.5,32.1,32.7,32.5,32.4,32.2,33.3,32.4,33.5,32.1,32.2,32.7,32.9,32.5,33.0,32.3,33.7,32.7,33.0,33.7,34.0,33.7,34.3,33.7,34.2,33.5,33.7,34.9,33.2,32.7,32.8,33.4,32.5,32.4,32.9,31.9,32.4,33.2,32.9,32.1,33.1,33.5,32.1,32.6,32.5,32.7,32.8,32.4,33.0,32.9,32.5,33.9,33.5,34.9,33.8,33.7,33.4,34.9,33.9,34.0,34.8,32.6,32.8,32.9,32.9,33.0,32.6,32.1,33.3,33.2,33.0,32.2,33.0,32.7,nan,32.0,33.3,32.5,33.0,32.4,33.4,32.4,33.3,34.2,33.9,33.9,34.4,34.6,33.7,33.8,33.9,33.8,36.0,33.0,32.8,32.0,32.5,33.0,33.2,31.9,32.6,32.9,32.6,32.7,32.3,32.9,32.5,32.4,32.1,32.2,32.8,32.4,32.7,33.2,32.7,33.6,32.8,34.6,35.3,35.2,34.1,34.3,34.1,33.7,33.9,31.5,33.3,33.4,33.5,33.4,32.4,32.6,33.0,32.7,32.6,32.2,31.9,32.3,32.9,32.6,33.5,33.7,32.5,32.4,32.9,33.4,32.8,33.1,33.5,33.8,34.2,34.3,34.7,33.4,33.7,33.9,33.6,33.8,33.0,32.2,33.5,32.7,32.3,31.9,32.9,32.9,31.5,33.1,32.8,33.4,33.5,33.9,33.2,32.9,32.6,33.0,32.5,33.6,33.2,34.0,32.8,34.0,34.4,34.4,34.0,34.1,33.9,33.8,33.0,31.7,32.4,32.7,32.3,32.7,33.0,32.0,33.2,31.5,33.0,32.4,32.6,32.2,33.0,32.8,33.4,33.2,32.7,32.7,32.5,32.6,32.7,34.1,33.2,33.8,33.7,33.6,34.0,33.2,33.7,33.4,34.3,33.7,32.8,32.3,32.8,33.2,34.1,32.7,33.1,32.5,32.4,33.3,32.8,34.0,32.4,32.2,33.2,32.5,32.6,32.2,33.0,32.7,33.2,31.6,33.0,34.8,33.9,33.6,34.0,33.2,32.3,33.5,33.9,32.5,32.7,32.5,32.8,33.2,33.2,31.8,33.1,32.5,32.2,33.2,33.3,32.3,31.9,33.5,33.1,32.6,33.4,32.1,33.1,32.8,32.7,33.5,33.1,33.4,33.8,33.5,34.7,32.7,33.9,32.6,34.4
1785303098.8404655,396,33.3,32.1,32.8,33.0,32.4,32.6,33.1,32.3,32.3,32.7,33.5,33.0,31.5,32.4,33.0,31.7,32.6,31.9,32.6,31.7,33.4,32.5,32.6,32.4,33.0,33.4,34.0,34.1,33.2,32.5,32.9,32.0,32.0,32.0,32.4,33.8,32.5,31.6,32.5,31.7,32.6,32.1,31.9,33.4,32.7,32.5,32.6,33.5,33.0,32.4,32.6,34.0,32.5,32.3,33.2,33.5,32.1,32.7,32.6,35.0,32.6,33.1,31.9,33.6,32.6,32.1,31.2,32.2,32.3,32.3,33.7,32.2,32.2,32.8,33.5,32.1,32.3,32.5,32.5,31.8,33.0,32.0,33.0,32.7,33.2,32.4,33.0,32.9,33.2,33.6,34.4,33.1,33.6,31.6,33.4,33.9,31.2,32.4,32.7,32.9,32.5,33.2,33.6,33.4,33.0,32.9,32.8,33.8,32.0,32.4,31.5,33.4,32.9,33.4,32.6,33.8,32.2,32.9,32.0,33.1,32.7,32.0,32.6,33.9,33.2,32.3,33.0,35.0,32.6,32.6,32.9,32.7,31.7,32.3,33.5,31.8,33.5,31.9,32.4,32.9,32.7,31.9,32.7,32.2,32.2,33.1,33.5,32.8,32.5,32.4,33.4,32.9,32.3,32.5,32.4,32.9,33.2,33.7,32.5,32.4,34.3,32.7,31.4,33.8,33.2,31.1,32.1,33.8,31.9,33.2,32.2,33.6,32.9,32.1,32.6,33.3,32.8,32.9,31.9,33.1,32.3,32.8,33.4,33.6,33.4,33.6,33.2,34.5,32.3,33.7,32.6,33.4,32.5,31.1,32.3,31.9,33.0,33.0,33.4,32.7,33.2,33.0,33.0,31.9,33.2,32.7,33.5,32.3,32.4,32.9,32.7,33.0,32.6,31.6,33.2,33.8,34.4,33.4,33.6,32.4,34.2,33.7,34.7,32.1,32.3,32.1,32.2,33.0,31.6,33.8,31.6,33.1,33.1,32.7,32.6,34.1,32.3,32.1,33.0,33.6,32.6,32.0,31.7,32.4,33.2,32.5,32.8,34.3,34.5,35.2,34.0,34.1,33.7,33.7,32.2,34.0,31.4,32.7,31.9,32.6,33.5,31.7,34.4,32.7,33.1,32.4,33.5,33.1,32.8,32.5,33.1,32.9,33.7,32.3,33.2,33.2,32.4,33.1,32.3,32.4,34.1,34.7,34.1,32.9,33.6,32.8,32.6,33.5,32.8,32.6,32.7,33.5,31.8,32.9,32.6,33.3,34.6,32.6,31.9,33.8,31.5,32.3,31.7,33.5,32.2,32.2,32.0,33.2,33.1,33.0,33.8,33.9,34.1,33.8,33.7,35.1,32.6,32.4,32.7,33.8,33.6,32.3,32.2,32.6,33.4,32.7,32.1,32.9,32.9,32.7,32.4,32.0,33.6,33.1,32.6,32.2,33.1,32.2,31.9,32.0,33.4,32.0,34.1,33.6,33.4,33.5,34.1,32.8,32.2,32.2,33.6,32.0,32.8,32.0,32.1,33.5,32.4,33.6,31.9,33.3,33.3,32.6,32.6,33.5,33.5,33.0,32.6,34.3,30.9,33.0,32.0,33.0,32.5,33.0,33.0,34.2,33.1,32.7,33.1,33.6,33.9,32.6,33.1,33.8,32.6,34.0,34.0,32.6,33.1,32.8,33.1,31.1,33.1,32.9,33.2,32.4,34.1,32.6,32.9,33.6,32.8,32.9,33.2,32.8,32.5,34.0,33.6,33.8,33.8,32.8,35.0,33.5,33.3,33.3,32.7,32.4,32.7,32.6,32.9,33.1,32.9,33.1,32.1,32.6,33.1,32.3,32.8,33.3,33.0,32.9,32.4,33.2,32.7,32.6,32.9,33.2,32.4,34.1,31.4,34.4,32.3,33.4,33.5,34.6,33.7,33.7,32.5,34.4,32.8,33.2,32.6,33.2,32.9,32.0,33.6,33.1,32.9,32.6,32.4,32.0,32.3,32.8,32.5,32.0,33.4,32.3,33.8,32.7,32.9,33.0,34.9,33.5,33.8,34.2,34.3,33.5,33.5,33.7,34.4,32.2,33.0,32.5,33.1,33.9,32.1,32.2,32.7,33.2,32.3,32.2,32.7,33.5,32.7,32.7,33.0,32.9,32.1,33.0,33.3,33.9,32.8,33.9,33.4,34.2,33.7,34.0,32.8,35.2,33.7,33.2,33.9,34.3,33.3,32.8,32.9,34.0,32.7,31.9,33.6,32.6,33.1,32.1,32.6,33.5,32.6,32.3,33.3,33.3,32.9,32.8,33.6,33.1,33.1,33.0,33.6,34.7,35.2,33.7,34.3,33.4,33.7,33.9,34.7,33.0,31.9,32.9,32.1,33.0,32.7,31.9,32.6,33.7,33.2,32.9,32.4,33.4,32.7,nan,33.2,33.2,33.0,32.9,33.0,33.6,32.9,33.9,33.7,34.9,34.4,34.3,33.4,33.3,33.0,33.0,34.0,36.5,32.9,33.2,33.7,32.7,32.9,32.9,33.1,32.9,32.4,32.4,32.9,32.6,32.7,33.0,33.0,33.3,33.1,32.5,32.6,33.8,33.6,33.5,32.8,33.7,35.0,35.3,36.0,33.9,33.9,34.3,35.6,35.1,33.0,33.0,33.8,33.6,32.1,32.3,32.5,34.7,32.4,33.4,31.7,33.7,32.4,32.9,32.1,32.9,32.4,33.7,32.9,33.8,32.6,32.9,32.5,34.3,33.6,34.6,33.4,36.7,34.3,33.4,34.1,35.7,32.5,33.0,33.5,33.3,33.9,33.1,32.8,33.1,32.6,32.1,33.1,33.0,33.8,32.5,33.1,32.7,32.7,32.6,33.1,32.1,32.3,32.8,32.8,33.0,33.5,34.1,34.7,34.0,34.5,33.6,35.4,35.4,31.7,33.4,33.1,34.9,33.5,33.0,32.9,33.7,31.6,33.6,31.9,33.2,33.1,32.9,33.4,33.6,32.9,32.8,32.7,33.8,32.6,32.0,33.4,33.8,32.9,33.4,33.4,35.0,32.2,33.4,33.6,34.8,32.9,32.5,33.5,33.9,32.7,33.1,33.0,32.6,31.7,33.0,34.2,33.0,32.4,32.1,32.4,32.6,33.1,32.1,33.7,32.8,33.3,32.7,34.1,33.2,33.9,33.4,35.1,32.6,33.3,32.5,34.9,33.7,32.8,32.6,32.5,34.2,33.0,32.9,32.6,33.2,32.5,32.8,32.5,34.4,31.9,32.3,33.0,32.8,32.4,32.6,32.6,33.6,33.0,33.2,32.4,33.7,33.9,34.5,34.1,34.0,32.7,34.0,34.0,35.2
1785303101.0521474,397,32.6,32.2,31.4,33.4,32.3,32.1,31.7,33.0,33.4,33.3,31.9,32.1,32.0,33.7,32.1,32.0,32.7,32.6,33.1,32.4,32.9,32.2,31.5,32.9,33.3,32.5,32.0,32.7,34.4,34.0,31.2,32.4,33.8,33.6,33.2,32.2,33.7,32.8,32.6,32.4,32.5,32.7,32.9,32.5,32.6,32.6,32.4,32.4,31.7,33.2,33.3,33.4,33.5,33.4,32.8,32.4,33.0,32.4,33.1,33.0,34.0,33.4,32.3,33.7,32.7,32.9,31.8,32.1,33.2,33.0,31.4,31.7,33.6,32.0,31.8,32.2,32.7,32.2,31.5,32.8,32.6,33.7,31.9,32.5,33.1,33.0,32.2,31.9,33.7,33.0,32.3,33.2,33.5,32.3,33.3,33.5,33.3,33.2,32.3,33.7,32.4,33.1,32.9,33.5,33.1,33.7,32.1,32.4,32.8,33.5,32.6,32.5,32.7,33.9,32.7,32.3,32.2,33.9,32.3,32.9,32.8,32.8,32.3,33.0,34.0,34.0,33.6,32.6,33.9,32.3,31.6,32.8,32.6,33.1,31.7,32.5,32.9,33.3,32.5,33.2,32.8,32.3,31.9,32.8,33.0,32.5,31.9,32.0,32.8,32.4,31.5,33.6,33.5,33.2,32.1,33.1,33.9,32.8,33.1,33.2,33.3,33.3,33.1,33.1,32.9,33.1,32.7,32.6,32.5,32.8,33.2,31.8,31.7,32.7,32.5,32.9,33.4,32.9,32.4,32.7,32.6,32.7,32.3,33.1,33.7,33.6,33.3,32.9,32.6,33.2,32.7,32.9,33.2,34.1,32.8,33.1,33.1,33.7,31.8,32.6,33.1,33.5,32.3,33.0,31.8,33.6,32.2,32.2,32.7,33.1,32.2,32.4,32.9,33.4,33.0,34.1,33.7,33.2,32.6,32.1,32.2,34.0,32.0,32.9,32.5,33.1,32.9,31.5,32.8,33.0,33.4,31.8,32.9,33.4,32.5,32.2,32.8,32.6,32.8,32.1,32.8,32.7,32.6,32.1,32.9,32.9,34.7,34.4,34.8,34.5,33.4,32.6,32.8,33.6,33.6,32.9,32.4,33.1,31.0,32.7,32.9,32.5,32.8,32.8,31.8,32.0,32.0,33.0,33.0,33.2,32.1,32.4,32.9,32.9,32.5,33.0,33.0,32.3,32.7,34.2,35.6,35.1,33.3,33.4,33.5,33.6,31.9,32.8,32.8,32.5,32.2,33.4,33.0,33.3,33.6,31.6,34.1,33.2,32.2,32.1,32.1,32.9,32.7,32.8,32.8,32.8,32.4,32.9,33.6,33.1,33.6,34.6,34.4,34.3,32.4,33.7,33.0,33.1,33.0,32.5,33.5,32.7,32.5,32.9,33.3,33.0,32.2,32.9,33.3,32.9,32.1,33.2,33.7,33.1,32.0,32.1,33.2,33.2,31.4,32.9,33.2,33.7,33.2,33.7,34.5,34.1,33.7,34.2,33.9,33.5,32.2,33.1,32.8,32.9,33.4,32.6,32.5,32.8,32.9,32.5,33.4,33.4,32.6,32.9,33.4,33.2,33.4,32.5,33.1,33.4,32.5,32.9,33.9,34.4,32.9,33.9,33.4,34.3,33.6,33.7,33.4,33.5,32.8,32.7,33.7,33.1,31.7,32.1,33.2,33.0,32.6,33.3,32.3,32.5,32.2,32.9,34.0,32.9,32.2,32.8,33.4,32.9,31.7,33.3,33.7,34.2,33.5,33.9,34.7,33.8,33.9,33.8,33.8,33.1,33.2,32.7,34.3,32.9,31.9,32.8,33.6,32.7,32.9,32.2,32.9,33.2,32.9,32.0,33.0,33.8,32.6,32.7,33.3,33.6,32.7,32.3,33.3,34.4,33.5,34.3,33.3,34.0,34.3,33.1,33.8,33.3,32.7,32.4,33.1,33.9,32.1,33.1,33.4,33.3,32.4,32.7,33.2,32.7,32.5,33.2,32.9,32.4,32.2,32.9,34.3,33.1,31.7,33.1,33.2,34.2,32.9,33.6,33.7,33.6,32.3,33.4,34.7,34.2,33.6,33.9,33.1,32.4,32.5,32.5,32.8,33.0,33.0,33.1,32.8,32.7,33.5,32.6,33.0,33.1,33.1,32.5,33.1,33.3,32.9,32.9,33.1,34.4,34.3,33.2,33.1,34.0,33.5,33.5,34.2,34.4,34.1,33.0,33.8,33.3,30.7,32.8,33.0,32.8,32.8,32.5,33.0,33.2,32.5,32.6,33.2,32.9,32.9,32.8,33.2,33.4,32.4,33.6,34.2,34.1,33.2,34.4,34.2,33.8,32.8,33.7,34.3,34.6,34.0,35.2,33.3,34.0,32.3,32.5,32.8,32.5,33.7,32.0,33.0,33.3,32.5,32.6,33.0,nan,33.0,33.0,33.3,33.2,32.3,32.4,32.3,35.1,33.8,33.0,33.8,34.2,33.9,34.8,34.1,35.2,35.1,34.8,33.2,33.1,32.6,33.8,33.0,33.5,32.3,32.9,33.0,33.4,32.0,33.1,33.1,31.9,32.3,32.9,33.9,32.4,32.6,32.5,33.2,33.8,32.5,33.8,35.5,34.7,33.2,34.1,34.7,34.6,34.1,35.2,33.0,33.9,33.3,33.5,33.6,34.2,33.3,33.0,33.4,33.7,32.9,33.0,32.9,33.0,32.5,33.0,32.7,32.7,32.7,33.2,32.7,32.7,33.4,34.1,34.8,34.6,34.8,33.9,33.5,35.0,32.7,33.8,33.8,32.9,32.6,32.8,34.6,33.2,32.1,33.4,32.7,33.1,31.9,32.6,33.2,32.8,32.7,32.3,33.1,33.9,33.0,32.3,33.6,33.0,32.5,33.8,35.2,34.7,35.1,34.9,33.3,34.3,32.8,33.6,33.4,33.1,33.2,32.9,33.0,33.1,32.5,32.1,33.4,33.4,33.4,32.4,33.2,32.9,32.2,32.7,33.0,33.0,33.2,32.9,33.7,33.9,33.0,33.6,34.4,35.0,33.7,34.3,33.9,32.9,32.5,33.4,33.5,33.6,32.8,33.4,34.0,32.6,32.1,32.5,33.3,33.8,32.0,33.1,34.7,33.4,32.7,32.9,32.4,33.1,32.2,32.6,33.1,33.8,32.9,33.3,35.3,33.9,32.0,33.5,34.7,33.3,33.9,34.0,33.6,32.0,33.7,32.6,34.1,33.8,33.7,33.3,32.6,33.2,33.1,32.4,33.3,33.1,32.2,32.0,33.6,32.6,32.9,33.3,33.1,32.7,34.0,33.6,34.6,34.9,33.6,34.7,32.4,34.7,33.4,34.7
1785303103.2285745,398,32.2,33.7,32.8,32.8,31.7,32.4,30.7,33.6,32.3,32.0,32.2,33.2,31.9,32.6,32.4,32.3,31.5,31.3,32.4,33.2,31.7,31.7,31.8,33.0,31.2,32.8,33.0,34.6,33.6,32.5,32.7,32.3,32.8,30.9,34.3,31.4,32.3,31.6,33.1,32.4,32.4,32.1,33.4,33.0,32.5,31.1,32.1,32.7,31.8,31.6,33.7,31.8,32.1,32.2,32.1,31.9,32.6,32.1,32.8,33.1,33.2,32.6,33.4,32.9,31.8,33.3,31.4,33.3,31.0,32.3,32.3,32.0,32.4,32.4,31.2,33.2,32.3,32.3,31.2,32.7,32.0,32.2,32.0,32.5,31.5,33.6,32.5,32.0,33.8,32.1,32.6,33.5,33.4,33.3,32.2,33.4,33.9,32.4,33.6,31.1,31.7,30.9,33.4,32.6,31.7,31.8,31.8,32.0,31.7,32.6,33.6,32.9,33.1,32.6,33.1,32.1,32.6,31.9,33.1,32.6,33.1,32.8,33.0,32.7,33.9,32.5,33.7,33.7,31.2,33.3,31.8,31.8,32.5,32.3,32.4,33.0,33.0,32.5,31.9,32.5,32.9,32.2,32.9,32.6,32.4,32.3,32.5,33.4,31.7,32.2,33.6,33.5,32.5,33.1,32.6,33.3,32.8,32.6,33.0,33.3,33.2,31.6,31.8,31.5,33.8,31.3,33.0,32.5,32.8,32.2,33.3,32.4,32.8,31.9,32.6,32.1,32.8,32.0,32.8,33.0,32.3,32.4,33.9,32.6,33.1,31.7,33.0,32.4,33.1,31.9,33.9,32.1,31.3,32.4,31.7,32.9,31.5,33.2,33.0,32.8,32.0,33.0,32.9,32.2,31.6,32.2,32.6,32.9,32.1,32.5,32.2,32.8,32.4,32.9,32.6,34.0,33.1,33.4,32.5,33.8,32.7,32.9,32.4,33.4,32.6,31.9,32.6,31.6,32.5,32.1,32.9,32.2,32.4,32.4,32.7,32.5,33.1,31.7,33.6,32.2,32.2,31.4,33.1,32.2,32.8,31.2,34.4,33.8,33.7,33.4,32.9,32.3,33.3,32.4,34.3,33.2,31.9,33.2,31.9,33.2,31.9,33.5,32.3,33.1,31.7,33.0,32.9,32.9,32.0,32.9,33.4,32.8,31.6,33.3,32.9,32.9,32.1,32.3,34.1,35.0,33.9,34.2,32.2,33.1,32.2,32.2,32.6,33.7,33.3,31.1,32.2,31.1,32.2,31.6,32.9,33.3,33.3,31.3,32.8,31.0,32.6,33.0,33.7,32.4,32.8,32.0,32.6,32.5,33.0,31.4,34.1,34.4,34.0,34.2,33.5,32.3,33.8,32.8,33.1,33.4,32.3,33.2,31.6,33.0,31.9,32.3,32.3,33.6,32.4,32.6,32.4,32.8,32.4,32.5,32.3,32.6,33.1,32.3,33.6,32.8,32.5,33.4,32.8,34.0,33.4,34.2,32.9,32.7,32.9,33.3,31.7,31.8,33.3,32.0,32.9,31.9,32.9,31.3,33.5,32.8,33.7,31.8,33.1,32.4,32.8,31.7,33.5,32.1,33.0,32.8,32.8,32.2,33.3,33.0,33.4,33.3,33.6,32.7,33.3,33.4,32.4,32.5,32.3,33.1,31.8,32.8,32.6,33.2,32.4,32.7,32.7,32.2,32.1,32.4,32.7,33.6,31.3,32.0,32.5,32.5,32.3,32.6,32.1,33.0,33.0,33.2,34.4,35.0,34.1,33.0,33.3,33.4,32.9,32.8,32.3,33.2,33.1,31.4,33.5,32.3,33.7,32.4,32.4,32.6,32.3,30.9,33.1,32.9,32.2,32.7,33.2,32.4,33.3,31.9,33.3,33.0,34.1,33.5,33.8,33.6,33.5,33.2,35.4,32.7,33.5,33.0,32.5,33.3,31.3,33.2,32.4,32.6,31.7,32.9,33.3,33.2,31.3,33.1,32.6,32.3,32.0,32.3,32.2,32.8,32.5,32.5,33.1,33.2,32.9,33.1,33.3,34.1,33.8,32.6,34.2,33.9,33.5,34.1,33.3,34.4,33.4,31.5,33.5,32.6,32.9,31.7,33.2,33.4,32.3,31.8,33.5,32.2,32.6,32.1,33.2,32.0,33.5,32.4,32.5,32.5,33.5,33.1,34.0,33.9,33.5,32.9,34.4,34.7,33.2,33.0,33.5,33.2,32.2,33.2,33.3,32.7,32.4,31.9,31.1,33.5,31.9,33.4,32.6,33.1,32.1,33.0,32.3,33.1,32.8,33.1,32.2,32.8,33.0,34.0,34.3,34.3,32.6,33.0,33.6,33.7,33.7,33.2,34.9,33.6,32.6,30.8,33.3,32.2,33.6,31.2,33.5,32.3,32.3,32.2,32.5,32.4,33.1,nan,33.3,32.7,32.9,32.6,33.5,32.8,33.8,33.9,34.4,33.9,34.2,32.5,34.4,33.1,33.8,33.2,35.7,34.1,31.8,31.7,32.5,32.9,31.8,33.1,32.6,33.1,32.1,32.9,33.1,33.3,31.2,33.3,32.2,33.2,32.5,32.2,32.5,33.7,32.0,32.7,34.0,34.9,33.7,35.1,33.5,33.9,33.1,33.5,34.6,33.9,33.5,31.5,33.2,32.1,32.9,32.3,33.9,32.0,33.1,31.7,33.6,32.9,32.8,32.1,32.7,32.9,32.9,32.1,32.8,33.5,33.1,31.7,33.9,34.0,33.8,33.9,35.9,34.9,34.1,33.8,34.5,32.7,31.6,33.2,32.9,34.3,32.6,33.8,32.8,32.8,32.3,32.6,33.0,33.8,33.0,32.8,31.8,33.5,32.8,32.5,32.3,32.8,32.5,32.7,33.5,33.7,33.9,33.3,35.0,34.9,34.0,33.0,34.2,33.0,33.5,33.7,33.3,32.4,32.9,32.9,33.7,32.6,33.6,31.9,32.2,32.9,32.8,32.4,33.8,32.1,33.4,32.8,32.6,31.9,34.1,32.4,34.7,33.5,34.1,34.2,34.6,34.4,33.4,32.8,34.1,34.4,32.2,33.2,33.1,33.7,32.3,32.9,33.0,33.3,32.3,32.4,32.8,33.5,32.3,33.3,32.8,33.2,32.1,33.0,32.3,34.9,31.9,33.2,32.6,33.7,33.4,33.5,33.5,33.0,32.9,33.8,34.5,34.6,33.7,32.6,34.7,33.4,33.0,32.3,33.4,33.4,32.1,31.0,33.9,33.4,32.3,32.1,33.5,32.5,32.4,31.8,33.0,32.7,33.7,32.8,34.4,34.1,35.2,32.8,34.7,33.2,34.1,33.8,34.6,34.3
1785303105.2548475,399,33.3,33.5,32.3,32.8,31.7,32.0,32.4,32.3,32.7,31.7,32.5,32.2,34.4,32.2,32.6,33.4,33.7,33.0,32.6,32.8,33.4,32.3,32.3,33.2,32.7,33.0,32.1,33.0,32.5,32.5,32.1,33.8,32.3,32.7,31.9,32.8,32.0,33.1,32.7,31.7,32.6,33.0,33.2,32.4,31.6,32.9,33.4,33.4,32.3,32.5,32.5,32.2,33.8,32.3,33.0,32.9,33.6,33.7,33.6,33.3,33.4,33.5,33.6,33.6,32.8,33.5,31.6,33.8,33.7,32.7,31.7,33.2,32.2,32.6,32.6,32.8,33.2,32.1,32.3,32.5,32.3,32.2,31.7,32.5,32.8,32.2,32.8,32.2,33.7,32.3,32.5,32.4,32.5,32.4,32.0,32.7,34.1,33.5,32.0,33.6,33.8,33.0,32.4,33.8,32.6,32.7,32.5,32.8,33.4,33.2,32.7,32.0,33.4,32.6,32.6,32.8,33.1,32.2,32.7,32.9,34.3,33.1,32.8,33.7,33.7,33.5,32.5,32.7,32.6,32.8,32.6,33.3,32.1,32.7,32.2,32.0,33.1,33.0,33.1,33.0,31.6,32.4,33.3,32.4,31.9,32.9,32.7,32.9,33.2,33.8,33.0,33.4,33.7,33.8,33.2,32.5,34.6,33.5,33.8,33.5,32.9,33.1,32.1,33.2,33.8,32.8,33.4,31.9,32.7,33.2,32.2,32.7,33.2,32.7,32.6,32.3,33.1,32.4,32.8,32.9,32.1,32.4,32.9,33.6,33.1,33.6,32.7,32.9,32.9,34.1,33.0,33.6,32.9,32.9,33.1,32.1,32.4,32.6,32.1,32.7,33.0,33.5,32.1,32.4,32.4,33.4,32.2,32.9,32.7,32.1,32.9,33.1,32.2,33.1,34.2,34.0,33.9,34.3,34.1,32.7,33.4,34.1,33.2,32.7,33.4,34.0,32.2,33.2,32.3,33.6,33.1,32.7,32.6,33.2,32.1,32.9,32.8,33.1,33.0,32.8,32.5,32.5,32.0,31.8,33.5,33.1,33.9,34.5,33.6,34.8,33.8,33.3,34.4,34.3,34.1,33.6,31.8,32.9,32.7,32.8,31.3,32.6,32.8,32.9,34.5,32.7,33.0,32.6,32.6,32.6,32.1,33.1,33.4,33.4,33.0,32.8,32.9,32.0,33.9,34.1,35.0,34.8,33.0,33.5,32.9,32.9,32.6,33.3,32.8,32.2,32.9,32.5,33.8,32.5,32.6,32.7,34.5,32.6,32.4,33.3,33.4,32.9,34.2,33.3,33.4,33.0,31.7,32.3,32.5,33.0,33.3,34.0,34.3,35.0,33.7,34.1,33.5,33.0,32.7,33.8,32.1,32.3,33.0,33.5,33.3,32.7,32.8,33.8,32.9,33.1,33.2,33.4,33.2,32.5,32.4,32.3,33.1,32.3,32.1,33.0,32.5,33.3,33.2,34.1,33.7,34.2,33.7,33.2,33.6,32.4,32.6,32.4,33.9,33.0,32.9,33.4,32.7,33.6,32.4,32.6,33.5,32.8,33.1,32.5,32.0,32.7,33.0,32.4,33.8,33.6,32.2,33.1,33.0,33.8,33.8,33.8,33.3,34.0,34.2,33.6,33.3,33.0,32.9,32.8,33.4,32.3,33.4,34.0,33.6,33.4,32.3,32.5,33.6,32.8,33.0,32.7,32.8,32.3,32.9,32.8,32.9,32.6,32.3,33.5,34.1,34.4,33.9,34.3,33.4,33.7,34.5,34.1,33.3,33.1,32.6,33.4,32.7,33.4,32.9,32.7,32.8,32.5,33.7,32.4,33.0,32.8,32.8,32.8,33.2,33.0,33.3,32.6,33.5,33.2,33.0,32.5,34.4,32.9,33.2,33.9,33.1,33.7,33.3,33.4,33.5,33.5,33.5,33.2,32.8,33.8,33.2,33.4,33.3,33.4,33.0,33.1,32.6,32.8,33.2,32.1,32.9,32.6,32.3,32.3,33.1,33.0,33.4,33.1,33.6,33.8,33.8,33.1,33.3,33.3,33.1,33.8,34.2,33.0,33.0,33.8,32.7,33.3,32.9,33.1,32.7,33.3,33.0,33.3,33.0,33.3,33.0,32.2,33.4,32.5,33.0,32.7,33.7,33.0,32.6,33.5,33.0,34.0,34.3,33.6,33.2,33.5,33.5,33.9,34.4,34.1,33.3,33.3,33.7,33.6,33.2,33.2,32.1,32.7,32.2,32.7,32.4,32.2,32.6,32.5,32.9,32.6,32.6,33.0,33.1,32.8,33.1,33.8,33.1,34.0,34.5,34.5,33.6,34.5,33.1,33.4,33.9,34.5,35.3,33.6,33.2,32.6,32.9,32.3,33.2,32.6,32.5,32.8,32.9,33.0,32.2,33.3,33.1,nan,32.7,33.0,33.3,32.7,33.2,32.6,32.7,34.0,33.9,34.7,33.7,34.1,34.8,34.5,33.4,34.5,34.2,34.9,33.3,33.4,32.7,32.3,32.2,33.4,33.4,33.1,33.6,33.1,32.4,33.5,32.1,33.1,31.6,33.3,31.6,33.3,32.4,33.7,33.4,33.5,33.8,34.5,35.2,35.6,34.0,34.7,33.8,34.1,34.6,34.3,33.7,32.7,33.2,32.8,33.4,33.4,33.0,32.9,32.4,32.5,32.9,33.0,33.1,31.7,32.9,32.7,32.9,32.6,33.1,32.9,32.7,33.7,33.1,34.3,35.1,34.8,33.8,34.7,34.3,34.0,33.9,33.9,34.7,33.7,32.7,33.9,33.5,33.2,32.6,33.7,32.4,32.8,33.0,33.0,33.6,33.5,32.2,33.2,33.3,32.5,32.8,33.0,32.6,33.5,33.7,34.0,34.9,34.3,34.4,35.7,34.5,34.1,33.5,34.3,33.1,33.8,32.7,33.2,33.5,33.6,33.3,32.7,33.1,33.4,32.9,33.7,33.4,33.4,34.3,33.4,33.6,32.4,33.4,32.8,33.8,32.5,34.3,33.3,33.2,34.7,34.9,33.8,33.8,34.0,34.7,34.6,33.6,33.9,33.1,33.3,33.9,33.9,32.7,33.1,32.4,34.1,32.4,33.0,32.6,33.1,32.4,33.7,33.3,33.0,32.6,33.0,34.0,33.0,33.7,33.0,33.7,34.3,34.3,33.8,32.9,33.6,33.6,35.3,33.5,32.8,33.2,32.7,33.4,33.3,32.8,32.6,33.2,32.8,32.5,33.0,33.5,33.7,33.7,33.1,33.0,33.1,32.4,32.7,33.7,32.2,32.8,33.7,34.1,34.1,35.3,33.8,32.5,34.8,35.1,35.9
1785303107.340258,400,33.3,32.2,31.8,33.4,32.8,32.7,32.4,33.0,32.7,32.5,32.2,32.1,31.9,32.4,33.0,32.4,32.1,32.2,32.2,32.4,32.1,32.4,32.7,32.1,32.2,32.7,32.5,32.5,32.9,32.6,31.6,32.9,31.6,31.7,33.0,32.9,32.6,31.6,32.4,33.0,33.1,32.6,32.7,31.7,33.3,32.9,32.9,32.0,32.6,32.7,32.2,33.1,32.8,32.0,32.6,32.1,33.1,32.5,32.7,32.9,32.9,31.9,32.0,32.6,31.6,31.2,31.9,33.7,32.7,33.0,32.3,32.7,32.6,32.7,32.2,33.1,32.1,31.9,31.4,33.5,32.6,32.6,31.9,32.1,32.5,32.8,32.1,31.3,33.0,33.0,32.1,32.6,33.0,33.6,32.7,33.5,32.8,32.8,33.0,31.8,31.0,32.4,32.9,32.2,32.8,32.5,32.1,32.7,32.5,32.4,32.3,32.9,32.2,32.4,32.7,32.9,32.8,31.7,33.9,32.0,32.4,33.7,33.3,32.3,34.0,32.0,33.1,32.9,32.6,31.3,33.3,33.2,33.1,32.6,32.2,32.5,32.4,32.9,32.3,32.3,32.5,33.0,32.5,33.0,32.4,32.5,31.7,32.5,32.5,32.7,33.2,33.0,33.1,33.0,33.0,33.6,31.6,32.8,33.8,32.1,30.7,32.2,31.7,33.2,32.9,32.4,32.7,32.7,31.8,32.2,32.1,33.1,32.7,31.1,33.4,32.5,32.7,32.3,32.9,32.3,33.4,32.6,32.5,33.6,32.0,32.7,32.6,33.9,32.6,32.1,33.1,31.9,32.9,32.3,32.1,33.3,31.6,32.7,33.0,32.8,32.8,32.9,33.0,33.2,32.4,32.3,31.8,32.7,32.8,32.7,32.5,32.6,34.2,33.2,33.2,33.0,32.2,32.5,33.2,32.3,33.1,34.0,32.4,33.5,32.0,31.9,33.9,32.4,32.0,32.7,32.6,32.6,32.2,32.4,32.7,32.5,31.9,32.6,32.3,32.0,32.1,32.0,32.7,32.3,34.1,33.1,34.2,33.8,32.4,32.5,32.8,31.9,34.1,32.8,33.4,33.6,31.4,32.8,31.9,32.1,33.4,32.3,32.3,33.0,32.0,33.3,32.2,32.5,32.0,32.6,32.4,32.7,32.3,32.3,33.2,33.2,33.6,34.2,34.6,34.4,32.2,32.4,32.9,32.9,31.9,32.7,32.2,33.0,32.3,31.3,33.4,33.5,32.6,32.7,32.5,32.9,32.1,31.9,32.4,32.6,32.6,32.0,32.3,32.7,32.6,32.5,32.4,32.7,33.7,34.0,34.7,34.8,32.6,33.2,33.6,33.2,32.5,32.4,32.8,33.2,32.1,33.5,33.4,33.1,31.7,32.4,32.3,32.3,33.1,32.7,31.5,32.9,33.1,32.4,32.6,32.3,32.8,33.1,32.3,32.9,34.2,33.2,33.7,33.7,33.6,32.4,32.7,32.9,32.6,32.3,32.5,32.7,32.5,31.4,33.0,33.8,31.9,32.5,31.6,33.1,33.4,32.8,33.2,32.3,33.1,31.9,32.1,32.2,31.8,33.1,33.1,32.7,33.1,34.6,33.6,32.8,32.6,32.8,32.0,32.5,33.1,31.5,33.0,32.6,32.4,33.3,31.8,33.3,32.5,32.8,32.0,31.8,32.7,32.2,32.1,33.3,32.0,32.1,32.8,32.6,32.2,33.7,33.7,33.7,33.3,33.7,32.1,33.2,33.1,32.9,32.9,33.3,33.5,32.9,32.7,34.1,32.8,32.0,31.6,32.7,32.3,32.2,32.9,33.0,32.9,32.8,32.6,32.3,31.5,32.7,33.0,32.7,32.6,33.2,33.6,33.8,33.7,32.9,34.3,33.0,32.4,32.7,34.0,33.6,32.9,32.4,33.2,33.3,33.5,32.9,32.4,32.9,33.6,32.8,32.3,33.2,32.4,32.4,32.4,33.2,32.9,32.6,32.0,32.9,33.0,32.4,33.9,34.2,33.4,33.4,32.6,34.2,33.4,33.4,33.1,34.0,31.6,32.9,32.9,33.1,33.1,33.3,33.2,33.9,32.6,32.6,33.3,33.3,32.3,32.3,33.1,32.5,33.0,32.4,32.6,32.9,32.7,33.2,34.4,33.9,33.6,32.9,32.8,33.1,32.8,33.4,34.0,34.1,32.4,32.8,33.0,32.7,33.5,32.9,32.8,33.6,32.3,33.5,32.6,32.1,32.7,33.5,32.8,32.4,32.4,32.6,33.1,33.9,32.4,32.9,33.6,34.4,34.4,33.3,33.6,33.9,34.1,33.6,33.6,33.0,33.5,34.9,32.3,32.7,32.5,31.2,32.5,31.8,32.4,32.4,32.9,33.3,32.6,32.7,32.8,32.4,33.0,nan,32.8,33.0,32.7,32.7,34.3,34.2,34.1,34.2,34.2,32.6,32.6,33.2,33.5,34.1,35.4,33.4,33.7,33.3,34.0,32.3,32.9,32.8,31.6,33.4,32.7,33.0,32.4,32.9,33.1,33.6,32.8,32.6,33.3,32.9,33.0,32.4,33.8,33.8,34.1,35.1,34.1,34.1,34.5,33.3,33.9,34.0,34.4,35.4,33.8,33.4,32.5,32.3,32.7,33.0,33.4,32.5,33.3,32.9,32.8,33.1,32.8,32.9,32.9,32.3,32.8,32.9,32.9,32.3,32.9,33.6,34.2,34.4,34.2,34.0,34.4,34.1,34.6,33.4,33.9,34.0,33.8,33.3,32.1,33.3,33.1,33.8,31.6,32.4,32.6,33.2,33.0,33.0,33.1,33.3,33.5,33.1,32.6,33.4,32.0,33.2,32.4,32.9,33.5,34.3,35.1,35.2,34.2,34.0,33.5,34.1,35.1,34.1,33.9,32.7,32.1,32.8,32.6,33.2,33.0,33.0,32.5,33.3,33.2,32.0,33.2,32.9,33.4,32.4,33.2,33.0,32.7,32.8,32.7,33.1,33.9,33.1,33.7,34.2,33.7,33.6,33.7,34.8,33.7,33.6,33.5,34.4,32.9,33.1,33.3,32.7,32.5,33.2,32.0,33.0,32.8,33.3,32.4,32.9,32.4,32.7,33.0,32.8,33.0,33.4,33.3,33.1,33.0,33.5,33.9,34.4,33.2,33.3,33.5,33.7,32.9,34.7,33.6,33.3,32.6,33.5,32.2,32.7,32.9,32.3,32.3,32.6,32.6,33.0,32.9,32.5,33.3,32.6,33.1,31.7,32.7,33.2,33.3,32.5,32.9,33.0,32.7,33.7,33.5,33.1,33.2,33.2,32.4,33.2,33.4,32.7
1785303109.54595,401,32.0,32.3,33.3,30.9,32.4,31.2,32.7,30.3,33.1,32.3,33.5,33.3,32.6,31.4,32.6,33.3,32.1,31.6,32.0,32.0,32.1,31.4,32.8,32.7,32.6,31.9,33.4,33.4,33.9,32.2,32.9,33.2,31.7,33.6,34.0,32.6,31.3,31.8,32.0,32.8,32.3,32.5,32.1,32.6,29.5,33.3,31.4,32.9,32.4,32.5,32.7,33.3,32.2,32.5,32.7,32.3,31.8,32.7,32.7,34.0,32.5,33.5,31.8,33.2,32.6,31.7,33.5,32.1,32.7,31.6,32.5,32.1,32.6,31.2,32.4,32.7,31.9,32.0,32.5,32.6,33.2,31.9,32.3,31.9,31.6,32.5,32.3,31.9,32.6,31.6,33.4,32.8,32.1,31.5,32.9,32.3,31.9,31.7,31.7,32.9,31.6,32.0,32.7,32.8,32.7,33.4,31.7,31.4,31.0,32.6,32.2,32.2,32.7,33.1,31.8,32.6,32.0,33.1,33.0,32.2,32.4,32.8,33.3,33.5,32.5,32.3,32.4,32.3,31.5,30.9,33.5,32.2,32.3,32.2,33.0,31.5,33.0,31.1,32.6,32.3,32.5,32.0,32.3,32.3,33.1,31.8,32.3,32.7,32.6,32.8,33.9,32.8,33.4,32.6,32.4,32.8,33.4,31.9,33.6,33.7,31.4,32.9,31.1,33.0,31.3,32.1,31.8,32.3,31.6,32.7,31.6,32.9,32.7,33.1,33.0,33.1,32.5,33.3,31.2,33.1,32.2,32.6,32.6,33.1,32.6,33.5,32.6,33.6,31.8,33.1,33.6,32.6,32.7,31.6,31.7,33.9,32.8,31.8,32.3,32.7,33.2,31.9,32.7,32.3,32.9,31.8,33.1,32.5,32.0,32.7,32.2,32.4,33.4,33.8,34.2,33.5,32.9,32.7,33.2,32.5,32.5,32.8,32.8,33.5,31.6,32.5,32.3,33.1,31.8,31.9,32.1,32.6,32.5,33.1,32.1,33.1,32.5,32.8,32.7,32.8,32.2,32.3,32.7,33.2,34.0,34.6,33.8,33.5,32.0,33.2,32.4,32.5,32.0,33.9,33.6,32.8,31.9,32.2,32.9,33.3,32.1,31.8,33.1,32.3,32.9,31.1,31.7,33.5,32.3,32.4,31.7,33.1,32.8,32.1,31.9,32.8,33.1,33.6,33.9,33.4,33.1,31.7,32.1,33.9,33.1,32.5,32.8,32.2,31.5,32.4,31.1,34.6,31.1,32.5,32.1,32.6,32.7,32.8,32.8,34.0,32.5,32.2,32.2,32.0,31.7,32.4,31.7,33.0,33.0,34.5,34.0,34.5,31.9,32.7,31.6,33.0,31.9,32.8,32.2,33.6,32.9,32.0,33.6,32.7,32.4,32.2,32.3,32.8,33.1,31.8,33.0,32.4,32.8,31.6,32.3,32.2,32.8,32.9,33.9,33.0,34.4,34.4,34.4,33.5,33.1,33.0,32.4,33.1,32.9,32.9,33.1,32.9,32.5,33.7,33.6,32.3,32.1,32.9,31.4,32.4,33.1,33.1,33.0,33.0,31.8,33.0,31.7,32.9,33.1,32.5,32.2,33.0,34.0,33.7,33.4,34.2,32.4,33.7,32.7,33.6,32.1,31.7,33.8,33.3,33.2,32.0,32.8,32.9,33.3,33.1,33.2,33.0,32.4,32.2,32.4,32.7,32.8,31.1,32.6,32.9,32.8,32.5,33.6,33.8,33.8,33.4,34.1,33.2,33.9,33.1,33.1,34.0,33.3,31.8,33.1,32.5,32.6,32.7,32.2,33.7,31.2,33.6,32.0,32.6,31.9,33.3,32.4,32.7,31.6,32.6,32.1,32.9,31.6,33.4,34.0,33.7,33.7,33.5,33.9,32.6,34.7,33.2,31.8,34.1,32.5,32.3,32.2,32.7,32.8,32.3,33.4,32.3,32.2,32.1,32.4,32.6,32.4,32.5,33.3,32.7,32.5,31.9,32.5,32.9,32.5,32.9,34.1,34.0,33.4,32.7,33.0,32.2,33.6,32.5,32.9,33.6,32.9,32.1,33.3,32.5,31.8,32.3,33.8,33.0,32.4,33.5,32.4,32.3,31.1,32.8,32.8,32.7,31.3,33.7,32.8,33.4,32.1,33.7,33.2,33.7,32.9,33.7,33.3,33.9,32.7,34.1,33.4,33.4,31.6,33.2,32.4,32.6,33.5,32.9,33.1,32.2,32.4,31.5,32.8,32.5,32.1,32.3,32.3,32.9,32.9,32.1,33.6,31.6,32.9,32.7,33.8,33.2,33.8,33.2,33.3,33.7,33.7,33.1,34.5,33.6,33.7,32.7,32.5,32.7,32.7,32.7,32.6,32.6,32.2,32.6,33.1,32.7,33.1,32.4,31.4,32.9,31.3,nan,31.4,32.9,32.9,33.9,32.8,33.9,33.1,34.0,32.8,33.9,31.9,34.8,33.8,34.0,33.9,33.6,33.1,33.9,33.6,32.5,33.1,32.0,33.1,32.0,33.1,32.5,32.4,32.5,32.4,33.7,32.8,31.5,33.2,33.1,33.3,32.7,33.8,33.9,34.5,33.2,33.8,33.4,33.3,33.1,34.8,34.6,34.8,34.2,33.8,33.8,31.9,33.4,33.7,33.6,32.0,32.5,32.5,33.1,32.1,33.1,32.8,32.9,31.2,32.1,32.5,32.6,33.1,34.7,32.5,34.0,33.1,34.6,33.5,34.3,32.8,35.0,33.5,33.6,33.5,34.6,33.6,33.7,34.6,32.0,33.3,34.0,32.4,31.8,33.1,33.0,33.7,32.1,32.3,33.2,32.8,31.9,33.0,32.9,33.7,33.5,33.1,32.7,33.7,34.6,34.2,34.3,33.3,32.9,33.3,33.9,33.4,33.3,33.1,33.6,32.5,33.4,33.2,33.9,31.1,32.7,32.6,32.8,30.7,33.1,32.3,33.6,32.1,33.8,32.5,33.0,33.3,34.1,32.6,33.8,33.7,34.6,33.5,33.7,32.0,32.9,33.5,34.3,33.3,33.8,34.0,33.5,33.6,32.2,34.0,34.1,33.4,31.0,32.4,32.6,32.3,32.1,32.8,32.2,33.3,32.5,33.2,33.1,35.1,32.9,33.2,33.1,33.4,33.1,33.2,33.6,33.2,32.9,33.9,33.7,34.4,33.5,35.0,33.8,31.0,34.7,32.0,33.4,32.7,33.1,32.9,33.4,31.4,33.0,33.3,33.7,32.2,33.0,32.9,32.6,33.4,33.7,33.1,33.4,32.9,32.5,32.9,33.9,32.7,33.5,35.0,32.8,32.2,35.1,33.6,34.8
1785303111.6683068,402,33.6,35.0,32.5,32.5,32.8,32.9,31.6,32.1,32.3,32.4,32.0,32.8,33.4,32.5,32.2,32.5,33.3,33.0,32.4,32.3,33.4,33.5,32.0,31.4,32.8,33.7,33.0,32.8,33.9,33.0,32.2,32.5,33.1,32.5,32.6,33.1,32.7,33.3,31.7,32.8,33.8,32.8,31.1,31.9,32.9,33.6,32.5,33.5,33.8,33.3,31.8,32.9,33.8,32.7,33.5,32.5,32.1,33.5,32.6,31.8,34.1,32.6,31.9,32.9,33.6,34.5,32.1,32.6,32.3,31.9,32.1,32.2,33.0,32.5,32.8,32.7,32.7,32.0,32.1,32.6,33.2,32.7,32.1,32.2,32.3,33.3,33.6,32.2,33.0,33.5,32.6,33.7,34.2,32.9,32.2,33.2,33.9,33.1,32.2,32.5,32.8,32.8,33.4,33.0,32.3,32.7,31.8,32.2,33.1,32.6,32.6,32.8,32.6,34.5,32.1,33.3,32.8,32.8,31.9,33.1,33.8,32.8,31.6,33.7,33.5,33.3,31.4,33.2,33.1,32.8,32.7,31.8,33.7,33.0,32.6,33.0,32.5,33.4,32.6,32.6,32.5,33.0,32.2,31.6,32.6,32.6,32.4,31.5,33.4,33.8,33.6,33.0,34.1,33.5,32.4,33.4,33.4,33.3,32.3,33.3,33.9,32.3,32.3,33.0,33.6,33.0,32.7,32.3,33.0,33.1,31.6,32.9,33.0,33.1,31.5,33.5,32.5,33.4,31.5,33.3,33.8,33.3,32.8,33.1,33.0,34.0,31.6,33.4,32.7,33.1,32.4,33.4,33.4,32.9,32.3,32.4,33.2,33.8,33.9,33.1,32.3,32.9,32.9,32.6,32.7,33.3,32.4,31.8,33.1,33.0,32.2,33.5,34.1,34.0,32.7,33.3,33.9,33.7,33.0,32.8,33.3,33.9,33.2,33.6,32.1,33.0,31.4,32.7,32.2,33.2,32.1,32.2,33.3,32.9,32.0,31.8,32.1,33.4,32.2,32.2,33.0,33.0,31.9,33.2,34.4,33.8,34.2,33.3,33.4,32.7,32.4,32.5,33.7,33.5,34.1,33.0,31.4,33.4,32.3,33.2,32.6,33.2,32.3,33.3,33.2,32.4,32.2,33.0,32.5,32.8,32.1,33.5,32.6,32.9,32.8,32.0,34.2,34.8,34.8,33.4,33.6,33.7,33.4,33.0,32.9,32.8,32.4,31.9,33.3,32.4,31.9,32.9,33.3,33.4,31.9,33.5,34.5,32.6,32.3,33.0,33.8,32.3,31.9,33.0,33.3,33.5,31.9,32.9,33.5,33.7,34.7,35.2,32.9,33.5,32.3,33.0,32.8,33.9,31.9,33.4,32.3,33.4,33.4,33.4,33.5,33.3,32.3,32.4,32.8,33.3,32.6,32.5,32.8,33.0,32.4,32.6,33.2,32.9,32.3,33.2,34.5,35.1,34.1,33.2,32.9,33.9,32.4,33.2,33.1,32.7,31.1,32.2,32.2,32.4,32.3,33.1,33.0,33.5,32.3,33.5,33.2,33.5,32.4,33.8,32.4,33.0,32.4,32.4,32.6,32.8,33.7,33.8,33.7,34.2,33.2,34.0,33.7,33.4,32.3,32.0,33.2,32.5,31.4,33.1,33.0,33.0,32.6,32.6,33.3,33.4,32.2,32.8,33.1,32.8,32.6,33.0,33.1,33.5,32.2,32.9,33.6,32.7,33.4,33.5,34.1,33.5,34.0,33.9,34.6,33.4,33.1,32.0,32.4,32.5,33.5,31.5,33.5,32.9,32.6,33.1,32.8,32.6,32.2,32.0,32.7,33.0,32.1,31.9,33.1,33.5,32.6,32.8,32.4,33.5,32.3,33.7,33.4,34.3,33.9,33.7,33.7,33.5,33.0,33.2,32.8,33.9,32.0,32.5,33.7,33.8,33.0,33.1,33.5,33.3,32.7,32.8,32.9,33.7,33.0,32.5,33.8,32.7,33.0,31.9,33.5,33.8,33.9,33.4,33.8,34.5,33.5,32.2,34.5,34.6,34.0,33.4,33.5,32.7,33.1,32.5,33.6,33.8,32.8,33.3,33.4,33.0,32.7,33.0,33.1,32.7,32.1,32.5,32.6,33.4,32.6,32.4,32.9,33.9,33.0,34.1,34.5,33.7,32.3,33.4,34.4,33.9,33.1,33.1,34.5,32.7,33.4,33.6,33.7,32.6,32.9,32.7,32.4,32.9,32.8,31.9,33.1,33.1,33.5,33.0,34.0,33.3,33.4,32.2,33.1,33.5,34.3,34.2,33.8,34.0,34.3,33.2,34.0,35.3,34.0,34.3,33.5,34.5,32.7,33.5,33.0,31.8,31.6,32.6,33.5,33.2,32.2,31.9,32.9,32.4,31.4,33.0,32.3,nan,32.4,33.1,34.1,33.7,34.2,33.8,34.2,34.9,33.6,33.4,33.6,33.8,32.7,34.2,34.6,33.8,32.0,33.1,33.8,33.4,33.3,32.5,33.0,33.3,33.3,33.3,32.6,32.6,32.8,33.2,33.2,33.2,32.3,33.5,33.0,33.7,33.8,33.9,34.3,34.6,33.6,33.7,33.7,33.7,33.3,33.4,34.1,35.1,34.2,32.5,33.7,32.8,33.2,32.5,33.1,32.7,32.5,32.7,33.8,32.7,32.5,32.9,33.3,33.1,32.3,33.4,33.0,33.7,33.0,34.0,34.3,34.3,33.8,34.8,34.2,34.1,33.4,33.6,34.2,33.8,33.5,34.1,34.1,33.9,32.5,34.1,32.2,33.7,32.6,32.3,33.2,33.9,32.3,32.3,33.0,33.4,33.7,32.7,34.7,34.2,33.7,33.2,34.3,34.9,33.7,33.9,33.9,34.3,33.5,33.4,34.0,34.6,34.0,33.5,34.0,32.8,34.0,33.3,33.9,33.3,31.5,33.7,33.8,34.0,32.7,33.2,32.3,33.6,32.3,33.0,35.0,34.6,32.3,33.1,34.2,33.8,34.0,33.5,33.6,32.7,33.3,33.9,32.7,34.0,33.2,33.5,33.6,33.5,33.3,32.2,32.9,33.1,32.4,33.0,33.4,32.7,33.5,32.7,33.7,33.5,32.5,32.9,34.0,34.9,33.0,33.2,34.1,34.3,33.4,33.8,33.9,33.8,35.1,34.6,34.6,34.8,34.5,33.7,33.0,33.8,32.3,33.2,33.6,33.3,32.9,32.4,33.4,33.7,32.5,32.7,33.2,32.7,32.4,32.6,34.8,35.1,32.2,32.5,34.1,33.9,33.4,35.0,34.7,34.3,32.0,33.4,33.8,34.2,34.0,33.4
1785303113.8390138,403,33.2,31.3,32.2,33.0,31.8,32.0,32.6,32.1,32.4,32.0,32.1,33.0,31.8,31.3,31.9,33.0,31.4,32.8,32.5,32.3,32.0,32.1,33.4,32.8,31.7,32.2,32.6,31.7,31.9,31.2,32.8,32.5,31.2,32.1,31.9,33.0,31.4,31.7,32.3,32.0,32.0,32.5,32.6,32.3,32.3,31.9,33.4,33.0,32.3,32.6,32.3,33.0,32.5,33.2,32.7,33.0,32.1,32.2,33.6,33.4,32.8,32.3,32.4,31.8,33.0,32.6,32.3,32.6,32.0,31.2,32.0,32.6,32.5,32.2,32.7,32.1,32.4,31.8,32.0,32.5,32.7,31.8,32.0,32.0,32.2,32.4,32.5,32.2,32.1,32.1,32.9,32.5,32.6,32.7,31.6,32.9,33.2,33.2,32.2,33.0,32.3,31.0,32.6,32.1,32.3,32.0,32.5,32.4,32.2,31.9,32.5,32.5,31.9,32.0,32.9,32.5,32.2,32.7,33.1,33.4,32.0,33.0,31.8,32.6,32.4,32.6,33.9,32.9,32.3,31.7,31.2,32.5,33.2,33.5,31.7,32.8,31.8,31.4,32.2,32.2,32.2,31.6,32.6,32.9,33.4,32.1,32.1,33.8,32.8,32.4,32.2,33.1,34.0,32.0,32.7,33.3,32.1,32.9,33.1,33.1,32.7,31.2,32.3,32.3,32.6,31.8,32.6,32.4,31.5,32.3,32.7,32.5,32.8,31.8,32.9,32.4,32.6,32.8,32.4,32.5,32.5,32.3,33.9,32.5,32.7,32.8,33.8,33.2,32.9,32.0,31.7,33.3,32.6,32.4,32.6,32.8,33.3,32.8,31.8,32.5,32.7,32.5,32.2,32.6,32.5,31.6,33.1,32.4,32.0,32.8,31.3,32.0,34.0,33.4,33.3,32.8,32.8,31.4,33.1,32.4,32.4,33.3,33.3,33.0,32.3,31.3,32.2,31.7,31.4,32.2,33.1,32.1,33.1,32.5,32.4,31.7,32.5,32.8,32.3,32.2,33.0,32.5,31.8,32.7,33.5,33.7,34.1,33.7,33.1,32.6,33.1,32.7,32.5,33.0,33.1,32.9,32.4,30.6,32.4,33.6,32.3,32.8,32.4,32.9,33.1,32.5,32.8,33.2,32.0,32.9,32.7,33.1,31.9,33.0,32.3,32.1,33.9,33.8,34.1,33.5,33.1,32.6,33.1,32.4,33.2,32.2,33.1,32.5,32.4,31.6,32.9,32.6,32.2,32.2,33.1,32.7,31.1,32.2,32.8,32.0,32.6,32.2,32.9,32.2,31.7,32.4,32.3,33.2,33.3,34.3,34.6,34.4,32.5,31.9,33.1,33.5,33.3,32.1,32.3,32.1,32.4,31.9,32.3,33.2,33.1,32.0,32.6,32.7,32.1,32.6,32.9,32.8,32.0,32.3,32.5,32.7,32.5,33.0,32.8,32.5,34.1,33.6,33.8,34.1,33.1,32.0,32.1,32.8,32.3,33.2,33.0,32.4,32.9,32.1,33.1,33.0,31.8,33.5,31.5,33.0,32.7,33.2,32.5,32.7,33.2,32.4,32.7,32.9,31.1,32.6,33.3,33.7,33.5,33.1,33.3,33.9,33.0,32.6,32.1,31.7,31.9,32.0,32.9,32.5,32.1,33.4,31.9,32.4,33.1,32.7,32.3,32.9,33.1,31.9,32.8,32.9,33.0,32.3,32.7,33.0,32.5,33.1,33.0,33.8,33.7,33.8,34.3,34.1,33.0,33.8,33.0,32.8,33.7,32.6,33.0,34.4,32.7,32.5,33.5,32.2,31.9,33.0,32.5,32.2,32.3,31.9,32.3,33.4,31.7,32.8,33.2,32.3,32.8,33.1,33.4,33.6,33.2,34.0,33.7,33.4,32.5,31.9,32.6,33.3,33.0,32.7,32.7,33.4,32.7,33.2,32.3,32.6,32.5,33.1,33.5,33.2,32.6,32.1,32.8,32.5,33.0,31.8,32.8,32.7,31.9,32.6,33.2,33.5,33.2,33.5,33.2,32.5,32.5,33.2,34.2,33.3,32.3,32.1,33.6,32.8,32.8,32.4,32.4,32.3,30.9,32.5,32.7,33.1,32.5,32.6,32.9,33.2,32.4,32.5,32.4,33.1,33.0,32.3,33.8,33.8,33.5,33.8,34.5,33.1,33.2,33.3,34.8,33.5,32.8,33.1,33.3,32.8,32.3,33.2,32.0,32.9,32.2,32.0,32.3,33.1,33.8,31.9,32.0,33.0,32.5,32.3,32.7,32.8,33.2,33.1,34.0,35.3,33.3,34.1,33.4,33.3,33.0,33.7,33.0,33.7,33.0,32.6,32.8,33.0,32.2,32.6,32.4,32.3,31.2,32.9,32.8,32.7,33.2,31.6,32.5,32.6,32.3,nan,32.7,32.3,33.2,32.6,33.0,33.6,33.7,34.1,33.2,33.7,34.1,32.8,33.7,34.2,33.6,33.3,34.0,32.6,32.6,32.2,31.8,32.9,33.2,32.1,33.0,33.3,31.4,32.4,32.8,34.2,32.4,32.5,32.1,32.5,33.0,33.0,33.9,34.2,33.9,33.5,33.2,34.0,33.0,33.7,34.3,34.3,33.9,34.9,34.1,33.7,32.4,32.2,32.8,32.9,32.7,33.3,32.6,33.0,33.1,31.9,32.6,32.6,33.3,32.2,33.2,33.5,32.8,33.1,33.6,33.7,33.9,33.8,33.4,34.9,33.4,33.3,33.0,34.1,33.2,34.1,33.9,33.4,33.8,33.2,32.4,32.7,34.2,32.9,32.1,32.2,32.2,32.4,33.6,33.5,32.7,33.3,33.0,33.0,32.9,34.0,33.9,32.8,33.5,34.7,34.5,33.3,33.9,33.7,33.4,33.6,33.5,33.4,33.4,33.9,33.3,33.1,33.3,32.3,31.9,33.1,32.2,33.6,31.8,33.3,32.4,33.7,32.9,32.3,33.8,32.9,32.9,34.0,33.4,32.0,33.1,33.7,33.6,33.9,33.2,33.7,33.4,34.1,32.2,33.1,33.8,34.9,32.4,32.1,32.8,32.0,33.0,33.3,31.9,32.4,32.9,32.6,33.1,32.8,32.9,32.3,32.5,33.7,34.1,33.7,32.1,33.7,34.1,33.5,33.8,34.3,34.4,32.4,33.4,33.0,32.8,34.0,34.0,33.9,32.8,31.6,33.8,33.0,31.8,34.2,33.0,32.7,31.4,32.3,32.1,32.5,33.0,33.2,33.7,33.0,33.8,33.9,33.5,32.7,33.0,32.7,33.5,34.4,33.0,33.2,33.7,33.3,33.3,32.6,33.7,34.2
1785303116.0415275,404,33.6,33.2,30.8,33.0,32.6,31.3,32.4,32.5,32.5,32.9,32.2,32.4,32.1,32.4,33.1,32.2,32.2,33.2,32.0,32.3,32.8,32.9,32.4,31.0,32.6,32.0,32.5,33.2,34.1,33.4,32.1,32.5,32.3,31.2,32.6,31.7,32.7,32.0,33.3,31.3,32.2,31.7,32.0,32.1,32.1,32.2,32.3,32.3,32.7,31.8,32.8,32.4,32.3,31.6,32.8,32.3,32.2,32.1,31.9,32.5,33.9,32.4,33.4,32.4,32.8,33.0,30.9,32.2,33.1,33.3,32.5,32.8,32.4,32.4,32.6,32.1,33.0,31.9,32.6,31.3,31.8,32.8,32.5,32.9,32.3,33.1,31.9,32.7,32.4,33.2,32.6,33.1,32.7,33.1,32.2,33.4,32.7,33.1,32.4,32.5,32.5,32.4,31.6,32.4,33.0,32.5,31.9,32.0,31.8,32.0,32.2,31.2,32.9,32.6,32.9,32.1,32.9,31.4,32.7,32.4,33.1,33.5,31.6,32.9,32.0,31.6,33.0,32.9,31.9,33.1,31.1,33.1,32.7,32.3,33.7,31.8,31.4,32.1,31.9,32.3,32.7,32.4,31.6,31.9,32.2,33.4,32.0,33.3,32.2,33.2,32.3,32.2,32.9,33.1,31.8,31.9,32.2,33.9,31.6,33.1,33.6,31.6,32.1,31.9,32.6,31.5,32.0,32.5,32.6,32.7,32.9,32.4,32.9,32.3,33.1,32.1,32.6,32.8,32.3,32.3,32.4,32.9,32.9,33.0,33.6,32.9,32.1,32.2,33.1,33.5,30.8,33.4,33.1,33.1,31.5,32.5,32.8,32.8,31.9,32.5,32.5,32.5,32.2,32.4,32.2,32.4,32.4,32.1,32.1,33.4,32.9,32.6,33.7,33.7,33.1,33.4,32.2,34.0,32.3,32.9,33.6,33.7,33.4,32.7,33.2,32.1,31.7,31.4,33.1,32.5,32.9,31.8,32.2,32.4,32.9,32.1,32.5,31.5,33.1,32.2,33.3,32.2,32.6,32.2,34.4,34.1,34.6,33.3,32.8,31.8,32.5,33.2,32.7,32.8,32.6,33.0,31.4,32.5,31.3,32.8,32.6,33.3,32.2,32.2,32.6,32.5,31.5,32.5,31.5,33.6,32.8,33.2,31.8,33.3,31.8,32.9,33.7,35.0,34.7,33.3,32.2,32.8,32.5,32.6,32.5,32.6,32.6,33.3,33.0,32.4,32.4,31.5,33.3,32.3,32.2,31.9,32.6,32.9,32.3,32.1,32.0,32.5,32.6,32.3,32.3,32.3,32.5,32.2,33.8,33.8,34.3,34.4,32.5,33.2,32.8,32.5,33.8,32.2,32.3,32.4,32.3,32.7,31.6,32.8,33.3,33.2,32.5,33.4,32.7,32.7,31.7,32.9,32.4,32.5,32.4,33.0,33.5,32.6,31.6,32.5,34.1,34.1,33.4,33.3,32.9,33.0,32.0,33.4,32.9,32.8,32.7,33.2,32.8,32.6,32.1,32.9,32.5,32.5,32.1,32.9,32.5,31.9,33.0,32.7,32.4,32.0,32.3,32.2,32.7,32.4,33.6,32.7,34.4,33.5,33.4,34.1,33.5,33.4,32.1,31.8,33.1,32.8,32.7,32.0,31.7,33.0,33.0,33.4,32.3,33.0,32.4,31.8,31.9,31.9,31.7,31.9,32.5,32.1,32.3,33.4,32.5,32.6,33.1,33.9,33.8,33.6,32.8,33.8,33.1,33.8,32.7,32.8,33.3,33.0,32.1,32.6,32.7,33.0,32.7,32.5,32.6,31.8,32.8,32.1,32.3,31.5,32.1,32.8,32.4,31.8,32.7,32.7,33.1,32.7,33.8,34.3,34.1,33.7,32.7,33.9,34.8,32.5,33.5,33.9,33.9,32.5,33.5,32.5,32.6,33.8,32.4,32.8,32.4,31.6,32.9,32.0,32.7,32.3,32.3,32.5,32.5,32.8,31.8,32.8,32.0,33.4,33.4,33.5,33.4,33.4,32.8,34.1,33.9,33.7,34.2,32.8,32.9,32.4,32.7,33.2,33.4,32.9,32.4,32.2,32.0,32.8,33.4,32.5,32.7,31.8,33.2,32.7,33.4,32.6,33.0,32.6,32.2,33.0,33.3,32.9,33.0,33.9,33.0,33.4,34.2,33.2,33.5,33.4,33.2,32.3,33.5,32.5,32.0,33.6,31.8,32.1,31.6,32.3,32.6,32.4,31.5,33.1,33.1,31.8,31.6,32.8,32.6,32.3,32.6,33.1,33.1,33.3,33.9,34.0,33.1,34.3,34.7,33.7,34.0,33.6,33.7,33.7,32.3,33.0,33.0,32.0,32.5,32.9,32.8,31.2,32.8,31.9,33.0,32.4,33.8,31.7,33.4,nan,32.2,32.4,33.2,33.1,34.5,34.5,33.8,34.4,33.4,32.7,34.2,34.1,33.7,33.4,34.5,33.8,32.3,33.5,32.2,32.6,32.7,33.5,31.6,33.4,32.0,34.0,32.6,32.9,31.7,33.5,32.2,32.5,32.0,32.5,33.0,33.0,33.0,33.2,33.1,33.5,32.9,34.0,33.8,34.9,34.2,33.2,34.4,34.5,34.0,33.6,33.0,32.8,32.0,33.0,31.9,32.5,32.8,32.7,32.4,32.7,33.1,32.7,32.6,33.2,32.6,32.4,32.1,32.9,32.6,32.9,33.9,33.2,33.4,33.8,33.2,33.6,34.8,34.0,34.3,34.0,34.1,32.9,32.1,33.4,32.5,33.3,32.6,33.4,32.4,32.8,31.9,32.8,32.1,33.7,33.0,33.8,32.4,32.3,33.8,33.1,32.6,33.3,33.1,34.4,33.9,33.5,33.3,33.9,32.9,34.3,34.3,33.9,32.2,33.6,34.6,32.6,32.7,33.0,32.9,32.8,32.6,31.8,32.7,32.4,32.6,32.7,33.4,33.3,33.4,33.3,34.6,33.6,33.4,32.8,33.9,33.8,34.0,33.3,33.6,32.7,33.4,33.9,34.2,33.4,33.6,34.2,32.7,33.7,32.4,34.1,32.3,32.7,32.4,32.7,32.2,33.2,32.3,32.4,32.1,33.8,33.0,33.3,34.2,34.3,33.0,32.3,33.7,33.5,33.5,33.9,33.7,32.8,33.1,33.4,33.9,33.8,33.6,33.4,34.6,32.4,33.8,32.9,34.2,32.7,31.8,32.2,32.6,32.0,32.5,32.6,33.3,32.5,32.3,32.8,34.0,32.6,32.3,32.7,32.8,33.1,33.9,33.7,33.7,33.3,33.5,33.2,33.9,34.0,34.6,34.1
1785303118.5590975,405,33.9,32.6,33.8,33.0,32.8,32.2,31.8,31.9,31.7,32.0,31.4,32.6,32.2,31.1,33.0,32.3,31.5,31.2,31.7,33.4,32.8,32.5,31.8,32.8,32.6,33.6,33.6,33.3,33.6,33.0,33.6,31.8,32.0,32.8,32.1,31.9,32.7,32.7,32.7,32.1,32.4,32.4,31.7,32.6,32.9,32.3,31.7,32.5,32.3,32.2,31.9,32.9,33.2,32.3,31.9,32.9,33.4,33.1,31.9,32.7,33.2,31.9,30.9,32.4,32.6,33.3,32.8,32.6,31.4,32.9,32.3,32.0,32.6,31.5,31.9,31.8,33.0,32.8,31.6,32.3,33.0,33.2,32.5,33.2,31.8,32.9,32.5,32.2,33.6,33.1,32.8,32.5,33.6,32.7,32.9,31.7,33.7,32.8,31.3,31.8,32.1,32.0,32.2,32.8,33.2,33.4,32.3,32.7,32.5,32.6,31.0,32.6,33.1,32.8,32.6,33.1,32.7,32.6,31.6,31.8,32.5,33.7,33.0,33.5,33.5,32.7,32.8,32.0,32.9,34.0,31.5,32.3,32.5,32.7,31.8,32.8,32.5,33.2,31.4,32.5,32.8,32.4,32.8,32.1,32.4,32.3,31.7,32.6,33.4,32.8,32.8,32.6,33.6,33.1,32.6,32.9,33.0,32.4,33.2,33.1,32.5,32.7,31.9,33.4,33.0,32.4,32.2,31.7,32.9,32.6,32.4,32.2,32.9,31.8,32.1,33.1,32.0,33.3,31.6,32.5,33.0,32.6,32.9,32.3,33.4,33.5,32.9,33.2,33.5,32.7,32.2,33.0,33.1,33.7,32.5,31.9,33.0,32.6,32.5,31.6,32.1,33.5,32.0,32.2,32.9,32.9,31.9,32.3,31.7,32.0,32.1,32.7,34.2,33.9,33.6,33.1,33.1,32.9,33.8,32.7,34.6,32.9,32.2,33.0,33.4,32.1,32.6,31.8,33.1,33.2,31.5,32.0,33.1,32.9,32.2,32.0,32.0,32.0,32.8,31.7,32.2,32.0,33.3,32.7,33.2,34.6,33.8,34.3,33.7,32.0,31.8,32.6,32.5,33.3,32.0,32.6,33.2,32.5,31.9,31.8,32.2,33.0,32.9,32.5,32.7,32.0,31.9,32.4,32.9,32.5,32.8,33.2,32.6,33.3,32.3,32.3,34.2,34.9,35.1,33.8,32.6,32.1,33.4,32.0,32.7,33.0,32.4,33.1,32.8,32.4,31.8,33.3,32.7,33.1,32.8,32.4,33.0,32.8,31.8,33.0,32.6,33.1,32.0,32.0,32.2,32.5,31.5,32.5,32.7,34.6,34.1,34.5,32.6,32.8,32.1,32.3,34.2,33.0,31.7,32.6,32.5,33.2,32.6,32.2,32.6,32.9,31.6,32.4,32.4,33.6,32.7,32.1,31.5,32.3,32.4,32.2,32.6,32.8,32.8,33.0,33.4,34.4,33.9,34.1,33.2,33.0,33.4,32.8,32.4,32.2,31.9,33.8,32.2,32.6,31.9,31.9,32.9,32.2,32.1,32.6,32.8,33.0,32.3,32.2,33.6,32.8,32.8,32.9,33.2,33.5,32.8,33.0,33.5,33.8,33.3,33.7,33.1,33.7,32.5,32.0,32.8,32.5,33.3,32.6,33.2,34.2,32.8,32.6,32.5,33.2,31.7,32.9,32.7,32.1,31.6,32.3,33.3,32.3,33.3,32.5,32.8,33.1,33.2,33.0,34.2,34.1,33.6,33.6,34.8,33.7,33.1,32.8,33.5,32.8,32.5,31.6,32.2,32.8,31.9,33.3,33.0,33.1,32.3,32.6,31.8,32.5,32.7,31.7,32.7,32.6,31.6,31.8,33.3,33.5,32.4,34.0,33.3,34.1,32.2,33.4,33.6,34.2,32.6,33.2,32.4,32.6,32.7,32.9,32.6,32.8,32.6,32.6,32.6,32.5,33.4,33.1,32.6,32.9,33.6,32.6,33.4,33.4,33.1,32.8,33.0,33.4,32.9,33.6,33.7,33.5,33.1,33.1,33.8,32.8,33.1,32.4,32.2,33.0,34.1,32.8,33.0,32.9,32.6,32.8,32.9,33.3,32.8,32.6,32.5,31.8,32.7,32.9,32.7,32.9,32.9,32.3,33.2,32.6,33.3,33.2,33.5,33.2,33.7,33.4,33.2,33.2,32.6,33.2,33.0,33.6,32.5,33.1,32.0,32.4,32.9,33.1,32.9,32.5,33.3,32.4,33.1,33.9,32.1,32.6,32.1,33.0,32.6,33.2,32.8,33.1,33.8,33.8,33.4,33.7,33.3,32.8,33.3,33.3,32.9,33.4,33.3,32.6,32.1,32.4,32.8,32.2,32.5,32.6,33.0,32.8,32.5,31.9,32.2,32.5,31.9,33.0,33.1,nan,32.9,32.7,33.2,34.0,32.2,34.1,34.3,34.0,32.0,33.8,33.4,32.9,33.0,33.6,34.5,33.8,32.1,32.9,33.1,32.8,32.5,32.7,32.7,33.8,32.7,33.3,32.9,32.6,31.1,32.6,31.5,32.3,32.3,32.8,32.5,32.0,32.6,33.0,34.1,33.2,32.9,33.3,34.0,33.7,33.5,34.3,34.0,33.2,32.9,32.6,33.5,32.8,31.4,31.8,34.0,31.9,31.9,32.3,33.1,32.9,32.4,31.8,32.0,33.6,32.6,33.2,33.1,34.4,32.4,33.4,34.7,34.4,34.3,34.3,33.2,33.9,32.8,33.4,34.3,34.0,32.6,33.7,33.0,33.9,32.5,33.1,33.1,32.3,33.3,32.8,33.0,32.6,33.0,33.7,32.5,32.2,33.1,32.1,33.7,33.6,33.3,33.2,34.7,34.4,34.4,33.7,33.7,33.9,33.1,33.8,33.8,33.6,34.0,32.8,33.1,33.0,33.1,32.4,32.7,33.2,31.8,32.7,32.5,32.9,32.6,32.5,32.9,32.9,32.1,32.8,34.4,34.4,32.4,33.1,35.1,33.9,34.3,33.5,33.2,32.5,33.0,33.7,32.8,34.6,31.9,32.9,32.9,33.0,31.3,32.4,31.9,33.5,32.2,32.9,32.4,33.2,32.6,32.6,33.2,32.1,32.8,32.8,34.2,34.0,33.5,33.5,32.4,32.5,33.5,33.9,34.3,32.2,33.5,33.6,34.2,32.5,32.7,33.7,33.0,32.6,32.5,32.5,32.8,33.3,32.4,33.0,33.4,33.1,32.7,33.2,33.4,33.2,32.3,31.9,34.2,33.9,32.8,32.7,33.0,33.9,33.1,33.9,34.1,33.0,34.1,34.0,33.5,34.4,33.3,34.1
1785303120.5097783,406,32.0,32.1,32.0,34.5,32.6,33.3,32.9,32.9,32.5,33.2,32.2,32.6,30.9,33.0,32.2,32.8,32.2,32.3,33.0,33.2,33.4,32.1,32.8,33.0,31.6,33.2,31.7,32.2,34.1,32.6,32.1,32.8,33.4,31.2,33.4,31.9,32.9,31.4,32.3,31.1,34.0,31.7,33.0,31.7,32.3,31.6,32.3,31.8,31.8,32.0,32.8,31.7,32.7,32.5,33.0,32.5,32.1,32.7,32.4,32.9,34.3,32.6,33.2,32.4,32.1,33.8,31.2,33.8,32.3,33.3,33.1,33.0,32.2,32.8,31.1,33.0,33.4,32.3,31.8,32.9,31.4,33.2,33.0,32.9,32.5,33.4,33.0,32.2,32.8,33.4,32.6,33.1,33.4,32.7,32.5,34.1,34.2,31.2,32.9,31.3,32.3,31.8,33.0,31.8,32.1,32.9,33.7,31.8,32.7,32.7,33.0,32.6,33.8,32.8,33.4,31.7,32.9,32.2,32.9,32.2,32.1,32.0,33.2,32.5,32.0,32.7,33.9,33.7,32.2,33.5,31.1,33.1,32.3,33.1,32.2,32.8,31.9,31.8,31.6,33.1,32.2,33.1,31.3,33.2,31.9,33.1,31.7,33.6,32.4,32.6,32.3,33.1,32.7,33.6,33.0,32.9,32.6,33.3,33.2,33.1,33.2,31.6,32.7,31.5,33.4,31.3,32.3,31.8,32.9,32.6,33.6,32.4,32.4,32.8,32.4,31.5,33.3,32.0,33.3,32.5,32.3,32.4,34.1,32.4,33.1,32.6,33.0,33.0,33.5,32.9,33.7,33.2,32.0,33.3,32.7,34.2,31.1,32.8,32.7,32.8,32.7,33.0,31.5,33.4,32.6,33.2,32.7,32.6,32.5,32.6,32.9,33.1,32.6,32.8,32.9,34.3,33.6,33.5,33.4,34.2,33.1,32.5,31.3,32.5,31.9,32.5,32.2,32.0,32.7,32.3,33.1,32.8,32.4,33.3,33.1,32.5,33.1,33.3,33.8,32.2,32.0,31.9,32.8,32.0,33.3,33.0,33.5,33.8,34.3,33.9,35.1,32.1,33.5,33.2,33.3,32.8,31.9,31.9,31.9,33.2,32.8,33.5,32.0,32.7,32.6,33.5,31.9,33.7,33.4,32.6,32.5,32.3,32.3,32.8,32.6,33.4,32.9,33.0,33.1,33.0,34.9,35.0,34.6,33.0,32.9,32.0,32.4,33.3,33.3,32.6,33.5,31.1,33.3,31.6,32.6,32.4,33.3,31.3,33.9,32.3,33.1,32.3,33.0,33.2,32.2,32.0,33.9,31.9,33.2,32.4,33.5,33.4,34.3,35.0,34.4,33.2,33.5,32.1,32.9,33.0,31.5,32.8,31.2,33.4,32.6,33.4,32.3,33.3,31.9,32.9,32.2,33.3,32.4,32.8,32.3,32.8,32.8,33.4,32.0,33.5,33.4,33.4,33.9,35.0,33.1,34.5,33.4,33.4,33.8,31.9,33.7,33.4,33.9,32.4,33.1,31.7,33.6,32.2,32.1,32.3,32.7,32.8,33.3,32.4,33.0,32.0,32.2,32.1,32.4,32.1,33.5,32.2,33.3,32.9,33.1,33.2,34.1,33.2,33.3,33.2,33.2,32.3,33.3,31.8,31.5,33.2,32.4,32.8,32.2,32.0,33.1,33.9,32.1,32.4,32.4,33.2,32.0,32.8,31.8,33.0,32.2,33.0,32.0,33.0,33.6,34.0,32.6,34.0,32.1,33.2,33.6,35.1,33.1,33.2,32.5,34.2,32.5,32.2,33.1,33.1,32.2,32.0,32.8,32.6,33.3,32.3,32.7,32.0,32.4,33.0,33.0,32.3,32.8,32.7,32.7,32.4,33.2,33.2,34.8,33.2,34.0,34.2,34.0,34.3,33.9,33.2,33.3,32.7,32.6,33.4,32.4,34.0,32.4,33.4,32.4,33.2,33.4,32.1,32.6,33.5,33.6,33.6,32.8,33.3,32.3,33.8,32.1,34.1,33.4,33.0,33.3,34.5,33.0,34.5,33.5,34.0,32.8,33.4,33.3,33.4,33.2,32.1,33.2,31.2,32.7,31.9,33.6,33.5,33.2,31.8,32.4,32.5,33.5,32.4,32.2,32.9,33.0,31.8,34.1,33.4,33.5,33.1,34.0,33.8,33.5,32.7,34.6,34.0,33.9,32.9,33.3,32.2,31.8,32.4,32.1,33.3,32.5,33.1,32.7,32.6,32.8,32.3,32.5,33.3,31.9,32.8,32.6,33.2,32.3,32.7,33.0,34.1,34.1,33.8,33.7,34.2,34.8,33.5,34.2,34.5,33.3,33.0,33.3,32.6,32.8,31.8,33.2,32.4,33.4,31.7,33.0,32.5,32.9,33.1,32.7,32.4,32.9,nan,33.7,32.4,33.2,32.1,33.0,33.7,33.9,33.2,34.1,33.4,33.9,34.1,34.1,33.6,34.0,34.0,33.2,33.9,33.1,33.4,32.3,33.3,33.3,32.7,32.0,32.6,31.9,32.6,31.6,33.3,32.3,33.1,31.7,33.3,32.8,32.7,32.5,33.8,33.6,34.2,32.6,33.9,33.8,34.0,33.5,34.0,33.7,34.3,33.8,34.5,33.1,33.2,33.4,32.0,33.3,32.5,32.7,32.0,32.2,32.2,33.3,32.7,32.9,32.3,32.9,32.4,32.4,32.4,33.4,32.0,34.1,33.7,34.3,32.9,33.2,34.6,34.5,34.2,34.5,34.4,33.9,33.3,33.2,33.2,32.7,34.1,33.5,32.7,32.0,33.3,32.3,33.8,32.8,33.7,32.5,33.2,31.6,34.4,32.3,33.1,31.9,33.5,32.8,34.4,34.2,35.3,33.0,34.6,34.9,34.2,33.0,34.6,34.4,34.3,33.3,32.3,33.5,33.5,33.5,32.3,33.3,32.8,32.9,32.4,33.5,32.7,33.8,33.1,33.6,32.8,33.9,32.1,32.7,31.4,33.9,33.6,36.2,34.9,33.6,34.2,34.2,33.1,33.6,34.0,35.3,33.8,32.9,33.7,32.0,33.7,32.9,33.1,32.6,33.3,33.0,32.8,32.4,32.8,33.2,32.1,32.6,33.5,32.8,33.3,32.6,33.7,33.2,32.7,32.1,33.5,33.2,33.7,35.1,35.4,34.8,33.2,34.1,33.9,33.5,31.9,33.6,32.1,33.0,32.5,33.8,32.4,32.5,33.2,33.2,32.8,33.4,32.7,33.7,32.5,32.6,32.3,33.2,32.0,33.7,31.9,33.5,32.6,33.6,33.9,34.5,34.2,32.9,33.4,33.8,32.7
1785303122.7371392,407,32.5,32.1,31.8,33.0,32.8,30.6,32.7,32.3,31.9,31.7,32.7,32.2,32.8,32.6,31.7,32.2,31.9,31.9,31.8,32.1,32.1,31.7,32.2,32.6,32.6,32.0,32.3,33.2,33.4,32.8,32.6,33.5,32.3,31.7,33.3,32.6,32.5,31.4,32.7,32.1,32.2,31.7,33.0,32.1,33.1,32.5,32.8,32.3,32.7,32.2,33.7,31.8,32.7,31.8,32.6,32.1,32.2,32.7,31.9,32.2,32.8,32.4,32.4,33.1,32.6,31.1,33.1,33.5,31.6,32.9,32.7,31.8,31.6,32.0,32.8,31.9,32.1,31.9,31.9,32.7,31.8,32.5,31.6,31.6,32.1,31.5,32.6,32.7,33.2,32.9,31.7,33.9,32.3,32.2,33.6,31.7,32.7,32.6,32.4,32.2,31.9,31.7,32.8,32.4,33.4,31.2,31.8,32.0,32.0,32.9,32.5,32.9,32.2,32.1,32.2,33.8,32.6,33.1,33.1,32.7,32.9,33.3,32.8,33.5,33.2,32.7,33.7,32.3,32.4,32.6,31.8,32.3,32.3,31.7,31.8,32.2,31.9,32.1,32.6,32.3,33.0,32.7,31.8,32.4,32.7,32.6,31.7,32.9,32.5,32.1,33.0,32.6,33.1,32.0,32.4,32.9,32.8,32.0,33.2,34.4,33.4,32.9,32.1,34.1,31.8,31.5,32.4,32.5,32.9,31.0,32.4,32.6,32.2,32.8,33.1,33.1,32.3,33.8,32.8,32.8,32.8,32.1,32.9,32.2,32.9,33.4,33.0,33.0,32.5,32.7,32.6,33.8,32.2,32.2,32.5,33.8,32.0,31.9,32.1,32.5,32.5,32.7,32.0,32.5,33.0,32.6,32.7,31.6,32.1,32.0,32.1,33.0,32.9,32.6,31.9,33.8,33.2,33.4,33.4,32.7,33.2,31.9,33.2,31.9,32.1,32.3,32.6,32.6,31.9,32.9,33.3,32.2,31.5,32.2,33.1,32.5,32.8,32.3,32.6,32.3,31.7,32.2,32.6,31.9,32.2,32.5,32.4,31.9,34.2,34.7,33.1,33.0,32.3,33.3,33.3,33.8,32.3,32.7,31.3,31.8,31.1,32.6,32.9,33.1,32.4,32.3,31.7,32.5,31.5,32.8,32.8,33.9,32.6,32.0,32.2,32.3,32.4,31.6,32.3,33.1,33.7,34.1,34.6,32.8,33.8,32.8,31.8,33.5,32.4,33.0,32.2,31.9,32.5,31.6,33.3,32.8,33.3,31.3,32.3,32.8,31.8,32.2,32.1,32.7,31.5,32.7,33.1,32.7,32.7,32.2,33.6,32.0,33.3,34.0,34.0,32.5,32.0,32.6,32.1,32.6,32.1,32.5,32.8,33.1,32.1,32.3,32.8,31.3,32.2,32.4,31.5,32.5,32.8,32.9,32.3,33.0,32.9,32.2,32.9,32.8,33.1,33.3,32.7,33.8,33.6,33.5,33.1,33.2,33.1,33.0,32.3,33.0,32.4,33.0,33.3,32.3,32.4,33.3,32.4,32.6,32.8,32.1,32.1,32.8,32.2,32.3,33.1,32.4,32.2,33.3,33.0,32.4,32.7,32.9,33.3,33.3,33.8,34.0,34.0,33.0,32.4,33.9,32.5,32.0,32.4,33.0,32.0,33.8,32.5,32.1,32.2,32.4,33.6,32.3,32.2,33.4,32.1,32.6,31.8,33.1,33.0,32.5,32.6,32.8,32.6,33.5,33.4,33.5,33.1,33.3,33.6,33.3,34.5,33.7,33.4,33.4,32.7,31.8,33.1,32.9,32.6,33.1,32.4,32.1,32.5,32.3,32.8,33.6,32.9,32.4,32.4,31.4,32.5,32.1,32.7,33.5,32.5,32.9,35.0,33.4,35.0,33.2,33.5,34.6,33.1,34.3,33.9,33.3,32.6,32.1,33.0,34.1,33.1,32.3,32.7,32.0,32.6,32.6,32.6,33.1,33.3,31.5,32.5,32.7,32.5,32.6,32.9,33.3,33.1,32.6,33.6,32.6,33.6,33.0,33.1,33.8,32.7,32.8,33.8,33.4,31.9,32.7,33.1,32.9,32.7,32.0,33.0,33.2,33.2,31.8,32.7,33.7,32.2,33.2,32.4,31.8,32.4,32.4,33.3,33.7,33.0,32.7,34.0,33.4,32.8,33.2,34.1,33.9,33.0,33.6,34.1,32.7,32.6,32.3,33.0,34.0,32.5,32.5,31.7,32.7,32.4,32.2,32.1,32.3,32.6,32.0,32.4,32.8,33.6,32.5,32.9,32.8,33.6,32.7,33.0,34.3,35.3,33.7,32.9,34.8,34.4,33.9,34.9,34.2,32.8,32.9,32.3,31.2,32.3,32.6,32.1,32.1,32.7,33.0,33.3,33.0,33.1,nan,32.0,32.9,32.5,33.2,32.9,33.1,32.9,32.9,33.5,33.6,33.4,34.1,34.3,33.8,33.4,34.5,34.9,35.1,32.2,31.9,31.9,33.3,33.5,33.1,32.9,33.1,32.8,32.6,32.6,33.1,33.3,32.6,33.1,32.6,33.0,31.8,32.8,33.0,33.8,33.3,32.1,33.1,33.5,33.1,33.3,33.6,33.8,33.4,34.4,35.3,32.2,33.6,32.8,32.4,32.5,33.6,33.4,32.9,32.4,32.2,32.9,32.5,31.8,32.4,32.7,32.4,32.2,32.8,32.9,32.9,32.7,33.1,33.4,33.4,33.6,34.1,33.6,33.4,33.4,34.2,33.6,34.1,33.2,32.6,32.5,32.4,32.0,32.7,32.2,33.7,32.5,32.2,33.3,32.8,33.1,33.0,32.1,32.8,32.8,32.6,33.1,32.6,33.1,32.5,33.5,33.0,33.7,33.0,32.6,34.3,33.5,33.3,33.5,33.6,33.1,32.5,32.7,31.6,33.7,32.7,32.2,33.5,33.1,32.4,33.1,33.9,31.9,32.7,31.7,32.8,32.4,33.1,32.7,32.8,32.2,33.1,33.3,33.6,32.9,33.6,32.8,33.7,33.0,33.2,34.3,34.4,32.9,33.2,32.9,33.9,32.3,32.9,33.1,33.3,31.9,32.6,32.8,32.1,32.8,32.8,33.2,33.3,33.0,32.6,32.6,34.4,33.7,32.5,33.0,33.0,33.4,31.8,33.3,33.4,32.7,32.3,33.6,34.4,32.1,32.4,33.8,32.9,32.6,33.3,33.4,32.4,32.5,33.3,32.3,33.2,33.3,33.0,33.3,32.3,32.6,32.5,32.4,32.8,32.6,33.8,33.3,32.4,32.6,32.8,33.5,33.2,32.3,32.7,33.5,34.5
1785303124.6101289,408,32.6,32.8,32.1,32.6,31.8,33.0,32.5,32.2,31.6,32.9,32.7,32.7,33.5,32.6,32.7,32.6,31.6,31.5,31.8,33.3,32.2,32.8,32.1,33.1,32.1,32.7,31.7,33.6,33.7,32.2,32.8,32.4,33.5,31.8,31.8,31.8,32.2,31.9,33.5,32.9,31.9,32.0,32.7,33.3,30.6,31.5,32.8,32.8,32.4,31.6,31.8,31.9,33.1,31.7,33.0,32.0,32.2,32.0,32.9,32.6,34.2,32.5,34.0,32.3,32.4,33.2,31.5,33.7,32.6,32.0,32.4,32.9,31.7,32.9,32.2,32.8,31.5,32.4,32.0,32.8,32.8,33.3,32.4,31.9,31.6,32.0,32.8,33.0,33.8,33.5,32.3,33.0,34.1,32.8,31.4,33.5,33.8,32.2,33.0,32.6,32.0,32.5,33.1,32.1,32.6,30.9,32.4,31.5,32.5,32.1,32.3,32.7,33.9,32.3,32.7,32.4,32.9,33.0,32.5,32.1,32.4,31.9,32.7,33.0,32.3,32.6,32.4,33.1,33.7,32.7,32.5,33.9,32.4,32.7,31.1,32.9,32.6,32.4,32.6,32.3,33.0,32.8,32.6,32.3,32.8,32.7,32.3,31.9,31.5,32.9,32.2,32.9,32.3,33.2,32.3,33.6,32.9,33.6,32.8,33.0,32.6,31.4,33.9,32.3,31.9,31.6,33.3,32.4,33.0,32.7,32.1,32.0,32.5,32.5,33.0,31.6,32.9,31.7,32.7,32.1,32.9,32.7,32.7,32.4,32.7,33.4,33.5,32.7,32.4,32.6,32.5,32.9,33.7,32.5,32.2,33.1,31.0,32.4,32.0,31.7,32.1,32.1,33.1,32.7,32.5,32.7,33.0,32.9,32.1,33.1,32.2,33.4,32.7,32.6,32.5,32.7,34.0,35.1,34.4,34.5,31.8,33.4,32.7,33.3,32.7,32.0,32.5,32.1,33.2,32.2,33.0,32.1,32.5,31.7,31.8,32.4,32.3,32.2,32.4,33.1,32.0,33.2,31.8,32.3,32.0,31.9,32.7,33.2,34.3,34.6,35.0,34.0,33.8,32.7,33.4,32.5,32.8,32.6,31.6,33.5,32.0,32.3,31.7,32.5,32.7,32.8,31.8,33.3,32.4,33.0,32.2,33.5,32.7,33.1,32.4,33.0,32.4,32.7,31.9,33.7,34.5,35.1,33.1,33.4,34.7,33.6,31.9,33.4,32.5,32.1,33.0,32.6,31.7,32.1,32.7,32.5,32.8,31.9,32.2,32.4,32.3,32.3,32.3,32.5,32.4,32.9,32.8,32.8,32.5,32.3,33.1,32.6,33.1,34.1,33.8,34.0,34.5,32.3,32.0,31.7,33.7,32.0,31.5,33.3,32.5,33.0,31.5,32.7,32.3,32.4,32.6,33.1,32.7,33.2,32.5,32.9,32.2,33.2,32.1,33.1,32.4,33.2,32.7,33.4,33.2,33.6,32.8,34.2,33.6,32.7,33.2,33.1,33.2,31.9,32.0,31.8,32.7,32.7,32.5,32.7,32.8,32.7,32.6,32.0,32.6,32.5,32.6,33.0,32.8,32.5,31.6,32.6,32.3,33.5,33.7,33.3,33.6,33.5,33.8,32.8,32.7,32.6,31.7,32.3,32.1,33.1,32.5,32.3,33.0,33.0,32.1,33.0,33.0,33.4,31.7,33.2,32.2,32.9,32.9,33.2,32.7,33.2,32.5,32.6,32.3,33.7,32.1,33.8,33.7,33.4,33.9,34.2,32.1,32.9,33.0,32.9,33.4,32.5,32.6,32.0,32.5,32.7,32.9,32.7,33.3,32.1,33.4,32.3,32.2,31.7,33.6,32.4,32.3,32.7,33.0,32.2,32.3,33.0,31.3,34.5,35.7,32.8,33.8,32.8,32.7,32.4,33.4,33.2,32.5,33.9,31.9,33.3,32.8,32.1,32.8,33.5,32.5,32.2,31.6,33.1,31.9,33.5,32.9,32.8,32.6,33.2,32.1,34.1,32.7,32.9,33.6,33.6,33.6,33.3,33.4,33.1,33.9,34.0,33.2,33.7,32.4,32.8,32.9,32.1,31.7,31.8,33.1,32.2,32.1,32.9,33.6,32.3,32.7,32.3,32.2,32.5,32.8,32.5,33.1,34.0,32.8,33.5,34.0,33.8,32.6,33.5,34.4,33.9,33.5,32.6,33.4,32.9,31.9,33.3,32.4,34.0,32.5,33.2,32.8,33.7,32.5,32.4,32.4,33.4,32.5,32.6,32.6,33.4,32.6,32.3,32.4,33.9,31.9,33.4,33.7,34.1,33.1,34.6,33.6,34.4,33.8,33.6,33.6,34.0,33.5,32.4,33.3,32.5,32.8,32.4,32.8,31.7,33.1,31.8,32.6,32.5,32.5,nan,31.7,32.7,33.6,32.5,32.3,32.5,33.3,32.8,33.2,32.8,34.3,33.7,34.4,33.4,34.6,33.9,35.1,34.4,32.8,32.7,33.0,33.2,32.7,33.2,33.4,33.9,32.4,32.5,31.9,33.8,32.6,32.9,33.6,33.3,32.9,32.4,33.1,32.9,32.6,32.8,32.7,34.5,32.2,32.7,33.1,35.0,33.0,35.2,35.1,35.2,33.6,32.9,33.7,32.5,32.8,33.3,32.6,32.6,33.2,32.8,33.4,33.1,32.6,31.9,33.0,33.0,32.9,32.5,32.9,32.6,32.9,32.7,33.7,33.2,33.9,33.1,33.9,33.2,34.1,33.5,34.8,34.0,33.5,33.8,31.7,33.0,32.3,33.0,32.5,32.7,32.6,33.1,33.3,33.3,32.7,33.1,32.9,32.8,33.4,32.2,33.1,33.1,33.2,33.5,32.9,33.1,34.2,33.6,33.8,33.5,33.7,34.9,34.1,34.6,34.5,33.3,33.2,32.9,33.0,32.6,33.4,32.9,32.8,33.2,32.2,32.8,33.0,33.5,33.2,32.7,33.7,32.4,32.7,33.6,33.0,32.0,33.6,32.3,33.3,32.8,33.0,32.8,34.3,34.5,33.7,33.4,31.4,33.6,33.0,33.4,32.4,33.8,33.1,33.6,32.7,33.1,31.8,33.1,31.3,32.4,32.7,34.0,31.8,32.7,32.7,34.0,32.6,32.6,31.6,32.5,33.1,32.9,35.4,33.1,33.4,34.1,32.6,34.9,33.1,33.2,34.4,33.3,33.5,32.4,33.9,32.9,32.0,32.0,32.4,32.2,34.0,33.3,32.8,32.7,32.6,32.2,33.6,32.2,32.7,32.0,33.4,32.9,33.5,34.0,33.2,31.9,33.2,33.5,35.0,33.3
1785303126.7601182,409,33.3,31.3,31.0,33.0,32.1,31.7,32.2,32.1,32.1,31.9,32.2,32.2,33.0,31.7,32.4,32.6,32.1,32.6,31.1,33.2,31.9,32.3,32.0,32.6,32.4,32.4,31.4,31.2,32.9,33.2,32.6,32.8,31.0,31.4,31.9,31.6,32.7,31.8,32.7,32.8,33.0,32.4,31.5,33.0,32.3,32.3,32.8,32.5,32.9,31.3,32.8,33.5,32.1,32.0,33.4,32.1,32.6,31.7,32.8,31.8,33.4,32.6,33.1,33.1,32.6,33.0,31.9,33.8,31.8,31.2,31.5,32.0,32.6,31.8,32.1,32.8,33.5,32.5,31.8,32.9,33.0,32.5,32.5,32.0,32.8,32.2,31.9,32.2,32.4,33.2,32.8,32.6,33.6,32.4,32.7,32.7,32.2,32.4,31.8,33.6,32.9,31.7,32.0,32.2,32.3,31.9,32.5,32.7,32.5,32.7,33.0,32.2,32.9,32.6,32.7,32.8,32.6,32.6,32.0,32.4,32.3,33.1,33.6,32.5,32.4,33.3,34.1,33.6,32.4,32.4,32.0,31.8,32.3,32.1,32.6,32.0,32.4,32.5,32.1,33.0,32.3,31.5,30.6,32.4,32.7,31.9,31.7,32.6,32.7,32.7,32.8,32.7,32.0,32.5,32.2,34.1,32.6,33.4,32.5,34.0,32.2,33.2,33.2,32.6,32.6,32.8,32.6,32.5,32.0,32.0,32.7,32.0,32.9,32.4,32.9,32.8,32.8,32.1,33.6,31.8,31.8,32.6,32.7,32.8,32.9,32.7,33.2,32.8,31.7,32.7,33.0,32.8,33.1,32.2,32.7,32.5,31.6,31.3,32.6,32.3,32.1,32.0,33.0,33.0,32.7,31.1,32.4,32.4,31.6,32.3,31.7,32.0,32.3,31.9,31.2,33.6,33.2,32.9,33.9,34.2,33.1,32.1,32.2,33.8,31.9,32.5,32.4,32.6,31.6,32.1,31.8,33.3,32.9,32.4,32.6,33.0,31.8,32.9,33.0,33.3,32.6,31.5,32.5,31.4,31.7,33.4,32.4,32.3,32.4,34.0,34.3,34.1,32.9,33.7,32.0,32.1,32.1,31.9,32.3,33.6,33.4,31.3,31.6,31.5,32.2,30.8,32.2,32.4,32.9,32.3,32.6,32.8,32.4,32.6,32.1,32.8,32.3,32.5,32.6,31.4,34.1,34.2,34.1,34.5,33.1,32.9,32.8,31.7,33.9,31.1,32.7,33.1,31.8,32.9,31.7,32.6,33.1,32.1,31.9,32.1,32.3,32.2,33.9,32.8,32.3,32.5,33.3,33.0,33.3,32.0,33.0,33.2,33.6,33.7,34.2,35.0,32.9,33.9,32.3,33.4,31.7,32.7,32.6,31.8,32.2,32.5,33.0,32.4,32.4,32.1,31.7,32.5,33.2,32.6,32.3,33.1,32.4,32.2,31.6,32.8,33.4,32.8,32.6,33.3,34.2,33.1,33.6,33.9,33.3,31.3,32.3,33.8,32.0,33.0,33.1,33.3,32.4,32.7,33.3,32.1,33.2,32.9,32.6,32.3,33.3,32.7,33.4,32.0,30.8,33.3,32.5,32.7,32.8,32.7,33.3,33.7,34.1,33.9,33.3,33.6,32.2,33.2,33.1,32.6,32.6,32.3,31.6,33.2,33.2,31.9,32.7,32.2,33.7,32.1,32.1,32.1,33.3,32.3,31.8,33.1,33.1,32.6,32.1,32.5,33.1,32.0,33.6,34.3,32.4,33.7,34.0,33.5,32.9,32.6,33.0,32.8,32.2,33.2,31.9,32.3,32.4,32.2,33.3,31.9,32.8,32.3,32.5,33.2,32.5,32.4,31.9,32.9,32.2,33.5,33.0,32.7,32.2,32.7,33.0,34.2,34.5,32.5,33.0,32.9,32.8,32.8,32.1,33.3,33.5,33.0,31.8,32.8,33.3,31.8,33.2,33.4,32.4,32.9,32.4,32.5,32.6,32.6,32.0,33.1,32.5,32.6,32.8,32.8,32.8,32.5,33.8,33.0,32.9,33.0,33.1,34.0,32.7,32.6,32.9,32.8,33.0,33.1,32.4,32.8,33.2,33.6,33.2,33.7,31.3,33.3,32.8,32.5,32.7,32.1,32.4,32.1,32.5,32.4,33.6,32.9,32.2,32.9,32.9,33.7,33.8,34.0,34.4,33.8,33.3,33.6,33.1,32.7,33.3,31.5,32.6,33.8,32.3,32.5,32.7,32.9,32.7,32.1,31.8,32.8,32.4,32.1,33.1,33.0,32.1,32.0,32.5,32.8,32.8,32.5,33.0,33.5,33.5,33.3,34.0,33.9,33.7,32.4,33.5,35.0,33.4,32.7,31.9,32.8,31.9,32.8,32.1,32.8,32.7,32.4,33.2,33.0,32.3,nan,32.5,32.6,31.6,32.3,31.9,33.1,31.9,33.2,33.2,34.8,32.2,33.6,34.4,33.8,32.9,33.9,34.8,33.9,33.3,32.1,33.3,32.5,32.6,33.1,33.3,34.0,32.6,31.5,32.4,32.8,32.2,32.0,32.5,32.3,32.1,32.5,32.0,33.2,33.5,32.8,32.8,34.7,33.8,33.5,33.7,34.9,34.2,33.5,34.6,33.6,33.9,32.8,33.4,32.4,32.7,32.6,33.2,32.7,32.2,32.4,32.9,32.3,32.8,32.1,33.0,33.2,32.4,32.9,33.9,32.9,31.7,33.4,32.9,35.0,32.9,33.9,34.1,32.9,33.6,33.8,34.3,33.7,32.5,32.6,32.3,32.4,33.1,32.5,33.9,32.9,32.1,32.8,32.3,32.8,32.8,32.7,32.3,33.5,34.0,33.1,32.6,32.7,32.6,33.7,32.8,33.5,34.4,33.2,32.4,32.8,33.5,34.3,33.1,33.9,32.4,33.0,33.7,33.9,32.9,32.8,33.8,33.5,32.2,32.7,32.8,33.2,32.2,32.6,32.9,33.5,32.9,32.7,32.9,32.6,32.2,33.1,33.6,33.3,33.2,34.3,32.8,33.9,32.8,34.4,34.3,33.5,32.9,32.5,32.2,33.5,33.7,31.5,32.6,32.7,32.2,32.4,32.2,32.3,33.3,33.0,33.9,33.2,33.8,31.9,32.2,32.6,32.4,32.3,33.0,33.0,34.3,33.5,33.7,33.6,33.1,33.3,34.0,34.8,31.6,33.1,33.2,33.6,32.8,32.7,33.0,33.0,32.3,33.1,33.0,32.6,32.3,33.2,32.8,32.8,31.7,32.6,31.9,33.4,33.0,33.3,33.1,33.5,33.7,33.3,33.9,33.6,33.3,33.6,33.7,34.3
1785303128.9527063,410,33.2,32.1,33.4,32.0,32.7,31.8,33.7,33.4,32.4,31.8,32.1,32.0,32.4,31.7,32.7,31.9,32.2,32.5,31.6,32.5,32.2,31.4,31.5,31.8,32.7,31.8,33.1,32.2,32.4,33.0,32.8,31.8,31.0,32.9,32.4,32.5,32.5,31.3,30.4,32.3,31.6,32.4,32.5,32.2,32.0,31.9,31.6,32.8,32.7,31.8,32.1,31.6,32.3,32.3,32.5,32.6,31.3,33.4,32.6,34.1,32.8,32.1,31.7,32.8,32.7,32.1,31.8,32.4,32.2,31.9,33.8,31.6,33.1,31.9,31.6,32.0,31.9,31.8,32.6,32.4,32.8,31.8,32.8,31.8,31.6,32.4,33.0,32.0,32.2,32.9,32.1,32.7,33.7,31.8,33.1,32.2,31.5,33.2,32.5,33.3,31.9,32.5,31.7,32.0,32.1,31.9,32.2,32.8,31.7,32.9,31.0,32.2,32.4,32.5,31.4,33.6,31.6,32.5,32.5,32.3,33.1,32.3,31.6,33.6,32.4,31.6,32.6,32.9,32.8,32.2,31.9,32.1,31.8,31.0,31.5,31.9,32.4,32.1,32.6,33.1,32.1,31.9,31.3,32.2,32.0,32.3,33.0,33.0,31.7,31.8,32.1,31.9,32.5,32.4,33.1,33.5,32.5,32.9,33.8,33.6,32.0,32.4,31.7,32.9,32.6,32.4,30.9,32.4,33.0,32.7,32.1,31.8,32.6,32.2,32.6,32.3,32.0,32.4,31.6,32.6,32.8,33.1,32.2,33.1,32.9,33.9,33.8,33.1,31.9,32.3,32.0,33.1,32.4,32.7,32.2,32.4,31.6,31.9,32.6,31.8,31.7,32.5,33.0,32.2,32.5,32.3,32.9,32.1,31.6,32.0,33.2,32.0,31.9,32.0,32.5,33.3,33.5,33.5,34.4,33.7,32.2,32.7,34.4,33.0,31.7,32.4,31.4,33.2,31.6,31.7,30.7,32.0,32.1,33.0,32.1,33.1,33.0,31.8,32.3,31.7,32.2,31.3,31.9,32.2,32.7,33.1,32.0,32.9,33.5,33.6,33.5,33.0,32.6,33.5,33.3,31.9,31.8,32.5,32.7,32.4,31.6,32.1,32.1,31.8,31.8,32.7,32.3,31.1,32.3,32.2,32.3,31.8,31.8,32.3,32.2,32.3,32.1,32.5,32.6,33.0,34.0,35.0,34.4,35.8,33.6,32.2,32.1,32.7,32.7,32.5,32.5,31.6,31.4,32.8,32.4,32.4,33.7,32.6,32.3,32.6,32.0,31.8,33.0,32.5,32.5,32.8,32.0,33.3,32.4,32.3,32.3,32.2,33.8,34.5,34.2,34.9,33.1,32.7,33.5,31.7,32.9,31.9,32.9,32.4,31.8,31.2,31.7,32.4,31.5,32.4,32.5,32.6,32.9,31.9,32.4,32.4,33.2,32.0,32.2,32.5,32.8,32.0,32.5,33.2,33.9,33.0,34.2,33.7,33.1,32.8,33.2,32.6,33.5,32.5,32.9,33.0,32.0,32.7,32.3,33.6,33.0,32.1,32.5,33.3,32.2,32.8,32.0,31.9,31.9,32.8,32.4,33.6,32.7,33.0,32.5,33.3,34.3,33.7,31.9,32.3,32.3,33.0,31.8,33.4,33.4,32.0,33.2,32.2,32.8,31.8,32.7,31.0,32.5,32.6,32.5,32.8,33.2,32.3,32.8,32.4,32.3,32.3,32.6,33.2,32.6,32.4,34.7,33.5,32.7,32.7,34.3,34.3,32.5,32.6,32.6,33.0,33.1,32.2,32.2,32.7,31.7,32.5,31.8,32.3,33.2,32.8,32.3,32.6,32.9,32.2,32.7,33.3,32.5,32.7,32.2,32.7,32.9,33.0,32.6,33.5,33.3,33.3,33.4,33.4,32.6,33.5,33.2,33.6,31.7,33.2,32.8,32.7,32.2,31.6,33.5,33.3,31.7,31.0,32.7,32.2,32.8,32.2,32.6,31.9,32.0,32.8,33.6,32.9,32.2,32.8,34.3,33.2,33.1,34.2,34.6,33.7,32.9,32.8,33.2,33.3,32.6,32.0,32.2,32.1,31.1,32.7,33.2,31.9,32.7,32.6,32.7,32.8,33.4,32.9,32.4,32.7,32.7,32.5,32.3,33.7,33.7,33.0,32.9,33.2,34.0,33.8,33.6,34.6,33.0,34.1,33.6,33.1,33.0,31.3,33.0,32.7,33.4,32.2,32.7,32.2,32.5,31.6,33.6,32.3,32.4,32.2,32.7,31.7,32.7,33.2,32.9,33.3,32.1,32.7,34.1,34.2,33.4,32.7,33.9,33.1,33.3,33.4,33.8,33.3,32.4,33.2,32.6,32.7,32.7,31.5,32.3,32.4,31.9,32.7,31.7,32.7,31.6,nan,32.4,31.9,32.4,32.7,32.6,33.4,32.7,33.0,33.4,34.1,33.1,33.4,34.1,33.8,33.1,34.6,34.4,33.8,32.8,32.2,33.0,32.5,31.8,32.0,33.1,33.1,32.2,32.1,32.6,32.3,33.0,33.0,32.8,31.8,32.1,32.2,33.4,33.4,32.1,32.7,33.6,33.9,33.3,32.8,34.2,34.0,34.2,33.2,33.9,33.9,32.4,31.6,32.4,34.0,32.5,32.8,32.9,33.2,33.1,33.0,31.7,32.1,33.3,32.6,32.3,32.2,31.8,32.7,32.6,33.6,32.9,32.0,33.4,34.6,33.3,34.4,34.3,34.5,33.6,33.4,33.5,33.2,33.6,31.9,32.8,32.3,32.3,32.1,33.3,32.1,32.4,32.3,32.6,33.5,32.6,32.2,32.6,33.0,32.5,32.0,33.4,33.5,32.9,32.0,33.8,33.5,33.5,32.6,33.8,33.6,34.1,33.2,34.7,32.6,33.1,32.9,32.3,33.2,32.7,33.4,31.7,32.7,31.7,32.3,32.6,33.2,32.4,33.1,33.0,32.4,33.1,33.1,31.7,33.1,31.9,32.9,33.3,33.1,34.1,33.7,32.7,33.4,34.0,33.4,33.9,34.5,33.1,32.8,33.5,33.1,33.5,32.9,32.9,32.4,32.6,32.5,32.8,31.8,33.6,31.6,33.1,32.7,33.3,32.3,33.1,33.2,32.8,32.2,32.7,32.6,34.4,33.8,33.5,33.1,34.3,33.4,35.1,34.4,33.3,32.8,33.4,31.8,33.6,32.7,31.7,33.5,32.5,33.3,32.7,33.0,31.6,33.1,32.3,33.6,32.1,32.1,32.7,32.8,32.4,32.9,31.7,32.9,33.4,34.0,30.1,32.3,32.7,34.6,33.8,34.0
1785303131.0631568,411,32.3,31.8,33.6,32.8,32.4,32.0,31.4,31.3,31.5,32.4,31.8,32.0,32.6,32.8,33.4,32.1,33.0,31.7,32.8,31.9,31.9,31.4,32.8,32.0,32.8,33.0,32.8,33.3,31.8,32.1,32.9,31.8,32.3,32.0,32.4,30.7,32.3,31.8,31.5,33.2,32.6,32.7,31.9,31.5,31.6,32.2,31.2,32.2,32.2,32.2,31.4,31.3,32.7,31.4,32.5,31.7,32.7,32.5,31.7,31.8,32.8,33.1,32.9,32.2,32.1,33.6,30.0,32.4,32.5,31.9,31.7,32.2,32.0,32.2,32.6,32.1,32.7,32.0,33.0,31.8,32.0,33.6,32.1,32.2,32.7,32.0,32.9,32.0,31.9,33.3,31.2,32.9,31.9,32.0,31.5,32.5,33.0,32.1,31.8,31.4,31.5,31.8,31.8,32.2,31.5,32.3,32.0,32.2,32.2,31.5,32.0,31.0,32.6,32.1,32.1,31.9,31.9,31.7,31.8,32.8,32.5,32.6,31.6,32.9,33.9,32.5,32.8,32.5,32.4,32.2,32.0,32.9,32.3,32.2,32.2,31.9,32.5,32.0,32.1,32.7,32.9,32.1,32.4,32.4,31.6,32.6,32.7,32.3,31.9,32.8,32.3,31.9,33.3,33.1,32.6,33.5,32.2,32.7,33.2,32.0,32.5,31.8,33.4,32.4,31.8,32.5,32.3,32.7,32.1,32.4,31.7,32.4,31.8,31.6,32.4,32.2,32.3,32.6,32.8,32.3,32.5,31.6,32.0,32.1,32.0,33.3,31.9,32.4,32.7,33.7,32.2,32.6,32.3,33.3,33.2,32.6,31.9,32.1,31.8,32.1,32.3,32.0,31.9,32.1,32.4,32.1,32.8,32.1,32.3,31.8,31.8,32.7,32.8,32.0,31.9,33.1,33.6,34.1,33.2,33.3,33.5,32.2,33.0,32.3,33.2,32.1,32.2,32.5,31.4,32.1,31.5,32.4,31.7,32.8,31.7,31.6,31.5,32.3,33.0,32.5,32.5,32.0,31.7,32.7,32.9,32.0,32.8,33.2,33.8,34.0,33.1,33.9,33.9,33.2,32.1,32.8,32.3,31.9,31.7,32.0,31.9,31.9,31.6,32.2,31.7,32.7,31.6,32.2,32.1,33.1,31.5,32.0,32.0,32.7,32.1,32.3,32.6,32.6,32.3,32.3,34.3,33.7,34.7,34.2,32.9,32.4,32.2,32.1,32.7,32.2,32.3,32.5,31.8,32.2,32.3,32.6,33.2,32.3,31.6,32.7,32.5,31.7,32.0,32.4,32.7,32.0,32.8,32.4,32.5,32.7,32.6,33.1,34.0,32.7,34.4,34.5,33.7,33.2,32.7,33.0,32.3,32.4,32.8,33.2,31.9,32.7,32.5,32.4,33.3,32.1,31.7,32.6,31.5,32.0,32.3,32.7,32.3,33.0,33.4,32.0,33.1,33.0,32.6,33.0,33.9,34.5,33.6,33.6,33.7,32.1,32.7,32.2,32.0,31.2,32.3,33.1,31.5,33.1,32.1,32.6,31.7,32.3,31.7,33.3,32.1,31.7,31.9,32.1,32.7,32.4,31.9,32.1,32.2,32.4,33.1,33.7,32.6,33.7,32.8,33.4,32.4,33.2,32.7,31.9,32.2,33.0,31.7,32.6,32.2,32.0,32.2,32.2,32.4,32.8,32.9,31.9,32.0,32.2,32.0,32.0,32.8,32.8,33.3,32.4,33.1,32.0,33.6,32.7,33.8,33.0,34.2,33.6,33.1,32.6,33.5,32.4,32.5,31.8,31.7,33.3,32.4,32.4,32.3,32.1,32.3,31.2,33.3,31.4,32.2,32.3,32.1,32.0,31.6,31.8,32.6,32.2,31.7,33.4,33.9,33.1,33.7,32.6,34.1,32.7,33.5,33.0,32.4,32.5,32.9,33.0,32.6,33.0,32.2,31.6,33.1,32.0,32.9,32.5,32.3,32.5,32.7,31.5,33.1,32.7,33.0,32.3,33.0,31.9,32.8,32.7,33.2,32.7,33.3,33.5,33.5,34.2,33.5,32.8,33.7,32.2,31.9,32.3,32.0,32.4,31.1,32.3,32.7,32.5,32.2,32.2,31.9,32.1,32.4,32.4,31.7,32.6,32.7,31.6,31.8,32.8,32.2,32.1,33.9,33.6,33.7,33.4,33.2,33.4,32.6,32.5,33.2,33.2,32.9,32.4,31.5,32.7,32.2,32.3,31.9,31.3,31.9,32.3,32.1,32.1,32.4,32.8,32.3,32.4,32.6,32.0,32.0,32.8,32.1,32.5,34.2,34.2,33.0,33.5,33.8,33.2,33.7,32.6,33.7,33.5,32.6,31.6,31.6,32.8,33.2,32.7,32.8,31.6,33.0,31.5,31.7,32.6,32.6,nan,31.7,31.8,32.4,32.5,31.7,32.5,33.1,32.4,33.6,33.9,33.4,33.4,33.9,32.9,33.4,33.6,34.0,33.3,32.3,32.6,31.5,32.3,32.2,31.0,32.2,32.6,33.0,31.2,32.1,32.3,32.2,32.3,33.2,32.3,32.3,32.5,32.7,33.5,33.0,32.2,32.8,33.9,33.0,32.5,33.3,33.4,32.8,33.6,34.0,32.8,31.3,32.6,32.4,32.3,32.3,32.1,31.7,32.9,32.6,32.1,32.2,32.5,32.3,32.6,32.4,33.1,32.4,31.6,31.9,31.8,32.9,32.3,32.6,33.6,33.1,34.5,33.8,33.1,34.2,33.3,33.1,34.2,32.6,33.5,32.7,32.9,31.4,32.3,32.8,31.7,32.0,31.7,32.5,32.6,33.2,31.8,32.5,33.0,33.2,32.1,32.6,32.5,31.6,33.0,33.9,34.1,33.5,33.4,33.0,33.2,33.2,33.4,32.7,33.5,33.6,33.0,32.7,33.5,32.0,31.9,33.3,31.7,33.1,33.5,33.1,32.4,33.1,32.6,32.6,33.7,32.9,32.3,31.9,32.6,33.1,32.6,33.3,32.8,34.0,33.8,32.9,32.7,34.2,33.9,34.1,33.6,33.4,31.6,30.9,32.9,32.1,32.7,32.0,32.0,32.1,32.3,32.1,32.3,31.6,32.3,33.7,32.5,32.3,31.6,33.0,32.7,32.3,32.3,33.2,33.2,35.6,33.9,33.0,32.8,33.4,33.6,34.1,32.6,32.1,32.0,33.0,33.2,33.4,32.2,33.2,33.6,31.6,32.3,32.3,32.3,33.0,32.1,32.7,31.9,31.8,31.8,32.8,33.6,32.8,32.3,33.0,32.6,33.4,33.5,32.7,33.0,32.9,34.5,33.3,33.2
1785303133.3967144,412,31.5,33.3,32.2,34.4,32.3,33.4,31.5,33.1,32.0,32.5,31.9,32.5,31.6,32.7,32.5,33.1,31.8,33.1,33.1,32.8,32.6,33.2,32.7,33.7,32.1,32.7,32.4,33.2,32.8,33.6,33.3,31.9,33.5,32.1,31.3,31.3,32.2,32.4,32.8,33.1,33.1,33.0,32.2,32.2,32.5,32.1,32.6,32.8,31.4,32.5,32.4,32.9,33.2,31.9,32.6,33.0,32.8,32.2,33.1,33.2,32.9,31.8,32.5,32.0,32.5,33.2,31.8,33.0,32.0,32.8,32.4,32.5,32.3,32.5,32.6,32.8,32.1,33.1,32.4,33.2,32.3,32.8,32.4,31.8,32.3,32.7,32.0,33.2,32.9,33.2,31.9,32.8,32.2,33.0,32.3,34.0,31.6,33.0,31.2,32.6,31.8,32.9,32.5,32.7,32.6,32.4,32.4,32.5,32.7,32.5,32.3,32.4,31.7,33.0,32.2,32.9,32.7,32.0,32.6,32.7,32.8,32.3,31.9,33.2,32.9,33.4,33.4,32.2,31.6,32.7,32.3,33.0,32.2,32.5,31.7,33.5,31.9,32.8,31.9,32.6,32.3,33.2,31.8,32.7,31.3,32.5,32.5,33.1,32.3,32.7,33.5,32.3,32.3,32.8,31.4,32.7,32.1,33.8,32.2,33.9,32.8,32.6,32.2,32.1,32.7,32.6,33.3,31.9,33.1,31.6,32.9,32.5,32.9,32.7,33.0,32.8,32.6,32.9,33.1,33.3,32.4,31.7,32.0,33.4,33.6,32.9,33.2,33.7,32.6,33.6,32.9,34.0,33.0,32.8,31.4,32.3,32.2,32.0,31.5,32.6,33.1,32.6,32.3,32.5,32.2,32.5,32.5,32.7,31.8,32.4,32.5,32.8,32.7,32.9,32.0,32.4,33.0,33.6,34.1,33.2,32.6,32.5,32.9,33.3,32.5,32.9,32.3,33.2,31.7,32.8,32.7,32.2,32.2,32.7,32.0,32.6,32.4,32.3,32.1,32.1,31.2,32.0,32.8,33.0,31.6,32.8,33.1,32.2,35.3,33.8,33.6,33.1,33.2,33.7,32.8,34.2,31.8,33.5,32.2,32.5,31.1,32.0,31.9,32.7,33.2,32.3,32.0,32.5,31.4,32.1,32.2,33.0,32.2,32.9,32.7,32.9,32.6,33.1,32.1,33.2,34.0,35.1,34.6,34.5,32.3,32.9,32.3,33.0,32.1,32.3,32.2,32.4,32.3,32.3,32.0,33.1,32.6,32.4,33.0,33.6,33.1,32.3,31.3,32.5,32.3,32.1,32.6,33.1,32.3,32.5,32.6,33.2,33.7,34.6,34.8,33.9,33.6,32.4,33.0,32.3,31.8,32.7,31.9,32.9,33.1,32.4,33.1,32.7,32.5,31.7,31.8,32.6,32.9,31.6,32.7,32.5,32.9,32.8,32.9,33.1,32.8,33.1,32.7,33.6,32.8,34.1,32.3,34.5,32.5,31.6,33.4,32.5,33.4,32.1,33.0,32.6,33.4,32.3,33.1,32.6,32.5,32.2,32.6,32.6,31.9,32.2,32.8,32.7,32.7,32.5,32.3,32.2,33.4,32.5,32.6,33.1,34.2,33.3,33.1,33.2,33.6,32.4,31.9,32.8,33.1,34.1,33.0,32.3,32.3,33.2,32.5,32.3,33.7,32.2,33.0,33.0,32.9,32.9,32.3,32.9,32.3,32.4,33.2,32.3,32.3,33.1,32.4,33.3,33.6,34.3,33.7,33.7,33.2,32.7,32.0,32.9,32.6,31.9,33.2,32.6,33.1,32.9,32.6,32.2,32.9,32.0,31.4,33.1,32.3,32.8,32.2,33.3,33.3,31.9,32.7,33.1,32.0,32.7,34.0,33.5,33.3,33.2,34.5,33.3,32.7,33.1,32.7,32.4,31.7,33.5,32.7,33.9,32.5,34.2,33.0,33.7,32.9,33.2,32.7,32.9,32.8,33.6,31.8,32.8,31.0,32.6,32.9,32.8,32.4,32.9,33.9,33.8,32.7,32.9,33.0,33.4,33.4,33.8,33.6,33.9,33.3,32.0,33.3,32.7,32.3,32.0,32.8,32.6,32.0,32.3,33.0,31.5,33.0,32.4,32.5,32.4,32.4,31.7,32.4,33.2,32.7,32.4,33.7,34.4,34.0,33.8,33.8,34.4,33.3,33.0,33.5,32.9,32.3,33.5,32.0,33.4,31.5,33.5,32.9,32.7,33.2,32.9,31.9,33.3,32.4,32.8,32.2,32.0,32.7,32.3,32.9,32.6,32.7,32.6,34.1,33.4,33.6,33.8,33.4,34.4,32.3,33.5,33.8,34.2,32.3,32.2,32.5,32.5,33.2,32.8,33.0,32.4,32.1,32.3,32.5,33.0,33.0,nan,33.0,31.9,32.8,32.6,33.0,32.9,33.0,33.0,33.7,34.2,34.2,34.2,34.4,33.7,35.2,34.8,33.7,34.4,33.0,32.5,32.2,33.8,32.5,33.0,32.9,34.0,32.7,33.2,32.0,33.1,32.1,33.2,32.1,33.6,31.9,33.1,33.7,33.6,32.6,32.6,32.9,33.1,32.9,33.6,34.9,34.6,33.8,34.1,34.5,34.4,32.7,32.7,33.1,32.2,32.1,32.4,33.3,33.0,33.0,32.2,32.4,33.2,32.4,32.4,32.9,32.9,33.0,31.9,33.9,33.4,32.5,32.0,32.3,33.7,33.9,33.5,34.6,33.6,34.1,34.1,34.6,34.3,33.6,33.8,32.6,33.8,32.7,33.0,32.3,33.1,33.3,32.0,33.1,33.3,32.1,32.1,33.1,32.9,31.8,32.8,32.0,33.3,32.7,33.3,33.1,32.6,33.6,32.9,34.0,33.7,33.3,34.3,34.3,34.6,32.8,32.0,32.8,33.2,32.5,32.8,33.4,32.9,32.8,32.2,32.9,32.5,33.2,32.4,32.7,32.7,32.5,32.9,33.2,32.6,33.0,33.4,33.7,32.7,32.8,32.6,33.3,33.8,32.7,33.0,34.2,33.9,32.4,32.9,32.6,33.4,32.9,33.6,34.2,33.1,32.0,34.0,32.7,32.4,32.0,32.6,33.1,32.9,32.6,33.1,33.3,33.0,32.6,32.6,33.3,33.7,32.9,32.9,33.3,33.1,33.3,34.1,35.1,34.9,32.9,33.7,33.5,32.8,32.5,32.7,33.7,33.1,31.9,33.1,32.2,32.8,32.2,31.5,33.1,32.7,32.9,32.6,32.8,34.0,33.4,32.8,32.5,33.1,33.5,34.2,32.6,32.9,32.2,34.1,34.8,34.7
1785303135.4232652,413,31.1,32.1,30.8,33.3,32.2,32.0,32.0,32.9,32.1,31.8,31.8,32.0,31.3,31.7,32.1,33.0,32.6,31.7,32.1,31.9,32.7,31.6,32.0,33.0,32.8,31.8,32.3,32.6,34.8,32.3,32.9,32.5,32.6,33.3,33.1,30.7,32.3,32.0,32.5,32.6,31.6,32.5,32.6,31.9,31.6,32.2,32.5,32.9,31.8,32.4,33.2,31.5,33.0,32.5,32.9,32.7,31.3,32.9,32.4,32.9,32.6,32.4,33.6,33.7,32.9,32.1,31.7,32.7,31.9,32.1,31.5,32.2,31.6,32.4,31.0,33.2,32.5,32.3,31.4,32.5,32.2,32.2,32.3,32.2,31.8,31.9,32.3,31.3,32.6,31.5,32.4,33.7,32.6,31.6,31.8,33.4,32.0,31.2,32.5,31.6,32.1,32.4,32.8,31.6,32.1,32.9,32.7,31.6,32.7,31.7,33.1,31.7,32.8,32.1,32.9,32.8,31.9,32.1,32.2,31.5,32.5,33.0,33.0,32.1,31.6,32.1,32.1,33.2,31.7,31.7,31.6,32.9,31.3,31.8,30.8,32.2,32.3,31.8,32.1,33.6,32.4,33.2,31.5,32.6,33.4,31.8,32.0,32.6,32.6,32.1,32.7,33.3,32.7,32.7,32.8,32.6,31.8,32.7,32.5,32.7,32.0,30.7,32.5,31.5,31.6,31.7,31.9,31.6,31.9,32.1,32.0,31.9,31.6,31.5,31.9,32.3,32.1,32.5,32.4,31.8,32.1,32.6,33.1,32.5,32.4,33.3,32.9,32.8,32.3,32.9,33.9,31.7,32.2,32.0,33.1,32.8,31.9,30.9,31.9,32.7,32.7,31.5,31.7,32.6,31.8,31.9,32.1,32.6,32.0,31.8,32.3,32.5,32.3,31.8,31.7,32.3,32.9,33.3,34.5,33.3,33.8,32.3,33.6,32.3,32.1,32.1,33.2,31.0,31.8,30.8,32.7,31.7,31.4,31.6,32.6,32.5,31.8,32.8,32.8,32.4,31.9,32.2,32.7,32.5,32.0,32.3,32.1,32.3,33.3,34.4,34.3,33.2,32.2,32.6,33.9,33.2,31.7,31.7,31.3,32.6,31.9,31.5,31.5,33.3,31.6,32.0,31.6,32.2,32.8,31.8,32.0,33.3,32.5,31.5,32.0,33.1,32.6,32.1,31.5,33.1,34.1,33.8,33.6,34.4,32.4,31.8,32.4,33.5,33.5,33.0,32.3,32.1,32.4,32.0,32.8,32.4,32.5,31.8,32.3,32.2,32.0,31.6,33.0,31.9,32.3,32.0,33.6,32.2,32.7,31.9,32.5,32.9,32.8,33.9,33.5,33.1,32.6,32.3,33.1,33.2,31.5,31.9,32.6,33.2,31.7,31.6,32.0,33.1,32.6,32.3,31.4,32.1,33.4,32.0,32.3,32.7,32.8,32.0,32.5,33.3,32.0,32.8,32.3,33.3,33.1,33.3,32.6,33.4,32.0,31.1,31.7,32.8,33.5,32.6,33.5,31.9,32.2,32.9,32.8,32.3,32.4,32.1,33.1,32.1,32.4,31.9,33.6,31.6,32.9,32.7,33.1,32.6,32.2,32.1,33.5,33.0,33.3,33.9,33.3,33.1,31.9,33.2,32.3,32.1,32.6,32.6,31.3,32.4,32.6,32.1,31.7,32.5,32.9,31.4,31.4,32.6,32.5,32.6,31.5,32.8,32.8,31.7,32.3,32.8,32.2,32.8,34.0,33.3,33.5,32.5,32.9,33.5,33.1,32.6,32.3,32.8,32.9,31.8,32.3,32.5,31.1,32.4,32.6,32.1,32.2,32.5,32.7,31.9,32.2,32.3,32.7,32.6,32.2,32.1,32.4,32.7,32.4,33.4,33.5,33.6,32.6,33.6,34.4,33.4,32.6,33.2,32.1,32.5,32.4,32.0,31.9,32.6,32.6,32.9,32.6,32.9,32.4,32.4,33.1,32.2,31.0,32.2,32.0,32.8,31.7,33.0,32.5,33.2,31.6,33.0,33.8,33.5,33.5,33.3,33.1,33.5,33.7,32.3,33.3,33.6,32.3,33.0,33.0,32.0,32.3,32.1,33.2,32.3,31.7,32.3,32.5,32.6,32.2,32.1,33.3,32.3,32.2,32.3,33.2,32.6,32.2,32.1,33.5,33.4,33.7,34.6,34.1,33.6,33.0,34.0,33.7,33.4,31.8,31.5,30.9,32.5,32.9,32.0,32.6,32.8,32.6,32.1,31.5,33.1,32.9,31.8,32.2,33.0,32.2,32.2,32.0,32.8,33.0,32.7,33.8,35.2,34.2,32.8,33.5,33.2,34.3,33.7,33.9,34.6,32.2,31.8,33.8,32.2,32.9,31.9,33.0,32.3,31.7,31.9,31.9,32.2,32.9,nan,33.4,32.1,32.2,32.9,33.2,32.4,32.9,33.1,33.6,33.1,33.2,33.9,34.3,33.5,34.5,33.8,34.2,33.9,33.1,32.4,32.7,32.9,32.6,32.5,31.8,32.9,32.4,30.7,32.5,33.0,32.4,31.7,32.2,33.7,32.3,32.2,32.0,33.5,32.3,31.8,32.1,33.7,32.8,33.5,33.9,35.0,34.4,34.5,34.0,33.7,31.3,32.1,32.6,32.1,31.2,33.0,33.9,32.0,31.9,32.6,33.6,32.9,32.0,32.6,32.9,32.4,32.1,32.5,32.4,32.3,32.2,32.3,32.7,33.6,33.1,33.4,34.5,33.7,33.4,34.4,34.9,33.1,31.9,33.5,32.7,33.7,31.4,32.9,32.8,33.5,33.2,31.9,32.5,33.5,33.2,32.7,33.0,33.2,32.7,32.1,33.1,32.3,32.8,32.2,32.3,33.5,33.2,32.3,33.4,33.0,34.2,32.4,34.4,33.7,32.2,31.7,33.5,32.4,33.3,32.1,33.1,32.8,32.2,33.3,32.8,32.7,31.9,32.4,34.1,31.8,32.4,32.1,32.6,33.2,32.4,32.6,32.7,33.0,32.3,32.9,33.2,32.7,32.8,33.8,34.5,33.3,32.5,33.7,32.7,33.1,33.6,33.1,32.0,33.7,32.6,32.6,31.7,33.4,33.7,32.4,33.0,33.0,33.2,31.2,32.8,34.4,32.8,31.2,32.6,33.4,32.8,32.2,34.3,33.2,34.0,33.4,33.6,33.7,32.1,32.4,34.1,31.9,32.6,33.1,32.6,32.1,32.1,32.8,32.3,31.9,31.9,31.6,33.0,32.6,31.8,32.7,33.4,33.0,32.1,33.3,32.8,32.8,32.6,31.8,33.5,33.2,32.9,34.7,34.4,33.7
1785303137.646858,414,32.3,31.9,31.8,31.6,32.7,32.5,31.6,31.7,32.6,33.0,30.4,32.1,32.1,31.7,32.6,32.7,31.9,32.1,31.9,32.9,32.5,31.4,32.4,32.5,32.0,32.5,31.7,33.5,33.0,33.7,32.2,32.8,33.2,32.3,31.7,31.5,32.8,32.1,31.3,31.4,33.1,31.7,32.9,31.3,32.4,31.5,32.7,32.6,32.4,32.0,32.1,32.1,32.0,31.6,31.9,32.4,31.7,33.1,32.4,31.2,34.4,31.3,32.7,31.9,32.9,33.8,31.5,33.4,30.6,31.5,32.2,33.2,32.2,32.1,31.9,32.0,32.2,31.6,31.8,32.9,31.8,32.7,31.1,32.4,32.4,32.4,32.3,32.2,32.5,33.3,33.2,33.7,33.9,32.1,32.0,33.4,31.8,32.9,31.6,32.7,33.0,32.4,31.3,32.5,32.3,32.0,32.7,31.5,32.2,32.1,31.4,31.6,32.5,32.1,32.6,32.8,32.6,32.5,31.8,32.8,32.7,32.8,32.7,32.9,33.3,31.5,32.1,32.5,32.9,32.6,31.8,32.7,32.6,32.6,32.4,31.5,32.1,32.2,32.1,32.4,32.1,32.1,33.2,31.8,33.1,32.3,33.1,32.1,32.3,33.1,32.2,32.8,32.6,33.5,32.5,32.6,31.7,32.3,33.0,32.9,34.4,32.8,31.5,32.0,32.3,31.9,32.1,32.5,32.1,32.1,32.6,32.8,32.5,31.8,32.1,32.3,32.8,32.5,33.1,32.8,32.3,32.3,33.1,31.6,33.0,32.8,33.5,33.4,33.1,32.4,32.0,33.7,32.7,33.1,31.9,32.2,31.7,32.5,31.4,32.0,31.5,32.2,31.4,32.3,31.8,32.3,31.8,32.3,32.3,32.2,32.4,32.7,32.8,32.7,31.7,33.0,32.6,34.0,33.4,33.5,33.1,33.0,32.4,33.0,32.8,33.0,32.0,32.5,32.4,32.2,32.6,31.7,33.1,32.4,32.1,32.3,32.2,32.2,32.8,32.4,32.5,32.4,32.4,32.1,33.2,32.2,32.3,32.8,33.4,33.7,34.0,33.8,33.5,32.8,32.3,33.0,32.6,33.4,31.1,32.8,31.7,31.5,32.0,33.1,32.1,31.9,32.6,34.1,32.7,32.3,32.0,33.1,32.8,32.7,32.1,32.2,32.3,32.7,32.0,32.8,33.6,33.5,34.1,34.1,33.1,32.6,31.4,32.6,32.9,32.4,32.7,31.9,32.4,32.0,32.1,33.0,32.2,33.0,32.0,33.3,32.1,32.5,31.4,31.9,33.0,32.5,32.0,32.6,32.9,32.7,32.8,33.1,34.0,33.1,34.2,34.0,33.3,32.7,32.1,32.9,33.0,32.6,32.7,31.2,32.3,32.4,31.8,32.4,32.6,33.0,31.8,32.5,32.5,32.7,32.5,32.4,33.0,32.5,32.0,32.5,33.2,32.7,32.3,32.7,33.4,33.0,33.5,33.8,33.0,32.1,32.3,33.7,33.3,32.5,32.2,33.5,32.4,31.2,32.8,32.5,33.2,32.7,32.9,31.9,33.2,32.2,31.7,32.4,31.6,32.2,32.1,33.1,33.4,32.9,33.0,33.7,33.5,33.7,33.5,32.9,32.8,32.1,32.6,32.7,32.6,33.0,31.5,33.0,32.2,32.0,32.1,32.4,33.3,32.8,32.6,32.3,32.3,32.4,33.0,32.4,32.0,32.4,31.8,32.9,32.2,32.9,33.7,33.4,33.1,33.2,32.9,33.0,32.6,32.3,32.1,33.7,32.5,32.3,31.0,31.8,32.8,31.9,33.5,33.0,33.0,32.2,32.2,33.1,32.3,31.8,32.4,32.8,32.9,32.6,32.4,32.7,32.6,32.1,33.2,32.4,33.2,32.7,34.4,33.6,33.0,32.7,32.6,33.1,32.2,33.2,32.5,32.5,33.1,32.2,32.0,32.8,32.1,32.1,32.5,31.9,32.3,32.0,32.2,32.9,31.7,32.8,33.3,32.9,32.2,32.7,32.5,33.0,33.0,32.3,33.0,33.7,34.1,32.7,33.5,33.5,33.2,32.4,33.2,32.4,32.9,32.6,33.3,32.5,32.1,32.2,32.1,31.9,32.8,32.3,32.9,32.5,32.0,32.0,33.4,32.6,32.9,32.8,32.7,32.8,34.0,33.8,33.8,33.5,33.2,33.6,34.0,33.2,32.5,32.8,32.3,32.5,32.2,32.5,32.1,32.4,32.3,32.5,32.5,32.3,32.6,32.0,32.8,32.9,32.0,32.4,32.0,33.2,31.3,33.4,33.2,33.9,33.5,33.0,33.5,33.8,32.8,32.8,33.3,34.5,33.1,32.1,32.2,33.4,33.1,31.9,32.5,32.5,32.9,31.9,32.7,32.4,32.8,nan,32.4,32.9,33.2,32.5,33.2,32.6,32.8,32.3,33.1,33.8,33.9,34.3,33.8,34.2,34.0,34.4,34.2,34.0,32.9,32.4,32.9,34.3,33.2,33.3,33.0,33.3,32.5,33.3,32.5,33.0,32.7,32.7,32.5,33.4,32.2,31.7,32.0,32.4,32.5,33.1,32.5,33.7,32.3,33.4,33.4,34.9,33.7,34.5,33.8,34.1,33.3,32.4,33.8,32.1,32.6,31.4,32.5,33.1,32.9,32.6,32.5,33.3,32.7,33.0,32.6,31.8,33.1,31.2,32.1,32.2,32.8,32.6,31.9,33.8,33.5,33.4,34.4,34.0,34.4,33.7,34.3,33.6,32.4,33.7,32.3,33.3,31.6,32.3,32.8,31.9,32.3,33.0,31.8,32.5,33.0,31.9,33.7,32.5,32.7,33.0,33.0,32.2,32.3,32.7,32.0,32.0,32.5,33.2,32.8,33.8,33.4,33.8,34.2,35.4,33.4,32.2,32.7,33.1,33.2,33.3,33.2,33.0,32.1,33.1,32.0,32.9,32.3,32.5,33.0,33.0,32.8,33.3,31.7,33.2,32.8,32.6,34.0,32.3,34.0,32.2,32.9,32.6,33.3,34.1,34.3,33.8,32.7,32.8,32.9,32.7,31.1,33.9,32.6,32.4,32.8,33.2,31.8,33.0,31.4,33.7,32.5,32.7,32.1,32.0,32.8,33.2,33.6,32.5,33.4,32.3,33.2,32.7,32.2,33.3,33.6,34.2,33.2,34.0,32.1,32.4,32.8,33.8,32.4,32.0,32.1,32.7,32.1,32.8,32.3,31.8,33.1,32.5,32.7,32.3,33.4,31.7,32.5,33.6,32.8,32.1,32.3,32.1,32.3,32.4,34.6,32.6,32.8,33.4,32.9,33.0
1785303139.7588398,415,32.0,31.9,32.1,33.6,31.8,32.9,32.9,31.9,32.4,32.4,32.6,32.3,32.7,33.8,32.1,33.1,32.7,32.0,31.9,33.3,32.1,32.7,32.8,32.5,32.6,32.1,32.6,33.1,33.2,32.8,33.5,32.4,33.7,31.8,32.9,32.4,31.9,30.8,31.5,32.8,32.5,31.7,32.1,32.3,32.4,31.3,32.7,33.0,31.5,32.1,33.1,32.6,32.9,32.6,32.0,33.3,33.3,32.8,33.3,32.7,33.1,32.0,34.0,32.7,31.9,33.6,32.0,32.2,32.1,32.6,32.0,33.0,32.1,32.5,32.1,32.0,32.0,33.2,31.8,32.6,31.7,32.7,32.9,32.2,31.5,33.1,32.0,33.0,33.4,33.1,31.6,32.5,32.4,32.5,32.8,33.9,32.3,33.1,31.6,33.0,32.0,31.6,33.1,31.7,32.9,32.2,31.8,32.4,32.1,31.4,32.9,32.1,33.0,31.8,32.8,31.8,32.5,32.5,33.3,32.5,33.3,32.8,31.7,32.7,33.3,33.0,32.4,33.2,32.2,32.0,32.9,32.5,32.4,32.0,31.9,32.3,32.7,32.2,32.3,31.4,31.7,32.6,31.9,32.6,32.8,33.1,31.9,33.3,31.9,32.8,32.2,33.9,32.6,32.6,32.7,33.4,32.5,33.3,32.8,32.7,32.8,31.9,33.4,32.2,32.9,31.9,32.1,32.0,32.5,33.3,32.1,31.8,32.7,32.5,32.3,32.7,32.4,32.5,33.5,32.5,32.0,32.2,33.1,32.5,33.3,32.6,32.7,32.6,32.8,32.8,33.3,32.8,32.7,32.5,33.6,33.4,32.5,31.7,31.4,32.2,31.7,32.7,32.7,33.3,31.8,33.1,32.0,33.8,32.4,32.5,32.1,32.6,32.2,31.8,31.8,32.2,33.8,33.7,33.6,33.5,32.9,32.4,33.1,32.8,32.6,31.5,33.7,32.9,31.2,31.8,32.4,31.9,31.8,32.5,32.6,32.7,31.9,31.9,33.0,32.7,32.4,32.1,33.0,32.7,32.7,32.5,32.7,33.7,32.7,33.9,34.0,34.5,34.1,32.6,33.3,33.5,31.7,32.8,33.2,32.8,31.7,31.9,32.7,33.7,33.1,32.4,32.4,33.1,32.5,31.6,32.3,32.5,32.0,32.2,32.5,33.0,32.3,32.4,32.7,33.4,32.8,33.5,34.3,34.4,32.8,33.4,32.1,33.0,33.3,32.0,32.3,32.1,31.9,31.5,32.5,33.3,33.1,32.2,32.0,33.2,31.9,32.2,32.1,31.8,31.6,31.3,33.0,33.1,32.6,31.8,33.4,32.6,33.5,33.7,33.9,34.3,33.7,33.2,32.8,32.7,32.6,33.2,33.1,32.2,31.9,33.3,32.0,33.3,32.8,32.6,32.3,33.0,31.7,32.1,32.3,32.2,32.8,32.9,32.3,32.6,31.4,31.4,32.5,33.2,33.1,34.4,33.5,33.3,32.6,32.9,32.9,32.7,32.3,32.1,32.8,32.5,33.0,32.6,33.0,32.5,32.4,32.0,32.2,32.6,32.8,32.4,32.9,32.6,33.2,32.4,32.6,32.9,33.2,32.9,33.0,34.2,33.0,34.1,33.2,33.3,32.5,31.8,33.2,32.5,32.2,32.8,32.9,32.7,32.2,32.4,32.4,32.6,32.1,32.3,32.1,32.0,32.7,32.7,32.5,32.9,32.9,32.1,32.0,33.4,32.4,32.6,33.2,33.5,33.0,32.4,33.0,34.3,33.7,33.4,32.1,33.3,32.9,32.1,33.6,32.4,31.8,32.3,32.3,32.7,33.0,32.1,32.9,31.8,32.9,32.5,32.8,32.6,32.1,32.8,33.4,32.6,32.6,32.3,33.1,33.1,33.9,32.8,33.9,33.3,33.2,32.5,33.0,32.5,33.1,33.9,32.9,33.7,32.8,32.8,32.4,32.4,32.8,32.2,31.9,32.9,32.8,32.5,32.7,32.2,32.9,31.9,32.5,33.5,32.8,33.0,34.5,33.9,33.2,33.9,34.0,33.6,33.9,33.6,33.3,33.3,32.2,32.4,33.2,32.8,31.8,32.8,32.7,33.2,32.2,32.1,32.6,32.8,32.5,32.1,33.9,32.2,32.6,32.5,33.2,32.7,32.6,32.2,33.9,33.3,33.6,32.9,34.1,34.4,33.4,34.9,33.6,34.4,32.9,32.2,31.5,32.5,31.9,32.4,32.4,33.2,33.0,33.7,32.2,32.7,32.3,31.7,32.2,33.2,32.0,32.1,32.5,33.5,33.5,33.2,34.0,33.7,34.4,33.9,33.7,33.5,34.7,33.6,34.8,33.9,32.9,32.3,32.4,32.6,33.3,33.1,33.6,32.7,32.4,32.3,32.4,33.4,33.3,nan,32.6,32.0,32.5,32.5,32.3,33.1,33.1,32.3,33.6,33.3,34.8,33.6,34.0,34.6,33.9,33.1,33.0,33.8,31.2,33.9,32.1,33.3,33.0,32.8,33.3,33.7,32.5,32.8,31.8,33.0,32.6,32.4,31.9,33.2,31.4,33.2,32.4,33.2,32.0,32.7,32.8,33.6,33.5,33.4,34.1,34.6,33.7,34.6,34.6,33.3,32.0,32.0,33.3,32.5,32.8,33.5,32.7,33.3,32.4,32.3,32.5,33.4,32.8,32.0,33.3,33.3,32.3,32.2,32.8,33.2,33.1,32.8,33.3,33.3,33.7,34.0,34.4,33.7,33.5,33.9,36.0,34.2,32.8,33.9,33.2,34.0,31.3,32.9,32.3,33.0,32.9,33.2,32.3,33.7,32.7,33.2,32.7,32.2,32.6,32.9,32.8,32.9,32.7,32.9,33.0,32.7,32.3,33.4,33.0,33.3,33.0,33.6,33.4,33.3,32.7,31.7,33.2,33.1,34.5,32.5,33.6,33.5,33.1,31.2,32.7,32.8,32.1,33.0,32.8,33.7,33.7,32.0,32.8,33.2,32.8,33.0,33.5,32.5,32.2,32.9,32.9,32.4,33.3,33.9,35.2,34.9,33.0,32.4,33.2,33.8,32.0,32.7,32.1,33.0,31.9,32.5,32.1,32.5,32.7,32.5,33.0,33.8,31.8,33.4,33.0,33.2,33.2,32.5,33.4,33.2,34.0,33.2,33.4,33.1,33.8,34.9,34.3,35.6,33.1,32.2,32.8,32.6,32.2,32.4,33.7,33.4,32.7,32.3,32.2,33.1,33.8,32.4,34.1,32.5,32.3,32.0,33.2,33.1,34.1,32.0,32.5,33.1,33.8,33.4,32.8,33.5,33.0,33.9,32.9,34.2
1785303141.8955367,416,32.7,34.2,33.7,33.4,32.8,32.8,32.6,33.7,32.1,33.1,32.2,33.0,32.1,31.9,32.8,32.3,32.8,32.8,32.8,32.8,31.5,33.2,32.5,33.2,31.7,33.0,32.5,33.2,32.7,34.1,32.8,32.7,33.3,33.2,32.1,33.1,32.7,32.9,32.7,33.2,32.8,31.9,32.0,33.0,32.9,32.3,32.1,32.5,33.6,32.9,33.9,32.2,32.9,32.5,31.9,33.1,34.2,31.7,32.1,33.3,33.6,31.2,33.6,31.6,31.5,33.2,32.8,32.4,32.9,33.1,33.7,32.4,32.4,33.0,32.8,32.3,33.2,32.8,32.5,31.1,32.0,32.7,32.7,33.2,32.7,32.0,33.0,32.7,32.2,33.2,32.7,32.8,33.1,32.0,33.1,32.9,31.4,32.3,31.7,32.6,32.1,32.3,32.8,33.2,33.6,32.3,32.0,32.7,32.2,31.2,32.4,32.8,32.8,32.1,32.9,32.3,32.1,32.4,32.2,32.8,33.1,33.1,33.4,33.1,33.8,32.7,32.7,33.8,32.4,32.8,32.8,32.2,32.7,32.3,32.9,32.8,32.3,32.5,32.6,32.7,32.2,32.6,32.5,32.1,32.4,32.8,32.5,32.4,31.9,32.8,32.7,33.1,32.7,34.0,32.4,33.1,31.6,33.0,33.4,33.3,32.9,32.2,31.8,32.5,32.2,31.7,32.4,33.1,32.4,32.6,32.7,32.2,32.4,32.0,32.1,32.5,32.6,32.0,32.8,32.8,33.0,31.8,33.1,33.3,32.9,32.9,33.4,33.5,33.5,32.9,32.8,32.7,32.9,32.8,32.7,32.3,31.6,31.5,32.8,32.1,32.0,32.3,33.0,33.4,31.8,32.4,33.1,32.9,32.5,32.6,32.2,32.7,32.8,32.8,32.1,33.3,33.4,34.1,34.1,33.7,33.1,32.7,34.0,33.2,32.5,31.2,33.2,32.4,32.3,32.3,32.4,32.8,33.4,31.7,32.6,32.8,31.9,32.0,32.5,33.5,32.7,31.7,33.8,33.0,33.5,32.0,32.6,32.5,34.2,34.0,34.0,34.1,33.3,33.7,34.1,33.8,32.7,32.5,32.7,33.0,32.1,32.4,32.5,33.8,31.9,32.0,33.1,32.6,31.5,33.0,33.4,33.1,32.6,32.3,32.4,32.8,31.8,32.6,32.8,33.1,34.4,34.3,35.2,33.7,33.6,33.5,33.8,33.7,31.8,31.7,32.0,33.1,32.7,32.2,31.9,33.6,32.0,32.0,32.9,32.5,32.5,32.5,32.5,32.5,33.3,33.2,33.0,33.4,31.9,32.1,32.8,32.7,33.6,34.4,34.7,33.0,33.3,32.4,32.5,33.6,31.6,32.5,32.6,33.1,32.6,32.1,32.1,32.4,32.9,32.9,32.6,32.8,32.5,33.6,32.8,32.4,32.6,32.5,32.9,32.7,32.2,32.5,33.3,34.0,33.4,33.3,33.6,33.6,32.2,32.6,32.8,33.2,33.9,31.1,33.1,32.9,33.1,32.7,32.4,32.8,32.7,33.0,32.8,33.0,33.8,32.2,32.7,33.5,32.1,32.2,31.7,32.6,33.3,32.7,33.6,34.2,34.1,33.2,33.5,33.2,33.9,32.5,33.9,33.2,31.7,32.7,32.6,32.4,32.5,33.0,32.7,32.9,32.1,32.5,33.1,32.6,32.2,32.0,33.4,33.0,32.5,32.7,33.1,33.5,32.2,32.2,33.6,33.0,33.6,33.2,33.8,33.5,33.8,32.8,33.0,32.8,32.4,33.9,32.7,32.9,33.1,32.7,33.0,32.3,32.5,32.5,32.7,33.0,32.3,31.8,32.7,32.3,32.6,32.0,32.1,33.5,32.1,32.7,32.4,33.4,32.8,32.9,33.5,34.1,33.2,32.3,33.1,33.7,31.7,33.2,33.2,32.6,31.3,32.2,33.6,33.2,32.3,32.0,33.4,32.0,32.2,32.7,33.6,32.8,31.6,32.5,33.3,33.3,32.8,32.7,33.6,33.0,33.3,33.3,33.8,32.8,33.8,33.2,34.2,33.0,31.7,33.3,32.0,32.9,32.0,31.7,33.2,33.4,32.9,31.7,32.4,33.2,32.9,32.6,33.2,32.8,32.6,32.6,33.0,33.3,32.1,33.6,34.5,33.6,34.2,33.4,34.4,34.3,33.7,33.2,33.9,32.1,32.4,33.2,33.0,32.7,33.1,33.0,32.7,32.6,31.9,32.6,33.1,32.3,32.4,32.5,32.3,33.5,31.8,33.0,33.3,33.2,32.6,33.0,33.8,35.2,33.8,34.0,34.2,34.1,33.7,34.8,34.1,34.0,32.4,32.0,32.9,32.8,33.6,32.5,33.4,33.0,32.9,32.0,32.5,33.2,32.9,nan,32.7,33.7,33.7,32.8,32.6,33.1,32.7,32.7,33.7,33.8,35.3,34.6,34.3,34.5,34.7,33.8,33.8,34.5,32.4,33.0,32.9,32.7,32.4,32.7,33.5,32.6,33.0,32.8,33.0,32.6,31.8,32.8,32.7,32.3,32.7,32.7,32.8,33.2,32.5,32.2,33.1,33.7,33.7,34.4,35.1,34.3,34.4,34.5,33.5,34.1,33.0,33.2,33.0,32.8,32.1,32.7,32.7,33.4,32.7,32.6,33.6,32.2,32.8,32.0,33.2,32.9,32.3,32.3,32.9,32.8,32.1,32.6,32.9,34.3,33.3,33.6,33.8,33.6,33.8,34.6,35.3,35.1,33.6,33.4,33.5,32.6,32.6,32.3,33.9,32.0,33.2,33.3,33.3,32.8,33.0,32.9,33.1,33.0,32.5,32.8,33.0,33.5,32.5,33.7,33.5,33.2,33.9,32.6,33.3,33.4,34.1,33.5,35.0,33.9,32.6,33.4,33.3,33.2,31.9,32.7,32.8,33.7,31.5,32.9,32.4,33.4,32.8,31.9,32.8,33.0,32.3,33.1,32.8,34.2,33.4,32.8,33.3,34.0,32.9,33.3,33.6,33.3,33.4,33.8,33.8,34.6,33.3,33.2,33.1,33.3,32.9,33.1,32.6,33.3,32.1,32.4,33.0,33.2,32.8,31.6,33.0,33.5,31.9,32.1,32.8,32.8,33.5,33.4,33.2,33.7,33.5,32.8,33.7,32.4,34.5,33.1,34.5,33.9,33.7,33.0,33.6,33.1,33.2,33.1,33.0,33.2,33.2,33.2,33.6,33.9,33.0,32.0,32.8,32.8,32.6,33.5,32.6,33.4,32.6,33.0,33.0,33.4,33.6,32.6,33.7,33.8,33.9,33.4,33.7,34.1
1785303143.9151785,417,31.3,32.7,33.5,33.1,32.1,30.9,32.6,31.1,32.5,32.0,32.1,32.5,33.7,31.8,32.2,32.1,30.9,32.1,32.4,32.0,32.2,31.6,32.9,32.7,31.7,33.1,32.7,31.8,33.3,32.1,32.3,31.3,32.9,31.9,31.0,33.0,31.7,31.3,32.3,31.1,31.1,32.0,32.3,32.0,31.7,31.4,31.6,33.4,32.0,32.0,32.1,33.3,31.6,32.5,31.6,32.3,31.5,32.5,31.8,32.2,32.2,31.4,32.7,32.8,33.0,31.4,33.0,32.9,31.8,30.4,32.7,32.4,31.6,31.5,32.0,32.0,32.5,31.8,31.9,32.2,31.8,32.7,32.6,31.5,32.1,32.3,33.5,32.2,32.0,32.5,32.5,32.7,32.5,32.1,33.3,32.3,31.0,32.0,31.6,32.6,31.3,32.1,31.7,32.0,32.5,31.7,30.6,31.8,31.4,31.9,32.2,31.9,31.8,32.2,31.9,32.1,31.4,32.4,31.5,33.1,32.2,32.7,32.3,32.5,32.5,32.4,31.7,32.9,31.6,31.5,32.6,32.3,31.7,32.2,32.0,31.9,31.9,31.5,32.4,32.2,32.5,32.5,32.7,30.4,32.5,31.5,31.3,32.8,32.5,31.6,33.2,32.8,31.8,32.4,32.4,32.4,31.8,32.1,32.7,33.2,31.6,31.5,33.4,32.5,31.5,31.3,31.5,32.5,31.9,31.5,32.1,32.7,31.8,31.6,32.8,32.6,32.0,32.1,32.8,32.8,32.3,32.1,31.5,33.1,32.1,32.6,33.5,32.8,31.8,32.1,32.2,32.7,31.7,32.5,31.6,32.0,32.0,32.3,32.8,32.7,31.8,32.4,31.8,33.1,31.3,31.1,32.4,31.3,32.9,31.7,33.0,32.0,32.1,31.8,33.2,32.7,32.9,32.1,33.9,32.0,32.7,32.0,33.6,32.4,31.7,31.4,32.0,32.4,31.2,32.7,31.9,32.6,32.5,32.6,31.8,32.8,32.2,32.5,31.9,33.0,32.2,32.0,32.5,32.5,31.9,32.3,31.3,32.6,31.8,34.4,33.1,33.5,31.6,32.2,31.5,33.0,31.8,30.6,32.9,31.8,32.0,31.2,33.0,32.6,32.7,32.1,32.7,32.1,32.1,31.2,32.3,32.3,32.1,32.0,32.7,32.5,31.6,31.7,33.1,32.8,33.2,33.7,34.3,33.7,33.1,32.3,34.2,32.6,32.0,32.8,31.3,32.3,31.3,32.1,32.5,32.8,31.5,31.6,31.5,32.1,31.4,31.7,32.0,32.7,31.7,31.9,32.0,32.2,31.8,31.9,31.9,32.9,33.5,33.8,33.9,34.1,31.5,32.4,32.5,32.6,32.7,32.4,32.8,31.4,32.1,32.0,32.1,32.6,31.7,31.5,32.9,32.7,32.6,32.2,32.4,32.4,31.5,32.4,32.8,31.9,32.5,31.9,33.6,32.4,32.5,32.9,33.7,32.7,31.6,31.2,32.6,32.0,31.0,32.6,32.5,32.1,30.9,32.5,32.6,32.3,32.4,31.8,32.7,32.5,30.8,32.4,32.5,31.9,31.6,32.1,32.1,31.9,32.4,32.9,32.5,33.3,33.2,32.9,33.0,32.7,31.4,31.9,31.4,33.6,31.9,32.0,32.6,32.8,32.0,31.8,32.4,32.1,32.4,31.2,32.1,33.1,33.1,31.9,33.0,32.7,33.3,31.7,32.9,33.0,32.5,32.7,33.6,33.0,32.6,31.7,34.5,32.7,32.9,32.1,32.8,32.9,32.5,32.0,32.0,32.1,31.7,31.8,33.2,33.0,32.0,32.3,32.2,32.8,31.6,32.3,32.1,32.4,32.6,31.6,32.3,32.4,32.4,33.2,32.6,32.9,33.0,33.5,33.9,33.0,32.5,32.1,32.2,33.6,33.2,32.2,33.0,33.3,31.7,33.1,32.5,32.1,32.1,31.7,32.6,32.9,32.6,32.2,33.1,31.9,32.0,32.2,33.1,32.7,32.8,32.4,34.0,33.0,33.6,33.0,33.1,33.0,33.1,32.9,33.6,32.7,31.5,32.3,32.8,32.2,32.2,32.9,33.1,32.5,32.6,32.8,32.4,32.5,31.8,32.1,32.3,33.2,32.8,32.6,32.4,32.9,32.6,32.6,33.1,33.4,33.6,33.4,32.9,33.2,33.6,33.4,33.0,33.3,32.4,32.0,32.2,32.1,32.5,32.7,32.7,31.9,31.7,31.6,33.6,32.5,31.6,32.4,32.9,33.4,32.1,31.7,32.3,32.9,32.3,33.2,33.8,33.0,33.1,33.0,34.0,34.0,32.6,33.0,34.3,33.9,32.6,32.0,32.4,32.3,32.4,32.3,32.4,32.6,32.2,32.4,31.9,33.4,32.8,nan,31.1,32.7,31.8,32.3,32.1,32.6,32.3,32.4,32.4,34.6,34.8,32.9,33.4,34.5,33.8,32.8,32.8,33.7,32.0,32.4,32.2,32.1,31.8,31.8,34.4,32.8,32.1,33.2,33.1,32.5,32.5,31.0,33.1,32.7,32.1,32.0,33.0,32.7,33.0,31.7,32.6,33.6,33.3,33.4,34.9,34.7,33.5,34.5,33.1,33.9,32.9,32.5,32.2,33.0,31.8,32.6,32.9,33.2,33.0,32.9,31.9,32.5,32.5,31.9,32.0,32.6,32.6,32.8,32.6,33.1,32.5,32.1,32.3,33.4,33.6,32.9,34.2,34.0,34.0,32.8,33.7,33.5,32.3,32.8,33.1,34.6,32.0,31.6,32.0,33.0,31.6,31.9,32.3,33.0,32.8,31.7,33.8,32.9,32.2,31.3,32.8,31.8,32.4,32.5,34.2,32.5,32.4,31.2,33.3,33.1,33.9,33.8,34.5,34.1,32.0,33.6,32.1,33.2,32.2,31.7,32.6,32.9,32.4,32.7,31.4,33.4,32.1,32.4,31.6,33.1,32.3,31.7,32.8,32.8,33.3,32.2,32.6,32.9,32.6,32.7,32.3,33.5,33.3,33.0,33.5,34.4,31.9,32.6,32.2,32.7,32.3,31.5,33.1,33.4,31.7,32.5,32.8,32.2,32.1,32.1,33.1,32.2,32.6,32.7,32.9,33.4,32.1,32.4,32.4,32.8,33.2,31.5,33.5,33.5,33.1,34.0,34.2,34.2,31.4,33.3,32.6,32.5,32.8,31.3,32.1,34.1,31.8,30.9,32.5,33.9,31.8,32.3,32.9,32.8,31.3,32.1,32.5,33.0,32.1,32.8,32.3,33.9,32.7,33.5,32.8,33.4,33.6,32.5,32.9,34.5
1785303146.107233,418,32.0,32.2,31.8,32.1,32.6,32.0,32.9,31.7,32.4,32.4,32.4,31.9,33.4,31.8,32.1,32.5,33.0,32.7,32.1,33.3,32.5,32.0,29.8,32.5,32.0,31.7,31.3,32.9,33.4,32.1,33.2,32.9,32.6,32.5,33.9,31.9,32.8,32.3,33.0,32.8,33.3,31.3,31.7,32.1,32.2,32.0,32.5,31.8,32.7,31.9,33.1,32.2,32.4,32.0,33.1,32.4,32.7,32.7,33.3,32.3,34.0,32.9,32.2,32.2,34.1,33.1,31.9,33.4,32.1,32.5,32.6,32.6,32.8,32.7,31.9,31.3,32.2,32.7,32.2,32.2,32.9,32.7,32.3,32.4,32.5,31.9,32.0,31.9,32.9,33.5,32.0,33.5,32.2,32.5,33.0,33.7,32.3,33.4,33.6,32.1,32.2,31.2,32.7,32.5,32.3,31.1,32.7,31.5,32.8,32.3,31.7,31.9,32.0,32.3,33.7,32.5,33.6,31.2,32.8,31.9,33.1,32.2,33.5,33.1,33.1,31.5,33.3,31.6,32.0,32.0,33.6,33.8,31.3,32.4,33.0,31.7,32.0,32.5,33.0,32.1,32.4,32.8,32.4,33.1,32.4,32.6,31.2,32.5,31.9,32.3,32.2,33.2,32.4,32.1,32.5,33.2,32.1,32.7,31.7,32.9,32.5,33.0,33.2,32.2,32.7,31.3,32.9,31.6,32.8,31.7,31.9,31.9,32.8,32.5,33.0,32.7,32.2,31.8,32.5,31.8,32.5,32.3,32.1,33.2,32.8,33.1,32.9,33.2,32.7,32.0,32.7,33.0,33.2,31.8,32.8,32.4,32.8,31.7,31.8,32.5,32.7,32.7,32.9,32.4,32.1,32.5,32.1,33.0,31.9,32.5,32.1,32.7,32.6,32.2,31.2,33.0,33.3,33.8,33.3,33.3,33.3,33.6,33.0,33.0,33.1,31.7,32.6,31.5,32.6,32.5,32.8,32.3,31.9,32.8,32.8,33.0,32.2,32.5,32.2,32.4,32.1,31.7,31.7,32.7,32.2,32.0,31.7,32.2,33.9,33.6,34.0,33.4,33.3,33.6,33.3,32.6,31.3,32.8,32.2,32.8,32.1,32.7,31.8,33.7,32.1,32.2,31.4,32.9,31.8,32.2,31.4,32.5,32.5,33.3,32.3,33.6,32.3,32.7,32.3,32.7,33.4,34.6,34.7,32.5,32.9,33.0,33.3,32.8,32.9,31.8,31.9,32.9,32.0,31.5,32.5,32.6,33.5,32.3,33.0,31.9,32.4,32.1,32.7,32.4,32.2,33.0,32.5,32.7,32.2,32.9,32.7,32.7,33.2,34.1,34.1,33.8,32.4,31.9,32.3,33.1,32.1,32.8,32.7,32.0,32.3,33.1,31.6,32.4,32.5,32.8,31.1,32.5,33.1,32.7,32.6,33.5,32.0,32.4,32.5,32.1,32.4,32.8,32.3,32.9,32.9,34.2,32.9,33.2,32.4,32.5,32.9,32.4,32.9,32.9,32.4,31.7,31.9,31.9,32.8,32.0,32.1,31.8,32.5,32.6,31.8,31.9,32.5,31.9,31.6,32.1,32.9,31.9,32.4,33.1,33.5,32.9,34.4,33.9,33.9,33.3,32.8,32.1,32.8,31.7,32.6,32.0,31.3,32.5,32.9,32.7,31.9,32.9,32.8,32.3,32.6,32.5,32.7,31.7,31.9,32.9,32.4,32.7,32.2,32.9,33.0,33.7,34.2,32.7,34.0,34.2,32.9,34.1,33.0,32.7,31.5,32.5,32.7,32.7,32.0,32.4,32.5,32.1,32.5,32.2,33.2,32.2,33.0,31.4,31.6,31.7,32.4,32.3,32.9,32.6,32.4,32.1,33.1,33.2,33.2,32.9,33.7,33.1,33.7,34.1,32.5,32.1,32.6,33.1,33.1,33.2,32.1,32.7,32.2,32.6,32.2,33.5,31.8,32.7,32.0,32.7,32.5,32.4,32.0,32.4,32.1,32.9,33.2,34.0,33.1,33.0,32.8,33.7,33.7,33.4,33.7,33.4,33.3,32.9,33.3,33.1,33.2,32.8,32.2,33.4,32.9,31.6,34.0,32.7,33.2,32.4,32.3,31.3,32.9,33.2,32.9,32.2,32.0,32.3,33.2,33.0,33.4,33.4,33.8,33.5,33.7,33.1,33.1,33.3,33.2,34.2,33.2,32.4,32.5,32.4,31.1,32.1,32.9,34.0,31.9,32.6,32.8,32.6,32.7,32.4,31.3,32.9,32.0,32.9,33.6,33.2,32.5,33.4,32.2,33.4,34.0,34.2,33.4,33.9,34.7,34.3,33.0,34.3,33.7,35.1,32.8,32.7,33.2,33.0,32.5,32.5,32.7,32.9,32.4,31.4,32.4,32.2,31.7,nan,32.9,31.8,32.3,32.2,32.6,32.8,32.8,32.3,34.6,33.6,34.1,34.8,35.2,34.2,33.1,32.9,33.8,33.2,31.6,33.1,32.3,33.1,31.7,33.7,32.2,32.8,32.3,32.8,32.8,32.5,32.0,32.4,32.5,32.0,33.0,33.0,33.8,32.7,32.7,33.2,32.8,33.0,34.6,33.7,34.3,34.2,33.9,34.0,33.6,34.1,32.2,32.2,32.6,31.9,33.3,32.7,33.4,33.7,32.6,32.1,33.5,32.1,33.0,32.6,32.9,32.9,33.1,32.6,32.8,32.7,32.8,32.6,33.1,33.3,33.6,33.8,33.8,32.8,34.6,34.0,33.9,34.6,32.6,32.8,32.5,32.7,31.8,33.5,31.5,33.0,33.0,32.5,32.7,33.2,32.5,32.6,33.5,32.7,33.0,32.7,32.8,33.4,32.3,32.4,32.1,32.9,32.7,33.2,32.8,33.8,32.8,33.2,31.8,33.3,32.5,33.5,32.7,32.0,32.4,32.7,33.4,33.0,32.2,31.9,33.4,32.6,32.5,32.5,33.0,32.5,33.1,32.0,32.8,32.3,33.0,33.1,32.4,32.1,32.9,32.9,33.7,33.5,32.9,33.5,34.3,32.7,33.2,33.3,31.8,32.3,33.4,32.9,32.8,32.4,33.0,33.2,32.5,33.2,31.9,33.0,33.0,32.9,32.3,32.5,31.9,33.2,32.5,32.7,33.2,32.5,32.5,32.5,33.8,32.1,33.6,35.1,33.0,34.9,31.9,31.7,33.2,31.9,31.8,32.6,33.1,32.3,32.7,33.0,33.1,32.3,32.9,32.5,33.6,32.5,31.8,32.9,33.0,32.5,32.3,32.1,32.1,32.5,33.4,32.8,32.8,32.2,33.0,34.1,33.6,33.5
1785303148.3642085,419,32.6,31.6,32.3,30.6,31.3,32.7,31.9,31.9,32.0,32.2,32.4,32.1,31.6,33.8,31.9,32.1,32.1,32.5,33.2,31.8,31.9,32.4,31.6,31.5,32.4,31.5,32.6,31.6,33.5,31.9,33.0,30.8,34.5,31.2,32.7,31.7,33.7,31.9,31.7,32.2,31.7,31.9,32.5,33.1,32.2,31.1,32.9,32.4,32.2,31.3,33.1,32.3,33.1,31.9,32.3,32.6,31.3,32.6,32.4,33.4,32.2,33.1,31.7,33.0,31.4,31.9,32.9,32.9,31.9,32.1,31.6,32.6,31.9,32.1,31.8,32.0,32.0,33.4,32.4,31.2,31.7,33.3,31.8,31.5,32.6,33.0,32.3,32.6,32.3,32.4,33.2,32.3,32.0,32.3,32.1,32.1,32.3,31.5,31.1,33.0,32.4,31.6,32.3,31.7,32.7,31.8,32.2,31.7,32.4,31.6,32.6,31.9,31.3,32.7,32.8,31.6,32.0,32.1,31.1,31.7,32.9,32.3,32.3,32.4,32.5,32.5,33.1,32.1,32.2,33.4,33.2,31.9,31.8,32.0,33.2,32.3,32.0,32.7,32.2,31.2,32.7,31.8,32.2,32.0,31.3,33.0,32.4,31.5,32.3,32.8,32.6,32.1,33.3,32.4,32.9,33.0,32.5,32.9,33.0,33.2,32.3,30.9,33.4,31.8,32.1,31.3,31.8,32.4,33.0,31.4,32.3,31.9,31.7,31.5,32.8,32.7,32.5,31.7,32.5,32.5,32.2,31.7,32.1,32.2,33.3,32.5,32.4,32.8,32.2,33.8,31.8,32.8,32.5,32.0,32.2,32.2,32.3,31.8,32.4,32.0,32.2,32.4,31.9,31.8,32.6,32.1,32.2,31.5,32.0,32.9,32.9,32.2,32.7,31.7,31.9,32.2,32.4,32.3,33.6,33.5,33.3,32.2,33.5,33.0,32.2,32.2,31.8,31.5,31.3,31.6,32.3,33.0,33.2,32.6,31.8,32.4,31.7,31.7,32.9,31.8,32.2,32.4,32.1,32.6,32.9,32.2,31.5,32.7,33.6,34.4,34.0,34.5,32.6,32.1,33.1,32.0,31.3,32.6,32.0,31.8,31.2,32.5,32.2,33.0,31.8,32.3,32.8,32.6,32.2,33.0,33.0,33.0,32.3,31.9,32.8,32.0,32.0,32.0,33.0,32.2,33.6,33.6,34.9,33.2,32.8,33.2,33.9,32.6,32.9,32.5,32.9,32.2,31.9,32.8,32.8,33.0,33.4,32.7,32.0,32.9,32.4,31.3,32.5,32.3,31.9,31.8,32.6,32.8,32.7,32.8,32.4,32.8,34.4,34.8,34.8,33.8,33.9,32.3,31.8,33.5,29.8,31.6,32.7,33.0,32.0,32.0,32.6,32.5,32.8,32.6,31.9,32.0,31.7,32.2,32.3,31.8,33.6,32.4,32.3,32.1,31.4,32.5,32.5,33.5,34.1,33.6,33.5,32.7,34.3,32.5,31.7,31.4,34.0,32.5,31.6,31.8,32.2,31.0,31.4,31.3,33.2,31.9,31.9,32.1,32.6,32.1,31.6,32.4,32.9,33.2,32.4,32.9,31.8,32.4,32.9,33.2,34.0,33.4,32.9,33.1,33.4,31.6,31.8,33.7,32.2,32.6,33.7,32.3,31.1,32.4,32.3,31.7,32.0,32.0,32.3,31.7,32.5,32.1,32.9,33.4,32.4,31.8,32.8,33.2,32.9,33.7,33.0,33.0,33.3,32.6,33.3,33.6,33.2,32.1,32.1,32.5,33.0,31.3,32.2,32.6,33.0,32.5,32.0,32.5,32.9,32.2,32.1,32.4,32.3,32.2,32.3,32.3,32.1,32.0,32.3,32.3,32.9,33.1,33.3,34.1,33.4,33.8,33.8,33.8,33.0,31.8,32.6,31.7,32.3,31.8,32.5,32.7,32.5,32.4,31.9,33.0,31.6,32.5,32.4,32.7,31.6,33.0,33.0,31.6,32.2,33.3,33.0,32.6,32.8,32.6,33.7,33.6,33.7,34.1,32.8,33.7,32.8,32.5,33.5,32.1,33.0,32.2,33.0,32.3,32.8,31.4,32.6,32.0,32.7,32.2,33.4,33.1,32.6,31.5,32.9,32.2,32.3,32.8,33.4,33.2,33.2,33.8,33.1,33.1,32.7,32.6,33.6,33.8,34.1,33.5,33.4,33.2,32.3,32.8,32.9,32.9,31.9,32.8,32.3,32.6,32.8,32.7,32.4,32.7,33.0,32.4,32.5,32.1,31.7,33.0,33.0,32.9,32.5,33.1,34.0,33.7,34.1,33.9,34.6,33.5,33.6,34.5,34.4,34.7,32.4,31.5,32.2,31.9,33.5,31.8,33.1,32.5,32.6,32.6,32.4,32.9,33.3,nan,32.9,32.8,33.3,32.7,32.1,32.7,33.1,33.0,33.5,34.2,34.0,35.0,34.5,34.8,34.2,33.8,33.2,34.6,31.9,33.1,32.3,32.5,32.1,33.0,33.4,33.2,33.2,33.5,32.3,32.7,32.2,32.4,32.9,32.6,32.2,31.9,33.0,31.9,32.7,32.4,33.2,33.6,33.0,33.6,35.4,34.6,34.1,34.4,34.6,33.5,33.1,32.2,33.1,33.1,32.2,32.4,33.6,33.5,33.1,31.8,33.0,31.9,32.5,32.5,32.6,32.0,32.2,32.7,32.8,33.7,32.6,32.8,32.8,33.7,33.8,33.1,33.5,33.7,33.8,33.5,34.5,34.2,31.9,32.9,33.4,33.3,31.7,32.4,31.9,32.7,33.2,33.2,32.5,32.9,32.4,31.5,33.7,32.4,33.1,32.2,32.7,32.6,32.9,32.4,32.7,32.3,32.7,32.5,33.4,33.3,32.6,33.2,33.4,33.5,33.4,33.5,33.4,32.9,33.0,32.5,33.7,32.8,32.4,32.3,33.4,32.6,33.0,32.8,32.8,32.3,33.5,32.8,32.1,31.3,33.0,32.8,31.7,32.8,32.6,33.3,32.7,33.4,32.9,33.7,34.6,34.7,31.4,32.4,32.3,32.9,32.6,32.9,32.1,33.4,32.7,33.2,32.7,32.0,32.9,33.0,33.0,32.2,31.1,32.4,33.2,32.5,32.3,32.4,32.7,32.5,33.1,32.3,33.6,32.7,33.6,33.9,33.9,34.0,34.2,32.2,33.5,32.6,32.6,32.6,32.1,33.3,32.7,32.7,32.7,32.9,32.9,32.4,31.5,32.0,32.7,31.7,33.4,32.9,33.7,31.8,32.9,32.5,33.4,32.3,33.0,33.1,33.4,32.8,33.6,34.4
1785303150.817497,420,33.0,32.6,31.9,31.2,34.1,31.7,32.0,33.1,32.5,32.3,32.5,32.2,33.3,31.7,31.5,31.9,31.7,31.2,32.2,31.2,31.9,30.8,30.8,32.8,32.3,32.6,32.3,33.0,33.1,33.9,32.1,31.2,31.4,32.7,31.6,31.8,31.6,32.0,32.1,31.5,31.0,33.4,32.2,32.4,33.2,31.4,32.6,32.2,31.8,33.1,32.8,32.2,31.7,33.2,32.5,32.7,31.4,32.3,32.3,33.1,32.8,33.0,32.1,32.1,33.0,32.0,31.8,32.4,32.2,33.1,31.7,32.9,32.2,31.7,31.7,31.9,32.3,32.3,32.3,31.4,32.5,33.2,32.8,31.8,32.7,32.9,32.1,32.7,32.8,33.0,32.1,32.2,34.0,32.2,32.4,33.6,32.6,32.5,32.6,32.0,30.8,32.3,32.4,31.4,31.9,33.2,32.5,31.4,32.2,32.4,32.2,32.2,32.1,32.9,32.6,32.9,31.5,33.4,32.2,32.2,31.4,33.3,32.2,33.7,32.4,31.8,32.5,34.3,32.8,32.3,31.7,31.6,31.7,32.5,32.9,32.4,32.1,31.6,32.1,32.0,32.5,30.9,33.0,32.6,33.0,32.1,31.7,31.8,32.2,32.4,32.1,32.8,33.6,32.9,31.8,32.5,32.0,32.4,32.2,33.7,32.0,32.2,32.3,31.9,31.8,31.8,32.2,31.2,32.1,31.9,32.9,31.0,32.6,33.1,32.9,32.8,32.1,32.5,30.8,32.1,32.0,32.3,31.8,32.3,32.7,33.3,32.5,32.8,33.1,32.9,33.6,33.2,33.1,31.7,31.4,32.7,32.2,31.7,31.9,31.9,32.3,31.8,32.3,32.9,32.4,32.2,32.1,32.0,31.2,32.2,31.9,32.7,33.3,31.8,32.2,33.6,33.9,32.9,33.7,33.1,33.4,32.3,31.9,31.9,31.8,33.4,31.9,30.8,30.8,32.8,32.0,32.6,32.2,32.2,32.1,32.1,32.7,32.3,32.5,32.8,32.0,32.2,32.3,32.4,32.5,32.8,31.9,33.7,33.5,34.2,33.3,33.0,32.5,33.5,32.8,33.2,31.8,33.1,32.5,31.5,32.0,32.2,31.1,32.2,32.7,31.7,31.6,32.2,33.1,32.8,31.8,32.5,33.2,32.7,32.4,32.0,32.9,32.3,32.4,32.6,34.1,35.0,34.8,33.7,33.4,33.7,31.8,33.5,32.8,31.9,32.2,31.9,31.6,32.0,32.6,32.4,32.8,33.0,31.4,33.3,32.3,32.3,32.3,32.4,32.2,32.8,32.2,32.7,31.6,32.6,32.1,32.2,33.8,34.4,33.9,33.2,32.4,32.4,31.7,32.2,32.5,32.1,31.8,32.5,32.8,32.3,32.8,32.2,32.4,32.3,32.7,33.0,32.5,32.2,32.9,32.0,32.8,32.0,33.3,32.8,32.2,32.5,33.1,33.6,34.1,33.8,33.4,31.8,32.7,32.8,32.0,33.2,32.6,32.4,32.7,32.1,31.8,33.1,31.9,32.3,32.5,32.6,32.7,31.9,32.4,32.5,32.3,33.0,33.8,31.7,32.7,32.4,31.7,33.4,33.3,33.7,32.6,33.7,32.6,33.6,32.8,32.3,32.3,32.8,33.6,31.3,33.0,32.2,32.5,32.3,32.4,32.4,32.4,32.1,31.9,32.1,32.8,32.7,32.2,33.0,32.8,31.7,31.8,32.5,32.5,33.0,33.1,32.3,34.6,34.0,33.1,33.4,33.5,32.8,31.6,32.4,31.4,32.6,32.5,32.5,31.9,32.4,32.6,32.1,32.2,32.3,32.3,32.2,31.4,32.4,31.9,32.6,31.6,33.2,32.7,32.4,32.7,32.9,33.9,33.6,32.8,33.7,32.8,32.9,32.4,32.8,32.9,33.0,33.2,32.5,32.2,32.6,33.1,32.2,32.2,32.9,31.8,32.3,31.8,32.2,32.2,32.7,32.3,32.2,32.8,31.9,32.1,32.7,33.6,33.0,33.3,33.2,33.6,33.8,33.6,32.4,34.0,32.4,32.4,31.4,32.1,31.9,32.5,32.0,32.0,32.4,32.9,32.8,31.7,32.5,32.9,31.9,32.6,33.1,31.7,32.6,32.1,33.1,33.7,32.5,32.7,33.9,33.4,33.6,33.3,33.2,34.1,32.0,33.0,33.4,34.5,33.1,32.6,31.5,32.4,32.3,32.7,32.3,31.7,32.4,33.3,32.3,32.8,32.5,33.2,32.8,32.1,32.5,33.1,32.5,32.5,33.0,33.3,33.0,33.5,33.7,34.3,33.3,33.5,33.7,33.5,32.6,33.3,34.0,32.8,33.1,32.5,32.2,32.1,32.8,32.5,32.6,32.7,32.4,32.7,31.9,32.3,nan,32.6,31.9,33.1,32.3,32.9,33.3,32.4,33.4,33.6,33.4,34.6,34.1,34.5,34.3,33.6,34.3,33.1,34.5,33.7,31.7,32.4,32.7,32.5,32.3,31.6,32.6,32.8,32.6,31.8,33.0,32.2,32.0,32.7,32.8,32.8,31.8,32.6,32.7,33.1,33.4,32.8,34.2,34.9,33.3,32.8,33.9,34.2,33.9,34.1,34.7,32.8,32.7,33.2,31.6,31.9,31.7,32.1,32.7,32.0,32.5,32.6,32.5,32.0,32.4,31.9,32.7,31.8,31.8,32.6,32.5,31.8,32.4,32.2,33.6,33.2,34.5,34.1,34.5,33.0,34.7,33.2,33.9,32.9,32.1,31.4,33.7,32.4,32.9,32.6,33.7,32.6,31.9,33.3,32.6,33.0,32.7,33.0,33.5,32.7,32.6,32.4,32.8,32.3,33.0,32.4,33.0,33.2,32.4,33.1,32.6,33.9,32.9,33.5,33.2,31.7,33.6,32.6,32.8,32.1,33.0,32.0,33.5,33.2,32.9,32.3,32.0,32.3,33.4,33.8,33.1,31.9,33.4,32.4,33.1,31.9,33.9,33.1,32.8,32.3,34.0,32.6,33.5,33.0,33.8,34.2,34.4,32.9,32.3,32.6,32.2,32.9,31.6,32.2,32.2,33.0,31.9,31.9,32.6,32.4,32.3,32.4,32.3,32.8,33.0,32.6,32.8,32.6,32.0,32.4,32.8,33.9,32.0,33.1,32.6,33.1,33.3,32.9,34.1,32.3,32.3,32.9,32.7,31.5,32.3,31.0,32.8,32.6,33.5,32.8,32.6,31.8,32.1,33.5,32.3,32.5,32.8,32.8,32.3,32.6,32.8,32.8,33.0,33.4,33.7,31.3,33.2,32.5,33.4,32.3,34.7
1785303152.6131968,421,33.2,33.1,32.5,33.9,32.8,31.9,32.0,32.9,31.9,32.3,31.4,32.6,30.9,31.5,33.1,33.0,31.9,31.7,32.8,32.3,32.1,32.1,32.5,32.4,32.5,31.6,32.0,33.0,32.4,32.5,33.1,33.5,32.2,33.7,31.1,32.8,31.8,32.2,32.3,33.2,32.4,31.8,33.0,32.2,32.9,32.5,32.5,31.6,31.4,32.2,33.2,32.6,32.3,31.8,32.1,32.3,32.0,32.9,32.3,34.2,32.7,31.7,31.8,32.3,32.3,32.7,32.3,32.6,32.7,31.6,32.3,32.7,32.0,33.1,30.2,32.5,32.5,32.3,31.2,32.9,32.7,33.2,31.9,32.5,32.3,33.3,32.5,32.2,33.0,33.8,32.5,33.2,33.1,33.7,32.9,33.6,33.4,32.8,31.9,32.9,32.1,32.1,31.8,32.4,32.1,32.7,31.9,32.0,31.7,32.2,32.9,31.9,33.1,32.4,32.4,32.4,32.4,33.1,32.3,31.8,32.3,33.1,32.2,33.9,32.8,33.3,33.0,32.5,32.4,33.7,31.7,32.7,33.5,32.3,32.2,33.0,32.3,32.1,31.4,33.0,31.7,31.9,32.3,32.9,32.4,32.4,32.0,31.9,32.7,32.2,31.8,32.8,32.5,32.7,33.0,34.3,32.6,32.8,33.1,33.1,33.4,32.2,32.7,31.7,32.0,32.0,32.2,32.9,32.6,32.6,32.6,33.1,32.1,32.9,32.9,32.3,33.4,31.6,31.8,32.0,32.3,32.6,32.7,33.1,32.7,32.6,33.4,33.3,32.7,32.9,32.8,33.0,32.6,32.6,32.7,33.1,30.5,31.9,31.5,33.0,32.1,31.5,32.0,32.9,31.9,32.6,32.4,33.7,32.8,32.6,31.8,33.0,32.8,32.3,32.6,32.4,31.3,33.4,33.9,34.4,34.0,33.5,33.0,33.8,32.1,32.3,33.2,32.2,30.6,32.5,32.9,32.0,32.9,32.6,32.4,32.1,31.8,32.0,31.8,32.8,32.4,32.0,33.1,32.9,33.2,32.3,32.3,33.0,32.5,33.7,34.3,34.3,34.4,33.9,34.5,31.7,31.8,32.3,31.3,33.3,32.2,32.8,32.0,33.2,33.1,32.0,31.2,31.9,30.7,32.3,32.0,32.8,32.0,32.8,32.9,32.5,32.3,32.5,32.1,33.1,32.6,32.3,34.1,34.2,33.3,33.5,32.6,33.9,32.2,32.4,31.8,32.7,31.8,32.0,32.8,33.1,32.8,32.5,32.1,33.0,31.5,32.2,33.3,32.4,33.0,32.2,33.3,32.6,32.2,31.6,31.6,32.5,33.6,33.9,34.5,34.1,33.8,33.2,32.7,33.2,31.4,32.1,32.4,33.3,33.3,32.1,31.8,32.9,31.9,32.6,31.9,32.0,32.6,32.5,31.8,32.7,32.5,32.8,32.9,31.9,31.5,32.3,32.9,33.1,33.4,33.7,31.8,33.4,32.7,33.7,33.6,33.4,32.4,32.4,32.5,32.5,30.9,32.0,32.9,32.8,32.7,32.5,32.3,32.4,33.0,31.3,32.5,32.4,32.7,32.2,33.3,31.4,33.3,32.4,32.8,33.5,33.1,33.2,33.3,33.2,33.7,32.3,33.9,33.2,32.1,33.6,32.8,33.2,32.7,32.3,32.7,33.7,33.3,32.3,31.6,32.6,32.2,32.2,32.2,33.3,32.7,32.2,32.3,32.7,33.0,33.5,32.6,34.5,33.8,33.2,33.3,33.2,32.7,33.5,32.8,34.4,32.8,32.8,32.9,32.7,32.4,32.4,32.8,31.6,32.7,31.5,33.0,32.5,32.2,32.3,33.3,32.1,32.5,33.1,33.5,32.6,32.4,33.2,33.5,32.2,33.5,33.5,33.7,33.6,33.0,33.7,33.3,34.0,32.6,32.7,32.6,32.8,31.8,33.0,32.9,33.9,33.1,32.4,32.5,33.3,32.8,32.2,32.3,33.3,31.9,31.9,32.6,33.5,32.9,32.8,33.1,33.3,32.6,33.5,34.0,33.9,32.4,33.3,34.0,34.8,31.7,32.9,32.3,32.6,32.5,31.5,32.3,31.8,33.0,32.7,31.7,33.2,31.6,31.5,31.7,32.1,32.6,32.0,33.3,32.5,33.4,32.6,34.2,33.8,33.8,33.0,33.9,33.2,32.4,33.2,34.7,33.3,32.4,32.7,31.8,33.6,32.0,33.0,32.4,32.0,32.4,32.9,32.5,32.3,32.6,32.5,32.0,32.5,32.0,32.7,32.6,33.2,32.5,33.2,33.5,34.5,33.8,34.2,33.6,33.9,33.1,33.3,33.7,34.8,32.5,32.8,32.5,32.0,33.4,32.1,31.9,31.8,33.0,33.1,32.4,32.7,32.4,nan,34.2,32.3,32.2,32.9,32.4,32.4,32.9,32.9,33.9,34.4,33.6,33.4,33.7,33.4,33.4,34.3,34.3,34.5,32.6,32.5,32.2,33.2,32.0,33.4,33.1,33.5,31.7,32.9,31.8,33.3,32.3,32.5,32.2,32.7,32.5,32.2,32.1,33.0,32.2,32.4,33.6,33.8,34.4,34.7,32.6,33.4,33.8,34.7,33.5,35.7,32.8,32.5,33.6,32.2,31.4,33.0,32.5,33.6,32.7,32.6,32.6,32.4,32.3,32.6,32.1,32.1,32.8,32.9,32.9,33.0,33.7,32.3,33.1,33.8,33.2,33.9,34.3,34.7,33.4,34.7,33.6,33.7,32.7,32.7,32.7,32.4,31.4,33.8,31.5,33.3,31.9,33.5,32.1,32.8,32.6,32.7,33.1,32.8,33.7,32.1,32.3,33.5,32.1,33.4,33.3,34.1,34.2,34.4,33.5,34.0,33.3,34.7,33.5,34.7,32.8,32.7,32.4,33.0,32.5,33.6,34.0,33.1,32.7,32.0,32.8,32.9,32.1,33.1,32.2,33.1,32.9,31.9,33.4,32.8,32.6,32.8,33.3,33.5,32.9,34.0,33.6,32.9,32.6,33.0,34.7,34.4,32.9,32.2,31.9,33.5,32.3,32.0,32.0,32.5,31.9,33.2,31.3,32.6,32.3,33.0,33.2,33.9,32.3,32.5,32.6,33.9,32.5,32.8,32.6,32.8,34.1,33.7,33.3,33.2,32.1,33.7,33.3,34.8,32.3,33.0,33.1,32.0,32.7,33.1,33.0,31.8,32.8,32.6,33.4,32.6,33.0,33.0,32.8,33.2,32.5,32.5,33.0,33.0,32.4,31.6,31.7,33.2,34.8,32.8,33.3,34.2,33.5,32.9,32.6,33.6
1785303154.7177527,422,31.0,33.1,31.7,31.9,31.2,32.1,31.8,33.1,32.5,33.3,31.6,32.4,33.2,31.5,31.8,33.5,32.4,33.0,32.2,32.5,32.6,32.5,31.6,31.6,32.2,32.4,32.9,33.0,32.4,32.7,31.8,32.5,32.5,31.6,32.3,33.1,32.4,31.6,31.6,32.1,32.4,32.8,33.0,32.3,33.4,32.2,32.6,33.3,31.6,32.4,32.1,32.2,32.8,30.9,33.0,32.9,32.6,32.7,32.1,32.9,33.2,32.6,32.3,33.8,32.3,34.2,33.0,32.6,31.4,33.1,32.5,32.5,32.4,32.2,31.9,31.7,32.3,32.6,32.5,32.1,31.5,32.7,32.8,32.5,32.2,32.4,32.5,32.5,32.2,32.7,32.5,33.2,32.1,33.0,32.7,33.1,32.1,32.1,31.5,31.5,31.2,30.9,32.4,32.8,32.1,32.0,32.5,32.9,31.8,32.2,32.7,32.4,32.6,31.9,33.3,32.8,33.2,32.3,32.3,32.0,33.6,32.6,33.2,31.9,32.8,32.0,32.9,32.2,32.6,33.2,32.2,32.0,31.7,32.3,32.6,32.8,32.6,31.9,32.1,32.2,32.9,32.1,32.0,32.6,32.4,32.1,32.4,32.6,32.2,32.1,32.3,32.9,32.9,32.7,33.2,32.7,32.4,33.0,32.5,33.3,32.2,32.4,33.3,33.2,31.8,31.3,32.2,32.9,33.3,31.7,32.0,32.4,32.8,31.5,33.3,31.8,32.8,32.0,32.3,32.5,32.6,32.0,32.7,33.3,32.9,32.4,33.0,34.7,32.3,32.7,32.1,33.2,31.5,32.6,33.1,32.7,31.3,32.4,32.8,32.8,32.3,32.7,32.5,32.2,31.5,32.7,31.5,32.9,31.7,33.1,32.3,33.0,33.0,32.0,32.4,33.8,32.9,32.9,33.9,32.5,32.9,32.5,33.2,33.6,33.2,31.6,32.9,32.4,32.3,31.7,32.9,32.4,32.9,32.4,32.2,32.0,32.3,32.2,32.3,33.5,32.3,31.4,32.5,32.2,32.8,32.5,32.4,32.7,33.8,33.9,33.8,33.9,34.6,32.6,32.4,34.0,31.2,33.1,31.9,32.3,33.2,33.0,33.1,33.2,32.1,32.0,31.7,32.4,32.0,32.8,32.0,32.3,32.6,33.0,32.6,32.6,33.1,33.1,33.6,33.8,34.1,34.8,34.6,33.7,34.2,32.7,32.8,33.3,31.9,32.8,32.2,32.5,31.2,31.8,31.9,32.4,32.3,32.1,32.4,33.0,32.5,31.7,32.5,32.5,32.3,32.1,32.8,33.4,32.7,33.2,32.6,33.4,34.8,34.0,34.9,33.6,33.7,33.4,33.7,33.8,31.4,32.1,32.8,32.9,32.1,33.2,32.3,32.4,32.1,33.2,32.2,33.0,32.1,32.5,32.3,32.2,31.9,32.5,31.8,32.0,33.0,33.9,33.6,33.3,33.4,34.0,33.1,33.5,33.7,33.5,32.3,33.6,32.4,32.2,32.5,32.7,31.8,32.9,32.4,32.1,33.0,32.6,32.3,32.4,32.7,32.5,32.0,33.2,32.4,32.2,32.7,32.2,32.5,33.4,33.5,34.0,33.3,33.2,33.5,32.7,33.1,32.7,33.7,32.8,33.0,33.1,32.2,33.0,32.7,32.5,32.9,32.7,32.9,32.3,32.6,32.4,32.2,32.5,32.7,33.1,33.0,31.5,32.6,33.3,33.0,32.4,33.3,34.0,33.1,32.0,33.5,33.0,32.8,32.8,32.3,33.8,33.5,31.8,31.7,32.9,32.6,32.8,33.0,32.0,32.5,32.0,32.2,32.4,32.7,32.4,33.0,32.0,31.9,33.1,32.9,33.1,32.4,32.3,32.9,33.2,33.6,32.7,34.4,33.4,33.3,33.0,33.3,32.9,32.2,32.7,32.4,33.0,32.2,31.4,32.7,32.9,32.9,32.1,32.3,33.1,32.5,32.3,32.3,32.3,32.1,32.6,32.6,33.0,32.3,33.1,32.6,33.1,33.6,34.0,33.5,33.7,33.7,33.5,33.1,33.0,33.6,32.5,32.5,32.8,32.3,31.5,33.7,32.0,33.0,31.8,32.4,32.9,33.1,32.6,32.1,32.1,32.9,32.4,33.5,33.0,32.9,32.9,33.0,33.9,33.7,34.1,34.1,34.0,33.3,33.0,32.7,32.1,32.4,31.7,32.8,32.8,32.7,32.7,32.2,32.7,32.8,32.4,31.8,32.6,32.6,31.3,32.5,32.3,32.2,32.2,33.0,33.2,32.0,32.8,32.7,32.3,33.8,33.3,33.8,34.3,34.3,33.5,33.5,33.6,32.5,31.0,33.3,33.1,32.5,32.1,32.3,31.6,32.5,32.2,31.9,33.4,32.9,nan,31.2,32.4,33.2,32.1,32.9,32.5,32.2,32.9,33.7,32.8,32.9,32.9,33.7,33.6,33.8,33.6,34.5,34.1,32.7,32.1,31.9,34.0,32.6,32.7,32.9,34.0,32.1,32.1,32.3,31.9,32.4,32.1,31.4,32.7,32.5,32.8,32.8,32.8,32.3,33.2,32.8,33.7,34.0,33.0,33.9,34.5,33.9,33.2,34.2,35.1,33.0,32.7,33.0,32.2,32.7,32.3,32.6,33.1,32.5,32.4,32.6,31.7,32.0,32.5,31.9,32.9,32.9,32.6,32.8,33.5,33.1,33.4,33.2,34.5,33.6,32.7,34.7,33.8,33.6,32.5,34.0,33.9,33.2,33.2,32.5,34.3,34.1,33.2,33.1,33.7,31.4,33.1,32.3,32.8,33.0,33.3,33.0,32.5,33.4,32.6,33.1,33.3,34.0,33.4,32.8,33.9,33.5,33.5,32.8,33.6,33.6,34.1,33.7,33.0,32.8,33.0,32.8,33.0,32.9,33.0,32.9,32.6,33.2,32.9,32.6,32.9,32.2,32.4,31.5,31.8,32.6,33.0,32.7,32.6,33.6,32.9,34.3,33.3,32.9,33.1,32.8,32.5,33.8,33.0,33.6,34.4,33.1,32.7,32.9,34.8,33.1,31.8,32.0,33.1,32.1,32.6,32.5,33.9,32.6,32.4,32.8,33.5,32.3,32.1,32.8,33.2,33.4,33.2,32.6,34.1,32.6,33.2,33.1,33.2,32.9,33.7,34.0,33.4,32.7,32.6,32.0,33.1,32.3,32.9,33.7,33.2,32.4,32.2,33.7,32.5,32.8,32.1,33.0,33.2,33.3,32.7,32.6,33.2,33.0,32.5,33.3,34.1,33.5,33.7,32.3,34.2,33.7,33.6,33.5,34.1
1785303156.905031,423,34.3,31.4,33.5,32.1,33.0,31.4,33.3,34.1,33.9,31.8,31.6,33.1,33.0,32.1,33.3,33.3,33.3,33.3,32.2,33.8,32.8,32.2,31.8,33.1,33.7,33.1,33.1,33.3,32.4,32.4,32.8,34.4,33.4,32.1,32.9,32.6,31.2,31.1,32.4,32.1,31.9,31.8,32.9,32.6,32.6,31.6,33.1,32.5,32.0,31.6,34.2,33.3,31.8,30.8,32.2,33.3,33.3,31.9,34.3,33.3,33.3,32.4,32.7,33.8,32.3,31.6,31.4,34.5,32.5,33.2,32.1,33.6,32.4,31.7,31.9,32.4,32.5,32.2,32.3,32.9,32.1,32.9,32.5,33.0,32.9,32.6,32.3,34.3,32.2,32.9,32.1,33.7,33.8,32.5,33.1,33.7,32.0,32.5,32.3,33.1,32.0,32.8,33.3,32.4,33.3,32.3,32.2,32.5,31.9,32.6,32.4,32.6,31.5,32.1,33.5,32.6,32.0,32.6,33.0,32.4,33.0,33.3,32.9,33.7,32.5,31.2,33.1,33.8,32.1,32.2,33.7,33.8,32.5,30.8,32.9,33.1,32.3,32.5,32.1,33.3,32.5,32.5,31.8,32.8,33.4,33.0,32.5,32.3,32.7,32.8,33.0,33.7,33.4,33.0,32.2,33.4,32.6,32.1,32.3,33.2,33.5,32.7,33.4,33.2,32.7,31.5,33.5,32.7,32.7,32.7,31.9,32.1,32.7,32.6,33.3,32.7,31.7,33.1,33.8,32.8,31.4,32.8,33.7,33.1,32.8,32.7,32.7,33.2,32.6,33.1,32.9,33.2,33.1,32.0,32.9,32.6,32.8,31.8,32.5,33.3,32.1,32.6,32.2,33.5,32.6,32.6,32.6,33.0,31.8,31.9,32.7,33.0,32.9,32.7,33.4,33.9,34.3,32.8,32.7,33.7,33.1,33.6,32.8,32.8,31.7,32.1,33.3,32.4,31.6,32.5,33.2,32.8,33.2,32.1,33.0,31.8,32.1,31.2,32.2,32.2,32.1,32.0,33.2,33.0,32.9,32.3,33.2,34.3,33.9,34.2,33.1,33.6,32.8,33.1,32.9,34.0,32.0,34.1,31.5,33.2,31.7,32.1,32.7,33.1,32.9,32.1,32.6,34.1,32.5,32.5,32.6,33.3,32.5,32.4,32.9,33.3,33.7,33.3,34.4,34.7,34.4,34.6,34.3,34.8,34.0,33.8,33.8,34.8,33.3,31.3,31.7,32.7,32.6,31.8,33.2,32.8,33.2,32.3,32.7,32.2,32.2,32.4,32.7,32.9,32.7,32.5,33.5,34.0,34.5,32.7,35.2,34.5,34.4,34.0,34.1,34.1,33.0,33.5,34.2,32.4,32.3,32.2,32.8,33.2,33.0,32.0,32.5,33.0,33.4,32.2,31.7,33.2,32.6,32.1,32.9,32.9,31.5,32.9,33.1,34.6,34.7,32.9,32.8,33.9,33.7,33.9,33.9,34.3,32.9,32.5,33.4,33.5,32.1,32.0,33.2,33.5,32.1,32.0,34.1,33.0,32.6,31.6,33.4,33.0,31.3,32.4,31.9,32.9,32.3,33.0,33.0,33.2,32.8,32.4,33.4,33.4,32.7,33.0,33.7,32.9,33.0,31.9,32.8,32.4,32.1,31.0,32.4,32.5,32.9,31.5,31.7,33.5,32.4,32.0,32.4,33.6,33.1,32.7,32.0,33.4,33.0,32.4,32.0,33.2,33.6,32.7,33.8,34.7,33.3,33.1,34.3,34.1,33.7,32.3,32.2,32.9,32.7,32.2,32.8,33.1,32.1,31.8,33.6,32.3,32.1,32.0,32.6,32.7,32.6,32.7,32.9,32.1,32.4,32.6,33.3,32.6,32.6,33.1,34.4,33.6,33.4,33.4,34.5,34.1,32.3,32.6,33.8,33.1,32.4,32.4,32.4,33.5,32.7,33.1,32.9,33.5,32.9,32.5,33.0,32.2,32.2,33.2,32.0,33.1,32.2,31.3,32.8,34.3,32.8,32.4,33.0,33.2,33.6,34.4,34.7,34.3,33.3,32.0,33.0,33.9,31.3,31.9,33.6,32.6,31.9,31.7,32.9,32.7,31.9,31.5,32.6,32.2,32.1,32.1,32.0,32.9,33.1,32.6,33.1,32.9,32.8,32.0,34.4,35.1,34.4,33.6,34.3,33.8,31.8,32.7,34.8,33.1,32.6,33.1,32.4,33.7,32.2,32.2,33.6,33.2,33.3,32.7,32.8,33.5,32.1,32.7,33.3,33.2,32.3,33.0,32.6,33.1,32.1,32.1,33.7,34.1,33.5,33.2,34.7,34.2,33.5,32.5,33.5,34.3,32.7,33.5,33.0,33.3,32.7,32.5,33.3,31.8,32.1,32.5,32.4,32.4,31.8,nan,32.8,32.9,31.8,33.2,32.9,32.8,32.1,32.4,33.5,34.4,34.0,33.6,34.0,33.6,33.5,33.6,35.4,33.7,32.9,32.2,32.2,33.3,32.9,32.2,32.2,33.2,33.0,32.1,33.1,33.4,32.3,32.4,32.7,33.1,32.7,32.4,33.1,33.2,33.3,34.1,33.3,34.4,33.3,33.2,34.6,34.6,33.1,34.0,35.8,36.0,31.8,32.3,33.9,33.2,32.4,31.3,33.1,33.1,32.6,32.0,33.3,32.9,32.0,32.6,33.0,32.7,32.8,32.9,33.7,32.5,34.1,33.4,34.0,34.5,33.8,33.2,34.9,34.0,33.5,32.5,35.2,34.7,33.8,33.3,32.7,33.3,32.7,32.0,31.8,33.6,32.5,32.3,33.0,33.9,32.6,32.7,32.8,33.7,33.0,33.0,32.8,32.7,34.2,33.8,33.5,33.8,32.8,33.8,33.7,33.9,33.0,34.2,33.7,34.8,32.7,32.1,35.0,33.0,33.0,33.0,33.4,32.2,33.1,32.0,32.8,32.7,32.5,31.9,33.9,32.8,32.7,33.1,33.7,33.3,33.8,33.3,34.7,33.1,32.8,33.2,32.9,33.3,33.9,33.4,33.7,33.3,31.7,34.0,33.1,34.9,33.1,32.9,32.0,33.6,30.8,32.7,32.3,33.4,33.0,32.9,33.0,33.4,33.0,32.7,32.4,33.6,33.7,33.6,33.3,33.8,33.5,32.5,33.1,33.3,34.1,33.4,34.9,34.9,33.8,32.8,34.1,32.7,32.2,33.3,32.7,32.0,32.5,32.6,33.3,32.6,33.3,32.5,33.1,32.8,32.9,33.4,32.9,34.1,33.0,33.2,33.8,33.9,32.9,33.0,34.4,33.4,33.2,34.4,34.0,34.3
1785303159.031155,424,33.0,33.1,34.0,31.7,33.5,31.7,34.4,32.3,32.9,32.9,32.6,32.8,33.7,31.1,33.5,33.2,33.0,32.3,33.0,32.9,33.2,33.1,32.7,33.2,33.0,33.2,32.7,32.1,32.7,32.5,34.8,33.0,32.8,31.9,33.1,34.5,31.8,31.3,31.2,32.3,33.0,33.2,31.9,31.9,30.7,33.4,32.7,33.5,32.7,32.2,32.8,32.4,33.2,31.8,32.3,34.4,31.9,33.7,32.1,33.3,33.7,31.5,32.9,33.3,34.0,32.5,31.4,32.8,33.1,32.9,33.9,33.2,32.2,31.9,32.3,31.9,32.8,33.4,32.7,32.0,33.2,31.8,32.5,32.7,32.5,32.4,33.8,32.4,33.4,32.1,33.6,32.2,33.4,32.2,33.6,33.6,31.9,33.3,31.5,33.3,32.5,32.4,32.0,34.0,32.7,32.1,31.4,32.0,32.0,32.6,32.0,32.4,33.0,32.8,32.6,32.6,32.4,32.6,32.0,32.8,32.9,33.7,32.8,32.5,32.6,31.8,33.0,33.4,33.3,31.6,33.7,32.5,31.9,31.4,34.3,32.4,33.0,32.0,33.2,33.1,33.0,33.3,32.2,32.6,32.6,32.6,33.2,32.6,32.4,32.6,33.2,32.9,33.3,33.5,33.0,33.1,33.6,33.7,33.8,34.2,32.7,33.1,32.5,33.0,32.0,32.4,32.3,32.9,31.9,32.4,32.2,33.6,32.1,32.3,32.1,33.0,32.5,31.8,32.1,33.7,33.0,32.5,32.6,33.5,32.9,34.0,32.3,33.5,33.1,33.1,32.4,33.6,33.1,32.8,33.3,32.1,33.0,32.1,33.9,32.0,33.4,32.7,33.7,31.9,32.8,33.1,32.9,32.8,33.6,32.5,32.4,32.8,33.6,32.1,33.1,33.3,34.0,34.2,34.3,32.9,32.5,32.5,33.8,32.9,31.9,32.1,32.6,33.2,32.3,33.1,32.4,32.9,32.3,33.1,32.6,33.0,32.5,32.0,33.3,33.2,32.7,32.7,32.4,33.2,32.2,32.7,33.0,34.7,34.0,34.2,33.8,34.1,32.9,33.7,31.8,33.2,33.3,32.1,32.9,33.0,32.8,32.4,32.9,32.6,33.6,32.9,32.9,33.1,33.1,32.2,32.6,32.5,33.4,32.5,32.8,32.2,33.3,33.3,34.4,33.8,34.6,35.0,34.1,33.7,34.6,34.1,34.6,33.5,30.0,33.0,32.7,33.5,32.4,32.9,32.8,33.3,31.7,33.3,32.0,33.2,32.7,32.8,33.5,33.7,32.8,32.7,31.5,34.2,32.9,34.0,34.8,34.4,35.0,34.5,34.0,33.8,33.7,34.8,33.7,34.2,33.3,32.7,33.4,32.8,33.0,33.0,32.8,32.8,32.3,33.1,33.2,32.2,33.0,32.0,33.9,33.0,33.4,33.0,33.6,34.0,34.4,34.3,33.1,33.2,34.1,33.2,33.6,33.6,33.5,33.2,33.3,33.0,32.0,31.8,32.9,32.7,32.0,33.1,31.7,33.5,32.7,33.1,32.3,33.0,33.2,33.5,32.0,33.4,31.0,32.7,32.7,33.5,33.7,33.9,32.7,33.7,32.8,33.6,33.7,33.8,33.2,33.7,33.1,33.2,32.4,31.9,33.6,33.2,33.1,33.2,32.6,32.7,32.4,33.0,32.4,32.1,33.6,32.5,33.0,33.2,33.1,31.9,33.9,33.0,33.6,34.0,34.1,33.2,33.1,34.4,34.0,33.9,34.0,32.8,33.4,32.4,32.4,32.8,33.7,32.7,33.0,32.9,32.5,33.3,33.7,33.5,31.8,33.2,32.3,32.1,32.7,33.6,31.9,33.4,32.3,33.7,32.9,34.2,32.4,34.6,35.2,33.9,33.5,35.0,33.7,33.6,33.1,34.2,33.4,33.0,33.8,33.6,32.9,32.7,33.8,33.1,33.3,32.8,33.6,31.3,33.8,32.5,33.3,33.2,32.7,32.2,33.6,32.7,32.6,33.8,33.3,33.3,34.1,34.0,34.7,34.0,34.2,33.9,33.7,33.0,32.3,32.1,32.8,33.0,32.0,33.0,33.0,33.4,32.4,32.7,32.9,32.4,32.4,32.8,32.9,32.6,32.7,33.1,32.8,33.0,32.7,32.1,32.9,34.3,34.5,34.6,33.9,33.8,34.4,32.9,33.1,34.3,33.0,33.4,33.0,32.5,32.7,32.9,33.6,32.1,32.8,32.8,33.3,32.5,33.1,32.5,32.3,31.7,32.6,33.2,33.3,33.7,33.6,32.7,33.3,33.3,34.8,34.0,34.4,33.2,33.7,33.4,32.9,34.2,33.2,32.4,31.7,34.5,32.9,31.2,32.1,33.4,31.9,32.6,32.2,33.1,33.1,nan,32.2,33.2,31.6,33.4,32.4,33.1,32.4,33.2,32.9,34.1,33.8,33.9,34.1,32.9,34.0,34.9,35.2,34.7,32.7,32.3,33.3,32.3,32.9,33.1,33.3,32.6,32.8,32.4,32.1,32.5,32.5,33.3,32.7,32.9,33.6,33.0,33.8,33.0,33.8,33.7,34.3,33.9,33.3,33.0,34.1,33.6,33.9,33.4,35.6,34.1,32.4,33.0,32.2,33.4,33.3,33.4,33.2,33.4,31.4,32.7,32.8,34.3,32.5,32.5,32.1,34.2,33.1,33.4,32.6,33.1,32.4,35.1,32.7,34.7,33.4,33.8,32.9,34.7,33.0,34.4,33.9,34.3,34.3,33.0,34.1,33.7,33.5,34.0,33.5,33.5,34.6,32.4,32.3,32.8,33.5,33.2,34.0,32.5,32.2,32.5,33.5,33.5,34.2,35.1,34.4,33.7,33.9,34.3,34.7,34.7,33.0,32.8,35.2,34.3,34.2,33.2,32.0,34.7,32.1,33.4,32.4,33.1,34.0,33.6,33.1,33.6,32.1,33.1,32.6,33.7,32.4,33.1,33.1,34.0,33.4,34.3,34.0,34.4,33.4,33.3,32.8,33.3,34.0,33.8,34.7,35.7,32.9,33.6,33.7,34.3,33.5,32.9,32.8,32.8,32.3,33.4,33.7,32.1,33.3,33.5,33.9,32.5,33.8,32.5,34.4,34.3,33.9,33.9,33.0,33.4,33.7,33.2,33.7,33.4,34.1,33.8,35.6,34.3,31.8,33.7,34.0,34.4,33.0,32.5,32.6,32.6,32.8,32.8,33.6,33.5,32.7,33.5,32.5,33.2,32.5,32.2,33.2,33.6,34.2,33.3,32.8,33.2,33.4,33.3,32.5,33.4,33.5,33.6,33.7,35.2
1785303161.1480577,425,30.6,29.9,32.6,32.7,32.2,31.5,33.4,32.3,31.8,31.7,32.6,32.2,32.3,31.7,32.7,32.8,32.7,31.3,33.0,32.2,32.5,31.5,33.4,32.0,31.0,31.1,33.6,33.0,32.3,32.5,32.2,33.5,32.0,31.5,33.3,32.0,31.1,31.4,32.0,32.8,31.4,31.3,32.4,32.3,31.0,32.4,32.1,33.0,31.7,31.9,33.0,33.3,31.3,31.8,33.4,33.9,31.6,32.0,32.3,33.2,33.0,32.2,32.4,32.7,32.4,33.5,32.0,33.5,32.1,31.0,31.8,32.3,31.7,31.6,32.7,33.3,31.5,31.9,31.8,32.5,31.8,31.4,32.7,32.5,32.0,31.6,32.5,32.7,32.9,32.2,33.2,31.8,32.4,31.7,33.0,33.3,32.2,31.2,31.3,31.8,31.9,31.4,32.8,32.5,33.0,32.6,32.3,33.6,31.1,31.2,33.7,32.5,32.9,32.3,32.7,33.0,31.3,31.8,33.0,32.5,31.5,33.0,32.6,34.0,32.4,31.3,33.9,33.7,32.7,31.9,32.9,31.8,31.6,31.5,32.4,32.0,31.4,31.7,32.5,32.3,32.4,32.7,32.2,32.5,32.4,31.2,31.6,32.7,31.8,31.3,33.1,33.1,33.1,31.8,33.2,33.7,31.7,31.2,33.2,34.4,31.0,31.6,33.3,33.1,31.4,31.9,33.0,33.3,31.5,32.1,32.3,31.9,31.4,32.8,33.2,32.7,32.4,31.9,32.4,32.2,31.6,32.5,33.0,33.4,32.0,32.8,33.0,32.6,31.1,31.2,33.8,32.6,32.5,31.3,32.2,32.7,31.9,30.9,32.7,32.3,32.9,31.8,32.4,33.3,32.0,31.7,32.2,32.5,31.7,31.5,32.6,32.6,32.8,31.4,32.1,33.4,33.6,33.1,33.1,32.5,33.1,32.3,33.3,32.7,31.8,31.7,32.9,32.7,30.8,31.4,32.9,32.1,32.4,32.5,32.9,33.0,31.5,31.7,32.9,32.6,31.7,31.9,32.3,32.4,32.3,32.0,33.2,34.5,34.0,34.4,34.6,34.0,33.6,33.0,34.1,33.5,31.9,30.8,32.4,32.3,31.8,30.7,32.8,32.3,32.3,31.3,33.1,31.5,32.5,31.8,33.0,32.4,33.3,31.8,32.3,32.6,33.8,32.7,35.9,34.9,34.6,34.6,35.2,35.4,33.3,32.5,33.9,33.7,31.7,31.8,32.6,33.1,31.0,32.0,32.7,32.8,31.8,31.8,33.0,32.4,31.8,31.4,32.7,31.8,32.1,31.6,32.4,32.9,32.8,33.7,34.2,34.8,33.3,34.9,34.2,33.6,32.7,33.4,33.2,34.7,32.1,32.3,32.5,32.9,31.6,31.5,32.7,32.0,32.0,31.7,31.9,32.6,32.8,32.0,32.8,32.9,33.0,32.0,32.8,33.4,33.7,32.6,33.3,32.6,32.6,32.9,32.9,33.3,33.2,32.6,33.7,33.2,32.0,32.3,34.0,32.5,32.1,32.3,33.1,32.7,32.6,32.2,32.1,33.2,32.3,31.5,31.8,32.6,31.4,32.3,33.6,33.5,33.4,33.1,33.7,33.2,33.4,32.9,34.0,33.1,32.7,33.1,32.5,33.1,32.7,31.7,32.5,32.8,31.7,31.7,33.3,33.5,33.3,30.9,32.1,33.4,31.4,31.9,32.1,32.1,33.2,31.0,33.0,33.3,33.3,32.6,34.3,33.3,33.0,33.1,33.9,34.0,33.4,31.6,33.3,33.0,32.8,32.5,31.9,32.8,32.7,32.8,32.6,32.9,32.4,31.7,32.6,32.6,31.9,31.5,32.6,32.5,31.7,32.5,32.5,32.6,32.3,32.8,32.8,33.6,33.4,33.4,34.5,34.3,32.9,32.0,33.9,32.5,32.9,31.5,32.3,33.3,32.6,30.9,33.1,32.8,32.0,31.9,32.0,32.9,31.7,31.9,32.4,32.5,32.1,31.8,33.2,32.9,33.0,31.1,33.5,34.1,34.3,33.4,33.7,33.5,33.2,32.2,33.9,32.8,31.2,32.0,32.9,32.4,31.7,32.7,32.8,32.9,31.6,32.1,32.6,32.3,32.2,32.8,33.3,33.0,32.2,31.5,32.9,33.9,32.3,32.8,33.7,34.0,33.5,33.6,34.9,34.7,32.6,33.8,34.3,33.2,32.7,32.1,32.1,33.2,32.4,31.5,32.4,32.2,32.5,31.3,32.3,33.1,32.8,31.8,32.2,32.9,32.8,32.3,32.7,33.4,32.7,31.3,32.7,33.6,33.2,32.2,34.4,34.2,32.8,32.0,32.7,33.6,31.3,31.9,32.1,33.2,31.0,31.6,32.6,32.5,31.8,32.9,32.1,32.6,30.9,nan,32.5,32.6,32.0,33.0,33.6,33.6,32.7,32.6,34.0,32.5,32.3,33.6,33.7,33.5,32.6,33.8,34.3,34.6,32.3,32.3,33.3,34.0,33.2,32.1,32.6,33.2,31.6,30.6,32.7,33.1,31.6,31.3,32.7,32.6,32.4,32.1,32.7,33.6,32.4,33.5,33.5,33.8,33.7,32.6,33.2,34.3,34.1,32.4,34.0,34.0,31.3,32.0,33.3,33.1,32.1,32.3,33.3,33.7,31.6,31.6,32.5,33.8,31.9,32.2,32.7,33.1,31.4,32.3,33.2,32.5,32.5,33.0,33.4,34.5,32.0,33.1,34.6,33.1,33.5,33.5,34.0,34.4,33.0,31.4,33.0,33.0,31.9,32.6,31.9,33.3,31.3,31.8,33.0,32.9,32.5,31.4,33.0,33.1,32.9,32.1,32.1,33.3,34.2,33.3,33.8,33.8,33.0,32.9,34.9,33.7,34.0,32.5,34.7,34.9,32.8,31.5,32.6,33.5,31.5,32.5,34.0,33.0,31.2,32.1,32.9,33.1,32.5,32.6,33.1,32.3,32.4,31.6,33.7,33.7,33.2,34.2,34.1,34.4,32.1,31.8,32.4,34.5,33.0,32.7,33.6,35.8,32.8,32.3,32.3,34.3,32.2,32.2,32.2,33.1,33.0,31.8,32.7,32.6,31.8,32.0,32.5,33.0,33.2,31.5,33.2,33.0,34.7,32.3,32.3,33.9,33.4,32.4,33.4,32.6,33.4,32.5,34.6,35.2,31.8,32.7,32.5,33.6,31.1,32.0,32.6,33.6,31.1,32.5,32.8,32.7,32.6,32.9,34.2,33.0,32.1,32.5,32.9,33.6,32.6,32.5,33.1,34.5,32.8,33.0,33.7,32.7,32.2,33.0,34.1,34.8
1785303163.318808,426,33.5,33.1,34.5,32.7,33.5,31.3,32.9,32.7,32.7,32.4,33.3,31.8,33.9,32.8,33.5,32.8,33.2,31.6,33.5,33.6,32.1,32.3,32.0,33.0,32.4,32.8,32.9,32.4,32.5,33.2,35.3,32.0,32.5,33.2,33.1,32.6,31.8,32.5,31.7,33.8,32.6,31.9,31.1,33.0,32.7,32.7,31.8,33.1,32.7,31.8,31.9,33.1,32.3,31.8,31.5,33.7,32.7,33.1,32.1,33.3,32.3,32.4,32.9,33.9,32.1,33.5,33.0,32.9,32.7,32.7,33.1,31.6,32.4,32.6,33.2,31.8,33.0,33.9,33.0,32.4,32.5,33.2,33.4,32.7,32.0,32.4,34.0,32.2,32.8,33.3,34.0,33.3,33.0,31.4,34.5,32.7,33.9,33.5,31.1,33.1,32.3,33.0,31.8,33.6,31.9,32.9,31.3,33.1,32.4,32.4,31.7,33.8,32.1,32.5,32.1,33.3,32.8,31.9,33.1,33.7,32.9,33.3,31.2,33.3,33.0,32.9,32.8,34.8,32.6,31.2,32.6,32.5,33.1,31.8,33.5,31.7,32.5,32.5,33.5,31.5,32.6,32.4,33.7,32.3,32.6,32.3,32.9,32.0,33.8,33.0,32.5,31.9,32.2,33.3,33.4,32.2,32.8,33.7,34.0,33.6,33.9,32.2,32.1,32.2,32.4,31.5,32.3,33.3,33.1,32.6,31.5,33.3,32.6,31.8,31.8,32.8,32.3,33.2,32.5,32.5,32.5,32.5,32.6,33.7,33.3,32.6,33.3,33.6,33.3,33.7,31.9,33.0,33.1,33.7,32.7,33.6,31.3,32.6,33.6,33.0,32.7,32.7,34.1,32.3,33.1,32.8,33.4,32.3,32.7,32.8,32.1,31.9,32.6,33.3,32.8,32.5,34.1,34.3,33.2,32.8,33.7,32.5,34.0,31.9,33.7,33.0,31.4,32.1,31.2,32.1,32.4,34.0,33.1,32.4,32.6,33.3,32.8,32.0,32.5,32.6,33.3,31.4,32.2,34.0,33.7,32.8,32.0,34.4,34.4,34.4,33.3,33.4,33.5,33.2,32.9,35.1,31.2,33.2,33.1,32.4,31.9,33.0,33.2,33.1,33.1,32.6,32.8,32.3,33.5,32.7,32.7,32.7,32.3,32.5,33.1,31.5,33.8,33.5,36.1,34.7,34.1,34.4,36.2,33.2,33.5,34.3,34.2,33.6,32.4,33.2,31.9,33.7,32.0,32.2,33.5,33.5,33.0,32.8,32.6,32.9,32.5,32.7,32.0,34.0,32.8,33.3,32.9,33.5,33.2,34.2,34.0,34.4,33.8,35.2,33.2,34.3,33.5,33.6,34.5,35.5,32.5,31.9,33.6,32.2,32.1,33.8,33.6,32.8,32.6,32.6,33.4,32.8,32.6,32.7,33.1,32.2,32.7,33.2,34.4,32.1,33.6,34.1,33.4,33.5,33.8,34.4,33.3,33.9,34.4,33.7,34.2,32.0,32.6,32.8,32.5,33.5,32.8,33.7,32.1,33.3,32.2,32.2,32.7,33.2,32.6,32.7,32.5,33.5,32.9,32.3,32.5,34.5,34.3,34.0,32.3,34.9,33.8,33.6,32.7,34.1,33.4,33.4,32.6,33.3,32.4,32.4,34.0,33.4,32.6,32.3,33.6,32.2,32.5,31.8,32.4,32.5,33.3,32.8,33.6,32.9,32.7,32.7,33.3,33.0,33.7,33.5,34.0,33.2,33.6,34.2,34.9,33.4,34.2,33.2,33.3,33.0,33.7,33.3,31.6,33.7,33.0,32.4,31.4,33.5,33.5,32.2,32.5,33.9,33.1,32.5,32.6,32.5,32.6,33.4,32.9,33.6,33.2,32.9,33.4,34.6,34.7,33.7,33.5,34.7,33.5,31.9,32.4,34.3,32.4,33.4,33.0,33.0,33.0,33.1,34.0,32.2,33.1,32.1,33.0,32.2,34.3,33.0,33.8,32.9,32.7,32.4,34.1,32.7,33.5,32.5,33.7,33.9,34.2,34.0,34.4,33.9,33.7,33.6,33.9,33.3,34.0,33.8,32.0,33.9,32.5,32.8,33.9,34.2,32.7,31.9,32.1,33.4,32.6,32.8,32.4,33.0,32.8,33.9,32.7,33.5,32.7,33.6,33.2,34.4,34.9,34.1,33.9,35.9,32.8,32.9,33.0,33.6,33.1,32.4,33.9,32.5,33.7,32.9,33.7,32.6,32.6,33.1,33.2,33.3,33.0,32.5,33.0,31.9,32.7,32.4,33.6,33.0,33.5,32.4,32.8,32.8,33.9,34.1,33.7,33.2,33.9,33.9,33.5,33.5,33.9,32.3,32.2,33.4,32.7,32.5,33.2,33.0,32.7,32.9,32.7,33.6,33.1,nan,32.4,32.8,32.4,32.2,33.1,33.5,32.3,33.4,33.6,34.1,34.3,34.0,33.4,34.7,34.2,33.8,33.6,34.3,32.9,33.4,32.5,32.5,32.4,33.6,32.9,32.2,33.0,32.6,33.5,33.2,32.0,33.3,33.4,32.9,32.5,32.9,33.8,32.9,33.2,33.1,34.2,34.1,32.8,33.7,33.2,32.9,33.5,34.3,35.2,34.3,33.3,33.2,32.0,32.3,32.4,32.5,32.5,33.3,33.8,32.6,32.6,33.9,32.7,32.3,32.3,33.4,33.3,33.3,32.5,34.5,33.6,34.4,32.9,34.0,33.5,33.3,35.3,34.9,33.2,33.8,34.9,35.0,33.2,32.8,33.7,32.5,33.6,34.0,33.4,32.8,33.0,33.2,33.5,33.5,33.5,33.0,34.0,32.7,33.4,33.3,33.8,32.2,34.0,34.8,34.3,32.7,34.4,33.9,34.1,33.2,34.4,33.6,34.8,34.5,34.0,32.3,32.5,33.5,32.0,33.1,33.0,33.7,33.1,32.6,31.9,33.8,32.6,33.1,32.3,33.9,32.8,33.0,32.4,34.7,34.0,33.0,33.7,34.6,33.1,33.6,33.3,34.5,32.8,34.2,34.1,35.5,33.6,33.4,33.5,33.5,33.2,32.9,33.2,33.2,32.8,33.0,33.2,33.0,34.1,33.5,32.8,32.5,33.3,32.5,34.2,32.5,33.4,34.1,34.8,34.3,34.1,32.8,34.9,33.4,33.6,33.4,34.9,34.1,33.7,32.9,31.6,34.2,33.6,33.2,32.1,32.6,32.3,33.0,32.9,33.7,33.9,32.9,33.2,33.9,32.8,33.4,32.3,34.1,33.4,33.4,34.1,34.0,33.6,33.2,33.3,33.6,33.1,34.2,34.2,35.2
1785303165.4695182,427,32.4,33.4,31.9,33.7,31.9,32.4,32.6,32.5,33.1,33.7,32.5,31.0,32.2,32.8,32.4,32.8,32.2,32.8,32.6,32.7,32.4,32.1,32.5,32.0,33.5,32.4,34.0,33.4,33.6,33.4,32.3,32.7,34.1,33.5,31.8,32.3,32.7,31.1,31.8,32.7,33.4,32.2,31.6,32.6,32.0,32.5,32.1,32.0,32.7,31.8,31.9,32.7,31.9,31.6,31.7,31.9,32.8,32.9,32.3,32.4,33.0,31.9,31.3,33.3,32.3,33.0,30.7,32.6,32.2,32.0,31.7,32.7,33.3,33.0,32.2,32.8,32.5,32.5,31.9,33.0,33.3,33.4,32.8,32.2,32.1,32.0,32.3,32.3,32.8,32.7,32.1,32.2,32.9,32.8,32.6,32.9,33.4,31.8,32.6,34.0,32.5,33.2,32.0,32.0,33.6,32.5,32.8,32.7,32.9,32.7,32.7,32.4,32.6,32.9,32.7,32.6,32.6,32.1,32.9,32.0,33.8,32.0,33.0,32.1,33.4,32.2,32.3,32.9,32.3,33.5,32.2,33.1,32.9,32.5,32.9,32.2,32.1,33.4,31.7,32.7,33.0,32.2,32.2,32.6,33.4,32.4,32.2,32.9,32.6,32.8,32.7,32.8,32.0,32.7,33.5,33.3,33.0,33.2,31.8,32.6,32.0,32.2,32.9,32.7,33.0,32.8,32.6,33.0,33.1,32.2,32.7,31.9,32.8,32.8,32.1,32.1,32.0,33.1,32.1,32.6,33.6,32.9,32.9,32.3,33.3,33.4,32.6,33.1,32.3,33.3,33.0,32.7,32.6,33.7,32.7,31.9,32.2,32.4,33.2,32.7,32.7,33.2,33.0,31.9,31.8,33.4,33.2,33.3,31.7,33.3,32.7,32.2,33.3,32.0,32.9,32.8,33.6,33.6,31.7,33.1,32.7,32.9,32.8,32.3,33.0,31.6,32.3,31.8,32.1,32.1,33.1,32.4,32.8,33.1,32.1,33.5,32.2,32.8,32.3,32.5,33.0,32.2,32.3,32.8,33.2,31.8,33.1,33.1,34.3,34.7,32.7,33.0,33.7,33.1,32.6,32.5,32.0,33.1,31.9,32.1,32.8,32.4,32.7,32.5,32.1,33.5,33.0,32.6,32.9,32.8,32.8,32.5,31.2,33.1,32.4,32.3,32.9,33.9,34.3,34.1,34.7,35.5,34.5,34.7,33.8,34.1,33.2,33.7,32.6,33.2,31.6,32.8,32.5,32.1,32.9,32.9,33.5,32.4,32.1,33.0,32.5,32.0,32.0,32.4,32.7,32.4,32.7,32.9,33.8,34.0,33.8,34.5,34.6,34.7,33.8,33.9,33.7,33.7,34.3,33.4,32.3,33.1,31.8,32.7,32.4,33.2,32.5,32.7,32.6,32.8,32.2,32.2,33.1,32.8,32.4,32.8,32.8,33.9,32.8,33.3,32.8,33.9,32.7,34.3,33.2,33.5,33.2,33.7,33.6,33.5,33.6,33.6,32.6,33.2,32.3,32.3,32.7,32.7,31.4,32.6,33.0,32.6,32.8,32.9,33.2,32.8,32.8,32.5,33.5,32.4,32.2,33.7,33.2,33.7,33.5,34.2,34.1,33.7,33.9,33.4,34.0,33.0,32.7,33.0,32.1,32.5,33.2,33.2,32.5,33.0,32.0,32.4,33.4,32.4,31.7,31.4,32.8,33.0,32.5,32.0,33.0,32.5,31.8,33.0,33.1,33.2,33.5,32.5,33.6,33.3,34.5,33.5,33.3,33.1,31.8,32.0,33.9,31.0,32.5,32.3,33.3,32.0,32.3,33.0,32.8,32.8,32.3,32.7,33.2,32.6,32.1,33.2,32.9,32.9,32.9,32.6,32.7,33.0,33.0,33.6,34.2,32.9,34.4,34.1,33.5,33.5,32.3,33.2,33.0,34.0,32.8,32.8,32.2,32.9,32.5,31.7,31.9,32.4,33.4,32.5,33.1,32.5,33.6,32.4,32.5,32.3,32.6,32.4,32.0,32.7,33.3,33.5,34.0,34.2,34.3,34.0,32.7,33.2,33.0,33.0,34.2,32.3,32.5,32.4,32.9,33.1,32.8,33.7,33.5,32.2,31.7,32.5,32.7,31.5,32.4,32.8,33.4,32.6,32.5,32.8,33.4,32.9,33.2,34.4,34.2,35.1,34.4,34.8,33.5,32.7,33.5,33.1,33.2,34.0,33.0,32.8,32.0,33.0,32.6,32.2,33.4,33.8,32.0,32.1,33.1,32.8,32.6,32.4,32.3,32.8,33.0,32.5,33.1,32.8,33.8,33.8,33.8,34.2,33.1,33.9,33.5,33.3,33.7,33.2,33.2,31.6,32.5,33.1,32.8,32.8,32.3,33.5,32.9,31.9,32.0,32.7,33.4,nan,31.7,32.6,33.1,33.1,32.2,32.8,32.9,33.4,32.7,34.1,33.4,32.9,33.6,33.4,34.7,33.4,34.1,33.3,33.1,32.8,33.1,33.0,32.7,32.7,32.7,33.6,32.4,33.8,32.8,32.8,32.2,33.1,32.8,33.3,32.6,32.2,33.1,32.8,33.0,34.0,33.3,33.9,32.6,34.2,35.1,33.8,33.1,34.1,34.8,33.8,34.3,31.2,32.8,33.0,32.9,32.5,32.6,32.9,33.6,33.4,32.4,33.5,33.6,32.3,32.6,32.6,32.3,32.6,32.1,34.1,33.4,33.6,32.9,33.6,33.4,33.6,34.5,33.1,34.1,33.6,34.0,33.9,32.9,33.0,32.2,33.7,31.4,33.6,32.8,32.9,32.8,32.6,32.8,32.3,33.2,32.2,32.4,32.8,33.7,33.0,33.6,33.0,34.2,33.5,33.0,33.3,34.0,34.1,32.5,34.0,33.9,32.9,33.9,34.3,33.3,33.4,33.9,32.8,33.9,33.0,32.4,32.9,32.9,33.6,32.4,33.4,32.1,32.2,33.5,33.3,32.8,32.8,33.4,33.0,33.9,33.1,33.4,34.0,33.2,33.2,33.6,33.5,33.2,33.6,33.4,35.6,33.3,33.6,32.4,33.0,32.5,33.6,32.9,33.1,32.8,33.0,32.6,31.9,33.1,31.7,32.8,31.9,33.5,33.3,32.6,33.2,33.9,33.4,33.0,33.9,33.0,32.6,33.1,33.4,33.7,34.4,33.6,34.3,33.4,32.8,33.3,33.7,32.9,33.5,31.8,33.2,32.5,31.8,33.2,33.0,33.0,32.1,33.0,33.3,33.7,32.5,33.0,33.9,33.7,33.5,33.9,34.1,33.5,33.5,32.9,33.2,33.7,34.4,32.8,33.6
1785303167.690601,428,33.3,32.4,32.3,33.2,32.1,31.5,31.5,32.9,32.5,32.7,31.0,32.2,29.4,31.7,31.6,32.6,32.8,32.1,32.4,33.0,32.8,31.5,33.7,33.2,32.3,32.4,32.1,33.9,32.9,32.5,32.6,34.6,32.6,32.2,33.1,32.1,32.5,32.2,33.3,32.3,32.4,31.4,31.3,31.7,31.8,31.4,32.8,32.9,31.6,32.0,32.8,31.4,32.3,31.8,33.0,33.3,32.6,32.5,33.2,32.9,33.7,32.6,32.4,31.9,33.3,32.1,32.8,33.8,33.7,33.7,31.9,32.6,32.2,32.8,31.7,32.3,31.4,32.5,32.1,32.1,33.3,32.5,31.9,32.0,31.6,32.5,32.6,32.7,32.6,32.9,32.3,32.9,34.0,32.4,32.2,33.9,33.7,32.1,32.4,32.4,33.2,32.1,33.0,31.6,33.0,33.2,32.1,31.8,33.1,32.4,32.2,31.7,32.1,32.6,33.3,31.9,31.4,32.0,32.9,31.8,32.9,32.9,33.0,32.9,32.4,33.3,32.8,33.6,32.6,32.6,32.0,32.0,32.3,32.9,31.6,32.4,33.0,32.1,31.9,33.7,32.3,32.2,31.8,33.2,33.0,31.7,31.0,32.6,32.4,33.1,33.0,32.9,32.9,32.2,32.8,32.9,33.2,32.4,32.7,33.8,32.0,31.8,31.8,30.6,32.0,32.6,33.0,31.9,32.0,32.7,33.4,31.5,32.2,31.6,33.6,32.9,32.9,32.1,33.1,32.3,32.4,31.9,32.4,32.6,32.6,33.8,33.4,33.3,33.1,32.7,33.5,32.7,32.7,32.9,32.5,32.5,32.2,32.4,32.8,33.5,32.5,33.0,32.1,33.7,32.7,31.9,32.2,32.4,32.6,31.5,31.7,32.5,33.2,31.9,32.4,33.3,33.4,32.7,32.8,33.8,33.4,32.5,32.1,33.8,33.0,32.5,31.5,32.2,31.7,32.8,33.1,32.5,31.9,32.6,32.1,31.9,32.0,32.0,33.1,32.6,31.7,31.7,33.0,32.0,32.5,32.0,32.6,32.4,33.3,33.8,32.5,32.2,33.3,32.5,32.7,32.5,31.8,32.1,31.7,33.9,31.9,32.6,31.8,33.1,34.4,32.4,33.0,32.9,32.1,32.0,32.1,32.8,32.9,32.3,32.7,32.9,32.1,32.3,32.1,33.3,35.0,34.5,32.3,33.3,31.7,32.9,32.8,33.5,33.1,31.3,31.6,31.9,32.2,32.7,32.8,31.9,32.0,32.8,32.6,32.1,32.8,31.7,33.4,32.0,32.8,33.0,32.0,32.3,32.3,32.5,32.8,32.5,34.9,34.5,33.1,33.2,32.4,32.4,32.7,33.0,32.9,31.9,32.4,33.7,32.6,32.8,31.8,33.3,32.6,32.4,32.2,32.3,33.1,32.0,33.1,33.3,32.6,32.5,33.2,32.6,31.6,32.6,32.4,33.1,33.5,35.2,34.3,33.5,34.5,31.9,32.6,33.8,33.0,32.2,32.1,32.9,32.4,32.2,32.2,32.6,31.8,32.4,32.6,32.2,33.2,31.7,32.6,32.4,31.4,32.2,33.1,32.7,33.1,32.5,32.8,33.3,33.5,34.2,33.5,33.4,33.5,32.6,32.7,32.6,32.4,32.3,32.4,33.8,33.6,31.9,31.5,33.0,31.7,32.6,32.0,32.7,32.9,31.7,31.8,32.8,32.9,32.5,32.1,33.1,33.3,33.1,34.3,33.8,33.6,32.6,33.8,33.7,34.0,33.0,33.6,33.4,33.3,31.0,33.1,32.9,32.8,32.9,32.8,32.4,32.1,32.5,33.3,31.7,32.7,32.4,32.8,32.6,32.5,31.8,32.4,32.8,32.2,33.3,33.7,33.5,33.8,32.3,34.4,33.2,33.7,33.3,33.1,33.0,33.7,33.2,32.2,33.4,32.7,32.0,32.5,33.2,33.4,32.4,32.4,33.0,32.9,32.5,32.8,33.6,32.8,32.0,33.3,33.6,33.4,33.6,33.3,34.3,33.9,33.1,34.3,33.8,33.8,33.0,33.6,33.2,33.4,32.5,33.1,32.7,32.3,32.4,32.8,33.0,31.8,32.6,32.7,31.8,32.2,32.4,33.2,32.9,33.3,32.7,33.8,32.4,33.0,33.4,34.0,33.4,34.0,34.0,33.7,34.5,33.7,33.5,34.5,32.9,32.0,31.9,32.6,33.4,31.8,31.4,32.5,32.9,32.6,33.3,31.8,32.8,33.0,33.1,32.6,32.8,32.9,33.4,32.9,33.8,33.4,33.6,33.5,34.3,35.6,33.7,33.1,33.9,35.0,33.7,33.9,34.0,33.8,32.2,33.7,32.7,33.6,32.4,33.2,32.8,33.0,32.9,33.0,32.7,32.6,nan,31.9,32.2,32.2,31.9,33.0,32.1,32.0,34.0,34.7,33.7,32.9,34.2,33.6,32.9,34.1,35.4,34.9,33.9,33.9,32.8,31.8,33.7,32.4,32.3,32.7,32.7,32.6,32.2,33.1,32.1,32.3,32.1,32.5,32.1,32.0,32.6,32.6,33.7,32.9,34.3,34.3,34.4,33.8,33.7,31.1,34.5,34.2,33.9,35.6,34.1,32.8,33.0,32.2,32.8,33.3,32.6,33.7,32.9,33.1,32.5,33.6,32.7,33.1,32.4,32.2,33.5,32.6,32.1,32.6,33.1,32.7,33.9,34.9,33.2,33.8,33.5,34.3,33.6,33.6,33.2,34.5,32.7,33.6,33.4,32.5,34.3,33.5,32.1,32.7,33.5,32.8,32.9,32.4,33.0,33.0,33.0,31.7,32.6,32.5,33.3,32.4,33.3,34.3,33.5,33.7,34.6,33.7,33.7,33.5,33.6,33.3,33.5,34.1,33.6,33.5,32.3,31.8,32.8,33.1,33.2,32.9,32.9,32.2,33.1,31.9,33.2,32.9,32.2,33.4,32.1,32.9,32.1,32.9,32.6,33.6,33.9,34.5,33.6,32.9,33.2,33.2,33.1,32.6,34.0,33.8,33.5,32.9,33.4,32.0,34.6,32.9,33.1,32.4,32.7,32.2,32.4,31.9,32.3,33.3,32.8,32.6,33.5,33.1,32.4,32.8,33.7,33.0,32.8,33.5,34.1,33.1,32.4,33.9,32.8,33.5,33.1,32.9,34.6,32.8,32.8,32.9,33.8,33.2,32.3,33.0,33.0,32.6,32.2,33.0,32.4,33.0,33.0,33.4,32.1,33.0,32.5,32.6,32.8,33.7,33.5,33.5,33.9,33.4,33.1,33.3,33.2,32.7,33.1,34.6,34.3
1785303169.9681752,429,33.4,31.1,33.6,32.6,32.9,31.6,32.1,32.8,32.4,32.6,31.5,32.9,34.3,32.7,33.0,32.5,33.4,32.1,32.1,33.6,32.5,32.4,32.8,33.1,32.4,32.5,32.8,32.9,33.7,32.1,32.7,33.4,33.4,32.8,32.2,32.2,32.5,33.4,31.9,31.6,32.1,32.3,32.7,32.3,32.0,32.4,32.5,31.9,32.0,33.1,32.5,31.9,32.4,32.6,32.9,32.6,32.3,33.0,31.6,33.4,33.3,32.2,32.7,32.2,33.4,33.6,32.7,32.5,32.1,32.8,31.8,33.4,32.1,32.5,32.3,32.5,32.9,32.5,32.7,31.9,31.9,33.1,32.9,33.1,31.7,32.3,32.2,32.8,32.7,32.5,31.8,33.1,33.0,32.3,32.8,33.0,31.8,32.7,32.3,31.6,31.6,32.2,32.7,33.1,31.6,32.4,32.9,32.0,31.4,32.5,32.1,33.2,32.0,33.0,32.3,33.0,32.3,32.6,32.8,32.6,32.6,32.4,32.7,32.6,32.0,31.3,33.3,34.4,33.7,31.3,32.1,32.3,32.0,32.4,33.2,31.9,32.2,31.6,32.2,32.2,32.4,32.5,31.4,31.8,31.3,32.3,32.6,32.5,33.0,32.5,33.1,32.8,33.3,32.8,32.9,33.2,32.3,33.3,32.4,33.6,32.3,33.2,33.0,32.6,32.5,31.7,31.9,33.5,32.6,32.3,32.1,32.1,32.1,32.8,33.2,32.0,32.7,32.4,32.3,32.5,32.7,32.2,31.9,33.5,33.5,33.2,32.9,32.3,32.4,32.6,32.9,33.3,33.6,31.8,32.6,32.8,32.5,31.7,33.3,32.5,32.9,32.4,32.1,32.3,32.3,32.9,32.5,32.3,33.2,32.4,32.0,33.0,33.3,32.7,32.1,33.3,33.8,32.6,33.3,33.4,33.3,32.6,32.0,32.8,32.2,32.6,32.6,32.7,32.6,32.4,32.8,33.2,31.6,33.0,32.1,32.2,31.4,32.7,32.7,32.7,31.6,32.6,32.4,32.6,32.1,32.2,32.2,33.5,34.1,33.8,34.2,33.8,33.5,33.0,33.3,32.6,31.1,31.9,32.8,32.8,32.1,31.9,33.1,33.7,32.5,31.7,32.6,32.8,32.5,32.0,32.7,33.1,32.3,32.9,32.5,32.7,32.3,32.4,32.8,33.7,34.6,34.4,33.5,32.3,33.1,33.2,32.3,33.6,31.8,33.1,32.5,31.6,32.6,33.0,33.3,33.4,32.4,31.7,32.8,33.9,31.7,33.0,32.8,32.9,32.4,32.7,32.5,32.3,32.4,32.6,32.5,33.6,33.9,34.6,34.4,34.3,31.9,33.6,32.3,33.1,32.2,32.2,32.9,33.2,32.5,32.9,31.8,32.5,32.0,32.5,31.9,32.2,32.3,32.7,33.1,32.6,32.7,32.2,33.9,32.2,33.5,32.2,32.8,33.4,33.6,34.2,33.7,33.3,34.3,32.5,33.9,33.5,32.5,32.3,31.8,32.8,32.6,32.6,32.5,32.3,32.6,33.4,33.4,33.1,32.7,32.6,32.7,32.6,32.1,33.1,32.4,32.6,32.7,33.9,33.8,33.1,33.9,34.4,34.1,34.2,33.2,33.1,33.0,32.3,33.7,32.0,31.5,33.1,32.1,31.6,33.1,31.9,33.0,32.2,32.1,32.0,33.6,32.1,32.4,33.0,33.0,33.2,32.8,33.8,32.7,33.5,34.3,34.4,33.2,33.2,34.0,34.0,33.7,32.3,32.3,33.1,32.5,31.9,33.2,33.9,31.6,32.8,33.4,32.2,32.0,32.6,32.9,33.1,32.1,32.0,32.6,32.2,32.4,32.6,32.6,32.3,32.7,33.9,33.6,34.1,32.9,33.4,33.9,33.5,33.2,34.0,32.6,32.9,33.5,31.6,31.5,32.7,32.6,31.1,32.2,32.8,32.8,31.7,32.8,33.0,32.4,32.4,32.7,33.2,33.0,33.0,33.3,33.2,33.3,32.7,33.7,33.4,33.9,33.2,33.9,33.6,33.4,33.4,34.1,33.1,32.4,33.0,32.2,32.1,31.5,32.7,32.9,32.0,32.4,32.9,31.9,32.8,32.8,33.6,32.4,33.6,32.3,32.8,32.7,33.5,33.6,33.6,33.1,34.5,33.2,33.8,34.3,34.4,33.4,34.0,33.4,32.8,32.9,33.5,32.1,32.7,33.5,32.6,32.6,32.1,33.0,31.6,32.9,33.0,33.3,32.0,33.0,33.0,32.8,32.4,33.2,32.9,33.5,33.2,33.5,34.7,33.9,33.7,34.2,34.2,34.7,34.3,33.8,33.3,31.4,32.3,32.2,32.4,32.0,32.9,33.1,33.1,33.4,32.6,32.1,32.8,31.8,nan,32.1,32.8,32.3,32.8,32.8,33.0,32.8,34.4,34.0,33.8,32.6,33.3,34.2,34.2,34.8,35.0,34.2,33.4,33.8,32.0,32.5,32.7,32.6,31.8,32.3,33.5,32.5,32.0,32.5,33.4,32.7,32.5,32.6,33.2,33.0,32.7,33.2,33.4,32.7,33.6,33.7,33.7,34.8,33.9,35.2,34.9,34.7,34.2,34.6,33.3,32.2,31.1,33.9,32.5,32.6,32.9,32.3,33.0,32.4,33.1,33.5,33.3,31.7,31.8,32.0,32.8,32.5,32.2,33.8,32.4,32.5,34.1,34.7,35.2,34.9,35.4,34.7,35.0,34.0,34.8,34.1,34.4,33.3,33.1,32.5,34.0,32.8,32.7,33.0,33.0,31.6,32.7,33.2,33.7,32.9,32.2,33.4,33.2,32.9,31.9,32.8,33.6,33.5,33.2,33.2,33.8,34.7,34.5,34.5,33.7,34.2,33.8,33.8,33.9,32.9,32.6,32.3,33.9,33.0,32.3,32.8,32.6,32.8,31.8,33.0,32.8,32.6,32.8,34.0,33.4,32.8,33.0,33.1,32.5,33.8,34.3,34.2,33.9,32.9,33.7,33.1,33.2,33.7,33.7,33.0,34.5,34.1,33.1,32.7,34.0,32.4,32.7,32.3,33.2,32.7,32.3,31.8,33.2,33.6,32.7,33.2,32.4,33.7,32.9,32.7,32.4,34.1,34.0,34.9,33.6,33.6,34.0,33.6,32.3,34.2,32.8,33.2,33.1,31.2,32.7,33.0,33.2,32.8,33.6,32.5,33.3,32.9,32.9,33.1,32.9,33.4,32.5,32.4,32.7,32.2,32.5,33.4,32.7,33.2,32.3,33.6,34.0,33.2,32.7,35.2,34.1,31.7,33.7,33.4,34.6
1785303171.9758818,430,33.2,33.6,33.5,32.7,32.6,32.4,31.5,33.5,31.9,32.3,32.5,33.4,32.1,32.1,31.7,32.4,33.5,32.6,32.2,33.2,33.4,31.7,33.3,33.8,32.1,32.0,32.5,34.5,33.6,31.8,33.1,34.8,32.5,32.4,32.8,33.1,32.2,32.4,32.5,32.3,31.6,32.6,32.6,31.7,32.5,32.2,33.6,32.0,32.0,33.1,33.7,32.9,32.1,32.0,33.2,33.1,32.0,32.7,32.8,33.1,34.1,32.8,33.6,32.8,34.0,32.7,31.9,34.0,33.1,32.9,32.9,33.4,32.0,32.2,32.2,33.8,33.0,31.8,31.4,32.5,32.5,31.8,32.5,32.9,32.7,32.4,32.5,32.7,32.4,32.5,32.3,32.8,32.3,32.0,31.7,33.8,32.9,32.8,33.8,31.7,31.9,31.7,33.6,32.2,33.4,32.5,32.9,32.0,32.6,32.7,33.4,32.6,33.3,31.7,33.3,32.1,32.8,32.8,33.8,32.6,31.6,32.9,33.0,32.1,32.6,32.9,33.2,32.0,33.3,32.6,33.1,34.0,32.5,31.9,33.3,32.2,32.5,32.7,32.6,33.2,32.5,31.4,31.5,33.3,33.1,32.4,32.0,33.1,32.9,33.1,32.3,34.2,33.2,33.1,33.0,33.3,32.8,32.4,32.5,34.8,34.1,32.4,34.8,32.3,32.2,31.9,33.8,33.8,32.1,32.7,33.4,32.9,32.4,32.9,33.3,33.0,33.1,32.8,33.8,32.8,32.8,32.5,33.1,32.1,32.9,33.3,33.4,33.0,32.5,34.1,33.2,33.2,32.4,33.3,31.6,32.9,31.8,31.3,32.1,33.0,32.8,33.2,31.7,32.7,32.3,32.4,32.3,32.9,31.8,32.5,32.7,33.2,32.6,32.1,32.6,33.3,33.9,33.1,33.6,34.4,33.1,32.7,32.6,34.0,32.7,32.9,33.0,32.2,32.3,32.9,33.5,32.0,32.9,32.6,32.8,32.3,31.7,32.3,34.0,32.7,32.5,32.8,32.7,31.9,33.0,31.8,32.8,32.5,34.0,33.4,34.9,33.2,32.7,33.1,34.5,32.8,32.5,32.1,32.3,33.4,32.2,32.6,32.3,33.1,32.6,32.5,32.4,33.2,33.1,32.0,32.9,33.4,32.1,32.5,33.2,33.3,33.6,32.6,32.3,34.0,33.7,34.3,35.0,34.9,32.9,32.0,31.2,33.3,31.3,33.2,32.6,31.9,32.7,34.0,33.3,32.8,33.5,32.1,32.9,32.2,33.5,33.2,32.5,32.5,33.5,32.7,32.0,32.7,32.5,32.2,32.3,32.7,33.3,34.9,34.7,33.9,33.5,32.6,32.9,32.6,33.1,32.5,33.6,33.1,32.3,32.0,32.1,33.4,31.8,32.6,32.1,33.0,32.1,32.0,32.9,33.5,32.9,32.7,32.6,32.7,33.0,32.2,33.1,34.0,33.4,33.8,33.8,33.7,34.0,33.0,33.4,34.6,32.8,32.8,33.1,32.9,32.7,32.9,33.7,33.0,32.7,32.3,33.0,32.4,32.2,33.2,33.5,33.4,31.5,33.2,32.2,32.4,32.1,33.0,33.0,33.5,33.3,34.4,34.0,33.2,33.7,32.6,33.3,33.4,32.8,33.2,33.8,33.2,33.6,32.9,32.4,33.1,32.9,32.8,32.3,33.3,32.5,32.0,32.7,33.0,32.8,33.0,33.1,33.8,32.7,33.5,32.8,34.3,33.4,32.8,34.0,33.9,33.8,33.2,33.6,33.2,32.4,32.6,33.9,32.5,32.6,32.6,32.1,32.3,33.5,32.5,33.2,32.5,32.7,32.1,32.9,32.4,32.9,32.4,33.1,32.6,32.7,33.5,35.0,33.7,33.2,33.7,34.6,33.6,33.9,33.4,33.3,33.5,32.8,34.0,33.0,34.0,33.3,32.5,32.7,33.9,32.3,32.3,32.6,32.8,33.0,32.7,31.8,33.3,31.9,32.7,32.5,33.3,33.0,33.3,33.8,34.0,34.8,33.7,34.3,34.9,33.7,33.7,34.0,34.2,32.7,33.7,32.4,32.4,32.5,32.2,33.0,32.7,32.7,32.2,33.5,32.4,33.1,32.6,32.7,32.5,32.6,33.1,33.3,33.6,32.6,34.5,34.4,34.3,34.2,33.7,34.3,34.1,33.9,34.1,34.1,33.1,33.5,33.8,32.8,33.8,32.7,32.1,31.9,33.3,32.8,32.9,32.0,33.3,33.4,32.0,33.1,33.2,33.1,32.2,32.6,33.0,33.0,33.3,34.0,34.2,33.7,34.2,33.8,34.5,34.4,33.9,33.1,33.0,31.9,32.4,32.5,32.0,32.5,32.3,33.9,32.5,32.7,32.4,33.0,32.7,34.2,nan,33.0,32.3,33.7,32.9,33.5,32.4,32.9,33.6,35.1,34.3,34.1,33.9,35.3,34.9,34.2,34.7,34.2,34.9,33.1,33.0,32.7,34.4,32.9,32.7,32.4,34.4,32.3,32.6,32.8,33.0,32.8,33.0,32.7,32.7,32.3,31.9,33.0,33.7,32.2,33.5,33.5,34.6,34.5,34.4,33.9,35.4,34.6,34.1,33.9,35.3,33.2,33.4,33.8,33.0,33.3,33.2,33.7,32.5,32.7,32.9,33.8,31.7,32.8,32.6,34.1,32.9,32.4,33.1,33.4,33.8,33.6,33.8,34.5,34.1,35.0,35.2,35.6,34.7,32.8,34.7,35.1,34.3,33.2,33.0,32.2,33.7,33.1,32.9,32.0,32.8,32.5,31.9,33.0,33.9,33.0,32.9,32.3,33.7,32.7,32.5,32.8,34.4,33.8,33.5,32.3,34.4,33.2,34.6,34.6,34.4,33.4,34.7,34.6,34.1,33.7,33.2,34.3,31.8,32.3,32.9,32.9,32.4,31.7,32.8,33.0,33.1,32.4,32.6,33.8,32.8,33.1,33.4,34.1,32.5,34.3,34.0,34.5,33.3,33.4,33.6,34.9,34.4,33.4,34.8,34.9,34.4,33.8,32.7,33.5,32.8,33.1,32.5,32.2,32.4,33.2,33.5,32.1,34.8,33.2,33.5,32.6,34.1,32.6,28.8,33.1,29.2,34.1,29.6,33.5,29.4,32.8,33.0,34.5,34.6,34.5,33.8,33.1,37.0,889.3,33.7,33.8,33.6,35.2,33.1,36.4,32.6,30.8,32.4,32.7,32.8,32.0,32.3,32.7,33.0,34.9,32.7,38.8,33.0,35.1,32.8,37.7,32.8,31.7,33.9,32.7,32.4,34.1,34.2,33.9,35.0
1785303174.1093278,431,33.4,32.1,33.3,32.3,33.3,32.2,33.4,32.3,32.6,33.2,32.6,32.6,32.1,32.7,32.3,32.3,32.8,32.1,32.5,32.5,33.6,33.3,33.0,32.1,32.4,31.6,32.8,32.4,33.4,33.0,31.9,32.8,32.9,32.5,31.2,32.4,33.2,32.5,31.5,33.0,33.5,32.1,31.5,31.7,31.3,31.7,31.8,32.8,32.7,32.8,31.6,31.9,32.5,32.4,31.9,33.9,31.5,32.4,32.8,32.1,34.2,33.8,32.7,33.9,33.6,33.8,33.1,32.9,32.5,32.3,34.0,32.6,33.0,33.4,32.7,31.8,32.7,32.9,33.4,32.9,32.7,33.3,32.9,32.2,32.9,32.8,33.3,32.6,33.2,32.9,32.6,32.7,33.2,32.9,33.2,32.3,34.0,33.6,31.3,34.1,33.4,33.0,31.7,33.6,32.9,32.4,32.0,32.4,32.6,32.4,32.0,33.5,33.1,33.3,32.6,32.8,32.1,33.7,31.7,32.1,33.8,32.6,32.5,33.5,33.5,32.9,31.7,34.1,32.5,32.9,32.5,32.7,33.0,32.2,33.0,32.5,33.0,32.7,32.9,32.7,33.1,33.3,32.2,32.6,33.1,32.6,33.1,32.1,32.9,32.6,33.4,31.9,32.6,32.2,33.4,32.6,32.7,34.1,33.0,32.5,32.8,33.9,31.5,33.1,32.7,32.7,31.9,32.9,33.0,32.3,32.3,32.4,32.5,32.8,31.6,32.7,32.7,33.0,31.1,33.7,33.3,33.3,32.1,33.5,34.0,33.2,30.8,33.6,32.3,33.0,31.6,33.5,32.7,32.2,33.0,32.4,32.1,32.9,33.6,32.7,33.1,32.9,32.6,33.3,32.0,32.1,32.8,32.2,32.3,32.0,33.1,32.7,33.6,32.7,33.1,33.5,34.3,33.7,33.4,33.7,33.1,33.0,33.3,33.2,31.9,32.6,31.0,31.5,32.2,32.7,32.2,33.5,32.8,33.6,32.4,32.7,32.4,33.0,32.5,32.7,32.5,33.2,31.7,32.7,33.4,32.9,32.3,34.0,34.2,34.2,33.1,33.1,32.6,33.2,32.9,33.9,32.6,32.4,32.0,32.4,32.7,31.9,32.9,33.1,32.8,32.2,31.9,33.3,33.0,32.3,32.2,31.8,33.1,32.2,32.6,32.2,32.5,33.0,32.0,31.6,34.3,34.2,34.0,33.5,33.7,33.4,32.7,33.4,32.7,32.4,32.3,32.9,32.6,32.6,31.4,33.0,32.4,32.5,32.0,33.4,32.4,32.7,32.4,33.0,32.8,31.9,32.0,32.4,33.5,32.3,32.7,32.9,33.8,34.6,33.0,32.7,33.9,32.5,32.3,32.9,33.2,31.5,32.7,31.6,32.7,33.1,32.4,33.0,32.5,32.1,31.9,32.5,32.8,32.7,32.8,32.5,32.5,32.7,32.5,31.9,32.8,33.6,33.1,33.3,33.4,34.0,34.0,33.8,34.2,32.7,33.3,32.0,32.3,31.4,32.3,32.9,32.6,32.8,31.1,33.7,32.2,33.7,32.7,32.6,32.4,33.4,31.9,33.7,33.5,32.7,33.0,33.9,31.9,33.7,33.2,34.9,32.8,33.9,34.1,33.3,33.6,33.6,31.6,33.7,33.5,33.4,33.1,32.8,33.1,32.2,33.3,31.9,32.8,32.8,32.5,32.8,33.2,32.4,32.7,31.7,33.2,32.8,33.3,32.7,33.5,33.0,34.3,33.0,34.3,33.7,33.8,33.2,34.8,33.9,33.7,33.3,33.3,31.2,32.4,32.6,33.2,33.5,32.0,32.5,32.0,32.5,31.9,33.5,32.1,32.9,32.7,33.0,33.0,33.7,32.8,33.1,33.2,33.9,32.7,33.6,33.4,33.6,33.0,34.3,33.6,33.6,33.0,33.3,33.5,32.6,32.9,32.3,33.2,32.4,33.6,31.5,33.0,33.0,33.5,31.9,32.5,32.0,33.0,33.0,33.5,33.3,33.0,32.9,33.5,33.5,34.8,33.4,33.8,33.2,34.9,33.9,33.9,33.0,34.7,33.3,32.8,33.0,31.4,33.0,32.7,32.5,32.5,33.2,32.2,33.2,32.6,32.4,33.4,32.8,32.1,33.1,33.4,32.1,32.0,33.0,33.1,33.3,33.9,34.3,34.2,34.1,33.6,35.1,33.4,34.2,34.0,34.2,32.0,33.4,33.3,32.7,33.1,32.5,33.9,32.4,33.1,33.6,32.5,32.0,33.1,32.7,32.3,32.4,33.3,32.7,33.5,33.7,33.5,33.4,34.4,33.7,33.7,33.9,33.7,34.2,34.5,33.4,33.9,33.3,32.6,32.9,31.6,33.0,33.3,32.1,32.3,32.9,32.7,32.8,31.7,33.4,32.6,nan,32.4,32.8,32.8,33.3,32.7,32.8,32.8,33.1,33.6,34.5,34.6,34.5,33.8,34.2,34.6,34.8,34.2,34.2,33.4,32.0,33.5,32.3,33.2,32.9,32.4,32.8,32.7,32.5,33.2,33.4,32.5,33.0,32.7,32.0,33.3,32.7,33.3,33.4,31.9,34.1,35.0,33.9,34.8,34.3,36.1,34.9,34.1,34.2,34.0,33.3,32.9,33.0,32.2,33.5,32.9,33.1,32.9,33.7,32.3,32.6,32.4,33.4,32.5,32.5,32.6,33.4,32.1,33.1,33.3,33.2,33.3,33.8,33.3,33.5,35.2,34.7,35.6,35.5,34.2,34.0,33.5,34.6,34.4,32.2,34.4,32.5,33.4,32.7,32.3,33.0,32.7,32.5,33.2,33.4,33.2,33.1,33.5,32.9,33.6,33.4,33.2,32.5,33.7,34.8,35.0,33.4,34.8,35.2,35.1,34.0,35.2,33.4,35.7,33.0,33.6,32.8,32.7,33.1,33.5,33.3,32.6,33.9,31.7,32.6,33.5,32.9,32.6,33.3,33.0,33.2,33.5,33.3,33.1,33.0,33.3,33.7,34.0,33.7,33.8,34.0,32.7,34.3,34.0,33.3,33.7,34.4,33.0,33.0,33.2,33.6,32.0,32.5,32.8,32.6,31.4,33.2,33.4,33.0,33.2,33.2,33.4,32.5,31.8,32.3,32.5,32.9,33.0,33.1,34.7,33.2,34.2,33.4,35.0,32.9,34.8,33.6,34.8,34.2,33.7,33.6,31.6,33.8,33.6,32.8,31.5,34.6,32.5,33.4,31.6,33.6,33.4,33.4,33.2,33.9,33.5,32.7,33.4,33.8,33.4,33.6,33.0,34.0,33.8,33.0,33.4,33.6,34.4,33.2,32.4,35.3
1785303176.200088,432,33.1,31.1,32.8,32.8,32.4,32.2,33.6,32.1,32.4,32.0,33.2,32.1,32.7,32.3,32.5,32.9,32.5,32.0,32.6,33.8,32.5,32.3,32.0,34.0,33.2,32.5,31.9,32.9,33.0,33.0,33.4,34.9,33.4,32.8,33.4,31.5,32.8,32.5,32.3,32.0,32.7,32.1,32.3,32.7,32.9,32.9,33.2,32.8,32.2,32.6,32.5,32.6,32.3,31.6,32.9,32.7,31.9,31.9,32.8,33.2,32.8,32.0,32.7,33.2,32.6,33.1,33.1,33.6,32.5,32.9,34.0,32.4,32.6,32.8,31.6,33.1,32.2,31.8,32.2,31.8,33.0,33.1,32.7,32.4,32.2,32.6,33.2,32.6,32.9,33.1,32.4,32.5,33.0,32.9,31.8,32.0,32.0,32.7,32.7,32.5,32.2,33.0,32.3,31.9,32.5,32.2,32.4,32.4,32.4,31.9,32.4,31.9,32.6,31.6,32.8,32.3,31.8,32.5,32.6,32.8,32.9,33.4,33.3,32.1,33.7,32.7,33.5,33.7,32.5,31.9,32.5,32.5,32.8,32.8,32.0,33.0,32.9,32.3,32.9,33.3,32.9,32.6,32.0,32.4,32.9,32.1,32.4,32.3,32.9,32.5,32.7,32.6,32.4,32.9,32.5,33.4,32.7,32.9,33.2,34.5,32.5,31.8,32.3,32.8,31.5,32.7,32.1,33.7,32.8,32.1,33.0,32.3,32.5,32.1,32.6,32.7,33.0,32.7,32.8,32.7,32.3,32.7,33.1,32.5,33.5,33.3,33.3,32.8,33.5,33.4,32.6,31.5,33.6,32.7,33.4,32.6,32.3,32.1,32.3,32.7,32.4,32.7,31.5,32.8,32.1,32.3,33.3,33.1,32.7,32.5,32.8,33.7,32.6,32.5,32.3,34.0,33.5,34.2,33.3,32.8,33.3,32.6,32.4,33.4,31.7,33.2,33.0,32.5,30.8,32.9,32.4,32.6,32.4,33.0,32.3,33.0,32.2,32.7,32.2,32.7,32.4,32.7,32.0,32.6,32.7,32.4,33.5,33.2,34.7,34.2,33.1,34.0,33.0,33.4,34.6,33.0,31.5,32.8,32.0,32.6,32.5,32.1,33.1,33.3,32.6,32.4,32.9,33.8,32.5,32.7,32.0,32.5,33.0,32.8,33.0,33.9,32.3,33.2,32.6,33.0,34.3,34.2,33.8,33.2,32.8,33.7,32.7,34.0,32.7,34.3,32.3,32.7,32.2,32.2,33.0,32.5,32.7,32.5,31.5,31.9,32.5,32.2,32.5,32.9,32.1,32.6,32.7,32.7,33.4,32.4,32.8,32.4,34.0,35.9,34.1,33.6,33.2,32.5,32.5,32.5,32.3,32.8,32.1,32.8,33.8,32.4,32.5,33.3,33.0,32.8,32.3,32.7,33.3,32.4,32.6,33.2,33.1,32.5,32.8,32.2,32.7,33.0,33.3,33.2,33.8,33.4,34.2,33.8,33.0,33.0,32.7,31.8,31.0,33.3,32.7,31.9,31.9,33.0,32.5,32.8,32.6,32.2,32.9,32.4,31.9,33.2,32.4,32.7,34.0,32.4,32.1,32.9,33.2,33.1,33.2,33.9,33.5,33.9,33.9,33.1,33.4,33.4,33.6,33.5,32.6,32.6,31.9,32.7,32.9,31.4,32.1,32.6,32.3,33.1,32.3,33.0,32.7,32.2,32.8,32.9,33.2,32.0,32.6,33.0,32.4,33.4,33.8,33.4,33.7,33.5,33.7,34.3,35.1,33.0,33.1,32.1,31.9,32.7,33.4,32.8,31.9,33.0,32.5,33.4,32.2,32.7,32.7,33.1,32.1,33.1,32.3,32.9,32.4,33.1,33.1,32.8,32.4,33.4,34.1,32.9,31.8,32.9,33.9,33.8,33.6,33.6,33.0,33.1,32.7,32.6,32.7,32.9,32.6,32.7,33.8,33.3,32.6,33.1,33.5,32.7,31.7,32.8,32.0,33.3,32.5,31.7,32.7,33.4,32.2,33.2,33.7,33.7,34.3,34.7,34.2,34.1,34.1,34.1,33.5,32.7,32.4,33.0,32.8,32.6,32.4,33.2,32.2,32.9,32.6,32.9,33.9,32.4,33.3,32.9,31.9,32.5,33.4,31.7,32.9,33.1,32.7,32.8,34.2,33.6,33.7,33.8,34.6,33.8,34.3,33.4,34.4,33.6,33.1,33.4,32.9,32.7,33.5,32.4,32.6,33.5,32.5,33.6,31.2,34.0,33.1,32.7,32.0,33.0,32.7,33.0,32.0,33.5,34.1,33.2,34.4,34.2,33.5,34.1,34.0,34.3,33.4,33.8,33.1,34.5,31.8,32.5,32.0,32.0,33.1,32.9,32.7,32.5,32.4,33.6,33.1,32.6,32.5,nan,32.1,33.1,32.0,32.5,32.6,32.5,32.6,32.9,34.9,33.8,34.3,34.3,34.7,33.9,34.2,34.2,33.8,34.0,33.8,32.2,31.9,32.3,31.9,32.7,33.2,32.8,32.6,33.0,32.0,33.5,31.5,33.5,32.5,33.4,33.7,33.3,33.2,33.4,33.0,33.4,33.7,34.1,35.3,35.1,35.2,35.3,34.3,34.7,32.8,34.1,32.9,32.8,32.0,33.9,32.9,32.5,32.9,34.5,32.6,32.6,32.6,32.6,31.8,33.3,32.8,32.6,32.8,33.3,33.0,33.3,33.3,34.0,33.1,34.5,34.3,35.9,33.8,34.4,34.0,33.1,34.3,33.4,33.7,33.7,32.7,32.5,33.6,33.1,32.5,33.2,32.9,33.5,33.4,33.7,33.0,32.2,32.7,33.0,33.6,33.0,32.6,32.9,33.7,33.6,33.0,34.3,33.9,33.4,34.9,34.2,34.4,34.0,34.2,33.5,32.0,33.3,32.5,32.3,32.8,32.9,32.6,32.6,31.9,33.0,32.6,32.4,32.3,33.1,33.2,33.0,32.8,32.3,33.0,33.2,34.7,33.5,33.5,33.3,32.7,34.0,32.9,32.8,33.9,34.3,33.7,33.6,32.3,33.0,33.2,34.0,32.8,31.5,31.8,34.3,33.6,33.8,32.9,33.6,33.2,33.2,32.1,33.4,32.1,33.2,32.1,33.4,33.8,32.9,34.3,33.9,33.2,31.7,32.6,33.9,33.8,33.2,33.2,33.5,31.7,33.1,32.5,32.8,33.2,33.0,31.9,32.5,32.0,31.7,32.7,33.4,32.2,33.0,33.4,33.5,32.3,32.5,33.0,33.1,32.7,33.2,33.7,33.0,34.2,33.6,33.8,33.8,33.6,34.9,33.6,33.5
1785303178.4454548,433,32.3,31.3,33.1,33.3,32.7,32.0,32.5,33.4,33.2,32.4,32.8,33.0,31.6,31.6,33.2,32.9,32.7,32.0,33.2,32.5,32.9,32.2,32.8,33.3,32.6,32.1,33.0,32.9,31.9,31.7,34.2,33.6,31.8,32.6,34.1,33.6,32.3,31.6,32.8,33.4,31.7,31.1,32.5,33.3,31.3,31.7,33.3,33.5,32.9,31.7,32.7,33.3,32.0,32.4,33.3,33.5,32.1,33.2,33.3,33.6,33.5,32.0,33.0,34.4,31.4,31.1,33.8,32.2,32.1,32.5,32.8,33.4,32.2,31.7,33.9,33.3,32.2,32.2,32.7,33.3,32.5,31.3,33.1,33.3,32.2,33.1,34.0,33.5,32.1,32.5,34.4,32.7,32.4,30.1,33.7,34.4,32.0,31.2,32.1,33.9,32.0,32.2,32.3,32.9,32.9,32.0,33.4,33.3,32.1,33.1,32.1,33.2,33.0,32.8,33.0,33.0,32.6,32.6,32.8,33.9,33.1,33.0,32.5,33.7,31.2,32.1,33.3,33.9,32.7,32.2,32.5,33.2,32.8,30.8,33.8,31.7,31.8,32.0,32.7,33.1,32.9,31.4,31.7,32.3,32.8,32.8,32.9,33.2,32.6,32.1,33.1,33.5,32.9,32.6,33.6,34.2,32.9,32.1,34.1,33.8,32.3,31.4,32.4,33.9,32.3,33.5,32.7,33.9,33.0,31.7,32.4,33.0,32.1,32.3,33.0,33.2,32.3,31.7,32.2,33.2,32.3,32.0,33.5,33.5,33.5,33.2,31.8,34.0,32.9,33.2,32.9,33.0,32.7,32.3,32.4,32.6,32.8,31.9,33.6,32.9,32.5,32.6,33.6,33.1,32.1,32.6,32.6,32.6,32.3,32.0,33.1,32.2,32.8,32.3,33.4,33.2,33.8,33.7,34.2,33.4,32.9,32.6,34.5,33.2,32.4,33.2,32.4,33.5,31.8,32.2,32.6,33.2,31.2,32.8,32.1,32.5,32.7,32.4,33.8,33.4,32.2,32.9,32.7,32.4,32.1,31.7,32.7,34.0,34.1,34.4,33.7,34.1,32.2,32.4,33.3,32.6,32.4,32.4,33.2,32.6,31.4,31.4,33.6,33.1,33.1,32.1,32.4,31.8,32.7,31.7,32.8,33.1,32.8,31.9,33.6,32.8,32.0,31.7,33.3,33.3,34.3,33.5,34.0,33.5,32.8,32.3,32.7,33.6,30.8,31.8,33.1,33.1,31.5,32.9,32.8,33.9,32.4,32.3,32.5,32.2,32.5,31.9,32.8,33.5,31.3,33.0,32.4,33.9,32.4,32.1,32.0,33.1,33.2,33.7,33.6,34.3,32.4,32.3,33.0,33.1,31.9,31.1,33.5,32.0,32.5,32.2,33.6,33.1,32.1,31.8,32.3,32.7,32.0,32.2,33.8,32.7,31.1,32.4,33.6,33.2,33.2,32.4,33.3,33.9,34.3,33.2,34.5,33.8,32.3,31.6,33.3,31.8,31.9,32.5,32.6,32.7,32.1,33.1,32.7,33.4,31.9,32.2,33.2,33.1,31.9,31.8,33.0,33.2,32.0,32.4,33.2,33.1,32.3,32.3,33.7,33.9,32.8,32.7,33.6,34.0,33.9,32.9,34.5,33.7,32.2,32.0,32.9,32.9,32.4,32.4,33.5,32.9,33.0,31.5,32.8,33.1,32.5,32.8,33.6,32.9,33.5,32.4,33.5,32.4,32.4,33.2,34.3,33.9,34.0,32.4,34.6,34.8,33.7,33.2,33.5,33.3,32.1,31.9,32.2,33.5,32.1,32.1,32.3,32.7,33.0,31.9,33.2,33.9,32.3,32.5,32.9,33.4,32.7,32.2,32.3,33.4,33.1,33.2,33.7,34.6,33.0,33.1,33.2,34.2,33.4,33.6,32.6,33.5,32.2,31.8,33.8,32.5,33.3,32.6,32.8,34.2,32.5,32.0,34.0,32.7,33.0,31.7,33.5,32.7,32.4,32.4,34.2,33.0,32.5,31.9,34.2,33.7,33.3,33.6,35.3,33.6,34.1,33.4,33.3,33.5,32.6,32.8,31.0,33.0,33.1,32.6,33.1,33.4,32.6,33.4,33.7,33.4,32.1,32.5,33.1,33.4,31.8,33.1,32.9,34.6,32.1,33.3,34.1,34.3,33.6,33.9,34.1,34.7,33.4,34.0,34.4,34.2,31.6,32.0,33.1,32.7,32.4,31.5,33.7,32.6,33.0,32.1,33.7,32.9,32.2,32.5,33.5,32.9,33.0,32.2,33.2,33.4,33.0,33.1,33.7,34.7,34.2,33.6,34.0,33.8,34.3,33.4,34.3,33.7,31.6,32.1,33.0,32.8,33.3,32.3,32.7,33.2,32.4,33.4,32.2,33.9,32.0,nan,32.6,33.4,31.8,32.6,33.1,33.5,32.6,32.9,35.0,35.7,33.8,33.4,33.8,35.8,33.7,34.0,32.6,35.0,32.3,31.8,32.9,33.3,32.4,32.6,34.6,33.2,31.8,30.9,32.7,33.5,31.4,32.4,33.5,33.7,31.9,31.4,33.7,33.6,33.0,33.7,34.2,34.8,34.4,34.3,36.1,34.2,33.9,34.6,36.1,33.9,32.9,32.4,33.1,32.9,32.4,31.6,32.9,33.5,31.7,32.8,32.6,33.1,32.0,32.6,32.8,33.6,32.6,33.0,32.7,34.0,32.8,33.3,33.8,34.7,34.2,34.3,34.0,35.0,34.2,34.0,34.1,34.2,33.3,32.0,34.0,33.3,31.7,31.4,33.4,33.6,32.3,31.9,34.1,33.2,33.0,32.0,33.9,33.1,32.7,32.5,33.7,32.9,33.7,32.7,34.3,33.6,33.8,34.0,34.3,34.4,34.4,33.4,34.9,33.1,32.2,31.7,33.2,34.6,31.6,33.3,32.8,33.5,32.4,32.8,33.0,33.3,32.0,33.0,33.0,33.5,32.1,32.1,33.7,33.5,32.8,33.3,33.3,33.5,32.7,33.1,33.7,33.9,33.7,33.7,34.1,34.5,33.0,33.3,34.0,33.8,33.2,32.3,33.8,32.6,31.8,32.3,33.0,32.9,33.2,31.8,33.4,33.4,33.0,31.3,33.7,32.4,33.6,32.4,34.5,34.0,33.6,33.0,34.0,32.9,33.2,33.0,35.4,34.0,33.3,32.2,33.2,33.6,32.8,32.4,33.5,33.6,32.5,32.7,32.7,33.8,32.4,32.5,32.5,34.1,33.0,32.0,33.2,34.0,33.0,33.0,34.1,34.3,32.7,33.6,33.4,34.4,32.4,33.9,34.0,34.6
1785303180.7034175,434,33.0,32.3,32.7,32.4,32.8,33.5,32.6,32.2,32.5,32.1,32.4,32.7,31.9,32.6,32.2,33.0,33.0,33.0,33.7,33.0,32.6,32.8,32.9,32.2,33.0,32.6,32.7,32.5,32.2,35.2,32.8,34.5,33.0,33.2,32.5,33.1,32.6,31.5,31.8,33.4,32.6,32.1,32.8,32.8,31.9,32.2,32.6,33.3,32.1,32.4,32.6,33.8,33.4,32.5,32.4,33.1,33.0,33.1,32.5,32.9,33.6,32.1,32.3,34.3,32.5,33.2,33.9,33.0,32.3,33.1,34.1,31.9,32.0,33.3,33.5,33.4,32.3,33.0,32.3,33.4,32.0,33.4,31.9,32.9,31.6,32.7,33.4,32.7,33.9,32.8,33.4,33.0,32.3,31.7,33.6,33.1,34.3,32.1,32.1,33.1,32.7,33.2,32.4,33.4,32.6,31.8,31.9,32.7,32.3,32.4,32.3,32.6,32.4,31.7,32.7,32.6,33.1,32.4,32.0,33.5,33.4,32.8,32.4,33.9,33.2,32.0,34.5,33.8,33.3,31.6,32.6,33.1,32.7,32.9,32.2,33.3,32.8,32.6,32.6,32.5,32.4,32.9,33.2,32.0,32.7,32.6,32.5,33.6,32.7,32.9,33.6,32.9,33.6,32.7,33.4,33.1,33.4,31.8,34.5,33.9,34.3,32.4,32.0,32.3,32.8,31.7,32.6,32.7,32.9,32.4,32.4,33.4,32.6,32.1,32.2,33.0,33.1,32.1,32.2,32.8,32.3,32.1,32.9,34.4,33.9,33.3,32.2,33.9,33.0,33.1,32.3,32.5,33.5,32.3,32.9,33.1,32.4,31.1,32.5,33.5,32.5,33.2,32.3,33.0,31.6,32.1,32.6,32.9,32.2,32.8,33.4,33.6,32.9,32.8,33.1,33.6,33.8,34.8,33.6,32.9,33.1,32.9,33.4,32.3,33.4,32.5,32.7,32.4,32.1,32.5,32.3,33.5,32.0,32.6,33.1,32.6,33.1,32.5,32.3,33.7,32.3,32.5,32.2,32.4,32.3,32.8,32.9,33.2,35.0,34.0,33.4,33.4,33.1,32.6,33.2,33.8,32.7,32.9,32.7,32.7,32.6,33.5,33.0,33.0,32.9,32.7,32.4,33.4,32.0,32.6,32.8,33.2,32.8,32.9,32.4,32.9,32.5,32.8,33.1,33.4,34.1,34.5,32.9,33.5,32.7,33.7,33.8,32.9,33.6,33.0,32.2,33.3,32.5,31.6,33.1,33.1,32.0,32.8,32.4,32.7,32.8,33.0,32.6,33.2,33.4,32.5,33.1,33.8,31.9,32.4,32.8,33.9,34.1,34.5,33.3,33.8,32.7,33.0,32.2,33.4,32.9,32.9,33.8,32.1,31.9,33.2,33.9,33.4,33.1,33.1,32.7,33.4,32.5,32.9,32.8,32.0,33.1,32.2,33.6,32.8,33.1,32.5,33.3,33.0,33.4,34.1,34.5,33.7,33.1,31.8,33.0,34.2,32.8,32.6,33.4,33.1,32.3,32.6,33.1,33.3,31.7,33.0,32.6,33.2,32.4,31.9,33.1,32.4,33.3,32.7,33.4,33.2,32.8,33.4,33.6,33.8,33.1,34.5,33.0,33.9,33.7,32.5,32.3,33.4,32.1,33.5,33.4,33.5,33.1,33.2,32.9,32.7,32.8,32.3,32.9,33.2,32.6,33.1,33.4,33.1,33.0,32.2,32.6,33.0,33.3,33.3,34.5,34.1,32.6,34.2,33.8,34.0,34.0,32.9,33.6,32.4,33.5,32.6,32.3,33.3,32.7,32.9,33.0,32.3,33.6,33.2,33.5,32.7,32.4,32.4,32.8,33.4,32.8,32.6,32.5,33.4,33.2,33.5,33.8,33.6,33.5,33.4,34.0,34.1,33.8,33.0,32.9,34.4,32.4,32.7,33.4,33.4,32.9,32.7,33.8,33.0,32.6,32.4,32.6,33.0,32.6,32.3,33.4,33.1,32.7,33.0,34.0,33.6,32.8,33.0,34.3,34.0,33.3,34.2,34.2,34.0,34.0,34.2,33.2,33.4,32.9,33.1,33.1,33.9,32.7,32.6,33.5,33.7,32.3,32.7,32.0,33.0,32.7,32.9,32.5,33.4,33.0,33.2,32.8,33.8,33.3,33.4,34.5,34.6,34.2,34.1,34.2,34.7,34.0,34.5,33.9,34.1,32.4,34.0,32.6,33.0,32.5,32.3,33.8,32.7,32.8,33.2,34.1,33.6,32.6,33.3,33.3,33.8,32.5,33.0,33.0,32.5,32.3,33.5,34.3,34.3,34.5,33.8,35.2,34.6,33.9,34.1,33.7,32.6,32.9,32.7,32.5,33.5,33.0,32.8,33.5,33.5,33.2,32.4,32.2,33.1,32.6,nan,32.4,32.9,33.4,32.6,33.0,34.1,32.9,33.9,34.2,34.4,33.5,34.1,34.2,34.5,34.9,34.3,33.1,34.3,33.1,33.2,33.7,32.6,32.9,33.6,33.1,33.6,33.0,31.9,34.5,33.0,32.0,32.8,33.2,32.6,32.8,33.6,33.1,33.7,32.8,33.5,34.5,34.2,35.9,34.9,34.6,34.8,33.7,34.5,35.6,34.0,34.1,33.0,32.7,33.8,33.2,33.6,33.0,32.9,33.1,32.6,32.7,33.7,33.4,32.4,32.6,32.9,32.6,33.4,32.6,33.3,33.2,33.9,33.6,35.2,34.1,34.6,33.6,35.5,34.7,34.6,34.8,34.5,32.5,33.8,33.3,33.6,33.3,33.6,33.3,33.1,32.1,33.3,34.2,33.5,32.3,33.2,33.0,32.8,32.5,31.9,34.0,33.3,33.7,34.0,34.4,33.1,33.9,35.0,35.0,34.3,34.1,34.3,35.6,34.7,32.8,33.6,32.8,34.5,33.5,32.7,32.5,33.7,32.9,32.4,32.9,34.3,32.4,32.3,33.3,32.8,33.1,32.4,33.1,34.0,34.1,35.0,34.3,33.5,33.2,33.8,33.0,34.6,34.2,34.0,33.1,34.8,32.9,33.6,32.8,34.1,32.5,33.0,33.9,33.3,32.3,34.0,33.4,33.1,31.7,33.1,33.0,33.7,33.1,33.1,33.5,33.3,33.4,34.2,33.4,34.8,33.4,33.3,34.5,33.2,33.7,33.5,34.9,34.1,32.9,32.4,33.1,34.6,33.7,33.3,32.4,34.0,32.8,32.8,32.8,33.2,33.2,32.5,32.8,32.3,33.0,33.5,33.3,33.4,34.4,33.2,33.3,34.1,33.9,34.1,33.1,34.2,33.7,34.2,33.2,35.0
1785303182.8706708,435,33.6,31.9,32.3,33.8,32.9,32.7,32.1,33.4,32.8,31.4,32.6,32.1,32.3,32.3,32.6,32.7,32.3,32.1,33.4,32.5,32.7,32.2,32.4,33.1,32.6,31.8,33.0,34.2,33.4,32.6,33.5,32.6,30.7,32.6,32.7,32.2,33.0,31.9,32.3,33.2,33.3,32.5,32.3,31.5,32.2,32.6,32.3,32.6,32.9,32.0,32.5,31.7,32.7,32.0,32.5,32.7,32.1,32.2,33.5,33.0,33.5,33.1,33.2,32.5,32.1,33.6,31.5,33.1,31.9,31.9,31.8,32.6,32.6,32.3,32.3,32.3,32.3,32.5,32.0,32.7,31.5,31.7,30.9,32.9,33.2,31.7,32.5,32.4,32.9,32.7,33.2,32.9,33.9,31.6,32.0,32.7,33.2,34.3,32.5,33.0,33.4,32.0,33.1,32.9,33.1,32.4,32.7,31.8,32.2,33.0,31.7,31.6,32.3,32.5,33.0,33.0,33.1,32.3,32.8,32.8,32.0,33.6,32.1,33.1,33.1,31.7,33.3,32.8,32.9,32.2,33.4,33.2,33.0,32.2,33.2,32.5,32.3,31.8,32.0,32.2,32.7,32.1,32.0,31.9,32.9,32.5,32.4,32.6,32.4,32.5,33.4,33.3,32.6,33.5,33.2,33.0,32.9,32.7,33.0,33.4,31.8,32.1,33.2,32.2,33.1,32.1,33.0,32.0,32.6,33.0,32.3,32.3,32.0,32.8,32.3,33.2,32.2,32.2,32.3,32.7,32.0,32.8,33.3,33.4,33.1,33.3,32.7,33.0,32.3,33.2,32.4,33.9,33.0,32.7,32.3,32.6,32.5,31.9,32.9,33.4,32.4,32.4,32.6,33.1,32.8,32.1,32.5,32.6,31.2,32.4,32.4,33.5,33.3,31.7,33.1,33.0,34.2,34.2,33.8,32.4,33.3,32.8,33.7,33.0,33.0,31.9,33.4,32.5,31.8,32.2,33.0,32.3,32.4,32.1,33.3,32.7,32.4,32.0,32.2,32.2,32.1,32.4,31.9,33.1,31.9,32.5,32.0,33.5,34.7,34.6,33.3,33.4,33.0,32.4,33.1,33.0,31.0,32.1,32.2,33.0,32.1,31.7,33.1,32.2,32.6,32.4,32.1,33.3,32.2,32.2,32.2,33.1,32.8,32.5,32.3,32.2,32.8,32.7,32.0,32.3,34.6,35.0,33.6,33.2,33.5,31.9,32.1,32.6,32.0,31.4,32.9,32.1,31.8,32.8,32.1,32.5,33.4,32.0,32.6,32.2,31.9,32.5,33.0,32.9,32.2,32.9,32.5,32.7,32.7,33.4,31.8,32.9,33.7,34.4,32.3,33.1,32.4,33.2,32.3,33.9,31.9,32.8,31.9,32.4,33.0,33.3,32.5,33.5,33.0,32.1,32.8,32.5,32.5,32.4,32.5,32.4,31.9,32.4,31.7,33.5,31.9,32.0,33.0,33.0,33.4,33.7,33.5,34.1,34.1,31.9,32.5,33.6,33.5,32.5,32.3,33.7,32.8,33.1,31.8,32.5,33.1,32.5,32.9,33.4,32.7,32.2,33.0,32.7,32.4,32.4,32.7,32.6,32.6,32.9,33.2,33.2,33.8,33.4,33.4,33.1,33.2,34.0,33.2,32.3,33.1,32.4,32.7,33.6,32.4,32.4,32.4,33.1,32.0,32.1,33.0,32.5,32.5,32.5,33.2,33.0,32.5,32.5,32.6,32.6,32.9,33.8,33.2,33.5,33.1,32.9,33.8,32.9,34.1,33.0,33.1,33.5,32.3,32.1,32.6,32.6,33.0,32.6,31.8,32.2,32.9,32.7,33.0,32.4,32.8,32.6,32.6,32.3,32.9,32.9,32.8,32.3,33.1,32.9,33.7,33.6,32.7,32.1,33.7,34.2,33.9,34.9,33.6,32.5,33.3,31.6,32.7,32.9,33.2,31.7,32.6,32.8,32.3,32.5,31.2,32.5,32.8,31.7,32.8,32.5,32.7,31.7,32.7,33.7,32.8,32.5,34.8,33.5,34.0,33.4,34.2,34.1,33.2,34.5,32.5,33.7,32.6,33.0,33.2,32.6,32.4,33.0,33.6,33.0,31.6,32.5,32.6,31.8,32.8,32.3,32.6,32.8,32.6,32.5,33.2,33.8,32.7,33.3,33.6,34.1,33.7,33.9,33.6,34.5,33.4,34.2,33.6,33.6,32.3,32.4,33.3,32.5,32.6,32.9,32.4,33.0,33.0,31.4,32.7,32.5,32.5,32.0,32.2,33.2,32.7,32.1,32.5,33.4,32.8,33.2,34.2,33.5,33.7,33.4,34.4,33.4,35.4,33.8,32.9,33.5,32.4,32.5,32.4,31.8,33.3,32.9,32.3,33.2,32.7,33.1,33.2,33.9,32.3,nan,33.1,32.8,31.6,32.6,32.1,31.8,32.3,33.8,32.9,34.5,33.9,35.0,34.7,34.4,34.4,34.2,33.4,34.2,33.4,31.8,32.9,33.1,31.9,32.4,33.5,33.5,33.2,33.1,32.1,32.7,32.5,32.2,32.9,33.4,32.9,32.4,33.2,33.7,32.7,32.7,33.3,34.4,34.9,34.6,34.5,34.5,34.3,34.2,33.6,33.3,32.9,33.2,33.4,32.7,32.7,32.9,32.5,32.9,32.4,32.8,32.3,32.7,31.5,32.5,32.8,32.8,32.8,32.2,33.0,32.5,33.3,34.3,33.8,33.8,35.0,34.2,35.1,33.7,33.4,34.4,33.7,34.8,32.6,32.0,32.1,33.9,33.2,32.7,32.5,32.8,32.3,32.8,32.7,33.0,33.9,32.9,32.5,32.5,32.7,32.3,32.0,32.5,34.0,33.9,33.9,33.6,33.4,34.3,33.4,35.0,35.0,33.2,34.6,34.4,33.1,32.6,34.0,32.5,32.8,32.9,33.0,32.8,32.2,32.8,33.0,32.4,33.1,32.8,33.8,33.0,33.6,32.8,33.8,33.4,34.1,33.8,32.8,33.3,33.3,33.8,33.1,33.3,33.7,34.5,35.4,33.8,32.8,33.0,32.3,33.6,32.8,32.5,31.8,33.2,32.9,32.8,32.7,32.9,32.8,32.1,32.7,33.0,33.0,33.0,33.2,32.9,33.8,33.4,32.7,33.4,33.8,33.0,32.8,32.9,34.0,34.2,33.9,34.2,32.8,33.6,33.9,32.3,32.8,34.0,33.4,33.2,32.5,31.5,32.5,33.0,32.3,32.3,32.9,31.8,32.1,33.2,33.2,33.1,33.5,33.7,33.0,33.4,33.8,34.5,33.4,33.2,33.2,34.1,33.3,33.9
1785303184.8238516,436,31.8,30.2,33.1,32.8,31.5,31.8,33.2,32.6,31.8,31.8,32.8,32.7,31.6,31.6,32.1,32.7,32.3,32.5,32.3,32.7,32.3,31.2,32.6,32.7,32.6,31.7,34.1,32.6,31.9,33.3,33.5,32.1,33.2,31.5,32.9,32.2,32.5,32.3,32.6,33.0,32.9,31.3,32.9,32.1,31.3,32.1,32.9,33.0,32.2,31.3,33.3,33.4,33.6,31.1,32.7,32.2,32.5,32.0,31.6,32.8,32.6,31.3,33.7,33.0,31.7,32.9,31.3,33.8,31.9,32.8,32.6,32.6,31.9,32.3,32.9,32.4,32.4,31.8,32.0,32.7,31.5,32.2,32.5,32.4,32.0,31.9,32.9,32.6,32.3,31.8,33.0,33.1,32.2,32.3,33.9,32.3,31.5,31.2,33.0,32.1,31.8,30.8,33.1,31.9,32.9,31.8,33.1,32.8,32.8,31.2,32.2,32.5,33.0,32.8,32.3,32.7,33.3,31.4,33.1,33.0,32.2,30.6,32.5,33.0,33.7,31.7,31.7,33.5,31.5,31.7,32.3,32.5,32.2,31.4,32.4,33.2,31.6,31.5,32.3,32.2,31.9,31.1,33.4,31.9,31.8,32.0,32.6,32.1,31.8,31.6,33.3,33.3,32.8,32.8,33.3,32.6,32.7,31.9,33.5,32.3,33.5,30.9,32.3,32.9,32.9,31.3,31.5,32.8,32.3,32.3,32.1,31.4,32.1,32.5,32.6,32.9,32.3,31.7,32.3,32.7,32.5,32.2,32.4,32.7,33.3,32.3,33.5,33.6,32.4,32.6,33.3,33.5,32.7,30.5,32.4,33.0,31.7,32.1,32.5,32.9,32.2,32.4,32.4,33.1,32.1,31.0,33.0,33.0,31.9,32.0,32.3,32.7,31.7,31.2,32.8,33.5,33.5,34.0,33.6,32.4,32.4,32.2,32.0,33.4,33.9,31.9,32.8,32.5,32.2,32.2,31.7,31.9,32.3,31.1,32.8,32.5,32.4,32.2,33.0,33.2,32.4,31.6,32.7,32.6,32.9,31.9,31.7,34.1,34.9,33.8,33.0,32.9,31.8,33.0,33.3,33.7,31.9,31.7,31.6,32.8,31.8,32.5,32.8,32.6,31.3,32.1,31.6,33.3,31.4,32.5,33.0,32.8,32.7,32.1,32.0,31.5,31.2,32.4,31.8,33.0,34.1,34.2,32.7,32.8,33.0,32.1,33.3,33.2,31.8,31.8,32.9,32.0,31.9,31.7,33.7,33.0,32.5,32.2,32.5,32.5,33.2,31.9,33.2,32.6,32.1,32.3,33.2,32.1,32.2,31.8,32.8,32.9,34.3,34.4,32.5,32.7,33.2,31.6,32.9,33.7,31.3,32.4,32.7,32.4,32.5,32.2,32.6,32.4,32.6,32.8,32.9,32.5,32.2,31.9,33.0,31.9,32.0,32.7,32.7,32.4,31.7,32.4,32.8,33.4,34.0,33.9,33.1,33.9,32.8,32.7,33.3,32.6,33.3,32.1,32.7,33.5,31.7,31.9,33.2,33.0,32.7,32.5,32.4,33.4,32.7,31.8,33.3,32.9,32.1,32.4,32.7,32.8,32.1,32.5,34.0,33.6,33.4,33.4,33.4,34.2,32.5,32.7,33.2,32.7,31.8,32.4,31.9,33.4,32.4,32.2,33.5,33.1,32.0,32.3,32.3,33.0,31.7,31.6,32.4,32.2,32.9,31.6,33.8,33.0,31.9,33.0,34.8,33.5,33.0,33.6,34.2,33.4,33.2,33.6,32.7,33.1,32.9,31.5,32.4,32.8,32.1,31.9,32.3,33.0,33.4,32.1,32.7,32.4,32.0,32.2,33.2,31.8,32.9,32.6,32.3,32.8,32.6,33.3,34.1,33.8,32.5,31.6,33.9,33.8,34.1,32.5,32.6,32.5,32.3,33.4,32.7,32.7,31.6,32.6,32.2,33.1,32.3,32.3,33.5,32.9,32.4,32.2,33.0,33.0,32.4,33.2,33.3,33.0,32.5,32.9,33.9,34.2,33.5,34.1,33.7,34.1,33.7,32.3,33.3,33.5,32.8,32.6,32.6,33.0,32.6,31.6,32.4,33.6,32.4,31.7,33.1,31.8,31.5,31.7,32.4,33.1,32.8,32.5,33.7,33.6,33.2,33.4,34.2,34.3,34.1,33.4,34.3,34.4,33.2,32.9,33.4,34.0,31.8,32.6,32.5,32.3,32.4,31.8,33.0,31.9,32.5,32.0,32.4,32.2,32.0,32.2,32.2,33.0,31.4,32.4,32.5,32.9,33.2,34.0,33.7,33.7,33.7,33.6,33.9,33.4,33.2,34.3,33.8,33.9,31.8,31.5,32.4,33.4,32.7,31.8,32.5,31.8,31.9,32.4,31.7,33.1,33.0,nan,34.0,33.0,32.3,32.0,32.4,32.3,32.9,33.3,33.9,34.0,32.8,33.3,32.7,33.0,34.0,33.7,34.6,34.2,32.3,31.8,33.4,32.1,30.9,32.2,33.0,33.2,32.7,32.5,33.4,32.3,32.6,32.0,33.7,33.5,31.9,32.2,32.5,33.9,32.4,33.9,35.2,34.6,34.1,33.0,33.9,33.1,33.4,34.0,34.4,33.7,33.1,32.4,34.3,33.5,32.8,32.2,32.5,32.8,32.6,31.1,33.1,33.1,31.8,31.5,32.9,33.6,32.5,32.2,33.0,33.2,33.0,33.8,35.3,34.7,33.1,34.7,34.6,35.0,34.0,32.9,34.5,34.4,32.1,31.7,33.0,33.3,31.5,32.5,32.8,33.7,32.2,33.0,33.2,32.7,32.4,32.0,33.0,32.4,31.7,32.0,33.4,32.5,33.0,33.9,33.6,34.3,32.7,32.3,35.1,32.9,33.2,33.6,33.6,33.9,32.7,32.4,33.6,33.3,31.2,32.4,32.4,33.2,32.9,32.5,32.1,32.8,33.3,31.8,32.6,33.2,33.0,31.8,32.8,33.5,33.1,32.1,34.2,34.8,32.6,33.5,33.5,33.7,33.5,32.3,33.9,34.3,31.8,32.1,34.1,34.0,32.0,33.1,32.3,33.0,31.8,33.0,32.9,33.6,32.3,32.0,33.6,32.2,31.8,31.8,33.9,33.2,33.4,33.4,32.9,33.8,32.9,32.7,34.6,32.3,33.6,33.8,33.7,34.9,32.6,32.2,31.9,33.6,32.8,32.6,33.3,32.9,32.3,32.1,33.1,33.2,32.5,31.7,33.1,33.4,32.7,31.9,33.2,33.3,32.5,32.2,33.8,33.4,32.7,32.1,31.8,33.5,33.8,33.5,34.0,35.1
1785303187.1766796,437,33.0,33.3,32.5,33.3,33.2,32.7,33.3,33.0,32.9,33.6,33.1,32.5,32.8,32.1,32.4,32.7,33.3,32.0,32.6,33.3,31.9,32.9,32.1,32.5,33.7,33.3,32.9,33.3,33.8,32.1,31.8,33.9,32.4,32.9,33.4,31.8,32.8,32.4,32.1,33.6,32.9,31.8,31.9,32.8,33.8,32.5,33.4,32.7,32.6,33.2,33.8,32.9,32.9,33.1,33.7,33.5,32.9,32.7,33.1,32.9,33.3,33.5,31.5,34.1,31.8,32.6,30.9,33.4,32.7,33.4,31.9,33.0,33.3,31.5,32.6,32.7,32.6,31.7,33.0,32.4,32.3,33.1,32.3,33.1,33.0,33.1,32.6,33.7,33.7,33.1,32.5,33.9,33.6,32.3,33.6,33.2,32.0,32.5,32.1,33.8,32.4,31.9,33.7,32.8,32.0,32.9,33.6,32.0,32.4,32.4,32.8,32.2,32.5,32.8,33.0,33.3,32.8,32.1,33.1,32.2,32.9,32.7,32.7,32.5,32.7,31.8,33.8,34.0,32.8,32.9,32.4,33.4,33.1,32.0,32.5,32.9,32.3,32.5,32.3,32.9,32.7,32.0,32.8,32.3,32.0,32.6,33.0,33.3,32.7,32.3,32.5,33.0,33.2,32.8,32.8,33.4,32.6,33.7,32.2,34.1,33.2,31.7,31.9,33.4,30.9,32.0,33.1,32.3,32.3,32.7,33.1,32.2,32.8,32.1,32.5,32.6,32.7,32.9,32.8,32.8,32.2,32.9,33.0,33.1,33.1,33.4,33.3,33.1,32.0,33.5,33.1,33.6,33.1,32.9,31.2,32.8,32.8,32.5,31.7,33.6,32.5,32.4,33.0,33.8,32.2,32.0,32.7,33.5,32.6,32.2,32.1,33.2,33.6,32.5,32.7,34.0,33.9,33.0,32.8,33.4,32.9,33.6,32.8,33.4,32.4,33.1,33.1,31.6,32.0,32.5,32.8,33.1,32.6,32.2,32.5,32.8,32.2,33.3,32.5,32.4,32.7,32.0,33.2,32.5,33.1,32.0,33.2,33.6,34.1,34.2,33.3,33.0,32.8,33.5,34.6,33.6,32.9,32.8,32.3,33.0,32.8,32.9,32.3,32.6,33.2,32.4,32.7,33.8,32.8,31.9,33.4,32.3,33.1,33.0,32.3,32.7,32.8,32.8,32.8,34.0,33.9,34.2,33.4,34.3,32.9,32.1,32.2,33.8,31.2,32.8,32.3,32.5,32.4,32.0,31.9,32.9,31.4,32.6,31.8,32.5,31.6,33.6,32.7,32.8,33.0,32.2,32.4,33.0,32.2,32.7,32.7,33.4,34.7,34.5,34.3,33.0,32.4,33.5,32.8,33.0,32.9,32.4,32.6,32.8,33.7,33.3,32.5,33.0,32.4,32.5,31.7,34.0,32.6,33.2,32.9,33.2,32.9,33.3,32.9,33.0,32.5,32.4,33.2,32.4,34.2,34.1,34.3,34.0,33.6,32.3,32.6,33.5,32.3,32.4,33.5,33.2,33.0,32.9,33.0,32.4,32.9,33.1,32.9,32.5,32.0,32.4,33.0,32.1,33.5,32.2,32.7,32.7,31.9,33.4,34.5,33.7,33.5,33.7,34.6,33.7,32.7,33.2,33.2,33.4,32.6,31.6,33.4,32.7,33.6,32.6,32.7,32.8,32.9,32.7,32.9,33.8,32.8,33.0,32.0,33.7,33.3,32.5,32.8,32.9,33.3,33.2,34.4,33.5,33.8,33.2,33.4,34.8,34.7,33.6,32.8,33.1,32.5,32.6,33.2,32.7,31.9,32.2,32.0,32.6,32.2,32.2,33.9,32.8,32.6,32.6,32.4,32.6,33.1,32.6,32.8,32.7,32.4,33.2,32.6,33.6,34.4,33.5,33.4,33.4,33.4,33.7,34.0,32.8,33.2,33.9,32.8,33.3,33.3,33.3,32.7,34.2,33.1,32.3,33.1,33.4,33.0,32.7,33.0,32.4,32.7,32.1,33.0,33.1,32.9,33.5,34.1,34.0,32.9,34.2,33.4,34.3,32.9,33.4,33.6,33.7,32.2,33.3,32.4,32.0,32.9,32.8,32.9,32.3,33.2,31.7,32.8,33.7,32.5,32.4,32.9,33.1,33.6,33.1,33.5,33.4,33.2,33.1,34.3,34.2,33.4,34.4,33.4,34.1,33.6,33.7,33.8,33.1,34.1,33.5,33.6,32.7,32.7,33.1,33.1,32.8,32.9,33.3,32.8,32.9,33.2,32.9,32.8,33.5,32.8,32.7,32.6,32.9,33.6,33.5,33.6,32.7,34.2,33.2,33.8,34.9,34.4,33.8,33.7,34.7,33.1,32.8,33.0,32.9,32.6,33.0,32.9,32.1,32.8,32.7,31.7,32.9,32.3,nan,32.8,32.9,32.6,33.2,33.6,32.6,33.7,33.9,33.6,34.3,33.5,32.5,33.8,34.3,34.8,34.3,35.0,33.9,33.7,33.1,32.4,33.1,33.5,34.0,33.3,34.1,32.9,32.8,32.3,32.9,33.0,33.2,33.0,33.4,32.6,31.9,32.6,33.7,33.8,33.1,35.5,35.1,34.5,33.2,34.2,34.2,34.0,34.4,33.7,34.1,32.7,32.9,32.8,33.6,33.7,33.4,32.3,32.9,32.4,32.7,33.0,32.5,32.7,31.8,33.3,32.6,33.0,32.4,33.2,33.0,33.5,34.4,35.0,34.8,33.7,34.3,34.4,34.4,34.4,33.6,34.1,34.5,33.2,33.7,32.0,34.6,33.7,31.8,32.4,33.9,32.5,33.0,32.5,33.0,32.6,32.4,33.5,33.7,32.7,32.9,33.5,33.2,33.1,33.6,34.0,34.1,34.0,34.1,32.9,34.0,34.5,34.4,34.3,34.4,32.0,32.7,34.0,33.8,33.6,33.0,32.8,32.6,32.8,32.6,33.0,33.4,33.3,32.9,32.8,33.3,32.3,32.1,32.6,34.2,33.1,32.9,34.0,33.3,32.0,32.9,33.5,33.1,32.9,33.8,33.9,34.6,32.9,32.8,33.5,33.8,32.9,32.7,33.7,33.2,33.2,33.2,32.4,33.2,33.1,32.3,33.7,33.4,33.5,33.2,33.0,33.6,33.2,32.7,33.9,34.5,33.2,33.4,32.9,34.3,33.5,34.3,32.7,34.9,32.8,33.0,32.6,33.8,32.4,33.5,33.3,32.6,32.9,33.0,33.1,32.8,33.8,32.3,32.7,32.8,33.2,33.0,33.2,32.9,33.2,32.3,33.9,34.3,33.4,32.4,34.4,32.0,33.2,33.8,33.8,34.3
1785303189.322346,438,32.3,31.6,32.3,32.8,32.7,31.8,32.9,31.5,32.2,32.6,31.8,32.6,32.1,32.7,32.3,32.5,32.8,32.1,32.6,31.6,32.5,32.3,33.2,32.5,32.8,32.7,33.0,33.1,33.2,32.6,34.2,31.8,32.1,32.8,32.7,32.2,31.4,32.5,32.6,32.6,32.1,32.7,32.5,32.7,31.3,32.9,33.2,32.4,32.0,32.2,33.4,32.4,32.2,32.6,31.9,33.5,33.1,33.4,33.5,32.1,32.4,32.5,33.4,33.4,33.9,32.9,33.1,32.7,32.8,31.7,33.0,33.8,31.5,31.9,32.5,32.3,33.0,32.2,32.5,33.3,31.8,32.2,32.5,31.9,32.7,31.7,32.9,33.1,33.4,32.2,33.4,33.3,33.2,31.6,33.2,34.1,32.0,33.4,33.0,32.1,31.1,32.4,32.1,31.9,32.3,33.1,33.1,32.0,31.5,32.6,32.1,32.5,32.0,32.6,32.8,33.5,31.4,31.8,33.3,33.0,32.0,34.1,31.9,32.9,34.1,31.9,33.1,32.6,32.7,31.9,33.4,33.2,33.0,31.0,32.4,32.6,31.6,33.0,33.0,32.4,32.7,32.4,33.4,32.8,31.4,32.0,33.1,33.2,32.9,32.8,34.0,33.0,33.6,33.1,32.7,33.2,32.7,33.1,33.2,33.4,32.1,32.5,32.6,33.1,32.1,33.1,32.5,32.4,31.6,32.8,32.4,33.0,31.8,32.5,33.0,33.0,32.3,32.7,32.6,33.7,32.0,32.7,32.2,32.8,33.3,33.2,33.3,33.8,32.3,33.6,33.1,33.0,33.6,32.9,32.6,32.4,32.1,32.3,32.7,32.7,32.4,32.4,32.4,33.3,32.6,31.3,32.8,32.3,32.7,32.2,32.4,32.9,33.5,32.5,33.1,32.5,34.2,34.2,33.6,33.0,33.3,32.6,33.3,33.4,32.4,31.7,32.6,32.3,31.4,32.9,31.5,33.0,33.1,32.8,32.4,33.0,33.3,32.7,31.9,32.7,31.4,32.5,32.0,32.4,33.4,32.5,32.3,33.5,34.0,33.7,33.3,32.9,32.2,33.4,33.1,33.0,32.8,32.1,31.8,32.2,32.7,31.9,32.4,32.8,32.9,31.9,32.3,32.9,32.3,33.0,32.5,33.0,33.4,32.5,32.6,32.8,32.3,32.3,33.3,33.2,34.6,34.9,34.0,33.5,33.1,33.0,32.7,33.0,32.3,32.2,32.1,32.3,31.5,32.6,32.5,32.1,32.0,32.7,31.6,33.4,32.4,32.5,33.1,32.6,32.4,32.9,32.5,32.6,32.2,32.3,32.8,33.1,34.0,36.1,33.2,33.4,33.2,32.5,32.5,33.3,32.8,32.2,33.1,32.4,32.9,31.8,32.5,32.8,32.6,33.0,32.4,32.3,33.0,33.2,33.3,32.2,32.7,31.3,33.4,33.2,32.4,32.7,33.0,32.5,33.9,33.2,32.9,34.1,34.1,32.7,32.9,33.6,33.1,32.5,32.5,32.3,31.5,33.0,33.2,32.0,32.9,32.0,32.4,33.5,32.3,32.7,32.1,32.3,31.8,33.2,32.1,33.1,31.8,33.7,33.5,33.2,33.8,34.2,33.4,32.9,32.7,33.4,33.4,33.9,33.5,33.0,32.7,33.6,32.9,31.8,32.4,32.8,32.6,33.0,32.1,32.3,31.7,31.9,33.0,33.2,33.2,31.9,33.1,31.8,32.7,33.4,33.5,33.7,33.7,33.0,33.7,33.8,34.6,33.2,33.3,33.1,33.1,32.5,32.4,33.2,32.1,31.7,32.8,33.0,32.2,32.2,33.0,33.2,32.0,32.8,32.6,32.6,32.1,32.5,32.6,32.8,32.6,33.4,34.4,33.3,33.5,33.1,33.6,33.8,32.8,33.2,33.6,32.3,33.1,31.2,32.9,32.7,32.3,32.2,33.1,33.8,32.8,32.3,33.0,32.7,33.0,32.8,33.2,32.9,32.9,32.7,33.5,33.2,32.3,32.4,34.0,33.9,33.8,32.7,34.6,34.3,33.9,33.4,34.7,33.7,32.6,32.4,34.0,32.8,32.0,33.7,33.4,32.9,32.4,32.5,32.9,33.4,32.3,33.1,31.8,32.8,32.8,32.3,33.0,33.3,32.7,33.3,33.2,33.8,34.5,34.3,34.6,33.6,33.4,33.8,33.8,34.4,33.3,32.0,31.7,33.7,32.6,32.0,33.1,32.6,33.1,33.0,32.8,32.5,32.8,32.5,32.5,33.2,32.5,32.2,32.7,33.5,33.5,33.5,32.8,33.5,34.0,33.6,33.5,33.8,34.3,33.6,32.7,33.7,32.4,32.7,32.2,32.2,32.0,32.1,32.5,33.2,32.7,32.9,31.4,32.9,32.6,nan,32.6,32.9,33.2,33.3,32.9,32.8,31.9,33.8,34.1,33.8,33.4,34.1,32.5,34.7,34.8,35.7,34.2,34.4,33.2,33.3,32.1,33.5,33.2,32.0,33.0,32.6,32.1,32.3,33.5,33.4,33.4,32.5,32.5,33.9,32.9,31.9,31.8,33.2,33.3,34.2,34.5,35.1,33.5,33.7,32.8,35.1,34.5,34.0,34.4,34.5,33.1,34.1,31.8,32.7,32.4,33.4,32.3,33.1,32.4,32.1,33.1,32.6,32.0,33.0,32.1,32.4,32.6,32.8,32.5,32.3,34.3,34.0,34.1,33.7,33.3,33.8,33.8,34.2,33.8,34.2,33.9,33.4,33.7,33.1,33.2,32.9,33.8,33.5,31.9,33.2,32.9,32.5,32.9,33.5,33.2,32.9,32.7,32.4,32.4,33.2,32.5,33.0,34.5,34.1,34.5,33.7,33.4,33.9,33.6,34.2,34.4,34.0,34.6,33.3,33.1,34.1,33.6,33.7,32.4,32.3,32.4,33.2,32.4,33.1,32.5,34.0,33.0,33.0,33.3,31.8,33.3,32.6,33.0,32.2,33.6,33.6,33.3,33.7,32.7,33.5,33.1,33.5,33.7,34.3,33.0,34.0,34.1,33.0,31.8,32.7,33.4,32.9,33.0,33.9,32.7,33.8,32.9,33.2,32.7,33.4,32.9,32.9,33.5,31.8,33.5,33.1,33.8,32.4,34.0,33.8,34.0,32.1,34.0,33.5,34.0,34.2,33.4,33.0,32.4,33.4,33.4,33.0,32.6,34.2,33.1,32.9,31.6,32.1,32.5,32.5,32.3,32.9,33.8,33.7,32.5,33.0,33.4,32.2,33.2,33.2,33.2,34.5,33.2,33.0,32.6,33.6,33.0,32.8,34.5,35.1
1785303191.216678,439,33.0,31.9,33.7,31.8,33.4,32.0,32.6,32.4,32.7,32.2,32.7,31.9,32.8,32.5,32.2,32.3,32.8,31.4,32.6,32.9,32.6,33.3,31.7,32.1,33.5,32.7,33.3,32.6,32.9,31.9,32.1,32.9,32.1,32.4,32.7,32.1,33.0,32.4,32.1,31.7,33.1,33.0,32.9,32.4,32.6,33.2,32.0,33.3,32.2,32.5,32.0,33.1,31.8,32.5,33.1,32.3,32.3,32.5,32.0,32.9,32.6,33.0,32.2,33.1,33.0,32.6,32.5,32.2,32.7,32.5,32.5,31.6,33.5,32.3,32.6,32.2,33.2,33.1,31.8,31.1,33.7,32.4,32.1,33.3,32.8,32.4,32.8,33.3,32.8,33.1,32.7,31.9,33.1,33.1,34.3,32.5,32.3,33.5,32.7,33.3,32.0,32.7,33.5,32.4,31.8,32.7,32.0,32.1,32.1,31.2,32.8,32.7,33.2,32.6,32.8,32.1,32.6,33.1,32.0,32.9,33.3,33.3,32.1,33.3,32.9,33.5,32.1,33.8,31.6,32.0,31.3,32.5,33.1,31.6,33.3,32.8,33.0,32.3,31.9,33.1,33.5,32.3,32.0,31.9,32.5,32.0,32.0,32.0,33.0,33.1,34.1,33.3,34.6,32.8,33.2,32.8,33.0,32.7,32.5,33.0,33.2,32.9,31.9,32.7,33.1,32.8,31.7,32.9,33.0,32.5,31.9,32.9,32.3,32.8,32.5,32.8,32.5,32.9,32.7,32.6,32.2,33.1,34.0,35.0,34.2,34.9,32.9,33.3,32.0,32.9,33.1,32.7,33.5,32.0,31.4,32.6,32.2,32.3,32.8,32.5,32.7,32.9,32.2,32.3,32.7,32.1,32.1,31.7,32.5,32.0,32.9,33.2,33.1,33.0,33.6,34.2,33.9,34.0,33.0,32.8,34.4,33.0,33.0,32.6,33.1,31.8,32.4,31.8,32.6,33.2,32.1,32.2,33.1,32.6,32.5,32.1,32.0,32.8,33.0,32.8,32.2,32.5,33.2,33.2,32.7,33.0,33.2,33.6,34.1,33.2,33.0,33.0,32.8,33.3,32.5,32.3,32.3,32.4,33.1,32.6,33.9,32.1,32.0,32.9,32.4,32.6,32.5,32.6,32.9,32.8,32.9,33.0,33.2,32.4,32.7,32.2,33.1,32.8,33.3,33.8,33.7,34.4,33.4,33.2,33.4,33.2,32.6,32.4,32.1,32.6,31.9,32.8,31.9,32.7,32.3,32.6,34.4,32.6,32.2,32.8,32.2,32.5,32.0,32.7,33.3,33.0,33.0,33.2,33.4,33.2,33.2,33.7,34.5,34.4,33.9,33.7,32.8,33.5,32.1,33.2,32.3,32.8,32.6,32.8,32.2,32.7,32.3,32.3,33.7,32.6,32.4,32.7,33.6,33.0,32.4,32.9,32.5,32.7,32.6,32.4,34.4,33.3,33.4,33.0,33.7,32.9,33.8,33.8,33.8,33.2,32.8,33.3,33.1,32.2,32.0,32.3,32.8,33.4,32.8,33.1,32.7,32.1,32.2,32.5,32.1,33.0,32.5,32.1,32.7,33.2,32.4,32.9,32.6,33.7,32.8,33.5,32.8,33.4,33.6,34.1,33.2,33.0,32.6,32.6,33.0,32.2,32.0,33.0,33.1,32.5,33.4,32.6,33.7,32.7,32.7,32.5,33.1,32.8,33.0,32.9,32.6,33.3,33.1,32.1,33.6,33.5,34.3,33.5,33.3,33.4,33.8,33.4,33.5,32.7,33.0,32.3,32.7,33.0,33.0,32.9,32.3,32.9,32.5,32.3,32.4,32.7,32.4,33.2,32.0,32.4,33.1,32.3,32.4,31.6,32.6,32.4,33.2,33.7,33.2,33.4,33.0,34.7,34.1,33.0,33.9,32.8,32.4,32.8,33.0,32.4,32.8,32.3,32.7,32.4,32.9,32.1,32.9,33.0,32.6,32.7,32.6,31.9,33.0,33.0,32.7,32.5,33.1,33.4,33.1,33.5,33.5,33.2,34.1,33.2,33.3,33.6,34.5,34.1,33.4,33.1,32.8,33.3,31.2,32.0,31.8,31.5,32.0,31.9,31.6,33.3,32.7,32.5,32.9,32.7,32.7,33.1,33.4,33.4,33.0,33.1,34.0,34.5,33.1,33.6,33.6,33.7,33.4,34.1,33.6,34.6,33.4,33.3,32.6,33.0,33.8,32.9,32.3,32.7,32.6,32.3,33.1,32.5,32.8,33.4,33.4,33.5,32.5,33.0,32.6,32.4,32.8,32.9,34.2,35.0,34.0,33.5,34.0,32.9,33.6,33.1,34.4,34.2,32.2,35.1,32.6,33.5,33.0,33.3,33.1,32.8,32.5,32.6,32.7,32.5,32.4,33.4,33.0,nan,32.6,32.7,33.7,33.1,32.4,33.3,34.6,35.8,33.8,33.8,34.5,33.7,33.4,34.0,34.8,33.6,35.0,33.9,33.1,33.5,32.2,32.1,32.9,32.9,32.9,33.0,33.3,32.0,32.8,33.0,33.2,31.5,32.8,32.7,33.3,33.4,32.6,32.7,34.3,34.1,34.1,33.0,33.5,33.0,32.9,33.3,34.0,33.8,33.5,33.5,33.1,33.4,33.3,33.6,32.8,32.8,32.2,32.5,33.0,32.9,31.8,33.7,32.7,32.8,33.0,32.4,33.1,32.4,32.5,32.6,33.8,34.7,33.6,33.4,32.9,32.7,32.9,34.2,33.4,33.4,33.7,32.9,33.4,32.4,33.7,33.1,33.5,32.7,32.2,32.8,33.0,32.3,32.8,32.9,32.8,32.4,33.3,32.9,32.5,33.0,33.1,33.1,33.5,32.6,32.8,33.2,32.8,33.2,33.9,33.8,33.5,33.8,31.5,33.3,33.4,33.4,32.7,34.0,33.7,33.2,32.8,32.0,31.7,33.4,32.0,32.9,33.3,32.1,32.5,32.8,33.6,33.1,32.4,34.0,33.0,33.6,33.7,33.6,32.4,33.2,33.1,33.7,33.5,33.6,32.8,33.9,33.6,33.1,33.7,33.1,33.1,31.9,33.5,32.0,32.6,33.4,32.8,32.0,33.1,32.1,32.8,33.2,32.4,32.2,33.5,33.4,33.7,33.4,34.3,33.0,34.3,32.9,34.9,31.9,33.7,33.4,34.0,33.7,33.3,33.7,33.5,33.8,33.2,34.1,32.7,33.4,32.2,34.1,32.9,32.6,32.7,32.1,32.9,32.8,32.7,32.3,32.3,33.6,34.1,34.4,33.6,33.9,33.0,33.3,32.8,33.6,32.1,34.4,34.0,34.5
1785303193.8284392,440,33.6,32.2,31.8,32.9,34.2,31.9,32.5,33.9,32.6,32.3,32.0,33.3,33.8,33.0,31.5,33.0,33.2,33.3,31.7,32.6,32.3,32.1,33.0,32.6,33.0,33.4,32.3,32.7,33.0,32.9,32.4,32.7,33.2,34.4,32.8,32.2,33.1,32.3,32.0,32.6,33.2,33.1,32.4,32.1,31.7,32.7,33.0,32.9,32.8,32.6,33.9,32.2,33.0,32.4,31.6,33.3,33.0,32.9,32.9,33.2,32.9,34.7,32.1,30.9,33.6,32.0,31.9,33.0,34.0,33.0,32.6,33.1,32.4,32.9,31.9,32.1,33.0,32.4,32.7,33.2,33.2,33.0,31.1,33.2,33.2,31.8,32.3,34.7,34.2,32.6,32.2,34.0,34.7,33.4,31.6,34.5,32.8,33.1,32.4,32.0,32.7,32.4,33.2,32.6,33.0,33.6,33.2,32.2,33.4,33.3,32.1,32.6,32.6,33.3,32.0,32.8,32.7,33.5,34.3,33.7,33.2,34.3,33.7,33.5,33.4,32.9,33.4,32.3,33.6,33.2,32.2,33.1,33.6,32.9,32.8,33.1,32.5,33.1,32.3,33.2,33.2,32.9,32.4,33.2,33.6,32.4,32.7,32.6,32.9,33.1,34.3,34.3,34.3,33.8,32.5,33.3,32.3,32.4,32.3,33.7,33.8,32.5,32.9,32.2,32.4,32.7,32.6,31.8,32.5,32.9,32.3,31.9,32.4,33.1,32.7,32.5,33.1,32.8,32.7,32.3,32.9,33.1,34.8,34.9,34.1,33.5,32.2,32.4,33.0,33.6,33.0,32.2,34.1,32.6,32.7,33.7,33.0,32.6,31.2,33.0,32.5,32.5,32.0,32.7,32.9,33.3,32.3,32.6,33.0,32.1,32.6,33.3,33.8,32.4,32.2,34.1,34.5,33.2,32.0,33.6,33.3,33.6,32.2,33.7,32.5,32.6,32.5,32.9,32.5,33.6,32.3,32.6,32.7,33.3,32.5,32.8,32.5,32.8,32.5,32.5,33.1,32.4,33.1,32.6,32.8,33.5,33.4,34.2,34.6,34.4,33.6,31.9,32.5,33.8,33.6,32.2,33.0,32.7,31.7,32.7,34.0,33.5,32.4,32.3,32.9,32.2,32.1,31.9,33.0,32.4,31.8,32.7,33.1,33.7,32.5,32.9,33.0,33.2,32.8,33.9,33.9,34.1,32.5,33.4,34.2,33.8,32.7,33.3,31.9,33.9,33.8,32.7,31.9,33.6,32.7,32.4,32.5,33.3,33.4,32.3,32.6,32.1,32.5,32.7,32.5,33.5,32.8,32.9,32.5,34.2,33.1,33.4,33.4,34.4,34.5,33.1,33.3,33.8,33.0,32.6,33.2,32.7,32.4,33.1,32.5,32.8,32.7,33.1,33.3,32.4,32.1,33.1,33.8,32.3,32.3,32.8,33.3,33.4,32.1,33.1,33.6,32.8,32.3,33.4,33.6,33.6,33.1,33.3,33.7,32.6,32.9,33.5,33.2,32.9,32.6,33.3,32.5,33.8,34.0,32.6,32.8,33.0,33.3,32.9,33.0,32.7,33.6,32.4,32.4,33.2,32.0,32.3,33.5,33.7,33.4,33.4,33.6,33.9,33.1,34.0,33.1,33.0,32.5,32.7,33.5,33.1,33.5,33.9,32.9,33.0,31.7,33.4,33.6,32.6,31.9,32.9,32.7,32.6,31.9,33.4,33.9,33.9,32.5,33.8,33.2,34.1,33.5,33.9,34.5,33.5,34.0,34.6,33.7,32.9,32.3,33.6,31.8,32.9,32.3,32.2,33.6,33.0,32.4,31.5,33.0,32.9,33.1,31.9,33.0,32.1,32.4,32.5,32.7,33.4,33.7,32.9,33.3,34.3,34.0,33.6,33.5,34.9,34.7,33.8,32.9,33.2,34.2,32.5,32.2,33.3,32.7,34.7,32.6,32.8,31.9,33.9,32.4,32.6,32.0,33.3,33.6,32.8,32.0,33.8,33.3,32.9,32.7,34.3,33.8,34.1,33.2,33.6,33.5,33.8,34.0,34.7,35.3,34.6,32.7,33.8,32.5,32.4,32.9,31.5,32.3,33.0,33.0,32.7,32.0,32.2,32.7,32.6,31.7,33.2,32.7,32.0,33.2,34.0,33.0,32.6,34.0,35.0,33.7,34.3,33.3,33.7,34.9,33.5,35.5,35.0,34.7,32.0,33.7,33.5,33.7,33.2,33.7,33.2,31.7,33.1,32.6,32.2,31.8,33.1,33.4,32.5,32.0,32.6,32.7,33.0,32.2,33.9,35.2,35.4,33.2,34.3,34.0,33.5,33.1,34.2,34.8,33.7,32.3,34.0,32.5,33.5,32.7,33.0,33.4,33.4,32.6,32.0,32.5,33.4,33.5,32.7,32.4,nan,32.8,32.4,33.2,32.8,33.8,33.3,34.3,34.6,34.5,33.1,34.0,34.5,33.9,33.5,33.9,34.6,34.1,33.7,34.2,32.5,32.9,33.0,33.5,33.8,32.2,33.1,33.2,33.1,32.8,32.6,32.9,32.3,32.4,33.0,32.8,32.1,32.5,34.5,33.5,33.7,32.5,33.1,33.5,33.3,32.4,34.1,34.1,33.7,34.0,33.6,33.2,34.1,33.1,32.9,33.6,32.5,33.7,32.2,32.0,32.9,34.1,33.2,32.3,33.4,32.7,32.8,33.1,33.3,33.2,33.7,34.2,33.6,33.0,33.3,32.7,33.1,33.7,32.6,34.3,34.8,32.8,33.5,33.7,33.8,31.9,32.8,33.0,32.8,31.1,33.3,33.0,32.4,30.9,33.8,33.2,33.0,32.5,33.1,33.5,32.1,32.5,33.7,34.4,33.8,33.2,33.1,33.2,32.9,32.6,33.4,33.6,33.5,33.6,33.1,32.6,32.8,33.2,32.7,33.8,33.5,33.1,33.3,31.8,32.9,33.1,31.9,32.7,33.1,32.4,32.8,33.1,33.3,32.7,33.0,34.4,34.3,33.1,33.5,33.5,33.5,33.0,32.9,33.4,34.1,33.3,34.0,33.2,33.1,32.3,34.3,33.4,32.2,31.4,32.3,33.0,32.6,33.0,33.8,33.4,32.9,32.3,33.7,34.2,32.4,33.2,33.5,33.9,33.2,32.5,34.0,34.1,33.5,32.6,32.4,34.6,33.5,33.9,34.5,32.7,33.3,33.5,32.3,34.5,33.4,32.8,33.0,33.0,33.7,33.2,32.3,33.1,33.0,32.6,32.7,31.9,33.6,33.0,32.2,34.4,33.5,33.1,32.7,32.9,33.2,32.5,33.8,33.9,34.7,33.4,34.1
1785303195.6183875,441,32.7,32.5,32.2,33.2,32.8,33.0,32.6,32.7,32.9,33.3,31.0,33.1,32.8,33.0,32.6,32.6,33.3,32.6,32.7,32.8,33.4,33.0,31.9,31.8,33.1,33.2,33.1,32.5,32.9,34.5,33.3,32.2,33.3,32.4,34.0,32.1,33.7,32.2,33.5,32.5,32.6,31.8,33.3,31.5,32.3,33.6,32.8,32.9,32.8,33.0,33.0,32.9,33.4,32.3,32.4,32.7,32.2,32.1,32.3,32.6,34.1,33.0,32.8,34.3,33.2,32.7,32.5,32.8,32.0,32.4,31.9,32.1,32.9,33.5,33.0,32.1,32.3,33.3,31.4,32.5,31.9,33.9,32.5,33.2,32.3,32.2,32.8,33.4,33.2,34.0,32.5,33.8,33.8,32.6,33.3,33.1,32.9,31.8,31.9,32.4,33.3,32.7,33.4,32.8,32.4,32.8,33.0,32.5,32.2,32.7,32.5,32.0,32.7,32.2,34.1,32.4,32.4,32.6,33.0,33.5,33.8,33.7,33.4,33.2,33.2,32.8,34.1,33.1,33.3,32.5,31.9,33.5,32.3,33.1,33.5,33.5,32.4,32.8,31.9,32.7,32.7,32.6,32.7,32.4,32.4,31.9,31.5,32.9,33.2,32.6,34.2,35.0,35.2,34.1,32.6,33.3,32.0,33.2,32.5,33.1,33.3,31.7,31.4,32.9,33.8,33.2,33.0,32.8,32.4,32.2,33.6,32.4,32.4,32.6,32.6,32.6,31.9,32.9,33.3,32.5,33.4,32.3,34.3,34.5,34.1,33.6,33.2,33.9,32.7,31.9,33.6,34.2,33.3,33.0,31.8,32.9,31.0,33.3,33.2,33.9,33.2,33.0,31.5,32.7,32.2,31.9,32.9,33.1,31.7,32.3,32.7,33.5,32.9,33.3,32.5,33.8,34.8,33.9,33.0,32.5,32.6,32.5,33.0,33.3,32.1,31.6,32.3,31.8,32.1,32.1,32.7,32.7,33.1,32.2,32.7,32.6,32.8,32.6,33.0,32.2,32.0,32.2,33.1,32.5,32.5,32.1,33.4,34.5,34.0,33.5,33.6,33.3,32.9,32.5,33.8,33.8,33.3,32.9,32.5,33.1,33.0,33.7,32.5,33.6,32.6,32.7,31.7,32.9,32.8,32.1,33.1,33.1,32.0,33.7,31.9,32.6,32.4,33.4,33.6,32.6,33.2,33.6,33.2,33.1,33.6,33.5,32.2,34.5,32.2,32.3,32.8,33.0,32.5,31.8,33.1,33.3,33.1,32.4,33.1,32.3,32.0,32.3,32.9,33.2,33.3,31.9,32.3,31.9,32.7,33.2,33.8,33.7,33.8,33.2,33.5,33.9,33.1,32.8,32.4,33.6,32.9,32.7,32.2,33.3,32.8,33.4,32.5,32.7,32.1,32.6,32.0,32.8,32.9,32.6,32.1,33.0,33.1,33.3,32.3,33.6,32.8,34.5,33.1,33.3,33.2,33.3,34.1,33.5,33.6,33.3,33.2,33.8,33.0,32.4,32.9,33.4,33.6,32.9,32.2,33.1,33.3,32.8,33.0,32.7,32.5,32.5,33.1,32.2,32.8,32.5,32.8,32.2,32.8,33.5,34.1,33.3,33.9,33.7,34.2,33.4,33.8,32.6,34.1,31.8,31.9,33.3,32.6,33.7,33.0,33.0,32.5,32.9,32.9,32.3,32.6,32.1,32.8,31.8,31.8,33.3,32.8,32.3,32.4,33.5,34.1,34.4,33.6,33.1,32.7,33.3,33.8,34.0,33.8,34.2,33.0,33.4,32.2,31.8,33.5,31.5,32.6,32.4,32.8,32.8,32.6,33.0,32.8,32.7,33.3,32.6,33.0,33.1,33.2,32.6,33.2,32.2,33.6,33.7,33.2,33.5,34.0,33.9,34.2,33.7,32.8,34.6,33.5,32.8,32.6,34.0,31.8,32.4,32.7,33.6,32.7,34.1,32.2,32.8,32.4,32.5,31.8,33.3,32.8,33.3,32.7,32.8,33.1,33.3,34.1,33.8,34.4,34.0,33.1,34.0,34.0,34.2,34.7,34.0,33.4,34.4,32.7,31.9,32.5,32.9,32.5,32.0,33.7,32.6,32.7,32.5,32.8,32.9,32.2,32.4,33.2,32.7,33.0,32.3,33.6,33.2,34.1,34.2,34.5,33.9,33.8,33.0,34.4,33.2,34.2,34.3,35.1,33.7,33.2,33.3,32.4,33.8,32.7,33.4,32.5,32.5,32.6,32.4,32.3,32.8,33.1,33.1,32.6,32.2,32.8,33.3,31.3,33.0,33.4,34.5,32.8,34.7,33.5,34.0,33.1,33.4,33.9,34.4,33.2,33.6,32.7,32.2,33.1,32.3,33.9,31.9,33.0,32.4,33.2,31.8,32.8,33.0,32.9,nan,33.7,33.7,33.2,32.7,33.5,33.2,34.2,35.0,34.6,33.6,34.1,33.2,34.1,34.1,33.6,33.4,33.5,33.5,32.6,33.6,32.4,33.4,32.5,33.0,32.7,33.8,32.8,33.3,32.9,33.3,32.7,32.3,32.2,33.5,32.3,33.1,33.1,33.8,34.3,33.5,34.0,33.7,33.5,33.0,33.1,33.6,33.6,34.1,33.9,34.6,33.9,33.8,32.9,32.6,33.0,32.3,33.0,32.5,32.9,31.8,32.7,32.7,33.4,32.3,32.9,32.4,32.9,32.6,33.4,33.9,33.7,33.9,32.7,33.4,32.5,33.7,33.6,34.0,33.6,34.0,34.0,33.1,32.7,34.9,32.9,33.8,32.0,33.0,32.4,32.9,32.8,33.4,32.1,34.2,33.8,34.0,33.6,33.0,33.3,33.1,33.5,33.8,33.5,34.0,33.1,33.1,33.0,33.3,32.3,33.0,33.9,33.9,33.3,34.5,33.5,32.7,33.5,33.2,33.3,33.2,33.1,32.9,32.3,32.9,33.6,33.4,33.6,31.9,34.1,33.5,33.1,32.6,33.2,33.1,33.2,33.9,34.0,33.5,32.1,33.2,33.4,32.9,33.4,33.4,33.8,33.5,32.9,34.3,32.6,33.7,32.7,32.0,32.3,32.7,33.5,34.2,31.7,32.4,33.3,33.6,33.5,33.5,32.4,33.3,32.8,33.3,33.3,33.3,33.1,32.9,33.5,32.8,31.3,33.8,33.9,33.1,34.9,34.8,32.9,32.3,34.0,32.9,33.3,32.5,32.2,32.6,32.3,32.8,32.6,32.6,32.3,33.0,33.3,33.1,33.5,32.3,33.7,32.8,32.9,33.5,33.3,33.0,33.3,32.9,33.3,33.0,32.9,33.1,33.7,33.8
1785303197.91372,442,32.8,33.2,31.8,33.3,32.6,34.0,33.3,32.8,32.8,31.8,32.8,32.6,31.5,32.7,32.6,33.1,31.9,32.0,32.6,32.7,32.9,32.7,32.2,33.3,32.8,32.5,32.5,33.5,33.2,33.1,34.2,32.6,32.9,32.3,32.7,32.4,34.3,32.1,32.6,33.0,33.7,31.9,32.7,32.7,32.6,31.6,32.0,32.7,33.8,31.3,32.3,32.8,32.7,32.4,32.5,31.7,32.9,34.1,33.3,32.7,33.7,33.8,33.4,33.4,32.4,34.3,32.4,32.5,32.1,33.2,32.3,32.2,32.2,33.0,31.9,32.5,32.7,32.7,32.5,32.6,33.2,32.7,32.7,32.2,33.1,32.2,32.5,32.6,34.7,33.9,32.8,34.3,33.2,34.0,33.9,32.7,33.7,33.1,32.7,31.8,32.6,32.8,33.9,32.4,32.7,32.3,32.4,33.1,33.5,32.2,33.8,33.1,33.7,32.1,32.8,32.1,32.1,33.1,32.4,33.9,34.8,34.3,32.7,34.7,33.9,32.5,32.8,32.8,33.4,32.9,32.5,33.0,32.6,33.0,32.2,32.7,32.7,32.5,32.7,32.2,32.5,32.8,32.2,32.4,33.4,33.5,32.7,33.0,32.6,32.8,33.2,33.9,35.5,34.7,33.2,32.2,33.4,32.9,32.8,33.2,33.2,33.0,31.7,32.4,33.1,33.1,32.3,32.7,32.6,32.4,32.4,32.4,32.8,32.0,32.5,32.8,32.7,33.0,31.8,33.2,33.3,33.3,33.5,35.4,35.2,34.4,33.3,33.4,32.3,33.0,32.6,33.9,33.2,33.4,31.7,33.2,32.1,33.8,32.3,32.5,32.5,33.2,32.2,33.3,32.6,33.1,32.1,32.6,31.8,32.8,32.6,32.0,32.8,33.6,32.8,34.4,34.5,33.5,33.6,32.4,32.5,33.2,33.9,33.7,33.3,31.7,32.2,32.3,32.7,32.5,33.0,32.1,33.3,32.4,32.8,33.5,32.2,33.0,32.2,32.7,32.2,32.7,32.2,33.0,32.9,33.0,32.7,34.4,33.5,33.9,33.5,33.6,33.1,33.4,33.1,33.7,33.0,32.1,31.9,32.2,33.6,34.1,32.7,33.1,32.3,32.9,32.6,32.8,33.6,33.1,32.8,32.3,32.8,32.7,33.1,32.5,33.1,33.6,34.0,34.3,33.9,33.9,34.1,32.8,34.4,34.5,33.9,32.1,32.5,33.0,32.9,32.7,32.8,31.8,31.9,33.7,32.4,33.5,31.8,32.8,32.5,33.5,32.7,32.4,32.8,32.7,32.9,32.1,33.0,33.2,33.7,33.7,34.3,33.9,33.4,33.8,32.6,33.6,33.5,32.2,33.2,33.8,32.4,33.4,33.0,33.4,32.3,33.0,32.6,33.3,31.9,32.5,32.1,33.0,32.0,32.9,33.4,32.1,32.5,32.7,33.6,34.3,33.9,33.2,32.7,33.2,33.4,33.8,33.7,33.9,33.7,32.4,33.7,32.9,32.9,32.3,32.8,33.1,32.3,32.6,32.7,32.7,33.7,32.9,33.2,32.4,32.9,33.0,33.4,33.2,32.2,32.4,32.9,34.0,34.0,32.4,34.3,33.9,33.2,34.3,34.5,33.2,32.6,33.1,31.8,32.2,32.5,33.4,32.6,33.1,32.0,32.8,33.0,32.5,32.4,32.5,32.2,32.7,32.3,32.9,33.5,32.5,33.9,32.7,34.0,34.3,34.0,33.7,34.8,33.4,33.5,33.4,34.0,34.5,34.1,32.7,33.4,33.7,32.8,32.2,33.4,33.3,33.4,32.3,33.7,31.9,33.2,33.0,33.2,32.1,32.6,32.5,32.7,32.3,32.9,33.4,34.2,33.7,33.9,33.9,34.5,33.6,34.3,33.2,34.3,33.6,34.0,33.5,33.1,33.0,33.2,32.9,32.2,32.6,32.4,32.9,32.3,33.3,32.3,32.2,32.8,33.6,32.8,32.2,33.3,33.3,32.7,32.7,34.4,34.1,34.3,33.9,33.3,33.9,33.7,33.6,35.7,35.7,35.1,34.1,33.2,32.8,31.6,32.4,32.4,31.7,32.7,32.5,32.2,32.9,32.2,32.4,32.6,32.8,33.1,33.1,33.4,32.8,32.9,33.6,33.9,35.3,34.2,34.6,33.7,34.3,34.1,35.6,34.1,35.2,34.0,34.2,33.5,32.8,33.7,32.9,32.2,32.5,33.0,32.1,33.0,32.8,32.0,32.5,33.1,32.5,32.3,32.9,32.8,33.2,32.3,32.7,34.1,34.7,35.2,33.9,34.9,34.2,34.4,33.4,35.0,34.1,34.1,33.5,32.2,32.5,33.2,32.0,33.5,33.6,33.6,33.2,33.3,32.9,32.1,32.6,33.3,nan,32.1,32.8,33.6,33.3,32.9,33.0,34.4,34.1,34.4,33.6,34.1,34.3,32.2,34.2,35.1,34.7,33.2,34.3,32.7,33.7,32.3,33.7,32.8,33.3,32.8,33.5,32.8,32.6,32.5,32.8,33.3,32.8,32.5,32.7,32.7,32.5,33.0,33.2,33.7,33.4,33.1,33.2,33.3,32.7,33.2,32.5,33.7,34.2,34.4,34.3,34.4,32.4,32.6,33.7,33.1,33.1,32.3,33.6,33.0,32.4,33.1,32.4,32.7,33.3,32.8,32.8,33.0,33.3,33.0,33.5,34.4,34.9,33.5,33.6,33.1,33.4,33.3,33.3,32.7,33.5,33.5,34.2,33.5,34.6,32.9,33.9,33.0,33.9,33.5,33.2,32.5,32.8,32.7,33.4,33.2,33.2,33.3,32.7,32.9,31.7,31.9,33.1,33.8,34.3,33.7,33.0,33.7,33.4,33.6,33.3,33.6,34.8,32.7,33.5,34.7,32.8,33.8,32.9,33.5,33.1,32.4,32.8,32.6,32.9,32.0,33.8,33.8,32.8,32.6,32.3,33.8,32.6,32.3,33.2,33.8,33.8,33.3,34.2,33.5,33.6,31.5,33.3,33.7,33.9,33.9,34.4,33.2,34.9,31.3,33.1,34.2,32.9,32.4,32.6,33.2,33.8,33.0,32.3,33.0,32.5,33.0,32.9,32.8,33.2,32.8,33.2,32.7,33.9,33.0,33.2,33.6,34.5,32.8,33.5,33.6,32.8,33.9,33.7,32.6,33.6,33.0,33.0,32.8,33.2,33.6,32.8,32.0,33.4,32.5,33.6,33.1,32.8,32.5,33.2,32.7,32.3,33.0,32.9,34.4,34.2,33.2,34.0,33.4,32.8,32.8,33.6,33.6,34.0,34.2,34.6
1785303199.878305,443,31.7,30.2,32.6,32.8,33.5,31.3,31.4,33.0,32.3,32.4,32.4,32.2,32.3,32.5,32.2,32.7,32.8,33.0,32.8,32.5,33.0,31.4,31.8,32.5,32.2,32.0,32.7,32.6,33.0,31.9,31.9,32.8,32.4,31.7,32.7,31.9,31.6,32.9,32.8,32.4,32.5,32.9,32.9,31.9,32.0,33.3,32.1,33.5,32.4,32.6,32.1,32.9,32.3,32.4,31.9,32.7,32.9,33.3,33.0,33.8,33.3,34.4,32.5,32.9,32.1,31.6,31.2,32.7,32.5,31.7,32.7,32.0,32.6,31.7,31.9,32.7,32.0,32.2,31.8,32.7,33.2,32.6,32.0,32.0,32.2,32.9,33.6,33.5,34.0,33.7,33.2,32.5,32.3,32.3,32.2,33.4,32.7,33.1,32.0,32.0,33.2,32.0,33.7,32.2,32.3,32.7,31.8,33.1,32.1,32.9,31.9,33.0,31.9,33.1,31.9,31.9,32.4,32.4,34.0,33.3,34.0,33.7,32.5,34.3,31.6,32.1,33.3,33.0,32.4,32.2,32.5,32.7,32.3,32.4,32.8,33.0,32.5,32.7,32.8,33.1,32.4,32.1,32.7,32.9,32.1,32.6,32.4,33.3,32.1,32.6,33.4,34.5,34.5,34.0,32.2,32.4,32.0,33.7,32.3,34.0,31.6,32.7,32.6,32.4,31.3,32.7,32.1,32.1,32.3,32.8,32.8,31.7,32.6,33.1,32.6,33.2,32.3,32.1,32.6,32.0,33.0,32.0,33.8,35.1,34.7,34.7,33.8,33.2,32.7,32.5,32.4,33.7,31.3,31.6,32.7,32.6,32.4,32.7,32.3,32.9,32.2,32.4,32.4,33.4,32.1,31.8,32.4,32.0,32.3,32.0,32.6,32.7,33.1,32.2,32.2,34.0,33.6,33.5,33.2,33.3,32.9,32.4,32.8,33.9,31.9,31.5,32.0,32.7,31.6,32.1,33.1,33.3,32.8,32.1,33.4,32.0,32.2,33.0,33.2,32.5,31.3,32.8,32.4,32.7,33.0,32.7,33.5,33.5,33.4,33.2,33.5,33.4,33.7,34.3,33.3,32.8,33.2,32.4,31.7,32.4,32.8,32.8,32.5,33.3,33.6,31.4,32.7,33.4,32.1,32.7,32.0,32.3,31.8,32.5,32.6,33.0,32.6,32.5,34.4,33.7,33.6,33.7,33.1,32.8,32.7,32.6,32.4,33.0,32.3,32.6,33.1,32.1,32.2,32.2,32.8,32.1,30.8,32.8,33.0,32.8,32.4,32.5,32.7,33.3,33.0,32.8,32.7,32.4,32.9,33.5,33.5,33.9,33.3,34.4,34.2,34.8,33.3,33.2,32.1,33.0,33.8,32.2,33.0,33.2,33.0,32.7,32.2,33.3,32.8,32.3,32.4,32.7,32.5,31.7,32.9,32.9,32.2,32.5,32.9,33.0,32.8,33.6,33.3,32.3,33.4,33.7,33.6,32.9,33.3,32.6,32.9,33.0,33.1,32.2,32.3,32.7,32.8,33.1,32.8,33.0,32.7,32.6,32.8,32.4,32.4,32.7,32.7,31.9,31.9,32.9,32.7,32.9,33.5,32.9,33.7,33.9,32.8,33.4,33.4,33.6,34.1,33.2,33.4,32.7,32.2,31.3,31.9,33.8,33.3,33.1,32.2,33.4,33.8,32.0,32.9,32.0,33.3,32.7,32.7,33.3,32.3,32.0,33.3,33.0,33.5,34.0,33.5,33.2,33.8,32.9,32.7,33.2,34.4,34.5,33.1,33.3,32.3,32.7,33.0,31.8,32.3,33.3,32.8,32.5,33.0,31.9,32.5,33.4,31.8,32.3,32.9,31.8,32.4,32.0,33.2,33.0,33.7,33.9,33.4,33.2,33.9,33.2,33.7,34.0,34.3,34.3,33.2,32.9,31.3,33.0,32.8,31.7,32.6,32.7,32.4,32.6,33.4,31.3,33.3,32.5,32.3,32.5,33.3,32.7,32.2,33.0,32.8,33.5,33.8,34.3,33.8,33.5,33.6,33.7,33.7,34.4,34.6,34.5,34.1,33.5,32.6,32.7,32.2,32.4,31.6,33.5,33.1,32.5,31.7,32.0,33.1,32.9,32.8,33.4,33.4,32.5,32.6,33.1,33.0,32.9,34.5,35.6,34.2,33.8,33.5,34.4,33.6,34.2,34.5,34.0,34.0,33.0,33.1,32.4,32.5,34.3,32.4,32.4,32.8,32.1,32.4,32.8,33.0,33.0,31.6,33.0,33.0,32.2,33.0,32.4,32.8,33.2,33.5,34.3,33.5,33.9,33.5,33.7,33.5,33.4,33.7,34.1,33.9,33.9,32.0,32.9,33.0,32.6,32.5,32.5,32.7,32.3,33.8,33.2,32.4,33.2,32.8,nan,32.6,32.1,32.6,32.9,32.9,34.1,34.2,33.9,33.9,33.4,33.3,33.1,33.1,32.7,33.5,34.9,32.8,32.5,33.3,31.8,32.1,33.3,32.2,34.2,32.9,33.7,33.0,31.6,32.8,33.3,31.9,32.8,32.5,32.9,32.7,32.5,33.5,33.4,33.7,34.0,33.7,33.4,33.0,32.7,33.2,32.7,32.9,34.0,34.2,33.7,32.4,33.8,33.0,32.7,32.0,32.1,32.3,32.9,33.5,32.6,33.0,32.4,32.7,33.1,32.4,33.7,32.8,33.4,32.5,33.0,33.3,33.4,32.9,33.3,33.3,32.9,32.9,33.1,33.1,33.6,34.7,33.9,34.3,33.1,33.3,33.5,33.6,32.5,32.2,32.8,31.9,32.5,32.8,33.4,33.0,32.2,33.5,32.9,32.9,32.5,32.6,32.7,33.7,33.9,33.4,33.6,32.8,33.6,32.0,32.9,33.6,32.8,34.0,32.8,33.4,33.2,33.6,33.1,32.6,33.3,32.4,32.8,32.2,33.3,33.2,32.2,33.0,33.1,33.1,32.5,33.0,33.6,32.6,32.5,32.9,33.6,34.2,32.1,33.3,33.3,32.5,33.1,33.1,34.4,33.2,34.2,32.7,32.3,32.2,32.9,33.4,32.9,33.0,33.0,33.2,33.4,32.8,32.5,33.0,32.7,32.1,32.5,32.1,32.3,32.8,32.7,33.4,33.8,33.0,33.6,33.2,33.0,33.3,32.5,32.9,33.8,34.7,34.4,32.4,32.9,32.8,33.2,32.0,32.1,33.2,33.8,33.1,32.8,33.6,32.3,32.2,33.2,33.2,33.2,32.3,32.3,33.2,33.0,33.2,33.5,33.6,32.3,32.5,33.5,34.0,33.0,32.8,34.0,34.2,34.1
1785303201.9751537,444,33.3,32.4,33.8,33.5,33.3,31.8,32.5,32.3,31.3,33.2,32.2,32.8,31.5,32.6,32.6,33.6,32.4,32.1,31.7,33.8,32.1,32.3,32.4,32.4,32.4,32.8,33.4,33.1,33.9,32.8,31.9,33.1,31.8,32.8,33.1,33.4,32.7,31.6,32.7,32.8,32.2,32.9,33.2,32.7,33.4,32.7,32.9,33.1,32.0,32.4,32.7,33.1,32.1,32.2,32.7,33.5,31.7,32.9,33.4,32.9,32.4,32.6,32.9,34.4,31.9,32.8,32.6,33.8,32.7,32.3,33.3,33.8,32.4,33.0,32.6,33.4,31.2,32.3,32.8,32.9,32.8,32.9,32.5,32.4,32.7,32.7,33.2,33.3,33.0,33.8,32.4,32.7,33.2,32.5,32.2,32.7,32.0,32.4,32.5,33.4,32.6,32.6,32.6,31.8,32.3,33.1,32.9,32.9,31.5,31.7,31.5,32.6,32.8,32.9,32.9,33.7,31.4,32.3,34.0,34.8,34.2,33.5,32.8,33.7,32.4,33.1,32.1,33.4,33.4,32.4,32.7,33.6,32.5,31.8,32.6,33.0,31.9,32.5,32.8,32.5,32.5,32.4,32.4,32.4,33.4,32.3,32.4,33.5,32.6,32.9,34.3,34.4,34.8,35.1,33.4,33.7,32.0,32.3,34.3,32.9,32.0,32.5,32.1,32.4,33.0,32.1,33.2,32.0,32.6,33.4,33.3,32.4,32.8,32.8,33.1,33.0,32.8,32.3,32.1,32.7,32.5,32.8,33.6,34.5,34.5,33.8,33.1,33.4,32.3,32.3,34.3,33.9,34.3,32.9,32.1,33.4,32.4,32.5,33.2,32.1,32.7,32.2,32.0,33.4,32.1,31.9,32.6,32.8,32.0,32.6,32.4,32.5,32.6,32.5,33.2,33.0,33.6,32.9,34.5,33.5,32.9,34.3,33.4,33.0,32.6,32.8,32.0,32.9,31.6,32.9,32.6,32.9,33.1,33.1,32.3,33.3,32.8,32.0,33.3,33.3,32.4,32.2,32.8,32.7,33.0,33.3,33.0,34.2,33.7,33.9,33.6,33.6,34.6,32.6,33.9,33.4,32.3,33.0,32.3,34.0,32.5,32.8,32.4,33.3,31.9,31.9,33.6,33.2,32.3,32.5,32.8,33.4,32.8,33.3,32.8,33.8,32.5,32.5,33.9,33.8,33.6,33.2,33.2,33.7,34.4,32.2,32.4,32.9,32.9,33.2,33.3,32.7,32.6,32.4,32.8,33.1,32.8,32.8,31.8,33.0,32.0,33.0,32.3,32.1,31.9,33.0,33.6,33.0,33.0,33.2,33.3,33.7,32.8,32.5,34.4,34.3,33.0,33.6,33.3,33.9,32.3,33.2,33.0,34.0,32.5,33.1,32.9,34.0,32.8,31.9,32.9,33.1,32.8,33.0,32.8,33.8,32.6,32.5,33.1,32.5,32.8,33.8,33.9,33.8,33.2,33.3,33.3,34.3,33.0,33.4,33.3,33.2,32.9,33.1,32.3,32.9,32.2,31.7,32.8,33.0,33.2,33.3,33.3,32.4,31.8,32.1,33.0,32.6,33.3,33.2,32.2,33.5,32.9,33.2,34.1,34.2,33.5,33.7,33.2,34.1,33.0,34.5,33.7,32.7,33.7,33.2,32.3,33.0,32.2,31.8,32.9,32.4,32.8,32.3,32.4,32.9,33.1,32.3,33.9,33.0,32.7,32.2,32.3,33.0,32.8,33.5,33.3,34.3,33.8,33.7,33.8,33.6,33.3,33.7,34.5,33.2,33.7,33.1,33.1,33.3,33.0,32.4,32.6,31.8,33.7,32.8,33.3,33.0,32.4,33.2,32.9,33.9,33.2,32.9,33.0,33.8,33.3,33.7,34.4,33.4,33.3,33.7,34.1,34.1,33.9,34.3,34.3,33.1,33.5,32.6,33.4,33.8,33.3,32.9,32.4,33.3,31.8,31.8,32.5,33.0,32.0,32.7,32.8,33.2,32.8,33.1,33.5,33.7,33.6,34.6,34.6,33.5,33.1,33.3,33.1,35.5,34.8,34.8,35.1,33.3,33.0,33.2,33.4,32.8,32.9,32.6,33.6,33.0,32.0,32.8,33.5,33.5,32.4,33.1,33.0,33.1,33.2,32.9,33.3,33.3,34.0,35.6,34.4,34.4,33.0,34.1,33.9,33.6,32.8,34.0,35.7,34.2,32.6,32.2,33.5,33.7,32.7,32.3,32.6,32.9,32.4,32.8,33.0,32.8,32.9,33.1,33.1,33.3,32.6,32.5,33.1,33.5,34.3,34.2,33.8,34.0,34.2,33.7,34.2,34.3,33.9,34.3,34.5,34.3,31.5,32.1,32.6,32.2,32.7,32.3,33.0,32.8,32.2,32.9,32.5,32.7,32.6,nan,33.5,32.7,33.1,33.9,33.4,33.6,33.9,34.7,33.6,34.3,33.9,34.3,34.1,32.9,32.9,34.2,35.0,33.3,33.4,33.0,34.5,33.5,33.5,33.6,32.8,34.0,32.6,32.1,33.1,33.0,31.9,32.5,32.7,33.2,33.3,32.5,33.5,33.9,33.6,34.0,34.2,33.7,32.4,33.2,33.5,33.2,33.5,33.8,34.8,33.9,32.9,33.0,32.8,33.3,32.7,33.2,33.6,34.0,33.4,32.9,33.4,32.9,32.1,32.8,32.9,34.1,31.8,33.1,32.6,33.0,32.8,33.9,33.3,32.9,32.7,32.7,33.4,34.0,33.0,34.6,33.9,33.5,33.0,33.0,32.9,33.7,33.6,32.5,33.5,33.5,31.9,32.1,33.5,32.6,32.8,32.9,32.6,33.2,32.5,32.8,32.8,33.2,33.3,33.9,33.9,33.4,32.8,32.5,32.4,33.8,34.6,33.2,34.2,34.1,32.9,33.5,32.7,33.7,34.1,33.3,32.6,33.0,31.8,33.3,32.8,32.2,32.4,32.6,34.2,33.8,32.9,32.8,32.9,33.3,32.8,34.1,33.8,34.4,32.2,33.6,34.0,32.4,33.6,34.6,33.7,34.2,33.6,33.7,31.6,33.7,33.8,33.1,32.4,34.1,32.5,33.2,33.6,34.1,33.9,30.9,33.0,32.7,32.6,32.0,33.0,34.1,33.0,34.3,34.1,34.1,32.4,32.4,33.7,35.2,33.4,34.2,33.6,35.1,32.6,33.6,33.2,33.8,32.6,32.0,32.6,33.4,32.1,32.8,33.8,32.8,32.3,32.5,33.6,33.0,32.6,33.2,32.7,32.0,33.2,33.4,33.5,34.7,33.0,32.0,33.3,33.6,33.5,33.8,34.4,34.1
1785303204.3809645,445,33.5,30.8,33.4,32.5,33.0,31.5,32.8,32.7,32.0,31.4,32.7,33.2,32.8,32.5,33.3,32.1,32.7,31.9,32.2,33.2,32.2,32.3,32.5,31.8,32.1,32.0,31.8,32.4,34.0,30.7,34.0,33.8,32.3,33.2,32.9,32.8,31.6,31.7,31.9,33.1,31.8,32.0,31.9,32.8,30.7,33.2,31.9,34.0,31.8,32.5,31.9,33.1,32.5,32.1,32.3,32.6,32.3,33.4,32.8,34.3,32.4,33.7,32.9,33.8,33.5,31.1,32.7,32.7,32.4,31.5,34.1,32.6,32.1,31.9,32.6,32.1,32.8,31.6,32.8,32.5,32.4,32.4,32.8,33.3,32.3,32.8,33.5,33.1,32.9,31.9,32.7,33.9,32.5,32.9,32.4,33.9,31.7,32.5,31.6,33.5,32.4,32.7,33.4,32.5,31.9,32.8,32.3,33.2,31.7,32.3,32.9,33.1,32.8,32.4,33.6,32.7,31.9,32.4,33.8,34.5,33.8,33.3,32.4,33.4,31.8,32.2,32.6,33.3,33.0,30.8,32.8,32.7,32.9,31.8,33.5,32.1,32.4,31.6,32.6,32.6,32.3,31.7,33.3,31.9,32.3,32.4,32.1,32.6,32.7,31.8,34.9,34.2,34.4,34.0,33.1,34.1,32.0,32.9,32.2,33.8,32.7,31.9,31.2,32.7,31.8,32.6,33.4,33.0,32.4,32.9,32.2,32.5,31.3,31.9,33.5,33.6,31.0,32.3,33.0,32.8,32.3,33.2,32.9,35.2,34.3,35.3,33.4,32.9,31.5,33.1,33.9,33.3,33.0,32.4,32.8,32.4,32.5,31.7,34.1,32.3,33.0,31.7,32.8,32.7,32.7,32.1,32.7,32.6,32.9,32.0,32.5,33.2,32.1,32.6,33.5,33.7,34.2,32.6,33.5,33.5,32.4,32.2,33.3,32.6,31.2,31.6,32.8,33.4,31.2,32.6,32.9,32.2,31.9,32.9,32.8,32.8,32.0,32.4,32.0,33.4,31.9,32.1,33.0,32.8,32.0,33.6,33.5,34.5,33.2,32.8,33.5,34.2,32.9,33.7,32.9,34.2,31.8,32.8,34.3,31.6,32.8,32.4,33.5,31.8,33.4,32.0,33.0,32.2,33.2,32.5,33.1,31.8,32.9,32.2,33.5,33.3,33.7,32.8,34.1,33.1,33.9,32.8,33.7,33.5,33.4,33.0,33.4,32.5,31.8,33.4,32.9,33.6,32.0,32.7,32.1,33.1,33.8,32.4,33.1,33.9,32.2,32.8,32.5,33.0,32.2,32.2,31.9,33.8,33.0,34.1,33.5,34.2,32.1,33.0,33.7,34.1,33.1,32.9,33.1,34.2,32.9,31.1,33.9,33.2,32.4,32.2,33.1,33.3,33.0,32.4,33.2,32.8,32.7,32.8,32.9,33.0,32.6,32.0,32.9,32.5,33.2,32.6,34.0,33.8,33.5,33.3,34.2,33.6,33.4,32.1,33.0,33.0,32.4,32.3,32.9,33.0,32.4,33.0,32.1,32.6,32.2,32.6,32.0,33.1,31.9,32.5,32.0,33.5,32.7,32.8,33.6,32.7,33.0,33.3,33.3,33.1,33.3,34.3,33.7,34.4,32.6,34.0,33.7,33.6,32.5,31.1,32.4,32.2,33.0,32.7,32.7,32.7,32.7,32.1,33.0,32.9,33.1,31.9,33.4,32.2,33.4,32.3,32.7,32.4,33.6,33.5,34.1,33.7,32.9,32.3,34.1,34.3,33.6,32.3,34.0,33.2,33.1,32.6,32.0,32.5,32.1,33.2,32.6,32.6,32.0,32.6,33.3,33.3,31.8,32.4,32.1,33.5,33.0,32.9,33.7,33.2,33.5,34.1,33.0,32.9,33.3,33.5,32.6,34.2,33.7,34.9,33.3,34.8,33.4,30.9,33.3,33.0,31.8,32.4,33.7,32.0,31.9,32.3,34.1,32.5,32.8,32.2,33.6,33.3,32.9,32.7,33.2,33.2,33.6,33.8,34.4,33.3,33.2,32.8,34.3,34.1,34.3,34.5,34.6,33.5,31.9,32.0,33.0,32.3,31.3,32.4,34.1,33.0,32.4,32.1,32.2,33.5,31.6,32.7,34.1,33.2,31.8,32.7,33.2,33.7,34.3,34.5,34.4,34.4,33.2,33.3,33.2,33.4,33.0,33.9,35.1,33.9,32.1,32.0,32.4,32.7,32.8,31.6,32.3,31.7,32.2,32.9,33.4,32.3,33.2,31.7,31.8,32.7,33.4,32.0,32.6,32.8,34.7,34.0,34.1,33.2,34.1,32.7,34.7,33.4,34.2,34.1,34.0,33.5,32.6,32.8,32.6,32.7,32.3,31.9,31.8,33.0,32.4,32.7,32.2,32.8,32.1,nan,32.7,33.5,32.7,32.4,33.4,33.4,33.2,34.2,34.2,33.9,32.9,33.4,33.6,34.5,32.7,33.9,34.2,34.4,32.4,32.0,32.6,32.9,31.9,30.9,33.2,33.1,32.6,32.4,33.1,33.5,32.8,32.0,33.8,33.5,32.6,32.3,33.3,33.0,33.8,33.7,33.2,33.3,33.6,32.6,33.5,32.9,33.0,33.4,34.1,33.5,32.9,32.7,33.4,33.4,32.9,32.8,32.7,32.8,32.2,32.0,32.6,33.2,32.3,32.4,32.8,33.4,32.4,32.7,32.1,34.2,32.8,34.0,33.4,34.6,32.4,32.8,31.9,33.8,34.2,33.4,34.1,33.9,34.2,32.6,33.0,33.5,32.1,32.1,32.2,33.2,33.1,32.8,32.9,33.0,32.6,33.4,33.6,32.3,34.1,31.6,33.1,32.2,33.9,33.5,33.5,33.4,32.9,32.8,33.3,33.0,33.3,33.2,34.7,34.3,32.2,33.1,32.7,34.2,33.3,31.6,33.3,32.9,32.2,33.0,33.3,32.7,32.1,33.1,33.5,33.3,32.8,33.1,32.9,33.9,32.2,33.2,34.7,33.8,32.0,32.8,32.5,33.8,32.3,33.6,34.1,34.1,32.1,31.9,33.2,32.7,32.7,32.5,33.1,33.2,32.8,32.1,32.9,32.7,31.9,32.1,32.8,33.0,32.6,32.1,32.9,33.7,33.1,32.3,34.4,33.7,32.6,32.3,34.3,33.4,33.1,33.0,33.5,34.4,31.6,33.0,33.6,32.6,31.6,32.9,32.8,33.3,32.7,32.9,32.9,32.8,30.9,32.4,32.5,33.6,31.6,32.1,32.7,33.5,32.6,33.8,33.2,34.1,33.2,32.7,35.1,33.9,31.5,33.5,34.2,35.6
1785303206.367578,446,32.6,32.4,32.7,34.0,32.5,31.1,32.4,33.0,33.7,32.0,33.1,33.0,33.3,32.1,32.9,32.5,32.7,31.9,32.9,33.4,31.8,32.5,33.5,33.8,31.3,32.6,32.9,32.4,34.4,32.3,32.5,33.8,32.1,31.3,33.9,33.5,31.4,32.2,32.1,33.7,33.4,33.2,32.6,33.0,33.3,32.3,32.3,33.8,31.8,31.9,32.5,33.1,32.1,31.9,32.1,34.0,34.0,33.0,33.9,33.3,32.8,32.5,33.9,33.8,32.0,32.8,31.8,32.9,32.4,32.5,33.1,33.4,32.1,32.4,33.5,32.5,32.1,33.0,32.6,32.0,32.1,33.1,33.0,33.1,32.3,31.2,33.3,33.9,33.7,34.2,33.7,33.3,33.1,32.3,31.9,33.4,32.2,32.0,31.6,32.8,32.1,32.7,33.2,33.1,33.2,32.4,32.0,32.3,32.2,32.3,32.2,32.7,32.6,31.7,33.3,32.9,31.9,32.0,32.9,33.6,33.6,33.4,33.6,33.2,32.2,32.0,33.7,33.6,31.6,32.2,31.9,32.9,32.2,32.8,33.3,32.2,32.6,33.4,33.1,32.7,32.3,32.1,33.1,32.8,32.2,32.3,32.3,32.5,31.7,32.8,32.6,35.1,34.8,34.5,33.7,32.6,32.0,33.1,34.0,34.2,31.8,32.4,33.4,32.7,32.6,33.2,33.4,32.3,31.4,32.7,33.1,32.9,32.4,32.7,33.3,33.3,32.6,32.4,33.8,32.8,31.8,32.4,32.6,35.2,34.2,34.6,32.9,34.2,32.3,32.7,32.2,33.3,32.8,32.4,32.2,32.8,32.0,32.8,32.6,33.4,32.3,32.7,33.7,32.9,32.7,32.6,33.2,32.5,32.1,32.7,33.3,32.8,32.9,32.6,33.5,34.3,33.9,33.1,33.2,33.9,33.2,32.9,33.6,33.6,32.1,31.4,32.6,32.8,32.3,32.1,33.1,32.2,32.3,33.1,32.3,33.1,32.2,32.4,32.8,33.0,31.7,32.0,32.7,32.3,32.5,32.4,33.3,33.4,32.8,33.8,33.8,33.7,32.9,33.3,34.3,34.0,32.4,32.5,32.7,33.4,32.4,33.0,33.4,33.1,32.9,32.4,33.0,32.8,32.4,32.5,32.9,32.5,32.4,32.7,32.5,32.2,32.4,34.1,33.6,33.7,33.2,33.0,34.2,33.7,33.9,33.0,32.4,33.0,33.3,32.7,32.9,33.4,32.6,32.5,32.3,33.1,32.7,31.9,32.5,33.3,32.8,32.6,33.6,33.1,32.2,32.8,33.6,32.5,32.9,33.0,34.1,33.0,33.0,32.8,34.2,34.4,33.0,32.6,33.3,34.0,32.9,33.0,33.5,32.6,32.8,32.7,33.1,32.9,32.7,32.4,32.3,33.0,33.5,32.5,33.0,32.5,32.7,32.7,33.1,33.2,32.3,33.5,34.2,33.7,33.0,32.8,33.4,33.4,32.9,33.0,33.2,33.4,32.9,32.1,31.9,32.6,32.9,32.7,32.5,33.6,31.5,31.8,33.3,33.3,32.7,32.0,32.5,32.5,32.1,32.7,33.3,32.5,32.7,33.0,34.0,33.6,33.0,33.5,33.7,33.4,34.2,32.8,35.5,33.6,32.7,31.3,32.2,33.2,32.8,32.5,32.8,32.6,32.9,32.3,32.9,32.6,32.1,33.1,33.9,33.3,32.5,31.7,32.7,33.0,33.3,34.0,33.9,34.3,33.2,33.0,34.3,33.2,33.4,33.7,34.4,33.8,33.5,32.4,32.0,32.9,32.3,32.5,32.1,32.6,33.0,31.6,32.5,33.3,33.1,32.2,32.4,32.7,32.4,34.0,33.7,33.2,33.8,33.2,32.7,33.5,35.3,33.3,34.4,34.4,33.7,33.3,34.3,33.6,32.1,32.4,34.1,32.7,32.5,32.7,32.7,32.7,32.5,32.0,33.6,33.0,33.1,31.9,33.4,33.2,33.1,32.5,33.1,33.3,33.4,34.0,34.4,34.0,34.1,33.5,33.9,33.3,34.0,34.5,34.4,33.9,33.4,31.8,31.8,33.3,32.2,32.4,32.3,32.3,32.7,32.6,33.4,32.7,32.7,33.2,33.0,33.5,33.2,33.5,33.3,33.2,33.9,34.8,34.1,33.5,32.9,33.7,34.3,34.3,33.4,34.3,35.1,34.3,32.1,32.8,33.6,33.3,33.0,33.1,33.2,33.3,32.9,32.4,31.4,32.5,32.9,33.1,33.1,32.5,33.4,33.3,33.2,33.0,34.2,34.7,34.3,33.9,34.1,33.2,34.5,34.1,34.4,33.8,35.4,34.3,32.8,32.2,33.0,33.1,32.5,32.4,32.7,32.2,32.5,32.7,33.1,33.2,32.3,nan,33.2,32.7,32.4,32.4,33.2,33.5,34.0,33.5,34.6,34.1,33.2,34.2,33.9,33.6,33.3,33.5,33.6,33.6,33.3,33.0,32.8,33.7,32.9,32.7,33.2,33.1,32.9,32.6,32.7,33.0,33.0,32.7,33.1,32.4,32.4,33.2,32.9,33.2,33.8,33.9,33.2,33.5,33.1,32.8,33.6,32.5,33.4,33.8,33.7,34.1,32.6,32.7,33.2,32.2,32.9,31.9,33.2,33.7,31.5,32.3,33.5,33.2,32.6,32.2,32.9,33.0,32.8,32.7,33.6,33.3,33.8,33.7,33.6,34.1,32.4,33.0,33.4,33.0,34.2,33.9,34.5,33.9,32.4,33.0,33.7,33.1,33.3,32.7,33.3,33.0,32.8,32.6,33.5,33.0,32.9,32.9,33.8,32.7,32.8,32.7,33.1,33.2,33.3,33.6,34.0,33.5,32.8,33.6,33.3,33.1,32.7,34.2,33.9,34.8,33.8,32.9,32.7,32.4,32.6,32.4,33.9,33.6,32.7,32.4,32.1,32.8,32.8,32.9,32.3,32.9,32.4,32.7,32.9,33.4,32.6,33.6,33.5,32.9,32.5,32.3,33.4,33.4,33.2,34.8,33.4,34.3,31.9,33.0,33.2,33.5,32.7,33.3,32.5,33.4,31.5,32.8,32.6,33.4,32.9,32.3,32.9,33.4,32.9,32.0,33.3,33.7,32.4,33.0,34.0,32.6,34.6,32.6,34.5,33.4,33.3,33.6,34.0,35.8,33.5,32.1,33.4,33.7,32.2,33.1,32.8,34.1,32.1,32.6,33.2,33.1,32.7,31.7,33.6,33.8,32.3,33.1,32.8,33.0,32.8,33.6,34.1,34.4,32.5,33.7,32.5,34.3,33.6,33.9,34.7,33.8
1785303208.462864,447,33.1,31.9,31.3,31.3,32.2,33.3,31.8,33.2,32.9,32.4,32.2,32.2,32.1,32.5,32.4,32.7,31.2,32.8,33.0,33.1,31.3,32.7,31.8,32.2,32.4,34.1,32.5,33.1,33.2,33.0,32.2,32.8,33.6,31.7,33.1,32.9,31.8,32.0,32.1,32.4,32.0,31.9,33.0,31.1,32.0,31.8,32.5,32.9,33.2,31.8,32.9,32.6,31.9,31.4,32.9,33.7,32.3,32.9,33.2,32.7,32.8,33.8,32.4,32.7,31.9,32.1,32.9,32.7,32.1,32.1,32.5,33.0,32.0,32.4,32.1,32.7,32.0,33.0,32.8,33.2,33.0,33.2,33.2,32.4,33.0,32.4,32.7,33.5,33.6,34.0,31.4,32.7,33.4,32.9,30.6,34.6,32.2,33.1,32.0,32.5,31.7,31.6,33.4,32.4,32.9,31.4,32.3,32.5,32.9,32.4,32.5,33.0,33.0,32.6,32.9,31.6,33.3,32.3,33.3,33.9,34.7,33.7,32.8,33.7,33.3,32.3,33.0,34.1,32.2,31.7,32.2,33.8,31.3,33.7,33.2,32.4,31.8,32.8,31.4,32.9,31.5,32.1,31.8,33.6,32.6,31.8,32.0,32.5,31.7,32.9,33.6,35.0,34.5,34.2,32.4,32.6,32.0,33.7,33.0,33.1,32.3,31.6,32.1,33.7,34.2,32.3,32.5,31.8,33.5,32.4,32.9,31.7,32.1,32.0,32.4,32.8,33.1,31.6,31.6,33.0,32.5,32.6,33.6,34.7,34.2,33.7,32.3,33.9,32.7,31.7,33.5,33.0,32.5,33.5,31.7,32.2,31.7,32.3,32.1,32.1,31.8,32.9,32.7,32.9,32.1,32.1,31.8,32.9,32.0,32.5,31.9,31.9,32.8,32.6,32.1,34.0,33.4,33.3,33.2,32.4,33.1,32.5,32.4,33.0,32.6,31.2,32.0,32.9,31.8,32.1,32.2,32.9,32.6,33.3,33.1,32.3,33.0,32.3,33.6,32.4,32.7,32.2,32.5,33.5,32.5,32.7,33.1,33.5,32.8,33.7,33.1,33.8,32.0,32.8,32.9,32.2,32.1,34.0,32.7,33.2,32.1,33.2,32.5,33.3,33.1,32.0,32.6,32.7,31.8,32.5,32.5,33.1,32.1,33.0,32.0,33.3,32.1,33.3,33.5,34.0,34.3,33.0,33.6,33.9,32.7,32.2,31.8,33.4,32.9,32.0,32.5,32.9,33.3,32.4,33.7,34.4,33.0,32.6,32.1,32.7,31.9,32.4,32.3,32.9,31.7,32.4,33.1,32.9,32.8,33.5,32.7,32.7,32.7,33.5,33.2,33.8,33.3,32.1,31.5,32.6,31.7,32.8,32.6,33.0,32.3,33.1,32.3,33.6,32.6,31.9,32.4,32.5,32.5,32.8,33.1,32.5,32.2,32.8,33.4,32.5,33.1,32.6,33.1,33.8,33.8,33.3,32.7,33.7,33.1,33.5,32.3,32.0,32.9,31.8,32.9,32.7,32.4,32.2,32.3,33.0,33.0,32.0,32.8,33.0,32.4,31.3,32.7,32.4,33.3,32.5,33.5,33.2,32.7,32.2,33.8,33.9,33.8,32.9,34.0,33.1,33.7,33.8,32.9,33.5,32.8,33.2,33.2,33.4,32.7,32.1,31.7,32.7,31.9,32.8,31.8,33.1,32.2,32.3,32.5,33.3,32.2,33.0,32.3,32.9,33.1,33.8,34.0,34.0,34.1,33.3,33.6,33.4,33.3,32.6,32.5,33.2,31.6,33.1,32.9,32.2,32.3,31.9,32.1,31.6,32.7,33.0,32.3,32.7,32.4,31.8,32.7,33.2,32.7,33.1,32.9,32.7,34.1,33.2,33.4,33.1,34.2,33.2,34.4,34.0,33.9,33.4,33.7,34.1,33.3,33.2,32.1,32.6,32.2,32.0,32.0,33.1,32.3,33.4,32.6,32.7,32.5,32.8,32.8,33.3,32.5,31.9,32.8,33.2,33.4,34.6,34.8,33.8,32.8,33.3,33.5,33.5,33.7,34.5,34.3,33.4,32.6,31.9,33.4,31.6,32.2,32.4,33.6,32.5,32.4,31.8,32.9,32.7,32.7,31.9,32.1,32.1,32.7,33.1,33.8,33.6,34.2,34.7,34.9,33.9,33.5,33.4,34.1,34.0,34.6,33.8,35.1,33.6,32.2,32.8,32.5,33.9,32.6,32.3,31.9,32.8,32.1,32.8,32.5,32.7,31.5,32.8,32.3,32.7,33.0,33.0,32.3,33.5,33.6,34.5,33.7,33.3,34.0,33.4,33.1,33.9,34.1,34.3,33.7,32.6,33.4,32.5,32.2,33.0,34.3,33.0,32.3,32.7,33.4,32.4,32.5,32.7,32.9,nan,31.7,32.3,33.4,32.3,33.5,33.1,34.7,33.6,34.6,34.1,33.4,32.7,34.5,33.3,34.2,33.6,33.6,34.3,32.5,33.9,31.9,33.5,31.1,34.2,33.3,33.3,32.4,33.3,32.1,33.0,31.5,32.2,31.9,32.8,32.2,33.2,32.8,33.2,33.3,33.4,33.8,33.2,32.5,32.8,31.9,34.1,33.3,33.0,33.4,34.7,33.1,31.7,32.4,34.4,32.2,32.3,32.7,33.1,33.3,31.9,32.6,32.9,32.8,32.4,32.6,33.4,32.6,32.1,32.3,33.3,33.4,32.3,33.1,32.9,33.3,32.5,32.1,32.9,33.8,32.7,33.7,33.7,34.1,32.8,33.3,34.3,32.0,33.3,32.6,32.2,32.3,33.0,32.5,32.8,32.1,32.9,31.8,33.2,33.7,32.8,32.3,33.9,33.2,34.4,33.0,33.7,33.0,33.2,33.2,33.6,33.2,33.8,34.4,34.3,33.1,33.7,32.9,32.7,32.0,33.1,32.0,33.3,32.6,33.5,32.1,32.2,32.3,32.6,33.0,33.0,32.8,31.8,33.5,33.2,32.9,33.5,33.8,33.1,33.6,32.9,32.9,33.3,34.0,32.3,33.7,34.0,32.5,33.5,31.8,34.8,31.9,33.1,32.0,33.2,31.5,33.7,32.6,33.2,32.1,33.0,32.8,32.8,31.7,32.5,32.4,32.8,32.8,33.0,32.6,33.7,33.0,33.2,31.1,32.6,31.9,33.6,34.1,35.3,32.3,32.6,34.3,33.0,33.4,33.1,33.0,32.4,32.3,31.5,32.3,33.0,32.8,32.3,33.0,32.6,33.3,32.7,31.6,33.4,33.7,33.5,33.5,33.9,33.9,33.4,33.1,32.4,33.3,32.6,34.0,33.9
1785303210.671607,448,31.4,33.0,31.8,33.3,31.7,32.5,32.2,33.6,31.1,34.2,32.4,32.6,31.3,33.2,32.1,33.0,33.2,33.6,33.0,32.7,32.5,33.5,32.8,32.8,31.8,32.9,33.6,32.4,32.3,32.4,32.4,32.6,32.6,32.5,33.2,33.1,33.0,31.2,31.7,32.2,32.8,32.1,32.7,33.8,33.1,31.5,32.3,32.4,33.4,32.2,32.5,32.2,33.8,31.8,32.1,33.3,33.3,32.5,32.6,33.4,34.8,30.8,32.9,32.7,32.1,34.3,32.4,32.0,31.7,34.0,31.9,32.6,31.6,32.8,31.3,31.8,31.2,32.5,31.4,32.7,32.5,32.7,31.8,32.7,32.2,32.8,32.9,32.8,32.3,34.0,32.8,34.5,31.9,32.7,33.4,33.2,32.7,32.9,32.0,32.7,32.4,31.2,33.3,32.6,32.3,31.4,33.1,32.5,33.1,32.2,33.2,33.3,33.5,32.3,33.1,31.9,32.3,32.8,33.6,34.4,35.1,34.1,33.6,32.7,33.7,32.5,31.7,33.7,32.4,33.3,31.6,32.9,31.1,32.8,32.6,33.2,32.3,33.2,31.8,32.6,31.5,31.9,32.4,32.9,32.2,33.3,32.0,33.3,31.9,32.4,32.2,34.4,34.1,33.3,33.4,32.6,32.0,33.5,33.2,33.8,33.9,32.3,31.2,32.0,33.4,31.9,32.9,32.7,32.4,32.1,32.4,32.4,33.5,32.5,32.0,32.2,33.8,31.0,32.6,32.5,34.0,32.0,32.8,34.4,34.5,33.5,32.9,32.8,33.7,33.5,33.1,33.2,32.5,32.7,32.5,33.4,30.9,33.0,32.7,32.9,32.3,33.4,32.7,32.9,32.3,33.1,32.9,33.0,32.0,32.8,32.6,33.5,32.3,32.8,32.7,33.3,33.3,34.5,33.0,33.3,32.3,33.3,33.4,33.8,33.5,31.0,32.8,33.1,32.7,31.8,32.6,32.6,33.1,31.4,31.9,32.5,32.8,31.7,33.3,32.4,33.0,32.2,32.0,33.0,33.0,32.8,33.8,33.5,33.5,33.5,33.8,34.1,33.7,32.4,32.7,32.6,33.0,33.0,32.8,32.2,32.5,33.2,32.2,32.2,32.2,33.2,32.6,32.9,32.3,33.1,31.7,32.6,32.5,33.1,32.1,31.7,32.5,33.5,32.8,33.3,32.7,34.4,33.2,33.5,33.1,33.2,33.3,32.8,33.3,30.5,33.3,32.1,33.5,31.6,33.5,32.3,33.2,32.3,32.0,33.2,33.0,32.0,32.8,32.7,32.0,31.1,33.6,32.9,34.1,33.0,33.5,33.6,33.7,33.9,33.9,33.9,33.5,32.8,32.5,32.8,31.9,33.6,32.8,33.0,31.7,33.4,31.3,32.9,32.1,34.1,32.2,33.0,32.3,33.1,32.5,32.7,32.9,33.6,31.8,32.5,32.8,33.8,32.9,33.3,33.1,34.5,32.4,33.9,33.0,33.7,32.5,33.4,33.1,31.4,32.3,32.9,33.5,31.7,32.3,33.0,34.0,32.8,32.3,32.7,33.4,31.7,32.8,32.7,33.2,32.2,33.3,32.4,34.1,33.4,32.8,33.7,34.0,33.0,33.4,33.2,33.4,33.6,32.6,31.9,32.0,34.2,32.9,31.7,32.7,33.1,31.7,31.9,31.6,33.1,32.3,32.8,32.3,33.4,33.3,32.4,32.7,32.8,32.1,32.7,33.3,34.0,33.8,32.8,33.5,34.5,34.2,33.6,33.9,34.3,33.9,33.9,32.5,32.9,33.7,32.5,33.2,32.9,33.0,32.3,33.0,31.9,33.2,32.5,32.6,31.8,31.9,32.9,33.0,32.6,32.6,33.0,34.2,33.7,33.9,34.6,33.3,32.0,34.1,33.6,35.0,33.9,33.6,33.9,33.1,33.0,32.6,32.3,32.0,33.6,31.8,33.3,31.3,32.8,31.2,32.8,32.3,33.6,32.5,32.9,32.4,34.6,32.6,32.9,33.1,34.6,33.5,33.2,33.1,34.7,34.4,33.5,35.1,35.7,34.5,34.1,34.1,32.1,33.2,33.0,33.4,31.5,33.1,33.0,33.5,32.0,32.4,32.2,33.4,32.6,32.4,32.9,33.4,32.4,33.2,32.8,34.3,34.5,33.7,34.3,33.7,34.1,34.5,33.4,33.7,34.1,35.5,33.2,32.4,34.1,32.5,32.7,32.2,34.0,33.7,33.1,32.3,33.1,32.3,32.3,31.8,33.0,32.8,33.0,32.2,33.3,32.8,33.2,33.3,34.8,33.2,34.0,34.0,34.4,34.5,34.0,33.3,35.2,33.1,33.3,32.8,32.1,32.6,33.4,34.0,31.9,33.0,32.3,33.2,32.4,32.2,32.7,33.9,nan,32.9,31.8,33.1,32.6,32.6,33.8,34.2,34.1,33.3,33.9,33.9,33.6,34.0,33.5,34.2,33.2,34.6,34.3,31.6,33.2,32.1,33.9,32.0,33.5,32.2,32.8,32.5,32.6,33.1,33.0,32.5,33.3,31.9,32.9,32.5,32.8,33.3,33.7,33.6,34.0,33.1,32.8,32.3,34.1,33.7,32.9,32.9,34.3,33.0,33.3,32.7,32.2,33.0,33.1,32.7,33.1,32.3,32.7,33.5,32.1,32.6,32.9,33.3,32.0,32.3,33.2,33.9,32.1,33.1,34.1,33.4,33.3,33.4,33.1,33.3,32.0,33.1,32.9,34.4,34.0,34.1,32.9,33.5,33.7,32.5,33.3,31.8,34.2,32.1,32.8,32.0,32.8,31.3,33.0,32.7,33.7,32.3,32.7,32.7,33.7,32.3,32.0,34.2,34.4,33.2,32.7,32.1,33.8,32.6,34.2,34.0,33.2,33.8,33.5,33.8,32.6,33.3,33.5,32.8,32.5,32.6,32.0,32.6,32.4,32.8,32.9,33.1,32.3,32.3,32.5,33.5,32.3,32.8,32.8,34.1,33.6,33.1,33.3,33.1,33.3,32.5,33.3,33.5,31.7,34.9,35.1,31.1,34.2,32.2,33.5,32.6,34.1,32.4,32.6,31.5,33.4,31.7,32.5,30.7,33.0,33.0,32.5,33.2,32.5,32.1,33.2,33.2,33.6,33.2,33.8,32.8,34.5,35.3,33.5,33.2,34.2,33.6,34.0,33.5,32.7,33.2,33.0,34.0,33.4,32.5,33.2,32.9,33.2,33.8,33.5,33.7,31.4,32.3,33.0,33.5,32.5,32.9,32.3,33.4,33.5,33.6,33.9,33.6,32.6,33.8,33.8,33.8,32.8,33.6,33.7
1785303212.843801,449,32.1,33.3,31.7,32.6,33.0,32.8,32.8,33.5,32.7,33.1,31.5,32.9,33.5,32.8,33.3,32.2,32.0,33.7,31.6,32.2,31.6,33.2,33.5,32.7,32.3,33.2,32.2,32.9,32.4,32.7,32.8,32.4,31.4,33.2,33.0,33.5,32.4,31.3,32.0,33.1,32.8,32.6,31.8,33.0,33.2,31.2,31.7,32.7,32.8,32.5,33.1,32.9,33.2,31.2,32.6,33.4,32.6,33.2,32.5,33.7,33.4,33.2,33.3,32.3,32.5,32.7,33.4,32.5,32.4,32.8,32.2,32.7,33.1,32.9,31.6,32.1,32.4,33.8,32.8,32.5,31.9,33.2,32.1,33.2,32.6,32.9,33.0,33.0,33.5,33.8,32.9,32.2,33.5,34.1,31.7,34.0,32.1,32.7,32.4,33.7,32.5,32.9,32.8,33.5,33.4,32.3,31.2,33.2,32.7,32.7,33.0,32.4,33.9,32.7,32.9,33.4,32.7,32.2,33.7,34.9,34.3,33.4,32.9,33.4,33.0,33.2,32.5,34.5,32.5,32.0,31.9,31.1,32.2,32.1,32.7,32.9,32.6,32.1,31.5,32.7,32.1,33.0,32.8,32.0,32.2,32.7,32.0,32.1,32.2,33.2,35.6,35.2,34.8,35.0,33.3,33.5,33.3,33.2,34.0,32.8,33.3,32.2,32.0,32.7,32.2,32.8,32.6,32.1,33.2,32.9,33.2,32.9,32.4,31.9,32.7,33.1,33.4,32.1,32.9,32.4,32.6,32.4,34.4,34.0,35.0,34.1,33.2,32.9,31.8,31.7,32.7,33.6,31.5,33.2,32.8,32.7,33.1,32.9,32.8,33.5,32.6,33.1,32.6,32.9,32.4,32.7,31.7,32.7,31.8,33.1,31.9,32.5,33.2,34.7,33.4,33.6,33.9,33.9,33.9,32.7,33.0,32.9,32.7,33.9,32.0,31.1,32.5,32.4,32.1,32.3,32.5,32.4,32.7,32.2,32.7,32.6,32.6,32.3,32.8,33.0,32.2,32.5,33.4,32.8,34.4,33.9,33.6,33.3,34.6,33.3,34.1,33.9,33.2,32.9,33.2,32.3,31.8,32.0,32.7,33.1,32.4,32.9,32.8,33.6,33.0,32.8,33.0,33.2,32.1,32.4,32.7,33.1,33.4,33.1,33.7,33.7,33.7,34.4,32.9,33.6,33.2,34.1,33.9,34.5,33.4,33.3,31.5,32.6,33.2,31.7,32.4,32.8,32.9,32.1,32.4,33.4,31.8,32.7,33.1,34.6,32.9,32.3,32.0,32.0,33.7,32.6,32.8,33.1,33.8,33.8,33.3,34.2,33.4,33.6,33.8,33.9,32.7,32.9,33.6,32.3,32.6,33.5,33.3,32.9,32.2,33.5,32.6,33.2,32.2,34.0,32.5,32.8,32.7,32.8,33.2,32.5,32.6,33.6,32.7,32.8,33.4,33.6,34.0,32.8,33.7,33.5,34.2,33.3,32.7,33.5,33.2,32.7,33.6,33.0,33.4,32.8,33.2,32.0,32.2,32.6,32.8,32.3,32.9,33.0,33.3,32.0,32.3,33.0,32.5,32.2,32.9,33.5,32.5,32.7,34.2,34.1,33.8,33.8,33.8,33.7,33.5,32.8,33.8,33.0,31.7,33.7,31.6,33.9,31.9,33.5,32.3,33.2,31.5,32.6,32.5,32.7,31.9,32.3,32.8,32.1,33.6,33.1,33.1,33.0,32.0,33.4,34.1,33.6,34.1,33.6,33.9,33.7,33.4,33.5,33.8,32.6,32.8,33.6,32.1,32.7,32.9,31.8,32.9,31.9,31.9,32.5,33.1,32.3,33.0,32.4,32.0,33.4,33.6,32.1,32.5,32.7,32.8,32.5,34.0,33.2,34.3,33.0,34.0,32.5,33.6,34.1,33.7,33.4,33.4,32.9,33.0,32.4,32.5,32.8,33.0,32.5,32.5,32.1,33.2,33.4,32.8,32.8,33.1,32.8,32.2,32.6,33.4,33.6,32.9,34.1,33.9,33.4,33.6,34.0,34.1,34.0,33.4,35.8,34.6,34.2,33.5,33.7,33.1,32.9,32.6,32.2,33.2,32.3,32.3,32.5,33.0,32.5,32.5,32.7,33.0,33.2,33.2,32.7,33.6,33.4,34.4,34.2,34.0,33.9,34.1,33.7,33.3,34.6,34.7,33.9,34.9,32.7,32.8,33.9,32.4,33.2,33.6,33.4,33.2,32.3,32.7,32.9,32.3,33.1,32.4,32.9,32.8,32.6,32.3,33.4,33.1,33.5,33.2,34.9,33.9,34.1,32.4,34.5,33.9,34.2,34.6,34.4,34.2,33.4,33.4,33.0,33.1,32.9,33.2,32.4,32.6,32.8,32.5,32.3,33.2,32.8,33.7,nan,32.8,33.3,33.2,31.9,33.0,33.9,33.3,34.0,33.4,33.9,32.2,32.8,33.3,33.6,33.6,34.1,34.1,34.1,32.8,34.2,32.2,32.4,31.8,33.4,32.5,32.5,33.3,33.1,33.3,33.4,32.1,33.1,32.3,33.0,33.1,32.1,32.8,33.0,33.6,33.8,33.1,33.3,32.6,33.1,34.0,33.7,32.5,34.1,33.7,34.0,32.8,31.8,32.7,32.6,33.0,33.0,31.7,33.6,33.2,31.8,32.5,33.5,33.1,32.6,32.2,33.9,33.4,33.2,32.4,33.1,33.0,34.2,33.9,34.1,33.0,32.8,32.1,34.0,33.2,34.1,34.2,33.9,32.4,33.6,32.4,33.2,33.5,33.8,32.4,32.7,31.9,33.6,32.8,33.1,32.3,33.1,33.3,33.1,32.8,32.9,33.4,33.1,33.6,34.5,33.5,33.1,32.0,33.3,33.7,32.8,34.1,34.3,33.0,34.2,33.0,32.0,32.4,32.8,32.7,31.8,32.1,34.2,33.2,32.4,33.3,33.2,32.7,32.6,32.9,32.9,32.9,32.2,32.7,33.3,33.0,33.4,33.4,33.3,33.2,33.0,33.7,33.6,33.6,33.2,34.8,34.3,31.7,34.0,32.4,32.8,33.1,33.0,32.7,33.1,32.9,34.0,32.6,33.5,32.6,33.4,32.2,33.3,32.6,33.3,32.7,33.8,33.8,33.7,33.5,34.8,33.3,34.1,33.7,34.0,33.3,34.8,34.6,34.3,34.7,33.2,33.8,32.6,33.5,32.5,32.4,33.7,32.2,33.5,33.5,33.5,32.3,32.8,32.6,33.5,31.9,32.8,32.8,31.9,33.8,32.8,34.2,33.7,32.9,32.3,32.7,33.3,32.6,33.3,33.2,34.3
1785303215.0305557,450,32.5,33.1,33.1,33.9,32.9,33.0,32.3,33.5,32.7,33.7,32.4,33.1,31.3,32.4,32.6,33.5,32.1,32.4,33.2,33.4,31.9,33.2,32.8,33.9,32.6,32.8,31.9,33.8,33.0,32.9,32.4,34.2,34.5,31.2,31.8,32.4,33.7,32.0,32.4,32.2,32.8,32.7,33.1,32.7,32.6,31.6,33.1,32.4,33.2,31.5,32.6,32.2,33.2,32.2,33.7,32.9,33.6,31.5,33.5,32.3,33.4,32.2,33.3,34.2,33.1,33.7,31.7,32.8,31.4,33.0,33.3,33.1,32.0,33.5,31.9,32.6,31.2,32.8,32.5,33.7,32.0,32.6,33.2,32.3,32.4,32.5,33.8,34.3,32.8,32.8,34.2,34.0,32.4,32.6,32.0,33.3,32.6,31.7,32.1,33.2,33.1,32.2,33.2,32.4,32.6,33.6,33.7,32.7,32.5,31.2,32.8,32.8,33.4,32.8,32.5,32.3,33.0,33.0,33.9,33.1,35.2,33.2,32.7,33.7,33.4,32.5,35.0,32.8,31.5,33.9,32.7,33.9,31.1,33.1,33.0,32.9,32.1,32.6,32.1,32.8,32.0,32.5,32.5,33.0,32.7,32.2,31.9,33.1,33.7,34.1,34.6,34.6,34.5,35.0,33.8,34.2,32.6,33.8,32.5,34.3,32.9,32.0,32.6,31.7,33.3,33.4,32.8,32.9,33.4,32.6,33.2,33.1,33.7,32.1,33.4,32.7,33.1,32.6,32.9,34.0,34.2,32.8,33.2,34.4,35.1,34.5,34.3,33.2,33.4,31.7,33.8,33.4,32.0,33.2,32.5,32.5,30.9,32.9,32.9,33.2,32.2,32.6,33.2,32.5,31.6,32.4,32.6,32.7,31.8,32.9,32.3,34.9,33.4,33.4,32.7,34.4,33.4,34.9,33.4,32.9,33.3,32.9,33.7,33.9,32.7,32.1,32.5,32.5,32.8,32.7,32.9,33.0,33.1,32.8,33.9,32.2,33.4,31.8,32.3,32.9,32.6,32.8,35.5,33.7,34.3,32.8,33.4,33.5,33.3,32.5,34.5,33.0,33.6,32.2,34.2,33.2,33.0,32.9,32.5,33.9,32.5,32.9,33.4,33.9,32.3,32.5,32.9,33.5,31.8,32.4,32.9,33.9,32.9,33.9,33.1,34.2,33.3,34.0,33.1,33.9,32.9,34.0,33.4,34.7,33.1,34.0,33.3,33.1,32.8,32.6,32.6,32.5,33.6,32.0,33.2,33.1,34.4,32.3,32.4,32.8,33.6,31.6,32.3,32.4,32.5,31.9,33.9,32.4,33.6,32.6,33.3,33.6,33.9,33.0,33.5,33.8,33.1,32.8,32.8,33.0,33.0,32.9,33.0,33.3,31.9,33.7,32.7,33.0,31.6,32.7,32.1,32.9,32.6,33.2,32.1,33.6,32.3,33.9,32.6,33.7,32.0,33.9,32.9,34.4,32.6,34.0,33.8,33.9,32.2,33.1,31.9,34.1,33.6,31.6,32.8,32.7,32.7,31.5,33.3,33.3,33.5,32.5,32.8,32.7,33.1,31.6,32.8,33.2,33.0,32.5,33.3,32.7,33.4,33.2,34.6,33.4,34.4,33.1,33.6,33.4,33.8,33.6,33.3,33.9,32.4,33.5,33.2,33.3,32.7,32.8,33.1,33.0,32.8,32.4,32.6,33.9,31.8,32.9,32.0,33.6,33.0,32.6,32.8,33.6,32.2,32.5,34.0,34.4,33.6,33.8,33.8,34.9,33.1,34.0,34.3,34.3,32.8,32.5,33.1,32.0,32.4,32.6,32.9,31.3,33.3,31.9,33.1,32.2,33.0,32.4,32.8,33.6,33.3,31.8,33.5,32.3,32.8,33.1,33.3,33.6,33.1,32.4,34.5,33.2,33.6,33.4,34.2,33.5,32.4,32.7,33.4,32.4,32.2,32.8,33.6,32.8,31.6,33.1,33.5,32.3,32.0,33.4,33.1,33.4,32.4,32.8,33.5,34.2,32.1,33.7,33.8,33.9,33.0,32.9,33.7,34.2,33.7,34.6,33.3,34.2,34.2,32.6,32.7,32.4,32.5,31.7,33.2,31.6,33.1,31.7,32.8,33.2,34.0,32.4,33.5,33.4,34.3,33.1,33.9,33.8,33.6,33.1,34.2,32.9,33.6,33.6,34.0,33.4,33.7,34.0,34.7,34.2,32.7,32.9,32.5,34.2,32.6,33.4,32.4,33.2,32.8,32.4,32.8,33.1,32.4,32.9,32.3,33.3,33.0,33.6,32.7,34.1,33.8,34.8,33.3,34.1,33.7,34.5,33.5,34.2,33.5,34.6,33.3,34.0,32.9,32.5,33.1,33.0,33.7,32.5,32.3,32.8,33.3,32.1,33.2,33.1,32.9,nan,32.7,31.4,33.7,32.0,33.3,33.8,34.5,33.2,33.5,33.8,34.4,32.7,33.9,32.6,33.9,32.9,34.1,33.9,32.7,33.8,33.1,33.4,33.2,33.4,32.9,33.1,31.8,33.6,32.1,32.8,31.9,32.4,32.8,33.6,33.0,32.8,33.5,34.1,33.5,33.0,33.0,34.0,32.5,32.9,33.2,33.7,33.3,33.7,34.0,34.0,33.8,31.9,33.9,33.1,34.0,31.8,32.6,32.7,33.9,32.1,33.4,32.9,32.6,32.8,32.5,32.4,33.5,33.0,32.7,33.1,34.7,33.1,33.0,33.3,34.2,32.7,33.2,32.9,35.0,32.9,34.8,32.7,32.8,34.2,32.7,32.8,31.8,34.3,33.2,33.5,32.0,33.4,33.0,33.8,32.3,32.8,33.5,33.5,32.7,33.8,33.1,33.8,32.6,34.5,33.7,33.3,32.8,33.5,32.0,33.5,31.8,33.7,33.8,34.4,33.0,33.7,33.0,33.5,33.2,32.9,32.0,32.6,32.7,32.9,33.8,32.9,33.1,31.4,33.6,32.6,33.6,31.6,33.4,32.8,33.9,32.6,34.5,33.9,33.7,32.7,33.7,32.9,33.2,33.5,35.7,33.3,33.2,33.8,33.4,33.6,32.4,33.4,33.2,32.9,32.5,33.8,33.0,33.5,32.5,33.1,32.7,34.0,32.1,33.1,32.6,33.1,33.2,33.1,34.1,32.7,33.0,33.9,33.2,34.1,33.0,33.7,32.5,34.7,33.1,32.9,33.3,33.2,33.3,32.4,32.6,33.2,32.4,33.0,33.5,33.2,33.3,32.5,33.1,32.8,32.6,32.7,32.9,33.8,34.0,32.8,33.8,32.7,34.1,33.0,33.1,32.6,33.9,33.2,33.2,35.0
1785303217.0337875,451,32.5,32.5,32.3,32.9,33.3,32.7,32.7,32.6,32.1,32.1,32.4,32.3,31.7,32.4,33.0,33.1,32.1,32.4,32.4,32.8,32.6,33.5,31.4,33.3,32.6,32.7,32.1,32.7,32.7,34.0,32.4,32.9,32.4,31.4,33.0,32.4,32.4,32.0,32.2,33.0,32.3,32.1,32.3,31.9,33.0,32.7,32.6,31.8,32.1,32.7,32.9,32.7,32.6,32.7,32.6,33.1,33.9,32.5,32.5,33.5,33.1,32.2,34.0,32.6,32.6,33.6,30.9,32.7,32.7,32.8,32.1,32.5,33.1,33.4,31.9,33.0,31.9,33.3,33.3,32.8,32.6,33.1,32.1,32.6,32.3,31.8,33.6,33.6,33.4,34.3,33.2,33.0,31.7,33.4,32.0,33.5,31.8,32.6,31.6,32.0,32.0,33.0,31.9,31.8,32.8,32.3,33.0,32.9,33.0,33.1,32.6,32.7,32.9,32.2,32.3,32.8,32.3,32.2,33.7,33.1,33.7,33.1,33.1,32.3,33.3,32.5,32.9,33.6,33.3,32.5,32.2,32.4,32.5,32.8,32.0,32.9,32.8,32.0,31.9,33.3,32.0,33.0,32.2,32.5,31.9,32.2,32.7,32.7,32.4,32.9,33.9,33.7,34.3,34.1,32.6,33.6,33.0,34.0,32.7,33.7,33.3,31.1,31.5,31.9,32.9,32.4,33.1,31.7,33.0,32.5,32.1,32.0,33.0,31.8,33.0,32.3,32.9,32.6,32.7,32.5,33.2,31.8,34.6,33.6,34.6,35.2,33.3,33.0,33.4,32.5,33.1,32.8,33.3,32.3,31.7,32.9,32.4,33.7,31.4,32.9,32.7,32.3,32.0,32.3,32.7,32.8,32.7,31.5,32.1,32.2,32.4,32.9,32.8,32.7,32.7,33.9,33.9,34.9,33.7,33.6,32.9,33.8,32.8,34.3,33.6,31.2,32.3,32.6,32.8,31.7,32.8,32.4,31.6,32.7,32.0,33.1,32.6,32.1,31.9,33.0,32.8,32.8,32.7,32.7,32.8,32.6,33.2,34.6,33.8,34.4,33.5,32.6,33.6,33.1,33.4,31.9,32.3,33.7,32.3,33.3,32.8,32.7,31.6,32.5,32.4,33.5,32.2,33.0,32.6,33.2,32.8,33.2,32.3,32.4,32.6,33.2,33.2,33.7,33.3,33.6,32.2,33.1,32.9,33.8,33.1,32.5,33.0,33.0,33.2,32.8,32.0,32.3,33.4,32.3,32.5,33.3,33.6,32.6,33.4,32.8,33.2,32.0,32.9,32.3,31.6,32.8,33.1,33.0,33.3,33.3,33.4,33.5,34.6,33.2,34.7,34.3,33.6,33.0,33.6,32.6,32.5,33.5,33.0,33.3,32.6,33.1,31.8,33.0,31.6,33.0,32.5,32.6,32.9,32.1,32.1,32.4,32.9,32.3,31.6,33.2,33.1,34.0,33.6,33.6,33.2,33.6,32.9,33.6,33.8,33.3,33.2,33.1,33.6,33.0,33.6,32.3,33.0,32.4,32.9,32.6,32.9,32.4,32.7,32.7,33.1,32.3,32.3,32.4,34.2,32.5,34.0,33.2,35.0,33.8,33.4,33.0,33.1,32.7,33.4,34.1,33.4,33.2,33.0,33.8,32.8,33.1,32.8,33.9,33.4,33.1,32.7,32.1,32.9,33.0,32.7,32.9,32.6,31.9,32.5,33.6,33.0,32.9,32.3,33.7,33.0,34.2,33.9,33.9,33.1,33.3,34.5,33.8,33.3,32.9,34.0,33.3,32.6,31.6,31.6,32.3,32.5,31.8,33.2,31.6,32.1,33.0,33.4,32.5,33.4,32.6,33.1,32.9,33.6,32.7,33.0,32.7,33.9,33.7,35.2,33.9,34.1,33.0,34.3,34.1,33.6,33.2,34.0,33.5,32.4,32.9,32.6,32.3,32.6,32.4,31.6,33.2,32.6,32.7,32.8,33.2,32.8,33.2,32.8,33.2,32.8,33.4,33.1,33.6,32.6,33.2,34.4,34.6,33.8,33.8,32.7,33.4,34.7,33.8,35.4,34.3,33.7,32.3,32.9,32.6,32.1,32.8,33.7,32.5,33.1,32.6,32.8,32.4,32.7,33.0,32.8,32.9,33.0,32.4,33.6,32.8,34.6,33.2,34.0,34.9,35.1,34.0,34.5,33.4,34.9,33.9,34.8,34.5,32.6,33.9,33.0,33.4,31.8,32.4,32.0,32.5,32.6,32.7,32.6,33.1,32.6,31.6,32.3,32.6,32.8,33.1,32.8,33.9,32.9,34.6,33.5,33.9,33.6,33.4,34.5,34.4,33.3,34.2,33.7,34.3,32.5,33.1,32.5,32.6,33.5,32.4,32.9,32.5,33.0,32.5,32.3,32.7,33.2,nan,32.3,32.6,32.7,33.2,33.3,33.9,33.8,34.0,33.5,33.2,34.8,33.9,33.8,33.3,34.3,33.4,33.9,33.3,32.7,31.4,32.7,33.0,33.5,32.2,32.0,32.5,32.1,32.3,32.6,33.2,31.3,32.2,32.6,32.8,33.0,32.4,32.5,33.6,33.6,33.1,32.8,33.6,32.4,33.1,32.6,34.2,32.9,33.5,34.0,35.2,33.6,33.6,32.9,32.8,33.0,31.9,32.7,33.1,33.0,32.0,32.9,33.7,33.4,32.6,32.0,32.2,32.0,33.2,33.5,33.8,34.0,33.2,33.0,32.9,33.9,32.1,33.9,33.1,33.7,33.8,33.8,33.1,33.6,32.5,32.5,33.6,32.4,32.6,32.0,33.6,32.6,32.0,32.3,33.1,32.3,33.1,33.1,33.3,33.0,33.6,32.4,34.0,33.5,34.3,33.7,33.3,32.8,33.1,32.9,33.1,32.4,33.9,33.1,34.2,33.2,33.9,33.4,32.8,33.2,33.0,33.2,33.7,32.8,32.9,33.9,32.9,32.9,32.1,32.9,33.6,33.0,33.3,33.4,33.3,33.4,33.1,33.9,33.6,33.5,34.0,32.6,33.9,33.3,33.4,34.8,34.0,32.7,34.5,32.7,33.4,32.7,33.0,32.6,32.5,33.3,33.5,31.7,33.3,31.9,33.6,33.3,32.2,33.1,32.4,33.7,33.6,33.9,33.6,33.5,32.7,33.4,32.3,33.1,33.7,33.5,34.1,33.4,35.2,33.3,32.8,32.8,33.1,32.5,32.3,33.1,33.0,33.1,33.0,33.1,33.0,33.6,33.2,33.3,32.8,33.1,32.0,33.1,32.8,33.1,33.0,33.6,33.5,33.1,32.8,31.2,34.2,34.2,33.4,33.6,35.0
1785303219.3280957,452,33.9,32.1,33.3,32.5,33.7,31.8,32.5,32.3,31.7,32.0,32.6,32.0,32.1,32.3,32.8,33.2,33.5,32.1,32.8,33.0,33.2,32.1,33.9,32.4,33.0,31.6,34.5,32.8,33.6,31.6,33.4,32.3,32.3,32.8,32.6,33.6,32.1,32.9,31.9,32.8,32.6,32.7,32.4,33.8,32.2,32.7,32.8,32.7,32.7,32.7,32.1,32.9,33.4,34.2,33.2,32.3,33.1,32.9,32.8,33.6,31.7,33.3,32.7,33.9,32.9,34.0,32.9,32.9,32.7,32.9,32.9,32.6,32.0,31.9,32.3,32.5,33.0,32.3,32.1,32.7,32.7,32.4,32.0,32.2,32.2,32.6,33.2,32.4,33.6,32.5,33.2,32.7,33.8,32.5,33.9,33.9,32.2,34.5,32.9,33.4,31.9,32.8,33.0,32.6,31.9,32.9,32.7,32.7,32.6,32.6,32.9,31.9,33.3,32.8,32.6,32.4,31.5,33.6,32.7,33.3,32.3,33.3,33.2,33.5,33.9,33.3,32.6,34.3,34.3,31.9,33.1,32.5,33.1,32.0,33.2,33.4,32.8,32.7,33.2,32.5,32.4,32.7,32.9,32.6,33.6,32.6,32.9,32.6,32.7,32.8,33.2,32.6,32.9,32.7,33.2,33.1,32.8,34.5,33.6,34.7,33.0,33.2,32.5,33.7,32.2,32.7,33.6,33.6,32.9,33.3,32.0,32.2,32.6,33.4,33.1,33.8,32.6,32.6,31.9,33.1,32.3,32.8,32.6,33.5,31.9,32.8,33.1,33.9,34.1,35.3,32.0,34.1,33.8,30.9,32.3,33.8,32.4,32.5,33.0,32.7,33.7,33.2,32.5,33.7,31.9,32.6,32.6,32.9,33.4,31.8,32.4,32.7,33.1,31.8,33.4,33.8,34.1,33.6,33.8,34.2,34.2,35.1,34.7,32.8,31.7,33.0,33.2,32.3,32.1,32.7,33.8,32.6,32.9,33.6,32.1,32.6,32.3,32.6,33.1,33.7,32.0,32.5,32.2,33.2,33.5,32.7,33.6,34.7,33.8,34.2,33.6,33.6,34.0,34.5,33.3,32.6,32.1,32.7,32.5,32.6,33.9,32.6,32.5,31.8,32.4,31.7,31.7,32.2,33.4,32.9,32.1,33.3,32.5,33.1,32.8,32.9,33.7,32.5,31.8,33.1,33.2,33.8,34.8,33.0,33.8,33.0,33.0,34.0,32.9,32.8,32.9,33.3,32.7,33.8,31.5,33.7,33.3,32.3,32.3,32.8,32.2,33.1,32.3,33.3,32.2,32.8,33.0,34.0,31.9,33.4,33.6,33.5,32.5,34.7,34.0,34.8,33.9,33.2,33.9,34.7,33.4,32.4,33.0,32.8,32.6,32.9,32.1,32.4,33.1,32.9,33.1,32.6,33.1,33.4,32.8,32.2,33.4,32.7,32.6,33.1,32.8,33.0,32.6,33.3,33.7,33.5,34.0,33.9,34.6,33.3,33.9,33.2,32.7,33.0,32.7,33.7,32.4,32.0,33.5,33.3,32.0,33.1,32.8,32.0,33.5,32.5,32.8,33.3,32.7,32.8,32.5,33.2,31.7,33.0,33.0,33.2,33.6,33.5,34.0,33.6,33.7,34.1,33.7,34.3,33.0,33.4,32.3,32.0,32.7,32.1,33.3,32.7,33.4,32.6,32.8,32.9,33.3,32.6,32.5,32.7,33.3,32.5,32.6,33.5,32.8,32.8,33.8,34.0,35.0,33.2,33.5,33.7,34.0,33.5,33.9,33.8,33.9,32.7,32.5,32.9,31.5,32.8,32.8,33.0,32.7,33.5,32.3,33.2,32.4,32.1,33.0,32.4,33.5,32.9,32.6,33.2,33.2,33.2,33.4,33.6,32.7,33.7,34.1,35.2,33.2,33.6,34.1,34.5,33.9,33.4,32.6,32.6,32.8,32.5,33.1,33.4,32.9,32.3,32.8,32.7,33.1,32.6,32.3,32.4,33.3,33.0,33.0,33.3,33.1,32.2,34.5,33.0,34.0,33.0,32.6,33.9,33.7,32.8,35.4,33.8,32.8,32.7,32.2,32.6,33.0,32.3,32.3,32.8,32.7,32.8,32.5,32.9,32.4,32.7,32.7,33.1,32.6,33.5,32.8,33.3,32.9,32.9,34.0,34.1,32.8,33.6,33.7,34.3,32.8,33.6,34.7,34.1,33.3,32.6,32.9,33.3,33.5,31.8,33.5,32.8,33.3,32.3,32.6,33.0,32.3,32.0,33.0,32.5,33.4,32.7,33.1,33.3,33.1,32.7,33.0,34.0,33.7,33.3,34.0,32.9,33.7,34.1,34.1,34.9,33.7,33.1,33.0,33.2,33.2,33.0,33.5,33.5,32.9,32.9,32.7,33.4,31.6,nan,32.2,32.4,32.6,32.0,32.9,33.3,33.0,33.6,32.7,34.1,33.6,33.8,33.9,33.6,33.1,33.6,33.8,34.5,33.8,32.4,32.7,33.3,33.5,32.9,32.4,33.1,32.6,31.6,33.3,33.5,33.2,32.6,33.2,33.3,32.8,33.1,33.5,32.7,32.7,33.9,33.1,33.5,33.5,33.0,33.0,33.2,33.9,33.2,35.0,33.7,32.2,33.2,33.4,33.1,33.8,32.9,32.7,33.8,32.7,32.9,33.3,33.7,32.3,32.4,33.7,33.4,32.6,33.1,33.3,34.0,33.1,32.9,32.7,33.5,33.1,34.3,33.8,33.5,32.5,34.2,32.4,35.2,33.2,34.3,32.7,33.9,33.2,32.7,32.6,33.1,31.8,32.3,33.2,33.2,33.5,33.2,32.5,33.0,33.0,33.2,32.6,32.5,34.5,32.5,33.5,33.7,33.7,32.8,32.4,33.6,33.4,34.0,34.4,33.5,32.9,33.7,32.5,34.1,32.9,33.6,32.4,33.9,33.1,32.8,32.4,32.9,32.4,33.4,33.3,33.5,33.1,33.3,33.3,33.0,32.4,33.4,33.1,32.8,32.9,32.7,33.2,33.3,34.0,33.6,34.7,33.8,32.9,31.9,33.6,32.9,33.2,32.9,32.2,33.0,33.4,33.5,33.0,32.5,34.1,32.4,33.4,33.0,32.3,32.5,32.4,33.5,32.8,32.5,33.6,33.4,34.1,33.6,31.3,33.2,34.8,34.4,35.8,34.8,33.0,33.6,33.0,33.8,32.6,32.5,33.4,33.6,32.1,33.3,32.7,33.4,33.0,33.0,33.2,32.8,32.6,32.5,31.9,33.7,31.9,32.5,33.0,33.2,32.8,33.9,33.7,33.8,33.5,34.9,34.9,35.2
1785303221.4064236,453,33.2,32.9,33.6,33.7,33.4,32.0,32.3,32.5,32.6,32.0,32.9,33.8,32.7,32.3,33.1,33.2,32.7,32.6,32.7,34.3,33.3,33.0,32.3,32.8,32.3,32.2,33.3,33.7,33.3,32.8,33.8,34.1,33.4,32.6,33.8,32.5,31.2,32.1,33.4,32.7,32.0,31.8,33.4,32.4,32.7,32.3,32.8,33.2,31.8,33.0,33.0,33.4,32.8,32.8,34.7,32.8,32.6,33.2,33.6,34.3,32.8,32.3,33.6,33.3,32.7,32.3,32.0,33.1,31.7,32.5,32.4,31.8,32.1,31.9,32.5,33.2,33.3,32.5,32.8,33.6,33.4,32.9,32.8,33.8,33.0,32.7,34.9,32.9,33.3,32.5,33.7,33.1,32.4,32.4,32.3,34.6,31.7,33.4,32.4,32.8,30.9,33.3,33.2,32.7,33.0,32.4,32.1,32.8,32.4,32.7,33.6,32.7,32.6,32.4,33.1,32.0,32.0,32.3,32.9,33.8,33.1,33.2,33.4,33.0,32.6,32.8,33.5,33.5,33.2,32.6,32.3,32.5,33.0,32.3,33.1,33.2,33.4,31.8,32.7,33.4,32.3,32.2,32.8,32.7,32.5,31.9,33.0,33.6,32.8,33.4,33.3,33.6,33.9,33.8,33.7,33.7,33.3,33.5,33.3,32.9,31.3,31.7,33.6,33.5,32.4,32.4,33.4,33.0,32.2,33.2,33.9,32.5,32.3,32.2,31.9,32.9,32.1,33.1,33.3,33.1,32.3,32.0,33.4,33.8,34.0,34.6,34.7,32.9,32.3,32.6,33.0,33.7,33.0,32.6,32.8,32.3,31.9,31.7,32.4,33.2,32.1,32.8,32.4,33.6,34.4,32.9,32.7,33.7,32.4,33.3,32.8,32.2,33.4,32.6,33.7,35.5,35.6,35.3,34.2,34.2,32.8,32.1,33.5,33.4,32.3,31.1,32.8,33.2,32.1,33.0,32.7,32.5,32.2,33.2,32.7,32.7,32.5,32.7,34.1,32.6,32.6,32.6,32.6,32.3,32.3,31.9,33.6,34.8,34.2,34.3,35.0,34.0,32.7,33.6,33.9,32.9,32.4,32.7,33.4,31.8,32.2,32.6,33.0,33.8,32.8,32.2,33.0,34.4,32.6,32.1,32.7,33.1,32.4,32.3,32.0,32.8,33.7,32.3,33.0,34.0,34.3,33.6,33.0,33.7,32.6,32.4,32.1,33.7,33.1,31.9,33.9,33.2,32.7,33.0,34.0,32.5,32.8,31.9,33.2,32.4,32.3,32.4,33.1,32.8,32.3,33.1,33.3,33.1,32.3,32.5,33.9,34.0,32.6,33.6,33.3,33.9,32.4,32.2,33.1,33.1,32.6,32.3,31.9,33.2,32.4,32.3,32.4,33.8,32.9,32.9,33.1,33.6,32.2,32.8,32.2,32.8,33.0,32.6,33.0,33.0,32.9,32.9,33.7,34.3,33.3,33.5,33.9,33.9,32.9,33.0,33.0,33.2,32.0,31.9,33.1,33.0,32.4,32.7,33.8,32.9,33.2,34.0,33.8,32.6,32.5,32.5,33.0,33.1,31.9,32.5,33.3,33.3,32.2,33.1,34.4,34.8,33.1,33.6,34.2,33.0,32.8,32.0,33.9,33.6,33.8,32.8,32.7,32.8,32.6,33.0,31.9,33.6,33.4,32.3,32.5,32.9,32.6,32.0,32.6,33.5,33.1,32.6,33.2,33.3,33.4,32.8,33.2,33.3,33.7,33.0,33.9,34.8,33.2,32.6,33.0,33.4,32.5,31.9,32.7,32.2,32.8,33.2,33.7,32.7,32.3,32.1,33.6,32.8,32.5,32.7,33.8,33.5,33.3,32.4,32.9,33.0,33.8,32.7,33.4,33.7,33.0,33.5,34.7,34.0,32.6,32.4,33.5,33.0,33.2,31.7,33.1,33.8,32.9,32.2,33.2,33.4,33.2,31.8,33.4,32.8,31.9,31.8,33.4,32.2,33.4,33.3,33.9,32.8,32.6,33.1,33.6,35.0,34.2,33.3,33.9,35.1,34.3,33.7,33.6,33.8,33.4,33.9,32.9,32.3,33.4,31.8,33.6,33.3,32.5,32.9,33.3,32.8,31.9,33.0,32.7,32.7,33.7,32.4,33.5,34.0,33.0,34.0,33.9,34.3,33.8,33.7,34.2,34.4,34.2,33.9,34.3,33.3,32.1,31.7,33.4,33.3,32.5,33.2,32.5,32.2,31.8,32.2,31.9,33.8,32.4,32.0,32.7,32.7,32.7,32.8,33.2,33.8,33.1,33.0,33.6,34.2,33.1,33.2,34.3,33.9,34.7,34.1,34.4,34.6,32.8,32.4,32.5,32.3,32.1,32.6,33.4,32.4,32.7,32.6,32.9,33.1,32.7,nan,32.9,33.0,33.0,33.0,33.7,32.7,33.4,32.7,35.1,33.7,33.9,33.2,34.6,33.9,33.4,33.7,35.2,35.0,32.6,33.2,33.4,33.3,32.1,32.1,32.7,34.0,32.5,32.1,32.5,33.3,31.9,33.0,32.6,33.2,33.1,32.5,32.9,33.2,32.6,33.5,33.7,34.2,33.6,33.7,34.0,35.0,32.8,34.1,35.1,34.7,32.0,32.5,33.2,33.2,32.1,33.0,33.0,33.9,32.9,33.2,32.7,33.3,32.6,33.4,32.7,33.7,32.3,33.0,34.4,33.6,32.6,32.9,33.4,33.4,33.6,33.2,33.8,33.9,33.8,33.9,34.9,34.6,32.6,33.0,33.4,33.9,33.3,32.9,33.2,32.4,32.0,33.1,32.9,33.7,32.4,33.0,32.9,33.7,32.9,32.5,33.2,33.2,33.6,33.0,34.2,34.6,33.3,33.2,33.6,34.5,34.4,33.6,33.9,34.7,32.9,32.7,32.9,34.0,33.1,32.2,32.9,34.0,32.0,33.0,33.1,33.3,32.2,33.4,33.8,33.2,32.7,32.5,33.8,33.9,32.7,33.2,34.1,32.9,32.1,33.0,33.4,32.8,32.4,33.5,35.1,34.7,32.6,33.7,31.7,33.7,33.5,32.9,32.3,32.7,32.9,33.2,33.1,33.9,32.0,32.8,33.1,33.7,32.5,32.6,33.6,34.1,33.8,32.7,32.3,33.2,34.2,31.8,35.2,33.6,33.9,33.6,33.9,33.9,33.2,33.0,34.5,33.3,33.2,32.8,33.8,33.5,33.0,32.5,32.7,33.1,32.3,32.8,33.2,33.6,33.0,32.4,32.8,33.3,32.4,32.7,33.7,33.8,32.6,33.4,31.1,33.3,31.3,34.3,34.4,34.7
1785303223.6290462,454,33.3,32.4,31.5,32.7,31.9,31.5,32.7,32.7,32.1,33.3,32.2,33.0,30.6,31.9,32.4,32.8,31.1,32.8,32.6,32.7,32.3,33.6,32.4,32.8,32.4,33.0,32.7,33.0,32.9,33.2,33.1,32.3,33.6,33.0,33.1,32.9,34.0,32.0,32.9,32.8,33.4,31.7,32.8,33.0,32.7,32.2,32.8,32.5,32.3,32.7,32.6,32.6,33.6,31.4,32.3,33.3,32.2,32.1,33.8,33.3,34.1,32.8,32.2,32.6,32.1,33.3,32.8,32.6,32.5,33.7,32.7,31.8,31.0,33.0,31.1,32.8,32.5,33.4,32.6,32.3,31.6,33.4,32.6,33.0,31.8,33.8,32.1,31.8,32.4,33.8,31.5,32.6,32.7,32.9,32.0,32.9,33.2,32.1,33.1,31.8,32.3,32.4,32.2,31.6,32.7,32.3,32.1,32.9,32.7,32.2,33.5,33.3,33.6,32.6,33.1,32.1,33.1,33.1,32.5,34.0,33.4,32.4,32.0,32.5,33.0,32.0,32.3,33.6,32.4,33.1,31.8,32.9,33.1,33.7,32.0,33.0,32.6,32.8,32.3,32.3,32.3,32.2,32.2,32.6,31.5,32.6,32.8,31.9,33.0,32.7,34.4,33.3,33.6,34.0,34.1,33.3,32.0,34.3,32.3,33.1,33.4,32.0,32.3,32.6,32.8,32.4,33.6,32.9,33.8,31.5,32.7,31.7,32.6,32.3,32.8,32.6,33.3,32.3,32.6,32.8,33.3,32.9,34.5,33.5,34.5,33.6,32.8,33.3,33.7,32.7,32.8,32.8,32.5,32.9,31.2,33.4,31.8,32.8,32.5,33.2,33.4,33.0,32.3,32.2,32.6,32.2,32.1,31.6,32.0,33.3,32.9,32.8,32.8,33.3,33.4,34.6,34.1,34.1,33.6,33.8,31.7,33.3,33.2,33.0,32.1,32.3,32.2,31.6,32.3,31.9,31.6,32.0,32.7,32.2,32.1,33.3,32.8,32.3,33.6,32.8,33.1,31.5,31.7,32.8,33.3,31.7,33.6,34.0,33.8,34.0,33.6,32.8,33.5,31.6,33.3,33.2,32.5,32.9,33.1,33.8,31.1,33.5,32.3,33.2,32.6,32.9,32.9,33.4,33.1,33.1,31.2,32.8,32.1,33.4,31.8,33.4,32.6,32.6,33.4,34.1,32.2,34.2,33.4,32.6,32.3,32.9,32.2,33.1,33.3,31.7,32.9,32.7,32.9,31.6,33.6,31.7,32.8,32.8,32.1,32.6,32.0,32.7,32.8,31.9,32.8,32.2,33.0,33.5,33.3,32.5,34.4,33.7,33.1,33.8,33.1,32.7,32.4,33.0,32.9,32.8,32.1,32.7,32.4,32.8,32.4,33.6,32.3,32.4,32.2,33.2,32.2,32.8,32.4,32.3,31.9,32.5,31.7,32.6,32.3,33.0,33.0,33.9,33.2,34.1,32.0,34.2,34.3,33.0,31.5,32.4,31.9,31.6,34.7,32.4,32.7,33.1,34.0,32.9,32.6,32.6,33.2,31.8,32.5,31.9,32.7,31.7,32.6,32.8,33.0,33.5,33.0,32.7,33.3,32.9,33.1,33.8,34.1,32.9,34.9,33.7,32.6,32.1,32.9,33.0,33.0,34.2,32.0,33.2,32.3,33.2,32.0,32.4,32.9,32.9,32.7,33.1,32.5,32.9,32.0,32.3,32.5,33.3,32.9,33.5,32.8,33.9,34.3,34.0,33.3,32.6,33.4,34.2,32.4,33.3,32.9,33.0,32.4,31.4,33.3,31.9,33.5,32.4,32.1,32.6,33.0,32.0,32.0,33.0,32.4,32.4,32.5,32.7,32.8,32.4,33.3,32.9,32.7,33.0,33.8,32.9,34.5,33.4,33.0,33.0,33.3,32.8,32.9,33.7,32.8,34.0,32.0,32.6,32.2,32.9,32.0,33.4,32.6,32.3,33.9,32.8,32.6,33.4,32.8,33.1,32.8,33.3,32.9,33.1,32.3,33.9,34.3,34.3,32.9,34.3,34.3,34.4,33.3,33.7,32.5,34.0,32.5,31.3,32.9,31.2,32.3,31.5,33.2,32.6,33.0,32.2,32.8,33.3,31.7,32.1,33.2,32.3,32.5,32.9,32.8,33.6,33.7,33.4,34.7,34.4,34.2,33.5,34.2,34.3,33.7,31.7,33.7,32.9,32.6,33.8,32.9,33.4,32.3,33.0,32.6,33.1,32.6,33.4,32.8,32.8,32.6,33.4,32.9,32.8,32.5,33.0,32.6,33.1,32.8,33.8,33.6,34.0,34.0,34.5,33.8,33.6,33.3,34.1,34.1,33.4,33.2,32.2,32.3,32.4,33.4,32.6,32.6,33.2,33.5,31.9,32.9,32.2,33.1,nan,33.0,33.9,33.4,32.9,32.4,32.6,32.5,33.1,33.2,33.8,33.9,33.6,33.9,32.9,34.1,32.8,34.2,34.1,32.9,33.8,32.7,33.7,33.1,34.0,33.1,33.3,32.9,33.3,32.6,33.3,31.8,33.0,32.6,33.8,32.3,33.1,33.6,33.0,32.5,33.3,32.9,32.8,34.0,34.7,32.2,33.9,31.4,34.5,34.2,33.0,32.8,32.6,32.6,32.4,32.5,32.3,33.0,32.9,33.6,32.2,32.9,32.7,32.8,32.3,32.6,33.1,33.7,32.9,33.2,32.6,32.7,32.4,33.7,33.8,33.8,33.6,33.0,34.0,33.9,33.2,33.0,34.5,32.8,33.4,32.7,33.7,32.8,32.3,32.8,32.4,31.4,32.1,31.4,32.8,33.0,33.7,33.1,33.0,32.8,33.0,33.3,33.8,32.4,33.7,32.8,32.4,33.2,33.3,32.6,33.0,33.7,34.1,33.7,35.4,34.0,33.2,33.3,32.0,32.9,33.0,32.9,32.0,33.2,32.2,32.4,33.2,33.4,32.9,32.9,33.5,32.7,32.3,32.2,33.5,32.7,32.2,33.4,32.8,32.1,33.2,34.4,34.0,34.2,33.6,33.8,34.6,32.7,34.4,32.7,33.7,31.9,32.7,32.4,32.9,32.4,33.0,32.4,33.2,33.0,33.3,33.0,33.9,31.7,32.8,33.3,32.6,33.2,33.5,33.0,33.5,33.0,33.2,34.3,34.0,32.9,35.4,33.8,34.4,33.0,31.9,32.3,33.4,34.2,33.7,33.0,32.8,32.5,32.4,32.8,32.6,33.7,31.9,33.2,32.6,33.5,32.3,32.8,33.4,32.6,32.4,31.7,33.4,33.5,33.5,34.3,33.4,33.7,33.4,34.0,34.3
1785303225.676687,455,30.9,31.8,32.0,32.5,31.3,33.3,31.4,32.5,32.7,33.3,31.8,33.2,33.0,33.2,32.2,33.0,32.4,33.0,32.2,33.0,33.2,32.3,32.6,34.0,31.8,32.4,31.4,33.0,32.9,33.7,31.9,33.8,34.2,30.9,33.6,32.2,32.7,30.3,32.3,31.9,32.8,32.6,32.6,32.1,32.9,31.6,32.8,32.5,33.4,32.0,32.8,32.6,32.8,32.0,33.4,31.3,31.9,32.5,33.2,33.6,34.3,32.6,33.9,32.7,32.1,33.3,30.5,33.6,31.6,32.9,32.3,33.4,33.1,32.8,32.4,32.3,32.1,33.0,31.1,31.8,33.3,33.2,31.8,33.8,32.2,32.4,32.1,33.1,32.6,33.2,31.5,33.3,33.0,32.4,32.2,31.7,32.9,31.4,32.4,31.3,32.7,32.0,32.6,32.6,32.3,31.8,33.0,32.2,33.6,32.4,32.9,31.9,32.4,32.1,33.1,32.6,32.6,32.4,32.7,33.7,33.4,32.8,33.2,33.1,33.2,32.1,32.5,33.2,32.7,32.8,32.2,31.8,31.9,32.5,32.2,33.2,32.5,32.3,32.3,32.9,31.7,32.2,31.1,33.1,32.2,32.6,32.2,32.9,33.6,33.4,33.9,34.3,33.6,34.0,33.4,32.9,32.8,33.1,33.4,34.2,32.9,31.3,32.5,31.7,33.2,32.5,33.2,31.9,32.8,32.4,32.9,33.3,32.6,31.4,32.6,32.5,33.1,32.3,32.9,33.1,32.9,32.9,34.6,34.5,33.8,33.5,32.9,33.7,33.3,32.5,32.8,32.8,32.9,32.2,31.3,33.4,31.7,33.0,32.1,32.5,32.0,33.2,32.8,32.9,32.6,32.2,32.4,33.2,31.7,32.1,32.1,33.3,33.4,33.1,34.6,34.3,33.9,33.3,31.7,33.3,32.7,32.9,32.6,33.8,33.7,32.5,32.4,30.8,31.4,32.5,32.5,32.0,33.1,32.4,32.4,32.1,33.6,32.8,32.3,32.7,32.6,32.5,32.5,32.4,33.5,32.6,34.4,33.7,34.3,33.5,33.3,33.0,33.1,32.4,33.1,33.4,31.4,32.5,31.1,33.0,33.4,33.0,32.0,32.7,32.9,31.7,31.7,33.4,32.5,33.4,31.8,33.4,32.1,33.6,31.9,32.1,32.9,32.9,33.6,34.1,32.6,33.5,32.5,33.7,32.5,33.1,33.0,34.4,33.3,33.0,32.7,31.9,32.0,31.8,32.2,32.8,32.8,32.3,31.9,33.1,33.0,32.0,32.8,32.5,32.8,31.7,32.2,32.1,33.0,33.2,33.6,34.0,34.1,33.5,33.7,33.6,33.7,32.1,33.1,32.8,32.3,33.2,32.2,32.8,31.9,33.4,32.1,33.4,32.1,32.4,32.0,32.8,33.2,33.3,32.6,32.3,33.4,33.3,32.3,33.1,34.1,33.9,33.2,34.1,32.2,33.1,33.4,33.7,32.6,33.3,34.2,33.8,33.1,30.8,32.7,32.1,32.9,31.5,33.5,32.4,31.9,32.3,32.6,32.0,33.0,32.5,33.3,32.5,32.2,32.4,32.3,33.5,32.7,33.0,33.8,33.2,32.6,33.2,33.7,32.7,32.4,32.1,33.7,32.9,33.0,32.3,32.2,34.0,32.2,32.8,32.0,34.2,31.8,33.4,32.6,33.2,32.8,32.6,32.3,33.6,32.6,33.1,33.1,33.5,33.0,33.3,32.5,33.6,33.1,32.8,34.2,33.7,31.8,33.5,32.7,33.2,31.6,31.6,32.9,31.9,32.4,32.6,33.3,31.8,32.8,31.8,33.5,32.2,32.7,31.8,33.0,31.9,33.0,32.4,32.7,32.4,33.5,33.4,33.7,33.7,33.1,33.4,34.2,34.3,33.0,33.0,31.9,32.1,32.8,33.2,32.4,33.0,32.6,32.9,32.0,34.3,32.1,32.8,32.5,33.1,32.6,32.3,32.5,33.5,33.0,33.0,32.5,33.3,33.1,33.3,34.0,34.5,33.6,34.5,33.1,34.2,32.6,33.0,33.1,33.6,33.0,31.3,32.8,32.0,32.9,31.9,32.0,32.3,31.8,33.2,32.7,32.7,32.6,32.7,33.3,32.1,31.9,32.6,33.6,33.1,33.3,32.9,34.0,33.7,33.8,33.4,34.4,33.4,33.5,33.0,33.5,33.9,32.4,33.0,31.7,33.4,32.2,33.4,31.5,31.9,33.3,32.6,31.6,33.1,31.6,32.5,32.3,32.0,32.5,32.5,32.3,33.6,34.1,34.1,33.6,34.0,34.5,34.5,34.0,33.2,33.1,34.3,33.7,33.8,33.8,32.5,32.9,32.4,33.0,31.5,32.7,31.9,33.0,31.4,31.9,32.5,32.7,nan,32.0,32.2,33.5,32.4,33.2,32.9,32.4,33.6,33.6,34.1,33.7,33.4,33.6,33.5,34.0,34.2,34.2,33.7,33.3,33.2,32.3,33.5,32.0,32.7,31.8,33.6,32.6,32.9,32.6,33.8,33.0,32.5,32.2,32.5,32.5,33.1,32.8,32.3,32.8,33.3,34.0,34.0,33.7,33.7,33.3,34.3,33.5,33.9,34.8,34.1,33.9,31.9,34.0,32.3,32.3,32.8,32.6,33.4,33.1,32.7,32.2,31.5,32.1,32.4,33.1,32.4,32.9,31.6,32.9,33.5,33.1,33.1,33.8,33.3,34.5,34.1,33.2,33.5,32.8,32.5,33.7,33.3,33.0,32.1,32.1,33.7,33.2,33.3,32.6,33.9,31.9,32.8,32.3,33.5,32.3,33.3,32.6,33.5,33.7,34.0,33.3,33.7,32.8,32.3,33.2,33.2,33.2,35.0,34.3,34.4,34.5,33.2,34.6,33.7,34.2,32.6,32.9,32.6,33.9,31.7,33.3,32.6,31.8,33.6,33.5,33.1,32.9,32.4,32.9,32.5,33.1,32.8,32.7,32.8,33.6,32.1,33.3,32.8,33.2,33.8,34.4,33.7,33.4,33.6,33.0,34.0,33.6,32.3,32.7,33.5,32.3,33.7,32.8,33.3,32.3,32.4,32.6,33.2,33.2,33.0,32.5,32.8,32.8,33.5,32.6,33.0,32.5,33.5,33.2,33.0,33.9,33.6,35.7,33.6,32.9,33.8,33.6,34.1,33.0,31.9,33.4,32.1,33.8,32.3,32.8,33.4,33.2,32.2,33.4,31.8,32.8,32.0,33.0,33.0,34.0,32.0,33.0,32.9,33.5,32.1,33.0,33.0,33.7,33.0,34.1,33.4,33.5,34.0,33.7,34.1
1785303228.0360706,456,32.8,32.7,32.3,32.5,32.2,32.9,32.0,33.6,32.1,33.1,32.2,32.4,31.7,33.2,32.8,33.4,32.2,33.4,32.2,32.1,31.7,33.1,32.2,32.2,32.2,33.4,32.7,32.6,32.7,32.5,32.9,33.6,32.6,31.2,33.4,32.6,32.9,31.4,31.9,31.1,33.6,31.9,32.6,31.7,33.2,32.3,32.1,32.5,31.8,31.6,33.2,32.2,32.3,31.6,32.9,31.7,33.2,32.3,32.8,33.1,34.6,31.3,32.7,33.6,32.6,32.8,31.9,33.3,31.8,31.9,33.3,33.0,31.6,32.8,32.2,32.3,31.0,33.0,31.6,32.0,32.5,33.2,32.5,33.6,31.3,33.6,32.8,33.1,33.2,33.1,31.9,32.3,33.4,32.2,31.7,33.2,32.9,32.6,32.0,32.9,32.1,32.4,31.8,31.6,33.4,32.5,32.7,32.5,33.2,32.7,32.7,32.2,33.1,31.6,32.2,32.6,32.7,31.9,32.4,33.8,32.3,33.5,33.4,32.5,33.0,32.5,32.8,32.7,32.6,32.4,32.2,32.7,32.5,32.9,33.3,32.8,31.9,33.5,33.0,33.0,32.3,32.2,32.8,33.2,32.2,33.1,31.8,32.9,32.4,33.3,33.0,34.2,33.2,34.2,33.0,33.7,32.4,33.3,31.8,33.3,33.4,31.8,32.3,33.0,33.6,33.0,33.4,31.7,32.4,32.2,32.6,32.7,32.6,32.3,32.8,33.1,33.4,32.6,33.4,32.3,32.3,32.3,34.8,34.0,34.7,33.1,33.4,33.0,32.9,33.7,32.4,33.2,32.2,31.5,31.7,31.7,31.8,32.6,32.8,33.4,31.8,32.5,32.2,33.2,32.9,33.0,32.4,33.1,31.8,32.1,32.7,33.1,33.3,33.1,33.7,34.5,33.8,34.6,33.9,33.8,32.1,33.1,34.7,33.8,32.6,32.1,33.2,31.4,33.1,32.9,32.6,33.1,31.9,32.6,31.9,32.5,32.6,32.8,32.6,32.0,32.5,32.2,31.5,32.2,33.0,32.6,34.8,34.5,35.0,34.2,33.1,33.4,33.5,32.9,33.3,32.4,31.9,33.4,31.7,33.6,31.3,33.3,31.8,33.6,32.1,32.2,32.5,32.2,31.8,32.9,32.4,32.4,32.1,32.5,32.7,33.3,32.8,33.8,33.4,34.5,32.9,32.6,33.9,32.6,32.3,33.5,32.6,34.0,33.5,32.8,32.5,32.9,32.9,32.2,32.6,32.4,33.3,32.9,33.3,32.5,32.0,32.3,33.3,32.3,32.8,32.3,32.3,32.7,33.1,33.2,34.1,33.2,33.6,33.0,34.2,33.2,33.1,33.2,32.5,33.8,32.5,32.8,33.0,32.4,31.9,33.2,32.7,33.8,32.4,33.7,32.4,32.6,32.9,32.0,31.9,33.5,31.8,32.2,33.1,33.0,32.0,33.9,33.6,33.1,33.7,33.2,33.8,33.5,32.4,33.3,33.4,34.2,33.7,32.0,33.1,31.5,33.3,32.5,32.4,32.8,32.4,32.1,33.0,32.3,33.2,32.2,33.1,31.7,33.8,32.4,33.3,33.5,33.2,32.9,32.8,32.5,33.5,34.0,33.0,32.9,33.2,32.3,33.5,33.0,32.4,33.8,33.0,32.4,32.5,32.7,32.5,32.7,31.7,32.8,31.7,32.6,32.9,32.8,33.4,33.0,33.1,33.0,32.6,33.9,33.6,34.8,33.8,33.6,32.8,33.5,34.1,33.9,33.3,33.2,32.3,33.0,32.7,32.6,32.3,32.5,33.5,32.6,33.0,33.1,32.8,32.3,32.7,32.8,33.5,32.4,32.4,32.3,33.5,32.4,33.4,32.5,32.9,33.3,33.7,33.4,32.5,33.5,33.5,33.6,32.4,31.5,32.9,32.9,32.6,33.4,32.6,32.8,32.7,32.9,32.0,33.2,32.1,33.4,33.1,32.6,32.8,32.3,33.1,33.1,33.3,33.0,32.8,33.2,33.9,33.9,33.0,33.8,32.6,33.7,33.1,34.2,32.8,33.2,33.3,32.8,33.4,31.3,33.2,33.7,32.3,32.2,33.2,31.9,32.0,32.6,32.5,32.0,32.9,32.4,32.5,33.2,33.0,32.4,33.6,33.1,32.9,33.1,33.9,34.4,34.0,33.0,33.7,33.8,33.0,33.0,33.7,33.5,33.3,33.2,32.3,33.8,31.6,32.3,31.5,32.6,32.6,32.8,32.6,33.0,31.4,32.6,33.3,33.2,32.5,33.1,33.4,33.6,32.4,34.3,33.6,34.0,33.8,33.3,33.5,34.1,33.7,34.1,33.3,33.2,33.0,32.0,33.2,32.8,32.9,32.1,32.3,31.4,32.9,31.9,31.9,32.5,32.6,nan,32.2,32.7,32.1,31.8,32.4,33.2,33.2,33.9,32.5,33.8,33.6,34.4,33.2,34.0,33.6,32.6,34.8,33.9,33.3,33.6,33.3,33.1,33.1,32.9,32.9,33.8,31.7,33.1,32.4,33.3,31.8,33.6,32.8,33.0,32.3,32.3,32.5,33.0,33.3,33.2,33.1,33.3,33.5,34.4,34.2,33.2,33.5,33.2,34.0,34.1,33.9,31.1,33.4,32.4,32.5,33.0,32.5,32.3,33.3,32.0,32.9,32.9,33.1,32.6,32.9,33.2,33.1,32.9,33.1,33.1,32.6,33.7,33.2,32.7,34.8,33.7,33.8,33.6,33.6,32.5,33.7,34.5,32.8,33.7,34.1,33.5,31.8,33.6,32.4,34.0,32.6,32.2,33.1,32.6,33.3,33.0,32.4,32.5,32.3,33.6,33.3,33.2,32.6,33.5,33.9,33.2,33.5,34.4,34.5,33.4,33.7,33.6,33.1,33.2,34.2,33.0,33.9,32.6,33.3,33.0,33.5,33.1,32.7,33.3,32.8,33.0,33.4,32.1,32.3,33.6,33.1,32.6,33.1,32.3,32.9,32.4,32.7,33.1,32.5,33.4,35.7,33.1,34.0,32.8,33.0,34.2,32.7,33.9,31.8,33.5,32.7,33.5,32.6,32.9,32.2,33.2,32.4,32.3,31.9,31.7,32.3,33.7,32.8,33.0,33.1,32.7,32.3,32.8,33.5,32.8,32.6,33.2,34.7,33.2,34.6,34.0,33.6,34.2,33.7,32.8,32.5,32.7,34.0,32.5,32.8,32.0,33.0,32.8,32.5,32.8,33.2,31.8,32.5,32.6,33.3,31.4,32.6,32.0,33.5,32.8,33.0,32.4,33.0,33.0,32.7,32.8,33.1,34.6,34.2,34.1
1785303229.9859204,457,31.4,32.8,32.0,33.4,33.3,32.7,32.4,32.6,31.5,32.5,31.6,32.1,32.4,32.0,31.7,32.9,31.7,32.4,32.2,33.1,33.2,33.3,32.4,32.7,32.4,32.1,32.9,33.1,32.3,33.1,32.6,33.7,32.4,33.3,33.0,33.8,33.0,30.5,32.2,32.8,33.7,32.6,32.3,32.8,31.5,32.5,32.6,32.2,33.3,31.8,32.6,32.0,33.1,32.3,32.8,32.5,32.6,33.3,33.9,32.7,33.8,32.4,32.5,33.4,33.1,32.9,32.6,33.0,32.5,33.4,33.1,33.3,31.4,32.9,31.1,32.0,32.8,33.1,31.1,33.1,32.0,33.0,32.5,32.6,32.3,33.5,32.1,33.8,32.6,33.4,32.6,33.0,31.7,32.1,32.0,32.6,32.1,33.1,32.3,32.5,33.1,31.8,32.5,32.4,33.0,32.3,32.4,32.7,33.0,31.7,31.8,32.8,32.2,32.9,33.5,31.7,32.5,32.9,33.4,32.6,33.0,33.3,32.9,33.1,32.9,32.3,32.2,33.6,31.9,33.2,31.5,32.4,32.1,31.7,31.8,32.7,32.1,32.9,32.1,32.8,33.0,33.0,32.3,33.0,33.0,32.7,32.7,32.4,33.7,34.0,34.4,35.5,32.5,33.7,32.2,34.0,32.6,34.2,32.5,33.9,32.8,31.6,32.6,32.4,32.9,32.3,31.4,31.6,33.2,32.9,32.1,31.7,32.7,31.9,32.4,32.1,32.4,32.3,32.2,31.6,33.7,32.8,34.9,34.7,34.4,32.6,33.7,32.2,32.8,32.5,32.5,33.4,32.5,32.5,31.9,32.2,32.4,33.3,32.5,33.5,32.5,32.8,32.0,33.2,32.7,32.5,32.4,33.0,31.7,32.6,32.1,31.9,33.4,33.9,34.2,34.4,34.4,33.2,32.3,33.6,32.5,32.8,33.4,34.1,32.4,32.5,32.1,31.8,33.0,33.2,32.8,32.2,33.0,32.4,32.8,33.1,33.1,32.0,31.9,33.2,32.8,31.7,32.3,31.9,33.1,32.6,33.2,33.6,33.8,32.5,33.2,33.2,33.2,33.1,32.4,33.0,32.1,32.8,32.3,33.1,32.3,32.7,32.0,32.8,33.1,32.5,32.4,33.2,31.8,32.7,32.3,32.2,31.8,32.9,31.6,32.4,32.9,33.9,32.9,33.9,33.1,32.2,32.3,33.6,32.5,33.8,32.8,33.4,32.3,32.2,32.6,32.1,32.8,32.7,32.7,32.6,33.4,31.6,32.4,33.0,32.8,33.0,31.6,32.7,32.6,32.7,32.6,32.4,33.9,32.7,33.6,33.0,34.1,33.3,34.1,33.6,34.5,32.8,33.2,32.8,31.4,31.6,32.8,32.3,31.9,32.8,31.4,32.8,32.7,33.0,32.4,32.7,32.8,33.4,32.1,32.6,33.1,32.9,32.3,32.4,33.0,33.5,33.2,32.9,32.4,33.3,33.4,33.3,33.3,32.7,34.4,34.7,33.4,32.8,32.6,33.3,33.0,32.7,32.0,32.3,32.9,32.3,32.4,32.4,33.4,33.0,32.9,34.0,34.0,32.7,33.2,32.4,32.9,33.5,31.7,33.0,33.2,33.2,33.8,32.7,33.3,32.6,33.2,33.8,32.0,33.5,32.8,32.5,32.0,32.2,32.4,32.1,32.1,33.4,31.4,32.5,32.6,32.9,33.3,33.2,33.0,32.4,32.4,32.5,33.4,33.4,33.5,33.2,33.3,32.8,33.3,32.9,32.2,33.8,33.1,33.1,32.6,32.6,32.2,32.7,32.7,32.4,33.6,32.5,31.6,32.2,32.9,33.5,32.2,33.0,32.3,31.3,33.6,32.7,32.8,32.1,33.3,34.3,34.0,32.2,32.6,33.5,34.5,33.4,33.1,32.1,31.9,32.7,33.0,33.9,31.8,32.7,32.2,32.6,32.4,32.8,32.2,33.2,33.8,32.9,32.8,33.2,32.6,32.8,32.8,33.7,32.0,32.9,33.4,34.4,33.3,33.3,32.9,32.6,33.5,33.4,32.9,32.9,33.3,33.7,32.7,33.3,32.7,33.1,32.6,31.7,33.5,31.6,32.8,32.2,33.6,31.9,33.2,32.7,33.1,32.1,33.3,33.1,32.4,33.7,33.3,33.5,33.6,34.4,33.9,34.2,33.6,33.4,33.6,33.2,33.4,32.7,32.6,31.2,31.7,32.6,32.0,32.2,32.0,33.0,33.3,33.2,32.1,33.1,32.3,32.3,33.1,33.1,33.9,32.9,32.8,32.9,33.1,33.9,33.1,33.9,34.3,34.0,34.0,33.9,33.1,34.0,33.3,33.9,33.1,32.0,33.3,32.6,32.6,32.1,32.8,32.3,33.1,32.2,32.1,32.5,33.2,nan,32.8,32.4,32.3,32.6,32.6,33.4,33.1,32.6,34.2,33.6,33.8,33.9,33.5,33.6,34.1,33.4,33.5,34.5,32.9,32.9,31.9,33.4,33.1,33.2,32.9,34.1,32.9,33.4,33.1,33.1,32.5,32.7,32.8,33.1,32.8,32.4,32.0,32.8,32.8,33.3,33.1,33.3,34.5,33.6,33.5,34.4,33.1,33.7,33.4,33.8,33.0,32.1,32.7,32.8,33.0,32.8,33.1,32.5,33.5,31.9,33.2,33.0,32.6,30.9,33.2,33.2,33.3,32.4,32.0,32.6,33.3,32.2,33.9,32.7,33.0,34.5,34.1,33.6,32.9,33.4,34.2,32.9,32.5,33.1,33.3,33.4,33.1,33.4,32.0,33.2,31.6,33.4,32.5,33.8,32.8,32.8,32.1,33.4,33.2,33.2,32.9,33.5,33.3,33.6,33.2,33.3,33.0,34.9,33.7,34.3,33.9,33.9,34.0,34.2,32.8,33.0,32.8,32.8,32.1,31.9,32.7,33.3,32.5,33.1,33.4,32.9,32.0,33.1,33.4,32.1,33.2,32.4,33.5,32.6,32.8,33.8,33.2,32.2,34.2,33.8,33.9,34.1,34.1,33.0,34.8,33.1,32.7,34.0,32.0,33.8,33.1,34.0,31.4,33.1,32.6,33.8,31.9,32.4,32.3,32.2,32.8,32.8,32.8,33.9,32.6,33.1,32.8,32.6,33.4,33.1,32.6,33.9,34.1,33.1,33.1,34.5,33.6,34.7,32.9,32.8,32.8,32.5,32.9,32.3,33.5,32.4,32.9,33.5,33.5,33.0,33.3,32.6,34.0,33.0,33.4,32.7,32.6,32.3,33.1,33.3,32.7,33.2,33.5,33.1,32.8,33.2,32.4,33.4,34.3,35.0
1785303232.19966,458,33.3,32.8,31.0,31.6,32.2,32.7,31.6,31.8,31.9,32.3,32.2,32.3,31.7,32.9,32.6,32.9,31.7,33.3,32.6,32.0,32.8,31.8,32.8,32.7,33.0,32.9,33.8,32.7,32.9,32.2,31.6,33.4,32.4,31.2,31.8,31.9,31.9,31.1,32.8,32.4,32.5,32.3,32.0,32.8,33.2,31.4,32.8,30.9,32.3,30.9,32.0,32.7,32.2,32.3,31.4,32.9,32.4,31.9,32.7,33.3,32.0,32.6,33.3,33.6,32.8,32.4,31.9,33.2,32.3,32.0,33.3,31.9,32.6,32.2,32.6,32.6,31.8,31.9,32.7,31.6,31.1,31.9,33.2,33.2,31.6,33.4,34.3,32.5,32.4,32.6,32.8,33.2,33.0,32.3,33.2,32.8,32.1,32.4,32.1,33.8,31.6,31.5,32.9,31.6,33.0,32.1,31.9,32.7,32.0,32.2,32.8,33.3,33.4,31.6,32.5,32.3,33.0,32.9,33.4,33.3,32.2,32.4,31.9,32.7,32.7,32.5,32.2,33.4,32.4,32.2,32.4,32.2,32.3,32.3,33.1,32.1,32.1,32.9,32.3,31.8,32.9,32.3,33.2,32.5,32.0,32.7,32.5,33.2,32.7,33.7,34.6,34.6,32.9,32.7,33.4,32.9,32.8,32.8,33.4,32.6,33.5,31.3,33.1,33.0,31.9,32.3,32.9,32.5,31.5,31.7,32.3,32.4,32.5,32.4,31.3,33.1,32.1,32.0,32.0,32.3,32.9,33.8,35.3,34.7,34.4,32.9,33.0,33.5,32.6,32.9,32.3,33.4,31.8,32.1,32.5,32.7,31.3,31.4,32.8,33.5,31.6,33.0,33.7,31.8,31.9,32.5,32.6,32.0,32.1,32.6,33.0,32.6,32.3,33.2,33.4,34.1,33.9,33.7,33.8,32.7,32.5,32.8,34.7,32.6,32.2,32.3,30.8,32.0,31.7,31.6,32.8,33.3,32.7,32.9,32.7,32.8,31.6,30.8,32.4,33.5,32.3,31.4,32.3,32.8,32.8,33.1,34.1,34.0,33.1,33.5,32.3,32.3,32.8,31.8,33.6,32.8,31.6,32.0,32.7,32.9,32.1,32.9,32.5,33.0,32.1,32.3,32.4,32.7,32.3,33.0,33.2,32.6,32.3,32.3,32.9,32.7,32.6,33.4,33.8,33.2,32.4,32.7,33.4,33.2,32.7,32.7,33.0,33.9,33.0,31.5,32.6,32.7,33.0,31.8,33.4,32.6,33.6,31.8,32.5,32.8,31.6,32.3,32.6,32.7,32.6,31.4,32.8,32.7,32.8,32.7,32.9,33.5,33.2,33.2,33.4,33.6,32.7,32.6,32.6,32.8,31.2,32.0,33.4,32.3,31.9,33.1,32.1,33.2,31.4,32.7,33.0,33.4,32.4,31.9,32.4,32.8,32.8,32.7,33.1,32.6,33.1,34.5,34.1,33.6,32.2,33.3,34.1,34.4,32.8,33.8,34.4,33.7,31.9,32.2,33.4,34.2,32.3,32.9,31.7,32.8,32.6,32.1,33.6,33.2,32.2,32.2,32.6,32.5,33.7,32.4,32.4,33.0,33.4,33.2,33.1,33.5,32.7,33.5,32.9,33.2,32.2,31.5,33.6,33.6,32.0,31.8,33.8,31.9,31.8,32.8,32.4,32.5,30.9,32.2,32.9,32.9,32.1,32.3,33.3,32.9,32.6,33.1,33.6,32.6,33.3,33.6,33.6,33.4,31.9,33.3,34.3,34.2,32.9,32.9,33.8,33.7,32.8,32.2,32.4,32.3,31.6,32.4,32.0,31.9,32.8,31.2,33.1,32.7,32.2,32.9,33.0,32.6,33.4,32.3,32.5,32.4,33.4,32.6,32.5,34.4,32.1,32.7,33.1,33.6,32.9,31.9,32.2,33.1,32.8,33.3,32.6,32.9,32.2,32.8,33.2,32.1,32.1,32.5,33.1,32.9,32.5,32.4,32.5,32.9,32.2,32.7,33.3,33.4,33.3,33.1,34.0,34.1,33.1,33.1,33.5,33.4,32.2,32.5,33.3,33.3,31.8,31.9,32.1,31.4,32.3,32.8,32.8,33.0,31.8,32.2,32.0,32.9,31.9,32.2,33.3,32.3,33.1,32.3,32.9,33.2,33.6,33.7,33.1,34.2,34.3,33.0,33.1,34.1,33.5,32.3,33.4,33.7,32.4,32.5,33.1,32.8,32.0,33.2,33.3,32.3,32.2,33.0,32.3,32.9,32.6,32.4,33.4,32.8,32.3,32.6,33.0,32.8,32.0,33.8,33.8,33.6,33.5,33.3,34.2,33.3,34.2,33.1,34.5,34.1,33.1,31.0,33.3,33.2,32.4,31.4,32.6,33.2,32.6,32.4,32.6,32.2,32.5,nan,31.5,32.7,33.3,32.7,32.3,33.2,32.2,33.2,32.6,33.4,33.8,33.4,34.0,33.8,34.3,33.4,34.1,34.3,31.8,32.9,33.7,33.2,32.0,33.0,33.1,32.1,32.3,32.2,33.5,32.9,31.7,33.2,32.7,32.9,33.0,33.1,33.1,32.9,32.6,32.8,33.3,34.0,33.1,34.7,34.2,33.1,32.5,32.9,34.2,34.6,32.5,31.7,33.3,32.2,32.1,32.1,32.6,32.7,33.2,32.4,32.5,32.7,31.9,31.6,33.0,33.1,33.7,31.9,32.9,32.8,32.5,32.2,33.4,34.1,32.8,33.8,33.1,33.8,32.9,32.8,32.9,34.1,34.1,33.8,34.4,33.2,32.8,32.0,32.4,32.3,32.6,32.2,32.3,32.6,32.5,32.9,32.6,33.4,31.8,32.6,33.1,32.6,32.6,32.8,33.3,32.9,32.4,33.5,34.7,34.1,33.4,33.1,34.8,33.8,32.7,34.1,32.1,34.1,33.8,32.5,31.9,32.9,32.3,32.4,32.0,32.9,31.3,32.9,33.2,33.6,33.2,31.4,32.3,32.3,32.3,32.2,33.2,33.8,31.5,33.2,34.1,34.6,33.5,33.2,34.2,35.0,31.5,32.2,33.3,34.0,33.9,33.0,33.2,33.1,32.1,32.0,32.8,32.9,33.0,32.5,33.7,33.6,31.9,32.6,32.8,32.4,32.5,32.2,34.3,33.1,32.2,33.3,35.3,33.7,33.5,33.9,34.1,32.6,33.3,31.2,32.6,33.6,33.7,31.3,32.7,33.8,32.9,32.2,32.8,33.3,32.4,32.3,32.9,32.8,32.6,32.1,33.1,32.7,32.4,32.8,33.3,32.4,32.7,33.3,33.0,33.2,32.8,33.8,35.2,34.1
1785303234.3241541,459,33.3,32.1,32.5,33.2,33.3,31.1,32.0,32.5,32.7,33.1,32.4,33.4,32.4,32.8,33.1,32.6,31.7,32.8,32.8,33.4,32.3,32.1,32.6,32.4,31.1,32.6,33.2,33.3,33.6,32.3,33.9,32.8,32.3,32.2,33.1,32.1,32.0,30.9,32.3,31.9,33.0,33.0,32.8,32.4,30.7,32.7,33.2,32.9,32.9,32.9,33.0,31.8,33.0,32.0,33.0,32.5,31.9,33.3,33.6,32.5,33.5,32.4,32.7,33.2,32.6,32.6,32.6,32.6,31.6,32.7,33.3,32.6,32.8,33.2,32.1,32.3,31.4,32.7,31.2,32.2,32.0,32.5,31.4,32.5,32.1,32.0,33.4,33.5,33.0,33.8,31.7,33.7,32.3,32.2,32.5,33.2,32.2,32.4,32.4,31.8,30.9,31.5,32.4,32.4,33.0,32.1,32.0,32.5,32.7,33.1,32.7,32.1,33.8,32.4,33.4,32.8,33.1,32.6,32.7,33.3,33.1,32.6,32.2,32.7,32.2,31.8,32.1,34.1,32.4,33.3,31.8,32.0,32.1,32.3,32.4,32.2,32.5,32.8,32.6,32.7,32.0,32.1,32.2,32.6,32.7,32.6,32.8,31.9,32.9,33.1,34.3,34.7,34.5,34.2,32.8,32.9,32.6,33.7,33.2,32.0,32.7,32.0,32.7,33.0,32.0,32.4,33.0,33.2,31.9,32.0,32.9,32.7,32.8,31.9,32.1,33.0,32.6,32.3,32.6,33.3,32.6,32.6,33.8,34.3,33.8,32.9,32.5,34.1,32.7,32.9,32.6,34.1,32.7,32.4,33.5,33.8,32.2,33.0,33.0,32.8,32.1,32.5,32.2,32.4,32.4,33.0,32.6,32.6,32.3,32.6,32.9,33.3,32.9,32.8,33.7,34.5,34.3,34.1,33.0,32.9,33.1,32.5,33.0,33.6,32.8,33.2,32.0,32.8,32.7,32.1,33.1,32.9,33.6,32.1,33.2,32.3,32.8,32.6,32.3,32.8,32.8,31.7,32.8,33.3,33.3,32.6,34.3,34.3,33.0,32.7,32.7,32.3,32.5,31.8,32.5,32.1,31.2,32.9,31.7,32.4,33.2,32.6,33.2,32.9,31.7,32.7,31.5,31.9,32.3,32.8,32.4,32.8,31.5,32.0,33.2,33.1,32.3,32.9,33.6,34.0,33.6,34.0,33.0,33.8,33.6,33.3,33.6,32.9,32.6,31.3,33.1,33.3,33.5,31.8,32.9,32.4,33.3,32.3,32.9,32.8,32.0,32.5,33.3,32.0,33.0,33.0,32.2,32.7,33.5,33.0,33.6,33.7,33.1,33.3,33.7,33.2,33.3,33.5,30.9,33.6,32.7,33.0,33.4,33.0,32.3,31.9,32.1,32.9,32.4,32.6,32.2,32.8,32.3,32.9,32.9,32.5,34.0,33.6,32.4,32.7,31.7,33.7,32.7,33.6,32.4,32.8,32.9,32.8,32.2,33.7,34.2,33.8,31.4,31.4,33.5,33.3,32.4,31.8,33.3,32.4,32.3,32.1,33.0,33.0,32.2,31.6,32.0,33.0,32.7,32.5,33.0,33.3,33.3,33.3,32.8,33.3,32.6,32.9,33.1,33.2,32.8,32.3,33.7,33.8,31.7,32.6,34.2,33.0,32.5,33.0,32.2,32.5,31.4,32.4,32.9,32.9,32.8,32.3,33.1,33.0,33.3,32.5,32.6,32.8,33.3,33.8,34.3,33.5,32.6,33.5,34.0,34.1,32.7,32.6,33.4,34.0,33.7,30.8,32.3,32.9,33.3,32.4,32.1,32.1,32.6,31.8,33.1,33.5,32.5,31.8,32.7,32.7,32.8,33.2,33.2,33.2,34.0,33.0,34.2,34.0,32.6,33.2,33.2,34.3,32.4,33.2,32.5,32.7,32.2,32.6,33.4,32.6,32.2,32.7,32.9,32.9,31.9,32.9,33.3,33.3,32.6,32.9,33.4,33.1,32.5,32.8,32.8,33.0,33.3,33.0,34.3,34.0,33.1,33.0,33.6,33.1,33.3,32.1,33.1,33.8,32.8,33.1,32.9,32.4,33.7,32.6,33.4,32.5,32.8,32.5,33.2,32.9,33.2,32.1,32.2,33.4,32.7,33.7,33.5,33.2,33.3,33.4,33.9,34.6,32.8,33.5,34.2,33.1,32.8,33.8,33.7,33.7,31.8,32.1,32.7,32.9,32.9,32.5,33.3,32.7,32.6,32.7,32.6,33.3,32.1,33.3,33.3,32.0,32.8,32.6,32.5,33.0,32.3,32.7,33.3,34.0,34.7,33.8,33.6,33.4,33.5,33.9,33.9,33.8,32.8,32.7,32.3,32.8,32.9,31.9,32.8,32.8,32.7,33.2,32.0,32.7,33.2,nan,33.2,33.0,32.6,32.6,33.3,33.7,32.4,33.1,33.6,33.8,34.2,33.9,34.3,33.4,33.0,32.6,34.0,33.7,32.5,33.4,33.1,33.3,32.9,33.2,32.6,32.6,32.4,32.6,32.6,33.3,31.8,32.8,32.5,32.7,32.0,32.8,32.6,33.2,32.6,33.3,33.6,34.5,34.9,35.1,34.2,34.1,33.9,33.0,34.0,33.9,33.7,31.9,33.4,33.4,33.3,32.1,33.0,32.9,32.6,31.2,32.7,34.1,32.1,32.6,31.4,32.9,32.4,32.6,32.6,33.0,32.6,32.1,31.9,34.5,34.3,33.6,33.0,34.0,33.2,33.4,33.9,33.9,31.9,32.8,33.7,33.5,32.6,32.5,33.1,32.6,31.6,33.1,32.6,33.5,33.3,32.3,33.3,33.2,33.2,32.5,33.5,32.8,33.1,33.4,33.0,32.4,33.2,33.9,34.7,34.7,33.2,33.0,33.5,33.7,33.8,32.6,33.5,32.6,33.3,32.7,32.4,32.9,32.5,32.6,32.8,32.3,32.9,32.6,33.1,33.0,32.6,32.8,33.3,33.5,32.6,32.9,33.1,33.1,33.2,33.2,34.4,34.2,33.2,33.4,33.0,34.2,33.4,34.1,33.1,33.5,33.5,33.5,33.5,33.7,32.4,32.4,32.4,33.2,32.8,33.0,32.6,32.5,32.8,31.8,32.8,33.4,32.1,32.8,32.6,33.9,34.3,32.8,32.9,33.4,33.3,34.0,34.1,34.6,32.5,32.9,33.6,33.1,32.8,32.7,33.6,32.4,32.3,33.2,32.3,32.3,32.3,32.1,32.1,33.3,32.8,32.3,33.0,32.1,33.7,32.4,32.4,33.4,34.3,32.4,34.9,34.4,33.7,34.0,35.5,35.0
1785303236.4753668,460,31.4,32.9,33.5,33.0,32.4,32.8,32.2,33.3,32.3,32.5,33.1,33.2,30.2,33.5,32.2,32.4,32.2,33.0,32.4,32.8,33.0,32.5,32.4,32.2,32.4,33.6,33.1,33.9,32.7,32.5,33.4,34.0,33.4,33.3,34.1,32.9,32.9,30.5,31.9,32.6,32.4,32.2,32.4,32.8,33.2,33.1,33.5,32.9,33.0,31.8,32.6,32.7,32.8,32.0,32.5,32.7,32.2,31.7,32.3,31.8,34.3,33.5,32.9,33.1,32.1,32.8,33.1,33.1,33.1,33.3,32.5,32.2,32.9,33.5,33.7,32.8,32.6,32.3,32.5,33.0,32.5,33.2,33.2,32.9,32.0,32.4,33.4,33.1,31.7,32.7,32.1,34.1,31.9,32.4,31.7,33.4,32.0,34.0,31.5,32.0,32.5,32.2,33.0,32.6,32.8,32.1,33.2,32.5,32.5,32.4,32.7,32.2,33.3,32.4,32.0,32.9,32.4,32.9,33.9,32.6,32.9,32.9,31.6,33.5,31.6,33.1,33.0,33.2,34.3,33.1,32.2,32.5,32.5,32.3,33.1,33.7,31.9,33.2,32.8,33.0,32.7,31.9,32.2,33.1,32.2,32.4,32.2,31.7,32.9,33.2,34.6,34.3,33.6,33.6,32.8,33.7,33.0,31.6,33.4,33.5,33.4,32.2,32.1,33.0,32.8,32.6,33.0,33.4,32.6,32.0,32.5,32.6,32.2,31.9,33.4,33.1,32.8,32.3,33.1,32.8,33.4,33.6,34.6,33.8,33.9,33.1,32.8,33.9,32.9,32.3,33.0,34.1,32.4,32.4,32.3,33.3,32.6,31.9,32.6,33.2,32.5,33.2,32.5,32.9,31.6,33.0,32.1,33.4,31.6,33.1,32.7,33.3,32.9,32.9,34.9,34.8,33.1,33.4,32.5,33.5,32.3,32.9,34.2,32.3,32.8,32.1,33.0,32.4,31.7,32.1,32.7,32.9,33.6,32.2,32.9,33.0,32.6,32.3,33.8,32.3,32.0,32.5,32.3,32.7,32.5,31.8,33.4,34.6,33.3,32.1,33.8,33.4,32.7,33.5,33.7,34.2,31.9,32.1,32.7,32.8,32.1,32.8,32.9,33.2,32.0,32.3,32.4,33.2,32.6,32.6,33.4,32.8,31.3,32.6,32.6,32.8,32.4,32.6,33.6,34.3,32.9,33.0,32.5,33.5,33.3,32.7,33.4,33.1,33.5,33.6,34.6,33.7,32.5,32.2,32.7,32.1,32.5,32.9,33.1,33.3,32.8,32.0,32.8,33.1,32.6,32.7,33.4,33.6,33.5,33.7,34.3,33.2,33.3,32.5,33.3,34.1,34.0,33.5,33.3,34.0,32.9,33.2,32.6,33.9,32.2,32.8,31.9,33.1,32.2,33.7,32.9,33.6,33.2,32.6,33.1,32.6,33.4,33.4,33.4,33.4,33.1,32.8,33.1,33.8,32.9,33.6,32.7,34.1,33.1,33.5,34.8,35.6,32.6,32.8,33.7,33.9,32.3,31.8,32.8,32.8,32.2,33.1,32.5,33.3,32.4,32.4,33.3,32.7,32.5,32.2,33.8,32.7,33.5,33.3,33.1,33.0,33.1,33.0,33.1,33.6,33.3,32.8,33.7,34.2,31.7,32.7,33.0,32.6,32.3,33.4,33.2,33.0,32.2,31.9,33.2,33.2,32.5,32.3,32.8,33.0,32.3,32.8,33.2,33.0,32.8,34.3,33.1,33.8,33.4,33.6,32.9,34.1,33.1,33.0,32.9,33.6,32.0,33.3,32.9,32.9,31.7,32.2,33.6,32.6,33.0,32.0,32.5,33.0,32.7,32.2,32.4,33.7,33.9,33.5,33.2,33.5,33.5,34.3,34.6,33.1,32.6,33.2,34.2,33.9,33.3,31.4,33.9,33.5,32.4,33.0,31.6,31.8,32.2,32.9,32.5,33.7,32.6,33.6,32.9,33.0,31.8,32.5,33.1,33.3,32.6,33.6,33.3,33.0,33.1,33.4,33.5,34.0,32.9,33.1,33.4,33.8,32.7,32.8,33.5,32.8,31.7,32.1,32.2,33.3,32.8,32.4,33.9,31.6,32.8,32.0,33.5,33.0,32.9,32.7,33.2,32.7,33.3,32.7,33.3,33.2,33.3,32.9,34.5,34.4,33.8,33.5,34.6,34.3,34.2,33.2,33.9,33.5,32.8,34.0,33.4,33.2,32.5,32.5,32.7,32.7,33.1,32.6,32.1,33.1,32.3,33.4,32.8,33.3,33.3,33.0,34.1,33.5,31.3,33.0,33.3,34.8,33.6,33.3,33.5,33.9,34.4,33.9,33.9,33.4,32.4,31.6,32.3,32.6,32.8,32.6,32.8,32.3,32.5,32.4,33.0,33.0,32.4,nan,33.0,32.9,33.0,31.5,33.3,33.2,32.9,32.6,33.4,33.2,34.1,33.6,33.7,33.6,33.8,33.0,34.5,34.7,32.5,32.8,32.5,33.8,32.7,33.6,31.6,33.1,32.1,32.9,32.6,32.6,32.0,33.1,32.5,32.5,33.0,32.3,33.3,33.3,33.0,33.3,34.3,34.5,34.7,34.6,33.1,34.5,32.7,33.9,34.2,34.5,33.5,32.1,33.2,32.6,32.5,32.8,33.0,33.1,32.7,32.2,32.7,32.9,32.3,32.4,33.4,32.7,32.7,31.5,33.6,32.5,33.2,32.9,33.6,33.8,33.8,33.9,35.0,34.2,34.7,33.4,35.1,33.5,31.8,32.6,33.1,33.3,32.9,33.2,32.2,33.5,31.2,34.0,33.1,33.5,32.3,34.2,33.0,32.1,33.2,32.1,33.3,33.7,33.1,33.7,33.7,33.3,32.3,33.7,35.2,34.3,32.6,32.9,34.0,34.1,32.8,32.6,34.3,33.7,32.5,33.2,33.7,33.5,32.5,32.9,32.6,32.9,33.3,33.4,33.4,34.3,32.7,32.8,32.7,33.0,32.5,32.6,33.6,32.9,33.0,34.5,34.7,33.3,34.0,32.6,33.2,35.3,32.5,34.1,32.7,34.4,32.9,33.1,32.8,33.7,31.3,33.0,33.2,32.8,32.6,32.4,32.6,33.7,32.2,33.3,32.8,33.9,32.1,32.8,33.5,33.7,32.2,33.7,33.3,34.6,32.9,35.0,34.0,34.4,33.0,32.6,34.0,34.2,34.0,31.7,31.8,33.6,32.8,33.9,32.3,33.0,32.5,32.5,32.8,33.5,32.8,32.1,33.5,33.9,32.9,33.0,33.5,33.5,33.5,32.4,33.3,34.0,33.1,34.0,34.8,35.7
1785303238.5778377,461,32.2,33.2,31.3,32.3,32.4,32.2,32.9,33.8,31.5,33.5,32.2,32.8,31.5,32.6,32.8,33.2,31.7,32.4,31.8,33.2,32.8,32.1,32.2,32.2,32.6,33.2,32.7,32.6,32.5,32.8,31.9,33.6,33.4,31.4,33.4,32.9,32.7,32.0,32.7,32.1,31.8,32.6,32.6,31.5,32.5,31.4,32.3,32.9,32.5,31.6,32.6,33.3,32.8,31.2,32.3,32.1,32.0,31.9,32.3,33.5,33.9,34.0,31.9,33.4,32.6,33.5,31.9,32.9,31.6,32.7,32.5,32.6,32.6,32.6,33.2,33.0,31.7,33.2,32.3,33.2,32.3,32.7,33.0,33.2,31.6,33.4,33.4,32.2,32.0,32.9,31.3,33.3,32.5,32.0,33.4,33.6,34.4,31.1,32.2,32.0,32.3,32.4,33.6,31.8,33.2,31.0,33.0,32.3,32.5,32.6,32.2,33.4,32.6,32.8,32.7,32.4,32.9,32.6,33.6,32.9,33.2,32.0,33.0,33.1,33.2,31.8,33.7,33.4,32.6,31.9,33.3,32.0,31.7,32.3,33.3,32.6,31.4,32.5,32.8,32.7,31.7,32.2,31.6,32.7,33.2,32.2,33.0,32.9,32.4,33.2,34.1,34.8,32.7,34.0,33.2,33.1,33.0,32.8,32.5,33.1,32.7,31.1,32.1,32.1,33.0,31.9,32.4,31.9,32.9,32.2,33.1,32.0,33.1,32.4,32.4,32.8,32.9,32.3,32.8,32.5,32.4,32.8,33.8,34.9,34.0,33.8,32.8,33.7,32.9,32.5,34.3,32.8,31.3,33.7,31.7,33.8,32.0,31.1,33.0,33.9,31.8,33.2,33.0,33.4,31.6,32.7,33.2,33.2,32.8,32.6,32.9,33.3,32.6,33.3,33.7,34.6,33.4,33.8,33.8,33.3,32.3,32.3,34.0,33.2,32.6,31.6,33.2,32.6,32.5,31.6,32.5,32.4,32.4,31.9,33.2,32.3,33.1,31.5,33.0,32.5,31.7,31.4,33.3,32.7,33.6,32.3,34.3,34.3,34.8,33.5,33.1,32.6,33.1,31.8,33.1,32.6,31.0,32.1,32.3,32.6,32.2,32.6,32.5,33.1,34.1,32.9,32.2,33.1,31.5,32.4,32.8,32.9,32.3,32.9,33.1,33.2,32.3,33.6,33.6,34.1,32.2,32.8,32.7,33.1,31.9,32.0,32.2,34.8,32.4,31.7,32.7,31.9,33.1,31.6,32.1,33.1,33.0,31.9,32.6,32.8,32.0,32.2,32.8,32.8,32.6,31.5,32.3,32.8,32.5,33.3,33.6,33.0,33.1,33.0,34.0,32.9,32.0,32.4,32.7,32.6,32.5,31.9,32.8,33.5,32.3,32.3,32.8,32.6,32.4,32.7,33.0,32.6,33.7,33.3,32.1,32.6,30.9,32.6,32.8,33.1,32.8,33.6,32.7,33.8,33.6,33.8,33.9,34.2,32.9,33.1,33.3,33.6,33.7,32.0,32.7,33.3,33.4,32.0,32.6,32.4,33.0,32.6,33.0,32.0,32.7,33.0,33.0,33.0,32.7,32.2,32.8,32.8,33.5,33.7,33.9,33.8,33.1,32.9,33.3,33.7,32.8,32.6,34.1,34.0,32.6,33.4,33.2,33.0,32.0,32.5,32.4,33.0,33.6,31.9,32.4,32.9,32.0,33.1,33.1,33.8,33.0,32.8,32.9,32.8,33.1,33.6,31.8,33.5,33.4,32.8,33.4,34.2,33.3,33.1,32.7,34.4,33.5,32.4,32.7,32.9,32.9,32.4,33.5,32.5,33.0,31.8,32.6,33.2,33.2,32.6,33.0,32.7,32.7,32.4,33.8,33.3,33.2,32.4,33.7,33.4,33.5,33.4,33.9,33.9,33.5,31.3,33.3,32.5,32.2,33.2,33.2,33.6,32.2,32.5,32.7,32.5,32.7,32.3,33.3,33.8,33.4,32.3,33.7,33.1,32.2,31.8,32.4,33.5,32.8,33.4,33.3,33.5,33.1,32.8,33.8,33.8,33.1,32.8,33.5,33.0,33.2,32.3,33.7,31.8,32.1,31.5,33.2,33.2,32.5,31.7,33.5,32.9,33.0,32.6,32.7,32.4,32.5,32.6,33.0,32.8,32.4,33.7,34.0,33.9,33.7,32.9,34.6,34.1,33.2,32.3,33.9,33.1,32.2,33.4,30.8,32.7,32.0,32.3,33.6,33.1,31.2,33.8,32.3,33.3,32.3,33.0,32.5,32.8,33.1,33.1,32.8,33.3,33.1,33.2,33.8,34.7,35.3,33.5,34.0,34.3,33.1,34.1,34.5,34.4,33.2,31.6,33.7,30.2,33.6,32.3,32.6,31.9,32.9,32.2,32.2,32.5,32.4,nan,33.2,32.7,32.5,32.7,32.9,32.9,33.7,33.1,34.6,34.3,34.1,33.0,33.7,33.6,34.3,32.6,34.2,34.1,32.5,33.8,31.4,33.9,32.4,32.3,33.1,32.9,32.1,33.8,33.1,33.0,31.7,32.3,33.0,33.5,33.1,33.3,33.1,33.3,32.5,32.8,32.9,33.7,34.5,34.7,34.0,33.8,33.1,33.9,34.2,34.5,32.8,31.9,33.6,33.0,33.1,31.9,33.2,32.7,33.9,32.0,32.9,33.9,33.1,32.4,32.7,33.1,32.6,32.1,32.9,33.3,33.1,33.2,33.1,33.4,34.1,33.9,33.9,34.2,33.2,32.3,34.1,34.7,31.8,33.9,33.5,34.7,32.9,32.9,31.8,33.7,31.9,32.6,32.1,33.7,32.1,33.0,33.1,33.0,33.7,32.5,32.2,32.5,32.4,33.2,34.2,33.5,33.0,34.8,33.7,34.4,33.2,34.1,34.0,33.7,32.9,32.8,32.7,33.5,31.9,31.5,32.7,32.4,33.6,32.6,33.5,32.7,33.1,31.7,33.4,32.8,33.4,32.4,33.8,32.6,33.2,32.0,33.4,32.6,33.6,34.3,34.0,33.5,33.6,33.2,33.6,35.7,32.7,33.0,33.1,34.4,32.5,33.1,32.6,32.6,32.2,31.7,31.7,32.6,31.5,33.5,33.5,33.2,32.8,32.6,32.8,33.7,31.9,32.5,33.3,33.5,33.9,34.5,32.7,34.4,33.5,33.1,34.3,34.1,32.5,31.9,34.0,32.7,34.0,31.7,32.6,32.4,32.8,32.8,33.6,32.8,33.0,32.6,33.5,33.7,32.4,32.8,33.2,33.2,32.8,32.3,32.6,33.2,33.2,33.1,34.5,34.0,33.5,34.0,34.2,33.4
1785303240.9401567,462,32.9,34.1,32.9,32.1,32.0,32.1,32.1,32.0,32.6,32.3,32.1,32.7,33.7,33.3,32.5,32.0,32.4,33.3,33.3,32.6,32.6,33.2,32.1,31.9,31.7,32.9,33.5,33.8,34.2,33.8,33.3,32.2,33.2,32.6,32.8,33.9,33.9,32.8,32.4,32.1,33.3,32.0,31.4,32.2,32.3,32.8,32.4,32.1,33.2,33.5,32.9,32.5,33.5,32.6,31.6,33.2,32.8,32.8,33.5,33.9,34.5,33.6,33.0,32.3,32.2,32.9,33.4,32.3,32.4,34.3,32.8,33.1,32.7,33.5,32.2,31.7,32.0,32.8,33.1,32.5,32.8,33.8,32.2,31.8,32.1,32.5,32.8,33.0,32.5,33.6,32.7,33.0,33.1,33.4,33.5,32.8,33.1,34.2,32.3,32.6,33.7,31.9,32.3,32.9,33.5,33.0,32.8,32.6,32.5,32.1,32.6,32.9,32.9,33.0,33.0,33.6,32.9,31.8,33.2,33.1,32.8,33.1,32.1,32.0,33.8,32.6,32.9,33.3,32.3,33.4,32.8,33.0,32.2,33.3,33.4,32.1,32.4,34.2,33.1,32.3,32.5,33.4,33.0,32.7,32.8,32.9,32.6,32.2,31.6,33.2,33.1,33.9,33.5,33.4,32.5,32.7,33.3,33.2,32.6,33.2,33.5,31.7,32.0,33.5,34.5,33.1,33.3,32.6,32.9,32.7,32.5,32.7,33.7,32.4,31.9,32.9,33.6,31.9,32.6,32.4,32.7,33.4,33.5,33.9,32.7,32.7,33.0,33.7,34.2,33.4,31.8,33.1,34.1,33.4,31.8,34.1,32.0,33.7,31.9,31.3,32.8,33.1,31.9,32.0,32.7,33.5,33.0,33.0,32.2,33.4,32.5,32.6,32.5,33.9,34.0,34.9,33.4,33.6,32.8,32.5,33.6,32.8,34.2,33.1,32.9,32.9,32.3,33.2,33.0,32.6,32.5,33.9,33.5,33.0,32.0,32.4,32.6,32.4,32.1,32.6,33.4,32.0,33.4,32.5,33.4,33.7,33.9,35.3,35.5,33.8,33.0,32.9,34.3,33.3,33.0,33.5,32.0,33.3,32.8,32.3,32.9,33.6,33.2,33.7,32.8,33.6,32.3,31.7,32.9,33.1,32.7,33.5,33.3,33.1,32.2,32.7,33.2,32.7,34.4,34.6,33.0,34.4,33.5,32.7,32.6,33.6,32.3,33.0,33.6,31.9,31.8,32.6,33.2,33.0,33.2,33.1,34.4,33.2,32.2,32.6,32.6,32.9,32.4,33.3,33.5,33.1,32.6,32.6,32.9,33.5,33.6,35.0,34.2,34.1,33.4,33.7,34.7,32.7,32.8,32.3,33.0,32.0,32.1,32.3,32.7,33.5,32.6,33.2,32.4,33.5,32.8,33.7,32.7,33.7,32.7,32.5,32.9,33.5,33.3,33.3,33.1,33.4,33.7,33.9,34.2,33.8,33.0,33.1,33.0,32.5,32.6,32.9,32.8,32.5,31.8,33.6,33.2,32.7,32.0,32.9,32.8,32.4,32.3,33.3,33.6,32.0,33.1,33.1,34.2,33.1,32.5,33.6,33.8,33.3,33.6,34.4,33.4,32.8,33.1,33.7,34.3,33.5,32.3,34.0,32.3,32.9,34.1,32.7,33.2,33.9,32.1,32.0,31.7,32.4,32.4,32.9,33.5,33.5,34.0,32.8,32.3,33.9,33.2,33.0,34.0,34.2,33.1,32.9,32.7,33.4,34.8,33.7,32.7,34.2,34.9,34.7,32.4,33.6,33.2,32.6,33.6,32.7,31.9,33.1,32.9,32.8,33.1,32.8,33.0,32.7,32.3,33.2,33.1,32.7,33.0,33.1,33.9,33.0,33.1,34.0,35.1,33.0,33.1,33.5,34.9,32.2,33.8,34.2,32.9,33.3,33.1,32.4,32.5,33.3,32.6,32.5,32.4,33.4,32.7,32.6,32.9,33.5,33.4,32.3,33.6,33.1,33.7,33.0,34.0,32.9,34.1,33.3,32.6,32.9,33.7,34.2,32.9,33.5,33.8,33.4,33.7,32.2,32.7,32.3,34.2,32.5,33.1,33.5,33.1,32.6,32.6,33.5,34.0,33.0,33.0,33.3,32.7,33.0,33.4,33.5,33.5,34.3,34.0,33.9,34.1,34.0,32.9,34.1,33.3,33.9,33.5,34.1,32.1,33.1,33.0,33.6,33.2,32.3,32.0,31.8,32.9,33.2,32.6,33.3,32.4,33.4,33.4,33.3,32.4,33.2,34.0,32.9,33.5,33.6,33.3,33.4,32.9,34.0,33.9,33.3,33.4,33.5,34.0,33.2,33.5,33.6,33.1,33.7,34.3,32.9,33.5,32.8,33.2,33.5,31.6,32.5,32.7,nan,32.7,33.8,34.3,33.2,32.8,33.7,33.5,34.2,34.3,34.4,33.2,33.3,33.7,33.6,35.0,33.7,34.1,34.4,32.4,34.0,32.6,33.0,32.9,32.8,34.5,33.0,32.2,33.7,33.2,32.6,33.3,32.6,32.9,31.9,33.1,32.9,33.1,32.6,32.9,33.8,34.1,34.0,34.3,34.0,33.2,33.9,32.5,34.1,34.9,33.8,33.4,32.7,33.5,34.0,32.4,32.6,32.6,33.0,32.5,33.0,33.0,33.3,33.6,32.9,33.3,33.0,33.0,31.9,32.5,33.4,33.8,33.5,33.9,34.2,35.6,33.2,33.3,35.0,33.9,34.5,34.0,34.9,32.9,34.2,33.2,33.4,33.6,33.4,33.4,32.2,32.8,33.2,33.3,33.3,33.1,33.1,33.8,33.6,33.6,34.3,34.1,32.8,33.1,34.3,33.8,34.2,33.3,34.0,35.0,33.5,33.9,34.9,34.1,33.6,33.9,32.7,32.8,34.0,33.0,33.0,32.9,32.9,32.7,32.5,31.8,34.4,33.6,32.9,32.9,33.4,33.7,32.7,33.2,33.4,33.9,33.4,33.2,33.2,35.3,33.9,33.2,34.0,33.9,33.2,34.0,34.7,34.0,34.3,32.8,31.9,32.6,33.8,32.9,31.9,32.9,34.4,33.1,32.9,32.7,33.6,32.6,33.8,33.2,33.8,33.6,33.5,33.5,34.0,34.4,33.3,34.0,34.4,35.4,32.9,33.9,34.5,35.1,33.8,33.6,33.4,32.4,32.8,34.3,33.1,33.3,33.9,32.4,33.1,33.0,33.8,33.7,32.4,33.1,32.6,33.3,32.4,33.1,33.5,33.6,32.9,34.4,33.5,33.9,34.8,32.6,33.7,34.3,34.1,33.2,34.7
1785303243.0861335,463,nan,nan,nan,nan,nan,nan,nan,nan,nan,nan,nan,nan,nan,nan,nan,nan,nan,nan,nan,nan,nan,nan,nan,nan,nan,nan,nan,nan,nan,nan,nan,nan,nan,nan,nan,nan,nan,nan,nan,nan,nan,nan,nan,nan,nan,nan,nan,nan,nan,nan,nan,nan,nan,nan,nan,nan,nan,nan,nan,nan,nan,nan,nan,nan,nan,nan,nan,nan,nan,nan,nan,nan,nan,nan,nan,nan,nan,nan,nan,nan,nan,nan,nan,nan,nan,nan,nan,nan,nan,nan,nan,nan,nan,nan,nan,nan,nan,nan,nan,nan,nan,nan,nan,nan,nan,nan,nan,nan,nan,nan,nan,nan,nan,nan,nan,nan,nan,nan,nan,nan,nan,nan,nan,nan,nan,nan,nan,nan,nan,nan,nan,nan,nan,nan,nan,nan,nan,nan,nan,nan,nan,nan,nan,nan,nan,nan,nan,nan,nan,nan,nan,nan,nan,nan,nan,nan,nan,nan,nan,nan,nan,nan,nan,nan,nan,nan,nan,nan,nan,nan,nan,nan,nan,nan,nan,nan,nan,nan,nan,nan,nan,nan,nan,nan,nan,nan,nan,nan,nan,nan,nan,nan,nan,nan,nan,nan,nan,nan,nan,nan,nan,nan,nan,nan,nan,nan,nan,nan,nan,nan,nan,nan,nan,nan,nan,nan,nan,nan,nan,nan,nan,nan,nan,nan,nan,nan,nan,nan,nan,nan,nan,nan,nan,nan,nan,nan,nan,nan,nan,nan,nan,nan,nan,nan,nan,nan,nan,nan,nan,nan,nan,nan,nan,nan,nan,nan,nan,nan,nan,nan,nan,nan,nan,nan,nan,nan,nan,nan,nan,nan,nan,nan,nan,nan,nan,nan,nan,nan,nan,nan,nan,nan,nan,nan,nan,nan,nan,nan,nan,nan,nan,nan,nan,nan,nan,nan,nan,nan,nan,nan,nan,nan,nan,nan,nan,nan,nan,nan,nan,nan,nan,nan,nan,nan,nan,nan,nan,nan,nan,nan,nan,nan,nan,nan,nan,nan,nan,nan,nan,nan,nan,nan,nan,nan,nan,nan,nan,nan,nan,nan,nan,nan,nan,nan,nan,nan,nan,nan,nan,nan,nan,nan,nan,nan,nan,nan,nan,nan,nan,nan,nan,nan,nan,nan,nan,nan,nan,nan,nan,nan,nan,nan,nan,nan,nan,nan,nan,nan,nan,nan,nan,nan,nan,nan,nan,nan,nan,nan,nan,nan,nan,nan,nan,nan,nan,nan,nan,nan,nan,nan,nan,nan,nan,nan,nan,nan,nan,nan,nan,nan,nan,nan,nan,nan,nan,nan,nan,nan,nan,nan,nan,nan,nan,nan,nan,nan,nan,nan,nan,nan,nan,nan,nan,nan,nan,nan,nan,nan,nan,nan,nan,nan,nan,nan,nan,nan,nan,nan,nan,nan,nan,nan,nan,nan,nan,nan,nan,nan,nan,nan,nan,nan,nan,nan,nan,nan,nan,nan,nan,nan,nan,nan,nan,nan,nan,nan,nan,nan,nan,nan,nan,nan,nan,nan,nan,nan,nan,nan,nan,nan,nan,nan,nan,nan,nan,nan,nan,nan,nan,nan,nan,nan,nan,nan,nan,nan,nan,nan,nan,nan,nan,nan,nan,nan,nan,nan,nan,nan,nan,nan,nan,nan,nan,nan,nan,nan,nan,nan,nan,nan,nan,nan,nan,nan,nan,nan,nan,nan,nan,nan,nan,nan,nan,nan,nan,nan,nan,nan,nan,nan,nan,nan,nan,nan,nan,nan,nan,nan,nan,nan,nan,nan,nan,nan,nan,nan,nan,nan,nan,nan,nan,nan,nan,nan,nan,nan,nan,nan,nan,nan,nan,nan,nan,nan,nan,nan,nan,nan,nan,nan,nan,nan,nan,nan,nan,nan,nan,nan,nan,nan,nan,nan,nan,nan,nan,nan,-176.1,nan,nan,nan,nan,nan,nan,nan,nan,nan,nan,nan,nan,nan,nan,nan,nan,nan,nan,nan,nan,nan,nan,nan,nan,nan,nan,nan,nan,nan,nan,nan,nan,nan,nan,nan,nan,nan,nan,nan,nan,nan,nan,nan,nan,nan,nan,nan,nan,nan,nan,nan,nan,nan,nan,nan,nan,nan,nan,nan,nan,nan,nan,nan,nan,nan,nan,nan,nan,nan,nan,nan,nan,nan,nan,nan,nan,nan,nan,nan,nan,nan,nan,nan,nan,nan,nan,nan,nan,nan,nan,nan,nan,nan,nan,nan,nan,nan,nan,nan,nan,nan,nan,nan,nan,nan,nan,nan,nan,nan,nan,nan,nan,nan,nan,nan,nan,nan,nan,nan,nan,nan,nan,nan,nan,nan,nan,nan,nan,nan,nan,nan,nan,nan,nan,nan,nan,nan,nan,nan,nan,nan,nan,nan,nan,nan,nan,nan,nan,nan,nan,nan,nan,nan,nan,nan,nan,nan,nan,nan,nan,nan
1785303245.441711,464,34.3,32.1,33.4,32.5,34.0,32.0,32.1,32.9,32.6,31.7,30.9,32.2,31.2,31.3,32.1,32.8,32.3,32.1,32.3,33.2,32.3,32.7,31.8,32.0,32.2,33.0,31.5,33.5,33.9,33.0,30.7,33.3,31.0,32.1,32.6,33.7,32.0,31.2,33.3,31.0,32.0,32.5,32.6,32.5,32.0,32.4,33.7,32.0,31.6,32.2,33.0,33.2,32.1,32.4,31.7,32.4,32.6,33.2,32.6,33.0,32.6,32.5,32.6,32.3,33.2,31.3,31.5,32.6,31.7,32.7,31.6,32.8,32.8,31.8,31.4,33.2,32.9,31.8,31.6,33.6,32.9,32.7,31.6,32.3,32.9,32.5,32.0,33.6,32.5,33.0,32.2,33.7,32.8,32.4,31.9,33.6,31.0,34.1,32.4,32.6,32.1,32.0,33.8,31.9,31.7,32.4,32.7,31.7,31.8,32.4,32.5,31.9,33.1,32.8,32.7,31.8,31.7,33.0,33.1,33.0,31.9,33.0,32.4,32.8,33.2,32.3,33.0,31.9,32.5,32.1,31.9,32.7,33.0,32.5,32.1,33.2,33.0,31.6,31.8,33.2,32.7,33.2,32.6,32.2,32.9,32.1,31.7,32.4,33.4,33.2,34.0,35.0,32.9,32.9,32.1,32.5,32.1,32.0,31.9,34.9,32.5,31.9,31.8,30.9,31.4,32.7,31.9,32.2,32.7,32.3,33.1,31.8,32.1,31.3,32.4,32.5,32.1,32.3,33.3,32.3,32.3,33.5,35.5,34.9,32.9,33.0,33.0,31.7,32.7,33.2,33.0,33.1,32.8,31.1,31.3,32.5,32.3,32.8,32.3,33.0,32.9,33.0,31.7,33.4,33.1,32.2,32.5,32.1,32.8,32.0,32.1,33.3,32.6,32.9,33.3,35.3,33.8,33.6,32.0,34.0,32.6,32.5,32.5,32.9,31.7,32.2,32.0,31.9,31.2,32.4,32.5,32.3,32.2,33.0,32.4,33.2,32.0,32.3,33.1,31.9,32.0,32.5,32.5,32.2,32.2,33.3,33.6,33.5,33.0,34.6,33.4,32.7,32.0,32.6,34.3,32.2,32.0,31.9,32.6,33.4,32.7,32.0,31.3,33.1,33.1,32.3,31.9,33.5,32.5,33.6,31.5,33.2,32.6,31.7,32.6,32.9,33.3,33.4,33.3,34.6,33.4,33.0,32.2,34.2,33.1,32.9,32.1,33.5,32.0,33.3,32.4,32.8,31.6,33.5,33.1,32.3,32.0,32.0,32.9,32.2,32.2,32.5,33.4,32.7,32.0,32.4,33.3,32.4,32.8,33.2,33.6,33.7,33.3,33.9,34.2,34.3,33.1,32.7,33.5,32.3,32.2,32.3,31.7,33.1,33.2,32.3,32.0,32.2,33.0,33.1,31.6,32.6,32.3,32.8,32.3,33.1,33.0,32.9,31.3,33.3,33.5,33.3,32.3,33.5,32.6,32.6,32.9,34.9,33.9,33.0,34.3,34.4,32.8,33.1,32.5,33.5,33.1,32.6,33.5,32.5,32.0,33.0,32.0,32.4,32.4,32.7,33.0,32.7,32.7,32.7,33.3,32.7,33.0,33.4,33.4,33.2,33.1,33.4,33.5,33.4,33.5,32.9,33.9,33.5,32.5,31.9,32.1,33.2,33.5,31.9,32.4,32.5,31.8,32.3,31.4,33.4,33.0,31.2,32.5,33.6,32.5,31.5,32.5,33.5,32.8,33.1,32.7,33.6,33.0,31.5,33.0,34.2,33.2,33.3,32.1,34.2,32.0,33.3,33.1,32.2,32.0,32.6,33.0,32.5,33.1,32.9,31.8,32.9,31.9,32.0,33.5,32.9,32.8,32.9,32.7,31.6,33.0,33.9,32.5,33.6,32.3,32.7,34.0,32.2,32.8,32.1,33.7,33.1,33.8,31.9,31.9,32.8,32.1,32.3,32.4,33.4,33.0,32.8,32.3,32.6,32.7,32.3,32.7,32.2,33.3,32.6,32.5,33.8,33.6,33.4,32.8,33.6,33.8,33.0,33.3,33.7,32.4,32.8,32.9,33.4,31.3,32.6,33.1,32.6,30.7,32.5,33.2,32.5,32.3,32.2,32.7,31.7,32.5,32.9,32.8,32.9,32.7,32.9,33.6,32.5,32.7,33.4,34.0,33.5,33.2,33.4,34.6,33.3,33.2,33.4,33.7,33.0,32.3,31.5,32.1,33.1,32.8,31.9,32.3,32.7,32.5,31.9,32.5,33.1,32.5,32.3,32.0,33.0,32.3,32.2,31.9,33.1,33.0,33.1,33.5,33.3,34.7,33.8,33.3,33.7,34.1,33.0,32.8,34.6,33.0,32.5,32.7,31.5,33.0,31.8,32.8,32.0,33.0,32.2,33.2,31.9,32.4,nan,33.2,32.3,32.9,32.3,33.2,32.6,32.2,32.9,33.4,32.8,33.9,35.0,33.9,33.5,33.6,33.5,33.8,34.2,33.2,32.6,32.1,33.3,33.4,32.9,32.1,33.3,33.2,32.1,31.8,33.5,32.5,32.3,31.2,33.6,33.0,32.3,32.2,33.5,32.8,33.0,32.1,34.2,34.2,34.2,32.3,34.8,33.0,32.6,33.2,34.3,32.6,32.4,33.4,32.3,31.9,32.5,32.3,32.6,32.9,33.1,32.6,33.3,32.6,33.1,33.0,32.3,32.7,32.5,32.7,31.7,33.4,31.8,33.7,33.7,33.9,34.0,34.1,32.6,33.0,33.5,33.9,32.3,33.7,33.7,32.4,33.7,33.8,32.9,32.6,33.5,33.4,33.5,32.7,32.3,33.0,32.0,32.8,32.8,32.7,33.0,32.1,34.2,33.0,33.9,32.5,33.5,33.6,33.3,34.2,34.3,33.8,33.7,33.8,34.3,31.9,33.1,32.5,32.9,32.7,34.2,31.4,33.0,32.0,31.9,32.4,32.6,32.8,33.0,32.4,32.7,32.9,33.1,33.6,32.1,32.9,33.0,33.4,32.8,31.6,33.7,36.4,33.7,33.0,33.3,33.6,34.7,33.0,33.0,32.8,33.3,32.4,32.1,30.9,32.5,31.9,32.2,32.3,33.2,32.5,32.8,32.3,33.3,32.1,31.9,31.9,33.7,33.9,32.5,32.9,32.8,33.4,33.0,34.4,34.6,33.4,33.6,33.3,34.8,31.8,32.7,33.6,32.8,31.9,33.8,33.6,32.3,31.7,32.3,33.0,32.0,33.3,32.5,33.7,32.5,32.6,33.0,33.2,32.5,33.1,32.3,34.2,32.7,32.2,33.4,33.7,32.5,33.5,34.1,34.0,34.6
1785303247.1820993,465,32.2,32.1,33.3,32.3,33.0,32.2,32.2,33.1,32.7,32.9,32.0,32.6,32.1,33.0,32.0,32.6,32.2,32.8,32.4,32.8,32.6,32.9,32.0,31.6,34.2,32.2,31.9,33.5,33.2,33.0,31.9,33.8,33.1,32.5,32.6,32.4,32.9,32.7,31.9,33.2,32.6,32.4,33.4,31.7,32.1,32.9,33.0,32.7,32.3,32.5,32.5,32.7,32.7,32.9,32.6,32.1,32.6,31.7,32.3,32.2,33.4,33.3,34.1,33.1,33.1,33.3,31.4,32.4,32.5,32.9,33.1,31.8,32.8,32.8,32.6,32.3,33.2,32.3,32.8,33.0,33.2,33.2,33.2,32.5,32.3,32.9,32.1,33.5,33.7,33.2,31.5,34.1,33.4,32.9,32.0,32.9,33.2,33.3,32.0,31.8,31.9,33.0,32.6,32.8,32.3,32.3,32.5,32.9,32.2,32.2,33.2,32.7,32.8,32.9,33.8,32.9,33.6,32.9,34.3,33.5,33.4,33.1,32.4,32.7,34.3,32.9,32.5,32.0,32.2,32.4,32.0,32.9,32.9,31.7,32.2,33.0,33.7,32.6,32.8,33.4,31.8,33.2,32.8,33.1,32.4,32.7,32.2,32.4,33.4,34.4,34.8,35.0,34.6,33.6,32.4,33.7,33.2,33.2,32.1,32.9,32.7,31.8,31.8,33.4,32.4,32.6,32.2,32.9,32.4,32.5,32.5,32.6,32.4,33.1,32.2,32.8,33.8,32.3,33.3,32.3,33.6,34.1,33.4,34.8,34.3,33.8,32.7,33.5,32.7,32.3,32.8,32.3,32.7,31.7,31.2,32.3,32.6,32.1,33.2,32.3,33.0,33.5,32.5,32.5,32.7,32.4,31.9,32.3,32.3,32.6,30.7,32.8,32.6,33.3,33.9,35.3,34.3,34.0,32.1,33.8,32.7,32.9,33.0,32.9,32.8,31.4,31.7,32.2,32.5,33.0,32.2,33.3,32.9,32.4,32.4,32.8,33.1,32.0,31.7,32.8,32.6,32.8,32.3,32.2,33.5,33.1,33.4,33.1,33.5,33.5,32.5,32.4,33.3,34.1,33.7,33.0,32.5,32.5,31.9,33.4,32.2,33.3,32.5,31.8,32.7,32.3,32.7,33.2,32.1,33.1,32.9,32.9,32.3,32.9,33.1,33.1,32.7,33.4,33.4,33.8,33.1,33.0,33.7,34.0,33.4,34.4,32.6,33.1,33.7,32.6,33.1,32.1,32.3,32.5,32.9,32.6,32.8,32.8,32.1,32.6,32.6,32.6,32.1,33.0,32.5,33.1,32.3,32.7,33.0,32.7,33.8,33.2,33.6,34.0,33.8,34.1,33.3,34.1,32.9,33.4,32.9,32.7,32.0,32.4,32.8,33.0,33.2,32.9,32.2,33.2,32.0,33.1,33.1,33.3,33.1,33.6,32.6,32.5,32.4,32.8,33.4,33.3,33.2,33.1,33.2,33.6,32.3,33.4,32.9,32.6,34.0,35.6,33.3,32.0,32.9,33.3,32.9,32.5,32.1,31.9,33.5,32.8,32.3,33.0,33.0,33.4,33.1,32.0,33.1,32.5,32.0,32.7,33.6,34.1,33.3,33.2,33.1,33.5,33.3,33.2,32.6,33.0,32.5,33.4,32.8,33.0,31.6,33.2,32.3,33.2,33.2,32.0,32.7,32.6,32.6,32.7,32.3,32.8,32.6,32.8,33.4,33.3,32.6,33.0,32.6,34.3,33.0,33.1,32.2,32.5,32.4,34.1,33.8,32.6,32.1,33.4,33.9,32.8,33.1,33.1,32.4,32.9,32.8,31.9,33.0,32.3,32.8,32.7,31.7,32.6,32.0,32.6,32.7,33.0,32.7,32.9,33.8,33.5,33.5,33.7,33.5,33.5,34.2,33.4,33.3,32.8,34.1,32.5,33.5,32.6,32.0,33.0,32.9,32.7,32.5,32.2,32.7,32.6,32.0,33.3,32.6,32.9,31.8,32.2,32.5,33.0,33.3,33.6,33.6,33.4,32.4,34.3,33.8,33.5,33.5,33.7,33.5,33.2,33.1,33.2,32.7,33.5,32.0,32.6,32.7,32.4,32.7,31.6,32.5,32.6,33.2,32.0,33.0,32.9,33.2,33.5,33.2,33.0,32.5,32.6,34.0,33.1,34.5,34.1,34.2,33.4,34.6,33.9,33.7,33.0,33.9,33.1,33.3,33.4,32.8,33.4,32.9,33.2,33.1,32.7,32.7,32.4,32.1,32.8,32.4,33.0,32.1,33.0,33.6,33.8,32.9,33.3,33.4,33.5,33.6,34.2,34.6,33.8,33.6,33.4,33.3,33.5,33.9,34.0,33.2,32.2,33.1,32.4,33.2,32.6,32.3,31.7,33.2,32.2,31.7,32.7,32.4,nan,33.0,32.9,33.2,33.1,33.0,32.7,32.5,33.9,33.5,34.1,34.4,34.1,33.9,34.0,34.5,33.6,33.2,33.5,33.3,33.2,33.3,33.1,32.4,34.3,32.5,32.6,32.6,32.4,32.9,32.4,32.7,32.8,32.0,33.1,33.6,32.5,32.6,33.2,33.3,32.8,31.9,33.1,34.5,34.4,33.1,33.2,33.1,33.5,34.4,33.4,33.3,33.0,32.8,33.0,32.7,32.8,32.5,33.6,32.9,33.1,32.7,32.7,33.1,32.9,32.1,33.1,32.6,32.6,33.1,32.4,32.7,33.9,32.9,32.6,33.2,34.4,33.9,33.3,32.4,32.6,33.4,34.1,33.9,32.6,33.1,33.5,32.4,33.2,32.9,32.8,32.1,33.1,33.0,33.0,33.0,32.7,33.1,32.8,32.8,33.3,32.9,32.8,32.4,33.5,33.5,33.0,32.4,34.4,34.8,34.0,34.1,33.1,33.5,34.7,33.8,33.9,33.5,33.0,32.5,32.5,32.2,32.7,33.6,32.7,32.8,33.2,32.6,33.1,33.1,32.6,32.6,32.9,32.4,32.6,32.9,33.8,32.9,32.6,32.9,33.8,34.0,34.4,33.4,33.0,33.6,34.4,32.2,33.7,31.3,32.6,33.3,32.5,32.2,32.7,32.4,32.6,32.6,33.2,33.3,33.3,31.4,32.6,32.1,33.1,32.8,32.6,33.3,33.9,32.8,34.1,34.1,33.0,34.9,33.6,33.1,34.0,33.8,34.6,33.0,33.8,32.7,32.3,33.2,33.7,33.0,32.8,33.2,33.3,33.0,32.6,33.3,33.7,34.4,33.5,32.8,33.3,32.6,33.4,33.1,33.0,32.6,33.0,33.5,33.5,33.7,33.8,33.5,34.8,35.1,33.9
1785303249.2932172,466,33.3,32.6,32.5,32.7,32.4,33.3,31.6,33.5,31.9,33.1,32.9,32.4,31.3,32.6,32.4,32.4,32.8,33.0,33.1,33.8,31.9,33.8,32.5,33.0,32.5,33.2,32.3,32.8,33.8,32.5,33.9,32.5,32.0,32.2,32.4,32.9,32.7,32.4,31.9,31.9,33.2,31.5,31.8,32.0,33.0,32.0,33.2,32.9,33.0,31.8,31.7,32.4,32.8,32.7,32.6,32.9,33.4,31.9,33.2,32.7,33.7,32.8,34.6,32.9,33.3,33.3,32.4,32.4,32.9,32.9,32.3,32.6,33.1,32.4,31.9,33.2,31.9,33.0,31.8,33.2,32.1,33.4,32.5,32.5,32.5,32.9,33.7,33.8,32.2,33.6,32.7,32.8,33.4,33.3,33.1,33.6,33.4,32.3,31.7,32.7,32.1,32.4,32.4,32.6,33.0,32.7,33.0,31.8,33.6,32.7,33.0,32.6,32.7,32.2,33.8,32.4,32.4,32.6,34.1,33.5,34.0,32.9,33.0,32.9,33.4,33.9,33.7,33.4,33.3,33.7,31.5,32.0,33.3,32.9,33.3,32.8,33.1,33.2,32.3,32.0,32.3,33.7,32.7,32.7,33.0,32.7,32.0,32.8,32.4,33.4,34.9,34.3,34.3,33.8,32.6,33.7,32.6,34.4,33.4,33.5,32.5,33.6,32.1,33.0,32.8,32.4,32.8,32.5,33.1,33.1,31.8,32.2,33.2,32.2,33.2,32.0,32.8,32.6,32.6,33.1,33.6,32.6,34.6,34.2,35.2,33.3,33.0,33.5,33.1,32.7,33.7,33.2,31.8,33.9,32.9,32.5,32.0,33.4,32.3,32.5,32.8,33.9,32.3,32.7,33.2,33.7,31.9,33.1,32.3,32.9,31.9,32.5,33.4,32.4,34.4,34.3,34.9,33.9,32.5,33.1,33.2,34.1,32.1,33.6,33.0,32.5,32.8,32.8,32.7,32.8,33.6,32.2,33.2,32.7,32.9,33.1,32.0,32.3,32.3,32.8,33.6,32.0,32.0,33.1,33.5,32.9,34.1,33.8,33.6,33.8,32.2,33.2,32.3,32.5,33.7,32.3,32.7,33.1,32.9,32.2,31.3,34.1,32.7,33.1,32.4,33.5,32.7,33.9,32.9,32.6,33.1,33.2,32.1,32.5,32.6,32.3,33.4,33.6,33.6,33.1,32.5,34.1,33.4,33.1,33.1,33.9,33.4,33.3,33.7,31.9,32.4,32.7,33.6,32.7,32.4,32.6,32.0,32.3,32.2,32.1,32.0,32.5,32.1,32.7,33.4,33.1,33.4,32.4,34.1,33.2,33.9,33.8,32.9,33.5,34.9,33.2,34.4,33.5,33.1,33.6,33.1,33.8,32.8,32.7,33.0,33.7,32.3,33.2,32.4,33.4,33.0,33.4,32.1,32.9,32.6,32.8,33.1,33.4,32.7,33.3,32.9,33.7,34.0,33.1,33.0,33.8,32.9,34.2,32.5,33.0,34.4,34.4,32.8,32.6,33.1,32.9,32.5,32.7,33.8,32.6,32.2,32.6,32.6,32.5,32.7,32.0,32.3,32.7,33.4,32.3,31.8,32.5,33.8,33.6,32.9,32.8,33.4,32.7,34.4,34.2,33.5,32.3,33.5,33.8,32.4,33.6,33.0,34.3,33.4,33.6,33.0,32.9,34.1,32.9,31.9,32.9,32.0,32.8,32.8,33.4,32.6,33.1,33.1,33.8,34.1,33.3,33.3,33.0,32.6,33.0,34.1,33.0,32.5,33.3,32.4,33.6,32.9,33.2,33.5,32.1,32.8,32.2,32.6,32.8,33.3,33.6,33.3,33.3,32.5,33.3,32.5,32.4,33.0,31.9,32.9,32.5,33.5,33.3,33.0,33.9,32.6,32.8,34.0,32.8,33.5,33.0,32.1,32.7,32.6,34.2,32.8,33.6,32.9,32.5,33.2,33.4,32.6,32.3,33.1,32.6,32.6,33.1,33.1,31.8,32.8,33.1,31.9,33.3,32.6,33.4,34.8,33.6,32.9,33.5,33.3,33.7,32.9,33.5,33.2,34.0,34.0,32.3,33.3,32.0,32.1,32.6,32.3,32.5,32.3,32.6,33.5,32.7,34.0,31.9,33.6,32.4,33.0,32.2,33.5,32.4,33.3,33.5,34.5,34.7,34.5,33.2,34.2,33.0,34.2,33.7,33.3,33.7,33.5,33.0,33.0,33.0,32.3,33.6,32.9,32.4,32.4,33.2,32.8,32.6,32.4,33.3,33.3,32.6,32.9,33.0,32.1,33.8,32.9,33.5,33.8,34.3,34.8,33.7,33.4,33.7,33.7,34.1,33.5,34.0,33.4,32.4,32.7,32.7,32.3,32.8,32.5,32.3,33.0,33.2,32.5,32.5,32.9,nan,33.2,33.0,32.7,33.1,33.3,32.9,33.8,33.2,34.5,34.6,34.9,33.9,33.4,34.1,33.0,33.2,34.3,34.5,33.7,34.0,32.7,33.3,32.4,33.8,32.7,33.3,32.6,33.3,32.1,33.6,33.0,32.8,32.6,32.5,32.9,33.3,32.8,33.0,33.3,33.3,32.8,33.3,33.8,34.7,34.2,33.7,33.5,34.9,34.2,35.3,33.5,32.1,33.0,32.4,33.2,33.0,33.0,33.4,33.2,32.2,33.4,33.7,33.9,32.7,33.2,32.7,32.6,33.4,33.4,32.6,33.5,32.9,33.9,33.8,33.7,35.0,33.8,33.6,33.6,34.2,33.2,33.3,32.1,34.7,32.0,34.1,32.7,33.8,32.8,32.8,32.1,33.1,33.3,34.2,32.4,33.0,33.5,33.7,32.8,32.8,34.1,33.0,32.8,33.7,33.0,33.0,33.7,35.1,34.6,34.5,33.7,33.5,33.3,33.4,34.0,32.3,33.1,33.7,33.5,32.8,33.7,32.4,33.9,32.0,32.8,32.2,32.7,32.9,34.1,32.6,33.4,32.9,33.6,32.9,33.4,33.2,32.5,32.9,33.4,33.2,34.0,34.4,34.4,33.2,33.6,33.7,32.2,33.4,32.6,33.3,32.7,33.5,32.0,33.1,32.8,32.8,32.1,33.5,32.4,33.1,33.3,32.8,32.6,33.5,33.3,33.3,32.3,33.5,33.7,33.7,32.6,32.8,35.3,34.6,33.9,34.8,34.0,34.6,33.9,33.1,32.5,33.1,34.0,31.9,32.8,32.8,32.3,32.6,32.6,32.8,32.1,32.8,33.0,33.7,33.7,32.1,33.3,32.3,33.7,32.4,33.3,33.2,33.7,33.3,32.9,33.4,33.9,33.8,34.8,34.8
1785303251.4878137,467,33.2,32.8,32.4,33.6,32.5,31.6,33.0,33.0,33.2,32.0,33.0,33.1,33.4,31.8,31.3,33.8,33.6,32.3,32.3,32.0,32.9,32.0,31.4,33.5,32.6,32.7,32.6,33.3,33.0,32.6,33.0,32.9,32.4,32.1,32.7,31.3,31.9,32.1,32.4,32.4,31.9,32.5,33.3,31.9,31.1,33.3,32.9,31.7,30.8,32.2,33.3,32.4,32.2,32.6,32.9,31.4,32.1,32.8,33.7,33.0,32.4,32.7,33.5,32.3,32.5,32.7,31.8,32.1,31.7,30.9,32.0,32.0,33.0,32.3,31.7,33.1,32.5,32.4,32.2,33.1,32.0,32.4,31.8,32.9,32.0,31.0,32.9,33.0,34.5,32.9,32.6,33.1,33.5,31.9,31.8,34.9,32.3,32.9,32.8,33.0,31.4,32.8,32.7,32.1,31.8,33.6,32.9,32.9,31.2,32.4,33.1,31.9,32.0,33.1,33.0,32.5,32.3,33.1,33.5,33.9,33.1,33.0,32.9,34.5,32.5,33.4,32.9,33.7,32.0,31.3,30.7,33.6,31.8,31.2,31.9,33.4,32.1,31.3,32.0,32.9,32.5,31.8,31.2,32.1,32.7,31.0,31.9,32.3,33.3,32.3,33.6,34.0,34.9,33.5,33.6,34.5,32.7,32.1,32.8,33.0,31.7,33.5,34.8,32.2,31.7,31.3,33.3,32.2,31.9,32.8,33.1,32.1,31.6,33.3,33.6,32.5,31.0,33.0,32.8,32.8,31.8,32.6,33.1,33.3,34.4,34.9,34.4,33.8,32.0,32.4,34.0,33.1,33.7,32.1,31.1,33.2,32.5,32.5,33.1,32.7,32.5,32.2,33.0,33.8,32.3,31.9,32.6,32.1,32.5,31.4,32.3,34.0,33.1,32.0,32.9,34.2,33.8,33.7,34.0,33.7,34.1,32.6,33.5,32.0,31.8,32.6,32.2,32.9,31.2,31.6,33.1,32.3,31.9,32.3,32.1,32.7,32.0,32.7,33.8,32.5,31.9,32.4,32.4,32.1,31.6,32.7,33.5,32.7,32.3,33.5,33.7,33.0,32.8,33.0,33.6,32.9,32.2,31.8,32.0,33.6,32.7,32.7,32.0,33.5,32.8,31.7,31.7,32.9,33.1,31.9,32.0,32.6,32.6,32.7,31.8,32.5,32.3,32.7,32.5,34.3,33.8,32.3,33.6,33.4,33.5,33.0,33.7,33.6,32.5,32.2,33.5,32.1,31.3,32.0,33.2,32.6,32.4,32.8,32.3,32.7,30.9,32.8,32.7,31.6,32.8,33.3,32.5,32.6,32.1,32.9,34.0,32.6,32.7,33.5,33.7,33.4,33.0,33.8,33.0,34.1,33.2,32.4,32.1,33.2,32.5,32.5,31.5,33.0,32.6,31.6,33.1,33.3,32.9,32.3,32.0,33.5,33.1,31.7,32.5,32.7,32.2,32.2,32.4,32.8,32.6,32.3,32.7,33.2,32.6,32.1,32.7,32.7,32.3,33.5,33.0,32.0,31.7,32.8,32.6,32.6,32.2,32.5,33.2,32.2,32.2,32.9,33.0,32.9,32.2,33.5,32.9,32.6,31.9,32.9,33.3,32.9,32.0,32.9,32.5,32.9,32.1,32.9,32.8,32.1,33.1,33.0,32.3,33.3,32.9,31.6,32.9,33.1,32.3,31.8,31.8,32.6,32.8,32.3,32.2,32.9,33.0,32.2,32.5,33.7,33.2,31.6,32.5,33.5,34.6,32.5,33.5,34.1,34.2,32.8,33.1,32.7,33.0,33.5,32.4,32.2,31.7,33.3,32.8,32.2,31.9,33.3,33.5,32.7,32.1,32.6,32.7,32.0,31.8,32.6,33.2,33.0,32.2,33.7,34.0,32.9,33.0,33.6,33.9,33.3,33.2,33.8,33.6,33.9,33.1,31.8,31.7,33.1,33.1,32.4,32.6,32.6,32.8,31.5,32.3,32.5,32.7,32.7,31.8,32.1,32.5,31.9,31.8,33.0,33.0,31.7,34.0,34.0,34.6,32.9,32.6,34.3,33.7,32.5,33.9,33.5,32.8,33.2,32.2,32.6,31.1,33.0,33.3,33.2,31.2,32.7,32.6,32.7,31.8,32.6,33.5,32.3,32.9,32.9,33.4,32.9,32.2,32.8,34.2,33.6,33.5,34.3,34.1,33.1,32.9,34.3,34.8,33.4,33.8,32.6,31.7,33.7,32.6,30.9,32.4,32.6,33.0,32.3,32.3,33.3,32.3,31.4,33.0,33.3,33.3,31.7,32.7,33.2,33.3,32.0,32.7,34.4,33.5,32.9,33.7,33.8,33.6,32.3,34.0,34.5,32.7,33.4,32.4,31.1,32.5,32.3,33.2,32.0,31.5,32.6,33.1,32.9,31.8,nan,32.4,32.3,32.4,32.9,33.7,32.1,31.6,33.2,33.6,33.4,33.1,33.9,34.7,33.5,33.1,32.3,34.4,33.6,33.6,31.6,32.1,33.5,33.0,31.5,33.0,32.8,33.0,32.1,33.2,33.4,32.4,31.7,32.5,32.7,33.5,31.7,32.2,32.9,33.2,32.0,32.5,34.8,33.9,32.7,34.1,34.7,33.3,32.9,33.8,34.6,31.8,33.3,33.3,32.5,31.6,32.5,33.1,32.6,31.9,32.8,33.1,32.6,31.5,32.5,33.3,32.6,32.0,32.1,32.5,32.8,32.1,32.8,32.9,32.8,31.5,34.0,34.9,33.5,32.1,34.0,34.3,34.2,33.7,32.0,31.9,34.4,31.7,32.7,33.0,33.4,32.5,32.8,32.3,32.7,32.8,32.2,33.2,33.2,34.0,32.5,32.1,33.9,33.5,32.4,33.4,34.5,31.9,32.9,32.6,34.8,32.8,33.2,33.0,34.2,32.0,33.1,32.7,31.9,31.8,33.9,33.2,33.0,32.1,32.3,33.2,33.1,31.6,33.3,32.5,33.5,31.8,32.8,32.8,32.8,31.9,32.9,33.7,32.3,30.7,33.7,34.2,34.5,33.1,34.1,34.4,34.9,31.9,31.0,31.2,33.4,32.8,32.9,32.6,33.0,32.8,32.5,32.9,33.0,32.7,32.1,32.3,33.6,32.6,32.0,32.8,33.1,33.2,32.2,33.6,33.0,32.8,32.9,34.2,33.3,33.4,32.2,34.1,34.0,31.7,33.4,34.1,33.2,31.8,32.2,32.7,32.3,32.3,34.1,32.2,32.3,32.7,32.5,33.1,33.0,30.9,33.2,33.7,32.5,31.6,32.8,33.2,33.2,32.9,32.1,32.8,32.5,32.6,34.1,33.4,35.3
1785303253.7365227,468,30.3,32.6,33.3,33.7,32.6,31.1,32.2,33.1,31.5,32.1,32.5,33.0,30.9,32.2,32.2,33.2,31.5,31.9,32.6,32.8,32.4,32.7,32.3,33.4,31.9,33.0,32.9,33.2,34.0,33.9,34.4,34.6,32.0,31.4,33.8,32.6,32.0,32.2,32.7,33.6,32.2,31.3,32.6,32.2,32.5,32.1,32.6,32.3,32.3,31.2,32.8,32.9,33.0,32.5,32.5,33.8,32.6,32.3,33.8,33.3,33.7,32.6,33.6,32.6,32.1,32.5,32.8,33.1,31.2,33.5,33.1,32.6,32.5,32.8,32.8,33.0,32.3,33.0,32.8,32.5,31.8,32.8,32.6,33.6,31.3,32.4,32.4,33.3,32.2,33.2,33.8,33.5,32.9,32.4,32.2,34.1,32.9,32.1,34.3,32.7,31.9,31.1,32.4,32.0,33.0,31.7,33.6,33.0,32.5,31.5,33.9,32.0,32.7,32.6,33.1,32.2,32.6,31.2,33.8,34.0,33.2,32.7,33.6,33.7,32.0,31.4,33.5,32.5,31.4,32.6,32.4,33.1,31.5,32.7,32.4,33.2,31.9,32.5,33.0,33.0,31.8,32.6,32.7,32.9,31.5,33.2,32.8,33.9,32.7,32.6,34.2,34.7,35.0,35.0,33.7,34.3,31.8,33.8,32.3,33.8,33.2,31.5,32.5,31.5,33.4,31.1,33.0,32.7,32.6,31.8,33.6,32.9,32.9,31.6,33.6,32.9,32.3,31.6,33.3,32.6,32.4,32.1,34.1,34.8,34.8,33.3,35.1,33.3,32.3,31.5,33.5,33.4,31.1,33.7,32.5,33.8,31.6,32.8,32.3,32.6,31.6,32.8,31.6,33.9,31.6,32.7,32.7,33.4,32.3,32.0,32.2,33.6,32.4,32.1,32.7,34.1,34.3,34.5,33.9,34.6,32.7,32.7,33.4,34.0,32.5,32.1,33.6,33.0,31.5,31.7,33.1,32.9,32.6,32.2,33.7,32.3,32.8,32.6,33.6,33.1,32.3,32.2,32.6,32.7,32.3,32.0,33.6,33.5,33.3,33.0,34.1,32.4,33.1,32.2,33.5,33.6,31.4,32.5,31.9,33.4,31.5,33.0,32.7,33.6,31.4,32.8,32.2,33.2,31.6,33.6,32.3,33.7,32.3,32.9,32.7,32.9,32.4,32.9,33.1,34.0,33.5,33.3,33.9,34.2,32.9,33.7,32.8,34.1,33.0,32.6,33.3,32.9,32.3,32.5,32.9,31.9,32.1,31.8,33.1,32.0,33.0,32.5,33.2,33.1,32.3,31.5,33.4,33.0,32.5,32.4,33.8,32.5,33.3,33.0,33.7,33.4,33.5,33.0,33.7,34.6,32.5,33.4,32.4,33.5,32.2,33.2,33.2,32.4,32.6,32.6,32.7,33.4,32.3,32.6,32.2,33.4,32.3,32.9,33.5,33.8,32.1,33.3,33.2,33.3,33.2,34.0,32.5,33.7,33.1,32.4,33.0,34.0,32.8,30.9,33.7,31.9,33.6,31.3,32.6,32.2,31.8,31.3,32.8,32.8,32.8,31.7,33.0,33.0,32.7,32.7,32.8,33.1,32.4,32.8,33.4,33.2,32.9,32.8,33.7,32.7,32.8,32.1,33.3,33.0,31.9,32.5,31.2,33.0,31.6,33.4,32.3,32.7,32.1,32.9,32.6,32.6,32.1,32.0,32.9,33.1,32.1,32.8,33.2,34.2,32.0,33.0,34.3,33.5,33.2,33.1,34.1,34.4,33.1,32.4,34.0,34.2,32.7,30.8,33.5,32.1,32.0,31.8,32.8,33.5,33.1,32.0,33.0,32.3,32.4,31.9,33.5,33.0,32.5,31.4,32.4,33.8,32.8,32.7,33.7,34.0,33.5,32.8,34.2,33.0,33.1,32.3,33.5,32.5,31.7,33.0,32.8,33.6,32.5,33.2,32.9,33.2,32.4,32.6,32.4,33.1,32.1,33.1,32.1,32.6,32.8,32.6,32.6,33.9,32.9,32.0,34.4,34.6,33.3,33.7,34.0,34.0,32.2,33.0,34.4,34.2,33.0,32.3,33.3,32.9,32.3,31.1,33.7,31.8,31.7,32.0,32.7,32.3,32.5,31.6,33.3,32.9,32.5,32.4,33.1,34.0,32.8,32.1,33.4,33.1,34.2,33.5,34.8,34.3,33.0,32.1,35.3,34.1,32.0,32.8,33.6,33.1,31.4,33.0,31.8,33.6,32.2,33.1,32.1,31.8,32.2,33.1,32.4,33.0,32.3,33.0,32.8,33.5,32.4,33.6,33.5,34.0,31.9,33.8,34.0,34.6,33.3,33.5,33.7,33.6,32.6,32.2,32.5,32.5,33.0,31.7,33.2,32.4,32.8,31.8,32.7,33.0,32.6,nan,33.5,32.9,33.0,32.7,34.3,32.9,33.8,32.9,33.7,32.9,33.2,33.0,34.3,33.4,33.8,32.6,34.0,33.3,32.0,33.0,33.3,33.9,31.4,33.8,32.5,33.6,31.7,32.4,32.6,32.3,32.5,32.6,33.1,33.8,31.8,33.1,33.6,33.0,32.8,34.2,31.7,33.8,31.7,33.5,34.9,34.3,33.6,33.7,33.9,35.3,33.3,31.3,33.6,32.2,32.1,32.1,33.0,32.5,33.8,31.3,32.9,33.0,31.9,31.7,33.0,31.7,32.6,32.1,34.1,32.3,32.2,32.0,32.5,33.4,33.1,32.8,34.7,33.4,33.4,32.6,33.0,34.5,31.6,32.8,32.7,33.5,31.0,33.8,33.7,33.9,31.7,32.9,34.0,34.0,32.4,32.8,33.6,33.0,31.6,32.8,33.6,33.7,32.1,32.7,33.3,33.3,32.2,33.0,33.5,35.3,33.7,34.7,33.5,34.7,32.9,31.4,34.1,33.4,33.3,31.9,34.0,32.5,32.7,32.2,32.8,33.0,32.2,32.4,33.8,33.3,32.9,32.4,32.9,32.6,32.5,32.0,33.4,32.6,33.0,32.7,34.0,33.3,32.6,32.6,33.6,34.2,31.5,34.1,32.6,33.7,32.1,33.3,32.4,33.5,31.1,33.5,32.8,34.6,33.0,32.8,33.0,33.7,32.9,32.1,32.9,34.4,32.2,32.8,33.7,33.3,32.8,33.9,32.1,33.4,32.5,33.6,35.1,36.2,33.7,31.0,33.8,33.3,33.6,31.9,33.6,32.4,33.0,32.0,34.1,32.8,33.0,32.6,33.5,32.8,33.0,31.6,33.0,33.5,33.0,31.5,33.9,32.8,33.4,32.4,34.3,33.2,32.1,33.8,35.9,35.4
1785303256.0917451,469,32.6,32.8,31.6,30.4,31.3,32.3,32.3,31.6,32.4,33.2,32.4,32.9,30.8,32.7,32.3,33.7,32.9,32.9,32.9,32.8,33.1,33.2,32.2,32.9,32.9,33.1,33.5,32.9,33.0,32.9,32.0,32.4,33.2,32.8,33.5,32.7,33.2,31.9,32.2,33.1,32.5,31.9,32.7,33.1,33.3,32.4,32.6,33.5,32.4,32.4,32.7,32.3,33.1,32.8,33.1,33.0,32.0,32.4,32.7,31.9,35.3,32.5,32.5,32.7,31.9,32.7,32.0,33.0,32.6,33.4,32.4,32.7,32.1,33.4,32.0,32.8,32.0,33.3,31.9,32.4,32.0,33.6,32.2,33.0,32.9,33.2,32.2,32.1,32.7,34.5,32.2,33.6,33.5,33.0,32.1,34.4,33.3,32.0,31.9,32.3,33.5,32.0,32.9,32.3,32.8,32.4,33.0,32.6,32.8,31.4,33.3,31.8,32.9,33.0,33.0,32.9,33.0,32.7,32.8,31.9,35.0,33.6,33.7,33.2,33.1,31.9,33.8,33.3,32.3,32.9,32.3,33.0,31.6,32.4,31.7,32.9,32.2,32.9,32.5,33.1,32.4,32.8,32.6,33.2,32.0,33.8,32.1,32.9,32.6,33.5,32.9,34.3,34.4,34.6,33.5,34.4,32.9,34.2,32.8,34.1,33.5,32.6,32.6,31.6,32.7,32.3,33.5,32.4,32.9,31.6,32.7,32.1,33.0,32.2,32.0,32.6,32.4,32.9,32.7,31.9,32.7,32.7,33.3,33.6,34.4,34.2,34.1,33.1,33.8,33.0,33.4,33.1,33.7,33.6,32.4,32.9,32.5,33.3,32.0,32.8,32.9,33.8,32.8,33.5,32.5,32.8,31.8,32.7,32.8,32.9,32.8,33.2,31.9,32.7,32.3,33.7,33.7,34.4,34.2,34.1,33.5,33.4,33.1,32.6,33.5,31.3,32.1,32.3,32.2,32.9,32.5,32.1,33.4,32.5,33.0,32.0,32.9,32.5,33.4,32.4,33.1,32.3,33.1,33.2,32.9,32.6,32.4,33.7,34.8,34.8,34.6,33.3,34.5,32.1,33.0,33.5,33.2,32.8,31.2,32.7,30.8,33.3,31.5,33.3,32.0,32.8,32.8,33.2,33.0,32.4,31.6,33.3,32.2,32.9,32.8,32.7,32.4,33.2,33.2,33.4,33.0,33.7,33.1,33.6,33.7,34.4,33.9,33.2,33.8,32.7,32.8,32.0,33.2,32.4,32.5,32.7,32.1,32.4,32.4,32.2,32.7,32.1,32.6,33.2,33.5,32.3,33.2,32.5,33.4,33.4,32.6,32.9,33.6,33.6,34.3,33.8,34.3,33.4,33.0,32.7,32.8,32.6,32.1,32.1,32.5,33.3,31.5,33.5,31.8,33.3,32.0,32.2,32.7,32.9,33.0,32.9,32.5,32.6,32.7,32.8,32.7,33.8,33.8,33.6,32.8,34.3,33.5,32.9,33.0,33.6,32.6,33.5,33.2,31.9,33.4,32.2,32.8,32.1,32.5,33.2,32.9,32.7,32.6,32.4,34.0,32.3,33.4,32.3,32.8,32.1,32.3,32.1,33.4,32.8,33.9,32.6,33.4,33.1,34.1,32.6,33.3,32.7,33.4,32.7,33.3,31.0,31.9,31.7,33.0,31.9,32.6,29.8,32.0,32.9,32.8,33.0,32.5,33.5,31.9,33.4,33.0,32.1,33.0,31.5,32.9,33.1,33.0,32.1,33.5,34.1,33.0,33.6,33.6,34.2,32.7,35.1,851.5,32.3,35.0,32.0,33.6,32.8,34.1,31.9,32.9,31.6,33.2,32.6,32.3,32.8,32.3,33.3,32.0,32.3,34.7,32.8,31.7,32.8,34.4,33.1,33.4,31.9,32.9,33.8,33.6,32.5,32.4,33.4,34.6,33.3,32.1,32.9,32.3,32.6,33.3,32.6,32.2,33.5,32.5,33.2,31.2,33.5,33.0,33.1,32.6,32.6,33.0,33.4,33.0,32.9,34.0,33.6,33.4,34.4,33.4,34.7,33.6,34.4,32.1,33.3,32.9,32.8,33.3,32.8,32.8,31.8,32.8,32.2,32.8,32.2,33.0,32.8,33.5,32.2,32.5,32.8,33.6,32.2,33.6,33.5,33.0,31.9,33.8,33.7,35.3,34.0,33.8,34.2,33.8,32.7,34.6,34.0,33.3,33.7,32.3,33.7,32.8,33.1,32.6,32.7,33.5,33.2,31.9,33.1,32.3,32.7,32.7,33.3,32.7,33.1,32.1,32.8,32.9,33.3,32.9,34.4,34.4,35.0,33.9,33.9,33.8,34.4,34.0,34.3,32.5,32.8,32.5,33.0,32.8,32.2,33.1,32.9,33.1,32.8,33.0,33.3,33.5,nan,33.0,32.8,33.0,32.0,33.9,32.5,33.0,33.8,33.3,33.2,34.7,33.3,34.6,33.5,34.3,33.3,33.1,33.0,34.1,32.5,33.2,33.2,32.6,34.1,32.3,33.4,33.0,32.7,31.8,32.9,31.7,33.9,32.1,32.4,33.5,33.1,33.5,33.6,32.2,33.3,32.7,34.6,33.0,34.1,34.5,35.0,33.4,33.3,33.8,34.4,33.6,33.5,33.9,33.1,33.0,33.8,33.7,33.3,34.2,32.8,32.7,32.3,33.5,32.7,32.0,32.0,33.5,32.8,32.9,32.2,33.5,32.2,32.8,33.7,33.3,32.8,34.1,34.6,34.6,33.5,33.6,33.2,31.9,34.2,32.6,33.8,33.2,33.9,31.9,33.4,31.8,32.5,32.4,32.9,32.7,34.3,32.4,32.6,32.7,33.1,32.2,33.4,32.9,33.6,33.1,33.6,32.9,34.7,33.2,33.7,35.2,34.8,33.2,33.8,32.8,33.7,32.4,32.7,32.8,32.0,33.4,33.2,33.2,32.5,33.2,32.8,33.2,32.8,32.7,32.4,33.7,32.8,33.4,32.7,32.8,32.7,34.6,32.3,32.4,33.3,33.1,33.9,34.3,33.1,34.8,34.5,32.1,33.8,32.1,33.2,33.0,33.4,32.7,32.9,32.3,34.0,32.2,33.6,32.7,32.9,33.1,32.8,30.9,33.3,32.3,34.0,33.3,33.1,33.4,32.7,33.3,34.0,33.8,33.1,34.0,34.1,34.8,35.2,32.9,33.2,34.0,33.2,33.5,32.8,32.9,32.1,32.8,32.1,33.1,32.5,33.5,32.7,32.9,33.1,33.3,32.2,32.9,32.8,34.1,32.2,32.7,32.7,33.5,32.7,33.6,33.3,33.6,34.7,34.1,34.4
1785303258.247041,470,32.5,33.5,33.0,34.5,33.3,32.6,34.1,32.1,32.7,31.7,32.7,32.6,33.3,31.9,31.3,33.2,32.6,33.4,32.4,32.8,33.7,32.1,33.1,32.4,33.2,34.0,33.4,33.5,34.1,33.5,32.1,32.8,33.1,32.5,31.9,31.6,32.7,33.1,32.3,32.7,33.0,32.4,32.8,33.6,32.7,32.5,33.2,31.8,32.7,32.7,31.3,32.9,32.8,32.3,31.9,32.9,32.2,33.5,31.9,33.5,34.1,33.3,33.1,32.4,33.1,33.5,33.3,32.6,32.5,32.7,32.1,31.8,32.4,33.0,31.9,33.0,33.0,32.3,30.9,32.0,32.8,33.4,32.6,32.5,32.5,32.4,32.3,32.9,32.8,34.2,32.9,33.7,33.8,32.2,32.2,33.4,32.7,32.6,32.7,34.0,31.5,33.0,31.4,32.4,32.3,32.7,31.8,32.3,32.5,33.1,31.8,33.1,32.6,32.4,32.7,32.9,32.4,32.9,33.1,32.6,34.0,34.4,33.8,33.9,34.5,33.9,32.5,33.4,33.8,32.4,32.2,32.9,32.1,32.7,32.2,32.4,32.4,32.6,32.3,32.5,33.0,32.4,32.8,33.1,32.2,32.7,32.8,32.8,32.5,33.1,32.8,32.9,33.7,36.1,35.4,34.3,33.2,33.7,33.4,33.3,32.9,32.0,32.9,32.3,33.6,32.2,31.7,33.2,33.3,33.1,32.4,32.2,33.1,32.7,32.8,32.5,32.9,32.4,32.8,32.8,32.4,32.1,32.4,32.9,34.6,34.8,34.4,34.5,32.9,32.7,32.8,32.3,32.9,32.9,32.1,32.5,32.8,33.0,32.1,32.8,32.6,32.1,33.2,32.5,33.2,32.2,32.9,32.7,32.0,32.6,32.0,32.8,32.9,32.6,32.7,32.9,33.6,33.6,34.5,34.4,34.0,33.1,33.2,33.0,32.6,32.9,32.8,32.2,33.3,32.3,33.1,32.2,33.2,32.2,32.4,32.4,32.5,32.6,33.6,33.9,33.1,32.8,32.1,33.0,32.3,33.3,32.6,33.6,33.1,34.7,34.1,34.3,33.8,33.5,32.9,33.2,32.3,33.1,32.9,33.0,33.0,32.2,32.1,32.2,32.2,32.8,33.5,33.0,33.5,32.8,31.9,33.6,33.2,33.4,32.6,32.1,33.5,33.1,33.2,32.6,33.5,34.3,33.2,33.8,33.2,35.0,33.4,34.1,33.1,33.2,33.1,31.7,31.8,32.5,32.4,33.3,32.3,32.3,31.8,33.0,33.6,32.6,32.9,32.7,32.8,32.6,33.1,31.9,32.3,33.2,32.8,32.7,34.1,33.8,33.5,33.7,34.6,33.9,34.3,34.6,31.4,33.0,32.4,32.8,32.8,33.2,32.3,32.6,32.7,32.2,30.7,32.6,32.1,33.1,32.4,32.2,32.4,32.9,32.4,33.6,32.3,33.1,32.7,33.3,33.9,34.0,33.9,34.1,32.5,33.1,33.6,33.0,32.4,33.2,32.3,33.8,32.7,32.4,32.2,32.8,33.0,32.1,33.0,33.0,32.7,33.3,32.6,32.8,32.2,33.3,32.2,32.8,33.3,33.5,32.9,34.5,33.3,34.0,33.1,33.0,33.1,32.8,32.9,34.0,32.4,32.8,31.6,33.6,32.5,33.4,32.3,33.0,32.1,32.4,32.9,32.6,33.4,32.8,32.6,32.3,33.6,32.5,32.4,32.8,33.3,33.0,33.1,33.6,34.3,33.2,33.2,33.2,34.2,33.5,33.6,32.4,32.2,32.8,32.5,32.1,32.0,32.4,32.8,32.3,32.1,32.6,32.6,33.3,32.9,32.9,32.5,32.9,32.4,32.4,32.2,33.5,33.0,33.2,34.2,33.7,33.3,32.3,32.4,33.9,33.7,33.4,32.1,33.6,33.2,32.8,32.6,32.6,32.2,32.5,32.0,32.7,32.4,32.4,33.1,33.1,32.8,33.6,33.4,32.8,33.0,33.4,33.6,33.0,33.2,33.4,33.4,32.8,33.8,34.3,34.3,33.5,33.6,34.1,34.0,33.2,32.5,34.1,32.8,32.6,32.7,32.7,33.5,32.6,32.2,32.5,31.9,32.3,33.0,33.2,33.2,33.2,32.4,33.3,33.1,33.2,32.4,32.6,32.7,33.4,33.0,33.7,35.1,34.3,34.4,33.2,32.9,33.5,32.2,33.4,32.6,33.2,33.6,33.6,32.9,32.4,32.9,33.2,31.9,32.5,33.2,33.4,32.8,33.0,33.6,33.0,32.8,33.1,33.6,33.3,32.3,33.0,33.3,34.0,33.4,33.9,32.9,33.7,34.5,33.8,33.4,33.3,31.9,32.9,32.5,32.4,32.3,32.6,33.0,33.2,33.5,32.5,32.6,nan,33.3,32.2,33.3,32.6,32.7,32.9,33.2,32.5,32.7,33.4,34.6,33.4,35.1,34.3,33.8,34.1,33.6,34.3,32.2,32.8,32.9,32.9,32.7,33.8,33.3,33.8,33.3,32.8,32.9,32.1,32.8,33.1,32.8,32.3,33.3,32.5,33.3,33.7,33.8,33.2,33.4,33.0,32.6,33.5,34.8,33.6,34.8,33.2,34.0,33.9,33.5,32.7,32.4,33.2,32.3,33.4,32.8,33.2,33.6,33.2,32.4,33.2,32.8,33.1,33.1,32.4,33.4,33.2,32.6,33.8,33.2,32.6,32.0,33.9,33.1,33.4,33.8,34.9,35.1,34.3,33.9,34.5,34.1,33.4,33.1,33.3,32.4,33.2,33.5,32.9,33.1,32.1,32.1,32.4,32.8,33.3,33.1,33.2,32.8,33.1,33.4,32.8,32.9,32.8,33.0,34.0,33.3,33.5,33.9,32.6,34.9,33.5,33.5,34.3,32.9,33.8,33.5,33.9,32.7,33.8,33.7,33.3,33.1,33.1,31.5,33.0,32.2,32.9,32.6,33.8,33.2,33.7,32.2,32.8,33.2,33.2,33.6,32.0,33.0,33.4,33.2,33.3,33.8,34.2,33.8,34.4,32.4,32.3,33.5,32.9,32.7,32.9,32.9,33.1,34.1,33.5,33.2,32.5,33.3,32.4,32.6,33.3,33.3,33.5,33.7,33.0,32.8,32.7,32.6,32.6,33.3,33.5,32.5,32.6,32.5,34.0,34.5,35.3,33.7,33.1,33.2,32.5,33.6,33.5,33.2,33.2,32.5,33.3,32.5,33.5,33.5,32.8,33.2,33.1,32.4,33.7,32.6,33.0,32.8,33.0,32.8,33.7,33.2,33.7,32.1,34.0,32.1,34.2,34.9,34.3
1785303260.186966,471,32.2,33.2,33.3,32.5,31.5,33.3,33.1,32.3,32.1,32.0,32.2,32.0,30.9,32.6,32.8,32.4,32.0,32.6,32.8,32.3,32.1,31.9,31.2,32.8,31.7,32.6,33.4,32.1,33.2,32.3,31.9,32.0,31.8,32.8,33.1,32.6,33.1,31.6,32.5,32.3,32.2,32.6,31.7,32.1,32.9,31.6,32.3,32.9,33.0,32.0,32.1,32.2,32.5,31.6,32.1,31.9,31.5,31.3,31.9,32.0,34.1,32.2,31.9,34.4,31.6,33.5,32.4,32.9,32.1,32.5,32.5,32.6,32.4,32.8,31.7,32.1,32.5,33.0,32.5,32.7,32.8,32.5,31.9,31.3,32.7,31.5,32.6,32.4,33.4,34.2,33.4,32.2,33.6,33.1,32.9,32.7,32.9,31.4,30.8,33.3,33.0,31.3,31.4,32.6,33.4,32.1,32.3,33.4,32.9,31.8,32.2,33.3,32.2,33.3,32.6,32.8,32.4,31.9,32.9,33.5,33.8,34.0,33.8,33.5,33.4,32.9,32.5,33.9,31.9,33.1,31.3,32.0,32.7,32.3,32.4,32.0,31.7,32.3,32.4,32.2,33.0,32.2,32.0,32.1,32.7,31.8,32.3,31.9,32.2,31.9,32.5,32.8,34.5,34.3,34.5,35.2,33.6,33.3,32.9,33.6,32.5,32.0,31.2,32.8,33.0,31.7,31.9,31.5,32.9,32.4,32.2,32.0,32.8,32.8,32.4,33.0,32.5,32.1,32.6,33.0,32.9,31.2,32.4,33.6,34.0,34.2,34.0,34.7,32.3,32.5,31.5,33.2,32.2,33.5,31.5,32.5,32.2,32.4,32.6,32.3,32.5,33.5,32.5,31.7,32.2,32.7,32.1,32.9,32.8,31.5,32.4,33.0,32.8,31.9,32.0,32.8,33.4,33.3,34.3,33.7,33.1,31.9,33.6,33.0,33.0,31.0,31.5,32.6,31.7,33.0,32.4,32.6,33.1,32.2,31.2,32.3,32.5,33.3,32.5,32.0,32.6,31.8,31.5,33.0,32.5,31.8,33.1,33.3,33.0,33.3,32.9,33.2,32.3,31.8,32.9,34.0,33.6,32.5,33.1,31.8,32.6,32.6,32.3,33.1,32.2,32.7,33.2,32.4,31.6,32.6,33.2,31.8,32.3,33.1,32.4,32.4,32.4,32.1,33.1,32.3,32.7,33.8,33.2,33.3,33.1,32.9,34.2,32.9,33.1,32.2,32.3,32.1,32.3,32.3,32.1,32.8,31.8,32.3,32.8,32.6,32.3,31.8,32.0,33.3,32.6,32.5,31.7,33.2,32.5,32.7,31.6,33.4,33.6,33.8,33.0,34.1,33.5,33.5,32.1,33.4,32.1,31.9,32.6,31.8,32.6,32.9,31.4,33.4,32.2,32.4,32.2,31.3,32.3,32.6,32.9,32.2,33.7,32.5,32.7,33.0,32.5,32.1,32.9,33.3,34.1,34.0,32.9,33.2,33.3,32.8,33.2,33.2,32.6,32.4,31.9,33.1,32.5,32.0,32.4,32.1,32.5,32.3,32.3,33.2,32.8,32.3,32.6,33.3,33.5,32.7,32.8,33.2,32.5,32.4,32.3,33.5,33.5,33.0,33.0,33.0,32.4,32.4,32.5,34.2,32.6,33.0,31.6,33.6,32.2,32.8,32.7,32.5,32.4,31.6,32.4,33.1,32.1,32.5,32.1,32.8,32.6,32.2,32.6,33.0,33.3,33.2,31.3,33.3,33.9,33.7,33.4,32.6,33.8,33.7,33.6,32.4,33.3,31.6,31.7,32.3,33.3,31.8,31.7,32.5,32.5,31.8,32.0,32.5,32.4,32.2,32.4,33.0,32.7,32.2,32.7,32.1,32.5,32.4,32.2,33.9,34.1,33.4,33.2,33.2,34.0,32.6,32.7,33.3,32.6,33.0,33.2,32.8,31.3,32.5,33.6,33.7,33.6,32.4,32.4,32.1,33.4,33.0,32.5,32.8,32.5,33.3,32.1,33.6,32.1,32.3,33.3,33.1,33.4,33.3,34.2,34.2,33.1,33.3,34.8,34.0,32.5,32.5,32.6,32.4,32.5,31.7,32.1,33.2,32.2,32.0,32.5,33.0,32.1,32.6,33.2,33.4,33.3,32.9,31.7,32.9,33.0,31.9,32.0,33.9,33.7,32.5,33.5,34.3,33.5,33.4,33.5,34.3,32.8,31.7,32.8,32.1,33.1,33.4,32.4,32.4,32.2,32.1,32.9,32.6,32.2,32.6,32.4,32.3,32.6,33.0,32.8,32.7,32.4,33.2,32.3,33.1,34.0,32.8,33.3,33.7,32.6,33.7,33.9,33.2,32.4,32.0,31.7,32.0,32.5,33.0,32.1,32.6,33.0,32.7,32.5,32.2,32.4,nan,32.2,33.0,32.9,32.3,32.0,32.7,32.2,33.0,32.5,33.1,34.4,32.9,32.8,34.5,33.8,33.6,33.4,34.5,32.9,33.8,32.5,32.5,33.5,33.8,34.0,32.9,32.2,32.8,32.8,32.8,32.2,32.5,33.0,32.7,32.3,32.8,33.0,33.7,32.5,32.7,33.1,33.3,33.5,33.5,33.7,33.9,33.5,33.4,33.8,33.2,31.7,32.1,32.0,33.4,32.9,32.3,33.2,33.6,32.9,31.5,31.9,33.0,32.8,32.2,32.6,33.0,33.1,32.6,32.6,32.4,32.9,32.9,32.4,32.9,33.1,32.8,32.5,34.2,33.6,33.2,33.0,32.9,32.7,32.8,32.9,32.6,33.3,33.4,32.2,33.5,32.4,32.6,31.9,32.6,32.5,32.7,32.1,32.8,33.7,32.0,32.2,33.2,33.1,32.7,33.0,33.0,32.4,33.4,32.7,33.4,34.5,34.7,33.3,33.0,32.0,32.3,33.3,32.8,33.1,32.3,32.6,32.9,32.4,32.2,32.3,32.9,32.6,32.7,32.6,32.6,32.9,32.2,33.1,33.3,32.6,32.6,32.9,33.3,32.7,32.7,32.5,34.0,33.0,34.0,31.7,34.8,32.7,32.5,31.8,33.5,33.7,33.5,33.1,32.9,33.0,33.2,32.4,33.0,32.8,32.8,32.1,33.2,33.1,32.5,33.0,33.4,32.4,33.0,32.4,33.0,32.6,33.2,34.3,32.4,33.3,33.8,33.8,35.0,32.8,31.9,32.5,33.6,32.4,33.5,32.2,33.2,33.2,32.2,32.3,33.5,32.1,31.9,32.1,33.5,32.3,32.6,32.1,33.4,32.8,31.9,32.8,33.2,33.4,32.8,32.5,33.0,32.7,33.6,33.5,34.8
1785303262.247736,472,32.5,32.6,32.5,33.7,31.7,32.2,33.7,32.9,31.7,32.3,31.8,32.2,32.6,33.2,33.0,32.4,32.2,32.4,32.0,32.5,32.6,33.2,31.6,33.2,32.0,32.8,32.3,33.0,33.6,33.4,33.9,32.5,32.8,32.8,31.9,33.6,31.1,32.5,31.0,31.5,32.6,32.0,32.4,32.2,31.8,32.2,33.2,32.7,31.9,32.3,33.0,33.3,33.0,32.3,31.9,32.7,32.8,33.5,31.5,33.1,33.2,32.4,33.1,32.6,32.8,34.0,32.8,32.9,31.4,32.9,33.9,32.4,32.6,32.0,31.7,32.6,33.5,32.3,31.4,32.5,31.9,32.7,33.3,32.5,32.8,32.4,32.1,32.3,31.9,33.6,33.6,33.9,33.0,33.5,33.4,33.1,31.5,33.3,32.9,33.3,32.7,33.2,32.8,33.8,32.6,32.3,33.0,32.1,32.3,32.4,32.5,32.4,33.4,33.4,33.1,32.8,33.1,33.1,32.7,32.4,33.6,33.9,33.8,35.1,33.6,32.5,33.4,33.4,33.1,32.3,32.0,32.5,32.5,31.9,32.6,31.2,33.0,32.8,32.4,32.2,32.3,33.1,33.0,31.9,32.9,32.4,32.3,33.1,33.2,32.7,32.5,33.6,34.6,34.0,34.7,34.1,33.4,33.0,33.8,34.2,32.9,31.8,32.3,33.2,31.8,31.7,33.2,32.5,32.6,32.2,33.2,32.6,33.1,31.8,32.2,33.1,33.1,32.1,32.2,33.1,32.3,32.4,33.9,33.1,34.5,34.9,34.2,35.4,32.5,33.7,32.1,33.0,32.2,33.7,32.7,32.3,31.6,32.2,32.5,32.8,32.3,31.6,32.7,33.7,32.6,32.7,33.1,32.1,32.1,32.4,33.2,33.0,32.9,33.2,32.5,32.2,33.6,33.9,33.9,34.0,33.4,33.1,33.0,32.7,32.5,31.6,32.4,32.4,31.9,32.9,31.8,31.7,33.2,32.6,32.9,32.5,32.1,32.5,32.8,33.1,32.6,32.6,33.1,32.8,33.1,33.0,32.4,33.0,34.0,33.7,33.8,33.7,33.1,33.3,33.9,33.2,32.7,32.3,31.9,32.5,32.1,33.5,32.0,33.8,33.2,33.0,32.4,33.2,32.6,32.9,32.3,33.1,32.4,33.4,32.7,33.2,33.1,32.6,33.6,33.8,32.9,33.8,34.3,34.2,33.8,33.7,32.4,33.7,33.3,32.6,32.2,33.5,32.5,32.5,32.6,32.6,33.1,32.1,32.9,33.8,32.2,32.6,32.3,32.3,31.8,33.1,33.6,32.8,32.8,32.2,32.9,33.2,32.9,33.2,34.0,33.7,33.8,33.9,33.7,33.4,32.7,32.1,32.8,33.3,31.9,33.6,31.4,32.9,32.4,32.1,32.4,32.1,32.3,33.1,33.2,32.8,31.8,32.1,32.9,33.1,32.8,33.9,33.9,33.1,32.9,33.0,33.0,33.9,34.4,32.4,33.4,33.6,32.4,32.8,32.5,32.9,32.3,32.9,33.4,33.1,32.7,33.3,32.6,32.5,33.1,32.3,32.3,32.5,32.5,33.0,33.0,32.5,32.8,34.0,32.3,33.7,33.1,34.0,33.0,33.0,33.7,33.7,32.9,33.0,32.6,31.9,32.8,33.0,32.7,31.9,32.2,33.9,32.2,33.2,32.9,33.1,32.3,32.6,33.1,32.5,33.9,33.4,33.1,32.8,32.6,32.8,32.9,32.6,32.2,33.3,32.9,33.3,33.6,34.0,32.8,32.0,32.2,32.6,33.3,32.9,32.4,32.2,33.1,32.5,33.5,32.5,32.8,32.5,32.4,33.0,32.4,33.1,33.1,33.3,33.7,33.2,32.7,33.3,33.5,32.7,34.1,33.7,33.3,32.5,32.0,33.5,32.9,33.1,32.4,32.8,32.0,33.9,32.0,32.1,32.3,33.2,32.4,32.7,32.9,33.3,31.5,33.1,33.3,33.0,33.0,32.9,33.4,33.5,31.9,32.5,34.1,33.3,32.8,33.6,34.2,33.3,32.0,33.1,33.8,34.2,33.4,33.5,32.9,32.9,32.5,32.9,33.9,33.2,32.0,32.3,32.8,32.4,32.5,33.0,33.0,32.9,33.2,32.9,33.8,33.9,31.9,33.1,33.7,34.2,34.0,33.5,34.0,34.8,33.3,33.4,33.7,33.1,32.2,33.4,33.0,32.5,32.7,31.9,33.1,33.6,32.4,33.1,32.9,32.8,33.9,32.3,32.4,32.6,33.1,32.3,33.1,33.5,32.6,33.5,32.4,32.8,33.8,33.1,34.5,33.2,33.9,32.8,34.1,34.0,32.6,32.2,33.5,32.8,32.7,32.1,33.0,31.9,33.0,33.0,32.3,32.9,32.2,nan,32.8,32.4,32.4,33.1,32.2,33.4,32.0,32.7,33.0,32.9,33.0,33.0,33.7,34.1,33.0,32.8,33.3,34.5,33.5,33.4,32.7,33.2,33.5,32.5,32.7,32.7,32.6,32.4,32.8,32.9,32.5,33.3,33.5,33.1,32.8,32.8,33.1,32.5,33.1,33.2,32.9,33.0,32.9,33.8,33.7,34.3,33.7,33.7,33.3,33.2,32.6,32.5,32.8,33.2,32.3,32.8,33.2,33.8,31.5,31.8,32.7,33.4,33.2,33.2,32.4,33.0,32.6,32.4,33.1,33.3,33.4,32.9,32.5,32.9,33.2,32.3,33.9,34.0,33.9,34.0,34.5,32.7,33.0,33.4,32.5,32.6,32.4,33.4,33.5,32.4,32.8,33.3,32.8,32.6,32.3,32.8,32.4,33.0,32.8,33.6,33.8,32.8,32.6,33.0,33.0,32.8,33.7,32.4,32.4,34.0,33.7,34.1,34.4,33.0,33.5,33.2,32.4,34.3,32.3,33.0,32.9,33.8,32.0,33.1,32.4,32.3,32.2,33.3,32.9,33.1,33.2,32.4,32.4,33.6,32.5,32.9,33.6,33.1,32.8,33.1,33.2,34.0,34.4,34.6,34.7,35.5,32.7,33.0,33.5,32.6,32.9,32.8,33.1,32.7,31.7,32.6,33.3,33.5,32.6,32.8,33.0,32.6,32.8,33.0,33.0,32.8,32.8,32.5,33.2,32.8,33.0,34.1,34.1,33.2,33.3,34.0,34.3,35.3,32.3,32.6,32.9,33.1,33.4,33.1,32.8,33.0,33.2,32.4,33.5,33.9,32.8,33.0,32.6,33.1,32.6,33.0,33.1,33.7,33.5,32.4,32.6,33.9,33.0,33.1,33.1,33.4,33.1,34.6,35.1,35.2
1785303264.420372,473,32.5,33.4,33.0,31.5,32.8,31.7,33.1,32.5,32.7,32.1,32.6,31.6,31.7,32.4,33.7,32.4,31.9,32.1,32.8,33.0,32.8,32.7,33.3,31.8,31.6,32.6,32.7,32.3,32.9,32.7,32.4,33.3,33.3,32.8,32.9,32.2,32.9,32.7,33.1,33.0,33.4,32.8,32.4,32.1,32.5,33.1,32.1,32.2,32.8,32.0,32.1,32.7,32.3,31.8,32.4,33.5,32.8,32.3,33.6,33.3,33.2,33.5,33.9,32.4,32.8,33.0,31.4,32.8,31.2,33.9,32.7,33.3,32.8,33.5,31.5,32.3,32.3,31.8,31.8,33.0,31.8,33.2,33.2,32.7,32.5,32.2,32.7,33.4,32.4,32.5,31.5,32.8,33.6,30.9,33.4,33.1,32.9,32.4,32.0,32.7,32.1,33.0,32.4,33.2,33.6,33.6,31.9,32.5,32.7,31.9,32.5,32.8,32.6,32.2,31.7,32.3,32.7,32.8,33.2,34.4,33.8,32.9,32.2,32.7,34.0,32.1,33.0,33.4,33.1,32.6,31.5,32.0,31.9,31.9,32.6,32.6,32.6,32.4,32.5,32.7,32.5,32.7,32.0,32.9,33.0,32.7,31.7,33.1,32.9,33.1,34.3,34.0,34.8,33.8,33.4,32.9,32.6,32.0,33.6,34.0,33.8,31.8,32.1,33.2,32.2,32.5,32.6,32.3,32.2,32.4,32.9,32.6,32.4,32.4,32.2,32.8,32.4,33.1,33.1,33.6,32.8,32.6,33.9,35.2,34.3,34.9,33.2,32.2,32.5,32.5,32.4,31.7,32.5,31.7,32.5,33.1,32.4,33.2,32.5,31.9,32.0,32.3,33.2,32.7,32.2,31.9,32.3,32.6,32.8,32.6,32.6,32.6,32.8,32.8,34.1,33.9,33.8,34.1,33.8,32.9,32.9,32.5,33.8,32.7,33.2,32.3,32.6,32.4,32.5,32.5,33.1,32.4,33.1,32.1,32.7,32.5,32.6,31.8,33.1,31.5,32.6,32.7,33.1,32.7,32.3,32.5,32.6,33.8,34.3,33.9,32.9,34.1,32.7,33.3,33.3,33.6,33.4,31.6,32.7,32.3,32.4,32.8,33.0,33.8,32.6,33.0,32.2,32.7,32.6,32.3,32.1,32.6,32.8,32.8,32.7,32.9,33.6,32.1,33.4,33.8,32.9,33.8,32.9,32.7,33.3,32.9,32.8,32.1,33.7,33.2,32.8,33.7,32.3,32.5,32.2,32.6,33.1,32.9,32.2,32.6,32.8,33.0,32.8,32.8,33.4,32.7,32.9,33.3,33.4,33.5,33.9,33.4,33.4,33.5,34.4,34.6,33.6,33.4,33.5,33.2,31.5,32.1,32.2,33.3,32.8,32.3,31.8,32.9,32.6,32.7,32.0,32.6,33.2,32.1,33.6,32.1,32.9,32.6,32.6,33.3,33.7,33.7,33.2,32.9,32.6,33.1,33.6,32.3,32.9,32.6,34.0,33.6,32.0,32.8,33.1,33.7,32.2,32.2,32.8,32.8,32.7,32.3,32.9,32.7,33.0,32.5,32.5,32.4,33.9,32.2,33.0,32.5,33.1,33.0,32.6,33.5,32.3,32.9,32.8,33.8,33.3,32.5,34.5,34.2,33.0,31.3,33.0,33.4,32.4,31.9,33.4,32.3,32.4,32.6,32.4,32.9,32.5,32.3,33.3,32.8,33.0,32.5,33.1,32.8,32.8,33.5,34.3,32.8,33.4,33.1,33.3,33.3,33.7,32.8,32.7,32.8,33.5,33.7,32.5,33.3,32.9,32.7,32.1,32.6,33.3,32.8,32.3,32.5,31.6,33.0,32.7,33.2,32.8,33.7,32.5,32.2,33.0,33.5,33.7,33.7,33.6,32.0,33.8,33.4,33.5,32.3,32.5,33.7,33.0,32.8,32.4,33.9,32.9,32.1,33.9,33.2,31.9,32.6,33.1,33.4,32.5,31.6,32.5,32.3,33.1,32.9,32.8,33.9,33.1,32.9,33.8,34.0,34.0,32.8,32.9,33.5,32.4,33.5,33.3,33.0,32.9,33.1,33.3,32.0,32.5,33.0,32.1,32.5,31.7,32.8,32.7,33.4,32.7,32.6,33.1,32.8,32.7,32.7,33.6,33.1,32.8,33.9,34.5,34.2,34.0,33.0,34.0,34.1,33.3,34.3,33.5,33.5,33.7,32.1,33.3,33.0,32.7,32.1,32.4,32.0,32.9,33.1,31.8,32.9,33.2,31.8,32.0,33.0,32.6,33.3,33.0,33.0,32.9,33.8,32.5,33.8,34.2,33.5,33.5,33.9,34.1,33.3,33.3,33.6,32.3,33.5,32.9,33.0,32.5,32.5,32.3,32.3,32.8,32.9,33.0,33.2,33.5,nan,32.5,32.7,31.7,32.0,32.3,33.6,33.2,33.6,33.0,33.1,33.2,33.4,34.6,33.4,34.3,33.0,34.3,33.3,32.5,32.8,32.5,33.4,32.4,33.0,32.7,33.1,31.9,32.7,33.5,33.1,32.0,32.9,31.8,32.8,32.2,32.6,33.0,33.0,33.3,32.8,32.6,33.1,33.8,33.7,33.9,34.3,33.3,33.2,33.4,33.4,33.2,32.6,33.2,33.2,32.5,32.3,32.4,33.3,32.9,32.9,32.6,33.4,32.9,32.1,33.0,32.4,33.2,33.6,32.6,33.8,33.4,32.6,32.9,34.5,34.3,34.3,33.7,33.6,33.4,33.0,33.2,34.3,33.0,33.2,31.4,33.0,33.0,33.0,32.6,32.9,31.9,33.1,32.6,33.5,33.2,33.5,33.1,32.8,32.7,32.4,32.9,32.8,33.1,33.2,33.2,31.9,32.8,33.5,33.9,34.3,34.0,33.5,34.0,34.1,33.7,33.2,32.6,33.5,32.9,33.8,32.2,33.3,32.7,32.6,32.9,33.1,32.7,33.3,33.1,33.3,32.7,32.3,33.1,32.5,33.2,32.4,33.6,33.1,31.9,34.3,34.3,34.1,34.6,33.6,33.4,34.0,32.5,32.3,32.0,32.4,33.9,33.4,32.0,32.3,32.6,32.2,32.4,31.9,32.6,32.6,33.0,32.3,31.9,33.5,32.8,33.2,32.8,32.1,33.5,32.9,33.7,32.6,32.9,34.4,34.0,34.4,34.9,34.1,32.3,33.5,33.1,33.8,34.2,33.3,32.0,32.8,33.7,32.8,32.3,33.0,32.8,32.0,32.8,31.9,32.6,33.2,33.1,32.5,33.3,33.2,32.4,33.6,33.7,33.2,31.7,33.6,34.3,34.0,35.1,35.5
1785303266.740614,474,32.9,33.6,31.9,31.9,32.7,32.1,32.5,32.2,32.6,31.2,31.9,32.7,31.8,33.1,31.9,31.6,33.0,32.3,32.1,32.5,32.1,32.4,31.1,31.9,32.2,32.7,30.9,33.8,34.0,32.7,32.0,32.7,32.7,32.1,33.5,30.6,33.2,32.6,31.8,32.2,31.1,31.9,32.5,32.1,33.5,31.9,32.5,32.0,32.4,32.4,32.3,32.3,32.2,31.5,31.8,32.6,33.3,31.6,32.5,32.1,32.9,31.4,33.0,33.5,33.0,32.7,32.3,31.6,32.2,33.2,31.4,32.1,32.6,32.9,31.9,32.7,32.2,31.8,31.5,32.9,32.0,32.0,31.3,32.9,32.4,32.3,32.7,32.1,31.9,32.0,31.8,33.2,33.3,33.6,32.3,32.8,33.8,33.0,31.9,33.0,32.4,32.2,32.7,31.9,32.5,32.7,31.8,31.1,33.1,31.4,32.9,32.1,32.1,31.8,32.5,32.5,32.3,32.5,33.5,32.6,33.3,33.2,32.7,32.2,32.9,31.9,32.7,32.8,33.0,31.3,31.4,32.8,31.4,32.6,32.4,31.7,32.9,31.6,31.8,32.4,32.4,32.1,32.2,32.3,32.4,32.6,31.7,32.1,31.6,32.6,32.6,32.8,33.5,32.6,32.5,33.6,32.9,32.7,32.6,33.4,32.8,32.1,32.8,31.4,32.3,31.4,32.5,31.8,32.8,32.4,33.1,32.1,32.3,31.8,31.8,31.7,32.2,32.3,32.1,32.8,32.8,32.3,34.3,33.5,33.5,32.5,33.3,32.7,32.0,32.2,33.1,33.1,32.6,32.5,31.6,31.4,32.5,32.1,31.8,33.4,32.2,32.0,31.5,31.6,32.3,31.8,32.1,32.6,32.2,31.7,31.6,32.5,32.3,31.8,33.6,34.4,34.5,33.8,32.0,32.3,33.5,32.2,32.9,33.1,32.4,31.3,32.5,32.1,31.8,32.9,32.8,32.1,33.8,32.5,32.6,33.0,31.7,32.2,32.7,32.4,32.2,31.6,32.5,32.7,32.9,32.7,33.7,34.7,34.4,34.4,33.1,32.2,33.2,32.1,33.8,33.3,32.0,33.0,32.2,31.2,32.9,31.9,31.9,32.8,32.4,32.6,31.9,32.8,33.3,32.5,32.3,33.1,32.5,32.5,31.6,32.0,32.5,33.2,33.8,34.2,33.1,33.4,32.7,33.2,33.5,33.2,32.9,32.8,32.5,31.8,32.1,31.6,31.7,33.5,33.3,32.6,33.7,32.2,32.0,32.4,32.4,31.7,32.8,32.4,31.4,32.9,32.4,32.6,33.2,32.9,33.7,33.6,33.2,33.2,33.2,32.2,32.4,32.9,31.8,32.1,31.8,31.6,32.3,32.4,32.7,32.7,31.1,32.8,32.1,33.3,32.6,31.5,32.6,32.4,31.8,33.2,33.1,32.8,31.8,32.4,32.5,33.8,33.6,32.7,32.8,33.2,33.5,33.8,32.6,32.9,31.8,32.9,31.7,31.7,32.8,32.4,32.1,32.3,32.0,31.8,32.6,32.7,32.9,32.6,31.6,32.9,32.2,32.3,33.0,31.9,33.0,31.8,32.7,34.0,33.2,33.5,34.0,33.4,33.9,33.5,33.6,33.1,32.8,32.3,31.6,32.4,31.5,32.7,32.2,32.2,31.9,33.5,33.1,31.5,32.0,33.0,33.5,32.2,32.4,32.4,32.8,32.5,32.3,33.2,33.0,33.4,33.0,33.4,33.3,33.5,33.3,33.6,34.4,33.2,32.9,33.5,33.0,32.7,32.2,32.4,33.0,31.7,32.0,31.3,32.7,32.5,31.9,33.0,32.1,32.3,32.1,32.3,32.9,32.3,33.1,31.8,32.7,33.7,34.4,32.6,33.7,32.2,33.6,33.5,33.9,32.3,33.8,33.7,32.9,33.5,31.7,32.5,32.8,33.1,32.9,33.5,32.0,32.6,31.8,32.5,32.0,33.2,33.2,31.7,32.7,32.2,32.8,32.4,33.5,33.8,31.7,33.2,33.3,32.3,32.8,34.3,33.5,32.9,33.3,33.3,32.8,32.2,32.6,32.5,32.0,32.8,33.3,32.9,32.6,32.5,32.6,31.6,32.8,32.4,32.9,31.7,32.8,32.8,33.0,32.8,33.7,34.2,33.2,32.6,33.0,32.2,33.2,33.3,32.3,33.3,34.0,32.8,32.7,32.9,32.7,32.2,32.8,32.6,31.9,32.1,32.5,33.0,31.2,32.7,32.3,32.4,32.8,32.4,32.5,32.7,31.9,32.9,32.8,34.2,32.7,33.2,33.9,34.1,33.3,32.5,33.8,34.4,32.2,33.3,32.9,31.9,32.2,32.1,32.4,32.5,32.7,32.5,33.1,33.4,32.7,32.1,32.8,nan,33.1,32.8,33.6,32.1,32.3,32.8,33.7,33.4,32.9,33.3,34.1,33.8,32.7,32.2,33.7,32.7,34.0,34.0,33.2,33.3,32.2,33.7,33.0,32.9,31.7,32.8,32.7,32.8,32.5,32.2,32.5,33.3,32.2,32.9,32.2,32.2,31.8,32.9,33.3,33.4,33.3,33.9,34.8,34.5,33.7,33.5,34.5,33.6,33.6,34.6,33.8,32.6,33.1,32.5,32.0,32.5,32.2,33.3,32.4,32.8,32.6,32.6,33.3,32.5,32.4,32.4,33.3,32.3,33.6,32.7,33.4,33.1,33.0,33.8,34.5,34.2,33.3,33.3,33.3,32.5,32.7,33.4,33.5,33.5,32.4,32.1,33.2,33.7,31.4,32.3,32.2,32.3,32.3,32.9,33.0,32.7,32.5,32.2,33.2,33.2,32.8,32.7,33.2,32.7,33.2,33.1,33.2,33.6,33.0,33.7,32.8,33.8,33.0,33.8,32.3,32.9,33.8,32.9,33.9,33.3,33.2,31.9,32.8,32.3,32.3,32.6,32.6,32.3,33.2,32.0,33.6,32.5,33.1,33.0,33.5,33.7,34.6,32.6,33.1,33.7,34.3,33.6,33.1,33.3,34.6,34.3,34.0,33.6,33.4,33.6,32.2,33.7,31.7,32.8,33.2,32.5,32.0,32.7,32.5,32.8,31.8,32.4,32.0,32.9,31.6,32.9,33.6,32.9,32.5,33.2,33.2,33.2,33.2,34.5,34.4,33.5,33.9,34.5,32.6,32.0,32.8,33.7,33.1,32.8,32.5,32.7,32.5,31.9,32.5,33.2,32.7,32.2,33.4,32.2,32.5,31.8,33.1,32.2,32.5,32.3,33.6,32.3,32.3,33.0,35.2,34.5,33.8,33.5,32.5,34.4
1785303268.740241,475,31.8,33.0,32.9,33.4,31.8,32.1,32.3,32.6,32.6,32.3,32.5,32.5,32.7,32.9,32.5,32.2,32.0,32.6,32.7,32.4,32.2,33.2,33.0,32.7,32.3,32.3,33.7,32.5,33.5,33.8,34.0,32.9,32.9,32.1,33.5,32.5,32.6,31.5,32.2,32.9,32.9,31.4,32.0,32.0,32.1,32.4,33.8,33.2,32.6,32.6,32.8,32.7,32.8,32.1,31.8,33.4,32.0,32.4,32.5,32.6,33.3,32.3,32.5,32.8,33.2,32.4,32.7,32.7,32.4,32.6,31.8,31.9,31.7,32.9,32.5,33.1,32.6,32.9,33.1,33.1,32.4,33.1,32.4,32.8,31.9,32.1,33.3,32.8,32.1,33.4,32.2,32.6,32.4,33.6,33.0,33.3,32.6,31.7,33.0,32.8,32.9,32.9,33.3,32.7,32.4,32.4,32.4,32.6,32.1,32.6,31.4,33.5,32.9,32.5,32.3,33.6,32.8,32.0,32.3,32.3,32.2,32.8,32.3,33.0,33.1,32.1,34.0,34.2,31.8,31.3,32.5,33.0,31.8,32.1,32.8,32.5,31.7,32.4,31.8,33.0,32.1,32.8,32.8,33.0,32.0,32.2,32.3,32.5,32.0,33.0,33.3,32.7,33.2,33.7,33.3,33.8,33.3,32.6,32.2,34.1,32.8,31.9,32.6,32.7,32.5,32.2,32.5,32.4,32.9,32.3,33.7,33.3,31.5,32.5,32.9,32.9,33.7,32.0,33.0,33.2,32.6,32.9,33.4,33.9,33.5,32.5,32.8,33.6,32.0,32.0,31.2,33.3,32.8,33.0,32.6,32.6,31.9,32.4,33.3,32.0,32.1,33.5,33.3,32.5,32.3,33.0,32.8,32.5,32.4,33.0,32.6,32.4,32.9,33.5,35.0,34.1,34.0,33.4,32.4,34.3,32.8,33.4,33.7,32.6,33.1,32.8,32.9,33.1,32.4,32.6,32.5,31.4,33.0,32.3,32.7,32.2,32.9,31.4,32.6,32.4,32.8,32.4,32.9,32.1,33.3,33.1,35.2,35.4,33.9,32.1,33.0,33.8,32.4,32.1,32.1,33.1,31.3,32.4,32.2,33.3,32.2,33.3,33.3,33.7,32.7,32.3,32.6,33.0,31.7,32.9,32.2,32.7,32.2,32.6,32.0,32.7,32.5,33.7,34.2,34.7,33.7,33.6,32.4,34.7,32.8,33.6,33.3,33.2,31.9,31.4,33.0,31.4,33.4,32.2,33.0,33.2,31.9,32.5,32.2,32.6,32.6,32.6,33.0,32.3,32.9,32.9,32.7,32.9,32.8,32.6,34.4,35.1,34.1,33.4,33.6,33.0,33.4,32.9,33.2,32.1,31.8,32.2,32.3,32.7,31.6,32.4,32.6,32.1,33.0,33.0,32.8,32.6,32.9,32.6,33.0,32.9,33.6,32.6,32.5,32.4,32.9,33.2,33.3,33.4,32.1,33.1,33.3,33.8,31.8,34.2,33.7,32.5,32.7,33.3,32.4,31.2,33.0,32.6,32.9,32.4,33.6,32.4,32.1,33.6,32.8,32.3,32.6,32.5,31.8,32.6,32.1,32.6,34.0,33.8,33.1,33.9,33.1,34.1,34.0,33.3,34.1,33.1,32.4,32.7,31.8,33.5,32.3,33.1,32.4,33.1,32.1,32.6,32.5,32.7,33.3,32.9,32.6,31.9,32.1,32.8,33.0,33.2,33.2,33.1,33.1,33.7,33.4,34.1,33.4,33.8,33.9,34.2,33.7,33.8,34.3,33.3,31.5,32.1,33.4,33.0,32.5,32.8,32.9,31.7,33.1,31.8,32.6,32.0,32.3,32.8,32.5,32.4,32.6,32.8,33.0,32.6,33.7,33.6,34.3,34.0,34.7,33.3,35.0,33.3,34.2,33.1,34.0,33.6,31.6,33.7,32.1,33.1,33.2,32.6,33.5,33.2,32.3,32.5,32.4,33.7,32.7,32.7,32.6,32.4,32.7,33.1,33.4,32.6,33.5,33.7,33.9,34.1,33.7,34.3,34.6,34.3,33.0,33.3,33.4,34.9,32.4,32.2,33.8,32.7,32.4,32.2,32.6,32.9,32.8,31.6,31.8,33.6,33.3,33.0,32.8,32.5,32.8,32.7,32.8,33.5,33.1,33.6,33.3,33.5,34.3,34.7,34.5,34.4,32.9,33.5,32.6,33.8,32.5,32.0,32.1,33.4,32.1,32.8,32.1,33.2,32.2,33.0,32.2,32.7,32.5,32.9,32.4,33.4,32.9,32.3,33.0,32.8,32.7,33.8,33.1,34.8,33.7,33.8,34.3,33.7,32.7,32.9,33.4,31.7,32.7,32.8,32.7,32.5,33.1,32.4,31.9,33.1,33.3,33.3,31.6,32.8,32.4,nan,32.6,32.8,32.5,32.5,32.5,33.3,33.1,33.8,33.8,34.4,32.8,33.3,33.3,33.7,33.9,34.2,33.3,33.6,32.3,33.9,32.2,33.0,31.7,33.4,32.8,33.0,32.2,32.3,32.9,32.9,32.3,32.7,32.6,32.8,32.1,32.6,33.1,33.1,33.4,33.8,33.7,32.9,33.8,33.4,33.2,34.1,33.4,34.4,33.7,34.0,33.2,33.5,32.5,32.7,32.2,32.2,32.6,33.0,32.3,32.6,33.4,33.5,32.9,31.7,33.2,33.5,33.2,32.4,32.9,33.4,33.7,33.2,33.5,34.1,33.9,33.5,33.3,34.6,33.9,33.3,34.2,34.2,31.9,33.1,33.4,34.2,33.0,32.2,31.9,33.8,31.3,32.9,33.9,33.3,32.4,32.8,33.1,33.4,32.9,32.7,33.0,32.8,32.2,34.1,34.0,33.5,32.2,34.9,34.4,33.3,34.2,33.3,33.4,34.6,34.1,33.3,32.8,33.6,32.6,32.4,33.0,32.8,32.8,32.7,32.9,33.1,33.0,32.7,33.2,32.5,33.9,32.5,32.5,32.5,32.8,33.2,32.7,33.0,32.8,33.7,33.0,33.4,33.1,33.5,35.0,34.7,32.1,33.1,33.2,33.0,32.8,33.6,32.9,33.0,32.3,33.6,33.6,33.6,32.4,33.2,32.2,33.6,32.9,32.4,33.1,34.0,32.5,33.1,33.6,33.8,32.1,32.5,32.8,34.7,34.2,34.7,34.2,33.8,33.3,32.5,33.5,34.3,32.9,33.8,31.6,32.9,32.6,31.8,33.0,33.4,33.6,32.7,33.3,32.9,32.6,33.1,32.9,33.3,32.9,32.7,32.7,33.6,33.8,32.3,32.8,32.7,33.4,33.7,33.6,35.3
1785303271.1506548,476,32.5,32.4,33.0,31.8,31.9,32.0,30.9,33.4,32.9,32.4,32.2,33.2,31.3,32.8,32.4,33.4,32.4,31.9,32.0,32.3,32.3,32.3,31.2,33.0,32.8,32.6,32.9,33.5,32.7,31.9,31.6,32.8,33.4,32.8,32.6,32.2,32.3,32.9,33.2,31.7,32.0,32.8,32.8,31.1,31.6,33.1,33.2,32.5,31.8,32.4,32.3,32.4,33.0,32.9,33.8,31.9,32.3,32.5,32.6,31.8,32.1,32.2,32.7,32.7,32.6,32.6,31.7,33.1,31.9,32.3,32.5,32.4,33.1,32.4,32.3,32.1,32.3,32.7,31.9,31.8,32.8,32.0,32.1,32.0,32.5,32.0,32.8,32.0,32.4,32.5,32.0,32.7,32.5,33.3,33.6,33.4,32.7,33.3,33.1,31.6,32.3,33.0,32.0,32.8,32.3,32.0,31.8,32.7,31.7,32.9,32.5,32.8,32.9,32.4,33.1,33.0,32.4,32.4,33.3,32.8,32.3,32.2,32.4,33.1,32.6,32.7,33.2,32.5,33.4,33.1,31.8,32.9,32.5,32.7,31.2,32.8,32.3,32.7,32.1,33.0,32.7,33.2,32.0,32.2,32.2,32.4,31.8,32.8,32.6,32.8,33.7,34.3,32.0,33.4,32.4,33.1,32.6,34.1,32.7,34.2,31.6,31.8,33.2,32.8,32.6,33.6,32.6,32.5,32.4,33.1,32.9,32.9,32.4,32.3,33.6,32.3,31.8,32.3,32.3,33.0,33.6,33.6,34.1,32.6,31.7,32.4,32.9,32.8,32.7,33.1,33.7,32.3,32.0,33.1,32.1,32.5,31.5,32.1,32.1,32.7,32.1,33.0,32.2,33.6,32.7,32.2,33.1,33.2,32.8,33.4,32.4,33.1,32.9,34.1,34.4,34.3,33.6,32.9,31.9,34.2,32.1,33.3,33.6,33.8,33.0,33.8,32.2,31.8,31.4,31.9,32.7,31.3,32.6,32.6,32.4,33.0,32.3,33.1,32.5,32.2,32.0,32.5,32.0,32.0,32.8,33.6,33.4,34.5,32.8,33.7,32.9,32.6,33.7,33.5,32.9,32.6,31.0,32.7,31.7,33.0,32.3,31.9,32.3,33.2,32.1,32.9,32.1,32.9,32.6,32.1,31.6,32.8,32.3,33.0,31.8,32.9,32.4,32.8,33.8,33.6,31.5,33.3,32.3,33.3,32.9,32.4,31.8,33.1,31.6,33.0,32.9,31.3,32.2,33.1,32.1,32.2,31.0,33.1,33.4,32.1,33.3,32.3,32.0,32.8,32.5,32.8,32.6,32.4,31.9,33.7,34.4,34.0,33.1,32.5,33.1,32.3,32.6,32.6,33.7,32.0,32.3,32.6,31.4,33.0,33.4,33.2,32.1,32.4,32.6,32.9,32.5,32.5,32.3,33.0,31.9,33.3,32.5,33.1,32.0,33.1,33.3,33.6,34.2,34.6,33.2,34.0,32.7,32.8,32.8,32.4,33.7,32.6,31.8,32.8,32.5,32.1,31.6,32.6,33.0,31.9,33.0,32.6,33.0,32.7,32.5,33.3,33.1,32.5,31.7,32.5,32.7,33.5,33.3,33.0,34.4,33.0,33.3,34.0,33.9,32.0,32.8,32.3,33.1,33.5,32.6,33.4,32.2,32.8,32.7,33.2,32.5,32.4,33.3,32.8,32.1,32.9,32.8,31.8,32.2,32.8,33.4,32.8,32.3,32.8,33.9,34.1,33.9,34.5,32.9,33.2,34.2,32.8,33.3,32.2,32.5,32.8,31.8,32.2,32.3,31.6,31.1,33.5,32.6,33.2,32.3,32.3,33.2,32.5,31.9,31.9,33.5,32.6,32.4,33.4,33.8,33.0,33.0,33.8,33.7,33.2,33.5,33.7,34.2,33.2,34.4,32.3,32.9,32.9,32.4,33.2,32.0,34.4,32.6,33.1,33.4,32.5,33.2,32.3,32.3,32.8,32.1,32.6,33.4,33.3,32.8,33.1,33.3,34.1,33.3,33.3,34.0,34.1,33.0,34.0,33.8,33.5,33.7,31.9,32.7,34.0,32.3,32.9,32.8,32.2,31.6,32.2,32.7,33.0,32.8,32.3,32.7,32.7,33.2,32.4,33.0,32.9,32.7,33.2,34.1,33.3,33.7,33.4,34.4,33.9,33.8,34.2,33.9,33.1,32.8,33.8,33.5,32.4,33.5,33.4,31.3,33.8,32.2,32.5,31.1,33.5,33.1,32.1,32.5,32.6,32.1,32.6,32.3,32.7,32.5,32.7,32.1,33.2,33.4,34.0,33.1,34.3,33.3,33.7,33.6,34.3,33.5,33.2,33.9,33.8,31.7,33.1,32.2,32.6,33.2,31.9,33.2,32.1,32.5,32.7,33.0,33.0,32.7,nan,33.0,31.8,32.7,32.8,33.7,33.1,33.4,34.0,33.4,33.4,33.7,33.1,34.3,33.8,34.0,32.5,34.0,32.9,33.1,33.0,32.5,33.3,32.8,32.5,31.6,33.1,31.7,32.1,33.0,32.8,32.7,32.6,32.2,32.7,32.5,33.0,32.8,33.5,32.6,33.2,33.1,34.7,33.5,33.9,32.8,34.0,32.7,33.8,33.4,34.7,32.0,33.2,34.0,33.0,33.5,33.2,33.0,33.1,32.6,33.2,32.9,33.6,32.5,32.8,32.9,33.1,33.4,32.3,33.3,33.0,33.2,32.6,33.9,32.9,34.1,33.2,33.4,34.0,32.3,33.6,33.5,33.3,33.7,33.5,31.4,33.5,32.6,33.5,32.4,33.1,32.3,32.8,32.6,33.7,32.8,32.7,33.1,32.5,33.3,33.3,33.3,33.7,33.5,33.2,33.3,32.6,33.9,33.7,33.9,33.4,33.8,33.2,34.0,34.8,32.0,32.6,31.6,32.2,33.5,33.4,33.5,33.1,31.3,33.1,33.1,32.0,33.4,32.8,34.1,33.1,32.9,32.8,32.4,32.8,32.9,32.4,33.3,32.9,32.9,34.3,33.4,32.9,33.0,33.8,34.5,34.0,32.7,32.3,31.8,33.9,33.1,33.1,32.6,32.4,33.0,33.5,32.4,32.8,32.3,33.0,33.2,32.7,32.6,32.5,32.4,33.9,33.9,33.2,32.8,32.2,32.6,33.0,33.5,33.6,33.1,33.8,33.6,34.8,33.9,32.6,32.7,33.4,33.2,32.1,32.6,31.9,33.4,33.0,33.6,32.3,33.9,32.0,33.0,32.5,32.6,32.3,32.6,32.7,32.8,32.8,33.0,33.0,33.4,33.3,33.5,33.2,33.5,33.6,34.6,34.3
1785303273.2959208,477,31.8,31.7,32.9,33.9,33.2,31.2,31.0,33.0,33.0,31.8,32.4,32.7,32.3,32.3,33.0,33.1,32.0,33.1,31.9,32.7,33.1,33.1,32.6,32.9,31.2,32.5,31.8,32.5,32.8,32.0,33.8,32.4,32.5,32.1,33.0,32.0,32.4,32.1,32.4,32.5,31.1,32.9,32.3,32.3,31.8,32.4,32.7,33.0,31.8,33.7,32.2,32.5,32.2,32.6,33.3,32.8,32.3,32.2,33.3,33.0,32.4,32.1,32.8,32.8,32.5,31.7,33.4,32.8,31.7,31.5,32.2,32.8,33.2,32.5,32.1,32.2,31.8,31.8,32.5,31.9,31.5,32.4,32.7,32.9,32.7,32.1,32.2,32.8,32.9,32.2,31.2,33.2,32.6,32.1,33.5,33.5,32.8,31.8,32.8,33.7,31.6,32.1,32.1,32.5,32.2,32.4,32.2,32.6,31.9,32.4,32.9,33.2,32.0,32.6,32.3,33.2,31.9,30.7,32.8,32.6,32.6,32.3,33.1,33.2,32.5,32.4,33.1,34.0,32.1,32.0,32.3,32.1,31.6,31.0,32.5,31.9,31.6,31.5,31.5,31.7,32.7,31.9,31.9,32.6,32.6,32.3,33.1,32.7,32.3,32.3,32.6,32.8,32.8,32.4,33.7,33.2,33.9,32.3,32.9,33.7,30.7,31.5,33.0,33.3,33.1,31.8,32.7,32.2,32.1,32.6,33.7,32.5,32.5,31.8,32.3,33.4,31.8,32.5,33.0,32.0,31.3,31.8,33.8,33.2,33.5,32.6,33.3,32.9,31.4,33.0,32.7,32.7,32.8,32.3,31.8,32.8,31.2,32.3,32.7,32.5,32.7,31.9,31.7,33.1,31.8,33.1,31.8,32.8,32.2,32.8,31.8,32.7,32.2,32.2,33.8,34.7,33.3,34.2,32.9,32.4,33.1,32.4,32.9,33.9,32.7,30.9,32.5,31.9,31.3,31.8,32.8,31.9,32.5,33.0,33.1,32.7,31.7,31.7,33.2,32.2,32.2,32.7,32.8,33.2,33.0,32.2,34.0,33.9,33.5,32.9,34.2,32.3,32.2,33.2,33.2,33.3,32.0,32.4,32.2,32.6,32.3,32.3,32.2,33.0,32.6,32.1,31.3,33.1,32.2,31.7,33.1,32.8,32.8,32.0,32.3,32.0,32.0,32.7,32.5,33.8,33.6,34.0,32.6,33.2,32.2,32.3,32.3,33.4,32.9,32.1,33.1,32.4,32.6,32.2,32.5,32.1,31.2,31.7,32.5,32.0,32.2,31.7,32.8,32.1,31.6,31.4,33.2,32.7,32.5,32.3,33.2,33.9,32.8,33.7,34.1,33.8,32.6,32.9,32.8,33.7,31.6,31.6,33.7,32.8,30.7,32.7,32.4,32.8,32.0,31.8,32.6,32.5,32.2,32.0,33.1,33.0,34.1,32.5,32.7,33.0,32.5,33.8,33.0,33.8,33.5,33.7,33.1,34.1,33.5,32.5,33.0,33.7,32.1,32.3,32.6,33.0,31.1,31.5,33.2,31.8,32.1,33.0,32.5,31.8,32.7,32.4,32.7,32.3,32.9,32.7,33.2,32.7,32.9,33.9,34.0,33.2,33.0,33.9,34.4,32.9,33.4,31.8,32.4,33.1,32.9,32.4,31.7,32.3,31.7,32.7,32.3,32.4,32.8,32.0,32.0,32.1,31.5,32.0,31.7,33.5,32.5,32.4,33.6,33.7,33.3,33.0,33.5,33.0,33.8,33.2,33.3,33.4,34.1,33.0,33.5,31.7,32.3,32.9,33.0,32.2,33.0,32.1,33.2,32.2,32.5,31.6,32.5,32.7,31.8,32.1,32.9,32.0,32.9,32.5,33.9,33.4,33.7,32.8,33.1,33.6,34.2,33.8,33.9,33.8,33.8,33.4,32.8,33.9,32.1,33.5,32.9,32.5,31.4,32.2,32.6,34.0,32.6,32.1,32.3,32.4,32.8,32.7,32.8,32.5,32.9,32.8,33.3,33.8,32.5,33.2,33.0,33.9,33.0,33.7,33.3,34.6,34.3,33.0,33.4,33.1,31.6,32.0,32.6,32.5,31.8,32.3,32.6,33.8,32.2,31.7,32.4,32.3,32.8,32.3,32.6,33.4,32.6,32.6,33.2,33.0,33.2,32.6,32.7,34.3,34.1,34.3,34.5,34.0,32.3,33.1,32.4,32.6,32.3,32.9,32.3,33.5,31.1,32.0,32.3,31.6,33.2,33.0,31.5,32.7,33.3,32.5,32.3,33.7,32.5,32.5,32.2,32.5,32.8,33.0,32.9,34.2,33.4,33.0,33.7,33.6,34.0,33.6,33.8,33.9,32.5,31.5,32.6,32.3,32.4,33.1,31.8,32.0,32.2,32.1,32.2,33.1,33.1,nan,32.7,32.6,33.1,33.6,32.9,32.8,32.4,32.3,33.9,33.8,33.8,33.8,33.6,33.3,33.1,32.9,34.4,34.8,33.2,33.1,31.8,34.1,32.1,32.0,32.8,33.2,32.0,32.6,32.7,33.0,32.5,32.5,32.9,33.0,32.0,32.5,33.4,33.2,32.5,31.9,33.4,33.9,33.0,33.0,34.7,34.6,34.3,33.1,33.0,35.0,31.6,32.4,32.1,32.9,32.0,32.4,32.5,33.5,32.8,32.6,33.5,32.9,32.8,32.2,32.9,32.3,33.0,32.8,33.0,32.8,32.1,33.0,33.3,32.5,32.6,33.1,33.5,34.1,32.7,33.5,33.3,33.6,33.3,32.2,31.7,33.8,32.7,33.3,31.7,32.8,32.7,33.0,33.6,33.2,33.4,32.9,33.2,33.9,32.9,33.0,33.4,33.6,32.5,32.9,33.4,33.4,33.4,34.0,34.2,33.5,33.4,32.0,34.1,34.8,33.2,32.7,33.0,33.6,32.8,32.6,33.2,32.1,32.2,31.8,33.2,33.1,32.5,32.5,33.2,33.0,32.3,32.7,33.0,32.7,33.1,32.1,33.5,33.4,31.8,33.1,33.1,33.0,33.5,33.5,33.3,34.1,32.8,33.1,31.9,33.4,31.8,33.1,31.3,33.8,31.8,32.5,32.5,33.1,32.2,32.7,33.8,32.4,32.5,31.5,33.0,33.2,32.0,31.5,32.5,32.9,33.1,32.3,33.8,33.1,33.8,33.9,34.6,34.9,32.2,31.4,33.9,34.1,33.3,32.0,32.9,33.8,32.9,32.3,33.1,33.4,32.7,31.5,32.5,33.0,32.0,32.4,32.9,32.7,33.2,32.9,33.0,32.7,32.5,33.0,33.2,33.1,33.4,32.9,34.3,34.2
1785303275.4466166,478,32.6,32.5,32.4,33.4,33.6,32.5,33.0,32.6,32.8,32.4,32.6,32.9,31.2,32.3,32.3,32.5,33.7,33.3,32.1,32.7,33.8,33.1,31.6,33.1,32.6,33.1,32.4,31.8,33.5,32.9,33.0,32.9,31.7,32.1,33.2,32.7,32.8,31.4,32.2,32.2,32.5,32.1,32.1,32.7,34.0,33.5,32.7,33.3,31.9,31.7,32.7,31.9,32.9,32.4,33.1,32.8,31.7,32.4,32.7,32.8,34.0,33.2,33.5,33.0,33.7,32.2,32.5,32.3,33.0,32.2,31.8,32.5,31.5,32.7,31.6,32.9,33.2,32.7,32.2,32.4,32.0,33.4,31.5,32.6,32.7,33.3,32.1,31.7,33.4,32.8,32.8,32.3,32.4,34.0,33.3,33.7,32.8,33.2,32.1,31.9,32.4,32.2,33.3,33.1,33.5,31.8,32.2,33.1,31.9,32.1,31.7,32.8,32.3,32.8,31.8,32.3,33.5,31.9,32.6,33.7,32.6,32.8,32.3,33.2,33.8,33.0,33.1,32.8,32.5,32.0,32.3,33.0,32.2,32.8,32.6,32.3,33.0,33.1,31.6,32.6,32.9,33.3,32.4,32.5,33.1,33.0,31.7,33.0,32.9,32.6,32.5,33.0,33.6,32.4,32.1,33.4,33.5,32.7,33.0,32.3,32.8,31.4,32.6,33.5,32.1,33.1,32.5,33.1,32.6,32.2,32.6,32.4,32.8,32.6,32.7,32.0,32.8,32.6,32.5,33.3,33.0,32.1,33.3,34.4,33.3,32.3,32.9,33.0,32.2,32.8,33.8,33.3,32.5,32.5,32.2,33.5,32.7,32.3,31.6,33.3,32.7,32.7,33.2,32.6,32.6,32.9,32.0,32.5,32.3,32.8,32.7,32.9,33.1,33.2,33.1,35.2,33.8,33.2,31.2,33.0,32.7,32.4,32.9,33.1,31.6,31.7,33.1,33.1,32.0,32.4,31.5,32.6,32.5,32.1,32.6,33.2,32.4,33.0,32.9,32.4,32.9,32.8,32.0,32.5,33.4,32.5,33.8,34.2,33.7,32.7,32.2,32.9,32.4,33.0,31.9,32.6,32.2,32.4,31.6,32.5,32.3,33.2,33.1,32.2,32.3,32.8,32.1,32.1,32.8,33.3,31.2,33.5,32.6,32.4,32.4,33.0,32.6,32.5,33.5,33.9,33.8,32.7,33.1,33.0,32.9,32.8,32.7,33.6,31.9,31.4,33.2,32.9,32.6,32.9,32.8,32.3,33.4,32.8,32.2,33.0,33.2,32.4,32.0,32.5,32.5,31.7,32.5,33.0,33.0,31.9,33.3,32.9,33.4,33.7,33.6,33.4,32.8,32.7,32.2,32.7,31.7,31.8,32.7,32.5,32.3,32.7,32.2,32.8,32.8,32.8,32.7,32.7,32.6,33.0,32.3,33.5,32.6,32.7,33.4,33.2,33.6,33.8,32.8,33.2,33.9,33.5,34.0,34.5,33.2,32.5,32.7,32.9,32.3,32.3,33.2,32.2,33.5,32.4,32.8,32.5,32.4,32.7,32.9,31.7,33.2,32.2,32.2,32.2,33.0,31.8,32.5,33.8,34.1,33.2,33.3,33.4,33.7,34.4,34.3,33.1,32.7,32.3,33.6,32.9,32.7,31.6,32.3,34.0,33.1,31.8,32.6,33.8,32.6,32.5,32.3,32.8,33.3,31.6,33.0,33.0,32.7,33.0,32.6,32.9,33.6,33.8,33.3,33.7,34.3,33.7,33.7,33.8,33.5,33.0,33.1,33.3,33.0,32.5,33.2,32.6,33.0,32.4,33.4,32.0,32.7,32.7,33.4,31.9,32.4,32.9,32.7,32.9,33.8,33.2,33.2,33.2,33.2,33.5,33.9,34.2,32.5,33.2,34.3,33.3,34.3,33.6,33.2,33.7,33.3,32.5,32.9,33.3,33.3,32.9,32.8,33.6,32.8,32.2,33.6,33.8,33.0,32.7,32.3,32.7,32.7,32.7,33.5,33.5,33.1,33.5,33.8,33.9,33.8,33.2,34.4,33.6,34.1,32.5,32.9,32.3,33.7,33.6,32.4,32.8,33.3,33.2,34.0,32.9,32.1,32.0,31.9,32.1,33.6,32.9,32.7,32.6,33.1,32.4,33.2,33.1,32.9,32.3,33.3,34.1,32.9,33.6,35.0,34.2,34.0,33.6,34.2,33.6,33.3,32.2,32.3,33.1,32.8,32.0,32.8,32.6,33.5,32.8,31.8,32.5,33.1,33.2,32.8,33.5,32.8,33.5,32.3,33.4,32.8,32.9,33.9,33.7,35.4,33.7,34.2,34.0,34.7,34.0,33.4,34.3,32.7,33.2,32.2,32.6,33.3,33.0,32.9,32.7,32.6,32.2,33.4,32.7,33.4,nan,32.3,32.9,32.4,32.9,32.6,33.3,32.9,33.3,33.6,33.5,35.0,33.8,32.6,33.5,33.3,33.1,33.7,34.4,33.6,32.9,33.6,33.0,32.4,33.1,32.6,32.6,32.8,32.3,33.2,33.7,32.4,32.7,32.0,33.0,32.2,33.2,32.0,33.7,33.3,33.2,33.5,34.1,33.9,33.4,33.0,33.5,33.0,33.6,34.4,34.0,32.9,33.1,32.9,32.3,32.2,33.1,32.9,32.9,33.1,33.3,32.6,32.6,31.8,33.1,32.5,33.6,33.0,32.6,33.5,33.0,33.0,33.1,33.6,34.0,33.7,32.9,34.4,32.6,33.1,33.1,33.7,33.2,32.6,33.3,33.8,33.6,33.2,33.0,33.2,33.6,32.7,33.2,33.5,33.6,33.5,33.7,32.5,33.2,33.4,32.9,32.6,33.1,32.8,33.2,33.0,34.3,32.8,33.1,34.0,33.3,33.8,33.6,34.0,34.4,32.5,33.3,33.2,32.7,33.4,33.9,31.7,32.4,32.6,33.3,33.2,32.7,32.5,33.6,33.0,32.8,33.1,33.0,33.7,33.2,32.6,32.4,33.3,33.9,32.9,32.6,33.7,33.3,33.1,33.7,33.9,35.6,33.7,33.3,33.0,34.3,32.8,33.8,33.2,33.6,33.0,32.5,33.0,33.4,33.9,33.2,32.8,33.2,33.2,32.2,32.6,33.8,32.9,32.9,32.1,33.6,32.7,32.5,32.0,32.7,33.6,34.1,34.1,35.4,32.7,32.2,32.8,32.4,32.2,33.4,33.1,33.4,33.4,33.6,33.5,32.7,33.4,32.7,33.8,33.4,32.0,33.2,33.4,33.1,33.2,33.4,33.8,33.0,33.3,32.8,33.8,33.6,34.0,34.9,36.1,35.5
1785303277.6017828,479,30.8,33.0,33.3,32.9,32.8,32.5,33.5,31.8,31.5,32.4,33.3,32.3,31.3,30.9,32.6,32.9,32.0,32.2,31.8,33.5,32.8,31.3,32.3,33.1,32.5,32.1,33.8,32.9,32.0,32.4,33.9,32.9,33.2,32.0,33.7,33.1,33.0,31.6,32.0,33.4,32.7,32.6,32.5,32.2,32.1,32.7,32.4,31.8,32.2,31.6,32.7,32.7,33.1,32.1,33.3,33.3,32.5,32.9,33.1,33.3,32.9,32.2,31.5,34.1,32.6,32.2,31.6,32.7,32.3,33.2,33.5,32.7,32.7,31.8,32.8,32.6,31.7,31.7,31.4,32.1,31.4,32.8,32.8,33.5,32.0,32.8,33.0,33.0,32.2,33.0,33.1,32.8,33.2,33.4,33.4,32.1,32.6,32.8,32.8,32.7,31.0,32.6,31.1,32.6,32.6,33.0,32.0,32.3,33.0,32.9,31.9,32.0,32.3,32.4,32.1,32.6,32.3,31.5,32.3,32.6,33.2,32.5,32.9,33.7,33.7,32.7,32.4,34.1,32.2,32.0,34.2,32.4,32.3,32.8,32.4,32.1,31.9,32.4,33.1,32.4,33.2,32.7,32.1,33.0,30.9,33.2,32.5,33.2,32.9,32.5,33.9,33.0,33.6,33.4,33.5,33.6,31.6,32.9,32.7,32.3,32.3,31.8,32.6,32.6,32.9,32.0,32.0,33.2,32.5,31.5,32.5,32.9,32.3,31.4,32.2,32.3,32.2,32.6,33.0,32.1,33.5,32.2,33.9,33.8,33.0,32.0,32.8,33.5,33.0,31.9,32.9,33.4,31.8,33.4,32.5,33.2,33.0,32.5,32.8,32.9,31.6,32.4,32.5,32.6,32.4,31.7,32.9,32.5,32.0,31.9,32.2,32.9,33.4,32.7,33.9,34.4,33.7,33.9,34.3,33.2,33.6,33.6,33.0,33.7,32.4,31.9,31.6,32.2,32.6,31.9,33.4,33.3,32.3,32.6,33.0,32.4,32.6,32.8,31.8,32.3,31.9,32.2,32.9,33.1,32.1,31.8,33.5,33.6,33.9,34.0,33.3,33.4,33.9,33.5,33.2,33.0,32.7,32.6,33.3,33.5,32.0,32.9,33.0,33.5,32.7,31.6,32.4,34.0,31.8,32.9,32.7,32.0,31.9,33.5,33.7,32.7,31.8,32.1,34.2,35.0,33.7,34.4,32.8,33.4,32.5,32.7,32.6,33.2,32.3,32.2,33.2,32.9,32.4,32.1,32.9,33.4,32.7,31.6,32.4,33.8,31.8,32.2,33.0,33.1,32.3,32.2,32.7,34.1,32.9,32.2,33.4,33.3,34.2,33.5,33.1,33.2,32.7,32.6,33.4,33.6,32.7,32.2,32.4,32.1,31.1,33.1,32.3,32.5,32.4,32.3,32.5,33.7,32.9,32.6,33.1,32.9,32.9,31.9,32.3,33.1,32.5,33.2,34.0,34.1,33.5,33.7,33.7,33.1,32.7,32.9,33.4,32.9,32.9,32.0,32.0,33.4,32.6,31.6,32.7,33.8,32.9,32.4,33.4,32.5,33.1,32.3,33.2,32.5,32.5,31.4,32.6,33.0,34.0,32.8,33.7,33.6,33.6,33.8,33.6,33.6,33.8,31.7,33.4,33.2,31.5,32.6,32.8,32.7,32.1,31.7,32.9,33.5,32.1,31.9,33.5,32.5,31.8,32.4,32.1,33.2,32.5,32.2,33.4,33.4,32.9,33.6,34.4,34.1,33.2,32.7,34.1,34.0,34.2,32.7,33.2,33.7,32.8,32.4,32.4,32.5,33.2,30.7,32.7,33.3,33.1,32.5,32.6,32.8,32.2,31.8,32.6,33.0,32.6,32.6,32.3,33.0,32.1,33.3,32.3,34.4,33.9,33.3,34.0,33.2,32.3,32.4,33.4,33.3,32.4,33.3,33.2,32.7,32.2,32.1,33.2,33.8,31.4,32.0,32.8,32.9,32.4,33.0,32.3,32.7,33.0,32.9,32.9,33.2,32.6,33.5,33.8,33.9,32.8,33.6,34.0,34.5,34.4,34.0,34.6,33.9,33.3,32.5,33.0,32.9,32.4,32.2,33.3,33.5,33.1,31.6,33.4,32.7,33.0,32.2,32.8,32.9,33.4,32.6,33.9,33.7,32.9,33.2,33.1,34.2,33.8,33.2,34.5,34.1,34.3,34.3,35.4,33.5,33.2,32.9,32.6,33.7,32.9,32.8,32.9,32.8,32.9,32.5,33.3,33.1,32.9,32.7,32.4,32.3,32.0,32.7,33.4,33.4,32.4,33.4,34.0,33.2,34.3,34.3,34.0,34.4,33.7,33.8,33.9,33.7,32.9,32.7,33.0,32.7,32.8,31.3,31.7,33.3,33.3,32.7,32.6,33.2,32.7,nan,33.3,33.5,33.1,31.6,33.4,33.4,33.5,33.0,34.3,33.6,32.5,33.0,32.0,33.6,33.9,33.4,34.1,33.9,32.9,32.9,33.1,33.6,33.1,32.4,33.6,33.9,32.6,32.3,33.1,32.9,32.6,32.9,33.1,33.1,33.3,32.1,33.8,33.1,32.1,33.1,33.4,33.2,33.8,33.1,33.5,33.7,33.3,33.3,34.6,34.4,33.4,31.9,33.3,33.6,32.8,32.6,32.9,32.5,32.5,32.7,32.7,32.8,32.7,32.2,33.3,33.5,32.8,32.6,32.9,33.1,32.7,32.1,32.8,33.9,33.2,33.9,33.9,34.0,32.7,33.2,34.4,34.5,32.7,33.3,32.5,33.8,32.4,32.8,33.3,32.9,31.9,32.2,32.8,33.6,33.1,33.3,34.0,32.6,32.8,32.7,32.9,33.8,33.5,33.1,33.9,33.6,32.6,33.4,33.7,33.7,33.3,33.3,33.5,34.8,32.3,32.8,34.2,33.7,32.6,32.3,33.0,32.5,32.3,32.4,32.0,32.9,32.5,32.1,33.7,32.6,33.5,32.6,33.4,32.3,32.8,32.4,33.2,32.6,32.6,33.8,32.7,33.3,33.3,33.0,33.9,34.6,32.9,33.3,32.6,33.8,31.9,33.6,33.5,33.2,32.8,32.7,33.3,32.4,32.2,32.5,33.7,32.4,32.8,33.1,33.7,34.3,32.6,32.8,33.1,33.6,33.7,32.5,33.9,32.9,33.7,33.2,35.4,35.1,32.4,33.1,33.3,33.6,33.3,32.9,33.1,33.2,32.4,32.2,32.4,32.6,32.6,31.9,33.3,33.5,32.7,33.2,33.1,33.2,33.1,32.4,33.1,33.2,33.3,33.5,32.0,33.6,34.2,34.6,34.7,36.8
1785303279.6458929,480,32.8,31.8,32.3,32.5,33.5,33.1,32.9,30.8,33.7,32.7,33.1,32.0,33.3,33.2,32.9,32.8,32.6,33.7,32.8,32.6,32.4,33.0,33.1,32.0,33.3,32.8,32.5,31.0,32.9,33.9,32.4,31.8,33.9,33.0,32.4,33.1,31.6,32.9,31.8,33.0,32.8,33.0,31.5,32.4,32.3,32.1,31.5,32.0,33.0,32.9,31.5,34.3,33.0,31.9,31.5,31.7,32.6,32.7,31.3,32.9,34.3,33.1,33.4,32.9,33.1,34.5,32.3,31.2,33.3,32.0,32.9,32.1,33.1,32.6,31.7,32.6,33.0,33.2,31.6,33.2,32.6,32.3,32.8,32.5,32.0,33.1,32.8,32.1,33.5,33.4,31.7,32.8,34.2,33.5,31.7,31.7,31.7,31.9,32.4,33.1,32.1,33.4,31.8,32.6,32.6,33.9,32.3,31.6,32.2,32.4,31.8,32.7,33.2,32.9,31.8,32.8,33.2,34.3,32.3,32.0,32.5,32.7,32.0,32.7,34.5,33.5,32.1,32.7,33.1,32.8,32.8,31.6,32.9,32.5,32.3,31.4,32.3,32.8,32.3,31.5,32.3,33.4,32.0,31.7,31.9,32.7,32.7,32.2,32.4,34.2,31.8,33.6,33.4,33.6,32.4,32.1,33.8,33.4,32.7,32.4,33.4,32.5,32.5,33.2,32.0,32.6,32.2,33.8,32.7,32.4,31.3,33.1,33.2,32.9,31.9,32.4,32.8,32.6,31.4,33.1,33.3,32.4,32.5,33.5,33.2,33.4,33.4,33.1,31.9,32.5,31.5,33.6,32.4,32.4,32.1,31.7,33.0,32.4,32.1,32.3,33.3,32.6,32.7,31.7,32.2,32.7,32.4,32.1,32.4,33.2,32.2,32.5,33.6,32.6,32.4,33.3,34.3,34.4,33.5,32.2,33.8,33.7,33.2,32.1,32.5,33.2,32.1,31.8,33.4,32.3,31.4,32.4,32.7,32.7,32.5,32.4,32.9,32.3,32.6,32.5,33.1,32.8,32.1,32.3,33.5,31.8,32.8,34.0,34.8,33.8,33.8,33.0,33.3,33.7,32.4,32.6,32.7,32.9,32.9,32.5,32.6,32.4,33.0,32.0,32.9,32.8,33.5,33.0,32.4,32.6,33.4,32.4,32.9,33.2,32.6,31.9,33.1,33.4,31.6,33.1,33.2,34.1,33.0,32.9,32.7,32.9,32.6,32.5,32.6,32.6,32.4,32.9,33.1,32.7,31.9,34.0,34.4,32.4,32.7,32.3,32.8,32.8,32.4,33.3,32.6,32.3,32.6,33.1,32.6,32.7,32.8,33.2,34.1,34.2,34.0,34.1,33.8,32.8,31.3,33.8,32.7,33.3,33.2,32.7,33.1,32.8,31.8,31.8,32.1,32.4,32.4,33.3,32.9,32.8,32.9,31.8,33.4,32.9,32.7,32.1,34.0,33.7,33.0,32.8,33.4,34.6,33.7,32.5,32.9,34.0,33.6,32.0,32.2,32.4,32.1,33.4,32.3,33.4,32.7,33.3,33.0,33.1,32.8,32.7,33.6,33.3,32.1,33.3,31.6,32.3,32.6,32.5,33.6,34.3,32.3,33.0,33.4,33.5,33.8,33.7,34.0,34.4,32.9,33.4,33.4,33.6,32.8,33.2,33.4,33.4,32.7,32.3,32.4,32.4,32.4,31.9,32.8,32.9,32.8,33.0,33.9,34.0,33.1,33.0,33.4,33.4,34.7,33.1,34.6,34.5,33.6,33.3,34.2,33.7,32.8,33.0,33.3,32.6,32.3,32.3,32.6,33.1,31.9,33.1,32.5,33.0,32.1,33.1,33.0,32.7,32.0,32.7,32.8,33.3,33.6,33.3,33.3,33.3,33.3,33.5,33.6,33.8,33.0,33.7,33.8,33.9,33.1,32.9,33.2,34.0,32.8,32.6,33.6,32.0,33.6,32.7,32.7,32.6,33.6,32.0,33.4,32.3,32.9,32.2,33.1,32.9,32.3,32.6,33.1,33.7,33.8,33.0,34.1,34.0,33.3,33.8,32.9,34.4,34.4,33.0,32.7,32.9,31.6,32.9,32.7,32.7,32.3,32.1,33.0,32.8,33.3,33.0,33.3,32.5,32.8,33.1,33.8,33.5,33.1,33.1,33.5,32.9,33.7,34.5,33.8,33.7,33.7,33.9,33.0,33.0,33.5,33.3,33.7,33.2,32.2,32.3,33.2,32.8,32.2,32.4,33.6,32.6,32.9,32.3,33.4,32.9,32.3,31.7,33.2,32.9,32.4,31.6,33.4,33.0,33.8,33.1,33.8,34.2,34.0,32.3,33.9,33.7,34.1,33.4,33.0,32.4,31.5,33.1,33.4,33.2,32.5,32.1,33.7,33.2,32.7,33.8,33.0,nan,32.5,31.9,33.2,32.7,32.8,33.6,33.5,33.0,33.4,34.1,34.5,33.9,33.2,33.1,35.2,34.7,32.5,32.9,33.1,32.1,32.2,32.6,34.2,33.2,32.9,32.7,32.9,32.9,33.4,32.4,32.6,32.6,33.1,33.3,32.3,32.6,32.8,32.1,33.4,32.8,33.1,33.5,33.8,33.7,34.4,33.9,33.5,34.3,33.7,32.4,33.0,33.4,33.2,32.6,32.9,32.8,31.3,33.8,33.9,33.4,32.7,33.0,33.4,32.2,31.7,32.7,32.4,32.6,31.9,34.1,33.0,33.1,33.4,33.2,33.9,33.2,32.5,33.4,33.9,34.0,33.2,33.1,33.0,33.0,33.1,32.6,32.9,34.0,32.6,33.7,32.8,32.9,32.8,32.8,33.1,33.5,33.1,32.8,33.3,32.9,32.2,32.3,33.6,33.2,33.8,32.6,33.5,33.7,33.7,33.0,34.9,34.1,33.3,34.3,34.6,32.5,32.0,34.1,33.5,32.6,31.2,33.6,32.9,32.4,33.1,33.4,33.2,32.9,32.6,32.6,33.7,33.2,32.7,33.6,32.9,33.2,32.9,32.7,33.9,34.3,32.2,32.9,34.4,34.0,32.7,33.7,34.1,33.2,33.7,32.6,34.1,32.0,32.2,31.8,32.6,33.5,32.6,32.4,33.1,33.5,31.5,32.5,32.4,32.8,32.6,33.7,33.3,33.5,32.6,32.9,33.3,33.3,33.7,33.0,33.9,35.0,34.5,34.6,33.9,33.7,32.0,32.5,33.6,33.1,31.8,33.4,33.0,32.2,33.0,32.1,33.2,32.6,32.8,33.0,33.5,33.3,33.0,33.4,33.1,33.1,32.6,33.2,33.3,33.1,33.3,33.8,33.5,35.7,35.1,36.6
1785303281.7945776,481,32.5,32.0,32.8,32.1,31.9,32.7,32.2,32.0,31.3,32.2,32.5,32.7,30.9,32.3,32.4,32.7,32.6,32.3,32.6,32.5,31.5,31.6,33.3,31.7,31.1,32.1,32.3,32.0,33.6,33.8,33.4,32.4,33.0,31.4,32.5,34.3,33.9,32.0,32.6,32.3,32.5,32.0,32.3,32.6,33.7,32.0,32.5,32.5,32.6,31.6,32.0,33.3,34.4,31.2,31.8,32.9,32.3,32.9,33.1,33.7,34.0,33.1,32.5,32.6,32.6,33.7,31.9,33.2,31.8,31.9,32.9,32.4,31.8,33.2,32.4,32.0,32.1,32.4,32.6,32.6,32.3,32.7,33.0,32.6,31.3,31.0,32.6,33.0,32.8,33.3,31.7,32.1,33.4,32.5,32.7,33.0,32.3,32.3,32.8,33.8,31.8,31.3,33.7,32.2,33.3,31.9,32.5,32.0,32.4,32.0,32.6,31.9,32.1,32.1,32.6,32.6,32.4,32.7,32.2,32.2,32.7,32.7,33.5,33.1,32.9,32.9,32.6,33.4,32.4,32.7,33.5,33.4,31.5,32.6,32.7,31.7,31.9,32.5,31.9,32.2,31.8,32.6,32.3,32.4,32.4,33.4,33.0,31.8,32.2,32.5,33.4,33.0,33.2,32.6,33.0,32.6,32.0,32.3,33.4,33.2,32.6,31.1,31.1,32.6,31.9,31.1,32.3,32.1,31.9,31.5,33.3,32.9,33.0,31.7,32.0,32.6,32.3,31.6,32.3,32.8,32.3,33.1,34.2,34.7,33.8,32.5,32.3,33.5,32.6,33.3,32.7,33.0,32.2,32.5,32.3,32.4,31.4,32.7,32.8,32.0,31.4,32.5,32.1,32.1,32.2,32.4,33.0,32.3,32.3,32.5,33.2,33.0,32.2,32.6,33.7,33.7,33.4,33.5,33.0,33.2,32.8,32.4,33.6,32.8,32.4,32.5,32.9,33.0,31.8,31.5,33.5,33.3,31.6,31.5,32.3,32.8,32.3,32.4,32.2,33.0,31.3,32.3,31.7,32.7,32.4,32.5,34.0,34.6,33.4,32.6,32.8,32.4,32.4,32.7,32.1,32.8,32.1,32.8,31.5,32.4,32.6,32.7,32.7,32.9,31.5,32.9,31.9,33.6,32.3,32.2,32.7,33.4,33.4,32.0,33.0,32.8,32.4,32.3,32.6,33.8,33.5,33.0,33.0,33.5,31.4,31.7,33.2,34.4,31.9,31.1,32.9,33.8,31.9,32.5,32.1,33.4,32.2,31.8,32.5,33.1,32.7,32.5,32.3,31.8,32.4,32.3,32.5,32.3,32.4,32.7,33.0,33.7,33.3,34.2,33.4,33.7,32.2,32.4,32.4,33.6,32.1,32.6,32.6,32.2,31.5,32.5,33.0,32.6,32.4,32.6,31.9,32.3,32.9,32.7,32.7,32.0,32.0,32.8,32.9,32.4,33.4,33.1,33.4,33.3,32.7,33.5,33.2,33.4,33.4,33.2,33.6,32.1,32.1,31.4,32.4,32.9,32.2,32.2,33.5,33.1,32.5,32.4,32.2,32.8,32.9,32.5,32.5,32.2,33.2,32.8,32.2,32.4,33.3,33.3,33.0,33.3,33.8,33.3,33.7,33.6,33.9,32.8,33.4,33.4,32.4,33.0,32.0,33.3,32.9,32.4,33.6,32.1,32.7,32.8,32.4,33.0,32.4,32.3,33.1,32.7,32.8,32.5,32.6,33.5,33.4,33.7,34.1,33.7,32.7,33.2,33.9,34.1,33.1,33.9,33.2,33.1,33.0,31.8,33.2,32.5,32.6,32.2,32.1,33.5,33.7,32.5,32.2,33.5,32.7,32.1,32.7,32.6,32.7,32.4,32.4,33.8,33.4,33.5,33.4,33.4,33.3,32.7,34.1,33.2,33.6,32.8,33.4,33.0,32.0,32.6,33.0,33.6,31.6,31.7,33.4,32.8,32.1,32.8,32.8,33.2,31.8,32.7,33.7,33.0,32.6,33.3,33.3,34.0,33.1,33.2,33.8,33.7,33.4,32.9,33.3,34.1,32.4,33.4,32.8,32.7,33.0,31.5,33.2,32.7,31.3,31.9,32.7,33.1,32.7,32.6,32.4,32.0,32.1,32.1,31.9,32.9,32.7,32.2,33.5,34.2,33.4,33.0,33.6,33.4,33.0,33.2,33.8,33.8,32.9,32.6,33.6,32.1,33.0,32.9,33.0,32.5,31.8,32.6,33.2,32.8,32.9,32.1,32.6,33.0,31.6,33.0,33.1,32.5,33.1,32.7,33.1,33.7,32.9,32.7,32.6,33.4,33.1,33.7,34.0,34.5,32.7,32.5,34.5,33.1,33.5,32.6,33.2,32.7,32.5,32.8,32.3,32.3,32.7,32.7,32.6,33.0,32.9,nan,33.1,32.9,32.6,32.4,33.4,34.7,33.7,32.5,33.3,33.4,32.6,33.2,33.3,33.6,33.1,33.0,34.4,34.7,33.5,33.3,32.5,32.7,32.4,32.4,33.4,33.3,32.1,33.1,33.1,33.2,32.1,33.2,32.6,33.7,32.8,32.0,33.1,33.7,32.6,32.2,32.9,33.9,33.1,33.7,33.1,33.3,32.3,34.2,34.8,33.9,31.8,32.7,32.5,33.0,33.3,32.3,32.9,32.9,32.6,32.5,33.1,33.9,32.8,31.9,32.3,33.0,32.5,32.1,33.3,33.9,34.3,32.9,33.6,33.2,32.6,33.7,33.3,33.4,34.0,32.3,33.1,33.5,32.7,34.0,32.5,33.6,32.0,32.7,33.5,32.8,33.1,32.6,32.3,32.1,33.0,32.9,32.4,32.5,34.0,33.3,33.3,33.9,35.1,34.8,34.0,33.0,32.6,33.2,34.3,34.2,33.5,33.8,34.1,34.6,33.6,32.3,32.5,33.0,32.6,32.8,33.2,32.7,32.8,31.5,32.5,32.2,33.1,31.9,33.0,33.1,32.6,31.7,33.1,34.1,34.3,33.7,33.8,34.2,33.3,33.0,32.9,33.5,32.5,33.6,34.6,35.7,32.7,32.4,33.3,34.0,32.7,32.1,32.7,32.2,32.0,33.0,33.0,32.0,32.8,32.7,33.8,33.2,32.8,32.0,33.5,32.5,33.7,33.1,33.3,33.2,32.8,32.1,33.5,34.3,33.7,35.1,34.9,35.1,33.1,32.1,32.2,34.2,32.4,31.3,32.7,33.2,33.1,31.8,33.3,32.8,32.7,32.1,34.1,32.8,33.2,32.6,32.5,33.5,32.8,33.5,33.0,33.3,32.9,32.2,34.8,32.8,33.8,34.0,34.5,35.9
1785303284.0486045,482,32.7,33.1,32.9,32.6,32.3,32.5,32.5,33.4,33.4,32.4,32.6,31.9,33.1,32.3,32.5,33.1,31.9,32.7,33.0,33.3,33.1,32.4,32.6,33.5,33.2,32.3,33.9,33.8,33.3,32.6,33.8,33.2,31.4,32.1,33.5,34.4,32.1,31.5,32.8,32.9,32.7,33.7,32.5,31.4,32.2,33.5,33.3,32.2,32.0,32.8,32.2,33.0,32.5,33.7,32.0,33.0,31.9,33.2,33.5,33.6,33.6,34.1,32.8,33.8,33.2,32.2,32.2,33.7,32.4,32.4,32.2,32.2,33.2,32.7,31.2,33.1,33.6,32.5,31.5,33.3,32.7,33.1,32.7,32.4,32.6,32.2,32.3,33.2,32.3,31.8,32.8,33.1,33.3,31.9,32.6,33.5,33.1,33.2,31.6,32.3,31.2,32.4,32.1,33.5,32.3,33.3,32.0,32.4,32.4,32.8,32.4,31.9,33.0,33.0,33.0,33.0,32.4,31.9,32.8,33.4,32.0,33.7,32.7,32.4,33.5,32.6,33.8,33.3,33.2,32.2,32.5,32.6,32.6,32.6,32.8,32.9,32.7,33.2,32.5,32.1,33.6,33.4,33.1,31.9,33.7,32.6,32.9,32.0,32.6,32.6,33.3,32.8,32.9,32.6,32.5,33.4,34.5,32.5,33.5,33.0,32.1,33.7,32.2,31.6,31.5,32.7,33.4,32.8,31.7,33.3,32.1,32.4,32.1,32.5,32.5,33.3,32.8,33.3,32.5,32.2,33.0,32.5,33.3,33.9,33.3,33.2,32.7,32.8,32.8,34.0,32.7,32.9,33.9,33.2,32.0,33.2,32.1,32.5,32.7,32.7,33.2,32.2,32.9,32.3,33.1,32.6,32.9,33.0,33.3,32.0,32.3,32.7,33.1,32.2,33.1,33.8,35.4,33.7,33.4,32.6,32.9,33.4,32.7,33.3,32.7,33.1,32.7,32.1,32.9,33.5,33.3,33.0,31.9,32.8,32.3,33.0,31.9,32.3,32.5,32.2,32.5,33.2,32.8,32.6,33.0,33.2,33.0,33.2,34.2,35.1,33.7,32.1,32.8,32.6,32.7,32.9,33.7,32.0,32.2,31.8,31.6,32.3,33.3,33.5,32.9,33.1,31.8,33.1,33.0,31.5,32.3,32.8,33.4,32.3,32.9,32.8,33.1,32.5,32.3,34.2,33.9,33.5,32.0,33.2,33.3,32.4,33.5,32.8,32.7,32.5,32.5,31.8,32.8,32.2,33.2,33.0,32.9,33.5,32.8,33.3,32.7,32.4,31.9,33.3,32.5,33.5,32.0,32.1,32.2,33.1,33.2,33.9,33.8,33.7,34.2,34.1,31.7,31.9,32.6,32.7,32.2,32.2,33.5,32.8,33.4,31.6,32.7,32.6,33.1,32.6,31.9,33.0,33.3,32.7,33.8,32.4,32.8,32.7,32.6,32.9,33.5,33.5,33.9,33.2,33.8,33.2,33.6,34.1,33.9,32.5,32.9,33.1,32.1,32.1,32.4,32.0,31.7,33.3,32.3,33.0,32.5,33.3,33.0,33.4,32.9,32.9,33.2,32.7,32.6,33.0,33.2,32.6,34.4,34.0,33.5,34.2,33.7,33.2,33.7,33.1,33.0,33.1,32.2,32.5,33.1,32.0,32.7,33.3,32.6,32.2,31.5,31.7,32.6,32.3,33.3,32.6,32.5,32.3,33.1,32.7,33.0,32.5,32.3,33.8,33.3,33.5,33.5,33.7,33.3,32.9,34.0,34.3,34.1,32.8,33.1,33.3,32.5,32.9,31.8,32.2,32.5,32.8,33.2,33.0,32.7,33.2,32.0,33.0,31.9,33.4,32.4,32.5,32.6,32.9,32.9,32.9,34.2,33.7,34.5,33.4,34.5,34.2,34.4,33.4,32.3,32.9,33.6,33.7,33.8,33.3,32.5,32.9,33.9,32.0,34.0,34.0,33.1,32.6,32.8,32.7,33.3,32.2,32.7,33.2,33.2,33.2,33.8,33.8,33.8,33.2,33.8,33.4,34.0,32.9,33.9,33.7,34.1,33.6,33.1,34.5,32.0,32.6,32.8,32.4,32.2,32.8,32.7,32.4,31.5,33.0,32.7,32.7,31.9,32.8,31.4,33.1,32.9,33.1,34.0,34.4,32.9,33.7,33.7,33.8,33.7,34.6,33.9,34.2,33.4,33.8,34.2,33.2,33.1,33.3,33.5,32.7,33.1,31.3,32.8,32.8,33.5,32.6,32.8,32.8,32.3,32.3,32.5,33.2,33.0,32.8,33.3,34.2,33.1,33.0,33.2,33.4,34.0,33.2,34.0,33.4,33.6,33.0,32.8,33.1,32.9,32.5,32.4,32.6,32.5,32.9,32.9,32.5,33.1,32.6,32.1,33.1,32.3,nan,33.4,32.1,32.7,32.9,33.5,33.6,32.7,33.6,34.6,33.1,32.9,33.6,34.5,33.9,33.1,34.0,34.2,34.0,34.3,32.2,31.9,33.3,33.6,33.1,32.1,32.8,32.6,33.3,33.0,32.3,33.0,33.5,32.5,32.0,33.2,33.3,33.7,33.5,32.8,33.4,32.6,33.2,33.9,33.9,33.9,33.6,33.9,34.0,34.7,33.9,33.6,32.9,32.9,33.1,33.1,32.3,32.9,33.7,32.6,33.1,32.6,33.3,31.3,33.0,32.9,33.4,32.5,33.4,34.0,33.2,32.9,33.6,32.8,32.8,33.5,34.2,34.2,33.5,33.1,34.1,33.5,32.6,34.4,33.8,32.6,33.4,33.4,33.3,32.8,33.2,32.7,32.1,33.0,31.8,32.2,32.7,33.4,32.0,33.6,34.3,34.0,32.9,33.5,33.7,34.3,33.6,33.4,33.4,33.4,34.0,34.8,33.6,32.8,35.0,32.7,32.9,33.2,33.1,33.6,33.7,32.4,33.0,32.2,33.7,33.3,32.6,32.6,33.5,33.2,33.3,34.6,35.0,34.3,33.2,33.1,34.3,33.3,32.5,33.3,33.3,33.9,33.2,33.3,34.1,35.6,34.1,31.9,32.6,33.6,32.9,33.8,33.9,32.4,32.2,33.0,33.2,32.9,32.9,33.4,32.0,31.6,32.7,34.2,33.9,33.9,33.4,34.1,33.1,33.0,33.6,34.0,32.3,33.8,33.5,33.4,34.7,34.2,34.7,32.2,33.9,33.5,33.5,33.5,33.6,34.2,33.1,32.7,32.5,32.3,33.0,32.7,33.0,33.8,32.7,32.3,33.7,33.8,33.8,32.8,33.6,33.8,33.2,33.6,34.1,33.4,32.9,33.8,35.1,35.2,36.7
1785303286.198625,483,32.5,33.1,33.0,31.6,32.6,32.5,33.3,31.9,32.1,31.8,32.5,32.3,31.5,32.7,32.2,31.7,32.4,32.3,32.2,32.7,33.0,32.0,32.7,32.3,32.3,32.7,32.7,32.9,33.6,33.3,32.9,32.7,34.3,31.9,33.0,33.3,32.8,32.4,33.0,33.4,33.3,32.0,31.5,33.4,32.7,32.5,32.3,33.2,33.3,31.8,32.7,33.3,32.7,32.1,33.3,33.6,33.7,33.3,33.3,32.2,32.9,32.6,32.5,32.9,33.6,34.6,31.6,33.2,33.1,32.6,31.7,32.6,33.1,33.4,31.9,32.2,31.9,32.5,31.9,32.9,32.1,32.7,31.7,31.9,32.1,32.1,33.0,32.2,32.4,33.5,33.5,32.5,32.7,32.1,34.1,31.6,31.6,32.6,31.9,32.7,32.8,32.1,30.9,33.2,32.3,32.1,32.2,32.7,32.6,33.1,32.2,32.2,32.6,32.7,32.6,32.9,32.9,32.7,32.6,33.1,32.9,32.4,32.5,32.9,32.9,32.9,33.1,32.2,32.9,31.8,31.7,33.4,31.9,31.6,32.3,31.5,32.3,32.3,32.1,32.6,31.8,32.1,32.1,32.1,32.7,32.8,31.6,33.0,33.2,32.9,33.0,33.5,33.0,32.4,33.5,33.4,32.4,32.7,33.2,32.5,33.3,32.9,32.8,32.1,31.5,32.4,32.9,32.7,32.4,33.4,32.4,32.0,32.9,32.6,33.3,32.8,32.0,32.4,32.3,32.4,32.6,32.9,33.3,34.7,34.2,33.3,32.5,33.3,32.0,33.1,34.4,33.2,34.0,32.3,32.3,32.2,31.8,32.7,33.0,32.7,32.5,32.7,33.2,33.3,32.5,32.9,32.4,32.5,32.3,32.5,32.9,32.3,33.6,32.3,33.4,34.5,33.4,33.1,33.0,33.0,33.8,33.6,32.8,33.7,32.0,32.1,33.1,32.8,32.7,33.2,32.8,33.1,31.9,32.6,31.4,32.9,32.3,32.1,32.2,33.3,32.2,32.3,32.5,33.1,33.2,32.9,33.0,34.6,33.7,33.8,33.1,33.5,32.4,33.1,34.6,33.6,31.8,32.4,32.9,31.8,31.3,32.5,33.0,32.9,33.0,32.7,32.9,33.4,32.3,33.0,32.9,32.5,32.4,32.5,32.2,32.5,32.6,32.8,33.2,33.5,33.7,33.3,33.7,34.2,33.4,32.4,32.8,32.8,32.9,32.4,31.7,33.4,32.2,32.5,33.3,32.4,33.5,32.1,31.5,32.6,32.2,32.9,31.7,33.1,32.3,32.2,31.7,33.0,33.0,32.7,32.8,32.5,34.0,33.7,33.7,33.9,33.2,32.2,31.3,34.2,32.1,33.0,31.8,32.6,31.9,32.4,31.6,33.8,32.6,33.3,32.0,33.0,32.6,32.2,32.9,32.7,33.8,31.6,33.1,32.8,33.1,33.1,34.0,33.8,33.7,34.4,33.4,33.4,33.3,33.4,33.6,32.0,33.1,32.2,32.6,32.7,32.6,32.3,32.3,32.4,32.2,32.6,32.5,32.7,32.9,33.3,32.7,33.5,33.2,33.0,32.5,31.9,32.5,32.8,33.6,34.0,33.5,33.7,33.5,33.0,32.8,33.3,31.8,33.0,33.2,32.6,34.4,32.3,33.0,32.4,32.3,33.3,32.6,31.6,32.2,32.6,32.9,33.1,32.0,32.5,33.9,32.3,32.7,33.3,33.3,33.5,34.1,33.5,34.1,33.2,33.8,33.2,33.4,33.2,34.2,33.3,32.3,33.0,32.2,32.7,32.8,32.2,32.7,32.8,33.8,32.1,33.2,32.5,31.9,32.4,32.4,32.9,32.9,32.5,31.8,33.2,33.0,33.6,34.2,34.0,33.2,33.5,33.5,33.2,34.4,34.3,33.4,33.4,32.6,33.7,32.0,32.7,33.1,33.3,32.7,33.1,32.4,33.0,32.6,32.5,32.4,32.7,32.8,32.7,33.1,33.5,33.7,33.3,32.6,33.6,32.9,33.2,33.6,32.8,33.8,33.2,32.5,32.5,33.4,33.1,33.2,32.5,33.6,33.5,32.0,32.0,33.1,33.1,32.7,32.1,31.9,32.2,32.4,33.3,32.9,32.7,32.4,32.4,34.0,34.0,33.4,32.2,32.9,34.4,33.5,33.7,33.2,33.4,33.0,32.1,32.8,33.3,32.4,32.8,31.4,32.7,31.6,32.2,32.7,32.4,32.4,32.3,32.3,32.8,32.6,32.3,33.4,32.5,32.8,32.5,33.1,33.8,32.8,33.5,32.9,33.2,33.1,33.7,33.8,33.6,33.3,33.2,33.3,33.5,32.7,32.9,32.6,32.9,33.3,32.6,32.9,32.1,32.7,33.5,31.5,32.7,32.6,nan,32.6,32.0,33.4,32.9,33.4,33.9,32.4,33.4,33.8,33.4,33.6,33.5,33.4,33.8,34.4,33.0,34.0,35.1,32.2,32.6,32.0,33.5,32.0,33.1,32.7,32.8,32.8,32.6,33.4,32.3,32.1,31.8,32.3,32.2,32.8,32.7,34.1,34.2,33.6,32.7,32.7,33.2,33.3,33.5,33.3,33.6,32.9,33.4,33.3,33.5,32.5,33.4,32.8,32.6,32.7,33.4,32.1,32.7,32.8,32.5,33.6,33.2,33.5,32.7,32.9,34.2,32.6,33.6,33.8,33.6,33.9,33.2,32.2,33.4,33.8,33.0,32.0,34.9,33.3,33.6,33.5,34.1,35.0,33.1,33.3,33.1,32.5,33.5,32.2,32.8,32.6,32.5,33.8,33.5,33.0,32.9,32.4,32.9,34.5,35.5,34.8,33.4,34.0,34.4,33.8,34.3,32.8,33.0,33.7,34.0,33.7,34.0,34.1,33.3,32.9,33.2,32.7,33.2,33.0,32.3,31.7,33.6,33.1,32.4,33.5,32.9,33.0,32.7,32.6,33.4,34.6,34.6,33.8,34.1,34.0,33.6,32.8,33.1,32.4,33.8,32.5,33.1,33.3,34.2,33.3,35.0,32.9,34.4,33.3,33.1,32.7,33.9,32.6,32.0,31.9,33.4,32.2,32.9,33.0,32.6,33.1,33.9,33.6,33.2,33.5,33.7,33.0,33.8,33.9,32.8,33.3,32.3,31.9,33.5,33.7,34.7,34.5,35.6,32.9,33.3,33.5,33.6,33.0,32.5,31.7,32.4,32.7,33.3,32.5,32.6,33.2,32.6,33.4,33.0,32.5,32.8,32.8,34.1,33.2,32.8,33.0,33.3,34.3,33.1,34.8,34.0,33.4,35.7,34.3,35.4
1785303288.349903,484,33.2,33.7,32.6,31.7,32.2,32.4,32.7,33.1,31.6,33.3,32.2,32.0,30.8,32.8,33.2,33.0,32.3,32.3,32.1,32.3,32.5,32.8,32.8,32.6,32.2,33.6,32.8,33.2,33.7,33.2,33.3,34.1,32.8,32.4,32.4,33.2,34.0,31.7,32.3,31.6,33.2,32.5,32.0,32.1,33.2,32.6,32.4,32.6,33.2,32.2,32.6,33.3,33.6,32.0,32.8,33.3,32.8,32.2,32.3,33.8,33.2,32.7,33.1,32.3,33.7,33.3,32.2,32.4,31.9,32.9,32.8,31.8,32.4,32.6,32.1,31.7,32.3,33.0,32.5,31.8,32.5,32.1,32.7,32.2,32.7,33.2,31.8,32.7,33.2,32.5,32.4,33.0,33.3,33.3,32.1,33.6,32.7,32.0,32.0,33.0,32.7,31.8,31.8,32.3,33.2,31.8,32.5,32.6,33.4,32.1,31.8,33.0,32.4,32.4,32.2,33.5,33.1,33.0,32.7,33.0,33.0,33.0,32.4,32.6,34.5,33.0,32.5,33.0,32.5,32.8,32.5,33.1,33.0,33.5,31.7,32.2,31.8,33.3,31.4,31.8,32.2,32.7,32.4,31.9,32.6,32.7,31.9,32.1,32.1,32.4,32.7,33.3,33.6,33.2,33.2,32.1,32.3,34.0,33.3,32.2,32.7,31.7,32.1,32.4,32.4,32.5,32.4,32.4,32.9,32.1,32.7,33.8,33.2,32.5,32.7,31.8,32.1,32.5,33.2,32.2,33.3,32.3,33.4,33.9,34.1,33.0,32.8,33.6,32.1,32.0,33.0,34.4,32.8,33.3,32.8,31.3,32.7,32.0,33.4,32.5,32.0,33.5,32.4,32.2,32.4,32.4,33.4,32.4,32.3,32.9,33.4,34.1,32.6,32.8,33.3,34.3,33.3,33.8,32.3,32.3,32.4,33.1,32.7,33.6,33.2,31.7,33.0,32.7,33.6,31.8,32.7,33.0,31.7,33.1,32.7,32.7,33.4,32.0,32.3,33.0,33.1,32.8,31.7,32.7,32.8,33.3,34.1,33.5,34.8,33.5,33.1,33.4,33.5,33.4,32.6,34.1,32.2,32.7,32.4,31.5,32.7,33.0,32.9,33.4,31.8,33.0,32.4,32.5,33.1,32.9,33.1,32.6,32.3,33.6,32.4,32.6,31.8,33.1,32.8,33.4,33.1,34.3,33.1,33.3,32.4,33.9,33.7,32.7,33.7,32.0,32.6,32.7,33.6,32.6,32.2,32.1,33.3,31.6,32.1,32.7,32.5,32.2,32.6,33.7,33.1,32.5,32.0,32.1,32.6,32.6,32.4,33.4,34.1,33.5,32.9,33.4,33.3,32.8,32.1,32.5,32.6,32.7,32.1,32.3,33.4,33.2,33.2,32.7,32.9,33.5,32.2,32.1,33.9,32.9,31.6,32.5,32.3,32.5,32.5,32.5,31.7,33.2,33.3,33.3,33.8,34.0,32.9,33.5,33.5,33.5,32.9,32.8,33.9,32.3,32.9,33.3,33.2,31.9,32.2,32.8,33.1,32.3,31.5,32.9,34.2,32.4,32.8,33.0,32.7,32.7,32.6,32.7,33.5,32.4,32.9,33.9,34.1,32.6,33.8,33.3,34.4,32.9,32.1,32.9,32.0,33.6,32.7,32.8,32.6,33.2,32.2,32.3,32.4,33.1,33.1,32.2,33.3,32.8,32.7,32.5,32.8,32.9,32.5,32.7,33.6,34.1,33.2,33.6,34.3,33.1,33.5,33.7,34.1,34.0,34.3,33.0,33.1,32.1,31.7,32.0,32.8,32.8,32.3,32.7,32.3,31.4,32.8,33.4,32.2,32.1,32.0,32.9,33.5,32.6,32.4,32.9,33.0,33.9,34.5,33.9,35.0,33.2,33.1,33.1,34.6,33.1,33.1,33.7,32.9,33.6,32.7,32.8,32.8,32.7,32.9,33.4,32.6,32.6,32.8,31.8,32.3,32.1,33.1,31.8,31.7,32.5,33.1,33.9,33.3,33.4,32.8,33.5,33.7,33.8,32.8,32.6,33.7,33.0,32.9,33.8,33.8,33.0,31.6,32.6,33.2,32.1,33.0,32.7,32.8,32.7,32.2,32.2,33.2,32.3,32.7,32.9,33.3,33.1,33.8,34.4,33.5,32.8,33.2,34.3,33.8,33.6,32.8,33.5,33.1,32.7,33.3,33.8,32.3,33.4,32.5,33.2,32.9,33.0,33.1,32.4,33.1,32.9,31.8,32.4,32.4,32.5,33.9,32.2,33.0,32.9,33.5,33.8,31.8,33.3,33.3,33.1,34.9,33.7,34.0,33.7,33.4,33.5,33.2,32.8,31.9,32.3,32.7,33.0,32.3,31.9,32.5,32.7,33.4,32.2,32.5,33.1,33.4,nan,32.5,33.1,33.0,32.1,33.7,33.9,33.5,32.6,32.5,34.0,34.0,33.9,33.5,32.9,34.1,32.7,33.7,33.8,33.4,33.8,33.1,31.9,32.6,33.4,32.8,33.5,32.8,33.3,32.8,33.8,32.7,32.9,32.8,32.1,32.3,33.3,33.2,32.7,33.0,33.3,33.7,32.6,33.2,34.2,33.0,33.6,33.5,33.9,33.2,34.5,33.5,31.3,32.8,33.3,32.1,33.4,32.4,32.7,33.4,32.2,32.6,33.6,32.1,32.5,31.9,32.9,33.2,32.3,33.7,34.1,33.2,32.6,33.2,34.0,34.1,33.8,33.7,33.9,34.1,33.5,34.9,33.2,33.5,33.6,33.2,34.1,33.0,32.5,32.3,33.7,32.5,33.3,34.1,33.3,32.8,33.2,32.5,32.8,33.0,33.5,35.0,33.8,33.3,33.7,34.1,33.0,33.4,33.7,34.5,32.6,33.6,34.3,33.6,33.6,34.0,32.2,32.2,33.1,33.9,32.9,32.2,32.8,32.7,32.4,32.6,33.3,32.7,33.1,32.2,32.1,34.1,33.6,35.0,34.5,32.7,32.9,32.9,33.5,32.8,33.1,32.6,33.5,33.0,33.7,32.5,33.6,32.3,33.2,33.4,33.1,33.2,33.1,32.2,32.3,32.5,33.3,32.9,32.1,33.0,33.1,32.7,33.2,32.3,32.6,33.7,34.0,33.0,33.3,33.4,33.7,34.2,33.2,33.6,33.6,33.8,34.6,35.0,33.7,33.0,31.1,32.5,32.6,33.4,32.4,32.6,34.2,33.4,32.5,32.3,33.9,33.7,32.2,32.6,33.2,34.3,33.5,33.5,33.2,33.7,32.3,32.9,33.4,33.9,32.4,33.1,34.4,34.5,35.1,34.0,35.8
1785303290.3843522,485,31.9,32.4,33.0,33.0,32.4,31.9,33.5,32.1,32.3,32.1,32.3,34.1,32.8,31.5,33.1,32.2,32.6,32.1,32.6,32.5,32.8,31.7,32.5,32.0,31.9,32.0,34.2,33.7,33.4,32.5,33.9,33.8,31.8,31.9,32.4,33.6,32.0,32.0,32.7,32.5,32.2,33.2,32.0,33.4,31.6,31.6,32.6,33.6,32.1,32.7,33.5,32.5,31.7,32.5,33.2,33.6,33.0,32.1,33.0,34.8,32.5,32.1,32.1,32.1,31.3,31.8,32.3,32.4,32.3,30.8,33.1,33.3,32.5,32.6,33.0,32.8,32.3,31.8,33.0,33.0,32.3,32.5,33.7,32.0,32.5,32.5,33.0,31.4,33.3,32.8,33.1,33.3,32.7,31.8,33.4,32.9,31.2,32.3,31.5,34.7,32.7,31.5,32.0,33.0,32.3,33.0,32.7,33.2,31.3,32.0,32.3,33.3,32.1,32.4,32.0,33.1,32.0,32.0,32.3,33.1,32.1,33.1,32.4,33.1,33.2,32.5,32.8,34.1,33.1,31.6,32.6,33.1,32.3,32.3,32.7,31.4,32.6,32.1,32.1,33.0,32.8,32.0,32.8,32.7,32.9,32.2,33.0,32.6,32.0,32.9,33.2,32.4,33.2,32.7,32.8,32.3,32.0,31.8,34.5,33.5,32.9,32.9,32.3,32.8,31.2,31.6,32.6,32.9,32.0,31.8,33.4,32.2,32.4,32.1,31.9,33.1,32.4,32.1,32.7,32.8,32.3,32.2,32.9,34.0,33.1,33.1,33.0,33.7,32.3,33.1,31.9,34.7,32.9,32.4,32.5,32.9,32.4,32.4,34.1,33.7,31.9,31.6,32.8,32.7,32.2,32.9,33.7,33.1,32.7,32.0,32.9,32.3,32.6,31.6,33.7,34.6,34.1,33.4,33.7,32.7,33.2,31.9,34.2,32.7,31.9,32.1,32.1,32.8,31.9,32.7,32.9,32.5,31.7,32.6,32.2,33.8,32.8,32.1,32.3,33.0,31.8,32.5,32.5,33.3,32.8,32.9,33.8,34.6,34.1,34.2,33.1,32.2,32.1,33.3,33.3,33.6,32.3,31.9,31.7,32.9,32.4,32.0,32.7,33.4,32.2,32.2,33.2,33.9,33.1,31.8,33.4,33.1,32.7,32.6,32.1,32.8,32.4,32.3,33.4,33.1,34.2,33.1,33.0,33.8,31.9,32.0,33.2,32.3,32.4,33.2,31.0,32.7,31.4,32.1,33.4,33.8,33.0,33.4,32.4,32.5,32.6,32.8,33.1,33.0,31.3,33.1,32.9,33.3,32.5,31.7,33.3,33.7,33.3,33.7,34.0,34.6,33.1,33.3,33.1,33.4,32.3,31.7,33.0,32.9,32.2,31.9,32.6,33.1,31.9,32.9,32.7,32.9,31.9,31.5,32.6,32.8,33.8,32.6,33.1,32.0,31.7,32.6,33.5,32.8,33.0,33.6,34.3,34.4,33.5,31.8,32.8,32.0,32.2,32.2,33.5,33.1,32.3,31.8,32.2,33.1,32.3,32.6,33.3,33.0,32.2,33.1,33.1,32.7,32.0,33.0,33.1,33.3,33.0,33.6,33.4,34.1,32.8,33.8,32.3,33.5,32.6,32.8,33.7,33.6,32.1,31.3,34.0,33.4,32.9,32.6,32.7,32.7,31.7,32.1,33.7,32.4,32.8,32.9,33.1,32.6,32.3,32.0,33.2,32.7,33.4,32.5,33.4,33.5,33.7,32.5,34.3,33.2,33.6,32.2,34.2,33.0,32.2,32.6,33.9,32.5,31.8,32.7,33.5,33.1,32.1,32.1,32.5,33.1,32.4,32.4,33.1,33.4,33.0,33.2,32.7,33.5,32.3,33.7,33.5,33.4,32.8,32.8,34.7,34.1,32.9,33.3,33.7,35.2,32.0,31.9,34.3,33.8,32.9,30.9,32.9,32.7,31.6,32.4,33.4,32.8,33.4,32.1,32.9,33.1,32.8,32.1,33.6,33.8,33.9,31.8,34.1,33.3,32.1,33.0,34.1,34.2,32.7,32.0,34.0,33.2,31.7,33.1,32.9,33.5,31.8,32.0,33.7,32.8,32.5,32.1,32.2,33.2,32.7,32.4,32.7,32.7,32.1,33.0,33.5,34.7,32.8,33.0,33.0,34.1,32.8,33.7,33.9,33.6,31.5,32.8,33.9,34.5,32.6,32.5,32.4,33.4,32.1,31.7,33.3,32.2,32.2,32.2,33.4,32.9,32.9,32.5,33.2,33.8,33.2,31.8,33.6,33.3,33.7,32.6,34.3,34.0,33.8,32.8,33.8,33.5,34.0,32.8,33.7,34.2,31.9,32.9,32.5,33.9,32.1,33.0,32.5,32.6,32.7,32.9,32.2,33.7,32.1,nan,32.2,33.7,32.0,32.4,32.0,34.2,32.5,32.5,32.9,34.4,33.2,33.2,33.2,34.1,33.2,33.6,33.7,34.3,32.2,32.3,32.7,33.2,32.9,32.3,34.5,32.7,32.2,31.7,31.9,33.3,32.8,32.0,32.8,32.6,31.5,32.0,34.3,33.8,33.3,33.0,33.8,33.0,32.9,32.6,35.1,33.6,32.9,32.4,34.8,34.7,32.4,33.2,32.6,33.8,32.3,32.8,32.3,33.8,32.5,32.0,32.6,34.0,32.1,33.1,32.4,34.2,32.6,32.7,33.6,34.4,32.6,32.4,32.9,34.3,32.5,33.2,33.7,34.2,32.6,33.4,34.7,34.7,33.2,32.3,33.3,33.5,32.4,32.9,33.3,32.2,32.1,32.2,33.5,34.0,33.1,32.1,34.3,33.3,33.0,34.1,36.3,34.2,33.6,33.2,34.0,33.9,32.4,33.0,33.7,33.6,33.1,33.3,34.4,34.3,33.1,31.9,32.4,33.4,32.7,32.6,34.2,32.4,32.2,32.7,31.9,34.1,31.5,33.2,32.9,32.6,32.7,32.9,34.1,34.8,32.2,33.7,33.1,33.3,32.3,33.0,34.4,34.2,32.8,33.6,35.1,35.7,33.1,31.8,31.7,33.5,32.1,31.4,33.9,33.3,32.8,32.0,33.1,32.6,33.0,32.4,33.5,33.2,32.8,32.6,34.0,33.5,33.3,32.3,33.9,31.8,33.7,32.6,34.1,32.8,33.7,34.8,35.4,35.7,31.8,32.6,33.6,33.3,32.3,32.9,33.2,33.2,33.0,31.8,32.8,32.6,33.2,33.1,33.0,33.6,31.7,33.1,33.5,34.8,32.6,33.3,33.1,33.5,32.8,33.5,32.5,33.4,33.1,34.8,35.9,36.3
1785303292.4905236,486,33.0,31.5,31.2,33.0,32.4,31.9,32.2,32.3,32.9,32.7,32.3,32.9,32.6,32.0,32.4,32.6,32.4,31.9,32.6,33.2,33.0,31.7,32.3,32.4,31.5,33.2,32.5,32.3,34.0,32.3,31.9,32.2,32.5,31.4,33.3,32.6,33.3,32.4,32.0,32.3,32.8,33.2,33.2,31.8,33.2,32.9,32.1,32.7,32.5,32.0,33.2,33.6,32.6,32.7,32.2,32.5,33.4,32.9,31.9,33.3,33.0,33.3,32.4,34.1,31.6,32.3,31.9,31.9,31.8,33.1,33.1,33.3,31.8,33.3,31.9,32.3,32.8,32.1,31.7,31.2,32.8,32.3,31.6,32.8,32.3,32.2,32.1,32.7,32.6,33.6,31.1,33.2,33.4,32.0,32.9,32.4,33.1,32.3,32.4,31.3,32.5,32.3,32.4,31.4,32.6,32.7,33.2,32.5,32.3,32.7,31.8,32.6,32.4,32.6,32.2,33.3,32.9,32.4,32.5,32.2,33.0,33.1,32.2,32.7,33.8,33.1,32.7,32.5,32.9,32.6,32.2,32.2,32.1,32.3,32.5,32.8,31.7,31.7,31.9,32.1,32.2,32.2,32.0,32.9,32.4,32.5,32.0,33.1,32.2,32.2,32.3,33.4,32.9,32.3,31.4,32.5,32.8,33.0,32.9,33.1,33.4,32.0,32.3,32.8,32.6,31.5,32.0,31.9,32.9,32.2,33.0,31.0,33.2,32.9,33.1,32.1,32.1,32.9,32.2,32.1,32.9,33.6,33.9,33.8,32.5,33.8,33.8,32.6,32.5,33.1,32.1,33.0,32.9,33.7,32.5,33.3,32.4,32.6,31.9,32.3,32.6,32.6,31.8,32.8,33.2,32.4,32.4,33.0,32.7,33.2,32.4,32.8,32.9,32.1,34.0,33.6,35.1,33.6,32.6,33.3,32.5,33.1,32.3,33.8,32.7,32.1,32.7,32.0,32.7,32.7,32.7,33.1,32.9,32.9,32.4,32.9,34.0,32.6,32.4,31.8,32.3,32.0,32.4,33.1,32.6,32.8,34.4,34.6,34.0,33.7,32.9,33.0,32.7,33.5,34.1,32.3,32.3,31.8,31.9,31.9,31.7,32.6,32.3,32.7,32.2,32.3,32.0,33.4,32.4,32.7,32.6,33.5,32.9,33.4,33.0,32.3,32.9,32.6,33.2,33.6,33.7,34.8,32.8,33.1,34.0,32.3,32.4,32.7,33.4,32.2,31.4,31.9,32.5,32.3,32.7,32.7,33.4,32.4,32.7,33.8,32.4,32.8,32.7,32.2,32.3,33.0,33.1,32.8,33.3,33.0,33.1,32.7,34.7,34.0,32.6,33.9,33.4,33.5,32.2,33.4,32.1,32.1,32.6,32.9,32.4,33.7,33.0,33.4,32.7,32.7,32.5,32.6,33.2,32.6,32.6,32.5,30.2,33.2,33.5,32.9,32.3,33.4,33.2,33.3,33.5,33.6,32.9,33.2,33.6,32.4,33.2,32.8,32.6,31.8,32.1,32.9,33.4,32.5,32.4,32.4,33.5,33.1,32.6,32.7,33.3,32.5,32.9,32.7,33.0,32.3,32.6,32.2,33.4,33.2,32.8,33.3,33.4,33.3,33.8,32.7,33.8,32.3,32.5,33.0,33.2,32.9,32.8,33.3,31.6,32.5,32.0,32.7,32.9,31.9,32.9,33.2,32.3,32.6,33.1,32.8,32.9,33.1,32.6,32.2,33.3,33.6,32.1,33.9,33.2,33.8,33.6,33.9,32.9,33.3,33.6,33.4,33.1,31.6,31.3,32.7,32.9,32.7,32.4,32.4,32.8,32.1,32.6,32.5,33.1,32.4,32.8,32.9,32.6,33.3,32.5,32.4,33.4,33.2,32.8,33.4,34.8,33.7,33.5,34.1,33.5,34.1,33.9,33.8,33.2,34.2,32.6,32.8,31.8,32.7,32.5,34.1,33.5,32.2,32.8,32.9,33.1,32.6,32.1,32.6,33.1,33.9,33.1,33.6,33.1,33.6,32.8,32.6,33.8,32.4,32.9,34.2,33.5,32.8,34.6,34.0,33.6,32.7,33.5,32.7,32.5,32.9,33.2,32.6,33.0,32.6,32.5,32.5,32.8,32.7,32.8,32.7,33.1,32.7,33.3,33.9,34.3,33.0,34.3,33.2,33.5,33.2,33.0,34.8,32.8,31.9,33.3,33.9,32.4,32.7,31.8,33.6,32.0,33.2,33.2,32.4,32.0,32.9,31.9,32.8,32.9,32.1,32.6,32.0,33.4,33.6,31.8,34.3,33.6,32.5,33.1,33.4,32.8,33.6,33.4,34.1,33.3,33.1,33.3,33.2,33.4,32.2,32.7,32.0,33.4,32.1,32.4,33.2,32.5,32.2,32.3,32.7,33.7,nan,32.7,32.2,33.8,33.2,32.5,33.7,33.2,33.4,34.0,33.7,33.5,33.2,33.2,34.0,33.6,33.7,32.9,35.1,33.3,33.4,31.8,34.2,33.7,33.0,32.4,33.1,32.8,33.2,32.4,33.1,32.0,32.3,32.3,33.3,32.5,31.6,32.6,33.8,32.9,33.0,33.4,33.3,33.5,33.6,33.1,33.7,33.5,33.1,34.2,33.6,33.9,33.2,32.3,33.2,32.5,32.8,33.7,32.3,32.9,32.4,32.2,32.2,33.1,31.6,32.7,33.4,33.0,32.7,33.4,34.4,33.7,33.4,32.9,33.4,33.4,33.0,33.4,32.1,33.9,34.0,33.4,34.3,33.6,33.8,31.6,32.2,33.1,33.4,32.2,33.6,32.8,33.1,31.7,33.5,33.5,32.8,32.2,33.6,33.3,32.9,34.6,34.7,33.5,33.5,33.3,33.3,33.9,33.3,34.4,33.9,33.7,33.3,34.8,33.4,33.0,32.3,33.1,32.8,33.4,33.0,32.0,33.1,32.0,32.4,33.1,32.9,32.9,33.6,32.6,33.6,33.5,32.9,33.9,35.0,33.4,33.9,32.7,33.8,32.6,33.0,32.8,32.9,34.2,34.0,33.8,35.2,32.9,33.0,32.2,33.0,31.9,32.0,32.9,33.3,33.0,32.8,32.1,32.2,33.1,33.1,32.2,32.8,33.3,32.6,33.1,33.5,33.7,33.3,31.7,33.7,33.3,32.9,33.3,33.6,34.7,35.6,34.7,35.5,33.4,32.6,33.1,33.6,32.5,33.3,32.0,32.6,32.4,32.0,32.6,32.8,34.4,32.8,32.8,32.1,32.6,32.5,32.8,34.1,33.6,32.6,32.6,33.2,33.9,34.6,33.7,32.6,34.5,35.7,34.6,36.6
1785303294.7964458,487,32.4,31.4,32.1,33.1,32.5,31.8,31.2,32.4,32.8,31.6,32.2,32.7,34.1,32.1,32.1,32.5,31.9,31.2,31.5,32.0,33.6,32.5,33.0,32.7,32.4,32.7,33.4,32.7,32.3,31.7,31.2,33.7,31.1,30.5,32.0,32.5,31.9,32.5,31.3,32.6,32.3,31.7,32.7,32.1,32.7,31.8,32.5,32.2,31.8,31.8,32.2,33.0,32.5,32.0,33.3,32.2,32.7,31.5,32.9,31.9,34.0,33.1,32.5,33.0,32.4,32.2,32.0,32.5,32.8,32.6,31.6,33.2,32.8,31.2,31.9,32.5,32.3,32.0,31.8,33.3,33.0,33.2,32.8,32.7,32.7,32.8,32.5,32.8,32.3,32.4,32.8,33.5,32.2,32.1,32.3,32.6,32.8,32.5,32.3,33.4,32.4,32.4,32.9,31.1,32.5,32.2,32.5,32.9,31.4,32.2,32.7,32.3,32.5,32.6,33.1,32.5,31.9,32.8,32.8,32.1,32.2,32.4,31.9,33.1,31.9,32.7,32.9,32.8,33.2,32.0,32.1,32.8,32.4,32.4,31.6,32.3,32.1,33.2,32.5,32.1,33.5,32.3,32.4,33.1,33.2,32.8,31.5,32.8,32.1,32.4,33.1,31.9,33.6,33.8,32.1,33.8,32.7,33.1,32.1,33.2,31.9,32.6,32.4,31.1,32.5,31.1,31.9,32.7,32.4,32.1,31.9,33.3,31.5,32.6,33.1,32.5,32.3,33.0,32.1,33.0,32.0,32.3,31.9,33.2,33.3,33.8,32.5,32.0,32.0,33.2,33.3,32.6,32.5,33.2,32.1,32.6,32.6,31.0,32.5,32.0,32.0,31.8,31.8,32.4,32.3,32.6,32.4,32.3,31.7,32.7,31.8,32.5,32.1,31.7,32.6,32.6,33.6,33.5,33.1,32.4,33.3,32.2,33.1,33.0,31.8,33.3,33.3,32.7,30.9,31.0,32.2,32.1,32.1,33.4,32.9,32.0,32.2,32.2,33.2,32.0,31.7,32.2,32.7,31.4,32.4,32.5,33.0,32.8,34.9,34.2,33.3,32.7,32.2,34.0,33.6,32.2,32.1,32.0,32.2,32.8,32.3,32.1,32.5,32.4,31.7,32.2,31.7,31.9,32.1,32.8,32.8,33.0,32.3,32.2,31.9,33.1,31.8,31.2,32.6,33.7,33.6,33.9,32.4,33.4,32.0,32.6,33.1,32.6,31.9,31.4,32.1,32.5,31.5,32.4,32.5,32.4,30.0,31.8,32.1,32.3,32.4,32.0,31.2,32.7,32.8,32.0,32.2,32.1,32.2,32.1,32.5,32.2,32.8,34.0,33.5,34.1,33.7,32.5,32.4,32.7,32.6,32.0,32.5,33.0,32.5,32.7,31.4,32.4,32.8,32.6,32.4,33.1,32.8,32.7,32.3,32.5,32.3,32.0,32.6,32.7,32.2,32.7,32.4,33.5,34.3,33.5,33.3,32.7,33.5,31.9,31.7,33.1,32.3,31.6,32.6,32.3,32.8,32.6,31.9,33.1,31.7,32.8,32.7,32.4,32.6,32.5,32.0,32.7,31.0,32.1,32.4,32.1,32.2,33.4,33.2,32.9,32.2,33.5,33.0,32.7,32.7,31.9,31.2,33.5,32.9,34.3,33.5,32.1,32.2,32.7,31.0,32.6,32.6,32.0,32.1,32.6,32.2,32.5,32.2,32.8,32.5,32.3,32.1,33.3,32.5,33.5,34.0,34.3,33.6,32.5,34.5,33.2,33.7,32.3,32.7,33.1,31.5,32.9,32.4,32.2,32.1,32.9,32.1,32.3,32.2,32.2,32.0,32.7,32.6,32.6,32.7,32.1,32.5,32.6,32.7,31.8,32.9,32.9,33.2,33.7,32.2,33.2,32.8,34.0,32.1,32.5,33.4,32.7,32.9,32.8,32.5,33.5,32.2,33.1,32.0,33.3,32.9,32.3,32.8,33.0,32.8,31.9,32.6,32.7,32.7,32.3,32.0,34.0,33.4,33.3,33.8,33.5,33.8,33.2,33.7,33.9,33.3,31.8,33.5,33.7,33.5,32.8,32.0,31.7,32.7,31.5,33.1,32.8,32.0,32.2,32.1,31.9,31.8,32.1,33.0,32.1,32.7,32.4,32.7,33.4,32.7,33.7,33.7,33.4,32.9,32.9,33.0,32.7,32.9,33.1,32.6,33.4,32.7,33.3,32.5,32.5,32.4,32.7,32.6,31.5,32.9,32.6,32.3,32.7,32.9,32.2,33.3,32.7,32.8,32.4,32.3,33.3,33.6,33.0,32.6,33.2,34.0,32.9,33.5,32.9,33.5,32.8,32.9,32.5,32.5,32.7,31.2,32.2,31.4,32.8,33.9,31.8,31.9,32.9,32.4,32.4,32.1,nan,31.7,33.4,32.3,32.3,33.2,32.4,33.1,33.2,33.1,33.4,33.3,33.4,33.3,33.1,32.4,32.7,34.4,34.7,34.0,34.3,32.5,32.1,32.0,32.9,32.4,33.2,32.1,31.6,32.3,32.5,32.3,32.2,32.3,32.9,32.7,31.7,32.8,33.4,32.7,33.4,33.7,33.2,33.5,32.7,33.5,32.5,33.3,32.9,33.8,33.3,32.1,32.8,32.7,32.3,32.0,33.1,32.5,32.4,32.2,32.4,33.1,32.2,31.8,32.1,32.9,33.4,31.8,32.1,33.3,34.4,33.1,32.9,31.7,33.5,32.8,33.8,33.5,33.7,32.9,33.6,33.1,34.4,33.7,33.5,32.5,33.4,32.2,32.7,30.9,33.0,32.1,32.1,32.3,33.4,32.8,32.7,33.3,32.7,33.5,32.3,34.7,35.1,32.8,32.2,33.0,33.4,32.8,33.4,33.6,33.3,33.8,33.8,32.9,34.0,33.4,32.6,33.0,33.1,32.4,34.0,32.4,32.6,32.1,32.9,32.8,33.3,33.1,32.6,32.8,33.3,33.0,33.3,34.5,33.3,32.6,33.4,32.8,33.0,31.8,32.4,34.1,33.3,33.3,33.3,33.9,33.8,33.2,32.4,31.2,32.7,33.0,32.9,31.8,32.4,32.5,32.5,32.3,32.9,32.5,32.5,32.7,32.9,32.6,32.7,33.7,33.1,32.1,31.6,32.6,33.2,32.8,33.4,33.2,32.9,35.2,34.5,34.8,34.5,31.7,32.7,33.0,32.8,32.4,32.2,32.7,32.6,31.8,32.8,33.1,33.0,32.3,32.8,33.1,33.2,32.3,32.7,32.9,32.2,33.5,32.5,33.0,32.8,33.0,33.7,33.8,33.0,33.6,33.4,35.4,35.3
1785303296.8359594,488,32.4,32.8,32.6,33.9,32.9,32.3,31.4,32.8,32.8,32.8,31.2,32.1,32.3,32.3,32.5,32.9,32.7,32.0,32.8,32.5,32.3,32.9,31.0,32.3,32.6,33.1,33.2,32.7,34.8,32.2,31.7,32.7,31.4,31.6,33.5,32.2,33.5,32.1,32.0,32.0,32.7,32.3,32.9,32.3,32.9,32.2,32.0,32.2,32.0,32.0,32.3,31.3,31.8,32.2,31.6,32.4,31.5,32.4,33.5,31.9,32.9,32.9,32.8,33.5,33.4,33.9,32.0,32.1,31.9,31.7,31.4,31.4,33.0,32.1,32.3,32.7,33.0,32.2,31.8,32.7,32.2,33.8,32.5,31.9,32.4,33.0,32.5,33.2,33.2,34.3,33.0,33.8,33.0,31.9,31.6,33.0,32.8,32.9,31.6,33.0,33.2,32.8,31.9,32.1,32.7,32.4,33.1,31.8,32.6,32.4,31.5,32.3,32.3,33.5,32.3,31.9,32.1,31.7,32.4,31.7,31.8,32.6,32.7,32.1,33.5,31.7,32.6,33.0,32.5,32.5,31.6,31.7,32.6,32.4,31.7,32.9,32.7,32.7,31.8,32.1,33.0,31.4,31.9,32.9,33.1,32.0,32.4,33.5,32.2,32.8,32.9,34.4,33.6,32.8,32.1,32.8,32.9,33.1,31.5,33.6,32.4,32.1,32.4,32.9,32.7,31.9,32.1,32.4,32.5,32.1,33.0,32.3,32.6,32.5,32.1,31.8,33.1,32.3,32.6,31.3,32.8,31.8,33.6,34.0,33.0,33.3,32.9,32.3,33.0,32.4,33.1,31.8,32.3,33.2,32.6,31.8,31.9,32.5,32.3,32.4,31.7,33.1,31.7,33.3,32.6,32.3,32.1,33.3,32.6,32.7,30.9,33.5,32.3,32.2,32.8,35.2,34.0,33.1,32.7,33.9,32.7,33.0,31.6,33.0,31.5,33.0,32.7,32.9,32.6,32.7,32.1,32.3,32.6,32.8,31.9,32.2,32.2,32.7,33.0,32.4,32.5,32.8,32.2,31.9,32.2,32.2,32.3,34.5,33.2,33.7,32.4,32.1,33.2,33.0,31.5,32.2,31.9,32.0,32.0,32.6,32.5,33.0,32.0,33.3,32.9,32.4,31.2,33.3,32.5,32.8,32.0,33.4,32.6,32.7,32.0,33.6,31.8,32.5,32.6,33.7,34.1,33.5,32.0,32.6,32.9,32.4,31.9,32.8,31.9,32.5,32.5,32.3,32.4,33.1,32.3,32.4,33.5,32.5,32.3,32.0,32.8,31.7,32.3,33.0,33.0,33.3,32.2,32.7,31.6,32.1,33.3,33.1,33.3,33.7,34.2,32.2,32.3,31.7,32.8,32.3,32.2,32.2,31.7,32.0,32.7,33.3,32.2,33.8,32.8,32.9,30.7,33.2,32.3,32.8,32.3,32.2,31.7,33.1,32.6,31.9,32.3,32.7,33.1,32.2,34.1,33.9,33.3,33.4,33.5,32.8,32.5,32.5,32.7,32.9,32.8,32.7,33.1,32.2,31.9,31.8,33.7,32.8,34.2,31.9,32.9,33.2,32.8,32.4,33.8,33.2,32.2,31.4,33.0,33.4,32.2,33.2,33.8,32.9,33.4,33.4,32.7,32.7,32.4,32.3,32.5,33.3,31.3,31.9,31.3,32.2,33.1,32.2,31.8,32.5,31.8,33.3,33.1,31.9,32.3,32.8,32.2,33.0,32.1,32.9,33.5,34.1,33.3,33.5,33.1,33.0,32.9,34.1,34.8,33.6,31.7,32.9,32.8,31.3,31.4,31.8,31.9,32.2,32.3,32.7,33.0,31.5,32.5,31.7,32.1,33.1,32.6,32.4,32.6,31.8,31.8,31.9,32.7,33.4,33.9,33.9,33.5,33.4,35.0,33.6,32.1,33.4,32.4,32.9,33.1,32.6,32.3,33.7,32.2,32.7,32.6,32.1,32.8,32.5,32.5,32.5,33.0,33.0,32.3,32.7,33.0,32.8,31.8,32.7,33.1,33.6,32.1,33.4,34.5,33.0,33.7,34.3,32.6,33.2,34.3,34.5,32.8,34.2,33.2,32.2,32.6,32.5,32.5,33.0,32.9,32.0,31.9,32.1,33.1,33.1,32.9,32.8,32.3,33.1,32.7,32.8,34.3,33.6,33.9,33.1,33.5,33.6,33.1,33.3,33.0,33.8,34.2,33.0,32.1,32.9,32.9,33.3,32.9,32.6,32.2,32.4,33.0,33.1,33.8,32.7,32.0,32.2,32.6,33.3,33.4,33.2,32.7,32.7,34.1,33.7,32.5,34.0,33.7,33.4,32.6,33.4,34.3,33.0,34.4,33.7,33.3,32.3,32.2,33.0,32.5,32.9,32.2,32.1,33.2,33.4,33.7,33.1,31.5,nan,32.2,31.9,32.6,32.3,32.9,32.8,34.0,33.4,33.3,32.8,34.6,33.1,33.6,32.9,33.1,33.3,34.2,33.4,33.6,32.0,32.1,32.9,32.2,33.3,32.8,32.8,32.6,31.9,32.0,32.7,32.5,31.9,32.2,33.0,33.2,33.0,33.0,34.4,34.5,32.9,32.8,32.9,34.0,32.7,32.4,33.3,33.2,33.8,32.4,33.5,32.5,32.2,32.5,32.3,33.5,33.1,32.2,32.9,32.9,32.9,32.8,33.2,32.6,32.3,32.6,32.8,32.8,33.4,33.1,33.6,33.9,33.4,31.9,32.8,33.3,32.7,33.6,32.9,33.5,33.3,32.7,33.0,34.4,33.8,33.0,33.2,33.0,32.9,32.4,33.0,32.1,33.2,32.5,33.4,33.0,32.9,32.3,33.2,32.5,33.3,33.7,34.6,33.3,33.6,33.0,33.8,33.7,34.0,33.4,34.6,33.8,34.0,34.0,34.0,34.1,33.7,33.0,32.3,32.2,32.9,32.6,32.2,32.6,32.8,32.8,32.2,32.8,33.5,33.0,33.0,32.3,32.8,33.0,33.3,32.9,32.3,33.0,32.4,33.5,33.5,33.7,33.3,32.7,33.1,33.7,34.5,32.8,32.4,32.1,33.6,32.4,32.9,32.4,32.2,32.7,33.0,31.8,32.9,33.0,32.1,32.8,32.0,33.2,33.0,33.5,33.4,33.7,32.9,32.7,33.8,33.4,32.3,31.6,34.1,33.8,34.3,33.9,34.5,33.1,33.8,32.2,32.3,32.6,32.4,33.1,32.3,32.0,33.9,33.1,33.2,32.9,32.7,33.6,33.0,31.8,33.2,32.7,31.8,33.2,33.4,32.5,32.7,33.1,32.8,32.4,33.1,33.2,34.7,33.8,35.1
1785303299.0082648,489,32.5,31.8,32.2,33.7,31.4,32.4,32.2,32.7,32.3,31.1,31.7,33.0,29.7,31.5,32.0,32.8,32.2,31.7,32.4,33.6,31.8,33.2,32.3,32.0,32.5,32.6,33.1,32.8,33.6,32.7,31.8,33.0,33.6,32.7,32.4,32.8,31.3,32.0,32.3,32.5,32.4,32.0,32.2,32.6,32.8,32.3,33.0,32.5,32.1,32.5,33.0,32.3,33.2,32.1,31.9,32.5,33.2,32.1,32.3,32.6,33.0,32.6,32.6,33.1,31.3,33.3,31.6,32.8,32.4,32.9,32.5,33.7,31.6,34.0,31.8,32.5,30.6,33.3,32.3,31.9,31.7,33.0,32.2,33.2,32.3,32.7,31.5,32.9,32.0,33.0,32.5,32.8,33.1,32.4,32.6,32.2,32.9,32.3,32.9,33.3,32.5,31.9,32.6,32.2,32.8,31.3,31.7,31.2,33.0,32.2,32.1,32.7,31.9,32.4,32.5,32.6,31.7,32.4,32.3,32.3,32.7,32.0,32.0,33.6,33.0,32.6,32.3,33.1,31.7,33.3,31.9,32.0,33.1,31.9,31.9,32.0,31.5,32.6,31.5,32.0,32.5,32.9,32.3,32.4,32.5,32.2,32.3,32.9,33.0,32.9,33.2,32.7,32.1,33.6,32.4,33.1,31.8,33.0,32.5,32.9,33.1,31.3,32.9,32.1,32.6,33.0,32.4,32.1,32.0,32.3,32.4,32.0,33.1,32.9,31.9,33.1,32.6,32.1,32.1,32.9,32.6,32.6,33.6,33.4,32.7,32.9,32.4,32.5,32.7,32.3,32.1,33.6,32.6,33.1,32.0,32.1,31.6,33.3,32.6,32.6,31.6,33.0,32.6,32.3,32.5,33.5,31.6,32.2,31.3,32.4,32.0,32.1,32.9,33.1,33.8,34.3,34.2,33.2,33.0,32.7,31.9,32.9,33.2,32.5,33.0,31.2,31.7,32.8,32.9,32.3,32.5,33.1,32.9,32.0,32.5,32.6,32.6,33.1,32.4,32.8,32.6,31.8,32.6,32.8,32.6,31.6,33.2,34.3,33.6,33.3,33.0,32.8,33.4,32.5,32.2,32.5,31.6,32.3,33.1,32.9,32.9,32.9,33.0,32.9,32.2,32.2,31.8,33.4,32.1,33.5,32.2,32.6,32.1,32.6,31.4,32.7,31.7,32.3,32.9,32.9,33.2,33.8,33.3,32.9,32.7,33.5,32.8,32.3,31.8,32.1,31.6,32.0,32.1,32.3,32.9,32.2,33.0,32.1,31.9,32.9,33.3,32.4,32.3,32.6,32.6,32.1,31.8,32.3,32.8,32.3,33.3,32.8,33.4,32.8,33.3,34.2,33.3,31.6,33.5,33.2,32.3,32.5,31.6,31.9,32.4,32.8,32.3,33.2,31.9,32.9,31.8,32.9,33.0,32.9,33.2,33.1,32.1,32.9,32.4,32.3,32.3,33.1,32.9,32.8,33.8,33.8,33.0,34.0,32.3,32.0,32.4,33.4,32.6,32.2,32.5,32.0,32.1,32.7,31.9,32.2,32.3,33.4,32.4,32.8,33.0,32.8,33.4,33.4,34.1,31.7,32.9,32.6,33.4,33.0,33.1,33.9,33.6,34.0,33.1,33.5,32.9,32.8,32.3,32.0,32.3,32.1,32.2,32.2,32.8,33.2,32.5,32.3,32.4,32.1,32.9,32.9,32.9,32.3,32.7,33.4,32.9,31.7,33.2,32.6,31.9,33.4,33.1,33.6,33.9,33.0,33.6,34.4,33.1,32.4,32.4,33.6,32.4,30.9,32.5,32.3,32.4,32.2,32.8,32.4,32.8,31.6,32.3,33.0,32.8,31.7,32.8,31.9,32.8,32.7,33.3,32.2,33.0,33.1,32.7,33.3,33.6,33.5,33.7,33.3,33.5,33.3,33.3,32.8,33.4,33.2,33.2,32.8,32.3,31.6,32.8,33.4,31.7,32.6,31.9,32.4,32.7,33.1,33.1,32.8,32.5,33.1,32.4,32.3,32.6,33.3,34.1,33.4,34.1,32.9,33.2,33.6,32.0,33.7,33.8,33.0,32.7,32.9,32.7,33.5,32.6,32.7,32.3,32.8,32.5,32.4,32.0,32.7,32.5,32.5,31.7,33.2,32.5,32.8,33.1,32.9,33.3,33.3,32.8,32.9,33.6,33.3,33.0,34.3,32.8,33.2,35.1,34.1,33.4,32.1,32.2,32.8,32.9,33.0,32.3,32.7,32.0,33.1,32.4,32.4,32.4,32.4,33.2,33.1,32.9,33.1,32.6,33.6,33.9,33.8,33.4,33.1,35.1,32.8,33.1,32.8,33.5,32.8,34.0,35.8,33.4,31.8,32.3,31.7,33.4,31.3,31.9,32.6,33.8,32.5,32.3,32.3,33.0,nan,32.2,33.5,33.2,32.9,32.7,32.9,34.0,33.0,33.4,33.5,32.7,33.3,33.9,32.5,33.4,32.4,33.9,34.9,33.1,32.8,32.8,32.8,32.5,32.8,32.9,32.9,32.2,32.4,32.0,33.3,32.3,32.8,32.4,33.5,32.6,33.3,33.2,34.0,33.3,32.5,32.6,33.5,33.3,33.5,33.6,33.5,33.8,33.1,34.1,33.8,32.2,32.3,31.3,32.6,32.5,32.2,32.6,32.8,34.1,32.7,32.5,33.0,32.6,32.0,33.0,32.5,32.7,32.4,33.9,34.6,33.7,32.7,33.4,33.7,33.4,33.3,33.4,34.0,33.2,33.2,34.2,33.9,33.2,33.2,33.9,33.5,31.5,33.0,32.7,32.7,32.8,32.2,33.3,33.5,32.8,33.5,33.3,33.1,33.8,33.9,34.6,34.5,32.7,34.0,33.5,33.0,32.2,33.9,33.9,33.2,33.5,33.5,34.5,34.1,32.2,33.0,33.3,33.0,32.5,33.2,33.3,32.5,32.2,33.2,32.4,33.0,33.1,32.2,32.7,33.1,33.2,33.0,33.4,33.4,32.9,33.2,33.4,32.7,33.4,33.0,33.4,33.8,33.2,34.0,33.8,34.4,32.7,33.6,31.7,32.2,33.7,33.2,32.9,32.5,32.4,33.7,32.0,33.3,32.2,33.1,32.9,33.1,31.9,32.6,33.3,33.3,32.8,32.1,33.1,32.8,31.8,32.6,34.5,33.8,33.3,34.8,33.8,34.6,33.0,33.0,32.9,33.3,33.6,33.1,32.8,32.6,33.2,31.6,32.8,33.5,32.8,32.8,33.0,33.3,33.8,32.4,33.5,33.5,34.0,33.1,32.4,34.2,32.8,32.2,31.7,32.8,33.7,35.0,34.6,36.7
1785303301.2576585,490,32.8,31.5,31.5,33.7,32.6,32.2,32.4,32.5,32.5,31.1,32.3,32.4,30.7,31.5,32.4,32.4,32.0,32.6,33.5,33.0,32.0,32.3,32.2,32.2,32.4,32.0,32.3,33.2,32.9,32.5,33.1,33.3,32.0,31.4,32.1,32.6,32.5,32.2,33.1,33.2,33.0,32.0,31.1,32.2,31.4,32.1,33.0,32.0,32.3,31.6,31.7,32.5,32.6,31.0,33.4,32.5,32.0,33.5,32.8,32.2,34.1,31.9,33.9,33.6,33.3,32.3,32.1,32.6,32.5,32.3,32.5,33.5,32.7,32.2,31.7,32.8,32.3,32.3,31.6,31.8,32.3,31.8,32.5,32.9,32.8,32.5,33.2,32.5,32.8,32.5,31.9,33.5,33.2,31.3,32.7,33.6,31.9,32.8,32.9,32.0,32.1,32.1,32.8,32.6,31.7,32.5,31.9,32.0,32.2,31.0,32.0,32.2,31.9,32.9,32.4,32.4,32.2,32.4,32.7,31.3,32.7,32.2,32.0,32.1,33.0,31.8,32.5,32.9,32.4,31.9,31.7,31.4,32.9,32.1,32.7,33.2,31.7,31.9,32.4,31.6,32.7,32.0,31.6,32.4,32.5,31.9,32.0,32.9,32.7,32.7,32.7,33.3,33.7,32.7,33.6,33.7,32.6,31.6,32.9,33.1,32.5,31.5,32.1,32.6,31.6,33.2,32.6,32.3,32.4,32.4,31.7,32.9,32.7,32.8,32.9,32.0,32.6,31.9,32.1,32.6,32.6,32.3,33.2,32.6,33.2,32.9,33.0,32.4,31.5,33.9,32.6,32.5,32.0,32.0,31.9,32.7,32.0,32.8,32.1,32.5,32.3,33.0,32.2,32.5,31.2,32.0,32.6,32.7,32.0,32.4,32.2,32.8,32.7,31.9,33.0,33.6,34.1,33.9,33.6,32.5,32.7,32.5,32.1,32.7,31.9,32.3,31.9,32.2,31.5,31.9,33.1,32.4,32.2,32.6,32.0,32.6,32.1,32.1,32.9,32.5,32.8,32.5,32.8,32.3,32.5,32.6,32.8,34.0,33.3,33.5,32.5,31.7,32.3,32.6,32.6,33.2,31.6,31.6,32.3,32.1,31.3,33.3,32.3,32.9,32.5,32.8,33.0,32.7,32.4,32.1,32.6,32.3,33.1,33.2,32.4,32.9,32.3,32.4,33.1,33.8,33.4,33.8,33.7,33.1,32.9,32.0,32.6,33.7,32.2,32.2,31.8,32.7,32.1,32.5,32.9,32.7,31.8,32.3,32.1,32.0,31.3,32.6,32.3,32.7,32.8,32.6,33.6,32.4,31.7,32.4,32.4,33.3,32.8,34.0,33.1,33.2,32.5,31.8,31.9,33.6,31.6,32.1,32.8,31.9,32.2,32.7,32.5,32.4,33.2,31.0,32.2,32.3,32.6,32.5,32.4,33.1,32.3,32.3,32.1,32.0,32.6,32.1,33.4,33.1,33.9,32.8,32.7,33.3,32.0,32.6,33.0,32.8,32.4,31.2,32.7,32.7,32.3,33.6,32.8,32.8,32.8,32.8,32.6,32.5,31.7,32.5,32.1,32.7,33.0,32.8,33.0,33.2,32.5,33.5,32.6,32.5,33.3,33.2,33.3,33.4,32.8,32.4,32.1,31.6,31.7,32.7,32.0,32.6,32.2,32.3,32.0,32.5,32.7,32.2,32.1,32.7,32.4,32.4,32.6,33.0,32.9,32.6,32.6,33.1,33.3,33.8,34.3,34.3,33.6,33.1,33.8,33.2,33.3,33.5,32.6,32.8,31.2,32.6,31.7,32.1,32.4,32.2,32.3,32.8,31.6,32.8,32.6,32.7,31.7,33.0,32.7,32.2,32.7,32.1,32.8,32.5,32.5,33.3,32.2,33.4,32.6,33.5,32.8,33.2,33.5,33.2,32.5,33.5,32.6,33.0,32.4,33.4,32.7,31.8,33.6,33.2,32.2,32.6,32.8,32.8,32.8,32.0,32.8,32.6,32.6,33.3,32.9,33.6,33.6,33.3,32.9,33.0,33.6,33.3,33.8,33.3,33.5,33.5,34.0,33.6,31.5,32.3,32.0,32.7,31.9,31.9,32.8,32.5,32.2,31.8,32.5,32.5,34.0,32.9,32.8,32.9,32.4,32.4,33.6,33.4,33.2,34.0,34.3,32.4,33.1,34.0,33.9,33.9,33.7,32.7,34.1,33.5,31.1,33.0,32.4,32.8,32.3,32.7,32.7,32.5,32.2,32.4,32.3,32.3,32.2,32.6,32.6,33.0,32.4,32.1,32.1,33.6,33.3,32.6,32.3,33.1,34.3,33.7,33.1,33.7,33.5,33.0,34.3,34.6,31.1,32.7,31.5,31.8,31.9,33.0,32.5,32.3,32.8,33.2,32.0,33.2,31.8,nan,33.0,33.0,32.4,31.8,32.0,33.2,32.9,33.7,32.3,33.1,32.2,33.5,33.0,33.4,34.3,33.8,33.9,33.5,32.9,31.7,32.5,34.0,32.5,32.7,32.9,33.4,32.2,32.7,31.7,33.1,33.0,32.9,32.5,32.8,32.3,32.5,32.6,33.8,33.1,31.6,32.6,33.8,32.6,33.3,31.8,34.7,33.3,33.2,34.2,33.6,33.2,32.3,33.8,32.4,32.3,33.2,32.8,33.2,32.4,32.2,32.2,32.5,32.3,33.2,31.2,32.2,32.4,32.1,33.7,33.8,33.2,32.7,32.5,32.0,33.6,33.2,33.0,33.3,33.2,34.0,32.8,34.3,32.3,31.9,32.3,33.0,32.6,32.9,32.9,32.2,32.8,32.7,32.4,33.0,32.8,32.3,32.9,33.3,33.0,32.8,34.0,34.0,33.1,33.0,33.7,32.4,32.2,32.8,32.4,34.0,33.2,33.3,34.2,34.3,33.5,33.6,33.7,32.2,31.9,32.8,32.7,32.4,32.9,33.1,33.3,32.2,32.4,33.4,32.7,33.5,32.7,31.9,33.6,33.5,32.7,32.9,34.5,33.6,32.5,33.2,33.0,33.5,32.4,33.8,34.7,34.6,31.8,33.0,32.4,32.0,31.1,32.0,33.3,32.2,32.8,32.6,33.2,33.0,32.2,32.9,32.6,32.6,32.2,32.6,32.0,32.8,32.4,33.2,33.2,33.3,32.8,33.0,35.3,33.0,32.7,33.5,34.9,34.3,33.0,32.8,33.6,34.0,33.0,33.5,32.8,32.2,31.0,32.2,33.4,33.3,33.7,33.3,33.2,33.0,33.0,32.6,32.8,32.7,32.8,33.5,33.1,32.6,31.8,34.1,32.3,32.6,33.9,34.2,35.3,34.1
1785303303.710929,491,31.9,31.8,32.5,33.0,33.0,32.6,32.2,32.9,33.1,32.5,32.1,32.9,33.0,32.0,31.8,32.6,32.0,32.4,32.6,32.4,33.2,31.9,31.5,32.4,32.7,33.0,33.3,33.0,34.5,32.3,33.9,33.3,33.1,32.5,32.1,33.1,32.7,32.0,32.0,32.9,31.4,32.4,32.6,32.2,31.2,31.9,33.0,32.5,31.6,33.2,32.2,32.7,31.9,33.0,32.4,33.8,31.6,32.7,32.3,32.6,33.2,33.5,32.4,33.4,31.5,31.8,32.1,31.9,32.7,31.8,32.5,32.5,32.1,32.4,32.0,32.8,31.0,32.1,32.4,31.9,33.3,32.5,31.9,31.8,32.6,32.2,32.8,32.0,33.1,33.2,31.5,31.8,33.6,32.0,33.4,33.1,32.7,33.3,32.4,33.1,31.7,31.9,33.2,33.0,32.1,32.1,32.6,32.3,31.5,33.2,31.8,32.5,32.4,32.4,33.6,33.1,32.4,31.8,32.7,33.1,32.8,31.8,31.8,32.6,32.0,32.9,32.3,32.5,32.6,32.3,32.8,31.8,31.9,33.1,32.5,32.2,32.6,33.1,31.5,32.3,32.6,31.9,32.1,31.9,32.5,32.7,31.6,31.7,33.0,31.9,32.8,32.7,33.2,33.2,33.5,31.9,33.4,33.2,33.1,32.6,32.7,32.2,31.8,31.9,32.2,32.6,31.8,32.6,32.4,32.7,32.9,32.4,32.9,31.7,32.7,32.8,32.4,33.4,31.7,32.3,32.2,33.1,33.6,32.9,33.6,33.2,32.2,32.5,31.9,33.5,32.6,32.3,32.4,33.0,33.1,32.5,33.1,32.6,32.2,32.4,33.0,32.3,32.8,32.5,31.9,32.5,32.5,32.7,32.4,32.9,32.0,32.6,33.1,32.2,33.9,34.1,34.2,33.6,32.4,32.7,32.3,33.3,32.8,33.3,31.6,32.3,33.0,32.0,31.7,32.5,32.9,32.7,33.1,32.4,31.7,33.3,32.1,32.8,33.1,33.1,32.3,32.3,32.3,32.8,32.8,32.8,33.1,34.4,34.0,33.6,33.0,32.6,32.5,33.9,32.2,34.4,32.7,32.5,32.7,31.7,31.8,32.4,32.1,33.2,32.7,32.2,31.7,32.9,32.4,32.4,32.2,32.2,33.0,32.3,31.9,32.9,32.4,32.4,32.7,33.8,32.7,33.1,33.2,34.0,32.1,33.1,33.0,32.7,32.0,32.6,31.6,32.4,32.9,32.3,32.9,31.3,32.3,32.4,33.1,33.6,31.7,32.3,33.5,32.6,32.6,32.8,32.1,32.7,32.8,33.1,32.4,33.2,34.1,33.6,33.1,33.7,32.2,32.6,33.1,32.8,33.3,32.7,32.4,31.9,32.6,32.3,32.3,33.2,32.9,32.9,32.7,32.3,33.5,32.8,32.6,32.1,33.0,33.1,32.4,33.3,32.9,33.4,33.5,33.1,34.9,33.6,34.4,33.3,33.3,32.2,33.6,32.8,32.8,32.2,32.3,33.0,32.1,32.5,32.2,32.1,32.5,31.4,31.6,32.5,31.7,33.6,31.6,32.3,31.7,31.8,32.6,32.3,32.3,33.8,33.1,34.0,33.4,33.3,33.1,32.7,33.5,32.4,32.5,32.4,32.6,33.5,31.8,32.4,32.3,32.1,32.2,32.3,32.9,32.9,32.5,32.4,32.7,31.8,33.1,32.1,33.1,32.0,31.9,32.8,33.2,33.4,33.2,34.3,33.2,33.0,33.4,33.0,32.9,32.4,32.8,33.0,31.6,33.0,32.3,33.1,31.8,32.5,32.8,32.4,33.6,31.8,32.1,33.1,32.4,32.7,32.5,33.5,32.8,33.3,32.2,32.3,33.1,33.8,33.6,33.8,33.6,34.0,33.7,33.5,33.7,33.7,33.3,32.6,32.6,32.5,32.2,32.8,31.6,32.3,32.3,32.7,32.2,32.7,33.2,32.6,33.1,32.4,32.7,32.9,32.5,32.4,32.4,32.6,32.7,32.0,34.1,33.4,33.2,31.9,33.8,33.6,33.6,33.3,34.2,32.2,32.3,32.9,32.5,32.1,32.1,32.0,32.8,31.4,31.6,32.4,32.8,32.7,33.8,32.4,32.3,32.9,32.2,32.9,32.9,32.9,33.0,34.0,33.5,34.0,33.1,33.0,33.5,33.4,33.5,33.7,33.1,33.9,33.9,33.2,32.8,32.2,32.5,32.8,32.7,33.1,33.2,32.4,33.1,31.6,33.0,32.8,33.1,32.8,32.7,32.5,32.9,32.8,34.2,33.9,32.9,32.4,33.4,33.5,33.4,33.7,32.7,32.9,34.5,33.6,32.5,32.6,32.3,33.5,32.6,31.9,33.0,32.1,32.8,32.3,33.8,33.0,32.4,nan,32.2,33.0,33.0,32.4,33.0,32.9,32.7,34.0,33.7,32.5,31.3,34.0,33.2,34.1,32.8,33.9,33.5,34.1,33.7,32.3,32.6,32.8,32.0,32.5,33.1,32.2,32.9,32.6,32.7,32.8,32.1,32.1,31.8,32.6,32.8,31.8,33.1,33.1,33.4,33.5,33.2,32.9,33.1,33.3,33.3,33.7,33.8,32.9,34.9,33.4,32.6,32.7,33.0,33.4,32.5,32.6,32.2,32.7,32.9,32.2,31.7,31.8,31.8,32.2,32.9,32.5,33.5,31.9,32.9,33.4,33.9,32.9,32.3,34.1,33.6,32.6,33.2,33.6,32.2,34.1,34.2,33.5,34.7,33.0,32.7,33.7,33.1,32.3,32.4,32.9,32.1,32.7,32.1,33.5,32.8,32.1,32.9,33.0,33.0,32.6,33.3,33.5,32.8,33.3,33.8,33.5,32.8,32.6,32.1,33.9,34.7,33.5,33.7,34.3,33.3,33.4,32.0,33.2,33.6,32.8,32.5,33.4,32.7,33.2,32.9,33.2,33.2,33.1,32.7,32.9,32.7,32.9,33.4,33.8,33.2,32.5,33.8,32.5,33.2,33.2,32.4,34.4,33.8,34.2,33.2,34.8,32.9,32.3,32.8,33.0,32.7,32.6,32.9,33.1,32.9,33.1,32.4,33.1,32.4,31.9,32.8,33.3,33.3,31.7,32.7,33.9,33.3,32.8,32.8,33.3,34.4,32.6,31.7,33.0,34.7,34.6,34.9,33.9,32.5,33.5,33.1,33.8,32.3,32.7,32.2,33.0,32.2,33.3,32.3,32.8,33.3,33.0,32.6,32.9,32.9,32.8,33.0,33.5,32.7,32.9,33.1,33.3,32.6,33.1,32.1,32.2,34.3,35.0,35.0,35.0
1785303305.5542502,492,31.1,33.4,31.8,33.0,32.6,32.8,32.9,32.3,32.7,32.1,32.5,32.0,31.9,31.7,31.4,32.2,31.9,32.6,32.9,32.5,32.6,32.8,30.4,32.6,32.3,33.2,32.3,32.6,33.8,33.0,32.1,32.5,32.0,33.8,33.1,32.4,32.0,32.0,31.6,33.0,33.2,33.4,32.8,32.6,30.8,32.1,31.9,32.3,32.5,32.5,32.8,31.6,32.6,32.1,32.8,32.3,32.4,32.1,32.1,33.3,33.7,33.3,32.6,32.4,33.1,33.5,32.8,31.0,31.8,32.9,32.7,32.7,32.9,33.1,32.4,32.1,32.8,33.7,30.9,32.1,32.1,32.3,32.8,31.8,32.3,32.5,31.9,32.3,32.0,33.4,32.9,33.2,32.5,33.1,31.7,32.2,33.2,33.8,32.2,31.3,31.1,31.7,33.0,32.6,32.3,32.7,32.1,32.7,32.7,32.2,32.8,32.0,32.7,32.4,32.5,31.9,32.9,32.6,33.0,32.0,33.0,32.7,31.6,33.5,32.0,32.9,32.3,32.9,33.1,32.6,32.6,32.7,32.1,32.5,33.3,32.0,32.1,33.0,32.6,32.0,33.2,32.4,32.3,32.5,32.5,32.4,32.7,32.6,32.0,33.4,33.4,32.4,32.3,32.9,32.2,32.9,33.2,32.6,32.7,33.3,31.5,32.0,31.8,32.6,32.4,32.4,32.0,32.9,32.6,33.1,32.2,31.7,33.4,32.4,32.2,32.4,32.3,32.8,32.6,31.9,33.3,32.4,33.9,33.3,32.9,33.3,32.3,33.3,32.3,33.1,32.8,32.3,31.8,32.2,32.5,32.9,31.8,32.6,32.4,32.5,32.6,33.0,31.8,32.4,32.4,32.9,32.2,32.4,31.8,32.8,31.4,33.1,32.6,33.2,33.0,34.3,33.4,34.4,32.8,34.0,33.2,32.9,33.0,32.5,33.2,32.3,32.6,33.0,32.1,32.7,32.9,32.9,33.1,33.1,32.4,32.8,31.6,32.1,33.1,33.1,32.2,32.2,32.8,33.0,33.6,32.0,34.1,33.3,34.1,34.8,33.1,32.6,33.4,32.9,32.0,32.1,31.6,31.9,31.5,31.7,32.0,32.6,32.1,32.9,32.5,32.7,32.2,33.7,32.4,32.7,32.4,33.2,32.7,32.8,32.2,32.7,32.4,32.4,32.1,34.3,33.7,35.1,32.8,32.4,33.2,32.7,32.8,32.5,33.7,33.4,32.0,31.5,32.7,32.5,33.4,33.1,31.6,32.9,32.9,31.5,32.8,32.2,32.8,31.8,32.9,33.1,32.9,33.0,33.6,32.4,32.6,32.7,33.3,33.7,33.3,33.4,32.4,33.3,32.7,33.0,31.4,32.5,31.2,33.5,32.4,33.5,31.9,33.6,32.6,32.4,31.9,32.6,33.4,32.9,32.7,32.9,32.6,32.9,31.6,32.8,32.3,33.6,33.0,33.4,33.9,34.3,33.9,33.3,33.1,32.9,32.6,32.6,32.4,32.0,32.7,31.7,32.2,32.9,33.6,32.2,33.1,32.4,32.6,32.3,32.8,33.1,33.1,32.5,34.4,33.0,32.6,32.7,33.4,33.8,33.3,33.1,34.6,33.3,33.3,33.2,33.7,32.1,32.5,31.8,33.4,33.4,32.2,32.2,32.5,33.0,32.0,32.2,32.6,32.4,31.4,32.4,32.8,32.3,31.8,32.3,32.0,32.5,32.9,32.5,33.4,34.1,33.1,33.1,34.7,33.1,32.9,34.8,33.5,32.9,32.2,31.8,33.1,32.0,32.5,32.1,32.4,32.5,33.1,32.1,32.6,32.5,33.1,32.0,32.8,32.1,32.2,32.1,32.7,33.2,32.5,33.0,33.5,33.3,33.3,33.0,35.3,33.0,33.5,33.4,32.9,32.4,33.5,32.3,34.1,33.0,32.6,33.0,32.4,32.7,32.0,31.6,32.4,32.6,32.9,32.8,32.6,33.2,31.8,32.8,32.6,33.7,32.9,33.3,32.6,33.7,33.8,33.3,33.3,33.3,33.3,34.0,33.1,33.1,33.0,32.6,32.9,32.5,32.7,31.6,33.4,31.7,32.5,33.0,33.5,33.1,33.0,31.5,34.0,32.2,32.3,32.1,32.8,32.2,32.8,33.5,33.6,33.2,33.7,33.7,33.3,33.7,33.5,33.4,34.0,32.5,33.1,33.7,33.0,33.0,31.4,32.8,32.1,32.8,32.2,33.1,33.2,32.9,31.3,32.4,32.7,32.8,32.1,32.8,33.1,32.9,32.8,32.8,34.1,34.6,33.6,33.1,34.1,33.1,33.6,33.5,34.0,33.1,34.1,34.6,33.2,32.6,32.1,33.1,32.1,33.3,32.8,32.3,32.3,33.5,32.7,32.8,32.2,nan,32.0,32.1,32.5,31.9,32.8,32.6,33.7,33.9,32.7,32.9,34.7,34.2,33.2,32.5,34.5,33.8,34.7,34.1,31.4,31.9,32.9,33.0,32.5,32.3,33.1,33.6,32.6,33.1,32.9,32.8,32.6,32.9,32.5,33.0,33.3,32.3,33.6,33.3,33.6,33.0,32.7,33.7,32.8,33.0,34.8,34.3,33.1,33.5,33.9,34.5,32.8,33.0,33.0,33.2,33.0,32.3,33.2,33.6,33.7,32.0,32.4,32.5,32.4,32.4,32.4,33.2,33.4,33.7,32.4,33.4,34.2,33.7,33.4,33.2,34.1,33.0,33.4,33.4,33.2,33.6,33.4,33.1,32.5,33.6,33.3,33.0,32.0,32.5,32.2,33.5,33.1,33.6,32.4,33.7,33.1,33.8,32.8,33.5,33.2,32.8,32.1,33.8,34.0,34.9,32.4,33.3,32.6,34.2,33.1,33.0,33.3,34.1,33.5,33.9,33.7,33.8,33.5,32.4,33.3,33.2,32.7,32.2,33.2,32.5,32.2,33.6,33.2,32.4,32.6,32.4,32.7,31.9,32.7,33.1,35.4,33.7,33.2,32.2,33.0,33.2,33.8,33.1,33.6,34.0,33.2,33.9,32.7,33.9,32.9,32.8,32.5,32.8,32.9,32.7,32.6,33.5,33.1,33.7,32.6,32.9,34.2,32.5,32.9,32.8,32.9,33.2,34.9,34.0,33.5,32.9,33.1,33.0,32.1,33.6,34.1,35.0,34.7,34.8,32.5,32.8,32.0,32.3,33.2,32.9,33.2,32.2,33.4,32.0,32.6,33.5,33.9,32.4,33.0,32.8,32.6,33.0,33.3,33.2,34.0,33.1,32.8,32.2,33.3,32.6,32.9,33.8,33.7,35.2,34.8,35.4
1785303308.1143699,493,32.4,31.2,32.7,32.6,32.5,31.8,31.9,31.5,33.0,31.8,33.4,32.5,31.9,32.7,32.1,32.9,32.7,32.9,32.5,32.7,32.5,32.4,31.3,32.3,32.2,32.7,32.4,32.7,32.1,32.7,32.0,32.9,32.5,31.1,32.5,33.5,33.0,31.7,32.8,31.6,32.5,32.5,32.3,32.5,33.3,32.4,32.7,32.4,31.8,31.7,32.3,32.8,32.5,32.2,31.8,32.4,32.5,32.8,32.4,32.1,34.2,32.7,32.5,32.3,32.2,32.2,31.3,32.5,32.6,32.0,32.2,32.1,32.6,32.9,31.9,32.2,32.0,33.1,32.4,32.2,31.8,32.6,32.9,33.1,32.9,32.1,32.2,33.7,32.1,33.1,32.2,34.0,32.8,33.0,31.4,33.5,33.3,33.2,32.3,31.9,31.8,32.0,32.3,32.1,32.0,31.8,33.1,32.4,32.9,32.1,32.7,31.9,33.1,32.3,32.3,32.5,32.4,32.8,33.7,32.3,33.1,33.2,32.9,32.0,33.1,31.7,32.0,33.5,32.5,32.2,32.3,32.8,32.6,32.8,31.5,32.5,33.0,32.7,32.2,32.9,32.6,33.1,32.2,32.4,32.4,32.0,31.7,32.5,32.8,33.1,32.0,33.7,32.9,32.1,32.7,32.8,33.1,32.3,33.3,34.5,33.1,32.4,32.8,33.3,31.5,31.9,32.5,32.0,33.2,32.6,33.1,31.6,33.0,32.3,31.8,32.8,32.2,32.0,32.6,32.2,33.2,32.8,33.5,33.5,33.1,33.3,33.3,33.6,33.0,32.8,32.5,33.7,31.2,33.2,31.5,33.6,32.3,33.1,32.0,31.8,32.5,32.2,31.2,33.4,31.8,32.6,32.8,33.3,32.6,32.0,31.6,33.3,32.3,33.1,33.3,33.8,34.0,34.4,32.9,32.6,32.9,32.2,32.5,33.7,32.7,31.3,32.0,32.5,32.2,32.9,32.8,32.1,32.8,32.6,32.9,31.7,32.7,33.2,32.0,31.7,31.9,32.1,32.5,32.6,32.9,32.5,33.5,33.7,34.0,33.7,32.2,33.2,33.4,32.8,31.7,33.5,32.4,32.0,33.2,32.6,32.7,32.3,32.9,32.9,32.3,31.7,32.4,32.9,32.5,32.8,32.2,33.0,32.6,31.7,32.6,32.2,32.5,31.5,32.3,34.0,32.9,34.0,33.4,33.2,31.8,32.6,32.9,33.8,32.7,33.3,32.5,32.6,31.7,32.9,32.6,32.5,32.5,31.3,33.1,32.0,33.0,33.2,32.8,32.7,33.0,32.2,31.9,32.1,32.2,32.7,33.3,32.7,34.2,34.1,33.4,32.2,32.6,32.3,32.8,33.1,33.0,32.0,32.3,33.4,32.5,31.8,33.1,32.8,32.0,33.5,32.8,33.2,31.8,33.0,32.6,33.0,32.5,32.7,32.6,32.5,32.7,33.5,33.3,33.2,32.6,34.0,33.5,34.1,32.4,31.9,33.1,33.7,31.9,31.3,33.0,33.1,33.1,31.9,33.0,32.8,32.6,32.7,33.3,32.7,31.9,32.2,32.7,33.0,31.8,32.2,32.5,31.8,32.9,33.2,33.5,34.2,33.2,32.7,33.7,32.0,33.0,32.7,32.2,31.7,33.5,32.4,31.9,33.3,32.0,32.7,32.6,32.8,33.0,31.8,32.4,32.0,33.0,32.8,32.2,32.9,32.7,33.1,33.3,32.6,33.2,33.7,32.8,34.0,33.6,33.7,33.7,33.8,32.3,33.0,31.7,34.1,33.0,31.9,32.2,33.2,32.6,33.0,32.9,32.0,32.9,31.9,32.9,32.1,32.3,32.3,31.8,33.4,31.9,32.4,33.2,31.8,33.4,33.4,34.5,33.6,32.5,33.2,34.3,33.1,33.0,31.6,33.2,33.1,32.3,33.5,32.1,33.1,32.3,31.5,32.4,32.9,32.5,32.6,32.0,33.0,32.5,32.5,32.0,32.5,32.7,32.5,32.7,33.2,33.1,33.2,33.3,32.9,34.0,33.5,32.6,33.9,33.2,34.0,33.3,33.7,32.6,32.6,33.2,32.1,32.9,31.9,32.4,32.7,33.0,31.9,32.4,31.9,33.6,32.4,33.1,32.8,33.4,33.6,33.8,33.6,33.5,33.6,33.9,32.5,33.5,33.9,33.4,33.7,34.1,34.0,33.8,32.2,32.7,32.2,33.3,33.9,32.6,32.6,32.1,32.3,31.8,32.8,33.0,33.2,32.5,32.2,31.8,32.4,32.8,32.8,32.2,33.9,34.0,33.0,32.5,33.5,32.7,33.2,33.3,33.1,34.3,34.2,35.6,33.3,32.2,32.1,33.0,32.6,32.6,31.6,33.4,31.4,32.6,32.6,31.9,33.1,32.9,nan,32.4,32.9,32.9,32.3,32.7,33.1,34.2,33.8,33.3,32.3,32.4,34.3,34.2,33.7,33.3,32.9,33.8,34.2,31.3,32.9,32.1,33.0,31.7,32.8,32.8,34.1,32.3,32.6,32.1,33.4,32.0,31.9,31.7,32.2,32.5,33.0,33.0,33.2,34.0,34.1,32.5,33.6,32.8,33.0,33.9,33.5,33.9,33.4,33.6,33.7,33.4,32.4,31.9,31.9,32.2,32.9,33.1,32.4,33.3,32.6,33.5,33.3,32.3,31.3,32.3,32.9,32.6,31.8,32.6,32.7,33.1,33.5,33.5,34.4,33.6,32.9,32.9,33.1,33.8,33.1,33.7,34.0,33.1,33.5,31.9,33.4,32.6,32.6,32.5,31.7,32.0,33.2,32.0,33.2,33.0,32.4,32.1,32.5,32.7,32.9,33.3,33.2,34.2,33.7,33.2,33.6,32.9,33.4,33.0,33.7,34.4,34.0,34.0,34.6,33.6,32.2,33.0,32.7,33.6,33.1,32.4,32.4,32.1,31.6,32.7,33.1,32.8,32.5,33.2,33.2,33.1,32.6,33.3,33.3,34.7,34.0,33.3,32.3,33.5,32.9,33.3,33.9,34.1,33.1,34.6,33.4,32.6,32.6,32.1,34.0,32.2,32.8,32.5,33.2,32.3,31.9,32.7,33.2,32.3,33.4,32.7,33.2,33.0,32.5,33.2,35.2,35.2,32.7,32.5,33.2,32.5,32.9,31.8,33.3,33.6,34.5,34.2,34.3,31.7,33.2,33.5,33.2,32.7,32.6,31.9,32.3,32.2,32.1,32.9,32.5,33.6,33.4,32.4,32.9,33.0,32.5,33.0,32.2,34.1,32.9,32.7,32.7,32.9,32.5,32.6,33.7,33.4,35.8,34.7,34.7
1785303309.8390856,494,32.9,33.1,31.9,33.4,32.0,31.6,32.3,32.2,31.4,32.4,31.7,31.3,31.6,31.8,32.5,32.7,32.1,32.5,31.7,32.5,31.8,32.6,31.8,32.7,32.2,32.7,33.0,32.9,33.3,32.9,31.3,32.4,32.4,31.6,32.7,33.0,32.6,30.6,33.0,31.2,33.1,32.5,33.1,32.1,31.5,31.3,32.9,32.8,32.7,32.1,32.7,32.4,32.5,32.4,33.1,31.8,32.3,32.0,32.9,32.3,33.1,31.4,31.3,32.3,30.7,33.2,32.0,32.5,31.5,32.4,32.0,32.0,32.1,31.9,32.1,32.4,30.9,31.3,31.3,32.7,32.2,32.7,31.6,32.9,31.5,31.7,32.0,32.6,32.7,32.0,33.0,34.0,32.6,32.5,31.4,33.3,33.8,33.0,32.3,32.1,31.8,32.4,32.3,31.5,32.7,31.8,31.8,31.5,32.2,31.7,32.4,31.6,33.0,32.1,32.8,32.3,32.8,31.8,32.6,32.3,31.6,33.4,33.5,32.4,32.3,31.9,32.6,33.1,32.5,31.5,31.6,33.0,31.8,31.8,32.4,32.9,31.8,31.8,31.4,31.7,31.7,32.4,32.2,32.1,31.9,31.6,31.7,32.8,31.9,33.0,32.2,33.3,32.2,33.0,32.3,33.8,32.1,33.1,32.2,33.9,32.4,31.9,33.2,33.1,32.5,32.1,32.3,31.8,32.5,31.6,32.6,32.4,33.1,32.3,33.1,31.7,32.3,32.0,32.8,32.3,32.7,32.0,32.9,33.2,33.8,33.0,32.3,32.5,32.6,32.4,33.1,32.4,31.0,32.3,31.3,31.8,31.5,33.4,32.0,32.5,32.2,32.4,32.0,32.8,32.3,32.6,32.0,32.6,32.8,31.7,32.6,33.5,32.6,32.0,31.7,34.2,34.3,33.8,33.5,32.2,32.7,33.0,32.7,33.0,32.0,31.1,33.1,31.3,32.6,32.2,33.0,31.0,32.6,32.1,32.8,31.5,32.4,32.2,32.8,32.2,32.8,32.1,32.0,32.1,32.9,32.7,33.0,33.9,33.7,35.1,34.2,33.1,33.2,32.2,32.7,32.4,31.1,32.8,31.4,32.6,31.8,32.9,32.4,33.3,31.1,32.1,31.9,33.1,31.8,32.8,31.7,33.0,31.7,32.7,32.1,32.2,32.0,32.2,32.3,33.5,32.6,33.5,33.4,34.1,32.0,32.4,33.3,32.8,33.1,31.6,32.5,30.8,32.8,32.8,33.0,33.0,31.0,32.0,32.3,32.2,32.0,32.5,31.9,31.4,33.0,32.1,31.7,33.0,32.4,32.1,34.0,33.1,34.2,33.6,34.1,33.8,32.6,31.5,33.0,31.5,32.0,32.2,32.3,32.4,33.0,32.4,31.8,33.1,31.6,32.8,31.6,32.3,32.2,32.0,31.7,33.0,32.0,32.2,31.8,32.2,32.5,33.1,32.8,33.5,33.3,33.5,32.9,33.8,32.6,32.1,33.1,32.9,32.7,31.7,32.8,32.0,32.8,32.1,33.0,32.5,32.6,31.5,32.7,32.7,32.6,32.4,32.7,32.3,34.7,31.8,31.9,32.3,32.4,33.1,33.7,33.4,33.8,33.4,33.7,32.6,33.6,31.8,32.8,32.1,31.8,32.6,32.9,33.1,32.4,32.5,32.2,32.4,31.8,33.1,31.8,32.6,33.0,33.9,31.9,32.5,32.0,32.7,32.3,33.2,32.7,33.8,33.3,33.7,33.0,33.7,33.3,32.7,33.2,33.0,32.7,32.7,33.0,32.1,33.4,32.0,33.0,31.9,32.0,33.0,32.2,31.5,32.5,33.2,32.1,31.8,33.0,31.8,33.3,32.6,31.3,32.9,33.5,32.1,34.0,33.4,33.2,33.2,34.8,32.7,33.6,33.6,33.4,32.9,31.8,32.2,31.7,32.5,31.9,32.9,32.6,33.3,32.6,32.6,31.7,32.7,31.9,33.0,31.9,33.3,31.7,31.9,32.7,33.7,33.6,33.8,33.5,33.4,34.2,33.7,33.5,34.3,33.0,32.7,33.5,31.7,32.4,32.8,33.4,31.5,32.7,31.6,32.5,32.5,32.5,32.2,32.6,31.6,32.9,32.1,32.2,33.1,32.1,32.5,33.2,33.1,34.0,32.6,33.9,33.3,33.9,33.2,33.4,33.3,33.9,32.5,34.0,33.0,31.9,31.8,31.7,32.7,32.2,32.9,31.9,33.0,31.6,32.0,31.2,32.5,32.3,32.0,32.8,33.4,31.8,32.4,32.7,33.0,33.1,33.4,32.5,32.7,33.4,33.9,33.3,33.8,33.6,32.8,33.2,33.3,32.7,31.9,32.4,32.6,32.5,32.0,31.6,33.1,32.9,31.7,32.1,32.2,32.6,nan,32.7,32.1,33.6,32.1,32.9,32.8,33.4,32.6,32.9,33.3,33.1,32.6,33.4,32.8,32.7,32.5,33.2,33.8,31.9,32.0,33.2,34.7,32.4,32.9,32.1,33.2,31.6,31.8,32.0,33.0,31.7,33.5,32.4,33.9,32.0,32.7,32.5,33.5,33.2,33.1,32.3,32.7,33.0,32.9,32.5,33.3,33.2,33.4,33.0,33.5,32.9,32.0,33.3,32.5,32.8,32.5,32.7,32.8,32.9,31.4,34.3,33.4,33.3,32.1,32.4,33.1,33.9,33.0,32.5,33.2,33.9,33.1,33.3,34.2,33.6,33.4,33.5,33.7,33.6,32.7,33.7,33.0,32.4,32.9,31.9,33.8,32.2,33.3,31.5,33.2,31.8,33.5,32.2,32.9,32.9,33.4,32.0,33.0,31.7,33.0,32.6,32.7,34.0,34.9,32.9,33.2,33.6,32.5,32.2,34.2,32.6,33.4,35.1,34.4,33.4,30.9,33.6,32.1,33.4,32.3,32.6,32.8,31.9,31.9,33.9,32.8,31.9,32.3,33.8,32.0,32.8,32.1,33.3,33.3,34.1,34.3,34.2,32.1,33.5,33.3,33.1,32.6,34.3,32.9,33.7,34.5,32.8,32.6,31.9,33.6,33.0,33.1,32.4,32.4,32.5,33.2,32.5,33.0,33.0,33.4,33.4,33.2,32.5,33.0,33.2,34.3,33.8,33.8,32.1,33.2,33.0,34.0,32.0,32.5,33.0,34.5,33.7,34.9,33.1,32.7,32.6,32.1,31.6,31.8,32.5,32.5,33.2,32.7,32.7,32.5,33.4,32.7,33.2,32.3,32.8,32.0,33.0,33.1,33.7,32.7,32.8,32.7,33.2,32.6,33.8,32.9,33.6,34.3,35.4,34.4
1785303312.0137944,495,34.7,32.4,33.0,33.0,32.6,31.5,33.1,32.5,32.9,32.3,33.1,32.8,33.0,32.1,32.2,32.6,33.7,31.5,32.4,33.2,32.8,32.1,33.3,32.8,32.4,32.4,31.8,33.5,32.7,32.5,33.6,33.5,31.2,32.5,32.9,32.9,31.6,32.9,32.7,33.8,32.0,32.2,33.0,32.6,32.9,32.5,31.0,32.3,32.1,32.9,33.2,33.6,31.5,31.6,33.8,33.3,32.4,32.5,32.6,34.0,33.0,31.3,32.6,33.1,32.6,31.8,32.6,32.9,32.9,32.5,33.1,32.4,33.1,32.0,32.4,33.0,32.6,32.5,32.3,32.3,32.1,32.5,32.6,33.4,33.2,32.5,33.4,32.2,33.0,32.9,32.5,33.7,32.7,31.1,32.7,32.9,31.7,34.0,31.3,32.9,32.5,32.6,33.2,32.4,32.1,33.4,31.9,32.7,32.9,32.5,31.5,32.6,31.4,33.9,32.4,32.6,32.4,32.9,32.9,32.7,31.9,33.1,32.2,33.7,32.2,32.9,32.3,32.9,32.9,32.1,32.2,31.8,33.5,33.5,33.1,32.2,33.0,32.1,32.4,32.7,32.3,31.7,32.3,33.2,32.7,32.7,32.5,32.2,33.4,31.5,32.7,33.3,33.9,32.7,31.6,32.9,33.2,32.6,32.9,32.9,31.5,32.2,32.9,32.8,32.0,32.6,32.8,33.1,31.7,33.1,31.8,33.1,32.4,32.1,32.8,33.3,31.8,33.4,32.4,32.3,31.6,33.8,32.5,34.0,33.8,33.8,33.0,33.3,31.9,32.9,33.9,33.8,32.7,32.4,32.5,33.1,32.8,31.3,32.5,32.1,32.5,31.6,32.5,32.0,33.2,32.2,32.4,32.1,32.0,32.6,32.4,33.3,32.8,31.1,32.9,33.3,33.9,33.8,34.1,33.5,33.2,32.3,33.4,33.4,31.4,33.2,31.9,32.6,31.5,32.7,32.5,31.8,32.9,33.4,32.4,33.3,31.8,32.3,33.4,32.7,32.6,33.0,32.1,32.2,32.5,32.3,34.3,34.5,34.7,34.5,33.4,33.7,32.5,33.1,32.9,33.8,32.9,32.1,32.3,32.4,32.4,31.1,33.6,31.8,33.1,32.2,33.2,32.5,32.8,32.4,32.0,33.1,33.2,32.9,32.2,32.6,33.2,32.1,32.6,33.8,33.5,33.0,33.2,32.9,32.1,32.6,33.8,33.3,32.4,33.8,32.2,33.5,32.7,33.4,33.3,33.6,32.1,33.1,32.1,33.5,31.8,33.0,33.2,33.1,32.0,33.6,32.3,33.5,32.5,32.4,32.8,34.2,33.0,34.8,33.1,33.6,32.4,32.6,31.9,33.8,32.9,31.1,32.0,32.8,33.0,32.1,32.8,33.2,32.6,32.9,32.2,32.9,32.9,32.5,33.1,33.0,32.6,31.5,32.9,32.6,33.6,33.6,33.1,34.0,33.4,33.6,33.7,33.2,33.6,32.6,33.4,33.4,32.6,32.2,33.5,33.5,31.6,33.4,33.3,32.9,33.2,32.6,33.1,33.0,32.2,32.8,33.0,32.8,33.0,32.7,31.8,33.5,32.4,33.7,33.1,33.3,33.6,34.0,33.0,33.6,32.2,33.2,32.9,33.4,31.9,31.5,32.4,32.4,33.2,32.8,32.7,32.9,32.9,31.1,32.7,31.4,32.9,32.8,33.3,32.6,33.6,31.5,32.9,33.3,33.8,33.8,34.1,34.3,34.3,33.5,33.8,33.7,34.0,32.6,32.8,32.8,32.4,32.4,32.3,32.5,31.5,33.4,33.1,32.8,31.3,32.6,33.0,32.3,31.9,33.3,32.7,32.2,32.2,33.0,33.3,32.7,33.0,34.3,34.6,33.7,33.1,34.0,33.0,33.9,32.8,33.5,33.5,33.5,32.4,33.2,32.8,32.6,32.9,31.8,32.5,33.1,32.1,32.3,33.3,32.8,33.1,31.7,32.8,33.0,33.1,32.9,32.9,33.6,33.4,33.3,34.1,34.1,34.3,33.3,33.8,33.7,32.6,32.8,34.2,33.2,31.9,33.1,32.5,33.1,31.8,32.9,32.8,33.5,32.3,33.1,32.0,32.4,32.4,32.7,33.0,33.7,33.0,32.9,33.5,33.4,34.3,33.1,33.0,34.7,33.0,35.1,34.1,34.1,32.8,33.7,33.5,32.5,33.9,32.3,33.4,32.5,33.1,32.3,32.4,33.3,32.1,32.2,32.8,33.0,33.2,31.7,32.3,33.1,33.7,32.5,33.3,33.6,33.3,33.5,33.3,33.3,34.1,33.3,33.1,33.2,33.3,33.0,33.5,33.0,32.4,32.2,32.7,32.2,31.7,32.8,33.0,33.2,33.0,32.7,33.0,32.5,33.2,nan,32.4,32.2,32.9,33.1,33.2,34.1,33.2,33.9,33.5,34.6,35.2,33.9,33.4,34.3,33.4,33.6,34.4,33.3,32.9,32.4,33.3,32.9,31.8,32.3,32.7,33.6,32.8,32.2,34.0,32.6,32.8,31.6,32.8,32.8,32.8,32.6,33.0,33.0,33.5,32.8,33.1,33.3,34.0,32.6,34.0,34.3,33.1,33.5,33.3,34.1,31.7,32.5,33.8,33.2,32.5,33.0,33.9,33.8,32.4,32.4,32.2,33.0,32.8,33.2,32.6,33.2,32.1,32.4,32.7,33.4,33.2,33.2,33.2,33.6,32.9,34.3,33.8,33.6,33.4,34.0,33.2,34.3,34.5,32.3,33.3,32.4,32.7,33.1,32.9,32.4,33.2,32.4,33.3,33.8,33.0,32.3,33.1,33.0,34.0,32.8,32.9,33.3,34.5,33.0,34.2,33.9,33.3,33.5,32.9,34.3,33.9,32.7,33.3,35.8,32.4,34.1,33.7,33.5,32.9,32.7,33.1,32.6,32.7,33.6,33.1,33.4,31.9,33.6,32.8,33.3,32.2,33.8,32.6,34.0,33.7,34.6,34.0,33.3,32.3,33.2,34.0,33.1,32.8,33.4,34.3,35.3,33.1,33.0,32.6,33.1,34.1,33.1,32.9,33.3,33.3,32.8,32.2,32.3,33.8,32.4,33.3,31.9,34.3,31.6,32.8,33.9,34.6,33.4,32.6,33.0,33.7,32.0,32.9,32.6,33.9,33.6,34.9,34.8,31.8,33.1,32.9,32.9,33.4,33.5,33.2,32.6,31.7,32.6,32.8,33.3,32.1,33.5,33.4,32.4,33.0,33.3,32.6,32.8,34.0,32.8,33.5,33.0,32.8,33.3,34.5,34.6,33.9,35.7,35.1,35.9
1785303314.1382535,496,32.2,31.4,31.2,34.1,33.3,32.1,33.1,32.2,33.1,31.6,33.3,32.3,32.4,32.3,34.2,32.5,32.0,32.5,31.6,32.9,32.8,32.2,31.9,33.3,32.3,31.5,32.3,33.6,33.1,31.7,32.9,32.7,31.6,31.9,33.7,32.8,32.1,32.0,33.0,34.0,32.3,32.6,32.9,33.0,34.0,32.9,32.5,32.3,32.2,33.6,32.5,32.7,32.0,32.9,33.3,33.3,32.3,32.7,32.6,32.7,33.3,32.4,32.0,34.6,34.3,32.2,32.8,32.3,33.3,32.1,32.3,32.2,32.3,31.5,31.7,32.7,32.6,33.0,33.0,32.4,32.5,31.9,32.6,32.2,32.1,31.4,32.1,32.4,33.0,32.2,33.1,32.7,32.9,31.4,32.7,32.5,33.0,33.5,30.9,32.7,31.6,31.7,33.3,32.4,31.0,33.0,32.0,33.2,32.1,33.2,32.6,32.6,32.3,32.7,32.6,33.4,32.4,33.4,33.3,32.9,32.4,33.1,31.9,33.3,31.9,32.0,33.6,33.8,32.9,30.8,32.6,32.1,33.3,32.2,32.7,33.8,32.4,31.6,32.2,32.4,32.7,31.8,32.1,33.1,32.4,32.5,32.0,32.5,32.5,32.3,33.2,33.1,33.9,32.6,33.2,33.2,32.6,33.1,33.4,33.9,32.6,31.8,33.2,32.1,30.9,32.2,33.1,33.0,31.7,32.7,32.6,33.2,31.6,32.2,32.3,32.4,32.8,32.8,32.3,33.4,32.6,32.6,34.0,34.3,32.9,32.7,33.5,33.9,32.9,33.3,32.5,34.0,32.9,32.5,32.7,33.6,32.4,32.9,32.6,32.2,32.1,32.0,32.3,32.6,32.2,32.6,32.7,32.9,32.9,32.6,32.9,32.4,32.7,32.5,34.4,34.8,34.6,33.0,33.0,32.6,34.6,32.4,32.3,34.1,31.8,32.1,31.8,32.0,31.0,32.3,32.6,33.1,31.9,32.6,31.4,32.9,32.2,32.6,33.6,33.3,31.6,32.5,32.7,32.3,32.9,32.9,33.8,33.6,33.7,34.0,33.3,32.6,32.4,33.1,32.9,32.5,32.3,31.7,32.7,33.0,31.9,31.9,34.1,32.8,32.7,31.7,32.5,33.1,33.2,32.6,32.3,33.0,32.6,33.1,31.7,33.0,32.4,33.0,33.2,34.0,33.9,33.2,32.7,33.5,33.8,32.4,33.0,32.8,30.8,31.5,32.9,32.5,31.3,32.7,33.7,33.3,33.3,31.2,32.6,32.6,33.1,32.6,33.3,33.1,32.3,32.5,33.2,33.0,32.2,32.7,33.6,33.8,33.3,34.2,33.0,33.4,32.8,32.0,32.8,33.8,32.5,32.0,33.2,32.6,32.8,32.5,32.6,32.6,33.2,32.3,32.2,33.1,32.4,32.0,32.9,32.8,32.4,32.8,32.9,32.7,32.6,33.0,33.4,34.0,34.0,33.4,33.2,33.4,33.3,31.2,33.2,32.7,32.5,32.4,32.2,33.4,32.4,32.9,31.9,32.8,32.4,32.8,33.2,34.3,32.1,32.6,32.5,33.5,33.5,32.8,33.5,32.7,32.7,34.0,33.5,34.3,33.2,33.8,33.5,32.8,33.0,33.5,33.8,33.2,32.8,31.0,31.8,32.5,33.2,32.7,32.3,33.1,32.6,32.3,33.0,32.8,33.4,32.2,32.6,32.8,32.9,32.7,33.4,33.5,32.9,33.5,33.6,34.0,33.7,33.4,33.6,33.8,33.1,32.3,33.6,32.9,31.7,32.2,32.2,32.9,31.9,33.1,32.7,33.3,32.7,33.0,32.0,33.1,32.1,32.5,32.9,32.9,32.5,32.9,33.2,32.5,33.8,34.4,35.7,34.2,31.0,33.7,34.1,33.9,32.8,33.7,32.6,34.0,33.9,32.4,33.0,33.1,32.5,32.7,32.3,33.1,32.2,32.0,32.4,32.8,32.1,32.0,32.6,33.2,32.9,32.3,33.9,33.7,33.9,33.5,34.1,34.2,33.3,32.3,34.3,33.5,34.2,33.4,33.8,34.7,31.6,32.3,33.4,33.3,32.0,32.6,32.5,33.0,31.2,33.3,33.4,32.7,31.9,32.9,33.0,32.2,32.4,32.9,33.0,33.1,33.0,33.2,34.4,33.9,32.5,33.7,34.3,33.4,32.7,34.1,34.0,33.1,33.0,31.8,32.8,33.7,32.5,31.3,32.5,32.8,33.4,31.8,32.1,33.2,33.2,32.2,32.8,32.4,33.7,32.2,32.9,33.3,33.1,32.7,33.1,33.5,33.6,32.5,33.8,34.1,33.9,32.8,34.5,34.3,32.0,32.4,32.0,33.5,31.8,33.2,32.7,32.6,31.5,32.9,32.9,33.7,32.8,nan,32.7,32.7,31.8,32.7,32.9,33.4,33.1,32.9,33.2,34.2,33.3,34.7,34.0,33.6,32.7,34.1,34.8,35.1,32.2,31.2,33.1,32.5,32.9,32.0,33.6,33.7,32.6,31.6,32.1,33.0,32.3,32.7,33.4,33.4,32.5,32.5,33.4,33.9,34.1,33.5,33.8,34.4,33.6,33.7,33.1,33.1,33.5,33.2,33.7,33.7,32.0,32.5,33.3,32.6,32.4,32.8,32.5,33.4,32.6,33.9,33.1,34.0,32.1,32.9,32.8,33.4,32.3,33.7,32.0,33.9,33.4,33.4,33.1,33.4,33.3,33.2,33.8,33.4,33.1,34.2,34.5,33.3,33.4,33.3,32.9,33.1,32.7,31.8,32.0,32.8,33.0,32.6,32.1,33.0,33.0,31.5,33.4,33.2,32.5,31.8,32.7,33.7,35.6,33.2,33.7,33.4,33.5,33.8,33.9,34.0,33.7,33.6,33.5,35.2,32.0,33.2,33.0,32.8,32.4,33.4,32.8,32.9,32.6,32.9,33.0,32.9,31.6,32.9,33.3,32.8,32.9,32.9,33.8,34.1,34.6,34.4,34.0,32.7,32.6,33.4,33.9,34.4,31.9,34.4,34.1,36.1,32.7,32.4,34.6,33.4,32.9,32.3,32.5,32.2,33.5,33.4,32.8,32.9,33.5,31.4,32.4,33.9,32.8,32.0,33.8,33.4,33.9,33.4,33.7,34.3,33.5,33.0,33.9,33.7,34.9,34.3,36.0,34.9,31.5,32.4,33.5,32.9,31.8,33.5,31.9,33.5,32.1,33.5,33.6,33.0,32.5,32.4,32.9,33.3,32.8,32.1,33.4,33.9,32.8,33.3,33.7,32.8,32.7,32.6,33.0,33.2,33.4,34.8,35.8,36.3
1785303316.5308208,497,31.3,32.3,31.9,33.1,32.7,31.8,32.5,32.2,32.6,31.6,31.9,33.1,33.2,32.1,32.3,32.9,32.9,31.8,32.8,33.1,32.3,32.6,32.6,32.7,31.8,31.7,33.0,33.3,34.0,32.0,33.0,31.9,32.4,32.6,32.3,32.3,31.5,32.3,32.6,32.0,33.1,32.3,32.9,32.3,32.4,33.1,33.1,33.2,32.7,32.1,31.8,32.3,32.0,32.6,33.5,33.4,32.5,32.0,32.0,32.1,32.9,33.4,32.3,33.0,32.7,31.7,32.3,31.8,31.9,33.0,33.2,32.0,33.4,32.3,31.9,32.2,31.3,31.5,32.0,33.3,33.2,31.5,32.4,33.3,32.4,32.1,32.7,32.6,33.1,32.4,33.1,33.1,33.3,32.7,32.8,32.8,31.6,31.8,32.6,32.3,32.2,32.0,32.1,33.3,32.9,32.6,32.4,31.9,31.7,32.6,31.9,32.3,32.5,32.5,33.0,32.3,31.1,32.6,33.3,32.1,32.4,33.4,32.5,33.0,32.9,31.7,32.9,34.0,33.9,31.8,32.3,32.6,33.0,31.8,32.3,32.3,32.3,32.0,32.7,33.3,31.9,31.8,32.4,31.9,32.4,32.3,31.9,32.6,32.9,31.8,33.3,32.1,33.5,32.2,32.1,33.4,32.5,31.3,33.5,33.2,31.9,31.9,33.7,32.0,31.7,32.7,32.3,31.4,31.7,33.1,33.0,31.4,32.1,32.0,32.5,32.4,31.7,31.8,32.3,33.2,31.5,32.0,33.3,33.2,33.5,34.0,32.5,33.8,32.2,33.0,32.9,32.4,33.0,32.5,32.2,33.4,32.5,32.3,33.1,32.5,33.4,32.5,33.1,32.9,32.8,31.1,33.1,33.1,32.3,32.5,32.4,33.2,33.0,32.2,33.9,33.7,34.3,33.3,32.5,33.2,32.6,32.4,33.3,32.6,32.4,31.3,33.7,32.1,31.2,33.1,32.8,32.8,32.6,31.9,33.4,32.5,31.7,32.5,33.3,33.0,32.4,32.1,32.4,32.4,32.5,32.7,33.7,33.5,32.7,34.1,34.0,33.1,32.2,32.1,32.3,33.3,33.0,31.5,32.4,32.8,32.9,32.3,32.4,34.0,33.8,32.2,32.1,32.8,33.1,32.5,32.5,33.3,32.8,32.8,31.3,32.8,33.4,32.5,32.7,33.8,33.9,34.0,32.4,32.6,32.4,32.6,32.1,32.2,31.4,32.5,32.1,31.6,31.7,32.0,32.1,32.8,31.9,32.7,33.0,33.0,31.7,32.1,31.7,32.1,32.5,32.7,32.5,32.3,32.2,32.9,33.7,33.6,33.0,33.6,34.3,33.6,33.0,32.9,32.8,33.3,32.2,32.4,31.7,32.6,32.9,33.3,32.4,33.3,32.3,32.1,32.4,32.0,32.0,32.4,33.0,33.5,31.7,31.4,33.0,33.0,33.2,33.3,33.3,33.2,33.8,33.7,32.9,32.7,33.4,31.9,32.7,33.3,32.5,31.3,32.8,32.2,32.4,32.3,33.0,33.7,32.2,32.5,32.8,32.6,33.0,32.6,33.2,32.7,31.9,32.4,33.2,31.9,33.5,33.7,33.5,33.2,33.2,34.2,33.4,33.1,32.1,32.5,33.8,32.3,32.7,33.3,32.5,32.9,32.2,32.0,32.8,32.6,32.3,31.3,32.8,33.0,33.0,32.2,32.8,33.2,32.7,32.4,32.5,32.5,33.8,32.4,35.0,34.2,33.0,33.0,33.3,32.5,33.5,32.7,33.3,33.9,32.3,31.1,33.8,32.6,31.4,32.1,32.8,33.4,32.9,32.2,33.4,32.7,32.6,32.1,32.4,32.5,32.6,32.3,32.6,33.1,32.6,33.4,33.9,33.9,32.5,33.6,34.4,32.9,32.1,32.5,32.6,33.0,32.7,33.3,32.7,32.9,33.2,32.9,32.2,33.8,33.5,32.8,32.0,32.4,33.0,33.0,33.2,32.1,32.7,32.2,33.3,33.2,33.5,33.2,34.2,34.0,33.5,33.5,33.2,33.9,33.0,32.7,33.9,32.9,32.6,32.2,32.8,32.3,31.8,33.4,32.4,32.9,32.7,31.9,32.9,33.2,32.4,32.1,32.9,32.3,32.1,32.5,33.4,33.1,33.9,33.1,34.4,34.3,33.2,32.1,33.8,33.7,33.2,33.6,34.0,32.8,32.9,31.8,32.7,34.1,32.2,32.7,31.4,33.5,33.3,32.3,31.8,33.5,33.3,32.7,32.7,33.0,32.8,32.5,33.2,33.4,33.0,33.4,33.4,33.9,34.0,32.5,33.0,33.3,33.8,34.0,34.2,34.1,32.2,32.6,32.2,32.8,32.2,32.0,32.7,32.7,32.6,33.1,31.7,32.9,32.3,nan,32.6,32.8,32.3,33.1,32.7,33.8,32.9,33.8,33.6,32.8,31.4,33.3,34.5,34.2,33.3,34.4,34.8,35.0,32.8,31.8,31.7,32.7,33.6,32.2,32.4,32.4,33.2,32.5,32.2,33.0,32.9,32.0,32.2,33.9,33.2,32.7,32.0,33.7,34.0,33.4,32.8,32.7,33.4,32.9,33.4,34.0,33.6,32.7,34.1,34.8,32.7,32.7,32.3,33.1,32.4,32.9,32.7,33.1,32.1,33.3,33.0,33.4,31.7,32.8,32.8,32.3,31.6,33.0,33.0,33.3,33.6,33.1,33.1,33.8,32.9,33.6,32.3,32.8,32.5,33.1,33.7,33.6,33.1,33.3,32.2,33.8,33.4,32.6,32.5,32.8,32.3,32.6,32.7,32.9,33.0,32.9,32.3,32.7,32.9,31.5,32.5,33.2,34.6,33.7,33.4,33.2,33.0,33.8,34.0,33.1,34.0,33.4,33.6,34.4,32.3,32.2,33.2,33.8,33.2,32.7,33.2,31.9,30.4,32.6,33.3,32.4,32.1,33.8,33.2,32.8,32.6,33.3,33.5,34.4,34.5,33.5,33.7,33.2,32.2,33.3,33.5,33.7,32.7,32.9,32.9,34.5,32.8,32.4,33.0,32.7,32.6,32.9,32.7,32.6,32.1,32.5,33.1,33.2,33.9,32.0,32.0,33.8,33.5,31.6,33.4,34.1,34.8,32.9,34.0,33.4,33.4,31.7,34.8,32.9,34.2,33.0,34.2,34.7,32.6,32.0,33.5,33.2,31.0,33.0,33.3,32.5,31.6,33.0,33.3,33.1,31.8,32.4,32.9,32.3,32.7,31.8,32.9,33.3,32.8,33.0,33.9,33.8,31.7,33.6,32.8,33.1,33.0,34.9,35.6,35.1
1785303318.4519072,498,32.9,33.1,31.9,33.1,32.5,32.5,32.3,32.0,32.8,32.2,32.2,33.2,31.4,32.1,32.8,33.1,33.0,33.2,32.8,33.1,33.4,32.0,32.6,33.3,32.2,32.9,32.4,32.7,32.3,31.9,32.5,32.9,33.5,32.1,33.7,32.7,32.3,32.1,33.0,32.2,32.5,32.5,32.7,32.5,32.4,32.0,32.5,32.9,31.8,32.4,32.7,31.9,32.5,32.4,32.9,32.2,32.3,32.4,32.9,32.1,33.1,32.5,33.0,32.5,33.4,33.9,32.9,32.7,32.6,33.2,32.2,32.2,33.0,32.5,32.1,32.9,32.7,32.9,32.0,33.4,32.3,33.2,31.5,33.1,33.1,31.7,32.3,33.1,33.0,33.1,32.4,32.9,32.8,31.9,32.3,32.8,32.3,31.7,33.2,32.1,31.1,32.8,33.7,33.1,33.1,31.8,32.5,32.9,32.8,31.5,33.3,32.8,32.3,32.6,33.6,32.3,31.9,32.6,32.6,32.8,32.7,33.0,32.3,32.7,33.1,32.8,32.4,32.4,32.0,32.7,31.6,33.4,32.6,32.6,33.4,32.1,32.0,32.2,33.0,33.4,32.2,32.3,32.7,31.9,33.2,32.8,32.2,32.5,32.2,31.8,32.7,33.7,33.1,32.8,32.5,33.0,33.3,32.5,32.8,33.6,32.6,31.9,34.1,32.2,32.5,32.3,32.1,32.5,32.4,32.9,32.4,32.1,32.0,32.5,33.1,32.3,32.3,31.5,32.5,32.5,33.5,31.8,33.8,33.9,33.6,33.5,33.3,33.4,32.2,33.2,32.5,33.9,31.6,32.3,32.6,32.6,32.3,32.9,32.2,33.1,32.4,33.2,32.9,33.4,32.4,32.9,32.6,33.3,32.3,32.7,32.3,32.5,32.6,32.8,34.1,35.0,34.0,34.2,33.4,33.0,32.5,32.6,33.1,33.7,32.4,33.3,32.4,31.7,32.2,32.0,32.8,33.7,32.3,31.8,32.8,33.0,32.2,31.5,33.0,33.0,31.4,31.7,32.7,32.7,32.7,32.0,34.3,33.5,34.4,33.2,33.3,32.5,33.5,32.6,33.1,32.8,32.6,32.4,32.2,32.4,32.7,32.5,31.7,32.9,32.6,32.6,32.9,32.4,32.6,32.2,32.0,32.8,32.6,32.3,32.3,32.2,32.5,33.3,32.6,34.7,32.9,33.7,33.8,34.2,32.9,32.4,33.3,33.0,32.1,31.4,32.7,33.3,32.4,32.4,33.2,33.7,32.5,33.0,32.8,32.2,32.7,32.2,32.0,32.5,32.0,32.8,32.2,32.7,32.4,32.7,34.0,33.4,32.8,33.7,33.2,32.9,32.6,33.2,32.4,33.5,31.7,33.2,32.1,32.6,32.1,32.4,32.7,32.4,32.4,32.6,33.2,32.3,32.8,33.1,32.6,32.4,32.9,32.7,32.3,33.0,32.8,32.3,33.3,33.8,33.4,33.9,33.6,33.1,32.1,32.3,32.9,32.3,31.7,32.1,33.1,32.3,33.0,32.8,32.1,31.6,31.9,32.0,32.8,33.0,33.5,32.5,32.7,32.6,32.7,32.2,32.8,31.9,33.5,34.0,32.7,34.2,32.8,32.9,34.2,32.9,33.6,32.1,33.6,32.3,33.1,32.6,32.3,32.7,32.6,31.6,32.2,32.6,31.8,32.1,32.6,32.5,31.7,32.0,32.8,33.0,33.3,32.7,32.8,33.5,33.5,33.8,34.8,33.7,34.0,33.0,33.3,33.6,34.2,32.8,33.3,32.9,32.5,32.1,33.2,33.2,32.6,32.4,32.7,31.8,32.5,32.5,33.3,32.9,32.4,32.9,32.7,32.1,31.8,32.7,32.7,32.9,32.6,33.2,33.7,33.9,33.2,32.2,33.7,33.4,33.9,33.2,33.4,32.9,32.9,32.8,32.7,33.5,32.1,33.1,32.8,33.8,32.4,32.8,33.0,32.3,33.1,32.7,33.3,32.8,32.8,32.2,32.8,33.8,33.8,33.5,33.8,33.7,33.1,33.0,33.7,33.9,33.2,33.4,34.1,34.3,32.8,32.6,33.8,33.2,33.1,32.5,32.9,32.3,32.5,32.7,33.7,32.1,33.1,32.3,33.2,33.7,31.8,32.1,33.2,34.1,32.9,34.0,34.1,32.4,32.9,33.6,33.6,33.5,32.1,32.7,34.6,34.6,32.3,32.8,31.9,33.1,32.4,32.4,32.1,33.3,33.6,31.9,31.3,33.2,32.8,33.1,32.0,33.7,33.1,32.5,33.5,33.7,33.6,33.8,33.5,33.4,34.0,33.0,33.7,33.3,34.3,32.8,33.4,34.5,33.5,32.7,32.8,33.0,32.9,31.4,33.2,33.0,32.0,32.7,32.2,32.9,32.1,nan,33.5,31.8,33.1,32.9,33.1,33.1,32.6,33.2,34.8,32.9,33.3,33.6,34.0,32.6,33.6,33.4,34.0,34.0,32.1,34.1,33.1,33.3,32.2,31.8,33.0,33.7,33.0,32.8,32.3,33.2,32.5,33.0,32.5,33.4,32.7,33.3,33.2,33.4,33.2,32.9,33.0,34.1,34.4,33.7,33.5,34.4,32.8,33.0,33.2,34.1,31.4,32.4,32.4,32.3,32.7,32.3,33.2,32.7,32.2,31.5,33.0,33.2,32.8,32.9,32.8,32.8,32.8,32.6,33.0,33.0,34.1,33.3,33.1,34.2,33.1,33.3,33.4,33.7,32.5,32.5,33.1,34.2,33.3,34.4,33.8,33.3,31.8,33.5,33.0,33.2,32.1,31.8,32.8,33.7,33.0,32.7,32.1,33.5,32.7,33.8,33.2,34.7,34.5,33.9,33.9,33.9,33.6,33.6,33.8,35.0,33.4,34.0,33.0,34.8,32.5,33.5,33.2,32.5,32.6,32.1,33.2,33.2,32.8,32.8,33.0,32.9,32.3,33.3,33.8,32.6,32.6,32.1,32.8,34.2,34.8,32.9,33.3,32.8,32.4,32.7,33.5,33.7,33.7,34.3,34.3,34.0,33.2,33.3,33.2,33.2,33.6,32.9,31.8,33.4,32.8,32.7,32.8,33.2,32.1,33.2,33.0,33.2,33.7,32.8,33.9,34.3,33.2,33.4,33.2,33.2,33.8,32.5,32.4,33.5,33.8,34.1,35.0,34.5,31.2,32.7,33.7,32.8,33.4,32.6,32.5,32.9,32.0,33.2,32.7,32.3,33.9,32.1,33.2,32.5,33.0,32.9,33.7,34.3,33.4,33.2,33.0,33.2,33.2,33.6,33.4,33.6,34.6,34.5,36.5,34.4
1785303320.6066315,499,31.9,33.1,33.8,33.5,32.1,32.1,33.1,32.5,31.7,31.9,32.3,33.3,31.3,33.3,32.7,31.6,32.8,33.0,32.9,32.8,32.4,33.2,33.5,32.0,32.1,31.6,32.5,32.3,33.4,33.9,32.9,32.2,33.6,32.7,32.6,31.9,32.0,32.0,31.6,32.3,33.0,31.4,32.4,33.2,32.7,31.9,32.4,33.2,31.9,32.0,32.4,32.3,32.3,32.1,32.6,32.5,32.4,31.7,33.2,33.1,33.4,33.9,31.6,34.4,30.8,34.7,32.8,32.1,32.7,32.2,32.5,31.7,31.8,32.4,32.4,32.3,31.4,32.1,31.9,32.3,33.0,32.5,31.9,32.5,32.1,33.0,33.2,32.5,32.4,33.6,32.1,33.0,32.7,32.4,32.4,33.6,33.6,32.3,31.0,31.5,32.1,32.7,32.4,33.4,32.6,31.7,32.3,32.5,32.8,31.5,31.8,32.9,32.9,32.2,32.9,32.6,31.7,32.0,33.2,33.1,33.0,32.0,32.6,33.5,33.6,32.7,32.3,32.9,33.1,32.6,31.5,32.7,31.7,31.9,33.3,32.0,32.1,33.0,32.9,32.8,32.0,32.5,32.1,33.0,32.5,33.0,31.6,32.0,32.7,33.0,33.0,33.6,33.7,32.0,32.8,32.7,32.8,32.4,32.0,33.1,32.9,31.8,32.2,32.3,33.8,32.6,33.0,32.3,33.4,31.8,32.5,32.2,32.9,32.1,32.2,31.8,32.9,32.1,32.9,32.6,32.9,31.9,33.4,33.6,33.0,33.2,32.6,33.5,32.8,31.9,32.3,33.4,33.1,32.8,32.1,32.7,31.8,31.1,32.4,31.7,31.9,32.6,32.6,33.2,32.4,31.9,32.1,33.0,32.9,32.6,31.9,32.6,33.1,33.4,33.5,33.6,34.2,32.5,33.0,34.2,33.4,32.9,33.0,33.1,32.1,32.7,32.3,32.8,31.5,32.5,33.2,31.8,32.9,32.0,31.8,33.4,31.9,31.6,31.8,32.3,32.3,32.3,33.1,33.0,32.6,32.8,34.1,34.0,33.6,33.7,32.7,33.2,33.1,32.9,32.6,33.2,32.7,31.8,32.3,32.9,32.0,32.0,33.0,33.0,31.3,33.2,32.8,32.5,31.4,31.8,31.9,32.7,32.4,32.7,32.2,32.4,33.2,32.1,34.2,33.6,33.5,34.1,32.5,32.9,34.0,32.3,32.8,32.3,32.2,32.6,31.2,32.3,32.5,32.3,32.7,32.7,32.3,31.4,32.1,32.4,33.1,31.7,33.1,33.4,32.0,32.2,31.9,32.7,32.8,32.2,33.1,34.0,33.8,32.6,32.7,33.7,33.3,32.2,31.8,33.2,32.3,32.5,32.8,31.9,32.0,33.3,32.8,33.9,32.0,33.5,32.7,32.6,32.2,32.1,32.9,32.6,32.4,32.1,33.2,32.9,31.8,32.7,33.7,34.4,32.9,32.9,33.4,32.8,32.7,32.6,32.6,32.5,32.8,31.8,32.6,33.0,32.5,33.4,32.4,31.9,33.3,32.6,32.8,32.2,32.2,32.6,32.1,33.0,32.8,31.7,32.6,33.1,32.8,32.8,33.1,33.3,34.3,33.0,33.3,33.0,33.3,31.7,32.1,32.8,32.8,32.3,31.4,32.6,32.9,32.8,32.3,32.3,32.9,32.7,32.4,31.7,31.9,31.5,32.3,32.6,32.9,32.0,32.6,32.8,33.7,34.7,34.4,33.8,33.1,33.5,34.3,33.8,33.4,32.7,32.2,32.0,33.9,31.8,32.3,31.9,32.2,32.2,32.2,31.9,32.4,31.6,32.6,32.8,33.0,32.2,31.5,32.1,33.0,32.1,32.8,32.8,33.8,34.0,34.5,34.2,33.8,32.8,33.1,33.2,33.3,33.3,32.1,33.0,32.8,32.9,32.6,32.8,32.9,32.8,32.3,33.4,32.5,32.4,32.4,32.8,32.6,33.5,32.8,32.9,33.1,33.6,33.4,33.3,34.7,33.7,33.1,33.8,33.4,32.9,34.0,33.6,33.4,32.8,33.8,33.0,32.1,32.3,33.3,31.8,31.9,31.5,32.6,32.3,31.8,31.6,32.6,32.2,34.1,32.5,33.1,32.9,32.5,32.5,32.8,33.7,33.8,33.2,34.1,34.2,34.0,33.0,32.8,34.3,32.4,33.4,33.9,33.5,31.7,32.3,31.4,33.4,32.1,32.8,31.8,32.7,32.2,33.2,32.4,33.4,33.0,33.1,32.1,32.9,32.7,33.2,32.8,33.3,33.9,33.3,33.8,33.1,34.6,34.1,33.8,33.9,33.8,32.7,34.1,33.2,31.5,32.2,33.3,32.3,32.6,32.6,32.6,32.4,32.8,32.3,32.6,32.8,32.4,nan,32.8,32.2,33.0,31.6,32.8,33.4,33.0,33.5,33.2,34.6,33.9,33.4,32.6,33.2,33.4,32.2,33.5,33.9,32.6,32.3,32.6,32.4,31.8,32.3,32.3,33.1,32.9,32.5,31.7,32.1,33.0,31.9,32.6,32.8,33.6,32.6,33.1,33.5,33.1,33.1,34.1,33.5,33.4,33.8,32.9,34.5,33.4,33.9,33.3,33.4,33.0,32.1,32.5,33.2,32.5,32.8,32.4,32.5,32.9,32.2,33.6,33.3,32.4,33.0,32.8,33.2,32.5,32.9,33.5,33.9,32.4,33.0,32.7,33.1,33.4,32.3,33.7,34.3,32.8,33.6,34.6,33.3,32.5,33.0,32.0,33.0,31.8,32.6,32.9,32.7,31.9,33.2,33.8,33.8,33.3,33.0,33.1,33.1,33.6,32.9,33.1,35.0,34.0,34.5,33.8,34.0,33.5,33.3,34.6,33.7,33.5,32.7,33.9,33.4,33.3,33.2,33.9,33.4,32.7,32.6,32.7,32.2,33.7,32.9,32.9,32.1,33.2,32.7,33.1,33.4,33.9,31.9,33.4,35.5,34.6,34.1,33.6,34.1,32.1,32.1,33.2,32.7,33.6,33.2,34.2,34.6,33.1,32.9,33.7,33.7,32.7,33.6,32.2,32.3,31.7,32.9,31.9,33.3,32.8,33.1,33.1,32.8,32.2,32.6,34.0,34.2,33.5,34.4,33.7,32.9,33.1,33.9,34.7,33.8,33.9,34.4,34.5,35.2,33.4,32.8,34.0,33.1,33.5,32.1,31.8,32.4,32.2,32.4,33.3,33.5,33.5,32.8,32.8,32.4,32.6,31.9,32.9,33.3,33.8,32.1,32.4,33.1,33.3,32.4,32.9,34.1,34.3,34.6,34.4,35.0
1785303322.7514493,500,32.1,31.9,32.4,32.4,32.7,32.9,33.0,32.6,32.6,31.6,32.0,32.6,34.1,31.7,33.2,32.7,33.0,31.7,32.6,32.5,31.5,31.6,32.8,32.3,31.2,31.4,33.4,32.9,32.8,33.1,33.8,33.6,32.1,32.1,33.7,32.0,31.7,31.2,32.4,32.4,32.3,32.3,33.2,32.9,32.2,31.7,32.9,32.9,32.9,32.2,32.5,33.1,32.1,32.8,33.6,33.1,31.9,32.8,32.8,33.4,32.4,33.2,33.0,34.0,33.2,31.9,33.4,32.9,32.4,33.2,32.4,33.4,32.6,33.0,32.8,32.7,31.8,32.0,32.7,33.2,32.5,32.7,32.3,32.5,31.1,33.1,33.2,32.9,32.7,32.3,32.8,32.1,33.3,32.7,32.6,32.3,33.0,31.5,32.5,31.9,32.2,32.2,33.3,32.5,32.3,32.2,31.8,33.3,32.9,32.9,32.2,32.1,32.8,32.4,32.2,32.6,32.6,32.3,32.2,31.9,33.5,32.4,32.1,34.5,33.5,31.7,34.0,32.4,32.5,32.4,32.5,32.5,31.6,32.6,32.8,32.6,32.1,32.0,32.3,33.1,32.5,31.7,32.4,32.2,32.7,31.8,32.9,32.3,32.1,32.3,33.4,33.3,32.6,32.6,32.5,33.4,32.5,33.1,31.9,34.0,31.6,31.9,32.6,32.2,32.7,32.1,33.0,32.7,32.4,32.4,33.1,33.1,33.1,32.3,31.9,32.5,32.3,32.6,32.1,32.8,32.5,33.0,34.3,33.9,33.8,33.7,33.6,33.0,31.9,32.2,32.4,34.4,32.3,32.0,32.0,32.8,32.5,32.1,32.7,32.9,32.0,32.3,32.4,32.6,32.1,32.4,32.6,32.3,32.3,33.1,33.1,32.2,32.8,32.1,33.9,33.5,33.4,32.2,32.7,32.9,33.1,32.6,33.1,32.6,33.1,32.2,32.8,31.9,32.0,33.1,32.6,31.7,31.9,32.4,32.7,32.5,32.0,31.5,33.0,33.2,32.6,31.7,32.6,31.9,32.0,32.0,33.5,34.7,34.0,33.4,32.4,33.0,33.1,32.8,32.7,32.9,31.3,32.4,32.2,33.0,32.5,32.6,33.3,33.1,33.3,32.7,31.7,33.2,32.3,32.3,32.6,32.9,32.1,32.0,32.4,32.9,33.1,32.6,32.5,33.6,33.9,34.3,32.5,32.6,33.5,32.4,32.9,32.6,32.9,31.6,33.5,32.7,32.6,31.3,32.6,33.5,31.3,32.5,32.6,32.7,31.5,32.2,31.7,33.2,31.8,32.4,32.2,33.3,31.7,31.6,33.3,33.7,34.5,32.9,33.2,33.8,32.0,32.3,31.9,32.5,32.8,32.8,32.5,32.0,31.7,32.5,31.6,32.6,33.3,32.1,32.7,32.5,31.8,32.5,32.6,32.5,31.5,32.3,32.8,31.9,32.2,33.3,32.9,33.5,33.6,33.7,33.6,34.6,33.2,33.0,33.7,33.4,33.1,32.3,32.3,33.1,32.4,31.9,32.6,33.3,31.9,31.8,33.1,33.2,32.4,31.6,32.7,33.3,31.7,33.0,32.2,31.8,32.8,33.4,33.6,34.2,33.8,34.1,33.2,32.6,32.5,32.0,33.9,32.5,32.5,32.6,32.5,33.2,32.8,33.4,32.6,32.4,32.8,32.4,31.4,32.9,31.8,32.2,32.5,33.3,33.3,32.2,33.1,33.2,33.6,34.0,33.3,34.3,34.5,32.2,34.5,33.9,33.3,33.7,33.1,33.9,32.1,32.7,32.2,32.8,32.8,32.2,32.5,32.5,31.7,33.7,31.8,31.9,32.5,32.3,33.2,33.1,32.7,33.4,32.7,32.6,33.5,33.7,33.4,33.7,33.3,32.7,33.5,34.3,33.5,33.2,32.6,32.1,32.5,33.6,32.7,33.8,32.2,31.8,32.2,33.4,32.4,32.4,32.5,32.8,33.0,32.3,33.1,33.0,31.7,32.6,32.8,33.2,34.2,32.8,34.2,33.8,33.8,33.5,33.1,33.9,33.3,33.4,33.7,33.3,32.6,32.0,33.4,32.4,32.2,31.6,32.9,33.0,32.2,31.5,34.2,32.2,33.4,32.1,32.7,32.9,32.6,32.9,32.8,33.6,33.7,33.6,33.4,33.9,32.8,33.2,33.7,33.8,32.5,33.8,34.8,33.6,32.7,32.8,31.9,33.3,32.2,32.2,33.3,32.8,33.6,31.4,32.5,32.3,32.8,32.2,32.8,33.2,32.3,33.0,32.7,34.3,33.1,32.8,32.8,33.7,34.2,33.3,33.9,33.8,32.6,33.4,33.8,34.5,32.4,31.7,33.2,32.0,32.5,32.1,32.8,33.2,33.4,32.6,32.9,33.2,32.9,nan,33.2,32.4,32.9,33.1,33.8,33.6,33.5,33.4,33.1,34.0,34.1,33.3,33.9,33.5,33.4,33.4,33.4,34.0,32.8,32.6,33.1,33.7,32.4,32.9,32.1,33.0,31.8,32.3,32.6,32.1,31.7,32.5,33.3,33.0,32.5,32.8,33.7,33.3,33.2,33.7,33.8,33.2,33.2,33.2,34.1,33.6,33.0,32.8,34.2,34.1,32.2,32.6,32.2,32.9,32.9,31.8,33.8,32.6,33.4,32.2,32.9,33.1,32.5,32.8,32.7,32.6,32.9,31.8,33.4,33.8,34.1,33.3,33.9,33.6,32.9,33.1,34.5,34.0,33.4,33.5,33.3,33.8,32.4,33.3,32.8,33.3,32.2,33.7,31.7,33.0,33.2,33.1,33.0,33.3,33.5,33.2,32.6,33.9,33.2,33.1,33.8,33.5,34.7,34.2,33.6,33.2,33.0,33.2,33.9,34.4,32.6,33.2,33.8,34.8,33.1,32.9,32.9,32.7,32.0,32.9,33.0,33.3,32.0,32.9,33.3,32.6,33.3,32.6,33.6,33.5,32.8,32.6,33.1,34.0,34.8,34.1,34.2,33.5,33.1,32.6,33.8,33.2,32.7,34.5,33.3,34.0,32.6,32.6,33.2,33.6,33.4,33.7,31.7,33.2,32.3,32.8,33.2,32.8,31.8,33.2,33.4,33.5,33.0,32.1,34.1,34.3,34.6,33.4,33.6,34.3,33.6,32.6,32.8,34.2,33.0,33.2,34.6,35.3,31.7,32.7,33.4,33.9,33.2,32.8,32.6,34.0,31.6,32.5,32.9,33.0,32.7,32.7,33.0,32.3,32.5,32.9,34.2,33.6,33.9,32.5,33.7,34.1,33.0,32.3,32.0,33.6,34.6,35.5,34.7,34.6
1785303324.872875,501,33.3,32.4,32.8,33.2,31.7,31.5,32.2,32.7,31.7,33.3,32.7,33.0,31.1,32.4,32.6,33.2,31.7,32.6,32.6,32.6,32.2,32.3,32.1,32.4,32.3,32.2,33.3,31.7,34.0,32.5,32.4,33.3,33.9,32.5,33.1,32.8,33.1,31.6,32.9,31.7,31.6,31.6,33.0,32.4,32.7,31.8,31.9,33.2,31.9,32.1,32.6,33.1,33.2,32.5,32.6,32.9,32.2,32.5,34.4,33.5,33.4,32.1,32.6,32.6,32.3,33.3,32.3,32.9,32.7,33.7,32.9,32.7,32.0,32.8,32.9,32.8,31.9,32.1,32.8,32.5,32.8,32.5,32.4,32.0,32.5,31.6,32.8,32.7,31.3,32.7,33.3,33.5,32.5,32.2,31.0,32.9,34.1,32.3,32.9,32.2,33.3,33.0,34.0,32.8,32.4,32.5,32.5,32.7,31.8,31.7,33.0,33.1,32.6,32.6,32.2,31.7,33.1,32.7,33.0,32.9,32.7,32.9,31.4,33.7,32.8,31.8,33.2,33.4,32.1,32.3,32.6,32.9,32.1,32.3,33.1,32.4,32.1,32.8,32.6,32.3,32.5,31.9,32.3,32.2,33.0,32.7,32.3,32.6,32.5,32.9,32.3,32.9,33.4,32.5,32.4,32.3,31.6,32.6,32.9,33.3,33.6,32.7,33.4,32.3,32.6,32.8,32.6,32.8,32.2,32.2,32.5,32.2,32.4,32.4,32.2,33.1,33.2,33.1,32.1,32.6,32.8,31.7,32.9,34.7,33.6,32.9,33.2,32.9,32.7,33.7,31.9,33.6,32.9,33.7,32.3,31.7,32.0,32.0,33.4,32.3,31.9,32.6,33.5,32.7,31.6,32.5,32.9,32.1,32.4,32.3,33.2,32.6,31.7,32.8,33.7,34.5,33.7,34.3,32.4,32.7,31.9,32.9,33.6,33.6,32.5,32.3,31.3,32.4,32.9,32.5,32.5,33.3,32.4,32.5,33.0,33.3,32.0,32.9,33.3,32.2,32.3,31.7,33.4,33.1,33.0,32.1,33.6,34.3,34.1,34.3,33.8,31.9,31.9,33.1,33.5,32.3,31.6,32.5,32.3,32.1,32.6,33.0,32.8,33.0,32.2,33.0,32.7,32.7,32.4,32.1,32.9,32.3,31.9,32.8,33.0,32.6,32.2,33.2,34.1,34.1,33.4,34.0,33.0,32.7,33.2,32.9,32.6,33.5,32.4,33.0,32.2,31.7,33.6,32.1,33.1,33.4,34.6,33.4,32.7,32.4,32.8,32.3,32.8,33.1,32.3,32.2,32.8,32.5,32.2,32.7,33.9,34.0,33.8,33.7,33.3,34.4,32.9,33.3,32.7,32.6,33.1,32.7,33.0,32.9,31.9,32.8,33.2,33.2,32.9,32.7,32.8,33.1,32.3,32.3,32.2,32.5,32.3,33.2,33.4,33.1,33.1,32.6,32.7,33.9,33.4,33.3,33.6,33.5,32.5,32.0,33.6,32.4,32.8,32.8,32.3,33.6,32.5,32.5,32.8,32.9,33.6,31.8,32.8,32.5,32.8,31.9,33.0,33.5,32.3,32.3,33.6,32.7,33.4,33.2,33.4,33.1,33.8,33.2,34.7,33.2,32.9,32.4,32.9,32.8,33.6,33.2,32.8,32.8,33.0,32.6,33.0,33.5,32.4,32.7,33.4,32.4,33.1,32.8,32.4,32.3,32.1,32.8,32.7,32.8,33.4,34.1,33.3,33.8,33.9,33.5,33.4,33.3,34.2,32.8,31.6,33.6,33.7,32.2,33.3,32.9,33.5,32.0,33.5,32.3,32.8,32.0,32.8,33.0,32.0,33.3,32.5,33.2,33.3,33.0,32.8,33.3,33.6,33.8,33.2,33.7,33.0,32.7,34.0,34.4,33.7,33.5,34.3,34.2,31.1,33.2,32.6,32.6,32.2,32.9,33.4,32.9,32.1,33.4,32.8,33.3,32.4,32.6,32.6,32.8,32.9,32.8,33.1,33.3,33.4,33.9,33.4,33.3,32.2,33.6,34.0,33.3,32.4,33.7,33.6,33.6,33.2,32.9,32.9,33.3,32.8,32.4,33.5,33.8,33.1,32.3,33.5,33.2,32.1,32.4,32.8,33.0,33.2,32.7,33.1,34.2,33.3,33.8,34.5,33.4,34.3,33.3,33.2,33.6,34.2,33.5,33.9,33.7,33.2,32.8,32.2,32.1,32.7,33.2,33.4,33.3,32.5,33.4,32.1,32.9,32.9,32.8,32.8,32.2,32.6,32.5,33.6,33.1,33.7,34.1,33.8,33.3,32.8,34.2,34.5,32.6,33.3,33.5,34.5,33.8,32.1,32.2,32.7,32.5,33.4,32.4,32.1,33.0,33.5,31.7,32.3,33.2,32.9,nan,33.0,33.5,32.5,32.9,33.2,33.9,33.5,34.0,33.4,33.2,33.7,33.7,33.7,34.1,33.4,33.4,33.3,33.7,33.1,33.0,32.4,32.9,32.2,33.4,32.7,33.4,31.9,32.7,33.3,33.1,32.6,32.8,32.3,33.1,31.8,33.6,33.3,32.8,32.9,32.5,33.8,33.5,33.6,33.0,34.9,35.0,33.6,33.9,32.9,33.6,32.4,32.5,33.4,32.2,32.1,33.2,31.7,32.9,32.0,31.8,33.4,32.3,32.3,31.6,32.9,33.7,32.9,32.4,32.7,33.4,33.5,32.7,32.2,33.2,32.5,33.5,33.7,34.7,33.4,34.0,34.7,33.9,32.3,33.6,32.2,33.9,32.3,32.5,32.7,33.5,32.4,34.0,33.1,33.3,31.9,33.2,33.3,32.8,33.1,32.8,33.1,33.3,34.0,34.4,33.7,33.0,33.0,33.3,34.1,34.1,33.3,34.3,34.4,33.9,33.1,33.0,33.7,33.4,32.5,33.6,32.5,32.5,32.5,32.5,32.6,32.9,33.1,32.7,32.6,32.4,33.1,32.4,32.4,34.3,35.4,34.8,34.5,33.3,32.5,33.6,33.2,34.0,33.6,33.6,34.9,35.2,33.4,33.0,33.3,32.8,32.1,33.4,32.7,32.7,32.6,33.0,33.3,32.4,32.4,32.6,32.8,32.8,32.4,32.8,33.1,34.6,34.2,33.7,33.9,33.1,32.2,34.3,32.7,32.0,33.3,34.6,34.7,33.7,32.8,32.8,33.4,33.3,32.1,32.7,32.8,32.6,32.6,32.9,33.0,33.5,33.5,32.6,31.9,33.6,33.0,33.0,33.3,32.3,33.7,33.3,33.5,34.1,32.0,33.1,33.7,33.6,33.3,35.0,35.7,35.2
1785303327.0415416,502,32.2,32.3,32.3,32.1,32.6,31.8,33.3,32.4,33.5,31.2,32.5,33.4,33.0,31.9,32.4,32.7,32.9,32.1,33.7,32.4,33.2,31.8,33.5,33.1,33.3,31.9,32.1,31.8,34.7,32.4,32.4,31.6,32.2,34.3,32.0,33.6,33.2,32.4,31.7,32.5,31.7,33.4,32.1,32.8,31.1,33.0,32.0,33.1,32.9,33.2,32.3,33.1,32.0,32.3,32.5,32.9,32.3,33.5,32.4,34.0,33.1,34.4,33.3,33.6,33.6,32.4,32.3,32.1,33.3,32.6,32.7,32.6,32.9,32.1,32.2,32.2,33.2,32.2,32.1,31.5,33.0,32.6,31.6,32.2,33.0,32.1,31.9,32.6,32.6,31.2,32.5,32.3,34.0,31.9,33.1,32.6,32.1,32.8,31.4,33.3,31.8,32.6,31.7,32.8,31.8,32.8,32.7,32.3,31.7,32.4,31.5,32.7,32.8,33.1,32.3,32.6,31.9,32.7,32.0,32.6,32.6,33.8,32.1,32.9,33.3,32.9,32.6,33.4,33.1,32.5,32.4,31.5,33.5,32.8,32.5,32.5,33.0,32.7,32.6,32.2,32.7,32.8,32.8,31.8,33.0,32.5,32.1,32.5,33.0,32.8,32.8,32.6,33.0,32.4,32.6,32.6,34.0,34.3,34.0,32.5,33.5,32.9,31.7,32.1,31.7,33.2,31.7,33.8,31.6,32.9,32.1,32.5,31.8,32.1,32.5,32.3,31.3,32.3,33.1,33.1,33.0,32.6,32.1,33.5,32.3,33.3,31.8,33.1,32.4,34.1,33.1,32.7,33.3,30.7,33.1,32.2,32.2,31.0,33.0,32.5,33.0,32.5,32.3,32.3,32.9,31.9,33.2,32.5,32.4,32.2,32.7,32.4,32.9,32.0,32.4,32.5,33.7,32.8,33.2,33.2,35.3,34.0,34.0,33.7,32.2,32.7,31.8,32.0,32.4,32.1,31.9,33.3,32.3,33.4,32.8,32.9,32.5,32.8,33.0,32.3,32.4,32.6,32.5,32.7,33.2,32.5,32.0,33.1,32.0,32.5,32.0,32.6,32.8,35.0,35.0,34.2,33.6,31.3,31.9,30.8,32.4,32.3,33.0,31.9,33.4,32.6,33.0,32.4,33.2,31.5,32.9,32.5,32.7,32.5,33.4,32.5,33.2,32.3,32.9,32.5,32.7,32.0,33.9,33.2,33.8,33.2,34.6,34.6,31.9,32.8,31.5,32.7,31.5,33.4,31.6,34.7,31.0,33.3,33.0,32.9,32.8,32.8,32.0,33.3,31.4,33.1,32.8,33.0,32.7,32.7,32.2,32.7,32.7,33.7,33.4,34.1,33.4,33.7,32.8,33.8,32.7,31.8,32.2,32.0,33.5,31.8,32.3,32.4,32.7,32.5,33.3,32.3,33.5,32.3,32.7,32.7,33.4,31.6,33.2,32.2,32.3,32.5,33.1,32.7,33.9,32.2,33.7,32.7,34.5,33.2,33.2,32.1,32.1,31.6,33.0,33.1,31.9,33.4,32.3,32.4,31.9,32.9,32.7,33.5,32.2,33.1,32.0,33.6,32.1,33.7,32.4,32.5,33.3,32.5,32.8,32.7,32.8,33.3,32.9,34.1,32.8,33.9,33.6,32.8,33.8,32.8,33.4,32.5,33.2,32.5,33.4,32.4,33.4,32.0,33.5,32.0,32.8,31.9,32.4,32.4,33.7,32.2,33.1,32.7,32.8,32.9,33.3,33.3,34.3,32.7,33.2,32.5,33.3,32.8,33.2,31.5,31.7,33.0,32.2,33.3,32.1,33.1,32.1,32.6,33.5,33.0,32.4,32.8,32.1,32.7,32.4,32.6,32.4,33.8,32.9,32.7,32.1,33.2,32.7,33.9,33.7,33.3,33.2,34.4,32.8,33.0,32.2,33.0,33.2,32.0,33.4,31.1,33.3,31.9,33.2,33.3,33.7,33.0,33.1,32.2,33.4,32.8,32.6,31.9,33.6,31.7,33.9,32.4,33.6,33.0,33.8,33.5,34.8,33.7,33.3,33.7,33.5,31.9,34.8,31.9,32.4,33.9,32.4,33.9,32.2,32.6,32.5,33.1,32.4,33.0,32.1,32.8,32.6,32.5,31.9,32.7,32.7,33.2,32.9,32.9,31.9,32.6,33.2,33.9,33.5,34.0,34.1,33.8,33.4,33.0,32.6,33.7,32.8,32.2,33.0,32.9,32.3,32.6,32.9,32.3,32.9,32.6,31.9,32.7,32.9,32.5,32.8,33.2,33.1,32.2,32.4,33.0,33.2,33.4,33.8,34.4,33.6,33.2,33.4,32.9,34.2,33.6,34.7,32.5,33.3,32.9,32.0,32.9,32.4,32.4,32.0,33.0,31.5,32.3,32.6,33.2,31.8,nan,32.6,33.0,32.4,33.5,32.6,33.4,33.1,33.2,33.8,34.2,32.6,33.9,34.3,33.4,33.7,33.7,34.4,34.3,32.7,32.2,32.7,33.3,33.3,33.1,33.3,32.1,33.6,32.5,32.8,32.8,32.6,32.0,32.8,32.4,33.4,31.7,32.9,32.7,33.1,32.2,33.8,33.9,33.8,32.8,33.8,32.7,34.4,32.7,34.4,34.6,31.6,32.7,32.3,33.0,32.9,32.4,32.5,33.2,33.6,32.5,32.4,33.9,33.5,32.6,32.1,32.2,32.0,32.9,32.6,33.8,32.1,33.2,33.8,35.3,33.5,34.3,32.5,34.2,33.6,33.2,34.3,34.3,34.1,31.3,33.3,33.1,33.1,33.1,32.7,32.8,33.0,32.3,32.6,32.8,32.4,32.5,33.6,33.0,34.5,31.5,33.6,32.7,33.5,32.9,34.9,34.8,34.4,33.4,33.9,34.0,34.5,32.8,33.7,34.0,33.4,33.0,32.3,32.0,32.8,33.0,32.1,32.9,32.1,32.7,32.1,32.9,32.5,32.9,32.5,33.3,32.6,33.6,32.8,32.8,32.8,33.1,34.4,34.0,32.2,33.6,33.5,33.5,33.7,34.6,33.9,34.8,33.1,33.1,32.6,32.9,33.5,32.7,33.3,31.9,32.4,33.2,33.3,32.0,33.0,32.5,33.1,33.8,32.9,32.7,33.1,33.1,34.4,32.0,33.9,31.7,34.5,32.5,33.9,32.9,34.5,33.0,35.8,34.2,32.6,33.3,33.7,33.1,32.2,33.5,32.5,32.2,32.9,32.6,32.9,33.5,32.2,32.4,32.3,32.8,32.0,33.0,32.5,33.5,32.8,32.8,32.6,34.1,33.4,33.9,34.6,33.4,33.0,34.0,34.3,34.5
1785303329.2088575,503,34.3,34.0,33.2,33.0,32.7,33.1,33.0,31.6,33.0,33.1,31.9,31.8,32.9,32.8,33.4,31.5,32.1,32.1,33.4,32.5,32.9,32.7,32.2,32.8,33.0,32.0,34.3,32.4,32.4,32.8,33.8,33.3,32.6,31.1,32.4,33.5,31.6,32.6,33.1,32.0,32.0,32.9,32.4,32.5,31.4,31.9,33.0,32.2,33.2,32.2,33.0,34.1,32.8,32.6,32.1,33.2,32.6,33.4,33.2,33.4,33.4,33.0,33.4,33.8,33.7,31.8,33.2,31.9,33.0,32.7,32.8,31.6,32.6,31.1,32.7,31.9,32.9,31.9,32.9,31.4,33.0,32.8,31.8,31.8,32.4,32.4,32.9,32.5,32.7,32.5,32.0,32.4,33.3,32.2,32.3,32.7,32.2,33.0,33.1,33.2,32.5,32.0,32.0,32.5,33.4,32.9,32.8,32.6,32.7,32.8,32.3,32.6,32.4,33.3,31.9,32.8,32.2,33.0,32.9,32.6,32.7,33.0,32.2,33.2,32.4,32.8,32.8,32.8,32.5,32.8,32.1,33.1,32.4,32.5,32.4,31.4,33.2,32.5,32.2,32.2,32.6,32.2,32.9,32.4,32.4,32.4,32.6,32.2,32.9,33.4,33.1,32.7,32.8,32.2,32.9,32.7,32.9,32.4,32.8,32.9,32.9,32.8,32.5,32.7,31.6,32.1,33.0,33.3,32.6,33.3,32.2,33.1,32.7,32.3,31.9,32.4,31.8,32.7,32.1,32.7,33.3,34.5,32.7,34.0,32.7,33.3,32.6,32.5,32.3,33.2,32.1,32.9,33.5,32.6,32.6,32.3,32.1,31.7,32.5,32.5,32.5,33.2,32.9,31.9,32.8,32.7,32.1,32.6,32.8,32.8,32.1,32.5,34.3,33.2,32.4,33.3,32.9,31.9,33.3,32.9,33.1,32.9,33.3,32.1,32.1,33.1,32.2,32.5,32.3,32.4,32.0,31.6,32.4,33.3,32.9,33.0,31.6,32.3,32.6,32.2,32.6,32.4,32.8,33.2,34.4,33.7,33.1,33.7,32.9,32.5,32.9,33.2,32.1,33.0,34.1,33.5,33.7,32.3,32.4,32.2,32.5,33.0,32.2,32.0,32.8,32.8,32.8,33.0,32.6,33.1,32.5,32.9,33.0,32.8,33.1,33.6,35.2,33.9,33.5,33.8,32.4,33.3,33.6,33.3,32.4,32.7,33.5,32.3,32.2,32.5,32.6,33.0,32.3,32.6,32.4,32.6,30.5,33.2,33.6,34.0,32.5,32.8,31.5,32.7,33.3,33.2,32.6,33.8,34.6,35.9,34.3,33.7,33.1,33.4,32.8,34.3,32.9,33.0,33.5,34.1,32.8,32.9,32.5,32.4,32.5,32.8,31.5,32.2,32.1,32.4,32.4,32.0,32.0,32.9,32.3,32.2,32.2,32.6,33.8,32.6,33.8,33.9,34.1,33.6,33.6,33.8,33.6,32.6,33.0,32.0,32.7,33.4,31.6,32.3,32.3,32.8,32.2,32.6,32.1,33.4,32.3,33.0,32.8,33.5,32.4,32.9,32.3,32.6,31.7,32.4,33.6,33.0,32.8,33.5,32.6,33.7,33.9,34.4,33.1,32.4,33.1,33.1,32.5,33.7,32.5,31.7,30.9,32.8,33.1,32.8,31.7,32.7,32.8,32.1,32.3,32.4,32.7,32.3,33.1,32.2,33.6,32.5,33.8,33.1,32.5,33.9,34.3,33.8,33.3,31.8,34.4,34.4,33.7,32.8,33.1,33.0,33.3,32.3,33.1,32.4,32.6,32.8,32.6,32.7,33.3,32.0,32.1,32.7,31.6,33.4,32.5,33.1,33.0,33.2,32.9,33.7,33.0,33.1,33.3,33.1,31.3,33.7,34.0,34.2,33.0,32.5,33.3,34.1,33.1,33.4,33.5,31.8,31.7,32.0,32.9,32.7,32.8,32.4,32.5,32.8,32.8,32.6,32.2,32.2,32.8,32.6,33.2,34.4,33.5,33.4,33.5,33.1,34.2,34.5,33.2,34.4,33.5,32.6,33.3,33.4,33.0,32.6,32.5,32.6,32.5,32.1,32.8,33.0,32.5,32.9,32.3,32.9,32.2,32.9,33.6,32.6,33.3,32.9,33.0,33.1,32.7,34.2,33.7,33.3,33.3,34.3,34.0,34.9,33.9,33.1,33.5,34.2,32.9,31.9,33.7,32.5,33.1,32.8,33.0,32.6,33.0,32.6,32.3,32.9,33.3,31.8,33.0,32.8,32.2,31.8,33.5,33.1,33.6,33.0,34.7,33.3,33.5,34.0,34.0,33.7,32.6,33.7,33.6,32.6,32.4,32.3,32.5,33.0,32.7,33.6,32.1,32.9,32.7,33.6,32.3,33.1,32.4,nan,31.9,33.3,32.5,33.1,32.2,33.6,33.0,33.4,33.7,33.3,32.4,33.4,33.9,33.9,32.8,33.3,33.3,33.8,33.2,33.6,33.0,32.5,33.6,31.9,33.3,32.2,32.7,33.1,33.0,33.0,32.5,32.5,32.9,32.8,33.0,32.8,32.7,32.8,34.2,34.2,34.0,33.1,34.8,34.0,34.7,33.4,33.5,33.0,33.8,32.4,31.3,32.9,32.6,32.5,33.2,32.4,32.4,33.5,32.7,32.9,32.7,33.4,32.9,32.8,32.2,32.8,33.4,33.1,32.9,33.7,33.9,34.6,34.1,34.9,33.6,33.8,33.9,35.2,33.6,33.3,33.0,33.4,34.6,32.1,33.0,33.1,33.0,32.5,32.5,32.6,33.2,32.1,33.0,32.6,32.9,33.2,32.7,33.5,33.4,32.5,33.2,32.5,33.9,33.7,33.7,34.0,33.6,33.3,34.3,34.3,34.2,32.9,34.3,33.4,32.2,33.8,32.9,33.3,32.3,33.9,32.6,33.4,31.6,32.6,32.9,33.5,33.6,32.8,33.1,33.2,32.4,33.3,32.9,33.4,32.9,33.7,34.1,33.7,33.9,33.7,33.8,34.5,34.0,34.1,33.6,34.3,33.3,32.8,32.5,33.1,32.6,33.5,32.8,32.0,33.0,32.2,32.3,33.0,33.7,32.9,33.0,32.8,33.4,31.7,33.4,33.2,33.2,33.4,34.5,33.9,33.4,33.4,34.6,32.8,34.4,33.8,34.8,34.1,33.5,32.7,32.7,33.0,32.6,32.8,32.2,33.3,32.5,32.5,32.6,33.4,32.3,33.2,32.5,33.6,33.0,33.2,32.3,33.3,33.3,33.4,33.3,34.2,33.4,33.0,31.9,33.9,31.7,34.1,32.8,35.1
1785303331.5703347,504,33.7,31.6,34.9,33.3,33.6,32.5,32.3,32.6,33.2,33.4,32.2,33.7,32.5,33.1,33.2,33.8,33.9,32.7,32.3,32.6,33.6,30.9,33.0,31.5,33.2,32.9,33.2,32.5,34.6,32.2,34.3,32.9,32.4,33.2,32.7,32.7,32.4,33.6,32.2,33.3,32.1,32.9,32.5,32.5,32.1,32.8,32.6,32.6,31.3,32.8,32.0,32.8,32.8,32.8,32.4,32.8,31.9,33.8,32.9,33.2,33.8,34.5,31.3,32.3,34.2,32.9,32.0,32.7,32.6,33.8,32.8,32.7,34.1,32.9,32.7,32.9,33.6,31.3,32.2,32.8,33.6,32.6,32.3,32.3,33.1,32.3,33.3,32.4,34.2,33.7,33.0,32.7,33.3,32.3,33.5,32.5,32.3,33.7,31.4,33.0,32.2,32.6,32.5,32.5,33.3,32.7,31.7,32.4,32.3,33.5,33.1,32.8,32.5,33.5,33.0,33.2,32.5,34.0,33.5,32.6,33.1,33.0,33.5,33.4,32.9,34.0,33.6,33.7,34.4,32.7,33.2,32.4,33.4,32.6,32.8,32.3,32.3,32.6,32.1,32.3,33.2,32.7,32.5,32.6,33.2,32.3,32.7,32.3,32.4,33.0,32.9,33.2,33.3,33.5,33.6,33.4,33.9,33.1,33.7,33.2,32.8,33.3,31.3,32.2,32.7,33.1,32.9,32.9,32.8,32.8,32.1,32.1,32.7,34.1,32.8,32.0,32.2,33.1,32.5,32.8,33.2,32.8,33.2,33.3,32.5,33.9,32.6,33.6,31.6,34.0,33.1,32.4,34.1,33.4,32.6,32.2,32.9,32.7,32.7,33.1,33.2,32.9,33.7,32.6,33.7,32.6,32.8,33.0,33.0,32.4,33.1,33.7,34.1,32.2,33.4,32.9,34.0,32.7,32.9,32.6,32.9,33.2,33.1,33.3,32.4,33.3,32.3,32.1,31.8,33.3,33.0,32.8,32.8,33.8,32.1,33.3,31.9,33.1,31.9,32.7,32.6,33.3,32.7,32.4,33.1,33.3,34.4,35.0,33.6,34.7,32.8,32.5,33.4,33.4,32.7,33.5,32.2,31.5,32.6,32.5,33.1,32.3,33.3,33.2,33.9,32.3,32.2,32.8,33.1,32.9,33.0,33.3,33.6,33.0,33.3,32.7,33.9,31.7,34.6,34.5,35.1,33.1,33.3,33.7,33.5,32.9,33.1,33.2,31.9,34.8,32.3,33.1,32.3,32.8,31.8,32.8,33.1,33.6,32.0,31.8,32.4,33.3,33.5,32.5,33.4,33.9,32.4,32.7,33.1,33.7,34.0,34.7,34.0,33.0,33.4,33.3,33.8,33.8,32.8,33.3,33.9,32.6,32.3,32.3,33.8,32.8,32.9,33.5,33.1,33.0,33.1,33.5,33.9,31.9,32.3,33.1,34.0,32.6,32.8,32.6,33.8,32.7,33.3,33.7,35.3,33.7,33.5,33.6,33.7,32.7,33.1,33.3,31.9,33.7,32.4,32.7,32.3,33.8,32.0,32.3,32.4,33.5,32.2,32.2,32.9,33.0,33.4,33.2,32.8,33.2,32.3,32.7,32.8,34.2,33.0,34.0,33.4,34.4,32.7,34.0,33.6,33.2,32.6,33.1,33.5,33.1,33.1,32.3,32.9,32.4,32.2,32.8,33.3,32.7,33.1,32.7,32.8,32.7,33.1,33.2,33.9,33.4,33.0,32.3,33.6,33.7,34.8,33.4,35.1,33.4,33.8,33.1,34.4,32.1,34.3,32.3,31.9,32.9,32.8,33.2,32.9,33.5,33.2,33.2,32.1,33.2,33.4,32.7,32.0,33.5,32.8,32.8,33.4,33.2,33.1,32.6,33.6,34.5,33.9,33.3,33.2,34.4,34.7,33.3,33.4,34.0,34.0,33.1,34.0,32.7,33.1,33.1,33.1,31.9,33.1,33.0,32.9,33.0,33.0,32.6,33.3,32.7,33.3,32.4,33.0,32.7,33.0,32.9,33.8,34.0,35.1,34.6,34.0,33.2,34.6,33.9,35.5,33.8,34.1,33.1,32.4,34.8,32.7,32.6,33.3,33.2,32.8,32.7,32.6,33.3,32.4,33.1,33.1,33.5,33.6,32.8,32.8,32.9,33.4,33.8,32.9,34.8,33.5,33.9,34.1,33.6,33.4,34.0,34.0,34.0,33.2,32.6,33.1,33.1,32.1,32.6,33.0,32.2,31.9,33.2,33.6,32.0,33.5,32.9,34.1,33.0,32.6,32.9,33.4,32.7,34.0,34.1,35.2,34.2,34.0,34.8,34.7,34.3,34.6,33.8,35.0,33.1,32.8,32.9,32.5,34.0,33.0,32.8,32.8,32.9,32.2,32.5,33.5,33.8,32.1,32.6,32.7,nan,32.6,33.1,32.5,33.9,32.0,34.1,33.6,35.4,34.0,34.0,33.0,34.1,35.1,35.3,34.6,34.0,33.5,34.4,33.2,32.5,33.0,33.2,33.7,32.6,33.5,32.8,33.3,32.8,33.2,33.9,33.2,32.4,32.8,32.9,33.8,32.6,32.3,33.8,35.0,34.6,34.4,33.8,34.2,33.6,34.5,34.9,34.3,34.0,33.8,32.9,32.9,34.1,32.9,32.9,32.8,34.0,32.9,33.7,33.0,33.6,32.7,32.9,33.2,33.3,33.3,33.6,32.7,33.4,32.5,33.3,34.5,35.1,33.7,34.5,33.7,34.5,35.8,34.6,34.4,35.0,33.3,34.2,33.7,34.0,33.8,32.9,34.5,33.7,32.3,33.8,34.1,32.5,33.2,32.2,34.0,32.4,33.2,32.2,33.9,32.4,33.7,33.3,34.9,34.0,34.1,34.1,34.6,34.3,34.3,33.7,35.8,34.2,34.5,32.9,33.4,33.3,32.8,33.3,33.6,33.7,32.7,34.1,32.6,33.0,32.7,33.1,32.3,33.0,33.4,33.8,33.5,33.5,32.5,33.2,35.2,35.5,34.2,33.2,33.5,35.3,33.5,34.5,34.1,33.9,33.1,34.5,34.4,32.6,32.1,35.3,33.8,32.2,33.0,33.6,32.7,32.2,33.2,32.7,33.9,32.9,32.3,32.9,35.3,33.2,34.3,33.3,34.3,33.8,34.7,33.2,35.1,34.4,35.6,33.7,34.2,32.6,34.4,34.2,33.6,33.4,33.0,32.8,33.7,33.4,32.5,33.1,32.6,33.7,33.3,33.0,33.1,33.6,33.6,32.7,33.6,33.2,32.7,33.2,33.8,34.9,33.4,34.0,34.0,35.8,33.2,33.7,33.4,34.1,33.6,34.6
1785303333.5518823,505,31.7,33.7,33.0,33.5,32.6,32.2,32.4,32.5,32.5,32.1,32.9,32.8,31.7,33.0,33.1,32.8,32.8,32.8,32.9,32.4,33.2,31.9,32.3,32.2,31.3,32.0,32.7,32.8,33.6,33.7,32.4,32.5,34.4,32.2,31.9,31.9,34.2,30.9,32.7,33.2,33.8,32.6,33.0,32.8,32.8,32.0,33.5,33.1,33.7,31.8,31.9,32.9,32.6,31.6,32.2,32.3,33.8,32.5,32.3,32.2,33.9,31.9,33.6,33.9,31.1,32.8,32.8,33.3,32.7,32.9,32.1,32.3,32.0,32.6,32.4,32.3,33.7,33.7,32.5,32.6,32.6,32.3,33.3,33.0,32.5,33.2,32.6,33.4,32.4,32.6,32.3,33.2,32.7,32.8,32.7,33.8,33.9,32.3,32.6,32.7,32.5,33.0,32.2,32.8,34.3,32.7,32.6,32.0,32.9,32.4,32.7,33.1,32.9,33.1,33.4,32.1,34.4,32.2,32.9,32.2,33.6,32.7,32.8,34.1,33.8,31.6,32.7,33.2,33.6,31.9,31.7,32.2,32.1,32.9,33.3,32.4,32.6,32.6,32.4,32.3,33.0,32.9,32.1,32.9,32.4,33.0,31.5,32.1,32.2,33.7,32.5,32.7,32.9,32.9,33.7,33.3,32.4,32.8,33.4,32.9,33.4,32.9,32.3,33.6,33.0,32.4,33.7,32.9,33.9,32.4,33.0,32.4,32.9,32.6,32.7,32.3,32.6,32.4,32.2,31.9,33.1,32.1,33.0,33.5,33.0,32.6,32.6,33.3,33.0,32.7,32.8,33.6,33.1,33.0,32.3,32.3,32.2,33.3,31.9,32.6,31.9,32.6,31.8,32.9,32.7,32.8,32.4,32.9,32.3,32.7,32.9,33.3,33.1,32.6,33.2,33.6,32.5,32.5,32.6,32.0,33.6,33.9,33.2,32.5,33.2,31.6,32.7,33.0,33.4,32.5,32.9,32.6,33.1,32.6,32.2,32.1,32.9,32.6,32.4,33.1,32.1,32.0,32.1,32.7,32.8,32.8,34.2,35.0,34.8,33.3,32.9,34.1,33.4,32.9,33.7,33.4,31.4,33.1,31.9,32.9,33.0,33.1,32.8,33.6,32.7,33.3,32.7,33.7,32.9,32.7,33.2,32.7,31.9,32.4,32.7,32.1,33.1,33.1,34.1,34.6,34.4,33.3,33.2,32.2,32.1,33.8,31.4,33.3,33.2,31.9,33.0,33.1,33.1,33.2,32.2,32.9,33.1,32.1,33.1,33.6,33.1,32.6,33.4,33.0,33.1,31.5,32.3,32.8,32.8,31.6,35.0,34.7,34.1,33.5,33.5,33.5,33.3,32.2,32.5,33.0,32.7,33.1,32.4,32.9,32.8,32.6,31.9,33.4,32.2,32.9,31.0,33.2,32.1,32.6,32.6,33.4,32.3,33.1,32.1,32.3,32.6,33.2,33.4,33.3,33.5,33.5,34.1,33.2,32.9,32.8,32.8,32.4,33.9,32.2,33.1,33.6,33.6,32.4,32.9,34.0,33.0,32.8,32.4,32.7,33.0,32.8,32.8,33.0,32.5,32.7,33.3,33.0,33.6,32.7,33.4,34.0,33.6,32.8,33.6,33.4,33.3,33.0,33.3,32.2,31.5,32.3,33.6,33.3,32.3,33.5,32.3,33.0,32.4,33.5,32.9,33.4,32.8,32.9,32.8,32.9,33.1,32.9,32.4,32.8,33.3,33.6,33.6,33.6,33.2,33.6,34.5,32.6,33.3,32.9,33.0,34.0,33.1,32.2,32.9,33.7,33.6,32.5,32.9,32.4,33.1,33.3,33.1,33.5,33.9,31.6,32.7,32.7,32.3,32.9,32.8,32.5,33.4,34.3,33.8,33.5,34.6,33.4,33.8,34.1,33.8,32.4,33.3,34.2,32.8,34.2,33.0,32.8,32.0,32.7,33.4,33.4,31.6,32.7,32.3,32.4,32.9,32.4,32.8,32.3,32.5,33.1,33.6,32.8,33.2,34.4,33.1,34.4,33.6,33.6,34.2,33.6,33.6,33.9,34.4,32.8,32.3,33.1,32.9,32.4,32.8,32.0,32.8,32.8,33.0,31.8,32.8,33.3,33.3,32.5,33.3,33.1,33.0,32.9,33.8,33.6,33.9,33.7,33.5,33.7,34.1,33.9,35.1,35.2,34.0,33.4,34.1,34.1,31.8,31.9,32.6,33.4,32.7,32.8,32.4,32.7,33.2,33.4,32.8,33.8,32.7,32.8,32.1,33.3,32.1,32.9,33.9,34.1,33.1,33.9,33.5,33.6,33.1,34.3,35.0,34.1,34.4,33.9,35.1,34.0,34.2,33.3,32.9,32.4,33.6,32.8,32.1,32.1,33.5,32.5,33.2,33.2,33.4,nan,32.7,32.9,33.0,32.4,33.8,34.0,33.7,32.5,33.5,33.2,34.2,33.7,34.9,34.0,33.6,32.8,35.1,33.7,32.2,32.5,33.1,33.2,32.4,33.4,32.7,33.3,32.4,33.4,33.1,32.4,31.5,32.8,32.1,33.3,32.8,32.4,34.3,34.1,33.4,34.8,33.1,34.3,33.8,34.9,35.5,34.1,33.7,34.1,33.7,34.0,33.0,32.5,33.8,33.0,33.4,32.1,32.4,33.9,33.6,31.7,33.4,32.9,32.7,32.2,33.2,33.2,32.9,32.6,34.0,33.9,35.0,33.7,34.1,33.8,34.9,33.2,34.3,34.5,34.7,33.4,33.2,34.3,33.0,34.7,32.3,33.7,32.2,33.4,32.0,33.3,31.9,33.6,32.1,32.8,31.9,34.0,32.9,32.1,33.2,33.9,34.0,33.1,34.5,34.2,34.2,34.5,33.5,34.0,34.5,34.1,34.5,33.3,33.9,33.4,32.6,32.1,33.1,33.7,33.5,32.3,32.7,33.3,34.1,33.1,32.9,33.0,33.1,32.9,33.1,33.6,33.7,32.4,33.4,33.6,34.4,33.2,34.5,33.3,33.2,33.6,34.3,34.2,34.4,33.4,33.4,35.0,32.9,33.2,32.4,33.3,32.9,33.6,32.2,33.7,32.1,33.1,32.6,32.6,33.0,32.9,33.0,33.8,32.2,33.6,33.7,33.3,34.2,33.5,33.2,33.9,34.1,33.1,35.1,34.2,34.5,34.4,33.6,33.4,33.4,33.1,33.6,33.1,34.6,32.5,32.6,33.4,33.0,32.6,33.2,32.4,34.4,32.8,33.1,32.8,33.3,33.3,32.8,33.4,33.5,32.8,33.7,33.5,33.9,32.9,33.7,34.2,33.7,34.2,34.2,34.1
1785303335.6594992,506,33.0,33.2,33.0,32.0,32.4,32.4,32.4,31.9,31.9,31.3,32.5,32.6,32.6,32.6,32.6,33.4,32.8,32.4,31.8,32.7,32.8,32.7,32.1,32.8,32.3,33.2,33.1,32.8,33.6,33.9,32.6,32.8,32.3,33.0,34.3,32.1,32.9,33.3,31.9,32.5,32.2,33.2,32.8,33.0,33.1,32.0,32.1,33.1,31.8,33.4,32.8,32.9,32.7,33.2,32.7,33.3,32.4,32.9,31.7,32.7,33.7,32.4,32.9,35.6,32.3,31.8,31.7,32.6,33.3,32.9,32.5,32.0,32.2,32.8,32.2,31.7,32.4,32.5,32.6,33.0,33.7,33.2,31.7,31.6,33.0,32.7,32.3,33.3,33.2,32.3,32.3,31.4,34.2,32.2,32.9,33.2,33.7,34.0,33.1,32.2,32.3,32.1,33.2,33.0,33.0,32.7,32.5,32.5,32.5,33.1,31.8,32.0,32.7,33.2,33.4,32.8,31.7,33.6,32.2,32.9,31.6,32.2,32.6,33.1,32.6,33.3,33.0,33.2,33.1,32.4,31.5,32.5,32.3,33.1,32.2,32.6,32.6,33.2,31.9,32.0,33.0,32.6,31.5,32.4,33.0,32.9,33.3,33.1,32.5,32.9,33.9,32.6,33.7,32.7,32.2,32.5,33.2,33.0,32.3,32.7,32.7,33.8,32.5,32.8,32.6,32.8,33.0,32.3,32.2,33.4,33.1,32.7,32.6,33.1,32.8,32.5,32.8,32.9,32.8,32.6,32.6,33.3,32.7,33.5,32.7,33.4,32.5,33.1,32.5,33.3,32.2,33.0,33.3,33.5,32.7,32.3,33.2,32.4,32.8,32.8,32.8,32.7,33.8,32.4,33.7,32.4,32.6,32.4,33.2,31.8,32.5,32.2,32.7,32.6,33.7,34.0,33.6,33.4,32.8,32.2,34.4,33.7,33.8,33.4,31.9,32.3,32.4,32.6,31.4,32.3,32.9,31.8,31.7,32.7,33.6,32.3,32.9,32.1,32.8,32.8,31.8,33.1,32.1,33.1,32.2,32.9,34.3,34.8,33.5,33.8,33.4,33.7,33.1,33.9,32.7,32.1,32.7,33.1,31.7,31.4,32.2,31.1,31.8,33.6,32.0,32.7,32.5,32.9,32.3,32.6,31.9,33.2,32.7,32.8,32.9,32.1,32.6,32.5,34.4,34.6,33.7,33.3,33.6,33.8,33.8,33.9,32.6,32.7,32.4,32.2,32.5,31.3,32.9,33.1,32.4,33.6,32.8,32.3,32.3,33.9,32.0,32.8,32.1,32.3,33.4,33.1,33.0,34.3,32.5,33.8,33.6,35.0,33.8,34.2,33.7,33.2,32.6,33.2,33.3,32.6,32.5,33.0,31.4,33.5,32.2,32.5,32.8,31.9,32.9,33.6,33.7,32.6,33.5,32.8,32.1,32.0,33.8,32.6,32.4,32.6,33.3,33.3,33.7,32.6,33.5,34.5,33.4,33.9,34.2,33.0,32.8,32.2,32.6,33.6,31.9,32.5,31.6,32.9,32.4,33.1,32.0,32.9,32.1,32.2,32.2,33.1,32.6,33.2,32.8,32.8,33.1,32.8,33.0,32.5,34.1,33.8,33.1,33.8,33.1,33.7,32.8,32.1,31.7,32.4,32.4,32.5,32.4,31.8,32.7,31.9,32.2,32.4,33.6,32.6,32.9,33.1,33.6,32.6,33.2,32.5,33.7,32.9,32.6,32.7,33.9,33.9,34.1,33.0,33.2,34.0,33.2,34.1,34.5,32.2,32.4,32.6,31.8,32.4,32.1,31.9,33.1,33.6,32.3,32.6,32.6,32.3,32.3,32.2,32.4,33.3,34.1,33.2,32.2,33.3,33.8,32.7,33.0,33.8,33.0,33.7,32.8,32.7,33.7,35.1,33.0,33.2,32.1,32.5,32.2,33.4,32.0,32.4,33.4,32.9,32.3,33.7,32.9,33.3,32.4,33.0,34.1,33.3,32.6,33.3,33.1,32.3,32.8,32.3,33.7,33.3,34.3,33.8,34.3,34.2,34.0,33.1,34.5,33.5,34.4,32.8,33.2,33.3,32.4,32.6,31.8,33.1,32.7,32.5,32.2,32.6,32.0,32.7,33.0,32.6,32.4,33.2,32.1,33.5,33.3,33.6,33.8,33.7,33.9,33.9,32.8,35.0,34.1,34.6,33.3,35.4,33.9,32.3,32.8,33.6,32.4,33.4,32.1,32.3,32.9,32.0,32.7,32.9,33.4,34.0,32.6,33.1,32.3,32.5,32.4,33.1,33.7,32.8,34.5,33.6,33.3,33.8,34.1,33.7,34.0,33.9,33.9,32.8,33.7,33.8,32.6,32.9,33.5,32.4,32.7,32.8,31.9,32.5,32.5,33.4,32.7,32.5,32.4,nan,32.9,32.7,32.2,33.2,33.7,33.2,33.0,33.5,33.7,34.1,33.9,34.2,34.1,33.8,33.4,34.3,33.6,34.1,33.3,33.2,32.9,32.7,32.7,33.2,33.4,33.5,32.6,32.9,33.4,33.3,32.5,31.6,32.5,32.5,32.3,32.5,33.3,33.2,34.1,34.5,34.0,34.0,34.3,34.0,34.9,35.4,34.8,33.0,32.5,33.0,32.6,33.4,33.4,33.0,32.9,33.9,33.9,33.2,32.7,32.9,32.9,33.4,33.7,32.4,32.1,33.4,33.1,33.1,32.6,34.3,34.2,34.1,33.9,34.1,34.3,33.4,33.8,35.3,33.4,34.4,34.3,33.5,33.4,33.9,33.3,33.1,32.7,33.4,32.6,32.9,33.0,33.1,33.0,32.4,33.8,33.7,34.5,32.6,32.8,33.1,34.3,33.7,34.3,35.0,34.2,33.7,34.4,35.3,33.9,33.8,34.5,34.1,33.1,33.9,33.1,33.6,33.5,33.0,33.3,34.2,32.9,33.5,31.8,33.2,33.8,32.3,33.3,32.9,33.3,32.9,33.7,33.2,35.0,34.3,33.9,34.8,34.0,33.8,32.9,33.6,33.0,34.4,34.2,32.8,33.6,34.4,33.6,33.4,34.2,33.9,33.9,33.5,32.4,33.3,32.8,33.2,33.0,33.0,33.1,32.3,33.1,32.5,32.6,33.1,34.2,33.9,34.0,33.9,33.7,33.9,34.1,33.9,32.1,33.8,33.9,33.8,32.9,33.9,32.8,32.8,32.7,33.6,33.6,32.9,31.8,33.9,32.6,33.1,32.3,32.6,33.2,32.8,33.7,33.3,32.6,33.5,33.0,33.2,34.2,33.5,33.7,34.3,32.8,33.9,33.3,34.0,33.7,34.8,33.5,34.3
1785303338.119688,507,32.1,31.7,32.4,31.9,32.7,31.8,33.6,32.4,32.0,32.2,32.0,32.5,32.1,31.4,31.1,32.1,32.7,32.1,32.5,33.1,33.1,32.2,32.2,32.3,32.0,31.9,33.4,33.1,32.6,32.2,33.0,34.2,32.2,32.6,32.7,32.7,31.2,32.5,33.8,31.8,31.3,31.7,32.7,32.7,31.3,32.0,33.1,32.4,32.2,31.9,33.4,32.6,32.7,32.0,33.8,32.8,31.9,31.8,32.8,32.8,32.2,32.7,33.0,33.5,31.2,31.2,32.5,32.3,32.4,31.3,32.2,32.2,33.0,32.1,31.6,34.0,32.0,31.8,32.3,32.4,32.9,31.7,32.7,32.9,32.2,32.6,32.9,32.2,32.3,31.8,32.2,32.3,32.6,31.6,31.8,33.7,31.8,32.0,30.9,32.1,32.4,32.2,33.1,32.5,32.3,32.5,32.2,32.2,31.9,32.6,31.7,32.4,32.8,32.1,32.9,32.8,31.2,31.0,32.9,32.6,32.0,33.0,32.7,32.3,32.7,32.8,33.8,32.8,32.3,32.5,33.6,33.2,31.8,31.6,31.8,32.3,32.1,32.1,32.0,33.4,31.7,31.9,31.9,32.4,31.6,31.9,31.5,32.3,32.1,32.6,32.5,32.4,32.4,31.5,32.1,33.6,32.3,33.3,32.2,32.3,31.6,32.1,33.0,32.2,31.1,32.1,33.0,31.8,31.4,32.6,32.4,31.9,31.4,32.1,31.9,32.3,32.8,32.6,32.3,32.2,31.6,32.1,32.0,32.6,32.4,32.8,32.1,33.4,31.6,33.2,34.0,32.0,30.7,30.7,33.8,33.2,31.9,32.7,33.2,32.5,31.1,31.8,32.2,32.7,32.1,32.4,32.3,32.4,32.0,32.0,32.3,33.3,32.8,31.8,32.4,34.5,33.5,32.6,32.2,32.8,32.9,32.4,33.5,33.2,31.3,30.0,31.8,31.9,31.8,33.1,32.4,32.3,31.4,32.6,32.3,32.3,31.7,32.7,33.0,32.2,31.4,32.0,32.7,33.7,32.2,32.0,35.1,34.5,33.5,32.2,33.7,32.5,32.8,32.2,33.1,32.2,32.4,32.8,32.4,33.2,31.0,31.9,32.7,33.1,31.6,32.6,31.4,32.9,31.7,32.3,32.9,32.9,31.8,31.5,32.9,32.6,32.6,32.3,33.9,35.8,33.4,33.0,33.1,32.6,32.6,32.8,32.5,32.8,31.2,31.2,33.3,32.3,31.8,31.8,33.1,33.0,32.8,31.8,32.0,32.3,32.5,32.8,32.8,32.4,32.0,32.0,31.8,32.6,32.7,31.6,34.8,34.9,33.8,32.5,33.0,33.1,32.6,32.5,32.7,33.1,31.5,33.0,31.7,33.0,30.8,32.2,32.3,32.6,31.8,32.3,32.6,32.5,32.3,31.7,32.9,32.7,32.0,32.2,33.3,33.0,32.2,31.7,33.1,34.3,32.6,33.3,33.4,33.7,33.0,31.3,32.3,33.0,31.2,31.6,32.9,32.1,33.1,32.1,32.8,33.0,31.2,31.5,33.5,32.1,31.9,31.9,32.8,32.6,32.5,32.4,32.0,33.2,31.9,32.4,33.8,33.2,33.2,33.9,33.2,33.4,31.4,32.7,33.2,31.7,32.0,32.2,31.9,31.7,32.2,32.0,32.8,32.6,32.8,31.5,32.4,33.1,32.2,32.3,32.5,33.3,32.5,32.2,32.0,32.7,32.5,32.5,33.6,34.2,34.6,33.4,34.2,34.6,33.9,32.1,32.5,32.5,30.8,32.3,32.6,33.0,32.6,32.6,33.2,33.4,33.0,32.0,32.8,32.5,31.8,32.7,33.0,32.1,32.2,31.8,33.2,32.9,32.5,33.7,33.2,33.7,32.8,32.9,33.9,33.3,32.5,32.7,32.8,33.3,31.2,32.6,33.5,33.3,32.4,32.7,32.7,33.3,31.4,32.1,32.8,33.0,32.3,32.3,33.0,33.8,32.7,32.8,33.3,33.3,32.5,33.0,33.5,33.8,32.8,33.4,33.3,33.5,33.3,33.4,32.3,32.9,32.4,32.6,33.0,33.0,31.8,32.1,33.4,33.0,32.0,32.2,32.9,32.7,32.6,32.1,32.7,31.5,32.1,32.6,34.0,32.9,33.4,32.6,33.4,33.1,33.9,32.7,34.5,33.3,33.9,33.1,33.8,32.8,31.8,31.8,32.3,33.7,32.2,32.2,32.4,32.6,31.9,32.1,32.5,33.8,32.1,31.5,32.2,33.0,31.7,32.3,33.3,33.7,33.0,32.9,33.8,33.8,32.7,33.2,34.6,34.5,33.0,32.8,34.6,34.5,32.0,31.7,33.0,33.2,32.2,32.5,32.7,32.7,31.7,32.6,33.4,33.1,32.8,nan,33.2,32.4,32.1,32.4,33.2,33.1,33.1,33.6,34.6,33.3,32.6,32.9,34.1,33.7,33.3,33.3,33.0,35.2,33.4,31.6,32.5,33.1,32.0,31.8,32.6,34.0,31.8,31.6,32.1,32.7,32.2,32.2,33.0,32.7,32.7,32.0,32.5,33.4,33.3,33.2,34.7,34.2,33.9,33.2,33.5,34.7,33.2,33.8,32.6,34.3,31.4,32.4,31.6,33.3,31.8,33.1,33.4,32.9,32.2,33.3,32.1,33.6,31.6,31.0,32.9,32.1,31.6,32.5,33.9,33.5,32.9,33.4,33.4,33.3,33.4,34.0,35.1,33.9,32.7,33.1,34.3,33.8,32.2,31.5,32.8,34.0,31.5,31.6,32.3,33.9,32.3,32.6,31.6,34.1,32.0,32.2,32.8,33.4,32.0,32.3,33.5,34.2,33.0,33.6,33.0,34.1,32.5,34.3,34.1,34.8,33.4,34.0,34.5,34.8,31.3,32.6,33.6,32.3,31.6,32.3,33.0,33.2,32.4,32.8,32.8,32.2,31.8,31.4,33.3,33.2,32.6,32.3,34.1,33.8,33.3,33.3,34.4,33.1,32.9,32.7,34.8,34.7,32.9,33.3,33.5,34.3,32.3,32.8,32.5,33.4,32.2,32.5,32.0,32.6,31.4,31.7,32.1,32.5,32.8,31.6,32.5,33.7,32.5,32.1,33.4,33.4,32.3,34.1,33.6,33.6,32.3,33.6,33.2,34.3,32.6,34.3,33.2,34.7,32.4,31.8,33.2,32.3,32.6,32.6,34.0,32.7,32.3,33.2,32.9,33.2,32.3,33.0,33.6,32.5,32.1,32.0,34.3,33.2,34.1,32.8,33.7,33.2,32.6,33.4,32.8,34.4,32.1,32.2,33.6,33.3
1785303340.0075393,508,33.6,33.4,31.8,32.7,31.9,32.4,32.0,33.3,32.7,33.3,32.0,32.4,31.5,32.6,32.4,32.8,31.9,33.4,31.8,32.3,31.9,34.3,32.4,33.2,31.8,32.8,33.4,33.7,33.8,32.5,32.6,32.8,33.9,31.7,32.4,33.1,32.7,31.8,32.7,33.0,33.6,31.5,32.2,32.4,33.0,32.9,32.6,32.9,33.4,31.6,33.0,33.5,32.3,32.5,31.9,32.7,32.6,31.9,32.3,32.3,34.5,31.5,32.1,31.9,33.1,33.3,32.4,33.1,32.1,33.3,31.7,33.3,31.2,33.0,33.2,32.1,32.8,31.9,32.1,32.7,32.3,33.4,33.5,33.0,32.8,32.5,33.0,32.9,32.6,32.1,33.0,32.8,32.1,33.5,32.7,33.1,32.7,31.9,32.2,33.4,32.7,32.0,32.4,32.8,33.0,31.9,32.3,32.3,31.8,32.4,31.8,32.6,33.4,32.6,32.2,33.1,33.1,31.7,32.7,33.1,32.5,31.8,32.2,33.3,33.4,33.1,32.3,32.7,32.4,31.9,32.2,32.2,31.9,31.9,32.9,31.8,31.9,32.6,32.3,32.2,32.7,32.7,33.0,32.5,31.9,32.7,32.3,31.7,31.4,32.4,33.6,32.2,33.1,33.6,34.1,32.5,32.8,33.2,31.8,33.5,34.3,31.8,32.3,32.4,32.4,33.0,33.0,32.7,32.6,31.7,32.9,32.7,32.6,31.6,32.4,32.3,32.9,32.0,31.6,32.1,32.9,32.3,32.9,32.6,33.2,31.7,32.6,33.5,33.3,32.9,33.2,34.3,32.7,34.2,32.3,32.3,31.1,32.4,33.2,32.8,32.1,33.0,32.7,31.3,32.7,32.2,32.2,32.4,31.3,32.0,32.7,32.1,33.6,33.9,33.4,33.8,32.4,32.9,32.8,32.4,32.5,32.3,33.6,32.5,33.0,32.5,32.4,32.4,32.7,32.7,31.8,32.7,32.7,33.1,32.0,33.1,32.8,32.3,32.3,32.2,32.9,32.0,32.0,33.3,33.1,33.1,33.8,34.3,33.3,32.3,32.5,33.0,32.9,32.0,32.9,32.8,32.1,33.8,32.1,32.6,32.2,33.0,33.4,32.0,32.7,32.2,32.7,32.7,32.0,32.8,32.8,32.7,32.4,32.6,32.2,32.4,32.8,33.7,35.1,34.3,33.2,33.0,32.7,34.0,32.7,33.3,33.0,33.3,33.0,32.0,32.0,31.9,33.1,32.5,32.4,32.9,32.8,31.6,32.2,33.8,32.6,32.3,31.8,33.6,33.1,32.8,32.8,32.7,33.4,32.9,35.1,35.2,33.4,32.8,32.9,32.7,34.0,32.2,32.7,32.8,32.3,32.9,33.0,33.1,31.9,33.2,33.0,32.2,32.7,33.1,33.0,32.4,32.3,32.9,32.7,32.5,32.1,32.9,32.9,32.5,33.6,34.8,33.9,32.6,33.4,34.5,33.9,33.5,32.4,33.0,33.1,32.4,32.4,31.8,31.9,32.1,33.1,32.7,32.4,33.3,33.5,32.3,32.5,32.8,33.0,32.0,31.8,32.2,32.5,31.3,32.5,32.4,33.8,33.5,33.1,33.8,33.9,33.4,33.7,33.7,33.3,32.6,31.9,33.8,32.4,33.0,32.8,32.8,31.4,33.6,33.1,32.3,31.7,33.1,33.1,32.1,32.0,32.3,32.6,33.4,32.3,32.3,33.7,33.3,33.8,33.9,33.6,33.3,34.4,33.3,33.8,32.4,33.5,33.3,32.9,33.0,32.9,33.1,32.3,32.9,33.3,32.9,31.9,33.1,34.0,31.3,32.3,32.2,32.4,33.0,33.0,32.6,32.8,33.5,32.5,33.7,34.3,33.0,33.7,33.7,35.3,33.5,32.6,35.0,34.6,33.0,32.9,32.5,33.5,33.6,34.0,33.0,32.9,32.1,33.6,33.2,32.2,32.7,32.8,32.5,32.3,33.6,33.1,33.4,32.0,33.6,33.1,34.1,33.4,33.3,34.1,33.6,33.4,34.0,34.2,32.8,33.5,34.8,33.5,32.4,32.7,31.9,32.7,33.3,32.7,31.9,33.2,33.5,32.7,32.8,32.5,33.2,33.2,31.8,32.5,33.1,34.1,32.9,33.0,33.4,33.8,34.2,33.7,33.9,34.6,33.7,33.3,32.7,33.5,34.1,32.9,33.7,31.3,32.8,33.1,32.7,32.0,33.0,31.8,32.4,32.6,33.1,33.0,32.3,31.9,33.4,32.8,32.5,32.3,32.5,33.1,33.0,32.1,33.1,33.8,33.3,33.5,33.1,34.2,32.8,33.1,34.3,35.1,34.2,33.2,32.0,31.9,32.6,33.6,31.7,32.8,32.5,33.4,32.5,32.5,32.7,33.0,nan,32.2,32.2,33.5,32.6,32.5,33.4,33.7,33.4,32.7,34.1,34.9,32.7,33.5,33.6,33.8,33.8,33.1,36.1,32.9,33.4,32.5,32.1,32.0,32.7,32.6,31.8,32.6,32.7,33.8,32.6,32.8,32.6,32.8,32.3,31.2,32.5,33.5,32.7,33.0,33.7,33.6,33.8,33.7,34.6,33.3,34.1,34.2,33.7,33.4,33.9,32.6,32.3,33.6,34.2,33.2,32.3,32.8,34.1,33.6,32.4,32.7,33.9,32.8,31.9,32.7,32.9,33.2,32.6,32.4,32.6,34.0,33.2,33.7,33.6,33.7,33.6,33.0,34.2,34.3,33.4,33.2,33.9,33.4,33.0,33.3,33.1,32.0,33.0,33.0,32.2,32.6,32.9,33.3,33.5,32.6,33.7,33.1,32.6,32.5,33.3,33.5,32.3,34.3,34.4,33.0,34.2,33.5,33.9,34.5,33.8,33.9,34.5,33.5,33.0,32.8,32.6,32.2,33.5,33.5,32.7,32.7,33.3,33.6,32.4,32.6,33.4,32.7,32.2,32.1,34.0,33.4,32.4,32.7,33.0,34.3,33.1,33.4,33.8,32.7,33.8,33.8,34.4,34.0,33.0,32.5,33.8,32.2,34.3,33.3,33.1,32.7,33.6,32.8,32.9,32.1,33.5,32.3,33.0,32.8,32.8,33.3,32.3,32.8,32.8,33.3,33.2,33.5,34.2,33.9,33.0,33.5,33.0,35.5,34.2,33.5,34.0,34.7,35.0,33.0,33.5,32.5,34.0,33.6,32.5,32.8,32.4,33.4,32.2,32.8,33.5,32.1,32.6,32.8,33.2,32.6,32.1,32.8,33.6,34.2,33.5,33.1,34.1,34.1,33.9,32.9,33.6,33.5,33.6,33.1,33.9
1785303342.3185468,509,33.8,31.0,31.2,31.5,32.8,32.6,31.8,32.9,32.1,32.5,32.3,32.8,32.4,33.3,31.8,33.0,32.0,33.2,32.0,32.5,33.0,32.5,30.8,33.0,31.7,31.8,32.3,32.4,32.9,31.8,32.9,33.3,32.6,31.4,33.3,31.4,32.3,31.8,33.1,30.9,32.0,32.4,31.7,32.6,31.2,32.9,32.5,32.0,33.0,32.3,32.8,32.0,32.5,32.7,32.3,31.5,33.0,32.9,31.7,32.2,33.7,33.3,32.6,32.4,33.1,32.8,31.4,33.3,32.0,32.1,31.9,32.6,32.7,31.8,33.0,32.1,33.5,31.8,32.3,32.5,32.1,32.3,32.1,32.7,33.0,31.8,31.5,33.4,32.8,32.3,32.1,32.0,34.0,33.1,32.0,33.6,31.7,33.1,32.0,32.0,32.5,32.3,32.6,32.2,32.6,33.4,32.8,31.9,32.4,32.0,33.7,31.7,32.2,32.2,33.2,32.9,31.9,32.6,33.1,32.0,33.2,32.7,32.8,31.9,33.0,32.0,32.3,32.9,31.7,32.4,32.4,34.0,32.1,32.9,31.4,32.6,31.7,32.8,31.9,32.7,32.3,32.6,32.0,32.4,33.0,32.6,31.5,32.8,33.4,32.1,32.6,33.6,32.3,32.2,32.6,33.3,33.6,33.2,31.4,33.3,32.5,32.9,32.9,32.8,32.6,31.8,33.0,32.8,32.2,32.9,32.9,32.9,32.7,32.9,32.9,32.6,32.6,31.9,32.6,31.8,32.9,32.4,32.9,32.4,33.4,32.0,32.8,32.2,32.5,32.7,33.2,32.3,32.7,33.1,32.1,32.9,32.2,33.5,31.7,32.6,32.6,32.0,32.3,32.9,32.9,32.1,33.4,33.2,32.3,33.2,32.5,32.5,32.7,32.4,33.4,34.3,33.9,32.4,31.9,33.3,32.1,33.3,32.6,33.4,31.4,32.3,33.4,31.4,31.2,32.1,33.4,32.4,32.6,33.6,32.0,31.4,31.2,31.8,32.9,31.7,32.2,31.8,32.6,32.7,32.5,32.8,34.3,34.0,32.6,33.3,32.5,32.2,32.5,32.5,33.5,33.0,31.6,32.5,32.3,34.1,32.0,32.4,32.3,33.8,33.5,33.0,31.4,32.4,32.7,32.8,31.6,32.9,33.0,33.3,31.9,32.9,32.6,32.1,33.1,34.3,33.0,34.1,32.1,33.1,33.2,32.7,32.0,32.7,31.3,31.1,32.4,31.9,31.6,32.3,32.7,33.3,32.8,32.9,32.9,33.3,32.0,32.6,32.1,32.8,32.8,33.4,32.8,32.3,32.3,32.7,34.3,34.0,34.3,34.2,33.3,32.8,32.7,32.8,33.3,33.0,31.4,31.9,32.0,32.9,32.8,32.1,32.3,32.9,32.1,32.1,32.7,32.8,32.4,32.1,31.9,32.5,33.1,32.9,32.1,33.1,32.5,32.8,33.2,34.6,34.4,33.6,32.9,33.7,32.7,32.6,33.0,34.2,33.3,33.2,33.7,32.1,34.0,32.7,32.6,32.2,32.5,32.4,32.6,32.3,32.4,32.5,32.5,31.7,32.4,32.2,31.5,31.5,32.8,33.8,32.9,33.0,33.8,33.0,33.8,33.2,33.0,32.1,32.9,32.6,32.4,31.3,31.6,33.2,32.3,32.1,32.0,33.9,32.9,33.1,31.5,32.4,32.1,33.2,32.3,33.1,32.8,32.5,32.4,32.7,33.4,33.6,32.8,34.0,33.4,33.1,33.9,33.3,33.1,33.5,32.6,32.6,32.7,33.2,32.7,32.5,32.8,33.3,32.6,33.0,32.8,32.0,32.8,32.7,32.1,32.7,33.0,32.4,32.4,32.9,33.7,32.4,33.2,33.2,34.3,33.9,33.1,32.2,34.4,33.2,33.9,33.0,32.9,33.4,32.8,32.8,32.0,33.0,33.1,33.2,32.0,33.0,32.1,32.8,32.8,32.3,32.3,32.0,32.9,32.8,32.8,32.1,33.3,33.5,32.6,33.4,33.4,34.0,33.6,34.2,33.3,34.4,33.5,33.3,33.2,33.8,34.2,32.1,32.9,31.6,32.8,31.5,33.7,32.4,32.3,31.8,32.2,32.0,32.4,32.4,33.8,32.6,32.9,32.7,32.8,32.6,33.0,33.4,33.2,34.0,33.8,33.3,34.9,33.2,33.9,33.5,34.1,32.7,32.6,33.0,31.6,32.9,32.3,32.1,31.5,33.3,32.7,32.4,31.6,33.0,32.2,32.5,31.9,34.1,33.1,32.5,31.9,33.8,33.2,33.3,32.8,34.5,34.3,34.3,33.4,34.3,34.6,32.8,34.1,34.6,32.6,32.6,32.1,32.1,33.4,31.9,33.2,31.7,32.3,32.3,33.8,31.8,32.1,nan,33.0,32.2,32.7,33.4,33.0,33.7,33.8,34.0,34.4,33.6,34.1,33.4,34.3,33.2,33.4,33.6,35.1,33.1,33.1,32.3,33.1,33.5,32.9,32.9,32.5,33.5,32.7,33.1,31.5,33.1,31.6,32.0,31.6,33.1,32.1,32.1,32.4,34.5,33.8,33.7,33.8,33.5,33.1,33.3,33.8,34.3,33.6,32.8,32.3,35.3,32.4,32.3,32.4,31.8,33.6,32.6,33.5,32.0,33.4,32.2,33.4,32.8,32.9,32.9,33.2,32.4,32.6,33.1,34.6,33.8,34.0,33.7,33.7,33.1,34.1,33.0,35.0,34.2,33.4,33.2,34.3,33.3,32.7,33.2,33.3,33.9,32.3,32.5,31.6,32.8,32.4,32.8,32.6,33.5,32.8,33.2,32.6,33.7,33.8,33.1,33.6,33.7,34.3,33.9,34.2,33.0,33.1,33.5,34.3,34.3,33.5,33.7,33.5,33.2,32.2,33.0,33.9,31.8,33.5,33.4,32.9,32.7,33.2,32.7,33.8,32.1,33.3,33.2,33.6,32.2,33.1,33.2,34.1,34.1,34.3,34.3,34.1,33.4,33.6,33.6,34.0,34.0,34.2,33.4,33.6,32.8,32.9,33.0,32.2,34.4,32.9,32.9,31.4,32.9,32.4,32.4,31.9,34.0,32.6,32.2,32.6,33.3,32.9,33.5,33.8,33.7,33.5,33.4,32.6,33.1,33.5,33.4,32.9,33.8,32.9,34.4,32.7,33.9,32.5,33.3,33.4,33.1,33.6,32.9,33.4,31.2,33.0,33.1,32.6,32.6,32.3,31.7,33.5,32.4,32.4,32.8,32.1,33.0,33.8,33.1,34.1,33.2,33.7,32.5,34.1,32.2,33.1,34.0,35.3,32.7
1785303344.3083372,510,33.0,32.1,32.5,33.0,32.6,31.5,32.4,32.1,32.1,33.3,31.8,32.6,32.6,32.6,31.5,32.4,32.1,32.3,33.0,33.0,32.4,32.7,32.9,32.8,32.2,33.8,33.2,34.3,32.5,32.5,31.9,33.0,32.6,32.5,32.4,31.7,33.1,32.0,32.3,31.3,33.8,31.7,31.9,31.9,31.4,32.5,33.0,31.4,32.3,32.5,33.2,33.5,33.2,32.5,33.4,32.9,33.4,31.5,32.1,32.9,33.9,34.0,33.6,32.1,33.6,33.3,33.1,31.9,33.1,32.1,32.7,33.4,32.9,32.8,32.6,33.2,32.8,32.5,32.6,32.5,32.6,33.0,31.6,32.5,32.5,33.1,32.6,32.9,32.8,32.9,32.6,34.1,33.2,33.1,32.5,33.4,34.1,33.1,32.2,32.0,32.3,32.8,33.8,32.4,32.7,33.0,33.2,32.7,32.5,32.2,32.9,32.1,32.6,33.3,33.3,32.6,32.4,31.9,32.9,32.2,33.1,32.6,32.8,31.7,34.1,31.2,32.1,33.4,33.8,33.1,32.2,33.3,31.9,32.3,32.0,32.8,33.0,33.3,32.4,32.7,33.2,33.4,32.2,33.2,32.5,33.2,32.7,32.3,32.9,33.1,32.7,32.6,33.1,33.1,32.4,33.1,34.0,32.4,32.1,33.5,33.6,31.1,31.8,32.4,33.4,32.6,31.7,32.3,32.4,32.7,32.9,31.5,33.2,32.6,32.6,32.1,32.9,32.9,32.6,31.4,32.4,32.3,33.2,32.8,33.1,32.7,33.4,33.4,33.3,33.7,33.5,31.9,33.1,31.7,31.9,32.7,31.8,32.8,33.4,32.8,32.5,33.4,32.5,33.7,32.7,31.6,32.9,32.6,32.4,32.9,32.2,32.5,32.8,32.1,32.9,33.6,33.6,33.1,32.8,32.2,32.9,32.9,33.0,32.3,32.3,32.1,33.0,32.4,32.1,32.5,33.4,32.0,32.4,32.9,32.7,32.3,32.8,32.6,32.8,32.2,33.0,31.2,32.8,33.3,33.2,32.8,33.8,34.0,34.0,33.5,33.4,33.0,33.7,33.0,33.5,32.4,32.7,33.8,31.9,32.4,33.7,33.0,33.2,33.9,33.6,32.7,31.5,34.0,33.2,32.9,32.6,32.6,32.9,32.9,32.4,32.1,33.1,33.3,35.4,34.8,34.4,33.5,32.1,32.9,32.5,33.3,33.0,32.9,32.0,32.6,32.7,33.5,32.3,32.5,33.1,32.6,31.6,33.3,32.9,33.0,32.2,32.7,33.9,33.2,32.5,31.7,32.6,32.4,32.7,32.7,34.9,33.9,33.5,32.8,33.7,32.5,32.9,32.4,33.3,33.2,32.3,33.0,32.2,32.2,32.4,34.1,33.2,32.9,32.7,32.2,32.7,33.6,32.9,33.4,32.6,32.5,32.5,32.9,32.9,33.0,32.6,33.7,33.6,34.6,34.2,33.8,33.4,33.5,32.6,33.1,32.1,33.6,33.3,32.6,32.9,32.5,32.2,32.0,33.3,32.1,31.7,33.0,33.5,31.7,33.2,32.5,33.0,32.2,33.6,32.8,33.3,32.4,33.2,33.0,33.8,33.5,33.6,33.7,33.1,33.2,33.3,32.8,33.3,32.6,33.0,32.1,31.6,33.0,33.8,32.3,32.4,32.9,32.2,33.1,31.9,32.7,32.9,32.8,32.6,33.4,32.5,32.5,33.1,33.6,33.8,32.8,33.9,33.8,33.6,33.8,33.3,33.2,32.7,32.2,32.5,33.8,32.2,32.6,33.3,32.5,33.1,31.7,33.5,31.9,32.8,32.6,33.1,32.8,31.7,33.0,32.8,32.7,32.5,32.7,32.2,32.1,33.3,32.9,33.2,34.0,34.5,33.7,34.7,33.4,34.6,32.8,33.1,32.9,33.5,33.8,31.8,33.8,33.1,33.0,32.7,33.1,32.9,33.1,32.6,33.0,33.6,32.8,32.6,33.5,33.1,33.0,32.5,33.8,32.9,33.3,34.0,33.0,33.4,33.1,32.6,34.4,34.9,33.3,32.7,32.6,33.2,32.7,32.7,31.2,32.7,32.9,33.2,32.5,32.7,32.5,31.4,32.2,34.0,33.2,33.5,32.3,32.9,32.1,33.6,32.8,33.5,33.4,33.9,33.1,33.3,33.7,34.1,33.8,33.9,34.1,33.5,33.3,32.8,32.8,32.9,34.2,32.3,32.9,31.8,32.9,32.4,33.4,32.3,33.1,32.7,32.6,32.1,33.5,32.5,32.5,33.0,33.0,33.8,33.8,33.5,34.2,34.1,34.7,34.0,34.8,34.2,33.7,33.1,34.2,32.4,33.1,32.3,32.0,34.1,32.1,33.0,33.2,32.7,32.9,32.7,33.5,32.9,nan,32.7,32.9,33.4,33.5,32.2,32.3,33.8,33.5,34.1,34.1,34.6,33.0,33.7,33.6,32.9,33.8,34.4,33.7,33.3,33.2,32.3,32.7,33.7,32.5,32.2,33.6,32.6,33.1,32.4,33.8,32.2,32.8,32.0,33.2,33.3,32.8,32.8,33.8,34.1,33.7,33.5,34.4,34.7,34.6,33.3,33.9,33.9,32.4,33.6,35.3,32.8,33.0,32.4,32.0,33.1,32.1,32.8,32.5,32.7,32.9,32.7,33.2,32.1,32.3,32.7,32.4,32.6,33.2,34.2,34.1,33.4,34.6,34.8,33.4,34.5,32.9,33.4,33.4,33.9,33.4,33.2,33.5,33.2,31.7,31.8,33.9,33.1,32.7,33.0,32.9,32.5,33.1,32.5,33.1,33.3,32.8,32.8,33.2,33.0,33.3,34.7,34.7,33.6,34.2,33.2,33.7,34.2,34.1,34.5,34.0,34.7,34.1,32.9,34.1,32.6,33.4,33.1,32.8,32.9,32.9,32.7,32.0,32.5,33.1,33.5,33.2,33.3,32.8,33.4,32.6,33.6,34.1,35.0,33.3,33.2,34.1,35.0,34.2,33.9,32.9,34.4,33.9,35.0,33.4,33.2,33.3,32.7,32.8,33.3,33.7,33.7,33.7,32.8,33.5,32.6,33.3,32.6,34.2,32.6,33.5,33.3,32.8,33.5,34.0,32.8,33.7,34.9,33.7,32.6,34.3,33.7,33.7,34.3,35.2,35.2,32.7,32.9,33.7,32.8,32.6,33.6,33.1,32.8,32.5,33.0,33.6,32.3,32.6,33.0,33.5,32.6,32.3,34.2,32.3,33.5,33.0,33.0,33.0,32.8,33.5,33.3,33.0,33.2,33.3,32.7,34.2,33.7,33.8,34.0,33.4
1785303346.4146674,511,32.4,31.6,33.4,33.3,32.7,32.9,32.8,34.0,32.2,33.1,32.5,32.4,32.7,31.7,32.1,32.5,33.3,31.9,33.8,33.4,32.9,32.5,33.3,32.6,32.3,32.4,32.4,33.7,33.1,32.8,33.3,33.3,31.8,32.1,34.1,33.2,32.5,31.0,32.7,33.1,32.2,32.6,32.8,32.8,33.2,31.9,32.8,32.1,33.8,32.3,32.8,32.7,32.7,32.5,32.1,31.6,32.1,32.8,33.2,33.9,33.7,33.6,33.2,33.3,33.2,33.1,32.5,33.8,32.8,33.3,31.8,32.0,32.7,33.0,31.6,31.9,31.5,32.5,32.4,32.3,32.2,33.2,32.8,32.5,32.4,32.6,32.6,32.9,33.1,33.3,33.3,33.1,32.9,33.5,32.1,32.7,31.2,32.0,32.5,33.3,31.3,32.7,33.4,32.9,32.3,33.7,31.8,32.1,32.4,32.3,33.0,32.7,32.9,33.5,32.6,33.7,32.4,32.5,33.6,33.1,32.9,32.9,32.4,33.4,32.2,33.0,33.7,32.9,33.5,31.4,33.0,32.9,32.4,32.4,32.1,33.0,32.2,33.5,33.1,32.5,33.0,32.7,32.6,32.9,33.3,33.1,33.1,32.8,32.5,31.9,33.5,32.4,34.1,32.4,32.7,32.9,33.3,33.1,33.7,33.6,32.7,33.1,32.7,32.9,32.0,32.2,33.4,32.8,32.2,32.8,33.3,32.2,32.9,32.9,33.1,33.2,32.1,32.2,32.3,32.7,32.8,32.7,33.3,33.9,32.9,32.9,32.5,32.7,32.3,33.6,32.8,33.3,31.7,32.2,33.7,32.3,31.8,32.4,32.6,32.7,32.1,32.2,32.4,32.9,32.8,33.4,32.5,32.9,33.5,32.9,33.3,33.6,33.4,32.9,34.0,34.5,32.8,33.3,33.5,33.1,32.8,33.9,32.9,32.1,33.2,32.9,32.6,33.2,31.8,33.5,31.8,32.2,32.6,32.0,32.7,32.9,32.8,32.9,33.1,32.3,33.3,32.9,33.1,32.6,32.5,33.2,34.1,34.4,33.3,33.1,33.1,32.4,32.3,32.1,32.5,32.1,33.1,31.9,31.6,33.0,32.9,33.3,32.6,32.2,32.3,32.7,33.0,33.2,32.9,32.3,32.2,32.6,32.1,33.1,32.7,32.9,33.5,32.8,34.8,35.5,33.5,33.1,32.6,33.1,32.3,31.8,32.7,33.3,32.6,32.1,31.9,32.4,32.9,32.1,33.3,33.8,32.7,32.9,31.8,32.8,32.7,32.4,33.1,31.7,33.0,33.2,33.1,32.3,33.0,32.2,34.4,34.8,33.8,33.3,33.1,33.0,32.9,32.9,33.3,33.5,33.3,32.8,33.1,32.8,32.7,32.7,32.2,32.9,33.8,32.7,33.0,32.8,33.2,32.6,33.0,32.7,32.4,32.5,32.7,32.8,32.9,32.6,33.8,34.0,33.5,33.5,33.2,33.9,32.7,33.2,33.0,33.2,32.6,31.9,33.1,32.4,32.2,32.8,33.0,32.9,32.7,32.4,32.8,33.6,33.0,32.9,32.7,32.8,32.4,32.9,34.1,33.1,33.0,33.1,33.6,33.1,34.0,33.8,33.7,32.8,32.1,32.6,32.7,33.2,34.6,32.4,32.5,33.2,32.3,33.2,33.2,33.1,33.0,32.6,32.5,32.8,32.9,32.2,33.8,32.7,32.8,31.8,32.7,32.4,33.2,33.5,33.9,33.5,33.2,33.5,33.0,34.3,32.9,33.5,33.0,33.4,31.8,32.6,32.5,33.0,32.2,32.9,33.5,32.2,32.3,32.4,33.3,32.5,32.6,32.7,32.5,32.7,33.0,33.2,33.4,33.0,33.3,33.9,34.3,33.8,34.5,33.5,34.8,34.7,32.2,33.7,33.1,33.0,33.2,34.0,33.3,32.6,33.2,32.5,33.4,33.9,32.5,32.8,34.0,33.3,32.9,32.3,32.9,33.1,33.1,32.6,33.2,33.3,33.0,33.1,34.1,34.0,33.7,34.2,33.6,34.0,34.0,34.4,33.6,34.2,32.6,33.7,32.0,32.9,32.1,32.7,33.2,32.6,32.3,33.1,32.4,33.0,31.9,32.5,33.2,33.0,33.3,33.5,34.0,33.5,33.5,33.2,34.7,33.7,33.3,34.3,34.4,33.9,33.9,33.7,34.5,33.3,33.6,32.4,32.6,34.2,32.6,33.1,33.4,32.2,33.0,32.8,32.1,32.8,32.7,32.3,33.2,33.2,32.9,33.5,32.7,33.2,34.0,34.0,33.9,33.8,34.4,33.7,34.3,33.9,34.4,34.7,34.6,33.6,34.3,32.6,33.4,33.1,31.4,32.8,33.0,32.6,33.0,32.8,32.7,32.8,31.8,nan,33.5,32.2,33.0,33.5,33.5,33.4,34.0,34.0,33.2,34.2,34.4,33.3,34.8,34.6,34.2,33.1,34.8,33.4,33.7,33.4,33.0,32.3,33.8,33.1,33.4,33.3,32.7,32.9,32.7,33.1,32.4,32.3,32.4,31.8,33.2,32.5,33.2,34.5,33.6,34.0,34.3,34.2,34.1,33.2,34.7,33.0,33.4,32.8,33.9,34.1,33.3,32.3,32.4,34.0,33.1,33.3,32.7,32.8,32.9,32.5,32.8,33.3,32.9,32.5,33.4,33.7,32.8,32.7,33.8,34.1,34.7,34.0,34.1,33.9,34.6,33.2,34.9,34.7,34.1,33.7,34.3,35.1,33.8,33.7,33.2,34.5,33.3,32.9,33.6,33.5,32.9,32.8,32.2,32.5,32.4,32.8,33.2,33.3,33.6,31.6,35.0,34.2,34.3,34.0,34.2,34.2,33.8,34.4,35.0,34.7,34.1,33.4,34.3,33.2,32.4,33.8,34.1,34.0,32.9,33.0,32.9,33.2,31.7,33.4,34.0,33.3,32.6,33.5,34.1,33.4,33.4,33.7,34.5,34.1,34.1,34.2,34.3,33.8,33.6,34.3,34.9,34.5,33.2,33.8,33.4,34.3,32.4,33.9,34.1,33.5,33.5,33.1,33.3,32.6,32.2,33.5,33.1,32.6,32.6,33.1,33.3,33.5,33.1,33.5,34.0,32.7,33.3,33.9,34.2,33.7,33.3,32.6,34.6,34.2,33.9,33.8,33.3,33.9,32.1,33.4,34.5,33.7,33.2,32.9,33.4,33.1,32.7,33.5,33.0,32.9,32.8,33.5,33.5,33.3,33.0,32.6,34.4,34.7,34.6,33.8,34.6,34.0,34.1,33.1,34.3,34.7,34.6,33.9,32.6,33.5
1785303348.6647322,512,33.1,32.1,32.8,33.0,32.2,32.9,32.9,34.0,32.9,31.5,32.1,32.6,31.6,32.8,31.4,32.8,32.6,32.8,32.9,32.8,33.0,32.7,33.3,32.0,30.9,33.0,32.5,32.6,33.2,33.5,32.7,34.1,33.6,33.3,32.1,32.6,32.0,33.1,32.5,33.2,33.4,32.4,32.6,32.0,33.6,33.2,33.0,33.6,32.3,32.8,32.6,32.3,33.4,32.7,32.3,33.1,32.6,33.1,33.2,33.1,33.4,32.2,33.4,33.7,33.4,34.0,33.1,33.6,33.7,32.7,33.7,33.0,31.4,33.5,32.2,33.9,33.1,31.9,32.4,32.3,32.8,33.0,31.9,32.0,32.3,32.7,32.6,33.1,32.8,32.5,32.5,33.3,33.0,32.6,32.7,33.6,33.4,32.4,33.6,33.8,32.7,33.2,33.4,33.4,32.1,32.8,31.6,31.6,32.4,32.2,32.5,31.8,32.8,32.9,33.4,32.9,33.2,33.4,32.5,32.5,33.1,32.3,33.0,32.3,33.7,32.5,33.0,33.6,31.5,32.1,32.6,33.3,32.7,32.5,32.5,33.0,32.9,32.8,31.9,32.3,32.5,32.7,32.1,33.4,32.8,32.1,31.9,32.3,32.7,32.6,33.3,33.1,33.4,33.6,32.8,33.7,32.2,32.8,32.3,33.5,32.7,32.9,32.9,33.0,31.8,32.2,32.8,31.9,32.4,32.3,33.2,31.8,32.9,32.5,32.9,32.4,32.6,32.6,32.1,32.1,32.1,33.0,33.6,33.3,33.6,32.9,32.3,32.9,33.3,33.1,32.8,33.0,32.2,32.9,32.9,32.7,32.4,33.0,32.8,32.7,31.9,32.7,31.9,32.5,32.2,32.2,32.4,33.4,33.0,32.6,32.3,33.0,33.2,33.7,33.2,34.5,32.5,32.7,33.4,33.7,32.8,33.1,32.1,33.6,32.8,33.2,32.8,33.0,32.7,32.6,33.6,32.7,32.9,33.5,33.2,32.4,32.1,33.4,32.5,32.9,33.0,32.1,32.8,32.0,34.0,33.4,33.8,33.9,33.6,33.6,33.4,32.4,32.5,33.5,32.7,33.4,32.3,31.4,31.7,33.0,32.4,33.5,31.9,33.2,33.5,33.4,32.5,33.6,32.5,32.9,32.1,33.2,32.9,32.1,32.4,33.2,32.9,33.7,34.7,34.8,32.7,33.6,32.5,33.5,32.8,32.4,33.2,34.1,32.6,33.0,31.6,32.6,32.3,33.4,31.9,33.1,33.8,32.7,32.9,32.9,32.5,33.1,33.3,33.7,33.1,32.1,33.6,32.1,32.8,33.9,34.4,34.6,34.3,33.5,33.0,32.8,32.6,32.0,33.7,33.2,56.3,33.2,33.8,33.7,30.9,33.2,31.0,33.6,32.5,32.6,31.3,32.9,33.2,32.9,31.7,33.1,28.9,32.6,29.6,32.5,29.7,33.9,30.3,34.6,35.0,33.1,32.5,33.0,33.6,33.3,34.0,32.6,32.6,33.2,32.3,31.7,32.9,31.4,32.9,30.6,33.0,32.7,32.3,32.5,33.2,32.3,32.2,33.7,32.8,36.2,33.1,35.6,33.8,36.0,34.1,36.2,34.1,33.8,33.5,33.7,33.5,34.4,33.1,35.8,32.4,32.8,32.8,33.4,33.7,32.5,32.5,32.9,32.7,32.4,32.8,32.9,32.7,33.3,32.7,33.3,33.2,32.5,32.0,33.3,33.2,33.9,33.2,34.1,32.5,34.0,33.2,33.9,33.6,33.1,32.4,33.4,33.1,32.6,32.3,32.5,32.4,33.6,32.3,32.2,33.1,31.3,33.1,32.8,32.5,32.7,33.3,32.7,33.2,32.5,33.0,32.8,33.8,33.9,33.0,34.3,34.5,33.8,33.5,32.8,33.7,33.3,32.5,32.8,32.2,34.0,32.8,32.2,32.2,32.7,32.7,33.9,32.4,32.3,32.7,32.6,33.1,33.6,33.0,33.8,32.8,33.6,33.4,34.4,32.9,33.9,34.2,34.5,33.4,34.0,34.1,33.7,32.9,33.9,34.2,33.6,32.5,32.1,32.9,33.3,32.8,33.6,33.9,32.2,32.3,31.9,33.0,32.8,33.2,33.0,32.8,32.0,33.2,33.1,33.8,33.3,34.3,32.8,34.3,34.0,34.8,34.2,34.1,33.7,33.3,33.3,34.7,33.7,30.9,32.3,33.6,33.1,32.1,32.3,33.2,32.7,33.0,33.4,32.7,32.6,32.4,33.0,33.4,33.5,32.7,33.9,33.2,34.0,33.2,34.1,33.4,33.6,33.9,34.4,33.4,33.9,32.7,33.0,34.1,34.6,32.4,33.3,31.9,32.9,32.7,32.0,33.0,32.2,32.9,32.3,33.0,32.5,33.5,nan,33.3,32.8,34.3,34.0,33.0,33.2,32.5,32.7,33.5,33.9,33.9,33.7,32.5,32.7,33.4,33.5,34.2,32.7,33.3,32.6,32.4,34.4,33.5,32.9,32.9,32.9,31.7,33.1,33.4,33.0,32.4,33.1,32.9,33.6,34.2,33.1,32.2,33.8,33.2,34.0,33.9,33.7,33.8,34.0,33.8,33.9,34.8,33.5,33.3,33.4,33.9,31.9,33.2,33.4,33.1,33.2,32.1,32.5,32.7,32.5,33.4,33.0,33.1,32.2,32.9,33.2,33.7,33.0,33.2,32.7,34.4,34.3,33.9,33.2,35.0,34.6,34.7,34.1,33.2,33.9,33.2,33.1,32.3,33.7,32.9,34.3,31.6,33.1,32.5,32.8,32.8,33.1,33.8,34.4,32.6,33.2,34.6,34.2,33.8,33.8,34.1,33.8,34.8,34.2,34.0,34.0,32.8,33.5,34.4,34.7,34.1,33.7,33.3,34.5,34.0,32.3,32.7,33.0,33.9,33.2,32.9,32.5,33.1,33.2,32.6,33.2,33.1,32.4,35.1,33.7,33.9,33.5,33.1,33.8,34.1,33.7,34.7,32.5,33.9,33.9,34.9,33.8,34.0,33.4,33.0,33.5,32.2,33.9,32.6,34.1,32.5,32.7,33.1,33.1,31.7,33.7,32.8,32.1,32.6,32.6,33.5,34.6,33.1,33.1,32.6,33.2,33.5,33.9,33.9,34.3,32.6,34.5,34.3,34.2,34.5,35.4,34.3,34.1,32.5,33.3,33.4,32.9,34.4,32.9,32.8,32.4,32.5,32.9,32.8,32.8,33.3,31.5,33.7,32.9,32.8,33.1,33.9,32.8,33.5,33.6,33.7,33.1,33.9,33.7,34.5,32.8,33.9,34.0,33.1,33.9
1785303350.7609537,513,33.3,32.3,33.3,32.1,31.5,31.4,32.2,32.0,31.5,33.2,32.2,32.1,32.4,32.9,33.9,32.7,32.1,32.3,33.3,33.1,32.8,32.2,33.9,33.7,32.4,33.1,34.0,32.5,32.7,32.9,32.9,33.7,30.9,32.2,33.5,33.3,31.9,31.8,33.0,32.8,33.7,32.1,31.9,32.8,31.7,32.7,33.8,32.9,32.6,32.2,32.5,32.6,32.9,32.5,32.0,33.1,31.9,32.3,33.1,33.5,32.5,32.2,33.8,33.6,31.8,32.9,31.4,33.2,32.5,32.4,33.3,32.5,32.2,32.9,33.2,32.6,31.2,32.5,33.0,33.6,32.5,32.6,33.5,32.1,32.3,32.1,33.6,32.4,32.2,33.3,33.6,33.0,33.4,32.8,33.2,33.7,33.1,32.1,32.3,34.0,32.8,32.8,32.1,33.6,33.5,32.3,32.0,32.7,31.9,33.1,32.6,33.4,33.2,32.6,31.9,32.1,33.3,32.8,32.4,33.3,32.6,33.1,32.7,33.7,31.5,31.8,32.0,33.9,33.4,33.2,32.9,32.6,31.1,32.6,32.6,32.5,32.1,32.0,32.8,32.2,32.7,31.6,33.0,32.3,32.9,32.8,33.2,33.0,33.0,32.0,33.0,32.6,33.1,32.4,33.9,32.4,32.2,33.1,33.4,33.9,32.8,33.2,32.6,33.4,32.9,32.6,33.3,33.4,32.6,32.5,33.0,32.7,32.5,32.6,32.5,33.1,32.7,32.1,32.0,32.8,32.7,32.9,33.3,32.8,33.0,32.7,32.9,33.7,33.0,32.5,32.7,34.1,33.3,31.0,32.5,32.6,32.2,32.3,33.2,33.1,32.7,32.6,32.7,33.4,32.4,33.6,32.6,32.8,31.6,32.0,32.2,33.0,32.8,32.2,35.1,34.2,33.1,33.0,33.4,32.4,32.7,32.6,33.6,33.1,32.2,33.0,31.4,32.8,31.3,32.7,32.4,32.6,32.3,32.6,33.0,33.6,32.7,32.6,32.8,32.7,31.9,31.7,32.7,33.0,32.7,33.8,34.3,34.1,33.4,32.8,33.7,33.0,33.4,32.2,33.2,33.8,32.5,32.8,32.3,33.6,31.3,31.6,32.9,32.1,32.7,32.6,33.7,33.6,33.2,32.3,32.6,32.2,33.1,32.0,32.6,32.2,32.3,32.2,34.9,34.8,33.2,32.7,33.6,33.9,32.9,32.5,34.2,32.6,32.3,31.7,32.9,32.7,33.0,31.8,33.0,32.9,33.0,32.9,32.0,32.3,32.7,31.4,32.4,32.7,32.4,32.7,32.0,33.3,33.3,32.4,35.3,35.0,33.7,33.2,33.6,33.2,32.3,32.2,31.8,34.0,32.5,31.6,33.6,32.5,32.2,32.2,32.7,32.5,33.1,32.0,33.0,32.4,31.9,32.8,33.1,33.0,33.1,32.7,33.4,32.5,32.0,33.3,34.5,33.7,33.4,33.9,33.4,33.8,32.2,32.7,33.8,32.7,33.2,32.6,33.0,33.3,32.2,32.7,32.8,33.3,33.1,32.6,32.7,33.2,32.6,33.3,33.2,33.2,33.8,32.4,32.5,32.4,33.4,33.3,33.3,34.8,33.5,33.7,33.4,33.0,32.7,32.6,33.6,33.0,31.3,32.4,31.8,33.8,33.2,32.4,32.7,32.6,32.4,32.8,33.4,31.8,32.3,32.8,33.3,32.7,33.3,32.2,34.0,33.5,33.4,33.8,34.1,34.4,34.4,33.7,34.8,34.1,32.7,32.3,33.8,33.9,32.3,32.6,32.6,33.5,33.2,32.6,32.5,33.1,32.9,32.8,32.4,32.7,32.4,32.7,32.4,32.7,32.9,33.8,32.3,33.5,33.2,33.8,34.4,33.9,33.0,33.7,33.4,34.6,33.0,32.8,32.2,33.3,32.8,33.5,32.8,32.9,32.7,31.9,34.1,33.1,32.4,32.8,33.4,32.2,33.3,32.8,33.3,32.7,32.3,32.4,33.3,33.7,32.9,33.2,34.0,33.2,33.3,33.9,34.2,34.1,33.1,33.8,33.7,33.5,33.5,32.3,31.3,33.3,32.0,31.9,32.6,32.5,32.6,33.5,31.6,32.7,32.3,32.9,32.7,33.1,33.4,32.9,32.9,34.4,33.4,34.0,34.6,34.1,33.7,33.7,34.3,34.3,33.8,34.1,33.6,33.3,32.6,32.7,32.9,33.1,32.5,32.4,33.4,32.1,33.3,32.5,32.8,32.5,33.4,32.7,33.8,33.0,32.9,32.7,33.1,34.2,32.6,34.0,34.0,33.2,33.6,33.7,35.0,34.5,33.7,34.4,32.7,33.7,33.1,32.0,33.0,33.9,32.7,33.0,32.5,33.2,32.9,33.0,32.9,33.4,32.8,nan,33.2,32.9,33.9,32.4,34.0,34.4,33.2,33.7,33.6,34.1,34.1,34.1,34.7,33.4,33.9,33.6,33.4,34.9,31.6,33.7,33.1,33.6,32.7,32.2,33.3,33.7,32.1,32.0,32.9,32.5,32.0,32.2,33.0,33.4,32.6,32.2,34.0,34.5,33.8,33.2,34.1,33.7,33.7,33.0,34.0,33.8,33.9,33.2,34.6,33.8,34.2,33.4,33.9,32.8,32.6,32.5,32.0,33.6,33.6,32.4,33.0,33.2,33.0,33.2,32.9,33.2,32.1,33.6,33.8,34.3,33.9,33.9,33.8,35.0,33.8,33.4,33.8,34.7,33.7,33.6,34.2,34.5,32.8,32.9,33.3,33.4,32.0,33.5,32.0,33.2,34.0,33.4,33.7,32.7,33.0,32.7,33.3,33.2,33.3,34.4,34.7,34.9,34.7,34.8,33.9,33.8,33.9,34.0,34.8,34.4,33.9,32.8,33.7,33.8,33.2,33.4,33.8,34.1,33.4,33.4,32.6,33.7,32.4,32.7,32.0,33.8,32.6,33.4,33.2,33.8,34.6,33.8,34.7,33.3,33.3,33.6,33.9,34.2,32.6,33.8,34.1,34.6,34.1,33.6,33.9,34.2,34.1,32.6,34.4,33.6,33.1,33.7,33.5,33.2,32.1,33.2,32.8,33.6,33.0,32.8,33.5,32.9,33.7,34.9,33.7,33.4,33.2,34.0,33.0,33.8,33.0,32.7,34.5,33.5,32.9,33.7,32.7,34.3,33.1,33.1,33.3,33.4,33.1,32.5,32.5,33.8,32.7,32.8,32.2,32.5,33.2,33.2,32.7,33.7,33.6,33.9,32.9,33.6,33.2,33.3,33.2,34.3,32.7,33.3,35.2,34.8,33.6,33.8,33.6,35.0
1785303352.825105,514,31.3,33.1,32.7,34.1,32.5,32.1,32.3,32.6,32.0,31.6,32.4,32.1,31.6,31.4,32.5,32.9,32.5,31.4,32.5,31.8,32.5,31.6,32.4,33.3,31.8,32.3,33.0,33.6,34.0,32.2,32.5,33.7,32.2,32.1,32.5,33.2,31.0,32.1,31.8,33.1,31.7,31.0,32.9,32.5,32.4,31.3,32.4,32.6,31.9,31.3,32.4,32.8,31.4,31.5,31.6,32.6,32.9,32.8,32.7,33.0,32.2,32.1,33.0,32.8,32.0,32.7,31.6,33.4,32.4,32.0,32.0,31.7,31.9,32.9,31.9,32.6,32.0,32.0,32.9,32.4,32.7,32.4,32.9,32.4,32.6,32.1,32.9,32.2,32.7,32.4,32.6,32.5,32.4,32.8,32.6,32.8,31.6,32.5,32.3,32.6,32.2,32.1,32.1,32.7,32.5,32.6,31.8,32.4,31.4,31.7,32.4,32.5,32.8,32.8,32.1,31.8,32.3,31.4,31.9,31.7,32.0,33.4,31.9,33.4,32.3,32.4,32.0,34.0,33.0,32.3,31.0,31.9,31.4,31.6,33.0,32.7,31.8,32.5,33.4,33.1,32.9,32.8,33.2,32.4,31.6,32.3,33.2,32.1,32.8,33.0,32.9,34.0,32.4,31.5,31.9,32.4,33.5,32.9,33.9,32.6,32.6,32.4,32.8,32.7,32.5,31.8,33.3,32.9,32.3,33.1,31.9,32.6,32.8,32.2,32.5,33.4,33.0,31.8,31.8,33.0,32.7,32.0,33.1,32.7,32.1,32.6,32.7,34.2,32.8,33.4,33.1,34.0,31.9,31.9,32.6,32.6,31.5,32.3,33.3,32.9,32.0,32.9,32.6,32.9,32.1,32.3,32.5,33.1,32.5,31.2,32.8,33.5,32.5,32.2,33.3,34.2,32.3,32.5,32.7,32.3,32.4,32.2,33.3,34.1,31.6,32.4,31.4,32.5,32.8,32.4,33.3,33.3,32.3,32.3,32.8,32.5,32.2,32.7,32.7,33.0,32.5,31.9,32.5,32.6,32.7,32.7,34.0,35.5,33.2,33.1,32.8,33.6,32.6,32.8,32.8,33.1,32.4,32.2,32.6,32.5,32.0,31.9,32.6,33.3,32.6,32.6,32.3,32.9,31.8,33.1,32.3,32.0,32.2,32.0,32.6,32.7,33.0,31.9,34.6,34.7,32.9,32.9,33.3,33.0,33.3,31.1,32.3,32.8,32.3,31.6,32.3,33.7,32.2,31.7,32.5,33.2,32.9,31.8,31.8,33.2,31.7,32.4,31.4,33.5,32.5,33.3,32.2,32.7,32.4,32.4,35.0,34.6,33.7,33.2,33.2,32.9,31.9,32.3,32.6,32.9,32.2,32.6,33.1,32.8,33.2,33.1,32.7,33.0,32.8,33.0,33.1,32.4,31.8,33.0,33.4,32.4,33.6,32.1,33.0,32.5,32.4,32.8,33.8,34.2,33.9,34.4,32.9,33.4,33.0,32.5,33.1,32.7,32.5,32.7,33.4,33.0,32.2,32.8,33.0,33.0,32.6,32.8,32.7,32.7,32.6,32.4,31.6,33.1,32.3,32.2,32.4,33.1,33.2,34.0,33.5,34.2,33.0,33.6,33.4,33.8,32.9,32.0,33.2,33.5,32.5,33.9,33.1,33.3,32.4,32.7,32.1,32.6,32.8,31.7,32.1,32.5,31.5,32.5,31.9,33.7,32.7,32.2,33.3,33.2,33.7,34.2,34.6,33.5,34.7,32.5,34.4,34.0,32.6,32.3,32.5,32.7,33.0,34.0,33.0,33.2,32.1,32.1,32.5,32.9,31.7,31.9,33.0,32.7,32.8,32.3,32.1,33.4,33.4,32.1,32.8,32.8,32.2,33.4,33.2,33.3,33.7,32.9,34.3,33.8,33.2,33.1,32.4,33.4,33.1,31.8,33.7,31.7,32.3,32.2,33.5,33.3,32.1,33.0,33.0,32.4,31.7,32.4,33.2,32.5,32.9,32.5,33.5,33.7,32.8,33.0,33.7,32.7,33.2,33.0,33.9,33.4,33.5,33.2,34.1,33.5,33.1,31.4,32.5,33.0,32.7,31.8,33.3,33.6,33.1,32.7,32.9,33.2,32.4,32.0,32.7,33.1,33.5,33.3,32.7,33.5,33.1,33.3,33.6,33.3,33.2,33.9,34.3,34.5,32.9,32.6,33.2,33.8,31.9,32.2,32.5,33.7,32.4,32.2,33.2,33.0,33.7,32.5,32.8,32.9,33.0,32.2,33.0,31.9,33.0,33.0,33.0,33.5,33.6,32.7,33.7,33.4,33.0,33.0,34.4,32.9,34.1,34.0,33.6,32.9,32.3,32.6,32.8,33.2,32.6,32.5,32.5,33.1,32.6,32.3,32.6,33.8,32.6,nan,32.4,32.3,33.1,33.3,32.9,33.6,32.9,33.1,33.1,33.6,33.1,33.1,33.8,33.2,32.6,34.2,33.5,33.6,33.0,32.3,33.0,32.2,32.6,32.4,33.0,34.1,32.1,31.8,33.0,33.0,32.2,32.0,32.7,32.5,31.9,33.2,33.3,33.6,33.7,33.1,34.2,32.9,33.4,33.8,33.9,34.9,33.6,33.3,33.9,34.0,32.5,32.2,32.9,32.5,32.8,32.4,32.7,32.8,32.3,31.7,32.8,32.9,31.7,31.8,32.1,32.8,32.0,33.0,33.0,33.7,33.8,34.0,33.5,34.5,32.6,34.2,33.1,33.5,34.2,34.1,33.5,34.4,32.0,32.7,32.4,33.2,32.1,32.6,33.2,33.0,32.9,32.5,32.9,32.9,33.2,32.9,33.4,32.9,32.9,32.9,33.2,33.7,33.5,33.9,34.5,33.6,33.8,33.6,34.2,34.1,34.8,34.0,34.7,32.2,32.3,33.5,32.4,33.6,32.6,32.9,33.0,33.0,31.7,32.5,33.4,33.5,33.0,32.5,33.2,33.7,33.1,32.3,32.5,33.9,33.8,33.3,34.0,33.7,32.8,33.1,34.3,34.1,33.3,34.7,33.3,34.5,32.1,33.6,32.8,33.4,32.8,32.4,33.4,32.8,31.6,32.5,33.1,33.1,32.7,32.3,32.9,33.6,33.0,32.3,33.6,34.0,34.7,33.3,32.9,33.6,33.1,33.3,32.6,32.5,33.8,33.2,34.2,34.9,32.7,34.1,32.6,33.9,33.3,34.2,32.3,32.3,32.9,31.8,32.4,33.6,32.2,33.6,33.4,33.2,32.5,32.5,33.2,34.3,32.7,32.7,33.4,32.9,32.9,33.2,33.6,34.1,32.8,34.7,32.7,35.6
1785303355.2055583,515,33.0,32.4,32.5,32.3,33.0,32.4,32.2,32.5,32.5,32.7,32.0,33.4,32.4,31.9,32.4,33.2,32.8,32.3,32.9,33.0,33.0,31.9,32.1,33.2,32.1,33.2,33.1,33.5,33.8,32.3,32.6,32.8,33.1,31.4,33.8,33.3,33.4,30.9,32.7,33.2,32.2,32.2,31.7,33.6,31.8,32.3,32.6,32.3,33.0,32.7,32.3,32.4,32.5,32.7,33.0,32.5,31.8,32.3,32.8,33.5,33.7,33.7,32.4,33.9,32.6,33.0,33.1,32.9,31.4,33.3,32.7,32.8,32.4,31.7,32.2,32.5,31.7,32.5,32.5,32.1,31.9,32.7,31.7,33.0,32.3,32.2,32.3,32.7,32.0,32.3,32.3,32.8,33.0,32.4,33.4,33.4,32.4,31.9,33.3,32.0,31.7,31.3,32.8,32.6,33.2,33.2,32.1,32.5,32.0,32.4,32.0,33.1,32.1,32.7,33.4,31.7,31.9,32.7,33.4,33.3,32.7,32.2,32.8,34.1,32.6,31.8,32.3,33.6,31.7,32.1,32.2,32.2,30.9,32.3,33.7,32.2,32.1,32.8,32.8,32.2,32.0,32.2,32.3,32.7,31.5,32.6,33.0,32.2,33.2,32.1,33.2,32.6,33.4,32.5,33.2,33.1,33.0,31.8,33.2,33.5,32.5,32.7,32.5,32.6,32.4,32.6,32.8,31.9,32.6,31.8,32.4,32.7,33.1,32.4,32.7,32.5,31.1,32.1,32.6,32.8,32.1,31.9,32.5,32.9,32.5,32.6,32.6,33.7,31.9,33.5,32.4,33.2,33.1,33.3,32.5,32.9,33.2,32.0,33.0,32.3,32.6,32.7,32.5,32.7,32.9,31.9,32.7,32.7,31.6,31.8,32.1,32.6,32.6,33.7,34.2,33.8,33.2,32.4,32.6,32.9,32.1,32.1,34.4,33.4,32.1,32.1,33.0,32.6,31.2,31.5,32.9,32.0,32.6,32.6,32.0,32.4,31.3,32.5,33.3,33.0,32.6,32.3,32.0,32.2,32.5,32.6,34.6,34.3,32.4,33.7,32.7,33.5,33.3,32.4,33.1,33.2,32.3,32.1,32.3,32.8,32.0,31.9,32.8,32.5,32.0,32.3,32.5,33.2,33.1,31.5,33.1,32.8,32.1,32.0,32.2,32.9,32.9,32.9,35.0,34.9,34.4,33.1,33.7,33.5,33.1,32.6,33.2,33.3,33.7,31.9,32.0,33.1,33.3,31.0,32.0,32.9,32.0,31.3,31.9,32.5,32.2,32.0,32.8,32.7,32.5,33.0,33.0,32.5,31.8,33.2,34.7,35.3,33.4,32.7,32.9,34.1,33.3,32.4,31.7,33.0,31.9,32.5,33.0,33.5,31.7,32.1,33.3,32.7,31.9,32.7,33.5,33.3,32.3,32.9,32.4,31.8,34.2,31.7,32.6,32.8,32.9,33.3,34.2,34.4,33.7,33.1,32.3,33.0,32.6,32.2,34.0,32.6,32.4,31.6,32.9,32.9,32.3,31.5,32.8,33.1,32.7,32.1,32.8,32.8,33.0,32.5,33.0,32.4,32.8,33.0,32.5,33.3,32.3,33.0,33.8,33.8,33.8,33.2,33.3,34.4,32.6,32.1,32.5,33.6,33.4,32.1,32.8,32.6,33.2,32.3,32.0,32.7,32.4,32.6,32.7,32.2,32.4,32.1,32.6,32.8,33.3,32.1,33.1,32.7,33.4,33.1,34.9,34.0,32.7,34.1,34.0,34.4,33.5,32.6,33.4,33.6,32.9,32.0,32.5,32.5,32.0,32.2,33.3,32.6,32.3,32.1,33.3,32.7,31.9,31.8,31.9,32.4,32.7,32.1,33.7,32.8,33.2,33.2,33.7,34.2,33.5,33.4,34.2,34.8,32.4,32.3,32.3,31.9,34.5,33.4,32.6,32.8,33.3,32.3,33.2,33.0,32.2,32.9,33.6,32.5,32.0,32.8,32.9,32.5,32.8,32.8,33.3,33.3,32.8,32.6,34.3,33.6,33.1,33.7,34.0,33.7,32.9,32.4,33.4,32.8,33.0,32.9,32.7,32.4,33.2,31.9,32.3,33.3,32.5,31.3,32.5,32.5,33.3,31.9,32.8,33.5,32.9,32.4,33.5,33.2,32.7,33.7,34.7,34.2,33.5,33.4,33.2,34.5,33.9,33.6,34.3,34.3,32.6,31.7,33.4,32.5,33.1,32.9,33.1,32.4,32.4,33.2,33.3,33.0,32.4,32.8,32.9,31.8,33.4,32.6,32.9,33.1,33.3,33.6,33.5,32.8,33.1,33.5,34.2,34.4,34.8,33.3,34.1,33.2,32.1,32.2,32.9,33.5,32.3,31.9,32.8,32.6,32.7,32.7,32.8,33.5,32.7,nan,33.2,32.7,32.9,32.9,33.7,33.2,32.4,33.4,33.0,34.1,33.2,33.2,34.1,34.1,34.0,33.9,32.7,34.3,32.7,32.3,33.7,33.7,33.1,31.4,33.1,34.4,32.6,32.4,33.1,33.5,32.3,32.5,32.5,32.5,31.5,32.8,33.4,33.2,33.8,33.0,34.3,33.1,34.0,33.7,34.4,34.3,34.6,34.9,33.1,34.3,32.4,32.5,32.8,33.4,32.3,32.6,33.4,33.1,32.7,32.5,32.7,33.4,32.6,32.2,33.0,34.2,32.7,32.6,33.1,33.6,34.4,33.6,33.6,34.6,33.4,33.6,33.6,35.6,33.4,33.4,33.2,33.9,33.2,32.1,31.8,33.7,32.0,33.2,33.1,33.3,33.0,33.3,33.8,34.0,33.1,32.1,32.9,33.0,32.8,32.1,34.1,33.3,34.3,33.3,34.7,33.7,34.6,33.5,34.6,34.2,34.3,33.9,34.4,33.2,32.2,32.8,32.7,32.8,32.3,33.2,32.7,32.5,32.7,32.0,32.9,33.7,32.1,33.4,33.3,33.6,33.1,32.6,32.7,34.3,34.1,33.1,34.8,34.3,32.9,33.4,34.4,35.2,34.8,34.6,33.6,34.4,33.1,34.3,33.8,32.4,32.9,32.9,32.4,32.2,32.8,32.0,32.1,33.5,32.6,31.9,33.5,33.0,33.3,32.1,33.5,33.7,33.7,33.7,34.1,32.8,33.0,34.1,34.1,33.2,34.3,33.6,34.9,33.4,32.1,32.4,33.2,34.0,33.0,32.1,32.4,33.2,31.2,32.6,33.4,33.3,33.3,33.5,33.4,32.6,32.6,33.0,32.8,34.1,33.0,32.1,33.1,33.4,32.8,33.1,33.7,35.5,34.3,34.2,33.3,34.1
1785303357.1602998,516,31.0,31.7,32.4,31.9,32.5,31.4,31.7,32.8,32.6,32.6,32.2,33.1,31.9,32.0,31.5,32.5,32.3,32.2,31.5,32.9,32.1,31.2,32.6,32.7,33.0,31.3,31.9,32.9,33.0,32.4,32.0,32.4,32.5,32.4,32.5,32.5,31.7,32.6,31.8,32.6,32.1,32.7,32.3,32.5,33.1,31.9,32.9,32.2,32.6,32.6,33.3,32.4,32.2,32.0,32.5,31.8,31.5,32.4,32.0,33.0,32.7,32.0,32.3,32.0,34.0,32.4,32.0,33.2,32.8,32.2,31.8,32.5,31.9,32.3,30.8,31.3,32.0,32.4,32.2,31.5,32.9,32.0,31.3,31.2,31.7,32.3,32.0,33.5,33.8,32.0,31.6,32.3,32.8,33.0,32.8,33.5,31.6,32.7,31.6,32.1,32.4,31.8,32.3,31.5,32.0,31.8,32.4,32.6,31.9,32.3,32.9,31.8,33.2,32.6,32.1,32.5,31.4,33.0,33.1,32.6,33.3,32.2,31.3,32.8,32.3,32.3,32.0,32.8,34.4,31.8,31.0,32.4,32.4,31.8,32.6,31.9,32.5,32.2,31.4,33.1,33.6,31.9,31.9,31.9,32.8,31.6,31.5,32.1,32.9,32.1,33.3,32.1,33.5,33.1,30.9,32.8,33.7,32.7,32.6,33.2,33.1,32.8,31.7,32.0,31.9,32.3,32.3,32.0,32.6,32.4,32.3,32.3,32.1,32.1,33.1,32.2,31.8,31.7,31.5,32.7,32.5,32.3,32.3,32.3,32.8,32.6,32.9,31.9,32.0,32.8,33.3,32.9,33.0,32.1,31.8,32.8,31.7,32.7,32.3,32.7,32.7,32.6,32.0,32.3,31.8,31.5,32.5,32.6,32.6,31.9,31.9,31.9,33.8,31.7,33.1,33.9,33.5,32.1,32.5,32.6,33.1,32.2,31.6,33.5,32.4,32.2,31.8,31.9,32.0,32.4,32.6,33.0,32.3,32.8,31.9,31.7,32.8,32.0,31.9,32.4,31.9,32.4,31.6,32.4,32.1,33.0,33.5,33.4,32.7,32.9,31.5,32.5,32.6,32.6,32.5,32.4,32.4,32.4,31.6,32.4,31.9,31.9,31.7,31.5,33.8,32.2,31.6,32.4,33.0,32.2,31.8,33.0,32.8,32.4,32.0,33.0,32.6,32.7,34.3,35.0,34.6,33.4,32.6,32.8,32.8,32.6,32.3,33.2,32.5,33.3,32.3,32.4,32.0,31.7,32.8,32.5,32.4,32.0,31.8,32.3,31.9,32.5,31.6,31.9,32.4,32.1,31.7,32.4,32.2,32.3,34.8,34.9,34.0,33.0,32.8,33.3,32.6,33.2,32.0,32.7,32.2,31.8,32.1,32.0,33.0,32.6,31.8,33.1,32.5,31.8,32.6,33.3,32.2,32.2,32.5,32.9,32.3,32.0,31.8,32.2,32.2,31.9,32.3,34.0,34.9,33.9,33.1,33.2,32.8,33.0,32.3,32.3,32.7,32.1,33.0,32.2,32.4,32.8,32.0,32.3,32.6,32.7,32.7,32.1,32.7,31.8,31.7,31.8,32.4,32.7,32.7,32.2,32.4,33.5,33.2,32.9,33.8,33.2,33.6,33.3,32.1,31.8,32.6,32.7,33.1,32.4,32.1,32.9,33.1,32.7,32.4,32.2,33.0,32.1,32.9,32.6,32.5,32.7,32.3,32.4,33.0,33.0,31.8,33.0,33.5,33.7,33.5,33.2,33.1,32.7,33.7,34.0,33.5,32.7,33.1,32.9,33.4,31.9,31.0,32.2,33.0,32.8,32.0,33.5,32.5,32.0,32.0,32.7,31.6,32.4,32.6,32.3,31.8,32.3,32.4,32.6,33.0,33.4,34.7,33.1,33.2,34.4,33.9,33.8,34.6,32.9,32.4,32.3,33.3,32.7,31.1,32.1,32.6,32.9,32.8,32.8,32.5,31.8,32.2,33.0,32.8,31.9,31.7,32.1,33.2,32.7,32.7,32.9,33.8,32.5,33.5,34.2,33.3,33.2,32.4,33.7,34.1,32.9,32.9,33.1,32.8,32.8,32.2,32.3,31.8,31.2,32.6,32.3,32.7,32.7,33.1,31.7,33.2,32.9,32.3,32.6,34.5,32.4,33.4,33.0,32.6,33.7,32.1,32.9,32.9,33.6,33.6,34.2,33.0,33.8,33.2,32.6,33.1,32.4,32.5,32.7,33.0,32.6,31.0,33.0,32.3,32.5,32.7,32.7,32.8,31.9,31.7,32.9,32.7,32.0,33.5,33.5,34.1,33.2,32.7,33.9,33.9,33.0,32.8,33.6,34.9,33.4,31.9,33.1,32.2,31.7,31.6,32.8,32.2,32.3,33.1,32.2,32.2,33.3,32.2,32.7,32.5,nan,32.7,32.3,31.8,32.5,33.4,33.4,32.9,33.4,33.1,33.3,33.1,33.1,32.7,33.5,32.9,33.5,33.2,33.0,32.8,32.5,32.3,32.0,32.8,31.6,32.2,33.0,31.9,32.0,32.1,32.7,32.7,31.5,32.2,32.7,33.5,31.5,32.0,33.1,34.0,32.7,33.8,33.6,34.8,33.2,33.6,33.5,34.5,33.6,32.4,32.3,31.8,32.6,32.9,32.1,33.0,33.4,32.7,32.0,32.3,32.2,32.1,32.4,32.5,32.6,31.6,32.9,32.0,32.3,32.3,32.2,33.4,34.1,33.0,33.0,32.8,33.8,34.0,34.4,34.4,34.2,33.7,32.6,33.5,33.1,31.7,33.2,33.2,33.1,32.6,32.8,33.2,33.0,32.3,33.2,33.0,32.5,32.5,33.0,33.2,33.5,33.2,32.0,33.7,34.1,33.0,33.4,33.7,33.1,33.0,33.9,33.4,33.4,31.9,34.2,32.1,32.0,33.0,32.1,31.8,34.1,32.6,32.6,31.7,33.1,32.1,32.6,31.8,32.3,32.8,33.2,32.5,31.4,32.8,33.0,33.1,33.5,32.3,33.2,33.3,33.5,34.4,35.1,33.7,33.7,32.6,32.7,34.4,32.9,32.3,33.4,33.2,32.4,31.9,32.8,32.7,32.5,31.6,32.7,33.0,32.1,32.7,32.4,32.7,32.7,31.4,33.2,33.8,33.4,32.5,33.4,33.6,32.9,33.4,34.5,34.0,33.4,33.9,34.5,32.6,33.4,33.5,32.8,32.6,33.2,32.1,32.3,31.8,33.0,32.5,32.3,33.2,32.5,31.6,32.3,33.4,32.5,32.5,32.9,32.7,33.0,33.4,33.1,32.5,33.0,34.2,34.0,32.6,34.5,33.2,34.2
1785303359.3339753,517,34.1,34.0,32.2,33.5,32.8,33.7,31.8,33.1,32.5,31.5,33.3,32.6,32.4,32.6,32.9,33.5,33.5,31.9,32.9,33.0,33.0,32.8,32.1,33.6,32.7,32.0,31.8,33.0,33.6,32.7,32.6,32.5,32.5,32.7,32.1,32.6,32.9,32.0,32.7,32.3,32.4,31.4,33.1,32.6,33.2,32.3,33.2,32.9,32.6,32.9,33.1,32.5,33.9,31.6,33.0,33.1,32.8,33.3,32.7,32.7,33.4,33.0,33.3,33.1,32.3,33.2,32.1,33.7,33.1,32.9,32.1,32.1,32.7,32.0,32.6,31.9,32.6,32.4,32.3,32.3,33.1,32.8,33.1,33.2,32.3,33.6,32.4,32.9,33.0,32.8,32.5,33.4,33.4,32.4,33.1,32.4,32.7,32.6,31.0,33.3,31.9,33.2,33.0,32.4,32.8,32.3,33.3,32.1,31.8,32.2,32.1,32.0,32.5,32.5,33.2,32.7,31.8,32.9,33.2,33.3,33.4,32.9,32.6,32.7,33.2,33.1,33.9,33.2,33.1,32.3,32.4,32.7,32.3,32.9,32.1,32.0,31.9,32.4,32.6,32.0,33.0,32.9,32.5,32.0,33.0,32.5,33.0,33.2,33.4,33.2,32.6,33.1,33.4,33.4,33.0,32.9,33.0,33.2,32.9,32.6,33.6,33.4,32.9,32.8,31.8,32.0,33.1,33.0,31.8,33.2,33.0,33.7,33.0,31.9,31.9,32.3,33.7,32.4,32.6,32.3,32.6,33.1,33.2,33.1,33.4,32.2,33.2,32.6,32.4,33.5,33.4,32.1,33.8,31.3,32.9,32.3,32.9,33.5,31.9,31.9,32.3,32.5,32.6,33.2,33.0,33.3,32.1,32.5,32.9,32.9,33.0,33.1,32.9,32.6,34.5,34.4,34.1,32.9,33.5,32.9,33.6,33.1,34.0,32.7,32.3,32.7,33.6,32.8,31.5,33.2,33.6,32.0,32.7,33.4,33.0,33.6,32.6,32.3,32.6,32.3,32.8,32.1,33.1,32.5,32.8,32.6,34.9,33.8,34.1,33.6,32.5,33.0,33.1,32.5,33.0,32.5,32.0,32.7,32.1,32.1,32.6,32.6,32.5,33.4,32.7,32.0,32.7,33.5,32.9,32.3,31.6,32.6,32.4,32.7,32.5,33.4,32.9,32.4,33.6,34.7,34.9,33.9,33.2,33.3,33.6,33.5,32.6,34.3,32.2,33.0,32.2,33.0,31.6,33.0,32.4,33.4,32.8,32.1,32.5,32.1,32.4,33.1,33.2,32.6,33.1,32.3,31.9,31.9,32.3,32.7,33.4,34.2,34.7,34.5,32.9,33.9,33.8,32.2,32.0,33.6,32.3,32.3,31.8,32.7,32.8,33.3,33.3,32.7,33.0,32.4,33.2,32.6,33.4,33.1,33.2,33.2,32.3,32.9,33.5,32.5,32.8,33.9,33.7,33.1,35.0,34.1,33.9,34.9,32.9,33.1,32.8,33.0,33.0,31.5,33.4,32.8,33.0,32.7,32.4,32.9,32.6,33.4,32.6,32.3,33.1,32.3,32.3,32.8,32.8,33.1,33.2,33.3,33.9,33.8,34.1,33.5,33.9,33.7,34.0,33.7,33.5,33.0,33.1,31.8,33.4,32.3,33.2,33.1,33.4,33.2,32.5,32.8,33.7,32.9,32.9,32.7,32.3,31.8,32.4,33.7,33.2,32.7,33.0,33.6,33.7,33.6,33.3,33.6,33.7,33.4,35.2,34.2,32.7,32.4,32.8,33.6,33.5,31.8,32.3,33.1,33.4,32.2,32.6,32.9,32.9,33.1,32.6,32.2,31.7,33.2,32.0,32.1,32.8,32.9,33.3,33.3,33.4,33.3,34.3,33.4,33.8,33.2,34.0,33.9,33.1,33.3,34.3,34.0,32.6,33.8,32.4,32.6,32.4,31.6,32.5,32.7,32.4,33.7,32.9,33.1,34.0,32.1,33.4,33.4,33.3,33.1,34.1,32.1,33.4,33.6,33.4,33.8,33.9,32.8,33.4,34.9,33.8,34.0,33.4,34.2,33.1,33.5,33.3,32.0,32.1,33.1,33.2,33.0,31.8,32.0,33.3,32.0,34.0,32.4,32.8,32.6,33.3,33.5,32.8,33.5,33.1,33.8,34.5,33.5,33.1,34.2,33.8,33.2,33.8,34.3,33.3,32.5,32.0,32.9,33.4,33.8,32.7,32.8,33.1,32.7,33.7,31.9,33.8,32.8,33.4,32.8,32.7,33.1,32.6,32.3,32.8,34.6,33.2,34.3,33.1,33.1,34.6,33.1,33.1,33.5,35.3,35.4,34.1,33.4,33.0,33.7,31.9,32.7,33.0,32.6,33.1,31.9,32.3,32.3,32.6,33.7,32.5,nan,32.5,33.0,33.5,33.0,33.0,33.7,33.5,34.0,33.8,34.1,34.0,34.4,33.7,33.2,34.5,33.7,33.9,33.5,34.2,32.1,32.8,33.4,33.3,33.0,32.5,33.1,33.1,32.5,33.8,33.3,32.8,32.9,32.3,32.9,32.8,32.8,32.8,33.3,34.9,34.3,33.9,34.2,34.0,33.5,34.0,35.2,34.8,34.3,34.1,33.4,33.7,32.1,33.3,33.6,32.5,32.1,32.8,33.8,33.5,33.2,33.4,33.0,32.7,32.2,33.0,32.7,33.5,32.6,32.9,33.6,34.2,34.4,34.1,33.8,33.4,33.9,33.9,35.1,33.2,34.7,33.6,33.5,34.3,33.8,32.7,34.9,32.9,33.6,32.4,33.5,32.2,32.9,33.1,33.5,32.1,33.5,33.8,33.3,33.1,33.3,33.4,33.0,33.8,34.0,33.1,33.7,33.8,34.0,33.7,33.9,34.3,33.7,34.8,34.9,32.6,33.2,33.3,32.8,34.0,33.8,32.3,32.7,32.7,32.5,32.7,33.9,33.4,32.6,33.1,33.6,33.2,32.4,33.0,33.8,33.9,34.6,33.7,33.1,33.0,32.5,32.4,34.2,34.0,34.0,33.2,34.4,32.9,33.2,34.4,33.5,32.9,34.2,33.1,32.1,33.0,32.6,32.6,33.0,33.3,33.4,32.6,32.4,32.9,33.4,32.9,33.5,34.4,33.7,34.2,32.9,33.5,33.7,33.7,33.8,34.7,33.7,34.9,33.9,33.4,32.6,34.0,32.9,33.1,32.9,32.6,32.8,31.9,33.5,32.6,33.5,33.3,33.5,33.1,32.6,32.9,32.6,33.3,32.8,34.3,33.5,33.5,33.5,32.4,34.4,33.7,33.2,33.1,33.8,33.5,33.8
1785303361.5651495,518,32.5,31.8,33.3,32.0,33.0,31.7,31.5,32.1,34.3,31.9,32.5,32.8,32.0,32.6,32.9,31.9,31.9,33.0,33.3,32.8,33.9,32.1,31.8,32.4,32.3,32.6,32.9,32.6,33.6,33.9,32.6,32.3,31.2,32.5,33.6,31.4,32.5,31.8,31.8,31.7,32.4,32.2,33.0,31.7,31.6,32.7,32.3,32.7,32.3,32.9,32.6,32.2,32.6,31.9,31.1,32.5,33.0,32.7,33.0,32.9,32.3,33.3,32.6,32.4,32.8,32.5,31.9,32.2,32.0,33.3,32.3,32.1,33.3,32.9,32.0,31.4,32.8,32.4,32.4,32.3,33.1,32.3,32.8,32.5,32.3,32.9,32.6,33.2,32.4,33.0,32.9,33.2,33.8,31.6,33.1,33.1,31.7,34.0,32.0,33.3,32.5,33.0,33.2,31.8,32.2,33.8,32.1,32.8,31.6,32.4,32.3,31.9,33.1,32.2,32.4,32.1,31.7,33.8,32.5,32.6,33.0,33.8,33.2,32.9,32.2,33.5,33.2,32.5,33.1,33.0,31.5,32.2,32.1,31.9,32.4,32.0,32.4,33.1,32.1,32.7,33.7,33.0,32.1,32.2,33.2,33.4,32.0,32.9,32.9,31.7,33.2,33.1,33.4,32.3,33.2,33.7,33.4,32.6,33.6,32.9,33.2,32.2,33.1,32.8,32.8,32.2,32.8,32.3,31.8,32.2,31.8,32.0,32.7,32.6,32.7,31.9,32.4,32.8,31.9,32.4,32.8,32.1,32.9,34.0,32.7,34.0,32.6,32.0,33.1,32.9,33.0,34.3,33.6,32.2,32.3,32.7,32.2,32.8,32.3,32.8,32.6,32.8,32.3,32.5,32.9,32.2,32.6,32.6,32.4,32.4,31.6,32.9,33.2,33.2,33.9,35.0,33.4,33.2,33.5,33.1,32.8,32.7,32.1,32.5,32.5,32.5,31.9,33.0,32.1,33.2,32.0,32.4,32.5,32.9,32.2,32.3,32.1,32.4,32.1,32.8,32.1,33.1,32.3,32.0,32.5,33.1,34.1,34.8,33.8,33.3,32.9,32.8,32.1,33.1,32.6,32.6,32.7,32.7,32.1,31.9,32.0,32.9,32.1,31.6,32.2,31.7,32.5,31.9,32.4,32.4,32.9,32.7,33.5,32.1,33.0,33.1,32.7,32.6,34.7,34.4,33.4,32.9,33.2,33.5,32.7,32.0,33.0,32.9,32.0,32.6,31.4,32.5,32.7,32.1,32.6,32.7,32.3,32.3,31.9,33.1,32.3,33.1,32.3,33.1,32.9,32.6,32.1,32.3,32.8,33.6,33.9,33.8,33.6,32.8,33.1,33.4,33.8,32.8,32.7,32.6,32.3,32.1,33.2,33.5,33.1,33.0,31.6,32.7,32.7,32.7,32.2,31.8,33.2,32.8,32.6,32.6,32.3,32.6,32.3,32.3,33.4,32.4,34.5,33.4,34.0,34.0,34.1,33.2,33.3,32.9,33.4,31.8,31.8,33.2,31.9,33.1,33.6,33.8,32.9,31.4,32.5,32.3,31.6,33.1,32.2,32.5,32.6,33.0,33.7,33.1,33.4,32.4,33.1,33.6,32.9,33.5,33.4,34.5,32.9,33.7,33.8,33.3,32.5,34.0,33.6,33.1,32.2,33.0,32.9,31.9,32.7,32.3,32.7,32.6,32.4,32.6,32.3,32.0,32.6,33.1,33.6,34.3,33.2,32.2,33.7,34.1,33.8,33.6,33.1,33.8,33.4,33.0,34.0,32.0,33.2,32.0,31.8,33.0,31.5,31.9,32.9,33.1,32.9,33.0,31.3,32.1,32.1,32.2,31.9,32.7,32.7,32.4,32.7,32.9,33.2,33.0,33.0,34.0,33.5,33.0,34.4,33.5,34.9,33.6,32.8,33.5,32.1,33.2,33.7,32.5,33.4,32.8,32.0,33.0,32.5,32.2,32.4,32.6,32.6,32.6,33.7,32.8,32.8,32.5,33.4,33.7,33.4,33.4,34.5,32.9,33.9,32.4,34.1,33.8,32.7,33.3,34.4,33.1,33.0,31.4,32.7,32.5,33.3,32.2,31.9,33.1,32.1,32.5,32.0,31.8,33.1,31.9,33.3,32.7,32.8,33.1,32.5,32.2,33.1,33.9,32.8,33.2,34.3,33.4,33.1,33.7,33.5,33.9,33.7,34.5,34.1,32.5,32.6,32.5,32.8,33.4,32.9,32.3,32.7,32.5,33.7,32.6,32.8,32.8,32.7,32.9,32.6,33.0,33.7,33.3,33.4,33.1,34.7,33.9,33.1,33.1,33.3,33.3,33.3,34.6,35.1,33.7,33.1,32.8,31.9,33.1,31.3,32.5,33.0,32.6,33.0,32.1,32.5,33.2,32.0,32.2,31.9,nan,32.5,32.7,32.5,33.0,32.7,33.4,33.3,33.4,32.7,33.7,33.2,33.9,33.2,32.9,34.3,33.6,32.7,33.9,32.9,33.0,33.7,32.8,33.3,32.5,33.4,33.3,32.9,32.6,32.4,32.6,32.6,31.8,32.5,32.6,33.6,32.8,33.3,33.3,33.6,34.1,33.4,33.1,33.5,34.5,35.5,34.5,33.6,34.1,33.7,33.6,32.4,33.0,33.2,32.0,32.5,32.3,32.6,33.4,32.9,33.2,32.2,32.0,32.6,32.6,32.4,33.4,33.2,33.1,33.2,33.9,33.9,34.5,33.2,33.6,34.1,33.6,33.4,34.5,33.7,34.7,33.8,33.1,32.3,33.8,32.9,32.8,33.5,32.7,33.3,32.4,33.7,32.2,33.5,33.5,33.3,33.5,32.9,33.0,33.3,33.4,32.2,32.6,34.6,33.8,33.7,33.0,33.5,33.0,33.1,33.4,34.7,33.9,33.5,34.1,33.3,33.6,32.2,32.6,32.5,33.4,32.3,33.1,32.0,33.1,31.9,33.0,32.2,33.4,32.0,32.4,32.9,33.6,32.7,33.4,34.1,33.6,33.6,33.3,33.0,34.0,32.4,33.5,34.0,34.6,32.5,34.4,33.4,33.0,31.7,33.3,33.9,32.2,32.9,32.1,33.7,33.3,32.6,33.0,33.7,32.8,33.1,32.8,33.5,32.8,34.0,32.3,34.0,33.3,33.7,33.7,33.7,33.3,33.3,33.4,35.3,34.2,33.8,34.1,31.6,33.3,33.1,34.6,32.5,33.1,32.0,33.0,33.0,33.1,33.0,32.8,32.6,31.9,32.8,33.7,32.2,33.0,33.5,33.0,33.6,33.8,32.4,32.8,33.3,33.7,33.1,34.0,32.9,35.0,33.9,34.8
1785303363.9308095,519,33.0,31.4,34.3,33.4,32.8,31.8,33.1,32.8,33.3,31.6,32.5,33.2,32.6,31.9,32.9,33.1,32.8,32.9,32.6,33.3,32.8,32.7,31.4,32.5,32.7,32.5,33.8,34.2,34.1,33.6,32.1,33.4,31.6,33.3,33.5,33.6,31.7,32.9,32.6,33.0,31.7,32.6,33.1,33.0,32.6,32.9,33.4,33.3,33.1,31.2,33.1,32.9,32.4,32.5,31.4,31.9,32.7,32.1,33.1,33.1,33.1,32.6,33.5,33.1,32.3,31.9,32.4,33.0,32.5,31.3,33.5,31.6,32.7,33.4,32.4,31.8,32.4,32.9,31.9,33.3,33.0,32.7,31.6,33.6,32.3,31.9,32.6,32.6,32.6,32.2,31.7,33.1,34.0,33.2,32.4,32.3,32.6,32.6,32.8,31.8,31.2,32.4,31.9,32.4,32.1,32.8,32.7,32.5,32.1,32.2,32.9,33.1,32.1,33.1,32.8,32.4,32.6,32.0,33.8,32.7,32.0,33.3,33.1,32.5,33.3,32.9,34.2,33.2,33.3,32.2,32.6,32.1,33.3,31.6,32.7,32.5,32.4,32.2,32.3,33.3,32.7,32.1,32.5,32.1,32.9,31.8,31.8,32.6,32.7,32.1,33.7,34.4,33.7,32.8,32.6,33.6,33.0,33.5,33.2,33.4,32.1,32.9,32.4,33.0,33.1,33.4,32.7,32.5,33.1,32.5,33.1,32.9,31.8,33.1,32.6,33.1,32.0,32.4,32.6,32.9,32.0,33.9,34.3,34.3,33.5,33.6,33.3,33.3,32.6,33.1,31.4,33.0,32.4,32.5,32.3,33.0,33.3,31.9,33.2,32.9,32.8,32.5,32.0,33.4,32.2,31.9,32.9,33.3,33.4,31.9,32.2,32.8,32.9,33.0,35.0,35.4,34.3,32.4,33.0,34.1,33.0,31.8,33.2,33.7,32.9,32.7,32.9,32.8,31.2,33.0,33.0,31.7,32.3,32.2,32.9,32.3,32.3,32.1,33.0,32.3,33.1,32.9,32.7,32.3,32.4,32.9,34.3,35.3,33.9,33.5,33.1,32.4,33.2,33.1,33.8,33.4,32.1,33.2,32.5,32.2,33.3,32.3,33.5,33.3,33.4,32.4,32.5,33.3,32.9,32.3,32.1,33.4,32.9,32.7,32.2,33.3,33.2,33.0,35.0,34.3,34.4,32.8,32.8,33.7,33.6,32.4,33.4,33.0,31.4,31.9,32.9,32.7,33.0,32.1,33.5,32.9,32.0,33.1,32.6,31.5,32.4,33.3,32.7,32.7,32.7,32.8,32.7,32.4,33.2,33.8,33.3,33.7,33.7,34.0,34.1,33.5,32.6,33.1,33.2,33.2,32.3,32.2,32.4,32.8,32.8,33.4,32.5,33.6,32.7,32.1,32.7,33.1,32.9,32.7,32.9,33.3,32.9,32.0,31.8,33.8,34.5,33.3,33.9,33.7,33.0,33.0,33.6,33.8,33.1,32.3,32.6,32.9,32.5,33.4,33.0,32.9,31.3,32.7,32.6,33.1,32.4,33.3,33.0,31.7,32.7,32.7,32.5,33.2,33.2,33.7,33.2,33.3,33.7,33.8,34.0,33.2,33.2,34.7,33.9,33.9,32.3,33.0,33.0,33.0,33.0,32.4,33.2,33.8,33.2,32.5,33.6,32.9,32.9,31.5,32.2,32.3,33.1,32.5,31.7,32.5,33.4,31.9,32.7,33.7,33.9,34.0,33.4,34.2,33.6,32.5,33.1,33.6,33.5,31.9,32.6,33.1,31.7,32.4,32.8,33.5,31.6,32.9,33.0,33.0,33.0,32.6,33.0,32.2,32.1,33.2,33.3,33.2,33.0,32.7,33.4,33.2,33.5,33.7,34.4,33.9,32.8,33.7,33.9,33.2,33.4,33.0,33.2,32.9,33.5,31.8,32.6,33.5,32.9,32.2,33.0,33.1,32.4,31.6,32.8,32.7,32.3,33.3,33.4,32.7,33.6,32.8,34.1,34.5,33.7,32.8,33.1,33.7,33.3,32.5,34.1,34.1,34.2,32.5,33.0,33.1,32.8,33.7,32.8,32.4,32.7,33.8,33.2,33.2,33.2,32.3,33.0,32.0,32.4,33.5,33.0,33.7,32.6,33.0,33.5,34.0,33.2,33.5,33.7,32.9,34.0,33.5,33.8,34.1,33.2,34.3,34.2,33.9,32.6,31.4,32.2,34.7,32.7,32.6,32.5,32.8,32.7,33.1,33.1,32.8,32.6,32.2,32.9,33.8,32.8,33.3,33.1,33.8,33.4,33.4,33.6,33.9,33.8,33.5,34.0,34.3,34.4,33.8,32.7,34.5,32.9,33.1,32.8,33.5,32.4,33.3,33.2,33.3,32.9,33.4,32.4,32.9,32.6,nan,33.2,32.5,32.6,32.9,32.9,34.0,32.9,34.5,33.3,33.7,34.4,34.2,35.4,34.5,33.5,33.8,33.4,33.1,33.1,32.9,33.1,33.1,32.9,32.7,32.4,34.2,33.1,32.1,33.6,33.5,33.1,32.5,32.5,33.2,33.4,32.5,33.6,33.9,34.6,34.0,33.4,34.4,34.5,33.4,34.4,33.6,33.7,34.2,33.1,33.1,32.5,32.5,33.3,33.4,32.6,32.8,32.9,33.6,32.8,32.7,34.0,32.5,31.5,33.2,33.3,33.2,33.1,32.7,32.8,33.6,33.4,34.6,33.8,33.8,33.1,34.1,34.2,34.0,33.6,33.8,33.9,33.9,33.2,32.9,34.1,34.2,33.1,31.8,32.9,33.0,33.3,32.6,32.3,33.4,32.8,31.9,33.5,32.7,33.2,32.3,32.6,33.7,33.6,34.2,32.8,33.4,33.5,33.0,33.5,33.7,34.5,33.6,34.6,35.0,33.4,33.2,32.3,33.9,32.6,32.6,33.4,32.5,32.4,32.4,33.7,32.7,33.0,33.2,33.7,32.8,33.0,33.2,34.0,33.1,32.8,34.6,33.7,33.6,32.4,34.1,33.7,33.3,33.7,33.6,33.5,34.6,34.1,34.0,34.0,33.8,33.1,31.5,32.2,33.4,33.3,32.3,32.8,32.9,33.8,32.1,33.1,33.2,34.3,32.0,32.4,33.2,34.2,32.9,33.9,33.4,33.3,32.5,34.3,34.7,33.7,32.6,35.4,34.5,31.9,32.4,33.5,33.6,32.6,32.5,32.5,32.8,32.3,33.3,33.3,33.2,33.2,33.2,33.4,33.3,32.7,33.0,33.6,33.2,33.5,34.0,33.8,33.5,32.3,33.5,33.4,33.8,33.2,33.8,34.1,35.0
1785303366.007143,520,33.6,33.4,33.5,33.5,31.7,33.5,32.4,31.4,33.1,32.5,33.1,32.6,33.0,32.0,31.4,32.4,33.1,33.3,32.7,32.6,32.6,32.8,32.1,32.6,31.9,33.2,33.1,32.6,32.5,33.2,32.6,32.8,33.3,31.4,31.6,33.3,32.9,32.6,32.3,32.7,32.6,33.0,31.4,32.2,32.7,32.5,31.7,31.8,33.5,32.1,32.4,33.1,32.5,33.2,32.2,32.7,32.8,33.3,32.3,33.3,33.0,33.5,32.1,33.4,33.6,34.0,31.2,32.2,32.9,32.5,32.7,32.9,32.7,32.2,32.6,31.5,32.6,33.0,31.9,33.0,32.4,33.0,32.3,32.7,33.0,33.2,32.2,32.7,33.5,33.0,32.3,32.8,33.1,32.8,33.1,32.2,32.2,32.3,31.5,31.8,32.7,32.5,31.6,32.2,33.2,33.2,32.3,32.7,33.0,32.7,32.3,32.6,32.7,32.9,31.7,32.4,32.5,33.4,32.3,33.8,32.7,32.9,32.2,33.3,34.0,33.3,32.5,33.6,33.1,33.3,32.4,33.5,32.3,33.7,33.9,32.2,33.1,33.0,32.6,32.0,32.5,32.7,32.3,32.4,33.2,32.4,31.8,32.7,32.7,33.2,34.1,33.6,33.4,32.9,31.4,32.9,33.2,33.2,32.7,33.3,33.6,32.7,30.7,32.3,33.2,32.4,32.4,32.1,32.2,33.4,31.8,32.0,32.7,32.2,32.2,32.6,33.1,32.4,31.9,33.9,32.8,33.1,33.7,34.3,32.9,33.2,31.9,32.9,32.1,32.9,32.1,33.2,33.8,32.2,31.9,32.3,32.0,32.6,32.8,32.3,32.3,32.5,32.1,32.4,32.7,32.0,32.2,32.9,32.7,32.6,31.5,32.3,33.4,33.6,33.5,34.6,33.0,34.1,32.3,33.1,33.2,33.3,33.4,33.6,32.5,32.5,32.3,33.0,32.9,32.3,32.5,32.7,31.9,32.4,32.4,32.9,32.6,32.1,31.5,32.6,32.5,32.5,32.0,32.3,32.3,33.1,34.6,34.3,33.5,32.5,32.7,33.3,32.1,32.9,31.6,31.9,33.1,32.9,33.1,33.1,32.2,32.9,33.2,31.8,33.2,32.3,31.5,33.5,32.9,32.7,32.4,33.1,32.1,32.8,32.2,32.7,33.2,32.9,32.9,33.8,32.0,35.0,32.5,32.7,33.0,33.7,32.4,32.5,32.4,32.8,31.6,32.5,32.9,33.2,32.4,32.7,33.8,32.9,32.9,32.4,32.6,33.4,31.3,33.0,32.6,32.9,32.0,33.0,33.0,32.8,33.6,34.7,33.4,32.8,34.5,33.5,33.6,32.2,32.1,33.8,32.5,32.5,32.6,33.5,32.8,32.8,33.0,32.4,32.7,33.2,32.3,33.1,32.7,32.8,32.9,32.1,33.1,32.0,32.7,32.0,33.9,33.6,34.0,32.8,33.5,33.8,33.2,33.3,34.2,32.6,33.0,32.8,33.0,33.4,32.5,32.1,32.9,33.6,31.9,32.4,33.0,32.8,32.8,32.6,34.1,33.4,31.8,33.0,33.1,32.6,33.7,32.7,34.2,33.8,32.8,33.1,33.8,33.7,32.6,33.2,33.1,32.1,31.3,32.6,32.4,33.4,32.0,33.4,32.7,32.3,32.9,32.5,32.9,32.2,32.5,32.6,32.8,32.9,32.8,33.4,32.4,33.6,32.7,33.3,33.1,33.8,32.6,32.9,33.9,33.0,33.6,32.8,34.0,34.2,31.8,32.6,32.4,33.0,31.1,32.7,33.1,33.8,32.2,32.6,33.4,32.3,33.1,32.5,33.0,32.1,32.0,32.7,32.3,33.0,32.7,32.8,33.3,33.6,32.2,33.2,32.8,33.7,33.3,33.5,35.1,33.3,32.9,33.0,33.0,33.4,33.8,32.8,32.9,32.5,33.2,32.9,33.4,33.2,32.8,32.1,33.7,32.9,32.3,32.1,32.6,32.6,34.1,34.2,33.4,32.9,34.1,33.0,34.1,34.5,34.0,33.3,33.5,33.9,34.0,32.8,32.1,33.7,32.5,32.7,32.5,32.4,32.3,32.8,32.1,32.6,31.8,32.7,32.0,33.3,32.8,33.2,33.3,33.3,33.5,34.3,33.2,33.4,33.7,33.7,33.0,33.3,33.5,33.9,32.2,32.5,32.9,33.9,33.7,33.4,32.4,32.6,33.4,33.0,32.2,31.8,33.7,32.2,32.6,32.3,32.4,33.3,31.8,33.0,33.1,34.4,32.6,33.1,33.1,33.0,33.1,34.0,33.6,33.6,34.1,33.2,33.1,33.7,32.4,33.0,33.2,33.3,32.5,32.3,33.2,33.0,32.3,32.4,32.8,32.3,31.8,32.8,32.9,nan,32.7,32.7,34.1,33.5,33.0,33.7,33.3,34.2,33.4,33.2,33.7,33.7,34.6,33.8,34.1,33.6,32.3,33.7,33.3,32.8,33.1,32.4,33.1,33.4,32.2,33.4,32.9,32.7,32.9,32.6,32.5,32.8,33.1,34.3,33.6,33.4,32.1,33.3,33.6,34.0,33.4,34.2,34.5,33.7,34.2,34.8,33.8,33.7,33.9,32.2,33.2,32.5,31.7,32.4,33.4,31.7,31.9,33.0,33.0,32.7,32.7,33.3,32.9,32.7,33.2,33.5,32.7,33.5,33.1,33.4,34.5,33.9,33.2,33.8,32.9,33.7,34.8,34.0,33.7,32.8,32.4,33.5,33.6,33.0,32.7,33.7,33.1,32.3,32.2,32.2,32.4,33.1,32.8,32.9,33.1,33.5,32.4,33.1,33.8,32.8,33.3,33.0,34.1,34.3,32.6,32.6,32.8,32.6,33.9,33.6,33.3,34.1,33.3,33.2,32.4,33.0,32.6,33.2,31.9,33.4,32.5,33.3,32.2,33.6,33.1,33.5,32.9,33.1,32.2,32.4,33.1,32.6,33.1,33.9,34.6,34.6,33.1,33.6,32.8,32.5,33.4,33.5,34.0,33.8,32.3,33.9,33.1,33.0,33.7,32.4,32.5,33.0,33.1,32.5,31.9,32.8,32.0,32.8,32.9,32.9,32.6,32.4,32.2,33.1,32.0,33.3,33.5,33.5,33.3,33.5,33.0,32.8,33.9,33.4,33.5,33.3,34.0,33.0,31.3,32.4,31.8,33.1,32.5,32.7,32.2,33.5,32.1,32.6,31.7,33.3,33.3,31.7,32.8,32.4,32.6,33.1,32.4,33.9,34.5,34.4,32.0,33.9,33.3,33.9,32.9,34.3,33.7,34.0,33.0,35.2
1785303367.932446,521,31.7,34.0,32.0,32.5,33.5,32.8,32.6,32.3,31.9,33.3,31.6,33.0,33.0,32.0,32.0,32.4,34.2,32.2,32.6,32.3,32.6,34.0,32.7,32.2,33.7,32.8,32.0,33.4,32.2,32.5,33.1,32.0,32.8,33.3,32.4,31.4,32.2,32.0,32.7,32.9,33.6,32.6,32.2,32.2,32.7,32.1,33.0,32.1,32.3,32.7,33.0,32.2,33.6,32.1,32.2,32.9,32.6,32.7,33.0,32.4,33.2,32.4,32.4,33.1,32.6,33.0,31.6,33.5,32.5,32.7,32.7,32.3,33.1,33.3,31.3,32.5,31.9,32.6,33.0,32.3,33.0,32.8,32.6,32.0,32.5,32.5,33.4,32.9,33.3,32.5,32.7,33.0,32.9,32.6,32.9,32.9,33.2,32.3,31.3,32.0,32.1,32.5,32.8,32.0,33.0,33.0,32.3,32.8,32.9,31.8,31.8,32.0,32.4,33.4,33.6,32.2,32.4,33.1,32.7,32.4,34.7,34.0,33.4,32.9,33.4,31.8,31.4,33.4,33.6,33.5,32.0,32.7,33.1,32.9,32.9,33.1,32.2,32.6,32.1,32.3,33.0,32.4,31.8,32.5,33.0,32.2,31.6,33.1,33.4,33.1,33.5,34.3,33.2,32.7,32.8,33.1,33.0,33.2,32.7,34.4,33.4,32.0,32.3,33.0,32.6,32.4,32.2,32.5,31.8,32.9,32.4,32.4,32.6,32.6,33.2,32.8,31.8,32.9,32.2,32.4,32.9,32.7,33.9,33.8,33.6,33.4,33.2,31.8,33.1,33.1,33.0,32.5,33.1,32.4,32.7,33.7,31.8,32.4,33.0,32.3,32.5,32.8,32.3,32.9,32.7,33.2,33.2,32.6,32.4,32.8,32.4,33.4,33.2,32.9,34.4,33.9,33.9,33.1,32.8,33.3,33.0,32.9,34.2,33.6,33.6,32.1,32.6,33.2,32.5,32.8,33.2,32.2,33.2,33.2,33.0,31.9,32.4,32.8,33.1,32.6,32.8,32.3,32.1,32.5,32.8,32.8,34.9,34.5,34.1,33.8,32.7,32.6,33.3,32.7,33.7,33.4,31.6,32.7,32.5,33.5,32.4,32.6,33.0,32.7,32.9,32.3,32.7,32.7,32.9,32.7,32.4,32.9,32.6,32.9,32.6,32.9,33.2,32.8,33.1,34.3,32.7,33.5,33.2,32.7,32.9,33.5,32.6,32.5,32.2,31.3,32.2,33.4,32.7,32.5,32.6,32.6,31.5,32.6,32.6,33.3,32.6,32.5,32.6,33.1,32.5,32.8,32.5,32.8,33.1,33.0,34.1,33.8,34.4,34.0,33.3,34.8,33.5,33.3,32.3,33.0,32.5,32.7,32.8,33.1,31.5,33.2,33.0,32.5,33.5,32.7,32.7,32.3,32.2,32.4,32.6,32.3,34.0,33.1,32.4,32.5,33.9,33.1,32.7,33.1,33.9,34.3,33.2,33.5,32.7,32.8,32.2,32.6,32.8,33.0,32.7,32.5,32.5,32.5,32.9,32.2,32.8,31.9,32.8,31.7,32.8,33.0,32.9,32.5,31.9,32.5,32.1,33.1,33.3,34.1,32.9,33.3,33.3,34.5,34.0,33.2,33.3,32.8,32.7,32.8,33.0,34.4,31.8,33.2,33.6,32.5,32.3,33.2,33.1,32.6,32.0,33.4,32.9,31.8,32.9,33.3,32.5,33.2,32.7,33.6,34.1,33.9,34.9,32.8,34.1,33.1,34.1,34.0,34.2,33.7,32.6,32.8,31.8,32.4,33.1,33.5,33.8,33.1,32.1,32.8,33.1,32.5,33.0,32.7,32.7,32.5,33.0,33.0,32.3,33.3,32.5,33.5,33.9,33.5,33.5,33.4,33.1,33.7,34.0,33.0,34.7,33.9,32.9,33.2,32.6,33.2,32.4,33.6,32.0,32.5,32.9,33.2,32.4,32.6,33.1,31.6,32.4,32.8,32.4,32.8,33.1,32.6,34.2,34.1,32.3,34.1,33.1,34.0,34.6,33.8,34.0,33.1,32.9,34.2,32.8,33.4,32.3,31.9,32.5,32.9,33.4,32.0,33.0,32.4,32.1,33.3,32.3,32.5,34.0,32.2,32.7,32.1,32.8,33.2,34.1,34.2,32.8,33.4,33.8,34.4,34.0,34.0,33.7,34.8,33.9,32.6,34.9,33.7,32.8,32.5,32.2,32.4,32.7,33.2,32.5,32.2,32.5,33.1,33.1,32.8,32.6,32.8,32.1,32.5,32.6,33.9,34.1,33.6,33.6,34.1,33.8,33.6,34.3,34.3,33.4,33.7,33.1,33.1,33.1,33.0,32.6,31.6,32.5,32.3,32.6,31.7,32.8,32.8,32.5,33.5,32.7,32.7,32.4,nan,32.7,32.7,33.3,34.5,33.2,33.4,33.5,34.0,33.9,33.9,33.9,33.5,34.2,34.7,34.1,33.6,33.5,32.3,32.7,32.5,32.6,33.0,32.9,33.2,34.2,33.4,31.9,32.9,32.4,33.3,32.8,33.3,32.3,33.3,33.9,34.6,32.9,33.6,33.6,34.0,32.7,33.8,34.2,33.8,33.8,34.7,34.4,33.5,32.9,34.2,33.9,32.7,31.3,33.8,33.0,33.0,34.1,32.7,32.4,32.9,32.5,32.0,32.3,32.6,33.5,32.9,33.9,32.7,33.7,34.2,34.4,33.5,33.7,33.8,33.9,33.7,33.6,35.2,33.9,33.8,34.0,33.3,33.0,33.2,32.5,32.0,32.3,33.2,32.4,33.1,32.3,32.7,32.1,33.3,32.6,33.1,33.1,33.5,32.5,32.8,33.3,33.3,34.0,35.2,32.6,33.3,33.1,33.1,32.9,33.0,35.1,34.1,33.5,34.1,33.5,33.6,33.9,32.6,32.1,33.8,31.8,32.7,32.9,32.9,33.6,33.4,33.6,32.9,34.3,33.3,33.6,32.6,33.1,33.4,33.7,34.1,32.9,33.3,32.8,33.0,34.2,33.8,34.6,34.2,33.2,33.9,32.2,33.7,33.1,33.7,31.9,33.0,33.1,32.3,31.5,32.2,31.9,32.8,33.3,32.9,32.8,32.4,33.1,33.6,32.8,32.6,34.0,34.4,32.8,33.9,33.1,33.2,34.1,34.2,32.7,34.2,33.8,33.9,32.5,32.8,34.5,32.9,34.0,33.3,31.8,33.0,32.3,32.4,32.8,33.0,33.5,32.6,33.3,33.3,32.4,32.6,33.1,33.0,33.6,34.2,33.5,33.5,34.1,33.5,34.7,34.0,32.7,34.2,33.9,34.1
1785303370.3778768,522,33.3,31.8,32.7,34.2,32.8,32.4,32.4,33.5,33.5,32.3,32.5,33.7,32.8,32.2,32.4,32.6,32.7,32.0,33.5,32.6,32.4,32.6,31.9,33.0,32.3,31.8,32.7,33.2,34.5,32.0,31.6,33.3,31.5,31.9,33.1,32.3,32.2,32.4,33.1,32.9,32.6,32.0,31.8,32.2,32.7,32.7,33.3,32.5,33.0,32.9,33.2,32.3,32.3,33.4,32.8,32.7,32.8,33.7,32.7,33.7,32.3,32.6,32.6,32.6,33.8,32.8,32.8,33.3,32.4,32.9,32.7,31.5,32.9,31.2,32.2,32.4,33.5,31.6,31.9,33.4,34.0,33.0,31.9,32.7,32.5,32.0,32.8,32.9,33.9,32.6,32.5,32.6,33.8,31.1,33.6,33.1,31.7,32.8,32.2,33.5,31.7,32.3,33.6,32.8,32.4,32.8,32.6,32.8,32.7,33.4,33.0,31.8,32.0,32.9,33.2,32.7,31.8,33.6,32.5,34.2,31.9,34.4,32.8,33.2,33.4,32.9,34.1,33.1,33.3,31.2,30.6,34.2,32.7,31.7,33.5,32.6,32.6,33.0,32.6,33.0,32.5,31.7,32.1,32.9,32.5,31.7,32.5,32.9,33.3,32.5,33.3,33.1,33.5,32.7,32.6,32.9,33.4,32.2,32.0,34.4,32.2,33.3,32.5,33.0,31.6,33.2,33.3,32.3,32.7,32.9,32.5,31.7,31.9,32.9,32.2,32.9,32.4,32.6,33.4,32.9,33.6,34.1,33.2,33.4,32.2,32.7,33.2,32.2,32.6,33.3,32.6,33.2,33.5,31.9,31.8,32.7,32.4,32.8,32.6,33.0,33.7,32.3,32.3,33.0,32.4,32.4,32.2,32.2,33.0,31.8,32.7,33.4,35.5,35.0,33.9,33.8,33.4,32.4,33.5,32.9,33.0,32.3,34.0,33.3,31.4,31.8,32.5,32.2,32.5,33.0,32.5,32.0,32.5,32.5,33.0,32.3,32.3,32.6,33.2,32.1,32.0,33.2,32.0,33.8,34.3,35.0,33.7,33.6,32.1,33.1,32.9,33.1,31.9,33.1,33.6,32.5,32.5,32.1,31.5,32.5,33.1,31.8,32.8,33.2,33.4,31.8,32.0,33.5,32.4,31.9,32.7,33.0,33.5,32.4,32.0,32.7,34.3,33.5,34.4,33.4,32.7,33.4,32.8,33.1,33.2,32.0,32.6,32.3,31.7,33.0,33.0,32.6,31.6,32.3,33.1,32.2,33.9,32.7,31.7,33.1,33.1,32.8,33.1,32.1,32.4,33.3,33.4,33.0,33.3,33.9,33.9,33.7,32.8,34.0,34.3,32.8,32.3,32.8,32.8,32.6,32.9,31.5,32.8,33.7,33.5,31.9,33.5,33.4,33.7,32.0,31.5,32.9,32.9,32.0,32.1,32.3,33.4,32.9,32.6,33.4,33.9,32.7,32.7,33.9,33.9,33.1,33.0,33.9,33.4,31.6,32.4,32.6,32.4,32.8,32.8,32.2,32.1,32.9,33.3,32.6,32.3,32.6,32.8,32.8,32.8,33.3,32.8,32.2,32.2,32.9,33.4,32.8,33.1,33.8,33.1,33.8,33.3,33.8,33.6,33.0,33.1,33.0,33.3,32.8,33.4,33.1,33.0,32.0,32.7,31.5,33.2,33.2,33.2,32.7,32.4,32.7,33.5,32.1,31.5,32.9,33.5,32.1,33.0,33.4,34.4,33.6,33.2,33.6,34.7,33.1,34.1,34.9,34.3,32.6,33.8,33.0,31.6,33.2,32.7,33.1,31.3,32.9,32.9,32.4,31.8,32.4,33.3,32.6,31.2,33.8,33.1,33.2,33.3,33.5,34.1,33.0,31.8,34.3,32.7,33.8,33.9,33.5,34.7,33.4,34.0,33.9,33.3,33.0,33.6,32.3,32.6,33.4,32.7,32.3,33.0,33.5,32.7,32.7,32.4,33.3,34.4,32.0,33.1,33.1,34.5,34.0,32.7,33.4,33.5,32.6,33.1,33.6,34.7,33.8,34.5,33.5,33.6,33.1,33.8,34.4,31.6,33.3,32.5,33.3,31.6,32.5,33.2,32.8,32.5,33.1,32.5,32.2,33.6,33.8,32.8,33.5,34.2,34.4,33.8,33.2,32.8,33.3,33.7,33.5,32.1,34.2,34.2,34.3,32.8,33.4,34.3,35.1,33.0,33.4,31.8,33.0,33.0,32.8,32.5,33.1,33.0,32.7,31.1,33.4,32.1,32.1,33.1,33.3,33.2,32.6,32.4,33.6,34.0,33.8,33.9,34.0,33.9,33.8,34.3,33.5,34.4,33.1,33.2,32.8,33.4,32.2,33.9,32.5,32.4,32.6,32.3,31.9,32.1,32.8,33.3,33.2,32.2,nan,33.8,33.2,32.8,33.5,32.8,33.7,33.5,34.0,33.8,34.2,33.5,34.2,34.9,34.5,33.4,34.1,33.7,33.7,33.9,33.0,33.0,33.4,33.6,32.3,32.9,33.1,32.6,31.7,32.7,32.9,33.1,32.4,32.6,33.8,33.9,31.3,32.8,33.5,34.2,34.5,32.9,33.8,34.7,34.2,33.6,34.8,33.8,33.3,33.7,33.8,33.2,33.4,33.4,32.4,32.3,32.8,34.1,32.8,32.3,32.5,33.9,32.1,31.1,32.2,33.2,33.2,31.7,33.4,32.7,33.4,33.2,34.4,33.0,33.6,33.4,33.7,33.7,34.1,32.6,34.7,33.2,32.4,34.7,32.5,32.4,34.1,32.7,32.6,32.5,32.4,32.8,31.1,32.8,32.6,33.3,31.9,32.4,33.1,33.0,32.3,32.9,33.3,34.3,33.3,34.4,32.9,32.8,32.2,33.1,34.5,35.5,33.3,33.7,33.6,33.5,33.2,33.7,33.8,32.9,33.8,33.4,33.3,32.7,32.9,33.3,33.0,32.2,34.1,33.6,33.6,32.4,33.2,32.5,33.4,33.2,34.6,33.2,34.0,32.3,33.6,33.6,34.6,32.8,33.4,34.7,33.3,33.1,31.6,33.3,33.5,33.9,32.2,32.7,33.1,33.5,33.1,32.4,33.3,33.1,31.9,33.3,32.8,34.0,33.1,32.9,32.6,34.6,33.5,34.2,32.7,34.4,31.6,33.5,33.8,33.7,33.9,33.1,32.7,32.5,33.0,32.5,33.3,31.7,33.3,31.6,32.0,32.2,33.7,33.5,32.4,32.8,33.1,34.0,32.2,31.9,32.1,32.2,34.4,33.8,33.6,34.0,32.8,33.5,34.0,33.7,34.3,33.1,34.2,34.4,35.0
1785303372.24454,523,33.6,31.8,33.0,32.0,32.4,31.5,32.9,33.3,32.5,32.1,31.6,32.6,33.0,31.7,32.2,33.4,32.0,31.9,32.4,32.4,32.4,32.1,32.7,33.2,31.5,31.0,32.5,33.4,33.6,33.2,32.1,32.3,31.7,32.5,33.1,33.3,32.0,32.4,33.1,33.2,31.4,32.6,32.6,32.4,31.8,32.7,32.4,32.1,32.1,31.6,32.6,32.5,32.5,31.6,32.2,33.3,31.4,33.7,33.4,34.2,32.5,33.1,32.6,33.9,34.1,32.8,32.3,33.3,33.1,32.5,31.9,31.9,32.5,32.6,33.1,32.8,33.1,32.5,32.4,32.7,32.6,31.8,32.8,32.7,32.6,31.5,32.8,32.7,32.8,31.7,31.7,32.6,32.9,31.6,33.6,32.9,33.4,32.8,32.0,33.6,32.7,32.5,33.4,32.4,33.2,32.5,32.3,32.5,31.8,32.7,33.2,32.4,31.9,32.7,32.4,32.6,31.9,33.1,33.2,33.5,32.7,32.5,32.6,34.5,32.4,32.0,33.2,34.3,32.9,31.9,30.8,32.2,32.1,32.7,33.1,33.0,32.8,32.3,33.0,32.7,33.3,31.5,32.3,32.5,32.5,31.7,32.7,33.2,33.4,32.7,32.8,33.1,32.7,32.3,33.3,33.3,32.6,32.4,33.2,34.2,32.0,33.1,32.5,32.3,31.8,32.4,32.6,32.9,31.0,32.7,32.7,31.7,32.9,32.2,32.2,33.1,31.8,33.1,33.6,32.4,33.7,33.2,33.9,33.8,31.8,33.4,33.0,33.1,31.9,33.3,32.4,33.0,33.3,32.4,32.3,33.1,33.3,32.0,33.2,33.0,33.2,33.2,32.5,32.5,32.9,31.7,31.9,33.9,32.4,32.3,33.5,34.2,34.7,33.9,33.2,33.4,32.2,32.2,32.5,33.4,34.4,32.3,32.1,33.6,31.2,31.4,33.2,32.6,31.3,32.3,32.5,32.4,31.7,32.7,32.7,32.1,31.8,32.3,32.6,32.2,32.6,32.3,33.1,33.9,34.3,33.6,33.7,33.6,32.8,32.5,33.4,33.5,31.7,33.1,33.5,32.6,32.1,31.9,31.5,33.3,33.2,33.7,32.5,32.9,32.5,32.7,32.5,33.7,31.9,32.6,33.1,33.1,32.6,32.0,33.0,33.9,33.8,34.2,33.4,33.8,33.5,33.3,33.5,33.1,32.5,32.4,32.0,33.5,32.4,32.2,33.6,33.4,32.0,31.9,33.4,32.4,32.1,32.9,32.4,32.3,31.8,32.3,32.6,32.5,32.3,32.3,33.3,33.3,33.6,34.0,33.1,33.2,32.6,34.3,33.3,33.2,32.7,32.0,33.5,32.6,31.4,32.3,33.4,32.1,32.2,33.2,32.3,33.1,33.4,32.5,32.2,32.6,32.3,32.6,32.6,32.5,33.1,31.8,33.1,32.8,33.7,33.7,33.2,33.9,34.0,33.8,34.4,33.7,33.1,32.2,32.4,33.6,31.6,32.0,32.9,32.1,32.3,32.5,32.7,32.9,32.8,32.3,33.3,32.0,31.7,32.8,32.5,33.1,32.3,32.8,33.3,33.3,33.1,33.3,33.9,34.3,33.3,33.2,32.6,33.0,33.3,33.3,32.9,34.0,32.8,32.3,31.4,33.7,33.2,31.7,32.2,32.7,32.1,32.6,32.9,32.6,32.6,31.6,32.8,33.6,32.8,32.9,33.4,32.5,33.1,32.8,32.9,33.3,33.4,32.8,33.6,33.3,34.9,32.4,33.2,33.2,31.6,32.8,32.3,33.3,31.7,32.5,32.8,33.0,32.6,32.1,32.6,32.0,31.9,33.0,32.5,32.6,32.3,32.7,33.6,33.3,32.7,33.6,34.6,33.2,33.8,35.0,34.0,33.9,33.5,34.1,33.7,32.5,34.1,31.5,32.6,32.6,32.5,32.1,33.0,34.1,32.7,32.2,33.2,32.9,32.8,33.1,33.1,31.7,33.6,33.1,33.3,33.0,32.9,31.8,34.6,33.9,33.3,33.8,34.7,34.5,33.3,32.6,33.0,33.8,32.1,32.3,33.7,33.3,31.6,32.4,32.8,33.3,31.8,32.6,33.1,32.8,31.7,32.5,32.8,33.2,33.6,33.3,33.4,34.2,33.1,33.4,33.7,33.4,32.6,33.7,34.2,34.5,31.1,33.0,33.5,34.9,33.7,32.5,33.2,32.8,33.1,32.8,33.2,33.3,33.1,32.0,32.4,33.8,32.9,32.3,33.2,34.2,33.9,32.0,33.6,32.8,33.4,33.6,33.6,34.0,33.6,33.3,34.1,34.3,33.9,32.9,33.3,33.6,31.5,32.6,32.5,32.9,32.8,32.6,33.3,33.0,31.8,32.2,32.7,33.7,31.7,nan,33.0,33.2,33.0,32.2,33.5,33.2,33.7,35.1,33.2,34.2,33.9,33.7,35.1,34.5,32.8,33.7,33.5,32.9,33.3,32.5,33.3,33.6,32.5,32.5,33.3,33.6,32.6,32.0,33.8,34.1,33.1,31.6,32.8,33.6,32.9,32.5,32.9,33.6,34.6,33.8,32.9,34.0,33.1,33.7,34.2,34.5,33.3,32.6,34.4,33.6,33.5,33.4,33.2,32.8,32.7,32.1,32.8,33.0,31.8,32.7,32.5,33.2,31.6,32.1,32.7,33.2,31.9,32.6,32.7,34.2,33.5,33.6,33.4,33.8,32.0,33.7,33.7,33.4,33.4,32.8,33.4,33.1,33.4,33.2,34.3,33.9,32.4,32.5,32.4,33.8,32.6,31.9,33.5,32.4,33.0,32.8,34.1,33.6,32.3,32.4,33.3,34.0,34.0,33.3,32.8,33.7,32.8,32.4,34.3,34.0,35.3,31.7,33.3,32.8,32.6,33.6,32.9,33.9,32.7,33.6,32.4,32.9,32.3,32.4,32.8,33.2,32.2,34.2,32.9,33.1,32.9,32.1,32.9,33.4,32.7,33.4,34.5,33.3,32.8,33.4,33.6,34.0,33.4,33.6,33.4,34.4,32.2,32.0,32.6,34.6,32.7,32.2,33.3,32.9,32.6,33.1,32.8,33.5,32.6,32.9,32.6,33.0,33.1,32.4,32.6,33.5,33.7,32.3,33.1,33.3,33.9,33.5,35.9,34.8,33.7,33.3,34.0,33.9,32.5,32.4,33.8,33.1,33.0,33.5,33.2,33.4,32.1,32.8,32.1,33.3,32.6,32.3,33.0,33.0,32.2,32.6,33.0,32.8,33.3,34.0,32.9,33.0,32.8,33.9,33.3,33.6,32.7,34.0,34.4,34.5
1785303374.4709961,524,31.8,32.8,32.1,32.1,31.8,32.0,32.9,32.6,32.4,32.6,31.6,32.6,33.2,32.3,32.3,33.0,30.6,32.5,33.2,31.9,32.1,32.3,32.6,32.9,32.2,31.8,32.6,31.5,33.2,33.1,33.2,32.4,32.4,32.3,33.9,32.7,31.7,31.4,32.8,32.4,32.7,31.9,33.0,33.1,32.9,31.3,32.9,32.6,32.5,32.7,32.5,32.2,32.9,32.2,32.3,33.9,32.1,32.4,32.8,32.7,33.5,32.7,32.7,33.5,32.2,32.2,32.7,32.9,31.7,33.4,32.8,32.2,32.4,32.3,32.6,32.1,32.0,32.5,32.7,32.2,31.1,32.9,32.3,33.2,32.0,32.4,33.2,32.8,31.5,33.5,31.8,32.7,32.8,33.4,32.1,33.2,33.0,31.0,32.5,33.0,33.8,31.0,32.3,33.2,32.5,29.9,31.6,31.6,32.7,32.1,32.5,32.8,33.3,32.9,31.9,33.7,32.6,32.4,33.3,33.3,33.3,32.0,32.3,33.5,33.5,32.1,32.8,33.0,31.3,32.9,32.1,31.9,32.2,32.2,32.2,32.8,32.1,32.8,32.3,32.5,32.4,31.9,32.5,31.9,31.4,32.3,32.0,33.8,33.1,32.9,33.4,32.1,32.9,33.3,33.0,32.6,32.9,33.5,33.0,32.9,32.1,32.3,32.1,32.2,33.1,32.1,33.0,32.2,32.4,31.9,33.4,32.8,32.3,32.6,32.3,33.0,32.6,32.1,32.1,34.1,34.1,33.6,33.1,34.0,33.5,31.9,33.3,34.3,33.3,32.8,34.0,33.7,31.8,32.3,33.2,32.2,32.1,32.3,32.7,32.0,31.5,33.5,33.0,32.1,32.1,32.1,32.3,32.4,32.0,32.6,33.4,34.1,34.6,34.7,33.7,33.3,32.4,32.4,32.9,32.0,32.9,32.4,34.1,32.8,32.2,31.3,32.2,32.5,32.5,32.5,32.6,32.8,33.4,31.4,31.7,33.3,32.0,31.5,32.3,32.5,32.8,32.0,33.0,33.3,36.1,34.4,34.0,33.3,33.0,31.6,32.0,32.9,32.2,31.8,32.5,33.1,32.1,32.4,32.2,33.6,31.7,32.8,33.1,33.1,32.1,33.2,32.1,32.7,32.0,32.3,32.8,32.9,31.3,33.3,32.7,31.6,33.2,33.3,33.9,34.0,33.6,32.6,33.8,32.8,32.2,32.6,32.3,32.6,32.5,31.0,32.5,33.7,33.1,32.7,32.4,32.4,32.3,31.8,32.9,32.8,33.0,31.9,32.2,32.7,33.3,31.9,32.3,33.2,33.3,32.1,33.1,33.2,33.1,32.5,33.3,33.6,33.0,32.3,32.9,33.1,31.3,32.2,33.4,32.4,32.3,32.7,33.7,33.6,32.1,32.6,32.7,33.4,32.0,32.6,32.8,33.0,32.1,33.0,33.4,33.3,33.4,33.8,32.9,33.0,33.2,33.8,32.9,33.4,32.4,33.0,32.9,31.4,32.9,31.8,33.3,32.9,32.2,32.6,32.6,33.0,32.8,31.6,32.0,32.0,32.5,31.9,32.3,32.5,33.5,31.9,33.0,33.8,33.6,33.4,34.1,33.8,33.5,34.4,33.3,33.8,32.8,33.0,32.0,33.3,32.0,33.0,33.9,33.2,31.3,32.9,31.9,31.9,31.4,32.6,32.3,33.2,32.1,32.8,32.5,32.7,32.8,33.0,32.9,32.7,33.1,33.8,33.5,33.3,33.6,32.5,34.3,33.9,34.2,33.5,33.5,32.1,33.1,31.3,32.8,32.2,33.1,33.3,32.1,32.3,33.5,31.8,33.6,33.2,32.4,32.1,32.2,33.1,33.0,32.1,32.7,33.0,33.8,32.9,34.3,34.2,33.0,34.0,33.9,34.8,34.2,32.5,32.2,33.3,31.4,32.8,32.7,32.3,32.2,32.5,32.9,32.7,32.3,33.1,33.3,33.5,31.7,32.3,33.3,32.2,33.0,34.2,33.8,33.0,32.0,33.5,33.0,33.3,33.8,32.5,33.7,33.2,33.5,33.4,33.1,33.9,32.2,30.9,32.8,33.2,32.9,31.7,32.5,32.5,32.5,31.5,33.2,33.4,33.4,31.9,32.4,33.1,34.0,33.2,33.2,33.1,32.9,32.4,33.0,34.1,33.5,32.7,33.9,33.4,33.4,32.7,33.8,33.6,31.8,33.9,32.9,33.5,31.8,33.1,32.2,32.9,33.1,33.1,32.3,33.3,32.9,33.1,32.8,33.6,33.1,33.6,33.4,33.7,33.9,33.7,34.5,34.0,33.2,34.4,35.1,34.1,33.7,33.9,33.3,32.9,33.3,31.9,31.6,32.0,33.4,32.3,32.3,33.2,33.4,32.9,32.2,32.9,32.7,nan,32.5,31.6,33.0,31.6,32.9,33.7,33.7,33.4,32.9,34.1,34.6,33.6,35.2,34.4,34.2,33.1,32.6,34.0,31.4,34.1,33.9,32.9,31.1,32.5,32.4,33.3,32.3,32.1,33.1,32.5,32.2,32.0,33.3,32.7,31.2,33.5,33.5,33.8,33.8,34.0,34.2,33.9,33.2,33.4,31.5,34.3,32.8,33.0,34.4,33.3,34.4,32.0,32.2,33.3,32.5,31.6,32.3,33.3,32.2,32.1,33.1,33.7,33.6,32.4,32.7,33.4,32.1,32.3,33.3,34.1,33.7,32.9,33.3,34.2,32.7,33.1,33.6,34.2,34.0,32.3,33.9,32.5,32.2,33.3,32.5,33.7,32.4,33.5,32.8,33.2,31.8,32.8,33.9,32.5,32.3,32.8,33.0,33.2,32.5,32.6,33.7,33.0,33.3,34.6,33.5,32.7,32.3,33.0,33.4,34.0,32.4,33.0,33.8,32.6,34.0,32.6,32.7,32.9,32.4,31.9,32.8,32.4,32.9,32.6,32.8,34.0,32.9,32.3,32.8,33.0,32.8,32.6,32.4,33.3,33.9,34.0,33.1,33.3,32.7,33.5,33.4,32.6,34.0,32.9,33.7,33.8,32.1,32.8,33.2,33.1,32.4,33.3,32.4,33.5,32.1,32.6,32.7,32.5,32.1,33.0,32.6,32.8,32.1,32.8,34.8,33.6,32.1,33.9,33.6,32.8,32.6,32.3,34.0,33.5,33.8,33.6,34.6,33.8,33.1,31.3,33.4,33.6,33.8,32.8,32.5,33.6,32.7,32.1,33.6,32.7,33.0,31.6,33.9,33.2,31.8,32.3,32.6,33.6,33.3,33.4,32.8,34.1,33.9,33.4,34.3,34.4,33.4,33.0,32.4,34.6
1785303376.5584116,525,32.5,33.7,33.3,33.7,32.6,32.8,31.3,33.3,30.7,32.7,32.1,33.3,31.3,32.4,32.8,32.6,31.1,32.4,32.2,33.0,32.2,32.1,32.5,32.0,32.1,33.0,32.9,32.6,32.2,32.1,32.6,33.0,31.7,31.2,33.1,33.1,32.2,31.6,32.5,33.2,32.6,30.3,32.8,33.0,33.2,31.6,32.4,31.8,33.5,31.4,33.0,32.9,33.0,31.6,31.5,33.3,32.8,32.1,32.7,34.0,33.9,31.7,32.1,33.4,31.6,32.5,33.0,34.9,32.9,33.3,33.1,32.1,32.2,33.1,33.0,31.9,32.3,33.9,31.9,32.7,31.4,33.2,33.0,32.7,32.1,33.6,32.4,32.9,31.8,33.0,33.1,33.0,32.3,33.1,32.2,33.4,32.9,30.9,32.2,33.3,32.1,31.9,33.2,32.2,32.2,32.1,32.3,31.8,32.2,31.3,33.0,32.6,32.7,32.2,33.1,32.8,32.4,32.0,32.9,33.3,33.0,31.8,32.0,33.3,34.2,32.2,33.2,32.9,31.9,32.6,33.3,32.9,32.1,33.3,34.4,33.5,31.5,33.1,32.3,32.2,31.0,32.7,32.8,32.7,32.2,32.2,33.0,32.4,33.0,33.2,33.5,32.9,32.5,31.8,31.8,32.5,31.8,33.2,33.8,34.0,32.9,31.8,32.5,32.1,32.2,31.6,33.5,32.1,32.9,32.5,32.7,32.9,32.4,30.4,32.4,32.8,33.1,31.4,32.6,32.4,34.2,34.6,34.9,33.3,33.2,32.7,33.0,33.1,33.2,31.3,31.5,33.0,31.8,33.3,31.9,33.1,31.8,32.4,32.6,32.8,31.6,33.0,32.5,33.4,31.4,32.7,32.4,33.4,32.3,32.6,32.0,32.9,32.6,33.9,34.7,34.8,32.0,32.9,33.2,32.5,32.7,33.7,33.2,33.1,32.8,31.0,32.1,33.4,32.3,31.9,33.1,33.4,33.1,31.5,31.9,32.9,32.0,31.1,32.6,32.8,31.8,32.8,32.6,33.5,33.8,32.9,34.4,34.0,32.2,32.6,32.7,32.4,32.7,32.2,32.6,33.4,31.6,32.1,32.3,32.3,31.7,33.9,32.5,33.2,31.7,32.8,32.2,32.7,31.6,32.3,33.1,31.4,32.7,32.4,32.4,31.6,32.4,33.1,33.9,33.8,32.9,34.5,33.0,32.9,32.3,33.5,33.2,33.1,32.6,32.6,33.2,32.5,33.1,32.0,33.6,32.4,33.5,30.7,32.6,33.4,32.5,31.7,32.6,32.8,32.8,31.8,34.1,32.8,33.4,32.0,34.2,34.7,33.6,33.3,32.8,33.4,32.9,31.7,33.5,33.8,30.4,32.3,34.0,32.7,31.9,32.8,32.8,32.0,32.2,33.4,32.4,32.3,32.3,32.6,33.4,33.1,32.4,32.1,32.3,32.6,33.7,34.2,34.0,33.3,33.0,34.5,33.2,33.2,32.0,33.1,33.0,33.0,32.4,31.6,32.3,33.3,31.8,32.4,32.7,32.2,32.3,31.9,32.4,32.3,33.3,32.0,32.5,33.0,33.1,32.0,32.8,33.6,33.3,32.8,33.9,33.8,33.8,32.5,32.9,33.6,32.9,31.3,33.1,33.0,32.1,33.3,32.2,33.0,31.2,33.0,32.5,33.4,31.7,32.7,32.0,33.0,31.1,33.4,33.9,32.6,32.6,33.4,33.2,33.4,33.1,33.4,34.1,34.4,32.9,34.1,34.3,33.7,33.3,34.2,32.4,33.8,32.6,32.0,33.7,33.7,32.4,31.3,32.6,32.6,33.1,31.5,33.3,32.5,32.2,31.9,33.1,32.9,33.0,33.2,33.6,33.3,33.5,33.3,32.5,33.0,33.6,32.5,34.9,33.2,33.3,33.0,32.9,33.8,32.4,32.9,33.2,33.2,31.1,34.1,32.9,33.2,31.2,32.1,32.9,33.3,31.5,32.4,32.8,33.6,33.4,34.4,33.3,33.3,32.3,33.7,34.1,34.3,33.3,34.0,33.6,33.8,32.2,33.9,34.4,33.6,32.3,31.7,32.1,32.4,32.5,32.6,32.8,32.6,32.6,32.0,32.8,32.0,33.0,32.1,33.1,33.5,33.9,33.3,33.3,32.6,33.0,32.9,33.5,33.7,33.8,33.0,33.3,33.8,33.9,32.1,33.1,34.3,31.3,32.9,33.4,32.1,31.8,33.0,32.5,32.7,32.4,32.6,32.8,32.4,32.2,33.2,33.4,34.7,32.1,33.3,32.8,32.6,33.9,33.9,33.6,33.6,32.9,33.3,34.0,33.9,32.7,33.9,33.5,32.8,32.6,31.4,32.5,32.9,32.8,31.1,32.8,31.9,33.0,31.5,31.2,32.5,32.7,nan,33.2,33.2,33.2,32.2,31.9,33.9,33.0,32.9,34.2,33.6,34.5,33.0,34.2,34.1,34.1,31.7,33.3,33.1,32.4,32.8,33.7,32.6,32.5,32.5,32.9,33.3,31.9,32.6,32.4,33.3,32.0,32.1,33.0,33.5,32.6,33.1,32.4,33.5,33.9,34.1,33.1,34.3,32.4,34.0,34.9,34.5,33.1,33.3,34.2,34.2,33.7,31.5,32.6,32.6,32.7,32.8,33.0,33.0,32.9,32.0,33.7,33.7,33.6,31.6,32.9,32.9,32.9,32.1,33.2,34.3,33.5,33.4,34.6,33.6,34.1,32.3,34.3,34.0,33.7,32.6,34.0,33.7,33.0,34.3,33.3,33.7,31.4,33.0,33.3,32.6,31.6,33.4,33.3,32.9,32.3,32.8,33.3,33.5,32.5,33.8,32.9,33.0,33.3,33.8,34.2,33.3,32.4,33.0,33.7,34.1,33.1,33.7,33.1,33.6,33.3,32.5,33.3,33.0,33.7,31.7,33.5,32.9,32.5,32.0,32.9,32.9,32.7,32.1,33.4,33.6,33.4,31.6,33.6,33.6,33.9,32.0,33.4,33.6,32.5,32.9,34.0,34.8,34.0,32.2,33.4,33.7,31.3,32.7,34.0,35.0,31.3,33.6,32.4,33.3,31.9,34.0,33.5,32.4,32.1,32.6,32.8,32.4,32.6,32.6,33.3,33.7,32.8,33.9,34.3,33.3,32.4,33.1,34.1,34.2,32.3,34.0,34.3,33.4,32.7,31.4,33.4,32.9,34.0,32.5,33.0,33.0,32.4,32.2,33.0,32.8,33.0,32.3,33.2,32.6,32.2,31.9,32.2,33.2,33.6,32.1,33.1,33.0,33.5,31.4,31.9,34.0,33.9,34.4,34.2,34.5
1785303378.774923,526,33.8,32.1,31.7,33.2,32.8,32.6,31.3,32.0,33.3,32.5,31.9,32.6,33.3,32.0,31.4,33.5,32.2,32.8,32.2,32.6,33.1,32.8,32.3,33.4,33.7,33.4,33.1,32.8,34.0,32.5,32.8,32.8,31.7,32.7,33.1,31.1,31.8,31.5,32.7,32.3,32.4,31.8,32.6,31.6,31.6,33.0,32.4,31.7,32.8,33.6,32.2,32.3,32.6,32.8,31.5,31.1,33.4,32.5,32.9,32.0,32.7,33.9,33.4,33.1,32.8,33.7,30.4,33.3,32.4,32.2,32.3,33.1,33.3,32.9,31.6,33.2,32.8,33.1,32.1,33.0,32.8,32.6,31.5,32.8,32.6,32.3,32.6,32.7,32.6,33.2,31.9,32.8,34.2,32.4,32.2,32.9,33.6,32.6,33.1,31.7,32.1,31.7,32.0,32.9,33.2,33.2,32.6,32.3,32.2,32.3,32.1,32.4,33.1,31.9,33.0,32.6,32.7,33.9,33.2,32.7,32.8,33.5,32.8,32.6,34.0,33.1,32.3,33.1,33.1,32.8,33.0,32.0,33.7,32.5,32.1,32.6,32.9,31.5,30.8,32.3,32.8,32.5,33.0,33.0,32.7,32.9,32.0,33.4,34.2,34.6,33.2,33.8,33.4,32.7,32.8,32.9,32.0,33.2,31.8,33.5,33.1,32.9,32.9,33.2,32.2,32.2,33.2,31.7,32.5,32.2,32.3,32.5,32.4,31.7,32.4,31.8,31.6,33.1,33.4,32.7,34.2,35.4,34.6,33.3,33.2,33.1,32.6,32.3,31.5,33.9,33.2,32.3,32.4,33.7,31.8,33.1,32.9,33.0,32.6,33.5,31.9,33.3,31.8,33.7,32.7,32.0,32.7,32.7,33.2,32.9,31.4,32.9,34.5,34.0,33.7,34.3,33.2,33.1,32.4,32.3,33.4,32.7,32.1,33.6,32.7,32.7,32.7,31.4,32.8,32.6,32.5,31.8,33.6,33.0,33.2,31.2,33.4,32.7,33.4,32.5,32.3,32.6,31.6,32.0,33.4,33.2,33.1,33.3,32.8,32.4,31.9,32.0,33.1,33.7,33.0,33.6,32.9,33.3,32.1,33.1,32.4,33.3,32.1,33.0,33.0,31.8,32.5,33.0,32.7,32.9,32.4,33.4,33.7,33.2,32.0,33.4,33.8,32.6,33.4,33.3,33.5,33.6,31.9,33.1,32.8,32.9,31.6,33.3,33.0,32.8,32.4,33.0,32.9,33.2,32.9,32.4,31.4,32.9,33.0,32.1,32.0,32.1,31.5,31.8,32.3,32.6,32.8,33.1,33.6,33.1,34.2,33.5,33.3,33.3,33.3,32.6,32.9,32.7,32.2,32.0,32.5,33.1,32.4,33.5,32.4,32.8,31.9,33.0,33.4,32.9,31.7,33.4,32.7,32.3,32.1,32.8,33.8,33.1,31.7,33.9,33.9,33.4,33.0,33.4,33.5,33.3,33.2,34.6,34.1,32.6,32.8,32.3,33.8,32.8,33.0,32.2,32.3,32.9,32.7,33.3,33.5,32.9,33.1,32.5,32.5,32.9,32.6,32.2,32.6,33.4,32.8,32.0,33.3,33.6,33.6,33.3,33.6,33.6,33.8,33.0,33.6,33.7,32.3,32.6,33.0,33.5,32.2,33.5,33.6,32.4,32.0,32.1,32.4,32.7,31.7,33.5,33.8,32.7,32.6,32.1,34.0,33.5,32.7,32.5,32.9,33.8,33.4,34.4,33.7,32.8,33.4,33.5,35.2,34.0,33.2,34.4,32.6,32.6,31.9,31.7,32.5,33.2,33.1,32.9,32.1,32.9,33.3,32.1,32.7,33.6,33.3,33.0,33.3,34.4,32.7,32.7,33.4,32.7,32.8,33.3,34.4,33.8,33.1,32.5,33.3,32.8,34.1,33.6,33.4,33.1,31.4,33.4,32.9,33.0,31.4,33.4,31.9,32.7,31.9,33.1,32.9,32.9,33.4,34.9,33.9,33.6,32.6,32.8,32.4,33.1,32.7,34.3,33.4,32.8,33.2,33.5,33.4,32.6,33.0,35.0,32.5,32.5,31.9,31.8,32.1,32.5,32.5,32.8,32.3,32.8,33.6,32.5,33.5,32.7,33.3,33.7,33.1,33.8,32.8,32.1,34.3,33.3,33.2,33.0,34.0,33.3,34.0,33.2,33.1,34.6,33.1,32.1,32.8,32.3,31.4,33.0,33.4,33.0,32.0,32.5,33.0,32.4,31.7,32.4,33.0,32.9,32.9,33.1,32.6,32.8,33.2,32.9,34.5,33.9,33.4,33.6,34.4,33.5,33.8,34.2,33.8,33.1,32.6,33.8,32.5,33.7,33.3,31.7,33.0,32.4,33.1,31.3,33.0,33.3,31.5,32.3,32.9,nan,33.0,32.7,32.8,33.7,32.8,33.4,33.6,34.5,33.3,33.2,33.0,34.4,33.9,33.4,33.2,32.4,33.9,32.7,34.1,33.0,31.6,33.0,32.1,32.7,31.6,33.4,32.4,33.4,32.6,33.1,33.4,32.9,31.6,33.6,33.2,32.4,33.4,33.8,34.1,33.6,33.1,34.0,34.0,32.4,34.4,33.0,33.4,32.9,32.7,33.2,33.2,33.6,32.5,32.8,32.7,33.3,33.0,32.3,32.3,33.2,32.4,31.8,32.1,32.7,33.0,32.8,32.4,33.0,33.9,33.4,33.4,34.2,34.1,33.6,33.5,34.1,33.7,32.5,34.3,34.1,33.2,33.3,33.6,33.4,32.4,33.9,32.5,33.4,31.8,32.9,32.1,32.4,32.6,34.0,33.6,33.1,33.4,33.1,33.6,33.1,31.7,33.8,33.8,33.7,32.9,32.8,34.2,33.7,33.5,33.6,34.5,33.1,32.4,34.1,33.9,33.4,32.8,32.8,33.1,32.8,33.3,33.1,32.5,33.4,32.2,33.0,32.5,33.6,33.6,32.6,33.5,32.9,33.4,33.4,33.2,34.1,33.2,31.6,31.9,34.1,33.0,33.6,34.4,33.8,32.9,32.6,32.2,33.0,31.7,33.5,33.5,32.2,31.7,32.9,32.2,32.9,31.5,33.1,33.1,32.7,32.4,33.0,33.3,32.8,32.6,33.8,34.2,33.3,33.1,33.3,33.3,32.9,32.5,33.6,35.1,33.3,33.6,33.9,32.5,33.9,32.5,32.0,33.3,32.9,33.5,31.8,31.7,32.7,33.0,32.2,33.3,32.8,32.4,31.7,32.4,32.8,32.4,33.2,33.8,33.5,32.4,33.1,33.1,33.3,34.7,33.0,33.3,34.2,34.6,33.1
1785303381.1304452,527,32.2,32.1,33.0,32.5,31.7,31.2,32.8,32.7,33.5,32.1,31.9,32.9,30.9,32.2,32.8,33.0,32.2,32.4,32.4,32.4,33.2,32.4,32.3,32.6,32.3,31.8,33.1,33.0,32.5,33.0,31.6,33.5,33.3,32.7,32.8,32.4,32.9,32.9,33.9,32.3,31.8,32.4,33.3,33.2,31.6,32.9,32.6,32.7,32.1,32.0,32.8,31.8,33.4,32.5,33.4,31.9,32.6,32.3,33.4,32.9,33.6,33.7,32.6,33.6,32.6,33.5,31.9,33.1,33.1,32.7,32.9,32.5,32.5,32.2,32.8,32.6,32.1,32.3,32.6,33.2,31.9,32.3,32.4,32.3,32.6,32.3,32.4,32.9,32.2,32.4,32.3,33.4,32.9,33.3,32.4,33.6,31.9,32.1,33.3,32.4,31.9,32.5,32.6,32.6,32.6,31.5,32.8,32.7,32.7,32.4,32.8,32.7,32.7,31.7,32.9,32.4,33.7,33.4,32.7,32.5,32.8,33.5,33.0,33.1,33.4,32.7,33.2,33.8,33.1,32.3,32.2,31.6,31.9,32.7,32.9,32.9,32.4,31.4,32.6,32.3,33.2,33.2,32.6,31.8,31.7,32.5,32.8,34.2,33.7,33.7,33.7,34.1,32.9,32.7,32.2,32.5,33.4,33.0,33.8,32.6,32.7,32.5,33.8,32.8,32.6,32.0,32.6,33.2,33.1,32.0,32.0,32.7,32.7,32.4,32.5,32.3,31.9,31.3,33.2,32.4,34.6,35.2,34.2,33.1,32.5,32.4,33.2,33.7,33.2,32.1,32.6,32.1,32.7,32.2,31.6,33.7,32.2,33.1,33.4,33.0,33.2,32.6,32.3,33.0,32.7,32.2,32.4,32.9,32.3,32.4,32.9,33.6,34.4,34.8,33.9,33.6,32.2,32.5,32.8,32.9,32.5,32.9,33.2,33.6,31.4,32.3,32.7,33.0,31.7,32.1,32.3,31.8,32.7,32.9,32.7,32.3,32.4,32.8,33.2,32.3,32.4,32.1,32.4,33.3,33.9,33.1,33.9,34.0,32.9,33.0,32.9,33.7,32.5,32.5,33.0,32.5,32.9,32.7,31.9,32.1,31.3,32.4,33.2,33.2,33.4,31.1,33.0,32.7,32.7,31.8,33.1,33.0,32.6,32.6,32.6,33.5,33.4,32.1,34.2,33.2,34.2,33.8,33.7,34.0,32.9,33.1,33.0,32.7,33.2,32.1,32.2,33.4,32.3,32.3,33.8,32.7,32.8,33.1,32.4,32.1,32.9,33.3,33.2,33.6,32.9,32.3,32.9,32.5,33.3,33.6,33.7,33.8,33.4,34.3,33.8,33.5,33.4,31.5,32.4,33.8,33.1,31.7,32.4,33.1,31.5,32.3,32.5,32.5,31.9,33.4,31.8,32.7,32.1,32.4,32.6,32.8,32.3,32.4,32.4,33.4,32.8,33.7,33.5,33.9,33.7,34.6,33.2,32.4,34.3,32.2,32.2,32.8,32.6,32.0,32.8,32.9,33.2,32.5,33.3,33.8,32.0,32.6,32.6,33.3,32.0,33.0,33.1,32.7,31.7,32.6,33.4,33.1,33.1,33.3,33.9,33.6,33.4,33.8,34.3,33.0,33.5,32.4,34.4,32.8,32.4,32.3,33.2,33.3,32.7,33.5,32.2,32.1,32.1,32.9,32.2,33.0,33.4,32.3,33.7,33.3,33.9,32.3,33.4,34.2,33.4,32.9,33.9,33.9,34.9,32.6,33.4,33.0,33.3,33.5,34.2,33.0,33.7,32.6,32.9,33.5,33.3,32.0,33.1,32.8,33.8,32.5,34.3,33.1,32.2,32.7,33.1,33.4,32.8,33.5,33.9,33.2,32.5,33.5,34.1,34.0,32.9,33.7,34.0,33.9,32.6,33.9,34.3,34.0,33.7,32.9,32.2,33.0,32.2,32.8,33.9,33.4,32.2,32.6,32.8,33.3,32.4,33.4,33.9,35.0,34.5,33.2,33.4,33.1,32.6,33.1,33.6,33.6,33.9,34.3,33.4,34.7,33.1,32.4,34.2,34.6,32.5,32.5,33.3,32.4,32.6,32.2,32.8,33.0,32.0,32.1,32.8,33.0,32.2,32.2,33.4,34.2,33.1,33.3,32.6,33.1,33.1,33.5,33.5,34.2,33.0,33.9,35.1,33.9,32.8,32.3,34.1,34.7,32.8,32.9,32.2,33.2,32.3,31.9,32.0,32.5,33.1,31.9,31.8,33.1,32.1,33.4,33.1,32.6,32.6,32.1,32.6,33.4,34.5,33.8,32.8,33.3,34.1,33.8,34.3,33.5,33.9,33.5,33.7,33.8,33.0,32.6,32.9,32.7,33.7,32.6,33.1,32.6,32.5,32.8,33.5,32.5,32.4,nan,33.1,32.0,32.5,32.1,32.8,33.2,33.0,34.5,33.2,33.4,33.0,33.2,34.2,34.1,33.0,34.1,33.3,32.9,33.9,32.7,32.4,33.2,32.7,32.7,32.5,33.8,32.9,32.7,32.4,33.6,32.1,32.4,32.1,33.3,32.3,32.9,33.1,33.3,34.1,33.8,33.1,33.1,32.9,33.3,35.3,35.5,33.5,33.7,34.1,33.0,33.7,32.7,34.6,33.0,32.5,32.4,33.3,32.3,33.4,32.2,33.2,32.5,32.4,32.6,32.2,33.5,33.0,32.7,33.5,34.2,34.2,34.2,33.7,33.6,33.0,32.7,33.5,32.9,33.3,32.4,33.2,32.5,33.2,32.5,33.7,33.6,32.9,33.0,32.2,34.0,31.5,33.1,33.0,33.3,31.9,32.5,33.3,33.3,32.3,33.4,32.4,34.0,33.8,33.7,32.4,34.4,33.0,33.1,33.3,34.5,33.3,32.9,33.5,33.6,32.1,33.8,33.7,33.6,31.9,32.3,32.3,34.7,32.7,32.7,32.6,33.2,32.0,32.6,33.2,33.6,32.7,32.7,33.0,33.1,33.7,33.6,33.7,33.1,32.3,32.9,33.8,33.5,34.0,33.4,32.5,33.9,32.4,32.9,32.6,33.7,33.1,33.0,32.9,33.5,31.3,33.7,32.6,34.2,33.1,32.2,33.3,34.2,31.2,32.9,33.7,33.8,32.6,33.8,33.0,33.5,32.6,32.8,33.1,33.8,32.5,33.3,34.5,33.6,32.7,32.4,34.0,33.3,32.7,32.1,31.8,32.8,32.4,33.5,33.0,32.8,33.3,32.1,32.8,32.8,32.6,32.3,33.1,33.0,33.1,33.3,34.0,33.9,33.5,33.3,34.7,33.2,33.7,33.4,33.7,34.5
1785303383.1839786,528,32.2,31.8,34.0,32.7,33.3,32.1,34.3,32.0,32.3,32.5,33.1,32.4,32.2,32.0,32.9,32.8,32.6,32.6,33.1,32.4,32.0,32.8,33.9,33.4,33.5,32.6,33.3,33.6,34.0,33.0,33.1,32.2,33.3,31.7,31.1,35.0,33.8,32.0,31.8,33.4,32.0,32.2,33.5,33.4,32.1,32.3,31.5,32.9,31.6,32.0,32.2,32.7,33.0,31.9,32.6,33.3,34.0,31.7,33.2,33.7,32.7,32.8,32.9,33.6,31.6,32.3,33.0,32.8,31.4,32.0,32.9,32.5,32.2,33.3,32.6,32.1,31.7,32.3,32.1,32.8,32.8,32.3,32.4,31.8,31.4,33.0,33.0,32.9,32.2,32.1,33.5,34.0,32.5,33.0,34.1,33.8,33.1,31.9,33.3,32.7,31.9,31.9,33.0,33.2,33.0,32.3,33.0,33.2,32.0,31.8,31.8,33.1,32.2,33.1,32.7,33.1,32.7,32.0,33.4,33.4,33.6,32.7,32.8,32.7,33.0,32.0,32.7,35.0,32.4,32.1,32.6,32.2,32.9,32.9,32.7,33.1,32.1,32.4,32.4,32.3,31.5,32.4,32.5,31.8,31.8,32.4,33.3,32.9,32.2,32.2,34.6,34.1,33.6,33.9,32.8,32.7,32.4,33.0,32.7,32.8,32.7,31.3,33.1,33.6,32.4,32.2,32.4,32.8,32.4,31.8,32.5,33.0,32.2,32.4,32.5,33.3,33.4,31.9,32.9,33.3,32.7,32.1,34.9,35.3,34.1,33.1,33.4,33.7,32.3,31.3,33.2,33.8,33.1,32.1,32.3,33.1,31.6,32.0,33.0,31.7,31.9,33.0,32.8,32.7,32.5,32.8,32.4,33.4,32.4,31.9,32.8,32.8,32.9,32.2,35.0,35.3,33.6,32.5,33.7,33.4,33.6,32.9,32.8,32.3,31.6,32.1,32.9,33.2,32.1,32.5,31.8,33.6,33.0,32.0,32.5,33.1,33.4,32.4,33.1,33.1,32.6,32.9,32.6,33.0,33.1,32.1,33.6,34.0,32.4,33.0,33.4,33.3,32.1,32.0,33.6,33.8,31.4,32.7,32.1,32.9,32.4,32.9,32.7,33.2,32.7,32.3,32.0,32.2,32.7,32.1,32.6,32.1,32.6,32.4,32.2,34.0,33.0,33.4,33.9,33.7,33.0,33.4,34.2,33.3,32.1,32.7,33.0,32.7,32.2,31.7,32.4,32.8,32.5,31.4,31.7,32.7,32.9,32.2,31.9,33.9,32.1,32.8,32.9,33.3,32.9,32.6,32.4,33.0,33.3,32.8,33.7,34.3,33.6,33.5,33.6,33.4,32.9,32.2,31.8,33.6,30.8,32.3,32.4,32.9,33.0,33.3,33.2,32.9,32.2,33.2,32.7,32.7,31.9,32.1,33.0,32.8,33.0,32.6,33.0,32.6,33.1,32.9,33.7,33.3,34.2,33.9,34.4,32.6,33.3,32.9,32.8,32.8,32.2,32.4,32.3,33.2,32.7,32.7,33.4,32.8,32.8,32.1,32.9,33.0,33.3,32.3,32.8,33.3,32.3,32.2,32.3,33.0,32.8,33.3,33.6,34.1,33.4,33.2,33.8,34.4,33.8,33.5,33.7,33.4,32.8,32.3,32.6,33.1,32.3,32.4,33.6,32.7,33.4,33.2,32.9,32.9,32.4,31.9,33.1,31.5,32.8,32.6,34.2,33.6,32.9,33.6,35.1,33.6,34.1,34.0,33.6,33.1,33.1,33.1,34.2,33.6,32.8,32.2,31.9,33.7,32.2,32.0,32.8,32.8,32.3,32.0,32.3,33.3,32.3,32.5,32.5,33.3,33.1,32.9,33.6,33.0,33.3,33.5,33.0,33.9,35.1,33.3,34.2,33.2,33.6,31.7,32.9,33.4,32.8,33.3,33.8,33.9,31.5,33.5,32.7,32.7,32.7,32.4,33.2,33.3,32.6,32.9,32.9,33.4,33.6,33.4,33.7,33.3,32.7,33.7,33.8,33.4,32.6,33.3,34.0,33.8,33.1,33.1,33.8,33.4,32.1,33.3,33.3,32.7,32.8,32.7,32.3,32.8,32.1,32.5,33.3,33.5,33.3,32.4,33.3,34.6,33.1,32.9,32.9,34.0,33.3,33.5,33.3,34.5,34.0,33.5,34.5,34.6,33.1,33.2,33.3,33.9,31.1,31.7,33.2,33.2,31.8,32.1,32.7,32.0,32.9,32.2,32.1,32.9,33.0,32.9,33.7,33.3,32.6,32.6,33.2,34.1,33.1,33.4,32.9,34.1,33.8,33.6,34.1,34.1,33.8,33.1,33.1,33.2,33.0,32.2,33.3,33.3,32.4,33.0,33.0,32.6,32.6,32.5,33.1,32.8,33.5,nan,33.0,32.5,32.5,32.4,32.2,33.9,34.1,34.0,34.0,34.1,33.7,33.7,33.9,34.0,33.7,32.6,32.7,34.1,33.5,31.9,34.1,32.8,32.0,33.8,32.5,32.7,31.9,32.5,32.9,32.8,32.1,32.1,32.6,33.4,32.9,32.6,33.1,34.3,33.4,33.5,34.1,33.6,32.4,32.9,33.3,34.3,33.1,33.7,34.6,33.8,33.7,33.8,33.3,32.6,33.4,31.3,32.8,33.6,32.9,32.0,32.9,33.2,33.2,31.4,32.7,32.7,32.4,32.2,33.7,33.7,34.2,33.2,33.7,34.4,32.8,32.7,33.2,34.2,33.3,33.8,33.4,33.1,33.8,33.2,32.9,32.8,32.9,33.0,33.5,33.5,32.4,32.7,32.9,33.5,32.3,32.1,33.3,33.5,32.6,31.7,34.0,33.6,34.0,33.5,33.5,32.6,32.6,33.1,34.6,34.3,33.5,33.1,34.8,33.0,31.9,32.1,32.8,34.3,32.7,32.6,31.6,33.3,33.4,32.9,32.9,33.7,33.6,32.7,32.9,33.6,33.4,32.4,32.7,33.8,33.7,33.4,34.5,33.8,32.5,32.5,32.6,34.4,33.0,33.2,33.6,33.5,32.2,33.4,33.3,34.3,32.5,32.8,33.1,33.1,33.1,32.8,33.5,33.0,32.8,33.3,33.8,32.8,32.6,32.4,32.9,32.8,34.0,33.8,33.3,33.7,32.8,33.1,34.7,34.4,33.9,32.3,34.0,34.8,32.3,33.1,33.6,32.5,32.9,32.7,32.4,33.2,32.8,32.6,32.3,33.5,32.1,32.4,32.8,32.8,31.7,32.3,32.8,33.9,33.1,33.5,33.7,33.9,33.1,32.9,32.9,34.0,33.7,32.7,33.7,35.0
1785303385.327499,529,31.8,32.0,33.2,34.8,32.0,31.8,32.5,33.0,31.8,33.0,32.4,32.6,33.0,32.5,33.4,33.6,32.5,31.4,33.8,33.4,32.5,32.3,32.4,33.3,32.2,32.1,32.4,32.9,33.0,33.1,34.5,32.9,31.9,32.6,33.2,33.0,33.0,32.8,33.2,32.6,32.3,32.3,32.9,32.7,32.9,31.9,32.5,32.6,32.2,32.0,32.3,32.6,31.6,33.3,31.9,32.2,32.7,32.2,32.6,33.0,33.3,33.8,32.8,32.8,32.5,31.9,32.7,32.3,32.8,32.8,33.0,32.2,31.9,32.6,33.4,33.2,32.2,31.8,33.2,32.4,32.5,32.9,32.7,31.7,32.2,31.9,32.7,33.1,33.2,33.3,33.0,33.5,34.1,32.1,33.7,34.2,31.8,32.7,32.5,32.3,32.8,31.8,32.5,32.9,32.1,32.6,32.9,32.4,32.7,32.6,32.7,32.6,31.8,32.6,33.1,33.2,32.3,32.8,32.7,33.2,33.5,33.9,33.3,33.2,32.1,31.5,34.0,31.9,33.5,32.5,33.4,33.6,33.4,32.6,33.4,32.8,32.7,32.9,32.7,32.0,31.9,32.4,32.7,32.1,32.9,32.3,32.7,32.8,32.2,33.3,33.4,32.8,34.7,34.5,35.0,34.5,33.5,32.5,32.8,32.3,32.3,32.6,32.4,32.7,32.5,32.1,33.6,32.2,32.1,32.1,32.9,33.3,32.1,32.3,32.8,33.3,33.0,32.5,33.3,32.0,32.3,33.0,33.3,34.7,35.2,33.9,34.0,34.2,33.3,33.8,33.7,33.7,32.8,32.7,33.4,33.6,32.1,33.4,33.6,33.1,32.5,32.5,33.1,32.6,32.4,33.1,33.3,33.3,32.3,32.3,32.8,32.8,33.0,32.6,33.4,34.0,33.6,34.5,34.9,35.2,33.7,33.4,33.5,33.9,32.0,31.5,32.8,32.5,31.6,31.8,33.3,33.2,32.3,31.9,33.1,32.7,32.3,32.3,32.2,32.9,33.1,31.9,32.3,32.4,33.2,32.8,32.8,33.7,33.9,33.6,33.1,33.2,34.1,33.2,32.5,34.3,32.4,31.5,33.8,33.2,32.1,33.2,33.1,32.7,32.1,32.5,32.6,32.6,31.8,32.5,33.0,33.3,33.4,32.5,33.3,33.0,32.9,33.3,33.8,33.1,33.4,32.8,34.0,33.7,32.8,33.4,33.7,33.0,33.1,33.7,32.5,33.1,32.6,32.0,32.1,32.5,31.3,32.5,32.6,32.5,33.1,32.4,32.6,32.5,32.0,33.3,33.1,33.0,33.5,33.4,34.0,34.2,33.0,33.4,33.9,34.7,33.3,33.6,34.3,33.7,33.0,31.4,34.3,33.8,31.8,32.9,32.7,33.6,32.8,33.1,32.2,32.6,31.7,32.6,32.9,32.0,33.1,32.7,33.7,33.3,32.0,33.8,33.9,32.8,33.6,33.5,34.0,32.7,33.5,32.6,33.7,33.3,32.5,32.3,32.4,33.1,32.6,31.3,33.0,32.3,32.0,31.8,32.3,33.2,32.4,32.1,32.2,32.9,32.5,32.2,32.8,33.5,32.9,33.2,33.5,33.2,33.3,32.7,33.2,33.3,32.6,32.2,33.0,33.1,32.5,32.6,32.7,32.8,32.9,32.9,33.5,33.3,31.6,32.0,32.4,33.1,33.0,32.6,32.7,33.2,32.5,32.8,33.9,34.1,33.0,34.5,34.1,34.0,34.5,32.7,33.8,33.0,33.0,31.9,33.3,33.3,32.7,31.1,32.4,32.6,31.5,32.3,32.1,33.0,31.7,32.7,33.2,33.4,31.9,32.0,33.2,32.8,31.9,32.1,33.8,34.5,33.3,33.5,33.4,34.1,32.3,32.4,34.1,34.2,33.0,31.8,33.0,33.3,31.6,32.4,33.7,32.7,32.1,33.3,33.5,33.4,32.3,33.4,33.1,33.0,32.5,32.5,33.1,32.4,33.3,32.8,34.5,34.1,32.6,33.5,34.2,34.5,32.8,33.4,34.2,34.6,33.7,32.8,33.9,33.3,33.2,32.6,32.0,33.2,32.0,32.3,33.2,32.9,32.2,32.4,32.9,32.6,31.8,32.3,32.7,32.5,32.2,32.1,33.7,33.4,33.0,33.9,33.6,33.6,33.7,32.9,34.1,34.5,33.7,33.4,33.2,33.6,33.8,32.4,32.3,33.1,32.8,33.4,32.1,33.3,32.8,32.3,33.0,32.8,32.5,32.2,32.5,32.8,32.3,34.1,33.6,33.5,33.0,33.0,33.5,33.8,33.2,33.4,34.6,34.3,33.2,33.4,34.2,34.3,32.6,32.8,33.4,32.8,32.9,33.4,33.7,31.6,32.4,32.4,33.0,33.1,32.0,nan,32.2,32.8,32.9,33.3,33.2,33.6,33.9,33.7,33.1,33.5,34.3,34.1,34.7,34.6,33.6,33.5,33.8,33.8,32.6,32.0,33.2,33.1,32.8,32.6,33.2,33.0,31.8,33.3,33.5,33.8,32.4,32.0,33.8,33.5,33.0,33.5,34.2,34.0,34.5,33.9,34.0,33.9,33.5,33.0,33.6,35.3,33.2,34.0,34.0,34.1,32.5,32.6,33.2,32.9,33.3,32.0,33.4,33.1,31.9,32.8,32.6,32.9,32.3,32.3,32.4,33.3,33.4,33.1,33.3,34.1,33.3,33.3,32.8,32.8,32.7,32.4,33.4,34.4,33.4,32.9,32.9,32.6,32.6,32.6,33.0,33.3,32.4,32.9,33.2,33.2,32.5,32.4,33.4,32.0,32.9,32.9,33.7,33.2,32.7,32.5,33.7,33.4,33.7,33.7,33.4,32.5,32.3,32.8,33.8,32.7,33.4,33.2,34.5,33.1,32.7,33.3,33.8,34.0,33.7,32.2,32.4,32.4,32.9,32.1,32.8,32.9,32.4,32.6,33.1,33.0,32.8,32.5,32.2,33.0,33.6,33.3,34.2,32.6,32.4,33.1,34.0,34.7,33.7,33.1,34.8,34.1,32.6,33.1,32.3,33.4,33.2,33.3,33.0,32.6,33.2,32.8,33.8,32.5,32.7,33.3,31.8,32.9,32.1,33.0,32.5,33.7,33.8,33.0,33.6,33.6,33.4,32.7,34.2,34.3,33.8,32.4,34.4,33.8,32.8,32.5,34.1,33.0,32.6,33.0,32.9,32.9,32.3,32.7,32.5,34.1,33.0,32.2,32.7,32.5,32.8,32.5,32.5,33.4,33.4,33.2,34.1,33.2,32.8,33.2,33.0,33.9,33.0,34.1,34.5,34.7
1785303387.375044,530,33.3,33.2,32.5,33.0,32.8,32.2,32.4,31.4,33.1,32.9,32.7,33.3,32.8,31.7,32.2,32.8,33.1,33.2,33.1,33.0,33.0,33.4,32.9,33.2,33.1,32.2,32.0,32.3,34.3,33.0,32.1,33.3,32.3,32.7,32.9,33.3,32.9,32.2,31.8,32.1,32.6,32.0,31.5,32.2,30.8,32.3,32.6,32.7,32.8,33.2,33.5,32.7,32.6,33.0,33.0,33.4,32.8,33.1,32.8,33.5,32.3,32.6,32.4,31.4,33.6,32.5,31.4,32.6,32.5,33.9,32.7,32.3,32.5,33.1,30.9,33.0,34.0,32.3,32.4,33.0,33.0,32.8,31.7,33.0,32.3,33.6,33.0,32.9,33.5,33.4,32.5,32.6,34.0,32.8,31.7,32.9,33.2,33.1,33.3,32.0,33.1,32.3,32.4,33.5,33.6,32.8,32.3,32.1,32.5,32.7,32.7,32.4,32.9,33.1,32.7,32.4,32.2,32.9,33.0,33.3,34.5,33.5,33.2,34.5,33.8,32.4,33.2,32.9,33.8,31.6,31.5,32.5,32.7,33.1,33.9,31.8,33.3,32.8,32.4,32.7,33.0,32.5,32.5,32.0,33.7,32.9,32.1,32.9,32.5,33.4,32.5,34.3,35.5,34.0,33.2,32.9,33.6,33.8,32.5,33.7,32.7,33.1,32.7,32.1,33.0,33.2,33.4,33.4,32.4,32.5,32.9,33.0,32.7,32.1,31.9,32.3,33.1,32.7,31.7,32.4,33.1,33.1,33.2,34.7,33.9,34.8,34.3,33.9,33.4,33.1,33.0,33.4,33.3,32.8,32.5,33.7,33.1,33.0,32.1,33.5,32.5,32.8,32.0,32.5,32.7,33.0,32.9,32.4,32.7,32.1,32.5,32.6,32.9,32.9,32.9,33.9,34.9,34.6,33.4,34.0,34.5,33.9,33.2,32.9,32.1,32.9,33.2,33.0,31.3,32.6,33.8,32.4,32.7,33.2,32.2,32.6,32.8,32.9,33.3,32.5,33.4,32.6,32.6,32.8,33.6,32.6,34.1,33.3,35.0,34.2,33.6,33.7,33.4,34.6,34.1,32.5,33.1,33.3,31.9,33.3,33.5,33.1,32.5,32.5,33.7,33.2,32.8,33.7,33.4,33.1,32.9,32.6,33.2,32.6,32.4,32.6,34.0,33.9,33.9,34.6,33.5,33.6,32.8,33.6,33.8,34.2,33.2,32.3,32.6,33.6,32.8,33.2,32.3,32.9,32.2,32.7,34.1,32.2,32.2,32.4,32.9,32.8,32.4,32.0,33.4,33.4,33.7,32.8,33.8,33.8,32.9,33.7,34.1,34.3,33.6,33.5,33.6,32.4,32.3,33.4,32.7,33.1,32.0,32.9,32.4,32.6,31.6,32.7,32.9,33.0,32.0,33.1,33.8,33.1,33.0,33.1,34.1,32.8,32.1,32.6,33.9,33.7,33.2,34.3,33.7,34.5,33.9,33.3,32.5,33.1,33.2,33.6,32.0,32.2,32.9,33.0,32.9,32.3,32.9,32.6,32.7,32.6,33.1,32.3,32.7,32.3,33.7,33.1,33.0,32.8,32.8,32.5,33.3,32.5,33.3,33.6,33.8,33.8,33.7,33.2,33.1,33.0,33.1,32.4,33.6,34.0,31.8,33.7,33.4,33.4,32.0,32.9,33.6,32.4,32.7,32.9,32.4,32.8,32.9,33.1,33.4,32.9,32.7,33.3,34.4,34.4,34.1,34.4,33.9,34.8,33.1,33.5,33.3,33.3,32.6,32.8,33.9,33.2,33.1,32.5,32.6,32.2,32.8,31.6,33.8,32.6,33.3,32.0,33.0,33.0,32.3,32.7,32.8,33.2,33.0,33.8,34.1,34.1,33.8,34.2,34.1,32.8,34.0,34.2,33.5,32.1,33.5,33.0,32.8,33.0,32.2,33.8,31.8,33.0,32.3,32.5,32.2,33.2,32.6,32.8,33.1,33.2,32.6,32.5,33.1,33.3,34.1,34.6,34.0,33.4,32.4,33.6,33.8,33.8,33.1,34.2,33.1,33.5,32.8,33.0,32.5,32.9,32.9,32.0,32.3,32.2,33.2,32.8,33.1,32.1,32.5,33.0,33.2,32.5,33.3,33.2,33.3,33.7,33.9,33.9,33.6,33.5,33.3,33.4,34.0,33.9,34.2,34.1,33.0,33.5,33.1,33.7,32.8,33.2,32.2,34.0,33.2,33.9,32.5,32.7,32.7,33.2,32.3,32.6,32.5,33.6,32.4,32.5,32.9,34.1,33.7,33.8,33.7,34.4,33.3,33.1,33.6,33.5,34.1,35.0,34.4,33.1,33.3,33.6,33.0,32.6,32.1,32.9,32.1,32.2,32.5,32.3,33.3,32.8,33.0,31.7,33.4,nan,32.5,32.9,32.9,34.0,33.2,33.9,34.0,33.8,33.0,33.9,33.9,33.9,35.3,34.3,34.7,32.8,33.1,32.3,32.9,33.6,32.0,32.8,32.0,33.2,32.7,33.6,32.4,33.4,32.4,33.1,32.8,33.8,32.6,33.0,32.9,33.9,34.6,33.3,33.8,34.1,33.1,33.0,33.5,32.8,33.8,33.4,33.3,33.9,32.5,33.2,33.5,32.5,33.2,32.6,33.8,32.1,32.4,33.0,33.9,32.5,32.9,33.2,32.6,32.6,32.2,32.9,33.4,33.7,34.6,33.7,33.7,33.0,32.9,33.6,33.4,33.5,33.7,33.6,33.9,33.4,33.2,32.4,33.6,33.2,33.9,33.5,33.3,32.8,32.2,32.4,32.8,32.9,33.3,33.1,33.8,33.8,32.6,33.1,33.6,32.8,32.9,34.0,34.0,33.8,33.0,32.8,32.9,34.1,33.3,33.6,34.7,34.5,33.5,34.7,32.6,32.1,33.3,33.0,34.4,33.0,33.5,32.3,32.5,32.7,32.1,32.8,32.9,32.7,33.6,32.2,33.4,32.9,33.6,32.9,33.6,33.7,32.5,33.3,33.6,33.6,33.2,33.5,34.0,33.6,34.9,32.4,33.8,33.9,32.2,33.7,33.5,34.2,32.9,32.0,33.5,33.0,31.7,32.6,32.6,33.1,32.2,32.3,32.8,32.8,32.2,33.5,33.9,34.4,32.8,34.1,33.1,33.5,33.3,34.0,34.5,33.8,32.7,34.1,33.4,32.4,33.6,32.9,33.6,33.1,32.2,33.5,33.4,33.3,32.6,32.4,33.7,32.6,32.1,32.6,32.2,33.0,32.4,32.5,34.0,34.0,33.7,33.0,32.8,34.0,34.5,34.1,33.9,35.4,33.7,33.4
1785303389.5735579,531,33.6,32.6,33.3,31.7,32.3,31.5,32.2,32.7,31.9,31.7,32.9,32.8,32.0,32.0,32.0,31.7,32.9,32.6,33.5,33.0,32.0,31.7,32.9,34.2,32.1,32.8,32.7,33.9,33.1,33.4,33.1,33.5,33.6,31.9,32.4,32.6,32.9,32.4,34.0,31.7,32.0,32.6,32.4,33.2,30.8,31.4,32.6,32.7,32.7,32.1,33.0,33.1,33.0,31.9,32.4,33.2,32.4,33.1,33.8,33.3,33.6,33.0,33.9,33.1,31.5,32.5,32.8,33.5,32.9,33.3,33.1,32.7,32.7,32.9,32.2,33.7,32.4,32.8,31.7,32.3,32.4,32.3,32.8,32.0,33.2,32.5,33.3,32.3,32.6,32.8,32.1,32.6,33.1,32.6,32.4,32.7,31.9,32.6,31.3,32.9,31.9,32.1,33.6,33.7,32.1,32.6,32.3,32.5,32.0,31.8,33.2,31.8,32.4,32.9,32.4,32.9,33.4,32.0,33.0,32.5,33.8,33.7,32.4,32.5,32.2,32.2,31.8,33.6,32.6,31.6,32.2,32.4,32.9,32.9,32.7,32.4,32.4,32.6,31.9,33.0,32.3,32.0,32.6,31.7,33.0,32.1,32.3,32.9,33.0,32.7,32.6,33.8,34.8,34.3,34.3,33.1,33.6,32.8,32.3,32.6,32.7,33.1,32.5,33.2,33.2,32.2,32.8,32.5,32.2,32.5,32.9,32.7,32.7,32.6,33.4,32.1,32.3,32.4,33.4,32.1,32.8,31.6,32.7,33.3,35.1,34.0,34.7,34.5,31.9,33.5,32.8,33.4,32.0,32.4,32.1,32.5,32.9,33.0,33.2,31.9,32.3,32.1,33.2,32.7,32.0,32.5,33.0,32.6,32.3,32.3,33.0,32.8,33.2,32.2,32.7,33.1,34.4,33.8,33.0,33.4,33.2,33.5,33.6,34.0,32.3,33.4,33.0,33.0,31.7,31.7,32.3,32.7,32.5,33.4,33.0,32.3,32.0,31.9,32.8,32.1,31.7,32.1,32.8,32.8,33.6,32.4,33.2,33.6,34.1,33.3,33.9,33.2,33.3,34.3,34.1,33.4,32.5,31.8,33.5,32.7,32.2,32.2,31.4,32.5,32.2,32.7,32.7,32.4,32.7,32.4,33.0,32.1,32.7,32.8,33.2,32.7,34.0,32.4,34.2,33.3,33.0,33.4,34.1,33.5,33.6,33.3,32.6,33.5,32.6,32.6,31.6,32.8,32.7,32.3,32.7,32.9,32.0,32.2,32.6,33.4,32.5,31.3,32.6,32.8,33.2,32.5,32.8,33.0,33.9,33.3,33.9,34.2,33.9,33.3,33.3,33.2,34.2,33.1,32.5,33.2,32.3,33.1,33.6,32.3,32.4,32.8,33.0,33.1,32.2,32.9,32.2,32.4,32.4,33.1,32.6,32.9,33.4,33.1,33.0,33.9,32.6,33.2,33.2,34.1,34.2,33.6,33.6,32.8,32.9,31.6,33.0,32.8,32.2,32.2,33.3,32.8,32.7,32.3,32.9,32.1,33.3,32.3,32.8,32.6,32.5,32.8,32.9,33.0,33.0,32.3,32.8,33.5,33.9,33.2,33.4,33.8,32.9,33.8,33.6,33.9,32.6,32.1,32.3,32.8,31.5,32.3,33.2,32.8,33.2,31.9,33.2,32.7,32.4,32.4,32.0,32.7,32.3,32.1,32.4,32.9,32.8,32.4,33.0,33.4,34.1,33.1,34.1,33.9,34.2,34.3,34.1,33.3,33.4,32.4,32.8,34.2,33.5,32.4,32.7,32.3,33.1,32.2,33.3,32.4,32.4,32.0,32.5,32.3,32.4,32.2,33.0,33.0,32.8,32.5,32.8,33.8,32.8,32.8,34.6,33.4,34.4,32.8,33.5,33.5,33.8,32.8,32.3,32.4,32.8,31.7,32.8,32.8,32.7,32.5,32.5,33.2,32.7,32.9,32.7,33.1,33.1,32.4,32.9,32.0,32.5,33.1,34.1,34.1,32.9,32.8,32.6,32.6,33.1,33.5,34.1,34.0,33.1,32.2,33.0,32.2,31.9,32.9,33.3,32.7,32.1,32.0,32.6,31.7,32.1,32.1,32.7,32.5,33.8,32.5,32.7,32.6,33.5,32.4,33.9,33.5,33.6,32.7,34.2,33.7,33.1,33.0,33.7,34.3,34.0,33.0,33.5,33.1,31.9,32.5,32.0,33.0,32.9,32.1,32.9,32.5,32.0,33.1,32.3,32.8,33.2,32.9,33.1,33.3,32.7,34.4,34.4,34.3,33.2,34.1,32.9,33.6,33.6,34.2,34.1,33.9,34.0,33.5,33.1,33.0,33.0,31.8,33.5,32.9,32.8,33.3,31.6,32.3,33.2,32.7,32.5,32.7,33.5,nan,32.3,32.7,33.3,33.8,33.6,34.0,33.8,33.3,33.0,33.4,33.0,32.8,32.8,33.2,33.6,32.2,33.5,33.7,33.5,32.1,32.4,32.6,32.5,32.1,32.5,32.7,32.6,32.6,33.1,33.1,31.8,32.8,32.3,33.3,32.9,32.8,33.6,33.6,33.1,33.6,32.9,33.1,33.1,34.2,33.8,32.8,32.7,32.9,33.9,33.8,32.8,32.1,32.1,32.6,33.6,32.1,33.5,33.6,33.2,32.7,32.7,33.2,32.7,32.2,32.4,32.9,33.7,33.7,33.2,33.7,33.7,33.5,32.5,33.2,32.5,31.7,34.5,34.3,33.5,32.2,34.0,33.3,34.3,33.0,33.3,33.7,32.3,33.4,32.6,32.6,32.2,32.4,31.9,32.9,32.6,32.0,32.6,33.0,32.6,32.6,32.4,33.3,33.4,34.0,32.9,31.9,32.8,33.7,33.9,34.1,33.9,33.1,32.9,34.1,34.0,32.7,32.2,34.0,33.3,33.2,33.5,33.3,32.5,32.7,32.4,33.4,33.2,31.5,32.9,32.8,33.4,32.4,32.4,33.8,33.4,33.1,32.9,33.3,32.5,32.5,34.3,34.0,34.4,32.6,33.6,33.9,33.1,33.2,33.5,32.8,33.1,32.4,32.5,32.5,31.5,32.8,32.0,32.2,33.1,32.6,32.8,34.0,32.6,31.7,32.4,33.1,34.0,33.2,33.5,32.8,33.1,32.0,32.9,34.8,33.1,33.1,33.8,32.7,33.0,33.5,32.9,33.3,33.5,31.9,33.0,32.6,32.2,32.2,32.4,33.0,32.3,32.3,33.0,32.8,31.7,32.6,33.0,32.3,33.3,33.5,33.5,34.6,34.8,32.9,35.1,33.6,33.7,33.1,33.9,34.7
1785303392.0846303,532,33.8,32.0,33.5,33.1,33.5,32.5,32.4,32.8,32.7,32.6,31.7,32.8,33.3,33.2,32.8,33.4,32.2,32.7,32.4,32.3,33.4,32.2,32.5,32.7,33.3,32.1,32.3,33.3,33.8,33.5,32.6,33.2,31.9,34.0,32.5,31.6,32.6,32.6,32.6,32.9,32.1,33.4,32.9,31.7,32.0,32.7,33.4,32.7,32.7,33.2,32.3,32.3,32.3,32.5,31.9,33.1,31.9,32.7,32.6,33.5,33.5,32.6,33.0,32.4,32.6,31.7,32.1,32.7,33.7,32.6,32.9,33.2,33.3,31.7,31.5,33.1,33.0,32.2,31.9,32.9,32.5,33.1,32.1,31.9,32.6,32.4,32.4,33.1,34.1,33.7,33.1,34.1,34.4,32.7,32.7,33.7,32.1,32.3,32.1,32.7,32.0,33.6,32.9,33.0,32.0,32.3,33.3,31.6,32.4,32.2,32.4,32.2,32.6,34.4,33.1,32.4,32.9,33.1,33.1,32.7,34.0,34.2,32.9,32.5,32.1,33.3,34.0,33.2,32.6,32.7,31.7,32.8,32.9,32.6,33.1,33.4,32.4,32.5,32.2,33.1,33.3,31.9,33.0,32.9,32.4,32.0,32.8,32.8,33.7,32.1,33.2,34.9,35.5,33.5,33.5,33.4,33.6,33.5,33.2,33.6,31.2,34.0,32.8,32.3,33.1,33.4,31.9,32.5,32.1,33.2,32.4,31.7,31.6,32.2,32.6,32.3,30.8,33.4,32.3,32.6,32.1,32.7,33.5,33.8,35.0,35.7,35.5,34.3,32.9,32.5,32.9,33.8,33.3,33.2,32.1,32.8,32.8,31.7,32.6,32.9,34.0,33.2,32.8,33.4,33.3,32.9,32.6,33.8,32.7,31.4,32.5,32.0,33.4,32.8,33.0,34.3,34.6,34.5,34.4,34.3,34.2,33.4,32.8,33.9,32.0,32.7,32.6,32.6,33.1,33.8,32.4,32.9,32.3,32.7,33.4,31.9,31.9,32.8,32.5,32.6,32.4,33.3,32.7,32.0,33.5,34.1,34.1,35.0,33.9,34.0,33.8,31.9,33.1,35.0,33.6,32.5,33.1,32.4,32.9,33.0,33.5,33.9,31.8,33.1,33.2,32.4,32.7,32.9,33.2,33.0,32.4,33.6,33.2,32.8,31.6,33.1,34.2,33.1,33.6,34.3,34.4,33.3,34.3,34.4,33.6,33.6,33.0,33.4,32.1,33.2,32.5,33.4,31.7,33.2,33.2,32.4,32.9,32.6,33.6,32.1,32.7,32.5,32.0,33.1,32.3,33.3,32.7,32.8,32.8,33.9,33.6,33.2,33.0,34.7,34.1,33.2,33.0,34.2,33.4,34.0,34.2,31.8,32.8,34.2,34.2,32.7,32.5,33.1,33.5,32.6,32.5,33.0,33.2,32.5,32.4,33.2,33.1,32.7,32.6,33.6,33.9,33.5,33.2,33.5,34.0,33.4,33.2,33.4,32.9,32.5,32.4,33.1,31.7,33.2,32.4,32.7,33.3,33.2,32.6,33.3,32.4,32.9,32.2,32.7,32.4,33.0,33.2,32.7,31.3,33.1,33.3,33.3,33.2,33.2,32.7,33.6,33.2,34.2,33.7,33.5,33.7,32.8,33.0,33.2,33.6,32.8,32.4,33.6,33.4,31.6,33.2,33.3,33.1,32.3,32.7,32.3,33.1,32.7,32.4,33.3,33.7,32.5,32.7,33.3,33.3,33.7,33.4,33.8,34.6,33.5,33.6,35.0,33.6,32.8,33.4,33.7,33.6,32.6,33.2,32.7,32.6,32.2,31.4,32.4,33.2,33.0,33.3,33.5,31.9,33.5,33.7,32.9,32.1,32.1,33.5,33.0,32.7,34.6,34.8,33.4,32.3,33.0,34.4,33.4,33.7,33.7,32.4,32.8,33.4,32.2,32.4,33.6,33.1,32.0,33.2,32.9,33.0,31.8,32.4,33.2,33.1,32.8,32.3,32.5,33.4,31.9,33.3,34.0,34.4,33.0,33.3,33.5,34.6,33.9,34.3,33.5,33.1,32.3,33.0,32.7,32.2,32.7,33.0,32.4,32.4,34.2,32.4,32.8,31.7,33.8,32.4,32.5,32.4,33.3,32.1,32.1,32.7,33.5,34.3,33.7,32.9,34.1,33.6,34.4,33.2,34.0,34.5,34.1,33.4,33.0,33.0,33.7,33.2,32.6,32.4,33.5,33.4,32.2,32.2,33.5,33.7,32.6,32.8,33.5,33.2,31.4,32.1,33.7,33.1,33.0,33.4,34.0,34.9,33.7,33.3,34.5,34.1,33.7,34.0,33.8,33.8,32.5,33.7,33.5,31.8,33.5,32.4,32.9,32.7,32.8,32.9,32.3,32.4,33.0,32.2,32.7,32.4,nan,32.2,33.0,33.5,33.7,34.0,33.7,33.1,35.0,32.6,33.2,33.1,33.9,34.3,33.4,34.0,34.1,34.8,32.3,33.7,32.2,32.9,32.5,33.3,32.9,33.6,34.4,34.0,32.5,32.2,33.2,33.1,32.2,33.0,33.2,33.8,33.2,33.8,35.3,35.4,34.2,32.6,33.4,33.8,33.4,33.5,35.1,32.7,33.0,34.3,32.9,32.3,33.6,33.3,32.8,32.4,33.7,33.8,32.9,32.8,32.3,32.6,33.2,32.0,32.7,33.2,33.5,33.1,33.5,33.4,34.2,33.3,33.4,33.1,32.5,32.9,33.7,33.1,33.4,34.0,34.1,33.3,33.1,33.8,32.9,32.2,34.0,32.9,32.4,32.4,32.8,33.0,33.5,32.1,33.0,33.6,32.5,32.8,33.4,32.8,33.3,33.8,33.5,34.3,33.2,33.7,33.0,32.2,33.0,33.9,34.8,34.3,32.6,32.9,33.5,32.9,34.3,34.4,33.4,32.8,34.3,32.6,34.0,33.1,32.9,33.8,33.7,32.1,33.6,33.5,33.1,32.6,33.2,32.9,33.1,33.8,34.8,32.9,33.3,32.5,32.9,33.5,33.8,33.3,34.0,33.5,34.4,33.4,33.3,32.4,32.9,33.5,32.3,32.5,33.4,33.3,32.3,32.8,33.6,32.9,31.9,32.8,32.9,34.0,32.1,32.9,33.8,34.6,33.4,33.0,33.6,33.7,32.8,33.9,33.5,34.5,34.1,34.0,35.4,32.4,34.4,33.0,32.5,32.4,34.5,32.7,32.8,32.0,33.1,33.1,33.7,32.9,32.3,32.5,32.9,32.5,33.5,33.0,33.4,32.3,33.5,33.6,33.7,32.8,33.9,32.2,33.0,32.4,34.4,32.7,34.3
1785303393.9357727,533,32.8,32.1,32.8,32.2,32.6,30.8,32.2,32.1,31.5,32.3,32.7,32.6,32.4,32.6,32.4,32.6,32.8,31.9,32.2,31.5,32.6,32.7,31.9,33.6,30.9,32.4,31.6,32.6,33.6,33.2,31.9,33.5,32.3,30.3,32.1,32.8,33.3,31.3,31.9,31.9,32.4,32.4,31.1,32.4,31.9,32.7,31.2,32.5,32.8,31.8,32.4,32.5,32.6,33.1,32.8,33.1,32.2,31.5,33.4,32.4,33.9,32.4,33.4,32.4,31.3,31.6,31.6,32.4,32.5,32.1,32.5,32.9,32.4,32.2,32.6,32.5,32.1,31.8,33.3,32.3,32.6,32.0,32.4,33.0,32.1,33.1,33.5,33.1,33.3,32.8,32.5,33.3,32.7,32.0,32.2,33.1,32.7,32.6,32.7,33.8,31.7,31.9,32.4,33.2,32.3,32.5,32.7,31.6,32.5,31.3,32.2,32.9,33.1,32.7,32.0,32.9,32.7,32.2,32.7,33.1,33.8,32.5,33.4,33.9,33.2,32.2,31.8,34.5,31.7,32.6,32.0,32.5,32.1,31.5,32.7,32.4,32.6,32.1,32.3,33.2,32.0,32.7,32.5,32.0,32.4,32.1,32.8,32.2,32.2,32.2,33.4,34.0,34.4,33.8,33.5,33.7,32.4,33.2,32.7,34.0,33.2,31.8,32.5,33.8,33.2,32.4,32.2,32.7,32.4,32.4,33.1,32.2,32.2,31.6,32.9,32.3,31.3,32.1,32.6,34.1,32.3,32.2,34.4,34.3,35.3,34.3,35.1,34.3,33.1,32.5,31.3,32.7,32.2,31.7,32.5,32.5,32.6,31.3,32.3,33.4,32.6,33.0,33.0,33.0,32.1,32.2,32.9,32.4,32.6,32.3,32.0,33.0,32.4,33.1,33.2,34.1,32.9,33.4,33.7,34.0,32.3,33.3,31.9,32.9,32.5,31.2,33.0,32.4,32.7,31.9,33.1,32.9,32.6,32.4,32.7,32.3,32.9,32.3,32.9,33.1,32.9,32.0,32.5,32.8,32.8,32.6,33.6,35.0,33.3,33.5,33.4,33.7,33.8,33.3,32.6,33.2,31.6,33.6,32.9,32.9,31.5,32.2,32.3,32.5,31.7,32.5,32.4,32.4,32.6,32.1,33.1,31.9,32.1,32.9,32.6,32.4,32.4,32.6,32.9,33.6,32.5,32.1,33.4,32.9,32.9,34.0,33.6,33.9,33.0,31.1,33.4,32.3,32.5,31.9,32.0,33.6,33.0,32.3,32.6,32.8,32.1,31.4,32.4,33.5,32.6,32.0,32.9,33.0,32.8,33.0,33.6,34.0,32.8,34.0,34.5,33.7,34.0,33.3,33.1,33.4,32.5,32.1,33.0,32.5,32.6,32.7,32.6,32.7,32.1,32.9,32.2,32.6,31.6,32.3,33.4,32.2,32.6,32.9,32.7,32.6,33.1,32.8,32.6,32.9,33.0,33.3,33.0,32.8,33.1,32.0,32.0,33.2,33.0,31.3,32.9,32.7,32.7,31.6,32.8,33.1,32.7,32.3,32.8,32.7,32.8,31.9,33.0,33.8,31.7,32.7,33.6,32.7,33.3,33.2,33.8,33.5,33.4,33.7,33.1,33.5,33.0,32.1,32.9,32.6,32.4,32.3,32.2,32.6,32.9,32.5,31.8,32.3,31.7,32.1,32.0,32.7,31.6,32.1,32.6,32.5,31.7,32.0,33.5,33.9,33.3,33.8,35.1,33.8,33.6,33.0,33.8,33.7,32.4,33.5,33.0,33.2,33.1,32.2,31.7,33.3,32.0,32.0,33.3,33.1,32.3,31.6,32.0,32.7,32.7,32.4,31.9,32.9,32.3,32.5,32.4,33.5,33.3,33.5,33.3,33.0,32.8,33.0,34.2,33.6,32.2,33.0,32.3,31.9,31.7,32.3,32.6,34.1,31.3,32.5,33.4,33.4,32.4,32.4,32.8,32.1,31.8,32.8,32.6,33.3,32.5,32.5,33.6,35.0,33.2,33.7,34.6,33.0,33.4,33.6,33.8,33.7,32.9,33.0,32.4,32.8,32.3,31.7,33.1,31.8,31.9,32.7,32.7,33.0,32.5,33.0,32.5,32.8,33.2,32.2,33.2,31.9,32.8,32.1,34.9,34.3,33.6,32.9,35.2,32.9,33.3,32.7,33.9,33.4,33.1,32.8,32.9,33.1,33.2,33.0,32.6,33.0,33.1,32.1,32.2,32.4,31.7,33.2,32.1,32.8,32.4,33.4,32.4,32.0,32.3,32.5,34.2,33.6,33.1,33.6,33.8,34.3,32.4,33.7,34.9,33.9,33.1,33.7,33.3,32.6,32.3,32.0,32.5,32.9,32.7,32.1,32.6,31.7,32.3,32.5,32.3,33.0,33.2,nan,32.5,33.3,32.2,33.2,33.7,34.2,33.3,33.2,34.2,34.4,34.7,33.2,34.3,34.0,33.4,32.8,33.9,34.3,32.2,32.3,32.9,32.7,32.0,32.9,32.2,33.5,32.1,31.7,32.6,33.1,32.8,32.0,32.3,33.6,32.8,33.1,34.4,33.8,33.4,33.2,33.3,33.3,33.1,33.5,33.1,34.8,32.5,32.6,32.9,33.0,33.0,31.7,32.6,33.0,32.5,32.8,32.4,32.9,32.5,32.2,33.4,32.7,32.8,32.1,32.4,33.5,32.4,32.7,33.6,34.2,33.7,33.1,33.2,33.4,33.2,31.4,33.7,34.0,33.7,32.2,33.2,33.1,33.2,33.2,31.4,34.1,32.9,32.9,31.8,32.6,33.3,33.3,31.9,32.6,33.1,32.8,32.8,33.0,32.6,32.3,33.3,33.5,33.6,34.2,33.1,32.1,32.4,32.8,33.5,34.9,32.6,32.9,32.6,33.4,32.8,31.9,32.9,34.1,33.9,32.1,32.9,32.7,32.3,32.2,32.1,32.5,32.6,31.5,33.1,31.9,32.9,32.6,33.1,33.1,33.7,32.9,33.4,33.6,32.7,32.3,33.8,33.5,33.6,32.8,32.5,33.5,32.9,32.5,32.6,33.3,32.1,32.8,32.7,33.1,31.7,33.1,32.2,33.2,33.3,32.6,32.8,33.0,32.2,31.4,32.2,33.9,32.8,32.5,33.1,32.4,33.1,32.8,35.1,32.4,33.5,33.8,34.5,33.2,32.3,31.9,33.1,32.9,32.8,31.3,33.2,33.4,32.6,32.9,33.7,33.0,32.6,32.3,33.7,33.1,32.8,31.6,33.7,33.4,33.7,32.4,33.5,33.3,32.6,31.6,32.5,34.2,33.3,32.3,33.7,33.8
1785303396.086867,534,33.7,33.9,32.1,32.1,32.3,33.0,31.9,33.7,33.4,33.2,33.2,32.5,31.9,32.1,32.6,33.1,32.7,32.0,32.3,32.7,33.1,33.9,32.8,32.5,33.4,33.5,33.5,33.8,34.2,33.3,31.5,32.4,33.5,32.1,31.3,32.5,33.0,31.7,31.8,31.2,32.9,31.5,32.7,32.7,32.0,32.8,32.2,33.1,33.1,32.8,32.7,32.1,32.7,32.9,32.2,31.0,33.3,33.0,32.9,32.8,33.1,32.5,33.0,32.3,33.2,33.7,31.8,33.0,32.6,33.4,32.4,32.6,32.4,33.4,32.8,32.9,33.2,32.9,32.5,32.7,32.9,32.9,32.9,32.6,33.2,32.6,32.5,32.2,33.2,33.7,32.6,33.4,33.9,32.5,31.4,32.8,33.6,31.5,32.6,33.0,34.1,33.3,32.5,31.9,33.5,32.9,32.4,32.6,32.8,32.1,33.3,33.1,33.0,33.6,33.3,32.8,33.6,31.8,32.2,33.5,34.2,34.1,32.3,33.2,33.3,33.0,33.3,32.6,33.2,32.7,32.1,33.4,32.4,32.6,32.2,32.1,33.0,32.2,32.9,32.8,32.6,32.8,32.4,32.3,33.4,32.3,32.0,32.6,33.3,33.3,34.0,33.5,35.2,35.1,33.6,33.6,33.7,33.7,32.6,33.2,33.5,33.5,33.0,31.6,33.9,32.9,32.1,32.9,33.0,33.1,32.4,32.4,33.3,32.3,33.0,32.7,32.8,32.3,33.1,32.5,33.7,32.8,33.1,33.7,35.4,34.4,34.1,35.5,33.0,33.6,32.5,32.4,33.0,33.6,33.0,32.8,33.2,32.7,32.9,32.9,33.2,33.2,31.9,32.9,33.1,33.1,32.8,33.1,32.5,32.5,32.6,32.4,33.0,33.0,33.8,35.2,35.0,34.9,33.6,33.5,33.3,33.0,33.9,34.1,32.4,32.8,32.9,32.5,32.8,32.0,33.0,32.3,32.8,33.0,31.9,33.3,33.5,32.0,32.8,32.9,32.8,32.8,31.7,32.2,33.7,33.0,33.2,33.3,34.4,34.1,33.1,34.0,33.4,34.0,31.7,32.6,32.4,32.4,33.2,32.4,32.5,33.6,32.6,32.2,33.1,32.9,32.1,32.9,32.3,33.3,32.8,32.6,32.3,33.1,32.3,32.7,33.4,33.8,33.5,33.3,34.1,34.4,33.1,34.1,33.3,33.9,32.7,32.6,33.8,33.1,32.7,31.8,34.2,32.2,32.8,32.8,32.7,31.6,32.0,33.3,32.8,32.7,31.7,33.0,33.3,32.8,33.0,33.5,33.2,33.4,32.5,33.2,32.8,33.9,32.3,33.3,33.2,34.3,32.6,32.9,32.8,32.6,32.7,33.0,34.3,34.5,32.4,32.6,32.4,33.1,33.4,32.7,33.4,33.0,32.1,32.1,32.5,33.0,32.3,33.0,33.0,33.6,33.1,32.8,34.1,33.7,32.6,33.4,33.3,33.0,32.3,32.9,32.7,34.1,33.0,33.9,32.4,32.8,31.8,33.0,33.0,32.8,32.9,32.4,33.0,32.1,33.5,31.8,32.7,32.7,32.5,33.2,34.1,34.2,34.2,33.2,33.3,33.6,33.4,32.4,32.5,32.5,32.8,32.9,33.1,33.1,32.9,32.7,32.6,32.6,31.5,32.4,33.9,32.6,32.6,32.5,32.8,32.7,32.2,32.9,33.8,32.4,32.8,34.1,33.8,33.7,34.1,33.0,34.6,33.7,33.5,33.4,33.2,32.9,31.9,32.5,32.5,33.3,32.4,32.0,33.2,33.3,32.7,32.0,32.7,32.7,32.0,32.2,33.2,33.1,32.6,32.6,33.2,32.8,33.1,34.0,33.5,33.5,33.7,33.6,34.0,33.2,33.7,33.4,33.0,32.7,32.0,32.5,32.9,33.3,33.1,33.5,31.9,32.0,32.8,32.9,32.8,33.1,32.5,33.0,33.0,32.7,32.5,32.9,32.7,33.5,33.6,33.7,33.6,34.0,33.2,33.5,34.5,33.5,33.3,34.3,33.0,33.0,32.9,33.3,33.1,33.4,33.0,32.8,32.0,31.7,32.9,32.3,33.2,32.0,33.2,32.1,32.9,32.9,32.1,33.3,32.9,33.1,33.2,33.3,33.7,33.6,33.2,33.3,34.0,32.9,33.4,33.6,33.4,33.1,33.0,33.0,32.5,33.9,32.1,32.6,33.0,32.4,31.9,33.2,33.1,32.6,33.0,32.5,33.4,33.3,32.5,32.5,33.6,33.5,33.1,33.0,34.3,34.3,33.0,33.5,33.7,34.4,34.0,34.5,33.9,33.8,33.6,33.1,33.5,33.2,32.2,32.6,32.6,32.5,32.0,32.0,32.7,32.7,32.7,32.7,33.1,nan,32.3,32.4,33.6,33.9,34.5,34.9,33.9,34.4,32.9,32.8,34.5,34.5,33.4,34.2,33.8,33.6,33.2,32.6,33.0,32.7,31.9,33.0,33.4,33.5,32.4,33.2,32.8,33.5,32.8,33.7,33.2,32.8,32.8,32.9,33.0,32.9,33.7,33.9,33.7,34.2,33.3,33.7,32.6,33.6,33.7,34.9,33.5,34.2,33.2,33.7,33.4,32.4,32.7,33.1,32.0,32.7,32.5,33.1,33.6,31.9,32.3,33.1,33.1,31.6,32.8,33.3,33.3,32.6,34.1,33.5,33.9,34.6,32.9,33.1,32.9,32.7,33.6,34.4,33.6,33.5,32.9,33.4,33.3,34.0,32.8,33.2,32.4,34.3,31.7,33.4,32.7,32.3,32.7,33.2,33.5,33.1,32.8,33.6,33.5,33.5,33.3,32.5,34.2,33.6,34.1,33.6,33.4,33.2,32.6,33.5,35.0,34.4,33.2,34.2,33.2,33.7,33.2,32.9,32.8,33.3,32.8,32.8,32.2,32.1,32.8,32.0,33.0,33.1,33.0,33.0,33.5,33.6,33.0,32.8,34.3,33.8,33.7,32.8,32.6,33.5,32.7,33.3,34.3,34.1,32.7,34.0,32.6,33.8,32.5,32.5,34.0,33.1,31.1,32.1,33.0,32.9,32.3,33.6,32.7,32.8,32.3,33.4,32.8,33.7,31.6,33.1,33.4,34.1,33.4,32.7,34.5,32.5,34.0,32.7,33.2,34.1,33.7,33.3,33.3,32.0,33.1,32.8,33.5,33.8,32.9,32.7,32.9,33.2,32.4,32.7,33.4,32.9,32.9,32.3,32.3,33.0,32.5,32.7,34.3,33.2,33.4,33.8,33.4,34.1,33.6,32.9,34.4,33.2,33.2,33.0
1785303398.2315953,535,33.2,31.7,31.1,33.6,32.7,32.5,32.5,32.2,31.6,32.8,33.8,32.7,31.2,32.5,32.5,33.1,31.8,32.1,32.3,32.5,31.6,31.6,32.6,32.5,32.4,32.3,33.7,32.7,31.9,32.6,34.0,33.7,33.5,31.3,32.7,32.3,33.0,31.7,32.8,32.4,32.7,31.7,32.1,32.5,32.6,32.4,33.6,32.0,32.5,32.2,32.7,32.8,32.2,32.8,32.7,33.4,32.3,32.8,32.6,33.4,32.9,31.1,33.3,32.3,32.0,32.2,32.0,32.5,31.9,33.2,31.8,33.4,31.9,32.7,32.9,32.5,32.0,33.1,31.8,32.2,31.5,32.5,32.3,32.7,32.0,32.1,32.7,33.1,32.3,32.5,32.4,33.3,33.3,31.4,33.0,33.0,32.6,33.0,32.8,31.7,32.2,31.6,32.5,32.1,32.7,31.8,32.9,31.5,32.1,31.7,32.7,32.6,32.8,32.6,31.7,32.1,33.1,31.9,32.6,32.5,32.7,33.7,33.9,32.6,32.9,32.6,34.0,33.5,31.6,33.2,32.1,34.1,32.0,32.0,33.0,32.5,32.2,32.7,32.5,32.4,32.2,32.1,33.2,32.3,31.8,32.8,32.9,32.8,32.9,32.4,33.3,34.0,34.3,33.8,33.4,32.8,33.1,32.5,32.4,33.0,33.3,31.0,32.8,31.6,32.9,32.3,33.8,32.4,31.9,32.1,32.9,31.8,32.8,32.1,32.8,32.5,33.1,32.2,32.5,32.2,32.5,32.0,34.3,34.7,35.4,33.9,33.7,34.9,33.9,32.6,32.5,33.5,31.9,32.7,32.0,32.2,31.5,33.2,32.5,32.3,32.4,32.2,32.6,32.6,32.3,32.1,32.3,32.5,31.9,33.0,31.8,33.3,32.8,32.8,33.9,34.3,34.8,33.7,34.4,33.3,34.1,34.3,33.9,33.7,33.5,32.4,32.9,32.7,31.8,32.7,32.8,33.0,32.6,31.9,32.3,32.8,33.0,31.7,32.8,32.5,32.4,31.9,33.0,32.6,33.8,33.0,33.8,32.3,34.0,32.7,33.3,33.2,34.5,34.4,34.0,33.1,31.7,33.0,32.6,33.4,32.3,32.3,31.5,33.8,33.4,32.2,31.3,33.1,32.2,32.6,32.0,33.3,32.5,33.0,32.3,33.0,32.6,33.8,33.8,33.5,33.4,33.0,32.9,32.6,33.1,33.7,32.9,32.4,33.1,32.3,33.7,32.8,32.4,33.3,32.1,33.2,33.0,32.2,33.0,32.0,33.0,32.4,33.1,32.7,32.5,32.2,32.8,33.0,33.2,32.6,33.6,33.6,33.5,33.6,33.9,32.2,33.0,32.5,33.0,32.5,32.0,32.2,33.5,32.4,31.8,32.9,31.5,33.5,33.6,32.6,32.1,32.8,32.0,33.3,32.3,32.4,31.4,33.0,32.0,33.0,33.1,33.0,33.4,32.2,32.9,34.0,33.1,33.8,31.3,31.9,32.1,32.7,32.3,31.9,33.7,31.2,32.8,32.1,32.6,32.0,33.4,32.2,31.8,32.9,32.7,31.8,32.8,31.9,32.7,32.9,32.7,33.2,34.3,33.7,33.6,33.7,33.3,33.9,32.8,34.0,33.7,32.5,32.6,32.9,32.3,33.2,31.9,32.9,32.8,32.9,32.4,32.7,32.3,32.6,32.1,33.4,32.3,32.8,33.3,33.5,33.5,32.7,32.8,33.5,34.1,32.9,32.8,34.5,33.3,33.7,33.1,32.0,33.4,32.5,33.1,33.5,33.4,32.1,32.4,32.6,32.8,31.5,32.8,32.9,33.0,32.4,33.5,32.2,32.6,32.3,32.7,31.8,32.4,32.6,33.1,33.2,32.9,32.8,34.0,33.4,33.3,33.4,34.1,34.0,32.3,32.0,33.0,32.4,32.9,33.0,33.5,33.1,32.4,34.2,32.6,32.4,32.1,33.1,32.0,32.5,32.5,32.3,32.3,33.5,33.3,33.0,33.3,34.1,32.6,32.4,33.7,33.8,33.0,34.4,33.9,33.0,33.0,33.4,32.7,32.5,33.7,32.4,32.2,33.6,33.3,32.3,32.7,32.5,32.9,32.2,32.7,32.7,33.1,32.1,33.0,33.1,33.2,32.5,32.7,33.4,33.4,34.1,33.4,34.1,34.2,33.3,35.0,33.5,32.7,32.4,32.8,33.8,32.1,32.8,32.9,33.3,32.6,32.5,32.3,32.3,33.0,33.5,32.7,32.5,32.8,33.0,32.8,32.9,33.5,33.5,33.2,33.8,33.8,33.2,33.4,33.5,33.0,34.1,35.1,34.1,33.6,33.4,33.4,34.5,33.1,32.5,32.0,31.7,32.5,32.0,32.9,32.9,33.6,32.1,32.7,33.1,33.1,nan,32.4,32.0,33.1,33.4,34.3,34.1,34.5,34.2,33.4,33.5,35.1,33.1,34.0,33.9,33.5,32.9,32.2,33.2,32.1,33.5,33.6,33.5,32.1,32.6,32.6,33.3,31.8,33.0,33.0,33.3,31.5,32.2,32.5,33.5,32.4,33.3,33.8,33.7,33.3,33.9,34.2,33.7,32.7,32.8,33.7,34.2,32.2,34.0,33.2,33.3,33.1,33.3,33.5,32.5,33.5,31.6,32.7,32.2,32.9,31.9,34.0,32.7,32.3,31.8,31.8,32.3,32.6,32.5,34.1,34.3,33.3,33.8,32.2,33.1,32.7,32.9,34.4,33.3,33.3,32.5,33.1,33.8,32.6,34.0,32.1,34.0,32.1,33.3,31.7,33.2,32.0,32.6,33.4,32.3,32.9,33.5,33.4,33.4,32.7,33.7,33.5,33.5,33.7,34.1,33.2,31.8,32.9,33.2,33.8,33.3,32.3,33.2,33.8,33.1,32.9,32.2,33.2,32.5,33.2,32.4,32.6,33.0,33.1,32.1,32.6,32.4,33.0,32.8,34.0,33.2,33.3,32.0,32.8,33.7,33.3,33.3,33.7,32.8,32.0,33.5,33.1,33.6,33.3,33.1,34.1,33.6,31.9,33.3,31.9,34.0,32.6,33.1,32.6,32.6,31.4,33.8,32.5,32.5,33.0,32.5,33.2,33.2,33.0,31.8,32.5,33.4,32.5,32.9,33.4,33.0,33.4,32.8,34.6,33.7,33.8,34.1,34.4,34.2,33.8,31.6,33.7,32.4,33.6,33.4,32.3,33.3,33.1,32.1,32.9,32.9,32.7,32.2,33.2,33.6,33.0,32.9,33.2,33.1,33.0,32.9,33.2,34.0,34.0,32.6,34.4,32.9,33.2,32.2,32.5,33.8
1785303400.592391,536,31.7,31.5,32.5,33.0,32.4,31.9,33.9,33.5,32.1,32.1,31.9,33.5,32.4,33.3,32.6,32.8,32.6,32.4,32.9,32.6,33.0,32.3,32.9,33.4,32.7,32.8,32.3,33.7,34.3,32.3,32.9,32.3,32.0,31.9,33.1,33.1,32.7,32.6,32.7,32.1,33.2,32.0,32.8,32.0,32.5,32.1,33.0,32.9,32.7,32.0,33.0,31.8,33.0,32.9,33.2,32.9,31.6,32.3,34.2,33.1,33.2,33.3,33.6,33.6,31.3,32.3,31.9,33.3,32.7,33.5,32.3,33.1,31.8,31.6,31.8,32.6,32.1,32.8,31.9,32.5,32.3,33.3,31.7,32.8,33.0,32.5,32.4,33.2,33.0,33.8,32.5,34.3,33.6,32.4,32.7,33.1,32.4,32.8,33.3,33.3,31.9,33.4,33.8,33.0,32.8,33.0,32.1,31.8,32.7,32.2,32.5,32.0,32.9,33.2,32.2,32.7,32.7,32.9,33.4,32.7,33.8,33.3,33.6,33.3,33.2,32.2,33.4,34.3,32.9,32.1,32.8,32.4,32.1,31.3,32.0,33.3,31.5,32.8,32.8,32.8,32.1,33.2,32.8,33.4,32.3,31.9,32.3,32.7,31.8,32.7,32.5,34.1,33.7,33.9,33.2,33.3,34.0,33.2,32.9,33.5,33.4,32.2,31.8,33.0,33.2,33.2,32.4,31.5,33.1,32.0,32.7,32.7,33.2,33.2,33.1,33.8,32.9,32.3,32.2,32.6,32.1,32.2,33.4,34.5,34.6,33.4,33.6,33.9,33.4,33.3,33.2,33.0,31.3,32.8,31.9,34.3,31.8,32.8,32.8,31.7,32.8,33.2,33.3,32.7,32.0,32.5,32.7,33.2,31.6,32.4,31.9,33.4,32.9,33.1,33.5,35.1,34.1,35.5,33.5,34.0,34.0,33.9,33.6,33.8,31.6,32.5,33.4,32.0,32.3,32.5,33.2,31.8,33.1,33.2,32.2,32.3,32.3,32.4,32.9,31.8,32.6,32.0,32.6,32.3,33.1,33.7,33.9,34.0,34.5,33.7,33.6,33.2,33.8,33.9,32.6,33.0,32.1,32.9,33.1,33.3,32.2,32.4,32.0,33.4,33.0,33.0,32.8,31.9,32.4,32.1,32.3,33.1,32.7,32.3,32.1,32.9,33.2,33.6,33.4,33.3,33.9,33.8,32.5,33.8,33.6,32.2,32.6,33.3,33.2,33.0,32.2,32.8,33.4,32.3,33.6,32.9,33.3,32.2,32.6,33.8,32.8,31.8,32.9,32.6,33.1,31.5,32.6,33.3,33.6,33.0,33.4,33.8,33.9,33.1,32.8,33.7,33.5,33.1,32.9,33.0,32.7,33.1,33.4,32.1,33.0,33.4,31.7,33.1,32.4,33.4,33.0,33.6,32.7,33.4,32.4,33.1,31.8,32.6,33.2,32.9,34.2,32.8,32.7,34.1,33.4,33.8,33.0,33.7,32.0,32.8,33.2,33.8,33.0,33.0,33.3,31.7,32.0,33.1,33.1,32.9,32.5,32.3,31.6,32.3,34.1,32.2,32.6,33.1,32.2,33.0,32.6,33.1,33.4,33.0,34.6,33.8,32.9,33.5,33.8,32.8,33.1,32.2,32.5,33.0,31.7,31.7,31.6,32.8,32.7,32.5,32.9,33.2,32.2,32.4,32.7,32.4,32.6,33.1,33.1,33.7,32.9,32.6,32.7,34.1,33.1,34.1,32.9,33.3,33.1,33.3,33.6,34.2,32.7,32.6,32.4,34.2,33.3,33.6,32.7,32.3,32.6,32.9,32.9,32.8,32.1,33.4,32.5,31.7,33.0,32.2,33.0,32.9,33.4,32.7,33.5,33.3,33.3,33.3,33.2,33.0,33.9,33.2,33.3,32.8,33.1,32.8,32.9,32.4,32.4,33.6,33.4,32.8,32.7,33.7,32.0,33.0,32.6,32.6,33.1,33.3,32.9,32.9,32.0,32.6,32.9,32.4,33.3,34.4,33.9,32.9,33.4,33.9,33.4,33.0,33.8,33.6,33.1,33.1,33.2,33.8,33.1,33.5,33.1,33.5,32.3,32.2,33.0,32.6,32.5,32.6,31.5,32.5,32.4,32.7,32.5,32.2,32.5,32.7,34.4,33.7,33.3,33.4,33.3,33.9,34.3,33.5,34.4,34.6,33.3,32.6,33.3,32.5,32.4,32.7,32.8,33.6,31.9,31.7,32.0,32.9,32.2,33.2,33.1,32.8,32.6,32.3,32.3,33.0,33.1,33.3,32.6,34.6,33.6,33.6,33.1,33.5,34.3,34.3,34.1,34.4,32.6,33.7,32.4,34.8,32.5,31.8,32.9,31.6,32.6,31.5,33.9,32.8,33.3,33.4,32.2,32.2,32.6,nan,32.7,32.5,32.8,33.0,34.8,33.9,34.0,34.7,33.9,33.2,34.2,33.7,34.8,34.7,33.4,33.7,33.7,33.3,32.7,32.8,32.0,33.8,32.3,32.5,32.9,33.8,32.7,33.1,32.9,32.9,32.8,33.1,32.3,33.1,32.1,32.9,34.1,34.6,33.4,34.0,32.6,33.6,33.3,33.3,33.1,33.9,34.4,33.5,33.1,33.2,33.2,31.9,32.3,33.4,31.5,32.4,33.2,33.2,33.0,32.2,33.1,32.3,32.7,32.4,32.4,32.5,32.4,33.2,33.6,33.9,33.9,32.9,32.7,33.6,32.1,32.8,32.8,34.2,33.2,32.8,33.2,33.5,33.8,33.8,33.1,34.9,32.7,32.8,32.6,33.3,32.1,32.9,33.3,33.6,32.6,33.0,33.3,33.5,32.8,31.6,33.6,34.0,34.3,33.7,34.0,33.3,32.2,33.7,33.5,33.9,33.3,33.7,33.1,33.2,32.1,32.5,34.7,33.4,32.9,32.6,32.2,33.4,32.3,32.0,32.2,33.2,31.7,32.6,33.8,32.6,33.2,33.2,33.2,32.8,33.7,33.6,33.4,33.4,32.3,33.0,34.0,34.2,33.2,33.4,33.6,32.8,33.1,34.6,34.2,34.6,31.9,32.8,31.8,33.1,32.6,33.5,33.0,33.1,32.2,33.3,33.1,33.5,32.6,32.6,33.1,34.0,33.3,32.8,32.8,34.4,32.8,32.8,32.7,34.0,32.9,33.5,34.2,33.9,33.0,32.6,32.2,33.3,32.1,33.1,32.4,32.8,32.6,32.9,32.6,33.1,33.9,33.1,33.0,32.8,32.9,31.6,33.0,33.0,32.6,32.8,34.9,33.5,33.9,33.5,33.7,34.0,33.3,34.0,33.9,34.3
1785303402.4406707,537,33.2,30.9,33.4,32.1,33.1,31.1,32.3,33.2,31.6,31.6,31.8,32.4,32.3,31.4,31.9,31.4,32.3,31.4,32.6,33.3,32.1,32.9,33.2,32.9,32.6,33.1,33.2,32.4,33.5,32.2,31.5,32.4,32.7,32.1,32.7,32.7,32.3,31.7,32.8,32.6,32.3,32.5,33.2,32.7,32.9,32.0,32.7,32.9,31.5,31.9,33.0,32.6,31.2,32.4,33.5,32.6,31.9,32.4,33.5,33.2,32.9,33.2,32.5,31.8,33.9,31.7,32.5,32.7,33.0,31.9,32.6,33.2,32.8,31.5,31.9,31.4,33.0,32.3,32.3,33.1,32.2,32.5,31.6,32.9,32.4,31.3,32.9,32.9,33.0,33.5,32.6,32.9,33.9,32.3,32.8,33.0,32.1,34.6,31.6,32.3,31.8,32.2,33.5,32.3,32.1,32.7,32.0,32.7,32.0,33.1,31.7,31.7,32.3,33.3,32.8,33.3,31.9,33.5,32.6,33.2,32.5,33.9,33.5,33.2,33.3,32.5,32.9,33.3,34.2,31.5,31.8,31.9,32.4,31.8,33.0,32.8,32.7,31.6,31.6,32.6,32.4,32.4,32.5,32.9,32.2,32.6,32.5,32.1,32.6,32.9,33.4,34.0,33.8,33.5,33.0,34.1,33.1,32.9,32.8,33.8,31.6,33.5,33.0,32.9,31.7,33.1,32.1,31.6,31.5,32.2,33.1,32.6,32.1,32.3,32.9,32.8,31.1,33.1,32.4,32.8,32.3,33.8,34.5,34.5,33.8,33.8,34.2,33.2,31.4,33.0,33.7,34.4,32.8,32.0,33.2,33.0,32.7,31.9,32.7,32.7,32.3,32.5,32.2,33.1,32.9,32.6,33.4,32.9,31.7,32.6,31.8,33.6,32.8,32.6,34.4,34.5,33.8,32.8,33.4,33.3,34.3,33.5,33.3,34.3,31.7,32.2,31.6,32.3,31.2,32.7,32.4,32.1,31.7,32.6,32.6,32.5,32.2,32.3,32.7,32.4,31.6,32.8,32.5,32.9,33.0,33.5,32.8,33.3,33.5,33.9,33.3,33.2,33.3,34.3,33.1,33.1,33.0,31.9,32.2,32.8,33.6,32.8,32.4,33.3,33.4,31.5,31.9,32.4,32.3,32.0,31.3,32.6,33.1,32.0,32.8,33.1,33.3,32.2,33.5,33.3,33.8,33.0,32.9,33.3,33.9,32.2,33.3,32.4,31.8,33.9,32.7,31.4,31.6,33.3,33.0,33.5,32.7,33.1,32.4,32.2,32.5,31.9,33.4,33.5,32.3,32.7,33.6,32.6,33.0,34.2,33.8,33.7,32.1,33.4,31.9,32.9,32.6,32.8,32.7,32.9,31.5,32.6,33.3,33.0,31.6,33.1,32.3,33.5,32.4,32.3,32.7,32.6,33.4,32.5,33.1,32.7,32.9,32.3,33.1,33.0,32.8,33.3,33.3,34.1,34.1,33.2,33.3,33.0,33.3,32.5,32.9,32.6,31.6,33.7,33.1,32.5,32.0,32.4,33.0,32.5,32.5,32.8,32.0,32.5,32.1,32.5,33.0,32.4,33.0,31.7,32.8,32.7,33.6,34.5,33.5,33.5,32.8,33.1,33.7,33.6,31.9,32.1,32.6,32.3,33.1,32.6,32.1,33.2,32.2,30.9,31.7,31.7,33.3,31.6,31.9,32.6,33.0,32.2,33.4,32.2,33.4,32.0,33.4,34.0,33.9,33.8,33.6,34.5,34.5,32.5,33.1,33.2,33.3,31.5,32.9,32.3,32.1,33.7,32.0,33.7,31.9,32.8,33.0,32.7,32.8,33.7,32.7,32.5,31.9,32.9,32.7,32.1,32.5,32.4,34.3,33.4,33.0,34.3,33.4,33.6,32.8,33.2,34.4,33.1,32.6,32.7,32.6,32.9,33.1,31.8,33.1,32.1,33.1,32.0,33.5,32.6,32.3,32.0,32.1,32.8,32.7,32.5,33.3,33.0,33.0,33.6,33.6,34.0,33.8,32.8,33.5,33.0,33.6,32.8,33.7,34.4,33.0,32.3,34.3,32.9,31.5,32.8,32.6,32.0,32.2,32.8,33.8,32.9,31.4,33.7,32.2,32.6,31.9,32.1,33.0,33.4,32.1,33.4,34.1,33.6,33.2,33.2,33.5,33.9,32.7,33.6,35.1,34.5,32.5,34.0,33.0,32.8,33.1,31.6,33.1,32.9,32.6,32.0,32.2,32.1,32.6,32.1,33.0,33.0,32.6,31.7,32.5,33.0,33.6,32.3,33.3,34.8,33.6,33.8,33.5,33.5,32.8,32.7,33.1,34.5,34.7,33.0,34.6,33.7,32.0,33.4,32.4,33.2,31.2,32.7,32.5,32.5,32.5,32.6,33.0,34.1,31.9,nan,33.0,33.1,32.2,33.4,33.8,34.3,32.6,33.4,33.4,33.8,34.4,34.6,34.5,33.5,33.1,33.1,32.6,34.2,33.6,32.6,33.1,33.7,33.2,32.2,32.4,32.6,33.2,31.9,31.6,33.2,32.8,32.0,32.2,32.3,32.7,32.5,34.3,33.7,33.3,34.0,32.8,33.5,32.6,32.5,33.7,34.3,34.8,33.2,33.8,32.5,31.8,32.4,32.4,34.1,33.5,32.9,33.4,32.7,32.1,32.9,32.9,33.2,33.1,32.4,33.4,31.4,33.4,32.6,33.3,33.8,33.1,33.9,32.7,33.8,33.1,32.5,33.4,34.0,33.1,32.5,32.9,33.2,33.5,32.4,34.0,33.5,33.0,32.7,32.3,33.0,32.3,32.6,33.4,32.8,32.7,31.5,34.0,32.5,33.0,32.5,33.0,33.2,33.2,33.2,33.4,32.1,32.3,32.5,33.4,33.3,34.6,32.2,34.7,34.2,32.5,33.3,33.6,33.1,32.0,32.9,32.4,32.2,32.9,32.8,33.5,33.4,31.9,33.6,33.1,32.7,32.9,33.0,33.5,33.2,33.4,33.6,33.3,32.1,31.5,32.4,33.6,33.9,32.9,33.5,33.7,33.4,32.1,31.0,31.9,31.8,32.6,31.5,32.6,32.2,32.7,32.8,32.7,34.1,33.2,32.6,33.6,33.7,32.3,29.0,32.8,28.5,33.6,28.5,32.8,28.4,33.4,32.5,35.0,33.3,33.0,34.0,33.7,35.6,889.0,31.6,35.6,32.8,34.4,32.8,35.0,32.1,30.6,32.8,32.1,32.3,32.1,32.9,32.0,33.0,34.6,33.2,37.6,33.2,34.8,33.5,37.2,33.4,31.9,32.8,32.6,33.5,33.4,33.5,33.8,33.5
1785303404.5875592,538,34.3,31.0,33.1,32.0,32.5,32.4,32.5,32.0,32.0,31.9,32.6,32.2,32.5,32.2,33.4,33.0,33.0,32.2,31.9,32.1,33.4,32.6,32.2,32.6,31.8,32.6,32.1,33.6,33.2,32.3,33.2,33.3,30.7,32.9,33.6,32.7,32.4,31.4,32.7,32.2,31.8,32.9,32.8,32.5,32.7,32.9,32.4,33.5,32.3,32.0,32.8,33.0,33.4,32.2,33.0,32.3,33.2,32.5,32.5,32.7,33.2,33.8,31.4,33.7,32.9,31.5,32.5,31.9,33.6,32.9,32.8,32.3,33.2,33.5,31.9,32.8,33.2,32.3,32.5,31.9,33.0,32.8,32.3,32.7,32.7,32.3,33.6,34.1,33.8,33.8,33.0,32.6,33.7,32.6,32.5,32.4,33.1,31.7,31.5,32.3,32.9,32.6,32.0,33.0,34.3,32.3,32.1,32.2,32.5,32.6,32.5,31.9,32.0,33.6,32.3,32.6,33.2,32.9,33.9,33.9,33.6,32.4,32.0,33.5,32.8,33.2,32.5,33.0,32.5,31.6,32.1,32.7,33.0,33.1,33.0,31.6,32.7,33.3,32.3,32.5,31.9,32.7,32.7,32.5,32.9,31.7,32.4,32.9,32.9,32.4,34.5,34.6,34.5,33.0,33.0,32.9,33.1,32.8,31.9,31.3,31.5,32.3,32.2,32.6,33.4,33.6,32.0,32.3,32.2,32.6,32.0,31.9,32.9,33.4,32.0,32.2,32.2,31.8,32.4,32.5,33.4,32.1,35.3,34.4,33.6,33.8,32.6,33.0,32.4,33.8,32.1,33.7,32.1,32.6,32.4,33.5,32.5,33.0,32.1,33.0,32.5,33.7,32.0,32.5,31.4,32.8,32.3,32.4,32.1,32.7,31.9,32.9,33.9,33.1,32.6,33.2,33.8,34.4,32.9,33.6,33.5,32.7,33.1,32.3,32.5,32.2,32.5,32.5,33.4,33.1,31.8,33.3,32.9,33.3,32.4,31.6,33.1,32.6,32.6,32.7,32.8,32.2,32.1,33.2,33.3,33.3,34.1,33.8,33.3,34.7,33.0,33.4,32.7,33.2,33.0,32.8,32.8,32.3,33.2,32.7,32.5,32.4,33.6,33.6,32.6,33.8,33.1,32.8,32.5,32.7,32.6,32.7,32.1,32.3,32.3,32.7,33.6,33.2,33.6,33.7,33.7,33.4,33.8,33.4,33.7,33.5,32.5,32.9,32.6,32.9,32.4,32.9,32.9,32.7,33.1,33.5,33.3,32.8,31.9,32.5,32.1,32.7,32.9,32.5,32.9,33.1,31.8,33.3,33.3,33.7,33.4,33.7,34.1,33.4,34.2,33.9,32.5,32.5,32.8,32.5,32.1,32.7,31.7,33.5,32.5,33.2,32.3,32.5,32.6,32.0,32.2,32.4,33.2,32.6,32.9,33.1,32.8,32.8,32.9,33.1,34.1,33.4,32.8,33.4,34.4,33.6,32.4,33.1,32.8,32.6,32.9,33.2,33.0,33.3,33.2,33.3,32.7,32.0,32.7,32.6,32.5,32.6,32.6,32.8,32.6,32.0,32.9,32.5,33.4,32.2,33.4,32.2,33.1,33.7,32.7,34.2,33.9,34.4,32.8,32.4,32.6,33.0,32.1,32.7,33.3,32.9,32.5,32.4,32.6,33.0,32.6,32.5,32.6,32.2,32.3,32.9,32.9,33.1,32.5,32.1,33.3,32.6,33.3,33.3,33.9,34.1,33.0,33.6,34.8,33.3,33.6,33.8,33.9,32.6,32.1,33.0,33.0,33.1,32.1,33.5,33.4,32.8,33.1,33.0,31.8,32.8,31.9,32.4,32.5,32.6,32.5,32.7,32.6,32.9,33.3,33.2,33.0,33.8,33.0,34.4,33.6,33.4,33.3,33.2,32.2,32.5,32.3,32.3,33.5,33.3,32.9,32.2,32.1,31.9,32.0,32.5,33.1,32.7,33.1,32.4,33.1,32.1,32.3,32.9,32.2,32.6,33.3,34.1,33.6,32.4,32.8,32.4,32.8,33.8,34.4,33.3,33.3,32.9,32.5,33.6,32.5,33.8,32.1,31.8,32.3,32.8,32.6,32.3,31.8,32.7,33.3,32.9,31.1,32.3,31.8,32.4,32.8,32.7,33.8,33.7,33.5,33.7,32.7,33.6,34.0,32.9,34.2,34.5,33.7,33.6,33.1,32.6,32.3,33.6,31.7,33.6,32.7,33.0,34.0,32.0,32.9,33.2,32.3,33.3,32.6,32.6,33.3,32.6,32.6,32.4,32.8,33.4,33.6,32.9,33.5,33.4,34.2,33.8,34.2,34.8,33.7,33.5,33.7,32.2,32.5,32.3,32.3,31.8,31.9,33.2,31.5,32.1,32.8,33.6,32.0,33.0,32.7,nan,32.8,33.1,32.5,32.9,33.5,33.7,33.5,33.2,33.2,33.3,32.8,33.6,33.3,33.5,33.7,33.1,32.7,32.8,32.7,32.5,33.3,32.6,32.4,33.0,33.3,33.2,31.9,33.4,32.6,32.9,31.8,32.4,32.2,33.1,32.3,31.9,33.1,33.9,33.3,33.0,33.0,32.9,33.2,32.8,33.7,33.7,34.1,32.9,33.4,33.0,33.2,34.1,33.1,32.9,32.7,32.9,32.6,32.9,33.0,33.1,32.5,33.1,33.2,33.1,32.4,32.4,32.9,33.1,32.7,34.8,34.0,34.3,33.0,33.1,33.2,33.4,34.4,33.3,32.0,32.7,33.4,32.5,33.7,32.7,32.5,33.8,32.4,33.0,32.1,33.3,33.2,32.2,32.8,32.8,33.0,32.3,33.0,33.0,33.5,32.6,33.5,32.1,33.5,34.0,32.7,32.6,32.5,33.1,33.4,32.8,34.0,33.1,33.2,33.2,32.8,32.6,32.6,33.1,33.4,34.0,32.3,32.8,33.0,32.9,32.2,32.4,31.9,32.9,32.9,33.1,33.5,33.3,33.2,32.6,33.5,33.8,33.4,33.0,32.6,32.9,33.0,34.3,33.8,34.1,32.7,33.2,33.5,33.2,32.3,33.2,33.6,32.8,31.8,32.3,32.6,33.1,32.3,32.4,33.0,32.0,33.4,32.3,33.0,32.1,32.6,33.0,33.7,33.3,32.8,32.4,33.0,33.1,33.6,33.4,33.8,33.5,33.9,34.6,33.2,32.0,34.0,33.0,32.7,32.8,32.0,32.8,32.4,33.2,32.4,32.3,33.0,33.5,33.5,32.8,32.9,31.6,33.1,33.2,33.8,32.6,33.8,33.9,33.1,34.1,32.7,33.6,34.5,33.6,32.3,35.3
1785303406.8342493,539,33.0,31.7,32.5,32.9,32.1,31.4,32.8,32.8,31.7,31.4,33.1,32.1,31.8,31.6,32.7,32.5,31.5,31.9,32.4,32.3,31.6,31.8,32.7,32.7,33.1,31.2,32.7,32.4,32.9,32.2,33.1,33.7,31.4,32.5,32.2,32.8,30.3,33.3,32.4,32.9,31.9,33.0,32.9,32.6,29.8,32.3,31.8,32.1,31.6,32.0,33.1,32.3,31.6,32.7,32.1,32.7,31.7,33.1,32.2,33.3,33.5,34.2,33.0,31.6,32.8,31.7,32.6,31.6,32.7,32.1,32.5,33.0,32.1,31.1,32.2,32.5,31.9,32.3,33.0,32.9,32.4,32.2,33.1,32.4,32.8,32.6,33.7,33.7,32.6,32.3,33.3,33.5,33.8,31.9,31.9,33.0,31.3,32.8,32.8,32.2,32.6,32.5,32.9,32.2,31.8,32.8,32.5,32.8,32.4,33.0,33.1,32.7,31.8,32.4,33.3,32.9,32.1,33.2,34.5,35.4,33.3,32.7,32.9,33.5,32.5,32.9,34.0,34.1,32.4,32.0,33.3,32.3,31.9,32.0,32.5,33.0,32.6,32.1,32.4,32.7,32.0,31.9,32.6,32.8,32.3,31.4,33.1,32.3,33.3,32.1,35.1,34.5,33.2,33.3,33.5,33.4,32.6,33.5,32.7,32.3,31.4,33.1,31.3,33.0,32.7,33.2,33.0,33.4,31.0,33.0,32.1,32.4,31.6,32.6,32.3,32.4,32.3,32.7,32.1,33.6,32.1,33.6,34.3,34.8,34.9,33.9,33.7,33.1,32.0,32.1,33.5,33.4,32.0,31.6,31.8,32.8,32.9,32.7,32.3,31.6,33.1,32.2,32.5,33.2,32.5,32.1,32.5,33.3,33.0,32.0,32.0,32.2,32.7,32.3,34.0,34.7,34.9,33.5,33.4,33.0,32.5,32.2,32.8,32.8,31.7,33.4,32.6,32.6,31.6,32.8,32.8,33.9,32.6,32.7,33.4,32.4,32.2,31.5,32.7,32.5,32.2,32.6,32.3,33.0,32.2,33.3,34.1,34.1,33.2,34.0,32.9,33.1,32.4,33.9,33.5,34.0,32.9,31.5,31.7,32.8,33.7,31.9,32.7,31.5,33.2,31.7,32.3,33.1,32.4,31.5,31.6,32.3,32.7,31.9,32.7,33.3,33.5,33.0,34.2,32.8,33.5,32.7,34.6,34.6,33.0,32.6,34.2,33.8,31.6,33.0,32.5,34.2,31.3,33.0,33.0,33.1,32.5,33.1,31.5,32.6,31.4,31.8,33.0,33.3,31.7,32.5,33.0,32.7,33.2,34.7,33.5,33.7,32.8,34.3,34.2,34.2,32.6,32.8,33.1,32.4,32.5,32.0,32.8,32.8,33.5,32.5,31.9,33.3,32.0,32.8,32.3,32.6,31.9,32.2,32.7,32.0,33.0,32.2,32.7,32.8,34.2,33.0,33.2,33.3,34.2,33.5,33.4,33.4,32.7,32.6,32.8,33.1,32.1,33.2,33.1,33.4,32.6,33.2,32.1,32.9,32.2,32.9,32.0,33.0,33.2,32.6,33.0,32.7,32.5,33.3,33.0,33.5,32.2,34.4,32.6,33.5,32.8,33.2,33.4,33.2,33.4,32.8,32.6,33.4,32.8,33.0,32.8,32.5,31.9,32.2,32.0,32.6,32.5,32.3,32.9,32.6,32.4,32.2,32.8,32.4,33.2,31.9,31.9,34.0,33.4,33.2,33.4,34.2,33.6,32.7,33.2,34.3,33.8,32.8,32.8,33.3,31.5,33.2,33.4,32.7,31.5,32.5,32.5,33.5,32.3,31.5,32.7,32.0,31.3,32.5,33.5,33.5,32.5,33.0,33.2,33.3,32.9,33.6,31.9,33.2,32.3,33.3,33.2,33.4,32.6,33.0,32.6,33.0,33.6,32.6,33.4,32.5,33.2,31.8,31.8,32.7,32.5,32.1,32.9,32.7,32.8,32.3,32.3,32.5,33.4,32.2,33.4,33.3,33.1,32.7,33.9,33.8,33.7,33.2,33.4,34.4,32.5,32.1,33.4,32.5,31.8,32.7,33.6,31.8,30.9,31.8,32.9,32.3,32.4,31.8,32.5,33.2,31.8,33.3,32.9,32.7,32.4,31.9,33.0,33.5,32.9,33.8,33.6,33.7,32.3,34.2,34.1,33.7,31.9,32.4,32.4,32.9,33.2,32.6,32.4,33.7,32.9,32.4,32.3,32.8,33.1,32.3,32.6,32.3,32.4,32.0,32.4,32.5,32.7,32.3,33.1,33.2,34.7,33.5,33.9,33.0,34.6,33.5,33.1,34.1,34.0,33.0,32.0,32.5,32.2,33.1,32.8,33.5,31.2,33.0,33.2,32.4,32.2,33.0,31.5,32.3,32.0,nan,32.2,33.5,32.9,32.4,32.9,33.4,32.7,34.2,33.9,33.7,32.2,33.4,34.0,34.8,34.0,33.5,33.8,33.1,33.3,31.4,31.8,32.1,33.1,32.6,32.7,33.7,32.9,32.3,32.9,33.2,32.8,33.0,33.1,33.2,32.9,32.8,33.4,33.7,34.2,32.9,33.6,33.2,32.9,32.3,33.6,34.5,33.6,32.3,33.5,33.7,32.7,33.2,33.3,32.4,32.2,32.6,31.9,33.7,31.5,32.9,33.3,32.7,32.1,32.4,32.9,32.9,31.6,32.7,32.9,33.7,32.9,34.0,33.6,33.6,32.4,33.2,32.5,34.0,32.7,33.8,33.3,32.6,32.9,31.5,33.3,33.1,32.5,32.3,32.9,32.3,31.4,32.8,32.9,33.2,33.1,32.4,32.1,33.0,32.6,32.5,33.1,32.9,33.8,33.0,33.1,32.5,32.2,32.7,34.6,32.9,32.7,33.2,33.5,33.1,32.0,32.3,33.4,32.8,32.6,32.2,32.4,32.7,31.9,32.9,32.8,33.4,31.8,33.4,33.0,32.9,32.4,33.1,32.4,32.8,33.1,33.7,34.4,32.7,32.5,32.3,33.8,32.9,32.7,34.4,33.5,33.3,33.1,32.8,32.6,32.7,32.3,32.7,32.7,32.2,32.8,32.7,32.6,33.2,32.9,32.1,32.8,32.0,32.2,32.1,33.1,33.0,34.0,32.5,33.7,33.9,33.7,32.5,33.9,33.9,32.7,32.2,33.1,34.0,31.0,33.7,32.8,34.0,32.2,33.5,32.7,33.3,33.0,33.5,33.4,32.4,32.0,32.3,33.0,31.5,31.6,33.1,33.2,32.3,32.1,33.5,33.9,33.3,32.7,33.5,32.0,33.2,32.8,34.4,34.3,35.0
1785303408.891369,540,31.7,32.9,32.3,32.5,32.8,32.6,34.4,32.9,33.1,33.9,32.7,32.2,32.6,32.3,33.0,32.4,32.2,32.8,32.8,31.9,32.8,33.2,32.7,33.0,33.2,32.2,33.6,33.0,33.4,32.8,32.6,32.8,33.4,31.7,33.1,34.5,33.6,32.2,32.1,33.4,33.4,32.6,32.0,33.2,32.5,33.6,32.8,33.3,32.9,31.6,32.3,32.6,33.2,32.7,33.8,33.3,32.8,32.7,32.1,33.1,31.7,32.4,33.6,32.6,32.6,33.3,32.8,33.6,32.3,32.9,33.1,32.2,32.6,32.8,33.7,32.7,32.5,33.2,33.3,32.3,33.2,33.0,33.0,31.8,32.1,33.3,34.5,34.2,33.7,33.6,33.2,32.7,32.1,33.1,34.3,32.7,32.9,31.4,31.8,33.1,32.7,32.6,32.4,33.2,32.7,31.2,31.6,32.3,32.2,33.4,32.3,32.6,33.4,33.8,32.7,32.8,33.6,34.3,34.8,34.0,34.0,33.3,31.8,32.9,34.1,34.1,33.0,34.1,31.7,32.6,32.2,32.5,32.1,32.1,32.9,31.8,32.1,33.3,33.0,31.5,33.0,32.9,32.8,32.6,33.0,32.3,33.2,32.4,33.4,33.6,35.1,35.0,33.0,34.0,33.0,33.7,32.4,32.2,32.7,32.9,33.2,31.6,32.7,33.8,33.2,32.6,33.6,32.7,32.9,33.2,32.2,33.2,32.9,33.6,31.9,33.1,32.6,32.3,32.6,32.3,32.4,33.1,34.5,35.7,33.1,33.8,32.5,33.3,32.9,32.5,31.9,33.8,34.2,31.7,32.9,32.3,33.4,33.7,33.7,31.8,32.1,33.0,32.7,32.9,32.4,32.1,33.2,32.1,32.0,32.6,33.4,31.5,33.2,33.9,34.0,34.0,33.1,34.0,33.7,32.6,32.1,33.5,33.2,32.8,32.6,31.9,32.0,33.0,33.4,33.0,33.1,32.6,33.1,32.2,32.7,32.6,32.1,32.8,32.3,33.1,32.6,32.5,32.5,32.8,32.8,33.1,32.8,34.8,34.2,33.3,33.6,33.5,33.3,33.1,32.0,33.6,32.1,33.2,32.5,33.2,33.4,33.0,33.0,32.9,32.7,32.2,33.2,32.4,32.1,32.1,32.6,32.4,32.4,32.8,33.5,32.4,33.5,33.9,34.2,33.1,32.5,33.3,33.7,34.4,33.6,33.3,33.2,32.7,33.7,30.9,32.9,32.9,33.1,33.1,31.5,33.3,32.8,33.4,32.1,34.1,32.8,32.8,31.5,32.3,32.5,32.3,32.8,33.6,33.8,33.6,32.3,32.9,34.1,34.0,33.7,33.9,33.7,33.5,33.3,33.0,33.1,33.2,33.0,33.2,32.4,33.2,32.8,32.2,33.1,32.7,32.9,32.0,32.6,32.9,32.6,33.1,32.6,33.1,33.4,33.0,33.4,34.2,33.9,33.1,32.9,34.0,33.7,33.4,33.5,33.0,33.4,33.0,33.1,31.8,33.1,33.7,32.7,32.9,31.7,33.5,32.7,32.4,32.8,33.0,32.8,32.0,32.0,33.2,33.5,33.1,33.1,33.3,32.8,33.7,32.5,34.1,33.6,34.2,33.5,33.4,34.0,33.2,32.5,32.6,33.6,32.8,33.2,32.8,32.5,32.5,32.7,32.4,31.7,32.4,32.4,32.1,32.8,33.3,32.3,33.0,33.4,32.3,33.7,33.1,33.8,33.9,32.9,33.8,33.3,33.5,34.5,32.5,34.2,33.7,33.8,32.8,32.7,33.7,32.5,32.9,32.4,32.7,32.3,32.1,33.5,33.0,32.5,33.5,32.4,32.4,33.0,32.6,33.2,32.9,32.9,34.0,33.5,33.7,32.9,33.4,33.6,33.7,33.5,35.5,32.8,32.5,31.9,33.9,32.8,33.4,33.8,32.2,32.0,32.3,32.5,32.5,33.1,32.8,33.3,32.1,33.1,33.6,33.4,32.5,32.6,33.0,33.6,33.8,34.5,34.2,33.3,33.5,33.1,34.3,34.3,33.7,33.8,33.0,34.0,33.0,32.3,33.9,32.8,32.9,32.1,32.0,32.0,32.6,32.7,33.1,32.2,33.7,33.5,33.2,32.9,33.2,33.7,32.6,32.2,34.0,34.1,33.4,33.4,33.1,33.2,33.2,34.2,34.8,33.2,32.8,33.1,33.5,33.3,32.4,33.0,33.3,32.5,31.9,32.9,32.6,32.7,33.6,33.6,32.0,33.4,32.8,33.3,31.7,32.8,32.8,33.3,33.3,34.2,34.1,33.5,32.8,34.0,34.0,33.6,34.1,33.9,33.7,33.7,32.0,34.3,33.3,32.4,33.3,32.9,32.3,32.3,33.7,33.4,32.9,31.4,33.2,33.1,nan,32.9,32.7,33.2,33.1,32.4,34.1,33.4,34.4,32.4,33.2,33.0,33.7,33.2,34.5,33.6,32.8,32.6,32.9,33.1,33.0,34.5,32.5,32.9,32.7,34.0,32.9,32.4,32.9,33.3,33.1,33.5,32.1,33.0,32.8,33.8,33.1,33.0,33.3,34.1,34.3,33.3,33.2,33.1,33.5,35.3,33.4,33.1,32.2,34.0,33.0,33.1,32.8,33.0,33.8,32.9,32.5,31.7,33.1,33.8,32.4,32.7,34.0,32.8,32.7,31.7,33.5,32.6,32.4,32.9,33.3,34.1,34.1,32.6,33.3,32.9,32.9,32.1,34.4,33.0,33.6,33.5,33.5,33.9,33.9,32.9,33.3,33.3,34.0,33.9,33.0,32.6,32.6,33.3,31.7,33.6,33.7,32.6,32.5,32.5,33.5,33.3,33.2,34.0,33.5,34.6,32.5,34.0,33.0,34.5,33.2,34.3,33.2,33.5,33.7,33.5,33.2,32.5,34.1,32.3,33.2,32.8,33.1,32.9,33.1,32.3,33.2,33.1,32.7,32.9,33.1,33.4,32.8,33.4,33.1,33.6,33.4,33.6,33.5,34.1,33.6,32.8,34.0,33.6,33.2,32.8,34.2,32.5,33.2,33.1,33.5,34.3,33.3,33.0,32.4,32.6,33.2,33.3,32.3,33.7,32.1,33.3,32.8,32.6,31.9,32.8,33.0,33.7,33.9,34.4,33.3,33.5,33.4,34.7,33.2,33.9,34.0,32.7,34.2,33.7,33.1,32.7,33.8,33.6,33.9,31.3,33.6,33.0,33.3,33.0,32.6,33.0,32.5,32.5,33.3,33.0,32.8,32.1,32.7,33.7,34.0,33.5,33.9,33.6,33.5,31.1,34.0,34.5,33.8,33.3,35.0
1785303411.0770454,541,33.2,32.0,32.9,32.6,32.7,32.5,32.5,33.4,33.4,33.2,33.0,33.0,31.4,32.1,33.9,32.7,32.6,31.9,32.3,33.3,32.9,32.2,33.0,33.3,32.6,32.3,32.8,32.7,33.5,31.5,34.0,32.6,32.2,32.9,33.5,32.7,31.7,31.9,31.9,32.6,32.5,31.5,33.0,33.1,33.8,32.2,33.2,32.0,32.4,33.1,33.6,33.1,32.5,32.2,33.3,33.1,32.3,34.5,33.3,32.5,32.2,32.7,32.3,33.5,33.2,31.4,32.9,33.0,31.5,31.5,33.8,32.4,32.6,31.7,32.3,32.3,32.3,33.0,32.7,32.4,31.8,31.7,32.5,32.6,32.7,32.4,34.0,32.8,32.9,32.5,33.6,33.3,34.1,31.9,33.5,32.8,31.6,31.5,32.8,33.4,32.0,33.7,32.5,33.0,31.9,33.3,33.1,33.3,32.4,32.6,32.9,33.0,31.6,32.8,32.9,33.5,31.9,35.0,34.7,34.2,32.2,33.2,32.3,32.7,32.3,33.6,33.1,33.3,33.7,32.9,31.8,31.7,32.6,32.0,31.5,32.8,33.2,32.7,33.5,33.1,32.5,32.4,32.5,32.9,32.7,32.3,33.4,33.1,33.7,33.4,34.8,35.4,34.2,33.1,34.0,31.8,32.1,32.9,33.0,32.7,31.4,31.4,31.9,32.9,32.7,32.5,33.4,32.5,31.7,32.9,33.6,33.1,31.8,33.0,32.9,32.3,32.5,32.1,32.8,33.7,31.5,33.1,34.8,34.4,32.6,32.4,32.3,33.2,32.1,33.6,32.7,34.4,32.8,32.0,32.2,33.4,31.9,31.7,32.5,33.6,32.0,31.8,33.2,32.9,32.6,32.6,32.8,32.1,32.1,31.8,33.1,33.0,33.6,33.4,34.4,32.8,33.1,33.6,34.7,33.0,32.3,32.4,32.9,33.7,30.6,32.2,33.7,33.1,32.0,32.7,32.2,33.1,32.8,32.1,33.3,32.7,32.0,32.2,32.2,33.0,31.7,33.1,33.3,33.5,33.5,33.5,33.6,34.8,33.8,33.4,34.0,33.2,32.9,33.6,33.9,34.3,32.4,32.4,33.2,32.4,32.7,32.1,32.9,32.9,33.4,32.5,33.6,33.1,33.1,32.6,33.3,32.9,32.1,32.5,33.2,32.6,33.7,32.6,33.5,33.8,33.3,32.3,33.8,34.2,32.9,32.6,33.3,32.8,32.3,32.9,32.9,33.3,32.4,32.6,33.1,33.3,32.7,32.5,32.9,32.3,31.7,32.7,32.6,33.0,31.7,32.8,33.3,32.9,33.2,33.8,33.1,34.1,32.6,33.2,34.1,32.9,32.6,33.4,31.7,34.1,33.2,32.8,33.3,32.2,33.0,32.3,32.9,32.1,32.3,31.9,32.6,32.8,33.3,32.0,33.6,32.3,33.1,32.2,32.9,32.8,33.1,33.1,33.8,33.0,33.1,32.3,34.0,33.6,33.9,31.9,33.7,32.2,31.2,33.3,33.3,33.1,31.8,32.2,32.6,33.5,32.4,32.3,32.8,32.4,32.1,32.5,32.8,32.6,32.2,33.3,33.5,33.2,32.7,32.7,33.5,33.8,32.5,33.7,33.9,34.0,33.2,33.4,33.0,33.7,32.0,32.0,32.5,34.0,32.4,31.4,33.1,32.2,32.9,32.3,32.9,32.3,32.2,32.6,33.0,32.5,33.6,32.8,34.2,33.6,33.6,33.6,34.9,32.8,33.8,33.7,34.5,34.3,34.2,33.9,33.3,33.5,32.7,32.9,33.0,33.2,32.3,33.1,33.0,33.3,31.3,32.7,32.2,33.2,31.6,32.4,32.1,33.2,32.5,32.4,33.5,34.8,33.5,34.0,33.0,33.6,32.7,33.7,34.6,34.1,32.5,33.2,33.4,33.7,32.7,32.4,32.5,32.3,32.2,31.8,32.9,32.9,33.1,32.0,33.3,33.0,33.0,32.8,32.6,33.0,32.7,32.5,33.1,33.5,34.4,34.1,34.5,33.7,33.8,32.5,34.6,33.7,33.0,31.9,33.9,32.7,32.4,32.8,32.0,33.4,31.5,32.1,33.1,33.5,32.5,32.0,33.2,32.1,32.2,32.6,32.5,33.2,31.9,33.7,33.7,34.4,34.0,34.3,34.0,34.8,33.0,33.4,34.1,35.2,33.4,33.6,33.8,34.8,32.5,32.2,33.3,32.1,32.8,33.1,32.8,32.6,31.9,32.4,32.5,33.0,32.8,32.0,33.8,32.5,32.8,32.5,33.3,32.2,33.5,33.3,33.7,33.2,34.0,33.2,34.2,33.2,33.2,33.0,32.9,32.9,33.5,32.7,32.8,33.6,31.6,32.9,31.6,33.2,31.9,32.9,32.9,33.4,32.1,nan,32.9,33.2,33.2,32.3,32.6,34.9,33.1,34.4,32.9,33.9,33.1,33.4,33.1,34.2,32.7,33.6,34.2,34.2,33.8,32.4,33.3,32.3,33.0,33.3,32.0,33.0,32.3,33.0,32.5,32.8,32.5,31.7,32.7,33.0,32.0,32.5,33.2,34.2,33.3,33.4,33.5,32.5,32.6,32.1,34.3,34.2,32.4,33.4,33.0,33.3,31.6,32.4,32.4,32.7,32.2,33.6,32.3,34.2,31.4,33.3,33.3,33.2,31.8,31.6,32.6,32.9,32.3,33.1,32.9,33.1,33.1,33.4,33.8,33.5,31.3,33.4,33.8,35.3,32.9,33.5,33.1,34.2,33.3,32.6,33.4,33.3,32.2,33.3,32.6,32.1,33.0,32.3,34.4,33.4,33.2,33.4,33.2,32.2,33.4,32.5,33.2,32.5,33.2,32.9,34.1,32.3,32.5,33.2,34.7,33.6,33.2,33.6,34.2,32.9,31.8,32.2,33.6,33.7,32.8,32.5,32.8,32.8,31.5,33.1,34.0,33.1,32.3,33.1,33.3,34.0,32.3,33.1,32.9,33.3,32.2,34.3,34.2,34.4,31.6,34.0,34.0,34.7,32.1,33.7,32.6,34.7,32.6,32.8,33.0,33.4,33.8,32.3,32.4,32.4,32.7,32.1,32.8,32.3,33.0,32.1,33.2,32.3,32.6,32.3,33.5,33.6,34.5,32.9,33.9,33.6,33.0,32.8,35.2,33.5,33.6,32.8,34.6,33.3,32.8,33.2,33.9,34.1,32.6,32.4,32.3,33.0,32.3,32.6,33.8,33.0,33.0,32.8,33.4,32.8,31.4,31.1,32.5,33.4,32.3,33.4,34.3,34.5,33.2,33.9,33.4,33.0,33.0,34.3,33.1,34.4
1785303413.4875655,542,34.1,32.2,31.7,31.6,32.8,32.5,31.3,33.4,32.9,32.8,32.7,33.2,33.1,32.1,31.6,33.3,32.2,31.6,33.3,32.7,32.4,32.7,32.9,32.7,32.7,32.9,31.6,32.9,34.3,32.6,33.1,31.8,32.4,33.2,32.2,32.3,32.1,32.2,31.5,32.1,31.7,32.0,32.7,32.0,33.5,32.7,31.8,32.1,32.2,32.8,32.5,33.2,32.5,32.3,32.0,32.8,32.3,33.1,32.2,32.4,33.7,32.6,32.2,33.6,32.0,32.9,31.6,32.0,32.9,32.3,32.5,31.8,32.3,33.2,32.0,32.0,32.2,33.1,33.0,32.9,33.1,32.6,31.9,31.7,33.0,33.7,33.2,33.9,33.7,33.1,32.7,33.1,32.9,32.5,31.5,33.7,32.5,32.3,32.5,32.2,32.2,31.9,31.9,32.8,32.5,33.4,32.6,31.9,31.6,32.0,32.4,32.5,32.0,33.2,32.6,32.6,33.1,34.4,34.0,33.3,33.1,33.5,32.7,33.6,33.1,32.9,32.6,32.9,32.4,32.2,31.5,32.1,33.3,32.6,32.5,32.1,31.7,32.0,32.6,32.2,33.1,32.5,31.4,32.5,33.7,32.8,32.1,32.8,34.0,34.2,34.2,34.9,33.0,32.4,33.1,33.4,33.4,33.3,33.4,33.0,32.1,32.2,32.1,31.7,32.9,31.6,32.7,32.6,32.6,33.2,32.4,32.9,32.3,32.2,32.5,32.6,32.7,32.6,33.0,33.1,33.3,33.7,34.4,34.1,32.6,33.2,32.7,33.5,32.9,33.1,33.7,32.5,33.1,33.6,31.0,32.0,32.8,33.3,32.8,32.9,32.8,32.7,31.8,32.1,32.8,33.1,32.7,33.0,33.0,32.5,32.7,32.4,32.9,33.0,33.9,33.0,33.5,32.8,32.4,32.8,33.0,34.1,33.4,33.0,32.0,33.4,33.7,32.8,33.9,32.8,32.8,32.5,33.0,32.7,31.6,32.2,32.2,33.1,32.4,32.6,33.3,33.1,32.7,32.8,33.7,32.9,34.0,33.9,33.4,34.0,33.1,33.0,32.2,33.3,33.5,32.1,31.6,32.4,32.7,32.4,32.4,32.9,32.5,33.0,31.8,32.3,32.8,32.6,32.4,32.5,32.2,34.1,33.0,33.0,32.4,33.0,32.9,32.2,32.7,33.0,34.0,33.5,32.5,33.0,31.9,33.4,32.0,32.8,32.1,32.6,31.9,32.4,32.0,31.7,33.5,32.5,34.4,32.6,32.3,32.4,32.6,32.9,32.4,33.0,31.9,32.5,32.9,33.4,32.2,33.1,33.3,34.2,33.7,33.8,33.4,33.7,33.7,33.3,31.7,32.0,31.6,32.0,31.4,32.6,32.4,33.1,31.7,32.1,32.7,32.3,32.0,32.2,32.6,31.9,31.7,33.4,33.5,33.2,32.2,32.4,33.2,33.2,33.0,33.4,33.5,33.4,33.0,32.5,34.1,32.7,33.0,32.3,33.3,32.6,33.0,32.6,33.1,32.5,32.5,32.7,33.1,32.4,32.4,33.4,32.6,32.0,32.2,33.0,32.9,33.6,33.2,32.3,32.7,33.5,33.3,33.1,33.5,33.3,33.2,33.2,33.6,33.5,33.0,33.0,31.9,33.9,34.0,32.9,33.2,32.7,31.8,32.6,33.5,33.1,32.5,33.1,33.2,31.9,32.1,33.2,32.9,33.2,32.4,34.0,33.9,32.9,34.1,33.9,33.2,33.2,33.2,33.4,34.2,33.6,32.4,31.9,33.2,33.8,32.4,33.1,31.7,32.7,32.5,31.9,33.4,32.1,33.4,33.0,33.1,33.2,33.1,32.4,33.7,32.2,33.6,33.8,33.1,33.3,33.7,33.5,32.2,33.7,33.9,34.4,33.0,33.7,33.8,32.4,33.0,33.5,32.6,32.3,32.5,31.9,33.4,32.8,32.5,32.7,33.1,33.5,32.3,32.5,32.9,31.9,32.9,33.2,32.7,33.5,35.3,34.3,33.7,33.5,33.2,33.9,33.8,34.4,33.4,32.9,32.6,33.7,32.4,33.1,33.2,32.7,32.0,32.9,32.9,32.3,33.2,32.1,31.9,32.2,33.6,32.8,32.8,32.4,33.1,32.1,32.9,33.7,33.9,33.5,33.6,33.2,33.7,33.7,33.4,34.4,33.9,33.4,33.0,32.9,33.6,32.6,33.2,32.9,32.7,32.6,32.7,32.5,31.7,32.8,32.9,32.5,32.4,33.2,33.2,32.6,33.1,32.7,32.9,33.4,33.7,33.9,33.4,32.9,34.3,33.4,34.1,34.3,33.5,32.3,32.8,32.9,34.1,33.3,32.6,33.1,32.6,32.8,33.2,33.3,32.9,32.8,32.9,33.3,33.1,nan,33.4,32.5,32.0,33.0,32.4,33.7,33.7,33.8,33.4,33.0,33.8,33.7,33.8,33.6,33.5,32.6,32.8,34.3,32.4,33.1,32.4,33.3,32.3,33.5,32.5,33.4,32.9,33.2,31.9,33.2,31.6,32.7,31.8,32.9,32.4,33.4,32.6,33.1,34.2,34.4,33.1,33.7,33.1,33.4,32.7,33.8,32.9,32.7,33.5,34.3,33.8,33.1,33.7,32.6,32.0,33.0,32.5,32.7,32.6,33.4,32.6,32.5,31.9,32.9,32.5,32.5,32.8,32.6,32.3,33.1,32.8,33.7,32.4,32.7,33.1,33.4,33.5,34.1,33.6,33.0,32.3,33.3,33.8,33.1,32.9,31.9,32.5,32.6,32.2,32.7,32.4,32.0,32.8,33.0,32.8,32.9,33.3,32.9,32.8,32.9,32.7,32.7,33.4,34.1,32.6,33.1,32.8,33.6,33.7,34.4,33.1,32.8,32.4,33.9,32.9,33.2,33.2,33.0,32.2,33.2,32.8,34.0,31.5,33.9,33.5,32.8,32.7,32.5,33.5,33.1,33.3,32.4,32.8,32.9,33.1,33.4,33.1,33.4,32.0,33.2,34.4,33.4,33.3,33.2,34.1,33.7,32.7,32.4,32.4,33.1,32.9,32.9,32.1,33.2,32.8,33.4,32.0,32.7,32.9,32.7,33.1,32.9,33.1,33.2,32.0,32.9,34.2,33.4,33.5,33.8,33.5,33.6,33.9,33.1,34.3,33.8,34.0,32.8,33.3,32.8,32.8,32.5,33.0,33.3,32.7,32.4,33.6,32.7,32.9,32.8,32.5,32.9,32.5,32.4,32.3,33.0,32.7,32.5,32.8,32.0,33.9,33.9,34.7,35.0,33.2,34.1,32.4,33.8,33.6,33.8
1785303415.4423969,543,33.7,33.3,32.6,32.1,32.9,32.0,31.9,32.6,32.8,32.8,32.6,32.6,31.3,31.7,32.6,33.2,31.7,31.6,32.2,32.5,33.2,32.5,31.8,33.3,32.4,32.7,32.1,34.2,34.1,33.1,32.0,31.6,31.1,32.6,32.5,31.3,33.0,32.1,32.4,32.2,32.5,33.5,32.8,32.1,32.9,32.9,32.3,32.6,32.2,32.4,32.9,32.0,32.0,32.2,32.7,32.2,32.7,33.3,32.2,32.3,32.6,31.8,32.0,32.2,33.2,31.9,31.7,32.3,32.1,32.3,32.8,32.2,32.0,32.6,32.6,31.8,32.0,32.3,31.6,32.9,32.0,32.2,32.0,32.7,32.5,33.6,34.3,32.2,32.5,32.9,32.0,32.9,32.8,31.6,32.5,33.5,32.8,32.9,32.1,31.6,33.6,33.4,32.3,32.5,33.4,32.2,32.9,31.5,32.2,32.2,32.4,31.5,32.6,32.6,33.4,31.9,31.9,33.8,34.0,33.7,33.5,32.8,32.5,33.5,32.3,32.5,33.5,32.6,32.3,30.6,31.8,31.5,33.2,33.0,31.6,32.1,32.7,31.6,32.7,32.4,32.9,32.8,32.7,32.4,32.1,31.6,32.4,32.4,32.7,32.8,34.6,34.9,33.1,32.0,32.5,33.6,32.7,33.1,32.8,31.4,31.4,32.1,32.6,31.6,32.9,31.9,32.3,31.4,32.8,32.6,32.2,32.6,32.8,32.1,32.8,32.5,31.6,32.5,33.3,33.0,32.8,33.8,34.7,34.7,32.9,32.4,32.7,33.0,32.7,32.6,33.5,33.0,32.1,31.4,32.1,32.2,32.6,32.3,32.7,32.3,32.7,32.3,32.4,32.6,33.1,31.9,32.9,32.8,32.6,31.8,32.9,32.2,33.4,32.9,33.9,33.5,33.1,32.8,33.1,33.5,33.1,32.8,32.2,32.4,32.8,31.3,32.6,32.3,31.6,32.5,32.2,32.2,32.2,32.6,32.4,32.8,32.0,31.5,32.6,32.7,31.4,32.0,33.3,32.2,33.2,33.5,33.1,33.7,32.5,33.5,32.7,32.7,32.6,33.0,32.1,33.3,32.6,31.9,32.2,33.0,33.0,32.5,31.6,32.7,34.1,31.5,31.4,32.7,32.8,32.5,32.6,32.0,32.4,32.6,33.1,32.8,32.9,32.8,33.4,33.1,32.6,33.5,33.1,33.7,32.7,32.8,31.7,33.4,32.1,32.6,32.3,31.7,32.4,32.5,32.6,32.6,32.0,33.1,32.1,32.0,32.5,32.7,33.3,32.8,32.3,32.7,33.5,32.9,33.0,32.9,33.8,33.4,33.5,33.9,33.0,33.6,33.3,32.3,32.7,32.9,31.9,32.2,32.8,32.8,31.5,33.1,32.2,33.1,32.4,33.1,32.4,33.0,32.8,33.0,31.9,33.1,33.6,33.3,33.4,33.0,32.6,33.4,32.6,33.5,33.1,33.3,34.0,32.2,33.9,32.1,32.9,33.6,32.5,32.9,32.7,32.1,32.6,32.6,32.8,32.6,32.4,32.6,32.5,32.8,31.4,32.8,32.7,32.5,32.7,33.0,33.0,32.7,32.8,34.0,33.0,33.2,33.3,33.7,33.5,32.5,33.5,32.9,32.8,32.3,32.2,33.4,32.1,33.6,32.0,31.4,32.7,32.6,32.6,32.9,33.2,32.8,32.5,32.2,32.6,32.3,32.5,32.8,32.8,33.0,33.5,33.0,32.1,33.3,32.3,33.0,34.0,34.1,32.8,32.8,33.1,33.1,32.9,33.1,32.0,32.4,31.9,32.9,31.9,32.3,32.3,32.2,32.5,31.7,32.4,31.9,32.4,32.6,32.5,32.4,34.0,33.0,33.2,34.0,32.5,33.7,33.8,33.0,34.2,33.4,33.0,33.0,33.0,32.7,32.9,33.9,32.3,32.3,32.8,32.5,32.9,33.1,32.4,31.9,33.0,33.5,32.5,33.1,32.8,32.8,33.1,33.3,33.0,33.6,34.4,33.9,33.6,32.8,34.0,33.7,33.8,33.3,32.2,33.4,33.5,33.1,33.0,33.6,33.6,31.8,31.6,32.6,32.5,32.5,32.7,32.0,33.0,32.5,33.2,32.7,32.4,32.6,33.3,32.7,33.2,33.3,33.7,33.2,34.0,33.3,34.2,33.2,34.4,34.2,33.7,32.9,33.0,32.2,32.0,32.8,32.3,33.3,32.9,32.0,31.7,32.4,32.8,32.4,32.3,33.0,32.6,33.0,31.6,32.0,32.6,32.3,33.0,33.2,34.1,33.5,32.8,33.0,34.0,33.5,34.2,34.1,33.2,33.6,33.1,32.9,32.0,32.1,32.8,32.6,32.1,32.7,32.9,32.0,32.7,32.5,32.5,33.2,32.3,nan,32.9,32.1,31.8,32.3,33.0,34.7,34.0,34.0,33.2,32.9,33.6,32.7,33.6,32.6,33.3,32.1,32.8,33.1,32.1,33.3,32.3,32.7,33.3,32.2,31.5,33.0,32.4,32.3,33.0,32.8,32.3,33.1,32.7,33.0,33.5,32.5,32.6,33.0,33.6,33.5,32.6,33.2,33.3,33.2,33.7,34.5,33.5,32.1,34.0,32.7,33.1,32.8,32.6,31.5,32.5,32.9,31.9,32.0,32.2,32.0,32.8,32.7,31.6,32.6,32.4,33.1,33.1,32.4,32.9,32.6,33.7,32.9,32.9,33.3,32.9,32.2,33.6,32.7,32.3,32.3,33.5,31.9,33.0,32.9,31.9,33.9,32.6,32.1,32.2,32.1,32.7,32.4,34.2,33.2,31.6,32.2,32.8,32.2,32.3,32.0,33.0,33.5,33.3,33.0,33.9,33.5,32.6,33.2,34.1,32.5,33.2,33.0,33.6,34.4,33.2,33.1,31.9,31.8,32.6,33.5,31.9,32.6,32.4,33.1,32.8,32.7,32.9,32.9,32.8,32.8,33.8,32.8,32.4,32.3,33.8,33.3,33.6,33.3,32.2,33.3,33.3,33.1,33.3,33.9,33.5,32.9,32.1,32.8,31.6,33.6,32.6,33.1,32.2,32.4,33.2,33.6,32.6,32.1,32.8,32.5,32.6,32.8,32.5,31.6,31.5,32.9,33.4,33.4,32.8,33.2,32.3,33.0,33.6,34.2,33.2,32.4,34.1,33.8,32.8,33.4,32.8,33.0,34.2,33.2,31.5,33.0,32.5,32.4,32.7,31.8,32.1,32.1,33.0,33.0,31.4,32.5,32.7,32.3,33.5,33.5,32.8,33.2,32.8,33.6,33.2,33.6,33.0,34.5,33.4,34.4
1785303417.5830321,544,31.9,32.1,32.3,33.7,33.3,32.1,32.0,33.1,33.1,32.3,32.5,33.3,31.3,32.6,32.4,33.0,32.6,32.4,32.6,32.4,33.2,32.3,32.7,33.8,33.1,32.8,32.1,33.6,33.8,32.3,33.1,33.3,32.0,30.3,32.6,31.6,32.2,32.4,33.1,33.6,32.4,32.4,32.6,31.8,32.3,32.0,31.9,32.9,32.1,32.0,32.8,32.7,31.7,32.1,33.6,32.3,31.6,32.1,33.4,32.7,33.0,33.1,32.9,33.4,32.3,32.8,31.4,32.4,32.7,32.7,32.5,33.5,32.0,32.7,32.8,32.3,31.7,31.7,31.7,33.9,32.3,32.5,32.4,33.4,32.8,32.3,33.7,34.0,32.6,33.6,32.1,32.6,32.5,32.8,32.2,33.1,33.1,30.6,31.7,32.4,32.7,32.3,33.2,32.6,33.2,31.9,32.8,33.6,32.0,32.0,32.7,32.7,32.5,32.0,32.9,32.8,33.2,33.2,34.1,35.2,33.8,32.5,33.2,32.9,32.6,32.2,32.7,33.9,31.9,31.9,32.2,33.7,32.7,32.3,31.8,32.6,32.4,32.6,32.6,32.3,32.7,32.2,31.8,33.2,33.0,32.2,32.0,32.4,32.4,33.4,34.8,35.3,33.2,33.0,33.5,33.7,32.2,33.4,33.6,33.5,32.0,32.0,33.5,32.6,33.2,32.2,32.6,32.7,32.7,32.5,32.3,33.4,32.7,32.6,33.1,33.3,33.7,32.1,32.9,32.8,31.7,32.4,35.1,35.9,33.2,32.9,32.6,32.4,32.4,31.7,34.1,33.2,32.0,33.3,32.9,32.9,32.0,33.3,33.0,31.7,32.3,31.9,32.0,33.2,32.1,32.2,32.1,32.4,32.9,32.4,32.7,33.1,32.7,33.1,33.7,33.8,32.7,34.1,33.0,33.1,32.8,32.9,33.2,34.2,33.0,32.3,32.7,32.6,31.9,33.0,33.9,32.7,32.4,32.6,33.0,32.6,33.4,32.4,32.6,32.3,32.9,32.2,32.9,33.5,33.1,33.4,34.6,33.5,33.1,32.5,34.5,33.7,32.9,33.7,33.2,33.4,31.6,32.3,33.3,33.5,32.6,32.7,32.7,33.2,31.5,32.7,32.0,33.3,32.6,32.3,33.1,33.2,32.3,33.1,32.4,33.1,33.1,33.4,32.9,33.6,33.2,33.8,33.4,33.4,31.9,32.7,32.6,31.8,32.8,31.9,32.6,32.9,32.3,32.7,33.9,33.6,33.3,31.6,33.7,33.1,32.8,32.3,32.9,33.0,32.8,32.8,32.6,33.1,34.2,33.2,33.1,33.2,33.1,33.7,34.5,33.9,33.1,33.0,32.6,32.8,32.1,32.3,33.4,32.7,32.8,33.2,31.9,33.4,32.4,32.4,32.7,33.2,32.6,32.1,32.6,32.8,32.9,33.5,33.2,32.9,33.7,33.4,33.5,33.1,33.2,34.0,33.2,34.2,34.3,33.3,32.6,32.8,32.6,32.6,33.8,32.5,32.7,32.0,32.6,32.6,33.5,32.9,33.1,33.1,33.0,32.6,32.9,33.1,32.5,32.7,32.6,33.9,32.8,33.0,33.4,33.5,33.8,33.8,33.8,33.4,34.0,32.8,33.5,33.0,31.5,33.5,33.6,32.6,31.8,32.4,33.4,32.7,32.9,32.2,32.5,32.4,31.5,32.6,32.1,33.3,33.1,32.6,33.1,33.6,32.9,33.9,33.6,34.8,32.1,33.3,33.4,34.6,33.3,33.3,33.2,33.2,33.3,32.0,32.7,32.5,32.2,32.4,33.1,32.8,33.1,32.5,33.4,32.8,33.1,32.4,33.3,33.7,32.8,32.4,34.4,33.8,33.6,33.5,34.5,33.0,33.4,32.5,35.1,34.8,32.9,32.4,33.3,32.9,32.6,33.8,32.6,33.7,32.7,32.7,32.9,32.7,32.1,33.1,33.6,33.4,32.8,32.8,32.9,32.8,31.5,32.6,33.9,33.6,34.8,34.7,33.3,33.4,33.4,34.3,34.7,34.2,32.9,33.3,33.0,33.2,33.1,33.1,33.9,32.7,32.1,32.6,33.5,32.5,32.3,32.0,33.5,32.0,33.0,32.4,33.0,32.7,32.5,32.7,33.1,33.4,33.5,32.9,33.8,33.9,33.1,33.5,34.2,34.5,34.0,31.7,33.5,32.7,32.2,32.7,32.2,34.0,32.0,32.5,32.7,32.3,31.9,32.4,32.8,31.7,32.7,33.1,32.9,33.1,33.1,33.1,33.1,33.9,34.9,34.3,32.8,33.8,33.8,32.8,34.0,33.7,33.3,33.7,33.1,32.4,32.7,32.4,32.5,32.9,32.6,33.0,33.0,32.8,33.0,32.0,33.1,32.2,32.1,nan,32.8,33.2,33.0,32.4,33.0,34.0,33.5,33.5,34.2,32.9,33.2,33.2,33.3,32.9,33.9,32.4,33.5,34.1,34.2,32.7,32.5,33.4,32.9,32.1,32.5,33.2,32.4,32.5,31.7,32.9,32.6,32.8,32.8,33.1,32.8,32.9,32.8,34.0,33.9,33.8,33.3,33.5,32.8,32.8,34.2,33.2,32.7,32.0,32.1,32.8,33.7,31.9,33.6,33.4,33.0,32.6,32.4,32.3,32.9,32.0,33.0,33.0,32.4,32.7,32.7,32.9,33.0,32.3,32.7,33.9,33.4,33.1,33.0,33.6,32.7,33.4,32.2,34.0,32.6,32.3,32.8,34.3,31.8,33.4,32.5,32.8,31.6,33.6,32.0,33.1,32.8,32.5,32.3,33.6,32.8,33.1,33.6,33.6,33.0,31.7,33.3,32.3,33.1,34.2,33.7,33.3,33.1,33.7,33.3,33.6,33.9,34.3,32.6,34.3,34.4,32.1,33.5,32.8,32.3,32.3,32.7,33.3,32.8,32.9,32.9,32.9,33.4,33.1,32.5,32.4,33.5,33.1,33.6,32.9,33.4,33.4,34.5,32.9,32.8,33.0,33.6,33.5,33.8,32.4,34.0,32.6,32.7,32.7,33.1,33.7,32.9,32.8,31.6,32.5,32.4,33.3,33.9,32.2,32.2,32.7,32.6,33.3,32.8,31.9,33.1,32.8,32.8,33.3,33.5,33.7,33.0,33.9,32.7,33.2,33.1,32.5,33.6,33.9,33.6,32.6,34.0,32.5,33.1,32.9,33.3,33.0,33.3,32.4,33.3,33.3,33.3,32.1,33.0,32.1,32.6,32.6,33.1,32.7,33.1,33.3,33.8,33.9,33.9,33.5,34.1,33.6,33.1,33.6,34.6,35.0
1785303419.835962,545,32.2,32.9,31.7,32.5,31.9,33.0,31.8,32.3,31.3,32.9,32.1,32.0,30.1,32.6,32.6,32.6,32.4,33.0,33.1,33.0,33.2,32.3,31.9,32.2,33.1,32.4,33.1,33.0,34.0,32.7,33.4,32.5,34.1,31.7,33.1,31.6,32.4,31.6,32.0,31.9,33.2,31.2,32.8,32.0,33.0,33.2,33.3,31.9,33.7,32.1,32.8,33.3,33.2,31.9,32.2,33.2,32.8,32.3,32.3,32.0,33.9,31.7,33.4,34.4,31.6,32.8,31.9,31.9,32.0,33.9,32.1,32.3,31.6,33.1,32.6,32.3,31.7,32.8,32.8,32.3,32.4,32.5,32.6,32.5,33.2,33.4,33.7,33.0,33.0,33.8,33.7,33.2,33.1,33.0,32.9,33.1,33.4,32.3,32.4,32.4,32.5,32.1,33.4,32.6,33.2,32.3,31.7,32.8,32.1,32.4,33.0,32.7,33.6,32.7,32.7,33.3,33.9,34.1,33.9,33.1,33.8,33.3,32.6,33.1,33.6,32.0,32.3,34.1,33.1,33.0,31.7,32.9,33.3,32.3,32.7,33.7,33.3,33.0,33.1,32.8,32.0,33.0,33.0,32.8,32.3,32.9,33.2,32.2,33.7,34.4,34.0,33.9,33.6,32.9,32.6,32.1,32.4,33.2,32.9,32.0,33.6,31.3,32.5,31.9,34.1,32.0,32.6,32.3,32.9,32.2,32.3,32.0,32.2,32.6,32.9,32.3,33.4,31.8,32.0,32.6,34.1,35.2,34.4,35.0,33.2,31.8,33.2,33.7,33.4,32.7,33.6,33.0,34.0,33.3,33.1,32.1,32.4,33.7,32.6,32.1,31.6,33.1,32.1,32.5,32.4,32.5,33.2,32.2,31.6,32.4,32.4,32.4,33.6,34.0,34.7,33.4,33.0,33.4,33.2,32.1,32.8,32.9,33.0,32.1,33.4,32.1,31.7,32.6,32.6,31.5,32.3,32.4,33.9,32.5,32.7,33.8,32.3,32.1,32.6,32.6,32.8,32.0,32.6,32.6,34.2,32.8,33.4,34.3,33.8,33.7,33.6,32.6,33.0,33.1,32.6,33.8,31.6,32.3,32.1,32.1,33.1,33.1,32.5,32.8,33.2,32.5,31.7,32.5,31.9,32.7,32.7,32.9,32.7,32.4,32.7,33.5,33.4,34.2,33.1,32.6,32.9,33.3,33.9,33.8,32.5,33.1,32.0,32.7,32.8,32.1,32.6,33.6,34.0,32.3,32.0,33.3,33.1,31.9,32.5,32.6,32.3,32.6,33.5,33.1,32.7,32.2,32.9,33.3,32.9,32.7,32.9,33.0,33.6,32.6,33.1,34.1,32.5,32.0,32.2,33.0,32.7,33.7,32.4,33.5,32.8,33.7,32.3,32.2,32.7,33.2,32.0,32.4,33.0,32.9,33.0,32.6,31.3,33.5,33.8,32.8,32.6,33.7,33.2,33.7,34.0,34.1,33.0,33.1,33.4,32.4,32.8,32.1,33.0,31.3,33.0,33.0,33.0,32.0,31.5,31.9,32.6,32.4,32.8,33.3,33.3,32.2,32.1,33.1,32.9,33.0,32.9,33.0,33.6,33.6,33.4,33.8,33.7,33.2,32.4,32.7,34.7,33.2,32.7,33.2,31.5,33.7,32.8,33.3,31.8,33.3,32.2,32.1,32.7,33.5,32.0,32.5,32.6,32.1,32.6,32.3,32.3,33.1,34.3,32.5,32.6,34.5,34.4,32.9,34.9,34.1,34.5,33.7,33.6,33.1,32.6,32.8,33.5,32.0,31.9,32.1,33.6,33.1,32.2,32.8,33.3,33.3,32.8,32.6,33.3,32.8,33.0,32.9,33.6,33.2,33.3,33.3,34.2,33.5,33.8,33.4,33.8,33.0,34.3,34.8,33.5,32.2,32.5,33.6,34.1,32.7,33.6,33.0,32.7,33.2,33.4,32.8,32.0,32.4,32.6,32.3,32.1,32.6,32.6,32.3,33.1,32.4,34.4,34.9,33.7,34.7,33.9,33.3,33.8,34.0,35.0,34.5,33.1,32.9,33.0,32.8,32.5,32.5,31.9,31.6,32.6,32.6,32.1,32.6,32.8,32.1,33.6,33.2,33.2,32.2,32.0,32.9,33.6,33.3,33.4,35.0,35.1,33.3,34.0,33.9,34.5,34.9,34.2,36.2,34.7,32.8,32.9,33.7,32.8,32.3,32.4,33.4,32.5,32.5,32.9,32.3,32.5,32.9,33.6,33.1,32.9,32.6,32.3,32.5,32.6,33.1,34.1,34.1,35.5,34.7,32.6,33.4,33.1,34.5,35.2,34.8,33.8,33.5,33.7,32.8,33.6,33.1,33.5,32.9,32.8,32.6,32.3,32.8,33.7,32.2,33.1,33.2,32.4,nan,32.8,33.0,33.9,33.4,33.5,34.7,34.6,35.3,32.7,32.7,33.0,33.7,33.9,34.8,32.8,32.8,33.3,34.5,32.2,32.7,32.4,32.8,33.1,32.8,32.7,33.2,32.9,33.4,32.9,32.6,33.9,33.2,32.3,32.8,33.3,32.8,32.6,33.5,33.3,34.0,33.8,32.9,32.6,33.3,33.7,33.9,33.6,33.5,32.7,33.8,33.2,32.5,33.1,32.0,32.5,32.8,33.0,32.5,33.9,32.7,33.7,33.3,32.7,32.2,32.0,33.2,33.0,32.4,33.2,33.7,33.7,33.7,33.7,33.2,33.2,32.5,33.9,33.4,33.5,33.0,33.4,32.2,31.8,33.2,32.0,32.8,31.6,32.6,32.4,32.5,32.4,32.5,32.9,32.8,32.9,32.6,32.6,32.6,33.1,33.1,33.3,32.6,33.6,34.2,34.0,33.1,32.8,33.7,34.2,33.7,33.3,33.5,34.1,33.2,33.7,32.8,33.0,33.0,33.4,33.2,32.1,32.7,32.3,32.2,32.2,33.0,32.9,32.6,32.9,33.6,32.9,32.7,32.5,33.3,34.1,33.4,33.4,33.3,32.1,32.5,33.8,34.2,34.2,33.8,32.7,33.9,32.9,33.6,33.1,33.2,31.9,33.2,32.5,32.1,32.6,33.1,32.6,32.6,32.4,32.9,33.7,33.1,32.2,33.1,32.2,33.7,32.6,33.7,33.1,33.7,33.5,33.5,33.9,33.2,34.1,33.9,33.8,33.6,33.6,32.8,32.7,33.8,34.5,32.5,32.6,33.0,33.3,33.1,33.2,33.3,33.1,31.9,32.8,32.8,32.8,31.9,32.6,32.8,32.7,33.5,34.2,34.4,33.3,32.7,33.5,35.3,32.9,33.1,33.9,34.1
1785303421.8704467,546,33.5,32.0,32.4,33.6,32.0,31.8,31.9,32.0,32.2,31.6,32.8,33.8,31.0,32.1,31.5,32.7,33.2,32.5,33.0,32.5,32.9,32.5,31.8,32.1,32.4,33.1,31.3,33.1,32.8,32.4,32.5,32.4,33.2,32.4,32.7,31.8,33.2,31.0,33.0,32.2,31.9,32.7,32.7,32.5,32.9,32.6,33.1,32.8,32.7,32.4,33.2,32.8,33.3,32.4,31.2,32.2,33.5,31.6,33.7,34.5,32.0,32.0,31.8,33.0,32.5,33.2,31.1,33.7,32.4,32.6,31.4,32.8,32.8,32.3,32.3,32.7,32.2,32.3,31.8,32.4,32.3,33.4,31.6,32.2,31.1,33.1,34.0,33.7,32.3,33.1,31.8,32.9,33.3,33.0,32.1,32.8,33.5,32.0,33.2,31.9,32.2,32.0,32.1,31.9,32.9,32.5,32.0,32.6,33.3,31.9,32.4,33.1,32.5,32.8,32.8,32.5,33.8,33.1,34.2,33.9,33.3,32.2,33.3,33.0,33.3,31.9,33.1,32.6,32.0,32.9,32.3,33.9,32.2,33.4,32.4,32.7,32.9,32.9,32.0,32.4,32.5,32.9,33.0,33.1,33.2,32.0,32.0,32.3,33.4,33.8,33.1,34.9,33.3,33.7,33.0,32.2,32.5,32.7,31.5,34.1,31.7,33.0,31.9,32.2,33.1,32.9,31.9,32.2,32.6,32.1,33.3,33.3,33.1,32.6,33.1,32.2,33.1,32.6,32.8,32.2,33.6,34.0,34.8,34.6,33.8,32.6,33.1,32.6,32.6,31.8,33.1,33.9,31.6,32.7,32.4,32.6,32.1,32.5,32.7,32.3,32.0,33.7,32.7,32.6,32.6,32.4,31.8,32.8,32.2,32.5,32.3,32.4,33.1,33.3,34.3,34.5,31.7,33.1,32.3,32.8,32.0,32.8,32.9,33.0,32.6,32.2,33.3,31.7,32.4,32.7,33.0,33.0,33.1,32.6,31.8,33.3,33.0,32.7,33.2,32.7,31.9,32.7,33.3,32.2,33.4,33.5,34.8,34.0,32.8,32.9,34.4,32.7,33.7,32.4,34.4,33.1,32.4,32.2,32.2,34.0,31.4,33.6,32.0,32.8,32.1,31.7,31.6,33.4,32.6,33.1,32.8,32.3,32.3,33.0,32.8,33.3,32.8,33.6,33.1,33.7,33.3,33.9,33.1,32.8,32.0,32.4,33.3,33.0,32.5,33.1,32.7,31.9,33.3,32.2,32.6,33.0,32.4,32.1,33.0,33.2,33.0,32.0,32.5,32.9,33.1,31.9,32.8,33.5,34.0,32.7,34.0,32.9,33.5,33.4,33.9,34.3,33.0,33.4,32.6,31.9,32.8,33.0,31.5,32.6,32.5,34.0,31.8,32.6,32.3,33.1,32.2,32.7,32.3,32.8,32.3,32.2,32.8,33.0,32.5,34.4,33.6,32.8,33.1,32.8,33.6,33.4,33.3,34.3,33.2,32.7,32.3,33.3,32.7,32.3,33.0,32.2,31.7,33.1,32.8,31.8,32.7,33.0,33.3,32.7,33.2,32.4,33.3,31.8,32.7,32.1,32.8,33.4,33.5,33.5,33.8,33.5,33.0,33.2,33.9,33.3,32.5,32.3,33.8,33.3,32.5,33.7,33.1,33.4,32.0,33.3,32.6,32.7,33.1,32.8,31.8,32.8,31.8,32.3,32.3,32.8,32.2,32.5,32.9,33.7,33.3,32.7,33.5,32.0,33.0,33.4,33.7,35.0,32.4,32.7,32.3,32.9,33.2,32.7,32.4,32.6,32.8,32.8,33.0,32.5,32.8,32.2,34.0,32.5,33.4,32.3,32.9,33.2,32.9,32.4,33.4,33.0,32.9,33.5,33.7,34.4,33.3,33.1,34.1,33.3,33.9,32.3,32.8,32.3,34.0,33.3,33.1,32.7,32.1,32.7,33.1,32.8,33.1,32.1,32.3,33.3,33.5,33.1,33.0,32.2,32.7,32.7,32.8,33.5,33.8,33.0,32.8,33.2,33.1,34.0,34.2,34.3,32.6,33.4,33.1,32.3,33.0,32.4,33.2,33.0,32.4,31.9,33.1,32.3,32.5,31.7,33.0,32.6,31.9,32.3,33.2,32.3,32.9,32.6,33.2,33.6,34.0,33.7,33.7,33.1,33.7,33.1,35.3,34.0,33.2,32.9,33.8,32.4,32.7,32.2,32.5,33.7,32.0,32.9,32.1,33.5,32.8,32.8,32.3,32.3,32.8,32.5,31.8,33.0,33.0,33.2,32.8,34.0,33.9,35.3,34.2,34.0,33.5,34.1,34.2,34.3,33.7,33.8,32.9,33.9,32.2,31.5,34.0,33.0,33.1,32.1,32.7,32.3,32.9,32.2,31.9,32.6,31.8,nan,32.7,32.1,32.6,32.1,33.1,33.4,34.5,34.2,34.6,34.0,33.3,33.9,35.0,34.0,34.0,32.3,33.6,33.8,34.1,33.3,32.7,32.7,32.4,32.7,32.8,32.6,32.3,33.3,32.8,33.3,32.4,32.7,31.9,33.4,32.5,33.2,33.0,34.0,33.5,34.2,34.5,34.8,35.4,35.0,32.8,33.6,33.9,33.6,33.4,34.3,33.6,31.6,31.2,32.9,33.7,32.3,32.7,32.6,32.4,32.9,33.0,33.4,31.8,32.3,32.3,32.4,32.3,31.5,33.1,32.8,33.4,32.4,34.5,34.9,34.7,34.1,33.6,34.6,33.4,32.5,33.7,32.3,32.6,33.5,31.5,32.9,33.0,33.3,32.6,33.7,32.7,32.8,32.1,32.7,32.7,32.5,32.3,33.5,32.7,33.2,32.6,33.2,34.2,33.6,33.2,32.9,33.9,33.4,34.0,33.5,32.6,33.6,33.2,33.7,33.9,32.6,33.2,32.9,32.8,32.7,32.4,33.3,31.3,33.3,32.8,33.1,32.8,33.0,33.0,32.7,32.8,32.6,33.1,32.3,33.5,33.3,33.0,32.6,33.5,34.0,34.0,34.3,33.5,32.9,34.6,34.5,33.0,33.3,33.2,33.4,32.6,34.9,31.7,33.2,32.1,32.8,31.0,33.0,32.5,33.2,32.8,33.2,31.9,32.3,31.9,33.4,32.7,32.7,33.6,34.0,33.4,33.0,34.0,33.9,32.6,33.6,34.1,35.1,33.3,32.2,33.7,32.8,32.6,33.6,32.9,33.2,33.2,33.0,32.0,33.2,33.4,32.2,33.1,32.0,32.5,32.7,33.2,32.4,34.1,32.8,33.2,33.8,33.0,33.0,34.4,33.1,34.2,33.2,34.7,33.7
1785303424.0369723,547,33.3,32.6,32.2,35.2,32.3,31.3,32.8,32.9,32.3,33.3,32.1,33.3,32.6,32.2,32.9,33.5,32.9,32.8,32.7,32.8,32.8,32.3,32.5,33.2,33.3,33.8,33.5,33.6,33.6,33.2,33.4,33.5,33.3,33.0,33.1,33.3,33.1,32.0,33.5,31.9,33.0,33.0,32.6,32.8,31.9,33.6,32.8,33.4,33.0,32.7,34.1,32.1,33.0,32.1,33.8,33.8,33.2,33.8,33.2,33.3,33.2,32.8,34.1,33.8,32.8,32.3,33.3,32.6,32.2,33.3,32.5,32.7,32.7,33.1,32.9,32.6,32.1,33.0,33.0,33.0,32.8,33.2,32.8,33.2,32.8,33.4,34.1,34.1,33.3,32.8,32.9,33.4,32.5,33.9,32.6,32.9,33.4,32.3,32.2,32.0,31.9,32.9,33.0,33.0,33.7,32.8,32.8,31.7,32.7,33.4,32.8,33.2,32.4,33.0,33.6,33.1,32.7,33.7,34.6,34.3,33.9,32.9,32.8,34.0,33.2,33.1,34.6,33.6,33.1,31.4,32.6,33.1,33.1,32.7,33.3,33.9,31.7,32.6,32.8,33.3,32.8,32.9,32.5,33.0,32.2,32.5,33.0,33.4,32.8,33.0,34.6,35.5,33.9,33.6,34.3,33.5,32.6,33.0,33.4,33.7,33.1,32.7,33.5,32.3,32.2,32.4,32.8,31.9,32.4,33.6,32.3,32.9,32.7,33.1,33.9,33.3,32.7,32.7,33.1,32.1,33.1,33.4,35.8,35.2,34.8,33.1,33.4,34.1,33.0,33.5,32.8,33.2,32.6,33.3,33.1,33.5,32.7,31.6,32.4,32.4,32.4,33.7,32.8,32.5,32.8,33.7,32.5,32.7,32.6,32.6,32.3,33.6,32.4,33.4,34.3,34.9,33.9,33.1,32.8,33.6,33.6,33.1,34.2,32.7,31.8,31.4,33.6,33.0,32.8,32.6,32.9,32.7,32.5,33.0,32.7,33.2,32.4,32.6,33.6,32.8,33.4,32.6,33.6,32.5,33.1,33.4,34.4,33.6,33.6,33.8,33.4,34.2,33.4,33.3,33.4,32.3,32.3,33.7,31.9,34.1,33.3,32.6,33.0,32.8,32.7,31.3,33.2,33.2,31.9,32.1,32.4,33.2,32.7,32.3,32.9,33.2,33.2,33.4,33.7,33.9,33.5,33.1,33.9,34.0,32.5,32.2,33.0,34.3,32.8,32.5,32.6,32.6,32.5,33.0,33.8,33.6,32.9,32.9,32.6,33.1,31.6,32.1,33.1,33.1,32.6,32.6,34.0,33.4,33.1,33.1,33.1,33.5,33.9,34.3,34.3,33.5,33.3,34.2,33.3,33.8,32.9,32.7,33.9,33.9,32.6,32.8,33.5,33.2,32.5,33.2,33.2,32.3,32.2,32.7,33.2,32.4,33.2,33.4,33.8,33.6,33.9,33.5,33.7,33.1,34.0,33.4,33.5,34.2,34.7,32.9,34.2,34.2,33.4,32.8,32.7,32.2,32.7,33.0,33.3,32.6,32.5,32.7,33.7,32.8,32.5,32.2,33.1,33.4,33.0,33.7,33.1,33.3,33.0,33.6,33.7,32.3,32.9,34.0,33.6,32.3,33.1,34.0,33.3,32.6,32.3,32.3,31.8,33.3,33.4,32.8,33.2,33.0,33.7,32.6,33.2,33.0,32.4,33.2,32.7,32.1,33.4,33.5,33.8,33.7,33.4,33.4,33.7,34.1,32.9,33.3,34.3,35.1,34.3,33.5,33.8,32.8,33.9,32.2,33.3,32.3,33.1,32.9,33.1,32.9,33.1,33.3,32.9,33.1,32.8,32.7,32.6,32.7,32.8,32.8,34.3,34.1,34.1,33.6,33.3,33.7,35.3,33.7,34.7,34.9,34.2,34.0,34.1,32.8,33.6,32.9,32.4,33.4,32.9,32.7,33.5,34.1,33.2,32.6,32.6,33.3,32.6,33.1,33.1,33.1,32.8,32.4,33.9,34.7,34.7,34.2,33.9,33.6,32.9,33.8,33.9,34.9,34.0,32.8,34.4,33.6,32.3,32.9,32.3,32.9,32.6,33.6,33.7,33.1,32.8,32.4,33.5,33.1,33.0,32.7,33.4,33.2,32.7,33.0,33.3,33.5,34.9,34.9,34.6,33.5,33.5,33.5,34.6,34.8,33.8,33.9,33.9,33.1,32.4,32.5,32.8,33.2,31.7,33.0,32.2,33.4,33.6,32.9,33.4,32.9,32.9,32.8,32.6,33.1,32.2,33.1,32.9,34.1,34.4,34.9,33.6,34.0,34.8,33.8,34.8,34.4,33.5,33.5,33.8,34.8,33.0,33.0,32.7,32.1,33.5,33.0,33.3,32.2,33.0,32.8,32.8,33.2,32.7,nan,33.1,33.2,32.5,33.3,33.1,33.2,34.3,33.8,34.4,33.7,34.2,33.9,34.4,34.5,34.5,33.7,34.3,33.3,33.9,33.0,33.2,34.0,31.0,32.7,33.1,33.4,32.9,33.7,32.6,33.4,32.8,32.3,32.4,33.1,32.4,32.1,33.7,33.6,33.7,34.1,33.2,34.3,33.3,33.5,33.1,35.0,33.6,33.1,33.3,34.2,32.8,32.5,33.6,32.4,32.7,33.5,32.8,32.8,33.0,33.0,33.4,33.2,32.4,33.2,33.3,33.0,33.4,32.7,33.7,33.7,34.0,34.0,34.1,34.1,33.7,33.3,35.4,34.1,33.5,33.0,33.2,33.1,33.8,33.8,32.6,35.1,33.3,33.2,32.5,34.2,32.6,32.4,32.9,33.8,32.8,33.3,32.4,33.8,33.1,32.4,33.9,34.2,33.8,33.3,34.2,34.0,32.9,33.5,34.2,34.1,32.9,33.5,32.0,33.8,32.4,33.8,33.7,32.8,33.1,33.4,32.7,32.7,32.5,32.9,33.9,32.5,33.1,32.4,33.1,33.1,33.2,32.5,32.9,33.8,33.7,34.7,34.8,33.4,32.6,33.7,34.9,33.2,32.6,33.4,33.8,34.1,33.6,33.9,33.5,33.7,33.3,32.4,32.9,33.3,32.6,33.3,33.3,33.5,32.9,31.5,32.8,33.8,33.4,32.4,33.1,32.8,33.5,33.1,34.0,34.4,33.1,33.7,34.1,33.8,33.9,32.9,34.7,34.6,33.6,35.1,33.8,32.7,33.3,33.1,33.3,33.3,32.8,32.6,33.7,32.9,33.0,32.8,33.8,31.7,32.6,33.1,33.8,33.5,34.2,33.3,34.8,34.4,33.5,33.5,34.1,34.1,33.7,33.3,33.3,34.7
1785303426.1898627,548,33.9,31.5,31.8,33.2,32.7,31.7,33.1,32.2,32.8,32.9,32.8,32.7,33.6,31.5,33.4,33.0,32.5,31.8,32.5,33.0,32.3,31.5,31.2,33.5,33.0,32.4,31.9,32.3,33.0,31.3,32.7,33.0,31.7,33.3,32.3,32.9,33.1,32.5,32.0,33.8,32.2,32.5,32.2,33.1,33.2,33.5,32.2,33.0,32.4,32.4,32.2,32.8,32.2,32.6,34.1,32.4,33.0,33.6,34.2,34.0,32.5,32.5,33.3,33.7,32.6,32.7,33.1,31.4,32.5,32.2,32.6,31.7,33.4,32.2,32.3,33.0,32.2,32.1,33.0,32.6,33.0,32.3,32.9,32.3,33.9,33.2,34.3,33.2,33.8,31.9,32.4,33.2,33.4,32.0,32.5,34.5,31.9,33.1,31.9,32.7,31.0,33.0,32.4,32.9,32.0,32.7,32.4,32.4,32.3,33.0,32.3,32.8,32.4,32.5,33.0,32.7,32.9,33.5,34.6,34.4,32.5,33.2,33.0,32.9,32.6,33.2,33.6,33.9,33.6,31.6,32.3,32.9,32.0,32.7,32.6,32.5,32.7,32.2,31.6,32.5,31.9,31.8,32.7,32.5,33.3,33.0,32.9,33.7,32.3,33.0,34.5,34.3,33.3,32.7,32.7,33.5,32.7,32.6,32.8,33.1,33.4,33.2,32.9,32.8,32.8,32.3,32.4,33.5,32.7,32.3,31.3,31.9,32.9,31.8,33.0,32.7,32.6,33.0,33.2,33.2,32.4,33.7,35.9,35.4,33.4,32.8,33.6,33.0,32.4,33.6,33.2,32.8,32.3,31.5,32.6,32.1,33.2,31.8,33.1,32.4,32.4,31.6,32.4,32.3,31.8,31.8,33.4,31.7,33.0,32.9,32.3,33.1,33.5,32.6,32.8,33.4,32.9,32.7,32.2,33.2,33.7,31.9,32.8,33.5,31.2,33.7,32.9,33.9,31.1,32.5,32.3,32.8,31.8,32.3,32.8,33.3,32.3,32.7,32.7,33.0,31.3,32.5,32.9,32.7,33.6,33.5,33.7,33.7,32.9,33.2,33.2,33.2,32.7,33.2,32.4,33.5,33.2,33.3,32.6,33.1,32.7,32.0,32.6,32.5,32.4,32.8,32.3,32.5,32.8,32.1,32.2,33.4,32.8,32.3,33.0,32.9,33.9,33.2,33.3,33.4,32.9,32.7,33.3,35.0,33.1,33.5,32.9,33.3,32.6,31.8,32.6,33.3,32.1,33.7,33.2,32.3,32.6,32.8,31.2,32.7,32.3,33.3,32.3,33.2,32.7,31.9,32.9,33.7,32.9,33.9,33.1,33.3,33.4,34.4,33.8,34.0,33.8,33.6,33.4,33.1,33.2,31.4,32.1,32.5,32.3,32.1,33.4,32.7,33.3,31.5,32.8,32.9,32.8,31.8,32.6,32.3,33.0,32.4,33.5,33.4,33.6,32.9,33.0,33.4,32.4,33.3,33.1,33.5,33.5,32.4,32.7,33.5,31.9,32.7,33.2,32.9,32.1,32.6,31.8,33.5,32.8,33.0,32.4,33.2,32.6,32.9,32.8,32.7,31.1,33.2,33.7,33.4,33.3,33.7,32.9,33.6,33.9,33.1,33.1,33.1,34.0,33.4,33.1,33.5,33.1,32.5,32.1,31.4,33.1,33.0,32.9,33.2,32.6,32.0,33.0,32.2,33.2,31.5,33.2,32.4,33.5,31.9,34.1,34.0,32.9,33.7,33.5,33.3,33.2,33.6,34.0,34.0,33.2,32.5,33.3,33.4,32.4,32.9,32.1,32.2,32.0,33.2,31.5,32.5,31.8,32.7,33.3,33.1,32.0,33.1,32.6,33.4,32.3,33.7,34.6,33.9,33.1,33.9,34.4,33.8,31.7,33.6,34.2,34.5,32.5,32.3,33.3,33.7,33.1,32.5,32.7,33.5,33.0,31.7,32.4,32.8,32.6,32.4,31.8,31.8,33.2,33.2,33.0,32.9,33.2,32.3,33.0,34.1,35.1,34.7,33.7,34.1,34.3,33.8,34.8,34.2,33.4,33.1,33.7,32.2,32.5,33.4,32.3,33.0,31.9,31.6,32.6,33.4,32.9,32.5,32.6,33.1,33.3,33.6,33.0,33.1,31.9,32.8,32.6,33.1,34.4,33.9,34.0,34.1,32.9,33.3,34.4,35.1,33.5,33.6,33.3,33.2,34.0,32.1,32.7,32.6,33.3,32.8,32.1,33.2,33.0,32.9,32.5,32.6,32.8,32.9,32.8,33.1,32.8,32.4,33.5,34.4,34.1,33.6,33.0,33.9,33.9,33.4,34.8,34.6,33.6,32.7,33.5,32.8,32.7,33.3,33.3,33.6,31.7,33.8,32.2,33.9,32.1,33.1,32.8,32.8,32.7,nan,32.0,33.3,32.3,33.1,32.2,33.8,33.5,34.7,33.3,33.3,30.1,33.1,34.0,33.5,33.5,33.5,32.9,35.4,33.4,32.7,32.3,32.4,32.8,32.5,33.2,32.3,32.7,31.8,32.7,32.7,32.2,32.2,32.0,32.8,32.9,32.8,33.2,33.4,34.2,34.1,32.8,33.3,33.4,32.9,33.9,35.3,34.1,32.7,33.8,33.4,33.0,33.9,32.3,33.3,32.1,32.7,32.6,33.1,32.0,32.6,32.5,33.1,32.2,33.0,32.8,33.4,32.7,32.7,32.4,33.5,33.3,33.8,32.8,34.0,32.3,33.6,35.2,33.5,32.2,33.5,34.2,33.8,34.4,32.7,33.2,33.4,31.8,31.9,32.8,32.0,32.5,32.4,33.2,33.1,33.0,31.9,33.7,32.9,33.1,31.7,33.0,33.1,33.2,33.5,33.9,33.1,32.9,32.2,33.8,34.3,33.8,33.5,34.0,34.0,32.1,33.7,33.2,33.5,31.9,32.3,32.1,33.5,32.3,33.1,32.9,32.4,32.9,33.8,33.7,32.8,32.4,33.1,33.2,32.0,33.9,33.8,34.3,33.7,32.1,34.4,33.6,34.7,33.9,32.3,33.4,34.2,32.1,31.1,32.0,33.2,32.8,31.8,32.0,33.3,32.9,32.7,32.9,32.4,33.9,32.6,33.4,32.6,33.0,31.4,32.1,32.2,33.8,32.8,33.8,33.3,34.2,32.7,34.0,33.6,33.8,33.1,34.6,34.5,31.5,32.4,32.9,33.9,32.7,33.0,32.8,33.4,32.6,33.4,33.1,32.9,32.4,33.6,32.1,33.7,32.9,32.4,32.4,33.4,32.7,33.4,34.2,34.3,33.1,33.6,33.9,33.4,33.3,34.3,33.9,33.5
1785303428.273526,549,32.9,31.4,32.1,32.4,32.9,31.6,33.6,31.7,32.6,31.8,33.0,33.0,32.5,31.0,32.6,32.9,32.8,32.1,32.3,33.1,32.5,31.8,32.0,33.1,32.6,31.9,32.8,33.5,33.7,32.2,33.0,33.4,31.6,33.1,32.7,32.0,31.5,32.1,32.6,34.1,32.3,33.1,32.5,32.9,32.9,32.7,32.3,33.3,31.6,33.1,33.0,32.4,32.3,32.0,32.3,32.9,33.5,33.2,33.3,34.0,32.2,33.8,31.5,33.0,31.4,32.4,32.2,32.0,32.1,32.1,32.6,34.2,32.4,31.5,32.6,32.7,33.0,32.2,31.8,32.4,32.9,32.5,32.5,32.4,32.5,32.8,33.6,32.2,33.0,32.3,33.6,32.5,33.2,32.5,33.0,32.8,32.8,33.2,31.8,33.0,32.2,32.6,32.7,32.7,31.9,32.4,31.8,32.4,31.3,33.1,32.2,32.8,32.3,32.6,32.2,33.3,32.1,33.0,34.0,34.4,32.5,33.0,33.1,33.9,32.3,31.9,32.2,33.5,32.7,30.6,31.4,33.6,32.8,31.8,33.2,31.5,32.3,32.1,32.1,32.0,33.0,32.1,31.7,31.9,32.9,32.3,32.2,32.6,33.6,32.8,34.6,34.7,33.4,32.0,33.0,33.9,32.7,33.1,33.3,33.6,32.3,31.9,32.4,33.7,31.3,32.7,32.9,32.4,31.4,32.2,32.8,32.1,32.8,33.1,32.1,32.8,32.6,32.8,32.8,32.7,32.8,34.0,34.5,35.1,32.8,33.1,32.9,33.8,32.1,33.4,32.4,34.6,32.3,32.5,32.2,33.2,32.1,32.5,32.7,32.0,32.9,32.0,32.7,32.1,32.4,31.9,32.1,32.6,32.3,31.8,32.7,33.2,32.8,32.5,33.4,34.0,33.4,32.1,32.9,32.0,33.1,32.8,33.3,33.0,30.8,32.6,32.2,32.5,31.8,32.7,32.2,33.0,31.7,32.1,33.1,32.5,32.3,32.8,32.7,32.8,31.9,32.8,32.3,33.2,33.2,34.1,32.8,34.7,33.2,33.2,31.7,32.3,32.2,33.2,32.3,33.3,32.6,32.6,32.0,32.0,33.0,32.1,31.8,33.3,33.3,32.5,32.7,33.2,32.6,31.7,33.1,33.3,32.3,32.6,32.4,32.8,34.0,32.3,34.4,33.0,34.4,33.5,33.6,34.0,32.9,33.0,33.1,33.0,31.6,33.1,32.9,32.9,32.8,32.4,32.8,33.7,33.2,33.1,31.5,32.3,32.0,33.1,32.6,33.0,32.7,33.3,31.5,33.2,32.5,33.4,33.3,33.2,31.6,33.9,32.8,34.1,33.0,33.6,32.7,33.5,32.6,31.8,32.9,33.8,31.9,31.6,32.5,33.1,32.3,32.4,32.7,32.2,32.8,32.3,33.1,32.8,32.3,32.0,32.5,32.3,33.3,33.0,34.4,33.0,33.4,32.5,33.3,32.5,32.8,33.2,33.5,32.2,32.7,32.1,32.7,32.7,31.8,32.9,33.0,32.3,32.9,32.6,32.8,32.9,32.1,33.0,32.3,33.0,32.8,33.3,32.8,33.7,32.5,33.2,32.8,33.5,32.8,34.7,33.2,33.1,32.5,33.8,32.8,32.9,32.9,32.6,33.5,33.8,31.5,32.7,32.4,31.9,33.3,31.3,32.8,32.9,32.6,32.0,32.6,32.5,32.5,32.5,33.3,34.1,32.8,32.7,34.3,32.7,33.1,32.0,33.5,34.1,34.4,32.8,32.5,32.7,32.7,33.1,32.2,33.2,31.5,33.0,32.1,31.6,32.5,32.7,32.5,33.0,31.8,32.4,32.4,33.7,32.4,33.7,33.4,33.5,32.9,34.6,33.0,33.1,32.8,32.6,33.7,34.8,33.5,32.9,32.6,34.5,33.1,33.2,33.1,33.1,33.1,31.3,33.3,33.4,32.8,31.8,32.8,33.0,32.6,32.8,33.0,32.8,33.0,31.7,33.0,33.8,34.7,34.1,33.8,33.8,33.5,33.0,33.5,34.2,33.5,31.7,34.5,33.3,32.4,32.8,31.8,33.2,31.8,32.1,32.7,32.3,32.2,33.0,33.2,32.7,32.4,32.9,32.9,32.8,31.6,33.1,33.0,34.1,34.0,33.9,33.2,34.1,33.7,33.6,34.3,35.0,32.8,33.2,33.4,33.0,31.8,32.8,32.5,32.3,32.2,32.5,32.6,32.6,32.3,32.1,33.3,31.8,32.4,32.2,32.5,32.8,32.3,31.9,33.0,33.0,34.4,34.3,34.2,33.0,34.5,33.9,33.8,34.1,33.2,33.2,33.7,32.1,32.0,32.7,32.4,32.6,32.5,32.5,32.3,33.2,32.5,33.2,32.4,32.9,31.8,nan,32.2,33.4,32.1,33.1,32.7,33.1,32.7,34.4,33.9,32.9,33.9,33.4,33.4,34.0,34.0,33.1,32.8,33.4,32.8,32.0,32.7,32.3,31.9,32.9,32.6,33.1,33.1,31.2,33.0,33.7,32.2,31.3,32.7,33.0,33.1,31.5,34.1,33.5,33.6,33.0,33.3,33.2,33.3,31.9,32.4,32.9,34.1,32.3,33.8,33.9,30.9,32.8,32.8,33.5,31.8,32.3,32.9,32.9,32.1,32.1,33.4,33.9,32.0,32.9,32.1,32.9,31.9,33.3,33.3,33.3,32.8,33.8,33.1,33.3,32.7,33.3,32.9,33.9,32.5,33.1,32.3,33.0,33.1,32.2,33.0,32.5,32.6,31.8,32.6,32.8,31.8,32.1,32.8,32.7,32.8,32.7,33.5,33.4,33.4,32.7,33.0,32.7,34.0,32.3,33.5,33.2,33.2,32.3,33.6,33.1,33.0,32.8,34.0,34.2,32.0,33.1,32.3,33.1,31.6,33.3,33.5,32.4,32.2,32.6,32.6,32.9,32.8,33.5,32.6,32.5,32.4,32.6,32.9,33.2,33.1,34.0,33.3,33.7,32.4,33.8,32.9,34.5,31.9,34.3,33.3,35.1,33.7,32.4,33.0,33.4,33.2,32.7,33.0,33.4,33.4,32.5,33.4,33.0,32.7,31.9,33.2,33.9,32.5,32.3,33.7,33.2,33.4,33.0,33.9,34.1,33.0,32.8,34.2,32.7,33.6,33.2,33.5,34.9,32.4,33.4,33.5,33.6,33.0,33.0,32.3,32.9,31.8,33.0,32.9,33.4,32.1,33.4,32.3,32.1,31.9,32.7,33.2,32.2,33.3,33.7,33.6,34.1,34.0,33.4,32.2,33.4,34.0,33.7,33.1,34.2
1785303432.6625197,551,33.3,32.9,31.8,33.0,33.5,32.8,31.3,33.1,32.5,32.7,32.9,32.0,32.5,31.7,32.0,32.2,32.4,31.5,32.3,32.6,32.6,31.5,32.3,32.2,32.1,33.6,31.8,31.9,32.0,32.5,32.4,32.5,34.1,32.0,32.8,31.9,32.7,32.9,32.7,32.9,32.6,32.6,31.6,32.2,29.9,32.5,32.2,33.4,32.8,32.5,32.4,32.3,33.2,32.3,32.4,32.8,32.8,32.8,31.9,33.1,33.0,32.1,32.1,33.9,32.8,32.5,31.4,32.6,32.2,32.9,32.1,32.5,32.3,32.2,31.6,31.9,32.7,31.7,32.2,33.2,32.6,33.3,31.0,32.8,33.5,32.2,32.2,32.3,33.1,33.4,31.7,33.4,32.5,32.4,33.1,33.8,32.9,32.3,32.2,32.2,33.1,32.3,31.4,32.7,33.7,32.6,31.7,32.6,32.3,32.1,32.5,32.1,32.9,32.7,32.4,32.5,32.9,33.7,33.9,33.6,33.4,32.5,31.8,33.8,32.4,31.8,31.6,33.4,32.6,32.1,31.9,32.2,32.9,32.5,32.7,31.8,32.2,32.6,32.6,32.0,32.1,32.2,32.4,32.7,32.8,32.4,32.9,32.2,32.6,33.9,35.0,34.6,32.8,33.4,32.5,32.3,31.8,32.6,32.7,33.1,33.6,32.9,31.8,33.6,32.8,33.0,32.6,32.1,32.5,32.8,32.0,32.0,32.2,32.5,32.0,32.5,33.2,31.9,32.2,32.2,32.6,33.9,34.8,34.4,33.4,32.7,32.6,32.9,32.8,33.3,32.6,32.9,33.5,31.7,32.2,33.1,32.9,33.0,33.9,32.1,31.5,33.0,31.6,32.2,32.6,31.7,32.0,32.4,31.7,32.7,32.5,32.4,33.3,32.6,33.3,34.6,33.0,32.7,32.2,32.9,33.0,33.3,33.4,33.8,31.6,32.5,31.3,32.6,32.5,33.2,32.5,32.5,32.4,32.0,32.2,32.4,31.8,31.7,32.9,32.4,31.8,32.1,32.3,33.1,32.8,32.2,33.4,33.1,32.8,33.4,33.6,32.6,32.9,33.3,32.6,32.7,33.1,33.1,32.5,32.9,32.2,31.8,31.9,32.1,33.1,33.0,31.8,32.9,33.2,31.9,33.1,32.2,32.5,33.1,32.2,32.4,33.1,32.7,32.8,32.6,33.8,33.8,33.1,32.4,33.6,33.3,32.8,32.7,32.8,32.5,31.8,32.8,32.1,32.6,32.5,32.5,32.6,31.9,31.9,32.5,32.9,32.2,32.9,32.3,32.6,32.6,32.0,33.7,32.8,33.1,32.3,33.1,33.6,32.7,32.4,33.7,32.7,33.1,32.5,32.4,33.5,32.7,32.9,32.1,32.9,33.3,32.8,33.0,32.7,32.9,32.3,32.8,32.7,32.4,33.1,32.1,33.0,32.1,33.0,32.6,32.9,33.2,32.5,32.8,32.8,32.6,32.8,32.8,33.8,33.3,32.4,33.6,33.2,32.4,32.7,32.2,32.0,32.5,32.7,32.7,32.1,32.7,31.8,32.7,32.2,33.0,32.8,32.3,32.8,32.4,32.8,32.0,33.9,33.1,33.4,32.6,33.1,33.3,33.5,32.3,32.6,33.8,33.3,32.8,32.1,33.1,32.2,33.5,33.4,32.4,31.8,33.4,33.7,31.4,32.6,32.9,32.8,33.1,32.5,32.8,33.2,32.1,33.6,34.2,32.9,33.0,33.2,33.1,34.2,34.0,33.7,34.2,34.1,33.8,33.0,32.8,32.8,32.0,31.7,32.8,33.3,32.7,32.8,32.6,32.8,32.2,33.3,31.8,32.8,32.9,32.2,32.8,32.6,33.1,32.7,32.8,33.4,33.7,33.1,33.3,33.1,33.8,33.6,35.1,32.9,32.9,33.1,33.4,33.6,33.1,32.6,32.4,32.5,31.9,31.9,32.2,32.7,32.7,32.7,34.2,33.2,32.6,31.9,33.1,32.9,31.8,33.2,33.9,34.9,33.9,33.0,33.3,33.4,33.5,33.6,33.8,33.0,32.8,33.0,31.8,32.7,32.7,32.5,32.5,32.1,32.3,32.8,32.9,32.6,33.2,33.1,32.1,32.4,32.6,32.8,32.8,32.8,33.4,32.9,33.5,33.9,34.1,33.8,33.3,33.6,33.8,33.7,33.7,33.8,33.0,32.9,33.9,32.4,32.1,33.0,32.6,32.6,32.6,31.9,32.2,32.0,33.2,31.5,31.9,33.1,31.8,32.5,32.8,32.8,32.8,32.5,33.1,33.8,33.9,33.2,33.8,32.5,33.6,33.6,33.7,34.0,32.9,33.0,33.2,33.2,32.6,33.7,33.1,33.4,32.4,32.8,32.4,33.0,33.1,31.6,32.1,32.9,nan,33.0,32.5,32.4,33.3,32.7,33.3,33.8,33.6,34.0,34.0,32.3,33.7,34.8,33.4,32.6,32.8,33.7,32.8,33.1,33.6,32.0,33.2,31.9,33.4,33.4,33.6,32.3,32.5,32.7,33.3,32.4,32.4,32.6,32.5,33.5,31.8,32.7,33.5,34.0,34.0,32.5,32.8,33.2,33.6,33.6,34.1,32.7,32.4,33.3,32.4,33.0,32.5,32.5,33.4,33.4,32.8,33.2,32.8,33.5,32.8,32.5,33.0,32.2,32.0,33.0,32.0,32.9,32.5,34.0,33.8,33.2,33.3,33.2,32.8,32.8,32.1,33.9,33.9,33.0,33.0,32.4,33.0,33.2,34.1,33.1,32.2,33.1,33.8,32.5,33.3,32.6,31.9,32.0,33.6,33.6,33.1,33.2,32.1,32.7,32.9,32.2,33.6,32.5,33.0,33.1,33.1,33.3,33.1,33.5,33.9,33.7,33.1,32.8,33.2,33.1,32.7,33.7,33.2,32.7,32.0,32.0,31.9,32.9,32.3,32.2,33.0,33.1,32.5,32.4,32.4,33.5,31.8,32.5,32.7,32.7,33.7,33.8,33.0,32.6,33.0,33.8,34.4,33.6,33.8,33.4,34.1,32.4,32.7,33.7,33.5,32.5,32.8,32.3,32.3,32.5,32.6,32.5,32.8,32.9,32.9,33.8,32.6,33.2,32.6,32.3,33.5,33.1,32.4,34.0,33.1,33.5,33.3,33.3,32.4,33.3,32.9,34.0,33.4,33.4,33.3,32.0,32.9,32.7,33.1,32.2,33.5,33.3,32.2,31.7,33.3,33.1,32.4,33.0,32.0,33.8,32.2,32.2,32.6,32.9,33.8,33.7,33.5,32.9,33.1,33.5,34.3,33.3,33.8,33.3,34.3
1785303434.9716647,552,34.2,30.9,32.6,32.9,32.4,32.8,32.1,32.9,33.0,31.9,31.6,32.3,32.3,32.9,33.2,32.4,32.6,32.4,32.4,33.2,33.2,32.4,32.0,33.7,31.8,31.5,33.0,33.2,33.0,31.3,33.2,33.0,32.8,32.9,33.3,31.2,32.0,31.9,32.9,33.0,32.0,32.9,32.6,33.2,31.9,32.9,32.8,32.6,33.0,32.9,33.1,32.6,32.8,32.7,33.5,32.7,31.8,32.1,32.3,33.8,32.9,32.7,32.8,31.2,31.9,32.0,31.7,34.6,33.2,32.2,33.4,33.3,32.6,31.8,32.4,32.8,32.3,32.4,32.1,32.8,32.7,32.8,32.7,31.8,32.3,33.4,33.6,33.9,32.6,33.0,31.8,33.6,31.7,32.4,32.3,34.5,32.9,32.2,32.6,32.3,32.1,32.6,32.6,32.2,32.2,32.0,32.2,33.2,32.3,32.0,32.8,33.5,33.4,32.6,33.0,32.3,33.0,32.8,34.3,33.3,33.4,32.8,34.1,31.9,32.6,32.3,32.5,32.8,33.2,32.3,32.3,32.4,31.9,33.1,32.0,32.7,31.9,32.8,32.5,32.5,32.9,32.0,32.0,33.0,32.4,32.0,32.7,32.9,32.5,32.7,35.1,33.9,32.9,33.2,32.2,32.9,32.6,33.4,31.7,33.7,32.4,32.5,31.6,31.8,32.2,33.2,32.9,32.5,31.8,32.7,33.2,33.6,32.0,31.9,33.4,32.3,31.9,32.9,33.0,33.0,32.9,32.9,34.4,34.9,31.6,33.1,32.6,33.8,32.0,33.0,33.8,32.6,32.7,32.6,32.1,33.7,33.2,32.4,31.9,32.4,32.5,32.6,32.3,33.5,32.2,32.0,32.6,32.5,32.8,31.8,32.6,32.7,32.3,32.1,33.6,34.1,32.6,33.4,34.0,33.4,33.8,32.5,32.8,33.7,31.4,32.6,32.3,32.9,32.3,32.3,33.4,32.8,31.8,32.8,32.7,33.0,32.7,32.5,33.2,33.0,32.1,32.3,32.9,32.5,32.6,33.4,32.9,33.8,33.2,33.0,33.9,33.7,31.1,32.4,33.0,32.4,32.3,32.9,32.4,32.5,32.5,32.4,33.1,33.0,33.2,32.8,33.0,33.2,32.8,33.0,33.2,33.7,32.7,32.9,32.1,33.7,32.4,32.6,32.9,32.9,32.7,32.4,33.4,34.0,32.7,32.7,33.3,33.9,32.4,32.8,32.8,33.5,32.1,32.9,33.0,32.2,32.8,32.6,33.2,32.8,32.4,32.8,32.4,31.7,32.3,32.3,33.5,32.7,33.4,32.9,33.7,33.7,32.9,33.7,33.1,32.7,32.3,32.6,33.6,32.6,32.3,31.9,32.4,33.3,33.2,32.1,32.1,33.7,32.6,32.2,33.0,33.5,33.6,32.6,33.2,33.2,32.9,31.6,32.9,34.2,33.7,32.6,33.1,34.1,32.6,31.7,32.5,32.9,33.3,31.6,33.1,32.7,32.6,32.5,32.4,32.7,31.9,31.8,32.7,32.8,32.1,32.3,32.9,32.7,32.5,31.7,33.1,32.5,32.1,33.1,33.4,32.7,31.8,33.0,33.1,32.3,32.4,33.0,33.3,32.9,32.9,34.1,33.2,32.1,33.3,32.7,32.7,33.5,32.7,32.6,32.2,33.0,32.9,31.9,31.9,32.7,32.6,32.4,32.9,33.5,33.3,32.3,32.6,33.7,33.1,33.9,33.9,33.4,33.4,33.4,33.8,34.4,34.2,32.5,32.3,33.4,33.0,31.2,33.8,33.1,32.2,33.1,31.3,33.0,32.1,32.5,32.6,32.5,31.7,33.0,32.9,31.9,31.8,32.2,34.1,34.3,31.8,33.3,34.6,32.7,33.6,33.5,35.0,33.9,33.8,32.7,33.5,32.9,32.5,32.3,32.8,32.8,32.6,32.3,32.9,33.9,33.2,32.0,32.8,33.4,33.1,31.6,32.1,32.8,32.3,32.6,32.9,34.0,35.0,34.2,33.6,33.6,33.5,32.6,34.5,34.1,33.7,33.3,31.9,33.0,32.3,32.8,32.9,32.6,32.4,32.4,33.7,32.8,31.1,32.3,32.6,33.0,33.1,32.4,32.9,33.2,33.4,32.9,33.7,32.4,33.8,33.7,34.1,33.9,33.1,33.4,33.5,34.8,32.4,33.8,33.3,34.6,33.3,32.9,32.9,34.2,32.4,32.4,32.6,32.5,33.1,32.7,32.3,32.1,32.4,32.2,32.9,33.1,33.1,33.1,33.0,33.7,33.6,32.4,33.1,33.6,34.7,32.9,34.0,34.2,33.7,33.1,31.9,34.4,32.1,32.5,32.3,31.8,33.0,32.8,32.2,32.8,32.3,32.5,33.5,32.7,33.0,nan,32.6,32.6,32.2,32.9,33.0,33.2,33.3,33.5,32.8,33.4,33.0,33.2,34.6,33.5,33.5,33.2,33.3,32.9,34.4,32.7,32.1,33.4,32.8,32.4,32.6,33.2,32.8,33.4,32.4,33.1,32.5,32.4,33.1,33.6,33.3,32.7,33.0,33.9,34.0,33.4,32.4,33.3,33.1,32.9,33.5,34.1,34.4,33.5,33.0,34.6,33.2,32.6,31.9,33.5,32.3,32.5,33.7,33.6,32.5,32.4,33.2,32.0,32.2,32.7,33.0,32.7,32.7,32.8,32.4,33.4,32.7,33.4,33.0,33.4,32.8,33.4,33.9,33.7,32.8,33.4,32.6,32.3,33.5,33.6,32.3,34.4,32.4,33.8,33.3,33.3,33.0,32.0,33.3,33.8,32.8,32.3,33.1,33.1,33.3,32.9,32.4,32.8,33.1,34.0,32.5,32.7,32.5,33.1,33.5,34.9,34.0,32.7,33.4,33.6,32.8,33.3,33.4,32.5,32.8,33.6,32.7,32.4,32.1,32.6,33.8,33.1,32.5,32.6,34.1,33.1,32.9,33.3,33.7,33.1,32.3,33.1,33.9,33.7,33.2,33.1,33.0,33.7,33.2,33.3,34.2,33.1,33.7,32.7,33.2,33.7,34.6,31.8,32.6,33.3,33.4,33.6,32.5,34.2,32.3,32.5,33.3,32.8,33.0,32.2,32.8,32.8,33.9,33.1,33.4,32.9,33.9,33.3,33.6,33.6,32.8,33.7,34.1,34.3,33.2,32.4,34.0,33.2,32.3,33.0,33.9,33.6,32.8,32.6,33.7,32.8,32.8,32.5,32.9,31.9,32.6,31.8,32.7,32.5,32.9,33.0,33.3,33.0,33.5,34.5,33.6,34.0,32.8,33.8,34.3,33.5
1785303437.0143418,553,31.9,32.1,32.7,32.2,32.5,32.4,32.2,33.1,32.7,32.7,32.1,32.2,32.9,31.8,32.3,32.6,33.1,32.4,32.2,32.8,33.5,31.9,33.7,32.6,33.1,33.2,32.2,32.8,33.8,32.0,33.1,33.8,32.0,33.0,32.6,33.0,32.0,32.0,32.2,31.9,32.8,33.7,32.8,32.2,31.5,32.1,33.0,32.3,31.9,32.7,32.6,32.7,32.4,33.0,32.6,33.0,32.2,33.8,33.1,33.3,33.0,33.7,32.9,33.6,33.0,32.0,31.8,32.8,33.5,31.8,32.5,33.3,32.3,32.5,31.1,32.6,32.2,32.1,31.9,32.1,33.1,32.6,32.2,32.5,33.0,32.7,33.0,32.5,34.2,32.6,32.9,33.8,33.5,33.0,33.1,32.6,32.4,32.8,31.5,32.4,32.5,32.9,33.4,31.6,32.8,31.9,31.5,32.1,33.0,33.7,32.6,32.9,32.7,33.0,33.5,33.4,31.8,33.0,33.7,34.1,32.3,33.1,32.8,33.2,33.4,33.3,33.9,32.9,32.1,32.8,31.9,33.1,33.7,31.7,32.1,32.9,31.7,32.1,32.6,33.2,32.8,32.3,32.8,32.5,33.3,33.0,31.9,33.1,32.8,32.5,35.2,34.8,33.5,31.8,33.1,33.3,33.1,31.4,32.2,32.2,31.3,32.0,31.8,32.9,33.7,33.2,32.6,32.8,32.7,33.0,33.0,32.5,32.4,32.5,33.4,32.4,31.7,33.0,33.7,32.6,32.1,33.9,35.4,34.8,33.2,33.6,32.0,33.3,32.0,33.7,33.2,31.2,33.7,33.5,32.0,33.3,32.7,32.9,33.5,32.4,32.9,32.1,32.6,33.2,32.8,31.5,32.7,32.2,32.7,31.9,32.2,32.1,32.9,32.2,33.3,34.4,33.0,32.7,33.5,32.9,33.6,32.1,33.8,33.1,32.5,32.5,32.5,32.2,32.5,33.5,34.1,32.2,33.0,32.5,33.3,32.4,31.6,32.7,32.9,32.4,32.0,32.1,32.4,32.5,33.3,32.4,33.4,34.3,33.3,34.3,32.7,32.9,32.5,33.7,31.8,32.1,32.0,32.0,32.1,33.9,33.9,33.5,31.7,33.5,32.8,32.0,32.8,33.0,32.1,32.4,33.2,33.0,33.6,32.4,32.8,32.2,34.0,32.7,33.5,33.9,33.2,33.8,32.8,33.3,33.4,33.3,32.4,33.7,30.9,34.4,32.2,33.8,32.5,34.1,33.2,31.6,32.3,34.2,32.7,32.1,32.4,33.5,32.9,32.1,33.1,33.1,32.4,32.8,32.4,33.8,33.7,33.1,32.4,34.5,33.3,33.7,32.3,32.5,33.8,32.8,31.6,32.1,32.9,32.7,33.5,33.0,32.4,33.4,33.2,33.0,32.6,32.7,32.5,32.1,32.7,32.3,32.4,31.6,32.7,32.9,33.8,33.7,33.5,33.2,33.3,33.8,33.5,33.1,33.6,31.8,32.4,33.5,33.0,32.8,32.6,32.4,32.8,32.3,32.2,32.4,32.1,33.2,32.9,31.8,31.4,33.1,32.6,32.6,32.5,33.1,32.9,32.5,32.5,34.1,33.1,33.4,33.2,33.5,33.3,32.8,33.3,34.2,32.7,32.2,31.9,32.9,33.2,32.2,32.8,31.5,32.7,33.3,33.7,31.7,31.8,33.7,32.7,32.1,32.6,32.8,32.9,31.8,32.4,33.4,33.1,33.3,33.2,33.4,33.2,34.1,33.7,34.2,34.3,33.1,33.8,33.2,32.6,33.2,32.7,32.5,32.0,32.5,32.6,32.4,31.6,33.2,32.4,32.9,32.0,33.3,33.1,33.0,32.3,33.1,33.3,34.2,33.6,33.9,33.3,34.2,33.6,33.1,34.2,34.0,34.2,33.1,32.7,31.6,33.0,32.5,32.8,33.0,32.5,32.3,33.2,33.5,32.5,32.5,32.7,33.2,32.6,32.9,32.2,32.9,33.1,33.2,32.7,33.7,34.6,34.3,33.4,33.1,33.6,33.4,34.6,35.2,33.4,33.3,33.4,33.2,32.5,33.5,33.3,32.7,32.1,33.4,33.5,31.5,32.3,32.3,32.6,32.6,33.6,33.6,32.2,33.0,32.8,33.3,33.6,34.0,33.9,35.1,33.3,33.2,32.8,34.7,34.2,33.9,33.3,33.1,33.3,32.3,33.0,33.3,32.8,33.8,33.2,33.2,32.7,32.5,33.0,32.9,33.1,32.7,32.7,32.7,32.2,33.1,33.2,32.3,32.7,33.9,33.5,34.4,33.6,34.3,34.8,32.9,34.5,34.4,33.4,32.7,32.8,32.8,33.2,34.1,33.5,31.5,32.8,32.6,33.0,32.2,31.8,32.8,32.1,32.6,32.2,nan,33.1,32.2,32.5,32.8,33.5,34.3,32.8,34.3,32.6,33.4,33.5,34.4,33.9,33.9,33.5,33.7,32.7,34.0,33.7,32.5,32.6,32.8,32.1,32.6,32.1,33.1,33.1,32.0,32.7,33.4,32.4,32.1,33.1,33.8,32.7,31.8,33.2,33.3,34.2,34.0,33.4,34.0,33.1,32.6,33.8,35.0,34.5,33.5,32.7,31.9,33.4,31.9,32.3,32.8,33.0,32.8,33.9,32.3,32.3,32.3,33.0,33.0,32.2,33.5,32.7,33.5,32.5,33.2,33.5,33.2,33.3,34.3,33.2,32.7,33.0,34.2,33.0,33.9,34.5,33.9,34.2,33.0,34.0,32.3,32.4,33.0,33.5,32.4,31.6,32.9,33.1,32.5,32.0,32.9,33.1,32.9,32.6,32.1,33.3,32.6,32.5,33.1,33.9,32.8,33.3,33.6,32.2,32.7,33.3,33.5,33.3,32.3,33.3,33.8,33.3,33.6,33.9,32.4,32.9,33.6,33.4,31.8,33.2,32.3,32.4,32.6,33.4,33.5,33.9,33.1,32.4,32.9,33.6,32.9,33.0,34.2,33.7,32.9,32.8,34.3,34.5,33.4,33.2,33.0,34.0,33.0,34.0,32.9,31.7,33.2,32.9,32.8,32.3,32.9,32.7,32.6,32.4,33.7,33.8,31.9,33.8,33.8,33.2,32.4,32.7,33.8,33.6,33.3,33.3,33.3,34.4,32.2,34.3,34.2,34.5,33.3,33.3,33.2,32.9,33.0,32.9,33.3,32.5,33.3,33.1,33.5,32.2,33.1,33.1,31.7,32.8,33.3,33.0,33.6,32.2,33.3,33.3,33.5,33.1,33.6,33.8,33.1,33.5,34.9,34.5,33.1,32.9,34.0,33.9,34.5
1785303439.119079,554,34.1,33.4,32.7,33.0,32.5,33.5,31.5,32.9,32.3,33.1,32.1,32.5,31.4,33.1,31.8,32.8,32.0,32.6,32.2,32.6,32.8,32.8,32.3,33.7,31.1,32.4,32.0,33.2,32.9,33.6,32.6,33.0,34.1,32.7,33.6,32.1,33.7,30.9,32.2,32.5,33.9,32.2,32.0,32.4,33.0,32.3,33.1,32.1,33.2,32.5,33.7,32.3,33.5,32.3,32.2,33.4,33.2,32.2,32.7,33.1,33.8,32.3,32.6,33.6,32.0,33.0,30.4,31.9,32.2,34.3,31.8,32.7,32.1,33.3,31.8,32.6,32.0,33.0,31.4,31.9,32.1,33.5,32.2,31.9,32.4,33.0,32.2,32.1,32.9,32.8,32.3,32.6,32.5,33.9,32.9,33.1,33.9,31.8,32.2,32.2,34.1,32.7,32.2,32.2,33.0,32.4,31.9,31.0,33.5,31.4,31.3,31.5,33.2,31.8,33.4,32.2,33.9,31.8,33.4,33.2,34.5,32.9,32.8,33.2,33.4,32.2,32.7,33.6,32.3,33.2,32.6,33.3,32.3,33.3,32.3,32.9,31.3,33.5,32.0,32.6,32.8,32.3,32.6,32.2,33.0,33.8,32.1,32.7,33.0,34.9,33.8,34.8,33.5,33.0,32.7,33.3,31.8,33.4,33.6,32.6,33.1,30.8,31.8,32.5,33.4,31.8,31.8,32.6,33.7,32.3,33.2,32.7,33.0,31.9,32.9,32.2,33.0,33.0,32.5,33.1,32.9,33.2,34.4,34.6,34.4,32.7,32.6,32.9,34.0,32.7,32.5,33.6,31.7,33.2,31.8,33.1,31.8,33.7,33.1,33.0,32.1,33.1,32.4,32.5,32.7,33.0,32.5,31.9,32.5,33.2,32.0,33.1,32.5,33.0,33.5,34.8,32.7,33.6,33.1,32.7,33.2,33.8,33.1,34.6,33.4,31.4,32.5,33.0,33.0,32.2,32.1,31.8,34.2,32.3,32.0,31.9,32.4,32.1,32.4,32.8,32.9,32.7,33.1,33.1,33.4,32.1,33.7,33.8,33.4,32.1,32.8,32.2,33.4,32.3,33.2,32.9,30.9,33.1,32.1,32.3,31.2,33.1,33.3,33.0,32.0,33.3,31.8,32.8,32.1,33.5,32.2,33.4,32.1,32.6,31.0,32.7,33.2,33.7,33.7,32.9,32.8,33.6,33.5,33.8,32.6,32.7,32.2,31.8,33.4,32.1,32.4,32.8,33.2,32.3,33.4,32.5,32.9,32.0,32.9,32.6,32.6,32.0,33.2,32.8,32.4,32.3,32.4,32.5,33.7,32.3,34.0,33.3,33.6,33.8,33.1,32.8,33.1,32.4,32.4,32.3,32.2,32.9,32.1,33.3,32.7,33.5,31.4,32.9,32.0,33.0,32.3,32.9,32.2,33.4,32.4,32.9,32.2,33.4,33.3,32.9,32.1,34.7,32.8,32.1,32.0,33.1,32.3,33.1,33.0,32.2,31.4,33.3,33.2,31.3,33.4,33.0,33.2,31.9,32.0,32.0,33.8,32.6,32.1,32.9,32.9,32.8,32.4,32.1,33.3,32.0,33.6,33.3,33.7,32.3,32.9,33.1,33.7,33.8,33.3,33.5,33.8,33.3,33.3,32.6,33.0,33.5,31.8,33.5,31.7,33.7,31.6,32.7,32.9,33.4,32.3,31.9,32.4,33.2,32.2,32.8,32.3,33.4,32.9,34.4,32.6,34.1,31.2,33.7,33.5,34.3,33.9,34.5,33.4,34.0,31.6,32.6,34.3,31.3,32.3,31.9,32.9,32.7,32.6,32.7,33.3,31.9,32.6,32.1,33.0,31.6,33.0,32.0,33.9,32.3,33.1,32.6,34.2,32.5,33.3,33.7,34.3,33.0,33.8,34.0,34.9,32.8,32.9,32.8,32.8,34.6,32.0,33.3,32.5,33.0,32.1,33.0,32.8,33.0,32.6,33.4,31.9,33.7,32.1,33.4,32.3,33.4,33.4,34.4,33.5,34.2,33.1,33.4,33.4,33.4,33.9,34.3,33.6,34.0,33.0,34.0,33.8,31.6,32.9,32.1,33.5,31.8,33.0,32.4,33.1,31.8,31.8,32.8,32.0,31.9,33.4,32.0,34.2,32.2,34.4,33.0,35.2,34.6,33.1,34.0,33.6,33.0,33.8,34.6,34.4,32.4,34.7,32.7,32.1,32.9,32.8,32.0,31.9,33.7,31.8,32.7,32.7,33.5,32.4,33.4,32.4,33.2,31.6,32.3,32.4,32.9,33.1,32.9,33.5,34.3,33.4,33.6,34.4,35.0,33.0,33.2,34.0,34.0,33.8,33.2,33.8,32.0,32.3,32.3,33.9,31.8,32.6,32.0,34.3,32.1,32.5,32.5,33.3,nan,32.6,32.7,33.3,32.2,33.5,33.8,34.0,32.5,33.7,33.9,34.9,33.2,33.0,33.9,34.1,33.1,33.1,33.4,32.8,34.4,32.8,32.8,33.4,33.2,32.9,33.1,32.4,32.9,32.9,33.3,33.1,33.7,31.9,33.4,32.6,33.6,33.1,33.9,34.1,33.8,32.9,34.3,33.1,33.5,33.3,34.3,33.2,34.4,32.0,33.6,33.4,31.4,33.1,32.4,32.5,32.6,32.8,33.5,33.4,31.6,32.3,32.3,33.9,32.2,33.3,32.5,33.5,32.5,33.5,34.5,34.0,33.0,33.9,33.5,34.1,32.6,33.5,34.3,32.8,33.0,33.8,33.0,32.9,33.6,33.7,33.6,33.3,33.8,32.2,32.7,32.2,33.2,32.4,34.3,33.1,34.3,33.8,32.8,33.3,34.2,32.9,33.8,33.1,34.3,33.3,33.3,33.1,33.7,33.5,33.9,33.5,33.7,32.8,34.3,34.2,32.5,33.9,33.8,33.4,32.6,31.2,32.9,32.5,32.8,32.9,33.2,32.9,32.9,32.9,33.4,33.5,32.2,32.9,32.7,34.6,32.8,33.7,32.9,33.2,31.5,33.2,33.4,33.6,33.0,33.8,33.2,32.6,32.0,31.9,34.3,32.5,34.2,33.3,32.7,32.7,32.7,31.8,33.1,32.4,33.1,31.8,33.8,33.1,32.7,32.2,33.1,33.5,33.7,33.5,34.2,33.9,33.7,33.1,33.6,32.9,33.7,33.3,34.3,34.1,31.9,33.3,33.3,33.7,32.3,33.1,32.5,33.7,32.9,33.2,33.5,33.8,31.2,32.1,32.7,33.3,31.9,32.9,32.8,34.5,33.4,33.3,32.7,34.4,32.7,33.3,33.3,33.5,33.3,33.2,33.8
1785303441.3457098,555,31.1,32.1,31.7,33.9,32.1,31.2,31.9,35.0,31.4,33.1,32.3,32.7,31.6,32.4,33.1,32.8,32.0,33.1,32.5,33.7,32.4,32.2,31.5,32.0,32.1,31.3,32.9,33.2,32.9,32.7,32.3,32.5,32.8,32.2,34.0,31.4,32.2,31.5,32.2,32.5,33.0,32.8,33.3,33.3,32.8,33.0,33.0,32.5,31.5,32.5,32.6,32.9,33.2,32.3,32.2,31.7,32.2,33.2,33.4,33.1,33.6,31.7,34.1,31.3,32.0,32.7,30.7,32.4,33.3,32.4,31.8,32.1,32.3,32.9,32.7,32.8,32.6,31.9,32.6,33.9,32.9,33.1,32.6,33.0,32.4,32.5,32.2,33.2,32.9,33.4,31.5,33.6,33.3,32.4,31.7,34.0,31.4,32.1,32.2,31.9,32.3,32.9,32.4,32.3,32.6,32.6,33.5,32.4,33.2,32.1,31.9,31.8,32.0,31.8,33.0,32.0,31.5,33.2,33.4,33.1,32.3,33.2,32.6,32.0,31.5,32.4,33.4,32.2,30.7,32.1,30.1,32.6,32.7,31.7,33.1,32.4,31.9,33.1,31.9,33.2,32.8,31.8,31.8,33.3,32.0,32.4,32.1,33.6,33.0,33.4,33.7,35.0,33.5,33.0,32.2,33.3,32.8,32.8,32.5,34.4,32.7,32.6,32.0,32.1,33.4,32.0,32.2,31.5,32.9,32.5,32.9,33.0,32.7,32.2,33.2,32.7,32.6,32.1,32.7,32.1,32.2,32.7,35.1,34.8,34.1,32.3,32.8,32.3,32.4,33.3,32.8,32.9,32.6,33.0,31.8,33.1,31.2,32.8,31.7,33.0,32.4,33.1,32.1,32.0,32.0,32.5,31.5,32.7,32.7,32.1,32.2,33.2,32.2,32.6,34.0,34.4,33.4,33.0,33.9,32.9,32.4,32.9,32.3,33.3,31.6,31.1,32.1,32.2,31.9,33.0,33.2,32.3,33.0,32.2,33.2,32.1,32.4,32.2,32.7,32.1,32.3,32.7,32.6,32.1,33.4,32.1,33.9,33.2,32.7,32.9,33.6,32.9,33.2,32.9,32.8,32.9,31.2,32.3,31.6,33.7,32.6,33.1,31.9,33.4,32.5,32.0,32.2,32.3,32.9,32.7,31.7,32.5,32.7,32.7,32.5,33.4,32.7,33.2,32.9,33.4,33.7,32.4,33.5,34.3,33.8,32.7,32.4,33.1,33.0,32.3,33.0,32.6,33.2,32.8,33.4,32.5,32.9,31.9,31.9,32.7,33.1,31.5,33.2,33.6,32.7,32.6,32.6,32.1,33.4,33.1,33.4,33.1,32.9,32.8,32.7,33.3,31.9,32.7,32.6,32.1,33.1,32.1,32.5,33.1,32.4,32.6,31.4,33.5,32.7,32.5,32.8,33.2,31.9,32.6,31.9,33.4,33.0,32.3,33.5,33.2,33.2,33.0,33.0,33.1,32.8,32.9,33.2,33.8,32.5,33.3,32.6,32.7,32.6,31.3,33.0,32.6,33.0,32.1,32.9,31.9,32.8,31.9,32.1,32.5,31.8,32.8,32.9,32.2,32.6,32.9,32.9,32.6,32.3,33.0,32.9,32.6,32.6,33.1,33.4,32.1,33.1,32.0,32.7,33.8,32.5,32.1,31.2,32.2,33.0,33.3,32.7,32.7,32.2,32.7,32.0,32.9,32.6,32.1,32.6,33.4,32.6,32.4,33.3,33.1,33.7,33.7,33.7,33.4,33.9,32.6,33.6,33.3,34.1,32.7,32.0,34.0,33.5,31.3,32.7,31.9,32.7,31.8,32.9,32.1,32.3,32.1,32.9,32.5,32.2,33.0,32.5,32.2,33.3,32.7,33.1,32.8,33.4,33.3,33.6,34.5,33.8,33.5,34.2,33.3,34.0,32.9,33.1,32.2,32.3,32.9,32.9,32.6,32.0,32.6,32.5,33.3,32.8,32.7,32.1,32.9,32.2,32.6,32.6,32.9,32.3,32.4,33.4,34.7,34.0,33.2,32.9,33.4,33.1,32.9,34.8,35.0,33.8,33.1,33.4,32.6,32.3,32.7,34.4,31.7,31.5,31.6,33.1,32.2,32.6,32.6,32.6,32.3,33.3,32.3,33.1,32.7,32.8,32.5,32.9,33.8,34.1,33.8,33.5,33.8,33.3,33.0,33.5,34.4,33.5,32.6,33.9,33.3,31.9,33.5,32.8,32.6,32.1,33.5,31.8,32.7,32.7,32.7,32.9,33.6,32.0,33.4,32.1,33.9,33.7,32.6,32.9,33.8,33.5,33.9,33.6,34.1,34.6,32.9,33.4,34.0,34.2,33.3,32.6,34.0,32.5,32.0,33.5,32.5,32.2,32.0,32.8,31.9,32.1,31.6,31.8,33.0,33.3,nan,33.5,32.5,32.7,32.5,32.2,33.3,32.8,34.1,34.2,33.7,33.7,33.2,34.2,33.4,33.7,32.6,32.5,33.2,33.3,33.2,31.4,33.8,32.5,32.8,32.5,33.6,33.1,32.9,32.2,33.6,31.8,32.6,32.8,33.1,32.4,32.4,32.1,34.3,33.6,33.3,33.4,33.8,32.7,33.3,33.8,35.0,33.4,34.1,33.3,32.2,33.4,31.4,33.7,32.6,33.2,32.2,33.0,32.6,33.4,32.1,32.7,33.3,32.6,32.5,32.8,32.8,32.5,32.9,34.2,34.0,33.8,33.3,32.7,33.7,34.2,33.2,33.7,33.6,33.0,32.8,33.4,32.4,33.4,33.4,31.8,33.8,33.3,33.2,32.5,33.4,31.1,32.7,31.2,33.3,32.6,32.6,32.7,32.3,33.4,32.4,33.1,34.0,33.6,34.0,33.6,32.9,32.2,33.5,33.1,33.5,33.9,32.5,33.5,34.0,33.0,32.5,34.3,31.5,32.7,31.4,32.1,32.3,32.3,32.0,33.4,33.0,32.4,33.0,33.9,33.1,33.0,32.0,33.2,33.1,33.0,33.2,33.7,33.6,31.9,32.1,33.6,34.0,34.1,33.4,33.8,33.7,32.4,33.2,32.4,33.5,32.5,33.2,33.1,33.6,31.8,32.7,31.6,33.5,32.6,32.4,33.1,32.8,32.7,32.2,32.2,32.4,33.1,32.6,33.5,34.2,33.5,31.8,33.7,33.6,33.1,34.4,33.3,33.4,32.9,31.6,32.7,32.9,32.9,32.9,32.8,33.1,32.4,32.5,33.3,32.4,32.9,32.4,33.3,31.7,32.4,32.4,32.8,32.6,33.4,32.6,33.8,32.6,32.7,33.1,33.7,32.1,33.5,34.2,33.9,34.7
1785303443.4009957,556,31.9,32.3,34.0,34.4,31.6,31.5,33.5,32.4,30.6,31.7,31.9,33.1,30.5,32.9,32.3,32.9,32.2,32.2,32.5,32.8,32.2,31.7,33.8,32.7,32.3,33.0,32.4,33.2,32.4,33.2,33.3,33.7,32.8,33.2,33.1,31.8,33.5,31.3,32.4,32.7,32.9,32.2,32.7,32.8,33.0,32.5,32.2,32.7,32.4,32.5,32.4,32.5,32.4,31.9,33.9,33.8,32.6,31.8,34.2,33.9,33.2,32.1,33.6,33.3,31.3,32.7,32.3,32.6,32.0,33.0,32.9,32.7,32.3,33.1,32.0,33.3,32.0,32.2,32.8,32.3,32.1,33.7,32.8,32.8,32.1,33.2,33.9,33.2,32.9,32.4,32.7,34.2,32.5,33.0,32.2,34.3,32.6,32.8,32.2,33.1,32.7,32.5,33.2,32.2,32.6,33.0,33.3,32.4,32.0,31.3,32.3,32.7,32.9,32.2,32.7,32.9,32.7,33.2,33.7,33.4,33.2,32.9,32.7,33.6,33.0,31.8,33.2,34.0,33.1,32.1,32.8,32.4,32.0,32.5,32.7,32.9,32.6,32.6,32.2,32.8,32.6,33.0,32.3,33.0,32.5,32.9,32.3,32.9,33.0,32.3,35.1,34.6,33.7,33.0,32.7,32.3,32.9,32.6,33.8,33.9,31.7,30.8,32.7,32.5,33.0,32.0,32.9,32.6,33.0,32.1,32.8,32.3,32.0,32.5,32.9,33.6,32.6,32.6,32.9,31.9,33.2,33.4,35.6,35.0,32.7,32.3,33.4,32.9,32.2,33.3,33.6,33.8,31.3,33.5,32.9,32.9,32.0,32.9,33.1,33.7,31.9,32.8,32.3,32.7,31.5,32.5,32.5,32.7,33.2,32.4,32.0,33.9,32.4,33.0,34.5,34.7,33.3,33.0,33.0,33.4,32.6,32.5,32.5,32.9,31.8,31.4,33.1,32.0,32.3,32.4,33.2,33.2,32.9,31.8,33.0,32.6,32.2,32.6,33.1,32.0,32.1,32.3,32.9,32.1,32.8,33.2,34.0,34.3,32.4,32.1,32.7,32.9,32.7,32.3,32.8,32.9,32.0,33.1,32.3,32.3,32.7,33.1,33.0,32.8,32.8,32.8,32.8,33.2,32.1,31.9,32.4,32.5,31.9,32.9,32.2,33.5,32.8,32.9,33.7,33.4,32.8,33.8,33.7,33.8,33.4,32.3,33.8,33.7,33.2,32.3,32.8,32.4,32.1,32.3,33.4,32.9,33.4,32.0,32.9,32.4,32.6,32.3,32.9,33.2,32.6,32.1,33.5,33.3,33.1,33.0,33.7,34.3,33.7,33.1,32.9,33.9,33.4,32.4,33.0,33.2,33.1,32.7,32.7,33.5,32.2,33.9,31.4,32.7,32.0,32.7,31.8,33.1,32.2,32.6,33.0,32.7,31.6,32.4,32.9,33.2,32.9,33.2,33.0,33.2,33.2,33.4,33.7,32.9,32.9,32.2,32.8,33.1,33.2,31.9,34.0,33.4,32.8,32.1,32.5,32.9,33.3,32.6,32.6,32.9,31.8,32.6,32.7,32.8,32.0,32.8,32.3,33.4,32.8,33.4,33.1,33.3,33.2,32.3,33.6,33.7,33.3,32.6,33.1,32.4,33.0,31.7,32.2,33.5,32.8,33.3,32.8,32.5,32.9,33.2,31.8,33.2,31.7,32.6,32.7,33.2,32.6,32.3,33.0,34.0,32.6,33.7,33.4,33.2,33.0,33.6,33.5,34.7,33.2,33.1,33.4,33.7,33.0,31.6,33.0,32.7,33.4,31.8,33.3,32.2,32.6,31.3,31.8,32.8,32.5,32.8,32.9,33.6,32.0,32.3,33.4,33.6,33.1,33.1,33.9,34.0,33.6,32.8,34.3,34.6,34.0,32.9,33.8,33.0,32.1,33.3,32.7,32.9,32.9,33.5,33.5,33.2,32.5,32.7,32.4,33.1,32.4,32.9,32.6,32.8,32.3,32.4,33.2,33.6,33.8,34.3,33.4,34.1,33.4,33.8,34.5,34.3,33.8,33.1,34.0,33.8,34.4,33.1,32.9,32.3,32.6,32.7,34.0,34.0,31.8,31.4,32.8,32.0,33.1,32.0,33.1,32.8,32.8,32.0,33.1,34.5,34.6,35.1,33.8,33.3,32.6,33.5,33.8,33.7,32.9,33.3,32.9,33.9,31.9,33.3,32.8,33.8,32.3,32.8,32.9,32.0,32.9,32.3,32.2,33.2,32.4,31.8,32.2,33.2,32.4,32.4,32.9,33.7,33.5,33.3,33.4,33.6,33.1,33.4,33.4,34.0,34.2,33.3,33.6,33.8,32.3,32.2,32.7,32.1,32.2,31.8,32.8,32.8,32.3,31.6,33.8,32.8,32.7,nan,32.6,32.8,32.8,32.4,33.1,34.0,34.6,32.8,35.0,33.4,34.7,33.5,33.3,33.9,33.7,33.1,33.9,32.8,32.8,32.3,33.0,33.2,31.9,32.4,33.0,33.4,32.5,31.8,32.5,33.2,31.9,32.4,32.7,33.8,32.1,33.4,32.9,33.9,33.7,33.4,33.6,33.4,32.7,33.1,33.1,35.0,33.8,33.9,32.9,33.2,33.2,31.4,32.7,33.8,32.8,32.4,32.6,32.8,33.0,32.3,33.5,33.1,32.5,32.4,33.2,32.7,32.7,31.9,33.4,33.2,34.0,33.2,33.0,33.2,33.3,33.0,35.2,34.7,32.8,32.8,33.0,34.7,32.2,33.2,32.6,33.6,32.9,31.7,32.9,32.9,32.4,32.7,33.3,33.1,32.7,33.1,32.7,33.8,32.6,33.2,33.7,33.6,32.6,33.8,32.9,34.3,32.9,32.9,34.4,34.5,32.5,33.9,32.6,32.7,33.2,32.7,32.8,33.6,32.3,33.0,32.9,32.7,32.3,32.7,32.2,33.0,32.9,33.0,33.9,34.1,34.4,32.2,33.2,32.7,33.2,33.4,33.6,32.3,32.3,33.4,33.9,33.0,33.9,33.0,34.0,33.7,31.7,32.9,32.1,33.4,32.1,31.6,33.3,32.9,32.4,32.9,32.4,33.3,32.2,32.4,33.3,32.9,32.5,32.4,33.1,33.6,32.2,33.3,34.2,33.3,32.5,32.4,33.7,33.0,33.5,34.6,33.5,34.3,31.8,32.3,32.9,32.9,32.7,33.1,32.2,32.4,32.9,32.4,32.6,32.9,34.0,32.8,33.5,32.4,32.7,32.2,32.2,32.4,33.8,32.7,33.1,34.0,33.5,33.3,34.8,33.3,33.7,33.5,34.6,34.5
1785303445.7490525,557,32.0,33.0,33.6,32.6,32.9,34.2,32.7,32.6,32.2,32.8,31.8,33.0,32.3,32.9,32.1,31.9,32.8,32.5,33.0,32.4,32.1,33.7,32.2,33.1,31.8,32.9,33.6,32.9,34.1,34.0,32.5,32.9,32.4,31.5,32.2,33.4,33.4,30.1,32.6,33.0,33.9,32.3,32.7,32.1,33.7,32.4,32.5,33.0,33.3,31.7,32.5,32.6,33.1,32.8,32.0,33.5,33.3,32.6,33.1,34.3,34.2,32.2,32.7,32.2,32.7,32.4,32.7,32.7,31.3,33.6,33.2,32.8,32.6,34.0,33.0,32.9,32.7,31.7,32.5,32.9,32.0,33.4,32.7,32.6,32.2,33.1,32.9,32.8,33.4,33.3,33.4,33.5,33.0,34.2,33.7,32.8,33.0,31.9,32.7,33.0,32.6,32.2,32.3,32.1,33.3,31.5,32.6,32.8,33.0,31.2,32.1,32.3,32.8,32.5,33.3,32.3,33.5,33.2,33.5,33.9,33.1,32.1,32.7,33.0,33.5,31.7,32.6,33.5,33.2,33.8,31.6,32.5,32.4,33.6,32.8,32.1,32.9,33.4,32.3,33.3,32.9,33.0,32.6,32.5,32.6,33.1,32.1,32.5,31.9,33.3,35.2,34.4,33.3,34.4,33.2,32.8,31.9,33.1,32.8,33.6,32.8,32.5,32.1,32.2,33.5,32.7,32.5,32.2,33.0,32.8,33.7,32.5,33.6,33.3,32.5,32.7,34.0,31.9,32.2,32.9,33.2,32.8,34.9,36.1,33.8,32.8,32.3,32.7,33.5,33.2,33.3,33.1,32.3,32.9,33.0,33.2,31.7,33.6,32.3,31.8,32.7,32.6,32.2,32.6,32.3,33.1,33.3,32.2,32.5,33.3,32.6,32.7,32.7,34.0,34.5,35.2,32.4,33.7,33.3,33.4,32.9,33.2,33.5,33.0,33.3,31.5,32.0,32.1,31.8,32.4,31.7,33.3,33.3,31.6,32.5,32.7,33.5,31.6,32.9,32.7,33.2,32.6,32.7,33.1,33.7,32.9,33.7,34.5,33.9,32.0,32.8,33.6,34.5,33.4,34.0,33.7,31.1,33.4,33.4,32.8,31.2,33.6,33.3,32.2,32.1,32.4,31.9,33.5,31.9,33.5,32.8,32.3,32.3,32.9,32.3,33.5,32.7,34.1,33.8,33.0,33.6,34.4,33.1,33.5,33.3,33.2,32.7,33.6,33.3,33.3,33.5,33.3,32.8,31.7,32.5,32.6,33.7,32.3,32.3,32.5,33.8,31.8,32.5,32.9,33.3,32.7,32.7,32.6,33.5,32.9,33.7,34.3,34.3,33.2,33.9,32.6,34.1,33.0,32.8,33.3,33.0,33.2,33.1,33.4,32.5,33.4,32.9,32.8,32.3,34.0,32.8,33.3,32.2,33.5,32.6,33.0,31.9,33.6,33.3,32.7,32.7,33.6,33.6,32.9,32.4,34.7,34.0,33.4,33.2,33.0,32.5,33.7,33.1,31.2,33.5,33.9,34.2,33.0,32.8,32.5,32.6,31.9,32.7,32.9,33.5,32.1,33.5,33.2,32.7,32.4,32.9,32.6,33.5,33.6,33.0,33.2,34.2,33.6,32.9,33.3,34.3,32.0,31.6,32.7,32.2,33.6,32.5,33.2,32.0,33.8,32.3,32.9,32.0,33.1,33.0,33.1,31.4,32.7,32.8,33.2,32.7,33.0,33.1,34.3,33.5,34.2,33.5,33.2,33.5,33.7,34.4,33.6,33.2,33.8,33.1,32.3,32.7,32.9,32.4,32.8,33.2,32.6,33.4,32.2,31.9,32.4,32.7,32.9,33.1,32.9,32.6,32.8,33.1,32.2,33.4,33.7,33.5,33.7,32.8,33.1,36.2,33.4,34.3,33.3,35.4,32.5,33.2,33.7,32.3,34.9,33.5,32.9,33.2,33.1,32.6,33.3,32.0,33.3,32.8,32.5,32.4,33.5,32.0,33.2,32.4,33.0,33.3,33.1,34.6,35.1,33.7,33.7,34.0,34.2,35.1,35.0,32.8,33.6,34.3,32.7,33.7,33.0,32.4,33.2,33.1,31.0,32.2,33.2,32.9,31.7,33.7,33.1,33.4,32.5,33.1,32.8,33.2,32.2,33.0,33.6,35.2,34.2,33.8,34.1,34.7,33.3,33.8,34.0,33.6,32.2,33.0,33.4,32.3,34.3,32.1,32.7,32.2,33.7,33.2,32.3,32.0,33.1,32.3,32.5,32.5,33.5,33.2,32.4,32.5,33.2,32.7,34.0,33.5,34.9,33.9,33.7,33.5,34.4,34.1,33.8,34.3,34.3,32.7,34.7,33.9,32.5,32.4,33.2,33.7,32.0,33.1,32.9,33.1,32.3,32.8,33.4,33.3,nan,31.8,33.3,33.6,32.8,32.4,34.0,34.2,32.8,33.6,34.3,33.6,33.5,34.2,34.8,34.0,33.6,33.0,34.2,33.0,32.9,32.7,32.5,32.3,34.0,33.3,32.6,32.7,32.7,33.9,32.9,32.1,32.7,33.0,32.7,32.0,32.9,33.4,34.4,33.5,34.6,32.3,33.0,33.0,34.8,33.9,34.7,33.7,33.6,32.6,33.9,33.1,32.2,32.4,32.9,33.3,32.4,33.4,33.8,34.2,32.3,33.8,33.6,32.8,32.2,32.8,33.8,33.0,31.8,33.0,34.2,34.6,33.6,33.3,33.7,33.7,32.9,32.9,34.1,33.8,32.9,33.5,33.8,33.0,33.5,32.5,33.1,32.4,33.7,32.7,33.4,32.2,33.0,32.7,33.6,32.9,34.1,32.3,33.6,32.9,33.9,34.0,33.6,33.0,33.9,34.5,32.7,32.5,33.1,33.2,33.9,33.2,33.8,33.6,32.6,34.1,32.8,33.0,32.1,33.7,32.5,33.6,32.3,32.8,32.5,32.7,34.0,34.0,32.3,33.0,33.7,33.8,32.0,33.2,32.9,33.8,33.7,32.8,33.7,33.6,32.8,33.7,35.2,34.1,33.1,32.8,34.7,32.3,33.5,34.1,32.3,31.8,33.3,32.6,33.2,32.0,33.8,32.7,32.5,33.0,33.2,32.0,33.2,32.0,32.7,33.2,34.0,32.3,34.1,33.8,33.2,32.9,34.6,35.0,33.5,33.8,33.4,34.3,33.5,32.8,32.0,33.2,33.4,34.7,33.0,32.5,32.5,32.9,32.7,33.3,33.4,33.8,32.5,32.9,33.2,33.9,33.4,32.0,34.5,33.6,33.0,33.4,33.8,33.8,33.0,33.6,34.2,34.2,33.5,34.0,33.3
1785303447.6516056,558,33.8,31.9,32.2,32.1,32.1,32.0,32.0,32.6,32.3,31.0,32.5,33.4,32.0,32.3,32.9,32.1,32.7,31.9,32.9,32.9,32.4,33.1,32.7,32.4,32.9,32.5,33.5,33.7,33.6,33.1,34.3,32.9,31.9,33.0,32.0,34.3,32.5,32.6,32.8,32.5,31.5,32.2,32.6,32.8,33.3,32.8,32.3,32.3,32.7,32.7,32.3,33.2,32.5,33.0,33.1,33.8,31.3,33.1,31.6,32.9,33.3,32.8,32.7,33.6,32.8,32.6,32.6,32.9,33.7,31.9,32.7,33.2,32.5,32.1,32.7,32.5,31.7,31.6,31.9,32.2,32.9,32.7,32.1,32.7,32.8,32.0,33.0,33.3,32.6,32.9,32.9,32.9,33.3,33.6,32.2,32.5,33.0,33.5,33.0,32.2,32.6,33.3,33.5,32.6,32.7,32.3,32.7,32.5,31.7,32.2,32.5,32.0,32.9,32.9,33.1,33.6,32.2,32.9,32.9,32.3,32.7,32.1,32.8,32.0,32.9,32.4,34.0,33.6,32.1,32.0,33.3,33.4,32.9,32.0,33.3,32.8,33.1,32.1,32.2,32.4,32.5,32.4,32.5,32.7,33.0,31.9,32.6,32.1,33.2,32.8,34.6,34.2,33.4,32.4,32.8,33.9,33.6,32.7,32.7,32.9,31.4,32.9,32.6,32.3,32.9,32.4,32.7,32.1,31.5,33.5,32.2,32.3,32.3,32.2,32.6,32.9,33.1,32.6,32.1,32.4,32.1,32.7,34.6,34.6,33.1,33.9,32.9,33.9,33.5,33.1,33.9,32.5,32.6,32.9,33.1,32.2,32.7,32.3,32.2,33.7,32.4,32.3,32.8,32.2,32.7,31.9,32.2,33.1,33.5,32.5,31.9,33.0,34.2,32.4,33.7,34.5,33.2,31.7,33.2,33.7,33.0,32.0,33.0,34.3,31.5,32.5,33.6,33.0,31.8,31.9,33.3,32.2,32.2,33.4,31.6,32.9,31.3,33.2,32.5,32.6,32.0,32.4,32.3,33.6,32.2,32.6,33.9,34.1,33.1,32.8,32.4,33.1,32.2,33.3,33.3,32.7,32.0,32.4,31.9,33.0,33.1,32.1,31.9,33.6,32.0,32.5,32.5,33.2,32.2,32.3,32.7,32.3,33.0,32.0,32.4,32.8,32.4,32.6,33.4,34.0,33.2,32.6,33.5,33.7,32.5,32.4,32.0,33.4,31.8,32.5,32.9,33.0,31.6,33.4,32.8,33.2,32.8,31.7,31.9,32.9,31.8,32.6,32.5,32.9,32.2,32.6,32.3,33.3,33.3,33.5,33.5,34.3,32.8,33.6,33.2,33.7,31.3,33.1,32.5,33.0,32.9,32.0,33.0,33.2,32.8,32.3,32.8,33.8,32.5,32.6,32.7,32.6,32.7,32.8,32.4,32.6,32.2,31.8,32.2,33.5,33.1,31.8,33.4,33.3,33.3,33.0,33.2,34.3,33.6,32.1,32.8,33.0,32.1,33.2,32.5,32.6,32.2,33.4,32.4,32.7,33.2,33.4,31.8,33.1,33.0,32.9,32.5,32.6,31.6,32.8,32.7,32.6,33.0,33.1,32.8,33.0,32.5,32.8,33.9,33.7,33.2,33.3,32.8,32.2,33.4,32.4,32.8,33.0,33.0,33.6,32.8,32.2,32.5,32.8,32.4,33.4,32.2,32.6,32.7,32.7,32.7,31.8,32.4,33.8,33.4,33.3,33.1,33.1,34.2,33.2,33.7,34.3,34.7,33.0,33.0,33.3,31.4,32.0,32.4,32.9,32.4,32.7,33.0,32.6,32.0,32.1,34.1,33.1,32.1,32.7,32.8,32.7,32.7,33.1,33.3,34.1,33.3,33.9,32.5,33.8,34.1,33.8,34.1,34.6,34.4,33.0,33.0,33.2,33.8,32.2,33.4,32.8,33.2,31.8,32.5,33.4,32.7,32.9,32.1,33.5,32.9,32.2,32.9,32.2,33.4,32.2,33.6,34.0,33.9,33.0,34.2,33.8,33.7,33.3,34.5,35.1,33.3,33.0,33.4,32.9,32.4,33.1,32.6,32.5,32.0,32.4,32.3,32.8,32.8,32.3,33.3,32.5,31.7,32.8,32.5,32.7,32.2,32.2,33.6,33.4,33.7,34.0,33.4,33.2,32.8,34.2,34.3,35.1,33.5,33.0,33.4,34.3,32.6,32.0,33.2,32.9,32.8,33.1,32.9,32.2,33.2,32.6,32.9,33.1,32.9,32.0,32.7,32.7,32.7,32.2,32.9,33.3,34.0,33.5,32.7,33.5,33.3,33.0,34.3,33.9,34.4,33.0,33.2,33.5,31.8,33.9,33.0,32.3,32.7,32.8,33.0,33.1,32.5,33.0,31.5,32.2,32.3,nan,32.7,33.6,32.1,32.5,32.5,33.7,33.4,33.2,34.1,33.5,32.7,33.9,34.1,34.5,33.4,33.7,33.4,32.7,32.9,31.8,32.8,33.3,32.1,32.3,32.5,33.8,33.2,32.8,32.4,33.5,32.6,32.1,32.9,33.7,32.9,32.2,33.1,34.3,34.7,33.8,33.9,33.3,33.6,33.9,34.2,34.5,33.4,33.0,33.9,33.7,32.7,32.5,33.4,33.0,32.2,32.6,33.0,32.5,32.7,32.3,32.9,33.2,32.0,33.0,32.4,32.7,32.7,32.1,33.8,32.9,32.9,34.0,33.2,33.2,32.2,33.2,33.6,33.4,33.0,33.4,33.9,32.4,32.9,33.9,32.6,33.7,33.9,32.3,32.9,33.3,33.1,31.0,32.8,33.0,33.8,33.2,33.9,33.3,33.3,32.6,33.9,33.0,33.8,33.4,33.5,33.0,33.3,32.3,34.0,34.4,34.3,32.2,33.7,33.5,32.9,32.7,33.5,33.8,32.0,32.4,32.8,33.2,31.5,32.9,32.8,33.5,32.9,32.7,34.0,32.9,32.2,32.9,32.7,33.9,33.1,33.6,32.6,33.1,32.5,31.9,34.8,33.4,32.7,34.8,32.8,33.5,33.3,32.4,33.1,33.8,32.9,33.3,33.7,33.4,32.6,31.9,32.9,33.0,33.1,33.1,34.0,33.7,32.9,32.1,32.7,33.7,32.9,33.2,34.0,32.4,34.1,32.3,34.7,32.9,33.5,33.4,33.3,33.7,31.9,33.3,33.9,33.1,32.8,32.3,32.3,33.5,33.2,33.1,33.6,32.4,32.5,33.1,33.5,32.4,33.0,33.0,32.8,33.5,33.0,33.1,33.7,33.1,32.3,33.1,31.7,33.7,32.9,33.8,33.6,34.3
1785303449.8542025,559,33.5,32.0,32.7,32.7,33.2,32.6,32.8,31.8,32.0,33.5,32.5,32.9,32.4,33.1,32.3,32.6,33.6,32.6,32.3,32.2,32.6,32.2,32.3,32.3,32.7,32.5,34.8,33.0,33.3,34.3,33.3,33.0,33.8,34.0,33.0,32.8,32.4,31.9,31.8,32.3,32.3,32.4,32.7,32.9,33.5,32.5,32.4,33.0,32.6,33.2,32.9,32.5,32.6,32.8,32.2,32.4,33.2,34.2,32.7,33.0,33.2,32.1,33.8,31.8,32.5,32.5,33.0,33.3,32.2,33.2,33.0,33.5,32.5,32.7,32.9,31.5,32.7,32.6,33.1,32.4,32.4,33.0,32.2,33.5,31.7,32.8,33.3,32.1,32.9,33.2,33.1,33.2,33.1,34.1,33.1,32.4,32.4,32.3,33.3,34.2,32.7,33.1,32.5,31.4,32.6,32.8,32.1,32.3,33.2,32.8,32.6,31.5,32.7,33.0,32.7,32.2,32.5,33.5,33.3,31.4,33.0,34.0,32.1,33.0,33.6,33.2,31.5,33.6,32.6,33.0,32.6,32.4,32.2,32.7,33.8,32.1,32.6,32.4,33.1,32.5,32.8,33.0,33.1,32.3,31.5,32.0,32.8,32.2,32.0,33.2,34.0,33.7,33.3,33.2,33.7,32.9,32.5,33.6,33.1,33.3,33.6,32.9,32.2,32.3,32.7,33.1,32.9,33.4,32.5,32.5,33.0,32.0,32.5,32.9,33.0,32.7,32.5,32.2,32.9,32.2,32.7,32.4,32.8,33.2,33.4,32.8,33.3,34.2,32.8,32.6,32.3,33.3,33.3,32.8,33.0,32.5,33.1,33.3,32.4,32.9,31.9,33.3,32.9,32.1,33.1,32.5,32.7,33.7,32.8,32.7,32.2,32.7,33.5,32.2,34.0,34.2,33.9,34.1,32.8,33.0,33.0,34.2,33.8,32.5,32.0,32.7,32.5,32.4,33.6,32.0,32.6,33.4,32.7,33.2,32.8,32.7,33.2,33.2,32.4,32.6,32.6,32.6,32.2,33.4,33.1,32.6,34.2,34.4,34.3,34.3,33.7,33.1,32.6,33.6,34.4,32.3,32.0,32.4,32.9,32.5,32.9,33.3,33.3,32.8,32.7,32.6,33.0,32.1,32.0,32.5,33.2,33.3,32.5,32.7,32.8,31.9,32.7,33.2,33.8,34.0,34.1,34.2,33.0,32.7,33.6,32.3,32.5,33.5,33.4,31.9,32.0,33.2,33.4,33.0,32.2,33.4,34.7,31.7,32.8,32.6,32.1,32.1,32.5,32.9,32.9,32.3,33.2,33.3,31.8,32.9,32.4,33.8,34.7,33.4,33.6,33.1,33.4,32.9,32.4,32.7,31.6,32.5,32.5,32.5,32.9,32.6,33.6,33.2,32.7,33.5,32.6,32.5,32.8,33.2,32.8,32.6,33.8,32.9,32.2,33.2,33.8,33.2,34.0,32.7,34.0,34.2,33.3,34.0,32.7,33.3,33.6,32.7,32.8,33.0,32.8,33.8,33.2,31.8,31.8,33.2,32.3,32.9,32.7,33.2,33.2,33.1,32.9,31.8,31.2,32.1,33.4,32.8,34.0,32.8,32.2,34.1,33.9,33.6,34.1,33.1,33.4,33.1,33.0,33.2,32.9,32.9,33.3,33.7,32.6,33.5,31.9,32.8,33.0,33.2,32.7,32.8,31.9,32.2,32.1,33.1,32.9,32.9,32.8,32.9,33.2,33.6,34.0,33.1,33.5,33.9,33.7,34.3,33.0,33.3,33.8,32.5,33.6,33.2,32.4,32.6,32.3,33.0,32.7,32.7,32.4,32.2,32.1,33.1,32.6,32.3,32.6,33.0,34.3,33.0,32.3,32.5,33.7,32.6,31.5,33.3,32.6,34.1,34.0,33.9,33.8,34.0,33.0,32.4,33.0,33.3,33.5,33.1,33.9,32.6,32.8,33.3,32.7,33.3,32.7,32.7,32.9,31.8,33.2,32.4,32.4,32.6,34.2,33.4,33.5,33.5,33.9,33.4,33.9,32.7,34.3,33.4,33.8,34.5,33.6,32.8,33.3,33.7,32.7,32.1,33.0,32.5,32.8,32.9,32.9,32.7,32.8,33.3,32.8,32.8,33.7,32.5,33.7,32.8,32.7,34.4,32.6,34.3,32.6,33.7,34.6,34.0,33.6,34.2,34.9,34.4,34.1,32.7,33.2,33.1,33.0,32.6,33.6,33.3,32.7,33.0,32.8,32.7,32.7,33.2,33.3,32.9,33.4,31.9,32.7,32.6,32.6,33.2,34.2,33.7,34.2,33.9,33.2,33.8,34.4,34.9,34.9,34.2,33.8,33.2,33.8,32.8,31.3,34.0,32.6,33.3,33.6,33.5,33.5,32.8,32.6,32.6,33.8,nan,32.8,33.1,32.5,33.8,32.8,32.8,34.3,35.1,33.8,33.7,34.7,33.3,33.8,33.9,34.1,34.1,33.9,34.2,34.5,33.1,32.8,33.0,32.3,34.3,33.4,34.1,32.7,32.5,32.4,32.4,32.7,32.9,33.2,33.2,33.4,32.7,33.5,33.1,32.6,34.3,33.6,33.4,33.4,34.0,34.2,34.1,34.2,33.9,35.1,33.6,33.0,34.2,32.3,33.0,33.4,34.4,31.7,33.0,33.2,32.8,33.0,33.0,31.7,32.3,32.3,33.0,33.2,33.0,33.3,34.7,34.3,34.2,33.0,33.9,33.7,33.9,34.1,34.3,34.3,33.9,34.4,33.4,33.4,34.2,32.4,33.6,33.5,32.8,33.1,33.1,33.1,32.5,33.6,32.9,32.6,33.8,33.4,33.1,33.3,33.6,33.0,32.9,34.2,35.1,33.4,33.3,33.6,33.8,33.6,34.3,34.1,35.1,33.7,33.6,34.1,33.1,33.2,33.4,32.4,33.9,32.3,33.8,31.4,33.4,32.9,33.5,33.5,33.7,32.9,33.6,33.2,33.2,34.2,33.2,34.5,34.9,34.4,33.6,33.0,33.7,33.7,34.9,33.3,35.1,33.8,33.7,33.1,34.1,33.7,33.2,33.1,32.8,33.3,33.2,33.3,33.8,32.5,32.9,32.5,32.7,33.3,32.7,33.4,32.7,33.4,33.1,33.4,34.3,34.2,33.1,33.3,33.8,32.8,33.7,33.7,33.5,34.0,34.3,33.8,34.6,32.9,34.1,33.5,31.9,31.4,33.3,32.2,33.4,32.8,32.6,31.9,32.7,33.8,33.1,33.2,33.3,32.9,34.2,33.6,34.0,33.6,34.6,33.3,33.3,33.8,33.7,33.9,35.0,33.7,33.3
1785303452.1242967,560,32.7,33.4,33.0,32.9,33.0,32.6,32.2,32.2,32.5,31.7,32.1,32.5,32.4,32.7,33.5,32.2,31.6,32.8,32.9,32.8,33.1,32.1,31.7,32.8,33.3,32.4,32.7,33.0,33.6,33.2,32.6,32.0,33.3,33.2,32.8,32.3,32.4,32.2,33.1,32.7,32.8,32.6,31.8,33.1,32.6,32.8,32.0,33.4,32.1,32.3,33.0,32.1,32.2,32.8,31.4,32.4,32.4,32.6,32.5,32.6,34.5,32.3,31.9,33.6,32.8,32.3,31.6,33.3,32.6,32.8,31.2,32.1,33.1,32.2,32.4,32.2,32.8,32.6,32.9,31.9,32.6,33.1,33.5,32.6,31.9,33.0,33.3,32.5,32.7,34.1,32.9,33.2,34.2,32.6,33.1,33.6,33.1,32.8,30.8,33.1,32.5,32.3,31.6,32.6,31.8,32.8,32.1,33.0,31.6,32.8,31.8,32.5,32.2,33.4,32.5,32.7,32.7,32.4,32.5,33.1,32.1,32.1,31.5,34.0,32.8,33.0,32.3,32.9,32.6,32.8,32.8,33.3,31.9,32.9,32.5,32.9,32.6,33.3,32.7,31.9,32.6,32.7,31.6,32.2,32.7,33.4,31.9,31.9,32.2,32.3,32.6,32.9,33.7,31.8,32.2,34.2,33.0,33.8,32.0,32.8,34.0,31.7,31.6,32.9,32.6,31.6,31.8,32.8,32.3,31.8,32.7,33.4,32.5,32.7,31.5,32.7,32.6,32.4,33.0,32.4,33.1,32.7,32.0,32.5,33.4,33.4,31.5,33.9,33.4,32.9,32.8,34.4,32.6,32.8,31.8,32.5,32.0,32.0,32.6,32.2,32.6,32.1,31.9,31.8,31.9,32.3,32.2,32.2,32.7,32.2,32.5,32.8,33.9,32.5,33.5,33.4,33.4,32.9,32.4,32.9,32.2,33.2,32.7,32.5,32.1,32.7,32.7,32.8,31.7,32.2,32.7,32.3,32.9,32.9,32.8,32.1,32.4,32.6,32.9,32.6,32.3,32.4,33.4,32.8,33.1,32.6,32.7,34.8,33.8,34.6,33.9,33.7,33.8,33.3,32.4,33.6,33.1,32.7,33.1,31.9,32.6,32.7,33.0,32.7,31.3,33.1,31.8,32.0,33.0,32.9,33.0,32.2,33.3,32.3,32.5,33.0,32.2,32.4,33.9,35.2,35.0,33.9,33.5,33.1,33.2,33.5,33.8,33.1,32.6,31.9,32.6,32.6,33.0,32.3,32.0,33.2,31.9,32.9,33.0,33.1,32.4,32.4,31.3,33.1,31.8,33.1,32.4,33.7,32.4,33.1,32.1,34.0,34.1,34.1,32.5,33.3,31.8,33.1,32.2,33.0,32.7,32.9,32.2,32.1,33.1,33.0,32.6,33.2,32.2,32.5,32.5,32.7,32.9,32.4,33.2,32.1,31.6,32.3,32.7,32.3,33.2,32.7,32.7,33.1,33.8,34.1,33.9,32.6,31.8,32.2,32.4,31.9,32.8,31.5,32.0,32.6,32.8,33.0,32.7,32.7,32.6,32.6,32.7,32.6,32.5,33.7,32.9,33.1,32.2,32.8,32.3,32.3,32.8,33.0,33.6,33.1,33.9,33.1,33.6,33.7,32.4,33.1,32.1,33.2,32.7,32.5,33.4,32.5,33.6,32.2,33.0,32.6,31.4,32.2,32.7,32.4,32.7,33.0,33.0,32.6,33.4,32.6,32.5,32.3,33.5,32.9,32.4,34.6,33.4,33.1,34.1,33.7,33.8,32.7,32.2,32.0,32.8,32.6,32.5,32.3,31.8,33.0,32.0,33.1,32.6,32.8,33.3,32.6,32.5,32.8,32.3,32.8,33.1,33.8,33.0,33.0,33.4,33.0,34.6,34.3,34.1,33.5,32.7,34.0,33.1,33.3,32.9,33.0,33.0,33.7,32.4,32.6,32.9,32.6,32.8,32.7,33.0,33.4,33.4,32.6,31.9,32.6,32.7,32.1,32.6,32.3,33.2,32.6,33.2,32.9,32.9,33.4,33.4,33.4,34.3,33.4,33.2,34.4,33.2,33.4,32.7,33.7,32.1,32.9,31.5,33.2,32.6,32.9,32.9,32.4,32.8,33.5,33.5,32.5,32.0,32.5,32.7,33.2,32.3,33.5,33.0,33.6,32.3,33.4,34.1,33.8,34.0,35.0,34.5,34.2,33.5,33.5,32.4,33.5,32.0,33.6,33.4,32.4,32.9,31.4,32.7,33.9,32.4,32.7,32.5,32.7,32.9,32.6,32.7,33.1,33.2,33.6,33.4,34.6,33.9,33.3,32.7,34.5,34.6,34.8,33.8,34.0,33.8,32.0,33.2,32.4,32.3,31.9,33.2,33.3,32.4,32.1,32.8,33.2,32.5,33.6,33.2,nan,32.1,33.2,33.0,33.8,32.6,32.7,33.3,33.8,33.3,34.0,33.8,33.2,33.5,34.6,33.9,34.8,32.7,34.1,32.6,33.8,32.4,32.8,33.4,32.6,33.8,33.6,33.8,33.7,33.1,32.9,32.9,33.1,33.4,32.9,32.6,32.6,33.7,33.9,33.4,33.8,33.9,34.1,34.3,33.8,34.5,33.1,34.0,34.4,32.9,33.4,33.0,32.5,32.3,34.0,32.8,33.3,32.9,33.5,32.5,32.1,33.2,33.2,32.1,32.5,32.7,33.2,33.0,33.2,33.5,32.9,34.2,33.7,32.8,33.9,34.1,34.8,33.9,34.7,34.3,34.1,32.6,33.5,32.5,34.3,32.8,33.6,33.3,33.4,31.6,33.4,32.9,32.7,32.7,32.6,33.4,33.3,33.1,32.4,33.5,32.7,32.9,32.6,34.3,33.8,34.3,34.0,33.5,33.8,33.7,32.6,33.7,35.3,33.5,33.2,33.3,32.9,32.8,33.6,32.9,33.6,32.7,33.4,33.4,33.4,33.1,33.5,32.5,33.4,32.4,33.1,32.9,33.2,32.0,33.4,33.9,34.4,33.4,33.8,32.4,33.6,33.4,33.4,33.4,34.2,33.6,32.8,33.3,32.5,33.7,33.9,33.7,33.4,33.3,32.9,32.7,32.4,32.7,33.3,32.6,32.6,33.3,32.8,33.4,32.9,33.3,33.3,33.8,33.8,33.8,33.5,34.6,34.1,34.3,33.4,33.3,34.3,33.3,33.6,32.9,33.0,32.2,33.3,31.7,32.5,32.2,33.5,32.4,32.5,32.2,32.8,32.6,32.8,32.9,32.9,33.6,32.6,32.4,33.1,33.6,33.8,33.1,33.5,32.9,32.7,32.7,33.7,34.9,34.6,33.9,33.4
1785303454.556263,561,34.4,33.6,33.5,32.6,32.6,31.6,33.1,32.6,32.5,33.0,31.9,32.8,31.1,32.8,32.7,32.5,32.7,31.9,32.9,32.9,33.5,32.1,33.5,32.3,31.9,32.1,33.8,32.2,32.4,33.1,33.6,31.9,33.2,32.2,32.5,33.8,33.4,32.0,33.0,32.1,32.9,32.4,32.7,33.0,31.1,31.2,32.1,33.0,32.3,32.1,32.9,32.3,32.7,32.9,32.1,33.4,32.5,32.1,32.6,32.9,32.4,32.8,32.7,32.9,32.0,31.9,32.3,32.0,32.4,33.2,32.7,33.4,32.5,33.2,33.1,32.0,32.8,33.4,33.0,32.7,31.9,32.7,32.8,32.2,32.1,32.4,33.2,32.2,32.2,32.5,33.7,33.1,32.9,32.1,33.4,32.8,32.5,33.0,31.4,34.0,32.6,31.1,32.3,32.8,32.7,32.3,31.8,32.3,31.7,31.5,32.0,32.5,32.8,32.2,33.1,32.7,32.6,32.5,32.0,33.6,32.0,32.9,32.7,33.4,33.5,32.4,32.8,33.1,32.8,32.9,31.3,32.3,33.1,33.0,33.5,32.4,32.1,32.5,32.4,32.5,32.0,32.7,33.1,32.4,33.2,32.8,32.6,33.0,32.5,32.3,32.8,32.8,33.2,32.4,32.8,33.0,32.8,32.9,33.8,32.7,32.8,32.0,31.7,32.1,32.5,33.0,31.7,33.4,32.1,32.0,32.8,31.5,33.3,32.1,32.6,33.4,33.3,31.9,32.8,32.1,32.6,32.9,33.4,34.1,33.3,33.2,32.3,33.5,32.9,32.5,32.9,33.6,33.3,32.3,32.7,32.2,31.6,33.4,33.9,32.9,32.4,32.0,33.1,32.9,32.2,32.7,33.8,31.8,32.4,33.3,32.8,32.5,33.0,32.5,33.9,33.6,33.5,32.9,34.1,32.8,32.8,32.8,33.0,33.0,32.4,31.0,32.2,32.4,32.5,32.1,33.3,32.4,32.9,32.2,32.4,33.3,32.0,32.4,32.6,33.1,32.3,32.3,32.5,32.5,32.8,32.8,33.5,35.1,34.9,33.6,32.7,33.5,34.1,31.8,32.1,34.0,32.3,32.4,31.9,33.0,31.6,32.5,32.8,32.0,32.5,32.2,33.7,33.4,32.2,31.8,32.7,32.8,32.7,33.3,32.7,32.1,32.9,32.5,33.7,34.1,34.5,34.5,33.2,32.6,33.0,32.6,34.0,33.0,32.0,33.0,33.1,32.6,32.6,31.6,32.6,33.2,32.8,31.2,31.4,32.9,33.1,32.3,32.6,33.0,32.5,33.3,32.3,32.3,32.3,32.5,33.1,34.3,34.0,34.3,32.1,33.2,33.3,31.4,31.9,33.8,32.0,33.0,31.8,33.2,32.0,32.7,33.3,33.1,32.7,32.9,33.5,33.0,32.6,32.6,33.5,32.3,33.5,33.0,33.2,32.8,33.5,33.4,33.0,33.1,33.0,33.8,33.2,32.9,33.3,31.7,33.4,32.6,33.3,31.7,31.9,33.0,32.6,32.1,31.9,33.1,32.0,32.1,32.3,33.0,32.5,32.5,32.8,32.3,33.0,32.3,32.7,33.1,33.2,32.5,33.3,33.8,33.1,33.7,34.2,33.0,33.0,32.2,33.0,33.2,33.0,33.4,32.0,32.4,33.0,32.3,33.4,32.0,33.0,31.4,32.9,33.1,32.6,32.9,32.7,33.1,32.6,32.3,33.0,32.7,33.4,33.3,33.6,34.5,33.6,34.0,34.5,32.7,33.8,32.8,33.4,33.5,33.1,32.0,33.0,33.3,32.1,32.2,32.5,33.5,31.0,32.1,32.2,32.6,32.7,33.0,32.1,32.1,32.0,32.7,32.4,32.8,32.7,33.2,33.7,33.5,33.3,32.3,34.4,33.7,32.6,33.3,33.2,33.0,32.4,32.8,33.2,32.7,32.5,32.5,33.6,33.1,32.0,32.6,32.6,31.7,33.6,32.5,33.1,33.1,32.9,32.6,33.7,33.0,32.4,33.1,33.4,33.7,32.7,33.9,34.3,33.3,33.6,33.6,33.6,33.3,32.2,33.1,33.2,33.7,32.5,31.8,32.9,33.6,32.2,32.1,32.2,33.0,33.5,31.9,32.7,33.2,33.0,33.0,33.0,33.0,32.4,33.0,33.0,33.9,33.0,32.8,34.1,34.8,33.2,34.1,33.2,33.3,32.2,32.0,33.2,32.7,31.9,32.5,32.2,32.8,33.0,33.1,33.1,32.6,32.4,32.8,33.4,32.7,32.4,32.8,33.4,33.2,33.6,33.7,34.3,33.7,34.4,33.2,34.8,34.1,34.0,34.3,33.2,33.9,33.1,32.0,31.8,33.7,32.0,32.2,33.2,33.3,33.2,32.2,32.4,33.3,32.7,nan,33.5,33.5,32.9,32.5,32.5,33.4,34.0,34.2,34.1,33.0,33.2,33.2,33.6,34.8,34.2,33.7,33.0,33.3,32.6,32.6,32.6,33.3,32.3,32.7,33.2,33.5,32.7,32.4,33.4,32.8,32.1,32.6,32.8,32.7,33.1,32.2,33.4,32.3,33.7,34.2,35.0,33.9,33.6,34.2,32.9,33.2,34.4,33.0,33.5,33.7,33.5,32.5,33.2,32.8,33.3,32.1,32.7,33.4,32.6,31.8,32.6,32.5,32.9,32.4,32.7,33.3,32.9,32.1,32.3,33.4,33.1,33.5,33.1,34.6,33.4,33.5,34.0,34.3,34.7,33.4,32.9,33.1,33.4,32.8,34.1,32.7,32.7,32.3,32.9,33.3,32.4,33.3,33.5,33.3,32.9,32.7,32.6,33.5,32.8,32.6,33.4,33.0,34.3,33.2,33.1,34.1,34.0,34.1,34.6,34.4,33.7,34.4,34.1,32.6,32.5,33.2,31.7,33.4,32.0,33.4,32.6,32.7,32.7,32.2,33.8,33.9,32.3,32.4,32.3,33.3,32.2,32.7,32.4,32.9,32.9,33.6,33.8,33.4,32.9,33.4,33.8,35.1,33.6,33.4,33.9,34.1,32.2,32.8,33.3,32.9,32.5,34.3,32.7,32.4,32.4,32.1,32.8,32.8,33.5,32.1,34.2,33.2,32.9,32.6,33.5,33.0,33.3,33.0,33.7,33.6,33.3,33.2,33.9,33.7,32.9,33.6,34.0,33.5,32.6,32.8,33.2,32.7,33.2,33.7,32.3,33.9,32.5,32.4,32.5,33.1,32.5,32.8,32.0,34.3,32.6,32.4,32.6,33.0,33.3,33.8,32.4,33.5,33.4,32.9,33.2,34.9,33.4,33.6,33.1,34.3
1785303456.3060079,562,32.9,32.2,32.9,33.6,32.2,32.0,32.7,32.3,32.6,32.0,32.6,32.8,33.0,32.5,32.1,32.3,32.8,32.6,32.1,33.2,32.8,32.5,32.2,33.0,33.6,31.8,31.7,32.6,33.5,33.5,34.0,34.4,31.9,33.1,33.4,32.7,32.1,32.7,32.8,32.6,32.4,33.1,32.3,32.5,32.2,32.5,32.1,33.1,32.1,33.3,33.7,32.6,32.5,32.7,33.6,32.3,31.9,33.1,32.4,32.7,33.1,32.5,32.5,33.0,32.9,32.4,32.4,33.6,33.0,32.5,31.9,33.0,33.0,32.4,31.0,32.5,32.1,32.5,31.6,33.6,32.8,32.5,32.5,32.5,32.9,32.4,32.9,33.3,32.5,33.5,32.6,34.3,33.2,32.7,33.0,33.2,31.5,32.7,33.6,32.5,33.0,32.6,32.6,32.6,32.1,33.4,32.1,32.7,31.8,32.4,33.0,32.9,32.4,32.6,32.7,32.3,32.4,32.1,32.5,32.4,32.7,32.8,32.0,32.7,32.9,31.9,31.2,31.6,32.7,32.7,32.9,31.9,33.4,32.6,33.0,32.8,32.3,32.8,32.5,32.7,33.2,31.7,32.2,33.1,32.7,32.9,32.2,33.4,32.4,32.9,31.8,33.8,33.4,32.2,33.0,33.0,33.0,34.1,32.6,33.8,32.8,31.6,32.8,32.6,32.8,33.4,33.6,32.3,32.4,32.9,33.3,31.7,32.4,32.3,32.8,32.8,33.3,33.6,32.6,32.5,32.8,32.1,33.2,32.4,32.6,32.9,33.4,33.9,32.1,33.2,33.3,32.6,33.2,33.8,32.1,33.2,31.7,32.1,31.8,33.6,32.8,32.7,32.5,32.7,32.6,32.7,33.1,32.6,32.8,31.2,31.6,33.0,33.1,31.8,32.9,34.5,32.9,33.1,33.4,32.6,33.5,33.1,33.3,33.6,32.2,33.2,33.4,32.3,32.3,31.8,33.3,32.8,32.4,33.1,32.7,31.8,32.6,32.6,33.1,32.0,32.8,31.8,32.0,32.2,32.8,32.1,33.4,33.5,33.6,33.7,33.1,32.8,33.1,32.4,32.9,33.0,32.1,32.6,31.9,33.8,32.1,32.1,32.2,33.1,31.9,32.0,32.2,33.7,32.8,32.1,32.1,33.6,32.9,32.3,32.4,32.9,32.8,32.6,33.8,35.4,35.2,34.8,32.9,34.2,32.5,32.0,32.9,34.0,32.0,32.2,33.3,32.5,31.6,32.2,33.6,32.6,32.3,31.9,32.9,32.1,33.3,32.3,32.9,32.7,32.3,32.3,32.6,32.7,32.8,32.5,34.7,33.9,34.9,34.0,33.1,33.2,33.1,33.0,32.1,32.9,33.0,33.0,32.2,32.8,33.0,33.0,33.0,33.1,32.6,32.7,32.0,32.6,32.3,32.8,32.7,33.4,33.4,32.1,32.1,32.6,33.9,33.1,33.6,34.1,32.9,32.8,33.1,33.7,33.5,32.4,32.7,33.0,32.3,31.6,32.7,32.1,31.8,32.7,32.9,32.8,32.8,32.8,32.6,33.0,32.0,33.0,33.0,32.2,32.8,33.8,33.0,32.5,32.7,33.3,33.1,34.3,33.3,34.7,33.3,33.8,32.3,32.8,32.6,33.3,33.1,32.4,32.5,32.8,33.4,32.9,32.9,33.7,33.1,31.6,32.4,33.6,32.6,32.5,31.8,32.8,33.1,32.3,33.2,33.0,33.1,33.8,33.5,33.8,33.6,33.3,33.5,34.2,33.7,33.3,31.9,33.4,32.9,33.3,32.0,32.7,33.3,32.8,33.1,32.8,33.0,32.8,33.3,33.2,33.5,32.4,33.5,33.2,32.8,32.7,33.0,32.7,33.8,33.0,34.0,33.2,32.8,33.7,33.5,33.4,33.9,33.2,33.9,34.1,33.1,32.8,32.3,34.4,31.9,32.5,33.3,33.6,33.1,32.8,32.9,33.3,32.9,33.1,32.5,34.2,32.5,32.0,32.3,33.8,33.1,33.1,33.3,34.0,34.5,33.7,33.8,34.6,33.7,33.4,33.9,34.2,32.6,32.2,33.4,32.8,32.5,33.3,34.1,32.5,32.7,32.8,33.8,32.7,32.9,32.6,33.5,32.4,32.4,33.2,33.0,33.6,33.5,33.7,33.7,34.1,33.7,34.4,33.9,34.7,33.5,35.0,34.0,32.4,32.7,33.4,32.5,33.9,32.7,31.8,32.4,32.8,32.9,32.6,31.8,33.0,33.2,32.8,31.8,32.8,33.1,33.0,32.1,33.1,34.2,34.0,33.1,34.2,34.3,32.5,34.4,34.5,34.4,33.9,32.9,33.3,32.8,32.1,32.6,32.4,32.3,33.6,32.8,31.8,32.2,33.2,32.8,32.7,32.1,nan,32.4,32.7,32.4,32.4,33.2,33.7,33.7,34.5,34.4,33.3,33.6,33.6,35.0,34.5,33.8,34.4,33.8,33.3,33.6,32.8,32.3,33.5,33.0,32.0,33.3,33.8,32.4,31.5,32.3,33.5,32.7,32.6,32.8,33.0,33.0,32.6,33.1,33.7,33.5,34.7,34.0,34.2,33.8,33.0,33.1,35.8,33.7,33.6,33.6,34.9,33.7,32.0,32.6,32.3,32.1,33.8,33.7,33.4,33.6,33.4,33.8,33.6,32.6,32.3,33.4,32.2,32.4,33.4,33.2,33.3,33.7,34.4,33.7,34.7,33.2,33.8,34.0,32.9,33.8,34.2,34.1,34.2,34.4,33.7,32.9,33.7,32.4,33.6,33.3,33.0,31.9,33.3,31.6,34.2,32.3,32.7,33.1,33.2,33.3,32.1,33.1,33.2,34.5,33.9,34.8,33.7,33.5,33.9,33.7,34.2,33.6,34.0,33.6,34.3,32.7,31.7,33.3,33.7,32.7,33.5,32.9,33.3,32.5,32.6,32.6,33.1,32.9,32.8,33.6,32.5,32.6,32.8,33.8,33.5,33.8,35.1,33.8,33.3,33.6,33.6,33.2,34.5,34.2,34.5,34.3,34.0,32.3,32.8,31.1,34.0,33.6,32.9,32.4,31.8,33.2,33.4,31.7,33.0,33.0,32.8,32.8,33.2,32.1,31.9,31.7,33.5,33.0,33.5,33.4,33.5,33.6,33.4,33.0,33.8,32.6,32.3,33.4,34.4,32.6,33.4,34.1,32.5,33.2,32.8,32.4,32.8,32.5,33.2,31.8,32.5,32.6,33.0,33.2,33.2,32.4,33.0,32.8,33.9,32.8,33.5,33.5,32.5,33.6,34.1,33.3,32.8,33.3,34.3,34.7,34.2
1785303458.4893503,563,32.3,32.5,30.8,33.8,32.4,33.6,31.6,32.8,32.7,31.6,32.0,32.2,32.1,32.1,33.2,32.5,32.2,33.0,32.2,33.6,33.0,33.4,31.2,31.6,32.4,32.2,31.9,33.5,32.3,31.4,32.5,32.1,33.2,32.0,33.9,32.2,33.0,31.6,32.8,32.6,32.6,33.0,31.7,32.3,32.0,31.4,33.0,32.2,32.7,32.5,33.6,31.8,31.9,33.1,32.5,33.3,32.3,32.9,32.6,33.1,32.4,32.4,33.2,32.5,31.4,33.6,31.0,32.7,32.5,33.4,31.7,32.6,33.0,32.4,31.5,33.4,32.5,31.6,32.3,32.3,32.5,33.2,32.5,32.9,33.0,32.2,32.3,32.9,32.8,33.1,33.2,33.5,33.4,31.4,32.7,33.2,32.8,32.7,33.0,32.5,32.4,31.8,32.1,32.0,32.7,32.9,32.5,32.3,32.5,32.0,31.8,32.2,31.2,32.4,32.7,32.4,32.7,32.0,32.9,32.4,32.9,33.1,32.4,32.5,33.3,33.8,31.7,33.5,32.5,32.0,31.3,33.0,31.5,32.8,31.6,32.0,31.9,31.9,32.4,32.5,32.0,31.9,32.1,32.4,33.0,32.2,32.2,33.4,31.7,32.6,32.3,32.9,32.9,32.7,31.8,33.3,33.0,33.9,33.7,32.5,31.8,32.5,33.0,31.3,31.5,32.5,32.8,31.7,32.4,32.2,32.0,31.5,33.4,32.7,32.4,33.0,32.6,32.8,32.4,32.1,32.3,32.4,32.5,32.8,32.6,32.6,32.7,33.0,32.7,32.9,33.1,32.8,32.9,34.0,32.3,33.0,31.3,32.8,32.8,33.0,32.1,32.5,30.8,32.2,32.9,32.7,32.6,32.9,33.2,31.5,32.5,32.6,32.9,32.6,33.4,34.0,33.8,33.3,33.0,32.9,31.9,32.2,33.9,34.3,32.4,32.8,33.0,32.1,32.3,32.3,32.6,32.2,32.4,32.7,32.1,31.8,32.8,33.4,33.1,31.5,32.5,31.8,32.5,32.0,33.1,32.9,32.9,33.8,34.2,33.5,33.4,33.2,32.9,33.5,32.9,32.8,32.1,32.3,31.3,32.4,31.7,31.9,32.0,32.5,32.2,32.0,31.7,33.1,32.6,32.9,31.6,32.4,33.4,32.8,32.9,33.1,32.6,32.1,33.4,34.6,33.7,33.1,32.9,31.9,33.1,33.2,32.6,31.9,32.5,32.0,32.7,32.3,32.5,32.7,32.8,32.4,33.0,32.6,32.6,32.3,32.5,32.6,31.7,33.1,31.7,32.8,33.0,32.5,33.1,32.4,33.9,34.2,33.8,33.3,33.3,32.1,32.9,33.0,32.5,33.4,31.7,32.2,31.8,33.0,32.8,33.0,32.7,33.3,32.7,33.2,33.0,33.3,32.6,32.1,32.4,32.5,34.0,32.6,32.4,31.8,32.8,33.3,32.7,33.8,33.9,33.7,33.1,33.0,32.9,32.8,32.1,32.6,32.5,32.8,33.3,32.1,33.3,33.1,32.4,32.1,33.0,32.9,32.1,32.2,32.8,32.5,33.3,32.8,32.0,32.5,32.5,31.9,32.5,33.0,33.0,33.3,33.8,33.7,32.6,33.2,33.5,32.8,32.2,32.5,32.8,33.6,33.0,33.6,33.2,33.2,32.2,32.7,32.7,32.6,32.2,31.8,32.4,32.8,33.1,33.0,32.9,32.3,31.9,33.0,33.4,33.6,33.8,33.6,33.4,33.0,33.4,33.7,33.3,32.2,32.7,32.5,32.9,32.5,32.7,32.7,33.0,32.6,32.3,32.5,33.3,32.3,32.0,33.1,32.1,33.0,32.4,32.1,32.4,33.2,32.2,32.5,32.4,32.7,33.2,32.9,33.3,33.7,32.6,33.7,33.2,33.0,33.0,32.3,33.1,33.0,32.6,33.2,32.2,32.5,31.8,34.1,32.7,32.8,32.9,33.6,32.8,32.5,33.2,32.8,32.5,33.7,32.9,33.5,32.9,32.6,33.6,33.1,33.8,33.3,34.0,34.0,33.8,34.1,33.9,32.9,32.8,32.3,32.4,30.6,32.9,32.8,33.7,32.5,32.8,32.8,32.5,32.5,33.0,32.9,32.5,32.2,34.0,32.7,32.6,33.5,33.0,33.2,33.9,32.9,33.8,33.4,33.0,33.1,33.7,34.3,34.0,32.9,32.4,33.0,31.9,33.5,31.6,32.3,31.8,32.4,33.2,32.7,31.6,32.3,32.4,32.5,32.3,32.7,32.1,32.8,32.3,33.0,34.2,33.2,33.6,33.3,33.5,34.0,34.2,33.9,34.4,33.4,32.9,32.0,32.6,32.7,32.8,32.0,32.1,32.3,32.8,32.1,32.7,33.0,33.4,33.0,32.7,nan,33.2,32.2,32.9,33.0,32.5,32.9,34.0,34.3,33.5,34.2,33.9,33.2,33.6,34.3,35.4,33.4,33.4,33.1,32.5,33.2,32.1,33.5,32.9,32.2,32.0,33.5,32.2,32.8,32.1,33.6,32.8,31.8,32.8,33.5,32.9,32.8,33.1,32.7,34.3,34.7,33.1,33.5,33.3,33.3,33.3,33.8,33.9,34.7,33.6,33.5,32.9,32.4,32.8,31.8,32.7,32.5,32.5,32.5,32.6,32.4,32.6,32.0,32.6,32.4,32.6,32.5,32.7,32.4,33.2,32.8,33.2,34.1,33.1,33.1,34.6,34.4,33.6,33.6,34.0,33.2,32.7,33.5,33.9,33.9,31.7,32.9,33.0,32.9,31.7,32.0,32.6,32.2,32.8,32.5,33.1,33.5,32.8,33.5,33.2,32.5,32.1,33.3,34.0,33.9,34.0,33.7,33.7,34.3,33.1,33.6,34.2,33.2,33.1,32.6,33.1,33.0,32.3,33.3,32.9,32.3,33.1,32.9,32.4,32.5,32.3,33.6,32.6,32.1,33.4,32.6,32.6,32.6,32.9,33.1,33.6,34.1,33.1,33.5,32.7,34.3,33.1,33.7,33.0,33.0,33.0,34.0,32.5,33.7,33.8,34.0,31.7,32.9,32.0,31.8,31.9,32.6,31.9,32.6,32.8,32.3,31.7,33.4,32.6,33.0,32.4,33.5,33.9,33.9,33.7,34.1,33.2,32.8,32.5,33.6,33.6,33.8,33.4,34.2,32.8,32.2,32.6,32.5,33.0,33.1,31.7,33.2,33.2,33.9,32.5,31.9,33.2,32.6,32.8,32.8,32.6,32.3,32.3,33.0,33.9,34.0,33.9,32.6,33.2,33.0,34.1,34.0,34.0,34.7,34.2,33.4
1785303460.5861387,564,33.0,32.9,32.0,32.2,33.2,33.7,31.5,32.7,31.6,32.7,32.5,31.2,34.0,32.8,33.1,33.1,31.4,32.4,31.8,31.9,32.8,32.4,33.1,32.0,32.5,33.2,32.7,31.9,34.0,33.6,33.8,33.5,34.4,33.2,31.3,32.1,33.1,32.8,32.0,32.5,33.0,33.4,32.9,33.1,32.5,32.6,33.0,32.7,32.4,33.0,32.2,33.2,33.3,33.6,32.8,32.4,32.8,32.4,32.5,32.6,34.5,32.1,33.6,32.3,33.8,32.5,33.5,31.2,31.8,32.8,32.7,32.1,32.5,33.7,32.0,32.6,33.1,33.1,33.8,31.7,32.8,32.5,32.2,31.8,32.4,32.3,33.7,32.3,32.9,33.0,32.9,32.8,33.3,32.8,32.4,32.6,32.9,32.1,30.6,33.3,32.1,32.1,31.4,32.7,33.0,33.2,32.6,33.2,33.9,32.0,32.6,32.7,33.0,33.0,32.0,32.4,33.9,31.6,31.9,32.0,33.7,32.5,32.8,33.2,34.2,32.4,32.9,32.4,33.3,33.7,33.0,31.6,32.3,33.3,32.5,32.0,31.5,31.9,32.0,32.5,33.8,32.8,31.2,31.5,32.0,33.0,31.9,32.0,33.0,32.7,32.6,32.5,32.8,33.4,32.7,32.1,32.8,33.2,32.7,32.2,33.4,32.4,32.2,31.9,32.6,32.2,32.0,31.9,33.2,33.2,32.5,32.2,32.9,32.4,32.0,32.7,33.4,32.1,32.2,32.9,32.6,33.0,32.5,32.5,33.4,32.9,32.6,32.5,34.2,32.7,33.0,33.4,32.8,33.5,31.8,32.3,31.4,33.1,32.4,32.2,31.7,33.0,32.1,32.5,33.3,32.8,32.4,32.9,33.2,32.6,32.8,31.6,32.2,32.2,32.5,32.9,34.2,33.4,32.8,32.9,33.9,34.0,32.7,33.3,32.9,32.0,32.1,32.2,33.9,32.1,32.1,33.0,33.7,33.0,32.3,32.7,32.9,31.6,32.6,32.4,32.9,32.0,31.9,32.8,33.6,32.7,32.6,34.9,33.9,32.8,32.5,32.8,33.8,33.7,33.2,32.5,32.7,33.3,32.5,31.5,32.4,32.4,32.4,31.9,31.7,33.0,32.8,33.2,32.2,31.9,33.3,32.7,32.1,33.2,32.7,31.1,32.9,32.9,33.7,34.4,34.5,33.6,33.2,32.5,32.8,33.3,32.8,33.1,33.2,33.4,31.6,33.4,32.8,33.4,33.2,32.9,33.9,32.4,32.4,33.6,32.9,32.4,33.0,32.1,33.1,33.2,32.6,33.3,32.8,32.8,33.2,35.0,34.4,34.6,32.2,33.3,32.7,32.9,33.2,33.2,33.5,32.9,32.1,31.7,32.6,33.3,32.8,32.0,33.5,33.2,32.0,32.2,32.4,33.4,32.4,31.6,32.5,32.6,32.5,32.6,32.7,33.2,32.5,32.9,33.7,34.4,33.2,32.6,32.9,33.3,32.0,32.7,32.8,32.3,32.6,33.8,33.4,32.7,32.7,33.4,32.3,32.2,32.4,32.6,33.4,32.5,32.4,32.8,32.8,31.7,32.8,32.8,33.9,33.1,33.2,33.4,33.9,33.6,33.1,33.0,33.5,33.1,31.3,33.8,31.5,33.7,31.8,31.6,32.8,32.8,32.0,32.5,33.5,33.5,32.0,32.5,32.4,32.6,32.2,32.3,33.4,32.6,32.9,32.1,33.4,33.7,33.4,33.6,34.4,33.6,33.7,33.7,34.0,33.5,33.6,32.0,33.0,33.2,32.7,32.3,33.1,32.7,32.0,33.1,31.1,32.3,33.3,33.1,33.1,32.0,32.2,33.3,32.9,32.8,32.8,32.3,33.4,34.1,33.3,33.5,34.7,33.1,32.9,33.0,33.6,33.3,32.9,32.6,32.8,32.9,32.8,32.4,32.9,32.6,31.8,32.7,32.7,33.4,32.6,32.6,32.4,33.1,32.7,32.3,32.9,33.1,33.1,32.4,33.8,32.7,33.6,33.6,32.5,33.9,33.2,34.0,34.0,35.3,33.2,31.8,33.1,33.1,32.9,32.3,32.8,32.3,31.7,32.9,32.8,33.6,32.0,32.8,33.1,33.0,32.5,32.4,33.1,32.2,32.1,32.7,33.1,33.2,33.3,34.3,33.6,33.3,32.6,34.1,34.4,34.4,33.1,32.9,33.8,32.9,32.6,33.8,32.8,32.6,32.9,33.0,32.7,33.0,32.6,32.9,33.0,33.1,32.9,32.1,33.4,32.9,32.9,33.4,34.3,34.4,32.9,32.7,33.6,33.8,34.5,34.0,35.1,34.0,34.6,33.2,32.9,32.8,33.1,32.1,33.3,32.0,31.7,32.8,33.7,33.1,33.1,33.3,33.8,nan,32.1,32.3,33.3,32.5,33.1,33.2,34.3,35.6,32.8,34.4,32.5,33.0,33.3,33.6,35.0,34.1,32.9,34.2,33.5,33.4,31.2,32.0,32.9,33.0,33.2,33.4,33.1,33.6,32.9,32.2,31.8,32.9,32.6,32.4,33.2,33.4,32.7,32.9,33.9,34.3,34.6,33.6,33.6,34.2,33.4,33.3,34.0,35.0,33.3,33.0,33.2,32.3,32.3,32.8,32.6,32.8,32.4,32.6,33.9,32.5,32.5,32.8,32.7,32.9,32.7,33.3,32.4,33.0,33.2,33.4,33.2,34.2,34.0,34.4,33.4,33.7,33.3,34.5,34.3,34.9,33.6,32.6,32.5,33.8,34.1,32.4,32.5,33.8,33.1,32.5,32.2,33.2,32.7,32.9,33.1,32.3,33.1,32.4,33.4,33.1,33.4,33.1,34.3,35.0,34.2,32.9,33.6,34.4,32.9,33.3,34.9,34.3,33.5,32.3,33.9,32.5,32.6,32.1,32.9,33.2,32.5,32.5,32.8,33.4,32.2,33.2,33.7,33.0,31.8,33.1,34.5,33.0,32.2,33.7,34.2,33.2,33.9,33.0,33.7,33.5,32.8,34.2,34.5,34.4,34.2,33.9,32.4,34.3,33.3,32.4,33.1,34.0,32.1,32.7,32.4,33.1,32.4,32.4,33.3,32.7,31.8,32.6,32.5,33.3,33.3,33.1,33.8,34.2,33.5,33.7,33.9,34.4,32.7,33.2,34.5,34.3,33.8,33.4,33.2,32.6,33.3,33.1,33.3,33.9,32.9,33.3,33.5,32.5,32.4,33.1,33.1,33.5,33.0,32.9,34.0,34.0,32.2,32.4,33.8,34.0,33.1,33.7,33.5,32.9,33.9,34.1,33.9,33.5,32.6,33.1
1785303462.9901326,565,32.7,31.8,32.0,33.9,32.3,31.2,33.3,31.8,32.5,30.9,32.9,31.4,32.0,32.9,32.9,32.9,33.3,32.0,32.5,33.0,33.0,32.2,32.5,32.3,31.9,32.1,32.5,33.4,33.8,32.9,32.6,32.5,32.2,32.7,32.8,33.1,33.1,32.6,31.8,31.7,32.9,31.8,31.6,33.2,31.7,31.6,32.4,33.2,32.6,31.4,31.8,33.1,32.2,32.1,32.6,32.8,32.6,33.0,31.2,32.8,33.8,32.3,32.3,32.8,31.8,34.4,32.1,32.6,32.2,32.6,33.3,32.9,32.1,32.5,32.4,32.1,32.4,32.8,32.9,32.3,33.3,32.6,31.4,31.9,33.0,32.3,33.5,33.0,32.4,32.2,32.3,32.6,33.3,32.8,33.3,32.6,33.1,32.8,32.2,32.6,32.1,32.1,31.8,31.8,33.5,32.4,32.4,31.9,32.1,33.4,32.3,32.7,32.5,33.0,31.5,33.2,32.5,33.6,31.9,32.7,32.8,32.3,32.1,32.2,33.2,32.8,33.9,32.0,32.1,32.5,32.8,32.8,32.3,32.5,32.7,31.6,32.0,33.3,32.6,32.8,32.8,32.2,33.1,32.2,32.5,32.0,32.6,32.2,32.2,33.0,33.7,32.9,33.2,33.4,33.1,32.3,32.8,33.4,32.9,33.5,33.8,34.0,31.3,31.7,33.3,32.2,32.4,32.6,31.6,33.2,32.8,32.2,32.7,33.0,32.0,32.9,31.9,32.6,32.4,32.7,32.9,32.9,32.8,33.4,32.7,33.0,32.8,33.1,32.8,33.5,32.7,32.9,32.9,32.1,33.3,32.7,32.9,32.9,32.2,31.9,32.6,31.9,33.0,32.3,33.0,32.0,33.3,32.4,32.1,33.0,32.7,32.6,33.0,31.9,32.8,33.4,33.4,33.9,33.7,32.9,34.3,32.9,33.6,32.9,32.0,32.7,32.9,34.0,31.1,32.6,31.8,32.5,31.6,32.0,32.7,32.2,33.2,32.4,31.4,32.8,33.1,32.4,32.3,32.9,32.8,31.9,32.5,34.1,33.8,33.5,33.2,32.8,33.0,33.5,33.4,32.5,31.6,32.5,32.5,31.9,32.4,32.4,32.1,32.7,33.2,32.0,32.5,33.5,32.4,32.2,31.8,32.4,32.5,32.6,33.3,32.9,32.9,32.7,34.4,34.1,34.0,33.8,32.6,33.1,32.1,32.5,32.8,33.7,33.6,32.5,32.6,32.4,32.3,32.5,31.3,33.4,31.2,31.6,32.7,33.4,33.1,32.4,32.6,32.3,32.4,32.6,32.3,32.8,33.1,32.3,33.2,33.8,34.9,33.6,32.9,34.0,33.6,32.4,31.4,33.2,33.9,32.7,33.0,33.9,33.1,32.2,32.4,33.2,33.0,33.2,32.5,32.6,32.7,32.9,33.0,33.2,31.9,32.9,33.0,32.9,31.9,32.9,32.9,32.9,34.0,34.3,33.2,32.9,32.9,33.1,33.0,32.5,32.6,32.4,32.2,32.4,33.4,32.3,33.6,32.9,32.8,33.4,32.2,32.3,33.6,33.2,32.3,32.6,33.1,32.6,32.1,32.8,32.8,33.3,32.7,33.6,33.4,34.5,33.3,34.0,34.0,32.4,31.7,33.0,33.2,32.5,31.4,32.9,32.5,32.8,32.7,32.3,33.0,32.5,33.2,32.7,32.2,32.1,33.4,33.4,34.0,33.5,32.5,33.7,32.9,33.6,33.2,33.6,33.5,33.3,33.6,33.3,33.4,32.7,33.0,32.2,34.1,31.8,31.9,33.2,32.3,32.5,32.9,33.6,32.7,33.1,33.1,32.1,32.5,32.8,32.8,32.8,33.9,32.8,32.8,32.3,32.5,33.1,32.3,33.7,33.7,33.6,34.0,33.9,33.4,32.8,33.3,33.0,33.4,32.7,33.0,32.4,33.0,33.3,33.5,32.7,32.9,32.9,32.9,32.6,33.1,32.3,33.5,32.3,33.1,32.9,32.6,32.9,33.7,33.4,33.9,33.1,34.4,33.3,33.9,34.1,33.4,34.2,33.4,32.8,32.3,32.9,31.7,32.3,33.0,32.9,32.6,33.1,32.8,32.6,32.3,32.6,34.4,33.3,32.9,33.5,33.9,32.4,33.1,32.7,33.3,33.6,33.6,33.7,34.4,33.8,33.3,34.6,33.5,33.5,32.7,33.7,33.2,33.7,33.4,33.2,33.4,33.5,33.4,32.0,33.0,33.5,32.1,32.6,33.2,33.1,33.1,32.4,32.9,32.9,33.1,33.3,34.4,33.9,33.8,33.8,33.1,33.6,32.9,33.7,35.5,34.4,33.0,32.4,33.6,33.4,32.9,32.3,32.1,32.8,33.1,32.2,32.8,32.7,32.0,33.1,33.3,nan,32.3,33.2,32.7,32.5,31.8,34.0,34.3,35.0,34.3,34.2,33.8,33.0,33.5,35.2,34.6,34.3,33.3,33.3,32.6,33.1,32.6,33.0,33.3,33.6,34.1,33.8,32.7,32.5,32.9,33.4,32.3,32.6,31.9,33.8,33.2,32.9,33.1,33.1,33.2,34.6,33.7,33.3,33.6,33.8,33.6,36.1,34.6,34.2,33.3,33.8,33.0,32.9,32.7,33.6,32.8,33.2,32.0,33.7,32.7,33.0,33.0,33.0,33.7,33.0,32.0,33.5,33.8,34.0,33.0,33.1,33.5,33.9,33.9,33.2,34.2,33.9,34.2,33.6,34.8,34.7,33.0,33.9,34.3,33.6,33.3,34.2,33.3,32.8,32.5,33.8,32.8,33.2,32.9,33.3,32.8,33.3,33.6,32.8,33.1,32.7,32.7,33.3,34.6,34.0,33.8,34.3,34.0,33.5,33.7,34.5,33.7,33.3,35.0,34.0,34.4,33.2,32.8,33.8,32.8,33.0,32.3,33.2,32.6,33.4,32.7,33.5,33.0,33.2,33.9,32.9,32.7,32.9,32.7,32.9,32.8,34.4,33.9,33.2,32.4,33.4,33.2,34.0,34.3,34.6,32.5,33.9,33.6,32.7,32.2,33.2,33.9,32.8,32.7,33.1,33.7,32.5,33.7,32.4,33.6,32.9,32.4,32.8,32.9,32.9,32.4,32.8,33.5,33.8,34.4,34.0,33.3,33.5,35.4,33.4,33.7,33.7,34.0,34.3,34.3,33.9,32.4,32.9,33.1,33.7,32.5,33.5,32.4,33.1,33.5,32.8,34.3,32.4,32.9,33.3,32.6,32.6,33.5,33.0,34.1,35.2,32.7,32.9,33.1,32.7,31.8,34.1,34.3,34.6,33.7,33.6
1785303465.0863872,566,33.8,33.1,32.2,33.2,32.6,33.7,32.0,31.6,32.5,31.9,31.7,32.5,31.5,32.6,32.4,32.4,32.4,32.9,32.7,33.0,32.6,32.6,33.3,32.4,32.5,32.8,32.7,32.8,33.6,33.4,32.9,33.0,32.8,32.2,32.1,32.6,32.4,32.2,34.6,31.7,33.3,31.8,31.4,31.6,31.2,31.8,31.9,32.9,32.6,31.9,32.2,32.0,32.8,31.7,31.6,32.1,33.0,32.1,32.3,34.6,33.4,32.4,31.4,32.6,32.3,33.2,31.1,33.0,32.4,33.0,33.3,32.9,32.9,32.5,32.4,32.6,32.4,32.2,32.6,31.6,32.6,34.0,32.8,32.6,31.9,33.9,31.7,32.7,32.9,32.6,31.9,33.2,34.2,33.9,33.1,33.1,32.4,32.3,31.2,32.2,33.7,32.9,32.0,32.2,33.2,32.1,33.0,32.3,33.2,32.2,31.9,31.8,32.9,31.3,33.2,32.9,32.3,32.5,32.3,32.0,33.4,33.5,32.4,32.6,33.0,32.4,32.3,33.8,32.8,35.1,31.7,32.6,32.7,32.9,33.1,32.5,33.1,32.4,31.9,32.3,31.8,32.2,32.6,32.5,32.0,33.0,32.3,32.5,32.3,33.2,33.0,32.5,32.8,33.2,33.1,33.5,31.6,33.0,33.4,33.7,32.9,32.7,33.1,32.1,31.8,32.2,33.1,32.1,33.4,32.5,32.3,32.2,31.9,32.4,32.4,33.6,31.7,33.7,32.4,32.4,33.1,32.9,33.0,32.9,32.8,33.2,32.6,32.9,33.0,33.1,32.8,34.0,30.8,31.2,31.6,32.5,32.0,32.4,33.2,32.8,32.4,33.3,32.3,32.3,32.4,32.7,32.4,33.5,32.6,32.7,32.8,33.1,32.4,32.7,33.0,33.2,34.2,33.2,33.7,33.8,33.8,34.2,33.6,33.3,32.9,32.1,32.1,31.8,32.4,32.3,32.1,32.5,32.5,32.2,31.7,32.4,32.7,32.4,32.7,31.8,32.9,32.1,32.1,33.6,33.3,32.6,33.4,33.9,33.9,33.0,33.0,32.6,33.4,33.3,31.6,31.9,31.2,32.7,31.9,31.5,32.8,32.4,32.5,32.3,32.3,33.1,32.2,32.5,33.2,32.7,33.2,32.2,32.4,32.6,32.2,32.4,33.3,33.2,33.5,34.2,34.3,34.1,32.5,33.4,32.1,32.5,32.6,32.9,32.1,32.8,31.8,32.0,33.0,32.8,32.0,32.9,31.4,31.9,32.4,31.4,32.9,32.4,32.9,32.5,32.3,32.9,32.7,31.7,32.4,31.8,33.2,33.8,34.6,34.0,32.7,32.8,33.6,32.9,32.6,32.6,31.2,32.9,32.2,32.1,32.6,32.4,32.8,32.7,33.0,33.2,32.3,33.1,32.4,33.2,33.0,33.1,33.5,32.9,32.1,32.9,32.3,33.4,33.4,33.7,34.8,33.8,32.8,33.0,32.5,33.1,33.0,33.3,32.8,31.5,32.6,32.4,33.2,32.5,31.7,31.0,32.1,32.6,32.6,31.8,32.9,32.0,32.9,32.0,32.5,31.8,32.1,31.8,32.9,33.1,33.1,33.9,33.1,33.1,33.1,33.4,33.3,33.3,33.4,32.2,32.1,33.5,32.8,32.5,32.7,33.3,32.3,32.3,32.2,31.9,32.0,33.0,32.4,32.6,31.8,32.9,32.7,32.7,32.9,32.4,33.2,33.3,33.1,33.4,34.4,33.3,33.4,33.5,33.1,32.7,32.4,32.0,32.6,32.8,33.2,32.1,33.1,32.5,33.9,33.3,34.6,32.9,32.9,32.3,31.8,31.6,32.2,34.0,32.9,32.7,32.5,32.5,33.4,32.8,33.9,32.5,33.9,33.3,32.9,33.4,33.4,33.1,32.7,32.4,32.8,33.5,32.4,33.1,32.0,33.5,32.8,32.8,32.0,33.0,32.1,33.1,32.7,33.2,32.7,32.4,32.9,33.1,33.7,32.6,33.0,33.7,32.6,33.4,33.1,33.6,33.6,33.4,33.4,34.5,33.0,34.2,32.9,33.3,33.3,32.7,32.4,32.5,32.8,32.4,32.9,32.8,32.6,33.1,32.5,33.2,32.3,32.5,33.3,32.7,32.9,33.2,34.4,33.2,33.3,33.9,33.6,32.8,33.6,34.4,33.8,33.7,32.1,33.3,32.6,33.5,31.8,32.8,32.9,32.4,33.0,32.5,33.6,33.2,32.9,33.1,33.0,31.9,33.1,32.8,32.9,32.9,32.7,32.8,33.5,33.3,34.1,33.8,34.3,35.0,33.9,34.4,34.4,34.4,33.6,32.8,32.7,32.8,32.1,32.7,33.5,33.0,32.2,33.0,33.3,33.3,32.5,33.0,32.2,nan,32.3,33.5,33.6,32.7,32.6,33.0,33.9,33.7,32.8,33.7,33.0,33.0,33.7,33.2,34.8,33.7,32.9,33.5,32.2,32.9,33.2,33.0,33.5,33.6,32.1,33.0,32.9,33.0,33.1,33.1,32.3,33.7,32.9,32.8,33.2,32.3,32.6,33.3,32.9,34.9,34.1,34.3,33.8,33.8,33.3,35.2,34.6,33.5,34.5,33.4,32.6,33.1,33.3,32.8,32.8,32.4,32.9,33.6,32.5,32.3,33.2,32.8,31.7,32.4,32.3,33.0,32.7,32.2,32.4,33.2,34.0,34.5,33.9,33.9,34.1,34.6,34.6,34.7,33.9,34.3,33.2,32.6,32.9,33.2,32.2,32.8,32.7,33.0,32.7,32.3,32.8,33.2,33.1,33.8,32.9,32.4,32.2,33.3,33.3,33.9,32.7,32.8,33.9,35.0,33.8,33.1,33.3,34.4,33.9,34.3,33.9,34.5,33.7,32.1,32.8,33.2,33.0,33.6,33.0,32.6,31.9,32.9,31.8,32.7,32.5,32.8,32.5,33.6,33.6,31.5,33.2,32.9,32.7,32.7,34.2,33.7,33.4,33.2,32.6,33.2,33.9,33.4,33.9,33.6,33.4,34.6,32.4,33.6,33.3,33.0,33.1,33.4,33.1,32.5,31.3,33.3,32.8,33.5,31.7,33.3,33.3,34.0,32.7,32.7,33.5,33.7,33.7,33.8,33.5,32.5,33.7,34.2,32.3,33.9,33.9,34.3,32.9,34.8,33.4,33.0,33.6,32.7,33.3,33.1,32.7,33.1,32.8,32.7,32.2,34.0,32.8,33.1,32.6,32.8,32.4,33.8,32.7,33.9,34.7,33.3,34.7,33.9,33.9,33.3,33.5,33.2,34.1,33.6,34.1,33.4
1785303467.5617838,567,32.3,31.6,32.4,32.3,31.3,32.5,32.9,32.7,32.5,32.0,33.0,32.6,31.5,33.0,33.2,33.4,31.7,31.7,32.4,33.4,31.9,31.9,30.4,32.8,31.8,32.2,31.7,32.4,32.3,32.6,31.7,33.4,32.4,33.1,32.7,32.0,31.9,31.6,32.3,32.6,31.8,31.7,32.8,32.5,32.7,32.2,33.4,32.7,31.8,32.0,32.6,32.4,32.5,32.5,32.5,32.9,32.9,30.9,32.4,32.3,31.9,32.9,31.7,33.2,33.2,31.9,31.5,32.2,30.6,32.5,31.7,33.6,31.4,31.9,32.3,32.7,32.1,32.8,32.1,33.6,32.0,32.7,31.8,32.7,32.0,32.0,32.1,32.7,31.9,32.1,32.4,33.9,33.6,31.2,33.2,34.8,32.0,31.5,32.9,32.1,32.1,33.2,32.4,31.7,33.0,32.0,32.1,33.1,31.5,32.0,32.3,32.8,32.9,31.6,32.6,32.4,32.4,32.4,32.7,32.9,32.5,32.4,32.8,32.5,32.2,30.8,33.0,33.5,32.0,32.0,32.7,33.6,30.9,31.2,32.4,33.6,31.7,32.3,32.8,32.9,31.5,32.7,31.8,32.5,31.7,32.2,32.0,33.1,32.4,32.2,31.8,33.3,32.2,32.0,32.2,33.5,33.2,33.1,32.6,33.4,31.8,30.7,32.8,32.4,31.4,31.7,32.3,31.4,31.7,32.0,32.7,31.4,32.9,32.1,33.1,32.0,31.8,32.4,32.2,32.1,31.8,32.1,32.5,33.3,33.1,32.8,32.7,32.6,32.7,32.1,33.3,33.2,31.8,32.9,32.1,33.2,30.9,31.7,32.8,32.8,32.5,31.6,31.8,32.7,32.2,33.0,32.7,33.6,31.5,32.4,32.9,32.1,32.9,31.9,33.4,34.6,33.1,32.6,32.5,32.6,32.3,32.9,32.0,32.6,32.1,32.1,32.8,32.1,32.5,31.9,32.5,32.6,32.2,33.3,33.2,32.0,31.8,31.6,32.6,32.0,32.0,31.5,32.8,32.3,32.0,32.3,33.6,33.8,34.5,33.3,33.3,33.2,33.5,32.4,32.9,32.6,32.3,32.6,31.5,33.0,32.1,32.6,31.8,33.1,32.2,32.5,32.9,33.2,32.4,32.6,32.6,33.4,32.1,32.5,32.6,33.2,32.3,32.0,33.4,35.1,33.7,33.8,31.8,34.0,32.3,33.3,31.6,34.2,32.7,32.0,33.1,31.7,31.8,32.0,31.7,32.1,32.6,32.4,32.4,32.6,32.6,32.3,32.3,32.2,32.0,31.5,32.3,32.5,32.8,32.4,33.6,33.7,34.1,33.5,33.0,32.9,33.1,31.7,32.3,33.3,33.0,32.4,32.2,33.2,32.4,32.5,32.3,33.2,32.1,32.4,32.5,33.1,32.4,32.3,32.9,33.1,31.5,31.8,31.8,33.0,32.5,32.3,32.9,34.6,33.4,33.3,33.2,33.9,32.8,33.3,32.5,32.8,32.7,31.8,31.5,31.9,32.0,31.3,32.2,33.0,33.0,32.0,32.5,33.0,32.3,31.7,32.8,31.9,32.5,31.6,32.0,33.0,31.5,32.9,33.6,33.3,32.6,33.4,33.7,32.7,32.8,32.1,32.5,32.9,32.6,33.4,33.0,32.2,32.0,32.8,32.7,33.4,32.7,32.1,32.7,33.2,32.3,32.6,32.6,33.1,32.1,32.3,32.4,33.1,32.3,32.8,33.1,34.3,33.8,32.6,32.9,34.4,32.8,32.6,31.7,33.4,32.1,32.1,32.7,32.9,31.5,31.7,33.3,32.6,33.3,31.8,32.8,32.3,32.0,32.1,32.2,31.3,32.3,32.7,32.5,32.5,32.3,32.7,34.2,33.5,33.8,32.5,33.3,34.3,33.5,33.0,32.1,33.3,31.4,32.8,32.4,33.0,32.2,32.3,33.6,32.7,32.6,32.4,32.3,33.3,32.5,32.3,32.3,32.8,33.0,32.0,33.1,32.2,32.6,32.6,33.1,34.0,32.3,33.5,33.8,34.6,32.8,33.7,33.1,34.0,32.1,32.6,32.8,33.2,31.4,31.9,33.4,32.8,32.5,32.5,33.6,31.5,31.9,32.7,32.7,31.8,32.7,33.0,33.0,32.9,32.2,33.5,33.7,33.4,33.0,33.0,34.4,34.1,33.2,33.8,33.7,33.0,32.0,33.6,32.5,33.5,32.0,32.1,32.6,33.3,32.4,33.1,32.9,33.6,32.4,32.6,32.1,32.8,32.4,32.6,32.3,33.6,34.1,34.0,32.1,34.7,33.3,32.3,33.6,35.0,33.0,33.0,32.5,33.6,31.3,31.7,32.6,32.8,33.0,32.5,33.0,32.1,31.8,32.7,32.3,32.2,32.1,nan,32.8,33.0,32.7,32.3,32.4,32.9,33.5,33.5,34.0,33.4,33.2,33.2,33.7,34.7,34.5,33.0,33.8,32.9,32.7,32.8,32.5,33.7,31.4,31.8,33.1,34.0,33.3,32.7,31.9,32.6,31.3,32.1,32.3,32.6,32.0,32.5,32.0,33.3,33.0,34.2,33.6,33.8,33.0,33.0,33.1,34.3,34.6,32.8,33.6,33.3,32.9,31.5,32.8,32.5,32.1,32.9,31.5,33.3,32.5,32.9,32.7,33.4,33.4,31.6,32.2,33.5,32.6,32.6,32.7,32.6,33.0,33.1,33.6,33.8,33.4,33.4,34.3,33.8,33.8,33.8,34.1,33.3,32.4,33.3,32.5,34.1,31.6,32.9,31.1,33.9,33.3,32.2,33.0,33.7,33.5,33.3,31.9,33.2,33.2,31.8,33.3,33.3,33.8,34.4,33.9,34.0,33.0,34.1,34.1,33.6,34.0,33.8,33.8,34.3,32.7,30.6,33.5,32.5,31.9,33.1,32.9,31.8,32.2,31.7,33.1,32.4,33.1,32.9,32.7,32.4,32.4,32.1,32.6,33.0,33.4,33.6,34.3,32.9,32.1,33.4,33.6,34.8,34.2,33.7,33.2,33.4,32.3,33.0,32.3,35.0,31.5,32.5,31.4,33.1,32.1,32.6,33.2,33.2,32.6,32.1,33.3,33.2,32.4,32.6,32.2,34.1,34.1,33.0,33.9,34.3,32.4,33.4,34.1,34.4,34.2,33.0,33.7,33.5,31.2,32.2,32.7,32.3,32.6,31.8,32.2,32.6,32.8,32.2,33.0,32.5,31.7,32.3,33.7,32.3,31.7,32.5,32.1,33.6,33.0,33.5,34.1,33.7,32.6,33.5,33.3,33.2,33.7,33.4,34.0,33.9
1785303469.3104517,568,32.9,32.2,32.4,33.1,31.8,32.9,32.1,32.3,32.2,32.6,31.8,32.4,31.5,33.4,32.1,32.1,31.9,32.7,32.4,33.4,33.0,31.8,32.8,32.8,31.8,31.6,32.6,33.7,32.1,32.6,31.5,33.1,33.7,32.3,32.7,32.0,33.4,31.6,32.1,32.2,32.6,31.9,32.3,32.3,31.1,30.9,33.0,32.7,32.5,32.0,33.0,32.8,32.3,32.4,31.5,32.3,32.7,31.9,32.8,33.2,33.7,31.8,33.7,33.0,31.2,33.1,32.2,32.5,32.5,33.6,32.4,33.0,31.8,33.0,32.3,32.3,31.6,32.0,32.3,33.0,32.3,32.2,32.5,34.1,32.0,33.4,32.9,32.7,32.5,32.7,32.0,33.5,33.0,32.5,31.8,33.7,31.8,32.4,33.0,31.8,32.2,31.6,32.7,31.5,32.5,31.0,31.8,32.0,32.4,32.0,32.0,32.1,32.8,32.4,32.2,32.8,32.9,31.9,33.6,33.0,33.4,33.1,32.6,32.9,32.7,31.2,32.8,32.6,30.8,32.7,32.0,31.4,32.2,31.8,32.0,32.6,31.9,32.3,32.3,33.1,31.7,31.9,33.0,32.7,32.1,32.4,32.9,32.1,32.2,33.1,32.9,33.3,32.4,33.1,33.0,33.2,33.0,32.5,32.6,34.3,32.8,32.1,33.0,32.2,31.9,32.1,32.5,32.7,32.2,32.2,32.4,32.4,32.1,32.6,32.3,32.3,32.5,32.1,32.3,32.5,32.3,31.9,33.1,33.0,33.6,32.8,33.8,32.6,31.9,31.5,32.2,32.6,31.8,32.9,31.9,33.4,31.9,33.0,32.9,33.0,31.5,33.7,32.5,32.9,32.4,32.6,32.4,33.1,31.5,32.8,32.6,33.0,32.3,32.8,33.6,33.3,33.4,32.9,31.9,33.1,32.9,32.7,33.3,33.6,32.2,31.5,33.2,32.9,31.6,32.9,32.7,32.6,32.8,32.2,32.9,31.8,32.3,31.8,32.3,32.0,32.2,32.0,33.0,33.5,33.0,33.0,33.1,34.2,34.7,32.8,32.2,32.5,32.4,33.2,33.1,33.0,32.3,32.6,32.4,33.2,31.7,31.7,32.2,32.7,31.6,32.0,33.2,33.1,31.6,31.6,32.0,32.3,31.6,32.6,31.4,32.0,32.3,32.9,34.7,33.8,33.7,34.8,32.3,33.5,32.2,32.8,32.7,33.2,32.9,31.6,32.7,32.5,31.4,32.2,33.6,32.2,32.3,31.4,32.1,33.1,32.8,31.7,33.3,32.5,32.3,31.5,32.6,32.4,32.2,32.2,33.9,34.9,34.1,33.5,33.0,32.7,32.8,32.1,32.9,33.5,32.1,32.4,32.2,33.0,32.3,32.0,32.7,33.8,32.4,32.4,31.7,33.6,32.8,32.3,31.9,33.0,32.1,32.9,32.0,32.8,32.5,33.4,32.9,34.3,33.2,33.5,33.1,32.8,31.9,33.2,32.3,32.6,33.3,31.6,32.7,32.9,32.2,31.1,32.4,31.6,32.8,31.6,32.5,32.7,32.2,33.0,32.6,33.0,32.4,32.2,33.3,32.2,32.4,32.9,33.3,33.5,33.5,33.5,33.5,32.5,33.5,31.9,33.3,32.1,31.6,32.6,33.6,34.4,32.9,33.0,32.9,31.7,31.8,31.3,33.1,32.8,32.8,33.4,32.3,33.3,32.8,32.3,33.4,33.1,33.1,34.0,34.1,34.0,32.8,32.8,34.5,33.2,33.1,32.8,32.7,33.4,33.3,31.4,31.6,33.1,33.1,31.9,32.5,32.3,33.1,31.7,32.6,31.5,32.4,32.1,32.7,33.2,32.5,32.9,33.2,33.0,33.0,32.5,34.5,33.9,33.3,32.9,33.3,34.3,33.7,32.5,33.3,32.5,32.5,32.4,32.3,33.0,32.2,32.2,32.9,33.1,32.7,33.4,32.6,32.3,32.5,32.3,32.6,32.5,32.8,33.0,33.3,33.5,32.3,33.9,32.8,34.0,33.0,33.7,33.8,33.9,33.0,32.4,33.3,33.1,33.6,33.0,33.0,32.6,32.0,32.2,32.9,32.7,32.5,31.3,33.3,32.5,33.7,32.1,33.5,32.6,33.5,31.9,32.8,32.9,33.3,32.9,34.5,33.9,33.3,33.9,33.7,34.1,33.4,33.0,33.6,32.8,31.8,33.6,32.1,33.1,31.6,32.5,32.2,33.1,32.1,32.1,33.3,33.5,32.1,32.3,32.3,32.0,32.5,33.0,31.8,34.1,32.9,33.8,33.8,34.2,33.3,34.0,34.4,34.6,33.3,33.7,32.5,33.7,33.5,32.1,32.8,33.8,32.1,32.8,33.9,31.8,33.0,32.0,32.5,32.9,33.5,nan,33.7,32.7,33.3,31.5,32.7,33.2,33.5,33.2,33.7,33.6,33.7,33.2,32.3,34.0,34.7,33.0,33.6,32.7,32.5,33.3,32.9,33.1,31.8,32.5,32.9,33.5,31.7,31.7,32.1,32.6,31.8,32.1,32.2,34.0,32.3,31.8,33.0,33.0,32.6,34.2,33.3,34.4,33.3,33.3,33.5,34.9,33.5,33.0,33.4,34.3,33.5,32.2,33.4,33.5,32.9,33.4,33.6,32.9,32.6,33.1,32.7,32.0,32.8,32.4,32.9,32.7,32.1,32.3,33.4,32.5,33.2,33.6,33.8,33.4,34.1,33.2,34.1,34.6,34.3,32.9,34.1,32.7,33.5,33.5,32.3,33.1,32.2,32.7,33.3,33.5,31.9,32.2,31.8,32.8,32.5,32.7,32.8,32.7,32.2,32.1,32.3,32.5,33.5,34.7,33.7,33.7,32.5,33.7,34.1,33.8,33.8,33.6,33.6,34.4,33.6,33.3,32.9,33.1,32.4,33.1,32.6,32.8,32.9,32.4,32.8,32.9,32.6,31.7,33.1,32.3,32.2,32.3,33.1,31.9,34.1,33.3,34.5,32.8,33.1,32.5,33.2,33.7,34.4,33.3,34.5,33.4,32.1,32.8,32.7,34.4,33.0,33.7,33.0,33.3,31.9,33.0,32.8,32.6,32.5,32.3,33.2,33.0,31.6,32.8,33.0,33.4,32.8,33.4,33.0,34.1,33.4,31.5,32.8,33.8,33.8,33.6,33.9,34.4,33.1,32.4,33.7,33.6,34.4,33.2,33.2,33.2,32.3,33.0,32.8,32.3,33.0,32.5,33.2,32.5,33.2,31.4,32.8,33.2,33.3,33.5,34.3,34.3,33.8,32.2,33.9,34.0,32.7,34.3,33.8,34.6
1785303471.4627151,569,31.8,33.7,32.6,33.0,32.9,31.9,32.1,32.0,32.8,32.1,32.2,32.3,32.8,32.4,32.1,33.3,32.4,32.6,31.7,33.0,32.7,32.8,32.0,32.8,32.8,32.4,31.5,33.9,33.2,32.5,32.7,33.5,31.2,32.9,33.1,31.7,32.7,31.9,31.4,32.4,31.6,32.5,31.8,31.5,31.4,32.2,32.0,31.8,32.6,32.2,33.0,32.9,31.3,32.5,32.2,32.9,33.0,33.3,31.4,33.4,33.6,32.7,32.8,32.2,32.2,31.5,32.4,32.1,33.4,31.2,33.4,31.5,31.4,32.5,32.1,32.8,32.1,32.8,32.1,32.1,32.1,32.6,31.6,33.0,32.7,32.5,31.9,32.5,32.5,33.0,31.6,32.8,33.2,32.8,32.8,33.6,32.6,32.4,32.2,32.3,31.7,32.4,32.6,32.6,33.4,32.3,32.3,32.2,32.5,32.6,32.1,32.1,32.9,33.1,32.9,32.6,31.8,32.2,33.6,32.0,32.8,33.0,33.6,32.7,33.4,34.0,33.4,33.7,32.5,32.8,32.5,33.5,32.8,32.9,32.0,32.7,32.3,32.6,32.3,32.3,32.4,32.5,32.2,32.2,32.6,32.5,31.8,32.5,32.9,32.9,31.6,32.5,33.6,32.5,32.3,33.1,32.8,32.0,32.4,32.6,33.1,32.8,32.7,32.8,32.6,33.1,32.4,31.8,33.1,32.4,32.2,32.1,32.4,32.4,33.2,32.1,33.4,32.3,33.7,32.6,33.6,31.4,32.5,32.8,33.4,32.4,32.8,32.4,33.2,33.0,33.0,31.5,33.4,31.7,32.1,32.5,32.2,33.1,32.7,32.2,31.6,32.3,31.5,32.5,31.8,32.7,31.6,32.7,32.4,31.4,31.9,32.9,33.1,32.7,32.0,33.9,33.4,33.0,32.9,33.4,32.9,32.9,32.8,33.3,32.3,32.8,33.3,31.9,31.9,32.5,32.7,32.6,32.9,33.4,33.7,32.5,32.9,32.8,31.8,32.0,31.6,32.8,31.9,32.7,32.9,32.0,33.6,34.0,34.5,33.3,32.7,32.5,33.8,33.4,32.4,32.8,32.8,32.9,31.7,32.1,32.3,31.6,32.5,32.7,32.9,33.1,32.5,32.8,33.1,33.0,32.0,32.7,32.8,32.1,32.7,33.5,32.3,32.4,33.9,33.9,34.9,33.3,32.7,34.3,32.0,32.7,32.0,32.9,31.7,31.6,32.4,31.7,31.9,32.5,32.2,32.8,33.6,32.4,31.7,32.1,32.1,32.0,32.6,32.3,32.0,32.7,32.8,32.5,32.1,33.0,34.1,34.0,34.4,34.0,33.8,33.0,32.7,33.0,32.4,32.2,32.1,32.7,32.0,32.1,32.6,32.6,32.1,32.9,32.7,32.2,32.2,32.1,32.4,31.9,32.3,33.1,33.5,32.7,32.3,32.9,33.1,32.6,32.9,33.6,33.1,33.6,32.7,33.0,33.1,31.4,32.1,32.5,32.6,32.9,31.7,32.7,32.7,31.8,32.2,31.9,33.1,32.6,32.3,32.5,32.8,32.5,32.4,32.7,32.9,32.5,33.2,32.1,33.3,33.5,33.9,33.3,33.7,33.4,33.1,32.0,32.6,33.0,32.1,31.5,32.6,32.1,32.3,32.2,31.8,32.4,32.6,32.8,32.3,31.7,33.2,32.0,32.0,32.4,32.3,32.6,33.0,33.1,32.3,33.6,33.1,33.7,33.5,33.6,33.1,33.9,33.5,33.5,33.5,32.9,32.7,33.2,32.8,32.7,31.9,31.8,32.9,33.3,32.9,32.6,31.8,32.8,33.1,32.4,33.0,32.4,33.3,32.6,32.3,32.4,33.1,32.4,32.5,33.5,34.3,33.6,32.1,33.5,33.8,32.9,33.6,33.2,32.3,33.1,33.3,32.1,31.9,33.7,31.9,32.6,33.1,33.2,33.2,32.9,31.6,32.9,32.8,32.1,32.5,32.6,32.8,32.1,32.1,32.9,32.6,33.4,34.3,33.8,34.1,33.1,33.5,33.8,33.9,33.1,33.9,33.0,32.9,31.3,33.1,32.8,32.8,32.2,33.3,33.2,32.3,33.3,32.8,33.2,33.8,32.6,33.1,32.9,33.6,33.2,32.8,32.1,33.1,33.4,34.6,33.1,33.3,33.9,34.5,32.9,33.5,33.9,33.3,33.0,32.2,32.1,33.1,34.0,32.6,31.7,32.0,33.4,33.1,33.0,32.6,32.6,32.1,32.7,32.3,32.9,32.0,32.9,32.3,32.6,33.4,34.4,33.0,33.4,33.3,32.9,33.3,34.1,34.4,32.3,34.1,33.2,32.7,32.3,33.1,32.0,31.9,32.7,33.1,32.5,32.6,32.9,32.8,32.7,33.2,nan,33.6,31.7,32.8,32.9,32.8,32.4,33.8,33.9,34.2,34.1,34.2,32.4,33.5,33.3,33.9,34.0,33.1,32.7,32.3,32.3,32.9,32.4,31.5,32.5,32.4,33.2,32.8,32.7,31.8,33.8,33.0,32.6,32.7,32.6,32.5,32.6,33.0,33.0,33.8,33.6,33.6,34.5,33.8,33.8,33.2,34.8,34.4,33.1,33.4,33.0,32.8,32.8,33.1,31.9,33.2,32.5,33.1,32.5,32.3,32.4,32.5,32.9,32.7,32.6,32.2,32.9,32.9,32.3,33.7,33.3,32.8,34.7,33.0,33.3,34.4,33.8,34.1,34.4,33.9,33.8,34.0,33.1,33.0,33.4,31.9,33.4,32.4,33.2,31.5,32.7,33.0,32.2,32.8,32.6,32.6,33.0,32.3,32.4,32.3,32.4,33.5,34.1,34.0,33.1,32.8,34.0,33.9,34.0,33.7,34.1,33.6,33.9,33.1,34.5,32.6,32.8,33.0,32.9,31.9,32.9,32.3,32.6,32.3,32.6,32.2,32.7,33.2,31.6,32.4,31.6,33.0,32.4,32.9,33.0,33.9,33.9,33.2,33.1,33.4,34.0,33.0,33.7,33.8,34.1,33.6,32.9,33.0,33.4,33.4,33.7,32.4,32.8,32.0,34.4,33.5,32.4,32.8,32.8,33.0,32.6,32.6,34.2,33.0,32.4,32.4,34.0,33.5,33.5,33.4,33.1,33.0,32.9,34.0,33.4,34.0,33.7,32.8,33.4,33.4,32.9,33.3,32.1,33.5,33.3,32.0,32.6,32.6,32.2,33.3,32.6,32.6,31.9,32.4,32.5,33.3,33.2,33.1,33.0,33.8,34.0,33.1,32.8,33.1,32.8,33.7,33.8,32.9,33.4,33.7,33.5
1785303473.7066607,570,32.3,33.5,32.9,32.1,32.9,31.8,32.7,31.9,32.3,33.8,32.0,32.4,32.4,31.7,32.4,31.9,32.6,32.7,33.4,33.1,32.1,32.7,32.2,32.5,32.0,32.9,32.8,32.9,33.7,32.8,32.2,32.3,32.9,31.3,32.2,32.5,33.4,32.3,31.5,32.8,32.7,31.5,32.5,32.5,32.2,32.2,32.0,32.9,33.1,32.7,33.1,32.9,33.1,31.4,32.5,32.5,33.7,32.3,32.8,32.3,33.5,32.9,32.5,32.2,31.9,32.6,30.1,32.5,31.7,33.2,31.1,32.8,31.6,32.5,31.5,32.3,32.1,31.6,32.5,32.2,32.1,32.9,32.8,31.9,32.3,32.2,32.3,33.0,32.8,32.1,31.8,32.7,32.8,33.3,33.2,32.0,32.3,32.9,32.5,33.0,32.8,32.2,31.7,33.0,33.8,31.8,32.2,31.6,32.1,32.0,32.0,32.4,33.1,32.9,33.8,31.6,32.3,33.3,32.2,32.4,32.9,31.4,31.7,33.1,33.1,33.6,32.6,34.2,33.4,32.2,31.8,33.0,32.1,33.0,32.2,33.0,31.9,32.2,32.3,32.4,33.5,31.9,32.0,31.9,33.2,33.5,32.3,31.6,32.4,33.6,32.1,33.0,32.4,33.1,33.0,32.0,32.4,33.3,33.2,33.4,35.1,31.6,31.7,32.4,31.7,31.9,32.5,32.5,32.8,31.7,32.6,32.4,32.8,32.8,32.5,32.5,33.2,32.1,32.6,32.6,33.0,31.2,32.8,33.1,33.5,32.4,32.5,33.0,32.9,32.8,32.6,33.2,32.5,33.4,32.5,32.4,32.4,32.9,32.1,32.2,32.8,31.9,32.7,32.3,31.3,32.9,31.9,32.1,32.4,32.4,31.9,31.7,32.6,32.5,34.1,34.7,33.2,33.8,32.7,33.2,33.1,33.9,32.8,32.6,31.9,32.6,32.6,32.7,32.0,32.9,33.1,32.8,32.8,31.2,32.3,32.6,32.5,31.6,32.8,31.5,33.3,32.8,31.9,33.0,33.0,31.0,34.6,34.5,34.0,33.9,31.5,32.6,33.7,33.0,32.1,32.4,31.7,32.4,31.5,32.4,32.1,31.9,32.2,32.2,32.6,32.7,32.9,32.6,32.1,32.5,33.1,33.0,32.3,33.2,32.1,33.1,31.9,32.7,33.6,35.2,34.1,34.9,32.9,32.5,32.9,33.2,31.6,32.6,32.9,32.4,33.1,33.1,33.0,31.8,32.6,32.9,31.9,31.8,32.6,32.8,33.3,31.8,32.0,32.8,33.2,33.1,32.4,32.5,33.4,32.4,33.8,34.5,34.0,33.8,33.5,33.2,33.3,33.0,31.1,33.0,30.8,32.0,31.8,32.6,32.3,32.7,32.8,32.6,32.9,32.6,32.0,32.2,32.4,32.7,31.9,32.9,32.3,32.8,32.6,32.7,32.5,33.2,32.9,33.7,33.6,34.2,33.1,33.2,32.2,33.2,32.5,32.6,33.7,32.4,32.0,32.9,33.1,32.4,31.6,32.8,33.7,32.6,32.7,33.5,32.9,32.8,32.4,32.8,32.9,32.2,32.7,32.2,33.2,33.2,32.8,34.0,34.7,32.9,33.5,32.9,33.0,32.7,32.4,32.9,32.8,33.4,33.1,32.7,32.7,31.8,33.8,31.7,32.9,32.8,32.9,32.8,32.5,32.2,33.1,33.3,32.6,33.3,32.6,33.5,33.0,34.0,34.1,33.9,32.6,33.9,33.8,34.5,32.6,33.7,32.3,31.9,33.3,31.0,32.2,32.4,33.0,32.4,31.6,32.3,33.8,32.3,32.5,33.0,32.3,33.0,32.7,32.7,32.6,33.0,32.6,33.3,33.7,33.2,33.2,33.7,34.2,32.5,33.4,33.2,33.2,31.9,32.4,33.1,31.6,32.8,32.6,32.1,31.9,32.0,32.9,33.1,31.9,33.1,32.1,32.2,32.6,32.8,31.8,32.7,32.8,33.5,33.3,32.7,33.4,33.7,33.5,33.2,33.6,33.5,32.9,34.1,33.7,33.2,33.3,32.9,33.6,31.5,33.6,32.6,32.7,33.0,33.6,33.5,32.4,31.7,32.6,32.4,32.8,32.6,33.1,33.5,32.9,32.7,32.9,32.6,34.0,33.5,33.1,34.2,33.9,33.7,34.1,34.1,33.9,33.4,33.4,33.0,31.8,32.8,32.9,33.3,31.8,32.9,32.9,32.6,33.4,33.0,31.8,33.2,32.7,32.8,33.3,32.2,32.8,33.5,32.9,33.5,33.6,33.7,33.1,33.4,34.5,34.4,33.5,33.6,34.8,33.4,33.9,33.3,32.4,32.5,32.0,33.0,33.3,32.3,32.0,32.1,34.3,33.0,32.2,33.0,31.8,nan,33.1,32.4,32.9,32.9,32.3,32.3,33.9,34.0,34.6,33.6,33.9,33.0,33.6,33.6,36.0,33.4,33.2,33.9,31.6,33.7,32.7,33.3,32.6,32.0,32.7,33.2,32.4,33.3,31.6,32.5,31.5,32.5,32.8,32.7,32.3,33.3,33.1,33.9,33.8,34.2,33.3,33.9,33.1,33.4,33.0,34.0,32.7,33.8,33.8,32.9,32.9,33.0,32.2,32.5,32.7,33.0,32.0,32.4,32.4,31.9,32.6,34.2,33.0,31.8,32.9,32.7,32.1,32.6,33.1,32.3,33.4,33.1,32.6,33.8,33.6,32.7,33.3,33.5,34.4,33.8,33.5,33.1,32.8,33.3,32.5,32.9,32.8,33.9,33.0,32.6,33.3,32.8,32.6,33.5,32.5,32.2,32.4,33.2,33.0,33.0,32.9,33.2,34.3,34.6,33.5,33.0,33.0,34.3,33.7,33.8,34.0,34.2,32.9,33.1,33.6,32.8,33.8,33.7,32.4,32.7,33.0,33.1,32.8,33.6,32.1,33.2,32.6,32.9,33.0,33.3,33.8,32.3,32.4,33.1,34.3,33.8,33.7,33.3,33.8,33.6,33.1,33.9,33.7,33.7,32.4,34.4,33.7,33.7,32.3,34.4,31.7,33.1,32.0,32.6,32.8,31.9,32.5,32.0,33.3,33.4,33.0,32.9,32.6,33.2,33.0,32.2,33.7,34.3,32.6,33.9,33.7,33.4,32.6,33.5,34.2,33.4,34.3,34.6,33.3,32.4,31.0,33.8,33.6,33.0,32.9,32.2,33.1,32.4,32.9,33.2,33.2,32.5,33.4,33.5,32.7,32.3,32.1,34.1,33.5,33.3,32.8,33.7,33.2,31.5,32.2,34.0,34.0,32.8,33.1,33.7
1785303475.8245947,571,32.5,31.9,32.2,33.6,32.8,32.5,31.5,32.6,31.9,30.2,33.7,31.7,32.9,31.7,33.3,32.9,32.7,31.7,32.0,32.7,32.2,32.0,32.7,31.9,31.5,31.6,33.1,32.4,34.0,32.4,32.1,31.9,33.5,31.9,33.0,32.8,32.5,32.2,32.8,32.7,33.1,31.2,33.2,32.0,31.4,32.5,32.7,32.7,31.3,33.7,32.9,32.1,32.1,32.1,33.5,32.3,32.9,32.5,32.8,33.1,32.4,32.4,33.5,33.4,33.3,33.4,31.9,32.5,32.7,31.5,31.7,32.0,31.8,31.9,32.7,32.3,31.9,31.1,33.0,33.1,31.7,32.7,32.6,33.1,32.3,31.9,32.4,33.5,32.8,32.5,32.3,33.5,33.8,32.1,33.1,32.8,31.3,33.5,31.8,32.6,32.4,31.9,32.5,33.1,31.9,31.9,32.2,33.2,31.9,32.0,31.8,32.0,31.9,32.4,32.4,32.7,32.2,33.1,31.6,33.3,32.5,32.9,31.7,33.0,32.7,32.2,34.2,33.8,32.6,33.1,31.9,33.0,32.1,31.6,32.1,32.6,32.2,32.3,32.4,32.4,32.3,32.9,33.0,32.2,32.8,32.1,32.3,31.9,33.0,31.9,32.8,32.8,32.7,33.1,32.4,33.6,32.8,33.7,32.0,32.5,33.0,32.2,32.8,31.0,32.7,33.2,32.8,31.9,32.6,32.2,32.2,32.3,31.3,32.1,32.8,32.9,31.6,32.4,32.4,32.6,32.8,32.2,32.7,32.6,32.0,32.2,33.6,33.3,32.7,33.3,33.7,32.3,33.3,33.1,32.3,33.0,31.6,30.9,32.1,33.0,32.1,32.2,32.3,32.6,32.4,31.3,32.2,33.1,32.6,31.7,33.0,32.7,32.9,32.3,33.0,33.8,34.2,32.9,33.0,33.3,33.2,33.3,32.7,33.6,33.1,32.5,32.4,32.8,32.3,32.6,32.0,32.5,32.2,32.4,32.7,32.2,31.2,32.3,33.5,32.5,32.3,33.2,32.6,33.0,31.9,32.4,33.8,33.9,33.5,33.3,32.7,32.4,32.2,32.9,33.7,33.2,32.9,32.2,31.9,33.0,32.2,32.8,32.8,33.4,32.5,31.9,32.2,32.9,33.2,32.9,32.4,32.6,32.6,32.3,33.3,32.6,32.5,32.3,33.7,34.8,34.5,33.7,33.0,33.1,33.6,32.4,32.8,33.0,32.5,32.1,32.5,32.2,32.9,33.2,33.0,32.4,32.3,32.4,32.3,31.9,32.3,32.8,33.3,33.4,32.8,32.1,32.0,32.8,32.2,32.7,33.6,34.6,33.3,33.6,33.2,33.2,32.6,32.4,32.7,33.6,32.3,32.4,33.0,32.0,33.5,32.5,32.3,32.1,33.2,32.3,32.5,32.5,32.7,32.6,32.4,32.5,33.0,32.3,33.4,32.5,32.9,32.1,33.4,33.0,33.3,33.3,33.5,34.3,32.9,31.9,32.4,32.0,32.3,33.6,33.3,33.0,32.6,32.7,33.3,32.7,32.7,32.6,32.6,32.1,31.9,32.6,33.1,33.0,32.7,32.8,32.8,32.0,32.5,32.7,33.3,33.9,33.0,34.7,33.9,32.8,32.1,33.1,33.2,32.2,32.1,33.0,33.0,33.4,32.1,31.8,32.3,33.2,32.9,32.4,33.0,32.8,32.3,32.5,32.3,33.3,32.3,32.0,32.6,32.7,32.9,33.5,33.6,33.1,33.1,32.7,34.8,33.4,33.2,33.2,33.0,33.1,32.1,32.6,32.2,32.1,31.5,33.2,33.0,32.9,34.3,32.1,33.3,32.8,31.7,32.8,33.3,33.2,32.4,33.0,32.2,32.2,31.9,33.3,33.7,33.0,33.7,33.3,33.9,32.8,32.6,33.7,33.8,33.2,32.8,32.2,33.2,32.5,31.8,31.6,32.1,32.6,32.4,32.1,33.2,33.0,32.9,32.5,32.6,32.3,32.6,32.8,32.9,33.0,33.5,32.5,33.1,33.7,33.4,33.7,33.8,34.2,33.8,33.5,32.8,32.5,32.4,32.5,32.6,32.3,32.2,33.1,33.0,33.1,31.5,32.3,31.9,32.3,32.2,32.0,32.5,32.7,31.4,32.8,33.2,32.9,33.2,32.2,33.5,33.4,33.2,34.5,34.3,35.0,32.8,34.1,33.6,33.3,32.4,32.4,32.4,33.3,32.9,32.9,32.5,32.8,32.5,32.9,33.1,33.1,32.4,32.6,32.9,32.8,32.6,32.8,32.1,33.5,33.9,33.7,33.3,33.8,33.3,33.0,33.9,33.9,34.8,33.8,33.8,32.7,31.8,32.4,31.6,32.5,32.1,32.0,32.8,32.2,33.0,32.7,32.2,33.0,32.6,nan,32.7,32.7,32.2,32.7,33.0,32.5,33.7,33.8,33.2,33.9,32.6,33.5,34.1,34.3,34.0,34.5,33.8,34.3,32.6,31.6,32.2,32.7,32.9,32.5,33.1,32.8,32.6,32.6,32.9,33.5,32.1,32.5,32.4,32.7,32.1,32.0,32.6,33.2,33.7,33.9,34.3,33.2,34.5,33.7,33.6,34.7,33.6,33.0,32.7,33.3,32.7,33.1,33.8,32.8,32.0,32.1,32.5,32.7,32.2,32.0,33.1,32.1,32.1,32.2,32.2,32.8,32.1,33.2,33.8,32.9,33.2,33.9,33.1,33.6,32.5,34.1,33.8,34.3,34.5,33.8,33.5,33.9,33.2,32.2,32.4,33.7,32.1,32.7,33.1,33.2,33.3,32.6,32.8,33.5,33.3,32.8,32.9,33.7,32.8,32.1,32.7,32.2,33.8,32.9,33.5,33.9,33.7,33.6,34.2,33.4,33.9,34.6,33.9,32.8,31.3,33.8,33.3,32.6,32.6,33.2,33.0,32.3,31.5,33.0,32.8,31.6,31.7,32.7,32.9,33.6,32.2,32.5,33.4,32.4,33.9,35.1,35.7,33.6,32.9,34.1,33.4,33.4,33.1,33.0,33.7,33.5,32.2,32.8,32.6,33.3,33.1,34.3,32.1,33.7,31.7,32.5,32.6,33.2,32.4,31.9,33.8,33.4,32.0,32.5,34.2,32.8,34.0,33.6,33.7,33.2,34.2,32.4,33.1,34.0,33.5,33.6,33.1,34.4,33.7,33.5,33.4,33.1,32.8,32.3,33.0,33.0,32.1,32.9,33.4,33.1,32.0,32.1,33.9,32.1,32.6,33.8,32.3,33.0,33.3,33.1,34.6,33.7,32.6,32.5,34.7,33.2,33.8,33.1,34.0,33.8
1785303477.8093543,572,31.8,33.3,31.9,33.8,33.3,32.7,32.5,32.8,32.8,32.6,31.6,32.8,33.8,31.9,32.1,33.8,32.4,32.5,33.5,32.9,32.7,33.1,33.4,33.8,33.0,32.9,32.4,33.1,32.8,31.9,32.2,33.2,32.9,32.9,33.9,32.0,33.0,33.0,32.6,32.4,32.5,32.9,33.4,32.3,33.3,32.6,32.9,32.0,32.4,33.1,32.5,32.6,32.3,32.9,33.3,32.7,32.9,33.1,33.0,31.9,33.1,32.9,32.3,32.5,32.7,33.1,31.7,33.2,32.1,32.3,33.0,33.2,32.4,31.9,32.5,33.2,32.5,32.5,32.5,33.8,32.8,33.2,32.7,33.6,32.5,31.9,32.5,33.9,33.2,31.8,33.2,33.1,32.4,32.3,32.8,33.0,33.5,32.2,32.3,33.0,31.8,33.2,32.7,32.5,32.3,33.3,31.4,32.7,32.9,32.2,32.4,32.8,33.3,32.4,32.6,32.8,31.0,33.3,33.3,32.6,32.0,33.0,33.3,32.3,33.1,33.2,32.6,33.9,32.5,32.0,32.5,33.2,32.2,32.8,33.0,32.6,32.7,32.5,31.6,32.4,32.5,33.4,32.7,33.6,33.5,33.1,32.0,33.3,32.4,32.8,33.0,33.1,32.7,32.4,31.9,33.6,33.2,32.9,31.2,34.3,32.3,32.8,34.7,32.6,32.9,32.1,33.8,32.7,32.6,32.4,32.9,31.7,31.9,32.3,33.3,32.3,32.5,32.6,32.9,33.3,32.8,32.3,32.4,32.4,32.6,33.1,33.1,33.2,32.7,33.4,32.9,33.3,32.5,32.9,32.8,32.6,32.4,32.5,32.7,32.3,32.3,32.0,32.3,32.9,32.9,32.2,32.3,32.8,32.5,32.3,32.1,33.5,33.1,32.0,33.1,33.8,33.9,33.3,32.0,33.9,32.7,33.3,34.1,32.8,31.5,33.7,32.6,32.5,32.0,32.7,33.1,32.8,32.8,32.4,33.9,32.6,32.0,32.6,33.5,33.3,31.7,33.0,33.1,32.4,32.5,32.8,33.3,33.8,33.3,33.2,33.3,32.7,32.6,33.2,33.3,32.4,32.6,33.0,32.6,32.8,31.5,31.7,32.0,33.4,33.4,31.9,33.0,33.7,32.8,32.8,31.8,32.9,32.0,32.2,32.1,32.6,33.4,33.0,33.3,34.5,33.9,34.3,33.6,33.3,33.5,32.8,33.5,33.2,32.5,32.4,32.9,31.7,32.2,32.7,33.5,32.1,32.3,33.1,32.6,32.6,32.7,33.0,32.6,32.8,32.8,32.7,32.8,33.0,32.2,32.5,34.3,34.0,34.6,33.4,33.0,33.2,33.1,32.6,32.9,33.1,32.4,33.4,32.3,31.8,31.7,33.2,32.0,34.1,32.9,33.3,32.5,32.8,33.7,32.6,32.6,32.5,33.1,32.5,32.6,32.8,32.3,32.5,33.1,33.1,32.9,33.5,33.3,33.4,32.2,33.4,32.5,32.8,33.7,32.5,32.9,33.1,31.8,32.8,33.0,32.1,32.9,32.1,32.2,32.5,32.5,32.7,32.7,31.9,32.1,32.5,33.0,32.9,33.3,33.3,33.3,33.7,32.8,34.0,33.5,33.6,32.3,32.1,32.4,31.9,32.9,32.2,32.3,32.3,33.5,32.3,32.6,33.2,31.8,31.8,32.7,33.1,32.1,33.4,32.6,32.7,33.3,32.0,32.1,32.8,33.3,32.8,33.6,34.6,34.6,33.8,34.5,34.3,32.8,32.1,32.7,32.9,33.4,32.7,33.3,32.2,32.4,32.4,32.1,32.1,33.3,32.3,33.2,32.7,32.4,33.0,32.5,33.1,32.4,32.7,33.0,32.9,32.9,33.2,34.3,33.4,33.0,33.0,34.4,33.6,33.4,33.2,33.6,32.9,32.9,33.4,32.3,33.6,33.5,32.9,32.0,33.3,32.4,33.1,32.3,33.3,31.8,33.0,32.8,32.5,32.7,33.1,33.9,32.8,33.1,33.1,33.6,34.5,33.5,33.0,33.5,34.1,32.6,33.9,32.7,33.9,33.2,32.6,33.8,32.8,31.6,32.8,33.4,32.1,32.7,32.3,33.2,32.7,33.4,32.1,32.9,32.6,33.5,33.5,33.7,33.4,33.0,33.4,34.4,33.4,34.2,34.1,34.3,33.4,33.4,34.1,34.4,33.6,32.5,32.0,31.7,32.9,33.7,32.7,32.4,32.6,32.9,32.9,32.1,33.1,32.9,32.5,33.1,32.8,33.1,32.2,33.1,33.8,32.8,34.3,33.0,33.7,34.3,33.3,32.8,34.7,33.9,33.9,33.7,34.3,32.8,33.6,33.6,32.6,32.9,32.8,33.2,32.1,32.5,32.5,33.0,32.0,32.4,nan,32.9,32.2,32.7,32.1,33.7,32.4,33.7,34.5,33.6,33.6,32.9,33.9,33.6,34.2,34.5,33.6,33.2,32.9,34.0,31.8,31.5,33.5,31.7,32.5,32.2,34.0,32.8,32.8,31.8,33.5,32.3,32.6,32.5,33.0,32.8,32.3,32.6,32.9,34.1,34.4,34.0,33.3,33.7,33.7,33.5,34.2,34.4,33.8,33.2,33.9,32.0,33.5,32.8,32.5,32.4,32.3,33.9,32.9,32.6,32.7,34.1,33.1,32.6,32.3,32.6,33.1,33.1,32.9,33.4,32.6,32.4,34.4,34.1,33.6,32.9,33.2,34.0,34.0,34.0,34.2,33.5,32.3,33.7,32.9,32.3,34.2,32.4,32.7,33.0,33.9,33.2,32.4,32.5,34.2,33.7,32.5,32.6,33.0,33.2,32.7,33.0,33.4,34.3,34.1,33.5,34.4,33.7,33.4,34.1,34.4,34.8,34.0,33.2,34.2,32.9,33.5,33.4,33.7,32.2,33.6,32.4,33.3,32.4,32.6,33.1,32.7,32.3,33.6,33.3,34.2,33.1,32.8,32.8,32.5,34.1,34.5,34.2,33.7,32.7,34.5,34.2,33.1,34.2,34.9,34.1,33.8,33.7,32.8,32.1,34.2,32.8,32.3,33.4,33.7,31.5,32.5,33.4,33.0,33.7,32.8,32.8,32.1,32.3,32.7,32.8,33.4,33.0,33.9,34.1,33.9,33.8,32.5,34.2,33.7,33.6,33.6,33.7,33.8,32.8,32.2,33.7,33.6,33.0,33.8,32.7,32.5,32.9,33.4,32.1,33.0,33.0,32.8,32.5,33.0,32.5,33.7,33.7,33.2,33.9,33.3,33.9,33.0,32.1,33.6,33.2,34.0,33.6,33.4,33.6,33.7
1785303480.0596046,573,33.8,33.4,31.7,33.0,33.5,32.8,33.5,33.5,33.5,32.3,32.9,33.5,31.5,32.2,32.9,33.5,33.1,32.6,32.5,32.1,31.8,32.6,32.5,32.4,33.5,32.8,32.5,32.5,33.8,33.2,33.1,34.0,32.5,33.0,32.6,31.9,33.3,31.8,32.3,32.1,33.0,32.4,33.1,31.4,32.8,33.0,32.6,31.2,32.8,32.5,33.1,32.0,33.0,32.1,31.6,33.2,32.0,33.8,32.3,32.6,33.9,32.6,31.6,33.8,32.0,33.2,32.6,31.7,32.4,33.7,32.3,32.3,32.7,33.3,32.2,32.4,32.1,31.5,31.5,32.1,32.4,32.5,32.8,32.8,32.3,32.9,33.0,32.9,32.0,32.4,32.7,32.0,32.7,32.0,34.0,33.1,31.7,31.6,32.6,32.9,32.1,32.1,33.4,31.8,33.0,31.7,32.4,32.1,32.3,32.5,33.2,32.0,32.5,32.7,32.0,33.2,32.7,32.5,33.4,32.7,32.3,32.5,32.8,33.2,32.4,33.1,33.0,33.8,32.4,32.6,32.2,32.2,32.1,32.1,32.5,33.1,32.2,33.0,32.0,31.6,32.3,32.7,32.1,32.0,32.8,32.5,32.6,32.2,32.5,32.5,33.0,33.1,33.4,33.0,32.6,32.9,33.0,33.2,33.4,34.4,32.9,32.7,32.9,32.3,31.6,32.6,31.8,31.5,33.1,32.3,33.4,31.8,32.4,32.4,33.0,32.8,32.9,32.9,32.4,32.1,32.4,32.7,32.7,33.8,33.2,33.4,33.6,32.2,32.4,33.7,31.7,34.0,34.2,33.0,31.8,32.3,32.4,32.8,33.0,31.7,32.1,32.6,32.1,31.8,32.2,31.7,32.5,32.1,32.7,32.4,32.0,33.4,33.0,33.1,32.5,33.2,33.9,33.1,33.3,33.1,32.8,32.7,33.4,34.0,33.4,32.3,32.1,32.6,32.5,32.1,33.2,32.7,32.2,32.9,32.5,33.2,32.6,33.4,32.8,32.8,33.1,32.3,33.7,32.1,33.3,31.6,33.2,33.8,33.9,34.3,32.3,33.1,32.9,33.5,33.0,33.4,31.2,32.3,31.9,32.1,32.0,33.3,32.8,32.7,32.7,32.0,32.5,32.7,32.6,32.2,31.8,33.0,32.1,31.9,32.5,33.0,32.9,32.9,33.2,34.1,34.5,34.1,33.3,33.4,32.8,33.1,33.2,31.6,32.6,32.1,32.6,32.2,32.1,32.3,32.9,32.2,32.6,33.2,32.4,31.9,33.2,32.9,32.9,32.6,32.4,32.3,32.3,33.3,32.9,32.0,33.1,34.6,34.7,34.1,32.9,33.9,33.1,32.6,32.4,32.6,32.9,32.1,32.0,32.5,32.6,33.3,32.6,31.8,33.0,33.0,32.2,32.7,34.0,32.9,33.0,32.1,32.6,33.2,33.0,33.4,32.6,32.4,33.4,33.6,33.5,34.3,33.5,33.8,33.2,32.7,33.2,33.2,32.8,32.2,33.4,32.0,31.8,31.6,32.9,32.6,32.6,33.1,33.3,32.6,32.8,32.6,32.4,32.2,33.6,32.5,33.1,33.1,32.6,33.5,33.7,33.6,34.7,33.3,32.8,33.7,33.1,33.0,32.3,33.6,32.1,32.5,33.0,33.5,32.5,33.5,33.0,32.7,34.2,32.4,32.0,32.2,33.1,32.3,32.4,32.6,34.0,32.1,32.7,32.9,32.6,33.3,34.4,33.8,33.7,33.3,33.7,32.9,33.6,32.4,33.6,32.6,32.8,33.2,33.6,33.3,33.1,33.1,32.7,32.9,33.3,33.1,32.6,32.6,33.0,33.0,31.7,33.2,32.6,32.4,33.3,32.8,32.6,33.1,33.5,34.3,33.9,33.7,33.8,34.8,33.5,32.8,32.9,33.6,33.4,33.8,32.8,32.8,32.2,33.0,33.0,32.8,33.0,33.0,32.9,32.8,34.0,32.6,32.7,32.9,32.8,33.1,32.7,33.3,33.4,33.4,33.6,33.6,33.6,33.4,33.6,33.5,34.0,34.2,34.0,32.8,34.4,32.7,32.9,32.5,31.9,31.7,33.3,33.3,32.8,32.8,32.5,32.3,33.3,32.8,33.0,33.3,32.7,33.5,33.1,33.4,33.9,33.7,33.8,34.2,33.5,33.8,34.0,34.3,33.8,33.7,33.7,33.7,32.8,33.1,32.0,33.4,32.5,32.6,32.5,32.0,31.8,33.4,33.7,32.9,32.9,32.4,33.4,32.9,32.7,32.9,32.4,33.8,34.0,33.3,33.8,33.6,32.4,33.3,34.3,33.7,34.0,34.0,32.6,33.2,33.4,33.0,31.7,32.7,32.6,32.8,33.5,32.4,32.6,32.3,32.6,33.0,33.2,nan,32.3,32.7,32.7,32.9,33.1,34.0,33.6,34.3,34.0,33.5,34.0,33.2,33.7,34.5,35.2,34.5,32.5,34.5,33.3,32.5,32.6,32.4,32.0,33.8,32.9,33.1,32.4,33.1,32.6,33.1,32.3,31.8,32.9,32.9,33.4,33.1,32.9,33.5,33.4,34.8,33.4,33.5,34.0,34.5,34.6,34.6,33.8,34.1,33.1,34.2,34.3,33.1,32.3,33.0,33.2,33.2,34.2,32.3,33.0,32.0,33.0,33.5,32.2,32.4,31.4,33.2,33.0,33.0,33.0,33.6,34.0,33.2,34.2,33.7,33.9,34.4,33.7,33.4,33.2,34.3,33.0,33.5,33.4,33.8,32.6,33.2,33.5,32.6,33.5,32.5,32.4,32.2,32.6,33.1,32.4,32.4,32.7,32.8,33.5,32.9,32.9,33.6,34.1,34.0,33.6,33.3,33.3,35.3,33.1,33.5,34.7,34.7,33.9,33.0,32.1,32.5,33.3,33.0,32.1,33.6,32.5,32.3,33.4,31.6,32.4,32.7,32.9,33.0,32.9,33.3,33.5,32.4,32.2,32.9,33.7,34.1,34.1,33.2,33.9,33.0,33.9,34.0,34.0,34.0,33.4,32.8,32.4,33.4,33.1,33.2,32.5,33.6,33.3,32.9,33.1,33.3,32.8,33.1,32.6,32.7,32.8,33.1,32.7,32.9,32.2,34.2,34.0,33.3,33.3,33.5,33.5,32.4,34.9,34.6,33.1,33.9,34.5,34.6,33.9,32.6,33.3,33.5,33.3,33.7,33.5,33.3,33.7,32.9,33.5,32.8,32.4,33.8,33.8,33.3,32.8,32.3,33.3,33.0,34.9,33.8,33.1,33.1,32.6,32.9,33.5,33.4,33.1,34.6,33.2,33.8
1785303482.3317518,574,32.7,33.4,32.7,33.4,32.1,32.4,32.2,32.2,31.5,32.9,33.1,32.7,33.3,33.1,32.4,32.2,32.6,31.5,33.3,33.0,33.2,33.2,31.3,32.4,31.9,33.0,32.9,33.9,33.8,32.9,33.1,33.8,32.3,33.5,32.6,32.6,32.7,32.9,32.2,32.1,31.8,32.0,32.2,33.0,32.3,32.7,32.8,32.5,32.4,32.7,32.8,32.5,32.4,32.7,32.2,33.0,33.2,33.1,33.8,33.3,33.8,32.1,33.1,31.9,33.5,33.5,31.9,32.4,33.3,32.4,31.9,32.5,31.8,33.3,31.5,33.0,32.6,32.8,31.9,33.3,33.1,33.3,32.1,33.0,33.2,32.8,32.2,33.6,32.8,32.4,32.5,32.6,32.3,33.7,32.7,32.9,32.9,33.5,32.4,32.4,32.1,32.7,32.8,32.2,32.4,32.8,32.6,32.3,32.0,32.5,32.1,32.7,33.0,32.5,32.7,33.3,32.7,32.4,31.9,32.7,32.6,32.9,33.0,33.0,33.6,33.7,33.2,34.1,32.8,31.8,32.4,33.1,32.5,32.5,32.1,33.3,33.3,32.8,33.5,32.0,32.1,32.3,31.4,32.8,32.8,32.9,32.6,32.9,32.0,33.0,32.8,32.9,32.1,32.7,32.2,32.5,33.6,33.2,32.9,33.3,32.7,32.7,33.3,32.7,32.4,31.8,33.5,32.6,32.9,32.2,32.7,31.8,32.9,31.6,32.7,32.6,32.4,32.9,32.7,33.3,32.2,32.1,33.0,32.2,32.9,33.1,33.0,33.3,33.6,33.5,32.3,33.4,32.4,33.5,32.3,32.9,31.2,33.1,31.9,33.1,32.3,32.1,32.5,33.5,32.7,32.2,33.3,33.5,31.5,33.0,32.0,32.6,32.6,32.4,32.8,32.4,34.1,33.7,31.5,32.3,33.0,33.1,33.0,32.3,33.2,33.4,32.9,32.2,31.5,32.6,32.1,32.7,32.2,32.9,32.8,31.9,32.6,32.3,32.6,32.1,32.4,32.6,33.1,32.5,32.9,32.4,32.7,34.4,33.3,33.5,32.3,32.2,33.4,32.9,33.4,32.1,33.5,32.7,32.3,32.9,32.6,32.9,32.1,33.0,32.9,32.5,32.3,32.7,32.7,33.2,31.3,33.2,33.0,32.3,32.2,32.4,32.7,32.2,33.2,34.7,34.0,33.6,32.3,33.1,33.6,33.3,32.2,32.2,33.2,31.7,32.6,32.4,32.8,32.1,33.1,32.5,31.8,32.4,32.2,33.3,32.6,32.5,31.9,32.6,31.6,32.8,32.3,33.4,32.6,32.5,33.1,34.5,35.4,33.5,33.3,33.2,33.1,33.7,32.0,34.0,33.1,32.9,31.4,32.7,32.9,33.3,32.4,33.0,32.5,33.0,33.0,32.9,33.2,32.4,32.1,32.3,32.9,32.6,31.7,32.9,32.9,33.1,32.2,33.7,33.7,33.4,33.5,33.5,32.5,32.0,32.6,33.5,32.0,32.4,32.8,31.9,32.7,33.0,32.2,32.4,33.3,33.1,33.1,33.1,33.6,32.9,32.6,32.5,32.2,32.3,32.3,32.8,32.0,32.5,33.4,33.1,33.7,33.3,33.1,32.7,32.4,33.5,32.1,32.6,32.6,33.1,32.2,33.1,32.1,32.3,32.3,32.8,33.5,32.5,32.2,33.2,33.1,32.6,32.6,32.3,33.1,32.7,32.2,32.0,33.6,33.3,33.7,33.8,33.7,33.8,33.2,32.9,34.3,32.9,32.2,32.8,32.2,33.2,32.3,32.3,31.8,32.7,32.9,32.3,31.6,32.4,32.4,32.8,32.5,32.8,32.0,32.7,32.5,32.8,33.5,32.3,32.6,33.5,34.9,33.5,33.6,33.8,32.7,33.4,33.8,33.3,33.3,31.0,33.2,32.3,32.2,33.1,32.5,32.6,33.4,33.5,33.4,32.4,32.1,33.2,32.1,32.6,33.5,32.9,34.0,33.4,32.9,32.6,34.0,33.2,33.9,33.3,34.1,34.0,34.3,33.6,34.2,33.5,32.8,33.6,33.5,33.3,33.1,33.3,31.5,32.6,33.3,33.3,32.5,31.9,32.8,32.0,33.0,32.5,32.8,32.4,33.0,32.7,32.4,33.7,33.1,33.5,33.3,34.0,33.4,33.2,33.8,34.1,34.2,33.9,33.7,33.1,33.4,32.7,31.8,33.2,32.5,33.2,32.3,32.3,33.6,32.9,33.1,32.7,33.3,31.9,33.9,32.8,33.5,32.9,33.1,33.3,32.9,33.4,33.8,33.4,33.4,34.0,34.1,34.0,34.8,34.6,32.8,33.8,31.7,32.2,32.5,31.9,32.8,33.0,33.0,33.1,33.3,33.5,32.0,32.8,32.0,nan,32.6,32.5,33.0,33.3,33.8,33.4,33.0,34.6,33.5,34.2,33.7,33.4,35.1,33.8,34.1,34.1,33.9,32.7,33.3,31.9,32.2,33.6,32.1,33.7,32.9,34.0,32.7,33.6,32.1,33.4,32.1,32.4,32.9,32.6,34.1,32.6,31.9,33.3,33.7,34.0,33.6,33.8,34.3,34.5,33.5,33.3,33.8,33.9,32.7,33.2,32.6,31.9,33.3,31.8,33.2,33.0,33.1,32.5,32.5,32.8,32.5,32.8,32.2,33.4,32.8,32.5,32.4,32.7,33.2,32.7,33.5,33.5,33.4,33.4,34.1,34.1,33.0,33.0,33.1,34.3,33.6,32.9,33.6,33.8,32.4,33.4,31.9,34.0,32.0,33.1,32.6,33.1,32.4,33.6,33.6,32.6,33.3,32.6,33.6,33.1,33.8,33.1,33.6,34.3,34.2,34.2,34.5,34.2,33.5,34.3,34.5,33.5,33.7,33.4,32.8,33.0,32.8,32.4,32.9,33.4,32.9,33.1,32.8,33.6,32.5,33.4,33.0,32.9,34.2,33.1,32.9,32.2,32.7,32.9,33.9,34.2,33.2,33.8,33.0,34.5,33.2,32.5,33.9,34.0,33.4,34.1,33.1,32.7,31.5,33.7,32.5,32.6,31.9,32.7,32.2,32.6,32.6,32.6,32.9,33.3,32.6,32.4,32.0,32.6,32.6,33.8,34.4,34.7,33.1,33.5,34.1,32.9,33.7,34.2,33.9,33.9,33.8,34.5,32.7,33.0,34.0,33.5,33.5,33.1,32.8,32.8,33.0,33.8,32.4,33.5,33.1,32.6,31.5,32.9,32.2,33.0,32.9,33.0,33.3,33.6,34.2,33.3,32.7,33.7,33.1,33.4,33.5,34.4,33.7,33.1
1785303484.2987618,575,33.0,33.3,32.2,33.1,33.5,31.8,32.4,32.8,33.1,33.0,32.7,32.6,32.2,32.1,33.1,33.0,31.5,33.9,32.7,33.1,33.0,32.7,32.7,33.4,31.9,32.7,33.3,32.7,32.9,32.6,33.9,32.9,32.4,33.0,33.2,32.8,33.2,32.0,31.7,32.5,32.9,32.4,32.8,32.6,31.8,33.2,33.0,33.2,32.5,32.7,33.2,32.5,32.3,31.6,32.9,34.0,32.7,32.9,32.8,34.4,31.5,32.1,32.3,34.1,31.0,31.9,33.9,33.4,32.4,34.0,32.3,31.6,32.7,32.8,31.3,33.2,32.1,32.1,33.1,32.9,33.1,32.5,32.4,33.2,33.0,33.1,32.4,32.4,32.2,32.9,32.5,32.1,32.9,33.6,33.6,34.9,31.8,32.6,31.8,33.1,32.8,32.1,32.7,32.2,32.5,32.8,31.8,32.8,32.4,32.3,31.8,33.2,33.1,32.5,32.6,33.6,33.8,32.0,33.6,32.7,32.9,31.8,32.9,32.8,33.1,32.4,32.4,32.9,33.1,31.5,33.3,32.1,32.5,32.2,33.9,33.6,31.7,33.0,32.6,31.5,32.5,32.7,32.5,32.6,32.2,32.4,32.8,33.1,31.5,31.9,33.2,32.6,32.5,31.8,32.8,33.4,31.6,33.7,32.7,32.5,33.9,32.2,32.8,32.7,33.1,32.0,32.8,32.8,33.5,32.3,32.2,32.5,33.6,32.9,31.9,33.6,32.1,32.2,32.1,32.9,32.1,31.9,32.9,32.4,33.4,32.9,33.3,33.1,33.3,32.7,33.3,32.7,33.8,32.0,33.3,32.4,31.8,32.5,32.6,32.3,32.4,32.3,33.1,32.6,32.5,32.4,33.0,32.4,32.2,32.6,32.5,33.0,32.7,32.9,32.3,34.0,33.2,34.1,33.0,33.1,32.4,33.0,34.6,33.2,32.6,32.5,32.2,33.6,32.0,32.3,33.3,33.1,32.9,32.7,33.1,33.1,32.3,31.8,32.6,31.8,32.2,32.3,32.0,32.6,33.2,32.1,33.6,33.9,33.3,32.6,32.9,33.5,33.3,33.3,32.3,33.4,33.3,32.8,32.3,32.6,32.2,33.2,32.5,33.4,32.0,33.5,33.6,32.9,32.2,33.6,32.2,32.9,32.7,32.8,32.9,32.3,32.2,33.1,34.0,34.3,35.2,34.3,33.3,33.0,33.0,33.5,32.2,33.4,32.9,32.8,33.1,33.2,32.2,31.9,33.0,33.1,31.3,32.9,31.9,32.3,32.2,32.0,32.8,33.7,32.0,32.5,33.1,33.4,32.7,32.0,33.0,34.8,34.6,34.0,33.3,33.3,33.1,32.4,32.3,33.8,33.1,33.4,32.8,32.2,31.8,32.7,33.1,32.4,33.2,32.8,32.2,32.8,33.3,32.2,33.0,32.5,32.9,32.6,33.2,33.3,32.9,33.9,33.4,33.6,33.7,33.7,33.9,32.3,32.7,32.4,32.0,33.4,33.3,32.0,32.7,33.0,32.9,31.8,33.3,33.3,32.5,31.4,32.5,33.4,32.5,32.1,33.1,32.8,32.2,32.6,32.2,33.1,33.6,33.5,32.8,33.6,33.3,34.0,33.5,34.2,33.0,31.9,32.8,32.8,32.8,32.4,32.2,33.0,32.7,33.1,33.0,32.5,32.0,32.9,32.7,33.2,32.7,32.6,32.7,32.8,32.6,33.1,33.7,33.1,32.6,33.5,34.4,33.3,33.0,33.2,34.8,33.9,33.4,33.4,32.8,33.3,32.5,32.2,32.4,33.2,31.7,32.5,32.6,33.1,34.3,32.1,33.3,32.6,32.5,33.0,32.4,33.0,33.3,32.4,32.5,33.0,32.8,32.7,33.0,34.7,33.8,33.5,33.5,34.1,33.0,32.2,32.6,33.8,32.6,33.0,32.8,33.2,32.9,33.2,33.7,32.9,32.2,32.1,33.1,32.8,32.9,32.3,33.9,33.1,32.8,33.6,34.0,32.5,32.9,33.3,33.4,33.3,33.2,33.5,34.5,33.7,33.3,32.8,33.2,33.3,33.2,31.4,33.0,32.5,31.8,32.4,32.7,34.0,32.2,32.8,32.5,33.5,31.4,32.2,32.9,32.9,32.7,32.2,33.8,33.2,33.3,33.5,33.7,33.9,33.3,34.0,33.7,34.3,33.7,34.6,32.2,33.3,32.4,32.6,32.6,33.5,32.3,31.6,32.3,33.3,32.7,33.3,31.9,32.5,32.4,33.0,32.7,32.7,32.9,32.3,32.9,32.5,33.1,33.8,33.8,33.3,34.6,32.6,34.3,33.6,34.6,34.7,34.0,32.5,32.8,33.0,32.2,33.3,32.9,32.6,32.7,33.5,33.0,32.7,32.2,33.2,32.4,nan,33.0,32.8,32.6,32.1,32.7,33.0,34.5,33.7,33.2,33.5,31.7,32.5,33.4,34.6,34.2,32.8,33.2,34.3,32.9,32.8,32.8,32.9,31.8,33.1,34.0,33.7,32.4,32.6,33.1,33.0,31.9,32.3,33.4,33.5,32.1,33.3,32.4,33.2,33.9,34.7,34.3,33.7,33.4,34.6,33.6,34.3,34.2,34.3,32.9,34.1,33.3,32.3,32.8,33.2,32.7,33.2,33.0,33.2,33.4,31.8,32.8,33.2,32.5,32.5,32.6,33.2,32.1,33.2,33.8,33.9,33.7,33.9,34.3,33.7,34.1,32.8,33.6,34.7,34.2,33.6,34.5,32.8,33.8,32.0,33.1,33.3,31.7,33.5,31.8,31.9,31.5,32.6,33.4,33.0,33.1,32.2,33.4,32.5,34.1,32.8,33.4,32.7,33.4,35.2,34.4,33.2,34.0,33.9,34.6,34.4,33.9,34.0,35.2,33.5,32.5,33.0,32.1,33.2,32.9,33.2,33.0,32.7,33.6,32.9,33.1,32.8,33.5,32.9,32.6,34.1,33.3,32.9,33.1,33.3,34.4,33.7,34.0,33.2,33.1,33.9,32.9,34.4,33.6,34.4,33.7,33.9,33.1,33.5,33.3,34.0,32.7,33.7,32.7,33.2,32.0,33.0,33.3,32.1,32.6,32.6,33.8,33.2,32.4,32.1,32.9,32.8,32.8,33.2,33.5,33.2,33.5,34.1,34.1,33.9,33.9,34.5,33.3,33.5,33.1,33.7,33.2,32.9,32.8,32.5,33.0,33.1,33.0,33.1,32.7,32.6,33.0,32.6,33.0,33.3,32.1,32.8,32.6,33.3,33.3,32.9,34.6,33.9,33.8,33.5,33.4,34.5,33.8,34.2,34.5,35.2
1785303486.465678,576,31.8,33.6,33.1,31.4,31.8,32.5,32.3,33.0,32.4,32.6,32.8,31.3,32.1,32.1,32.3,32.3,31.4,31.9,32.4,31.9,32.3,32.1,32.6,32.5,32.2,32.5,33.9,33.8,33.0,32.6,33.2,34.2,32.1,31.3,32.5,31.3,33.0,32.5,31.3,32.2,32.7,31.7,33.2,31.3,32.7,32.4,33.0,32.9,33.1,32.6,31.9,32.0,32.0,32.7,31.5,32.3,32.1,32.3,32.4,33.4,33.3,33.4,33.2,32.0,31.9,32.4,31.3,33.2,32.8,32.3,32.4,33.0,32.2,33.9,32.5,32.1,31.8,32.7,32.7,32.5,32.3,32.4,32.0,32.7,33.0,32.6,32.7,31.8,31.9,32.5,32.6,32.9,33.0,34.0,33.0,32.5,32.8,33.4,32.8,33.0,33.2,32.2,31.9,32.3,31.6,31.4,32.9,31.5,32.9,32.6,32.9,33.1,32.4,32.8,31.4,31.8,32.1,31.6,32.9,32.1,33.5,32.2,31.7,32.9,33.1,32.3,33.5,32.8,32.3,32.7,32.3,33.2,32.6,33.4,32.0,32.4,31.9,33.0,33.0,32.4,32.4,32.9,32.9,32.7,33.2,32.4,31.8,32.3,31.5,33.9,33.6,32.8,32.7,32.9,31.9,33.0,31.5,32.9,33.0,33.6,31.6,31.9,31.9,33.7,32.3,33.1,31.9,31.4,32.6,31.9,31.7,31.9,32.6,32.4,32.4,33.5,31.8,32.3,33.1,32.0,32.5,32.6,32.6,33.0,33.3,32.8,33.3,33.2,32.7,32.4,32.7,33.3,31.8,31.6,31.9,32.6,31.9,32.5,33.2,32.9,32.0,32.7,32.4,32.7,31.1,32.4,32.6,32.1,32.6,32.6,31.6,32.2,33.1,32.5,32.9,33.8,32.7,33.3,32.7,32.8,32.0,32.4,33.1,32.8,33.3,31.9,32.4,32.5,31.6,32.2,31.3,32.8,33.3,32.3,32.1,32.8,32.5,31.3,32.6,32.5,32.0,31.1,32.3,31.9,33.3,31.5,32.8,33.8,34.4,33.2,33.6,33.0,33.3,32.6,31.7,32.4,31.9,32.6,32.4,33.0,32.7,31.7,32.7,33.8,32.9,31.5,32.1,31.9,32.3,32.5,33.2,31.6,33.4,33.3,32.8,32.3,32.3,32.3,33.8,34.3,33.7,34.5,33.8,32.8,32.5,33.4,33.3,32.6,31.8,32.2,32.5,32.7,32.4,32.9,32.6,33.0,33.7,32.6,31.8,33.3,32.7,32.5,31.4,32.7,33.0,32.7,33.0,32.7,32.5,33.5,34.1,33.7,34.0,33.4,33.2,32.9,32.4,32.5,32.3,33.1,30.9,32.0,33.1,32.0,31.7,32.3,32.9,32.6,31.8,33.3,32.2,32.1,31.2,33.3,32.6,32.8,32.8,32.6,32.3,32.3,31.8,32.6,33.3,33.3,33.6,34.2,33.1,33.4,31.9,31.5,33.3,33.0,32.9,32.3,32.7,32.5,32.7,31.7,32.3,32.5,32.2,32.5,33.1,32.2,32.8,32.2,32.3,32.9,33.8,32.5,32.2,32.1,32.8,32.7,33.6,33.7,34.1,33.4,32.6,33.2,31.9,32.5,32.8,33.3,32.7,33.6,32.9,32.3,33.5,32.3,32.9,31.7,32.4,32.3,32.6,32.3,31.7,32.2,32.8,33.3,32.5,32.2,32.4,32.5,33.3,34.0,33.3,33.5,32.6,33.2,33.6,33.6,32.6,33.4,32.7,33.3,32.3,32.1,31.8,32.0,32.1,32.4,32.6,32.3,33.2,32.2,32.5,32.5,33.2,31.9,31.9,31.9,33.5,32.9,33.2,32.6,33.7,33.2,34.3,33.6,34.2,34.0,34.1,33.1,33.9,32.5,33.2,33.1,33.1,33.2,33.1,31.7,32.1,32.2,33.3,32.9,32.8,32.3,32.8,32.8,32.6,33.1,32.6,33.6,32.0,33.3,33.0,32.7,33.4,33.6,33.5,33.2,33.5,34.2,33.5,33.3,33.1,34.1,33.3,32.5,32.0,33.4,31.8,33.2,32.0,31.9,32.5,32.8,32.5,30.8,32.4,32.2,34.0,32.7,32.7,32.0,33.2,31.9,33.5,32.8,33.3,33.4,32.9,33.6,33.5,32.5,34.6,33.4,33.9,32.9,33.0,33.0,32.5,33.7,33.1,33.1,32.4,32.0,32.2,32.9,32.1,33.4,33.1,33.0,32.4,33.1,32.6,32.0,32.9,33.0,33.0,33.0,33.3,34.6,34.3,33.3,33.2,33.9,34.2,34.1,34.1,33.2,34.1,33.7,33.1,31.7,33.0,32.2,33.1,32.5,33.6,32.0,32.2,32.2,31.0,32.7,32.7,nan,32.5,32.1,32.2,33.1,33.8,32.6,33.4,34.4,34.4,33.8,34.1,34.4,34.3,34.0,35.1,32.3,34.0,34.2,32.3,33.9,31.7,32.5,31.7,32.7,33.1,33.3,32.3,32.8,32.5,32.1,31.5,33.0,32.2,32.0,32.3,32.2,32.6,32.8,33.5,34.8,34.7,34.9,34.6,35.1,34.4,35.2,34.5,34.9,34.0,33.5,32.7,31.8,32.8,32.3,33.3,32.5,32.5,33.3,32.2,32.4,33.3,32.5,33.1,32.1,32.4,32.1,32.9,31.8,32.9,33.0,33.7,33.1,33.3,34.3,35.0,34.3,34.3,34.4,33.8,34.0,33.9,33.1,33.7,34.6,33.4,32.9,32.6,32.9,32.2,32.4,32.0,31.7,33.0,33.2,32.3,33.0,33.2,32.8,33.2,33.0,33.7,33.4,33.2,33.7,34.1,33.7,34.1,33.4,35.3,34.2,34.8,33.8,33.2,33.1,32.7,32.6,31.9,32.7,32.6,33.1,33.0,33.3,32.9,31.7,33.0,32.5,32.3,31.7,33.1,32.6,33.3,32.3,32.4,33.0,34.1,33.6,33.6,33.1,33.8,33.5,33.3,33.7,33.3,33.5,33.3,33.2,32.1,33.3,32.5,32.9,34.0,33.3,32.8,33.9,32.1,33.6,33.4,33.0,31.6,33.2,33.0,32.3,32.3,33.3,32.8,32.0,32.5,33.9,33.6,33.4,32.8,33.8,33.0,33.7,33.8,33.6,33.2,33.8,32.6,33.2,34.1,32.3,34.2,32.4,32.3,32.6,32.5,32.4,33.4,33.2,33.4,32.1,32.3,32.3,33.3,32.8,33.0,32.5,32.8,33.5,33.9,32.7,33.2,33.0,33.2,33.4,34.4,33.4,33.8,33.3
