timestamp,frame_number,px0,px1,px2,px3,px4,px5,px6,px7,px8,px9,px10,px11,px12,px13,px14,px15,px16,px17,px18,px19,px20,px21,px22,px23,px24,px25,px26,px27,px28,px29,px30,px31,px32,px33,px34,px35,px36,px37,px38,px39,px40,px41,px42,px43,px44,px45,px46,px47,px48,px49,px50,px51,px52,px53,px54,px55,px56,px57,px58,px59,px60,px61,px62,px63,px64,px65,px66,px67,px68,px69,px70,px71,px72,px73,px74,px75,px76,px77,px78,px79,px80,px81,px82,px83,px84,px85,px86,px87,px88,px89,px90,px91,px92,px93,px94,px95,px96,px97,px98,px99,px100,px101,px102,px103,px104,px105,px106,px107,px108,px109,px110,px111,px112,px113,px114,px115,px116,px117,px118,px119,px120,px121,px122,px123,px124,px125,px126,px127,px128,px129,px130,px131,px132,px133,px134,px135,px136,px137,px138,px139,px140,px141,px142,px143,px144,px145,px146,px147,px148,px149,px150,px151,px152,px153,px154,px155,px156,px157,px158,px159,px160,px161,px162,px163,px164,px165,px166,px167,px168,px169,px170,px171,px172,px173,px174,px175,px176,px177,px178,px179,px180,px181,px182,px183,px184,px185,px186,px187,px188,px189,px190,px191,px192,px193,px194,px195,px196,px197,px198,px199,px200,px201,px202,px203,px204,px205,px206,px207,px208,px209,px210,px211,px212,px213,px214,px215,px216,px217,px218,px219,px220,px221,px222,px223,px224,px225,px226,px227,px228,px229,px230,px231,px232,px233,px234,px235,px236,px237,px238,px239,px240,px241,px242,px243,px244,px245,px246,px247,px248,px249,px250,px251,px252,px253,px254,px255,px256,px257,px258,px259,px260,px261,px262,px263,px264,px265,px266,px267,px268,px269,px270,px271,px272,px273,px274,px275,px276,px277,px278,px279,px280,px281,px282,px283,px284,px285,px286,px287,px288,px289,px290,px291,px292,px293,px294,px295,px296,px297,px298,px299,px300,px301,px302,px303,px304,px305,px306,px307,px308,px309,px310,px311,px312,px313,px314,px315,px316,px317,px318,px319,px320,px321,px322,px323,px324,px325,px326,px327,px328,px329,px330,px331,px332,px333,px334,px335,px336,px337,px338,px339,px340,px341,px342,px343,px344,px345,px346,px347,px348,px349,px350,px351,px352,px353,px354,px355,px356,px357,px358,px359,px360,px361,px362,px363,px364,px365,px366,px367,px368,px369,px370,px371,px372,px373,px374,px375,px376,px377,px378,px379,px380,px381,px382,px383,px384,px385,px386,px387,px388,px389,px390,px391,px392,px393,px394,px395,px396,px397,px398,px399,px400,px401,px402,px403,px404,px405,px406,px407,px408,px409,px410,px411,px412,px413,px414,px415,px416,px417,px418,px419,px420,px421,px422,px423,px424,px425,px426,px427,px428,px429,px430,px431,px432,px433,px434,px435,px436,px437,px438,px439,px440,px441,px442,px443,px444,px445,px446,px447,px448,px449,px450,px451,px452,px453,px454,px455,px456,px457,px458,px459,px460,px461,px462,px463,px464,px465,px466,px467,px468,px469,px470,px471,px472,px473,px474,px475,px476,px477,px478,px479,px480,px481,px482,px483,px484,px485,px486,px487,px488,px489,px490,px491,px492,px493,px494,px495,px496,px497,px498,px499,px500,px501,px502,px503,px504,px505,px506,px507,px508,px509,px510,px511,px512,px513,px514,px515,px516,px517,px518,px519,px520,px521,px522,px523,px524,px525,px526,px527,px528,px529,px530,px531,px532,px533,px534,px535,px536,px537,px538,px539,px540,px541,px542,px543,px544,px545,px546,px547,px548,px549,px550,px551,px552,px553,px554,px555,px556,px557,px558,px559,px560,px561,px562,px563,px564,px565,px566,px567,px568,px569,px570,px571,px572,px573,px574,px575,px576,px577,px578,px579,px580,px581,px582,px583,px584,px585,px586,px587,px588,px589,px590,px591,px592,px593,px594,px595,px596,px597,px598,px599,px600,px601,px602,px603,px604,px605,px606,px607,px608,px609,px610,px611,px612,px613,px614,px615,px616,px617,px618,px619,px620,px621,px622,px623,px624,px625,px626,px627,px628,px629,px630,px631,px632,px633,px634,px635,px636,px637,px638,px639,px640,px641,px642,px643,px644,px645,px646,px647,px648,px649,px650,px651,px652,px653,px654,px655,px656,px657,px658,px659,px660,px661,px662,px663,px664,px665,px666,px667,px668,px669,px670,px671,px672,px673,px674,px675,px676,px677,px678,px679,px680,px681,px682,px683,px684,px685,px686,px687,px688,px689,px690,px691,px692,px693,px694,px695,px696,px697,px698,px699,px700,px701,px702,px703,px704,px705,px706,px707,px708,px709,px710,px711,px712,px713,px714,px715,px716,px717,px718,px719,px720,px721,px722,px723,px724,px725,px726,px727,px728,px729,px730,px731,px732,px733,px734,px735,px736,px737,px738,px739,px740,px741,px742,px743,px744,px745,px746,px747,px748,px749,px750,px751,px752,px753,px754,px755,px756,px757,px758,px759,px760,px761,px762,px763,px764,px765,px766,px767
1785310336.054979,685,34.7,34.3,34.6,34.1,33.9,33.5,34.0,33.6,33.6,33.5,33.5,33.3,33.5,33.2,33.9,33.4,33.3,33.4,33.9,33.6,33.7,32.8,33.3,32.9,33.3,33.1,33.2,33.3,33.4,33.4,33.8,33.9,34.5,34.6,34.5,34.2,33.4,33.6,33.4,34.3,33.1,33.4,33.5,33.2,33.1,33.5,33.4,33.8,33.3,33.3,33.2,33.7,32.9,33.3,33.0,33.4,33.0,33.0,33.0,33.6,33.2,33.5,33.5,33.8,34.7,34.1,34.4,34.0,34.0,33.6,33.4,33.5,33.5,33.0,33.5,33.2,33.0,33.2,33.6,33.4,33.4,32.9,33.4,33.3,33.3,32.8,33.2,33.1,33.5,33.0,32.9,33.4,33.4,33.3,33.3,33.3,33.8,34.2,33.6,34.0,33.2,33.3,33.3,33.7,33.2,33.2,33.2,33.6,33.1,33.1,33.1,33.3,32.5,33.3,33.5,33.4,33.0,33.3,32.7,33.1,32.9,33.1,33.1,33.4,32.9,33.4,33.2,33.9,34.0,33.7,34.0,33.4,33.4,33.4,33.7,33.5,33.0,33.4,33.0,33.1,33.4,33.2,33.4,33.2,33.3,33.2,33.1,33.0,33.3,33.0,33.8,33.3,33.5,33.1,33.1,33.1,33.1,33.4,33.4,33.6,33.4,33.8,33.8,33.9,33.3,33.5,33.0,33.6,33.0,33.1,33.3,33.3,33.2,33.4,33.4,33.7,32.6,33.1,33.2,33.2,33.2,33.0,33.3,33.2,33.3,33.3,33.0,33.5,33.0,33.0,33.7,33.5,34.0,33.5,33.8,33.4,33.5,33.2,33.4,33.4,33.4,33.4,33.1,33.3,34.0,33.8,34.2,34.5,33.6,33.4,33.3,33.3,33.4,32.9,33.1,33.2,33.3,33.0,33.6,33.1,33.4,33.1,33.7,33.7,33.0,33.4,33.7,33.8,33.1,33.4,33.3,33.7,32.8,33.0,33.3,33.6,34.1,34.1,34.7,35.1,33.4,33.4,33.3,33.3,33.1,32.9,33.2,33.6,33.4,33.3,33.5,33.6,33.3,33.7,33.4,33.7,33.6,33.4,33.6,33.5,33.5,33.2,33.3,33.5,33.3,33.0,33.5,33.8,34.2,34.5,35.4,35.9,35.4,34.1,33.8,33.7,33.9,34.0,34.0,34.2,34.0,34.2,34.3,34.1,33.8,33.5,33.7,33.4,33.5,33.1,33.6,33.4,33.3,33.1,33.2,33.7,33.1,33.2,33.4,33.9,34.5,34.5,35.8,36.0,35.2,35.0,33.9,34.3,33.9,34.3,34.4,35.0,34.7,35.1,35.0,35.2,33.9,33.7,33.6,33.7,33.4,33.2,33.7,33.5,33.4,33.2,33.6,33.5,33.4,33.3,33.5,33.7,34.3,35.0,35.6,35.5,35.0,34.7,34.7,34.2,34.4,34.4,35.2,35.1,35.8,35.3,35.0,35.0,34.4,33.7,33.8,33.7,33.3,33.5,33.2,33.6,33.3,33.1,33.2,33.2,33.1,33.2,33.3,33.8,34.0,34.2,35.0,35.2,34.3,34.6,34.1,34.4,34.3,34.6,34.9,35.4,35.2,35.8,35.0,34.9,33.9,33.9,33.8,34.0,33.7,33.2,33.5,33.9,33.3,33.2,33.5,33.3,33.0,33.2,33.5,33.5,33.6,33.6,34.0,34.6,34.2,33.7,34.3,34.4,34.5,34.7,35.4,35.1,35.2,34.9,34.9,34.5,34.2,34.1,34.2,34.3,33.2,33.5,33.2,33.8,33.0,33.3,33.2,33.6,33.3,33.1,33.4,33.5,33.3,33.7,33.8,34.2,33.6,34.0,34.5,34.4,34.4,34.6,35.3,35.0,34.6,35.0,34.4,34.5,33.7,33.9,33.8,34.6,33.7,33.3,33.9,33.5,33.5,33.3,33.5,33.6,33.4,33.0,33.7,33.7,33.9,33.7,33.9,33.9,33.9,33.9,34.2,34.4,34.7,34.9,34.9,34.7,34.7,34.4,34.0,34.2,34.0,33.5,34.4,34.5,33.2,33.4,33.3,33.5,33.1,33.2,33.3,33.4,33.0,33.4,33.1,33.6,33.7,33.7,33.6,34.0,33.7,34.0,34.2,34.7,34.8,35.1,35.0,35.0,34.4,34.5,34.1,34.4,33.9,33.8,34.2,34.5,33.5,33.3,33.2,33.8,33.5,33.1,33.3,33.7,33.2,33.0,33.6,33.4,33.5,33.3,34.0,34.1,33.9,33.8,34.7,34.9,35.2,34.4,35.1,34.8,34.8,33.9,34.4,34.1,34.1,34.3,34.4,34.6,33.1,33.6,33.3,33.5,33.1,33.0,33.6,33.4,33.1,33.3,33.5,33.6,33.4,nan,33.6,33.7,33.7,33.7,34.6,35.0,34.5,35.0,34.8,34.9,34.0,34.2,34.1,34.4,33.8,34.1,34.5,34.6,33.8,33.0,33.4,33.2,33.3,33.4,33.5,33.9,33.2,33.4,33.5,33.4,33.4,33.4,34.1,34.3,34.2,34.1,35.4,35.3,34.7,34.3,34.2,34.3,33.9,33.4,34.4,34.1,34.2,33.9,34.3,34.6,32.9,33.5,33.5,33.4,32.7,33.2,33.2,33.6,33.0,33.5,33.2,33.5,33.2,33.7,34.0,34.2,34.2,34.5,35.4,35.4,34.3,34.5,34.2,34.6,33.7,34.0,33.8,34.0,33.8,34.0,34.8,34.4,33.9,33.0,33.2,33.6,33.1,32.8,33.1,33.5,33.6,33.7,33.7,33.9,33.7,33.8,34.1,34.3,34.8,34.7,35.1,34.6,34.2,34.0,34.1,34.3,33.9,33.7,34.1,34.3,34.5,34.1,34.9,34.8,33.1,33.7,33.2,33.3,33.1,33.4,33.1,33.9,32.9,33.5,33.5,33.5,33.0,33.7,34.0,34.2,34.7,35.2,34.7,34.4,33.5,33.9,34.0,34.2,33.4,33.8,33.8,34.2,33.7,33.9,33.9,34.7,33.4,33.4,33.8,33.5,33.6,33.4,33.5,33.7,33.5,33.4,33.9,33.6,33.7,33.5,34.1,34.3,34.2,34.1,34.6,34.1,33.7,33.8,34.1,33.7,33.9,33.5,34.2,34.3,33.8,34.1,34.5,34.6,33.2,33.7,33.0,33.8,32.9,33.5,33.2,33.5,33.0,33.2,33.4,33.8,33.6,33.9,33.8,33.9,33.7,34.1,33.7,34.5,33.4,33.7,33.5,33.9,33.6,33.9,33.8,34.1,34.0,34.5,34.4,34.8
1785310338.5807528,686,34.7,34.3,34.2,34.1,33.3,33.5,33.8,33.4,33.4,33.5,32.9,33.5,33.0,33.2,33.2,33.7,33.4,33.4,33.5,33.2,33.0,33.0,32.7,33.1,32.9,32.9,33.0,33.3,33.6,33.2,33.3,34.2,35.0,34.1,34.2,33.8,33.8,33.6,33.2,33.3,33.3,32.6,33.2,33.0,32.9,32.9,33.4,33.5,33.1,33.1,33.4,33.1,32.9,32.5,33.2,33.1,33.0,32.8,33.3,33.2,33.3,33.1,33.8,33.6,34.0,34.2,33.3,34.2,33.4,33.4,33.2,33.7,32.5,33.0,33.0,33.2,33.2,33.1,33.2,33.3,33.3,33.1,32.9,33.3,32.9,32.8,33.0,32.9,33.0,32.6,32.9,33.6,33.0,33.1,32.9,33.8,33.8,34.0,33.8,33.8,33.4,33.1,33.5,33.3,33.4,32.7,33.4,32.9,33.1,32.8,33.3,33.4,32.9,32.7,33.2,33.4,33.0,33.0,32.7,33.0,32.9,33.0,33.1,33.2,32.7,32.6,33.2,33.2,33.8,33.7,33.1,34.0,33.2,33.7,33.3,33.5,33.0,33.0,32.9,33.5,33.3,33.2,32.9,33.2,33.3,33.2,33.0,33.4,33.2,33.0,33.1,33.3,32.8,33.3,32.6,33.5,32.8,33.6,33.0,33.8,33.6,33.4,33.8,33.5,33.3,33.2,33.2,33.3,33.0,33.2,33.0,33.3,33.0,33.1,33.2,33.4,33.2,32.8,33.0,32.9,33.1,32.9,33.1,33.2,33.2,32.8,32.8,33.2,33.4,32.9,33.3,33.1,33.4,33.8,33.2,34.1,33.3,33.4,33.2,33.6,33.3,33.3,33.5,33.5,33.7,34.0,33.5,33.9,33.1,32.9,33.0,33.3,33.1,33.1,33.2,33.5,33.2,33.2,33.2,33.3,33.4,32.9,32.9,33.7,33.2,33.0,33.3,33.4,33.1,32.9,33.5,33.3,33.2,33.0,33.5,33.6,34.6,34.2,35.0,34.0,33.1,33.0,33.3,33.2,33.0,33.0,33.2,33.1,33.2,33.3,33.3,33.4,33.5,33.1,33.6,33.7,33.2,33.4,33.2,33.9,33.2,33.2,33.1,33.5,33.2,33.1,33.3,34.0,33.9,34.8,35.5,35.8,34.0,33.9,33.2,33.7,33.7,34.1,33.9,34.1,33.8,34.3,34.0,33.9,33.5,33.5,33.4,33.6,33.3,33.3,33.6,33.6,33.3,32.9,33.5,33.4,33.1,32.9,33.9,34.1,34.6,34.9,35.8,35.5,34.7,33.9,34.1,34.1,34.3,34.0,34.9,34.7,34.9,34.8,35.0,34.3,33.5,33.2,33.4,33.4,33.4,33.2,32.9,33.3,33.0,33.2,33.3,33.7,33.0,33.4,33.5,34.1,34.8,35.1,35.0,35.2,34.7,34.4,34.0,34.6,34.1,34.7,34.9,35.7,35.2,35.3,34.7,34.8,33.5,33.5,33.2,33.9,33.3,32.9,33.4,33.4,33.1,33.0,33.5,33.2,33.6,33.1,33.9,34.0,34.8,35.0,35.2,34.8,34.3,34.3,34.4,34.1,34.4,34.6,35.2,35.4,35.1,35.3,34.8,34.5,33.7,33.6,34.0,33.6,33.1,33.5,33.4,33.7,33.1,33.2,33.3,33.5,33.2,33.4,33.4,33.4,33.6,33.4,34.5,34.4,34.1,34.1,34.4,34.6,35.1,35.2,35.2,35.2,34.9,34.4,34.2,34.5,34.2,33.9,33.6,33.8,33.4,33.2,33.2,33.3,33.2,33.0,33.4,33.3,33.1,33.1,33.4,33.5,33.4,33.2,34.0,34.2,33.8,33.9,34.3,34.5,35.1,34.8,35.3,34.9,34.8,34.5,34.4,34.0,33.7,33.6,33.9,34.0,33.5,33.5,33.2,33.9,33.2,33.5,33.3,33.3,33.2,33.4,33.3,33.9,33.6,33.7,33.8,34.1,33.6,34.1,34.2,34.6,34.9,34.9,34.8,34.9,34.4,34.1,33.7,34.3,33.7,33.7,34.0,34.0,33.5,32.8,33.7,33.5,32.9,33.0,33.6,33.1,33.0,33.1,33.3,33.5,33.5,33.7,33.5,34.0,33.8,33.9,34.3,35.0,34.9,34.8,34.8,34.9,34.5,33.8,34.1,34.0,33.6,33.4,34.5,34.5,33.6,33.3,33.0,33.8,32.9,33.1,33.2,33.5,33.0,33.0,33.3,33.4,33.6,33.8,33.7,33.6,33.6,34.1,34.7,35.1,34.7,34.8,34.6,34.6,34.4,34.1,34.1,34.0,34.1,34.5,34.2,34.4,33.1,33.0,33.3,33.3,32.9,32.7,33.2,33.4,33.1,33.0,33.5,33.3,33.4,nan,33.8,33.5,33.7,33.9,34.8,35.0,34.6,34.7,34.5,34.4,34.2,33.8,34.0,34.2,34.4,34.0,34.7,34.7,33.4,33.3,33.2,33.6,32.9,33.4,33.3,33.7,33.0,33.4,33.2,33.6,33.3,33.6,33.9,33.9,34.3,34.4,35.2,35.3,34.1,34.3,34.2,34.3,33.7,33.6,33.7,34.1,34.0,34.1,34.3,34.6,33.1,33.1,33.1,33.0,33.1,32.9,33.2,33.3,33.2,33.0,33.5,33.3,33.4,33.4,34.2,34.2,34.7,34.9,35.2,35.1,34.0,34.0,34.2,34.1,33.8,33.5,34.0,34.2,34.0,33.6,34.2,34.5,33.0,33.5,33.0,33.4,33.1,33.4,33.0,33.7,33.4,33.5,33.4,33.9,33.4,33.8,33.9,34.6,35.0,34.7,34.9,34.5,33.6,34.0,33.9,33.9,33.6,33.7,34.1,34.5,34.5,33.9,34.0,34.1,32.9,33.5,33.4,32.9,32.9,32.8,33.0,33.3,33.3,32.8,33.4,33.7,33.5,33.7,34.6,34.8,34.7,34.7,34.2,34.4,33.3,33.5,33.9,33.7,33.6,33.5,34.0,34.1,34.2,33.8,34.1,34.5,33.6,33.2,32.7,33.5,33.3,33.0,33.3,33.5,33.2,33.6,33.6,33.9,33.2,33.7,34.1,34.5,34.4,34.3,33.9,34.3,33.2,33.8,33.6,33.9,33.9,33.9,34.1,34.2,33.7,33.6,34.5,34.8,33.5,32.8,33.6,33.2,32.7,33.5,33.4,33.4,33.2,33.2,33.4,33.6,33.4,33.4,33.8,33.6,33.8,34.0,34.1,33.8,33.7,33.6,33.5,34.0,33.6,33.7,34.0,34.1,33.6,33.7,34.2,34.6
1785310341.149205,687,34.7,33.7,34.4,34.1,33.9,33.5,34.0,33.4,33.4,33.5,33.5,33.7,33.3,33.4,33.5,33.4,33.5,33.4,32.9,33.2,33.2,33.0,33.3,33.3,32.9,33.1,34.0,33.3,33.6,33.4,33.8,33.7,33.9,34.1,34.7,34.2,33.6,33.3,33.2,33.7,32.9,33.6,33.3,33.7,33.1,33.3,33.2,33.6,33.1,33.3,33.6,33.5,32.9,32.7,33.2,33.2,33.0,33.2,33.3,33.6,33.5,33.3,33.3,34.0,34.4,33.9,34.2,34.0,33.6,33.6,33.4,33.5,33.1,33.0,33.3,33.4,33.4,33.1,33.4,33.1,33.4,33.1,32.9,33.1,33.1,33.1,32.8,33.3,33.3,33.2,33.5,33.4,33.4,32.9,33.3,33.6,33.3,34.2,33.6,34.2,33.2,33.3,33.3,33.5,33.4,33.6,33.6,33.3,33.6,33.0,33.6,33.3,32.7,33.0,33.3,33.4,33.2,33.2,33.3,33.0,33.1,32.7,32.9,33.4,33.1,33.2,33.7,33.6,34.2,33.7,33.5,33.4,33.6,33.3,33.3,33.5,33.4,33.4,33.4,34.0,33.3,33.8,33.3,33.5,33.2,33.0,33.3,33.0,33.1,33.2,33.2,33.7,32.7,33.1,33.1,33.7,33.1,33.4,33.2,33.6,33.4,33.6,33.8,33.9,33.3,33.4,33.3,33.2,33.3,33.5,34.2,33.3,34.4,33.2,34.0,33.4,33.1,33.2,33.2,33.4,33.2,33.0,33.1,33.2,33.1,33.3,33.2,33.7,33.2,33.0,33.3,33.9,34.0,33.5,33.6,33.8,33.5,33.2,33.6,33.4,33.4,33.6,33.6,34.7,34.2,35.1,33.5,34.3,32.9,33.4,33.2,33.8,33.2,33.7,33.3,33.9,33.1,33.5,33.6,33.1,33.2,33.3,33.5,33.4,33.5,33.4,33.3,33.4,33.1,33.2,33.3,33.5,33.2,33.2,34.5,34.4,35.0,34.9,34.9,33.6,33.3,33.1,33.7,33.3,33.8,32.9,33.9,33.4,33.9,33.3,33.8,33.6,33.1,33.5,33.6,33.9,33.8,33.0,33.6,33.5,33.5,33.2,33.4,33.8,33.7,33.3,35.0,34.8,35.5,35.0,35.3,34.8,33.5,34.1,33.8,34.4,34.0,34.8,34.0,34.9,34.2,34.2,33.8,33.9,33.1,33.5,33.5,33.6,33.5,33.5,33.6,33.8,33.1,33.3,33.9,33.7,33.4,33.4,34.5,34.9,34.7,35.5,34.8,35.2,34.2,33.8,34.4,34.4,35.0,34.4,35.4,35.0,35.1,34.6,34.4,34.0,33.7,33.7,33.4,33.3,33.6,33.4,33.7,33.7,33.2,33.2,33.4,33.7,33.7,33.4,34.8,34.4,35.3,34.7,34.8,34.4,34.3,34.5,34.3,35.0,35.3,35.3,36.0,35.4,35.2,34.4,34.3,34.1,33.7,33.7,33.6,33.9,33.5,33.3,33.4,33.8,32.9,33.3,33.5,33.5,33.6,33.7,33.7,34.9,34.0,35.2,33.9,34.7,34.0,34.4,34.6,34.7,34.9,35.2,35.2,35.7,34.6,34.8,34.4,34.2,33.4,33.2,33.4,33.8,33.7,33.3,33.3,33.5,33.5,32.9,33.5,33.6,33.4,33.4,33.5,33.9,34.4,33.6,34.5,34.4,34.4,34.5,34.7,35.4,35.0,34.9,35.4,34.7,34.5,34.1,34.4,34.3,34.0,33.7,33.8,33.7,33.4,33.3,33.2,33.4,33.2,33.3,33.2,33.4,33.1,33.1,33.4,33.8,33.5,34.1,33.8,34.2,34.1,34.1,35.1,35.4,34.6,35.1,34.6,34.8,34.3,34.3,33.7,34.3,33.4,33.8,33.5,34.2,33.7,33.3,33.3,33.7,33.5,33.3,33.5,33.8,33.4,33.4,33.9,34.1,34.1,33.6,33.9,34.2,34.2,34.5,34.9,35.1,35.0,34.4,35.1,34.3,34.1,33.6,34.2,33.9,33.7,33.5,34.2,34.3,33.0,33.4,33.3,33.7,33.4,33.2,33.4,33.8,33.1,33.8,33.3,34.0,33.7,33.8,34.0,34.0,34.6,34.3,34.7,35.5,34.6,35.0,34.5,34.7,33.9,34.0,34.3,34.4,33.7,34.1,34.6,34.7,33.3,32.8,33.6,33.2,33.5,33.1,33.5,33.7,33.5,33.0,33.4,33.9,34.0,33.7,33.9,34.6,34.5,35.0,35.2,34.6,34.9,34.1,34.9,34.1,33.9,33.6,34.2,34.3,34.1,34.1,34.6,34.6,33.5,33.6,32.9,33.5,33.2,33.0,33.2,33.6,33.3,33.6,33.3,33.8,34.0,nan,34.6,33.7,34.9,35.0,34.1,34.7,34.1,34.5,34.3,34.2,33.5,33.8,34.5,34.6,34.2,34.1,34.3,34.6,33.8,33.3,33.2,33.6,33.3,33.4,33.7,33.5,33.4,33.5,33.5,33.9,34.3,34.2,34.7,35.1,35.0,34.1,35.1,34.3,34.2,34.0,34.0,33.9,33.9,33.9,34.4,34.5,34.0,34.3,34.9,34.8,32.9,33.5,32.9,33.6,32.9,33.2,33.0,33.6,33.2,33.7,33.7,33.8,33.7,33.9,35.0,34.7,34.2,35.0,34.2,34.7,33.9,34.2,33.7,33.9,33.8,34.0,33.8,34.2,34.3,34.2,34.6,34.6,33.2,33.5,33.2,33.3,33.3,33.2,33.7,33.5,33.4,33.5,33.7,34.1,33.6,34.1,34.9,34.6,35.1,33.7,34.4,33.8,33.9,33.8,34.3,33.9,33.7,34.1,34.4,34.7,34.5,33.9,34.4,34.3,32.9,33.5,33.2,33.8,33.3,33.2,33.5,33.7,33.3,33.7,33.7,33.6,33.9,33.9,34.2,35.4,33.7,34.4,33.5,34.1,33.7,33.5,34.0,33.9,33.8,34.0,34.1,34.4,34.1,34.1,34.3,34.2,33.4,33.4,33.8,33.5,33.4,33.6,33.5,33.3,33.5,33.5,33.7,33.9,34.3,33.7,34.6,33.8,34.2,33.4,34.2,33.9,33.7,33.6,34.1,33.9,33.9,33.9,34.4,34.1,34.4,33.8,34.5,34.6,32.8,33.5,33.6,33.8,32.9,33.5,33.4,33.7,33.0,33.5,33.4,33.9,33.6,34.1,34.1,34.3,33.6,33.9,33.7,33.8,33.5,33.9,33.5,33.9,33.7,34.1,34.2,34.1,33.8,33.9,34.2,34.8
1785310343.7341275,688,34.0,34.7,33.5,34.7,33.6,33.9,33.5,34.4,33.3,34.4,33.2,34.2,33.1,33.7,33.1,33.5,32.7,32.9,32.9,33.9,33.1,33.3,32.8,33.4,33.2,33.4,33.3,33.8,33.7,33.8,32.9,33.8,34.3,33.7,34.8,33.4,34.4,33.0,34.1,33.6,34.0,33.5,34.0,33.1,33.7,33.0,33.5,33.0,33.4,32.9,33.7,32.7,33.3,32.8,34.1,33.2,33.1,33.1,33.4,33.1,33.8,33.4,33.4,33.2,33.8,34.0,33.4,34.3,33.7,33.9,33.5,34.2,33.2,34.0,33.1,34.1,33.2,33.2,32.7,33.4,32.8,33.4,32.8,33.2,33.0,33.4,32.8,33.2,33.3,33.1,33.0,33.5,32.9,33.3,32.8,33.9,33.9,33.4,34.1,33.9,33.8,33.2,33.9,33.3,33.5,33.2,33.5,33.2,33.4,32.9,33.2,33.1,33.0,33.1,33.3,32.8,33.5,33.1,33.7,32.9,33.6,32.9,33.0,33.7,33.0,33.3,33.1,33.3,33.2,33.8,33.2,34.6,33.5,33.2,33.2,33.6,33.1,33.3,33.1,33.4,33.1,33.5,32.9,33.4,33.1,33.1,33.1,33.3,33.3,33.3,33.0,33.3,33.1,33.0,33.1,33.2,33.1,33.3,33.1,33.9,33.7,33.3,33.5,33.4,33.5,33.3,33.5,33.6,33.1,33.4,33.6,33.1,33.3,33.0,33.6,33.2,33.5,32.7,33.0,33.2,33.3,33.0,33.4,33.1,33.4,32.9,33.5,33.3,33.5,33.2,33.4,33.4,33.9,33.4,33.3,33.8,33.3,33.3,34.1,33.5,33.9,33.5,33.2,33.6,33.3,33.3,32.8,33.5,33.4,32.7,33.1,33.5,33.3,33.2,32.9,33.1,33.3,32.9,33.5,33.2,33.2,33.4,33.2,33.3,33.4,33.6,33.6,33.5,33.4,33.7,33.8,34.3,33.3,34.3,33.3,33.4,33.2,33.4,33.5,33.4,33.2,33.2,33.2,33.3,33.2,33.1,33.2,33.4,33.0,33.0,33.2,33.0,32.8,33.2,33.9,33.2,33.3,33.5,33.3,34.0,33.9,33.1,34.8,33.8,35.1,33.4,34.1,34.1,34.0,33.5,33.8,33.3,33.7,33.4,33.3,33.2,33.0,33.0,33.0,33.5,33.3,32.8,33.0,33.3,33.0,33.2,33.1,33.7,33.4,33.6,33.9,33.5,33.2,33.9,33.6,34.9,33.6,34.7,33.8,34.4,33.4,34.2,33.5,34.1,33.2,33.6,33.1,33.4,33.3,33.0,33.0,33.4,33.2,33.2,33.1,33.2,33.2,33.1,33.1,33.1,33.3,33.2,33.4,33.8,33.9,33.5,34.4,34.1,35.1,33.6,34.4,34.0,34.5,33.9,34.6,33.9,34.9,33.2,34.0,33.2,33.1,33.2,33.1,33.5,33.3,33.2,33.1,33.4,33.4,33.1,32.9,33.8,33.9,33.4,33.1,33.3,33.0,34.0,33.6,34.4,33.9,34.5,33.9,34.6,33.8,34.8,33.5,35.2,33.4,34.8,33.4,33.9,33.3,33.3,33.2,33.4,33.2,33.3,33.5,33.1,32.9,33.2,33.2,33.1,33.2,33.6,33.5,33.6,33.8,33.5,33.9,34.3,34.5,34.1,34.1,34.3,34.8,33.7,35.3,34.4,35.1,33.7,33.8,33.6,33.4,33.3,32.9,33.4,33.3,33.0,33.1,33.3,33.1,33.1,33.3,33.7,33.3,33.3,33.6,33.4,33.8,33.6,33.7,34.0,33.7,34.2,34.0,34.4,34.1,35.4,34.4,35.2,33.8,34.6,33.5,33.8,33.3,33.3,33.8,33.5,33.4,33.4,33.3,33.4,32.8,33.2,33.2,33.1,33.6,33.8,33.3,33.5,33.6,33.4,33.8,34.1,33.8,34.0,34.2,34.5,35.0,34.5,35.0,34.8,34.5,34.3,34.2,34.1,33.2,33.2,33.5,33.5,33.5,33.5,33.3,33.7,33.6,33.3,33.1,33.7,33.4,33.6,33.6,33.4,33.2,33.3,33.7,34.1,33.7,33.6,34.6,34.7,34.4,34.9,34.5,34.6,34.6,33.7,34.0,34.2,33.4,33.8,33.8,33.5,33.4,33.4,33.5,33.6,33.1,33.5,33.4,33.6,33.4,33.2,33.1,34.1,33.4,33.5,33.8,33.8,34.2,34.0,34.7,34.7,34.8,35.0,34.3,35.0,33.8,34.3,33.9,34.5,33.8,33.9,33.7,34.0,33.5,33.3,33.3,33.4,33.5,33.3,33.5,33.7,33.4,33.3,33.2,33.2,33.5,33.5,33.7,33.9,33.9,34.6,34.1,34.6,34.8,nan,34.6,34.1,34.4,33.8,34.7,33.7,34.4,33.8,33.9,33.5,33.8,33.6,33.7,33.4,33.6,33.7,33.8,33.6,33.5,33.4,33.3,33.7,33.4,33.7,34.0,34.3,34.4,34.3,34.5,34.7,34.2,34.8,33.9,35.0,33.9,34.8,34.2,35.2,34.2,34.2,33.8,34.0,34.0,33.5,34.0,34.3,33.4,33.6,33.8,33.9,33.2,33.2,33.2,33.5,33.2,33.5,33.9,34.1,34.1,34.8,34.3,33.9,34.3,33.7,35.1,34.0,34.8,34.2,35.1,34.4,34.5,34.1,34.3,34.3,33.8,33.9,33.9,33.8,33.3,33.7,33.9,33.7,33.6,33.6,32.9,33.9,33.8,33.7,33.6,34.4,34.4,34.2,34.0,34.7,33.7,34.4,33.5,34.9,34.1,34.7,34.5,35.4,34.4,34.6,34.6,34.6,33.9,34.0,34.0,34.1,34.4,33.6,33.5,34.0,33.4,33.6,33.5,33.5,33.8,33.9,34.2,34.2,34.3,34.2,34.2,33.8,34.3,33.7,34.7,33.9,34.7,34.2,35.0,34.2,34.5,34.2,34.8,34.0,33.6,34.1,33.7,34.7,33.5,33.7,33.8,34.1,33.3,33.3,33.9,34.3,33.8,33.7,33.6,34.4,33.5,34.2,33.7,34.4,33.9,34.5,34.0,34.8,33.8,34.7,34.0,34.9,34.4,34.4,34.6,34.6,34.4,34.2,34.8,34.1,34.6,33.5,34.2,34.5,33.6,33.4,33.5,33.8,33.6,33.6,34.1,33.9,34.3,33.3,34.3,33.9,34.4,33.5,34.4,33.7,34.4,33.9,34.8,34.3,34.6,34.2,34.6,34.4,34.1,34.2,34.0,34.5,33.5,34.2,34.1,34.7
1785310346.245461,689,34.0,34.1,34.0,34.0,33.6,33.9,33.7,33.3,33.5,33.8,33.4,33.0,33.3,33.1,33.1,33.1,32.7,33.1,33.1,33.1,32.7,33.0,33.2,33.0,33.2,32.8,33.3,32.9,33.5,32.9,33.6,33.3,33.5,34.0,34.3,34.1,33.7,33.2,32.9,33.6,33.1,33.7,33.3,33.7,33.0,33.0,32.6,33.2,32.7,33.0,33.1,33.4,33.0,33.0,32.7,33.1,33.1,32.9,33.2,33.1,33.4,33.2,33.1,34.1,34.3,34.3,34.1,34.3,33.7,33.5,33.5,33.2,33.2,33.4,33.5,33.3,33.2,33.0,33.0,32.8,33.2,33.2,33.0,32.7,33.2,32.9,33.3,33.2,33.1,33.0,33.0,33.3,33.3,33.0,33.5,33.5,33.9,33.8,34.4,34.4,33.3,33.2,33.3,33.4,32.9,33.2,33.4,33.7,32.9,33.1,33.2,33.3,32.5,33.0,32.8,33.0,33.3,33.1,32.8,33.3,33.4,32.9,32.8,33.3,33.0,33.1,33.6,33.7,34.3,34.5,34.5,33.9,33.5,33.2,33.2,33.4,33.1,33.2,33.1,33.4,33.1,33.0,33.0,32.9,32.9,33.0,32.9,32.8,32.9,33.1,33.2,33.3,33.2,33.2,32.9,33.2,33.0,33.1,33.3,33.5,34.4,34.2,33.9,34.4,33.5,33.3,33.3,33.4,33.3,32.9,33.6,33.3,32.8,32.8,32.8,33.2,32.9,32.5,33.0,33.2,33.0,32.8,32.9,33.3,33.1,33.3,32.9,33.2,32.7,32.8,33.0,33.2,33.9,34.1,33.7,33.4,33.3,33.3,33.5,33.2,33.2,33.2,33.4,32.9,33.3,33.1,33.2,33.2,32.9,32.9,33.0,32.9,33.2,32.8,32.9,33.0,33.1,33.1,33.2,33.2,33.1,33.2,33.6,32.9,33.1,33.8,33.6,33.9,33.2,33.2,33.4,33.3,33.1,33.1,32.9,33.5,32.9,32.9,33.1,33.2,32.8,32.9,32.9,32.9,33.1,33.0,33.0,33.0,33.0,32.9,33.0,33.3,33.0,33.0,33.1,33.8,33.7,33.5,33.5,33.6,33.7,33.3,33.2,33.4,33.3,33.1,33.4,33.3,33.0,33.0,33.3,33.3,33.3,33.2,33.2,32.9,33.0,33.2,32.8,33.0,32.9,32.8,33.2,33.1,33.2,33.2,33.4,33.5,33.7,33.6,33.3,33.7,33.0,33.4,33.3,33.5,33.6,33.0,32.8,33.5,33.1,33.2,33.1,32.9,33.2,33.1,33.1,33.4,32.9,33.1,33.2,33.3,33.4,33.2,32.9,33.6,32.9,33.1,33.3,33.2,33.7,33.6,33.6,33.0,33.1,33.5,33.5,33.3,33.3,33.1,33.3,33.4,33.2,32.9,33.3,33.2,33.2,33.4,33.3,33.2,33.1,33.2,33.1,33.0,33.3,33.5,33.2,33.2,33.4,33.1,32.9,33.2,33.7,33.2,33.1,33.1,32.9,33.2,33.3,33.3,33.6,33.5,34.2,33.7,33.6,33.1,32.9,33.1,33.0,33.1,33.1,33.3,33.1,33.3,33.0,33.2,33.2,33.2,33.0,33.1,33.5,33.0,33.2,33.3,33.6,33.2,33.5,33.4,33.4,33.4,33.1,33.4,33.3,34.0,34.0,35.3,34.2,34.3,33.5,34.4,33.5,34.0,33.5,34.7,33.5,33.4,33.5,33.4,33.0,33.4,33.4,33.3,33.6,33.1,33.3,33.5,33.1,33.3,33.4,33.8,33.5,33.6,33.0,33.7,34.2,33.9,34.9,34.7,34.9,34.6,34.4,34.0,34.2,33.8,34.7,34.2,33.9,33.5,33.4,33.5,33.5,33.3,33.5,33.6,33.1,33.0,33.4,33.7,33.4,33.4,33.5,33.7,33.3,33.2,33.8,33.6,33.8,34.5,35.1,35.3,35.3,34.8,34.5,34.4,34.2,34.8,35.0,35.5,35.0,34.2,33.7,33.2,33.2,33.2,33.3,33.7,33.3,33.1,33.9,33.7,33.6,33.6,33.4,33.6,33.4,33.3,33.4,33.7,33.4,33.7,34.6,35.5,34.6,34.9,34.2,34.5,34.6,34.7,35.2,35.6,34.2,34.4,33.9,33.6,33.4,32.9,33.2,33.6,33.3,33.4,33.4,33.8,33.6,33.6,33.5,33.7,33.4,33.4,33.6,33.4,33.3,33.6,34.0,34.2,34.6,34.0,34.5,34.4,34.5,35.0,35.3,35.0,35.1,34.1,33.9,33.7,33.3,33.5,33.6,33.4,33.6,33.6,33.7,33.9,33.4,33.9,33.2,33.8,33.4,33.3,33.4,33.5,33.4,33.6,33.9,34.4,33.8,nan,33.9,34.8,34.4,35.1,34.6,35.8,34.1,34.3,33.9,34.5,33.8,33.1,33.7,33.6,33.4,33.3,33.8,34.4,33.7,33.8,33.7,33.7,33.4,33.4,33.6,33.6,33.5,33.5,33.8,34.0,33.7,33.7,34.4,34.7,34.7,34.5,34.8,34.4,34.5,34.1,33.8,34.2,33.8,34.4,34.2,34.6,33.8,33.8,33.6,33.9,33.4,33.2,33.0,33.7,33.2,33.5,33.3,33.6,33.1,33.6,33.5,34.3,34.0,34.1,34.1,34.6,34.6,35.0,34.5,35.0,34.1,34.0,34.0,34.2,34.3,33.6,34.3,34.1,34.1,33.7,34.1,33.7,33.6,33.1,33.5,33.5,33.6,33.3,33.6,33.3,33.5,33.3,33.9,33.9,33.9,34.1,34.5,35.2,35.1,34.0,34.9,34.2,34.0,33.7,34.2,34.2,34.6,34.2,34.4,34.3,34.2,34.0,34.1,34.2,33.4,33.4,33.3,33.7,33.4,33.7,33.6,33.8,33.4,33.4,33.8,33.8,34.0,33.8,35.0,34.9,34.0,34.7,34.1,34.5,33.6,34.0,34.3,34.7,33.7,34.5,34.1,34.5,33.9,34.1,34.0,34.6,33.2,33.3,33.5,33.2,33.2,33.5,33.8,33.4,33.5,33.8,33.9,33.9,34.0,34.5,35.1,34.8,34.4,33.7,34.0,33.7,33.9,33.9,34.4,34.0,34.4,33.8,34.6,34.1,34.2,34.2,34.4,34.7,33.1,33.4,33.3,33.7,33.0,33.4,33.3,34.1,33.2,33.3,33.7,34.1,33.9,33.9,34.1,34.7,33.3,34.1,33.7,34.1,33.7,33.7,33.8,34.2,34.1,34.2,33.8,34.6,33.8,34.6,34.5,34.7
1785310348.8536088,690,34.0,34.1,33.0,33.7,33.4,33.6,33.2,33.5,33.3,33.2,33.0,33.0,32.9,33.1,33.1,33.1,32.7,32.8,32.9,33.3,32.9,33.0,32.6,33.4,33.4,33.0,33.1,33.6,33.7,33.3,33.4,33.3,34.3,33.5,33.9,33.4,33.1,33.7,33.1,33.2,33.5,33.1,33.3,32.9,33.0,32.9,33.0,33.2,32.8,33.0,33.0,32.7,33.2,32.7,32.7,33.2,33.3,32.9,33.2,33.1,33.6,33.0,32.9,33.4,33.6,34.0,33.1,33.9,33.3,32.9,32.9,33.6,33.0,33.3,32.9,33.2,32.8,32.8,32.8,33.0,33.0,32.9,32.6,33.2,33.0,33.3,33.0,33.2,33.1,33.1,32.6,32.7,33.4,33.0,32.8,33.2,33.9,33.8,33.5,33.2,33.1,33.0,33.3,33.3,33.5,33.2,33.2,33.0,32.7,32.9,32.7,33.1,32.8,33.0,33.1,33.3,32.9,33.3,33.2,33.3,33.0,32.9,32.8,33.1,33.2,33.3,33.3,33.8,33.4,33.6,33.2,33.5,33.1,33.4,33.0,33.4,33.5,33.2,33.1,33.1,33.1,33.1,32.9,33.0,33.3,33.0,33.1,33.0,33.4,33.1,33.0,33.1,33.2,33.2,32.7,33.2,33.5,33.3,32.9,33.3,33.3,33.3,33.5,33.2,33.3,33.1,33.3,33.5,33.5,33.6,32.9,33.5,33.0,33.2,33.0,33.5,33.0,33.4,33.0,33.4,33.0,33.0,32.7,33.3,33.1,32.9,32.9,33.6,33.1,33.4,33.2,33.2,33.9,33.4,33.1,33.6,33.3,33.3,33.9,33.3,34.9,33.4,34.4,33.3,34.4,33.1,34.1,33.3,34.6,32.9,33.8,33.2,33.5,33.5,33.1,33.0,33.3,32.9,33.0,33.2,33.3,33.2,33.4,33.4,33.4,33.1,33.4,33.3,33.2,33.2,33.2,34.2,33.6,35.3,33.1,34.7,33.1,34.0,33.1,34.7,33.1,35.1,33.1,33.3,33.3,32.9,33.0,33.2,33.0,33.2,33.2,33.3,33.0,33.2,33.1,33.4,33.1,33.5,33.1,33.6,33.3,33.5,33.9,34.1,35.1,34.4,34.6,33.9,34.3,33.7,34.6,33.7,35.4,33.7,34.3,33.4,33.3,33.4,33.2,32.8,33.3,33.0,32.8,33.3,33.0,33.1,32.9,33.1,33.5,33.2,33.3,33.5,33.2,33.2,33.6,34.0,34.9,34.7,34.3,34.4,33.7,34.0,33.7,35.2,33.9,35.1,33.5,34.1,32.9,33.6,33.0,33.3,33.0,33.6,33.1,33.4,33.3,33.3,32.9,33.3,33.7,33.2,33.2,33.2,32.9,33.7,33.5,34.3,33.8,35.3,33.6,34.8,33.8,34.3,34.6,34.7,34.9,34.8,33.8,33.9,33.7,33.2,33.3,33.0,33.4,33.0,33.2,33.2,33.4,33.1,33.7,33.4,33.5,33.2,33.3,33.3,33.4,33.1,33.8,33.3,34.4,33.7,34.7,33.6,34.2,34.1,34.4,34.9,35.2,34.2,33.9,33.6,33.3,33.8,33.2,34.1,33.0,33.8,33.3,33.6,33.3,33.3,33.2,32.7,33.6,33.2,33.3,33.2,33.4,33.4,33.1,33.6,33.5,34.5,33.3,34.3,34.0,34.0,34.8,35.3,34.5,35.0,33.5,33.9,33.9,33.7,34.0,33.2,34.0,33.2,33.8,33.2,34.0,33.1,33.3,33.7,33.3,32.9,33.2,33.4,33.1,33.4,33.3,33.2,33.9,33.4,34.0,33.6,34.1,34.1,34.5,34.5,34.7,34.0,33.8,33.5,33.6,33.9,33.6,33.8,33.2,33.9,33.5,33.9,33.5,33.7,33.2,33.9,33.2,33.4,33.1,33.7,33.3,32.9,32.9,33.6,33.5,33.7,33.7,34.0,34.7,34.3,34.2,34.8,33.7,34.5,33.5,33.9,33.8,33.7,34.0,33.9,33.8,33.5,33.8,33.7,33.8,33.3,33.9,33.7,33.4,32.9,33.2,33.2,33.0,33.3,33.2,33.2,33.4,33.4,33.8,34.1,34.1,34.9,34.4,33.7,34.1,33.7,33.7,33.8,33.4,33.7,34.1,34.0,34.1,33.8,33.7,33.8,33.3,33.9,33.6,34.2,33.4,33.4,33.1,33.7,33.0,33.4,33.1,33.3,33.3,33.3,33.4,33.7,34.6,34.3,33.2,34.4,33.2,33.9,33.2,33.9,33.7,33.9,33.4,34.0,33.5,33.7,34.2,34.3,34.2,33.6,33.5,33.7,33.2,33.1,33.2,32.6,33.6,33.0,33.2,33.2,33.4,33.3,33.8,33.6,34.3,nan,34.1,33.0,34.0,33.3,33.4,33.5,33.6,33.6,33.9,33.3,33.8,33.2,33.9,33.8,33.7,33.9,33.8,33.8,33.1,33.2,32.9,33.5,33.1,33.4,32.9,33.6,33.1,33.1,33.3,34.2,33.2,34.5,33.2,33.9,33.5,33.4,33.4,33.6,33.4,34.1,33.5,33.9,33.3,33.9,33.8,34.1,33.8,33.7,33.8,34.1,33.0,33.0,33.0,32.9,33.2,33.0,33.0,33.1,33.5,33.3,33.6,33.4,34.5,33.2,34.0,33.6,33.3,33.4,33.3,33.4,33.7,33.1,33.6,33.8,33.4,33.4,34.3,33.6,33.5,33.5,33.9,33.9,33.3,33.2,32.9,33.5,33.0,32.6,32.9,33.6,33.0,33.5,32.8,34.0,33.4,33.9,33.2,33.4,33.4,33.4,33.3,33.7,33.3,33.6,33.5,33.7,33.5,33.7,33.4,34.3,34.4,33.6,34.3,34.3,33.0,32.9,33.3,33.5,33.2,33.3,33.4,33.4,33.3,33.1,33.5,32.9,33.3,33.3,33.5,34.0,33.0,33.3,33.3,33.5,33.3,33.0,34.0,33.5,33.2,33.6,33.9,34.0,33.7,34.5,34.2,34.6,33.3,33.3,33.2,33.7,33.4,33.3,33.0,33.2,33.5,33.1,33.0,33.7,33.0,33.5,33.0,33.7,33.5,33.3,33.5,33.7,33.5,33.4,33.1,33.6,33.9,33.7,33.8,34.1,33.8,34.2,34.2,34.7,33.1,33.2,33.5,33.3,33.0,33.0,33.1,33.5,33.2,33.1,33.4,33.2,33.4,32.7,33.5,32.8,33.4,33.0,33.3,33.6,33.5,33.3,33.3,33.5,33.9,33.5,34.0,33.9,34.0,34.0,34.5,34.0
1785310351.3150218,691,34.3,33.3,33.3,33.5,33.6,33.0,33.3,33.3,33.2,32.8,32.6,33.3,32.9,32.6,33.1,32.8,33.3,32.6,32.7,33.0,33.1,32.6,32.6,32.9,33.0,32.9,32.9,33.2,33.5,32.6,32.9,33.0,33.3,33.5,33.1,32.9,33.3,33.5,33.1,33.2,32.9,33.3,32.7,32.9,32.9,33.1,32.8,33.0,32.7,32.9,33.0,32.9,32.8,32.9,32.9,32.8,32.9,33.4,33.0,33.1,32.9,33.2,32.9,33.2,33.1,33.3,32.9,33.2,33.7,33.1,33.0,33.2,33.4,32.5,32.8,33.0,33.0,32.8,32.8,32.9,33.0,32.9,33.0,33.1,33.0,32.7,32.8,33.1,32.9,32.6,33.0,33.3,33.4,32.6,32.8,33.5,33.5,33.4,33.0,33.3,33.0,33.2,33.1,33.3,33.3,33.0,33.2,32.9,32.7,32.9,32.7,33.0,32.6,33.3,33.1,33.2,33.5,33.3,32.9,33.3,32.8,32.9,33.1,33.1,32.8,33.1,32.9,33.1,33.4,33.1,33.0,33.1,33.6,33.0,33.4,33.3,34.1,33.2,33.0,32.7,33.3,32.8,33.2,33.1,33.6,32.8,33.4,32.8,33.1,32.6,33.0,33.1,33.2,33.1,32.9,33.0,33.5,33.1,32.7,33.0,32.8,33.5,32.9,32.8,32.9,32.9,33.1,33.8,34.2,34.8,33.1,33.3,32.7,33.8,33.3,33.6,33.2,33.9,33.2,33.5,32.7,33.3,32.7,33.0,32.6,33.3,33.0,33.1,32.6,33.2,33.2,33.2,33.9,33.0,32.9,33.4,33.5,33.3,33.9,34.1,34.9,35.3,34.9,34.5,34.6,33.8,34.0,34.0,35.0,34.3,33.8,33.4,33.5,32.9,33.0,33.0,33.3,32.8,33.2,33.1,33.4,33.0,33.2,32.9,33.2,33.6,32.8,33.1,33.0,33.6,34.0,34.3,34.8,35.3,34.8,34.7,34.0,34.4,34.5,34.7,34.5,35.2,34.0,33.6,32.9,32.9,33.2,33.0,32.8,33.6,33.1,33.2,33.2,33.2,33.3,33.2,33.3,33.1,33.0,33.4,33.3,32.9,33.6,34.1,34.6,34.8,34.6,34.6,34.3,34.0,34.8,35.3,34.9,35.1,34.1,33.7,33.7,33.1,33.2,33.2,32.8,33.0,33.0,33.3,33.2,32.9,33.1,33.4,33.0,33.6,32.9,33.1,32.7,33.2,33.5,33.5,34.2,34.2,34.3,34.1,33.9,34.4,34.8,34.9,35.1,34.7,34.2,33.8,33.4,33.3,33.2,33.6,33.2,33.4,33.1,33.1,32.9,33.1,32.9,33.5,33.5,33.2,33.1,33.4,33.1,33.0,32.7,33.5,33.8,33.7,33.6,33.9,34.2,34.0,34.6,35.2,34.8,34.2,33.7,33.9,34.0,33.4,33.7,33.6,33.8,33.2,33.6,33.4,33.1,32.9,33.1,33.1,33.3,33.2,33.2,33.0,33.1,33.1,33.0,33.3,33.8,33.5,33.6,33.6,33.9,34.1,34.7,34.7,34.1,34.1,33.6,33.5,33.5,33.8,33.4,33.8,33.4,33.9,33.2,33.6,33.3,33.2,33.2,32.9,33.4,33.4,33.1,33.5,33.4,33.4,32.9,33.6,33.2,33.2,33.2,33.5,34.0,33.7,34.3,34.9,34.4,33.9,33.4,33.8,33.7,33.8,33.9,33.7,34.2,33.7,33.8,33.7,34.0,33.3,33.7,33.5,32.9,33.1,32.8,33.2,32.8,33.3,33.0,33.2,33.1,33.2,33.7,33.6,33.6,34.6,34.4,34.2,33.6,33.8,33.3,33.6,33.8,34.1,34.1,34.0,33.7,33.9,33.3,33.8,33.3,33.5,33.4,33.5,33.7,32.8,32.9,33.3,33.3,32.7,33.1,33.4,33.5,33.2,34.0,33.9,34.8,34.8,33.7,33.9,33.7,33.4,33.4,33.8,33.5,33.7,33.9,33.7,33.5,33.4,33.5,34.0,34.2,33.3,33.3,34.5,32.8,33.0,32.8,33.3,32.9,33.0,33.0,33.4,33.1,33.2,33.3,33.9,34.5,34.6,33.3,33.7,33.2,33.5,33.2,33.4,33.6,33.8,33.6,33.8,33.4,33.8,33.7,33.8,33.3,33.9,33.8,33.8,33.0,33.0,32.9,33.1,33.0,32.6,32.9,33.3,33.1,33.2,33.0,33.7,34.2,34.0,33.2,33.6,33.5,33.3,33.1,33.4,33.5,33.1,33.2,33.0,33.5,33.4,33.5,33.7,33.7,33.9,33.7,33.7,32.6,32.7,32.6,32.9,32.6,32.8,33.2,32.8,33.1,33.3,33.4,33.1,33.8,nan,33.1,33.2,32.8,33.4,33.1,33.2,33.1,33.2,33.1,33.3,33.3,33.3,33.6,33.6,33.6,33.9,33.8,33.8,33.1,33.0,32.9,33.5,33.3,32.5,32.9,32.9,33.3,33.0,33.2,33.4,33.4,33.4,33.6,33.2,33.2,33.1,33.2,33.3,33.2,33.4,33.5,33.5,33.5,32.8,33.3,33.9,33.8,33.9,33.8,34.1,32.6,33.4,33.0,33.1,32.8,33.0,32.8,32.9,32.8,33.1,32.8,33.3,33.2,33.2,33.2,33.3,33.0,33.2,33.0,33.4,33.2,33.2,33.5,33.7,33.1,33.4,33.5,33.6,33.7,33.5,33.9,34.4,33.4,33.2,32.9,33.5,33.1,32.8,32.9,33.1,33.4,32.6,33.0,33.2,33.2,33.1,33.2,33.4,33.4,33.2,33.2,33.4,33.5,33.2,33.4,33.5,33.5,33.1,33.2,33.7,34.2,34.0,34.4,34.9,32.6,33.4,32.9,33.1,33.0,33.4,33.1,33.5,32.9,33.0,33.2,33.3,33.0,33.2,33.3,33.7,33.0,33.5,33.5,33.5,33.1,33.3,33.5,33.3,33.2,33.6,33.5,34.0,33.7,34.5,34.9,34.8,33.5,33.1,33.3,33.2,33.2,33.3,33.4,33.2,33.1,33.0,32.8,32.8,33.2,32.8,32.6,33.6,33.3,33.4,33.5,33.5,33.4,33.2,33.1,33.5,33.9,33.1,33.4,33.7,34.2,33.6,34.0,34.5,32.7,33.0,32.9,33.1,33.2,33.2,33.3,33.5,32.8,33.1,32.8,33.2,32.9,32.9,33.0,33.2,32.8,33.2,33.2,33.4,33.3,33.4,33.5,33.3,33.1,33.7,33.0,33.5,33.6,33.8,33.9,34.0
1785310353.8709948,692,34.3,34.2,33.8,33.5,33.4,33.3,33.1,33.6,33.0,33.4,32.7,32.9,32.8,32.6,32.8,33.0,32.6,33.0,33.1,33.2,33.2,33.0,32.7,33.1,33.1,33.1,32.7,33.0,33.3,33.4,32.7,33.1,33.9,34.3,33.4,33.4,33.1,33.5,33.4,33.4,33.5,33.3,33.0,32.8,32.5,32.7,33.0,32.9,32.5,32.9,33.0,33.1,32.9,32.9,33.0,33.2,33.4,33.0,33.2,33.3,33.4,33.2,33.0,33.0,33.9,33.8,33.2,33.7,32.9,33.4,33.0,33.3,32.9,33.0,32.8,33.2,32.5,32.7,32.7,32.7,32.2,32.9,32.5,32.8,32.7,33.0,32.8,33.1,32.8,33.0,32.8,32.9,33.2,33.3,33.3,33.1,33.8,33.6,33.3,33.5,33.2,32.4,33.1,33.3,33.2,32.7,33.1,33.1,33.0,33.1,32.8,33.0,32.5,32.7,32.8,32.9,33.0,32.8,32.9,33.1,33.2,32.9,32.7,33.0,32.9,32.9,32.9,33.1,33.5,33.7,32.8,33.5,33.2,33.0,32.7,33.1,32.7,33.2,32.8,32.9,33.1,33.2,32.9,32.8,33.0,33.0,32.9,32.9,32.7,32.8,32.7,32.6,32.9,33.1,32.7,33.1,32.9,33.3,32.9,33.3,32.9,33.1,33.1,33.0,33.1,33.0,33.0,33.2,33.0,33.1,33.1,33.0,32.9,33.1,32.9,33.3,33.1,33.2,33.0,33.1,32.9,32.9,32.6,32.8,33.0,33.0,32.8,33.1,33.4,32.8,32.6,33.0,33.1,33.5,32.8,33.4,32.9,33.5,33.4,33.4,33.9,33.3,32.9,33.3,33.0,33.2,33.0,33.1,33.1,33.4,32.9,33.3,33.1,33.2,32.8,32.9,33.1,32.7,32.5,33.3,32.8,33.0,32.8,33.0,33.4,32.9,33.2,33.1,33.2,33.0,33.8,33.9,34.0,34.4,33.2,33.4,33.0,33.4,33.1,33.1,32.8,33.1,33.3,33.0,33.1,32.8,32.9,32.9,33.2,33.3,33.1,33.0,32.9,32.9,33.1,33.0,33.2,33.2,33.4,33.5,33.2,33.5,33.3,34.3,35.0,34.8,34.8,34.2,34.2,33.9,33.9,34.4,34.4,33.8,33.4,33.1,33.1,33.1,33.1,32.9,33.0,33.1,32.9,33.0,33.1,33.1,32.9,32.8,33.3,33.3,33.1,33.4,33.3,33.1,34.2,34.0,35.4,35.4,34.5,34.6,34.2,33.9,34.7,34.6,34.2,34.6,33.3,33.3,33.3,32.9,33.1,33.2,32.8,32.8,33.2,33.3,33.3,33.0,33.0,33.3,32.9,33.0,33.1,33.3,33.2,33.4,33.4,34.7,34.5,34.8,34.5,34.4,34.0,35.0,34.7,35.4,35.0,34.2,33.7,33.1,33.1,32.9,33.4,32.9,33.2,33.1,33.1,32.9,33.0,33.2,32.6,33.1,33.3,33.1,33.2,33.2,33.3,32.9,33.5,33.6,34.5,34.1,34.3,34.1,34.5,34.3,35.0,35.1,34.6,34.3,33.3,33.7,33.0,33.3,33.1,33.3,33.1,33.1,33.0,32.9,33.2,33.0,33.2,33.2,33.5,33.4,33.3,33.3,33.3,33.4,33.3,33.6,33.5,33.9,33.9,34.0,34.1,34.5,34.9,34.7,34.2,34.4,33.6,33.8,33.8,33.6,33.4,33.1,33.2,33.1,32.9,33.4,33.5,33.2,33.6,33.3,32.9,32.9,32.8,33.2,33.0,33.1,33.6,33.1,33.9,33.6,33.9,33.6,34.2,34.3,34.4,34.7,33.7,33.9,33.4,33.7,33.2,33.5,33.3,33.4,33.3,33.3,33.2,33.4,32.8,33.0,33.2,33.2,33.1,33.4,33.1,33.5,33.1,33.1,33.1,33.6,33.7,33.9,33.6,34.3,34.4,34.7,34.4,34.1,33.8,33.8,33.4,34.0,33.6,33.9,33.9,33.4,33.9,33.6,33.3,33.5,33.0,33.4,33.4,33.5,32.6,33.2,33.3,33.1,32.9,33.0,33.6,33.6,33.5,33.6,34.0,33.8,34.3,34.5,34.1,34.2,34.0,33.7,34.1,33.9,34.1,34.2,34.0,34.2,34.0,33.8,33.8,33.8,33.0,32.9,33.4,33.5,32.9,33.0,33.1,33.4,33.3,33.1,33.3,33.3,33.5,33.9,33.7,34.6,34.7,34.2,33.6,33.9,33.6,33.6,33.8,33.9,33.7,34.0,33.8,33.8,33.9,33.6,33.3,33.6,33.7,33.3,33.2,33.5,33.3,33.1,33.0,32.9,33.2,33.0,33.4,33.4,33.3,33.5,34.5,34.3,34.2,nan,33.7,33.7,33.5,33.4,33.7,33.7,33.7,33.9,34.0,33.7,33.8,33.6,33.8,34.0,33.6,33.6,33.7,34.0,32.7,32.8,33.4,33.4,32.9,33.1,33.1,33.3,33.0,33.7,33.9,34.1,33.3,33.4,33.3,33.4,33.4,33.6,33.4,33.8,33.3,33.3,33.2,33.9,33.5,33.6,33.5,34.0,33.8,34.1,34.0,34.3,32.9,33.0,33.3,33.3,32.7,32.8,33.0,33.5,33.5,33.5,33.7,33.6,33.6,33.4,33.2,33.2,33.2,33.4,33.6,33.4,33.2,33.5,33.7,33.3,34.0,33.8,34.0,33.6,33.2,33.4,34.1,34.0,32.9,33.2,33.1,33.3,32.9,33.4,33.1,33.3,33.4,33.5,33.4,33.7,33.4,33.3,33.4,33.6,33.1,33.3,33.2,33.6,33.2,33.4,33.4,33.6,33.9,33.9,33.3,33.9,33.7,33.7,33.8,33.9,32.8,33.0,33.1,33.3,32.9,33.0,32.9,33.3,33.1,33.0,33.6,33.3,33.2,33.5,33.4,33.4,33.2,33.2,33.3,33.4,33.2,33.3,33.8,33.5,34.0,33.6,33.9,34.2,33.7,33.5,33.9,33.7,33.1,32.9,33.1,33.5,33.2,33.4,33.3,33.5,33.2,33.2,32.8,33.6,33.2,33.6,33.4,33.4,33.4,33.7,33.5,33.8,33.2,33.6,33.3,33.9,33.5,33.9,34.4,34.3,34.4,34.2,34.5,34.1,33.2,33.0,33.4,33.2,33.3,33.4,33.3,33.3,33.0,33.2,33.4,33.1,33.6,33.4,33.2,33.4,33.1,33.4,33.6,33.5,33.4,33.4,33.5,33.6,33.6,33.7,34.4,34.5,34.4,34.5,34.4,34.7
1785310356.4058034,693,34.1,33.4,33.1,33.1,33.4,32.8,33.3,33.2,33.2,32.9,32.7,33.1,33.0,32.4,33.0,32.8,32.8,32.8,32.8,33.0,33.4,33.0,32.9,32.9,33.1,32.7,32.7,33.0,33.6,32.7,33.0,33.1,33.4,33.0,33.7,33.4,32.9,33.3,33.0,33.4,32.9,33.2,32.8,32.8,32.5,32.9,32.8,32.7,32.6,32.8,32.8,33.0,32.5,33.1,33.0,33.2,32.8,32.8,32.8,33.4,33.2,32.8,32.7,33.5,33.6,33.4,33.2,33.3,34.0,32.7,32.6,33.3,33.3,32.8,32.6,33.1,32.7,32.5,32.7,33.3,33.1,32.6,32.5,32.6,33.4,32.8,32.8,32.7,33.0,32.6,32.8,32.7,33.6,32.9,32.8,32.8,33.5,33.4,33.1,33.5,32.8,33.1,32.5,32.9,33.2,32.7,33.2,32.9,32.8,32.6,33.0,32.8,32.9,32.9,32.8,32.7,32.8,33.2,32.9,33.0,32.9,33.1,32.5,33.2,32.7,32.9,32.9,33.1,33.5,33.0,32.8,33.1,33.2,32.7,32.7,33.1,33.2,33.1,32.7,33.1,33.0,32.9,32.8,33.0,33.2,33.1,32.6,32.9,33.2,32.9,32.7,33.2,33.3,32.8,32.8,33.1,33.1,32.9,32.7,32.9,33.1,33.3,33.2,33.2,32.7,33.2,33.5,32.9,33.7,33.2,33.3,32.8,33.1,33.2,33.1,33.3,32.9,33.3,33.1,32.9,32.9,33.1,33.0,32.7,32.8,33.2,32.8,33.3,32.6,33.0,32.6,33.2,34.0,33.1,32.8,33.6,33.3,33.4,34.0,34.5,33.3,34.5,32.6,34.0,33.2,33.5,33.1,33.7,33.1,33.8,33.0,33.3,33.4,32.9,33.0,32.7,33.2,32.8,32.9,33.1,33.4,32.7,33.1,33.2,33.0,33.2,32.8,33.5,33.4,33.8,34.0,34.6,35.2,33.4,34.0,33.4,33.9,33.3,34.1,33.3,34.4,33.3,33.1,32.9,33.0,33.0,32.9,33.3,33.1,32.9,33.5,32.9,33.1,33.1,32.7,33.3,33.2,33.2,32.8,33.1,33.7,33.4,34.5,34.7,35.2,34.8,34.0,34.2,34.4,33.9,34.4,35.5,34.1,34.1,32.7,33.1,33.1,33.0,33.1,33.1,33.2,32.9,32.7,33.0,33.3,33.1,32.9,33.0,33.1,33.3,33.2,33.4,33.1,34.0,33.9,35.3,34.6,34.9,33.9,34.4,34.1,34.4,35.0,34.9,34.4,33.2,33.3,33.2,33.2,33.0,33.1,33.2,32.6,33.3,33.4,33.1,33.0,33.2,33.0,32.9,33.4,33.0,33.1,32.9,33.6,33.3,34.3,33.7,34.7,33.7,34.0,33.6,34.4,34.4,35.3,35.1,34.2,33.9,33.4,33.6,33.0,33.3,32.9,33.1,33.3,32.9,32.6,33.4,33.3,32.8,33.0,32.9,33.1,33.5,33.0,33.2,32.9,33.5,33.6,34.1,33.7,33.9,33.6,34.3,34.0,34.7,34.6,34.9,34.0,33.7,33.6,33.2,33.2,33.0,33.3,33.0,32.8,33.0,33.1,33.3,33.4,33.0,33.1,33.2,33.5,33.2,33.1,33.3,33.8,32.9,33.5,33.3,33.7,33.2,33.5,33.9,34.9,34.4,34.6,34.7,34.1,33.6,33.4,33.8,33.6,33.8,33.6,33.8,33.6,33.5,33.1,33.4,33.3,33.0,33.2,33.1,33.1,33.3,33.2,32.9,32.8,33.5,33.1,33.4,33.0,33.5,33.6,34.0,34.0,34.6,34.0,34.4,33.4,33.4,33.4,33.4,33.7,33.5,33.7,33.5,33.6,33.2,33.6,33.3,33.2,33.4,33.3,33.2,33.7,32.8,33.5,33.2,33.3,33.1,33.5,33.3,33.7,33.6,33.8,34.3,34.7,34.4,34.1,33.6,33.6,33.3,33.6,33.8,34.1,33.6,33.8,33.9,33.9,33.4,33.3,34.1,33.5,33.6,33.4,33.2,32.6,33.2,33.1,33.3,32.7,33.2,33.1,33.6,33.0,33.5,33.7,34.5,34.4,34.2,33.7,33.6,33.2,33.6,33.5,34.4,33.7,33.9,33.7,34.1,33.6,33.7,33.8,33.8,33.4,33.2,33.5,33.9,32.9,32.8,33.2,33.4,33.3,33.1,33.0,33.3,33.9,33.4,34.6,34.1,34.2,33.3,33.8,33.3,33.9,33.2,33.6,33.3,33.8,33.5,33.8,33.4,33.9,33.4,33.7,34.3,33.9,33.5,33.4,33.7,32.6,32.9,32.7,33.1,33.1,33.0,33.1,33.2,33.3,33.8,34.0,34.3,33.3,nan,33.0,33.5,33.4,33.4,33.0,33.7,33.0,33.9,33.3,33.7,33.5,33.7,33.8,33.7,33.3,33.8,33.7,33.8,33.6,32.8,33.0,33.0,33.3,33.1,33.3,33.1,33.7,33.4,33.7,33.4,33.3,33.3,33.3,33.3,33.3,33.0,33.4,33.1,33.8,33.3,33.6,33.4,33.9,33.2,33.7,33.8,33.8,33.7,33.8,33.9,32.4,33.2,32.7,33.2,32.7,33.2,32.7,33.3,32.8,33.3,33.2,33.5,32.9,33.4,33.4,33.2,33.1,33.4,33.2,33.8,33.4,33.5,33.3,33.7,33.3,33.8,33.6,33.7,33.4,33.4,33.3,33.8,33.4,33.2,33.0,33.1,33.1,33.0,32.8,33.2,33.4,32.8,33.1,33.6,33.4,33.1,33.2,33.3,33.6,32.9,33.2,33.4,33.2,33.5,33.6,33.6,33.9,33.6,34.1,34.0,34.3,34.1,33.6,34.3,32.8,33.2,32.9,32.9,32.5,33.0,33.1,33.2,32.6,33.5,33.0,33.5,32.9,33.0,33.4,33.1,33.2,33.4,33.4,33.6,33.0,33.5,33.5,33.5,32.7,33.6,33.6,34.0,34.3,33.7,34.5,34.0,33.6,32.9,33.1,33.3,33.4,33.4,32.7,33.3,33.0,32.8,33.0,33.2,33.6,32.9,33.2,33.4,33.4,33.1,33.5,33.2,33.8,33.1,33.4,33.5,34.1,33.4,34.4,33.6,34.6,33.6,34.0,34.6,33.4,33.5,32.9,33.2,32.9,33.4,33.0,33.4,32.7,33.0,32.9,33.1,32.9,33.3,32.9,33.2,33.1,33.4,33.4,33.6,33.0,33.6,33.2,33.8,33.4,34.1,33.6,34.5,33.6,34.5,33.9,33.8
1785310358.9662974,694,33.3,33.7,33.1,32.8,32.6,33.0,32.9,33.2,32.8,32.9,33.1,33.3,33.0,33.0,33.0,33.2,32.6,32.5,33.0,33.2,32.6,32.9,32.9,32.9,32.5,32.9,33.2,33.0,32.7,32.7,33.2,32.8,33.3,33.0,33.4,33.2,33.1,32.9,32.7,33.0,32.9,33.0,32.8,33.0,32.9,32.9,32.7,33.3,32.7,32.8,33.0,33.3,32.9,32.7,32.8,33.0,32.8,32.8,33.0,33.2,33.0,32.8,33.0,33.2,33.2,33.4,33.0,33.5,33.2,33.0,33.2,33.3,32.9,33.2,33.0,33.1,32.7,32.7,32.6,32.7,33.3,32.8,32.7,33.1,32.9,32.8,32.7,32.6,32.8,32.8,32.9,32.9,32.8,32.9,33.3,33.1,33.5,33.2,32.8,33.5,33.0,32.9,33.3,33.1,33.4,33.4,33.2,32.9,32.6,32.8,33.1,33.0,33.0,33.0,33.2,33.2,33.0,33.2,32.9,33.2,32.9,32.9,32.7,33.2,32.5,33.0,32.7,33.4,32.8,33.2,33.3,33.3,33.2,33.2,33.3,33.1,34.1,34.1,34.3,34.7,33.1,33.4,33.5,33.2,33.5,33.2,33.5,33.2,32.8,32.9,33.1,32.6,32.6,33.1,32.8,32.7,32.5,32.5,33.0,32.9,33.3,32.9,33.2,32.6,32.7,33.0,33.0,33.8,34.1,34.2,34.9,34.7,34.1,34.1,33.7,34.0,33.6,34.1,33.9,33.4,33.1,32.9,32.8,33.1,33.2,33.0,33.0,33.1,32.6,32.6,32.8,33.0,33.1,33.0,33.2,33.2,33.1,33.4,33.6,33.2,34.7,34.6,34.6,35.2,34.4,34.2,34.2,33.9,34.7,34.9,34.0,34.6,33.1,33.1,33.0,32.9,33.0,32.8,32.7,32.9,33.0,33.1,32.6,32.8,33.6,32.8,33.1,33.4,33.1,33.2,33.3,33.7,33.5,34.2,34.5,34.4,34.3,34.3,34.3,34.8,34.7,34.9,34.9,34.0,33.3,32.6,33.1,33.1,33.1,33.0,32.7,33.1,32.9,32.7,32.9,33.3,32.7,33.4,33.0,33.1,33.2,33.0,33.3,33.1,33.4,33.3,34.0,34.0,33.6,33.8,34.4,34.4,34.7,34.7,34.0,34.4,33.3,33.6,33.1,32.7,33.0,33.1,33.3,33.0,32.3,32.9,33.1,33.2,33.5,32.9,33.0,33.6,32.9,32.9,33.2,33.7,33.5,33.4,33.4,33.8,33.3,33.5,34.1,34.8,34.7,34.1,34.3,34.0,33.5,33.2,33.3,33.5,33.1,33.1,33.2,33.3,32.9,33.0,32.8,33.3,32.8,33.0,32.7,33.1,33.0,33.1,32.9,33.2,33.4,33.4,33.3,33.3,33.7,33.8,34.4,34.3,34.4,34.2,33.4,33.8,33.3,33.4,33.6,33.4,33.2,33.4,33.5,33.4,33.0,33.2,32.8,33.1,33.5,32.7,33.0,33.0,33.5,32.8,32.8,33.4,33.0,33.3,33.6,33.5,33.5,34.0,33.9,34.2,34.1,34.0,33.5,33.4,33.4,33.5,33.9,34.0,33.3,33.7,33.4,33.3,33.4,33.1,32.9,33.2,32.9,32.8,33.0,33.3,32.9,32.9,33.3,33.0,32.7,33.1,33.5,33.6,33.8,33.6,34.3,34.6,33.8,33.9,33.6,33.7,33.8,34.0,34.1,34.1,33.7,33.8,33.7,33.8,33.5,33.2,33.2,33.3,32.7,32.7,32.4,32.9,32.6,33.2,33.1,33.1,33.0,33.0,33.3,33.8,33.9,34.3,34.5,33.6,33.7,33.4,33.5,33.4,33.2,33.5,34.0,34.2,33.6,33.8,33.9,33.7,33.4,33.4,33.3,33.6,32.7,33.0,32.8,33.0,33.0,32.6,33.0,33.3,33.1,32.7,33.6,33.6,34.4,34.7,33.3,33.6,33.0,33.3,33.3,33.3,33.3,33.5,33.8,33.8,33.6,33.6,33.5,33.6,33.5,33.7,34.0,33.3,32.6,32.8,32.9,32.9,32.7,32.5,33.3,32.9,32.7,33.0,33.2,33.7,33.9,33.4,33.3,33.1,33.1,32.9,33.3,33.6,33.2,33.4,33.5,33.6,33.6,33.7,33.2,33.7,33.6,33.4,33.7,33.7,32.5,32.4,33.2,33.2,32.6,32.3,32.8,32.8,33.0,33.0,32.9,32.9,33.4,33.3,33.3,33.3,33.0,33.1,33.1,33.0,33.1,33.1,33.1,33.3,33.3,33.2,33.7,34.0,33.7,33.3,33.6,33.5,32.8,32.5,32.7,32.7,32.9,32.7,32.7,32.9,33.0,32.8,33.0,33.2,33.4,nan,33.0,33.1,33.1,32.9,33.2,33.1,33.2,33.1,33.5,33.4,33.3,33.0,33.6,33.7,33.8,33.4,33.7,33.6,32.7,32.8,32.8,33.6,32.8,33.1,32.8,33.1,32.5,32.3,32.7,33.1,33.1,33.3,33.1,33.3,32.8,33.0,33.8,33.3,33.3,33.1,33.2,33.2,33.0,33.2,33.5,33.6,33.7,33.3,33.9,33.7,32.2,32.8,32.9,33.2,32.7,32.7,32.7,33.0,32.5,32.7,32.7,32.6,33.1,33.1,33.2,33.2,33.2,33.3,33.1,33.3,33.1,33.1,33.3,33.5,33.3,33.3,33.6,33.5,33.4,33.8,33.9,34.4,32.7,33.2,32.8,32.9,33.1,33.2,33.5,33.2,32.7,33.0,33.1,33.2,32.4,32.6,33.2,33.3,33.0,33.1,33.0,33.3,32.9,33.3,33.1,33.2,33.0,33.2,33.3,33.8,34.9,34.1,34.6,34.5,32.8,32.8,33.2,33.3,33.1,32.8,33.0,33.2,32.6,32.8,32.9,33.1,32.7,32.5,32.9,33.3,33.0,33.1,33.2,33.4,33.2,33.0,33.0,33.2,32.9,33.3,33.4,34.1,33.9,33.6,34.5,34.6,32.9,32.9,32.9,33.5,32.8,33.2,32.9,33.1,32.7,33.0,32.9,33.0,32.9,33.0,32.5,32.7,32.7,32.9,33.2,33.8,33.1,33.1,33.4,33.2,33.6,33.2,34.0,33.9,33.2,33.4,34.3,33.9,33.2,33.0,33.6,33.2,33.1,33.3,33.2,33.4,32.7,33.0,32.9,33.4,32.9,32.9,32.9,33.1,32.7,33.1,33.2,33.3,33.0,33.2,33.7,33.4,33.4,33.3,33.6,33.7,33.0,33.2,33.9,34.3
1785310361.508721,695,34.1,33.3,33.1,33.4,32.8,33.2,33.5,33.3,32.8,33.2,33.1,33.0,32.8,32.6,33.2,32.9,32.6,32.8,33.2,33.2,33.0,32.8,34.3,33.4,34.1,33.0,33.0,33.4,33.1,33.1,32.7,33.0,33.5,33.5,33.6,33.5,33.3,33.1,33.1,33.3,32.7,33.2,32.9,32.8,33.2,32.8,33.0,33.1,32.9,33.0,33.1,33.0,32.6,32.9,33.3,35.6,33.5,33.2,33.1,33.2,33.1,32.6,33.4,33.0,33.2,33.5,33.2,33.4,33.0,33.1,33.2,33.4,33.1,33.1,33.2,33.4,32.7,32.8,32.9,32.7,32.8,33.2,32.9,33.2,33.6,33.5,34.1,34.2,32.8,33.2,32.9,32.9,32.8,33.2,33.3,33.4,32.9,33.4,33.2,33.1,33.3,32.9,33.3,33.1,33.7,33.4,33.2,33.6,32.9,33.0,33.2,32.9,32.7,33.0,33.5,33.2,33.7,34.4,33.9,33.4,33.8,32.8,32.6,33.0,33.2,33.0,32.8,33.4,33.3,33.6,33.1,33.3,33.0,33.0,33.1,34.0,33.6,34.6,34.6,34.8,34.0,33.8,33.8,33.8,33.7,33.5,33.5,34.9,34.5,34.0,33.1,34.0,33.0,33.8,33.0,33.2,32.7,32.9,32.7,33.0,33.5,32.9,33.5,33.3,33.5,33.0,33.5,33.3,34.4,34.2,35.4,34.7,34.0,34.1,34.0,34.3,33.7,33.6,34.8,34.1,34.5,33.4,33.6,33.2,33.5,33.0,33.3,33.2,33.0,32.8,33.2,32.8,33.3,33.2,33.2,33.1,33.2,33.3,32.9,33.7,33.3,34.9,34.5,34.6,34.5,34.1,34.1,34.3,33.9,34.7,34.5,33.9,33.6,33.2,33.0,33.0,32.8,33.0,33.1,33.4,33.2,33.0,33.3,32.9,33.1,33.0,33.0,33.0,32.8,32.9,33.2,33.0,34.2,33.5,34.3,34.9,33.9,34.1,34.2,34.1,34.5,34.3,34.5,34.6,33.3,33.3,33.0,32.9,33.2,32.8,33.2,33.1,33.2,32.7,33.1,33.1,33.2,33.3,33.4,33.2,32.6,32.9,32.9,33.4,33.2,33.4,33.7,34.0,33.6,34.2,33.8,34.8,35.0,34.5,34.7,33.9,33.7,33.6,33.1,33.5,32.9,32.9,32.7,32.9,33.1,33.3,33.1,33.5,33.0,33.1,33.3,33.2,33.2,32.7,33.0,33.2,33.8,33.1,33.8,34.0,33.6,33.3,34.5,34.2,34.7,34.8,34.1,34.5,33.5,33.4,33.6,33.4,33.2,33.1,33.0,33.1,32.9,32.8,33.1,33.3,33.2,32.9,33.3,33.2,33.0,33.2,32.9,33.3,33.1,33.3,33.2,33.6,33.4,34.1,33.9,35.0,34.2,34.1,34.2,33.6,33.6,33.6,33.6,33.6,33.4,33.6,33.3,33.4,33.2,33.5,33.2,33.4,33.2,32.9,33.1,32.8,32.7,32.8,33.0,33.1,33.3,33.1,33.2,33.4,33.6,33.4,34.2,34.0,34.3,34.1,33.8,33.7,33.5,33.4,34.0,33.7,33.6,33.5,33.5,33.5,33.3,33.2,33.0,33.2,32.9,32.7,33.0,33.2,33.3,33.0,32.8,33.3,32.7,33.2,32.9,34.0,33.6,33.4,33.5,33.8,33.8,33.7,33.6,33.8,33.3,33.5,33.9,34.6,33.9,33.4,33.7,34.1,33.9,33.5,33.4,33.5,32.8,32.9,32.6,32.9,32.8,32.8,33.0,32.8,32.9,32.7,33.4,33.5,33.5,33.9,33.3,33.6,33.3,33.6,33.2,33.5,33.6,33.2,34.3,33.9,33.6,33.5,33.3,33.7,33.5,33.2,33.4,33.6,33.3,32.6,33.0,33.1,32.8,32.7,33.0,33.4,32.9,33.2,33.3,34.1,33.9,34.1,33.9,33.4,33.0,33.6,33.3,33.6,33.3,33.6,33.6,34.1,33.6,33.9,33.7,33.9,33.4,33.5,33.6,33.9,32.7,32.4,32.8,32.6,32.7,32.7,33.0,32.9,32.8,33.0,33.8,33.5,34.5,34.4,33.2,33.1,33.0,33.1,33.4,33.6,33.6,33.6,33.8,33.7,34.1,33.5,33.7,34.2,33.3,33.6,33.6,33.7,32.9,32.9,33.0,33.1,32.6,32.3,32.5,33.3,32.9,32.8,33.1,33.4,34.4,34.7,34.3,33.3,33.0,33.1,33.1,33.6,33.3,33.6,33.6,33.7,33.6,33.7,33.7,34.3,33.9,33.7,33.8,33.7,33.0,32.9,33.0,32.9,33.0,32.5,32.7,32.7,32.8,32.7,33.3,33.5,34.5,nan,33.5,33.2,33.2,33.1,33.3,33.4,33.3,33.1,33.6,33.6,34.0,33.2,34.3,33.5,33.8,33.6,33.6,34.0,32.7,32.7,33.0,33.3,33.0,33.0,33.1,33.3,32.7,33.0,33.4,33.2,34.1,34.5,34.1,33.6,33.1,33.1,33.1,33.4,33.1,33.4,33.2,33.7,33.2,33.7,33.5,34.1,33.3,33.5,33.9,33.9,32.6,33.0,32.8,33.0,32.5,33.1,32.8,33.0,33.1,33.0,33.0,33.5,33.9,33.7,34.5,33.9,33.2,32.8,33.4,33.3,33.0,33.6,33.5,33.2,34.3,33.3,34.3,33.3,33.7,33.8,33.7,33.8,33.0,32.9,32.6,33.5,32.9,33.0,33.0,33.1,33.1,32.6,33.3,33.4,32.8,34.9,33.2,33.9,33.1,33.2,33.2,33.4,33.1,33.4,33.4,33.5,33.6,33.7,33.7,33.9,34.1,33.4,34.2,33.8,32.7,33.0,32.9,32.9,33.0,33.0,33.1,33.4,32.9,32.8,33.0,33.3,33.9,33.1,35.1,33.1,33.5,32.9,33.3,33.3,33.1,32.9,33.6,33.2,33.2,33.1,33.3,33.9,33.7,33.6,34.0,34.0,33.3,32.6,33.1,33.4,33.4,33.1,32.9,33.2,33.0,33.0,33.2,33.2,32.7,34.4,33.4,34.1,32.7,33.0,33.2,33.6,33.2,33.2,33.6,33.3,33.4,33.3,33.9,33.9,33.4,33.3,34.0,34.2,32.9,32.8,33.5,33.6,32.8,32.9,32.9,33.4,33.0,33.2,33.4,33.3,33.4,32.9,34.1,33.1,33.2,32.9,33.2,33.0,33.3,33.2,33.5,33.4,33.7,33.2,34.0,33.4,33.1,33.7,33.8,33.9
1785310364.0591414,696,33.1,33.3,33.5,33.2,33.1,33.2,32.8,33.1,32.7,33.0,32.8,33.1,32.4,32.4,32.9,33.0,32.4,32.4,32.7,32.8,32.8,32.8,32.8,33.3,33.0,32.4,32.9,33.2,33.3,32.9,32.8,33.0,33.2,32.9,33.3,32.6,33.3,32.8,32.9,33.2,32.9,32.9,33.1,32.4,32.7,33.1,32.8,32.9,32.5,32.4,32.8,32.7,32.6,32.7,32.8,33.0,32.5,33.0,33.0,32.9,32.9,32.7,32.9,32.9,33.0,33.0,32.6,33.4,32.9,33.1,32.7,33.0,32.5,32.7,32.8,33.0,32.7,32.9,32.7,32.7,33.1,32.7,32.5,32.9,32.9,32.8,32.4,32.7,32.7,32.8,32.6,33.1,32.9,32.8,32.7,33.0,32.9,32.8,33.2,33.0,32.5,32.6,32.9,32.7,33.0,32.8,32.9,33.1,32.6,32.6,32.9,32.8,32.9,32.7,32.8,33.0,32.8,32.6,32.9,32.6,32.9,32.7,32.7,32.7,32.6,32.9,32.9,32.8,32.7,32.9,32.5,33.5,33.2,33.0,33.2,34.4,33.4,33.4,32.5,32.9,32.8,33.3,32.7,33.0,33.2,33.0,33.3,33.7,33.5,33.5,33.8,34.2,32.9,32.5,32.3,33.0,32.7,32.5,32.6,33.0,33.0,32.6,32.9,32.7,33.3,32.9,34.1,33.9,34.6,34.0,33.0,33.0,33.4,33.2,33.5,33.4,33.9,33.2,34.5,33.7,34.4,34.0,34.5,34.6,32.8,33.1,33.0,32.9,32.8,33.0,32.8,32.9,32.8,33.2,33.1,33.2,33.1,33.7,34.1,34.8,35.0,34.4,34.1,34.3,33.8,33.8,33.7,34.2,34.2,34.1,34.3,33.6,33.6,33.1,33.0,33.0,32.9,32.6,33.0,33.1,32.8,33.0,32.6,32.9,32.7,32.9,33.2,33.3,33.2,33.2,34.4,34.7,34.9,34.5,33.8,34.1,33.8,33.7,34.6,34.4,33.9,33.8,33.0,33.2,32.8,32.9,33.1,32.9,32.9,32.7,33.1,32.6,32.7,32.9,32.7,32.6,33.1,33.1,32.7,33.4,33.1,33.9,33.4,34.0,34.2,34.0,34.0,34.0,33.9,34.4,34.2,34.5,34.0,33.8,33.2,33.1,32.9,32.8,32.7,32.9,32.8,32.7,32.7,33.0,33.0,32.5,32.9,32.9,33.2,33.0,33.1,32.9,32.9,32.9,33.5,33.9,33.6,33.7,33.9,34.1,34.1,34.2,34.4,34.4,33.6,33.8,33.1,33.3,33.2,33.2,33.3,32.8,32.9,32.9,33.0,33.1,32.7,32.4,32.7,32.9,32.9,32.8,33.1,33.0,32.6,33.2,33.0,33.8,33.5,33.5,33.5,33.9,33.9,34.5,34.4,34.3,33.7,33.3,33.1,33.6,33.4,33.3,33.4,33.3,33.1,33.1,32.9,33.2,32.9,32.8,32.7,33.1,33.0,33.0,33.0,32.6,33.1,32.7,33.2,33.0,33.2,33.1,33.8,33.6,34.1,34.1,33.9,34.1,33.4,33.8,33.3,33.5,33.5,33.5,33.4,33.5,33.2,33.6,32.9,33.1,32.6,33.0,32.8,32.9,32.8,33.2,32.9,33.3,32.9,33.2,32.8,33.3,33.0,33.2,33.0,33.5,33.7,33.4,33.8,33.8,33.8,33.3,33.4,33.8,33.6,34.1,33.6,33.3,33.7,33.4,33.1,33.9,33.5,33.0,32.9,33.5,32.9,32.7,33.0,32.8,33.0,32.9,33.4,33.1,33.1,33.3,33.6,33.3,33.2,33.5,33.3,33.9,33.0,33.4,33.8,33.0,34.0,33.8,33.7,33.7,33.6,33.3,33.7,33.8,33.2,33.4,33.2,33.5,32.8,32.8,32.7,33.5,32.9,32.9,32.9,33.3,33.4,33.6,33.6,33.9,33.1,33.1,33.6,33.5,33.3,33.1,33.6,33.6,33.6,33.6,33.6,33.4,33.2,33.1,33.3,33.5,33.5,33.2,33.3,33.9,32.3,32.7,33.0,33.1,32.9,32.8,33.4,33.2,33.1,32.9,34.0,34.1,33.1,33.2,33.0,33.2,32.9,33.2,33.4,33.6,33.5,34.0,33.7,33.7,33.1,33.3,33.4,33.3,33.0,33.0,33.6,33.6,33.0,32.5,32.7,32.9,32.7,33.0,33.3,33.3,33.2,33.2,33.9,34.7,33.9,33.1,33.2,33.0,33.1,33.1,32.9,33.6,33.6,33.8,33.4,33.7,33.7,33.4,33.3,33.4,33.5,33.3,33.1,33.7,32.8,32.7,32.2,32.5,32.7,32.6,33.0,32.9,33.1,33.3,34.3,34.3,33.4,nan,33.0,32.9,32.7,32.9,33.3,33.6,33.5,33.7,33.8,33.9,33.5,33.8,33.8,33.3,33.2,33.2,33.6,33.6,33.1,32.8,32.7,33.5,32.5,32.7,32.9,33.1,33.0,33.0,33.5,34.2,33.9,33.4,33.3,32.9,33.3,33.1,33.1,33.5,33.3,33.5,33.4,33.9,33.7,33.5,33.8,34.1,33.6,33.3,33.6,33.9,32.8,32.5,32.8,32.9,32.7,32.8,32.6,32.9,32.8,33.0,33.7,33.8,33.9,33.7,33.2,33.3,32.9,33.1,33.4,33.3,33.2,33.2,33.8,33.7,33.5,33.2,33.6,33.4,33.3,33.5,33.7,33.3,33.1,33.2,32.9,33.1,32.9,32.8,32.7,33.3,32.7,32.6,33.0,33.9,34.3,34.3,33.2,33.3,33.3,33.2,33.2,33.1,33.4,32.9,33.5,33.6,33.4,33.5,33.4,33.3,34.2,33.4,33.7,33.6,33.0,33.1,33.1,32.9,32.8,33.0,33.1,33.3,32.8,32.8,33.2,33.1,34.9,34.4,33.4,33.2,33.0,33.2,33.2,33.4,32.7,33.3,33.3,33.3,33.1,33.4,33.5,34.0,33.5,33.9,33.8,33.9,33.2,32.8,32.8,33.7,33.2,33.1,32.7,32.9,32.6,32.8,33.0,33.4,34.8,34.6,33.5,33.2,33.0,33.2,33.3,33.2,33.2,33.2,33.1,33.5,32.7,33.3,34.0,33.7,33.6,33.8,33.7,34.0,32.9,33.2,32.7,32.9,32.6,33.0,33.1,33.1,32.5,32.8,33.2,33.2,34.6,34.4,33.2,33.0,32.5,32.7,33.4,33.3,33.0,33.2,33.3,33.4,33.3,33.3,33.4,33.3,33.4,33.4,33.9,34.0
1785310366.6010468,697,34.0,33.3,33.7,33.5,33.4,32.8,32.8,32.9,33.0,32.8,33.0,32.7,33.0,32.4,32.4,33.0,32.8,32.6,32.7,33.0,33.0,32.8,32.8,32.9,32.8,32.5,32.9,33.0,32.8,32.6,32.6,32.5,33.2,33.4,33.8,33.4,33.1,33.3,32.7,33.0,33.3,33.1,32.7,32.8,32.7,32.9,32.5,32.5,32.4,32.4,32.6,32.6,32.7,32.9,32.8,33.0,32.9,32.4,33.0,32.9,32.9,32.7,32.6,32.6,33.8,33.5,33.4,33.2,33.1,32.7,33.0,32.8,32.9,32.6,32.6,32.8,32.9,32.9,32.7,32.9,32.4,32.8,32.5,32.8,32.7,32.6,32.6,32.9,32.9,32.6,32.8,32.7,32.3,32.6,33.0,33.0,33.2,33.6,33.0,33.2,32.8,32.6,32.9,32.9,33.2,32.5,32.9,32.9,32.8,32.5,32.8,32.6,32.5,32.5,33.0,32.5,32.7,32.8,32.5,32.8,32.5,32.7,32.5,32.9,32.8,32.9,32.6,32.8,33.2,33.1,33.2,33.1,33.2,32.8,32.9,33.1,32.7,33.0,32.7,32.9,32.8,32.7,32.9,32.8,32.8,32.4,32.4,33.0,32.8,32.7,32.7,32.8,32.7,32.9,32.9,32.7,33.1,32.5,32.4,32.8,33.5,33.3,32.9,33.0,32.7,32.9,32.8,33.0,32.8,33.0,33.1,32.7,32.9,32.6,32.9,32.8,33.1,33.1,32.9,32.9,33.1,32.7,33.1,32.7,32.8,33.0,32.8,32.7,32.6,32.4,32.3,33.0,33.5,32.8,32.7,33.2,32.9,32.8,33.0,33.2,32.9,33.8,33.5,34.2,33.2,33.4,32.9,33.4,33.0,33.6,33.0,33.9,33.1,33.7,32.7,33.7,33.3,33.0,32.7,32.5,33.0,32.6,32.6,32.9,32.9,32.7,33.0,33.1,32.8,33.0,33.3,33.0,34.0,33.3,34.5,34.3,33.6,33.0,33.8,33.5,33.5,33.2,33.9,33.2,33.8,33.3,33.7,33.8,33.6,33.8,32.7,33.0,32.9,32.9,32.7,33.0,33.3,32.7,33.0,33.2,33.0,33.0,33.1,33.3,33.5,33.6,34.7,34.5,34.5,33.8,33.6,34.2,33.6,34.1,33.7,33.6,34.0,33.1,33.7,33.1,33.7,32.6,33.4,33.0,33.1,33.1,32.7,32.7,33.3,33.0,32.9,33.0,32.7,32.7,33.2,33.2,33.3,33.6,34.2,34.9,33.9,34.1,33.8,33.8,33.9,34.0,33.8,34.3,33.0,33.7,33.1,33.5,32.8,33.3,33.0,33.3,32.6,32.8,32.6,33.3,32.9,32.8,32.9,33.0,32.6,32.7,32.5,33.0,33.2,33.2,33.5,33.9,34.1,33.8,33.7,34.3,34.4,33.8,34.1,33.8,33.8,33.3,32.7,32.9,33.0,32.9,32.8,33.1,32.6,32.8,32.6,32.7,33.1,33.0,32.8,32.8,32.6,32.9,33.0,32.9,33.2,32.9,33.6,33.5,33.7,33.7,34.1,34.2,34.0,34.0,33.5,34.3,33.4,33.5,32.8,33.1,33.1,33.1,32.9,32.8,32.8,33.0,32.8,32.9,32.8,32.6,32.9,33.3,33.1,32.9,32.8,33.1,33.2,33.1,33.4,33.2,33.4,33.6,33.8,34.3,34.3,33.3,33.9,33.8,33.5,33.5,33.4,33.8,33.2,33.5,32.9,33.0,32.9,32.8,32.9,33.1,32.9,32.5,33.0,32.6,33.0,32.9,33.0,33.1,33.1,33.0,32.9,33.3,33.1,33.4,33.7,33.9,33.5,34.0,33.5,33.7,33.7,33.4,33.7,33.5,33.3,33.5,33.4,33.1,32.6,32.6,33.0,33.0,33.0,32.6,32.7,32.9,32.8,32.7,32.9,33.3,32.7,33.2,33.3,33.6,33.6,33.5,33.3,33.8,33.8,33.0,33.6,33.6,33.3,33.6,33.8,33.6,33.4,33.1,33.7,33.9,33.3,33.0,33.1,33.3,32.3,33.0,32.5,32.5,32.7,32.6,32.9,33.2,32.6,32.8,33.3,33.2,33.7,33.1,32.9,33.6,33.2,33.7,33.5,33.6,33.7,33.4,33.5,33.9,33.1,33.5,33.4,33.8,33.2,33.4,33.4,33.4,32.8,32.8,32.5,33.0,32.7,32.3,32.8,33.0,32.7,32.7,32.9,33.6,33.6,33.9,33.8,33.3,33.4,33.3,33.4,33.6,33.4,33.5,33.6,33.6,33.8,33.1,33.5,33.4,33.9,33.3,33.3,34.1,32.6,32.9,32.4,32.7,32.5,32.3,32.3,33.0,32.5,33.0,33.2,33.3,34.2,nan,33.3,33.7,33.1,33.1,33.0,33.2,33.4,33.2,33.7,33.5,33.3,33.6,33.6,33.3,33.2,33.0,33.2,33.4,32.9,32.6,32.7,32.7,32.9,32.7,32.6,33.1,32.5,32.7,33.0,33.4,33.1,34.1,34.1,33.5,33.3,32.8,33.1,33.5,33.1,33.6,33.5,34.1,33.7,33.2,33.7,33.8,33.2,33.7,33.6,33.5,32.6,33.2,32.6,32.9,32.5,32.6,32.8,32.7,32.5,32.8,32.8,33.0,33.6,33.4,33.5,34.0,33.1,33.1,33.4,33.4,33.2,33.5,33.5,33.7,33.1,33.8,33.8,33.3,33.4,33.2,33.7,33.3,33.3,32.9,32.7,33.1,32.9,32.8,32.4,33.1,33.0,33.0,33.0,33.0,33.2,33.8,34.2,33.4,33.5,32.8,33.0,33.3,33.0,32.9,33.7,33.7,33.6,33.4,33.8,33.7,34.0,33.4,33.5,33.2,32.8,32.9,33.1,32.9,32.7,32.8,32.6,32.9,32.8,33.0,32.7,32.6,33.2,33.0,33.9,34.4,33.0,33.1,33.2,33.2,33.0,32.8,33.5,33.3,33.4,33.6,33.4,33.6,33.5,33.3,33.4,33.9,32.8,32.9,32.8,32.8,33.0,32.9,33.1,33.3,33.0,33.0,33.0,33.0,32.8,33.9,34.3,33.9,33.7,33.1,33.4,33.4,33.4,33.2,33.2,33.1,33.3,33.3,33.6,33.5,33.6,33.8,34.0,33.8,32.4,33.0,32.9,33.1,32.8,33.0,33.1,33.1,32.5,32.6,33.1,33.1,33.2,32.9,34.1,34.4,32.9,33.3,33.4,32.9,33.0,32.9,33.1,33.2,33.2,33.1,33.6,33.3,33.4,33.8,34.3,34.5
1785310369.2681723,698,34.0,33.6,33.3,33.0,33.0,33.2,33.1,32.9,33.0,33.2,32.7,32.7,32.8,32.6,32.8,32.4,32.6,32.6,32.8,32.8,33.2,32.5,32.7,32.7,33.0,32.7,32.9,33.2,32.8,33.1,32.9,33.0,33.5,33.7,33.1,33.4,33.1,32.8,32.9,33.4,32.9,33.0,32.6,32.8,32.4,32.9,32.7,32.9,32.6,32.9,32.8,33.0,32.5,32.9,32.6,33.2,32.8,32.6,32.8,33.1,33.0,33.0,32.9,33.4,33.3,33.1,33.1,33.4,33.1,32.7,32.8,33.3,32.9,32.8,32.6,32.7,32.9,32.7,32.7,32.9,32.9,32.6,32.7,32.6,32.9,32.6,32.7,32.7,33.0,32.4,32.8,32.7,33.0,32.7,32.8,33.0,33.5,33.6,32.8,33.0,33.0,32.6,32.9,32.9,33.0,32.7,32.7,32.9,32.6,32.6,32.6,32.8,32.7,32.7,32.8,33.2,33.2,32.7,32.6,32.8,32.9,32.9,32.5,33.0,32.9,32.7,32.9,33.5,32.7,33.2,32.8,33.3,32.8,32.8,33.1,33.1,33.2,32.9,33.6,32.8,33.0,32.9,33.0,32.7,32.5,32.9,33.1,32.9,33.4,32.7,33.1,32.8,33.3,32.4,32.5,32.9,32.9,32.5,32.5,33.3,32.8,32.8,32.7,33.2,32.9,33.2,32.8,33.0,33.4,33.9,32.8,34.2,32.9,33.1,32.7,33.1,33.1,33.1,32.7,33.6,32.9,33.4,32.8,33.7,32.8,33.5,32.8,32.7,32.6,32.6,32.8,33.0,33.5,33.2,33.2,33.2,32.9,33.2,33.0,33.6,33.6,34.3,35.0,33.5,34.5,33.2,33.7,33.3,33.8,33.3,34.3,33.8,34.9,33.6,33.9,33.7,34.0,32.7,33.0,32.9,33.4,32.7,32.6,33.0,32.7,32.9,32.8,33.5,32.7,32.9,33.1,33.2,34.4,33.9,34.2,34.6,33.8,34.3,33.5,34.1,33.7,34.0,34.1,34.3,34.3,33.3,34.3,33.1,32.9,33.1,32.6,32.9,32.5,33.1,32.9,33.0,32.9,33.2,32.6,33.6,32.8,33.0,33.1,34.0,33.4,34.7,34.0,34.2,33.8,33.9,34.1,34.2,34.4,34.3,33.9,33.4,33.3,32.8,32.8,33.3,32.9,32.9,32.9,33.2,32.7,32.9,32.9,33.0,32.9,32.8,33.3,33.2,33.3,33.1,33.4,33.2,34.3,33.1,33.9,34.0,33.5,33.5,34.1,34.2,34.1,34.1,33.3,33.9,32.9,33.4,32.8,33.3,32.8,33.1,32.8,32.9,32.8,32.8,32.8,33.1,33.1,33.2,32.9,33.2,33.0,33.1,32.9,33.4,33.2,33.6,33.4,33.9,33.4,33.9,34.1,34.4,33.9,34.0,33.4,33.3,33.3,33.0,33.2,32.6,33.5,32.8,33.0,33.1,33.0,32.6,33.2,33.1,33.1,32.4,33.0,33.0,32.8,33.0,32.9,32.9,33.5,32.9,33.6,33.5,33.9,33.4,34.1,34.2,33.9,33.8,33.3,33.4,33.2,33.5,32.8,33.3,32.9,33.7,33.1,33.0,33.0,33.0,33.0,33.1,33.0,33.2,32.9,33.3,32.9,33.2,33.0,33.3,33.1,33.3,33.1,33.6,33.5,33.6,33.8,34.1,33.8,33.5,33.6,33.7,33.5,33.5,33.9,33.3,33.6,33.3,33.3,33.1,33.0,33.0,33.0,33.3,32.7,32.7,32.8,32.8,32.8,33.0,32.9,32.7,33.3,33.0,33.3,33.2,33.6,33.3,33.9,33.7,33.5,33.7,33.5,33.4,33.4,33.5,33.9,33.7,33.6,33.8,33.2,33.6,32.8,32.9,33.2,33.4,32.8,33.0,32.5,33.1,32.8,32.9,32.9,33.1,32.7,33.3,33.4,33.6,33.9,33.6,33.5,33.7,33.3,33.5,33.4,33.5,33.4,33.6,33.8,33.5,33.4,33.4,33.5,33.7,33.7,32.6,33.4,33.1,32.6,33.0,32.9,32.7,32.9,32.6,33.3,33.1,32.8,33.1,33.4,33.9,33.4,34.0,33.5,33.1,33.4,33.3,33.1,33.5,33.7,33.6,33.4,33.9,33.6,33.1,33.4,33.5,32.8,33.6,33.6,33.7,32.6,32.8,32.9,33.2,32.5,32.7,32.6,33.0,32.7,33.2,32.8,34.1,34.6,33.3,33.8,33.5,33.0,33.0,33.1,33.6,33.8,33.5,33.6,33.8,33.8,33.3,33.1,33.6,33.0,33.3,33.6,33.5,32.8,32.5,32.6,33.3,32.9,32.5,32.7,32.7,33.2,32.8,33.8,33.4,33.6,nan,33.0,33.1,33.1,33.0,33.4,33.3,33.7,33.4,33.5,33.7,33.0,33.7,33.4,33.1,33.6,33.2,33.6,33.8,33.1,32.4,33.2,32.8,32.5,32.7,32.9,33.0,32.9,33.0,32.5,34.3,33.5,33.5,34.0,33.1,33.3,33.0,33.3,33.8,33.1,33.8,33.4,33.6,33.6,33.6,33.5,33.4,33.6,33.1,33.6,33.7,32.8,33.0,32.7,32.9,32.5,32.9,32.5,32.8,32.7,32.7,33.6,32.8,33.9,33.9,33.4,33.7,33.3,33.3,33.2,33.1,33.4,33.1,33.2,33.5,33.5,33.3,33.4,33.8,33.2,33.4,33.5,33.4,32.9,33.2,32.7,32.9,33.1,33.0,33.3,33.3,32.9,32.7,32.9,33.4,32.9,34.0,34.9,33.1,33.3,32.9,33.0,33.1,33.1,33.5,33.4,33.8,33.6,33.6,33.3,33.8,34.1,33.1,34.0,33.6,32.6,32.5,32.9,33.3,32.7,33.0,33.0,33.3,33.0,33.0,33.2,33.0,34.4,33.7,33.4,34.1,33.2,32.9,33.2,33.4,33.0,33.0,33.3,33.5,33.1,33.5,33.2,33.6,33.5,33.9,33.8,33.9,33.3,33.1,33.3,33.3,32.8,33.0,32.9,33.1,33.2,32.8,32.8,33.4,33.0,34.4,33.8,33.1,32.9,33.2,33.4,33.4,33.0,33.4,33.2,33.3,33.3,33.4,33.4,33.5,33.8,33.8,34.0,33.8,32.7,33.0,33.1,33.4,33.1,33.0,33.0,33.4,32.5,33.0,33.1,33.2,34.5,33.3,33.1,33.2,33.1,33.1,33.2,32.9,33.2,33.2,33.4,33.6,33.4,33.3,33.4,33.3,33.4,33.6,33.7,34.0
1785310371.7294476,699,33.5,33.3,33.5,33.5,33.0,32.8,32.8,32.9,33.0,33.4,32.9,32.9,32.8,32.4,33.0,32.8,32.4,32.5,32.6,33.0,33.0,32.9,32.5,32.5,32.8,32.7,32.7,32.8,32.8,32.7,33.1,33.0,33.8,33.5,33.6,33.6,32.7,32.8,32.5,33.2,33.1,32.6,33.0,33.0,33.1,32.9,32.8,32.9,32.6,32.6,33.2,33.0,32.5,32.3,32.6,33.0,32.4,32.6,32.6,33.1,33.2,32.8,32.4,32.7,33.6,33.6,32.9,33.0,33.1,32.9,33.0,33.1,33.1,32.8,33.0,33.2,32.7,33.1,32.7,32.9,32.7,33.0,32.9,32.8,32.9,33.0,32.7,33.1,32.8,32.6,33.0,32.9,32.8,32.9,32.8,32.8,33.2,32.9,33.0,33.3,33.2,32.2,32.7,33.3,32.6,32.7,33.8,33.3,33.3,32.8,33.0,32.9,32.9,32.7,33.2,32.9,32.9,32.7,32.9,32.8,32.9,32.4,32.7,33.0,33.1,32.9,32.9,33.1,33.4,33.2,32.6,33.1,33.2,33.2,32.9,33.1,32.7,33.2,33.6,34.2,34.3,34.7,33.3,33.5,33.0,33.4,33.0,33.6,33.4,34.1,33.4,34.1,33.5,34.0,32.7,33.1,32.9,32.7,32.7,33.1,33.1,32.8,32.7,33.4,32.7,32.8,33.0,33.1,32.8,33.2,34.0,34.2,34.7,34.4,33.7,33.8,33.6,33.4,33.6,33.8,34.8,33.8,34.2,34.3,33.7,34.1,33.6,33.1,32.8,32.8,33.0,33.0,33.0,32.8,32.7,33.4,33.1,33.2,33.2,32.7,33.1,33.5,34.0,34.4,34.8,34.0,33.7,33.9,33.8,33.8,34.2,34.3,34.4,33.3,33.9,32.9,33.3,33.0,33.4,33.1,32.8,32.7,33.2,32.8,32.7,32.9,32.8,33.3,32.7,33.0,32.9,33.2,32.9,32.7,33.2,34.4,33.8,33.9,34.0,34.2,34.0,33.7,34.1,34.2,33.7,33.3,33.1,33.1,33.1,33.1,32.9,33.0,32.9,32.9,33.1,33.2,32.9,32.5,32.6,33.1,32.8,32.6,33.1,33.1,33.0,32.7,33.2,33.2,33.6,33.5,33.9,33.8,33.9,34.0,34.4,33.9,33.8,33.3,33.1,33.1,32.7,32.9,32.9,32.8,32.9,33.1,32.7,33.0,33.3,33.2,32.9,32.8,32.7,32.7,33.0,33.0,33.0,32.8,33.2,33.6,33.2,33.2,33.6,33.8,34.1,33.8,33.6,34.2,33.5,33.5,33.1,33.2,33.3,33.1,33.0,33.1,33.0,32.8,32.8,33.1,33.2,32.6,32.5,32.7,32.8,32.9,32.9,32.5,33.2,33.1,32.9,33.3,33.1,33.3,33.8,33.7,34.2,34.1,33.8,33.7,33.3,33.8,33.2,33.6,33.4,33.5,33.0,33.5,33.0,33.0,33.4,32.7,32.9,32.7,32.6,32.8,32.6,32.8,32.9,33.1,33.0,32.9,33.0,33.4,33.4,32.9,33.2,33.9,33.9,33.8,33.3,33.4,33.1,33.2,33.5,33.8,33.4,33.5,33.4,33.3,33.2,33.2,33.0,33.0,33.0,33.0,32.7,32.5,32.8,32.5,32.8,32.8,33.1,32.8,33.1,32.8,33.6,33.3,33.3,33.7,33.8,33.0,33.4,33.5,33.7,33.2,33.8,33.5,33.6,33.1,33.3,33.6,33.5,33.6,33.2,32.9,32.5,32.3,32.8,32.9,32.5,32.6,32.9,32.8,32.8,32.5,33.0,33.4,33.4,33.0,33.9,33.3,32.9,33.3,33.2,33.2,33.2,33.2,33.4,33.7,33.1,33.2,33.6,33.8,33.0,33.4,33.0,33.2,32.6,32.8,32.5,33.0,32.8,32.6,32.4,32.6,32.9,32.8,33.3,33.1,33.3,34.0,34.1,33.7,33.2,33.0,33.3,33.5,33.4,33.2,33.6,33.5,33.6,33.6,33.2,33.2,33.2,33.4,33.6,32.9,32.6,32.8,32.7,32.9,32.9,32.5,32.6,32.9,32.5,32.6,32.7,33.4,33.3,33.9,34.3,33.9,33.1,33.0,33.0,33.3,32.9,33.1,33.7,33.7,34.0,33.2,33.6,33.7,33.0,33.3,33.2,33.9,32.8,32.6,33.2,33.0,32.5,32.7,33.0,32.8,32.7,32.5,32.6,32.8,33.3,33.2,34.6,34.3,33.0,32.9,33.1,33.3,33.4,33.2,33.6,33.3,33.8,33.4,33.5,33.6,33.5,33.3,33.4,33.5,32.6,32.9,32.4,32.9,32.9,32.7,32.7,32.7,32.5,32.7,32.7,32.9,33.0,nan,34.0,34.2,33.4,32.8,32.9,32.8,33.1,33.2,33.5,33.6,33.5,33.5,33.5,34.1,33.3,33.2,33.2,33.6,32.7,32.6,32.8,33.2,32.6,32.5,32.8,32.8,32.7,32.5,32.7,32.9,32.8,32.8,34.3,34.5,33.1,33.0,33.1,33.3,33.1,33.2,33.2,33.4,33.2,33.0,33.9,33.8,33.5,33.0,33.6,33.5,32.8,32.6,33.1,33.2,32.7,32.7,32.7,32.9,32.7,33.0,32.5,33.0,32.5,32.9,34.2,34.9,33.1,33.3,33.1,33.3,32.7,33.1,33.0,33.4,33.3,33.1,33.8,33.7,33.2,33.2,33.7,33.8,32.7,33.0,33.1,33.3,32.5,33.0,33.0,33.2,32.9,32.7,33.1,33.1,32.6,32.8,34.6,34.8,32.8,32.8,33.4,33.1,33.1,33.1,33.1,33.2,33.2,33.0,33.3,33.6,33.5,33.3,34.0,34.1,33.0,32.8,33.3,32.9,32.5,32.6,32.8,33.2,32.6,32.7,32.7,33.0,32.2,32.7,33.9,35.1,32.7,32.9,32.7,33.3,32.9,33.0,33.0,33.2,32.9,33.3,33.2,33.7,33.5,33.3,33.4,34.2,32.8,32.9,33.0,33.3,33.0,33.0,33.3,33.3,32.8,32.6,32.7,33.2,32.9,33.1,33.2,33.3,32.9,32.7,33.0,32.9,33.1,32.9,33.2,33.2,33.5,33.0,33.2,33.3,33.4,33.2,34.0,34.1,32.7,32.8,33.1,33.4,33.3,32.6,32.8,33.6,32.7,33.0,32.9,33.1,33.1,33.1,32.9,33.2,32.6,32.8,32.9,33.1,32.9,32.7,33.0,33.0,33.6,33.3,33.4,33.1,33.0,33.2,33.7,34.0
1785310374.255759,700,33.2,33.6,33.6,33.8,32.5,32.8,33.5,33.2,33.0,32.9,32.7,33.1,32.6,32.8,32.8,32.8,32.8,32.7,32.6,32.9,32.8,32.7,32.7,33.1,32.5,32.5,33.0,32.8,33.1,32.9,32.9,33.3,33.3,33.0,33.4,33.4,33.1,33.1,33.0,33.3,32.9,33.2,33.0,32.8,32.4,32.8,32.9,33.0,32.8,32.8,32.9,33.0,32.5,32.8,32.6,32.7,32.8,33.0,32.8,32.9,33.0,32.6,32.7,33.5,32.6,33.3,33.4,33.7,33.2,32.7,32.8,33.1,32.9,32.6,32.8,32.9,33.3,33.1,32.8,33.1,33.0,32.8,32.8,33.2,33.0,32.8,33.1,32.8,32.6,32.7,32.9,32.7,32.8,32.5,32.6,33.3,33.5,33.2,33.3,33.3,32.6,32.9,33.1,33.0,32.9,32.5,32.9,33.1,33.0,33.7,32.8,33.2,32.6,32.7,33.2,33.1,33.1,33.1,33.3,33.0,32.9,32.8,32.7,32.8,32.7,32.7,33.1,32.9,33.2,32.9,32.8,33.1,32.4,32.9,32.7,33.2,32.9,32.9,32.7,33.9,34.0,34.4,34.7,33.4,33.6,32.9,33.5,32.9,33.6,33.2,34.0,33.2,33.7,33.2,33.6,33.1,32.9,32.5,32.9,33.1,32.6,32.6,33.1,33.0,32.9,33.2,32.8,32.9,32.9,32.9,33.7,33.2,34.8,34.4,34.1,34.3,33.6,33.8,33.4,33.8,34.0,34.1,33.9,34.5,33.6,34.3,34.0,34.7,32.8,33.1,32.8,32.4,33.3,33.0,32.8,33.2,32.8,32.8,33.1,33.1,33.0,32.8,33.2,34.2,34.2,34.4,33.8,34.1,33.7,33.8,34.2,34.5,34.0,34.0,33.1,33.9,33.2,33.4,33.5,33.7,32.9,32.7,33.1,33.0,32.7,32.7,33.3,33.0,32.5,32.7,33.5,32.7,32.9,32.9,33.4,33.3,34.1,33.7,33.8,33.9,33.5,33.9,34.1,34.2,33.9,33.7,33.1,33.0,32.9,33.2,33.1,32.7,33.1,32.7,32.9,33.1,33.0,32.8,32.8,33.1,32.8,32.6,33.2,33.2,32.7,32.9,32.9,33.6,33.5,33.2,33.3,34.1,33.8,34.1,33.9,34.3,33.8,33.6,33.3,33.1,32.7,32.6,32.9,33.2,32.6,32.6,32.5,33.2,33.1,33.5,33.2,33.2,32.9,32.4,33.0,32.7,32.7,32.8,33.1,33.2,33.5,33.2,33.7,33.1,33.8,33.5,34.0,34.2,33.5,33.4,33.5,33.2,32.8,33.0,33.2,33.2,32.8,32.8,33.0,32.9,33.0,32.6,32.5,33.1,32.7,32.7,32.6,33.0,32.8,32.9,32.7,33.2,33.0,33.4,33.1,33.5,33.7,33.8,34.0,33.8,33.7,33.3,33.3,33.3,33.2,33.3,33.3,33.5,33.4,32.7,33.0,33.1,32.9,32.7,32.6,32.4,32.4,32.3,32.7,32.8,33.0,32.6,33.2,32.9,33.3,33.4,33.2,32.9,33.6,33.6,34.0,33.9,33.2,33.4,33.5,33.7,33.3,33.7,33.4,33.4,33.1,33.3,32.9,33.0,32.8,32.8,32.6,32.7,32.6,32.6,32.5,33.0,32.8,32.6,32.9,33.3,33.0,33.2,33.5,33.5,33.4,33.2,33.3,33.7,33.5,33.2,33.3,33.6,33.4,33.3,33.2,33.6,33.7,33.8,33.4,33.6,32.3,32.7,32.5,32.9,32.7,32.6,32.7,32.4,32.8,32.7,33.2,33.1,33.3,32.8,33.4,33.8,33.1,33.3,33.6,33.1,32.9,33.6,33.6,33.4,33.3,33.4,33.6,33.3,33.0,33.4,33.7,33.6,32.7,32.4,32.4,32.6,32.7,32.4,32.6,33.0,32.6,32.8,32.8,33.2,33.3,33.3,34.0,34.2,33.7,32.7,32.8,33.2,33.0,33.2,33.6,33.5,33.5,33.3,33.2,33.4,33.2,33.4,33.6,33.8,32.2,32.6,32.7,33.0,32.4,32.5,32.6,32.8,32.2,32.7,32.7,32.6,32.8,33.0,34.4,34.4,32.8,33.1,33.3,33.3,32.9,33.1,33.5,33.4,33.5,33.4,33.3,33.4,33.2,33.1,33.3,33.7,32.7,32.6,32.6,33.2,32.4,32.5,32.3,32.7,32.7,32.2,32.6,33.0,32.5,33.0,33.3,35.0,33.8,32.7,33.0,33.0,33.0,32.9,33.3,33.6,33.5,33.3,33.7,33.5,33.4,33.2,33.6,33.6,32.8,32.7,32.7,32.7,32.9,32.7,32.7,32.8,32.2,32.7,32.9,32.7,32.8,nan,34.0,33.6,33.4,33.5,33.1,33.3,32.9,32.8,33.4,33.1,33.2,33.4,33.8,33.5,33.3,33.0,33.5,33.7,32.5,32.8,33.0,32.8,32.6,32.5,33.0,33.2,32.6,32.7,32.9,32.9,32.4,32.7,32.9,34.2,34.3,33.0,33.2,33.5,33.0,32.9,33.1,33.3,33.4,33.2,33.6,33.8,33.3,33.4,33.9,33.7,32.4,32.6,32.7,33.2,32.5,32.5,32.9,33.0,32.5,32.7,32.7,32.9,32.5,32.5,33.4,33.4,33.9,33.6,32.9,33.3,32.8,33.1,33.0,33.2,33.0,32.8,33.4,33.0,33.0,32.9,33.5,33.4,32.5,33.0,32.5,33.3,33.1,32.5,32.8,32.8,32.9,32.5,32.9,33.3,33.1,32.5,33.1,34.5,34.9,33.3,33.1,33.0,33.1,33.2,33.3,33.6,33.1,32.9,33.1,34.0,33.1,33.3,33.6,34.1,32.4,32.6,32.5,32.7,32.7,33.1,33.0,33.2,32.8,32.9,32.7,33.0,32.6,32.6,33.4,33.7,33.8,33.3,33.0,32.8,33.1,32.9,33.5,33.2,32.6,33.1,33.2,33.5,33.6,33.2,33.9,34.0,33.1,33.1,32.6,33.5,32.6,32.8,33.1,33.1,32.7,32.9,33.1,32.9,32.9,32.9,33.3,33.5,32.7,32.8,32.9,33.1,32.9,32.9,33.0,33.2,33.4,32.8,33.7,33.6,33.4,33.2,33.6,34.3,32.7,32.6,33.2,33.2,32.7,32.9,32.8,33.0,33.1,32.7,33.1,33.5,32.8,33.0,33.3,33.1,32.8,32.8,32.7,32.8,32.7,32.9,33.0,33.2,33.0,33.0,33.0,33.6,33.0,33.3,33.7,34.1
1785310376.7945468,701,33.2,33.6,33.8,33.8,33.4,33.3,33.3,33.2,33.0,33.1,32.7,32.7,33.0,32.7,32.6,32.6,32.7,33.1,33.0,32.5,32.6,32.5,32.5,32.7,32.7,33.1,32.7,32.8,33.3,32.7,33.2,32.8,33.3,33.2,33.2,33.9,33.6,33.1,32.7,33.0,33.1,33.0,32.8,32.8,32.9,33.0,32.9,33.1,32.8,32.8,32.5,33.0,33.1,32.6,32.6,32.7,32.6,32.6,32.4,32.9,33.2,32.6,32.5,33.2,33.4,33.1,33.7,33.5,33.4,33.4,33.2,33.1,32.7,32.8,32.7,32.7,32.7,32.9,32.9,33.0,32.8,32.8,32.8,33.0,33.0,32.8,32.7,32.4,32.4,32.9,32.9,32.7,33.0,32.9,33.1,33.3,33.0,33.6,33.5,33.5,33.0,32.9,32.8,33.1,33.1,32.9,32.7,33.0,32.8,33.2,32.6,32.7,32.8,32.7,33.0,32.9,33.1,32.9,32.8,32.8,33.1,32.6,32.3,32.8,32.7,32.7,32.9,33.1,33.2,33.2,32.8,33.1,33.0,32.9,33.1,33.0,32.7,32.7,32.9,32.8,33.2,33.4,33.7,33.4,32.9,32.9,32.7,32.8,33.1,32.7,32.9,33.0,33.0,33.0,33.0,32.9,32.5,33.0,32.5,32.9,33.8,33.1,32.9,32.6,33.2,32.8,32.8,33.1,33.1,33.0,32.9,32.7,33.4,33.6,34.1,34.5,33.3,33.3,32.9,33.0,33.0,33.1,33.0,33.3,32.9,33.0,33.0,33.2,33.4,32.8,32.8,32.8,33.3,33.5,33.0,32.8,32.6,33.0,32.9,32.7,33.1,32.8,32.8,33.1,33.4,33.7,34.6,35.2,34.6,33.8,34.1,34.2,33.6,33.3,33.6,34.1,34.2,33.9,34.0,34.1,34.2,33.7,32.9,33.2,32.8,33.0,32.9,32.6,32.7,33.1,33.0,32.8,32.7,32.7,33.1,32.8,33.2,34.0,35.0,34.8,34.3,33.7,33.8,33.7,33.7,33.8,34.1,34.3,34.7,34.4,33.9,34.0,34.4,34.1,32.9,33.1,33.0,33.2,32.8,33.1,33.0,32.6,32.8,32.8,32.9,32.9,32.9,32.9,33.2,33.3,34.0,34.1,33.8,33.7,33.9,33.5,34.1,34.3,33.8,33.6,33.1,33.1,32.9,33.0,32.9,33.2,32.9,33.0,33.3,32.6,33.2,32.8,33.0,32.4,32.7,33.2,32.8,33.0,32.8,33.0,32.9,32.7,33.5,34.0,33.7,33.7,33.8,34.1,34.0,34.2,33.7,34.2,33.5,33.2,32.9,33.1,33.0,33.0,33.0,32.7,33.2,33.0,33.3,32.7,32.9,32.9,32.9,33.0,32.8,33.3,32.7,32.8,32.8,33.2,33.6,33.5,33.5,33.4,33.6,34.3,34.0,34.1,33.6,33.7,33.7,33.3,33.2,33.1,32.8,32.7,33.0,32.9,33.1,33.1,32.4,32.8,32.6,32.8,32.7,32.8,33.1,32.6,32.7,32.9,33.1,32.9,33.0,33.1,33.4,33.4,33.4,33.7,33.9,33.6,33.5,33.7,33.5,33.7,33.3,33.2,33.2,33.1,32.9,33.0,33.1,32.8,32.8,32.8,32.8,32.7,32.5,33.0,32.6,33.3,32.8,32.8,33.0,33.2,33.4,33.4,33.4,33.5,33.8,33.9,34.2,33.9,33.8,33.5,33.4,33.5,33.5,33.6,33.5,33.6,33.0,33.2,33.1,33.3,32.5,32.9,32.7,32.3,32.2,32.8,33.0,32.7,32.5,33.1,32.8,33.1,33.1,33.5,33.3,33.3,33.4,33.7,34.1,33.6,33.6,33.4,33.5,33.4,33.6,33.7,33.4,33.3,33.5,33.2,32.9,33.1,32.8,32.8,32.8,32.6,32.8,32.8,32.8,32.8,32.8,32.8,33.2,33.0,33.2,33.2,33.7,33.7,33.5,33.2,33.6,33.5,33.5,33.5,33.3,33.5,33.6,33.4,33.2,33.4,33.6,34.0,32.6,32.8,32.5,32.6,32.4,32.3,32.8,32.8,32.7,32.3,32.4,32.7,33.0,33.1,33.4,33.5,34.1,34.3,33.0,33.0,33.2,33.3,33.2,33.4,33.7,33.2,33.6,33.3,33.6,33.6,33.5,33.9,33.1,32.8,32.6,32.8,32.6,32.6,32.5,32.7,32.6,32.9,32.3,32.6,32.8,33.2,33.2,33.4,34.0,34.5,33.3,33.4,33.5,33.5,33.0,33.0,33.5,33.5,33.7,33.8,33.2,33.2,33.4,33.6,33.1,32.9,32.5,32.9,32.7,32.3,32.6,32.9,32.5,32.7,32.5,32.7,32.8,nan,33.1,33.1,34.1,34.4,33.2,33.0,32.9,32.9,33.2,33.2,33.4,33.2,33.8,33.7,33.7,33.4,33.7,33.4,33.1,32.8,32.8,33.0,32.6,32.6,32.6,32.8,32.9,32.7,32.4,32.4,32.5,32.7,33.0,33.2,33.7,34.5,33.5,33.4,33.3,33.2,33.1,33.1,33.6,33.3,33.4,33.8,33.5,33.8,33.5,33.5,32.9,33.2,32.9,33.0,32.4,32.5,32.3,32.8,32.5,32.9,32.9,32.9,33.0,32.8,32.8,32.8,33.6,34.3,33.5,33.2,33.1,33.1,33.0,33.4,33.2,33.1,33.3,33.7,33.4,33.6,33.5,33.6,32.9,33.2,32.5,32.9,32.7,32.7,32.6,32.8,32.9,33.1,32.9,32.9,32.6,33.0,32.9,32.8,33.2,34.0,33.9,33.5,33.3,33.2,33.3,33.1,33.1,33.2,33.5,33.4,33.7,33.3,33.6,33.7,32.8,32.6,32.7,33.1,32.9,33.0,32.8,33.0,32.7,32.7,32.9,33.2,32.6,32.9,32.7,32.8,33.3,34.3,34.1,33.5,33.1,32.9,33.4,33.0,33.1,33.1,33.4,33.5,33.6,33.4,33.7,33.8,32.8,33.4,32.9,33.1,33.2,33.0,33.3,33.1,33.1,33.0,32.9,32.9,32.9,33.1,32.7,32.8,33.4,34.3,33.9,33.6,33.1,33.3,33.4,33.0,33.4,33.0,33.5,33.4,33.4,33.6,33.8,33.9,32.7,32.8,32.7,33.2,33.3,32.7,32.8,33.0,32.9,32.7,32.9,32.8,32.6,33.0,32.8,32.9,33.1,33.5,33.5,33.5,33.2,32.6,33.2,33.1,33.4,33.4,33.5,33.6,33.2,33.9,33.7,34.1
1785310384.4338734,704,33.4,33.0,33.5,33.4,33.4,33.2,33.3,33.3,33.0,33.0,32.7,33.1,33.4,32.6,33.0,32.8,32.3,32.7,32.8,33.0,33.0,32.3,32.7,32.7,33.0,32.7,32.9,32.7,33.0,33.1,32.6,33.2,32.9,33.9,33.6,33.1,33.1,33.3,33.1,33.0,32.7,32.8,33.0,33.2,32.5,32.9,32.8,32.9,32.4,32.6,32.7,32.8,32.7,32.9,32.8,33.0,33.2,32.8,33.0,32.9,32.9,32.5,33.1,33.1,33.3,33.2,33.4,33.4,33.3,33.1,33.0,33.2,33.1,32.6,32.6,32.9,32.4,33.1,32.7,32.8,32.8,32.8,32.4,32.8,32.8,32.6,32.9,32.2,32.8,32.8,32.4,32.9,33.2,32.8,33.0,33.2,32.9,33.3,33.7,33.0,33.0,33.0,32.7,32.7,32.8,32.9,32.9,32.9,32.8,33.0,32.8,32.9,32.9,32.6,33.0,32.9,32.9,32.9,32.8,32.4,32.5,32.9,32.7,33.2,32.6,32.7,32.9,33.1,33.4,33.1,32.8,33.3,32.8,32.8,32.9,33.1,32.9,32.9,32.7,32.8,33.0,32.9,32.8,32.9,33.2,32.6,32.7,32.9,33.1,32.7,32.8,33.0,33.0,33.0,32.6,32.9,32.7,32.5,32.9,32.8,33.0,33.3,32.9,33.0,32.7,32.8,32.8,33.3,32.9,33.2,33.2,33.0,33.3,33.6,33.3,33.0,32.8,33.0,32.9,33.0,32.8,32.8,33.0,33.2,32.5,32.6,33.0,32.8,32.6,32.8,32.8,33.0,33.0,32.5,33.1,33.2,33.1,32.6,33.1,33.1,32.8,33.0,33.3,33.9,33.9,34.5,34.3,34.4,33.7,33.3,33.1,33.7,33.5,33.3,33.2,33.4,33.0,33.6,33.1,33.5,32.8,32.7,32.8,33.2,32.9,33.1,33.2,32.9,32.7,32.9,33.1,32.8,33.0,32.9,33.4,33.8,34.5,35.1,34.8,34.2,33.7,33.9,33.3,33.4,33.5,33.8,34.3,34.0,34.3,33.8,34.2,33.8,32.9,32.9,32.9,33.0,32.9,32.9,33.0,33.2,33.0,32.8,32.8,33.1,32.9,32.8,33.2,33.6,34.1,34.1,34.0,34.1,33.6,33.5,33.6,34.1,33.8,34.0,33.8,33.8,33.7,33.1,33.8,33.9,32.9,32.8,33.1,33.0,33.0,33.4,33.1,33.2,32.7,32.9,32.9,32.9,32.8,33.1,33.1,33.2,33.5,34.0,34.0,33.9,34.0,33.9,34.0,34.1,33.9,33.9,33.3,33.6,33.0,33.2,33.0,33.7,33.0,32.8,32.8,33.1,32.7,32.8,32.7,32.8,32.6,32.7,32.4,33.0,33.1,32.9,32.9,33.2,33.5,33.4,33.5,33.7,34.1,33.7,34.1,34.0,33.8,33.8,33.4,33.5,33.2,33.0,33.0,33.1,33.2,32.6,33.4,33.3,33.3,32.9,32.8,32.6,32.6,33.0,32.9,32.7,32.9,33.0,33.2,33.1,33.1,33.4,33.2,33.4,33.7,33.9,34.0,34.1,33.7,33.9,33.5,33.5,33.3,33.2,32.9,33.0,33.0,32.7,32.6,33.0,32.8,33.0,32.7,33.1,32.8,32.5,32.7,33.0,32.8,32.8,32.8,33.3,33.3,33.4,33.4,33.2,33.8,33.5,33.8,34.2,33.7,33.4,33.7,33.3,33.3,33.2,33.2,33.2,33.2,33.0,32.8,33.5,32.9,32.9,32.4,32.5,32.3,32.6,32.7,32.8,32.7,32.9,33.0,33.2,32.8,33.3,33.4,33.0,33.4,33.8,33.9,33.9,33.4,33.6,33.5,33.6,33.1,33.5,33.8,33.3,33.2,32.9,33.0,33.4,32.8,32.6,32.7,32.8,32.5,32.6,32.8,33.2,32.8,32.8,33.2,33.3,33.0,33.0,33.2,33.5,33.1,33.5,33.8,34.2,33.1,33.4,33.3,33.5,33.6,33.5,33.4,33.6,33.5,33.0,33.4,33.5,32.8,32.8,32.9,32.5,32.6,32.5,32.8,32.6,32.4,32.8,32.7,32.9,33.3,33.3,33.6,33.6,33.3,33.3,33.7,33.8,33.4,33.3,33.2,33.4,33.7,33.7,33.4,33.7,33.4,33.6,33.4,33.1,32.8,32.6,32.7,33.2,32.7,32.5,32.8,33.0,32.7,32.6,33.0,33.3,33.5,33.3,34.3,34.3,33.0,33.0,33.3,33.2,33.3,33.2,33.5,33.6,33.6,33.1,33.4,33.3,33.5,33.3,33.4,33.7,32.6,32.7,32.4,32.7,32.7,32.5,32.6,32.7,32.5,32.5,32.9,33.1,33.0,nan,34.2,34.2,33.6,33.3,33.1,33.1,33.4,33.3,33.5,33.6,33.4,33.5,33.5,33.2,33.3,33.2,33.2,33.8,32.6,32.8,32.9,33.0,32.8,32.5,32.6,33.2,32.7,32.5,32.6,32.9,33.0,32.8,34.0,34.5,33.3,33.0,33.0,33.5,33.2,33.2,33.4,33.6,33.8,33.4,33.7,34.2,33.3,33.3,33.2,33.5,32.4,32.8,32.8,32.8,32.7,32.7,32.5,32.8,32.7,32.9,32.9,32.7,32.7,33.0,33.6,34.7,33.5,33.5,33.1,33.2,32.8,33.1,33.4,33.7,33.4,33.5,33.6,33.5,33.2,33.2,33.3,33.2,32.9,32.9,32.9,32.9,32.7,32.6,33.2,33.4,32.7,32.5,32.9,32.9,32.8,32.7,33.1,34.2,34.0,33.0,33.6,33.3,33.3,33.0,33.3,33.4,33.2,33.4,33.7,33.8,33.9,33.6,33.5,33.6,32.8,33.0,32.7,33.1,32.5,33.0,33.0,33.2,32.8,32.9,32.9,32.8,32.6,32.9,33.2,34.5,33.9,33.6,33.0,33.3,33.2,33.1,33.0,33.0,33.1,33.3,33.4,33.9,33.3,33.5,33.8,33.7,32.6,33.1,33.2,33.4,32.8,32.8,33.1,33.1,32.8,33.0,32.9,33.1,32.9,32.7,33.6,34.5,34.1,33.4,33.2,33.3,32.9,33.1,33.4,33.3,33.7,32.8,33.6,33.7,33.6,33.6,34.0,34.5,32.9,33.0,33.3,33.1,32.9,33.0,32.8,33.2,32.9,33.0,33.1,32.9,32.9,32.9,33.3,34.3,33.8,33.3,33.1,33.3,33.0,33.4,33.2,33.2,33.2,33.5,33.4,33.5,33.4,33.6,33.9,34.5
1785310386.9821036,705,33.4,33.0,33.2,33.4,33.6,33.2,33.3,33.1,33.2,32.7,32.9,32.9,33.0,32.7,32.6,32.8,32.6,32.3,32.4,32.5,32.8,32.7,32.5,32.7,32.7,32.7,32.3,32.7,33.0,33.1,32.6,32.7,32.7,33.4,33.8,33.6,33.1,32.8,32.7,33.2,32.7,32.6,32.6,33.0,32.6,32.6,32.7,32.9,32.4,32.6,32.9,32.4,32.7,32.7,32.6,32.8,33.0,32.6,32.6,33.1,32.7,32.8,32.6,33.1,33.5,33.3,33.1,33.2,32.7,33.1,32.6,32.9,32.7,32.6,33.0,32.9,32.6,32.6,32.8,33.0,32.8,32.6,32.6,32.5,32.8,32.3,32.3,32.8,32.8,32.7,32.8,32.9,32.7,32.7,32.5,33.0,33.2,33.6,33.0,33.5,32.8,32.4,32.9,32.7,33.0,32.5,32.4,33.3,32.5,32.7,33.0,32.9,32.8,32.7,32.7,33.1,32.5,32.5,32.6,32.6,32.7,32.8,32.5,32.6,33.1,32.5,32.9,33.1,32.7,33.1,33.0,33.1,33.2,33.1,32.7,33.0,32.9,32.7,32.7,32.8,33.2,32.9,32.8,32.7,32.9,32.6,32.7,32.6,32.9,32.7,32.6,32.7,33.0,32.8,32.8,32.7,33.1,32.9,32.4,32.8,32.8,33.3,32.9,33.0,32.7,32.8,32.6,32.9,32.7,33.0,32.9,33.2,33.3,33.6,32.8,33.0,32.8,32.8,33.0,33.0,32.8,32.9,32.5,33.1,32.5,32.8,32.6,33.1,32.8,32.8,32.8,33.2,33.5,33.0,32.7,33.0,32.8,32.6,32.9,33.1,33.0,32.8,33.0,33.4,34.1,34.4,34.4,33.6,33.3,33.2,32.9,33.2,33.3,33.0,33.1,32.9,33.0,32.9,33.1,32.6,32.9,32.7,32.8,32.8,32.5,32.7,32.6,33.1,32.7,32.9,33.0,33.0,32.7,32.9,32.9,33.8,34.2,34.8,34.6,34.5,33.2,33.5,33.4,33.6,33.4,33.5,33.1,33.8,33.3,33.3,33.1,33.6,32.7,33.1,32.3,33.0,32.7,32.9,32.8,32.9,33.2,33.0,33.0,32.6,33.1,32.4,32.9,33.6,34.3,34.5,34.1,33.8,33.5,33.8,33.8,33.8,34.0,34.0,34.0,34.3,33.9,34.2,33.8,34.3,33.1,32.8,32.5,33.0,32.9,33.0,33.1,33.0,32.9,32.6,32.5,33.2,32.9,32.8,33.0,33.3,34.0,33.9,34.0,33.7,33.9,33.7,33.5,34.2,34.0,33.6,34.0,33.6,33.3,33.2,33.4,33.9,33.2,32.8,32.6,32.9,32.9,33.0,32.9,32.7,33.0,32.9,32.9,32.9,32.9,32.9,33.1,33.0,33.3,33.4,33.6,33.9,34.0,33.9,34.0,33.9,34.0,33.7,33.1,33.2,32.9,33.0,32.8,32.6,33.2,32.8,32.6,32.7,33.1,32.9,32.6,32.8,32.6,33.0,32.5,33.1,32.7,32.6,32.7,33.1,33.4,33.3,33.4,33.3,33.8,33.7,33.7,34.2,33.9,33.9,33.3,33.5,32.8,33.0,32.6,32.8,33.1,32.7,32.5,32.6,32.8,32.8,32.9,32.9,33.0,32.6,32.8,32.5,32.8,32.6,32.8,33.0,33.3,33.1,33.2,33.4,33.9,33.9,33.8,33.9,33.9,33.4,33.5,33.7,33.3,33.2,33.0,32.7,33.0,32.7,32.8,32.9,32.7,32.9,32.6,32.7,32.1,32.5,32.9,32.8,32.8,32.9,32.7,32.7,33.0,33.2,33.0,33.3,33.3,33.8,33.8,34.1,33.6,33.4,33.1,33.3,33.3,33.4,33.2,33.3,32.9,32.9,32.7,33.2,32.8,32.6,32.3,32.6,32.6,32.4,32.4,32.8,32.9,33.0,32.8,33.2,33.2,33.2,33.2,33.1,33.6,33.7,33.7,33.7,33.6,33.4,33.3,33.5,33.5,33.3,33.4,33.4,33.4,32.7,33.4,33.1,32.6,32.8,32.5,32.6,32.6,32.7,32.8,32.8,32.4,32.9,32.7,32.9,33.1,33.5,33.1,33.3,33.0,33.6,33.4,33.8,33.3,33.6,33.1,33.4,33.7,33.4,33.3,33.5,33.4,33.5,33.5,33.5,33.1,32.6,33.0,33.0,32.4,32.4,32.5,32.5,32.4,32.6,33.0,33.0,33.2,33.4,34.1,34.0,33.2,32.7,33.0,33.4,33.3,33.0,33.5,33.1,33.5,33.1,33.2,33.3,33.5,33.4,33.4,33.3,32.4,32.5,32.4,32.5,32.5,32.5,32.8,32.7,32.2,32.7,32.9,32.9,33.0,nan,34.1,34.6,33.1,33.2,32.9,33.3,33.1,33.6,33.7,33.4,33.2,33.4,33.5,33.4,33.1,33.2,33.7,33.8,32.9,32.6,33.0,32.8,32.8,32.5,32.6,33.0,32.6,32.6,32.6,32.8,32.9,33.2,34.2,34.5,33.5,32.9,33.0,33.4,33.2,33.0,33.3,33.4,33.6,33.4,33.7,33.3,33.1,33.2,33.6,33.5,32.4,33.0,32.5,33.0,32.9,32.9,32.5,33.0,32.2,32.9,32.6,32.9,32.7,33.1,34.1,34.4,33.0,33.3,32.8,33.3,33.0,32.9,33.2,33.4,33.4,33.5,33.4,33.5,33.0,33.0,33.1,33.4,32.9,32.5,33.1,33.1,32.9,32.5,32.8,32.8,32.7,32.5,32.9,32.9,32.8,32.7,33.3,34.3,33.5,33.2,33.2,33.0,33.5,33.0,33.3,33.4,33.4,33.6,33.5,33.6,33.7,33.1,33.3,33.4,32.8,32.7,32.3,33.1,32.7,33.0,33.0,33.0,32.5,32.5,32.7,33.2,32.8,32.8,33.3,34.3,33.4,33.3,32.9,33.3,32.9,33.1,33.4,33.2,33.1,33.3,33.6,33.7,33.4,33.5,33.6,33.3,32.8,32.9,32.8,33.3,33.0,32.6,32.9,32.9,33.0,32.7,32.5,32.7,32.7,32.9,33.6,34.7,33.8,33.5,33.2,33.3,33.3,32.9,33.4,33.2,33.4,33.4,33.6,33.0,33.6,33.4,34.0,33.8,32.7,33.0,32.9,33.1,32.9,33.1,32.6,33.4,32.7,32.8,32.7,33.1,33.0,33.1,33.5,34.3,33.5,33.3,32.9,33.5,32.7,32.9,33.2,33.4,33.4,33.5,33.2,33.3,33.0,33.4,33.7,34.0
1785310394.6863885,708,33.3,32.9,33.4,33.4,33.6,34.0,33.4,33.3,33.0,32.8,33.1,33.3,32.6,32.8,33.0,33.0,32.8,32.7,32.6,33.0,33.0,32.7,32.7,32.9,32.8,32.7,32.7,32.9,33.2,33.3,32.5,33.2,33.6,33.3,33.5,33.5,33.5,33.0,33.3,33.2,33.1,33.1,32.8,33.0,32.7,33.1,32.8,32.9,32.8,33.0,32.7,33.0,32.9,32.7,32.6,33.2,32.5,32.6,32.9,32.6,32.9,32.9,32.5,33.1,33.4,33.7,33.5,34.0,33.5,33.3,33.2,33.0,32.7,32.8,32.6,33.2,32.9,32.9,32.7,32.8,32.8,32.8,32.6,32.6,33.0,32.5,32.9,32.9,33.0,32.8,32.8,32.9,32.9,32.8,33.2,33.2,33.1,33.5,33.2,33.9,32.9,32.8,32.9,33.1,32.6,32.9,33.1,32.8,32.8,32.9,32.6,33.1,33.1,32.9,32.7,33.1,32.7,32.9,32.6,32.8,32.9,32.9,32.5,33.2,33.0,32.7,33.0,33.2,33.6,33.5,33.2,33.5,33.4,32.8,32.5,33.1,33.1,33.1,32.5,32.8,32.8,33.3,32.8,32.6,33.1,32.8,32.7,32.8,32.7,32.9,33.1,32.8,33.0,32.6,32.7,32.9,32.9,32.9,32.4,33.0,33.2,33.0,33.3,33.0,33.1,33.0,33.0,33.1,32.9,33.0,32.8,32.9,33.3,33.0,33.3,33.2,33.2,33.0,32.6,32.8,33.0,33.1,32.8,32.9,32.8,32.8,32.6,32.9,32.8,32.8,32.5,32.9,33.4,33.2,32.9,33.4,33.1,33.0,32.9,33.1,33.0,32.8,32.7,33.2,33.4,33.6,34.3,34.3,33.2,33.0,32.8,33.0,33.1,32.8,32.7,33.1,32.8,33.1,32.7,33.1,32.8,32.8,32.6,33.4,33.3,33.3,32.8,33.1,32.9,32.9,32.8,33.0,33.1,32.9,32.9,33.0,33.7,34.0,34.8,35.0,33.9,33.1,33.2,33.4,33.2,32.9,33.0,33.0,33.3,33.2,33.1,33.1,32.9,32.9,32.9,33.0,32.6,32.9,33.0,33.4,33.2,32.8,33.0,33.2,33.1,32.9,32.9,33.2,33.7,34.2,34.8,35.2,34.3,34.3,33.6,34.1,33.5,33.5,34.0,34.3,34.4,34.3,33.8,34.3,33.6,33.5,32.9,33.4,33.4,33.0,33.1,33.4,32.9,33.1,32.7,33.0,33.0,33.1,33.1,33.0,33.4,33.7,34.5,34.7,33.7,33.7,33.9,34.2,34.1,33.8,34.2,34.2,34.5,34.2,33.9,34.4,34.4,33.7,32.8,32.9,33.1,33.2,33.1,33.2,32.8,33.1,32.4,33.2,33.1,32.9,32.9,33.2,33.2,33.4,33.5,33.9,34.0,33.7,33.8,33.9,34.0,34.0,33.8,33.5,33.2,33.2,33.0,33.5,33.2,33.0,32.8,33.3,32.8,32.8,32.6,33.2,32.8,32.6,32.9,32.8,33.2,32.5,33.0,33.1,33.1,33.3,33.7,33.8,33.8,33.7,34.0,33.9,34.2,34.2,33.7,33.7,33.0,33.0,32.6,32.8,33.0,33.1,33.0,32.9,33.0,33.4,32.5,33.1,32.9,32.9,32.8,33.2,33.3,33.0,32.6,33.1,33.4,33.2,33.7,33.6,33.4,33.7,33.8,33.9,34.0,33.9,33.8,33.7,33.6,33.2,33.2,33.4,33.3,32.8,32.9,33.1,32.9,33.1,32.8,32.8,32.7,32.6,32.9,33.0,33.2,32.9,33.2,32.9,32.7,33.0,33.3,33.3,33.4,33.6,33.9,34.1,33.8,33.6,33.7,33.8,33.3,33.4,33.4,33.5,33.4,32.9,33.0,33.2,32.8,32.8,32.5,32.8,32.6,32.8,32.8,33.2,33.1,33.1,33.0,33.2,32.9,33.4,33.2,33.2,33.3,33.4,33.8,34.2,33.7,33.5,33.8,33.5,33.6,33.3,33.4,33.6,33.4,33.4,33.1,33.3,32.5,32.8,32.9,32.7,32.4,32.5,32.8,33.0,32.9,33.0,32.7,33.4,33.5,33.3,33.4,33.5,33.2,33.3,33.5,34.0,33.6,33.8,33.4,33.5,33.9,33.5,33.8,33.9,33.4,33.6,33.2,33.3,33.0,32.7,32.3,33.0,32.6,32.7,32.6,32.8,32.9,32.6,33.0,33.2,33.2,33.2,33.5,33.9,34.2,33.5,33.3,33.5,33.3,33.4,33.5,33.3,33.8,33.1,33.5,33.6,33.5,33.9,33.3,33.5,32.8,32.7,32.4,32.5,32.9,32.7,32.7,32.7,32.5,32.4,32.5,33.2,33.0,nan,33.6,34.1,34.3,33.8,33.3,33.0,33.6,33.4,33.4,33.4,33.4,33.2,33.1,33.7,33.6,33.2,33.4,34.0,33.0,33.0,32.5,32.9,32.9,32.7,33.1,32.8,33.2,32.9,32.8,33.1,33.0,33.2,33.7,33.9,34.5,34.2,33.3,33.4,33.2,33.4,33.4,33.4,33.4,33.4,33.9,33.8,33.3,33.5,33.2,33.9,32.6,33.0,32.6,32.7,32.7,32.5,32.5,33.0,32.9,32.9,32.7,33.0,32.9,32.8,33.4,33.8,34.5,34.0,33.0,33.3,33.3,32.9,33.6,33.6,33.4,33.3,33.6,33.7,33.2,33.4,33.7,33.5,32.8,33.1,32.7,33.1,32.7,33.0,32.6,33.4,32.9,32.5,32.9,33.1,32.3,32.8,33.1,33.5,34.9,34.2,33.1,33.5,33.1,33.2,33.1,33.6,33.4,33.4,33.5,33.9,33.5,33.4,33.5,33.6,32.7,32.9,32.9,32.9,32.9,32.8,33.2,33.2,33.0,33.0,32.7,32.6,32.8,33.1,33.1,33.3,34.5,34.3,33.2,33.3,33.1,33.2,33.0,33.4,33.3,33.5,33.6,33.8,33.5,33.7,33.8,33.9,33.4,32.6,33.2,33.6,33.0,33.1,33.1,33.1,32.8,33.0,33.4,33.1,33.1,32.9,33.1,32.9,34.8,34.7,33.4,33.3,33.1,33.5,33.2,33.3,33.4,33.5,33.6,33.5,33.8,33.3,33.9,33.7,33.3,32.9,32.8,33.1,33.0,33.2,33.2,33.2,32.9,33.4,33.1,33.1,33.1,32.8,32.8,32.7,34.9,34.5,33.3,33.5,33.2,33.3,33.0,33.4,33.4,33.7,33.6,33.9,33.8,33.8,33.6,34.2
1785310399.8106265,710,33.3,33.4,33.4,33.1,33.6,33.6,33.7,33.5,33.0,33.0,32.9,32.9,33.0,32.7,33.0,33.0,33.0,32.7,32.6,32.9,32.8,32.7,32.5,32.7,32.8,32.5,32.5,33.4,33.2,33.1,32.8,33.2,32.9,33.1,33.0,33.1,33.0,33.7,33.5,33.0,32.9,33.4,33.0,33.0,32.6,33.0,32.9,32.9,32.8,33.0,33.0,32.8,32.7,32.7,32.6,32.4,32.8,32.6,33.0,32.9,32.9,32.3,33.1,33.3,33.0,33.5,33.1,33.8,33.3,33.1,33.0,33.0,32.9,32.8,32.5,33.3,33.1,32.8,32.8,33.0,32.6,32.8,32.6,33.0,33.0,32.8,32.9,32.8,32.6,32.5,32.6,33.1,32.9,33.1,32.7,33.0,32.9,33.5,32.7,33.4,33.0,33.0,32.9,32.9,33.0,32.7,32.7,32.8,32.5,32.9,32.8,32.7,32.6,32.9,33.1,32.8,32.9,32.7,32.8,32.5,32.9,32.8,32.9,32.8,32.8,32.9,32.8,33.0,32.9,33.1,33.2,33.3,33.2,32.8,32.7,33.1,32.9,32.7,32.7,32.8,32.9,32.9,33.0,33.3,33.3,33.1,32.7,33.0,32.9,33.1,32.6,33.0,32.8,32.8,32.4,32.7,32.9,32.9,32.6,33.0,33.2,33.0,33.3,33.2,32.9,33.2,33.0,32.7,32.9,32.7,32.9,32.4,33.0,32.6,33.5,33.4,33.5,33.5,33.1,32.8,33.0,33.0,32.7,33.1,32.9,32.5,33.0,33.0,32.8,32.8,32.8,32.7,33.0,32.7,32.5,33.4,32.8,32.6,32.9,33.1,32.8,33.0,32.5,32.9,32.8,32.8,32.8,33.5,34.0,35.0,34.1,33.6,33.3,33.3,32.9,33.3,33.0,32.9,32.9,33.1,33.0,32.7,32.8,33.4,32.9,33.1,32.8,32.7,32.7,32.9,32.8,33.2,32.7,32.7,33.1,32.8,32.7,33.1,33.4,33.6,34.8,34.8,34.4,34.2,33.6,33.4,33.8,33.5,33.7,33.4,33.7,33.1,33.5,32.7,33.1,33.0,32.9,32.5,32.8,33.0,33.0,33.0,32.8,33.0,32.9,33.1,32.8,33.3,32.4,32.7,33.1,33.7,34.5,34.5,34.1,33.8,33.8,33.5,33.8,33.8,34.1,34.7,34.6,34.8,34.0,34.3,34.1,33.6,33.3,33.2,32.7,33.0,32.9,32.9,32.7,32.9,33.0,33.0,32.8,32.9,32.8,32.8,33.1,33.1,34.0,34.1,33.5,33.8,33.8,33.5,34.2,33.9,34.0,34.6,34.0,34.2,33.5,33.8,34.4,33.7,32.9,32.8,33.1,33.0,32.7,33.1,32.6,33.1,32.6,33.0,32.6,33.0,32.9,33.1,32.9,33.2,33.5,33.6,33.5,33.7,34.2,34.2,34.1,34.2,34.1,33.8,33.0,33.5,33.4,33.2,33.2,33.3,33.1,32.6,32.6,32.6,32.6,32.8,32.7,32.6,33.1,32.7,33.0,32.6,33.0,32.8,32.7,33.1,33.5,33.1,33.3,33.3,34.2,34.1,34.0,33.9,33.7,33.9,33.3,33.0,32.9,33.1,33.2,33.0,33.2,32.8,32.9,33.1,32.8,33.1,32.7,32.7,32.6,32.5,32.6,33.0,33.2,32.6,33.1,33.2,33.4,32.9,33.2,33.4,33.9,33.9,33.9,34.0,33.6,33.0,33.2,33.6,33.4,32.8,33.0,33.1,32.7,32.7,32.8,32.9,32.5,32.6,32.6,32.5,32.7,32.4,32.9,32.9,32.7,32.7,33.0,33.2,33.0,33.5,33.0,33.2,33.9,33.8,33.9,33.8,33.7,33.6,33.4,33.2,33.2,33.3,33.4,33.4,33.4,33.0,32.9,33.0,32.7,32.4,32.6,32.5,32.6,32.7,32.7,32.9,32.9,33.1,33.1,33.1,33.4,33.6,33.2,33.4,33.4,33.6,34.0,33.5,33.8,33.2,33.0,33.8,33.6,33.4,33.6,33.7,32.8,32.8,32.7,32.7,32.3,32.3,32.6,32.6,32.6,32.4,32.8,32.8,33.0,32.7,32.8,33.0,33.0,33.5,33.4,33.4,33.4,33.5,33.9,33.5,33.5,33.2,33.8,33.5,33.6,33.3,33.6,33.7,33.0,32.6,32.5,32.6,32.8,32.5,32.5,33.0,32.4,32.4,32.5,32.5,32.9,32.9,33.0,33.1,33.4,33.9,34.2,34.0,33.2,33.2,33.3,33.2,33.8,33.3,33.4,33.7,33.4,33.4,33.4,33.7,33.0,32.7,32.6,32.7,32.4,32.7,32.6,32.6,32.4,32.7,32.6,32.8,32.4,nan,32.6,33.2,33.3,33.5,34.4,34.3,33.1,33.3,33.2,33.3,33.3,33.4,33.3,33.4,33.3,33.2,33.2,33.6,33.1,32.8,32.7,33.0,32.8,32.7,32.6,33.2,32.2,32.6,32.3,33.1,32.6,32.7,32.7,32.9,32.9,33.5,34.3,33.9,33.5,32.9,32.9,33.3,33.3,33.3,33.7,33.8,33.7,33.2,33.2,33.5,32.8,33.2,33.1,33.0,32.5,32.9,32.5,32.8,32.5,32.9,32.6,32.7,33.0,32.7,33.0,32.6,33.0,33.4,34.5,34.4,33.1,33.1,33.4,33.1,33.0,33.3,33.4,33.3,33.2,33.6,33.5,33.2,32.9,33.1,32.5,33.1,32.7,32.5,32.8,33.2,32.9,32.5,33.0,33.1,33.0,32.7,32.8,32.8,32.9,32.8,34.0,34.4,33.5,33.0,33.3,33.6,33.4,33.4,33.5,33.8,33.9,33.5,33.5,33.6,32.5,32.7,32.5,32.9,32.7,33.0,33.0,33.0,32.7,32.5,32.8,32.8,32.8,32.6,32.9,32.5,32.4,32.6,34.5,34.9,33.1,33.1,33.4,33.2,33.2,33.3,33.2,33.9,33.2,33.7,33.6,34.1,33.0,33.0,32.8,33.2,33.2,32.6,33.3,33.1,32.9,32.9,32.9,32.9,33.1,32.6,32.5,33.0,32.7,33.1,34.8,34.7,33.5,33.3,33.2,33.2,33.4,33.2,33.2,33.3,33.8,33.1,34.2,34.0,32.9,33.2,32.9,32.7,32.7,32.8,33.0,33.0,32.9,33.0,32.9,32.8,33.0,32.8,33.1,32.8,32.6,33.3,35.2,35.1,32.7,33.3,33.2,33.2,33.0,33.2,33.2,33.5,33.4,33.4,34.1,33.7
1785310402.3044467,711,33.6,33.2,33.4,33.4,33.8,33.6,33.7,32.9,33.2,32.9,32.7,33.1,33.0,32.7,32.8,33.2,32.7,32.7,32.8,33.1,32.8,32.9,32.3,32.7,32.9,32.7,32.7,33.0,33.0,32.8,32.8,32.7,33.2,33.3,34.0,33.3,33.3,33.3,33.3,33.4,33.1,32.8,32.8,32.6,32.6,33.2,32.7,33.0,32.6,32.6,32.9,32.8,32.9,32.4,32.6,32.8,32.6,33.0,32.6,33.1,33.1,32.7,32.8,33.1,33.5,33.2,33.3,32.9,33.5,33.3,33.2,33.3,32.9,32.8,32.7,33.1,32.9,33.0,32.6,32.8,32.6,32.7,32.6,32.7,32.6,33.0,32.7,32.8,33.0,32.5,32.6,33.1,33.2,32.6,32.7,33.0,33.2,33.0,32.7,33.0,32.6,32.8,33.3,32.9,32.9,32.9,32.6,33.1,32.5,32.5,32.7,32.7,33.0,32.9,32.6,32.8,32.8,32.9,32.6,32.7,32.7,32.6,32.5,33.2,33.1,32.5,32.8,33.3,33.1,33.1,32.8,33.1,33.0,33.1,33.1,33.0,32.7,32.9,32.7,32.9,32.9,32.4,33.0,32.8,33.1,33.2,32.7,32.6,32.9,32.6,33.0,32.9,33.0,32.8,32.6,33.1,32.7,32.7,32.9,32.8,32.8,33.2,33.5,33.2,33.3,33.0,32.4,32.9,32.7,32.9,32.7,32.9,32.8,32.8,33.1,33.4,33.5,33.4,32.8,32.5,32.9,32.8,32.7,32.9,32.7,32.9,32.6,33.0,32.6,33.0,32.6,32.7,33.2,33.2,32.7,33.4,33.0,32.8,32.7,33.1,32.6,32.8,32.9,33.1,33.2,33.0,33.3,33.8,34.8,34.7,33.5,33.4,33.3,32.9,32.8,33.0,32.9,32.7,32.9,33.0,32.5,32.7,32.6,33.0,32.9,32.7,33.2,33.1,32.7,32.9,33.0,32.9,32.9,32.6,32.8,32.5,32.8,33.1,33.9,34.2,34.7,34.8,33.6,33.8,33.3,33.7,33.0,33.0,33.3,33.4,33.2,33.1,33.3,33.1,32.9,32.8,32.9,33.1,33.2,33.5,33.0,32.8,33.0,33.2,32.6,32.9,32.9,32.8,32.9,32.9,33.5,34.2,34.8,34.7,34.0,33.9,34.0,33.7,33.7,33.7,34.3,34.2,34.2,34.3,34.2,34.1,33.7,33.6,33.1,33.0,33.1,32.8,32.6,32.8,33.1,32.9,32.7,33.0,32.8,33.0,33.1,32.8,33.1,33.4,34.1,34.1,33.9,33.8,33.9,34.0,34.2,33.9,33.7,34.2,34.3,34.2,34.1,34.1,33.8,33.5,32.9,32.6,32.9,33.3,33.0,32.9,32.6,32.7,32.8,32.8,32.8,33.1,33.2,33.1,32.9,33.4,33.7,33.4,33.7,33.8,34.1,33.9,34.1,34.0,33.9,33.2,33.0,32.8,33.0,33.0,32.6,33.1,33.1,33.1,32.8,32.8,32.8,33.0,32.4,32.8,32.8,32.7,32.9,32.8,33.0,33.0,33.1,33.6,33.5,33.3,33.4,33.5,33.9,34.0,34.0,34.1,33.7,34.1,32.9,32.9,33.1,33.1,33.1,32.6,32.8,33.2,33.0,33.1,32.8,32.6,32.3,32.5,32.6,32.7,32.8,33.2,32.9,32.6,33.1,33.3,33.3,33.1,33.5,33.6,33.9,33.9,33.9,34.2,33.5,33.6,33.6,33.3,33.6,32.7,32.8,33.4,33.1,32.9,33.0,32.9,32.3,32.7,32.4,32.5,32.7,32.9,32.7,33.3,32.9,32.7,32.8,33.2,33.2,33.2,33.5,33.6,34.0,33.8,33.8,33.6,33.2,33.8,33.5,33.2,33.1,33.3,33.1,33.0,33.0,33.0,32.6,33.2,32.8,32.5,32.5,32.7,32.5,32.8,33.0,32.9,33.1,32.6,33.2,33.3,33.4,33.3,33.5,33.8,33.7,33.7,33.9,33.9,33.5,33.3,33.4,33.4,33.4,33.4,33.6,33.4,33.0,32.8,32.3,32.6,33.0,32.3,32.6,32.6,32.6,32.2,32.6,32.8,32.9,32.7,33.0,33.2,33.3,33.4,33.4,33.4,33.5,33.7,33.6,33.7,33.6,33.7,33.7,33.9,33.6,33.3,33.7,33.9,33.3,33.0,33.0,32.8,32.4,32.4,32.7,33.0,32.8,32.4,32.5,32.7,33.0,33.1,33.0,33.1,33.7,34.2,34.2,33.2,33.2,33.2,33.3,33.2,33.8,33.1,33.2,33.5,33.4,33.4,33.4,33.5,32.6,33.1,33.1,32.7,32.6,32.2,32.8,32.6,32.4,32.6,32.4,32.4,32.7,nan,33.0,33.0,33.7,34.0,33.9,33.7,33.1,33.1,33.1,33.5,33.1,33.4,33.7,33.4,33.1,33.4,33.5,33.6,33.1,33.0,32.5,33.0,33.0,32.7,32.6,33.2,32.6,32.4,32.6,32.5,32.4,32.9,32.9,32.9,33.6,33.9,34.4,33.6,33.0,33.1,33.3,33.3,33.5,33.1,33.4,33.8,33.5,33.2,33.4,33.7,32.8,33.2,32.7,33.0,33.1,32.5,32.5,32.8,32.7,32.7,32.9,32.9,33.1,32.7,32.7,33.1,33.5,33.7,34.2,33.9,33.2,33.1,33.4,33.3,33.6,33.2,33.8,33.5,33.0,33.6,33.7,33.8,33.1,32.7,32.9,32.9,32.7,32.5,32.8,32.8,32.9,32.7,33.0,32.8,33.0,32.9,32.6,32.8,33.2,33.4,34.3,33.7,33.1,33.2,33.1,33.5,33.5,33.3,33.5,33.6,33.7,33.3,33.5,33.8,32.5,32.9,32.7,32.5,32.5,32.9,33.0,32.8,32.7,33.1,32.8,32.7,32.8,33.0,32.6,33.2,32.8,33.3,34.5,34.2,32.9,33.1,33.0,33.2,33.2,33.5,33.2,33.5,33.4,33.3,33.8,33.7,32.8,33.1,32.8,32.8,32.6,33.0,33.3,33.1,33.1,33.1,32.9,32.9,32.9,32.9,32.9,32.6,33.3,33.7,34.9,34.2,33.1,33.2,33.0,33.0,33.2,33.0,33.6,33.6,33.6,33.6,34.0,34.2,32.6,32.9,32.7,33.3,33.1,32.9,32.8,33.2,33.1,33.2,32.8,33.0,33.2,32.8,32.6,32.6,33.0,33.5,34.9,33.9,33.3,33.1,33.2,33.3,33.2,33.4,33.2,33.5,33.6,33.6,33.4,33.8
1785310404.8179488,712,33.6,33.5,33.4,33.4,33.6,33.4,33.0,33.4,32.8,32.9,32.5,32.9,33.2,32.7,32.4,33.2,32.5,32.7,32.8,32.9,32.7,32.9,32.5,32.5,32.9,32.7,32.3,32.7,33.0,32.4,32.8,32.9,33.2,33.6,33.1,33.3,33.5,33.3,33.1,33.2,32.9,33.0,33.0,32.6,32.8,32.8,32.5,32.4,32.6,32.8,32.9,32.8,32.9,32.8,32.5,33.3,32.4,32.8,32.6,32.9,32.7,32.8,32.6,33.1,33.3,33.2,33.1,33.2,32.9,33.3,32.6,33.1,32.9,32.6,32.3,32.9,32.6,32.8,32.3,32.8,32.5,32.8,31.9,32.8,32.8,32.9,32.3,32.8,32.6,32.7,32.2,32.9,33.0,32.9,32.7,33.0,33.4,33.1,33.2,33.5,33.0,32.8,33.1,32.6,33.1,32.9,32.9,32.8,32.7,32.7,32.7,32.8,32.8,32.8,32.9,32.4,32.9,32.4,33.0,32.5,32.8,33.0,32.9,33.4,32.4,32.9,33.1,32.8,33.6,33.3,32.8,33.3,33.2,32.9,32.7,33.0,32.9,32.6,32.4,32.7,32.7,32.5,32.7,33.1,32.8,34.2,32.6,33.0,32.6,33.5,32.5,32.9,33.0,32.8,32.4,33.1,32.9,32.9,32.5,33.3,33.0,33.0,32.9,33.0,32.9,32.6,32.8,33.1,32.6,32.9,33.1,32.8,32.7,32.8,33.1,32.7,33.9,32.7,34.2,32.5,33.5,32.8,33.0,32.6,33.1,32.9,33.0,33.0,32.8,32.6,33.0,32.5,33.7,33.0,32.5,33.2,32.8,33.0,32.6,32.9,33.2,32.7,33.1,32.8,33.5,32.7,32.4,34.0,32.8,34.7,32.5,33.9,33.0,33.5,32.4,33.3,32.7,33.6,32.6,33.7,32.7,33.3,32.4,33.2,32.7,32.9,33.0,33.0,32.5,32.9,32.8,32.9,32.4,32.9,32.8,33.2,32.8,33.1,33.2,33.0,34.1,33.0,34.1,32.7,33.6,32.8,33.7,32.7,33.7,32.5,34.3,32.9,33.5,32.9,34.0,32.4,33.1,32.9,32.4,33.1,33.0,32.5,32.8,33.2,33.3,32.7,33.6,32.8,34.5,32.4,33.6,33.5,33.4,33.7,32.7,33.9,33.2,33.6,32.9,34.0,32.8,33.7,32.3,33.6,33.1,32.8,32.7,33.4,33.1,33.0,33.0,32.6,32.6,32.8,32.7,32.9,33.2,33.2,32.8,34.6,32.5,34.2,32.8,33.9,33.8,33.5,33.7,33.3,33.9,33.3,34.2,33.1,33.7,33.1,33.5,33.0,33.2,32.7,33.2,32.9,33.2,32.8,32.7,32.9,32.9,32.8,32.4,33.1,33.0,32.8,33.4,33.1,34.0,33.0,33.5,33.4,34.2,33.3,33.7,33.3,34.2,33.9,33.7,34.0,34.0,33.9,33.6,33.3,33.4,32.7,32.6,33.1,32.7,32.7,33.0,32.6,32.5,32.5,32.6,33.0,32.9,33.0,32.9,33.6,33.0,33.6,32.8,34.0,33.3,34.0,33.1,34.0,34.0,34.1,33.9,33.9,33.5,34.4,33.5,33.4,33.3,33.1,32.9,32.6,32.8,33.0,32.4,32.9,33.4,32.8,32.4,32.4,33.0,32.5,33.2,32.8,33.4,32.5,33.4,33.1,33.9,33.0,33.9,33.5,33.8,33.6,33.2,34.2,33.5,33.2,33.4,33.5,33.4,33.4,33.0,33.6,32.9,32.3,32.7,32.7,32.5,33.0,32.4,32.7,32.7,33.1,32.7,33.5,32.5,33.2,32.9,33.9,32.9,34.0,33.0,33.8,33.5,33.3,33.8,33.0,33.2,32.9,33.6,32.6,33.3,32.9,33.1,33.2,33.0,33.0,32.2,33.0,32.9,32.3,32.8,33.0,32.8,32.7,33.1,33.1,33.4,32.9,33.6,33.0,34.1,33.6,33.7,33.6,33.4,33.3,33.0,33.5,33.2,33.3,32.7,33.8,33.0,33.1,33.0,33.6,32.8,32.6,32.3,33.0,32.1,32.9,32.5,32.7,32.3,32.9,32.5,33.3,32.7,33.2,32.8,33.7,33.2,33.7,34.1,34.0,33.1,33.5,33.4,33.7,33.2,33.2,33.3,33.0,33.3,32.8,33.3,32.7,33.1,32.8,32.8,32.6,33.0,32.4,32.7,32.7,32.8,32.5,32.9,32.4,33.4,32.4,33.4,32.6,33.6,33.3,33.6,34.1,33.7,33.3,33.2,33.2,33.5,32.8,33.0,33.7,33.2,33.4,32.8,33.5,33.0,32.7,32.5,32.5,32.6,32.6,32.6,32.8,32.6,33.1,32.6,33.3,32.4,nan,32.6,33.2,33.2,33.5,34.4,33.2,33.2,33.7,33.1,33.8,32.9,33.6,33.3,33.2,33.3,33.3,33.5,33.2,32.9,33.0,32.4,33.0,32.6,32.6,32.3,32.8,32.8,32.8,33.0,32.6,33.9,32.7,33.4,32.9,33.4,33.1,33.0,34.2,33.4,33.1,33.3,33.1,33.5,33.1,33.4,33.5,33.5,33.4,33.2,33.9,32.8,32.8,32.9,32.6,32.6,32.9,32.5,32.8,32.4,33.3,32.6,33.8,32.4,33.7,33.0,33.3,32.7,33.4,34.5,33.2,33.3,33.7,33.1,33.4,33.2,33.4,33.3,33.4,33.2,33.2,33.5,33.2,33.1,32.7,32.5,32.9,32.7,32.5,32.7,33.2,32.8,32.9,33.0,33.0,34.2,32.5,33.1,32.9,33.2,32.5,33.1,34.7,33.5,33.2,33.5,33.1,33.6,33.1,33.2,33.6,33.7,33.5,33.1,33.8,32.8,32.7,32.7,33.1,32.9,33.1,33.0,32.9,32.9,32.9,33.0,33.2,32.5,33.8,32.8,33.4,32.5,33.3,34.5,33.7,32.9,33.5,33.2,33.6,32.8,33.7,33.0,33.7,33.0,33.6,33.6,33.7,33.0,32.8,32.6,33.2,33.0,33.0,32.8,33.1,33.3,32.9,32.7,33.1,33.6,32.9,33.3,33.0,33.3,33.0,33.3,34.6,33.5,33.2,33.4,33.2,33.8,32.8,33.7,33.4,33.4,33.2,33.5,33.8,32.4,33.2,32.9,32.9,32.7,32.9,33.0,33.2,32.8,32.9,33.0,32.6,33.0,34.1,33.0,33.2,32.4,33.5,34.0,33.0,32.9,33.3,33.0,33.5,33.2,33.4,33.5,33.4,33.2,33.7,33.4,33.6
1785310407.365888,713,33.6,32.9,33.0,32.9,33.2,32.8,33.1,33.2,32.8,32.3,32.5,32.8,32.9,32.9,32.6,32.5,32.7,32.2,32.8,32.9,33.1,32.7,32.7,32.3,32.7,32.7,32.9,32.8,33.1,33.1,32.6,33.0,33.7,33.1,33.3,33.1,32.7,32.6,32.7,33.5,33.2,32.8,32.6,32.8,32.6,32.8,32.9,32.6,32.8,32.5,32.7,32.9,32.6,32.6,32.7,33.5,32.6,32.4,32.6,33.3,33.2,32.8,32.4,32.9,33.3,32.8,33.1,32.7,32.9,33.0,33.0,32.9,32.8,33.0,32.9,33.0,32.8,32.5,32.6,32.8,32.5,32.5,32.8,32.3,32.9,32.4,32.9,32.6,32.7,32.5,32.7,32.5,33.0,32.7,33.0,33.2,33.2,33.1,32.8,33.0,32.8,32.7,33.2,33.2,33.7,32.4,32.8,33.0,32.6,32.6,32.9,32.6,32.7,32.8,32.9,33.0,32.8,32.8,32.5,33.2,33.0,32.8,32.5,33.0,32.7,32.7,32.6,33.1,32.9,32.9,33.0,33.1,32.8,33.1,33.3,33.6,33.1,34.2,33.0,33.4,32.9,33.0,32.9,33.0,33.0,32.9,32.7,32.7,32.8,32.6,32.5,32.9,32.9,32.8,32.6,32.9,32.6,32.5,32.7,32.6,32.8,32.8,32.9,33.2,33.0,33.0,33.0,33.7,34.3,33.8,34.5,32.9,33.4,32.7,33.0,32.9,33.1,32.7,33.2,33.0,33.1,32.5,32.7,33.1,32.6,32.7,32.5,33.0,33.1,32.9,32.6,32.8,33.3,32.8,33.4,33.0,32.8,32.9,34.0,33.9,34.6,34.8,33.7,34.0,33.5,33.8,33.2,33.7,32.9,33.8,33.0,34.4,33.0,33.4,33.0,33.7,32.9,32.8,32.9,32.4,32.7,32.7,32.6,32.6,33.2,32.9,33.1,33.2,32.6,33.1,33.2,34.3,34.2,34.5,34.0,33.7,33.6,33.3,33.9,33.5,33.8,33.3,34.6,33.6,34.1,33.1,34.0,33.2,33.5,33.1,32.5,32.9,32.6,33.0,32.7,33.1,32.9,32.8,33.2,33.3,32.9,32.9,33.6,33.2,34.3,33.3,34.0,34.0,33.7,33.7,33.7,34.0,33.9,33.6,34.2,33.1,33.9,32.8,34.2,33.4,33.1,32.9,32.6,32.9,33.0,32.8,32.7,32.8,32.7,33.1,32.6,33.2,32.4,32.8,33.1,34.0,33.6,33.7,33.4,33.6,33.9,33.8,33.6,34.0,33.8,33.9,33.0,34.0,32.8,33.5,32.9,33.5,32.7,32.9,32.8,33.0,33.0,32.5,32.4,33.1,33.2,32.6,33.2,32.9,32.9,32.8,33.2,33.3,33.7,33.2,33.5,33.4,33.9,33.9,34.0,34.1,34.1,33.6,33.2,33.5,33.1,32.9,33.7,32.9,32.6,32.5,32.9,33.0,32.5,32.7,33.0,32.5,32.7,32.7,32.7,32.9,32.8,33.0,33.0,33.3,33.1,33.1,33.1,34.0,33.5,34.0,33.8,33.8,33.7,33.7,33.5,33.4,32.9,33.0,32.7,33.5,32.9,32.6,32.8,32.9,32.8,32.6,32.9,32.8,33.0,32.2,33.2,33.2,33.4,32.8,33.2,33.1,33.0,33.0,33.3,33.4,33.9,33.6,34.1,33.6,33.6,33.5,33.4,33.3,33.1,33.3,32.9,33.2,33.0,32.9,33.2,33.0,33.0,32.9,32.6,32.8,32.5,32.3,32.5,33.3,32.5,32.9,32.8,33.2,33.1,33.3,32.9,33.5,33.2,33.7,33.7,33.6,33.2,33.4,33.3,33.4,33.3,33.2,33.5,33.2,33.4,32.8,32.6,33.0,32.7,32.9,32.7,33.2,32.4,32.6,33.0,32.6,32.9,32.7,32.7,33.2,33.5,33.4,33.2,33.6,34.1,33.1,33.8,33.1,33.2,33.0,33.4,33.3,33.4,33.3,33.2,33.1,33.0,33.2,32.9,33.3,33.1,32.9,33.0,33.2,32.6,32.6,32.5,33.0,32.7,33.1,33.0,33.4,33.3,33.4,34.0,33.8,32.9,33.5,33.3,33.6,33.4,33.4,33.3,33.6,33.3,33.4,33.1,33.4,33.3,33.1,33.5,33.2,32.9,33.0,33.1,33.1,32.6,32.6,32.8,32.8,33.0,32.4,33.2,33.1,33.7,33.3,33.4,34.2,33.2,32.9,33.1,33.1,33.4,33.1,33.4,33.6,33.2,33.3,33.4,33.0,33.5,33.0,33.1,33.2,32.7,33.2,33.2,32.8,32.8,32.5,32.3,32.8,32.4,32.9,32.6,33.5,33.3,34.0,34.1,33.5,33.1,nan,33.0,33.4,33.0,33.4,33.3,33.4,33.2,33.0,33.5,33.7,33.5,33.2,33.7,33.4,33.2,32.9,33.1,33.7,33.1,32.8,32.6,32.6,32.6,32.8,33.0,32.9,33.8,33.0,33.7,34.0,33.1,32.9,33.8,33.1,33.4,32.9,33.6,33.3,33.1,33.4,33.3,33.2,33.5,33.1,33.4,33.1,33.3,33.0,33.7,33.6,32.4,32.6,32.7,32.8,32.8,32.9,32.6,33.0,33.1,34.1,34.3,33.6,33.3,32.9,33.2,33.3,33.1,33.2,33.5,33.6,33.4,33.3,33.5,33.6,33.6,33.4,33.1,33.6,33.3,33.3,33.6,33.6,33.4,33.0,33.0,33.1,33.0,32.5,32.9,32.9,33.2,32.8,34.2,34.7,33.4,33.1,33.5,33.2,33.3,33.1,33.5,33.2,33.7,33.2,33.5,33.5,33.1,33.3,33.0,33.6,33.5,33.1,33.5,33.7,32.8,33.0,32.7,33.1,32.9,32.7,32.9,33.4,32.5,33.6,34.7,33.8,33.2,33.2,33.2,33.7,32.8,33.0,32.8,33.4,33.3,33.3,33.8,33.5,33.2,33.4,33.4,33.5,33.0,33.2,33.6,34.2,33.0,32.9,33.0,33.1,32.8,32.8,33.2,32.6,33.5,32.9,34.7,34.6,33.3,32.8,33.1,33.4,33.1,33.0,33.3,33.7,33.3,33.0,33.6,33.0,33.4,33.2,33.9,33.6,33.4,33.2,33.8,33.8,32.7,33.2,32.9,32.9,32.3,32.9,32.8,33.4,32.6,34.4,34.1,34.1,33.4,32.8,33.2,33.2,33.0,33.2,33.3,33.8,32.8,33.3,33.1,33.7,33.3,33.6,33.5,33.8,33.0,33.9,32.8,34.0
1785310409.9314897,714,33.7,33.9,32.8,33.8,32.8,33.3,33.2,33.1,33.1,33.2,32.9,33.5,33.2,33.2,33.0,33.2,33.0,32.9,33.0,33.4,33.2,32.7,32.1,33.1,33.2,33.1,32.4,33.1,32.9,33.2,32.7,33.6,33.0,33.0,33.5,33.2,33.7,33.4,33.3,33.0,33.3,33.1,33.5,33.4,33.7,34.0,33.2,33.1,32.9,32.8,33.0,33.0,33.1,32.7,32.8,32.8,33.1,32.8,32.7,33.0,32.9,32.7,33.5,33.0,33.1,33.6,32.8,33.5,33.3,33.5,32.5,33.0,32.9,33.3,33.4,34.2,34.3,34.3,34.3,33.7,34.0,33.3,33.3,33.3,33.8,33.2,32.9,33.1,33.0,32.8,32.6,32.9,33.1,33.2,33.1,33.1,33.1,32.7,33.1,33.2,33.3,32.8,33.1,32.9,33.2,32.9,34.2,34.2,35.1,34.8,34.4,34.5,34.1,35.0,33.6,34.1,33.6,33.8,33.3,32.8,32.9,32.9,32.9,32.9,33.2,32.9,33.2,33.2,33.1,33.3,32.3,33.2,33.2,33.0,32.1,33.5,33.1,33.5,33.4,34.7,34.9,35.3,34.2,34.6,34.3,34.8,33.9,34.6,34.8,34.0,33.3,33.6,33.2,33.2,32.7,33.3,32.9,33.3,32.6,33.2,33.4,32.9,33.2,32.9,33.3,33.1,33.2,33.1,32.9,33.2,34.1,33.4,35.0,34.1,34.5,34.0,34.2,34.2,34.5,34.3,34.7,34.1,33.7,34.0,33.2,33.2,32.8,33.3,32.6,32.6,33.1,32.7,33.4,33.4,32.9,33.2,32.7,33.0,33.1,33.1,33.0,33.3,33.0,33.9,33.8,33.9,33.2,34.1,34.3,34.0,34.3,34.4,34.2,34.2,32.7,33.6,33.2,33.6,33.2,33.1,33.2,33.0,33.0,33.1,33.1,32.6,33.2,33.3,33.1,32.9,33.3,32.8,33.3,32.9,33.6,33.5,33.7,33.5,33.9,33.9,34.2,34.1,34.5,34.1,33.9,33.9,33.5,33.0,33.5,33.2,33.3,33.1,32.9,32.9,32.9,33.0,32.4,33.3,32.5,33.2,32.8,33.0,33.0,33.5,33.3,33.2,33.1,33.6,33.1,33.4,33.2,34.2,34.0,34.2,33.8,34.0,33.7,33.9,33.2,33.0,33.1,33.0,33.1,33.0,33.1,33.0,33.1,33.1,33.2,32.5,32.7,32.6,33.3,32.9,33.4,32.7,33.1,32.8,33.2,33.2,33.4,33.3,34.0,33.6,34.2,34.1,34.0,34.1,33.9,33.6,33.9,33.6,33.5,33.2,33.1,33.1,33.2,32.8,33.1,33.1,33.1,32.7,33.1,33.0,32.6,33.5,32.8,33.4,33.0,33.3,33.1,33.5,33.4,33.6,33.2,34.2,34.2,34.4,33.7,33.6,33.1,33.7,33.5,33.4,33.8,33.3,33.2,33.0,33.0,33.4,33.5,32.9,33.2,32.6,32.8,32.4,32.8,32.6,32.9,32.9,33.4,32.8,33.2,33.4,33.5,33.6,33.6,33.3,34.0,33.5,33.3,33.5,33.5,33.3,33.4,33.4,33.5,33.7,33.1,33.7,33.2,33.2,33.4,33.1,32.7,33.0,32.7,33.1,32.6,33.1,32.5,33.2,33.1,33.2,32.8,33.8,34.2,33.7,33.7,33.7,33.4,33.4,33.5,33.8,33.4,33.6,33.4,33.9,33.5,33.7,33.2,33.6,33.7,33.0,32.9,33.3,32.6,32.2,32.8,32.8,32.9,32.6,32.8,32.5,33.5,32.9,33.4,33.3,34.0,34.2,33.5,33.4,33.3,33.2,33.5,33.0,33.3,33.3,33.4,33.1,33.5,33.2,33.1,33.3,33.4,33.1,33.0,33.4,32.8,33.0,32.7,33.1,32.8,33.0,32.8,33.2,32.5,33.3,32.9,33.9,34.0,34.7,34.0,33.4,33.0,33.3,32.9,33.4,33.4,33.6,33.3,33.4,33.7,33.3,32.8,33.9,33.4,33.4,33.3,33.9,32.9,32.7,32.9,32.7,32.4,32.3,33.1,32.6,32.6,32.7,33.4,33.1,34.5,34.3,33.1,33.2,33.2,33.4,33.4,33.2,33.3,33.4,33.6,33.6,33.6,33.4,33.5,33.5,33.6,33.3,33.8,33.7,32.3,32.9,32.7,33.4,32.9,32.7,32.7,33.2,32.7,32.8,32.5,33.3,33.7,34.5,33.9,33.6,33.1,33.3,33.2,33.7,33.5,33.4,33.5,33.7,34.0,33.7,33.5,33.7,33.2,33.3,33.1,33.9,33.0,32.8,32.8,33.1,33.1,32.7,32.8,32.9,32.7,32.4,32.9,32.8,34.2,nan,33.3,33.2,33.2,33.2,33.3,33.2,33.3,33.0,33.8,33.4,33.6,33.4,33.5,33.4,33.7,33.2,33.6,33.2,33.0,33.4,32.9,33.3,32.9,32.9,32.8,33.4,32.4,32.8,32.6,33.3,33.1,34.5,34.4,33.7,33.2,33.1,33.0,33.1,33.0,33.4,33.3,33.5,33.4,33.4,33.5,33.8,33.3,33.7,33.4,34.3,33.2,32.9,33.4,33.1,33.1,32.9,32.7,33.0,33.1,33.1,32.9,33.0,34.7,34.5,33.8,33.6,33.4,33.2,33.3,33.2,33.0,33.1,33.6,33.4,33.4,33.3,33.4,33.3,33.2,33.6,33.7,33.3,32.8,33.3,32.9,33.3,32.9,33.0,33.0,33.2,32.9,32.9,33.1,33.3,33.7,35.1,33.8,33.5,33.2,33.2,32.7,33.9,33.3,33.4,33.4,33.6,33.2,33.8,33.5,33.8,33.7,33.4,33.5,33.8,33.2,33.5,33.1,32.8,33.1,32.8,33.0,33.0,33.2,32.9,32.9,32.8,33.8,33.3,33.3,33.3,33.5,32.8,33.4,33.2,33.3,32.9,33.4,32.9,33.3,33.1,33.4,33.8,33.7,33.5,34.0,33.7,32.9,33.2,33.2,33.6,33.4,33.3,32.9,33.1,32.9,33.2,32.7,33.4,32.7,33.4,33.1,33.5,32.7,32.8,33.0,33.5,33.1,33.5,33.2,33.4,33.2,33.7,33.6,34.1,33.8,33.7,33.9,33.9,32.8,33.1,33.0,32.9,32.8,32.8,33.0,33.2,33.1,32.8,33.3,33.1,33.1,32.8,33.5,32.8,32.8,32.8,33.3,33.2,33.3,33.1,33.6,33.4,33.6,33.1,33.6,33.5,33.8,34.2,34.3,34.2
1785310412.5009751,715,34.0,33.6,33.6,33.3,34.4,33.6,34.0,33.7,34.0,33.4,33.4,33.3,34.1,34.7,33.7,34.3,33.9,34.3,34.1,34.5,34.3,34.4,33.8,34.1,34.0,33.7,33.5,33.6,34.3,33.7,33.7,33.3,33.6,34.0,33.9,34.0,32.8,33.4,33.3,33.8,33.7,33.7,33.1,33.7,33.8,33.8,34.1,34.0,34.4,34.0,34.3,34.4,34.3,33.8,33.8,34.2,33.9,34.0,33.1,33.7,33.5,34.0,33.2,33.7,34.4,33.6,33.2,33.5,34.3,33.1,33.5,33.8,33.6,33.3,33.4,33.4,33.8,33.6,33.6,34.0,34.0,34.2,34.0,34.4,34.4,34.2,33.4,34.0,33.7,33.6,33.6,33.5,34.0,33.7,34.1,33.8,33.3,34.2,32.9,33.8,32.9,33.4,33.3,33.3,33.2,33.3,33.5,33.5,33.4,33.6,33.9,34.3,34.0,34.3,34.1,34.3,34.3,33.9,34.0,33.7,34.0,33.5,32.9,33.7,33.4,33.7,33.5,34.1,34.2,33.5,33.6,33.2,34.2,33.0,33.3,32.9,33.6,33.3,33.2,33.0,33.7,33.8,33.7,33.9,34.3,33.6,33.7,33.8,33.7,33.6,33.5,33.7,33.9,33.5,33.5,33.4,34.1,33.5,33.5,33.2,33.4,33.8,33.0,33.6,32.9,33.7,33.2,33.2,33.2,33.2,33.2,33.4,33.1,33.6,33.6,33.9,33.7,33.7,34.0,33.8,33.7,33.5,33.4,33.6,33.7,33.7,33.6,33.9,33.6,33.8,32.9,33.6,34.0,33.4,33.3,33.0,33.7,33.0,33.1,33.1,33.3,33.0,33.0,33.2,33.5,33.5,33.3,34.3,33.9,34.0,33.8,33.9,33.8,33.7,33.2,33.8,33.9,33.4,33.8,33.5,33.6,33.8,33.4,34.0,32.8,33.7,32.8,33.3,32.7,33.4,32.8,33.4,32.7,33.4,33.3,33.3,33.1,33.4,34.4,33.7,34.4,33.6,33.6,33.6,33.4,33.7,33.7,33.3,33.7,33.7,33.5,34.0,33.8,33.9,33.7,33.8,33.7,33.3,33.1,33.2,33.5,32.6,33.1,33.0,33.6,32.7,33.1,32.9,33.5,33.1,33.5,34.5,33.5,33.7,33.3,33.2,33.7,33.2,33.5,33.7,33.6,33.5,33.3,33.6,33.8,33.3,33.7,33.8,33.2,33.4,33.1,33.4,32.6,33.1,32.9,33.1,32.9,33.5,32.3,33.4,32.9,33.4,33.2,33.4,33.7,33.1,33.2,33.8,33.4,33.3,33.4,33.4,33.5,33.5,33.6,33.7,33.5,33.6,33.6,33.9,33.7,32.7,33.7,32.8,33.9,33.3,32.8,33.2,33.5,33.1,33.1,33.0,33.8,32.9,33.0,33.3,33.6,33.7,33.0,33.3,33.6,33.2,33.1,33.4,33.6,33.9,33.2,33.8,34.1,33.8,33.9,33.7,33.2,33.4,32.6,33.4,33.0,33.2,32.9,33.3,33.1,33.3,32.9,33.4,32.8,33.5,32.9,33.5,33.5,33.1,33.3,33.3,33.5,33.3,33.3,33.6,33.5,33.6,33.6,33.2,33.6,33.8,33.4,33.3,33.8,33.0,33.5,33.5,33.7,33.1,33.2,33.0,33.5,33.2,33.1,33.0,33.4,32.8,33.2,32.8,33.4,33.1,33.2,33.3,33.6,33.3,33.2,33.4,33.5,33.4,33.5,34.0,33.7,33.4,33.1,33.9,32.8,33.5,33.0,33.2,32.7,33.5,32.9,33.3,33.0,33.2,32.9,33.4,33.0,33.2,32.7,33.2,33.2,33.2,33.1,33.3,33.0,33.5,33.3,33.1,33.4,33.2,33.3,33.5,33.4,33.4,33.8,33.6,33.6,33.2,33.3,33.1,33.7,33.0,33.3,33.5,33.3,33.2,33.4,33.0,33.4,32.9,33.2,32.9,33.6,32.8,33.3,33.3,33.3,33.4,33.5,33.4,33.7,33.2,33.2,33.4,33.5,33.0,33.5,34.3,33.2,33.8,33.1,33.5,33.0,33.0,33.3,33.3,32.9,33.4,33.1,33.3,32.8,33.2,32.8,33.0,32.9,33.5,32.9,33.4,33.3,33.4,33.4,33.6,33.2,33.4,33.3,33.5,33.6,33.5,33.8,34.0,33.6,33.2,33.3,33.6,33.5,32.9,33.2,33.2,33.3,32.9,33.3,32.8,33.7,33.1,33.4,33.2,33.5,32.9,33.4,33.1,33.5,32.9,33.5,33.5,33.3,33.3,33.4,33.3,33.7,33.5,33.7,33.5,33.2,33.7,32.4,32.9,33.1,33.1,33.3,33.1,33.0,33.2,33.1,33.4,33.0,nan,33.0,33.3,33.3,33.2,33.0,33.5,32.8,33.5,33.1,33.4,33.3,33.4,33.5,33.5,33.3,33.4,34.0,33.8,34.3,33.4,33.3,33.1,33.3,32.9,33.3,33.5,33.3,33.6,33.1,33.3,33.2,32.9,33.4,33.0,33.1,32.9,33.5,33.2,33.5,33.1,33.3,33.1,33.4,32.9,33.3,33.4,33.6,33.5,33.4,33.9,33.2,33.8,33.4,33.5,33.3,32.9,32.9,33.5,33.1,33.2,33.3,33.4,33.0,33.5,33.1,33.3,33.3,33.4,33.0,33.5,33.1,33.3,33.1,33.4,33.0,33.0,33.4,33.3,33.4,33.2,33.7,33.5,33.9,33.5,33.1,33.5,33.7,33.4,33.2,33.2,33.5,33.2,33.5,33.6,33.5,33.0,33.1,33.2,33.7,32.8,33.4,33.3,33.6,33.2,33.3,33.3,33.6,33.2,33.3,33.6,33.7,33.0,33.2,34.0,33.2,33.5,33.1,33.5,33.5,33.6,33.2,33.5,33.2,33.8,32.8,33.5,33.3,33.5,33.5,33.5,33.1,33.3,32.9,33.7,33.3,33.3,33.6,33.0,33.1,33.5,32.8,33.8,33.5,33.5,33.8,33.7,34.1,33.2,33.6,33.6,33.8,33.5,33.7,33.5,33.6,33.4,33.6,33.4,34.0,33.3,33.6,33.5,33.8,33.3,33.9,33.5,33.4,33.3,33.2,33.2,33.7,33.5,34.0,33.7,34.0,33.3,33.7,33.9,33.5,33.3,33.3,33.3,33.0,33.8,33.0,33.6,33.1,33.8,33.5,33.6,33.5,33.7,33.7,33.8,33.3,33.7,33.5,33.9,33.3,33.3,33.2,33.2,33.4,33.5,33.4,33.7,33.0,33.4,33.4,33.2
1785310415.0102675,716,33.5,33.6,33.1,33.8,33.3,32.9,33.4,33.5,33.4,33.4,33.8,35.0,34.3,33.4,34.1,33.8,33.6,33.4,33.7,34.7,33.4,34.0,33.4,33.7,33.6,33.1,33.3,32.9,33.4,33.0,33.5,33.4,33.9,32.7,33.7,33.5,33.0,32.8,33.5,33.6,33.7,33.7,34.9,34.7,33.9,34.6,34.1,34.2,33.9,33.2,34.5,33.5,34.0,33.5,33.4,34.0,33.3,33.2,32.9,33.7,32.9,33.4,32.8,33.8,32.9,33.4,33.0,33.3,33.1,33.5,33.6,33.4,32.5,33.9,34.1,34.5,34.5,33.8,33.8,34.0,33.2,34.2,33.3,34.1,33.5,33.4,33.2,33.5,33.6,32.8,33.6,33.1,33.3,33.0,33.4,33.1,33.1,32.7,33.6,33.2,33.4,33.2,33.3,33.5,33.4,33.6,34.2,34.6,33.6,33.7,33.9,33.8,34.1,33.5,34.1,33.6,33.3,33.6,33.3,33.4,33.1,33.5,33.1,34.0,33.2,33.3,33.5,33.9,32.6,33.0,32.9,33.5,32.8,33.2,32.9,33.1,33.3,33.3,34.0,33.7,34.1,33.8,33.4,34.1,32.8,33.8,33.4,34.0,33.6,33.3,33.5,33.4,33.5,33.3,33.3,32.9,33.3,33.3,33.3,33.6,32.9,32.7,33.0,32.9,33.3,32.8,33.0,33.4,33.3,33.6,33.9,34.4,33.3,33.2,34.1,33.2,33.7,32.7,33.8,33.5,33.5,33.3,33.4,33.5,33.4,33.4,33.2,33.5,33.2,33.2,32.9,33.6,32.9,32.9,32.9,33.2,32.8,32.6,33.1,33.1,33.0,32.8,33.5,33.8,33.6,33.5,33.0,34.0,33.1,33.6,33.3,33.7,33.4,33.5,33.3,33.5,33.7,33.4,33.3,33.7,33.2,33.0,33.6,33.6,32.9,32.9,33.0,33.1,32.7,32.7,33.2,32.9,33.1,32.9,33.6,33.9,33.3,33.2,33.9,33.3,33.8,32.8,33.6,33.1,33.6,33.2,33.5,33.5,33.1,33.2,33.7,33.4,33.1,33.5,33.1,33.6,32.6,32.9,33.2,33.0,32.6,33.2,33.0,33.2,32.8,32.7,32.6,33.9,33.2,33.4,32.9,33.4,33.4,33.6,33.0,33.4,33.2,33.1,32.8,33.7,33.3,33.2,33.3,33.6,33.1,33.2,33.5,33.3,33.2,32.8,32.9,33.0,32.6,32.6,33.1,32.9,33.1,32.2,33.2,33.1,33.9,33.1,33.2,33.3,33.3,33.0,33.2,33.2,33.3,33.0,33.2,33.4,33.2,33.2,33.6,33.5,33.3,33.0,33.2,33.3,32.9,33.0,33.1,32.8,32.7,32.9,33.0,33.1,32.3,33.0,32.6,33.5,32.9,34.5,33.0,33.6,33.3,33.1,33.2,33.3,33.1,33.5,33.3,33.5,33.3,33.4,33.4,33.5,33.7,33.4,33.8,33.5,32.8,32.6,32.8,33.0,32.8,33.0,32.9,33.0,32.9,32.5,32.9,32.6,33.8,32.7,34.2,32.8,33.0,32.8,33.0,33.3,33.3,33.2,33.5,33.4,33.5,32.9,33.6,33.6,33.6,33.6,33.0,33.5,32.8,33.0,33.1,33.3,33.1,32.9,32.7,33.0,32.3,32.5,32.8,33.2,32.4,33.4,32.8,33.9,32.6,33.0,33.0,33.5,33.3,33.1,33.5,33.7,33.1,33.2,33.2,33.5,33.5,32.8,33.4,33.5,32.6,32.5,32.8,32.9,32.9,33.0,32.8,32.6,32.6,32.6,32.9,33.0,33.0,32.7,34.0,32.7,33.2,32.7,33.3,33.2,33.0,32.8,33.6,33.1,33.5,33.4,33.4,33.7,33.6,33.3,33.2,33.8,33.0,32.6,33.1,33.1,32.8,33.0,33.0,33.2,32.8,32.8,32.9,32.6,32.8,32.6,32.3,33.9,32.7,33.3,32.7,33.4,32.9,33.1,33.0,33.5,33.2,33.3,33.2,33.8,33.2,33.2,33.9,33.5,32.7,33.0,33.1,33.1,32.6,32.5,33.2,33.2,32.6,33.1,32.6,33.0,32.9,32.7,33.3,32.9,33.5,32.7,33.2,33.4,33.1,33.1,33.4,33.5,33.4,33.2,33.5,33.7,33.2,33.3,33.6,34.1,33.0,32.7,33.1,33.0,32.8,32.4,33.0,33.0,32.6,32.6,32.7,32.7,33.0,33.1,32.7,32.8,32.9,32.9,32.7,33.4,32.9,32.9,33.2,33.3,33.2,33.0,33.4,33.7,33.4,33.5,33.6,33.7,32.8,33.1,32.8,32.7,33.1,32.9,32.8,32.9,32.9,32.8,32.8,32.9,32.6,nan,32.6,32.8,33.2,32.7,33.1,33.0,33.0,32.5,33.4,33.1,33.1,32.9,33.3,33.0,33.7,33.0,33.8,33.4,33.0,32.9,32.9,33.3,32.8,33.1,33.0,33.4,32.6,32.8,33.1,32.6,32.4,32.6,32.9,33.1,32.9,32.6,33.0,33.1,32.5,33.1,32.8,33.5,32.7,32.7,33.2,33.4,33.5,33.0,33.2,33.5,32.8,33.2,33.0,33.1,32.9,32.7,32.7,33.0,32.7,33.1,32.9,33.1,32.6,32.9,32.8,33.0,32.9,32.7,33.0,33.4,33.0,32.6,33.1,32.9,33.0,32.8,33.3,33.0,33.0,33.2,33.5,33.3,33.1,32.9,32.7,33.1,33.3,32.8,33.2,33.2,32.9,32.9,33.3,33.3,33.2,33.0,33.1,33.0,32.9,32.8,33.1,32.8,33.0,32.7,32.7,33.1,33.1,33.2,32.7,33.6,33.1,33.2,33.3,33.3,32.5,32.7,33.1,33.7,32.7,32.8,33.2,33.4,32.7,32.9,33.1,33.0,32.8,32.5,33.1,33.5,32.6,32.8,32.9,33.2,32.6,32.9,33.0,33.1,33.0,33.0,33.4,33.5,33.3,32.9,33.6,33.4,33.2,33.2,33.0,33.6,33.2,32.9,33.5,33.1,32.7,33.0,33.1,32.9,33.1,32.9,33.4,33.3,32.9,32.6,33.1,33.1,32.9,33.0,32.8,33.2,33.0,32.8,33.4,33.3,33.2,32.9,33.5,34.0,32.8,33.1,33.3,33.5,32.8,33.0,33.4,33.2,32.9,33.0,32.9,33.5,33.0,33.3,33.1,33.5,32.8,33.0,33.1,33.4,32.7,32.9,33.2,33.2,32.7,33.2,33.6,33.1,33.2,33.0,33.6,33.5
1785310417.572139,717,33.8,33.3,32.8,33.3,33.5,34.5,33.6,34.2,33.8,34.0,33.8,34.1,33.6,34.0,33.9,33.8,33.6,33.2,33.5,33.2,33.8,33.6,33.3,32.9,33.4,33.1,33.5,33.1,33.2,33.0,33.2,33.1,33.3,33.0,33.0,33.7,33.7,33.4,34.1,33.4,33.7,33.7,33.7,33.8,34.2,33.7,33.6,33.9,33.1,33.7,33.6,33.4,33.3,33.7,33.0,33.6,33.2,33.2,32.7,33.7,33.3,33.4,33.0,33.5,32.9,33.4,32.8,33.1,33.1,33.5,33.2,33.6,33.5,33.7,33.4,34.2,34.0,33.8,33.7,33.3,33.3,33.7,33.3,33.4,33.3,33.2,33.2,33.3,33.4,33.4,33.2,32.9,33.6,33.3,33.4,33.2,32.3,33.2,32.9,33.2,32.9,33.0,33.3,33.1,33.6,33.3,33.8,34.0,34.1,33.8,33.2,34.1,33.3,33.6,33.4,33.5,33.4,33.4,33.2,33.6,33.5,33.3,33.1,33.2,33.5,33.3,32.8,33.7,32.8,33.0,33.2,32.6,32.8,33.0,32.9,33.3,32.9,33.3,33.3,33.6,33.9,33.8,33.7,33.3,33.6,33.3,33.2,33.5,33.3,33.3,33.1,33.4,33.5,33.4,33.5,33.3,33.7,33.3,33.3,33.2,33.4,33.2,33.1,33.4,33.3,33.0,33.6,32.9,33.3,33.0,33.4,33.3,33.5,33.7,33.3,33.7,33.2,33.7,33.5,33.4,33.4,33.0,33.2,33.5,33.4,33.4,33.2,33.5,33.2,33.2,33.2,33.6,32.7,33.2,32.7,33.6,33.0,33.2,33.1,33.5,33.0,33.5,32.9,33.3,33.2,33.2,33.3,33.3,33.6,33.1,33.3,33.6,33.0,33.9,33.1,33.1,33.4,33.4,33.1,33.1,33.4,33.3,33.2,33.4,32.6,32.6,32.8,33.1,32.9,32.9,33.2,32.9,34.1,32.8,33.5,33.0,33.3,33.1,33.3,33.6,33.5,33.1,33.1,33.3,33.4,33.1,33.3,33.4,33.3,33.2,33.2,33.6,33.5,33.5,33.5,33.6,32.6,32.9,32.8,33.0,32.8,32.8,33.0,33.2,32.9,34.2,33.3,33.8,32.9,33.1,33.1,33.4,33.4,33.1,33.0,33.2,33.2,33.4,33.3,33.0,33.3,33.3,33.3,33.2,33.5,33.2,33.3,33.2,32.8,32.8,32.7,33.0,33.0,32.4,32.9,33.3,33.6,32.7,34.0,33.1,33.4,33.0,33.6,33.0,33.4,33.0,33.1,33.3,33.1,33.0,33.0,33.3,33.4,33.4,33.4,33.3,33.5,33.4,33.2,33.5,32.9,32.8,33.1,32.4,32.5,33.1,33.0,32.6,32.8,33.2,32.6,33.6,33.2,34.2,32.9,33.9,32.9,33.3,32.7,33.0,33.0,33.2,32.8,33.2,33.1,33.2,33.2,33.5,33.2,33.4,33.4,33.3,33.3,32.6,32.8,33.0,32.6,33.0,32.4,32.6,33.0,32.9,33.1,33.1,34.0,32.8,34.1,32.9,33.2,32.7,32.6,33.2,33.3,33.0,33.2,33.3,33.4,33.4,33.1,33.4,33.3,33.5,32.9,33.5,33.0,33.0,33.1,32.9,33.0,32.9,32.5,32.5,32.8,32.5,32.5,32.8,32.6,33.4,32.6,33.8,33.0,33.0,32.9,33.5,32.9,33.1,33.2,33.2,33.1,33.4,33.4,33.5,33.4,33.6,33.2,33.5,32.6,32.9,32.6,33.2,32.5,33.0,32.6,32.7,32.7,32.8,32.6,33.0,32.6,32.9,33.3,32.6,33.0,33.1,33.2,32.7,33.3,32.7,33.3,33.0,33.4,33.3,33.1,33.2,33.4,33.1,33.4,33.6,33.0,33.0,32.9,33.0,33.0,32.6,32.6,32.7,32.6,32.8,32.6,32.9,32.9,32.6,32.8,32.6,33.1,32.8,32.7,33.1,32.9,33.1,32.5,33.2,33.0,33.2,33.2,33.3,33.2,33.2,33.3,33.5,32.5,33.2,32.5,33.1,33.0,32.7,32.6,33.0,32.4,33.1,32.6,32.8,32.7,32.7,32.7,32.9,32.6,33.1,32.7,32.9,32.7,32.9,33.1,33.2,33.1,32.9,33.3,33.0,33.1,33.1,33.6,33.7,33.2,32.8,33.1,33.0,32.9,32.7,32.9,32.7,32.9,32.8,32.9,32.9,32.9,32.8,33.1,32.6,32.8,32.6,32.7,32.9,32.9,32.8,32.8,32.8,32.8,33.2,33.2,33.1,33.2,33.4,33.2,33.3,33.0,32.7,32.6,32.9,32.9,32.9,32.6,32.9,32.6,32.6,32.8,32.9,32.7,nan,32.5,32.9,32.9,32.9,33.0,32.9,32.7,32.8,32.9,32.6,32.9,32.7,33.1,33.4,33.3,32.8,33.0,33.6,33.5,33.2,32.9,33.2,33.1,32.7,32.8,32.8,32.8,32.8,32.8,33.2,32.8,32.9,32.8,32.7,32.7,32.4,32.9,32.6,32.9,32.9,32.9,32.8,32.9,32.7,32.8,33.4,32.9,33.2,33.2,33.5,32.8,32.7,32.8,33.3,32.7,33.1,32.5,33.0,32.6,32.9,32.6,33.1,32.9,32.9,32.5,33.1,33.0,33.1,32.5,33.4,32.8,32.8,32.9,32.9,32.9,32.6,33.1,33.0,33.0,33.0,32.9,33.1,33.3,33.1,32.9,33.1,32.9,33.0,32.8,33.4,32.8,32.9,33.3,32.9,33.0,33.1,33.0,33.0,33.2,32.7,32.9,33.0,33.1,32.9,33.3,32.7,33.3,32.5,32.9,33.2,33.5,33.0,33.3,33.1,33.0,32.5,32.9,32.9,32.9,33.4,32.8,33.4,33.0,33.1,32.8,33.2,33.0,33.1,32.8,33.4,32.6,33.0,32.6,33.3,32.8,32.8,32.9,33.2,32.4,33.1,32.8,33.5,32.8,32.7,33.6,33.5,33.2,33.2,33.2,33.2,33.2,33.0,33.3,33.1,32.7,32.9,32.9,33.1,33.8,32.9,33.8,33.0,33.6,32.8,33.4,33.0,33.1,33.0,33.4,32.8,33.2,33.0,33.4,32.3,33.2,32.9,33.5,33.3,32.6,33.6,32.8,33.3,33.1,33.0,32.8,33.6,32.9,32.9,33.3,33.3,33.0,33.9,33.0,33.8,32.4,33.7,32.9,33.5,33.1,33.1,32.8,33.2,33.2,33.4,33.0,33.1,33.2,33.0,33.1,33.7
1785310420.1071286,718,33.5,33.3,33.6,33.3,33.8,33.4,33.4,33.5,33.2,33.0,32.7,32.9,33.2,32.5,32.8,33.0,32.9,32.9,32.6,33.4,33.4,33.2,33.3,33.3,33.2,33.1,33.1,33.6,33.2,32.8,32.7,33.4,33.9,33.5,33.7,33.5,33.5,33.4,33.1,33.4,32.9,33.2,32.8,32.8,32.9,33.0,32.9,33.1,32.8,33.0,33.4,33.2,33.1,33.1,33.2,33.0,33.4,32.8,33.2,33.7,33.1,33.1,33.0,33.8,33.7,33.2,33.0,33.6,33.3,33.1,33.8,33.2,33.3,32.8,33.0,33.1,32.9,32.8,32.6,33.0,33.0,32.8,33.0,33.0,33.4,32.9,32.7,33.1,33.0,32.8,32.8,33.3,33.1,32.6,33.4,33.4,33.3,33.7,33.6,33.2,33.2,32.8,33.3,33.1,33.0,32.9,32.9,33.2,32.9,32.9,33.0,33.3,33.1,32.8,33.1,33.3,32.6,33.1,33.3,32.7,33.5,32.8,33.1,33.4,33.2,33.1,33.5,33.2,33.8,33.3,33.4,33.7,33.2,32.8,33.3,33.5,33.1,32.9,32.9,33.2,32.9,33.1,33.0,33.3,33.3,33.0,32.9,33.3,33.4,33.0,32.8,33.1,33.0,33.0,33.0,33.1,32.9,32.9,33.1,33.4,33.2,33.0,33.5,33.2,33.5,33.2,33.2,33.1,32.9,33.2,33.1,32.9,33.0,33.0,33.1,33.2,32.9,33.0,33.3,33.2,32.9,33.0,32.9,32.9,33.1,33.2,32.8,33.3,33.2,33.0,33.4,32.9,33.6,32.9,32.9,33.8,33.2,33.0,33.5,33.6,33.3,33.0,33.1,33.4,33.0,33.0,33.4,33.8,33.4,33.6,33.7,33.9,33.7,33.9,33.8,33.3,33.4,33.1,33.1,33.1,32.9,33.1,33.2,33.1,32.9,32.9,33.2,32.9,33.3,33.3,34.1,33.6,33.4,33.1,33.3,33.2,33.6,33.4,33.6,33.5,34.2,34.1,34.5,34.6,34.6,34.2,34.3,34.2,33.0,33.4,33.1,32.9,33.1,32.9,33.3,33.2,33.5,33.5,33.0,33.2,33.2,33.4,33.7,35.5,35.1,34.2,34.1,34.1,34.0,33.6,33.9,34.0,34.2,34.2,34.6,33.9,33.7,34.2,34.3,34.0,33.8,33.0,33.0,33.4,33.3,33.2,33.1,33.6,33.7,33.4,33.3,33.4,33.7,33.5,34.8,34.7,34.7,35.0,33.7,34.2,33.9,34.1,34.5,34.4,34.2,34.1,33.4,33.5,33.3,33.5,34.0,33.6,33.2,33.2,33.3,33.4,33.2,33.0,33.2,33.3,33.3,33.0,33.1,33.2,33.2,33.5,34.0,35.1,35.0,34.1,33.8,34.0,33.6,33.9,34.0,34.4,34.2,33.8,33.7,33.9,33.6,33.2,33.3,33.4,33.4,33.2,33.4,33.3,33.2,32.9,33.4,33.5,32.8,33.0,33.6,32.8,33.3,33.5,34.0,34.2,33.9,34.2,33.9,34.3,34.3,34.0,34.1,34.3,34.1,33.8,33.4,33.7,33.2,33.5,33.4,33.3,33.2,33.4,33.3,32.9,32.7,33.1,33.4,33.4,33.8,33.2,33.3,33.7,33.3,33.3,32.9,33.9,33.7,33.5,33.6,34.0,33.7,33.9,34.4,34.4,34.1,33.6,33.5,33.8,33.6,33.8,33.4,33.7,33.5,33.2,33.6,33.5,33.7,33.2,33.2,33.7,33.1,33.3,33.2,33.4,33.2,33.2,33.6,33.5,33.7,33.9,33.9,33.9,34.0,33.9,34.3,34.4,33.8,34.0,33.5,33.5,33.5,33.5,33.8,33.8,33.5,33.4,33.8,33.7,33.4,33.6,33.6,33.8,33.6,33.4,33.5,33.3,33.4,33.2,33.2,33.7,33.7,33.5,33.9,34.1,33.7,34.2,34.1,34.4,34.1,33.6,33.5,34.1,33.5,33.4,33.5,33.7,33.9,33.3,33.8,33.8,33.6,33.4,34.0,34.1,33.2,33.4,33.3,33.1,33.0,33.4,33.9,33.5,33.4,33.4,33.4,34.0,34.0,33.9,34.1,34.2,33.5,33.9,33.7,33.7,33.3,33.7,33.6,33.8,33.4,33.6,33.6,33.9,33.6,33.8,33.6,33.7,33.4,33.2,33.1,34.0,33.0,33.1,33.0,33.4,33.6,33.5,33.5,33.7,33.7,33.3,33.6,33.6,33.7,33.4,33.6,33.4,33.9,33.4,33.7,33.5,34.0,33.5,33.7,33.9,33.7,33.5,33.6,33.7,32.8,33.1,33.0,33.1,33.5,32.9,33.3,33.3,33.6,33.1,34.1,34.0,33.7,nan,33.6,33.3,33.5,33.6,33.6,33.5,33.6,33.7,33.8,33.6,33.6,33.7,33.5,33.7,33.9,33.6,34.0,33.8,33.3,33.0,33.1,33.6,32.8,33.3,33.5,33.6,33.3,33.5,34.0,35.0,34.4,33.7,33.9,33.6,33.7,33.1,33.5,33.7,33.7,33.4,33.5,33.8,33.6,33.6,33.9,34.4,33.7,33.9,33.6,34.1,32.8,33.2,33.2,33.4,33.1,32.9,33.3,33.4,33.4,33.6,34.3,33.9,34.5,34.7,33.8,34.0,33.2,33.2,33.8,33.6,33.2,33.7,33.8,33.6,33.6,33.7,33.8,33.5,33.4,33.6,33.9,33.8,33.3,33.1,33.1,33.7,33.1,32.8,33.2,33.6,33.1,33.4,33.7,34.2,34.2,34.4,34.9,34.9,34.9,33.7,33.8,33.9,33.7,33.4,34.0,33.6,33.6,33.6,33.9,33.8,33.9,33.4,33.7,34.2,32.9,33.1,33.5,33.1,33.1,33.2,33.2,33.4,33.2,33.3,33.5,33.6,33.5,33.8,34.7,34.6,35.0,34.7,34.1,34.7,33.3,33.3,33.4,33.4,33.5,33.5,33.4,33.9,33.5,33.7,34.4,34.1,33.4,33.5,33.2,33.6,32.8,33.1,33.7,33.7,33.4,33.2,33.3,33.5,33.3,33.5,33.5,34.0,33.6,34.9,34.9,34.9,34.2,33.3,33.6,33.7,33.8,33.4,34.0,33.9,33.8,33.8,34.4,34.6,33.1,33.4,33.3,33.5,32.9,33.2,33.2,33.4,32.9,33.1,33.3,33.3,33.3,33.3,33.9,33.3,34.0,33.9,34.7,34.6,33.4,33.8,33.8,33.8,33.6,33.9,33.6,33.7,33.8,33.8,34.5,34.6
1785310422.6848805,719,34.6,34.5,34.4,34.3,33.6,33.8,33.2,34.0,33.6,33.6,33.5,33.5,32.7,33.2,33.2,33.4,32.9,33.1,33.0,33.4,33.0,33.1,32.9,33.3,32.6,33.1,33.1,33.4,33.0,33.7,33.8,33.6,34.4,33.8,34.2,33.8,33.5,33.0,33.7,33.4,33.5,33.0,33.4,33.4,33.2,32.8,33.3,33.3,33.2,32.8,33.4,33.4,33.5,33.0,33.2,33.4,33.0,33.0,33.2,33.5,33.3,32.9,33.5,33.8,33.9,33.7,33.5,33.8,33.5,33.7,33.4,33.5,33.1,33.2,33.4,33.7,32.8,33.3,33.2,33.4,33.0,33.4,33.1,33.4,33.5,33.6,33.5,33.7,33.2,33.2,33.2,33.7,32.7,33.5,32.9,33.4,34.1,33.2,33.6,33.4,33.4,33.0,33.7,33.5,33.3,32.9,33.7,33.5,33.2,32.7,33.2,33.3,33.3,33.3,33.8,33.5,33.8,33.3,34.1,33.8,34.2,33.4,33.7,33.6,33.5,32.9,33.5,33.7,33.8,34.0,33.4,33.5,33.2,33.4,33.1,33.2,33.5,33.7,33.6,34.9,33.4,33.5,33.6,33.6,33.6,33.8,33.7,34.5,34.3,34.8,34.4,34.7,34.4,34.5,33.5,33.7,32.7,33.3,33.3,33.7,33.4,33.2,33.7,33.4,33.5,33.2,33.0,33.5,33.5,33.9,35.3,34.6,34.5,33.7,34.3,34.1,34.4,33.7,34.5,34.1,34.5,34.4,34.3,34.5,34.3,34.3,34.4,33.9,33.2,33.0,33.4,33.4,33.6,33.8,33.3,34.0,33.2,33.0,33.5,33.5,33.5,33.9,34.4,36.0,34.6,34.1,34.2,34.3,33.7,34.2,34.3,34.7,34.0,34.2,33.8,33.8,33.6,33.5,33.8,33.7,33.4,33.5,33.8,34.0,33.6,33.1,33.4,33.5,33.3,33.1,33.6,33.4,33.3,33.6,35.3,35.2,34.2,34.1,34.2,34.4,34.1,33.8,34.6,34.3,34.3,33.6,33.7,33.4,33.5,33.4,33.7,33.7,33.5,33.3,33.3,33.6,33.3,33.6,33.8,33.5,33.2,33.4,33.4,33.7,33.3,33.4,34.1,34.3,34.4,34.2,34.2,34.2,34.2,34.4,34.0,34.7,34.0,33.9,33.9,33.9,33.5,33.7,33.3,34.1,33.3,33.7,33.1,33.8,33.5,33.2,33.7,33.4,33.5,33.0,33.8,33.8,33.4,33.2,33.7,33.7,33.6,33.6,34.2,34.1,34.3,34.1,34.4,34.1,33.8,33.8,33.7,33.6,33.9,33.6,34.0,33.5,33.7,33.0,33.6,33.3,33.1,33.2,33.5,33.3,32.9,33.3,33.3,33.6,33.5,33.2,33.5,33.9,33.6,33.9,33.9,33.9,34.1,34.4,34.2,34.3,33.8,33.6,33.7,33.7,33.5,33.9,33.7,34.4,33.8,34.0,34.0,33.9,33.3,33.1,33.2,33.2,33.2,33.0,33.5,33.2,33.6,32.9,33.6,33.6,33.8,33.7,33.6,33.8,34.0,33.8,34.1,34.3,33.5,33.5,33.9,33.8,33.7,33.6,33.9,33.9,33.8,33.8,33.9,34.0,33.2,33.6,33.5,33.9,33.4,33.3,33.1,33.6,33.2,33.4,33.3,33.7,33.4,33.5,33.9,34.3,33.8,33.8,33.9,34.3,33.8,33.8,33.9,34.1,33.5,34.1,33.9,34.0,33.6,33.6,34.0,34.5,33.3,33.3,33.6,33.7,33.3,33.0,33.5,32.8,33.4,33.1,33.4,33.5,33.7,33.6,33.7,33.7,33.7,33.7,33.7,33.5,33.7,33.2,33.5,33.8,33.9,33.6,34.2,33.7,34.0,33.8,34.1,33.8,33.4,33.2,33.1,33.4,33.0,33.5,33.4,33.9,32.5,33.4,33.4,33.6,33.7,33.9,34.2,34.9,33.5,33.9,33.6,33.8,33.2,33.6,33.5,33.7,33.5,33.7,33.9,34.2,33.4,34.0,34.0,34.4,33.2,33.4,33.3,33.7,32.7,32.9,33.4,33.4,32.8,32.9,33.1,33.5,33.7,33.5,34.8,34.7,34.5,33.7,33.6,33.6,33.7,33.4,33.6,33.7,33.6,33.4,33.9,33.9,33.6,33.5,34.3,34.3,33.0,33.4,33.2,33.2,33.2,32.9,33.1,33.2,33.0,32.8,32.9,33.6,33.2,33.6,34.2,34.4,34.7,34.7,34.4,34.7,33.6,33.8,34.0,33.5,33.5,33.3,33.8,34.1,33.6,33.6,33.8,33.9,33.2,33.1,32.6,33.1,33.1,32.7,33.3,33.1,33.1,32.9,33.3,33.6,33.2,nan,33.5,33.7,34.5,34.5,35.1,34.5,34.6,33.8,34.3,33.7,33.6,33.2,33.9,33.8,33.5,33.4,34.1,34.2,33.3,33.2,33.0,33.6,33.2,33.1,33.2,33.4,32.4,33.0,33.0,33.5,32.9,33.1,33.6,33.8,33.6,33.8,34.6,34.6,34.7,35.3,34.3,34.5,33.5,33.5,33.8,33.8,33.5,33.6,34.2,34.1,32.8,32.8,33.3,33.0,33.3,32.9,33.1,33.2,32.9,33.1,33.3,33.4,32.8,33.1,33.2,33.5,33.7,33.6,33.7,34.1,34.5,35.0,35.0,34.5,33.8,33.0,33.8,33.4,33.4,33.4,34.1,34.2,33.5,33.4,33.3,33.7,32.9,32.9,33.4,33.6,33.0,32.8,33.3,33.3,33.0,33.2,33.2,33.6,33.1,33.2,33.3,33.4,33.5,33.9,34.6,33.8,34.0,33.6,33.5,33.8,33.5,33.5,33.9,34.0,33.0,33.4,33.3,33.5,33.1,32.9,33.6,33.4,33.1,32.9,33.5,33.2,33.2,33.0,33.3,33.2,33.2,32.7,32.9,33.5,33.5,33.6,34.1,33.8,33.5,33.5,33.6,33.7,33.4,33.3,33.8,34.1,33.4,33.7,33.2,34.1,33.0,33.4,33.1,33.7,33.3,33.3,33.5,33.7,32.9,33.3,33.5,33.5,32.9,33.3,33.1,33.5,32.9,33.4,33.6,33.6,33.8,33.6,34.0,34.0,33.8,33.8,33.7,34.2,33.5,33.6,33.3,33.5,33.1,33.1,33.8,33.8,33.1,33.3,33.9,33.7,33.5,33.2,33.5,33.3,33.0,33.0,33.3,33.4,33.1,33.1,33.6,33.6,33.4,33.2,33.8,33.9,33.6,33.4,34.3,34.6
1785310425.2334132,720,34.6,34.2,34.1,33.8,34.0,33.8,33.9,33.9,33.6,33.6,33.5,33.9,33.0,33.4,33.2,33.6,33.0,33.2,33.5,33.8,33.2,33.4,33.1,33.9,33.2,33.1,33.5,33.6,33.7,33.5,33.7,33.9,34.4,34.0,34.2,34.7,33.5,33.6,33.5,33.6,33.3,33.7,33.5,33.8,33.9,33.5,33.8,33.3,33.3,33.0,33.8,33.5,33.6,32.9,33.8,33.6,33.9,33.0,33.6,33.7,33.8,33.4,33.7,33.8,34.7,33.9,34.4,34.0,33.5,33.7,33.4,34.0,33.1,33.5,33.2,33.8,32.9,33.5,33.1,33.9,33.3,34.4,33.0,34.8,32.8,34.1,33.8,34.8,33.2,33.8,33.2,33.7,33.6,33.9,33.4,33.9,34.1,34.2,34.1,34.1,33.4,33.4,33.3,33.5,34.2,33.1,33.8,33.5,33.4,33.1,34.1,33.3,34.2,33.1,34.6,34.0,34.0,33.4,34.2,33.2,33.8,33.5,33.5,33.8,33.5,33.5,33.3,33.9,34.3,33.5,33.6,33.9,33.4,33.8,33.1,34.1,33.4,34.9,33.3,34.6,33.2,34.0,33.2,34.6,33.5,34.2,33.2,34.3,33.9,34.0,34.7,33.9,34.2,33.9,34.3,33.9,33.5,33.3,33.5,33.9,33.9,33.9,33.9,33.8,33.7,33.4,33.7,33.5,34.7,33.0,35.1,33.4,34.0,33.5,34.3,33.4,34.5,33.4,34.3,34.0,33.9,34.7,33.9,35.2,33.6,35.0,33.8,34.9,33.6,33.4,33.8,33.4,34.1,33.6,34.0,33.6,33.5,33.9,33.3,33.8,33.2,34.7,33.6,34.6,35.3,34.1,34.0,34.8,33.9,34.4,34.3,34.2,34.5,33.9,34.1,34.0,33.8,33.6,33.8,33.7,33.6,33.4,33.6,33.8,33.5,33.7,33.8,33.3,33.3,33.6,33.7,33.6,34.1,33.1,34.4,34.0,33.9,35.5,34.4,34.6,34.4,34.1,34.1,34.6,33.9,34.4,34.0,34.0,34.2,33.5,33.7,34.0,33.7,33.5,33.9,33.8,33.9,33.7,33.4,33.8,33.4,33.6,33.3,34.1,33.3,33.6,33.8,34.1,35.0,33.9,34.5,34.8,33.9,34.5,34.5,34.2,34.2,33.6,33.7,34.0,33.9,33.7,33.7,34.1,33.3,33.9,33.7,33.8,33.7,33.4,33.7,34.0,33.3,33.3,33.8,33.6,33.6,33.2,33.8,33.9,33.6,34.9,34.4,33.9,34.1,34.2,34.1,34.6,33.8,34.1,33.9,33.8,34.0,34.1,34.2,34.2,34.1,33.8,34.0,33.7,33.5,33.8,33.7,33.4,33.2,33.7,33.3,33.6,33.3,33.5,33.4,33.7,33.5,33.6,33.8,34.1,33.7,34.2,34.2,33.9,34.2,33.7,33.8,34.2,33.8,33.9,34.2,34.0,34.1,34.0,34.2,34.1,33.7,33.7,33.6,33.8,33.3,33.4,33.6,33.5,33.4,33.2,33.7,33.8,34.0,33.8,33.7,34.0,34.0,34.0,33.8,34.8,34.0,34.1,33.9,33.9,33.9,33.8,34.2,34.1,33.6,33.8,34.6,34.2,33.8,33.4,33.5,34.1,33.3,33.5,33.2,33.6,33.5,33.2,33.1,33.8,33.6,34.4,33.7,34.4,33.6,33.4,33.9,34.1,34.2,33.9,33.5,33.7,33.8,33.7,34.1,34.2,34.3,33.6,34.2,34.1,33.5,33.5,33.6,33.6,33.6,33.2,33.5,33.5,33.4,33.2,33.6,33.4,33.8,33.4,34.9,34.2,34.0,33.9,33.7,34.1,33.6,34.0,33.8,33.8,33.5,33.9,34.0,34.4,33.8,33.8,34.2,34.6,33.4,33.4,33.7,33.3,33.4,33.3,33.4,33.7,33.3,33.5,33.2,33.9,33.6,33.7,33.7,34.7,33.8,34.9,33.9,34.7,33.7,33.9,33.7,33.5,33.5,33.5,33.9,34.0,34.1,33.8,34.1,34.5,33.4,33.4,33.3,33.7,33.0,33.4,33.2,33.7,33.3,33.2,33.5,33.5,33.7,33.4,34.0,34.0,34.2,34.8,35.0,34.4,34.6,33.5,33.9,34.0,33.9,33.7,33.6,34.1,33.8,33.7,34.2,34.9,33.4,33.8,33.3,34.0,33.1,32.9,32.9,33.6,33.1,33.0,33.2,33.4,33.7,33.4,33.9,33.4,34.2,33.8,35.2,34.7,34.2,34.9,33.9,33.9,33.5,33.5,33.6,33.7,33.7,33.4,34.0,34.1,33.4,33.3,33.2,33.3,33.3,33.1,33.1,33.5,33.2,32.9,33.1,33.8,33.1,nan,33.5,33.7,33.2,34.2,34.0,35.2,34.5,35.0,34.4,34.5,33.6,33.4,33.9,33.9,33.5,33.6,34.0,34.2,33.7,33.4,33.5,33.4,33.5,33.3,32.8,33.6,32.9,33.3,33.1,33.5,33.1,33.2,33.4,33.4,33.6,33.2,33.7,33.7,34.4,33.8,35.5,34.0,34.9,33.6,34.1,34.0,33.9,33.7,34.2,34.1,33.2,33.6,33.6,33.8,33.5,33.1,33.4,33.5,33.4,33.1,33.3,33.2,33.2,33.0,33.3,33.6,33.4,33.2,33.3,33.9,33.3,34.0,33.9,35.3,33.8,34.2,33.6,34.3,33.6,33.2,33.9,34.4,33.7,33.8,33.5,33.9,33.1,33.0,33.0,33.9,33.1,33.1,33.5,33.5,33.2,33.6,33.3,33.4,33.6,33.2,33.3,33.4,33.3,33.2,33.6,33.6,34.2,33.1,33.7,34.0,34.1,33.2,33.5,33.8,33.4,33.3,33.9,33.9,33.3,33.2,33.5,33.6,33.2,32.9,33.3,33.2,33.3,33.0,33.6,33.5,33.2,32.8,33.4,33.3,33.1,33.1,33.4,33.8,33.2,33.5,33.6,34.3,33.5,33.5,34.0,34.6,33.6,33.9,34.1,34.1,33.4,33.6,33.7,33.9,33.4,33.8,33.1,33.6,33.3,33.6,33.6,33.8,32.9,33.3,33.2,33.5,33.1,33.2,33.8,33.6,33.8,33.4,33.8,33.9,33.4,33.5,33.7,34.2,33.8,33.6,33.7,34.2,33.3,33.2,33.8,33.8,33.8,33.4,33.7,33.5,33.7,33.3,33.5,33.7,33.1,33.2,33.5,33.7,33.5,33.3,33.4,33.6,33.2,33.4,33.8,33.7,33.2,33.6,34.3,33.9
1785310427.7566266,721,34.8,34.4,34.6,34.8,34.2,34.3,34.1,33.9,33.8,33.6,33.5,33.7,33.6,33.4,33.5,33.8,33.2,33.2,33.7,33.8,33.6,33.4,33.4,33.9,33.6,33.5,33.7,33.8,33.9,33.7,34.0,34.1,34.4,34.0,34.9,34.9,33.9,34.1,33.7,34.0,33.5,33.5,33.5,33.7,33.7,33.5,33.6,33.7,33.3,33.5,33.8,33.5,33.6,33.3,33.8,34.0,33.9,33.8,34.4,33.7,34.7,33.8,34.0,34.5,33.9,34.4,34.2,33.8,34.1,33.7,34.0,33.8,33.5,33.4,33.4,34.0,33.3,33.8,33.3,34.6,33.3,33.7,33.5,34.2,33.7,33.9,34.0,35.0,34.3,34.7,34.2,35.1,34.4,34.3,33.6,34.3,34.5,34.4,34.3,34.3,33.6,33.8,33.7,33.7,33.4,33.5,33.5,33.5,33.6,33.6,34.6,33.6,34.0,33.5,33.9,33.6,34.6,34.0,34.8,35.0,34.6,35.0,34.7,35.4,34.5,34.3,33.7,34.6,34.0,34.2,33.8,34.3,33.8,33.6,33.5,33.9,33.3,33.3,33.4,33.6,33.9,35.0,35.2,35.6,34.1,34.0,34.4,34.3,34.4,34.8,35.1,34.6,34.6,34.3,33.9,33.9,34.7,33.5,33.7,34.5,33.4,34.3,34.1,34.4,33.7,33.5,33.9,33.6,33.8,33.2,33.8,33.8,34.2,34.7,35.7,35.7,34.5,33.9,34.2,34.5,34.7,34.7,34.6,34.7,34.1,34.1,34.0,34.1,34.0,33.6,33.8,33.8,34.3,33.6,34.2,34.0,33.7,33.6,33.8,33.8,33.3,33.5,33.7,33.8,34.3,34.5,35.6,34.5,34.2,34.2,34.1,34.2,34.7,34.8,34.6,34.5,33.9,34.1,34.2,34.4,34.0,34.0,34.0,34.2,34.2,33.9,34.0,34.1,33.1,33.6,33.4,33.9,33.4,33.8,33.5,33.9,33.4,34.5,34.2,35.1,34.1,34.1,34.1,34.6,34.4,34.2,35.0,34.5,33.7,34.2,34.2,34.2,34.2,34.1,34.1,34.3,34.1,34.2,34.0,33.8,33.6,33.6,33.7,33.7,33.3,33.6,33.4,33.8,33.6,33.6,33.9,34.0,34.0,34.2,34.3,34.3,34.7,34.5,34.2,34.5,34.1,33.9,33.9,34.1,34.2,33.9,34.3,34.8,34.1,33.8,33.5,34.0,33.7,33.3,33.6,33.8,33.9,33.7,33.8,33.7,33.3,33.4,33.7,34.1,33.9,33.8,33.9,34.9,34.3,34.5,34.4,34.1,34.0,34.1,34.0,34.6,34.1,33.9,33.8,34.1,33.7,33.8,33.9,33.4,33.4,33.7,33.5,33.9,33.5,33.5,33.4,33.4,33.4,33.6,33.8,33.9,34.0,34.1,34.0,34.1,34.2,34.2,34.3,34.0,33.9,33.9,33.9,34.2,34.1,34.1,34.2,34.5,33.7,33.5,34.0,33.8,33.5,33.4,33.4,33.3,33.8,33.5,33.4,33.9,33.5,33.6,33.8,33.8,33.8,33.8,34.1,34.1,34.0,33.8,33.7,34.1,33.7,34.3,34.0,34.1,34.2,34.0,33.6,34.7,34.0,33.6,33.3,33.9,33.3,33.5,33.4,33.4,33.7,33.2,33.5,33.5,33.4,33.4,33.4,33.8,33.9,34.1,34.0,34.6,33.9,33.9,34.0,33.7,34.0,33.4,33.9,34.0,34.3,33.8,34.5,34.3,33.5,33.5,33.8,33.6,33.2,33.7,33.3,33.3,33.2,33.2,33.2,33.4,33.2,33.5,33.5,33.5,33.7,34.2,34.6,34.5,34.4,33.7,34.0,33.8,33.5,33.8,33.8,33.9,33.6,33.8,33.8,34.6,33.8,33.4,33.7,34.1,33.6,33.3,33.4,33.6,33.3,33.2,33.7,33.4,33.6,33.4,33.6,33.3,33.9,33.8,35.0,34.7,34.7,34.4,34.0,34.5,33.8,34.2,34.1,33.8,33.7,34.0,34.1,34.5,33.6,34.0,33.7,33.9,33.3,33.4,33.2,33.3,32.9,33.2,33.1,33.5,33.0,33.4,33.2,33.6,33.4,33.5,33.9,35.2,34.5,35.0,34.8,34.5,34.6,33.6,34.4,33.9,33.6,33.8,34.0,34.5,33.9,33.8,33.5,33.8,33.7,32.9,33.4,33.6,33.1,33.5,32.9,33.2,33.2,33.1,33.1,33.4,33.4,33.3,33.6,33.4,34.2,33.9,35.2,34.9,35.7,34.9,34.5,34.4,33.7,33.7,34.0,34.1,33.6,33.7,33.8,33.7,33.7,33.1,33.5,33.1,33.2,33.4,33.1,33.6,33.4,nan,33.5,33.3,33.2,33.2,33.3,33.7,33.7,33.8,34.1,34.7,34.6,35.6,34.4,34.1,34.0,33.6,34.0,34.4,34.1,33.8,33.7,34.0,33.3,33.3,33.4,33.7,33.5,33.3,33.3,33.7,32.9,33.1,33.4,33.6,33.4,32.9,33.4,33.4,33.4,33.6,33.8,33.6,34.3,33.6,34.3,34.2,33.9,34.1,34.2,34.5,33.7,34.0,33.7,33.7,33.1,33.3,33.3,33.7,33.3,33.3,33.3,33.6,33.4,33.4,33.3,33.6,33.2,33.2,33.3,33.7,33.3,33.3,33.6,33.6,33.6,33.9,33.8,34.1,33.8,33.8,34.3,34.2,34.4,33.8,33.9,33.9,33.3,33.4,33.4,33.6,33.7,33.4,33.7,33.6,33.7,33.6,33.7,33.9,33.4,33.2,33.3,33.4,33.3,33.4,33.3,33.8,33.4,33.4,34.1,34.0,34.1,33.9,34.1,34.2,33.6,33.8,33.5,33.7,33.5,33.8,33.6,33.6,33.6,33.4,33.7,33.4,33.3,33.5,33.8,33.7,33.7,33.2,33.6,33.7,33.1,33.1,33.4,33.4,33.0,33.5,33.8,34.1,33.2,33.7,34.0,34.5,33.9,34.2,34.1,34.3,33.8,33.6,33.7,33.9,33.4,33.6,33.6,33.5,33.5,33.5,33.8,33.9,33.3,33.1,33.6,33.8,33.5,33.3,33.6,33.7,33.8,33.2,34.0,33.7,33.6,33.8,34.1,34.2,33.8,34.3,33.7,34.2,33.3,33.6,33.6,33.8,33.3,33.6,33.9,33.8,33.3,33.7,33.7,33.5,33.5,33.5,33.7,33.7,33.3,33.5,33.8,33.6,33.4,33.5,33.4,34.1,33.4,33.8,34.3,33.9
1785310430.367612,722,34.3,34.2,33.6,34.1,33.8,33.8,33.9,33.5,33.2,33.6,33.1,33.5,33.2,33.2,33.0,33.4,33.0,33.2,33.0,33.4,33.2,33.4,32.9,33.5,33.2,33.3,33.3,33.6,33.2,33.7,33.2,33.4,34.4,34.0,34.2,33.7,33.7,33.2,33.7,33.8,33.7,33.5,33.5,32.8,33.1,33.3,33.1,33.1,33.1,33.3,33.4,33.2,33.4,33.3,33.2,33.4,33.4,33.4,33.4,33.7,34.0,33.4,34.0,33.5,34.4,34.4,33.3,33.8,33.3,33.7,33.4,33.2,33.3,33.5,33.0,33.6,33.3,33.0,33.0,33.2,33.2,33.2,32.8,33.2,33.0,33.4,33.2,33.5,33.4,33.4,33.2,33.5,33.6,33.5,32.9,33.9,34.3,34.2,33.8,33.6,33.6,33.4,33.9,33.3,33.6,33.5,33.5,33.1,33.4,33.1,33.2,32.9,33.3,33.1,33.2,33.1,33.1,33.3,33.1,33.2,33.7,33.5,33.1,33.8,33.5,33.1,33.7,33.7,34.0,34.2,33.6,33.9,33.6,33.8,32.7,33.3,33.4,33.5,32.9,33.0,33.2,33.1,33.0,32.9,33.1,33.2,33.2,32.8,32.9,33.1,33.0,33.1,33.4,33.3,33.1,33.7,33.3,33.5,33.1,33.6,34.6,33.9,34.1,33.8,33.9,33.4,33.4,33.5,33.4,33.6,33.6,32.9,33.0,33.0,33.1,33.1,33.5,33.0,33.0,33.0,33.2,33.2,33.0,33.1,33.6,33.4,33.4,33.5,33.0,33.2,33.2,33.4,34.3,34.5,33.3,34.2,33.3,33.8,33.4,33.6,33.5,33.7,33.0,33.6,33.0,32.8,33.0,33.0,33.1,33.3,32.7,33.4,33.4,33.0,33.1,33.3,33.2,33.3,33.5,33.3,33.2,33.4,33.2,33.6,34.4,34.0,34.2,33.7,33.8,33.4,33.5,33.2,33.3,33.4,33.8,33.5,32.9,33.1,33.1,33.1,33.3,33.0,33.3,33.0,33.1,32.9,33.2,33.2,33.3,33.2,33.3,33.1,33.5,33.3,33.5,33.4,34.6,34.2,33.8,34.2,33.2,33.6,33.0,33.5,33.5,33.2,33.3,33.6,33.2,33.2,33.2,33.0,32.9,33.3,32.7,33.2,33.2,33.1,32.8,33.3,33.1,33.5,32.8,33.2,33.3,33.5,33.1,33.1,34.3,34.2,34.3,34.0,33.7,33.3,33.4,33.3,33.7,33.2,33.3,33.2,33.1,32.8,33.4,33.1,33.3,33.0,33.3,33.2,33.5,33.3,33.5,33.1,33.5,33.2,33.6,33.3,33.5,33.2,33.6,33.1,33.9,34.2,33.7,33.8,33.6,33.5,33.3,33.6,33.3,33.5,33.1,33.4,33.2,33.3,33.0,33.6,33.3,33.3,32.9,33.1,33.1,33.4,33.3,33.5,33.4,33.9,33.2,34.2,33.2,33.6,33.0,33.5,33.9,33.9,33.6,33.8,33.3,33.2,33.1,33.5,33.6,33.4,33.6,33.1,33.5,33.2,33.3,33.2,33.4,33.0,33.3,32.9,33.8,33.5,34.0,33.4,34.5,33.9,34.9,33.7,34.2,33.6,33.4,33.3,34.0,34.2,33.9,33.9,33.5,33.8,33.0,33.4,33.3,33.5,33.1,33.7,33.4,33.6,33.0,33.8,33.3,33.8,33.4,34.1,34.1,34.6,34.7,35.0,34.3,34.2,34.8,34.4,33.6,33.6,33.6,33.7,34.3,33.9,33.6,33.6,33.6,33.6,33.5,33.2,33.4,33.6,33.4,33.3,34.0,33.4,34.4,33.2,33.8,33.5,34.1,33.7,34.6,34.6,34.8,34.8,34.2,34.1,33.8,34.2,33.8,33.6,33.8,33.8,34.1,34.6,33.5,34.1,33.2,33.3,33.0,33.6,33.3,33.5,33.5,33.4,34.5,34.7,34.1,35.5,34.4,34.2,34.2,34.3,34.5,34.7,34.0,34.4,34.0,33.9,33.6,34.0,33.7,33.6,33.6,33.9,33.8,34.0,33.9,33.7,33.3,33.2,33.5,33.3,33.3,33.2,33.6,34.0,34.5,35.1,35.4,34.5,34.5,34.2,34.2,34.5,34.8,34.8,34.4,34.2,34.4,33.7,33.6,33.9,34.0,33.7,33.8,33.7,33.6,34.2,33.9,33.6,33.5,33.5,33.0,33.6,33.5,33.6,33.7,33.5,35.3,34.5,34.7,34.9,34.4,34.2,34.4,34.6,34.5,34.6,34.0,34.5,34.2,34.0,33.6,34.0,33.9,34.1,34.2,34.3,34.3,33.7,33.4,33.7,33.7,33.1,33.7,33.5,33.8,33.3,33.4,34.1,34.0,nan,34.1,34.2,34.3,34.3,34.1,34.4,34.8,34.5,34.6,34.5,34.1,33.7,34.2,34.3,34.6,33.8,34.2,34.2,34.1,34.0,33.5,34.0,33.7,33.7,33.5,33.9,33.5,33.6,33.7,33.8,33.7,33.7,34.4,34.4,33.9,33.9,34.4,34.4,34.5,34.9,34.5,34.5,33.8,33.8,33.9,34.2,34.4,34.1,34.0,34.7,33.4,33.6,33.8,33.8,34.0,33.3,33.4,33.7,33.8,33.8,33.5,33.6,33.7,33.9,34.0,34.3,34.2,34.2,34.2,34.5,34.5,34.7,34.5,34.1,33.9,34.1,34.4,34.3,34.2,34.2,34.7,34.2,33.7,34.0,33.5,34.3,33.7,33.6,33.4,33.9,33.5,33.6,33.7,33.8,34.0,33.6,34.2,33.9,34.2,34.0,34.0,34.0,34.5,34.2,34.5,34.3,33.8,34.0,34.3,34.3,34.3,34.2,34.3,34.4,33.6,33.8,33.9,33.7,33.7,33.8,34.1,33.6,33.7,33.8,33.5,33.9,33.7,33.5,33.6,34.2,34.0,34.0,34.0,34.4,33.8,34.1,33.9,34.0,33.7,34.1,34.0,34.1,34.3,34.3,34.4,34.8,33.6,34.2,33.6,34.1,34.0,33.9,33.7,33.7,33.6,33.8,33.4,33.6,34.0,34.0,33.6,34.0,33.8,33.8,34.1,35.1,34.4,34.7,34.1,34.1,34.1,34.1,34.2,33.9,34.0,34.0,34.6,34.0,34.2,34.0,33.9,34.0,33.9,33.6,33.4,33.8,33.5,33.6,33.7,33.8,33.7,33.9,34.0,34.0,33.5,34.4,34.5,34.8,35.1,33.8,34.5,34.0,34.5,34.3,34.0,33.9,34.0,34.5,34.5,34.4
1785310432.8458898,723,35.1,33.6,34.4,33.6,34.0,33.6,33.9,33.1,33.4,33.5,33.3,33.5,33.2,32.9,33.2,33.0,33.0,32.9,33.2,32.9,33.6,33.1,33.3,33.3,33.5,32.9,33.3,33.4,33.2,32.8,33.8,33.4,33.9,34.1,33.5,34.5,33.5,33.4,33.1,34.0,33.3,33.6,33.2,33.2,33.0,33.2,33.1,33.3,33.0,33.0,33.1,33.2,32.9,33.0,32.6,33.0,33.0,33.6,33.0,33.3,33.4,33.4,33.0,33.5,34.4,33.9,34.0,34.0,33.7,33.5,33.2,33.3,33.7,32.8,32.9,33.3,33.3,32.8,32.6,32.8,33.2,32.9,33.0,33.0,33.2,33.1,33.5,32.8,33.2,33.2,33.4,33.3,33.1,33.3,33.6,33.4,34.1,34.2,33.6,34.1,33.4,33.2,33.3,33.7,33.6,33.5,33.1,33.7,32.7,32.9,32.5,33.1,32.8,33.1,32.9,33.0,33.1,33.3,33.2,33.2,32.9,33.2,32.7,33.0,33.5,32.9,33.3,33.7,34.3,34.2,34.1,33.9,33.4,33.6,33.3,33.2,33.6,33.3,32.9,33.1,32.9,33.0,33.1,32.5,33.3,33.0,32.7,32.5,33.3,32.6,33.3,32.9,33.4,33.0,33.2,32.7,33.3,33.1,33.5,33.5,33.7,34.3,33.7,34.0,33.5,33.4,32.8,33.1,33.1,33.8,33.3,33.1,33.0,33.0,32.8,33.1,32.7,33.2,32.7,33.5,32.9,33.2,32.7,33.3,32.6,33.2,33.0,33.4,32.8,33.4,33.0,33.4,34.5,33.6,34.0,33.6,33.7,33.4,33.6,32.9,33.5,33.2,33.6,33.1,33.0,32.8,33.0,32.7,33.1,33.1,33.0,33.3,33.4,33.1,33.1,33.2,33.2,33.3,33.3,33.2,33.3,32.9,33.4,33.2,33.3,34.2,33.4,34.1,33.3,33.6,33.2,33.2,33.1,33.3,32.8,33.2,33.3,33.1,32.9,33.3,32.5,32.8,33.3,33.2,33.1,32.9,33.0,33.2,33.2,33.6,33.0,33.1,32.9,33.3,33.1,33.2,34.2,33.8,33.8,33.9,33.6,33.2,33.4,33.2,33.1,32.8,33.1,33.1,33.4,32.8,32.8,33.2,33.1,33.1,33.2,33.4,33.4,33.3,32.9,33.5,33.1,33.4,33.0,33.3,33.1,33.4,33.3,33.4,33.9,34.3,33.5,34.2,33.0,33.3,33.1,33.6,33.6,33.4,32.7,33.4,33.0,33.2,33.1,33.2,33.2,33.3,33.3,33.2,33.3,33.4,34.2,33.5,34.1,33.2,33.3,33.4,33.6,33.0,33.2,33.3,34.0,33.8,34.1,33.3,33.8,33.1,33.3,33.1,33.5,33.0,33.5,32.9,33.1,33.9,33.2,34.7,33.3,33.8,33.2,33.9,33.5,34.1,33.5,35.1,33.6,34.6,33.7,33.7,33.2,33.4,33.6,33.3,33.7,34.3,33.6,33.8,33.2,33.4,32.8,33.5,33.1,33.2,33.1,33.2,33.8,33.2,35.1,33.4,34.5,33.2,33.8,33.4,34.0,33.4,34.7,33.8,34.9,33.6,33.9,33.6,33.3,33.5,33.3,33.2,33.8,33.8,34.1,33.1,33.7,33.3,33.2,33.1,33.2,33.0,33.0,33.4,33.4,34.2,33.8,35.2,33.6,33.9,33.7,34.0,33.9,34.4,34.6,34.7,34.3,34.8,33.6,33.9,33.8,33.4,33.8,33.6,33.3,33.7,33.4,34.0,33.1,33.8,33.0,33.2,33.1,33.3,33.1,33.6,33.9,33.6,34.5,33.6,34.0,33.7,34.0,34.0,34.0,34.3,34.8,34.7,35.1,34.0,33.8,34.1,33.8,33.3,33.9,33.6,34.1,33.8,33.9,33.4,33.6,33.2,33.6,33.6,33.3,33.0,33.2,33.3,33.9,33.4,34.9,33.9,34.3,33.9,34.4,34.3,34.7,34.4,35.5,34.9,35.0,34.4,33.8,34.0,33.8,34.2,33.8,34.4,33.6,34.2,33.5,33.7,33.2,33.6,33.0,33.5,33.1,33.1,33.3,33.8,33.2,34.5,33.5,35.3,33.7,34.2,33.6,34.2,34.0,34.8,35.0,35.7,34.8,34.4,33.9,34.1,33.6,33.9,34.1,34.1,33.9,33.6,33.8,33.2,33.5,33.1,33.8,33.2,33.5,33.5,33.7,33.2,34.4,33.3,35.2,33.8,34.2,33.5,34.2,33.4,34.7,34.1,35.2,34.4,34.7,33.7,34.1,34.1,34.5,33.8,34.0,33.7,33.7,33.7,33.1,33.3,33.1,33.5,32.8,33.7,32.9,33.5,33.1,33.6,33.1,nan,33.3,34.8,33.7,34.0,33.7,34.2,34.2,34.5,34.6,35.3,33.8,34.4,33.9,33.9,34.1,34.2,33.9,34.6,34.1,33.8,34.0,33.6,33.4,33.3,33.6,33.8,33.5,33.3,33.7,33.5,33.8,33.4,34.3,33.3,34.1,33.6,34.4,34.4,34.6,35.1,35.2,33.7,34.5,34.0,33.9,33.8,34.3,34.1,34.2,33.9,33.7,34.0,33.3,33.8,33.3,33.7,33.1,33.6,32.8,33.3,33.0,33.6,33.4,33.5,33.3,34.2,33.7,34.1,34.5,34.6,34.7,34.7,33.5,35.2,33.4,34.3,33.9,33.9,33.6,34.6,33.9,34.4,33.8,33.6,33.8,33.5,33.7,33.1,33.6,33.2,33.5,33.5,33.7,33.5,33.5,32.9,34.0,33.4,33.8,33.7,34.3,34.4,34.5,34.3,34.9,34.0,34.2,33.6,34.3,33.8,34.5,33.7,34.1,33.8,32.8,33.8,33.5,34.1,33.3,33.6,33.0,33.8,32.9,33.6,33.2,33.6,33.2,33.7,33.3,33.9,33.2,33.9,33.8,34.7,34.0,34.7,34.1,34.3,33.6,33.9,33.4,34.3,33.2,33.9,33.6,34.4,33.7,33.5,33.9,34.1,33.8,33.2,33.5,32.7,33.6,33.3,33.6,33.5,33.3,33.1,33.8,33.5,33.6,33.5,34.2,33.9,35.1,33.9,34.2,33.8,33.8,34.0,34.4,34.4,34.4,33.8,34.6,34.0,33.3,33.8,33.5,34.2,33.1,33.7,33.0,33.8,33.0,33.6,33.3,33.9,33.2,33.9,33.2,33.5,33.4,34.2,33.3,34.8,33.7,34.6,34.0,34.0,33.8,34.1,33.8,34.3,33.8,33.8,33.9,34.9
1785310435.4032302,724,34.3,33.6,33.1,33.6,33.3,33.4,33.2,33.5,33.2,33.4,33.3,33.1,33.0,32.9,33.0,33.0,32.9,33.1,33.0,33.3,33.0,32.9,32.7,33.3,32.8,32.9,33.1,33.4,33.4,32.6,33.0,33.4,34.4,34.0,34.0,33.5,33.0,33.2,33.5,33.4,33.5,33.2,33.6,33.4,33.0,33.0,32.9,33.0,32.6,32.6,33.1,32.8,32.9,33.1,33.2,33.0,33.2,32.8,33.2,33.3,33.6,33.2,33.3,33.8,33.2,34.2,33.8,34.0,33.3,33.5,32.8,33.5,33.1,33.0,33.0,33.5,33.1,32.8,32.6,32.6,33.0,32.9,32.6,33.2,33.0,32.7,32.9,33.3,33.2,33.2,33.0,33.5,33.1,33.3,33.2,33.2,33.6,34.2,33.6,33.6,33.4,33.0,33.3,33.1,33.1,33.3,33.1,33.0,32.5,32.9,32.7,32.8,32.6,33.0,32.9,33.0,32.8,32.9,33.0,32.9,32.9,33.2,32.7,33.4,33.7,33.1,33.3,33.2,33.6,34.0,33.8,33.9,33.2,33.2,33.3,33.2,33.3,33.0,33.1,33.1,32.6,33.0,32.9,32.8,33.1,32.8,32.6,33.0,33.1,33.0,32.8,33.3,32.8,32.8,32.8,33.3,33.1,32.7,33.1,33.2,33.7,33.9,33.9,33.8,33.3,33.0,33.0,33.3,33.1,33.4,33.2,32.8,33.0,33.2,33.2,32.9,33.2,33.0,33.2,33.0,33.2,32.8,33.1,33.1,32.9,33.0,33.0,33.2,33.2,33.0,32.7,33.2,33.9,34.1,33.5,34.0,33.2,33.4,33.3,33.1,33.2,33.2,32.9,33.3,33.0,33.0,33.0,33.2,33.1,33.0,33.0,33.3,33.4,33.1,32.9,33.1,33.6,33.3,33.3,33.4,33.2,33.3,33.2,33.8,33.8,33.3,33.6,33.5,33.1,33.1,33.4,33.2,32.9,33.1,33.1,33.0,33.0,33.3,33.1,32.8,33.2,33.0,33.1,33.2,33.1,33.3,33.4,33.7,33.9,33.9,34.1,33.5,33.9,33.1,33.3,33.2,34.0,33.6,33.4,33.7,33.2,33.0,33.2,33.7,33.0,33.1,33.0,33.3,33.4,33.1,33.1,33.4,33.2,33.4,33.5,33.7,34.0,34.5,34.5,34.9,34.0,33.9,34.6,35.0,34.1,33.6,33.5,33.4,33.7,33.8,33.3,33.4,33.3,32.6,33.3,33.4,33.1,32.9,33.2,33.6,33.8,33.9,33.9,33.5,33.6,33.8,33.8,33.7,34.1,34.6,34.7,34.5,33.7,33.2,34.5,34.1,33.7,33.6,33.2,33.3,33.3,33.4,33.7,33.5,33.2,33.3,33.0,33.4,33.2,33.7,33.1,33.7,35.2,35.2,35.1,34.9,34.1,33.9,33.9,34.4,34.7,34.4,34.0,34.2,33.8,33.6,33.0,33.4,33.8,33.1,33.2,33.5,33.5,33.3,33.2,33.2,32.8,33.2,33.1,32.8,33.3,33.0,33.7,34.1,34.9,35.4,35.0,34.6,33.8,33.7,33.6,34.1,34.5,34.6,34.7,34.3,33.9,33.9,33.8,33.9,33.5,33.5,33.7,33.4,33.8,33.4,33.3,33.5,33.4,33.3,32.9,33.2,33.0,33.2,33.3,34.0,34.5,34.6,34.6,34.3,33.9,33.9,34.0,34.4,34.6,34.3,34.2,34.2,33.8,33.7,33.6,34.0,33.8,33.6,33.6,34.1,33.5,33.5,33.2,32.9,33.1,33.0,33.3,33.2,33.2,33.3,33.6,33.6,33.7,34.2,34.1,34.0,33.7,34.0,34.3,34.3,34.5,34.6,34.8,34.2,33.9,34.1,33.6,34.1,34.0,33.5,33.9,33.8,33.4,33.4,33.1,33.6,33.0,33.2,33.4,33.4,33.2,33.5,33.4,33.4,33.3,33.4,33.9,33.8,33.6,33.8,34.1,34.4,34.8,34.6,34.4,34.4,33.5,33.5,33.4,33.8,33.8,33.4,33.6,33.9,33.4,33.4,33.1,33.3,33.0,33.1,33.5,33.4,33.1,33.2,33.1,33.5,33.2,33.5,33.8,33.9,33.5,33.7,34.1,34.2,34.3,34.5,34.5,34.5,33.8,33.8,33.8,33.6,33.6,34.0,34.2,34.1,33.2,33.6,33.2,33.6,33.1,32.9,32.9,33.6,33.3,33.3,33.0,33.2,33.5,33.3,33.7,33.9,33.3,33.5,33.7,33.8,33.9,33.9,34.0,33.9,33.7,33.5,33.8,34.1,34.1,33.8,34.0,34.1,33.0,33.1,33.4,33.1,33.3,33.1,33.2,32.8,33.1,33.4,33.1,33.3,33.2,nan,33.6,33.7,33.7,33.7,33.6,33.7,33.8,33.8,34.3,34.0,33.3,33.6,34.1,33.6,33.9,33.8,34.1,34.2,33.5,33.4,33.4,33.6,33.2,32.9,33.2,33.4,33.1,33.1,33.2,33.3,32.9,33.2,33.4,33.8,33.9,33.9,34.4,34.3,33.6,33.6,33.3,33.5,33.5,33.3,33.6,34.0,33.7,33.6,34.0,34.3,33.0,33.4,33.7,33.6,32.8,33.1,32.9,33.4,33.1,33.3,33.3,33.3,33.2,33.0,33.3,33.3,33.9,34.5,34.5,34.4,34.0,33.5,33.6,33.8,33.1,33.4,33.7,33.7,33.6,33.6,33.9,33.8,34.0,33.6,33.1,33.5,33.1,32.9,33.2,33.4,32.6,32.9,33.3,33.5,33.5,33.2,33.5,33.6,33.6,33.7,34.7,34.7,34.9,34.9,34.4,35.1,34.2,34.2,33.7,34.0,33.7,33.5,33.5,33.8,33.2,33.6,33.5,33.3,33.1,33.0,33.6,33.0,33.1,33.1,33.3,33.4,33.2,33.3,33.7,33.5,33.2,33.5,34.1,34.2,34.2,34.3,34.7,34.7,34.8,34.6,34.4,33.5,33.4,33.3,33.6,34.1,33.4,33.5,33.0,33.7,33.4,33.2,33.1,33.3,33.3,33.3,33.1,33.1,32.8,33.1,32.9,33.3,33.1,33.3,33.4,34.0,33.8,33.7,34.7,34.0,35.1,34.5,34.6,34.3,33.6,33.8,34.4,34.0,33.1,33.6,33.5,33.3,33.1,33.0,33.4,33.2,33.1,33.4,33.1,33.1,32.8,33.2,33.3,33.0,32.8,33.2,33.5,33.6,33.5,33.7,33.8,33.8,34.0,34.7,34.0,33.7,33.6,33.6,33.8,34.0
1785310437.949931,725,34.3,33.9,33.4,33.3,33.3,33.2,33.7,33.5,33.8,33.1,32.7,32.9,33.0,32.9,33.2,33.0,32.9,32.9,33.4,33.3,33.6,33.3,33.1,32.9,33.3,33.1,33.5,33.2,33.4,33.0,33.2,33.4,33.6,33.8,33.5,33.8,33.3,33.2,33.3,33.8,33.3,33.4,33.0,33.6,32.8,33.3,32.9,33.3,33.2,33.2,32.9,33.4,32.9,33.3,32.8,33.2,33.2,33.4,32.8,33.5,33.3,33.4,33.0,33.8,34.2,33.7,33.5,33.8,33.5,33.1,33.6,33.7,33.5,33.2,33.0,33.1,32.8,32.6,32.8,32.8,32.7,32.7,33.1,33.0,32.8,32.9,33.1,33.2,33.2,32.9,33.0,33.1,33.4,32.8,33.4,33.4,33.6,34.2,33.6,33.6,33.0,33.0,33.1,33.5,33.3,33.3,32.8,33.2,32.4,32.7,32.9,33.1,33.0,32.8,32.9,33.0,33.1,33.1,33.0,33.2,33.1,33.4,32.7,33.6,32.8,33.5,32.8,33.0,34.3,33.8,33.4,33.7,33.4,33.3,33.1,33.5,32.9,33.0,32.9,33.1,32.9,32.6,32.9,32.8,33.3,32.8,33.2,33.0,33.3,33.0,33.3,33.1,33.2,33.0,33.0,33.3,33.1,32.9,33.3,33.7,34.1,33.9,33.7,33.4,33.3,33.4,33.4,33.7,32.9,33.1,33.1,33.5,32.9,32.9,33.0,33.2,32.9,32.9,33.3,33.2,32.9,33.0,33.2,33.1,32.9,33.2,33.0,33.5,33.0,33.2,33.2,33.2,34.1,33.8,33.6,34.0,33.4,33.0,33.3,33.1,33.4,32.7,33.1,33.1,33.2,33.0,33.0,33.2,33.4,32.8,33.2,33.1,33.2,32.9,33.8,33.5,33.4,33.3,33.5,33.4,33.4,33.1,33.4,33.4,33.3,33.5,33.4,33.1,33.3,33.1,32.8,33.2,33.1,33.3,33.0,33.2,32.8,33.1,32.9,33.3,33.0,33.1,33.1,33.6,33.5,33.6,34.0,34.4,34.0,34.4,33.5,34.0,33.3,33.3,33.3,33.9,33.3,33.6,33.4,33.7,33.0,33.0,33.2,33.6,33.6,32.9,33.5,33.3,33.2,33.1,33.3,33.4,33.4,33.5,33.9,34.2,34.7,34.7,34.4,34.0,34.0,34.6,34.4,34.0,33.3,33.0,33.5,33.2,33.5,34.1,33.5,33.8,32.8,33.0,33.1,33.6,33.3,33.2,33.7,34.4,33.0,33.8,33.6,34.3,33.9,34.0,33.9,34.6,34.6,34.5,33.7,33.6,33.6,33.9,33.8,33.7,33.0,33.4,33.4,33.7,33.5,33.4,33.5,33.1,33.1,33.1,33.0,33.3,33.3,33.2,34.0,35.2,35.5,35.2,34.3,34.1,34.4,33.9,34.2,34.4,34.4,34.2,34.2,33.7,33.5,33.2,33.6,33.5,33.2,33.2,33.8,32.9,33.1,33.1,33.4,33.2,33.0,33.4,32.9,33.7,33.5,33.5,34.4,34.8,35.3,35.4,33.9,34.5,33.7,33.8,34.1,34.9,34.1,34.3,33.9,34.3,33.5,33.8,33.7,33.8,33.6,33.8,33.3,33.6,33.6,33.2,33.5,33.5,33.5,33.1,33.4,33.6,33.3,33.2,33.8,34.7,34.5,34.6,34.1,34.4,34.3,33.9,34.2,34.8,34.6,34.3,34.1,33.9,33.5,33.7,34.1,34.0,34.1,33.4,33.8,34.1,33.5,33.5,33.2,33.7,32.9,33.4,33.1,33.2,33.4,33.6,33.9,33.8,34.0,34.2,34.0,34.4,34.0,34.0,34.3,34.6,34.3,34.3,34.0,34.2,33.6,34.0,34.0,34.3,33.6,33.6,33.7,34.2,33.7,33.2,33.5,33.6,33.0,33.2,33.2,33.8,33.5,33.0,33.6,33.4,33.9,33.9,34.1,33.8,33.8,34.1,34.4,34.9,34.5,34.4,34.4,33.7,33.7,33.4,33.8,34.3,33.9,33.8,34.2,34.2,32.8,33.8,33.5,33.5,33.0,33.1,33.2,33.7,32.9,33.3,33.3,33.3,33.7,34.0,33.5,34.1,33.7,34.2,34.2,34.5,34.1,34.4,33.5,33.8,33.3,33.8,33.7,33.9,33.8,33.9,34.1,34.3,33.2,33.4,33.6,33.4,33.3,33.1,33.4,33.2,33.3,33.2,33.4,33.6,33.4,33.4,33.9,33.8,33.6,33.8,33.9,34.1,33.9,33.8,34.0,33.5,33.7,33.3,33.9,34.2,33.8,33.8,34.2,33.7,32.8,33.1,33.0,33.3,33.5,33.1,33.2,33.3,32.9,33.3,33.1,33.5,33.2,nan,33.8,34.0,33.5,33.7,33.5,34.0,33.5,33.5,33.8,33.7,33.6,33.6,33.9,33.8,33.9,33.8,34.1,34.4,33.7,33.4,33.4,33.8,33.5,33.3,33.4,33.8,33.1,33.5,33.7,33.3,33.3,33.4,33.4,34.1,34.4,34.1,34.7,33.8,33.9,33.6,33.8,33.8,33.5,33.3,33.9,33.8,33.7,33.6,33.8,33.9,33.0,33.8,33.5,33.8,32.8,33.3,33.1,33.6,33.1,33.3,33.0,33.4,33.2,33.4,33.5,33.7,34.5,34.9,34.7,35.1,34.0,34.2,33.8,34.3,33.6,33.5,33.7,33.5,33.6,33.4,33.7,34.0,34.0,33.6,33.3,33.7,33.5,33.1,33.2,33.8,33.1,32.9,33.5,33.5,33.4,33.2,33.7,33.7,33.9,33.9,34.3,34.9,34.4,34.8,34.7,35.3,35.4,34.5,33.9,33.6,34.1,33.5,33.9,33.8,33.2,33.8,33.1,33.7,32.9,33.4,33.2,33.8,33.1,32.9,33.1,33.2,33.2,33.3,33.7,33.9,33.0,33.5,34.0,33.9,33.6,34.0,34.8,34.9,34.6,35.2,34.0,34.5,33.4,33.5,33.8,33.9,33.7,33.5,33.2,33.9,33.4,32.8,33.3,33.5,33.1,33.3,33.5,33.1,32.9,33.0,33.5,33.5,33.3,33.3,33.6,33.7,33.8,33.9,33.8,33.8,34.1,33.8,34.2,34.0,34.0,33.6,33.9,34.2,33.3,33.6,33.1,34.0,33.1,33.3,33.0,33.8,33.0,33.2,33.2,33.5,33.2,33.5,33.3,33.3,33.2,33.2,33.3,33.7,33.1,33.7,34.0,33.8,33.8,34.1,33.8,33.9,33.4,33.6,33.6,34.4
1785310443.044979,727,35.4,33.9,34.7,34.4,34.3,34.5,34.6,34.2,34.2,34.3,34.3,33.9,34.0,33.3,34.1,33.6,34.0,33.3,34.7,33.5,34.6,33.5,33.9,33.5,33.9,33.5,34.0,33.6,34.6,33.8,34.5,33.9,34.2,34.9,34.0,34.5,33.5,34.3,34.0,34.1,33.4,34.0,33.8,34.4,33.2,34.3,33.5,34.1,33.0,34.1,33.5,34.1,33.5,34.1,33.3,34.2,33.8,33.8,33.4,34.2,33.4,34.3,33.3,34.3,34.2,33.7,34.7,33.8,34.6,34.0,34.4,34.1,34.1,33.6,33.8,33.9,33.9,33.4,33.7,33.6,34.1,33.4,34.2,33.4,34.3,33.8,34.0,33.8,33.8,33.3,33.5,34.0,34.2,33.7,34.1,34.4,33.9,34.7,33.9,34.6,33.2,33.5,33.6,34.1,33.5,33.9,33.3,34.3,32.9,33.6,33.4,34.0,33.4,34.0,34.0,34.0,33.8,34.2,34.1,34.2,33.7,33.6,33.7,34.0,33.9,33.8,34.0,34.0,34.3,33.6,34.3,33.7,34.2,33.5,34.3,33.8,33.9,33.3,34.0,33.6,34.0,33.3,33.6,33.5,34.0,33.5,33.8,34.7,34.0,34.4,34.1,34.3,34.3,33.8,34.0,34.5,33.8,34.4,33.6,34.6,33.5,34.1,33.3,34.3,33.4,34.0,33.6,34.3,33.1,34.0,33.3,33.7,33.4,33.7,33.2,33.9,33.3,33.9,34.4,33.8,34.9,34.1,34.5,34.0,34.2,34.0,34.4,34.5,34.8,33.7,34.3,34.3,34.6,33.6,34.2,33.8,33.8,33.4,34.2,33.7,34.1,33.8,33.4,33.3,33.9,33.2,33.6,33.7,33.8,33.8,33.7,34.8,33.9,34.2,33.8,34.4,34.0,34.5,34.2,34.9,34.4,34.3,34.5,34.5,34.3,34.2,33.7,34.4,32.9,34.1,33.6,34.2,33.3,33.8,33.3,33.9,33.2,33.6,33.5,33.7,33.5,33.8,34.0,33.8,34.5,33.8,34.4,34.1,34.6,34.1,34.8,34.6,34.5,34.1,34.6,34.5,34.6,34.2,34.0,33.9,34.2,33.3,33.9,33.6,33.8,33.3,33.5,33.0,33.6,33.3,33.8,33.4,33.9,33.3,33.6,33.9,33.6,34.1,33.7,34.4,33.7,34.4,33.9,35.1,34.3,34.3,34.8,34.2,33.5,34.3,33.8,34.6,33.4,33.9,33.5,34.0,33.8,33.7,33.2,34.1,33.5,33.3,33.2,33.7,33.5,33.7,33.8,33.7,33.7,33.9,34.4,34.0,34.3,33.8,34.7,34.1,34.3,34.7,34.0,35.0,34.8,33.8,34.3,33.9,33.8,33.5,33.9,33.5,33.9,33.5,33.7,33.1,33.6,33.3,33.3,33.5,33.6,33.3,33.6,33.8,33.6,33.8,33.4,34.1,33.3,34.3,33.9,34.6,34.3,34.4,34.8,34.3,33.7,34.3,33.8,34.2,33.4,34.0,33.3,33.9,33.2,33.6,32.8,33.8,33.2,33.5,33.2,33.5,33.1,33.7,33.3,33.7,33.7,33.4,34.1,33.8,34.4,33.6,34.2,34.0,33.9,34.1,34.5,35.0,34.7,34.3,34.0,33.9,34.1,33.0,34.0,33.3,33.9,32.9,34.0,33.1,33.5,33.2,33.5,33.5,33.7,33.0,33.6,33.7,33.6,34.0,33.9,34.3,33.9,34.1,33.8,34.1,34.2,34.0,34.6,34.6,34.0,34.2,33.7,34.3,33.5,34.0,33.4,33.7,33.1,33.8,33.1,33.8,32.6,33.8,33.2,33.8,33.4,33.4,33.4,33.6,34.0,33.6,34.3,33.7,34.1,33.5,34.0,33.8,33.8,33.9,34.1,35.0,34.3,34.1,34.3,33.6,34.2,33.4,33.9,33.4,33.9,33.1,33.6,33.3,33.6,33.3,33.6,33.2,33.4,33.3,33.4,33.5,33.4,33.8,33.9,34.6,33.7,34.1,34.0,33.8,34.2,33.8,34.6,34.4,33.6,34.7,33.5,34.3,33.0,34.0,33.4,34.1,32.8,33.6,33.0,33.7,33.2,33.4,33.2,33.6,33.1,33.6,33.3,33.5,33.7,33.3,34.5,33.9,34.1,33.6,34.1,34.3,34.0,33.9,34.5,34.7,35.0,34.1,34.4,34.0,34.1,33.2,34.2,33.5,34.0,33.0,33.7,33.4,33.7,33.0,33.4,33.0,33.6,33.2,33.5,33.8,33.6,33.5,33.7,34.1,33.9,34.2,34.0,34.8,34.5,34.4,34.6,34.2,33.9,34.6,33.7,34.7,33.4,34.0,33.5,34.2,33.1,33.7,33.3,33.7,33.3,nan,33.0,33.6,33.2,33.4,33.4,33.4,33.4,33.4,34.0,33.3,34.0,33.3,34.6,34.2,34.1,33.8,34.3,34.5,34.8,34.3,34.4,34.0,34.5,33.7,34.5,33.6,33.7,33.3,33.4,33.4,33.6,33.1,33.5,33.5,33.5,33.5,33.6,33.6,33.6,33.3,33.5,33.7,33.3,34.2,33.6,35.0,33.9,34.0,34.9,34.2,34.1,34.9,34.1,35.0,33.2,34.2,33.1,34.5,33.1,34.2,33.3,34.3,33.3,33.6,33.4,33.9,33.3,33.8,33.4,33.6,33.1,33.2,33.5,33.7,33.5,33.4,34.8,33.6,33.8,33.8,33.8,34.6,35.1,34.7,34.6,34.6,34.7,33.7,34.5,34.0,34.1,33.3,34.1,33.3,33.7,33.3,33.9,33.4,33.6,33.2,33.3,33.8,33.4,33.4,33.3,33.7,33.5,33.5,33.6,34.4,33.5,33.7,34.2,34.5,34.6,34.9,34.6,35.0,33.9,34.8,33.6,34.5,33.6,34.2,33.4,34.3,33.4,33.9,33.5,33.9,33.0,33.6,33.3,33.6,33.3,33.5,33.8,33.7,33.6,33.6,33.6,33.5,33.8,33.8,34.3,34.2,34.6,34.7,34.8,34.8,34.9,34.2,34.7,33.9,34.7,33.5,34.2,33.7,33.9,33.5,33.9,33.6,33.5,33.0,33.7,33.9,33.3,33.7,33.6,33.6,33.6,33.4,33.9,33.8,33.6,34.0,34.2,34.5,34.5,35.0,34.7,34.9,33.9,34.5,33.8,35.0,33.4,34.7,33.9,34.6,33.6,33.9,33.7,34.1,33.2,33.8,33.7,33.9,33.3,33.4,33.6,33.5,33.5,33.6,33.3,33.8,33.6,34.3,33.9,34.2
1785310445.598183,728,34.4,34.2,33.1,34.3,33.4,33.8,33.5,33.8,33.0,33.7,33.3,33.3,33.1,33.1,32.8,33.4,32.7,32.7,33.0,33.5,33.2,32.9,33.1,33.1,33.1,33.1,33.3,33.6,33.2,33.3,33.0,33.4,34.2,33.6,34.5,33.1,33.7,33.3,33.8,33.2,33.5,33.0,33.4,32.7,33.2,33.0,33.3,33.2,32.8,32.9,33.1,32.9,33.5,33.0,33.0,33.3,33.2,33.2,33.2,33.5,33.6,33.2,33.3,33.6,34.0,34.2,33.1,34.1,33.5,34.0,33.4,33.5,32.4,33.4,33.3,33.5,32.6,33.0,32.7,33.0,33.0,33.0,32.8,33.0,33.2,33.3,32.9,33.5,33.2,33.1,32.9,33.3,33.4,33.3,33.2,33.4,33.9,33.5,33.9,33.5,33.6,33.3,33.3,33.4,33.5,32.6,33.3,33.0,33.3,32.8,33.2,33.0,33.5,32.7,33.5,33.2,33.0,32.8,33.4,33.1,33.5,33.2,33.1,33.4,33.5,33.3,33.5,33.5,33.8,33.8,33.7,33.9,33.2,33.7,33.1,33.2,32.8,33.1,32.8,33.2,32.9,33.2,32.7,33.0,33.0,33.2,32.8,33.4,33.3,33.2,33.4,33.4,33.2,33.2,32.8,33.3,33.2,33.3,33.3,33.7,33.7,33.0,33.3,33.6,33.7,33.6,33.4,33.3,33.3,33.1,33.3,33.3,33.0,32.7,33.3,32.9,33.4,32.9,33.0,33.2,33.2,33.0,33.2,33.2,32.9,33.3,33.1,33.2,33.4,33.1,33.2,33.4,33.9,33.6,33.0,33.8,33.2,33.4,33.3,33.5,32.9,33.0,32.9,33.3,33.4,33.3,32.9,33.4,33.0,33.4,32.9,33.6,32.9,33.4,33.1,33.5,33.1,33.3,33.1,33.2,33.1,33.1,33.5,33.4,33.6,32.9,33.6,33.4,33.7,32.9,33.4,32.9,33.3,32.8,33.1,33.1,33.3,33.0,33.6,33.2,33.5,32.9,33.3,33.0,33.2,32.6,33.5,33.1,33.4,32.9,33.5,33.0,33.1,33.2,33.3,33.7,33.3,33.4,32.8,33.3,33.1,33.4,33.2,33.6,33.0,33.1,33.3,33.5,33.4,33.3,33.1,33.7,33.1,33.5,32.9,33.4,33.1,33.4,33.2,33.5,32.5,33.4,33.0,33.4,33.2,33.6,33.1,33.4,33.9,32.8,33.6,33.4,33.5,33.2,33.3,33.5,33.3,32.9,33.4,33.4,33.2,33.3,33.6,33.5,33.5,33.2,33.8,33.4,33.3,33.1,33.6,33.3,33.6,33.3,33.3,33.6,33.4,32.9,33.2,33.3,33.4,33.4,33.5,33.7,33.3,33.9,34.2,34.0,33.7,33.7,33.5,33.9,33.6,33.9,33.6,34.1,33.9,33.8,33.9,33.6,33.5,33.6,33.0,33.9,33.1,33.2,32.7,33.5,33.3,33.4,33.4,33.3,33.3,33.5,33.4,33.2,33.6,33.6,33.7,34.4,33.6,33.4,34.1,33.8,34.0,33.5,33.9,33.9,34.0,33.7,34.3,34.0,34.0,33.5,33.9,33.1,33.6,33.1,33.9,33.1,33.3,32.8,33.3,33.4,33.2,33.4,33.4,33.7,33.4,33.3,34.3,33.9,34.0,33.7,33.9,34.0,33.9,33.9,33.8,34.0,34.1,33.6,33.9,34.6,34.3,34.5,33.4,34.1,33.4,33.4,33.1,33.5,33.6,33.1,33.4,33.4,33.7,33.1,33.5,33.5,33.4,33.4,33.5,34.6,33.6,34.1,34.3,34.1,34.0,34.2,34.0,34.2,33.8,33.9,34.2,33.9,34.0,34.2,34.0,33.4,33.9,33.1,33.5,33.6,33.3,33.1,33.3,33.8,33.5,33.6,33.4,33.8,33.4,33.2,33.9,33.9,34.5,33.5,34.4,34.1,34.4,34.1,34.6,34.4,33.8,33.9,33.4,34.1,33.4,33.6,33.6,33.6,33.0,33.6,33.3,33.6,33.1,33.3,33.2,33.8,33.0,33.0,33.3,33.6,33.2,33.5,33.6,34.1,33.3,34.1,34.0,34.2,33.9,34.1,34.2,34.4,34.4,34.1,34.3,33.8,33.8,33.6,33.8,33.7,33.9,33.3,33.5,33.6,33.3,33.5,33.7,33.5,33.3,33.0,33.8,33.6,33.4,33.0,33.6,33.6,33.8,33.5,33.9,33.9,34.6,33.8,34.4,34.3,33.9,34.1,33.9,33.9,33.6,33.5,33.6,33.7,33.6,33.2,33.6,34.1,33.6,33.6,33.4,33.6,33.5,33.1,33.1,33.1,32.8,33.1,33.3,33.9,33.4,33.7,33.6,34.2,33.9,nan,33.7,34.0,34.0,33.6,34.2,33.9,33.8,33.7,34.1,33.5,34.0,33.8,33.7,33.4,33.7,33.5,33.5,33.9,33.3,33.0,33.4,33.6,33.6,33.1,33.4,33.8,33.9,33.7,33.9,33.9,33.6,33.6,34.0,34.3,33.6,33.9,33.8,33.9,33.9,34.1,33.7,33.9,33.7,33.5,33.6,34.0,33.5,33.6,33.9,34.4,33.5,33.6,32.9,33.4,33.2,33.3,33.5,33.8,33.5,33.8,33.5,34.1,33.6,33.9,33.8,34.2,33.7,33.9,33.9,34.1,33.7,33.7,34.0,33.7,33.6,33.7,33.9,33.8,33.8,33.8,33.9,33.8,33.3,33.2,33.2,33.3,33.3,33.3,33.4,33.8,34.1,33.5,34.2,34.2,33.9,33.8,33.7,33.9,34.0,33.6,33.7,34.1,34.1,34.1,33.9,34.0,34.0,33.8,33.7,34.2,33.9,33.7,34.2,34.1,33.2,33.2,33.3,33.7,33.3,33.5,33.2,33.8,33.4,33.8,33.9,34.5,33.7,33.4,33.9,34.1,33.9,33.4,34.0,34.1,33.8,33.7,34.0,33.8,33.7,33.7,33.8,34.1,33.6,33.6,34.0,34.8,33.0,33.0,33.0,33.7,33.4,33.0,33.3,33.5,33.1,33.5,34.0,33.9,34.7,33.8,34.0,34.1,33.3,33.7,33.8,33.9,33.7,33.7,34.2,34.0,34.2,33.8,34.1,34.2,34.0,33.8,34.2,34.5,33.3,33.2,33.3,33.6,33.3,32.9,32.8,33.6,33.3,33.3,33.7,34.4,34.1,34.4,34.2,34.1,33.4,33.9,33.9,33.9,33.7,33.5,33.6,34.0,33.6,33.8,34.3,34.2,33.8,34.1,34.3,34.4
1785310448.1420915,729,34.6,33.4,34.2,33.9,34.0,33.4,33.5,33.4,33.6,33.5,32.7,33.2,33.2,32.7,33.2,32.9,33.1,32.9,33.2,32.9,33.4,33.1,33.1,33.1,33.5,32.7,33.3,33.2,33.7,33.3,33.3,33.2,34.2,33.8,34.0,34.0,33.3,33.7,33.1,34.1,33.6,33.6,33.4,33.2,33.2,33.4,32.9,33.6,33.0,33.4,32.9,33.4,33.0,33.2,33.1,33.3,33.2,33.4,33.0,33.3,33.6,33.2,33.1,33.8,34.2,33.9,34.0,33.8,33.5,33.1,33.8,33.5,33.7,33.0,32.9,33.3,32.8,32.8,33.0,33.0,33.4,32.7,32.8,33.1,33.2,33.1,33.3,33.0,33.4,33.1,32.9,33.4,33.6,32.9,33.7,33.4,33.9,34.2,33.7,34.1,33.4,33.5,33.0,33.4,33.3,33.3,33.3,33.0,32.9,32.9,32.7,33.0,32.8,33.2,33.1,33.2,33.2,33.1,33.0,33.3,33.3,33.0,33.1,33.4,32.9,33.4,33.3,33.5,34.3,34.0,33.7,33.5,33.6,33.5,33.5,33.2,33.5,33.5,33.3,33.3,33.1,33.0,33.3,32.8,33.0,32.9,32.9,33.0,33.3,33.0,33.2,33.1,33.2,33.2,33.2,33.3,33.0,33.4,32.9,33.9,34.2,34.4,33.8,33.9,33.8,33.4,33.4,33.5,33.3,33.8,33.1,33.0,32.6,33.2,33.2,33.1,32.6,33.3,33.0,33.1,33.3,33.0,32.6,33.2,33.1,33.3,32.9,33.6,33.5,33.7,33.2,33.8,34.1,33.9,34.0,33.6,33.2,33.6,33.5,33.2,33.4,33.1,33.1,33.0,33.4,32.7,33.1,33.4,33.5,33.0,33.2,33.5,33.2,32.9,33.2,32.8,33.5,33.0,33.3,33.0,33.3,32.9,33.3,33.6,34.0,34.2,33.3,33.6,33.5,33.3,33.0,33.3,32.8,33.2,32.8,33.3,33.2,33.1,33.1,33.2,32.7,32.9,33.0,33.4,33.2,33.1,32.9,33.2,32.7,33.1,32.8,33.5,33.2,33.4,32.9,33.7,33.8,33.8,33.8,33.9,33.4,33.3,33.8,33.2,33.2,33.3,33.2,33.2,33.3,33.1,33.4,32.9,33.0,33.0,33.2,33.1,33.1,33.1,33.1,33.2,33.2,32.9,33.4,33.1,33.0,33.0,33.3,32.8,33.7,33.7,33.6,33.4,33.4,33.2,33.1,33.3,33.3,33.2,32.9,33.1,33.2,33.2,32.8,33.4,33.0,33.2,33.0,33.5,33.4,33.4,32.9,33.3,33.1,33.1,33.1,33.2,33.2,33.4,33.0,33.1,34.0,33.8,33.7,33.3,33.3,33.4,33.0,33.1,33.2,33.4,33.0,33.1,33.1,33.2,33.1,33.2,33.6,33.3,33.4,33.2,33.6,33.4,33.5,33.8,33.3,33.8,33.4,33.4,33.4,33.1,33.4,33.5,34.1,33.9,33.4,33.6,33.0,33.2,33.3,33.2,33.2,33.2,33.4,33.7,33.7,33.1,33.0,33.5,33.7,33.4,33.5,34.2,34.2,34.2,34.6,34.1,34.6,33.5,33.7,33.3,33.1,33.7,33.7,33.2,33.9,33.7,33.8,33.7,33.6,33.2,33.3,33.3,33.5,33.1,34.5,34.2,34.3,35.1,34.0,34.5,34.1,34.0,34.4,34.2,34.9,34.2,34.8,33.8,34.5,34.5,33.6,33.7,33.4,33.5,33.4,33.2,34.0,33.7,33.7,33.9,33.3,33.4,33.2,33.0,33.3,34.0,33.4,35.3,34.8,34.4,34.6,34.6,34.2,34.2,33.9,34.4,33.9,33.7,33.5,34.4,33.9,34.0,33.9,33.2,33.5,33.5,33.7,33.6,33.9,33.7,33.6,33.2,33.4,32.9,33.4,33.6,33.9,33.1,34.9,33.6,34.7,34.7,34.3,34.1,34.6,34.3,34.7,34.6,34.1,34.3,33.6,33.6,33.9,33.4,33.6,33.5,33.1,32.9,33.8,33.6,33.2,33.8,33.3,33.6,33.0,33.3,33.4,33.4,33.1,33.8,33.3,34.8,34.1,34.2,33.9,34.6,34.1,34.7,34.4,34.7,34.3,34.1,33.8,33.9,33.8,33.6,33.5,33.4,33.3,33.2,33.5,34.3,33.7,33.4,33.8,33.4,33.7,33.3,33.6,33.3,33.5,33.2,33.7,33.4,34.2,34.0,34.1,34.1,34.4,34.3,34.6,34.3,34.2,34.0,34.1,33.6,33.9,33.4,34.0,33.9,33.6,33.8,33.8,33.8,33.3,33.8,32.9,33.5,33.4,33.5,33.2,33.4,33.3,33.5,33.3,34.2,33.9,nan,33.7,34.0,33.9,34.7,34.3,34.1,34.0,34.0,33.8,34.0,33.7,33.8,33.9,34.0,34.1,33.8,33.9,34.1,33.5,33.6,33.8,33.6,33.6,33.2,33.6,33.8,33.5,33.3,33.5,33.4,33.8,33.6,34.1,33.8,34.6,33.6,34.4,34.3,33.9,33.8,34.0,33.5,34.0,33.7,34.0,34.4,33.9,34.0,34.5,34.2,33.5,33.6,33.3,34.0,33.4,33.3,32.9,33.8,33.3,33.5,33.3,33.8,33.3,33.7,34.2,34.4,33.9,34.2,34.1,34.4,33.7,34.0,34.0,34.4,33.8,33.9,33.9,33.9,33.7,33.8,34.0,34.2,34.0,33.8,33.6,34.0,33.3,32.9,33.4,33.4,33.5,33.3,33.9,33.5,34.1,33.4,34.2,34.1,34.0,34.3,33.7,33.8,33.7,33.8,34.1,33.9,33.9,34.0,34.1,34.2,34.1,33.9,34.2,33.9,33.7,33.6,33.8,33.5,32.9,33.3,33.4,33.8,33.1,33.3,33.5,33.4,33.4,33.9,33.9,34.6,34.7,33.7,33.7,34.3,33.5,33.8,34.0,34.0,34.1,34.3,33.6,34.1,34.0,34.0,34.3,34.4,33.9,33.8,33.7,34.3,33.6,33.4,33.5,33.0,33.3,33.3,33.5,33.2,33.9,33.2,34.6,33.6,34.2,34.4,33.8,34.6,33.9,34.1,33.8,33.8,34.2,33.8,34.5,34.2,34.0,34.0,34.6,34.2,33.3,33.9,33.3,33.6,32.9,33.5,33.0,33.6,33.2,33.1,33.2,33.7,33.2,33.7,33.4,34.8,33.6,34.6,34.4,34.5,34.6,34.2,33.4,33.9,33.8,34.0,33.5,34.4,34.1,34.3,34.1,34.7
1785310450.6905692,730,34.1,34.2,33.7,34.1,33.8,33.6,33.5,32.9,33.4,33.3,32.9,33.2,32.9,32.9,33.0,33.6,32.9,32.9,33.2,33.1,33.4,32.9,32.9,33.1,33.1,32.9,32.7,33.0,33.3,33.5,33.5,33.4,34.4,33.6,33.5,33.8,33.5,33.3,33.4,33.4,33.8,33.6,33.0,32.9,32.5,33.0,32.6,33.4,32.8,33.0,32.9,33.2,32.8,32.4,33.4,33.3,33.0,33.2,33.0,33.3,32.9,33.4,33.1,33.8,33.7,33.7,33.8,33.8,33.3,33.6,33.4,33.1,33.4,32.9,32.7,33.1,32.6,32.8,32.8,33.0,32.9,33.1,32.8,32.9,33.1,33.1,33.5,33.0,32.9,32.9,32.5,33.4,33.2,33.3,33.0,33.2,33.9,33.8,34.1,33.2,33.2,33.1,33.2,33.2,33.3,33.2,33.4,33.4,32.6,32.6,32.7,32.8,32.8,32.8,33.3,33.2,33.0,33.3,32.8,33.3,33.2,33.0,32.9,33.4,33.1,33.1,33.1,33.5,33.8,34.0,33.7,33.5,33.2,33.3,33.3,33.0,33.2,33.2,33.2,33.3,32.8,32.8,32.9,33.0,32.7,32.5,32.9,32.9,33.0,32.8,32.8,32.9,33.2,33.2,32.8,32.9,33.2,33.4,33.3,33.3,33.9,33.7,33.8,33.7,33.6,33.0,33.0,33.3,33.1,33.1,33.5,33.2,33.1,32.6,32.9,32.9,32.8,32.9,33.0,32.9,33.1,32.7,32.7,33.3,32.9,32.9,32.9,33.2,33.1,33.3,33.2,33.0,33.9,33.9,33.8,34.3,33.4,33.4,33.1,33.3,33.4,33.4,33.1,33.3,32.7,32.9,32.8,32.9,32.7,32.7,33.1,33.1,32.9,33.3,32.8,32.8,32.9,33.0,33.0,33.0,33.1,33.3,33.3,33.2,33.8,33.6,33.7,34.2,33.5,32.9,33.2,33.5,33.3,33.0,33.0,33.1,33.0,32.3,32.8,32.9,32.7,32.7,32.8,33.0,33.0,32.8,33.1,33.1,33.0,32.7,33.4,33.1,33.2,33.2,33.6,33.1,33.8,34.2,33.8,34.1,33.1,33.1,32.9,33.1,33.3,33.1,33.0,33.0,32.6,32.5,32.8,33.1,32.6,32.8,32.6,33.0,32.8,33.0,32.9,33.1,32.7,33.1,33.0,32.9,33.2,33.0,33.3,33.4,33.5,33.7,33.8,33.8,33.6,33.0,33.1,33.5,33.3,33.2,33.1,33.1,33.0,33.2,33.0,33.2,33.0,32.7,33.0,33.1,32.9,33.2,32.8,33.0,33.1,33.1,33.1,33.6,33.0,32.7,32.8,33.1,33.8,33.4,33.8,33.7,32.9,33.2,32.8,33.3,33.1,33.0,32.8,33.4,33.1,33.0,32.9,33.2,33.3,33.2,33.1,33.0,32.9,33.5,33.0,33.3,33.2,33.1,33.1,33.2,33.3,33.1,33.2,32.7,33.7,33.7,33.6,33.5,33.4,33.1,33.2,33.2,33.2,33.3,32.9,33.5,32.9,32.9,32.8,33.2,33.3,32.9,33.0,33.1,33.1,33.1,33.4,33.2,33.1,33.0,33.2,32.9,33.1,33.0,33.1,33.2,33.7,33.7,33.6,33.9,33.2,33.2,33.5,33.1,32.9,33.1,33.2,33.6,32.8,33.3,33.2,33.3,33.2,33.3,33.1,33.5,33.2,34.0,33.3,33.8,33.4,33.8,33.3,33.3,33.3,33.1,33.2,33.4,33.8,33.5,33.3,33.3,33.1,33.1,33.2,33.2,33.1,33.0,33.6,33.3,33.7,32.8,33.7,33.1,33.1,33.1,33.5,33.1,33.7,33.2,33.5,33.4,34.1,33.3,33.1,33.2,32.9,33.3,33.3,33.5,33.9,33.3,33.6,33.4,33.1,32.9,33.1,33.3,33.0,33.2,33.6,34.3,33.5,34.3,33.3,33.8,33.7,34.0,34.1,34.3,34.7,34.3,34.8,34.3,34.7,34.3,33.4,33.5,33.3,32.9,33.4,33.4,33.4,33.6,33.3,33.4,33.4,33.3,33.4,33.2,33.0,33.1,33.7,34.2,35.0,34.1,33.7,34.1,34.1,33.8,34.1,34.4,34.0,34.6,33.8,34.6,34.3,34.5,33.7,34.0,33.1,33.5,33.3,33.5,33.5,33.4,33.4,33.4,33.4,33.2,33.6,33.5,33.2,33.0,33.8,33.9,35.0,34.8,34.3,34.5,33.9,34.1,34.4,34.5,33.9,33.6,33.8,33.6,33.7,33.7,33.6,33.7,33.4,33.0,33.6,33.8,33.5,33.3,33.1,32.8,33.4,33.1,33.2,33.2,33.1,33.5,33.5,34.3,34.2,nan,34.2,34.4,34.2,34.2,34.7,34.9,34.5,34.0,33.8,33.5,33.3,33.3,33.6,33.4,33.7,33.3,33.7,33.5,33.5,33.4,33.2,33.6,33.2,33.3,33.4,33.6,33.3,33.3,33.5,33.7,34.1,33.9,34.3,34.1,34.3,34.1,34.4,34.6,34.1,34.0,33.7,33.9,34.0,33.9,33.8,33.9,33.5,33.6,33.7,34.2,33.5,33.2,33.3,33.8,33.4,33.3,33.3,33.4,33.1,33.5,33.5,33.8,33.9,33.7,33.9,34.0,34.1,34.6,34.4,35.1,34.4,34.2,33.7,34.0,34.0,33.8,33.7,33.9,33.8,33.7,33.5,33.6,33.6,33.4,33.4,33.7,33.0,33.1,33.4,33.4,33.4,33.3,33.5,33.5,33.6,33.6,33.9,34.1,34.0,34.1,34.6,34.4,33.9,33.9,33.9,33.9,34.4,34.0,33.8,34.4,33.9,33.9,34.0,34.1,33.5,33.4,33.6,33.3,32.9,33.3,33.2,33.8,33.1,33.1,33.2,33.6,33.5,34.1,34.2,33.9,33.7,34.1,33.8,34.3,33.9,33.7,34.0,33.8,33.8,33.9,33.8,34.1,34.0,33.8,34.1,34.2,33.5,34.0,33.7,33.9,33.5,33.4,33.6,33.2,33.1,33.7,33.3,33.5,33.5,33.7,34.2,34.1,33.9,34.1,34.2,34.1,33.7,33.6,33.8,33.8,34.0,33.8,34.5,34.2,34.0,33.6,34.6,34.2,33.1,33.6,33.8,33.8,32.7,32.9,33.4,33.4,33.2,33.3,33.4,33.6,33.7,33.4,33.9,34.2,34.3,33.8,34.1,34.1,33.9,33.5,33.6,33.9,33.5,34.2,34.3,34.4,34.1,34.1,34.1,34.2
1785310453.238809,731,34.1,33.7,33.4,33.2,33.4,33.0,33.5,33.0,33.0,32.7,32.9,32.8,32.5,32.7,33.0,32.9,32.5,32.4,32.9,32.9,32.7,32.8,32.7,32.8,32.9,32.9,33.4,33.0,33.5,32.4,33.0,32.9,33.4,33.3,34.0,33.3,32.6,33.1,33.2,33.7,33.2,33.0,32.8,32.9,32.5,32.9,32.9,32.7,32.5,32.9,33.1,33.1,32.6,32.8,32.9,33.5,32.6,32.9,32.8,33.6,32.3,32.8,32.6,33.1,33.7,33.5,33.6,33.2,33.4,33.0,33.4,33.3,33.0,32.9,32.7,32.6,32.6,32.7,32.7,32.9,32.7,32.6,33.0,32.7,32.7,32.6,32.9,33.0,32.9,32.7,33.1,32.8,33.0,33.1,33.0,33.5,33.2,33.8,33.4,33.7,32.8,33.1,33.0,33.4,33.3,33.0,33.0,33.0,32.6,32.8,32.6,32.8,32.5,33.0,32.8,33.0,32.8,33.0,33.0,33.1,32.6,33.0,32.8,32.8,32.7,33.2,33.1,33.3,33.6,33.3,33.2,33.3,33.0,32.9,33.0,33.4,33.0,33.0,32.8,33.1,32.8,32.4,32.9,32.7,32.9,32.6,33.1,32.7,33.2,32.5,32.9,33.0,33.1,32.7,32.8,33.2,33.0,33.2,32.9,33.3,33.0,33.7,33.6,33.7,33.2,33.2,33.2,33.5,32.8,33.1,33.3,33.0,32.6,32.6,32.9,33.0,32.8,32.9,33.1,33.1,32.8,32.7,32.8,33.4,32.4,32.9,33.1,33.2,32.7,33.3,32.6,33.2,33.9,33.4,33.4,33.9,33.2,33.1,33.3,33.0,33.1,32.9,32.9,33.0,32.7,32.6,32.6,32.4,32.7,32.7,32.9,32.8,33.1,32.4,33.0,32.9,33.0,33.0,33.0,32.7,33.1,32.7,33.1,33.0,33.2,33.8,33.7,33.8,32.6,33.0,33.1,32.9,33.0,33.2,33.2,32.9,32.7,32.8,32.7,33.2,32.1,33.0,32.8,33.2,32.9,32.5,33.1,33.1,32.7,33.1,32.9,33.0,32.8,33.2,33.0,33.5,33.6,33.4,33.6,33.9,33.3,32.7,32.9,33.1,32.9,32.8,33.4,33.0,32.8,32.7,32.8,32.8,32.8,33.0,32.8,33.0,32.8,32.7,32.6,32.9,33.0,32.6,33.2,32.9,33.0,32.5,33.0,33.0,33.5,33.7,33.8,34.0,33.2,33.0,32.8,33.3,32.6,33.1,32.7,33.1,32.6,32.7,33.0,33.1,32.9,32.7,32.7,33.1,32.4,32.8,32.9,33.0,32.8,32.9,33.3,33.2,32.5,32.7,32.8,33.2,33.4,33.2,34.0,33.5,33.1,33.0,33.0,33.1,33.1,32.9,32.8,33.1,33.0,32.9,32.8,32.7,33.2,32.9,32.8,33.0,33.2,32.8,33.1,32.8,32.7,32.4,32.7,33.1,33.1,32.9,33.0,32.9,33.5,33.1,33.5,33.7,32.7,33.1,32.8,32.9,33.0,32.6,33.1,33.2,32.8,32.8,32.9,32.9,32.8,32.9,32.7,32.9,32.8,33.1,32.9,33.0,32.6,32.8,32.7,32.9,32.8,33.0,33.1,32.8,33.3,33.0,33.8,33.6,33.4,33.0,33.1,33.3,33.1,32.9,33.0,32.9,33.0,32.7,32.9,33.0,33.0,32.6,33.0,33.2,33.2,33.0,33.1,32.8,33.0,33.0,32.9,33.0,33.3,32.9,33.0,33.2,33.4,33.6,33.3,33.3,33.1,32.9,32.9,33.4,32.8,33.0,32.8,33.4,32.6,33.0,33.1,33.0,32.9,33.0,33.1,33.3,33.4,33.2,33.7,33.7,33.3,33.2,33.0,33.4,32.8,33.2,32.9,33.5,33.7,33.7,33.6,33.4,32.9,32.9,33.1,33.3,32.9,33.2,33.4,33.6,33.5,33.2,33.5,33.7,33.7,33.2,33.8,34.2,34.7,34.5,34.4,34.3,34.8,34.4,33.6,33.5,33.1,32.9,33.4,33.4,32.6,33.4,33.3,33.4,32.9,33.1,33.2,33.2,32.7,33.1,33.5,34.3,34.1,33.9,33.6,33.9,33.4,33.9,34.0,34.4,33.9,34.6,33.8,33.9,34.1,34.5,33.7,33.8,32.8,33.4,33.1,33.7,33.7,32.6,33.2,33.4,33.2,32.6,33.1,33.3,33.2,33.0,33.8,34.3,35.5,34.6,34.4,34.5,34.1,34.0,34.8,34.6,33.8,33.7,33.8,33.2,33.6,33.2,33.5,33.7,33.4,33.1,33.0,33.6,32.9,33.6,32.9,33.4,33.0,33.0,33.0,33.2,32.8,33.3,33.7,34.8,34.7,nan,33.9,34.1,33.6,34.3,34.7,34.9,34.0,33.9,33.8,33.5,33.3,33.5,33.8,33.3,33.0,33.3,33.5,33.7,33.5,33.2,33.4,33.6,33.0,33.2,33.4,33.3,33.2,33.0,33.6,33.7,33.8,33.6,34.1,34.1,34.1,34.0,34.4,34.6,34.1,33.7,33.9,33.7,33.3,33.3,33.6,33.7,33.2,33.4,33.7,33.6,32.9,33.4,33.1,33.4,32.8,32.8,32.8,33.2,32.6,33.2,34.0,33.8,33.6,33.9,34.1,34.2,33.9,34.6,34.2,34.3,33.7,34.1,33.5,34.0,33.7,33.6,33.9,34.0,33.3,33.7,33.8,33.6,34.0,33.2,33.6,33.3,33.2,33.1,33.1,33.6,33.0,33.0,33.9,33.7,33.4,33.6,33.9,33.8,34.1,33.9,34.7,34.8,34.2,34.1,33.9,33.7,33.9,33.5,34.0,33.8,34.0,33.5,34.0,34.1,33.0,33.6,33.0,33.4,32.8,33.5,33.4,33.5,32.9,33.1,33.5,33.8,33.2,33.4,33.5,33.9,33.6,34.2,34.0,34.1,33.4,33.7,34.0,33.9,33.4,33.6,33.9,34.1,33.6,33.8,33.6,34.0,33.7,32.8,33.5,33.9,32.8,32.6,33.2,33.2,33.3,33.3,33.5,33.5,33.3,33.4,33.9,34.3,33.9,33.4,33.9,34.1,33.7,33.8,33.8,33.8,34.0,33.5,34.3,33.8,34.1,33.4,34.2,34.0,33.4,33.6,33.8,33.4,32.3,33.1,33.0,33.1,33.0,33.3,33.4,33.7,33.2,33.6,33.9,33.9,33.4,33.8,33.9,33.8,33.3,33.6,33.7,34.1,33.5,34.2,33.9,34.2,33.5,33.9,33.9,34.2
1785310455.8457696,732,33.5,33.1,33.2,33.6,33.1,33.7,32.6,33.2,33.2,33.3,33.1,34.7,33.8,34.6,34.3,34.4,34.0,34.0,33.6,34.0,34.0,33.7,33.3,33.7,33.1,33.3,33.1,34.1,33.3,33.1,33.3,33.7,33.4,33.0,33.5,32.8,33.3,33.0,33.1,33.2,33.0,33.0,34.0,33.0,34.3,33.9,33.9,34.7,34.1,33.9,34.4,33.8,34.1,33.5,34.0,34.1,33.6,33.4,33.4,33.3,33.2,32.7,32.8,33.6,33.0,33.2,32.9,33.6,32.9,33.4,33.2,33.5,33.2,33.0,32.7,33.9,33.3,33.7,34.4,34.6,34.4,34.1,33.7,34.8,34.1,34.0,33.5,34.5,33.4,33.9,33.1,34.0,33.2,33.1,33.0,33.2,33.1,33.0,33.0,33.0,32.8,32.9,33.4,33.4,32.9,33.0,33.5,33.0,33.5,33.5,33.8,34.2,34.2,34.0,34.3,33.9,34.2,34.0,33.8,33.8,34.1,34.0,33.7,34.0,33.5,33.4,33.5,33.1,33.1,32.9,32.8,33.5,32.8,32.9,33.0,33.2,33.3,33.2,32.8,33.4,33.3,33.5,34.1,34.0,34.2,34.4,33.8,34.4,34.2,34.2,34.1,34.0,33.8,33.4,33.4,34.1,33.2,33.4,32.7,33.3,33.0,32.8,32.7,32.4,33.0,32.8,33.0,32.6,33.0,33.1,33.3,33.2,33.4,33.4,33.9,33.6,34.1,33.9,34.4,34.1,33.9,34.2,33.8,34.2,32.9,34.2,33.7,33.6,33.3,33.5,33.2,33.0,33.0,32.8,32.3,33.4,32.4,33.1,33.0,33.2,33.0,33.1,33.1,33.7,33.4,33.4,33.4,34.1,33.9,34.1,34.0,34.3,34.1,33.6,33.7,33.5,34.0,33.3,33.3,33.2,33.9,32.9,33.3,33.6,32.7,32.9,33.1,32.8,33.1,32.6,33.1,32.7,33.0,33.0,33.5,33.4,33.3,33.5,33.6,33.5,34.0,33.5,33.8,34.0,33.5,33.8,33.4,33.7,33.6,33.6,33.0,33.7,33.2,33.6,34.0,33.3,32.9,32.7,32.2,33.1,32.5,32.5,32.7,33.3,32.8,33.0,33.2,33.8,33.8,33.6,33.3,33.4,33.6,33.7,33.6,33.4,33.8,33.3,33.4,33.9,33.5,33.4,33.2,34.0,33.7,33.2,32.9,33.4,32.9,32.8,33.0,32.6,32.6,32.8,33.0,33.0,33.1,32.9,33.6,33.3,34.0,33.3,33.5,33.0,33.5,33.4,33.5,33.9,33.4,33.6,33.6,33.5,33.6,33.6,33.7,33.4,33.2,33.8,33.2,33.1,32.9,33.0,33.0,32.9,32.9,32.8,32.5,33.0,32.7,32.7,33.0,33.8,33.8,34.1,33.6,33.7,33.3,33.5,33.3,33.3,33.7,33.5,33.4,33.4,33.3,33.4,33.2,34.1,33.6,33.1,32.8,33.3,32.9,32.9,32.7,32.7,33.0,32.5,33.2,32.3,32.9,32.6,33.3,33.0,34.0,34.0,33.7,33.7,33.3,33.1,33.2,33.7,33.2,33.6,33.3,33.8,33.4,33.8,33.5,33.4,33.5,33.3,33.7,33.0,32.6,32.8,32.6,33.2,33.0,33.0,32.6,32.8,32.4,32.3,32.9,33.2,33.3,33.7,34.1,34.1,33.5,33.8,33.1,33.7,33.7,33.5,33.4,33.8,33.7,33.6,33.4,33.9,33.6,33.5,33.0,33.6,32.7,32.7,32.7,32.7,32.6,32.9,32.8,32.7,32.8,32.8,32.8,33.0,33.1,33.4,34.2,34.6,33.4,33.8,33.4,32.9,33.4,33.4,33.7,33.5,33.4,33.7,33.5,33.4,33.1,33.3,33.5,33.3,32.6,32.8,32.6,33.2,32.9,32.5,32.7,33.3,32.9,32.7,32.4,33.0,33.0,33.0,33.8,34.3,34.2,34.4,33.3,33.7,33.1,33.3,33.4,33.4,33.4,33.4,33.6,33.3,33.4,33.5,33.6,34.2,33.0,32.4,32.9,32.8,32.7,32.9,32.9,32.9,32.3,32.6,32.7,32.5,33.1,32.6,33.1,33.9,34.4,34.2,34.3,33.6,33.2,33.1,33.3,33.4,33.5,33.6,33.9,33.4,33.5,33.4,33.7,33.9,32.8,33.0,32.8,33.4,33.0,33.0,32.7,32.9,32.7,32.9,32.4,32.6,32.8,32.7,33.1,33.3,34.1,34.3,33.9,34.1,33.3,33.2,33.1,33.2,33.4,33.2,33.8,33.6,34.2,33.4,33.4,33.6,33.1,32.7,33.1,32.8,33.0,32.6,33.0,32.8,32.8,32.6,32.7,32.7,32.6,nan,32.9,32.9,33.4,34.2,34.0,33.9,33.2,33.4,33.3,33.0,33.3,33.4,33.7,33.6,33.2,33.5,33.7,33.5,33.5,33.0,33.0,33.4,33.0,33.0,32.7,33.4,32.6,32.7,32.7,33.0,32.5,32.6,33.0,33.3,33.1,33.0,33.9,33.3,33.6,33.0,33.0,33.5,33.0,33.3,33.8,33.7,33.3,33.6,33.7,33.8,33.1,33.0,33.5,33.0,33.0,33.1,32.6,32.7,32.8,32.6,33.0,33.0,32.6,32.9,32.9,32.9,32.8,33.6,33.4,34.1,33.1,33.2,33.5,33.1,33.1,33.0,33.5,33.2,33.3,33.3,33.8,33.8,33.6,33.4,32.7,33.3,33.0,33.3,33.1,33.4,33.0,32.4,32.8,33.4,33.1,32.8,33.0,33.3,32.8,32.9,33.5,33.1,33.2,33.1,33.0,33.3,33.5,33.5,33.2,33.6,33.5,33.5,33.5,34.1,32.8,33.0,33.4,33.1,32.8,32.9,33.4,33.3,32.9,32.8,33.0,33.1,32.9,32.9,32.8,32.9,32.7,32.9,33.0,33.1,33.0,33.3,33.3,33.3,33.0,33.0,33.3,33.2,33.0,33.6,33.9,34.0,33.2,33.1,33.0,33.7,33.5,32.8,33.2,33.4,32.9,32.9,32.9,33.4,32.8,32.8,32.8,33.4,33.2,32.9,32.9,33.2,33.0,33.0,33.3,33.4,33.6,33.4,33.5,33.8,33.4,33.6,33.5,34.3,32.9,32.7,33.4,32.9,32.9,32.9,33.0,33.2,32.6,32.7,33.4,32.8,33.0,33.0,33.2,32.8,32.5,32.7,33.4,33.4,33.0,32.8,33.5,33.1,33.1,33.4,33.5,33.6,33.0,33.9,33.9,34.2
1785310458.3476336,733,33.3,33.7,33.7,33.9,33.4,33.4,33.1,33.2,33.0,33.3,33.3,33.4,33.1,32.7,32.9,32.9,33.1,32.8,33.4,33.1,33.5,33.1,33.3,33.4,32.9,32.7,32.9,32.8,33.3,32.6,33.1,33.4,33.9,33.6,33.6,33.6,33.5,33.3,33.2,33.3,33.0,33.0,32.9,32.9,32.5,33.2,32.8,33.2,32.5,33.2,33.0,33.4,32.4,33.4,33.1,33.7,33.0,33.1,33.2,33.1,33.0,32.8,32.8,33.4,33.5,34.2,33.1,33.6,33.2,33.6,33.4,33.5,33.4,33.1,33.5,32.8,33.0,32.7,33.2,32.9,33.4,32.7,33.0,33.1,33.6,32.8,33.7,32.9,33.3,32.9,33.1,33.0,33.2,32.9,33.0,33.2,33.7,33.5,33.2,33.9,33.2,32.9,33.2,33.2,32.9,33.7,32.8,33.4,32.8,33.7,32.8,33.2,32.5,33.5,32.8,33.4,32.8,33.5,33.1,33.3,32.8,33.4,32.8,33.2,32.7,33.0,33.1,33.5,33.2,33.6,33.5,34.0,33.3,33.1,33.2,33.4,33.5,32.7,33.9,33.1,33.6,32.9,33.5,33.0,33.7,32.4,33.3,32.9,33.2,32.5,33.6,33.3,33.3,32.9,33.6,33.2,33.4,33.0,33.1,33.1,33.7,33.3,33.6,33.2,33.8,33.0,33.1,33.2,32.8,33.7,33.5,33.5,33.1,33.6,33.1,33.6,32.5,33.6,32.7,33.4,32.9,33.6,32.8,33.4,32.8,33.6,32.7,33.8,32.9,32.9,33.0,33.0,33.7,33.2,33.4,33.5,33.2,33.1,33.2,33.2,33.2,33.1,33.6,33.3,34.1,32.6,33.6,33.3,33.6,32.7,33.7,33.0,33.6,32.8,33.3,33.0,33.7,33.0,33.9,33.0,33.5,33.1,33.5,32.8,33.4,33.4,33.3,33.4,33.0,33.0,33.2,32.9,33.2,33.4,33.2,33.8,32.7,34.1,33.3,33.8,32.6,33.5,33.0,33.7,33.2,33.6,33.2,33.9,32.7,34.0,32.9,33.7,33.2,33.8,33.0,33.5,33.4,33.4,33.0,33.5,33.1,32.7,33.1,33.4,33.0,33.3,33.2,33.5,33.8,33.2,34.1,33.5,33.8,32.6,33.6,33.3,33.6,33.2,33.4,33.1,33.4,33.1,33.4,33.5,33.6,33.1,33.8,33.2,33.3,33.5,33.4,33.1,33.0,32.8,33.3,33.2,33.0,33.1,33.4,33.3,32.9,33.7,33.3,33.7,32.9,33.7,33.2,34.0,33.1,33.7,33.1,33.5,33.0,33.8,33.5,34.0,33.3,33.7,33.0,33.4,33.2,33.0,33.4,33.1,33.3,32.8,32.7,33.3,32.7,33.4,33.0,34.0,33.6,33.2,33.8,33.5,34.0,33.4,33.8,33.7,33.7,33.5,33.7,33.8,33.5,33.8,33.4,33.8,33.5,32.9,34.0,33.0,33.3,32.7,33.3,33.3,33.1,32.9,33.4,32.9,33.9,32.9,34.0,33.4,33.7,34.0,34.0,33.7,33.6,33.7,33.8,33.7,33.7,33.7,33.9,34.0,33.9,33.5,33.9,33.5,33.3,33.5,33.3,33.4,33.3,33.5,33.0,33.6,33.2,33.2,33.1,33.5,33.1,33.9,33.1,34.2,33.5,33.8,34.0,34.6,33.8,34.0,33.5,34.5,33.8,34.0,33.6,34.5,33.7,33.8,33.6,33.7,33.5,32.9,33.6,33.6,33.6,32.9,33.1,32.9,33.0,32.7,33.6,32.7,34.0,32.8,34.3,33.2,33.8,33.6,34.2,33.9,34.1,33.8,34.7,33.4,33.9,33.7,33.9,33.6,34.0,33.2,33.7,33.6,33.3,33.7,33.3,33.9,32.9,33.3,33.0,33.2,33.1,33.1,32.9,34.0,33.2,33.8,33.3,34.0,33.3,33.8,33.8,34.5,34.0,34.5,34.0,34.5,33.5,33.7,33.8,34.0,33.4,33.3,33.6,33.7,33.5,33.3,33.8,33.6,32.8,33.0,33.4,33.0,33.1,32.6,33.8,32.9,33.2,33.0,33.4,33.2,33.6,33.1,33.9,33.8,34.1,34.1,34.5,34.4,33.6,33.8,34.0,33.6,33.5,33.5,33.7,33.6,33.0,33.6,33.5,33.8,33.3,33.0,33.0,33.3,33.0,33.0,32.9,33.5,33.0,33.2,32.6,33.8,33.0,33.5,33.5,34.0,33.5,33.7,34.5,34.2,34.1,33.7,33.9,33.9,33.8,33.4,33.6,33.6,33.8,33.6,33.8,33.6,33.5,32.7,32.9,33.2,33.2,32.8,33.2,33.0,33.3,32.8,33.7,32.7,33.6,nan,34.0,33.1,33.9,33.6,34.0,34.3,33.7,33.9,33.8,34.1,33.5,33.6,34.1,33.3,33.6,33.3,33.7,33.9,33.1,33.0,33.2,33.6,33.0,33.4,32.9,33.5,32.7,33.2,32.9,33.8,33.0,33.5,33.2,33.6,33.3,33.7,33.8,34.2,33.8,33.7,33.9,33.6,33.7,33.5,33.8,33.9,33.6,33.4,33.7,33.8,32.4,33.2,33.1,33.2,32.6,33.0,33.3,33.1,33.0,32.8,33.5,33.3,33.1,32.8,33.9,33.4,33.8,33.3,33.9,33.8,33.4,33.6,33.9,34.0,33.8,33.4,33.5,33.6,33.5,33.1,33.8,33.8,33.1,33.2,32.8,33.1,33.2,33.1,32.7,33.6,33.0,33.0,33.2,34.1,32.9,33.5,33.0,34.0,33.1,33.6,33.5,33.6,33.4,33.6,33.9,33.9,34.1,33.5,33.6,33.9,33.6,33.5,33.6,34.1,33.0,33.0,33.2,33.4,33.4,33.1,33.3,33.3,33.1,33.3,33.6,33.1,33.6,33.2,33.9,33.3,33.6,32.9,34.0,33.3,33.2,33.4,33.8,33.7,33.2,33.8,33.7,33.8,33.2,33.4,34.1,33.8,33.5,32.9,33.3,33.3,33.1,33.2,33.2,33.4,32.8,32.8,33.0,33.5,33.0,33.7,33.2,34.3,32.8,33.6,33.3,34.5,33.4,33.9,33.5,33.8,34.0,33.7,34.1,33.8,33.7,33.4,33.8,33.8,32.4,33.2,33.1,33.2,32.9,33.1,33.3,33.1,32.8,33.1,33.4,33.4,33.6,32.9,34.3,32.9,33.6,33.3,33.7,33.4,33.9,33.2,33.8,33.5,33.5,33.4,33.9,33.6,33.5,33.7,33.9,33.8
1785310460.9101152,734,33.0,33.7,32.9,33.4,32.5,33.2,32.6,33.2,32.6,33.1,32.6,32.8,32.9,32.9,32.7,33.3,32.7,32.8,32.9,33.0,32.9,33.2,32.6,33.0,32.7,33.0,32.7,33.2,33.0,32.4,32.8,33.2,34.2,32.8,33.6,32.8,33.1,32.4,33.0,33.3,33.0,32.8,32.9,32.7,33.0,33.0,33.1,33.0,33.1,32.7,33.0,32.7,33.2,32.6,33.1,33.1,33.0,32.7,33.0,33.4,33.0,32.8,33.3,33.1,32.7,33.0,32.9,33.6,32.5,33.4,32.6,33.3,32.6,32.9,32.7,33.2,32.5,33.0,32.5,32.9,32.7,32.9,32.7,32.7,32.7,33.0,33.0,33.0,32.7,33.3,32.9,33.0,33.2,32.9,32.7,33.0,33.7,32.3,33.2,32.8,33.0,32.5,32.8,32.6,32.8,32.4,33.2,32.7,33.1,32.4,32.6,32.8,33.1,32.9,33.3,33.0,33.0,32.8,33.1,32.9,33.0,32.7,33.0,33.4,33.1,32.7,33.3,33.3,32.9,33.4,32.4,33.1,32.4,33.1,33.0,32.8,32.6,32.8,32.6,33.0,32.1,33.0,32.9,32.7,32.7,32.9,32.8,32.9,32.7,32.9,32.5,33.3,32.9,33.1,33.0,33.0,33.0,33.2,32.7,33.3,33.7,32.8,33.6,32.6,33.2,32.7,33.1,32.6,33.0,32.6,33.0,33.0,32.9,32.4,32.9,33.1,33.0,32.3,33.1,32.9,33.0,32.9,32.9,32.8,33.1,32.6,33.3,32.8,32.7,32.9,33.0,33.0,32.8,33.5,32.6,33.5,32.6,33.3,32.6,32.8,32.5,32.7,32.8,32.7,32.8,32.7,32.6,32.9,32.5,33.0,32.4,33.2,32.9,33.3,32.7,33.0,32.6,32.7,33.0,32.7,32.5,32.7,32.4,33.2,33.8,33.2,33.5,32.8,33.0,32.6,33.1,32.9,33.0,32.7,32.9,32.9,32.9,32.3,32.7,32.7,33.1,32.2,32.9,33.1,32.9,32.8,33.1,32.9,33.2,32.9,32.7,33.3,33.4,32.8,33.6,33.5,32.5,33.6,32.2,33.7,32.7,32.9,33.1,33.3,32.5,32.8,32.7,33.2,32.7,32.9,32.7,33.1,32.7,32.9,32.4,32.8,32.6,33.0,32.8,32.7,32.5,32.9,32.7,32.8,32.8,33.1,32.8,33.2,33.5,33.1,33.2,33.1,33.2,32.5,33.3,33.2,33.2,32.8,32.8,33.0,32.9,32.4,32.9,32.9,32.9,32.7,32.9,32.8,33.1,32.8,33.1,32.7,33.1,33.0,33.2,33.1,32.9,32.9,33.1,33.0,33.0,33.3,33.0,33.1,32.4,33.4,32.7,33.2,32.7,32.9,32.7,33.2,32.5,32.7,32.6,33.0,32.7,33.1,32.8,32.9,33.0,33.0,32.9,33.0,33.0,32.9,32.7,33.2,32.7,33.1,33.1,33.0,33.8,32.3,33.1,33.1,33.1,32.5,32.8,32.7,33.0,32.6,32.8,32.9,32.9,32.8,32.7,33.1,33.1,32.8,32.6,33.1,33.3,32.6,32.8,33.0,33.3,32.8,33.2,32.9,33.3,32.8,33.1,33.2,33.1,33.5,32.8,33.6,33.1,33.6,32.8,33.3,32.4,32.9,32.7,33.1,32.7,32.9,33.0,33.0,32.7,32.9,32.8,33.2,32.9,32.9,33.0,33.1,32.9,33.1,33.1,33.0,33.1,33.1,32.6,33.6,33.6,32.7,32.9,32.5,33.3,32.7,33.2,32.7,33.0,32.5,32.8,33.0,32.6,32.8,32.9,32.7,32.9,32.8,32.9,32.9,33.1,32.6,32.9,33.4,33.1,32.8,33.2,33.2,33.0,32.8,32.7,33.5,33.3,33.7,32.6,33.4,32.7,32.9,32.7,33.3,32.6,33.4,33.1,33.2,32.8,33.2,32.8,33.0,32.9,32.9,32.5,32.9,33.0,32.9,33.1,33.0,32.9,32.7,33.1,33.3,32.7,32.6,33.2,33.2,33.5,32.6,33.4,32.8,33.3,32.8,33.4,33.1,32.8,32.6,32.9,33.0,33.1,33.0,32.8,33.1,33.0,33.0,33.2,33.3,32.9,32.7,33.2,33.1,33.0,33.0,33.0,33.3,32.6,33.2,33.3,33.4,33.1,33.7,33.0,33.5,32.7,33.4,32.6,33.3,33.0,32.9,32.9,33.3,33.1,33.5,32.8,33.2,32.8,33.0,33.0,33.2,32.6,33.2,33.1,33.1,32.9,32.7,32.9,33.0,32.7,33.3,33.2,33.4,33.5,32.7,33.3,33.0,33.4,33.0,33.0,32.8,33.3,32.7,33.2,33.2,33.1,nan,33.1,32.9,33.3,33.1,33.2,33.1,33.4,32.7,33.5,32.9,33.2,32.6,33.2,33.5,33.2,33.1,33.5,33.3,33.3,33.5,33.2,33.4,33.2,33.6,33.3,33.5,33.2,33.2,33.1,33.4,33.2,33.3,33.5,33.7,33.2,33.7,33.3,34.2,33.1,34.0,33.0,33.7,33.2,33.4,33.3,33.7,32.6,33.4,33.3,33.8,33.5,33.2,33.1,33.4,33.6,33.0,33.3,33.4,33.3,33.3,33.4,33.5,33.6,33.6,33.9,33.6,34.1,33.5,34.1,33.6,34.3,32.7,34.2,33.3,34.0,33.1,33.9,33.2,33.5,32.9,33.6,33.2,33.8,34.1,33.6,33.8,33.6,34.1,33.5,34.0,33.4,33.7,33.9,34.1,33.6,33.8,33.6,34.0,33.6,33.8,33.4,33.8,33.1,34.0,33.4,34.4,33.3,33.5,33.6,34.2,33.4,33.3,33.3,33.7,33.5,33.4,33.6,34.0,33.8,33.9,33.8,33.8,34.2,33.7,33.9,34.3,34.1,34.1,34.2,33.9,34.4,33.6,34.0,33.6,33.9,32.8,34.4,33.1,33.8,33.2,33.5,33.8,33.4,33.0,33.9,33.5,34.0,33.8,34.2,33.9,33.7,33.8,34.2,34.5,34.2,34.6,34.2,34.8,34.2,34.6,33.7,34.5,34.1,34.6,33.5,34.8,33.4,34.3,33.7,34.2,33.5,33.8,33.7,34.0,33.4,34.3,34.0,34.0,33.6,33.9,33.8,34.9,33.8,33.9,33.8,34.2,34.5,34.4,34.7,34.6,35.2,33.9,34.8,33.9,33.9,34.1,34.3,33.6,34.3,33.0,34.0,33.7,34.3,33.4,34.1,33.4,33.9,33.7,34.1,34.0
1785310463.4359114,735,33.4,32.5,33.3,33.3,33.3,32.7,33.0,32.9,33.2,33.0,32.9,32.7,32.8,32.7,33.2,32.5,32.7,33.1,33.0,33.1,33.0,32.9,33.1,33.1,32.6,32.7,33.7,33.1,33.4,32.8,33.4,33.3,33.0,32.9,33.0,33.5,32.8,33.0,32.7,33.2,32.9,33.0,32.4,33.2,32.6,33.0,32.5,33.0,32.5,32.5,32.9,33.0,32.7,33.3,32.6,33.2,33.2,33.0,32.9,33.5,33.1,33.1,32.7,33.7,33.1,33.1,33.2,33.1,32.9,32.7,33.2,32.9,33.1,32.3,33.1,33.1,32.8,32.5,33.2,32.7,32.5,32.7,33.0,33.0,33.0,32.7,33.3,33.0,33.2,32.9,33.4,33.1,33.3,32.8,33.6,33.4,33.1,33.2,32.7,33.4,32.7,32.8,32.7,32.9,32.5,32.6,33.0,33.0,32.6,32.6,32.4,32.9,32.8,32.5,32.6,33.2,33.0,32.8,33.0,32.9,33.3,32.8,32.7,33.6,33.0,32.9,32.8,33.7,33.3,33.0,33.2,33.2,33.0,33.0,33.1,33.0,32.4,32.6,33.1,32.4,32.6,33.0,32.9,32.5,32.8,32.7,33.1,32.8,32.6,32.6,33.2,33.1,33.0,32.7,33.0,32.7,33.3,32.9,33.5,33.0,33.4,32.9,32.8,33.2,32.5,33.0,32.6,33.1,32.8,32.7,32.7,32.6,32.7,32.9,32.7,33.3,32.9,32.7,33.0,32.9,32.7,32.9,32.7,33.3,32.4,32.7,32.8,33.4,32.8,32.8,33.2,33.1,33.4,32.9,32.9,33.0,33.0,32.6,32.9,33.1,33.0,32.9,33.1,32.8,33.0,32.7,33.2,32.9,32.7,32.8,33.2,33.0,32.9,32.6,33.0,33.0,33.1,32.8,33.3,33.2,33.1,32.9,33.0,32.9,33.3,33.1,33.2,33.3,32.9,32.5,32.8,33.1,32.8,32.6,33.0,32.9,33.0,33.0,33.0,33.0,32.9,32.5,32.5,33.2,33.0,32.6,33.0,33.2,32.8,33.1,33.0,33.3,32.7,33.1,33.5,33.2,33.3,32.9,32.8,32.8,32.8,33.0,33.0,33.0,33.0,32.6,33.0,32.8,32.8,32.7,32.8,33.1,33.0,32.7,33.1,32.6,32.8,32.5,33.2,32.9,33.1,32.7,33.2,33.1,33.1,32.8,33.1,32.9,33.4,33.4,32.9,33.4,33.0,32.8,32.8,33.3,33.1,32.9,32.7,33.3,32.7,32.7,32.8,32.9,32.7,32.7,33.0,33.1,32.9,32.9,32.9,33.1,32.9,33.1,32.9,33.4,33.0,32.7,32.8,33.5,33.1,33.2,33.3,32.9,32.9,32.6,33.2,33.1,32.9,32.9,32.8,32.9,32.9,32.9,32.9,33.0,33.5,32.5,32.9,33.0,32.8,33.0,33.0,32.8,32.8,33.1,33.0,33.0,33.0,33.1,33.2,33.1,33.5,32.6,33.4,33.0,32.5,32.5,33.0,33.2,33.0,33.1,32.8,32.9,32.7,33.2,32.7,32.9,32.9,32.7,32.8,33.1,32.9,32.6,33.1,33.3,33.1,33.1,33.2,33.1,32.9,33.1,32.9,33.4,33.0,33.4,33.5,33.1,33.2,33.0,33.1,33.1,33.0,32.9,33.0,32.9,33.0,32.7,33.2,33.0,33.0,32.5,33.1,32.9,33.2,32.8,33.3,33.1,33.0,32.8,33.4,33.3,33.0,32.7,33.0,33.1,33.3,32.9,33.0,33.5,32.7,33.0,33.0,32.9,32.9,32.8,32.9,33.3,32.8,33.0,32.9,33.3,32.8,33.0,32.7,33.1,32.9,32.9,33.0,33.2,33.1,33.1,32.9,33.4,32.5,33.1,32.7,33.6,33.4,33.4,33.5,33.4,32.9,32.8,33.0,33.1,33.0,32.9,33.1,33.1,33.1,33.0,33.3,33.0,33.0,33.2,33.2,33.0,33.1,33.0,33.4,33.1,33.0,33.0,33.4,33.1,33.0,32.5,33.4,33.5,33.2,33.2,33.1,33.3,33.0,32.6,33.2,33.2,32.6,32.8,32.8,33.7,33.1,32.8,32.9,33.4,32.9,32.9,32.9,33.3,33.0,33.1,33.2,33.5,32.9,32.9,33.3,33.4,32.9,32.8,33.0,33.5,33.6,33.4,33.5,33.8,32.6,32.8,33.6,33.1,33.0,33.0,32.9,33.1,33.3,33.1,33.3,33.2,33.1,33.0,33.3,33.3,33.4,33.1,33.6,33.2,33.4,32.8,33.6,33.3,33.6,33.0,33.6,33.1,33.4,33.3,32.8,33.3,33.1,33.1,33.0,33.3,32.9,32.8,33.0,33.3,32.9,nan,32.5,33.4,33.1,33.3,32.9,33.2,33.2,33.2,33.1,33.2,33.1,33.2,33.2,33.6,33.1,33.2,33.2,33.4,33.7,33.2,33.5,33.4,33.4,32.9,33.4,33.0,33.1,33.2,33.2,33.4,33.0,32.9,33.3,33.1,33.0,33.0,33.4,33.6,33.1,33.3,33.7,33.2,33.1,33.1,33.6,33.5,33.3,33.6,33.2,33.5,33.4,33.4,33.7,33.6,33.1,33.1,32.9,33.6,33.0,33.0,33.0,33.6,33.3,33.1,33.0,33.4,33.6,33.3,33.2,33.4,33.4,33.0,33.3,33.1,33.4,33.0,33.5,33.4,33.2,33.2,33.5,33.8,34.2,33.8,33.5,33.7,33.3,32.9,33.4,33.4,33.5,32.9,33.5,33.3,33.0,33.1,33.3,33.1,33.3,32.9,33.1,33.1,33.4,32.9,33.7,33.3,33.1,33.3,33.7,33.6,33.5,33.1,33.5,33.4,33.4,33.1,33.9,33.9,33.7,33.2,33.6,33.4,32.9,33.1,32.8,33.6,33.0,33.2,33.2,33.6,33.0,32.9,33.3,33.7,33.1,33.5,33.2,33.6,33.0,33.4,33.4,33.7,33.2,33.3,33.8,33.9,33.4,33.2,33.8,33.8,33.4,33.4,33.5,32.9,33.3,33.3,33.3,33.7,33.3,33.3,33.7,33.5,33.1,33.4,33.6,33.5,33.3,33.2,33.6,33.4,33.4,33.2,33.6,33.6,33.4,33.6,34.4,33.9,33.3,33.6,33.3,33.7,33.3,33.6,33.4,34.0,33.1,33.3,33.2,33.5,33.4,33.4,33.7,33.3,33.2,33.2,33.3,33.6,33.3,33.2,33.4,33.6,33.6,33.0,33.4,33.3,33.2,33.0,33.6,34.2
1785310468.63115,737,34.0,33.3,33.6,33.5,34.0,33.6,33.0,33.3,33.0,33.0,33.1,33.3,32.7,32.9,33.0,33.0,33.1,32.7,33.2,33.1,33.2,32.9,33.1,33.3,33.4,32.9,33.3,33.3,33.2,33.2,32.9,33.3,33.5,33.7,34.2,33.7,33.2,33.6,32.9,33.4,33.3,33.4,33.6,33.0,33.0,33.2,32.9,33.0,33.0,33.0,33.1,33.2,32.9,33.0,33.0,33.4,33.2,33.2,33.8,33.7,33.3,33.4,32.7,33.5,33.6,33.4,33.5,33.3,33.7,33.7,33.4,33.3,32.9,32.8,33.1,32.9,32.8,32.6,33.0,32.8,33.0,32.5,33.0,33.0,33.0,33.1,33.3,33.2,33.2,33.3,32.8,33.3,33.3,33.3,32.9,33.6,33.1,33.7,33.1,33.8,33.2,33.2,33.1,33.3,33.4,32.9,33.0,33.0,32.9,32.9,33.2,33.1,33.0,33.3,33.1,33.3,33.1,33.5,32.8,33.1,33.1,33.4,33.1,33.6,33.3,32.9,33.5,33.5,33.5,33.3,33.2,33.7,33.6,33.1,32.9,33.0,32.9,33.0,33.1,33.3,32.8,33.0,32.9,33.2,33.2,33.2,32.9,33.0,33.5,32.8,33.4,33.1,33.4,33.0,33.0,33.3,33.3,33.5,33.1,33.4,33.4,33.6,33.7,33.4,33.5,33.4,33.4,33.3,32.9,33.1,32.7,32.8,32.9,32.9,33.2,33.3,32.9,32.9,33.2,33.2,33.1,33.0,33.1,33.3,32.9,33.1,33.0,33.4,33.2,33.4,33.6,33.1,33.8,33.4,33.5,33.8,33.7,33.4,33.5,33.1,32.9,32.9,33.3,33.1,33.2,32.9,33.1,33.1,33.0,33.1,32.7,33.1,33.2,32.9,32.8,33.0,33.1,33.0,33.3,33.6,33.1,33.3,33.2,33.1,33.1,33.3,33.2,33.5,33.5,33.8,33.0,33.3,32.8,33.0,33.0,33.1,32.8,32.8,33.0,33.0,32.9,32.9,32.8,33.4,33.3,33.3,33.2,32.9,33.0,33.2,33.4,33.3,32.9,33.3,33.3,33.4,33.1,33.3,33.4,33.7,33.6,33.2,33.2,33.4,32.8,33.0,33.2,33.0,32.8,33.0,33.0,33.1,33.0,33.0,32.9,33.0,32.9,33.1,33.1,33.4,33.1,32.7,33.2,33.4,33.3,32.8,33.3,33.6,33.7,33.2,33.7,33.6,33.4,33.2,33.3,33.1,33.0,33.1,32.9,33.3,32.9,32.9,33.0,33.2,32.9,33.2,33.1,33.2,32.9,33.1,33.1,33.2,32.8,33.4,33.1,33.2,33.0,33.0,33.0,33.7,33.7,33.2,33.3,33.3,33.4,33.2,33.0,33.3,33.0,32.9,32.8,33.0,33.0,32.9,32.9,32.9,33.5,33.0,33.3,33.0,33.0,32.8,32.9,33.1,33.0,33.1,33.1,33.7,33.1,32.9,33.4,33.3,33.3,33.5,33.0,33.6,33.6,33.4,33.1,33.2,33.0,32.9,33.1,33.2,33.1,33.1,32.8,33.2,32.8,33.1,33.2,33.1,33.2,32.9,32.9,33.5,33.2,33.0,33.2,33.2,33.3,33.3,33.1,33.2,33.6,33.4,33.3,33.5,33.6,33.3,33.1,33.6,33.0,32.9,32.9,33.2,33.3,33.0,32.8,33.5,33.2,32.9,32.6,33.5,32.8,33.0,33.1,33.1,33.2,32.9,32.9,33.3,33.2,33.1,33.2,33.6,33.9,33.3,33.4,33.5,33.4,33.4,34.0,33.4,34.3,33.5,33.4,33.3,32.9,33.1,32.9,33.4,33.1,33.4,33.2,33.4,32.9,32.9,33.2,33.0,32.7,33.1,33.3,33.4,33.3,33.1,33.1,33.2,33.6,33.2,33.5,33.8,33.4,33.2,33.4,35.3,34.0,34.7,33.9,33.9,33.3,33.3,33.5,33.3,33.5,33.5,33.1,33.5,33.1,33.2,33.2,33.4,33.2,33.0,33.4,33.5,33.4,33.1,33.8,33.4,33.4,33.4,33.7,33.7,33.4,33.3,35.1,34.2,34.6,34.6,34.0,34.0,33.4,33.4,33.2,33.3,33.3,33.4,33.3,33.5,33.2,33.1,33.3,33.5,33.3,33.4,33.3,33.6,32.9,33.5,33.5,33.7,33.9,33.4,33.4,33.8,33.5,34.2,34.7,35.4,34.7,34.2,34.2,34.3,33.7,34.1,33.4,34.0,33.9,34.0,33.4,33.5,33.6,33.5,33.4,33.6,33.7,33.2,33.4,33.4,33.2,33.2,33.6,33.3,33.2,33.5,33.6,33.7,34.6,34.0,35.5,35.1,34.7,34.8,34.3,34.2,34.7,nan,34.5,33.9,33.9,33.8,33.4,33.7,33.7,33.5,33.6,33.5,33.5,33.8,33.4,33.4,33.1,33.4,33.7,33.8,34.1,33.4,34.0,34.4,34.3,35.3,35.7,35.7,34.5,34.2,34.6,34.9,34.6,34.4,34.6,34.6,34.4,33.8,33.6,33.8,33.8,33.3,33.3,33.3,33.5,33.3,33.4,33.7,33.5,33.4,33.4,33.7,33.4,33.8,33.9,34.2,34.5,34.8,35.1,35.5,34.2,34.3,34.5,34.5,34.8,34.9,34.7,34.5,33.9,34.1,33.9,33.8,33.6,33.7,33.5,33.7,33.3,33.4,33.3,33.4,33.1,33.6,33.7,33.6,34.2,33.6,33.9,34.1,34.1,34.0,35.2,34.3,34.6,34.0,34.7,34.9,34.7,34.5,34.6,34.6,34.1,33.7,34.2,33.8,33.7,34.1,33.7,33.7,33.8,33.8,33.7,34.0,33.7,33.5,33.7,33.8,33.6,33.8,34.0,34.3,33.9,34.6,34.5,35.2,34.3,34.3,34.6,34.6,34.4,34.5,34.4,34.8,34.0,33.9,34.0,34.1,34.2,34.0,34.0,33.8,33.7,33.9,34.0,34.1,34.0,33.7,34.2,33.9,33.9,33.7,33.9,34.3,34.0,34.0,34.7,34.3,34.7,34.4,34.7,34.2,34.7,34.7,34.6,34.8,34.2,33.9,34.0,34.2,34.2,34.1,34.4,33.8,34.2,33.8,34.0,33.8,33.8,34.0,34.4,34.6,33.5,33.8,34.2,34.2,33.3,33.9,34.0,34.7,33.9,34.0,34.3,34.4,34.8,34.8,34.6,34.6,33.9,34.3,34.1,34.5,33.9,34.1,34.0,34.0,33.6,34.1,34.4,34.1,33.6,34.5,34.5,34.6
1785310471.2533426,738,34.0,33.6,33.8,33.3,33.3,33.8,32.8,33.1,33.0,33.4,33.1,33.1,32.9,32.9,32.8,33.0,32.9,33.1,33.2,33.3,33.2,32.9,33.1,33.3,33.3,33.3,33.1,33.1,33.2,33.2,33.5,33.6,34.1,32.9,33.4,33.5,33.7,32.8,33.1,33.0,33.3,33.0,33.0,33.2,33.0,32.8,33.1,33.0,32.8,32.7,32.9,32.9,33.1,33.0,32.8,33.2,33.2,32.6,32.7,33.3,33.3,33.1,33.2,33.3,33.4,33.4,33.5,33.5,33.3,33.9,33.2,33.1,32.7,33.2,32.9,32.9,32.6,33.0,32.8,33.0,32.7,33.1,33.0,33.2,32.9,33.1,33.1,33.4,33.2,32.9,32.8,33.3,33.1,33.5,32.7,33.6,33.8,33.0,33.6,33.9,33.6,33.2,33.1,32.9,33.1,32.8,33.1,33.0,33.1,32.8,32.9,33.0,33.2,32.7,33.1,32.8,33.1,33.0,33.0,33.1,33.3,33.0,33.1,33.0,33.3,32.9,33.2,33.5,32.8,33.5,32.9,33.5,33.2,33.6,33.1,33.4,33.0,33.0,33.0,33.1,32.8,33.0,33.1,33.0,33.0,33.0,33.3,33.0,33.0,33.0,33.2,33.1,33.2,32.8,33.2,33.3,32.9,32.9,33.3,33.2,33.4,32.5,33.7,33.6,33.9,33.2,33.0,32.9,33.3,32.9,33.1,32.8,33.0,32.7,33.2,32.8,33.3,32.9,33.2,33.1,33.2,32.7,32.9,33.2,33.5,33.1,33.2,33.4,33.2,32.8,33.2,33.2,33.6,33.8,32.9,33.6,33.4,33.6,33.3,33.3,33.0,33.0,32.6,33.0,33.1,32.9,32.9,33.2,32.8,33.0,32.6,33.3,32.9,33.1,32.8,33.3,32.9,33.1,33.1,33.0,33.3,33.1,33.2,33.1,33.5,33.1,33.4,33.5,33.5,33.1,33.6,33.1,33.1,32.8,32.8,33.1,33.0,32.5,33.0,32.9,33.0,32.9,33.1,32.9,33.2,32.8,32.9,32.9,33.2,32.9,33.0,33.3,33.1,32.8,33.1,33.0,33.1,33.5,33.0,33.6,33.0,33.4,33.2,33.2,33.2,33.1,33.2,32.8,33.0,33.0,33.1,33.3,33.1,33.2,32.9,33.3,32.9,33.0,33.1,33.0,33.0,32.9,33.0,33.3,33.0,33.4,33.3,33.2,33.9,33.2,33.5,33.6,33.5,32.6,33.5,33.5,33.3,32.9,33.1,32.9,32.9,33.0,33.0,33.2,33.3,32.7,33.3,33.1,33.0,32.8,33.3,32.8,33.4,33.1,33.1,33.2,33.4,32.9,33.0,33.5,33.3,33.6,33.7,33.5,33.3,33.7,33.9,33.3,33.7,32.9,33.0,33.0,32.8,33.2,32.8,33.3,33.2,33.0,33.1,32.9,33.0,33.1,33.2,33.1,32.8,33.2,33.2,33.4,33.2,33.3,33.2,33.1,33.5,33.1,33.0,33.2,33.2,33.4,33.3,34.6,33.2,33.8,33.1,33.2,33.2,32.9,32.8,33.2,33.1,33.2,33.0,33.1,33.1,33.1,32.8,33.3,33.4,33.1,33.0,33.3,33.3,32.9,33.5,33.0,33.2,33.4,33.6,33.9,33.7,33.3,34.7,33.4,34.2,33.1,33.4,33.4,33.3,32.9,33.5,33.3,33.5,32.9,33.1,33.0,33.2,33.0,33.6,33.3,33.2,32.9,33.2,33.3,33.0,33.3,33.0,33.6,33.3,33.1,33.2,33.7,33.3,34.3,33.2,34.9,33.3,34.3,33.3,34.0,32.8,33.1,33.1,33.6,32.9,33.8,33.1,33.4,33.2,33.2,33.0,33.4,33.1,33.3,32.9,33.2,33.1,32.9,33.1,33.6,33.4,33.6,33.7,33.4,34.7,33.2,35.0,34.1,34.9,33.1,34.1,33.1,34.1,33.2,34.3,33.3,34.3,33.3,33.4,33.5,33.4,33.3,33.6,33.1,33.2,33.2,33.1,33.1,32.9,33.1,33.6,33.5,33.0,33.6,33.3,34.1,33.4,34.3,34.6,35.3,34.0,34.3,33.2,34.2,33.6,33.9,33.1,34.3,33.3,33.6,33.3,34.1,33.4,33.6,33.3,33.7,33.3,33.3,33.3,33.6,33.1,33.0,33.0,33.5,33.4,33.4,33.6,33.6,34.3,34.1,34.5,35.4,34.7,34.5,34.1,33.4,34.2,33.5,34.3,33.5,33.9,33.3,33.8,33.5,33.4,33.0,33.6,33.2,33.6,33.4,33.8,33.2,33.6,33.6,33.4,33.5,34.1,33.5,33.2,33.7,34.3,33.7,35.5,34.6,35.2,34.5,33.8,34.0,33.6,nan,33.5,34.5,33.6,33.5,33.7,33.4,33.7,33.7,33.5,33.7,33.3,33.4,33.2,33.6,33.3,33.5,33.7,33.8,33.0,33.8,33.6,34.0,33.7,35.2,33.8,35.7,34.0,35.2,33.9,34.4,34.3,34.4,34.1,34.3,33.8,34.0,33.9,33.8,33.4,33.5,33.9,33.9,33.5,33.5,33.6,33.7,33.5,33.4,33.8,33.9,33.4,33.4,33.9,33.8,34.6,33.7,35.1,33.9,35.4,34.0,34.4,34.3,34.8,34.4,34.7,34.5,34.6,33.9,33.7,33.9,33.7,33.5,33.8,34.0,33.6,33.6,33.5,33.6,33.4,33.8,33.9,34.0,33.5,33.8,33.5,33.9,33.3,35.3,33.8,35.2,33.9,34.4,34.1,34.6,33.9,35.0,34.2,34.9,33.8,34.1,33.3,33.7,33.7,33.6,34.0,33.5,33.7,33.6,33.9,33.6,34.1,33.5,33.7,33.8,33.9,33.6,33.9,33.5,34.3,33.5,34.5,33.8,34.5,33.7,34.4,34.0,34.9,33.9,34.5,34.4,34.4,33.6,33.8,33.9,33.8,33.7,34.0,34.2,33.6,33.7,33.4,34.1,33.8,33.5,33.6,34.1,33.4,33.9,33.4,34.3,33.6,34.0,33.7,34.1,33.8,34.5,34.2,34.4,34.2,34.9,34.2,34.9,33.5,33.9,33.7,34.2,33.5,34.4,33.8,33.8,34.0,34.0,34.4,34.2,33.8,33.8,34.8,34.4,33.7,33.3,34.0,33.8,34.1,33.5,34.0,34.0,33.9,33.8,34.3,34.8,34.8,33.9,34.8,33.5,34.1,33.6,33.9,33.9,34.6,33.7,34.0,33.8,34.0,34.0,34.2,34.0,34.0,34.0,34.0,34.6
1785310473.68332,739,33.4,33.8,33.3,33.5,33.8,33.1,32.8,33.5,33.2,33.0,33.1,32.9,32.8,33.1,32.8,32.8,33.2,32.7,33.0,33.3,33.4,33.3,32.7,33.1,32.8,33.5,32.6,33.3,33.4,33.2,33.4,33.6,34.1,33.7,33.7,33.7,33.2,33.9,33.1,33.4,33.1,33.2,33.2,33.4,33.0,33.2,33.1,33.2,32.8,33.0,32.9,33.4,33.1,33.3,33.0,33.2,33.4,33.2,33.4,33.5,33.8,33.1,33.5,33.2,33.6,33.6,34.0,33.5,33.7,33.5,33.2,33.3,33.1,33.4,32.9,33.1,33.0,33.0,32.6,32.8,32.7,33.2,32.8,33.2,33.0,32.9,32.9,33.0,33.2,33.4,32.8,33.3,33.6,33.3,33.4,33.4,33.5,33.2,33.4,33.6,33.2,33.2,33.3,32.9,32.9,32.8,33.0,33.0,33.1,33.1,32.9,33.1,32.8,33.0,33.5,32.8,33.3,33.1,33.2,33.2,33.1,33.4,32.9,33.2,33.3,32.9,33.0,33.5,33.3,33.5,33.2,33.9,33.4,33.0,33.1,33.4,33.3,33.3,32.8,33.2,33.1,33.2,32.6,33.0,32.8,33.0,33.1,33.0,33.3,33.3,33.2,32.9,33.2,33.2,33.2,33.3,33.5,33.3,33.1,33.6,32.9,33.2,33.5,33.4,33.1,33.2,33.0,33.1,32.9,33.1,33.1,32.6,33.0,32.9,33.0,33.3,33.1,32.8,33.2,33.1,32.7,32.9,32.7,33.0,32.7,33.2,33.0,33.4,33.0,33.0,33.2,33.1,33.6,33.8,33.3,33.6,33.5,33.2,33.5,33.0,33.0,33.0,32.7,33.0,33.1,33.0,32.9,32.9,33.0,33.0,33.0,33.6,33.4,33.2,32.8,33.0,33.1,33.1,33.3,33.2,33.3,33.3,33.2,32.9,33.3,33.3,33.4,33.5,33.1,33.3,33.0,33.3,32.8,33.0,33.2,32.9,32.8,32.8,33.1,33.2,33.0,32.9,33.0,32.9,33.0,33.0,32.9,32.9,33.2,33.2,33.4,32.9,33.1,32.9,33.5,33.4,33.3,33.5,33.0,33.4,33.4,33.4,33.2,33.2,33.2,33.0,33.0,33.5,33.0,33.0,33.0,33.1,33.0,33.0,32.7,33.4,33.1,33.1,32.9,32.9,33.1,32.7,33.2,33.3,32.9,33.4,33.3,33.4,33.9,33.4,33.3,33.6,33.4,33.3,32.9,33.5,33.1,33.1,32.9,33.4,32.9,32.9,33.0,33.0,32.9,33.2,33.1,33.4,33.0,32.9,33.3,33.3,32.9,33.1,32.9,33.0,33.2,33.0,33.4,33.5,33.5,33.6,33.3,33.5,33.2,33.5,33.4,33.5,33.4,33.2,33.2,33.0,33.1,33.3,33.1,33.0,33.2,33.2,33.1,33.3,33.2,33.1,33.2,33.1,33.1,33.1,33.1,33.4,33.6,33.3,33.2,33.3,33.7,33.5,33.6,33.4,33.2,33.2,33.5,34.6,33.0,33.4,33.1,33.2,32.9,33.2,32.8,33.2,33.1,33.1,32.9,33.2,33.4,33.4,33.1,33.3,33.4,33.3,33.3,32.9,33.3,32.8,33.1,33.4,33.4,33.6,33.5,33.9,33.9,33.5,35.0,33.1,34.7,33.2,33.5,33.1,33.3,32.9,33.3,33.5,33.8,33.2,33.3,33.2,33.3,33.5,33.4,33.1,33.2,33.3,33.0,33.3,33.4,33.1,33.2,33.7,33.5,32.9,33.6,33.5,33.4,34.5,33.0,35.1,32.9,34.9,32.9,34.0,33.1,33.4,33.1,33.8,33.1,33.8,33.1,33.6,33.1,33.2,33.2,33.2,33.3,33.5,33.1,33.4,32.9,33.3,33.3,33.4,33.6,33.8,33.5,33.6,34.5,33.2,35.0,33.6,35.7,33.4,34.6,33.3,34.6,33.3,34.3,33.3,34.0,33.0,33.4,33.7,33.3,33.0,33.4,33.1,33.6,33.2,33.1,32.9,33.2,32.9,33.8,33.5,33.6,33.8,33.3,33.9,33.2,35.0,33.7,35.6,33.3,34.9,32.8,34.3,33.2,34.5,33.0,34.4,33.4,34.2,33.1,33.9,33.2,33.8,33.5,33.7,33.3,33.3,33.3,33.6,33.3,33.1,33.4,33.3,33.4,33.8,33.8,33.6,35.5,33.7,34.5,34.1,34.9,33.5,34.1,33.6,34.7,33.3,34.4,33.5,34.4,33.2,33.4,33.5,33.6,33.3,33.9,33.2,34.1,33.2,33.8,33.5,34.0,33.6,33.6,33.5,33.4,33.5,33.4,34.1,33.7,34.9,34.2,34.2,33.6,34.7,33.6,34.7,33.3,nan,33.3,34.0,33.7,33.8,33.2,33.9,33.2,33.7,33.5,33.7,33.7,33.8,33.5,33.8,33.3,33.4,33.9,34.0,33.9,33.8,33.6,34.0,33.9,34.1,33.8,34.9,34.2,34.0,34.2,33.9,34.1,33.8,34.4,34.1,33.9,33.5,33.9,33.5,33.8,33.5,33.7,33.7,34.0,33.5,34.0,33.8,33.9,33.4,33.6,33.7,33.4,33.4,33.7,34.0,34.3,33.7,34.6,33.8,34.0,34.3,33.7,34.0,33.8,34.6,34.2,34.8,33.4,33.9,33.7,33.8,33.9,33.9,33.5,33.8,33.8,33.4,33.9,33.9,33.6,33.4,33.7,34.0,34.2,33.8,33.7,34.5,33.7,34.6,34.0,35.2,33.7,34.7,34.2,34.0,34.4,34.1,34.6,34.1,34.3,33.7,33.5,33.7,33.7,33.8,33.9,33.9,34.0,33.6,33.7,34.0,34.1,33.7,33.7,33.8,33.4,33.6,34.2,33.7,34.8,33.4,35.1,34.0,34.8,33.8,34.4,34.1,34.0,34.2,34.2,34.4,33.9,33.7,33.7,33.9,33.5,33.5,33.8,34.0,33.6,33.9,33.8,34.3,33.8,33.7,34.0,34.1,33.6,33.9,33.6,34.5,33.8,35.4,33.5,35.2,33.8,34.7,34.2,34.7,33.8,34.5,34.0,34.6,33.8,34.2,34.0,34.1,33.9,33.9,34.2,33.8,34.5,33.6,34.0,34.1,34.2,33.8,34.6,34.2,33.7,33.6,34.0,34.0,34.9,33.9,34.9,34.0,34.6,33.8,34.3,34.9,34.6,34.3,34.8,33.9,34.1,33.8,33.9,33.9,33.8,33.9,33.4,33.8,33.8,34.0,33.6,34.3,33.8,34.2,34.3,34.4
1785310476.1787438,740,33.7,33.8,33.3,33.8,33.1,33.1,33.2,33.5,32.8,33.2,32.7,33.1,33.2,33.2,32.6,33.6,32.5,32.7,33.2,33.1,32.7,33.1,33.3,33.1,32.8,33.1,33.3,33.1,33.2,33.5,33.4,33.3,33.8,33.2,33.9,33.5,33.2,32.8,33.3,33.2,33.1,33.2,33.2,33.0,33.2,33.0,33.3,33.4,33.2,32.5,33.1,33.0,32.9,32.8,33.0,33.2,33.2,33.0,33.4,33.7,33.5,33.1,33.7,33.7,33.6,33.9,33.5,33.8,32.6,33.3,33.0,33.3,32.7,33.2,32.7,33.1,32.4,32.8,32.8,33.0,32.7,33.1,32.8,33.4,33.0,33.1,33.3,33.2,33.0,33.2,33.2,33.1,32.9,33.3,33.4,33.8,33.8,33.4,33.6,33.8,33.4,32.6,33.3,32.9,33.3,32.6,33.3,33.2,32.9,32.9,32.7,33.1,33.2,32.8,33.1,33.2,33.0,33.1,33.4,33.1,33.1,33.2,33.3,33.4,33.5,32.9,33.7,33.7,33.1,33.7,33.8,33.9,33.2,33.2,33.1,33.5,33.1,33.0,32.8,33.3,32.6,33.2,32.7,32.8,32.8,33.0,32.9,33.0,32.8,33.0,33.0,33.5,33.2,33.0,33.0,33.5,33.1,33.3,33.1,33.9,33.4,33.4,33.7,33.6,32.9,32.8,33.0,33.1,33.1,32.6,32.9,33.1,32.9,32.7,33.0,32.9,33.4,33.1,33.2,33.4,32.9,32.9,33.4,33.2,33.1,32.5,32.9,33.4,33.4,32.8,33.6,33.4,33.6,33.4,33.3,34.0,32.8,33.2,33.3,33.5,32.7,32.7,32.9,33.3,32.7,32.9,33.1,33.2,32.8,33.0,33.0,33.6,33.1,32.9,33.1,33.3,32.9,33.0,33.1,33.4,33.1,33.3,33.4,33.6,33.8,33.3,33.4,33.7,33.3,32.9,33.2,32.9,33.0,33.0,33.0,33.3,33.0,33.0,33.1,33.3,32.7,32.9,33.2,33.0,33.0,32.8,33.2,33.4,33.0,33.1,33.2,33.3,33.3,33.1,33.3,33.2,33.1,33.3,33.4,34.0,33.0,33.2,33.2,33.6,32.8,32.8,32.8,33.2,33.0,32.7,33.0,33.3,33.0,33.2,32.9,33.0,32.8,33.1,33.2,33.0,32.8,33.2,33.2,33.3,32.6,33.2,33.5,33.6,33.7,33.0,33.9,33.6,33.5,33.0,33.3,33.1,33.0,32.9,33.1,33.1,32.9,32.7,33.3,33.0,32.9,32.7,33.0,33.2,33.0,32.7,33.4,33.2,33.1,33.3,33.1,33.4,33.4,32.9,33.2,33.7,33.5,33.2,33.5,33.7,32.9,33.5,32.6,33.5,32.7,33.0,33.0,33.1,33.0,32.9,32.9,33.2,32.8,33.2,33.0,33.3,32.8,33.1,33.5,33.3,33.0,33.2,33.2,33.2,33.2,32.9,33.2,33.5,33.5,33.3,33.6,33.8,33.6,33.0,33.1,33.0,33.0,32.9,33.3,33.2,33.1,32.9,33.3,33.2,33.4,33.1,33.0,33.2,33.1,33.1,33.1,33.1,33.2,33.0,33.3,33.1,33.3,33.3,33.5,33.0,33.4,33.4,33.5,33.7,33.6,33.5,32.9,33.3,32.9,33.1,32.7,33.2,33.0,33.0,33.2,33.3,32.9,32.9,33.1,33.5,33.2,33.3,32.9,33.1,33.0,32.9,33.1,33.5,33.0,33.1,33.2,33.4,33.3,32.7,33.6,33.5,33.4,33.2,33.3,33.0,32.9,32.6,33.3,33.2,32.8,32.8,33.2,33.4,33.1,32.8,33.1,33.1,32.9,32.9,33.3,33.7,33.3,33.0,33.7,33.4,33.1,33.1,33.3,33.6,33.2,33.4,33.5,34.3,33.2,33.2,33.6,33.6,32.7,32.9,33.1,33.4,32.8,33.3,32.8,33.2,32.9,33.2,32.9,33.0,32.8,33.2,33.2,33.4,32.9,33.2,32.9,33.5,33.1,33.5,33.4,33.8,33.4,33.6,33.5,34.1,33.4,33.1,33.6,33.6,33.0,33.0,33.0,33.3,33.1,32.8,33.1,33.4,33.1,33.3,33.3,33.6,33.0,33.1,33.2,33.5,33.4,33.1,33.3,33.4,33.3,32.8,33.5,33.3,33.4,33.4,33.6,34.0,33.2,33.3,33.3,33.6,33.0,33.3,33.1,33.4,32.9,33.3,33.4,33.6,33.0,33.2,33.3,33.6,33.3,33.1,33.6,33.2,33.2,33.2,33.6,33.5,33.0,33.0,33.8,33.5,33.6,33.5,33.6,33.5,33.5,33.1,33.9,34.4,33.1,32.8,33.3,33.7,33.3,nan,33.4,33.4,33.2,33.3,33.7,33.4,33.4,33.0,33.5,33.5,33.3,32.9,33.5,33.6,33.3,33.1,33.7,34.0,33.3,33.6,33.4,34.0,33.4,33.7,35.0,35.2,34.4,33.5,33.7,33.7,33.0,33.4,33.6,33.8,33.3,33.5,33.4,33.8,33.3,33.5,33.5,33.7,33.3,33.1,33.6,33.7,33.1,33.6,34.0,34.1,33.4,33.4,33.7,33.8,33.7,34.8,35.1,35.2,34.5,34.7,33.9,34.0,33.4,33.1,33.4,33.9,33.4,33.6,33.9,33.8,33.4,33.4,33.5,33.7,33.4,33.2,33.5,33.9,33.4,33.2,33.9,33.8,33.7,33.8,33.9,34.3,35.1,35.2,35.2,35.8,34.9,34.4,34.4,34.4,33.9,33.9,34.6,34.4,34.1,34.1,33.7,33.9,33.2,33.6,33.9,34.0,33.3,33.6,33.7,33.8,33.7,33.5,34.1,34.0,33.6,33.6,33.9,34.3,35.0,35.0,35.2,36.0,35.2,34.9,34.9,34.5,34.4,34.5,34.7,35.1,33.9,33.6,33.8,34.2,33.3,33.3,33.8,34.0,33.4,33.5,33.6,33.7,33.6,33.5,33.8,34.3,33.9,33.9,34.1,34.9,35.2,35.2,35.4,36.0,34.6,34.9,34.7,34.6,34.4,34.5,34.7,34.4,33.8,34.1,34.0,34.4,33.7,33.5,34.2,33.8,33.8,33.8,34.4,34.2,33.6,34.0,34.1,34.0,33.7,33.6,34.6,34.6,35.3,34.6,35.3,35.3,34.6,34.4,34.8,34.8,34.8,34.8,34.6,34.6,34.6,34.1,34.1,34.3,34.0,33.7,34.2,34.0,34.0,34.0,34.4,34.7,33.6,33.8,34.5,34.6
1785310478.79075,741,34.0,34.1,34.1,33.3,33.7,33.8,33.6,33.3,33.4,33.6,33.5,33.1,33.0,33.4,33.8,33.6,33.1,33.1,33.7,33.6,33.8,33.5,33.5,33.7,33.6,33.1,33.5,33.6,33.9,33.7,34.2,34.1,33.8,33.7,33.7,33.9,33.7,33.4,33.3,33.6,33.1,33.6,33.6,33.4,33.0,33.4,33.5,33.2,33.2,33.4,33.3,33.8,32.9,33.3,33.4,33.6,33.2,33.2,33.4,33.7,33.8,33.6,33.7,34.2,33.9,33.9,34.0,33.8,33.7,33.5,33.4,33.5,33.3,32.8,33.4,33.3,33.1,33.2,33.3,33.2,33.5,33.4,33.2,33.4,33.4,33.3,33.6,33.5,33.4,33.4,33.2,33.3,33.6,33.7,33.4,33.8,33.8,34.2,33.6,34.1,33.6,33.4,33.3,33.5,33.3,33.1,33.3,33.4,32.9,32.9,33.2,33.3,32.8,33.2,33.5,33.3,33.3,33.3,33.5,33.1,33.1,33.4,33.3,34.0,33.5,33.3,33.7,33.7,33.5,33.7,34.0,33.9,33.6,33.6,33.1,33.0,33.5,33.3,33.1,33.4,33.1,33.3,33.4,33.0,33.5,33.0,33.3,33.2,33.3,33.0,33.5,33.5,33.4,33.4,33.5,33.7,33.3,33.5,33.5,33.7,33.6,33.6,33.7,34.4,33.5,33.4,33.0,33.5,32.8,33.1,33.1,33.5,33.0,33.2,33.4,33.3,33.3,33.2,33.2,33.2,32.7,33.0,33.4,33.3,32.9,33.2,33.4,33.9,33.4,33.6,33.4,33.6,34.3,33.1,34.2,34.2,33.4,33.6,33.5,33.1,32.9,32.9,33.3,33.1,33.2,32.9,33.2,33.4,33.1,33.1,33.4,33.0,33.2,33.3,33.5,33.3,33.3,33.1,33.7,33.7,33.6,33.3,33.8,34.0,33.3,33.5,33.4,33.9,33.3,33.5,33.4,33.4,33.3,33.0,33.0,33.4,33.0,33.1,33.3,33.3,33.2,33.2,33.5,33.4,33.2,33.3,33.0,33.6,33.0,33.2,33.4,33.5,33.3,33.1,33.3,33.4,33.7,34.0,33.8,33.8,33.6,33.4,33.4,33.6,33.3,33.6,33.7,33.3,33.3,33.0,33.5,33.4,33.4,33.3,33.2,33.4,33.1,33.3,33.4,33.4,33.3,33.2,33.5,33.4,33.3,33.8,33.5,33.4,33.9,33.4,33.3,34.0,33.5,33.5,33.5,34.0,34.0,33.4,33.5,33.4,33.3,32.9,33.3,33.4,33.3,33.2,33.5,33.5,33.4,33.1,33.3,33.7,33.6,33.4,33.5,33.7,33.8,33.6,33.2,33.7,33.5,33.8,33.9,33.5,33.6,33.7,34.2,34.8,34.2,35.0,33.2,33.9,33.3,33.3,33.4,33.5,33.2,33.5,33.6,33.5,33.5,33.3,33.4,33.6,33.3,33.4,33.4,33.4,33.4,33.3,33.8,33.5,33.7,33.5,33.6,34.0,33.9,34.1,34.4,34.0,34.8,33.7,34.6,33.5,33.4,33.4,33.5,33.5,33.9,33.4,33.5,33.5,33.4,33.2,33.6,33.5,33.4,33.5,33.3,33.6,33.5,33.3,33.7,33.6,34.0,33.6,34.3,34.1,34.6,35.1,34.6,35.1,34.0,34.1,33.7,34.7,33.6,33.8,34.0,34.1,33.5,34.1,33.6,33.8,33.5,33.8,33.6,33.8,33.4,33.6,33.8,33.7,33.6,33.6,33.8,33.9,33.5,33.7,33.6,34.2,34.5,34.3,35.2,34.8,34.8,34.1,34.8,34.0,34.2,33.9,34.3,33.9,34.2,33.6,33.7,33.7,33.5,33.2,33.7,33.9,33.4,33.5,33.8,33.7,33.3,33.1,33.7,33.8,33.8,33.8,34.1,33.9,34.5,34.4,35.0,35.3,34.5,35.5,34.2,34.6,34.1,34.8,34.3,34.9,33.7,34.4,33.6,33.7,33.7,33.8,34.1,33.9,33.7,33.9,34.0,34.4,33.4,33.8,33.8,34.3,33.4,33.8,33.9,34.1,33.6,34.3,35.0,35.6,35.4,34.4,34.5,34.2,34.4,34.2,34.7,34.4,34.2,34.1,34.1,34.1,33.7,33.8,34.0,34.0,33.8,33.6,34.0,34.5,33.8,33.7,34.2,34.1,33.9,33.6,34.0,34.0,34.1,33.9,35.0,34.5,34.7,34.5,34.4,34.4,34.6,34.4,34.4,34.8,34.1,34.5,33.8,34.0,34.1,33.6,33.9,34.2,34.1,34.1,34.1,34.1,33.8,33.8,33.6,34.3,33.6,33.7,34.0,34.3,33.7,33.8,34.1,34.8,34.3,34.5,34.3,34.3,34.7,nan,34.8,34.2,34.5,33.8,34.0,34.1,34.0,33.7,34.2,33.9,33.8,33.6,34.3,34.1,34.1,34.0,34.5,34.6,34.1,34.2,34.0,34.2,34.1,33.9,34.8,34.0,34.4,34.4,34.9,34.2,34.6,34.6,34.6,34.9,34.1,34.3,34.1,34.0,33.9,34.1,34.4,34.0,33.7,34.2,34.3,34.2,33.9,33.8,34.6,34.3,34.1,34.0,33.7,34.4,33.7,34.2,33.8,35.0,34.3,34.5,34.2,34.6,34.1,34.4,34.5,35.0,34.2,34.1,33.9,34.1,33.9,34.0,33.8,34.2,34.2,33.7,34.2,33.9,34.0,33.8,34.7,34.2,34.2,34.2,33.9,33.7,34.1,33.6,34.5,34.3,34.6,33.8,34.6,34.7,34.6,34.3,34.9,34.4,34.3,34.1,34.0,34.4,34.0,33.9,34.2,33.9,34.4,34.6,34.5,34.4,34.1,34.3,34.6,34.5,33.4,34.0,33.9,34.3,33.7,34.2,33.6,34.7,33.8,34.0,34.4,34.6,33.5,34.4,33.9,34.6,34.0,33.9,33.8,34.2,33.7,34.0,34.1,34.2,33.9,33.9,34.0,34.3,34.0,33.9,34.4,34.5,33.9,33.9,33.9,34.1,34.0,34.0,34.5,34.1,34.4,34.0,34.6,34.6,34.7,34.9,34.2,34.1,33.8,34.1,34.2,34.2,34.0,34.1,34.4,34.1,34.2,33.8,34.8,34.3,34.4,34.4,34.6,34.9,33.7,33.8,33.7,34.4,33.5,33.9,33.8,34.4,33.7,34.0,34.3,34.8,34.8,34.8,35.1,34.6,33.5,34.1,33.9,34.1,33.7,34.2,34.0,34.4,34.4,34.5,34.0,34.5,33.8,34.5,34.7,34.6
1785310481.2736168,742,34.3,34.1,34.1,33.8,33.5,33.3,33.2,33.5,33.2,33.4,32.9,33.3,33.4,33.4,33.0,32.8,33.4,33.3,33.4,33.3,33.8,33.5,32.7,33.1,33.2,33.5,33.3,33.3,33.6,33.5,34.0,34.1,33.8,33.5,33.9,33.7,33.4,33.6,33.3,33.4,33.3,33.0,33.2,33.2,33.3,33.4,33.1,33.4,33.4,33.0,33.6,33.4,33.7,33.1,32.8,33.6,33.6,33.6,33.6,33.3,33.5,33.4,33.2,33.7,33.6,33.8,33.7,34.5,33.5,33.5,33.2,33.4,33.5,33.2,33.1,33.3,33.1,33.2,33.2,33.2,33.2,33.0,33.2,33.0,33.6,33.2,33.3,33.5,33.4,33.2,33.6,33.5,34.0,33.5,33.6,34.1,33.8,33.9,33.8,33.6,33.8,33.2,33.1,32.9,33.2,33.1,33.3,33.0,33.2,33.3,33.1,33.1,33.3,33.0,32.9,33.2,33.1,33.1,33.0,33.2,33.3,33.2,33.1,33.4,33.5,33.3,33.5,33.7,33.8,33.5,33.4,33.9,33.4,33.4,33.1,33.5,32.9,33.3,33.1,33.1,32.8,33.2,33.1,33.2,33.2,33.4,33.1,33.4,33.3,33.0,33.4,33.1,33.2,33.2,33.0,33.3,33.5,33.7,33.3,33.6,34.3,33.4,33.7,33.4,33.5,33.4,33.2,33.5,32.9,32.9,32.9,33.0,33.5,33.2,33.0,33.1,33.3,33.1,33.0,33.6,33.6,33.0,33.1,33.3,33.4,33.1,33.0,33.6,33.4,33.2,33.4,33.6,34.1,33.8,33.5,33.6,33.7,33.6,33.3,33.3,33.0,33.2,33.3,33.1,32.9,33.2,33.2,33.4,33.1,33.0,33.0,33.1,33.2,33.1,33.1,33.2,33.1,33.3,33.5,33.2,33.5,33.3,33.4,33.8,33.7,33.5,33.2,33.5,33.5,33.3,33.2,33.4,33.1,33.0,32.8,33.1,33.0,33.1,33.0,33.3,33.0,33.0,33.1,33.5,33.2,33.1,33.0,33.2,33.7,32.9,33.0,33.3,33.3,33.1,33.5,33.8,33.5,33.7,33.2,33.6,33.6,33.4,33.6,33.8,33.2,32.9,33.0,33.2,33.1,32.8,33.0,33.3,33.3,33.5,32.9,33.1,33.1,33.3,32.9,33.2,33.3,33.0,33.2,33.6,33.3,33.6,33.3,33.6,34.1,33.6,33.7,33.4,33.7,33.5,33.6,33.6,33.4,33.1,33.0,33.4,33.0,33.2,33.0,33.4,33.3,33.4,33.0,33.1,33.2,33.4,33.4,33.0,33.2,33.6,33.1,33.4,33.6,33.0,33.4,33.5,33.9,33.8,33.1,33.8,33.4,33.5,33.2,33.6,33.2,33.5,33.7,33.9,33.3,33.5,33.3,33.5,33.0,33.5,33.3,33.3,33.2,33.4,33.4,33.2,33.3,33.4,33.6,33.5,33.8,33.4,34.0,33.7,33.5,33.5,33.4,33.2,33.6,33.2,33.3,33.2,34.1,33.4,34.7,34.3,33.5,33.5,33.0,33.2,32.9,33.4,33.0,33.4,33.4,33.4,33.4,33.6,33.6,33.3,33.7,33.4,33.6,33.5,32.9,33.6,34.0,33.6,33.7,33.7,33.7,33.7,33.1,34.3,34.9,35.2,35.2,35.2,34.3,33.6,33.6,33.5,33.3,33.5,33.7,33.7,33.6,33.7,33.6,33.2,33.7,33.6,33.4,33.7,33.6,33.6,33.4,33.7,33.9,33.3,33.4,33.1,33.4,33.2,34.9,34.4,34.9,34.9,33.9,35.0,34.2,33.9,33.5,33.4,33.7,33.8,34.2,33.9,33.7,33.7,33.3,33.5,33.4,33.5,33.3,33.6,33.4,33.5,33.6,33.8,33.6,33.8,33.7,34.1,33.8,33.9,35.7,35.7,34.7,34.9,34.2,34.7,34.6,34.4,34.3,34.6,34.5,34.7,34.4,34.6,34.1,33.6,33.6,33.6,33.6,33.6,33.6,33.8,33.6,33.6,34.0,34.3,33.6,33.6,33.3,33.7,33.7,33.8,35.5,35.5,34.8,34.9,35.6,35.3,34.5,34.4,34.2,34.7,34.8,34.7,34.4,34.6,34.2,33.9,34.0,34.0,33.9,33.8,33.9,33.9,34.0,33.7,34.0,34.3,33.6,33.2,33.6,34.0,33.7,33.7,34.3,34.1,34.7,35.2,35.4,35.4,34.6,34.4,34.6,34.6,34.3,34.8,34.6,34.6,34.1,34.0,33.9,33.9,34.1,34.4,34.0,34.1,34.0,33.9,34.0,34.1,33.6,33.9,33.6,33.5,33.7,33.5,33.9,34.1,34.8,35.0,35.1,35.3,34.4,nan,34.3,34.4,34.7,34.7,34.6,34.2,33.9,34.0,34.1,33.9,33.7,34.0,33.7,33.8,33.9,33.8,34.2,34.4,33.9,34.0,33.6,33.6,33.7,33.9,33.8,33.9,34.0,34.3,34.9,34.6,34.3,34.4,34.6,34.8,34.6,34.4,34.9,34.6,34.3,34.0,34.0,33.9,34.0,34.0,33.8,34.0,34.1,33.8,34.2,34.1,33.6,34.0,33.7,34.2,33.9,33.5,33.5,33.8,33.8,34.0,33.8,34.3,34.3,34.1,34.5,34.7,34.9,34.7,34.7,34.6,34.2,34.0,33.6,34.0,34.0,33.7,34.0,34.1,34.0,33.8,33.9,34.0,34.2,34.2,33.7,33.9,33.7,33.6,33.8,34.0,33.9,33.5,34.2,34.6,34.1,33.9,34.6,34.6,35.0,34.2,34.9,34.4,34.2,34.3,34.4,34.0,34.0,34.2,34.3,34.2,34.5,33.9,34.1,34.0,33.4,33.6,33.7,33.9,33.9,33.8,33.8,33.8,33.8,33.8,33.5,33.9,34.4,34.4,34.2,34.4,34.4,34.2,34.5,34.6,34.0,33.8,33.8,33.8,33.9,33.9,34.0,34.1,33.9,34.3,34.4,34.8,33.9,33.7,33.6,34.1,33.6,33.8,33.9,33.9,33.8,34.0,33.8,34.2,34.2,34.4,34.2,34.1,34.0,34.0,34.4,34.0,34.0,34.1,34.0,34.0,34.3,34.0,34.4,33.9,34.4,34.0,34.1,34.4,34.2,33.8,34.2,34.2,33.9,33.7,33.8,34.2,33.7,33.8,33.9,33.9,34.1,34.3,34.6,34.4,33.9,34.1,33.9,33.9,33.8,33.7,34.0,34.0,34.2,34.1,34.2,34.1,33.8,34.0,34.3,34.9
1785310486.3739471,744,34.3,33.3,34.3,33.5,33.5,33.6,33.4,33.3,33.0,33.2,33.1,33.5,33.2,32.9,33.4,33.0,33.4,33.3,33.4,33.3,33.4,32.9,33.3,33.3,33.7,33.3,33.9,33.6,33.2,33.7,33.7,33.3,34.1,33.2,33.7,34.4,33.5,33.0,33.1,33.6,33.1,33.2,33.2,33.2,33.0,33.4,33.1,33.5,33.0,33.4,33.3,33.4,32.9,33.3,33.0,33.6,33.2,33.6,33.4,34.1,33.5,33.1,33.2,34.2,33.4,33.9,34.0,34.0,33.3,33.3,33.6,33.5,33.1,33.0,33.4,33.5,33.0,33.0,33.2,33.0,32.9,33.1,33.5,33.2,33.4,33.1,33.5,32.8,33.2,32.9,33.4,33.3,34.0,33.7,33.8,33.6,33.8,33.9,33.4,34.1,33.8,33.4,33.3,33.3,33.1,32.9,33.2,33.4,32.9,32.8,32.9,33.5,33.0,33.3,33.5,33.7,33.0,33.1,33.5,33.4,33.0,33.4,33.3,33.6,33.5,33.5,33.5,33.7,33.3,33.7,33.6,33.5,33.6,33.4,33.5,33.0,33.3,33.0,33.0,33.1,32.6,33.0,33.2,33.2,33.0,32.9,33.3,32.9,33.1,33.0,33.4,33.3,33.2,33.4,33.4,33.1,33.3,33.3,33.3,33.7,33.6,33.6,33.7,33.8,33.5,33.6,33.4,33.7,32.9,33.1,32.6,33.1,32.9,33.1,33.0,33.3,33.1,33.1,33.2,33.2,32.9,33.0,33.1,33.3,32.7,33.3,33.0,33.6,33.0,33.0,33.2,33.6,33.8,33.4,34.0,34.0,33.4,33.2,33.5,33.7,32.9,33.2,32.7,33.5,32.9,33.2,33.2,33.6,32.8,33.3,33.5,33.5,33.6,33.4,33.3,33.3,32.9,33.1,33.1,33.2,33.6,33.1,33.8,33.8,33.5,33.3,33.4,33.9,33.5,33.5,33.4,33.4,33.0,32.8,33.2,33.3,33.3,33.1,33.5,33.5,33.2,33.0,33.3,33.5,33.0,33.1,33.4,33.6,33.4,33.1,33.2,33.7,33.1,33.3,33.3,33.4,33.5,33.3,33.4,33.9,33.2,33.4,33.6,33.9,33.7,34.6,33.7,33.8,33.3,33.1,33.5,33.3,33.3,33.6,33.2,33.3,33.3,33.3,33.2,33.6,33.2,33.2,33.5,33.1,33.3,33.6,33.9,33.6,33.7,33.4,33.5,34.0,33.5,33.5,34.0,34.0,35.6,34.4,35.0,33.9,33.3,33.2,33.3,33.5,33.3,33.4,33.5,33.5,33.0,33.2,33.3,33.5,33.8,33.4,33.3,33.9,33.2,33.6,33.2,33.9,33.5,33.2,33.7,33.5,33.4,34.2,34.2,35.2,34.2,33.7,34.2,34.4,33.3,33.8,33.4,34.0,33.8,34.1,33.6,33.5,33.2,33.6,33.5,33.6,33.1,33.2,33.6,33.7,33.4,33.6,34.0,33.5,33.5,33.3,33.4,33.8,34.1,33.9,34.9,34.4,34.3,33.9,34.3,34.0,33.9,33.5,34.3,33.7,34.4,33.5,33.8,33.7,33.1,33.4,33.3,33.6,33.6,33.5,33.3,33.6,33.7,33.7,33.9,33.8,33.2,33.8,34.1,33.9,34.1,35.1,34.8,34.6,34.9,35.5,34.5,34.5,34.1,34.1,34.0,34.9,34.5,34.3,34.1,34.0,33.6,33.8,33.8,33.8,33.7,33.8,33.8,33.7,33.8,33.8,34.2,34.0,33.5,33.7,33.8,33.9,33.6,34.5,34.4,34.8,35.6,34.9,35.3,34.5,34.0,33.9,34.5,34.9,34.3,34.1,34.0,33.9,33.5,33.9,33.8,34.0,34.1,33.8,33.8,34.1,34.0,33.7,34.2,34.4,33.4,33.8,33.9,33.6,34.0,33.7,34.3,34.6,35.2,35.2,34.9,34.6,34.3,34.8,34.7,34.6,34.5,34.4,34.3,34.0,33.9,33.5,34.1,33.9,34.1,33.7,33.8,33.8,34.0,33.5,34.0,33.8,33.6,33.8,33.7,34.1,33.4,34.3,34.1,34.9,34.6,35.1,34.3,34.5,34.1,34.2,34.3,34.9,34.5,34.4,33.8,34.4,33.7,33.8,33.8,34.4,34.0,33.6,34.0,34.1,33.5,33.7,34.1,34.5,33.7,33.4,34.2,33.6,33.7,33.5,34.5,33.8,34.5,34.0,34.6,34.1,34.4,34.4,34.6,34.8,34.4,34.5,34.3,34.1,33.9,33.8,34.1,33.9,33.7,33.5,34.3,33.9,34.3,34.0,34.2,34.1,33.4,33.3,33.2,33.7,33.5,34.0,33.7,34.1,33.6,34.3,34.1,34.7,34.1,nan,34.3,34.9,34.4,34.7,34.2,33.9,33.5,33.7,33.6,34.0,33.5,34.0,33.9,34.3,34.3,33.6,34.3,34.2,34.1,33.8,33.4,34.0,33.6,33.5,34.1,34.0,34.0,33.7,34.6,34.2,33.8,33.9,34.3,33.9,34.3,34.0,34.3,34.0,33.6,33.6,33.9,33.9,34.4,33.9,34.3,34.4,34.1,34.1,34.6,34.1,33.4,33.6,33.5,34.2,33.7,33.5,33.3,34.1,33.3,33.8,33.7,34.3,33.9,33.9,33.9,34.4,33.9,33.9,33.9,34.1,33.7,33.7,33.8,34.2,33.8,33.9,33.7,34.3,33.6,33.6,34.1,34.2,34.4,34.0,33.5,34.1,33.3,33.4,33.8,33.6,33.9,33.3,34.6,34.2,34.2,34.1,34.2,34.6,34.0,33.7,34.2,33.6,34.1,33.6,34.2,33.9,34.0,33.8,34.3,34.0,34.1,33.9,34.3,34.2,33.4,33.6,33.7,33.9,33.5,33.8,33.4,34.2,33.6,33.5,33.7,34.3,34.0,34.2,34.9,34.9,34.2,33.9,33.8,33.9,33.5,33.3,33.8,34.0,33.6,34.1,33.2,34.3,33.8,33.9,33.8,34.3,33.6,33.7,33.6,34.3,33.8,33.8,33.9,33.9,33.8,33.6,34.2,33.9,33.8,33.9,34.7,35.1,34.7,35.3,34.7,35.1,34.0,35.0,34.5,34.1,34.0,33.6,34.2,33.8,34.0,34.0,34.4,34.4,33.5,34.0,33.5,33.8,33.3,33.9,33.6,34.2,33.3,34.0,33.5,34.2,33.7,34.1,34.3,34.6,34.2,34.4,35.1,35.0,35.5,34.6,35.3,34.8,33.8,33.8,34.0,34.1,33.8,33.8,34.5,34.9
1785310488.9203508,745,34.8,33.8,34.6,33.8,34.2,34.2,34.1,33.7,33.4,33.6,33.3,33.5,33.4,33.2,33.2,33.2,33.4,33.3,33.4,33.6,33.8,33.3,33.3,33.3,33.7,33.5,33.5,33.6,33.6,33.9,33.4,34.1,34.3,34.0,33.7,34.0,33.7,33.6,33.5,33.8,33.3,33.6,33.0,33.4,33.2,33.4,33.3,33.5,33.2,33.4,33.5,33.4,33.5,33.1,33.0,33.8,33.4,33.6,33.4,34.1,33.8,33.4,33.5,34.2,33.9,34.3,33.7,33.5,34.3,33.7,33.8,33.5,33.5,33.6,33.2,33.5,33.1,33.0,33.3,32.8,33.2,33.4,33.3,33.2,33.6,33.3,33.6,33.0,33.4,33.4,33.2,33.1,33.8,33.7,33.6,33.8,34.3,33.9,34.0,34.1,33.8,33.8,33.5,33.5,33.3,33.3,32.8,33.5,33.4,33.1,33.2,33.1,33.2,33.3,33.3,33.5,33.7,33.5,33.2,33.8,33.7,33.4,33.5,34.0,33.9,33.5,33.9,34.1,34.0,34.0,33.8,33.9,34.0,33.6,33.7,33.5,33.5,33.3,33.3,33.3,33.1,33.3,33.2,33.3,33.7,33.2,33.3,33.0,33.1,33.3,33.5,33.1,33.6,33.4,33.2,33.3,33.7,33.5,33.7,33.4,33.9,34.1,33.7,33.8,33.5,33.6,33.2,33.9,33.5,33.4,33.1,33.1,33.2,33.1,33.2,33.6,33.1,33.4,33.2,33.2,33.2,33.2,33.3,33.9,33.6,33.2,33.4,33.6,33.6,33.4,33.4,33.8,34.1,34.3,34.4,33.8,33.7,33.8,33.8,33.5,33.4,33.4,33.4,33.1,33.2,33.0,33.2,33.1,33.3,33.6,33.2,33.5,33.4,33.3,33.5,33.2,33.4,33.1,33.5,33.4,33.5,33.1,33.6,33.8,33.8,34.2,33.6,34.1,33.5,33.8,33.9,33.6,33.7,33.5,33.3,33.2,33.5,33.3,33.1,33.5,33.2,33.3,33.0,33.4,33.2,33.3,33.6,33.4,33.4,33.2,33.4,33.7,33.3,33.5,33.3,33.8,33.9,34.4,33.6,33.7,33.6,33.6,33.6,33.8,33.5,33.8,33.3,33.3,33.3,33.0,33.1,33.3,33.0,33.3,33.2,33.1,33.4,33.6,33.6,33.6,33.3,33.2,33.5,33.6,33.3,33.2,33.7,33.2,34.3,34.3,34.1,34.0,33.7,33.5,33.6,33.6,33.6,33.6,33.2,33.6,33.0,32.9,32.8,33.2,33.2,33.4,33.3,33.5,33.0,33.5,33.4,33.7,33.4,33.6,33.5,33.6,33.6,33.4,33.2,33.7,33.9,34.4,34.1,34.0,33.6,33.9,33.5,33.8,33.5,33.7,33.8,33.3,33.1,33.3,33.1,33.5,33.5,33.0,33.3,33.3,33.3,33.1,33.5,33.3,33.3,33.2,33.4,33.6,33.6,33.4,34.0,33.5,34.5,34.7,34.2,34.2,33.6,33.8,33.3,33.7,33.5,33.6,33.3,33.5,33.2,33.2,32.8,33.1,33.3,33.1,33.0,33.2,33.4,33.5,33.4,33.6,33.2,33.5,33.2,33.4,33.5,33.5,33.3,33.6,34.7,34.6,34.5,34.7,33.7,33.5,33.4,33.3,33.7,33.6,33.5,33.4,33.3,33.2,33.3,33.2,33.3,33.2,33.1,33.4,33.3,33.7,33.6,33.4,33.5,33.8,33.2,33.1,33.6,33.6,33.6,33.6,34.3,34.9,34.2,34.0,33.6,33.6,33.2,33.6,33.4,33.5,33.3,33.5,33.3,33.1,33.7,33.1,33.6,33.4,33.4,33.7,33.4,33.7,33.5,33.5,33.8,33.8,33.3,33.7,33.5,33.7,33.3,33.6,34.9,34.6,34.1,33.9,33.4,33.4,33.8,33.6,33.9,33.7,33.8,33.9,34.6,34.9,34.1,34.3,33.5,33.3,33.8,33.7,33.4,33.6,33.4,33.4,33.6,33.7,34.0,33.3,33.4,33.6,33.6,33.8,34.4,34.0,33.5,34.1,33.6,33.6,33.6,33.9,33.6,33.6,34.2,34.8,35.3,35.3,35.0,34.2,33.4,33.4,33.6,33.9,34.0,33.8,33.8,34.0,33.8,34.0,33.3,33.9,33.5,33.5,33.3,34.3,34.1,34.0,34.0,34.0,33.7,33.5,33.6,33.6,34.0,34.5,35.4,35.1,34.9,34.6,34.7,34.6,33.8,34.3,33.8,34.3,34.1,34.0,34.1,33.4,33.7,33.5,34.0,33.9,33.8,34.0,33.8,33.9,34.1,34.3,33.2,34.1,33.7,33.8,33.5,34.1,33.8,35.7,35.3,34.8,35.2,nan,34.5,34.4,34.4,34.2,34.5,34.7,34.4,34.2,34.0,33.9,33.7,33.8,33.7,34.3,33.9,33.8,33.5,34.4,34.6,34.2,34.2,34.0,33.7,33.7,33.6,33.8,34.2,34.0,34.6,34.2,35.4,36.0,35.3,34.9,34.4,34.6,35.2,35.1,34.8,34.6,34.4,34.4,34.0,33.9,34.1,34.4,34.3,34.0,34.6,34.3,34.1,34.2,33.7,34.0,33.7,34.0,33.3,33.9,34.0,34.2,34.0,35.3,35.4,35.8,35.0,34.9,34.6,34.7,34.9,35.1,34.5,35.0,34.0,34.4,34.2,34.3,34.0,34.5,33.8,34.2,34.3,34.6,34.4,34.4,34.2,33.9,34.3,33.6,34.1,33.8,33.5,33.7,34.4,34.2,35.3,35.0,34.7,34.8,35.1,34.4,35.2,35.1,34.6,34.8,34.6,34.2,34.2,34.2,34.7,34.8,34.5,34.3,34.6,34.5,33.9,34.4,33.9,34.1,33.9,33.8,34.0,34.3,33.6,34.2,33.9,34.5,34.2,34.9,34.5,34.8,34.4,34.9,35.0,35.4,34.9,34.5,34.7,34.7,33.9,34.1,34.2,34.7,34.2,34.3,34.2,34.8,33.9,34.1,34.1,34.3,34.0,34.4,34.3,33.7,33.8,34.2,34.0,33.9,34.4,34.2,34.9,34.6,34.4,34.6,35.4,35.1,34.9,34.8,34.7,34.3,34.5,34.4,34.8,34.3,34.6,34.6,34.8,35.1,33.7,34.0,33.7,34.4,33.9,34.1,33.8,34.2,33.7,34.2,34.1,34.4,33.9,34.3,34.1,34.6,34.2,34.8,34.6,35.2,34.7,34.8,34.2,34.6,34.4,34.1,34.4,34.5,34.4,34.7,34.7,34.9
1785310494.0185044,747,34.0,33.8,33.6,33.5,33.1,33.4,33.2,33.1,32.8,33.4,33.1,33.1,33.0,33.2,33.0,33.2,32.9,33.1,33.2,33.6,33.2,33.1,33.1,33.3,33.0,33.1,33.1,33.1,33.6,33.7,33.7,33.6,33.5,34.0,33.5,33.7,33.5,32.8,33.3,33.4,32.9,32.8,33.2,33.2,32.8,33.2,32.7,33.0,32.6,32.8,33.1,33.0,32.9,32.6,33.0,33.0,33.2,32.8,32.7,33.3,33.3,33.1,33.7,33.7,33.4,33.6,33.7,33.8,33.7,33.3,33.0,33.1,32.9,33.0,33.1,33.3,32.8,32.6,32.8,33.2,32.9,33.1,33.2,33.0,33.0,33.1,33.1,33.2,33.2,33.1,33.2,33.5,33.3,33.3,33.6,33.8,33.5,33.7,33.6,33.4,33.2,32.8,32.9,32.9,32.9,32.8,33.2,33.0,32.7,32.9,32.9,33.3,33.2,33.0,33.5,33.2,33.0,33.1,33.0,33.2,33.1,33.0,32.9,33.4,33.0,33.1,33.0,33.5,33.3,33.7,33.6,34.1,33.0,33.1,33.1,33.5,33.1,32.6,32.8,33.1,33.3,33.0,33.1,32.8,33.2,32.9,33.1,33.2,33.0,33.2,33.0,33.3,33.0,33.2,33.0,33.5,33.1,32.9,33.1,33.4,33.4,33.4,33.5,33.4,33.9,33.2,33.0,33.3,33.3,32.9,32.7,33.0,32.9,33.1,33.0,33.3,33.1,32.9,33.0,33.2,32.9,32.9,33.1,33.2,32.9,33.3,33.2,33.4,33.0,33.2,33.4,33.6,33.8,33.4,33.3,33.8,33.2,33.4,33.3,33.5,32.9,33.1,32.7,33.1,33.2,32.7,33.1,33.1,33.1,33.1,33.2,33.3,33.2,33.1,33.0,33.3,32.9,33.1,32.9,33.6,33.1,33.5,33.2,33.8,32.9,33.5,33.6,33.5,33.3,33.5,33.6,33.3,32.8,32.8,33.0,33.3,32.7,33.1,33.1,33.0,32.9,33.0,33.0,33.2,33.2,33.0,33.4,33.1,33.4,33.1,33.2,33.3,32.9,32.9,33.3,33.4,33.5,33.1,33.6,33.9,33.2,33.6,33.4,33.6,33.0,32.8,33.2,33.2,32.8,33.0,33.0,32.9,33.0,33.0,33.1,33.3,33.1,32.8,32.9,33.0,32.8,33.2,33.4,33.4,32.9,33.2,33.5,33.4,33.5,33.4,33.3,33.4,33.2,33.5,33.6,33.6,33.1,32.9,32.7,33.1,32.7,32.7,33.0,33.2,32.9,32.9,33.0,33.2,33.0,33.2,33.1,33.0,33.1,33.3,33.3,33.4,33.2,33.2,33.2,33.3,33.7,33.8,33.3,33.5,33.3,33.7,33.4,33.8,33.0,33.0,32.7,33.1,33.0,33.2,32.8,33.0,32.5,33.0,32.8,33.0,32.8,33.1,33.2,33.1,32.8,32.9,32.9,33.2,33.4,33.1,33.0,33.7,33.5,33.5,33.6,33.4,33.0,33.2,33.1,33.4,33.0,32.7,32.9,33.0,33.2,32.9,33.0,33.2,33.3,33.1,33.3,33.1,33.1,33.2,33.1,33.2,32.7,33.3,33.3,32.9,33.1,33.1,33.3,33.4,33.6,33.6,33.3,33.7,33.7,33.3,32.9,33.4,32.9,33.2,33.0,33.2,33.0,33.0,33.2,33.5,33.2,33.2,33.3,33.4,33.2,33.5,33.3,33.4,33.4,33.3,33.2,33.5,33.4,33.6,33.4,33.8,33.3,33.3,33.0,33.3,33.1,33.2,33.2,33.4,32.8,33.1,32.9,33.2,33.3,33.3,33.1,33.1,33.1,33.3,33.4,33.1,33.2,33.2,33.7,33.5,33.6,33.5,33.5,33.6,33.1,33.3,32.9,33.4,33.4,33.6,33.5,33.8,33.4,33.2,33.4,34.0,33.7,33.9,33.9,33.8,33.1,33.3,33.1,33.5,33.5,34.0,34.3,35.0,34.2,34.6,34.9,34.9,35.1,34.4,33.6,33.6,33.2,33.3,33.8,33.8,33.2,33.2,33.5,33.3,33.4,33.3,33.6,33.2,33.6,33.6,33.5,33.8,33.4,33.3,33.7,33.9,33.9,34.2,35.1,35.1,34.5,34.6,34.2,34.5,34.1,34.3,33.7,33.8,33.1,33.3,33.7,33.9,33.7,33.0,33.4,33.8,33.5,33.3,33.8,34.2,34.0,34.4,34.2,34.3,34.2,34.3,34.4,34.8,34.4,34.5,34.7,34.5,33.9,33.5,33.7,33.6,33.4,33.5,33.8,34.1,33.4,33.4,33.8,33.5,33.2,33.5,33.8,33.5,33.5,33.3,33.7,33.7,34.5,34.8,35.5,35.2,34.2,nan,34.5,34.7,34.5,34.4,34.3,34.4,33.5,33.7,33.6,33.7,33.7,33.6,33.7,34.0,33.9,33.6,33.7,34.0,33.9,33.8,33.8,34.0,33.6,33.3,33.8,34.3,34.4,34.9,35.6,35.4,34.3,34.3,34.8,34.9,34.4,34.4,34.4,34.5,33.8,34.0,33.9,34.2,34.2,33.7,33.8,34.2,33.7,34.1,33.8,34.3,33.4,33.8,33.9,33.6,32.8,33.5,33.3,33.8,34.2,34.7,34.9,35.2,34.3,34.1,34.8,35.0,34.2,34.2,34.4,34.3,33.9,33.7,33.8,34.2,34.0,33.9,33.9,33.7,33.6,33.4,34.1,34.0,33.7,33.8,33.5,34.1,33.5,33.6,33.8,34.3,33.9,34.2,34.4,34.6,34.1,34.3,34.4,34.8,34.3,34.4,34.5,34.4,33.7,33.6,34.0,34.4,33.7,33.6,34.1,34.0,34.3,33.7,33.9,34.2,33.0,33.4,33.7,33.7,33.5,33.3,33.6,33.8,33.6,34.2,34.4,34.5,34.0,34.0,34.2,34.9,34.7,34.4,34.5,34.4,33.8,33.5,34.1,34.2,33.6,33.9,33.6,34.3,34.0,33.9,34.2,34.1,33.6,33.5,33.6,34.3,33.8,33.6,33.7,33.9,33.8,33.8,34.0,34.4,34.0,34.0,34.2,34.4,34.2,34.2,34.2,34.4,33.9,33.9,34.0,34.0,34.0,34.2,34.6,34.5,34.0,34.0,34.8,34.9,33.1,33.6,33.5,33.8,33.5,33.7,33.8,33.6,33.5,33.6,33.9,34.4,34.1,34.1,34.3,33.9,33.9,34.1,34.2,34.1,33.7,33.7,34.0,34.2,34.0,34.0,34.0,34.1,33.6,34.3,34.5,34.6
1785310496.5660741,748,34.4,33.5,34.0,33.9,33.2,33.3,33.3,33.6,33.3,33.2,33.4,33.0,33.0,32.8,33.3,33.5,33.0,32.8,33.5,33.4,33.3,33.0,32.6,33.4,33.4,33.2,33.2,33.7,33.6,33.1,33.6,34.0,34.0,33.6,34.1,33.9,32.9,33.3,32.8,33.3,32.8,33.1,33.1,33.1,33.1,33.1,33.0,33.1,32.9,33.1,33.2,33.3,32.8,33.1,33.1,33.4,33.1,33.3,33.3,33.4,33.2,33.0,33.1,33.9,33.8,34.0,33.6,33.7,33.4,33.2,33.1,33.4,33.2,32.5,33.2,33.4,32.7,33.3,33.1,33.3,33.1,33.0,33.3,33.0,33.5,33.0,33.2,32.9,33.3,33.0,33.1,33.4,33.5,33.4,33.5,33.5,33.4,33.8,33.5,34.0,33.3,33.1,32.8,33.2,32.8,32.9,32.9,33.6,32.6,32.8,32.6,33.6,32.7,33.1,33.0,33.4,33.0,33.0,33.1,33.2,33.2,33.1,33.0,33.9,33.2,33.4,33.1,33.6,33.2,33.4,33.5,34.0,33.5,33.4,33.0,33.1,33.0,32.5,33.2,33.0,33.0,32.9,33.2,32.9,33.1,32.8,33.0,33.1,32.9,33.1,33.5,33.4,33.1,32.9,33.1,33.4,33.2,33.2,33.4,33.6,33.3,33.8,33.4,33.7,33.2,33.3,33.1,33.0,32.7,33.0,33.2,33.2,33.0,33.0,32.9,33.5,33.2,33.2,32.9,33.0,33.3,33.0,33.2,33.6,33.0,33.2,33.1,33.5,33.1,33.3,32.8,33.7,34.0,33.3,33.5,33.7,33.5,33.3,33.4,33.2,33.1,33.1,33.2,33.2,33.1,32.8,33.2,33.3,33.1,32.9,33.1,33.2,33.2,33.0,32.9,33.3,33.0,33.0,33.4,33.1,33.2,33.2,33.3,33.7,33.7,33.4,33.5,33.9,33.2,33.6,32.7,33.2,32.9,32.7,32.7,33.3,32.9,33.0,33.2,33.3,33.0,32.8,33.1,33.3,32.9,32.9,32.8,33.3,33.1,33.0,33.3,33.2,32.8,33.0,33.0,33.8,33.6,33.4,33.3,33.6,33.3,33.3,33.5,33.5,32.9,33.0,33.4,33.4,33.0,32.9,33.4,33.3,33.0,33.2,33.0,32.9,33.3,32.4,33.1,33.0,33.1,32.9,33.3,33.4,33.1,33.1,33.4,33.3,33.6,33.7,33.2,33.9,33.4,33.3,33.2,33.4,33.0,33.1,32.8,33.5,32.6,32.6,32.9,33.3,33.1,33.0,32.9,33.6,32.9,33.1,33.0,33.4,32.8,33.0,33.4,33.5,32.9,33.1,33.1,33.8,33.4,33.3,33.4,33.2,33.0,33.4,33.4,33.4,33.0,32.6,33.1,33.0,33.2,32.9,33.0,33.2,33.4,32.9,33.4,33.2,33.2,33.0,33.3,32.8,33.1,33.1,33.3,33.5,33.3,33.0,33.5,33.6,33.4,33.2,33.3,33.1,33.3,33.5,33.4,33.6,33.1,33.0,33.0,33.1,33.0,33.1,32.6,33.3,32.8,32.8,32.8,33.3,32.8,32.8,32.8,33.2,33.1,33.0,32.7,33.5,33.4,33.2,33.2,33.3,34.2,33.5,33.3,34.0,33.5,33.2,33.5,33.3,33.3,33.0,33.1,33.3,32.9,32.9,33.6,33.4,33.3,33.1,33.2,33.7,33.2,33.1,33.2,33.5,33.3,33.0,33.5,33.4,33.7,33.2,33.7,33.5,33.8,33.2,33.5,33.4,33.2,33.7,33.4,33.5,32.8,33.1,33.2,33.4,32.8,32.9,32.8,33.7,33.0,33.0,33.0,33.6,33.1,33.1,33.2,33.4,33.2,33.4,33.4,33.7,33.5,33.4,33.0,33.5,33.8,33.1,33.5,33.7,33.3,33.1,33.3,33.5,33.4,33.5,33.8,33.4,33.4,33.2,33.5,33.4,33.4,33.2,33.5,33.9,33.3,33.9,34.2,34.5,34.1,33.5,33.5,33.7,33.3,33.0,33.9,33.7,33.7,33.3,33.4,33.8,32.9,33.2,33.5,33.8,33.4,33.5,33.4,33.4,33.2,33.3,33.3,33.5,33.6,33.5,34.0,34.7,34.6,34.3,34.9,35.1,34.7,33.9,33.2,33.9,33.0,33.4,33.4,33.8,33.8,33.7,33.5,33.9,33.5,33.2,34.1,34.2,33.9,33.8,33.8,33.7,33.7,33.9,34.5,34.5,34.8,35.0,35.1,34.8,34.7,33.5,34.2,33.8,34.0,33.4,33.9,33.6,33.7,33.5,33.7,33.6,33.1,33.6,33.1,33.4,33.6,33.4,34.0,34.3,34.2,34.7,34.5,34.2,34.3,nan,34.6,34.9,34.6,34.8,34.2,34.5,33.6,33.6,33.4,34.1,33.2,33.7,33.8,33.7,33.8,33.5,33.8,34.3,33.6,33.5,34.1,34.3,33.8,33.6,34.0,34.4,34.8,35.3,35.5,35.0,34.2,34.0,34.7,34.7,34.5,34.2,34.5,34.4,33.8,33.7,33.8,34.1,33.8,33.6,34.1,33.9,33.8,33.7,34.1,34.4,33.1,33.7,33.6,34.1,33.4,33.2,33.7,34.2,34.6,35.3,34.9,34.9,33.8,34.1,34.8,35.1,34.5,34.2,34.0,34.7,33.8,34.0,34.1,34.3,33.9,33.5,34.1,34.2,33.7,33.7,33.8,34.3,33.4,33.7,34.3,34.0,33.6,33.7,33.9,34.6,34.3,34.3,35.2,34.5,34.8,34.4,34.8,34.8,34.9,34.5,34.5,34.3,33.8,33.5,34.1,34.1,33.9,33.7,34.0,34.3,34.4,34.0,34.0,34.1,33.1,33.9,33.4,34.0,33.2,33.6,33.9,34.4,34.0,33.9,34.5,34.6,34.0,34.5,34.6,35.2,34.8,34.5,34.3,34.5,33.6,33.6,33.9,34.5,33.6,33.6,33.7,34.6,33.7,33.9,34.3,34.5,34.0,33.6,33.6,34.4,33.9,33.5,34.0,34.2,34.1,33.7,34.1,34.5,34.1,34.1,34.8,34.7,34.8,34.5,34.6,34.3,34.0,33.8,34.1,33.9,34.1,33.9,34.3,34.4,34.3,33.9,34.5,34.8,33.2,33.5,33.9,34.3,33.6,33.8,33.7,34.3,33.4,33.5,34.0,34.3,34.5,34.0,34.3,34.7,34.1,34.5,34.0,34.2,34.1,33.8,33.9,34.1,34.1,34.1,34.3,34.8,33.9,34.2,34.2,34.8
1785310499.1171787,749,35.3,34.4,34.1,34.0,33.8,34.0,33.2,33.5,33.4,33.6,33.5,33.5,33.6,33.4,33.4,33.6,33.6,33.3,33.6,33.3,34.2,33.5,33.5,33.5,33.7,33.7,33.5,33.6,33.9,33.9,34.5,33.8,34.3,34.3,34.4,34.0,33.7,33.6,33.1,33.6,33.3,33.6,33.4,33.6,33.5,33.4,33.3,33.5,33.0,33.4,33.3,33.6,33.3,33.5,33.2,33.8,33.8,33.6,33.6,33.7,33.8,33.6,34.0,34.2,34.6,34.1,34.2,34.2,33.7,33.5,33.6,33.5,33.3,33.4,33.4,33.5,33.2,33.5,33.2,33.4,33.4,33.2,33.5,33.2,33.6,33.3,33.7,33.4,33.6,33.6,33.2,33.3,34.2,33.5,33.8,33.9,34.0,34.4,33.8,34.5,33.6,33.4,33.3,33.7,33.5,33.3,33.5,33.2,33.3,33.6,33.2,33.3,33.4,33.5,33.5,33.7,33.3,33.3,33.7,33.6,33.7,33.6,33.3,34.0,33.9,33.9,33.7,33.7,34.0,33.7,34.1,34.1,34.0,33.6,33.1,33.4,33.5,33.2,33.3,33.1,33.6,33.0,33.1,33.0,33.5,33.6,33.3,33.5,33.5,33.2,33.5,33.1,33.6,33.6,33.4,33.5,33.7,33.5,33.7,33.7,33.6,33.6,33.9,33.6,34.1,33.6,33.2,33.5,33.3,33.4,33.3,33.3,33.4,33.7,33.4,33.6,33.4,33.4,33.2,33.8,33.8,33.4,32.9,33.5,33.5,33.6,33.2,33.8,33.2,33.8,33.6,33.8,34.5,34.3,34.0,34.0,33.9,33.4,33.7,33.3,33.4,33.4,33.4,33.3,33.7,33.4,33.4,33.4,33.5,33.3,33.5,33.6,33.6,33.6,33.3,33.4,33.5,33.8,33.7,33.4,33.6,33.5,33.8,33.4,33.8,34.2,33.6,33.9,33.5,33.8,33.2,33.4,33.5,33.2,33.2,33.6,33.3,33.5,33.5,33.3,33.2,33.5,33.2,33.7,33.3,33.3,33.4,33.4,33.6,33.8,33.2,33.5,34.1,33.7,33.9,33.6,33.9,33.8,33.8,33.7,33.8,33.6,33.2,33.6,33.3,32.8,33.7,33.5,33.9,33.2,33.3,33.6,33.3,33.5,33.2,33.4,33.9,33.3,33.2,33.6,33.7,33.9,33.5,33.6,33.7,33.6,33.9,34.0,34.3,33.6,33.9,34.0,34.1,33.9,33.7,33.7,33.5,33.2,33.1,33.6,33.3,33.2,33.2,33.4,33.7,33.5,33.0,33.7,33.5,33.6,33.3,33.5,33.3,33.8,33.5,33.9,34.0,33.6,33.2,34.1,34.4,34.0,33.9,33.5,34.0,33.7,33.4,33.6,33.4,33.0,33.2,33.3,33.4,33.3,33.1,33.2,33.5,33.2,33.6,33.0,33.2,33.5,33.4,33.3,33.5,33.4,33.6,33.4,33.6,33.6,33.8,33.7,33.9,33.9,34.0,33.4,33.6,33.6,33.1,33.7,33.5,33.4,33.3,33.2,33.2,33.4,33.2,33.4,33.3,33.2,33.3,33.6,33.4,33.2,33.3,34.0,33.6,33.6,33.5,33.6,33.8,33.7,33.3,33.8,34.7,33.8,33.7,33.7,33.6,33.5,33.8,33.4,33.7,33.2,32.9,33.4,33.5,33.3,33.2,33.5,33.3,33.3,33.4,33.4,33.7,33.5,33.6,33.4,33.4,33.3,33.6,33.5,34.0,33.6,33.8,33.8,33.9,33.5,33.3,33.3,33.6,33.8,33.5,33.6,33.5,33.3,33.1,33.5,33.4,33.3,33.6,33.4,33.2,33.6,33.2,33.7,33.4,33.6,33.7,33.9,33.6,33.7,33.5,33.8,33.3,33.9,33.1,33.8,34.1,34.0,33.7,33.8,33.8,33.6,33.8,34.1,33.7,33.9,33.4,33.5,33.5,33.6,33.5,33.5,33.8,33.3,33.8,33.5,33.9,33.7,33.8,33.6,33.6,33.6,33.4,33.5,33.6,33.6,33.8,34.4,33.6,34.0,33.5,34.1,33.9,33.8,33.9,33.7,33.3,33.8,33.5,33.8,33.6,33.6,33.4,33.6,33.6,33.9,33.6,33.9,33.9,33.9,34.2,34.4,34.1,33.8,33.7,34.1,33.1,33.9,33.9,34.5,34.3,33.8,33.6,33.6,33.7,33.5,34.0,34.3,34.0,34.0,33.9,33.6,33.6,34.1,33.6,33.8,34.3,34.3,34.8,35.1,35.2,34.6,35.4,35.6,34.9,34.1,33.8,34.1,34.0,33.8,34.0,33.7,33.9,33.9,33.3,33.9,33.9,33.8,33.9,34.2,34.3,33.7,33.3,33.8,34.1,nan,34.0,34.5,35.2,34.9,35.1,35.4,34.5,34.7,34.8,35.2,34.5,34.3,33.7,34.0,33.9,34.0,34.3,34.2,34.1,34.0,34.2,34.0,33.7,33.7,34.5,34.7,35.2,35.7,34.6,34.9,34.8,34.6,34.9,35.1,34.9,34.9,34.8,34.1,34.6,34.1,34.2,34.0,34.0,34.0,34.1,34.2,33.9,34.2,34.4,34.1,34.1,33.6,33.7,34.2,34.3,33.9,34.2,34.5,35.7,35.7,34.9,35.3,34.8,34.4,34.7,35.0,34.9,34.9,34.6,34.6,34.2,34.0,34.2,34.5,34.2,34.1,34.0,34.7,34.0,34.0,34.1,34.4,34.0,34.2,34.0,34.1,34.1,34.0,34.7,34.5,35.6,35.6,35.3,34.7,34.8,34.8,35.4,34.9,35.0,34.6,34.2,34.4,34.4,34.5,34.8,34.6,34.2,34.4,34.5,34.6,34.5,34.3,34.8,34.5,34.1,34.0,33.7,34.3,33.9,34.2,34.1,34.9,35.0,35.2,34.6,34.8,34.6,35.1,34.9,35.4,34.7,34.9,34.0,34.3,34.4,34.2,34.2,34.7,33.9,34.3,34.2,34.5,34.2,34.3,34.7,35.0,34.3,33.9,34.5,34.1,34.4,34.0,34.3,34.5,34.4,34.6,35.1,34.6,34.7,34.7,34.7,35.5,34.7,34.9,34.7,34.6,34.6,34.4,34.4,34.3,34.5,34.4,34.4,34.6,34.6,34.4,35.0,35.1,34.0,34.3,33.7,34.4,33.9,34.1,33.8,34.6,34.3,34.6,34.6,34.8,34.8,34.6,35.1,35.1,34.8,35.0,34.4,34.8,34.0,34.2,34.4,34.2,34.2,34.7,34.4,34.3,34.4,34.7,34.7,34.9
1785310501.6623375,750,34.5,34.4,34.6,34.3,34.0,33.6,33.9,33.7,33.6,33.8,33.7,33.9,33.4,33.2,33.6,33.4,33.6,33.3,33.7,33.8,33.8,33.5,33.7,33.7,33.4,33.7,33.5,33.6,33.9,33.7,34.2,33.8,34.9,34.0,34.4,34.0,33.7,33.4,33.7,34.0,33.5,33.6,33.4,33.6,33.3,33.4,33.5,33.5,33.5,33.4,33.6,33.6,33.7,33.3,33.6,33.4,33.6,33.8,34.0,33.9,34.0,33.6,33.7,34.2,33.6,34.6,34.0,34.5,33.5,33.3,33.2,33.9,33.3,33.2,33.1,33.7,33.5,33.3,33.3,33.4,33.4,33.4,33.2,33.8,33.4,33.3,33.6,33.4,33.4,33.6,33.8,33.5,34.0,33.9,34.3,34.1,34.3,34.2,34.3,33.8,33.6,33.6,33.5,33.7,33.8,33.3,33.7,33.5,33.4,33.1,33.2,33.3,33.5,33.5,33.5,33.3,33.5,33.5,33.5,33.6,33.7,33.6,33.7,33.8,33.9,33.5,33.9,34.1,33.8,34.4,33.8,33.9,34.0,33.4,33.7,33.5,33.3,33.3,33.0,33.3,33.4,33.7,33.2,33.7,33.5,33.5,33.4,33.4,33.5,33.3,33.5,33.6,34.1,33.4,33.9,33.7,33.9,33.7,33.7,33.7,34.3,33.6,33.9,34.0,33.9,33.8,33.4,33.3,33.5,33.4,33.6,33.3,33.4,33.4,33.5,33.4,33.4,33.3,33.5,33.4,33.6,33.4,33.4,33.5,33.6,33.8,33.6,33.9,33.8,33.4,33.8,34.2,34.1,33.8,34.0,34.2,33.7,34.0,33.8,33.7,33.2,33.4,33.1,33.5,33.7,33.5,33.4,33.4,33.6,33.5,33.5,33.5,33.7,33.7,33.1,33.3,33.3,33.5,33.7,33.7,33.5,33.9,34.0,33.8,34.0,33.5,33.8,33.9,33.9,33.8,33.7,34.0,33.3,33.3,33.3,33.1,33.2,33.5,33.6,33.7,33.2,33.0,33.6,33.5,33.5,33.5,33.6,33.6,33.4,33.2,33.9,33.7,33.7,33.7,33.7,34.3,33.9,34.0,33.6,34.4,33.8,33.8,33.6,33.6,33.7,33.3,33.3,33.5,33.3,33.5,33.3,33.7,33.3,33.5,33.2,33.1,33.7,33.5,33.4,33.6,33.5,33.2,33.7,34.0,33.7,33.6,33.5,33.8,34.3,34.0,33.9,34.0,33.9,33.9,34.0,33.6,33.8,33.6,33.2,33.1,33.3,33.5,33.5,33.5,33.3,33.0,33.5,33.4,33.4,33.2,33.4,33.5,33.4,33.4,33.8,33.6,33.6,33.4,33.8,34.1,33.9,34.0,33.9,34.0,34.0,33.9,33.4,33.8,33.7,33.5,33.2,33.3,33.1,33.3,33.4,33.5,33.6,33.2,33.6,33.3,33.2,33.4,33.5,33.6,33.5,33.4,33.6,33.9,33.8,33.4,34.0,33.9,34.5,33.9,33.6,33.4,33.7,33.8,33.5,33.7,33.5,33.1,33.4,33.7,33.4,33.7,33.3,33.1,33.6,33.5,33.5,33.2,33.5,33.9,33.6,34.0,33.4,33.5,33.3,33.8,33.7,33.7,33.7,33.8,34.3,34.4,33.9,33.9,33.9,33.7,33.6,33.9,33.4,33.1,33.7,33.4,33.3,33.2,33.5,33.7,33.7,33.2,33.4,33.5,33.8,33.5,33.6,33.4,33.7,33.4,33.8,33.9,33.8,33.4,33.8,33.7,34.3,33.7,33.6,33.7,33.6,33.8,33.7,33.6,33.6,33.8,33.3,33.5,33.2,33.1,33.4,33.9,33.1,33.6,33.4,33.7,33.4,33.7,33.3,34.2,33.8,34.0,33.7,33.9,33.5,33.7,33.7,34.0,34.3,34.0,33.9,34.3,33.8,33.7,33.8,34.1,33.9,33.7,33.8,33.9,33.6,33.6,33.9,33.8,33.7,33.5,34.2,33.7,34.6,33.3,34.9,33.8,34.9,33.7,33.8,33.8,33.8,33.6,34.0,34.1,33.8,34.0,33.7,33.9,34.1,33.3,33.7,34.3,33.6,33.9,33.7,33.8,33.7,33.6,33.5,34.1,33.6,34.4,33.5,35.2,33.5,34.6,33.8,34.7,33.8,34.3,33.7,34.1,33.8,34.1,34.2,33.9,33.9,34.0,34.4,34.4,33.9,33.5,34.0,34.1,34.5,33.7,35.1,33.7,34.4,34.0,34.6,33.8,34.9,33.8,34.9,34.3,34.6,34.5,34.6,34.9,34.7,33.9,34.3,34.1,33.8,33.8,34.6,33.9,34.3,34.1,34.0,33.5,34.1,33.7,33.7,34.2,34.0,35.0,33.5,35.3,33.9,nan,33.5,34.9,34.1,35.0,35.0,34.7,34.7,34.4,35.5,34.2,34.5,34.1,33.7,34.3,34.1,34.0,34.3,34.4,33.9,34.0,33.6,34.6,33.7,34.1,34.3,34.7,34.7,34.7,35.6,34.4,34.5,34.6,34.8,34.9,35.1,35.2,34.6,35.0,34.4,34.3,34.4,34.6,34.5,34.2,34.5,34.0,34.1,33.8,34.2,34.3,33.9,34.0,33.9,34.2,33.9,33.8,34.0,34.3,35.2,34.8,35.0,35.2,34.8,34.7,35.3,35.3,35.0,34.7,35.1,34.8,34.1,34.2,34.2,34.4,34.3,34.1,34.2,34.3,33.8,34.4,34.5,34.4,34.2,34.4,34.4,34.5,34.1,33.8,34.3,35.1,34.6,35.7,34.9,35.3,34.4,34.8,35.1,35.4,35.0,34.6,34.9,34.8,34.2,34.1,34.2,34.7,34.0,34.4,34.5,34.8,34.7,34.3,34.6,34.7,34.1,33.8,34.2,34.5,34.1,34.0,34.7,34.2,35.5,34.5,35.2,34.8,34.7,34.4,35.4,34.9,34.5,34.9,34.7,34.4,34.4,34.0,34.7,34.7,34.3,34.1,34.2,34.7,34.4,34.3,34.9,35.0,34.3,33.9,34.3,34.7,34.0,34.4,34.5,34.5,34.2,35.3,34.6,34.9,34.2,35.1,34.7,35.3,34.7,34.7,34.5,34.8,34.6,34.3,34.2,34.5,34.7,34.0,34.8,34.5,35.0,34.6,34.8,34.9,34.2,34.3,34.2,34.4,34.3,34.1,34.6,34.4,34.6,34.2,34.8,34.8,35.0,34.4,35.3,34.6,34.8,34.8,34.6,34.6,34.7,34.1,34.5,34.4,34.2,34.5,34.4,34.9,34.0,34.9,34.5,34.9
1785310504.2129874,751,34.5,33.6,34.3,34.0,33.5,33.4,33.6,33.7,33.2,33.4,33.5,33.5,33.4,33.4,33.6,33.6,33.2,33.5,33.4,33.8,33.4,33.5,33.5,33.5,33.4,33.3,33.9,33.3,33.4,33.7,33.7,34.3,34.3,34.2,33.9,34.0,33.9,33.6,33.1,33.8,33.5,33.4,33.4,33.2,33.0,33.4,33.1,33.4,33.2,33.0,33.5,33.4,33.3,33.1,33.8,33.6,33.4,33.0,33.4,34.1,33.8,33.4,33.2,34.2,33.9,34.3,34.0,34.0,33.7,33.7,33.4,33.5,32.9,33.4,33.4,33.3,33.0,33.2,33.3,33.2,33.2,33.2,33.5,33.6,33.2,33.3,33.5,33.5,33.2,33.4,33.6,33.3,33.6,33.7,33.8,34.1,34.0,33.7,33.8,34.3,33.6,33.8,33.3,33.5,33.1,32.9,33.5,33.4,33.1,33.1,33.4,33.3,33.4,33.2,33.3,33.7,33.7,33.5,33.2,33.6,33.5,33.6,33.1,33.4,33.0,33.1,33.5,34.1,33.8,33.5,34.0,34.1,33.8,33.4,33.7,33.4,32.8,33.2,33.1,33.6,33.1,33.3,33.4,33.3,33.2,33.2,32.9,33.4,33.1,33.2,33.7,33.5,33.2,33.4,33.5,33.7,33.1,33.5,33.7,33.9,33.9,33.6,33.7,34.0,33.7,33.6,33.8,33.5,32.9,33.3,33.1,33.1,33.0,33.1,33.4,33.6,33.3,33.1,33.4,33.6,33.6,32.9,33.3,33.7,33.1,33.1,33.6,33.7,33.2,33.4,33.4,33.6,33.6,33.8,34.2,34.2,33.5,34.0,33.8,33.7,33.0,33.4,33.4,33.5,32.9,33.2,33.4,33.6,33.3,33.1,33.5,33.5,33.4,33.4,33.5,33.2,33.4,33.3,33.7,33.6,33.5,33.7,33.6,34.0,33.5,33.5,33.6,33.7,33.9,33.8,33.4,33.6,33.1,33.0,33.2,33.4,33.2,33.3,33.3,33.5,33.0,32.9,33.3,33.4,33.3,33.0,33.6,33.6,33.2,33.2,33.7,33.3,33.3,33.3,33.5,34.1,33.5,33.8,33.6,34.2,33.4,33.8,33.9,33.8,33.2,33.5,33.3,33.5,33.0,33.1,33.5,33.8,33.3,33.3,33.1,33.3,33.3,33.5,33.4,33.6,33.1,33.2,33.5,33.4,33.3,33.6,34.1,34.0,33.9,33.8,33.7,33.8,33.4,33.3,33.5,34.0,33.5,32.9,33.1,33.4,33.2,33.2,33.2,33.4,33.3,33.0,33.1,33.4,33.4,32.7,33.6,33.5,33.3,33.3,33.3,33.4,33.6,33.6,33.6,33.7,33.7,33.8,33.9,33.7,33.4,33.9,33.7,34.0,33.4,33.5,33.3,33.4,32.8,33.3,33.4,33.3,33.0,33.5,33.4,33.2,33.0,33.3,33.4,33.3,33.1,33.2,33.6,33.9,33.2,33.6,33.6,33.7,33.9,33.7,33.8,33.6,33.4,33.2,33.5,33.9,33.3,33.2,33.3,33.8,33.1,33.2,33.2,33.7,33.3,33.2,33.0,33.5,33.5,33.2,33.1,33.3,33.2,33.3,33.5,33.4,33.7,33.1,33.5,33.6,34.3,33.8,33.9,34.1,33.7,33.9,33.3,33.9,33.0,33.2,33.2,33.6,33.3,33.3,33.3,34.0,33.3,33.2,33.7,33.5,33.5,33.7,33.6,33.6,33.2,33.3,33.6,33.7,33.4,33.6,34.2,33.8,33.9,33.5,33.8,33.9,33.6,33.4,33.7,33.6,33.3,33.6,33.4,33.8,33.1,33.4,33.1,33.8,33.2,33.6,33.2,33.7,33.2,33.4,33.5,34.2,33.4,33.8,33.5,33.6,33.5,33.1,33.3,34.0,33.6,34.2,34.1,34.3,33.4,33.4,33.9,34.1,33.9,33.9,33.8,33.8,33.5,33.3,33.8,33.7,33.7,33.6,34.9,34.5,34.9,33.8,35.6,34.3,35.2,33.9,33.8,34.0,33.2,33.6,33.8,34.0,34.0,33.8,33.9,33.9,33.2,33.3,33.9,34.1,33.5,33.8,33.7,33.8,33.4,33.7,33.5,34.1,33.9,35.0,34.1,35.7,34.0,34.7,34.3,35.2,34.6,34.1,34.0,34.5,33.5,33.5,33.7,34.3,34.1,33.6,34.0,34.2,33.5,33.5,34.0,34.0,34.2,34.4,35.4,34.1,34.4,34.1,34.7,34.1,34.6,34.5,34.9,34.5,34.2,34.3,34.2,34.2,33.6,33.9,34.1,34.3,33.8,33.6,34.0,34.1,33.9,33.7,33.6,33.7,33.7,33.7,33.9,34.1,34.1,35.0,34.3,35.5,34.1,nan,33.8,34.7,33.9,34.7,34.2,34.7,34.2,34.0,34.3,33.9,34.0,33.8,34.1,34.5,33.7,33.6,34.3,34.4,33.5,33.8,34.2,34.2,33.9,33.7,33.9,34.3,34.7,34.9,35.6,34.6,34.5,34.3,34.8,34.4,34.8,34.1,34.7,34.5,33.9,34.3,34.0,34.0,33.8,34.2,34.7,34.2,34.1,34.1,34.8,34.5,33.7,33.8,33.5,34.0,33.7,33.8,33.7,34.5,34.7,35.0,35.0,35.2,34.1,34.6,34.7,35.2,34.6,34.6,34.9,34.9,34.2,34.2,34.2,34.5,34.0,33.9,34.0,34.1,34.4,33.8,34.3,34.4,34.0,34.2,33.9,34.3,33.9,33.8,34.1,34.3,34.2,34.5,34.9,34.9,33.9,34.5,35.2,35.1,34.8,34.8,34.5,34.9,34.0,34.5,33.9,34.6,33.8,34.4,34.3,34.4,34.3,33.9,34.3,34.5,33.9,34.0,33.9,33.9,33.7,34.0,34.1,34.7,34.3,34.0,35.3,34.5,34.2,34.2,34.9,35.3,34.6,34.6,34.7,34.2,34.2,34.0,34.3,34.2,34.1,34.1,34.4,34.5,34.0,33.9,34.4,34.8,33.6,33.9,34.5,34.7,34.0,34.2,34.3,34.5,33.8,34.7,34.4,34.9,34.2,34.7,34.4,34.8,34.5,34.7,34.5,34.9,34.0,34.6,34.4,34.1,34.3,34.5,34.8,34.5,34.2,34.4,35.3,34.9,33.7,34.0,34.0,34.4,33.9,34.1,34.2,34.4,34.1,34.0,34.8,34.6,35.0,34.1,34.6,34.2,34.6,34.3,34.8,34.6,34.4,33.7,34.5,34.4,34.4,34.1,34.4,34.5,34.4,34.2,34.7,35.1
1785310509.3118017,753,35.0,33.8,34.5,33.8,33.7,33.6,34.1,33.7,33.8,33.2,33.7,33.5,34.0,33.2,33.7,33.6,33.8,33.3,33.4,33.8,33.8,33.6,33.6,34.1,33.8,33.5,33.7,34.0,34.1,33.4,34.2,34.1,34.3,34.2,33.9,34.7,33.4,34.1,33.5,33.8,33.3,33.7,33.7,33.8,33.5,33.9,33.3,33.7,32.8,33.5,33.6,33.2,33.3,33.9,33.2,34.0,33.6,33.8,33.6,33.9,34.0,34.0,33.7,34.7,34.6,34.3,34.2,34.0,34.1,33.3,33.8,33.4,33.7,33.2,33.2,33.7,33.7,32.8,33.5,33.5,33.4,33.2,33.5,33.6,33.7,33.4,33.8,33.5,33.9,33.4,33.6,33.7,34.0,33.5,34.0,34.1,34.0,34.4,34.3,34.3,33.1,34.0,33.5,34.1,33.2,33.5,33.7,33.9,32.7,33.8,33.2,33.6,33.3,33.3,33.5,33.5,33.6,33.6,33.7,33.9,33.5,33.7,33.3,34.2,33.4,34.1,33.9,34.4,34.0,33.9,34.0,34.1,33.6,33.4,33.5,33.5,33.8,33.1,33.6,33.6,33.6,33.0,33.6,33.3,33.5,33.2,33.4,33.7,33.8,33.2,33.7,33.6,34.1,33.6,33.3,33.7,33.9,33.1,33.9,33.9,33.6,34.3,33.9,34.0,33.5,34.1,33.6,33.7,33.3,33.6,33.4,33.6,33.2,33.5,33.5,33.6,33.4,33.6,33.4,33.4,33.2,33.4,33.4,33.8,33.3,33.9,33.8,33.7,33.2,34.0,33.8,34.2,34.7,33.8,34.6,34.0,33.9,33.4,33.8,33.7,33.7,33.2,33.2,33.6,33.8,33.0,33.7,33.4,33.4,33.1,33.4,33.8,33.6,33.2,33.6,33.3,34.1,33.3,33.8,33.3,34.0,33.3,34.0,33.8,33.7,34.6,34.0,34.1,33.3,34.2,33.5,33.6,33.1,33.6,33.6,33.7,33.5,33.3,33.6,34.0,33.0,33.6,33.6,33.5,33.3,33.8,33.4,33.5,33.7,33.7,33.3,33.8,33.5,34.1,33.7,34.2,34.3,33.5,34.2,34.4,34.1,33.6,33.7,33.7,33.8,32.9,33.5,33.6,33.6,33.1,33.8,33.6,33.7,33.3,33.4,33.6,33.7,33.1,33.4,33.5,34.0,33.2,33.7,33.8,33.9,33.5,33.9,34.0,34.1,34.2,33.9,34.0,33.5,34.1,33.6,33.6,33.1,33.5,33.4,33.8,33.0,33.5,33.5,33.3,33.3,33.5,33.3,33.7,33.3,33.5,33.6,33.6,33.6,33.8,33.6,33.9,33.6,34.0,33.6,33.7,34.6,33.6,33.9,33.6,34.0,33.9,33.7,34.1,33.5,33.3,33.5,33.6,33.6,33.5,33.4,33.8,33.9,33.0,33.7,33.6,33.6,33.3,33.7,33.2,33.5,33.1,33.4,33.7,33.9,33.2,34.4,33.3,34.1,34.1,34.0,34.0,33.5,34.1,33.6,33.9,33.3,33.4,33.6,33.5,33.2,33.7,33.5,33.7,33.4,33.7,33.3,33.5,33.4,33.5,33.4,34.0,33.4,34.0,33.7,33.8,33.3,34.0,33.8,33.8,34.2,34.0,34.1,34.1,34.3,33.7,33.9,33.4,33.7,33.2,33.3,33.5,33.8,33.2,33.5,33.8,33.6,33.3,33.7,33.7,34.0,33.5,34.1,33.6,33.7,33.3,33.9,33.7,34.1,33.4,34.0,33.9,34.1,33.9,34.2,34.0,33.3,34.3,33.8,34.1,33.4,33.8,33.6,33.6,33.2,33.4,33.4,33.7,33.1,33.7,33.7,33.9,33.0,33.5,33.7,33.8,33.6,34.0,33.7,34.1,33.4,33.8,33.6,34.4,34.7,34.2,34.3,34.1,33.9,33.7,34.1,34.1,33.5,33.2,33.7,33.8,34.1,33.3,33.6,33.6,33.7,33.6,33.6,33.8,33.7,33.3,33.9,33.9,33.7,33.5,33.6,33.8,34.1,33.1,33.9,34.1,34.0,34.4,33.7,34.3,33.7,34.0,34.1,34.1,33.0,33.6,33.7,33.7,33.1,33.6,33.5,33.6,33.2,33.9,33.6,33.9,33.4,34.1,34.0,33.7,33.4,33.8,33.7,34.1,33.5,33.7,34.2,34.1,34.7,33.8,33.9,34.4,34.1,33.5,34.1,33.8,34.0,33.5,33.4,33.6,34.1,33.1,33.7,34.0,33.6,33.6,33.8,33.9,33.9,33.1,33.7,33.9,34.2,33.4,33.8,33.9,34.3,33.2,34.2,33.9,33.8,34.7,33.8,34.5,33.5,34.2,34.0,34.2,33.3,34.0,33.3,33.8,33.4,nan,33.7,33.5,33.6,33.7,33.8,33.7,33.4,33.9,33.8,33.8,33.6,33.9,33.9,33.9,33.7,34.0,33.8,34.2,34.8,34.2,34.1,34.0,34.1,33.7,33.9,34.5,34.0,33.7,33.9,34.0,33.9,33.4,33.8,33.9,33.9,33.8,34.1,34.4,34.1,33.6,34.2,34.0,34.4,33.3,34.3,33.8,34.2,33.9,34.4,34.3,33.6,34.4,33.9,34.0,33.9,34.4,34.0,34.3,34.0,34.3,33.8,34.3,33.6,33.9,33.8,34.0,33.9,34.2,34.4,34.4,33.9,34.4,34.1,34.7,34.1,34.4,33.8,34.1,33.4,34.0,34.3,34.4,34.6,34.0,34.1,34.3,34.5,33.6,33.8,34.5,34.6,34.0,34.4,34.4,34.1,34.4,34.5,34.4,34.6,34.4,34.9,34.1,35.2,34.1,34.9,34.2,35.6,33.8,34.3,34.4,34.7,34.0,34.1,34.0,33.4,34.2,34.3,34.5,33.7,34.2,34.3,34.5,34.5,34.7,34.2,34.5,33.9,34.2,34.5,34.9,34.2,34.9,34.7,35.4,34.0,35.0,34.5,35.2,33.9,35.0,34.2,34.6,33.7,34.7,34.6,35.0,34.8,33.9,34.3,34.7,34.6,34.1,34.1,34.5,35.1,34.7,35.6,34.7,34.7,34.2,35.2,34.7,35.2,34.4,35.8,35.1,35.3,34.1,34.7,34.9,35.1,34.3,34.8,34.3,34.6,34.2,35.0,34.6,34.0,34.5,34.4,35.0,33.9,34.2,34.1,34.9,34.4,35.4,34.8,35.8,34.6,35.1,34.8,35.3,34.6,35.6,35.1,35.3,34.7,34.6,35.3,34.9,34.9,34.9,34.4,34.7,34.0,34.9,34.5,35.3
1785310511.862103,754,34.2,34.6,34.3,34.3,33.9,34.0,33.6,34.1,33.6,34.0,33.6,33.7,33.9,33.8,33.7,33.8,33.6,33.4,34.1,34.0,33.8,33.8,33.8,34.1,33.8,33.5,34.1,34.2,34.3,33.7,34.2,34.3,34.1,34.2,34.6,34.2,33.9,33.6,33.7,33.8,33.7,33.5,33.7,33.9,33.7,33.7,33.6,34.1,33.7,33.5,33.4,33.7,33.6,33.7,33.4,34.0,33.7,33.8,33.8,33.9,34.0,33.8,34.2,34.2,34.3,34.1,33.7,34.2,33.9,33.9,33.8,33.6,33.1,33.5,33.6,33.8,33.5,33.5,33.3,33.9,33.5,33.5,33.1,33.6,33.5,33.8,34.0,33.9,33.9,33.4,34.0,33.7,34.0,33.7,33.8,34.5,34.3,34.1,34.0,34.0,33.6,33.8,33.9,33.7,33.4,33.6,33.8,33.7,33.4,33.4,33.6,33.6,33.8,33.6,33.8,33.3,33.6,33.8,33.9,33.6,34.0,33.7,33.9,34.0,33.7,33.9,34.1,33.9,34.0,33.7,33.6,34.1,33.8,33.4,34.0,33.7,33.5,33.7,33.1,33.6,33.4,33.3,33.6,33.6,33.8,33.4,33.4,33.8,33.6,33.3,33.7,33.8,33.7,33.7,33.9,33.9,34.1,33.9,33.2,34.3,33.8,34.1,34.3,34.0,33.9,33.7,33.6,33.8,33.8,33.6,33.6,33.4,33.5,33.2,33.7,33.6,33.9,33.4,33.5,33.5,33.7,33.3,33.6,33.6,33.4,33.8,33.6,33.7,33.2,33.8,33.8,33.8,34.3,34.0,33.7,34.6,33.7,33.9,33.8,33.7,33.7,33.5,33.4,34.1,33.7,33.7,33.4,33.7,33.8,33.3,33.5,33.8,33.9,33.7,33.8,33.7,33.8,33.6,33.8,33.5,33.8,33.8,34.0,34.4,34.2,34.1,33.8,33.9,33.6,33.8,33.9,33.8,33.6,33.5,33.8,33.7,33.6,33.3,33.6,33.8,33.8,33.3,33.4,33.6,33.6,33.7,33.5,33.5,33.7,33.6,33.7,34.0,33.7,33.5,33.7,33.8,34.1,33.9,34.0,34.0,33.6,33.6,33.7,33.9,33.6,33.8,33.8,33.6,33.6,33.4,33.6,34.0,33.3,33.6,33.5,33.7,33.6,33.8,33.7,33.7,33.5,33.5,33.5,34.0,33.9,33.7,33.7,33.5,34.3,33.6,34.1,34.0,34.1,33.9,34.1,34.0,33.9,33.7,33.5,33.9,33.5,33.2,33.8,33.5,33.5,33.5,33.6,33.7,33.5,33.7,33.7,34.0,33.6,33.6,33.8,33.9,33.4,33.8,33.6,33.9,33.7,33.8,33.7,34.0,33.4,33.9,33.3,33.8,33.7,33.5,33.6,33.9,33.4,33.8,33.7,33.8,33.8,33.5,33.4,33.8,33.8,33.4,33.7,33.7,33.6,33.7,33.7,33.9,33.8,33.4,33.8,33.7,34.3,33.6,33.6,33.8,33.7,33.7,33.8,33.7,33.6,33.5,33.6,33.8,33.5,33.7,33.6,33.4,33.9,33.5,33.3,33.5,33.5,33.5,33.6,33.6,33.6,33.9,33.8,34.1,33.8,34.0,33.6,33.7,34.0,34.0,33.9,34.5,33.9,33.5,33.4,33.8,33.7,33.9,33.7,34.0,33.4,33.3,33.5,33.8,33.6,33.5,33.7,33.8,33.6,33.5,33.6,33.7,33.7,33.6,33.7,34.0,34.1,33.8,33.9,33.7,33.9,33.7,34.2,33.8,33.4,33.7,33.7,33.7,33.8,33.6,33.8,33.6,33.4,33.7,33.5,33.4,33.5,33.9,33.7,33.5,33.5,34.0,33.8,33.8,33.6,33.6,33.8,33.9,33.4,33.6,34.0,34.2,34.5,34.2,33.9,34.1,34.1,33.9,33.9,34.1,33.8,33.9,33.6,33.6,33.6,33.5,33.8,33.6,33.8,33.5,33.6,33.8,33.7,33.8,33.7,33.7,33.9,33.4,33.9,33.8,33.6,33.8,34.1,34.3,34.4,34.6,34.1,33.9,33.9,33.6,34.2,33.9,33.3,33.7,33.6,33.6,33.5,33.7,33.5,33.7,33.6,33.7,33.9,33.9,33.7,33.9,33.6,34.0,33.6,33.8,33.7,33.9,34.0,33.8,34.0,34.1,34.3,34.4,34.3,34.5,33.7,34.0,33.8,33.8,33.6,33.8,33.9,34.1,33.9,33.6,33.7,33.8,33.7,33.6,33.9,33.9,33.9,33.8,33.9,33.7,33.9,33.5,34.1,33.7,33.7,34.3,33.9,34.1,35.3,34.9,34.4,34.6,34.0,34.2,34.2,34.2,34.1,33.8,33.6,33.8,33.7,nan,33.5,33.5,33.7,33.6,33.8,33.7,33.7,33.7,33.8,33.8,33.6,33.9,33.7,34.1,33.9,33.8,34.0,34.6,35.2,35.0,35.1,35.3,34.6,35.3,34.6,35.5,34.3,34.7,33.8,34.5,33.6,33.6,33.9,33.9,33.6,33.9,33.9,33.8,33.7,33.9,33.7,33.8,33.8,33.5,34.3,34.4,33.9,33.9,34.0,33.9,34.9,35.5,35.3,35.1,35.2,34.7,35.6,34.8,35.2,34.5,35.0,33.9,34.4,33.9,34.0,34.0,33.7,33.7,33.9,33.9,33.5,33.7,33.8,34.0,33.8,34.1,34.0,33.9,33.4,33.6,34.3,34.2,35.5,35.7,35.4,35.9,34.8,35.1,34.8,35.4,34.7,34.7,34.2,35.6,33.9,35.3,33.8,34.1,33.9,33.7,33.8,34.1,33.8,33.7,34.0,33.8,34.0,34.2,33.9,34.4,34.1,33.8,34.5,34.4,35.2,35.5,35.6,35.3,35.2,34.6,35.0,34.8,34.6,34.3,34.9,34.3,34.9,33.8,34.5,34.2,34.0,33.7,33.6,34.4,33.8,33.8,34.1,34.0,33.7,34.1,33.8,34.1,33.9,34.1,34.2,34.5,35.4,35.5,35.2,36.0,34.8,35.3,34.8,35.0,34.7,34.3,34.3,34.5,34.0,34.4,34.0,34.6,34.0,33.9,34.0,34.4,34.0,34.2,34.1,34.1,34.3,34.1,34.4,34.1,34.2,33.7,34.6,34.6,35.6,35.6,35.9,35.0,35.1,34.6,35.1,34.9,34.4,34.2,34.8,34.6,34.2,34.2,34.4,34.0,33.9,34.1,34.0,34.3,33.6,33.8,34.0,34.4,34.0,33.9,34.0,34.5,34.0,34.6,34.7,34.6
1785310516.9551094,756,35.3,34.6,34.2,34.7,34.4,34.2,33.8,34.1,33.9,34.0,33.6,33.8,34.1,33.7,33.7,33.9,33.2,33.8,34.1,34.0,34.3,34.0,33.6,34.0,34.0,34.0,33.7,34.2,34.3,34.3,34.4,34.5,35.1,34.7,34.6,34.4,34.1,34.2,33.9,34.2,33.9,34.1,33.9,33.9,34.0,33.8,33.8,34.0,33.8,34.0,33.9,33.9,34.0,33.8,33.9,34.3,34.1,34.3,34.0,34.5,34.4,33.5,34.2,34.7,35.1,34.8,34.4,34.9,34.3,34.5,33.9,34.4,34.0,33.7,33.5,34.0,33.8,33.5,33.3,33.7,33.8,33.7,33.4,33.5,33.8,33.9,33.6,33.7,34.3,34.0,34.2,34.1,34.3,34.1,34.5,34.7,34.9,34.6,34.9,34.5,33.7,34.2,34.1,34.4,34.0,33.8,34.2,34.2,33.7,33.6,33.5,33.6,33.5,33.6,33.9,34.0,33.8,33.9,33.9,33.7,34.0,33.9,34.0,33.9,34.5,34.1,34.1,34.5,34.9,34.6,33.8,34.5,33.9,34.0,34.2,33.7,33.9,34.0,33.8,33.9,33.7,34.1,33.9,33.6,33.6,33.8,33.7,33.6,33.6,33.6,33.8,34.1,33.7,34.1,33.7,34.0,33.8,34.3,34.1,34.0,35.6,34.7,34.3,34.4,34.3,34.5,34.1,34.2,34.1,33.9,33.9,33.8,33.8,33.6,34.0,33.9,33.9,33.5,33.8,33.3,33.9,33.8,33.9,33.6,33.9,33.9,33.9,34.3,34.0,34.0,34.0,34.4,35.8,35.9,35.3,35.0,35.0,35.0,34.9,34.7,34.5,34.2,34.5,34.3,34.0,34.1,33.8,33.8,34.0,33.6,33.6,34.1,34.0,33.7,33.6,33.6,33.7,33.8,33.6,33.9,34.0,34.2,34.0,34.2,35.9,35.2,35.2,35.1,35.5,35.1,35.3,35.0,35.3,35.1,34.8,35.2,34.5,34.4,34.1,34.1,33.8,33.9,33.6,33.8,33.8,33.5,33.8,33.5,34.0,33.7,34.0,34.0,33.8,34.0,34.1,34.2,35.4,35.2,35.7,35.6,35.2,35.4,35.2,35.3,35.6,35.7,36.0,36.1,35.8,35.5,35.8,35.1,35.3,34.5,34.1,34.0,34.0,33.7,34.0,33.7,33.9,33.8,33.5,33.7,34.0,34.3,34.2,34.3,35.7,35.4,35.9,35.9,35.0,34.9,35.2,34.8,35.1,35.0,35.8,35.3,35.7,35.2,35.5,35.8,35.5,35.8,34.7,34.9,33.6,34.0,34.0,33.4,33.9,34.0,34.0,34.0,34.1,33.9,33.9,34.3,35.6,35.2,35.6,35.6,35.0,35.1,34.5,34.8,34.5,34.6,34.2,34.4,34.3,34.4,34.2,34.6,35.7,35.9,35.6,35.4,33.7,33.9,34.0,34.0,33.7,33.9,34.0,34.2,33.5,33.9,34.1,34.0,35.7,35.2,35.5,35.7,35.1,34.9,34.8,34.7,34.4,34.3,34.2,34.4,34.3,34.4,34.2,34.0,35.2,35.3,35.5,34.9,34.0,33.8,33.7,33.6,34.0,33.9,33.8,34.2,34.1,34.0,34.4,33.9,35.0,35.4,35.2,35.4,34.9,34.7,34.6,34.6,34.3,34.3,34.3,34.5,34.8,34.1,34.4,34.1,33.9,34.4,34.0,34.7,34.1,34.3,34.0,34.0,33.8,34.2,34.1,34.2,34.2,34.1,34.1,34.5,35.3,34.7,35.3,34.9,35.2,34.8,34.3,34.5,34.4,34.2,34.5,34.6,34.3,34.3,34.3,34.2,34.0,34.2,34.3,34.0,34.1,33.6,34.1,34.0,34.0,34.1,34.1,34.0,34.1,34.1,34.6,34.7,34.8,35.2,34.8,35.2,34.4,34.6,34.2,34.6,34.3,34.2,34.5,34.9,34.5,34.7,34.5,34.6,34.1,34.2,34.3,34.4,34.0,33.9,34.0,34.0,34.0,34.0,33.9,34.3,34.3,34.1,33.9,34.3,34.8,35.0,35.0,35.0,34.2,34.4,34.7,34.5,34.2,34.0,34.6,34.6,34.6,34.3,34.3,34.7,34.2,34.3,34.2,34.8,34.4,34.5,34.1,34.1,34.4,34.1,34.0,34.6,34.1,33.8,34.6,34.6,34.9,34.6,34.7,35.1,34.6,34.4,34.4,34.6,34.1,34.5,34.3,34.5,34.5,34.4,34.5,34.6,34.3,34.2,34.4,34.4,34.7,34.6,34.3,34.0,34.2,33.8,34.1,34.2,34.1,34.3,34.3,34.7,34.9,34.1,34.4,34.6,34.6,34.1,34.7,34.2,34.4,34.3,34.4,34.6,34.7,nan,34.1,34.5,34.5,34.5,34.6,34.7,34.5,34.5,34.4,34.6,34.1,34.2,34.2,34.4,34.4,34.1,34.4,34.8,35.3,34.8,34.5,34.9,34.6,34.6,34.4,34.6,34.6,34.6,34.7,34.7,34.5,34.5,34.7,34.2,34.5,34.2,34.5,34.9,34.5,34.7,34.6,34.5,34.7,34.7,34.6,34.5,34.2,34.3,34.4,35.1,35.1,34.6,34.6,34.7,34.6,34.5,34.3,34.4,34.8,34.6,34.5,34.6,34.5,34.7,34.6,34.8,34.3,34.5,34.5,34.4,34.7,34.5,34.6,34.8,34.6,34.4,34.5,34.6,34.5,34.1,34.7,34.7,35.7,35.5,34.5,34.9,34.8,34.3,34.8,34.6,34.7,34.5,34.7,35.0,34.7,34.9,34.7,34.9,34.4,34.2,34.3,34.5,34.3,34.6,34.5,34.7,34.9,34.9,34.6,34.9,35.0,34.6,34.9,34.6,35.4,35.9,34.9,34.9,34.4,34.7,34.8,34.8,34.6,34.6,34.5,34.6,34.8,34.8,34.8,35.2,34.7,34.3,34.3,34.5,34.3,34.3,34.8,34.6,34.6,34.6,34.5,35.0,34.7,34.5,35.0,35.4,35.6,35.5,35.8,35.7,34.8,34.9,34.4,34.8,34.5,35.0,34.5,34.5,34.8,34.8,34.7,34.9,34.5,34.5,34.6,35.1,34.3,34.6,34.5,34.5,34.8,34.7,35.0,34.7,35.0,34.8,35.2,35.7,35.3,35.6,36.3,36.3,35.7,35.4,34.7,34.9,34.4,34.3,34.6,34.4,34.7,34.9,34.9,34.5,34.4,34.5,34.5,34.8,34.5,34.5,34.5,34.7,34.9,34.6,34.8,35.1,34.6,35.4,34.9,35.7
1785310519.5179143,757,35.4,34.7,34.9,34.6,34.5,34.1,34.1,34.2,34.2,34.0,33.9,34.3,34.1,34.0,34.1,34.0,34.1,34.0,34.3,33.8,34.2,33.8,34.1,34.1,33.9,33.9,34.4,34.0,34.6,34.7,34.8,34.4,34.4,34.8,34.2,34.5,34.1,34.1,34.2,34.2,33.7,34.2,33.9,34.0,34.1,34.1,33.8,34.1,34.1,34.1,34.2,33.9,34.2,33.9,34.0,34.4,34.2,34.2,33.8,34.6,34.7,34.5,34.8,35.0,35.2,34.6,34.2,34.7,34.4,34.6,34.4,34.5,34.3,33.9,33.8,34.2,34.0,33.7,33.9,33.5,33.7,33.9,33.7,33.6,33.9,33.9,34.2,33.9,34.3,33.8,34.1,33.9,34.2,34.1,34.6,34.6,34.6,34.9,34.5,34.6,34.4,34.1,34.1,34.3,34.2,34.2,34.0,34.2,34.1,34.0,33.6,34.0,34.0,33.7,33.6,33.8,33.8,34.0,33.5,34.1,34.1,33.7,33.7,34.6,33.9,34.2,34.2,34.6,34.7,34.7,34.1,34.8,34.2,34.4,34.5,34.3,34.2,33.8,34.0,34.1,33.9,33.7,33.7,33.8,33.6,33.7,33.6,33.7,34.0,33.8,33.9,33.8,34.3,33.9,33.7,34.1,34.1,33.9,34.0,34.6,34.8,34.6,34.6,34.7,34.5,34.5,34.1,34.6,34.2,34.1,34.0,33.8,34.2,33.9,33.8,34.1,34.1,33.7,33.5,33.7,33.7,33.9,33.9,34.2,34.0,34.3,33.8,34.1,34.2,34.0,34.1,34.5,36.3,35.6,35.8,35.4,35.4,35.5,35.3,34.7,34.9,35.3,34.8,34.5,34.2,34.2,34.0,33.9,33.8,33.9,33.7,33.9,34.2,33.7,33.6,33.7,34.1,34.0,34.2,34.1,34.2,33.9,34.3,34.2,35.1,34.8,35.3,35.1,35.5,35.5,35.2,35.4,36.2,35.5,35.6,35.4,35.2,34.7,34.6,34.1,34.0,34.1,34.1,34.0,33.8,33.8,33.9,33.9,34.0,33.7,33.7,34.0,34.1,34.3,34.6,34.3,35.9,36.1,35.6,35.6,35.3,35.1,34.8,35.0,35.5,35.3,36.1,35.6,35.6,35.5,35.8,35.8,35.6,35.5,34.5,34.2,33.9,33.9,33.9,33.7,34.0,33.7,33.9,34.0,33.9,33.9,34.3,34.2,35.6,35.7,35.5,35.8,35.2,35.0,34.7,35.0,35.1,35.2,34.7,35.6,34.6,34.7,34.9,35.6,36.1,36.3,35.4,34.6,34.3,34.0,34.1,34.0,33.9,33.9,34.0,34.3,33.9,34.2,34.0,34.1,35.6,35.5,35.9,35.4,35.1,35.1,34.7,34.7,34.5,34.3,34.3,34.4,34.5,34.2,34.2,34.4,35.5,35.0,35.5,34.6,34.1,33.7,33.7,33.7,34.0,33.9,33.9,34.2,34.0,34.2,33.8,33.5,35.6,35.7,35.0,35.2,35.0,34.5,34.3,34.9,34.3,34.0,34.4,34.5,34.3,34.3,33.9,34.2,34.5,34.6,34.4,34.6,33.8,34.2,33.9,34.1,33.9,34.1,33.9,34.1,34.2,34.2,33.7,34.2,35.7,35.3,35.5,35.3,35.0,34.6,34.6,34.6,34.5,34.2,34.8,34.5,34.6,34.6,34.4,34.4,34.6,33.9,34.0,34.1,34.3,34.0,34.1,33.9,34.2,33.9,34.5,34.2,34.5,33.8,34.4,34.2,35.2,34.7,35.2,35.0,34.7,34.8,34.4,34.6,34.3,34.1,34.7,34.8,34.5,34.5,34.3,34.4,34.3,34.2,34.0,34.3,34.0,34.3,33.8,34.3,34.1,34.1,34.0,34.3,34.0,34.2,34.4,34.8,35.1,35.1,34.9,34.9,34.3,34.4,34.4,34.8,34.3,34.4,34.4,34.2,34.7,34.6,34.6,34.3,34.4,34.4,34.4,34.3,34.2,34.4,34.2,34.4,34.0,34.1,34.3,34.4,34.1,34.0,34.6,34.4,34.7,35.2,34.7,35.2,34.8,34.3,34.4,34.7,34.4,34.2,34.5,34.1,34.2,34.5,34.1,34.1,34.3,34.7,34.4,34.6,34.5,34.5,34.5,34.2,34.3,33.9,34.2,34.5,34.2,34.0,34.3,34.7,34.9,34.9,34.8,34.8,34.4,34.2,34.7,34.5,34.3,34.3,34.5,34.6,34.4,34.7,34.5,34.3,34.2,34.6,34.7,34.6,34.7,34.6,34.9,34.2,34.6,34.2,34.3,34.6,34.1,34.5,34.6,34.8,34.9,34.8,34.5,34.9,34.8,34.6,34.6,34.9,34.6,34.8,34.5,34.5,34.5,nan,34.1,34.2,34.5,34.2,34.5,34.5,34.7,34.8,34.6,34.7,34.7,34.3,34.2,34.3,34.4,34.6,34.5,34.8,35.2,34.7,34.6,34.6,34.7,34.6,34.3,34.8,34.5,34.5,34.9,34.7,34.6,34.6,34.7,34.3,34.1,34.1,34.4,34.6,34.4,34.4,34.7,34.7,34.7,34.6,34.9,34.6,34.3,34.5,34.9,34.8,35.4,34.9,34.3,34.8,34.6,34.8,34.4,34.8,34.8,34.8,34.5,34.8,34.9,34.5,34.7,34.7,34.7,34.4,34.4,34.6,34.4,34.3,34.7,34.9,34.5,34.4,34.6,34.8,34.8,34.6,34.5,34.6,36.0,35.3,34.8,34.8,34.7,34.6,35.1,34.7,34.4,34.2,34.7,34.7,34.9,34.8,34.7,34.8,34.8,34.2,34.3,34.6,34.2,34.1,34.6,34.2,34.9,34.7,34.7,34.9,35.3,34.9,35.6,35.1,35.9,36.2,35.0,34.8,34.7,34.4,34.5,34.7,34.6,34.7,34.7,34.8,34.5,34.9,34.5,34.7,34.7,34.5,34.3,34.4,34.2,34.3,34.5,34.7,34.4,34.8,34.6,34.8,34.8,34.9,35.3,35.4,36.2,36.0,36.1,36.5,35.2,35.0,34.9,34.9,34.4,34.5,34.5,34.4,34.7,34.7,35.1,34.4,34.5,34.2,34.9,34.9,34.7,34.8,34.7,34.7,34.7,34.3,35.0,34.6,35.0,34.8,35.7,35.6,35.4,35.9,36.0,36.4,35.5,35.6,34.7,34.7,34.4,34.7,34.4,34.9,34.6,34.8,34.9,34.7,34.2,34.4,34.9,35.0,35.1,34.6,34.5,34.6,34.6,34.7,34.2,34.9,34.6,35.3,34.7,35.6
1785310522.0551648,758,34.8,34.7,34.6,34.8,34.4,34.0,34.5,34.4,34.2,34.0,34.0,34.3,33.9,33.8,33.9,34.1,33.6,33.8,33.9,34.2,33.8,34.2,33.8,34.3,33.8,34.3,34.6,34.0,34.1,33.7,34.2,35.1,35.2,34.8,35.2,34.5,34.3,33.9,34.2,34.2,33.9,33.5,34.1,33.9,34.1,33.9,34.0,33.7,33.9,33.5,34.2,34.1,33.8,33.9,34.4,34.4,34.2,33.8,34.2,35.0,34.4,33.8,34.2,34.8,34.2,34.9,34.4,34.9,33.9,34.6,34.4,34.4,33.9,34.1,33.8,34.4,33.5,33.8,33.7,33.9,33.8,33.9,33.8,33.9,33.7,33.9,34.2,34.3,33.9,34.0,34.2,34.3,34.2,34.5,34.5,34.8,34.8,34.4,34.7,34.5,33.8,34.0,34.5,34.5,34.2,33.8,34.4,34.0,33.8,33.4,33.9,33.6,33.8,33.8,33.8,33.8,34.1,33.8,33.9,33.9,34.2,34.1,34.3,34.2,34.1,33.9,34.2,35.1,34.3,34.7,34.7,34.8,34.2,34.4,34.2,34.5,33.8,33.8,34.0,34.3,33.7,33.6,33.7,34.0,33.6,33.8,33.9,33.8,33.8,33.6,34.0,33.9,33.9,33.9,33.7,34.3,33.9,34.1,34.2,34.5,35.3,34.8,35.4,34.0,34.7,34.1,34.5,34.2,34.0,33.7,34.3,33.9,34.2,34.0,34.0,33.9,34.0,33.7,34.0,33.9,33.9,33.7,33.6,34.0,33.9,34.1,34.4,34.1,34.0,34.0,33.8,34.9,35.9,35.1,35.0,36.0,34.5,35.3,34.7,35.6,34.4,35.7,34.1,35.3,34.1,34.5,33.7,34.3,33.9,33.9,33.8,34.2,33.8,33.9,33.8,33.8,33.6,33.8,33.8,34.1,34.0,33.8,34.0,34.6,35.1,35.2,35.7,35.5,35.3,34.6,35.7,35.0,36.2,34.5,35.9,34.7,35.5,34.0,35.2,34.4,34.4,33.8,34.1,34.1,33.9,33.6,33.8,34.0,33.9,33.7,34.1,34.4,34.1,33.9,33.9,34.5,35.4,35.9,35.6,35.8,35.0,35.4,35.1,34.8,35.0,35.2,35.1,35.3,34.7,34.8,34.8,36.1,34.5,35.6,34.0,34.5,33.7,34.1,33.7,34.4,33.8,34.0,34.0,34.1,33.9,33.9,34.1,34.2,35.6,35.5,35.5,35.9,35.2,34.9,35.2,34.8,34.7,34.8,34.8,35.0,34.2,34.7,34.8,35.1,36.0,34.9,35.2,34.4,33.8,33.7,34.0,33.9,34.4,33.9,33.8,34.1,34.1,33.8,34.4,34.7,35.0,35.4,35.7,35.6,35.0,34.9,34.7,34.8,34.6,34.5,34.8,34.7,34.7,34.5,34.7,34.4,35.1,34.2,34.7,34.3,33.9,33.9,33.8,33.9,33.8,34.1,33.7,34.0,33.7,34.0,34.2,33.9,35.6,35.5,35.5,35.5,35.0,35.0,34.5,35.0,34.4,34.4,34.7,34.7,34.3,34.6,34.2,34.6,34.1,34.7,33.9,34.6,33.7,34.1,34.2,34.3,34.2,33.9,34.4,33.9,34.2,34.0,34.4,34.5,35.3,35.5,35.5,35.4,35.0,34.7,34.6,34.6,34.6,34.5,34.6,35.0,34.4,34.5,34.7,34.6,34.5,34.2,34.5,34.4,34.6,33.8,34.4,34.0,34.0,34.2,34.3,34.4,33.9,34.1,34.3,34.5,35.2,34.9,35.0,35.4,34.3,35.0,34.4,34.5,34.2,34.7,34.7,34.7,34.6,34.5,34.4,34.8,34.3,34.3,34.5,34.8,34.1,34.6,34.3,34.3,34.1,34.1,34.3,34.4,33.8,34.0,34.6,34.6,34.5,35.3,35.3,35.1,34.8,34.4,34.8,34.6,34.6,34.5,34.7,34.7,34.4,34.4,34.5,34.6,34.1,34.4,34.5,34.6,34.2,34.4,34.9,34.4,34.0,34.2,34.1,34.2,34.3,34.2,34.7,34.7,34.7,34.6,35.0,34.8,34.6,34.3,34.8,34.9,34.1,34.4,34.8,34.6,34.3,34.2,34.3,34.7,34.2,34.3,34.6,35.0,34.5,34.5,34.6,34.3,34.6,33.9,34.5,34.4,34.4,34.2,34.8,34.9,34.5,34.8,34.5,35.1,34.4,34.4,34.8,35.0,34.6,34.7,34.5,34.7,34.3,34.2,34.4,34.3,34.4,34.2,34.4,34.7,34.4,34.7,34.7,34.4,34.4,34.4,34.5,34.8,34.1,34.3,34.6,34.7,34.7,34.3,34.2,34.3,34.8,34.4,34.9,34.4,34.4,34.8,34.9,34.6,34.5,nan,34.3,34.5,34.2,34.5,34.6,34.8,34.6,34.3,34.6,34.7,34.5,34.1,34.6,34.3,34.4,34.0,34.8,34.8,35.0,35.1,35.0,35.0,34.1,34.6,34.6,34.8,34.5,34.7,34.3,34.7,34.4,34.7,34.6,34.9,34.2,34.1,34.5,34.6,34.0,34.6,34.7,34.4,34.5,34.4,34.7,35.1,34.2,34.7,35.0,35.1,35.2,35.1,34.9,34.9,34.4,34.6,34.4,35.0,34.8,34.5,34.7,34.8,34.9,34.5,34.8,34.8,34.5,34.5,34.3,34.7,34.8,34.3,34.6,34.8,34.6,34.2,34.9,35.0,34.5,34.7,35.3,35.0,35.5,35.7,35.0,35.1,34.6,34.6,34.8,34.8,34.5,34.1,34.7,35.2,34.2,34.6,34.7,34.7,34.4,34.2,34.5,34.7,34.3,34.8,34.4,34.9,34.5,34.4,34.5,35.3,34.9,34.9,35.2,35.5,35.4,35.5,35.4,35.4,34.4,34.6,35.0,35.0,34.6,34.3,34.5,34.6,34.5,34.7,34.7,34.9,34.5,34.3,34.8,34.9,34.5,34.1,34.5,34.7,34.6,34.4,34.7,35.0,34.3,34.5,35.5,35.2,35.0,36.2,36.1,36.2,35.2,35.1,34.8,34.8,34.3,34.7,34.9,34.9,34.7,34.5,34.9,34.9,34.5,34.5,35.2,34.9,34.7,34.9,34.7,34.5,34.5,34.9,35.2,35.1,35.0,34.6,35.5,35.3,36.0,35.6,36.4,36.1,35.9,35.4,34.7,34.7,34.2,34.7,34.6,34.9,34.9,34.6,34.9,34.5,34.7,34.7,34.9,35.3,34.7,34.5,34.7,35.1,34.6,34.5,35.0,34.9,34.6,35.1,35.6,35.8
1785310527.183624,760,34.3,34.7,33.8,33.8,33.5,33.8,33.6,33.5,33.6,33.8,33.4,33.5,33.6,33.4,33.3,33.6,33.2,33.4,33.3,33.6,33.4,33.6,33.2,33.7,33.6,33.7,34.1,33.8,33.9,33.5,33.7,33.9,34.4,34.0,34.4,34.0,33.7,33.6,33.3,33.6,33.5,33.5,33.3,33.2,33.7,33.5,33.6,33.5,33.3,33.2,33.8,33.7,33.8,33.1,33.4,33.8,33.3,33.0,33.4,33.7,33.8,33.8,33.5,34.3,34.2,34.1,34.0,34.0,33.5,33.5,33.4,33.6,33.3,33.4,33.6,33.4,32.9,33.3,33.1,33.7,33.1,33.5,33.5,33.5,33.3,33.7,33.6,33.5,33.5,33.4,33.4,33.5,33.8,33.9,34.1,33.9,34.0,33.9,34.0,33.8,32.7,33.2,32.9,33.7,33.6,33.1,33.5,34.0,33.4,33.1,33.2,33.3,33.6,33.3,33.6,33.8,33.6,33.6,33.5,33.7,33.8,33.7,33.3,33.8,33.7,33.7,33.9,33.9,34.2,34.0,33.6,34.1,33.4,33.6,32.9,33.5,32.9,33.3,32.9,33.4,33.2,33.5,33.2,33.4,33.3,33.5,33.0,33.5,33.6,33.5,33.1,33.6,33.5,33.7,33.1,33.5,33.3,33.5,33.0,34.3,34.1,33.6,33.9,34.0,33.5,33.3,33.5,33.4,33.3,33.2,33.4,33.3,33.3,33.0,33.5,33.5,33.4,33.4,33.2,33.4,33.9,33.3,33.2,33.5,33.4,33.2,33.8,33.5,33.4,33.4,33.8,33.8,33.8,33.8,33.3,34.0,33.5,33.2,33.6,33.5,33.3,33.2,33.4,33.6,33.5,33.1,33.2,33.3,33.4,33.2,33.3,33.6,33.3,33.2,33.3,33.5,33.2,33.6,33.6,33.5,33.4,33.2,33.8,34.0,34.0,33.5,33.6,33.5,33.3,33.6,33.7,33.6,33.6,33.3,33.4,33.5,33.3,33.1,33.4,33.6,33.0,33.1,33.4,33.5,33.4,33.4,33.7,33.0,33.5,33.5,33.3,34.0,33.7,33.5,33.9,33.6,33.9,34.2,33.8,33.8,33.7,33.7,33.5,33.7,33.1,33.6,33.6,33.6,33.7,33.6,33.4,33.4,33.5,33.6,33.3,33.2,33.4,32.9,33.2,33.5,33.6,33.3,33.3,33.6,33.7,33.7,33.7,34.0,34.1,34.0,33.7,33.8,33.5,33.3,33.4,33.6,33.6,33.5,33.3,33.7,33.1,33.1,33.6,33.5,33.8,33.3,33.2,33.3,33.3,33.2,33.4,33.4,33.4,33.4,33.4,33.3,33.5,33.4,33.4,33.7,34.1,33.8,33.9,33.6,33.4,34.0,33.3,33.8,33.3,33.8,33.4,33.5,33.5,33.9,33.5,33.6,33.6,33.3,33.2,33.4,33.4,33.5,33.3,33.5,33.3,33.4,33.2,33.5,33.6,33.6,33.6,33.5,34.5,33.4,33.8,34.0,33.7,33.4,33.8,33.6,33.4,33.5,33.7,33.6,33.6,33.3,33.6,33.5,33.7,33.2,33.4,33.3,33.5,33.5,33.5,33.8,33.5,33.2,33.5,33.4,33.6,33.3,33.6,33.5,34.5,35.2,33.7,34.1,34.1,34.2,33.7,34.4,33.6,34.2,33.6,34.3,34.0,34.1,33.7,34.1,33.8,33.7,33.5,33.8,33.7,33.6,33.5,33.7,33.1,33.7,33.4,33.6,33.7,33.6,33.9,33.9,35.8,35.1,34.6,33.8,34.1,34.3,34.7,34.4,34.4,34.4,34.4,34.6,34.9,35.1,34.9,34.8,34.7,34.2,34.3,34.1,33.8,33.5,33.9,33.6,33.5,33.6,33.6,33.7,33.6,33.4,33.6,33.8,36.2,36.1,35.3,36.0,34.8,34.6,34.9,35.3,34.6,34.7,35.2,35.5,35.6,35.5,35.6,35.7,35.0,35.5,35.3,35.5,35.8,35.2,35.2,35.0,33.5,33.7,33.6,34.0,33.7,33.6,33.7,33.9,36.1,35.8,36.2,35.2,34.8,34.6,34.9,35.1,34.7,34.9,34.9,35.4,35.3,35.1,34.9,35.1,35.1,35.0,34.5,35.5,35.4,36.1,35.9,35.5,34.6,33.6,33.8,33.9,33.6,33.3,33.8,34.3,36.0,35.9,35.1,35.3,34.6,34.7,35.0,34.8,35.0,35.1,34.7,34.9,34.7,34.5,34.0,34.2,33.7,33.9,33.7,34.2,35.0,35.1,35.0,34.7,34.2,34.0,33.6,34.4,33.5,33.7,33.8,34.1,35.5,35.6,35.0,34.4,34.6,34.7,34.7,34.9,35.1,35.1,35.1,34.9,35.0,nan,34.6,33.8,34.0,33.7,33.9,33.8,33.8,34.3,34.8,34.1,33.8,33.7,33.9,33.7,33.8,33.6,34.0,34.0,35.2,35.1,34.5,35.1,34.8,34.6,34.8,35.3,35.0,35.0,35.0,35.0,34.4,34.7,34.4,34.6,34.2,33.9,33.9,33.7,33.7,34.2,33.8,34.0,34.0,33.6,33.7,34.2,33.7,34.1,34.2,34.3,34.3,34.6,34.9,34.7,34.8,35.3,35.2,35.5,35.1,35.0,34.6,34.9,34.7,34.5,34.6,34.6,34.5,34.2,34.0,34.0,34.0,33.6,33.8,33.8,33.7,33.5,34.0,34.1,33.6,33.6,34.1,34.4,34.9,35.1,35.0,34.9,35.2,34.7,35.2,35.7,35.0,35.0,35.2,35.2,34.5,34.6,34.5,34.5,33.9,34.0,34.1,34.2,34.2,34.1,34.2,34.2,34.0,34.0,33.7,34.0,34.1,33.8,34.3,34.2,34.5,34.6,34.8,34.9,34.6,34.9,35.4,35.4,35.0,34.8,35.2,34.8,34.7,34.3,34.5,34.4,34.0,34.0,33.9,34.5,34.0,34.0,34.3,34.3,34.2,34.0,34.2,34.2,33.7,33.9,34.4,34.5,34.8,34.6,34.7,35.1,34.8,34.7,35.6,35.4,35.1,35.4,34.9,35.2,34.9,34.7,34.3,34.5,34.1,34.3,34.5,34.4,34.3,34.7,34.5,34.3,34.5,34.1,34.8,34.5,34.4,34.2,34.6,34.9,34.2,34.7,34.8,34.4,34.5,34.8,35.1,35.5,35.1,34.7,35.5,34.9,34.7,34.4,34.7,34.4,34.0,33.9,34.4,34.8,34.3,34.4,34.7,34.4,34.2,34.3,34.8,34.9,34.4,34.4,34.3,34.8
1785310529.878714,761,34.6,34.4,34.9,33.8,34.0,33.8,34.5,33.7,34.0,33.6,33.9,33.5,33.6,33.6,33.6,33.6,33.2,33.4,33.5,33.4,33.8,33.6,33.7,33.5,33.7,33.5,33.7,33.6,33.9,34.0,34.3,34.1,34.4,34.3,34.5,34.7,33.7,33.7,33.3,34.0,33.9,33.9,33.4,33.8,33.3,33.5,33.3,33.7,33.3,33.4,33.4,33.9,33.5,33.7,33.4,34.0,33.6,33.6,33.2,34.2,34.0,33.8,34.0,34.5,34.4,33.9,34.4,34.0,34.1,33.5,34.0,33.5,33.5,33.2,33.4,33.7,33.5,33.3,33.5,33.3,33.3,33.4,33.8,33.4,33.5,33.6,33.8,33.3,33.8,33.6,33.8,33.5,33.8,33.3,34.1,33.6,34.6,34.2,34.1,34.3,33.6,33.8,33.3,33.9,33.6,33.5,33.3,34.1,33.2,33.4,33.4,33.5,33.3,33.6,33.4,33.8,33.6,33.5,33.5,33.4,33.7,33.5,33.5,34.0,33.5,33.5,33.7,34.4,34.0,33.8,33.8,33.9,33.8,33.8,33.9,33.3,33.6,33.7,33.8,33.4,33.4,33.3,33.6,33.3,33.6,33.2,33.4,33.5,33.8,33.5,33.3,33.6,33.2,33.4,33.7,33.5,33.7,34.1,34.0,33.9,33.9,34.1,33.5,34.0,33.5,33.6,33.4,34.2,33.4,33.9,33.4,33.6,33.5,33.2,33.5,33.7,33.2,33.2,33.3,33.5,33.2,33.3,33.4,33.8,33.6,33.8,33.4,33.9,33.4,33.8,33.8,34.0,34.3,34.5,34.0,33.8,33.9,33.4,33.6,33.5,33.5,33.4,33.6,33.3,33.3,33.5,33.5,33.7,33.4,33.4,33.5,33.6,33.9,33.7,33.5,33.5,33.6,33.3,33.8,33.4,33.8,33.7,33.8,33.6,33.8,33.7,33.8,34.1,33.3,33.8,33.4,33.9,33.5,33.3,33.3,33.7,33.1,33.3,33.6,33.6,33.3,33.3,33.4,33.6,33.5,33.3,33.5,33.7,33.7,33.2,33.3,33.7,33.3,33.7,33.5,34.1,33.7,34.0,33.8,34.0,34.0,33.6,33.9,33.7,33.6,33.4,33.6,33.1,33.6,33.4,33.6,33.6,33.2,33.3,33.7,33.2,33.2,33.3,33.5,33.4,33.6,33.5,33.7,33.6,33.7,33.6,33.9,33.6,34.3,33.6,33.5,34.2,33.7,33.9,33.6,34.1,33.4,33.4,33.2,33.9,33.5,33.5,33.1,33.6,33.6,33.5,33.3,33.8,33.6,33.3,33.6,33.8,33.1,33.7,33.8,34.1,33.7,33.6,33.8,34.1,34.4,34.0,34.3,33.7,33.8,33.9,33.9,33.8,33.8,34.0,33.6,33.6,33.4,33.3,33.5,33.1,33.4,33.3,33.7,33.5,33.4,33.4,33.8,33.4,33.6,33.6,33.7,33.7,33.8,33.6,34.0,33.9,34.1,33.9,34.0,34.0,33.7,33.9,33.6,34.0,33.8,33.5,33.6,34.0,33.5,33.6,33.4,33.7,33.5,33.2,33.3,33.7,33.3,33.5,33.6,34.1,33.4,33.6,33.3,33.6,33.6,33.5,33.5,34.0,34.1,34.6,34.3,34.1,34.3,33.9,34.8,33.4,34.0,33.7,33.8,33.7,33.6,33.6,33.8,33.6,33.6,33.5,33.7,33.6,33.4,33.1,33.7,33.4,33.3,33.6,33.4,33.7,33.9,33.6,33.6,33.9,34.4,33.7,34.2,34.4,34.0,34.6,34.2,34.9,34.1,34.1,33.9,34.1,33.4,33.6,33.5,33.7,33.4,33.6,33.3,33.7,33.3,33.7,33.5,33.8,33.7,33.4,33.6,33.7,33.4,33.5,33.5,34.0,34.1,35.1,34.5,34.9,34.5,34.4,35.0,34.3,34.8,34.7,34.5,34.9,33.9,34.2,34.1,34.1,33.6,33.9,33.7,33.5,33.4,33.6,33.9,33.4,33.9,33.5,33.8,33.8,33.4,33.3,34.0,33.8,35.1,34.4,35.2,34.5,34.8,34.8,34.9,35.6,34.6,34.6,34.6,34.5,35.1,34.2,34.5,34.2,34.3,33.9,33.7,34.4,33.3,33.6,33.5,34.0,33.6,33.6,33.5,33.9,33.5,33.5,33.6,34.1,34.1,35.1,34.5,35.5,34.8,34.8,35.3,34.8,34.7,34.8,34.7,34.7,34.5,34.7,34.9,34.7,34.5,35.0,34.9,34.4,34.4,33.9,34.0,33.5,33.5,33.5,34.3,33.5,33.8,33.6,34.2,33.9,34.9,34.1,35.2,34.9,35.0,34.7,34.6,35.1,34.8,34.5,34.6,35.0,34.7,nan,34.0,35.1,34.5,35.0,34.8,35.0,34.3,34.3,34.0,34.3,33.8,33.6,33.5,33.9,33.5,33.2,33.7,34.0,34.4,34.7,34.8,34.8,34.7,35.0,35.0,35.4,34.3,35.0,34.9,35.0,35.2,34.6,35.4,34.2,35.2,33.9,35.2,34.4,34.7,33.9,35.0,33.8,34.5,34.0,34.5,33.8,33.5,33.8,34.0,33.9,34.3,34.5,34.9,34.8,34.6,35.1,34.7,35.0,35.0,34.6,34.5,35.3,34.4,35.3,34.3,35.3,33.9,34.9,34.0,35.1,33.9,34.7,33.6,34.8,33.6,34.2,33.7,34.5,33.6,33.8,34.3,34.4,34.7,34.7,35.0,35.0,34.9,34.8,35.2,35.4,34.7,34.9,35.4,34.7,35.2,34.6,35.2,34.1,34.9,34.1,35.0,34.4,34.5,34.1,34.5,34.0,34.5,33.8,34.9,34.4,34.1,33.9,34.6,34.3,34.1,34.5,34.6,34.8,34.8,34.8,35.2,35.2,35.0,34.7,35.1,35.5,34.4,35.2,34.2,35.6,34.2,34.4,34.7,34.7,34.2,34.3,34.1,34.7,33.9,34.4,34.0,35.0,34.0,34.1,34.2,34.6,34.6,34.6,34.5,34.7,34.8,35.2,35.2,35.2,34.9,34.7,35.6,34.6,35.2,34.5,35.4,34.7,34.2,34.2,34.7,34.6,34.5,34.4,34.7,34.5,34.3,34.3,34.8,34.3,34.2,34.0,34.6,34.4,34.2,34.5,34.4,34.8,34.5,34.8,34.2,35.5,34.8,35.3,34.8,35.4,34.1,35.1,34.2,35.1,34.0,34.6,34.4,34.6,34.5,34.4,34.2,34.6,34.6,34.3,34.4,34.7,34.2,34.3,34.7,34.6
1785310532.3429923,762,34.3,33.9,34.1,34.1,33.5,33.8,33.4,34.0,33.2,33.4,33.1,33.7,33.0,33.2,33.2,33.8,33.2,33.1,33.3,33.6,33.2,32.9,33.1,33.5,32.8,33.1,33.5,33.6,33.4,33.3,33.7,33.9,33.9,33.8,34.7,34.0,33.7,33.0,33.5,33.6,33.1,33.2,33.7,33.4,33.1,33.0,33.4,33.3,32.8,33.0,33.6,33.4,32.9,33.1,33.8,33.8,33.2,33.4,33.6,34.1,33.3,33.1,33.8,33.8,33.7,33.7,33.5,34.0,33.1,33.7,33.4,33.7,33.1,33.0,33.0,33.7,33.1,33.0,33.3,33.2,33.2,33.0,33.3,33.2,33.3,33.2,33.1,33.7,33.4,33.0,33.2,33.7,33.6,32.8,33.6,34.1,33.6,33.7,33.8,33.9,33.6,33.2,33.5,33.7,33.2,32.5,33.1,33.3,33.1,33.2,33.2,33.4,33.3,33.1,33.4,33.3,33.3,33.3,33.2,33.6,33.7,33.1,33.1,33.4,33.3,33.3,33.5,33.9,33.5,34.0,33.6,34.1,33.6,33.6,33.9,33.7,33.1,33.1,33.1,33.6,33.1,33.1,33.2,33.5,33.3,33.3,33.2,33.2,33.4,33.0,33.5,33.4,33.4,33.2,33.3,33.5,33.5,33.1,33.9,33.7,33.7,33.4,34.1,33.8,33.7,33.4,33.6,33.5,32.9,33.2,33.6,33.1,33.0,33.2,33.3,33.7,33.1,33.0,33.3,33.2,33.2,33.3,33.4,33.5,33.1,33.4,33.4,33.5,33.2,33.2,33.4,33.4,33.6,33.4,33.9,34.2,33.5,33.4,33.3,33.7,33.0,33.0,33.4,33.3,33.2,33.2,33.3,33.7,33.1,33.3,33.0,33.8,33.5,33.2,33.6,33.5,33.4,32.8,33.3,33.5,33.4,33.1,33.6,34.0,33.6,33.5,34.0,33.7,33.3,33.1,33.5,33.4,33.1,32.9,33.5,33.2,33.1,32.9,33.1,33.3,33.2,32.8,33.3,33.5,33.1,33.2,33.5,33.0,33.2,33.0,33.3,33.6,33.1,33.3,33.5,33.6,33.5,33.6,33.4,34.2,33.2,33.4,33.0,33.6,33.1,33.3,33.3,33.3,33.2,33.3,33.2,33.4,32.9,33.3,33.3,33.4,33.4,32.9,33.3,33.5,33.3,33.0,33.3,33.6,33.3,33.4,33.3,33.8,33.9,33.8,33.7,33.8,33.3,33.3,33.8,33.4,33.3,32.8,33.3,33.4,32.8,33.1,33.6,33.1,33.1,32.8,33.6,33.2,33.0,33.0,33.2,33.3,33.4,33.2,33.5,33.7,33.4,33.6,33.6,33.7,33.5,33.6,33.7,34.0,33.6,33.7,32.8,33.8,33.0,33.3,33.1,33.6,33.1,33.1,33.0,33.5,33.1,33.1,33.2,33.5,33.6,33.1,33.3,33.6,33.1,33.0,33.4,33.7,33.6,33.4,33.4,33.7,33.7,33.5,33.6,33.8,33.4,33.4,33.5,33.1,33.0,32.7,33.4,33.1,33.2,33.2,33.3,33.7,32.9,33.0,33.1,33.3,33.0,33.3,33.4,33.4,32.9,33.4,33.5,33.6,33.3,33.3,33.6,33.5,33.6,33.8,33.9,34.1,33.3,33.1,33.4,33.9,33.3,33.0,33.1,33.8,33.2,33.0,33.1,33.6,33.3,32.7,33.2,33.6,33.3,33.0,33.7,33.7,33.5,32.9,33.4,33.5,33.2,33.6,33.4,33.7,33.5,33.3,33.8,33.6,33.4,33.2,33.5,33.3,33.4,33.1,33.4,33.4,33.2,33.1,33.2,33.5,33.0,33.1,33.2,33.7,33.0,33.5,33.3,33.5,33.0,33.8,33.5,33.3,33.3,33.6,33.5,33.8,33.4,33.4,33.7,33.7,33.6,33.5,33.7,33.7,33.1,33.5,33.5,34.1,33.4,33.6,33.4,33.5,33.3,33.3,33.4,33.6,33.4,33.4,33.5,33.4,33.7,33.2,33.4,34.0,33.6,32.9,33.7,33.7,33.2,33.8,33.7,33.7,33.5,33.4,33.9,33.5,33.3,33.1,33.6,33.6,33.5,33.4,33.3,33.9,33.5,33.7,33.6,34.0,33.2,33.7,33.6,33.5,33.4,33.4,33.7,33.9,33.1,33.1,33.6,33.9,33.6,33.8,33.9,34.0,34.1,33.5,34.1,34.3,33.8,33.5,34.0,33.9,34.0,33.7,34.7,34.1,34.4,33.9,34.4,34.1,34.5,33.4,33.7,34.0,33.7,33.5,33.6,34.0,33.7,33.6,33.8,33.9,33.4,33.3,33.6,34.1,33.9,34.5,34.6,34.4,33.4,33.9,33.9,34.6,34.0,nan,34.3,35.0,34.5,34.5,35.3,34.7,34.5,34.8,35.0,33.8,33.3,33.4,33.9,33.4,33.7,33.4,34.1,34.0,33.7,34.0,33.9,34.4,34.8,34.0,35.7,35.9,34.2,34.8,34.7,34.9,34.9,34.9,35.0,35.2,34.5,34.7,33.9,34.9,34.4,34.9,34.3,35.1,33.6,33.6,33.9,34.0,33.9,33.6,33.6,34.5,33.7,33.8,33.7,34.3,34.3,34.7,35.3,35.7,35.2,34.3,34.8,34.8,34.4,34.5,35.3,35.0,34.5,34.0,34.7,34.2,33.7,34.0,34.5,34.0,33.6,33.5,33.7,33.9,33.4,33.6,33.7,34.2,34.0,33.8,33.9,34.3,34.5,34.2,35.2,35.6,34.5,34.8,35.4,35.1,34.7,34.8,35.0,34.9,34.1,34.4,34.0,34.4,34.0,33.9,34.4,34.4,34.0,33.8,34.1,34.2,34.3,33.7,34.3,34.2,33.4,33.8,34.4,34.1,33.9,34.6,35.0,35.0,35.0,34.6,34.7,35.3,34.7,34.8,35.2,35.0,34.3,34.0,34.3,34.4,33.6,34.0,34.5,33.8,33.7,33.9,34.2,34.4,33.6,33.7,34.7,34.8,33.9,33.7,34.1,34.5,34.2,34.2,34.7,35.0,34.7,34.7,34.9,34.9,34.7,35.0,34.7,35.3,34.0,34.0,34.3,34.7,33.8,34.1,34.5,34.3,33.9,34.3,34.6,34.7,34.0,34.2,34.8,35.1,33.8,33.8,34.2,34.4,33.9,34.0,34.3,34.9,34.0,34.3,34.8,35.1,35.1,34.7,35.3,34.4,34.2,34.2,34.6,34.6,33.8,34.0,34.5,34.2,34.2,33.9,34.2,34.5,33.8,34.2,34.7,34.6
1785310534.945055,763,34.3,33.9,33.4,33.6,34.0,33.8,33.9,34.0,33.6,33.8,33.1,33.5,33.0,33.2,33.4,33.4,33.4,33.2,33.5,33.6,33.6,33.3,33.3,33.5,33.2,33.3,33.5,33.6,33.9,33.5,33.7,34.1,34.4,34.0,34.0,34.0,33.7,33.4,34.2,33.6,33.5,33.2,33.2,33.4,33.0,33.2,33.8,33.1,33.2,33.4,33.6,33.7,33.1,33.3,33.4,33.4,33.6,33.8,33.6,33.7,33.6,33.6,33.5,33.8,34.2,34.4,33.5,33.8,34.1,33.5,33.8,33.8,33.3,33.2,33.2,33.5,33.3,33.1,33.1,33.3,33.2,33.0,33.1,33.2,33.5,33.2,33.1,33.5,33.6,33.4,33.4,33.3,33.4,33.5,33.2,33.9,34.1,34.0,33.8,34.1,33.6,33.6,33.5,33.7,33.4,33.5,33.3,33.3,33.1,33.4,33.0,33.3,32.8,33.3,33.4,33.5,33.8,33.4,33.3,33.2,33.5,33.5,33.3,33.6,33.3,33.5,33.7,33.7,34.0,34.4,33.8,33.9,33.8,33.2,33.7,33.5,33.5,33.3,33.3,33.2,33.2,33.0,33.0,33.0,33.5,33.2,33.1,33.5,33.4,33.5,33.5,33.6,33.5,33.4,33.1,33.9,33.5,33.3,33.3,33.9,34.1,34.1,33.7,33.6,33.5,33.8,33.8,33.6,33.4,33.2,33.6,33.4,33.2,33.3,33.3,33.2,33.1,33.0,33.3,33.2,33.5,33.3,33.4,33.5,33.4,33.6,33.4,33.5,33.4,33.4,33.8,33.4,34.5,34.5,33.8,34.0,33.9,33.4,34.0,33.8,33.3,33.5,33.1,33.3,33.3,33.0,33.4,33.2,33.4,32.8,32.8,33.6,33.4,33.2,33.3,33.3,33.4,33.5,33.3,33.3,33.2,33.5,33.4,33.6,33.8,33.7,34.0,33.5,33.1,33.5,33.7,33.8,33.3,33.3,33.3,33.0,33.4,33.2,33.3,33.1,33.0,33.1,33.3,33.3,33.0,33.4,33.3,33.4,33.5,33.4,33.3,33.6,33.7,33.7,33.7,33.6,33.7,34.0,33.6,34.0,33.6,33.2,33.5,33.6,33.6,33.3,33.5,33.5,33.2,33.1,33.1,33.5,33.2,33.3,33.2,33.2,33.2,33.1,33.2,33.3,33.5,33.4,33.3,33.6,33.7,33.2,33.3,33.8,33.9,34.0,34.1,33.2,33.5,33.3,33.8,33.6,33.2,33.2,33.5,33.4,33.3,33.1,33.4,33.3,33.5,33.3,33.4,33.5,33.5,33.2,33.6,33.5,33.2,33.4,33.3,33.7,33.4,33.4,34.0,33.7,34.0,33.8,33.9,33.4,33.8,33.5,33.3,33.6,33.7,33.7,33.3,33.6,33.2,33.4,33.2,33.6,33.6,33.5,33.1,33.5,33.8,33.2,33.5,33.7,33.6,33.5,33.4,33.5,33.8,33.2,33.4,33.5,33.7,33.5,33.8,33.8,33.2,33.6,33.6,33.8,33.6,33.5,33.7,33.6,33.5,33.5,33.4,33.5,33.7,33.3,33.8,33.3,33.7,33.3,33.9,33.8,33.9,33.4,33.8,33.6,33.4,33.8,33.6,33.8,33.6,33.6,33.5,33.7,33.7,33.3,33.4,33.6,33.7,34.2,33.5,34.7,33.7,33.9,33.6,34.4,34.2,34.2,33.9,35.4,34.2,35.2,34.4,34.7,34.3,35.2,33.6,34.6,33.4,33.6,33.6,33.7,33.7,33.5,34.0,33.8,33.2,33.7,33.5,34.0,34.2,34.4,35.7,33.9,34.3,34.0,34.6,33.9,34.5,34.5,34.9,34.3,35.1,34.2,34.5,34.3,34.4,34.4,34.9,33.7,33.6,33.5,33.8,34.0,33.9,33.8,33.7,33.7,33.8,33.4,34.3,34.1,35.1,34.8,34.4,36.2,34.4,34.5,34.7,34.4,34.7,34.9,34.9,34.9,34.2,33.9,34.5,33.9,34.7,33.7,33.8,34.0,33.6,33.6,33.6,33.9,33.6,34.0,33.9,34.1,33.4,33.8,33.7,34.9,34.1,35.5,35.4,34.6,35.0,34.5,34.4,34.7,34.8,35.1,34.9,35.0,34.0,34.3,34.0,35.0,34.1,34.1,33.7,34.1,33.4,34.0,34.0,34.1,33.7,33.6,33.9,34.0,33.9,33.5,34.5,33.9,35.3,33.7,34.7,34.5,35.0,34.2,35.2,35.1,35.0,34.9,34.2,34.6,34.2,33.9,34.2,34.0,34.5,33.7,33.9,34.4,33.9,34.1,33.8,34.3,33.6,33.7,33.6,34.1,33.7,33.6,34.0,34.6,33.8,35.3,34.3,34.3,34.2,nan,34.4,34.8,34.8,34.2,34.8,34.2,34.1,34.0,34.1,34.0,34.3,34.1,34.2,33.8,34.1,34.0,34.5,34.4,34.1,33.6,33.6,34.0,34.1,33.3,34.3,34.1,34.5,34.2,34.3,34.4,34.6,33.9,34.9,34.6,34.7,34.6,34.4,34.6,34.1,33.8,34.2,34.0,34.2,33.8,34.5,34.4,34.2,34.1,34.2,34.7,33.7,33.8,34.1,33.6,33.5,33.6,33.5,34.3,33.4,34.3,34.0,34.4,34.2,34.5,34.3,35.0,35.0,34.7,34.7,34.1,34.0,34.2,34.3,34.3,33.9,33.9,34.2,34.3,33.8,34.0,34.3,34.0,34.2,34.2,33.5,33.9,33.9,33.6,34.1,33.9,34.0,33.3,34.2,34.2,34.5,34.6,35.0,34.4,34.6,33.9,34.2,34.6,34.2,33.9,34.0,34.0,34.2,34.2,34.3,34.4,34.5,34.1,34.1,34.5,33.4,33.8,33.7,33.9,33.7,34.2,33.7,34.1,33.9,34.1,34.2,34.4,34.2,34.5,34.5,34.7,33.8,34.2,34.1,34.2,34.0,34.2,34.5,34.3,34.3,34.4,34.2,34.3,34.1,34.1,34.2,34.3,33.9,33.5,33.9,34.1,33.6,33.6,33.9,34.1,34.0,33.6,34.2,34.2,34.5,34.3,34.4,35.1,34.2,34.2,34.2,34.4,34.0,34.0,34.3,34.3,34.7,34.1,34.6,34.7,34.4,34.4,34.4,34.9,33.3,33.8,34.0,34.0,33.5,33.8,33.6,34.4,33.5,34.2,33.9,34.7,34.2,34.6,35.5,34.5,34.9,34.6,34.2,34.1,33.6,33.8,34.1,34.0,34.0,34.3,34.2,34.3,34.2,34.5,34.7,34.9
1785310537.3674438,764,34.0,33.5,34.0,34.2,33.5,33.9,33.6,33.2,33.3,33.1,33.4,33.4,33.5,33.3,33.3,33.7,33.0,33.1,33.5,33.3,33.5,33.2,33.4,33.8,33.2,33.4,33.4,33.7,34.3,33.4,33.7,34.0,34.0,33.7,34.4,33.7,33.4,33.6,33.6,33.5,33.2,33.3,33.1,33.3,32.9,33.1,33.1,33.4,32.9,33.1,33.5,33.3,33.0,32.9,33.5,33.5,33.5,33.1,33.5,33.4,33.9,33.3,33.7,33.9,33.8,33.8,33.7,34.4,33.6,33.8,33.3,33.9,32.8,33.1,33.1,33.5,32.5,33.0,33.1,33.2,32.7,33.3,33.4,33.4,33.4,33.1,33.4,33.2,33.5,33.3,33.1,33.2,33.7,33.4,33.3,33.8,33.0,33.4,33.5,34.0,33.5,33.3,33.6,33.4,33.1,32.5,33.0,32.7,32.9,33.0,33.1,33.0,33.2,32.9,33.5,33.4,33.0,33.0,33.4,33.1,33.0,33.1,33.2,33.7,33.4,33.2,33.6,33.8,33.5,33.4,33.3,33.8,33.3,33.7,33.2,33.8,33.4,33.0,32.8,33.5,32.7,33.2,32.6,33.4,33.4,32.9,33.1,33.2,33.4,33.0,33.1,33.7,33.1,33.3,33.3,33.8,33.2,33.2,33.2,33.8,34.0,33.3,34.0,33.7,33.6,33.5,34.0,33.2,33.0,33.2,33.1,33.2,32.9,33.1,33.0,33.3,33.0,33.1,33.4,33.3,33.3,33.1,33.1,33.0,32.8,33.0,33.1,33.5,33.3,33.1,33.9,33.5,33.8,33.7,34.1,33.7,33.5,33.5,33.6,33.7,33.4,33.4,33.3,33.3,33.6,32.9,33.3,33.4,33.0,33.3,33.2,33.2,33.3,32.9,33.4,33.4,33.0,33.0,33.4,33.2,33.4,33.2,33.1,33.7,33.4,33.2,33.5,33.8,33.2,33.2,33.6,33.5,32.8,33.2,33.2,33.6,32.8,33.0,33.3,33.5,32.9,33.2,33.2,33.6,33.2,33.3,33.1,33.4,33.4,33.1,33.4,33.6,33.2,33.4,33.6,33.8,33.4,33.7,33.3,33.7,33.5,33.5,33.6,33.6,33.4,33.3,33.5,33.7,33.3,32.8,33.6,33.8,34.0,33.5,34.6,33.3,34.7,33.1,34.9,33.4,33.9,33.2,33.6,33.5,33.2,33.1,33.4,33.5,33.1,33.3,33.6,33.7,33.2,33.4,33.5,33.7,33.3,33.1,33.6,33.6,32.9,33.5,33.5,34.4,33.4,34.8,33.5,34.8,33.0,34.4,33.8,34.9,33.3,33.8,33.5,33.8,33.4,33.3,33.3,33.4,33.5,33.5,33.4,33.7,33.5,33.2,34.3,33.7,34.9,33.4,34.2,33.6,34.4,33.2,34.6,33.8,34.8,34.0,34.3,34.5,33.4,34.4,34.1,34.9,33.5,34.1,33.3,33.9,33.5,33.1,33.7,33.2,33.8,33.6,33.7,33.5,33.3,33.5,33.9,35.1,33.7,34.9,33.5,34.4,33.7,34.5,34.0,34.8,34.4,34.2,34.9,34.2,34.8,33.4,34.8,33.9,34.9,33.5,33.7,33.5,33.3,33.4,33.3,33.9,33.8,33.5,33.5,33.8,33.4,33.7,34.2,34.5,35.4,35.0,34.2,34.5,34.3,34.3,34.6,34.8,34.5,34.8,33.6,34.6,33.7,33.7,34.0,33.9,33.8,34.0,34.0,33.7,34.0,33.5,33.9,33.8,33.6,33.2,33.7,33.8,33.3,33.5,33.9,34.3,35.1,35.0,35.1,34.2,34.2,34.9,34.7,34.6,34.2,34.3,34.2,33.9,33.7,33.7,33.9,34.2,33.4,33.5,34.1,34.0,33.3,33.7,33.9,33.9,33.6,33.7,33.8,33.6,33.5,33.2,33.8,34.7,33.9,35.5,34.4,34.9,34.3,34.3,34.6,34.9,34.2,34.3,33.8,34.5,33.8,33.7,34.0,33.9,33.9,33.8,33.9,33.9,33.7,33.5,34.1,34.4,33.5,33.7,34.0,33.8,33.2,33.5,34.1,33.8,34.6,34.2,34.7,34.0,34.4,34.3,34.5,34.8,34.2,34.3,34.1,34.1,33.9,33.9,34.2,33.9,34.1,33.7,33.9,34.2,33.7,33.8,33.9,34.6,33.4,33.3,33.5,33.9,33.4,33.2,33.7,34.0,33.7,34.0,33.8,34.4,33.9,34.3,34.5,35.0,34.3,34.6,34.1,34.5,33.8,33.7,33.8,34.3,34.0,33.8,33.8,34.3,34.0,34.0,34.1,34.2,33.5,33.2,33.3,33.4,33.6,33.4,33.7,33.6,33.7,33.7,34.3,34.2,33.8,nan,34.7,34.1,34.7,33.8,34.0,34.0,33.7,33.6,34.0,33.9,33.3,34.0,33.9,33.9,33.9,33.5,34.3,34.5,33.6,33.7,33.7,34.3,33.6,33.6,33.8,34.0,33.6,33.9,34.3,34.3,34.0,34.1,34.0,34.3,33.8,34.3,34.0,34.0,33.8,33.8,33.9,34.1,33.7,33.9,34.2,34.5,34.2,33.8,35.0,34.6,33.6,33.7,33.6,33.7,33.4,33.6,33.5,34.0,33.7,33.4,34.2,34.0,33.6,34.1,34.4,33.9,33.9,33.8,34.1,34.3,33.6,33.7,33.9,34.1,33.8,33.6,34.3,33.6,33.7,33.9,34.4,34.5,33.9,33.9,33.4,33.8,33.8,33.7,33.9,34.0,33.6,33.7,34.3,34.4,34.6,33.8,34.8,34.3,33.7,33.6,33.7,34.0,33.6,33.5,34.1,33.9,33.6,34.1,33.8,34.3,34.0,34.0,34.1,34.1,33.5,33.5,34.0,33.6,33.6,33.3,33.8,34.0,33.6,33.4,34.1,34.0,34.2,34.9,34.4,35.5,33.4,33.9,34.0,34.3,33.9,33.4,34.4,33.7,33.4,33.8,34.1,34.2,34.0,33.9,34.3,34.7,34.0,33.6,33.3,34.0,33.3,33.5,33.6,33.6,33.4,33.7,33.7,34.1,33.7,34.8,34.3,35.1,34.6,33.9,35.7,33.7,35.0,33.9,33.7,34.0,33.7,33.5,34.3,34.2,34.1,33.7,34.3,34.8,33.4,33.3,34.1,33.7,33.2,33.2,33.8,33.7,33.4,33.3,33.8,34.0,34.1,34.0,35.3,33.9,34.8,34.3,34.4,35.4,34.1,35.0,34.2,34.3,33.7,33.9,34.3,34.0,33.9,33.5,34.2,34.3
1785310539.9737504,765,34.3,33.7,33.6,34.1,33.6,33.4,33.2,33.3,33.2,33.7,33.3,33.5,33.4,33.1,33.2,33.4,33.2,33.3,33.4,33.6,33.2,33.3,33.1,33.3,33.7,33.5,33.3,33.8,33.5,33.5,33.8,33.7,33.6,33.8,34.2,34.0,33.3,33.2,33.3,33.6,32.7,33.4,33.2,33.6,33.4,33.4,33.3,33.5,33.2,33.0,33.6,33.4,33.3,33.5,33.2,33.5,33.4,33.2,33.8,33.3,33.4,33.0,33.8,34.1,33.9,33.9,33.8,34.3,33.5,33.5,33.2,33.1,32.9,33.2,33.3,33.5,33.5,33.0,33.0,33.4,33.0,33.2,33.0,33.0,33.4,33.3,33.5,33.5,33.6,33.1,33.1,33.5,33.8,33.3,33.9,34.1,33.1,33.0,33.6,34.3,33.6,33.2,33.1,33.0,33.1,33.1,33.0,33.4,32.9,32.9,33.2,32.9,33.0,33.3,33.3,33.2,33.1,33.0,33.4,33.6,33.0,33.4,32.9,33.6,33.3,33.3,33.5,33.7,33.6,33.3,33.6,34.1,33.4,33.5,33.7,33.4,33.3,33.2,33.0,33.6,33.3,33.2,33.1,33.3,33.3,33.5,33.1,33.2,33.1,33.3,33.0,33.3,33.2,33.4,33.6,33.5,33.5,33.3,33.3,33.7,33.7,33.7,33.5,34.1,33.4,33.4,33.2,33.5,32.8,32.9,33.3,33.1,33.0,33.0,33.4,33.4,33.4,33.2,33.4,33.2,33.4,33.2,33.2,33.3,33.1,33.3,33.2,33.6,33.4,33.2,33.6,33.6,33.9,33.2,33.2,33.6,33.4,33.2,33.5,33.7,33.2,33.4,33.4,33.6,33.2,33.7,33.2,34.2,33.4,33.9,33.0,34.4,33.7,34.5,33.3,33.5,33.4,33.3,33.3,33.4,33.3,33.5,33.7,33.8,33.4,33.1,33.2,33.6,33.3,33.5,33.6,33.3,33.5,33.0,33.5,33.7,33.5,33.3,34.3,33.6,34.6,33.6,34.4,34.0,34.8,33.9,34.4,33.6,33.4,33.2,33.4,33.3,33.1,33.1,33.3,33.9,33.5,33.4,33.6,33.9,33.8,34.2,33.4,34.1,33.7,33.4,33.7,34.3,33.9,34.2,34.9,35.2,35.2,34.4,34.5,33.7,35.0,34.1,34.9,33.4,33.3,33.0,33.5,33.4,33.7,33.6,33.5,33.6,33.7,33.4,34.2,33.8,33.9,33.5,35.0,33.6,34.1,33.9,34.2,34.6,34.1,34.3,34.7,35.3,34.3,34.4,33.6,34.0,33.8,34.5,33.6,33.6,33.2,33.3,33.3,33.7,33.6,33.2,33.2,33.7,33.6,33.4,33.7,33.9,34.4,35.0,35.3,35.7,34.3,34.3,34.3,34.7,34.7,34.7,34.5,34.4,34.6,33.8,33.6,33.8,33.6,33.8,33.4,33.7,33.6,33.7,33.4,33.9,33.6,33.4,33.8,33.9,33.7,33.5,33.8,33.6,34.1,34.5,35.6,35.7,34.5,34.6,34.4,34.3,34.6,34.6,34.1,34.2,34.0,33.8,33.5,33.8,33.7,33.9,33.7,33.8,33.9,33.8,33.9,33.8,33.8,33.3,33.9,33.6,33.9,33.6,33.8,33.9,34.5,33.7,35.3,34.6,34.9,34.0,34.5,34.5,34.9,34.6,34.3,34.3,34.0,33.8,33.6,33.8,34.0,34.0,34.1,34.1,34.2,33.8,33.9,34.2,34.1,33.4,34.2,34.4,33.5,33.5,33.7,34.1,33.6,34.3,34.4,34.9,34.1,34.1,34.8,34.8,34.3,34.5,34.5,34.5,33.9,33.7,33.7,33.9,33.5,34.0,34.0,33.8,33.7,33.8,33.7,34.1,33.5,33.7,33.7,34.2,33.9,33.6,33.7,34.0,33.8,33.4,33.9,34.5,34.2,34.2,34.4,34.4,34.7,34.4,34.4,34.4,33.7,33.6,33.6,33.8,33.6,33.9,33.9,34.1,33.7,33.6,34.1,33.6,33.8,33.5,34.2,33.8,33.4,33.8,33.7,33.5,33.2,33.6,33.9,34.1,33.6,33.9,33.8,34.5,34.2,34.4,34.0,34.4,33.6,34.1,33.6,34.1,33.7,33.7,33.8,34.2,33.9,33.8,33.9,34.1,33.5,33.7,33.9,33.9,33.5,33.8,33.8,33.6,33.5,33.5,33.8,34.1,34.0,33.8,33.7,34.2,34.4,33.6,34.1,33.8,33.8,33.6,33.9,33.9,33.9,34.0,33.9,33.9,34.1,33.9,34.0,33.9,34.0,34.0,34.0,34.0,33.2,33.5,34.1,33.3,33.5,33.1,33.7,33.5,33.8,33.8,33.8,34.0,33.9,nan,33.5,33.9,33.6,33.4,33.5,33.9,33.9,33.7,34.0,34.0,33.7,33.9,33.7,34.1,33.7,33.8,34.3,34.3,33.5,33.6,33.8,33.8,33.6,33.5,33.8,34.1,34.0,34.0,34.2,34.9,33.9,34.3,33.8,33.8,33.8,33.5,33.9,33.8,33.9,33.8,33.7,33.5,34.0,33.7,34.1,34.0,33.9,34.2,34.1,34.6,33.0,33.8,33.3,34.0,33.9,33.7,33.3,33.8,33.8,33.8,34.4,35.0,34.9,34.4,34.3,33.8,33.9,33.4,33.9,33.6,33.7,34.0,33.5,34.0,33.3,33.7,33.5,33.9,33.4,34.0,33.9,34.4,34.0,34.0,33.1,33.7,33.5,33.3,33.8,33.6,33.7,33.7,34.6,34.6,35.1,34.8,34.9,35.1,34.1,35.1,34.0,34.6,33.5,33.6,33.9,33.9,33.7,33.7,33.9,33.8,34.3,33.7,33.9,34.1,33.2,33.4,33.8,33.5,33.5,33.5,33.4,34.0,33.3,33.6,34.0,34.1,33.9,34.9,34.2,35.3,35.2,34.9,35.4,34.6,34.0,33.5,33.8,33.6,33.6,33.9,33.4,34.5,34.0,33.6,34.0,34.4,33.2,33.3,33.5,33.7,33.6,33.4,33.5,33.3,33.5,33.5,34.0,33.7,34.0,33.5,34.2,34.4,34.9,34.2,35.8,35.3,34.6,33.9,34.0,33.8,34.0,33.4,34.0,34.0,34.0,34.2,34.2,34.7,33.1,33.6,33.5,33.6,33.3,33.5,33.2,33.6,33.3,33.6,33.5,33.9,33.4,33.9,33.7,33.9,33.9,34.6,34.4,35.5,33.8,33.7,33.6,33.8,33.8,33.6,33.5,34.0,33.6,33.9,34.5,34.7
1785310542.492303,766,34.1,33.9,33.9,33.8,33.6,33.6,33.7,33.3,33.4,33.4,33.1,33.3,33.8,33.6,33.6,33.4,33.4,33.2,33.6,33.6,33.8,33.1,33.5,33.3,33.5,33.5,33.3,33.8,33.9,34.2,33.8,33.4,33.9,33.8,34.4,34.0,34.1,33.4,33.7,33.6,33.3,33.6,33.5,33.4,33.5,33.3,33.4,33.5,33.3,33.9,33.6,33.4,33.6,33.7,33.4,33.8,33.4,33.4,33.6,33.7,34.0,33.6,33.5,33.8,33.4,34.1,33.5,34.0,33.5,34.1,33.6,33.8,33.7,33.4,33.0,33.6,33.5,33.7,33.5,33.7,33.9,33.5,34.0,33.9,34.7,33.7,33.4,33.3,34.0,33.4,33.6,33.5,33.8,33.7,33.6,33.4,34.1,33.7,33.8,33.2,33.6,33.6,33.9,33.7,33.6,32.9,33.7,33.7,33.7,33.8,33.7,34.3,34.2,34.7,34.8,35.4,35.3,35.0,33.7,33.4,34.0,33.2,33.1,33.6,33.5,33.7,33.5,33.7,33.3,33.7,33.6,34.1,33.8,34.0,33.7,33.7,33.8,34.0,34.2,34.1,34.8,35.1,35.1,34.8,34.5,34.5,33.6,34.3,34.5,34.6,33.5,33.8,33.4,33.5,33.3,33.1,33.3,33.3,33.5,33.9,33.4,33.4,33.9,34.0,34.3,34.7,33.7,34.0,34.1,34.5,34.4,34.6,34.7,34.7,35.0,34.7,33.9,33.9,33.7,33.7,33.9,33.3,33.4,33.3,33.6,33.6,33.4,34.1,33.4,33.6,33.4,34.0,34.1,34.0,33.6,34.4,35.1,35.4,35.3,35.1,34.2,34.4,34.6,34.6,34.6,34.6,34.0,34.2,33.7,33.9,33.7,33.7,33.9,33.9,33.8,33.8,33.6,33.6,33.8,33.7,33.6,33.6,33.8,34.0,33.5,33.7,34.0,33.9,35.0,35.5,35.3,34.8,34.5,34.1,34.5,34.7,34.4,34.5,34.1,34.1,34.1,33.5,33.7,34.1,33.9,33.6,33.8,34.0,33.9,34.1,33.9,33.7,33.7,33.9,33.7,33.9,33.5,33.5,33.6,34.4,34.5,35.0,34.9,34.8,34.5,34.4,34.8,34.8,34.5,34.4,34.1,34.3,33.7,33.7,33.5,34.0,34.0,33.9,33.7,33.8,33.6,33.5,33.7,33.9,33.9,34.1,34.3,34.4,34.1,33.8,33.9,33.8,34.2,34.1,34.7,34.3,34.6,34.5,34.8,35.1,34.6,34.6,34.4,34.3,33.8,33.6,33.4,34.0,33.8,33.7,33.7,33.8,33.9,33.9,33.8,34.1,33.9,33.6,33.8,33.9,34.0,33.4,33.7,33.8,33.8,34.2,34.0,34.5,34.3,34.1,34.5,35.0,34.4,34.4,33.9,33.9,33.8,33.9,33.6,33.6,33.6,33.7,33.5,33.9,33.8,33.9,33.4,34.0,33.6,33.8,33.8,33.7,33.7,33.5,33.6,33.8,33.4,33.7,34.3,34.2,34.1,34.0,34.2,34.3,34.4,34.3,34.1,33.7,33.7,33.5,33.8,33.7,33.6,33.8,33.7,34.1,34.0,34.3,34.0,33.8,33.8,33.7,33.8,33.8,33.4,33.8,33.5,33.9,33.9,33.8,33.8,34.1,34.0,33.8,33.5,34.0,34.1,33.7,33.8,33.9,33.6,33.8,33.6,33.9,33.6,33.9,33.9,34.0,33.8,34.1,33.9,33.8,34.5,34.0,34.2,33.7,33.5,33.5,33.2,33.5,33.6,33.6,33.7,33.7,34.4,33.6,33.6,34.0,33.8,33.6,33.7,33.7,33.7,33.7,33.7,33.5,33.8,33.7,33.8,33.7,33.9,33.6,33.8,33.9,34.3,33.6,33.8,34.4,33.9,34.0,33.3,33.5,33.9,33.3,33.6,33.7,34.0,34.5,34.7,34.4,33.9,33.6,33.3,33.6,33.6,33.6,33.9,33.8,33.4,33.8,33.4,33.5,33.9,34.0,33.6,34.0,33.6,34.0,34.2,34.3,33.8,33.6,33.9,33.5,33.3,33.4,33.9,33.7,34.1,34.2,34.9,35.3,34.5,34.0,33.5,33.6,33.5,33.9,33.7,33.9,33.8,33.7,33.8,33.8,33.6,33.6,33.8,34.1,33.6,33.9,34.0,34.3,33.2,33.6,33.8,34.0,33.3,33.5,33.4,33.8,33.5,34.0,34.2,35.0,35.2,35.2,35.0,34.6,34.9,34.2,33.9,33.9,33.6,33.6,33.5,33.7,33.7,33.7,33.8,33.7,33.8,33.9,33.8,33.7,33.6,33.3,33.2,33.7,33.5,33.3,33.7,33.7,33.6,33.8,33.9,34.1,34.8,nan,35.2,35.3,35.1,35.3,34.1,34.4,33.8,33.5,33.8,33.5,33.4,33.6,33.9,33.9,34.0,33.6,33.8,34.0,33.7,33.4,33.6,33.6,33.5,33.5,33.0,33.6,33.3,33.6,33.7,33.7,33.4,33.7,33.9,34.2,35.0,35.4,35.4,34.9,33.7,33.9,33.7,33.6,33.6,33.6,33.8,34.0,33.7,33.7,33.6,33.9,33.4,33.2,33.2,33.4,33.5,33.3,33.3,33.4,33.4,33.1,32.9,33.6,33.9,33.5,34.0,33.8,34.3,34.5,34.8,34.6,33.8,33.7,33.6,33.8,33.4,33.5,33.6,33.7,33.8,33.4,33.9,34.0,33.3,33.8,33.3,33.9,33.3,33.6,33.2,33.6,33.3,33.4,33.3,33.5,33.0,33.2,33.2,33.7,33.1,33.4,33.6,33.5,33.9,33.7,33.8,33.6,33.6,33.4,33.7,34.2,34.1,34.1,33.7,34.2,33.6,33.8,33.7,33.9,33.3,33.4,33.4,33.8,33.4,33.6,33.5,33.4,33.1,33.5,33.5,33.5,33.3,33.0,33.4,33.7,33.5,33.5,33.9,33.3,33.3,33.5,33.8,33.9,33.9,33.7,34.2,34.3,33.7,33.7,33.7,33.9,33.4,34.0,33.7,33.7,33.3,33.6,33.6,33.8,33.5,33.3,33.5,33.5,33.1,33.5,33.4,33.5,33.5,33.5,33.2,33.2,33.6,33.6,33.6,33.7,33.8,34.2,34.2,34.2,33.5,33.4,33.3,34.0,33.1,33.7,33.6,33.8,33.5,33.4,33.5,33.7,33.7,33.4,33.3,33.3,33.5,33.4,33.5,33.7,33.6,33.3,33.4,33.5,33.6,33.6,33.4,33.7,33.8,33.8,33.8,34.4
1785310545.1459503,767,34.0,33.9,33.9,34.1,34.0,33.2,33.2,33.7,33.6,33.0,33.7,33.5,33.8,33.4,33.5,33.6,33.0,33.4,33.4,33.4,33.6,33.1,33.3,33.5,33.8,33.5,33.7,33.4,33.9,33.7,34.0,33.9,33.9,34.0,34.0,34.0,33.2,33.9,33.3,33.8,33.1,33.7,33.5,33.9,32.6,33.7,33.4,33.7,33.3,33.4,33.6,33.7,33.3,33.7,33.2,33.4,33.2,33.8,33.4,33.9,33.8,33.4,34.3,34.0,33.9,33.9,34.0,34.3,33.5,33.5,33.8,33.4,33.9,33.4,33.2,33.6,33.6,33.3,33.5,33.5,34.2,33.4,33.7,33.4,34.6,33.2,33.4,33.7,33.6,33.0,33.4,33.5,34.2,33.3,33.6,34.1,33.3,33.7,34.1,34.3,33.4,33.4,33.5,33.7,33.2,33.7,33.5,33.5,33.2,33.9,33.7,34.7,33.7,34.7,33.8,35.4,33.6,34.7,33.3,33.6,33.1,33.5,33.5,33.6,33.3,33.7,34.0,33.9,33.8,33.3,33.4,33.7,34.2,33.0,33.7,33.7,33.8,33.3,34.2,33.6,35.4,33.8,35.2,34.5,34.3,34.2,33.9,34.7,34.5,34.0,33.7,33.6,33.5,33.2,33.3,33.9,33.7,33.3,33.7,33.9,33.4,33.9,34.1,34.0,33.5,35.1,33.9,34.0,33.4,34.6,33.8,35.0,34.2,35.0,34.7,34.7,34.7,33.7,35.0,33.9,34.7,33.5,33.7,33.8,33.2,33.8,33.6,33.7,33.6,33.8,34.0,33.8,34.5,33.4,34.4,34.4,35.2,34.0,35.6,34.0,34.7,34.2,34.6,34.4,34.6,34.8,34.2,35.0,34.2,33.6,33.5,34.4,34.2,33.7,33.6,33.7,34.1,33.3,33.6,33.5,34.0,33.5,34.0,33.8,33.3,34.2,33.8,34.5,34.6,35.7,34.8,34.8,34.3,34.5,34.6,34.9,34.7,34.4,34.4,34.3,33.5,33.8,33.6,34.1,33.9,33.7,33.7,33.9,33.7,33.9,33.3,34.2,33.5,33.7,33.7,34.1,33.9,34.0,33.8,34.6,34.7,35.6,34.9,35.0,34.8,34.3,35.1,35.0,34.7,34.1,34.2,34.3,33.7,33.6,34.0,33.7,34.2,33.2,33.7,33.9,33.8,33.2,33.7,34.0,34.0,33.4,34.1,33.6,33.7,33.8,34.7,34.4,35.0,34.0,35.0,34.7,34.4,34.7,35.0,34.7,33.9,34.7,34.2,34.1,33.6,33.8,34.2,33.8,33.6,34.0,34.0,34.0,33.9,34.1,34.0,33.9,33.4,33.8,34.0,33.9,34.2,33.8,33.9,34.2,34.1,34.4,34.2,34.5,34.3,34.6,34.4,34.9,34.5,34.4,33.9,33.8,34.1,33.6,33.9,33.9,33.9,33.6,33.8,33.7,33.6,33.9,33.9,34.1,33.9,34.0,33.4,34.1,33.7,33.5,34.0,33.6,33.5,33.9,34.3,34.2,34.3,34.0,34.7,34.8,34.1,34.4,33.9,33.8,33.7,33.8,33.6,34.0,34.0,34.1,33.5,34.3,33.5,33.8,33.7,33.9,33.6,33.8,33.6,34.2,33.4,33.8,33.9,34.1,33.9,33.8,34.3,34.1,33.8,34.0,33.6,34.7,34.1,34.1,34.1,34.1,33.9,33.4,33.9,34.1,34.2,33.8,34.4,34.1,34.0,33.6,33.9,34.0,34.1,33.4,33.8,34.1,33.3,33.5,33.8,34.0,33.2,33.9,34.0,34.0,33.7,33.9,34.4,33.9,34.0,33.9,33.8,33.7,33.5,34.0,34.0,34.0,33.5,33.7,34.3,34.3,33.9,33.9,34.0,34.1,33.4,34.0,33.6,34.4,33.9,33.8,33.7,33.9,33.9,33.9,33.7,34.4,34.3,33.8,34.9,34.4,34.1,33.8,33.7,33.9,33.8,33.6,33.9,34.1,33.7,33.8,33.9,33.9,33.9,33.7,33.9,34.2,34.1,33.6,34.2,34.7,33.4,33.8,33.7,33.5,33.5,33.6,34.2,34.0,33.8,34.7,34.0,35.4,33.5,34.2,33.5,33.9,33.4,33.7,33.7,33.9,33.6,33.5,33.8,33.7,33.7,33.6,34.0,34.3,33.6,34.2,34.0,34.5,33.7,33.8,33.7,34.0,33.7,33.7,33.8,33.9,34.0,34.3,34.5,34.7,35.5,34.1,35.0,33.8,34.8,33.6,34.1,33.8,33.7,33.3,33.9,33.7,33.7,33.3,33.6,34.0,33.9,33.9,34.2,34.5,33.4,33.5,33.2,33.5,33.3,33.3,33.7,33.7,34.1,33.8,35.1,34.3,34.2,nan,34.1,35.4,33.7,35.3,33.8,34.0,33.7,33.8,33.6,33.5,33.6,33.6,34.0,33.9,33.7,33.8,34.2,34.4,33.7,33.4,33.1,33.8,33.3,33.3,33.4,33.9,33.6,33.5,33.7,34.9,33.6,34.5,34.2,35.1,34.9,34.7,35.0,34.3,33.7,33.8,34.0,33.8,33.8,33.6,33.7,34.2,33.7,33.7,34.0,34.3,33.2,33.8,33.3,33.4,33.5,33.6,33.6,33.2,33.6,33.3,34.2,33.8,34.1,33.9,35.1,33.8,35.3,34.5,34.7,34.2,33.5,33.8,34.0,34.0,33.2,33.7,33.8,33.7,33.6,34.2,34.1,34.2,34.0,33.6,33.9,33.7,33.3,33.2,33.8,33.8,33.5,33.3,33.3,33.8,33.5,33.6,33.3,34.7,33.7,34.7,33.8,34.2,33.3,33.7,33.6,33.8,33.6,33.8,33.9,34.4,34.3,33.9,33.7,34.5,32.7,33.6,33.5,33.7,33.3,33.6,33.4,33.8,33.2,33.3,33.7,33.4,33.3,33.2,33.8,33.7,34.2,33.2,34.3,33.9,33.6,33.5,33.9,33.6,33.4,33.7,33.8,34.1,33.9,33.9,34.4,34.1,34.1,33.9,33.6,33.9,33.6,33.6,33.5,33.5,33.4,33.2,33.6,33.7,33.5,33.5,33.3,33.7,33.6,33.3,33.8,34.0,33.6,33.7,33.2,33.8,34.1,33.8,33.6,34.1,34.0,34.2,34.1,34.4,33.3,33.8,33.7,34.0,33.3,33.8,34.0,34.2,33.5,33.8,33.5,33.7,33.3,33.7,33.3,33.5,33.0,33.7,33.7,33.5,33.5,33.7,33.8,33.6,33.4,33.7,34.0,33.9,33.6,34.2,34.1,34.4
1785310547.540621,768,34.9,33.9,34.4,34.1,33.3,33.6,33.9,33.3,33.6,33.4,33.5,33.5,33.4,33.2,33.4,33.4,33.6,33.3,33.6,33.4,33.8,33.3,33.3,33.3,34.1,33.3,33.5,33.4,33.9,33.3,33.8,33.6,33.9,34.3,34.5,34.2,33.5,33.7,33.3,33.8,33.5,34.0,33.7,33.4,33.5,33.5,33.4,33.3,33.2,33.7,33.6,33.4,33.1,33.7,33.2,33.6,33.2,34.0,33.6,33.7,33.3,33.4,33.5,34.0,34.2,34.2,33.8,34.0,33.5,33.3,33.4,33.7,33.3,33.2,33.4,33.7,33.7,33.3,33.2,33.4,32.7,33.2,33.3,33.4,33.2,33.2,33.6,33.2,33.8,33.4,33.4,33.5,34.0,33.5,33.4,34.1,33.6,34.0,33.8,33.4,33.6,33.8,33.5,33.5,33.3,33.1,33.3,33.7,33.2,33.3,33.4,33.1,33.2,33.3,33.6,33.3,33.3,33.5,33.4,33.8,33.3,33.4,33.5,34.2,33.5,33.7,33.7,33.5,33.6,34.2,33.4,33.7,33.8,33.4,33.3,33.5,33.5,33.3,33.6,33.6,33.4,33.8,33.2,33.5,33.1,33.2,33.4,33.5,33.3,33.7,33.3,33.4,33.2,33.6,33.5,33.7,33.7,33.5,33.3,33.7,33.7,33.7,33.9,34.0,33.5,34.0,33.8,33.3,33.3,33.8,33.4,33.5,33.5,33.7,33.7,33.6,33.7,33.5,34.0,33.5,33.9,33.3,33.4,33.5,33.1,33.4,33.6,33.5,33.4,33.4,33.4,33.8,34.1,33.6,34.0,34.0,33.5,33.6,33.6,34.0,33.7,33.7,33.6,34.0,33.5,34.0,33.2,34.7,33.4,34.2,33.7,34.9,33.7,34.4,33.5,33.8,33.6,33.3,33.3,33.5,33.8,33.7,33.6,33.8,33.3,34.0,34.0,33.7,33.7,33.8,33.9,33.2,33.6,33.6,34.1,33.9,34.2,33.4,34.9,33.9,34.4,33.6,34.7,34.1,34.6,34.2,33.7,33.4,33.4,33.9,33.7,33.5,33.5,33.5,33.7,33.9,33.5,33.8,33.2,34.4,33.8,34.9,33.7,34.4,33.3,34.1,33.8,34.8,34.1,34.9,34.8,34.8,35.5,34.1,34.7,34.0,35.3,33.7,34.2,33.5,33.6,33.2,33.7,33.8,33.7,33.6,33.9,33.6,33.7,33.8,34.3,34.0,34.6,34.2,35.0,34.0,34.4,34.2,34.8,34.6,34.4,35.0,34.7,35.2,33.8,34.4,33.8,34.3,33.8,34.5,33.7,33.6,33.6,33.6,33.8,33.7,33.4,33.6,33.6,33.9,34.0,33.8,33.7,34.4,34.7,35.8,35.3,34.8,34.3,34.7,34.8,35.0,34.7,34.4,34.5,34.3,33.9,33.8,33.6,33.9,34.2,33.7,33.8,34.1,33.8,33.9,33.4,33.9,33.8,34.0,33.8,33.7,33.7,33.7,34.0,34.0,35.0,35.3,35.0,35.4,34.4,34.2,34.9,35.1,34.6,34.9,34.3,34.3,33.8,33.8,33.9,34.0,33.8,34.3,33.7,34.4,33.7,33.8,34.2,33.8,33.6,33.8,34.2,33.6,33.8,34.0,34.1,34.5,34.4,34.4,35.5,34.8,34.5,34.2,34.8,35.1,34.9,34.2,34.6,34.1,34.1,33.6,33.9,34.1,34.3,33.8,34.1,34.2,34.5,33.9,33.7,34.4,34.3,33.6,34.0,34.3,33.9,33.7,34.0,34.2,33.4,34.8,34.7,34.7,34.1,34.4,34.9,35.3,34.5,35.0,33.8,34.5,33.5,33.9,33.8,33.8,33.7,34.2,34.1,34.3,33.7,34.3,34.0,34.3,33.6,33.8,34.2,34.2,33.9,33.6,33.9,34.1,34.1,33.9,34.3,34.4,34.5,34.2,34.9,34.9,35.0,34.2,34.4,33.9,34.1,33.9,33.7,34.1,34.0,33.8,34.4,34.1,34.2,33.5,33.9,34.0,33.9,33.4,34.6,34.0,33.2,34.0,33.3,33.7,33.7,33.8,34.2,34.7,33.6,34.2,34.3,34.9,33.9,35.0,34.0,34.2,33.5,34.0,33.9,34.1,33.8,33.7,34.1,34.3,33.9,33.9,34.0,34.1,33.8,34.0,34.1,33.9,33.9,33.6,34.0,34.2,33.9,33.7,33.9,34.3,34.2,34.2,34.2,34.2,34.4,33.9,34.4,34.3,34.1,33.8,33.6,34.3,34.0,33.6,34.4,33.9,34.4,34.0,34.3,34.1,34.5,33.8,34.0,34.3,33.7,33.7,33.8,33.9,33.9,33.6,34.2,34.2,34.3,34.5,34.3,34.1,33.9,nan,33.8,33.8,33.5,33.9,34.0,34.0,33.7,34.2,34.1,34.5,33.8,34.3,34.2,34.5,34.1,33.8,34.7,34.2,34.4,34.0,34.0,34.2,33.9,33.7,33.9,34.3,34.2,34.3,34.2,35.1,33.6,34.2,33.8,33.9,33.9,33.9,33.9,34.3,34.1,33.8,34.0,33.5,34.2,33.8,34.5,34.4,34.4,33.9,34.4,34.7,33.2,34.0,33.9,33.8,33.7,34.0,33.8,34.1,34.1,34.3,34.8,35.0,34.4,34.0,34.7,34.0,34.2,33.9,33.9,34.2,33.7,34.0,33.8,33.8,34.0,33.5,34.0,34.3,33.4,34.0,34.5,34.8,34.0,33.6,33.7,34.5,34.1,33.6,34.1,34.1,34.2,33.8,35.1,34.7,35.1,34.4,34.5,35.4,34.4,35.2,34.2,34.4,33.7,34.1,34.0,33.7,34.2,33.5,34.3,34.4,34.5,34.1,33.9,34.5,33.4,34.2,33.5,33.9,33.9,34.0,33.6,34.1,33.8,34.0,34.0,34.8,34.0,35.4,34.9,35.6,35.2,34.9,34.8,34.0,33.5,33.6,34.1,34.0,33.7,33.9,33.8,34.1,33.8,34.1,34.5,34.3,33.7,33.7,33.7,34.3,34.0,33.4,33.9,33.7,34.0,33.6,33.8,33.8,34.5,33.8,34.4,34.2,35.4,34.9,35.6,34.7,33.8,34.1,34.2,34.0,34.3,34.0,34.2,34.0,34.4,34.0,34.6,34.9,33.8,34.3,33.5,34.0,33.5,33.9,33.6,34.0,33.5,33.8,33.7,34.4,33.7,34.2,33.9,34.0,33.7,35.3,34.0,35.0,33.8,33.9,34.0,34.2,33.6,34.1,34.0,34.1,33.8,34.3,34.5,34.6
1785310550.0846293,769,34.0,33.6,33.6,33.6,33.1,33.6,33.4,33.3,33.6,33.8,33.5,33.1,33.2,33.2,33.2,33.4,33.0,33.1,33.2,33.4,33.6,33.8,33.3,33.5,33.9,33.3,33.5,33.6,33.4,33.7,33.2,33.9,34.1,33.8,34.0,33.8,33.3,33.7,32.9,33.8,33.7,33.2,33.2,33.4,33.1,33.3,33.3,33.5,33.2,33.2,33.3,33.4,33.7,33.5,33.2,33.6,33.6,33.2,33.2,33.5,33.6,33.4,33.5,34.0,33.9,34.2,33.3,33.8,33.3,33.1,33.4,33.1,33.1,33.2,33.2,33.5,33.1,33.0,33.1,33.2,33.2,33.2,33.1,33.4,33.5,33.4,33.3,33.3,33.6,33.2,33.2,33.3,33.4,33.1,33.2,33.9,33.8,33.7,33.6,33.6,33.4,33.4,33.1,33.5,33.2,33.3,33.1,33.5,33.6,33.3,33.2,33.3,33.0,33.1,33.4,33.3,33.3,33.3,33.2,33.2,33.3,33.5,32.9,33.4,33.3,33.5,33.5,33.7,33.6,33.3,33.2,33.3,33.6,33.2,33.3,33.5,33.5,33.1,33.1,33.2,33.2,33.3,33.2,33.3,33.3,33.3,33.1,33.2,33.3,33.0,33.2,33.3,33.0,33.4,33.2,33.3,33.3,33.1,33.1,33.5,33.4,34.1,33.9,33.6,33.3,33.6,33.0,33.7,33.8,33.4,32.9,33.1,33.0,33.4,33.0,33.4,32.7,33.1,33.2,33.2,33.4,33.0,32.9,33.5,33.1,33.4,33.4,33.4,33.4,33.4,33.6,33.2,33.9,34.1,33.6,33.6,33.2,33.4,33.3,33.1,33.4,33.4,33.1,33.4,33.0,33.3,32.9,33.4,32.9,33.3,33.2,33.4,33.2,33.2,33.1,33.3,33.2,33.5,33.3,33.4,33.4,33.5,33.4,33.4,33.6,33.3,33.6,33.5,33.5,32.9,33.4,33.1,33.6,33.1,33.3,33.2,33.3,32.9,33.4,33.1,33.5,32.8,33.0,33.0,33.5,33.1,33.2,33.2,33.5,33.0,33.3,33.5,33.7,33.3,33.7,33.6,33.7,33.3,33.4,33.7,33.2,33.4,33.2,33.6,33.1,33.3,33.3,33.5,33.1,33.3,33.1,34.0,33.2,34.1,33.2,34.8,33.4,33.6,32.9,33.4,33.3,33.4,33.3,33.6,33.3,33.7,33.7,33.8,33.9,33.6,33.5,33.8,33.7,33.3,33.3,33.4,33.4,33.4,33.4,33.6,33.8,33.5,34.7,33.3,34.4,33.3,35.2,33.5,34.1,33.2,33.4,33.5,33.1,33.4,33.5,33.9,33.6,33.6,33.4,33.7,33.5,33.6,33.7,33.7,33.2,33.5,33.0,33.8,33.5,33.8,33.1,34.4,33.4,35.2,33.4,34.4,33.9,33.8,34.5,33.8,33.8,33.3,33.2,33.2,33.1,33.4,33.6,33.4,33.6,33.4,33.8,33.7,33.7,33.5,33.8,33.4,33.5,33.6,33.3,33.7,34.1,33.2,34.4,33.6,34.9,34.0,34.4,34.5,34.0,34.7,33.6,34.8,33.7,33.5,33.6,33.4,33.9,33.6,33.5,33.4,33.6,33.5,33.3,34.0,33.6,34.0,33.7,34.9,33.7,35.5,33.4,34.8,33.8,34.4,34.3,35.0,35.2,34.2,34.6,34.1,33.9,33.8,34.2,34.1,33.4,33.6,33.2,34.2,33.7,34.2,33.2,34.0,33.6,33.6,33.4,34.3,33.5,33.7,34.0,34.0,35.2,33.9,35.0,33.9,34.6,34.6,34.9,34.9,34.5,35.1,33.8,34.0,33.8,33.7,34.0,33.7,34.0,33.5,34.0,33.7,34.1,33.6,33.8,33.4,34.0,33.1,34.0,33.6,33.9,33.6,34.3,34.3,35.2,35.3,34.6,34.8,34.5,34.7,34.9,34.9,34.7,34.6,34.1,34.4,33.6,33.6,34.1,34.1,33.7,34.1,33.9,34.2,33.5,33.7,33.8,34.2,33.6,33.8,33.8,33.7,33.8,33.8,33.9,34.7,34.6,35.2,34.8,34.6,34.4,34.9,34.6,34.6,34.5,34.5,34.0,33.9,33.7,33.9,33.9,34.1,33.8,33.9,33.8,34.2,34.3,33.8,33.8,34.1,33.8,33.9,34.2,34.3,33.9,33.8,34.0,34.2,35.0,33.9,34.5,34.5,34.7,34.0,34.9,34.6,34.7,34.6,34.1,33.9,33.6,33.9,34.2,33.6,34.0,33.9,33.9,33.9,34.0,33.9,33.8,34.2,33.8,34.1,34.2,33.9,33.9,33.9,33.6,34.5,33.9,34.9,34.4,34.2,34.1,34.8,34.3,35.0,34.5,nan,34.1,34.0,33.9,33.6,33.8,34.0,33.8,34.0,34.0,34.2,34.0,33.9,34.2,34.1,34.4,34.0,34.3,34.2,34.1,33.6,33.8,34.4,34.1,33.7,34.3,34.1,34.7,34.2,34.5,34.0,34.4,33.9,33.9,33.8,33.7,33.8,33.7,33.9,34.1,33.6,34.3,33.8,34.0,33.7,33.9,34.2,33.9,34.3,34.2,34.5,33.7,33.8,33.5,34.0,33.7,34.2,34.0,34.5,34.1,34.5,34.2,34.6,33.9,34.4,33.8,34.2,33.7,33.9,34.0,34.2,33.7,34.2,33.6,34.3,33.6,33.7,33.8,33.9,34.0,34.2,34.1,34.2,33.8,34.0,33.5,33.9,33.7,33.6,34.1,33.9,34.0,34.2,34.4,35.1,34.0,33.9,33.8,33.7,33.8,33.4,34.0,33.7,33.5,33.6,34.0,33.7,33.6,33.8,34.1,34.2,34.1,33.9,34.1,34.3,33.4,33.8,33.7,34.1,33.9,34.2,33.9,34.5,33.9,34.3,35.2,34.1,35.0,34.0,34.5,34.2,34.0,33.7,34.1,33.9,33.8,33.6,33.9,33.8,33.5,34.1,34.0,34.3,33.6,33.9,34.5,34.6,33.7,33.7,34.1,34.1,34.0,33.8,33.9,33.7,34.5,34.4,34.9,34.6,34.4,34.9,33.8,35.1,33.6,35.4,34.0,34.7,33.7,33.9,33.8,33.8,33.8,33.8,34.0,34.0,34.2,34.2,34.2,34.4,33.5,34.3,33.7,34.2,33.7,34.0,33.8,34.2,33.9,34.5,34.2,35.3,34.2,34.6,34.6,34.2,35.1,34.2,35.1,34.1,33.8,33.5,33.6,33.8,34.2,33.8,33.8,34.1,33.8,34.0,34.1,34.4
1785310552.6687849,770,33.8,33.6,33.6,33.1,32.9,33.6,32.8,33.5,33.2,33.4,33.1,33.3,33.2,33.2,33.0,33.4,32.9,33.1,33.0,33.1,33.2,33.3,32.9,33.3,33.2,33.1,33.3,33.2,33.2,33.7,33.7,34.2,34.1,33.8,34.0,33.3,33.5,33.2,32.9,32.8,33.1,33.2,33.2,33.2,33.3,33.5,33.1,33.5,33.2,33.2,33.3,33.0,33.1,33.1,33.2,33.2,33.6,33.2,33.4,33.3,33.3,33.2,33.3,33.3,33.4,33.9,33.5,33.8,33.1,33.3,32.8,33.3,32.5,33.0,33.2,33.5,33.5,33.2,32.8,33.2,33.3,33.4,32.8,33.0,33.4,33.2,32.9,33.2,33.4,33.4,32.8,33.7,33.4,33.5,33.2,33.6,33.8,33.7,33.6,33.2,33.4,33.0,33.1,33.3,33.1,33.1,33.1,33.0,33.1,33.1,32.9,33.1,33.3,32.8,33.3,33.1,33.1,33.3,33.4,33.4,33.3,33.2,33.1,33.4,33.7,33.5,33.5,33.9,33.6,33.3,33.4,33.7,33.0,33.3,33.1,33.4,33.1,33.3,32.8,33.2,33.1,33.3,33.0,33.0,33.5,33.2,34.1,33.3,33.5,33.3,33.2,33.3,33.6,33.4,33.0,33.3,33.3,33.3,32.8,33.9,33.7,33.2,33.5,33.4,33.3,33.0,33.2,33.1,32.9,32.7,33.3,32.9,33.2,33.0,33.0,33.6,32.9,34.0,33.0,34.2,33.1,33.5,33.2,33.1,33.3,33.2,33.6,33.4,33.2,33.0,33.0,33.4,34.3,33.8,33.8,33.8,33.0,33.4,33.5,32.8,33.7,33.2,33.1,33.6,33.3,33.2,33.9,33.5,34.4,33.1,33.2,33.4,33.9,33.2,32.9,33.3,33.4,33.1,33.5,33.5,33.3,33.3,33.4,33.8,33.3,33.3,33.6,33.3,33.3,33.3,33.6,34.0,33.3,33.6,33.1,33.4,33.3,33.6,33.3,34.9,33.3,33.6,33.4,34.0,33.5,33.1,33.2,33.4,33.4,33.7,33.7,33.5,33.5,33.3,33.5,33.6,33.3,33.3,33.4,33.7,33.4,33.2,34.4,33.6,34.8,33.1,34.1,33.5,34.4,33.4,34.2,34.0,34.0,34.4,33.4,34.8,33.5,33.7,33.5,33.2,33.5,33.2,33.5,33.6,33.5,33.6,33.3,33.8,33.7,33.6,33.5,33.6,33.5,33.7,33.6,35.0,33.4,34.7,33.2,34.2,33.6,34.3,34.5,34.3,34.7,33.9,34.6,34.1,34.8,33.8,33.4,33.5,33.6,33.4,33.5,33.5,33.4,33.0,33.6,33.5,33.5,33.4,33.5,33.5,33.6,34.0,34.2,33.6,34.5,34.2,34.1,34.2,34.4,35.0,34.5,35.1,34.2,33.8,33.9,33.9,33.8,33.7,33.5,33.4,33.6,33.2,33.6,33.4,33.6,33.4,33.2,34.1,33.5,33.5,33.6,33.6,33.9,33.7,34.3,34.7,34.5,34.0,34.2,34.3,34.9,34.3,34.7,34.8,33.5,34.0,33.6,33.7,33.5,33.5,33.4,33.6,33.2,33.4,33.5,33.8,33.5,33.5,33.1,34.0,33.2,33.6,33.9,34.1,35.5,35.1,34.6,35.3,34.0,34.2,33.8,34.7,35.0,34.4,34.7,34.1,34.3,33.8,33.7,33.6,34.2,34.0,33.9,34.1,33.8,33.7,33.4,33.8,33.9,33.4,34.4,34.0,33.7,33.3,33.8,34.2,34.9,35.5,35.4,34.4,34.2,33.8,34.4,34.4,34.5,34.7,34.1,34.7,33.5,33.9,33.7,34.0,34.0,34.2,33.8,34.0,33.9,33.6,34.0,33.7,33.8,33.5,33.7,34.2,33.4,33.4,34.1,33.9,35.2,35.1,35.1,35.1,34.3,34.4,34.0,35.1,34.9,34.7,34.4,34.1,34.0,33.8,33.9,34.0,34.2,33.8,33.9,33.9,34.0,33.5,33.6,33.8,33.9,33.6,34.4,33.8,33.8,33.6,34.1,33.9,34.1,33.8,34.6,34.6,34.3,34.1,34.5,34.8,34.8,34.5,34.0,34.0,33.9,34.0,33.9,34.1,34.0,34.0,33.8,33.8,33.9,33.8,34.0,33.7,33.6,33.7,34.1,34.3,33.9,33.6,33.6,33.8,33.5,33.5,34.5,34.3,34.2,34.0,34.7,34.6,34.7,34.6,34.4,34.3,34.1,33.8,33.9,33.9,34.0,33.8,33.7,34.1,34.0,33.9,33.8,34.2,33.9,34.0,34.2,34.1,33.7,33.5,33.7,33.7,33.7,33.3,34.0,34.4,33.9,34.3,33.8,34.8,34.2,nan,34.1,33.8,33.7,33.7,33.8,34.2,34.0,33.8,34.0,34.0,34.0,33.9,34.1,33.8,33.9,33.6,34.3,34.2,33.7,33.6,33.4,33.8,33.3,33.7,33.9,34.1,34.9,33.8,34.2,34.0,34.3,34.1,34.2,33.9,34.1,33.6,34.5,34.1,34.1,34.1,34.0,34.2,34.2,33.7,33.9,34.4,34.4,33.8,34.4,34.5,33.7,33.4,33.9,33.8,33.5,33.5,33.3,33.9,33.8,34.8,33.8,34.3,33.9,33.9,33.8,34.0,33.9,34.0,33.7,34.4,34.0,34.0,33.8,34.5,33.8,34.1,33.8,34.3,33.6,34.0,34.1,34.4,33.8,34.2,33.3,34.1,33.7,33.6,33.8,34.0,34.0,34.0,34.9,35.2,34.2,34.4,33.7,34.1,33.8,34.1,34.0,33.9,33.7,33.9,33.7,33.7,33.6,33.6,33.7,34.4,34.1,33.9,33.9,34.3,33.2,33.8,33.8,33.7,33.7,33.6,33.9,33.8,33.9,34.3,34.9,34.4,35.0,34.5,34.5,33.7,34.5,33.9,34.2,34.0,33.6,33.5,33.8,34.0,33.7,33.3,33.8,33.9,33.6,33.7,34.2,34.1,33.4,33.5,33.7,33.9,33.8,34.0,33.9,33.7,33.4,34.0,34.0,34.0,34.2,34.4,34.0,34.7,34.5,35.1,34.7,34.7,33.7,33.9,33.6,34.0,34.0,33.8,34.2,33.6,34.0,33.8,34.6,34.4,33.3,33.6,33.5,33.8,33.3,33.3,33.8,33.8,33.7,33.6,34.1,34.0,33.9,33.9,34.4,33.9,34.4,34.4,35.3,34.8,34.2,33.5,33.6,33.8,34.0,33.6,34.0,33.7,33.8,34.0,34.5,34.4
1785310555.2998598,771,34.1,33.6,33.6,33.3,33.6,34.1,33.2,33.3,33.0,33.4,33.5,33.1,33.4,33.2,33.4,33.8,33.0,32.9,33.2,33.6,33.2,32.9,33.5,33.5,33.3,33.1,33.7,33.4,33.4,34.0,33.8,33.6,33.9,33.5,33.5,33.3,33.3,33.4,32.9,33.4,33.1,33.6,33.0,33.4,33.3,33.3,33.4,33.7,33.0,33.2,33.3,33.4,32.9,33.5,33.0,33.6,33.0,33.4,33.4,33.7,33.3,33.4,33.5,34.0,33.7,33.4,33.5,33.6,33.3,33.5,33.4,33.3,33.1,33.4,33.4,33.5,33.3,33.2,33.3,33.2,33.0,33.2,33.1,33.0,33.5,33.2,33.5,33.3,33.2,33.4,33.2,33.3,33.4,33.5,33.4,33.6,33.6,34.0,33.4,33.7,33.6,33.4,33.1,33.3,33.3,33.3,33.3,33.7,33.1,32.9,33.2,33.5,33.3,33.0,33.1,33.8,33.3,33.3,33.2,33.6,33.1,33.2,33.1,33.8,33.5,33.7,33.0,33.9,33.8,33.8,33.6,33.1,33.0,33.8,33.3,33.4,33.1,33.3,33.1,33.1,33.1,33.1,33.6,33.1,33.0,33.3,33.2,33.0,33.3,33.1,33.5,33.1,33.0,33.4,33.2,33.3,33.3,33.5,33.7,33.7,33.7,33.4,33.1,33.6,33.7,33.0,32.8,33.5,33.3,33.2,33.1,33.5,33.0,33.0,33.3,33.4,33.4,33.4,33.0,33.2,33.1,33.0,33.4,33.5,33.4,32.9,33.2,33.4,33.6,33.0,33.0,33.2,33.9,34.1,33.8,33.6,33.4,33.0,33.5,33.3,33.4,33.0,33.2,32.9,33.3,33.0,33.5,33.4,33.1,33.4,33.3,33.8,33.5,33.9,33.5,33.3,33.4,33.5,33.3,33.5,33.4,33.1,33.8,33.4,33.6,33.8,33.2,33.3,33.1,33.3,33.2,33.2,33.3,33.1,33.1,33.4,33.3,33.3,33.6,34.4,33.0,33.1,33.6,33.6,33.8,33.6,33.5,33.9,33.4,33.4,33.4,33.5,33.5,33.3,33.3,33.6,33.3,34.4,33.2,33.3,33.0,33.2,33.4,33.4,33.3,32.9,33.3,33.1,33.1,34.9,35.0,33.9,33.6,33.9,33.7,34.0,33.6,33.7,33.7,33.5,33.5,33.0,33.3,33.1,33.5,33.4,33.5,33.4,34.1,33.6,33.5,33.8,33.0,33.2,33.1,33.4,33.1,33.0,32.9,33.6,34.3,34.1,33.4,34.4,33.6,33.3,33.9,34.0,33.8,33.8,33.9,33.6,33.2,33.7,33.3,33.5,33.6,33.0,33.2,33.5,33.8,33.8,33.7,33.7,33.8,33.5,33.9,33.3,33.7,33.3,34.0,34.1,34.8,34.6,34.4,33.5,33.6,34.1,34.0,33.9,33.9,33.6,33.8,33.7,33.8,33.6,33.9,33.4,34.1,33.4,34.0,33.3,33.5,33.7,33.2,34.0,33.9,34.8,33.5,34.5,34.0,34.0,34.4,34.4,34.9,34.9,33.6,34.0,34.2,33.7,33.8,33.8,33.5,33.5,33.6,33.9,33.9,34.1,34.2,34.1,33.5,34.2,33.5,33.8,33.4,33.8,33.7,34.1,34.4,35.6,35.5,34.6,34.2,34.2,34.7,34.8,34.9,34.4,34.9,34.1,33.9,33.9,33.9,33.3,33.6,33.6,33.9,33.9,33.3,34.1,33.9,34.4,34.1,33.4,34.4,33.8,33.3,33.3,33.6,34.0,35.0,34.6,34.9,34.9,34.4,34.2,34.6,34.9,34.8,35.1,34.3,34.0,33.5,33.9,33.5,33.7,33.7,33.7,34.0,34.0,33.7,33.6,33.6,34.1,33.6,33.8,33.5,34.2,33.9,33.8,34.1,34.5,34.1,35.1,34.3,34.6,33.8,34.5,34.4,34.9,35.2,35.5,34.2,34.3,33.5,33.9,33.6,33.8,33.4,33.9,33.7,33.7,33.7,33.5,33.9,33.6,33.8,33.4,34.2,34.3,33.4,33.8,33.7,33.9,34.3,34.1,34.4,34.2,33.9,33.9,34.4,34.8,35.1,34.8,33.8,33.9,33.9,33.6,33.9,34.2,33.7,34.0,33.8,34.2,33.8,33.6,33.7,33.9,33.6,33.9,33.9,34.5,33.7,33.6,34.4,34.6,34.6,34.2,34.1,34.5,34.2,34.0,34.4,34.6,35.3,35.0,34.2,33.9,33.9,33.9,33.9,33.9,33.6,33.8,34.0,34.2,34.6,34.4,34.1,33.7,33.9,34.1,34.4,33.9,33.9,33.7,34.2,34.7,35.1,34.7,34.7,34.6,34.1,34.3,34.3,34.8,35.0,nan,33.6,34.0,33.9,34.2,34.0,34.0,34.0,34.0,33.8,34.3,35.0,35.0,34.2,34.1,33.9,34.0,34.3,34.6,33.7,34.2,34.6,35.4,35.4,35.3,35.0,34.5,34.3,34.3,34.7,35.2,34.7,34.7,34.4,34.1,34.7,34.4,34.7,34.3,34.2,34.9,35.0,34.5,34.4,34.2,34.3,34.2,34.3,34.1,34.2,34.1,34.1,34.0,33.9,34.8,34.8,34.8,34.2,35.0,34.3,34.6,34.7,35.3,35.0,34.7,34.3,35.0,34.4,34.5,34.5,34.9,34.2,34.3,34.5,34.8,33.8,34.1,33.7,34.1,34.0,33.6,33.9,34.0,34.2,34.2,34.0,34.3,33.9,34.2,34.7,34.7,34.7,34.7,35.1,34.7,34.9,34.8,34.9,34.9,34.9,34.4,35.0,34.6,34.4,33.9,34.4,34.0,33.8,34.0,34.3,34.0,34.3,34.1,34.4,34.0,33.7,33.8,33.7,34.3,33.9,34.4,34.3,34.5,34.8,34.8,34.9,34.8,34.9,34.7,34.9,35.1,34.4,34.4,34.7,34.7,34.2,34.5,34.1,34.3,33.7,34.3,33.8,34.8,34.0,33.9,33.8,34.1,34.4,34.2,33.9,34.1,34.0,34.0,34.7,34.7,34.7,34.7,34.4,34.4,34.4,34.2,34.5,34.7,34.7,34.4,34.9,34.9,34.9,34.6,35.1,34.5,34.5,34.2,34.4,34.9,34.8,34.8,35.3,34.9,33.5,34.5,33.5,34.0,33.7,34.1,34.2,34.6,34.4,34.7,34.4,34.6,34.1,34.1,34.2,34.0,34.2,34.1,34.2,34.8,34.4,34.7,34.3,34.6,34.0,33.9,34.4,34.7,34.2,34.3,34.5,35.1
1785310557.7969806,772,34.1,33.9,33.6,33.6,33.6,33.4,32.8,33.3,33.4,33.7,32.9,33.3,33.2,33.1,33.2,33.4,32.9,33.1,33.2,33.6,33.2,33.3,33.1,33.3,33.5,33.3,33.3,33.2,33.5,33.5,33.5,33.7,33.6,33.3,33.8,33.0,33.3,33.2,33.1,33.2,33.1,33.6,33.2,32.8,33.3,33.2,33.1,33.4,33.4,33.2,33.1,33.2,33.5,33.2,33.4,33.4,33.6,33.2,33.0,33.7,33.6,32.9,33.3,34.1,33.4,33.9,33.3,33.6,33.1,33.1,33.2,33.5,33.1,33.0,33.1,33.3,33.3,33.0,33.2,33.4,33.0,33.2,33.0,33.4,33.4,33.2,33.3,33.0,33.2,33.3,33.5,33.7,33.2,33.3,33.6,33.7,34.1,34.0,33.2,33.7,33.0,33.2,33.1,33.2,33.3,32.9,33.1,32.8,33.4,33.1,33.2,33.1,33.2,33.3,33.3,33.3,33.1,33.3,33.0,32.9,33.3,33.4,33.1,33.4,33.5,33.3,33.7,34.0,33.8,33.3,33.0,33.5,33.0,33.3,33.5,33.6,33.5,33.3,33.0,33.4,33.6,33.2,33.6,33.3,33.2,32.9,33.1,33.7,33.0,32.8,33.0,33.3,33.2,33.4,33.0,33.5,33.1,33.5,33.3,33.7,33.9,34.1,33.7,33.2,33.1,33.2,33.2,33.1,33.1,32.9,33.1,33.3,33.2,33.9,33.3,34.7,32.9,33.4,33.2,33.2,33.2,33.2,33.4,33.3,33.1,33.4,33.4,33.2,33.4,33.4,33.4,33.6,33.9,33.6,33.2,33.6,33.2,33.2,33.3,33.5,33.2,33.2,33.1,33.5,34.2,33.2,33.7,32.9,33.3,32.6,33.0,33.3,33.4,33.2,33.0,33.2,33.3,33.3,33.3,33.4,33.5,33.7,33.4,33.8,33.6,33.5,33.4,33.6,32.9,32.9,33.2,33.1,32.8,33.0,33.3,33.4,33.5,34.9,33.1,33.3,33.0,33.2,33.3,33.5,33.3,33.1,33.4,32.9,33.5,33.4,33.0,33.3,33.3,33.3,33.5,33.2,33.8,34.0,33.6,33.7,33.4,33.2,33.0,33.4,33.2,33.4,33.5,34.3,34.9,33.3,33.1,33.6,33.3,33.3,32.9,33.4,33.4,33.4,33.2,33.4,33.6,33.0,33.2,33.6,33.5,33.2,33.3,34.2,33.7,33.7,33.8,33.0,33.5,33.7,33.5,33.5,33.8,33.7,34.8,34.3,34.0,34.3,33.8,33.7,33.8,33.5,33.6,33.7,33.7,33.4,33.9,33.8,33.7,33.4,33.3,33.6,33.6,33.4,34.2,33.9,33.6,33.4,33.5,34.3,34.4,34.8,34.1,34.3,34.2,35.0,34.5,35.4,34.7,34.3,33.9,34.1,33.9,33.8,33.6,33.8,34.1,33.9,33.7,34.2,34.0,33.7,33.9,34.1,33.8,33.6,34.0,34.1,33.5,33.5,34.2,33.6,34.8,35.4,34.5,34.4,34.8,34.1,35.5,34.9,34.6,34.6,33.8,34.0,34.0,33.5,33.8,34.2,33.7,33.7,34.1,34.1,33.6,34.0,33.9,33.4,34.0,34.0,33.5,33.6,34.1,34.0,33.8,34.9,34.6,35.3,34.5,34.6,34.2,34.9,34.5,35.5,34.7,33.9,34.1,33.6,33.6,33.5,33.9,33.8,34.1,34.1,33.7,34.1,33.9,33.8,33.9,34.2,34.0,33.6,33.6,33.8,33.7,33.5,34.2,33.7,34.5,34.5,34.4,34.6,34.4,34.3,34.9,35.1,34.2,34.4,33.7,34.1,33.5,33.9,33.7,33.9,33.7,33.9,34.0,33.8,33.6,34.0,34.2,33.7,33.6,33.5,33.7,33.8,33.9,33.8,34.1,34.5,34.3,34.3,34.5,34.6,34.2,34.4,34.4,34.9,34.6,34.3,34.2,33.6,34.1,33.8,33.6,33.8,34.1,33.6,34.1,33.7,33.7,33.9,34.0,34.5,34.0,33.8,34.0,34.4,34.0,34.2,34.7,34.9,34.4,34.2,34.3,34.4,34.3,34.1,34.8,34.8,33.9,34.5,33.7,34.1,33.6,33.9,33.9,34.1,33.5,34.1,33.6,34.0,33.9,33.9,34.4,34.3,34.2,33.9,34.5,33.9,33.7,34.0,34.4,35.2,34.8,34.4,34.0,34.0,34.0,34.3,34.1,34.9,34.5,34.1,34.4,34.0,34.1,33.8,34.1,33.9,33.6,34.1,33.9,34.2,34.2,34.1,34.1,34.4,34.3,34.5,33.8,34.4,33.9,33.5,34.7,34.7,35.0,34.4,34.0,34.2,34.1,34.3,35.0,34.8,34.2,nan,34.0,34.5,34.0,34.2,34.0,34.2,34.0,34.0,34.3,34.0,33.8,34.1,34.2,33.8,33.9,34.2,34.1,34.2,33.9,33.8,34.0,34.4,33.7,34.2,34.1,34.7,34.4,34.7,34.5,34.9,34.4,34.2,34.4,34.6,34.7,34.3,34.6,34.3,34.1,34.1,34.0,33.9,33.8,33.5,33.6,34.0,33.9,33.8,34.3,34.6,34.1,33.6,34.5,34.0,34.1,33.5,34.0,34.3,34.5,34.2,34.5,34.6,34.4,34.4,34.5,34.3,34.4,34.7,34.5,34.4,33.9,33.9,33.8,33.6,33.4,33.7,34.0,33.7,33.8,33.8,34.1,33.8,33.8,33.8,33.8,34.1,33.9,34.0,34.3,34.9,34.4,34.5,34.4,34.6,34.4,34.1,34.0,34.4,34.4,34.2,34.2,34.4,34.2,34.1,34.2,34.2,34.0,33.8,33.9,34.6,34.1,33.5,33.7,34.0,33.7,33.6,33.8,33.7,33.9,33.8,34.5,34.5,34.5,34.3,34.2,34.1,34.0,34.0,34.0,34.4,34.2,34.0,34.5,34.1,33.7,34.0,34.3,34.0,33.7,34.1,34.2,34.7,34.4,34.2,34.5,34.8,33.7,33.7,33.9,34.3,33.8,34.0,34.5,34.3,34.4,34.2,34.4,34.0,33.7,33.7,33.8,34.4,33.8,33.9,34.0,34.4,34.0,34.1,34.0,34.0,34.2,34.0,34.2,34.4,34.4,34.0,34.6,34.9,33.3,33.8,34.2,33.8,33.7,34.1,34.0,34.4,34.6,34.7,34.6,34.4,33.9,33.9,34.2,34.0,33.5,33.7,34.0,33.8,33.8,34.0,34.2,34.0,34.0,34.3,34.1,34.2,33.8,34.3,34.3,34.4
1785310560.286839,773,34.6,34.2,34.6,33.6,34.2,33.8,33.9,33.3,33.6,33.1,33.7,33.3,33.4,33.1,33.7,34.0,33.1,33.4,33.7,33.6,33.6,33.5,33.7,33.5,33.7,33.5,33.8,33.8,33.9,34.0,34.0,33.9,34.4,34.1,34.0,34.2,33.5,33.9,33.7,33.6,33.5,33.2,33.0,33.2,33.3,33.5,33.3,34.1,33.4,33.4,33.4,33.6,33.5,33.3,33.4,33.6,33.8,33.4,33.6,33.9,34.0,33.8,33.8,34.3,34.2,33.7,34.0,33.8,34.2,33.3,33.4,33.5,33.5,33.2,33.4,33.3,33.3,33.2,33.2,33.2,33.9,34.4,33.9,33.6,33.7,33.2,33.6,33.5,33.6,33.3,33.6,33.7,33.4,33.9,33.6,33.7,33.6,33.7,34.1,34.3,33.6,33.4,33.5,33.7,34.0,32.9,33.1,33.3,33.1,33.1,33.1,33.5,34.0,33.7,35.0,34.2,33.6,33.5,33.5,33.6,33.7,33.4,33.5,33.8,33.3,33.3,33.7,34.2,33.8,33.3,34.1,33.7,34.0,33.5,33.9,33.4,33.3,33.1,33.5,33.4,33.6,33.3,33.2,33.1,34.1,35.5,35.4,33.3,33.5,33.0,33.3,33.3,33.7,33.4,33.5,33.5,33.3,33.7,33.5,33.9,33.9,34.1,33.5,34.3,33.7,33.8,33.8,33.7,32.9,33.4,33.3,33.3,33.0,33.2,33.3,33.4,34.6,34.7,33.7,34.1,33.6,33.4,33.4,34.0,33.4,33.2,33.4,33.7,33.2,33.2,33.4,33.8,34.3,34.1,34.0,34.0,33.7,33.6,33.8,33.3,33.4,33.0,33.2,33.3,33.4,33.2,33.4,33.4,33.9,35.0,34.0,33.6,33.7,33.4,33.5,33.0,33.6,33.1,33.8,33.5,33.6,33.5,33.9,33.8,34.0,33.5,33.2,34.1,33.3,33.5,33.7,33.8,33.6,33.1,33.0,33.4,33.1,33.3,33.4,33.5,34.7,34.9,33.1,33.5,33.3,33.4,33.4,33.7,33.2,33.2,33.2,33.5,33.9,33.7,33.9,33.9,33.7,33.8,33.8,33.7,33.6,33.2,33.7,33.6,33.5,34.1,33.5,33.3,33.7,34.2,33.4,34.5,34.8,34.6,33.7,33.4,33.4,33.4,33.4,33.5,33.5,33.9,33.9,34.2,33.5,34.1,33.9,33.6,34.1,34.1,33.1,34.0,33.4,33.9,33.6,34.0,34.6,33.7,34.7,33.6,33.9,33.5,34.5,34.3,34.9,35.1,34.2,34.0,34.0,33.5,33.9,34.0,34.6,33.8,34.4,34.1,34.1,33.6,34.2,34.1,34.2,33.6,33.5,33.7,33.8,33.5,33.7,33.8,34.2,35.5,34.6,35.0,34.2,34.2,34.2,34.9,35.3,34.3,34.4,34.1,33.9,33.9,34.0,34.1,34.1,34.1,34.4,34.8,34.3,33.8,34.0,34.1,33.9,33.9,33.6,33.8,33.4,33.6,33.5,33.7,34.8,34.9,35.2,35.4,34.5,34.1,34.6,34.9,34.8,34.6,34.3,34.5,34.2,33.8,33.9,34.3,34.2,34.3,34.4,34.3,34.2,33.8,33.9,34.4,33.6,33.6,33.5,33.7,33.7,33.3,33.8,33.8,34.3,33.9,35.3,34.5,34.2,34.2,34.6,34.7,35.0,34.6,34.5,34.4,34.3,34.0,34.4,33.9,34.2,34.3,34.6,34.4,34.3,34.2,34.4,34.2,33.7,33.7,33.8,33.7,33.4,33.6,33.9,34.1,34.4,34.3,34.1,35.1,34.0,34.0,34.3,35.0,34.5,34.7,34.0,34.5,33.7,33.8,34.0,34.3,34.1,34.0,34.0,34.4,34.4,34.2,34.3,34.8,34.1,33.6,33.9,33.6,33.8,33.7,34.3,35.0,34.3,34.7,34.4,34.4,34.4,34.1,34.4,34.3,34.6,34.1,34.4,33.8,33.6,33.6,34.2,33.7,34.4,33.7,34.0,34.2,34.1,33.8,34.2,33.8,33.8,34.2,33.5,33.9,33.4,33.8,34.6,34.7,34.6,34.4,34.1,35.0,34.5,34.2,34.1,34.2,34.2,34.4,34.1,34.6,33.7,33.9,33.6,34.4,33.9,33.9,34.2,33.9,34.2,33.7,34.3,34.5,33.7,33.8,34.0,33.8,33.7,33.7,34.1,34.0,35.2,34.3,34.5,34.2,34.5,34.2,34.7,34.9,34.5,34.9,34.6,34.3,34.1,34.1,34.1,34.1,34.2,34.0,34.1,34.4,34.3,34.3,34.6,34.4,33.7,34.1,33.7,33.9,33.9,33.8,34.0,34.2,33.6,34.6,34.0,34.5,34.2,nan,34.8,34.7,35.1,34.7,35.0,34.7,34.7,34.2,34.5,34.2,34.3,34.3,34.2,34.5,33.9,34.2,34.1,35.0,34.1,33.8,34.0,33.8,34.1,33.9,34.1,33.9,34.0,33.7,34.4,34.0,34.1,34.2,34.7,34.3,35.2,34.3,35.1,35.3,35.1,35.6,34.5,34.7,34.2,33.8,34.3,33.8,34.1,34.0,34.2,34.1,33.5,33.6,34.3,34.2,33.5,33.7,33.5,34.1,33.6,34.0,34.0,34.3,34.4,34.4,34.2,35.0,34.2,34.9,34.5,35.1,35.2,35.3,35.5,35.2,34.1,34.1,33.9,34.5,33.8,33.8,33.7,34.4,34.4,33.8,34.2,34.1,34.1,33.3,34.0,34.1,34.2,33.6,34.4,34.5,34.4,34.3,34.5,33.7,34.3,33.9,34.7,34.2,34.7,34.6,35.6,34.2,34.6,34.4,34.7,34.6,34.9,34.5,34.4,34.7,33.7,34.2,33.8,33.9,33.7,33.8,33.6,34.1,33.8,33.8,34.0,34.5,34.4,34.4,34.0,34.6,33.7,34.0,33.8,34.6,34.2,34.5,34.3,35.1,34.3,34.4,34.2,34.8,34.4,34.1,34.5,34.8,34.4,33.7,34.3,33.4,33.8,34.0,34.1,33.9,34.0,33.8,34.2,34.4,34.2,34.7,34.5,34.2,34.0,33.9,34.3,34.0,34.2,33.9,34.5,34.0,34.5,34.2,34.6,34.2,34.6,34.4,35.1,34.9,33.6,34.1,33.5,34.4,33.5,33.9,33.4,34.2,33.9,34.0,33.9,34.4,34.3,34.6,34.4,34.4,34.2,33.9,34.0,34.4,34.2,34.2,34.0,34.6,34.4,34.1,34.0,34.7,34.2,34.3,34.3,35.3
1785310562.832903,774,34.1,33.9,33.6,33.9,33.6,33.4,33.5,33.6,33.2,33.5,33.1,33.1,33.2,33.1,33.4,33.6,32.9,33.1,33.2,33.5,33.2,33.3,33.3,33.3,33.5,33.1,32.9,33.2,33.2,33.5,33.0,33.1,33.9,33.8,34.0,33.8,33.3,33.0,33.1,33.4,33.3,33.0,33.6,33.4,33.2,33.2,33.5,33.4,33.4,33.0,33.3,33.4,33.3,33.1,33.4,33.4,33.2,33.2,33.2,33.7,33.6,33.4,33.8,33.3,33.2,33.9,33.3,33.8,33.5,33.3,33.0,33.1,32.9,33.2,32.9,33.3,32.8,33.0,33.0,33.4,34.7,34.1,33.2,33.4,33.0,33.3,33.5,33.4,33.0,33.3,33.2,33.1,32.9,33.9,33.4,33.7,33.6,33.7,33.6,33.9,33.6,33.0,33.3,33.3,33.1,32.9,33.3,33.4,33.3,32.9,33.2,33.1,35.4,34.8,33.3,33.3,33.1,33.1,33.2,33.2,33.3,32.8,33.1,33.2,33.5,33.5,33.3,34.0,33.1,33.8,33.4,33.7,33.2,34.1,32.9,33.4,32.8,33.5,32.6,33.2,32.9,33.0,33.1,34.2,35.6,34.5,33.2,33.5,33.3,33.2,33.2,33.4,32.9,33.4,33.2,33.1,33.3,33.5,33.3,33.5,33.7,33.2,33.7,33.6,33.7,33.8,33.0,33.1,33.1,32.9,33.3,33.1,33.0,33.0,33.4,33.6,35.4,33.7,33.2,33.2,33.2,33.0,33.1,33.5,33.3,33.1,33.2,33.4,33.2,33.4,33.2,33.6,33.7,33.4,33.4,33.8,33.4,33.6,33.1,33.1,32.7,33.0,33.1,33.3,32.9,33.2,33.4,33.7,34.4,33.6,33.0,33.3,33.1,33.1,33.1,33.0,32.9,33.1,33.5,33.2,33.5,33.5,33.0,33.2,33.6,33.3,33.2,33.3,33.3,33.8,33.2,33.1,33.0,33.0,33.0,32.9,33.0,33.1,33.5,34.3,34.1,33.5,33.1,33.2,33.2,33.1,33.0,33.0,33.2,32.7,33.2,33.5,33.3,33.3,33.5,33.2,33.5,34.0,33.4,33.5,33.4,33.6,33.4,33.4,33.3,33.3,33.5,33.3,33.6,33.4,34.2,34.9,33.9,33.5,33.4,32.8,33.2,33.3,33.5,33.5,33.3,33.6,33.7,33.6,33.7,33.2,33.7,33.6,33.5,33.2,33.4,33.8,33.5,33.2,33.1,33.8,33.9,34.0,33.2,34.1,34.0,34.3,34.7,34.9,34.3,34.1,33.6,34.0,33.2,33.5,33.7,33.8,33.9,33.9,33.8,34.3,33.8,33.8,33.4,33.9,33.3,33.6,33.5,33.9,33.4,33.7,33.7,34.3,35.5,35.7,34.5,34.2,34.2,34.4,34.7,34.9,34.4,34.3,33.7,33.8,33.5,33.9,34.2,33.9,34.1,34.1,33.6,34.3,34.0,33.8,34.2,33.9,33.7,33.1,33.2,33.4,33.6,33.2,34.0,34.2,35.4,35.0,34.9,34.6,34.3,34.3,34.6,34.8,34.5,33.8,33.8,33.7,33.8,33.7,34.1,33.8,33.7,34.1,34.0,34.1,33.8,34.0,33.9,34.2,33.6,33.8,33.6,33.9,33.4,33.7,33.4,33.9,34.2,34.7,34.0,34.4,34.4,34.6,34.9,34.8,34.4,34.0,33.6,33.5,33.5,33.7,33.9,33.9,34.0,34.1,33.8,34.0,33.8,33.8,33.8,34.2,33.7,33.1,33.3,33.3,33.5,33.8,34.0,33.7,34.1,33.6,34.4,34.3,34.0,34.0,34.8,34.7,34.2,34.2,33.9,33.5,33.7,33.7,34.2,33.8,34.3,33.8,33.8,33.6,33.8,33.8,34.1,34.2,33.5,33.6,33.3,33.8,33.6,34.1,34.3,34.6,34.0,34.4,33.9,34.1,33.9,34.3,34.1,34.4,34.1,34.1,33.6,33.8,33.6,33.8,33.7,33.7,33.5,33.9,33.4,33.5,33.4,33.6,34.2,33.8,33.4,33.4,33.7,33.3,33.6,33.8,34.6,34.9,34.3,33.9,34.3,34.0,34.4,33.9,34.0,33.9,34.0,33.9,33.6,33.8,33.5,33.7,33.6,33.7,33.8,33.4,33.9,33.8,33.7,33.7,33.9,34.1,33.7,33.6,33.8,33.8,33.3,33.9,34.0,34.3,33.7,33.8,33.6,34.2,34.2,34.4,34.4,34.4,34.1,34.0,34.1,33.8,33.6,33.8,34.1,33.4,33.9,33.9,34.1,34.1,33.8,33.8,34.2,34.2,33.5,33.3,33.3,33.5,33.5,33.5,33.9,33.7,34.0,33.6,34.1,33.8,34.1,nan,34.6,35.0,34.4,34.4,34.0,34.1,34.0,33.8,34.0,33.8,33.8,33.8,33.7,33.8,34.1,33.3,34.3,33.6,33.3,33.8,33.4,34.2,33.6,33.7,33.8,34.0,33.7,33.8,33.9,34.4,34.1,34.6,34.4,34.8,34.9,34.9,35.4,35.6,35.2,35.0,34.4,34.0,33.8,33.7,34.0,33.9,33.7,33.8,34.0,33.7,33.3,33.6,33.7,33.4,33.7,33.5,33.3,33.6,33.8,33.6,34.0,34.0,34.3,33.7,34.5,34.3,34.2,34.1,34.9,35.1,35.4,35.0,34.7,34.3,34.0,33.5,33.9,33.9,33.3,33.6,33.7,34.2,34.0,34.0,33.8,33.7,33.7,33.6,33.6,34.0,33.5,33.8,34.4,34.6,33.4,34.1,33.7,34.3,33.8,33.7,33.8,34.4,34.4,35.0,34.6,34.2,34.2,34.0,33.7,34.0,34.1,33.9,33.9,34.1,33.2,33.6,33.8,33.9,33.7,33.8,33.6,34.0,33.8,33.6,34.4,34.1,33.7,33.9,33.7,33.7,33.9,33.9,34.0,34.1,33.8,34.3,34.5,34.3,33.7,33.7,34.0,34.3,34.0,33.8,34.3,34.8,33.4,34.0,33.9,34.1,33.4,33.8,33.7,33.5,33.6,34.0,34.4,34.8,34.2,34.4,34.2,33.9,33.5,33.9,34.0,34.1,33.7,34.1,33.8,34.3,34.0,33.6,34.2,34.0,34.0,34.4,33.9,34.5,33.3,33.4,34.0,33.8,33.7,33.9,33.8,33.8,33.7,33.4,34.3,34.2,34.4,33.9,34.6,34.2,33.5,33.6,34.1,34.1,34.0,33.9,34.0,33.8,33.8,33.8,33.9,34.2,34.0,33.8,34.5,34.4
1785310565.3898625,775,34.1,33.4,33.9,33.9,33.1,33.4,33.5,33.1,33.0,33.3,33.3,33.1,33.2,32.9,33.2,33.2,33.3,32.9,33.4,33.1,33.2,32.7,32.9,33.5,33.1,33.1,33.6,33.6,33.7,33.3,33.3,33.9,33.6,33.5,34.0,34.0,33.1,33.0,33.1,33.4,32.9,33.0,33.2,33.2,33.0,33.2,32.9,33.2,32.8,32.7,33.5,33.0,33.1,32.8,33.2,33.1,33.2,33.0,33.4,33.3,33.4,33.0,33.3,33.8,33.5,33.2,33.8,33.6,33.3,33.3,33.0,33.1,33.3,33.4,32.9,33.3,32.8,32.8,33.5,33.4,34.2,33.2,33.3,33.1,32.9,32.9,33.3,33.4,33.0,33.3,33.1,33.3,33.4,33.3,33.4,33.9,33.9,33.5,33.6,33.7,33.0,32.8,33.2,33.4,33.1,32.8,33.0,33.2,32.9,32.8,33.6,34.3,34.5,34.0,33.5,33.2,32.6,33.0,33.2,33.6,33.3,33.2,33.1,33.4,32.9,33.1,33.8,34.2,33.4,33.3,33.9,33.7,33.4,33.3,33.3,33.2,33.0,33.0,33.3,33.3,33.1,33.2,33.9,35.3,34.6,33.4,33.3,33.2,33.0,33.0,33.2,33.5,33.4,33.0,33.2,33.5,33.5,32.9,33.1,34.1,33.2,33.5,33.7,33.8,33.4,33.4,33.0,33.5,32.6,32.7,33.3,33.3,33.0,33.0,34.2,34.9,33.9,33.2,33.0,33.2,33.1,32.9,33.3,33.3,33.1,33.3,33.3,33.6,33.1,33.0,33.2,33.6,33.7,33.2,34.0,33.8,33.4,33.0,33.3,33.3,32.9,32.9,32.9,33.3,33.0,32.9,34.0,35.2,33.3,33.0,33.2,33.6,33.2,33.1,33.3,33.0,33.3,32.8,33.5,33.2,33.3,33.3,33.5,33.6,32.9,33.3,33.7,34.0,33.3,33.1,33.0,33.3,32.6,33.0,33.2,33.2,33.1,33.0,34.1,35.3,32.9,32.8,33.1,33.3,32.7,33.0,33.4,33.0,33.2,33.2,33.0,33.7,32.8,33.1,32.9,33.9,33.1,33.2,33.6,33.9,33.6,33.1,33.7,33.6,33.3,32.9,33.5,33.3,33.4,33.3,34.9,35.2,33.3,33.3,33.4,33.1,33.1,33.0,33.4,33.0,33.5,32.9,33.5,33.1,33.5,33.0,33.5,33.6,33.1,33.0,33.8,33.8,33.4,33.2,33.5,34.5,33.3,33.4,33.7,34.1,33.6,34.1,34.9,34.9,33.5,33.5,33.6,33.5,33.0,33.5,33.6,34.2,33.1,33.8,33.7,34.1,32.8,33.6,33.4,33.7,33.3,33.4,33.7,33.5,33.3,33.3,34.6,34.8,35.5,34.5,34.3,34.4,34.2,34.6,34.7,34.6,34.2,34.1,33.7,34.0,33.6,33.4,33.7,34.1,33.8,33.6,33.9,34.6,34.0,33.8,34.4,34.1,33.3,33.1,33.2,33.4,33.0,33.6,34.4,35.1,35.3,35.0,34.3,34.3,34.2,34.3,34.8,34.8,34.0,33.8,33.6,34.0,33.4,33.9,34.1,34.1,33.6,34.1,34.0,34.0,33.7,33.9,34.3,34.0,33.7,33.2,33.8,33.7,33.4,33.7,34.0,34.5,34.5,34.5,34.0,34.5,34.4,34.4,34.6,34.6,34.1,33.6,33.9,33.8,33.6,33.5,34.1,34.1,33.7,33.9,34.1,34.4,34.0,33.8,34.2,34.4,33.3,33.1,33.3,33.5,33.3,33.4,33.9,33.9,34.4,34.1,33.8,34.5,34.2,34.2,34.3,34.7,33.7,33.7,33.7,33.5,33.5,33.5,34.0,33.7,33.9,33.6,34.0,34.1,33.6,33.5,34.3,34.2,33.5,33.4,33.9,33.8,34.0,33.7,34.6,34.5,34.0,33.9,34.4,34.3,34.1,33.9,33.9,34.3,33.8,33.8,33.6,33.8,33.6,33.8,33.9,34.1,33.5,33.7,33.8,34.4,33.4,33.7,34.2,34.4,33.2,33.2,33.7,33.9,33.6,34.2,34.3,34.4,33.5,33.8,34.0,33.8,33.7,33.7,34.0,33.9,33.4,33.7,33.6,34.1,33.4,33.7,33.8,34.0,33.8,33.8,33.9,34.1,33.3,33.2,34.3,33.9,33.5,33.2,33.8,34.2,33.5,34.1,34.3,34.5,33.8,33.7,34.1,34.2,34.4,34.1,34.4,34.1,33.8,33.6,33.8,33.8,33.6,33.5,33.9,33.7,34.1,33.2,34.1,33.9,33.6,33.6,33.8,34.6,33.0,33.3,33.7,33.9,33.9,33.8,33.9,34.1,33.6,33.5,34.0,34.2,33.9,nan,34.6,34.7,34.0,34.1,33.8,34.2,33.5,33.7,33.8,34.0,33.5,33.6,34.1,33.6,33.9,33.6,34.1,34.1,33.9,33.4,33.6,33.8,33.4,33.5,33.8,34.0,33.7,33.7,34.0,34.2,33.8,34.4,34.9,35.1,34.6,34.8,35.2,34.9,34.4,34.0,34.0,34.0,33.3,33.3,33.4,33.7,33.3,33.4,34.1,34.2,33.3,33.4,33.7,33.8,33.3,33.7,33.7,33.9,33.3,33.6,34.2,34.1,34.1,34.2,34.3,34.7,34.1,34.6,35.4,35.6,34.9,34.9,33.8,34.0,33.3,33.2,34.1,34.3,33.6,33.1,34.2,34.0,33.6,33.8,33.8,33.9,33.7,33.7,33.6,34.2,33.5,33.8,34.6,34.4,33.7,33.8,34.2,34.3,34.1,33.9,34.0,34.9,34.4,34.3,34.4,34.2,33.7,33.7,34.1,34.0,34.1,33.7,34.2,33.6,33.2,33.0,33.6,33.7,33.3,33.3,33.8,34.2,33.4,33.6,34.2,34.3,33.5,33.5,33.9,33.9,33.5,33.5,34.0,34.4,33.8,34.2,34.3,34.2,33.6,33.7,33.8,34.3,33.4,34.2,34.7,34.4,33.2,33.5,33.9,34.1,33.6,33.4,34.1,33.9,33.8,33.6,34.2,34.6,34.0,33.9,33.7,33.7,33.5,33.4,34.0,34.1,33.7,33.9,34.2,34.2,34.0,33.8,34.2,34.2,33.8,33.8,34.6,34.5,33.3,33.4,33.6,34.0,33.5,33.5,34.0,34.4,33.5,33.8,34.3,34.4,33.9,33.9,33.9,33.9,33.4,33.4,33.9,33.9,33.9,33.5,33.8,34.0,33.8,33.8,34.1,33.8,33.6,33.9,34.3,34.9
1785310567.924229,776,33.3,33.9,33.4,33.9,33.4,33.6,33.5,33.6,32.8,33.7,33.1,33.1,33.0,33.4,33.4,33.6,32.9,33.1,33.6,33.3,33.0,33.1,33.1,33.3,33.3,33.3,33.3,33.4,33.5,33.5,33.3,33.4,34.2,33.0,33.8,33.8,33.3,33.2,33.3,33.6,33.1,33.0,33.2,33.0,33.2,33.2,33.1,33.5,33.2,32.8,33.7,33.0,33.5,33.0,33.4,33.3,33.2,32.8,33.4,33.3,33.4,33.0,33.5,33.8,33.7,34.2,33.8,33.4,33.1,33.6,33.4,33.3,32.9,33.2,33.1,33.1,33.0,33.4,33.2,33.4,33.2,33.2,33.0,33.4,32.7,33.3,32.9,33.6,32.8,33.3,33.3,33.4,33.4,33.7,33.4,33.7,33.6,33.0,33.9,34.1,33.2,32.8,33.0,33.0,33.3,32.8,33.3,33.4,33.3,33.1,33.1,33.3,33.2,33.3,33.3,33.3,33.1,33.1,33.4,33.4,33.5,32.8,33.1,33.6,33.5,32.9,33.5,33.5,33.3,34.0,33.4,33.9,33.0,33.5,33.1,33.4,32.6,33.0,32.8,33.4,33.3,33.2,33.4,34.2,34.3,34.2,33.1,33.2,33.0,33.2,33.5,33.1,32.9,33.8,33.4,33.3,33.3,33.8,33.1,33.9,33.9,33.5,33.5,33.8,33.6,33.2,33.0,33.1,33.0,32.9,33.3,33.0,33.0,32.9,33.9,35.2,34.9,33.7,33.4,33.2,33.2,33.0,33.6,33.7,33.6,33.3,33.3,33.4,33.3,33.0,33.6,33.4,33.2,33.4,33.6,34.0,33.2,33.4,33.3,33.0,32.3,33.4,32.9,33.5,33.2,33.0,34.0,34.9,33.6,33.5,33.2,33.5,33.4,33.7,33.8,33.9,33.3,33.5,33.7,33.4,33.1,33.5,33.2,33.4,33.6,33.1,33.7,34.0,33.5,33.1,33.0,33.1,33.0,32.8,33.0,33.4,33.3,32.8,33.8,35.1,33.4,32.8,33.1,33.2,33.7,33.1,34.1,33.7,33.9,33.4,33.7,33.3,33.3,33.1,33.6,33.7,33.1,33.6,33.6,33.5,33.4,33.6,33.0,33.4,32.8,33.1,33.0,33.2,32.6,33.0,35.0,35.0,33.3,33.2,33.4,33.6,33.7,34.1,33.9,34.1,33.5,34.1,33.5,33.3,33.3,33.6,33.1,33.6,33.7,33.2,33.4,34.2,33.6,33.4,33.3,33.3,33.5,33.1,33.2,33.3,33.3,33.2,35.0,34.8,33.3,33.3,33.5,33.8,34.0,33.5,33.9,34.2,33.9,33.6,33.3,33.4,33.4,33.1,33.6,33.5,33.3,33.6,33.7,33.5,33.3,33.5,33.5,34.7,33.4,34.2,33.8,34.4,34.2,34.7,34.5,34.8,33.8,33.8,34.1,33.7,33.9,34.1,33.5,33.8,33.6,34.3,33.6,34.1,33.2,33.5,33.4,33.3,33.7,32.9,33.4,33.6,33.4,33.6,34.7,35.1,35.1,33.7,34.4,34.6,34.5,34.5,34.8,34.3,34.2,33.8,33.8,33.9,34.0,33.7,33.9,33.8,34.1,34.0,34.6,34.8,34.2,33.3,33.5,33.4,33.2,33.6,34.0,33.5,33.7,33.7,35.0,35.1,35.0,34.7,34.2,34.4,34.6,34.7,34.3,34.8,33.5,34.0,33.4,34.0,33.6,34.1,33.7,33.9,33.7,34.1,34.3,34.2,34.1,34.0,34.0,34.0,33.8,32.9,33.5,33.3,33.6,33.8,34.6,35.1,34.9,34.6,34.1,34.6,34.5,34.7,34.6,34.4,34.3,33.9,33.7,33.7,33.7,33.9,33.8,34.2,34.1,33.5,33.9,33.9,33.8,34.0,34.3,34.2,33.5,33.9,33.7,33.6,33.6,33.7,33.8,34.1,34.2,34.2,34.2,34.6,34.1,34.3,34.7,34.5,34.1,34.1,33.4,33.7,33.6,33.8,34.1,34.4,34.1,33.7,34.0,34.2,33.4,34.0,34.2,34.0,33.4,33.2,33.7,33.7,33.7,33.6,34.1,34.1,33.8,34.1,34.1,34.5,34.5,34.4,34.3,34.2,33.7,33.6,33.9,33.6,34.0,33.9,34.0,34.0,34.1,33.6,34.1,33.8,33.7,33.9,34.3,34.7,33.3,33.4,33.6,33.8,33.7,34.4,34.3,34.5,33.8,33.9,33.9,34.2,34.1,34.3,33.9,34.1,33.6,34.0,33.8,33.8,33.7,33.8,33.9,33.7,33.9,33.7,34.0,33.9,34.0,34.4,34.2,34.2,33.9,33.1,33.7,33.7,33.9,33.7,34.1,34.2,33.6,33.8,34.0,34.2,34.1,nan,33.8,34.2,33.7,33.7,33.7,33.9,33.7,33.2,34.0,33.7,33.7,33.8,33.7,34.1,34.1,33.6,34.5,34.3,33.5,33.6,33.4,34.0,33.7,33.7,33.9,33.8,33.8,34.0,33.9,34.2,34.4,34.9,34.9,35.1,33.9,34.3,34.2,34.1,33.6,34.0,34.0,33.5,33.8,33.9,33.8,33.9,33.7,34.0,34.7,34.2,33.9,33.4,33.7,34.0,33.7,33.5,33.9,33.9,33.5,33.5,34.2,34.1,34.4,34.5,35.0,35.2,35.2,34.4,34.9,34.4,34.4,33.5,34.0,34.3,33.8,33.6,33.9,34.1,33.6,33.6,34.2,33.8,33.6,34.0,34.0,33.9,33.1,33.7,34.0,34.2,33.5,33.8,34.4,34.4,34.1,34.3,34.2,34.3,34.3,34.4,35.2,35.5,34.9,34.8,34.0,34.0,33.5,34.0,33.9,34.2,33.9,34.1,34.2,34.3,33.5,33.4,33.8,33.9,33.9,33.6,33.8,34.3,33.8,33.6,34.0,34.1,33.9,33.9,34.2,34.4,34.4,34.0,34.7,35.3,34.9,34.5,34.3,33.8,33.8,33.7,33.6,34.1,33.8,33.8,34.3,34.4,33.9,34.0,33.7,34.1,33.6,33.8,33.9,33.9,33.8,34.2,34.4,34.2,33.8,33.9,33.8,34.1,33.7,33.9,34.4,34.1,34.0,34.6,34.4,34.2,33.6,34.2,34.4,34.2,33.8,34.0,34.4,34.9,34.0,32.9,34.0,33.8,34.1,33.5,33.8,34.0,33.9,34.0,34.3,34.2,34.3,33.7,33.7,33.5,33.4,33.7,33.5,34.3,33.9,33.9,34.0,34.2,34.0,33.8,34.1,34.4,34.0,34.1,34.5,34.4
1785310570.4763556,777,34.4,33.7,33.1,33.4,33.1,33.6,33.3,33.4,33.2,33.3,33.3,33.0,33.4,32.7,33.4,33.1,33.3,33.1,33.0,33.1,33.2,33.3,33.1,32.9,33.3,32.7,33.6,33.6,33.7,33.3,33.5,33.4,33.9,33.0,33.5,33.5,33.1,33.0,33.1,33.4,33.2,33.6,33.2,33.4,33.0,33.2,33.3,33.4,33.0,32.9,33.1,33.6,32.9,33.2,32.9,33.7,33.2,33.2,33.0,33.5,33.4,33.2,33.3,33.8,34.0,33.2,33.8,33.4,33.5,33.4,33.2,33.1,33.3,32.8,32.9,33.3,33.2,32.8,33.2,33.4,33.0,33.1,33.4,33.1,33.2,32.9,33.1,33.2,33.4,33.3,33.5,33.2,33.8,33.1,33.0,33.2,33.9,34.0,33.2,33.5,32.8,33.1,33.2,33.6,33.1,33.5,32.8,33.2,32.7,32.9,32.9,33.1,33.0,33.2,33.1,33.2,33.1,33.1,33.4,33.3,33.3,33.4,33.1,33.2,33.1,33.1,33.3,33.5,33.8,33.6,33.2,33.5,33.4,33.3,32.8,33.0,33.1,33.3,33.1,33.1,33.4,33.3,33.1,33.0,33.2,33.2,33.3,33.0,33.3,33.0,33.0,33.1,33.2,33.0,33.2,33.5,33.1,33.4,33.5,33.7,33.5,33.9,33.3,33.4,33.2,33.0,32.8,33.5,33.1,33.4,33.3,33.3,33.2,33.2,33.2,33.4,32.6,32.9,33.0,33.1,32.9,33.2,33.1,33.5,33.1,33.3,33.3,33.4,33.5,33.1,33.0,33.4,33.9,33.4,33.6,33.4,33.2,33.2,33.3,33.3,33.4,33.9,33.4,34.8,34.2,34.0,33.6,33.7,33.3,33.3,33.0,33.1,33.2,33.1,33.3,33.4,33.3,33.3,33.3,33.0,33.5,33.3,33.5,33.4,33.4,33.6,33.5,33.2,32.9,33.1,33.2,33.1,34.0,33.3,34.3,34.1,34.6,34.7,33.9,34.3,33.5,33.5,33.0,33.2,33.3,33.1,33.2,33.4,33.6,33.1,33.2,33.3,33.3,33.5,33.6,33.7,33.8,33.6,33.4,33.9,33.4,33.8,33.6,34.5,34.3,34.5,34.6,35.0,34.7,34.6,34.6,34.4,34.7,34.3,33.6,33.4,33.6,33.3,33.2,33.7,33.5,33.4,33.5,33.5,33.2,33.4,33.5,33.6,33.5,33.9,33.8,34.0,34.5,33.9,33.8,33.8,34.5,34.6,34.7,34.8,34.4,34.8,34.3,35.1,34.0,34.5,33.6,34.2,33.5,33.9,33.4,33.7,33.6,33.6,33.5,33.6,33.6,33.4,33.2,34.0,33.6,33.6,34.1,34.5,35.1,35.7,35.3,34.3,34.5,34.2,34.6,34.9,34.7,34.9,34.4,34.1,35.0,33.8,33.7,33.8,34.1,33.6,33.7,33.6,33.8,33.9,33.8,33.9,33.6,33.8,33.6,33.5,33.7,33.7,34.0,34.2,35.0,35.4,34.5,35.1,34.2,34.4,34.4,34.8,34.8,34.6,34.1,34.2,33.7,34.5,33.8,33.9,33.5,34.0,33.6,34.0,33.7,33.6,33.7,34.0,33.1,33.9,33.3,34.2,33.9,33.6,34.0,34.3,34.8,34.4,34.5,34.5,34.2,34.1,34.4,35.0,34.9,34.6,34.0,34.6,34.1,34.6,33.9,34.0,34.0,33.8,33.9,33.8,34.0,33.8,33.6,34.1,34.0,33.6,33.8,34.0,33.5,33.5,33.9,33.9,34.0,34.3,33.9,34.1,34.3,34.4,34.6,35.0,34.4,34.5,34.6,33.8,34.8,33.9,34.5,34.0,33.7,34.0,33.5,34.0,33.6,34.0,33.9,33.9,33.5,33.5,33.7,34.2,33.9,33.7,34.3,34.5,34.1,34.1,34.3,34.3,34.4,34.2,34.4,34.9,34.6,34.6,34.1,34.3,34.3,34.3,34.1,34.1,34.2,34.0,34.1,33.9,33.9,33.6,33.6,33.8,34.0,33.7,34.2,34.2,33.6,34.0,33.7,34.5,34.1,34.0,34.1,34.4,33.6,33.9,34.3,34.5,34.9,33.9,33.8,34.4,33.6,34.7,33.5,34.4,33.9,34.1,33.8,34.0,33.5,34.0,33.9,33.8,33.9,34.3,33.9,34.5,33.7,33.2,34.0,33.8,33.9,33.5,34.2,34.0,33.8,34.2,34.2,35.1,34.7,34.3,34.6,33.8,34.7,34.0,34.3,33.8,33.8,33.6,33.7,33.7,33.7,33.7,33.8,33.9,33.8,33.6,34.0,34.2,33.5,33.8,33.3,33.9,33.4,33.5,33.7,34.1,33.8,34.2,34.3,34.8,34.2,nan,33.7,34.7,33.9,34.4,34.0,34.4,33.5,33.7,33.8,33.3,34.0,33.6,34.1,34.2,33.5,33.7,34.3,33.9,33.7,33.4,34.0,33.6,33.9,33.5,33.8,34.0,34.0,33.9,34.2,34.2,34.4,33.8,34.0,33.8,33.9,34.1,34.4,34.0,34.1,33.8,33.9,33.7,33.5,34.0,33.8,33.9,33.9,34.0,33.9,35.0,33.3,33.6,33.7,34.2,33.4,33.7,33.9,34.1,33.8,34.2,33.5,34.0,33.3,34.1,33.9,33.9,33.7,34.7,34.1,34.3,33.7,33.5,33.7,34.0,34.0,33.6,33.9,33.8,33.8,33.5,34.6,34.0,33.8,33.6,34.2,33.7,34.1,33.5,34.0,34.3,34.1,33.7,34.1,34.0,33.9,33.4,33.7,33.6,34.1,33.6,33.9,34.1,33.7,33.8,34.2,33.7,34.0,34.0,33.7,34.2,34.1,34.5,34.0,34.9,33.5,34.1,33.4,33.5,33.5,34.0,33.8,34.3,33.8,34.3,33.9,33.8,33.7,33.7,33.7,33.9,33.4,33.7,33.5,34.1,33.5,33.7,34.2,34.0,33.6,33.7,33.6,34.1,34.4,33.8,34.7,34.4,34.2,33.5,33.7,33.9,33.8,33.6,33.9,33.9,34.4,33.7,34.2,34.2,33.7,33.5,33.9,34.3,33.5,33.5,33.7,33.9,33.7,33.2,33.8,33.6,34.2,33.6,34.1,34.2,34.0,34.4,34.2,34.7,33.1,33.9,33.3,34.0,33.3,33.7,33.4,34.2,33.5,34.4,33.9,34.6,33.7,33.6,33.7,33.7,33.6,33.8,33.7,33.8,33.3,33.7,33.6,34.0,33.3,34.0,33.3,34.0,34.1,33.9,34.6,34.7
1785310575.5677714,779,34.1,33.7,33.9,33.9,33.8,33.4,33.5,34.0,33.6,33.5,33.3,33.5,33.6,33.3,33.2,33.4,33.2,33.1,33.0,33.8,33.8,33.3,33.3,33.7,33.3,33.1,33.5,33.6,33.7,33.1,33.8,33.9,33.6,33.3,34.0,33.5,33.7,33.5,33.8,33.8,33.3,33.4,33.6,33.6,33.2,33.4,33.5,33.4,33.0,33.2,33.5,33.6,33.5,33.3,33.4,33.3,33.6,33.2,33.6,33.7,33.6,33.4,33.8,33.8,33.7,33.9,33.5,33.4,33.5,33.5,33.2,33.5,33.3,33.2,33.4,33.5,33.3,33.2,33.3,33.2,33.0,33.2,33.5,33.7,33.4,33.3,33.5,33.5,33.4,33.5,33.3,33.1,33.4,33.3,33.4,33.9,33.4,34.0,33.4,33.7,33.2,33.0,33.5,33.3,33.3,33.3,33.7,33.9,33.1,33.3,33.2,33.3,33.7,33.3,33.3,33.5,33.1,33.6,33.5,33.6,33.1,33.6,33.1,33.8,33.3,33.5,34.0,33.7,33.3,33.5,33.2,33.9,33.6,33.1,33.5,33.7,33.3,33.2,33.3,33.6,33.3,33.0,33.2,33.3,33.8,33.0,33.4,33.4,33.1,33.2,33.4,33.3,33.2,33.2,33.2,33.7,33.5,33.3,33.3,34.1,33.7,33.5,33.5,33.6,33.2,33.4,33.4,33.7,33.3,33.4,34.5,33.6,33.2,33.4,33.4,33.6,33.6,33.1,33.4,33.2,33.2,33.4,33.2,33.5,32.9,33.1,33.4,33.6,33.6,33.2,33.4,33.6,34.1,33.4,33.6,33.6,33.4,33.4,34.0,34.6,34.9,35.1,35.1,34.8,34.0,33.7,33.4,33.9,33.3,33.1,33.2,33.3,33.4,32.7,33.1,33.2,33.1,33.1,33.7,33.7,33.5,33.1,33.5,33.6,33.6,33.6,34.1,33.8,33.5,33.7,34.8,34.7,35.0,35.5,35.5,34.9,33.8,34.1,34.1,34.1,33.8,33.8,33.6,33.5,33.3,33.3,33.7,33.6,33.5,33.2,33.7,33.5,33.7,33.3,33.8,33.7,34.0,34.2,35.4,35.6,34.4,34.3,34.6,34.8,35.3,35.3,35.3,34.7,33.8,33.6,34.1,34.2,34.1,33.9,33.9,33.9,33.7,33.4,33.4,33.5,33.3,33.4,33.4,34.0,33.7,33.8,33.5,33.4,33.9,34.5,35.8,35.8,35.0,34.3,34.7,35.0,35.6,35.5,35.0,34.9,33.5,34.1,34.2,34.0,33.5,34.0,34.1,34.5,33.7,34.0,33.7,33.8,33.2,33.4,33.7,33.9,33.4,33.8,33.4,33.5,34.2,34.4,35.3,35.4,34.5,34.1,34.4,34.8,35.0,35.2,34.5,34.2,33.7,33.8,34.0,34.3,34.1,33.8,33.9,33.6,33.9,33.8,34.0,34.1,34.0,33.7,33.9,34.1,33.8,33.8,33.8,33.3,33.7,33.9,34.0,34.8,34.3,34.5,34.7,34.5,35.0,35.0,34.4,34.1,33.7,33.5,33.6,34.2,34.0,34.0,34.0,34.0,33.8,33.7,33.7,34.1,33.7,33.8,34.0,34.1,33.8,34.0,34.7,34.6,34.3,34.0,34.3,34.5,34.3,33.9,34.3,34.6,35.0,34.5,34.0,34.2,33.4,33.6,33.9,34.6,34.4,33.8,33.9,34.1,33.8,33.5,33.7,33.9,33.9,33.6,33.8,33.7,34.5,34.5,34.6,34.6,34.0,33.9,34.2,34.1,34.0,34.1,34.4,34.7,34.8,34.7,33.9,34.1,33.4,33.4,33.7,34.2,34.0,34.1,34.2,34.2,33.8,33.7,33.5,33.7,33.9,34.0,34.0,34.1,34.0,34.4,34.1,34.6,34.1,34.5,34.3,34.2,34.7,34.3,34.3,35.5,34.8,34.2,33.9,34.1,33.8,33.8,33.8,33.8,34.0,33.9,34.1,34.3,33.9,34.1,33.9,33.9,34.1,33.9,33.8,34.2,33.8,33.6,34.4,34.4,33.4,34.4,34.3,34.1,33.9,34.3,35.0,34.9,34.0,34.1,34.1,34.2,33.9,33.4,33.5,33.9,33.7,33.9,33.8,34.2,33.8,34.1,34.0,34.2,33.4,33.9,34.0,34.1,33.8,33.7,34.1,34.1,34.1,33.8,34.0,34.0,33.9,33.9,34.5,34.7,34.3,33.7,34.1,33.7,33.7,33.6,33.9,34.3,33.8,33.6,33.8,33.8,33.9,33.6,34.1,33.9,34.2,33.5,33.8,33.9,33.8,33.6,33.8,34.2,33.5,33.7,33.9,33.7,33.9,34.0,34.4,34.4,34.1,34.1,33.6,34.0,33.9,nan,34.0,34.0,33.2,33.6,33.8,33.9,33.9,34.2,34.3,34.4,34.0,33.9,33.9,33.6,34.1,33.8,34.1,34.1,33.9,33.4,34.2,34.0,34.3,34.1,34.3,34.3,33.8,33.5,33.9,33.9,33.9,33.8,34.3,34.1,33.8,33.9,33.9,33.8,33.6,34.1,34.0,34.2,34.0,33.7,34.3,34.8,33.9,33.8,34.3,33.9,33.7,34.1,34.1,34.0,33.9,34.0,33.8,34.1,33.6,34.0,33.8,34.0,33.6,33.9,33.9,34.3,34.1,33.9,33.9,34.3,33.9,33.9,34.3,34.5,33.8,34.1,35.0,35.2,33.8,34.0,34.1,34.4,34.2,33.4,33.8,34.4,33.9,33.6,34.2,34.3,34.0,33.8,33.7,33.9,33.7,33.9,33.7,33.6,33.8,33.7,33.8,34.1,33.9,33.6,34.0,34.2,34.2,34.0,35.6,35.7,34.7,33.9,34.2,34.7,33.4,34.0,34.4,34.4,34.1,34.2,34.3,34.5,34.0,34.0,34.0,33.9,33.7,33.7,33.9,34.1,33.7,33.7,33.8,33.7,33.5,33.8,34.3,34.2,33.9,33.9,35.3,35.4,34.0,34.2,34.5,34.4,34.1,33.5,34.1,34.5,34.0,34.0,34.3,34.3,34.2,34.0,34.2,34.2,34.0,33.8,34.0,33.9,33.7,33.7,34.2,34.1,33.7,33.9,33.8,34.0,33.8,34.0,35.0,34.8,34.2,34.2,34.6,34.7,33.3,33.8,34.2,34.0,33.5,33.9,33.8,34.2,33.7,34.0,33.9,34.4,34.1,34.1,33.9,33.9,33.7,33.7,33.9,34.1,33.7,34.0,34.2,33.8,33.8,33.8,34.7,34.6,34.0,34.3,34.3,34.7
1785310578.1248667,780,33.8,33.9,33.4,33.4,33.8,33.6,33.5,33.6,33.2,33.3,33.1,33.3,33.2,33.1,33.4,33.2,33.1,33.3,33.2,33.1,33.6,33.3,33.1,33.1,33.5,33.3,33.3,33.2,33.9,33.7,33.5,33.7,33.9,33.5,33.3,33.3,33.5,33.7,33.3,33.4,33.1,33.4,33.2,33.0,33.4,33.5,33.1,33.2,33.2,33.0,33.3,33.2,33.5,33.5,33.0,33.2,33.4,33.2,33.0,33.3,33.6,33.4,33.3,33.3,33.7,33.7,33.5,33.1,33.3,33.3,33.2,33.3,33.1,33.4,33.2,33.5,33.3,33.2,33.3,33.0,33.0,33.6,32.8,33.0,33.4,33.1,32.9,33.4,33.6,33.3,33.0,33.1,33.6,33.5,33.6,33.4,33.4,33.7,33.4,33.2,33.2,33.2,33.5,33.3,33.5,33.1,33.2,33.7,33.3,33.3,33.2,33.3,33.3,33.3,32.9,33.3,33.3,33.3,33.0,33.4,33.3,33.0,33.1,33.2,33.3,33.3,33.1,33.7,33.3,33.3,33.0,33.1,33.4,33.5,32.9,33.2,33.8,33.3,32.8,33.1,33.3,33.3,33.2,33.2,33.1,33.2,33.1,32.8,33.3,33.5,33.0,33.3,33.4,33.0,33.2,33.5,33.5,33.5,32.9,33.3,33.9,33.4,32.9,33.4,33.6,33.2,33.0,33.3,33.3,33.6,33.4,33.3,33.2,33.2,33.4,33.4,33.3,33.2,32.9,33.4,33.6,33.0,33.2,33.1,33.1,33.4,33.4,33.4,33.4,33.2,33.2,33.2,33.7,33.2,33.4,33.0,33.7,33.6,33.8,34.0,34.9,35.4,34.6,34.3,34.0,33.5,33.5,33.5,33.3,33.3,32.9,33.1,33.2,33.1,33.0,33.2,33.1,33.0,33.5,33.4,33.5,33.5,33.2,33.4,33.8,34.0,33.7,33.9,33.3,34.0,34.3,34.7,35.5,35.5,34.8,34.7,34.1,33.8,33.5,33.8,33.7,33.5,33.3,33.5,33.3,33.1,33.0,33.4,33.4,33.6,33.4,33.3,33.3,33.1,33.1,33.4,34.0,33.8,35.0,35.3,35.4,34.3,34.3,34.5,35.2,35.1,34.8,34.7,33.9,33.9,33.6,34.1,34.1,33.6,33.9,33.9,33.9,33.6,33.2,33.4,33.3,33.2,33.5,33.4,33.3,33.6,33.3,33.2,33.9,34.1,34.8,35.8,35.2,34.8,34.3,34.7,34.9,35.2,34.8,34.4,33.8,33.6,33.9,34.3,34.1,33.6,33.9,34.2,33.8,33.8,33.2,33.6,33.7,33.8,33.5,33.4,33.4,33.6,33.4,33.5,34.2,34.0,34.3,35.1,35.1,34.6,34.0,34.3,34.8,34.8,34.3,34.4,33.6,33.8,33.4,33.8,34.1,33.8,33.7,34.0,34.1,33.8,33.5,33.4,34.0,34.1,33.7,33.6,33.6,33.6,33.6,33.5,34.1,34.1,34.0,34.4,34.1,34.3,33.8,34.4,34.6,34.4,34.3,34.0,33.9,33.5,33.5,33.5,33.9,34.0,33.6,33.5,33.7,34.0,33.4,33.8,33.7,34.3,33.7,34.3,33.8,33.5,33.7,34.2,33.9,34.3,33.9,33.9,34.3,34.1,33.6,33.9,33.8,34.2,34.0,33.7,33.8,33.6,33.6,34.1,34.4,34.1,33.7,34.0,33.8,33.7,33.6,33.7,33.9,33.8,33.6,34.0,34.1,34.2,35.0,34.6,34.4,33.7,34.2,33.7,34.0,34.1,34.0,33.7,34.4,34.1,33.9,34.0,33.6,33.6,33.2,33.9,33.9,34.2,34.0,34.2,33.8,33.7,33.7,33.5,33.6,34.0,33.8,33.7,34.0,34.0,34.5,34.4,34.3,34.5,34.1,34.2,34.3,33.9,33.9,34.3,35.0,34.5,33.9,33.9,33.6,33.6,33.4,33.5,34.3,34.1,33.7,34.1,34.1,33.8,33.6,33.7,33.9,33.4,33.8,34.0,33.8,33.6,34.2,33.8,34.1,34.0,34.1,33.9,33.9,34.2,34.4,34.8,34.9,35.1,34.6,34.0,33.9,33.7,33.5,33.6,33.7,34.0,33.8,33.9,34.0,34.2,33.8,34.0,33.8,33.8,34.0,34.1,33.7,33.5,34.1,33.7,33.9,33.8,33.6,33.8,33.7,33.7,34.0,34.1,35.0,34.5,34.4,34.7,34.2,33.9,33.6,34.0,33.4,33.6,33.6,33.8,33.7,33.8,34.2,33.9,34.2,33.5,33.8,33.9,33.6,33.8,33.8,34.0,33.7,33.9,33.5,33.7,33.9,33.7,33.9,34.2,34.1,35.0,34.6,34.1,34.2,nan,33.7,33.7,33.6,33.7,33.5,33.6,33.7,33.5,34.0,33.8,33.8,33.9,33.7,34.0,33.7,33.6,33.9,34.0,33.9,33.4,33.6,34.0,33.7,33.9,33.8,34.1,33.7,34.0,33.5,34.9,33.8,33.9,33.9,34.3,33.9,33.6,33.6,34.0,33.9,33.8,33.8,33.9,34.2,33.9,34.1,33.9,34.1,34.0,33.6,34.2,33.7,33.6,33.7,33.8,33.9,34.4,33.8,33.9,34.0,33.8,34.0,33.8,34.1,33.9,33.7,34.0,33.7,33.9,33.9,33.7,33.7,33.7,33.6,34.0,33.8,34.1,34.2,34.5,34.4,33.8,33.9,33.8,34.0,34.3,33.3,34.1,34.1,34.2,33.8,34.2,33.9,33.5,33.7,34.0,33.9,33.8,33.7,33.7,33.8,33.7,33.5,33.6,33.5,33.6,33.7,33.9,34.0,33.8,34.9,35.1,34.9,33.9,34.2,33.8,33.7,33.6,34.0,33.9,33.9,34.2,34.1,34.5,34.0,33.6,33.7,33.8,33.7,33.9,33.9,33.7,33.7,33.5,33.6,33.9,33.7,33.8,34.1,33.8,33.7,33.7,34.2,35.6,34.4,34.4,34.0,34.4,34.1,33.7,33.7,34.1,34.0,34.0,34.1,33.9,34.0,34.4,33.6,33.7,34.2,34.0,33.8,33.7,33.7,33.5,34.0,33.9,33.8,33.7,33.8,33.4,34.0,34.2,34.8,35.2,34.2,34.0,34.4,34.2,33.8,33.6,33.8,34.2,33.9,34.1,34.2,34.4,34.2,34.4,33.7,34.2,34.1,34.2,34.1,34.0,33.9,33.7,33.7,33.9,33.9,33.3,33.6,33.8,33.8,34.0,34.1,34.5,34.2,34.3,34.1,34.9
1785310580.6769283,781,33.8,33.1,33.4,33.4,33.6,33.4,33.5,33.6,33.6,33.5,33.3,33.3,33.0,32.9,33.4,33.4,33.2,33.1,33.4,33.3,33.2,33.3,33.5,33.1,33.3,33.1,33.5,33.6,33.5,33.3,33.8,33.4,33.6,33.5,34.0,33.5,33.5,33.5,33.1,33.6,33.3,33.2,33.2,33.2,33.2,33.4,33.3,33.4,33.0,33.2,33.3,33.6,33.1,33.2,33.0,33.4,33.2,33.0,33.4,33.7,33.6,33.2,33.3,33.8,33.7,33.9,33.5,34.1,33.5,33.5,33.6,33.5,33.3,33.4,33.4,33.3,33.3,33.0,33.5,33.2,32.7,33.0,33.2,33.2,33.2,32.9,33.5,33.2,33.2,33.3,33.5,33.5,33.8,33.3,33.9,34.1,33.4,33.3,33.4,33.7,33.0,33.0,33.3,33.3,33.3,33.1,33.5,33.7,32.9,33.4,33.2,33.3,33.3,33.5,33.5,33.3,33.3,33.1,33.4,33.8,33.3,33.0,32.9,33.4,33.3,33.3,33.5,33.7,33.6,33.3,33.4,33.5,33.2,33.1,33.3,33.4,33.3,33.3,33.7,33.4,33.3,33.3,33.2,33.0,33.2,33.0,33.1,33.5,33.1,33.0,33.5,33.1,33.4,33.2,33.0,33.3,33.1,33.3,33.8,33.9,33.2,33.9,33.3,33.2,33.1,33.2,33.4,33.7,33.6,34.3,34.0,34.1,33.2,33.5,33.5,33.4,33.3,33.2,32.9,33.2,33.6,33.2,32.9,33.1,32.9,33.2,33.2,33.6,33.2,33.2,33.4,33.6,33.9,33.4,33.8,33.8,33.9,33.6,34.2,34.2,34.8,35.8,35.4,34.8,34.3,33.5,33.9,34.0,33.8,33.8,33.7,33.8,33.6,33.2,33.1,33.3,33.3,33.1,33.3,33.4,33.3,32.7,33.7,33.6,33.6,33.5,34.1,34.4,33.9,34.2,34.5,34.3,35.5,35.3,34.8,34.9,33.9,34.1,33.8,34.0,33.8,34.0,33.9,34.0,33.5,33.6,33.5,33.6,33.2,33.4,33.7,33.5,33.3,33.3,33.3,33.9,33.8,34.0,34.6,35.6,35.4,34.9,34.4,34.6,34.8,34.4,34.8,34.6,33.9,33.4,33.9,34.1,33.9,33.5,33.7,33.7,34.0,33.6,33.9,33.9,33.8,33.2,33.5,33.6,33.3,33.2,33.7,33.8,33.7,33.4,34.6,35.2,35.0,35.0,34.5,34.5,34.4,34.7,34.7,34.7,33.5,33.6,33.8,34.0,33.6,33.3,33.8,33.8,33.8,34.2,33.9,33.8,33.4,33.8,33.5,33.7,33.6,33.4,33.8,33.7,33.8,33.4,34.1,34.3,34.3,34.8,34.2,34.7,34.3,34.5,34.5,34.6,33.6,33.5,33.6,33.8,33.8,33.6,34.1,33.5,33.6,33.4,33.8,33.6,33.8,33.9,33.9,34.3,34.1,33.4,34.0,33.7,33.5,33.7,34.2,34.0,33.9,33.9,33.8,34.4,34.1,34.2,34.1,34.1,33.5,33.5,33.5,33.7,33.9,33.8,33.8,33.7,33.5,33.5,33.9,33.8,33.6,33.8,33.9,33.9,33.7,34.0,35.0,34.6,33.9,34.0,34.3,33.7,33.9,33.9,33.9,34.1,33.9,33.5,33.8,33.7,33.8,33.3,33.6,34.0,34.1,33.6,34.2,34.1,33.9,33.6,33.7,33.7,33.7,33.4,33.9,33.9,34.0,33.8,35.0,34.6,33.7,33.7,34.2,34.1,33.8,33.9,34.2,34.4,34.1,34.3,33.9,33.8,33.4,33.4,33.5,33.9,34.0,34.2,34.2,34.0,33.4,33.7,33.7,33.7,33.7,33.6,33.7,33.9,33.5,33.7,33.9,34.4,34.1,33.8,34.1,34.1,33.8,33.7,34.3,34.8,35.0,34.4,34.1,33.9,33.6,33.3,33.4,33.6,33.7,33.5,33.9,33.8,34.1,33.9,33.9,33.6,33.7,33.4,33.8,33.5,33.6,33.6,34.0,34.4,33.6,34.0,33.9,33.9,33.6,33.6,34.3,34.4,34.6,35.1,34.0,33.8,33.4,33.6,33.7,33.7,33.4,33.6,33.8,34.1,33.5,33.9,34.1,34.2,33.8,33.8,33.7,33.8,33.5,33.7,33.9,34.3,33.5,33.6,33.6,34.0,33.9,33.3,34.3,34.5,34.7,35.0,34.4,34.1,33.9,33.4,33.9,33.8,33.8,33.3,33.4,33.6,33.6,33.3,33.9,33.7,34.1,33.7,34.0,34.1,34.0,33.6,33.4,33.5,33.9,33.7,33.5,33.5,33.5,33.5,34.2,34.2,34.8,35.6,34.1,33.6,33.7,nan,34.0,34.0,33.4,33.9,33.7,33.6,33.5,33.7,34.0,33.8,34.0,33.8,33.7,33.8,33.5,33.8,33.9,34.0,34.2,33.8,33.8,33.8,33.7,34.1,33.8,34.1,34.0,34.3,33.9,33.9,33.4,33.8,33.8,33.8,33.9,33.4,33.9,33.8,33.6,33.6,33.8,33.9,33.8,33.8,34.3,34.6,33.9,34.0,34.5,34.1,33.7,33.4,33.5,33.8,34.1,33.7,33.8,34.3,34.0,33.8,33.7,33.8,33.6,33.6,33.8,33.8,33.7,33.7,33.7,33.9,33.4,33.5,34.0,33.8,33.8,33.7,34.4,34.5,34.6,34.4,34.1,34.2,33.8,33.6,34.2,33.7,33.7,33.6,34.3,34.7,34.2,33.3,33.7,33.9,33.7,33.4,33.9,33.7,33.6,33.4,34.0,33.7,33.7,33.4,33.9,34.0,33.8,33.8,34.1,35.1,34.9,34.1,34.2,34.5,33.4,33.8,33.8,34.1,33.7,34.0,34.0,34.3,34.1,34.2,33.7,33.8,33.5,33.7,33.8,33.9,33.9,33.5,33.6,33.7,33.1,33.5,34.0,33.8,33.6,33.9,34.0,35.0,34.4,34.2,34.5,34.6,33.9,33.5,33.9,33.9,33.8,33.8,34.1,33.9,33.6,34.0,34.0,34.0,33.8,34.0,34.2,34.1,33.5,33.7,33.6,33.7,33.5,33.5,34.2,34.0,34.0,33.8,34.4,34.4,34.2,34.2,34.4,34.2,33.3,33.4,33.8,34.0,33.5,34.3,33.8,34.0,33.9,34.0,34.1,34.2,33.9,34.1,33.9,33.9,33.4,33.6,33.7,33.8,33.5,33.7,33.8,33.5,33.6,34.0,34.3,34.2,34.0,34.5,34.1,34.4
1785310583.215798,782,33.8,33.6,33.1,33.3,33.3,33.6,33.5,33.3,33.4,33.2,33.1,33.5,33.2,33.4,33.4,33.2,33.2,33.6,33.2,33.8,33.2,33.3,33.1,33.3,33.3,33.1,33.3,33.8,33.5,33.7,33.3,33.9,33.9,33.5,33.7,33.3,33.0,33.5,33.3,33.2,33.3,33.0,33.4,33.0,33.3,33.5,33.3,33.5,33.3,33.4,33.4,33.6,33.3,33.1,33.4,33.6,33.2,33.2,33.4,33.5,33.8,33.2,33.5,34.0,33.4,33.7,33.1,33.6,33.3,33.5,33.2,33.5,33.5,33.6,33.1,33.5,33.1,33.1,33.0,33.4,33.2,33.2,33.2,33.4,33.4,33.1,33.3,33.5,33.2,33.2,33.0,33.5,33.4,33.7,33.4,34.1,33.8,33.7,33.6,33.4,33.2,33.4,33.7,33.1,33.4,33.1,33.3,33.4,33.4,33.1,33.4,33.3,33.3,33.1,33.6,33.1,33.1,33.1,33.3,33.4,33.3,33.0,33.3,33.2,33.5,33.1,33.5,34.0,33.6,33.8,33.2,33.9,33.4,33.8,33.5,33.3,33.3,33.1,33.3,33.4,33.1,33.1,33.2,33.3,33.3,33.2,32.9,33.3,33.1,33.1,33.0,33.3,33.6,33.7,33.4,33.7,33.3,33.1,33.3,33.9,33.4,33.2,33.7,33.0,33.3,33.2,33.6,33.3,33.6,33.3,33.8,32.9,33.0,33.0,33.3,33.2,33.2,33.6,33.3,33.4,33.4,33.0,33.6,33.3,33.1,33.2,33.4,33.4,33.4,33.4,33.4,33.4,33.6,33.6,33.6,33.8,33.6,33.4,33.3,34.0,33.4,34.4,33.2,34.6,33.7,33.5,32.9,33.7,33.3,33.4,33.2,33.3,33.5,33.1,33.5,33.1,33.3,33.1,33.3,33.4,33.5,33.3,33.4,33.6,33.6,33.8,34.0,33.3,33.3,33.1,34.4,33.1,34.7,33.5,35.3,34.2,34.2,33.6,33.8,33.3,33.6,33.2,33.6,33.2,33.1,33.1,33.5,33.2,33.3,33.2,33.3,33.3,33.1,33.1,33.7,33.9,33.7,33.8,33.6,35.0,33.6,34.5,33.4,34.6,34.3,35.3,35.3,34.8,34.9,34.1,33.7,34.0,33.6,33.9,33.4,34.0,33.4,33.7,32.9,33.5,33.1,33.4,33.0,33.4,32.9,33.4,33.5,33.4,33.9,33.9,34.3,33.8,35.2,34.2,34.3,34.2,34.4,34.5,34.7,35.6,33.9,34.4,33.8,34.0,34.1,33.5,34.1,33.7,33.8,33.8,34.1,33.6,33.6,33.2,33.8,33.6,33.6,32.9,33.4,33.5,33.5,33.8,34.1,34.6,34.9,34.9,35.1,34.5,34.5,34.7,34.8,34.7,34.5,33.9,33.6,34.1,33.6,33.8,34.0,34.1,33.9,33.9,33.8,33.6,33.6,33.7,33.4,33.9,33.6,33.4,33.4,33.5,33.7,33.5,34.0,34.2,34.5,34.8,34.3,34.5,34.4,34.1,34.6,34.8,34.0,34.6,33.8,33.7,33.7,34.0,33.8,33.7,33.7,33.8,33.7,33.8,33.5,33.6,34.0,33.4,34.0,33.3,34.2,33.4,33.6,34.0,33.9,34.1,34.4,34.4,34.3,33.9,34.2,34.2,34.2,34.2,34.4,33.6,33.8,34.1,33.6,33.8,33.6,33.8,33.5,34.0,33.9,33.7,33.9,33.7,33.8,33.8,34.1,34.0,33.6,34.7,33.9,33.5,34.0,33.7,33.8,34.1,34.0,34.1,34.1,34.1,34.2,34.3,33.7,34.0,34.0,33.7,33.8,33.9,34.2,34.3,33.8,33.7,33.8,33.5,33.4,33.8,33.8,34.1,33.8,34.0,34.6,33.8,33.2,34.5,33.9,34.3,33.8,33.7,33.9,34.4,34.0,34.7,33.9,33.9,33.9,33.6,33.8,33.6,33.5,33.8,34.1,34.4,33.7,33.9,33.9,33.7,33.7,33.5,33.6,34.2,34.0,33.4,34.2,34.3,33.6,33.8,34.1,33.7,33.9,33.4,34.4,34.4,34.6,33.9,34.3,34.3,33.7,33.6,33.7,33.4,33.2,34.0,33.9,34.6,33.8,34.0,34.0,33.9,33.9,33.4,33.7,33.8,33.8,33.5,34.4,34.5,33.9,34.0,33.6,34.0,33.5,33.5,33.8,34.1,34.5,35.2,35.0,34.1,33.7,33.6,33.6,33.8,33.4,33.9,33.9,33.9,34.1,33.9,33.7,34.0,33.9,33.5,33.8,34.1,33.8,33.8,33.4,34.1,34.1,33.7,33.6,33.9,33.7,33.3,33.7,33.9,34.6,34.3,34.8,34.6,33.7,nan,33.8,33.5,33.7,33.4,33.6,33.6,33.3,33.8,34.1,33.8,34.0,33.6,34.1,33.4,34.1,33.6,34.1,34.2,33.5,33.8,33.6,34.2,33.7,33.7,33.4,34.1,33.8,34.3,35.0,33.9,33.8,33.9,33.9,34.1,33.6,33.8,33.7,33.8,33.4,33.8,33.8,33.8,34.0,33.8,34.0,34.0,33.5,33.8,34.0,34.1,33.7,33.6,33.9,34.2,33.9,33.3,34.4,33.7,34.0,33.8,33.8,34.8,33.6,33.6,33.8,34.0,34.0,33.9,33.7,34.1,33.5,33.5,34.1,34.0,33.6,33.9,34.4,34.1,34.2,33.6,34.3,33.6,34.4,34.0,33.8,34.1,33.7,34.0,34.0,34.3,34.2,34.0,34.2,33.8,33.4,33.9,33.9,34.1,33.8,33.7,33.8,33.9,33.7,33.7,33.8,34.0,34.0,33.8,34.1,34.7,34.3,34.7,34.1,34.5,33.6,33.8,34.0,33.9,33.9,34.0,34.7,34.3,33.9,33.6,34.2,33.8,33.3,33.8,34.0,33.9,33.7,33.5,33.6,33.5,33.5,33.5,33.8,33.6,33.7,33.7,34.0,34.1,34.9,34.5,34.5,34.4,33.7,33.9,33.7,34.1,34.0,33.8,34.3,34.3,33.8,34.0,34.0,33.7,33.8,34.0,33.8,34.0,33.5,33.5,33.8,33.9,33.7,33.7,33.8,34.3,34.0,34.0,34.2,34.5,34.8,34.6,35.1,35.1,33.5,33.4,33.7,34.0,33.7,33.5,34.2,34.0,33.9,34.0,34.2,34.2,33.9,33.7,34.2,33.9,33.5,33.6,33.8,33.9,33.8,33.5,33.8,33.8,34.2,34.0,34.0,34.0,34.6,35.1,34.5,34.7
1785310585.7626834,783,34.1,33.9,33.6,33.6,32.9,33.2,32.8,33.3,32.6,33.3,33.1,32.9,33.2,32.9,33.2,33.0,33.1,32.9,33.4,33.1,33.6,33.1,33.1,32.9,33.5,33.1,32.9,33.2,33.5,33.0,33.0,33.1,33.9,33.8,33.8,33.0,33.3,33.7,32.9,33.2,32.9,33.0,33.0,33.4,33.0,33.0,32.9,33.0,33.0,32.8,33.1,33.0,32.9,32.8,32.8,33.4,33.2,32.8,32.8,33.5,33.6,32.9,32.8,33.6,33.9,33.9,33.5,33.4,33.1,33.3,33.0,33.3,33.1,33.2,32.9,33.1,32.8,33.2,32.8,33.2,33.2,33.0,33.0,32.9,33.2,33.2,32.9,33.2,33.4,33.1,33.2,32.9,33.6,33.1,33.4,33.7,33.4,33.7,33.2,33.7,33.2,33.2,32.7,33.1,33.1,32.6,32.8,33.0,33.1,32.9,32.9,32.9,33.2,33.1,33.1,33.0,33.0,32.9,33.0,33.1,33.1,33.0,32.5,33.4,33.1,32.9,33.3,33.5,33.1,33.8,33.6,33.3,33.0,33.3,33.1,33.0,33.1,33.0,32.8,32.9,32.8,33.2,33.6,33.0,33.3,33.2,32.9,33.0,32.8,33.2,33.0,33.3,33.2,33.4,33.0,32.9,33.1,33.5,33.1,32.8,33.2,33.4,33.7,33.4,33.3,32.8,32.8,33.1,32.9,32.7,33.1,32.8,32.9,33.2,33.2,33.4,33.1,33.1,32.7,33.1,33.1,33.2,33.1,33.1,33.3,33.1,32.9,33.4,33.6,32.8,33.0,33.4,33.9,33.4,33.4,33.2,33.6,33.6,32.6,33.0,33.0,33.2,33.1,33.1,33.5,33.3,33.7,33.1,33.1,33.0,33.2,33.1,33.1,32.9,33.1,33.0,32.9,33.1,33.1,33.0,33.1,33.5,33.2,33.2,33.1,33.5,33.4,33.5,33.1,33.3,33.0,33.4,33.0,33.0,33.1,33.9,33.6,34.9,34.1,34.0,33.0,33.0,33.0,33.3,33.0,32.8,33.0,33.0,32.8,33.2,33.2,33.3,33.3,33.3,32.9,33.0,33.3,34.0,33.2,33.5,33.0,33.4,34.4,34.3,34.3,33.4,34.3,34.1,35.3,35.2,34.7,34.7,34.2,33.8,33.4,33.6,33.6,33.1,33.0,33.2,33.1,33.0,33.0,32.5,33.3,33.6,33.1,33.4,33.5,33.6,33.4,33.4,33.5,33.9,34.7,35.7,34.9,34.2,34.0,34.2,34.9,34.9,35.0,34.3,33.8,33.8,33.4,33.8,33.5,33.5,32.9,33.6,33.1,33.4,32.9,33.4,33.0,33.0,33.0,33.5,33.3,33.4,33.5,33.3,33.4,33.9,34.6,35.5,34.8,34.5,34.1,34.2,34.7,34.6,34.5,34.6,33.9,33.8,33.6,33.8,33.8,33.6,33.5,33.7,33.6,33.6,33.4,33.4,33.4,33.3,33.2,33.3,33.5,33.5,33.6,33.4,33.6,33.9,34.2,34.4,35.1,34.2,33.9,34.1,34.6,34.6,34.6,34.5,33.9,33.5,33.5,34.0,34.0,33.5,33.6,33.8,34.1,33.8,33.5,33.8,33.5,33.3,33.3,33.4,33.4,33.6,33.4,33.5,33.5,33.7,33.6,33.9,34.0,34.0,33.5,34.0,34.1,34.4,34.1,34.3,33.8,33.3,33.4,33.8,33.9,33.6,33.6,33.7,34.0,33.8,33.8,33.7,33.8,33.6,33.6,33.4,33.1,33.3,33.5,33.7,33.4,33.9,33.2,33.5,33.9,33.9,33.9,34.0,33.9,33.6,33.8,33.7,33.5,33.4,33.4,33.7,33.8,33.7,33.5,33.5,33.9,33.6,33.3,33.9,33.6,33.8,33.7,33.8,33.7,33.6,33.5,33.6,34.1,33.7,33.7,33.6,33.8,34.2,33.7,33.9,33.8,33.9,33.6,33.5,33.7,33.5,33.6,33.6,34.2,33.9,33.9,33.6,33.5,33.4,33.8,33.8,33.8,33.6,34.2,34.0,33.6,34.0,33.3,33.7,33.9,33.4,33.5,33.4,33.6,33.8,34.0,34.1,33.9,33.6,33.2,33.6,33.4,33.6,33.6,34.1,34.0,34.2,34.0,34.4,33.8,33.8,33.3,33.8,33.7,33.7,33.9,34.3,33.7,33.8,33.6,33.6,33.5,33.5,33.4,33.6,33.8,34.0,34.2,34.2,35.0,34.4,33.7,33.6,33.4,33.5,33.3,33.3,33.7,33.9,33.9,33.9,34.2,33.9,33.6,33.5,33.8,33.8,33.6,33.5,33.5,33.7,33.5,33.5,33.7,33.5,33.3,33.3,33.3,33.6,34.0,34.5,34.9,nan,33.5,33.9,33.5,33.4,33.3,33.6,34.0,33.8,33.6,33.8,34.3,33.9,33.7,33.8,33.5,33.4,33.7,33.8,33.7,33.6,33.6,34.0,33.7,33.9,33.6,33.6,33.5,33.7,34.0,34.4,35.2,35.1,33.4,33.6,33.8,33.3,33.7,33.6,33.6,33.5,33.3,33.7,33.8,33.7,33.8,33.8,33.9,33.6,33.6,33.7,33.5,33.8,33.5,33.8,33.1,33.5,33.3,33.8,33.6,33.6,33.7,34.1,34.7,34.0,33.5,33.3,33.6,33.7,33.7,33.9,33.5,33.7,33.3,33.6,33.6,33.5,33.7,33.9,33.6,33.8,33.5,33.6,34.0,33.8,33.6,33.7,33.7,33.8,33.4,33.8,34.2,34.0,33.7,34.0,33.7,33.8,33.7,33.6,33.6,33.9,34.0,33.7,33.5,33.6,33.3,33.5,33.8,33.8,34.1,34.2,34.3,33.9,33.9,34.0,33.7,33.6,33.3,33.9,33.3,33.4,33.4,34.0,34.0,34.0,33.9,33.8,33.5,33.9,33.5,34.1,33.9,33.4,33.5,33.9,33.5,33.5,34.0,33.6,33.6,33.5,33.8,33.9,33.8,33.8,34.0,34.6,33.4,33.7,33.4,34.1,33.8,34.0,33.7,33.5,33.5,34.2,34.2,34.0,33.5,33.7,33.8,33.7,33.5,33.5,33.6,34.1,33.7,33.5,33.8,33.6,33.8,33.8,34.0,33.8,33.8,34.2,35.5,35.1,33.6,33.6,33.8,33.8,33.3,33.7,33.2,33.6,33.7,33.6,34.2,34.1,34.1,33.9,33.7,33.9,33.7,33.7,33.5,33.9,33.5,33.5,33.2,33.7,34.0,33.8,33.7,34.0,34.2,34.1,35.2,35.6
1785310588.316201,784,34.3,33.6,33.1,33.9,33.1,33.4,33.2,33.8,33.4,33.5,32.9,33.3,33.0,33.4,33.0,33.6,32.9,33.1,33.0,33.6,33.4,33.1,32.9,33.7,33.3,33.5,32.9,33.8,33.2,33.5,33.5,33.9,33.9,33.0,33.7,34.0,33.5,33.0,33.3,33.4,33.3,33.2,33.0,33.4,33.3,33.4,33.3,33.4,33.2,32.8,33.4,33.0,33.3,33.3,33.6,33.5,33.0,33.0,33.4,33.5,33.4,33.2,33.5,33.6,33.4,34.2,32.8,33.8,33.1,33.5,33.2,33.5,33.1,33.2,33.3,33.8,33.1,33.3,33.5,33.0,32.8,33.2,33.0,33.2,33.0,33.1,33.5,33.5,33.2,33.4,33.1,33.5,33.6,33.5,33.2,33.9,34.3,33.7,33.9,33.7,33.6,33.0,33.1,33.5,33.4,33.1,33.1,33.4,33.1,33.1,33.2,33.1,33.5,33.2,33.5,33.2,33.1,33.1,33.4,33.2,33.1,33.2,33.3,33.4,33.7,33.3,33.5,33.7,33.3,34.0,33.4,33.9,33.0,33.3,33.1,33.4,32.8,33.1,33.0,33.6,33.1,33.5,33.2,33.5,33.0,33.4,33.1,33.5,33.1,33.3,33.4,33.3,33.6,33.4,33.4,33.3,32.9,33.5,33.3,33.9,33.7,33.5,33.9,33.4,33.3,33.0,33.2,33.3,33.5,33.1,33.6,33.3,33.2,33.0,33.5,33.6,33.1,32.9,33.2,33.2,33.2,33.0,33.6,33.5,33.3,33.1,33.2,33.4,33.4,33.2,33.4,33.8,33.9,33.6,33.4,33.8,33.2,33.0,33.1,33.1,33.0,33.4,32.9,33.6,33.2,33.5,33.2,34.0,33.0,33.1,32.9,33.3,33.4,33.2,33.3,33.5,33.3,33.1,33.1,33.4,33.3,33.5,33.5,33.6,34.0,33.6,33.6,33.8,33.1,33.1,33.4,33.3,33.1,33.0,33.8,33.1,33.8,33.0,34.2,33.3,33.2,33.2,33.3,33.3,33.3,32.8,33.2,33.0,33.5,33.1,33.4,33.5,33.7,33.3,33.5,33.7,33.1,34.0,33.2,33.9,33.0,33.8,33.4,34.3,33.2,33.8,33.7,34.5,33.9,34.5,33.4,34.4,33.3,33.8,32.9,33.3,32.9,32.9,33.1,33.5,32.6,33.4,33.0,33.4,33.3,33.6,33.3,33.6,33.9,33.7,33.8,33.6,33.7,33.4,34.3,33.6,34.6,33.4,34.3,34.3,34.7,34.0,35.0,33.7,34.1,33.3,33.8,33.7,33.5,32.7,33.4,33.5,33.4,33.4,33.1,33.4,33.2,32.9,33.2,33.7,33.1,33.6,33.5,33.5,33.6,34.8,33.7,35.3,34.0,34.7,34.3,34.7,34.5,35.0,34.7,34.9,34.1,33.9,33.6,33.8,33.5,33.7,33.4,34.1,33.5,33.4,33.4,33.7,33.8,33.4,33.2,33.3,33.9,33.5,33.4,33.6,34.1,33.8,35.0,33.9,34.9,34.1,34.6,34.5,35.1,34.8,35.2,34.3,33.7,33.5,34.0,33.9,33.7,33.9,33.7,34.1,33.6,33.1,33.9,33.6,33.6,33.5,33.3,33.6,33.2,33.8,33.8,33.9,34.5,34.8,35.0,35.0,34.5,34.5,34.0,34.7,35.2,35.0,34.9,34.9,34.0,33.8,33.6,34.3,33.8,34.1,33.4,34.1,34.0,33.8,33.8,33.7,33.8,33.8,34.0,33.6,33.9,33.1,33.8,33.9,34.7,35.2,35.2,34.9,34.6,34.3,34.4,34.8,34.7,34.8,35.2,34.7,33.5,33.6,34.2,33.9,33.8,33.7,34.0,33.7,34.1,33.6,33.8,34.1,34.2,33.7,33.7,34.6,33.9,34.1,34.1,34.3,34.8,34.6,35.5,34.8,34.2,34.7,34.4,34.9,35.4,34.9,34.6,34.4,33.8,34.1,33.7,34.1,33.7,33.8,33.9,33.9,33.7,33.9,33.6,34.4,34.0,33.8,34.6,34.2,33.6,33.6,33.9,34.1,34.3,34.9,34.8,34.8,34.6,34.1,34.6,35.0,34.7,35.0,34.3,34.6,33.9,33.9,34.4,34.1,34.0,33.9,34.1,34.2,33.9,33.6,34.2,34.3,33.6,34.1,34.3,34.5,33.5,33.8,34.0,34.4,33.9,33.9,34.5,34.7,34.7,34.3,34.9,34.9,35.2,34.6,34.1,33.8,33.8,33.8,33.9,34.6,33.9,34.1,33.7,33.9,33.6,33.7,33.8,34.1,34.0,34.1,33.8,34.2,33.9,33.3,33.9,33.7,34.1,33.5,34.2,34.2,34.6,34.7,34.8,35.1,34.9,nan,34.0,33.9,33.4,33.4,34.1,34.4,34.2,33.7,34.0,34.0,33.8,33.8,34.1,34.0,33.5,33.6,33.7,34.1,33.7,33.6,33.8,34.2,33.2,33.9,33.8,34.1,34.0,34.2,34.4,34.4,34.8,34.2,34.1,33.8,33.3,33.6,33.9,33.9,34.1,34.4,34.0,34.0,34.0,34.0,34.0,34.0,33.7,34.0,34.1,34.1,33.7,33.4,33.9,33.8,33.9,33.7,33.7,33.9,34.0,34.2,34.3,34.6,33.9,34.1,34.0,33.8,33.9,33.9,33.9,34.4,33.9,34.2,33.6,34.2,34.1,33.9,34.2,34.3,34.0,34.0,33.7,34.4,33.8,34.2,33.3,34.1,33.3,33.6,33.6,34.1,34.0,34.0,33.9,34.2,33.7,33.8,33.5,34.1,33.6,33.7,33.7,34.2,33.9,33.8,33.9,34.2,34.0,33.8,34.3,34.2,34.1,34.1,34.8,34.5,33.7,33.6,33.8,33.7,33.7,33.6,33.9,34.2,34.1,33.8,33.9,33.9,33.9,33.5,33.8,34.1,33.7,33.4,34.2,33.9,33.8,33.3,34.0,34.0,33.7,33.9,33.8,34.7,34.2,34.6,34.7,35.0,33.7,34.0,33.2,34.1,33.6,34.2,33.9,34.3,34.0,34.5,34.0,34.0,34.0,33.8,33.8,33.9,33.5,33.7,33.6,34.2,33.7,33.9,33.8,34.0,34.0,34.2,34.0,34.2,34.6,34.8,35.1,35.4,33.8,33.4,34.0,34.0,33.7,33.5,34.0,33.8,34.1,34.0,34.2,34.6,34.1,33.7,33.7,33.7,33.9,33.7,33.9,34.1,34.0,33.5,33.8,33.8,34.0,34.0,34.0,34.0,34.6,34.7,35.2,35.6
1785310590.858985,785,34.1,33.9,33.9,33.4,33.6,33.6,33.5,33.6,33.2,33.3,33.3,33.7,33.2,33.1,33.2,33.4,32.9,33.3,33.6,33.5,33.0,33.5,33.5,33.3,33.3,33.3,33.5,33.4,33.2,33.5,33.3,33.9,33.6,33.5,33.8,33.5,33.3,33.0,33.5,33.4,33.3,33.0,33.4,33.4,33.5,33.4,33.3,33.4,33.0,32.8,33.8,33.2,33.3,33.2,33.2,33.4,33.4,33.4,33.4,34.0,33.6,32.9,33.5,33.8,34.2,33.9,33.8,33.6,33.3,33.1,33.4,33.3,33.3,33.0,32.9,33.3,33.1,33.2,33.2,33.2,33.0,33.6,33.3,33.2,33.0,33.3,33.1,33.4,33.2,33.3,33.0,33.5,33.4,33.3,33.4,33.7,33.8,34.0,34.1,33.9,33.0,33.2,33.3,33.3,33.1,33.3,33.7,33.5,32.9,33.3,33.2,33.5,33.2,32.8,33.5,33.3,33.5,32.9,33.4,33.4,33.7,32.8,33.3,33.8,33.5,33.3,33.7,33.7,33.6,33.5,33.9,33.7,33.4,33.3,33.1,33.4,32.9,33.1,33.1,33.2,32.9,33.0,32.9,33.1,33.3,33.4,33.3,33.3,33.1,33.2,33.4,33.4,33.4,33.0,33.4,33.5,33.3,33.3,33.3,33.5,33.9,33.7,34.0,33.6,33.7,33.2,33.2,33.5,32.9,33.3,33.3,33.1,33.0,33.2,33.3,33.4,33.3,33.4,33.2,33.4,33.4,33.0,33.2,33.3,33.3,33.2,33.4,33.6,33.2,33.0,33.4,33.4,33.7,33.6,33.8,33.6,33.4,33.4,33.1,33.1,33.2,33.2,33.4,33.3,33.7,33.2,34.7,33.5,33.8,33.0,33.0,33.1,33.4,33.2,33.1,33.2,33.4,33.1,33.3,33.4,33.1,33.3,33.4,33.6,33.3,33.5,33.6,33.5,33.1,33.1,33.0,32.9,33.5,33.3,33.3,34.1,33.3,34.1,33.8,34.8,33.0,34.3,33.3,33.7,33.3,33.1,33.4,33.2,33.2,33.1,33.4,33.5,33.3,33.1,33.3,33.2,33.3,33.6,33.8,33.9,33.2,33.2,33.4,33.8,33.8,33.6,34.5,34.6,34.5,34.4,34.5,34.2,34.5,33.6,34.8,33.3,33.4,33.3,33.2,33.4,33.1,33.2,33.4,33.6,33.1,33.6,33.1,33.4,33.5,33.0,33.6,33.6,33.5,33.3,33.6,33.8,33.8,34.2,34.4,34.7,34.3,34.6,34.7,35.1,34.0,34.3,33.6,35.0,33.3,33.4,33.2,33.3,33.2,33.4,33.7,33.4,33.8,33.2,33.4,33.3,34.0,33.2,33.9,33.7,34.2,34.2,34.7,35.2,34.8,34.7,34.5,34.6,34.7,35.2,35.0,34.9,34.4,34.3,33.9,33.6,33.9,33.4,33.7,33.6,33.6,33.4,33.8,33.7,33.4,33.6,33.6,34.1,33.5,33.3,33.8,33.4,33.9,33.9,35.6,35.6,34.8,34.7,34.4,34.6,34.8,34.9,34.9,35.0,34.3,34.0,33.8,33.7,33.5,33.7,33.4,34.0,33.7,34.0,33.7,34.1,33.7,33.5,33.5,34.0,33.4,33.4,33.8,34.5,34.3,34.8,35.5,35.6,34.8,34.5,34.2,34.8,34.4,35.0,34.9,35.2,34.1,33.8,33.6,34.1,33.6,33.6,33.7,34.2,34.0,34.1,34.3,34.0,34.1,33.6,33.8,34.0,33.7,33.3,33.5,33.9,34.2,34.3,35.7,35.3,34.4,34.3,34.6,34.5,34.8,34.5,35.1,34.7,34.0,33.7,34.0,33.9,33.5,33.5,33.8,33.8,33.6,33.8,33.5,34.1,33.8,34.2,33.9,34.0,33.7,33.6,33.9,34.3,34.3,34.4,35.2,34.8,34.3,34.5,34.2,34.7,34.6,34.9,34.4,34.3,34.0,33.9,34.1,34.1,33.9,33.6,34.1,33.6,34.2,33.4,33.8,33.6,33.8,33.6,34.4,34.0,33.4,33.8,33.9,33.9,34.1,34.0,34.8,35.1,34.3,34.1,34.3,34.5,34.5,34.4,34.3,34.2,34.2,33.6,33.9,34.1,33.5,33.7,33.8,34.2,33.6,33.6,33.9,33.9,33.5,34.1,34.3,34.1,33.7,33.6,34.0,33.8,33.7,33.7,34.0,35.0,34.8,34.8,34.4,34.7,34.1,34.7,33.9,34.0,33.6,33.6,34.1,34.1,34.1,34.0,34.1,33.9,34.1,33.9,34.0,34.2,33.4,34.3,34.0,34.6,33.5,33.1,33.9,33.5,33.9,33.5,33.9,33.7,34.6,34.5,34.6,34.5,34.4,nan,34.0,33.7,33.9,33.7,33.8,33.9,33.7,34.0,34.1,33.8,33.8,33.6,34.3,33.8,34.1,33.6,34.9,34.2,33.9,33.8,33.8,34.0,33.7,33.7,33.9,34.0,34.0,34.2,34.4,34.4,34.1,33.8,33.8,33.6,33.6,33.4,34.1,33.9,34.1,33.8,34.2,34.2,34.2,34.2,34.1,34.6,33.9,34.5,34.3,34.8,33.5,33.6,34.1,34.0,33.7,33.7,33.7,33.9,33.6,34.0,34.0,34.1,33.8,33.6,33.8,33.7,33.4,33.4,34.2,34.4,33.9,33.7,34.2,34.2,34.1,33.9,34.2,34.1,34.0,33.6,35.2,34.2,34.4,34.0,33.6,33.9,33.7,33.6,33.8,34.3,34.0,34.0,34.0,34.0,33.7,33.6,34.0,34.1,33.6,33.7,33.7,34.1,34.0,33.8,34.2,34.4,33.7,34.0,34.3,34.6,34.7,34.9,35.2,34.9,33.0,33.6,33.8,33.7,33.5,33.6,33.6,34.0,33.6,33.8,34.0,33.9,33.5,33.7,33.9,33.9,33.7,33.2,34.0,33.7,33.7,33.7,34.1,34.0,33.9,34.1,34.2,34.3,34.2,35.0,35.3,34.8,33.7,33.7,34.1,34.3,33.6,33.8,33.9,33.7,34.0,34.0,34.0,34.2,33.8,33.7,34.0,33.9,33.3,33.9,34.0,34.1,33.5,33.7,34.0,34.0,34.0,33.8,34.2,34.4,34.2,34.8,35.5,35.8,33.6,33.6,33.8,34.0,33.5,33.7,33.4,34.0,33.7,33.8,34.2,34.4,34.3,33.9,34.2,33.7,33.7,33.7,33.9,33.9,33.8,33.5,33.6,34.0,33.8,34.1,34.1,34.0,34.4,34.9,35.4,34.9
1785310593.4157436,786,34.3,33.4,33.6,33.4,33.8,33.4,33.2,33.1,33.0,33.5,33.3,33.1,33.2,33.1,33.4,33.2,33.2,33.3,33.0,33.5,33.6,33.1,33.1,33.1,33.1,33.1,33.5,33.2,33.5,33.5,33.8,33.4,34.2,33.8,33.8,33.5,33.3,33.5,33.3,33.8,33.1,33.4,33.4,33.4,33.3,33.5,33.1,33.5,33.2,33.2,33.5,33.8,33.5,33.1,33.0,33.6,33.2,33.2,33.2,33.7,33.1,33.4,33.3,33.5,33.9,33.7,33.1,33.6,33.3,33.3,33.4,33.3,32.9,33.4,33.1,32.9,33.1,33.0,33.2,33.0,33.0,32.9,33.3,33.0,33.0,33.3,33.1,33.4,33.6,33.4,33.4,33.1,33.6,33.3,33.6,33.4,33.6,33.7,33.2,33.7,33.2,32.8,33.1,33.1,33.3,32.9,33.5,33.4,33.1,33.1,32.5,33.3,33.2,33.0,32.9,33.3,33.1,33.6,33.2,33.6,33.1,33.4,32.9,33.8,33.3,33.3,33.3,33.7,33.1,34.0,33.2,33.7,33.2,33.7,33.3,33.2,33.1,33.0,33.1,33.1,33.3,33.3,33.1,32.8,33.5,33.2,33.2,33.0,33.1,33.0,33.2,33.3,33.4,33.2,33.4,32.9,33.5,33.1,33.3,33.5,33.4,33.4,33.7,33.6,33.1,33.2,33.0,33.3,33.1,32.9,33.1,33.1,33.2,33.2,33.0,33.4,33.3,32.9,33.2,33.2,33.4,33.0,33.2,33.3,33.1,33.4,33.0,33.4,33.0,33.2,33.2,33.8,33.9,33.8,33.6,33.2,33.4,33.2,33.1,33.1,33.0,33.2,33.1,33.3,33.2,33.2,33.2,33.4,33.1,33.1,33.0,33.3,33.2,32.9,33.3,32.8,33.3,33.0,33.1,33.0,33.3,32.7,33.4,33.4,33.8,33.3,33.6,33.7,33.3,33.5,33.2,33.4,33.5,33.1,33.1,33.9,33.8,33.4,33.1,33.5,33.0,33.3,33.0,33.2,33.2,33.1,33.2,33.0,33.0,33.1,33.2,33.8,33.3,33.5,33.1,33.4,34.0,33.6,33.4,33.7,33.8,33.8,33.7,33.8,34.0,34.3,33.8,34.3,34.5,34.6,34.2,33.9,33.9,33.8,33.7,33.4,33.4,33.4,33.4,33.2,33.5,33.2,33.5,33.1,33.3,33.4,33.5,33.4,33.7,33.9,33.8,34.0,33.9,33.7,34.2,34.0,34.1,34.4,34.0,34.6,34.4,34.4,34.6,34.4,33.6,33.6,33.4,34.0,33.5,33.8,33.6,33.5,33.2,33.4,33.5,33.6,33.4,33.6,33.0,33.7,33.5,33.6,33.9,33.9,34.5,35.1,35.1,35.0,34.3,34.3,34.3,35.2,35.2,34.7,34.4,34.0,33.8,33.8,33.7,33.5,33.8,33.6,33.7,33.6,33.6,33.7,33.4,33.7,33.6,33.8,33.8,33.7,33.7,33.5,33.6,34.0,35.2,35.7,35.4,35.6,34.5,34.2,34.6,35.1,35.1,35.2,34.3,34.5,33.5,33.5,33.6,33.5,33.7,33.7,33.2,33.8,33.7,33.9,33.3,33.8,33.8,33.5,34.1,33.6,33.4,33.8,34.1,34.1,35.0,35.1,35.0,34.8,34.3,34.4,34.7,35.0,35.3,34.9,34.6,34.1,33.9,33.6,33.4,33.3,33.6,33.6,33.7,33.4,33.7,33.4,33.6,33.5,33.9,33.4,33.8,33.8,33.7,33.5,33.7,34.0,34.3,34.8,34.5,34.4,34.3,34.4,34.9,35.3,34.8,34.7,34.3,34.1,33.5,33.7,33.4,33.7,33.4,33.4,33.7,33.5,33.6,33.3,33.5,33.6,33.6,33.3,33.7,34.0,33.7,34.1,33.9,33.8,34.1,34.1,34.8,34.8,34.5,34.4,34.9,35.1,34.7,34.4,34.1,33.5,33.6,33.9,33.7,33.6,33.7,33.6,33.6,33.6,33.7,33.5,34.0,33.8,33.8,33.6,33.8,33.8,33.2,33.6,33.7,34.1,34.1,33.8,34.4,35.1,34.6,34.9,34.6,35.3,34.4,33.9,33.4,33.9,33.2,33.6,33.9,34.1,33.7,34.0,33.6,34.2,33.8,33.6,33.7,33.8,33.7,33.5,33.5,34.5,33.7,33.4,33.8,33.8,33.9,33.3,33.8,34.3,34.8,34.7,34.7,35.1,34.2,33.9,33.7,33.5,33.6,33.6,33.7,33.9,33.9,33.8,34.1,33.9,34.2,34.1,34.1,33.7,34.0,34.0,33.6,33.8,33.7,33.5,33.3,33.9,33.3,33.8,33.5,33.9,34.5,34.1,34.1,34.1,34.2,nan,33.5,33.7,33.5,33.7,33.7,34.0,33.8,33.8,33.8,34.3,34.0,34.1,34.1,34.1,34.1,34.4,34.1,34.0,33.9,33.6,33.6,33.8,33.7,33.7,33.7,34.0,33.8,34.0,34.0,33.9,33.4,33.8,33.9,33.8,33.6,33.3,34.1,34.1,33.9,34.0,34.2,33.9,34.2,34.0,34.3,34.4,34.3,34.7,35.5,34.6,33.7,33.6,33.7,34.0,33.5,33.7,33.3,33.9,34.0,33.8,33.8,34.1,33.4,33.4,33.8,34.0,33.7,33.6,33.9,33.7,33.9,33.8,33.8,34.0,33.6,33.7,34.0,34.1,34.2,35.0,35.2,35.0,34.4,33.8,34.0,33.9,33.7,33.5,33.8,34.0,34.0,33.8,34.0,33.9,33.9,33.4,33.5,33.7,33.6,33.6,33.8,33.7,33.9,33.6,33.7,34.0,33.8,33.6,34.1,34.2,34.9,34.1,35.9,35.1,33.4,33.6,33.8,33.7,33.5,33.6,33.8,34.1,33.6,34.0,33.9,33.6,33.5,33.5,33.9,33.9,33.5,33.2,33.1,33.9,33.3,33.5,33.6,34.0,33.6,33.7,33.6,34.5,34.0,34.1,34.7,34.8,33.7,33.7,33.4,34.1,33.4,34.0,33.7,33.9,34.0,33.6,34.0,34.0,34.2,34.0,33.8,33.9,33.8,33.9,33.8,33.9,33.7,33.7,33.8,33.8,33.8,33.8,34.0,34.0,33.8,34.0,34.8,34.5,33.1,33.4,33.5,33.6,33.3,33.9,33.6,34.4,33.7,33.8,33.7,34.2,33.9,33.9,33.9,33.9,33.9,34.1,33.7,34.1,33.8,33.7,33.6,34.0,33.8,34.0,33.7,34.1,33.6,34.1,34.5,34.7
1785310595.9600666,787,33.8,33.6,33.4,33.6,32.9,32.9,33.5,33.3,33.0,33.1,33.1,33.5,33.2,33.1,33.0,33.6,33.1,33.1,33.2,33.3,33.0,33.3,33.3,33.3,33.1,33.1,33.1,33.6,33.2,33.5,32.8,33.9,33.6,33.3,34.0,33.3,33.3,33.0,33.1,33.2,33.1,33.0,33.4,33.4,33.2,33.2,33.1,33.5,33.2,32.8,33.1,33.4,33.3,33.0,33.2,33.2,33.4,33.2,33.2,33.5,33.8,33.2,33.8,33.6,33.4,33.7,33.5,33.1,32.9,33.1,33.2,33.3,33.1,32.6,33.1,33.5,33.0,33.0,32.8,33.2,33.0,33.2,33.2,33.6,33.0,33.4,32.9,32.8,33.2,33.3,32.8,33.1,33.4,33.1,33.4,33.9,33.6,33.2,33.6,33.0,33.0,32.8,32.9,33.3,33.1,32.9,33.1,33.0,33.1,33.1,33.1,33.1,33.5,33.0,33.3,33.3,33.3,33.1,33.2,33.0,33.3,33.0,33.1,33.4,33.1,32.9,33.1,33.5,33.6,33.8,33.2,33.7,33.0,33.5,33.3,33.5,32.6,33.1,32.8,33.2,33.1,32.8,32.9,33.0,33.1,32.9,33.1,33.0,33.1,33.2,33.2,33.3,33.2,33.2,33.2,33.1,33.5,33.1,33.3,33.5,33.9,33.2,33.5,33.2,33.1,32.6,33.2,32.9,32.9,32.9,33.3,32.9,33.0,32.9,33.2,33.1,33.6,32.9,33.2,33.2,33.1,32.8,32.9,33.0,33.1,32.9,33.4,33.0,33.0,33.0,33.6,33.2,33.6,33.4,33.6,33.6,32.8,33.0,33.3,33.1,33.0,33.2,33.4,33.5,33.2,33.3,32.9,33.4,32.8,33.3,32.9,33.3,33.2,33.2,33.0,33.2,32.9,32.8,33.3,33.2,32.9,33.1,33.2,33.4,33.3,33.5,33.6,33.3,32.9,32.9,33.2,33.4,33.1,33.3,33.6,33.9,33.4,33.3,33.6,33.5,33.2,33.0,33.3,33.2,33.3,32.6,33.0,33.2,33.0,33.1,33.4,33.5,32.9,33.1,33.5,33.7,33.3,33.6,33.2,33.7,33.2,33.6,33.7,33.6,33.6,33.9,34.1,34.3,34.2,34.4,34.2,34.2,33.4,33.8,33.4,33.7,33.2,33.1,33.2,33.4,33.0,33.4,33.5,33.3,33.1,33.4,33.5,33.8,34.1,33.0,33.3,33.8,34.1,33.9,34.2,34.5,34.3,34.0,34.2,34.6,34.6,34.3,34.4,34.3,33.8,33.6,33.4,33.7,33.5,33.2,33.6,33.6,34.1,33.6,33.6,33.7,33.4,33.0,33.2,33.5,33.1,33.6,33.7,34.1,34.5,34.9,35.1,35.2,34.3,34.2,34.3,34.6,35.0,35.0,34.2,33.9,33.4,33.5,33.6,33.5,33.3,33.3,33.2,33.4,33.3,33.6,33.6,33.7,33.8,33.4,33.4,33.5,33.7,33.3,33.6,33.8,34.6,35.2,35.6,34.7,34.6,33.9,34.4,34.8,34.8,34.8,34.4,33.7,33.5,33.7,33.8,33.2,33.4,33.4,33.2,33.1,33.6,33.3,33.7,33.6,33.3,33.3,33.9,33.4,33.6,33.6,33.7,33.9,34.8,35.1,34.8,34.6,34.3,34.7,34.7,35.2,34.7,34.2,34.2,34.1,33.6,33.5,33.6,33.7,33.5,33.5,33.4,33.4,33.3,33.6,33.4,33.7,33.4,33.6,33.4,33.6,33.5,33.3,33.6,34.2,34.5,35.0,34.9,34.4,34.9,34.4,35.2,34.9,34.8,34.4,34.2,33.7,33.5,33.7,33.8,33.5,33.4,33.2,33.5,33.3,33.6,33.5,33.3,33.4,33.6,33.5,33.5,33.6,33.4,33.6,33.7,34.1,34.1,33.7,34.8,35.5,35.5,35.0,34.7,34.7,34.2,34.2,33.6,34.0,33.2,33.5,33.7,34.0,33.7,33.1,33.4,33.9,33.7,33.5,33.4,33.8,33.6,33.8,34.0,34.2,33.2,33.4,33.9,33.7,33.9,34.3,34.6,34.9,34.9,34.6,34.5,34.5,34.0,33.9,33.7,33.6,33.2,33.4,33.9,34.2,33.8,33.6,34.0,33.7,34.3,33.8,33.9,34.1,33.8,34.2,34.1,34.1,33.7,33.6,33.8,33.8,33.7,33.5,33.8,34.3,34.5,34.7,33.7,34.1,33.9,33.8,33.4,33.5,33.4,33.5,33.6,34.4,33.7,33.8,33.9,33.5,34.1,33.5,34.1,34.2,34.5,34.7,34.8,34.8,33.4,33.5,33.7,33.3,33.9,33.3,33.7,33.7,33.6,34.0,33.6,33.8,33.4,nan,33.3,33.7,33.4,33.4,33.8,34.0,34.2,33.8,33.8,33.8,33.8,34.1,34.1,33.8,34.4,34.6,35.1,34.6,33.5,33.6,33.6,33.8,33.4,33.5,33.7,33.9,33.7,33.8,33.7,34.0,33.1,33.4,33.4,33.8,33.4,33.4,33.6,34.1,33.9,33.8,34.2,33.9,34.0,33.7,34.0,34.0,34.5,34.3,35.7,35.4,33.2,33.2,33.5,33.8,33.5,33.3,33.7,33.9,33.6,33.8,33.5,33.6,33.4,33.2,33.7,33.7,33.4,33.6,33.5,33.7,33.7,33.7,33.6,33.8,33.6,33.7,34.2,33.7,33.8,34.4,35.4,35.2,33.5,33.6,33.8,34.1,33.3,33.6,33.8,34.1,33.9,33.6,33.9,33.9,33.4,33.8,33.5,33.7,33.4,33.6,33.5,33.7,33.9,33.6,33.5,33.5,33.7,33.6,33.7,34.0,33.7,33.9,34.2,34.5,33.2,33.4,33.5,33.5,33.7,33.8,33.9,33.8,33.8,33.8,34.2,34.1,33.9,33.5,34.0,33.7,33.7,33.4,33.6,33.9,33.8,33.1,33.8,33.6,33.6,33.5,34.0,34.1,33.8,33.5,34.5,34.1,33.4,33.5,33.4,33.4,33.4,33.8,33.9,34.3,33.6,33.8,33.6,33.9,33.7,33.8,33.7,33.9,33.5,33.5,33.8,34.0,33.3,33.9,33.6,33.6,33.6,33.4,34.2,33.8,34.0,33.6,34.4,34.7,33.3,33.4,33.3,33.8,33.3,33.3,33.6,34.0,33.5,33.6,33.7,34.1,33.5,33.5,33.9,33.9,33.9,33.6,33.9,33.9,33.7,33.5,33.6,33.5,33.6,33.8,33.7,33.8,33.8,33.8,34.1,34.0
1785310601.0647666,789,34.1,33.4,33.6,33.4,33.4,33.2,33.5,33.4,33.0,33.5,32.9,32.8,32.9,32.7,33.0,33.1,32.9,32.7,33.4,33.1,33.1,32.9,33.1,33.1,33.1,33.1,33.1,33.2,33.2,33.1,33.3,33.2,33.6,33.3,33.5,33.8,33.1,33.0,32.7,33.2,32.8,33.4,33.0,33.2,33.0,33.4,32.7,33.2,32.8,32.8,32.9,33.0,32.9,33.2,32.9,33.5,32.8,33.2,33.0,33.5,33.2,33.2,33.3,33.6,34.0,33.4,33.6,33.4,33.3,33.1,33.0,33.3,33.1,33.0,33.1,33.0,33.0,32.8,33.2,33.2,32.9,33.1,32.8,33.1,33.0,33.3,33.3,33.2,32.8,33.1,32.9,33.4,33.2,33.1,33.2,33.7,32.9,33.3,33.2,33.9,32.8,32.8,32.8,33.2,32.9,32.6,32.8,33.2,32.7,32.9,32.9,33.1,33.0,32.8,33.1,33.2,33.0,33.0,33.0,33.3,33.2,33.0,33.1,33.2,32.7,33.1,33.3,33.7,33.4,33.3,33.4,33.3,33.0,32.9,32.8,33.0,33.1,32.8,33.1,32.9,32.9,32.8,32.9,32.8,32.8,32.7,32.9,32.9,33.1,32.7,33.0,33.1,33.0,33.0,33.2,33.5,33.1,32.9,33.3,32.8,33.2,33.2,33.3,33.4,33.2,32.8,32.7,33.3,32.8,32.9,32.6,33.0,32.9,32.9,33.0,33.3,32.9,33.1,33.0,33.2,33.2,33.0,32.9,33.0,32.8,32.9,32.7,33.0,33.3,33.1,32.8,33.4,33.7,33.0,33.4,33.4,33.2,33.0,33.1,33.2,33.2,33.1,33.4,33.3,33.5,33.4,33.2,33.2,33.0,32.8,32.7,33.0,33.1,33.2,33.0,32.8,32.9,32.8,32.9,33.0,32.9,33.1,33.5,32.8,32.9,33.3,33.0,33.2,32.7,33.1,32.9,33.1,33.1,33.3,33.3,33.7,33.5,33.6,33.3,33.5,33.0,33.3,33.1,33.7,33.2,33.0,33.2,33.2,33.0,33.1,33.0,33.5,33.0,33.2,32.9,33.3,32.9,33.2,33.2,33.3,33.6,33.2,33.7,33.8,34.0,33.8,34.2,34.2,34.1,33.9,34.4,34.4,33.6,33.6,33.2,33.6,33.3,33.3,33.1,33.0,33.0,33.0,33.2,32.9,33.0,32.8,33.1,33.6,33.3,33.5,33.4,33.2,33.4,33.9,34.4,35.1,34.1,34.2,33.9,34.1,34.0,34.4,34.3,34.6,33.7,33.3,33.1,33.9,33.2,33.4,33.4,33.3,33.6,33.4,32.8,33.4,33.4,33.2,33.0,33.1,33.4,33.2,33.5,33.5,34.0,34.6,35.3,35.4,34.5,34.2,34.0,34.1,34.9,34.4,34.7,34.6,33.6,33.3,33.3,33.3,33.5,33.1,33.2,33.4,33.3,33.4,33.4,33.9,33.1,33.1,33.4,33.3,33.3,33.1,33.0,33.4,33.9,34.3,35.4,35.6,34.1,34.1,33.9,35.0,34.8,34.8,34.3,34.3,33.4,33.4,33.5,33.5,33.2,33.2,33.3,33.8,33.2,33.6,33.3,33.4,33.5,33.3,33.1,33.4,33.2,33.0,33.6,33.7,34.5,33.9,34.8,35.0,34.4,34.2,34.5,34.7,34.7,34.9,34.6,34.4,33.6,33.2,33.4,33.5,33.6,33.3,33.3,33.3,33.4,33.4,33.2,33.3,33.4,33.3,33.8,33.4,33.1,33.3,33.5,33.7,33.6,34.0,34.6,34.8,35.1,35.2,34.6,35.0,34.7,34.7,34.2,34.1,33.2,33.6,33.2,33.7,33.4,33.4,33.3,33.5,33.3,33.5,33.1,33.2,32.9,33.5,33.3,33.8,33.3,33.5,33.6,33.8,33.6,33.2,33.9,34.8,35.0,35.0,34.6,34.6,34.1,33.9,33.6,33.7,33.4,33.0,33.6,33.8,33.4,33.2,33.6,33.4,33.6,33.2,33.6,33.5,33.4,33.3,33.2,34.0,33.2,33.6,33.1,33.6,33.4,33.6,33.7,34.1,34.5,34.6,34.2,34.3,33.7,33.9,33.4,33.4,33.3,33.3,33.4,34.3,33.5,33.7,33.5,33.9,33.6,33.6,33.7,34.0,33.3,33.5,33.9,33.9,33.7,33.4,33.4,33.6,33.6,33.3,33.4,33.4,34.0,34.0,33.7,33.7,33.6,33.3,33.3,33.5,33.3,33.3,33.4,34.0,34.1,33.3,34.1,33.6,34.2,33.7,34.1,34.1,34.2,34.2,34.6,34.4,33.3,33.5,32.9,33.3,33.3,33.3,33.4,33.7,33.3,33.7,33.5,33.7,33.3,nan,32.9,33.2,33.2,33.4,33.5,33.7,33.7,33.5,33.8,33.7,33.7,33.8,33.9,33.6,33.7,34.0,34.7,35.1,33.7,33.2,33.6,33.6,33.6,33.0,33.4,33.4,33.7,33.7,33.5,33.4,33.5,33.1,33.5,32.9,33.3,33.3,33.6,33.6,33.8,34.0,33.7,33.5,33.7,33.5,34.0,33.7,33.7,34.2,35.3,35.4,33.3,33.0,33.3,34.0,33.2,33.5,33.3,33.6,33.5,33.6,33.3,33.3,33.4,33.1,33.2,33.5,33.6,33.4,33.6,33.3,33.1,33.7,33.7,33.8,33.6,33.6,33.7,33.9,33.5,33.5,34.4,35.2,33.8,33.6,33.6,33.3,33.2,33.3,33.4,33.6,34.1,33.8,33.7,33.7,33.6,33.3,33.5,33.6,33.6,33.1,33.3,33.4,33.2,33.3,33.9,33.9,33.7,33.3,33.7,33.8,33.5,33.3,34.2,34.5,33.0,33.2,33.4,33.7,33.3,33.7,33.4,33.6,33.4,33.7,33.3,33.8,33.4,33.7,33.5,33.7,33.4,33.2,33.3,33.6,33.2,33.5,33.4,34.0,33.2,33.4,33.8,33.9,33.4,33.6,33.8,34.4,33.2,33.5,33.2,33.2,33.4,33.4,33.7,33.3,33.7,33.7,33.7,33.3,33.7,33.7,33.5,33.5,33.9,33.5,33.8,33.7,33.7,33.4,33.4,33.6,33.6,33.4,33.9,33.8,33.6,33.6,34.0,33.8,32.9,33.2,33.1,33.6,32.7,32.9,33.2,33.4,33.2,33.5,33.7,33.7,33.4,33.6,33.6,33.9,33.5,33.8,33.9,33.9,33.3,33.7,33.4,33.9,33.3,33.6,33.5,34.0,33.4,33.7,34.1,34.2
1785310603.6104121,790,33.5,33.4,33.7,33.4,33.1,33.0,33.0,32.9,32.6,33.1,32.7,33.2,33.2,32.5,32.7,32.9,32.9,32.9,33.0,33.1,33.1,33.1,32.9,32.7,32.9,32.9,32.9,33.0,33.2,32.8,33.3,33.2,33.4,33.0,33.5,33.5,33.3,32.6,32.9,33.2,32.8,32.8,33.0,33.0,33.0,32.8,32.9,33.4,33.0,32.9,33.1,32.9,32.9,32.8,32.9,32.9,32.8,32.8,32.8,33.3,32.9,32.7,33.3,33.3,33.2,33.7,33.3,33.1,32.7,32.7,32.6,32.9,32.8,32.8,32.7,33.0,32.6,32.6,32.8,33.0,32.7,32.9,32.8,32.7,32.9,33.1,32.7,33.0,32.9,32.7,32.7,32.9,33.0,32.9,32.7,33.4,33.6,33.3,33.2,33.2,32.8,32.6,32.6,33.2,32.9,32.8,32.8,33.0,32.6,32.6,32.7,32.8,32.8,32.8,33.0,33.0,33.0,32.8,32.8,32.9,33.0,32.6,32.9,33.2,32.9,32.7,32.8,33.5,33.6,33.3,33.2,33.7,32.8,32.9,33.0,32.6,32.6,33.0,32.8,32.9,32.6,33.0,32.7,32.5,33.2,32.9,32.9,32.9,32.8,32.8,32.8,32.9,32.9,33.0,32.8,33.1,33.4,32.9,32.9,33.0,33.2,33.2,33.3,33.4,33.0,32.8,32.7,32.7,32.6,32.6,32.6,32.8,32.7,32.6,33.0,33.1,32.9,32.6,32.7,32.7,33.1,32.7,32.7,32.8,32.8,32.9,32.7,33.2,32.9,32.7,32.8,33.4,33.2,33.2,33.0,33.2,32.8,33.1,32.8,32.6,32.5,32.9,32.9,32.8,32.9,32.9,32.9,33.1,32.8,32.8,32.6,32.8,32.7,32.8,32.5,32.8,32.8,32.8,33.0,32.6,32.9,32.9,33.0,32.5,33.4,32.7,33.3,33.2,32.9,32.7,33.0,33.1,32.8,33.0,32.8,33.1,33.1,33.1,33.0,33.2,32.9,32.7,32.8,33.0,32.8,32.6,33.1,32.9,33.0,32.7,32.8,33.0,33.0,33.0,33.1,33.0,32.7,33.2,33.0,33.1,32.9,33.2,33.2,33.4,33.5,33.5,33.7,33.8,33.8,33.9,34.1,33.9,33.8,33.5,32.7,33.3,33.3,33.0,33.1,33.0,33.2,32.9,33.0,33.1,33.0,33.0,33.1,32.8,33.1,33.2,33.2,33.2,33.6,33.2,33.7,34.0,34.0,34.1,33.9,33.8,34.1,34.0,33.9,34.0,33.8,33.4,33.3,33.4,33.0,33.2,33.3,33.2,32.9,33.3,33.3,33.0,32.8,33.1,33.2,32.9,32.9,33.0,32.9,33.1,33.5,33.9,34.8,35.0,34.4,34.4,33.8,33.9,33.8,34.4,34.2,34.3,33.6,33.2,33.1,33.0,33.3,33.3,32.9,33.1,33.0,33.1,33.1,33.2,33.1,33.1,33.2,33.1,33.3,32.7,33.0,33.2,33.9,34.3,35.6,35.2,34.6,33.9,33.8,34.0,34.7,34.5,34.3,34.5,33.4,32.9,33.2,33.4,32.9,33.2,33.1,33.5,33.2,33.3,33.0,33.1,33.3,33.0,32.9,33.0,33.0,33.2,33.4,33.7,33.8,34.2,35.5,35.0,33.9,34.1,34.4,34.5,34.7,34.4,34.4,34.1,33.3,33.2,33.1,33.5,33.2,33.2,32.9,33.3,33.0,33.1,33.2,33.0,33.2,33.3,33.0,33.4,33.1,33.1,33.5,33.5,34.0,33.8,34.9,34.8,34.8,34.1,34.8,34.8,35.0,34.7,34.0,34.1,33.4,33.4,33.2,33.4,33.1,33.2,33.0,33.0,32.9,33.0,33.1,33.4,33.1,32.9,32.9,33.2,33.3,33.7,33.6,33.8,33.3,33.6,33.9,34.8,35.3,35.4,34.7,35.1,34.3,34.0,33.9,33.7,33.4,33.5,33.3,33.7,33.3,33.2,32.9,32.9,33.2,33.0,33.1,33.3,33.1,33.3,33.4,33.4,33.2,33.2,33.3,33.4,33.4,33.3,33.7,34.1,34.6,34.8,34.3,34.3,33.9,33.6,33.5,33.6,33.4,33.3,33.5,33.9,33.2,33.4,33.2,33.4,33.6,33.3,33.2,33.4,33.1,33.2,33.1,33.7,32.8,33.4,33.6,33.4,33.0,33.5,33.3,34.0,34.0,34.7,33.9,33.7,33.4,33.5,33.4,33.3,33.5,33.2,33.3,33.6,33.8,33.5,33.6,33.6,34.1,33.7,33.8,33.9,33.4,33.6,34.0,33.6,33.3,33.1,32.9,33.3,33.4,33.1,33.4,33.5,33.6,34.0,33.6,33.5,33.4,nan,33.0,33.2,33.4,33.0,33.4,33.7,33.9,33.5,33.8,33.7,33.7,33.8,33.7,34.0,33.5,33.8,34.7,34.9,33.3,33.4,33.2,33.6,33.6,33.5,33.4,33.6,33.3,33.7,33.5,33.6,33.1,33.4,33.3,33.3,33.3,33.1,33.6,33.6,33.6,33.5,33.7,33.5,33.3,33.5,34.0,33.7,33.5,34.2,34.7,35.2,33.1,33.0,33.3,33.2,33.4,33.1,33.1,33.4,33.5,33.7,33.5,33.8,33.6,33.1,33.5,33.5,33.3,33.1,33.2,33.6,33.7,33.4,33.8,33.7,33.6,33.2,33.3,33.8,33.5,33.8,35.0,35.0,33.6,33.4,33.2,33.3,33.0,33.5,33.2,33.8,33.4,33.8,33.7,33.7,33.2,33.3,33.4,33.4,33.3,33.2,33.0,33.6,33.4,33.6,33.7,33.5,33.3,33.3,33.6,33.8,33.9,33.7,34.6,34.7,32.8,33.4,33.4,33.3,33.3,33.3,33.2,33.4,33.6,33.8,33.7,33.6,33.4,33.4,33.4,33.6,33.5,33.0,33.5,33.4,33.3,33.2,33.4,33.5,33.2,33.4,33.6,33.9,33.4,33.6,34.1,34.6,33.2,33.1,32.8,33.5,33.4,33.2,33.5,33.3,33.3,33.8,33.3,33.7,33.5,33.7,33.5,33.5,33.3,33.5,33.7,33.5,33.3,33.4,33.3,33.4,33.2,33.4,33.9,33.8,33.6,33.4,34.0,34.2,32.9,32.9,33.3,33.4,33.3,33.1,33.2,33.6,33.3,33.5,33.4,33.5,33.6,33.2,33.6,33.5,33.6,33.6,33.5,33.6,33.3,33.2,33.4,33.7,33.5,33.4,33.3,33.6,33.6,33.7,33.7,34.5
1785310606.190297,791,33.6,32.9,33.7,33.4,33.6,33.4,33.5,33.0,32.8,32.9,32.6,32.8,32.9,32.7,33.1,32.7,32.7,32.6,33.0,33.1,33.3,32.4,32.7,32.8,33.3,32.7,33.2,32.8,33.5,33.1,33.1,32.9,33.1,33.6,33.1,33.6,33.1,33.3,32.5,33.3,32.8,33.2,32.5,33.3,32.7,32.9,33.0,33.2,32.7,32.7,32.8,33.1,32.8,33.0,32.9,33.5,32.6,33.3,33.2,33.3,33.0,33.0,32.6,33.1,33.7,33.2,32.9,33.2,33.6,32.8,33.2,33.1,32.4,32.5,32.7,32.8,32.8,32.7,32.9,32.7,32.7,32.6,32.8,32.7,33.1,32.8,33.1,32.8,32.7,32.9,32.9,33.2,33.2,33.1,33.0,33.2,33.4,33.8,33.0,33.3,33.0,33.3,33.2,33.4,32.7,32.8,32.6,33.0,32.6,33.1,32.6,32.8,32.7,32.8,32.8,33.2,32.8,33.3,32.9,33.1,32.8,33.0,32.8,33.6,32.5,33.2,32.6,33.8,33.9,33.3,33.2,33.1,33.4,33.3,33.0,33.0,32.6,32.5,32.8,32.6,32.6,32.7,32.8,32.9,32.9,32.7,32.8,33.0,33.0,32.7,33.0,32.8,33.1,32.7,32.8,33.0,33.2,32.6,33.1,33.3,33.3,33.7,32.7,33.2,33.0,33.6,32.9,33.3,32.6,32.9,33.1,32.7,32.6,32.9,32.7,32.8,32.5,32.8,32.7,33.3,32.8,32.9,32.9,33.2,32.6,33.1,33.1,33.2,32.9,33.3,33.0,33.0,33.5,33.4,33.2,33.3,33.0,33.1,33.5,33.0,32.9,32.4,32.6,32.7,32.9,32.7,32.8,32.9,33.0,33.0,32.7,33.0,33.1,32.6,33.0,32.9,32.8,32.6,33.0,32.7,33.1,33.1,33.3,32.8,33.2,33.8,33.1,33.4,33.2,33.5,33.1,33.3,32.8,33.0,32.5,33.1,32.7,32.8,32.7,33.0,32.6,32.9,32.7,32.9,33.0,32.7,32.9,33.1,32.9,32.6,32.7,33.3,32.8,33.0,33.4,33.1,33.6,33.2,32.8,33.3,33.1,32.9,33.1,32.7,33.2,33.0,32.9,32.9,33.0,33.0,32.8,33.0,33.5,33.2,32.9,32.7,33.0,32.8,32.8,32.7,32.7,32.6,33.0,32.9,32.8,32.5,33.0,32.6,33.3,33.3,33.0,33.3,32.7,33.2,33.0,33.5,33.3,33.3,33.2,33.1,32.9,33.0,33.3,33.7,33.5,33.5,33.3,33.6,33.2,33.2,32.6,33.2,32.6,32.8,33.2,33.2,32.9,32.9,32.6,33.2,33.8,32.8,33.4,32.9,33.1,33.0,33.2,33.1,33.4,34.1,34.2,34.4,33.9,34.1,33.8,33.7,34.4,34.1,33.9,33.7,33.5,33.1,33.2,33.3,33.3,32.9,33.1,33.4,33.1,32.7,33.0,32.5,33.3,32.9,33.3,33.1,32.9,33.3,32.8,33.4,33.9,33.9,35.3,35.0,34.0,34.3,33.7,33.9,34.2,34.2,34.2,34.2,33.2,33.4,33.1,33.3,33.3,33.3,32.8,32.9,33.2,33.3,33.1,33.0,33.5,33.1,33.2,33.4,33.6,33.2,33.1,33.5,34.2,34.7,35.4,34.9,34.1,33.7,34.1,34.3,34.3,34.5,34.4,34.2,33.8,33.4,33.6,33.1,33.6,32.8,33.3,33.2,33.4,32.9,33.2,33.0,33.1,33.2,32.9,33.3,32.9,33.5,33.2,33.6,34.3,34.9,35.0,35.5,33.7,34.1,34.0,34.6,34.5,34.6,33.9,34.4,33.4,33.6,33.0,33.9,32.8,33.3,33.2,33.2,33.0,33.3,32.9,33.7,33.5,33.3,33.2,33.0,33.5,33.1,33.4,33.6,34.1,34.4,34.9,35.1,34.8,34.8,34.6,35.1,35.1,34.5,34.3,33.8,33.6,33.2,33.6,33.3,33.2,32.7,33.1,33.0,33.5,33.0,33.4,33.4,32.8,33.5,32.8,33.2,32.9,33.5,33.2,33.8,33.5,33.8,34.7,35.2,35.4,34.7,34.8,35.4,34.4,34.6,34.0,34.4,33.2,33.6,33.4,33.7,33.3,33.5,33.0,33.6,33.1,33.7,33.5,33.3,33.5,32.8,33.2,33.5,32.8,33.0,33.5,33.3,33.5,33.4,34.3,34.8,35.1,34.8,34.4,33.7,34.0,33.7,33.5,33.3,33.8,33.3,33.9,33.4,33.6,33.1,33.5,33.0,33.4,33.4,33.4,33.4,33.1,33.4,32.7,33.6,33.0,32.8,33.2,33.4,33.0,33.5,33.8,34.5,34.4,nan,33.4,34.1,33.4,33.9,33.1,33.8,33.4,33.4,33.7,33.7,33.4,33.5,33.2,33.6,33.2,33.1,33.3,34.1,33.8,33.0,33.6,33.2,33.2,33.2,33.4,33.3,33.4,33.5,33.7,33.6,33.8,33.3,33.7,33.5,33.2,33.2,33.6,33.7,33.5,33.5,33.9,33.5,33.9,33.2,34.0,33.9,33.9,33.6,34.1,33.8,32.9,33.7,33.1,33.6,33.0,33.2,32.6,33.4,33.5,33.3,33.0,33.7,33.1,33.8,33.6,33.7,33.1,33.5,33.4,33.6,33.2,33.7,33.9,34.0,33.5,33.4,33.5,33.8,33.5,33.7,34.0,34.0,33.8,33.4,33.4,33.4,33.2,33.1,33.3,33.5,33.4,33.2,33.6,33.5,33.8,33.3,33.6,33.3,33.3,33.1,33.5,33.3,33.2,33.5,33.9,34.1,34.4,33.5,34.0,33.9,34.2,33.3,34.2,34.1,32.3,33.4,33.2,33.4,33.2,33.3,33.4,33.8,32.8,33.5,33.2,34.0,33.7,33.6,33.4,33.6,33.1,33.4,33.0,33.6,33.2,33.4,33.3,33.9,33.2,33.4,33.5,33.9,33.4,33.6,33.9,34.4,33.0,32.6,33.5,33.5,33.7,33.2,33.8,33.2,33.3,33.1,33.7,33.5,33.9,33.7,33.5,33.7,33.4,32.9,33.7,33.4,33.5,33.2,33.5,33.4,33.5,33.5,33.7,33.4,33.9,33.4,34.2,34.5,32.9,33.2,33.1,33.2,32.9,33.1,33.2,33.7,33.2,33.5,33.2,33.9,33.6,33.6,33.6,33.9,33.2,33.6,33.4,33.8,33.5,33.6,33.1,33.5,33.7,33.8,33.5,34.0,33.0,33.9,33.9,34.3
1785310608.7211404,792,33.0,32.9,33.2,33.6,33.2,33.2,32.9,33.0,32.8,32.7,32.8,33.2,33.1,32.5,33.1,33.3,32.8,32.4,33.1,32.9,33.1,32.9,32.6,32.8,33.1,32.9,33.0,33.0,32.8,32.9,33.1,33.4,33.4,33.3,33.8,33.3,33.1,32.9,33.2,33.1,33.0,32.9,32.8,32.9,32.7,32.7,32.8,33.0,32.5,32.5,33.1,33.1,33.0,32.8,33.1,33.1,32.8,32.7,33.0,33.1,32.7,32.8,33.3,33.4,33.0,33.2,33.6,33.2,33.4,33.4,32.9,32.9,32.4,32.3,32.8,33.0,32.8,32.7,32.7,32.7,32.7,32.6,33.2,32.7,33.1,32.8,33.2,33.4,32.7,32.7,32.5,32.8,32.8,32.9,32.8,33.7,33.4,33.1,33.2,33.0,32.8,32.9,33.0,33.0,32.9,32.3,33.0,33.1,32.4,32.8,32.7,33.2,32.5,32.9,33.2,33.0,33.0,32.7,33.0,33.1,33.0,32.7,32.8,32.8,32.9,32.8,33.1,32.9,33.2,33.3,33.0,33.3,33.1,33.3,33.2,33.2,32.6,32.3,32.3,32.8,32.6,32.7,33.0,32.7,32.9,32.7,32.6,32.9,32.9,32.7,33.1,33.0,32.9,32.9,33.0,33.5,32.6,32.6,33.1,33.3,33.0,33.0,33.3,33.3,33.4,33.1,33.2,33.0,32.4,32.6,32.6,33.0,32.7,32.8,32.7,32.8,32.6,32.8,32.9,32.8,32.8,32.6,33.1,33.0,33.0,32.8,33.1,33.0,33.1,32.9,33.0,33.0,33.5,32.8,33.0,33.2,33.2,33.1,33.2,33.0,32.7,32.7,32.8,33.0,32.8,32.4,32.8,32.9,32.7,32.7,32.9,33.5,33.0,32.8,32.7,32.9,32.4,33.0,32.8,33.2,33.1,32.7,32.7,33.0,32.7,32.7,33.1,33.2,33.0,33.0,33.4,33.0,32.7,32.7,32.3,32.8,32.4,32.7,33.0,32.9,32.9,32.6,32.7,32.6,32.7,32.7,32.9,33.1,32.7,32.8,33.0,32.8,32.8,33.0,33.0,33.1,33.2,33.0,32.8,33.3,33.1,33.1,32.9,33.1,32.9,32.6,32.7,33.2,33.0,33.0,33.0,33.4,33.2,33.3,32.6,33.0,33.0,32.7,32.6,32.6,32.9,32.6,33.0,33.3,32.8,32.7,33.2,33.2,32.9,33.1,33.4,33.3,32.5,32.9,33.1,33.3,33.1,32.8,32.9,33.1,33.0,33.2,33.6,33.7,33.4,33.2,33.5,33.4,32.9,32.8,32.9,33.0,32.8,32.6,33.0,33.3,32.5,32.7,32.8,33.2,33.6,33.0,33.2,33.3,32.9,32.8,33.2,33.7,33.9,33.9,33.9,34.3,34.1,34.0,33.9,34.2,34.1,34.0,33.8,33.8,33.4,33.0,33.6,33.3,33.0,32.9,33.3,33.4,32.9,33.1,32.9,33.4,33.1,32.7,33.1,33.1,33.1,32.7,33.5,33.2,34.2,34.6,34.9,34.4,34.0,33.7,33.7,33.9,34.4,34.0,34.0,33.9,33.2,33.4,33.4,33.5,32.8,33.0,33.2,33.1,33.1,33.2,33.3,33.0,32.6,33.5,33.0,33.4,33.1,33.0,33.5,33.6,34.9,35.2,34.9,34.9,34.0,33.7,34.0,34.6,34.6,34.1,33.9,34.0,33.5,33.2,33.0,33.6,33.6,33.1,33.1,33.5,32.9,32.7,33.3,33.4,33.1,32.5,33.3,32.8,32.8,33.1,33.7,33.6,34.6,35.1,34.8,34.2,33.9,34.1,34.5,34.8,34.4,34.4,34.0,33.6,33.2,33.1,33.4,33.6,32.9,33.0,33.2,33.3,32.9,33.0,33.1,33.5,33.3,33.1,33.4,33.6,33.3,33.1,33.3,34.2,34.7,34.4,34.4,35.3,34.5,34.5,34.8,34.8,34.7,34.5,33.8,33.7,33.3,33.0,33.5,33.4,33.1,33.1,33.1,33.3,33.1,32.9,33.4,33.4,32.8,33.1,33.3,33.6,32.9,33.2,33.6,33.8,33.7,34.3,35.1,35.3,34.9,34.6,35.0,34.8,34.2,34.1,34.0,33.8,33.1,33.6,33.5,33.8,33.1,33.3,33.4,33.6,32.8,33.0,33.5,33.6,33.1,33.2,33.2,33.4,33.2,32.8,33.1,33.3,33.5,33.4,34.8,35.3,34.9,34.1,34.0,34.0,33.5,33.2,33.5,33.7,33.5,33.3,33.8,33.6,33.6,33.2,33.5,33.6,33.5,33.2,33.4,33.8,33.1,33.2,33.1,33.0,33.0,33.0,33.6,33.6,33.3,33.4,34.3,34.5,33.9,nan,33.9,33.6,33.3,33.3,33.0,33.5,33.1,33.7,33.8,33.4,33.3,33.1,33.6,33.5,33.4,32.7,33.5,33.7,33.1,33.0,33.2,33.6,33.2,33.0,33.3,33.8,33.2,33.0,33.7,34.1,33.7,33.3,33.7,33.6,33.2,33.2,33.3,33.3,33.1,33.5,34.1,33.9,33.9,33.5,34.0,34.4,33.8,34.0,33.7,33.8,33.1,33.3,33.5,33.4,33.0,33.2,33.3,33.3,33.0,33.2,33.4,33.7,33.3,33.1,33.4,33.6,33.3,33.3,33.6,33.3,33.4,33.7,33.8,34.0,33.5,33.4,34.3,34.2,33.5,33.7,33.8,33.9,33.8,33.4,33.6,33.8,33.4,32.7,33.5,33.6,33.4,33.2,33.6,33.9,33.3,33.3,33.1,33.6,33.3,33.4,33.4,33.4,33.6,33.5,34.1,34.2,33.7,33.7,34.0,33.8,33.6,33.3,34.0,34.1,32.8,33.2,33.4,33.6,33.0,33.1,33.1,33.5,33.3,33.5,33.7,33.6,33.6,33.6,33.5,33.4,33.2,33.1,33.3,33.3,33.4,33.2,34.0,33.9,33.6,33.2,33.9,34.1,33.4,33.6,33.9,34.4,33.0,33.3,33.3,33.7,33.5,33.0,33.6,33.6,33.3,33.1,33.5,33.7,33.9,33.4,33.7,33.6,33.0,33.4,33.3,33.7,33.4,33.4,33.7,33.6,33.7,33.6,33.9,34.0,33.7,33.4,34.2,34.7,32.9,33.0,33.4,33.4,32.7,33.1,33.4,33.7,33.2,33.5,33.7,33.6,33.4,33.4,33.9,33.6,33.4,33.1,33.5,33.6,33.3,33.2,33.5,33.9,33.3,33.6,33.7,33.8,33.3,33.7,33.9,34.3
1785310611.2525024,793,33.4,32.6,34.0,32.9,33.3,33.0,33.2,32.8,32.7,32.9,33.1,33.0,33.0,32.6,32.8,32.5,32.9,32.6,33.0,33.0,33.2,33.0,32.7,33.0,32.8,32.5,33.5,32.8,33.2,32.9,33.2,33.2,33.1,33.4,33.6,33.5,33.1,33.2,32.7,33.2,32.6,32.8,32.9,33.2,32.9,33.0,32.6,33.1,32.5,33.0,33.1,33.4,32.8,32.8,33.3,33.2,33.0,32.8,32.8,33.7,32.5,33.3,32.8,33.7,33.1,33.0,33.5,33.0,33.5,33.2,33.4,32.9,32.7,32.5,32.9,32.8,32.9,32.9,32.8,32.5,32.8,32.9,33.1,32.6,33.2,33.0,33.1,33.0,32.8,32.9,32.8,33.0,33.1,32.7,33.1,32.8,32.9,33.2,33.0,33.6,32.8,33.6,32.8,33.3,32.8,32.9,32.8,33.2,32.6,32.9,32.6,32.9,32.7,32.8,33.0,33.1,33.0,32.9,32.7,33.0,32.8,33.0,32.6,33.2,32.5,32.7,33.1,33.4,33.3,32.9,33.4,33.1,33.4,33.1,32.9,32.8,32.7,32.5,32.8,32.8,32.7,32.9,33.1,32.5,32.8,32.4,32.9,32.9,32.8,32.7,33.0,33.0,33.0,32.7,33.1,33.0,33.1,32.8,33.0,33.3,32.8,32.9,33.1,33.1,33.2,33.4,32.7,33.3,32.6,33.1,33.0,32.9,32.6,32.7,32.9,32.9,32.8,32.7,32.7,33.1,33.0,32.7,32.2,33.1,32.6,33.1,32.9,33.0,32.5,33.0,33.0,33.1,33.6,33.2,33.1,33.3,33.0,33.1,33.5,33.0,33.0,32.6,32.9,32.7,33.2,32.6,32.9,32.8,33.0,32.7,32.9,33.0,33.1,32.8,32.8,32.7,32.7,32.8,33.3,32.5,33.2,32.7,33.4,32.8,33.2,33.1,33.1,33.5,33.0,33.5,33.1,32.9,32.3,32.4,32.7,32.9,32.4,32.5,32.8,33.2,32.6,33.0,32.7,33.2,32.7,32.9,32.8,33.0,32.6,32.9,32.9,33.1,32.8,33.1,33.0,33.2,33.3,33.2,33.2,33.1,33.0,32.9,33.4,33.1,33.0,32.7,33.1,32.7,32.8,32.4,33.3,33.0,33.3,32.7,32.9,32.8,32.9,32.5,32.9,32.7,33.0,32.9,33.0,32.8,32.7,33.1,33.1,33.0,33.5,33.2,33.0,33.6,33.0,33.1,33.0,33.5,32.8,33.0,33.1,33.4,32.6,33.0,32.9,33.5,33.1,33.2,32.7,33.4,32.7,33.0,32.6,33.1,32.5,33.1,33.0,33.2,32.7,32.8,32.9,33.3,33.1,33.0,33.5,32.9,33.2,33.0,33.3,33.2,34.0,33.6,33.3,33.8,33.9,33.7,34.0,34.3,34.1,33.7,34.1,33.7,33.5,33.5,33.3,33.0,33.1,32.9,33.4,33.1,33.2,32.8,33.4,32.8,33.1,33.0,33.1,33.8,33.1,32.8,33.0,33.9,34.0,34.2,34.3,34.6,34.1,33.8,33.7,34.2,33.8,34.0,33.9,34.0,33.1,33.4,33.1,33.8,32.9,33.1,32.9,33.1,32.6,33.1,33.1,33.7,33.6,32.9,33.5,33.0,33.4,32.8,33.8,33.8,35.2,35.4,34.5,34.2,33.9,33.7,34.3,34.2,34.6,34.0,33.9,33.7,33.5,33.1,33.4,33.3,33.3,32.8,33.2,33.2,33.2,32.9,33.2,33.0,32.9,33.1,32.9,33.6,32.8,33.2,33.6,33.9,34.8,35.7,34.8,34.5,33.6,34.1,34.2,34.9,34.1,34.7,33.7,33.7,33.1,33.4,33.4,33.7,33.0,33.3,32.8,33.5,33.1,33.1,32.9,33.6,33.6,33.1,33.5,33.0,33.6,33.3,34.1,34.2,35.0,35.1,34.9,34.3,34.4,34.3,35.0,34.8,34.4,34.2,33.9,33.5,33.4,33.5,33.6,33.1,33.2,33.1,33.2,33.5,33.4,32.8,33.5,33.4,32.6,33.4,33.0,33.3,33.1,33.3,33.4,34.1,34.0,35.1,34.7,35.3,34.7,34.5,34.8,35.0,34.2,34.4,33.5,33.8,33.1,33.9,33.4,33.9,33.0,33.4,33.2,33.4,32.8,33.3,33.5,33.7,33.6,32.8,33.5,33.3,33.1,33.2,33.6,33.5,33.6,34.1,35.4,35.1,35.0,34.3,34.4,33.7,33.9,33.8,33.9,33.3,33.7,33.3,33.9,33.3,33.2,32.9,33.2,33.4,33.2,33.3,33.6,33.4,32.9,33.3,32.7,33.5,32.8,33.1,33.2,33.5,33.2,34.0,34.7,35.1,34.1,nan,33.7,33.7,33.4,33.6,33.2,33.6,33.6,33.7,33.7,33.8,33.2,32.9,33.1,33.6,33.0,33.2,33.7,33.8,33.5,32.8,33.5,33.0,33.5,33.0,33.7,33.3,33.3,33.2,34.2,34.6,33.9,33.5,33.8,33.7,33.6,33.0,33.7,33.0,33.7,33.7,33.8,33.6,33.6,33.5,33.9,33.9,33.9,33.6,33.8,33.6,33.1,33.4,33.1,33.7,33.0,33.5,33.2,33.7,33.2,33.1,33.5,34.1,33.3,33.6,33.4,33.7,33.1,33.7,33.3,33.8,33.6,33.9,33.7,34.0,33.3,33.5,33.9,34.1,33.7,33.8,34.0,34.4,33.5,33.0,33.5,33.2,33.3,32.9,33.6,33.3,33.7,33.0,34.0,33.7,33.5,33.3,33.5,33.5,33.3,32.9,33.3,33.5,33.5,33.5,33.8,33.7,33.8,33.5,33.7,33.9,34.1,33.3,34.1,34.3,32.8,33.1,33.2,33.7,32.8,33.2,33.3,33.9,33.3,33.3,33.7,33.9,33.2,33.3,33.4,33.9,33.4,33.2,33.2,33.7,33.2,33.8,33.8,34.2,33.3,33.7,33.7,34.3,33.2,33.5,33.9,34.5,33.4,32.9,33.4,33.7,33.4,33.2,33.7,33.2,33.4,33.3,33.6,33.6,33.8,33.5,33.6,33.6,33.3,33.1,33.6,33.8,33.5,33.2,34.2,33.3,33.8,33.5,34.2,33.4,34.0,33.6,34.1,34.0,32.7,33.6,33.6,33.7,33.1,33.4,33.3,33.8,33.0,33.4,33.6,34.0,33.4,33.7,33.4,33.5,33.1,33.6,33.4,33.9,33.2,33.1,33.1,33.8,33.3,33.7,33.3,34.3,33.5,33.8,33.9,34.4
1785310613.797339,794,33.4,33.3,33.8,33.8,33.3,33.6,33.2,32.9,33.0,33.6,32.9,32.5,33.0,33.1,33.2,33.0,32.7,33.1,33.0,33.3,33.0,33.3,33.3,33.1,32.8,33.3,32.9,33.1,33.2,33.5,33.2,33.3,33.3,32.9,33.7,33.7,33.9,33.0,33.1,33.0,33.1,32.6,32.8,32.8,33.0,33.2,32.9,33.0,32.8,32.8,32.9,33.4,33.3,33.0,32.8,33.0,33.0,32.8,32.9,33.1,33.8,32.9,33.2,34.0,33.4,33.9,33.2,33.5,33.3,34.1,33.0,32.8,32.7,33.0,32.7,33.1,32.6,33.0,33.0,32.8,33.0,33.2,32.6,32.9,33.0,32.9,32.9,33.2,33.0,33.0,32.8,33.1,33.3,33.2,33.1,33.1,33.3,33.0,33.4,33.4,33.4,32.8,32.9,33.3,33.1,32.8,32.8,33.0,32.9,32.9,32.7,32.9,33.0,32.5,32.9,32.6,33.1,33.0,32.8,33.2,33.1,32.8,33.1,33.0,33.2,33.1,33.5,33.0,33.3,33.9,32.9,33.7,33.2,33.4,33.3,33.0,32.9,33.0,32.8,32.9,32.4,33.0,33.1,33.0,33.0,33.0,32.7,33.0,33.0,33.0,33.0,33.1,33.0,33.2,32.8,32.9,33.1,32.9,33.0,33.2,33.6,32.9,33.0,33.6,33.7,33.2,32.8,33.1,32.8,32.6,32.6,33.0,33.2,32.7,33.0,33.1,32.9,32.9,32.9,33.1,32.9,33.0,32.7,32.8,32.9,32.9,33.2,33.2,33.2,33.0,33.2,33.1,33.6,33.4,33.1,33.6,33.4,33.4,33.1,32.9,32.7,32.9,32.7,32.8,32.9,32.9,33.1,32.9,32.8,33.3,32.9,33.0,33.1,33.1,33.1,32.8,32.9,33.0,33.1,33.0,33.3,33.1,33.2,33.1,33.3,32.6,33.0,33.3,33.5,33.1,33.2,33.1,33.1,32.6,32.6,33.1,32.8,33.0,33.0,33.2,32.9,32.7,32.8,33.0,33.2,32.8,32.9,33.0,33.4,33.1,33.0,32.9,33.1,32.9,32.9,33.2,33.3,33.5,33.4,33.2,33.0,33.4,33.0,33.0,33.0,33.1,33.0,33.0,32.8,33.1,32.8,33.1,32.8,33.3,33.1,32.8,32.9,33.3,32.7,32.7,32.5,33.0,33.2,33.1,33.1,33.2,33.1,33.4,33.4,33.2,33.1,33.4,33.3,32.8,33.3,33.5,33.4,32.7,32.9,33.1,33.2,32.9,33.5,33.2,33.5,32.9,33.0,33.2,33.2,32.7,32.9,32.8,33.1,32.9,33.1,33.2,32.8,33.0,33.2,32.9,33.1,33.4,33.1,33.0,33.1,33.9,33.0,33.3,33.4,33.9,33.5,33.9,33.9,34.3,33.9,34.3,33.8,34.0,33.6,34.0,33.3,33.4,33.2,33.3,33.0,33.1,33.0,33.4,33.2,33.1,33.2,33.1,33.5,32.6,33.4,33.0,33.4,32.9,33.1,33.5,34.1,33.9,34.4,34.3,34.5,33.8,33.6,34.8,34.3,34.0,34.0,33.7,33.5,33.4,33.4,33.5,33.6,33.1,33.3,33.2,33.1,32.7,33.5,33.2,33.0,33.2,33.1,33.3,33.2,33.3,33.4,33.9,35.2,35.5,34.5,34.7,34.3,34.1,34.0,34.3,34.4,34.6,33.9,33.8,33.5,33.5,33.4,33.6,33.0,33.3,33.2,33.0,33.2,33.2,33.0,33.3,33.5,32.9,33.0,33.1,33.1,33.4,33.5,33.9,35.4,35.4,35.1,34.3,34.2,34.1,34.6,35.0,34.5,34.2,33.7,33.7,33.5,32.9,33.5,33.7,33.2,33.0,33.3,33.4,33.3,32.9,33.6,33.6,33.4,33.4,33.3,33.4,33.2,33.2,34.1,34.3,35.0,35.2,34.7,34.6,34.4,34.7,34.9,35.1,34.5,34.4,33.7,33.7,33.6,33.3,33.6,33.4,32.9,33.4,33.4,33.5,33.4,33.5,33.4,33.7,33.0,33.2,33.3,33.1,33.4,33.1,33.9,33.9,34.6,34.6,35.0,35.3,35.0,34.5,35.1,35.0,34.4,34.4,33.6,33.9,33.4,33.7,33.1,33.5,33.4,32.9,33.3,33.6,33.5,33.1,33.4,33.7,33.4,33.4,33.1,33.4,33.2,33.3,33.6,33.3,34.0,34.5,35.1,35.4,35.0,34.9,34.2,34.0,33.8,33.8,33.8,33.8,33.7,33.8,33.4,33.4,33.4,33.4,33.2,33.3,33.2,33.4,33.4,33.3,33.4,33.3,33.2,33.3,33.5,33.3,33.3,33.5,33.6,33.8,34.8,35.0,34.7,nan,33.8,33.9,33.2,33.6,33.5,33.6,33.7,33.7,33.8,33.7,33.5,33.2,33.2,33.4,33.5,32.9,33.2,33.6,33.5,33.8,33.1,33.4,33.2,33.3,33.6,33.8,33.3,33.8,34.4,34.4,33.6,33.8,33.6,33.8,33.5,33.5,33.6,33.6,33.6,34.1,33.8,33.7,33.8,33.7,33.8,34.0,33.5,33.9,33.4,33.9,33.4,33.4,33.3,33.8,33.3,33.1,33.3,33.6,33.6,33.3,33.7,34.1,33.8,33.6,33.9,33.7,33.2,32.9,33.2,33.4,33.9,33.2,33.6,34.0,34.1,33.4,33.8,33.9,34.0,33.4,33.7,34.4,33.5,33.5,33.7,33.7,33.5,33.2,33.6,33.4,33.2,33.6,33.9,33.9,34.1,33.8,33.5,33.6,33.3,33.6,33.8,33.4,33.7,34.1,34.2,34.2,33.8,34.0,33.9,34.4,33.9,33.9,34.1,34.2,33.4,33.1,33.5,33.5,33.5,33.2,33.2,33.4,33.4,33.6,33.7,33.9,33.5,33.5,33.2,33.7,33.5,33.2,33.5,33.4,33.5,33.8,34.0,34.0,33.6,33.7,33.8,34.5,34.0,33.7,33.8,35.0,33.2,33.4,33.6,33.4,33.4,33.6,33.5,33.5,33.6,33.6,33.6,33.3,34.0,34.0,33.8,33.7,33.5,33.5,33.6,33.7,33.5,33.9,33.8,34.0,33.8,34.0,33.8,33.7,33.6,33.8,34.6,34.4,33.3,33.1,32.8,33.1,33.3,33.3,33.4,33.8,33.3,33.4,33.5,34.1,34.1,33.7,33.9,33.2,33.5,33.4,33.5,33.6,33.8,33.3,33.6,33.6,33.6,33.8,33.6,33.5,34.0,33.6,33.8,35.1
1785310616.35134,795,34.0,33.8,33.8,33.3,33.5,33.1,32.8,33.5,33.0,33.3,33.1,32.9,32.9,33.1,32.6,33.4,32.7,32.7,33.0,33.1,33.4,33.1,33.1,33.3,32.8,32.9,33.1,33.1,33.4,33.2,33.2,33.8,32.8,33.2,33.5,33.7,33.2,33.2,33.1,33.0,32.9,32.8,32.6,33.0,33.2,32.8,32.9,33.2,32.8,32.8,33.3,33.0,32.8,33.0,32.8,33.0,33.2,33.0,33.2,33.3,33.6,33.4,33.5,33.2,32.9,32.9,33.5,33.6,33.1,33.7,33.2,33.1,32.9,33.0,32.7,33.3,32.6,33.2,32.8,33.0,32.9,33.1,32.8,32.9,32.9,33.1,32.9,33.2,32.8,33.1,32.8,33.1,32.9,33.0,33.1,33.6,33.6,33.2,33.4,33.6,33.0,33.0,33.1,32.9,32.9,32.9,33.2,33.2,32.7,32.9,32.9,33.0,32.8,33.0,33.1,33.0,32.8,32.8,33.2,33.1,33.0,33.4,33.1,33.4,33.1,33.1,33.0,33.5,33.3,33.7,33.2,33.7,33.4,33.5,33.3,33.0,33.0,33.0,32.8,32.9,32.6,32.8,33.1,32.8,32.8,32.9,32.8,33.0,33.0,33.0,32.8,33.5,33.0,33.0,33.0,33.1,33.1,33.3,32.8,33.9,33.4,33.2,33.7,33.0,33.5,33.2,33.0,33.1,32.4,32.7,33.1,32.8,33.1,32.7,33.2,33.1,33.3,32.9,33.2,32.9,33.1,33.0,33.1,33.0,32.8,33.1,33.0,33.2,33.0,33.0,33.2,33.4,33.4,33.4,33.1,32.8,33.4,33.4,33.3,33.0,32.7,32.9,32.8,33.0,32.7,32.7,32.6,33.2,32.8,32.8,32.9,33.3,33.1,32.9,33.0,33.2,32.9,33.0,33.3,33.6,33.3,33.1,33.0,33.2,33.1,33.1,33.2,33.1,33.1,33.5,33.4,32.9,33.0,32.6,32.8,32.9,32.8,33.0,33.0,33.0,33.1,33.0,33.2,32.7,33.2,33.0,32.9,33.1,33.0,32.9,33.0,33.1,33.0,32.9,33.1,33.4,33.1,33.5,32.8,33.3,33.2,33.4,33.2,33.6,33.0,33.3,33.0,33.2,33.0,33.6,33.0,33.4,33.0,33.7,33.1,33.1,32.8,32.8,32.6,32.9,32.8,32.7,32.8,33.3,33.0,33.0,33.1,33.2,33.0,33.4,33.1,33.2,32.8,33.0,33.1,33.1,33.3,33.1,33.2,33.3,33.8,33.8,34.0,33.7,34.5,33.4,34.3,33.1,33.4,32.9,32.9,33.0,33.3,33.1,33.0,33.2,33.0,32.9,33.0,33.1,33.1,33.4,33.5,33.1,33.1,33.5,33.0,33.8,33.5,33.7,33.3,33.9,34.2,34.3,34.2,34.8,34.3,34.6,33.8,34.6,33.3,34.3,33.4,34.3,33.1,33.1,32.9,33.7,33.1,33.1,33.0,33.1,33.3,33.1,33.6,33.4,33.2,33.0,33.7,33.5,34.3,34.4,34.4,34.5,34.4,34.2,34.5,34.7,34.8,34.3,34.1,33.6,34.2,33.6,34.4,33.5,33.6,33.0,33.5,33.1,32.9,33.1,33.1,33.2,33.4,33.0,33.3,33.9,33.4,33.2,33.6,34.5,35.0,35.5,35.5,35.0,34.9,34.3,34.6,35.3,34.6,34.4,34.1,33.7,33.2,33.5,33.4,34.4,33.2,33.6,33.4,33.5,33.4,33.4,33.2,33.6,33.5,33.3,33.4,33.5,32.9,33.4,33.7,33.7,35.6,35.6,34.8,35.0,34.4,34.9,34.7,34.7,34.4,34.5,33.7,33.7,33.5,33.4,33.8,33.7,33.6,33.3,33.0,33.4,33.3,33.1,33.5,33.6,33.2,33.4,33.3,34.0,33.4,33.4,34.1,34.5,35.2,35.2,34.9,34.9,34.6,34.4,34.6,34.5,34.5,34.4,34.1,33.7,33.6,33.7,33.6,33.3,33.2,33.1,33.2,33.5,33.2,33.1,33.4,33.8,33.0,33.6,33.3,33.5,33.4,33.3,33.9,34.1,34.5,34.8,34.8,34.8,34.5,34.4,34.3,34.7,34.2,34.1,33.8,33.9,33.5,33.8,33.5,33.5,33.5,33.1,33.3,33.6,33.5,33.0,33.9,33.3,33.4,33.4,33.4,33.4,33.2,33.5,33.6,33.8,33.8,34.4,35.1,34.9,34.4,34.3,34.1,34.1,34.1,33.8,33.9,33.6,33.9,33.8,33.7,33.1,33.7,33.4,33.4,33.5,33.4,33.6,33.6,33.9,33.4,33.1,33.5,33.3,33.5,33.3,33.5,33.5,33.5,33.7,35.0,35.0,33.9,nan,33.5,33.9,33.6,33.4,33.2,33.3,33.9,33.7,33.8,33.5,33.3,33.3,33.5,33.4,33.5,33.3,33.5,33.4,33.3,33.6,33.2,33.8,33.6,33.3,33.2,34.0,33.3,33.5,34.0,34.7,34.1,33.6,33.8,33.8,33.5,33.5,33.4,33.6,33.4,33.6,34.0,33.7,33.5,33.7,33.8,34.0,33.7,33.6,33.4,34.1,33.2,33.6,33.1,33.4,33.3,33.1,33.1,33.6,33.5,33.5,33.7,33.8,33.6,33.4,33.9,33.5,33.4,33.3,33.6,33.4,33.7,33.9,34.0,33.8,33.5,33.7,34.2,33.9,33.6,33.6,33.7,34.0,33.1,34.2,33.5,33.7,33.3,33.3,33.4,33.8,33.5,33.1,33.7,34.0,33.4,33.4,33.2,33.8,33.3,33.6,33.5,33.6,33.4,34.1,34.2,34.0,33.7,33.7,33.7,34.2,34.1,33.7,34.3,34.7,33.4,33.6,33.5,33.7,33.3,33.6,33.4,33.8,33.4,33.5,33.9,33.6,33.5,33.7,33.7,33.7,33.0,33.4,33.7,33.7,33.5,33.5,34.2,34.0,33.8,34.1,33.8,34.3,33.6,33.5,34.2,34.8,33.2,33.5,33.0,33.9,33.4,33.6,33.5,33.5,33.5,33.6,33.5,33.9,34.0,33.7,33.5,33.7,33.3,33.4,33.3,33.9,33.1,33.7,33.8,33.6,33.6,33.6,33.8,34.0,34.0,34.0,34.1,34.9,33.1,33.3,33.5,33.3,33.5,33.7,33.4,33.8,33.2,33.5,33.9,34.1,33.9,33.9,33.7,33.5,33.4,33.8,33.5,33.4,33.3,33.3,33.6,33.7,33.6,33.4,34.0,33.9,33.8,34.0,34.5,34.6
1785310618.8945396,796,33.7,33.3,34.1,33.3,33.5,33.1,33.0,33.3,32.8,33.1,32.9,33.3,32.9,32.9,33.2,33.0,32.9,32.9,33.0,33.1,33.2,32.9,32.9,33.1,33.5,32.7,33.1,33.4,33.7,32.8,32.7,33.6,33.0,33.7,33.7,33.5,33.2,33.0,33.3,33.4,32.9,32.8,32.8,33.0,32.8,33.0,32.9,33.2,32.5,33.0,33.1,33.4,32.6,33.2,33.0,33.5,33.0,33.0,33.2,33.5,33.1,33.1,33.2,33.8,33.1,33.4,33.3,34.0,33.5,33.5,33.0,33.3,32.9,33.0,32.9,33.3,32.8,32.8,33.2,33.2,32.9,33.1,32.7,33.2,33.1,32.9,32.9,33.4,33.0,33.1,33.2,33.1,33.1,32.8,33.1,33.6,33.3,33.5,33.4,33.9,33.2,33.2,33.3,33.2,32.9,32.8,33.0,33.2,32.7,32.9,33.1,33.1,32.7,33.0,32.8,33.4,33.0,33.0,33.4,33.1,32.8,33.2,32.9,33.4,32.8,33.3,33.3,33.7,33.3,33.3,33.6,33.5,33.6,33.5,32.7,33.2,32.8,32.8,33.0,33.1,33.0,32.8,32.9,33.0,32.9,32.7,32.9,33.2,32.8,32.8,33.0,33.3,33.2,32.7,33.0,33.5,33.3,32.9,33.5,33.4,33.6,32.7,33.1,33.2,33.1,33.4,33.0,33.3,33.0,32.9,32.7,32.8,32.9,32.7,32.9,33.3,32.8,32.6,32.7,32.9,32.8,32.7,33.3,33.2,32.8,33.1,33.2,33.6,33.0,33.2,33.0,33.2,33.9,32.9,33.6,33.6,33.4,33.4,33.1,33.1,32.5,32.7,32.6,33.1,32.9,32.7,32.8,33.2,32.8,32.7,32.9,33.2,33.4,33.3,33.0,32.8,33.1,33.1,33.3,33.0,33.3,33.1,33.2,33.4,33.5,33.1,33.2,33.3,33.1,33.3,33.0,32.7,32.6,32.6,32.8,33.3,32.8,32.8,32.8,33.2,32.7,33.0,32.8,33.2,33.0,32.8,33.1,33.1,32.9,33.1,33.0,33.3,32.8,33.1,33.3,33.2,33.3,33.3,32.8,33.3,33.1,33.2,33.4,33.4,33.0,32.8,33.2,33.2,33.0,33.0,33.0,33.3,33.1,33.2,32.8,33.1,33.0,32.8,33.1,33.1,32.7,32.7,33.0,33.3,32.8,33.0,33.1,33.4,33.2,33.6,33.3,33.2,32.8,32.8,33.0,33.5,33.0,32.9,33.1,33.6,33.5,33.7,33.6,33.9,33.5,33.5,33.2,33.4,33.0,33.1,33.1,32.8,32.9,33.1,33.1,33.0,33.0,32.9,33.0,33.1,33.1,33.4,33.3,33.5,33.3,33.2,33.4,33.6,33.7,33.4,33.3,34.3,34.3,34.1,34.4,34.8,34.7,34.9,34.9,34.9,34.5,34.3,33.5,33.4,33.3,32.9,33.2,33.4,33.3,33.1,33.0,33.3,33.1,33.3,33.2,33.4,33.2,33.1,33.3,33.7,33.8,34.3,34.3,34.3,34.0,34.2,34.1,34.8,34.5,34.8,34.8,34.8,34.5,34.8,34.6,34.2,32.9,33.3,33.2,33.1,33.1,33.3,33.3,33.4,33.6,33.2,33.4,33.5,33.4,33.2,33.6,34.5,35.0,35.2,34.9,35.2,34.3,34.0,34.8,34.9,34.6,34.4,33.9,34.2,33.8,33.4,34.8,35.4,34.2,33.8,33.2,33.3,33.8,33.3,33.6,33.6,32.9,33.5,33.6,33.3,33.3,33.8,33.5,33.9,35.3,35.3,35.3,35.0,33.9,34.2,34.3,34.6,34.4,34.6,33.9,33.7,33.4,33.6,33.8,34.7,34.1,33.8,33.5,33.6,32.9,33.1,33.3,33.6,33.4,33.4,33.6,33.6,33.4,33.4,33.9,34.3,34.9,35.2,34.6,34.3,34.3,34.0,34.3,34.6,34.5,34.1,33.8,33.8,33.4,33.5,33.6,33.4,33.2,33.1,33.3,33.7,33.4,32.9,33.6,33.4,33.4,33.6,33.3,33.4,33.0,33.5,33.6,34.1,34.5,34.8,34.5,34.3,34.4,34.4,34.2,34.6,33.9,34.4,34.1,34.0,33.2,33.5,33.2,33.4,33.3,33.3,33.7,33.6,33.1,33.3,33.7,33.7,33.5,33.4,33.8,34.0,33.6,33.1,34.0,34.2,34.0,34.4,34.9,35.1,34.6,34.1,34.3,34.1,34.1,33.8,33.8,33.8,33.8,33.6,33.8,33.4,33.4,33.2,33.6,33.9,33.8,33.2,33.6,33.9,33.0,33.7,33.1,33.3,33.3,33.3,33.4,33.5,33.3,34.2,34.8,35.2,34.3,nan,33.7,33.9,33.4,33.6,33.4,33.4,33.7,34.0,33.7,33.4,33.3,33.1,33.4,33.6,33.3,33.6,33.5,33.6,33.7,33.0,33.2,33.2,33.6,33.3,33.2,34.0,33.3,33.5,34.4,34.7,33.8,33.9,34.0,34.0,33.5,33.0,33.4,33.8,33.6,33.8,33.9,33.7,33.7,33.3,33.8,33.9,33.5,33.2,33.8,33.9,33.2,33.2,33.7,33.6,33.2,33.5,33.3,33.4,33.3,33.7,33.9,33.8,33.3,33.4,33.5,33.9,33.4,33.3,33.7,33.5,33.6,33.9,34.2,34.2,33.5,33.9,34.1,33.9,33.8,33.8,33.7,33.8,33.5,33.3,33.3,33.7,33.5,33.3,33.8,33.4,33.4,33.1,33.7,34.0,33.6,33.4,33.5,33.8,33.3,33.3,33.5,33.9,33.7,33.8,34.1,33.9,33.9,33.7,34.1,34.0,34.5,33.7,34.1,34.9,33.0,33.6,33.5,33.7,33.1,33.5,33.8,33.8,33.4,33.5,33.9,34.1,33.4,33.5,33.5,33.6,33.4,33.6,33.5,33.6,33.2,33.5,34.0,34.2,33.4,33.9,33.8,34.1,33.6,33.6,34.4,35.2,33.2,33.7,33.7,33.9,33.6,33.6,33.7,33.7,33.7,33.3,33.7,34.2,33.7,33.7,33.9,33.9,33.3,33.5,33.8,34.1,33.5,33.6,34.2,33.8,33.8,33.8,34.4,34.2,34.2,33.8,34.6,35.3,33.3,33.4,33.3,33.3,32.7,33.1,33.4,33.6,33.0,33.5,33.7,34.3,33.9,33.9,34.1,33.7,33.2,33.9,33.5,33.4,33.3,33.5,33.8,33.7,33.3,34.0,33.9,34.0,33.6,34.1,34.1,34.6
1785310621.4454498,797,34.0,33.6,34.1,34.1,33.3,33.4,33.9,33.5,32.8,33.3,33.1,33.1,32.9,32.7,33.4,33.2,32.9,33.3,33.2,33.3,33.1,33.1,33.1,33.1,33.1,32.9,33.3,33.6,33.4,33.5,33.5,33.6,33.3,32.9,34.2,33.5,33.5,33.4,33.5,33.4,33.3,33.2,33.2,33.0,32.6,33.0,32.9,33.4,32.8,32.9,33.3,33.2,32.8,32.8,33.2,33.6,33.0,32.8,33.0,33.5,33.1,32.9,33.0,33.8,33.6,33.4,33.7,34.0,33.3,33.3,33.8,33.7,32.8,32.8,32.9,33.3,32.8,32.8,32.8,33.4,33.0,33.2,33.2,33.4,33.1,33.5,32.9,33.2,33.0,33.1,33.0,33.3,33.4,33.3,33.4,33.9,33.6,33.7,33.1,33.6,33.0,33.2,33.3,33.3,33.5,32.8,33.2,33.2,32.8,32.9,33.3,33.3,33.4,32.8,34.0,33.4,34.2,33.0,33.9,33.3,33.5,33.0,32.9,33.6,33.1,32.7,33.7,33.5,33.5,33.7,33.2,33.7,33.2,33.3,33.5,33.6,33.0,33.0,33.0,33.1,33.0,33.5,33.1,33.9,32.9,33.9,33.1,34.2,33.0,34.2,33.0,34.7,33.1,34.1,33.2,33.7,33.3,33.3,33.3,33.2,33.4,33.4,33.7,33.4,33.2,33.2,33.6,33.5,33.1,32.8,33.6,33.0,34.1,32.7,34.2,33.1,33.6,32.8,34.2,33.4,34.3,32.7,34.3,33.3,33.8,32.7,34.2,33.6,33.2,32.8,33.4,33.4,33.9,33.4,33.4,33.6,33.0,33.4,33.5,33.2,32.9,33.1,32.9,33.7,32.7,34.7,32.9,34.7,32.8,34.6,33.1,34.8,33.1,34.1,32.7,33.9,32.9,34.0,33.3,34.1,33.5,33.5,33.2,33.4,33.3,33.3,33.6,33.3,32.7,32.9,33.4,33.5,33.0,33.0,33.5,33.1,34.5,32.8,34.5,33.0,34.2,32.6,34.8,33.4,34.2,33.0,33.9,33.2,33.9,32.9,34.1,33.0,33.3,33.1,33.3,33.6,33.7,33.8,33.2,33.7,33.6,32.9,33.4,33.4,33.0,33.3,33.0,34.2,32.8,34.8,33.3,34.6,33.1,34.1,33.4,34.3,33.3,34.1,33.1,33.9,33.0,33.6,33.2,33.5,33.3,33.6,33.1,33.6,33.5,33.4,33.8,33.6,33.0,33.2,33.3,33.7,33.5,33.1,34.1,33.1,34.6,33.0,34.6,33.2,34.2,33.1,34.5,33.9,34.0,33.1,33.8,33.7,33.9,33.1,33.7,33.8,33.2,33.2,33.4,33.3,33.8,33.4,33.5,33.3,33.1,33.4,33.0,33.7,33.2,33.4,33.7,34.4,33.3,33.7,34.1,34.9,34.0,34.0,34.7,33.8,34.0,33.8,33.9,33.4,33.7,33.4,33.4,33.7,33.3,33.3,33.8,33.5,33.7,33.1,33.6,33.2,33.0,33.1,33.3,33.4,33.4,33.3,33.8,34.0,33.9,33.7,34.0,34.4,34.1,34.5,33.8,34.8,33.6,34.4,33.8,34.2,33.4,33.6,33.7,33.8,33.5,33.3,34.1,33.4,33.6,33.4,33.6,33.5,33.2,33.0,33.6,33.1,33.7,33.4,34.4,33.9,34.4,33.5,34.3,34.2,34.3,33.8,34.9,33.7,34.3,33.2,34.3,33.6,34.4,33.1,33.8,34.1,33.4,33.5,33.8,34.0,33.5,32.9,33.7,33.1,33.1,32.9,33.4,33.4,33.1,33.6,33.1,35.5,33.3,34.7,33.7,34.4,33.4,34.4,33.2,34.8,33.2,33.7,33.7,34.0,33.4,34.5,33.7,33.8,33.5,32.9,33.9,33.8,33.4,33.2,33.6,33.8,33.3,33.4,33.4,33.4,33.7,33.4,35.4,33.8,34.9,33.5,34.3,33.7,34.5,33.3,34.6,33.7,33.6,32.9,34.1,33.4,33.6,33.2,33.6,33.8,33.2,33.8,34.2,34.4,33.2,33.0,33.5,33.7,33.0,32.9,33.2,33.7,32.8,33.5,33.5,35.5,33.4,34.1,33.6,34.3,33.4,34.2,33.5,34.8,33.2,33.8,33.3,33.6,33.5,33.5,34.1,33.8,33.1,33.2,33.7,33.9,33.7,33.2,33.8,33.8,33.6,33.0,33.6,33.3,33.5,33.4,34.1,33.3,34.6,33.2,34.6,33.7,34.0,33.3,34.3,34.0,33.6,33.0,33.8,33.2,33.6,33.2,33.8,33.9,33.6,33.6,33.6,34.2,33.2,33.3,33.5,33.3,33.4,33.1,33.5,33.5,33.0,33.7,33.3,34.5,33.1,nan,33.5,34.1,33.3,33.9,33.5,34.3,33.2,33.4,33.7,34.0,33.3,33.3,33.6,33.8,33.5,33.5,33.7,34.2,33.1,33.2,33.6,33.8,33.2,33.3,33.4,33.4,33.3,33.3,33.7,33.2,34.3,33.1,34.5,33.6,33.6,33.3,33.8,33.6,33.3,33.7,33.9,33.9,33.5,33.3,33.8,33.7,33.5,33.6,34.0,33.9,33.2,33.4,33.3,34.0,33.5,33.1,32.9,33.6,32.8,33.1,33.2,33.8,33.0,34.4,33.4,34.4,33.3,33.6,33.6,34.0,33.4,33.6,33.7,34.2,33.5,33.7,33.7,33.8,33.1,33.8,33.7,34.0,34.0,34.0,33.5,33.9,33.3,33.3,33.4,33.4,33.4,33.3,33.7,33.5,33.2,33.1,33.7,33.4,33.5,33.1,33.7,33.4,33.0,33.3,34.1,33.3,34.0,33.5,34.1,34.0,34.3,33.5,34.1,34.3,33.4,33.6,34.0,33.9,32.9,33.5,33.2,33.8,33.1,33.3,33.0,33.6,33.0,33.7,33.7,34.4,32.9,33.4,33.5,33.9,32.8,33.3,34.2,33.8,33.2,33.7,33.6,34.1,33.2,33.6,33.6,34.3,33.4,33.7,33.4,33.9,33.8,33.0,33.9,33.5,33.5,33.1,33.7,33.2,33.9,33.2,34.2,33.4,33.3,33.2,33.7,33.5,33.3,33.2,33.8,33.4,33.8,33.2,33.8,33.6,34.0,33.4,34.6,34.0,33.3,33.6,33.5,34.0,33.1,33.3,33.2,33.8,33.0,33.1,33.2,34.3,33.0,33.7,33.4,33.7,33.2,33.3,33.4,33.6,33.2,33.4,33.3,33.9,33.3,33.8,33.5,34.0,33.4,34.1,33.6,34.2
1785310623.9931676,798,33.7,33.8,33.3,33.3,33.5,33.4,33.4,33.5,33.4,33.3,33.1,32.7,32.9,33.1,33.0,32.9,33.1,32.7,33.0,32.9,33.4,33.1,32.9,32.7,33.1,33.3,33.1,33.1,33.7,33.3,33.0,33.3,33.6,34.0,33.7,33.2,33.5,33.2,33.3,33.4,33.1,33.6,32.8,33.4,32.8,33.2,32.7,33.2,32.8,33.0,32.9,33.2,33.1,33.0,32.9,33.4,33.4,33.0,33.0,33.3,33.6,33.4,33.0,33.8,34.1,34.4,33.7,33.3,33.3,33.3,33.4,33.1,33.3,33.0,33.3,33.0,33.0,32.8,32.3,32.5,32.9,33.1,32.8,32.9,33.2,33.1,33.1,33.0,33.0,33.1,32.8,32.7,33.1,33.1,32.9,32.9,33.8,34.2,33.8,33.6,33.0,33.2,32.9,33.1,33.1,33.1,33.0,33.2,32.7,32.6,32.6,33.1,32.9,33.0,33.1,33.3,33.2,33.1,33.2,33.1,33.2,33.4,32.7,33.4,33.3,33.3,33.0,33.7,34.2,33.7,33.6,33.5,33.4,33.3,32.7,33.2,33.3,33.2,33.1,33.1,33.1,33.0,33.3,33.0,33.0,33.2,33.3,33.0,33.5,33.4,32.8,32.9,33.1,33.0,33.0,33.1,33.3,32.9,33.1,33.2,33.9,34.1,33.5,33.8,33.0,33.2,33.0,33.3,33.1,33.1,33.1,33.0,33.1,33.2,33.0,33.3,33.5,33.6,33.6,33.6,33.6,33.6,33.1,33.2,33.1,33.1,32.9,33.4,33.2,33.4,33.0,33.4,34.3,33.6,33.8,33.2,33.4,33.4,33.7,32.8,33.2,33.1,33.3,33.3,33.7,33.5,33.7,33.4,34.1,34.3,34.0,34.1,34.7,34.3,34.3,33.4,33.6,33.3,33.1,33.0,33.5,33.3,33.2,32.9,33.8,33.7,33.0,33.5,33.1,33.5,33.0,33.5,33.2,33.3,33.0,33.6,33.8,34.6,34.3,34.5,34.3,34.1,34.0,34.5,35.0,34.8,35.1,34.9,34.4,34.1,33.7,33.3,33.2,33.3,33.1,33.2,34.0,33.8,33.4,33.3,33.4,33.1,32.7,32.7,33.3,33.1,33.3,33.8,34.9,35.4,35.2,34.9,34.3,34.1,33.7,34.3,34.7,34.8,34.2,34.6,34.8,34.6,34.3,34.0,33.7,33.8,33.1,33.2,33.9,33.8,33.4,33.4,33.2,33.0,33.1,33.3,33.1,33.1,33.1,33.9,34.9,35.7,35.2,35.0,34.3,34.2,34.1,34.5,34.5,34.5,33.9,34.2,33.9,34.3,34.6,35.2,34.0,33.6,33.0,33.5,34.2,33.2,33.3,33.3,33.6,33.2,32.5,33.3,33.2,33.4,33.3,33.8,34.7,34.9,34.7,34.3,34.1,34.1,34.3,34.3,34.5,34.3,33.9,33.4,33.5,33.6,33.9,34.4,34.3,33.8,33.8,33.1,33.3,33.5,33.2,33.2,33.2,33.1,33.2,32.8,33.2,33.1,33.3,33.7,34.5,34.6,34.3,34.4,34.1,34.3,34.0,34.2,34.4,34.4,33.8,33.7,33.3,33.8,33.7,33.4,33.9,33.3,33.1,33.4,33.8,33.4,33.2,33.3,33.7,33.2,32.9,32.9,33.4,33.3,33.2,33.2,33.8,34.1,34.8,34.8,34.5,33.8,33.8,34.0,34.3,33.8,34.1,33.4,33.9,33.5,33.2,32.8,33.8,33.1,33.6,33.4,33.5,33.7,33.1,33.1,33.1,33.4,32.8,33.2,33.0,33.3,33.5,33.3,33.1,33.6,34.7,34.9,34.2,33.9,33.7,33.9,33.6,33.9,33.4,33.5,33.8,33.7,33.5,33.8,33.1,33.3,33.5,33.8,33.9,33.8,33.5,33.0,33.3,33.2,33.2,33.1,33.5,33.2,33.1,33.5,33.5,33.3,34.1,34.5,34.0,33.8,33.6,33.5,33.6,33.2,33.6,33.4,33.6,33.7,33.6,33.3,33.6,33.3,33.6,33.6,33.4,33.8,33.3,33.4,33.2,33.3,33.0,33.4,32.8,33.1,33.2,33.5,33.4,33.3,33.5,33.9,33.6,33.8,33.3,33.6,33.2,33.6,33.5,33.6,33.3,34.0,33.5,34.0,33.1,33.5,33.5,33.9,33.7,33.6,33.2,33.4,33.4,33.2,33.1,33.1,33.5,33.0,32.9,33.3,33.4,33.3,33.1,33.2,33.6,33.2,33.3,33.2,33.3,33.3,33.4,33.2,33.9,33.6,33.8,33.4,34.0,33.8,34.2,34.0,33.2,33.5,32.9,33.3,33.2,33.1,33.0,33.2,33.1,33.2,33.3,33.5,33.3,nan,33.0,33.4,32.9,33.6,33.2,33.4,33.1,33.4,33.3,33.5,33.7,33.6,33.7,34.0,33.9,34.2,34.1,34.4,33.7,33.6,33.4,33.4,33.4,33.2,33.0,33.4,33.0,33.3,33.2,33.2,33.5,33.1,33.5,33.5,33.6,33.5,33.4,33.3,33.6,33.5,33.3,33.2,33.7,33.5,33.8,33.9,33.7,34.0,34.0,33.9,33.0,34.0,33.3,33.2,32.8,33.1,32.9,33.6,33.1,33.3,32.8,33.5,33.1,33.4,33.6,33.7,33.6,33.8,33.6,33.5,33.2,33.5,33.3,33.7,33.3,33.2,33.5,33.7,33.5,34.0,33.5,34.0,33.7,33.6,33.1,33.5,33.3,33.1,33.1,33.2,33.4,33.3,33.5,33.4,33.6,33.5,33.5,33.3,33.8,33.3,33.5,33.4,33.4,33.1,33.7,33.5,33.5,33.3,33.5,34.0,33.7,33.5,33.9,34.2,33.2,33.6,33.3,33.5,32.9,33.5,33.0,33.4,32.9,33.5,33.2,33.3,33.2,33.4,33.2,33.8,33.4,33.6,33.3,33.6,33.5,33.7,33.4,33.5,33.2,33.7,33.4,33.7,33.8,33.8,33.8,34.3,33.6,33.7,33.2,33.2,33.4,33.2,33.5,33.1,33.5,33.3,33.3,33.0,33.1,33.2,33.0,33.2,33.5,33.2,33.8,33.5,33.5,33.6,33.6,33.8,33.8,33.2,33.6,33.6,33.6,33.8,33.7,33.7,33.3,33.6,32.9,33.3,32.9,33.3,33.0,33.4,33.0,33.3,33.0,33.4,33.0,33.6,33.2,33.4,32.9,33.4,33.2,33.6,33.3,33.5,33.6,33.5,33.7,33.8,33.5,34.2,33.2,34.0,34.1,33.9
1785310626.5414312,799,34.0,33.0,33.3,33.3,33.3,33.6,33.4,33.3,33.4,33.5,32.9,32.9,33.1,32.3,32.6,33.0,32.9,32.7,33.0,33.1,33.2,32.9,32.9,32.7,33.1,32.7,33.1,32.9,33.4,33.2,33.0,33.1,33.0,33.7,33.2,33.2,32.8,33.2,32.9,33.4,33.1,33.4,33.0,33.2,32.8,33.0,32.9,32.6,32.8,33.0,32.9,32.9,32.8,32.8,32.8,33.1,33.0,33.0,33.0,33.5,33.1,33.1,33.2,33.0,33.6,33.1,33.7,33.1,33.5,33.1,33.0,33.3,33.1,33.0,33.3,33.1,32.6,32.5,32.8,32.3,33.0,32.7,32.8,32.7,33.2,32.6,33.3,32.8,33.0,32.9,32.8,32.7,33.4,33.1,33.1,33.2,33.3,34.2,33.8,33.6,32.8,33.0,32.9,33.1,32.7,33.1,33.0,33.0,32.7,32.6,32.2,33.0,33.0,32.7,33.0,33.2,32.8,33.1,32.8,33.3,32.8,33.2,32.9,33.4,32.9,33.1,33.3,33.2,33.8,33.5,33.4,33.7,33.0,32.7,32.7,33.4,33.3,33.0,32.8,32.9,33.1,32.7,33.1,32.8,33.0,32.6,32.9,32.9,33.0,32.8,33.0,33.1,32.9,32.9,32.6,32.7,33.1,32.9,33.1,33.0,33.4,33.9,33.5,33.2,32.9,33.2,33.2,33.1,32.8,32.7,33.1,33.0,32.7,33.1,33.0,33.1,33.1,33.1,33.1,33.1,32.8,33.1,32.9,33.2,32.8,32.9,32.9,32.8,33.0,32.8,33.2,32.9,34.1,33.8,33.6,33.6,33.2,32.9,33.3,33.2,33.0,32.9,33.1,33.2,33.2,32.9,33.1,33.1,34.0,33.3,33.4,33.5,33.8,32.9,33.0,32.8,33.3,32.6,32.9,33.2,32.9,32.7,33.2,32.9,33.3,33.7,33.4,32.9,32.7,32.9,33.0,33.1,33.0,33.2,33.0,33.3,33.2,33.5,33.3,34.0,33.4,34.1,33.5,34.3,33.2,33.6,33.1,33.2,33.0,33.4,33.4,33.0,33.0,33.1,32.9,32.8,33.5,33.6,33.2,33.1,32.9,32.9,33.0,33.2,33.3,32.8,33.5,33.5,34.6,34.0,34.6,34.1,33.9,34.1,34.1,34.3,34.9,34.6,34.7,34.4,34.3,33.2,33.4,33.3,33.3,33.2,33.3,33.4,33.5,33.6,33.3,33.2,32.8,33.2,33.1,33.1,32.8,33.2,33.6,34.3,34.3,35.4,34.7,34.3,33.8,34.0,33.8,34.5,34.8,34.7,34.9,35.0,34.6,34.8,33.5,33.9,33.2,33.2,33.2,33.7,33.3,33.2,33.5,33.3,33.3,33.0,33.0,33.1,33.4,32.7,33.5,33.6,35.5,35.1,34.6,34.6,34.0,33.8,34.3,34.5,34.6,34.4,33.9,33.9,33.5,34.4,34.7,35.0,34.0,33.5,33.6,33.3,33.3,33.5,33.2,32.8,32.9,33.2,32.8,33.2,33.0,33.1,33.3,34.0,34.7,35.0,34.6,34.0,33.9,34.0,34.0,34.4,34.0,34.5,33.8,33.5,33.3,33.6,34.6,35.0,34.0,33.7,33.3,33.2,33.4,33.2,33.4,33.3,33.0,32.8,32.9,33.1,33.0,32.9,33.5,33.7,34.4,34.3,34.4,34.3,34.3,33.7,34.1,34.2,34.1,34.2,33.6,33.4,33.5,33.3,33.2,33.9,33.6,33.3,33.4,33.4,33.1,33.1,33.1,33.1,32.9,33.1,32.8,33.1,33.1,33.5,33.3,33.7,33.7,34.7,34.5,34.6,34.0,34.1,33.9,34.1,33.7,34.0,33.8,33.4,33.1,33.5,33.3,33.2,33.3,33.3,33.1,33.4,33.9,33.4,33.4,33.6,33.4,33.0,33.2,33.4,33.0,33.4,33.3,33.5,33.6,33.7,34.6,34.8,33.7,34.0,33.6,33.8,33.6,33.5,33.6,33.4,33.7,33.4,33.3,33.5,33.6,32.9,33.2,33.4,33.0,33.2,32.9,33.2,32.9,33.1,33.4,33.0,32.7,33.1,33.0,33.2,33.3,33.4,34.5,34.4,33.9,33.8,33.6,33.8,33.5,33.4,33.3,33.6,33.5,33.6,33.2,33.4,33.1,33.5,33.5,33.5,33.4,33.4,33.6,33.4,33.0,33.0,33.1,33.3,32.8,32.7,33.1,33.1,33.3,33.2,33.3,33.7,33.5,33.2,33.1,33.3,33.1,33.2,33.4,33.4,33.7,33.4,33.6,33.7,33.4,33.4,33.4,33.1,33.0,33.3,33.3,33.1,33.0,33.1,32.8,33.5,33.1,33.3,33.2,33.3,33.1,nan,32.9,33.2,33.4,33.5,33.2,33.1,33.4,33.4,33.5,33.5,33.5,34.0,33.6,34.0,33.5,33.8,33.7,33.8,33.7,33.0,33.2,33.4,33.4,33.1,33.0,33.6,33.2,32.8,33.0,33.6,33.3,33.1,33.6,33.6,33.0,33.3,33.3,33.6,33.3,33.5,33.2,33.5,33.3,33.3,33.8,34.2,34.3,34.0,34.2,33.9,33.0,33.4,33.5,33.4,32.4,33.3,32.9,33.4,33.0,33.1,33.4,33.5,33.1,33.4,33.4,34.0,33.8,33.3,33.1,33.5,32.9,33.4,33.5,33.3,33.5,33.7,33.9,33.6,33.5,33.8,33.7,34.0,33.5,32.9,33.3,33.3,32.9,32.9,33.1,33.1,33.4,33.0,33.0,33.3,33.6,33.3,33.5,33.6,33.5,33.1,33.3,33.1,33.2,32.9,33.3,33.5,33.5,33.3,33.5,33.8,33.9,33.5,33.7,34.0,33.0,33.6,33.1,33.1,32.9,33.1,33.0,33.2,33.1,33.1,33.2,33.3,33.0,33.4,33.9,33.8,33.4,33.2,33.1,33.6,33.2,33.2,34.0,33.5,33.2,33.6,33.2,33.7,33.4,33.8,34.0,34.3,33.6,33.2,33.4,33.4,33.2,33.0,32.9,33.1,33.1,32.7,32.9,33.2,33.1,33.0,33.0,33.4,33.2,33.6,33.7,33.7,33.5,33.6,33.6,33.2,33.6,33.4,33.6,33.4,33.8,33.6,33.9,34.0,33.3,33.4,33.3,33.3,32.9,32.9,32.6,33.2,32.8,33.1,33.2,33.4,33.2,33.2,33.4,33.2,33.2,33.4,33.5,33.6,33.1,33.5,33.8,33.7,33.3,33.6,33.7,33.8,33.4,33.8,33.8,34.2
1785310629.091852,800,34.0,33.6,32.9,33.6,33.1,33.4,33.7,33.6,32.8,33.5,32.9,33.2,32.7,32.5,32.9,32.9,32.9,32.8,33.1,33.1,33.1,32.9,32.9,33.1,32.9,32.5,33.1,33.2,33.5,33.0,33.2,33.1,33.9,33.5,34.0,33.3,33.7,33.0,33.3,33.4,33.6,33.4,33.6,33.1,32.7,32.9,32.8,32.8,32.9,32.5,32.9,33.1,33.3,33.0,33.1,33.1,33.0,33.1,33.4,33.1,33.4,33.0,33.0,33.0,33.2,33.4,33.5,33.8,33.1,32.9,33.0,33.5,32.8,33.1,33.1,33.0,32.5,32.5,32.5,33.1,32.6,32.9,32.9,33.1,32.7,32.9,32.8,33.0,32.9,33.1,32.5,32.7,33.2,32.7,32.7,33.4,33.8,33.5,33.6,33.7,33.2,33.1,33.0,33.0,33.5,33.2,33.2,33.1,32.8,32.8,32.8,32.7,32.7,32.5,33.2,32.5,33.0,32.8,33.0,33.1,33.2,32.9,32.9,33.0,32.9,32.9,33.3,33.3,33.6,33.8,33.9,34.2,33.2,33.3,33.2,33.2,33.2,33.0,32.8,33.1,33.0,32.9,32.6,32.9,32.6,32.9,32.6,32.9,32.7,33.0,32.9,33.0,32.9,32.7,32.6,32.9,33.2,33.0,32.9,33.3,33.4,33.5,34.4,33.4,33.4,33.0,33.1,33.2,33.2,33.3,33.1,32.8,32.6,32.9,33.1,33.2,33.2,33.0,32.9,33.0,33.1,32.7,32.9,32.7,33.0,32.8,32.9,32.8,33.1,32.5,33.2,33.4,33.7,33.9,33.4,34.0,33.0,33.1,33.0,33.2,32.9,33.3,33.1,33.2,33.3,33.2,32.8,33.4,33.2,33.8,33.4,33.8,33.5,33.6,33.0,33.4,33.1,32.7,33.0,33.0,32.9,32.9,33.3,33.4,33.6,33.3,33.7,33.6,33.2,33.1,32.9,33.1,33.0,33.0,33.0,33.0,33.2,33.3,33.5,33.4,33.4,33.9,33.8,33.9,34.2,33.7,33.9,33.4,33.2,33.3,33.4,33.2,33.0,32.8,33.4,32.8,33.8,33.8,33.0,33.5,32.7,33.1,33.1,33.4,32.9,33.0,33.2,33.2,33.7,34.0,34.6,35.2,34.0,34.3,33.9,34.0,34.8,34.5,34.9,35.1,34.7,34.6,33.6,33.7,33.4,33.6,32.9,33.4,33.9,33.5,33.4,33.5,33.4,32.8,33.0,33.0,32.8,33.1,33.6,33.7,34.0,34.2,35.1,35.2,34.3,33.9,34.2,33.9,34.5,34.7,34.9,35.2,34.8,34.8,34.4,34.0,33.6,33.3,33.4,33.2,33.8,33.6,33.4,33.5,32.6,33.4,33.1,33.3,33.3,33.4,33.2,33.8,34.1,35.1,35.2,35.8,34.2,33.9,34.0,34.2,34.5,34.6,34.6,34.6,33.5,33.5,34.0,34.8,34.4,34.2,33.2,33.3,33.7,33.1,33.1,32.9,33.1,33.1,33.2,33.1,33.2,33.0,33.5,33.6,34.1,34.7,35.1,35.0,34.1,33.9,33.9,33.9,34.1,34.2,34.0,34.0,33.5,33.7,33.6,34.4,35.0,34.1,33.5,33.0,33.2,33.4,33.4,33.8,33.4,33.2,32.8,33.1,32.9,33.0,32.9,33.4,33.5,33.7,34.5,34.3,34.2,34.0,33.6,34.2,34.2,34.0,33.8,34.0,33.4,33.3,33.6,33.4,33.5,33.3,33.0,33.4,33.3,33.1,33.5,33.3,32.9,32.7,33.0,32.9,33.0,32.9,33.2,33.2,33.3,33.8,34.9,34.8,34.2,34.0,34.1,34.2,33.7,33.9,34.2,33.7,33.8,33.5,33.5,33.6,33.3,33.2,33.5,33.5,33.3,33.5,33.2,33.6,33.3,32.9,33.3,33.3,32.9,33.3,33.0,33.5,33.5,33.0,34.2,34.5,34.5,34.5,33.6,34.0,33.5,33.7,33.6,33.6,33.6,33.3,33.3,34.0,33.1,33.3,33.4,33.8,33.2,33.0,33.1,33.2,32.9,33.0,33.2,33.3,33.0,33.2,33.5,33.1,33.5,33.2,33.6,34.5,34.4,34.0,33.5,33.7,33.2,33.5,33.5,33.6,33.3,33.5,33.9,33.8,33.2,33.4,33.3,33.5,33.3,33.4,33.0,33.4,33.2,32.8,33.1,33.3,33.2,33.1,33.1,33.3,33.2,33.3,33.3,33.5,33.5,33.4,33.3,33.5,33.3,33.2,33.1,33.4,33.4,33.4,34.0,33.8,33.6,33.8,33.8,33.8,33.3,33.1,33.1,33.0,33.4,32.8,33.2,33.2,32.8,32.9,33.2,33.2,33.3,nan,33.1,33.3,33.5,33.3,33.4,33.5,33.4,33.1,33.5,33.4,33.4,33.5,33.9,33.8,33.8,33.7,33.9,34.3,33.1,33.0,33.4,33.6,33.0,33.2,33.3,33.6,33.0,33.4,33.2,33.2,32.9,33.3,33.4,33.2,33.5,33.3,33.1,33.3,33.3,33.3,33.2,33.2,33.5,33.2,33.6,34.1,33.4,33.8,34.1,34.6,33.3,33.2,33.5,33.4,33.0,33.0,33.0,33.1,33.3,33.4,33.2,33.3,33.0,33.1,33.6,33.6,33.6,33.3,33.3,33.5,33.3,33.3,33.3,33.5,33.5,33.4,34.1,33.6,33.7,33.7,34.2,33.8,33.8,33.6,32.9,33.5,32.8,33.3,33.1,33.5,33.2,33.4,33.8,33.6,33.1,33.3,33.2,33.5,33.3,33.6,33.0,33.5,33.2,33.1,33.4,33.2,33.0,33.1,33.6,33.8,34.0,33.7,33.7,34.1,33.2,33.2,33.8,33.8,33.0,32.9,33.1,33.3,33.1,33.2,33.2,33.5,33.2,33.6,33.6,33.6,33.4,33.6,33.7,33.8,33.4,33.4,33.7,33.5,33.2,33.2,33.7,33.8,33.0,33.2,33.6,33.9,33.4,33.5,33.2,33.7,33.3,33.4,33.2,33.2,33.0,32.9,33.0,33.4,33.0,33.0,33.2,33.8,33.2,33.6,33.7,33.9,33.4,33.4,33.7,33.8,33.6,33.6,33.9,34.0,33.6,33.2,33.7,34.2,33.3,33.2,33.3,33.6,33.1,32.7,33.0,33.3,33.0,33.3,33.0,33.4,33.2,32.7,33.4,33.2,33.1,33.1,33.4,33.5,33.5,33.4,33.7,33.3,33.5,33.6,33.7,34.0,33.2,33.7,33.6,34.0
1785310631.6444438,801,33.2,33.1,33.1,32.9,33.4,33.0,33.3,33.2,33.0,33.3,32.8,32.6,32.7,32.8,32.5,32.5,32.9,33.0,32.7,32.8,33.1,33.2,32.6,32.6,33.1,32.9,32.9,33.0,33.5,33.1,32.8,32.9,33.6,33.8,33.0,33.3,33.1,33.1,33.2,33.7,33.2,33.4,32.7,32.9,32.7,33.1,32.6,32.9,32.9,32.7,33.0,33.3,32.8,32.8,33.1,33.1,32.9,32.9,33.0,33.1,32.9,33.0,32.8,33.3,33.7,33.4,33.8,33.6,32.9,32.8,33.2,33.1,33.4,32.9,32.8,33.0,32.7,32.5,32.5,32.9,32.7,32.8,32.7,32.8,32.8,32.8,32.8,32.5,33.1,33.1,32.7,32.8,33.2,32.9,33.0,33.2,33.6,33.7,33.4,33.9,32.8,33.1,32.8,33.4,33.0,33.2,33.0,33.1,32.6,32.6,32.4,33.0,32.6,32.9,32.8,32.9,33.0,32.9,32.9,32.9,32.8,33.1,32.6,33.0,33.1,33.0,33.1,33.3,33.4,33.8,33.7,33.5,33.1,33.3,33.0,33.0,33.0,33.0,32.8,32.8,32.7,32.7,32.8,32.7,32.7,32.8,33.0,32.6,33.2,32.9,32.9,32.6,32.9,32.7,32.6,33.2,33.2,32.8,32.9,33.1,33.7,33.9,33.6,33.5,33.4,32.9,32.5,32.8,32.7,32.8,32.6,32.9,33.0,33.0,32.8,33.2,32.7,32.8,32.8,32.8,33.0,32.9,32.6,32.9,32.6,33.0,32.5,33.0,32.7,32.7,32.4,33.2,33.7,33.4,33.4,33.3,32.9,33.3,33.2,32.9,32.9,33.1,32.8,32.9,33.3,32.6,33.1,33.1,33.5,33.2,33.4,33.1,33.3,33.2,33.4,32.6,33.2,32.9,32.8,32.7,33.3,32.8,32.9,32.8,33.4,33.4,33.1,33.4,32.6,33.0,32.9,33.2,33.0,32.9,32.7,33.0,33.2,33.4,32.7,33.2,33.6,33.7,33.4,33.7,33.4,33.8,33.1,33.6,33.3,33.1,32.3,32.8,32.6,33.0,32.8,33.1,33.4,33.4,32.8,33.1,33.1,32.7,33.3,33.1,33.1,32.9,32.9,33.4,33.8,33.4,34.6,33.8,34.2,34.0,34.0,33.8,34.8,34.8,34.8,34.3,34.6,33.6,33.8,33.3,33.2,33.3,33.2,32.6,33.3,33.7,33.2,33.5,32.9,33.1,33.0,33.2,33.0,33.3,32.8,33.5,33.9,34.7,35.1,34.9,34.1,33.9,33.7,34.1,34.4,34.7,35.0,35.2,34.8,34.7,33.7,34.2,33.1,32.9,32.9,33.2,33.6,33.2,33.0,32.9,33.0,33.0,33.2,33.0,33.1,33.3,33.2,33.5,34.8,35.0,35.4,34.7,34.2,33.9,33.8,34.2,34.2,34.5,34.4,34.0,33.9,34.3,34.5,34.9,34.2,33.3,33.3,33.0,33.1,33.1,32.7,33.5,32.7,32.9,32.7,33.2,32.7,33.0,33.3,34.1,34.6,35.0,35.2,34.6,33.8,33.8,33.6,34.1,33.8,34.1,34.0,33.9,33.3,33.5,33.8,35.1,34.4,33.2,32.9,33.0,33.9,33.7,33.4,33.0,33.1,33.2,32.8,32.6,33.3,33.0,33.4,33.1,33.9,34.3,34.5,34.2,33.9,33.9,33.7,33.9,34.2,34.2,34.0,33.8,33.8,33.2,33.3,33.6,33.5,33.5,33.4,33.6,33.2,33.2,32.9,33.3,32.6,33.3,32.9,33.1,32.8,33.2,33.3,33.4,33.3,34.0,34.1,34.8,33.6,34.1,33.9,33.9,33.8,33.9,33.9,33.6,33.3,33.6,33.2,33.3,33.0,33.2,33.1,33.3,33.5,33.3,33.2,33.2,33.1,33.1,33.1,33.0,33.1,33.3,33.3,33.4,33.4,33.4,34.2,34.1,34.2,33.7,33.7,33.6,33.7,33.6,33.5,33.3,33.5,33.3,33.1,33.4,33.1,33.2,33.4,33.0,32.8,33.9,32.8,33.4,32.9,32.8,32.9,33.3,32.7,33.2,32.9,33.3,33.2,33.2,34.1,34.3,34.4,33.8,33.2,33.7,33.4,33.5,33.2,33.3,33.7,33.7,33.6,33.3,33.2,33.4,33.3,33.8,33.1,33.3,33.2,33.5,33.2,33.0,33.0,33.3,32.9,32.9,33.1,33.0,33.3,32.9,33.0,33.4,33.5,33.6,33.4,33.4,33.3,33.2,33.3,33.0,33.5,33.4,33.8,33.4,33.7,33.3,33.2,33.4,33.3,33.4,32.9,33.4,33.0,33.2,32.9,33.4,33.0,33.2,33.0,33.4,33.2,nan,33.1,33.3,33.2,33.4,33.3,33.3,33.1,32.9,33.4,33.6,33.2,33.3,33.4,33.9,33.6,33.7,33.5,34.1,33.3,33.2,33.2,33.0,33.2,33.2,33.3,32.9,32.9,33.1,33.1,33.3,32.9,33.2,33.5,33.5,33.5,33.5,33.2,33.4,33.2,33.0,33.4,32.9,33.2,33.4,33.8,33.6,33.8,33.8,34.1,34.4,33.1,33.5,33.1,33.0,32.5,33.0,32.8,33.5,32.7,33.4,32.9,33.0,33.0,33.2,33.3,33.8,33.3,33.2,33.3,33.5,33.3,33.3,33.2,33.4,33.2,33.4,33.6,33.4,33.7,33.7,34.2,34.3,33.6,33.6,33.2,33.6,33.4,32.9,32.9,33.3,33.4,32.9,33.3,33.4,33.1,33.2,33.4,33.7,33.7,33.5,33.0,33.5,33.1,33.0,33.4,33.0,33.4,33.7,33.4,33.5,33.8,33.3,33.6,33.7,32.6,33.4,33.0,33.4,32.6,33.1,32.9,33.3,33.2,33.0,33.1,33.0,33.4,33.3,33.2,33.6,33.3,33.5,33.4,33.5,33.2,32.9,33.5,33.2,32.9,33.2,33.3,33.8,33.2,33.4,33.9,33.7,33.5,33.5,33.5,33.5,32.9,33.0,33.4,33.2,33.0,33.2,33.2,33.0,33.0,33.2,33.2,33.6,33.2,33.3,33.2,33.2,33.4,33.3,33.9,33.5,33.7,33.3,33.5,33.6,33.2,33.4,33.8,33.8,32.7,33.4,33.1,33.4,32.7,32.9,32.9,33.1,32.7,33.2,32.7,33.1,33.1,33.1,33.3,33.1,33.1,33.7,33.4,33.7,33.6,33.2,33.3,33.9,33.7,33.5,33.5,33.4,33.5,33.5,33.7,33.5
1785310634.1870515,802,34.1,33.6,33.4,33.1,33.2,33.7,33.5,33.6,33.3,32.9,32.8,33.0,33.1,32.6,32.9,32.7,32.8,32.6,32.9,33.3,33.1,33.0,33.2,33.6,32.9,33.0,32.9,33.2,33.3,33.3,33.3,33.7,33.4,33.5,33.5,33.1,33.3,33.1,33.4,33.3,33.4,33.3,33.3,32.9,32.7,32.9,33.0,32.7,32.9,32.6,33.5,32.9,32.8,32.9,32.9,33.3,32.7,32.7,33.2,32.9,33.2,33.0,33.3,33.3,34.0,33.7,33.3,33.9,33.4,33.2,33.5,33.5,32.8,33.1,32.8,32.8,32.9,32.7,32.2,33.3,32.9,32.6,32.7,33.1,32.9,32.8,32.6,33.3,32.7,32.7,33.1,33.4,33.2,32.9,33.4,33.9,33.1,33.8,33.7,33.2,32.8,32.9,33.2,33.0,33.1,33.2,33.0,32.7,32.6,32.7,33.1,32.7,32.7,32.9,32.9,32.9,33.0,32.9,33.1,33.1,33.2,32.9,33.2,33.3,32.9,33.4,33.3,33.3,33.1,34.0,33.2,33.5,33.1,33.1,33.0,33.4,33.0,32.9,32.9,33.3,32.7,32.9,32.5,33.1,32.7,33.1,32.8,33.1,32.7,32.9,33.1,33.0,32.8,32.9,32.9,33.4,33.2,33.0,33.1,33.9,33.9,33.7,33.8,33.5,33.0,33.3,33.1,33.2,32.8,33.0,33.3,32.9,32.8,32.8,33.1,32.8,33.0,32.7,33.1,33.1,32.8,32.8,32.6,32.9,32.6,32.8,33.1,33.1,33.1,32.7,33.0,33.4,33.9,33.7,33.4,34.1,32.9,33.1,33.4,33.4,33.1,32.8,33.0,33.2,33.1,32.8,33.0,33.3,33.2,33.2,33.0,33.7,33.2,33.3,32.9,33.1,33.0,33.0,33.0,33.3,33.1,32.8,33.1,33.4,33.4,33.1,33.5,33.2,33.2,33.0,33.5,33.0,32.9,32.9,32.9,33.0,32.9,33.2,33.4,33.3,33.6,33.6,33.7,33.6,33.2,33.0,33.3,33.1,32.9,33.1,33.4,33.0,33.0,33.2,33.4,33.1,33.6,33.8,33.2,33.5,32.9,33.1,32.9,33.7,32.9,33.2,33.2,33.7,34.0,34.0,33.7,34.3,34.3,34.4,34.1,34.8,34.5,34.5,34.3,34.8,33.4,33.3,32.9,33.3,32.8,33.3,33.0,33.6,33.3,33.5,33.2,33.3,33.1,32.9,33.2,33.2,33.0,33.1,33.6,33.7,34.4,34.7,35.0,34.1,33.7,34.1,34.2,34.9,34.7,34.7,35.1,34.9,34.5,33.9,33.6,33.3,32.9,33.1,33.5,33.0,33.4,33.5,33.4,33.5,33.1,32.9,32.9,33.5,33.3,33.4,33.7,34.3,35.1,35.4,34.6,34.8,34.0,34.1,33.8,34.5,34.2,34.2,33.9,34.2,34.4,34.3,34.4,35.4,33.5,33.1,33.3,33.6,33.8,33.3,33.5,33.3,32.9,33.3,33.2,33.1,33.2,32.8,33.5,34.1,35.2,35.3,34.8,34.1,33.6,33.8,34.2,34.1,34.1,34.6,33.5,33.7,33.5,34.0,35.0,34.6,33.7,33.4,33.1,33.0,33.1,33.3,33.0,33.8,33.1,32.9,33.0,33.5,33.4,33.1,33.3,34.0,34.8,34.5,34.0,34.5,34.1,33.7,34.0,34.6,34.2,34.2,33.3,34.0,33.8,33.3,33.8,34.1,33.5,33.1,33.1,34.0,33.4,33.0,33.5,33.3,33.0,33.3,33.1,33.3,33.2,33.0,33.5,33.6,34.1,34.6,34.3,34.2,33.6,34.0,33.9,34.0,34.1,34.0,33.6,33.6,33.2,33.6,33.6,33.6,33.2,33.2,33.5,33.3,33.7,33.5,33.0,33.6,33.1,33.3,33.1,33.5,33.1,33.3,33.3,33.9,34.2,34.0,34.7,35.0,33.8,33.7,33.3,34.1,33.7,33.6,33.3,33.5,33.5,33.3,33.3,33.5,33.1,33.0,33.4,33.6,33.0,33.1,33.6,33.0,33.1,33.2,33.5,32.9,33.1,33.2,33.4,33.4,33.2,33.7,34.4,34.5,33.7,33.7,33.9,33.7,33.3,33.4,33.4,33.5,33.9,33.3,33.4,33.7,33.4,33.4,33.5,33.8,33.1,33.0,33.4,33.7,32.7,32.8,33.0,33.3,33.1,32.7,33.0,33.5,33.2,33.1,34.2,34.2,33.5,33.2,32.9,33.7,33.2,33.1,33.3,33.6,33.8,33.3,33.5,33.6,33.7,33.7,33.2,33.6,33.3,33.2,33.3,33.2,33.2,33.0,33.4,33.2,33.0,33.2,33.4,33.4,33.2,nan,33.1,33.5,33.3,33.5,33.3,33.5,33.0,33.1,33.6,33.2,33.4,33.5,34.0,33.7,33.8,33.5,33.7,33.7,33.5,33.2,33.0,33.6,33.3,33.4,33.1,33.7,33.2,33.2,33.4,33.8,33.2,33.2,33.5,33.7,33.2,32.9,33.7,33.4,33.0,33.0,33.1,33.6,33.9,33.6,34.0,34.1,33.8,34.0,34.3,34.6,33.1,33.2,33.7,33.4,33.0,33.2,33.2,33.3,33.2,33.0,33.1,33.2,33.4,33.2,33.9,33.3,33.7,33.2,33.5,33.5,33.1,32.9,33.2,33.6,33.2,33.6,33.9,33.6,33.9,33.7,34.4,34.1,33.6,33.6,33.0,34.0,33.2,32.8,32.9,33.9,33.1,33.0,32.9,33.9,33.3,33.2,33.6,34.0,33.4,33.1,32.9,33.5,33.3,33.2,33.4,33.8,33.6,33.5,33.6,34.1,33.6,33.5,33.6,34.1,33.0,33.2,33.4,33.2,33.0,32.8,33.1,33.1,33.0,32.8,33.4,33.0,33.1,33.4,33.8,33.6,33.4,33.3,33.6,33.6,33.2,33.2,33.7,33.0,33.5,33.3,33.3,34.0,33.2,33.2,34.3,34.0,33.5,33.3,33.0,33.9,33.1,33.0,33.2,33.4,32.8,33.2,33.0,33.8,33.4,33.0,33.2,33.8,33.4,33.4,33.7,34.1,33.2,33.3,33.3,33.7,33.5,33.3,33.9,34.0,33.5,33.4,33.8,34.5,33.4,33.4,33.6,33.2,33.2,33.1,32.9,33.3,32.9,33.2,33.4,33.4,33.3,33.3,34.0,33.4,33.4,33.1,33.4,33.7,33.2,33.2,33.7,33.5,33.3,33.3,33.7,33.4,33.1,33.5,33.7,34.2
1785310636.7370083,803,33.8,33.1,33.6,33.6,33.6,33.4,33.3,33.0,33.3,33.3,32.8,33.0,33.1,32.6,32.9,32.9,32.8,32.8,33.1,33.0,32.9,33.0,33.0,33.2,32.9,32.8,33.4,33.4,33.5,33.1,33.3,33.4,33.6,33.5,33.8,33.8,33.1,33.1,33.2,33.3,33.4,33.3,33.1,33.3,32.5,33.1,32.8,33.4,32.6,32.7,33.0,33.1,32.6,32.9,32.7,33.5,32.9,32.7,32.8,33.4,33.2,33.0,33.3,33.8,33.7,33.7,33.8,33.4,33.2,33.2,33.5,33.5,33.0,33.1,33.3,32.8,32.5,32.7,32.7,33.1,32.8,32.8,33.3,33.0,33.1,33.0,33.2,32.9,32.9,32.6,32.7,33.2,33.2,33.1,33.4,33.7,33.4,33.3,33.9,33.9,32.6,32.7,33.0,33.4,33.3,33.0,33.1,33.1,32.5,32.5,32.5,33.0,33.1,32.7,32.7,33.2,32.9,33.0,32.9,33.0,32.9,32.7,33.0,33.3,33.1,33.0,33.1,34.0,33.6,33.8,33.7,33.8,33.5,33.3,33.6,33.3,33.2,32.9,33.2,32.8,32.9,32.9,32.6,32.9,32.9,32.5,32.8,32.8,33.1,32.7,32.9,32.8,33.1,33.1,32.7,33.2,33.6,33.0,33.1,33.3,33.7,33.9,33.8,33.7,33.0,33.1,33.1,33.4,32.9,33.2,32.7,32.9,32.8,32.6,32.8,32.9,32.7,32.5,33.0,33.0,33.0,33.0,33.0,33.4,33.2,32.8,32.7,33.1,32.9,32.9,32.8,33.9,33.9,33.5,33.6,33.9,33.3,33.1,33.2,33.2,33.1,32.8,33.0,33.1,33.1,33.0,33.2,33.3,33.1,33.6,33.1,33.4,33.3,33.0,33.4,32.9,33.2,32.7,32.8,33.3,32.8,33.2,32.9,33.0,33.4,33.6,33.7,33.4,33.0,33.4,33.3,33.2,32.9,32.7,33.1,33.0,32.9,32.9,33.2,33.4,33.3,33.1,33.4,33.4,33.4,33.0,33.3,33.1,32.9,32.8,32.5,33.2,32.8,32.6,32.6,33.3,33.8,33.6,33.7,33.1,32.9,33.1,33.1,33.3,32.9,32.9,32.9,33.4,33.5,33.6,33.7,33.8,34.2,34.0,34.0,34.2,34.6,34.5,34.5,34.3,33.6,33.3,33.3,33.4,33.0,33.5,33.4,33.0,33.5,33.5,33.0,33.1,32.7,33.1,33.4,33.2,32.9,33.0,33.5,33.5,33.7,34.4,34.8,34.4,33.8,33.9,34.0,34.6,34.9,35.1,35.3,34.9,34.3,34.0,33.7,33.7,33.3,33.1,33.3,33.4,33.6,33.5,33.4,33.3,33.2,33.4,33.1,33.2,33.1,33.0,33.2,33.7,35.0,35.0,35.3,34.9,33.9,33.9,34.0,33.9,34.5,34.0,34.4,34.5,34.4,34.3,34.7,34.5,33.5,33.0,33.1,33.4,33.8,33.3,33.3,33.1,32.7,32.8,32.9,33.1,33.3,32.8,33.4,33.9,34.9,35.2,35.0,34.9,33.8,33.9,34.1,34.3,34.3,34.6,34.0,33.9,33.7,33.9,34.7,35.3,33.6,33.6,33.4,33.0,33.7,33.5,33.6,33.0,33.1,33.2,33.2,33.2,33.1,33.2,33.4,33.6,34.3,34.7,34.2,34.2,33.9,33.9,34.0,34.6,34.5,34.2,34.0,33.7,33.6,33.0,34.0,34.1,34.0,33.5,33.5,33.8,33.4,33.2,32.9,33.4,33.0,33.5,33.1,33.0,33.4,33.2,33.4,33.6,33.8,34.8,34.0,34.2,33.6,33.8,34.0,34.4,33.9,34.3,33.6,33.8,33.5,33.6,33.4,33.7,33.2,33.2,33.5,33.5,33.5,33.1,33.2,33.5,33.3,32.8,33.1,33.7,32.9,33.5,33.5,33.4,33.5,34.0,34.7,34.9,33.9,33.9,33.8,33.9,33.8,33.6,33.7,33.5,33.5,33.7,33.7,33.6,33.3,33.0,33.5,33.6,33.1,33.3,33.2,33.8,32.8,33.0,33.3,33.5,32.9,33.0,33.1,33.6,33.3,33.5,34.3,35.1,33.8,33.7,33.9,34.0,33.5,33.7,33.7,33.6,33.5,33.2,33.4,33.9,33.0,33.0,33.3,33.8,33.3,33.3,33.6,33.5,33.3,33.2,33.2,33.3,33.2,32.8,33.2,33.2,33.5,33.1,33.8,34.2,33.9,33.3,33.4,33.7,33.3,33.4,33.1,33.1,33.8,33.5,33.7,33.6,33.7,33.5,33.9,33.4,33.1,33.2,32.7,33.4,33.1,33.4,33.1,33.1,32.7,33.1,33.2,33.4,33.0,nan,33.1,33.5,33.3,33.7,33.3,33.2,33.1,33.1,33.4,33.4,33.4,33.7,33.8,33.5,33.8,33.1,34.1,33.7,33.8,33.5,33.4,33.5,33.3,33.2,33.3,33.5,33.2,32.9,33.1,33.5,33.1,33.2,33.5,33.5,33.1,33.2,33.5,33.6,33.2,33.2,33.6,33.2,33.8,33.8,33.9,33.9,33.8,34.0,34.3,34.0,33.3,33.3,33.3,33.5,33.2,33.0,33.0,33.5,32.9,33.0,33.3,33.5,33.0,33.2,33.8,33.8,33.3,33.4,33.5,33.7,33.3,33.5,33.2,33.7,33.5,33.3,33.4,34.2,33.7,33.7,33.6,34.3,33.6,33.4,33.0,33.8,33.2,32.6,33.1,33.7,33.4,32.9,33.3,33.8,33.1,33.2,33.4,34.0,33.7,33.5,33.8,33.5,33.3,33.3,33.6,33.8,33.9,33.7,33.8,33.9,34.2,33.4,34.0,34.5,33.0,33.2,33.2,33.6,32.6,33.1,33.1,33.3,33.2,33.2,33.3,33.3,33.3,33.3,33.6,34.0,33.5,33.5,33.6,33.5,33.1,33.1,33.2,33.6,33.1,33.6,33.5,34.2,33.5,33.4,34.1,34.2,33.3,33.1,33.7,33.7,33.3,33.1,33.2,33.6,33.2,33.0,33.4,33.2,33.0,33.1,33.4,33.4,33.6,33.5,33.7,33.8,33.2,33.5,33.5,33.5,33.5,33.5,34.1,33.8,33.5,33.4,34.0,34.0,33.1,33.7,33.4,33.4,32.8,33.1,33.1,33.5,33.1,33.0,33.6,33.4,33.3,33.3,33.5,33.8,33.3,33.3,33.8,33.7,33.2,33.4,33.3,33.6,33.4,33.5,33.7,33.6,33.7,33.7,33.5,34.3
1785310639.2853637,804,33.8,33.6,33.6,33.6,33.6,33.4,33.1,33.6,33.5,33.5,32.8,33.6,32.9,33.0,32.9,33.3,33.1,33.0,33.1,33.4,32.9,33.0,32.6,33.2,33.1,33.0,32.7,33.2,33.3,33.3,33.0,33.4,33.6,34.1,33.8,33.8,33.3,33.1,33.2,33.5,33.2,33.8,33.3,33.1,32.9,32.9,33.0,32.9,33.1,32.7,33.2,33.1,33.2,33.0,32.9,33.1,33.1,33.1,33.0,33.6,33.6,33.0,33.3,33.3,33.4,33.5,33.3,33.9,33.4,33.6,33.5,33.3,33.0,33.1,33.1,33.0,32.7,32.7,32.7,33.1,32.9,33.0,32.7,33.1,32.8,32.8,33.2,33.1,32.9,33.1,32.9,32.8,33.4,33.1,33.2,33.5,33.9,33.5,33.9,33.9,33.0,33.1,33.2,33.2,33.2,33.2,33.2,33.6,32.3,32.8,32.6,33.0,33.1,32.7,32.9,32.9,32.9,32.9,33.5,32.9,33.2,32.9,32.8,33.5,32.9,33.4,32.9,33.8,33.8,33.8,33.7,34.0,33.3,33.3,33.2,33.6,33.4,33.2,33.0,33.0,33.3,32.9,32.6,32.9,33.1,33.0,33.0,33.1,33.2,32.9,33.1,33.2,33.3,33.1,33.0,33.4,33.0,33.4,33.1,33.5,33.5,33.9,33.8,33.5,33.2,32.9,33.1,33.2,33.2,33.2,33.2,32.7,33.1,33.1,33.3,32.8,33.0,33.0,33.0,32.8,32.8,33.3,33.0,33.2,33.0,33.0,33.1,33.4,32.7,32.9,33.0,33.2,33.9,33.7,33.6,33.9,33.2,33.1,33.2,33.2,33.3,33.0,33.2,33.2,33.1,33.3,33.1,33.0,33.4,33.6,33.8,33.6,33.8,33.2,33.2,32.9,33.3,32.7,33.2,33.1,33.3,33.0,33.1,33.0,33.6,33.8,33.7,34.0,33.0,32.8,33.3,33.2,32.9,33.1,33.1,33.3,33.1,33.2,33.4,33.7,33.3,33.9,33.9,33.9,33.3,34.0,33.1,34.1,33.1,33.3,33.3,33.2,32.8,33.4,33.2,33.1,33.6,33.8,33.2,33.5,33.3,32.8,32.7,33.3,32.9,33.0,33.2,33.6,33.8,33.9,34.8,34.0,34.2,34.2,33.6,34.2,34.5,34.7,35.0,34.3,34.7,33.3,34.0,33.7,33.6,33.5,33.2,33.5,33.7,33.9,33.4,33.7,33.1,33.1,33.2,33.2,33.2,33.1,33.5,33.5,33.7,35.0,35.0,35.3,34.1,34.1,34.4,34.4,34.9,34.4,35.2,34.9,34.7,34.7,33.7,34.7,33.3,33.3,33.3,33.4,33.6,33.7,33.4,33.5,33.0,33.4,33.1,33.4,33.1,33.3,33.2,33.5,34.6,35.5,35.1,35.2,34.0,33.9,34.0,34.2,34.4,34.3,34.4,34.5,33.6,34.7,34.4,34.9,34.6,33.3,33.1,33.4,33.8,33.3,33.3,33.5,33.1,33.1,33.2,33.1,33.1,33.2,33.5,33.7,34.4,34.9,35.2,34.9,34.0,34.1,33.7,34.1,34.4,34.1,34.3,33.9,33.7,33.7,34.7,34.4,34.5,34.1,33.3,33.8,33.3,33.3,33.4,33.8,33.4,33.1,33.2,33.3,33.3,33.0,33.1,33.8,33.5,34.4,35.0,34.1,34.2,33.7,34.0,34.2,33.9,34.4,34.3,33.8,33.6,33.7,33.3,33.9,34.0,33.5,33.3,33.2,33.6,33.4,33.3,33.3,32.8,33.3,33.1,33.5,33.0,33.0,33.4,33.4,33.7,33.8,34.4,34.8,33.8,34.1,34.1,34.1,33.9,33.8,34.1,33.8,33.3,33.7,33.4,33.6,33.2,33.2,33.3,33.7,33.5,33.5,33.4,33.8,33.5,33.3,33.1,33.5,33.3,33.5,33.5,33.5,33.4,33.7,34.3,34.7,34.2,33.9,33.5,33.9,33.3,33.6,33.7,33.5,33.5,33.3,33.7,33.6,33.3,33.2,33.0,33.8,33.0,33.5,33.2,33.2,33.1,33.0,33.3,33.1,33.4,33.2,33.4,33.3,33.2,33.3,34.6,34.0,34.0,34.1,33.5,33.7,33.3,33.5,33.6,33.6,33.4,33.5,33.6,34.0,33.2,33.4,33.5,33.6,33.5,33.5,33.2,33.5,33.4,32.9,33.1,33.2,33.1,33.1,33.1,33.5,33.2,33.1,33.3,34.1,33.5,33.6,33.4,33.4,33.3,33.4,33.3,33.1,33.5,33.6,33.5,33.8,33.8,33.5,33.9,33.6,33.1,33.4,33.1,33.6,33.4,33.0,33.3,33.4,33.0,33.2,33.2,33.2,33.2,nan,33.4,33.3,33.5,33.4,33.4,33.3,33.1,33.3,33.4,33.1,33.9,33.3,33.4,34.0,33.6,33.9,33.7,33.9,33.5,33.3,33.4,33.5,32.7,33.6,33.3,33.7,33.1,33.1,33.4,33.3,33.2,33.4,33.4,33.5,33.4,33.2,33.3,33.7,33.0,33.2,32.9,33.2,33.6,33.6,33.7,33.9,33.6,34.2,34.5,34.2,33.3,33.2,33.5,33.4,33.0,33.0,33.0,33.1,33.2,33.2,33.6,33.4,33.2,33.3,33.8,33.8,33.3,33.5,33.6,33.5,33.0,33.6,33.2,33.6,33.5,33.6,33.8,33.8,33.7,33.7,34.0,34.1,33.6,33.9,33.4,33.6,33.4,33.0,33.1,33.7,33.4,33.0,33.4,33.6,33.3,33.0,33.4,33.8,33.7,33.5,33.4,33.3,33.3,33.2,33.4,33.4,33.6,33.5,33.4,33.9,34.0,33.5,33.8,34.1,33.0,33.4,33.4,33.4,33.2,33.1,33.3,33.3,33.2,33.4,33.4,33.1,33.1,33.3,33.4,33.3,33.5,33.5,33.6,33.3,33.4,33.2,33.5,33.5,32.9,33.2,33.5,34.2,33.5,33.6,33.9,34.2,33.5,33.3,33.0,33.5,33.1,33.3,33.2,33.4,33.3,33.2,32.8,33.0,33.2,33.4,33.4,33.6,33.4,33.6,33.4,34.1,33.8,33.1,33.7,33.5,33.7,33.3,33.5,33.6,33.7,33.9,34.0,34.3,33.6,33.6,33.1,33.2,33.0,33.1,33.3,33.3,32.9,33.2,33.3,33.1,33.1,33.5,33.5,33.4,33.3,33.3,33.4,33.7,33.6,33.4,33.9,33.5,33.3,33.5,33.9,33.4,33.5,33.7,33.7,34.0
1785310641.832279,805,33.6,33.4,33.5,33.9,33.5,33.2,33.6,33.0,33.4,32.7,32.9,32.8,33.2,32.8,33.0,33.1,33.1,32.8,32.8,32.8,33.2,32.8,33.3,33.2,33.2,33.2,33.5,33.0,33.4,33.3,33.6,33.2,33.4,34.2,33.5,33.9,33.3,33.6,32.7,33.6,32.8,33.4,33.1,33.2,33.3,33.2,33.0,33.4,32.5,32.7,33.0,33.6,33.0,33.2,32.9,33.4,33.3,33.2,33.5,33.5,33.2,33.6,32.8,33.9,33.8,33.5,33.2,33.4,33.5,33.4,33.6,32.9,32.9,32.9,33.1,33.2,33.3,32.9,32.8,32.9,33.0,32.6,33.2,32.8,33.2,33.0,33.1,33.1,33.0,33.0,33.2,33.0,33.3,32.9,33.1,33.5,33.6,34.1,33.4,33.8,32.8,33.4,33.2,33.5,32.6,32.8,32.7,33.0,33.0,32.8,32.5,33.1,32.9,33.2,32.7,33.2,33.1,33.3,32.9,33.3,33.0,33.4,32.8,34.0,32.9,33.1,33.1,33.7,33.7,33.1,33.6,33.8,33.4,32.9,33.3,32.9,33.1,32.7,32.8,32.6,33.0,32.9,33.1,32.9,33.0,33.0,33.1,33.3,33.2,32.7,33.2,33.0,32.9,32.7,33.2,32.8,33.3,32.8,33.5,33.3,33.3,33.8,32.9,33.4,33.4,33.4,33.5,33.7,32.9,33.1,32.8,33.2,33.0,32.9,32.9,33.1,32.7,33.3,33.0,33.1,32.7,33.1,33.0,33.5,32.7,33.3,32.9,33.4,32.9,33.4,33.3,33.6,34.3,33.5,33.3,33.9,33.0,33.1,33.5,33.0,33.4,33.0,32.9,32.9,33.2,32.8,32.9,32.8,33.2,32.9,33.1,33.1,33.4,32.8,33.2,32.6,33.5,33.0,33.1,33.1,33.1,32.8,33.2,33.2,33.4,33.7,33.1,33.5,33.0,33.3,33.7,33.3,33.2,33.2,32.6,33.1,32.6,32.8,32.7,33.4,32.5,33.1,32.8,33.1,32.8,33.0,33.0,33.4,32.9,33.1,32.7,33.5,32.8,33.3,32.8,33.6,33.9,33.4,33.6,33.3,33.4,33.3,33.2,33.7,33.4,32.7,33.0,32.7,33.2,32.9,33.0,33.0,33.0,33.1,32.9,32.9,33.0,32.9,33.1,32.8,32.8,32.8,33.2,33.4,33.1,32.9,33.1,33.2,33.8,34.4,33.0,33.6,33.1,33.4,33.0,33.5,32.9,33.3,32.6,33.1,32.6,33.2,33.6,33.4,33.4,33.1,33.7,33.4,33.1,33.3,33.0,33.4,33.0,33.1,33.0,33.4,32.9,33.2,32.7,33.5,33.9,33.3,33.7,33.3,33.3,33.4,33.0,33.2,33.4,33.1,33.2,33.2,33.2,33.7,33.8,34.2,34.0,34.2,34.3,34.7,34.5,35.0,34.2,34.5,33.5,33.5,33.4,33.3,33.6,33.0,33.2,33.2,33.3,33.7,33.3,33.2,32.7,32.9,33.2,33.2,32.9,33.1,33.5,33.5,33.6,33.6,33.9,34.1,33.8,34.4,34.5,34.9,34.7,34.9,34.8,35.0,34.5,34.3,33.4,33.6,32.8,33.1,33.0,33.8,33.6,33.3,33.7,33.4,33.4,32.7,33.3,33.3,33.4,33.8,33.9,35.1,34.6,34.4,34.5,34.1,34.2,33.9,34.4,34.6,34.6,33.8,34.3,33.8,34.7,34.7,35.0,34.0,33.6,33.3,33.6,33.4,33.4,33.5,33.1,33.5,32.8,33.2,33.4,33.2,33.5,33.5,35.2,34.8,34.9,35.0,34.0,34.6,33.8,34.4,34.3,34.6,33.8,34.4,33.6,33.9,33.8,34.3,34.5,34.8,33.2,33.7,33.3,33.6,33.6,33.5,33.5,33.5,33.3,33.1,33.4,33.3,33.6,33.8,34.6,35.7,35.3,34.0,34.5,34.1,34.0,34.1,34.4,34.7,34.3,33.7,34.1,33.5,33.7,33.3,33.6,33.7,33.8,32.8,33.6,33.8,33.5,33.6,33.0,33.5,32.9,33.5,33.5,33.6,33.6,33.5,34.9,34.9,34.3,34.9,33.9,34.1,34.0,34.3,34.2,34.6,33.8,34.3,33.4,33.9,33.4,34.0,33.4,33.8,33.4,34.1,33.7,34.1,33.4,33.1,33.5,33.5,33.4,33.0,33.4,33.7,33.5,33.3,33.8,34.5,35.1,34.0,34.6,34.1,34.0,33.6,34.5,34.2,34.3,33.6,34.1,33.6,34.1,33.5,33.8,33.4,33.2,33.3,33.8,33.4,33.5,33.3,32.9,33.7,33.2,33.1,33.4,33.9,32.9,33.7,33.6,34.2,35.0,nan,33.9,34.4,34.0,33.8,33.9,33.9,33.5,34.1,33.6,33.9,33.2,33.6,33.6,33.8,33.6,33.4,33.5,33.8,33.9,33.3,33.5,33.5,33.4,33.6,33.4,33.9,33.3,33.2,33.4,33.5,34.2,34.7,35.0,34.4,34.1,33.2,33.8,33.9,33.6,33.7,33.5,33.8,33.7,33.8,34.2,33.9,33.9,33.7,34.4,34.2,33.1,33.6,33.3,33.8,33.2,33.7,33.0,33.6,33.2,33.5,32.9,33.8,34.2,34.3,34.1,34.9,33.5,33.8,33.3,34.1,33.3,33.9,33.6,33.5,33.9,34.1,33.8,33.9,33.9,33.8,33.8,34.2,33.5,33.6,33.5,33.6,33.7,33.3,33.4,33.7,33.4,33.2,33.7,33.4,33.7,33.9,34.1,34.2,33.8,33.3,33.5,33.5,33.4,33.2,34.2,33.6,33.9,33.9,34.3,34.3,34.1,33.8,34.1,34.1,33.0,33.5,33.2,34.1,33.4,33.8,33.1,34.0,33.0,33.7,33.6,33.6,33.1,33.7,33.6,33.9,33.5,33.6,33.6,33.9,33.4,33.3,33.7,33.7,33.8,33.7,33.9,33.9,33.9,34.1,34.3,34.5,33.6,33.5,33.8,33.9,33.6,33.3,33.7,33.6,33.7,33.2,33.7,33.6,33.3,33.8,33.9,33.8,33.5,33.1,33.8,33.6,33.7,33.5,33.6,33.7,33.8,33.7,34.6,34.0,34.4,33.4,34.6,34.5,33.6,33.8,33.6,34.2,33.4,33.7,33.3,34.2,33.2,33.6,33.6,33.7,33.5,33.9,34.0,34.1,33.3,34.0,33.4,33.8,33.4,33.7,33.7,33.9,33.9,33.8,33.7,33.9,33.7,34.0,34.1,35.1
1785310644.3887835,806,33.9,33.5,33.3,33.7,33.5,33.6,32.7,33.3,33.2,33.2,33.1,33.5,32.9,33.1,33.4,33.4,33.1,32.7,33.0,33.3,33.4,33.1,32.5,33.3,33.2,33.3,33.1,33.1,33.4,33.7,33.4,33.8,34.0,33.6,34.1,33.4,33.4,33.2,33.1,33.6,33.1,33.2,33.2,33.2,32.8,33.4,33.3,33.0,33.0,33.0,33.3,33.2,32.9,33.2,33.0,33.4,33.4,33.2,32.9,33.7,33.5,33.3,33.7,33.7,33.6,33.8,33.4,34.0,33.5,33.1,32.8,33.5,32.9,32.6,32.9,33.5,32.8,33.0,32.8,33.4,33.0,33.1,32.5,33.1,33.2,32.9,32.9,33.6,33.4,33.1,33.2,33.3,33.3,33.5,33.6,33.8,33.5,33.9,33.8,34.3,33.1,33.4,33.1,33.1,33.1,33.1,33.2,33.4,32.8,32.9,33.1,33.1,33.0,33.0,33.5,33.4,33.0,33.1,33.6,33.2,33.0,33.4,33.3,33.6,33.5,33.3,33.2,33.9,33.5,33.5,33.6,33.9,33.6,33.6,33.3,33.4,32.8,33.0,32.8,33.1,33.3,32.9,32.8,33.2,33.4,32.7,33.3,33.0,33.0,33.2,33.6,33.3,33.2,33.0,33.2,33.3,32.7,33.3,33.2,33.6,33.1,33.8,33.5,33.6,33.3,33.6,33.2,33.1,33.0,32.8,33.1,33.2,32.9,32.9,33.0,33.5,33.0,33.3,33.2,33.6,32.9,33.2,33.1,33.3,33.1,33.1,33.0,33.4,33.2,33.4,33.4,33.6,33.6,33.6,33.3,34.2,33.2,33.4,33.3,33.5,33.0,33.1,32.9,33.3,33.1,33.2,33.1,32.9,33.2,33.2,33.4,33.3,33.4,33.1,33.2,33.0,33.3,32.8,33.5,33.4,33.5,33.1,33.2,33.6,33.3,33.7,33.6,33.5,33.3,33.7,33.2,33.1,33.0,32.8,33.0,33.1,32.9,33.0,33.2,33.0,32.9,33.1,33.2,32.9,33.2,32.8,33.1,33.2,33.2,33.3,33.2,33.5,33.1,33.3,33.3,33.2,33.3,33.7,33.0,33.8,33.2,33.4,33.6,33.4,32.8,33.1,32.9,33.0,32.7,32.9,33.0,33.3,33.0,33.0,33.1,33.1,33.0,33.0,33.3,33.1,33.8,33.4,33.7,34.0,33.3,33.4,33.5,33.4,33.6,33.8,33.7,33.6,33.4,33.2,33.3,33.7,33.5,32.9,33.2,33.0,32.9,33.1,33.5,33.1,33.2,33.2,33.3,33.4,32.9,32.9,33.3,33.9,33.5,34.1,34.2,34.3,33.4,33.2,33.2,33.1,33.5,33.6,33.1,33.4,33.3,33.2,33.4,33.7,33.6,33.9,33.0,34.5,33.3,34.2,33.8,34.2,34.5,34.3,33.5,34.0,33.2,33.3,33.9,33.6,34.2,34.3,34.5,34.6,33.8,33.6,33.6,33.9,33.2,33.4,33.4,33.2,33.2,33.2,33.7,33.7,34.4,34.3,34.6,33.4,34.5,33.7,34.3,34.1,34.1,34.2,34.6,33.6,33.7,33.4,33.8,34.2,34.3,34.2,34.6,35.0,34.2,33.7,33.7,33.6,33.8,33.0,33.1,33.9,33.6,33.3,33.4,34.1,34.6,34.6,34.7,35.5,33.8,34.6,34.2,34.3,34.3,34.0,34.4,35.3,34.0,33.9,34.0,34.1,34.1,34.6,34.0,34.6,34.3,33.8,33.6,33.7,33.7,33.5,33.6,33.3,33.1,33.4,33.7,34.3,34.8,34.8,35.4,35.0,34.7,34.3,34.1,34.3,34.2,34.7,34.9,34.2,34.4,34.1,33.9,34.2,34.1,34.2,33.9,34.1,34.2,33.7,33.7,33.6,33.6,33.6,33.1,33.6,33.4,33.4,33.6,34.5,35.0,34.9,34.9,35.4,34.3,34.0,34.1,34.3,34.7,34.3,34.6,35.1,34.4,34.5,34.4,34.1,34.6,33.6,34.2,34.0,34.0,34.0,34.2,34.1,33.0,33.6,33.7,33.3,33.2,33.6,33.8,33.6,34.3,34.5,35.0,35.0,34.3,34.3,33.7,34.3,33.9,34.6,34.3,34.6,34.9,34.3,34.5,34.6,34.0,34.3,33.9,34.5,34.0,34.3,34.4,35.1,33.4,33.4,33.9,34.2,33.2,33.5,33.6,34.0,33.9,34.2,34.9,34.9,34.3,34.0,34.3,34.2,34.4,33.8,34.5,35.0,33.9,34.5,34.3,34.4,34.4,34.1,34.5,34.6,34.0,33.6,34.2,34.5,33.6,33.5,33.4,33.5,33.5,33.3,33.9,33.9,33.7,34.0,34.3,34.7,34.3,nan,34.0,34.7,34.2,34.6,34.4,34.4,35.0,34.4,34.5,34.4,34.0,34.1,34.6,34.3,34.1,34.2,34.0,34.4,33.5,33.8,33.7,34.0,32.8,33.5,33.8,34.0,33.9,33.4,34.2,34.8,34.6,34.1,34.8,34.3,34.8,34.1,34.4,34.7,33.8,34.7,34.4,34.4,34.2,34.0,34.1,34.8,34.5,34.5,34.4,34.3,33.4,33.6,33.9,34.0,33.5,33.5,33.7,33.8,33.3,33.7,34.2,34.3,34.5,34.6,33.7,34.7,33.8,34.1,34.3,34.1,34.6,33.9,34.5,34.7,34.2,34.5,34.2,34.7,34.2,34.4,34.3,35.0,33.7,33.8,33.7,33.9,33.5,33.3,33.4,33.8,33.9,33.5,33.9,34.4,34.3,34.8,34.9,33.9,34.5,33.3,34.2,33.9,33.6,34.1,34.2,34.2,34.0,34.6,34.9,34.8,34.9,34.3,34.7,34.6,33.1,33.5,33.7,33.9,33.7,33.8,33.8,34.0,33.5,33.5,34.1,34.0,34.8,34.1,34.2,34.6,33.6,34.4,34.0,34.1,33.9,33.7,34.5,34.0,34.1,34.5,34.8,34.7,34.2,34.5,34.8,35.2,33.8,33.4,34.0,33.8,34.0,33.4,33.5,33.7,33.6,33.5,33.8,34.4,33.9,34.4,34.2,34.4,34.0,33.9,34.0,34.1,33.5,33.7,34.0,34.0,34.4,33.8,34.2,34.2,34.4,34.2,35.0,34.6,33.3,33.5,34.2,33.9,33.5,33.8,33.6,34.0,33.5,33.5,34.3,34.1,34.3,33.8,34.8,34.2,33.9,33.9,33.5,33.8,34.0,33.4,34.0,33.7,33.7,34.0,34.2,34.5,34.2,34.2,34.2,34.8
1785310646.9299335,807,34.7,33.8,33.5,33.7,33.5,33.3,33.2,33.3,33.2,33.2,33.3,33.1,33.4,33.3,33.2,33.2,33.3,33.1,33.2,33.3,33.4,33.1,33.1,33.5,33.6,33.1,33.1,33.8,34.1,33.4,33.7,33.3,33.2,33.7,33.9,33.4,33.4,33.2,32.9,33.6,32.9,33.4,32.6,33.4,33.2,33.6,33.3,33.4,33.2,33.0,33.3,33.2,33.3,33.2,33.0,33.4,33.4,33.4,32.9,33.5,33.3,33.8,33.2,33.9,34.1,33.8,33.5,33.7,33.7,32.7,33.2,33.5,33.7,33.0,33.1,33.1,33.2,33.0,33.2,33.0,33.1,33.3,33.0,33.1,33.8,33.1,33.1,33.2,33.6,33.5,33.2,33.3,33.3,33.7,33.6,33.8,33.3,33.4,33.6,33.6,33.2,33.2,32.9,33.5,32.9,33.0,32.8,33.2,32.9,33.1,33.1,33.3,33.2,33.2,33.3,33.0,33.2,33.3,32.8,33.1,33.7,33.2,33.1,33.6,33.5,33.3,33.0,34.1,34.0,33.7,33.6,33.7,33.4,33.1,32.9,33.2,33.1,33.4,33.2,33.3,33.3,33.5,33.3,33.0,32.9,33.1,33.1,33.2,33.5,33.2,33.2,33.3,33.4,33.4,33.2,33.1,33.5,33.1,33.3,33.6,33.1,33.6,33.7,33.4,33.5,33.2,32.8,33.1,33.0,33.5,33.1,33.0,33.1,33.3,33.4,33.5,33.0,33.3,32.9,33.1,33.1,33.1,33.1,33.4,33.1,33.3,33.1,33.4,33.2,33.0,33.2,33.4,34.5,33.1,33.7,33.6,33.6,33.4,33.3,33.3,33.6,32.9,32.8,33.2,33.4,33.1,33.1,33.3,33.3,33.2,33.1,33.2,33.4,33.1,33.2,33.0,33.5,33.0,33.1,33.6,33.7,33.3,33.4,33.6,33.5,34.1,33.6,33.7,33.1,33.5,32.9,32.9,33.0,33.2,32.9,33.3,33.0,33.3,33.0,33.2,33.1,33.2,33.0,33.2,33.2,33.0,33.3,33.1,33.4,33.6,33.2,33.3,33.3,33.3,33.1,33.6,33.7,33.7,33.6,33.5,33.8,33.4,33.1,33.1,33.4,33.3,33.2,33.0,33.5,33.2,33.2,33.1,33.3,33.2,32.9,32.7,33.5,33.0,33.4,33.3,33.2,33.1,33.6,33.5,33.7,33.4,33.7,33.6,33.4,33.6,33.7,34.0,33.6,33.5,33.1,33.1,32.8,33.3,33.1,33.3,32.9,32.9,33.2,33.4,32.9,33.2,33.0,33.1,33.2,33.1,33.0,33.7,33.0,33.1,33.1,33.6,33.4,33.4,33.0,33.3,33.7,33.4,33.9,33.5,33.5,33.5,33.4,33.5,33.2,33.2,33.0,33.3,33.3,33.2,33.3,33.4,33.4,33.2,33.5,32.9,33.1,33.3,33.2,33.3,33.3,33.4,33.3,33.8,33.8,33.1,33.2,33.3,33.5,33.2,33.2,33.6,33.6,33.4,33.0,33.6,33.2,33.1,33.0,33.2,33.6,33.1,33.2,33.4,33.3,33.3,33.1,33.1,33.1,33.3,33.0,33.2,33.3,33.5,33.2,33.3,33.5,33.3,33.5,33.2,33.4,33.4,33.7,33.5,33.8,33.4,33.3,33.6,33.4,33.1,33.2,33.8,33.5,34.0,33.7,35.0,33.9,33.5,33.1,33.4,33.7,33.4,33.5,33.5,33.7,33.3,33.4,33.3,33.6,33.6,33.8,33.6,33.5,33.9,33.4,33.7,33.3,33.8,33.5,33.4,33.6,33.2,33.6,33.4,34.1,33.6,34.9,34.0,34.1,33.5,33.6,33.4,33.3,33.6,33.4,33.6,33.6,33.5,33.3,33.6,33.3,33.7,33.5,33.4,33.8,33.4,33.5,33.8,33.8,33.8,33.6,35.0,33.7,34.8,33.8,34.5,34.0,34.3,34.3,35.5,34.8,34.8,33.8,34.0,33.6,33.8,33.8,33.8,33.9,33.9,34.2,34.4,33.6,33.8,34.0,34.0,33.4,33.6,33.5,33.7,33.6,33.1,34.5,33.9,35.2,33.8,34.0,34.0,34.1,33.9,34.9,34.9,34.9,35.4,33.8,34.1,33.9,34.1,34.2,34.1,34.0,34.0,34.4,34.1,34.0,34.1,34.5,34.3,33.6,33.4,33.2,34.0,33.7,33.7,34.2,35.2,35.1,34.9,34.3,34.5,34.4,34.3,34.6,35.1,35.3,34.3,35.1,34.5,34.4,34.2,34.4,33.9,34.3,34.3,34.2,34.5,34.3,34.3,34.2,34.7,33.2,33.5,32.8,33.7,33.9,33.7,34.4,34.3,34.9,35.2,34.5,34.5,34.6,nan,34.9,34.9,34.6,35.4,34.0,34.8,33.9,34.2,34.2,34.6,33.9,34.2,34.1,34.0,34.3,34.4,34.5,35.0,33.9,33.6,33.6,33.8,33.8,34.1,34.0,34.0,34.9,34.4,35.1,34.8,34.5,34.6,34.6,35.3,34.8,34.2,34.6,34.5,34.1,34.2,34.1,34.2,34.0,33.9,34.2,34.2,34.1,34.0,34.4,34.1,33.4,33.8,33.7,34.0,32.8,33.5,34.0,34.3,34.0,34.7,34.4,35.0,34.5,34.6,35.4,35.1,34.4,34.8,34.1,34.6,34.1,34.2,34.2,34.6,33.8,33.9,34.1,33.9,34.4,34.0,33.7,34.4,34.2,33.5,33.7,33.7,33.9,33.8,33.8,34.0,34.4,33.9,34.6,34.6,35.0,35.2,34.8,34.6,35.0,33.9,34.6,33.8,34.1,34.5,34.2,34.4,34.4,33.9,34.3,34.8,34.9,34.3,34.5,34.0,33.4,33.8,33.5,33.9,33.5,33.8,33.8,34.2,33.5,34.4,33.9,34.7,35.1,34.9,35.1,35.0,33.4,34.8,33.9,34.3,33.5,34.0,34.3,34.4,34.3,34.3,34.4,35.0,34.6,34.5,34.4,34.8,34.1,33.9,34.1,34.3,33.8,33.6,33.9,33.9,33.8,33.8,34.2,34.2,34.8,34.4,35.1,34.1,34.6,33.7,34.2,33.7,34.2,33.9,34.2,34.2,34.7,34.6,34.8,34.4,35.0,34.2,35.2,34.8,33.7,34.2,33.5,34.0,33.7,33.7,33.4,34.4,33.5,34.2,33.9,33.9,34.5,34.5,34.3,34.6,33.4,34.5,33.7,34.0,33.5,33.9,34.0,34.2,34.2,34.2,34.4,34.9,34.2,34.7,34.5,34.8
1785310649.4813795,808,33.8,33.9,33.2,33.4,33.2,33.4,33.1,33.6,32.9,33.3,33.2,33.4,33.5,33.2,32.9,33.5,33.2,33.2,32.9,33.5,33.3,33.2,33.0,33.4,33.3,33.2,33.6,33.4,33.7,33.8,33.3,33.7,33.9,33.8,33.5,33.3,33.3,33.1,33.0,33.5,33.0,33.5,33.1,33.5,33.1,33.1,33.5,33.1,33.1,32.9,33.4,33.3,33.2,32.9,33.3,33.3,33.3,33.1,33.5,33.6,33.9,33.2,33.6,33.8,33.5,33.5,33.3,33.6,33.0,33.2,33.1,33.1,33.0,33.1,33.0,33.0,32.9,33.4,32.7,33.1,32.8,33.1,33.1,33.3,33.3,33.3,33.0,33.1,33.3,33.1,33.1,33.4,33.2,33.3,33.2,33.7,33.9,33.8,33.4,33.3,33.0,32.9,33.2,33.2,33.2,33.0,33.1,33.1,33.0,33.0,33.3,33.2,33.3,33.4,33.2,33.4,33.2,33.2,33.1,33.1,33.4,33.3,33.6,33.3,33.1,33.8,33.3,33.5,32.9,34.0,33.0,33.3,33.1,33.1,33.2,33.1,32.9,32.9,32.9,33.2,33.2,33.1,33.0,33.3,33.1,33.0,32.8,33.3,33.1,33.1,33.1,33.4,33.1,33.3,33.1,33.8,33.4,33.2,33.4,33.7,33.5,33.7,33.6,33.5,33.4,33.1,32.5,33.2,32.9,33.2,33.0,32.9,33.3,33.1,33.3,33.0,33.2,33.0,33.1,33.2,33.3,33.3,33.0,33.2,33.2,33.2,33.1,33.3,33.5,33.5,33.5,33.2,33.9,33.5,33.0,33.5,33.1,33.3,33.2,33.2,33.1,33.0,33.2,33.2,33.3,33.0,33.0,33.3,33.2,33.1,32.8,33.2,33.3,33.2,33.1,33.3,33.4,33.4,33.0,33.5,33.5,33.2,33.3,33.9,33.8,33.4,33.5,33.2,33.0,33.0,33.5,32.8,33.4,33.1,33.1,33.5,33.1,33.1,33.2,33.3,33.1,33.1,32.9,33.1,33.4,33.2,33.0,33.5,33.3,33.0,33.5,33.2,33.4,33.2,33.4,33.3,33.6,33.8,33.5,33.7,33.1,33.0,32.9,33.3,33.3,32.9,33.1,33.3,33.1,33.1,33.1,33.2,33.1,33.3,32.8,33.2,33.2,33.2,32.7,33.1,33.2,33.3,32.9,33.5,33.0,33.3,33.2,33.5,33.8,33.7,33.8,33.9,33.3,33.3,33.0,33.0,33.5,33.3,33.0,33.4,33.0,32.6,33.2,33.0,33.1,33.0,33.1,33.2,33.0,33.3,33.2,33.4,33.2,33.2,33.6,33.5,33.5,33.1,33.7,33.8,33.6,33.7,33.8,33.7,33.2,33.1,32.7,33.0,32.8,33.3,32.7,33.2,33.2,33.1,33.0,33.1,33.3,33.1,33.0,33.3,32.9,33.1,33.1,33.2,33.2,33.2,32.8,33.5,33.3,33.2,33.1,33.6,34.0,33.6,33.7,33.3,33.3,33.3,33.1,33.3,33.4,32.8,33.0,33.3,33.2,33.6,33.1,33.3,33.0,33.3,33.1,33.3,33.2,33.2,33.2,32.9,33.2,33.4,32.9,33.3,33.2,33.4,33.0,33.3,33.9,33.7,33.4,33.6,33.5,33.4,33.3,33.5,33.3,33.2,33.9,34.0,34.7,33.9,33.7,33.6,33.4,33.1,33.0,33.6,33.4,33.4,33.5,33.7,33.6,33.4,33.5,33.6,33.5,33.5,33.3,33.8,33.6,33.4,33.3,33.6,33.2,33.5,33.1,33.6,33.7,33.9,34.2,35.4,34.8,34.9,33.8,33.5,33.2,33.5,33.2,33.5,33.6,34.0,33.8,33.8,33.5,33.6,33.8,33.7,33.4,33.2,33.5,33.3,34.2,33.7,33.2,33.7,34.2,34.4,35.3,34.4,34.3,34.3,35.1,35.0,35.3,35.6,34.7,34.7,33.9,33.7,34.0,34.2,34.2,34.2,33.8,34.0,34.0,33.8,33.7,34.1,34.1,33.7,33.7,34.2,33.3,33.5,33.6,33.6,34.4,34.8,35.4,35.7,34.2,34.7,34.4,35.2,35.6,35.1,34.9,34.7,33.7,33.7,34.2,34.5,34.3,34.2,33.8,34.0,34.0,34.0,34.1,34.6,33.9,34.1,34.1,34.4,33.3,33.7,33.8,34.3,34.9,34.9,35.1,35.3,34.3,34.3,35.0,34.7,35.1,35.5,34.3,34.4,33.7,33.9,34.0,34.5,33.8,33.9,34.0,34.3,34.2,34.0,34.2,34.5,34.0,34.4,34.1,34.2,33.7,33.6,33.5,33.8,34.9,34.7,35.2,35.0,34.6,34.9,34.6,35.4,35.3,nan,34.4,34.3,33.8,34.2,33.9,33.8,34.1,34.0,34.1,34.1,33.9,33.9,34.2,33.9,34.4,33.7,34.1,34.1,33.8,33.7,33.9,34.5,33.6,34.2,34.6,34.9,34.5,34.3,35.0,34.8,34.5,35.0,34.2,34.2,34.0,34.0,34.0,34.2,33.7,33.9,33.8,34.5,33.8,33.4,33.9,33.9,33.6,33.9,34.1,34.2,33.7,34.1,34.0,34.1,34.2,33.9,34.1,34.7,34.4,34.4,34.3,34.9,35.2,34.3,34.3,34.3,33.8,34.2,34.2,34.2,33.6,33.6,34.1,33.9,33.5,33.6,34.1,34.2,33.9,33.5,33.8,33.9,33.8,33.6,33.6,34.2,34.2,33.7,33.9,34.4,34.3,34.3,35.0,34.8,34.7,35.1,34.1,34.4,33.7,33.7,33.8,34.0,34.3,34.0,34.0,34.5,34.1,34.3,35.1,35.0,34.0,33.8,33.8,34.1,33.7,33.9,34.0,33.8,34.0,34.1,34.0,33.7,34.2,34.3,35.0,35.1,34.8,34.1,34.1,33.7,33.8,33.5,34.1,34.0,33.8,33.8,34.2,34.3,34.2,34.7,34.9,34.7,34.2,34.0,34.3,34.4,34.0,34.0,33.5,34.2,34.1,34.1,33.8,33.8,33.9,34.3,34.3,35.2,34.3,33.9,33.8,33.8,33.4,34.0,33.7,34.3,33.9,34.2,34.6,34.6,34.6,34.8,34.5,34.6,34.3,34.7,34.7,35.0,33.4,34.1,34.0,34.1,33.8,33.9,33.9,34.3,34.0,34.3,34.5,34.5,34.0,33.6,33.8,33.4,33.6,33.5,33.8,33.9,33.9,34.0,34.1,34.3,34.9,34.4,34.3,34.4,34.5,34.3,34.8,34.9
1785310652.034694,809,33.8,33.8,33.9,33.5,33.2,33.3,33.7,33.3,33.1,33.6,33.2,33.1,32.9,33.1,33.3,33.4,33.0,32.9,33.3,33.6,33.3,33.3,33.4,33.3,33.1,33.3,33.6,33.1,33.3,33.7,33.5,34.0,33.5,33.5,34.1,33.6,33.4,32.8,33.5,33.5,33.1,33.1,33.2,33.1,33.0,33.1,33.5,33.2,33.0,33.1,33.1,33.3,33.3,32.9,33.2,33.3,33.6,32.9,33.1,33.6,33.5,33.0,33.4,33.8,33.7,33.8,33.3,34.0,33.4,33.3,33.1,33.7,33.0,33.2,32.8,33.7,32.9,33.0,32.9,33.2,33.1,33.2,33.1,33.2,32.9,33.3,33.0,33.2,33.3,33.4,33.1,33.5,33.2,33.5,33.4,33.6,33.3,33.8,33.6,33.5,33.1,32.5,33.3,33.4,33.3,33.0,33.3,33.3,33.1,32.8,33.1,33.2,32.9,33.2,33.7,33.2,33.2,33.0,33.0,33.3,33.5,33.1,33.1,33.9,33.5,33.0,33.4,34.0,33.4,33.7,33.5,33.9,33.3,33.2,33.2,33.4,33.2,33.2,33.0,33.1,32.8,32.9,33.0,33.2,33.1,32.9,33.0,33.4,32.7,33.4,33.1,33.5,32.9,33.2,33.2,33.7,33.0,33.3,33.4,33.6,33.4,33.3,33.7,33.7,33.5,33.1,32.6,33.2,33.0,32.6,33.3,33.2,33.2,32.8,33.4,33.3,32.8,33.2,33.2,33.3,33.1,33.0,33.4,33.1,33.1,32.8,33.4,33.4,33.0,32.9,33.6,33.4,34.1,33.6,33.8,33.6,33.4,33.6,33.2,32.8,32.8,33.1,32.8,33.0,33.0,33.1,32.8,33.3,33.1,33.2,33.1,33.2,33.0,32.6,33.2,33.2,33.2,33.0,33.4,33.2,33.2,33.3,33.3,33.6,33.1,32.9,33.4,33.4,33.1,33.4,33.6,33.2,33.0,32.7,32.8,33.0,32.9,32.7,33.0,33.3,33.1,32.9,33.0,33.3,32.9,32.9,33.2,33.3,33.1,33.0,33.0,33.4,33.3,33.0,33.7,33.3,33.4,33.5,33.9,33.6,33.5,33.2,33.5,33.2,32.9,32.8,33.1,33.4,32.9,33.0,33.1,33.1,32.9,33.0,32.7,32.8,32.7,33.2,33.1,33.2,33.1,33.1,33.4,33.5,32.8,33.2,33.2,33.6,33.9,33.1,33.1,34.1,33.6,33.1,33.3,33.0,33.3,33.1,33.2,33.4,33.1,33.1,33.3,33.9,33.4,33.3,33.2,33.5,33.2,33.0,33.5,33.4,33.3,33.0,33.7,33.5,33.4,33.1,33.4,33.4,33.6,33.6,33.6,33.4,33.1,33.4,33.3,33.3,33.0,33.1,33.2,33.5,33.7,33.8,35.1,35.0,33.9,33.5,33.5,33.4,33.3,33.3,33.0,33.5,33.7,33.8,33.5,33.9,33.5,33.5,33.7,33.5,33.5,33.3,33.4,33.5,32.8,33.3,33.3,33.3,33.5,33.0,33.5,33.9,34.1,34.4,35.3,35.1,34.2,33.9,33.2,33.6,33.4,33.1,33.3,33.9,33.8,33.9,33.5,33.9,33.5,33.6,33.7,33.6,33.3,33.6,33.4,33.5,33.5,33.2,34.2,34.0,34.9,34.1,34.4,34.2,34.7,34.8,35.5,35.3,34.8,34.6,34.2,34.0,33.9,34.0,34.5,34.1,33.6,34.0,34.0,34.4,34.0,34.0,34.1,34.1,33.5,33.2,33.6,33.4,33.3,33.5,34.1,34.5,35.3,35.7,34.6,34.9,34.9,34.6,35.2,35.3,34.7,34.5,34.4,34.0,33.7,34.0,34.0,33.9,34.0,33.9,33.9,34.4,34.2,33.7,34.4,34.5,33.3,33.6,33.6,33.8,33.9,33.8,34.5,35.0,35.1,35.6,35.0,35.1,35.3,35.3,34.7,34.7,34.2,34.6,33.5,34.3,34.0,34.0,34.0,33.6,34.0,33.9,34.0,34.0,33.7,34.0,34.2,34.7,33.4,33.5,33.7,34.0,33.6,33.2,34.1,34.7,35.2,34.8,34.5,34.7,35.5,34.5,34.8,35.0,34.6,34.3,33.8,34.0,33.9,34.0,34.0,34.0,33.8,34.0,34.4,34.2,33.7,34.0,33.8,34.2,33.5,33.2,33.8,34.2,33.4,33.3,34.0,34.2,33.9,34.2,34.5,34.6,34.8,35.1,34.5,34.7,34.0,34.3,34.0,33.8,33.8,33.8,33.8,34.1,33.8,33.9,34.0,33.9,33.7,34.0,33.7,34.1,33.4,33.4,33.4,33.4,33.5,33.2,33.9,33.8,33.7,33.9,34.7,34.4,34.8,nan,34.7,34.9,34.2,33.7,34.0,33.7,33.9,33.6,34.0,33.6,33.7,33.7,34.1,34.0,34.1,33.7,34.0,34.3,33.8,33.8,34.0,34.2,33.4,33.7,33.5,34.0,33.2,33.9,34.1,34.4,34.5,34.9,34.7,34.5,33.5,33.7,33.7,33.8,33.5,33.8,33.9,34.1,33.9,34.0,33.9,34.2,34.5,34.7,34.1,34.7,33.6,33.9,33.9,33.8,33.5,33.4,33.5,33.7,33.3,33.4,33.7,34.2,34.6,35.1,34.7,34.3,33.8,33.2,33.8,33.9,33.6,33.6,34.2,34.3,34.0,33.6,34.4,34.6,34.6,34.5,34.5,34.5,33.4,34.0,33.6,34.1,33.6,33.6,33.5,34.0,33.6,33.7,33.8,34.1,34.3,34.6,34.5,34.6,33.4,33.4,33.6,33.8,33.4,33.8,33.9,33.9,34.1,34.4,34.6,34.8,34.0,34.1,34.2,34.4,33.6,33.6,33.7,33.4,33.5,33.5,33.8,33.7,33.5,33.4,33.7,34.0,34.1,34.1,34.4,34.2,33.6,33.3,33.5,33.8,33.5,33.4,33.6,33.9,33.9,33.8,34.2,34.5,34.2,33.8,34.8,34.4,33.7,33.7,33.9,33.8,34.1,33.6,34.0,33.9,33.2,34.0,33.7,34.1,33.9,34.0,33.8,33.9,33.2,33.4,33.7,33.9,33.2,33.7,33.9,34.0,33.7,33.6,34.3,34.2,34.1,34.2,34.4,34.8,33.7,33.6,33.9,33.8,33.9,33.5,34.0,33.7,33.5,33.2,33.7,34.1,34.1,33.6,34.3,33.8,33.4,33.5,33.5,33.8,33.7,33.4,33.6,33.7,33.7,33.8,33.6,34.2,33.8,33.9,34.2,34.5
1785310654.749864,810,34.1,33.4,33.7,33.4,33.4,33.2,33.1,33.4,33.3,33.1,32.8,33.4,33.1,33.0,33.3,33.1,33.2,33.2,33.1,33.2,33.3,33.6,33.0,33.4,33.3,33.8,32.7,33.7,33.3,33.6,33.5,33.7,34.2,33.5,33.8,33.8,33.3,33.7,33.0,33.3,33.6,33.3,33.1,32.9,33.1,33.5,33.0,33.3,33.4,32.9,33.4,33.3,33.0,32.9,33.3,33.1,33.5,33.1,33.5,33.4,33.9,33.5,33.6,33.6,33.2,33.7,34.0,34.1,33.6,33.8,32.9,33.3,33.0,32.9,32.8,33.2,33.4,33.1,32.7,33.1,33.5,33.0,33.3,33.3,33.1,33.3,33.0,33.1,33.3,33.5,32.9,33.8,33.6,33.6,33.5,33.9,33.6,33.8,34.1,33.9,33.5,32.9,33.2,33.0,33.2,33.2,32.9,33.1,33.0,33.0,33.2,33.0,33.1,33.1,33.4,33.3,33.2,32.9,33.5,33.3,33.4,33.5,33.2,33.7,33.6,33.6,33.8,34.0,33.6,33.6,33.5,33.8,33.5,33.5,33.0,33.4,32.9,33.1,32.7,33.2,32.9,33.4,33.2,33.2,33.3,33.3,32.8,33.3,33.4,33.1,33.3,33.5,33.3,33.5,32.9,33.4,33.2,33.4,32.7,33.5,33.3,33.3,33.4,33.9,33.8,33.7,33.3,33.0,32.9,33.4,33.2,32.9,33.1,33.3,32.9,33.2,33.0,33.0,33.3,33.0,33.0,33.0,33.0,33.2,33.2,33.0,33.3,33.3,33.3,33.1,33.5,33.7,34.2,33.2,33.2,34.1,33.5,33.7,33.2,33.0,32.9,32.8,32.8,33.4,33.0,33.1,33.0,33.2,32.9,33.1,33.1,33.4,33.3,32.8,33.1,33.3,33.5,33.4,33.6,33.1,33.4,33.4,33.3,33.7,33.6,33.6,33.9,33.6,33.2,33.4,33.3,33.2,32.7,32.9,32.9,33.2,32.9,33.1,33.1,33.1,33.0,33.3,33.2,33.0,33.1,33.1,33.3,33.3,33.3,33.5,33.3,33.8,33.4,33.4,33.6,33.5,33.6,33.8,33.1,33.7,33.5,33.7,33.3,33.3,33.4,33.0,32.8,33.1,33.1,33.1,33.1,33.8,33.1,33.4,32.7,32.9,33.2,33.4,33.0,33.1,33.1,33.3,32.9,33.4,33.2,33.5,33.0,33.5,33.3,33.5,33.4,33.5,33.4,33.3,33.4,33.6,33.5,33.0,33.3,33.5,33.3,33.1,34.2,33.6,33.3,33.1,33.1,33.5,33.1,33.6,33.3,33.6,33.3,33.5,33.4,33.3,33.5,33.1,33.5,33.4,33.2,33.3,33.6,33.3,33.5,33.6,33.3,33.6,33.3,33.6,33.1,33.5,33.9,34.8,34.5,35.3,34.0,33.7,33.2,33.6,33.4,33.4,33.1,33.7,33.6,33.7,33.5,33.8,33.5,33.7,33.5,33.6,33.6,33.3,33.3,33.3,33.3,33.1,33.6,33.4,33.4,33.3,33.7,33.6,34.7,34.3,35.6,35.4,34.8,34.3,33.9,33.8,33.6,33.6,33.8,33.7,33.8,33.9,34.0,33.3,33.6,33.2,33.7,33.5,33.9,33.7,33.2,33.8,33.6,33.6,33.5,35.1,34.8,35.0,33.8,34.6,34.5,34.8,35.3,35.2,34.9,34.5,34.3,33.8,33.9,34.2,34.0,34.2,34.0,33.9,33.7,34.3,34.2,34.1,33.9,34.0,33.4,32.8,33.3,33.6,33.5,33.5,34.5,34.2,35.5,35.3,34.5,34.7,35.1,34.8,34.7,35.3,34.3,34.6,34.0,34.0,34.1,34.1,33.8,34.1,33.7,33.7,34.3,34.2,34.1,34.1,33.9,33.9,33.5,33.7,33.4,33.6,33.5,33.6,33.5,34.9,35.6,35.1,34.7,35.0,35.6,34.7,34.5,34.9,34.6,34.5,33.9,34.1,34.2,34.2,33.5,33.7,34.0,34.2,34.4,33.9,33.7,33.9,33.9,34.2,33.5,33.5,33.6,33.8,33.5,33.9,34.0,34.3,34.4,34.9,34.7,34.8,35.1,35.1,34.6,34.7,34.5,34.5,33.7,34.0,33.9,34.2,33.6,34.1,34.4,34.2,34.1,34.2,33.6,34.2,33.9,33.8,33.7,33.7,33.6,33.5,33.4,33.6,33.7,33.9,33.9,34.4,34.5,34.7,35.0,35.0,34.5,34.5,34.2,33.9,33.7,33.7,34.0,33.7,33.8,33.8,33.7,34.0,33.9,33.8,34.1,34.2,33.5,34.2,33.3,33.4,33.1,33.4,33.6,33.6,33.6,33.8,33.7,33.9,34.1,34.3,34.6,nan,34.4,34.1,34.0,34.0,33.4,33.8,33.8,33.5,33.7,33.8,33.6,33.7,33.6,33.7,34.2,34.1,34.3,34.1,33.4,34.1,33.4,33.9,33.5,33.6,33.5,34.2,33.4,33.6,34.1,34.3,34.7,35.0,35.0,34.0,33.7,33.7,33.7,33.7,33.7,33.9,33.6,33.9,33.8,33.9,33.9,34.5,34.5,35.0,34.5,34.6,33.7,33.7,33.5,33.7,33.4,33.4,33.7,33.9,33.2,33.6,33.8,34.1,34.8,35.0,34.8,34.5,33.7,33.4,33.6,33.4,33.5,33.6,33.9,33.9,34.6,33.6,34.7,34.2,34.3,34.7,34.4,34.7,33.6,33.6,33.2,33.8,33.6,33.5,33.5,33.7,33.6,33.4,33.8,34.1,34.2,34.2,34.7,34.0,33.4,33.5,33.8,33.5,33.5,33.5,33.8,33.9,34.1,34.1,34.2,34.7,35.0,34.2,34.2,35.0,33.7,33.7,33.8,33.6,33.4,33.7,33.5,33.9,33.5,33.6,34.0,33.7,34.3,34.0,33.9,33.7,33.6,33.6,33.6,33.7,33.4,33.6,33.9,33.9,34.0,34.2,33.5,34.6,34.0,34.0,34.3,34.6,33.7,33.8,33.5,34.2,34.1,33.7,33.6,33.6,33.6,33.7,33.9,34.1,34.1,33.9,33.6,33.8,33.4,33.6,33.2,33.8,33.8,33.8,33.7,33.7,34.3,33.7,33.9,33.8,34.3,34.3,34.5,34.7,33.6,33.9,33.6,33.8,33.4,33.7,33.7,33.9,33.8,33.9,34.0,33.8,34.0,33.7,34.0,33.8,33.6,33.7,33.8,33.9,33.8,33.8,33.9,33.7,33.7,34.0,34.1,34.0,34.1,33.9,34.4,34.5
1785310657.1507268,811,33.8,33.8,33.7,33.7,33.6,33.6,33.5,33.3,33.1,33.6,32.8,33.1,33.3,32.9,33.1,33.2,32.8,32.7,33.1,33.5,33.3,33.1,33.2,33.1,32.7,32.9,33.8,33.3,33.7,33.4,33.3,33.8,33.8,33.0,33.9,33.8,33.0,33.1,32.9,33.3,32.9,32.9,33.0,33.3,32.8,33.3,33.1,33.1,32.7,32.9,33.5,33.5,33.0,32.9,33.2,33.5,33.4,32.9,33.6,33.6,32.9,33.2,33.4,34.3,33.7,34.1,33.3,33.7,33.6,32.9,33.3,33.5,32.8,33.2,33.0,33.1,32.9,33.0,33.1,33.4,33.1,33.3,33.1,33.3,33.3,33.3,33.4,33.6,33.3,33.3,33.1,33.5,33.4,33.2,33.2,33.6,33.3,33.3,33.8,33.9,33.2,32.9,33.1,33.4,33.1,32.7,33.4,33.5,32.8,32.8,32.9,33.0,32.9,32.9,33.3,33.6,33.2,32.9,33.2,33.3,33.2,32.7,32.9,33.5,33.3,33.2,33.2,33.8,33.1,33.5,33.3,33.9,33.3,33.6,33.0,33.7,32.7,33.2,33.0,33.1,32.9,33.0,33.0,32.9,33.3,32.9,33.0,33.2,33.1,33.0,32.9,33.1,33.0,33.0,32.9,33.3,33.2,33.3,33.4,33.2,33.6,33.5,33.7,33.9,33.7,33.1,33.0,33.2,33.0,32.8,33.1,33.4,32.9,32.6,33.2,33.2,33.0,33.0,33.1,33.0,33.0,32.8,33.1,33.1,33.1,33.2,32.9,33.5,32.8,32.9,33.4,33.2,33.5,33.3,33.6,33.8,33.3,33.4,33.4,33.2,32.8,33.1,33.0,33.2,32.8,32.8,32.8,33.3,32.9,33.0,33.1,33.2,33.2,32.8,32.9,33.2,33.2,33.0,33.2,33.0,33.4,33.1,33.3,33.6,33.3,32.9,33.4,33.4,33.5,33.2,33.4,33.4,32.7,32.6,32.7,33.0,33.0,32.9,33.2,33.3,32.9,32.8,33.0,33.0,33.0,32.7,33.3,33.1,33.1,32.8,33.0,33.4,33.3,33.0,33.5,33.7,33.2,33.5,33.1,33.7,33.5,33.2,33.3,33.6,33.1,33.3,33.1,33.7,33.2,33.5,33.4,34.4,33.2,33.4,33.0,33.3,33.0,33.2,33.2,33.3,32.9,33.2,33.3,33.3,33.2,33.4,33.4,33.2,33.7,32.9,33.5,33.5,33.2,33.1,33.1,33.4,33.2,33.0,33.8,33.4,34.0,33.1,35.1,34.6,33.4,33.3,33.3,33.3,33.2,33.5,33.5,33.6,33.3,33.0,33.3,33.5,33.4,32.9,33.6,33.4,33.4,33.2,33.6,33.5,33.2,33.4,33.1,34.0,33.5,33.6,33.3,34.5,34.0,34.8,35.1,35.4,34.5,34.0,33.7,33.7,33.4,33.7,33.6,34.0,33.9,33.8,33.5,33.8,33.5,33.5,33.9,33.3,33.5,32.9,33.0,33.5,33.2,33.0,33.9,34.0,34.5,33.5,34.1,34.1,34.9,34.7,35.0,35.2,34.7,34.1,34.2,34.0,33.3,33.5,33.8,34.2,33.6,33.7,33.7,33.9,33.9,33.4,33.7,33.5,33.7,33.2,33.2,33.5,33.1,33.5,34.0,35.2,35.1,35.2,34.6,35.1,35.0,34.8,35.2,35.1,34.7,34.6,34.0,34.0,33.9,34.0,34.2,34.0,34.0,33.8,33.9,34.2,34.2,33.8,34.1,34.6,33.7,33.0,33.4,33.2,33.3,33.1,34.1,34.5,35.5,35.3,34.6,34.9,35.0,34.9,35.0,35.0,34.5,34.3,33.8,33.8,34.1,33.8,33.9,33.8,33.6,33.7,34.1,34.2,34.0,33.8,33.9,34.5,33.5,33.6,33.6,33.6,33.7,33.6,33.7,34.5,34.8,34.9,34.7,34.8,35.3,34.6,34.5,34.7,34.6,34.2,34.0,33.7,33.8,33.8,33.8,33.8,34.0,34.3,34.1,34.2,33.9,33.8,33.9,34.0,33.2,33.3,33.1,33.8,33.8,33.2,34.1,34.2,33.7,34.2,34.4,34.6,35.2,34.8,34.5,34.8,34.1,34.3,33.7,34.0,33.6,33.8,33.7,34.3,34.0,33.7,34.1,34.0,33.5,33.6,33.7,34.2,33.3,33.4,33.2,33.8,33.4,33.3,33.9,33.8,33.4,33.7,34.5,34.6,34.8,34.8,34.7,34.3,34.0,34.0,33.7,33.8,34.0,33.7,33.7,33.9,33.7,33.6,34.1,34.1,33.5,34.0,33.9,33.9,33.2,33.2,33.5,33.6,33.4,33.2,33.6,33.6,33.2,33.6,33.8,34.6,34.6,nan,34.4,34.1,33.5,33.7,33.6,33.8,33.7,33.5,33.8,33.8,33.5,33.5,33.7,33.7,34.7,33.9,34.1,34.3,34.0,33.4,33.7,33.6,33.1,33.5,33.7,33.6,33.2,33.4,33.8,34.3,34.1,35.1,34.9,34.0,33.4,33.3,33.7,33.8,33.2,33.8,33.9,34.1,33.8,33.7,34.2,34.4,34.7,34.5,34.3,34.5,33.4,33.3,33.7,33.7,33.7,33.4,33.3,33.7,33.3,33.4,33.7,33.9,34.5,34.8,34.6,34.5,33.6,33.2,33.1,33.9,33.6,33.5,33.9,34.1,33.5,34.0,34.6,34.9,34.4,34.1,34.5,34.5,33.8,34.0,33.8,33.7,33.6,33.3,33.5,33.8,33.4,33.5,33.6,34.1,33.8,34.2,34.0,34.0,33.4,33.4,33.6,33.8,33.1,33.6,33.6,33.9,33.8,33.7,34.0,34.6,34.2,33.9,34.2,34.4,33.4,33.4,33.5,33.8,33.3,33.5,34.0,33.7,33.5,33.2,33.9,34.0,33.7,33.8,33.9,34.0,33.4,33.3,33.5,33.7,33.4,33.1,33.8,33.7,33.6,34.0,33.8,34.4,34.0,33.8,34.2,34.4,33.5,33.4,33.7,34.1,33.7,34.0,34.0,33.9,33.4,33.7,33.7,33.7,33.8,33.9,33.8,33.7,33.4,33.4,33.9,33.9,33.6,33.4,33.7,33.4,33.9,33.6,33.9,34.0,33.9,33.8,34.7,34.4,33.3,33.4,33.5,33.8,33.3,33.7,33.6,34.1,33.7,33.4,34.1,34.0,33.9,34.0,33.9,33.6,33.4,33.5,33.5,33.9,33.3,33.3,33.6,34.1,33.7,33.5,34.0,34.0,33.6,33.5,34.0,34.7
1785310659.76024,812,34.5,34.0,33.5,33.5,33.5,33.6,33.6,33.5,33.4,33.5,33.5,33.5,33.6,33.5,33.8,33.8,33.5,33.1,33.6,34.0,33.6,33.5,33.5,33.7,33.5,33.5,33.5,33.3,33.9,33.7,33.7,33.8,33.8,34.2,33.9,33.9,33.4,33.4,33.5,33.6,33.5,33.6,33.6,33.8,33.4,33.6,33.5,33.6,33.2,33.6,33.7,34.0,33.3,33.0,33.4,34.0,33.6,33.4,33.6,33.3,33.8,33.3,33.9,34.0,34.1,33.8,34.4,34.2,33.7,33.5,32.8,33.5,33.3,33.2,33.3,33.7,33.4,33.2,33.2,33.6,33.4,33.3,33.4,33.4,33.1,33.5,33.5,33.4,33.6,33.7,33.4,33.7,33.6,33.5,33.8,33.6,34.0,33.6,34.3,34.3,33.4,33.4,33.3,33.5,33.3,33.0,33.4,33.8,32.9,33.1,33.3,33.2,33.2,33.2,33.5,33.4,33.4,33.5,33.4,33.6,33.4,33.6,33.1,33.6,33.7,33.5,33.2,33.9,34.0,33.9,33.8,34.1,33.6,33.5,32.9,33.8,33.2,33.4,33.5,33.5,33.3,33.2,33.6,33.2,33.4,33.3,33.3,33.4,33.2,33.4,33.8,33.5,33.6,33.6,33.6,33.5,33.5,33.5,33.5,33.9,33.6,33.6,34.6,34.0,33.7,33.4,33.8,33.7,33.0,33.3,33.5,33.2,33.3,33.3,33.4,33.8,33.3,33.5,33.3,33.6,33.1,33.1,33.8,33.7,33.1,33.6,33.3,34.0,33.4,33.2,33.6,33.6,33.8,33.8,33.8,34.2,33.8,33.6,33.5,33.2,33.6,33.3,33.3,33.5,33.4,33.3,33.1,33.6,33.4,33.0,33.3,33.4,33.5,33.0,33.2,33.2,33.5,33.3,33.3,33.4,33.5,33.5,33.6,33.8,33.5,33.7,33.8,33.9,33.5,33.5,33.6,33.7,33.0,33.4,33.5,33.6,34.2,34.0,33.7,33.9,33.4,33.2,33.5,33.4,33.2,33.0,33.3,33.1,33.6,33.1,33.6,33.5,33.2,33.3,33.1,33.9,33.9,33.5,33.6,34.1,33.6,33.1,33.6,33.8,33.5,33.8,34.4,35.2,35.4,35.1,34.3,34.0,33.7,33.4,33.4,33.5,33.8,33.5,33.3,33.8,33.5,33.6,33.7,33.7,33.4,33.6,33.7,33.6,33.9,33.6,34.2,33.8,33.4,33.4,33.5,33.9,34.5,34.4,35.2,35.3,35.0,35.1,34.2,34.2,33.6,33.6,33.5,33.6,33.3,33.4,34.1,34.0,33.8,33.8,33.5,33.8,33.2,33.4,33.8,33.9,33.9,33.4,33.7,33.7,33.5,34.1,34.3,35.1,35.1,35.6,34.7,35.1,35.1,35.1,35.1,35.3,34.9,34.3,34.0,34.0,33.9,34.1,34.2,34.0,33.9,34.0,34.0,34.1,34.0,33.8,34.0,33.9,33.5,33.5,33.8,33.6,33.8,33.6,35.4,35.6,35.5,35.1,35.3,35.3,35.0,34.8,35.0,35.2,34.3,34.5,33.7,34.1,34.4,34.2,34.0,34.4,34.0,34.0,34.6,34.2,34.1,34.1,33.9,34.0,33.8,33.6,34.0,33.7,34.1,34.1,35.4,35.9,35.9,34.9,35.1,35.9,35.1,34.6,35.1,34.8,34.7,34.2,34.1,34.7,34.5,34.0,34.0,34.1,34.3,34.2,34.0,34.6,34.5,34.0,34.2,34.6,33.7,33.3,33.7,33.9,33.8,34.2,35.3,35.5,35.5,35.0,35.5,35.7,34.9,34.6,34.9,35.1,34.1,34.0,33.9,34.3,33.8,33.9,34.0,33.9,34.3,34.2,34.1,34.5,33.7,34.1,34.3,34.6,33.4,33.8,33.9,34.2,33.6,33.9,34.3,34.7,34.7,34.8,34.8,35.5,35.1,34.6,34.6,34.7,34.2,34.0,33.8,34.2,34.0,33.9,34.0,34.1,34.4,34.3,34.2,34.0,33.8,33.3,34.2,34.0,33.6,33.6,34.1,33.8,33.8,33.8,34.3,34.5,34.5,34.6,34.5,35.0,34.9,34.7,34.7,34.5,33.8,33.8,33.8,34.2,33.9,34.0,33.7,34.1,34.2,34.2,34.3,34.2,33.7,33.9,34.1,33.9,34.1,33.8,34.2,34.0,33.7,33.9,34.2,33.8,34.1,34.1,34.5,35.0,35.6,34.8,34.3,34.0,34.0,33.4,33.8,34.0,34.0,34.0,34.0,34.1,34.1,33.8,34.3,34.3,34.9,34.5,34.0,34.2,33.6,33.7,33.9,33.9,33.9,33.5,33.9,33.9,33.5,33.9,34.4,34.9,35.1,nan,33.7,33.9,33.6,33.8,33.9,34.0,33.8,33.9,33.7,34.2,33.9,34.0,34.1,34.4,35.4,34.8,34.3,34.6,33.9,33.6,33.8,34.0,34.0,34.1,33.6,34.2,33.9,33.7,34.1,34.6,35.2,35.0,34.3,33.7,33.5,33.5,33.8,33.8,34.0,34.0,34.1,34.1,34.1,34.2,34.9,35.0,34.9,34.2,34.9,35.0,33.2,33.8,34.1,34.2,33.7,33.5,33.5,34.0,33.5,33.7,34.4,34.2,34.8,34.8,33.8,33.9,34.1,33.5,33.8,34.0,33.9,33.6,34.4,34.2,34.4,34.3,34.4,34.3,34.0,34.0,34.3,34.6,34.2,34.0,34.0,34.1,33.7,33.8,33.8,34.2,33.9,33.5,34.3,34.4,34.3,34.0,33.9,34.1,33.7,33.6,33.9,34.0,33.7,33.8,34.3,33.9,34.1,33.9,34.5,34.4,34.5,34.3,34.3,34.2,33.8,34.0,33.5,34.1,33.5,33.7,34.0,34.2,33.6,33.7,34.3,34.2,33.9,33.9,33.9,34.1,33.9,33.8,33.9,34.0,33.4,33.7,33.8,34.0,33.6,33.9,34.0,34.3,33.8,34.0,34.4,34.8,33.8,33.7,34.1,34.1,34.2,34.0,33.9,34.3,34.0,33.9,33.9,34.4,34.2,34.1,34.1,34.1,33.7,33.8,34.2,34.3,33.9,33.8,33.8,34.0,34.0,33.8,34.2,34.2,34.6,34.0,34.8,34.6,33.5,33.6,33.7,34.2,33.5,33.7,34.0,34.2,33.7,34.0,34.1,34.5,34.1,33.9,34.1,33.9,33.6,34.1,33.9,34.3,33.5,33.7,33.8,34.1,33.9,34.0,34.1,34.4,34.0,34.0,34.5,34.6
1785310662.2230291,813,34.2,34.2,34.0,33.9,34.2,33.9,33.6,33.6,33.6,33.3,33.7,33.6,33.8,33.3,33.6,33.9,33.4,33.5,33.9,33.9,34.0,33.6,33.9,33.6,33.6,33.6,33.7,33.9,33.8,33.6,34.4,33.9,34.7,33.9,34.5,33.9,33.8,33.4,33.6,33.6,33.2,33.6,33.3,33.8,33.4,33.7,33.7,33.7,33.5,33.2,33.7,33.6,33.4,33.7,34.1,33.4,33.7,33.4,33.5,33.9,34.1,33.8,33.8,33.7,34.1,34.4,33.7,34.6,33.7,33.6,33.6,33.5,33.7,33.3,33.3,33.8,33.3,33.6,33.5,33.3,33.6,33.3,33.2,33.5,33.6,33.7,33.5,33.5,34.2,33.7,33.4,33.8,33.5,33.6,34.0,34.2,34.4,33.9,33.9,34.0,33.9,33.6,33.4,33.5,33.4,33.3,33.4,33.6,33.4,33.3,33.3,33.5,33.4,33.5,33.6,33.5,33.4,33.3,33.6,33.8,34.0,33.4,33.6,34.0,34.0,33.7,33.6,34.1,34.2,34.0,34.0,34.0,33.6,34.1,33.3,33.3,33.5,33.4,33.5,33.3,33.6,33.3,33.3,33.4,33.4,33.3,33.1,33.5,33.9,33.6,33.6,33.5,33.6,33.8,33.6,33.8,33.7,33.4,33.7,34.2,34.2,33.8,34.0,34.2,34.0,33.8,33.3,33.3,33.2,33.5,33.4,33.3,33.5,33.4,33.6,33.6,33.7,33.5,33.3,33.6,33.5,33.4,33.3,33.7,33.7,33.3,33.5,33.8,33.3,33.6,33.5,33.6,34.3,34.1,33.7,34.1,33.6,33.5,33.5,33.2,33.2,33.3,33.5,33.4,33.4,33.1,33.4,33.7,33.2,33.6,33.4,33.4,33.6,33.7,33.5,33.3,33.5,33.2,33.9,33.5,33.7,33.6,33.8,34.1,33.4,33.9,33.7,34.3,33.8,33.9,33.8,33.1,33.1,33.2,33.3,33.5,33.6,33.2,33.6,33.4,33.5,33.2,33.4,33.4,33.4,33.0,33.3,33.4,33.5,33.4,33.6,33.5,33.8,33.7,33.6,33.6,33.9,33.8,33.6,33.9,33.6,33.7,33.8,33.7,33.7,33.6,34.2,34.3,34.1,34.2,34.1,34.5,33.6,33.4,33.6,33.5,33.5,33.2,33.6,33.6,33.4,33.5,33.7,33.7,33.9,33.7,34.1,33.9,34.0,33.6,33.8,33.8,33.8,33.4,33.7,33.5,33.4,33.8,34.0,35.3,34.9,35.3,35.1,34.7,33.6,33.4,33.6,33.7,33.6,33.4,33.8,34.0,34.0,33.8,33.8,33.6,33.3,33.8,33.9,34.1,33.7,33.9,33.9,33.9,34.2,34.0,34.4,35.5,34.4,34.5,35.0,35.2,35.2,35.3,35.1,35.2,34.6,34.5,34.0,33.9,34.3,34.2,34.2,34.2,34.0,33.8,34.1,34.4,33.6,34.1,33.6,33.8,33.4,33.2,33.7,33.6,33.8,34.1,35.0,35.1,35.7,34.8,35.0,35.2,35.2,35.1,35.0,35.0,34.9,34.5,33.8,34.1,34.6,34.4,34.2,34.3,34.3,34.5,34.3,34.3,34.3,34.1,34.1,34.0,34.0,33.9,33.7,34.0,34.1,34.1,35.0,35.4,35.6,35.1,35.0,35.6,35.1,35.2,34.8,35.2,34.6,34.2,34.1,34.6,34.3,34.4,34.5,34.2,34.2,34.4,34.5,34.3,34.5,34.4,34.6,34.4,33.6,33.5,33.7,34.1,34.1,34.7,35.2,35.5,35.4,35.1,35.7,35.8,34.9,34.9,34.9,34.9,34.3,34.3,34.1,34.7,34.3,33.9,34.3,34.1,34.4,34.2,34.5,34.3,34.3,34.0,34.1,34.4,34.1,33.9,34.1,34.0,34.2,34.0,35.0,34.7,35.0,34.8,35.4,35.3,34.8,34.8,34.9,34.9,34.2,34.1,34.3,34.2,34.0,34.1,33.8,34.5,34.8,34.3,34.0,34.3,34.0,33.7,34.0,33.8,33.9,33.6,33.8,34.1,33.8,34.2,34.4,34.6,34.4,34.6,34.6,35.5,35.1,34.6,34.4,34.6,34.2,34.0,33.7,34.5,33.8,34.3,33.9,34.1,34.6,34.2,34.3,34.1,34.1,33.9,33.7,34.5,34.1,33.7,34.2,34.1,34.1,33.6,34.3,33.9,34.2,33.9,34.3,34.8,35.6,35.0,34.3,34.2,33.8,33.6,34.0,33.7,34.0,33.9,33.8,34.0,34.1,34.2,34.0,34.2,35.3,34.4,34.4,34.2,34.2,33.5,33.7,33.9,34.0,34.2,34.0,34.1,33.9,34.2,34.4,35.0,35.6,nan,33.9,34.1,33.7,33.6,33.9,34.1,33.8,34.1,34.1,34.2,34.3,33.8,34.3,34.5,34.7,34.6,35.0,34.2,34.1,33.9,34.0,34.1,33.9,34.0,34.0,34.4,33.9,33.8,34.1,34.7,35.1,35.2,34.2,33.7,33.8,33.6,33.6,33.6,34.0,33.9,34.4,34.3,34.4,34.7,35.1,35.2,34.7,34.8,34.6,35.2,34.0,34.0,34.0,33.8,33.6,33.7,33.8,34.1,33.7,33.8,34.1,34.7,34.7,35.1,34.1,33.9,33.7,34.0,33.8,34.0,33.8,34.1,33.9,34.2,34.4,34.3,35.1,34.5,34.3,34.4,34.6,34.6,34.4,34.1,33.7,34.0,33.9,33.9,33.8,34.1,33.7,33.8,34.4,34.5,34.3,34.2,34.1,33.8,33.6,33.7,33.9,33.8,33.9,34.0,34.2,34.3,34.2,33.9,34.3,34.3,34.7,34.2,34.1,35.0,34.2,34.0,34.0,34.3,33.8,34.0,33.9,34.2,33.9,34.0,34.3,34.1,34.0,34.1,34.1,34.1,33.8,33.8,34.1,33.9,33.8,33.7,34.1,33.8,34.0,33.9,34.1,34.5,34.4,34.1,34.3,35.0,34.1,33.8,34.1,34.4,34.2,34.3,34.3,33.8,33.7,33.9,34.0,34.3,34.2,34.3,34.2,33.8,34.0,33.8,34.0,34.2,34.1,33.8,34.2,33.9,34.4,33.9,34.6,34.4,34.6,34.1,35.0,34.5,34.1,33.8,33.8,34.0,33.8,34.1,33.9,34.0,34.0,34.2,34.2,34.4,34.2,34.1,34.0,34.3,34.0,33.8,33.8,34.1,33.9,33.9,34.3,34.0,34.1,34.0,34.3,34.3,34.1,34.5,34.6,34.8
1785310664.7784145,814,34.3,34.2,34.4,34.4,33.6,33.7,33.3,33.6,33.3,33.3,33.2,33.8,33.5,33.5,33.5,33.5,33.3,33.2,33.6,33.9,33.9,33.5,33.6,33.8,33.7,33.2,33.4,34.1,33.7,33.5,33.8,33.7,33.9,33.5,33.8,34.0,33.8,33.5,33.4,33.7,33.4,33.6,33.5,33.5,33.2,33.4,33.2,33.8,33.3,33.3,33.5,33.8,33.2,33.4,33.3,33.9,33.5,33.5,33.7,34.4,34.1,33.2,33.8,34.3,34.2,34.4,33.6,33.9,33.6,33.6,33.3,33.3,33.2,33.1,33.5,33.6,33.2,33.2,33.1,33.3,33.5,33.0,33.6,33.7,33.6,33.2,33.5,33.4,33.7,33.3,33.7,33.8,33.9,33.5,33.9,34.2,33.9,34.0,33.9,34.2,33.5,33.7,33.6,33.6,33.5,33.2,33.6,33.4,33.2,33.4,33.1,33.4,33.3,33.6,33.5,33.8,33.4,33.4,33.4,33.7,33.6,33.4,33.4,33.9,33.3,33.6,33.8,34.2,33.8,33.8,33.7,34.4,33.5,33.1,33.6,33.4,33.2,33.2,33.4,33.5,33.4,33.3,33.3,33.7,33.3,33.3,33.2,33.4,33.6,33.4,33.6,33.5,33.5,33.5,33.2,34.0,33.8,33.4,33.4,33.7,33.7,33.9,34.0,33.7,33.4,33.5,33.5,33.4,32.9,33.0,33.7,33.2,33.1,33.5,33.3,33.5,33.4,33.5,33.5,33.5,33.5,33.6,33.9,33.6,33.0,33.5,33.5,33.8,33.1,33.5,33.2,33.7,33.7,33.7,34.0,34.3,34.0,33.3,33.4,33.4,33.1,33.0,33.2,33.6,33.3,32.8,33.2,33.6,33.4,33.2,33.3,33.9,33.3,33.5,33.4,33.4,33.4,33.4,33.4,33.6,33.7,33.5,33.5,33.9,33.2,33.6,33.9,34.0,33.2,33.2,33.5,33.7,33.1,33.1,33.2,33.5,33.2,33.5,33.7,33.6,33.1,33.9,34.4,34.1,34.1,34.0,33.5,33.6,33.3,33.7,33.6,33.6,33.4,33.6,33.6,33.7,33.8,33.6,33.7,34.1,33.3,33.5,33.5,33.8,33.4,33.4,33.9,33.7,33.7,34.2,35.1,35.3,35.0,35.1,34.5,35.1,35.0,34.5,33.1,33.3,33.2,33.3,33.6,33.7,33.6,33.8,34.2,33.9,33.7,33.7,33.6,34.1,33.4,33.4,33.4,33.9,33.4,33.5,34.1,34.7,34.4,35.0,35.6,35.5,34.5,34.2,33.9,34.3,34.1,34.1,33.5,34.1,33.8,34.0,33.9,34.4,33.5,34.1,33.7,34.2,33.6,33.7,33.8,33.9,33.7,34.0,35.0,35.1,34.1,34.4,34.7,35.0,35.1,35.0,34.9,34.9,34.5,34.2,33.8,33.9,34.2,34.0,34.1,34.7,34.2,34.0,34.5,34.7,34.4,33.9,34.1,34.4,33.8,33.3,33.7,33.5,33.8,34.2,35.3,35.5,35.2,34.8,35.2,35.0,34.7,34.7,34.8,35.1,34.3,34.1,33.9,34.3,34.4,34.6,34.7,34.6,34.2,34.4,34.1,34.7,34.1,33.9,34.1,34.0,33.7,34.1,34.0,34.2,34.5,34.5,35.6,35.6,35.3,35.0,34.9,35.3,35.0,34.8,34.8,34.7,34.4,33.9,33.8,34.4,34.7,34.6,34.5,34.5,34.0,34.2,34.0,34.7,34.2,34.3,34.3,34.2,33.6,33.4,34.1,34.1,34.4,34.9,35.5,35.7,34.7,34.7,35.0,35.2,34.6,34.9,34.7,34.8,34.1,34.0,33.8,34.0,34.3,34.3,34.6,34.8,34.3,34.2,34.5,34.2,34.1,34.1,34.3,34.7,33.9,33.7,33.8,34.2,34.2,33.8,34.4,34.9,34.8,34.3,34.7,34.8,34.7,34.7,34.5,34.7,34.1,33.7,34.0,34.4,34.0,33.9,34.7,34.5,34.5,34.2,34.8,34.6,34.2,33.7,34.6,34.8,33.3,34.1,33.8,34.2,33.6,34.1,34.5,34.5,34.2,34.7,34.4,34.7,34.3,34.6,34.4,34.7,33.8,34.0,34.0,34.3,33.8,34.2,34.2,34.8,34.5,34.4,34.7,34.7,33.9,34.3,34.5,34.8,33.7,33.9,34.0,34.3,34.0,33.8,34.0,34.2,34.3,33.9,34.3,34.3,34.6,34.0,34.3,34.2,33.7,33.6,34.2,34.0,33.8,33.7,33.8,34.2,34.5,33.8,34.2,34.5,34.0,34.0,34.7,34.8,33.7,33.8,33.7,34.0,34.0,34.1,34.1,33.8,33.9,34.1,34.1,34.7,34.3,nan,33.9,33.8,33.8,33.5,33.6,34.2,33.6,34.1,33.9,33.9,33.7,33.9,34.3,34.8,34.2,34.3,34.5,34.9,33.6,33.7,33.6,34.2,33.6,33.8,33.7,33.9,33.8,33.9,34.5,34.6,35.0,35.3,34.5,34.2,33.7,33.5,33.8,34.0,34.2,33.9,33.9,34.1,34.3,34.1,34.8,34.9,34.7,34.4,34.7,34.6,33.7,33.7,33.7,34.2,33.6,33.9,33.7,34.0,33.6,33.9,34.1,34.4,34.8,35.1,35.1,35.3,34.3,34.3,34.1,34.0,34.0,34.1,33.9,34.3,33.9,33.8,34.3,34.4,33.9,34.5,34.4,34.7,34.3,33.6,34.2,34.2,34.0,33.7,34.2,34.2,33.8,33.9,34.1,34.3,34.3,34.0,34.6,34.9,34.5,34.8,35.1,35.5,35.0,34.7,33.8,34.1,33.9,33.9,34.0,34.1,34.6,33.7,34.4,34.7,33.5,34.3,34.2,34.0,33.8,33.7,34.2,34.6,33.7,33.9,34.1,34.2,33.4,34.1,34.3,34.5,34.0,34.5,35.3,35.5,35.1,34.6,34.0,34.1,33.5,33.8,33.9,34.2,33.6,34.4,34.7,34.6,33.9,33.5,33.7,34.1,34.1,33.6,34.2,34.2,34.1,33.7,34.1,34.3,34.1,34.1,34.1,34.7,33.8,33.6,34.3,34.5,34.1,34.2,34.4,34.0,34.2,33.7,34.5,34.2,34.1,33.8,34.4,34.7,33.6,34.1,34.5,34.0,33.8,33.9,33.9,34.3,34.0,33.9,34.0,34.1,34.0,34.3,34.2,34.1,33.6,34.0,34.3,34.4,33.9,34.3,34.2,34.3,33.9,33.8,34.3,34.2,33.7,34.5,34.1,34.7
1785310667.5157151,815,34.6,34.2,33.9,34.1,33.6,34.1,33.7,33.8,33.2,33.5,33.2,33.4,33.5,33.7,33.4,33.5,33.1,33.3,33.6,33.7,33.7,33.7,33.3,33.6,33.5,33.6,33.8,33.9,33.7,34.0,34.0,34.2,33.9,33.8,33.8,34.3,33.5,33.5,33.4,33.7,33.2,33.8,33.4,33.5,33.6,33.6,33.2,33.6,33.6,33.1,33.5,33.5,33.4,33.2,33.7,33.9,33.6,33.5,33.4,34.0,33.8,33.7,33.8,34.1,33.9,34.4,33.8,34.3,33.6,33.6,33.7,33.3,33.4,33.5,33.5,33.6,32.9,33.4,33.2,33.1,33.3,33.6,33.1,33.5,33.5,33.7,33.5,33.6,33.5,33.5,33.3,33.8,33.6,34.0,33.7,33.9,33.6,34.2,33.9,34.1,33.2,32.9,33.4,33.6,33.5,33.2,33.2,33.4,33.2,33.2,33.3,33.5,33.6,33.2,33.4,33.6,33.6,33.4,33.4,33.7,33.6,33.4,33.8,33.4,33.7,33.6,33.8,34.2,34.3,34.0,34.3,33.7,33.5,33.7,33.4,33.4,33.2,33.6,33.0,33.1,33.3,33.6,33.7,33.2,33.1,33.4,33.5,33.4,33.4,33.6,33.4,33.5,33.5,33.6,33.4,33.6,34.0,33.8,33.6,33.9,33.5,33.9,34.0,34.1,33.8,33.8,33.1,33.5,33.2,33.5,33.3,33.2,33.5,33.1,33.3,33.8,33.5,33.2,33.1,33.5,33.5,33.3,33.5,33.6,33.7,33.3,33.3,33.8,33.7,33.5,33.7,33.9,33.9,33.9,33.8,33.7,33.6,33.7,33.4,33.0,32.7,33.5,33.0,33.2,33.3,33.4,33.1,33.5,33.2,33.2,33.1,33.4,33.5,33.3,33.2,33.2,33.5,33.4,33.4,33.2,33.7,33.7,33.7,33.9,33.6,34.0,33.5,34.0,33.7,33.5,33.6,33.2,33.2,33.0,33.1,33.3,33.5,33.2,33.5,33.7,33.3,33.4,33.4,33.3,33.2,33.2,33.6,33.5,33.6,33.3,33.6,33.6,33.2,33.6,33.4,33.9,33.6,33.6,34.1,34.1,33.9,33.7,33.6,33.7,33.4,33.7,33.7,33.9,34.0,34.0,34.3,34.6,34.3,34.7,34.6,34.9,33.7,34.3,33.3,33.5,33.6,34.0,33.8,34.1,33.6,33.8,33.8,33.8,33.7,33.7,33.4,34.1,33.8,33.6,33.4,33.9,33.5,33.6,33.9,34.3,34.7,34.5,35.1,35.3,35.0,34.8,35.0,35.0,34.4,33.8,34.0,34.1,34.5,34.2,34.4,34.2,34.2,33.9,34.1,34.2,33.8,34.1,33.8,33.7,33.7,34.3,34.3,34.9,33.9,34.4,34.5,34.8,35.1,35.1,35.1,35.2,34.6,34.5,34.0,33.9,34.4,34.0,34.3,34.3,34.1,34.3,34.2,34.3,34.0,34.1,34.2,34.0,34.0,33.5,33.5,33.7,34.4,34.5,35.6,35.5,35.0,34.5,34.7,34.9,34.9,34.9,34.7,35.0,34.4,34.1,33.9,34.1,34.1,34.3,34.0,34.2,34.0,34.2,33.9,34.2,33.9,33.7,33.9,34.0,33.9,33.9,34.2,34.2,34.3,34.7,35.6,35.6,34.9,34.9,35.1,34.9,34.6,34.8,34.7,34.8,34.4,34.4,33.8,34.2,34.4,34.4,34.0,34.3,33.9,34.2,34.0,33.9,34.2,34.2,34.2,34.4,33.8,34.0,33.5,33.9,33.7,34.7,35.3,35.5,35.0,35.0,34.8,35.0,34.6,34.8,34.6,34.8,34.4,34.0,34.3,33.8,34.3,34.3,34.1,34.4,34.2,34.1,34.3,34.3,34.3,34.1,34.1,34.3,33.9,34.1,34.4,34.0,34.4,34.2,34.4,34.9,34.6,34.8,34.6,34.5,34.5,34.8,34.3,34.5,34.2,34.8,34.8,35.2,34.1,34.5,34.3,34.5,34.5,34.5,34.2,34.4,34.2,34.4,34.4,34.6,33.5,33.9,33.6,34.0,33.8,33.7,34.2,34.7,34.7,34.3,34.2,34.6,34.6,34.6,34.4,34.5,34.8,34.8,35.0,35.0,34.7,34.3,34.1,34.8,34.7,34.7,34.5,34.7,34.3,34.1,34.3,34.8,33.9,33.9,33.8,34.1,33.8,33.9,33.9,33.7,34.4,34.3,34.3,34.5,34.9,34.7,34.3,35.2,34.6,34.8,35.0,34.4,34.3,34.0,34.1,33.8,34.3,34.3,34.0,34.5,34.4,34.4,34.4,34.6,34.1,34.0,33.5,34.0,34.0,33.7,33.6,34.1,33.9,34.2,34.2,34.6,34.8,nan,35.0,35.1,34.4,34.8,34.1,34.1,34.1,34.3,34.1,33.9,33.7,34.0,34.1,34.4,34.3,34.1,34.3,34.9,34.0,34.3,33.8,34.2,34.0,33.8,33.8,33.8,33.6,33.7,34.1,34.0,35.3,35.1,35.0,34.3,34.2,33.7,34.0,34.0,34.0,34.0,34.1,33.8,33.9,33.7,34.8,34.5,34.0,34.8,34.5,34.8,33.9,34.5,33.7,34.2,34.0,33.5,33.5,34.2,33.7,33.9,34.3,34.7,34.7,35.3,34.6,34.8,34.0,33.7,34.1,34.0,34.1,33.8,33.9,34.2,33.7,34.2,34.3,34.4,34.1,34.3,34.2,34.9,34.0,34.3,34.0,34.0,33.8,33.7,33.8,33.9,33.9,33.9,34.3,34.3,34.0,34.4,34.3,34.0,33.9,33.8,33.9,34.0,33.9,34.2,34.1,34.1,33.9,34.3,34.0,34.4,34.2,33.9,34.2,34.5,33.5,34.1,34.0,34.2,33.8,34.1,33.8,34.0,33.9,33.9,34.3,34.4,33.9,33.8,33.9,34.3,33.9,33.6,34.2,34.5,34.1,34.3,34.2,33.9,33.6,33.6,33.9,34.3,34.4,34.2,34.3,34.8,34.2,34.0,34.4,34.1,33.9,34.2,34.0,34.0,34.1,34.3,34.3,33.9,33.9,34.4,34.1,34.1,33.9,33.8,33.9,34.3,34.1,34.1,34.1,34.0,34.2,34.0,34.3,34.0,34.3,34.3,34.7,34.5,33.6,33.9,33.8,34.0,33.8,33.9,34.0,34.2,33.8,34.1,34.3,34.7,34.2,34.1,34.1,34.1,34.0,34.0,34.1,34.2,34.1,33.9,33.9,34.1,34.1,34.0,33.9,34.2,34.1,34.1,34.6,34.5
1785310669.877411,816,34.0,33.6,33.6,33.9,33.4,33.4,33.3,33.4,33.2,33.5,33.2,33.2,33.3,33.5,33.1,33.7,32.9,33.0,33.4,33.3,33.1,33.3,32.8,33.4,33.1,33.6,33.6,33.9,33.5,33.5,33.3,33.7,34.4,33.5,34.2,34.0,33.5,33.3,33.4,33.0,33.2,33.0,33.6,33.3,33.1,32.9,33.3,33.2,33.4,33.1,33.3,33.6,33.4,33.2,33.3,33.3,33.2,32.9,33.7,33.8,33.6,33.4,33.8,33.6,33.4,33.9,33.6,34.1,33.1,33.8,33.2,33.5,32.8,33.5,32.8,33.6,33.2,33.6,33.2,33.6,32.7,33.3,33.1,33.5,33.1,33.1,33.3,33.4,33.3,33.7,32.9,33.8,33.2,33.8,33.7,33.9,33.6,33.5,34.1,34.1,33.4,33.1,33.4,33.2,33.3,32.6,33.6,33.4,33.0,32.8,33.1,33.2,33.4,33.1,33.2,33.4,33.4,33.0,33.3,33.5,33.6,33.1,33.2,33.6,33.3,33.4,33.5,33.7,33.4,33.6,33.4,34.0,33.3,33.3,33.0,33.4,33.0,33.2,33.0,33.1,32.8,33.1,33.3,33.1,33.2,33.3,33.0,33.6,32.7,33.4,33.1,33.7,33.3,33.5,33.4,33.6,33.2,33.6,33.3,33.7,33.5,33.2,34.2,33.9,33.8,33.2,33.3,33.2,33.2,33.0,33.3,33.2,33.3,33.0,33.3,33.3,33.3,32.8,33.3,33.3,33.5,32.9,33.1,33.2,33.5,33.1,33.1,33.4,33.5,33.1,33.5,33.4,33.7,33.4,33.6,33.9,33.4,33.9,33.5,33.2,32.9,33.3,33.3,33.4,33.0,33.1,33.1,33.8,32.7,33.4,33.1,33.5,33.1,33.3,33.2,33.2,33.2,33.0,33.4,33.6,33.3,33.3,33.5,33.9,33.6,33.4,33.9,33.8,33.4,33.2,33.3,33.2,33.2,32.9,33.4,33.0,33.1,32.9,33.0,33.2,33.1,32.9,33.4,33.4,33.6,33.0,33.3,33.1,33.3,33.0,33.4,33.7,33.4,33.2,33.6,33.7,33.6,34.0,33.0,33.7,33.5,33.3,33.3,33.5,33.1,33.2,33.2,33.4,33.2,33.5,33.2,34.5,33.2,34.0,33.0,33.8,33.5,34.0,33.8,33.6,32.9,33.3,33.2,33.7,33.0,33.4,33.6,33.8,33.7,33.3,33.6,33.7,33.8,33.2,33.7,33.7,33.7,33.1,33.8,33.3,33.7,33.3,34.3,33.6,34.5,33.7,34.2,34.2,34.4,34.7,34.3,34.1,33.7,33.2,33.7,33.5,34.0,33.1,33.5,33.6,33.2,33.5,33.4,33.5,33.5,33.9,33.1,34.6,33.6,33.9,33.2,34.2,33.7,34.3,34.3,35.0,35.3,34.8,34.8,34.5,34.4,34.6,34.3,34.2,33.2,34.0,33.5,34.2,33.5,33.9,33.7,34.0,34.0,32.9,33.9,33.5,33.6,33.3,34.9,34.1,34.9,33.6,34.7,34.2,34.7,34.1,34.8,34.9,34.7,34.7,34.0,34.1,34.2,34.1,34.0,33.9,34.3,33.7,34.3,33.8,33.9,33.2,33.7,33.6,33.5,33.7,33.8,34.2,33.6,34.1,34.4,35.6,35.3,35.1,34.6,34.9,34.2,34.3,35.0,34.8,34.7,34.7,34.3,34.4,33.9,33.9,34.0,34.3,34.3,34.2,34.4,34.1,34.0,34.1,34.2,34.4,34.0,33.2,33.7,33.5,33.9,33.7,35.1,34.8,35.5,35.0,34.7,34.5,34.6,34.3,34.6,34.9,34.4,34.5,34.4,33.9,34.1,33.6,34.4,34.3,34.3,34.1,34.1,34.3,34.3,33.5,33.9,34.3,33.5,33.9,33.6,34.0,33.7,33.8,34.2,34.9,34.8,34.8,34.5,35.0,34.7,34.7,34.8,34.7,34.4,34.5,34.2,34.4,33.8,33.9,34.0,34.3,34.0,34.1,33.8,34.1,33.7,34.1,34.2,34.2,33.7,33.7,33.6,33.8,33.6,33.5,34.0,34.3,34.0,34.3,34.4,34.9,34.8,34.3,34.4,34.5,34.6,34.3,34.0,34.3,33.8,33.8,34.1,34.4,34.5,33.7,34.3,34.4,33.9,33.8,34.3,34.8,33.5,33.5,32.8,34.1,33.6,33.6,34.0,34.2,34.1,34.6,34.1,34.5,34.3,34.3,34.5,34.7,34.2,34.2,34.2,33.9,33.7,33.7,34.0,34.1,34.1,34.3,34.2,34.5,34.0,33.8,34.2,34.4,33.5,33.6,33.5,34.0,33.8,33.2,33.8,33.6,33.9,33.7,34.2,34.6,34.5,nan,34.1,34.3,34.3,34.0,33.9,33.6,33.9,33.6,34.1,34.1,34.1,33.8,34.1,34.6,34.1,33.7,34.3,34.7,33.5,33.7,33.6,33.8,33.4,33.8,34.0,34.0,33.2,33.7,34.1,34.6,34.0,34.5,34.0,34.2,33.4,34.0,33.8,33.9,33.7,34.0,33.7,33.8,33.7,33.9,34.0,34.7,33.8,34.4,34.1,34.6,33.7,33.9,33.9,33.8,33.8,33.5,33.5,33.8,33.7,33.5,33.7,34.2,35.1,34.1,34.3,34.3,34.0,33.3,34.1,33.8,33.8,33.8,33.9,33.9,34.2,33.6,34.3,34.2,34.3,33.7,34.2,34.0,33.8,34.3,33.6,34.4,33.4,33.7,33.7,34.0,33.4,33.6,34.1,34.1,34.5,35.0,35.1,35.2,34.4,34.7,34.1,34.8,33.9,34.2,33.9,33.9,33.9,34.1,34.2,34.4,34.2,33.9,34.2,34.3,33.7,33.2,34.2,34.2,33.6,33.5,33.8,34.0,33.7,33.7,34.5,34.2,34.5,34.6,34.6,35.3,34.8,34.5,34.8,35.5,34.8,34.1,34.0,34.2,34.0,34.0,33.9,34.2,33.8,33.8,34.5,34.6,33.7,33.8,33.7,34.1,33.3,33.8,34.0,34.0,33.9,33.9,34.1,34.1,34.1,34.3,34.4,34.1,33.9,34.3,34.4,35.0,35.0,35.0,34.6,34.2,33.7,33.9,34.1,34.2,34.1,34.3,34.2,34.5,33.8,33.6,34.0,33.6,33.8,33.7,33.8,34.1,34.0,33.5,34.0,34.3,34.2,34.0,34.0,33.9,33.8,34.0,34.3,34.7,34.5,34.1,34.1,34.3,34.1,33.6,34.3,33.8,33.9,33.9,34.6,34.7
1785310672.4194887,817,34.1,33.6,33.6,33.9,33.8,33.4,33.7,33.6,33.0,33.3,33.2,33.6,33.1,33.0,33.3,33.3,33.0,32.8,33.3,33.5,33.7,33.4,33.2,33.4,33.3,33.2,33.4,33.2,33.5,33.3,33.3,33.9,34.4,33.5,34.0,33.8,33.5,33.5,33.8,33.5,33.4,33.1,33.3,33.1,32.9,33.1,33.0,33.4,33.1,33.3,33.5,33.1,33.2,33.2,33.3,33.3,33.1,33.3,33.5,33.6,33.6,33.2,33.5,34.1,33.9,33.7,33.8,33.9,33.8,33.6,33.9,33.7,33.4,33.1,32.8,33.6,33.0,33.1,32.9,33.3,32.9,33.3,33.1,33.5,33.5,33.0,33.2,33.1,33.5,33.1,33.3,33.6,33.8,33.8,33.2,33.9,33.6,33.7,33.9,33.5,33.4,33.7,33.6,33.6,33.1,33.0,33.0,33.1,32.8,32.8,33.5,33.2,33.1,33.1,33.4,33.2,33.2,33.4,33.4,33.1,33.4,33.3,33.4,33.5,33.3,33.2,33.8,33.1,33.6,34.0,33.7,33.5,33.3,33.3,33.6,33.8,33.0,32.9,32.7,33.3,33.0,32.7,32.6,33.1,32.9,33.0,32.8,33.3,33.2,33.1,33.1,33.2,33.3,33.3,33.2,33.4,33.2,33.2,33.6,33.9,33.5,33.7,34.0,33.7,33.6,33.5,33.7,33.4,33.2,33.0,33.0,32.9,33.1,32.8,33.3,32.7,32.9,33.2,33.1,33.5,33.2,33.3,33.2,33.2,33.2,33.1,33.3,33.6,33.1,33.5,33.5,33.2,33.9,33.4,33.4,33.7,33.4,33.1,33.2,33.8,33.3,33.1,33.2,33.2,33.1,33.1,33.0,33.6,33.2,33.2,33.3,33.2,33.2,33.2,33.1,32.7,33.0,33.2,33.4,33.8,33.7,33.2,33.3,33.4,33.6,33.4,33.3,33.6,33.0,33.2,33.5,33.3,33.6,33.2,33.4,33.3,33.1,33.2,34.0,33.6,33.6,33.4,34.0,33.6,33.7,33.2,33.6,33.5,33.8,33.5,33.8,33.2,32.8,33.2,33.4,33.5,33.4,33.6,33.0,33.5,33.3,33.5,33.3,33.5,33.9,34.2,33.7,33.7,33.5,33.7,33.8,34.3,34.5,34.5,34.9,35.0,34.6,34.5,34.6,35.5,34.4,34.1,33.4,33.5,33.2,33.5,33.2,33.4,33.5,33.7,33.6,33.7,33.6,33.2,33.7,33.5,34.2,34.6,35.1,34.2,34.1,33.9,34.5,34.2,34.4,34.7,35.2,34.9,34.2,34.7,34.5,34.9,34.3,34.2,33.9,33.5,33.7,33.5,33.7,33.6,33.6,33.7,33.8,33.7,33.3,33.1,33.4,33.9,34.6,34.8,35.7,35.8,34.2,34.4,34.3,34.7,34.8,34.5,34.5,34.7,34.4,34.2,33.9,34.0,33.9,33.8,33.8,34.2,33.9,34.3,33.7,33.8,33.3,33.5,33.3,33.7,33.1,33.3,33.7,33.9,34.4,35.0,35.6,35.4,34.4,34.9,34.5,34.4,34.3,34.4,34.8,34.4,34.1,34.3,33.7,33.7,34.2,34.0,34.3,33.9,34.3,33.9,33.9,33.8,33.9,33.5,33.6,33.6,33.4,33.2,33.3,33.5,34.1,34.0,34.6,34.8,34.5,34.0,34.5,34.7,34.5,34.0,34.5,34.6,34.2,33.9,33.7,34.2,34.1,33.7,33.8,33.8,33.7,33.7,33.5,34.0,33.2,33.4,33.7,33.5,33.0,33.5,33.8,33.3,33.5,33.9,34.3,34.4,33.8,34.1,34.1,34.5,34.4,34.6,34.6,34.3,33.9,33.6,33.9,33.6,33.8,34.1,34.1,33.6,33.7,33.7,33.7,34.1,33.5,33.5,33.4,33.6,33.5,33.5,33.5,34.0,33.6,33.6,34.0,34.3,34.0,34.2,34.2,34.4,34.5,34.4,34.3,34.4,34.0,33.7,34.0,33.8,34.1,33.6,34.2,34.3,34.2,33.9,34.2,34.6,33.0,33.9,33.8,33.6,33.3,33.5,33.6,33.5,33.4,33.5,33.7,34.1,34.1,34.0,33.8,34.2,34.0,34.3,34.2,34.5,33.8,34.0,33.9,33.8,33.9,33.9,34.5,34.6,34.1,34.1,34.5,34.4,33.5,33.3,33.2,33.7,33.6,33.4,33.7,33.7,33.2,33.6,33.3,33.8,34.3,33.7,34.0,34.4,33.7,33.4,33.7,33.5,33.7,33.7,33.6,33.6,33.8,33.4,34.0,34.1,34.2,34.0,34.1,34.2,33.5,33.4,33.3,33.4,33.8,33.4,33.4,33.6,33.0,33.6,33.2,33.6,33.8,nan,34.6,34.3,33.8,34.0,33.4,33.7,34.3,33.4,34.1,33.9,33.7,33.9,34.0,33.7,33.8,34.1,34.1,34.3,34.0,33.5,33.2,33.6,33.6,33.4,33.6,33.8,33.7,33.8,33.6,33.8,34.0,33.9,35.0,35.3,34.3,34.7,34.5,35.0,34.5,35.2,34.1,34.6,33.7,33.6,33.8,33.9,34.0,33.8,34.1,34.4,33.5,33.9,33.5,33.6,33.2,33.7,33.2,33.3,33.4,33.4,33.6,33.9,33.7,34.0,34.4,35.1,34.8,34.8,34.8,34.7,34.8,34.8,34.6,34.1,33.9,33.5,33.9,34.0,33.7,34.1,34.2,34.3,33.8,33.4,33.4,34.2,33.6,33.3,33.5,33.7,33.8,33.2,34.1,34.1,33.8,33.9,33.8,34.2,34.0,33.7,33.9,34.2,34.3,34.0,34.6,34.3,33.9,33.9,34.0,34.1,34.2,33.7,34.0,34.5,33.0,33.4,33.6,33.6,33.4,33.7,33.7,34.0,33.3,33.7,33.9,33.5,33.8,34.1,34.3,33.8,33.8,33.8,33.9,33.8,33.7,33.9,34.2,34.4,33.6,33.8,33.7,33.8,33.4,34.0,34.3,34.2,33.7,33.3,33.5,33.5,33.5,33.4,33.6,33.8,33.7,33.7,33.2,33.8,33.9,33.8,33.9,33.8,33.9,33.8,33.9,34.1,33.9,33.6,33.9,33.9,33.7,33.7,34.1,33.8,34.1,33.6,34.2,34.3,33.1,33.6,33.4,33.6,33.6,33.5,33.9,33.7,33.4,33.5,33.6,34.0,33.6,33.6,34.0,33.6,33.6,33.8,34.1,33.8,33.9,33.6,33.9,33.9,34.1,33.7,34.1,34.0,33.7,34.1,34.6,34.2
1785310675.1017692,818,33.8,33.4,33.9,33.9,33.8,33.9,33.1,33.2,33.0,33.1,33.2,33.2,33.5,32.9,33.3,33.1,33.1,33.0,33.1,33.2,33.3,33.2,33.2,33.6,33.3,33.2,32.9,33.4,33.7,33.3,33.3,33.7,33.4,33.5,33.3,33.8,33.3,33.3,33.4,32.8,33.2,33.3,33.1,33.1,33.1,33.1,33.0,33.1,33.1,33.3,33.5,32.9,33.2,33.4,33.1,33.1,33.3,33.1,33.0,33.1,33.4,33.2,32.8,33.6,33.7,33.9,33.3,33.8,33.6,33.4,33.3,33.3,33.0,32.9,32.6,33.2,32.9,32.7,32.7,32.9,32.9,33.3,32.9,33.1,33.1,32.8,33.4,33.1,33.1,33.1,33.1,33.2,33.6,33.1,33.0,33.4,33.4,33.5,33.4,33.5,33.0,33.5,33.2,33.2,33.5,33.2,32.9,32.9,33.2,32.8,33.0,33.2,33.1,33.2,33.0,33.4,33.4,33.2,33.1,32.8,33.4,33.1,33.0,33.3,33.3,33.0,32.9,33.5,33.6,33.6,32.6,33.8,33.3,33.1,33.2,33.2,32.7,32.7,33.0,33.0,33.0,33.1,32.6,32.7,33.2,33.1,32.8,33.1,33.2,33.2,32.9,33.3,33.3,33.3,33.0,33.4,33.2,33.8,33.1,33.3,33.7,33.5,33.3,33.0,33.4,33.3,33.3,33.4,33.0,33.2,33.0,32.9,33.1,33.3,33.1,33.2,32.9,33.2,33.1,33.1,33.0,32.9,33.1,33.1,33.2,33.3,32.9,33.6,33.1,32.7,32.8,33.0,33.7,33.4,33.2,33.5,33.4,33.3,33.4,33.2,33.3,33.5,33.0,33.2,33.3,33.4,33.8,33.6,34.3,34.0,34.4,34.2,34.5,34.0,34.4,33.8,33.2,33.0,33.6,33.3,33.1,33.2,33.3,33.4,33.4,32.9,33.5,33.4,33.4,33.5,33.5,33.5,33.4,33.2,33.2,33.0,33.4,33.9,33.9,34.5,34.2,35.0,34.7,34.6,34.6,35.0,34.6,34.8,33.8,33.7,33.1,33.4,33.2,33.6,33.0,32.9,33.4,33.6,33.0,33.7,33.3,33.1,33.8,34.2,35.2,34.9,34.4,34.1,34.3,34.0,34.3,34.8,34.9,35.0,34.1,34.3,34.1,34.0,33.8,34.3,33.9,33.6,33.8,33.9,34.3,33.8,33.6,33.9,32.9,33.3,33.2,33.3,33.6,33.4,33.7,34.2,35.4,35.8,34.6,34.7,33.9,34.4,34.5,34.4,34.7,34.5,34.4,34.3,33.8,33.8,34.0,33.7,34.0,33.8,33.9,34.2,33.8,33.7,33.7,34.2,33.4,33.3,33.2,33.3,33.1,33.4,33.4,33.9,35.3,35.3,34.7,34.8,34.6,34.5,34.1,34.7,34.5,34.7,34.2,34.2,33.7,33.7,33.4,33.8,33.7,33.8,34.0,34.2,34.0,33.9,33.7,33.8,33.3,33.1,33.3,33.5,33.3,33.1,33.7,33.9,34.9,35.0,34.7,34.2,34.3,34.4,34.2,34.6,34.3,34.4,34.1,34.1,33.8,33.6,33.3,33.7,34.0,33.4,33.4,33.7,34.3,33.7,33.5,33.4,33.5,33.1,33.2,33.6,33.8,33.4,33.2,33.7,33.8,34.1,34.1,34.3,34.0,34.0,34.5,34.5,34.4,34.4,34.0,34.1,33.7,33.6,33.8,33.8,34.3,33.9,33.7,33.8,34.0,33.7,33.7,34.0,33.4,33.4,33.1,33.3,33.5,33.5,33.6,33.3,33.7,33.9,34.3,34.1,33.8,34.0,33.9,34.2,34.3,34.1,34.3,34.0,33.3,33.6,33.9,33.9,34.0,34.1,34.1,34.0,33.5,33.9,33.7,33.9,33.3,33.7,33.6,33.4,33.5,33.5,33.5,34.0,33.4,33.6,34.0,34.2,33.9,33.9,33.9,34.1,33.8,33.9,33.7,33.7,33.7,33.6,33.5,33.7,33.8,34.0,34.0,33.9,33.9,34.1,34.0,34.4,33.3,33.5,33.4,33.4,33.3,33.2,33.5,33.3,32.9,33.4,33.7,33.8,33.8,34.0,33.8,33.5,33.5,33.5,33.4,33.9,33.4,33.7,33.6,33.6,33.9,33.5,33.8,34.2,33.7,33.8,33.7,34.2,33.5,33.3,33.4,33.7,33.4,33.2,33.5,33.3,33.2,33.3,33.6,33.7,34.5,34.5,34.5,34.0,33.2,33.6,33.2,33.5,33.5,33.4,33.8,33.5,34.0,33.4,33.7,33.6,33.8,33.7,33.6,34.0,33.5,33.8,33.3,33.2,33.4,33.2,33.1,33.2,33.4,33.4,33.4,33.6,34.2,nan,34.6,34.8,34.0,34.0,33.8,33.7,33.6,33.8,33.9,33.2,33.7,33.7,33.4,33.7,33.6,33.7,33.7,33.9,33.5,33.7,33.4,33.8,33.4,33.6,33.3,33.5,33.4,33.4,33.4,33.8,33.9,34.0,34.2,34.7,34.7,34.7,35.2,35.2,35.0,34.4,33.9,33.4,33.6,33.6,33.7,33.7,34.0,33.8,33.7,34.4,33.3,33.2,33.5,33.8,33.6,33.6,33.2,33.3,33.4,33.4,33.6,33.7,33.9,33.7,34.3,34.1,34.0,34.0,34.5,34.7,34.9,35.1,34.6,34.1,33.7,33.3,33.4,33.8,33.5,33.7,33.8,34.1,33.4,33.2,33.0,33.4,33.6,33.5,33.1,33.7,33.4,33.6,33.6,33.8,33.8,33.9,33.4,33.8,33.7,33.7,33.6,33.5,34.1,34.5,33.9,34.1,33.7,33.4,33.6,33.7,34.0,33.7,33.3,34.3,33.2,33.6,33.2,33.2,33.4,33.7,33.8,33.5,33.3,33.2,33.6,33.7,33.6,33.9,33.8,34.0,33.6,33.8,33.2,33.8,33.6,33.9,34.0,33.7,33.1,33.8,33.5,33.8,33.4,33.6,34.1,33.5,33.5,33.3,33.3,33.3,33.3,33.4,33.4,33.6,33.3,33.5,33.7,33.6,33.6,33.4,33.2,33.8,33.6,33.3,33.5,34.1,33.9,33.6,33.9,33.7,34.2,33.7,33.9,33.6,33.9,33.4,34.0,34.5,33.1,33.4,33.1,33.4,32.9,33.1,33.5,33.3,33.4,33.5,33.6,33.6,34.0,33.5,33.6,33.6,33.4,33.7,33.6,34.0,33.9,33.6,33.7,33.7,33.9,33.7,33.7,33.6,33.5,33.7,34.1,34.0
1785310677.522572,819,34.4,33.5,34.2,33.7,33.7,33.8,33.6,33.5,33.1,33.6,33.3,33.1,33.0,33.4,33.4,33.0,33.1,32.7,33.2,33.3,33.2,33.3,33.1,33.5,33.8,33.5,33.3,33.5,34.0,33.6,33.4,33.8,33.7,33.6,33.9,33.6,33.4,33.6,33.3,33.4,33.1,33.2,33.0,33.0,33.3,33.4,33.1,33.2,33.4,33.2,33.1,33.6,33.1,33.1,33.4,33.4,33.2,33.2,33.1,33.7,33.7,33.5,33.2,33.9,33.3,33.8,33.9,33.5,33.7,33.5,33.4,33.0,33.1,32.8,33.1,32.9,33.1,33.0,33.0,33.0,33.4,33.2,33.2,33.0,33.4,33.4,32.9,33.3,33.6,33.2,33.0,33.1,33.1,33.4,33.1,33.1,33.5,33.6,33.3,33.8,33.1,33.4,33.3,33.3,33.1,32.9,33.0,33.0,32.7,33.1,32.7,33.1,33.2,33.2,33.1,33.2,33.5,33.3,33.2,33.4,33.3,33.0,33.1,33.6,33.4,33.3,33.2,33.6,33.5,33.4,33.6,33.2,33.2,33.4,33.3,33.3,32.9,32.8,33.1,33.1,33.3,33.0,33.1,33.0,33.2,33.1,32.9,32.7,33.2,33.0,33.2,33.1,33.2,33.0,33.1,33.5,33.1,33.7,33.2,33.8,33.3,33.3,33.7,33.8,33.3,33.4,33.4,33.3,33.3,33.1,32.9,33.1,32.9,33.1,33.0,33.3,33.1,32.9,33.2,33.2,33.3,33.2,32.7,33.3,32.9,33.2,33.0,33.2,33.0,33.2,33.1,33.3,33.6,33.8,33.7,33.8,33.5,33.6,33.3,33.3,33.4,33.2,33.3,33.1,33.4,33.2,33.2,32.9,34.0,33.3,34.0,33.3,34.4,33.4,33.8,33.0,33.4,33.0,33.3,33.2,33.4,33.4,33.6,33.1,33.7,33.2,33.2,33.5,33.1,33.5,33.4,33.4,33.0,33.3,33.0,33.3,33.2,33.5,33.2,34.3,33.2,34.8,33.0,34.7,33.5,34.6,33.1,34.4,33.2,33.4,33.2,33.3,33.3,33.5,33.5,33.6,33.3,33.5,33.1,33.6,33.6,33.2,33.9,33.6,34.5,33.5,33.8,33.3,34.3,33.3,34.6,33.6,34.9,34.6,34.2,34.7,33.9,34.3,34.2,33.7,33.8,33.4,33.7,33.3,34.1,33.4,34.5,33.3,33.6,33.8,33.1,33.6,33.2,33.5,33.3,34.7,34.3,35.5,33.2,34.3,33.5,34.3,33.6,34.7,34.5,34.8,34.6,34.5,34.3,33.7,34.9,34.0,34.3,33.6,33.3,34.1,33.9,34.2,33.2,34.1,33.7,33.6,33.3,33.0,33.4,33.3,33.9,33.6,35.7,35.2,34.8,34.4,34.3,34.5,34.4,34.6,34.7,34.5,34.3,34.5,34.1,34.1,34.0,34.1,34.0,34.1,33.8,34.1,34.0,34.0,34.0,33.5,33.4,33.4,33.2,33.4,33.4,33.4,33.5,34.2,35.0,34.9,35.3,34.7,34.5,34.6,34.3,35.0,34.5,34.7,34.6,33.9,33.9,33.9,33.9,33.8,33.8,34.0,34.0,33.8,34.2,33.7,34.0,33.7,33.6,33.4,33.3,33.3,33.5,33.5,33.4,33.8,34.0,34.9,34.2,35.0,34.3,34.6,34.3,34.8,34.6,34.5,33.9,34.3,34.0,33.8,33.8,33.9,34.0,33.8,33.8,33.9,33.9,33.6,33.6,33.7,33.7,33.3,33.0,33.4,33.3,33.6,33.3,33.6,34.3,34.0,34.6,34.3,34.5,34.2,34.0,34.6,34.2,34.4,34.2,33.9,33.7,33.4,33.7,34.0,34.1,34.3,33.7,34.3,34.2,33.8,33.4,33.8,33.8,33.8,33.7,33.4,33.4,33.4,33.6,33.6,33.5,33.9,33.9,34.4,34.4,34.0,34.0,34.6,34.2,34.6,33.8,34.2,33.6,33.8,33.6,33.8,34.4,33.9,34.0,34.0,34.3,33.8,33.7,33.5,33.6,33.6,33.5,33.7,33.4,33.6,33.4,33.6,33.3,33.5,33.8,34.2,34.2,34.1,33.9,33.9,34.1,33.8,34.1,33.8,33.5,33.6,33.8,34.1,34.1,34.0,34.0,34.1,34.0,34.1,34.0,33.9,33.6,33.6,33.7,33.6,33.7,33.1,33.4,33.4,33.5,33.4,33.6,34.1,34.4,34.0,34.1,33.8,33.6,33.8,33.3,34.1,33.6,33.8,33.4,33.4,33.9,33.9,34.0,34.4,33.9,34.1,34.0,33.7,33.4,33.3,33.4,33.7,33.5,33.5,33.5,33.7,33.3,33.7,33.3,33.8,34.1,nan,33.9,34.5,33.7,33.9,33.5,33.6,33.6,33.4,33.6,33.7,33.5,33.8,34.1,33.8,34.1,34.2,34.0,34.6,33.9,33.6,33.7,33.7,33.5,33.3,33.4,33.6,33.7,33.3,33.2,33.4,34.3,34.3,34.9,34.6,34.6,33.8,34.9,33.8,34.6,33.8,33.9,33.5,33.5,33.5,33.8,34.0,34.1,33.9,34.0,34.1,33.2,33.6,33.8,33.5,33.3,33.5,33.5,33.4,33.5,33.7,33.5,33.6,34.0,33.9,34.5,34.2,34.4,34.6,34.1,35.3,33.6,35.0,33.7,33.8,33.6,33.7,33.5,33.7,33.6,33.8,33.7,34.0,34.1,34.0,33.3,33.5,33.7,33.6,33.6,33.8,34.0,33.3,33.7,33.5,33.9,33.8,33.7,34.4,33.8,34.4,33.8,35.1,34.9,34.8,33.9,33.8,33.7,33.6,33.9,34.0,34.1,33.6,33.7,34.0,33.8,33.5,33.5,33.7,33.5,33.6,33.4,34.0,33.8,33.6,33.5,33.8,33.4,33.9,33.9,34.1,34.2,33.6,33.8,33.7,35.0,33.8,34.3,34.0,33.7,33.5,33.6,33.9,33.7,33.7,34.4,34.3,33.6,33.6,33.6,33.4,33.8,33.5,33.3,33.7,33.8,33.6,33.6,33.5,33.8,33.9,33.7,34.2,33.5,33.9,33.8,33.9,33.9,34.4,34.0,34.1,34.0,34.0,33.8,33.7,34.2,33.9,34.1,34.4,33.7,33.5,33.2,33.5,33.3,33.6,33.6,33.8,33.3,33.6,33.9,33.7,33.7,33.7,33.9,33.7,33.5,33.8,33.5,33.9,33.8,33.9,33.8,34.0,34.0,33.9,33.8,33.7,33.6,34.0,34.2,34.3
1785310680.0657554,820,34.2,34.0,33.8,34.0,33.5,33.8,33.4,33.9,33.6,33.4,33.1,33.3,33.2,33.2,33.4,33.6,32.7,33.3,33.4,33.6,33.6,33.1,33.1,33.3,33.4,33.1,33.5,33.5,33.6,33.2,33.6,33.8,34.5,33.6,33.9,33.9,33.6,33.4,33.5,33.8,33.3,33.6,33.4,33.4,33.0,33.2,33.5,33.2,33.2,33.2,33.3,33.8,33.3,33.2,33.0,33.6,33.6,33.2,33.6,33.7,33.5,33.3,33.4,33.9,33.8,34.3,33.9,33.7,33.7,33.3,33.6,34.0,33.5,33.4,32.9,33.1,32.8,33.0,33.0,33.0,33.0,32.9,33.2,33.1,33.6,32.9,33.3,33.4,33.2,32.9,33.2,33.1,33.3,33.2,33.3,33.8,34.2,34.1,33.8,33.8,32.9,33.2,33.7,33.7,33.8,33.3,33.2,33.5,32.9,32.9,33.1,33.1,33.2,33.0,33.7,33.0,33.2,33.1,33.6,33.4,33.3,33.4,33.3,33.6,33.4,33.1,33.2,33.9,34.2,34.4,33.8,33.9,33.6,33.2,33.1,33.5,33.3,33.5,33.3,33.1,33.3,33.2,33.1,33.0,33.4,32.7,32.9,33.2,33.3,33.0,33.4,33.3,33.4,33.2,33.2,33.5,33.1,33.3,33.2,33.8,34.5,34.3,33.9,33.8,33.5,33.6,33.4,33.3,33.7,33.4,33.5,33.2,33.1,32.9,33.2,33.1,32.8,33.1,33.2,33.3,33.3,33.2,33.3,33.3,33.1,33.3,33.4,33.7,33.2,33.2,33.4,33.6,33.8,34.0,33.5,33.8,33.2,33.4,33.5,33.5,33.6,33.6,33.1,33.5,33.1,33.2,33.1,33.4,33.5,32.9,33.1,33.2,33.3,33.1,33.3,33.4,33.3,33.3,33.3,33.6,33.3,33.1,33.6,33.8,33.9,33.5,33.6,33.9,33.3,33.3,33.6,33.5,33.3,33.0,33.3,33.4,33.3,33.0,33.2,33.8,33.1,33.0,33.5,33.2,33.4,33.0,33.2,33.6,33.4,32.9,33.6,33.7,33.1,33.3,33.5,33.6,33.5,33.7,33.6,33.8,32.7,33.0,33.6,33.4,33.2,33.3,33.8,34.5,33.2,33.5,33.5,33.9,33.8,34.0,33.7,34.4,34.4,34.9,34.2,34.2,33.7,33.9,33.4,33.6,32.9,33.2,33.1,32.9,33.9,33.6,33.5,33.4,33.4,33.2,33.8,33.5,33.5,33.4,34.7,34.8,34.6,33.8,34.1,34.0,34.2,34.2,34.6,35.0,35.3,35.2,34.9,34.8,35.1,34.5,34.7,33.9,33.6,33.4,33.4,33.7,33.7,33.6,33.7,33.6,33.3,33.5,33.2,33.5,33.4,33.9,34.5,35.3,35.5,35.2,34.2,34.6,34.6,34.6,34.9,35.3,34.8,34.6,34.4,33.9,34.5,34.3,34.3,34.4,33.8,33.8,34.0,33.7,33.9,33.2,33.6,33.2,33.0,33.4,33.5,33.2,33.7,33.3,34.6,35.3,35.5,35.1,34.8,34.5,34.7,34.4,34.6,34.7,34.4,34.7,34.1,34.2,33.8,34.3,34.1,34.1,34.2,33.9,34.2,34.0,33.8,33.8,33.5,33.9,33.4,33.2,33.3,33.6,33.6,33.8,34.4,34.4,34.9,34.3,34.5,34.5,34.6,34.5,34.7,35.0,34.5,34.3,34.3,34.1,33.9,33.8,34.3,34.2,34.3,33.8,34.0,34.3,33.7,33.5,33.8,33.3,33.3,33.4,33.4,33.4,33.5,33.5,33.8,34.2,34.4,34.4,34.2,34.4,34.1,34.4,34.7,34.5,34.4,34.2,34.4,34.0,34.1,34.0,34.2,33.9,34.2,33.9,34.0,34.6,33.8,33.6,33.9,33.9,33.4,33.2,33.4,33.8,33.7,33.4,33.6,34.1,34.5,34.1,34.1,33.8,34.2,34.5,34.6,34.8,34.4,34.2,33.9,33.9,33.6,33.8,34.0,34.2,33.6,33.8,34.4,34.3,33.8,33.8,33.5,33.5,33.2,33.3,33.7,33.7,33.5,33.5,33.5,34.0,33.9,33.9,34.4,34.0,34.2,34.4,34.1,34.9,34.2,34.3,33.8,34.1,33.8,34.0,33.9,34.1,34.0,34.1,34.2,34.1,33.4,33.6,33.7,33.6,33.4,33.1,33.6,33.3,33.3,33.5,33.6,33.4,33.9,34.0,34.1,34.2,34.1,34.0,34.1,34.1,33.8,33.5,34.1,33.6,33.9,33.6,34.3,34.3,34.3,34.0,34.6,34.5,33.6,33.9,33.4,33.5,33.5,33.3,33.5,33.9,33.5,33.2,33.5,33.7,33.8,nan,34.4,34.2,34.1,33.9,33.9,33.6,33.6,33.7,33.8,34.0,33.5,33.6,33.7,34.1,34.3,34.0,34.2,34.4,34.1,33.6,33.5,34.0,33.9,33.7,33.8,34.0,33.5,33.5,33.5,33.6,33.5,33.5,34.5,34.5,34.5,34.5,33.9,34.0,33.6,33.7,33.7,33.5,33.5,33.5,34.0,34.0,33.9,34.0,34.4,34.5,33.6,33.6,33.7,33.8,33.5,33.3,33.5,33.8,33.5,33.7,33.5,33.6,33.3,33.4,34.2,34.7,35.1,34.9,34.9,34.3,33.9,33.7,33.7,33.8,34.0,33.6,34.0,33.9,33.6,33.4,33.9,34.2,34.1,33.3,33.5,33.9,33.5,33.6,33.4,33.6,33.9,33.3,34.1,33.9,33.6,34.0,34.1,34.3,34.3,34.3,34.9,34.8,35.1,35.3,34.8,34.8,33.9,33.8,33.9,34.2,34.5,33.7,34.3,34.0,33.6,33.5,33.3,33.7,33.5,33.4,33.4,34.2,33.6,33.3,33.7,33.8,33.6,33.5,34.1,34.1,33.9,33.7,33.8,34.3,34.4,35.1,35.6,35.3,33.8,33.9,33.8,34.5,34.2,34.1,34.2,34.3,33.6,33.6,33.4,33.8,33.6,33.2,33.5,33.3,33.6,33.5,33.5,33.7,33.5,33.5,34.0,34.1,33.7,33.7,34.0,34.2,33.9,34.1,34.7,34.5,34.5,34.0,34.2,34.1,33.8,34.0,34.5,34.6,33.5,33.3,33.7,33.7,33.1,33.4,33.4,33.8,33.5,33.5,33.9,33.9,33.9,33.7,33.7,33.9,33.7,34.1,33.9,34.0,33.7,33.9,34.0,34.6,34.2,33.8,34.0,34.1,33.8,34.2,34.5,34.6
1785310682.614753,821,34.4,33.7,33.7,33.5,33.9,33.8,33.6,33.9,33.2,33.2,33.1,33.3,33.2,33.2,33.0,33.0,33.2,33.3,33.4,33.5,33.4,33.1,33.3,33.5,33.2,33.3,33.5,33.5,33.6,33.0,33.4,33.5,34.0,33.6,33.6,33.4,33.4,33.6,33.5,33.8,33.1,33.0,33.0,33.4,33.2,33.2,33.5,33.4,33.2,33.2,33.3,33.2,32.9,33.2,33.0,33.6,33.6,33.4,33.4,33.0,33.3,33.3,33.2,33.7,34.3,33.6,33.2,33.5,33.7,33.7,33.4,33.4,33.3,33.2,33.1,33.3,33.0,33.2,33.2,33.0,32.7,33.2,33.2,33.4,33.2,33.1,33.1,33.2,33.4,33.2,33.0,33.3,33.5,33.4,33.3,33.6,33.7,33.6,33.5,33.8,33.6,33.2,33.3,33.7,32.9,32.9,33.2,32.8,33.1,32.9,33.3,33.1,33.0,33.2,33.1,33.0,33.0,32.8,33.4,33.1,33.1,33.2,33.3,33.2,33.4,33.1,33.4,33.4,34.2,33.9,33.3,33.7,33.4,33.4,33.7,33.7,33.0,33.2,32.8,32.9,33.1,33.0,33.1,33.2,33.0,33.1,33.1,33.2,33.2,33.2,33.2,33.6,33.4,33.6,33.3,33.3,33.3,33.1,33.0,33.4,33.6,33.8,33.7,33.1,33.5,33.6,33.4,33.9,33.1,33.3,33.3,33.0,32.7,32.9,33.0,33.1,33.3,32.6,33.2,33.3,33.3,32.7,33.3,33.5,33.1,33.3,33.2,33.5,33.4,33.2,33.1,33.3,33.8,33.3,33.3,33.8,33.4,33.6,33.1,33.3,33.2,33.4,32.9,33.5,33.2,33.1,33.1,33.1,33.2,33.2,32.9,33.3,33.3,32.9,33.0,33.5,33.3,33.5,33.1,33.6,33.3,33.3,33.4,33.5,33.3,33.5,33.2,33.5,33.5,33.5,33.8,33.1,33.2,33.2,33.0,33.3,33.2,33.0,33.5,33.4,33.2,33.2,34.0,33.5,33.5,33.1,33.6,33.2,33.0,32.9,33.2,33.3,33.1,33.1,33.7,33.2,33.7,33.5,33.2,33.8,33.2,33.4,33.2,33.6,33.9,33.8,33.7,33.5,33.5,34.0,33.3,34.4,33.9,35.1,34.7,35.1,34.7,34.4,34.4,35.3,34.3,33.7,33.2,33.5,33.3,33.6,33.5,33.3,33.6,33.6,33.5,33.4,33.2,33.2,33.5,33.7,34.6,34.6,34.6,34.5,34.3,33.8,34.4,34.3,34.5,34.5,34.9,35.2,34.0,34.4,34.8,35.2,34.3,34.5,34.0,33.9,33.4,33.2,33.6,33.5,33.7,33.2,33.3,33.2,33.3,33.5,33.4,34.0,34.2,35.4,35.5,35.1,34.6,34.5,34.4,34.6,34.9,34.6,34.6,34.3,34.2,34.0,33.7,33.8,34.2,34.1,33.8,34.3,33.8,33.8,33.8,33.9,33.5,33.2,33.2,33.4,33.4,33.2,33.7,33.5,34.7,34.8,35.1,35.3,34.4,34.3,34.6,34.7,34.8,34.7,34.5,34.4,33.9,33.9,33.9,34.2,33.9,34.0,34.1,34.0,33.8,33.9,33.8,34.0,33.6,33.4,33.1,33.9,33.9,33.3,33.6,33.8,33.9,34.4,34.7,34.7,34.3,34.1,34.3,34.8,34.8,34.5,34.4,34.0,34.3,34.0,33.9,34.1,33.9,33.8,33.8,33.9,34.1,33.6,33.8,34.1,33.7,33.1,33.6,33.3,33.1,33.4,33.7,33.4,33.6,33.6,34.3,34.2,34.1,34.1,34.2,34.3,34.2,34.7,34.2,34.5,33.6,33.7,33.9,33.7,33.9,33.5,33.9,33.8,33.5,33.7,34.0,34.4,33.6,33.4,33.5,33.7,33.4,33.4,33.4,34.0,33.7,33.4,33.9,34.3,34.1,33.8,34.1,34.5,34.7,34.3,34.3,34.3,33.9,33.5,33.6,33.8,33.9,34.1,34.0,34.2,33.8,33.6,33.8,33.9,33.4,33.8,33.5,33.9,33.4,33.5,33.9,33.7,33.3,33.3,33.9,34.2,33.9,33.8,33.9,34.1,34.2,34.3,34.1,34.3,33.4,33.9,33.8,33.9,33.8,33.6,34.2,34.8,33.8,33.7,34.2,33.9,34.0,33.6,33.1,33.6,33.2,33.3,33.4,33.8,33.7,33.4,33.4,33.8,34.3,34.3,33.8,34.0,33.5,33.5,33.6,33.7,33.8,33.5,33.8,33.7,33.9,33.7,34.0,34.4,34.5,34.1,34.0,34.3,33.0,33.1,33.4,33.3,33.9,33.3,33.7,33.7,33.1,33.5,33.5,33.5,33.9,nan,34.4,34.1,33.4,33.1,33.2,33.4,33.4,33.7,33.7,33.7,33.7,33.6,33.9,33.8,34.1,33.6,34.0,34.2,33.7,33.4,33.3,33.8,33.5,33.5,33.4,33.8,33.5,33.5,33.4,34.1,33.5,34.5,34.8,35.1,34.5,34.1,33.8,34.3,33.8,34.0,33.7,33.9,33.7,33.5,33.4,34.0,33.7,33.8,34.2,34.3,33.2,33.4,33.7,33.8,33.3,33.3,33.3,33.8,33.5,33.7,33.9,33.6,34.0,34.1,35.2,35.2,35.1,34.9,35.1,34.8,34.1,33.7,33.8,33.8,33.8,33.6,33.9,33.4,33.8,33.8,33.9,34.0,33.5,33.3,33.5,33.5,33.7,33.2,33.2,34.2,33.7,33.5,33.5,34.1,33.7,33.8,33.7,33.9,34.3,33.9,34.4,35.1,35.4,35.3,34.8,34.0,33.7,33.8,33.5,34.2,34.1,33.7,34.1,34.2,33.1,33.5,33.5,33.3,33.5,33.4,33.6,33.8,33.6,33.7,34.1,33.8,33.9,33.9,34.4,33.9,33.6,33.7,34.0,34.3,34.9,35.2,34.7,34.5,33.6,33.7,34.0,33.5,33.4,33.5,34.2,34.1,33.6,33.2,33.4,33.6,33.6,33.4,33.7,33.9,33.6,33.5,33.5,34.0,33.9,33.3,33.9,34.3,33.9,33.7,33.8,34.1,34.0,34.3,34.2,34.0,34.3,33.4,34.2,33.9,34.0,34.0,34.1,34.4,33.0,33.5,33.5,33.5,33.3,33.4,33.6,33.4,33.2,33.5,34.1,33.7,33.9,33.6,34.1,33.5,33.4,33.8,33.9,34.1,33.7,33.7,34.2,34.2,33.8,34.0,33.6,33.9,33.8,33.6,34.2,34.1
1785310685.159421,822,34.1,33.6,33.7,33.9,33.6,33.4,33.3,33.8,33.3,33.3,33.0,33.4,33.3,33.1,33.3,33.1,33.0,33.0,33.1,33.5,33.3,33.4,33.2,33.4,33.3,33.0,33.4,33.4,33.5,33.3,33.3,33.9,33.6,33.8,34.0,34.0,33.5,33.7,33.0,33.3,33.2,33.1,33.1,33.1,33.1,33.3,33.4,33.3,33.1,32.9,33.4,33.1,33.0,33.2,33.3,33.5,33.5,33.5,33.5,34.0,33.6,33.4,33.6,34.1,33.5,33.9,33.6,33.6,34.0,33.6,33.3,33.3,33.2,33.1,33.0,33.4,33.2,33.3,33.1,33.3,33.1,33.1,32.9,33.5,33.5,33.2,33.6,33.3,33.1,33.3,33.5,33.6,33.6,33.3,33.2,33.5,33.4,33.8,33.7,33.5,33.2,33.7,33.6,33.4,33.2,33.0,33.1,33.4,33.0,33.0,33.1,33.2,33.1,33.1,33.0,33.4,33.1,33.2,33.6,33.3,32.9,33.5,33.2,33.7,33.3,33.4,33.6,33.5,33.6,33.6,33.5,33.5,33.3,33.7,33.4,33.6,33.2,33.1,32.7,33.2,33.0,32.9,33.2,33.1,33.3,33.0,33.2,33.1,33.2,33.3,33.4,33.0,33.1,33.1,33.2,33.4,33.4,33.2,33.4,33.5,34.2,33.3,33.6,33.9,33.4,33.7,33.5,33.6,33.2,33.2,33.2,33.2,32.8,33.3,32.9,33.5,33.2,33.0,33.1,33.2,33.0,33.3,33.5,33.2,32.8,33.3,33.3,33.6,33.1,33.3,33.5,33.5,34.4,33.7,33.2,33.7,33.3,33.7,33.4,33.6,33.5,33.3,33.2,32.9,33.1,32.8,33.0,33.2,33.2,32.9,33.1,33.4,33.2,33.2,33.2,33.3,33.2,32.9,33.0,33.3,33.2,33.0,33.5,33.4,33.6,33.6,33.5,33.4,33.0,33.6,33.6,33.7,33.2,33.1,33.1,33.3,32.9,33.1,33.1,33.3,33.0,33.3,33.2,33.6,33.3,33.0,33.3,33.0,33.1,33.5,33.4,33.4,33.4,33.6,33.2,33.7,33.8,33.8,33.5,33.9,33.9,33.3,33.5,33.8,33.1,33.2,33.3,33.4,33.5,33.4,33.2,33.5,33.7,33.7,34.1,34.3,34.2,34.2,34.3,34.1,33.7,33.6,33.4,33.7,33.0,33.3,33.4,33.2,33.7,33.7,34.0,33.5,33.4,33.3,33.6,33.6,33.9,33.6,33.3,33.4,33.1,33.3,33.7,33.4,34.1,34.1,34.7,35.1,34.6,34.6,34.8,35.4,34.7,34.2,33.7,33.5,33.7,33.7,33.7,33.8,34.0,33.7,33.6,33.7,33.2,33.6,33.4,33.9,33.8,33.9,34.1,34.2,33.5,33.9,34.3,34.2,34.7,34.7,35.0,34.7,34.4,34.0,34.0,34.2,33.9,34.0,34.0,34.2,34.2,33.7,34.1,34.0,33.8,33.3,33.3,33.3,33.5,33.8,33.6,33.4,34.4,34.3,35.0,35.0,34.3,34.1,34.2,34.7,34.3,35.0,35.0,34.6,33.9,34.0,33.7,34.2,34.2,33.9,33.8,34.0,34.1,33.9,33.7,33.9,34.1,33.5,33.6,33.4,33.5,33.2,33.5,33.7,34.1,34.5,35.6,35.1,34.5,34.4,34.5,34.5,34.9,34.7,34.6,34.7,34.5,33.9,34.0,33.8,34.1,34.0,33.9,33.8,33.9,33.5,34.1,33.8,33.4,33.4,33.5,33.6,33.4,33.3,33.6,33.6,34.0,34.7,35.0,35.4,34.5,34.6,34.4,35.0,34.4,34.9,34.6,34.9,33.9,34.1,33.9,33.9,33.8,33.9,33.9,34.0,33.7,33.6,33.3,34.1,33.5,33.7,33.4,33.5,33.5,33.5,33.5,33.9,33.9,34.0,34.2,34.7,34.2,34.4,34.4,34.4,34.4,34.5,34.7,34.4,34.2,33.9,34.0,33.8,34.0,34.0,34.0,34.3,34.1,33.7,34.1,34.0,33.3,33.5,33.6,33.8,33.3,33.4,33.8,33.5,33.6,33.7,33.9,34.3,34.0,34.1,34.1,34.5,34.5,34.6,34.7,34.5,33.9,34.3,33.7,34.1,33.9,34.0,34.1,34.6,34.1,34.3,34.3,34.8,33.7,33.7,33.8,33.9,33.3,33.0,33.3,33.5,33.6,33.3,33.7,33.7,34.3,34.0,34.0,34.1,34.2,33.9,33.9,34.4,34.0,33.6,33.8,33.8,33.8,33.6,34.2,34.0,34.0,34.0,34.1,34.2,33.3,33.6,33.5,33.4,33.2,33.4,33.6,33.6,33.2,33.7,33.2,33.7,34.3,nan,33.9,34.1,33.8,33.8,33.8,33.7,33.6,33.8,33.7,33.8,33.4,33.7,34.0,34.0,33.8,34.1,33.9,34.3,34.0,33.5,33.8,33.7,33.3,33.4,33.7,33.9,33.4,33.4,33.4,33.8,33.7,33.9,34.4,34.5,34.2,33.7,34.0,33.9,33.9,33.9,33.8,33.8,33.8,33.4,33.9,33.6,33.8,33.7,34.1,34.2,33.1,33.7,33.7,33.9,33.4,33.8,33.4,33.7,33.4,33.7,33.6,33.7,33.5,33.7,34.8,34.8,34.5,34.8,34.5,34.4,34.0,33.8,33.9,33.7,33.7,33.5,33.9,34.2,33.5,33.7,34.0,34.1,33.8,34.1,33.2,33.8,33.8,33.5,33.5,33.9,33.8,33.2,33.8,33.8,33.8,33.9,34.1,34.5,34.7,34.5,34.6,35.0,35.2,34.9,35.2,34.6,34.1,33.5,33.6,33.9,34.2,33.5,34.4,34.3,33.5,34.1,33.6,34.0,33.6,34.1,33.5,33.7,33.9,33.6,33.8,34.0,33.4,33.8,34.1,34.2,34.3,34.0,34.3,34.3,34.6,34.8,35.5,35.2,34.2,34.2,33.9,34.0,33.6,33.8,34.3,34.4,33.9,33.5,33.3,33.9,33.7,33.7,34.0,33.6,33.9,33.7,33.7,33.9,34.1,33.8,34.1,34.1,33.8,33.6,34.1,34.0,33.6,33.8,34.3,34.6,34.1,33.7,34.1,34.2,34.1,33.9,34.0,34.3,33.4,33.7,33.6,34.1,33.6,33.5,33.7,33.9,33.4,33.7,33.4,34.0,33.8,33.8,34.0,34.1,34.0,34.2,33.8,34.2,33.9,33.8,33.9,34.1,33.9,34.0,33.9,34.2,33.7,33.9,34.4,34.7
1785310687.7146287,823,34.0,33.9,34.1,33.4,34.0,33.4,33.7,33.4,33.4,33.5,33.5,33.6,33.3,33.1,33.4,33.5,33.1,33.3,33.3,33.5,33.5,33.0,33.1,33.6,33.3,32.9,33.6,33.4,33.5,33.8,33.5,33.9,33.9,33.8,33.5,33.8,33.5,33.5,33.6,33.7,33.0,33.4,33.1,33.3,33.0,33.2,33.2,33.2,33.1,33.3,33.3,33.3,33.2,33.4,33.3,33.3,33.2,33.5,33.4,34.0,33.8,33.2,33.5,33.8,33.7,34.2,34.0,33.8,33.4,33.6,33.4,33.5,33.2,32.9,33.1,33.4,33.2,33.2,33.1,33.3,33.3,33.1,33.1,33.3,33.3,33.3,33.5,33.2,33.5,33.1,33.5,33.4,33.4,33.3,33.7,34.1,32.9,33.7,33.7,34.1,33.2,33.5,33.4,33.4,33.1,33.0,33.0,33.2,33.0,33.2,33.0,33.2,33.2,33.4,33.4,33.2,33.2,33.4,33.3,33.3,33.2,33.2,33.2,33.4,33.3,33.8,33.3,34.0,33.4,33.6,33.7,34.2,33.7,33.7,33.2,33.6,33.0,33.0,33.0,33.0,33.5,33.2,33.5,33.4,33.2,33.3,33.3,33.6,33.2,33.1,33.6,33.3,33.3,33.1,33.2,33.8,33.6,33.4,33.6,33.7,33.5,33.7,33.5,33.9,33.4,33.2,33.6,33.5,33.0,33.2,33.2,33.2,32.9,33.1,33.3,33.5,33.5,33.3,33.3,33.5,33.1,33.1,33.1,33.4,33.3,33.1,33.1,33.6,33.5,33.5,33.2,33.6,34.1,33.4,33.8,33.7,33.8,33.5,33.9,33.7,33.1,33.3,33.2,33.0,33.1,33.1,33.0,33.5,33.2,33.1,33.6,33.5,33.6,33.2,33.2,33.4,33.3,33.2,33.5,33.6,33.5,33.5,33.5,33.4,33.8,34.0,33.5,33.8,33.6,33.5,33.8,33.5,33.0,32.9,33.1,33.0,32.9,32.9,33.0,33.4,33.0,33.2,33.1,33.3,33.1,33.0,33.1,33.6,33.3,33.5,33.4,33.7,33.4,33.2,33.4,33.7,33.6,33.6,33.2,33.3,33.5,33.5,33.4,33.8,33.2,33.4,33.2,33.1,33.0,33.1,33.0,33.3,33.0,33.1,33.5,33.3,33.2,33.2,33.1,33.5,33.0,33.1,33.1,33.3,33.2,33.3,34.0,33.4,33.7,33.9,33.6,33.3,33.2,33.4,33.5,33.5,33.4,33.5,33.1,33.7,32.9,33.1,33.2,33.4,33.3,33.6,33.7,33.9,33.6,33.8,33.8,33.9,33.5,33.7,33.4,33.5,33.3,33.3,33.7,33.6,34.2,33.9,33.6,33.3,33.3,33.4,33.2,33.7,33.4,33.3,33.4,33.8,33.3,33.4,34.0,34.0,34.3,34.4,35.1,35.2,34.8,34.8,35.2,35.3,34.7,34.2,33.8,33.8,33.8,33.7,33.8,33.8,34.2,33.7,32.9,33.5,33.5,33.5,33.4,33.6,33.7,33.3,33.7,33.4,33.3,33.8,34.2,34.3,34.4,34.9,35.0,34.9,34.1,34.3,34.1,34.5,34.0,34.2,34.1,33.8,33.9,33.9,33.7,34.2,33.7,33.9,33.8,34.2,33.6,33.4,33.3,33.7,34.3,34.3,35.4,35.4,34.5,34.2,34.7,34.7,34.8,34.8,34.6,35.0,34.2,33.9,34.0,34.0,34.1,33.7,34.0,34.1,34.4,33.7,34.4,34.0,33.8,33.6,33.5,33.5,33.2,33.3,33.4,33.6,34.0,34.5,35.8,36.0,34.7,34.3,34.4,34.6,34.4,34.9,34.7,34.7,34.2,33.8,34.1,34.1,33.8,33.9,33.6,34.0,34.1,33.7,33.9,34.3,33.7,33.9,33.8,34.0,33.5,33.4,33.8,34.2,33.8,34.3,35.4,35.5,34.3,34.5,34.7,34.8,34.8,34.8,34.8,34.7,34.3,33.9,34.0,34.2,34.1,33.8,33.7,33.9,33.7,33.5,34.2,34.0,33.2,33.9,33.4,33.8,33.1,33.5,33.8,33.8,33.9,33.8,34.7,35.2,34.4,34.1,34.4,34.6,34.6,34.9,34.5,34.6,33.9,33.7,34.1,34.3,34.0,34.0,34.1,34.4,33.7,33.8,34.3,34.6,33.5,33.7,33.8,33.9,33.6,33.4,33.3,33.9,33.6,33.8,34.1,34.1,34.8,34.2,34.2,34.4,34.5,34.4,34.5,34.5,34.0,33.7,33.8,34.1,34.0,34.1,34.6,34.7,34.2,34.2,34.4,34.4,33.7,33.6,33.3,33.6,33.4,33.5,33.8,33.6,33.9,33.5,33.7,34.2,34.6,nan,34.2,34.1,34.1,34.3,34.6,34.1,34.1,33.6,34.1,33.7,33.7,33.8,34.3,34.6,34.3,33.7,34.3,34.3,34.2,33.7,33.6,33.8,33.4,33.6,33.6,34.0,33.4,33.7,33.4,34.0,34.0,34.0,34.3,34.5,33.8,33.7,34.1,33.5,33.7,33.7,33.6,33.8,34.3,33.4,33.8,34.1,33.8,33.6,34.5,34.2,33.5,34.1,33.3,33.8,33.8,33.7,33.5,33.8,33.7,33.7,33.6,33.5,34.0,34.1,34.4,34.6,34.3,33.8,33.8,33.5,33.6,33.6,33.4,33.7,33.9,33.1,34.1,33.6,33.7,33.9,34.2,34.0,34.2,33.8,34.0,34.0,33.8,33.5,33.5,34.0,33.8,33.2,33.9,33.9,33.8,33.7,35.0,34.8,35.2,35.0,34.8,35.2,34.5,34.5,34.3,33.9,33.6,33.7,33.8,34.3,34.0,33.7,34.4,34.3,33.5,33.6,34.0,34.2,33.8,33.7,34.0,34.0,33.5,33.9,34.3,34.2,34.1,33.8,34.3,35.0,35.1,35.1,34.9,35.2,34.9,35.1,35.1,34.8,33.8,34.0,33.9,34.3,33.6,33.8,34.5,34.6,33.9,33.5,33.9,34.1,33.7,33.4,34.0,34.0,33.5,33.7,33.7,33.9,33.7,33.7,34.3,34.1,34.1,34.1,34.1,34.5,34.5,34.3,35.5,35.0,34.4,34.0,34.5,34.4,34.1,33.8,34.6,34.7,33.6,33.6,33.8,34.0,33.3,33.7,33.5,34.0,33.8,33.9,34.0,34.1,33.8,34.1,34.3,34.1,34.0,33.6,33.9,34.4,34.1,34.1,34.8,34.8,34.3,34.2,34.1,34.2,33.9,34.1,34.1,34.7
1785310690.2598205,824,34.6,33.6,33.6,34.1,34.3,33.4,33.7,34.2,33.6,33.9,33.5,33.8,33.7,33.1,33.3,33.3,33.1,33.2,33.3,33.5,33.5,33.4,33.3,33.6,33.3,33.2,33.4,33.6,33.9,33.3,33.8,34.2,34.1,34.0,34.2,34.5,33.5,33.5,33.8,33.9,33.8,33.6,33.8,33.6,33.2,33.2,33.3,33.2,33.3,33.1,33.3,33.5,33.4,33.2,33.1,33.5,33.4,33.5,33.7,33.8,33.8,33.6,33.8,34.1,33.9,33.4,34.0,34.1,34.0,33.6,33.4,33.7,33.8,33.6,33.3,33.6,33.6,33.1,33.1,33.1,33.3,33.3,33.1,33.3,33.6,33.2,33.2,33.2,33.5,33.3,33.5,33.4,33.6,33.3,33.7,33.4,33.6,33.7,34.1,34.1,33.4,34.1,33.4,33.8,33.5,33.2,33.8,33.8,33.3,33.5,33.3,33.2,33.3,33.1,33.5,33.2,33.6,33.5,33.4,32.9,33.6,33.2,33.4,33.8,33.3,33.6,34.0,34.4,33.6,33.8,33.2,34.0,33.9,33.1,33.9,33.6,33.5,33.6,33.4,33.5,33.7,33.4,33.5,33.2,33.2,33.1,33.3,33.6,33.2,33.1,33.2,33.5,33.6,33.5,33.2,33.4,33.6,33.2,33.3,33.7,33.9,33.7,34.0,33.9,33.8,33.6,33.5,33.7,33.4,33.5,33.5,33.4,33.3,33.3,33.3,33.3,33.3,33.1,33.3,33.1,33.2,33.4,33.1,33.4,33.2,33.5,33.5,33.8,33.5,33.5,33.7,33.9,33.9,33.9,34.0,34.5,34.2,33.9,33.9,33.6,33.4,33.3,33.2,33.9,33.4,33.4,33.3,33.1,33.2,33.2,33.1,33.4,33.3,33.2,32.9,33.6,33.3,33.4,33.4,33.4,33.5,33.5,33.7,34.1,33.8,33.6,34.1,33.8,33.7,34.3,33.6,34.0,33.4,33.4,33.6,33.5,33.4,33.5,33.2,33.6,33.0,32.9,33.2,33.3,33.4,33.2,33.3,33.3,33.3,33.8,34.0,33.6,33.4,33.6,33.8,33.7,33.8,33.8,34.1,34.7,34.0,34.0,34.2,33.5,33.4,33.4,33.2,33.6,33.8,33.2,33.5,33.3,33.4,33.2,33.1,33.0,33.2,33.0,33.3,34.1,33.4,34.7,34.5,34.9,34.9,33.6,34.0,33.9,34.6,33.9,34.2,34.3,34.0,34.3,33.7,34.1,33.4,33.6,33.1,33.7,33.3,33.2,33.4,33.4,33.1,33.4,33.5,33.4,33.8,33.5,34.5,34.1,35.0,34.7,34.4,35.4,34.4,35.2,34.1,34.4,33.6,33.9,34.0,34.5,33.9,33.8,33.8,33.9,33.4,33.4,33.2,33.5,33.3,33.4,33.2,34.2,34.0,33.6,33.7,34.2,33.9,34.5,34.1,35.0,34.9,34.3,34.9,34.3,34.4,33.9,34.2,34.4,34.4,33.5,33.9,34.1,33.6,33.6,33.2,33.6,33.4,33.1,33.5,33.6,33.6,33.3,34.7,33.3,34.9,34.5,34.4,34.4,34.7,34.6,35.0,35.0,34.8,35.0,34.3,34.7,34.3,34.1,34.3,34.4,34.1,33.9,34.4,34.6,34.0,33.6,33.3,33.5,33.3,33.6,33.6,33.6,33.5,33.6,33.4,35.6,34.7,35.0,35.6,34.9,34.8,34.9,34.7,34.8,34.9,34.4,34.7,34.3,34.4,34.2,34.6,34.2,34.0,33.6,33.7,34.3,33.3,33.8,33.8,33.6,33.5,33.4,33.3,33.6,33.3,33.2,34.6,34.0,35.2,34.9,34.7,35.5,34.6,34.6,35.4,34.8,34.7,35.0,33.9,34.9,34.1,33.9,33.7,34.3,33.9,34.1,33.8,33.8,33.8,33.3,33.6,33.7,33.4,33.5,33.7,33.9,33.4,33.7,33.4,34.2,33.9,34.7,34.6,34.4,34.3,34.4,34.6,35.0,34.8,34.3,34.9,33.9,34.0,34.3,34.2,34.6,33.9,33.7,33.8,34.0,33.3,33.3,33.8,33.6,33.4,33.3,33.6,33.6,33.3,33.5,33.6,33.8,34.3,33.8,34.2,34.8,34.1,34.5,34.7,34.6,34.5,34.7,34.1,34.5,33.9,34.1,34.5,34.6,33.7,33.9,33.8,34.1,33.6,33.4,33.7,33.5,33.7,33.4,33.5,33.7,33.5,33.4,33.3,33.7,33.5,34.0,34.3,34.4,34.3,34.0,34.3,34.5,34.5,34.0,34.4,34.3,34.0,34.0,34.0,34.4,33.7,33.6,33.5,34.0,33.6,33.4,33.6,33.8,33.4,33.5,33.4,33.6,33.7,nan,33.4,33.8,33.8,33.5,34.1,34.0,34.1,34.3,34.2,34.1,33.7,34.0,34.0,34.4,34.0,33.9,34.1,34.5,33.8,33.9,33.8,33.8,33.4,33.8,33.6,34.0,33.4,33.6,33.8,34.1,33.2,33.7,33.7,33.7,33.5,33.5,33.6,34.2,34.2,34.5,34.3,33.9,33.9,33.6,33.5,34.3,34.1,33.6,34.1,34.6,33.9,33.7,33.7,34.0,33.4,33.5,33.5,33.6,33.4,33.7,33.6,33.5,33.8,33.5,33.8,33.9,33.8,33.5,34.3,33.8,34.6,34.3,34.2,35.1,33.9,34.2,33.9,34.0,33.7,33.9,34.2,34.3,34.2,33.8,33.6,34.2,34.0,33.7,33.5,33.9,33.9,33.6,33.8,34.1,33.8,33.5,33.6,34.0,33.5,33.5,33.6,34.5,33.9,34.7,34.8,35.3,35.3,35.5,35.7,35.4,34.9,33.9,34.4,34.3,33.5,33.8,34.0,34.0,33.6,33.9,33.8,34.2,33.9,33.7,33.8,33.8,33.4,33.9,33.6,34.0,33.8,33.8,34.1,33.8,33.9,34.1,34.7,34.8,34.2,34.7,35.4,35.7,34.8,35.4,34.1,34.8,34.2,34.0,34.1,34.1,33.5,33.6,33.6,33.6,33.7,33.7,33.9,33.8,33.6,33.4,33.7,33.8,33.7,33.6,33.7,34.5,33.9,33.8,34.1,34.0,34.2,34.4,34.3,34.8,34.7,34.5,35.1,34.5,34.0,33.9,34.0,34.0,33.6,34.3,33.3,34.0,33.2,33.5,33.8,33.8,33.5,33.6,34.1,33.9,33.4,33.8,33.9,34.0,34.1,33.8,33.9,34.3,34.3,34.0,34.3,34.6,34.3,34.3,34.6,34.5
1785310692.8091414,825,34.7,33.5,34.0,34.0,33.7,33.7,33.6,33.3,33.7,33.4,33.6,33.3,33.6,33.4,33.2,33.8,33.4,33.1,33.2,33.6,33.4,32.9,33.4,33.5,33.6,33.0,33.5,34.0,34.3,33.9,33.9,34.0,34.0,34.1,33.6,34.1,33.4,33.6,33.5,33.8,33.7,33.9,33.2,33.6,33.3,33.7,33.3,33.7,33.2,33.5,33.4,33.6,33.3,32.9,33.6,33.6,33.3,33.6,33.8,33.9,33.9,33.5,33.6,34.2,34.3,33.8,33.9,33.7,33.9,33.7,33.3,33.6,33.3,33.2,33.0,33.5,33.7,33.0,33.2,33.4,33.2,33.4,33.3,33.4,33.7,33.2,33.4,33.7,33.8,33.0,33.8,33.5,33.9,33.4,33.5,34.0,33.5,34.3,33.8,34.0,33.3,34.0,33.3,33.7,33.0,33.5,33.3,33.7,33.3,33.1,33.6,33.3,33.2,33.3,33.3,33.5,33.1,33.5,33.4,33.6,33.5,33.5,33.1,33.7,33.8,33.7,33.9,33.9,33.9,33.4,33.5,33.6,33.8,33.4,33.7,33.9,33.6,33.1,33.1,33.6,33.6,33.3,33.1,33.3,33.5,33.2,33.3,33.5,33.7,33.2,33.4,33.6,33.4,33.6,33.3,33.5,34.3,33.5,33.7,33.6,33.6,33.8,33.4,34.0,33.3,33.9,33.6,33.8,33.1,33.8,33.3,33.5,33.0,33.2,33.5,33.6,32.9,33.3,33.5,33.4,33.4,33.4,33.1,33.7,33.3,33.6,33.2,33.9,33.6,33.6,33.8,33.8,34.2,33.5,34.1,33.8,33.5,33.4,33.6,33.7,33.5,33.4,33.1,33.6,33.9,32.9,33.4,33.4,33.3,33.3,33.4,33.8,33.7,33.3,33.3,33.3,33.4,33.1,33.5,33.7,33.6,33.6,33.8,33.5,33.5,33.7,33.4,33.7,33.1,33.6,33.6,33.6,33.5,33.3,33.2,33.4,33.0,33.3,33.3,33.5,33.4,33.2,33.3,33.2,33.3,33.3,33.4,33.6,33.9,33.4,33.5,33.5,33.3,33.7,33.7,33.8,34.1,33.5,33.5,34.0,34.0,33.4,33.7,33.8,33.7,33.3,33.5,33.5,33.5,33.0,33.5,33.4,33.5,33.2,33.2,33.4,33.8,33.1,33.4,33.4,33.5,33.6,33.3,34.2,33.7,33.5,33.7,33.7,33.8,34.2,33.5,34.2,33.5,33.7,33.5,33.6,33.1,33.6,33.2,33.4,33.2,33.4,33.3,33.5,33.2,33.7,33.5,33.7,33.2,33.7,33.8,33.7,33.3,33.6,34.5,33.6,33.6,33.6,33.8,33.5,34.3,33.3,33.9,33.8,33.6,33.5,33.3,33.6,33.2,33.5,33.3,33.4,33.8,33.0,33.7,33.5,34.3,33.2,33.8,33.5,33.7,33.1,33.7,33.3,33.6,33.4,33.6,34.3,33.6,33.4,34.1,33.5,33.4,34.0,33.6,34.0,33.2,33.6,33.7,33.5,33.3,33.6,33.4,33.7,33.2,34.0,33.3,33.7,33.3,33.7,33.2,33.9,33.4,34.0,33.3,33.8,33.6,34.0,34.2,33.6,33.6,33.7,33.6,33.5,34.2,33.6,34.1,33.9,33.9,34.0,33.4,33.6,34.2,33.1,34.0,33.7,34.1,33.2,34.1,33.7,34.3,33.3,34.1,33.8,34.3,33.5,34.3,34.1,34.2,33.9,33.8,34.4,34.3,33.6,34.1,33.7,33.0,33.7,34.0,33.8,34.3,33.8,33.7,34.2,33.3,34.4,33.6,34.2,33.6,34.1,33.4,34.7,33.4,34.4,34.0,34.2,33.7,34.2,34.2,34.4,34.1,34.0,34.0,34.1,33.8,34.0,33.2,34.6,34.2,34.6,33.9,35.1,34.3,34.3,34.6,35.0,34.7,33.7,34.4,34.3,34.8,34.0,34.6,34.1,34.5,34.0,34.6,34.0,34.4,34.0,34.4,33.8,34.7,33.7,33.9,33.8,34.3,33.6,34.3,33.9,35.7,34.2,35.0,34.3,34.4,34.3,35.1,34.6,34.5,34.3,34.2,35.0,33.9,34.5,34.0,34.9,34.1,34.4,33.8,34.6,33.9,34.6,34.0,34.7,33.8,34.3,33.9,34.6,33.6,34.2,34.0,34.5,34.5,35.2,34.5,35.5,34.3,34.8,34.5,35.2,34.5,34.4,34.4,34.2,34.7,34.3,34.3,34.3,34.3,33.8,34.6,34.0,34.2,33.6,34.2,33.7,34.4,33.5,33.9,33.9,34.5,33.6,34.3,33.9,35.3,34.3,35.0,34.5,35.0,34.6,35.1,34.6,34.3,34.3,34.1,34.5,34.1,nan,34.2,34.2,33.6,34.1,33.7,34.2,33.9,34.2,33.8,34.2,33.7,34.1,33.9,34.1,34.2,34.4,34.0,34.6,34.3,35.9,33.9,35.5,34.5,34.8,34.5,35.2,34.4,34.5,34.4,34.2,34.3,33.6,34.0,34.3,34.3,34.0,34.3,34.6,34.3,34.1,34.2,34.6,34.5,33.7,34.1,34.4,34.2,34.7,34.4,35.1,34.9,34.2,34.8,34.5,34.3,34.4,35.1,34.3,34.5,34.3,34.0,34.5,34.1,34.4,34.4,34.5,34.2,34.1,34.2,34.4,33.9,34.2,34.5,34.0,34.3,34.3,34.2,34.5,34.2,34.4,35.1,34.6,34.6,34.4,34.1,35.1,34.5,34.8,34.1,34.9,34.2,34.3,34.4,34.0,34.2,33.8,33.9,34.4,34.3,34.4,34.4,34.1,34.6,33.9,34.2,34.4,34.2,34.4,34.3,34.9,34.7,33.8,34.3,34.4,34.5,34.6,34.5,34.1,34.4,34.2,34.5,34.5,34.5,34.3,34.2,34.3,33.5,34.4,33.9,34.4,33.5,34.2,34.0,34.6,34.0,34.4,34.0,34.3,33.7,34.4,34.2,34.4,33.5,34.3,34.6,34.5,34.5,34.1,34.2,35.1,34.4,34.3,34.1,34.6,34.2,33.6,34.0,34.2,34.4,33.7,34.0,34.2,34.4,33.9,34.3,34.2,34.6,33.7,34.5,34.3,34.9,34.1,34.4,34.7,34.6,34.2,34.8,34.6,33.9,34.2,34.3,34.6,33.9,34.2,34.3,34.2,33.9,34.2,34.2,34.2,34.1,34.2,34.1,34.0,33.7,34.4,34.0,34.6,33.7,34.4,34.0,34.6,34.2,34.5,34.4,34.3,34.2,34.4,34.7,34.8
1785310695.3593578,826,33.5,33.4,33.6,33.6,32.7,33.6,33.3,33.6,33.2,33.3,33.4,33.6,32.7,32.9,33.1,33.3,32.9,33.0,33.1,33.3,33.3,33.3,33.0,33.6,32.9,33.1,32.9,33.2,33.0,33.1,33.3,33.9,33.6,33.8,33.5,33.8,33.1,33.1,32.9,33.5,33.2,33.1,33.4,33.1,32.9,33.3,33.2,33.4,33.1,32.7,33.2,33.3,33.0,33.0,33.1,33.3,33.0,33.3,32.8,33.1,33.2,33.4,33.3,33.8,32.9,33.4,32.9,33.8,33.4,33.2,33.3,33.3,32.8,33.1,32.9,33.6,32.9,33.1,32.9,33.4,33.1,32.9,32.9,33.5,33.1,33.1,33.3,33.2,33.1,33.1,33.3,33.4,33.2,33.3,33.7,33.7,33.1,33.3,33.4,33.5,33.2,32.9,33.6,33.8,33.1,33.2,33.4,33.4,32.6,32.8,33.1,32.8,33.2,32.5,33.2,33.2,33.4,33.2,33.4,33.3,33.2,33.2,33.0,33.2,33.7,33.2,33.3,34.0,32.9,33.3,33.2,33.5,33.3,33.3,33.0,33.2,33.0,33.0,33.0,33.1,33.2,33.2,33.1,32.9,33.1,32.9,33.2,33.3,32.9,32.9,33.4,33.3,33.3,32.9,33.4,33.6,33.4,33.2,32.7,33.9,33.5,33.0,33.8,33.7,33.4,33.1,33.5,33.4,32.8,33.2,33.3,33.2,32.8,32.6,33.6,33.3,33.0,32.7,33.1,32.8,33.0,32.9,33.5,33.1,33.0,34.2,33.1,33.6,32.9,32.9,33.4,33.2,33.2,33.4,33.2,33.3,33.2,33.1,33.4,33.4,32.7,32.8,32.8,33.4,33.1,33.3,33.0,33.3,33.1,32.7,33.1,33.4,33.3,33.2,32.9,33.2,33.3,33.0,33.6,33.4,33.3,33.1,33.1,33.2,32.9,32.9,33.1,33.6,33.0,33.0,33.1,33.2,32.9,32.9,33.2,33.3,33.1,33.0,33.2,33.2,33.0,32.8,33.1,33.3,33.1,33.0,33.3,33.1,33.1,34.0,33.6,33.6,33.6,33.2,33.6,33.5,33.4,33.0,33.4,33.7,33.1,32.9,33.1,33.6,33.2,33.0,33.1,33.4,33.2,32.9,33.0,33.3,33.2,33.1,33.3,33.3,33.2,32.9,33.8,32.9,33.7,32.9,34.1,34.1,33.2,33.3,33.2,33.4,33.5,33.1,33.4,33.5,33.2,33.1,33.4,33.4,33.0,32.8,33.0,33.2,32.9,32.9,33.4,33.3,32.9,33.3,33.0,33.3,33.1,33.6,33.2,33.7,33.0,33.7,33.9,33.5,33.5,33.1,32.8,33.4,33.6,33.2,34.2,33.1,34.2,33.2,33.1,33.5,33.3,33.3,33.4,33.2,33.3,33.1,33.6,33.4,33.9,33.3,33.7,33.1,33.4,33.2,33.6,33.2,33.2,33.5,33.1,34.3,33.3,33.3,33.1,33.2,33.3,33.7,33.1,34.9,33.3,33.8,33.4,33.8,32.9,33.5,33.3,33.7,32.8,33.8,33.4,33.8,33.0,33.8,33.1,33.6,33.3,33.3,33.3,33.6,33.1,33.5,33.9,33.7,33.5,33.6,33.3,33.4,35.0,33.3,34.4,34.0,34.3,33.4,34.5,33.2,34.1,33.1,33.6,33.3,34.0,32.9,33.9,33.4,33.4,33.4,33.5,33.6,33.7,33.2,33.5,33.8,33.4,33.8,33.5,33.8,33.8,33.3,33.4,33.4,33.4,34.6,33.5,34.7,33.7,34.7,33.9,34.7,33.3,33.9,33.3,33.9,32.8,33.7,33.5,33.7,33.1,33.7,33.3,33.5,33.4,33.5,33.9,33.4,33.7,33.6,33.9,33.6,33.5,33.7,33.5,33.3,35.2,34.3,35.0,34.6,34.4,34.9,34.7,34.5,33.9,33.8,33.5,33.8,33.7,33.4,33.7,33.7,33.7,33.7,33.8,34.2,34.0,33.7,33.6,33.7,33.8,33.6,34.0,34.1,34.2,33.7,35.2,33.4,34.1,35.3,34.5,34.6,34.3,34.4,34.7,34.8,34.0,34.2,33.7,33.9,33.8,33.5,33.8,34.0,33.8,34.1,34.0,34.0,33.8,33.7,33.9,34.0,33.7,34.2,33.6,34.0,33.7,33.9,34.3,35.2,35.0,35.3,34.6,35.2,34.5,34.7,34.7,35.1,34.1,34.3,33.5,34.1,33.7,33.7,33.7,34.2,33.8,33.7,33.8,33.9,33.5,33.5,33.8,33.6,33.8,33.4,33.5,34.3,33.7,33.6,33.6,34.2,35.0,34.6,34.9,34.2,34.5,34.1,34.8,34.5,34.7,33.9,33.9,33.4,33.7,nan,33.9,33.6,33.6,33.8,33.9,33.8,33.8,33.4,33.9,33.9,33.4,33.8,33.8,33.5,33.4,33.1,33.9,33.7,34.2,35.1,34.6,35.6,34.2,34.9,34.0,35.3,33.7,34.6,33.8,34.1,33.4,33.7,33.7,34.0,33.5,33.7,33.7,34.2,33.7,34.0,33.6,34.1,33.6,33.9,34.0,34.3,33.6,33.8,34.1,34.8,34.8,33.7,35.3,34.6,34.3,33.9,34.6,33.8,34.4,33.2,34.4,33.4,33.3,33.5,34.1,33.8,33.7,33.3,34.3,33.7,33.8,33.4,33.7,33.5,34.0,33.8,33.9,33.8,33.9,33.5,34.0,33.8,34.0,34.7,34.2,35.0,34.5,34.3,34.2,34.9,33.8,34.2,33.9,34.3,33.8,33.5,33.9,34.2,33.5,33.8,33.6,33.8,33.1,33.7,33.8,33.9,33.6,33.9,34.0,34.4,33.8,33.7,33.8,34.3,33.7,33.9,34.8,34.0,34.5,34.7,34.6,35.0,34.2,34.1,34.1,34.9,33.8,34.8,33.9,33.8,33.4,33.3,33.7,34.0,33.7,33.4,33.7,33.7,33.8,33.6,33.9,34.0,33.4,33.6,33.9,34.0,33.7,34.4,34.1,34.8,34.1,34.4,34.9,34.7,34.3,34.3,34.3,34.5,35.0,34.1,34.5,34.0,33.4,33.4,33.7,34.1,33.4,33.6,33.7,33.8,33.9,34.2,33.9,34.4,33.7,33.8,34.7,34.5,33.8,33.6,34.2,34.5,34.4,34.3,34.6,34.4,34.1,34.6,34.0,34.1,33.8,34.7,34.1,33.8,33.4,33.5,34.1,34.0,33.6,33.6,34.0,33.5,33.9,34.0,33.9,34.0,33.5,33.7,33.9,34.2
1785310697.9100144,827,33.5,33.6,33.4,33.6,33.4,33.7,33.3,33.6,33.5,33.5,33.0,33.4,33.3,33.3,33.3,33.3,33.1,33.0,33.1,33.7,33.5,33.2,33.2,33.4,33.3,33.6,33.6,33.4,33.7,33.5,33.5,33.7,33.4,33.3,33.8,33.8,33.3,33.1,33.4,33.5,33.2,33.6,33.3,33.3,33.2,33.3,33.2,33.2,33.1,33.1,33.2,33.1,33.4,33.2,33.3,33.1,33.5,33.1,33.4,33.3,33.6,33.2,33.5,33.8,33.2,33.7,33.3,33.8,33.6,33.6,33.3,33.5,33.4,33.1,33.0,33.4,33.0,32.9,32.9,33.3,33.1,33.1,32.9,33.1,33.5,33.0,32.8,33.2,33.5,34.1,33.3,33.4,33.4,33.5,33.2,33.7,33.9,33.5,33.4,33.5,33.4,33.3,33.2,33.4,33.5,33.0,33.2,33.1,33.2,33.3,32.6,33.0,32.9,33.1,33.2,33.2,33.0,32.9,33.3,32.9,34.9,33.4,33.6,33.0,33.5,33.6,33.3,33.5,33.4,33.6,33.7,33.8,33.7,32.9,33.2,33.4,33.2,33.4,33.0,33.0,33.0,33.4,33.1,33.1,33.2,33.0,32.8,33.1,33.2,33.4,33.3,33.3,33.8,34.4,33.4,33.4,33.2,33.4,33.1,33.7,33.2,33.2,33.6,33.5,33.4,33.3,33.1,33.4,33.0,33.3,33.2,33.0,33.0,33.1,33.1,33.0,32.9,33.2,33.3,33.1,33.2,33.1,33.3,33.0,33.7,34.2,33.5,33.2,33.1,33.1,33.2,33.4,33.5,33.4,33.4,34.1,33.2,33.5,33.0,33.4,32.9,33.1,33.0,33.0,33.0,33.1,33.1,33.5,33.1,33.4,33.0,33.9,33.5,34.0,33.2,34.1,33.5,33.6,33.9,33.6,33.5,33.0,33.5,33.6,33.6,33.1,33.5,33.4,33.2,33.2,33.1,33.0,33.4,33.2,33.4,33.3,33.4,33.0,33.5,33.4,33.9,33.1,34.0,33.3,34.1,33.2,33.6,33.5,33.5,33.8,33.8,33.7,33.2,32.8,33.2,33.3,33.6,33.8,33.7,34.9,33.7,33.7,33.3,33.7,33.2,33.4,33.2,33.9,33.4,33.5,33.4,34.1,33.5,33.7,33.3,33.8,33.3,33.5,33.6,33.6,33.6,33.5,34.1,33.7,33.4,33.1,33.2,33.9,34.4,33.3,35.0,34.1,33.8,33.4,33.9,33.5,33.7,33.3,33.5,33.5,33.7,33.4,34.2,33.6,33.7,33.4,33.9,33.6,33.4,33.5,33.7,33.6,33.3,33.5,33.6,33.6,33.6,33.3,33.1,33.4,33.8,34.7,34.4,34.9,34.8,34.8,33.6,34.7,34.1,33.8,33.4,34.0,33.5,33.9,33.5,33.7,33.7,33.4,33.5,33.6,33.6,33.7,33.4,33.8,33.2,33.5,33.3,33.8,33.3,33.3,33.7,33.4,35.0,34.4,34.7,34.7,34.9,34.0,34.6,34.3,34.1,33.6,33.8,33.6,33.9,33.8,33.6,33.8,33.6,33.3,33.4,33.8,33.6,33.8,33.7,33.6,33.7,33.7,33.6,33.3,34.1,33.6,33.5,33.0,35.2,35.1,35.0,34.8,34.9,34.8,34.2,34.5,33.9,33.8,33.6,33.6,33.9,33.7,33.6,34.2,33.7,34.0,33.7,34.5,33.7,33.7,33.7,34.5,33.6,33.7,33.7,34.1,34.0,34.8,33.8,34.6,35.3,34.8,34.7,34.7,34.6,34.7,34.6,34.5,33.9,33.5,33.5,34.1,33.8,34.0,33.9,33.5,33.9,33.8,33.6,33.6,33.6,33.6,34.1,33.8,33.8,33.7,33.6,33.3,33.5,33.6,34.5,34.3,35.4,35.1,34.8,34.8,34.6,34.7,34.7,34.9,33.8,34.0,33.8,33.9,33.4,33.6,33.5,33.9,33.8,33.9,34.0,33.9,33.7,33.7,33.8,33.7,34.0,33.8,33.9,33.9,34.2,33.5,34.2,34.0,34.7,35.5,34.5,34.6,34.2,34.8,34.5,34.5,33.6,33.7,33.4,33.6,33.6,33.7,33.6,33.8,33.5,33.7,33.7,34.0,33.6,33.8,33.4,33.8,33.9,33.7,33.6,34.0,33.4,33.2,33.7,34.0,35.4,34.3,34.4,34.6,34.3,33.9,34.2,34.2,34.3,33.6,33.5,33.3,33.7,33.4,33.3,33.6,33.5,33.6,33.7,33.9,33.5,33.9,33.6,33.8,33.6,33.8,33.8,33.6,33.8,33.8,33.2,33.8,33.9,34.6,33.9,34.5,34.5,34.1,33.8,33.8,33.2,33.9,33.2,33.6,33.8,nan,33.4,33.8,33.6,33.5,33.8,33.5,33.6,33.6,33.9,33.6,33.4,33.3,33.8,33.9,33.2,33.7,33.5,33.9,34.2,34.1,34.6,34.4,34.4,34.5,34.0,34.2,33.6,34.1,33.8,34.3,33.5,34.0,33.7,33.7,33.9,33.4,33.3,33.9,33.5,33.7,33.6,33.9,33.6,33.7,33.7,33.9,33.6,33.6,33.7,34.2,33.5,34.1,34.1,34.2,34.2,34.1,34.6,34.0,34.4,34.1,34.8,33.9,35.0,33.8,33.6,34.1,33.7,33.3,33.6,33.7,33.6,33.6,33.7,33.5,33.7,33.6,33.6,34.0,33.7,33.5,33.6,33.8,34.0,34.3,34.4,34.2,34.5,34.5,34.4,34.9,34.1,34.4,34.5,34.6,34.3,34.7,34.1,33.7,33.9,33.5,33.6,33.7,33.6,33.5,33.6,33.9,33.6,33.7,33.8,34.1,34.0,33.7,34.0,33.9,33.7,33.6,34.0,34.0,34.2,34.5,34.4,34.8,33.7,34.6,34.3,34.4,34.1,34.6,33.8,34.0,33.3,33.5,33.7,33.5,33.6,33.6,33.9,33.7,33.6,33.2,33.3,34.0,33.8,33.8,33.9,34.2,34.2,34.0,33.9,34.8,33.9,34.4,34.4,34.4,34.3,33.9,34.4,33.9,34.6,33.9,34.1,33.8,33.4,33.8,33.7,33.8,33.6,33.6,33.9,34.0,33.5,33.9,34.1,34.0,34.1,34.1,34.2,34.3,34.1,34.1,33.8,34.0,34.0,34.3,34.4,34.2,33.8,34.1,33.8,34.3,33.6,34.1,34.0,33.4,33.6,33.6,33.8,33.7,33.6,33.6,33.7,33.5,33.7,33.8,34.1,33.8,33.7,33.7,33.9,34.0
1785310700.4566612,828,33.2,33.4,33.6,33.4,33.6,33.7,33.1,33.4,32.9,33.5,33.2,33.2,32.9,33.1,33.3,33.7,33.0,33.2,33.1,33.2,33.1,33.2,32.8,33.6,33.5,33.2,32.9,33.4,33.5,33.1,33.5,33.7,33.9,33.5,33.8,33.1,33.3,32.8,33.4,33.3,33.4,33.1,33.3,33.1,33.1,32.9,33.2,33.1,32.9,32.7,33.2,32.7,32.8,33.0,33.3,33.7,33.5,33.7,33.2,32.9,33.9,33.0,33.3,33.3,33.0,33.5,33.3,33.6,32.9,33.6,33.1,33.3,32.4,33.1,32.4,33.4,32.9,33.3,32.7,33.3,32.6,33.1,32.7,33.3,32.9,33.0,33.2,33.3,34.2,34.1,33.3,33.6,33.0,33.3,33.2,33.7,33.4,33.3,33.9,33.3,33.5,33.1,33.6,33.2,33.0,33.0,33.1,33.4,33.0,32.7,33.1,33.0,32.8,32.9,33.2,33.4,33.1,33.2,33.1,33.5,34.5,33.6,33.2,33.3,33.3,32.8,33.6,33.1,32.9,33.6,32.8,33.8,33.1,33.1,33.2,33.6,32.7,33.1,32.9,33.3,32.9,33.4,33.2,32.9,33.1,33.3,33.2,33.4,33.4,33.3,33.8,33.5,33.8,34.4,33.1,33.4,33.2,33.2,32.9,34.0,33.9,33.5,33.6,33.3,33.2,32.9,33.1,33.0,33.0,33.0,33.4,33.0,32.8,33.0,32.9,33.5,33.2,33.5,33.5,33.7,33.3,33.3,33.7,33.6,33.7,33.3,33.7,33.3,33.1,32.9,32.8,33.0,33.7,33.4,34.2,33.7,33.4,33.3,33.2,33.4,33.1,33.3,33.3,33.2,33.6,33.3,33.6,33.6,33.6,33.2,33.5,34.0,33.5,33.7,32.9,33.8,33.2,33.4,33.6,33.6,33.3,33.4,33.3,33.4,33.4,34.5,33.7,34.2,33.4,33.4,33.6,33.3,33.2,33.4,33.2,33.7,33.6,33.5,33.7,33.9,33.8,33.4,33.7,33.4,33.7,32.9,33.6,33.5,33.3,33.5,33.4,33.2,33.4,33.2,33.4,33.5,34.4,34.5,34.7,35.1,34.2,33.9,33.8,34.2,33.8,33.5,33.7,33.7,33.2,33.5,33.7,34.2,33.5,33.6,33.2,33.7,33.3,33.4,33.3,33.3,33.1,33.1,33.3,33.7,32.8,32.9,33.4,33.7,34.6,34.3,34.8,34.5,34.5,34.2,34.4,34.1,33.7,33.5,33.6,33.7,33.6,33.3,33.9,33.4,33.6,33.3,33.7,33.5,33.3,33.3,33.5,33.4,33.5,33.3,33.7,33.8,33.3,32.9,33.5,33.6,34.2,34.9,34.6,34.9,34.1,34.7,34.0,34.4,33.3,33.9,33.2,33.9,33.5,33.9,34.0,33.9,33.9,33.4,33.7,33.6,33.3,33.5,33.6,33.8,33.6,33.8,33.5,34.2,34.4,33.9,34.3,33.6,34.8,34.2,34.7,34.7,34.6,34.2,34.3,34.0,33.7,33.5,33.9,33.6,33.6,33.8,33.6,34.0,33.7,33.8,33.6,33.6,33.8,33.6,33.7,33.6,33.8,33.5,34.0,33.7,34.6,34.1,34.5,33.4,34.8,35.1,34.8,35.2,34.5,34.9,34.0,34.4,33.5,34.0,33.4,33.5,33.2,33.3,33.6,34.2,33.3,33.7,33.3,34.1,33.4,33.6,33.5,34.0,33.3,33.7,33.1,33.9,33.7,33.9,33.5,34.2,35.3,34.4,34.5,34.5,34.6,34.2,34.5,34.2,34.0,33.2,33.5,33.6,33.5,33.1,33.8,33.5,33.3,33.4,33.6,33.5,33.5,33.3,33.4,33.8,33.7,33.6,33.6,33.5,33.5,33.4,33.9,33.3,34.6,34.9,34.0,34.6,33.7,34.4,33.8,34.9,33.3,33.8,33.2,33.5,33.4,33.6,33.4,33.6,33.3,33.7,33.3,33.7,33.2,33.6,33.7,33.7,33.3,33.6,33.3,33.7,33.7,33.7,33.2,33.8,34.7,34.3,34.2,34.6,34.4,33.7,34.2,33.8,33.6,33.4,33.4,33.4,33.3,33.2,33.3,33.4,33.3,33.5,33.4,33.5,33.6,33.4,33.6,33.6,33.5,33.5,33.6,33.9,33.6,33.0,33.7,33.2,33.7,34.3,34.0,34.7,33.6,34.0,33.5,33.9,33.4,33.4,33.5,33.8,33.5,33.4,33.0,33.7,33.1,33.6,33.4,33.9,33.3,33.6,33.7,33.6,33.3,33.5,33.5,34.0,33.5,33.7,33.5,33.4,33.9,33.6,34.3,34.2,34.2,33.6,34.0,34.3,33.5,34.1,33.4,34.4,33.5,nan,33.4,33.3,33.3,33.2,33.4,33.7,33.6,33.6,33.6,33.6,33.2,33.7,33.6,33.9,33.6,33.3,33.9,33.7,33.6,33.9,34.0,34.5,34.8,34.9,34.6,34.8,34.1,34.4,35.0,34.7,34.2,34.0,33.5,33.5,33.2,33.6,33.5,33.7,33.5,33.4,33.6,33.6,33.6,33.8,33.7,33.7,33.4,33.7,33.9,34.0,33.7,33.5,33.9,34.1,34.2,34.1,34.7,34.0,34.4,34.1,35.0,34.4,34.7,33.3,34.1,33.8,33.3,33.4,33.6,33.5,33.3,33.3,33.4,33.7,33.2,33.1,33.8,33.4,33.7,33.5,33.8,33.7,34.0,33.6,33.6,34.2,34.2,33.9,33.7,34.8,33.6,33.9,34.1,34.6,32.9,34.2,33.3,33.8,33.2,33.5,33.4,34.0,33.1,33.5,33.6,33.8,33.6,33.7,33.8,34.1,33.8,33.5,33.6,34.1,33.7,33.4,33.8,34.2,34.0,34.1,34.2,34.1,33.5,33.2,34.1,33.9,33.6,33.3,33.9,33.5,33.5,33.3,33.7,33.6,33.4,33.1,33.5,33.4,33.8,33.4,33.9,33.6,33.3,33.6,33.7,33.5,33.5,33.8,34.2,35.0,33.7,34.2,33.6,34.0,33.4,33.7,33.6,34.3,33.6,33.8,33.4,33.8,33.4,33.6,33.7,33.8,33.4,33.8,33.7,33.9,33.7,33.5,33.7,33.6,33.5,33.9,33.8,34.0,34.1,33.7,34.0,33.8,33.8,33.7,33.9,33.7,34.0,33.7,33.8,34.1,33.6,33.8,34.0,33.3,33.3,33.7,33.4,33.7,33.6,33.3,33.7,33.5,33.9,33.3,33.9,33.6,33.5,33.5,33.9,34.0
1785310703.006111,829,33.4,33.5,33.8,34.0,33.5,33.6,33.4,33.5,33.2,33.4,33.3,33.3,33.2,33.1,33.4,33.2,33.1,32.7,33.4,33.7,33.2,33.3,33.3,33.7,33.4,33.5,33.5,33.6,33.4,33.2,33.4,33.5,33.7,32.9,33.9,33.7,33.7,33.2,33.1,33.6,32.9,33.6,33.0,33.4,33.2,33.2,33.5,33.0,33.0,32.7,33.5,33.2,33.1,33.2,33.6,33.2,33.4,33.4,32.9,33.5,33.3,33.6,33.4,33.7,33.1,33.6,33.5,33.7,33.1,33.7,33.6,33.7,33.3,33.0,33.1,33.5,33.0,33.4,33.0,33.0,33.1,33.4,33.4,33.1,33.4,32.9,33.3,33.4,33.2,33.3,33.2,33.1,33.3,33.0,33.3,33.8,33.8,33.6,33.8,33.1,33.4,33.2,33.7,33.5,32.9,33.1,33.4,33.4,33.1,33.0,33.3,33.3,33.2,33.0,33.3,33.2,33.0,33.0,33.6,33.3,32.8,33.2,33.3,33.8,33.3,33.5,33.2,34.1,33.3,33.7,33.4,33.7,33.2,33.6,33.1,33.7,33.0,33.0,33.0,33.3,33.1,33.2,33.1,33.2,33.2,33.1,33.3,33.2,33.2,33.0,33.2,33.3,33.2,33.4,33.6,33.7,33.1,33.5,33.0,33.6,33.6,32.9,33.7,34.0,33.7,33.0,33.2,33.3,33.3,33.1,33.3,33.2,33.1,32.9,33.6,33.3,33.3,32.8,33.4,33.3,33.1,33.1,33.5,33.9,33.1,33.5,33.4,33.6,33.2,33.2,33.2,34.0,33.8,33.6,34.0,33.8,33.4,33.4,33.5,33.5,33.2,33.3,33.3,33.3,33.1,33.1,32.9,33.3,33.0,33.2,33.1,33.3,33.6,33.3,33.5,33.2,33.5,33.2,33.5,33.0,33.7,33.1,33.4,33.3,33.5,33.3,33.6,33.7,33.3,33.3,33.6,33.3,33.3,32.8,33.0,33.5,33.2,33.0,33.2,33.5,32.9,32.9,33.5,33.4,33.2,33.3,33.1,33.8,33.4,33.6,33.4,33.5,33.1,33.1,33.5,33.6,33.5,34.0,33.4,33.9,33.1,33.2,33.2,33.4,33.2,33.0,33.0,33.2,33.0,33.0,33.2,33.3,33.2,32.9,33.1,33.3,33.5,33.3,33.3,33.3,33.7,32.9,33.4,33.6,33.2,33.0,33.7,33.4,33.7,33.4,33.5,33.8,33.6,33.2,33.5,33.3,33.2,33.1,33.3,33.3,33.1,33.1,33.4,33.7,33.4,33.1,33.3,33.7,33.1,33.1,33.6,33.7,33.1,33.6,33.7,33.6,33.4,33.2,33.6,33.9,33.5,33.2,34.1,33.7,33.5,33.5,33.2,33.5,33.2,33.2,32.9,33.3,33.5,33.2,33.6,33.4,33.4,33.2,33.6,33.2,33.7,33.2,33.6,33.1,33.5,33.4,33.3,33.8,33.3,33.3,33.6,33.5,34.1,33.7,34.0,33.8,33.4,33.6,33.5,33.7,33.5,32.9,33.1,33.7,33.0,33.6,33.2,33.6,33.3,33.3,33.2,33.6,33.3,33.4,33.1,33.5,33.3,33.5,33.2,33.8,33.5,33.5,33.3,33.6,34.0,34.0,34.1,34.1,33.8,33.4,33.6,33.3,33.6,33.1,33.4,33.4,33.5,33.1,33.7,33.4,33.4,32.9,33.5,33.4,33.5,33.2,33.5,33.6,33.4,33.6,33.8,33.5,33.6,33.3,33.6,33.6,34.1,34.1,33.8,34.6,33.5,34.2,33.4,33.9,33.3,33.3,33.5,33.7,33.0,33.3,33.1,33.8,33.3,33.3,32.9,33.8,33.1,33.4,33.4,33.9,33.1,33.7,33.2,33.8,33.3,33.5,33.3,34.2,34.5,34.4,34.5,34.0,34.3,33.4,34.1,33.8,33.9,33.1,34.1,33.7,33.8,33.0,33.8,33.4,33.7,33.4,33.6,34.0,33.6,33.2,33.8,33.3,33.8,33.4,34.0,33.3,33.8,33.1,33.8,33.6,33.8,34.4,34.1,34.9,33.8,34.2,33.8,34.1,33.0,33.8,33.4,33.9,33.5,33.8,33.3,34.0,33.5,33.6,34.3,34.0,33.9,34.0,33.4,34.1,33.5,33.8,33.5,34.7,33.7,34.1,34.1,34.5,34.7,34.4,34.8,34.2,34.5,33.5,34.5,33.8,34.2,33.4,34.1,33.6,34.1,33.7,34.3,35.0,33.7,34.7,34.3,34.5,33.8,33.8,33.6,33.9,33.9,33.4,33.8,33.7,34.2,33.4,34.4,34.1,33.8,34.3,34.0,34.7,33.5,34.4,33.2,34.6,33.3,34.0,33.5,34.4,34.0,nan,34.4,34.1,34.6,34.0,34.5,33.9,34.2,34.1,34.0,34.1,34.0,33.8,33.9,33.8,34.3,33.8,34.5,34.2,34.5,34.0,34.6,34.2,34.7,33.5,34.5,34.0,34.4,33.9,34.1,34.4,33.7,35.1,33.8,35.1,33.8,34.5,34.0,35.2,33.8,34.5,33.9,34.4,33.9,33.9,34.0,34.4,33.7,34.2,34.2,34.3,33.9,34.2,33.9,34.6,33.5,34.2,33.7,34.5,33.7,34.4,34.4,34.3,35.0,33.5,35.4,33.7,34.9,33.6,34.6,34.5,34.6,33.6,34.2,34.0,34.0,33.8,34.2,34.1,33.8,33.6,34.3,34.2,34.6,34.0,34.4,34.1,34.3,33.6,34.0,34.0,34.1,34.0,34.6,34.4,33.9,35.0,34.1,35.1,34.2,34.3,33.9,35.1,33.6,35.0,34.1,34.6,34.0,34.0,34.1,34.4,33.9,33.9,34.1,34.7,33.8,34.0,34.2,35.0,33.5,34.6,34.0,34.7,34.0,34.4,34.6,34.3,34.8,33.9,34.9,33.9,34.6,33.6,34.6,33.9,34.4,33.9,34.5,34.2,33.9,33.7,33.8,34.5,34.0,33.5,34.4,34.1,33.8,34.1,34.7,34.3,34.8,34.0,34.5,33.9,34.8,34.2,34.9,34.4,33.9,34.4,34.0,35.0,33.7,34.4,34.0,35.1,34.2,34.3,33.8,34.4,34.0,34.2,34.0,34.2,34.2,34.2,34.1,34.6,33.7,34.0,33.9,34.6,33.7,34.5,34.0,35.0,33.9,34.4,34.3,35.0,34.1,34.1,34.5,33.7,34.1,34.0,34.4,34.1,34.4,33.7,34.2,34.0,34.0,33.6,34.0,34.2,34.0,34.0,34.5,34.4
1785310708.0992854,831,34.2,33.8,34.0,33.5,33.7,33.6,33.8,33.1,33.4,33.4,33.1,33.1,33.4,32.9,33.6,33.2,33.3,32.5,33.4,33.1,33.8,33.1,33.1,33.5,33.2,33.1,33.3,33.1,33.6,33.4,33.6,33.5,34.0,33.7,33.9,33.7,33.6,33.8,33.5,33.6,32.9,33.2,33.2,33.6,33.2,33.2,32.9,33.0,33.0,32.9,33.1,33.2,33.5,32.8,33.4,33.4,33.4,33.0,32.9,33.5,33.5,33.3,33.4,33.9,34.1,33.8,33.9,34.0,33.7,33.9,33.6,33.3,33.3,33.0,33.3,33.5,33.0,32.7,33.2,33.0,33.2,33.2,33.4,33.4,33.4,33.3,33.3,33.4,33.4,33.1,33.2,33.1,33.3,33.2,33.3,33.8,33.5,33.4,33.3,34.0,33.4,33.4,33.5,33.5,32.9,32.8,33.2,33.2,32.8,33.1,33.1,33.3,32.9,33.0,33.1,33.4,33.2,33.2,33.2,33.4,33.0,33.2,33.3,33.6,33.2,33.1,33.4,33.9,33.7,33.7,33.6,33.9,33.8,33.4,33.7,33.5,33.1,33.0,33.0,33.1,33.0,33.2,33.1,33.2,33.4,32.9,33.1,33.2,33.3,33.4,33.4,33.5,33.4,32.9,33.4,33.3,33.3,33.3,33.2,33.8,33.8,33.6,33.5,33.4,33.7,33.6,33.6,33.9,33.1,33.3,33.3,33.2,32.9,33.4,33.6,33.3,33.0,33.1,33.2,33.4,33.4,33.2,33.1,33.3,33.1,33.4,33.0,33.6,33.2,33.6,33.1,33.3,34.0,33.6,33.5,33.6,33.6,33.4,33.5,33.7,33.6,33.1,33.3,33.0,33.4,33.2,33.3,33.1,33.2,33.0,33.1,33.0,33.4,33.4,33.2,33.2,33.3,33.3,33.9,33.4,33.3,33.3,33.6,33.8,33.7,33.9,33.8,33.7,33.1,33.5,33.6,34.0,33.2,33.5,33.2,33.3,32.7,33.0,33.0,33.4,32.9,32.9,33.0,33.1,33.0,33.0,33.4,33.8,32.9,33.1,33.7,33.3,33.1,33.3,33.5,33.8,34.1,33.5,33.8,33.6,33.8,33.2,33.8,33.6,33.5,33.1,33.4,33.2,33.0,33.0,33.2,33.1,33.2,33.0,33.1,33.5,33.1,33.3,33.4,33.2,33.0,33.1,33.2,33.3,33.3,33.4,33.5,33.8,33.9,34.2,33.7,34.0,33.0,33.4,33.5,33.7,33.5,33.6,32.8,33.8,32.9,32.7,33.2,33.1,32.9,33.1,33.0,33.6,33.2,33.3,33.3,33.2,33.1,33.5,33.5,33.8,33.2,33.4,33.6,33.5,34.1,34.0,33.9,33.6,33.4,33.7,33.2,33.8,33.2,33.4,33.5,33.3,32.8,33.1,33.1,32.9,33.0,33.2,33.3,33.4,33.5,33.2,33.4,33.3,33.2,33.1,33.2,33.6,33.2,33.3,33.4,33.5,34.5,34.5,34.2,34.0,33.0,33.6,33.3,33.5,33.5,33.6,33.6,33.5,33.1,33.3,33.0,32.9,33.0,32.9,33.1,33.4,33.6,33.3,33.1,33.5,33.3,33.3,33.2,33.3,33.3,33.1,33.3,33.4,34.7,34.2,34.1,33.7,33.6,33.5,33.5,33.8,33.4,33.3,33.4,33.3,33.2,32.9,33.5,33.7,33.7,34.2,34.9,34.0,34.2,33.4,33.6,33.3,33.4,33.3,33.2,33.2,34.0,32.7,33.4,33.4,34.3,34.3,33.6,33.7,33.1,33.6,33.2,33.6,33.5,33.5,33.3,33.5,33.0,33.8,33.7,34.6,34.9,34.9,35.0,35.2,33.9,33.7,33.7,33.6,33.3,33.3,33.7,33.6,33.1,33.5,33.5,34.0,34.3,34.0,33.9,33.8,33.4,33.4,33.6,33.6,33.4,33.3,33.6,33.8,34.8,34.8,35.4,34.7,34.7,34.6,35.1,34.8,34.6,33.8,34.1,33.6,33.7,33.8,33.8,34.0,34.0,33.8,34.2,34.1,33.8,34.2,33.7,34.1,33.2,33.5,33.6,34.1,33.2,33.6,33.7,34.0,35.2,35.5,34.2,34.9,34.4,34.6,34.6,35.1,34.7,34.7,34.4,34.4,33.8,33.8,34.1,34.3,34.0,34.1,34.6,34.3,34.3,33.6,33.7,33.8,33.4,33.3,33.4,34.0,33.5,33.4,33.9,34.6,35.4,35.7,35.6,34.8,34.6,34.3,34.9,35.1,34.9,34.3,34.8,34.3,34.1,34.1,34.5,34.3,34.2,33.8,34.2,34.3,33.6,33.7,33.6,33.7,33.4,33.5,33.5,33.7,33.3,33.5,34.0,34.2,35.4,nan,34.8,35.0,34.6,34.6,35.2,34.9,34.9,34.9,34.2,34.6,33.9,33.8,34.1,34.3,33.9,33.8,34.1,34.4,34.1,33.6,34.0,34.0,33.7,33.5,33.8,34.0,33.5,33.5,33.7,34.3,34.2,34.8,34.6,34.8,34.5,34.3,34.8,35.0,34.8,34.5,34.4,34.4,33.9,33.9,34.3,34.4,34.1,34.3,34.2,34.5,33.6,33.8,33.9,34.0,33.3,33.5,33.3,34.0,33.0,33.7,33.9,34.0,33.8,34.3,34.9,34.7,34.3,34.4,34.6,35.0,34.2,34.7,34.4,34.2,33.8,33.9,34.1,33.9,34.0,34.2,34.7,34.6,34.4,34.2,33.7,33.9,33.9,33.6,33.8,33.8,33.7,33.5,33.9,33.9,33.9,34.0,34.6,34.5,34.1,33.9,34.4,34.6,34.2,34.3,34.6,33.9,33.7,33.8,33.9,34.4,34.5,33.7,34.3,34.4,32.9,34.0,34.1,33.9,33.5,33.8,33.8,34.0,33.5,33.8,33.7,34.0,33.4,33.6,34.4,34.8,33.9,34.2,34.2,34.4,34.0,33.9,34.3,34.2,33.9,33.7,34.0,34.5,33.6,33.7,34.2,34.7,34.1,33.9,34.1,34.0,33.8,33.6,34.1,33.7,33.8,33.5,33.8,33.7,33.5,33.5,33.7,34.3,34.0,34.1,34.6,34.4,33.7,33.6,34.0,33.8,33.8,33.8,34.0,34.2,34.2,33.8,34.3,34.6,33.7,33.8,33.7,34.2,33.5,33.7,33.8,34.4,33.4,33.8,33.7,33.9,33.6,33.8,34.1,33.9,34.3,34.5,34.8,35.4,33.7,33.9,33.8,34.2,33.8,34.0,34.2,34.3,33.8,34.2,34.2,34.6
1785310710.6507597,832,34.6,34.2,34.2,33.9,33.8,33.9,33.3,33.0,33.5,33.5,33.2,33.2,32.8,33.1,33.5,33.3,33.3,32.8,33.3,33.3,33.5,33.4,33.0,33.4,33.1,33.2,33.4,33.6,33.5,33.5,33.5,33.9,34.1,34.1,34.0,34.0,33.7,33.5,32.9,33.5,33.2,33.3,33.4,33.3,33.2,33.5,33.0,33.4,32.9,33.1,33.3,33.3,33.4,32.9,33.1,33.5,33.5,33.3,33.0,33.8,34.1,33.2,33.8,34.1,33.7,33.9,33.8,33.8,33.6,33.8,33.5,33.3,33.0,32.9,33.3,33.6,32.9,32.9,32.9,33.3,32.8,33.3,32.9,32.8,33.3,33.0,33.4,33.4,33.1,33.3,33.3,33.4,33.2,33.5,33.5,33.7,33.9,33.8,33.7,33.9,33.7,33.5,33.4,33.8,33.1,33.0,33.0,33.1,33.0,32.8,33.3,33.6,32.7,33.3,33.7,33.6,33.2,33.2,33.1,33.3,33.4,33.3,33.0,33.3,33.3,33.6,33.5,34.0,33.9,33.6,33.5,34.4,33.3,33.5,33.8,33.4,33.4,33.2,33.2,33.0,33.0,33.2,33.5,33.2,32.9,33.0,33.0,33.3,33.2,33.4,33.3,33.2,33.3,33.5,33.1,33.6,33.4,33.8,33.4,33.7,33.9,33.7,34.0,34.1,33.6,33.5,33.7,33.4,32.8,33.4,33.2,33.1,33.1,33.0,33.4,33.4,33.2,33.0,33.1,33.3,33.5,33.0,33.0,33.2,33.2,33.3,33.7,33.6,33.3,33.5,33.5,33.9,34.4,33.7,33.6,33.7,33.6,33.5,33.8,33.6,33.1,33.1,33.2,33.0,33.1,32.9,33.2,33.3,32.9,33.2,33.1,33.4,33.3,33.0,33.1,33.1,33.5,33.2,33.6,33.3,33.5,33.5,33.3,33.6,33.8,33.8,33.5,34.0,33.4,33.4,33.6,33.5,33.0,33.1,33.1,33.2,33.1,32.9,33.1,33.1,33.1,33.0,33.4,33.4,33.6,33.2,33.5,33.3,33.1,33.7,33.6,33.6,33.4,33.6,33.4,33.5,33.8,33.8,33.5,33.3,33.3,33.7,33.8,33.8,33.4,33.0,33.6,33.1,33.1,32.9,33.2,33.5,33.2,33.4,33.5,33.0,33.8,33.0,33.8,33.5,34.1,33.1,33.6,33.5,33.2,33.5,34.0,33.4,34.2,33.9,33.4,33.7,33.4,33.3,33.7,33.9,33.4,33.1,33.0,33.5,32.9,33.1,33.2,33.3,33.4,33.6,33.4,34.4,33.3,34.0,33.2,34.1,33.2,33.7,33.2,33.7,33.5,33.3,33.7,33.6,33.8,33.7,33.6,33.5,33.5,33.6,33.6,33.7,33.3,33.1,33.6,33.4,33.7,33.3,33.5,33.1,33.9,33.3,34.3,33.1,34.4,33.4,34.3,33.5,34.2,33.3,33.5,33.6,33.9,33.3,33.9,34.0,34.4,33.6,33.9,33.1,33.3,33.1,33.9,33.4,33.6,33.2,33.2,34.1,32.8,34.1,33.1,34.3,33.2,34.1,33.1,34.8,33.5,34.3,33.5,34.2,33.5,33.9,33.2,33.9,33.4,33.6,33.7,34.3,33.7,33.9,33.6,33.4,33.5,33.6,33.5,33.5,33.0,33.0,33.8,33.3,34.5,33.1,34.5,33.2,34.5,33.3,34.8,33.8,34.5,33.9,34.0,34.3,33.8,34.5,34.0,33.9,33.9,33.3,33.9,33.8,34.2,33.4,33.7,33.6,33.2,33.5,33.4,33.5,33.4,33.6,33.4,34.6,33.3,34.5,33.3,34.8,33.3,34.5,34.3,34.8,34.6,34.3,34.9,34.0,34.2,34.1,33.7,34.2,33.4,33.8,33.5,34.1,33.5,33.9,33.6,33.4,33.3,33.1,33.7,33.7,33.6,33.6,34.7,34.0,34.5,33.7,34.2,34.1,34.7,34.5,34.5,35.3,34.3,34.4,34.3,33.7,33.8,34.0,34.1,33.9,34.2,33.9,34.1,34.4,33.9,33.5,33.8,33.6,33.1,33.5,33.6,33.8,33.4,33.7,34.6,34.7,34.0,34.3,34.2,34.5,34.4,34.5,34.8,34.7,34.3,34.3,34.2,34.1,33.9,33.9,33.9,34.2,34.3,34.1,34.1,34.4,34.2,33.7,33.8,33.9,33.4,33.4,33.7,33.9,33.4,34.3,33.8,35.3,34.2,35.3,34.3,34.7,34.3,34.8,34.5,35.2,34.0,34.2,33.7,34.0,34.0,33.8,34.2,34.3,33.9,34.0,34.3,34.2,33.7,33.6,33.7,33.8,33.6,33.4,33.6,33.8,33.9,33.7,35.2,34.1,35.4,nan,34.7,34.3,34.8,34.2,35.0,34.3,34.8,33.6,34.2,34.1,33.9,33.9,34.2,34.2,34.2,33.9,34.1,34.1,34.0,33.5,33.8,33.8,34.2,33.8,33.7,33.8,33.6,33.7,33.6,35.0,33.6,34.7,34.2,34.5,34.0,34.5,34.5,35.2,34.0,34.4,33.8,33.9,33.8,34.1,33.9,34.3,33.8,33.8,34.3,34.6,33.5,33.7,33.7,33.9,33.6,33.6,33.4,33.8,33.7,33.4,34.3,33.7,34.7,34.0,34.6,34.3,34.6,34.5,35.0,34.5,34.8,33.8,33.9,34.1,34.0,33.6,34.1,34.0,34.1,33.5,34.0,34.3,33.4,33.6,34.0,34.4,33.6,33.5,33.7,34.0,33.6,33.9,33.6,34.1,34.0,34.5,34.3,34.5,34.4,34.3,34.5,34.7,34.3,34.2,34.5,33.9,34.3,34.1,34.2,34.3,34.2,34.3,33.8,34.5,33.2,33.9,33.8,34.2,33.6,33.7,33.8,34.1,33.7,33.4,34.1,33.7,33.8,33.6,34.5,34.5,34.1,34.0,34.2,34.5,34.3,33.9,34.2,34.4,33.5,34.2,33.9,34.4,33.8,33.4,34.5,34.6,33.7,34.0,33.5,34.4,33.9,33.8,33.8,34.0,33.7,33.9,33.9,33.9,33.6,33.9,34.1,34.8,34.3,34.1,34.4,34.0,34.3,33.6,34.3,34.2,34.3,33.9,34.1,34.2,33.9,34.1,34.7,34.5,33.6,33.9,33.8,33.8,33.4,33.5,33.7,34.1,33.8,33.7,33.8,33.8,34.0,33.6,34.3,34.1,34.3,33.8,34.3,34.4,33.6,34.3,34.1,34.7,33.9,34.2,34.1,34.0,34.1,34.3,34.6,34.5
1785310713.199253,833,34.2,34.3,34.0,33.7,33.9,33.6,33.6,33.5,33.6,33.6,33.3,33.7,33.4,33.3,33.6,33.4,33.3,33.6,33.4,33.6,33.8,33.5,33.5,33.5,33.2,33.5,33.5,33.5,34.1,33.9,33.9,33.8,34.3,33.9,33.9,33.7,33.6,33.4,33.5,33.8,33.3,33.4,33.4,33.8,33.5,33.4,33.1,33.5,33.2,33.4,33.5,33.8,33.5,33.3,33.6,33.6,33.6,33.6,33.4,33.9,33.3,33.6,33.4,33.9,33.8,34.1,34.1,34.2,34.1,34.3,33.8,33.3,33.1,33.4,32.9,33.3,33.3,33.2,33.2,33.4,33.4,33.6,33.5,33.2,33.2,33.3,33.3,33.4,33.6,33.4,33.4,33.5,33.7,33.5,33.8,33.6,34.0,34.3,33.8,34.0,33.1,33.4,33.3,33.5,33.3,33.1,33.3,33.6,33.3,32.9,33.3,33.5,33.4,33.4,33.8,33.5,33.3,33.5,33.2,33.4,33.5,33.7,33.1,33.4,33.7,33.5,33.7,33.9,34.0,33.5,33.4,33.7,33.6,34.0,33.5,33.4,33.1,33.7,33.1,33.1,33.3,33.7,33.4,33.2,33.4,33.2,33.5,33.4,33.5,33.2,33.4,33.5,33.6,33.2,33.5,33.3,33.9,33.7,33.7,33.8,33.6,33.8,33.5,34.0,33.7,33.8,33.0,33.5,33.1,33.1,33.3,33.3,33.2,33.1,33.6,33.5,33.5,33.1,33.4,33.8,33.4,33.4,33.3,33.7,33.3,33.4,33.2,33.9,33.4,33.8,33.6,33.8,34.3,33.3,33.7,33.8,33.7,33.8,34.0,33.2,33.4,33.4,33.3,33.2,33.4,33.4,33.3,33.4,33.5,33.3,33.7,33.7,33.6,33.3,33.3,33.2,33.5,33.2,33.7,33.0,33.5,33.5,33.6,33.8,33.3,33.7,33.6,33.3,33.5,33.8,33.6,33.8,33.3,33.5,33.4,33.4,34.3,33.2,33.5,33.7,33.1,33.7,33.0,33.7,33.5,33.5,33.4,33.2,33.2,33.6,33.4,33.7,33.5,33.5,33.3,33.8,34.1,33.7,33.6,34.0,33.8,33.2,33.8,33.6,33.2,33.7,33.5,34.7,33.5,34.6,33.8,34.1,34.1,33.7,33.9,33.3,34.3,33.3,34.1,33.2,33.5,33.2,33.4,33.6,33.5,33.8,33.5,33.6,33.9,33.8,33.7,34.0,33.6,33.4,33.5,33.5,33.8,33.6,34.7,33.6,34.3,33.5,34.0,34.2,34.0,34.7,33.5,34.4,33.2,34.4,33.5,34.4,33.5,33.5,33.5,33.8,33.8,33.8,33.6,33.9,33.7,33.4,33.7,33.6,34.0,33.7,33.5,33.7,33.9,34.9,34.0,34.6,34.4,34.5,34.6,35.0,34.8,34.6,34.4,33.9,33.8,33.6,33.7,33.6,33.7,33.9,34.1,33.9,34.0,34.2,34.2,33.9,33.5,33.4,33.8,33.6,33.4,33.6,34.0,34.1,35.5,34.9,34.6,34.5,34.2,34.5,34.8,35.0,34.7,34.8,34.2,34.1,34.1,33.9,33.9,34.0,34.3,34.5,34.2,34.1,33.9,34.2,34.0,34.2,33.8,33.6,33.5,33.5,33.7,33.9,33.8,34.7,35.2,35.6,35.2,34.9,34.8,34.5,34.8,35.1,34.8,34.5,34.6,34.0,34.2,34.2,34.3,34.1,34.1,34.0,34.1,34.1,34.1,33.8,34.0,33.9,33.7,33.3,33.8,34.0,33.3,33.8,34.2,34.3,35.6,35.4,35.3,35.2,34.7,34.3,34.8,35.1,34.7,34.9,33.9,34.1,33.9,33.9,34.0,34.2,33.6,34.0,33.9,34.1,33.8,34.0,33.7,34.4,34.0,33.6,33.7,33.8,33.6,33.9,33.9,34.1,34.2,34.4,34.6,34.8,34.6,34.3,34.5,34.8,34.7,34.6,34.4,34.2,33.8,33.8,34.1,33.8,34.1,33.9,33.8,34.0,33.8,33.7,34.0,33.9,33.4,33.8,33.5,33.9,33.6,33.5,33.9,33.9,33.7,34.1,34.7,34.8,34.3,34.4,34.5,34.8,34.6,34.9,33.8,34.5,33.6,34.3,34.0,34.1,34.3,34.1,34.4,34.7,34.0,34.3,34.0,34.5,34.1,33.8,33.7,33.8,33.7,33.7,33.6,33.8,33.9,33.7,33.8,34.3,34.4,34.3,34.3,34.3,34.3,34.3,33.8,33.7,33.8,33.8,33.9,33.9,34.3,34.1,34.5,34.4,34.5,34.0,34.2,34.3,33.8,33.7,33.6,33.9,33.7,33.9,33.7,33.9,33.3,34.0,33.8,34.5,34.3,nan,33.9,34.2,33.8,34.0,33.7,34.1,33.6,33.7,33.8,33.9,34.0,34.0,34.5,34.2,33.9,34.4,34.5,34.8,34.1,33.6,34.0,34.0,33.7,33.9,33.6,34.1,33.7,33.7,33.6,33.9,34.3,34.1,34.5,34.0,33.6,33.5,33.6,33.7,33.8,33.5,33.9,33.9,34.2,33.5,34.1,33.9,33.9,33.8,34.0,34.1,33.6,34.2,33.3,34.2,33.7,33.5,33.5,34.0,33.8,33.8,33.9,33.8,34.3,34.3,35.0,34.9,33.9,34.4,34.3,33.8,33.8,33.6,33.7,34.2,34.0,33.9,33.7,34.3,34.0,33.8,34.1,34.4,33.9,34.4,33.9,33.5,33.5,33.8,33.8,34.2,33.9,33.9,34.1,33.9,33.9,34.6,34.7,35.0,35.0,34.9,35.1,35.3,35.3,35.0,34.4,34.0,34.4,33.8,34.1,34.4,34.1,33.9,34.3,34.2,33.6,33.8,33.9,34.1,33.7,33.8,33.8,34.3,33.6,33.8,33.7,34.1,34.2,34.2,34.4,34.3,34.2,34.6,34.5,35.3,35.1,35.4,34.0,34.4,33.6,33.9,33.8,34.3,34.0,33.9,34.4,34.3,34.3,33.9,33.8,33.8,34.0,34.0,33.9,33.5,33.8,33.8,34.0,34.2,34.2,34.2,34.4,34.1,34.0,33.9,34.5,34.4,34.6,34.3,34.6,33.8,34.2,33.6,34.0,34.2,34.2,34.0,34.3,34.4,34.2,34.0,33.9,33.9,33.7,33.8,34.0,34.2,33.7,33.8,34.1,33.9,33.9,34.3,34.3,34.2,33.7,34.5,33.7,34.5,33.9,34.1,34.0,34.4,34.0,34.1,33.8,33.9,34.2,34.2,34.0,34.8
1785310715.7536504,834,33.8,33.6,33.4,33.9,33.2,33.7,33.1,33.4,32.9,33.1,33.0,33.6,32.9,33.1,33.1,33.5,32.8,32.6,33.1,33.5,33.1,33.2,33.2,33.4,33.1,33.0,33.4,33.6,33.7,33.8,33.3,33.7,33.9,33.5,34.3,33.6,33.5,33.1,33.2,33.1,33.2,33.3,33.3,32.9,33.2,33.3,33.4,33.2,32.9,32.7,33.2,33.1,33.2,33.2,33.1,33.1,33.5,33.3,33.5,33.4,33.6,33.0,34.0,33.3,33.7,33.7,33.6,33.9,33.4,33.8,32.9,33.3,33.0,33.1,33.0,33.2,33.2,33.1,32.7,33.3,33.1,33.1,32.9,33.1,32.9,33.3,33.2,33.3,33.3,33.1,32.9,33.4,33.2,32.9,33.2,33.7,33.6,33.5,33.4,33.7,33.4,32.9,33.2,33.0,33.1,32.7,33.6,33.1,33.0,32.8,33.1,33.2,32.9,32.9,33.4,33.1,33.2,33.2,33.3,33.0,33.4,33.1,33.2,33.5,33.3,33.4,33.8,33.5,33.4,33.8,33.2,34.0,33.1,33.5,33.0,33.2,32.9,32.5,32.9,33.3,32.8,32.9,32.8,33.2,33.1,33.1,33.0,33.3,32.9,32.9,33.4,33.2,33.1,33.1,32.9,33.6,33.0,33.2,32.9,33.9,33.5,33.0,33.8,33.9,33.8,33.1,33.5,33.4,32.7,32.8,33.2,33.2,33.1,33.0,32.9,33.2,32.9,32.8,33.1,33.2,33.2,33.0,33.2,33.2,33.0,32.8,33.3,33.4,33.5,33.1,33.0,33.0,33.7,33.7,33.2,33.9,33.4,33.3,33.4,33.6,32.9,33.3,34.4,34.2,33.6,33.8,32.8,34.0,33.1,33.1,33.0,33.4,33.2,32.8,33.1,33.3,33.0,33.0,33.0,33.3,33.2,33.3,33.1,33.6,33.4,32.7,33.7,33.2,33.2,33.0,33.5,33.3,33.4,33.7,34.7,35.2,34.2,33.5,33.4,33.3,33.1,33.1,33.4,33.3,33.2,32.9,33.1,33.0,33.1,32.8,33.6,33.0,33.2,33.0,33.4,33.3,33.2,33.2,33.3,33.7,33.1,33.5,33.6,33.8,34.4,34.2,34.6,34.6,34.0,33.7,34.0,34.1,34.0,33.9,32.8,33.4,33.2,33.2,33.1,33.3,33.4,33.3,33.6,33.5,33.0,33.6,33.4,33.7,33.5,33.3,33.8,33.5,33.6,33.2,34.1,34.6,34.9,34.5,34.8,34.5,34.2,34.1,34.7,34.7,34.2,33.9,33.7,33.6,33.3,33.6,33.8,33.7,33.5,33.9,33.7,33.8,33.3,33.7,33.9,34.0,33.2,33.3,33.0,33.3,33.3,33.6,34.1,34.9,35.9,35.7,34.4,34.8,34.3,34.5,34.6,34.7,34.7,34.5,33.7,33.9,33.6,33.7,33.6,34.0,33.7,33.8,33.8,34.2,33.7,33.5,33.7,34.0,33.5,33.3,33.3,33.1,33.5,34.0,34.4,34.6,35.7,35.3,35.2,34.6,34.6,34.6,35.0,34.6,34.4,34.1,33.9,33.8,33.8,33.6,33.8,34.1,33.8,33.7,33.9,34.0,33.7,33.4,33.9,33.4,33.7,33.3,33.2,33.6,33.6,33.4,33.5,34.2,34.8,34.9,34.3,34.8,34.2,34.0,34.7,35.0,34.5,34.4,33.7,34.1,33.4,33.7,33.7,34.2,33.6,33.7,33.7,33.9,33.7,33.5,33.7,34.2,33.6,33.0,33.7,33.5,33.2,33.5,33.8,34.0,34.4,34.2,34.7,34.4,34.1,34.3,34.4,34.3,34.3,34.2,33.8,33.5,33.3,33.5,33.6,33.8,33.7,33.7,33.7,33.6,33.5,33.0,33.5,33.7,33.7,33.7,33.4,33.6,33.5,33.3,33.5,34.0,33.6,33.8,34.2,34.3,33.7,33.9,34.2,34.5,33.9,34.2,33.3,33.7,33.2,33.7,33.5,33.8,33.8,34.2,33.7,34.1,33.9,33.9,34.2,34.0,33.0,33.1,33.4,33.6,33.3,33.2,33.8,33.1,33.4,33.7,34.2,34.3,33.7,33.7,33.6,33.9,34.0,33.7,33.7,33.7,33.4,33.5,33.7,34.0,33.9,33.7,34.3,34.2,33.9,33.6,34.1,34.2,33.1,33.5,33.6,33.9,33.1,33.0,33.2,34.0,33.2,33.4,33.8,34.3,34.2,33.9,33.4,33.9,33.1,33.1,33.4,33.7,33.5,33.6,33.5,33.6,33.5,33.4,33.5,34.1,33.5,33.7,33.9,34.2,33.7,33.4,33.3,33.4,33.2,33.2,33.8,33.4,33.2,33.2,33.7,33.7,34.0,nan,34.1,33.5,33.3,33.5,33.9,33.3,33.5,33.6,33.7,33.4,33.6,33.3,34.0,33.3,33.6,33.3,33.9,34.3,33.6,33.9,33.2,33.9,33.1,33.6,33.1,33.8,33.4,33.6,33.4,33.8,34.0,34.3,34.7,35.0,34.4,34.4,34.3,34.2,33.7,33.7,33.4,33.6,33.4,33.6,33.7,33.9,33.6,33.7,33.7,34.2,33.1,33.3,33.7,33.8,33.6,33.0,33.6,33.5,33.4,33.2,33.8,33.7,33.7,34.1,35.1,34.8,34.8,34.7,35.1,35.0,34.5,34.3,33.6,33.4,33.3,33.3,33.6,33.4,33.7,33.5,33.8,34.1,33.8,33.6,33.2,34.0,33.4,33.3,33.3,33.7,33.1,33.4,33.6,34.1,33.3,34.0,34.0,34.2,33.5,34.0,34.4,34.7,34.6,34.9,33.9,33.8,33.4,33.5,33.6,34.3,33.8,33.3,33.6,34.1,33.0,33.2,34.0,33.4,33.4,33.1,34.0,33.7,33.7,33.6,33.8,33.5,34.0,33.8,33.9,34.3,33.6,33.5,33.7,34.0,34.1,33.9,33.9,33.7,33.6,33.6,33.9,34.0,33.8,33.4,34.1,34.2,33.5,33.3,33.0,33.7,33.5,33.6,33.6,34.0,33.7,33.7,33.2,33.8,33.8,33.8,33.8,33.8,33.2,33.3,33.9,34.1,33.8,33.8,33.7,33.9,33.7,33.3,33.7,33.8,33.9,33.8,34.0,34.5,33.4,33.2,33.8,33.6,33.2,33.5,33.7,33.5,33.0,33.2,33.8,33.6,33.8,33.6,33.8,33.4,33.6,33.3,33.9,33.7,33.9,34.0,33.9,33.5,33.7,33.7,33.9,33.8,33.9,33.7,34.3,34.2
1785310718.2993982,835,34.2,34.0,34.0,33.7,33.3,33.3,33.2,32.9,33.2,33.4,33.3,33.1,33.0,32.9,33.4,32.9,33.1,33.1,33.2,33.1,33.0,33.3,33.3,33.3,33.4,33.3,32.8,33.1,33.6,33.4,33.4,33.5,33.7,33.7,34.1,33.7,33.6,33.6,33.1,33.8,33.1,33.4,33.2,33.2,33.2,33.6,33.3,33.2,33.0,32.9,33.6,33.0,33.1,33.0,33.2,33.2,33.2,33.4,33.4,33.5,33.5,33.8,33.2,33.9,33.8,33.6,33.9,33.7,33.3,33.7,33.2,32.9,32.7,33.2,32.7,33.5,33.3,33.0,33.0,33.0,33.0,33.4,33.4,33.1,33.4,33.5,33.3,33.0,33.2,33.3,33.0,33.1,33.3,33.2,33.6,33.6,33.5,33.4,33.8,33.6,33.4,33.2,33.1,33.1,33.5,33.1,33.2,33.0,32.8,33.1,33.3,33.1,33.2,33.4,33.3,33.2,33.3,33.3,33.2,33.3,33.5,33.2,33.1,33.6,33.2,33.1,33.7,33.7,33.0,33.7,33.6,33.7,33.6,33.2,33.1,33.0,33.0,33.2,33.0,33.1,32.8,33.2,33.3,33.2,33.2,33.1,33.1,33.0,33.2,33.2,33.0,32.9,33.2,33.4,33.2,32.9,33.1,33.3,33.0,33.4,33.4,33.8,33.7,33.6,33.5,33.6,32.8,33.1,33.1,33.3,33.5,33.2,33.2,33.2,32.9,33.0,32.8,33.0,33.1,33.1,33.1,33.2,33.1,33.4,33.3,33.3,33.2,33.4,33.6,33.2,33.4,33.3,33.8,33.6,33.9,33.6,33.6,33.2,33.5,33.2,33.2,34.3,34.6,34.5,33.1,33.1,33.1,33.3,33.0,33.0,33.1,33.0,33.1,33.0,33.2,33.0,33.1,33.3,33.3,33.4,33.3,33.3,33.4,33.1,33.3,33.5,33.4,33.3,33.5,33.3,33.6,33.1,34.0,34.2,34.7,34.6,33.2,33.3,33.3,33.5,33.1,33.1,33.2,33.1,33.5,33.2,33.2,33.1,33.4,33.3,33.4,33.3,33.1,33.3,33.1,33.2,33.3,33.5,33.2,33.4,33.2,33.6,33.6,34.0,34.4,34.7,34.7,34.5,33.3,33.8,33.6,34.1,33.8,33.5,33.3,33.1,33.3,33.3,33.6,33.4,33.0,33.2,33.2,33.3,33.3,33.2,33.3,33.4,33.4,33.6,33.1,33.4,33.4,33.2,33.7,33.8,35.5,34.9,34.6,34.5,33.9,34.0,34.8,34.4,34.0,33.6,33.3,33.4,33.7,33.6,33.1,33.5,33.8,33.8,33.5,33.8,33.6,33.4,33.4,33.7,33.5,33.4,33.7,33.5,33.4,33.7,34.6,35.6,35.4,35.5,34.5,34.5,34.6,34.6,34.7,34.8,34.5,34.0,34.0,33.5,33.7,33.8,33.7,34.0,33.5,34.1,33.8,33.9,34.2,34.2,34.0,33.7,33.7,33.9,33.4,33.4,33.6,34.1,34.7,35.4,35.8,35.3,34.6,34.7,34.4,34.5,34.6,34.9,34.4,34.1,33.7,33.9,34.1,34.2,33.8,34.0,33.9,34.0,33.7,34.0,33.9,33.9,34.1,34.2,33.6,33.6,33.5,33.5,33.9,34.1,34.5,34.8,35.4,34.9,34.5,34.4,34.3,34.2,34.9,34.7,34.3,33.8,33.6,33.7,33.8,33.9,33.6,33.8,33.7,33.8,33.8,33.9,33.6,33.6,33.6,33.7,33.7,33.3,33.2,33.9,33.6,33.6,33.9,34.4,34.5,34.8,34.3,34.7,34.2,34.4,34.4,34.9,34.5,34.3,33.7,33.8,33.6,33.9,33.9,33.9,33.6,33.7,33.5,33.6,33.5,33.7,33.3,33.6,33.8,33.6,33.7,33.8,33.6,33.6,33.9,33.8,34.6,34.2,34.1,34.1,34.5,34.3,34.6,34.7,34.2,34.3,33.6,33.7,33.9,33.8,33.8,33.8,33.9,33.9,34.0,34.2,33.8,33.5,33.6,33.7,33.6,33.8,33.5,33.5,33.4,33.5,33.6,33.9,34.0,34.1,34.0,34.2,34.1,34.1,33.9,34.4,33.8,34.1,33.5,33.8,33.6,33.6,34.0,33.9,34.3,34.0,34.1,34.3,33.9,33.9,33.8,34.3,33.4,33.6,33.4,33.6,33.5,33.3,33.6,33.6,33.5,33.9,33.9,33.9,33.9,34.0,33.8,33.7,33.3,33.7,33.6,33.7,33.6,33.7,33.8,33.6,34.1,34.1,34.2,33.9,33.8,34.0,34.2,34.1,33.4,33.5,33.4,33.7,33.7,33.3,33.5,33.5,33.1,33.8,33.7,34.0,34.1,nan,33.4,33.4,33.6,33.5,33.1,33.6,33.4,33.4,33.5,33.5,33.7,33.8,33.9,34.0,33.9,34.0,34.1,34.8,33.7,33.6,33.8,34.0,33.4,33.7,33.6,33.8,33.3,33.5,33.9,33.9,34.3,34.6,34.5,34.5,33.7,33.8,33.8,33.8,33.8,33.8,33.7,33.7,33.5,33.9,34.2,33.9,33.7,34.0,34.0,34.3,33.6,33.8,33.7,33.8,33.7,33.5,33.3,34.0,33.5,33.5,33.7,34.0,34.6,34.9,35.0,35.2,34.9,34.6,34.8,34.3,33.8,33.6,33.8,33.7,33.3,33.8,33.3,33.9,33.8,33.8,33.9,34.4,33.7,33.8,33.7,33.5,33.9,33.4,33.6,34.0,33.5,33.5,33.9,34.1,33.9,33.8,34.4,34.1,34.7,34.4,35.1,35.1,34.8,34.5,33.7,33.9,33.7,33.7,33.7,34.0,33.9,33.9,33.7,34.0,33.6,33.5,33.7,33.9,33.7,33.6,33.8,34.0,33.5,33.7,33.9,34.0,33.6,33.9,33.7,34.1,33.9,33.9,34.2,34.6,34.7,34.2,33.8,33.8,33.4,33.6,33.6,34.1,34.2,33.5,34.4,34.3,33.4,33.7,33.6,33.8,33.4,33.4,33.7,33.7,33.5,33.8,34.0,33.9,33.9,33.9,33.7,33.9,33.5,33.7,33.8,33.9,33.9,33.7,34.0,33.6,33.8,33.8,33.8,33.8,33.8,34.0,34.3,34.4,33.5,33.5,33.0,34.0,33.5,33.7,33.2,33.8,33.4,33.5,33.9,33.9,33.8,33.9,33.9,34.1,33.9,34.0,33.7,34.1,34.0,34.1,33.8,33.7,33.8,33.8,33.8,33.9,34.0,34.2,33.8,34.4
1785310728.5552707,839,33.6,33.5,33.5,33.3,33.3,33.1,33.0,33.1,33.0,33.1,32.9,32.9,33.1,33.1,33.0,33.2,32.9,33.3,32.8,33.3,32.9,32.7,32.9,33.1,32.9,33.1,33.1,32.9,33.4,33.2,33.4,33.3,33.5,33.7,33.2,33.4,33.2,32.8,32.9,33.0,32.7,32.8,33.2,32.8,32.8,33.0,32.6,33.4,32.9,33.2,33.3,33.1,33.0,33.0,33.2,33.3,33.0,33.2,32.9,33.1,33.1,33.3,32.9,33.5,33.6,33.3,33.5,33.5,33.3,32.9,32.8,33.1,32.9,32.8,32.7,33.2,33.0,33.0,32.9,32.9,32.9,32.9,33.0,33.1,32.9,32.9,32.9,33.0,33.2,33.1,32.6,32.9,33.1,32.8,32.9,33.6,33.3,33.9,33.1,33.6,32.7,32.8,32.5,32.8,33.1,32.6,32.6,33.0,32.6,32.8,32.8,33.0,33.1,33.2,33.0,33.0,33.2,33.0,33.2,32.9,33.2,33.2,33.1,33.2,33.0,33.1,33.0,33.2,33.0,33.5,33.1,33.2,33.2,33.3,32.9,32.8,33.0,33.0,32.4,32.8,33.0,32.9,32.9,32.9,33.2,32.9,32.8,33.2,32.9,33.2,33.0,33.1,33.1,32.9,33.0,32.9,32.9,32.9,33.0,33.4,33.1,33.4,33.9,33.4,33.1,32.6,32.6,32.9,32.8,32.9,33.0,33.0,32.9,32.9,32.9,33.1,33.0,32.6,33.1,32.9,33.0,32.9,32.8,33.2,33.0,32.9,33.1,33.4,32.9,33.0,32.7,33.4,33.1,33.4,33.3,33.4,33.0,33.0,33.0,32.8,32.7,32.9,32.8,33.0,33.3,32.8,32.5,33.3,32.9,32.9,32.8,33.4,33.0,33.1,33.0,32.7,33.3,33.0,32.8,33.0,32.9,32.7,33.2,33.6,33.3,33.3,33.2,33.5,33.3,33.1,32.9,32.6,32.8,32.7,32.9,32.8,32.7,32.8,33.0,32.9,32.6,32.6,33.0,32.9,32.9,32.8,32.6,32.6,33.1,33.1,33.0,33.2,33.0,33.3,33.1,33.0,33.3,33.1,33.4,33.1,33.1,32.9,33.1,33.1,33.0,33.2,33.2,33.2,33.3,33.2,33.2,33.5,33.5,33.5,33.3,33.6,33.3,33.2,32.6,32.7,32.7,32.9,33.0,33.3,33.0,33.2,32.7,33.2,33.2,33.2,33.1,33.4,33.0,33.0,32.8,33.0,33.3,33.3,33.1,33.3,33.4,33.6,34.2,34.5,34.3,34.4,34.2,34.5,33.6,33.1,33.1,33.0,33.5,33.1,33.2,33.1,33.0,32.9,32.8,33.1,33.3,33.0,33.5,33.1,33.3,33.4,33.0,33.7,33.3,33.6,34.2,34.1,34.3,34.6,34.9,34.8,34.2,33.9,34.0,34.2,33.7,33.5,33.2,33.1,33.2,33.1,32.9,33.4,33.4,33.5,33.4,33.3,33.5,33.1,33.0,33.2,33.4,33.2,34.0,34.3,33.9,33.6,34.5,34.4,34.7,34.5,34.3,34.7,33.8,33.8,33.5,33.9,33.6,33.4,33.3,33.4,33.1,33.3,33.2,33.1,33.1,33.3,33.3,33.2,33.2,33.0,33.6,33.3,33.6,33.9,35.0,35.4,34.9,34.8,34.1,34.2,34.3,34.3,34.6,34.5,33.7,33.4,33.5,33.7,33.7,33.9,33.6,33.8,33.9,33.6,33.6,33.5,34.2,33.8,33.4,33.8,33.3,33.3,33.1,33.5,33.7,33.8,34.8,35.1,35.0,34.5,34.1,34.0,34.4,34.6,34.5,34.5,33.4,33.8,33.4,33.8,33.8,33.9,33.5,33.9,33.6,33.5,33.9,33.6,33.7,33.3,33.3,34.0,33.2,33.6,33.4,33.8,33.8,33.4,34.0,34.5,34.4,34.3,33.8,34.3,34.5,34.5,34.3,34.2,33.7,33.9,33.5,33.6,33.6,33.7,34.0,33.6,33.8,33.8,33.8,33.7,33.8,33.5,34.0,33.6,33.4,33.4,33.1,33.2,33.4,33.5,33.6,34.1,33.9,33.8,33.9,34.5,34.3,34.3,34.1,34.3,33.8,33.5,33.3,33.7,33.4,33.6,33.9,34.1,34.0,33.8,33.9,33.8,33.7,33.4,33.7,33.7,33.4,33.4,33.4,33.8,33.4,33.2,33.3,33.1,34.2,34.2,33.9,33.6,34.1,34.2,34.0,33.7,33.3,33.4,33.3,33.3,33.5,33.5,34.1,33.8,33.8,34.1,34.0,33.9,34.0,34.0,33.8,33.9,33.6,33.5,33.3,33.3,33.7,33.1,33.4,33.0,33.7,34.0,33.5,33.9,33.8,nan,33.7,33.6,33.8,33.5,33.6,33.8,33.6,33.6,33.7,33.6,33.9,33.6,33.6,33.5,33.7,33.7,33.9,33.6,33.7,33.4,33.0,33.6,33.4,33.3,33.1,33.6,33.5,33.7,34.1,34.1,33.5,33.7,33.5,33.5,33.5,33.2,33.5,33.3,33.3,33.3,33.4,33.0,33.2,33.3,33.4,33.5,33.5,33.6,33.6,33.9,33.4,33.2,33.3,33.4,33.2,33.1,33.3,33.2,33.5,33.5,33.7,33.8,34.3,34.0,33.7,33.7,33.5,33.3,33.3,33.3,33.3,33.1,33.3,33.5,33.5,33.4,33.7,33.8,33.5,33.8,33.7,33.8,33.7,33.8,33.3,33.5,33.3,33.7,33.2,33.3,33.6,33.7,33.7,34.1,34.8,34.7,34.6,34.8,34.7,34.6,34.2,34.3,33.2,33.6,33.2,33.5,33.5,33.5,33.5,33.6,33.5,33.5,33.7,33.6,33.2,33.3,33.1,33.5,33.5,33.5,33.6,33.4,33.3,33.5,33.7,33.8,34.1,34.4,34.2,34.6,34.6,34.8,35.1,34.8,33.7,33.4,33.5,33.3,33.4,33.6,33.4,33.5,33.4,33.6,34.0,34.1,33.4,33.2,33.4,33.4,33.2,33.6,33.3,33.9,33.3,33.7,33.9,33.9,33.7,33.7,33.9,33.7,33.9,33.7,34.7,34.8,33.7,33.6,33.5,33.2,33.6,33.6,33.6,33.8,33.2,33.6,34.1,33.9,33.3,33.3,33.3,33.3,33.3,33.5,33.6,33.8,33.5,33.8,33.9,33.7,33.9,33.8,33.9,33.4,33.6,33.8,33.9,34.0,33.5,33.6,33.1,33.3,33.7,33.2,33.7,33.6,33.6,33.8,34.0,34.2
1785310731.0427933,840,33.4,33.8,33.8,33.0,33.1,33.1,33.4,33.1,32.8,33.1,32.7,32.8,32.9,32.7,33.0,33.3,32.5,32.6,32.8,32.9,33.1,33.3,32.7,32.7,32.7,32.9,33.3,32.9,33.2,33.2,33.2,33.3,34.0,33.1,33.7,33.4,33.0,33.0,32.9,33.2,33.2,32.6,32.8,33.0,33.2,33.0,33.1,33.4,33.1,32.7,33.1,33.4,33.0,32.6,33.1,33.7,33.0,33.0,33.2,33.5,33.6,32.9,33.2,33.5,33.1,33.6,33.5,33.3,32.9,33.1,33.0,33.1,32.6,32.9,32.7,33.5,32.7,33.0,33.0,33.1,32.9,32.9,33.0,32.9,32.9,33.0,32.9,33.4,33.2,33.1,32.6,33.1,32.9,33.1,33.3,33.4,33.5,33.4,33.4,33.4,32.8,32.6,33.0,33.2,32.9,32.4,33.0,33.2,33.1,32.6,32.9,33.0,33.2,32.9,33.0,33.2,33.5,32.8,32.9,32.9,33.0,32.6,32.9,33.2,33.1,33.1,33.0,33.4,33.3,33.5,33.2,33.9,33.0,33.1,33.3,33.2,32.8,33.2,32.6,33.1,32.6,32.7,33.3,33.2,33.2,32.9,33.1,33.1,32.7,33.1,33.4,33.1,32.9,33.1,33.4,32.9,32.9,32.9,33.3,33.4,33.4,32.7,33.5,33.6,33.4,32.8,32.7,32.9,32.8,33.0,32.8,33.0,33.1,32.3,33.3,33.2,32.8,32.8,32.9,32.8,33.1,32.7,33.1,33.0,32.8,33.3,33.1,33.2,33.1,32.8,33.2,33.4,33.2,32.9,33.1,33.6,33.4,33.1,33.1,33.0,32.7,33.1,33.1,33.0,33.1,32.9,33.1,33.1,32.9,32.9,32.9,33.4,33.1,32.8,33.0,32.9,32.8,32.8,33.0,33.2,32.7,33.1,33.2,33.6,33.5,32.9,33.4,33.3,33.3,32.9,32.7,32.9,32.9,32.7,33.1,32.8,32.9,32.7,33.0,33.4,32.8,32.8,32.9,32.8,33.2,32.4,33.1,32.9,32.9,32.8,33.0,33.5,33.4,33.0,33.1,33.4,32.6,33.1,33.0,33.3,33.3,32.9,33.1,33.3,33.0,33.0,32.9,33.1,33.0,32.9,33.2,33.2,33.0,33.2,32.8,32.9,33.0,32.9,32.8,32.8,33.2,33.1,33.0,33.0,33.0,33.0,33.3,33.0,33.3,33.0,33.0,33.6,33.2,32.8,33.0,33.2,33.2,32.8,33.0,33.5,33.3,33.1,33.4,33.9,33.6,33.7,33.5,34.1,33.1,33.0,33.0,33.2,32.6,33.0,33.4,33.3,33.1,33.1,33.0,33.1,33.1,33.4,32.9,33.1,32.9,33.4,33.2,33.5,32.9,33.4,33.5,33.7,34.3,34.4,35.1,35.0,34.5,34.5,34.6,34.8,33.7,33.2,32.9,33.0,33.2,33.0,32.9,33.4,32.9,33.3,33.2,33.3,33.7,32.9,33.4,33.2,33.1,33.3,33.5,34.1,33.6,33.0,34.2,34.5,34.4,34.4,34.7,34.7,34.3,33.6,33.9,34.1,33.5,33.3,33.3,33.0,33.1,33.5,33.2,33.3,33.0,33.2,33.3,33.4,33.2,33.6,33.6,33.6,33.6,33.9,34.9,35.5,34.8,34.6,34.7,34.1,34.3,34.7,34.7,34.5,33.9,33.6,33.8,33.9,33.7,33.7,33.6,33.5,33.6,33.7,33.5,33.9,33.4,33.5,33.6,33.8,33.5,32.9,33.1,33.5,33.9,33.6,35.0,35.1,35.2,34.7,34.5,34.5,34.4,34.3,34.4,34.5,33.6,33.7,33.8,33.6,34.1,33.6,33.7,33.9,34.2,34.0,33.9,33.8,33.5,33.5,33.7,33.6,33.0,33.4,33.4,33.8,33.3,33.6,34.3,35.2,34.2,34.8,34.3,34.2,34.3,34.7,34.6,34.4,33.4,33.7,33.5,33.7,33.5,34.2,34.0,33.8,33.6,33.4,34.2,33.7,33.6,33.5,33.8,34.0,33.2,33.4,33.3,33.4,33.6,33.3,34.0,34.1,34.0,34.2,34.1,34.2,34.4,34.1,34.1,34.3,33.8,33.7,33.5,33.7,33.6,33.8,33.7,34.1,33.8,33.5,33.9,34.2,33.7,33.5,34.1,34.3,33.0,33.4,33.0,33.6,33.0,33.4,33.3,33.8,33.9,34.3,33.8,34.0,34.1,34.3,34.1,34.0,33.5,33.7,33.7,33.5,33.5,33.7,34.0,34.1,33.8,33.8,34.2,33.9,33.4,34.0,34.0,34.2,33.4,33.1,33.1,33.3,33.6,33.1,33.4,33.7,33.7,34.0,33.9,33.9,34.2,nan,33.9,34.1,33.5,33.2,32.9,33.8,33.8,33.4,33.7,34.1,33.9,33.8,33.8,33.6,33.9,33.7,34.1,34.1,33.5,33.6,33.8,33.8,33.2,33.5,33.6,33.5,33.4,33.7,33.9,34.1,33.5,33.5,33.5,33.5,33.3,33.4,33.3,33.5,33.3,33.5,33.6,33.7,33.5,33.5,33.6,33.7,33.5,33.6,34.2,33.9,33.0,33.6,33.3,33.4,33.4,33.0,33.2,33.6,33.4,33.5,33.7,34.4,34.2,33.8,33.8,33.6,33.5,33.2,33.6,33.7,33.6,33.3,33.4,33.5,33.5,33.2,33.7,33.8,33.3,33.3,33.7,34.2,33.3,33.6,33.3,33.3,33.2,33.7,33.4,33.6,33.6,33.5,33.9,34.8,34.5,34.9,34.9,34.3,34.3,34.0,34.4,33.8,33.4,33.5,33.7,33.7,33.5,33.7,33.8,34.2,33.5,33.3,33.7,34.2,33.0,33.1,33.5,33.7,33.5,33.3,33.4,33.6,33.1,33.3,34.1,34.3,34.4,34.1,34.8,34.6,34.8,34.4,34.4,34.8,33.6,33.4,33.7,33.5,33.6,33.6,33.5,33.9,33.8,33.2,33.8,34.1,33.4,33.5,33.6,34.1,33.4,33.8,33.5,33.4,33.5,33.7,33.7,33.7,33.7,33.9,33.7,33.9,33.5,34.1,35.1,35.3,33.7,33.4,33.7,33.4,33.4,33.3,33.8,33.8,33.4,33.8,34.1,34.4,33.1,33.3,33.3,33.8,33.7,33.5,33.6,33.6,33.6,33.5,33.8,34.1,33.6,33.6,33.8,33.7,33.8,33.6,34.5,34.2,33.7,33.2,33.5,33.9,33.7,33.4,33.9,33.8,33.6,33.2,34.0,34.2
1785310733.5949013,841,33.9,33.5,33.3,33.5,33.1,32.7,33.2,33.1,33.2,33.1,32.9,33.4,33.1,32.7,33.2,33.3,33.3,32.9,33.0,33.3,33.3,32.9,32.9,32.9,33.5,33.1,33.1,33.1,33.4,32.8,33.7,33.8,33.5,33.4,33.4,33.5,33.2,33.0,33.1,33.2,33.0,32.8,33.2,33.0,32.8,33.0,33.0,33.4,32.9,32.9,33.1,33.1,32.8,33.0,33.6,33.1,32.8,33.0,33.2,33.5,33.3,33.4,33.5,33.5,33.6,33.8,33.5,33.8,33.3,33.1,33.2,32.9,33.2,32.9,32.7,33.4,33.0,33.0,32.7,33.1,33.1,32.9,33.2,33.1,33.3,33.0,32.8,33.0,33.1,32.9,32.6,32.7,33.4,33.1,33.4,33.8,33.5,33.4,33.8,33.4,32.8,33.0,33.0,33.0,33.3,33.0,33.0,33.2,32.8,32.8,33.3,33.2,33.2,33.0,33.0,33.4,33.2,32.8,33.4,33.1,33.2,33.0,33.1,33.0,33.3,33.3,33.2,33.2,33.0,33.7,33.2,33.3,33.4,33.3,33.0,33.4,32.8,33.2,32.8,33.0,33.2,33.1,32.8,32.9,33.1,32.8,33.2,33.3,33.2,33.1,32.9,33.0,33.3,33.1,32.8,33.1,32.9,33.1,32.6,33.7,33.2,33.2,33.5,33.6,33.6,33.0,32.9,32.8,32.6,33.0,33.1,32.7,32.8,32.9,32.9,33.2,33.2,33.0,32.9,33.1,33.1,32.9,33.3,33.0,33.0,33.1,33.1,33.2,33.3,32.8,33.2,33.4,33.6,32.9,33.4,33.8,33.4,33.3,33.0,33.0,32.9,33.1,32.6,32.9,33.0,32.8,32.6,33.1,33.1,32.9,32.9,33.2,32.8,32.8,32.9,33.1,33.2,33.0,33.2,33.0,33.3,33.3,33.0,33.4,33.1,33.1,33.2,33.6,33.0,32.8,33.1,33.0,32.7,32.9,32.9,33.0,32.7,32.9,33.0,33.4,32.8,33.1,33.2,33.1,32.9,33.4,32.9,33.1,32.9,33.0,33.0,33.2,33.0,33.4,33.1,33.2,33.5,33.1,33.2,33.5,32.9,33.3,33.3,33.3,33.2,33.2,33.2,33.2,33.8,33.4,34.3,34.0,34.3,33.9,34.1,33.7,34.1,33.2,33.1,33.1,33.2,32.9,32.9,33.0,33.2,33.0,32.9,33.4,33.7,33.6,33.6,33.2,33.4,33.2,33.3,33.5,33.2,33.1,33.1,34.0,33.7,34.2,34.8,35.0,34.7,34.5,34.7,34.6,33.4,33.8,33.0,33.2,33.2,33.2,33.4,33.4,33.1,33.3,32.8,33.3,33.3,33.2,33.3,33.1,33.1,33.7,34.1,33.9,34.3,33.6,34.2,34.0,34.5,34.8,34.6,34.5,34.2,33.9,33.7,34.1,33.2,33.4,33.4,33.5,33.5,33.3,33.1,33.3,33.3,33.1,33.2,33.1,33.1,33.1,33.4,33.4,33.4,33.6,34.8,35.3,34.4,34.6,34.3,34.4,34.7,34.4,34.5,34.7,33.5,33.8,33.2,33.6,33.8,33.9,33.5,34.0,33.5,34.0,33.8,33.7,33.2,33.4,33.5,33.4,33.4,33.2,33.6,33.8,34.1,33.9,34.2,35.5,35.3,34.5,34.1,34.6,34.5,34.5,34.5,34.4,34.2,33.6,33.5,33.9,33.9,33.9,33.8,33.8,34.1,33.5,33.8,33.9,34.0,33.5,33.8,34.0,33.7,33.3,33.5,33.5,33.3,33.8,35.0,34.8,35.0,34.5,34.3,34.2,34.1,34.5,34.6,34.6,33.5,33.7,33.5,33.5,33.8,33.9,33.7,33.9,33.8,33.9,34.1,34.0,33.7,34.1,33.5,34.0,33.4,33.2,33.4,33.4,33.8,33.4,33.6,34.4,33.9,34.3,34.3,34.3,34.2,34.5,34.7,34.5,33.9,33.4,33.5,33.7,33.5,33.6,34.0,34.0,33.8,33.6,33.8,33.7,33.6,33.5,33.6,33.8,33.2,33.6,33.5,33.4,33.4,33.3,34.0,33.6,34.0,33.8,34.2,33.7,34.1,34.1,34.2,34.3,33.5,33.8,33.7,33.9,33.8,33.8,33.9,34.3,33.8,34.0,33.6,34.4,33.5,33.4,33.7,34.1,33.7,33.2,33.8,33.6,33.2,32.8,33.3,33.5,33.7,33.9,34.0,33.8,33.8,33.7,33.7,33.9,33.5,33.6,33.5,33.7,33.3,33.2,34.0,33.8,34.1,33.8,33.6,34.1,34.0,33.8,33.8,33.8,33.5,33.3,33.1,33.5,33.4,33.2,33.4,33.6,33.5,33.7,33.9,34.1,33.7,nan,33.4,33.3,33.3,33.7,33.4,33.3,33.8,33.6,34.0,33.4,33.6,33.7,34.0,33.8,33.9,33.7,34.3,34.1,33.7,33.6,33.6,33.6,33.4,33.4,33.6,33.6,33.2,33.6,33.6,34.3,34.2,33.7,34.0,33.3,33.2,33.2,33.3,33.4,33.7,33.4,33.4,33.6,33.5,33.2,33.8,33.7,33.7,34.0,34.1,34.2,33.5,33.4,33.7,33.8,33.8,33.3,33.2,33.6,33.2,33.4,34.1,33.9,34.7,34.8,33.9,34.6,33.5,34.0,33.1,34.0,33.3,33.4,33.7,33.4,33.7,33.2,33.5,33.4,33.3,33.9,33.5,34.2,33.7,34.0,33.5,33.5,33.4,33.1,33.5,33.6,33.7,33.5,33.9,34.3,34.1,34.7,34.3,34.7,34.3,34.6,35.5,34.0,34.4,33.7,33.6,33.4,33.4,33.3,33.6,33.5,33.9,33.5,33.7,34.3,33.2,33.6,33.3,33.5,33.3,33.5,33.4,33.7,33.5,33.5,34.3,33.8,33.9,33.8,34.1,34.3,34.4,33.9,34.9,35.2,33.4,33.7,33.7,33.0,33.4,33.6,33.7,33.9,33.6,33.4,34.0,34.1,33.9,33.5,33.4,33.6,33.8,33.4,33.7,33.6,33.7,34.1,33.7,34.1,33.5,33.6,33.9,33.8,33.5,33.8,34.0,34.5,33.5,33.4,33.7,33.8,34.0,33.5,34.1,33.8,33.8,33.4,33.9,34.4,33.1,33.3,33.7,33.3,33.3,33.5,33.6,33.8,33.6,33.9,34.1,33.8,33.8,33.4,33.8,33.8,33.6,33.6,34.1,33.8,33.7,33.4,33.5,33.5,33.5,33.4,33.9,34.0,33.4,33.8,34.1,33.9
1785310736.1394641,842,33.1,33.8,33.0,33.5,33.3,33.1,32.8,33.1,32.8,32.7,32.9,33.4,32.9,32.9,33.1,33.5,32.9,32.8,33.0,33.3,32.9,33.1,32.5,33.3,33.1,32.9,32.9,33.4,33.6,33.5,32.7,33.3,33.8,33.2,33.7,33.5,33.7,33.0,33.1,33.0,33.0,32.8,33.0,32.7,33.2,33.2,33.0,32.8,32.7,33.1,33.1,33.1,33.0,32.6,33.3,33.1,33.2,32.6,32.8,33.3,33.3,33.4,33.5,33.0,33.4,33.9,33.3,33.8,33.5,33.1,32.6,33.3,32.8,33.1,32.9,33.4,32.7,32.7,32.7,33.1,32.9,32.9,32.9,33.1,32.9,33.0,33.1,33.2,32.9,33.5,32.9,33.1,33.1,33.1,33.1,33.4,34.0,33.2,33.6,33.2,32.8,33.0,33.0,33.0,33.1,32.8,33.0,32.7,32.8,33.0,33.1,32.7,33.3,33.1,33.0,32.9,33.0,32.8,33.2,32.9,33.2,33.0,33.1,33.0,33.3,33.1,33.7,33.2,33.3,33.7,33.2,33.5,33.2,33.1,32.6,33.2,32.6,32.9,32.5,33.1,32.8,33.1,33.1,33.1,33.1,33.3,32.6,33.1,32.9,32.9,32.9,33.2,33.3,32.9,32.6,33.3,33.2,32.5,32.6,33.4,33.2,33.4,33.1,33.4,33.6,33.2,33.1,32.6,32.8,32.6,33.2,32.9,33.0,33.0,33.1,32.7,33.3,32.8,32.9,33.0,33.0,32.6,33.3,32.9,33.2,33.1,33.1,33.2,33.3,32.8,33.2,32.9,33.2,33.4,32.7,33.6,33.6,32.9,33.0,32.8,32.6,32.8,32.6,33.0,33.1,32.8,32.7,33.1,33.2,32.9,32.8,33.2,33.1,33.0,32.7,33.2,33.2,32.9,32.6,33.2,32.9,33.1,33.0,33.8,32.7,32.9,33.4,33.4,32.8,33.1,33.1,33.0,32.7,32.5,32.9,32.6,32.9,32.7,33.1,32.8,32.8,32.8,32.9,33.1,33.2,32.9,33.1,32.6,33.1,32.8,33.2,33.0,33.2,33.2,33.1,33.2,33.1,33.1,33.2,33.5,33.1,33.1,32.7,33.3,32.7,33.0,32.9,33.4,33.0,33.4,32.9,33.7,32.9,33.2,32.8,33.2,33.0,33.0,32.8,32.9,32.5,32.9,32.7,33.7,33.0,33.1,32.5,33.4,32.8,33.4,33.4,33.0,33.4,32.7,33.5,33.0,33.2,33.0,33.1,32.8,33.4,33.1,34.0,33.3,34.1,33.6,34.0,33.5,33.1,32.8,33.2,32.9,32.8,33.2,33.2,33.1,33.4,33.1,33.0,32.9,33.3,33.0,33.3,33.7,32.9,33.4,33.1,33.9,33.1,33.3,33.2,34.2,33.8,34.4,34.5,35.0,35.0,34.5,34.1,34.7,34.5,33.7,33.3,33.5,33.0,33.0,32.8,33.6,32.6,33.3,32.8,33.3,33.5,33.1,33.3,32.7,33.3,33.3,34.4,34.1,34.1,33.1,33.8,33.9,34.3,34.2,34.8,34.7,34.3,34.2,33.7,34.3,33.5,33.9,33.3,33.0,33.5,33.4,33.2,33.3,33.2,33.4,33.5,33.0,33.0,33.2,33.0,33.6,33.2,33.4,34.0,35.5,35.3,34.9,34.3,34.1,34.3,34.4,34.7,34.5,34.2,33.9,33.8,34.1,33.9,34.1,33.5,34.2,33.4,33.8,33.6,33.9,33.8,33.7,33.2,34.0,33.5,32.5,33.3,33.1,33.1,33.6,34.6,34.8,35.2,35.0,34.3,34.4,34.1,34.6,34.6,34.6,33.8,34.0,33.6,33.6,33.6,34.1,34.1,33.8,33.5,34.1,34.1,33.6,33.5,33.3,33.7,33.8,33.4,33.7,33.4,33.8,33.3,33.4,34.0,34.7,34.4,34.3,34.3,34.5,34.3,34.5,34.3,34.7,34.1,33.9,33.3,33.6,33.7,33.7,34.0,34.2,33.5,33.6,33.7,34.1,33.8,33.5,33.6,34.2,33.2,33.4,33.3,33.2,33.3,33.3,33.8,34.0,33.9,34.3,33.7,34.2,34.3,34.3,34.7,34.3,34.0,34.0,33.5,33.4,33.6,33.7,33.9,34.1,33.7,33.7,33.7,33.8,33.5,33.7,33.9,33.7,33.5,33.4,33.4,33.8,33.2,33.0,33.5,33.7,33.7,34.1,33.3,34.2,34.1,34.2,34.3,34.4,34.0,33.6,33.2,33.7,33.3,33.7,33.8,34.0,33.8,33.8,33.7,34.0,33.4,33.8,33.6,33.8,33.0,33.3,33.5,33.0,33.6,33.3,33.9,33.4,33.7,33.7,33.9,33.7,34.0,nan,33.9,33.3,33.6,33.7,33.4,33.3,33.8,33.9,34.1,33.7,33.9,34.2,34.1,33.7,33.9,33.5,34.3,34.1,33.3,33.4,33.2,33.8,33.2,33.4,33.4,33.8,33.4,33.7,33.9,34.3,33.5,33.8,33.5,33.7,33.5,33.2,33.3,33.5,33.5,33.5,33.4,33.6,33.7,33.7,33.8,34.1,33.9,34.0,34.1,34.4,33.0,33.2,33.3,33.4,33.4,33.2,33.4,33.3,33.2,33.5,34.3,33.9,34.2,34.0,33.6,33.3,33.3,33.2,33.8,33.5,33.1,33.4,33.4,33.7,33.3,33.4,34.1,33.8,33.7,33.9,34.2,34.2,33.5,33.4,33.6,33.9,33.0,33.5,33.1,33.8,33.6,33.4,33.6,34.5,34.8,34.9,34.3,35.2,34.2,34.3,33.7,34.0,33.6,33.7,33.6,33.6,33.4,33.9,33.6,34.0,34.1,33.7,33.5,34.0,33.6,33.1,33.8,33.3,33.4,33.7,33.5,33.3,33.3,33.5,33.8,33.8,33.9,34.8,35.0,34.8,34.6,34.6,34.9,34.0,33.7,33.6,33.8,33.3,33.3,33.6,33.5,33.7,33.8,33.6,34.0,33.9,33.2,33.2,33.2,34.1,33.2,33.2,33.2,33.6,33.7,33.5,33.3,33.9,33.9,33.9,33.5,34.1,33.7,33.9,34.9,35.4,33.9,33.4,33.3,33.5,33.6,33.6,33.7,33.4,33.4,33.6,33.9,34.4,33.3,33.3,33.5,33.1,33.3,33.3,33.6,33.8,33.4,33.5,34.0,33.8,34.2,33.8,33.8,33.2,33.4,34.2,34.1,34.4,33.6,33.6,33.7,33.1,33.7,33.2,33.7,33.6,33.6,33.8,34.3,33.7
1785310738.6901667,843,33.9,33.3,33.5,33.8,33.1,33.4,33.4,33.1,33.0,32.5,32.7,33.0,32.7,32.7,33.2,33.5,32.6,32.6,33.1,33.1,32.9,33.0,33.1,33.1,33.1,32.9,32.9,32.9,33.0,33.0,33.2,33.6,33.3,33.2,33.7,33.5,33.3,33.2,33.3,33.2,32.8,32.8,33.0,33.3,32.7,33.1,32.8,33.0,32.5,32.9,33.0,33.1,33.0,32.8,32.9,33.3,32.6,32.6,33.4,33.3,32.9,32.7,33.2,33.7,33.6,32.9,33.5,33.6,33.3,32.9,33.0,33.1,32.8,32.7,32.9,33.2,33.2,32.9,32.7,33.1,32.7,32.9,32.9,32.9,33.1,32.8,32.8,33.2,32.9,32.7,33.1,33.1,33.2,33.1,33.1,33.1,33.1,33.4,33.6,33.6,33.0,32.8,33.2,33.0,32.9,32.8,33.0,32.9,32.8,32.8,32.8,33.0,32.7,32.9,33.2,33.1,32.9,33.0,32.7,33.3,33.4,32.7,32.9,33.0,32.9,33.1,33.0,33.5,33.1,33.3,33.4,33.5,33.2,32.7,33.0,33.0,32.6,32.7,32.8,32.8,32.8,32.7,33.1,32.7,33.1,32.6,33.0,32.7,32.9,32.9,33.1,33.0,33.3,32.7,32.8,32.8,33.0,32.7,32.8,33.4,33.4,33.2,32.6,33.4,33.2,32.8,33.2,32.8,32.7,33.0,33.0,32.7,32.6,32.8,33.1,33.3,32.7,33.0,33.3,33.1,32.8,33.1,33.3,33.0,33.0,32.8,33.1,33.2,33.1,32.7,32.8,33.2,33.6,32.7,33.4,33.2,33.2,32.9,33.3,33.2,33.1,32.8,33.0,33.0,32.8,32.8,33.1,33.1,33.2,33.2,33.0,33.2,32.8,32.8,32.7,33.1,33.0,32.7,33.0,32.7,32.9,32.9,33.2,33.0,33.3,33.1,33.5,33.4,33.0,33.1,33.1,33.5,33.2,32.7,32.9,33.3,32.9,33.2,33.2,33.7,33.0,33.1,33.2,33.3,33.1,32.5,33.0,33.1,32.6,33.0,32.9,33.2,32.8,33.2,33.6,33.0,33.1,33.4,33.0,33.3,32.9,33.1,33.3,33.6,33.4,33.2,33.4,33.6,34.0,33.4,34.8,34.8,34.8,34.8,34.6,34.8,34.3,34.0,33.1,32.9,32.9,32.9,33.1,33.3,32.8,33.2,33.1,33.2,33.3,33.4,32.8,33.4,33.0,33.4,33.5,34.2,33.7,33.5,33.6,34.2,33.7,34.4,34.7,34.7,34.4,34.1,34.0,34.7,34.6,33.8,33.7,33.4,33.0,33.2,33.4,33.4,33.1,32.9,33.2,33.3,33.3,33.0,33.4,33.3,33.3,33.4,34.6,34.7,35.4,35.1,34.2,34.3,34.2,34.2,34.8,34.9,34.0,33.9,33.7,33.7,33.6,33.4,33.6,33.8,33.4,33.5,33.8,33.8,33.3,33.1,33.8,33.7,32.9,32.9,33.3,33.3,33.1,33.3,33.9,35.0,35.5,35.1,34.7,34.2,34.4,34.6,34.5,34.9,34.3,33.8,33.6,33.9,33.6,33.6,33.7,34.0,33.7,33.9,33.8,33.8,33.7,33.4,33.7,33.8,33.4,33.2,33.2,33.6,33.8,33.4,34.4,34.0,34.9,34.3,34.3,34.4,34.2,33.9,34.4,34.9,34.1,33.4,33.3,33.8,33.6,33.3,34.0,34.0,33.8,33.5,33.8,33.7,33.5,33.1,33.6,33.8,33.1,32.9,33.1,32.9,33.1,33.5,33.4,33.8,34.0,34.0,34.2,34.4,34.1,34.5,34.7,34.6,34.0,33.8,33.6,33.5,33.3,33.5,34.1,33.8,33.5,33.6,33.5,33.8,33.5,33.4,33.7,34.1,33.5,33.4,33.4,33.4,33.7,33.1,33.3,33.5,34.1,34.0,33.8,34.0,34.0,34.0,34.2,34.5,33.8,33.9,33.7,33.7,33.5,33.2,34.0,33.8,33.6,33.6,33.7,33.7,33.3,33.5,33.8,34.0,33.2,33.4,33.3,33.8,33.1,33.3,33.4,33.6,33.2,34.0,33.9,34.2,33.5,33.8,34.1,34.2,33.8,33.8,33.5,33.5,33.4,33.7,33.9,34.1,33.9,33.9,34.1,34.4,33.4,33.4,33.5,33.9,33.2,33.2,33.6,33.6,33.0,33.0,33.1,33.7,33.4,33.2,34.0,33.8,33.7,33.7,33.5,33.4,33.4,33.4,33.4,33.4,33.5,33.2,33.8,33.5,34.0,33.4,33.8,33.8,33.6,33.4,33.8,34.2,33.0,33.1,33.3,33.4,33.2,33.4,33.4,33.0,33.2,33.4,33.9,33.9,33.5,nan,33.3,33.1,33.2,33.0,33.4,33.2,33.1,33.3,33.9,33.4,33.2,33.5,33.8,33.7,33.9,33.7,33.9,34.1,33.3,33.0,33.0,33.4,33.4,33.4,33.4,33.6,33.2,33.1,33.8,34.1,34.5,34.2,34.0,34.2,33.7,33.4,33.7,33.5,33.5,33.0,33.6,33.4,33.2,33.4,33.8,33.7,33.6,33.2,33.9,33.7,32.8,33.6,33.5,33.6,33.0,33.5,33.4,33.6,33.2,33.0,33.4,33.9,34.2,34.5,34.8,34.9,34.5,34.5,34.5,34.2,33.5,33.4,33.4,33.7,33.3,33.1,33.4,33.8,33.5,33.7,33.5,33.8,33.3,33.4,33.1,33.5,33.2,32.9,33.3,33.5,33.4,33.2,33.8,33.8,33.4,33.5,34.1,33.8,34.0,33.8,34.9,35.2,33.9,33.8,33.7,33.4,33.5,33.0,33.6,33.7,33.7,33.3,33.7,34.0,32.7,33.1,33.1,33.3,32.8,33.5,33.5,34.0,33.1,33.4,33.6,33.8,33.4,34.1,33.9,33.8,33.8,33.8,34.4,34.8,34.3,33.4,33.7,33.5,33.4,33.2,33.3,33.8,33.2,33.6,33.8,33.9,33.2,33.2,33.2,33.9,33.2,33.0,33.6,33.6,33.5,33.3,33.7,33.6,33.6,33.0,33.5,33.6,33.6,33.4,33.7,33.9,33.9,33.4,33.5,33.5,33.6,33.3,33.5,34.0,33.6,33.6,34.4,34.2,32.8,33.1,33.1,33.6,32.9,33.1,33.2,33.7,33.4,33.7,33.6,34.0,33.3,33.6,33.4,33.6,33.3,33.3,33.6,34.2,33.4,33.2,33.5,33.7,33.5,33.4,33.9,33.6,33.2,33.9,33.8,34.2
1785310741.237793,844,33.9,33.3,33.6,33.5,33.1,33.2,32.8,33.1,33.2,32.9,32.9,33.2,33.1,33.1,32.9,33.3,33.1,33.0,33.1,33.1,33.3,32.8,32.5,32.9,33.3,33.1,33.8,33.6,33.9,33.2,33.4,33.3,34.1,33.4,33.9,33.5,33.7,32.6,32.7,33.2,33.2,33.0,32.7,33.1,33.2,33.1,33.1,33.2,33.2,32.9,33.1,33.3,32.8,32.8,32.7,33.1,33.2,32.8,33.2,33.7,33.3,33.1,33.2,33.0,33.1,33.6,33.5,33.8,33.3,33.3,32.8,33.1,33.2,32.9,32.9,33.0,33.0,32.9,33.1,33.1,33.4,32.9,33.1,32.9,33.1,33.0,33.0,33.0,33.3,32.9,33.1,32.9,33.2,33.3,33.4,33.1,33.5,33.7,33.1,33.6,33.4,33.1,33.0,33.0,32.9,32.6,33.0,33.1,32.8,33.2,33.1,33.0,32.7,33.2,33.4,33.2,33.0,33.0,33.2,32.9,33.2,33.0,32.7,33.2,33.1,33.1,33.0,33.5,33.1,33.5,33.2,33.5,33.4,33.1,32.8,32.8,32.8,32.7,32.8,32.6,33.0,32.9,33.1,32.9,33.1,33.3,33.2,32.9,33.2,33.2,32.9,33.3,33.5,33.3,33.0,33.3,33.2,33.4,32.8,33.5,33.6,33.2,33.3,33.4,33.6,33.0,33.1,33.0,33.0,33.3,33.0,32.9,33.1,33.3,33.1,33.2,33.2,33.0,32.9,33.0,33.0,32.9,33.3,33.2,33.0,33.1,33.1,33.0,33.5,33.3,33.4,33.2,33.6,33.4,32.9,33.6,33.2,33.3,33.2,33.2,33.1,33.5,33.2,33.0,33.6,33.3,33.0,33.6,33.1,33.2,33.1,33.5,33.2,32.8,32.7,33.2,33.0,33.0,33.0,32.9,33.1,32.9,33.0,33.2,33.3,32.9,33.0,33.4,33.4,33.1,33.3,33.1,32.9,33.0,33.6,33.3,33.6,33.9,34.0,34.2,34.2,33.7,34.2,33.4,33.4,32.9,33.1,33.1,33.1,32.8,33.1,33.2,33.2,33.2,33.1,33.2,33.3,33.4,33.2,33.5,33.5,33.7,33.6,34.4,33.6,33.5,34.1,34.2,34.3,34.5,34.6,35.0,34.3,34.2,34.4,34.8,33.5,33.4,33.1,33.1,32.9,33.3,33.1,33.3,32.8,33.2,32.9,33.2,33.5,33.0,33.2,33.6,33.6,33.9,34.9,34.2,34.5,34.1,34.1,34.5,34.5,34.8,34.8,34.6,33.7,33.6,33.5,34.3,33.8,33.5,33.2,33.4,33.3,33.7,33.5,33.1,33.3,33.5,33.2,33.1,33.6,33.2,33.6,33.3,33.9,34.3,35.3,35.4,34.9,34.8,34.2,34.5,34.8,34.5,34.3,34.5,33.9,33.7,33.7,33.7,33.7,33.7,33.4,34.0,33.7,33.7,33.5,33.6,33.3,33.7,33.6,33.9,33.3,32.9,33.5,33.5,33.4,33.8,34.8,35.1,34.6,34.0,34.5,34.7,34.6,34.7,34.0,34.1,34.0,33.5,33.6,33.8,33.9,33.6,33.7,33.9,33.8,33.9,33.8,33.7,33.9,33.7,33.9,33.6,33.6,33.6,33.2,33.8,33.8,33.8,34.2,34.4,33.9,34.1,34.1,34.3,34.8,34.0,34.0,34.4,33.6,33.7,33.3,33.6,34.0,33.6,33.7,33.8,33.8,33.7,33.6,33.7,34.0,33.5,33.6,33.6,33.1,33.5,33.3,33.7,33.5,33.8,33.6,33.8,34.3,34.4,34.3,34.4,34.3,34.5,34.1,34.2,33.6,33.7,33.6,33.6,33.6,33.6,33.7,33.6,34.0,33.6,33.6,33.8,33.3,33.4,33.1,33.5,33.9,33.7,33.6,33.6,33.5,33.3,33.5,33.7,34.1,34.0,33.8,33.9,34.0,34.0,33.9,33.7,33.4,33.6,33.3,33.6,33.7,33.7,33.8,34.3,34.0,33.5,33.8,33.9,33.7,33.3,33.6,33.8,33.2,33.4,33.3,33.8,33.1,33.3,33.6,33.5,33.7,33.9,33.6,33.9,34.3,34.0,33.6,34.2,33.3,33.5,33.2,33.7,33.3,34.0,33.7,34.0,34.2,34.0,33.8,34.2,33.5,33.8,33.7,34.1,33.2,33.2,33.0,33.4,33.6,33.2,33.5,33.5,33.7,33.6,33.6,34.3,33.8,33.4,33.5,33.4,33.4,33.6,33.5,33.4,33.5,33.2,33.6,33.6,33.8,33.4,33.7,33.8,34.2,34.0,33.6,34.0,33.7,33.3,33.3,33.7,33.4,33.2,33.2,33.0,33.4,34.1,34.1,34.4,34.0,nan,33.4,33.3,33.2,33.2,33.4,33.7,33.3,33.3,33.4,33.6,33.7,33.1,33.4,33.8,34.0,33.5,34.3,34.5,33.9,33.6,33.2,33.6,33.4,33.4,33.1,33.7,33.6,33.6,34.5,34.5,34.9,34.8,34.4,34.7,34.0,34.4,33.2,33.5,33.7,33.4,33.2,33.6,33.4,33.4,33.5,33.9,33.7,33.4,33.9,34.0,33.0,33.4,33.5,33.2,33.4,33.2,33.2,33.5,33.2,33.7,33.8,34.5,34.2,34.3,34.6,34.9,34.8,34.8,34.5,34.0,33.3,33.4,33.7,33.9,33.5,33.3,33.5,33.2,33.7,33.5,34.0,33.6,33.3,33.4,33.1,33.5,33.6,33.5,33.5,33.7,33.6,33.4,33.8,33.9,33.5,33.9,33.6,33.8,34.5,34.5,34.6,34.7,33.8,33.5,33.6,33.4,33.7,33.5,33.2,33.7,33.9,33.3,33.5,34.0,32.7,33.2,33.1,33.7,33.4,33.5,33.6,33.7,33.5,33.5,33.6,33.7,33.6,33.6,33.6,34.0,33.6,34.3,34.2,34.1,33.4,33.4,33.5,33.5,33.4,33.4,33.3,33.9,33.4,33.4,33.8,34.4,33.4,33.2,33.0,33.7,33.4,33.4,33.6,33.9,33.7,33.7,33.5,33.6,33.6,33.6,33.4,33.6,33.6,33.8,33.9,33.9,33.7,33.4,33.3,33.5,33.8,33.7,33.7,33.6,33.8,33.6,34.2,34.0,33.1,33.1,33.1,33.1,32.9,33.3,32.9,33.5,33.2,33.5,33.4,34.0,33.4,33.6,33.6,33.4,33.4,33.5,33.9,34.0,33.6,33.4,33.3,33.7,33.5,33.4,33.5,33.8,33.6,33.9,33.8,34.0
1785310743.8088129,845,34.2,33.5,33.6,33.3,33.3,33.4,33.0,33.1,33.0,33.1,33.3,33.0,33.1,32.9,32.9,33.1,32.8,33.1,33.1,33.1,32.9,33.3,33.1,33.3,32.7,33.1,32.9,32.9,33.0,33.5,33.4,33.3,33.8,33.2,33.7,33.5,33.3,32.8,32.9,33.0,33.2,33.0,33.0,33.4,33.2,33.1,32.8,33.2,33.2,32.9,33.3,33.3,33.4,33.0,32.9,33.3,33.0,33.0,33.0,33.1,33.1,32.9,32.5,33.7,33.6,33.9,33.5,33.6,33.1,33.1,33.2,33.1,32.6,32.9,32.8,33.4,32.7,32.9,32.5,33.1,32.7,33.1,33.1,33.3,33.3,33.2,33.0,33.0,32.7,33.3,32.9,33.2,33.4,33.1,32.9,33.4,33.1,33.7,33.6,33.9,32.8,32.8,33.2,33.2,33.3,33.2,32.7,33.2,33.2,32.8,32.8,33.2,33.1,33.1,33.0,32.7,33.2,32.9,32.9,33.1,33.4,32.7,32.9,33.0,32.9,33.1,33.3,33.2,33.1,33.5,33.6,33.7,32.8,33.1,33.0,33.0,32.8,32.9,33.0,33.0,33.0,33.1,33.1,32.9,33.1,32.8,32.8,32.9,32.7,32.9,32.9,33.2,33.1,33.6,33.2,33.3,33.0,33.4,32.9,33.5,33.2,33.6,33.5,33.4,33.4,32.8,32.7,33.0,33.0,33.0,32.8,32.9,33.3,32.6,32.8,33.2,33.2,32.7,33.1,33.0,33.0,32.9,33.0,33.4,32.8,33.1,33.1,33.0,33.1,33.3,33.2,33.4,33.6,33.6,33.6,33.6,33.2,32.9,33.2,32.7,32.9,33.1,32.8,33.0,33.0,33.0,32.8,33.2,33.1,32.9,32.8,33.2,33.2,33.0,33.2,32.9,32.8,33.0,33.0,33.2,32.7,33.3,33.5,33.2,33.3,33.3,32.8,33.6,33.5,33.2,33.3,33.1,33.2,32.9,33.2,33.0,33.6,32.9,33.1,33.4,33.1,32.9,32.9,33.3,33.3,32.9,33.1,32.6,32.9,33.0,33.2,33.0,33.2,33.2,33.1,33.5,33.1,33.6,33.4,33.5,33.3,33.5,33.4,33.3,33.2,33.2,33.4,34.1,33.7,34.3,34.6,35.0,35.0,34.5,34.9,35.0,33.3,33.1,33.1,33.1,33.1,33.1,33.1,33.5,32.8,33.2,33.1,33.2,33.5,33.4,33.2,33.2,33.6,33.0,33.5,33.5,33.5,33.6,33.8,34.0,34.1,34.4,34.8,35.0,34.2,33.9,34.7,35.1,33.4,33.1,33.2,33.1,33.5,33.0,33.4,33.5,33.3,33.1,33.0,33.1,32.9,33.2,33.6,33.7,33.7,34.1,34.8,34.9,34.1,34.4,34.4,34.5,34.6,34.8,34.5,34.5,33.9,33.6,33.7,33.4,33.4,33.7,33.8,34.0,33.6,33.7,33.8,33.6,33.5,33.3,33.6,33.7,33.3,33.3,33.3,33.7,34.2,34.0,35.5,35.3,34.7,34.3,34.5,34.4,34.6,34.7,34.0,34.3,33.7,33.5,33.4,33.8,33.8,33.6,33.7,33.9,33.7,33.7,33.8,33.8,34.1,33.7,33.7,34.0,33.6,33.4,33.2,33.8,34.0,34.1,35.1,35.6,34.4,34.6,34.4,34.6,34.5,34.7,34.5,34.5,33.7,33.6,33.5,33.6,33.4,33.8,33.7,33.8,33.8,33.7,33.8,33.9,33.5,33.7,33.8,33.8,33.1,33.1,33.1,33.7,33.3,33.8,34.5,35.0,34.4,34.0,34.0,34.9,34.5,34.5,34.3,34.0,33.6,33.5,33.5,33.3,33.5,33.6,33.8,33.6,33.5,33.4,33.9,33.6,33.7,33.5,33.9,33.9,33.2,33.7,33.8,33.4,33.5,33.4,33.6,34.2,34.1,34.1,34.0,34.4,34.2,34.5,34.2,34.4,33.3,33.4,33.7,34.1,33.7,33.7,34.0,34.0,33.3,33.8,33.7,33.7,33.5,33.3,33.6,33.6,33.6,33.2,33.1,33.6,33.1,33.5,33.8,33.8,33.9,34.0,34.1,34.1,34.0,34.0,33.9,34.0,33.5,33.5,33.2,33.5,33.6,33.7,34.1,34.3,33.9,33.7,34.1,34.0,33.7,33.4,33.9,33.7,33.5,33.4,33.4,34.0,33.2,33.4,33.5,33.7,33.7,33.9,33.5,33.8,33.5,33.7,33.7,33.7,33.5,33.6,33.5,33.9,33.3,33.4,34.0,34.0,33.8,33.8,34.0,33.8,33.6,34.0,33.6,34.2,33.5,33.1,33.5,33.6,33.4,32.8,33.4,33.6,33.9,33.9,33.9,33.9,33.7,nan,33.3,33.5,33.3,33.2,33.8,33.5,33.8,33.3,33.9,33.8,33.9,33.5,33.8,33.8,33.6,33.9,33.7,34.3,33.7,33.6,33.4,33.6,33.0,33.4,33.5,33.7,33.2,33.6,34.3,34.5,34.7,34.2,33.9,33.7,33.2,33.4,33.3,33.7,33.3,33.5,33.7,33.6,33.6,33.4,33.6,33.9,33.6,33.6,34.1,34.2,33.5,33.6,33.7,33.6,33.8,33.5,33.5,33.5,33.9,33.4,34.3,34.5,35.0,34.6,34.8,34.6,34.3,34.0,33.8,33.7,33.3,33.4,33.2,33.5,33.9,33.3,33.7,33.4,33.7,33.5,33.8,33.8,33.5,33.6,33.4,33.3,33.8,33.5,33.7,33.8,33.6,33.6,34.1,34.1,33.8,33.9,34.5,34.3,34.7,34.8,35.1,34.8,33.3,33.5,33.6,33.7,33.6,33.9,33.4,33.9,33.8,33.7,34.2,34.5,33.0,33.2,33.1,34.0,33.6,33.5,33.6,33.8,33.5,33.7,34.1,34.0,34.1,33.9,33.6,33.8,34.3,34.5,34.6,34.5,33.6,33.4,33.5,33.5,33.3,33.4,33.5,33.8,33.8,33.6,33.6,34.1,33.4,33.5,33.2,33.7,33.9,33.6,34.0,33.8,33.3,33.9,34.1,33.8,33.7,33.9,33.6,33.8,33.6,33.6,33.9,34.0,33.6,33.8,33.7,33.6,33.7,33.8,33.9,33.8,33.8,33.6,33.9,34.2,33.5,33.4,33.3,33.6,33.3,33.3,33.3,33.3,33.6,33.5,34.0,33.6,33.3,33.8,34.0,33.6,33.4,33.5,33.6,33.8,33.4,33.4,33.7,33.3,33.7,33.3,33.5,33.8,33.6,33.4,33.8,34.0
1785310748.8848593,847,34.2,33.0,33.1,33.3,33.5,32.9,33.4,33.1,33.6,33.1,33.1,33.0,32.9,32.7,33.1,33.1,33.1,32.8,33.2,33.7,33.3,33.0,32.9,33.5,33.5,33.1,33.1,33.6,33.4,33.0,33.4,33.3,33.3,33.7,33.7,33.5,33.0,33.2,33.1,33.2,33.2,33.2,32.9,32.9,32.9,33.2,33.2,33.2,32.9,33.1,33.3,33.3,33.0,32.7,33.5,33.1,33.2,33.3,33.4,33.3,33.3,33.4,33.2,33.7,33.4,33.6,33.0,33.6,33.7,32.9,33.0,33.3,33.0,33.1,32.8,33.4,33.0,32.7,32.9,33.1,33.1,32.9,32.9,33.1,33.5,32.8,33.0,33.4,33.5,32.7,33.1,33.2,33.4,33.1,33.1,33.6,33.1,33.2,33.4,33.2,32.8,32.8,32.8,33.0,33.1,33.0,33.2,33.4,32.6,33.0,33.0,33.0,32.7,33.2,33.4,33.4,33.0,33.0,33.2,33.3,33.2,33.0,32.7,33.2,33.1,33.3,33.3,33.2,33.8,33.3,33.4,33.3,33.0,33.1,32.8,33.2,32.8,33.0,32.8,33.5,33.0,32.9,33.3,32.7,32.9,33.0,32.7,33.3,33.2,32.7,33.2,33.3,33.3,32.7,33.0,33.2,33.2,33.0,32.9,33.2,33.2,33.6,33.1,33.2,33.0,33.2,33.1,33.2,32.7,33.2,33.2,33.2,33.1,33.0,33.3,33.0,32.9,32.8,33.3,33.1,33.0,33.1,33.1,33.0,32.8,33.3,33.3,33.2,33.1,33.3,33.2,33.4,33.9,33.4,33.6,33.4,33.0,33.1,32.8,33.4,33.1,32.9,32.8,33.2,33.1,32.8,33.2,33.0,32.9,33.1,33.0,33.2,33.5,33.0,33.0,33.1,33.2,32.5,33.2,33.2,33.5,32.7,33.0,33.4,33.1,33.3,33.2,33.4,32.8,33.2,33.1,33.0,32.9,33.0,33.1,33.2,33.1,33.0,33.2,33.3,32.8,32.9,33.2,33.1,33.1,32.9,33.1,33.0,32.8,33.1,33.2,33.4,33.2,33.0,33.1,33.7,33.3,33.4,33.4,33.3,33.3,32.9,33.5,33.3,33.2,32.9,33.1,33.1,33.5,32.9,33.5,33.2,33.8,33.1,33.2,32.9,33.0,33.0,33.0,33.3,33.1,32.9,33.4,33.2,33.2,33.1,33.1,33.4,33.3,33.9,33.4,33.4,32.7,33.0,33.2,33.4,33.0,33.3,33.1,33.8,32.9,34.1,33.6,34.4,33.4,34.7,33.2,33.5,33.1,33.3,33.2,33.4,33.0,33.5,33.4,33.5,32.7,33.3,33.4,33.6,33.6,33.0,33.2,33.5,33.5,33.2,33.2,33.4,33.6,33.4,34.2,34.2,35.1,34.8,34.1,35.0,34.5,34.7,33.8,33.7,34.1,33.4,33.4,33.2,33.6,33.5,33.5,33.6,33.8,33.1,34.0,33.7,33.1,33.1,33.1,33.7,33.3,33.6,33.0,33.3,33.6,34.5,34.3,34.7,35.1,34.6,34.5,34.0,33.8,33.5,33.7,33.8,33.2,34.1,33.5,34.1,33.1,33.7,33.8,34.0,34.1,33.7,34.1,33.8,33.9,33.2,33.4,34.0,34.5,34.1,34.4,33.8,34.3,34.3,34.8,35.1,34.5,34.4,34.2,34.1,33.9,33.6,33.8,33.8,34.1,33.3,33.7,33.7,33.6,33.7,33.8,33.8,33.8,33.3,33.6,33.8,33.3,33.3,33.7,34.3,34.1,35.3,34.5,34.8,34.4,34.4,34.7,34.9,34.5,34.6,34.4,34.0,33.3,33.7,34.0,33.8,33.8,33.6,34.1,33.8,33.8,34.1,33.7,33.8,33.5,33.7,33.5,33.9,33.7,33.7,34.0,34.4,34.7,34.9,35.1,35.4,34.6,34.3,34.5,35.2,34.8,34.4,33.9,34.1,33.9,33.6,33.5,33.9,33.5,33.6,33.5,33.8,33.8,33.6,33.7,33.7,33.7,33.3,33.6,33.8,33.0,33.6,33.7,34.0,34.2,34.4,35.4,35.0,34.1,34.2,34.6,34.9,34.5,34.6,33.8,34.0,33.7,33.4,33.5,33.9,33.6,34.2,34.1,34.0,33.4,33.9,34.1,33.8,33.4,33.9,33.9,33.9,33.7,33.6,33.8,33.8,33.6,33.9,34.2,34.4,34.3,33.9,34.2,34.5,34.3,34.5,33.7,33.9,33.7,33.6,33.7,34.0,34.0,33.7,34.0,34.0,34.1,33.6,33.7,34.1,33.8,34.0,33.4,33.8,33.3,33.5,33.7,33.8,33.8,33.7,34.3,34.1,33.7,34.1,34.1,34.1,34.2,nan,33.9,33.5,33.3,33.5,33.9,33.8,33.8,33.6,34.1,33.9,33.6,34.2,33.8,34.2,33.8,33.5,34.3,34.3,34.2,33.6,33.6,33.6,33.8,33.8,33.6,34.0,34.3,34.1,33.9,34.1,33.7,33.5,33.5,33.9,33.4,33.1,33.7,33.7,34.0,33.4,33.6,33.9,33.9,33.6,33.6,33.9,33.9,33.8,34.1,34.4,33.3,33.6,33.5,33.8,33.4,33.5,33.4,33.5,34.1,33.9,34.1,34.2,33.4,33.5,33.8,33.9,33.3,33.5,33.6,33.7,33.3,33.6,33.6,33.4,33.3,33.6,33.9,33.4,33.7,33.7,33.8,33.8,34.0,33.6,33.8,34.2,34.1,33.3,33.7,33.8,33.9,33.9,35.0,34.8,34.8,34.0,34.6,34.0,34.7,33.5,33.9,33.7,33.4,33.5,33.4,33.7,33.6,33.5,33.6,34.2,34.1,33.5,33.9,34.0,33.0,33.4,34.0,33.5,33.4,33.7,33.6,34.0,33.7,34.1,34.8,34.5,34.8,34.8,34.8,35.0,34.6,35.1,34.2,34.3,33.6,33.4,33.7,33.7,33.1,33.8,33.5,34.1,33.4,33.4,34.0,34.1,33.6,32.8,34.1,34.1,33.4,33.2,33.8,33.4,33.9,33.9,33.9,34.1,33.7,34.1,33.9,34.3,34.4,34.6,34.4,34.8,33.4,33.4,33.7,33.8,33.8,33.3,33.9,34.0,33.8,33.4,34.2,34.2,33.1,34.0,33.8,33.8,33.3,33.5,33.4,33.8,33.6,33.9,34.1,34.1,34.0,33.8,33.8,33.6,33.8,34.0,34.7,34.2,33.6,33.4,33.9,33.7,33.5,33.8,33.7,34.0,33.2,33.9,33.8,34.0
1785310753.9844627,849,34.2,33.0,33.8,33.8,33.1,33.4,33.2,33.1,33.2,33.1,32.8,33.0,33.3,32.6,32.9,33.1,32.8,32.8,32.9,33.0,33.3,33.2,32.9,33.2,33.1,32.9,33.3,33.2,33.4,33.5,33.2,33.3,33.8,33.4,33.7,33.5,33.0,33.4,33.3,33.6,32.8,33.4,33.0,33.1,33.0,33.2,33.0,33.0,32.5,32.9,33.0,33.5,33.4,33.2,32.7,32.9,33.2,33.3,33.0,33.5,33.6,33.2,33.0,33.5,33.9,33.6,33.5,33.3,33.3,32.7,33.2,33.3,33.4,32.9,33.1,33.0,33.0,32.5,32.9,33.1,33.1,33.0,33.1,32.9,33.3,33.2,33.0,33.4,33.3,32.9,32.9,33.2,32.9,33.1,33.1,33.9,33.1,33.9,33.8,33.6,33.0,33.1,33.4,33.6,32.9,33.7,32.7,32.9,32.5,32.8,32.8,33.2,33.1,33.1,33.4,33.2,32.9,33.2,33.3,33.1,33.0,33.2,32.9,33.4,33.1,32.9,33.0,33.7,34.0,33.5,33.4,33.7,33.4,33.3,33.4,33.4,33.2,32.9,32.7,32.6,33.0,33.3,33.2,32.9,32.9,32.5,32.8,33.1,33.2,33.1,32.9,33.0,33.1,32.9,33.2,33.2,33.2,33.0,32.9,33.5,33.2,34.1,33.3,33.2,33.2,33.2,33.1,33.5,33.0,33.7,32.8,32.9,32.8,33.0,33.1,32.8,32.9,33.2,33.1,33.2,33.2,32.9,33.1,33.4,32.8,33.3,33.3,33.4,33.1,33.1,33.2,33.2,34.5,33.4,33.4,33.2,33.4,33.1,33.4,33.2,33.6,33.1,32.7,33.0,33.0,32.5,32.7,33.3,32.8,32.9,32.8,33.1,33.2,33.3,33.2,34.1,33.3,33.7,33.2,33.2,33.1,32.9,33.5,33.8,34.0,34.0,33.5,33.6,33.0,33.3,33.4,33.2,33.0,33.6,33.1,33.2,32.8,32.9,33.1,33.3,32.7,33.1,32.7,33.1,33.4,33.0,34.1,33.0,34.1,32.8,33.2,33.4,33.2,33.4,33.4,33.5,33.8,33.8,33.4,33.5,33.1,32.9,33.1,33.7,33.4,33.0,33.2,33.1,32.9,32.8,32.7,32.9,33.1,32.9,32.8,33.0,32.9,33.9,33.1,34.3,33.4,33.3,33.1,32.8,33.2,33.1,32.9,33.6,34.1,34.1,33.0,33.4,32.9,32.9,33.4,33.7,33.0,33.3,33.0,33.4,32.6,33.1,33.1,33.1,32.8,33.0,33.6,33.5,33.8,33.5,33.8,33.6,33.2,33.5,33.2,33.5,33.1,33.1,33.0,33.3,33.8,33.4,33.6,33.3,33.1,33.2,33.2,33.5,33.3,33.1,33.1,33.4,33.0,33.3,33.2,33.4,33.7,33.4,34.0,34.5,34.5,34.2,34.3,33.2,34.2,33.1,33.1,33.4,33.3,33.3,32.8,33.1,33.5,33.3,33.1,33.5,32.7,33.3,33.2,33.3,33.4,33.5,33.9,33.8,33.3,33.5,33.4,33.5,33.8,34.1,34.4,34.6,34.3,35.1,33.3,34.4,33.5,34.6,33.6,33.5,33.2,33.2,33.5,33.2,34.1,33.6,33.0,33.6,33.4,33.0,33.2,33.3,33.3,33.3,34.3,35.3,35.1,34.2,34.2,34.5,34.4,34.2,34.5,34.7,34.7,34.2,33.8,34.2,34.1,33.5,33.7,33.9,34.0,33.7,33.4,33.6,33.5,33.5,33.1,33.7,32.8,33.3,33.4,32.9,33.5,33.7,34.7,35.2,35.1,35.1,34.0,34.3,34.3,34.5,34.8,34.8,34.3,34.3,34.1,34.1,34.0,34.1,33.7,33.8,33.7,34.1,33.7,34.5,33.7,33.7,33.4,33.2,33.5,33.1,33.3,33.7,33.6,33.8,33.8,35.2,35.5,35.2,34.4,34.4,34.4,34.5,34.5,34.6,34.6,34.1,33.8,33.3,34.0,33.6,34.2,33.9,34.0,33.3,34.0,34.2,33.4,33.6,33.2,33.4,33.5,33.2,33.3,33.5,33.2,33.4,34.1,33.9,34.8,34.6,34.1,34.3,34.3,34.6,34.7,35.0,34.1,34.6,33.7,34.0,33.5,33.9,33.9,34.2,33.5,33.9,34.1,34.1,33.5,33.0,33.4,33.6,33.2,33.0,33.3,33.5,33.4,33.4,33.3,33.8,34.3,34.4,34.3,34.1,34.2,34.4,34.3,34.5,34.7,33.9,33.6,33.5,34.0,33.6,33.8,34.1,34.4,34.0,33.8,34.4,33.0,33.1,33.1,33.6,33.2,33.2,33.2,33.6,33.0,33.6,33.4,33.4,34.0,nan,34.1,33.8,33.8,34.2,34.3,34.5,34.1,34.3,33.6,33.8,33.4,33.9,33.8,34.2,34.0,34.1,34.3,34.3,33.5,33.2,33.2,33.6,33.2,33.0,33.5,33.8,33.6,32.9,33.3,33.3,33.5,33.5,34.0,34.0,33.9,33.7,34.0,34.0,34.0,33.7,33.6,33.6,33.6,33.4,33.6,33.7,33.8,33.8,34.1,34.6,33.3,33.6,33.5,33.4,33.4,33.4,33.0,33.5,33.4,33.6,33.4,33.4,33.5,33.8,33.8,34.4,34.0,34.0,34.1,33.7,33.8,33.8,33.6,33.9,33.2,33.3,33.7,33.4,33.9,34.1,34.4,34.2,34.2,33.6,33.6,33.7,33.8,33.1,32.9,33.7,33.8,33.4,33.6,33.6,33.6,33.2,33.9,34.5,34.7,34.3,34.3,34.5,33.8,34.9,34.1,33.9,33.7,33.7,33.8,33.7,33.8,33.5,33.9,34.0,33.0,33.8,33.4,33.5,33.4,33.7,33.3,34.0,33.3,33.7,33.6,33.5,33.3,33.6,33.8,34.3,34.5,35.1,34.6,34.8,34.4,34.4,34.2,34.4,33.3,34.0,33.5,34.1,33.6,33.4,33.8,33.9,33.6,33.2,33.4,33.7,33.9,33.4,33.6,33.4,33.5,33.3,33.3,33.4,33.7,33.6,33.7,34.1,34.1,33.8,34.6,34.3,34.8,34.3,35.2,34.8,34.8,33.8,33.9,33.2,34.0,33.8,34.2,34.4,33.5,33.6,33.3,33.6,33.5,33.5,33.6,34.0,33.4,33.9,34.0,34.0,33.3,33.8,33.6,34.0,34.0,33.8,33.9,34.0,33.7,33.9,34.6,35.2,34.3,34.4,33.9,33.8,33.7,33.9,34.1,34.2
1785310759.080071,851,33.9,33.5,33.6,33.3,33.3,33.4,33.4,33.3,33.0,33.3,32.9,33.4,32.9,33.3,33.1,33.1,32.9,33.1,32.9,33.3,33.3,33.1,32.9,33.2,33.1,33.1,33.3,33.2,33.4,33.7,33.4,33.8,34.1,33.4,33.4,34.0,33.5,33.0,33.1,33.4,33.0,33.0,33.0,33.1,33.2,33.1,33.0,33.0,33.2,33.1,33.1,33.3,33.2,33.2,33.1,33.7,33.0,33.0,33.2,33.5,33.6,33.1,33.2,33.5,33.4,33.6,33.7,33.8,33.3,33.6,33.2,33.5,33.0,33.3,33.1,33.2,32.7,33.1,33.1,33.1,32.7,33.3,33.1,33.3,33.1,33.2,33.0,33.0,33.1,33.1,32.9,33.2,33.4,33.5,33.4,32.9,33.8,33.7,32.9,33.9,33.2,33.1,33.0,33.0,33.5,32.8,32.7,33.1,33.0,33.0,32.8,33.0,33.3,33.1,33.2,33.2,33.4,33.0,33.1,33.3,33.2,33.2,32.9,33.4,33.3,33.1,33.5,33.2,33.5,33.5,33.6,33.7,33.4,33.5,33.2,33.2,33.0,33.0,32.8,33.0,33.2,33.2,33.1,33.1,32.9,33.0,32.8,32.9,33.1,33.4,33.2,33.3,33.3,33.1,33.0,33.3,33.4,33.4,33.1,33.2,33.6,33.2,32.9,33.6,33.4,33.4,33.3,33.2,33.0,33.2,33.2,33.0,33.1,32.6,32.9,33.2,33.2,33.2,32.9,33.0,33.0,32.9,32.8,33.0,33.0,33.3,33.1,33.4,33.1,33.3,33.4,33.2,33.6,33.6,33.4,33.2,33.2,33.7,33.4,33.0,32.7,33.1,32.6,33.4,33.0,33.1,33.0,32.8,33.1,33.2,33.1,33.2,33.2,33.2,33.0,33.1,33.2,33.0,33.0,33.1,33.1,33.1,33.2,33.6,33.3,33.5,33.3,33.4,33.2,33.7,33.1,33.1,33.2,32.9,32.9,33.2,32.9,32.9,32.7,33.4,33.3,32.9,33.1,33.1,33.1,32.9,33.1,33.0,33.1,33.0,33.1,33.0,33.4,33.2,33.1,33.5,33.7,33.6,33.6,33.5,33.5,33.1,33.4,33.3,32.9,33.0,32.9,33.2,32.7,33.4,33.1,33.7,32.9,34.5,32.7,34.5,32.9,34.3,33.1,33.1,32.7,33.1,32.7,33.2,33.0,33.4,33.5,33.8,33.5,33.7,33.2,33.4,33.4,33.2,33.0,33.4,33.2,33.0,33.1,33.2,33.1,32.6,33.7,33.0,34.9,33.0,34.4,33.3,34.2,33.0,33.5,33.1,33.7,33.0,33.4,33.1,33.6,33.1,33.2,33.5,33.6,33.2,33.2,33.5,33.3,33.0,33.1,33.4,33.3,33.6,32.7,33.5,33.2,34.1,33.2,35.0,33.9,34.8,34.0,33.9,34.5,34.2,33.9,33.5,33.0,34.0,33.1,34.0,33.3,33.9,33.4,34.2,33.5,33.7,33.3,33.5,33.3,33.3,33.6,33.3,34.1,32.8,34.0,33.3,34.3,33.1,34.4,33.8,35.1,34.4,33.7,34.7,34.1,34.6,33.7,33.9,33.7,33.7,33.9,33.1,33.9,33.5,33.7,33.6,33.9,33.4,33.2,33.4,33.3,33.6,33.0,33.8,33.3,35.0,33.1,34.6,34.0,34.2,34.4,35.0,34.5,34.5,34.2,33.9,33.9,33.8,33.8,34.0,33.9,34.0,33.8,33.6,33.8,33.7,34.0,33.8,33.5,33.5,33.5,33.3,33.3,33.7,33.8,33.5,35.2,33.7,35.0,33.9,34.5,33.8,34.1,34.3,34.7,34.8,33.6,34.4,33.8,33.8,33.9,33.9,33.7,33.6,33.9,33.8,33.5,33.4,33.7,34.1,33.5,33.5,33.4,33.6,33.5,33.3,33.5,34.0,34.1,34.6,35.1,34.5,35.0,34.5,34.3,34.7,34.4,34.1,34.2,34.1,33.8,33.6,33.8,33.8,34.0,34.0,33.8,33.9,34.0,34.1,33.6,33.8,33.4,33.6,33.5,33.4,33.5,33.2,33.8,34.0,34.1,34.5,34.4,35.2,34.3,34.6,34.3,34.7,34.3,34.6,33.9,34.5,33.5,34.0,33.6,34.0,34.2,33.5,33.8,33.8,33.7,33.6,33.9,33.9,33.5,33.6,33.6,33.3,33.4,33.2,33.5,33.9,33.9,33.8,34.3,33.8,34.5,34.0,34.3,34.1,34.5,33.9,34.5,33.5,34.0,33.6,34.0,33.8,33.6,33.8,34.0,33.8,33.8,34.0,33.6,34.0,33.3,33.5,33.1,33.4,33.4,33.0,33.4,33.4,33.5,33.6,33.4,34.2,34.3,nan,33.9,34.4,33.8,34.5,33.6,34.2,33.5,33.9,33.6,33.8,33.9,34.0,33.8,33.8,33.6,33.9,34.1,34.3,33.5,33.6,33.6,33.4,33.4,33.4,33.6,33.7,33.4,33.4,33.9,33.6,33.9,34.0,34.0,34.4,33.7,33.9,33.8,33.9,33.8,33.9,33.6,33.8,33.2,33.4,33.8,33.7,33.4,34.0,34.1,34.0,33.3,33.4,33.7,33.6,33.8,33.2,33.2,33.8,33.6,33.2,33.2,33.7,34.0,33.8,34.6,34.1,34.3,33.8,34.1,33.8,33.5,33.6,33.6,33.5,33.7,33.4,33.6,33.4,33.5,33.5,34.2,34.0,33.8,34.0,33.6,33.7,33.4,33.5,33.5,34.0,33.4,33.4,33.6,33.6,33.5,34.0,34.1,34.5,34.0,34.3,33.7,35.0,33.4,34.5,33.4,33.7,33.6,33.5,33.6,33.7,33.8,33.5,33.7,34.0,34.1,33.6,33.4,33.7,33.7,33.9,33.5,33.8,33.5,33.9,33.2,33.5,33.6,33.9,34.5,34.7,34.1,34.6,34.4,34.7,34.8,33.9,33.9,33.5,33.5,33.6,33.5,33.8,33.8,33.4,34.3,33.7,33.6,33.7,33.7,33.9,33.9,33.2,33.8,33.6,33.5,33.7,33.5,33.8,33.6,33.7,33.9,34.1,34.1,34.1,34.4,34.3,34.8,34.1,34.8,33.8,33.5,33.8,33.9,33.6,33.6,33.6,33.9,34.4,33.5,33.4,33.1,33.8,33.3,33.9,33.4,33.8,33.4,33.3,33.6,33.8,34.0,33.8,34.1,33.8,33.6,34.0,33.9,34.4,33.7,34.5,33.9,34.1,33.7,33.6,33.5,33.6,33.9,33.9,33.8,34.0
1785310761.6310058,852,33.1,33.5,33.5,33.3,33.5,33.4,33.0,33.1,33.2,32.7,32.7,32.8,32.7,32.7,33.1,33.1,32.9,32.6,33.0,32.9,33.1,33.1,32.9,33.1,33.1,33.1,33.3,33.1,33.2,33.2,33.2,33.6,33.5,33.7,33.7,33.5,33.0,33.4,33.1,32.6,33.0,32.8,33.2,32.7,32.9,33.1,33.0,33.0,32.3,33.1,33.3,33.1,33.0,33.2,33.3,33.3,33.0,32.6,33.2,33.1,33.1,32.9,33.5,33.2,33.1,33.4,33.7,33.6,33.7,33.1,33.0,33.1,32.8,32.3,32.9,33.4,32.7,32.7,32.9,33.3,32.7,32.6,32.9,32.8,32.9,32.8,33.0,33.2,33.3,32.9,33.1,33.1,33.4,32.8,32.9,33.4,33.1,33.7,33.4,33.4,32.8,33.5,33.2,33.0,32.9,32.6,32.8,32.7,32.8,32.6,33.0,32.8,32.9,32.9,33.2,32.9,33.2,32.7,33.2,32.9,33.2,33.2,32.9,33.4,32.9,33.3,33.5,33.7,33.3,33.0,33.0,33.7,33.4,33.5,32.8,33.2,32.8,32.7,32.8,33.0,33.0,32.7,32.6,33.1,33.2,32.8,32.8,33.1,32.9,33.2,32.9,33.0,33.5,32.7,33.0,32.9,33.4,32.9,33.3,33.7,33.2,33.2,33.5,33.0,33.6,33.4,33.2,33.0,32.8,32.8,32.8,33.0,32.6,33.0,32.9,32.8,32.7,33.0,33.1,33.1,32.8,32.9,33.0,33.0,33.0,33.1,33.3,33.0,32.5,33.1,33.0,33.2,33.8,33.4,33.2,33.4,33.6,33.5,33.3,33.4,32.7,32.8,32.8,32.7,33.1,32.5,32.7,33.1,32.9,32.7,33.0,33.5,33.1,33.0,32.9,32.9,33.2,32.7,33.0,33.2,33.1,32.9,33.0,33.2,33.3,33.3,33.2,33.2,32.8,33.0,33.4,33.0,32.9,32.9,32.7,33.2,32.6,33.9,32.9,33.3,33.0,32.8,33.1,32.9,32.9,32.9,32.9,33.0,32.7,33.1,32.7,33.2,32.6,33.0,33.1,33.2,33.3,33.6,33.2,33.3,33.5,33.1,33.1,33.5,33.2,33.2,33.6,32.9,34.3,32.7,34.5,33.2,33.7,33.6,33.0,33.8,33.3,33.2,33.1,33.1,32.9,32.9,32.9,33.0,32.8,32.7,32.9,33.2,33.3,33.2,33.2,33.2,33.0,33.0,33.2,33.0,32.7,33.1,33.0,34.5,32.6,34.1,33.4,34.2,33.7,33.6,34.5,33.3,34.1,33.1,33.3,33.2,33.0,33.2,33.4,33.3,32.9,32.9,33.2,33.1,33.5,33.2,33.0,33.1,33.1,33.2,33.1,33.4,33.6,33.3,34.1,33.2,34.0,33.6,34.1,34.1,34.7,34.7,33.8,34.2,33.4,33.8,33.3,33.7,33.4,33.0,33.3,33.6,33.5,33.3,33.8,33.3,33.3,33.3,33.4,33.3,32.7,32.9,33.0,33.1,33.4,34.3,33.5,33.9,33.6,34.1,34.2,34.6,34.6,34.6,34.4,33.8,33.5,33.6,33.8,33.7,33.3,33.7,33.8,34.0,33.5,33.7,33.7,33.6,33.2,33.0,33.6,33.4,33.8,33.2,33.5,33.7,34.9,34.8,35.1,35.3,34.3,33.9,34.7,34.7,34.7,34.5,34.0,34.4,33.9,33.6,33.7,33.8,33.8,33.5,33.8,34.3,34.0,33.7,33.8,33.8,33.3,33.1,33.3,33.1,33.0,33.1,33.4,33.8,34.5,35.3,35.7,34.9,34.1,34.3,34.4,34.5,34.4,34.6,34.4,33.8,33.6,33.3,33.9,33.9,33.7,33.9,33.9,33.8,33.5,33.7,33.9,33.7,33.4,33.2,33.2,33.4,33.5,33.4,33.5,33.7,33.9,34.3,34.5,35.3,34.3,34.0,34.5,34.4,34.5,34.5,34.2,34.2,33.7,33.4,33.5,33.5,34.1,33.6,33.7,33.7,33.5,33.3,33.6,34.0,33.2,33.2,33.1,33.4,32.9,33.2,33.4,33.4,33.9,33.4,34.6,34.4,34.1,33.8,33.9,34.2,34.5,34.3,34.2,33.9,33.3,33.7,33.9,34.0,33.7,34.0,33.9,34.0,33.3,33.7,33.7,33.9,33.2,33.0,33.6,33.6,33.4,33.0,33.1,33.5,33.9,33.4,33.5,34.0,34.2,34.0,33.8,34.0,34.0,33.9,33.5,34.0,33.3,33.2,33.6,33.8,34.3,33.8,33.7,34.3,34.0,34.0,34.0,34.0,33.0,33.1,33.1,33.2,33.4,33.2,33.6,33.4,33.0,33.0,33.4,33.6,34.0,nan,33.9,33.8,33.8,33.5,33.8,33.7,33.3,33.3,33.7,33.6,33.4,33.3,34.1,33.7,33.6,33.5,33.9,33.9,33.5,33.2,33.0,33.6,33.4,33.2,33.4,34.0,33.4,33.4,33.6,33.4,33.5,33.7,34.0,33.7,33.2,33.2,33.3,33.5,33.5,33.2,33.4,33.7,33.4,33.2,33.5,33.9,33.4,33.8,33.9,34.2,33.0,33.4,33.5,33.4,33.0,33.2,33.5,33.5,33.4,33.2,33.2,33.7,33.7,34.0,34.4,34.6,33.7,33.7,33.5,33.5,32.8,33.4,33.5,33.4,33.3,33.3,33.5,33.6,33.3,33.7,33.5,33.6,33.5,32.9,33.1,33.9,33.4,33.1,33.3,33.3,33.4,33.4,33.6,33.7,33.6,33.7,34.3,35.0,34.7,34.7,34.8,34.8,34.3,34.0,33.7,33.6,33.5,33.5,33.6,33.8,33.9,33.5,33.5,33.8,33.2,33.4,33.3,33.3,33.2,33.5,33.5,33.8,33.1,33.4,33.6,33.5,33.4,33.9,34.3,34.2,34.1,33.6,34.9,34.8,34.4,34.3,34.2,33.5,33.3,33.6,33.9,33.9,33.2,33.4,33.8,34.4,33.4,33.5,33.4,33.4,33.2,33.2,33.6,33.6,33.7,33.7,33.3,33.7,33.4,33.6,33.5,34.0,33.7,33.3,33.9,34.1,34.5,34.1,33.9,33.8,33.8,33.3,33.9,34.0,33.6,33.6,33.9,33.7,33.1,33.3,33.5,33.3,33.1,33.1,33.2,33.3,33.0,33.7,33.8,33.6,33.6,33.4,34.1,33.6,33.4,33.6,33.8,34.2,33.9,33.8,33.9,34.1,33.5,33.4,33.7,33.6,33.0,33.9,34.1,34.2
1785310764.1786537,853,33.4,33.3,33.6,33.3,33.1,33.2,33.7,33.1,33.0,32.7,32.9,33.2,33.1,33.1,33.1,32.9,32.8,33.1,33.1,32.9,33.1,33.0,33.1,33.3,32.9,32.9,32.7,33.1,33.2,32.8,32.9,33.3,33.3,33.7,33.4,33.7,33.0,33.2,32.7,33.2,33.0,33.2,33.0,33.1,32.7,33.2,33.0,33.2,32.9,32.9,33.3,32.9,33.0,33.0,33.1,32.9,33.0,32.8,33.0,33.3,33.3,33.4,32.7,33.2,33.9,33.4,33.5,33.3,33.3,33.1,32.6,33.3,32.6,32.9,32.8,33.0,32.3,32.9,32.9,32.9,33.1,32.8,33.1,32.9,33.1,33.1,32.8,33.0,33.1,33.1,32.9,32.7,33.2,33.5,33.1,33.4,33.5,33.4,33.1,33.6,33.0,33.1,33.0,33.0,33.3,32.4,33.0,33.1,32.5,32.8,33.0,33.0,32.9,33.1,32.8,33.1,32.7,33.2,32.9,33.5,33.0,33.2,32.9,33.2,33.1,33.1,32.8,33.9,33.5,33.5,33.4,33.5,33.4,32.9,33.0,33.0,32.5,32.7,32.8,32.8,32.8,33.4,32.8,32.7,32.9,33.1,33.0,32.8,33.2,32.9,32.9,32.6,33.1,33.1,32.8,33.0,33.0,33.0,32.9,33.5,33.4,33.2,33.5,33.4,33.2,33.2,33.1,33.2,33.0,33.2,32.8,33.0,32.8,33.0,32.9,33.2,33.0,33.0,33.3,33.1,33.3,32.8,33.1,33.2,33.0,33.0,33.1,33.0,33.1,33.1,33.2,33.4,33.4,33.4,33.2,33.4,33.4,33.1,33.2,33.2,32.6,32.9,33.0,32.9,33.5,33.1,32.8,33.2,32.9,32.9,33.1,33.1,32.8,32.8,32.9,33.1,33.2,33.2,33.2,33.1,33.5,32.9,33.2,33.4,33.8,33.1,33.0,33.6,32.8,33.3,32.9,32.8,32.9,32.5,33.1,33.5,33.4,33.5,32.6,32.6,32.7,32.9,32.9,33.1,33.1,32.7,33.0,33.0,32.9,33.0,32.9,33.0,33.0,33.0,33.3,33.5,33.1,33.4,33.2,33.3,33.3,32.7,32.9,32.9,33.2,33.2,33.9,33.7,34.2,33.5,33.2,33.0,33.2,33.3,32.8,32.9,33.0,33.2,32.6,32.8,33.2,32.9,33.1,33.2,32.8,33.2,32.9,33.2,33.3,33.2,33.2,33.4,33.2,33.0,33.0,33.4,33.2,33.3,33.8,34.8,33.6,34.1,33.1,33.6,33.3,33.1,33.2,33.6,33.1,33.3,33.0,33.2,33.2,33.5,33.2,33.5,33.1,32.9,32.8,33.3,33.3,33.6,33.4,33.5,33.1,33.2,33.4,33.2,34.1,34.1,34.2,34.2,34.0,33.7,34.5,33.7,34.0,33.9,33.5,33.3,33.4,33.5,33.3,33.2,33.2,33.3,33.5,33.3,33.5,33.3,33.6,33.3,33.5,32.9,33.1,33.3,33.1,33.1,33.2,33.6,33.9,35.1,34.5,34.4,33.8,34.2,33.9,34.9,34.0,34.1,33.1,33.5,33.5,33.5,33.2,33.7,33.7,33.7,33.4,33.8,33.4,33.5,33.7,33.8,32.6,33.2,33.6,33.6,33.1,33.6,34.0,33.8,35.1,35.1,34.6,34.3,34.3,34.2,34.7,34.2,34.2,33.7,33.3,33.4,33.7,33.8,33.8,33.5,33.8,33.5,33.7,34.1,33.8,33.7,33.6,33.6,33.7,33.1,33.1,33.5,33.0,33.5,33.9,34.7,35.2,35.5,34.8,34.2,33.8,34.3,34.6,34.6,34.0,33.8,33.3,33.5,33.6,33.8,33.6,33.8,33.5,33.7,33.6,33.6,33.5,33.4,33.5,33.7,33.5,33.7,33.6,33.4,33.5,33.4,33.8,34.9,34.8,35.3,34.5,34.3,34.2,34.5,34.7,34.5,34.4,34.2,34.0,33.7,33.3,33.6,33.8,33.7,33.8,33.8,33.8,33.7,33.3,33.5,33.8,33.8,33.2,33.4,33.1,33.6,33.5,33.0,34.3,33.5,34.7,34.0,34.2,34.1,34.5,34.0,34.4,34.7,34.5,34.5,33.5,33.9,33.8,33.7,33.6,33.6,33.9,33.9,33.8,34.2,33.4,33.2,33.7,33.7,33.3,33.4,33.6,33.6,33.0,33.8,33.9,34.6,33.4,34.1,34.0,34.5,34.2,34.4,34.0,34.1,33.9,33.9,33.5,33.9,33.3,33.6,33.6,33.8,34.0,33.6,34.0,34.1,33.6,33.6,33.8,33.8,33.5,33.3,33.3,33.6,33.6,33.4,33.9,33.8,33.9,33.4,33.9,33.9,34.3,nan,33.9,34.1,33.8,33.7,33.4,33.5,33.9,33.3,33.9,33.6,33.9,33.5,33.8,33.7,34.0,33.5,33.9,34.3,33.5,33.6,33.6,33.6,33.2,33.6,33.3,33.8,33.0,34.1,33.8,34.1,33.7,34.2,33.9,33.9,33.2,33.2,33.5,33.7,33.5,33.9,33.6,33.8,33.6,33.4,33.6,33.7,33.7,33.8,34.1,34.0,33.5,33.4,33.7,33.4,33.4,33.4,33.4,33.8,33.6,33.4,33.8,33.9,34.2,34.1,34.3,34.1,33.3,33.5,33.5,33.5,33.5,33.3,33.7,33.4,33.7,33.4,33.7,33.4,33.5,33.5,33.5,33.8,33.5,33.8,33.4,33.5,33.6,33.7,33.5,33.8,33.6,33.6,33.4,33.9,33.6,34.2,34.6,34.5,34.4,34.0,34.6,34.3,33.8,33.7,33.4,33.6,33.4,33.5,33.6,33.7,33.8,33.7,33.7,33.8,33.2,33.4,33.6,33.7,33.4,32.9,33.6,33.7,33.5,33.5,33.9,33.7,34.1,33.6,34.3,34.5,34.0,34.1,34.1,35.2,33.9,33.6,33.9,33.4,33.6,33.2,33.5,33.8,33.6,33.6,33.6,33.9,33.4,33.7,33.4,33.7,33.4,33.8,33.4,33.6,33.3,33.9,33.3,33.9,33.9,33.7,33.7,33.8,33.6,33.8,34.4,34.5,34.3,34.1,33.7,33.8,33.5,33.7,33.9,33.6,33.4,33.8,33.9,34.2,33.3,33.1,33.5,33.1,33.5,33.7,33.4,33.5,33.4,33.1,33.8,33.8,34.0,33.6,33.8,33.4,33.6,33.7,34.3,34.2,33.7,33.4,33.5,33.7,34.1,33.6,34.1,33.8,33.6,33.6,34.1,34.4
1785310766.7293248,854,33.9,33.5,33.3,33.8,33.5,33.6,33.2,33.6,33.6,33.1,33.1,33.2,33.3,32.9,33.1,33.3,32.8,33.1,33.2,33.7,33.3,33.3,33.1,33.5,32.9,33.3,33.5,33.6,33.4,33.5,33.7,33.6,33.8,33.4,33.9,33.7,33.3,33.7,33.3,34.1,33.2,33.6,33.2,33.1,33.0,33.2,33.1,33.2,32.9,33.1,33.1,33.5,33.0,32.8,33.1,33.3,33.0,33.3,33.4,33.3,33.3,32.9,33.5,33.5,33.9,34.3,33.5,33.8,33.5,33.3,33.4,33.7,33.6,32.9,32.9,33.4,33.0,32.9,32.9,33.6,32.9,33.1,33.1,33.1,33.5,33.1,32.8,33.6,33.3,33.1,32.9,33.2,33.6,33.5,33.1,33.9,33.3,33.9,33.8,33.6,33.2,33.3,33.0,33.4,33.3,33.2,32.9,33.1,33.2,33.0,33.0,33.0,33.3,33.1,33.5,32.9,33.0,33.0,33.2,33.1,33.4,33.0,33.1,33.4,33.5,32.9,33.5,33.7,33.8,33.7,33.2,33.9,33.2,33.7,33.4,33.4,33.2,32.9,33.0,33.0,33.0,33.2,33.0,33.2,33.1,33.1,33.0,33.3,33.2,33.1,33.1,33.3,33.3,33.1,33.0,33.5,33.2,33.4,33.3,33.5,33.9,33.6,33.9,33.4,33.6,33.6,33.4,33.5,32.7,33.5,33.3,33.0,33.0,33.0,32.9,32.7,33.5,32.8,33.3,33.0,33.2,33.1,33.0,33.2,33.2,33.1,33.1,33.6,33.3,33.1,33.4,33.4,33.6,33.4,33.4,33.8,33.6,33.5,33.9,33.4,33.1,32.9,33.2,33.0,33.3,33.1,32.8,33.6,33.4,32.9,32.8,33.4,33.3,33.2,33.2,33.4,33.5,32.9,33.2,33.4,33.3,33.5,33.2,33.4,33.6,33.5,33.7,33.4,33.2,33.3,33.4,33.5,33.4,33.0,33.2,32.8,33.1,32.9,33.1,33.3,33.1,33.1,33.1,33.1,33.1,32.9,33.5,33.3,32.9,33.1,33.6,33.4,33.2,33.6,33.6,33.5,33.3,33.4,33.2,33.7,33.7,33.5,33.6,33.5,33.2,33.2,33.1,33.4,33.0,32.9,32.9,33.2,33.0,33.3,33.0,33.4,33.3,33.0,33.3,33.3,33.1,33.1,33.2,33.3,33.4,33.2,33.1,33.8,33.7,33.4,34.0,33.4,33.6,33.2,33.2,33.9,32.9,33.3,32.8,33.0,33.1,33.1,33.2,33.1,33.3,33.3,33.2,33.5,33.3,33.1,33.3,33.4,33.2,33.3,33.4,33.3,33.3,33.1,33.6,33.1,33.6,33.4,33.2,33.5,33.5,33.4,33.6,33.4,33.8,33.3,33.4,33.7,33.7,33.3,34.0,33.4,34.0,33.3,33.0,33.4,32.9,33.2,33.1,33.7,33.4,33.1,33.3,33.4,33.3,33.3,33.2,33.3,33.5,33.5,33.3,33.5,33.3,33.5,33.7,33.8,33.6,34.1,34.0,34.6,34.1,34.6,33.2,34.9,33.2,33.9,33.1,33.2,33.3,33.1,33.2,33.6,33.3,33.4,33.2,33.3,33.5,33.4,32.9,33.0,33.9,33.6,33.4,34.0,34.3,34.1,34.7,34.9,34.9,34.8,34.9,34.9,34.8,33.7,34.8,33.6,34.2,32.9,33.0,33.3,33.1,33.3,33.3,33.3,33.3,33.2,33.3,33.6,32.9,33.1,33.2,33.6,33.7,33.1,34.3,33.5,34.6,34.4,35.5,35.3,35.0,35.0,34.8,34.9,33.7,34.2,33.5,34.5,33.0,33.7,33.1,33.3,33.1,33.0,33.4,33.1,33.3,33.1,33.4,33.6,33.5,33.2,33.7,33.5,33.7,35.1,33.6,35.9,34.0,35.2,35.4,34.9,35.3,34.3,34.8,34.2,34.5,33.6,34.8,33.6,33.9,33.1,33.3,33.6,33.3,32.9,33.1,33.3,33.5,33.1,33.1,33.7,33.3,33.5,33.6,33.6,34.3,33.8,35.5,33.6,35.4,34.2,34.5,35.7,34.4,34.8,34.4,34.6,34.0,34.5,33.5,35.0,33.2,34.5,33.2,33.9,33.3,33.5,33.2,33.5,33.4,33.0,33.6,33.5,33.2,33.0,33.5,33.7,33.7,34.7,33.2,35.8,33.8,34.8,34.7,35.1,35.1,34.8,34.1,34.7,34.8,34.7,34.8,34.4,34.8,33.7,34.5,33.7,33.8,33.6,33.8,33.5,33.6,33.3,33.5,33.8,33.6,33.4,33.6,33.6,34.5,33.5,34.9,33.6,34.7,33.7,34.8,34.7,34.6,34.2,34.7,34.9,34.6,nan,34.4,35.1,34.0,34.6,33.9,34.0,33.5,33.9,33.5,33.8,33.4,33.5,33.6,33.5,33.4,33.5,33.5,33.7,33.9,34.1,33.8,34.8,33.8,34.5,34.2,35.1,34.1,34.8,34.5,35.2,34.5,34.5,34.7,34.4,34.7,33.7,34.0,34.2,33.8,33.7,34.1,33.9,34.1,33.6,34.0,33.7,33.9,33.8,33.4,33.7,34.1,33.8,34.7,33.8,34.5,33.9,34.6,34.4,34.8,34.1,34.9,34.4,34.8,34.6,34.3,35.1,34.0,34.3,34.3,34.2,34.0,34.1,33.9,34.2,33.5,33.8,33.9,34.2,33.7,33.9,33.7,33.8,33.8,34.2,33.6,35.0,34.0,34.3,34.2,34.9,34.1,34.4,34.3,35.3,34.1,34.5,34.8,34.3,34.4,34.0,33.9,34.2,33.9,34.2,33.7,34.1,34.3,34.1,34.0,34.6,34.1,33.7,34.4,34.3,33.6,33.6,34.6,34.0,34.3,33.7,34.6,34.4,34.6,34.2,35.1,34.2,34.5,34.3,34.5,34.7,34.1,34.3,34.1,34.2,34.1,33.7,34.6,34.1,34.2,34.2,34.6,34.3,34.0,34.0,34.5,34.6,33.6,33.7,33.9,34.5,33.9,34.6,34.3,34.9,34.4,34.6,34.3,34.6,34.3,34.3,34.1,34.0,34.3,33.8,33.9,34.5,33.7,34.1,34.4,34.4,34.2,33.8,34.7,34.6,34.4,34.6,34.8,35.1,34.0,33.8,34.2,33.6,34.1,34.1,34.6,34.6,34.5,34.2,34.5,34.1,34.2,34.0,34.1,34.3,33.8,33.8,34.1,33.8,34.1,33.9,34.2,34.1,34.1,34.2,34.5,34.2,34.3,34.1,34.5,34.9
1785310769.3061044,855,34.5,34.3,34.3,33.8,34.2,34.5,33.9,33.8,33.6,34.1,33.9,33.9,33.8,33.5,33.6,33.8,33.7,33.9,33.8,33.9,33.8,33.9,33.7,34.1,33.7,33.9,34.0,34.0,33.9,33.7,34.2,34.3,34.6,34.0,34.4,34.9,34.3,33.9,34.2,34.0,33.8,33.8,33.8,34.0,34.1,33.8,33.7,34.0,33.8,33.4,33.9,33.6,33.9,33.6,33.6,34.1,33.8,33.8,33.8,33.9,34.5,33.6,34.0,34.7,34.6,34.6,34.9,34.5,34.4,34.2,33.8,33.9,33.5,33.8,34.0,33.9,33.2,33.9,33.4,33.8,33.6,33.8,33.9,33.6,33.6,33.8,33.7,33.8,33.6,33.9,33.7,33.8,34.0,34.1,34.1,34.1,34.3,34.1,34.5,34.3,34.0,33.9,33.6,33.8,33.9,33.4,33.6,33.8,33.8,33.3,33.6,33.5,33.8,33.4,33.4,33.7,34.1,33.5,34.0,33.8,33.7,33.8,33.5,34.0,34.1,34.0,33.9,34.6,34.2,34.4,34.1,34.3,34.2,34.1,33.7,33.8,33.5,33.6,33.4,33.7,33.3,33.4,33.8,33.6,33.7,33.4,33.7,33.8,33.4,33.7,33.6,33.7,33.8,33.8,33.6,33.9,33.9,34.2,34.0,34.1,34.3,33.6,33.9,34.5,34.2,33.8,33.6,33.7,33.7,33.8,33.5,33.5,33.8,33.5,33.8,34.0,33.8,33.3,33.4,33.8,33.5,33.4,33.5,33.7,33.7,33.5,33.8,34.0,34.1,33.7,33.6,34.3,34.3,34.3,34.2,34.2,34.0,33.8,34.1,33.7,33.8,33.6,33.5,33.5,33.6,33.6,33.3,33.5,33.4,33.9,33.6,33.9,33.8,33.7,33.5,33.8,33.9,33.7,33.9,33.4,33.9,33.9,33.9,34.2,34.7,34.0,34.1,34.4,34.1,33.9,33.6,33.7,33.9,33.4,33.4,34.0,33.9,33.7,33.9,33.9,33.9,33.6,33.7,33.8,33.7,33.4,33.5,34.0,34.0,33.6,34.0,33.9,34.1,34.1,33.8,34.1,34.0,34.2,33.8,34.3,33.8,34.0,34.3,34.7,34.9,34.9,35.4,34.2,33.8,33.5,33.5,33.7,33.7,33.7,33.6,33.5,33.7,33.9,33.8,33.6,33.7,33.8,33.6,33.7,33.7,34.0,33.9,33.8,34.5,34.1,34.2,34.0,34.3,33.9,35.3,35.1,35.7,35.4,33.9,35.6,33.7,33.6,33.5,33.9,34.1,33.4,33.5,33.8,33.9,33.5,33.8,33.7,33.8,33.7,33.9,34.2,33.6,33.7,33.6,34.2,34.6,34.4,35.1,35.1,35.8,36.1,35.7,35.4,34.8,34.9,34.7,33.5,33.8,33.6,33.3,33.9,33.4,33.4,33.5,33.7,33.7,33.7,33.8,33.7,33.5,33.8,33.8,34.0,33.8,34.0,34.2,33.7,35.4,34.9,35.6,36.0,35.6,35.9,34.2,34.6,34.9,34.5,34.0,34.6,34.0,33.6,33.4,33.8,33.7,33.1,33.6,33.1,33.9,33.3,33.7,33.9,33.8,33.5,33.8,33.8,33.9,33.9,33.5,33.8,34.7,36.7,36.3,36.1,35.8,35.0,34.9,35.0,34.9,34.9,34.9,34.6,34.5,34.2,34.2,33.9,33.7,33.7,33.8,33.8,33.6,33.9,33.7,33.7,33.3,33.7,33.8,33.7,33.8,33.7,34.0,34.0,35.6,35.0,35.6,36.2,34.8,35.2,35.0,34.8,35.7,35.2,35.2,35.4,34.8,34.5,34.1,34.6,33.8,33.7,33.6,33.6,33.5,33.3,33.6,33.8,33.7,33.5,33.7,34.0,33.9,33.3,33.9,34.0,34.7,35.3,35.3,35.7,35.1,35.0,34.9,35.4,35.2,35.3,35.5,34.8,35.3,34.5,34.5,34.1,34.1,34.2,33.8,34.2,33.8,34.0,33.8,34.0,33.8,34.0,34.0,33.7,33.8,33.9,34.2,34.2,35.1,34.9,35.1,35.1,34.7,34.7,35.2,35.3,35.0,35.3,34.9,35.2,34.6,34.1,34.4,34.2,34.5,34.3,34.3,34.5,34.3,34.3,34.1,34.3,33.9,34.0,34.1,34.2,33.7,33.6,34.1,34.3,34.5,34.5,35.0,35.2,34.9,34.8,35.3,35.4,35.3,35.1,35.1,34.7,34.8,34.3,34.5,34.2,34.2,34.5,34.5,34.7,34.2,34.4,34.8,34.3,34.6,34.5,34.5,34.5,34.2,34.4,34.4,34.6,34.7,34.4,34.9,35.1,35.2,34.4,35.0,35.2,35.2,34.9,34.2,35.1,34.6,nan,33.9,34.3,34.6,34.3,34.4,34.6,34.8,34.4,34.6,34.4,34.8,34.2,34.8,34.6,34.5,34.4,34.3,34.3,34.6,34.5,34.6,34.8,34.9,34.7,34.7,35.3,34.8,34.9,35.0,34.6,34.2,34.5,34.4,34.2,34.0,34.4,34.6,34.4,34.5,34.2,34.4,34.4,34.3,34.3,34.9,35.0,34.7,34.8,35.1,34.8,34.3,34.0,35.1,34.8,34.3,34.3,34.8,34.9,34.9,34.7,34.8,34.9,34.3,34.0,34.4,34.4,34.6,34.3,34.6,34.5,34.6,34.4,34.4,34.6,34.7,34.3,34.6,34.9,34.8,34.6,35.2,34.8,34.4,35.1,34.6,34.8,35.1,34.6,34.6,34.7,34.6,34.4,34.3,34.6,34.3,34.4,34.3,34.5,34.2,34.8,34.6,34.7,34.6,34.5,34.6,34.6,34.4,34.4,34.7,34.6,34.7,34.7,34.8,34.9,34.5,34.2,34.8,35.0,35.1,35.2,34.6,34.9,34.4,34.1,34.3,34.4,34.1,34.1,34.6,34.1,34.5,34.0,34.8,35.2,34.8,34.6,34.4,34.8,34.3,34.1,34.6,34.5,34.8,34.4,34.7,35.2,34.6,34.8,34.8,36.0,35.5,35.6,35.5,34.5,34.2,34.2,34.1,34.1,34.3,34.3,34.3,34.3,33.9,34.5,34.6,34.8,34.8,34.8,34.8,34.9,34.8,34.6,34.7,34.6,34.4,34.6,34.6,34.9,34.7,34.5,34.9,35.1,35.7,35.7,35.4,35.7,34.3,34.2,34.3,34.3,34.2,34.5,34.7,34.3,34.1,34.3,34.6,35.1,35.2,34.6,34.6,35.0,34.8,34.6,34.3,34.8,34.7,34.5,34.7,35.1
1785310771.8385193,856,35.5,35.1,34.8,34.5,34.4,34.5,34.3,34.6,34.0,34.0,34.3,34.1,34.2,33.8,33.9,34.4,34.2,34.2,34.3,34.2,34.2,34.4,33.9,34.1,34.2,34.5,34.6,34.4,34.3,34.4,34.6,34.6,35.1,34.7,34.9,34.6,34.1,33.8,33.9,34.2,34.3,34.1,34.0,34.0,34.1,34.1,34.0,34.1,34.1,33.8,34.2,34.1,34.2,33.9,34.4,34.2,34.4,34.2,34.4,34.1,34.6,34.2,34.4,35.2,35.3,34.8,34.4,34.4,34.3,34.3,34.4,34.5,34.1,34.2,34.0,34.1,33.5,34.3,34.2,34.1,33.9,34.1,33.7,34.0,33.9,34.2,34.0,33.9,34.0,34.2,34.2,34.3,34.4,34.3,34.3,34.8,35.0,34.6,34.5,34.5,34.2,33.8,33.9,34.1,34.2,33.9,34.1,34.1,34.2,33.8,34.0,34.0,34.1,34.0,34.2,33.9,34.0,34.0,33.8,34.2,34.6,33.9,33.5,34.4,34.7,34.1,34.4,34.6,34.2,34.6,34.5,34.3,34.0,34.4,34.1,34.3,33.9,33.7,33.7,33.8,33.8,34.1,34.1,33.9,33.9,34.1,33.6,33.7,34.2,34.1,33.7,34.2,34.3,34.1,33.9,34.1,33.9,34.5,34.1,34.5,34.8,34.5,34.3,34.4,34.3,34.1,34.7,34.4,34.6,34.0,34.0,33.8,33.9,33.6,33.9,34.0,34.3,33.6,33.9,34.3,34.3,33.9,33.8,33.9,34.0,34.0,34.0,33.9,34.0,34.4,34.0,34.2,34.7,34.7,34.6,34.6,34.9,35.3,35.8,35.8,34.3,34.1,33.5,33.9,33.9,33.7,33.6,33.8,33.8,34.2,33.7,33.8,34.1,34.0,34.0,33.9,33.8,33.9,34.0,34.1,34.2,34.3,34.0,34.6,34.4,34.8,34.9,34.5,35.6,35.9,35.6,35.4,34.6,33.5,34.0,34.1,33.8,33.6,33.7,34.0,34.0,33.2,34.0,33.6,33.9,33.8,33.9,33.8,33.9,34.0,33.8,34.2,34.3,33.9,34.3,34.5,35.2,34.8,35.8,36.0,35.3,35.1,35.5,35.5,34.4,34.3,34.5,34.4,34.1,34.3,34.1,34.1,34.0,34.0,33.6,33.6,33.8,34.0,33.8,33.8,33.7,33.8,34.1,34.0,33.9,34.0,34.3,34.2,36.0,35.3,36.3,36.7,35.0,35.0,35.2,35.6,35.3,34.6,34.6,34.6,34.3,33.9,34.2,34.0,34.2,34.2,34.0,34.1,34.0,33.7,34.1,34.0,34.1,33.8,33.9,34.3,34.2,33.8,34.0,34.3,36.8,36.5,35.7,35.8,35.3,35.5,35.5,35.7,35.5,35.7,34.8,34.5,34.4,34.2,34.1,34.3,34.1,34.7,34.3,34.5,34.3,34.6,34.1,34.5,34.0,34.1,34.0,34.3,34.0,34.2,34.2,34.1,36.4,36.5,35.8,35.4,35.4,35.0,35.3,35.3,35.5,34.9,34.6,34.5,34.9,34.5,34.5,34.7,34.6,34.2,34.3,34.5,34.9,34.4,34.8,34.5,34.5,34.3,34.4,34.2,34.4,34.2,34.6,34.4,35.9,35.9,35.5,36.0,35.4,35.7,35.5,35.5,35.1,34.8,34.2,34.6,34.5,34.3,34.8,34.8,34.6,34.6,34.3,34.8,34.6,34.5,34.9,34.5,34.9,35.0,34.9,34.8,34.5,34.9,35.0,35.1,35.4,35.3,35.4,35.4,35.4,35.4,35.5,35.5,35.0,34.6,34.5,34.2,34.4,34.3,34.4,34.6,34.6,34.9,34.4,34.7,34.4,34.7,34.9,34.7,35.0,35.0,34.8,34.8,35.1,34.9,34.8,35.0,34.9,35.7,35.1,35.3,35.4,35.4,35.5,35.9,34.9,35.1,34.3,34.6,34.6,34.6,34.1,34.3,34.5,34.7,34.4,34.7,34.4,34.5,34.6,34.6,34.6,34.3,34.3,34.4,34.5,34.4,35.2,35.2,34.7,35.2,34.9,35.1,35.2,34.9,35.2,35.5,35.2,34.5,34.2,34.5,34.4,34.3,34.4,34.6,34.4,34.4,34.5,34.6,34.6,34.4,34.2,35.1,34.8,34.5,34.8,35.0,35.0,34.3,34.7,35.1,34.7,34.8,34.9,35.0,34.6,34.6,34.9,35.1,34.7,34.6,34.3,34.1,34.4,34.3,34.6,34.5,34.8,34.8,34.9,35.0,34.8,34.5,34.4,34.3,34.8,34.4,34.5,34.3,34.7,34.9,35.0,34.6,34.7,34.7,34.8,34.7,35.0,34.4,34.4,34.6,34.7,34.4,34.5,34.4,34.5,nan,34.4,34.4,34.9,34.9,35.0,34.9,34.9,34.7,34.7,34.6,34.6,34.3,34.6,34.7,34.7,34.2,34.7,34.8,35.0,34.9,35.4,35.6,34.5,35.0,34.5,34.7,34.0,34.4,34.4,34.6,34.0,34.3,34.6,34.5,34.6,34.8,34.9,35.0,34.8,34.7,34.6,34.8,34.7,34.9,34.9,35.0,34.8,34.7,35.0,34.7,34.7,34.8,35.5,35.9,35.8,34.8,34.2,34.3,34.6,34.0,34.2,34.7,34.5,34.1,34.4,34.7,34.6,34.6,34.9,35.0,34.9,34.6,34.5,34.9,34.7,34.5,34.8,34.9,35.0,34.8,35.0,35.0,35.1,35.3,35.6,35.8,35.6,35.6,35.6,35.4,34.4,34.6,34.6,34.4,34.3,34.5,34.6,34.5,34.3,34.5,34.6,34.5,34.4,34.7,34.6,34.8,34.8,34.4,35.1,35.2,35.5,35.7,35.2,35.3,35.2,34.9,35.0,35.2,35.4,35.9,35.6,36.0,35.2,34.5,34.4,34.5,34.6,34.2,34.6,34.6,34.9,34.2,34.4,34.3,34.4,34.6,34.9,34.6,34.7,34.5,34.6,35.4,35.2,35.1,34.9,35.2,35.0,35.0,35.2,35.1,35.2,35.2,35.6,35.6,36.0,36.0,34.7,35.0,34.4,34.4,34.2,34.4,34.6,34.3,34.4,35.0,34.4,34.8,34.7,34.7,34.9,34.7,35.0,35.1,35.2,35.0,35.4,35.8,35.1,34.9,34.8,35.0,35.1,34.8,34.8,35.9,35.9,35.8,35.2,34.8,34.7,34.5,34.3,34.4,34.1,34.5,34.6,35.0,34.6,34.6,34.7,34.6,35.2,34.5,34.6,34.9,35.0,35.1,35.6,35.5
1785310774.3795323,857,35.1,34.7,34.6,34.8,34.7,34.1,34.6,34.4,34.2,34.1,34.3,34.1,34.0,34.0,34.5,34.2,33.7,34.1,34.2,34.2,34.2,34.3,34.1,34.3,34.1,34.1,34.4,34.7,34.4,34.4,34.5,34.6,35.2,34.8,34.0,35.0,34.6,34.1,34.2,34.7,34.4,34.0,34.2,34.2,33.8,34.1,34.1,34.3,33.8,34.1,34.4,34.2,34.1,34.1,33.8,34.3,34.4,34.1,34.3,34.4,34.7,34.3,34.3,35.5,34.7,34.9,34.2,34.5,34.2,34.2,34.4,34.7,34.1,33.8,33.8,34.3,33.9,33.9,34.1,34.3,33.8,34.0,34.3,34.2,34.1,34.2,34.2,34.0,34.0,34.1,34.1,34.2,34.9,34.6,34.8,35.1,34.6,34.7,34.1,34.6,34.5,33.7,34.0,34.4,34.6,33.9,34.1,34.1,33.8,34.2,33.6,34.0,34.1,34.1,33.9,34.4,34.2,34.2,34.1,34.2,34.3,34.0,34.0,34.6,34.6,34.0,34.7,35.3,34.8,34.5,34.3,34.4,34.0,34.3,34.1,34.0,34.2,34.1,34.1,34.0,34.0,34.1,34.1,34.1,33.9,33.9,34.2,34.1,34.0,34.1,34.3,34.0,34.2,34.2,34.6,34.5,34.6,34.4,34.2,34.6,34.8,34.1,34.2,34.3,34.2,34.0,34.2,34.3,34.2,34.0,33.8,34.0,33.8,33.6,33.9,34.3,34.0,34.3,34.3,34.1,34.3,33.8,33.8,34.3,34.0,34.0,34.0,34.6,34.3,34.3,34.1,34.7,35.0,35.2,34.2,35.9,34.5,35.9,35.5,34.1,34.5,33.8,34.0,33.7,34.1,33.9,34.1,34.1,33.8,34.0,34.1,34.2,34.3,34.3,34.0,33.9,33.7,33.9,34.1,34.0,34.1,34.3,34.3,34.7,35.1,34.6,35.9,35.4,35.8,35.7,34.3,35.4,33.7,34.1,34.0,34.0,33.8,33.8,33.7,34.4,33.9,33.9,34.0,33.9,34.4,33.5,34.1,34.0,34.3,34.0,34.1,34.4,34.1,34.3,34.6,34.7,36.5,35.9,35.8,35.1,35.5,35.5,35.7,34.2,34.4,34.0,34.2,34.0,34.0,33.8,34.1,34.0,33.8,33.9,33.6,34.0,33.8,34.1,34.1,33.8,34.0,34.1,33.9,34.2,34.1,34.2,34.4,34.2,36.0,36.4,34.6,35.4,35.6,35.2,34.6,35.3,34.2,34.3,34.3,34.6,34.3,34.0,33.7,34.4,34.0,33.9,33.8,34.1,33.9,33.9,34.0,34.0,33.5,34.3,34.1,34.5,34.0,33.7,34.2,34.6,36.5,36.1,36.1,35.3,35.5,35.7,35.7,35.4,34.9,35.1,34.7,34.5,34.4,34.3,34.1,34.0,34.2,34.0,34.3,34.2,33.9,34.1,34.1,34.0,34.0,34.0,34.0,34.3,34.2,34.0,34.4,34.2,36.2,36.2,35.6,35.6,35.6,35.4,35.8,35.5,35.3,34.9,34.3,34.9,34.2,34.4,34.2,34.6,34.2,34.5,34.0,34.4,34.2,34.2,34.1,34.4,34.3,33.8,33.9,34.0,34.6,33.9,34.5,34.2,36.8,36.5,36.1,35.7,35.6,35.4,35.7,35.5,34.9,34.4,34.6,34.4,34.5,34.2,34.6,34.5,34.5,34.2,34.4,34.7,35.0,34.5,35.1,34.8,34.6,34.5,34.5,34.5,34.7,34.6,34.4,34.6,36.1,35.4,35.6,35.1,35.8,35.4,35.5,35.5,34.5,34.5,34.5,34.9,34.6,34.7,34.5,34.8,34.1,34.7,34.7,34.9,34.6,34.9,34.5,35.1,34.8,34.9,35.0,35.0,34.8,35.0,34.9,35.0,35.6,35.3,35.5,35.7,35.6,35.9,35.6,35.7,35.1,34.4,34.5,34.5,34.3,34.5,34.5,34.5,34.7,34.5,34.8,35.0,34.9,34.8,34.8,35.0,34.8,34.8,35.3,35.1,34.9,34.8,35.4,35.4,35.3,35.1,35.3,35.5,35.6,35.4,35.2,35.3,34.2,34.3,34.4,34.7,34.6,34.6,34.7,34.8,34.7,34.6,34.7,34.6,34.7,34.8,34.7,35.1,35.0,34.3,34.6,34.9,34.4,34.6,34.9,35.3,35.0,35.5,35.2,35.6,35.0,34.8,35.4,35.3,34.7,34.1,34.5,34.5,34.4,34.5,34.8,34.8,34.9,34.5,35.0,34.7,34.5,34.2,34.5,34.5,34.6,34.5,34.7,34.8,34.7,34.8,35.0,34.8,35.4,35.0,35.1,35.1,35.0,34.6,34.8,35.2,34.2,34.2,34.5,34.7,34.5,nan,34.7,35.1,35.2,35.1,34.7,35.1,34.7,34.6,34.7,34.8,34.4,34.5,34.8,34.9,34.9,34.6,34.7,35.3,34.8,35.5,35.2,35.2,34.7,34.8,34.7,34.7,34.6,34.2,34.4,34.8,34.3,34.6,34.8,35.2,34.8,34.7,35.0,34.8,34.8,35.2,34.9,34.8,34.8,34.4,34.7,34.6,34.9,34.6,34.9,34.8,35.0,34.9,35.5,35.8,34.3,34.6,34.4,34.5,34.2,34.4,34.6,34.7,34.8,34.3,34.7,34.9,35.1,35.1,34.8,35.1,34.9,35.1,34.7,34.7,34.7,34.7,34.3,34.7,34.6,34.6,35.0,34.9,35.3,35.8,36.1,36.2,35.9,34.6,34.7,34.6,34.3,34.6,34.6,34.8,34.5,34.7,34.6,34.8,34.5,34.8,34.9,34.8,34.6,34.7,34.8,35.1,34.6,35.0,35.3,35.2,35.1,34.9,35.0,35.2,35.5,35.1,35.7,36.2,35.5,36.0,34.7,34.9,34.4,34.4,34.8,34.5,34.4,34.6,34.3,35.0,34.4,34.3,34.4,35.0,35.1,34.4,34.9,34.9,34.9,34.7,35.2,35.7,34.6,35.2,35.6,35.7,35.3,35.6,35.2,35.6,35.3,35.8,36.4,35.7,35.1,34.4,34.6,34.8,34.4,34.6,34.6,34.6,34.4,34.5,34.9,34.8,34.8,34.7,35.0,34.8,35.0,34.8,35.3,35.4,35.5,35.3,36.0,36.1,34.9,35.4,34.7,35.5,35.4,35.3,36.3,36.5,34.8,35.3,34.7,35.0,34.5,34.6,34.5,34.8,34.6,34.7,34.8,34.9,34.6,34.3,34.4,34.8,35.0,34.8,34.9,35.6,35.1,35.1,35.7,35.8
1785310776.934069,858,35.6,34.9,35.1,35.0,34.7,34.0,34.5,34.6,34.2,34.1,34.1,34.1,33.8,34.0,33.9,34.0,33.8,33.7,33.9,34.4,34.4,34.0,33.9,34.5,34.1,33.7,34.2,34.5,34.6,34.2,35.0,34.9,35.4,35.0,35.2,35.2,35.0,34.3,34.6,34.6,34.5,34.5,34.3,34.0,33.9,34.3,34.0,33.9,34.1,33.6,34.2,33.9,34.2,33.7,34.2,34.6,34.4,34.0,34.2,34.1,34.7,34.0,34.5,35.0,34.9,35.1,34.4,34.9,34.6,34.2,34.2,34.5,34.3,34.1,33.6,34.4,33.7,33.7,33.5,33.9,34.1,33.9,33.7,34.1,34.3,34.2,34.4,34.3,34.2,34.2,34.0,34.4,34.4,34.1,34.3,35.0,35.3,34.9,34.7,34.7,34.2,34.2,34.3,34.3,34.8,34.0,34.1,34.3,33.6,33.6,33.8,34.2,33.7,33.7,34.2,34.2,33.8,34.0,34.1,34.3,34.5,34.1,34.1,34.2,34.7,34.6,34.9,34.6,34.7,34.9,34.7,34.6,34.0,34.4,33.7,34.5,34.2,33.9,33.8,33.8,33.8,34.2,33.8,34.2,34.0,34.6,33.8,35.1,34.2,34.2,33.9,34.2,34.1,34.1,34.3,34.7,33.9,34.1,33.9,34.8,35.3,35.0,34.8,34.7,34.3,34.5,34.5,34.0,34.4,34.3,34.2,34.0,33.9,33.6,34.0,33.8,34.4,33.6,35.4,33.6,34.9,33.9,34.7,33.9,33.8,34.1,34.2,34.3,34.4,34.2,34.5,34.0,35.2,34.9,34.8,34.8,34.3,34.2,34.4,34.2,34.2,34.1,33.8,34.5,34.0,33.7,33.6,34.4,33.6,34.1,33.7,35.9,34.1,34.4,34.2,34.0,34.0,33.8,33.9,34.5,34.0,34.1,33.8,34.9,34.4,34.8,34.5,34.3,34.3,34.2,34.5,34.2,34.2,33.7,34.3,34.1,34.1,33.9,34.3,34.0,34.3,33.8,35.4,34.2,35.1,34.1,34.4,34.1,34.1,34.3,34.1,34.0,34.1,34.1,34.2,34.3,34.8,34.4,34.6,34.7,34.0,34.3,34.1,34.1,34.2,34.5,34.2,35.0,34.3,34.4,33.9,34.7,34.2,34.8,34.2,35.5,35.0,34.9,34.7,34.4,34.3,34.3,34.3,34.2,34.3,34.1,34.1,34.2,34.5,34.5,34.4,34.2,34.3,34.3,34.5,34.2,34.3,34.2,35.0,34.8,35.3,34.5,34.9,34.5,35.4,34.5,35.4,35.3,35.4,35.1,34.8,35.2,34.3,35.0,34.4,34.5,34.3,34.2,34.6,34.5,34.6,34.6,34.3,34.5,34.4,34.3,34.2,34.5,34.5,34.9,34.8,36.2,35.5,36.2,34.7,35.6,35.0,35.2,35.2,35.7,35.7,35.4,34.9,34.9,34.8,34.6,34.3,35.1,34.3,34.6,34.2,34.9,34.5,34.3,34.4,34.6,34.1,34.1,34.2,34.2,34.7,34.2,35.7,35.6,36.1,36.0,35.4,35.3,35.0,35.3,35.4,35.5,35.6,35.5,35.2,34.8,34.8,34.8,34.8,34.5,34.6,34.4,35.0,34.8,34.5,34.4,34.3,34.7,34.3,34.2,34.0,34.5,34.0,34.2,34.7,35.2,36.2,35.4,35.8,35.3,35.1,35.1,35.0,35.8,35.7,35.3,35.2,34.9,34.5,34.8,34.7,35.0,34.9,34.7,34.8,35.3,34.8,34.3,34.2,34.6,34.2,34.5,34.2,34.2,34.3,34.3,34.6,34.8,35.2,35.8,35.1,35.2,34.8,35.3,35.3,35.5,35.3,35.5,35.2,35.0,34.6,34.8,34.9,34.6,34.7,34.6,35.0,35.2,34.5,34.5,34.5,34.7,34.5,34.1,34.3,34.3,34.4,34.2,34.4,34.8,34.6,35.1,35.4,34.6,35.1,35.1,35.2,35.6,35.4,35.1,34.8,35.1,34.6,34.1,34.7,34.9,34.7,34.6,34.8,35.2,34.5,34.2,34.3,34.5,34.3,34.2,34.5,34.3,34.2,34.3,34.3,34.3,34.6,34.7,34.8,35.2,34.7,35.0,35.1,35.5,34.8,35.2,34.8,34.7,34.5,34.6,34.8,35.0,34.9,34.8,35.3,35.3,34.5,34.0,34.4,35.0,34.3,34.3,34.3,34.5,34.0,34.0,34.4,34.4,34.2,34.6,34.7,34.8,34.4,34.6,34.8,34.8,35.1,34.5,34.8,34.4,34.6,34.4,34.7,35.0,34.9,35.1,34.8,35.4,34.3,34.5,34.5,34.1,34.5,34.2,34.4,34.4,34.0,34.2,34.3,34.3,34.3,nan,34.8,34.5,34.7,34.7,34.7,34.9,34.2,34.9,34.5,34.5,34.4,34.6,35.0,34.9,34.8,35.1,35.3,35.6,34.6,34.2,34.2,34.8,34.3,34.3,34.3,34.7,34.2,34.2,34.2,34.2,34.1,34.1,34.6,35.3,35.2,35.1,34.6,35.0,34.3,34.2,34.2,34.4,34.4,34.4,34.7,34.8,35.2,34.5,34.9,35.6,34.3,34.2,34.7,34.4,34.1,34.2,34.4,34.1,34.2,34.2,34.5,34.1,34.0,34.1,34.9,34.9,35.7,35.4,35.4,34.9,34.6,34.0,34.5,34.4,34.3,34.3,34.4,34.5,34.4,35.0,35.0,34.8,34.4,34.4,34.2,34.3,34.5,34.2,34.1,34.5,34.4,34.2,34.1,34.9,34.1,34.3,34.7,35.1,35.1,35.4,35.6,36.1,35.4,36.0,34.6,35.3,34.9,34.2,34.5,34.8,34.9,34.5,34.8,35.6,34.3,34.2,34.8,34.3,34.3,34.4,34.7,34.5,34.3,34.5,34.7,34.1,34.2,34.4,34.7,35.1,34.6,34.7,35.1,35.6,35.4,35.4,35.9,35.1,34.7,34.6,34.6,34.7,34.4,34.7,35.3,35.2,34.8,34.2,34.1,34.9,34.2,34.4,34.3,34.3,34.4,34.4,34.4,34.6,34.2,34.6,34.6,35.1,34.7,34.8,34.9,35.1,35.3,35.3,36.0,36.4,35.5,34.9,34.8,34.8,34.8,34.6,34.8,35.8,34.5,34.5,34.6,34.2,34.1,34.3,34.2,34.4,34.3,34.5,34.6,34.4,34.6,34.1,34.6,34.6,34.4,34.8,35.0,35.0,34.9,35.5,36.0,35.7,35.0,35.3,34.9,34.7,34.6,34.9,35.2,35.1
1785310782.0201237,860,34.8,34.6,34.3,34.5,34.4,34.0,34.3,34.1,33.6,33.8,33.7,33.1,33.0,33.4,33.5,33.6,33.0,33.4,33.7,33.6,33.4,33.8,34.0,33.7,33.2,33.9,33.5,33.8,33.6,33.9,34.2,34.3,34.3,34.0,33.9,33.9,34.1,33.8,33.9,34.0,33.7,33.5,33.7,33.4,33.3,33.3,33.4,34.1,33.3,33.0,33.6,33.7,33.5,33.5,33.4,33.8,33.4,33.4,33.8,34.1,33.7,33.3,34.2,34.2,33.9,34.6,33.7,34.0,33.7,34.1,34.2,34.0,33.3,33.6,33.4,33.7,33.3,33.2,33.3,33.7,33.2,33.9,33.3,33.6,33.4,33.4,33.6,33.7,33.6,33.6,34.0,33.7,34.0,33.7,34.0,34.1,34.3,33.7,34.0,34.3,33.8,33.4,33.7,33.9,33.6,32.9,33.5,33.7,33.2,33.3,33.4,33.5,33.7,33.1,33.6,33.7,33.5,33.3,33.5,33.6,33.5,33.5,33.7,34.0,33.4,33.5,33.7,34.4,34.5,34.2,33.6,34.1,33.8,34.0,33.9,33.9,33.1,33.7,33.1,33.4,32.9,33.3,33.7,33.3,33.2,33.4,33.6,33.7,33.5,33.5,34.1,33.6,33.2,33.4,33.5,33.9,33.3,33.7,33.9,34.3,34.5,34.1,34.3,34.2,33.7,33.6,33.7,33.8,33.8,33.4,33.4,33.5,33.4,33.0,33.5,33.6,33.7,33.1,33.7,33.6,33.7,33.2,33.4,33.7,33.8,33.6,33.6,33.9,33.4,33.4,34.0,34.2,34.0,34.0,33.5,34.6,33.7,34.1,33.6,34.2,33.2,33.4,33.6,33.5,33.0,33.5,33.5,33.7,33.1,33.6,33.5,33.9,33.6,33.4,33.6,33.5,33.1,33.5,33.6,33.7,33.2,33.6,33.8,34.0,34.4,33.7,33.8,33.9,33.7,33.6,33.7,33.6,33.3,33.3,33.5,33.7,33.3,33.3,33.3,33.6,33.3,33.3,33.5,33.8,33.5,33.1,33.4,33.5,33.7,33.4,33.9,33.8,33.5,33.3,33.9,33.8,33.7,34.4,33.8,33.8,33.4,33.4,34.2,33.7,33.8,33.4,34.0,33.5,33.7,33.4,34.1,33.7,34.2,33.5,34.0,33.7,33.9,33.4,33.5,33.5,33.1,33.4,33.3,34.0,33.5,33.5,33.9,34.0,34.3,33.4,33.9,34.4,33.7,33.3,33.6,34.7,33.8,33.9,33.9,34.1,33.5,33.8,33.5,34.6,33.8,34.0,33.5,34.5,33.3,34.0,33.4,33.6,33.4,33.2,33.8,34.1,33.4,33.4,33.8,33.7,34.1,34.0,34.3,33.8,33.8,33.9,34.6,34.3,34.8,34.5,34.1,33.8,34.1,34.3,34.7,34.6,35.0,34.9,34.5,35.1,34.4,34.4,34.2,33.7,33.5,33.7,33.6,33.7,33.6,33.8,34.0,34.1,34.1,33.7,34.0,34.4,33.7,33.7,34.0,34.9,35.3,35.4,34.4,34.8,34.3,34.6,34.4,35.1,35.3,34.9,35.7,34.8,35.0,34.5,34.9,34.5,33.6,33.3,33.7,33.6,33.5,33.3,33.8,34.2,33.8,33.8,34.3,33.9,33.7,33.7,34.1,34.8,35.2,35.7,35.2,35.6,34.6,34.9,35.0,35.2,34.9,35.4,34.5,34.9,34.1,34.6,34.6,35.1,34.0,33.9,33.9,33.8,33.6,33.6,34.0,33.9,34.1,33.7,33.8,34.2,33.6,33.9,34.2,34.4,35.2,35.1,35.6,35.3,34.7,34.7,34.8,35.2,35.1,34.5,34.8,34.5,34.0,34.2,34.5,34.7,33.7,33.8,33.8,34.3,33.8,33.6,33.8,34.4,33.8,34.2,34.3,34.1,33.8,33.7,33.9,34.6,34.2,35.0,35.0,34.9,34.2,34.7,35.0,35.1,34.5,35.1,34.4,34.6,34.2,34.1,34.6,34.1,34.2,34.1,34.5,34.2,33.6,33.8,34.1,34.5,34.2,33.8,33.7,34.1,33.5,33.6,34.2,34.1,34.1,34.1,34.9,34.8,34.4,34.4,35.0,34.7,35.0,34.5,34.7,34.4,34.5,34.1,34.1,34.7,34.6,33.9,34.4,34.5,34.4,33.7,34.2,34.9,33.6,34.0,34.1,34.2,33.5,33.9,33.9,34.3,33.6,34.0,34.6,34.7,34.2,34.7,34.9,35.2,34.2,35.1,34.2,34.4,33.9,34.1,34.2,34.4,34.7,34.2,34.7,34.4,34.1,34.5,34.8,34.9,33.8,33.7,33.6,33.9,33.7,33.6,33.9,34.0,33.8,33.8,34.5,34.5,34.4,nan,34.5,34.5,34.5,33.9,34.5,34.1,33.8,33.8,34.6,34.5,34.3,33.9,34.8,34.8,34.6,34.2,34.8,34.8,33.5,34.0,34.3,34.5,33.7,33.9,33.7,34.3,33.5,34.0,34.5,34.6,34.4,34.2,34.3,34.6,33.8,34.1,34.1,34.4,33.7,34.1,34.4,34.2,34.2,34.7,34.5,35.1,34.2,34.7,34.8,34.9,33.9,34.0,33.9,34.1,33.9,33.5,34.0,34.1,33.8,33.8,34.2,34.6,34.4,34.4,34.3,34.8,34.2,33.6,34.0,34.1,33.9,33.7,34.3,34.3,34.3,33.9,34.4,34.3,34.6,34.4,34.5,34.8,34.2,34.8,33.9,34.5,33.7,34.0,33.9,34.3,33.9,34.0,34.2,34.9,34.6,35.1,35.1,34.8,34.4,33.9,33.7,34.2,33.7,33.9,34.0,34.4,33.5,34.4,34.5,34.7,34.1,34.4,34.5,34.9,34.1,33.5,34.3,34.3,33.9,33.8,34.1,34.7,33.9,34.0,34.2,34.5,34.9,34.7,35.2,35.2,34.5,34.5,34.2,34.2,33.7,33.8,33.9,34.2,34.1,34.1,34.2,34.4,34.1,34.1,34.6,35.2,34.1,34.4,34.1,34.7,33.8,34.1,34.1,34.3,34.0,34.4,34.4,34.6,34.2,34.7,34.4,35.1,34.7,35.4,35.4,34.9,33.8,34.2,34.2,34.3,34.1,34.5,34.4,34.3,34.2,34.6,34.8,35.3,33.5,33.8,34.2,34.4,33.9,33.8,34.1,34.4,33.9,33.8,34.4,34.6,34.4,34.2,34.4,34.7,34.6,34.9,35.3,34.8,34.4,33.7,33.8,34.4,34.4,33.7,34.2,34.7,34.2,34.2,34.7,35.1
1785310784.5690422,861,34.2,33.4,33.8,33.9,34.4,34.3,34.1,33.8,33.4,33.7,33.3,33.2,33.8,33.1,33.7,33.1,33.2,33.3,33.9,33.3,33.4,33.1,33.6,33.4,33.6,32.9,33.7,33.7,33.8,33.3,34.2,34.0,34.2,34.2,33.6,34.2,34.0,33.6,33.4,34.2,33.2,33.5,33.1,33.6,33.4,33.3,33.3,33.7,33.4,33.5,33.5,33.4,33.4,33.3,33.3,34.0,33.2,33.4,33.2,34.1,33.9,33.6,33.8,34.5,34.1,34.0,33.7,33.9,33.5,34.0,34.2,33.7,33.3,33.4,33.6,33.5,33.1,33.4,33.3,33.6,33.2,33.3,33.5,33.4,33.7,33.5,33.6,33.4,33.6,33.1,33.8,33.2,33.7,33.3,34.0,33.7,34.1,33.4,33.7,34.1,33.7,33.6,33.8,33.7,33.1,33.3,33.0,33.5,33.1,33.3,33.3,33.5,33.1,33.1,33.0,34.2,33.2,33.6,33.2,33.6,33.6,33.5,33.2,33.8,33.3,33.5,33.3,34.1,33.7,33.6,34.0,33.8,33.8,33.9,33.9,34.0,33.3,33.0,33.3,33.3,32.9,33.2,33.7,33.2,33.5,33.2,33.4,33.6,33.3,33.2,33.3,33.3,33.6,33.4,33.5,33.4,33.3,33.6,33.7,33.7,34.2,33.8,33.8,34.0,33.6,33.7,33.6,34.0,33.3,33.1,32.8,33.3,33.4,33.0,33.2,33.6,33.6,33.2,33.4,33.4,33.5,33.2,33.3,33.7,33.3,33.6,33.1,33.7,33.5,33.6,33.5,33.8,34.3,33.5,33.7,33.7,33.9,33.5,34.0,33.9,33.4,33.3,33.2,33.3,33.2,33.2,33.2,33.3,33.1,33.2,33.5,33.5,33.6,33.5,33.5,33.2,33.6,33.0,34.0,33.4,33.4,33.5,33.8,33.9,33.6,33.7,33.5,33.7,33.4,33.3,33.4,33.4,33.2,33.3,33.2,33.6,33.3,32.9,33.5,33.3,33.1,33.0,33.2,33.5,33.4,33.3,33.1,33.4,33.2,33.2,33.4,33.7,33.6,33.9,33.6,33.8,33.7,33.4,33.8,33.7,34.0,33.5,33.5,33.8,33.5,33.5,34.0,33.5,33.4,33.7,33.6,33.9,33.3,34.2,33.5,33.6,33.2,33.3,33.7,33.4,33.6,33.3,33.7,33.5,33.5,33.4,33.7,33.4,34.0,33.6,33.8,34.0,33.4,33.5,33.7,34.0,34.2,33.5,33.3,33.9,33.9,33.5,34.1,34.1,34.9,33.8,34.8,33.8,34.4,33.4,33.3,33.5,33.3,33.6,33.2,33.7,33.6,33.4,33.1,34.1,33.9,33.5,34.1,33.9,33.6,33.7,34.7,35.1,34.5,35.5,34.0,34.3,34.4,34.6,34.8,35.1,35.5,34.9,35.2,34.5,34.7,35.1,33.7,33.6,33.3,33.5,33.4,33.6,33.6,33.7,34.0,33.4,33.6,33.4,33.9,34.0,33.6,34.5,34.4,35.4,35.8,35.0,34.8,34.8,34.5,34.8,34.8,35.4,35.2,34.9,34.0,34.6,34.4,35.3,34.0,34.0,33.4,33.4,33.6,33.6,33.3,33.3,33.5,34.1,34.2,33.7,34.1,34.0,34.1,33.7,34.8,34.2,35.5,35.2,34.8,34.6,34.7,34.5,35.0,35.1,34.9,34.5,34.1,34.2,34.3,33.9,34.2,34.0,33.5,34.0,33.7,33.7,33.4,33.5,34.0,34.0,33.6,33.5,33.9,33.8,33.5,33.9,33.7,35.2,34.6,35.4,34.1,34.9,34.2,35.0,35.0,35.2,34.5,34.7,33.9,34.3,33.6,34.0,34.2,34.0,34.0,33.6,33.9,33.9,33.9,33.5,33.5,34.0,34.0,33.7,34.1,34.0,33.9,33.6,34.1,34.0,34.8,34.4,34.4,34.6,34.4,34.6,35.0,34.7,34.8,34.3,34.1,34.0,34.4,34.2,34.6,34.3,33.9,34.3,34.3,34.6,33.6,33.7,34.3,34.4,33.7,34.0,33.7,34.1,33.6,33.8,33.8,34.6,34.2,34.4,34.2,34.8,34.4,34.8,34.5,35.2,34.6,34.2,33.8,34.4,33.7,34.2,34.0,34.5,34.3,34.1,33.9,34.5,33.9,34.2,34.3,34.3,33.6,33.7,33.9,33.9,33.7,33.6,33.9,33.7,34.3,33.9,34.2,34.1,34.7,34.1,34.7,34.3,34.2,33.7,34.1,33.8,34.1,33.8,34.6,34.1,34.6,34.3,34.7,34.3,34.5,34.0,34.6,34.2,34.1,33.5,33.7,33.9,33.8,33.8,33.4,34.0,33.5,34.5,34.0,34.3,34.1,nan,33.7,34.7,33.8,34.1,33.7,34.1,33.9,33.8,34.2,34.3,34.0,33.9,34.1,34.7,34.1,34.0,34.1,34.8,34.1,33.7,34.3,34.0,33.7,33.6,34.3,34.0,33.8,33.5,34.5,34.4,33.8,34.1,34.1,33.5,34.1,33.2,34.1,33.8,33.9,34.0,34.0,34.1,34.5,33.9,34.5,34.3,34.2,34.2,34.8,34.6,33.5,34.0,33.7,34.3,33.6,33.6,33.5,34.1,33.3,34.0,34.4,34.8,34.8,34.0,34.2,34.2,33.9,34.1,33.9,34.1,33.6,34.0,33.9,34.7,34.0,34.6,34.3,34.5,34.1,34.2,34.2,34.2,34.2,34.1,34.1,34.4,33.9,33.7,34.1,34.0,34.0,34.1,35.2,34.4,35.2,35.2,34.4,35.1,33.9,34.0,34.0,33.8,33.9,33.5,34.4,33.9,34.0,33.9,34.5,33.9,34.5,33.9,35.0,34.3,33.5,33.8,33.6,34.1,33.6,34.0,33.8,34.3,33.8,34.3,34.3,35.0,34.1,35.4,34.6,35.4,35.1,33.7,34.2,34.1,33.9,33.6,34.2,34.2,33.4,33.7,34.1,34.4,34.2,34.7,34.5,34.7,33.6,34.0,34.3,34.2,33.8,33.4,34.5,34.0,34.2,33.7,34.5,34.3,34.5,33.9,34.7,34.1,35.4,35.1,34.3,34.6,33.5,34.1,34.5,33.8,34.0,33.7,34.6,34.0,34.6,34.3,34.8,34.5,33.4,33.3,33.6,34.2,33.6,33.6,33.6,34.3,33.4,34.2,34.1,34.7,34.1,33.9,33.9,34.6,34.3,35.3,35.2,34.8,33.7,33.9,33.9,34.4,34.1,33.9,33.9,34.5,33.9,34.2,34.6,35.1
1785310787.148155,862,34.2,33.8,33.5,33.8,34.0,33.6,33.6,33.7,33.4,33.4,33.3,33.7,33.0,33.2,33.0,33.8,33.0,33.4,33.4,33.8,33.6,33.6,33.3,33.7,33.2,33.1,33.5,33.6,33.8,33.5,33.7,33.8,34.3,33.7,33.9,33.9,33.9,33.4,33.5,33.4,33.7,33.4,33.4,33.0,33.3,33.3,33.3,33.3,33.2,33.4,33.8,33.2,33.5,33.1,33.6,33.8,33.4,33.6,33.4,33.7,33.8,33.3,33.7,33.7,33.9,34.1,33.2,34.0,33.5,33.5,33.4,33.6,33.3,33.4,33.0,33.5,33.1,33.3,33.2,33.2,33.0,33.4,33.1,33.4,33.2,33.2,33.3,33.7,33.6,33.4,33.4,33.3,33.7,33.2,33.6,34.1,34.0,33.9,34.3,34.1,33.4,33.2,33.5,33.5,33.2,33.3,33.3,33.3,33.1,32.9,33.4,33.6,33.5,33.3,33.8,33.5,33.1,33.6,33.4,33.6,33.5,33.5,33.3,33.2,33.2,33.5,33.9,33.9,34.2,34.2,33.8,33.7,33.8,33.4,33.3,33.3,32.7,33.3,33.3,33.2,33.4,33.0,33.1,33.1,33.1,33.0,33.2,33.5,33.3,33.3,33.3,33.6,33.4,33.4,33.1,33.7,33.5,33.3,33.7,33.6,33.8,33.6,34.1,33.8,33.5,33.4,33.0,33.8,33.3,33.2,33.3,33.3,33.2,33.4,33.3,33.6,33.3,33.2,33.4,33.2,33.4,33.0,33.4,33.5,33.4,33.4,33.2,33.7,33.4,33.4,33.4,33.6,34.0,34.0,33.9,33.6,33.7,33.6,33.5,33.3,33.4,33.4,33.2,33.5,33.2,33.2,33.1,33.5,33.6,33.6,33.2,33.3,33.6,33.1,33.1,33.3,33.4,32.9,33.1,33.4,33.6,33.3,33.4,34.0,33.5,33.5,33.6,33.7,33.5,33.3,33.4,33.4,33.1,33.0,33.6,33.1,33.6,33.3,33.6,33.5,33.7,33.3,33.5,33.3,33.5,33.3,33.5,33.4,33.5,33.7,33.4,33.3,33.5,33.5,33.7,33.8,33.9,33.7,33.4,33.8,33.6,33.2,33.7,34.3,33.3,33.6,33.5,34.5,32.9,34.2,33.4,34.5,33.1,34.6,33.1,33.9,33.2,33.3,33.4,33.4,33.1,33.5,33.2,33.4,33.7,33.2,33.3,33.6,33.9,34.0,34.1,34.2,33.9,33.1,33.8,33.6,33.9,33.4,34.0,33.6,34.4,33.5,34.2,33.8,34.3,33.8,34.3,33.7,33.3,33.5,33.2,33.3,33.4,33.2,33.5,33.7,33.4,33.6,33.4,33.5,33.7,33.6,33.7,34.4,33.2,34.8,33.3,34.5,33.5,34.3,33.5,34.9,33.4,34.9,33.9,34.8,33.9,34.1,34.4,34.4,34.1,33.9,33.7,33.6,33.1,33.2,33.2,33.7,33.6,33.4,34.0,33.9,33.9,33.9,34.2,33.8,34.8,33.9,34.9,33.9,34.3,33.9,34.9,33.8,34.6,34.1,34.9,34.2,34.0,34.1,34.1,34.3,34.0,34.5,33.6,33.8,33.6,33.6,33.9,33.2,33.8,33.3,33.4,33.5,34.2,33.8,33.9,34.7,33.7,34.6,34.1,35.3,34.2,34.5,33.8,34.8,34.1,34.3,34.4,34.6,34.4,34.0,34.4,34.3,34.4,34.1,34.2,34.2,34.4,34.1,33.7,34.2,33.9,34.0,33.8,33.9,33.9,33.5,34.0,33.8,34.5,33.9,35.1,34.4,34.8,34.6,34.7,34.5,34.7,34.1,34.3,34.5,34.0,34.4,33.9,34.7,34.2,34.0,34.0,34.3,34.2,34.6,34.0,33.9,33.8,33.5,34.0,34.0,33.8,33.8,33.9,34.1,33.6,34.1,34.1,35.1,34.7,34.4,35.0,34.6,35.0,34.6,34.7,34.4,34.6,33.6,34.6,34.5,34.5,34.0,34.2,33.9,34.0,33.9,34.1,34.2,34.1,34.0,34.1,34.3,33.6,33.8,34.1,33.9,33.9,33.8,34.4,34.1,34.3,34.4,34.5,35.0,34.4,34.8,34.3,34.9,33.9,34.5,33.6,34.7,33.8,34.2,34.5,34.5,34.1,33.9,34.0,34.1,34.0,34.0,34.2,34.9,33.4,33.8,33.9,34.4,33.7,33.9,33.8,34.1,33.8,34.2,34.4,34.4,35.2,34.3,34.9,34.1,34.6,33.8,34.6,33.9,34.6,34.0,34.2,34.1,34.1,33.9,34.3,34.2,34.3,34.1,34.4,33.9,34.0,33.7,33.4,33.9,34.1,33.8,34.2,33.7,34.3,34.0,34.0,34.5,33.6,nan,33.8,34.7,33.9,34.4,33.5,34.7,33.9,33.8,34.0,34.2,34.0,33.8,34.4,33.9,34.1,34.4,34.6,34.8,34.1,34.0,33.7,34.2,33.7,33.3,34.1,33.9,33.5,35.0,33.9,34.6,34.1,33.9,34.4,33.9,34.4,33.8,34.4,34.1,34.4,34.0,34.2,34.0,34.0,33.7,33.9,34.2,34.1,34.1,34.6,34.5,34.1,34.0,34.3,33.9,33.5,33.5,33.8,33.7,33.8,33.8,35.0,34.6,34.3,34.4,34.2,34.5,33.4,34.2,33.9,34.2,33.9,34.2,33.6,34.3,34.1,33.9,33.8,34.3,34.0,34.2,34.5,34.6,34.2,34.2,33.9,34.1,33.7,34.0,33.9,34.1,33.7,34.3,34.4,35.1,34.4,34.8,34.5,35.4,34.1,33.7,33.8,33.7,33.7,33.6,33.7,33.7,34.0,33.6,34.1,34.4,34.5,34.1,34.3,34.0,33.4,34.0,34.4,34.1,33.5,34.0,33.9,33.9,33.9,34.0,34.4,33.9,34.5,34.2,35.0,34.9,34.9,34.2,34.2,34.4,33.7,33.8,34.0,33.8,33.7,33.9,33.8,34.4,33.9,34.1,34.4,34.5,34.1,33.9,34.1,34.5,33.8,34.2,34.3,34.3,33.6,34.0,34.0,34.4,34.0,34.2,34.4,34.6,34.7,34.7,35.1,34.2,34.6,33.9,34.2,33.8,34.3,34.0,34.2,34.1,34.4,33.8,34.3,35.1,33.7,33.8,33.9,34.2,33.9,34.0,34.0,34.0,33.9,34.0,34.2,34.4,33.9,34.2,34.2,34.0,34.4,34.8,34.4,35.3,33.8,34.7,33.8,34.6,34.0,33.9,34.0,33.9,33.8,34.4,34.0,34.6
1785310789.6795738,863,34.0,33.4,33.5,33.9,33.5,33.5,33.2,33.2,33.4,32.9,33.3,33.4,33.2,33.1,33.4,33.5,32.9,33.1,33.4,33.3,33.2,33.0,32.9,32.8,33.2,33.4,33.3,33.7,33.6,33.1,33.7,33.5,33.7,33.7,34.3,33.9,33.5,33.2,33.0,33.4,33.2,33.4,33.1,33.0,33.0,33.3,33.2,33.3,33.1,33.2,33.3,33.4,32.8,33.3,33.3,33.6,33.2,33.2,33.3,33.7,33.4,33.6,33.3,33.7,34.1,33.7,33.7,34.1,33.9,33.4,33.4,33.1,33.1,33.1,33.0,33.4,32.9,32.9,33.2,33.2,33.0,33.1,33.1,33.3,33.2,33.5,33.3,33.4,33.0,32.9,33.4,33.2,33.3,33.3,33.3,33.7,33.2,33.7,33.5,33.8,33.5,33.6,33.0,33.3,33.3,33.1,33.0,33.3,33.1,33.1,33.1,33.1,32.9,33.1,33.2,33.3,33.0,33.3,33.2,33.2,33.2,33.2,33.0,33.2,33.1,33.3,33.8,33.7,33.7,33.4,33.6,33.6,33.4,33.1,33.3,33.0,33.3,32.8,32.9,33.3,32.9,32.7,33.2,33.0,33.1,33.1,33.1,33.4,33.5,33.0,33.2,33.1,33.2,33.1,33.3,33.4,33.3,33.4,33.5,33.7,33.7,33.8,33.6,33.8,33.2,33.2,32.9,33.5,33.0,33.2,32.8,32.9,32.8,32.9,33.1,33.4,32.8,33.1,33.4,33.4,33.0,33.2,33.1,33.3,33.2,33.2,33.5,33.3,33.3,33.2,33.3,33.6,33.8,33.2,33.3,33.9,33.5,33.3,33.3,33.4,32.8,33.1,33.1,33.0,33.0,33.2,33.4,33.3,33.1,33.3,33.2,33.7,33.2,33.1,33.1,33.4,33.4,32.8,33.3,33.4,33.6,33.1,33.2,33.2,33.0,33.3,33.5,33.5,33.2,33.3,33.3,33.2,33.2,33.0,33.0,33.1,33.2,32.8,33.3,33.2,33.6,33.0,33.7,33.3,33.9,33.1,33.6,33.0,33.2,33.4,33.2,33.7,32.6,33.1,33.2,33.8,33.9,33.4,33.6,33.7,33.4,33.5,33.2,33.5,33.1,33.3,33.3,33.5,33.3,33.7,33.3,33.9,33.3,34.8,33.2,34.4,33.4,34.1,33.0,33.6,33.1,33.3,33.0,33.5,33.3,33.1,33.3,33.7,33.3,33.6,33.6,33.8,33.2,33.3,33.5,33.6,33.8,33.4,33.4,33.4,33.2,33.2,34.1,33.8,34.8,33.8,35.0,34.6,34.4,34.0,34.1,33.5,33.3,32.9,33.5,33.0,33.4,33.4,33.5,33.3,33.7,33.3,33.5,33.5,33.6,33.0,33.2,34.7,33.4,34.9,33.5,34.6,33.7,34.3,34.0,34.6,35.3,34.5,35.0,34.5,34.7,33.6,34.7,34.0,33.1,33.6,33.2,34.0,33.8,33.7,33.6,33.4,33.6,33.4,33.5,33.6,33.1,33.4,33.9,34.0,35.0,33.9,35.4,33.7,34.1,34.3,34.5,35.0,34.4,34.9,34.6,34.5,34.1,34.2,34.0,33.8,33.8,33.6,33.7,33.4,33.7,33.6,33.5,33.5,33.8,33.5,33.5,33.6,33.4,33.6,33.9,34.2,34.7,34.9,35.3,35.5,34.4,34.2,34.7,34.7,35.1,34.5,34.7,34.7,34.3,33.7,34.1,33.6,34.0,33.5,33.6,34.1,33.9,33.5,33.8,34.0,33.2,33.3,33.5,33.4,33.3,33.8,33.6,34.4,34.3,35.1,35.3,35.6,34.2,34.5,34.5,34.7,34.4,35.0,34.9,34.7,33.9,33.9,33.7,33.8,33.8,34.1,33.9,33.9,33.9,33.6,34.1,34.4,33.8,33.3,33.7,33.8,33.8,33.4,33.9,33.7,34.5,34.1,35.4,34.8,34.7,34.2,34.4,34.3,34.8,34.5,34.9,34.5,34.2,33.7,33.9,33.6,33.9,33.6,34.1,34.2,33.9,34.1,34.5,34.2,33.5,33.4,33.6,33.9,33.1,33.4,33.6,34.1,33.5,34.6,34.0,35.1,34.1,34.5,34.2,34.6,34.4,34.5,34.2,35.0,33.6,34.1,33.9,34.0,33.5,33.6,34.1,34.3,33.9,33.9,34.1,34.3,33.8,33.5,33.9,33.5,33.7,33.0,33.6,33.7,33.6,33.4,34.4,34.1,34.4,34.1,34.1,34.2,34.2,33.7,34.6,33.8,34.1,33.5,33.9,33.3,34.1,33.6,34.3,34.1,34.1,33.6,34.4,34.2,33.1,33.5,33.5,33.9,33.2,33.3,33.2,33.7,33.2,33.6,33.4,34.5,34.0,nan,33.7,34.2,33.6,34.2,33.7,34.7,33.1,33.5,33.7,34.0,33.4,33.9,33.8,34.3,33.4,34.2,33.9,34.6,33.9,33.7,33.9,33.8,33.7,33.4,33.9,33.8,33.5,33.2,33.3,33.8,34.3,33.8,34.1,34.2,33.8,34.0,33.6,34.2,33.4,34.0,33.7,33.7,33.6,33.2,33.9,33.7,33.9,33.6,34.2,34.2,33.3,33.8,33.5,34.1,33.4,33.6,33.4,33.7,33.0,33.6,33.6,34.1,33.2,34.2,34.6,34.0,34.4,33.9,34.3,33.8,34.4,33.7,34.0,33.8,33.3,33.7,33.7,33.9,33.1,33.6,34.0,34.2,33.9,33.4,33.7,34.0,33.5,33.7,33.4,34.0,33.7,33.5,33.9,34.1,33.9,33.5,34.4,34.5,34.4,34.5,34.0,34.7,33.9,34.8,33.8,34.6,33.6,33.7,34.1,34.1,34.3,33.3,34.1,34.3,33.0,33.5,33.6,33.9,33.6,34.0,33.6,33.9,33.5,33.5,33.9,33.8,33.6,34.0,34.1,35.2,33.9,35.0,34.2,35.1,34.1,34.7,35.3,34.2,33.8,33.7,33.5,34.3,33.4,33.7,34.1,34.3,33.8,33.8,34.1,33.9,33.6,33.8,33.9,34.0,33.8,33.7,33.8,33.7,33.8,33.6,34.4,34.3,34.4,33.9,34.3,34.3,34.4,33.8,35.3,34.8,34.1,33.7,34.0,33.8,34.0,33.4,34.6,34.5,33.4,33.6,33.4,34.2,33.6,33.8,33.7,34.2,33.4,33.8,33.9,34.0,33.6,33.9,33.8,34.4,33.4,34.1,34.1,34.4,33.7,34.6,34.4,35.3,33.9,34.1,33.9,33.9,33.5,34.0,33.9,34.6
1785310792.234704,864,33.7,34.1,32.8,34.0,33.5,33.8,33.4,33.3,33.2,33.4,33.1,33.3,33.2,33.2,33.2,33.2,32.5,33.4,33.0,33.4,33.2,33.3,32.9,33.5,32.9,33.5,33.3,33.3,33.0,33.7,33.5,33.8,34.3,32.9,33.7,34.0,33.9,33.2,33.1,33.4,33.5,32.8,33.2,32.8,33.3,33.2,32.9,33.2,33.2,33.0,33.3,33.2,33.7,33.0,33.2,33.2,33.6,33.0,33.2,33.5,33.5,32.7,33.7,33.8,33.1,33.6,33.3,34.0,33.3,33.7,33.2,33.8,32.4,33.0,32.7,32.9,32.6,32.8,33.0,33.0,32.9,33.2,32.8,33.2,33.0,33.2,33.3,33.7,33.0,33.2,33.0,33.3,33.3,33.5,33.4,33.6,33.8,33.4,33.6,33.9,33.8,33.0,33.1,33.3,33.2,32.8,33.3,33.2,33.2,32.8,33.1,33.0,33.3,32.8,33.3,33.2,33.5,33.0,33.4,33.4,33.5,33.2,33.1,33.2,33.2,32.9,33.7,33.7,33.5,33.7,33.2,33.7,33.0,33.4,33.7,33.3,33.1,33.3,33.0,33.2,33.1,33.5,33.3,33.3,33.3,33.4,34.1,33.9,34.2,33.8,34.3,33.4,33.0,33.4,33.2,33.7,33.1,33.3,33.1,33.4,33.6,33.0,33.5,33.4,33.7,33.2,33.2,33.3,33.5,32.9,33.4,33.3,33.5,33.2,33.5,33.6,33.9,34.4,34.7,35.3,35.1,34.6,34.8,34.7,33.4,33.3,33.4,33.2,33.4,33.2,33.2,33.4,32.9,33.4,33.5,33.8,33.2,33.4,33.3,33.7,33.4,34.1,33.6,33.6,33.9,34.0,34.2,34.4,34.6,35.4,34.8,35.1,34.4,34.1,34.0,34.5,33.6,33.5,33.5,33.2,33.7,33.8,33.6,33.8,33.7,33.3,33.6,33.1,33.7,33.3,33.6,33.3,34.2,33.8,34.0,34.6,34.4,34.3,34.6,34.5,34.4,34.1,34.9,34.8,34.5,33.9,34.0,33.7,34.1,33.6,33.5,33.7,33.3,33.5,33.5,33.6,33.1,33.3,33.0,33.6,33.4,33.8,33.6,34.5,34.3,34.8,35.6,36.1,35.2,34.4,34.1,34.7,34.2,34.7,34.7,34.7,34.2,33.9,33.7,33.5,33.7,34.2,33.9,34.0,33.9,34.1,33.7,34.2,33.7,33.2,33.7,33.6,33.5,33.4,34.0,33.8,34.4,34.2,35.7,35.7,35.1,34.6,34.6,34.3,34.6,34.3,34.7,35.0,34.5,34.0,33.6,33.8,33.9,33.4,34.2,33.8,34.1,33.4,33.8,34.1,32.9,33.6,33.5,33.4,33.1,33.5,33.4,34.0,33.5,34.5,34.5,35.2,34.7,34.4,34.1,34.6,34.3,34.9,34.4,34.6,34.1,34.2,33.9,33.6,33.5,33.9,33.4,34.1,34.0,34.0,34.0,33.9,33.9,33.1,33.4,33.4,33.6,33.2,33.7,33.2,34.1,33.3,34.6,34.5,34.3,34.0,34.3,34.2,34.7,34.2,34.4,34.5,34.5,33.9,33.7,33.5,33.7,33.6,33.9,33.8,34.4,33.7,34.4,34.2,33.4,33.6,33.6,33.7,33.2,33.5,33.1,33.6,33.0,33.4,33.5,34.4,33.8,34.1,34.0,34.1,34.0,34.4,33.8,34.3,34.0,34.1,33.6,33.6,33.4,33.6,34.0,33.9,33.8,34.2,34.4,34.3,33.9,32.9,33.6,33.5,33.1,33.2,33.3,33.4,33.4,33.0,33.4,33.7,34.7,33.9,34.0,34.1,33.9,33.5,34.2,34.0,34.2,33.7,33.3,33.5,33.9,33.5,33.8,33.9,33.8,33.5,34.2,33.8,33.4,33.8,33.5,33.9,33.1,33.5,33.8,33.9,33.2,34.0,33.1,33.6,33.6,34.1,34.0,34.1,33.5,34.0,33.8,33.8,33.1,33.8,33.4,33.4,33.6,33.7,33.4,33.8,32.9,33.3,34.0,34.1,33.6,33.0,33.7,33.7,33.6,33.1,33.9,33.6,33.5,33.1,33.3,33.5,34.0,33.4,34.2,33.9,33.7,34.2,33.6,34.0,33.4,33.4,33.3,33.7,33.9,33.1,33.7,34.0,33.6,33.3,34.0,33.7,33.2,34.0,33.4,33.8,33.2,33.7,33.3,33.8,33.5,33.7,33.4,33.7,33.3,33.5,33.9,34.4,34.7,35.1,35.2,34.9,34.6,34.5,34.8,33.7,33.7,33.5,33.4,33.5,33.2,33.8,33.8,33.7,34.1,32.9,33.4,33.3,33.7,33.1,33.9,33.7,33.6,33.2,33.1,33.5,33.6,nan,33.7,33.7,35.0,34.7,35.1,35.1,35.3,34.9,35.2,35.0,33.8,34.0,33.7,33.4,34.1,33.3,33.6,33.8,33.5,33.6,33.4,33.8,33.2,33.7,33.2,33.9,33.2,33.7,33.5,33.5,33.3,33.8,33.5,33.6,33.8,33.9,34.1,34.1,33.4,34.1,34.5,35.4,34.9,34.0,33.8,33.8,33.5,33.6,33.4,34.1,33.4,33.2,33.9,33.6,33.5,33.3,33.6,33.4,33.6,33.3,33.5,33.5,33.3,33.3,33.7,33.7,34.2,33.8,33.7,33.9,33.9,33.5,34.3,34.4,35.2,34.1,33.7,33.9,33.6,33.1,33.9,33.8,33.3,33.8,33.5,33.9,33.3,33.2,33.4,34.0,33.3,33.5,33.7,33.7,33.7,33.9,33.7,33.7,33.8,33.7,33.7,33.9,33.5,33.9,33.7,34.0,33.7,34.4,33.9,34.2,33.9,33.7,33.9,33.8,33.4,33.4,33.5,33.5,33.7,33.3,33.4,33.6,33.8,33.5,33.7,33.4,33.7,33.7,33.9,33.8,33.9,33.4,34.0,33.7,33.8,33.5,33.8,33.8,33.9,33.6,33.8,34.3,33.9,33.7,34.2,33.9,33.4,33.7,33.0,33.4,33.4,33.4,32.9,33.5,33.3,33.4,33.5,34.0,33.0,33.7,33.7,34.1,33.3,33.7,33.5,33.9,33.3,33.9,33.6,33.8,33.6,33.8,34.0,34.1,33.6,34.0,34.1,34.4,33.5,33.1,33.5,33.5,33.5,33.3,33.6,33.6,33.7,32.9,33.5,33.4,33.9,33.2,33.5,33.5,33.5,33.2,33.9,33.8,33.8,33.4,33.8,33.7,34.0,33.8,34.0,33.8,33.8,33.6,34.3,34.2
1785310794.7648246,865,34.0,33.7,33.8,33.4,33.5,33.7,33.0,33.0,33.2,33.2,32.9,33.0,33.2,32.4,33.0,32.9,33.1,33.0,33.0,33.2,33.1,33.2,32.9,33.0,33.1,33.0,32.9,33.3,33.9,33.1,33.2,33.5,33.7,33.5,33.6,33.7,33.1,33.0,33.2,33.4,33.2,33.0,32.7,33.0,32.9,33.2,33.0,33.0,32.9,32.9,33.5,33.2,33.2,33.2,32.9,33.3,32.9,33.0,33.1,33.1,33.2,33.1,32.9,33.5,33.9,33.5,33.3,33.5,33.5,33.2,33.2,33.0,32.8,32.5,32.5,33.2,33.2,32.7,32.8,33.1,32.9,33.1,33.0,32.8,33.2,33.3,33.1,32.9,33.2,33.2,33.2,33.0,33.8,32.9,33.4,33.5,34.2,33.7,33.3,33.4,32.9,33.2,32.8,33.0,32.8,33.0,32.9,33.0,32.8,32.6,32.8,33.0,32.9,33.2,33.4,33.2,33.2,33.3,33.3,32.9,33.2,33.2,32.8,33.2,33.2,33.1,32.9,33.5,33.3,33.4,33.2,33.2,33.6,33.7,33.3,32.9,32.8,32.5,32.6,33.0,32.8,33.1,32.4,32.6,33.0,32.8,32.9,32.9,33.3,33.1,32.8,33.0,33.4,33.1,33.0,32.8,33.1,33.2,32.8,33.3,33.5,33.2,33.4,33.4,33.6,33.4,32.7,33.5,33.2,33.1,32.6,33.2,33.0,33.4,32.9,33.3,32.9,33.3,32.8,33.4,33.5,33.4,33.0,33.5,33.4,33.1,32.8,33.4,33.1,32.8,32.9,33.6,33.6,33.1,33.1,33.5,33.0,33.3,33.1,33.4,33.0,33.0,33.1,33.0,33.4,32.9,33.4,33.3,34.1,33.9,35.0,34.8,35.4,34.5,35.0,33.8,33.6,33.2,33.1,33.3,33.3,32.8,33.2,33.3,33.7,33.1,33.1,33.3,33.0,33.1,33.1,33.3,32.9,33.3,32.7,33.6,33.1,33.5,33.7,34.2,34.2,34.8,35.0,35.0,34.6,34.1,34.6,34.8,33.5,33.4,32.9,33.5,33.2,33.1,33.2,33.4,33.5,33.0,33.2,33.6,33.2,33.3,33.2,33.7,34.4,33.7,34.7,33.7,34.4,34.0,34.3,34.5,34.4,34.8,34.4,34.5,34.4,33.8,33.7,34.3,33.7,33.3,33.7,33.4,33.3,33.1,33.5,33.3,33.4,33.6,33.2,33.4,33.1,33.0,33.4,33.7,34.2,34.6,34.8,35.6,34.0,34.2,34.0,34.3,34.4,34.5,34.8,35.0,34.2,34.0,33.5,33.3,33.3,33.6,33.6,33.9,33.9,34.0,33.5,33.7,33.3,33.3,33.1,33.0,33.3,33.4,33.2,33.7,34.0,34.6,35.2,35.8,35.4,34.5,34.4,34.5,34.4,34.4,34.7,34.4,34.8,34.0,33.4,33.7,33.7,33.7,33.8,33.5,33.8,33.5,33.6,33.8,33.6,33.5,33.1,33.2,33.1,33.2,33.7,33.7,34.2,34.1,35.0,35.5,34.9,34.8,34.0,34.5,34.3,34.3,34.4,34.5,34.1,34.5,33.5,33.7,33.3,33.6,33.8,33.8,33.9,33.9,33.6,34.0,33.4,33.5,33.4,33.4,33.6,33.4,33.3,33.7,33.4,33.6,34.0,34.8,34.6,34.0,34.0,34.2,34.5,34.4,34.4,34.5,34.5,34.1,33.4,33.7,33.5,33.5,33.6,34.1,34.3,33.7,33.4,33.9,33.6,33.7,33.2,33.3,33.2,33.2,33.1,33.1,33.7,33.5,33.7,34.2,34.1,34.1,33.8,33.9,33.9,34.1,34.4,34.2,34.2,34.4,33.6,33.5,33.2,33.7,33.8,33.6,33.7,34.0,34.0,34.2,33.0,33.5,33.2,33.5,33.6,33.3,33.4,33.3,33.5,33.5,33.6,34.0,34.0,34.2,34.1,33.9,33.7,33.9,33.8,34.2,33.9,33.9,33.6,33.3,33.4,33.5,33.6,33.7,33.8,33.9,34.0,34.1,33.5,33.4,33.4,33.6,33.1,33.3,33.3,33.4,33.1,33.3,33.1,33.5,34.0,33.9,33.8,33.6,33.8,33.9,33.5,33.6,33.6,33.6,33.4,33.4,33.5,33.3,33.8,34.1,33.7,33.7,34.2,34.1,33.5,33.5,33.4,33.5,33.7,33.2,33.3,33.3,33.5,33.4,33.3,33.5,33.6,33.9,33.8,33.9,33.8,33.6,33.6,33.5,33.6,33.0,33.6,33.3,33.7,33.3,33.4,33.6,33.8,33.3,33.6,33.6,33.5,33.5,32.9,33.5,33.4,33.3,33.1,33.5,33.5,33.3,33.1,33.3,33.3,nan,33.9,33.9,34.0,34.3,33.8,34.1,33.4,33.9,33.2,33.5,33.1,33.4,33.4,33.4,33.4,33.3,33.6,33.8,33.5,33.5,33.0,33.7,33.4,33.2,33.4,33.5,33.2,33.2,33.2,33.5,33.3,33.4,33.3,34.0,34.9,34.8,34.9,35.2,34.9,34.7,35.1,34.3,34.2,33.2,33.6,33.8,33.7,33.5,33.6,33.8,33.3,33.6,33.4,34.0,33.1,33.7,32.7,33.6,33.4,33.3,33.4,33.6,33.2,33.4,33.3,34.0,34.8,33.9,35.0,34.4,34.8,34.2,34.9,35.2,34.2,33.9,33.4,33.9,33.7,33.3,33.6,33.6,33.7,33.7,33.3,33.4,33.7,33.4,33.2,33.7,33.7,33.2,33.7,33.9,33.6,33.5,33.5,33.8,33.6,33.7,33.7,33.8,33.5,34.0,34.1,35.0,34.9,34.5,33.7,33.9,33.7,33.2,33.5,33.7,33.3,33.6,33.4,33.7,33.4,33.6,33.3,34.0,33.3,33.3,33.3,33.4,33.3,33.9,33.6,33.9,33.8,33.6,33.7,33.9,33.6,33.7,34.1,34.4,34.5,34.1,33.5,33.9,33.5,33.8,33.9,34.1,34.1,33.4,33.0,34.0,33.6,33.7,33.7,33.6,33.7,33.4,33.5,33.8,33.3,33.8,33.5,33.6,33.7,33.6,33.7,33.8,33.5,33.5,33.8,33.5,34.0,33.7,33.8,33.9,33.6,33.2,34.1,33.9,33.2,33.8,33.4,33.5,33.0,33.1,33.3,34.0,33.2,33.3,33.8,33.5,33.6,33.6,33.6,33.4,33.5,33.8,33.4,34.0,33.8,33.7,33.5,34.0,34.1,34.0,33.9,34.0,33.9,34.0,33.9,34.2
1785310797.3117874,866,34.0,33.9,33.8,33.8,33.8,33.4,33.0,33.3,33.0,33.3,33.1,33.3,32.7,33.1,33.4,33.8,33.1,32.9,33.2,33.3,33.1,33.3,32.7,33.5,33.1,32.9,32.9,33.6,33.7,33.5,33.7,33.6,33.6,33.5,34.0,33.7,33.5,32.8,33.3,33.4,33.1,33.0,33.2,33.0,33.2,33.2,33.5,33.2,32.8,32.8,33.1,33.4,32.9,33.2,33.2,33.3,33.0,33.2,33.2,33.5,33.3,32.9,33.2,33.8,33.4,33.6,33.5,33.8,33.5,33.5,33.2,33.5,32.9,32.8,32.7,33.1,33.3,32.8,33.2,33.2,32.9,33.1,33.0,33.2,33.2,33.1,33.1,33.4,33.2,32.9,33.2,33.5,33.6,33.3,33.1,33.4,33.3,33.4,33.4,33.6,33.2,33.2,33.1,33.0,33.1,33.0,33.0,32.8,32.8,32.9,32.9,33.1,32.7,32.8,33.1,33.3,33.0,33.0,33.4,33.4,33.0,33.0,32.9,33.2,33.1,33.1,33.3,33.9,33.5,33.3,33.2,33.9,33.2,33.5,32.9,33.0,32.6,33.0,32.4,32.9,32.6,32.9,32.7,33.2,33.0,32.9,32.8,33.0,33.3,33.2,33.0,33.3,33.1,33.4,33.2,33.3,33.1,33.1,33.3,33.4,33.0,33.2,33.7,33.6,33.4,33.4,33.0,33.1,33.0,32.7,33.3,32.8,32.7,32.9,33.2,33.1,33.0,32.8,33.2,33.1,33.4,33.2,33.4,33.3,33.3,33.1,33.1,33.4,33.4,33.2,33.4,33.4,33.4,33.6,33.1,33.8,33.6,33.4,33.9,33.5,33.0,32.9,33.1,33.5,33.2,33.2,33.2,33.9,33.5,34.3,34.2,35.3,34.1,34.6,33.8,34.6,32.9,33.3,33.3,33.4,33.3,33.1,33.4,33.6,33.3,32.9,33.6,33.3,33.1,33.1,33.2,33.6,33.3,33.2,33.2,33.4,33.3,33.1,34.0,34.2,34.0,34.5,35.3,35.4,34.3,34.6,34.7,34.8,33.6,33.1,33.6,33.7,33.0,33.1,33.1,33.9,33.3,33.8,33.2,33.7,33.4,33.1,33.6,33.8,33.7,34.1,33.5,34.2,33.5,34.3,34.3,34.6,34.4,34.5,35.0,34.7,34.2,34.0,34.1,33.9,33.5,33.6,33.7,33.8,33.3,33.6,33.5,33.6,33.3,33.2,33.8,33.6,32.8,33.4,33.8,33.8,34.5,33.9,35.2,34.3,34.6,34.2,34.4,34.8,34.3,34.6,34.6,35.0,34.5,34.4,33.6,33.8,33.8,33.6,34.0,33.9,34.0,33.6,33.8,33.7,33.1,33.4,33.5,33.5,33.3,33.2,33.5,34.3,34.7,34.5,35.8,35.7,34.9,34.6,34.2,34.6,34.4,34.5,34.6,34.8,34.5,34.0,34.0,33.8,33.5,33.8,33.9,33.9,34.0,33.8,34.0,34.1,33.1,33.1,33.6,33.6,32.9,33.6,33.7,34.1,34.0,34.7,35.7,35.9,35.2,34.3,34.3,34.5,34.2,34.6,34.3,35.0,34.4,34.0,33.4,33.8,33.6,33.8,33.9,33.6,33.9,34.0,33.9,34.2,33.6,33.6,33.2,33.7,33.6,33.5,33.3,33.4,33.9,33.6,35.4,34.7,34.6,34.1,34.1,34.3,34.5,34.3,34.7,34.8,34.5,34.2,33.6,33.6,33.5,33.6,33.8,34.1,34.0,33.6,33.8,34.4,33.3,33.1,33.3,33.3,33.3,33.4,33.4,33.6,33.3,34.0,34.1,35.1,34.1,34.2,33.9,34.4,34.0,34.6,34.4,34.5,33.7,34.2,33.7,33.5,33.3,33.7,33.9,33.8,33.8,34.2,33.9,34.4,33.4,33.8,33.7,33.6,33.4,33.0,33.4,33.8,33.7,33.2,33.9,34.0,34.3,34.1,34.1,33.7,34.0,33.8,34.4,34.2,34.3,33.7,33.6,33.4,33.6,33.4,33.4,33.7,34.0,33.5,34.2,34.2,33.2,33.6,33.5,33.4,33.2,33.1,33.6,33.6,33.5,33.5,33.5,34.0,34.2,34.1,33.9,34.1,33.6,34.4,33.6,34.3,33.6,33.8,33.5,33.9,33.5,33.6,33.9,34.1,33.7,33.7,33.9,34.1,33.7,33.2,33.4,33.8,33.4,33.0,33.8,33.6,33.3,33.4,33.4,33.6,34.2,33.6,34.1,34.3,33.8,33.7,33.5,33.6,33.6,33.5,33.2,33.6,33.6,33.2,34.0,33.9,33.6,33.4,34.2,34.2,33.0,33.3,33.7,33.5,33.4,33.1,33.4,33.5,33.5,33.3,33.3,33.7,33.3,nan,33.9,34.1,33.9,33.6,34.0,33.8,33.9,33.4,33.8,33.4,33.2,33.3,33.6,33.8,33.5,33.6,33.9,34.2,33.5,33.6,33.6,33.8,33.4,33.3,33.4,33.8,33.7,33.2,33.5,33.4,33.3,33.3,34.0,34.3,34.1,34.8,34.8,35.1,34.4,34.8,34.2,34.9,33.7,33.5,33.6,34.1,33.9,33.4,34.2,33.7,33.5,33.4,33.7,33.6,33.0,33.1,32.9,33.8,33.5,33.5,33.5,33.5,33.3,33.4,33.7,34.0,34.1,34.9,34.9,35.4,34.4,34.7,35.4,35.2,34.2,33.6,33.5,33.7,33.5,33.3,33.5,34.0,33.7,33.6,33.5,33.7,33.3,33.7,34.0,33.8,33.4,33.3,33.7,33.7,33.4,33.6,33.9,33.8,34.1,33.4,34.2,33.9,33.9,34.1,35.3,34.9,35.1,34.9,34.1,33.8,33.9,33.3,34.1,33.8,33.4,33.4,33.5,33.9,33.3,33.6,33.6,34.0,33.3,33.3,33.7,33.4,33.6,33.5,33.9,34.1,33.6,33.7,33.8,34.1,33.9,33.5,33.8,34.9,34.5,34.6,33.8,34.1,33.6,33.3,34.2,34.3,33.6,33.7,33.2,34.1,34.0,33.6,33.7,33.9,33.7,33.7,33.5,33.7,33.5,33.7,33.7,33.7,33.7,33.7,34.0,34.1,33.5,33.7,34.0,34.2,34.4,33.6,33.8,33.8,33.6,33.6,34.1,34.2,33.5,33.3,33.5,33.8,33.1,33.9,33.8,33.8,33.5,33.5,33.7,33.9,33.6,33.6,33.7,33.7,33.6,33.8,34.1,34.0,33.9,33.5,33.6,34.0,34.0,34.0,33.7,34.0,33.4,34.0,33.8,34.4
1785310799.860069,867,33.7,33.6,34.1,33.5,33.1,33.1,33.2,33.3,33.2,33.3,33.1,33.3,33.0,33.3,33.2,33.4,32.9,33.1,33.2,33.6,33.4,33.3,32.9,33.1,33.5,32.9,33.5,33.6,33.2,33.0,33.7,33.6,33.6,33.5,33.5,33.7,33.2,33.2,33.3,32.8,33.1,33.4,33.2,32.8,33.2,33.2,33.1,33.2,33.0,33.0,32.9,33.4,32.9,33.3,33.2,33.4,33.2,32.8,33.4,33.5,33.3,33.1,33.2,33.7,33.4,33.4,33.0,33.6,33.3,32.9,33.2,33.5,32.9,32.6,32.9,33.5,32.8,33.2,33.0,33.0,33.4,33.1,33.0,33.4,33.2,33.1,32.9,33.2,33.4,33.3,33.0,33.3,33.3,33.3,33.4,33.6,33.6,33.4,33.4,33.9,33.0,33.2,33.3,33.1,32.9,32.9,33.2,33.0,32.9,33.1,33.2,33.5,32.8,33.2,33.3,33.2,33.1,32.8,33.0,33.2,32.8,33.0,32.9,33.2,33.1,33.3,33.7,33.5,33.3,33.7,33.4,33.5,33.6,32.9,33.1,33.2,33.5,33.0,33.1,33.3,33.8,33.0,33.9,33.2,34.2,32.9,33.8,33.2,33.2,33.0,33.4,33.5,32.9,33.2,33.0,33.5,33.3,33.3,32.8,33.7,33.4,33.2,33.3,33.8,32.9,33.2,33.4,33.5,32.8,33.6,33.4,33.8,33.1,34.2,33.2,34.3,33.0,34.1,33.0,34.1,32.9,33.0,32.9,33.5,32.9,33.1,33.2,33.4,32.8,33.4,33.4,33.4,33.8,33.8,33.1,33.2,34.1,33.0,34.2,33.1,33.9,33.1,34.1,33.1,34.5,33.0,34.2,33.2,33.9,33.0,33.7,33.2,33.9,32.8,33.3,33.4,33.5,33.1,33.3,33.2,33.1,32.9,33.4,33.6,33.3,33.7,33.4,33.7,32.9,34.2,33.4,34.5,33.0,33.8,33.0,34.3,33.2,34.6,33.6,34.3,33.2,34.0,33.0,33.8,32.8,33.8,33.2,33.6,32.9,33.8,33.0,33.5,33.5,33.3,33.7,33.4,33.1,33.1,33.6,33.7,34.5,32.9,34.8,33.8,34.5,33.1,34.5,34.3,34.4,33.9,34.1,34.4,33.6,34.3,33.7,33.6,33.4,33.1,33.9,33.6,33.7,32.9,33.7,33.6,33.5,33.2,33.7,33.6,33.9,33.2,33.7,33.8,33.2,34.3,33.7,34.5,33.6,34.4,33.9,34.6,33.8,34.1,34.0,33.8,34.0,33.7,33.5,33.7,33.2,33.7,33.3,33.8,33.1,33.9,33.3,33.9,33.4,33.8,33.4,33.9,33.7,33.4,33.7,34.1,33.6,33.3,34.2,34.3,34.2,34.0,34.2,34.4,34.2,34.1,34.1,34.0,33.6,34.0,33.3,33.7,33.7,33.5,33.9,33.8,33.8,33.2,33.9,33.7,33.6,33.3,33.6,33.9,33.3,33.3,34.2,33.4,34.3,33.9,34.0,34.0,34.3,34.1,34.9,34.3,34.2,34.3,34.0,33.7,33.7,33.4,33.7,33.9,33.6,33.7,33.8,34.3,33.6,33.8,33.3,34.0,33.7,33.7,34.1,33.8,33.8,33.6,33.5,35.1,33.7,34.6,34.0,34.3,34.0,34.4,34.2,34.9,33.9,34.0,33.8,33.8,33.3,33.8,33.6,34.0,33.8,33.7,33.9,34.1,34.2,33.4,34.0,33.7,33.8,33.8,33.6,34.0,33.3,33.3,34.2,33.7,34.7,33.4,34.2,33.9,34.1,33.8,34.8,33.8,34.1,33.8,33.7,33.8,33.4,33.3,34.0,33.6,33.7,33.6,33.7,33.9,33.8,34.0,33.9,33.9,33.8,33.7,34.1,34.0,33.9,34.0,33.7,34.3,33.2,34.8,33.8,34.8,33.9,34.4,34.3,34.8,33.8,34.1,33.3,33.7,32.9,33.7,33.4,34.0,33.4,33.8,33.4,34.3,33.6,33.7,33.6,34.0,33.8,33.6,34.4,34.4,33.2,33.6,33.9,33.7,34.1,33.1,34.8,34.1,34.0,33.9,34.6,34.7,34.1,33.9,33.4,33.6,33.4,33.4,34.0,33.6,33.9,33.3,34.0,33.7,33.8,33.4,33.9,34.0,33.8,33.7,34.1,34.1,33.4,33.6,33.6,34.4,33.2,34.1,33.6,34.3,33.7,33.7,33.9,34.3,34.6,33.8,34.4,33.7,33.6,33.3,33.6,34.0,33.4,33.6,33.6,33.7,33.7,33.4,33.6,33.9,33.6,33.6,34.0,34.5,33.2,33.1,33.7,33.5,33.5,33.3,34.1,33.3,33.6,33.5,34.2,34.2,33.6,nan,33.5,34.7,33.3,33.9,33.7,33.4,33.5,33.2,33.7,33.7,33.3,33.4,33.9,34.0,33.7,33.6,33.9,34.0,33.7,33.6,33.6,34.0,33.4,33.7,33.8,34.7,33.7,34.4,33.9,34.1,33.8,33.6,34.0,33.6,34.3,33.8,33.6,33.6,33.1,33.8,33.5,33.7,33.7,33.1,33.4,34.0,33.5,33.8,34.0,34.3,33.0,33.6,33.5,33.4,33.3,33.5,33.8,34.1,34.4,33.8,34.7,33.8,34.3,33.6,33.7,34.4,33.6,33.9,33.4,33.8,33.2,33.4,33.7,33.7,33.8,33.2,33.9,33.7,33.6,33.4,34.1,33.8,33.3,33.6,33.5,33.7,33.1,33.6,33.6,34.2,33.5,34.4,33.4,34.7,33.6,34.6,34.0,34.4,34.0,33.6,33.7,33.8,33.5,33.6,33.7,34.0,33.3,33.5,33.5,34.0,33.5,33.9,33.7,34.2,33.2,33.4,33.5,33.7,33.1,33.6,33.8,33.8,33.8,33.7,34.2,33.6,34.1,33.5,34.7,34.1,34.1,33.6,33.5,33.9,33.3,33.2,33.8,33.8,33.8,33.4,33.8,33.7,33.6,33.5,34.0,33.9,33.4,33.7,33.6,34.3,33.4,34.0,33.5,34.1,33.3,34.0,33.3,34.4,33.5,34.0,33.9,34.9,33.5,33.7,33.6,34.1,33.7,33.4,33.8,33.8,33.8,33.2,33.8,34.2,33.6,33.6,34.4,34.4,33.5,33.6,33.7,33.5,33.5,33.3,33.8,33.8,33.7,33.3,33.9,33.4,33.7,33.2,34.8,33.5,33.9,33.8,33.9,33.8,33.3,33.5,33.6,33.7,33.6,33.4,33.6,33.8,33.8,33.6,34.0,34.2
1785310802.4539468,868,34.3,34.1,34.6,33.3,33.8,33.8,33.6,33.1,33.6,33.5,33.5,33.3,33.4,33.3,33.4,33.4,33.6,33.5,33.6,33.5,33.6,33.5,33.5,33.7,33.7,33.5,33.7,33.6,33.4,33.9,34.0,33.9,33.8,34.0,34.2,33.7,33.7,34.1,33.5,34.0,33.5,33.6,33.0,33.6,33.7,33.4,33.1,33.4,33.6,33.6,33.5,33.6,33.9,33.5,33.4,33.8,33.4,33.4,33.6,33.7,34.0,33.6,33.2,34.5,34.4,33.9,34.0,33.8,33.7,33.3,33.8,33.7,33.3,33.2,33.4,33.5,33.3,33.4,33.5,33.2,33.4,33.4,33.2,33.2,33.6,33.3,33.5,33.2,33.6,33.1,33.4,33.5,34.0,33.7,33.6,33.9,33.8,34.2,33.6,34.1,33.6,33.8,33.5,33.7,33.1,33.3,33.3,33.7,33.3,33.1,33.3,33.3,33.7,33.2,33.5,33.3,33.5,33.7,33.4,33.8,33.5,33.7,33.3,33.6,33.7,33.7,33.5,34.2,34.2,33.7,33.8,33.7,34.2,33.5,33.9,33.6,33.5,33.9,33.3,33.4,33.4,33.2,33.4,33.3,33.2,33.2,33.4,33.2,33.3,33.4,33.4,33.5,33.6,33.6,33.7,33.5,33.5,33.5,33.5,33.4,33.9,34.1,33.3,34.2,33.9,33.8,33.4,33.7,33.5,33.4,33.3,33.7,33.4,33.4,33.2,33.6,33.5,33.3,33.2,33.4,33.8,33.4,33.3,33.7,33.3,33.6,33.4,33.9,33.6,33.8,33.2,33.8,34.3,33.6,34.0,34.0,33.6,33.2,34.2,33.5,33.6,33.4,33.3,33.5,33.4,33.5,33.2,33.6,33.3,33.3,33.1,33.7,33.6,33.4,33.3,33.5,33.6,33.8,33.7,33.6,33.7,33.7,34.1,33.4,33.8,34.2,33.6,34.1,33.5,33.7,33.6,33.6,33.5,33.7,33.3,33.4,33.3,33.3,33.3,33.7,33.2,33.5,33.3,33.8,33.5,33.3,33.4,33.6,33.7,33.6,33.6,33.7,33.9,33.9,33.7,34.1,33.7,33.8,33.8,33.3,34.0,33.4,33.7,33.6,33.7,33.3,33.5,33.2,33.3,33.2,33.3,33.3,33.6,33.2,33.4,33.3,33.6,33.5,33.6,33.4,33.7,33.6,33.7,33.6,33.5,33.8,33.7,33.8,33.9,34.3,33.6,34.0,33.4,33.5,33.3,33.8,33.5,33.2,33.2,33.6,33.5,33.4,33.3,33.5,33.4,33.7,33.3,33.9,33.4,33.4,33.3,33.5,33.6,33.6,33.5,33.9,33.8,33.6,33.4,33.7,34.6,33.4,34.3,33.5,34.0,33.4,33.2,33.7,33.7,33.2,33.2,33.5,33.6,33.4,33.1,33.4,33.0,33.4,33.4,33.4,33.3,33.5,33.2,33.3,33.7,33.6,33.2,33.4,33.6,33.8,33.4,34.1,33.9,34.3,33.4,33.8,33.4,33.6,33.2,33.5,33.4,33.4,33.0,33.5,33.7,32.9,33.0,33.4,33.7,33.2,33.0,33.4,33.4,33.4,33.4,33.7,33.4,33.6,33.5,33.6,33.7,33.5,34.1,33.8,34.3,33.8,34.1,33.7,33.9,33.5,33.6,33.8,33.5,33.4,33.4,33.7,33.6,33.7,33.7,33.7,33.7,33.0,33.8,33.7,33.7,33.5,34.3,33.4,34.0,33.6,33.4,33.3,33.6,33.5,33.4,34.4,33.7,34.1,33.7,33.7,33.5,33.8,33.5,33.4,33.8,33.5,34.5,33.7,34.9,33.6,34.2,33.9,33.7,34.4,33.7,34.4,34.0,34.8,33.7,34.7,33.8,34.0,33.7,33.9,34.2,33.9,34.5,33.8,34.5,34.1,33.9,34.2,33.8,33.9,33.9,34.8,33.7,35.2,33.9,34.9,34.3,34.9,34.3,34.6,34.6,34.1,34.9,34.2,35.1,34.1,34.6,34.1,34.2,34.1,34.1,34.4,34.5,33.8,34.4,34.0,34.0,34.2,34.7,34.1,34.7,34.0,35.0,34.3,35.1,34.0,34.7,34.5,34.7,34.4,33.9,34.9,34.2,34.7,33.8,35.4,33.9,34.6,34.0,34.4,34.1,34.1,33.9,34.3,34.4,34.4,34.3,34.9,34.3,34.9,33.8,35.4,33.9,35.2,34.0,35.2,34.5,35.2,35.2,34.6,35.5,34.3,34.9,34.2,34.7,34.0,34.9,34.0,34.7,34.3,34.6,34.3,34.6,34.3,34.3,34.3,34.3,34.5,34.4,34.6,35.3,33.7,35.3,33.9,35.5,33.7,34.8,34.2,35.2,34.8,34.7,35.8,34.4,nan,34.0,35.0,33.9,34.9,33.9,35.2,34.4,34.4,34.2,34.5,34.5,34.1,34.6,34.3,34.5,34.4,34.7,35.0,34.1,34.9,34.2,35.0,33.6,35.2,34.3,35.1,34.7,34.9,35.2,34.8,35.6,34.1,35.3,33.6,34.4,33.8,34.9,34.1,34.6,34.2,34.7,34.2,34.2,34.0,34.5,34.6,34.5,34.5,34.7,34.3,34.3,34.0,34.5,33.8,35.0,33.9,34.6,34.1,34.9,34.5,34.4,35.7,34.1,35.4,33.7,34.9,34.1,34.6,34.1,35.1,34.2,34.9,34.0,34.7,34.0,34.3,34.1,34.5,34.2,34.4,34.3,34.6,34.4,34.4,34.2,34.5,34.1,34.8,34.2,34.9,34.4,34.5,34.6,34.2,34.4,34.1,34.6,34.5,34.5,34.4,34.9,34.3,35.3,34.3,34.8,34.2,34.7,34.4,34.5,34.8,34.9,34.5,34.6,34.7,34.1,34.2,34.6,34.1,34.5,34.0,34.3,34.2,34.5,34.4,34.4,34.7,34.2,34.6,34.4,34.9,34.9,34.4,34.2,35.1,34.2,35.0,34.3,35.1,35.0,34.6,34.6,34.7,34.6,34.3,34.9,35.0,33.9,34.4,34.1,34.5,34.2,34.4,34.1,34.5,34.2,34.6,34.4,34.4,34.2,34.2,34.4,34.4,34.4,34.4,35.3,35.0,35.1,35.3,34.7,34.7,34.7,34.4,35.2,34.2,34.8,34.6,35.0,34.7,34.5,33.8,34.0,34.2,34.3,34.1,34.2,34.4,34.6,34.2,34.5,34.4,34.1,34.4,33.9,34.6,34.3,35.0,35.1,35.7,35.1,34.6,34.9,34.4,34.4,34.9,34.3,35.3,34.4,35.5,34.7,35.8
1785310804.968587,869,34.5,34.4,34.3,34.3,34.2,33.8,33.8,33.9,33.8,33.6,33.7,33.7,33.4,33.6,33.4,33.6,33.4,33.6,33.7,34.0,33.6,34.0,33.5,33.7,33.6,33.5,33.7,34.2,34.1,33.9,34.4,34.3,34.1,34.2,34.4,34.4,34.1,33.8,33.5,34.0,33.7,33.5,33.5,33.6,33.1,33.9,33.8,33.5,33.3,33.2,33.6,33.6,33.5,33.5,33.6,34.2,33.8,33.8,33.4,33.7,33.7,33.6,34.4,34.2,34.6,34.3,33.9,34.2,34.1,33.9,34.0,34.0,33.7,33.4,33.2,34.0,33.5,33.3,33.5,33.7,33.4,33.4,33.5,33.4,33.5,33.4,33.8,33.7,33.6,33.8,33.6,33.7,34.0,34.1,33.6,34.1,34.3,34.1,34.3,34.3,34.0,33.8,33.7,33.9,33.4,33.7,33.5,33.7,33.1,33.4,33.6,33.6,33.3,33.1,33.8,33.7,33.8,33.5,33.7,33.6,33.7,33.5,33.3,34.2,33.9,33.5,33.9,34.1,34.2,34.6,34.0,34.1,33.8,34.2,33.9,34.1,33.6,33.7,33.5,33.8,33.4,33.5,33.6,33.5,33.8,33.4,33.4,33.7,33.6,33.7,33.3,33.4,33.9,33.9,33.7,33.9,33.7,33.9,33.7,34.1,34.1,34.1,34.1,34.0,33.9,33.7,33.9,33.8,33.6,33.2,33.4,33.6,33.0,33.4,33.5,33.4,33.3,33.6,33.4,33.6,33.6,33.4,33.6,33.7,33.4,33.4,33.8,33.9,33.6,33.6,34.0,33.8,34.9,33.8,33.9,34.0,33.7,34.0,34.0,33.8,33.7,33.7,33.4,33.8,33.5,33.5,33.7,33.9,33.4,33.8,33.4,33.5,33.7,33.2,33.6,33.7,33.4,33.5,33.8,33.5,34.0,33.8,33.8,34.0,34.0,34.4,33.8,34.1,33.7,33.6,33.9,33.8,33.6,33.5,33.5,33.4,33.5,33.1,33.8,33.5,34.0,33.2,33.8,33.3,33.5,33.6,33.5,33.7,33.7,33.6,33.5,33.8,33.5,33.9,34.1,34.0,34.8,33.9,34.2,34.0,34.0,33.8,33.9,33.9,34.0,33.6,33.5,34.1,33.4,34.1,33.3,34.5,33.4,34.1,33.4,33.9,33.4,33.4,33.4,33.7,33.5,33.5,33.5,34.1,33.7,34.3,33.7,34.2,34.1,34.6,33.7,33.8,33.9,33.5,33.8,34.0,33.8,33.5,34.0,33.4,33.8,33.3,34.7,33.5,34.6,33.2,33.9,33.7,33.8,33.2,33.9,33.5,33.7,33.4,34.0,33.9,34.1,33.6,34.0,33.9,34.6,34.0,33.9,33.8,33.4,33.7,33.7,34.5,33.7,34.8,33.6,34.4,33.4,34.6,33.4,35.4,33.6,34.9,33.6,34.1,33.3,34.1,33.5,34.2,33.6,33.9,33.6,34.4,33.8,34.0,34.0,34.5,34.1,33.9,33.8,34.0,33.7,33.6,34.3,33.9,34.8,33.6,34.7,33.7,34.6,33.4,35.4,33.7,35.0,33.5,34.4,33.5,34.2,33.8,34.1,33.5,33.9,33.8,34.4,33.8,34.4,33.6,34.8,33.9,34.9,34.2,33.9,34.1,34.1,34.0,33.6,35.0,33.9,35.0,33.5,35.3,33.8,35.0,34.1,35.5,34.6,34.9,34.5,34.5,34.3,34.1,33.9,34.2,33.9,34.1,33.9,34.2,34.5,34.3,34.2,34.3,33.9,33.9,34.0,34.0,34.0,33.9,34.5,33.5,35.2,33.8,35.4,34.1,34.7,33.9,35.1,34.7,34.8,35.3,34.5,34.7,34.0,34.0,34.0,34.2,34.1,34.0,34.2,34.3,34.0,34.4,34.0,34.6,34.3,33.8,34.1,34.3,33.8,33.9,34.3,35.1,35.0,35.4,35.2,35.1,34.9,34.9,34.9,35.6,35.5,34.9,35.5,34.5,34.4,34.1,34.1,33.9,34.2,33.9,34.3,34.5,34.1,34.4,34.9,34.7,33.8,34.0,33.9,34.1,33.7,33.6,34.4,34.4,34.6,35.1,34.5,35.4,34.5,34.8,35.3,35.2,34.7,35.8,34.3,35.0,34.0,34.4,34.3,34.4,34.3,33.9,34.4,34.5,34.0,34.6,34.6,34.9,34.3,34.0,34.1,34.4,34.1,33.9,34.5,34.7,34.7,34.3,35.5,34.7,35.7,34.4,35.2,35.2,35.5,34.4,35.2,34.3,34.7,33.8,34.2,34.4,34.4,34.2,34.3,34.6,34.5,34.5,34.6,34.7,34.0,33.7,33.6,33.9,34.1,33.8,34.2,34.6,34.1,34.8,34.1,35.8,34.4,nan,35.1,35.2,34.4,35.2,34.2,34.9,34.2,34.0,34.1,34.0,34.5,34.1,34.8,34.5,34.6,34.6,34.8,34.6,34.3,33.8,33.7,34.0,33.9,34.2,34.3,34.1,34.7,34.2,35.0,34.6,34.6,34.4,34.8,35.3,35.1,34.3,35.1,34.3,34.4,34.3,34.2,34.4,34.4,34.4,34.7,34.8,34.6,34.7,34.8,34.7,33.4,34.2,34.1,34.3,33.7,33.8,33.8,34.5,33.6,34.3,33.8,34.6,34.1,34.5,35.2,35.2,34.5,35.2,34.2,35.1,33.9,34.0,34.1,34.7,34.1,34.8,34.9,34.3,34.6,34.0,34.7,34.6,34.4,34.2,33.9,34.3,33.9,34.0,34.1,34.1,34.0,34.2,34.2,34.5,34.6,34.3,34.5,34.9,35.3,34.1,34.7,34.2,34.2,34.3,34.7,34.5,34.7,34.5,34.8,34.7,34.5,34.4,34.7,34.9,33.6,34.0,33.9,34.1,33.7,34.2,34.1,34.3,33.8,34.0,34.4,34.1,33.9,34.2,34.5,34.9,33.9,34.5,34.3,34.7,34.0,33.8,34.3,34.3,34.1,34.8,34.4,34.6,34.5,34.7,34.6,34.7,34.3,33.7,34.1,34.0,34.2,34.1,34.1,34.1,34.0,33.8,34.4,34.4,34.2,34.2,34.5,34.7,35.0,34.2,34.5,34.6,34.2,34.2,34.2,34.1,34.7,34.3,35.2,34.5,35.8,34.6,35.7,35.3,33.7,34.0,33.9,34.4,33.9,34.0,34.0,34.5,33.9,34.2,34.1,34.4,34.2,34.2,34.2,34.9,34.2,34.8,34.4,34.4,34.2,34.0,34.3,34.4,34.0,34.3,34.2,34.9,34.2,35.1,34.9,35.3
1785310807.8040903,870,34.1,34.2,34.2,34.4,34.3,33.9,33.9,34.2,33.4,34.1,32.9,33.6,33.4,33.3,33.0,33.6,33.1,33.3,33.2,33.7,33.3,34.5,33.1,34.6,33.3,34.2,33.6,35.0,33.3,34.5,33.3,34.5,34.2,33.8,34.0,34.0,33.8,33.9,33.8,33.7,33.8,33.8,33.6,33.6,33.6,33.6,33.3,33.4,33.4,33.2,33.7,33.4,33.9,33.0,34.6,33.9,34.6,33.3,34.5,33.3,34.5,33.4,34.6,34.1,34.2,34.2,33.6,34.3,34.2,33.8,34.0,33.9,33.2,33.6,32.9,33.7,33.0,33.2,33.0,33.6,33.2,33.8,33.0,33.6,33.2,34.3,33.3,34.7,33.1,34.4,33.5,34.8,33.4,34.8,33.7,34.4,33.9,33.8,34.1,34.4,33.6,33.9,34.0,33.6,33.7,33.2,33.2,33.6,33.3,33.1,33.8,33.3,33.6,33.4,34.0,33.5,34.2,33.3,34.5,33.3,34.7,33.4,34.4,33.4,34.8,33.4,34.0,33.8,33.4,33.8,33.5,34.0,33.6,33.9,33.5,33.4,33.3,33.5,33.2,33.5,33.6,33.7,33.6,33.9,33.7,33.7,33.5,34.1,34.0,34.4,33.7,34.2,33.2,34.9,33.6,34.5,33.2,34.6,33.3,34.2,34.2,33.7,33.8,33.7,34.0,33.6,33.4,33.3,33.3,33.3,33.3,33.3,33.2,33.6,33.9,33.9,34.0,33.6,34.1,34.1,34.3,34.4,34.3,33.9,34.2,33.3,34.6,33.6,34.5,33.5,34.1,33.9,33.9,34.3,33.8,34.3,33.4,33.5,33.3,33.5,33.4,33.3,33.3,33.7,34.0,33.6,34.4,34.1,34.3,34.1,34.4,34.3,35.2,34.3,34.3,34.2,33.8,34.4,33.7,34.3,33.7,34.5,33.9,33.9,34.1,34.0,33.9,34.0,33.3,33.3,33.4,33.3,33.2,33.0,33.2,33.6,33.5,34.4,33.8,35.1,33.9,34.5,34.0,34.8,33.9,35.1,34.1,34.4,34.1,33.9,34.3,34.1,34.5,33.8,34.2,34.1,33.6,33.8,33.6,33.9,33.5,33.3,33.4,33.6,33.2,33.5,33.4,33.5,33.6,33.3,35.2,33.8,34.7,33.3,34.4,33.9,35.2,34.0,34.7,33.8,33.5,34.1,34.1,34.4,33.9,33.8,34.6,34.1,34.0,33.7,33.6,33.6,33.6,33.2,33.7,33.7,33.8,33.2,33.4,34.0,33.2,33.8,33.3,35.0,33.2,34.5,33.5,35.1,33.7,35.0,33.8,34.3,33.6,34.0,34.2,34.3,33.6,33.8,33.8,34.0,33.6,34.1,34.0,33.9,33.5,33.7,33.0,33.5,33.4,33.4,33.3,33.3,33.6,33.5,34.1,33.5,34.6,33.4,34.4,33.5,34.8,33.6,34.4,33.8,33.8,34.0,33.6,34.3,33.8,33.7,34.0,34.0,34.2,32.9,33.7,33.7,33.2,33.4,33.5,33.0,33.7,33.1,33.3,33.2,33.3,33.5,33.2,33.9,33.4,34.0,33.4,34.2,33.6,34.7,33.4,34.2,33.4,33.5,33.7,33.6,33.9,34.1,34.1,34.0,33.7,33.9,33.2,34.0,33.4,33.4,32.9,33.8,33.6,33.1,33.2,33.1,33.3,32.9,33.5,33.4,33.8,33.4,33.9,33.7,34.5,33.5,33.9,33.5,33.7,34.0,33.8,33.9,34.0,33.5,34.0,34.0,34.2,32.9,33.9,33.5,33.3,33.3,33.2,33.2,33.3,33.3,33.5,33.4,32.8,33.3,32.9,33.5,33.1,33.6,33.4,34.4,33.2,34.0,33.2,34.0,33.5,33.8,33.5,34.0,33.9,33.9,33.9,33.9,33.9,34.1,33.4,33.8,33.5,33.4,33.4,33.6,33.2,33.3,33.4,33.3,33.5,33.0,33.3,33.2,33.5,33.4,33.9,33.5,34.1,33.0,33.8,33.6,33.4,33.4,33.6,33.9,34.2,33.7,34.2,34.0,33.7,33.7,33.4,33.6,33.4,32.9,33.2,33.2,32.8,33.1,33.4,33.5,33.1,33.4,33.2,33.6,33.1,33.6,33.5,34.1,33.2,34.1,33.5,33.9,33.5,33.3,33.5,34.3,33.3,34.5,33.9,34.1,33.5,34.1,33.4,34.2,33.2,33.2,33.1,33.3,33.2,33.0,33.3,33.3,33.6,33.2,33.0,33.2,33.5,33.4,33.6,33.5,33.8,33.2,33.4,33.3,33.9,33.4,33.6,33.6,34.0,33.3,34.4,33.6,33.7,33.6,33.5,33.0,33.6,33.0,33.6,33.0,33.1,32.8,33.3,33.3,33.3,nan,33.0,33.2,33.4,33.5,33.4,33.6,33.2,33.4,33.5,33.7,33.5,33.6,33.4,33.8,33.6,33.7,33.9,34.5,33.3,33.9,33.2,34.2,32.6,34.1,33.1,33.8,33.2,33.5,32.9,33.2,33.0,33.3,33.2,33.3,33.5,33.3,33.6,33.3,33.5,33.5,33.4,33.5,33.5,33.4,33.8,33.7,33.5,33.6,33.5,33.8,33.9,33.4,33.9,33.6,34.1,33.0,33.2,33.1,33.2,32.8,33.2,33.1,33.1,32.8,33.1,33.2,33.3,33.1,33.6,33.8,33.2,33.6,33.3,33.7,33.5,33.6,33.3,33.8,33.3,33.3,34.2,33.8,33.4,33.9,33.4,34.2,33.2,33.9,33.3,33.8,33.2,33.3,33.4,33.7,33.2,33.6,33.0,33.4,33.0,33.3,33.3,33.4,33.4,33.5,33.4,33.4,33.5,33.3,33.6,33.7,33.9,33.3,33.3,33.7,33.9,33.2,34.0,33.8,33.9,33.5,33.8,33.5,33.1,33.1,33.4,33.1,33.2,33.0,33.4,33.2,33.4,32.9,33.2,33.4,33.2,33.2,33.3,33.7,33.4,33.6,33.5,34.3,33.4,33.8,33.9,34.2,33.5,34.5,33.3,34.4,33.3,34.4,33.6,34.3,33.1,33.5,33.3,33.5,33.3,33.4,33.2,33.4,33.2,33.2,33.1,33.7,33.2,33.6,33.5,33.4,33.6,33.3,33.5,33.8,33.6,33.6,34.0,34.3,34.3,33.6,34.3,34.0,33.8,33.1,34.2,33.4,33.4,33.1,33.6,33.6,33.6,33.2,33.4,33.2,33.2,32.9,33.4,33.4,33.4,33.0,33.7,33.5,33.5,33.4,33.7,33.6,33.7,33.9,34.1,34.7
1785310810.3577776,871,33.6,32.6,33.9,33.1,33.8,33.4,34.1,33.6,34.0,33.5,33.3,32.6,33.6,32.5,33.2,33.1,33.3,32.8,33.2,33.1,33.5,32.8,33.7,33.0,33.5,32.9,33.4,33.0,33.5,32.9,34.1,33.2,32.6,34.1,33.1,33.8,33.3,34.1,33.6,34.3,33.4,34.0,32.8,33.4,33.0,33.8,32.8,33.4,32.9,33.4,32.9,33.4,33.2,33.4,32.9,34.1,33.0,33.5,32.8,33.6,32.9,33.4,32.8,34.1,34.2,33.2,33.6,33.2,34.0,33.2,34.0,33.5,33.4,32.7,33.1,33.0,33.2,32.5,33.4,32.9,33.2,33.1,33.4,32.9,33.8,33.1,34.1,33.8,34.2,33.7,33.7,33.2,33.6,32.7,33.2,33.2,33.2,34.0,32.8,34.1,32.8,33.9,33.6,33.8,33.1,33.2,33.0,33.4,32.9,33.1,32.9,33.9,33.0,34.0,33.1,33.7,33.3,34.2,33.9,35.1,34.3,34.2,33.0,34.0,33.3,33.6,32.9,33.8,33.6,32.9,33.9,33.3,33.8,33.7,33.5,33.2,33.3,32.8,33.0,32.8,33.1,32.9,33.4,33.2,34.8,34.1,34.6,34.1,34.5,34.2,35.2,34.7,35.0,34.3,33.8,33.5,34.2,33.2,33.8,33.5,32.8,33.9,33.3,34.1,33.4,34.0,33.1,33.7,33.0,33.3,32.6,33.3,32.6,33.2,33.4,33.9,34.4,35.2,35.1,34.9,34.3,34.6,34.7,35.6,35.1,35.4,34.0,34.0,33.7,33.9,33.0,34.1,33.9,33.0,33.6,33.2,33.8,33.3,33.9,33.0,33.4,33.1,33.1,33.0,33.4,32.7,33.7,33.7,34.7,34.6,35.2,35.3,34.6,34.1,35.3,34.9,35.2,34.5,34.1,34.0,34.3,33.3,34.3,33.8,32.9,33.8,33.1,33.6,33.3,33.3,33.1,33.3,33.0,33.2,32.8,33.4,33.0,33.3,33.2,34.2,34.0,34.9,35.1,35.0,34.0,34.1,34.7,34.9,35.1,34.8,33.9,34.3,33.4,34.1,33.6,34.5,33.6,33.2,33.2,33.1,33.3,32.9,33.1,33.1,33.2,32.8,33.4,33.0,33.5,33.0,33.5,33.4,33.6,33.7,34.1,34.3,33.9,33.8,34.4,34.4,34.7,34.4,33.7,33.3,33.9,33.4,34.2,33.4,33.3,33.7,33.2,33.6,33.0,33.6,33.0,33.5,33.1,33.2,32.7,33.5,32.9,33.4,33.0,33.5,33.4,33.7,33.6,34.4,33.7,34.0,33.9,34.8,34.4,34.5,33.7,33.8,33.2,33.8,33.4,34.2,33.4,32.8,33.4,33.1,33.5,32.8,33.6,33.1,33.2,32.9,33.2,33.1,33.3,33.0,33.4,33.0,33.6,33.0,33.4,33.2,34.0,33.5,34.2,33.8,34.0,33.8,34.0,33.6,33.6,33.5,33.6,33.3,33.1,33.3,33.3,33.5,33.1,33.4,33.0,33.5,32.9,33.1,32.8,33.2,32.8,33.4,32.5,33.4,33.1,33.4,33.0,33.6,33.6,34.0,33.8,35.0,33.8,34.0,33.4,33.6,33.3,33.9,33.5,33.8,33.7,33.0,33.8,33.4,33.6,33.0,33.1,32.9,33.2,32.8,33.0,32.9,33.3,33.0,33.5,33.2,33.2,33.0,33.6,33.2,34.0,33.4,34.6,34.4,33.7,33.1,33.3,33.4,33.8,32.9,34.2,33.8,32.9,33.8,33.1,33.7,32.9,33.1,32.8,33.4,32.8,33.1,33.0,33.2,32.6,33.3,32.8,33.5,32.9,33.3,32.9,33.7,33.2,33.9,33.7,34.0,33.4,33.7,33.3,34.0,33.3,33.5,33.7,34.4,33.7,33.5,33.8,33.2,33.5,32.9,33.2,32.9,32.9,32.6,33.1,32.8,33.2,32.9,33.5,33.0,33.1,32.9,33.3,33.4,33.4,33.3,33.9,33.4,33.9,33.1,33.6,33.5,33.8,32.9,34.2,33.8,33.2,33.4,33.1,33.8,32.9,33.5,33.1,33.4,32.5,33.1,32.5,32.9,32.8,33.0,32.7,33.0,32.8,33.4,33.1,33.6,33.1,33.8,33.0,33.7,33.3,33.5,33.5,34.0,33.1,33.5,33.3,34.1,33.9,33.0,33.4,33.4,33.0,32.6,33.5,33.1,32.8,32.7,32.8,32.8,33.3,32.8,33.0,32.8,33.1,32.4,33.5,33.3,33.4,33.2,33.2,33.1,33.6,33.2,33.8,33.4,33.8,33.1,33.8,33.4,33.1,33.6,32.7,33.7,33.4,33.3,32.7,33.0,32.6,33.0,32.3,33.0,32.8,nan,32.7,32.8,32.8,33.1,32.7,33.3,33.1,33.7,33.3,33.7,33.0,33.3,33.2,33.8,33.4,33.5,33.5,34.1,34.0,33.0,34.2,33.0,33.6,33.0,33.4,33.1,33.0,32.5,33.0,32.9,33.2,32.6,33.3,32.5,33.1,32.5,33.3,32.8,33.3,32.6,33.4,32.8,33.7,33.2,33.6,33.5,33.7,33.2,33.9,33.4,33.3,33.7,33.3,33.4,32.8,33.3,32.8,33.4,32.6,33.2,32.8,33.0,32.8,33.3,32.7,33.5,32.9,33.1,32.7,33.3,32.7,33.2,32.6,33.7,32.9,33.4,33.0,33.6,33.1,33.5,33.1,33.8,33.8,33.2,33.6,34.0,33.4,32.9,33.4,33.1,33.5,33.0,33.4,33.0,33.2,32.8,33.4,33.1,33.1,32.4,33.0,32.7,33.0,32.9,33.5,32.6,33.2,32.8,33.6,33.5,33.6,32.9,34.0,33.6,33.2,33.9,33.2,33.8,33.0,33.5,32.9,33.6,32.9,33.1,32.8,33.3,32.5,33.2,32.7,33.4,32.9,33.2,33.0,33.6,32.7,33.2,32.9,33.5,32.5,33.4,32.7,33.6,33.2,33.6,33.4,34.4,33.7,33.5,33.7,33.7,33.7,33.0,33.2,33.0,33.1,32.9,33.5,33.0,33.2,33.0,33.3,33.0,33.0,33.0,33.3,33.2,33.3,33.2,33.3,32.9,33.8,32.7,33.7,33.4,33.0,32.8,34.2,33.6,33.4,34.3,33.6,34.0,32.9,33.7,33.2,33.8,32.8,33.7,33.0,33.4,33.4,33.4,33.0,33.2,32.7,33.3,33.0,33.3,33.2,33.2,33.1,33.5,32.9,33.2,33.3,33.4,32.8,33.7,33.2,34.0
1785310812.6262555,872,33.3,33.7,33.2,34.1,33.2,33.9,33.3,34.2,33.0,33.7,33.0,33.8,33.5,33.1,33.3,33.5,34.0,33.5,34.9,34.1,34.4,33.9,34.1,34.2,34.9,34.2,34.2,34.3,33.7,33.8,33.8,33.7,33.9,33.6,34.3,33.6,33.8,33.1,33.8,33.5,33.8,33.4,33.2,33.1,33.0,33.1,33.9,33.4,33.4,33.6,34.2,34.5,33.7,33.9,33.7,35.0,34.4,34.1,34.1,34.0,33.8,33.4,34.1,33.9,33.0,34.2,33.1,34.1,33.2,34.0,33.5,34.1,33.2,33.6,32.9,33.7,32.8,33.2,33.0,33.4,33.2,34.5,33.4,34.7,34.0,34.3,34.3,35.1,34.4,35.0,33.3,34.6,33.6,34.0,33.7,34.6,33.9,33.5,33.9,33.3,33.4,33.1,34.0,33.2,33.9,32.8,33.5,33.4,33.1,33.0,33.3,33.2,34.1,33.0,35.2,33.9,34.9,33.7,34.7,34.6,35.6,33.8,34.6,33.6,33.5,33.2,33.6,34.0,33.4,33.8,32.8,33.8,33.3,34.1,33.2,33.8,32.8,33.4,33.0,33.5,32.8,33.2,32.8,33.5,33.4,34.4,33.1,35.4,33.7,34.7,34.1,34.9,34.0,35.4,33.4,34.9,33.6,34.0,33.6,34.2,33.7,33.3,33.8,33.5,33.6,32.9,33.4,33.2,33.3,33.0,33.5,32.8,33.2,32.8,33.6,33.0,34.4,33.1,34.9,33.4,34.8,33.4,34.7,34.1,35.2,33.3,34.4,33.6,33.9,33.5,34.3,34.1,33.7,33.7,32.8,34.1,33.0,33.5,33.0,33.7,32.5,33.4,32.6,33.5,32.9,33.4,32.9,33.7,32.7,33.6,33.1,34.8,33.4,34.1,33.5,34.7,33.7,34.7,33.5,34.3,33.7,33.7,33.7,34.1,33.4,32.7,33.7,33.2,33.3,33.0,33.8,33.1,33.2,32.7,33.5,32.8,33.2,33.0,33.5,33.0,33.4,33.1,34.0,33.1,34.2,33.0,34.4,33.6,34.8,33.5,34.5,33.7,33.8,33.4,34.0,33.5,33.4,33.6,32.8,33.9,32.9,33.6,33.1,33.4,32.9,33.0,32.9,33.5,33.0,33.3,32.5,33.6,32.8,33.5,32.9,33.8,33.1,33.8,33.1,33.9,33.2,34.6,33.4,34.2,33.4,33.4,33.6,34.3,33.9,33.5,33.2,33.3,33.6,32.8,33.7,33.2,33.3,32.6,33.2,32.8,33.2,32.6,33.3,32.9,33.5,32.7,33.3,33.1,33.9,33.1,33.9,33.4,34.5,33.0,34.1,33.6,33.4,33.3,33.8,33.6,33.4,33.7,33.2,33.5,32.8,33.6,32.5,33.7,32.6,33.2,32.5,33.6,32.5,33.4,32.6,33.4,32.9,33.2,32.5,33.2,32.9,33.8,32.9,34.0,33.2,34.1,33.1,33.9,33.6,33.7,32.7,34.2,34.0,32.9,33.7,33.3,33.2,33.1,33.3,32.7,33.2,32.8,33.1,32.9,33.3,32.9,33.2,32.6,33.4,32.8,33.2,32.5,33.6,32.9,33.8,33.0,33.9,33.2,33.7,33.5,33.7,33.2,33.9,33.2,33.3,33.5,33.0,34.0,33.4,33.0,32.8,33.5,32.6,33.1,32.6,33.2,32.5,32.9,32.9,33.5,32.7,33.0,32.6,33.4,32.7,33.4,32.8,33.6,32.9,33.8,33.3,33.9,33.8,33.5,33.2,34.2,33.4,33.2,33.9,33.3,32.9,33.3,33.6,32.7,33.0,32.7,33.0,32.9,32.6,32.7,33.1,32.8,32.9,33.0,33.6,32.9,33.7,32.8,33.5,33.1,33.6,33.0,34.1,33.1,33.7,33.2,33.9,33.5,33.3,33.7,33.4,34.0,33.1,33.2,33.1,33.6,32.7,33.1,32.8,33.3,33.2,33.0,32.9,32.9,32.8,33.0,32.6,33.5,32.8,33.3,33.1,33.8,32.9,33.2,32.9,34.0,33.3,33.3,33.0,34.0,33.7,33.5,33.3,33.2,33.4,33.0,33.6,33.3,33.2,33.0,32.9,33.1,33.1,33.0,32.7,32.8,33.1,33.0,33.1,32.8,33.1,32.8,33.5,33.1,33.5,33.0,33.7,33.1,33.3,32.8,33.7,33.6,33.5,33.7,33.4,33.8,33.2,33.0,32.9,33.3,32.5,32.7,32.8,33.3,33.0,32.8,32.8,33.3,32.8,33.2,33.0,33.3,33.0,33.2,32.8,33.3,33.1,33.4,32.9,33.9,33.1,33.6,33.0,34.2,33.5,34.0,33.1,33.8,33.4,33.0,33.6,33.0,32.8,32.7,33.2,33.2,33.1,nan,33.4,32.8,32.9,33.0,33.1,33.1,33.1,32.9,33.2,33.0,33.4,32.8,33.9,32.9,33.9,32.5,34.1,33.5,33.8,33.9,33.4,33.8,33.0,33.6,32.9,33.6,32.8,33.0,33.1,33.4,32.8,33.1,32.7,33.3,32.7,33.0,33.1,33.5,32.8,33.2,33.0,33.2,33.0,33.0,33.1,33.9,33.0,33.4,33.1,34.0,33.5,33.7,34.1,33.6,33.6,33.0,33.5,32.9,33.0,32.8,33.2,33.0,33.0,32.8,33.4,33.4,33.1,33.1,33.1,33.1,33.2,32.7,33.2,33.0,33.1,32.7,33.3,33.4,33.3,32.9,33.8,32.8,34.3,34.1,34.2,34.2,33.6,33.5,32.9,33.8,32.9,33.0,33.2,33.5,33.1,33.3,33.0,33.4,33.0,32.9,33.0,33.3,33.1,33.5,33.0,33.4,33.0,33.3,33.2,33.5,33.0,33.1,32.9,33.9,33.7,33.4,34.0,34.0,33.2,33.5,33.6,33.5,33.3,33.0,33.2,33.1,33.0,33.1,33.4,33.4,33.2,32.9,33.3,33.1,33.2,33.0,33.3,32.8,33.4,33.0,33.7,33.2,33.2,33.2,33.6,33.1,33.7,34.0,33.9,35.0,34.3,33.4,33.4,33.8,33.3,33.7,33.3,33.5,33.2,33.4,33.0,33.6,33.0,33.4,33.1,33.7,33.2,33.4,33.1,33.3,33.3,33.3,33.3,33.6,33.0,33.2,34.2,34.5,34.3,33.7,35.1,34.3,33.3,34.3,33.4,33.5,33.0,33.5,33.6,33.4,33.1,33.1,33.6,33.4,33.0,33.1,33.5,33.1,33.2,33.2,33.5,33.1,33.7,33.4,33.5,33.2,33.0,33.3,33.7,34.0
1785310815.163988,873,33.7,33.0,33.8,32.8,33.5,33.6,33.6,32.6,33.1,33.0,33.3,33.1,33.4,33.0,33.3,33.0,33.4,32.9,33.9,33.2,33.9,33.2,34.2,33.5,34.6,33.7,33.3,33.3,33.6,33.4,33.4,33.8,33.2,33.4,33.2,33.4,33.0,33.4,32.8,33.2,32.7,33.1,32.6,33.4,33.0,33.1,33.1,33.1,32.8,33.3,33.1,33.7,33.5,33.5,33.0,34.4,33.1,34.0,33.8,33.9,33.7,33.3,33.7,34.0,33.6,33.3,33.5,33.3,33.3,32.9,33.6,33.0,33.1,32.4,32.8,32.9,32.9,32.6,33.0,32.3,32.8,33.2,33.0,33.0,33.7,33.4,34.0,33.0,34.1,33.4,33.4,33.5,33.5,33.0,34.0,33.3,33.0,33.2,32.9,33.4,32.7,32.8,32.5,33.5,32.5,33.1,32.4,33.1,32.7,32.9,32.5,33.1,32.8,33.5,33.1,33.3,32.8,33.6,33.2,34.1,33.3,33.5,33.1,34.0,33.4,33.5,33.2,34.6,33.3,33.2,33.8,33.4,33.4,32.4,33.1,32.6,32.7,32.8,32.7,32.5,32.9,33.0,33.0,32.8,33.3,33.0,33.1,32.5,33.5,32.8,33.5,33.1,33.5,33.2,33.1,33.1,33.3,33.1,33.5,33.4,33.4,33.4,33.5,33.4,33.3,33.3,32.2,33.4,32.6,32.9,32.4,32.8,32.5,32.9,32.8,32.9,32.9,33.2,32.3,33.0,32.7,33.3,33.0,33.6,33.1,33.4,33.2,33.5,33.0,33.4,33.1,33.8,33.8,33.1,33.5,33.4,33.1,33.2,33.3,32.6,32.6,32.5,32.7,32.6,32.9,32.8,32.7,32.7,32.8,32.8,32.9,33.0,33.4,32.7,33.1,32.5,33.2,32.8,33.5,33.0,33.2,33.2,33.4,33.1,33.1,33.0,32.8,33.3,32.7,33.1,32.8,33.1,32.4,32.6,32.5,32.9,32.8,32.6,32.6,33.0,32.5,32.8,32.5,33.2,32.8,33.1,33.0,33.2,32.8,33.0,33.0,33.5,33.1,33.7,32.9,33.4,33.3,33.3,33.1,33.2,33.2,32.8,33.0,33.0,32.5,32.8,32.5,33.0,32.6,32.6,32.6,32.6,32.8,32.5,32.7,32.8,32.7,32.8,33.0,32.7,33.1,32.5,33.1,32.7,33.3,33.0,33.3,33.1,33.2,33.4,33.1,33.4,33.0,32.9,32.7,32.9,32.8,32.5,32.0,32.9,32.5,32.8,32.6,32.7,32.5,32.5,32.6,32.9,32.5,33.0,32.9,32.8,33.1,33.4,32.6,33.4,32.6,33.0,33.2,33.1,33.5,32.7,33.1,33.2,32.9,33.3,33.0,32.7,32.7,32.7,32.8,32.8,32.8,32.8,32.7,32.8,33.0,32.8,32.8,32.7,32.7,32.8,32.7,32.9,33.1,32.9,33.0,32.8,33.0,32.5,33.4,33.1,33.2,33.0,32.6,33.0,32.8,33.0,32.6,33.1,33.0,32.5,33.1,32.7,32.7,32.9,32.5,32.9,32.8,32.6,32.8,32.9,32.6,32.9,32.6,33.0,32.9,32.8,32.8,32.9,32.7,33.1,32.6,33.1,33.2,33.6,33.3,33.3,33.0,33.1,33.0,32.4,32.8,32.7,33.0,32.9,33.1,32.5,32.8,33.0,33.0,32.7,32.6,33.0,32.8,32.8,33.1,32.9,33.2,32.7,33.0,32.9,33.2,32.7,32.7,32.9,33.9,33.1,33.8,33.0,32.5,32.8,32.6,33.0,32.7,32.8,32.6,33.1,32.4,32.6,32.4,33.1,32.7,32.9,32.5,32.9,32.5,32.9,32.8,32.7,32.9,33.1,32.9,33.0,32.7,33.1,32.6,33.4,33.6,34.8,33.5,33.3,33.2,32.8,33.2,32.7,33.2,32.9,33.2,33.4,33.4,33.0,33.0,32.7,32.7,33.0,33.1,32.7,33.2,32.8,32.9,32.9,32.8,32.7,32.5,32.7,32.8,32.9,33.1,33.1,33.4,33.6,33.5,33.1,32.6,32.7,32.6,32.8,32.4,32.8,32.7,32.8,32.7,32.6,32.5,32.9,32.8,32.9,33.1,33.1,32.8,32.9,32.8,33.2,33.2,32.9,33.1,33.2,32.7,32.9,33.2,33.5,34.0,33.6,33.7,34.0,33.1,32.9,33.0,33.1,32.8,32.6,32.9,32.7,33.1,32.8,33.1,32.8,32.9,32.8,32.9,32.8,32.9,32.6,32.9,32.7,33.0,33.2,33.0,32.8,33.0,33.2,33.1,33.3,33.4,34.1,33.6,33.3,33.5,32.7,33.3,33.0,32.7,32.8,32.8,33.1,32.8,nan,32.8,32.5,32.6,32.9,32.7,33.2,32.9,33.0,32.9,33.1,32.9,32.7,33.0,32.7,32.9,32.8,33.4,33.2,33.4,33.1,33.5,33.9,33.1,34.6,33.0,33.4,32.9,33.0,33.3,33.2,32.9,32.8,33.1,32.6,32.8,32.8,33.1,32.8,33.1,32.9,33.1,33.0,32.8,33.3,33.4,33.3,33.1,33.0,33.2,33.9,33.2,33.8,34.0,34.1,34.4,33.4,33.4,33.4,33.1,32.8,33.0,33.1,33.1,32.9,33.0,33.0,32.9,32.7,33.0,33.1,32.5,32.8,33.1,33.1,33.6,33.2,33.5,33.3,33.2,32.8,33.7,33.1,33.9,33.5,34.1,34.1,34.1,34.7,33.4,33.6,33.3,33.1,33.1,33.8,33.0,33.2,33.1,33.0,32.9,33.0,32.8,32.9,33.0,33.0,33.3,33.6,32.9,34.5,33.1,34.0,33.1,33.6,33.4,33.3,33.1,33.8,33.7,34.3,34.8,34.6,34.5,33.8,33.4,33.3,33.3,33.2,33.2,33.0,33.5,33.4,33.2,33.0,32.9,33.0,33.1,33.1,33.9,33.3,34.3,33.1,33.6,33.7,33.9,33.3,34.0,33.4,34.1,33.9,34.3,34.7,34.8,34.3,33.7,34.1,33.4,33.6,33.3,33.5,32.9,33.5,33.1,33.0,32.9,33.2,32.9,33.3,32.9,33.3,33.0,34.1,33.8,34.3,33.8,33.9,33.6,34.2,34.1,33.7,33.5,33.8,34.1,34.4,33.9,35.2,34.3,34.0,33.9,33.4,33.3,33.5,33.5,33.4,33.5,33.1,33.3,33.2,33.3,33.2,33.1,33.0,33.8,33.2,34.0,33.9,34.0,33.9,34.2,33.6,33.8,33.9
1785310817.7035391,874,33.7,33.8,34.0,34.2,33.7,34.0,33.6,33.7,33.2,33.8,33.1,33.5,33.2,33.6,32.8,33.0,32.7,32.9,33.0,33.2,33.0,32.9,32.9,33.3,33.0,33.3,32.6,33.3,33.4,33.4,33.4,33.3,34.6,34.0,34.1,33.9,33.9,33.6,33.7,33.2,33.5,33.2,33.3,33.4,33.3,33.2,33.1,33.0,32.8,32.8,33.4,32.8,32.9,32.8,33.0,33.6,33.5,33.0,33.1,33.0,33.5,32.4,33.4,33.5,33.9,33.8,33.7,34.2,33.7,33.9,33.4,33.6,33.1,33.2,33.2,33.3,33.1,33.8,32.8,33.2,32.7,32.8,32.6,32.7,32.7,33.2,33.1,33.1,33.2,33.0,32.8,32.9,33.3,33.2,33.1,33.3,34.2,33.9,33.6,33.8,34.0,33.6,33.9,33.5,33.2,33.1,33.3,33.2,33.1,33.3,33.2,32.6,33.0,32.8,32.9,33.3,33.1,32.9,33.0,33.0,33.3,33.0,32.9,33.4,33.4,33.1,33.2,33.7,33.7,33.9,34.0,33.9,33.6,33.8,33.7,33.7,32.9,33.1,32.9,33.2,32.9,33.5,32.9,32.8,33.0,33.0,32.9,33.2,33.0,33.1,32.8,33.4,33.0,33.4,32.9,33.1,33.1,33.3,32.8,33.4,33.1,33.1,33.2,33.6,34.3,33.9,33.9,33.8,33.3,33.4,33.2,32.9,33.2,32.9,33.0,33.4,32.9,32.7,33.3,33.2,33.4,32.7,32.9,33.1,33.4,32.7,33.2,33.1,33.2,33.0,33.1,33.1,34.0,33.6,33.7,34.0,33.7,33.8,33.6,33.6,33.4,33.4,32.9,33.4,33.4,33.2,33.1,33.7,32.8,33.4,32.9,33.4,33.1,33.4,33.0,34.0,32.7,33.6,33.3,33.3,33.4,33.4,33.2,33.1,33.5,33.0,33.4,33.7,33.5,33.4,33.9,33.8,33.3,33.3,33.0,33.1,33.1,33.1,33.1,33.3,33.5,32.8,33.3,33.2,33.8,32.8,34.9,33.2,33.9,33.2,33.7,33.3,33.9,33.1,33.7,33.4,33.3,33.9,33.8,33.6,33.2,33.9,33.5,33.6,33.3,32.9,33.0,33.1,32.9,33.3,33.1,34.2,33.1,34.1,32.9,34.0,33.1,34.5,33.5,35.7,33.0,34.4,33.2,33.6,32.9,33.7,33.1,34.0,33.8,33.4,33.5,33.6,33.9,33.5,33.4,33.8,33.4,32.9,33.2,33.2,33.3,33.0,33.9,33.5,34.6,33.0,34.4,33.5,34.4,33.4,35.4,34.0,35.1,33.2,33.8,33.5,33.9,33.2,34.0,33.1,33.5,34.0,33.5,33.8,33.4,34.0,33.7,33.4,33.4,33.3,33.0,33.4,32.9,33.8,33.4,34.1,33.5,35.5,33.3,34.3,33.5,34.5,33.8,35.7,33.6,34.4,33.6,33.9,33.4,34.0,32.8,33.9,33.9,33.0,33.8,33.8,33.9,33.7,33.3,33.3,33.5,32.9,33.4,33.3,33.5,33.0,34.1,33.5,35.4,33.5,34.6,33.7,34.5,33.5,35.0,34.3,34.9,33.8,33.7,33.4,33.8,33.3,33.6,33.5,33.6,34.0,33.5,34.1,33.7,33.5,33.4,33.4,33.3,33.4,33.2,33.4,33.1,33.3,33.5,33.9,33.8,34.6,33.9,34.6,33.5,34.3,34.1,35.1,34.5,34.2,33.4,33.7,33.6,33.4,33.6,33.7,33.9,33.1,33.4,33.6,33.2,33.4,33.1,33.5,33.4,33.6,33.4,33.3,33.2,32.9,33.7,33.4,33.8,34.1,34.2,33.9,34.0,33.5,34.5,34.0,34.4,34.1,33.5,34.1,33.8,33.3,33.6,33.8,33.6,33.8,33.5,33.5,33.6,33.5,33.4,33.6,33.3,33.4,33.2,33.6,33.3,33.3,33.4,33.5,33.5,33.5,33.9,34.1,33.6,33.9,34.1,34.7,34.2,33.5,33.4,33.6,33.6,33.6,33.3,34.3,33.8,33.4,33.7,33.9,33.4,33.4,33.3,33.5,33.1,33.3,33.5,33.3,33.1,33.2,33.2,33.6,33.2,33.6,33.4,34.1,34.0,33.7,34.6,34.5,33.9,33.9,33.5,34.1,33.8,33.7,34.0,34.1,33.4,33.6,33.3,33.6,33.7,32.9,33.4,33.4,33.3,33.3,33.0,33.4,33.1,33.4,33.2,33.3,33.3,33.5,33.9,33.6,33.9,33.6,34.4,34.4,34.6,33.7,33.9,33.5,33.7,33.4,34.2,34.7,33.6,33.3,33.0,33.5,33.5,33.5,33.5,33.5,33.1,33.1,33.1,33.5,33.4,nan,33.2,33.4,33.4,33.6,33.3,34.2,34.0,34.0,34.5,34.5,33.5,34.4,33.9,34.3,33.7,33.4,34.2,34.4,33.7,34.0,33.3,33.5,33.3,33.7,33.2,33.4,33.3,33.0,33.7,33.5,33.1,33.4,33.3,33.3,33.6,33.4,34.2,33.8,34.2,33.6,34.3,33.7,34.5,33.6,34.3,33.8,33.7,33.5,34.0,33.9,33.4,33.4,33.4,33.7,33.5,33.5,33.3,33.6,33.3,33.3,33.0,33.4,33.6,33.4,33.0,33.5,33.6,33.6,33.4,34.2,33.5,34.2,33.8,34.3,33.8,34.4,34.0,34.1,33.4,33.6,33.7,34.0,33.5,34.0,33.5,33.9,33.5,33.4,33.4,33.4,33.1,33.1,33.5,33.5,33.0,33.2,33.2,33.4,33.4,33.2,34.0,33.5,34.4,33.7,34.0,33.5,34.4,33.6,34.3,34.2,33.9,33.4,34.1,33.8,33.6,33.5,33.5,33.7,33.7,33.6,33.4,33.8,33.0,33.4,33.0,33.6,33.2,33.3,33.1,33.7,33.2,33.5,33.1,34.1,33.6,34.2,33.6,34.0,33.5,34.4,33.6,34.3,33.7,33.9,34.0,34.1,34.1,33.9,33.4,33.8,33.4,33.3,33.9,33.3,33.3,33.4,33.1,32.9,33.3,32.9,33.3,33.5,33.5,33.2,33.6,33.3,33.5,33.3,34.0,33.7,34.5,34.1,34.4,33.7,33.8,33.5,33.9,34.1,33.7,33.5,33.5,33.9,33.7,33.6,33.4,34.0,33.1,33.2,33.3,33.2,33.5,33.4,33.2,33.5,33.0,33.2,33.1,33.7,33.1,33.9,33.4,33.8,33.6,34.5,33.8,34.1,34.0,33.8,34.2,34.4
1785310820.2585425,875,34.5,34.0,34.8,33.7,33.7,33.5,33.8,33.6,33.4,33.3,33.7,33.4,33.2,32.7,33.0,32.7,32.5,32.8,33.0,33.1,32.8,32.8,33.1,33.0,33.2,32.3,33.3,33.2,33.6,33.1,33.2,32.7,33.7,34.2,34.0,34.4,32.9,33.4,33.2,33.6,33.0,33.2,33.6,33.6,32.9,33.2,33.1,33.3,32.5,32.6,33.0,33.4,32.8,32.9,32.7,33.2,32.5,32.8,33.0,33.5,32.7,32.9,33.1,33.5,34.4,34.5,34.6,33.9,33.9,33.4,33.8,33.3,33.1,33.3,33.4,33.4,32.9,32.7,33.2,32.7,32.8,32.8,33.0,32.9,33.2,32.6,32.9,32.9,33.0,32.5,33.2,33.2,33.1,33.1,33.8,33.2,33.7,33.9,34.1,34.5,33.2,33.4,33.4,34.1,32.9,32.9,33.0,33.5,33.0,33.3,32.9,33.5,32.9,33.0,33.0,33.3,32.7,32.9,32.7,33.0,33.0,32.8,33.0,33.4,32.7,32.9,33.1,33.7,34.2,33.6,34.7,34.4,34.0,33.5,33.7,33.4,33.1,33.0,33.3,33.0,33.4,33.0,33.4,33.0,33.1,32.6,32.9,33.1,32.8,32.7,33.0,33.1,33.4,32.7,33.1,33.2,33.3,33.0,33.5,33.3,33.5,34.3,34.0,34.6,33.6,33.7,33.3,34.0,32.8,32.9,33.0,33.6,33.1,33.4,33.4,33.4,32.7,32.9,32.9,33.2,32.6,32.8,32.8,33.1,32.8,33.2,32.9,33.1,32.9,32.8,33.0,33.6,34.5,33.9,34.6,34.7,34.3,33.8,34.2,33.7,33.4,33.1,33.2,33.4,33.2,33.2,33.4,33.1,33.0,32.7,32.7,33.0,33.1,32.8,32.8,32.9,32.9,32.8,33.3,33.0,33.0,32.6,33.4,32.8,33.8,33.9,34.3,35.1,33.5,33.8,33.4,34.1,33.0,33.3,32.9,33.4,32.7,33.4,33.3,33.5,32.6,32.8,32.5,33.0,32.4,32.9,33.1,33.0,32.4,33.1,33.1,33.7,32.8,33.3,33.4,33.4,34.1,34.3,34.2,34.5,33.8,33.5,33.9,33.8,33.5,33.3,33.3,33.0,32.8,33.2,33.4,33.3,32.9,32.9,33.2,32.7,32.9,32.8,33.0,32.7,33.1,33.1,33.3,32.8,33.1,32.9,33.7,33.0,33.5,34.0,34.0,34.4,33.4,33.7,33.5,34.3,33.5,33.2,32.9,33.4,32.7,32.8,33.0,33.5,33.1,33.0,32.7,33.2,32.6,33.0,32.8,33.3,32.8,32.7,33.4,33.5,33.1,33.4,32.9,33.9,33.7,33.7,34.1,33.7,33.4,33.4,33.9,33.9,33.8,33.2,33.3,33.0,33.1,32.9,33.4,33.2,33.5,32.9,32.9,32.7,32.8,32.7,33.2,32.8,32.9,32.9,33.2,33.1,33.0,32.9,33.2,33.2,33.6,34.1,33.5,33.8,32.9,33.2,33.5,33.9,33.4,33.6,33.0,33.5,32.6,33.0,33.0,33.5,33.1,33.1,32.9,32.9,32.8,32.7,33.0,33.5,32.6,32.9,33.2,33.2,32.8,32.9,33.3,33.7,33.4,33.7,33.9,33.8,33.7,33.0,33.6,33.8,33.5,33.4,33.7,33.6,33.1,32.7,33.6,33.2,33.5,32.9,33.1,33.1,33.0,32.6,33.2,32.8,33.2,32.6,33.4,33.0,33.4,32.8,33.2,33.2,33.6,33.5,33.3,33.8,33.1,33.4,33.2,33.5,33.6,33.6,33.5,33.8,32.8,33.0,33.3,33.7,33.1,33.4,32.9,33.2,32.4,32.7,32.7,33.3,32.4,33.0,32.8,33.4,32.8,33.3,32.9,33.8,33.4,33.5,33.9,33.8,33.9,33.4,34.1,33.8,33.7,33.8,33.7,33.8,33.4,33.2,33.3,33.4,33.3,32.9,33.4,33.1,33.2,32.9,33.6,33.0,33.2,32.9,33.4,33.2,33.2,33.0,33.5,32.8,33.0,33.6,33.6,33.9,32.9,33.4,33.6,34.2,33.2,33.8,33.5,33.8,32.8,33.2,33.2,33.6,32.8,33.3,33.2,33.6,32.8,33.1,33.0,33.9,33.2,33.6,33.2,33.7,32.8,33.5,33.3,33.5,33.8,33.5,33.9,33.7,33.5,33.2,33.6,33.8,33.8,33.6,33.6,33.6,33.1,33.2,33.4,33.2,33.3,33.2,33.6,33.2,33.2,33.0,33.5,33.1,33.9,33.6,34.5,34.1,33.8,33.3,34.0,33.4,33.3,33.5,33.1,33.7,33.2,33.3,33.4,33.9,33.5,33.8,33.7,33.8,33.0,nan,33.1,33.5,32.6,33.6,33.1,33.9,33.2,33.4,33.2,33.8,33.5,34.8,34.7,34.7,33.6,33.6,33.5,34.2,34.5,33.9,34.1,33.6,33.3,33.4,33.9,33.6,33.7,33.4,33.9,33.6,33.0,33.0,33.6,33.3,33.1,33.0,34.2,33.8,34.1,33.7,34.3,34.3,34.7,34.4,35.9,35.4,34.8,34.2,34.2,34.0,33.5,34.0,33.7,33.9,33.6,33.8,33.3,34.3,33.7,33.6,33.4,33.9,33.2,33.4,33.1,33.7,33.1,33.6,33.8,34.7,34.1,34.8,34.4,34.9,34.2,34.6,35.4,35.9,34.4,34.4,34.4,34.4,34.2,33.9,34.1,34.0,33.5,33.5,34.3,33.8,33.7,33.4,33.9,33.4,33.2,33.1,33.5,33.3,33.3,33.3,34.5,34.3,35.4,35.2,35.1,34.8,34.9,34.4,35.6,35.8,34.9,34.1,34.5,34.1,33.3,33.8,33.4,34.1,33.2,33.4,33.8,34.1,33.5,33.5,33.4,33.9,33.2,33.3,33.4,33.9,32.9,33.5,33.9,34.7,34.6,35.2,35.3,34.9,34.0,35.0,35.2,36.0,34.0,34.3,33.7,34.5,34.1,33.6,34.1,34.2,33.6,33.4,34.1,34.0,33.4,33.7,33.6,33.4,33.5,33.2,33.6,33.4,33.3,33.2,34.2,33.9,34.2,35.0,34.7,34.6,34.7,34.2,35.6,35.4,34.6,34.5,35.0,34.5,32.9,33.8,33.6,34.4,33.1,33.4,33.6,34.0,32.8,33.6,33.4,33.7,33.4,33.4,33.6,33.7,33.2,33.9,33.9,34.3,34.1,34.0,34.4,34.7,34.1,34.7,34.7,35.5,33.9,34.4,34.4,34.8
1785310822.7978637,876,34.3,34.4,33.8,33.5,33.5,33.6,33.4,33.7,33.6,33.8,33.3,33.7,33.2,33.0,33.0,33.0,33.1,32.9,33.2,33.3,33.2,33.1,33.3,33.3,33.2,32.7,33.3,33.6,33.4,33.0,33.4,33.3,34.6,34.2,34.2,33.5,34.1,33.0,33.1,33.6,33.5,33.6,33.7,33.6,33.0,33.4,33.1,32.8,32.8,33.0,33.1,33.0,32.7,33.5,33.2,33.6,33.2,33.4,33.2,33.3,33.5,33.4,33.0,33.7,34.1,34.6,33.5,34.5,33.7,33.5,33.2,33.4,33.1,33.6,33.2,33.7,33.3,33.0,33.2,33.0,32.9,32.9,32.8,32.7,33.0,33.2,33.1,33.2,33.2,33.0,33.0,33.1,33.8,33.0,33.4,33.4,34.5,34.4,33.8,33.8,33.6,33.4,33.5,33.5,33.4,33.3,33.5,33.2,33.1,33.3,33.1,33.0,33.2,32.8,33.1,33.0,32.8,33.0,33.4,33.2,33.1,33.2,33.1,33.2,32.8,33.1,33.2,33.7,34.5,34.4,34.0,34.3,33.8,33.8,33.1,33.5,33.3,33.3,33.1,33.4,33.3,33.2,32.9,32.5,33.0,32.9,32.6,33.3,33.3,33.2,33.2,33.4,33.2,33.0,33.2,33.7,33.3,33.1,33.3,33.6,34.3,34.3,34.3,33.8,33.7,33.4,33.4,33.3,33.3,33.4,33.4,33.3,33.4,33.4,33.2,33.3,33.1,33.1,32.9,32.9,32.9,33.0,33.4,33.2,32.9,33.4,32.8,33.4,33.2,33.0,33.4,33.4,34.7,34.7,34.2,34.4,33.7,33.6,33.3,33.3,33.2,33.4,33.1,33.6,33.5,33.2,33.1,33.1,32.8,33.0,32.9,33.1,33.1,33.2,33.1,33.3,33.4,33.1,33.1,33.2,33.5,33.1,33.2,33.1,34.4,33.9,34.6,33.9,33.5,33.8,33.4,33.8,33.3,33.2,33.3,33.3,33.3,33.5,33.5,33.3,32.7,33.2,33.0,32.7,33.2,33.1,33.4,33.2,33.0,33.1,33.2,33.1,33.3,33.1,33.5,33.4,33.9,34.0,33.6,34.0,34.0,33.8,33.7,33.9,33.5,33.1,33.5,33.5,33.4,33.3,33.3,33.4,33.3,32.8,33.1,32.9,33.1,33.4,33.2,33.0,33.5,33.0,33.2,33.3,33.3,33.0,33.1,33.1,34.1,34.3,33.5,33.8,33.7,34.1,33.5,34.0,33.6,33.2,33.4,33.4,33.0,33.3,33.3,33.2,33.0,33.0,33.1,33.2,32.7,33.4,33.2,33.7,32.9,33.3,33.5,33.6,33.4,33.4,33.6,33.7,33.5,33.6,33.7,34.0,33.6,34.0,33.5,34.0,33.7,33.4,33.0,33.4,33.4,33.5,33.1,33.6,33.6,33.2,33.3,32.8,33.5,33.1,34.4,33.2,34.0,33.2,33.6,33.4,33.6,33.1,33.4,33.1,33.9,33.7,34.0,33.6,33.4,33.9,33.8,33.5,33.8,33.2,33.3,33.5,33.2,33.5,33.1,33.4,33.2,33.5,33.0,33.7,33.2,33.9,33.2,34.6,32.9,34.3,33.5,33.3,33.1,33.5,33.4,33.6,33.6,34.0,33.5,33.7,33.7,33.5,33.8,33.9,33.7,33.7,33.0,33.5,33.1,33.2,33.2,33.5,33.7,33.0,34.1,33.3,34.0,33.5,34.6,33.6,35.2,33.9,34.3,33.7,33.6,33.4,34.0,33.5,33.5,33.5,33.8,33.9,33.4,33.6,33.7,33.7,33.6,33.6,33.3,33.5,32.9,33.1,33.1,33.6,32.9,34.1,33.2,34.0,33.2,34.0,33.5,34.9,34.3,35.3,33.7,34.3,33.3,33.8,33.4,34.0,33.9,33.8,33.7,33.7,34.0,33.7,33.9,34.3,33.4,33.9,33.3,33.4,33.3,33.3,33.3,33.2,33.8,33.5,34.9,33.8,34.2,33.6,34.7,34.4,35.4,35.1,34.7,34.9,34.0,33.8,34.4,34.1,33.6,33.6,33.5,34.1,33.6,33.6,34.1,33.9,33.8,33.4,33.3,33.3,33.2,33.4,33.2,33.6,33.6,34.4,33.8,35.2,33.7,34.6,34.3,34.7,35.3,35.3,35.3,34.7,33.8,33.5,34.2,33.9,33.9,33.8,34.0,34.0,33.9,33.5,34.0,34.0,33.5,33.3,33.4,33.2,33.4,33.5,33.6,33.5,33.9,34.0,34.9,34.9,34.7,34.3,34.8,34.4,35.4,35.4,34.5,35.0,34.0,33.9,33.8,34.3,34.1,33.9,33.6,33.7,34.1,33.7,34.0,33.7,33.1,33.5,33.3,33.3,33.1,nan,33.2,33.4,33.7,33.9,34.8,34.9,34.7,34.4,34.5,34.4,35.0,34.8,35.3,34.0,34.1,33.8,34.2,34.2,34.1,33.8,33.8,34.0,33.7,34.2,33.6,34.1,33.7,33.3,33.5,33.5,33.5,33.4,33.6,33.6,33.5,34.1,34.1,35.3,34.4,35.1,34.2,34.6,35.1,34.9,34.1,34.9,33.7,33.9,33.8,34.1,34.1,34.0,33.7,33.6,33.5,33.5,33.8,33.8,33.5,33.6,33.3,33.3,33.4,33.6,33.4,33.7,33.7,33.6,34.2,33.9,34.9,33.9,34.5,34.2,34.5,34.8,34.9,33.9,33.8,33.6,33.9,34.0,34.0,34.0,33.7,34.1,33.5,33.6,33.8,34.0,33.3,33.5,33.7,33.7,33.7,33.3,33.7,33.6,33.6,33.6,33.5,34.1,33.5,34.4,34.4,34.6,34.6,34.5,33.9,34.7,34.1,34.1,33.9,34.0,33.4,33.8,33.5,33.7,33.7,33.8,33.8,33.6,33.6,33.3,33.7,33.4,33.0,33.5,33.3,33.6,33.5,33.6,33.6,33.7,33.5,33.5,34.5,33.6,34.1,34.5,34.4,34.1,33.8,33.9,34.2,34.3,33.9,33.7,33.9,34.1,33.8,33.8,33.9,33.9,33.5,33.4,33.7,33.7,33.5,33.7,33.5,33.5,33.5,33.5,33.6,34.0,33.5,33.4,34.0,34.5,34.2,34.7,34.2,34.3,34.4,34.0,34.6,34.4,33.7,34.3,33.9,33.8,33.7,34.1,33.6,34.0,33.3,33.1,33.7,33.7,33.7,33.2,33.5,33.9,33.4,33.4,33.5,33.8,33.5,33.5,34.2,34.4,33.8,34.0,34.4,33.9,33.6,34.0,34.3,34.2
1785310825.3492832,877,34.5,33.8,33.6,33.8,33.7,33.6,33.9,33.7,33.4,33.6,33.1,33.7,33.6,32.9,33.0,33.4,33.2,32.9,33.4,33.4,33.4,33.3,33.3,33.3,33.0,33.3,33.5,33.1,33.9,33.2,33.7,33.3,34.1,33.4,33.7,33.7,33.4,33.6,33.1,33.8,33.5,33.6,33.4,33.4,33.0,33.4,33.1,33.2,33.0,33.2,33.4,33.4,33.3,33.0,33.4,33.6,33.4,33.2,32.9,33.7,33.3,33.3,33.2,33.7,34.1,33.9,33.7,33.8,33.5,33.5,33.8,33.5,33.3,33.4,32.9,33.7,33.1,33.2,33.2,33.4,33.0,33.2,33.2,32.9,33.2,32.9,32.9,33.4,33.2,33.2,33.4,33.1,33.8,33.3,33.1,33.4,34.0,33.9,33.6,33.8,33.4,33.4,33.1,33.7,33.4,33.5,33.5,33.2,33.3,33.3,33.2,33.3,33.2,33.3,33.5,33.3,33.1,33.3,33.2,33.6,33.3,33.4,32.9,33.6,33.3,33.3,33.2,33.9,34.0,33.7,33.2,33.2,33.8,33.4,33.5,33.5,33.5,33.5,33.1,33.4,33.1,33.2,33.1,33.5,33.2,33.4,33.3,33.5,33.3,33.3,33.4,33.4,33.6,33.4,32.8,33.1,33.3,33.3,33.3,33.9,33.6,33.6,33.5,33.8,33.5,33.6,33.4,33.7,33.3,33.4,33.4,33.1,33.4,33.2,33.5,33.4,33.6,33.6,34.2,33.6,33.9,33.2,33.4,33.3,33.3,33.2,33.2,33.5,33.6,33.2,33.4,33.4,34.1,33.4,33.5,33.6,33.5,33.6,33.5,33.5,33.4,33.9,33.4,33.6,33.5,33.9,33.6,34.0,33.6,34.4,33.2,35.1,33.2,33.9,33.0,33.9,33.3,33.5,33.3,33.7,33.4,33.9,33.4,34.0,33.3,33.7,33.2,33.5,33.1,33.5,33.6,33.8,34.0,33.3,34.3,33.6,34.1,33.4,33.9,33.8,34.0,33.7,34.9,33.8,34.6,33.1,34.1,33.0,33.5,33.1,33.7,33.5,33.7,33.5,33.9,33.6,33.5,33.3,33.4,33.4,33.6,33.2,33.6,33.6,33.7,34.0,33.8,35.2,33.8,34.3,33.8,34.5,34.4,34.3,33.9,34.9,33.7,34.3,32.9,33.7,33.3,33.6,33.3,33.8,33.7,34.1,33.3,33.6,33.7,33.8,33.3,33.6,33.0,33.5,33.5,34.0,34.0,34.2,34.5,33.9,34.6,33.8,34.3,34.2,34.3,34.3,34.6,34.0,34.2,33.5,33.9,33.7,33.6,33.4,33.8,33.7,33.8,33.0,33.8,33.3,33.5,33.0,33.5,33.6,33.4,33.7,33.9,33.5,34.2,34.2,34.3,34.6,34.1,34.3,34.4,34.3,34.4,34.4,34.4,34.6,33.8,33.9,33.4,33.6,33.6,33.4,33.6,33.7,34.0,33.6,33.4,33.7,33.3,33.5,33.2,33.8,33.2,33.4,33.7,34.2,33.7,34.4,34.1,34.3,34.3,34.6,33.8,34.5,34.0,34.6,34.3,34.3,34.2,33.5,33.6,33.3,33.6,33.6,33.5,33.6,33.5,33.5,33.7,33.8,33.8,33.4,33.9,33.3,33.5,33.3,34.1,33.6,34.4,33.6,34.5,33.9,34.4,33.6,34.4,33.8,35.1,33.7,34.5,34.5,33.8,34.0,33.6,33.4,33.9,33.4,33.4,33.5,33.8,33.4,33.6,34.1,33.3,33.5,33.2,33.7,33.1,33.8,33.2,33.9,33.4,34.6,33.1,34.5,33.6,34.2,33.4,34.9,33.6,34.8,34.2,34.2,33.9,33.4,33.3,33.5,33.4,33.8,33.8,33.2,33.6,33.7,33.5,33.8,33.8,33.4,33.7,33.8,33.6,32.8,34.1,33.6,34.4,33.4,34.4,33.4,34.3,33.5,34.4,33.5,34.9,33.8,34.7,34.6,33.6,33.6,33.7,33.6,33.9,33.4,33.8,33.6,33.8,33.8,33.8,33.9,33.4,33.4,33.1,33.7,33.0,33.3,33.2,34.2,33.0,33.9,33.2,34.0,33.2,34.2,33.5,34.6,33.7,34.9,34.1,34.6,33.4,33.7,33.5,33.9,33.4,33.6,33.5,34.1,33.5,33.5,34.0,34.3,33.6,33.2,33.3,33.4,33.7,33.1,34.0,33.3,34.2,33.3,33.7,33.1,34.2,33.5,34.4,33.6,34.9,33.6,34.3,34.1,33.6,33.5,33.9,33.2,33.7,33.4,34.0,33.7,34.1,34.3,33.8,34.7,33.2,33.3,33.0,33.5,33.0,33.3,33.0,33.7,32.9,33.6,33.1,34.0,33.1,nan,33.3,34.4,33.7,34.6,34.0,34.1,33.4,33.4,33.6,33.7,33.0,33.6,33.5,33.8,34.3,34.0,34.5,34.0,33.9,33.4,33.8,33.6,33.7,33.5,33.6,33.8,33.7,33.3,33.5,33.2,34.0,33.3,33.9,33.6,34.4,33.5,33.9,33.6,33.8,33.6,33.5,33.5,33.7,33.3,33.9,33.5,34.1,33.4,34.0,34.3,32.8,33.8,33.3,33.8,33.0,33.3,33.3,33.6,33.3,33.8,33.2,33.8,33.4,33.7,33.4,34.2,33.4,34.2,33.7,33.8,33.2,33.7,33.3,33.8,33.6,33.4,33.9,34.1,33.1,33.8,33.7,33.8,33.7,33.1,33.5,33.3,33.5,33.1,34.0,33.2,33.7,33.1,34.0,33.9,33.9,33.3,34.2,33.2,34.3,33.1,33.5,33.6,33.5,33.1,33.7,33.5,33.7,33.5,34.1,33.4,34.5,33.3,34.1,33.8,32.7,33.6,33.1,33.7,32.9,33.8,33.2,34.0,33.1,33.5,33.3,33.8,33.0,34.0,33.5,34.6,33.4,33.5,33.5,33.9,33.1,33.5,33.6,33.8,33.2,33.7,33.0,34.3,33.2,33.9,33.8,34.3,33.4,32.8,33.4,33.4,33.6,33.2,33.7,33.3,33.4,33.1,33.8,33.1,33.7,33.1,33.8,33.5,33.8,33.4,33.8,33.5,33.8,33.4,33.8,33.6,33.8,33.4,34.2,33.9,34.0,33.3,33.9,34.2,33.0,33.3,33.1,33.5,32.9,33.4,33.2,33.8,33.0,33.3,33.3,34.2,33.4,33.7,33.2,33.9,33.0,33.4,33.9,33.9,33.5,33.2,33.8,33.8,33.6,33.8,33.8,34.1,33.4,34.2,33.8,34.2
1785310827.9001064,878,34.5,34.1,34.1,33.8,33.5,33.4,33.6,33.9,33.6,33.8,33.5,33.5,33.4,33.2,33.4,33.4,32.9,33.1,33.4,33.5,33.8,33.5,33.5,33.5,33.9,33.1,33.5,33.8,33.9,33.5,33.5,33.8,34.6,34.2,34.7,34.4,33.5,33.6,33.1,33.6,33.7,33.4,33.4,33.8,32.8,33.2,33.1,33.2,32.8,33.2,33.5,33.2,33.1,33.3,33.2,33.8,33.4,33.4,33.4,33.7,33.8,33.4,33.7,34.0,34.4,34.6,34.4,34.0,33.9,33.7,33.6,33.9,33.5,33.2,33.4,33.9,33.2,32.5,33.0,33.4,33.0,33.1,33.0,33.0,33.2,33.1,33.7,33.2,33.6,33.1,33.2,33.5,33.8,33.3,33.1,33.4,34.8,35.1,34.3,34.5,33.6,33.2,33.5,33.5,33.3,33.3,33.7,33.7,33.1,33.5,33.1,33.5,33.0,33.2,33.5,33.3,33.1,33.5,33.0,33.4,33.3,33.0,33.1,33.8,33.0,33.3,33.0,33.9,34.7,34.4,34.0,34.1,34.0,33.3,33.7,33.4,33.3,33.3,33.1,33.6,33.3,33.5,33.3,33.3,33.5,33.2,33.3,33.7,33.5,33.7,33.5,33.6,33.4,33.4,33.4,33.5,33.5,33.3,33.3,33.6,34.3,34.8,33.7,34.0,33.5,33.6,33.6,33.7,33.3,33.1,33.6,33.3,33.2,33.2,33.4,33.6,33.6,33.4,34.7,33.8,34.3,34.0,34.0,33.5,33.3,33.4,33.2,33.6,33.4,33.2,33.4,33.8,35.0,33.8,33.8,33.8,33.2,33.2,33.3,33.7,33.4,33.4,33.3,34.0,33.4,33.4,33.7,34.4,33.9,34.3,34.5,35.7,35.4,34.7,34.2,34.0,33.6,33.7,33.7,33.7,33.8,33.9,34.3,34.0,33.8,34.0,33.6,33.9,33.3,33.7,33.6,33.6,33.1,33.3,33.8,33.8,34.3,33.8,34.4,34.3,34.3,34.3,35.2,35.4,35.6,35.4,34.4,34.4,33.7,34.1,34.1,33.9,33.9,34.1,33.9,34.5,33.9,33.8,33.6,33.9,33.6,33.4,33.7,33.6,33.5,33.6,34.0,34.8,34.9,35.4,34.9,34.9,34.6,34.6,35.0,35.4,35.7,34.9,34.4,33.7,33.7,33.7,33.7,33.8,33.7,33.4,34.1,34.0,33.7,33.6,33.7,33.8,33.5,33.5,33.5,33.5,33.3,33.4,34.0,34.8,35.2,35.6,35.0,35.0,34.5,34.8,35.1,35.3,35.1,35.3,34.1,34.2,33.6,33.6,34.0,33.9,33.6,34.0,33.8,34.1,33.5,33.4,33.7,33.5,33.4,33.7,33.4,33.8,33.7,33.7,34.0,34.1,35.0,35.1,35.0,34.3,34.4,34.1,34.9,34.6,35.2,34.7,34.0,33.6,33.7,33.2,33.6,33.7,33.4,33.8,34.2,33.9,33.9,33.7,33.6,33.6,33.2,33.6,33.5,33.5,33.5,33.4,33.8,34.2,34.0,35.1,34.4,34.5,34.0,34.2,34.6,34.8,35.0,35.0,33.9,34.0,33.6,33.8,33.9,34.0,33.5,33.9,34.2,34.2,33.4,33.6,33.7,33.9,33.7,33.3,33.4,33.6,33.4,33.2,33.5,33.6,34.1,33.6,34.3,34.1,34.1,33.8,34.4,34.6,35.3,34.2,34.1,33.8,33.9,33.4,33.8,33.7,34.0,33.8,34.0,33.9,33.5,33.7,33.6,33.7,33.3,33.4,33.3,33.6,33.4,33.5,33.8,33.8,33.1,33.4,33.9,34.4,33.6,33.8,34.2,34.5,34.7,34.7,33.5,33.9,33.4,33.8,33.5,33.9,33.6,33.9,34.2,34.4,33.6,33.8,33.7,33.8,33.4,33.6,33.6,34.0,33.0,33.6,33.4,33.6,33.6,33.3,33.5,34.0,33.7,34.0,34.1,34.8,35.1,34.0,33.9,33.6,33.9,33.2,33.6,33.6,33.8,34.0,34.2,34.3,33.4,33.6,33.3,33.5,33.2,33.5,33.7,33.7,33.3,33.5,33.7,33.5,33.4,33.4,33.4,33.9,33.7,33.9,34.6,34.9,34.0,34.4,33.5,33.7,33.5,33.8,33.9,33.9,34.4,34.4,35.2,34.9,33.9,33.8,33.8,33.8,33.4,33.3,33.4,33.6,33.7,33.4,33.6,33.6,33.4,33.3,33.6,33.7,33.6,33.7,34.1,34.3,34.4,33.6,33.7,33.9,33.6,33.5,34.0,33.9,34.3,34.3,34.6,35.1,33.2,33.5,33.6,33.5,33.3,33.3,33.5,33.9,33.1,33.3,33.5,33.7,33.3,nan,33.7,33.7,33.6,33.9,33.5,34.2,33.5,34.4,33.8,33.9,33.5,33.8,33.9,33.8,34.1,34.0,34.1,34.6,34.1,33.8,33.4,33.6,33.9,33.1,33.4,33.4,33.5,33.5,33.4,33.5,33.3,33.6,33.6,33.8,33.6,33.6,33.6,33.6,33.8,33.6,33.9,34.0,33.8,33.5,34.0,33.5,33.9,33.6,33.6,34.1,33.0,33.8,33.5,33.8,33.3,33.5,33.1,33.4,33.1,33.5,33.5,33.6,33.3,33.6,33.9,33.7,33.8,33.8,33.6,34.1,33.4,33.5,33.7,33.8,33.8,33.7,34.2,33.4,33.4,33.6,33.9,34.0,34.2,33.8,33.7,33.7,33.5,32.9,33.4,33.6,33.3,33.3,33.7,33.3,33.4,33.4,33.5,34.3,33.6,33.4,33.7,33.6,33.7,33.4,33.9,33.7,34.0,33.8,33.9,34.2,34.1,33.7,33.9,33.8,33.4,33.8,33.5,33.9,32.9,33.4,33.4,33.4,33.1,33.3,33.2,33.1,33.0,33.5,33.9,33.9,33.4,33.7,33.7,33.9,33.5,33.8,34.0,33.8,33.4,33.9,33.6,34.3,33.6,33.7,34.0,34.3,33.4,33.5,33.6,33.6,33.6,33.4,33.7,33.5,33.3,33.5,33.3,33.5,33.3,33.0,33.3,33.2,33.5,33.4,33.8,34.2,33.9,33.7,34.0,34.0,34.0,33.8,34.2,33.8,34.0,33.8,34.6,34.2,33.3,33.8,33.5,33.5,33.3,33.5,33.6,33.6,33.2,33.5,33.3,33.7,33.6,33.4,33.5,33.5,33.0,33.4,33.7,33.6,33.5,33.9,33.8,33.8,33.8,34.0,33.8,33.9,33.4,34.2,34.5,34.6
1785310830.4461389,879,34.3,33.6,34.1,33.6,33.8,33.8,33.9,33.5,33.4,33.7,33.3,33.1,33.1,32.9,33.4,33.2,33.4,33.1,33.4,33.3,33.6,33.7,33.3,33.5,33.3,33.3,33.5,32.9,33.7,33.3,34.0,33.9,34.1,34.5,33.5,34.0,33.5,33.7,33.7,33.8,33.3,33.6,33.0,33.4,33.0,33.4,33.1,33.4,33.0,33.2,33.3,33.4,33.3,33.0,32.9,33.8,33.4,33.4,33.0,33.7,33.6,33.4,33.2,34.0,34.1,33.9,34.0,33.8,33.7,33.5,33.6,33.3,33.3,33.2,33.4,33.0,33.0,33.0,33.0,33.0,32.9,32.9,33.0,33.2,33.7,32.9,33.3,33.2,33.2,33.5,33.4,33.5,33.8,33.5,33.6,33.4,34.3,34.4,33.4,34.1,32.8,33.0,33.3,33.7,33.5,33.1,33.2,33.7,32.9,32.9,33.3,33.5,33.2,32.8,33.0,33.5,33.3,33.3,33.4,33.3,33.2,33.6,33.1,33.4,33.3,33.5,33.3,33.7,34.7,34.0,34.1,33.0,33.4,33.9,33.5,33.2,33.3,33.3,33.5,33.4,32.8,33.4,33.3,33.2,33.3,33.6,33.3,33.5,33.2,33.4,33.2,33.1,33.2,33.2,33.4,33.5,33.3,33.7,33.5,33.7,34.1,34.6,33.3,33.8,33.7,33.2,33.2,33.7,33.1,33.3,33.3,33.5,33.1,33.1,33.4,33.4,33.5,33.8,34.1,33.6,33.4,33.2,33.3,33.5,33.1,33.3,33.2,33.4,33.4,33.6,33.4,33.6,34.7,33.6,33.8,33.2,33.4,33.6,33.5,33.3,32.9,33.4,33.4,33.7,33.2,33.7,33.4,34.1,33.6,35.1,34.4,34.5,33.9,33.9,33.3,33.7,33.6,33.7,33.5,33.8,33.8,33.7,33.6,33.8,33.8,33.7,33.2,33.3,33.1,33.5,33.0,33.6,33.5,33.5,33.7,33.8,33.8,33.5,34.0,33.8,34.5,34.5,35.1,35.3,34.5,34.0,33.2,33.7,33.9,33.6,33.6,33.9,33.9,34.1,33.5,34.3,34.0,33.6,33.4,33.3,33.4,33.6,33.8,33.4,33.3,34.1,34.2,34.7,34.1,34.3,34.6,34.4,34.9,35.4,35.8,35.1,34.7,34.3,33.9,33.7,33.7,33.9,34.1,33.5,34.1,34.1,34.3,34.0,33.7,33.6,33.4,33.8,33.4,33.0,33.1,33.5,34.0,33.6,34.7,34.6,34.6,34.5,34.4,34.7,34.9,34.9,35.3,35.9,34.3,34.5,33.6,34.0,33.6,33.4,33.7,34.1,33.8,33.8,33.8,34.7,33.5,33.4,33.7,33.3,33.4,33.4,33.2,33.5,34.0,34.2,34.8,35.4,35.5,34.8,34.4,34.8,34.9,34.9,35.5,34.8,34.5,34.0,33.7,33.6,33.3,33.6,33.8,33.4,34.2,34.0,34.2,33.9,33.5,33.3,33.6,33.6,33.0,33.2,33.3,33.4,34.2,33.9,34.9,35.5,34.8,35.1,34.1,34.7,34.5,34.6,34.8,35.5,34.2,33.9,33.3,33.8,33.6,33.8,33.4,33.8,33.9,34.0,33.9,34.0,33.8,33.4,33.9,33.3,33.6,33.5,33.6,33.4,34.0,33.4,34.5,34.2,35.2,34.1,34.6,34.3,34.5,34.5,35.0,34.5,34.3,33.8,33.9,33.6,33.5,33.6,34.0,33.9,33.8,34.0,34.0,33.8,33.5,33.7,33.3,33.5,33.3,33.1,33.4,33.7,33.6,33.8,34.0,34.5,33.9,34.6,33.9,34.4,34.2,34.4,35.0,35.2,33.4,33.9,33.2,33.7,33.4,33.7,33.1,33.9,33.8,33.7,33.3,34.4,33.4,33.6,33.7,33.4,33.4,33.2,33.8,33.6,33.2,33.7,33.8,33.8,34.0,34.0,34.0,33.8,33.9,34.6,34.8,34.3,33.6,33.5,33.8,33.4,33.9,33.4,33.8,33.8,33.8,34.0,34.2,34.0,33.6,33.6,33.3,33.7,33.2,33.3,33.4,33.7,33.2,33.5,33.4,33.9,33.6,33.6,33.9,34.1,34.1,34.1,34.6,35.6,33.2,33.8,33.2,33.7,33.8,33.3,33.9,34.1,34.0,34.1,33.9,34.5,33.9,33.8,34.0,33.8,33.7,33.3,33.4,33.6,33.3,33.2,33.4,33.6,33.6,33.6,33.9,33.8,33.8,34.5,34.9,34.0,33.8,33.5,33.6,33.6,33.7,33.6,33.8,34.6,34.7,34.7,35.0,34.4,33.4,33.3,33.3,33.7,33.4,33.5,33.5,33.7,33.1,33.3,33.3,33.7,33.6,nan,33.5,33.9,34.1,34.1,33.9,34.9,33.4,33.7,33.7,33.9,33.7,33.6,33.9,34.2,34.3,34.4,35.1,35.4,33.7,33.4,33.6,33.4,33.7,33.3,33.6,33.4,33.5,33.7,33.5,33.7,33.6,33.6,33.8,33.6,33.6,33.5,34.1,33.8,33.6,34.0,33.7,33.5,33.5,33.5,33.8,33.7,33.5,34.0,34.5,34.1,33.0,33.8,33.1,33.8,33.2,33.7,33.1,33.8,33.5,33.5,33.4,34.0,33.3,33.3,33.6,34.2,33.6,33.8,33.4,34.1,33.7,33.9,33.8,34.2,33.5,33.4,33.3,33.7,33.3,33.6,33.9,34.2,34.0,33.6,33.8,33.3,33.3,33.3,33.6,33.4,33.5,33.5,33.9,33.5,33.7,33.6,33.7,33.8,33.6,33.8,33.9,33.8,33.7,34.0,33.7,33.5,33.9,33.5,34.1,33.8,33.9,33.9,33.9,34.0,33.2,33.4,33.1,33.7,33.3,33.5,33.2,34.0,33.4,33.7,33.2,34.0,33.2,33.9,33.7,34.4,33.6,33.7,33.3,34.1,33.3,33.3,33.8,33.8,33.2,33.7,33.6,34.5,34.0,33.6,33.6,34.3,33.9,33.7,33.6,33.4,33.4,33.6,33.9,33.3,33.3,33.3,33.7,33.3,33.5,33.3,33.9,33.2,33.3,33.6,34.0,33.7,33.9,33.9,34.2,33.6,33.8,33.6,34.0,33.8,33.8,33.6,34.1,34.0,33.3,33.6,33.1,34.2,33.3,33.3,33.4,33.8,33.2,33.1,33.0,33.5,33.4,33.4,33.4,33.7,33.4,33.6,33.5,34.3,33.5,33.7,34.0,34.0,33.8,34.0,33.9,34.2,33.6,34.0,34.1,34.6
1785310833.0025,880,33.7,34.4,33.3,34.5,33.3,34.0,33.2,33.8,33.4,33.5,32.9,33.7,33.4,33.6,33.0,33.8,32.7,33.1,33.2,33.5,33.4,33.5,33.1,33.5,33.3,33.3,33.1,33.6,33.4,33.5,33.7,33.3,34.6,33.5,34.2,33.2,33.2,33.0,33.7,33.4,33.3,33.0,33.4,33.0,33.4,33.0,33.5,33.4,33.2,33.0,33.5,33.6,33.5,33.0,33.2,33.3,33.4,33.2,33.4,33.5,33.3,33.1,33.5,33.8,33.4,34.1,33.3,34.0,33.7,33.9,33.2,33.9,33.3,33.4,33.1,34.2,33.2,33.9,33.0,33.7,33.4,33.9,33.0,34.3,33.4,34.5,33.1,34.1,33.2,33.3,32.8,33.3,33.1,33.5,33.1,33.9,33.8,33.5,34.1,33.4,33.4,33.0,33.5,33.3,33.6,33.1,34.1,33.4,34.0,33.1,34.3,33.8,34.2,33.9,34.7,33.5,34.9,33.0,34.5,33.1,33.9,33.2,33.3,33.4,33.5,33.3,33.5,33.5,33.3,34.0,33.0,33.7,33.2,33.9,33.3,33.8,33.7,33.9,33.9,34.3,33.8,35.0,34.8,35.0,35.0,34.9,34.1,35.1,33.7,35.2,33.2,35.0,33.2,33.8,32.8,33.9,33.5,33.7,33.3,34.1,33.9,33.0,33.9,33.6,33.7,33.4,33.8,33.9,33.3,34.2,34.2,34.5,34.6,34.4,35.2,34.9,34.8,35.1,34.9,34.4,35.3,33.4,35.0,33.3,34.0,33.6,33.6,33.6,33.4,33.4,33.8,33.4,33.4,33.8,32.9,33.6,33.4,33.6,34.0,33.5,34.6,33.8,35.0,34.2,34.7,34.5,34.6,35.2,35.4,34.4,34.5,34.9,33.8,34.7,33.3,34.6,33.8,33.7,33.9,33.7,33.5,33.7,33.6,34.4,34.0,33.1,33.6,33.5,33.3,33.5,33.6,34.0,33.7,34.9,33.7,34.8,34.1,34.1,34.6,34.8,34.3,35.1,34.5,34.3,34.7,33.6,34.7,33.6,34.3,33.6,33.9,33.7,33.7,33.7,34.2,33.6,33.1,33.6,33.4,33.7,33.4,33.4,33.8,33.6,34.4,33.1,34.5,33.5,33.9,33.8,34.3,34.2,34.7,34.1,34.1,34.4,33.6,34.1,33.2,34.2,33.3,33.6,33.7,33.8,33.9,34.0,34.1,34.0,33.7,33.4,33.3,33.6,33.6,33.2,33.7,33.8,33.5,33.9,33.4,34.3,33.4,34.0,33.8,34.7,34.3,34.5,34.5,33.9,34.2,33.4,34.3,33.7,33.8,33.6,33.9,33.9,33.6,33.6,33.8,34.1,33.3,33.6,33.1,33.7,33.5,33.4,33.2,33.8,33.4,33.2,33.7,33.6,33.8,33.3,33.8,34.0,35.1,33.7,33.6,34.5,33.2,34.1,33.4,33.8,33.3,33.4,33.6,33.9,34.0,33.6,33.6,33.7,33.7,33.1,33.4,33.4,33.2,33.1,33.3,33.5,33.4,33.1,33.3,33.9,33.3,33.7,33.5,34.2,33.7,34.3,34.3,33.6,34.2,33.4,33.8,33.5,33.4,33.5,33.7,33.8,33.9,33.5,34.3,33.6,33.2,33.2,33.6,33.7,33.4,33.3,32.7,33.6,33.1,33.4,33.2,33.7,33.8,33.2,33.8,33.7,34.6,34.0,33.1,34.3,33.3,34.0,33.4,33.6,33.6,33.1,34.0,33.9,33.8,33.8,33.4,34.2,33.9,32.7,33.5,33.3,33.3,33.1,33.5,33.1,33.3,33.3,33.6,33.5,33.1,33.5,33.9,34.7,33.6,33.9,34.2,33.6,33.9,33.1,33.7,33.5,33.6,33.8,33.9,33.4,33.8,33.5,34.1,33.6,33.0,33.6,33.4,33.4,33.4,33.4,33.2,33.4,33.4,33.2,33.4,33.8,33.6,33.3,34.3,33.7,33.5,33.7,33.3,33.7,33.4,33.7,33.6,33.6,34.6,33.6,34.5,34.2,34.0,34.2,33.8,34.6,33.4,33.4,33.5,33.4,33.2,33.1,33.2,33.4,33.2,33.3,33.4,33.2,33.3,33.4,33.5,34.1,33.4,33.6,33.5,33.5,33.4,33.5,33.7,33.9,33.8,34.7,33.7,35.4,34.2,34.1,35.1,33.9,33.0,33.4,33.4,33.8,33.0,33.2,33.3,33.5,33.3,33.2,33.4,33.4,33.8,33.5,33.1,33.5,33.3,33.5,33.6,33.8,33.8,33.2,33.4,33.7,33.6,33.7,34.0,33.9,34.3,33.6,33.8,34.4,33.4,33.5,33.3,32.9,33.4,32.8,33.2,33.2,32.6,33.0,33.3,33.5,33.1,nan,33.4,33.2,33.7,33.3,33.5,33.6,33.6,33.6,34.0,33.5,33.7,33.4,33.7,33.8,33.9,33.8,33.9,34.2,33.5,33.8,33.0,33.8,33.0,33.3,33.0,33.6,33.3,33.0,33.2,33.2,33.3,33.3,33.5,33.6,33.3,33.5,33.4,33.6,33.6,33.7,33.2,34.1,33.5,33.5,34.0,33.9,33.5,33.8,33.6,34.3,33.2,33.2,33.3,33.2,33.2,32.9,32.9,33.0,33.3,33.1,33.4,33.3,33.0,33.4,33.4,33.7,33.4,33.6,33.7,33.6,33.7,33.4,33.8,33.5,33.5,33.2,33.9,33.8,33.6,33.6,33.9,33.6,33.1,33.4,33.3,33.9,33.3,33.3,33.2,33.4,33.0,33.1,32.8,33.9,33.2,33.3,33.2,33.1,33.5,33.4,33.2,33.4,33.0,33.4,33.5,33.9,33.5,33.7,33.7,34.0,33.7,33.3,33.7,34.0,33.4,33.1,33.5,33.5,33.3,33.1,33.2,33.4,33.3,33.1,33.4,33.1,33.2,33.0,33.5,33.8,33.4,33.1,33.5,33.4,33.2,33.5,33.8,33.5,33.4,33.4,33.6,33.9,33.6,33.6,34.0,33.7,33.6,33.7,33.2,34.3,33.4,33.6,33.1,33.3,33.1,33.7,32.8,33.7,33.3,33.3,33.1,33.4,33.2,33.0,33.5,33.4,33.7,33.4,33.4,33.6,34.0,33.8,34.0,34.2,33.6,33.6,34.4,34.2,33.5,33.6,33.7,33.3,33.5,33.7,33.6,33.8,33.3,33.3,33.7,33.4,33.4,33.0,33.4,33.2,33.0,32.9,33.3,33.4,33.5,33.5,33.4,33.7,33.3,33.8,33.9,34.0,33.8,33.8,34.5,34.2
1785310838.0889077,882,34.0,33.6,33.6,34.0,33.1,33.6,33.0,33.5,32.8,33.7,32.9,33.3,33.2,33.4,33.2,33.0,32.7,33.3,32.8,33.6,33.1,33.5,33.1,33.5,32.9,33.3,33.3,33.8,33.2,33.7,33.7,33.6,34.3,33.2,33.5,33.5,33.5,33.0,32.9,32.8,33.5,33.2,33.4,33.4,33.4,33.0,33.1,33.4,33.2,33.0,33.3,33.2,33.1,33.2,33.2,33.7,33.0,33.0,33.2,33.5,33.6,33.1,33.2,33.8,32.9,34.1,33.5,34.0,33.1,33.9,33.4,33.5,32.9,33.0,32.9,33.5,32.8,33.4,32.8,33.0,32.7,33.2,33.2,33.2,33.1,33.3,33.3,33.4,33.0,33.3,33.2,33.5,33.1,33.0,33.6,33.6,34.0,33.2,33.8,33.6,33.2,32.8,33.5,33.3,33.6,33.0,33.2,33.2,32.9,33.1,33.1,33.3,33.4,32.8,33.1,33.0,33.2,32.8,33.2,33.4,33.3,33.0,33.1,33.4,33.3,32.9,33.5,33.9,33.1,33.3,33.4,33.7,33.6,33.5,33.3,33.6,33.1,33.7,33.5,33.8,33.5,33.7,33.4,33.3,33.2,33.2,33.1,33.4,33.0,33.0,33.0,33.3,33.2,33.4,33.4,33.5,32.9,33.5,33.1,33.4,33.9,33.4,33.3,33.6,33.9,33.0,33.4,33.5,33.5,33.6,34.0,34.5,34.4,34.4,33.5,33.5,33.4,32.9,33.2,33.6,33.4,33.2,33.6,33.7,33.5,32.9,33.2,33.6,33.4,33.0,33.4,32.9,33.9,33.4,33.4,33.6,33.9,34.2,34.0,33.7,34.3,34.6,34.8,35.2,35.8,35.3,34.6,34.4,33.6,33.6,33.7,33.6,33.9,33.8,33.7,33.9,33.5,33.8,33.9,33.6,33.5,33.5,33.9,33.8,33.3,32.9,33.8,33.5,34.2,33.9,34.5,34.9,34.4,34.4,34.7,34.9,35.4,35.4,35.2,34.8,33.7,33.4,33.6,34.0,33.8,33.6,33.9,33.6,34.2,33.6,34.1,34.1,34.1,33.2,33.3,33.9,33.1,33.3,33.4,34.3,34.5,35.4,35.5,35.4,34.5,34.3,34.8,35.3,35.2,35.4,34.9,34.7,33.3,33.8,33.6,33.9,33.6,33.9,33.6,33.7,33.7,33.7,33.7,34.0,33.5,34.0,33.9,34.2,33.9,33.2,34.2,34.6,35.2,34.6,35.4,35.4,34.8,34.2,34.5,35.3,35.4,35.3,34.4,34.7,33.7,33.4,33.5,33.7,33.9,33.4,33.9,33.7,33.9,33.6,33.8,33.6,33.8,33.4,33.6,33.9,33.1,33.8,34.1,34.6,34.0,35.1,35.1,35.2,34.1,34.5,34.5,34.9,34.7,35.4,34.2,34.1,33.2,33.7,33.6,34.0,33.4,33.5,33.6,33.8,33.7,33.9,33.2,33.7,33.6,33.6,33.6,33.7,33.9,33.1,34.0,34.0,34.7,34.1,34.7,34.6,34.3,33.9,34.8,34.5,35.0,34.8,34.3,34.2,33.4,33.2,33.3,33.4,33.6,33.4,33.8,34.0,33.8,33.3,33.5,33.4,33.7,33.3,33.3,34.0,33.6,34.0,33.6,33.9,33.9,33.9,33.6,34.5,34.1,34.4,34.0,34.4,34.4,34.8,34.0,33.8,33.2,33.5,33.4,33.5,33.3,33.5,33.6,33.9,33.7,33.6,33.6,33.7,33.6,33.8,33.4,33.8,33.9,33.1,33.8,33.5,33.6,33.4,33.5,34.1,34.1,33.5,34.0,34.2,34.9,34.7,33.6,33.8,33.2,33.3,33.4,33.6,33.6,33.2,33.7,34.0,33.9,33.7,33.7,33.8,33.7,33.1,33.7,33.6,33.4,33.6,33.6,33.8,33.3,33.7,33.4,33.6,33.4,33.9,33.9,34.6,34.9,34.8,33.2,33.5,33.2,33.3,33.4,33.8,33.3,33.7,34.3,33.9,34.6,34.6,34.7,34.2,33.6,33.7,33.8,34.0,33.6,33.2,33.3,33.6,33.2,33.3,33.6,33.6,33.7,33.6,33.7,34.2,35.0,34.2,33.4,33.6,33.4,33.3,33.5,33.6,33.9,33.6,34.7,35.1,35.0,34.7,34.2,34.0,33.7,33.5,34.1,33.9,33.2,34.0,33.4,33.6,33.6,33.7,33.6,33.8,33.3,33.5,33.4,33.9,33.6,33.8,33.8,33.7,33.2,33.5,33.5,33.5,33.3,33.8,33.6,33.9,34.1,34.4,34.0,33.9,34.0,33.8,33.6,33.7,33.9,33.1,33.5,33.5,33.7,33.1,33.4,33.4,33.5,33.5,33.5,33.7,33.9,nan,33.4,33.6,33.7,33.1,33.5,33.6,33.4,33.2,33.8,34.0,33.8,33.3,33.9,34.2,33.9,33.8,33.9,34.0,33.3,33.6,33.8,33.8,33.4,33.7,33.6,34.0,33.0,33.9,33.7,33.7,33.2,33.8,33.6,33.6,33.6,33.6,33.8,33.5,33.6,33.5,33.7,33.5,33.3,33.5,33.6,33.7,33.5,34.2,33.6,34.3,33.4,33.2,33.5,33.8,33.2,33.3,33.3,34.0,33.7,33.3,33.7,33.8,33.6,33.4,33.7,33.7,33.8,33.1,33.7,33.6,33.7,33.2,33.7,33.7,34.0,33.6,33.9,33.8,33.6,33.3,34.3,33.8,33.3,33.6,33.3,33.5,33.1,33.6,33.6,33.8,33.5,33.7,33.9,33.9,33.4,33.6,33.7,33.8,33.3,33.8,33.5,33.9,33.0,33.3,33.7,33.9,33.7,33.7,33.7,34.0,33.7,33.9,34.1,34.2,33.2,33.1,33.1,33.7,33.3,33.3,33.6,33.4,33.6,33.3,33.5,33.6,33.5,33.4,33.9,33.9,33.5,33.4,33.7,33.8,33.3,33.3,33.6,33.8,33.4,33.6,33.6,33.9,33.8,33.4,33.6,34.1,33.4,33.7,33.4,33.4,33.0,33.4,33.1,33.5,33.1,33.3,33.1,33.7,33.2,33.7,33.3,34.1,33.5,33.5,33.7,34.2,33.2,33.7,33.6,33.8,33.4,33.6,33.8,34.2,33.6,33.8,34.2,34.0,33.8,33.1,33.5,33.8,33.3,33.3,33.2,33.4,33.3,33.1,33.4,33.7,33.6,33.2,33.7,33.2,33.6,33.6,33.5,34.0,33.7,33.5,33.8,33.9,33.8,33.6,33.6,33.6,33.6,33.6,33.8,34.4
1785310840.6439471,883,34.8,34.1,34.1,34.6,34.7,34.5,34.1,34.4,34.0,33.7,33.9,33.7,34.2,33.5,33.6,34.2,33.3,33.1,33.2,33.5,33.4,33.3,33.1,33.5,33.7,33.5,33.8,33.4,33.9,33.5,33.5,34.1,33.8,34.3,34.4,34.7,34.1,34.3,34.0,33.8,33.9,33.6,33.6,33.8,33.7,33.7,33.5,33.4,33.2,33.0,33.3,33.4,33.0,33.9,33.2,33.9,33.6,33.2,33.4,33.9,33.3,33.8,33.7,33.8,34.6,34.1,34.4,34.3,34.8,34.2,33.8,34.1,33.7,33.4,33.6,33.9,33.7,33.6,33.2,33.6,33.2,33.4,33.2,33.3,33.8,33.3,33.5,33.4,34.0,33.3,33.7,33.8,33.8,33.7,33.6,34.1,33.8,34.7,34.1,34.8,34.0,34.1,33.8,33.7,33.5,33.7,33.5,33.6,33.3,33.6,33.4,33.3,33.4,33.2,33.3,33.2,33.3,33.2,33.6,33.3,33.4,33.4,33.1,33.6,33.5,34.0,33.5,34.2,34.5,34.2,34.1,34.4,34.4,34.1,33.5,33.6,33.7,33.4,33.2,33.5,33.6,33.7,33.4,33.4,33.4,33.4,33.3,33.4,33.3,33.4,33.0,33.5,33.4,33.4,33.0,33.7,33.5,33.8,33.3,33.7,34.4,34.8,33.9,34.5,33.8,34.2,33.6,33.7,33.3,33.6,33.5,33.7,33.4,33.4,33.2,33.5,33.5,33.3,33.4,33.1,33.4,33.4,33.5,33.4,33.1,33.6,33.5,33.6,33.5,33.8,33.4,33.6,34.8,34.1,34.0,34.2,33.8,33.6,33.7,33.3,33.6,33.4,33.1,33.7,33.6,33.9,33.3,34.2,33.5,33.8,33.6,34.0,33.6,33.8,33.3,34.2,33.5,33.9,33.5,33.6,33.7,33.3,33.4,33.4,34.0,34.6,33.9,34.2,33.3,34.1,33.4,33.6,33.3,33.9,33.4,33.4,33.5,33.8,33.8,33.5,33.9,33.5,34.0,33.4,34.0,33.8,34.4,33.9,34.3,33.6,33.8,33.5,33.2,33.7,33.1,33.9,34.4,33.8,33.6,34.1,34.0,33.6,33.6,33.8,33.7,33.5,33.9,33.4,34.0,33.8,34.0,34.9,34.0,34.6,33.8,34.4,34.6,34.9,34.7,35.6,34.2,34.8,33.7,34.2,33.7,33.8,33.9,34.0,34.1,34.5,33.6,34.0,33.8,33.7,33.1,33.7,33.7,33.9,33.4,33.8,33.8,34.2,34.9,34.3,34.9,34.0,34.8,34.5,35.3,35.3,35.6,35.5,35.4,34.5,34.2,33.9,34.0,33.8,33.8,33.9,34.6,33.8,33.7,33.5,33.8,33.5,33.7,33.8,33.9,33.6,33.5,34.0,34.4,34.0,35.1,35.4,35.1,35.4,35.1,35.1,35.3,35.2,35.5,35.6,35.0,35.5,34.0,34.3,34.0,34.0,34.4,34.3,33.7,34.1,33.6,33.8,33.4,33.6,33.5,33.6,33.5,33.4,33.5,34.0,34.2,34.7,34.8,35.5,35.3,34.8,34.5,35.5,35.2,35.5,35.4,35.5,34.8,34.5,34.2,34.2,34.4,34.2,34.1,34.0,34.3,33.8,34.0,33.7,34.1,33.5,33.3,33.8,33.7,33.4,33.6,33.4,34.4,33.5,35.6,34.5,35.1,34.6,35.2,35.1,35.6,35.1,35.4,34.9,34.9,34.5,33.6,34.1,34.3,34.0,34.0,34.2,33.5,33.9,33.7,33.7,33.3,33.8,33.4,33.6,33.5,33.7,33.5,34.2,33.8,34.9,33.6,35.5,34.2,35.2,34.4,35.2,35.2,35.3,34.8,35.2,34.6,34.5,33.9,34.1,33.9,33.9,33.9,34.2,34.1,33.6,33.8,33.8,34.0,33.4,33.4,33.6,33.7,33.8,33.6,33.8,34.0,33.5,34.3,33.8,34.8,34.2,34.8,34.5,34.9,35.0,34.6,34.6,34.4,34.3,34.0,34.0,34.0,34.0,34.0,34.6,33.6,34.0,33.5,33.6,33.1,33.7,33.6,33.8,33.5,33.6,33.5,33.7,33.6,33.6,33.2,34.3,33.6,34.3,34.1,34.9,34.9,34.9,34.4,34.2,33.8,34.2,33.9,34.1,33.5,34.4,33.7,34.5,33.9,33.4,33.6,34.0,33.9,33.2,33.6,33.6,33.7,33.5,33.4,33.6,33.9,33.5,33.6,33.5,34.1,34.0,34.1,34.3,35.1,35.0,34.1,33.9,34.3,33.6,34.0,33.9,34.2,34.2,34.0,34.4,33.7,33.9,33.7,33.7,33.4,33.7,33.2,33.7,33.7,33.7,33.5,33.7,33.6,nan,33.5,33.9,33.6,34.3,33.7,34.4,34.7,35.0,34.2,34.0,33.9,33.8,33.9,34.0,33.7,33.7,34.1,34.7,34.4,34.0,33.4,33.8,33.9,33.3,33.6,33.6,33.5,33.4,33.6,33.6,33.7,33.5,34.0,33.5,33.8,33.8,33.9,33.8,34.8,34.2,34.1,34.2,34.0,33.7,34.0,34.1,34.1,34.0,34.7,35.2,33.7,34.3,33.5,34.0,33.4,33.5,33.5,33.6,33.2,34.0,33.2,34.2,33.6,33.9,33.9,34.0,33.9,34.1,34.1,34.3,33.9,34.7,34.0,34.0,34.0,33.9,33.9,33.9,33.8,34.2,34.8,35.2,34.4,33.8,33.6,33.7,33.3,33.1,33.6,33.8,33.7,33.5,33.9,33.9,33.6,33.8,33.5,33.6,34.1,33.8,34.0,34.1,34.1,34.1,33.9,34.1,34.2,34.0,34.3,34.4,34.3,34.1,34.1,34.5,33.2,34.2,33.8,34.2,33.3,33.5,33.4,33.4,33.5,33.7,33.4,33.8,33.4,34.2,33.7,33.8,33.4,34.2,33.7,34.1,33.7,33.9,34.2,34.0,34.0,34.5,34.0,34.3,33.6,34.0,34.2,34.8,33.9,33.9,33.7,33.9,33.6,33.6,33.5,33.7,33.8,33.7,33.5,33.5,34.0,33.4,33.7,33.9,34.0,34.1,34.0,33.9,33.9,33.9,33.8,33.8,34.6,33.6,34.2,34.2,34.2,34.0,34.4,34.7,34.0,34.5,33.8,33.8,33.5,33.7,33.4,33.6,33.4,33.7,33.6,33.7,33.2,33.9,33.6,33.9,33.6,34.1,33.9,34.3,33.9,34.1,33.5,34.0,33.7,34.2,34.3,34.0,34.0,34.5,34.3,34.9
1785310843.1874635,884,34.4,34.2,33.7,33.9,33.7,34.2,34.0,34.1,33.7,34.0,33.8,34.6,35.0,34.8,35.2,36.0,35.2,35.0,35.5,35.6,35.6,35.5,34.6,35.4,34.4,34.2,34.5,33.9,34.5,34.1,34.1,34.5,34.5,34.1,34.3,34.1,33.8,33.5,33.6,33.5,34.0,33.5,33.9,33.7,34.2,35.3,35.2,34.6,34.6,34.9,35.6,35.0,35.4,35.1,35.4,34.5,34.5,34.1,34.4,34.5,34.6,34.6,34.3,34.4,34.3,34.2,33.6,34.1,33.8,33.6,33.5,33.8,33.6,33.5,33.6,33.8,34.2,33.7,34.2,34.7,34.5,34.4,34.7,35.1,34.9,35.0,34.1,34.6,33.9,34.1,33.6,34.5,34.1,34.2,34.4,34.7,33.7,34.0,33.7,33.8,33.5,33.6,33.7,33.8,34.0,33.3,33.6,33.7,33.9,33.6,34.1,34.3,34.2,34.6,35.0,34.5,34.6,34.5,34.6,33.5,34.2,33.9,34.0,33.9,34.0,33.9,34.5,34.5,33.9,34.1,33.3,33.6,33.7,33.8,33.6,33.7,33.4,33.5,33.3,33.9,33.9,33.8,34.1,33.8,34.3,34.3,34.9,35.3,33.9,34.3,33.7,33.9,33.9,34.1,33.7,34.0,34.2,34.1,34.1,34.9,33.8,33.5,33.6,33.3,33.7,33.5,33.5,33.4,33.6,33.9,33.6,33.4,33.5,33.7,34.2,34.2,33.7,34.7,34.8,34.5,34.2,33.8,34.1,33.8,33.8,33.6,33.9,33.9,34.0,34.2,34.6,34.1,34.0,34.2,33.3,33.5,33.5,33.3,33.4,33.8,33.9,33.7,33.2,33.3,33.8,33.5,33.5,33.9,34.1,34.1,34.5,35.2,33.7,33.5,33.4,33.6,33.7,33.8,33.8,33.5,34.3,34.0,34.2,34.1,33.7,33.6,33.5,33.5,33.4,33.2,33.5,33.2,33.4,33.4,33.5,33.5,33.4,33.7,33.9,34.0,33.8,33.8,34.6,33.8,34.1,33.4,33.3,33.5,33.7,33.5,34.0,33.8,34.0,34.2,34.5,34.0,33.6,33.7,33.1,33.6,33.4,33.4,33.0,33.2,33.3,33.4,33.5,33.6,33.3,33.3,33.7,33.9,33.9,33.6,33.4,33.9,33.9,33.9,33.5,33.5,33.6,33.5,34.0,33.9,34.8,34.3,34.8,34.1,33.6,34.0,33.3,33.3,33.1,32.7,33.2,33.2,33.1,33.2,33.8,33.6,33.2,33.3,33.8,33.5,33.8,33.6,33.4,33.8,33.7,33.4,33.7,34.0,33.6,34.1,34.0,34.1,34.4,34.8,34.7,34.9,33.4,33.5,33.2,33.2,33.2,33.6,33.0,33.8,33.2,33.3,32.6,33.1,33.4,33.5,33.1,33.3,33.9,33.5,33.4,33.6,33.9,33.7,33.8,33.7,33.4,33.9,33.7,34.2,34.1,34.3,34.1,34.8,33.6,33.2,33.3,33.1,33.2,33.3,33.3,32.8,33.5,32.9,33.2,33.3,33.4,33.3,33.4,33.4,33.5,33.7,33.5,33.7,33.8,33.8,34.0,33.6,33.7,33.6,33.8,33.6,34.1,33.8,34.0,34.3,33.3,33.9,33.1,33.5,33.7,33.5,33.0,33.2,33.5,33.2,33.0,33.5,33.1,33.0,33.3,33.3,33.5,33.6,33.6,33.8,33.6,33.8,33.6,33.9,33.7,33.6,33.7,34.0,33.9,33.9,33.7,33.9,33.6,33.2,33.4,33.2,33.0,33.4,33.1,33.2,33.2,33.3,33.2,33.3,32.9,33.1,32.7,33.2,33.1,33.6,33.4,33.5,33.8,33.7,33.6,33.8,33.9,33.6,33.6,33.5,33.6,33.6,33.6,33.9,33.3,33.5,33.9,33.7,33.2,33.3,33.0,33.7,33.7,33.5,33.2,33.2,33.1,33.5,33.0,33.3,33.2,33.5,33.4,33.5,33.4,33.6,33.5,33.7,33.5,33.7,33.6,33.8,33.5,33.8,33.9,33.9,33.3,33.5,33.4,33.3,33.0,33.0,33.7,33.5,33.1,33.1,33.3,33.5,33.2,32.9,33.7,33.1,33.1,33.4,33.1,33.6,33.7,33.6,33.6,33.5,33.9,33.6,34.0,33.7,33.8,33.8,34.2,34.4,33.6,33.9,33.5,34.1,33.5,33.5,33.4,33.6,33.6,33.5,33.0,33.5,33.4,33.3,33.1,33.3,33.3,33.1,32.8,33.3,33.6,33.3,33.4,33.5,33.9,33.8,33.7,34.2,33.9,33.9,34.1,34.3,33.8,33.4,33.4,33.4,33.3,33.4,33.7,33.7,33.6,33.3,33.4,33.5,33.4,nan,33.2,33.2,33.4,33.1,33.3,33.2,33.5,33.2,33.8,33.6,33.8,33.4,34.0,33.9,33.7,33.6,34.2,33.8,34.0,33.5,33.7,33.7,33.5,33.8,33.3,33.7,33.3,33.5,33.1,33.5,33.4,33.2,33.3,33.6,33.3,33.3,33.0,33.4,33.2,33.3,33.3,33.3,33.3,33.6,33.3,34.0,34.0,33.9,34.2,34.3,33.8,33.9,33.6,33.7,33.7,33.6,33.2,33.5,33.3,33.3,33.3,33.4,33.2,33.2,33.5,33.5,33.4,33.4,33.4,33.6,33.2,33.3,33.6,33.4,33.0,33.1,33.8,33.7,33.9,33.8,33.6,34.1,34.1,33.7,33.4,34.0,33.6,33.4,33.4,33.7,33.8,33.3,33.3,33.8,33.7,33.6,33.0,33.5,33.6,33.4,33.3,33.5,33.3,33.4,33.6,33.4,33.6,33.4,33.3,33.9,34.0,33.8,34.3,33.9,33.5,33.7,34.1,33.4,33.4,33.4,33.7,33.7,33.6,33.3,33.5,33.5,33.3,33.7,33.5,33.9,33.5,33.0,33.4,33.5,33.5,33.5,33.6,33.4,33.2,33.5,33.4,33.6,33.5,33.7,34.4,34.2,33.5,33.8,33.3,34.2,33.9,34.1,33.6,33.8,33.6,33.8,33.6,33.5,33.4,34.0,33.4,33.7,33.4,33.7,33.6,34.0,33.8,33.5,33.7,33.7,33.5,33.4,34.0,33.7,33.7,33.9,33.8,34.3,34.3,33.9,33.9,33.9,33.6,33.6,34.1,33.9,33.3,33.8,33.8,33.5,33.9,33.7,33.1,33.5,33.2,33.7,33.6,33.7,33.4,33.5,33.7,33.6,33.6,33.7,33.8,33.9,33.5,33.7,34.2,34.3
1785310845.8887987,885,34.5,34.1,34.1,34.1,34.2,34.0,34.1,34.2,34.0,33.5,33.7,34.1,34.0,33.6,34.0,34.4,34.4,34.0,35.4,35.5,34.9,34.6,34.8,34.1,34.3,33.9,34.8,34.5,34.8,34.6,34.7,34.6,34.1,33.7,34.0,33.7,33.7,33.9,34.0,33.8,33.9,34.0,33.8,33.6,33.7,33.9,33.5,34.5,33.9,33.9,35.1,35.4,34.4,34.6,34.2,34.0,34.0,33.6,34.2,34.4,34.0,34.5,34.2,35.2,34.4,34.1,34.0,34.0,33.9,33.3,34.0,34.1,33.7,33.4,33.3,33.9,33.5,33.5,33.5,33.7,33.7,34.1,34.8,35.2,34.4,34.2,33.9,33.9,34.0,33.8,34.1,34.2,33.8,34.3,34.8,34.8,34.3,34.2,33.8,33.9,33.4,33.7,33.7,33.9,33.5,33.7,33.7,33.7,33.6,33.5,33.4,33.8,33.9,33.7,35.0,35.6,34.0,34.0,33.6,34.0,33.7,33.8,33.7,33.8,33.9,34.0,34.4,35.1,33.8,33.3,33.6,33.5,33.2,33.3,33.3,33.6,33.5,33.7,33.2,33.4,33.5,33.7,33.8,33.5,33.9,33.7,34.5,34.6,34.0,33.5,33.7,33.6,34.0,33.8,34.0,33.7,34.1,34.4,34.4,34.1,34.1,33.9,33.5,33.2,33.0,33.4,32.8,33.7,33.7,33.8,33.5,33.3,33.6,33.4,33.9,33.8,33.8,33.8,34.1,34.3,33.9,33.7,33.6,33.7,34.0,33.8,34.0,34.1,34.0,34.0,34.3,34.2,34.1,33.6,33.8,33.4,33.4,33.2,33.3,33.3,33.2,32.7,33.3,33.7,33.7,33.2,33.7,33.6,33.6,33.7,33.6,33.8,34.1,33.6,33.8,33.7,33.6,33.5,34.1,33.9,34.6,34.3,34.3,35.1,33.3,33.7,33.4,33.3,33.3,33.5,33.4,33.5,33.3,33.3,33.0,33.6,33.7,33.6,33.5,34.0,33.7,33.5,33.5,33.7,34.0,33.5,33.7,33.8,33.9,33.6,34.1,34.2,34.7,35.1,35.0,35.5,33.5,33.6,33.6,33.5,33.1,32.9,33.4,33.4,33.4,33.1,33.2,33.2,33.5,33.3,33.5,33.3,33.8,33.5,33.6,33.8,33.8,33.3,33.8,33.4,33.8,33.4,33.7,33.8,33.9,34.3,34.7,34.2,33.5,33.6,33.2,33.6,33.2,33.4,33.3,33.5,33.1,33.2,33.1,33.1,32.9,32.9,32.9,33.4,33.8,33.5,33.5,33.9,33.5,33.9,33.6,34.0,33.9,33.8,33.9,33.8,33.6,33.8,34.0,34.1,34.0,33.6,33.7,33.5,33.3,33.7,33.0,33.3,33.6,33.4,33.2,33.3,33.3,32.9,33.1,33.0,33.5,33.4,33.6,33.7,33.8,33.5,33.6,33.6,33.7,33.8,33.6,33.9,34.0,33.3,33.8,34.1,33.9,33.7,33.4,33.6,33.0,33.2,33.2,33.4,33.5,33.3,33.3,33.4,33.1,33.2,33.2,33.3,33.1,33.2,33.0,33.6,33.4,33.9,33.8,33.8,33.6,34.0,33.5,33.6,33.5,33.5,33.9,34.0,33.6,33.4,33.6,33.5,33.2,33.2,33.5,33.3,33.1,33.4,33.4,33.4,33.2,32.9,33.0,33.4,33.2,33.0,33.1,33.2,33.8,33.5,33.8,33.6,33.7,33.6,33.8,33.9,33.8,33.6,34.0,34.0,33.5,33.3,33.9,33.5,33.5,33.4,33.0,33.2,33.3,33.2,33.1,33.5,33.1,33.1,33.3,33.1,33.1,33.3,32.9,33.4,33.2,33.6,33.7,33.7,33.8,34.0,33.7,33.9,33.5,33.7,33.7,34.2,33.7,33.6,33.6,33.6,33.8,33.4,33.6,33.6,33.5,33.4,33.4,33.3,33.5,33.3,33.0,33.2,33.2,33.2,33.3,33.5,33.4,33.2,33.4,33.4,33.6,33.8,33.8,33.8,34.0,33.8,34.2,34.4,33.2,34.0,33.3,33.7,33.4,33.5,33.6,33.8,33.5,33.3,33.4,33.2,33.1,33.4,33.1,33.8,33.3,33.3,33.1,33.6,33.1,33.5,33.3,33.4,33.6,33.8,33.9,34.1,33.9,33.7,33.9,34.1,33.7,33.4,33.4,33.8,33.7,33.3,33.6,33.6,33.2,33.5,33.3,33.3,33.8,33.3,33.1,33.2,33.5,33.0,33.5,33.3,33.6,33.5,33.2,33.4,33.4,33.2,34.0,33.6,34.0,34.0,34.2,34.0,33.7,33.7,33.5,33.7,33.5,33.5,33.4,33.5,33.5,33.5,33.3,33.7,33.3,nan,33.4,33.6,33.3,33.5,33.1,33.3,33.2,33.4,33.2,33.5,33.3,33.3,33.7,34.0,33.9,34.0,33.9,34.4,33.7,33.6,33.6,33.6,33.8,33.3,33.6,33.4,33.5,33.5,33.7,33.6,33.3,33.3,33.5,33.3,33.1,33.3,33.6,33.5,33.1,33.5,33.5,33.5,33.7,33.3,33.4,33.5,33.5,33.8,34.5,33.9,33.7,33.8,33.5,33.6,33.7,33.7,33.3,33.4,33.3,33.3,33.4,33.3,33.5,33.6,33.4,33.5,33.4,33.5,33.9,33.6,33.7,33.2,33.3,33.5,33.3,33.4,33.3,33.6,33.5,33.5,33.9,34.0,34.0,33.6,33.5,33.7,33.7,33.5,33.4,34.2,33.5,33.5,33.7,33.7,33.6,33.5,33.5,33.8,33.6,33.6,33.3,33.6,33.6,33.3,33.5,33.2,33.5,33.3,33.4,33.4,33.7,33.5,33.9,34.0,33.9,33.8,33.3,34.1,33.7,33.7,33.8,33.8,33.6,33.7,33.7,33.4,33.4,33.5,33.7,33.6,33.6,33.2,33.5,33.2,33.5,33.5,33.6,33.5,33.2,33.4,33.2,34.1,33.4,33.4,33.8,34.3,34.3,34.4,33.9,34.1,33.8,33.8,33.7,33.7,34.2,33.7,33.7,33.7,33.7,33.5,33.5,33.9,33.5,33.7,33.8,33.9,33.7,33.6,33.8,34.0,33.8,33.4,34.0,33.8,34.0,33.4,34.4,34.2,34.2,34.0,34.4,34.2,33.7,33.9,33.6,33.6,33.4,33.7,33.6,33.7,33.8,33.8,33.9,33.5,33.6,33.9,33.7,33.6,33.5,33.5,33.8,33.7,33.8,33.6,33.9,34.0,33.8,33.8,34.1,34.4
1785310848.301964,886,34.5,34.1,33.8,34.1,34.0,34.0,34.1,34.2,34.2,33.9,34.1,34.1,34.7,33.5,34.7,34.2,35.3,34.7,35.1,35.3,34.7,34.2,33.9,34.1,34.1,34.1,34.2,34.7,34.8,34.4,34.5,34.9,34.6,34.3,34.4,33.7,34.1,33.9,34.0,34.0,33.9,35.1,33.8,34.2,33.7,34.6,34.0,34.5,34.3,35.4,35.5,35.1,34.1,34.1,33.8,34.2,33.8,34.0,34.0,33.9,34.5,34.7,35.0,34.3,33.6,34.4,33.3,34.3,33.9,33.5,33.6,34.3,34.3,33.4,34.0,33.9,34.4,33.7,34.2,34.1,35.1,34.5,34.8,34.8,34.1,33.6,33.9,34.3,34.0,33.7,33.5,34.0,34.6,34.8,34.3,34.8,34.3,33.7,33.8,33.6,33.4,33.9,33.9,33.5,33.8,34.1,33.7,34.1,33.8,34.3,33.8,34.4,33.7,34.9,34.7,34.2,33.9,33.8,33.9,34.0,33.9,34.1,33.9,34.4,34.3,34.2,34.6,34.2,34.3,33.7,33.4,33.9,33.6,33.5,33.5,33.4,33.5,33.7,33.7,33.8,34.3,33.7,34.3,33.7,34.5,33.7,34.0,34.1,34.0,34.0,33.6,34.0,34.1,33.8,33.6,34.1,34.3,34.2,34.2,34.8,34.1,33.9,33.7,34.0,33.2,33.6,33.2,33.3,33.1,33.8,33.5,33.5,33.6,33.9,34.1,34.1,33.6,34.3,33.9,33.6,33.9,33.6,34.0,33.7,33.6,33.6,34.2,33.8,34.4,34.4,35.1,34.5,33.9,33.6,33.4,34.0,33.6,33.8,33.5,33.5,33.6,33.4,33.5,33.7,34.1,33.6,34.2,33.9,34.0,33.7,33.6,33.7,33.9,33.9,33.7,33.9,33.8,34.0,34.1,33.9,34.4,35.0,34.1,35.1,33.3,33.3,33.4,33.3,33.3,33.5,33.4,32.9,33.3,33.3,33.0,33.4,33.5,34.0,33.5,33.8,33.7,33.5,33.5,33.2,33.5,33.6,34.1,33.8,34.1,34.1,34.1,34.1,34.1,34.3,34.6,34.5,34.0,33.8,33.4,33.9,33.6,33.2,33.1,33.4,33.5,33.1,33.5,33.3,33.8,33.0,33.8,33.6,33.6,33.5,33.4,33.8,33.8,33.6,33.3,33.6,33.7,33.6,33.7,34.0,34.5,34.0,34.1,34.4,33.7,33.6,33.8,33.6,33.7,33.4,33.3,33.1,33.1,33.7,33.4,33.3,33.0,33.7,33.2,33.9,33.2,33.5,33.5,33.4,33.5,33.7,33.6,33.8,33.6,34.0,33.7,34.1,33.8,34.0,33.8,33.9,33.8,33.8,33.1,33.7,33.5,33.5,33.0,33.5,33.6,33.4,33.2,33.5,33.5,33.2,33.3,33.4,33.8,33.1,33.5,33.7,33.7,33.5,33.7,33.8,33.8,33.6,34.0,34.1,34.3,34.0,33.6,33.7,33.7,33.5,33.4,33.2,32.9,33.4,33.5,33.4,33.4,33.3,33.5,33.5,33.3,33.4,33.2,33.3,33.3,33.6,33.0,33.1,33.6,33.7,33.8,33.3,33.9,34.0,33.7,34.2,33.7,34.1,33.5,33.8,34.1,33.0,33.4,33.7,33.4,33.7,33.1,33.6,33.2,33.4,33.0,33.4,33.6,33.2,33.2,33.2,33.7,33.0,33.3,33.4,33.8,33.4,33.6,34.1,33.9,33.5,34.0,34.1,33.8,33.6,33.8,34.0,33.7,33.1,33.5,33.1,33.6,33.3,33.7,33.1,33.6,33.3,33.3,33.4,33.3,33.5,32.9,33.3,32.9,33.5,33.1,33.4,33.2,33.4,33.4,33.7,33.4,33.5,33.9,33.8,33.7,34.2,33.9,34.0,33.9,33.4,33.2,34.0,33.6,33.2,33.4,34.0,33.6,33.6,33.3,33.3,33.8,33.3,33.2,33.5,33.5,33.2,33.3,33.5,33.6,33.3,33.3,33.4,33.6,33.6,33.4,33.8,34.0,33.7,33.8,34.2,33.2,33.6,33.7,33.6,33.2,33.5,33.6,33.1,33.2,33.3,33.4,33.4,33.1,33.4,33.1,33.5,33.3,33.6,33.3,33.6,33.2,33.6,33.3,33.7,33.3,33.8,33.5,33.6,33.9,34.1,34.3,33.9,34.1,33.6,33.6,33.8,33.7,33.3,33.3,33.6,33.5,33.2,32.9,33.4,33.6,33.2,33.3,33.7,33.5,33.5,33.3,33.5,33.6,33.3,33.2,33.2,34.1,33.2,33.6,33.9,34.0,33.8,33.6,34.2,33.7,33.5,33.5,33.7,33.7,33.5,33.5,33.4,33.7,33.5,33.5,33.3,33.5,nan,33.2,33.1,33.6,33.5,33.5,33.1,33.4,33.6,33.7,33.4,33.2,33.6,33.4,33.4,33.7,34.0,34.3,34.3,34.1,33.4,33.4,34.0,33.4,33.5,32.9,33.8,33.5,33.5,33.0,33.6,33.3,33.3,33.3,33.8,33.5,33.3,33.6,33.8,33.6,33.7,33.2,33.4,33.5,33.2,33.8,33.7,33.9,33.4,33.8,34.6,33.7,33.8,33.5,33.4,33.5,33.5,33.3,33.4,33.5,33.7,33.5,33.5,33.3,33.6,33.9,33.5,33.4,33.3,33.4,33.3,33.1,33.9,33.3,33.3,33.3,33.4,33.5,33.8,33.5,33.6,34.1,33.8,34.4,34.2,33.6,33.9,33.9,33.7,33.6,33.8,33.5,33.5,33.6,33.7,33.7,33.3,33.2,33.8,33.6,33.4,33.2,33.8,33.7,33.6,33.5,33.7,33.9,33.5,33.6,34.0,34.1,33.5,33.9,34.3,34.1,34.2,33.8,33.5,33.3,33.8,33.8,33.6,33.5,33.7,33.7,33.4,33.4,33.6,33.7,33.8,33.6,33.2,33.3,33.6,33.3,33.5,34.2,33.3,33.4,33.7,33.4,33.5,33.6,34.2,34.0,34.4,33.9,33.9,33.7,34.3,34.0,33.8,33.3,33.9,33.7,33.8,33.5,33.9,33.7,33.5,33.3,33.7,33.5,33.6,33.8,33.7,34.1,33.4,33.5,33.6,34.0,33.6,33.6,33.8,34.2,33.6,34.4,34.4,34.0,34.0,34.0,34.2,33.7,33.9,34.0,33.8,33.5,33.8,33.6,33.9,33.2,33.6,33.6,33.4,33.7,33.8,33.9,33.8,33.7,33.7,33.8,33.5,33.8,33.6,33.9,33.8,33.8,34.1,34.1,34.2
1785310850.9142275,887,34.8,34.9,35.1,35.0,34.7,34.3,34.3,34.4,33.8,34.3,34.1,33.7,34.2,33.5,33.8,34.0,33.5,33.5,34.0,33.9,33.8,33.9,33.3,34.1,33.5,33.9,34.0,34.3,34.1,34.0,34.7,34.4,35.2,35.1,34.4,35.2,34.1,33.9,34.0,34.0,33.9,33.8,34.0,34.0,33.6,33.8,33.5,34.1,33.9,33.4,33.7,33.8,33.5,33.7,33.8,34.2,33.8,33.6,34.0,34.2,34.2,33.6,34.2,34.3,34.6,35.1,35.1,34.5,34.2,34.2,34.2,34.3,33.7,33.6,33.8,33.9,33.7,33.6,33.7,33.8,33.7,33.6,33.5,33.8,33.9,33.5,34.2,33.8,34.0,33.9,33.9,34.0,33.8,33.9,34.1,34.6,34.5,34.2,34.5,34.3,33.8,33.5,34.0,33.9,34.0,33.3,34.3,33.9,33.6,33.8,33.8,34.4,33.7,33.7,34.2,34.6,34.0,34.0,33.6,34.2,33.9,33.6,33.9,34.2,33.9,33.8,34.4,34.6,34.5,34.4,34.1,34.1,33.8,33.9,34.1,34.1,33.7,33.7,33.9,34.1,34.3,34.0,34.8,33.9,34.9,34.1,34.8,34.4,35.5,33.9,35.9,33.8,34.3,33.6,34.0,34.1,34.1,33.8,34.0,34.3,34.1,34.6,34.4,33.8,34.2,33.6,33.8,33.9,34.2,33.8,34.5,34.2,34.2,34.7,34.1,35.4,34.1,34.9,34.6,35.1,34.3,35.2,33.6,35.6,33.7,34.2,33.6,34.3,33.7,33.7,33.8,33.8,34.3,34.1,34.2,34.0,34.0,33.6,34.1,34.2,33.6,34.3,34.1,34.9,34.9,34.4,35.8,34.9,35.4,35.2,35.3,35.1,35.6,34.3,35.5,33.5,35.0,33.7,34.4,34.0,34.2,33.9,34.3,34.0,34.0,33.8,34.1,34.4,34.1,33.5,34.1,34.0,34.4,33.5,34.9,34.1,34.8,34.6,34.8,35.9,35.3,35.0,35.4,35.5,34.5,34.9,34.4,35.8,33.9,34.5,34.3,34.4,34.1,34.3,34.2,34.7,34.0,34.4,34.2,34.3,33.6,33.8,34.1,34.5,33.7,34.8,33.9,35.4,33.8,35.1,34.8,35.7,34.7,35.6,34.7,35.7,35.4,34.5,34.8,34.1,34.2,34.1,34.3,34.4,34.3,34.2,34.7,34.4,33.9,33.9,34.4,34.2,33.9,33.6,34.2,33.9,35.0,33.8,35.5,33.8,35.3,33.7,35.4,34.7,35.4,34.5,35.3,35.2,34.7,34.7,34.3,35.0,34.0,34.0,34.6,34.5,34.5,34.0,34.0,34.8,34.2,34.0,33.9,34.1,33.8,34.1,33.9,34.5,33.6,34.7,33.7,35.4,33.8,34.9,33.8,35.3,34.4,35.4,34.4,35.3,35.1,34.3,34.7,34.3,34.0,34.5,34.1,34.8,34.2,34.8,34.2,34.3,33.9,33.9,34.0,34.0,34.0,34.0,34.0,33.9,34.4,33.6,34.9,34.0,34.7,33.7,34.8,33.9,35.6,34.4,34.6,34.8,34.4,34.9,34.1,34.5,34.1,33.8,34.4,34.3,34.6,33.9,34.5,34.6,34.3,34.0,34.2,34.3,33.8,33.7,33.6,34.0,33.6,33.9,34.1,34.6,33.7,34.2,33.8,35.3,34.0,34.9,34.6,34.7,35.1,34.0,34.1,34.3,33.9,34.1,34.3,34.6,34.0,34.4,34.4,34.6,34.2,33.7,34.1,34.1,33.8,33.6,34.1,33.9,33.6,33.5,34.1,34.0,34.1,33.5,34.8,34.1,35.2,34.1,34.4,34.9,34.1,34.4,33.9,33.9,34.0,33.8,34.2,34.1,34.6,33.9,34.5,34.6,34.1,34.1,34.0,34.2,33.5,33.6,34.0,34.2,33.7,34.1,34.1,34.3,34.0,34.1,34.0,34.8,34.0,34.8,34.3,34.3,34.4,33.8,33.9,34.0,33.8,33.8,34.2,34.7,34.0,34.6,34.4,35.0,33.8,33.8,33.9,33.8,33.8,33.1,34.1,33.8,33.7,33.6,33.7,33.7,34.1,33.5,34.5,34.3,34.9,33.8,34.0,34.5,33.9,34.1,34.2,34.1,33.8,33.8,34.1,34.5,34.6,33.9,34.9,35.3,33.5,33.8,33.8,34.2,33.6,33.7,33.8,34.2,33.4,33.9,33.9,34.3,33.8,34.0,34.1,35.0,33.8,34.3,34.0,34.0,33.9,33.8,34.4,34.1,34.3,33.9,34.2,35.0,34.2,34.7,35.0,34.4,33.7,33.3,33.9,33.7,33.9,33.3,33.9,33.5,34.0,33.5,33.8,33.7,34.1,nan,34.2,34.1,34.6,33.8,34.2,34.1,34.1,33.9,34.2,34.2,33.9,33.6,34.5,33.8,34.8,34.0,34.9,35.3,34.1,34.1,34.0,34.0,34.0,33.7,34.1,34.3,33.4,33.7,33.6,34.3,33.3,34.0,33.8,34.1,33.6,34.1,34.1,34.3,33.8,34.2,34.4,34.1,34.2,34.2,34.4,35.2,34.1,34.9,34.1,35.4,33.7,33.8,33.9,34.0,33.9,33.7,33.7,33.8,33.9,33.5,34.1,33.8,33.8,33.1,33.9,34.1,33.6,34.0,34.1,34.3,34.1,33.7,33.9,34.2,34.2,33.6,34.3,34.5,34.6,33.8,34.8,34.2,34.2,34.5,33.8,34.1,33.7,33.7,34.0,34.0,33.7,34.0,33.9,34.4,33.2,34.0,33.9,34.3,33.6,33.9,34.0,34.3,34.1,34.1,34.1,34.6,34.1,34.0,34.3,34.4,34.1,34.1,34.4,34.9,33.9,34.0,34.4,34.2,33.9,33.7,33.8,34.0,33.8,33.8,34.2,33.8,33.7,33.9,34.1,33.9,34.1,33.4,34.2,34.4,34.0,33.7,34.5,34.2,34.3,34.3,34.2,34.3,34.2,34.2,34.7,34.8,34.1,34.4,34.1,34.7,34.0,33.8,34.1,34.1,33.7,33.7,34.2,33.9,33.7,34.2,33.9,34.1,33.3,34.3,33.8,34.6,33.7,33.9,34.4,34.5,34.4,34.2,34.5,34.6,34.4,34.4,35.1,35.4,34.0,33.8,34.0,34.2,33.9,33.5,33.8,34.2,33.9,33.7,33.9,34.1,33.6,33.8,33.9,33.6,33.8,33.4,34.4,33.8,34.1,33.7,34.2,34.1,34.0,34.5,34.5,34.4,34.3,34.5,35.0,34.6
1785310853.403541,888,34.0,34.1,33.8,35.0,34.2,34.7,34.1,35.0,34.2,34.8,34.8,35.3,34.9,35.3,35.4,35.3,34.7,34.6,34.5,34.0,34.0,34.0,34.1,34.5,34.5,33.7,34.4,34.9,34.8,34.2,34.2,34.6,34.4,34.3,34.7,34.2,33.9,33.9,34.2,34.2,34.3,34.5,34.5,34.7,34.6,35.0,35.1,35.0,34.5,34.5,34.2,34.3,33.9,33.9,34.4,34.2,34.2,34.2,34.9,34.6,34.5,34.5,34.5,35.0,34.1,34.1,34.0,34.0,33.9,34.2,33.8,34.5,33.7,34.3,34.0,34.8,34.7,35.1,35.3,34.3,34.2,33.6,33.5,33.9,34.1,33.6,34.4,34.1,34.0,34.0,34.3,34.8,34.8,34.1,34.3,34.6,34.3,33.9,34.1,34.1,33.8,33.4,34.1,33.7,33.7,33.7,34.2,34.1,34.5,34.7,34.6,34.7,33.5,33.7,33.7,33.9,33.5,34.4,33.9,33.8,34.3,33.9,34.7,34.6,33.7,33.9,34.2,34.6,34.0,34.2,33.6,34.3,33.8,33.9,33.7,33.9,33.7,33.9,33.7,34.3,34.3,34.9,35.1,34.2,33.8,33.7,33.4,33.7,33.7,33.5,33.9,33.8,33.9,33.8,34.3,34.3,33.9,33.7,33.5,34.3,33.9,34.1,34.1,34.0,33.7,33.8,34.0,33.3,33.5,34.0,34.2,33.7,34.6,34.2,34.2,34.6,33.6,33.6,33.7,33.8,33.6,33.7,34.0,33.7,34.0,33.6,34.4,34.1,33.8,34.0,33.8,34.2,33.8,33.8,33.6,34.2,33.9,33.8,33.7,33.9,33.9,33.9,33.6,34.0,33.7,33.9,33.7,33.9,33.8,33.5,33.2,33.8,33.7,33.4,33.8,34.2,34.3,34.2,34.6,34.7,34.2,33.9,34.3,34.2,33.5,33.5,33.6,33.7,33.7,34.0,33.8,33.6,33.7,33.7,33.7,33.9,33.7,33.6,33.6,34.0,33.5,33.7,34.0,33.7,33.7,33.5,33.9,33.9,34.4,34.8,35.2,34.8,34.3,34.3,33.7,34.1,33.3,33.6,33.2,34.1,33.4,33.4,33.7,33.6,33.7,33.5,34.0,34.2,33.6,33.5,33.6,33.6,33.6,33.5,33.6,33.9,33.8,33.3,33.7,34.1,34.0,34.4,34.8,35.1,34.6,33.6,34.1,34.2,33.7,33.6,33.4,33.6,33.6,33.2,33.8,33.7,33.3,33.6,33.7,33.8,33.4,33.4,33.3,33.5,33.2,33.8,33.8,34.0,33.4,33.6,33.8,33.5,33.8,34.1,34.4,34.3,33.6,34.0,34.2,34.3,33.7,33.0,33.5,33.7,33.6,33.4,33.0,33.7,33.1,33.6,33.8,33.8,33.4,33.5,33.6,33.5,33.8,33.5,33.6,34.0,33.8,33.6,33.5,34.1,33.3,33.8,33.9,34.1,33.8,33.6,34.2,34.1,33.5,33.7,33.2,33.0,32.9,33.2,33.3,33.2,33.4,33.3,33.6,33.5,33.7,33.7,33.7,33.9,33.6,33.4,33.4,33.6,33.6,33.6,33.6,33.5,33.4,33.6,33.9,33.6,33.7,33.7,34.1,33.8,33.4,33.4,33.4,34.3,33.6,33.2,33.3,33.4,33.0,33.1,32.9,33.7,33.5,33.3,33.5,33.8,33.8,33.7,33.3,34.0,33.8,33.5,33.6,33.8,33.7,33.6,33.4,33.9,33.8,34.0,33.8,34.2,33.3,33.5,33.5,33.7,32.9,33.6,33.4,33.4,33.1,33.3,33.3,33.2,33.4,33.3,33.7,33.6,33.4,33.6,33.6,33.7,33.7,33.6,33.2,33.7,33.6,33.5,34.0,33.8,33.3,33.5,33.7,34.0,33.6,33.4,33.5,34.0,33.6,33.4,33.4,33.8,33.2,33.2,33.1,33.5,33.6,33.0,33.2,33.7,33.5,33.7,33.4,33.5,33.8,33.7,33.8,33.6,33.4,33.6,33.8,33.8,34.0,33.7,33.8,34.8,33.4,33.8,33.5,33.5,33.2,33.5,33.9,33.4,33.2,33.3,33.0,33.2,33.1,32.8,32.9,33.1,33.0,33.6,33.8,34.0,33.2,33.9,34.0,33.9,33.8,33.6,33.5,34.0,33.5,33.9,34.3,34.1,33.9,33.4,33.6,34.0,33.7,33.2,33.4,34.0,33.3,33.2,33.2,33.3,33.6,33.2,33.1,33.5,33.3,33.0,33.3,33.8,33.6,33.7,33.6,33.4,33.6,33.7,33.8,34.1,34.0,33.8,34.0,34.2,33.4,33.7,33.7,33.5,33.5,33.5,33.4,33.5,33.0,33.2,33.7,33.3,33.0,nan,33.2,33.2,33.1,33.5,33.4,33.3,33.1,33.9,34.2,33.7,33.3,33.8,34.1,34.0,33.5,34.0,34.1,34.4,33.9,33.8,33.8,34.2,33.7,33.7,33.4,33.8,33.5,33.3,33.4,34.1,33.3,33.3,33.3,33.6,33.3,33.2,33.6,33.5,33.3,33.2,33.5,33.7,33.9,33.5,34.0,33.9,33.7,34.0,34.2,34.6,33.2,34.2,33.9,33.6,33.5,33.7,33.3,33.8,33.3,33.7,33.7,33.6,33.3,33.3,33.6,33.4,33.3,33.1,33.4,33.6,33.1,33.4,33.5,33.3,33.5,33.7,34.1,34.1,33.8,34.4,34.3,34.0,34.2,33.8,33.7,34.3,33.7,33.5,33.6,34.0,33.5,33.5,33.5,33.9,33.0,33.3,33.4,33.6,33.5,33.3,33.7,33.9,33.5,33.4,33.7,33.3,33.7,33.3,33.5,34.4,34.3,33.9,33.9,34.7,33.2,33.8,34.2,33.9,33.7,33.8,33.8,33.6,33.4,33.3,33.9,33.4,33.4,33.4,33.9,33.6,33.4,33.2,33.5,33.6,33.2,33.3,33.8,33.5,33.0,33.5,33.8,33.9,34.0,33.9,34.7,34.1,34.3,33.9,33.6,34.1,33.8,33.8,33.9,33.9,33.8,33.5,33.5,33.9,33.5,33.5,33.5,33.6,33.7,33.4,33.5,34.1,33.7,33.4,33.6,34.0,33.4,33.4,33.6,34.0,34.0,33.8,34.1,35.1,33.8,34.0,34.2,34.0,33.5,33.7,34.0,33.6,33.5,33.8,33.9,33.9,33.6,33.7,33.6,33.9,33.2,33.9,33.7,33.8,33.3,33.4,33.6,33.5,33.7,34.0,33.9,33.8,33.4,34.3,34.3,34.4
1785310855.9795787,889,34.8,34.1,34.6,33.8,34.9,34.5,34.5,34.8,35.0,34.9,34.9,35.3,35.8,34.9,35.3,34.6,34.5,33.8,34.1,34.0,34.4,33.9,34.5,34.3,34.3,34.1,34.4,34.5,34.6,34.6,34.2,34.1,34.1,33.7,34.0,34.2,33.9,34.1,34.4,34.9,34.9,34.8,34.9,35.1,35.2,35.5,34.4,35.2,33.9,33.8,34.2,34.5,34.1,34.1,34.0,34.6,35.0,34.0,34.0,35.0,34.5,34.3,34.5,34.8,34.2,34.6,33.7,33.8,34.2,34.0,34.2,34.3,33.9,34.3,34.5,35.3,35.1,34.3,34.3,33.8,34.1,34.0,34.1,34.0,33.8,33.6,34.0,34.3,34.6,34.2,34.7,34.4,34.6,34.6,34.6,34.6,34.1,34.4,33.8,34.3,33.6,33.7,34.0,34.3,34.4,34.3,34.8,34.8,34.2,35.0,33.3,33.7,34.1,33.7,33.7,34.1,33.7,33.9,33.9,33.8,34.5,34.3,33.5,34.4,34.5,34.0,33.7,34.6,34.0,34.4,34.3,34.1,34.0,33.7,33.9,34.0,33.9,33.9,34.4,35.0,35.1,33.9,33.6,33.0,33.9,33.2,33.8,33.6,33.9,33.5,33.7,34.0,34.3,34.1,34.3,34.1,33.9,34.2,34.2,34.1,34.4,33.9,33.9,33.8,34.2,33.6,34.0,34.1,33.9,33.8,34.3,34.2,34.1,34.7,33.4,34.0,33.8,33.6,33.4,33.8,33.9,33.6,33.8,34.4,34.7,34.2,33.8,34.2,34.2,33.9,33.8,34.0,34.1,33.8,34.0,34.0,33.8,33.8,34.1,33.9,33.6,33.9,33.8,33.7,34.1,33.6,33.8,34.1,33.7,33.7,33.9,34.2,33.9,34.1,34.4,34.6,34.2,34.9,35.2,34.1,33.7,34.1,34.3,34.0,33.6,34.0,33.7,34.2,33.9,33.3,34.0,34.0,33.9,33.7,33.5,33.9,33.8,33.6,34.0,34.2,33.7,33.4,33.5,34.2,33.9,33.8,34.6,34.6,35.0,34.5,34.7,35.2,34.3,33.9,33.8,34.1,33.8,33.6,33.4,33.9,33.6,33.8,34.1,34.0,33.7,33.8,33.9,33.7,33.8,33.5,33.8,33.8,34.0,34.0,33.8,33.3,33.6,33.6,33.9,33.6,34.4,34.1,35.0,33.8,33.9,34.0,34.1,34.2,33.9,33.6,33.2,33.8,33.8,33.4,33.7,33.9,33.5,33.8,33.6,34.1,33.7,33.5,33.7,33.9,33.7,33.7,33.5,33.9,33.6,33.6,33.5,33.9,33.6,34.1,33.9,34.5,34.0,33.6,34.0,33.9,33.8,33.4,33.7,33.3,33.1,33.4,33.2,33.7,33.2,33.7,33.7,33.6,33.6,33.7,33.4,33.7,33.8,33.5,33.9,33.5,34.0,33.3,33.9,34.1,33.7,33.8,33.8,34.3,33.4,34.0,34.4,34.1,33.7,33.3,33.2,33.8,33.6,33.4,33.2,33.2,33.7,33.1,33.5,34.0,33.6,33.7,33.3,33.7,33.6,33.6,33.2,33.6,33.7,33.6,33.6,34.0,33.8,33.8,33.5,34.0,34.0,33.9,34.1,34.2,33.4,33.4,34.0,33.6,33.6,33.4,33.5,33.1,33.1,33.1,33.4,33.4,33.5,33.4,33.8,33.8,33.7,33.7,33.8,33.7,33.8,33.7,34.0,33.5,33.6,33.8,34.0,33.7,33.8,33.8,34.2,34.2,34.0,33.5,33.3,33.7,33.5,33.4,33.4,33.4,33.1,33.2,33.1,33.9,33.4,33.5,33.4,33.8,33.6,33.5,33.4,33.9,33.4,33.7,33.7,33.7,34.0,33.7,33.3,33.8,33.7,34.1,34.1,34.4,33.7,34.1,34.1,34.0,33.3,33.4,33.4,33.3,33.2,33.3,33.5,33.3,33.2,33.4,33.8,33.5,33.5,33.7,33.8,33.9,33.5,33.5,34.1,33.6,33.8,33.6,33.8,33.7,33.6,33.9,34.2,34.2,33.6,33.4,33.1,33.8,33.2,33.3,33.2,33.6,33.2,33.0,33.0,33.5,33.4,33.3,32.8,33.5,33.8,33.8,33.6,34.0,33.6,33.8,33.9,34.2,34.0,33.6,34.1,34.2,33.7,33.9,34.1,34.3,33.7,33.6,34.0,33.8,33.7,33.4,33.6,33.3,33.2,33.4,33.6,33.1,33.5,33.5,33.3,33.2,33.6,33.4,34.0,33.8,33.6,33.7,33.9,33.8,33.9,33.7,34.2,33.9,34.0,34.0,34.0,33.8,33.9,33.5,33.3,33.5,33.4,33.3,33.6,33.5,33.3,33.3,33.2,33.4,33.5,nan,33.1,33.3,33.4,33.1,33.2,33.8,34.1,33.7,33.8,33.9,33.7,33.8,33.8,34.0,34.3,33.8,33.7,34.3,33.7,34.3,34.2,33.8,33.4,33.5,33.6,33.4,33.2,33.7,33.6,33.4,33.3,33.5,33.7,33.5,33.3,33.3,33.3,33.5,33.1,33.3,33.9,33.9,33.5,33.7,34.4,34.1,33.7,33.8,34.3,34.2,33.7,33.6,33.7,34.0,33.6,33.7,33.3,33.8,33.3,33.5,33.5,34.0,33.5,33.6,33.4,34.1,33.6,33.3,33.3,33.3,33.4,33.7,33.7,33.9,34.0,33.8,33.9,34.3,33.8,33.8,33.7,34.2,34.0,34.0,33.8,33.9,33.5,33.3,34.0,33.6,33.5,33.3,33.6,33.5,33.4,33.5,33.6,33.1,33.5,33.4,33.7,33.4,33.6,33.5,33.9,33.3,33.7,33.3,34.3,33.6,34.1,33.9,34.6,33.6,33.4,33.8,34.0,34.2,33.5,33.9,33.4,33.8,33.8,33.3,33.5,33.4,33.4,33.6,33.7,34.1,33.4,33.4,33.2,33.8,33.4,33.4,33.3,33.7,33.6,33.2,33.4,34.5,33.8,34.0,33.8,35.0,33.7,33.9,34.1,33.9,34.0,34.2,33.7,33.7,33.7,33.9,33.7,33.4,33.7,33.7,33.7,33.6,33.3,33.6,34.0,33.4,33.3,33.6,33.8,33.4,33.8,33.6,34.3,33.8,33.8,34.0,34.8,34.4,34.0,34.1,33.8,34.2,33.7,33.7,33.6,34.2,33.5,33.7,33.7,34.3,33.4,33.6,33.6,33.9,33.6,33.6,33.4,34.1,33.3,33.5,33.8,33.9,34.0,33.4,33.7,34.0,33.8,34.1,34.1,34.6
1785310858.5376923,890,34.8,34.7,34.8,34.5,34.0,34.0,33.7,34.8,33.2,33.7,33.9,33.9,33.4,33.6,33.4,34.0,33.3,33.7,33.2,33.7,33.6,33.7,33.5,33.7,33.5,33.3,33.8,34.2,33.9,33.9,33.7,34.1,34.9,34.8,34.4,34.5,33.5,33.7,34.2,33.8,33.7,33.6,34.1,33.6,33.5,33.2,34.4,33.6,33.7,33.2,33.8,33.6,33.5,33.2,33.8,33.9,33.4,33.6,34.0,34.2,34.2,33.8,34.0,34.3,34.6,34.4,34.0,34.5,33.9,34.2,33.8,34.5,33.3,33.8,33.5,34.2,33.4,33.7,33.6,34.3,33.4,33.9,33.2,33.6,33.4,33.5,33.5,33.9,33.4,33.8,33.5,33.9,33.6,33.9,34.1,34.6,34.0,34.4,34.1,34.3,33.8,33.7,34.5,33.4,34.0,33.3,34.1,33.6,34.2,33.3,33.8,33.7,33.9,33.2,33.8,33.2,33.8,33.2,33.7,33.4,33.7,33.4,33.5,33.6,33.9,33.5,33.9,34.2,34.3,34.2,33.9,33.9,33.6,34.1,33.9,34.5,33.5,34.1,33.5,34.1,33.6,34.0,33.6,34.5,33.5,33.9,33.8,33.9,33.3,33.7,33.4,34.2,33.4,33.8,33.6,33.9,33.7,33.9,33.5,34.3,33.9,33.9,34.1,34.0,33.9,33.4,34.2,33.7,34.2,33.8,34.7,33.5,34.1,33.4,34.2,33.6,33.8,33.6,34.4,34.1,33.9,33.7,33.6,33.7,33.6,33.5,33.8,33.6,33.4,33.6,33.8,33.8,33.9,33.6,33.8,34.2,33.8,33.6,33.7,34.4,33.9,34.6,34.5,34.5,34.1,34.4,34.1,34.7,34.3,34.6,34.5,35.1,34.4,33.9,33.7,33.7,33.5,33.7,33.9,33.9,33.5,33.7,33.7,34.2,33.8,33.5,34.0,34.0,33.7,33.7,34.3,34.2,34.5,34.0,34.7,34.6,34.6,34.1,34.6,34.5,34.3,34.2,35.3,35.0,34.3,34.3,34.1,33.8,33.9,33.6,33.9,33.5,33.7,33.7,34.2,34.1,34.0,33.8,33.6,34.3,33.8,33.8,33.6,34.7,34.2,35.0,35.0,35.3,34.9,34.6,34.6,35.0,34.4,35.1,34.7,35.4,35.2,34.3,34.6,33.7,33.5,33.9,33.4,34.4,33.9,33.8,34.3,34.6,34.3,33.9,34.0,33.8,33.7,33.6,34.0,34.2,34.8,34.1,35.2,35.1,34.8,34.8,35.1,35.1,34.6,34.8,34.9,35.2,34.2,35.0,33.8,34.5,34.1,34.0,34.6,33.9,34.1,33.4,34.4,34.1,34.0,34.0,34.1,34.1,33.5,33.7,33.6,34.5,33.9,34.5,34.5,35.2,35.1,34.6,34.7,35.3,35.1,34.6,35.1,34.8,34.6,34.1,34.9,34.1,34.2,34.3,34.3,34.6,34.2,34.0,34.4,34.3,33.5,33.5,33.8,34.0,33.8,33.8,33.9,33.9,34.0,33.9,34.8,35.0,34.5,34.8,35.1,34.8,34.5,35.0,34.2,35.0,34.0,35.2,33.9,34.8,33.9,34.3,34.6,34.3,34.4,34.1,34.3,34.4,33.4,33.8,33.6,34.3,33.9,33.7,33.6,33.8,33.4,33.6,33.7,34.4,34.8,34.1,35.1,35.0,35.1,34.1,34.9,34.7,34.6,33.7,34.6,33.9,34.2,34.0,34.0,34.4,34.5,34.2,34.4,34.6,33.7,33.5,34.0,34.1,33.6,33.6,33.9,33.8,33.8,33.2,34.1,34.2,34.1,34.7,34.5,34.7,34.5,35.2,34.4,34.9,34.0,34.4,33.9,34.4,33.8,33.8,34.2,34.3,34.4,34.1,34.3,35.0,34.1,34.0,34.0,34.3,33.6,33.8,34.0,34.0,33.6,33.9,33.8,34.3,34.1,34.0,34.8,35.0,35.0,34.1,34.8,34.3,34.4,33.5,34.3,33.9,34.1,33.9,34.2,34.2,34.2,34.2,34.4,34.8,33.6,34.0,33.9,34.1,33.2,33.3,33.9,33.8,33.3,33.6,33.8,34.0,34.1,33.9,34.4,34.9,34.2,34.7,34.0,34.8,33.4,34.4,33.8,34.2,33.8,33.8,34.1,34.3,34.0,34.1,34.7,34.7,33.7,33.6,33.8,34.4,33.7,33.3,33.8,34.2,33.9,33.5,33.8,33.9,33.8,34.1,34.1,35.0,34.8,34.5,34.9,34.0,34.3,33.7,34.1,33.9,33.9,33.7,34.2,34.1,34.0,34.0,34.4,35.0,33.4,33.7,34.3,33.9,33.5,33.3,33.7,33.9,33.8,33.7,33.7,33.7,34.1,nan,34.2,34.2,34.7,34.6,33.7,34.8,33.7,33.7,34.0,33.9,33.9,33.8,34.3,34.2,34.3,34.2,34.9,35.3,34.1,33.8,33.6,34.0,33.6,33.7,34.1,34.0,33.7,33.7,33.6,34.4,33.8,33.6,34.0,34.3,34.1,34.1,34.6,34.1,34.0,33.8,33.7,33.9,33.5,33.9,34.2,34.4,34.3,34.7,34.9,35.6,33.7,33.8,34.1,34.2,33.9,33.3,33.9,34.0,33.7,33.8,33.7,34.2,33.8,33.8,34.0,34.1,33.9,34.3,33.9,34.6,33.6,33.9,34.0,34.0,33.6,33.9,34.2,34.1,34.2,34.2,35.0,34.8,34.2,34.2,33.8,34.3,33.7,33.7,33.8,34.0,33.7,33.7,33.9,34.4,34.3,33.5,34.1,34.4,34.0,33.6,34.2,33.9,34.2,34.1,34.1,34.0,33.9,33.7,33.9,34.4,34.5,34.3,34.8,34.9,33.2,33.4,34.0,33.7,33.5,33.5,33.8,34.2,33.6,33.7,33.9,34.1,33.6,33.6,34.2,34.4,33.7,33.9,33.7,34.1,33.5,33.9,34.2,33.8,33.4,33.9,34.2,34.3,34.0,34.2,34.7,35.4,33.9,33.9,33.7,34.3,33.4,33.8,33.7,33.9,33.5,33.8,34.0,34.2,34.0,33.9,34.1,34.1,33.9,33.7,34.2,34.3,34.1,33.9,34.2,34.2,34.2,33.6,34.6,34.2,34.4,34.0,34.6,34.7,33.1,33.6,33.7,34.2,33.5,33.5,33.6,33.6,33.5,33.7,33.7,34.1,33.9,33.9,34.1,34.1,33.6,34.0,33.9,34.5,33.7,33.7,34.4,34.4,33.8,34.2,34.5,34.4,33.8,34.3,34.5,35.3
1785310861.0416393,891,35.4,34.4,35.3,35.0,35.1,34.5,33.7,34.2,33.8,34.3,33.5,33.9,34.0,33.5,33.6,33.4,33.3,33.1,33.4,33.9,33.6,33.5,33.5,33.9,33.9,33.7,33.5,34.3,34.1,33.7,34.0,34.1,34.4,34.8,35.4,35.2,34.4,34.3,33.8,34.0,33.7,34.0,33.6,33.8,33.4,33.9,33.3,33.4,33.4,33.0,33.7,33.6,33.7,33.5,33.6,33.9,33.4,33.8,34.0,34.2,34.0,34.3,34.0,34.3,35.1,34.9,35.1,35.2,34.2,34.0,33.6,33.9,33.7,33.6,33.6,34.1,33.9,33.6,33.4,33.6,33.4,33.3,33.2,33.6,33.8,33.5,33.1,33.9,33.8,33.7,33.5,33.8,34.0,33.5,34.3,34.3,34.8,35.1,35.2,35.0,34.0,34.3,33.8,33.7,33.7,33.5,33.7,33.7,33.6,33.8,33.6,33.3,33.2,33.4,33.3,33.5,33.7,33.9,33.8,33.3,33.7,34.1,33.5,34.0,33.7,34.0,34.0,34.2,34.7,34.4,34.1,34.1,33.8,33.9,33.3,33.8,33.9,33.5,33.5,33.8,33.5,33.5,33.3,33.5,33.5,33.4,33.3,33.2,33.5,33.2,33.6,33.7,34.0,33.8,33.4,33.7,33.9,33.8,33.3,34.1,34.6,35.0,34.4,34.3,33.8,33.8,33.6,33.5,33.5,33.8,33.6,33.5,33.2,33.4,33.6,33.6,33.3,33.8,33.6,33.4,33.3,33.4,33.3,33.7,33.3,33.8,33.6,33.8,33.7,33.8,33.6,34.3,34.5,34.1,34.0,34.4,34.0,33.6,33.9,33.9,33.8,33.8,33.5,33.8,33.7,33.4,33.6,33.6,33.5,33.7,33.6,33.7,33.8,33.4,33.5,33.5,33.8,33.7,33.3,33.8,33.3,33.7,33.9,34.0,34.0,34.2,33.9,34.0,33.7,33.9,33.8,33.5,33.5,33.9,33.5,33.6,33.5,34.0,33.8,33.7,33.4,33.5,33.7,33.5,33.5,33.8,33.6,33.8,33.4,33.8,33.8,33.3,33.5,33.7,34.0,33.9,34.4,34.0,33.8,34.3,33.6,33.6,33.6,34.0,33.5,33.7,33.5,34.2,34.0,34.0,33.8,34.1,33.6,33.8,33.9,34.1,34.4,34.8,34.4,34.1,34.0,33.6,33.7,34.2,33.7,33.6,33.9,34.0,34.1,34.5,33.6,33.8,33.6,33.4,34.0,34.0,33.7,33.9,33.6,33.8,34.2,34.0,34.0,34.0,33.9,34.3,34.5,34.8,35.5,35.5,34.8,34.9,34.0,34.1,33.7,33.6,34.0,34.0,33.6,33.9,34.0,33.6,33.9,33.7,33.6,33.9,33.6,33.8,33.6,34.2,33.7,34.5,34.7,34.9,34.9,35.1,35.2,34.8,34.7,35.3,35.4,35.9,36.0,35.4,35.0,34.3,34.0,33.8,34.0,33.8,34.0,33.7,33.7,33.9,34.2,33.6,33.6,33.6,33.7,33.7,33.7,33.9,34.6,34.7,35.6,35.4,35.4,35.6,35.0,35.1,35.1,35.2,35.5,35.5,36.2,36.1,34.4,35.0,34.1,34.3,33.7,34.2,34.5,34.2,34.1,33.8,34.0,34.3,34.1,33.9,33.6,34.0,33.7,34.1,34.4,35.2,35.4,35.7,35.7,36.1,35.9,35.4,35.4,35.6,35.4,35.5,35.3,35.4,34.9,34.6,34.2,34.4,34.9,34.7,34.4,35.0,33.9,33.9,34.1,34.1,33.5,34.5,33.7,33.8,33.8,34.1,34.5,34.3,35.5,35.7,35.9,35.7,35.5,36.0,35.7,35.8,35.2,35.3,35.0,35.0,34.5,34.7,34.4,34.3,34.2,34.8,34.7,34.8,34.1,34.3,34.0,34.2,34.3,33.8,33.8,34.5,33.9,33.9,33.9,34.3,34.5,35.3,34.8,35.1,34.8,35.6,35.6,35.3,35.2,35.0,34.8,35.3,34.4,34.3,34.0,34.6,34.4,34.2,34.4,34.8,33.8,33.8,33.9,33.9,33.6,33.7,33.8,33.9,33.3,33.8,33.9,34.0,34.2,34.1,35.0,34.6,35.2,35.2,35.3,35.4,34.9,35.2,35.0,35.2,34.2,34.2,34.3,34.7,34.2,34.4,34.3,34.5,34.3,33.8,33.6,34.0,34.1,33.5,33.8,34.0,33.5,33.9,33.8,34.1,33.8,33.8,34.1,34.5,34.8,35.1,35.6,35.0,34.8,34.3,34.6,34.1,34.4,33.7,34.0,34.3,34.5,34.4,34.4,35.0,33.7,34.6,34.1,33.7,33.5,34.2,34.1,33.9,33.7,34.0,34.0,33.9,33.6,nan,34.0,33.9,34.4,34.6,35.3,35.1,34.1,34.4,34.4,34.2,34.2,34.2,34.3,33.8,34.3,34.0,34.5,34.5,34.1,33.8,34.0,34.2,33.8,34.1,33.6,34.2,33.9,33.9,33.6,33.7,33.8,33.8,33.8,34.3,34.0,35.0,35.6,35.5,34.6,34.2,33.9,34.2,34.2,33.9,34.0,34.6,33.9,34.2,34.5,35.2,33.7,34.3,33.7,33.8,33.9,34.1,33.7,34.0,33.7,34.0,33.9,33.8,33.8,33.6,34.4,34.4,33.9,34.6,35.7,35.4,34.1,34.2,33.9,34.0,33.8,33.8,34.1,33.9,33.7,34.0,34.6,34.6,34.2,34.2,34.0,33.9,33.9,33.9,33.8,34.4,34.1,33.9,33.9,34.1,34.3,34.3,33.7,34.6,34.0,33.9,34.7,35.3,34.8,34.5,33.9,34.2,33.9,33.7,34.1,34.2,34.3,34.1,34.6,34.7,33.4,34.0,34.0,33.9,33.5,33.7,34.0,34.2,34.0,34.0,33.7,33.8,33.6,33.9,34.2,34.4,33.9,34.2,34.5,34.8,34.0,34.2,34.3,34.2,34.3,33.9,34.2,34.3,34.0,34.8,34.9,35.2,34.3,33.5,33.4,34.3,34.0,33.8,33.7,33.5,33.8,34.0,34.0,33.9,34.1,34.2,34.2,34.4,34.2,34.1,34.6,34.6,34.2,34.3,34.2,34.4,34.2,34.4,34.3,34.8,34.4,34.2,34.6,36.0,33.5,34.3,34.0,34.0,33.5,34.1,33.6,34.0,33.5,33.7,34.1,34.1,33.9,34.1,34.3,34.4,34.1,34.3,34.3,34.1,34.1,34.3,34.4,34.2,34.2,34.4,34.5,34.2,34.5,34.7,35.2,34.6
1785310863.760491,892,34.3,34.9,34.3,34.8,34.2,34.1,34.1,34.4,33.8,34.1,34.1,34.3,34.0,34.0,33.4,33.4,33.3,33.5,33.4,33.7,33.4,33.7,33.7,33.7,33.5,33.7,34.0,33.8,34.1,34.0,33.7,34.4,34.6,34.8,35.4,34.7,34.4,33.9,33.8,34.0,33.7,33.8,34.2,34.0,33.7,33.7,33.7,33.4,33.6,32.9,33.7,33.4,33.7,33.2,33.6,33.6,33.8,33.6,33.8,33.9,34.2,34.0,34.0,34.5,35.1,34.9,35.1,34.9,34.4,34.4,33.8,33.9,33.3,33.8,33.6,34.2,33.7,33.4,33.2,33.0,33.2,33.4,33.4,33.4,33.6,33.6,33.7,33.6,33.8,33.9,33.7,33.8,34.0,33.9,33.8,33.9,34.5,34.4,35.2,35.0,34.2,34.1,34.1,33.7,33.9,33.9,33.9,33.9,33.5,33.5,33.3,33.3,33.2,33.3,33.5,33.4,33.5,33.5,33.6,33.8,33.7,33.6,33.5,34.0,34.1,33.7,33.7,34.2,34.5,34.7,34.3,34.6,33.8,33.7,33.7,34.1,33.7,33.7,33.5,34.0,33.6,33.2,33.4,33.2,33.2,33.2,33.3,33.4,33.3,33.4,33.4,33.5,33.6,33.6,33.8,33.7,33.5,34.0,34.0,34.1,34.6,34.3,34.6,34.5,33.6,34.0,34.0,33.9,33.7,33.8,33.8,33.7,33.4,33.2,33.7,33.6,33.3,33.4,33.2,33.6,33.3,33.4,33.8,33.3,33.5,33.4,33.8,34.3,33.7,33.4,34.1,34.0,34.5,34.5,33.8,34.2,33.8,34.0,33.7,33.9,33.6,33.8,33.3,33.7,33.2,33.6,33.4,34.1,33.5,33.5,33.4,33.7,33.8,33.6,33.3,33.5,33.5,33.5,33.5,33.9,33.7,33.7,33.9,34.0,34.4,34.0,34.3,34.0,33.7,33.7,33.6,33.6,33.5,33.7,33.4,33.8,34.0,33.5,33.8,33.8,33.6,33.2,33.7,33.7,33.5,33.1,33.6,33.6,33.4,33.4,33.4,33.7,33.9,33.7,33.8,34.1,34.0,34.2,33.8,34.1,33.8,33.6,33.8,34.0,33.5,33.8,33.7,34.0,33.5,33.8,33.9,33.8,33.5,33.7,33.4,33.5,33.3,33.6,33.6,34.1,34.0,33.1,33.6,33.5,33.3,33.8,33.9,33.8,34.5,34.1,34.2,33.8,33.8,33.7,33.7,33.8,33.8,33.4,33.7,34.0,33.5,33.8,34.0,33.7,33.9,33.5,33.7,34.2,34.3,34.4,34.3,34.2,33.6,33.8,33.9,33.6,33.6,33.6,33.6,33.9,34.2,34.2,33.9,33.9,33.8,33.7,33.5,33.8,33.7,33.7,33.7,34.3,34.3,34.5,34.2,34.5,34.6,34.8,34.6,35.1,36.0,35.6,35.0,34.5,33.7,34.1,33.8,33.9,33.8,33.7,34.0,33.7,33.7,33.5,34.0,33.6,33.8,33.1,33.7,33.7,33.9,33.9,34.3,34.5,34.7,34.5,34.5,34.7,34.8,34.7,35.0,34.8,35.8,36.0,35.6,35.0,34.3,34.2,34.1,34.0,33.7,33.5,34.3,33.8,33.6,33.6,33.8,34.5,33.8,33.5,33.6,34.0,33.9,34.4,34.7,35.5,36.0,35.9,35.7,35.6,35.1,35.1,35.1,35.8,35.6,35.8,35.7,35.4,34.7,34.5,34.1,34.4,34.2,34.2,34.4,34.6,33.7,33.9,34.1,33.9,33.5,34.0,34.1,33.7,34.0,33.8,35.0,35.5,36.0,36.0,35.9,35.8,35.3,35.2,35.2,35.3,35.5,35.3,35.5,35.4,34.5,34.2,34.2,34.3,34.2,34.0,34.7,35.0,33.4,34.5,33.9,34.4,33.8,33.9,33.8,34.0,33.7,33.9,34.3,35.0,35.9,35.9,35.2,35.6,35.6,35.9,35.4,35.6,35.2,35.4,35.4,35.1,34.1,34.3,34.3,34.9,34.5,34.4,34.8,35.0,34.1,34.2,33.9,34.5,33.8,33.6,33.9,33.9,33.8,33.8,34.0,34.5,35.2,35.3,35.2,35.2,35.5,35.7,35.0,35.2,35.0,34.7,35.3,35.1,34.3,34.0,34.4,34.7,34.4,34.4,34.9,34.7,34.1,34.3,34.2,34.2,33.6,33.9,33.8,34.2,33.7,33.5,33.8,34.3,33.9,34.1,35.1,35.0,34.6,35.3,35.2,35.3,34.9,34.7,34.9,34.4,34.1,34.1,34.3,34.5,34.3,34.2,34.4,35.0,34.1,33.9,33.5,34.1,34.1,33.9,33.9,34.1,33.3,33.7,33.5,34.0,34.0,nan,34.5,34.5,34.6,35.1,35.3,34.9,34.5,34.9,34.7,34.4,33.7,34.0,34.5,34.2,34.3,34.2,34.5,35.0,34.1,34.0,33.8,34.4,33.6,33.9,33.8,34.2,33.7,34.2,33.9,34.1,33.6,33.8,34.5,34.6,34.1,35.0,35.6,35.3,33.9,34.3,34.4,34.1,34.0,33.9,34.3,34.2,33.9,34.2,34.5,34.4,33.7,33.8,33.9,34.0,33.9,33.7,33.7,33.8,34.0,33.7,33.7,33.8,33.8,33.8,34.4,34.7,34.6,34.9,35.9,35.3,34.2,33.9,34.0,34.2,33.8,33.7,34.3,34.3,34.0,34.0,34.8,34.6,34.2,34.0,34.0,33.9,33.7,34.0,33.8,34.4,33.7,33.7,34.2,34.2,34.1,34.0,33.9,34.5,34.1,34.4,35.6,35.5,34.1,34.0,34.4,34.1,33.9,33.9,34.1,34.4,34.1,34.3,34.6,34.9,33.9,33.6,34.2,33.9,33.7,33.8,34.0,34.2,34.2,33.7,33.9,34.0,34.1,33.9,34.2,34.6,34.4,34.1,35.2,35.6,34.0,34.0,34.5,34.2,33.8,33.7,34.2,34.3,34.0,34.0,34.5,34.8,33.6,33.9,33.9,34.1,33.8,34.0,34.1,33.7,34.2,34.2,34.0,34.2,33.9,34.2,34.2,34.6,34.2,34.1,34.6,34.6,34.1,34.1,34.2,34.2,34.2,34.0,34.4,34.4,34.4,34.4,35.7,36.0,34.0,33.8,33.8,34.2,33.5,34.1,33.6,33.8,33.9,34.0,34.1,34.3,33.9,33.7,34.3,34.2,34.3,34.3,34.6,34.7,34.1,33.7,34.4,34.4,34.4,34.2,34.5,34.4,34.2,34.5,35.0,35.5
1785310866.2180748,893,35.1,34.4,34.6,34.3,34.7,34.0,34.1,34.2,34.0,33.9,33.9,33.5,34.2,33.3,33.6,33.4,33.6,33.3,33.6,33.7,34.0,33.5,33.3,33.7,34.1,33.7,33.3,33.8,34.6,34.2,34.2,33.8,34.9,34.8,34.7,34.9,33.9,34.3,33.9,34.0,33.9,34.2,34.0,34.0,33.7,34.1,33.3,33.7,33.4,33.6,33.5,33.6,33.5,33.3,33.6,34.0,33.4,33.8,33.4,33.9,34.0,33.8,34.0,34.2,35.1,34.4,34.4,34.2,34.6,33.7,33.8,34.1,33.5,34.0,33.8,33.7,33.7,33.5,33.2,33.2,33.2,33.4,33.2,33.4,33.9,33.4,33.5,33.7,33.6,33.8,33.6,33.9,34.2,33.9,33.6,34.3,34.3,34.9,33.8,35.0,33.6,34.3,33.9,33.7,33.8,33.7,33.3,34.1,33.4,33.8,33.6,33.3,33.9,33.3,33.8,33.9,33.5,33.7,33.9,33.8,33.7,33.6,33.3,34.0,33.9,33.9,34.2,34.1,34.9,34.2,34.5,33.7,34.0,33.7,33.5,34.1,33.7,33.7,33.7,33.6,33.6,33.7,33.8,33.8,33.5,33.7,33.1,33.9,33.5,33.7,33.4,33.6,33.9,33.8,33.6,33.9,33.9,33.7,33.7,33.7,33.6,34.8,34.4,34.5,33.9,33.6,33.6,33.7,33.8,33.6,33.8,33.5,33.9,33.6,34.0,33.4,34.4,33.3,34.4,33.3,33.8,33.4,33.4,33.5,33.6,33.8,33.4,33.8,33.6,33.8,34.0,33.6,34.7,34.0,34.2,34.0,33.7,33.6,33.5,34.1,33.9,34.1,33.4,34.5,33.6,34.5,33.2,34.7,33.6,35.1,33.4,35.4,33.9,33.8,33.2,33.9,33.6,33.3,33.5,33.9,34.0,34.1,33.8,34.0,34.0,34.0,33.8,33.9,33.5,33.9,34.3,34.0,34.4,33.5,34.5,33.8,34.6,33.5,34.8,33.8,34.9,33.4,35.4,33.5,34.8,33.3,34.1,33.6,33.9,33.4,33.9,33.7,34.3,33.9,33.9,34.1,34.4,34.0,33.4,34.1,33.8,34.0,33.7,34.8,33.8,35.0,33.5,35.7,33.9,35.2,33.8,35.0,33.6,35.1,33.6,35.2,34.1,34.6,33.7,34.2,34.0,34.4,33.7,34.5,33.7,34.1,33.7,34.4,34.1,34.3,33.8,34.2,33.9,33.7,34.4,33.8,35.0,33.6,35.7,33.6,35.3,33.8,35.2,34.0,34.9,33.7,35.1,34.0,34.8,34.4,34.4,34.2,34.4,33.8,34.6,33.6,34.5,33.4,34.2,33.7,34.2,33.8,33.9,33.9,33.8,34.1,33.7,34.2,33.9,34.5,34.0,35.2,34.3,35.2,34.2,35.3,34.6,34.8,34.7,34.6,35.4,34.3,35.7,34.4,34.5,34.1,33.8,34.6,34.2,34.6,33.8,34.5,33.9,33.7,33.8,33.6,33.4,33.2,34.0,33.5,34.0,33.6,34.6,34.3,35.0,34.5,34.9,35.1,34.7,34.8,34.6,34.8,34.2,35.8,34.1,35.6,33.9,34.1,34.4,33.8,34.4,33.7,34.5,34.0,33.8,33.8,34.1,34.1,34.1,33.7,33.8,33.8,34.2,33.7,34.7,34.5,35.7,34.8,35.9,35.6,35.6,34.5,35.0,34.5,35.6,34.3,36.1,34.1,35.2,33.8,34.0,34.4,34.3,34.4,34.6,34.6,33.9,33.7,33.6,33.7,33.6,33.8,33.9,33.6,33.8,34.1,34.3,34.8,34.4,35.8,35.3,35.8,34.7,35.6,34.4,35.3,33.9,35.5,34.3,35.2,34.1,34.8,34.0,34.3,34.2,34.2,34.5,35.0,34.5,34.0,33.7,34.2,34.0,33.7,33.6,34.0,33.9,33.7,34.1,34.0,35.2,34.8,35.4,35.1,35.7,34.5,35.4,34.3,35.1,34.0,35.3,34.1,34.9,33.7,34.2,34.2,34.9,34.0,34.6,34.6,33.8,34.2,33.7,33.9,33.8,33.8,33.7,33.9,33.5,33.8,33.7,34.2,33.9,34.7,34.8,35.4,34.4,35.5,34.1,35.4,33.9,35.2,34.2,35.2,33.8,34.3,33.9,34.7,34.2,34.6,34.9,34.9,33.9,33.8,33.8,34.2,33.9,33.5,33.8,34.0,33.3,33.7,33.9,33.9,33.9,33.8,34.6,34.6,34.9,34.5,35.1,34.1,35.1,33.8,34.8,33.9,34.1,33.9,34.0,34.6,34.3,34.7,34.2,35.0,33.7,33.9,33.9,33.9,33.9,33.9,33.7,33.9,33.6,33.5,33.8,34.0,33.8,nan,34.2,34.5,34.2,34.6,34.2,35.4,33.7,34.7,33.8,34.4,33.7,34.0,34.6,34.3,34.3,34.2,35.3,35.0,34.3,33.8,34.0,34.0,34.3,33.7,34.3,34.3,33.7,34.0,33.7,34.2,33.6,33.8,34.0,33.8,34.4,34.0,35.6,34.3,34.4,34.0,34.0,34.1,34.2,34.4,34.3,34.2,34.3,34.5,34.2,35.4,33.9,33.8,33.9,34.0,33.9,33.7,33.7,34.1,33.7,33.7,33.5,34.0,34.1,33.9,33.9,34.2,33.9,34.7,34.1,35.9,33.7,34.2,33.8,34.4,34.2,33.9,34.2,33.9,34.4,34.0,34.5,34.8,34.4,34.0,33.3,33.9,33.9,33.5,34.2,33.8,33.7,33.7,34.1,34.4,33.9,34.0,33.9,34.4,34.5,33.8,35.2,34.3,34.6,34.1,34.2,34.0,34.0,34.2,34.3,34.6,34.9,34.1,34.3,34.7,33.4,33.8,33.7,34.1,33.7,34.2,33.4,34.3,34.0,33.8,33.7,34.1,33.7,34.0,34.0,34.6,33.7,34.1,33.8,35.3,34.0,34.4,34.5,34.0,33.9,34.1,34.2,34.3,34.2,33.9,34.2,35.0,33.9,33.7,33.9,34.1,33.6,33.8,33.7,33.9,34.0,33.5,33.8,33.7,34.2,34.0,34.2,34.1,34.2,34.1,34.5,34.4,34.4,34.1,34.4,34.0,34.4,34.2,34.0,34.6,34.2,34.2,35.0,34.9,34.0,34.0,34.0,33.8,33.3,33.9,33.8,34.2,33.3,33.8,33.9,34.1,33.7,34.1,34.1,33.9,33.7,34.5,34.2,34.3,34.2,34.4,34.4,34.4,33.8,34.3,34.4,34.5,34.2,34.3,34.5,35.3
1785310871.224721,895,34.8,34.1,34.6,34.0,34.2,33.6,33.9,33.7,33.6,33.5,33.5,33.3,33.6,33.3,33.8,33.6,33.6,33.5,33.6,33.5,33.6,33.5,33.3,33.3,33.9,33.5,34.0,33.6,34.1,33.7,34.0,34.1,33.6,34.0,34.2,34.2,33.9,34.1,33.3,33.8,33.1,33.8,33.2,33.4,33.4,33.7,33.3,33.7,33.4,33.4,33.5,33.8,33.5,33.5,33.4,34.0,33.4,33.6,33.8,34.1,33.6,33.8,34.0,34.2,34.6,33.6,34.4,34.2,33.9,33.5,33.4,33.5,33.7,33.2,33.3,33.7,33.7,33.4,33.4,33.4,33.7,33.2,33.2,33.4,33.7,33.3,34.0,33.4,34.0,33.3,33.8,33.7,33.8,33.9,33.6,34.1,33.6,33.9,34.3,34.1,33.6,33.4,33.1,33.7,33.1,33.1,33.2,33.6,33.3,33.3,33.4,33.3,33.5,33.3,33.7,33.5,33.5,33.7,33.4,33.6,33.5,33.4,33.3,34.0,33.7,33.7,33.5,33.9,33.8,34.0,33.6,33.9,34.0,33.7,33.3,33.4,33.7,33.2,33.3,33.3,33.5,33.5,33.6,33.3,33.7,32.9,33.1,33.5,33.7,33.5,33.6,33.8,33.8,33.8,33.8,33.9,33.9,33.5,33.5,33.9,33.4,33.9,33.9,34.0,33.5,33.8,33.4,33.3,33.1,33.6,33.1,33.5,33.4,33.4,33.4,33.6,33.1,33.4,33.4,33.4,33.6,33.4,33.4,34.0,33.3,33.6,33.6,33.9,33.4,33.4,33.4,33.8,34.3,34.0,34.0,34.0,33.8,33.4,33.9,33.5,33.7,33.6,33.4,33.5,34.2,33.5,33.6,33.7,33.5,33.3,33.2,33.6,34.1,33.3,34.2,33.2,34.2,33.3,33.9,33.2,33.7,33.3,34.1,33.8,33.5,34.0,33.6,34.1,33.3,33.9,33.8,33.5,33.5,33.7,33.8,34.1,34.0,34.8,33.8,34.5,33.2,33.4,33.5,34.2,33.3,34.1,33.4,34.3,33.2,33.9,33.6,33.7,33.5,33.7,33.7,34.1,34.2,34.2,33.6,34.5,34.4,34.3,34.3,34.3,34.2,34.5,34.8,34.3,35.4,34.4,35.2,34.2,34.1,33.7,34.1,33.4,34.1,33.8,34.1,33.7,34.2,33.7,33.9,33.8,33.3,33.8,33.9,33.8,33.9,34.1,33.9,34.2,34.8,35.0,34.9,35.4,34.3,34.7,34.7,35.3,34.9,35.6,34.6,35.4,34.1,33.8,33.8,34.2,33.7,34.4,33.9,34.3,33.8,34.6,34.2,33.8,33.6,33.6,34.2,33.5,34.0,34.0,34.1,34.8,34.7,35.7,35.6,35.5,35.0,34.7,34.8,35.4,35.5,35.2,35.5,34.9,34.6,33.8,34.4,34.0,34.0,34.3,34.2,34.3,34.3,34.4,33.8,34.1,33.8,34.2,34.0,34.3,33.5,34.1,34.4,34.6,35.4,35.0,35.1,35.6,34.8,35.1,35.1,35.5,35.6,35.7,35.1,35.5,34.4,34.2,33.8,34.5,34.0,34.0,34.3,34.3,34.1,34.5,34.2,34.1,34.0,33.9,33.9,34.2,34.1,34.0,34.3,34.9,35.4,35.5,35.5,35.3,34.9,34.6,35.2,35.4,35.5,35.5,35.4,35.3,34.8,33.8,34.2,34.2,34.3,34.3,34.6,34.6,34.4,34.3,35.2,34.6,34.9,33.8,34.8,34.2,33.7,33.7,34.2,34.1,35.8,35.9,34.7,35.1,34.6,34.9,34.9,35.1,35.3,35.3,35.3,35.0,33.9,34.2,34.2,34.5,33.9,34.7,34.5,34.4,34.3,34.7,34.7,35.4,34.6,34.4,34.5,34.6,34.3,34.5,34.3,34.3,35.0,35.0,35.2,35.2,34.9,35.4,34.7,35.6,35.4,35.4,34.9,34.9,34.2,34.1,34.4,34.5,34.7,34.1,34.3,34.6,34.2,34.1,34.3,34.5,34.7,34.0,34.2,34.0,33.6,34.2,34.3,34.1,34.1,34.4,35.3,35.1,34.3,34.8,35.1,35.2,35.3,34.5,34.5,34.3,34.1,33.9,34.5,34.4,34.0,34.4,34.2,34.4,34.1,34.1,34.2,34.5,34.0,34.2,34.3,34.5,34.3,34.2,33.8,34.2,33.9,33.9,34.3,35.4,34.9,34.5,34.9,35.7,34.7,34.3,34.3,34.1,33.9,33.8,34.0,34.5,34.3,34.1,34.3,34.3,34.6,33.9,34.3,34.6,34.0,34.2,34.0,34.1,33.9,33.9,33.7,34.1,34.1,34.0,34.6,34.6,34.8,35.0,35.5,35.2,34.7,nan,33.5,33.9,33.6,33.8,34.0,34.1,34.7,34.0,34.7,34.4,34.2,34.1,34.6,34.5,34.3,34.0,34.1,34.4,34.3,33.6,34.2,34.4,33.9,33.9,33.8,35.0,34.6,35.2,34.7,35.6,34.5,34.1,34.0,34.0,34.0,33.6,33.9,34.3,33.8,34.5,34.4,34.9,35.1,34.2,35.4,34.8,34.3,34.0,34.0,34.5,33.9,34.5,34.1,34.4,33.5,33.9,34.0,34.3,34.4,34.3,35.2,35.0,33.8,34.4,33.9,34.0,34.1,33.8,33.7,34.3,33.9,33.9,34.5,34.7,34.3,34.6,34.2,34.7,34.0,34.4,33.9,34.4,34.0,34.2,34.2,34.3,33.9,34.2,34.2,34.3,34.4,34.2,34.6,34.2,34.3,34.0,34.1,34.1,34.0,33.8,34.0,34.3,34.1,33.9,34.2,34.2,33.9,34.2,34.3,34.2,34.1,34.1,34.4,34.5,33.9,33.8,34.0,34.3,33.7,34.0,33.8,34.2,33.8,34.4,34.2,34.3,33.4,34.2,34.2,34.3,33.5,34.1,33.8,34.3,33.3,33.7,33.8,34.2,33.6,34.6,34.0,34.5,34.0,33.9,34.7,34.3,33.9,33.7,33.6,34.3,34.2,33.8,33.9,33.9,34.6,34.0,34.0,34.2,34.0,34.0,34.0,34.3,33.9,33.7,34.4,34.4,34.0,33.6,34.0,34.0,34.5,34.0,34.4,34.4,34.2,34.0,34.8,34.6,33.5,34.3,33.7,34.2,33.3,33.7,33.6,34.6,33.5,34.2,33.9,34.2,33.9,34.3,33.9,34.1,33.6,34.1,33.9,34.3,33.9,33.9,34.2,34.2,34.0,34.5,34.2,34.5,34.2,34.5,34.5,34.4
1785310873.7725742,896,34.3,34.1,33.8,34.0,33.8,34.0,34.1,33.7,34.2,33.5,33.7,34.1,34.0,33.4,33.8,33.6,33.4,33.5,33.6,33.8,33.6,33.5,33.1,33.7,33.7,33.7,33.5,34.0,33.9,33.7,33.7,33.8,34.1,34.3,34.4,34.2,33.7,33.9,33.5,34.2,33.7,34.2,33.6,34.0,33.7,34.6,33.7,34.3,33.4,33.6,33.5,33.8,33.7,33.3,33.6,33.6,33.6,33.2,33.4,33.7,34.0,33.8,33.7,33.7,34.4,34.1,33.5,34.5,34.4,33.9,34.0,33.9,34.3,34.0,34.2,34.2,34.9,34.1,34.9,33.9,34.6,33.8,34.4,33.9,34.3,33.8,33.3,33.4,33.4,33.6,33.4,33.3,33.6,33.5,33.6,34.1,34.0,33.9,33.8,34.3,34.0,34.3,33.7,34.3,34.4,34.2,34.1,34.8,34.1,34.8,34.1,35.0,33.7,34.9,34.2,34.7,33.5,34.0,33.9,33.6,33.7,33.6,33.1,34.0,33.7,33.5,34.2,33.9,34.0,34.2,34.3,34.5,35.2,34.4,34.8,34.5,34.4,34.2,34.9,34.6,34.8,34.5,34.1,34.0,33.7,33.9,34.6,34.0,35.2,33.9,33.9,33.8,33.9,33.8,33.9,33.7,34.3,33.7,33.7,33.9,34.1,33.9,34.4,34.5,34.5,35.9,34.3,34.6,34.4,34.5,34.7,34.8,34.9,35.0,34.2,33.9,33.9,33.8,34.2,34.6,34.1,34.7,34.0,34.2,33.8,34.3,33.8,34.1,33.6,33.8,33.6,34.0,34.1,34.3,34.4,35.0,35.4,35.1,34.9,34.8,34.8,34.8,35.0,35.0,35.0,34.8,34.1,34.4,34.0,34.1,34.0,34.3,34.1,34.2,33.8,33.9,34.8,34.0,35.1,34.1,34.0,33.9,33.8,34.2,33.8,34.0,34.2,34.5,35.2,35.1,34.8,34.5,34.7,34.7,34.7,35.1,35.1,35.1,34.4,33.8,34.3,33.7,34.1,34.0,34.3,33.8,34.2,33.9,34.4,35.0,34.3,34.6,34.1,33.7,34.1,33.8,33.5,34.0,33.8,35.4,34.5,35.2,34.8,35.4,34.8,34.6,34.7,35.2,34.9,34.9,34.1,34.1,33.8,34.1,33.6,33.9,33.9,33.9,33.7,34.1,34.0,34.6,34.4,34.7,33.7,33.6,33.5,34.2,34.3,33.6,34.8,33.8,35.6,34.4,34.9,34.9,35.0,34.7,35.2,34.8,35.1,34.1,34.4,33.7,34.0,34.0,34.1,34.0,33.7,34.0,34.3,34.3,34.8,34.1,34.6,34.6,34.0,33.8,33.8,33.7,33.7,34.0,33.5,34.8,33.6,35.5,34.4,35.0,34.9,34.7,34.3,34.9,33.6,34.8,33.3,34.5,34.1,34.0,33.9,34.2,34.0,34.3,34.2,34.1,34.2,34.1,33.8,34.4,34.0,33.6,33.4,33.9,34.1,33.9,34.0,33.6,35.0,33.8,35.2,34.4,35.0,34.4,34.9,34.2,34.7,33.7,34.1,33.6,34.2,33.9,34.0,34.4,34.2,34.0,33.8,34.3,34.4,34.0,34.4,33.6,33.8,33.7,34.1,33.8,34.0,34.0,33.5,34.3,33.7,34.4,33.8,35.0,34.4,35.0,33.7,35.0,33.6,34.4,33.7,34.1,33.7,34.3,34.2,34.3,34.6,34.0,34.3,34.4,33.7,34.0,33.8,34.1,34.0,33.8,33.6,34.0,33.9,33.5,33.6,33.9,34.2,33.6,34.6,33.7,34.9,33.6,34.8,33.8,34.2,33.5,34.2,33.6,34.2,33.9,34.4,34.2,34.0,34.0,34.3,33.7,34.6,33.8,33.9,33.8,33.7,33.3,33.7,34.2,34.1,34.0,33.5,34.3,33.6,33.7,33.6,34.7,33.7,34.6,33.8,34.8,33.6,34.1,33.5,34.0,33.5,34.0,33.9,34.8,33.9,34.0,33.6,33.9,33.6,33.9,33.6,34.2,33.6,33.5,33.8,34.6,33.6,33.4,33.7,33.5,33.8,33.3,34.3,33.9,34.0,33.5,34.3,34.0,34.1,33.6,33.7,33.6,34.1,33.8,34.5,34.1,34.4,33.8,34.2,33.7,34.1,33.6,34.4,33.6,33.7,33.5,34.3,34.1,33.7,33.8,33.4,34.2,33.5,33.9,33.4,34.0,33.7,34.2,33.2,34.3,33.6,34.0,33.8,34.0,33.8,34.0,33.5,34.6,33.8,34.0,33.6,33.7,33.9,33.7,33.8,34.1,33.6,33.8,33.8,34.1,33.9,33.3,33.5,33.3,33.7,33.7,33.7,33.4,34.0,33.1,34.0,33.5,33.6,nan,33.5,33.6,33.7,33.8,33.9,33.8,34.0,33.7,34.0,33.9,33.7,33.3,33.9,33.8,33.9,33.8,34.3,34.0,33.7,33.6,33.6,34.0,33.4,33.7,33.4,34.3,33.2,33.7,33.2,34.2,33.5,33.6,33.6,33.8,33.6,33.6,33.6,34.3,33.6,34.0,33.3,34.0,33.5,33.7,33.8,34.2,33.7,34.2,34.0,34.3,33.7,33.6,33.7,33.4,33.7,33.3,33.5,33.6,33.1,33.3,33.7,33.8,33.6,33.6,33.5,33.4,33.8,33.4,33.9,33.9,33.7,33.5,33.8,33.7,34.0,33.6,33.9,33.7,33.8,33.8,34.3,33.8,34.0,33.8,33.3,33.9,33.7,33.5,33.0,34.3,33.2,33.5,33.0,33.9,33.2,34.1,33.4,34.1,33.5,33.8,33.3,34.1,33.5,33.9,33.5,34.0,33.9,33.8,33.7,34.2,34.1,33.9,34.1,34.2,33.6,33.8,33.7,33.7,33.5,33.4,34.0,33.6,33.6,33.1,33.7,33.6,33.5,33.7,33.5,33.6,33.5,33.2,34.0,33.9,33.9,33.5,34.3,33.8,33.8,33.7,33.8,34.1,34.0,33.5,34.0,34.6,33.9,33.5,33.6,34.1,33.8,33.8,33.5,33.9,33.5,33.8,33.5,34.0,33.3,33.5,33.3,34.1,33.5,33.5,33.3,34.1,33.3,34.1,33.4,34.0,34.2,34.0,34.2,34.4,34.2,34.2,34.1,34.9,33.8,34.0,34.0,33.8,33.9,33.7,33.6,33.6,33.5,33.3,33.7,33.5,33.7,33.6,33.6,33.4,33.4,33.6,34.1,33.6,33.7,33.3,34.2,33.7,34.0,33.6,34.2,33.9,34.2,34.0,34.5,34.6
1785310876.3240023,897,34.5,34.1,34.1,34.1,34.2,34.5,33.9,34.0,34.4,34.3,33.9,34.3,34.4,34.5,34.7,34.4,34.3,33.7,33.8,33.7,34.0,33.9,33.5,33.7,33.5,33.3,33.3,33.4,33.7,33.7,34.0,33.8,33.8,33.5,33.9,34.4,34.3,34.5,34.0,34.2,34.3,34.7,34.1,34.7,34.8,35.4,34.9,35.4,34.3,34.6,33.8,34.3,33.7,33.9,33.4,33.8,33.4,33.6,33.6,33.5,33.8,33.6,33.7,34.0,34.1,34.4,34.4,34.9,35.0,34.8,35.2,34.9,34.3,34.1,34.7,34.6,34.8,35.3,34.4,35.1,34.8,35.3,35.1,35.0,35.0,34.2,34.2,33.7,33.8,33.8,33.2,33.5,33.6,33.5,33.6,34.1,34.0,33.9,33.8,35.0,35.2,35.7,34.5,35.1,34.6,34.2,34.6,35.0,35.0,34.7,34.1,34.0,34.7,33.9,35.0,35.1,35.2,34.9,33.7,33.8,33.7,33.6,33.3,34.2,33.9,33.7,33.5,34.2,33.8,34.0,34.3,35.2,35.8,35.8,35.0,34.9,34.4,34.6,34.7,34.8,34.8,34.9,34.1,33.7,33.5,33.9,33.6,34.4,34.3,34.5,33.7,33.8,33.9,34.3,34.7,34.5,34.1,34.1,33.7,34.1,34.1,34.1,34.8,34.7,35.5,35.7,34.7,34.6,34.5,34.8,34.7,34.9,35.1,34.9,33.7,33.6,33.6,33.9,34.1,33.9,34.1,33.6,33.6,34.2,34.3,34.5,35.0,34.9,34.0,34.2,34.0,34.0,34.1,34.0,34.0,34.8,34.9,34.7,34.8,34.6,35.1,34.8,34.6,34.8,35.0,34.7,33.7,34.1,33.8,34.0,33.5,34.1,33.9,33.8,33.7,33.9,34.3,34.9,35.1,33.9,34.0,33.9,33.9,34.0,34.0,33.7,33.8,33.9,34.6,34.8,34.8,34.5,34.7,34.7,34.5,35.1,35.1,34.4,33.6,34.0,33.9,33.5,33.3,34.2,34.0,34.0,33.7,33.6,34.4,34.5,34.5,34.8,33.9,33.9,33.7,34.1,34.0,33.8,33.8,33.7,33.8,34.5,34.5,35.2,35.0,34.6,34.2,34.2,33.9,33.8,33.6,33.8,34.1,34.1,33.7,33.9,33.8,33.6,33.9,34.2,34.2,33.9,33.9,34.2,33.7,33.8,33.7,33.6,33.9,33.6,33.6,34.0,33.9,33.9,35.1,35.2,34.6,34.9,33.9,34.1,33.4,33.7,33.5,33.5,33.8,34.2,33.8,34.2,33.7,33.7,34.3,34.2,34.3,33.8,34.0,33.9,33.2,33.4,33.6,34.1,34.0,33.8,33.7,33.9,33.8,33.9,34.1,34.2,34.5,34.2,34.2,34.0,33.5,33.7,33.3,33.8,33.8,34.3,33.9,33.8,34.1,34.3,34.0,34.1,33.8,34.1,33.6,33.9,33.8,33.6,33.6,33.5,33.9,33.9,33.6,33.8,33.4,33.6,33.5,33.7,34.2,33.8,33.8,34.0,33.6,33.7,33.3,33.9,33.7,33.7,33.8,34.0,33.9,34.0,34.1,34.2,33.9,33.8,33.4,33.8,33.5,33.7,33.9,33.8,33.8,33.8,33.8,33.5,33.6,33.5,33.4,33.8,33.6,33.6,33.4,33.7,33.5,33.7,33.8,33.8,33.8,34.0,34.1,34.3,34.3,34.2,33.8,33.6,33.7,33.8,33.4,33.7,33.8,33.6,33.6,33.8,32.9,33.5,33.7,33.5,33.5,33.6,33.4,33.6,33.5,33.8,33.5,33.7,33.3,33.5,33.6,33.6,33.4,33.6,34.2,33.9,33.9,33.7,33.4,33.5,33.8,33.5,33.5,33.8,33.7,33.7,33.5,33.8,33.7,33.6,33.4,33.6,33.4,33.4,33.6,33.6,33.7,33.7,33.4,33.8,33.8,33.7,33.6,33.5,33.4,33.7,33.3,33.7,33.6,33.8,33.8,33.3,33.6,33.4,33.6,33.8,33.8,33.5,34.0,33.8,33.2,33.2,32.9,33.5,33.0,33.1,33.4,33.7,33.5,33.5,33.4,33.7,33.9,33.4,33.4,33.8,33.3,33.8,33.5,33.8,33.7,33.3,33.7,33.6,33.6,33.6,33.5,34.0,33.5,33.9,33.5,34.3,33.2,33.6,33.4,33.6,33.5,33.2,33.3,33.5,33.0,33.4,33.3,33.4,33.6,33.5,33.8,33.8,33.1,33.5,33.6,33.5,33.6,33.5,33.6,33.6,33.9,33.4,33.6,33.7,33.6,33.8,33.4,34.2,33.0,33.3,33.3,33.5,33.5,33.5,33.2,33.2,33.1,33.0,33.2,33.2,33.5,nan,33.2,33.1,33.6,33.3,33.5,33.8,33.6,33.6,33.5,33.5,33.9,33.6,33.6,33.4,33.7,33.8,33.7,34.0,33.7,33.8,33.8,33.6,33.4,33.5,33.2,33.6,33.0,33.3,33.0,33.4,33.3,33.3,33.3,33.3,33.6,33.5,33.6,33.8,33.6,33.8,33.7,33.4,33.5,33.7,33.8,33.9,33.9,34.4,34.0,34.3,33.5,33.8,33.1,33.6,33.3,33.3,33.1,33.6,33.1,33.3,33.0,33.5,33.1,33.1,33.2,33.5,33.4,33.4,33.4,33.6,33.4,33.5,33.3,33.8,33.6,33.6,33.7,33.9,33.3,33.8,33.7,34.0,34.2,33.8,33.8,33.9,33.5,33.5,33.4,33.2,33.4,33.1,33.2,33.0,33.4,33.3,33.4,33.1,33.5,33.3,33.3,33.6,33.2,33.6,33.7,33.7,33.9,33.5,34.1,33.8,33.9,34.1,33.9,34.2,33.6,33.8,33.5,33.7,33.7,33.6,33.2,34.0,33.3,33.5,33.5,33.3,33.0,33.4,33.2,33.9,33.2,33.2,33.3,33.4,33.2,33.3,33.6,33.7,33.4,33.7,33.8,33.9,33.6,34.0,33.8,34.1,34.1,33.7,33.9,33.6,33.4,34.0,33.3,33.7,33.5,33.7,33.5,33.5,33.7,33.5,33.3,33.6,33.5,33.6,33.5,33.5,33.1,33.6,33.4,33.2,33.8,33.8,33.8,33.8,33.8,34.0,34.1,34.2,34.0,34.3,33.5,33.8,33.3,33.7,33.4,33.4,33.3,33.5,33.4,33.7,33.4,33.2,33.6,33.5,33.2,33.4,33.3,33.8,33.5,33.2,33.4,33.5,33.5,33.8,33.3,34.0,34.2,34.0,34.1,33.9
1785310878.870674,898,34.5,34.1,34.3,34.3,33.8,34.3,34.3,34.4,34.4,34.3,33.7,34.5,34.2,33.8,33.8,33.8,33.4,33.5,33.6,33.7,33.8,33.9,33.5,33.7,33.9,33.5,33.7,33.6,33.9,33.9,33.5,33.9,34.4,34.3,34.4,34.0,34.8,34.3,34.2,34.5,34.5,34.4,34.7,34.7,34.6,34.3,34.2,34.3,33.7,33.9,34.0,33.8,33.5,33.5,33.8,33.8,33.2,33.6,34.0,33.7,33.8,33.8,34.0,34.5,33.9,34.4,34.2,35.2,34.8,34.6,34.6,35.3,34.9,34.3,34.7,35.5,35.1,35.5,35.5,35.5,35.1,34.5,34.1,34.1,34.1,33.5,33.9,33.9,34.0,33.5,33.5,33.7,34.0,33.7,34.1,34.3,34.5,34.7,35.0,35.2,35.0,34.7,34.7,34.9,35.0,34.4,35.0,35.3,34.7,34.9,35.1,35.2,35.2,35.4,35.5,34.9,34.2,34.0,33.9,33.6,33.5,33.6,33.5,34.0,33.9,33.5,34.0,33.9,34.3,34.7,35.8,36.0,35.6,35.6,34.5,34.9,35.1,35.3,34.9,35.3,34.8,34.0,33.8,34.0,34.7,34.4,35.3,35.7,34.7,34.2,33.9,34.2,34.1,34.1,34.1,34.1,34.3,33.9,34.2,33.9,34.3,35.0,35.7,35.9,36.1,35.1,34.7,35.0,34.9,35.0,35.2,35.2,34.7,34.1,34.1,34.0,33.9,34.3,34.7,34.8,34.3,34.1,34.1,34.6,34.5,34.9,35.0,34.3,34.0,33.8,33.8,34.7,34.5,34.7,35.0,35.8,35.3,34.4,34.6,35.1,35.0,35.0,34.8,35.0,34.7,34.0,33.9,33.9,34.3,34.3,33.9,34.3,34.3,33.9,34.2,34.7,35.4,35.2,34.1,34.3,34.0,33.7,34.1,34.0,34.2,34.2,35.1,35.4,34.8,35.0,35.0,34.5,34.7,35.0,35.0,35.1,34.6,34.3,34.0,34.0,33.7,34.2,34.0,33.9,34.0,33.8,34.2,34.4,34.9,35.1,34.3,34.4,33.7,33.5,33.9,34.3,34.2,33.8,34.0,34.7,35.5,34.9,35.0,35.2,34.9,34.6,34.8,34.7,34.3,34.1,33.8,34.1,33.8,34.0,33.7,33.6,33.9,33.8,34.4,34.2,34.4,34.1,34.3,34.4,33.7,33.8,33.9,34.2,34.3,34.1,34.4,34.2,34.8,35.2,35.2,35.1,34.8,34.7,34.1,34.3,33.8,33.7,33.8,34.2,34.2,34.0,34.3,33.9,34.2,34.1,34.6,34.7,34.3,34.3,34.0,34.1,34.0,33.6,34.2,33.7,33.5,33.8,34.1,34.3,34.2,34.4,34.6,35.0,34.5,34.5,33.7,34.0,33.8,33.5,33.6,34.2,34.3,34.2,33.6,34.2,34.1,34.1,34.4,34.3,33.8,33.8,33.6,34.1,34.0,33.8,33.8,33.7,33.7,33.9,34.0,34.0,34.1,34.1,34.4,34.2,34.3,34.3,34.0,33.7,33.6,34.0,33.7,34.0,34.4,34.5,33.8,34.0,34.0,34.2,34.1,34.3,33.8,34.2,33.9,33.6,34.0,33.5,33.9,33.8,34.3,34.0,34.0,34.3,34.1,34.1,33.6,34.1,33.9,33.8,33.2,33.9,34.0,33.7,34.0,33.8,34.5,34.5,34.3,34.7,34.3,34.2,33.8,33.8,34.1,33.8,33.4,33.9,34.0,33.8,34.0,34.2,33.7,33.7,33.9,33.9,34.0,34.0,34.2,33.9,33.8,33.8,33.8,34.0,33.6,33.8,33.7,33.8,34.0,34.4,34.0,34.2,34.0,34.1,33.9,33.7,33.8,33.8,33.7,34.1,33.8,33.5,34.3,33.8,33.7,33.6,33.8,34.2,33.6,33.4,33.6,34.3,33.7,33.6,33.6,34.0,33.8,33.5,33.6,33.7,34.0,33.5,33.8,34.2,33.6,33.7,34.1,33.6,33.9,33.6,33.4,34.0,34.0,33.7,34.0,34.2,33.6,33.8,33.7,33.7,33.8,33.7,33.8,34.1,33.5,33.6,33.7,34.0,33.6,33.6,33.4,34.0,33.9,33.9,33.8,33.8,33.9,33.8,33.8,33.9,33.6,33.6,33.9,34.1,33.9,33.9,34.3,34.3,33.9,33.6,33.2,33.8,33.4,33.3,33.5,33.8,33.7,33.7,33.3,33.8,33.9,33.8,33.8,33.8,33.6,33.5,33.8,34.1,33.9,33.7,34.1,33.4,34.1,33.7,34.0,33.9,34.2,33.8,34.4,34.4,33.9,33.7,33.1,33.3,33.5,33.1,33.5,33.5,33.5,33.7,33.8,33.7,33.6,nan,33.5,33.7,33.8,33.8,33.5,33.8,33.7,33.7,33.8,33.7,33.7,33.8,33.9,34.0,34.1,34.0,33.9,34.1,34.4,33.8,33.4,33.8,33.2,33.5,33.2,33.2,33.7,33.4,33.4,33.7,33.8,33.5,33.7,33.6,34.0,33.6,33.9,33.8,33.8,33.8,33.9,33.9,33.9,33.5,34.0,33.7,34.1,33.6,34.3,34.1,33.9,33.8,33.9,33.8,33.7,33.7,33.5,33.6,33.1,33.3,33.5,33.6,33.1,33.6,33.9,33.7,33.8,33.8,33.9,33.8,33.9,33.9,33.8,33.8,34.0,33.9,33.5,34.1,33.6,34.0,33.9,34.0,34.4,34.0,33.8,33.9,34.3,33.5,33.4,33.6,33.7,33.5,33.2,33.7,33.6,33.5,33.4,33.6,33.8,33.3,33.5,33.8,33.9,34.1,33.5,34.2,33.9,33.7,33.9,34.4,34.5,33.9,33.7,34.0,33.4,33.8,34.0,33.7,33.7,33.7,33.4,34.0,33.4,33.3,33.5,33.4,33.6,33.7,34.1,33.8,33.2,33.2,33.3,33.6,33.7,33.5,34.0,34.2,33.9,33.6,33.8,34.1,33.6,34.0,33.8,34.4,33.9,34.2,33.7,34.3,34.0,33.4,33.7,33.7,33.7,33.3,33.5,33.5,33.9,33.3,33.3,33.7,33.5,33.2,33.7,33.7,33.5,33.4,33.6,33.2,34.0,34.0,34.0,34.6,34.2,34.2,33.9,34.4,33.5,34.5,34.2,34.0,33.5,33.7,33.8,34.0,33.4,33.8,33.9,33.6,33.8,33.4,33.7,33.7,33.6,33.6,33.7,33.8,33.7,33.4,33.6,33.5,33.8,33.6,33.9,34.4,34.0,34.5,34.3,34.6
1785310881.4251697,899,35.6,34.4,34.3,34.1,34.4,33.6,34.3,34.2,34.0,33.5,33.7,33.7,34.0,33.6,34.0,33.8,33.8,33.3,33.8,33.8,34.2,33.5,33.9,33.7,34.1,33.7,34.2,34.0,34.3,33.7,34.5,34.1,35.1,34.8,34.2,34.7,33.7,34.1,33.7,34.2,34.1,34.4,33.8,33.8,33.6,34.1,33.5,33.6,33.4,33.6,33.8,34.1,33.9,33.5,33.6,34.2,33.8,34.0,34.0,34.4,33.6,34.1,33.7,34.5,34.6,34.1,34.2,34.3,34.8,34.4,34.2,34.3,34.7,34.3,34.2,34.4,34.4,33.9,33.7,33.9,33.6,33.6,33.4,33.8,33.8,33.3,33.7,33.7,34.2,33.7,33.7,33.7,34.0,33.9,34.3,34.1,34.1,34.9,34.1,34.8,34.2,34.5,34.3,34.7,34.8,35.0,34.6,34.8,33.8,34.2,34.0,34.2,33.7,34.2,33.8,34.0,33.3,33.8,33.6,34.0,33.7,33.9,33.3,34.0,33.7,34.4,34.2,34.4,35.4,34.7,35.2,35.0,35.4,34.6,35.2,34.9,35.3,35.3,35.6,35.7,36.0,35.4,35.3,34.7,34.5,34.1,34.0,33.6,34.3,33.5,34.1,33.8,34.3,33.9,34.0,33.7,34.1,33.9,34.0,34.3,35.0,35.2,34.8,35.1,34.9,34.9,34.7,35.0,35.2,35.4,34.7,35.2,35.1,35.2,35.6,36.1,35.4,35.1,34.2,34.6,33.8,33.9,34.0,34.0,33.8,34.2,33.8,34.3,33.4,34.0,33.8,34.0,35.9,36.0,36.2,35.8,35.3,34.6,35.3,35.5,35.5,34.8,34.8,34.3,34.0,34.0,34.6,34.6,35.7,35.2,34.7,34.5,34.3,34.1,34.7,34.7,35.0,34.2,34.1,33.8,34.6,34.3,34.1,34.2,36.2,36.3,35.9,36.1,34.8,35.3,35.2,35.6,35.0,35.2,34.4,34.3,33.7,34.1,34.1,34.6,34.2,34.6,34.3,34.3,34.5,34.4,35.1,35.4,34.3,34.8,33.7,34.1,33.9,34.5,33.7,34.5,35.4,35.7,35.8,35.1,35.3,34.5,35.0,35.4,35.5,35.0,34.8,34.5,34.1,33.6,34.4,34.3,34.4,33.7,33.9,33.9,34.4,34.9,35.4,34.8,34.5,33.8,33.9,33.8,34.1,34.0,34.3,34.2,35.2,35.9,35.0,35.6,34.8,35.2,34.9,35.2,34.8,35.4,34.7,34.6,33.7,34.0,34.3,34.3,34.0,34.2,33.7,34.4,34.2,34.7,34.8,35.0,34.3,34.3,34.0,34.1,33.8,33.8,33.8,33.9,34.8,34.4,35.7,35.6,35.5,35.1,34.9,35.0,34.9,34.5,34.5,34.4,34.3,33.8,34.1,34.3,34.3,33.8,34.4,34.5,34.8,34.3,34.5,34.8,34.3,33.9,34.0,33.7,34.3,33.6,34.0,33.7,33.9,35.1,35.2,35.6,35.0,35.4,34.4,34.9,34.2,34.6,34.1,34.2,33.9,34.2,33.8,34.4,33.7,34.0,34.3,34.7,34.2,34.7,34.3,34.3,33.9,34.2,34.1,33.8,33.7,34.1,33.9,34.2,35.3,34.7,34.5,35.1,35.0,34.6,35.0,34.7,34.2,33.8,33.7,34.1,34.0,34.0,34.6,34.6,34.3,34.0,34.1,34.5,34.6,34.2,34.3,33.6,34.2,33.8,34.0,33.9,34.5,33.8,34.0,34.2,34.4,34.3,34.2,34.6,34.5,35.0,34.6,34.6,34.0,33.8,34.0,34.0,33.8,34.2,34.0,34.6,34.2,34.6,34.1,34.5,34.0,34.2,33.9,34.2,33.9,34.2,34.0,34.1,34.0,34.0,33.9,34.2,34.5,34.1,34.3,34.5,34.7,33.8,34.3,34.3,34.2,33.9,34.1,34.1,34.4,34.0,34.4,34.3,34.6,34.5,34.6,34.3,34.4,33.7,34.1,34.4,34.2,33.6,34.2,34.2,34.5,33.7,34.2,34.0,33.6,34.2,34.3,34.5,33.8,34.2,33.9,34.4,33.8,34.0,33.7,34.0,33.9,34.2,34.2,34.6,34.2,34.6,33.8,34.3,33.9,34.1,34.0,34.4,33.8,34.1,33.7,34.1,33.7,33.7,33.9,34.5,34.1,33.8,34.2,34.0,34.1,33.7,34.3,34.2,34.4,33.4,33.9,33.9,34.3,34.0,33.9,34.2,34.1,33.7,34.0,34.0,34.4,33.7,33.9,33.8,34.3,33.7,34.0,34.3,34.2,34.2,34.4,34.2,34.1,33.9,33.7,34.3,33.9,34.0,33.9,34.8,33.8,34.2,34.0,34.3,33.9,nan,33.9,34.1,33.8,34.4,33.9,34.4,34.1,33.7,34.2,34.0,34.0,34.0,34.3,34.3,34.1,34.0,33.7,34.2,34.4,33.8,34.0,34.0,34.3,33.9,34.0,34.0,34.0,34.0,34.1,34.1,34.0,34.0,34.3,34.0,34.1,33.7,34.3,33.7,33.9,33.7,33.9,34.1,34.4,33.5,34.2,34.6,34.3,34.0,34.5,33.9,33.7,34.0,33.7,34.0,33.4,33.9,33.9,34.1,34.0,34.2,34.0,34.2,33.6,33.9,33.9,34.4,33.8,34.1,34.1,34.1,33.7,34.2,34.2,34.4,34.0,33.9,34.2,34.1,33.8,34.4,34.1,34.4,34.2,34.2,34.0,34.3,34.1,33.5,33.6,34.2,34.2,33.3,34.1,34.1,34.1,34.1,34.1,34.1,34.3,33.9,34.2,33.9,34.4,34.0,34.2,34.2,34.2,33.9,34.5,34.2,34.5,33.7,34.1,34.3,33.4,34.0,33.8,34.1,33.7,33.8,33.8,34.5,33.3,34.0,33.9,34.0,33.6,33.9,33.9,34.4,34.1,34.1,33.8,34.1,33.9,34.0,34.0,34.6,33.8,34.3,34.2,34.5,34.4,34.4,34.0,34.6,34.8,33.7,34.3,34.1,34.6,34.0,33.9,33.7,33.8,33.8,33.8,33.9,33.9,33.7,33.7,34.1,33.7,33.9,34.2,34.1,34.2,34.1,34.2,34.2,34.6,34.0,34.4,34.4,34.4,34.2,34.4,34.9,34.0,34.3,34.0,34.4,33.7,34.3,33.8,34.2,33.5,33.8,33.7,34.4,33.4,33.8,34.1,33.7,33.4,34.3,33.9,34.3,33.9,34.2,34.4,34.4,34.0,34.7,34.3,34.8,34.0,34.5,34.5,34.9
1785310883.9719832,900,33.7,34.1,33.8,34.3,34.0,33.6,33.4,34.0,33.2,34.0,33.5,33.5,33.2,34.0,33.6,33.6,33.3,33.5,33.6,33.7,33.4,33.9,33.3,33.7,33.5,33.5,33.5,33.8,33.9,33.9,33.7,33.8,34.1,32.9,34.2,34.0,34.1,33.2,33.7,33.6,33.9,33.6,33.4,33.6,33.7,33.2,33.3,33.5,33.4,33.0,33.6,33.8,33.5,33.5,33.8,33.8,33.8,33.2,33.6,33.7,33.6,33.8,34.0,34.0,33.9,34.4,33.5,34.2,33.5,34.4,33.8,34.1,33.7,34.0,33.4,33.9,33.3,33.7,33.2,33.6,33.0,33.4,33.4,33.4,33.4,33.4,33.7,33.9,33.4,33.5,33.8,33.5,33.8,33.9,33.8,34.6,34.5,33.7,33.8,34.3,34.2,33.4,34.3,34.3,34.4,33.7,34.1,34.1,33.6,33.5,33.4,33.8,33.4,33.5,33.5,33.3,33.2,33.5,33.4,33.4,33.7,33.0,33.7,33.8,33.5,33.7,33.7,33.7,34.0,34.4,34.5,34.6,34.4,34.8,34.7,35.1,35.3,35.1,35.1,35.5,34.1,34.9,33.9,33.8,33.3,33.7,33.4,33.7,33.5,33.5,33.4,33.5,33.4,33.8,33.2,33.5,33.5,33.7,33.5,33.9,35.3,34.3,34.8,34.7,35.1,34.4,34.7,34.8,34.9,35.4,35.7,35.5,35.4,34.7,35.0,34.6,34.1,33.8,33.9,33.4,33.6,33.2,33.6,33.5,33.6,33.4,33.6,33.8,33.4,33.4,33.6,34.0,35.4,35.8,34.8,35.6,34.3,34.9,34.9,35.3,34.4,35.3,34.3,34.3,34.5,34.5,35.2,35.4,34.7,35.7,33.9,34.3,33.8,33.9,34.0,34.0,33.6,33.7,33.5,33.9,33.7,33.9,33.4,34.0,35.7,35.5,35.7,34.9,34.8,34.6,35.0,35.2,35.4,34.5,34.5,34.3,33.8,34.1,34.4,35.3,35.1,34.0,34.3,34.2,34.2,34.1,34.2,34.6,34.3,33.4,33.9,33.9,34.1,33.7,33.9,33.6,35.7,36.1,34.8,35.4,34.5,34.9,34.8,35.2,34.5,34.8,33.8,34.2,33.8,33.6,33.9,34.4,33.6,34.1,33.9,34.3,34.6,35.1,34.4,34.9,33.7,34.1,33.5,34.2,33.5,34.1,33.7,34.0,36.0,35.1,35.0,35.0,34.8,34.6,34.9,35.2,35.1,34.9,34.2,34.1,33.8,33.7,34.1,34.2,34.0,33.4,33.8,34.4,34.5,34.8,35.1,34.0,33.9,33.6,33.8,33.8,33.8,33.6,33.8,33.3,35.0,34.8,34.9,35.0,34.4,34.8,34.8,34.9,34.7,35.2,33.7,33.9,33.9,33.8,33.8,33.8,33.6,33.7,34.1,34.2,34.1,34.4,34.4,34.6,33.5,33.9,33.8,33.9,33.8,34.0,33.6,33.7,34.7,34.3,35.4,35.0,35.2,34.3,34.5,34.4,34.7,34.1,34.1,33.8,34.0,34.0,34.0,34.2,33.9,33.9,34.0,34.4,34.4,34.0,34.3,34.2,33.9,33.6,33.9,34.0,34.2,33.3,33.9,33.6,33.8,34.4,35.1,35.7,34.6,35.0,34.1,34.3,33.5,33.7,33.7,33.9,34.1,34.0,34.1,33.8,33.7,33.5,34.1,34.3,34.0,34.0,33.8,33.9,33.7,33.6,33.6,33.9,33.4,33.8,33.6,33.8,34.6,34.1,34.6,34.8,34.5,34.3,34.4,34.1,33.8,33.8,33.6,33.7,33.9,34.2,34.4,33.9,34.0,34.1,34.4,34.5,34.4,33.9,34.0,33.9,33.8,33.7,33.9,33.9,33.8,33.7,33.7,34.0,33.9,34.3,34.5,34.5,33.8,34.3,33.9,34.3,33.5,34.1,33.8,34.1,34.1,34.1,34.3,34.5,34.0,34.3,33.8,34.5,33.6,34.1,33.8,34.1,33.7,33.7,33.8,34.0,33.4,34.2,33.6,34.0,34.0,33.8,33.9,34.3,34.1,33.8,34.1,33.9,33.5,33.6,33.7,33.9,33.7,33.9,34.2,34.6,33.9,34.1,34.3,34.1,34.0,33.6,33.8,34.2,34.1,33.6,33.9,34.0,33.7,33.3,33.9,34.1,33.9,33.6,33.8,34.4,33.5,33.9,33.8,34.0,33.7,33.9,33.4,33.9,33.9,34.1,33.9,34.1,33.6,34.1,33.8,33.8,33.3,33.7,33.6,33.9,33.9,34.1,33.6,33.9,33.6,34.0,33.6,33.5,33.9,33.9,33.9,34.1,34.1,33.5,33.9,33.7,33.6,33.5,33.8,34.2,33.8,nan,33.9,33.7,33.9,33.6,33.9,33.8,33.7,33.4,33.8,33.9,33.8,33.6,34.1,33.6,33.9,33.3,33.7,34.4,33.7,33.6,34.0,34.4,33.4,33.9,33.8,34.3,33.9,34.2,33.5,34.1,33.3,33.8,34.0,34.0,33.3,33.6,33.6,34.0,33.6,33.6,33.5,33.7,33.7,33.9,34.2,34.2,33.5,34.0,33.8,34.1,33.4,33.8,33.5,34.0,33.9,33.9,33.7,34.0,34.0,33.8,33.9,34.1,34.0,33.6,34.0,34.2,34.1,33.9,34.1,33.8,33.9,33.7,33.8,33.7,34.2,33.6,34.1,34.5,33.8,33.6,34.1,34.0,34.2,34.0,33.7,33.9,33.5,33.6,33.6,34.0,33.9,34.0,34.1,34.6,33.7,33.8,33.9,34.1,33.6,33.9,33.9,33.8,33.7,34.0,33.9,33.9,33.5,34.0,34.1,34.4,33.7,33.7,33.9,34.2,33.6,33.8,34.0,34.1,33.5,33.1,33.6,33.8,33.8,33.7,33.5,33.6,33.7,33.5,33.9,34.3,33.7,33.6,33.8,33.9,33.7,33.7,34.3,34.0,33.9,33.6,34.0,34.5,34.4,33.6,34.0,34.6,33.6,34.4,33.9,34.1,33.4,33.6,33.7,33.7,33.5,33.8,33.7,33.7,33.3,33.7,34.0,34.1,33.5,33.9,34.0,34.1,33.7,33.9,34.0,34.0,33.8,34.0,34.2,34.4,33.6,34.2,34.8,34.4,33.8,33.6,34.2,33.8,33.9,33.5,33.6,33.8,33.5,33.3,33.9,33.7,33.7,33.4,33.7,33.4,33.6,33.8,33.7,34.1,33.9,33.5,33.8,34.0,34.4,34.2,34.1,34.2,34.0,34.0,34.1,34.6
1785310886.5212386,901,34.3,33.8,33.8,34.0,34.2,33.8,33.7,33.7,33.6,34.2,33.3,33.7,33.6,33.4,33.4,33.4,33.4,33.5,33.4,33.5,33.4,33.5,33.5,34.1,33.5,33.5,33.7,33.1,33.9,33.7,33.7,33.8,34.3,34.5,34.2,34.2,33.9,33.9,33.9,34.2,33.7,33.6,33.8,33.6,33.5,33.7,33.5,33.4,33.4,33.0,33.6,33.8,33.5,33.5,33.2,33.6,33.6,33.6,33.6,33.5,33.8,33.6,34.0,34.5,34.1,34.4,34.0,34.5,34.4,34.6,34.4,35.1,34.1,35.1,34.0,34.8,33.9,33.7,33.4,33.7,33.6,33.2,33.5,33.6,33.6,33.6,33.5,33.6,33.4,33.5,33.6,33.7,34.0,33.9,33.8,34.1,34.0,34.4,34.7,34.5,34.6,34.1,34.9,35.3,35.5,34.8,35.3,34.4,34.7,34.0,33.9,34.0,33.5,33.7,33.5,33.7,33.5,33.8,33.6,33.6,33.7,33.6,33.5,34.0,33.7,33.9,33.5,34.6,34.2,34.9,34.7,34.6,35.0,35.0,35.0,35.1,35.1,34.2,35.3,34.6,35.1,35.2,35.3,34.8,34.0,33.9,33.6,33.9,33.7,34.4,33.9,33.8,34.1,33.8,33.6,33.9,34.1,33.7,33.9,34.3,35.0,35.0,34.6,35.1,34.9,34.9,34.5,35.2,34.4,34.5,34.2,34.5,34.2,35.0,35.0,35.6,33.6,33.8,33.7,34.1,35.1,34.6,34.0,34.2,33.8,33.6,33.8,34.1,33.4,33.4,33.2,33.8,36.1,35.8,35.0,35.0,35.1,35.1,35.5,34.9,34.4,34.1,33.6,34.0,34.2,33.9,34.4,34.2,33.8,33.8,34.0,35.1,35.4,34.9,34.2,33.9,33.8,33.7,33.7,33.7,33.5,33.5,34.1,34.0,35.5,35.7,34.9,34.9,34.8,35.0,35.0,35.0,34.4,34.0,33.7,34.1,33.8,34.1,33.8,34.2,33.7,33.8,34.1,35.0,34.7,34.4,33.7,33.7,33.6,33.4,33.7,33.7,33.5,33.5,33.5,33.9,35.6,34.8,34.8,35.2,34.7,34.9,34.6,35.0,34.5,34.0,34.0,34.0,33.9,33.5,33.9,33.9,33.6,34.1,34.2,34.1,34.4,34.1,34.2,33.6,33.5,33.7,33.5,34.0,33.7,33.8,33.7,33.8,35.2,34.9,35.0,35.0,34.5,34.6,34.5,35.1,34.0,34.1,33.7,33.9,33.8,33.5,33.8,34.0,33.8,34.0,34.4,34.4,34.0,34.0,33.8,33.8,33.4,33.8,33.8,34.1,33.4,33.6,33.8,33.7,35.4,35.5,35.3,35.0,34.7,34.4,34.4,34.0,34.0,33.9,33.7,33.9,34.4,34.1,33.9,34.0,34.1,34.1,34.2,34.3,33.8,33.6,33.4,33.9,33.7,33.6,33.6,33.7,33.6,33.5,33.6,33.5,34.7,35.1,35.4,35.0,34.3,34.1,33.8,34.1,33.8,33.4,33.5,34.0,34.2,34.2,33.7,33.9,33.7,33.9,33.8,34.2,33.4,33.9,33.8,34.0,33.6,33.5,33.9,34.3,33.7,33.5,33.5,33.6,34.7,34.4,34.9,34.9,34.5,34.2,33.8,33.8,33.9,33.6,33.5,34.1,34.4,34.1,34.0,34.3,34.1,34.0,34.1,33.9,33.8,33.5,33.8,33.8,33.7,33.5,33.8,33.7,33.6,33.5,33.6,33.6,34.1,34.3,33.8,34.8,34.0,34.3,33.7,34.3,34.0,33.6,33.8,33.8,34.2,34.4,34.0,34.4,33.4,34.2,33.6,33.7,33.4,33.7,33.4,34.0,33.8,33.5,33.7,34.1,33.5,33.3,33.5,34.0,34.1,33.8,34.3,34.2,34.0,33.7,33.6,34.1,33.9,33.9,34.3,34.1,34.1,33.8,34.0,34.2,33.8,33.8,33.8,33.8,33.9,33.5,33.8,33.9,33.7,33.7,34.0,33.8,33.6,33.5,34.0,34.2,33.6,34.0,34.1,34.1,33.8,33.6,33.7,34.1,33.3,33.6,33.7,34.2,33.6,34.1,33.5,34.1,33.8,33.6,33.8,33.8,33.7,33.6,34.0,34.1,33.8,33.5,34.1,34.1,33.5,33.7,34.3,34.1,33.9,34.2,33.8,33.8,34.1,33.5,34.0,34.0,33.9,33.5,33.8,33.8,33.9,33.8,33.8,33.7,33.5,33.5,33.8,33.8,33.9,33.5,33.9,33.6,33.9,33.6,33.8,34.1,33.6,33.4,33.8,34.2,33.7,33.7,33.7,33.7,33.9,33.5,33.7,33.5,33.6,33.7,33.5,33.7,33.6,nan,33.5,33.6,33.7,33.6,33.5,33.8,33.9,33.7,33.7,33.9,33.5,33.8,34.3,33.8,33.5,33.5,33.9,33.8,33.9,33.8,33.8,33.8,33.7,33.5,33.8,34.1,33.5,33.9,34.2,33.7,33.8,34.0,33.6,34.1,33.8,33.2,33.8,34.1,33.8,33.8,33.7,34.2,33.9,33.7,33.8,34.0,33.7,33.6,34.0,34.3,33.7,34.0,33.7,33.8,33.2,33.9,33.3,33.9,33.5,33.8,33.9,34.1,34.0,33.9,33.9,33.9,33.8,33.8,33.9,33.9,33.9,33.9,33.7,34.2,33.8,33.7,34.1,33.7,33.4,33.4,33.9,33.6,34.2,33.8,33.7,33.7,33.3,33.5,33.4,33.8,33.7,33.3,33.9,33.5,33.9,33.5,33.7,34.3,33.8,33.6,33.9,34.1,33.9,33.8,34.0,33.9,34.0,34.0,34.1,34.2,33.7,33.5,33.9,34.0,33.4,33.6,33.5,33.9,33.7,33.8,33.6,34.2,33.4,33.7,33.7,34.0,33.0,33.9,33.9,34.1,33.6,33.4,33.5,34.1,33.5,33.7,34.2,34.2,33.8,33.7,33.8,34.1,33.6,33.5,33.8,34.1,34.6,33.9,33.9,34.1,33.4,33.8,33.9,33.7,33.6,33.5,33.5,33.5,33.5,33.7,33.9,33.4,33.3,33.0,34.0,33.9,34.0,33.6,34.0,34.0,34.4,33.6,34.2,34.2,33.8,34.0,34.6,34.4,33.5,33.8,33.7,34.0,33.5,33.7,33.8,34.0,33.2,33.6,33.9,34.2,33.6,33.7,33.6,33.5,33.2,33.8,33.7,33.9,33.5,33.7,33.8,33.8,33.7,34.3,33.7,33.8,33.6,34.0,34.3,34.4
1785310889.0717783,902,34.5,34.4,34.6,34.6,34.2,33.8,33.9,34.2,33.6,33.9,34.1,34.1,34.4,33.6,33.8,33.8,33.4,33.3,33.8,33.9,33.8,33.7,33.3,33.7,33.5,33.3,34.0,34.0,34.1,33.5,34.2,34.4,35.2,34.3,34.7,34.9,34.6,34.3,34.4,34.5,33.7,34.2,34.0,34.6,33.7,34.6,34.0,34.3,33.4,33.6,33.8,33.8,33.7,33.5,33.6,33.7,33.2,33.4,33.6,33.7,34.0,33.6,33.7,34.0,35.1,34.9,34.2,34.9,34.6,34.2,34.0,34.7,33.7,34.2,33.5,34.1,34.9,34.1,34.4,34.6,33.2,33.9,33.4,33.8,33.9,33.5,33.3,33.8,33.4,33.3,33.5,33.8,33.8,33.7,33.9,34.1,35.3,34.7,35.0,34.1,34.2,33.9,34.3,33.7,34.2,33.9,34.1,34.3,34.0,34.3,34.5,34.5,34.2,33.5,34.5,33.5,33.7,33.7,33.6,33.4,33.4,33.2,33.1,33.8,33.7,33.8,34.2,34.2,34.7,35.1,33.8,35.0,34.0,34.3,33.7,34.1,33.9,33.5,34.0,34.1,33.8,34.0,34.1,34.0,33.4,33.9,33.6,34.2,33.8,33.5,33.2,33.7,33.6,33.4,33.4,33.9,33.7,33.5,33.5,33.9,35.5,34.6,35.2,34.5,34.5,34.2,34.2,33.9,33.7,34.2,33.8,34.4,33.9,33.9,34.2,33.8,34.0,33.3,33.9,33.9,33.4,33.6,33.5,33.2,33.5,33.5,33.4,33.8,33.1,33.4,33.6,33.8,34.8,34.9,34.0,35.0,34.0,34.2,34.4,34.2,34.1,34.1,34.3,34.2,33.7,33.9,33.6,34.1,33.5,33.5,33.6,34.0,34.1,33.8,33.2,33.5,33.6,33.3,33.9,33.8,33.5,33.3,33.9,34.0,34.9,34.2,34.7,34.2,34.1,34.2,34.3,34.2,33.9,33.7,33.9,33.9,34.1,33.8,34.0,33.5,33.5,33.5,33.5,33.5,33.4,33.5,33.7,33.2,33.4,33.6,33.4,33.7,33.5,33.7,33.7,34.1,33.7,34.6,33.8,34.9,34.4,34.0,34.1,34.3,33.9,33.8,33.9,34.4,33.5,33.6,33.5,34.1,33.6,33.5,33.4,33.6,33.4,33.3,33.3,33.7,33.2,33.2,33.9,33.5,33.9,33.6,33.7,33.8,34.5,33.9,34.4,33.8,33.8,34.1,34.4,34.4,34.1,33.9,34.1,33.8,33.7,33.4,33.8,33.5,33.7,33.7,33.7,34.0,33.4,33.6,33.6,33.5,33.3,33.6,33.5,33.6,33.2,33.6,33.6,33.3,34.6,34.0,33.9,34.1,34.0,33.7,33.9,34.4,34.1,34.1,33.3,34.1,33.3,33.7,33.3,34.0,33.8,33.5,33.3,33.5,33.5,33.5,33.4,33.8,33.5,33.4,33.4,33.6,33.4,33.7,33.6,33.7,34.1,33.7,33.8,33.8,34.0,33.6,33.9,33.7,33.7,33.6,33.8,33.7,33.7,33.6,33.7,33.7,33.6,33.9,33.5,33.7,33.3,33.7,33.3,33.3,33.1,33.3,33.5,33.5,33.3,33.3,33.9,33.4,34.1,33.8,34.0,34.3,34.1,33.4,33.5,34.0,34.1,33.6,33.4,33.9,33.3,33.4,33.5,33.7,33.7,33.5,33.6,33.9,33.8,33.2,33.1,33.8,33.6,33.3,33.3,33.7,33.8,33.3,33.6,34.0,33.9,33.9,33.7,34.1,33.5,34.0,33.7,33.6,33.8,33.6,33.3,34.0,33.4,33.5,33.7,33.8,33.4,33.6,33.4,33.7,33.2,33.4,33.5,33.2,33.4,33.0,33.5,33.4,33.3,33.1,33.5,33.6,34.1,33.6,33.9,34.4,33.8,33.2,34.0,34.0,33.7,33.4,33.5,33.8,33.8,33.3,33.3,33.8,33.7,33.7,33.4,34.2,33.4,33.3,33.6,33.6,33.4,33.2,33.4,33.7,33.6,32.8,33.2,33.4,33.4,33.8,34.3,33.9,33.8,33.8,33.8,33.9,33.2,33.6,33.7,34.2,33.8,33.3,33.6,33.6,33.5,33.8,33.5,34.0,33.6,33.8,33.9,33.6,33.3,33.3,33.2,33.8,33.5,33.4,33.7,33.7,33.5,33.6,34.2,34.0,34.1,33.5,33.8,34.0,33.7,33.4,33.6,33.6,33.8,33.7,33.8,33.8,33.5,33.5,33.8,34.0,33.9,33.5,33.6,33.8,33.2,33.4,33.6,33.4,33.8,33.4,34.0,33.6,33.5,33.3,33.5,33.5,33.4,33.1,33.7,33.7,33.3,33.5,33.5,33.7,33.5,nan,33.5,33.9,33.6,33.5,33.7,33.8,33.6,33.7,33.8,33.2,33.2,33.5,33.6,33.8,33.4,33.3,33.7,33.9,33.7,33.4,33.4,34.0,33.6,33.2,33.2,33.8,33.2,33.5,33.4,33.6,33.0,33.3,33.2,33.6,33.6,33.2,33.3,33.8,33.5,33.7,33.4,33.5,33.2,33.3,33.8,33.9,33.3,33.6,33.8,33.7,33.2,33.6,33.7,33.8,33.4,33.3,33.3,33.4,33.2,33.3,33.5,33.3,33.1,33.3,33.2,33.2,33.4,33.3,33.8,33.8,33.6,33.2,33.7,33.7,33.3,33.2,33.3,33.4,33.3,33.5,33.5,34.0,33.8,33.8,33.6,33.9,33.5,33.3,33.4,33.6,33.5,33.2,33.7,33.9,33.4,33.3,33.4,33.6,33.1,33.1,33.3,33.6,33.6,33.3,33.5,33.7,33.3,33.3,33.6,33.8,33.9,33.3,34.1,34.0,33.4,33.8,33.6,33.7,33.3,33.8,33.6,33.8,33.3,33.5,33.4,33.6,33.2,33.2,33.5,33.9,33.2,33.2,33.5,33.8,33.4,33.3,34.0,33.5,33.4,33.6,33.6,34.1,33.4,34.0,33.8,34.8,34.1,33.5,33.7,33.9,33.8,33.4,33.5,33.5,33.7,33.8,33.5,33.9,33.9,33.4,34.0,33.9,33.3,33.2,33.7,33.6,33.3,33.4,33.6,33.6,33.6,33.4,33.6,34.2,33.8,33.6,34.4,34.7,33.3,34.1,33.8,34.0,33.3,33.5,34.0,34.0,33.4,33.7,33.7,33.7,33.8,33.6,33.7,33.6,33.0,33.6,33.4,33.6,33.7,33.5,34.0,34.2,33.5,33.6,33.7,33.8,33.6,34.1,34.3,34.4
1785310891.6158798,903,33.7,33.6,34.1,33.8,34.0,33.4,33.7,33.8,33.6,33.7,33.5,33.5,33.8,33.6,33.6,33.8,33.3,33.1,33.8,33.5,33.4,33.3,33.3,33.3,33.5,33.3,33.5,33.6,34.1,33.7,34.0,34.4,33.8,34.3,33.7,33.7,33.5,33.7,34.0,33.8,33.5,33.6,33.6,33.4,33.6,33.6,33.5,33.9,33.6,33.6,33.5,33.8,33.3,33.5,33.6,33.7,33.2,33.2,33.4,33.5,33.6,33.8,33.5,34.5,34.6,34.6,34.4,34.7,34.6,33.7,34.0,34.1,33.7,33.6,33.6,33.7,33.3,33.4,33.4,33.9,33.2,33.6,33.5,33.6,33.8,33.6,33.5,33.4,33.2,33.1,33.5,33.3,34.0,33.7,34.1,34.3,34.5,35.1,35.0,35.6,33.8,34.5,33.9,34.3,33.7,33.7,33.7,33.9,33.6,33.6,34.0,33.8,33.5,33.4,33.8,33.7,33.9,33.5,33.2,33.4,33.0,33.6,33.5,33.4,33.5,33.3,34.0,34.2,35.4,35.4,35.4,35.6,35.2,35.2,35.0,34.9,33.9,33.5,33.9,34.0,34.6,34.5,34.8,34.7,33.7,33.6,33.1,33.4,33.8,33.5,33.7,33.5,33.4,33.2,33.4,33.7,33.9,33.7,33.7,34.1,35.0,35.0,34.8,34.7,34.5,34.4,35.5,34.8,34.0,33.8,33.6,34.0,35.1,35.2,35.1,34.9,33.6,33.4,33.7,34.1,33.4,33.4,33.4,33.5,33.3,33.4,33.6,33.8,33.4,33.8,33.6,33.8,35.4,34.9,34.2,34.2,34.1,34.0,34.2,34.4,33.4,33.6,33.6,34.0,34.7,34.2,34.7,34.9,33.6,33.2,33.7,33.8,33.8,33.4,33.5,33.4,34.0,33.2,33.5,33.9,33.5,33.5,33.6,34.0,34.9,34.6,34.1,34.4,33.9,33.9,33.8,34.2,33.3,33.5,33.9,34.4,34.1,34.1,34.5,34.8,33.4,33.7,33.5,33.9,33.4,33.5,33.6,33.9,33.4,33.6,33.8,33.5,33.3,33.7,34.0,34.1,34.8,34.8,34.2,34.3,34.2,34.0,33.9,34.3,33.7,33.5,34.7,34.7,34.1,34.0,34.0,33.9,33.5,33.7,33.3,33.6,33.3,33.5,33.6,33.2,33.2,33.2,33.6,33.5,33.5,33.6,33.7,33.8,35.0,35.1,34.4,34.6,33.9,33.9,34.2,34.2,33.5,33.7,34.2,34.5,33.7,33.8,33.7,33.7,33.4,33.5,33.7,33.7,33.5,33.7,33.4,33.2,33.1,33.6,33.5,33.9,33.2,33.8,33.4,33.5,34.6,34.4,34.3,34.1,34.2,34.3,34.1,34.4,33.7,33.6,33.7,34.3,34.1,33.8,33.6,33.5,33.5,33.8,33.5,33.7,33.4,33.5,33.6,33.8,33.3,33.3,33.6,33.6,33.8,33.5,33.6,33.9,34.1,34.3,34.0,34.0,33.6,33.8,34.4,34.1,34.0,33.9,34.0,34.0,33.7,33.9,33.8,33.6,33.6,33.4,33.5,33.6,33.4,33.7,33.4,33.5,33.1,33.5,33.7,33.6,33.7,33.9,33.7,33.8,34.7,34.2,34.0,34.5,34.1,33.7,34.2,34.3,33.9,33.9,33.7,33.9,33.6,33.2,33.7,33.8,33.7,33.2,33.6,34.0,33.8,33.5,33.6,33.3,33.2,33.3,33.3,33.5,33.4,33.1,33.6,33.6,34.6,34.1,34.1,33.9,33.6,34.0,34.1,34.6,34.1,33.8,33.8,33.8,33.1,33.5,33.4,33.8,33.4,33.6,33.7,33.6,33.2,33.6,33.7,33.7,33.3,33.5,33.7,33.4,33.1,33.3,33.3,33.6,34.3,33.6,34.1,34.4,34.0,33.6,33.9,34.3,34.0,34.2,33.6,33.8,33.6,33.7,33.6,33.8,33.4,33.5,33.8,33.7,33.4,33.3,33.8,33.6,33.2,33.4,33.4,33.5,33.3,33.5,33.6,33.8,33.6,33.8,33.9,33.9,33.8,33.7,33.9,33.9,33.5,33.6,33.5,33.9,33.6,33.6,33.7,33.8,33.6,33.5,33.6,33.8,33.4,33.8,33.8,33.6,33.3,33.1,33.5,33.4,33.1,33.2,33.9,33.9,34.1,33.6,33.8,34.4,33.7,33.3,34.0,34.0,33.7,33.5,33.8,33.4,33.6,33.7,33.6,33.8,33.5,33.4,33.5,33.8,33.6,33.3,33.9,33.6,33.4,33.0,33.8,33.7,33.8,33.6,33.8,34.0,33.9,34.4,33.9,34.1,33.9,33.9,33.7,33.9,33.5,33.8,33.7,33.8,33.6,nan,33.5,33.9,33.4,33.6,33.5,33.8,33.7,33.6,33.8,33.7,33.2,33.6,33.7,33.4,33.2,33.3,33.3,33.8,34.6,33.6,33.8,34.2,33.9,33.7,33.8,34.3,33.5,33.5,33.6,33.6,33.3,33.8,33.8,33.6,33.8,33.3,34.1,34.0,33.6,33.5,33.5,33.9,33.3,33.3,33.6,33.5,33.7,33.2,33.8,33.9,33.7,34.0,33.9,34.0,33.9,33.7,33.9,34.0,33.7,33.8,33.7,33.8,33.6,33.8,33.9,33.7,33.4,33.8,33.7,34.0,33.7,33.9,33.8,33.7,33.3,33.0,33.5,33.8,33.1,33.3,34.1,33.6,33.8,33.8,34.0,34.3,33.7,33.5,33.6,34.0,33.7,33.5,33.9,33.9,33.6,33.6,33.9,33.9,33.8,33.3,33.7,33.9,33.6,33.6,33.7,33.5,33.3,33.3,33.7,33.8,33.5,33.5,33.7,34.0,33.2,33.4,34.0,33.9,33.3,33.8,33.6,34.0,33.3,33.5,33.5,33.8,33.4,33.6,33.5,33.6,33.4,33.2,33.8,33.8,33.3,33.3,33.6,33.3,33.0,33.6,33.6,33.9,33.4,33.8,33.8,34.1,33.9,33.9,33.9,34.3,33.6,33.8,33.7,33.7,33.5,33.7,33.5,33.5,33.5,33.3,33.5,33.4,33.3,33.2,33.5,33.7,33.5,33.2,33.4,33.4,33.8,33.6,33.8,33.8,34.0,33.8,34.2,34.7,33.3,34.0,34.0,34.2,33.1,33.7,33.6,34.0,33.4,33.3,33.6,33.9,33.6,33.4,33.6,33.4,33.0,33.6,33.2,33.4,33.5,33.2,33.6,33.7,33.5,33.8,33.9,33.8,33.8,34.3,34.3,34.6
1785310894.176975,904,34.0,34.4,33.8,33.8,33.8,33.6,33.7,33.7,33.8,33.7,33.5,33.5,33.6,33.4,33.6,33.6,33.6,33.6,33.4,33.5,33.6,33.7,33.1,33.3,33.9,33.3,33.1,34.0,34.1,33.9,34.5,34.1,34.3,34.3,34.2,33.7,34.1,33.9,33.9,33.6,33.7,33.6,33.4,33.4,33.4,33.6,33.7,33.6,33.4,33.6,33.5,33.4,33.5,33.4,33.4,33.6,33.4,33.8,33.6,33.7,33.8,33.4,34.0,34.3,33.9,34.8,33.5,34.7,33.7,34.2,33.6,34.1,33.7,34.1,33.1,33.9,33.7,33.7,33.5,33.4,33.6,33.6,33.2,33.4,33.4,33.8,33.5,33.4,33.4,33.5,33.2,33.5,33.6,33.7,33.6,34.1,34.5,33.9,35.2,33.9,34.8,33.4,34.3,33.5,34.0,33.5,33.7,33.6,33.6,33.3,33.6,33.5,34.0,33.4,33.7,33.5,33.8,33.7,33.7,33.4,33.7,33.4,33.3,33.8,33.7,33.5,34.2,33.9,34.3,35.3,34.3,35.6,34.4,35.2,33.9,35.8,33.9,34.2,33.3,34.0,33.5,34.0,33.4,34.3,33.9,34.1,33.3,33.5,33.7,33.9,33.4,33.6,33.4,33.2,33.4,33.3,33.7,33.7,33.5,34.1,35.7,34.8,35.2,34.7,34.5,34.2,34.9,34.4,34.9,33.6,33.8,33.7,34.1,33.7,34.2,34.0,34.1,33.4,33.7,33.4,33.8,33.2,33.8,33.3,33.5,33.3,33.2,33.6,33.6,33.6,33.8,33.8,35.2,35.4,34.6,34.6,34.5,34.4,34.6,34.0,34.1,33.9,33.6,33.8,33.7,34.2,33.6,34.5,34.0,34.8,33.7,34.1,33.6,33.9,33.5,33.5,33.6,33.5,33.5,33.7,33.7,33.7,33.9,33.8,35.1,35.3,34.7,34.6,33.9,34.4,33.8,34.9,33.8,33.9,33.7,33.9,33.8,33.6,34.4,34.3,34.6,34.3,33.8,34.0,33.5,33.3,33.7,33.6,33.4,33.4,33.4,33.5,33.7,33.7,33.9,33.6,35.0,35.2,34.6,34.7,34.5,34.2,34.6,34.3,33.9,33.8,33.7,34.2,33.9,34.3,34.4,34.1,34.6,34.1,33.6,33.5,33.6,33.6,33.4,33.7,33.5,33.4,33.6,33.5,33.5,34.0,33.7,33.8,35.2,34.9,35.0,34.4,33.6,34.3,34.2,34.2,34.1,33.9,33.6,34.0,34.2,34.2,34.1,34.2,33.8,33.7,33.8,33.7,33.4,33.6,33.6,33.7,33.4,33.3,33.5,33.8,33.8,33.8,33.6,33.9,35.0,35.0,34.5,34.5,34.2,33.9,33.5,34.7,33.9,34.5,33.7,33.8,34.6,34.3,34.2,33.7,33.5,33.8,33.5,33.5,33.7,33.6,33.6,33.6,33.3,33.4,33.2,33.7,33.6,33.6,33.6,34.1,34.7,34.7,34.2,34.2,33.9,33.8,34.2,33.9,34.2,33.8,33.9,34.0,34.0,34.0,33.7,34.2,33.9,33.6,33.5,33.7,33.7,33.7,33.6,33.5,33.4,33.3,33.5,33.6,33.5,33.3,34.1,33.8,34.9,34.6,34.3,33.9,34.1,33.9,34.1,34.3,34.2,34.2,34.0,34.1,34.3,33.5,33.8,33.8,33.8,33.5,33.6,33.8,33.5,33.5,33.6,33.6,33.4,33.6,33.6,33.7,33.8,33.5,34.2,33.6,34.8,34.5,33.8,33.9,33.6,33.8,33.7,34.1,34.3,34.0,34.1,34.5,33.6,33.6,33.4,33.8,33.4,33.5,33.7,33.6,33.6,33.6,33.5,33.9,33.6,33.5,33.3,34.1,33.5,33.7,33.5,34.0,34.7,34.5,33.7,34.1,34.2,33.7,34.1,34.0,34.4,33.9,34.1,34.0,34.0,33.8,33.8,33.7,33.7,33.7,33.4,33.8,33.8,33.7,33.6,33.6,33.6,33.4,33.6,33.7,33.6,33.5,34.0,33.8,34.0,34.2,33.7,33.7,33.8,34.0,33.9,34.3,33.7,34.3,33.5,34.0,33.7,33.6,33.7,33.8,33.4,33.5,33.6,33.8,33.5,33.8,33.7,33.6,34.0,33.5,33.7,33.6,33.5,33.5,33.5,33.9,34.3,34.0,34.0,34.2,34.1,33.7,34.3,33.8,34.0,33.7,33.9,33.9,33.9,33.6,33.8,33.8,33.6,33.7,33.5,34.0,33.6,33.5,33.8,33.7,33.7,33.4,33.4,33.7,33.8,33.6,33.6,33.5,34.1,33.9,33.5,34.1,34.1,33.7,33.9,34.1,33.8,34.0,33.8,34.0,33.6,nan,33.5,33.6,33.6,33.6,33.7,33.6,33.6,33.7,34.0,33.7,33.5,33.3,33.6,33.6,33.5,33.5,33.7,34.0,34.4,34.0,34.0,34.2,33.8,34.1,33.8,34.1,33.7,34.0,33.5,33.9,33.7,33.6,33.8,33.3,33.8,33.5,33.8,34.0,33.6,33.8,33.9,33.9,33.7,33.7,33.6,33.5,33.9,33.8,33.8,33.7,34.1,34.0,34.1,34.2,33.9,33.9,33.7,34.1,33.8,34.0,33.5,33.6,33.9,33.4,33.7,34.0,33.6,33.8,33.7,33.8,33.9,33.6,33.8,33.8,33.5,33.2,33.5,33.6,33.4,33.6,33.9,33.8,34.6,34.2,34.2,34.1,33.9,33.8,33.6,34.2,33.9,33.3,34.2,33.9,34.1,33.8,33.9,33.6,34.0,33.6,33.9,34.1,33.9,33.6,34.1,33.9,33.9,33.7,33.5,34.0,33.7,33.5,34.1,34.0,33.4,34.0,34.0,33.9,33.3,34.0,33.8,34.2,33.6,33.8,33.5,34.0,33.5,34.1,33.4,34.3,33.4,33.6,33.8,34.1,33.7,33.5,33.6,33.8,33.4,33.7,33.6,33.7,33.6,33.4,33.8,34.1,34.3,33.9,33.6,34.1,33.8,34.0,34.3,33.7,33.8,33.6,34.2,33.9,33.9,33.7,33.7,33.7,33.9,33.5,34.0,33.7,33.7,33.7,33.8,33.8,33.4,33.4,34.2,34.0,33.6,34.0,34.1,34.4,33.8,34.0,34.2,34.2,33.7,33.9,33.8,34.2,33.3,33.8,33.7,33.9,33.7,33.7,33.6,33.4,33.4,33.6,33.5,33.8,33.5,33.9,34.0,33.7,33.5,33.4,33.8,34.0,33.8,34.3,34.3,34.4
1785310896.7166498,905,34.3,34.1,34.1,33.8,33.8,33.8,33.9,33.5,33.6,33.7,33.9,33.7,33.8,33.5,33.4,33.6,33.4,33.3,33.8,33.5,33.8,33.5,33.7,33.7,33.7,33.3,33.7,33.6,33.7,33.5,33.7,33.9,34.1,33.7,34.0,33.7,33.5,33.4,33.3,34.2,33.5,33.6,33.8,34.0,33.2,33.9,33.3,33.9,33.2,33.4,33.5,33.8,33.5,33.4,33.2,34.0,33.6,33.6,33.4,33.5,34.0,33.8,33.2,34.5,33.9,34.1,34.0,33.8,33.7,33.3,33.6,33.9,33.5,33.4,33.6,33.7,33.3,33.2,33.5,33.2,33.0,33.4,33.5,33.8,33.8,33.5,33.9,33.8,33.6,33.5,33.5,33.3,33.6,33.9,34.1,33.9,34.1,33.7,33.8,34.3,33.6,33.5,33.4,34.1,33.5,33.5,33.2,33.9,33.1,33.5,33.4,33.7,33.4,33.4,33.5,33.9,33.5,33.5,33.2,33.8,33.5,33.6,33.1,34.2,33.7,34.0,33.7,34.2,33.5,34.0,33.6,33.9,33.6,33.3,33.7,33.6,33.9,33.5,33.5,33.3,33.6,33.4,33.6,33.2,33.4,33.2,33.5,33.4,33.3,33.5,33.6,33.5,33.8,33.4,33.6,33.5,33.7,33.5,34.0,34.1,33.4,33.7,33.9,33.6,33.8,33.6,33.8,33.7,33.5,33.3,33.6,33.5,33.2,33.2,33.4,33.6,33.5,33.4,33.4,33.3,33.3,33.4,33.1,33.7,33.3,33.3,33.6,33.8,33.6,33.4,33.6,34.3,34.1,34.1,33.8,34.0,34.0,33.6,33.7,33.9,33.7,33.8,33.8,34.2,33.6,34.0,33.4,33.9,33.5,33.5,33.6,33.8,33.4,33.3,33.3,33.5,33.6,33.3,34.1,33.8,33.9,33.5,33.7,33.6,33.6,34.0,33.9,34.2,33.3,33.9,34.1,34.4,34.4,34.0,34.5,33.8,34.3,33.3,34.3,33.5,33.7,33.2,33.8,33.9,33.5,33.6,33.2,33.6,33.4,33.6,33.6,33.9,33.5,33.5,33.7,34.5,34.0,34.0,33.8,34.5,34.4,34.5,34.8,34.7,34.7,35.0,34.3,35.2,33.8,34.6,33.8,34.9,33.6,34.5,33.6,34.1,33.6,33.6,33.9,33.7,33.5,33.6,33.9,33.7,33.7,33.8,33.5,33.8,33.9,34.3,34.6,35.2,34.5,34.6,34.7,35.6,35.0,35.2,35.0,35.1,34.8,34.0,34.4,33.9,34.3,33.9,34.5,34.0,33.5,33.4,33.6,33.8,33.6,33.6,33.9,33.9,33.8,33.8,33.6,33.5,34.4,34.4,35.1,35.3,35.1,35.3,35.1,35.0,34.7,35.2,35.2,35.3,35.1,34.5,35.2,34.5,34.0,34.5,33.8,34.5,34.0,33.6,34.4,33.8,33.8,33.9,33.8,33.9,33.8,33.5,33.6,33.7,34.5,34.5,35.4,35.0,34.7,35.2,34.7,35.3,34.7,34.3,34.9,34.7,34.4,35.1,34.1,35.2,34.7,34.0,34.3,34.1,33.6,34.1,33.8,34.5,33.9,34.0,34.1,33.8,34.0,33.7,33.7,33.8,36.0,35.1,35.1,36.0,35.0,34.6,35.0,34.8,34.9,34.7,34.0,34.9,34.0,34.0,34.5,34.5,34.0,34.2,33.9,33.9,34.3,33.7,34.6,33.9,34.6,34.5,34.1,35.3,33.8,33.8,33.6,34.2,35.0,35.4,35.4,34.6,34.7,35.4,34.6,35.1,34.6,34.5,34.6,34.0,34.1,33.8,33.9,34.3,33.9,33.8,33.9,34.2,33.9,34.4,34.0,34.9,34.3,34.7,34.6,34.1,34.0,33.7,33.7,34.4,35.6,35.1,35.1,34.9,34.9,34.8,34.7,34.8,34.9,34.7,34.1,34.6,33.8,34.0,34.5,34.0,33.9,34.1,34.3,34.2,34.3,34.0,34.4,34.8,34.4,34.3,34.0,34.2,34.0,34.0,33.8,34.6,34.3,35.5,34.7,35.1,34.8,34.4,34.8,35.3,34.5,34.5,34.3,34.0,33.9,34.1,33.9,34.3,33.9,33.9,34.0,34.6,33.9,34.4,34.4,34.4,34.5,34.1,34.1,34.1,33.7,34.1,34.1,34.1,35.4,34.5,35.4,34.6,34.8,34.6,34.7,35.2,34.2,34.0,33.9,34.1,34.6,33.8,34.3,34.0,34.3,34.2,34.4,34.3,34.3,34.3,34.3,34.1,34.1,33.6,34.5,34.1,34.2,34.0,34.0,34.2,34.1,35.0,34.1,35.3,34.6,34.6,34.8,34.3,34.0,34.2,34.0,34.0,33.8,nan,33.9,34.4,34.1,34.3,34.4,34.4,34.4,33.9,34.2,34.2,33.9,33.8,33.9,34.2,34.1,33.8,34.1,34.7,34.8,34.5,35.4,34.2,34.9,34.8,34.7,34.7,33.7,34.2,34.2,34.1,33.8,33.8,34.6,33.8,34.5,34.0,34.4,34.5,34.1,34.2,34.2,34.1,34.0,33.5,34.3,34.2,34.1,33.8,34.3,34.1,33.5,34.0,34.1,35.2,34.3,34.2,34.0,34.7,34.0,34.2,33.9,34.3,33.8,34.3,33.9,34.7,34.1,34.1,34.2,34.5,34.2,34.1,33.8,34.2,33.8,33.8,33.9,33.9,33.8,33.8,34.1,33.8,34.9,34.2,34.6,34.3,34.7,34.2,34.4,34.4,34.2,34.0,34.1,34.2,34.1,34.0,34.4,34.1,34.5,34.3,34.0,34.3,33.9,34.0,33.9,34.4,34.2,33.9,34.3,34.4,34.5,34.1,33.9,34.3,33.9,34.5,34.0,34.6,34.1,34.2,34.3,34.7,33.8,33.8,33.9,34.3,33.9,33.9,33.9,34.6,33.9,33.9,33.9,34.3,33.9,34.0,34.0,34.4,33.6,33.9,34.0,34.3,34.0,34.2,33.8,34.6,34.1,34.4,34.3,34.5,34.4,34.4,34.7,34.1,33.8,34.0,34.2,34.4,34.2,34.1,34.0,34.4,33.7,33.7,34.4,34.3,34.2,33.9,34.4,34.2,34.2,33.6,34.4,34.4,34.4,34.2,34.8,34.4,33.8,34.5,34.0,34.6,33.7,34.1,34.0,34.6,33.7,34.2,33.9,34.3,33.6,34.1,33.9,34.3,33.7,34.1,33.9,34.3,34.1,34.1,33.6,34.4,33.9,34.2,34.1,34.4,33.8,34.3,34.3,34.6
1785310898.898995,906,34.8,33.8,34.0,33.8,33.5,34.0,33.8,33.1,33.1,33.4,33.1,33.7,33.6,33.6,33.5,33.8,33.0,33.8,33.5,33.4,33.6,33.4,33.2,33.3,33.4,33.7,33.7,33.5,33.8,33.4,33.4,33.3,34.3,34.0,33.7,34.2,33.6,33.6,32.8,34.0,33.5,33.1,33.3,33.4,33.1,33.5,33.4,33.5,33.2,33.3,33.4,33.5,33.8,33.3,33.4,33.6,33.9,33.8,33.1,33.9,33.7,33.3,33.9,34.0,34.1,34.3,33.9,34.2,33.7,33.7,33.6,33.6,33.7,33.9,33.8,33.8,33.3,33.5,33.5,33.5,33.0,33.4,33.0,33.2,33.4,33.4,33.4,33.5,33.2,33.2,33.6,33.3,33.7,33.2,33.8,34.0,33.8,33.9,34.0,34.0,33.8,33.4,33.7,33.7,34.0,33.6,33.7,33.9,33.8,33.4,33.4,33.4,33.7,33.5,33.3,33.8,33.6,33.3,33.3,33.4,33.5,33.5,33.1,34.0,33.6,33.3,33.4,34.1,34.2,33.9,33.8,34.1,33.8,33.8,33.9,34.3,34.3,34.4,34.3,34.8,34.9,35.0,34.2,34.0,33.8,33.7,33.4,33.3,33.6,33.3,33.5,33.4,33.4,33.4,33.5,33.3,33.1,33.9,33.9,33.6,34.5,33.8,33.7,34.4,34.3,34.1,34.5,34.6,34.8,34.5,34.6,34.8,35.3,35.2,35.2,35.4,34.2,33.9,33.8,33.5,33.6,33.3,33.2,33.5,33.8,33.6,33.4,33.9,33.2,33.4,33.6,34.4,34.0,34.7,35.0,35.6,35.6,35.1,34.7,34.4,34.7,35.1,35.2,35.0,35.0,35.1,35.0,35.0,35.5,35.3,34.6,34.7,34.0,33.9,33.5,33.7,33.6,33.6,33.6,33.3,33.4,33.6,33.6,34.0,34.4,34.4,35.4,35.7,35.7,35.8,34.4,35.0,35.0,34.5,35.0,35.0,34.7,34.4,34.1,34.4,34.9,34.9,35.5,35.6,34.3,33.7,33.5,33.7,33.5,33.4,33.5,34.0,34.1,33.7,33.5,34.2,34.1,35.0,34.8,35.6,35.2,34.8,34.4,34.6,34.6,34.6,34.8,35.0,34.7,34.4,33.9,33.6,34.1,33.9,34.5,35.0,35.2,33.7,33.9,33.5,33.5,33.7,33.9,33.8,33.9,33.7,33.5,33.8,34.3,34.6,34.9,35.9,35.3,34.6,34.3,34.8,34.9,34.4,34.7,34.7,34.6,34.6,33.4,33.8,33.9,33.6,34.1,34.8,33.8,34.0,33.6,33.6,33.7,33.7,33.5,34.1,33.7,33.8,33.6,34.1,34.1,34.4,35.1,35.2,34.9,34.6,34.5,34.6,34.5,34.7,34.6,34.9,34.8,34.6,34.0,33.8,33.3,33.8,33.9,33.6,33.9,33.4,33.8,33.7,34.0,34.7,34.4,34.9,34.3,34.3,34.0,33.7,34.5,33.8,34.4,34.9,34.8,34.3,34.7,34.9,34.9,34.2,34.6,34.8,34.8,34.3,33.8,33.8,34.0,33.5,33.5,33.8,33.5,33.7,33.9,33.8,34.6,34.4,34.4,35.0,35.1,34.4,33.8,33.9,34.0,34.2,34.1,34.1,35.0,35.1,35.0,34.9,34.3,34.4,34.2,34.2,34.2,33.9,33.9,33.8,33.9,33.9,34.0,34.0,33.9,34.0,34.1,34.1,34.2,34.4,34.3,34.4,34.3,33.8,33.9,33.7,34.1,33.7,33.8,33.8,34.5,34.8,34.7,35.1,34.7,34.1,33.9,34.0,33.7,33.6,33.5,34.0,33.7,34.2,33.8,34.2,33.8,33.7,34.3,34.5,34.2,34.3,33.8,34.4,34.0,33.6,33.4,33.8,34.2,34.0,33.7,33.7,34.1,34.2,34.8,34.8,34.2,34.4,34.1,33.7,33.6,33.8,33.6,33.6,33.8,34.3,34.1,34.1,33.9,34.1,34.0,34.2,34.2,33.9,33.9,33.8,33.8,33.4,34.1,34.1,33.6,33.8,33.9,34.1,34.4,33.6,34.1,34.6,33.8,33.9,33.8,34.1,33.7,33.4,33.3,33.7,33.9,33.9,33.9,34.4,34.2,34.2,34.1,34.5,34.3,33.8,33.8,33.9,33.6,33.7,33.8,34.3,33.8,33.8,33.9,33.8,33.7,33.8,33.8,34.1,34.0,33.7,33.5,33.6,33.6,33.8,33.4,33.6,33.6,33.9,34.2,34.1,34.4,33.9,34.2,33.7,33.9,33.7,34.1,34.0,33.9,33.9,34.3,33.7,33.8,33.7,33.2,33.9,34.0,33.6,33.7,34.0,33.6,33.3,33.6,33.6,33.9,nan,33.3,33.9,33.7,33.9,34.0,34.4,33.8,33.8,33.4,33.7,34.1,33.4,33.9,34.1,33.9,33.8,33.8,34.4,33.9,34.2,33.7,33.7,33.5,33.8,33.9,33.9,33.6,33.8,33.7,33.7,33.4,33.7,33.8,33.6,33.8,33.6,33.9,33.9,33.7,33.8,33.8,33.7,33.8,33.8,33.7,33.6,33.9,34.1,34.4,34.3,33.6,33.6,33.8,34.1,33.9,33.6,33.6,33.9,34.0,33.6,33.5,33.9,33.6,33.9,33.8,34.0,33.7,33.4,33.9,34.1,33.7,33.7,33.6,34.0,33.9,33.3,34.0,34.1,33.8,34.4,33.9,33.9,33.7,33.7,33.9,33.9,33.9,33.6,33.6,33.6,33.7,33.8,34.2,34.0,33.7,33.8,33.8,33.7,33.9,33.6,33.6,33.9,33.8,34.1,34.2,33.6,34.0,33.8,33.9,34.0,34.1,34.0,34.1,34.0,33.6,33.3,33.7,33.7,33.7,34.0,33.2,33.8,33.8,33.6,33.8,33.9,33.8,33.7,33.8,34.4,34.0,33.7,33.8,34.0,34.0,33.5,34.1,34.0,33.7,33.9,33.4,34.2,33.9,33.9,34.0,34.5,33.6,33.7,33.8,33.8,34.0,33.9,33.5,33.7,33.4,33.8,33.6,33.3,33.5,33.6,33.6,33.9,33.6,33.9,33.8,34.0,33.8,33.7,34.1,33.7,33.8,34.3,34.2,33.9,34.0,34.2,34.6,34.4,33.9,33.5,33.7,34.2,33.5,33.8,33.6,33.8,33.5,33.6,33.7,33.5,33.5,33.7,33.9,33.7,33.7,33.5,33.5,33.9,34.2,33.7,33.8,34.0,34.0,34.1,34.4,34.1,34.4,34.0,34.0,34.8
1785310901.4493346,907,34.0,34.1,33.8,34.0,33.7,33.6,33.6,33.7,33.2,33.4,33.3,33.7,33.6,33.4,33.6,33.2,33.4,33.1,33.6,33.8,33.4,33.5,33.3,33.7,33.6,33.3,33.5,33.8,33.6,33.7,33.9,34.1,34.1,34.2,34.4,34.2,33.9,33.4,33.7,33.8,33.3,33.4,33.2,33.6,33.5,33.5,33.3,33.5,33.3,33.4,33.6,33.6,33.3,33.3,33.6,33.6,33.6,33.4,33.4,34.1,34.2,33.6,33.7,34.2,33.9,34.3,33.9,33.8,33.9,33.7,33.8,33.6,33.7,33.6,33.6,33.7,33.5,33.5,33.3,33.5,32.8,33.2,33.2,33.6,33.6,33.2,33.3,33.7,33.6,33.2,33.8,33.7,33.8,33.9,34.1,33.8,34.0,33.9,33.8,34.1,33.8,33.6,33.7,33.9,34.0,33.7,33.9,33.9,33.8,33.4,33.4,33.3,33.3,33.3,33.6,33.5,33.3,33.1,33.2,33.4,33.9,33.4,33.3,34.0,33.5,33.7,33.7,34.4,33.8,34.2,34.3,33.9,34.0,34.0,33.9,34.1,34.4,34.6,34.4,34.6,33.9,34.7,33.9,33.8,33.5,33.7,33.3,33.3,33.1,33.3,33.4,33.6,33.4,33.4,33.3,33.7,33.5,33.3,33.7,34.1,34.3,33.8,34.1,34.4,34.5,34.1,34.1,34.8,34.3,34.6,34.1,34.3,35.0,35.0,34.9,34.6,33.9,33.6,33.5,33.6,33.4,33.4,33.2,33.5,33.3,33.2,33.4,33.5,33.4,33.6,33.6,33.6,34.5,34.0,34.4,35.0,35.6,36.0,35.1,35.1,34.6,34.8,34.8,35.1,35.3,35.0,35.3,35.5,35.2,35.0,33.5,34.3,33.9,33.6,33.5,33.3,33.3,33.5,33.5,33.5,33.6,33.5,34.0,33.6,33.7,33.9,34.8,35.5,35.5,35.5,35.0,34.7,34.7,34.5,35.1,35.2,35.1,34.7,35.1,35.1,35.2,35.1,34.9,34.3,33.8,33.4,33.4,33.6,33.5,33.7,33.5,33.3,33.5,33.5,33.7,33.8,34.1,34.4,35.0,35.0,35.8,35.0,34.3,34.5,34.8,34.6,34.8,35.0,34.9,34.9,34.2,34.1,34.2,34.0,35.2,35.5,35.0,34.4,33.7,33.5,33.5,33.5,33.5,33.6,33.9,33.6,33.5,33.4,34.3,34.0,34.3,35.5,35.5,35.0,34.7,34.7,34.8,34.5,34.5,34.7,34.8,34.8,34.1,34.0,34.0,33.8,34.7,35.6,34.9,34.5,33.6,34.0,33.7,33.9,33.6,33.9,33.7,34.0,33.8,33.9,34.4,34.0,34.3,34.6,35.1,34.8,34.7,34.7,34.5,34.5,34.6,34.7,34.9,34.9,34.2,34.0,33.9,33.6,33.7,34.1,34.4,34.1,33.9,33.6,33.8,33.7,33.6,33.7,33.8,33.6,34.0,33.9,33.9,34.1,34.2,34.2,35.0,34.6,34.9,34.4,34.6,34.4,34.7,35.0,34.8,34.8,33.8,33.9,34.0,33.8,33.8,34.0,33.5,33.9,33.7,34.0,33.7,34.0,33.7,33.9,34.0,34.0,33.6,33.6,34.0,34.0,33.9,34.5,34.8,34.8,35.2,35.1,34.4,34.2,34.3,34.2,34.4,33.8,34.0,33.8,34.0,33.8,33.9,33.8,33.6,33.3,33.8,33.6,34.0,34.4,34.3,34.9,35.0,34.5,34.2,34.3,33.7,33.9,34.0,33.8,34.0,35.2,35.1,34.9,34.4,34.4,34.1,34.3,33.9,34.1,33.5,34.1,33.7,33.9,34.0,34.2,34.0,33.7,33.8,34.0,34.1,34.5,34.5,34.6,35.1,34.2,34.2,34.2,34.1,34.0,33.9,34.3,34.1,34.1,35.0,35.1,34.5,34.2,34.1,33.9,33.9,33.8,33.8,33.8,34.1,34.0,34.1,34.3,33.9,33.8,34.2,34.4,34.6,34.2,34.1,34.3,34.3,33.8,34.2,34.1,33.4,34.2,33.9,33.9,33.9,33.6,34.4,34.4,33.6,33.9,33.7,34.2,33.6,33.6,33.7,33.6,33.7,34.2,34.3,34.4,33.8,34.4,34.1,34.4,34.6,34.1,33.9,34.1,34.0,34.0,34.2,34.3,33.9,34.0,33.7,34.2,33.5,33.7,34.3,34.0,33.8,33.7,33.7,33.7,34.1,33.5,33.6,34.0,34.1,34.1,34.4,34.3,34.1,34.1,34.2,34.4,33.9,34.1,34.1,33.9,33.8,33.8,34.2,34.3,33.8,33.7,33.8,33.9,33.9,33.5,34.0,33.9,33.8,33.8,33.6,33.8,33.7,nan,33.7,33.7,33.9,33.9,34.3,34.4,34.2,34.2,34.1,34.0,34.0,33.6,33.9,33.8,34.1,33.6,34.2,34.2,33.7,33.6,33.3,34.0,33.5,34.0,33.7,33.9,33.7,34.0,33.7,33.9,33.5,33.8,34.1,33.9,33.9,33.5,34.2,34.3,34.1,34.6,34.0,33.9,34.0,33.8,33.8,34.0,33.9,33.9,34.2,34.3,33.2,33.6,33.9,33.8,33.3,33.8,33.6,33.9,33.8,33.8,33.5,34.1,33.8,33.4,33.9,33.8,34.1,33.8,33.9,34.1,34.0,33.7,33.8,34.3,33.8,33.7,33.8,34.1,33.8,34.0,33.9,34.4,34.2,33.5,33.5,33.9,33.7,34.0,33.8,33.8,33.7,33.8,34.0,34.0,34.1,34.3,34.0,33.9,33.9,33.7,33.8,34.3,33.9,33.6,33.8,33.8,34.0,34.2,34.3,34.0,34.1,33.9,34.3,34.2,33.6,33.8,33.9,33.9,33.9,33.6,33.8,34.0,33.6,33.5,33.7,33.9,33.7,34.0,33.8,34.4,33.9,33.7,33.6,33.9,34.0,33.7,34.1,34.0,33.9,33.7,33.8,34.5,34.1,33.7,34.2,34.5,33.9,33.7,33.6,33.8,33.6,33.4,33.5,33.5,33.6,33.4,33.5,33.7,33.7,33.8,34.0,34.1,33.8,33.7,33.8,34.0,34.0,34.1,33.8,33.8,34.0,33.6,34.4,34.1,34.0,33.8,34.6,34.9,33.5,33.8,33.9,34.2,33.3,33.6,33.4,33.8,33.5,33.6,33.5,34.1,33.7,33.9,34.1,33.9,33.5,33.9,33.9,34.3,34.0,33.9,34.0,34.2,33.6,33.8,33.8,34.3,33.8,34.4,34.3,34.6
1785310904.2538698,908,34.5,34.1,34.3,34.3,33.5,33.8,33.6,33.7,33.4,34.0,33.5,33.7,33.2,33.4,33.4,33.8,33.2,33.5,33.8,33.6,33.4,33.7,33.7,33.7,33.3,33.3,33.5,33.8,33.6,33.5,34.0,33.8,34.6,33.7,34.7,34.0,33.7,33.0,33.3,34.0,33.5,33.6,33.8,33.6,33.7,33.5,33.6,33.9,33.2,33.2,33.6,33.6,33.5,33.2,33.6,34.0,33.8,33.2,33.6,34.1,33.5,33.4,33.7,34.5,34.1,34.4,34.2,34.5,33.5,33.9,33.6,33.9,33.1,33.8,33.4,33.7,33.2,33.4,33.2,33.4,33.0,33.4,33.3,33.4,33.7,33.3,33.5,33.5,33.2,33.4,33.6,34.1,33.1,33.7,33.8,33.8,34.0,33.7,34.0,33.6,33.6,33.4,33.9,33.7,34.0,33.3,33.3,33.7,33.4,33.3,33.4,33.3,32.8,33.0,33.5,33.7,33.8,33.3,33.6,33.6,33.7,33.2,33.3,33.8,33.7,33.3,33.7,33.7,33.8,34.2,34.1,34.1,34.0,34.2,34.3,34.5,33.7,34.0,33.5,33.8,33.4,33.9,33.8,33.5,33.2,33.1,33.1,33.4,33.2,33.2,33.5,33.5,33.2,33.6,33.6,33.5,33.3,33.3,33.7,34.1,33.9,33.6,34.1,34.0,34.3,34.0,34.5,34.6,34.4,34.3,34.5,34.2,33.9,33.6,33.7,33.4,33.1,33.1,33.5,33.6,33.3,33.0,33.3,33.7,33.1,33.1,33.6,33.8,33.4,33.4,33.8,33.8,34.3,34.9,35.2,35.0,34.1,34.5,35.1,34.9,34.6,34.9,35.1,35.7,35.2,35.0,34.7,34.2,33.5,33.5,33.5,33.6,33.6,33.1,33.3,33.5,33.5,33.3,33.7,33.4,33.5,33.5,33.8,34.0,34.9,34.4,35.9,35.7,34.4,34.6,35.0,34.7,35.0,35.0,34.8,35.2,35.4,35.4,35.2,35.1,33.7,33.5,33.6,33.7,33.7,33.5,33.6,33.2,33.2,33.1,33.6,33.7,33.5,33.3,33.7,33.8,34.2,35.4,35.6,35.4,35.1,34.5,34.8,35.2,34.8,34.8,35.3,34.8,34.3,34.3,34.9,35.4,35.0,35.1,34.4,33.8,33.8,33.6,33.6,33.6,33.3,33.6,33.4,33.8,33.1,33.9,33.5,33.6,35.1,35.1,35.7,35.9,34.8,34.1,34.9,35.1,35.0,34.7,34.7,34.9,33.2,33.8,34.3,34.5,35.5,35.6,33.8,34.7,33.8,33.2,33.6,33.8,33.6,33.3,33.7,33.7,33.6,33.4,34.0,33.9,34.6,35.2,36.1,34.8,34.2,34.8,34.4,35.0,34.5,34.4,34.8,34.4,33.9,33.8,33.6,34.1,34.1,34.1,35.0,34.1,33.8,33.6,34.0,33.8,33.5,33.6,33.9,33.9,33.2,33.4,34.0,33.9,34.5,34.5,35.2,34.8,34.5,34.3,34.9,34.7,34.8,34.9,34.6,35.0,33.6,34.0,33.8,33.7,34.0,33.9,33.8,34.2,33.6,33.7,33.9,34.0,34.3,33.6,33.9,33.8,33.7,33.5,33.9,34.0,34.3,34.4,34.7,35.5,34.6,34.8,34.5,34.8,34.2,34.4,34.9,34.4,33.9,33.8,33.8,34.3,33.7,33.7,33.4,33.8,33.7,33.7,34.1,34.9,34.4,35.0,34.5,34.2,33.8,33.6,34.0,34.4,34.1,33.7,34.8,34.8,34.7,34.8,34.4,34.4,34.3,34.3,34.3,34.5,33.7,33.6,34.2,34.2,33.7,33.6,33.7,33.7,34.0,33.6,34.5,34.5,34.8,34.7,34.7,35.0,33.6,33.7,33.7,34.2,34.1,34.0,34.1,34.9,34.9,34.8,34.6,34.3,33.9,33.7,33.9,34.1,33.5,33.8,33.8,34.5,33.8,34.0,33.9,34.5,33.6,34.3,34.6,34.3,34.6,34.3,35.0,34.2,33.6,33.6,34.2,34.4,34.2,34.0,34.5,34.5,34.6,34.7,34.4,34.4,33.8,33.9,33.7,33.7,33.6,33.4,34.3,34.3,34.2,34.1,34.3,34.4,34.2,34.4,34.3,34.4,34.0,34.3,34.2,34.5,33.7,33.5,34.1,34.3,34.1,33.8,34.2,34.8,33.7,33.9,34.3,34.0,33.7,33.7,33.9,33.9,33.8,34.0,33.9,34.6,33.8,34.3,34.1,34.1,34.3,34.1,34.6,33.9,33.6,33.7,34.1,34.1,33.6,34.2,34.0,33.9,34.3,33.7,34.1,33.9,34.1,33.5,33.7,34.2,33.6,33.7,33.7,34.0,33.9,nan,34.0,34.0,34.5,34.4,34.2,34.1,34.0,34.0,34.0,34.0,33.5,34.0,34.1,34.0,34.3,33.6,33.9,34.0,33.9,33.8,34.0,34.4,33.6,33.9,33.9,34.3,33.7,33.9,33.9,34.2,33.5,33.9,33.8,34.1,34.0,34.3,34.6,34.3,33.6,33.8,34.0,33.9,33.5,33.7,34.1,34.0,33.5,33.8,34.0,33.9,33.4,33.6,34.1,34.4,33.9,33.7,33.8,33.9,33.7,33.7,33.9,33.8,33.5,33.7,34.2,33.9,34.1,34.1,34.1,34.3,33.6,33.5,33.8,34.0,33.8,33.6,33.9,33.9,33.8,34.0,34.1,34.0,33.7,33.8,33.5,34.1,33.7,33.4,34.2,34.2,33.7,33.7,33.9,34.2,33.7,33.8,33.9,34.1,33.5,33.8,33.9,33.9,33.7,33.9,33.9,33.9,33.9,33.7,34.3,34.4,34.3,33.7,34.1,34.5,33.9,33.6,34.0,33.7,33.3,34.0,34.3,34.2,33.8,33.7,33.9,34.1,33.9,34.0,33.5,34.3,33.5,33.6,33.8,33.9,33.7,33.3,34.1,34.0,33.7,33.4,34.0,34.3,34.0,33.7,34.2,34.6,33.6,33.7,33.9,34.5,33.2,33.6,33.7,33.5,33.5,34.0,34.2,34.2,33.5,34.0,33.7,34.1,33.3,33.9,34.0,34.2,33.5,33.7,34.2,33.8,34.2,34.0,34.4,34.2,33.6,34.2,34.4,34.4,33.8,33.6,34.0,34.2,33.9,33.7,33.8,33.8,33.7,33.6,33.9,34.6,33.7,33.7,33.9,34.1,33.7,33.9,34.1,34.5,34.0,33.7,33.8,33.8,34.2,33.8,34.4,34.1,34.0,34.0,33.8,34.4
1785310906.5511365,909,34.3,34.1,33.8,34.8,34.0,34.7,34.1,34.6,33.8,34.4,34.1,33.9,33.2,33.6,33.4,33.8,33.3,33.3,33.2,33.6,33.6,33.5,33.1,33.7,33.3,33.5,33.7,34.0,33.4,33.7,33.7,33.6,34.6,33.7,34.2,34.4,34.5,34.1,34.8,34.4,35.1,34.2,35.1,34.0,34.1,33.7,33.6,33.5,33.4,33.2,33.4,33.4,33.5,33.3,33.4,33.2,33.4,33.0,33.4,33.9,34.0,32.9,33.7,34.0,34.4,35.3,34.4,34.9,34.4,35.2,34.6,35.4,34.8,35.0,35.2,35.6,34.7,34.9,33.5,34.1,33.2,33.4,33.5,33.7,33.2,33.3,33.3,33.9,33.2,33.6,33.2,33.5,33.8,33.7,33.4,34.1,35.2,35.1,35.6,35.0,34.8,34.5,35.1,35.1,35.3,34.6,34.9,35.5,35.2,35.0,35.1,34.2,33.9,33.3,33.8,33.7,33.7,33.7,33.7,33.6,33.7,32.8,32.9,33.6,33.7,33.5,33.2,33.7,35.2,36.0,35.4,35.2,34.6,34.8,35.0,35.1,34.6,34.9,34.7,34.1,34.1,34.3,34.9,35.3,34.7,34.0,33.4,33.5,33.3,33.8,33.5,33.8,33.6,33.7,33.4,33.9,33.5,33.7,33.3,33.9,35.7,35.7,35.0,34.9,34.7,34.5,34.7,35.0,34.5,34.8,34.1,34.2,33.7,33.7,34.5,34.9,35.1,34.9,33.5,33.6,33.7,33.4,33.6,33.5,33.6,33.3,33.6,33.6,33.8,33.4,33.4,33.6,35.6,35.8,35.0,34.8,33.7,34.7,34.8,35.1,34.6,34.8,34.3,34.3,33.9,33.8,33.9,34.0,34.6,33.9,33.9,33.6,33.7,33.7,33.5,33.7,33.3,33.7,33.5,33.7,33.7,33.7,33.6,33.6,34.9,35.0,34.8,34.7,34.4,34.2,35.0,34.7,34.9,34.4,34.2,34.4,33.8,33.8,33.8,34.0,33.7,33.7,33.6,33.7,34.0,33.1,34.0,34.1,34.1,33.8,33.5,33.7,33.9,33.5,33.5,33.9,34.2,34.8,34.8,35.0,34.4,34.7,34.1,34.5,34.7,34.3,34.2,34.0,33.5,34.1,33.6,34.2,33.6,33.6,33.4,33.8,33.4,34.1,34.4,34.4,34.3,34.9,33.9,34.0,33.7,33.7,33.7,33.4,34.5,34.3,34.9,35.4,35.0,34.1,33.8,34.4,33.9,33.9,33.5,33.8,34.0,33.5,34.1,33.8,33.7,33.5,33.6,34.0,34.3,33.7,34.4,34.7,35.4,35.1,34.4,33.9,33.8,33.4,33.4,33.5,33.7,34.0,34.7,34.8,34.5,34.4,33.9,34.2,33.9,33.7,33.2,33.8,33.6,34.0,34.1,34.0,34.0,34.1,33.8,34.5,34.1,34.3,34.4,33.9,34.5,34.3,33.9,34.1,33.8,33.6,33.8,33.5,34.1,33.9,34.4,35.0,34.3,33.8,34.2,33.9,33.5,33.3,33.3,33.5,33.9,33.7,34.0,33.9,34.0,33.7,33.8,34.0,34.0,34.0,33.9,34.0,34.1,33.8,33.9,34.1,33.8,33.9,33.8,33.8,33.6,34.0,34.3,34.1,33.7,33.9,33.8,33.6,33.2,33.4,33.5,34.0,33.6,33.8,34.0,34.3,33.8,33.8,33.9,34.5,33.8,34.0,33.9,33.7,33.5,33.8,33.2,33.7,33.8,33.4,34.0,33.7,34.1,33.7,33.8,33.9,33.6,33.6,33.7,33.4,33.8,33.3,33.4,33.7,33.6,33.3,33.9,34.4,34.0,34.1,34.0,34.2,34.0,33.7,33.7,33.9,33.6,33.5,33.8,33.8,34.2,33.5,33.3,33.8,33.6,34.0,33.9,34.3,33.6,33.9,33.4,33.8,33.4,34.0,33.4,33.9,34.0,33.8,33.8,34.1,33.7,33.6,33.6,33.8,33.4,33.6,33.4,33.8,33.4,33.6,33.3,33.8,33.4,33.5,33.4,33.9,33.8,33.6,33.7,33.9,33.4,33.5,33.9,33.9,33.3,33.5,33.7,33.7,33.6,33.1,33.4,33.8,33.9,33.8,33.8,33.6,33.7,33.4,33.5,33.7,33.9,33.6,33.9,34.1,33.6,33.5,33.6,33.9,33.4,33.8,33.4,33.8,33.4,33.7,33.6,33.8,33.3,33.5,33.6,33.7,33.3,33.6,33.6,33.8,33.6,33.8,33.5,33.8,33.3,33.5,33.7,33.6,33.9,33.5,33.6,33.9,33.8,33.8,33.4,34.1,33.8,33.5,33.4,33.3,33.5,33.3,33.5,33.7,33.6,33.5,33.6,33.7,33.8,nan,33.5,33.4,33.7,33.3,33.5,33.6,33.7,33.5,33.8,33.7,33.8,33.3,33.7,34.0,33.7,33.3,34.0,33.8,33.7,33.8,33.8,33.8,33.2,33.3,33.4,33.8,33.5,33.8,33.5,33.5,33.1,33.8,33.8,33.8,33.5,33.6,33.9,33.8,33.6,33.6,33.5,33.9,33.3,33.7,33.8,34.4,33.5,33.8,33.8,33.7,33.6,33.2,33.5,33.6,33.3,33.1,33.1,33.4,33.6,33.5,33.5,33.5,33.6,33.3,33.9,33.9,33.7,33.4,33.6,33.8,33.9,33.5,33.6,33.8,33.6,33.6,33.7,33.7,33.8,33.4,33.9,33.8,33.7,34.2,33.7,33.7,33.3,33.2,33.2,33.8,33.4,33.7,33.5,33.7,33.4,33.6,33.7,34.1,33.5,33.2,33.2,33.7,33.7,33.8,33.9,34.0,33.7,33.8,33.9,34.2,33.9,33.7,33.9,33.8,33.8,33.1,33.5,33.7,33.3,33.3,33.6,33.6,33.2,33.5,33.7,33.4,33.2,33.4,33.7,33.9,33.5,33.6,33.6,34.1,33.8,33.5,33.8,33.5,33.7,33.4,34.0,34.1,33.2,33.3,34.2,34.1,34.1,33.9,33.6,33.8,33.2,33.6,33.7,33.5,33.1,33.6,33.5,33.9,33.3,33.5,33.3,33.5,33.0,33.4,33.7,33.9,33.5,33.5,33.8,34.1,33.2,34.0,34.0,33.9,33.8,33.3,34.1,34.2,34.2,33.8,33.9,33.5,33.1,33.3,33.6,33.4,33.9,33.3,33.7,33.5,33.7,33.2,33.5,33.4,33.4,33.2,33.5,33.6,33.5,33.5,34.0,33.8,33.8,33.8,34.0,34.2,33.4,33.6,34.0,34.2
1785310909.1096065,910,35.3,33.8,34.3,33.8,34.2,33.4,33.9,33.7,33.4,33.5,32.9,33.3,33.2,33.3,33.4,33.2,33.4,33.3,33.4,33.5,33.4,33.5,33.5,33.7,33.5,33.5,33.5,33.6,33.6,33.5,34.0,33.6,34.3,34.8,33.9,34.2,33.5,33.6,33.5,33.8,33.5,33.8,33.0,33.2,33.0,33.2,32.9,33.4,33.2,33.0,33.5,33.6,33.5,33.2,33.4,33.4,33.2,33.4,33.4,33.7,33.6,34.0,33.7,34.0,34.6,34.6,33.7,33.8,33.7,33.7,33.8,33.9,33.5,33.4,33.3,33.3,33.0,33.0,33.2,33.4,33.0,33.1,33.2,33.2,33.4,33.4,33.3,33.4,33.6,33.1,33.4,33.7,33.6,33.5,33.8,33.4,34.0,34.4,33.6,33.9,33.4,33.4,33.7,33.5,33.1,33.3,33.0,33.2,33.1,32.9,33.1,33.1,33.0,33.0,33.3,33.2,33.3,33.5,33.2,33.8,33.5,33.2,33.5,33.4,33.5,33.7,33.7,34.1,34.0,33.7,33.6,33.9,33.8,33.5,33.7,33.6,33.3,33.3,33.3,33.3,33.3,33.5,33.4,33.3,33.3,33.2,33.1,33.2,33.3,33.5,33.4,33.1,33.4,33.0,33.9,33.3,33.3,33.5,33.5,33.7,33.9,33.9,33.5,33.8,33.3,33.4,33.2,33.7,33.3,33.4,33.3,33.5,33.6,33.2,33.7,33.8,33.3,33.4,33.4,33.8,33.3,33.0,33.3,33.2,33.5,33.3,33.4,33.6,33.4,33.4,33.8,34.0,34.1,33.4,33.5,33.4,33.9,32.8,33.8,33.9,33.6,33.7,33.6,33.7,33.9,34.5,34.4,34.2,33.9,34.7,34.0,34.6,33.9,33.4,33.5,33.4,33.5,33.3,33.1,33.4,33.3,33.3,33.6,33.4,33.5,33.5,33.4,33.7,33.1,33.3,33.9,34.0,34.2,33.8,33.8,33.9,34.4,34.3,34.4,34.6,34.6,34.6,35.1,35.1,34.6,33.8,33.9,33.9,33.6,33.4,33.4,33.5,33.1,33.3,33.5,33.6,33.7,33.5,33.8,33.9,33.4,33.6,33.9,34.6,34.8,35.6,35.6,35.2,34.4,34.3,34.6,34.9,34.7,34.8,34.7,35.2,35.2,35.2,34.6,34.4,33.5,33.2,33.7,33.6,33.5,33.4,33.5,33.4,33.9,33.6,33.9,33.6,33.2,33.7,34.2,34.2,35.8,35.5,35.5,35.6,34.1,34.3,34.7,34.6,34.8,34.9,34.4,35.1,34.5,35.0,35.2,35.2,34.6,33.9,33.8,33.9,33.6,33.2,33.2,34.1,34.0,33.6,33.7,33.7,33.8,33.7,34.1,34.7,35.2,35.2,35.5,34.1,34.9,34.6,34.6,34.6,34.9,34.8,34.9,34.3,34.3,33.6,34.7,34.3,35.7,35.1,34.1,34.1,33.8,33.4,33.6,33.5,33.7,33.9,33.6,33.6,33.4,33.6,34.0,34.4,35.8,35.6,34.6,34.5,34.2,34.2,34.5,34.7,34.4,34.6,34.6,35.0,33.6,34.2,33.9,34.1,34.8,35.3,33.9,34.1,33.5,33.7,33.7,33.8,34.0,33.8,33.9,34.1,33.6,33.3,33.8,34.1,35.0,34.9,34.5,34.5,34.3,34.3,34.4,34.6,34.8,34.6,34.7,34.5,34.0,33.8,33.8,34.1,34.0,33.6,34.3,33.9,34.0,33.4,34.0,34.0,33.1,33.7,33.6,33.9,33.5,33.4,33.9,33.7,34.6,34.8,34.8,34.6,34.1,34.4,34.2,34.7,34.4,34.9,34.2,34.7,33.7,33.7,34.0,33.9,33.8,33.8,33.5,34.1,33.8,33.7,33.9,34.2,33.9,33.4,33.5,34.0,33.8,33.6,33.8,33.8,33.7,34.2,35.2,35.1,34.8,34.6,34.6,34.1,34.5,34.0,34.4,34.0,33.9,33.7,34.3,33.8,33.6,33.7,34.0,33.8,33.8,33.8,34.6,34.8,33.4,33.8,33.5,34.1,33.4,33.8,33.6,33.9,33.0,33.8,35.0,35.3,34.5,34.5,33.7,34.3,33.3,34.4,34.1,34.4,33.4,33.8,34.3,34.2,34.1,34.1,33.5,34.3,34.0,33.7,34.5,34.7,33.7,34.0,33.6,33.8,33.5,33.3,33.6,33.6,33.7,33.2,34.1,34.6,35.0,34.0,34.1,34.1,33.6,33.5,33.8,33.8,33.6,33.5,34.3,34.1,34.2,33.7,34.1,34.4,34.5,34.0,34.6,33.9,33.2,33.3,33.7,34.1,33.5,33.7,33.7,33.7,33.5,33.7,33.7,34.5,34.1,nan,33.7,34.2,33.7,33.8,33.7,33.9,33.4,33.9,34.2,34.5,33.7,34.1,34.4,34.1,34.3,34.2,34.1,34.4,33.5,33.4,33.4,33.6,33.7,33.5,33.6,33.8,33.7,33.5,33.9,33.9,34.0,33.6,34.1,33.6,33.8,33.3,33.8,33.6,33.8,33.8,34.0,34.4,34.6,34.0,34.3,34.4,34.3,34.0,34.4,33.9,33.4,33.6,33.3,33.6,33.5,33.5,33.3,33.9,33.3,33.7,33.7,34.0,33.9,33.7,33.5,33.7,33.1,33.9,33.7,33.8,33.4,33.7,34.2,34.4,34.0,33.9,34.0,34.1,33.4,34.2,33.9,34.6,34.0,33.8,33.5,33.9,33.5,32.9,33.4,33.8,33.5,33.5,33.9,34.0,33.9,33.6,34.2,33.6,33.8,33.6,34.0,34.1,33.7,33.6,34.2,33.7,34.2,34.0,34.3,34.0,34.3,33.7,34.6,34.2,33.0,33.8,33.3,33.9,33.5,33.8,33.4,33.6,33.3,33.5,33.9,34.0,33.7,33.7,34.0,34.3,33.5,33.7,33.7,33.9,33.5,33.8,34.2,34.0,33.8,34.3,33.8,34.3,34.0,33.9,34.2,34.3,33.6,33.2,33.9,33.9,34.0,33.2,33.5,33.7,33.5,33.3,33.7,33.5,33.9,33.5,34.0,33.7,34.0,33.5,34.4,34.2,33.9,33.9,34.2,34.0,34.0,33.6,34.4,33.8,34.2,34.0,34.6,34.4,33.5,33.8,33.5,34.0,33.3,33.5,33.4,33.8,33.2,33.3,33.7,33.7,33.0,33.9,33.9,33.7,33.4,33.9,33.9,34.1,33.9,33.7,33.8,33.8,33.5,34.0,33.6,34.0,33.8,34.3,33.8,34.2
1785310911.6428428,911,34.3,34.4,33.8,34.3,34.0,34.0,33.2,34.0,33.6,33.5,33.1,33.9,33.2,33.4,33.2,33.4,33.3,33.1,33.2,33.6,33.8,33.3,33.3,33.7,33.3,33.3,33.3,33.8,33.9,33.7,33.7,33.8,35.1,33.7,34.7,34.0,34.1,33.9,33.7,33.8,33.3,33.4,33.4,33.6,33.5,33.4,33.7,33.2,33.2,33.4,33.3,33.6,33.7,33.5,33.4,33.6,33.4,33.2,33.6,34.2,33.8,33.1,34.0,34.0,33.9,34.4,33.3,34.0,33.7,33.7,33.4,33.9,33.3,33.4,33.3,33.7,33.2,33.2,33.2,33.4,33.4,33.2,32.8,33.2,33.4,33.4,33.3,33.4,33.4,33.6,32.8,33.5,33.8,33.5,33.4,33.6,34.5,33.7,33.6,33.6,33.4,33.6,33.7,33.7,33.8,33.1,33.3,33.2,33.4,32.9,33.1,33.5,33.5,33.2,33.5,33.4,33.5,33.3,33.6,33.8,33.3,33.4,33.1,33.8,33.7,33.5,33.7,33.7,33.3,33.7,33.2,34.1,33.8,33.8,33.3,33.6,33.3,33.3,33.1,33.4,33.5,33.5,33.4,33.5,33.4,33.4,33.4,33.2,33.3,33.3,33.2,33.3,33.6,33.6,33.6,33.5,33.3,33.5,33.5,33.9,33.9,33.4,33.9,34.0,33.9,33.4,33.4,33.5,33.5,33.5,33.5,33.5,33.7,33.7,33.7,33.5,33.4,33.6,33.2,33.6,33.3,33.2,33.4,33.3,33.5,33.1,33.4,33.6,33.6,33.0,33.4,33.4,33.9,33.6,33.6,34.0,33.8,33.4,34.0,34.2,33.7,33.9,33.8,34.5,34.4,34.5,34.4,34.5,34.6,34.8,33.7,34.0,33.6,33.4,33.5,33.4,33.3,33.5,32.9,33.4,33.5,33.5,33.4,33.6,33.5,34.0,33.6,33.7,33.7,33.7,34.3,34.2,34.0,33.7,34.0,34.6,34.6,34.6,34.3,35.0,35.1,35.3,34.9,34.5,34.2,33.8,33.7,33.4,33.6,33.4,33.4,33.5,33.5,33.1,33.3,33.9,33.7,34.2,33.2,34.1,33.6,34.0,35.2,35.7,35.4,35.3,34.3,34.7,34.6,34.4,34.7,35.2,34.7,35.1,35.2,35.4,35.4,35.1,33.9,33.9,33.3,33.6,33.5,34.0,33.3,33.6,33.5,33.8,34.1,33.6,34.0,34.2,34.1,33.9,35.6,35.8,35.8,35.4,34.7,34.6,34.5,34.2,35.2,34.8,34.8,34.6,34.8,35.0,35.1,35.2,34.9,34.5,33.9,33.6,33.7,33.8,33.8,33.8,34.0,33.7,33.8,34.0,33.9,33.9,33.8,34.8,34.9,35.9,35.0,34.7,34.2,34.6,34.4,34.6,34.4,34.9,34.7,34.8,33.8,33.8,34.0,33.9,35.4,35.7,34.5,34.3,33.4,33.9,33.8,33.8,33.8,33.7,33.7,33.5,34.0,34.0,33.9,34.1,35.2,35.8,35.5,34.4,34.3,34.7,34.5,34.5,34.6,34.8,34.8,34.3,34.0,33.7,33.9,34.0,34.3,35.0,34.8,34.0,33.5,34.0,33.7,33.7,34.1,33.8,33.8,33.6,33.8,33.7,34.1,34.2,34.8,35.3,34.4,34.6,34.2,34.5,34.8,34.3,34.3,35.1,34.9,34.5,33.6,33.8,33.7,33.8,33.9,34.1,33.9,34.1,33.6,33.9,33.6,34.0,33.8,34.2,33.9,33.5,33.5,33.9,33.6,33.8,34.0,34.8,34.4,34.3,34.3,34.3,34.2,34.2,34.7,34.7,34.4,34.6,33.9,34.1,33.7,33.7,33.7,34.0,33.6,33.7,33.5,33.8,34.2,33.9,34.1,34.0,33.9,34.2,33.9,34.0,34.0,33.7,34.1,34.1,35.0,35.4,34.8,34.8,34.1,34.3,34.0,34.6,34.0,34.1,33.9,34.0,33.6,34.1,33.8,34.1,33.7,33.7,33.8,33.7,34.3,34.6,34.8,35.3,33.8,33.8,33.7,33.9,33.6,33.8,33.6,33.6,34.5,34.6,35.0,35.2,34.4,33.6,33.9,33.8,33.8,33.6,33.5,34.0,34.0,34.3,34.2,34.1,33.8,33.8,34.1,34.5,34.2,34.3,34.7,34.9,34.1,33.8,33.8,34.2,33.6,33.5,33.8,33.8,34.0,34.4,34.8,34.9,34.1,34.1,33.6,33.8,33.5,33.5,33.8,33.8,34.1,34.1,33.9,34.4,34.4,33.9,34.3,34.6,34.2,34.5,34.0,34.4,33.4,33.5,33.5,33.5,33.7,33.7,33.7,33.7,33.6,33.8,34.7,34.2,34.1,nan,34.0,33.6,33.4,33.6,33.7,33.6,34.0,34.2,34.5,34.0,34.2,34.1,34.3,34.3,34.5,34.0,34.5,34.4,33.7,33.8,33.6,34.2,33.8,33.5,33.6,34.3,33.9,34.0,34.1,34.1,33.6,33.8,33.8,34.0,34.0,33.6,33.9,34.0,33.9,34.3,34.6,34.4,34.6,34.2,34.3,34.6,33.9,34.0,34.0,34.1,33.2,33.4,33.7,33.8,33.9,33.3,33.5,34.0,33.7,33.7,34.0,34.2,33.9,33.6,33.7,33.9,33.9,33.8,34.1,33.8,33.9,33.9,34.2,34.4,34.3,33.9,34.2,34.3,34.0,33.8,34.3,34.4,33.8,33.8,33.3,33.9,33.3,33.1,34.2,34.2,33.7,33.8,33.7,34.4,33.9,34.0,33.7,34.3,33.6,33.8,33.7,33.9,34.1,33.9,34.1,34.8,33.9,34.2,34.1,34.4,33.9,33.9,33.5,34.5,33.2,33.8,33.7,33.5,33.5,33.5,33.6,34.0,33.6,33.5,34.1,34.0,33.9,33.7,33.9,34.1,33.7,33.6,33.5,34.1,33.3,33.5,34.2,33.8,33.8,33.7,33.8,34.1,33.6,34.0,34.2,34.8,34.1,33.9,33.4,33.9,33.4,33.8,33.3,33.7,33.8,33.6,33.5,33.7,34.0,33.9,33.9,33.9,33.5,34.1,33.8,34.1,33.7,34.1,33.6,33.6,34.0,34.0,34.0,34.2,34.2,34.0,34.4,34.4,33.3,33.6,33.5,33.8,33.5,33.7,33.4,33.6,33.5,33.7,33.5,33.7,33.7,33.9,34.1,33.7,33.7,33.8,33.9,33.8,34.0,33.5,33.8,34.0,33.8,33.8,34.1,34.2,34.2,34.3,34.3,34.6
1785310914.1939192,912,34.5,34.1,33.8,33.8,34.0,33.6,33.9,34.4,33.4,33.6,33.1,33.1,33.6,33.1,33.4,33.6,33.2,33.5,33.2,33.5,33.6,33.5,33.1,33.7,33.7,33.1,33.5,34.0,33.4,33.5,33.7,34.1,34.3,34.2,33.7,33.7,33.7,34.1,33.7,34.0,33.5,33.4,33.4,33.0,33.0,33.7,33.1,33.2,33.0,33.2,33.3,33.6,33.3,33.7,33.4,33.6,33.6,33.2,33.6,33.5,34.0,33.4,33.7,33.7,34.6,33.9,33.7,34.0,33.9,33.5,34.0,34.1,33.5,33.2,32.9,33.7,33.1,33.7,32.6,33.6,33.4,32.9,33.2,33.2,33.4,33.3,33.3,33.4,33.6,33.4,33.4,33.7,34.0,33.9,33.6,34.1,33.8,34.2,33.1,33.8,33.4,33.8,33.7,33.9,33.3,33.1,33.9,33.4,34.3,33.1,33.6,33.5,33.5,33.2,33.3,33.5,33.3,33.5,33.6,33.1,33.3,33.4,33.5,33.8,33.3,33.3,33.5,34.1,34.0,34.0,33.6,33.9,33.6,33.4,33.5,33.9,33.5,34.0,33.3,34.8,33.6,34.8,33.8,33.7,33.8,33.4,33.3,33.7,33.5,33.2,33.2,33.3,33.6,33.2,33.4,33.5,33.5,33.5,33.3,34.1,33.4,33.9,33.5,33.8,33.3,33.4,33.8,33.9,33.7,33.4,35.2,33.5,35.0,33.9,33.9,34.1,33.8,33.9,33.4,33.6,33.4,33.0,33.1,33.5,33.1,33.4,33.4,33.4,32.8,33.2,33.8,33.6,33.8,33.4,34.0,33.6,33.7,33.8,33.7,34.6,33.9,35.1,34.1,35.0,35.0,35.2,34.9,34.7,34.7,34.0,33.9,33.8,33.6,33.4,33.0,33.5,33.4,33.3,33.1,33.2,33.5,33.7,33.2,33.8,33.3,33.5,33.2,33.9,33.7,34.0,34.6,34.3,35.4,34.0,34.7,34.9,34.9,34.9,35.1,35.0,34.2,34.6,34.1,34.0,33.7,33.6,33.7,33.4,33.9,33.4,33.6,33.3,33.1,33.7,33.5,33.4,33.7,33.5,33.6,34.1,34.0,34.1,35.1,35.9,35.5,35.5,35.0,34.5,34.7,34.7,34.9,34.9,34.9,34.6,34.4,34.4,34.7,34.4,33.9,34.1,33.7,33.7,33.5,34.0,33.5,33.4,33.5,34.0,33.7,33.8,33.7,34.0,33.9,33.9,35.0,35.9,35.4,35.2,34.5,34.8,34.1,34.8,34.9,35.1,34.6,34.6,34.0,34.5,34.3,34.8,34.7,34.0,33.6,33.8,33.5,33.7,33.8,33.2,33.6,33.7,33.7,33.4,33.9,34.1,34.0,34.2,35.1,36.0,35.2,34.7,34.3,34.7,34.7,34.6,34.5,34.9,35.0,34.8,34.1,33.8,34.1,33.9,34.5,34.4,33.7,33.8,33.6,34.1,33.6,33.8,33.6,34.1,33.9,33.9,33.8,34.0,33.8,34.1,35.2,35.9,34.8,34.4,34.3,34.3,34.4,34.8,34.6,34.7,34.5,34.8,33.5,33.9,33.6,33.9,33.8,34.3,33.8,34.1,33.7,33.8,33.5,33.9,33.9,33.8,34.0,33.8,34.1,34.1,34.3,33.5,34.5,35.0,34.7,34.4,34.4,34.5,34.7,34.1,35.1,34.9,34.8,34.0,33.9,34.0,33.8,34.0,33.9,33.9,34.0,33.6,33.4,33.9,34.1,33.8,34.2,34.5,33.7,33.9,33.8,34.0,33.8,34.0,34.0,34.4,34.9,34.6,34.6,34.6,34.2,34.2,34.5,34.7,34.3,34.2,33.4,33.9,33.5,33.9,33.5,34.0,33.6,33.8,33.5,33.7,33.8,34.2,35.0,34.6,34.3,33.6,33.9,33.8,34.0,33.9,33.6,34.5,34.7,35.2,35.1,35.1,34.4,34.1,34.0,33.8,34.0,33.7,33.8,34.0,34.1,33.8,33.9,34.1,34.1,33.4,33.8,34.0,34.3,34.2,34.8,35.3,34.0,33.4,33.5,34.1,33.4,33.6,33.7,34.1,34.1,34.9,35.1,35.1,33.9,34.1,33.5,33.9,33.4,33.6,33.8,33.8,33.9,34.2,34.2,34.0,34.0,34.0,34.0,34.5,34.2,34.2,34.4,34.9,34.3,33.4,33.8,34.0,33.4,33.5,33.6,33.6,34.4,34.0,34.9,34.8,34.1,33.8,33.9,34.1,33.8,33.7,33.5,33.6,33.8,34.1,34.1,34.2,34.1,34.2,34.3,34.6,34.7,34.1,34.2,34.1,33.4,33.5,33.6,33.7,33.9,33.3,33.9,33.9,33.5,34.0,34.0,34.3,33.8,nan,33.7,33.4,33.4,33.4,33.5,33.7,33.9,34.2,34.3,34.4,34.2,34.0,34.3,34.5,33.9,34.0,34.1,34.0,33.7,33.4,33.6,33.8,33.9,33.7,33.8,34.0,33.9,33.8,33.7,33.9,33.6,33.8,33.8,34.0,33.6,33.5,33.8,33.8,33.9,34.0,34.2,34.2,34.6,33.9,33.8,34.4,33.9,34.0,34.0,34.3,33.2,33.8,33.7,33.8,33.3,33.5,33.5,33.8,33.7,33.6,33.7,34.0,33.8,33.7,33.9,33.7,33.6,33.6,33.7,33.9,34.1,33.9,34.3,34.5,34.0,33.9,34.2,34.1,33.6,33.8,34.1,34.4,33.7,33.6,33.5,33.5,33.7,33.3,33.6,33.8,34.0,33.7,34.1,34.2,33.7,33.8,33.7,34.1,33.6,33.6,33.7,34.3,33.7,33.8,33.9,34.2,33.8,33.7,34.3,34.0,34.1,34.1,33.9,34.2,33.2,33.8,33.7,33.7,33.3,33.4,33.6,33.6,33.4,33.6,33.9,33.9,33.4,33.9,34.0,33.9,33.5,33.5,33.7,34.1,33.8,33.7,34.0,34.0,33.6,34.1,34.0,34.3,33.6,34.1,34.4,34.5,33.9,33.9,33.4,33.9,33.8,33.6,33.7,33.5,33.6,33.6,33.7,33.7,33.5,33.9,33.8,34.2,34.0,33.7,34.0,34.1,34.0,33.7,34.0,33.8,34.2,33.4,34.4,34.0,34.2,34.0,34.4,34.4,33.5,33.8,33.5,34.0,33.1,33.7,33.8,34.0,33.3,33.8,33.5,33.7,33.7,33.9,34.1,33.9,33.5,33.8,33.7,33.8,33.9,34.1,33.8,34.0,33.8,34.0,34.0,34.3,33.8,34.0,34.5,34.4
1785310916.7413285,913,34.3,34.1,33.6,34.0,33.8,33.6,33.9,33.7,33.4,33.7,33.3,33.7,33.4,33.4,33.2,33.2,33.4,33.1,33.2,33.5,33.4,33.3,33.3,33.5,33.7,33.1,33.3,33.6,33.7,33.5,33.7,33.8,34.3,33.7,33.9,33.7,33.7,33.4,33.5,34.2,33.5,33.4,33.6,33.6,33.2,33.2,33.1,33.5,33.4,33.2,33.3,33.4,33.3,33.3,33.4,33.6,33.2,33.2,33.4,33.9,33.8,33.1,33.7,34.0,33.9,34.6,33.5,33.8,33.3,33.3,33.2,33.5,33.5,33.6,34.4,35.1,34.0,33.4,33.4,33.2,33.2,33.1,33.0,33.2,33.0,33.3,33.3,33.4,33.4,33.4,33.4,33.5,33.6,33.7,33.6,33.9,34.0,33.4,33.6,33.9,33.4,33.2,33.3,33.7,33.8,33.5,35.1,35.3,34.3,33.6,33.2,33.8,33.2,33.0,33.3,33.5,33.2,33.1,33.0,33.4,33.3,33.2,33.3,33.8,33.3,33.3,33.3,33.7,33.5,33.5,33.6,33.7,33.2,33.8,33.7,33.7,34.0,34.7,35.1,35.0,34.6,34.2,33.3,33.3,33.5,33.4,33.4,33.4,33.3,33.2,33.2,33.3,33.2,33.2,33.2,33.5,33.5,33.3,33.3,33.7,33.4,33.6,33.5,33.8,33.3,33.4,33.8,33.9,34.7,35.0,34.5,34.8,34.5,34.4,33.5,33.8,33.3,33.1,33.2,33.8,33.3,33.0,33.1,33.5,32.9,32.9,33.0,33.6,33.6,33.0,33.0,34.0,33.6,33.6,33.3,33.8,33.4,34.0,34.2,34.0,35.3,34.3,34.3,34.8,34.7,34.8,34.7,34.5,34.0,34.0,33.5,33.8,33.6,33.3,33.5,33.7,33.5,33.0,33.5,33.7,33.1,33.1,33.8,32.9,33.5,33.1,33.2,33.5,33.5,33.7,34.7,35.2,35.2,35.0,34.5,34.8,34.4,34.4,34.8,35.4,34.3,34.1,33.6,33.9,33.7,33.8,33.6,33.6,33.4,33.1,33.6,33.5,33.1,33.5,33.7,33.4,33.3,33.8,33.4,33.9,33.6,34.0,34.8,35.9,35.4,35.6,34.8,34.3,34.3,34.6,34.6,35.0,34.7,34.3,34.4,33.9,34.4,34.4,34.2,33.9,33.5,33.6,33.5,33.5,33.5,33.6,33.7,33.8,33.9,33.8,33.7,33.6,33.9,33.9,34.5,35.2,35.8,34.9,34.2,34.4,34.5,34.5,34.6,34.8,34.5,34.5,34.4,34.2,34.0,34.0,34.4,34.2,34.1,33.4,33.7,33.6,33.6,33.1,33.6,33.7,33.5,33.6,33.5,33.7,33.6,34.1,34.8,35.4,35.0,34.9,34.0,34.6,34.1,34.3,34.9,34.8,34.9,34.3,33.8,33.7,33.5,33.6,33.9,33.8,34.0,33.8,33.6,33.9,33.8,33.6,33.6,33.5,33.9,33.7,33.6,33.4,33.6,33.8,34.5,35.4,35.1,34.1,34.3,34.7,34.5,34.0,34.6,34.7,34.5,34.3,33.5,33.9,33.6,33.6,33.9,34.2,33.6,33.3,33.4,33.8,33.8,33.5,33.7,33.6,33.4,33.6,33.8,34.1,33.6,33.5,34.0,34.3,34.7,34.2,34.4,34.5,34.4,34.0,34.4,34.5,34.6,34.4,33.8,33.8,33.8,33.7,34.1,33.8,33.5,33.6,33.6,33.5,33.6,33.6,34.4,34.2,33.5,33.1,33.4,33.9,33.5,33.8,34.0,33.7,34.9,34.6,34.4,35.0,33.9,33.8,34.3,34.6,34.2,33.9,33.6,33.7,33.5,33.9,33.5,33.7,33.6,33.3,33.7,33.8,33.7,34.0,34.6,34.8,33.9,33.6,33.7,34.0,33.4,33.6,33.8,34.1,33.9,34.7,35.1,35.1,34.1,33.8,33.6,33.8,33.5,33.7,33.4,33.8,33.8,33.8,34.3,33.8,34.1,33.4,33.8,34.0,34.0,34.0,34.6,34.8,33.6,33.2,33.7,33.7,33.4,33.5,33.7,33.9,33.8,34.3,34.8,35.2,33.9,33.9,33.9,33.6,33.4,33.6,33.5,34.0,33.7,33.9,34.2,34.2,33.8,34.0,34.1,34.7,34.2,34.1,34.1,34.7,33.4,33.8,33.6,34.0,33.2,33.5,33.4,34.0,33.7,34.0,34.1,34.1,34.1,33.8,33.9,33.8,33.1,33.5,33.6,33.6,34.1,34.0,34.3,34.3,33.9,34.1,34.0,34.6,33.8,34.2,33.8,33.9,33.2,33.5,33.7,33.3,33.3,33.5,33.5,33.7,33.5,33.5,33.7,33.8,33.6,nan,34.0,34.1,33.6,33.1,33.4,33.8,33.7,34.2,34.0,34.0,34.0,34.1,34.1,34.2,34.1,33.6,34.1,34.2,33.7,33.6,33.6,34.0,33.6,33.7,33.6,34.0,33.3,33.3,34.1,33.9,33.6,33.6,34.0,33.8,33.3,33.6,34.3,34.0,33.4,33.6,34.4,34.2,33.7,34.2,34.2,34.2,33.9,33.8,34.4,34.1,33.4,33.6,33.3,33.6,33.3,33.3,33.3,33.8,33.5,33.5,33.7,33.8,33.8,33.8,33.9,33.9,33.8,33.6,33.6,33.9,33.6,33.7,34.0,34.2,34.2,33.7,33.7,34.1,33.6,33.4,33.9,34.0,33.5,33.6,33.1,33.7,32.9,33.3,33.2,33.8,33.4,33.7,33.7,34.0,33.6,33.6,33.7,33.8,33.6,33.4,33.5,33.6,33.7,33.8,34.0,34.0,33.7,33.8,33.9,34.0,33.7,33.7,34.4,33.8,33.2,33.1,34.0,33.7,33.3,33.3,33.4,33.6,33.3,33.5,33.7,33.8,33.5,33.7,33.7,34.1,33.5,33.7,33.7,33.7,33.9,33.5,33.6,34.0,33.4,33.7,33.8,34.1,33.8,33.7,34.0,34.3,33.4,33.7,33.9,34.1,33.4,33.4,33.3,33.5,33.1,33.5,33.3,33.7,33.5,33.9,33.5,33.9,33.7,33.7,34.0,34.1,33.7,33.7,33.8,33.6,34.0,33.4,34.4,34.0,33.8,33.6,34.6,34.6,33.5,33.6,33.5,33.8,33.1,33.5,33.8,33.6,33.5,33.5,33.5,33.7,33.4,33.0,33.7,33.4,33.4,33.8,33.9,33.8,33.9,33.7,34.0,33.7,33.6,34.0,34.0,34.4,33.8,33.6,34.1,34.6
1785310919.2913225,914,34.3,34.1,33.6,33.8,34.0,33.8,33.9,33.8,33.4,33.9,33.7,34.1,34.7,34.4,33.2,33.6,32.9,33.1,33.2,33.7,33.4,33.9,33.1,33.7,33.3,33.5,33.7,33.4,33.9,33.7,33.7,33.6,34.4,34.3,33.9,34.0,33.7,33.9,33.5,33.6,33.9,33.6,34.0,34.5,35.0,34.6,33.3,33.6,33.0,33.0,33.7,33.2,33.1,33.0,33.4,33.3,33.2,33.2,33.6,33.5,33.8,33.4,33.7,33.5,34.1,34.1,33.5,34.2,33.7,33.7,33.4,33.7,33.7,34.0,35.4,35.5,34.8,34.6,33.2,33.4,33.2,33.1,32.8,33.4,33.4,33.3,33.5,33.7,33.2,33.3,33.2,33.3,33.6,33.5,33.4,33.9,34.3,33.7,33.8,33.9,33.8,33.4,33.7,33.5,34.2,33.9,35.3,35.7,34.3,34.5,33.3,33.7,33.9,33.5,33.3,33.3,33.5,33.3,33.4,33.1,33.3,33.2,32.9,33.8,33.3,33.3,33.9,33.7,33.8,34.0,33.6,33.7,33.4,34.0,34.1,34.3,34.6,34.9,34.2,34.6,34.5,34.7,34.1,33.8,34.2,33.9,33.6,33.5,33.7,33.5,33.2,33.6,33.2,33.4,33.0,33.7,33.3,33.3,33.1,33.7,33.6,33.4,33.7,33.4,33.5,33.8,34.0,34.4,35.4,35.0,34.5,34.3,34.7,34.7,34.7,34.4,34.3,33.9,33.6,33.8,33.4,33.4,33.4,33.7,33.1,33.1,33.6,33.6,33.2,33.2,33.2,33.6,33.9,33.6,33.6,33.8,33.8,33.8,34.8,35.3,35.6,35.6,35.0,34.8,34.4,34.7,34.7,35.0,34.3,34.6,34.0,34.5,34.4,34.3,34.2,33.7,33.5,33.3,33.7,33.7,33.5,33.5,33.6,33.8,33.8,33.5,33.6,33.7,33.5,34.0,34.7,35.2,35.7,35.7,35.0,34.3,34.6,34.4,34.9,35.1,34.6,34.3,34.5,34.2,34.2,34.1,34.2,33.9,33.7,33.3,33.4,33.7,33.9,33.5,33.7,33.6,33.5,34.2,33.6,33.9,33.6,33.8,34.6,35.2,35.8,35.1,34.0,34.2,34.3,34.4,34.7,34.9,34.6,34.6,33.9,33.8,33.6,33.6,33.7,33.9,33.5,33.6,33.4,33.6,33.3,33.8,33.5,33.8,33.7,33.6,34.2,33.8,33.9,33.5,34.9,35.4,35.5,35.1,34.1,34.3,34.5,34.3,34.7,35.0,34.8,34.8,33.8,34.0,33.9,33.9,33.9,34.0,33.9,33.3,33.7,33.8,33.8,33.4,33.4,34.1,33.7,33.6,33.5,33.9,33.4,34.1,34.1,35.2,34.7,34.5,34.3,34.8,34.3,34.5,34.2,35.1,34.7,34.5,34.1,33.5,33.7,33.8,33.7,33.8,33.7,33.6,33.6,33.7,33.8,33.8,34.0,33.9,33.9,33.5,33.6,33.6,33.8,33.6,33.9,33.9,35.1,34.6,34.6,34.5,34.4,34.2,34.1,34.5,34.5,34.3,33.8,33.6,33.6,33.6,33.6,33.7,33.4,33.6,33.4,33.4,33.9,33.7,34.3,33.6,33.8,33.4,33.8,33.9,33.6,33.9,33.6,34.0,34.5,35.0,34.9,34.7,34.1,33.8,34.3,34.2,33.8,33.7,33.8,33.9,33.7,34.0,33.9,33.8,33.5,33.6,33.6,33.5,33.6,34.4,34.4,35.0,33.9,33.5,34.0,33.5,33.8,33.4,33.5,33.7,34.6,34.6,34.8,35.1,33.9,33.9,33.6,33.8,33.6,33.5,33.7,33.6,33.7,33.7,34.0,34.0,33.9,34.0,33.9,34.1,33.8,34.0,34.1,34.6,33.7,34.0,33.7,34.0,33.6,33.8,33.6,33.8,33.5,34.4,34.9,34.9,33.8,34.0,33.6,33.8,33.5,33.5,33.3,33.7,33.6,34.1,34.1,34.4,34.1,33.9,33.8,34.4,34.0,34.4,34.2,34.6,33.6,33.6,33.9,33.7,33.4,33.3,33.7,33.6,33.8,33.5,34.2,34.3,33.9,33.6,33.5,33.6,33.6,33.6,33.6,33.6,33.9,34.1,34.3,34.4,34.0,33.8,34.1,34.3,33.9,33.5,34.1,34.3,33.2,33.6,33.6,34.0,33.5,33.5,33.4,33.6,33.3,33.5,33.6,33.8,33.8,33.6,33.6,33.7,33.5,33.8,33.5,34.0,33.6,33.7,33.9,34.1,34.3,34.1,34.3,33.7,34.0,34.0,33.8,33.5,33.4,33.3,33.1,33.3,33.7,33.1,33.4,33.5,33.5,33.3,33.3,33.8,33.6,nan,33.5,33.6,33.6,33.5,33.7,33.9,33.7,33.7,34.3,34.0,34.0,34.0,34.1,34.3,33.9,33.5,33.9,34.2,33.7,33.6,33.6,33.4,33.2,33.3,33.4,33.8,33.2,33.3,33.5,33.9,33.3,33.8,33.8,33.8,33.6,33.5,33.8,33.8,33.6,33.7,33.9,34.1,34.0,33.9,34.0,34.0,33.7,34.0,34.0,34.1,33.0,33.2,33.3,33.8,33.5,33.3,33.3,33.4,33.5,33.3,33.5,33.8,33.8,33.4,33.7,33.7,33.8,33.3,33.7,33.8,33.7,33.4,33.8,34.0,33.8,33.7,33.9,34.1,33.6,33.4,33.9,34.4,33.7,33.6,33.5,33.7,33.5,33.3,33.2,33.4,33.5,33.3,33.5,33.9,33.7,33.6,33.5,34.1,33.5,33.8,33.5,33.8,33.5,34.0,33.7,33.9,33.9,34.0,33.9,34.2,34.1,33.7,34.1,34.0,33.6,32.9,33.3,33.5,33.5,33.3,33.4,33.6,33.4,33.3,33.2,33.4,33.5,33.7,33.9,33.8,33.7,33.2,33.7,33.9,33.7,33.5,34.2,33.8,33.6,33.6,34.2,34.1,33.8,33.6,33.8,34.6,33.6,33.9,33.6,33.9,33.4,33.6,33.5,33.5,33.7,33.5,33.1,33.5,33.0,33.3,33.3,33.7,33.7,33.7,34.0,34.2,33.5,33.9,34.0,34.0,34.0,34.0,34.0,34.2,33.8,33.8,34.1,34.2,33.5,33.6,33.7,34.0,33.5,33.5,33.8,34.0,33.3,33.5,33.7,33.7,33.4,33.2,33.4,33.5,33.2,33.4,33.9,34.0,33.7,33.5,33.8,34.0,34.2,33.8,34.1,34.0,34.0,34.3,34.3,34.4
1785310921.8380694,915,34.1,34.5,34.2,33.7,33.9,34.2,33.8,33.9,33.5,33.8,33.8,34.4,34.1,34.1,33.3,33.5,33.0,33.0,33.3,33.6,33.7,33.6,33.2,33.6,33.4,33.6,33.4,33.7,33.8,33.6,34.1,33.5,34.7,33.8,33.8,34.3,34.0,34.0,33.6,33.9,33.9,33.7,34.5,34.5,34.8,33.3,33.2,33.5,33.5,33.1,33.2,33.5,33.4,33.3,33.4,33.8,33.7,33.5,33.3,33.4,33.9,33.7,33.4,34.1,33.8,34.7,33.6,33.9,33.6,33.7,33.9,33.6,34.4,34.5,34.3,35.8,33.6,34.7,33.1,33.7,33.7,33.5,33.3,33.0,33.5,33.4,33.4,33.1,33.3,33.4,33.2,33.5,33.5,33.6,33.5,33.8,33.9,33.8,33.5,33.7,34.1,33.6,33.7,34.2,34.3,35.1,35.2,34.7,34.8,33.6,33.5,33.3,33.5,33.5,33.4,33.5,33.3,33.3,33.1,33.5,33.5,33.7,33.2,33.7,33.8,33.6,33.6,34.0,33.9,34.1,33.5,33.8,33.7,34.2,34.2,34.6,35.0,34.7,34.5,34.8,34.1,34.8,33.5,33.6,34.0,33.8,33.6,33.5,33.3,33.8,33.5,33.4,33.5,33.3,33.3,33.2,33.6,33.5,33.0,33.6,34.0,33.8,33.8,33.9,33.7,34.1,34.1,35.5,35.5,34.6,34.6,34.3,34.7,34.2,35.0,34.1,34.1,33.7,33.5,33.7,33.6,33.5,33.6,33.5,33.6,33.6,33.4,33.5,33.4,33.5,33.5,33.7,34.4,33.9,33.7,33.7,33.7,34.1,35.4,35.6,35.1,35.7,34.7,34.8,34.6,34.8,34.7,34.8,34.2,34.7,33.7,34.3,34.0,34.4,33.4,34.0,33.4,33.6,33.6,33.7,33.4,33.4,33.5,33.5,33.9,33.9,33.6,34.1,33.6,35.3,34.8,35.3,35.7,35.0,35.0,34.5,34.7,34.9,34.7,34.8,34.7,33.9,34.4,34.3,34.1,34.2,34.2,34.0,33.3,33.5,33.5,33.4,33.7,33.6,33.2,33.8,33.6,33.9,33.7,34.0,35.0,34.1,35.3,35.5,34.6,35.4,34.4,34.5,34.7,34.7,34.7,35.2,34.2,34.9,33.7,33.7,33.7,33.8,33.9,33.9,33.6,33.7,33.5,33.6,33.8,33.7,33.4,33.7,34.0,34.0,33.9,34.5,33.5,34.7,34.7,35.7,35.4,34.7,34.2,35.0,34.4,34.4,34.7,34.8,34.9,34.1,33.9,34.3,33.8,33.5,33.7,34.0,33.9,33.4,33.8,33.7,33.3,33.9,33.5,33.6,34.1,33.9,34.0,34.0,34.5,34.4,35.0,35.0,34.3,34.8,34.6,34.2,34.5,34.6,34.5,34.6,34.5,34.7,33.7,33.8,33.8,33.9,34.0,33.9,33.6,33.9,33.9,33.9,33.9,33.8,33.9,33.8,33.8,33.8,33.9,34.3,33.7,34.6,33.8,34.3,34.9,34.4,34.2,34.6,34.2,34.6,34.3,34.8,34.5,34.1,33.6,34.0,33.7,33.8,33.6,33.6,33.7,33.4,33.5,33.9,34.0,33.8,34.4,33.9,34.2,33.5,34.1,34.0,34.4,33.8,34.3,33.9,34.7,35.3,34.5,34.8,34.4,34.1,34.2,34.3,34.1,33.9,33.5,33.8,34.1,34.0,33.6,34.1,33.8,33.7,33.9,34.0,34.4,34.5,34.3,35.3,34.1,34.0,33.4,34.0,33.4,34.3,33.5,34.7,34.7,34.6,34.9,34.6,33.9,33.9,33.8,34.2,33.5,33.7,33.7,33.7,34.3,33.8,34.0,33.8,33.9,33.8,34.0,34.0,34.1,34.3,34.6,34.9,33.8,34.0,33.9,34.1,33.7,33.7,34.1,34.1,34.5,34.5,34.5,34.9,34.4,34.3,33.8,33.6,33.8,33.8,33.7,33.8,34.0,34.3,34.0,34.1,34.0,34.2,34.3,34.0,34.3,34.3,34.3,34.5,33.5,33.9,33.6,33.9,33.3,33.8,33.5,34.5,33.6,34.4,34.0,34.0,34.0,33.9,33.7,33.9,33.6,33.6,33.6,34.1,34.0,34.0,34.0,34.2,34.3,33.9,34.4,34.4,33.8,34.2,34.2,34.6,33.6,33.9,33.7,33.7,33.8,33.8,33.9,33.8,34.3,33.8,34.0,34.1,33.9,33.9,33.7,33.9,33.7,33.6,33.9,33.8,34.2,34.1,34.2,34.2,34.5,34.4,34.1,34.2,33.9,33.9,34.1,33.7,33.6,33.4,33.0,34.0,33.5,33.4,33.7,33.8,33.4,33.6,33.8,34.0,33.7,nan,33.7,33.7,33.5,33.6,33.8,34.0,33.7,34.0,34.1,34.7,34.5,33.9,34.0,34.1,34.0,33.9,34.2,34.4,34.2,33.9,33.5,33.7,33.3,33.5,33.5,33.9,33.6,33.6,33.7,33.5,33.6,33.9,33.9,33.4,33.6,33.3,34.2,33.6,34.1,34.1,34.0,33.8,33.8,33.8,34.1,34.0,34.2,33.7,33.7,34.1,33.6,33.5,33.4,33.7,33.3,33.4,33.1,34.2,33.8,33.6,33.8,34.1,33.7,33.7,33.8,34.0,33.7,33.9,34.0,34.1,33.5,34.0,34.0,34.1,33.9,33.7,33.6,34.2,33.6,33.8,33.8,34.1,33.9,33.7,33.9,33.8,33.6,33.8,33.5,33.7,33.5,33.4,33.8,33.8,33.5,33.9,34.0,34.1,33.7,33.9,33.6,33.9,33.7,33.9,34.0,34.0,33.8,34.2,33.8,34.1,34.2,33.8,33.8,33.9,33.3,33.5,33.7,33.8,33.6,33.4,33.4,34.3,33.4,33.6,33.5,33.9,33.7,33.8,34.0,34.2,33.5,33.7,33.8,34.0,33.6,33.8,33.9,34.1,33.5,34.0,33.8,34.4,33.9,33.7,34.4,34.7,34.0,33.8,34.0,34.0,33.9,33.9,34.0,33.5,33.6,33.8,33.2,33.6,34.0,33.5,33.8,33.9,33.8,33.5,33.6,34.0,33.8,34.0,33.7,33.9,34.1,33.9,34.4,34.1,34.1,34.1,34.0,34.3,33.4,33.9,33.7,34.1,33.4,33.6,33.5,34.1,33.5,33.6,33.3,34.0,33.3,33.7,33.7,33.8,33.7,34.1,33.7,34.1,34.0,33.8,33.9,34.0,34.2,33.7,34.2,34.3,34.2,34.4,34.0,34.8
1785310924.3882701,916,34.0,33.6,34.1,33.8,34.0,33.8,33.7,34.0,33.6,33.9,33.3,33.5,33.4,33.1,33.6,33.2,33.1,32.9,33.4,33.5,33.4,33.5,33.1,33.5,33.1,33.1,33.3,34.0,33.9,33.3,33.5,33.6,33.3,33.5,33.2,33.5,33.3,33.4,34.2,33.6,34.7,33.8,33.4,32.8,33.2,33.2,33.3,33.6,32.8,32.9,33.1,33.4,33.1,33.4,33.2,33.5,33.0,33.2,33.2,33.9,33.6,33.4,33.5,33.5,33.6,34.1,33.5,34.3,33.7,34.0,33.8,35.1,34.1,34.5,34.0,33.9,32.8,33.4,32.8,33.6,33.2,33.1,33.2,33.2,33.4,32.9,33.3,33.4,33.2,32.9,33.0,33.3,33.6,33.3,33.4,33.9,33.8,33.7,33.6,33.9,34.0,33.4,34.7,33.7,34.6,34.8,34.1,33.7,33.6,33.3,33.6,33.0,33.2,33.2,33.3,33.4,33.2,33.3,33.6,33.4,33.5,33.0,32.7,33.6,33.1,33.3,33.5,33.9,33.5,33.3,33.6,34.1,33.4,34.3,33.9,34.7,35.4,34.4,34.4,34.1,33.5,34.0,33.4,33.4,33.5,33.7,33.1,33.6,33.0,33.5,33.0,33.5,33.2,33.4,33.4,33.7,33.5,33.3,33.3,33.7,33.2,33.6,34.4,33.6,34.3,33.8,34.7,35.2,34.5,34.7,34.9,33.5,34.2,33.4,33.9,33.8,33.8,33.3,34.1,33.1,33.6,32.9,33.3,33.3,33.1,33.1,33.4,33.4,33.3,33.0,33.6,33.4,33.4,33.8,34.0,34.4,33.9,35.5,35.0,34.4,34.4,34.6,34.5,34.8,34.2,34.5,33.6,34.1,33.5,33.7,33.2,34.1,33.4,33.6,33.2,33.5,33.3,33.5,33.5,33.6,33.3,33.3,33.4,33.6,33.3,33.7,34.3,34.0,35.0,35.0,35.2,34.3,34.4,34.4,34.7,34.8,34.5,34.6,34.3,34.2,33.7,33.5,34.0,33.5,33.7,33.3,33.6,33.2,33.4,33.4,33.9,33.1,33.7,33.3,33.7,33.9,33.5,34.0,33.6,34.7,35.3,35.3,35.5,35.0,34.4,34.1,34.7,34.7,34.9,34.1,34.1,33.9,33.8,33.5,33.6,33.6,33.8,33.3,33.3,33.7,33.3,33.4,33.4,34.2,33.5,34.5,33.1,34.0,33.5,33.2,34.2,34.8,34.7,35.2,35.1,35.6,34.1,34.4,34.4,34.9,34.2,34.6,34.3,34.5,33.4,33.7,33.8,33.9,33.7,33.9,33.3,33.7,33.6,33.6,34.0,33.6,35.1,33.1,33.8,33.3,33.5,33.4,34.1,33.9,34.5,35.3,34.9,34.7,34.1,34.4,34.3,34.4,34.6,33.8,34.4,34.0,33.8,33.7,33.6,33.7,33.5,33.5,33.4,33.8,33.2,33.6,33.6,34.1,33.8,34.4,33.4,33.9,33.7,33.7,33.8,34.0,34.1,35.4,34.4,34.6,34.5,34.3,34.0,34.5,33.7,34.7,33.8,34.2,33.4,33.4,34.0,33.4,33.6,33.7,33.8,33.7,33.8,33.5,33.9,33.6,33.7,33.7,33.9,33.4,33.8,33.6,33.8,34.1,34.3,33.9,34.7,34.7,34.4,34.2,34.0,33.9,34.6,33.4,34.5,33.7,33.8,33.4,33.6,34.0,33.8,33.9,33.6,33.9,33.7,34.0,33.8,33.7,33.8,33.5,34.0,34.0,33.5,33.5,33.7,33.7,33.3,34.3,34.1,34.8,34.5,34.3,33.8,34.2,33.4,34.1,33.3,33.9,33.3,33.5,33.7,33.6,33.7,33.6,34.0,33.5,33.9,33.8,34.0,34.5,33.5,34.4,33.9,34.2,33.9,33.6,33.6,34.0,33.6,33.2,34.3,34.1,34.5,34.2,34.1,34.0,34.0,33.5,33.6,33.4,33.5,33.2,33.9,33.7,34.1,33.8,33.9,33.8,33.9,33.6,34.0,33.7,34.2,33.7,34.6,34.2,33.2,33.8,33.5,33.7,33.2,33.7,33.9,34.8,33.8,34.6,33.7,34.0,33.6,33.3,33.6,33.6,33.1,33.8,33.6,34.3,33.9,34.1,34.0,33.9,33.5,34.1,33.9,34.5,33.7,34.3,33.9,34.9,33.7,33.4,33.4,33.6,33.4,33.3,33.8,33.6,34.5,33.4,33.8,33.8,33.4,33.5,33.5,33.7,33.6,33.5,33.6,33.7,34.1,33.5,34.1,33.6,34.1,33.4,34.0,33.7,34.2,33.8,34.0,33.8,33.2,33.7,33.1,33.5,33.2,33.5,33.5,34.1,33.0,33.8,33.3,33.8,33.5,nan,33.2,33.7,33.4,33.5,33.7,34.1,33.6,34.1,33.8,34.4,33.5,34.0,33.7,33.8,33.5,33.6,33.9,34.2,33.5,33.2,33.6,33.8,33.8,33.3,33.6,33.8,34.0,33.4,33.9,33.6,33.7,33.1,33.8,33.8,33.6,33.5,33.8,33.5,33.8,33.5,33.9,33.4,33.9,33.7,34.0,33.9,33.9,33.8,34.0,33.7,33.2,33.6,33.7,33.6,33.2,33.7,33.3,34.0,33.3,33.8,33.9,33.6,33.3,33.4,33.6,33.7,33.3,33.6,33.6,33.8,33.4,33.9,33.7,33.8,33.3,33.8,33.7,33.8,33.3,33.6,33.7,33.8,33.8,33.4,33.3,33.7,33.3,33.1,33.6,33.6,33.9,33.2,33.7,33.5,33.6,33.8,33.5,33.6,33.8,33.4,33.5,33.6,33.9,33.4,33.9,34.1,33.7,33.3,33.5,34.0,33.7,33.7,33.7,34.0,33.2,33.4,33.8,33.5,33.3,33.5,33.4,34.0,32.9,33.8,33.4,33.8,33.2,33.7,33.5,34.1,33.4,33.4,33.3,33.9,33.2,33.7,33.8,34.0,33.4,33.9,33.8,33.9,33.4,33.8,34.5,34.3,33.6,33.5,33.0,33.7,33.6,33.4,33.3,33.7,33.3,33.3,33.5,33.5,33.7,33.2,33.7,33.9,33.5,33.2,33.8,33.5,33.7,33.4,33.8,33.6,34.0,33.2,34.0,33.8,33.4,33.6,34.2,34.2,33.1,33.4,33.7,33.5,32.9,33.7,33.6,33.4,33.0,33.3,33.6,33.5,33.2,33.8,33.2,33.7,33.0,33.8,33.4,34.0,33.2,33.5,33.4,33.9,33.5,33.4,33.5,33.8,33.4,34.1,33.8,34.4
1785310926.938023,917,34.3,34.4,34.6,35.3,34.9,35.2,34.5,34.8,34.8,35.4,34.7,34.9,34.2,33.8,33.8,34.0,33.5,33.9,33.8,33.7,33.4,33.5,33.3,33.5,33.5,33.5,33.1,33.6,33.7,33.7,34.0,33.6,34.6,34.3,35.2,35.4,35.5,34.8,34.6,34.9,34.7,34.9,34.7,34.7,34.1,33.7,33.9,33.9,33.8,33.6,33.9,33.6,33.3,33.4,33.4,33.7,33.4,33.4,34.0,33.9,33.1,33.6,33.8,33.8,33.9,34.6,35.8,35.6,35.0,35.0,34.8,34.5,34.3,34.7,34.5,35.0,33.9,33.9,33.4,33.9,33.4,34.0,33.4,33.6,33.4,33.5,33.5,34.1,34.2,34.4,33.7,34.0,33.6,33.5,33.4,34.1,33.8,34.2,35.0,35.9,35.3,34.3,34.2,34.3,34.6,34.3,34.4,34.6,33.8,33.3,33.8,33.9,33.6,33.4,33.8,33.5,33.7,33.7,33.8,34.3,34.5,34.0,34.5,34.2,33.9,33.3,33.5,33.5,34.0,34.0,35.6,35.4,34.2,34.7,34.3,34.2,33.9,34.2,34.0,33.8,33.5,33.5,33.4,33.7,33.7,33.7,33.5,33.7,33.3,33.7,33.7,34.2,33.8,34.0,34.1,33.9,33.3,33.6,33.5,33.7,34.4,33.9,34.6,35.1,34.7,34.6,34.2,34.6,33.5,34.0,34.0,33.8,33.4,33.2,33.6,33.8,33.6,33.9,33.7,33.9,33.8,33.2,33.8,34.1,33.5,33.3,33.7,33.8,33.5,33.4,33.4,33.6,33.6,34.1,33.6,34.0,34.7,34.6,34.6,34.4,33.6,33.9,33.5,33.8,33.1,33.6,33.1,33.6,33.8,33.8,33.9,34.2,33.8,33.8,33.7,33.7,33.1,33.3,33.5,33.4,33.3,33.7,33.7,33.6,33.6,33.3,33.9,34.0,33.9,34.2,34.5,34.7,33.7,33.7,33.5,33.6,33.3,33.2,33.2,33.8,33.4,33.8,34.3,33.9,33.9,33.8,33.4,33.8,33.2,33.3,33.4,33.5,33.2,33.2,33.8,33.2,33.1,33.4,33.6,34.1,33.4,33.6,34.1,34.0,33.2,33.5,33.5,33.5,33.2,33.2,33.3,33.8,33.6,33.8,33.7,33.6,33.5,33.3,32.9,33.3,33.3,33.3,33.4,33.7,33.2,33.4,33.7,33.4,33.5,33.4,33.6,33.8,33.6,33.4,33.7,34.0,33.5,33.4,33.4,33.6,33.4,33.1,33.3,33.4,33.2,33.4,34.0,34.4,33.4,33.4,33.3,33.5,33.5,33.1,33.5,33.4,33.6,33.3,33.4,33.3,33.5,33.6,33.5,33.5,33.1,33.6,33.4,33.5,33.4,33.9,33.2,33.5,33.3,33.4,33.0,33.5,33.5,33.4,33.3,33.4,33.4,33.2,33.4,33.1,33.0,33.3,33.4,33.4,33.1,33.5,33.8,33.5,33.3,33.3,33.4,33.2,33.4,32.9,33.3,33.4,33.5,33.1,33.5,33.4,33.3,32.9,33.2,33.7,33.3,33.3,33.1,33.4,33.1,33.2,33.5,33.7,33.3,33.1,33.6,33.5,33.3,33.5,33.5,33.2,32.6,33.4,33.6,33.4,33.2,33.2,33.3,33.5,33.2,33.3,33.0,33.4,33.5,33.7,33.4,33.7,33.4,33.5,33.1,33.7,33.2,33.2,33.5,33.3,33.2,33.3,33.3,33.4,33.6,33.3,33.4,33.4,33.3,32.9,33.1,33.1,32.9,32.9,33.2,33.2,33.1,33.2,33.3,33.4,33.0,33.3,33.3,33.5,33.3,33.3,33.3,33.4,33.1,32.9,33.5,33.2,33.6,33.0,33.2,33.6,33.3,33.3,33.3,33.6,32.8,33.5,32.8,33.2,32.7,33.2,32.9,33.1,33.1,33.3,33.1,33.3,33.0,33.2,33.5,33.2,33.2,33.4,33.4,33.5,33.1,33.7,33.6,33.6,33.4,33.3,33.3,33.7,33.1,33.1,33.6,33.6,32.8,33.0,32.9,33.6,33.1,32.8,33.2,32.7,32.5,32.6,32.9,33.2,32.8,32.8,32.8,33.3,33.0,33.3,33.0,33.8,33.1,33.6,33.2,33.6,33.1,33.3,33.5,33.4,33.5,33.4,33.7,33.9,33.0,33.2,33.2,33.6,33.0,33.2,33.1,33.3,32.7,32.9,32.9,33.3,33.3,32.9,33.1,33.2,32.8,32.7,33.1,33.2,33.0,33.0,33.3,33.1,33.6,33.4,33.6,33.6,33.2,33.4,33.2,33.8,33.5,33.1,32.9,33.1,33.2,33.0,33.0,33.2,33.0,33.0,32.8,33.2,33.0,nan,32.9,32.8,32.8,32.7,32.9,33.1,33.1,32.9,33.0,33.2,32.8,33.3,33.2,33.4,33.7,33.5,33.3,33.9,33.5,33.0,33.4,33.4,33.2,33.2,33.4,33.6,32.5,33.2,33.0,33.6,32.7,33.2,33.0,33.0,32.7,33.0,33.1,33.0,32.6,33.2,33.0,32.8,33.0,33.0,33.2,33.3,33.2,33.6,33.4,33.7,33.0,33.2,33.3,33.4,33.2,33.1,33.1,33.2,33.2,33.0,33.2,33.1,33.3,32.4,33.1,32.9,32.8,33.0,33.1,33.3,33.1,32.9,33.0,33.1,33.1,32.9,33.3,33.4,32.7,33.1,33.3,33.4,33.1,33.2,32.9,33.3,33.3,33.1,32.9,33.5,32.8,33.0,33.2,33.2,33.2,33.1,33.0,33.3,33.0,32.8,33.0,33.1,32.9,32.8,33.2,33.2,33.0,33.3,33.2,33.5,33.1,33.1,33.3,33.4,33.4,33.2,33.6,34.2,33.0,32.9,33.4,33.4,33.1,33.1,33.4,33.6,33.2,33.2,33.2,33.3,32.7,32.9,33.3,33.2,33.2,33.2,33.3,33.1,33.1,33.0,32.9,33.7,33.0,33.2,33.4,33.7,33.4,33.5,33.0,33.9,32.8,33.2,33.5,33.2,33.1,33.1,33.5,33.4,32.8,33.2,33.2,33.0,33.0,33.2,33.3,33.4,33.3,33.2,33.1,33.3,33.2,33.4,33.5,33.4,33.0,33.4,33.5,33.8,33.3,33.4,33.5,33.1,33.3,33.5,33.6,33.4,33.0,33.1,33.6,33.4,33.1,33.2,33.4,33.2,32.9,32.9,33.6,33.4,33.0,33.2,33.3,33.3,33.3,33.6,33.1,33.6,33.2,33.2,33.4,33.7
1785310929.4869633,918,34.0,33.6,33.8,33.8,34.4,33.4,34.3,33.3,33.8,33.3,33.7,33.3,33.1,33.1,33.4,33.6,33.4,32.9,33.6,33.3,33.4,32.9,33.1,32.9,33.1,33.1,32.9,33.4,33.7,33.5,33.2,33.6,33.3,33.5,33.7,34.2,33.5,35.0,33.1,34.5,33.3,34.0,33.4,34.0,33.0,33.6,32.9,33.7,33.0,33.4,33.1,33.1,33.0,33.2,33.1,33.3,33.2,33.4,33.0,33.5,33.3,33.4,33.2,33.3,33.6,33.6,34.4,33.3,34.6,33.3,34.8,33.3,34.7,33.4,34.4,33.7,34.2,32.8,33.9,32.9,33.4,32.9,33.2,33.4,33.2,33.1,33.3,33.2,33.6,33.3,33.3,33.1,33.6,32.8,33.1,33.4,34.1,33.9,34.1,35.2,33.6,34.5,33.5,34.5,33.5,34.6,33.5,34.5,32.8,33.5,33.4,33.7,33.0,33.9,33.7,33.4,33.2,33.5,33.4,33.3,33.0,33.4,32.9,33.4,33.3,33.5,33.3,33.5,34.0,34.4,34.9,34.6,35.0,33.7,34.3,33.9,34.6,33.9,34.2,33.8,34.0,33.0,33.1,33.4,33.7,33.2,33.3,33.2,33.2,33.2,33.2,33.3,34.1,33.2,33.8,33.5,33.5,33.1,33.5,33.5,34.3,33.9,34.4,35.5,34.1,34.4,34.0,34.1,34.0,34.5,33.8,34.4,33.6,33.6,33.7,33.3,33.1,33.6,33.4,33.4,33.4,33.1,33.1,34.1,33.3,34.2,33.4,34.3,33.1,33.4,33.2,33.6,34.3,34.5,35.2,34.8,34.5,34.6,34.4,34.4,34.1,33.8,34.1,33.8,34.2,33.4,33.3,33.3,33.3,33.3,33.2,34.1,33.6,33.8,33.5,34.1,33.8,33.5,34.4,33.6,33.7,33.3,33.4,33.6,34.7,34.2,34.7,35.0,34.6,34.4,34.3,34.0,34.0,34.2,33.9,34.3,33.5,33.3,33.5,33.7,33.4,33.4,34.0,33.4,34.2,33.1,34.1,33.8,33.7,33.8,33.4,34.1,33.3,33.5,33.5,33.2,33.7,34.8,33.6,34.9,34.0,34.5,34.5,34.5,33.9,33.5,33.5,33.9,33.3,33.3,33.3,33.5,33.6,33.8,33.6,33.9,33.6,33.3,33.9,33.2,33.5,33.4,33.4,33.3,33.3,33.0,33.5,33.4,34.5,33.6,34.6,33.8,34.3,33.6,34.0,34.5,34.3,33.7,33.4,33.5,33.4,33.4,33.7,33.4,34.0,33.9,33.8,33.9,33.5,33.6,33.3,33.7,33.3,33.5,33.1,33.2,32.7,33.3,33.2,33.3,33.5,34.4,33.3,34.7,33.8,34.3,34.4,34.0,34.9,33.7,33.3,33.6,33.3,33.7,33.4,33.8,33.7,33.7,33.6,33.7,33.7,33.1,33.9,33.5,33.2,33.4,33.3,33.4,33.4,33.3,33.4,33.1,34.3,33.5,34.2,33.4,34.1,33.6,33.9,34.2,33.9,34.1,33.6,33.4,33.6,33.4,33.8,33.1,33.4,33.4,33.8,33.7,33.4,33.4,33.3,33.3,33.6,33.1,33.4,33.3,33.1,33.1,33.5,33.2,33.2,34.0,33.6,34.5,33.4,33.7,33.3,33.6,34.9,33.3,33.7,33.7,33.0,33.4,33.3,33.8,33.2,33.4,33.3,33.7,33.5,33.0,33.3,33.4,33.2,33.1,33.4,33.3,33.6,32.9,33.2,33.4,34.2,33.1,34.2,33.3,33.8,33.6,33.9,33.4,34.0,34.5,33.6,34.0,33.3,33.5,33.4,33.3,33.4,33.3,33.4,33.4,33.1,33.4,33.4,33.4,33.1,33.0,33.2,33.0,33.3,33.1,32.9,33.4,33.7,33.9,33.4,34.4,33.1,33.8,33.4,34.1,33.4,34.1,34.8,33.6,34.0,33.7,33.5,33.7,33.2,33.4,33.4,33.7,33.1,33.5,33.4,33.3,33.6,33.1,33.4,33.5,33.6,32.7,33.8,33.4,33.6,33.0,34.3,33.4,33.8,33.1,33.8,33.4,33.7,33.6,33.5,34.4,33.8,33.6,33.4,33.1,33.3,33.3,33.3,33.5,33.2,33.6,33.0,33.6,33.5,33.3,33.5,33.6,33.3,33.4,33.3,33.5,33.2,33.6,33.4,34.4,33.2,33.5,32.9,34.2,33.3,33.4,33.4,33.9,33.8,33.5,33.5,33.3,33.2,33.0,33.3,33.2,33.3,33.3,33.4,33.2,33.4,33.2,33.4,33.7,33.4,33.4,33.4,33.4,33.7,33.3,33.3,32.5,34.1,32.6,34.1,32.8,34.2,33.3,33.5,33.2,33.5,nan,33.2,33.3,33.1,33.1,33.4,33.3,33.4,33.2,33.5,33.5,33.2,33.3,33.4,33.6,33.4,33.5,33.3,33.6,33.1,33.8,33.2,33.8,33.2,33.9,33.0,34.3,32.7,33.5,33.0,33.7,33.0,33.5,33.2,33.5,33.3,33.0,33.4,33.5,33.1,33.3,33.4,33.5,33.5,33.2,33.6,33.7,33.5,33.2,33.6,33.5,33.0,33.2,33.7,33.0,33.4,33.1,33.5,33.2,33.5,33.0,33.4,33.3,33.6,32.8,33.4,33.2,33.3,33.0,33.2,33.3,33.6,33.4,33.5,33.3,33.3,33.4,33.7,33.6,33.3,33.3,33.1,33.8,33.5,33.6,33.1,33.7,33.1,33.1,33.2,33.4,33.0,33.3,33.4,33.5,33.1,33.3,33.2,33.3,33.0,33.4,33.0,33.4,33.0,33.3,33.2,33.3,33.0,33.3,33.4,33.8,33.5,33.1,33.5,33.4,33.2,33.1,33.3,33.3,33.1,33.5,33.4,33.3,33.5,32.8,33.5,33.1,33.2,32.9,33.0,33.6,33.1,33.1,33.3,33.2,33.2,33.0,33.1,33.1,32.7,33.0,33.2,33.5,33.0,33.2,33.4,33.9,33.7,33.2,33.2,33.9,33.6,33.0,33.3,33.3,32.9,32.9,32.9,33.3,33.2,33.2,33.2,33.2,33.0,33.0,33.5,33.4,33.2,33.0,33.3,33.2,33.6,33.1,33.2,33.6,33.6,33.2,33.7,33.7,33.3,33.6,33.1,33.3,33.1,33.3,33.2,33.4,33.4,33.3,33.0,33.4,33.2,33.1,33.2,33.0,32.9,33.3,33.4,33.3,33.0,33.2,33.3,33.1,33.3,33.2,33.3,33.6,33.2,33.2,33.6,33.7
1785310932.0379653,919,33.5,33.1,33.1,33.1,33.3,33.4,33.7,33.1,33.2,33.3,33.1,33.4,33.1,33.3,33.0,33.1,33.1,32.9,33.0,32.9,32.9,33.1,32.7,33.1,33.1,32.9,33.3,33.4,33.7,33.0,33.2,33.4,33.3,33.2,33.5,33.3,33.1,33.2,32.9,33.0,33.0,33.6,33.4,33.0,33.4,33.0,32.9,32.8,32.9,33.1,33.1,33.2,33.3,33.0,33.1,33.3,33.2,32.8,33.2,33.3,33.4,33.2,33.0,33.8,33.2,33.4,32.8,33.4,33.3,33.1,33.0,33.3,33.5,33.1,32.7,33.2,33.4,32.9,33.0,32.9,32.9,32.6,32.8,32.7,33.4,32.9,32.9,33.0,32.9,33.1,32.9,33.2,33.2,32.6,33.4,33.4,33.3,33.0,33.4,33.0,33.0,32.8,33.4,33.2,33.1,32.8,33.0,33.0,33.0,32.8,32.6,33.0,32.9,32.7,33.0,33.0,33.0,33.0,33.0,33.1,32.8,32.8,32.5,33.6,33.3,32.9,33.3,33.3,33.3,33.1,33.2,33.5,33.4,33.3,33.7,34.3,34.2,34.4,33.0,33.3,33.0,33.0,33.1,33.0,33.4,33.1,32.8,33.2,33.0,33.0,32.9,33.1,32.7,33.2,33.2,33.1,33.0,33.2,33.1,33.2,33.7,33.2,33.3,33.0,33.6,33.4,34.2,34.1,34.9,34.9,33.3,33.3,33.4,33.1,33.2,33.3,33.0,33.0,33.2,32.9,33.1,33.1,33.1,33.4,33.0,33.1,33.3,33.4,33.1,32.8,33.2,33.0,33.6,33.4,33.6,33.6,34.0,34.4,34.8,35.1,34.3,35.0,34.6,33.7,33.6,33.6,33.4,33.6,33.0,33.3,32.9,33.2,33.3,33.3,33.0,33.2,33.3,33.4,33.3,33.4,32.9,32.9,33.2,33.2,33.4,33.1,33.5,33.6,34.5,34.1,34.9,34.9,34.7,34.5,34.4,34.3,33.8,33.8,33.7,34.0,33.6,32.9,32.9,33.2,33.2,33.0,33.6,33.4,33.2,33.3,33.2,33.2,33.2,33.2,32.9,33.5,33.8,34.2,34.2,34.7,34.4,34.7,34.7,35.0,35.0,34.8,35.0,34.4,33.6,33.3,33.6,33.6,33.8,33.1,33.3,33.0,33.5,33.3,33.1,33.6,33.2,33.3,33.4,33.3,33.2,33.6,33.3,32.8,34.3,34.3,35.2,35.4,34.1,33.9,34.6,34.6,34.7,34.6,34.9,35.0,33.4,33.1,33.4,33.6,33.1,33.1,33.5,33.4,33.2,33.4,34.0,33.7,34.3,34.0,33.5,33.4,33.4,33.3,33.2,33.3,34.6,35.3,35.3,34.7,34.2,34.1,34.3,34.7,34.4,34.6,34.8,34.1,33.6,33.4,33.3,33.4,33.8,33.4,33.3,33.2,33.2,33.8,34.2,33.8,34.4,34.6,34.0,33.6,33.6,33.3,33.2,33.1,35.0,34.7,35.2,34.8,34.2,34.0,34.2,34.6,34.7,34.6,33.8,34.5,33.4,33.3,33.7,33.6,33.5,33.1,33.2,33.3,33.6,33.6,33.6,33.8,34.1,34.3,33.4,33.6,33.2,33.2,33.1,33.0,34.3,34.3,34.8,34.5,34.3,34.1,34.2,34.7,34.1,33.6,33.9,33.6,33.3,33.4,33.7,34.0,33.5,33.4,33.5,33.7,33.8,33.9,34.0,33.6,33.6,33.1,33.4,33.5,33.6,33.3,33.2,33.2,34.0,33.5,34.5,34.3,34.2,34.2,33.9,33.9,33.8,33.7,33.5,33.7,33.1,33.5,33.6,33.8,33.4,33.6,33.6,33.9,33.6,33.7,33.2,33.7,33.1,33.2,33.3,33.2,33.0,33.1,33.1,33.8,34.1,33.7,34.2,34.0,34.0,34.5,34.3,34.0,33.9,33.4,33.5,33.7,33.5,33.4,33.3,33.9,33.7,34.0,33.8,34.0,33.6,33.5,33.8,33.3,33.2,33.1,33.5,33.1,33.3,33.3,33.4,33.4,33.2,33.6,33.9,33.4,34.1,34.2,34.5,34.6,33.4,33.5,33.2,33.4,33.1,33.1,33.3,33.5,33.6,33.9,33.7,33.8,33.1,33.1,33.4,33.6,33.2,33.1,33.4,33.4,33.0,33.2,33.3,33.1,33.7,33.2,33.6,33.8,33.9,34.3,34.9,34.5,33.5,33.2,33.3,33.5,33.5,33.5,33.3,33.7,33.5,33.7,33.8,33.5,33.3,33.2,33.1,33.3,33.6,33.4,33.5,33.6,33.4,33.4,33.4,33.2,33.5,33.1,33.5,33.7,33.9,33.3,34.6,35.1,33.3,33.3,33.2,33.5,33.3,nan,33.2,33.3,33.1,33.3,33.4,33.6,33.3,33.2,33.3,33.4,33.4,33.5,33.6,33.3,33.4,33.3,33.5,33.7,33.5,33.6,33.4,33.8,33.8,33.7,34.0,34.9,34.1,33.5,33.4,33.6,33.5,33.3,33.7,33.3,33.3,33.3,33.5,33.3,33.3,33.3,33.4,33.4,33.3,32.8,33.4,33.5,33.3,33.2,34.1,33.5,33.5,34.1,33.7,34.0,33.6,33.7,33.7,34.2,34.6,34.0,33.4,33.7,33.5,33.4,33.4,33.2,33.5,33.3,33.6,33.6,33.3,33.2,33.3,33.3,33.5,33.2,33.5,33.2,33.5,33.3,33.3,33.4,33.5,33.8,33.8,33.7,33.4,33.3,33.4,33.8,34.4,35.3,34.4,33.9,33.8,33.7,33.4,33.8,33.3,33.1,33.4,33.6,33.2,33.5,33.7,33.5,33.5,33.5,33.6,33.8,33.7,33.3,33.3,33.6,33.0,33.2,33.4,33.3,33.3,33.7,34.0,34.2,34.7,34.9,34.4,34.0,33.2,33.4,33.4,33.4,33.2,32.9,33.5,33.6,33.4,33.0,33.7,33.7,33.2,33.6,33.8,33.7,33.4,33.6,33.6,33.7,33.4,33.0,33.2,33.7,33.2,33.2,33.4,33.6,33.9,33.3,33.9,33.5,33.5,33.2,33.7,33.8,33.2,33.2,33.7,33.7,33.3,33.6,33.6,33.4,33.6,33.4,33.7,33.8,33.6,33.4,33.9,33.8,33.1,33.4,33.5,33.6,33.1,33.3,33.0,33.6,33.0,33.7,33.4,33.4,33.2,33.2,33.4,33.2,32.9,33.3,33.6,33.3,33.0,33.2,33.5,33.9,33.5,33.4,33.7,33.8,33.4,33.6,33.9,34.0
1785310934.5915952,920,33.9,33.3,33.5,33.3,32.8,33.2,33.2,32.9,32.7,33.3,33.3,33.0,33.4,33.1,32.8,33.1,32.9,32.6,33.2,33.1,33.4,33.0,32.7,33.0,33.2,32.9,32.8,33.2,33.3,33.5,33.1,33.4,33.3,33.9,33.3,33.2,33.1,32.9,32.9,33.4,33.0,33.3,32.7,33.2,32.7,33.3,32.8,33.5,33.1,32.6,33.0,33.2,33.0,33.1,32.9,33.0,33.0,33.0,32.6,33.2,33.2,33.3,32.5,33.4,33.5,33.7,33.2,33.1,33.2,32.5,33.1,33.1,32.7,32.9,33.0,33.0,33.0,32.9,33.2,32.9,33.0,32.8,33.0,32.9,33.0,33.1,33.1,33.0,33.0,32.7,33.0,33.0,33.5,33.3,33.3,33.7,33.1,33.6,33.0,33.1,32.6,33.2,32.8,33.5,32.4,32.7,33.0,33.2,32.6,32.7,32.4,32.9,32.9,32.8,32.8,33.3,33.2,33.3,33.1,33.0,32.8,33.2,32.5,33.1,33.1,33.3,33.1,33.6,33.5,33.3,33.3,33.3,33.1,33.1,33.3,33.2,33.1,33.6,33.6,34.2,33.9,33.4,33.2,32.9,33.3,32.9,32.9,32.9,33.0,32.9,32.8,33.0,33.2,32.9,32.7,33.0,33.3,33.2,33.0,33.0,33.0,33.6,33.3,33.5,33.2,33.5,32.9,33.5,33.7,33.8,34.4,34.8,34.4,33.9,32.9,33.4,33.2,33.1,33.1,32.9,33.1,33.0,33.0,33.1,32.8,33.2,32.7,33.3,33.1,32.8,32.8,33.3,34.0,33.2,33.5,33.4,33.7,33.6,33.6,34.1,34.6,34.3,34.4,34.9,35.3,34.9,33.7,33.8,33.9,33.4,33.4,33.5,33.4,33.1,33.5,33.2,33.3,33.0,33.3,33.0,33.4,33.3,33.8,33.6,32.9,33.2,33.1,33.5,33.4,33.6,34.0,34.1,34.1,34.3,34.6,34.9,35.0,35.2,33.8,34.1,33.9,33.7,33.4,33.7,33.2,33.5,33.1,33.4,32.9,33.4,33.1,33.7,33.0,33.3,33.4,33.8,33.5,33.6,33.3,33.7,34.1,33.8,34.4,34.3,34.3,34.3,34.6,34.7,34.7,34.9,34.4,33.8,33.3,33.2,33.6,33.2,33.4,33.2,32.9,32.9,33.1,33.4,33.7,33.3,33.1,33.2,33.3,33.4,33.7,33.6,33.8,34.5,34.9,34.8,34.2,34.5,34.2,34.4,34.4,34.8,34.5,34.9,34.3,34.2,33.4,33.7,33.5,33.7,32.9,33.2,33.0,33.3,33.1,33.4,33.5,34.1,33.6,33.8,33.4,33.5,33.5,33.4,34.3,34.7,35.4,35.5,34.6,33.9,34.0,34.3,34.6,34.5,34.7,35.1,34.5,33.9,33.5,33.4,33.3,33.6,33.2,33.0,33.2,33.5,33.5,34.3,34.1,34.7,34.7,34.0,33.6,33.6,33.5,33.8,34.1,34.6,34.9,35.2,33.7,33.9,34.2,34.6,34.2,34.8,35.0,34.8,34.3,34.0,33.3,33.5,33.4,33.6,33.4,33.2,33.1,33.5,33.5,33.8,33.9,34.1,34.3,33.8,33.5,33.5,33.6,34.1,34.3,34.5,34.8,34.5,34.1,34.2,34.5,34.1,34.5,34.4,34.1,34.8,33.6,33.6,33.5,33.7,34.1,33.9,33.8,33.4,33.6,33.6,34.0,33.8,33.4,33.7,33.8,33.3,33.5,33.6,33.3,33.7,33.3,34.2,33.9,34.3,34.1,34.4,34.2,34.9,34.2,34.2,34.6,33.8,33.3,33.6,33.1,33.8,33.8,34.0,33.4,33.4,33.7,34.0,33.8,33.8,33.0,33.7,33.2,33.5,33.3,33.4,33.6,33.5,33.5,33.8,33.8,33.6,33.9,34.3,34.8,34.4,34.1,34.8,33.6,33.7,33.1,33.2,33.4,33.2,33.9,33.9,33.6,33.7,33.7,33.5,34.1,33.4,33.6,33.7,33.4,33.1,33.5,33.8,33.2,33.3,33.3,33.1,33.4,33.4,33.6,34.4,34.4,34.9,34.9,34.0,33.6,33.4,32.9,33.6,33.3,33.8,33.8,34.3,33.7,33.9,33.7,33.9,33.5,33.8,33.4,33.8,33.3,33.3,33.1,34.1,33.6,33.0,33.3,33.5,33.3,33.4,33.6,33.7,34.7,34.7,34.1,34.1,33.6,33.4,33.3,33.4,33.5,33.5,33.8,34.0,34.1,34.0,33.9,33.3,33.7,33.2,33.6,33.6,33.4,33.6,33.3,33.4,33.1,33.5,32.9,33.7,33.6,33.3,33.2,33.9,33.7,34.2,33.5,33.7,33.3,nan,32.9,33.4,33.6,33.4,33.4,33.7,33.9,33.7,33.5,33.7,33.4,33.4,33.4,33.4,33.6,33.6,33.5,34.0,33.4,33.4,33.5,33.4,33.3,33.6,33.7,33.8,34.0,33.7,33.9,33.9,33.3,33.2,33.5,33.5,33.6,33.4,33.4,33.5,33.6,33.2,33.5,33.4,33.7,33.2,33.4,33.5,33.7,33.4,33.6,33.8,33.1,33.1,32.9,33.5,33.4,33.8,33.3,33.7,33.7,33.6,33.6,34.0,33.2,33.4,33.1,33.4,33.5,33.6,33.3,33.6,33.3,33.7,33.2,33.6,33.3,33.5,33.5,33.3,33.3,33.6,33.1,33.5,33.7,33.2,33.7,33.8,33.1,33.3,33.6,33.3,33.7,33.5,33.5,33.6,33.4,33.3,33.2,33.5,33.6,33.1,33.5,33.5,33.5,33.7,33.7,33.4,33.3,33.3,33.5,33.5,33.7,33.5,33.9,33.6,32.3,33.3,32.7,33.9,33.0,33.6,33.3,33.8,33.0,33.5,33.2,33.6,33.6,33.4,33.4,33.9,33.4,33.2,33.0,33.6,33.4,33.3,33.7,33.5,33.4,33.7,33.3,33.9,33.2,33.3,33.6,33.8,33.3,33.0,33.4,33.5,33.2,33.0,33.3,33.4,33.1,33.3,33.3,33.2,33.5,33.4,33.7,33.6,33.8,33.1,33.4,33.8,33.5,33.4,33.6,32.9,33.8,33.8,33.8,33.6,34.0,33.2,33.9,33.8,32.9,33.5,33.1,33.3,33.1,33.6,33.2,33.4,33.0,33.1,33.2,33.5,33.1,33.4,33.2,33.5,33.1,33.4,33.4,33.8,33.0,33.5,33.1,34.0,33.3,33.6,33.5,33.7,33.2,33.6,33.9,33.9
1785310937.133478,921,33.2,32.8,33.1,33.4,32.9,32.7,33.3,32.9,33.0,32.9,32.8,33.4,32.9,32.9,32.9,32.7,32.8,32.6,32.5,33.1,33.3,33.0,32.7,32.8,32.7,32.7,33.1,33.2,33.2,32.6,33.0,33.4,33.6,33.0,33.3,32.8,32.8,32.6,33.1,33.0,33.0,32.8,33.1,32.9,33.0,32.9,32.8,33.2,32.7,32.9,32.6,32.9,32.8,32.7,32.7,33.3,32.8,32.9,32.8,33.3,33.6,32.5,32.8,33.3,33.7,33.4,32.8,33.4,32.9,33.2,32.8,33.1,32.8,32.9,32.8,33.4,32.7,32.7,32.9,32.7,32.9,32.9,32.3,32.8,33.3,33.0,33.0,33.2,33.1,32.9,32.5,33.0,33.2,33.3,33.0,33.4,33.4,33.0,33.2,32.8,33.0,32.7,33.0,32.8,32.9,32.8,32.8,33.1,32.6,32.6,32.6,32.5,32.9,32.7,32.8,33.0,33.0,32.8,32.9,32.8,33.0,32.7,32.6,33.2,32.9,32.5,33.3,33.1,33.1,33.3,33.0,33.3,33.2,33.1,33.2,33.4,33.4,33.2,33.9,34.0,33.0,33.1,32.8,33.1,32.9,32.4,32.6,33.1,33.0,32.9,32.7,33.2,32.9,33.1,32.8,33.2,33.0,33.0,32.9,33.0,33.5,33.0,33.1,33.2,33.0,33.0,33.4,33.4,33.7,34.0,34.7,34.4,33.4,32.9,33.1,33.2,32.8,32.7,33.3,33.1,33.0,32.6,33.0,32.9,33.0,33.1,32.9,33.2,33.1,32.9,32.8,33.2,33.2,32.8,33.0,33.2,33.4,33.5,34.1,34.3,34.5,34.7,34.8,35.2,34.1,33.8,33.5,33.6,33.4,33.0,32.9,33.4,33.0,33.0,32.7,33.1,33.0,33.0,33.0,33.2,33.1,33.1,33.3,33.4,32.9,33.4,33.3,33.0,33.2,33.7,34.0,34.2,34.4,34.7,34.6,34.8,34.8,34.0,33.5,33.7,33.7,33.4,33.7,33.1,33.2,33.0,32.9,33.1,33.6,33.1,33.2,33.2,33.0,33.0,33.2,33.3,33.6,33.4,33.8,33.9,33.8,33.8,34.0,34.5,34.4,34.7,34.7,34.7,34.3,34.3,33.4,33.6,33.2,33.4,33.1,33.3,33.0,33.2,32.8,33.1,33.6,33.1,33.1,33.3,33.0,33.1,33.2,33.4,33.7,33.7,34.2,34.8,34.7,34.5,34.6,34.4,34.3,34.6,34.6,35.1,34.7,34.2,33.8,33.3,33.4,33.4,33.4,33.1,33.1,33.1,33.2,33.2,33.8,33.8,33.9,34.2,33.4,33.1,33.2,33.4,33.2,33.7,35.0,35.3,34.6,35.2,33.6,34.4,34.1,34.3,34.5,34.8,34.9,35.0,33.5,33.6,33.4,33.6,32.9,33.2,33.2,33.0,33.1,33.3,33.5,33.8,34.4,34.8,33.7,33.7,33.1,33.4,33.3,33.7,34.5,34.8,35.1,34.2,33.7,33.9,34.4,34.1,34.7,35.3,35.2,34.9,33.7,33.3,33.5,33.3,33.1,33.3,33.3,33.3,33.3,33.7,33.6,33.4,34.1,34.4,33.7,33.2,33.5,33.0,33.7,33.5,34.0,34.7,34.3,33.9,33.8,34.2,33.9,34.0,34.3,34.3,35.0,35.0,33.2,33.4,33.7,33.6,33.5,33.9,33.7,33.4,33.7,33.8,33.4,33.3,33.3,33.6,33.3,33.3,32.8,33.4,33.3,33.6,33.9,34.3,33.9,33.8,34.3,34.0,33.8,33.7,33.8,34.9,34.4,33.8,33.3,33.3,33.6,33.7,33.6,33.8,33.4,33.6,33.9,33.8,33.3,33.2,33.5,33.3,33.3,32.8,33.3,33.7,33.1,33.5,33.6,33.2,33.8,33.8,34.0,34.4,34.3,34.1,34.5,34.5,33.4,34.0,33.0,33.1,33.4,33.7,33.7,34.0,33.5,33.5,33.3,33.7,33.4,33.3,33.3,33.2,33.3,33.2,33.4,33.6,33.2,33.2,33.2,33.2,33.3,33.3,34.3,34.5,34.5,34.5,34.9,33.6,33.8,33.0,33.1,33.5,33.3,33.3,33.8,34.0,33.6,33.8,33.6,33.4,33.5,33.3,33.2,33.5,33.4,33.2,33.3,33.6,33.3,33.4,33.4,33.5,33.4,33.4,33.8,34.2,34.4,34.8,33.5,34.0,33.5,33.2,33.3,33.2,33.4,33.2,33.5,33.7,33.8,33.7,33.1,33.5,33.3,33.1,32.9,33.4,33.1,33.4,33.2,33.4,33.3,33.1,33.3,33.2,33.4,33.4,33.6,33.8,34.2,33.7,33.7,33.2,33.3,nan,33.2,33.0,33.5,33.0,33.7,33.6,33.8,33.6,33.5,33.2,33.0,33.3,33.4,33.1,33.4,33.1,33.3,33.7,33.1,33.2,33.2,33.8,33.6,33.2,33.3,33.7,33.4,33.7,33.3,33.3,33.2,33.2,33.4,33.5,33.4,33.0,33.1,33.5,33.2,33.4,33.0,33.2,33.4,33.0,33.1,33.7,33.4,33.1,33.7,34.0,33.3,33.0,33.5,33.6,33.0,33.0,33.5,33.8,33.5,33.4,33.4,33.3,33.3,33.1,33.6,33.6,33.6,33.2,33.5,33.2,33.4,33.1,33.2,33.4,33.3,32.9,33.5,33.2,33.1,33.5,33.6,33.2,33.6,33.6,33.0,34.0,33.6,32.9,33.5,33.3,33.4,33.4,33.4,33.4,32.6,33.2,33.2,33.6,33.5,33.3,33.0,33.5,33.1,33.1,33.2,33.4,33.2,33.2,33.0,33.9,33.6,33.1,33.3,33.6,32.6,32.7,33.2,33.1,33.2,33.3,33.6,33.7,33.3,33.5,33.4,33.1,33.1,33.3,33.8,33.3,33.3,33.1,33.4,33.3,33.0,32.9,33.7,33.3,33.1,33.1,33.3,33.2,33.2,32.8,33.6,33.7,33.2,33.3,33.0,33.3,33.3,33.4,33.4,33.0,32.8,33.0,33.3,33.4,33.2,33.2,33.2,33.6,33.2,32.9,33.7,33.6,33.2,33.1,33.7,33.5,33.3,33.1,33.5,33.8,33.7,33.4,33.7,33.8,32.9,33.2,33.3,33.2,32.9,32.9,33.1,33.1,33.0,32.8,33.4,33.1,33.1,32.9,33.4,33.4,33.4,32.9,33.2,33.3,33.4,33.0,33.3,33.2,33.3,33.1,33.3,33.2,33.5,33.5,34.1,34.0
1785310939.6838543,922,33.5,32.7,32.9,33.2,33.4,33.1,33.3,33.1,32.6,33.2,32.8,32.9,32.9,33.2,32.5,33.2,33.0,32.3,32.9,32.9,32.9,32.9,32.8,33.1,32.9,32.4,32.9,33.5,33.5,32.5,33.0,33.5,33.7,33.5,33.4,33.1,32.8,32.8,33.1,32.8,32.9,32.9,33.0,33.1,33.0,32.9,32.9,32.7,32.6,32.9,32.9,33.1,32.9,32.7,32.8,33.1,32.6,32.9,33.1,33.1,33.3,33.2,32.9,33.1,33.2,32.8,32.6,33.3,32.7,32.7,32.8,33.2,32.6,32.8,32.8,33.3,32.9,32.8,32.7,33.2,32.7,32.4,32.7,33.1,33.1,32.7,33.2,33.4,33.1,32.5,32.9,33.1,32.8,33.0,33.0,33.6,33.2,33.3,33.1,33.0,32.3,32.5,32.7,33.0,32.9,32.5,33.0,33.3,32.6,32.7,32.6,32.9,32.7,32.7,33.0,33.1,32.8,32.9,33.0,32.8,33.0,32.7,32.7,33.3,32.8,32.7,33.2,33.5,33.4,33.0,33.2,33.2,32.9,33.2,33.4,33.5,32.8,33.7,34.1,34.8,33.2,33.2,32.8,33.0,33.1,32.9,33.0,33.0,32.9,33.0,33.1,32.9,32.8,32.8,32.7,33.1,33.2,32.9,32.7,33.2,33.1,33.2,33.0,33.0,33.1,32.9,33.2,33.4,34.2,34.0,35.0,34.9,33.4,32.8,33.2,33.0,32.8,33.2,33.1,33.0,32.9,33.1,32.9,33.6,33.1,32.8,33.0,33.0,32.8,32.7,33.6,33.4,33.5,33.1,33.4,34.0,33.4,33.6,34.1,34.2,34.7,34.4,35.0,35.3,34.4,34.0,33.6,33.9,33.2,33.5,33.1,33.0,33.2,32.9,32.7,33.4,33.0,33.0,33.2,33.0,33.5,33.1,33.3,33.8,32.6,33.4,33.6,33.2,33.3,33.5,34.3,34.6,34.7,34.6,34.7,35.1,34.9,34.0,33.5,33.4,33.2,33.3,33.5,33.3,33.0,32.7,33.6,33.1,33.2,33.1,33.0,33.2,33.3,33.0,33.3,33.3,33.1,33.5,33.5,34.8,34.2,34.3,34.2,34.5,34.1,34.3,34.7,35.0,35.1,34.4,33.5,33.6,33.2,33.5,33.1,33.3,33.2,33.0,33.1,33.1,33.4,33.4,33.1,33.4,33.0,33.2,33.2,33.3,33.4,33.5,34.7,34.7,34.8,34.9,34.4,34.2,34.6,34.5,34.5,34.8,34.6,34.5,33.7,33.3,33.1,33.1,33.3,33.5,33.1,33.0,32.9,33.2,33.3,33.5,34.4,33.8,33.4,32.9,33.4,33.4,33.8,33.6,34.8,35.2,35.3,34.8,34.0,34.2,33.9,34.0,34.4,35.1,35.1,35.2,33.5,33.5,33.6,33.4,33.0,33.4,33.1,33.1,33.3,33.4,33.7,33.8,33.8,34.8,33.9,33.4,33.5,33.5,33.4,33.5,34.4,34.5,34.8,34.5,34.2,33.9,34.0,34.0,34.3,34.4,35.5,34.9,33.5,33.5,33.6,33.5,33.4,33.1,33.3,33.1,33.6,33.6,33.6,33.7,34.2,34.6,33.5,33.2,33.3,33.0,33.5,33.6,34.2,34.5,34.0,34.1,33.9,34.0,33.8,34.1,34.1,34.5,35.0,34.1,33.6,33.7,34.0,33.7,33.8,33.7,33.4,33.7,33.8,33.9,33.6,33.5,33.5,33.3,33.3,33.1,33.5,33.7,33.5,33.2,33.6,33.9,33.8,33.8,34.4,34.0,33.6,33.5,34.6,34.9,33.6,33.5,33.1,33.0,33.4,33.7,33.7,33.8,33.4,33.5,33.9,33.6,33.3,33.6,33.3,33.5,33.1,32.8,33.2,33.7,33.7,33.6,33.4,33.7,33.5,33.4,34.0,34.6,34.4,34.7,34.3,34.3,33.4,33.3,32.9,33.2,33.4,33.7,33.8,34.0,33.5,33.5,33.5,33.3,33.3,32.9,33.3,33.3,32.9,33.1,33.2,33.7,33.2,33.7,33.5,33.4,33.2,33.2,33.9,34.3,34.5,34.5,34.3,34.1,33.1,33.0,33.2,33.2,33.1,33.7,33.8,33.7,33.2,33.7,33.3,33.8,33.6,33.3,33.2,33.5,33.1,32.9,33.2,33.6,33.3,32.9,33.2,33.8,33.2,33.1,33.7,34.2,34.4,33.9,33.6,33.8,33.2,33.2,33.3,33.5,33.4,33.0,33.5,34.1,33.7,33.3,33.3,33.4,33.1,33.2,33.0,33.7,33.3,33.2,33.4,33.5,33.2,33.2,33.2,33.0,33.3,33.2,34.1,33.6,33.8,33.6,33.2,33.4,33.1,nan,33.4,33.0,32.9,33.4,33.4,33.5,33.6,33.4,33.3,33.1,33.0,32.8,33.4,33.3,33.9,32.9,33.6,33.7,33.5,33.4,33.2,33.4,33.1,33.1,33.5,33.8,33.4,33.5,33.6,33.6,33.0,33.3,33.5,33.5,33.0,33.2,33.2,33.8,33.7,33.3,33.2,33.5,33.4,33.1,33.3,33.5,33.2,33.4,33.5,33.7,33.2,33.5,33.2,33.4,33.3,33.4,33.1,33.3,33.5,33.4,33.3,33.2,33.0,33.0,33.6,33.4,33.4,33.3,33.1,33.5,33.1,33.1,33.3,33.5,32.9,32.9,33.7,33.1,32.9,33.1,33.1,33.4,33.1,33.3,33.0,33.9,33.2,33.2,33.1,33.6,33.2,33.0,33.4,33.7,33.3,33.6,33.6,33.6,33.0,33.1,33.0,33.6,33.3,32.9,33.4,33.9,33.4,33.1,33.4,33.8,33.4,33.2,33.3,33.8,32.4,33.0,33.3,32.9,32.9,33.3,33.6,33.3,33.3,33.0,33.5,33.3,33.5,33.3,33.4,33.8,33.2,33.3,33.0,33.6,32.8,33.4,33.4,33.4,33.0,33.4,33.4,33.4,33.4,33.2,33.8,33.7,33.0,33.2,33.0,33.4,33.1,33.0,33.4,33.5,33.0,32.7,33.2,33.5,33.2,33.2,33.4,33.5,33.0,33.2,33.4,33.7,33.0,33.4,33.5,33.2,33.1,33.2,34.1,33.5,33.5,33.3,33.8,34.4,32.8,33.2,33.0,32.9,33.1,32.9,33.0,33.5,32.8,33.0,33.2,33.2,32.9,33.1,33.2,33.1,32.9,33.1,33.2,33.7,33.0,33.2,33.2,33.4,33.4,33.1,33.4,33.4,33.2,33.5,33.8,34.0
1785310942.2308555,923,33.9,32.9,33.8,33.2,32.8,33.5,33.2,33.7,33.2,33.0,33.3,33.3,33.2,32.7,33.2,33.0,33.1,32.7,33.4,33.1,33.4,33.3,32.9,33.1,33.2,32.4,33.3,33.3,33.4,33.2,33.1,33.5,33.5,33.4,33.9,33.2,33.6,33.2,33.1,33.6,32.9,33.0,33.2,33.0,32.8,33.2,32.7,33.2,32.5,33.2,33.1,33.0,32.9,33.0,33.2,33.4,33.0,33.2,33.1,33.5,33.1,33.1,33.2,33.4,33.8,33.1,33.2,33.7,33.3,34.3,33.4,34.2,33.3,32.8,32.9,32.9,33.3,32.6,33.0,33.0,33.0,32.7,32.7,32.9,33.2,32.9,32.9,32.8,33.2,33.2,33.0,32.9,33.3,33.0,33.3,33.1,33.0,33.1,33.1,32.9,33.3,33.2,34.1,33.7,33.6,33.7,33.2,33.2,32.6,32.8,32.9,33.1,32.9,32.8,33.1,33.0,33.0,33.3,32.8,33.1,33.1,33.2,33.1,33.4,32.6,33.3,32.7,33.4,33.0,33.4,33.4,33.2,34.2,33.6,35.0,34.9,34.9,34.0,33.5,33.3,33.5,33.2,33.3,33.2,33.4,33.1,32.9,33.2,33.0,32.7,33.2,32.9,33.2,32.7,33.2,33.1,33.3,32.7,33.0,33.6,33.1,33.1,33.4,34.0,33.9,35.3,34.7,34.8,34.2,34.2,33.5,33.5,32.9,33.2,33.0,33.3,33.0,33.1,32.9,33.4,33.1,33.2,33.3,33.0,32.8,32.9,33.0,33.2,33.0,33.2,33.3,32.9,34.0,33.1,33.7,34.0,34.5,34.0,34.6,34.9,34.9,34.1,34.8,34.3,34.1,33.1,33.6,33.9,33.5,33.2,33.1,33.3,33.6,32.8,33.2,33.2,33.5,33.1,33.5,33.2,33.3,33.1,33.6,33.3,33.0,33.7,33.2,34.1,33.5,34.4,34.6,34.7,34.7,34.9,34.7,35.1,34.0,33.6,33.6,33.7,33.5,33.2,33.5,33.2,32.9,33.3,33.1,33.2,32.9,33.6,33.0,33.1,32.9,33.5,33.3,33.4,33.9,33.5,34.6,34.4,34.7,34.5,34.5,34.8,34.7,34.6,34.8,35.2,33.8,33.8,33.5,33.6,33.8,33.4,33.3,33.5,33.5,33.2,33.1,33.2,33.7,33.1,33.4,33.5,33.9,33.2,33.7,33.3,33.6,34.2,34.5,35.4,34.8,34.6,34.2,34.4,34.3,34.4,34.6,34.8,34.0,33.7,33.2,33.7,33.5,33.5,33.5,33.4,32.9,33.3,33.4,33.7,33.4,34.1,33.7,34.1,33.0,33.6,33.6,33.1,34.1,33.8,35.3,35.4,35.3,34.6,34.1,34.5,34.7,34.4,34.8,35.1,34.0,33.4,33.4,33.7,33.8,33.2,33.5,33.2,33.5,33.3,33.7,33.8,34.0,33.9,34.8,35.0,33.6,33.3,33.2,33.3,33.7,34.1,34.6,35.4,34.5,34.1,33.5,34.1,34.2,34.3,34.8,34.7,33.7,33.4,33.7,33.7,33.4,33.7,33.4,33.3,33.3,33.6,33.6,34.0,33.8,33.7,34.4,34.3,33.3,33.5,33.4,33.6,34.2,33.6,35.3,35.1,35.2,34.2,34.0,34.3,34.1,33.7,33.9,33.9,33.8,33.2,33.7,33.5,34.0,33.4,33.8,33.9,34.0,33.5,34.0,33.9,33.6,33.5,33.6,33.7,33.8,33.1,33.4,33.3,33.5,34.1,34.8,35.4,34.5,34.9,34.2,33.9,33.8,33.8,34.0,33.9,33.1,33.3,33.4,33.8,33.4,34.1,33.6,33.8,33.4,34.1,34.0,33.6,33.1,33.5,33.3,33.2,33.3,32.9,33.2,33.6,34.0,33.6,34.5,35.3,34.9,35.0,34.7,34.6,33.7,33.7,33.3,33.8,33.3,33.0,33.3,33.5,33.9,33.8,33.8,33.8,33.9,33.3,33.4,33.8,33.4,33.1,33.1,33.3,33.4,33.1,33.4,33.7,33.2,33.8,34.1,33.9,34.5,34.2,34.8,34.8,33.5,33.8,33.7,33.5,32.9,33.3,33.1,33.5,33.3,34.1,33.5,33.8,33.6,33.9,33.7,33.9,33.3,33.3,33.2,33.6,33.1,33.5,33.6,33.7,33.8,33.2,33.7,34.0,33.9,33.3,34.2,34.7,33.9,33.5,33.4,33.6,33.6,33.2,33.6,33.3,33.8,33.4,33.8,34.0,34.1,33.2,33.6,33.4,33.8,33.0,33.3,33.5,33.6,33.4,33.4,33.5,33.2,33.5,33.6,33.5,33.5,33.3,33.9,33.9,33.6,33.8,33.7,33.7,33.1,nan,33.5,33.4,33.3,33.6,33.7,33.6,33.4,33.4,33.3,33.4,33.3,33.4,33.2,33.4,33.1,33.4,33.4,33.6,33.9,33.4,33.5,33.8,33.6,33.3,33.4,33.8,33.9,33.5,33.4,33.6,33.3,33.0,33.7,33.6,33.3,32.8,33.4,33.8,33.5,33.2,33.2,33.5,33.2,33.0,33.8,33.7,33.9,33.4,33.8,33.7,33.2,33.6,33.4,33.4,33.3,33.5,33.5,33.8,33.3,33.7,33.3,33.6,33.0,33.1,33.2,33.4,33.1,33.5,33.4,33.6,33.2,33.1,33.5,33.7,33.1,33.4,33.1,33.7,33.2,33.6,33.3,33.8,33.5,33.5,33.3,33.7,33.9,33.4,33.4,33.6,33.5,33.3,33.9,33.7,33.7,33.5,33.5,33.8,33.5,32.9,33.2,33.6,33.6,32.9,33.3,33.5,33.7,33.5,33.5,34.0,33.9,33.0,33.5,34.0,32.7,33.3,33.3,33.7,33.1,33.8,33.8,33.4,33.1,33.3,33.4,33.4,33.0,33.4,33.7,33.8,33.2,33.2,33.5,33.8,32.8,33.3,33.6,33.8,33.4,33.6,33.6,33.7,33.0,33.7,34.2,34.1,33.4,32.9,33.2,34.0,33.2,32.7,33.5,33.5,33.1,33.1,33.3,33.5,33.7,33.2,33.7,33.4,33.7,33.4,33.8,33.9,33.5,33.0,33.6,33.6,33.6,33.0,33.4,33.7,33.6,33.1,34.1,34.1,32.8,33.5,33.2,33.3,32.9,33.3,33.4,33.6,33.0,33.3,33.4,33.6,32.7,33.4,33.7,33.4,32.9,33.4,33.5,33.6,33.1,33.4,33.6,33.7,33.1,33.8,33.6,33.3,33.2,33.6,34.0,34.1
1785310944.7764525,924,33.3,33.2,33.5,33.0,33.7,32.9,33.4,33.3,33.0,33.0,33.1,32.9,33.0,32.9,33.0,33.4,33.1,32.9,33.2,33.3,33.4,32.9,32.9,33.1,33.2,33.1,33.0,33.3,33.4,33.0,33.4,33.5,33.7,33.4,33.1,33.4,33.0,32.9,33.1,33.4,32.7,33.4,33.0,33.2,32.8,33.2,33.3,33.0,33.0,32.8,32.7,33.2,32.9,32.8,33.0,33.4,33.0,32.8,33.1,33.5,33.1,32.6,32.9,33.4,33.6,33.3,33.0,33.7,33.5,33.1,33.4,33.4,33.3,33.0,32.9,33.3,32.8,32.8,32.8,32.8,33.0,32.7,32.8,32.9,33.2,32.9,33.1,33.2,33.2,33.0,32.8,33.3,33.1,32.8,33.3,33.6,33.0,33.4,32.9,33.6,32.7,33.4,33.7,33.1,33.4,32.9,33.3,33.2,32.6,32.8,32.9,33.0,33.0,33.0,33.0,33.0,32.8,33.3,32.8,33.4,32.8,32.8,33.1,33.4,32.8,33.3,33.0,33.4,33.2,33.0,33.6,33.4,34.6,33.8,33.9,34.5,33.5,34.0,33.1,33.8,32.9,33.2,33.1,33.3,33.2,32.9,33.1,33.2,33.3,33.4,33.2,33.3,32.9,33.0,33.0,33.5,33.5,33.1,33.2,32.9,32.9,33.6,33.0,34.0,33.5,34.7,34.5,33.7,34.4,33.4,33.8,33.5,33.2,33.2,33.4,33.4,33.0,32.9,33.2,33.4,32.9,33.2,33.1,33.3,33.1,33.3,33.0,33.4,33.0,33.0,33.1,33.1,34.0,33.3,34.8,34.2,34.1,34.3,35.1,34.9,34.8,34.6,34.5,34.7,33.7,33.2,33.7,33.9,33.5,33.5,33.6,33.7,33.3,32.9,33.2,33.4,33.3,33.1,33.1,33.5,33.8,32.9,33.2,33.5,33.3,33.7,34.4,34.7,33.7,34.2,34.8,34.5,34.9,34.7,34.8,34.8,33.7,33.3,33.6,33.8,33.2,33.4,33.3,33.2,33.4,33.0,33.6,33.4,33.0,33.3,33.5,33.3,33.5,33.1,33.3,33.0,34.1,33.9,35.2,35.4,34.7,34.3,34.6,34.6,34.9,34.0,34.7,34.8,33.6,33.3,33.5,33.6,33.6,33.4,33.4,33.3,33.4,33.0,33.6,33.4,33.8,33.6,33.5,33.8,33.3,33.4,33.7,33.3,33.8,34.0,35.3,35.3,34.6,34.4,34.4,34.5,34.3,34.7,34.7,34.8,33.5,33.4,33.2,33.4,33.2,33.2,33.2,33.4,32.9,33.2,33.8,33.8,33.8,34.3,34.6,34.5,33.4,33.2,33.4,33.7,33.7,34.2,35.1,35.2,34.9,34.2,34.1,34.9,34.7,34.2,34.5,34.4,33.8,33.2,33.8,33.8,33.7,33.4,33.5,33.4,33.4,33.5,33.5,33.8,33.7,33.8,34.5,34.3,33.6,33.3,33.6,32.9,33.9,34.1,34.6,35.0,33.9,34.1,34.4,34.1,34.2,34.3,34.3,34.3,33.6,33.6,33.2,33.9,33.6,33.7,33.7,33.4,33.1,33.7,33.9,34.0,33.4,34.0,33.7,33.8,33.1,33.5,33.4,33.5,33.8,33.6,33.7,34.1,34.1,34.1,33.8,34.3,33.9,33.7,33.5,33.9,33.8,32.9,34.1,33.7,34.0,33.5,33.6,33.7,34.0,33.5,34.1,33.6,33.5,33.5,33.4,33.5,33.2,32.9,33.4,33.5,33.3,33.9,33.6,34.2,33.1,34.1,34.6,34.3,33.8,33.8,33.8,33.8,33.4,33.9,33.3,35.1,33.4,33.9,33.6,33.7,33.4,33.6,33.7,33.5,33.3,33.3,33.3,33.7,33.1,33.1,33.2,33.4,33.6,33.2,33.5,33.7,34.0,33.6,34.3,35.0,34.2,33.7,34.3,33.5,34.6,33.0,34.3,33.4,34.0,33.7,33.9,34.0,33.6,33.5,33.6,33.3,33.6,33.1,33.4,33.6,33.2,32.9,33.3,33.5,33.4,33.8,33.5,33.5,33.2,33.8,34.8,35.1,33.5,34.6,33.5,34.5,33.3,33.9,33.4,33.6,33.6,33.9,33.6,34.0,33.4,33.8,33.2,33.6,33.3,33.5,33.3,33.8,33.1,33.1,33.2,33.9,33.6,32.9,33.7,33.6,33.3,33.5,34.1,34.3,34.2,33.0,33.9,33.4,33.6,33.0,33.3,33.3,33.5,33.2,33.8,34.1,33.8,33.5,33.6,33.4,33.6,33.0,33.4,33.4,33.4,33.4,33.6,33.3,33.2,33.3,33.4,33.7,33.2,33.7,33.9,34.2,33.5,33.7,33.3,33.5,33.3,nan,33.2,33.4,33.3,33.5,33.4,33.8,33.1,33.6,33.3,33.5,33.2,33.4,33.4,33.4,33.1,33.2,33.2,34.0,33.7,33.4,33.3,34.0,33.5,33.3,33.6,33.6,33.3,33.5,33.5,33.6,33.3,33.3,33.5,33.5,33.3,33.2,33.6,33.6,33.4,33.1,33.7,33.3,33.5,33.1,33.6,33.5,33.5,33.6,33.6,33.5,33.0,33.8,33.2,33.8,33.3,33.7,33.3,33.6,33.3,33.7,33.3,33.8,33.3,33.3,33.6,33.5,33.3,33.5,33.6,33.6,33.1,33.5,33.5,33.7,33.3,33.2,33.3,33.4,33.1,33.4,33.7,33.5,33.9,33.1,33.1,33.7,33.5,33.0,33.6,33.6,33.5,33.3,33.5,33.7,33.6,33.1,33.5,33.6,33.5,33.1,33.5,33.6,33.4,33.1,33.1,33.7,33.5,33.3,33.3,33.8,33.7,33.2,33.9,33.8,32.7,33.3,33.7,33.9,32.9,33.4,33.8,33.6,33.3,33.5,33.4,33.6,32.9,33.5,33.4,33.8,33.0,33.2,33.1,33.6,33.2,33.3,33.6,33.1,33.2,33.4,33.4,33.9,33.4,33.3,33.5,33.9,33.6,33.2,33.4,33.2,33.4,33.1,33.3,33.5,33.1,32.9,32.9,33.0,33.7,33.2,33.3,33.4,33.3,33.0,33.5,33.5,33.5,33.4,33.6,33.8,33.8,33.6,34.0,33.7,33.6,33.3,34.1,33.9,33.0,33.3,33.5,33.5,32.9,33.2,33.2,33.6,32.8,33.3,33.2,33.4,32.9,33.2,33.2,33.2,32.5,33.4,33.3,33.6,33.0,33.3,33.2,33.5,33.3,33.6,33.4,33.7,33.2,33.8,33.3,33.7
1785310947.3256269,925,33.1,33.2,33.3,33.2,32.8,33.1,33.4,33.1,33.2,33.0,33.1,33.3,32.7,32.9,33.0,33.4,32.7,33.1,33.0,33.5,33.0,33.3,33.3,32.9,33.0,33.5,33.3,33.3,33.4,33.4,33.4,33.8,33.7,32.9,33.4,32.9,33.4,33.0,33.3,33.2,33.3,32.8,33.0,33.0,32.8,33.2,32.9,33.0,33.0,32.9,33.3,33.2,32.9,32.6,33.2,33.0,33.2,32.8,33.4,33.5,33.7,32.7,33.2,33.7,33.3,33.1,33.2,33.3,32.6,33.3,33.2,33.7,32.9,33.2,32.9,33.3,32.8,33.0,33.0,33.4,32.9,33.1,32.5,33.1,32.9,32.9,33.1,33.0,32.8,33.3,33.0,33.3,33.5,33.2,32.9,33.6,33.5,32.9,33.3,33.1,32.9,33.0,33.5,33.3,34.0,33.7,33.5,33.2,32.9,32.6,33.1,33.2,33.2,33.0,33.3,33.0,33.3,33.0,33.2,33.1,33.2,32.8,33.1,33.4,33.2,32.9,33.0,33.2,33.0,33.5,33.6,33.7,33.4,33.6,33.9,34.5,34.6,35.1,34.4,34.0,33.0,33.4,33.3,33.4,33.4,33.4,33.1,33.4,32.8,33.4,33.2,33.3,33.1,33.4,33.2,33.5,33.1,33.3,32.8,33.4,33.4,33.1,33.9,33.4,33.9,33.6,34.7,34.6,34.7,34.9,34.9,34.4,33.4,33.2,33.6,33.8,33.1,33.0,33.2,33.3,33.4,33.1,33.4,33.2,33.1,33.4,33.6,33.4,33.4,32.8,33.4,32.9,33.4,33.6,33.5,34.0,33.6,34.5,34.8,34.9,34.8,35.1,35.0,35.3,33.6,33.7,33.3,33.6,33.5,33.7,33.1,33.3,33.1,33.1,32.8,33.5,33.5,33.3,33.3,33.4,33.3,33.1,33.2,33.3,33.7,33.3,34.0,33.7,34.4,34.4,34.7,34.9,35.1,34.7,35.2,35.1,33.7,33.3,33.3,33.5,33.2,33.4,33.0,33.2,33.4,33.0,33.4,33.6,33.6,33.1,33.6,33.3,33.3,33.5,33.5,33.4,33.9,34.8,35.0,35.4,34.7,34.3,34.1,34.8,34.2,34.5,35.0,35.5,34.0,33.7,33.6,33.8,33.5,33.7,33.3,33.5,33.1,33.5,33.8,34.1,33.9,34.4,34.3,34.0,33.3,33.4,33.1,33.8,34.5,34.2,35.5,35.7,34.7,33.7,34.5,34.4,34.6,34.6,34.9,35.3,33.7,33.4,33.5,33.6,33.2,33.1,33.2,33.4,33.2,33.1,34.0,34.0,34.0,34.3,34.6,34.3,33.2,33.6,33.4,33.7,34.1,34.6,35.1,35.4,34.2,34.4,33.5,34.5,34.1,34.7,34.3,34.8,34.0,33.5,33.6,34.0,33.5,33.9,33.3,33.5,33.4,33.6,33.7,34.0,33.7,33.9,34.0,33.8,33.1,33.5,33.4,33.7,34.1,34.3,35.2,34.4,34.5,33.6,34.2,33.9,34.5,33.9,34.1,34.2,33.4,33.4,33.7,33.7,33.8,33.4,33.5,33.6,33.6,33.6,33.8,34.0,33.4,33.2,33.4,33.5,33.5,33.1,33.5,33.0,33.8,34.2,34.9,34.7,33.9,34.2,34.2,34.0,33.7,33.8,33.6,33.9,33.3,33.4,33.5,33.9,33.5,33.8,33.6,33.9,33.5,33.7,33.8,34.0,33.2,33.1,33.2,33.3,33.6,33.6,33.6,33.4,33.7,33.5,34.6,35.0,34.4,34.1,34.2,34.3,33.6,33.3,33.3,33.5,33.1,33.0,33.4,33.6,33.8,33.6,33.9,33.8,33.6,33.4,33.5,33.6,33.8,33.2,33.5,33.4,33.5,33.1,33.5,33.8,33.4,34.0,34.1,34.1,34.9,35.0,34.7,34.7,33.7,33.8,33.5,33.5,33.3,33.5,33.2,33.7,33.4,34.0,34.0,34.0,33.6,33.5,33.3,33.3,33.4,33.4,33.4,33.8,33.4,33.3,33.6,33.6,33.4,33.4,33.5,33.7,34.1,34.2,34.6,34.4,33.3,33.5,33.2,33.5,33.6,33.0,33.4,33.5,33.8,33.6,33.8,33.8,33.6,33.2,33.4,33.6,33.6,33.1,33.7,33.6,33.5,33.3,33.6,33.7,33.8,33.6,33.6,34.0,33.4,33.5,33.8,33.8,33.4,33.5,33.4,33.6,33.5,33.3,33.3,33.5,33.3,33.5,33.6,33.7,33.5,33.3,33.6,33.2,33.2,33.4,33.4,33.7,33.0,33.4,33.6,33.3,33.2,33.3,33.4,33.3,33.7,33.1,33.7,33.5,33.5,33.3,33.3,33.4,33.3,nan,33.5,33.3,33.4,33.3,33.4,33.6,33.2,33.1,33.3,33.4,33.4,33.1,33.6,33.6,33.5,33.1,33.6,33.8,33.7,34.0,33.3,33.8,33.2,33.9,33.4,34.0,33.5,33.7,33.4,33.4,33.2,33.5,33.2,33.6,33.2,33.3,33.4,33.5,33.3,33.8,33.5,33.5,33.2,33.3,33.6,33.7,33.1,33.8,33.6,34.1,33.6,33.2,33.5,33.6,33.3,33.3,33.3,33.8,33.5,33.5,33.4,33.7,33.5,33.4,33.6,33.9,33.3,33.1,33.6,33.8,33.4,33.1,33.7,33.9,33.6,33.0,33.7,33.6,33.1,33.1,33.7,33.6,33.0,33.8,33.1,33.7,33.1,33.3,33.4,34.0,33.5,33.7,33.4,33.7,33.4,33.5,33.5,33.6,33.1,33.1,33.3,33.4,33.6,33.4,33.7,33.3,33.7,33.5,33.5,34.0,33.9,33.5,33.2,34.0,32.7,33.1,33.5,33.3,33.1,33.3,33.2,33.3,33.5,33.1,33.7,33.4,33.6,33.6,33.5,33.6,33.6,33.1,33.2,33.4,33.2,33.0,33.5,33.3,33.4,33.2,33.6,34.1,33.6,33.1,34.2,33.9,33.1,33.0,33.2,33.6,33.2,33.4,33.3,33.3,32.9,33.3,33.1,33.2,32.8,33.5,33.1,33.4,33.2,33.2,33.5,33.7,33.2,33.4,33.4,33.6,33.4,33.4,33.6,33.8,33.4,33.8,33.9,33.9,33.0,33.3,33.3,33.5,33.3,33.1,33.0,33.2,33.0,32.9,33.4,33.4,33.4,32.9,33.4,33.0,32.9,33.1,33.5,33.3,33.3,33.0,33.3,33.5,33.5,33.4,33.4,34.0,33.2,33.6,33.6,33.9
1785310949.8851328,926,33.3,32.7,33.5,33.2,33.0,32.4,33.0,33.1,33.2,32.8,33.1,33.3,33.0,32.7,33.0,32.6,32.7,32.9,32.8,32.9,33.2,32.9,32.9,33.3,33.2,32.9,33.3,33.3,33.6,33.0,33.1,33.3,33.2,33.1,33.1,33.2,33.4,33.2,32.8,33.0,32.9,33.0,33.0,33.0,32.8,33.2,32.7,32.8,32.8,32.8,32.9,33.2,33.1,33.0,32.8,33.2,33.0,33.2,32.7,33.5,32.8,33.1,33.4,33.7,33.6,33.1,33.0,33.0,33.3,32.9,33.2,33.0,33.3,33.2,32.7,33.1,32.8,32.6,33.0,32.7,32.7,32.7,33.0,32.9,33.0,32.7,33.1,32.8,33.0,32.7,33.0,33.1,33.3,33.0,33.1,33.3,32.5,33.4,33.1,33.1,32.9,33.2,33.3,33.9,34.0,33.7,33.3,33.0,32.9,33.1,32.7,33.1,33.0,33.0,33.1,32.8,33.0,33.0,32.8,32.9,33.0,33.2,32.9,33.2,32.6,33.1,33.0,33.4,33.0,33.2,33.1,33.9,33.4,34.0,34.6,34.7,35.1,34.4,33.5,32.9,33.3,33.2,33.1,33.2,32.7,33.2,32.9,33.2,33.0,32.8,33.4,33.1,33.2,33.0,33.0,33.3,33.1,33.3,32.8,33.2,33.1,33.6,33.2,33.1,33.5,33.9,34.1,34.6,34.9,34.8,34.3,33.7,33.9,33.6,33.4,33.5,33.0,32.9,32.9,33.3,33.3,33.1,32.9,33.2,33.1,33.4,33.0,33.4,33.2,33.2,33.1,32.9,33.6,33.3,33.7,33.8,34.3,34.3,34.9,35.1,34.9,34.8,34.8,34.2,33.4,33.4,33.3,33.6,33.3,33.2,33.4,33.3,33.3,32.9,33.0,33.4,33.3,33.0,33.1,33.2,33.3,33.1,33.4,33.1,33.3,33.3,33.8,33.9,34.2,34.6,34.5,35.0,35.0,35.0,34.8,34.3,33.5,33.3,33.2,33.7,33.4,33.2,33.2,33.2,33.2,33.1,33.1,33.4,33.4,33.4,33.4,33.3,33.1,33.5,33.3,33.4,34.3,34.4,35.4,35.6,34.3,34.3,34.6,34.8,34.5,34.6,35.0,34.7,33.5,33.5,33.2,33.4,33.3,33.2,33.1,33.1,33.1,33.0,33.9,33.9,34.5,34.6,33.9,33.5,33.1,33.0,33.3,32.9,34.5,34.8,35.3,35.3,34.1,33.9,34.2,34.7,34.5,34.4,34.4,34.9,33.4,33.5,33.5,33.5,33.2,33.4,33.2,33.4,33.2,33.4,33.8,34.3,34.4,34.8,33.7,33.8,33.4,33.0,33.2,33.7,34.5,35.2,35.1,35.0,33.8,34.1,33.7,34.3,34.1,34.2,34.3,34.0,33.3,33.5,33.6,33.7,33.8,33.7,33.3,33.5,33.2,34.0,33.9,33.4,33.7,33.9,33.4,33.7,33.2,33.4,33.2,32.9,34.9,34.7,34.6,34.8,34.1,33.9,34.0,34.2,34.0,33.9,33.6,33.9,33.1,33.4,33.7,33.9,33.6,33.4,33.4,33.4,33.9,33.9,33.3,33.8,33.3,33.6,33.0,33.6,33.1,33.1,33.1,33.1,34.9,34.4,34.3,34.1,34.3,33.9,33.8,33.8,33.6,33.1,33.2,33.6,33.2,33.2,33.7,33.8,33.8,33.5,33.4,34.0,33.8,33.7,33.4,33.3,33.4,32.9,33.4,33.3,33.4,33.3,33.2,33.1,33.9,34.1,34.0,34.2,34.2,34.3,33.9,34.1,33.3,33.2,33.1,33.2,33.1,33.3,33.4,33.8,33.3,33.8,33.4,33.9,33.4,33.4,33.2,33.4,33.3,33.0,33.0,33.4,32.9,33.1,32.9,33.6,33.6,34.0,34.1,34.7,34.7,34.5,34.3,34.0,33.5,33.1,33.4,33.5,33.2,33.2,33.3,33.5,33.9,33.5,33.6,33.7,33.6,33.2,33.4,33.3,33.2,32.7,33.4,33.1,33.2,33.1,33.3,33.3,33.6,33.6,33.7,33.9,34.3,34.2,33.9,34.1,33.3,33.8,33.4,33.4,33.3,33.3,33.2,33.5,33.8,33.9,33.5,34.1,33.4,33.6,33.3,33.6,33.3,33.5,33.5,33.4,33.1,33.3,33.6,33.3,33.8,33.4,33.7,33.6,33.3,33.5,33.6,33.8,33.3,33.0,33.1,33.4,33.3,33.3,33.5,33.5,33.2,33.4,33.6,33.3,33.4,33.2,33.4,33.2,33.4,33.0,33.4,33.4,33.8,33.4,33.1,33.1,33.4,33.3,33.2,33.7,33.5,33.3,33.4,33.7,33.5,33.2,33.2,33.3,33.5,nan,33.4,33.1,32.9,33.5,33.4,33.3,33.4,33.4,33.3,33.5,33.3,33.3,33.5,33.4,33.0,33.2,33.4,33.4,33.9,33.4,33.5,33.8,33.4,33.3,33.4,33.6,33.2,33.2,33.2,33.4,33.3,33.1,33.2,33.3,33.3,33.2,33.4,33.3,33.1,33.5,33.5,33.2,33.3,33.0,33.6,33.7,33.3,33.4,33.4,33.7,33.0,33.6,33.2,33.8,32.8,33.3,33.1,33.4,33.1,33.3,33.2,33.5,33.5,33.3,33.6,33.5,33.3,33.5,33.2,33.3,32.9,33.2,33.5,33.7,33.3,33.2,33.1,33.6,33.2,33.4,33.7,33.1,33.0,32.9,33.3,33.3,33.5,33.4,33.4,33.6,33.3,33.1,33.5,33.7,33.4,33.3,33.4,33.6,33.5,33.1,33.3,33.6,33.2,33.3,33.3,33.3,33.5,33.5,33.3,33.6,33.5,33.7,33.7,33.3,32.7,33.1,32.9,33.3,33.3,33.4,33.2,33.4,33.1,33.1,33.4,33.4,33.4,33.5,33.5,33.8,33.6,33.2,33.3,33.7,33.3,33.5,33.3,33.5,33.0,33.5,33.4,33.9,33.6,33.3,33.8,33.6,33.4,32.9,33.1,33.6,33.4,33.4,33.5,33.3,32.7,32.9,33.1,33.2,33.1,32.8,33.0,33.2,33.0,33.0,33.1,33.5,33.1,33.4,33.4,33.2,33.8,33.2,33.6,33.7,33.6,33.3,33.9,33.9,32.8,33.1,32.8,33.5,32.9,33.2,32.8,33.0,32.8,33.1,33.0,33.2,33.0,33.2,32.8,33.0,32.7,33.1,33.3,33.2,32.8,33.0,33.1,33.3,33.1,33.2,33.0,33.3,33.4,33.8,33.6,33.7
1785310952.5514865,927,33.1,32.9,33.8,33.2,33.1,33.1,33.4,33.3,33.0,33.2,33.1,32.9,33.1,32.9,33.0,33.4,33.3,33.1,33.2,33.1,33.1,32.9,33.1,33.1,32.8,32.5,33.3,33.8,32.9,33.0,33.1,33.3,32.7,32.9,33.2,33.4,33.0,33.0,32.9,33.4,32.7,32.8,32.8,33.2,33.0,32.7,32.9,33.4,32.7,32.9,33.1,33.2,32.9,32.6,33.0,33.2,33.0,33.2,32.7,33.3,33.1,33.1,32.7,32.9,33.1,33.1,33.5,33.3,32.8,33.1,33.0,33.1,32.9,32.6,32.9,33.3,32.8,32.3,32.7,32.9,32.9,32.9,32.5,32.7,33.1,32.9,32.9,33.0,33.0,32.7,32.8,33.3,33.3,33.0,33.3,33.8,33.0,32.4,33.1,33.1,33.1,33.0,33.1,33.7,33.1,32.8,33.0,33.4,32.8,33.0,32.7,33.2,33.2,33.0,33.3,33.4,33.2,32.8,32.8,32.9,33.2,32.8,32.7,33.2,32.8,32.9,33.0,33.4,32.5,33.0,33.1,33.4,33.4,33.6,35.0,35.3,34.4,33.7,33.0,33.3,32.8,32.9,32.9,33.0,33.0,32.7,33.1,33.0,33.0,32.9,33.2,33.3,33.1,33.0,33.0,33.1,33.3,32.9,33.3,33.2,33.1,32.9,33.0,33.8,33.9,34.2,34.9,35.0,34.7,34.3,33.1,33.7,33.2,33.4,33.2,33.0,33.1,33.1,32.9,33.4,32.9,32.7,33.1,33.2,32.8,33.1,32.9,33.4,32.8,32.8,32.7,33.4,34.0,33.3,33.7,34.4,34.3,34.4,35.5,35.3,35.1,35.0,33.8,33.5,33.3,33.2,33.4,33.9,33.0,33.0,33.1,33.5,33.1,33.1,33.2,33.4,33.1,33.2,33.3,32.8,33.1,32.9,33.2,32.9,33.3,33.1,34.2,34.5,34.2,34.4,35.0,34.9,35.1,34.7,34.2,33.5,33.3,33.0,33.8,33.7,32.8,32.9,33.0,33.2,33.4,33.3,33.4,33.8,33.2,33.1,33.4,33.3,33.1,33.1,33.1,33.0,34.6,34.4,34.6,35.0,34.4,34.2,34.6,34.8,34.9,35.0,34.0,33.9,33.3,33.0,33.3,33.8,33.3,33.0,33.1,33.3,33.3,33.3,34.3,34.1,34.5,34.4,33.2,33.5,33.0,33.0,33.3,33.1,34.7,35.3,35.1,34.6,34.3,33.9,34.5,34.7,34.8,34.9,34.4,33.8,33.2,33.5,33.7,33.6,33.4,32.9,33.2,33.4,33.2,33.7,33.8,34.2,34.6,33.8,33.5,33.8,33.2,33.1,33.0,33.3,35.2,35.0,35.3,34.6,33.8,34.3,34.3,34.5,34.4,34.7,33.9,33.6,33.5,33.7,33.6,33.7,33.4,33.2,33.5,33.5,33.7,33.5,33.2,33.5,33.7,33.4,33.1,33.4,33.4,33.3,33.2,33.1,35.1,34.5,34.8,34.6,33.8,33.6,34.0,34.1,33.9,33.9,33.8,33.7,33.3,33.6,33.5,33.8,33.5,33.1,33.2,33.9,33.4,33.3,33.4,33.4,33.3,33.3,33.4,33.6,33.5,32.8,33.1,33.2,34.0,34.6,34.7,34.3,34.3,33.7,33.8,33.8,33.4,33.3,33.6,33.4,33.3,32.9,33.8,33.9,33.7,33.2,33.6,33.7,33.4,33.4,33.1,33.3,33.2,33.0,33.1,33.3,33.4,33.1,33.2,33.5,33.9,33.7,34.4,34.6,34.0,33.8,33.9,33.8,33.3,33.2,33.1,33.4,32.8,33.3,33.6,34.0,33.3,33.8,33.6,33.6,33.4,32.9,33.0,33.6,33.1,33.0,33.1,33.2,33.1,33.0,33.3,33.4,33.6,34.0,33.9,34.9,34.7,34.1,33.8,34.0,33.4,33.4,33.5,33.6,33.3,33.0,33.7,33.9,33.7,33.7,33.6,33.7,33.3,33.2,33.4,33.3,33.4,32.9,33.3,33.1,32.9,33.1,33.2,33.3,33.4,33.6,33.9,34.1,34.6,34.2,33.9,33.8,32.8,33.2,33.4,33.6,33.3,33.1,33.1,33.8,33.6,33.5,33.5,33.7,33.1,33.2,33.2,33.4,33.3,32.8,33.3,33.4,33.1,32.8,33.4,33.3,33.2,33.2,33.8,34.0,33.9,33.5,33.6,33.6,33.4,33.2,33.1,33.1,33.3,33.3,33.5,33.5,33.2,33.4,33.5,33.7,33.3,33.2,33.4,33.1,33.2,33.2,33.4,33.4,33.4,33.2,33.4,32.9,33.4,32.9,33.4,33.7,33.5,33.3,33.4,33.4,33.1,33.0,33.3,33.5,33.1,nan,33.1,33.4,33.1,33.2,33.4,33.3,33.1,33.2,33.5,33.5,32.8,32.9,33.4,33.4,33.0,32.9,33.2,33.4,33.2,33.4,33.6,33.6,33.4,33.5,33.8,33.8,33.2,33.2,33.6,33.4,33.0,33.0,33.3,33.5,33.2,33.0,33.5,33.5,33.1,33.2,33.4,33.0,33.3,33.0,33.6,33.7,33.3,33.2,33.6,33.3,33.0,33.2,33.5,33.8,33.2,33.1,33.3,33.4,33.3,33.3,33.2,33.8,33.1,33.3,33.4,33.4,33.1,33.0,33.4,33.6,33.1,33.1,33.2,33.7,33.1,32.9,33.3,33.8,33.3,33.1,33.1,33.4,33.5,33.1,33.3,33.1,33.5,33.1,33.6,33.6,33.2,33.2,33.7,33.5,33.4,33.5,33.4,33.4,33.3,32.9,33.2,33.4,33.6,33.1,33.3,33.5,33.3,33.5,33.7,34.2,33.5,33.3,33.3,33.6,32.9,32.7,33.1,33.1,32.9,33.3,33.2,33.4,33.3,33.1,33.2,33.4,33.2,33.2,33.5,33.6,33.2,32.9,33.0,33.8,33.0,33.4,33.3,33.5,33.0,33.4,33.4,33.9,33.4,33.3,33.3,33.4,32.9,33.0,33.4,33.8,33.2,33.0,33.1,33.1,33.1,33.3,32.9,33.3,33.0,33.2,33.7,33.4,32.6,32.9,33.5,33.4,33.3,33.4,33.1,33.2,33.4,33.2,33.6,33.6,33.4,33.3,33.9,33.5,33.3,33.1,33.0,33.1,33.1,33.1,33.2,33.4,32.8,32.9,33.0,33.4,33.0,32.5,33.0,33.2,32.7,32.9,33.0,33.1,33.1,32.8,33.3,33.3,32.9,33.0,33.2,34.0,33.6,33.2,33.1,33.7
1785310955.6325126,928,351.4,32.6,356.2,32.9,359.3,33.2,360.4,33.8,361.5,33.9,362.9,34.2,362.7,33.5,363.3,32.8,363.8,32.4,363.1,32.6,361.6,32.2,361.8,32.6,360.0,32.6,358.0,32.3,355.3,31.9,352.5,31.9,32.0,356.5,33.1,358.5,33.1,360.8,33.4,361.4,33.8,362.0,34.2,363.3,34.2,363.1,32.8,362.4,32.6,362.8,32.6,361.9,32.3,361.7,32.5,360.2,32.1,358.6,32.2,355.9,32.3,354.4,32.1,348.6,353.9,33.2,358.2,33.9,359.7,33.4,361.9,33.4,362.9,33.5,363.9,33.9,364.1,34.0,364.4,32.8,364.8,32.6,364.2,32.8,363.3,32.3,362.0,32.5,361.7,32.4,359.7,32.2,357.3,32.3,355.0,32.5,32.7,358.1,33.7,360.2,33.9,361.6,33.6,362.7,33.5,363.1,34.1,364.3,34.1,364.2,32.6,363.6,32.4,363.7,32.7,363.2,32.7,362.9,32.2,361.6,32.5,360.0,32.0,358.7,32.5,356.2,31.9,350.9,355.8,33.4,359.5,34.8,361.9,33.5,362.8,33.4,364.1,33.2,364.6,34.4,365.3,34.1,364.8,32.6,364.8,32.6,364.7,32.4,363.9,32.4,363.0,32.7,361.8,32.4,360.8,33.2,358.5,32.6,356.4,32.6,32.8,358.1,33.8,360.0,33.6,361.9,33.1,362.5,33.4,363.8,33.9,364.7,34.0,364.6,32.9,363.8,33.0,364.3,32.6,363.6,32.5,363.6,32.5,362.3,32.3,361.7,33.1,358.9,32.9,357.4,32.4,352.4,356.6,33.0,360.2,33.3,361.3,33.5,362.3,33.2,364.0,33.1,365.0,34.1,364.8,32.8,364.6,32.5,364.6,32.8,365.0,32.9,363.4,32.5,363.4,32.6,362.4,32.9,361.7,33.1,358.9,33.4,357.4,32.6,32.3,358.6,32.9,360.1,32.8,362.2,33.3,362.9,33.4,364.0,33.6,364.2,32.8,364.6,32.4,364.0,33.0,364.6,32.8,363.8,32.4,363.7,32.8,362.7,33.0,361.3,32.5,359.7,33.4,358.2,32.6,353.7,357.1,32.4,360.3,32.5,361.6,33.3,362.5,33.9,363.4,33.9,364.7,32.9,364.1,32.3,364.6,32.5,364.8,32.9,364.5,32.6,364.2,32.7,363.0,33.0,363.3,32.6,362.0,32.5,359.3,32.5,357.6,32.2,32.3,358.5,32.2,359.8,32.5,362.3,33.7,362.9,33.9,363.9,32.7,363.8,32.2,364.4,32.1,364.0,32.8,364.4,32.8,363.7,32.6,363.0,33.0,361.9,32.8,361.4,32.5,359.5,32.4,358.3,32.3,354.1,358.0,32.2,359.1,32.4,362.3,33.1,363.4,33.7,363.5,33.1,364.3,32.4,364.2,32.5,364.1,32.6,364.9,32.8,364.3,33.0,363.6,32.7,363.3,32.7,363.1,32.5,361.4,32.6,358.6,32.4,357.4,32.4,32.3,358.3,32.3,359.7,32.4,361.9,32.9,362.8,32.6,363.4,32.2,363.3,32.2,364.0,32.3,363.6,32.7,364.2,32.8,363.7,32.7,362.6,32.5,362.3,32.1,360.9,32.6,359.4,32.5,358.2,32.2,353.9,355.2,32.9,358.3,32.8,359.9,32.0,361.6,32.8,362.5,32.5,363.2,32.7,363.2,32.5,363.5,32.3,363.5,32.5,363.8,33.1,362.7,32.5,361.7,32.5,361.9,32.5,360.4,32.5,358.6,32.1,357.1,32.4,31.9,357.5,32.2,359.0,32.3,361.2,32.7,361.7,32.4,362.8,32.5,362.7,32.2,362.9,32.4,362.3,32.2,362.7,32.5,363.1,32.5,362.3,32.3,360.9,32.3,360.5,32.3,358.8,32.3,358.1,32.2,353.5,353.7,32.3,358.2,32.5,358.8,32.4,360.8,32.8,362.1,32.5,362.1,32.6,362.4,32.6,362.8,32.6,362.8,32.5,362.1,32.3,362.8,32.4,361.0,32.5,361.2,32.3,359.6,32.5,358.0,32.5,356.5,32.6,31.6,355.2,32.2,358.1,32.2,360.4,32.4,360.7,32.2,361.9,32.3,361.9,32.5,362.0,32.2,361.7,32.1,361.9,32.4,361.1,32.3,361.3,32.4,360.0,32.5,359.7,32.0,357.9,32.5,357.2,32.7,351.5,352.9,32.0,356.0,31.9,358.3,32.1,359.3,32.5,361.0,32.3,360.7,32.5,358.3,32.4,362.1,32.6,362.9,32.3,361.8,32.2,362.0,32.1,360.1,32.3,359.8,32.2,358.7,32.2,356.3,32.2,354.9,32.6,32.0,355.0,31.7,356.7,31.8,358.1,32.0,359.4,32.2,359.7,32.4,360.5,32.1,nan,32.3,361.2,32.4,360.9,32.5,360.2,31.8,360.3,32.5,359.2,32.2,358.6,32.4,356.7,32.7,356.0,32.5,351.3,349.4,32.0,353.8,32.1,355.6,31.9,357.8,31.9,358.8,32.0,359.7,32.4,359.8,32.2,360.4,32.4,360.9,32.1,360.3,32.7,360.4,32.9,359.6,32.5,358.6,32.1,356.8,32.3,356.0,32.3,352.1,32.6,31.6,351.6,32.1,353.6,31.7,356.5,31.7,357.0,31.7,358.4,32.1,359.3,31.9,359.5,32.5,359.8,32.0,359.6,32.5,358.7,32.1,358.9,32.4,357.7,32.5,357.6,32.5,355.6,32.0,354.6,32.6,350.1,344.4,32.1,351.1,32.3,353.2,32.2,355.6,32.6,356.5,31.8,357.5,32.0,358.1,32.0,358.6,32.1,358.4,32.0,358.9,32.3,358.7,32.3,357.0,32.3,356.6,32.3,355.1,32.7,352.7,32.1,351.2,32.8,31.9,349.1,32.4,351.2,31.8,354.1,32.2,354.8,31.7,356.6,32.2,357.5,31.9,357.6,32.2,357.1,31.8,357.8,32.2,357.0,32.2,357.3,32.3,355.8,31.8,355.6,32.2,353.5,32.1,352.6,32.8,347.5,343.4,32.2,348.2,32.6,351.1,32.3,352.6,32.3,354.7,32.4,354.9,32.0,356.4,32.2,356.1,32.2,357.7,32.2,356.7,32.4,356.1,31.7,354.8,31.8,354.0,32.2,352.7,32.3,350.9,32.4,346.4,32.2,32.0,343.5,32.3,345.6,31.7,349.3,32.3,350.2,32.0,352.4,32.4,353.1,32.1,353.8,32.4,354.2,32.1,354.1,32.0,353.0,31.6,353.7,32.0,351.8,32.0,351.3,32.1,348.4,32.3,346.2,32.3,341.8
1785310958.1735756,929,34.7,34.0,34.7,34.0,34.1,34.0,34.5,33.5,33.8,33.8,33.6,33.7,34.0,33.4,33.5,33.8,33.0,33.1,33.4,33.6,33.4,33.3,33.4,33.9,33.4,33.7,33.7,33.7,33.4,33.4,33.9,34.0,35.0,34.4,34.1,34.4,33.8,33.8,33.9,33.6,33.7,33.7,33.7,33.9,33.5,33.5,33.4,33.9,33.2,33.4,33.4,33.6,33.1,33.1,33.4,33.8,33.5,33.6,33.3,33.7,33.7,33.5,33.6,34.4,34.8,34.8,35.0,34.2,34.5,33.7,34.0,33.8,33.7,33.4,33.6,33.8,33.7,33.5,33.9,33.4,33.5,33.2,33.3,33.4,33.6,33.2,33.6,33.5,33.6,33.4,33.4,33.5,33.5,33.2,33.5,34.0,34.7,34.3,34.4,35.4,33.7,33.8,33.9,33.7,33.6,33.3,33.3,33.5,33.4,33.3,33.2,33.5,33.0,33.2,33.6,33.9,33.5,33.5,33.9,33.6,33.9,33.3,33.3,33.8,33.4,33.7,33.6,34.3,34.6,34.6,34.7,34.1,34.2,33.6,33.7,33.7,33.1,33.7,33.5,33.8,33.6,33.3,33.6,33.2,33.5,33.0,33.8,33.7,34.2,34.2,34.2,33.8,33.7,33.4,33.9,33.5,33.5,33.3,33.9,33.8,34.5,34.5,33.6,34.2,33.5,33.7,33.6,33.8,33.3,33.1,33.6,33.3,33.7,33.4,33.4,33.9,33.4,33.7,34.0,34.1,34.9,34.0,34.1,34.9,33.6,34.3,33.6,33.9,33.6,33.2,33.6,33.8,34.2,34.2,33.7,34.2,33.5,33.8,33.6,33.3,33.4,33.4,33.4,33.6,33.4,33.5,33.7,33.9,33.8,34.4,34.3,35.3,35.1,35.2,35.2,34.4,35.0,33.8,34.7,33.9,34.0,33.4,33.8,34.0,33.9,34.1,34.0,33.9,33.3,33.6,33.6,33.6,33.5,33.1,33.7,33.9,33.6,33.3,34.0,34.5,34.8,34.1,34.9,34.8,35.5,34.6,35.1,35.4,34.2,34.6,33.9,34.2,33.9,34.1,33.9,34.0,34.1,33.9,34.2,33.8,33.4,33.4,33.6,33.8,33.5,33.5,34.2,33.7,34.1,33.8,33.9,34.7,34.2,35.1,35.2,35.4,35.4,35.2,35.4,35.1,35.0,33.9,34.8,34.2,34.2,34.1,34.1,34.2,33.8,34.0,33.7,34.0,33.5,33.0,33.8,33.6,33.6,33.7,33.7,34.6,34.0,34.5,34.9,34.6,34.9,34.2,35.2,35.1,35.6,35.3,35.4,35.5,34.1,34.6,34.0,34.6,34.1,34.0,33.8,34.3,34.1,33.8,33.9,33.8,33.4,33.5,33.5,33.8,33.9,34.4,34.6,35.2,35.2,34.8,35.0,34.9,34.9,34.8,34.9,35.3,35.4,35.5,35.5,34.6,34.8,33.9,34.5,33.9,34.1,34.2,34.0,34.1,33.9,33.6,33.8,33.8,33.2,33.4,33.7,33.9,34.8,33.7,35.6,34.6,35.1,35.1,34.9,35.1,34.7,34.6,34.8,35.0,35.1,35.2,34.9,35.5,34.2,34.8,34.0,34.5,34.0,33.7,34.2,34.1,33.8,34.0,33.7,33.9,33.7,33.5,33.6,34.1,33.7,35.0,34.2,35.7,34.9,34.6,35.1,34.9,34.6,34.6,34.6,35.6,35.1,35.6,35.4,34.9,35.0,34.3,34.7,34.0,34.3,33.8,34.1,33.9,33.9,33.7,33.8,33.6,33.6,33.6,34.0,33.7,34.6,33.6,35.4,34.2,34.5,34.6,34.5,34.9,34.5,34.4,35.2,34.7,35.6,34.8,35.3,35.2,34.3,35.3,34.0,34.6,33.8,34.0,33.4,34.6,33.8,33.8,33.5,33.7,33.8,33.7,33.6,34.1,33.9,34.1,33.9,34.9,34.0,34.4,34.4,34.3,34.3,34.8,34.6,35.8,34.6,35.2,35.1,34.6,34.9,34.1,34.3,34.2,34.3,33.6,34.3,34.3,33.8,33.8,33.5,33.9,33.9,33.4,33.7,33.9,33.8,33.6,34.3,34.2,34.5,33.9,34.2,34.3,34.4,34.7,34.9,34.9,35.3,34.7,34.5,34.9,34.1,34.6,34.2,34.7,34.0,34.0,34.6,34.7,33.6,33.3,33.5,34.2,33.7,33.7,33.8,34.0,33.5,34.0,33.6,34.1,34.1,34.3,34.4,34.3,34.4,34.8,34.8,35.4,34.6,34.6,34.8,34.2,34.6,34.1,34.5,34.4,33.9,34.3,34.6,34.3,33.8,33.7,33.8,33.9,33.5,33.3,33.9,33.9,34.0,33.5,33.8,33.8,34.1,nan,34.5,34.5,34.9,34.7,35.1,34.9,34.7,34.5,34.2,34.5,34.2,33.9,34.6,34.1,34.2,34.0,34.2,34.8,33.9,33.8,34.3,34.1,33.5,33.9,33.4,34.1,33.5,34.0,33.5,34.2,34.0,34.4,34.8,34.9,34.8,34.9,34.9,34.6,34.4,34.1,34.2,33.9,33.8,33.7,34.5,34.6,34.2,34.5,34.6,34.7,33.6,33.8,34.0,34.3,33.5,33.7,33.5,33.9,33.8,33.3,33.7,34.1,34.1,34.1,35.3,34.7,35.4,34.6,34.6,34.9,34.1,34.2,33.8,34.2,33.8,33.9,34.2,34.3,34.4,34.0,34.5,34.8,33.9,33.7,33.5,33.7,33.5,33.6,33.9,34.0,33.9,33.7,34.2,34.2,33.7,34.6,34.2,35.3,34.3,34.8,34.5,34.3,34.0,33.9,34.0,34.0,33.8,34.0,34.3,34.4,34.3,34.2,34.7,34.8,33.3,33.7,33.5,34.1,33.5,33.6,33.8,34.1,33.8,33.5,33.9,33.8,34.2,33.7,34.7,34.4,34.6,34.1,34.2,34.6,33.8,33.7,34.0,34.0,33.9,33.7,34.0,34.5,34.3,34.1,34.6,35.2,33.8,33.6,33.8,34.2,33.4,33.7,34.3,34.1,33.8,34.0,34.0,34.0,33.8,34.2,34.4,34.4,34.2,34.1,34.2,34.0,33.8,33.9,34.2,34.1,34.1,34.3,34.6,34.5,34.4,34.4,35.2,35.3,33.5,33.7,33.9,33.5,33.7,33.6,33.6,34.2,33.5,33.8,34.2,34.2,34.4,34.1,34.4,34.1,33.9,34.1,34.0,34.1,34.2,33.7,34.2,34.4,34.4,33.8,34.2,34.1,34.4,34.4,34.9,35.0
1785310960.7729914,930,35.2,34.0,34.0,34.2,34.6,34.2,34.2,34.3,34.1,34.2,34.2,35.2,34.9,35.4,35.0,36.2,35.7,34.7,35.2,34.4,33.9,34.2,34.0,34.3,33.8,33.7,33.9,34.2,34.3,33.9,34.1,34.5,34.2,34.1,34.8,34.1,33.6,33.8,34.5,34.4,34.3,34.1,34.9,34.7,35.3,35.0,35.8,35.3,35.3,35.5,34.5,34.6,34.2,34.2,34.3,34.2,33.9,33.8,34.2,34.1,33.9,33.7,34.4,34.4,34.3,34.3,34.6,34.9,34.3,34.3,34.5,34.8,34.4,34.7,34.7,35.6,35.1,35.3,35.6,36.0,35.4,34.9,35.4,34.4,34.2,33.9,34.4,34.4,34.5,33.8,34.2,34.1,34.1,34.1,34.2,34.7,34.0,33.6,34.4,34.2,33.9,34.2,34.9,35.0,34.7,34.6,35.1,34.8,35.7,34.8,35.6,35.5,35.4,35.9,34.7,34.9,34.2,34.2,34.4,33.9,34.2,34.1,34.3,34.5,34.0,33.7,34.1,34.5,33.9,34.1,34.2,34.9,34.3,35.7,35.4,36.2,35.4,34.7,34.7,35.3,34.9,35.7,35.4,35.8,36.0,34.9,35.3,34.4,34.1,33.8,34.1,34.3,34.3,33.9,34.1,34.2,33.9,34.1,34.1,34.3,33.8,33.8,34.7,34.4,35.5,34.7,36.2,35.5,34.9,35.0,35.0,34.8,35.4,34.9,36.0,35.7,35.2,35.9,34.5,34.6,33.9,34.2,34.1,34.2,34.0,33.8,34.2,34.3,33.6,34.0,34.0,34.0,34.0,33.7,34.3,34.8,34.5,35.6,35.8,35.1,35.4,34.2,34.9,35.0,34.8,35.5,35.5,36.0,36.0,34.7,35.1,34.4,34.2,33.7,34.1,34.2,33.8,33.8,34.6,34.3,33.8,34.2,34.4,34.6,34.1,33.9,34.6,34.3,34.6,34.4,35.3,35.4,34.5,34.8,35.0,35.1,34.8,34.9,35.9,35.9,34.5,35.7,34.4,34.5,34.0,33.9,34.0,34.2,33.7,33.9,34.1,34.2,34.1,34.1,34.1,34.2,33.9,33.9,34.3,34.6,34.1,34.3,34.6,34.8,34.7,34.6,34.8,34.8,34.9,35.4,35.2,35.3,35.3,34.1,34.5,34.6,34.4,34.3,34.4,34.7,34.3,33.9,34.0,34.5,33.9,33.9,34.7,34.6,33.8,34.2,34.1,34.5,34.1,34.1,34.3,34.5,34.4,34.7,34.9,34.8,35.1,34.8,35.0,35.7,34.3,34.5,34.1,34.5,34.0,34.3,34.4,34.5,34.1,34.1,34.5,34.3,34.1,34.1,34.6,34.3,33.5,34.0,34.3,34.0,34.1,34.2,33.9,34.7,34.2,34.8,34.6,35.7,34.9,34.6,35.2,34.1,34.9,33.8,34.1,34.0,34.0,33.9,34.8,34.4,34.5,34.3,34.3,34.8,34.3,34.5,34.7,34.9,34.1,33.8,34.2,33.8,33.7,33.9,34.3,34.0,35.1,34.7,35.4,35.3,34.7,35.1,34.1,34.8,33.7,34.2,33.8,34.0,34.0,33.9,34.4,34.6,33.9,34.3,34.4,34.5,34.5,34.0,35.2,34.9,34.4,34.0,33.9,34.5,34.1,33.9,34.1,35.0,34.4,35.4,35.3,35.3,35.1,33.8,34.6,34.3,34.1,33.8,33.9,34.0,34.0,34.3,34.2,34.7,34.4,34.1,34.5,34.9,34.7,34.5,34.9,34.7,33.7,34.1,34.2,34.2,33.4,33.9,34.4,34.1,35.1,34.8,35.1,35.6,33.9,34.7,34.0,33.9,33.4,33.8,34.0,33.9,33.9,34.0,34.3,34.5,34.3,34.5,34.9,34.6,34.3,34.4,34.2,35.0,34.2,34.2,34.1,34.1,33.8,34.1,34.1,34.8,34.3,34.5,34.6,34.3,34.6,34.1,34.3,34.1,33.7,33.8,34.1,34.1,33.9,34.3,34.4,34.8,34.4,34.4,34.7,34.5,34.1,34.0,34.7,34.7,34.0,34.0,34.0,33.9,33.5,33.6,34.3,34.6,34.1,34.3,33.8,34.7,33.7,34.1,33.9,33.9,33.7,33.9,34.1,34.1,33.9,33.9,34.5,34.5,34.1,34.5,34.2,34.8,33.8,34.2,34.6,34.5,34.0,34.0,34.1,34.7,33.7,34.0,34.3,34.3,34.0,33.8,34.4,34.2,34.2,34.0,34.1,34.3,33.9,33.8,33.9,34.1,34.1,34.1,34.4,34.6,34.7,34.1,34.7,34.6,34.3,33.7,34.7,34.9,33.6,33.9,33.8,34.1,33.7,33.8,34.0,34.0,34.0,34.1,34.0,34.3,34.1,nan,34.0,33.9,33.7,33.8,34.2,34.1,34.0,33.9,34.8,34.4,34.2,34.3,34.4,34.3,34.2,34.4,34.6,34.4,33.9,33.8,33.7,34.1,33.7,34.2,34.3,34.5,33.5,34.0,34.0,34.0,33.8,33.9,34.1,34.4,34.1,33.8,34.2,34.3,33.9,33.8,34.5,34.5,34.5,34.2,34.7,34.8,34.6,34.1,34.8,34.7,33.4,33.8,33.8,33.9,33.5,33.8,33.8,34.1,33.8,34.1,33.8,34.3,33.9,33.9,34.0,34.2,33.9,33.9,34.6,34.4,33.7,34.0,34.0,34.3,34.0,34.2,34.4,34.3,34.0,34.4,34.5,34.8,34.1,33.5,33.9,34.1,33.7,33.6,33.9,34.5,34.2,33.5,34.6,34.4,34.4,33.9,34.2,34.3,34.3,33.9,33.8,34.1,34.2,33.9,34.4,34.4,34.0,33.8,34.6,34.9,34.5,34.2,34.7,34.6,33.1,33.5,34.3,33.9,33.9,33.8,33.9,33.9,33.8,34.2,34.0,34.1,33.9,33.9,34.0,34.6,34.0,33.7,34.2,34.6,33.8,33.8,34.5,34.5,34.1,34.3,34.2,34.2,33.9,34.1,34.6,34.9,33.8,34.1,34.0,34.7,34.0,33.7,34.3,34.3,33.6,34.0,34.4,34.4,34.2,33.7,34.4,34.2,34.0,33.7,34.5,34.6,34.2,34.1,34.3,33.9,34.3,34.3,34.4,34.7,34.4,34.4,35.0,35.3,33.5,34.0,34.1,34.3,33.9,33.8,34.1,34.1,33.9,33.8,34.2,34.4,33.9,34.2,34.4,34.0,33.7,33.9,34.4,34.5,34.0,34.2,34.3,34.4,34.0,34.5,34.2,34.5,34.6,34.4,34.9,35.0
1785310963.2845042,931,35.4,34.8,34.7,34.9,34.8,34.4,34.4,34.3,34.7,34.6,35.1,35.4,36.3,36.1,36.1,35.8,33.9,34.1,34.1,34.0,34.1,34.2,34.0,34.0,34.4,34.0,34.1,34.4,34.7,34.1,34.3,34.5,35.0,34.6,35.0,35.0,34.3,34.4,34.1,35.0,35.0,35.8,35.2,35.8,35.8,36.0,36.1,35.7,34.4,34.4,34.5,34.6,34.4,34.2,33.9,34.3,34.1,33.9,34.1,34.3,34.1,34.4,34.1,34.9,34.7,34.5,34.8,35.1,34.5,34.7,34.9,35.0,35.3,35.2,35.9,36.1,36.1,36.1,35.6,36.0,34.4,34.4,34.5,34.4,34.5,34.6,34.7,34.2,34.5,34.0,34.0,34.3,34.3,34.5,34.6,34.5,34.7,35.0,34.4,35.1,34.7,34.6,34.8,35.4,35.3,35.3,35.8,36.1,36.0,36.0,35.6,35.2,34.7,34.5,34.3,34.5,34.5,34.6,34.8,34.3,34.4,34.4,34.0,34.5,34.4,34.1,34.1,34.3,34.8,34.6,35.3,35.7,36.3,36.3,35.5,35.6,35.2,35.1,35.7,35.6,36.1,36.3,35.9,35.6,34.4,34.3,34.2,34.0,34.4,34.7,34.2,34.5,34.0,34.2,34.2,34.4,34.4,34.5,34.7,34.5,34.9,35.1,35.6,36.2,36.4,36.2,35.6,35.5,35.0,35.3,35.7,35.8,36.5,36.1,35.8,35.2,34.6,34.4,34.5,34.5,34.6,34.3,34.3,34.1,34.5,34.3,34.3,34.4,34.2,34.3,34.6,34.6,35.1,35.1,35.1,36.0,36.3,36.0,34.9,34.9,35.0,35.1,35.4,35.6,36.2,36.1,35.8,36.0,34.5,34.2,34.1,34.3,34.7,34.2,34.4,34.2,34.3,34.1,34.3,34.2,34.5,34.2,34.6,34.4,34.8,34.5,35.0,35.6,36.0,35.6,35.3,35.0,35.0,35.0,35.3,36.0,36.2,36.1,35.7,35.2,34.3,34.3,34.4,34.6,34.3,34.2,34.2,34.2,34.2,34.2,34.2,34.2,34.2,34.6,34.5,35.0,34.7,34.5,34.7,35.0,34.5,34.5,35.1,35.3,35.0,35.1,35.6,35.6,36.1,36.0,34.5,34.7,34.5,34.6,34.5,34.7,34.5,34.4,34.2,34.4,34.3,34.0,34.2,34.5,34.4,34.1,34.6,34.7,34.9,34.8,34.7,34.7,34.2,34.7,35.0,35.0,34.9,35.0,35.3,36.0,35.9,35.2,34.6,34.6,34.1,34.3,34.4,34.9,34.5,34.6,34.4,34.3,34.6,34.4,34.3,34.6,34.5,34.5,34.5,35.3,34.3,34.4,34.6,34.6,34.3,34.4,35.2,35.5,35.1,35.3,35.6,35.8,34.7,34.4,34.2,34.1,34.4,34.3,34.4,34.8,34.6,34.6,34.8,34.4,34.6,34.9,34.8,34.9,35.0,34.9,35.1,35.0,34.7,34.4,34.3,34.7,34.2,34.6,35.4,35.5,35.4,35.8,35.7,34.9,34.5,34.1,33.9,34.3,34.2,34.3,34.4,34.6,34.5,34.6,34.5,34.6,34.6,34.6,34.7,34.9,35.1,35.2,35.0,35.3,34.6,34.4,34.4,34.8,34.6,34.4,35.6,35.8,35.6,35.5,34.1,34.5,34.4,34.1,34.1,34.0,34.3,34.1,34.8,34.8,34.7,34.3,34.9,34.7,34.8,34.6,35.0,35.1,35.0,35.0,34.7,34.5,34.5,34.4,34.4,34.6,34.3,34.4,35.2,35.9,35.4,35.0,34.2,34.4,34.0,33.9,34.2,34.0,33.9,34.2,34.2,34.8,34.8,34.6,34.6,34.6,34.7,34.6,34.9,34.9,35.0,34.7,34.8,34.5,34.6,34.6,34.4,34.3,34.6,34.4,34.9,35.3,34.6,34.5,34.4,34.2,34.2,34.4,34.4,34.3,34.1,34.1,34.5,34.4,34.5,34.9,34.9,34.7,34.5,34.4,34.4,34.3,34.3,34.3,34.5,34.7,34.4,34.3,34.2,34.4,34.1,34.3,34.8,34.5,34.3,34.4,34.3,34.3,34.2,33.9,34.3,34.0,34.0,34.2,34.3,35.0,34.5,34.7,34.3,34.5,34.6,34.6,34.4,34.6,34.5,34.4,34.6,34.8,34.2,34.4,34.5,34.7,34.4,34.2,34.4,34.3,34.1,34.2,34.0,34.1,34.4,34.4,34.4,34.6,34.5,34.4,34.7,34.4,35.2,34.8,34.9,34.7,34.7,34.4,34.8,34.6,34.6,34.1,34.5,34.9,34.2,34.2,34.0,34.4,34.6,34.3,34.2,34.5,34.5,34.3,34.1,33.8,34.2,nan,34.1,34.3,34.4,34.4,34.1,34.4,34.7,35.1,34.6,35.0,34.5,34.4,34.6,34.4,34.4,34.7,35.0,34.9,34.5,34.4,34.5,34.7,34.4,34.6,34.4,34.8,34.3,34.2,34.0,34.4,34.1,34.1,34.4,34.6,34.4,34.4,34.5,34.3,34.5,34.9,34.7,34.7,34.7,34.2,34.8,34.7,34.4,34.3,35.2,34.9,34.2,34.6,34.4,34.7,34.2,34.5,34.2,34.6,34.1,34.1,34.3,34.3,34.2,34.2,34.3,34.3,34.4,34.4,34.4,34.4,34.4,34.8,34.5,34.5,34.6,34.4,34.6,34.6,34.3,34.5,34.5,34.7,34.5,34.6,34.1,34.3,34.6,34.3,34.3,34.5,34.5,34.3,34.3,34.7,34.7,34.4,34.3,34.4,34.1,34.2,34.3,34.2,34.5,34.3,34.9,34.3,34.5,34.5,34.6,34.9,34.8,34.4,35.1,35.0,33.8,34.1,34.3,34.7,34.0,34.5,34.3,34.8,34.3,34.3,34.4,34.4,34.4,34.5,34.5,34.4,34.2,34.2,34.1,34.4,34.3,34.3,34.5,34.5,34.4,34.6,34.3,34.8,34.5,34.5,35.0,35.1,34.7,34.7,34.2,34.6,34.1,34.5,34.4,34.4,34.7,34.3,34.5,34.5,34.7,34.3,34.3,34.7,34.5,34.2,34.8,34.6,34.3,34.4,34.7,34.5,34.8,34.7,34.7,34.7,34.9,34.8,35.4,35.5,34.6,34.1,33.9,34.5,33.8,34.2,34.1,34.5,34.0,34.5,34.4,34.5,34.4,34.4,34.6,34.5,34.2,34.6,34.2,34.6,34.9,34.5,34.5,34.1,34.3,35.0,34.8,34.7,34.4,34.8,34.9,35.2
1785310965.82843,932,35.3,34.9,35.1,35.5,35.3,35.1,35.4,35.8,36.0,36.2,36.4,36.2,36.4,34.9,34.5,34.9,34.7,34.4,34.5,34.8,34.5,34.2,34.3,34.5,34.3,34.1,34.4,34.5,35.0,34.4,34.7,35.1,35.4,35.0,35.2,35.2,35.4,34.9,35.4,36.1,36.5,36.4,36.2,36.6,35.2,36.1,34.9,34.8,34.8,34.8,34.7,34.5,34.2,34.4,34.4,34.2,34.6,34.6,34.6,34.6,34.7,34.7,34.7,35.2,35.1,35.1,34.4,35.4,35.2,35.4,35.8,36.4,36.5,36.3,36.0,36.5,35.8,34.6,34.4,34.3,34.2,34.6,34.7,34.5,34.8,34.7,34.4,34.1,34.3,34.4,34.2,34.5,34.8,34.5,34.5,35.0,35.7,35.6,35.6,35.6,35.6,35.3,35.7,35.7,36.4,36.4,36.9,36.5,35.2,35.2,34.5,34.7,34.7,34.4,34.5,34.9,34.3,34.9,34.8,34.0,34.6,34.1,34.1,34.8,34.5,34.6,34.9,34.8,35.9,36.5,36.5,36.7,36.0,35.6,35.6,35.8,36.0,36.7,36.1,35.8,35.6,34.7,34.4,34.5,34.3,34.4,34.4,34.4,34.2,34.2,33.9,34.2,34.3,34.3,34.1,34.9,34.7,34.7,34.4,34.8,36.2,36.1,36.3,36.1,35.3,35.3,35.5,35.9,36.3,36.2,36.2,36.5,35.2,35.4,34.5,34.8,34.6,34.2,34.4,34.4,34.3,34.4,34.1,34.4,34.2,34.5,34.6,34.5,34.2,34.4,34.5,34.9,35.9,36.2,36.6,36.4,35.4,35.3,35.3,35.8,35.6,36.5,36.3,35.8,35.5,34.3,34.5,34.9,34.4,34.6,34.7,34.5,34.2,34.4,34.5,34.2,34.5,34.4,34.6,34.5,35.0,34.6,34.9,35.5,35.1,35.2,36.1,36.3,35.0,35.3,35.2,35.4,35.7,35.5,35.8,36.2,34.6,34.7,34.6,35.0,34.5,34.6,34.8,34.6,34.5,34.3,34.7,34.4,34.4,34.4,34.6,34.8,34.5,34.9,35.2,35.3,35.2,35.0,34.8,35.0,35.5,35.4,35.1,35.7,35.8,36.0,35.8,34.8,34.6,34.1,34.4,35.0,35.0,34.6,34.5,34.6,34.4,34.6,34.2,34.4,34.5,34.9,34.6,35.1,34.8,35.1,35.1,35.2,34.9,35.1,34.9,35.0,35.0,35.2,35.2,35.0,35.8,36.0,34.7,34.8,34.5,34.5,34.6,34.6,34.8,34.8,34.6,34.7,34.6,34.7,34.7,34.7,35.1,34.8,35.3,35.2,35.1,35.1,35.0,35.3,35.0,34.6,34.5,35.2,35.6,36.0,35.8,36.2,35.5,34.7,34.5,34.3,34.4,34.3,34.1,34.5,34.9,34.8,34.4,34.5,34.9,34.6,34.9,34.6,35.2,35.1,35.2,35.1,35.2,34.9,34.8,34.7,34.5,34.9,34.6,34.6,35.7,36.1,35.7,35.8,34.8,34.9,34.3,34.5,34.4,34.5,34.5,34.3,34.5,34.6,34.6,34.7,34.5,34.8,34.9,34.8,35.1,35.1,34.8,35.0,34.7,34.8,34.8,34.6,35.1,34.6,34.9,35.5,35.7,36.0,35.9,35.0,34.7,34.2,33.9,34.2,34.3,34.1,34.4,34.3,34.9,34.6,34.7,35.0,34.8,34.5,34.6,34.8,34.9,34.6,34.7,34.8,34.7,34.5,34.8,34.7,34.6,34.3,34.8,35.2,35.4,35.9,34.9,35.1,34.6,34.3,34.1,34.5,33.9,34.4,33.9,34.4,34.4,34.7,34.7,35.0,34.7,34.5,34.7,34.7,34.6,35.0,34.6,34.6,34.7,34.4,34.5,35.0,34.9,34.9,34.9,34.9,35.2,34.8,34.8,34.8,34.4,34.4,34.3,34.4,34.4,34.3,34.3,34.6,34.6,34.8,34.7,34.6,34.6,34.3,34.6,34.1,34.4,34.4,34.7,34.7,34.5,34.4,34.8,35.0,34.7,34.6,34.7,34.9,34.3,34.7,34.4,34.4,34.3,34.4,34.2,34.5,34.1,34.2,34.2,34.4,34.4,34.9,34.6,34.9,34.3,34.9,34.7,34.7,35.0,34.8,34.9,34.8,34.6,34.6,34.7,35.1,34.9,34.6,34.8,35.2,34.5,34.4,34.7,34.5,34.4,34.2,34.6,34.4,34.4,34.4,34.4,34.3,34.3,34.5,34.8,34.9,34.7,34.8,35.1,34.9,35.1,34.4,35.0,34.6,34.5,34.3,34.8,35.0,34.9,34.8,34.7,34.7,34.4,34.6,34.6,34.1,34.5,34.3,34.3,34.3,34.2,nan,34.3,34.2,34.2,34.2,34.7,34.9,34.8,34.9,34.5,34.7,34.4,34.6,34.4,34.5,34.3,34.4,35.3,34.8,35.0,34.7,34.8,34.8,34.7,34.6,34.5,34.7,34.4,34.4,34.6,34.2,34.3,34.3,34.3,34.5,34.8,34.0,34.6,34.5,34.4,34.5,34.4,34.4,34.4,34.4,34.7,34.6,34.6,34.5,35.1,35.0,34.5,34.9,34.9,35.0,35.0,34.4,34.4,34.5,34.2,34.5,34.2,34.5,34.4,34.2,34.7,34.4,34.2,34.6,34.7,34.4,34.9,34.5,34.3,34.7,34.2,34.6,34.6,34.8,34.8,34.8,35.0,34.8,34.6,34.2,34.4,34.7,35.1,34.4,34.7,34.7,34.8,34.5,34.6,34.9,34.4,34.6,34.6,34.6,34.5,34.1,34.2,34.6,34.4,34.5,34.8,34.7,34.4,34.7,35.1,34.8,35.5,34.5,35.0,34.9,34.5,34.4,34.6,35.0,34.7,35.0,34.7,34.7,34.3,34.9,34.7,34.5,34.4,34.5,34.4,34.8,34.4,34.6,34.2,34.6,34.2,34.5,34.5,34.7,34.3,34.6,34.4,35.0,34.8,34.7,35.1,35.2,35.2,34.8,34.5,34.9,34.6,34.6,34.9,34.9,34.6,34.6,34.7,34.9,34.6,34.6,34.4,34.9,34.2,34.1,34.7,34.8,34.8,34.4,34.7,34.7,34.9,34.7,35.2,34.9,34.6,35.0,35.0,35.6,34.4,34.7,34.6,34.6,34.1,34.6,34.4,34.6,34.3,34.7,34.6,34.8,34.4,34.6,34.3,34.6,34.3,34.6,34.8,34.6,34.6,34.6,34.5,34.6,35.0,34.7,35.0,34.9,34.8,34.9,35.2,35.3
